unit,order,target,type,records,speaks,share,named,spread,why
ch00,1,concept:랩쳐,concept,0,0,,7,142,이름
ch00,1,org:스쿼드_04-F,org,2,0,,1,2,기록
ch00,1,person:라피,person,3,23,18,2,85,기록+말함
ch00,1,person:마리안,person,4,75,57,5,20,기록+말함
ch00,1,person:아니스,person,3,33,25,2,119,기록+말함
ch01,2,concept:니케,concept,6,0,,20,186,기록+이름
ch01,2,concept:블랙스미스,concept,3,0,,8,3,기록+이름
ch01,2,concept:침식,concept,5,0,,9,21,기록+이름
ch01,2,org:스쿼드_04-F,org,2,0,,0,2,기록
ch01,2,org:엘리시온,org,2,0,,2,17,기록
ch01,2,org:중앙_정부,org,1,0,,6,67,이름
ch01,2,org:카운터스,org,5,0,,2,32,기록
ch01,2,person:네온,person,3,10,2,1,55,기록
ch01,2,person:라피,person,2,105,26,10,85,기록+말함
ch01,2,person:마리안,person,12,55,13,18,20,기록+말함
ch01,2,person:시프티,person,3,66,16,7,18,기록+말함
ch01,2,person:아니스,person,1,97,24,5,119,말함
ch01,2,person:엔더슨,person,5,54,13,5,32,기록+말함
ch01,2,person:잉그리드,person,4,22,5,2,37,기록
ch01,2,place:방주,place,5,0,,8,171,기록+이름
ch01,2,place:시뮬레이션_룸,place,1,0,,5,2,이름
ch01,2,place:지상,place,1,0,,7,132,이름
ch02,3,concept:그레이브_디거,concept,2,0,,1,1,기록
ch02,3,concept:니케,concept,4,0,,9,186,기록+이름
ch02,3,concept:랩쳐,concept,3,0,,15,142,기록+이름
ch02,3,org:3대_기업,org,2,0,,3,6,기록
ch02,3,org:워드리스,org,2,0,,2,3,기록
ch02,3,org:카운터스,org,4,0,,1,32,기록
ch02,3,person:네온,person,2,85,18,8,55,기록+말함
ch02,3,person:라피,person,4,88,19,10,85,기록+말함
ch02,3,person:미하라,person,3,13,3,9,14,기록
ch02,3,person:슈엔,person,5,68,15,10,30,기록+말함
ch02,3,person:시프티,person,1,48,10,3,18,말함
ch02,3,person:아니스,person,3,128,28,7,119,기록+말함
ch02,3,person:엔더슨,person,2,23,5,1,32,기록
ch02,3,person:유니,person,2,3,1,3,13,기록
ch02,3,place:방주,place,4,0,,5,171,기록+이름
ch02,3,place:전초기지,place,3,0,,4,13,기록
ch02,3,place:지상,place,4,0,,8,132,기록+이름
sub:칠리페퍼_00,4,person:아니스,person,0,10,14,0,119,말함
sub:칠리페퍼_00,4,person:칠리페퍼,person,3,55,74,3,3,기록+말함
sub:칠리페퍼_00,4,place:방주,place,2,0,,3,171,기록
sub:테트라_커넥트_00,5,concept:니케,concept,3,0,,7,186,기록+이름
sub:테트라_커넥트_00,5,org:테트라,org,0,0,,5,13,이름
sub:테트라_커넥트_00,5,org:테트라_커넥트,org,4,0,,5,3,기록+이름
sub:테트라_커넥트_00,5,person:네온,person,0,8,40,0,55,말함
sub:테트라_커넥트_00,5,person:아니스,person,0,9,45,0,119,말함
ch03,6,concept:니케,concept,1,0,,5,186,이름
ch03,6,concept:랩쳐,concept,2,0,,17,142,기록+이름
ch03,6,org:워드리스,org,6,0,,1,3,기록
ch03,6,person:라피,person,1,48,27,4,85,말함
ch03,6,person:미하라,person,6,73,42,10,14,기록+말함
ch03,6,person:슈엔,person,5,0,0,3,30,기록
ch03,6,person:아니스,person,0,20,11,0,119,말함
ch03,6,person:유니,person,4,19,11,9,13,기록+말함
ch03,6,person:토커티브,person,4,0,0,4,15,기록
sub:세르반_00,7,concept:로열,concept,2,0,,4,7,기록
sub:세르반_00,7,person:세르반,person,5,60,73,4,4,기록+말함
sub:세르반_00,7,person:아니스,person,0,11,13,0,119,말함
sub:세르반_00,7,place:방주,place,2,0,,0,171,기록
ch04,8,concept:기억_소거,concept,6,0,,7,9,기록+이름
ch04,8,concept:니케,concept,3,0,,19,186,기록+이름
ch04,8,concept:랩쳐,concept,2,0,,16,142,기록+이름
ch04,8,concept:침식,concept,2,0,,3,21,기록
ch04,8,concept:페어리_테일,concept,2,0,,1,7,기록
ch04,8,org:앱솔루트,org,3,0,,3,15,기록
ch04,8,org:테트라,org,2,0,,3,13,기록
ch04,8,org:필그림,org,4,0,,4,21,기록
ch04,8,person:라피,person,11,141,19,25,85,기록+말함
ch04,8,person:머스탱,person,5,38,5,5,27,기록
ch04,8,person:미하라,person,8,95,13,22,14,기록+말함
ch04,8,person:베스티,person,2,7,1,1,8,기록
ch04,8,person:슈엔,person,4,29,4,12,30,기록
ch04,8,person:아니스,person,6,148,19,15,119,기록+말함
ch04,8,person:에닉,person,4,18,2,1,22,기록
ch04,8,person:엔더슨,person,8,68,9,4,32,기록
ch04,8,person:엠마,person,3,14,2,2,10,기록
ch04,8,person:유니,person,6,56,7,42,13,기록
ch04,8,person:은화,person,4,24,3,3,9,기록
ch04,8,person:토커티브,person,11,26,3,20,15,기록
ch04,8,place:방주,place,3,0,,14,171,기록+이름
ch04,8,place:북부,place,1,0,,5,7,이름
ch04,8,place:지상,place,1,0,,12,132,이름
ch05,9,concept:니케,concept,1,0,,9,186,이름
ch05,9,concept:랩쳐,concept,0,0,,6,142,이름
ch05,9,org:언리미티드,org,4,0,,4,6,기록
ch05,9,org:필그림,org,5,0,,5,21,기록+이름
ch05,9,person:네온,person,0,57,14,3,55,말함
ch05,9,person:라피,person,2,78,19,13,85,기록+말함
ch05,9,person:루드밀라,person,7,128,31,4,11,기록+말함
ch05,9,person:아니스,person,2,64,16,8,119,기록+말함
ch05,9,person:앨리스,person,5,58,14,15,6,기록+말함
ch05,9,place:북부,place,4,0,,2,7,기록
sub:중앙_정부_공식__00,10,org:중앙_정부,org,4,0,,8,67,기록+이름
sub:중앙_정부_공식__00,10,person:아니스,person,0,5,42,0,119,말함
sub:중앙_정부_공식__00,10,person:제인_밀러,person,5,0,0,1,3,기록
ch06,11,concept:니케,concept,4,0,,9,186,기록+이름
ch06,11,concept:헬레틱,concept,2,0,,1,40,기록
ch06,11,org:언리미티드,org,3,0,,0,6,기록
ch06,11,org:필그림,org,7,0,,8,21,기록+이름
ch06,11,person:라피,person,0,38,12,4,85,말함
ch06,11,person:루드밀라,person,5,113,36,2,11,기록+말함
ch06,11,person:모더니아,person,2,9,3,1,6,기록
ch06,11,person:스노우_화이트,person,9,28,9,4,26,기록
ch06,11,person:앨리스,person,2,27,9,9,6,기록
ch06,11,person:퀸,person,3,0,0,2,20,기록
ch06,11,person:토커티브,person,9,51,16,8,15,기록+말함
ch06,11,place:방주,place,2,0,,4,171,기록
ch06,11,place:북부,place,3,0,,4,7,기록
ch06,11,place:지상,place,2,0,,2,132,기록
relic:어느남자의수기,12,concept:랩쳐,concept,3,0,,2,142,기록
sub:콜렉터_00,13,org:중앙_정부,org,2,0,,2,67,기록
sub:콜렉터_00,13,person:콜렉터,person,3,59,84,5,3,기록+말함
sub:콜렉터_00,13,place:방주,place,2,0,,5,171,기록+이름
sub:콜렉터_00,13,place:블랙넷,place,2,0,,1,6,기록
sub:콜렉터_00,13,place:아우터_림,place,5,0,,8,43,기록+이름
sub:콜렉터_01,14,concept:니케,concept,1,0,,8,186,이름
sub:콜렉터_01,14,org:중앙_정부,org,1,0,,6,67,이름
sub:콜렉터_01,14,person:아니스,person,0,21,15,3,119,말함
sub:콜렉터_01,14,person:콜렉터,person,3,96,70,6,3,기록+말함
sub:콜렉터_01,14,place:아우터_림,place,5,0,,7,43,기록+이름
sub:콜렉터_01,14,place:지상,place,0,0,,5,132,이름
relic:생존가이드1,15,concept:랩쳐,concept,2,0,,2,142,기록
relic:통화기록017515,16,concept:랩쳐,concept,2,0,,0,142,기록
relic:방주추첨권,17,item:방주_추첨권,item,3,0,,5,2,기록+이름
relic:방주추첨권,17,place:방주,place,1,0,,6,171,이름
sub:트레저_헌터_00,18,person:아니스,person,1,9,12,0,119,말함
sub:트레저_헌터_00,18,person:트레저_헌터,person,4,54,70,4,4,기록+말함
sub:트레저_헌터_00,18,place:지상,place,0,0,,5,132,이름
sub:트레저_헌터_01,19,concept:니케,concept,1,0,,5,186,이름
sub:트레저_헌터_01,19,org:자원_채집_부대,org,1,0,,5,5,이름
sub:트레저_헌터_01,19,person:라피,person,0,12,16,0,85,말함
sub:트레저_헌터_01,19,person:아니스,person,1,14,19,1,119,말함
sub:트레저_헌터_01,19,person:트레저_헌터,person,3,42,57,2,4,기록+말함
sub:트레저_헌터_02,20,concept:니케,concept,0,0,,7,186,이름
sub:트레저_헌터_02,20,org:자원_채집_부대,org,2,0,,4,5,기록
sub:트레저_헌터_02,20,person:라피,person,1,11,13,0,85,말함
sub:트레저_헌터_02,20,person:아니스,person,1,15,18,0,119,말함
sub:트레저_헌터_02,20,person:트레저_헌터,person,1,50,60,4,4,말함
sub:트레저_헌터_03,21,org:자원_채집_부대,org,3,0,,1,5,기록
sub:트레저_헌터_03,21,person:네온,person,0,9,10,0,55,말함
sub:트레저_헌터_03,21,person:트레저_헌터,person,4,65,73,4,4,기록+말함
sub:이례의_기록자_00,22,org:니푸르,org,3,0,,3,1,기록
sub:이례의_기록자_00,22,person:네온,person,0,9,11,0,55,말함
sub:이례의_기록자_00,22,person:아니스,person,0,9,11,1,119,말함
sub:이례의_기록자_00,22,person:이례의_기록자,person,2,57,69,3,1,기록+말함
sub:랩칠리언_00,23,concept:랩쳐,concept,2,0,,15,142,기록+이름
sub:랩칠리언_00,23,person:랩칠리언,person,4,63,77,5,11,기록+말함
sub:랩칠리언_00,23,place:지상,place,2,0,,4,132,기록
sub:랩칠리언_01,24,concept:랩쳐,concept,1,0,,15,142,이름
sub:랩칠리언_01,24,person:랩칠리언,person,2,60,79,4,11,기록+말함
sub:랩칠리언_02,25,concept:랩쳐,concept,2,0,,12,142,기록+이름
sub:랩칠리언_02,25,person:랩칠리언,person,0,63,94,4,11,말함
sub:랩칠리언_03,26,concept:랩쳐,concept,2,0,,13,142,기록+이름
sub:랩칠리언_03,26,person:랩칠리언,person,0,75,94,2,11,말함
sub:랩칠리언_04,27,concept:랩쳐,concept,3,0,,9,142,기록+이름
sub:랩칠리언_04,27,org:중앙_정부,org,2,0,,5,67,기록+이름
sub:랩칠리언_04,27,person:랩칠리언,person,3,91,87,3,11,기록+말함
sub:랩칠리언_04,27,person:시니스터,person,2,4,4,6,1,기록
sub:랩칠리언_05,28,concept:랩쳐,concept,1,0,,7,142,이름
sub:랩칠리언_05,28,org:미실리스,org,2,0,,1,32,기록
sub:랩칠리언_05,28,person:라피,person,0,10,11,0,85,말함
sub:랩칠리언_05,28,person:랩칠리언,person,2,2,2,5,11,기록
sub:랩칠리언_05,28,person:슈엔,person,5,60,67,4,30,기록+말함
sub:랩칠리언_05,28,person:아니스,person,0,11,12,0,119,말함
sub:랩칠리언_05,28,place:방주,place,2,0,,4,171,기록
sub:랩칠리언_06,29,concept:니케,concept,1,0,,5,186,이름
sub:랩칠리언_06,29,concept:랩쳐,concept,2,0,,11,142,기록+이름
sub:랩칠리언_06,29,concept:마더_웨일,concept,2,0,,5,6,기록+이름
sub:랩칠리언_06,29,person:D,person,2,7,7,0,9,기록
sub:랩칠리언_06,29,person:K,person,2,10,11,0,8,기록+말함
sub:랩칠리언_06,29,person:라피,person,0,10,11,0,85,말함
sub:랩칠리언_06,29,person:랩칠리언,person,6,46,48,8,11,기록+말함
sub:랩칠리언_06,29,person:아니스,person,0,13,14,0,119,말함
sub:할아범_00,30,person:라피,person,0,5,11,0,85,말함
sub:할아범_00,30,person:아니스,person,0,6,14,0,119,말함
sub:할아범_00,30,person:할아범,person,3,29,66,3,2,기록+말함
relic:갓데스스쿼드리포트,31,incident:아크_가디언_작전,incident,2,0,,1,7,기록
relic:갓데스스쿼드리포트,31,org:갓데스,org,6,0,,0,30,기록
sub:고스트_00,32,person:고스트,person,4,36,68,3,1,기록+말함
sub:고스트_00,32,person:라피,person,0,6,11,0,85,말함
sub:고스트_00,32,person:아니스,person,0,7,13,0,119,말함
sub:고스트_00,32,place:미들_시티,place,3,0,,12,1,기록+이름
sub:시리얼_00,33,person:시리얼,person,2,43,67,3,2,기록+말함
sub:시리얼_00,33,person:아니스,person,0,14,22,0,119,말함
sub:시리얼_01,34,org:중앙_정부,org,2,0,,2,67,기록
sub:시리얼_01,34,person:시리얼,person,3,49,78,2,2,기록+말함
sub:시리얼_01,34,place:갱생관,place,2,0,,2,7,기록
sub:산해진미_00,35,person:산해진미,person,2,44,59,3,2,기록+말함
sub:산해진미_00,35,person:아니스,person,0,17,23,0,119,말함
sub:산해진미_00,35,place:지상,place,1,0,,9,132,이름
sub:산해진미_01,36,org:A.C.P.U.,org,2,0,,2,9,기록
sub:산해진미_01,36,person:네온,person,0,13,15,0,55,말함
sub:산해진미_01,36,person:산해진미,person,1,59,69,3,2,말함
sub:산해진미_01,36,person:아니스,person,0,11,13,0,119,말함
sub:산해진미_01,36,place:지상,place,0,0,,5,132,이름
relic:니케실험대상자모집,37,org:3대_기업,org,3,0,,3,6,기록
relic:통화기록028594,38,org:미실리스,org,4,0,,3,32,기록
relic:통화기록028594,38,person:레이첼_호프,person,5,0,0,2,1,기록
sub:세르반_01,39,person:세르반,person,7,83,90,3,4,기록+말함
sub:저스틴_00,40,concept:니케,concept,2,0,,8,186,기록+이름
sub:저스틴_00,40,person:라피,person,0,6,10,0,85,말함
sub:저스틴_00,40,person:저스틴,person,2,47,80,2,1,기록+말함
sub:저스틴_00,40,place:리페어_센터,place,2,0,,6,5,기록+이름
sub:저스틴_00,40,place:아우터_림,place,2,0,,1,43,기록
relic:니케실험반대피켓,41,concept:니케,concept,2,0,,4,186,기록
relic:니케실험반대피켓,41,concept:양산형_니케,concept,2,0,,1,26,기록
relic:니케실험반대피켓,41,org:3대_기업,org,3,0,,2,6,기록
ch07,42,concept:니케,concept,0,0,,7,186,이름
ch07,42,concept:랩쳐,concept,0,0,,6,142,이름
ch07,42,concept:헬레틱,concept,2,0,,19,40,기록+이름
ch07,42,org:중앙_정부,org,3,0,,16,67,기록+이름
ch07,42,org:카운터스,org,4,0,,2,32,기록
ch07,42,org:필그림,org,4,0,,13,21,기록+이름
ch07,42,person:라피,person,1,49,13,1,85,말함
ch07,42,person:마리안,person,6,7,2,10,20,기록
ch07,42,person:모더니아,person,6,49,13,8,6,기록+말함
ch07,42,person:스노우_화이트,person,10,127,34,20,26,기록+말함
ch07,42,person:아니스,person,0,47,12,1,119,말함
ch07,42,person:엑시아,person,2,5,1,3,12,기록
ch07,42,person:토커티브,person,2,0,0,6,15,기록
ch07,42,place:방주,place,3,0,,9,171,기록+이름
ch07,42,place:지상,place,0,0,,7,132,이름
sub:중앙_정부_공식__01,43,org:중앙_정부,org,2,0,,6,67,기록+이름
sub:중앙_정부_공식__01,43,person:네온,person,0,5,22,0,55,말함
sub:중앙_정부_공식__01,43,person:라피,person,0,8,35,0,85,말함
sub:중앙_정부_공식__01,43,person:아니스,person,0,10,43,2,119,말함
sub:중앙_정부_공식__01,43,person:제인_밀러,person,3,0,0,1,3,기록
sub:중앙_정부_공식__01,43,place:지상,place,2,0,,3,132,기록
sub:세르반_02,44,concept:로열,concept,3,0,,1,7,기록
sub:세르반_02,44,person:세르반,person,4,45,75,2,4,기록+말함
sub:세르반_02,44,person:아니스,person,0,11,18,0,119,말함
sub:세르반_02,44,place:지상,place,0,0,,5,132,이름
sub:스페이드_00,45,concept:니케,concept,3,0,,10,186,기록+이름
sub:스페이드_00,45,concept:랩쳐,concept,0,0,,7,142,이름
sub:스페이드_00,45,person:네온,person,0,7,11,0,55,말함
sub:스페이드_00,45,person:스페이드,person,3,45,69,7,1,기록+말함
sub:스페이드_00,45,person:아니스,person,0,8,12,0,119,말함
sub:스페이드_00,45,place:지상,place,2,0,,2,132,기록
sub:러블리_드림_00,46,concept:니케,concept,1,0,,8,186,이름
sub:러블리_드림_00,46,person:러블리_드림☆,person,3,105,84,3,2,기록+말함
sub:러블리_드림_00,46,person:머스탱,person,2,0,0,3,27,기록
sub:러블리_드림_00,46,place:지상,place,0,0,,8,132,이름
sub:러블리_드림_01,47,person:라피,person,1,8,11,2,85,말함
sub:러블리_드림_01,47,person:러블리_드림☆,person,1,49,69,3,2,말함
sub:러블리_드림_01,47,person:아니스,person,0,10,14,2,119,말함
d_ex_elevator_01,49,concept:니케,concept,3,0,,8,186,기록+이름
d_ex_elevator_01,49,incident:갓데스_폴,incident,3,0,,1,2,기록
d_ex_elevator_01,49,person:네온,person,1,24,30,1,55,말함
d_ex_elevator_01,49,person:라피,person,0,21,27,1,85,말함
d_ex_elevator_01,49,person:아니스,person,0,34,43,3,119,말함
d_ex_elevator_01,49,place:방주,place,1,0,,9,171,이름
d_ex_elevator_01,49,place:지상,place,0,0,,5,132,이름
ch08,50,concept:니케,concept,2,0,,2,186,기록
ch08,50,org:카운터스,org,2,0,,1,32,기록
ch08,50,person:네온,person,0,50,16,11,55,말함
ch08,50,person:라피,person,2,31,10,4,85,기록+말함
ch08,50,person:슈엔,person,2,46,15,0,30,기록+말함
ch08,50,person:시프티,person,5,47,15,4,18,기록+말함
ch08,50,person:아니스,person,4,81,26,13,119,기록+말함
ch08,50,person:엑시아,person,3,52,17,1,12,기록+말함
sub:칠리페퍼_01,51,person:칠리페퍼,person,5,58,83,3,3,기록+말함
sub:칠리페퍼_01,51,place:전초기지,place,3,0,,5,13,기록+이름
sub:칠리페퍼_01,51,place:지상,place,0,0,,5,132,이름
sub:든_셀_00,52,concept:에블라_입자,concept,2,0,,2,9,기록
sub:든_셀_00,52,person:든?셀,person,0,7,10,2,1,말함
sub:든_셀_00,52,person:아니스,person,0,15,22,0,119,말함
sub:든_셀_00,52,person:엑시아,person,1,35,51,1,12,말함
sub:든_셀_00,52,person:제이드_한슨,person,2,0,0,1,1,기록
relic:UFO챈.zip,54,concept:랩쳐,concept,4,0,,4,142,기록
relic:UFO챈.zip,54,place:궤도_엘리베이터,place,2,0,,1,11,기록
ch09,55,concept:기억_소거,concept,0,0,,5,9,이름
ch09,55,concept:니케,concept,3,0,,7,186,기록+이름
ch09,55,concept:랩쳐,concept,0,0,,7,142,이름
ch09,55,concept:언체인드,concept,6,0,,13,25,기록+이름
ch09,55,concept:특수_별동대,concept,1,0,,6,5,이름
ch09,55,org:앱솔루트,org,2,0,,2,15,기록
ch09,55,org:중앙_정부,org,1,0,,36,67,이름
ch09,55,org:카운터스,org,2,0,,1,32,기록
ch09,55,org:트라이앵글,org,3,0,,3,7,기록
ch09,55,person:노벨,person,2,56,10,8,3,기록+말함
ch09,55,person:라피,person,6,88,16,7,85,기록+말함
ch09,55,person:슈엔,person,8,73,13,4,30,기록+말함
ch09,55,person:시프티,person,2,32,6,14,18,기록
ch09,55,person:아니스,person,0,69,13,3,119,말함
ch09,55,person:엑시아,person,7,89,16,32,12,기록+말함
ch09,55,person:엔더슨,person,2,30,5,3,32,기록
ch09,55,person:잉그리드,person,5,26,5,1,37,기록
ch09,55,person:프리바티,person,2,21,4,2,11,기록
ch09,55,place:방주,place,0,0,,10,171,이름
ch09,55,place:아우터_림,place,2,0,,2,43,기록
sub:테디_00,56,concept:니케,concept,2,0,,7,186,기록+이름
sub:테디_00,56,person:아니스,person,0,13,13,0,119,말함
sub:테디_00,56,person:테디,person,3,73,74,3,1,기록+말함
sub:테디_00,56,place:지상,place,0,0,,7,132,이름
sub:미실리스_연구팀_00,57,org:미실리스,org,2,0,,5,32,기록+이름
sub:미실리스_연구팀_00,57,person:네온,person,0,16,36,0,55,말함
sub:미실리스_연구팀_00,57,person:라피,person,0,6,14,0,85,말함
sub:미실리스_연구팀_00,57,person:볼트_MK.II,person,2,4,9,0,4,기록
sub:미실리스_연구팀_00,57,person:아니스,person,0,18,41,3,119,말함
sub:미실리스_연구팀_01,58,concept:니케,concept,3,0,,5,186,기록+이름
sub:미실리스_연구팀_01,58,concept:랩쳐,concept,1,0,,6,142,이름
sub:미실리스_연구팀_01,58,org:미실리스,org,4,0,,5,32,기록+이름
sub:미실리스_연구팀_01,58,person:네온,person,0,22,27,0,55,말함
sub:미실리스_연구팀_01,58,person:라피,person,1,22,27,1,85,말함
sub:미실리스_연구팀_01,58,person:볼트_MK.II,person,2,8,10,0,4,기록
sub:미실리스_연구팀_01,58,person:아니스,person,0,31,37,0,119,말함
sub:미실리스_연구팀_01,58,place:지상,place,0,0,,5,132,이름
sub:미실리스_연구팀_02,59,concept:랩쳐,concept,0,0,,6,142,이름
sub:미실리스_연구팀_02,59,person:리타,person,2,21,29,4,8,기록+말함
sub:미실리스_연구팀_02,59,person:볼트_MK.II,person,1,10,14,0,4,말함
sub:미실리스_연구팀_02,59,person:센티,person,2,14,19,2,4,기록+말함
sub:미실리스_연구팀_02,59,person:아니스,person,0,9,13,0,119,말함
sub:미실리스_연구팀_03,60,concept:랩쳐,concept,0,0,,7,142,이름
sub:미실리스_연구팀_03,60,person:리타,person,0,31,48,1,8,말함
sub:미실리스_연구팀_03,60,person:볼트_MK.II,person,3,0,0,0,4,기록
sub:미실리스_연구팀_03,60,person:아니스,person,0,13,20,0,119,말함
sub:미실리스_연구팀_03,60,place:지상,place,2,0,,3,132,기록
ch10,62,concept:헬레틱,concept,2,0,,8,40,기록+이름
ch10,62,org:메티스,org,4,0,,7,21,기록+이름
ch10,62,org:앱솔루트,org,6,0,,8,15,기록+이름
ch10,62,person:라피,person,4,38,11,11,85,기록+말함
ch10,62,person:베스티,person,1,41,12,5,8,말함
ch10,62,person:시프티,person,1,37,11,1,18,말함
ch10,62,person:아니스,person,0,65,19,8,119,말함
ch10,62,person:엠마,person,2,61,18,4,10,기록+말함
ch10,62,person:은화,person,1,76,22,13,9,말함
sub:코리_00,63,person:아니스,person,0,5,11,0,119,말함
sub:코리_00,63,person:코리,person,1,36,78,7,1,말함
sub:코리_00,63,place:방주,place,2,0,,1,171,기록
sub:롬_00,64,person:롬,person,4,39,70,6,4,기록+말함
sub:롬_00,64,person:아니스,person,0,8,14,1,119,말함
sub:롬_01,65,person:네온,person,0,16,21,0,55,말함
sub:롬_01,65,person:롬,person,3,36,47,9,4,기록+말함
sub:롬_01,65,person:아니스,person,0,17,22,1,119,말함
sub:롬_01,65,place:방주,place,0,0,,9,171,이름
sub:롬_01,65,place:제2의_방주,place,1,0,,7,3,이름
sub:롬_02,66,concept:니케,concept,0,0,,5,186,이름
sub:롬_02,66,concept:랩쳐,concept,0,0,,5,142,이름
sub:롬_02,66,person:네온,person,0,13,14,0,55,말함
sub:롬_02,66,person:롬,person,3,58,62,9,4,기록+말함
sub:롬_02,66,person:아니스,person,0,16,17,0,119,말함
sub:롬_02,66,place:방주,place,0,0,,5,171,이름
sub:롬_02,66,place:제2의_방주,place,0,0,,5,3,이름
relic:어느소녀의수기,67,concept:니케,concept,2,0,,2,186,기록
ch11,68,concept:니케,concept,1,0,,13,186,이름
ch11,68,concept:랩쳐,concept,3,0,,9,142,기록+이름
ch11,68,concept:헬레틱,concept,2,0,,12,40,기록+이름
ch11,68,org:메티스,org,5,0,,8,21,기록+이름
ch11,68,org:미실리스,org,2,0,,8,32,기록+이름
ch11,68,org:앱솔루트,org,2,0,,6,15,기록+이름
ch11,68,person:드레이크,person,2,27,8,0,16,기록
ch11,68,person:라플라스,person,5,69,22,6,13,기록+말함
ch11,68,person:라피,person,2,42,13,3,85,기록+말함
ch11,68,person:맥스웰,person,3,83,26,1,15,기록+말함
ch11,68,person:슈엔,person,4,14,4,5,30,기록
ch11,68,person:시프티,person,0,32,10,6,18,말함
ch11,68,person:잉그리드,person,3,17,5,1,37,기록
sub:음악_애호가_00,69,person:네온,person,0,9,13,0,55,말함
sub:음악_애호가_00,69,person:뮤직_마스터,person,1,12,17,0,1,말함
sub:음악_애호가_00,69,person:아니스,person,1,9,13,1,119,말함
sub:음악_애호가_00,69,person:율리아,person,2,6,8,5,4,기록
sub:음악_애호가_00,69,person:음악_애호가,person,0,35,49,3,2,말함
sub:음악_애호가_01,70,person:네온,person,0,6,12,1,55,말함
sub:음악_애호가_01,70,person:라피,person,0,6,12,1,85,말함
sub:음악_애호가_01,70,person:음악_애호가,person,0,36,69,2,2,말함
relic:기업-랩쳐음모론,71,concept:랩쳐,concept,2,0,,5,142,기록+이름
relic:기업-랩쳐음모론,71,org:미실리스,org,4,0,,3,32,기록
relic:기업-랩쳐음모론,71,place:방주,place,4,0,,4,171,기록
relic:구시대의플레이리스트,72,place:방주,place,3,0,,2,171,기록
ch12,73,concept:NIMPH,concept,2,0,,7,24,기록+이름
ch12,73,concept:기억_소거,concept,0,0,,5,9,이름
ch12,73,concept:니케,concept,5,0,,17,186,기록+이름
ch12,73,concept:랩쳐,concept,6,0,,15,142,기록+이름
ch12,73,concept:마테리얼_H,concept,2,0,,6,3,기록+이름
ch12,73,concept:언체인드,concept,2,0,,10,25,기록+이름
ch12,73,concept:침식,concept,3,0,,15,21,기록+이름
ch12,73,concept:헬레틱,concept,3,0,,18,40,기록+이름
ch12,73,org:메티스,org,10,0,,16,21,기록+이름
ch12,73,org:익스터너,org,3,0,,2,5,기록
ch12,73,person:길로틴,person,3,13,2,2,6,기록
ch12,73,person:드레이크,person,2,9,1,7,16,기록
ch12,73,person:라플라스,person,2,48,8,12,13,기록
ch12,73,person:라피,person,4,78,13,16,85,기록+말함
ch12,73,person:맥스웰,person,2,38,6,2,15,기록
ch12,73,person:메이든,person,2,8,1,1,6,기록
ch12,73,person:모더니아,person,2,0,0,6,6,기록
ch12,73,person:미하라,person,2,10,2,12,14,기록
ch12,73,person:슈엔,person,8,43,7,5,30,기록
ch12,73,person:엔더슨,person,2,45,7,3,32,기록
ch12,73,person:엠마,person,2,16,3,3,10,기록
ch12,73,person:유니,person,3,18,3,7,13,기록
ch12,73,person:잉그리드,person,5,61,10,2,37,기록
ch12,73,place:방주,place,2,0,,1,171,기록
sub:숲속요정_00,74,concept:NIMPH,concept,3,0,,5,24,기록+이름
sub:숲속요정_00,74,person:라피,person,0,11,14,0,85,말함
sub:숲속요정_00,74,person:숲속요정,person,3,50,63,2,1,기록+말함
sub:숲속요정_00,74,person:아니스,person,0,12,15,0,119,말함
relic:어느의사의수기,75,incident:랩쳐_침공,incident,2,0,,0,12,기록
relic:어느의사의수기,75,place:방주,place,2,0,,2,171,기록
ch13,76,concept:NIMPH,concept,2,0,,4,24,기록
ch13,76,concept:니케,concept,1,0,,10,186,이름
ch13,76,concept:랩쳐,concept,1,0,,16,142,이름
ch13,76,concept:언체인드,concept,2,0,,2,25,기록
ch13,76,concept:침식,concept,2,0,,5,21,기록+이름
ch13,76,concept:헬레틱,concept,1,0,,5,40,이름
ch13,76,org:앱솔루트,org,0,0,,7,15,이름
ch13,76,org:카운터스,org,4,0,,2,32,기록
ch13,76,person:라피,person,7,115,15,20,85,기록+말함
ch13,76,person:레드_후드,person,6,0,0,2,26,기록
ch13,76,person:마리안,person,16,28,4,35,20,기록
ch13,76,person:모더니아,person,6,95,13,18,6,기록+말함
ch13,76,person:슈가,person,3,32,4,2,10,기록
ch13,76,person:아니스,person,1,125,17,14,119,말함
ch13,76,person:엔더슨,person,4,48,6,2,32,기록
ch13,76,person:잉그리드,person,5,64,9,1,37,기록
ch13,76,person:토커티브,person,5,20,3,13,15,기록
ch13,76,place:방주,place,0,0,,6,171,이름
ch13,76,place:지상,place,0,0,,6,132,이름
sub:세르반_03,77,person:버닝엄,person,4,24,24,2,14,기록+말함
sub:세르반_03,77,person:세르반,person,6,68,67,3,4,기록+말함
sub:철도로GO_00,78,org:아크_익스프레스,org,2,0,,4,2,기록
sub:철도로GO_00,78,org:인피니티_레일,org,3,0,,3,5,기록
sub:철도로GO_00,78,person:철도로GO,person,1,68,85,2,1,말함
relic:여자친구의편지,79,incident:랩쳐_침공,incident,4,0,,0,12,기록
ch14,80,concept:니케,concept,1,0,,25,186,이름
ch14,80,concept:랩쳐,concept,3,0,,21,142,기록+이름
ch14,80,org:엔터_헤븐,org,3,0,,5,9,기록+이름
ch14,80,org:중앙_정부,org,3,0,,15,67,기록+이름
ch14,80,org:카운터스,org,2,0,,0,32,기록
ch14,80,org:트라이앵글,org,3,0,,6,7,기록+이름
ch14,80,org:필그림,org,2,0,,8,21,기록+이름
ch14,80,person:D,person,2,7,1,2,9,기록
ch14,80,person:K,person,3,25,3,4,8,기록
ch14,80,person:라피,person,1,124,16,12,85,말함
ch14,80,person:리안,person,2,11,1,1,2,기록
ch14,80,person:마리안,person,19,107,14,96,20,기록+말함
ch14,80,person:버닝엄,person,7,20,3,8,14,기록
ch14,80,person:스노우_화이트,person,3,20,3,3,26,기록
ch14,80,person:아니스,person,0,106,14,6,119,말함
ch14,80,person:애드미,person,2,15,2,1,4,기록
ch14,80,person:에닉,person,6,52,7,6,22,기록
ch14,80,person:엔더슨,person,5,58,8,9,32,기록
ch14,80,person:토커티브,person,2,0,0,6,15,기록
ch14,80,person:프리바티,person,3,77,10,6,11,기록+말함
ch14,80,place:방주,place,3,0,,21,171,기록+이름
ch14,80,place:전초기지,place,2,0,,3,13,기록
ch14,80,place:지상,place,0,0,,9,132,이름
sub:칠리페퍼_02,81,person:네온,person,0,10,11,0,55,말함
sub:칠리페퍼_02,81,person:아니스,person,0,11,13,0,119,말함
sub:칠리페퍼_02,81,person:칠리페퍼,person,2,60,68,3,3,기록+말함
sub:칠리페퍼_02,81,place:전초기지,place,2,0,,2,13,기록
sub:알콜러버_00,82,person:네온,person,0,6,12,0,55,말함
sub:알콜러버_00,82,person:아니스,person,0,11,22,0,119,말함
sub:알콜러버_00,82,person:알콜러버,person,1,30,61,2,1,말함
relic:기후변화보고서,83,incident:랩쳐_침공,incident,4,0,,0,12,기록
relic:인터넷BJ라이브방송녹화분,84,incident:랩쳐_침공,incident,2,0,,0,12,기록
ch15,85,concept:갓데시움,concept,2,0,,3,1,기록
ch15,85,concept:니케,concept,0,0,,13,186,이름
ch15,85,concept:랩쳐,concept,3,0,,14,142,기록+이름
ch15,85,concept:언체인드,concept,7,0,,29,25,기록+이름
ch15,85,concept:에블라_입자,concept,2,0,,1,9,기록
ch15,85,concept:침식,concept,0,0,,16,21,이름
ch15,85,org:달란트,org,3,0,,6,4,기록+이름
ch15,85,org:메티스,org,4,0,,11,21,기록+이름
ch15,85,org:미실리스,org,5,0,,14,32,기록+이름
ch15,85,org:카운터스,org,2,0,,4,32,기록
ch15,85,person:네온,person,0,67,14,3,55,말함
ch15,85,person:도라,person,2,64,14,5,4,기록+말함
ch15,85,person:라피,person,0,61,13,3,85,말함
ch15,85,person:루피,person,2,59,13,4,7,기록+말함
ch15,85,person:슈엔,person,9,67,14,18,30,기록+말함
ch15,85,person:스노우_화이트,person,2,0,0,3,26,기록
ch15,85,person:아니스,person,0,79,17,4,119,말함
ch15,85,person:얀,person,2,56,12,2,6,기록+말함
ch15,85,place:방주,place,1,0,,8,171,이름
ch15,85,place:전초기지,place,2,0,,3,13,기록
ch15,85,place:지상,place,0,0,,13,132,이름
relic:종말의서,86,concept:랩쳐,concept,2,0,,0,142,기록
relic:종말의서,86,incident:랩쳐_침공,incident,3,0,,0,12,기록
ch16,87,concept:NIMPH,concept,2,0,,7,24,기록+이름
ch16,87,concept:니케,concept,3,0,,28,186,기록+이름
ch16,87,concept:랩쳐,concept,1,0,,14,142,이름
ch16,87,concept:아웃로,concept,1,0,,12,5,이름
ch16,87,concept:언체인드,concept,2,0,,8,25,기록+이름
ch16,87,concept:침식,concept,0,0,,7,21,이름
ch16,87,org:미실리스,org,2,0,,7,32,기록+이름
ch16,87,org:엔터_헤븐,org,2,0,,2,9,기록
ch16,87,org:이그조틱,org,12,0,,10,14,기록+이름
ch16,87,org:카운터스,org,3,0,,3,32,기록
ch16,87,org:필그림,org,1,0,,7,21,이름
ch16,87,person:JohnD,person,4,0,0,9,2,기록
ch16,87,person:라피,person,1,64,11,2,85,말함
ch16,87,person:미하라,person,2,6,1,1,14,기록
ch16,87,person:바이퍼,person,8,69,11,9,11,기록+말함
ch16,87,person:슈엔,person,6,29,5,7,30,기록
ch16,87,person:아니스,person,1,102,17,5,119,말함
ch16,87,person:자칼,person,4,56,9,9,7,기록
ch16,87,person:크로우,person,17,201,33,12,9,기록+말함
ch16,87,place:방주,place,5,0,,18,171,기록+이름
ch16,87,place:아우터_림,place,3,0,,6,43,기록+이름
ch16,87,place:지상,place,0,0,,14,132,이름
sub:방주_난민_00,88,person:방주_난민,person,2,64,81,3,4,기록+말함
sub:방주_난민_00,88,person:아니스,person,0,11,14,0,119,말함
sub:방주_난민_00,88,place:방주,place,1,0,,6,171,이름
sub:방주_난민_00,88,place:지상,place,0,0,,7,132,이름
sub:방주_난민_01,89,person:방주_난민,person,2,70,90,2,4,기록+말함
sub:방주_난민_02,90,person:방주_난민,person,1,73,85,4,4,말함
sub:방주_난민_02,90,place:방주,place,1,0,,6,171,이름
sub:방주_난민_03,91,person:방주_난민,person,3,41,69,5,4,기록+말함
sub:방주_난민_03,91,person:아니스,person,0,9,15,0,119,말함
sub:방주_난민_03,91,place:방주,place,0,0,,7,171,이름
relic:장보기목록,92,incident:랩쳐_침공,incident,2,0,,0,12,기록
char:180,93,concept:니케,concept,3,0,,24,186,기록+이름
char:180,93,concept:랩쳐,concept,0,0,,9,142,이름
char:180,93,concept:침식,concept,2,0,,5,21,기록+이름
char:180,93,org:익스터너,org,2,0,,1,5,기록
char:180,93,person:길로틴,person,13,361,91,16,6,기록+말함
char:180,93,person:잉그리드,person,3,0,0,8,37,기록
char:180,93,place:방주,place,3,0,,5,171,기록+이름
char:11,94,concept:니케,concept,1,0,,5,186,이름
char:11,94,org:엘리시온,org,2,0,,1,17,기록
char:11,94,person:네온,person,5,277,54,20,55,기록+말함
char:11,94,person:밀크,person,2,39,8,5,10,기록
char:11,94,person:잉그리드,person,1,64,12,8,37,말함
char:11,94,place:지상,place,0,0,,5,132,이름
char:212,95,concept:니케,concept,0,0,,18,186,이름
char:212,95,person:노벨,person,2,247,60,20,3,기록+말함
char:212,95,person:엑시아,person,0,71,17,19,12,말함
char:212,95,person:엠마,person,0,42,10,19,10,말함
char:232,96,concept:니케,concept,1,0,,17,186,이름
char:232,96,concept:랩쳐,concept,1,0,,12,142,이름
char:232,96,concept:블랙스미스,concept,0,0,,5,3,이름
char:232,96,org:언리미티드,org,1,0,,5,6,이름
char:232,96,org:필그림,org,3,0,,9,21,기록+이름
char:232,96,person:노아,person,12,333,94,27,9,기록+말함
char:232,96,person:맥스웰,person,2,0,0,1,15,기록
char:232,96,place:에덴,place,3,0,,3,25,기록
char:232,96,place:지상,place,0,0,,9,132,이름
char:430,97,person:노이즈,person,7,340,87,41,5,기록+말함
char:430,97,place:로열_로드,place,1,0,,5,7,이름
char:20,98,org:중앙_정부,org,0,0,,12,67,이름
char:20,98,person:델타,person,11,269,79,34,4,기록+말함
char:20,98,place:방주,place,1,0,,9,171,이름
char:20,98,place:아우터_림,place,3,0,,14,43,기록+이름
char:202,99,concept:니케,concept,1,0,,18,186,이름
char:202,99,org:엔터_헤븐,org,3,0,,2,9,기록
char:202,99,person:도라,person,12,265,79,42,4,기록+말함
char:202,99,person:시프티,person,1,69,21,2,18,말함
char:202,99,place:방주,place,0,0,,9,171,이름
char:202,99,place:블랙넷,place,3,0,,16,6,기록+이름
char:202,99,place:아우터_림,place,3,0,,4,43,기록
char:101,100,concept:니케,concept,1,0,,7,186,이름
char:101,100,concept:퍼펙트,concept,1,0,,5,16,이름
char:101,100,org:메티스,org,1,0,,20,21,이름
char:101,100,org:빌런_연합,org,2,0,,17,5,기록+이름
char:101,100,org:엔터_헤븐,org,1,0,,9,9,이름
char:101,100,person:드레이크,person,6,295,84,64,16,기록+말함
char:101,100,place:방주,place,2,0,,18,171,기록+이름
char:72,101,concept:퍼펙트,concept,0,0,,9,16,이름
char:72,101,incident:AFX_열차_테러,incident,5,0,,5,3,기록+이름
char:72,101,org:아크_익스프레스,org,3,0,,4,2,기록
char:72,101,org:인피니티_레일,org,3,0,,2,5,기록
char:72,101,person:디젤,person,11,277,77,42,7,기록+말함
char:72,101,person:브리드,person,3,30,8,15,5,기록
char:72,101,person:솔린,person,3,16,4,5,9,기록
char:72,101,person:엔더슨,person,2,5,1,7,32,기록
char:72,101,place:로열_로드,place,0,0,,8,7,이름
char:221,102,concept:NIMPH,concept,4,0,,5,24,기록+이름
char:221,102,concept:니케,concept,2,0,,12,186,기록+이름
char:221,102,concept:랩쳐,concept,2,0,,18,142,기록+이름
char:221,102,org:갓데스,org,2,0,,1,30,기록
char:221,102,org:필그림,org,3,0,,1,21,기록
char:221,102,person:라푼젤,person,16,340,95,28,18,기록+말함
char:10,103,concept:니케,concept,5,0,,31,186,기록+이름
char:10,103,concept:이레귤러,concept,2,0,,4,3,기록
char:10,103,org:중앙_정부,org,4,0,,16,67,기록+이름
char:10,103,person:라피,person,4,309,94,12,85,기록+말함
char:10,103,person:아니스,person,2,14,4,3,119,기록
char:10,103,place:방주,place,3,0,,7,171,기록+이름
char:10,103,place:지상,place,0,0,,6,132,이름
char:190,104,concept:니케,concept,1,0,,8,186,이름
char:190,104,concept:로열,concept,3,0,,11,7,기록+이름
char:190,104,person:루드밀라,person,9,342,85,30,11,기록+말함
char:190,104,person:엔더슨,person,2,32,8,1,32,기록
char:190,104,place:방주,place,0,0,,7,171,이름
char:200,105,concept:니케,concept,1,0,,8,186,이름
char:200,105,person:루피,person,7,251,87,77,7,기록+말함
char:200,105,place:로열_로드,place,2,0,,12,7,기록+이름
char:200,105,place:방주,place,1,0,,6,171,이름
char:82,106,concept:니케,concept,1,0,,8,186,이름
char:82,106,person:리타,person,7,291,56,36,8,기록+말함
char:82,106,person:센티,person,2,8,2,4,4,기록
char:82,106,person:아니스,person,3,131,25,36,119,기록+말함
char:82,106,place:지상,place,0,0,,5,132,이름
char:102,107,concept:니케,concept,2,0,,20,186,기록+이름
char:102,107,org:미실리스,org,1,0,,10,32,이름
char:102,107,person:맥스웰,person,12,390,94,29,15,기록+말함
char:102,107,person:슈엔,person,4,23,6,12,30,기록
char:130,108,person:머스탱,person,3,13,3,3,27,기록
char:130,108,person:메어리,person,19,305,79,40,9,기록+말함
char:130,108,person:페퍼,person,6,67,17,16,3,기록+말함
char:181,109,concept:니케,concept,0,0,,15,186,이름
char:181,109,concept:양산형_니케,concept,2,0,,8,26,기록+이름
char:181,109,concept:이레귤러,concept,2,0,,6,3,기록+이름
char:181,109,person:메이든,person,10,302,85,35,6,기록+말함
char:181,109,person:잉그리드,person,2,33,9,1,37,기록
char:32,110,concept:니케,concept,0,0,,5,186,이름
char:32,110,org:A.C.P.U.,org,3,0,,13,9,기록+이름
char:32,110,person:미란다,person,12,269,69,48,8,기록+말함
char:32,110,person:폴리,person,3,120,31,27,10,기록+말함
char:61,111,concept:퍼펙트,concept,0,0,,7,16,이름
char:61,111,person:미카,person,10,286,64,43,6,기록+말함
char:61,111,person:벨로타,person,5,105,24,85,6,기록+말함
char:61,111,place:전초기지,place,0,0,,5,13,이름
char:161,112,person:미하라,person,4,225,55,29,14,기록+말함
char:141,113,concept:니케,concept,0,0,,13,186,이름
char:141,113,person:밀크,person,4,301,76,27,10,기록+말함
char:141,113,person:슈가,person,0,41,10,3,10,말함
char:141,113,place:언더_아레나,place,2,0,,4,2,기록
char:91,114,concept:니케,concept,1,0,,7,186,이름
char:91,114,concept:랩쳐,concept,0,0,,5,142,이름
char:91,114,org:앱솔루트,org,1,0,,5,15,이름
char:91,114,person:베스티,person,8,283,77,42,8,기록+말함
char:60,115,concept:퍼펙트,concept,0,0,,10,16,이름
char:60,115,person:미카,person,1,33,11,4,6,말함
char:60,115,person:벨로타,person,5,232,78,56,6,기록+말함
char:431,116,person:볼륨,person,7,205,86,70,3,기록+말함
char:431,116,place:방주,place,0,0,,5,171,이름
char:70,117,concept:니케,concept,0,0,,5,186,이름
char:70,117,person:디젤,person,1,52,14,13,7,말함
char:70,117,person:브리드,person,9,279,75,65,5,기록+말함
char:70,117,person:솔린,person,0,39,11,7,9,말함
char:80,118,org:달란트,org,1,0,,6,4,이름
char:80,118,person:센티,person,6,258,82,16,4,기록+말함
char:80,118,person:얀,person,1,33,11,4,6,말함
char:80,118,place:방주,place,1,0,,10,171,이름
char:71,119,concept:니케,concept,1,0,,11,186,이름
char:71,119,person:솔린,person,10,439,98,30,9,기록+말함
char:140,120,concept:니케,concept,1,0,,24,186,이름
char:140,120,concept:양산형_니케,concept,2,0,,28,26,기록+이름
char:140,120,org:카페_스위티,org,1,0,,7,4,이름
char:140,120,person:슈가,person,5,277,78,29,10,기록+말함
char:140,120,place:아우터_림,place,4,0,,11,43,기록+이름
char:140,120,place:지상,place,0,0,,6,132,이름
char:220,121,concept:랩쳐,concept,2,0,,35,142,기록+이름
char:220,121,person:스노우_화이트,person,6,325,96,44,26,기록+말함
char:220,121,place:지상,place,0,0,,11,132,이름
char:22,122,concept:니케,concept,1,0,,17,186,이름
char:22,122,person:시그널,person,7,299,69,48,2,기록+말함
char:12,123,concept:니케,concept,1,0,,6,186,이름
char:12,123,concept:로열,concept,1,0,,16,7,이름
char:12,123,concept:아웃로,concept,2,0,,4,5,기록
char:12,123,concept:인식_칩,concept,3,0,,22,2,기록+이름
char:12,123,concept:포멀,concept,1,0,,7,1,이름
char:12,123,org:3대_기업,org,2,0,,4,6,기록
char:12,123,org:중앙_정부,org,3,0,,14,67,기록+이름
char:12,123,person:아니스,person,6,400,92,18,119,기록+말함
char:12,123,place:갱생관,place,2,0,,2,7,기록
char:12,123,place:방주,place,4,0,,44,171,기록+이름
char:12,123,place:아우터_림,place,3,0,,10,43,기록+이름
char:12,123,place:지상,place,0,0,,15,132,이름
char:432,124,concept:니케,concept,1,0,,5,186,이름
char:432,124,person:아니스,person,0,49,15,1,119,말함
char:432,124,person:아리아,person,7,262,78,27,1,기록+말함
char:172,125,concept:니케,concept,0,0,,5,186,이름
char:172,125,concept:퍼펙트,concept,0,0,,7,16,이름
char:172,125,person:애드미,person,9,270,81,55,4,기록+말함
char:172,125,person:율하,person,2,32,10,5,7,기록
char:172,125,place:로열_로드,place,0,0,,6,7,이름
char:191,126,concept:니케,concept,2,0,,6,186,기록+이름
char:191,126,person:루드밀라,person,0,30,12,0,11,말함
char:191,126,person:앨리스,person,9,204,78,67,6,기록+말함
char:191,126,place:방주,place,2,0,,34,171,기록+이름
char:201,127,concept:크레디트,concept,2,0,,18,4,기록+이름
char:201,127,person:아니스,person,0,60,16,0,119,말함
char:201,127,person:얀,person,5,183,49,23,6,기록+말함
char:201,127,place:로열_로드,place,2,0,,5,7,기록+이름
char:291,128,concept:니케,concept,2,0,,33,186,기록+이름
char:291,128,concept:양산형_니케,concept,2,0,,6,26,기록+이름
char:291,128,org:M.M.R.,org,4,0,,4,12,기록
char:291,128,person:에테르,person,8,381,98,47,12,기록+말함
char:291,128,place:방주,place,1,0,,5,171,이름
char:291,128,place:지상,place,1,0,,8,132,이름
char:241,129,incident:피사_돔_폭발_사고,incident,2,0,,1,1,기록
char:241,129,org:라이프_토닉,org,3,0,,1,2,기록
char:241,129,org:테트라,org,1,0,,5,13,이름
char:241,129,person:루마니,person,1,34,12,1,3,말함
char:241,129,person:에피넬,person,8,226,77,53,1,기록+말함
char:241,129,place:리페어_센터,place,1,0,,5,5,이름
char:210,130,person:엑시아,person,5,263,79,26,12,기록+말함
char:90,131,concept:니케,concept,0,0,,6,186,이름
char:90,131,org:카운터스,org,2,0,,2,32,기록
char:90,131,person:슈엔,person,2,0,0,4,30,기록
char:90,131,person:엠마,person,4,244,76,8,10,기록+말함
char:90,131,place:지상,place,0,0,,8,132,이름
char:160,132,person:네온,person,0,59,15,3,55,말함
char:160,132,person:미하라,person,1,60,15,8,14,말함
char:160,132,person:아니스,person,0,87,22,11,119,말함
char:160,132,person:유니,person,3,168,43,69,13,기록+말함
char:160,132,place:방주,place,0,0,,5,171,이름
char:150,133,concept:니케,concept,0,0,,6,186,이름
char:150,133,person:율리아,person,9,265,76,31,4,기록+말함
char:150,133,place:전초기지,place,0,0,,5,13,이름
char:150,133,place:지상,place,0,0,,10,132,이름
char:171,134,org:중앙_정부,org,1,0,,6,67,이름
char:171,134,org:트라이앵글,org,1,0,,7,7,이름
char:171,134,person:율하,person,7,253,71,49,7,기록+말함
char:171,134,person:파피용,person,1,36,10,3,9,말함
char:92,135,concept:니케,concept,0,0,,16,186,이름
char:92,135,concept:랩쳐,concept,1,0,,20,142,이름
char:92,135,concept:로드_급,concept,1,0,,11,3,이름
char:92,135,concept:지상_탈환,concept,2,0,,5,9,기록+이름
char:92,135,org:앱솔루트,org,1,0,,5,15,이름
char:92,135,org:엘리시온,org,2,0,,8,17,기록+이름
char:92,135,person:은화,person,8,330,65,41,9,기록+말함
char:92,135,person:잉그리드,person,2,70,14,5,37,기록+말함
char:92,135,place:방주,place,0,0,,7,171,이름
char:92,135,place:사관학교,place,1,0,,7,3,이름
char:92,135,place:엘리시온_타워,place,1,0,,6,1,이름
char:92,135,place:지상,place,0,0,,14,132,이름
char:231,136,concept:니케,concept,0,0,,6,186,이름
char:231,136,org:카운터스,org,2,0,,7,32,기록+이름
char:231,136,person:이사벨,person,9,297,92,29,11,기록+말함
char:110,137,concept:니케,concept,3,0,,26,186,기록+이름
char:110,137,concept:아웃로,concept,6,0,,34,5,기록+이름
char:110,137,incident:데일리_아크_신문사_테러_사건,incident,2,0,,5,1,기록+이름
char:110,137,org:데일리_아크,org,2,0,,5,2,기록+이름
char:110,137,org:이그조틱,org,2,0,,0,14,기록
char:110,137,org:중앙_정부,org,1,0,,8,67,이름
char:110,137,person:에닉,person,2,15,4,9,22,기록
char:110,137,person:크로우,person,9,328,93,8,9,기록+말함
char:110,137,place:갱생관,place,3,0,,13,7,기록+이름
char:110,137,place:방주,place,0,0,,15,171,이름
char:110,137,place:아우터_림,place,4,0,,8,43,기록+이름
char:131,138,concept:퍼펙트,concept,1,0,,5,16,이름
char:131,138,person:메어리,person,1,51,18,9,9,말함
char:131,138,person:페퍼,person,6,229,80,55,3,기록+말함
char:30,139,concept:니케,concept,2,0,,16,186,기록+이름
char:30,139,org:A.C.P.U.,org,2,0,,3,9,기록
char:30,139,org:엘리시온,org,3,0,,10,17,기록+이름
char:30,139,person:잉그리드,person,4,51,10,16,37,기록+말함
char:30,139,person:폴리,person,10,365,73,52,10,기록+말함
char:242,140,person:폴크방,person,6,266,78,52,3,기록+말함
char:170,141,concept:니케,concept,2,0,,31,186,기록+이름
char:170,141,org:중앙_정부,org,1,0,,20,67,이름
char:170,141,org:트라이앵글,org,2,0,,4,7,기록
char:170,141,person:율하,person,3,42,9,15,7,기록
char:170,141,person:프리바티,person,7,268,60,31,11,기록+말함
char:170,141,place:전초기지,place,2,0,,15,13,기록+이름
char:142,142,concept:니케,concept,1,0,,5,186,이름
char:142,142,concept:사고_전환,concept,1,0,,8,8,이름
char:142,142,person:메어리,person,1,52,12,0,9,말함
char:142,142,person:밀크,person,0,99,22,11,10,말함
char:142,142,person:슈가,person,0,60,13,10,10,말함
char:142,142,person:프림,person,4,211,47,46,7,기록+말함
char:230,143,concept:랩쳐,concept,1,0,,13,142,이름
char:230,143,person:하란,person,11,322,100,35,9,기록+말함
char:230,143,place:방주,place,3,0,,4,171,기록
char:230,143,place:지상,place,0,0,,7,132,이름
char:222,144,concept:니케,concept,2,0,,5,186,기록+이름
char:222,144,concept:랩쳐,concept,3,0,,29,142,기록+이름
char:222,144,org:필그림,org,1,0,,10,21,이름
char:222,144,person:홍련,person,14,387,81,34,18,기록+말함
char:222,144,place:지상,place,0,0,,20,132,이름
char:120,145,person:N102,person,3,289,88,3,1,기록+말함
char:120,145,person:앤,person,9,0,0,64,3,기록
event_nocallerid,146,concept:랩쳐,concept,2,0,,21,142,기록+이름
event_nocallerid,146,incident:랩쳐_침공,incident,2,0,,1,12,기록
event_nocallerid,146,org:중앙_정부,org,2,0,,6,67,기록+이름
event_nocallerid,146,person:네온,person,0,65,20,5,55,말함
event_nocallerid,146,person:라피,person,1,115,35,6,85,말함
event_nocallerid,146,person:아니스,person,0,112,34,4,119,말함
event_nocallerid,146,person:엔더슨,person,2,37,11,1,32,기록+말함
event_nocallerid,146,place:방주,place,2,0,,13,171,기록+이름
event_nocallerid,146,place:지상,place,0,0,,18,132,이름
event_nocallerid,146,place:해피_판타지_랜드,place,2,0,,2,1,기록
char:352,147,concept:랩쳐,concept,0,0,,8,142,이름
char:352,147,concept:타일런트_급,concept,0,0,,10,12,이름
char:352,147,org:이지스,org,5,0,,14,4,기록+이름
char:352,147,person:마스트,person,5,49,11,14,9,기록+말함
char:352,147,person:버닝엄,person,2,25,5,5,14,기록
char:352,147,person:앵커,person,4,31,7,12,5,기록
char:352,147,person:헬름,person,10,322,71,31,7,기록+말함
char:352,147,place:방주,place,0,0,,10,171,이름
char:352,147,place:어드마이어_호,place,6,0,,78,9,기록+이름
char:352,147,place:지상,place,0,0,,8,132,이름
ch17,148,concept:NIMPH,concept,3,0,,22,24,기록+이름
ch17,148,concept:기억_소거,concept,2,0,,9,9,기록+이름
ch17,148,concept:니케,concept,0,0,,36,186,이름
ch17,148,concept:랩쳐,concept,1,0,,22,142,이름
ch17,148,concept:사고_전환,concept,2,0,,3,8,기록
ch17,148,concept:언체인드,concept,6,0,,27,25,기록+이름
ch17,148,concept:헬레틱,concept,1,0,,6,40,이름
ch17,148,incident:랩쳐_침공,incident,2,0,,5,12,기록+이름
ch17,148,org:갓데스,org,11,0,,8,30,기록+이름
ch17,148,org:메티스,org,4,0,,30,21,기록+이름
ch17,148,org:미실리스,org,2,0,,8,32,기록+이름
ch17,148,org:카운터스,org,3,0,,3,32,기록
ch17,148,org:파이오니아,org,3,0,,2,4,기록
ch17,148,person:라푼젤,person,10,220,24,18,18,기록+말함
ch17,148,person:라피,person,3,79,9,11,85,기록
ch17,148,person:레드_후드,person,3,0,0,6,26,기록
ch17,148,person:마리안,person,2,3,0,8,20,기록
ch17,148,person:슈엔,person,4,148,16,23,30,기록+말함
ch17,148,person:스노우_화이트,person,11,97,11,16,26,기록+말함
ch17,148,person:아니스,person,0,128,14,16,119,말함
ch17,148,person:엔더슨,person,2,0,0,16,32,기록
ch17,148,person:유니,person,2,21,2,12,13,기록
ch17,148,person:홍련,person,5,84,9,3,18,기록
ch17,148,place:방주,place,4,0,,38,171,기록+이름
ch17,148,place:지상,place,0,0,,12,132,이름
sub:제니퍼f_00,149,org:방주_아동_보호_센터,org,4,0,,1,2,기록
sub:제니퍼f_00,149,person:아니스,person,0,13,21,0,119,말함
sub:제니퍼f_00,149,person:제니퍼f!,person,2,41,65,2,1,기록+말함
sub:제니퍼f_00,149,place:지상,place,0,0,,7,132,이름
relic:모바일_보이스피싱_광고_모음.zip,150,incident:랩쳐_침공,incident,2,0,,0,12,기록
relic:니케제작보고서요약본,151,concept:니케,concept,2,0,,0,186,기록
ch18,152,concept:NIMPH,concept,2,0,,23,24,기록+이름
ch18,152,concept:니케,concept,0,0,,30,186,이름
ch18,152,concept:랩쳐,concept,0,0,,42,142,이름
ch18,152,concept:스톰_브링어,concept,2,0,,2,3,기록
ch18,152,concept:언체인드,concept,2,0,,6,25,기록+이름
ch18,152,concept:침식,concept,0,0,,6,21,이름
ch18,152,concept:콜링_시그널,concept,3,0,,6,4,기록+이름
ch18,152,concept:타일런트_급,concept,1,0,,6,12,이름
ch18,152,org:메티스,org,4,0,,14,21,기록+이름
ch18,152,org:미실리스,org,2,0,,7,32,기록+이름
ch18,152,org:카운터스,org,2,0,,2,32,기록
ch18,152,person:드레이크,person,3,64,6,10,16,기록
ch18,152,person:라플라스,person,13,250,24,71,13,기록+말함
ch18,152,person:맥스웰,person,3,181,17,15,15,기록+말함
ch18,152,person:머스탱,person,2,7,1,0,27,기록
ch18,152,person:슈엔,person,11,185,17,36,30,기록+말함
ch18,152,person:에닉,person,2,0,0,4,22,기록
ch18,152,person:엔더슨,person,2,55,5,4,32,기록
ch18,152,person:유니,person,2,35,3,16,13,기록
ch18,152,person:크로우,person,3,81,8,3,9,기록
ch18,152,person:파피용,person,2,7,1,1,9,기록
ch18,152,place:방주,place,3,0,,35,171,기록+이름
ch18,152,place:지상,place,0,0,,10,132,이름
sub:테트라_커넥트_01,153,concept:니케,concept,0,0,,6,186,이름
sub:테트라_커넥트_01,153,org:엘리시온,org,1,0,,5,17,이름
sub:테트라_커넥트_01,153,org:테트라,org,0,0,,9,13,이름
sub:테트라_커넥트_01,153,org:테트라_커넥트,org,3,0,,6,3,기록+이름
sub:테트라_커넥트_01,153,person:라피,person,0,6,20,0,85,말함
sub:테트라_커넥트_01,153,person:아니스,person,0,12,40,0,119,말함
sub:테트라_커넥트_01,153,person:잉그리드,person,1,8,27,3,37,말함
sub:중앙_정부_공식__02,154,concept:랩쳐,concept,1,0,,6,142,이름
sub:중앙_정부_공식__02,154,org:중앙_정부,org,0,0,,6,67,이름
sub:중앙_정부_공식__02,154,person:네온,person,1,16,29,2,55,말함
sub:중앙_정부_공식__02,154,person:라피,person,0,13,23,0,85,말함
sub:중앙_정부_공식__02,154,person:아니스,person,0,16,29,1,119,말함
sub:중앙_정부_공식__02,154,person:제인_밀러,person,2,11,20,7,3,기록+말함
sub:김작가_00,155,person:김작가,person,2,38,62,3,1,기록+말함
sub:김작가_00,155,person:아니스,person,0,13,21,0,119,말함
relic:XX중학교가정통신문,156,concept:랩쳐,concept,2,0,,0,142,기록
relic:XX중학교가정통신문,156,incident:랩쳐_침공,incident,2,0,,0,12,기록
event_hightechtoy,157,concept:니케,concept,0,0,,52,186,이름
event_hightechtoy,157,concept:랩쳐,concept,0,0,,27,142,이름
event_hightechtoy,157,concept:양산형_니케,concept,3,0,,52,26,기록+이름
event_hightechtoy,157,concept:타일런트_급,concept,1,0,,20,12,이름
event_hightechtoy,157,org:메티스,org,6,0,,23,21,기록+이름
event_hightechtoy,157,org:미실리스,org,1,0,,9,32,이름
event_hightechtoy,157,person:드레이크,person,2,39,9,17,16,기록
event_hightechtoy,157,person:라플라스,person,4,131,32,26,13,기록+말함
event_hightechtoy,157,person:맥스웰,person,3,201,48,19,15,기록+말함
event_hightechtoy,157,person:슈엔,person,3,32,8,27,30,기록
event_hightechtoy,157,place:방주,place,0,0,,8,171,이름
event_hightechtoy,157,place:지상,place,0,0,,15,132,이름
char:100,158,concept:니케,concept,0,0,,7,186,이름
char:100,158,org:미실리스,org,1,0,,5,32,이름
char:100,158,person:네온,person,0,31,11,1,55,말함
char:100,158,person:라플라스,person,8,173,60,49,13,기록+말함
char:100,158,person:아니스,person,0,59,20,2,119,말함
char:100,158,place:방주,place,1,0,,10,171,이름
event_miraclesnow1,159,concept:NIMPH,concept,3,0,,7,24,기록+이름
event_miraclesnow1,159,concept:기억_소거,concept,2,0,,5,9,기록+이름
event_miraclesnow1,159,concept:니케,concept,2,0,,24,186,기록+이름
event_miraclesnow1,159,concept:양산형_니케,concept,0,0,,7,26,이름
event_miraclesnow1,159,org:리콜&릴리즈,org,2,0,,2,1,기록
event_miraclesnow1,159,org:미실리스,org,2,0,,13,32,기록+이름
event_miraclesnow1,159,person:루피,person,4,477,36,67,7,기록+말함
event_miraclesnow1,159,person:슈엔,person,4,116,9,14,30,기록
event_miraclesnow1,159,person:안젤리나,person,6,199,15,14,1,기록+말함
event_miraclesnow1,159,person:앤,person,10,222,17,142,3,기록+말함
event_miraclesnow1,159,person:엑시아,person,2,79,6,5,12,기록
event_miraclesnow1,159,place:방주,place,1,0,,7,171,이름
event_miraclesnow1,159,place:전초기지,place,1,0,,7,13,이름
event_miraclesnow1,159,place:지상,place,0,0,,9,132,이름
char:193,160,concept:랩쳐,concept,0,0,,8,142,이름
char:193,160,person:네베,person,6,154,63,38,2,기록+말함
char:193,160,person:루드밀라,person,2,67,27,7,11,기록+말함
char:193,160,person:앨리스,person,1,25,10,11,6,말함
char:203,161,person:루피,person,3,269,89,53,7,기록+말함
char:203,161,place:로열_로드,place,0,0,,5,7,이름
char:203,161,place:방주,place,0,0,,7,171,이름
char:121,162,person:아니스,person,0,46,11,15,119,말함
char:121,162,person:앤,person,3,207,51,63,3,기록+말함
event_brandnewyear,163,person:마리안,person,3,0,0,9,20,기록
event_brandnewyear,163,person:버닝엄,person,3,18,4,1,14,기록
event_brandnewyear,163,person:슈가,person,1,139,35,23,10,말함
event_brandnewyear,163,person:율리아,person,2,83,21,10,4,기록+말함
event_brandnewyear,163,person:헬름,person,3,147,37,20,7,기록+말함
event_brandnewyear,163,place:어드마이어_호,place,3,0,,18,9,기록+이름
event_brandnewyear,163,place:지상,place,1,0,,14,132,이름
char:260,164,concept:니케,concept,2,0,,4,186,기록
char:260,164,concept:랩쳐,concept,2,0,,3,142,기록
char:260,164,person:네온,person,0,79,16,7,55,말함
char:260,164,person:라피,person,2,59,12,11,85,기록+말함
char:260,164,person:마리안,person,10,0,0,0,20,기록
char:260,164,person:모더니아,person,0,129,26,0,6,말함
char:260,164,person:아니스,person,0,97,19,20,119,말함
char:260,164,person:잉그리드,person,5,113,23,1,37,기록+말함
ch19,165,concept:NIMPH,concept,2,0,,2,24,기록
ch19,165,concept:니케,concept,0,0,,19,186,이름
ch19,165,concept:랩쳐,concept,0,0,,26,142,이름
ch19,165,concept:언체인드,concept,8,0,,20,25,기록+이름
ch19,165,concept:헬레틱,concept,3,0,,16,40,기록+이름
ch19,165,org:필그림,org,2,0,,4,21,기록
ch19,165,person:노아,person,2,7,1,3,9,기록
ch19,165,person:니힐리스타,person,2,0,0,2,11,기록
ch19,165,person:도로시,person,11,120,22,6,31,기록+말함
ch19,165,person:세실,person,6,25,5,8,13,기록
ch19,165,person:아니스,person,0,60,11,0,119,말함
ch19,165,person:요한,person,10,35,6,13,13,기록
ch19,165,person:이사벨,person,3,5,1,3,11,기록
ch19,165,person:파피용,person,4,84,15,5,9,기록+말함
ch19,165,person:하란,person,5,149,27,13,9,기록+말함
ch19,165,place:방주,place,2,0,,16,171,기록+이름
ch19,165,place:에덴,place,9,0,,18,25,기록+이름
ch19,165,place:지상,place,0,0,,19,132,이름
sub:데이파라_00,166,concept:랩쳐,concept,2,0,,4,142,기록
sub:데이파라_00,166,org:구원의_성화,org,4,0,,1,5,기록
sub:데이파라_00,166,person:네온,person,0,14,14,0,55,말함
sub:데이파라_00,166,person:데이파라,person,4,56,58,2,4,기록+말함
sub:데이파라_00,166,person:라피,person,0,15,15,2,85,말함
sub:데이파라_00,166,person:아니스,person,0,12,12,0,119,말함
sub:데이파라_00,166,place:지상,place,0,0,,6,132,이름
relic:데일리아크기사스크랩,167,concept:지상_탈환,concept,0,0,,6,9,이름
relic:데일리아크기사스크랩,167,incident:2차_지상_탈환전,incident,3,0,,6,5,기록+이름
relic:데일리아크기사스크랩,167,org:데일리_아크,org,1,0,,5,2,이름
relic:데일리아크기사스크랩,167,org:중앙_정부,org,0,0,,8,67,이름
relic:데일리아크기사스크랩,167,person:마일즈,person,3,0,0,3,1,기록
relic:데일리아크기사스크랩,167,person:샛별,person,4,0,0,9,4,기록
relic:데일리아크기사스크랩,167,person:요한,person,2,0,0,6,13,기록
relic:데일리아크기사스크랩,167,place:방주,place,2,0,,1,171,기록
relic:데일리아크기사스크랩,167,place:사관학교,place,2,0,,2,3,기록
relic:데일리아크기사스크랩,167,place:지상,place,0,0,,8,132,이름
ch20,168,concept:니케,concept,0,0,,12,186,이름
ch20,168,concept:랩쳐,concept,0,0,,9,142,이름
ch20,168,concept:릴리스의_바디,concept,2,0,,3,3,기록
ch20,168,concept:언체인드,concept,4,0,,16,25,기록+이름
ch20,168,concept:헬레틱,concept,3,0,,6,40,기록+이름
ch20,168,org:카운터스,org,1,0,,7,32,이름
ch20,168,person:니힐리스타,person,11,115,16,51,11,기록+말함
ch20,168,person:도로시,person,8,105,15,10,31,기록+말함
ch20,168,person:리버렐리오,person,4,28,4,2,12,기록
ch20,168,person:샛별,person,2,0,0,3,4,기록
ch20,168,person:세실,person,4,86,12,7,13,기록+말함
ch20,168,person:요한,person,11,139,20,21,13,기록+말함
ch20,168,person:이사벨,person,4,17,2,10,11,기록
ch20,168,person:퀸,person,5,0,0,11,20,기록
ch20,168,person:토커티브,person,2,0,0,3,15,기록
ch20,168,person:파피용,person,4,56,8,6,9,기록
ch20,168,person:하란,person,3,15,2,5,9,기록
ch20,168,place:방주,place,2,0,,21,171,기록+이름
ch20,168,place:에덴,place,7,0,,2,25,기록
sub:로망티스트_00,169,person:로망티스트,person,2,52,71,2,2,기록+말함
sub:로망티스트_00,169,person:아니스,person,0,10,14,0,119,말함
sub:로망티스트_00,169,place:방주,place,2,0,,2,171,기록
relic:jonathan_report,170,concept:니케,concept,1,0,,7,186,이름
relic:jonathan_report,170,concept:사고_전환,concept,2,0,,3,8,기록
relic:jonathan_report,170,place:에덴,place,2,0,,0,25,기록
event_doutsiders,171,concept:니케,concept,0,0,,5,186,이름
event_doutsiders,171,concept:아웃로,concept,0,0,,6,5,이름
event_doutsiders,171,concept:이터널_스카이,concept,3,0,,6,2,기록+이름
event_doutsiders,171,org:엔터_헤븐,org,3,0,,14,9,기록+이름
event_doutsiders,171,org:이그조틱,org,3,0,,5,14,기록+이름
event_doutsiders,171,org:중앙_정부,org,0,0,,22,67,이름
event_doutsiders,171,person:바이퍼,person,4,154,37,17,11,기록+말함
event_doutsiders,171,person:엔더슨,person,2,37,9,1,32,기록
event_doutsiders,171,person:조셉,person,5,130,31,7,1,기록+말함
event_doutsiders,171,person:크로우,person,4,64,15,7,9,기록+말함
event_doutsiders,171,place:방주,place,2,0,,15,171,기록+이름
event_doutsiders,171,place:아우터_림,place,10,0,,25,43,기록+이름
char:400,172,person:길티,person,12,350,77,78,3,기록+말함
char:400,172,person:마나,person,2,61,13,0,12,기록+말함
char:400,172,place:갱생관,place,4,0,,14,7,기록+이름
char:401,173,concept:컨버터,concept,0,0,,5,2,이름
char:401,173,concept:퍼펙트,concept,0,0,,5,16,이름
char:401,173,person:마나,person,2,61,15,1,12,기록+말함
char:401,173,person:신,person,9,331,81,33,4,기록+말함
char:401,173,place:갱생관,place,4,0,,8,7,기록+이름
char:111,174,concept:퍼펙트,concept,0,0,,13,16,이름
char:111,174,person:자칼,person,6,246,55,108,7,기록+말함
char:111,174,person:크로우,person,1,54,12,4,9,말함
char:402,175,person:마나,person,3,56,18,4,12,기록+말함
char:402,175,person:퀀시,person,10,261,82,70,6,기록+말함
char:402,175,place:갱생관,place,5,0,,20,7,기록+이름
char:402,175,place:방주,place,1,0,,23,171,이름
char:112,176,concept:니케,concept,0,0,,25,186,이름
char:112,176,org:이그조틱,org,2,0,,2,14,기록
char:112,176,org:중앙_정부,org,2,0,,12,67,기록+이름
char:112,176,person:바이퍼,person,6,260,82,49,11,기록+말함
char:112,176,person:시프티,person,2,26,8,0,18,기록
char:112,176,person:크로우,person,4,17,5,3,9,기록
char:112,176,place:아우터_림,place,3,0,,5,43,기록+이름
event_maidinvalentine,177,org:메이드_포_유,org,2,0,,3,4,기록
event_maidinvalentine,177,person:머스탱,person,2,35,7,2,27,기록
event_maidinvalentine,177,person:소다,person,2,91,17,14,6,기록+말함
event_maidinvalentine,177,person:스윗_조니,person,3,81,16,1,2,기록+말함
event_maidinvalentine,177,person:시그널,person,2,35,7,9,2,기록
event_maidinvalentine,177,person:에이드,person,1,135,26,10,9,말함
event_maidinvalentine,177,person:코코아,person,2,92,18,38,10,기록+말함
event_maidinvalentine,177,place:Sweets_&_Cocoa,place,2,0,,7,2,기록+이름
event_maidinvalentine,177,place:지상,place,0,0,,6,132,이름
char:311,178,concept:니케,concept,2,0,,14,186,기록+이름
char:311,178,org:세이메이카이,org,2,0,,2,6,기록
char:311,178,org:엘리시온,org,1,0,,6,17,이름
char:311,178,person:사토우,person,3,27,8,7,1,기록
char:311,178,person:잉그리드,person,3,24,7,0,37,기록
char:311,178,person:코코아,person,4,185,52,47,10,기록+말함
char:311,178,place:방주,place,0,0,,5,171,이름
char:312,179,person:소다,person,5,232,82,83,6,기록+말함
char:800,180,concept:니케,concept,2,0,,16,186,기록+이름
char:800,180,concept:랩쳐,concept,0,0,,10,142,이름
char:800,180,concept:퍼펙트,concept,2,0,,16,16,기록+이름
char:800,180,incident:랩쳐_침공,incident,0,0,,5,12,이름
char:800,180,org:중앙_정부,org,5,0,,28,67,기록+이름
char:800,180,person:마키마,person,3,17,8,11,1,기록
char:800,180,person:애드미,person,1,36,17,6,4,말함
char:800,180,person:엔더슨,person,1,52,24,1,32,말함
char:800,180,person:율하,person,1,51,24,8,7,말함
char:800,180,person:프리바티,person,1,57,27,4,11,말함
char:800,180,place:방주,place,3,0,,48,171,기록+이름
char:800,180,place:지상,place,0,0,,14,132,이름
char:801,181,org:빌런_연합,org,1,0,,23,5,이름
char:801,181,person:드레이크,person,1,170,54,22,16,말함
char:801,181,person:파워,person,2,109,34,22,1,기록+말함
char:802,182,concept:니케,concept,0,0,,5,186,이름
char:802,182,concept:인식_칩,concept,1,0,,7,2,이름
char:802,182,org:A.C.P.U.,org,2,0,,7,9,기록+이름
char:802,182,person:미란다,person,2,70,21,24,8,기록+말함
char:802,182,person:폴리,person,2,166,50,32,10,기록+말함
char:802,182,person:히메노,person,3,93,28,35,1,기록+말함
char:802,182,place:방주,place,0,0,,24,171,이름
event_bowwowparadise,183,person:맥스,person,3,72,12,84,1,기록+말함
event_bowwowparadise,183,person:비스킷,person,7,385,65,54,5,기록+말함
event_bowwowparadise,183,place:바우_와우_파라다이스,place,2,0,,5,1,기록+이름
event_bowwowparadise,183,place:방주,place,1,0,,26,171,이름
char:381,184,person:베아트리체,person,1,39,11,103,1,말함
char:381,184,person:비스킷,person,3,275,78,59,5,기록+말함
char:381,184,place:방주,place,0,0,,12,171,이름
event_cherryblossom,185,concept:꽃의_맹약,concept,2,0,,1,1,기록
event_cherryblossom,185,concept:니케,concept,0,0,,6,186,이름
event_cherryblossom,185,org:세이메이카이,org,7,0,,27,6,기록+이름
event_cherryblossom,185,org:언더월드_퀸,org,4,0,,7,9,기록+이름
event_cherryblossom,185,org:중앙_정부,org,0,0,,5,67,이름
event_cherryblossom,185,person:노이즈,person,2,30,4,3,5,기록
event_cherryblossom,185,person:로산나,person,3,13,2,3,9,기록
event_cherryblossom,185,person:머스탱,person,4,50,6,3,27,기록
event_cherryblossom,185,person:목단,person,5,143,19,31,9,기록+말함
event_cherryblossom,185,person:사쿠라,person,10,493,64,58,10,기록+말함
event_cherryblossom,185,place:방주,place,3,0,,16,171,기록+이름
event_cherryblossom,185,place:아우터_림,place,3,0,,10,43,기록+이름
event_cherryblossom,185,place:지상,place,0,0,,17,132,이름
char:261,186,concept:니케,concept,1,0,,12,186,이름
char:261,186,concept:랩쳐,concept,1,0,,14,142,이름
char:261,186,concept:언체인드,concept,2,0,,16,25,기록+이름
char:261,186,concept:헬레틱,concept,4,0,,7,40,기록+이름
char:261,186,person:니힐리스타,person,14,365,66,31,11,기록+말함
char:261,186,person:리버렐리오,person,2,0,0,4,12,기록
char:261,186,person:아니스,person,0,76,14,6,119,말함
char:261,186,person:퀸,person,5,0,0,28,20,기록
char:261,186,person:토커티브,person,3,0,0,2,15,기록
char:261,186,place:방주,place,1,0,,5,171,이름
char:261,186,place:에덴,place,1,0,,9,25,이름
char:261,186,place:지상,place,0,0,,6,132,이름
char:282,187,org:세이메이카이,org,5,0,,13,6,기록+이름
char:282,187,person:겐조,person,3,74,17,7,1,기록+말함
char:282,187,person:사쿠라,person,8,350,82,23,10,기록+말함
char:282,187,place:방주,place,0,0,,6,171,이름
event_fullfoolday,188,concept:랩쳐,concept,0,0,,13,142,이름
event_fullfoolday,188,concept:크레디트,concept,0,0,,8,4,이름
event_fullfoolday,188,person:벨로타,person,0,41,11,10,6,말함
event_fullfoolday,188,person:시프티,person,1,59,16,12,18,말함
event_fullfoolday,188,place:지상,place,0,0,,7,132,이름
event_ltk,189,concept:니케,concept,0,0,,23,186,이름
event_ltk,189,concept:양산형_니케,concept,2,0,,24,26,기록+이름
event_ltk,189,org:시지_패러리스,org,3,0,,3,2,기록
event_ltk,189,org:저지스,org,4,0,,14,5,기록+이름
event_ltk,189,org:중앙_정부,org,2,0,,22,67,기록+이름
event_ltk,189,person:D,person,7,258,51,38,9,기록+말함
event_ltk,189,person:K,person,5,244,49,11,8,기록+말함
event_ltk,189,place:방주,place,0,0,,7,171,이름
event_ltk,189,place:아우터_림,place,1,0,,31,43,이름
char:40,190,org:저지스,org,2,0,,1,5,기록
char:40,190,person:D,person,3,261,93,48,9,기록+말함
char:40,190,place:방주,place,0,0,,6,171,이름
char:40,190,place:아우터_림,place,0,0,,5,43,이름
char:40,190,place:지상,place,0,0,,8,132,이름
ch21,191,concept:NIMPH,concept,4,0,,13,24,기록+이름
ch21,191,concept:니케,concept,0,0,,18,186,이름
ch21,191,concept:랩쳐,concept,5,0,,20,142,기록+이름
ch21,191,concept:마더_웨일,concept,3,0,,49,6,기록+이름
ch21,191,concept:언체인드,concept,5,0,,40,25,기록+이름
ch21,191,concept:헬레틱,concept,0,0,,11,40,이름
ch21,191,incident:2차_지상_탈환전,incident,2,0,,6,5,기록+이름
ch21,191,incident:랩쳐_침공,incident,1,0,,5,12,이름
ch21,191,person:네온,person,2,128,12,13,55,기록+말함
ch21,191,person:노아,person,5,72,7,19,9,기록
ch21,191,person:도로시,person,2,21,2,7,31,기록
ch21,191,person:마리안,person,2,0,0,3,20,기록
ch21,191,person:세실,person,8,230,22,7,13,기록+말함
ch21,191,person:아니스,person,0,144,14,4,119,말함
ch21,191,person:요한,person,7,214,20,39,13,기록+말함
ch21,191,person:이사벨,person,2,50,5,9,11,기록
ch21,191,person:파피용,person,3,12,1,10,9,기록
ch21,191,person:하란,person,2,45,4,3,9,기록
ch21,191,place:방주,place,5,0,,27,171,기록+이름
ch21,191,place:에덴,place,4,0,,9,25,기록+이름
ch21,191,place:지상,place,0,0,,7,132,이름
sub:에덴_Notice_00,192,person:세실,person,1,35,39,3,13,말함
sub:에덴_Notice_00,192,person:이사벨,person,1,51,57,7,11,말함
sub:에덴_Notice_00,192,place:에덴,place,2,0,,8,25,기록+이름
sub:에덴_Notice_01,193,concept:랩쳐,concept,1,0,,6,142,이름
sub:에덴_Notice_01,193,person:세실,person,1,47,46,2,13,말함
sub:에덴_Notice_01,193,person:이사벨,person,2,41,40,11,11,기록+말함
sub:에덴_Notice_01,193,place:에덴,place,3,0,,4,25,기록
sub:에덴_Notice_02,194,person:노아,person,0,14,13,2,9,말함
sub:에덴_Notice_02,194,person:요한,person,3,46,44,7,13,기록+말함
sub:에덴_Notice_02,194,person:이사벨,person,0,13,13,2,11,말함
sub:에덴_Notice_02,194,person:하란,person,1,20,19,2,9,말함
sub:에덴_Notice_02,194,place:에덴,place,1,0,,5,25,이름
relic:특이랩쳐보고서-전,195,concept:랩쳐,concept,2,0,,9,142,기록+이름
ch22,197,concept:니케,concept,1,0,,28,186,이름
ch22,197,concept:랩쳐,concept,0,0,,28,142,이름
ch22,197,concept:로드_급,concept,2,0,,2,3,기록
ch22,197,concept:양산형_니케,concept,1,0,,5,26,이름
ch22,197,concept:언체인드,concept,2,0,,4,25,기록
ch22,197,concept:헬레틱,concept,0,0,,5,40,이름
ch22,197,org:777,org,2,0,,4,4,기록
ch22,197,org:메티스,org,3,0,,4,21,기록
ch22,197,org:세이메이카이,org,0,0,,8,6,이름
ch22,197,org:언더월드_퀸,org,4,0,,7,9,기록+이름
ch22,197,org:엔터_헤븐,org,6,0,,19,9,기록+이름
ch22,197,org:이그조틱,org,2,0,,1,14,기록
ch22,197,org:익스터너,org,2,0,,2,5,기록
ch22,197,org:중앙_정부,org,2,0,,20,67,기록+이름
ch22,197,org:헤도니아,org,0,0,,8,6,이름
ch22,197,person:E.H.,person,13,87,9,12,10,기록
ch22,197,person:JohnD,person,3,0,0,1,2,기록
ch22,197,person:니힐리스타,person,4,32,3,10,11,기록
ch22,197,person:도라,person,2,33,3,1,4,기록
ch22,197,person:도로시,person,2,4,0,1,31,기록
ch22,197,person:도반,person,5,34,3,6,8,기록
ch22,197,person:로산나,person,9,185,19,11,9,기록+말함
ch22,197,person:바이퍼,person,3,0,0,2,11,기록
ch22,197,person:사쿠라,person,6,121,12,12,10,기록+말함
ch22,197,person:에닉,person,8,76,8,12,22,기록
ch22,197,person:인디빌리아,person,2,0,0,2,9,기록
ch22,197,person:잉그리드,person,2,0,0,2,37,기록
ch22,197,person:진,person,2,24,2,0,4,기록
ch22,197,person:토커티브,person,3,0,0,4,15,기록
ch22,197,person:폴리,person,3,82,8,8,10,기록
ch22,197,place:방주,place,7,0,,60,171,기록+이름
ch22,197,place:블랙넷,place,3,0,,7,6,기록+이름
ch22,197,place:아우터_림,place,6,0,,19,43,기록+이름
ch22,197,place:지상,place,2,0,,14,132,기록+이름
ch22,197,place:코인_러시,place,4,0,,18,11,기록+이름
sub:문구점_00,198,person:문구점,person,1,39,66,2,1,말함
sub:문구점_00,198,person:아니스,person,0,10,17,0,119,말함
sub:문구점_00,198,place:방주,place,3,0,,3,171,기록
sub:중앙정부_트라이앵글_00,199,org:중앙_정부,org,1,0,,10,67,이름
sub:중앙정부_트라이앵글_00,199,org:트라이앵글,org,3,0,,7,7,기록+이름
sub:중앙정부_트라이앵글_00,199,person:아니스,person,1,11,12,0,119,말함
sub:중앙정부_트라이앵글_00,199,person:율하,person,1,10,11,0,7,말함
sub:중앙정부_트라이앵글_00,199,person:프리바티,person,2,53,56,6,11,기록+말함
sub:중앙정부_트라이앵글_00,199,place:아우터_림,place,2,0,,1,43,기록
sub:2호_쉘터_관리계정_00,200,org:구원의_성화,org,3,0,,18,5,기록+이름
sub:2호_쉘터_관리계정_00,200,person:데이파라,person,2,0,0,1,4,기록
sub:2호_쉘터_관리계정_00,200,person:라피,person,0,5,42,1,85,말함
sub:2호_쉘터_관리계정_00,200,place:쉘터,place,2,0,,0,4,기록
sub:할아범_01,201,org:중앙_정부,org,3,0,,2,67,기록
sub:할아범_01,201,person:아니스,person,0,24,23,1,119,말함
sub:할아범_01,201,person:할아범,person,3,63,61,3,2,기록+말함
sub:할아범_01,201,place:방주,place,4,0,,3,171,기록
relic:에닉탄핵포스터,202,person:에닉,person,3,0,0,9,22,기록
relic:에닉탄핵포스터,202,place:방주,place,1,0,,7,171,이름
event_overzone,203,concept:니케,concept,1,0,,13,186,이름
event_overzone,203,concept:랩쳐,concept,1,0,,40,142,이름
event_overzone,203,concept:사고_전환,concept,3,0,,5,8,기록+이름
event_overzone,203,concept:양산형_니케,concept,5,0,,12,26,기록+이름
event_overzone,203,concept:에블라_입자,concept,1,0,,6,9,이름
event_overzone,203,concept:침식,concept,2,0,,7,21,기록+이름
event_overzone,203,concept:퍼펙트,concept,2,0,,1,16,기록
event_overzone,203,incident:아크_가디언_작전,incident,1,0,,6,7,이름
event_overzone,203,org:갓데스,org,13,0,,34,30,기록+이름
event_overzone,203,org:중앙_정부,org,2,0,,2,67,기록
event_overzone,203,org:필그림,org,3,0,,3,21,기록
event_overzone,203,person:도로시,person,29,950,45,142,31,기록+말함
event_overzone,203,person:라푼젤,person,7,259,12,50,18,기록+말함
event_overzone,203,person:릴리바이스,person,5,28,1,2,14,기록
event_overzone,203,person:스노우_화이트,person,8,241,11,49,26,기록+말함
event_overzone,203,person:오스왈드,person,11,104,5,3,7,기록
event_overzone,203,person:퀸,person,2,0,0,3,20,기록
event_overzone,203,person:피나,person,9,207,10,48,4,기록
event_overzone,203,person:홍련,person,8,313,15,31,18,기록+말함
event_overzone,203,place:방주,place,14,0,,98,171,기록+이름
event_overzone,203,place:지상,place,0,0,,16,132,이름
erelic:white_memory,204,concept:랩쳐,concept,2,0,,4,142,기록
erelic:white_memory,204,person:라푼젤,person,3,0,0,9,18,기록
erelic:white_memory,204,person:레드_후드,person,2,0,0,2,26,기록
erelic:white_memory,204,person:릴리스,person,6,0,0,0,2,기록
erelic:white_memory,204,person:스노우_화이트,person,9,0,0,44,26,기록
char:233,205,concept:니케,concept,1,0,,19,186,이름
char:233,205,concept:랩쳐,concept,0,0,,8,142,이름
char:233,205,incident:아크_가디언_작전,incident,2,0,,4,7,기록
char:233,205,org:갓데스,org,4,0,,8,30,기록+이름
char:233,205,person:노아,person,3,44,13,11,9,기록+말함
char:233,205,person:도로시,person,12,285,82,55,31,기록+말함
char:233,205,person:피나,person,2,0,0,1,4,기록
char:233,205,place:방주,place,3,0,,22,171,기록+이름
char:233,205,place:에덴,place,2,0,,18,25,기록+이름
char:392,206,person:라이,person,7,284,66,23,6,기록+말함
char:392,206,person:아인,person,2,65,15,13,7,기록+말함
char:392,206,place:미미르_부속_고등학교,place,1,0,,6,12,이름
event_BunnyX777,207,org:777,org,0,0,,11,4,이름
event_BunnyX777,207,person:누아르,person,4,119,17,34,7,기록+말함
event_BunnyX777,207,person:루주,person,2,223,32,21,6,기록+말함
event_BunnyX777,207,person:블랑,person,4,156,22,52,6,기록+말함
event_BunnyX777,207,place:코인_러시,place,2,0,,29,11,기록+이름
char:270,208,org:777,org,0,0,,6,4,이름
char:270,208,person:누아르,person,2,0,0,7,7,기록
char:270,208,person:블랑,person,4,303,87,52,6,기록+말함
char:270,208,place:방주,place,0,0,,6,171,이름
char:271,209,person:누아르,person,4,360,96,65,7,기록+말함
event_queensorder,210,org:언더월드_퀸,org,2,0,,7,9,기록+이름
event_queensorder,210,org:중앙_정부,org,1,0,,6,67,이름
event_queensorder,210,org:헤도니아,org,6,0,,17,6,기록+이름
event_queensorder,210,person:로산나,person,13,530,78,86,9,기록+말함
event_queensorder,210,person:머스탱,person,2,0,0,2,27,기록
event_queensorder,210,person:목단,person,2,23,3,8,9,기록
event_queensorder,210,person:사쿠라,person,2,86,13,21,10,기록+말함
event_queensorder,210,place:방주,place,2,0,,25,171,기록+이름
event_queensorder,210,place:아우터_림,place,5,0,,32,43,기록+이름
event_queensorder,210,place:지상,place,1,0,,5,132,이름
char:280,211,org:언더월드_퀸,org,2,0,,4,9,기록
char:280,211,org:헤도니아,org,4,0,,10,6,기록+이름
char:280,211,person:로산나,person,9,439,100,18,9,기록+말함
event_bluewaterisland,212,concept:니케,concept,2,0,,13,186,기록+이름
event_bluewaterisland,212,concept:랩쳐,concept,2,0,,13,142,기록+이름
event_bluewaterisland,212,concept:크라켄,concept,0,0,,9,4,이름
event_bluewaterisland,212,org:세라핌,org,2,0,,1,1,기록
event_bluewaterisland,212,person:네온,person,1,445,21,44,55,말함
event_bluewaterisland,212,person:리타,person,3,194,9,9,8,기록
event_bluewaterisland,212,person:메어리,person,13,714,33,57,9,기록+말함
event_bluewaterisland,212,person:얀,person,2,114,5,6,6,기록
event_bluewaterisland,212,person:엔더슨,person,2,37,2,0,32,기록
event_bluewaterisland,212,person:페퍼,person,8,314,14,82,3,기록+말함
event_bluewaterisland,212,place:리페어_센터,place,4,0,,13,5,기록+이름
event_bluewaterisland,212,place:방주,place,5,0,,21,171,기록+이름
event_bluewaterisland,212,place:블루워터_아일랜드,place,7,0,,3,2,기록
event_bluewaterisland,212,place:어드마이어_호,place,1,0,,10,9,이름
char:132,213,person:네온,person,1,51,11,14,55,말함
char:132,213,person:메어리,person,5,337,69,37,9,기록+말함
char:14,214,org:마이티_툴즈,org,0,0,,5,1,이름
char:14,214,person:네온,person,2,265,74,42,55,기록+말함
char:14,214,person:리타,person,1,83,23,17,8,말함
event_nyanyaparadise,215,person:네로,person,7,415,65,43,2,기록+말함
event_nyanyaparadise,215,person:루루,person,1,140,22,160,1,말함
event_nyanyaparadise,215,place:방주,place,2,0,,9,171,기록+이름
char:380,216,person:네로,person,4,263,100,86,2,기록+말함
ch23,217,concept:니케,concept,0,0,,55,186,이름
ch23,217,concept:랩쳐,concept,0,0,,60,142,이름
ch23,217,concept:양산형_니케,concept,1,0,,7,26,이름
ch23,217,concept:언체인드,concept,2,0,,4,25,기록
ch23,217,concept:헬레틱,concept,0,0,,9,40,이름
ch23,217,org:갓데스,org,3,0,,6,30,기록+이름
ch23,217,org:메티스,org,1,0,,9,21,이름
ch23,217,org:미실리스,org,3,0,,18,32,기록+이름
ch23,217,org:언더월드_퀸,org,2,0,,2,9,기록
ch23,217,org:엔터_헤븐,org,2,0,,10,9,기록+이름
ch23,217,org:이그조틱,org,4,0,,30,14,기록+이름
ch23,217,org:익스터너,org,2,0,,3,5,기록
ch23,217,org:중앙_정부,org,2,0,,16,67,기록+이름
ch23,217,org:테트라_커넥트,org,2,0,,2,3,기록
ch23,217,org:필그림,org,0,0,,8,21,이름
ch23,217,person:E.H.,person,3,0,0,12,10,기록
ch23,217,person:길로틴,person,2,51,4,9,6,기록
ch23,217,person:니힐리스타,person,2,0,0,4,11,기록
ch23,217,person:도로시,person,3,56,5,6,31,기록
ch23,217,person:도반,person,5,14,1,27,8,기록
ch23,217,person:디젤,person,2,20,2,2,7,기록
ch23,217,person:로산나,person,2,37,3,3,9,기록
ch23,217,person:머스탱,person,3,38,3,5,27,기록
ch23,217,person:목단,person,4,127,11,8,9,기록+말함
ch23,217,person:바이퍼,person,7,104,9,27,11,기록
ch23,217,person:버닝엄,person,2,44,4,2,14,기록
ch23,217,person:사쿠라,person,2,28,2,5,10,기록
ch23,217,person:슈엔,person,3,60,5,11,30,기록
ch23,217,person:에닉,person,3,21,2,12,22,기록
ch23,217,person:유니,person,4,39,3,20,13,기록
ch23,217,person:잉그리드,person,3,52,4,0,37,기록
ch23,217,person:자칼,person,3,22,2,20,7,기록
ch23,217,person:크로우,person,12,154,13,17,9,기록+말함
ch23,217,place:방주,place,7,0,,73,171,기록+이름
ch23,217,place:쉘터,place,3,0,,0,4,기록
ch23,217,place:아우터_림,place,7,0,,47,43,기록+이름
ch23,217,place:에덴,place,1,0,,5,25,이름
ch23,217,place:지상,place,0,0,,11,132,이름
sub:상인연합_달란트_00,218,org:달란트,org,2,0,,5,4,기록+이름
sub:상인연합_달란트_00,218,person:도라,person,1,18,26,2,4,말함
sub:상인연합_달란트_00,218,person:루피,person,1,13,19,2,7,말함
sub:상인연합_달란트_00,218,person:아니스,person,0,10,15,0,119,말함
sub:상인연합_달란트_00,218,person:얀,person,1,21,31,2,6,말함
sub:콜렉터_02,219,concept:랩쳐,concept,0,0,,5,142,이름
sub:콜렉터_02,219,person:라피,person,0,8,11,0,85,말함
sub:콜렉터_02,219,person:콜렉터,person,3,62,85,2,3,기록+말함
sub:콜렉터_02,219,place:방주,place,2,0,,4,171,기록
sub:콜렉터_02,219,place:아우터_림,place,2,0,,3,43,기록
relic:필그림조우보고서,220,concept:니케,concept,0,0,,5,186,이름
ch24,221,concept:NIMPH,concept,7,0,,10,24,기록+이름
ch24,221,concept:니케,concept,6,0,,40,186,기록+이름
ch24,221,concept:랩쳐,concept,0,0,,18,142,이름
ch24,221,concept:마테리얼_H,concept,2,0,,5,3,기록+이름
ch24,221,concept:언체인드,concept,3,0,,7,25,기록+이름
ch24,221,concept:에블라_입자,concept,1,0,,6,9,이름
ch24,221,concept:헬레틱,concept,1,0,,20,40,이름
ch24,221,incident:방주_테러,incident,3,0,,8,3,기록+이름
ch24,221,item:아틀라스_케이지,item,0,0,,5,2,이름
ch24,221,org:M.M.R.,org,4,0,,18,12,기록+이름
ch24,221,org:미실리스,org,1,0,,26,32,이름
ch24,221,org:이그조틱,org,3,0,,9,14,기록+이름
ch24,221,org:인피니티_레일,org,3,0,,1,5,기록
ch24,221,org:중앙_정부,org,4,0,,36,67,기록+이름
ch24,221,org:카운터스,org,3,0,,2,32,기록
ch24,221,org:테트라,org,2,0,,2,13,기록
ch24,221,org:필그림,org,1,0,,8,21,이름
ch24,221,person:E.H.,person,7,38,3,3,10,기록
ch24,221,person:니힐리스타,person,6,53,4,18,11,기록
ch24,221,person:도로시,person,11,95,6,27,31,기록
ch24,221,person:도반,person,2,32,2,7,8,기록
ch24,221,person:디젤,person,4,62,4,9,7,기록
ch24,221,person:라피,person,9,90,6,32,85,기록
ch24,221,person:레드_후드,person,4,0,0,2,26,기록
ch24,221,person:미하라,person,5,22,1,19,14,기록
ch24,221,person:바이퍼,person,10,131,9,22,11,기록
ch24,221,person:버닝엄,person,4,83,6,1,14,기록
ch24,221,person:사쿠라,person,2,13,1,2,10,기록
ch24,221,person:솔린,person,2,38,3,9,9,기록
ch24,221,person:슈엔,person,8,74,5,46,30,기록
ch24,221,person:에닉,person,10,103,7,17,22,기록
ch24,221,person:유니,person,8,99,7,45,13,기록
ch24,221,person:인디빌리아,person,5,24,2,12,9,기록
ch24,221,person:잉그리드,person,8,82,6,5,37,기록
ch24,221,person:자칼,person,5,32,2,14,7,기록
ch24,221,person:크로우,person,17,177,12,57,9,기록+말함
ch24,221,person:토커티브,person,5,26,2,11,15,기록
ch24,221,place:방주,place,7,0,,94,171,기록+이름
ch24,221,place:쉘터,place,2,0,,0,4,기록
ch24,221,place:아우터_림,place,2,0,,9,43,기록+이름
ch24,221,place:에덴,place,1,0,,9,25,이름
ch24,221,place:지상,place,0,0,,17,132,이름
sub:해결사_카페_스위티_00,222,org:중앙_정부,org,2,0,,4,67,기록
sub:해결사_카페_스위티_00,222,org:카페_스위티,org,2,0,,4,4,기록
sub:해결사_카페_스위티_00,222,person:네온,person,0,10,14,1,55,말함
sub:해결사_카페_스위티_00,222,person:밀크,person,1,31,45,4,10,말함
sub:해결사_카페_스위티_00,222,person:아니스,person,0,11,16,0,119,말함
sub:해결사_카페_스위티_00,222,person:프림,person,1,10,14,6,7,말함
relic:긴급뉴스대본_FB_3_final_2.pdf,223,concept:랩쳐,concept,0,0,,6,142,이름
relic:긴급뉴스대본_FB_3_final_2.pdf,223,org:중앙_정부,org,3,0,,6,67,기록+이름
relic:긴급뉴스대본_FB_3_final_2.pdf,223,place:방주,place,2,0,,7,171,기록+이름
event_goldenship,224,concept:니케,concept,0,0,,5,186,이름
event_goldenship,224,concept:랩쳐,concept,0,0,,14,142,이름
event_goldenship,224,person:마스트,person,5,403,57,64,9,기록+말함
event_goldenship,224,person:앵커,person,3,158,22,30,5,기록+말함
event_goldenship,224,person:차임,person,3,21,3,6,8,기록
event_goldenship,224,person:크라운,person,2,0,0,1,8,기록
event_goldenship,224,person:프림,person,2,114,16,28,7,기록+말함
event_goldenship,224,place:방주,place,0,0,,6,171,이름
event_goldenship,224,place:어드마이어_호,place,2,0,,10,9,기록+이름
event_goldenship,224,place:지상,place,0,0,,21,132,이름
char:350,225,person:마스트,person,5,291,89,35,9,기록+말함
char:350,225,place:지상,place,1,0,,8,132,이름
event_seayouagain1,226,concept:니케,concept,0,0,,8,186,이름
event_seayouagain1,226,concept:랩쳐,concept,1,0,,30,142,이름
event_seayouagain1,226,concept:크라켄,concept,9,0,,79,4,기록+이름
event_seayouagain1,226,concept:타일런트_급,concept,1,0,,10,12,이름
event_seayouagain1,226,org:이지스,org,6,0,,31,4,기록+이름
event_seayouagain1,226,person:리타,person,3,90,4,12,8,기록
event_seayouagain1,226,person:마스트,person,4,225,10,24,9,기록
event_seayouagain1,226,person:버닝엄,person,6,46,2,6,14,기록
event_seayouagain1,226,person:아니스,person,3,586,26,50,119,기록+말함
event_seayouagain1,226,person:앵커,person,4,113,5,22,5,기록
event_seayouagain1,226,person:엔더슨,person,5,70,3,8,32,기록
event_seayouagain1,226,person:헬름,person,15,648,28,137,7,기록+말함
event_seayouagain1,226,place:방주,place,0,0,,9,171,이름
event_seayouagain1,226,place:블루워터_아일랜드,place,4,0,,3,2,기록
event_seayouagain1,226,place:어드마이어_호,place,12,0,,203,9,기록+이름
event_seayouagain1,226,place:지상,place,0,0,,21,132,이름
char:15,227,person:아니스,person,2,333,98,58,119,기록+말함
char:351,228,concept:니케,concept,2,0,,4,186,기록
char:351,228,org:동식물_관리국,org,1,0,,5,1,이름
char:351,228,person:앵커,person,9,198,47,75,5,기록+말함
char:351,228,person:잉그리드,person,1,88,21,4,37,말함
char:351,228,person:헬름,person,1,75,18,6,7,말함
char:351,228,place:어드마이어_호,place,1,0,,8,9,이름
char:353,229,person:헬름,person,4,426,84,26,7,기록+말함
event_firstaffection,230,person:네온,person,0,27,11,6,55,말함
event_firstaffection,230,person:라피,person,1,31,12,2,85,말함
event_firstaffection,230,person:마리안,person,5,71,28,20,20,기록+말함
event_firstaffection,230,person:아니스,person,0,53,21,9,119,말함
char:810,231,concept:니케,concept,1,0,,10,186,이름
char:810,231,concept:랩쳐,concept,1,0,,10,142,이름
char:810,231,org:인류연합군,org,1,0,,5,7,이름
char:810,231,person:2B,person,2,69,32,8,1,기록+말함
char:810,231,person:라피,person,0,115,53,6,85,말함
char:812,232,concept:니케,concept,1,0,,27,186,이름
char:812,232,concept:랩쳐,concept,1,0,,22,142,이름
char:812,232,concept:양산형_니케,concept,1,0,,18,26,이름
char:812,232,person:파스칼,person,1,120,100,17,1,말함
char:812,232,place:지상,place,0,0,,5,132,이름
char:811,233,person:A2,person,1,47,27,23,1,말함
char:811,233,person:P-12,person,2,129,73,18,1,기록+말함
event_schooloflock,234,concept:니케,concept,1,0,,31,186,이름
event_schooloflock,234,concept:랩쳐,concept,0,0,,10,142,이름
event_schooloflock,234,org:M.M.R.,org,5,0,,12,12,기록+이름
event_schooloflock,234,person:마르차나,person,14,441,45,57,8,기록+말함
event_schooloflock,234,person:에테르,person,5,108,11,11,12,기록+말함
event_schooloflock,234,person:츠바이,person,3,78,8,18,7,기록
event_schooloflock,234,person:트리세라,person,6,109,11,41,1,기록+말함
event_schooloflock,234,place:미미르_부속_고등학교,place,11,0,,43,12,기록+이름
event_schooloflock,234,place:지상,place,0,0,,23,132,이름
char:321,235,person:라이,person,1,94,20,57,6,말함
char:321,235,person:마르차나,person,5,258,55,62,8,기록+말함
event_dazzlingcupid,236,person:나가,person,13,391,48,88,6,기록+말함
event_dazzlingcupid,236,person:티아,person,11,391,48,115,5,기록+말함
event_dazzlingcupid,236,place:미미르_부속_고등학교,place,3,0,,2,12,기록
char:450,237,person:나가,person,7,216,59,46,6,기록+말함
char:450,237,person:마르차나,person,2,27,7,3,8,기록
char:450,237,person:티아,person,4,126,34,45,5,기록+말함
char:450,237,place:미미르_부속_고등학교,place,2,0,,4,12,기록
char:451,238,person:나가,person,1,71,19,21,6,말함
char:451,238,person:티아,person,4,227,61,58,5,기록+말함
event_freezeacpu,239,org:A.C.P.U.,org,4,0,,8,9,기록+이름
event_freezeacpu,239,org:카운터스,org,2,0,,6,32,기록+이름
event_freezeacpu,239,person:드레이크,person,2,111,10,23,16,기록
event_freezeacpu,239,person:아니스,person,0,150,13,12,119,말함
event_freezeacpu,239,person:키리,person,7,301,27,51,5,기록+말함
event_freezeacpu,239,person:폴리,person,2,222,20,30,10,기록+말함
event_freezeacpu,239,place:방주,place,1,0,,6,171,이름
char:33,240,org:A.C.P.U.,org,1,0,,9,9,이름
char:33,240,person:리타,person,1,53,12,9,8,말함
char:33,240,person:키리,person,4,198,44,56,5,기록+말함
char:33,240,person:폴리,person,2,81,18,17,10,기록+말함
char:33,240,place:방주,place,0,0,,5,171,이름
char:33,240,place:전초기지,place,1,0,,12,13,이름
ch25,241,concept:니케,concept,0,0,,8,186,이름
ch25,241,concept:랩쳐,concept,0,0,,8,142,이름
ch25,241,concept:퍼펙트,concept,2,0,,6,16,기록+이름
ch25,241,concept:헬레틱,concept,1,0,,15,40,이름
ch25,241,org:갓데스,org,5,0,,3,30,기록
ch25,241,org:미실리스,org,2,0,,5,32,기록+이름
ch25,241,org:중앙_정부,org,6,0,,10,67,기록+이름
ch25,241,org:카운터스,org,2,0,,1,32,기록
ch25,241,org:필그림,org,1,0,,14,21,이름
ch25,241,person:네온,person,4,168,16,13,55,기록+말함
ch25,241,person:니힐리스타,person,4,27,3,18,11,기록
ch25,241,person:도로시,person,19,247,23,40,31,기록+말함
ch25,241,person:도반,person,3,43,4,1,8,기록
ch25,241,person:라피,person,6,0,0,51,85,기록
ch25,241,person:레드_후드,person,5,38,4,6,26,기록
ch25,241,person:버닝엄,person,3,30,3,4,14,기록
ch25,241,person:슈엔,person,3,49,5,14,30,기록
ch25,241,person:아니스,person,5,274,26,12,119,기록+말함
ch25,241,person:에닉,person,6,43,4,9,22,기록
ch25,241,person:엔더슨,person,9,100,9,0,32,기록
ch25,241,person:인디빌리아,person,2,0,0,7,9,기록
ch25,241,person:차임,person,2,23,2,2,8,기록
ch25,241,person:크라운,person,2,14,1,0,8,기록
ch25,241,person:토커티브,person,2,0,0,9,15,기록
ch25,241,place:방주,place,6,0,,51,171,기록+이름
ch25,241,place:에덴,place,4,0,,12,25,기록+이름
ch25,241,place:지상,place,1,0,,18,132,이름
sub:중앙정부_프로토콜_00,242,person:엑시아,person,1,45,79,3,12,말함
sub:중앙정부_프로토콜_00,242,place:방주,place,2,0,,1,171,기록
sub:중앙정부_프로토콜_00,242,place:쉘터,place,2,0,,0,4,기록
relic:마더웨일아종목격보고.wav,243,concept:마더_웨일,concept,1,0,,5,6,이름
ch26,244,concept:니케,concept,0,0,,5,186,이름
ch26,244,concept:랩쳐,concept,0,0,,10,142,이름
ch26,244,concept:마더_웨일,concept,1,0,,6,6,이름
ch26,244,concept:울트라,concept,2,0,,1,2,기록
ch26,244,concept:웨일리,concept,0,0,,20,7,이름
ch26,244,org:갓데스,org,6,0,,11,30,기록+이름
ch26,244,org:미실리스,org,2,0,,1,32,기록
ch26,244,org:바이스리터,org,4,0,,7,1,기록+이름
ch26,244,org:필그림,org,2,0,,2,21,기록
ch26,244,person:네온,person,2,89,8,10,55,기록
ch26,244,person:도로시,person,15,235,21,36,31,기록+말함
ch26,244,person:라푼젤,person,2,7,1,2,18,기록
ch26,244,person:라피,person,19,58,5,73,85,기록
ch26,244,person:레드_후드,person,32,353,31,66,26,기록+말함
ch26,244,person:마리안,person,2,0,0,5,20,기록
ch26,244,person:버닝엄,person,4,34,3,0,14,기록
ch26,244,person:슈엔,person,3,24,2,4,30,기록
ch26,244,person:스노우_화이트,person,2,3,0,5,26,기록
ch26,244,person:아니스,person,3,151,13,14,119,기록+말함
ch26,244,person:엔더슨,person,2,33,3,0,32,기록
ch26,244,person:잉그리드,person,3,29,3,4,37,기록
ch26,244,person:차임,person,4,76,7,11,8,기록
ch26,244,person:퀸,person,2,0,0,2,20,기록
ch26,244,person:크라운,person,4,48,4,6,8,기록
ch26,244,place:방주,place,4,0,,23,171,기록+이름
ch26,244,place:에덴,place,3,0,,10,25,기록+이름
ch26,244,place:지상,place,0,0,,14,132,이름
sub:로망티스트_01,245,person:네온,person,0,8,13,0,55,말함
sub:로망티스트_01,245,person:라피,person,0,11,17,0,85,말함
sub:로망티스트_01,245,person:로망티스트,person,4,32,51,3,2,기록+말함
sub:로망티스트_01,245,person:아니스,person,0,12,19,0,119,말함
sub:코인_러시_00,246,org:테트라,org,2,0,,1,13,기록
sub:코인_러시_00,246,person:네온,person,0,8,10,1,55,말함
sub:코인_러시_00,246,person:누아르,person,2,29,38,2,7,기록+말함
sub:코인_러시_00,246,person:블랑,person,2,24,31,4,6,기록+말함
sub:코인_러시_00,246,person:아니스,person,1,13,17,0,119,말함
sub:코인_러시_00,246,place:코인_러시,place,2,0,,4,11,기록
relic:저주받은보석,247,concept:니케,concept,0,0,,9,186,이름
relic:저주받은보석,247,concept:랩쳐,concept,0,0,,5,142,이름
relic:저주받은보석,247,concept:마스터_급,concept,2,0,,1,1,기록
event_redash,248,concept:니케,concept,2,0,,42,186,기록+이름
event_redash,248,concept:랩쳐,concept,8,0,,96,142,기록+이름
event_redash,248,concept:양산형_니케,concept,4,0,,22,26,기록+이름
event_redash,248,concept:울트라,concept,2,0,,6,2,기록+이름
event_redash,248,concept:적합자,concept,2,0,,3,1,기록
event_redash,248,concept:침식,concept,14,0,,37,21,기록+이름
event_redash,248,concept:콜드_슬립,concept,2,0,,3,1,기록
event_redash,248,concept:페어리_테일,concept,3,0,,9,7,기록+이름
event_redash,248,item:유리_구두,item,4,0,,6,6,기록+이름
event_redash,248,org:V.T.C.,org,4,0,,6,10,기록+이름
event_redash,248,org:갓데스,org,19,0,,35,30,기록+이름
event_redash,248,org:엘리시온,org,2,0,,6,17,기록+이름
event_redash,248,org:인류연합군,org,4,0,,5,7,기록+이름
event_redash,248,org:중앙_정부,org,3,0,,8,67,기록+이름
event_redash,248,person:도로시,person,9,210,10,25,31,기록+말함
event_redash,248,person:라푼젤,person,9,193,9,19,18,기록
event_redash,248,person:라피,person,3,0,0,2,85,기록
event_redash,248,person:레드_후드,person,32,720,35,174,26,기록+말함
event_redash,248,person:릴리바이스,person,18,275,13,13,14,기록+말함
event_redash,248,person:스노우_화이트,person,16,358,17,60,26,기록+말함
event_redash,248,person:신데렐라,person,5,0,0,19,26,기록
event_redash,248,person:아나키오르,person,4,6,0,19,9,기록
event_redash,248,person:오스왈드,person,7,105,5,10,7,기록
event_redash,248,person:퀸,person,2,0,0,6,20,기록
event_redash,248,person:프리시아,person,4,26,1,4,3,기록
event_redash,248,person:홍련,person,6,172,8,24,18,기록
event_redash,248,place:궤도_엘리베이터,place,3,0,,17,11,기록+이름
event_redash,248,place:방주,place,5,0,,22,171,기록+이름
erelic:red_ash_lost,249,concept:니케,concept,0,0,,10,186,이름
erelic:red_ash_lost,249,concept:침식,concept,2,0,,8,21,기록+이름
erelic:red_ash_lost,249,concept:페어리_테일,concept,5,0,,7,7,기록+이름
erelic:red_ash_lost,249,org:V.T.C.,org,3,0,,7,10,기록+이름
erelic:red_ash_lost,249,org:갓데스,org,7,0,,8,30,기록+이름
erelic:red_ash_lost,249,person:도로시,person,4,153,14,20,31,기록+말함
erelic:red_ash_lost,249,person:라푼젤,person,3,261,24,33,18,기록+말함
erelic:red_ash_lost,249,person:레드_후드,person,5,280,26,47,26,기록+말함
erelic:red_ash_lost,249,person:로스트_넘버,person,3,0,0,27,1,기록
erelic:red_ash_lost,249,person:릴리바이스,person,8,199,18,6,14,기록+말함
erelic:red_ash_lost,249,person:엔더슨,person,2,0,0,350,32,기록
erelic:red_ash_lost,249,person:홍련,person,4,107,10,22,18,기록
erelic:red_ash_mini,250,org:갓데스,org,3,0,,19,30,기록+이름
erelic:red_ash_mini,250,person:도로시,person,2,25,9,1,31,기록
erelic:red_ash_mini,250,person:레드_후드,person,5,82,30,4,26,기록+말함
erelic:red_ash_mini,250,person:스노우_화이트,person,5,88,33,4,26,기록+말함
erelic:red_ash_mini,250,person:신데렐라,person,2,0,0,5,26,기록
char:470,251,concept:니케,concept,0,0,,10,186,이름
char:470,251,concept:랩쳐,concept,0,0,,10,142,이름
char:470,251,concept:페어리_테일,concept,1,0,,9,7,이름
char:470,251,org:갓데스,org,4,0,,17,30,기록+이름
char:470,251,person:네온,person,0,43,13,0,55,말함
char:470,251,person:라피,person,2,0,0,4,85,기록
char:470,251,person:레드_후드,person,11,226,66,8,26,기록+말함
char:470,251,person:릴리바이스,person,2,0,0,6,14,기록
char:470,251,person:아니스,person,3,73,21,2,119,기록+말함
char:470,251,person:홍련,person,2,0,0,7,18,기록
char:470,251,place:방주,place,2,0,,17,171,기록+이름
char:224,252,concept:니케,concept,1,0,,13,186,이름
char:224,252,concept:랩쳐,concept,3,0,,19,142,기록+이름
char:224,252,person:릴리바이스,person,6,225,50,23,14,기록+말함
char:224,252,person:스노우_화이트,person,9,224,50,25,26,기록+말함
event_alonesurvivor,253,concept:니케,concept,0,0,,16,186,이름
event_alonesurvivor,253,org:언리미티드,org,6,0,,8,6,기록+이름
event_alonesurvivor,253,person:네베,person,2,47,5,11,2,기록
event_alonesurvivor,253,person:루드밀라,person,6,193,21,11,11,기록+말함
event_alonesurvivor,253,person:토브,person,11,646,71,64,3,기록+말함
event_alonesurvivor,253,place:글리터_산맥,place,2,0,,7,1,기록+이름
event_alonesurvivor,253,place:방주,place,2,0,,6,171,기록+이름
event_alonesurvivor,253,place:북부,place,0,0,,16,7,이름
char:192,254,concept:니케,concept,1,0,,6,186,이름
char:192,254,org:언리미티드,org,2,0,,9,6,기록+이름
char:192,254,person:루드밀라,person,6,93,20,8,11,기록+말함
char:192,254,person:토브,person,5,326,69,29,3,기록+말함
char:192,254,place:북부,place,0,0,,5,7,이름
event_neverland1,255,concept:니케,concept,0,0,,8,186,이름
event_neverland1,255,concept:랩쳐,concept,0,0,,7,142,이름
event_neverland1,255,concept:로열,concept,2,0,,10,7,기록+이름
event_neverland1,255,org:스카우팅,org,1,0,,6,2,이름
event_neverland1,255,org:앱솔루트,org,1,0,,5,15,이름
event_neverland1,255,org:카운터스,org,1,0,,5,32,이름
event_neverland1,255,person:누아르,person,2,56,3,19,7,기록
event_neverland1,255,person:루드밀라,person,8,375,20,48,11,기록+말함
event_neverland1,255,person:미카,person,10,537,28,202,6,기록+말함
event_neverland1,255,person:벨로타,person,8,399,21,213,6,기록+말함
event_neverland1,255,person:블랑,person,2,118,6,23,6,기록
event_neverland1,255,person:엔더슨,person,3,40,2,5,32,기록
event_neverland1,255,person:잉그리드,person,2,8,0,0,37,기록
event_neverland1,255,place:방주,place,0,0,,7,171,이름
event_neverland1,255,place:북부,place,0,0,,16,7,이름
event_neverland1,255,place:설온장,place,3,0,,23,4,기록+이름
event_neverland1,255,place:지상,place,0,0,,16,132,이름
event_neverland1,255,place:천사_고아원,place,4,0,,21,2,기록+이름
char:194,256,concept:니케,concept,0,0,,11,186,이름
char:194,256,concept:로열,concept,1,0,,21,7,이름
char:194,256,person:루드밀라,person,5,201,94,70,11,기록+말함
char:194,256,person:미카,person,2,13,6,8,6,기록
char:194,256,person:벨로타,person,3,0,0,4,6,기록
char:194,256,place:설온장,place,1,0,,17,4,이름
char:194,256,place:천사_고아원,place,3,0,,4,2,기록
char:62,257,person:미카,person,7,210,60,82,6,기록+말함
char:62,257,person:벨로타,person,4,126,36,79,6,기록+말함
char:62,257,place:설온장,place,1,0,,7,4,이름
event_newyearnewsword,258,concept:니케,concept,1,0,,38,186,이름
event_newyearnewsword,258,concept:랩쳐,concept,0,0,,40,142,이름
event_newyearnewsword,258,concept:사고_전환,concept,2,0,,8,8,기록+이름
event_newyearnewsword,258,concept:양산형_니케,concept,1,0,,16,26,이름
event_newyearnewsword,258,concept:페어리_테일,concept,0,0,,5,7,이름
event_newyearnewsword,258,item:화무십일홍,item,3,0,,3,1,기록
event_newyearnewsword,258,org:갓데스,org,2,0,,6,30,기록+이름
event_newyearnewsword,258,org:근접_전투_스쿼드,org,10,0,,5,2,기록+이름
event_newyearnewsword,258,org:인류연합군,org,4,0,,5,7,기록+이름
event_newyearnewsword,258,person:노이즈,person,3,16,2,6,5,기록
event_newyearnewsword,258,person:장화,person,20,415,47,39,5,기록+말함
event_newyearnewsword,258,person:홍련,person,18,449,50,60,18,기록+말함
event_newyearnewsword,258,place:지상,place,0,0,,6,132,이름
char:225,259,org:갓데스,org,4,0,,7,30,기록+이름
char:225,259,org:근접_전투_스쿼드,org,2,0,,9,2,기록+이름
char:225,259,person:도로시,person,4,67,16,3,31,기록+말함
char:225,259,person:레드_후드,person,2,59,14,13,26,기록+말함
char:225,259,person:릴리바이스,person,2,72,17,4,14,기록+말함
char:225,259,person:홍련,person,8,169,40,28,18,기록+말함
event_lionheart,260,org:동물권_단체,org,2,0,,4,1,기록
event_lionheart,260,org:해피_주,org,5,0,,2,3,기록
event_lionheart,260,person:길로틴,person,3,59,6,26,6,기록
event_lionheart,260,person:레오나,person,14,558,54,51,3,기록+말함
event_lionheart,260,person:머스탱,person,4,56,5,3,27,기록
event_lionheart,260,person:비스킷,person,1,238,23,23,5,말함
event_lionheart,260,person:티미,person,2,14,1,55,2,기록
event_lionheart,260,place:지상,place,0,0,,24,132,이름
char:382,261,org:해피_주,org,2,0,,1,3,기록
char:382,261,person:레오나,person,6,248,81,27,3,기록+말함
char:382,261,person:티미,person,2,33,11,80,2,기록+말함
char:382,261,place:지상,place,0,0,,12,132,이름
event_dirtybackyard,262,concept:미스트,concept,6,0,,51,7,기록+이름
event_dirtybackyard,262,org:모란회,org,7,0,,30,4,기록+이름
event_dirtybackyard,262,org:언더월드_퀸,org,2,0,,3,9,기록
event_dirtybackyard,262,person:머스탱,person,2,0,0,3,27,기록
event_dirtybackyard,262,person:목단,person,13,419,50,73,9,기록+말함
event_dirtybackyard,262,person:사쿠라,person,2,23,3,3,10,기록
event_dirtybackyard,262,person:슈가,person,11,293,35,41,10,기록+말함
event_dirtybackyard,262,person:식스오,person,10,0,0,30,9,기록
event_dirtybackyard,262,person:진,person,2,82,10,0,4,기록
event_dirtybackyard,262,place:블랙넷,place,3,0,,2,6,기록
event_dirtybackyard,262,place:아우터_림,place,8,0,,26,43,기록+이름
event_dirtybackyard,262,place:포그_할로우,place,8,0,,25,2,기록+이름
char:281,263,concept:크레디트,concept,0,0,,13,4,이름
char:281,263,org:모란회,org,2,0,,10,4,기록+이름
char:281,263,person:목단,person,4,286,70,30,9,기록+말함
char:281,263,person:진,person,2,61,15,0,4,기록+말함
event_perfectmaid,264,concept:니케,concept,1,0,,11,186,이름
event_perfectmaid,264,org:메이드_포_유,org,4,0,,2,4,기록
event_perfectmaid,264,org:메티스,org,0,0,,6,21,이름
event_perfectmaid,264,org:미실리스,org,0,0,,5,32,이름
event_perfectmaid,264,person:드레이크,person,2,64,6,19,16,기록
event_perfectmaid,264,person:에이드,person,13,314,29,91,9,기록+말함
event_perfectmaid,264,person:코코아,person,2,126,12,38,10,기록+말함
event_perfectmaid,264,person:프리바티,person,6,464,43,74,11,기록+말함
char:313,265,person:프리바티,person,3,299,96,21,11,기록+말함
char:310,266,person:에이드,person,5,207,82,53,9,기록+말함
char:310,266,person:코코아,person,1,31,12,6,10,말함
ch27,267,concept:니케,concept,0,0,,5,186,이름
ch27,267,concept:랩쳐,concept,4,0,,63,142,기록+이름
ch27,267,concept:마더_웨일,concept,2,0,,6,6,기록+이름
ch27,267,concept:웨일리,concept,3,0,,9,7,기록+이름
ch27,267,concept:특수_별동대,concept,3,0,,10,5,기록+이름
ch27,267,org:보타닉_가든,org,2,0,,3,3,기록
ch27,267,org:일렉트릭_쇼크,org,2,0,,4,5,기록
ch27,267,org:중앙_정부,org,1,0,,10,67,이름
ch27,267,org:카운터스,org,1,0,,7,32,이름
ch27,267,org:패스파인더,org,3,0,,2,2,기록
ch27,267,org:해머&드릴,org,3,0,,4,2,기록
ch27,267,person:네온,person,5,77,6,12,55,기록
ch27,267,person:도로시,person,2,0,0,1,31,기록
ch27,267,person:라피,person,3,132,11,8,85,기록+말함
ch27,267,person:랩칠리언,person,7,67,5,5,11,기록
ch27,267,person:리버린,person,12,211,17,18,9,기록+말함
ch27,267,person:시프티,person,3,114,9,7,18,기록
ch27,267,person:아니스,person,3,110,9,12,119,기록
ch27,267,person:엔더슨,person,7,76,6,0,32,기록
ch27,267,person:일레그,person,13,252,21,22,14,기록+말함
ch27,267,person:해머링,person,9,158,13,31,6,기록+말함
ch27,267,place:방주,place,5,0,,19,171,기록+이름
ch27,267,place:수정_지역,place,8,0,,8,14,기록+이름
ch27,267,place:지상,place,0,0,,23,132,이름
ch27,267,place:탈환지_01,place,4,0,,12,3,기록+이름
sub:피라_00,268,person:라피,person,3,19,43,6,85,기록+말함
sub:피라_00,268,person:피라,person,1,25,57,2,3,말함
sub:피라_01,269,person:라피,person,1,37,49,8,85,말함
sub:피라_01,269,person:피라,person,0,39,51,2,3,말함
sub:피라_02,270,person:라피,person,3,46,62,10,85,기록+말함
sub:피라_02,270,person:레드_후드,person,5,1,1,4,26,기록
sub:피라_02,270,person:피라,person,0,27,36,2,3,말함
sub:피라_02,270,place:탈환지_01,place,3,0,,1,3,기록
sub:트윙클_00,271,person:아니스,person,2,48,39,7,119,기록+말함
sub:트윙클_00,271,person:트윙클,person,1,76,61,2,1,말함
sub:트윙클_00,271,place:지상,place,0,0,,9,132,이름
sub:트윙클_00,271,place:탈환지_01,place,2,0,,1,3,기록
relic:잘지내라친구,272,item:방주_추첨권,item,2,0,,2,2,기록
relic:잘지내라친구,272,person:레드_후드,person,2,0,0,8,26,기록
ch28,273,concept:랩쳐,concept,2,0,,29,142,기록+이름
ch28,273,concept:타일런트_급,concept,0,0,,6,12,이름
ch28,273,item:세븐스_드워프,item,2,0,,4,7,기록
ch28,273,person:네온,person,3,104,9,20,55,기록
ch28,273,person:라피,person,11,170,15,11,85,기록+말함
ch28,273,person:리버린,person,10,275,24,42,9,기록+말함
ch28,273,person:시프티,person,4,61,5,4,18,기록
ch28,273,person:아니스,person,2,145,13,10,119,기록+말함
ch28,273,person:언노운,person,4,0,0,11,3,기록
ch28,273,person:일레그,person,13,242,21,30,14,기록+말함
ch28,273,person:해머링,person,4,129,11,32,6,기록+말함
ch28,273,place:방주,place,4,0,,11,171,기록+이름
ch28,273,place:수정_지역,place,12,0,,0,14,기록
ch28,273,place:지상,place,0,0,,6,132,이름
sub:택틱컬틱택_00,274,concept:니케,concept,0,0,,8,186,이름
sub:택틱컬틱택_00,274,concept:양산형_니케,concept,1,0,,10,26,이름
sub:택틱컬틱택_00,274,org:엘리시온,org,2,0,,4,17,기록
sub:택틱컬틱택_00,274,person:라피,person,1,21,21,3,85,말함
sub:택틱컬틱택_00,274,person:아니스,person,0,12,12,0,119,말함
sub:택틱컬틱택_00,274,person:택티컬티택,person,2,59,58,2,2,기록+말함
sub:택틱컬틱택_01,275,concept:기억_소거,concept,3,0,,1,9,기록
sub:택틱컬틱택_01,275,person:라피,person,2,7,14,1,85,기록+말함
sub:택틱컬틱택_01,275,person:잉그리드,person,4,0,0,3,37,기록
sub:택틱컬틱택_01,275,person:택티컬티택,person,1,39,80,2,2,말함
sub:핸섬_커맨더_00,276,person:네온,person,0,11,10,1,55,말함
sub:핸섬_커맨더_00,276,person:라피,person,1,13,12,1,85,말함
sub:핸섬_커맨더_00,276,person:시프티,person,2,16,15,0,18,기록+말함
sub:핸섬_커맨더_00,276,person:이안_맥스,person,3,0,0,2,2,기록
sub:핸섬_커맨더_00,276,person:핸섬_커맨더,person,1,58,54,2,2,말함
sub:핸섬_커맨더_00,276,place:수정_지역,place,3,0,,0,14,기록
sub:핸섬_커맨더_01,277,person:이안_맥스,person,5,0,0,0,2,기록
sub:핸섬_커맨더_01,277,person:핸섬_커맨더,person,0,85,81,3,2,말함
sub:핸섬_커맨더_01,277,place:방주,place,2,0,,4,171,기록
sub:핸섬_커맨더_01,277,place:수정_지역,place,2,0,,0,14,기록
sub:MMR지킴이_00,278,org:M.M.R.,org,2,0,,2,12,기록
sub:MMR지킴이_00,278,person:MMR지킴이,person,1,78,71,2,1,말함
sub:MMR지킴이_00,278,person:네온,person,1,14,13,1,55,말함
sub:MMR지킴이_00,278,person:에테르,person,5,0,0,5,12,기록
sub:MMR지킴이_00,278,place:수정_지역,place,2,0,,0,14,기록
relic:조난일지,279,place:수정_지역,place,3,0,,0,14,기록
event_boomsday,280,concept:니케,concept,0,0,,6,186,이름
event_boomsday,280,concept:방주_동력원,concept,7,0,,4,3,기록
event_boomsday,280,concept:이터널_스카이,concept,3,0,,11,2,기록+이름
event_boomsday,280,concept:컨버터,concept,4,0,,24,2,기록+이름
event_boomsday,280,org:미실리스,org,2,0,,6,32,기록+이름
event_boomsday,280,org:아크레인저,org,1,0,,13,4,이름
event_boomsday,280,org:일렉트릭_쇼크,org,2,0,,18,5,기록+이름
event_boomsday,280,person:아크레인저_블랙,person,2,0,0,6,4,기록
event_boomsday,280,person:일레그,person,13,497,65,106,14,기록+말함
event_boomsday,280,person:트로니,person,22,161,21,219,11,기록+말함
event_boomsday,280,place:방주,place,6,0,,44,171,기록+이름
char:500,281,person:맥스웰,person,1,65,20,8,15,말함
char:500,281,person:일레그,person,3,219,67,15,14,기록+말함
event_killthelord,282,concept:로열,concept,3,0,,12,7,기록+이름
event_killthelord,282,concept:미스트,concept,3,0,,1,7,기록
event_killthelord,282,org:중앙_정부,org,1,0,,6,67,이름
event_killthelord,282,org:헤도니아,org,0,0,,8,6,이름
event_killthelord,282,org:화양연화,org,5,0,,1,1,기록
event_killthelord,282,person:D,person,8,503,55,74,9,기록+말함
event_killthelord,282,person:K,person,2,122,13,12,8,기록+말함
event_killthelord,282,person:로산나,person,5,137,15,20,9,기록+말함
event_killthelord,282,person:식스오,person,3,0,0,6,9,기록
event_killthelord,282,person:카밀라,person,8,160,17,30,1,기록+말함
event_killthelord,282,place:방주,place,0,0,,5,171,이름
char:43,283,concept:니케,concept,0,0,,6,186,이름
char:43,283,person:D,person,3,341,89,33,9,기록+말함
char:822,284,person:람,person,2,60,37,40,1,기록+말함
char:822,284,person:코코아,person,2,95,59,18,10,기록+말함
char:821,285,person:디젤,person,1,77,30,9,7,말함
char:821,285,person:소다,person,0,28,11,2,6,말함
char:821,285,person:에밀리아,person,2,112,44,32,1,기록+말함
char:820,286,person:렘,person,2,102,37,46,1,기록+말함
char:820,286,person:솔린,person,2,124,45,34,9,기록+말함
event_liarsend,287,concept:니케,concept,0,0,,5,186,이름
event_liarsend,287,concept:랩쳐,concept,0,0,,12,142,이름
event_liarsend,287,org:메티스,org,0,0,,7,21,이름
event_liarsend,287,person:슈엔,person,0,65,18,6,30,말함
event_liarsend,287,place:지상,place,0,0,,11,132,이름
side:second_affection,288,concept:랩쳐,concept,0,0,,16,142,이름
side:second_affection,288,concept:에블라_입자,concept,2,0,,2,9,기록
side:second_affection,288,concept:타일런트_급,concept,1,0,,6,12,이름
side:second_affection,288,person:라푼젤,person,7,137,13,20,18,기록+말함
side:second_affection,288,person:마리안,person,27,326,32,61,20,기록+말함
side:second_affection,288,person:스노우_화이트,person,12,163,16,29,26,기록+말함
side:second_affection,288,person:차임,person,10,153,15,19,8,기록+말함
side:second_affection,288,person:크라운,person,15,90,9,22,8,기록
side:second_affection,288,person:홍련,person,7,146,14,10,18,기록+말함
side:second_affection,288,place:방주,place,3,0,,14,171,기록+이름
event_onemoretime,289,concept:니케,concept,0,0,,10,186,이름
event_onemoretime,289,org:리와인드,org,5,0,,37,3,기록+이름
event_onemoretime,289,person:베이,person,10,550,45,135,5,기록+말함
event_onemoretime,289,person:클레이,person,10,344,28,143,3,기록+말함
event_onemoretime,289,person:폴리,person,3,145,12,51,10,기록+말함
event_onemoretime,289,place:방주,place,0,0,,11,171,이름
char:550,290,org:리와인드,org,2,0,,12,3,기록+이름
char:550,290,person:베이,person,5,277,98,98,5,기록+말함
ch29,291,concept:니케,concept,0,0,,11,186,이름
ch29,291,concept:랩쳐,concept,0,0,,21,142,이름
ch29,291,item:세븐스_드워프,item,2,0,,1,7,기록
ch29,291,org:필그림,org,0,0,,5,21,이름
ch29,291,org:해머&드릴,org,2,0,,2,2,기록
ch29,291,person:그레이브,person,4,48,4,0,23,기록
ch29,291,person:드릴리,person,9,170,16,18,2,기록+말함
ch29,291,person:리버린,person,9,39,4,30,9,기록
ch29,291,person:시프티,person,5,103,10,7,18,기록
ch29,291,person:아니스,person,1,137,13,2,119,말함
ch29,291,person:언노운,person,3,0,0,25,3,기록
ch29,291,person:일레그,person,5,145,13,14,14,기록+말함
ch29,291,person:트로니,person,3,92,8,9,11,기록
ch29,291,person:프레자일,person,12,152,14,17,4,기록+말함
ch29,291,person:해머링,person,5,19,2,33,6,기록
ch29,291,place:수정_지역,place,6,0,,3,14,기록
relic:반드시사수하라,292,item:하모니_큐브,item,3,0,,4,7,기록
ch30,293,concept:니케,concept,2,0,,12,186,기록+이름
ch30,293,concept:랩쳐,concept,0,0,,7,142,이름
ch30,293,concept:크리스탈_체임버,concept,3,0,,7,1,기록+이름
ch30,293,item:브레인_셸터,item,2,0,,4,4,기록
ch30,293,item:하모니_큐브,item,3,0,,15,7,기록+이름
ch30,293,org:중앙_정부,org,4,0,,8,67,기록+이름
ch30,293,org:패스파인더,org,4,0,,2,2,기록
ch30,293,person:그레이브,person,13,147,14,23,23,기록+말함
ch30,293,person:드릴리,person,3,116,11,14,2,기록+말함
ch30,293,person:라피,person,8,136,13,34,85,기록+말함
ch30,293,person:리버린,person,16,193,18,43,9,기록+말함
ch30,293,person:시프티,person,1,125,12,4,18,말함
ch30,293,person:식스오,person,7,0,0,21,9,기록
ch30,293,person:아나키오르,person,2,0,0,3,9,기록
ch30,293,person:언노운,person,3,0,0,9,3,기록
ch30,293,person:일레그,person,7,79,8,11,14,기록
ch30,293,person:잉그리드,person,2,0,0,5,37,기록
ch30,293,person:트로니,person,5,39,4,3,11,기록
ch30,293,person:프레자일,person,10,83,8,26,4,기록
ch30,293,person:해머링,person,5,44,4,30,6,기록
ch30,293,place:방주,place,3,0,,24,171,기록+이름
ch30,293,place:블랙넷,place,1,0,,7,6,이름
ch30,293,place:수정_지역,place,3,0,,2,14,기록
relic:하모니큐브관찰일지,294,item:하모니_큐브,item,3,0,,5,7,기록+이름
event_lastkingdom1,295,concept:니케,concept,1,0,,17,186,이름
event_lastkingdom1,295,concept:랩쳐,concept,0,0,,62,142,이름
event_lastkingdom1,295,concept:에블라_입자,concept,2,0,,14,9,기록+이름
event_lastkingdom1,295,concept:침식,concept,1,0,,5,21,이름
event_lastkingdom1,295,concept:하이퍼_푸드,concept,5,0,,7,1,기록+이름
event_lastkingdom1,295,concept:헬레틱,concept,3,0,,25,40,기록+이름
event_lastkingdom1,295,item:네이키드_킹,item,3,0,,5,2,기록+이름
event_lastkingdom1,295,org:필그림,org,1,0,,8,21,이름
event_lastkingdom1,295,person:T.A.L.O.S.,person,13,201,7,1,3,기록
event_lastkingdom1,295,person:니힐리스타,person,2,0,0,1,11,기록
event_lastkingdom1,295,person:라푼젤,person,5,64,2,10,18,기록
event_lastkingdom1,295,person:마리안,person,19,245,9,75,20,기록
event_lastkingdom1,295,person:모더니아,person,2,0,0,3,6,기록
event_lastkingdom1,295,person:스노우_화이트,person,3,96,4,6,26,기록
event_lastkingdom1,295,person:인디빌리아,person,18,282,10,28,9,기록+말함
event_lastkingdom1,295,person:차임,person,19,438,16,81,8,기록+말함
event_lastkingdom1,295,person:퀸,person,2,0,0,2,20,기록
event_lastkingdom1,295,person:크라운,person,25,503,18,65,8,기록+말함
event_lastkingdom1,295,person:킬로,person,18,654,24,108,3,기록+말함
event_lastkingdom1,295,person:토커티브,person,16,170,6,37,15,기록
event_lastkingdom1,295,person:홍련,person,4,84,3,8,18,기록
event_lastkingdom1,295,place:방주,place,4,0,,23,171,기록+이름
event_lastkingdom1,295,place:지상,place,1,0,,16,132,이름
event_lastkingdom1,295,place:크라운_왕국,place,8,0,,9,3,기록+이름
char:330,296,concept:니케,concept,0,0,,5,186,이름
char:330,296,person:마리안,person,2,0,0,3,20,기록
char:330,296,person:아니스,person,0,44,12,4,119,말함
char:330,296,person:차임,person,5,109,29,14,8,기록+말함
char:330,296,person:크라운,person,11,185,50,14,8,기록+말함
char:330,296,place:지상,place,0,0,,7,132,이름
char:330,296,place:크라운_왕국,place,5,0,,20,3,기록+이름
char:361,297,concept:니케,concept,0,0,,10,186,이름
char:361,297,org:카운터스,org,0,0,,7,32,이름
char:361,297,org:헤비그램,org,2,0,,3,1,기록
char:361,297,person:T.A.L.O.S.,person,3,18,4,0,3,기록
char:361,297,person:네온,person,0,61,12,2,55,말함
char:361,297,person:라피,person,1,134,27,4,85,말함
char:361,297,person:아니스,person,0,73,15,2,119,말함
char:361,297,person:킬로,person,5,209,42,20,3,기록+말함
char:361,297,place:전초기지,place,0,0,,6,13,이름
char:361,297,place:지상,place,0,0,,6,132,이름
event_darkhero,298,concept:니케,concept,0,0,,13,186,이름
event_darkhero,298,concept:랩쳐,concept,0,0,,7,142,이름
event_darkhero,298,concept:마테리얼_H,concept,4,0,,5,3,기록+이름
event_darkhero,298,concept:방주_동력원,concept,4,0,,0,3,기록
event_darkhero,298,org:M.M.R.,org,6,0,,10,12,기록+이름
event_darkhero,298,org:아크레인저,org,2,0,,40,4,기록+이름
event_darkhero,298,org:일렉트릭_쇼크,org,4,0,,11,5,기록+이름
event_darkhero,298,org:중앙_정부,org,3,0,,12,67,기록+이름
event_darkhero,298,person:마나,person,2,0,0,1,12,기록
event_darkhero,298,person:메이든,person,9,145,14,61,6,기록+말함
event_darkhero,298,person:아크레인저_블랙,person,4,86,9,31,4,기록
event_darkhero,298,person:에테르,person,5,129,13,17,12,기록+말함
event_darkhero,298,person:엑시아,person,2,111,11,24,12,기록+말함
event_darkhero,298,person:일레그,person,16,198,20,135,14,기록+말함
event_darkhero,298,person:잉그리드,person,2,7,1,10,37,기록
event_darkhero,298,person:트로니,person,23,311,31,174,11,기록+말함
event_darkhero,298,place:방주,place,3,0,,32,171,기록+이름
event_darkhero,298,place:수정_지역,place,2,0,,1,14,기록
event_darkhero,298,place:지상,place,0,0,,6,132,이름
char:501,299,org:일렉트릭_쇼크,org,1,0,,6,5,이름
char:501,299,person:라플라스,person,1,68,19,7,13,말함
char:501,299,person:일레그,person,3,40,11,19,14,기록+말함
char:501,299,person:트로니,person,4,201,57,55,11,기록+말함
event_goldencoinrush1,300,concept:니케,concept,0,0,,11,186,이름
event_goldencoinrush1,300,org:777,org,3,0,,21,4,기록+이름
event_goldencoinrush1,300,org:달란트,org,2,0,,7,4,기록+이름
event_goldencoinrush1,300,org:메이드_포_유,org,3,0,,7,4,기록+이름
event_goldencoinrush1,300,org:카페_스위티,org,2,0,,5,4,기록+이름
event_goldencoinrush1,300,org:테트라,org,2,0,,19,13,기록+이름
event_goldencoinrush1,300,org:프리마돈나,org,2,0,,0,1,기록
event_goldencoinrush1,300,person:누아르,person,2,16,1,10,7,기록
event_goldencoinrush1,300,person:루드밀라,person,2,4,0,4,11,기록
event_goldencoinrush1,300,person:루주,person,2,86,3,14,6,기록
event_goldencoinrush1,300,person:머스탱,person,2,322,11,25,27,기록+말함
event_goldencoinrush1,300,person:메어리,person,3,121,4,22,9,기록
event_goldencoinrush1,300,person:밀크,person,3,109,4,26,10,기록
event_goldencoinrush1,300,person:볼륨,person,3,97,3,27,3,기록
event_goldencoinrush1,300,person:블랑,person,3,67,2,22,6,기록
event_goldencoinrush1,300,person:소다,person,12,1009,35,224,6,기록+말함
event_goldencoinrush1,300,person:앨리스,person,5,428,15,88,6,기록+말함
event_goldencoinrush1,300,person:에이드,person,3,63,2,17,9,기록
event_goldencoinrush1,300,person:코코아,person,2,66,2,22,10,기록
event_goldencoinrush1,300,person:폴크방,person,4,95,3,19,3,기록
event_goldencoinrush1,300,place:코인_러시,place,1,0,,37,11,이름
char:314,301,person:루주,person,3,65,25,6,6,기록+말함
char:314,301,person:소다,person,3,196,75,49,6,기록+말함
char:314,301,place:코인_러시,place,2,0,,9,11,기록+이름
char:195,302,person:루드밀라,person,1,37,11,1,11,말함
char:195,302,person:소다,person,1,42,13,13,6,말함
char:195,302,person:앨리스,person,4,188,57,66,6,기록+말함
char:195,302,person:토브,person,0,41,13,1,3,말함
char:195,302,place:코인_러시,place,1,0,,10,11,이름
event_claymore,303,concept:니케,concept,0,0,,17,186,이름
event_claymore,303,org:리와인드,org,5,0,,32,3,기록+이름
event_claymore,303,person:마린,person,2,36,4,38,1,기록
event_claymore,303,person:밀크,person,6,234,24,85,10,기록+말함
event_claymore,303,person:베이,person,6,69,7,47,5,기록
event_claymore,303,person:클레이,person,14,605,63,100,3,기록+말함
event_claymore,303,place:언더_아레나,place,8,0,,31,2,기록+이름
char:551,304,person:베이,person,2,21,6,21,5,기록
char:551,304,person:클레이,person,4,201,53,47,3,기록+말함
char:551,304,person:프림,person,1,43,11,21,7,말함
event_beautyfullshot1,305,concept:니케,concept,0,0,,5,186,이름
event_beautyfullshot1,305,concept:크라켄,concept,2,0,,18,4,기록+이름
event_beautyfullshot1,305,item:아모르_테트라,item,3,0,,1,1,기록
event_beautyfullshot1,305,org:세이메이카이,org,3,0,,6,6,기록+이름
event_beautyfullshot1,305,org:언더월드_퀸,org,5,0,,4,9,기록
event_beautyfullshot1,305,org:이그조틱,org,3,0,,1,14,기록
event_beautyfullshot1,305,org:중앙_정부,org,1,0,,24,67,이름
event_beautyfullshot1,305,org:헤도니아,org,3,0,,7,6,기록+이름
event_beautyfullshot1,305,person:길티,person,7,132,6,28,3,기록
event_beautyfullshot1,305,person:라피,person,4,78,4,8,85,기록
event_beautyfullshot1,305,person:로산나,person,11,315,15,45,9,기록+말함
event_beautyfullshot1,305,person:머스탱,person,5,60,3,7,27,기록
event_beautyfullshot1,305,person:메어리,person,3,75,4,9,9,기록
event_beautyfullshot1,305,person:메이든,person,6,189,9,31,6,기록
event_beautyfullshot1,305,person:목단,person,2,53,3,7,9,기록
event_beautyfullshot1,305,person:바이퍼,person,8,372,18,51,11,기록+말함
event_beautyfullshot1,305,person:사쿠라,person,10,509,25,93,10,기록+말함
event_beautyfullshot1,305,person:자칼,person,4,107,5,24,7,기록
event_beautyfullshot1,305,place:방주,place,3,0,,29,171,기록+이름
event_beautyfullshot1,305,place:아우터_림,place,2,0,,5,43,기록+이름
event_beautyfullshot1,305,place:지상,place,0,0,,11,132,이름
event_beautyfullshot1,305,place:코랄_아일랜드,place,3,0,,1,1,기록
char:284,306,person:사쿠라,person,2,218,83,39,10,기록+말함
char:283,307,person:로산나,person,3,203,88,24,9,기록+말함
char:283,307,place:방주,place,2,0,,8,171,기록+이름
ch31,308,concept:E2_크리스탈,concept,4,0,,6,7,기록+이름
ch31,308,concept:로스트_섹터,concept,3,0,,9,1,기록+이름
ch31,308,concept:양산형_니케,concept,0,0,,5,26,이름
ch31,308,concept:헬레틱,concept,3,0,,27,40,기록+이름
ch31,308,item:A_필러,item,6,0,,13,3,기록+이름
ch31,308,item:하모니_큐브,item,6,0,,12,7,기록+이름
ch31,308,org:앱솔루트,org,3,0,,13,15,기록+이름
ch31,308,org:카운터스,org,2,0,,7,32,기록+이름
ch31,308,org:포비스트,org,4,0,,2,20,기록
ch31,308,person:그레이브,person,11,55,7,72,23,기록
ch31,308,person:라피,person,12,120,14,44,85,기록+말함
ch31,308,person:레드_후드,person,4,0,0,6,26,기록
ch31,308,person:마나,person,5,93,11,7,12,기록+말함
ch31,308,person:베스티,person,3,52,6,6,8,기록
ch31,308,person:베히모스,person,14,120,14,31,14,기록+말함
ch31,308,person:시프티,person,3,37,4,5,18,기록
ch31,308,person:신데렐라,person,2,0,0,2,26,기록
ch31,308,person:아나키오르,person,10,0,0,15,9,기록
ch31,308,person:아니스,person,0,99,12,4,119,말함
ch31,308,person:엠마,person,3,76,9,3,10,기록
ch31,308,person:은화,person,6,128,15,21,9,기록+말함
ch31,308,place:방주,place,0,0,,16,171,이름
relic:말뚝프로젝트보고서,309,item:A_필러,item,4,0,,0,3,기록
ch32,310,concept:E2_크리스탈,concept,4,0,,1,7,기록
ch32,310,concept:니케,concept,0,0,,5,186,이름
ch32,310,concept:언체인드,concept,3,0,,3,25,기록
ch32,310,concept:헬레틱,concept,1,0,,21,40,이름
ch32,310,item:A_필러,item,1,0,,13,3,이름
ch32,310,item:유리_구두,item,6,0,,32,6,기록+이름
ch32,310,item:하모니_큐브,item,3,0,,7,7,기록+이름
ch32,310,org:갓데스,org,2,0,,6,30,기록+이름
ch32,310,org:앱솔루트,org,5,0,,3,15,기록
ch32,310,org:포비스트,org,4,0,,1,20,기록
ch32,310,person:그레이브,person,20,263,24,36,23,기록+말함
ch32,310,person:라피,person,9,160,15,42,85,기록+말함
ch32,310,person:레드_후드,person,4,14,1,13,26,기록
ch32,310,person:레비아탄,person,6,52,5,0,19,기록
ch32,310,person:베스티,person,5,67,6,16,8,기록
ch32,310,person:베히모스,person,15,151,14,72,14,기록+말함
ch32,310,person:신데렐라,person,20,37,3,55,26,기록
ch32,310,person:아나키오르,person,3,12,1,9,9,기록
ch32,310,person:엠마,person,3,51,5,4,10,기록
ch32,310,person:은화,person,9,90,8,29,9,기록
ch32,310,person:잉그리드,person,2,0,0,1,37,기록
ch32,310,place:방주,place,0,0,,6,171,이름
ch32,310,place:에덴,place,2,0,,2,25,기록
sub:관짝이_00,311,person:관짝이,person,1,59,34,3,3,말함
sub:관짝이_00,311,person:그레이브,person,5,60,35,4,23,기록+말함
sub:관짝이_00,311,person:네온,person,2,16,9,1,55,기록
sub:관짝이_00,311,person:신데렐라,person,3,0,0,11,26,기록
sub:관짝이_00,311,person:아니스,person,1,30,17,2,119,말함
sub:거울_공주_00,312,org:갓데스,org,2,0,,3,30,기록
sub:거울_공주_00,312,person:거울_공주,person,1,70,41,2,2,말함
sub:거울_공주_00,312,person:그레이브,person,2,0,0,2,23,기록
sub:거울_공주_00,312,person:신데렐라,person,7,63,37,9,26,기록+말함
sub:거울_공주_00,312,person:아나키오르,person,2,0,0,2,9,기록
sub:관짝이_01,313,org:포비스트,org,1,0,,7,20,이름
sub:관짝이_01,313,person:관짝이,person,0,69,29,2,3,말함
sub:관짝이_01,313,person:그레이브,person,7,107,44,9,23,기록+말함
sub:관짝이_01,313,person:신데렐라,person,4,31,13,44,26,기록+말함
sub:관짝이_01,313,place:수정_지역,place,1,0,,7,14,이름
sub:관짝이_02,314,item:세븐스_드워프,item,3,0,,4,7,기록
sub:관짝이_02,314,person:관짝이,person,0,71,50,2,3,말함
sub:관짝이_02,314,person:그레이브,person,4,44,31,3,23,기록+말함
sub:관짝이_02,314,person:스노우_화이트,person,4,0,0,14,26,기록
sub:관짝이_02,314,person:신데렐라,person,2,0,0,6,26,기록
sub:거울_공주_01,315,concept:니케,concept,0,0,,6,186,이름
sub:거울_공주_01,315,person:거울_공주,person,0,54,44,2,2,말함
sub:거울_공주_01,315,person:그레텔,person,2,0,0,1,8,기록
sub:거울_공주_01,315,person:세이렌,person,2,0,0,1,14,기록
sub:거울_공주_01,315,person:신데렐라,person,4,46,37,4,26,기록+말함
sub:거울_공주_01,315,person:헨젤,person,2,0,0,1,8,기록
relic:수정지역깊은곳어딘가,316,item:유리_구두,item,2,0,,0,6,기록
event_juveniledays,317,org:루셰,org,2,0,,7,2,기록+이름
event_juveniledays,317,person:라이,person,5,78,8,31,6,기록
event_juveniledays,317,person:루피,person,2,95,9,17,7,기록
event_juveniledays,317,person:마르차나,person,4,94,9,10,8,기록
event_juveniledays,317,person:아인,person,13,556,55,109,7,기록+말함
event_juveniledays,317,person:츠바이,person,5,96,10,31,7,기록
event_juveniledays,317,place:미미르_부속_고등학교,place,2,0,,0,12,기록
char:391,318,org:루셰,org,2,0,,18,2,기록+이름
char:391,318,person:루피,person,3,86,30,10,7,기록+말함
char:391,318,person:아인,person,4,180,62,23,7,기록+말함
char:391,318,place:미미르_부속_고등학교,place,3,0,,3,12,기록
event_colorless,319,concept:랩쳐,concept,0,0,,19,142,이름
event_colorless,319,org:M.M.R.,org,2,0,,7,12,기록+이름
event_colorless,319,person:마르차나,person,11,96,9,23,8,기록
event_colorless,319,person:아인,person,3,208,19,59,7,기록+말함
event_colorless,319,person:에테르,person,6,87,8,7,12,기록
event_colorless,319,person:츠바이,person,11,341,32,109,7,기록+말함
event_colorless,319,person:카르히,person,2,2,0,4,1,기록
event_colorless,319,person:프리바티,person,6,207,19,32,11,기록+말함
event_colorless,319,place:미미르_부속_고등학교,place,6,0,,24,12,기록+이름
event_colorless,319,place:방주,place,0,0,,6,171,이름
event_colorless,319,place:지상,place,0,0,,15,132,이름
char:390,320,org:트라이앵글,org,2,0,,3,7,기록
char:390,320,person:애드미,person,2,24,7,6,4,기록
char:390,320,person:율하,person,2,89,25,5,7,기록+말함
char:390,320,person:츠바이,person,2,161,46,21,7,기록+말함
char:833,321,concept:니케,concept,0,0,,11,186,이름
char:833,321,person:마르차나,person,3,84,44,9,8,기록+말함
char:833,321,person:미사토,person,3,107,56,6,1,기록+말함
char:833,321,place:미미르_부속_고등학교,place,2,0,,0,12,기록
char:830,322,concept:랩쳐,concept,0,0,,21,142,이름
char:830,322,person:아스카,person,2,103,54,11,2,기록+말함
char:830,322,person:츠바이,person,2,86,46,4,7,기록+말함
char:830,322,place:시뮬레이션_룸,place,1,0,,5,2,이름
char:831,323,person:레이,person,2,33,17,13,1,기록+말함
char:831,323,person:아인,person,2,145,76,13,7,기록+말함
char:832,324,person:라이,person,3,115,51,7,6,기록+말함
char:832,324,person:마리,person,3,106,47,0,1,기록+말함
char:832,324,place:미미르_부속_고등학교,place,2,0,,0,12,기록
event_jinxplayer,325,person:누아르,person,2,86,9,15,7,기록
event_jinxplayer,325,person:루주,person,4,727,74,134,6,기록+말함
event_jinxplayer,325,person:블랑,person,2,117,12,17,6,기록+말함
event_jinxplayer,325,place:코인_러시,place,1,0,,19,11,이름
event_nonsensered,326,person:도로시,person,0,38,11,5,31,말함
event_nonsensered,326,person:라푼젤,person,2,86,26,7,18,기록+말함
event_nonsensered,326,person:레드_후드,person,2,102,31,22,26,기록+말함
event_nonsensered,326,person:릴리바이스,person,1,56,17,2,14,말함
char:272,327,person:루주,person,3,320,93,54,6,기록+말함
char:272,327,place:코인_러시,place,0,0,,12,11,이름
event_phantomthiefvsdetective,328,org:A.C.P.U.,org,1,0,,17,9,이름
event_phantomthiefvsdetective,328,person:노벨,person,2,190,14,37,3,기록+말함
event_phantomthiefvsdetective,328,person:미란다,person,2,325,25,79,8,기록+말함
event_phantomthiefvsdetective,328,person:퀀시,person,6,246,19,27,6,기록+말함
event_phantomthiefvsdetective,328,person:팬텀,person,9,360,27,78,8,기록+말함
char:403,329,person:드레이크,person,1,53,12,17,16,말함
char:403,329,person:퀀시,person,2,268,63,39,6,기록+말함
char:403,329,place:갱생관,place,0,0,,10,7,이름
char:403,329,place:방주,place,0,0,,6,171,이름
char:580,330,org:베스트셀러,org,2,0,,2,4,기록
char:580,330,person:팬텀,person,7,254,92,42,8,기록+말함
side:wordless,331,concept:NIMPH,concept,2,0,,9,24,기록+이름
side:wordless,331,concept:니케,concept,1,0,,20,186,이름
side:wordless,331,concept:랩쳐,concept,0,0,,10,142,이름
side:wordless,331,org:M.M.R.,org,3,0,,4,12,기록
side:wordless,331,org:미실리스,org,3,0,,10,32,기록+이름
side:wordless,331,org:워드리스,org,4,0,,8,3,기록+이름
side:wordless,331,person:마나,person,6,198,19,16,12,기록+말함
side:wordless,331,person:미하라,person,13,469,45,75,14,기록+말함
side:wordless,331,person:슈엔,person,8,85,8,48,30,기록
side:wordless,331,person:유니,person,14,151,15,138,13,기록+말함
side:wordless,331,person:지엔,person,2,0,0,6,7,기록
side:wordless,331,person:토커티브,person,2,0,0,3,15,기록
side:wordless,331,place:방주,place,1,0,,9,171,이름
side:wordless,331,place:지상,place,0,0,,8,132,이름
event_lifeagain,332,org:라이프_토닉,org,2,0,,2,2,기록
event_lifeagain,332,person:나디아,person,1,366,32,166,1,말함
event_lifeagain,332,person:루마니,person,6,663,58,94,3,기록+말함
event_lifeagain,332,person:폴크방,person,2,64,6,42,3,기록
char:240,333,concept:니케,concept,1,0,,8,186,이름
char:240,333,person:라피,person,0,37,10,3,85,말함
char:240,333,person:루마니,person,2,259,71,26,3,기록+말함
char:240,333,person:아니스,person,0,40,11,1,119,말함
ch33,334,concept:NIMPH,concept,2,0,,8,24,기록+이름
ch33,334,concept:니케,concept,1,0,,8,186,이름
ch33,334,concept:다크_매터,concept,3,0,,2,18,기록
ch33,334,concept:랩쳐,concept,0,0,,5,142,이름
ch33,334,concept:언체인드,concept,7,0,,20,25,기록+이름
ch33,334,concept:헬레틱,concept,4,0,,22,40,기록+이름
ch33,334,item:유리_구두,item,2,0,,13,6,기록+이름
ch33,334,item:하모니_큐브,item,2,0,,5,7,기록+이름
ch33,334,org:앱솔루트,org,1,0,,5,15,이름
ch33,334,org:중앙_정부,org,2,0,,4,67,기록
ch33,334,org:포비스트,org,5,0,,3,20,기록
ch33,334,person:그레이브,person,11,76,8,30,23,기록
ch33,334,person:니힐리스타,person,2,0,0,4,11,기록
ch33,334,person:도로시,person,2,0,0,1,31,기록
ch33,334,person:라피,person,10,94,9,36,85,기록
ch33,334,person:레드_후드,person,2,0,0,2,26,기록
ch33,334,person:레비아탄,person,10,174,17,24,19,기록+말함
ch33,334,person:마나,person,4,42,4,4,12,기록
ch33,334,person:베히모스,person,8,165,16,72,14,기록+말함
ch33,334,person:세실,person,2,0,0,1,13,기록
ch33,334,person:스노우_화이트,person,2,0,0,1,26,기록
ch33,334,person:시프티,person,2,23,2,0,18,기록
ch33,334,person:신데렐라,person,8,183,18,42,26,기록+말함
ch33,334,person:아니스,person,9,175,17,16,119,기록+말함
ch33,334,person:엑시아,person,2,0,0,1,12,기록
ch33,334,person:인디빌리아,person,2,0,0,7,9,기록
ch33,334,place:방주,place,1,0,,15,171,이름
ch33,334,place:수정_지역,place,3,0,,4,14,기록
ch33,334,place:에덴,place,2,0,,2,25,기록
relic:소녀의일기-절망편-,335,concept:헬레틱,concept,2,0,,3,40,기록
relic:소녀의일기-절망편-,335,org:포비스트,org,3,0,,2,20,기록
ch34,336,concept:NIMPH,concept,4,0,,3,24,기록
ch34,336,concept:다크_매터,concept,3,0,,6,18,기록+이름
ch34,336,concept:랩쳐,concept,1,0,,6,142,이름
ch34,336,concept:언체인드,concept,3,0,,8,25,기록+이름
ch34,336,concept:헬레틱,concept,2,0,,13,40,기록+이름
ch34,336,item:브레인_셸터,item,2,0,,1,4,기록
ch34,336,item:세븐스_드워프,item,2,0,,1,7,기록
ch34,336,item:하모니_큐브,item,3,0,,6,7,기록+이름
ch34,336,org:T.T.STAR,org,0,0,,5,8,이름
ch34,336,org:앱솔루트,org,3,0,,11,15,기록+이름
ch34,336,org:카운터스,org,1,0,,6,32,이름
ch34,336,org:포비스트,org,7,0,,9,20,기록+이름
ch34,336,person:그레이브,person,16,148,10,53,23,기록
ch34,336,person:라피,person,19,327,22,59,85,기록+말함
ch34,336,person:레드_후드,person,10,7,0,29,26,기록
ch34,336,person:레비아탄,person,17,191,13,37,19,기록+말함
ch34,336,person:베히모스,person,14,165,11,94,14,기록+말함
ch34,336,person:세이렌,person,2,0,0,6,14,기록
ch34,336,person:스노우_화이트,person,2,7,0,0,26,기록
ch34,336,person:신데렐라,person,15,133,9,50,26,기록
ch34,336,person:아니스,person,5,155,10,19,119,기록+말함
ch34,336,person:에이브,person,3,0,0,1,9,기록
ch34,336,person:엠마,person,3,68,5,5,10,기록
ch34,336,person:은화,person,5,140,9,12,9,기록
ch34,336,person:잉그리드,person,3,0,0,2,37,기록
ch34,336,person:해머링,person,2,0,0,1,6,기록
ch34,336,place:방주,place,2,0,,10,171,기록+이름
ch34,336,place:수정_지역,place,3,0,,1,14,기록
ch34,336,place:지상,place,1,0,,6,132,이름
relic:충격다크매터란무엇인가,337,concept:다크_매터,concept,3,0,,3,18,기록
relic:충격다크매터란무엇인가,337,concept:언체인드,concept,2,0,,2,25,기록
relic:충격다크매터란무엇인가,337,org:포비스트,org,2,0,,2,20,기록
event_oldtales1,338,concept:NIMPH,concept,3,0,,10,24,기록+이름
event_oldtales1,338,concept:니케,concept,0,0,,40,186,이름
event_oldtales1,338,concept:랩쳐,concept,4,0,,95,142,기록+이름
event_oldtales1,338,concept:양산형_니케,concept,4,0,,10,26,기록+이름
event_oldtales1,338,concept:언체인드,concept,3,0,,8,25,기록+이름
event_oldtales1,338,concept:침식,concept,11,0,,50,21,기록+이름
event_oldtales1,338,concept:콜링_시그널,concept,2,0,,3,4,기록
event_oldtales1,338,concept:페어리_테일,concept,6,0,,26,7,기록+이름
event_oldtales1,338,concept:헬레틱,concept,2,0,,36,40,기록+이름
event_oldtales1,338,incident:아크_가디언_작전,incident,2,0,,4,7,기록
event_oldtales1,338,item:유리_구두,item,4,0,,33,6,기록+이름
event_oldtales1,338,org:V.T.C.,org,7,0,,12,10,기록+이름
event_oldtales1,338,org:갓데스,org,6,0,,91,30,기록+이름
event_oldtales1,338,org:인류연합군,org,4,0,,5,7,기록+이름
event_oldtales1,338,org:중앙_정부,org,7,0,,12,67,기록+이름
event_oldtales1,338,person:그레이브,person,12,0,0,0,23,기록
event_oldtales1,338,person:그레텔,person,11,16,1,99,8,기록
event_oldtales1,338,person:레드_슈즈,person,25,348,13,75,9,기록+말함
event_oldtales1,338,person:레드_후드,person,2,13,0,5,26,기록
event_oldtales1,338,person:리틀_머메이드,person,10,118,4,24,8,기록
event_oldtales1,338,person:릴리바이스,person,2,25,1,2,14,기록
event_oldtales1,338,person:미러,person,6,62,2,0,7,기록
event_oldtales1,338,person:세이렌,person,6,0,0,24,14,기록
event_oldtales1,338,person:신데렐라,person,46,755,28,193,26,기록+말함
event_oldtales1,338,person:아나키오르,person,7,5,0,54,9,기록
event_oldtales1,338,person:에이브,person,22,936,35,92,9,기록+말함
event_oldtales1,338,person:오스왈드,person,9,181,7,14,7,기록
event_oldtales1,338,person:퀸,person,5,0,0,19,20,기록
event_oldtales1,338,person:헨젤,person,16,192,7,102,8,기록
event_oldtales1,338,place:궤도_엘리베이터,place,4,0,,18,11,기록+이름
event_oldtales1,338,place:방주,place,3,0,,12,171,기록+이름
event_oldtales1,338,place:지상,place,2,0,,5,132,기록+이름
erelic:old_tales_dialog,339,concept:헬레틱,concept,2,0,,2,40,기록
erelic:old_tales_dialog,339,org:갓데스,org,1,0,,14,30,이름
erelic:old_tales_dialog,339,person:그레이브,person,2,0,0,0,23,기록
erelic:old_tales_dialog,339,person:신데렐라,person,3,37,27,14,26,기록+말함
erelic:old_tales_dialog,339,person:에이브,person,2,73,53,0,9,기록+말함
erelic:old_tales_lost,340,concept:NIMPH,concept,2,0,,10,24,기록+이름
erelic:old_tales_lost,340,concept:니케,concept,0,0,,17,186,이름
erelic:old_tales_lost,340,concept:랩쳐,concept,2,0,,14,142,기록+이름
erelic:old_tales_lost,340,concept:침식,concept,6,0,,30,21,기록+이름
erelic:old_tales_lost,340,person:레드_슈즈,person,5,0,0,22,9,기록
erelic:old_tales_lost,340,person:신데렐라,person,2,0,0,1,26,기록
erelic:old_tales_lost,340,person:아나키오르,person,2,0,0,1,9,기록
erelic:old_tales_mini_memory,341,concept:니케,concept,0,0,,29,186,이름
erelic:old_tales_mini_memory,341,concept:랩쳐,concept,1,0,,11,142,이름
erelic:old_tales_mini_memory,341,concept:침식,concept,5,0,,23,21,기록+이름
erelic:old_tales_mini_memory,341,item:유리_구두,item,1,0,,5,6,이름
erelic:old_tales_mini_memory,341,org:갓데스,org,1,0,,10,30,이름
erelic:old_tales_mini_memory,341,org:인류연합군,org,3,0,,6,7,기록+이름
erelic:old_tales_mini_memory,341,person:레드_슈즈,person,3,0,0,15,9,기록
erelic:old_tales_mini_memory,341,person:신데렐라,person,6,0,0,32,26,기록
erelic:old_tales_mini_memory,341,person:아나키오르,person,5,0,0,15,9,기록
erelic:old_tales_mini_memory,341,person:에이브,person,3,0,0,4,9,기록
char:226,342,concept:니케,concept,0,0,,24,186,이름
char:226,342,concept:랩쳐,concept,0,0,,24,142,이름
char:226,342,concept:양산형_니케,concept,2,0,,8,26,기록+이름
char:226,342,concept:침식,concept,4,0,,42,21,기록+이름
char:226,342,org:갓데스,org,3,0,,7,30,기록+이름
char:226,342,person:라푼젤,person,5,169,45,27,18,기록+말함
char:226,342,person:레드_슈즈,person,5,29,8,4,9,기록
char:226,342,person:레드_후드,person,0,56,15,9,26,말함
char:226,342,person:에이브,person,1,43,11,5,9,말함
char:511,343,concept:퍼펙트,concept,1,0,,9,16,이름
char:511,343,person:그레이브,person,2,58,13,52,23,기록+말함
char:511,343,person:그레텔,person,2,0,0,1,8,기록
char:511,343,person:세이렌,person,2,0,0,2,14,기록
char:511,343,person:신데렐라,person,5,307,67,33,26,기록+말함
char:511,343,person:헨젤,person,2,0,0,1,8,기록
char:514,344,person:그레이브,person,8,377,98,18,23,기록+말함
char:514,344,person:신데렐라,person,4,0,0,36,26,기록
event_secretgarden,345,concept:랩쳐,concept,0,0,,9,142,이름
event_secretgarden,345,concept:오로라_블룸,concept,1,0,,88,1,이름
event_secretgarden,345,org:미실리스,org,3,0,,7,32,기록+이름
event_secretgarden,345,org:보타닉_가든,org,3,0,,2,3,기록
event_secretgarden,345,org:해피_주,org,0,0,,7,3,이름
event_secretgarden,345,person:리안,person,6,93,9,17,2,기록
event_secretgarden,345,person:비스킷,person,3,278,26,26,5,기록+말함
event_secretgarden,345,person:슈엔,person,2,0,0,19,30,기록
event_secretgarden,345,person:플로라,person,8,482,45,66,5,기록+말함
event_secretgarden,345,place:방주,place,0,0,,7,171,이름
event_secretgarden,345,place:지상,place,0,0,,19,132,이름
char:411,346,person:플로라,person,3,271,94,12,5,기록+말함
event_icedragonsaga1,347,concept:기억_소거,concept,2,0,,5,9,기록+이름
event_icedragonsaga1,347,concept:니케,concept,0,0,,29,186,이름
event_icedragonsaga1,347,concept:랩쳐,concept,0,0,,15,142,이름
event_icedragonsaga1,347,concept:이레귤러,concept,4,0,,32,3,기록+이름
event_icedragonsaga1,347,item:백빙룡_대서사시,item,4,0,,4,1,기록
event_icedragonsaga1,347,org:익스터너,org,4,0,,20,5,기록+이름
event_icedragonsaga1,347,org:중앙_정부,org,1,0,,18,67,이름
event_icedragonsaga1,347,person:길로틴,person,25,902,36,205,6,기록+말함
event_icedragonsaga1,347,person:메이든,person,16,576,23,129,6,기록+말함
event_icedragonsaga1,347,person:일레그,person,2,0,0,12,14,기록
event_icedragonsaga1,347,person:잉그리드,person,13,196,8,19,37,기록
event_icedragonsaga1,347,person:잉크,person,6,114,5,6,1,기록
event_icedragonsaga1,347,person:클로이,person,8,178,7,31,1,기록
event_icedragonsaga1,347,person:트로니,person,2,0,0,12,11,기록
event_icedragonsaga1,347,place:방주,place,0,0,,17,171,이름
char:183,348,person:맥스웰,person,0,57,16,8,15,말함
char:183,348,person:메이든,person,0,205,59,9,6,말함
char:182,349,person:길로틴,person,2,169,47,26,6,기록+말함
char:182,349,person:라플라스,person,0,57,16,15,13,말함
char:182,349,person:베스티,person,0,37,10,2,8,말함
event_footstepwalkrun1,350,concept:NIMPH,concept,4,0,,7,24,기록+이름
event_footstepwalkrun1,350,concept:니케,concept,4,0,,78,186,기록+이름
event_footstepwalkrun1,350,concept:랩쳐,concept,1,0,,43,142,이름
event_footstepwalkrun1,350,concept:양산형_니케,concept,4,0,,22,26,기록+이름
event_footstepwalkrun1,350,concept:에블라_입자,concept,1,0,,5,9,이름
event_footstepwalkrun1,350,concept:지상_탈환,concept,0,0,,22,9,이름
event_footstepwalkrun1,350,concept:침식,concept,4,0,,15,21,기록+이름
event_footstepwalkrun1,350,incident:1차_지상_탈환전,incident,3,0,,4,1,기록
event_footstepwalkrun1,350,incident:2차_지상_탈환전,incident,4,0,,24,5,기록+이름
event_footstepwalkrun1,350,item:초거대_코어,item,3,0,,5,3,기록+이름
event_footstepwalkrun1,350,org:갓데스,org,3,0,,9,30,기록+이름
event_footstepwalkrun1,350,org:스컬_헤드,org,2,0,,3,1,기록
event_footstepwalkrun1,350,org:앱솔루트,org,3,0,,4,15,기록
event_footstepwalkrun1,350,org:엘리시온,org,1,0,,7,17,이름
event_footstepwalkrun1,350,org:중앙_정부,org,5,0,,12,67,기록+이름
event_footstepwalkrun1,350,org:테트라,org,2,0,,6,13,기록+이름
event_footstepwalkrun1,350,person:D.E.E.P.,person,6,74,4,6,4,기록
event_footstepwalkrun1,350,person:라피,person,43,736,39,200,85,기록+말함
event_footstepwalkrun1,350,person:레드_후드,person,18,454,24,65,26,기록+말함
event_footstepwalkrun1,350,person:리오,person,3,160,8,29,1,기록
event_footstepwalkrun1,350,person:샛별,person,2,0,0,3,4,기록
event_footstepwalkrun1,350,person:아니스,person,3,57,3,4,119,기록
event_footstepwalkrun1,350,person:웬디,person,5,149,8,7,1,기록
event_footstepwalkrun1,350,person:잉그리드,person,4,119,6,1,37,기록
event_footstepwalkrun1,350,person:프리티,person,2,0,0,16,8,기록
event_footstepwalkrun1,350,place:궤도_엘리베이터,place,2,0,,8,11,기록+이름
event_footstepwalkrun1,350,place:방주,place,3,0,,44,171,기록+이름
event_footstepwalkrun1,350,place:지상,place,0,0,,46,132,이름
event_outofuniform,351,person:나가,person,0,114,21,15,6,말함
event_outofuniform,351,person:아인,person,1,189,34,20,7,말함
event_outofuniform,351,person:츠바이,person,2,121,22,19,7,기록+말함
event_outofuniform,351,place:전초기지,place,1,0,,5,13,이름
char:16,352,person:라피,person,3,264,74,67,85,기록+말함
char:16,352,person:아니스,person,0,48,13,6,119,말함
event_wisdomspring,353,concept:PROJECT_A.D.,concept,6,0,,4,2,기록
event_wisdomspring,353,concept:니케,concept,2,0,,29,186,기록+이름
event_wisdomspring,353,org:M.M.R.,org,8,0,,32,12,기록+이름
event_wisdomspring,353,person:마나,person,8,337,50,58,12,기록+말함
event_wisdomspring,353,person:에테르,person,9,204,30,28,12,기록+말함
event_wisdomspring,353,person:지엔,person,9,90,13,12,7,기록+말함
event_wisdomspring,353,place:M.M.R._심층부,place,8,0,,31,1,기록+이름
event_wisdomspring,353,place:방주,place,3,0,,19,171,기록+이름
event_wisdomspring,353,place:지상,place,0,0,,7,132,이름
char:290,354,concept:니케,concept,0,0,,5,186,이름
char:290,354,org:M.M.R.,org,1,0,,5,12,이름
char:290,354,person:마나,person,5,167,75,37,12,기록+말함
char:290,354,person:슈엔,person,2,0,0,6,30,기록
char:290,354,person:에테르,person,0,30,13,8,12,말함
char:290,354,place:모던_바,place,2,0,,3,1,기록
event_romanticvalentine,355,concept:니케,concept,0,0,,8,186,이름
event_romanticvalentine,355,person:마스트,person,1,338,30,35,9,말함
event_romanticvalentine,355,person:머스탱,person,2,20,2,3,27,기록
event_romanticvalentine,355,person:스윗_조니,person,6,191,17,4,2,기록+말함
event_romanticvalentine,355,person:신,person,3,157,14,22,4,기록+말함
event_romanticvalentine,355,person:트로니,person,3,182,16,27,11,기록+말함
event_romanticvalentine,355,place:Sweets_&_Cocoa,place,3,0,,5,2,기록+이름
event_romanticvalentine,355,place:방주,place,0,0,,8,171,이름
event_romanticvalentine,355,place:어드마이어_호,place,0,0,,8,9,이름
event_romanticvalentine,355,place:지상,place,0,0,,9,132,이름
char:354,356,person:마스트,person,3,253,90,60,9,기록+말함
char:355,357,person:마스트,person,2,45,16,5,9,기록+말함
char:355,357,person:신,person,0,33,11,2,4,말함
char:355,357,person:앵커,person,2,134,47,49,5,기록+말함
char:355,357,person:코코아,person,1,29,10,2,10,말함
ch35,358,concept:니케,concept,0,0,,17,186,이름
ch35,358,concept:다크_매터,concept,4,0,,24,18,기록+이름
ch35,358,concept:랩쳐,concept,2,0,,34,142,기록+이름
ch35,358,concept:언체인드,concept,5,0,,10,25,기록+이름
ch35,358,concept:콜링_시그널,concept,1,0,,7,4,이름
ch35,358,concept:헬레틱,concept,1,0,,23,40,이름
ch35,358,item:세븐스_드워프,item,2,0,,1,7,기록
ch35,358,org:메티스,org,8,0,,14,21,기록+이름
ch35,358,org:미실리스,org,2,0,,5,32,기록+이름
ch35,358,org:앱솔루트,org,0,0,,5,15,이름
ch35,358,org:엘리시온,org,2,0,,6,17,기록+이름
ch35,358,org:카운터스,org,2,0,,2,32,기록
ch35,358,org:포비스트,org,4,0,,8,20,기록+이름
ch35,358,person:그레이브,person,10,114,8,16,23,기록
ch35,358,person:네온,person,4,70,5,14,55,기록
ch35,358,person:라플라스,person,2,94,6,9,13,기록
ch35,358,person:라피,person,13,252,17,26,85,기록+말함
ch35,358,person:레비아탄,person,11,47,3,21,19,기록
ch35,358,person:맥스웰,person,4,251,17,9,15,기록+말함
ch35,358,person:머스탱,person,4,46,3,8,27,기록
ch35,358,person:미하라,person,2,0,0,1,14,기록
ch35,358,person:베히모스,person,2,0,0,9,14,기록
ch35,358,person:세이렌,person,3,0,0,13,14,기록
ch35,358,person:슈엔,person,8,0,0,24,30,기록
ch35,358,person:신데렐라,person,10,180,12,49,26,기록+말함
ch35,358,person:아니스,person,7,126,9,28,119,기록
ch35,358,person:에닉,person,2,0,0,0,22,기록
ch35,358,person:엔더슨,person,6,85,6,4,32,기록
ch35,358,person:잉그리드,person,6,123,8,5,37,기록
ch35,358,place:방주,place,1,0,,23,171,이름
ch35,358,place:지상,place,1,0,,16,132,이름
relic:알관련전달사항,359,concept:다크_매터,concept,2,0,,1,18,기록
relic:알관련전달사항,359,org:포비스트,org,2,0,,2,20,기록
ch36,360,concept:니케,concept,0,0,,13,186,이름
ch36,360,concept:다크_매터,concept,2,0,,8,18,기록+이름
ch36,360,concept:랩쳐,concept,0,0,,23,142,이름
ch36,360,concept:헬레틱,concept,1,0,,9,40,이름
ch36,360,org:T.T.STAR,org,3,0,,1,8,기록
ch36,360,org:메티스,org,2,0,,3,21,기록
ch36,360,org:오버시어,org,2,0,,17,3,기록+이름
ch36,360,org:카운터스,org,2,0,,3,32,기록
ch36,360,org:포비스트,org,5,0,,2,20,기록
ch36,360,person:그레이브,person,4,54,6,5,23,기록
ch36,360,person:네온,person,2,70,7,6,55,기록
ch36,360,person:도로시,person,2,0,0,1,31,기록
ch36,360,person:드레이크,person,3,29,3,5,16,기록
ch36,360,person:라플라스,person,4,57,6,14,13,기록
ch36,360,person:라피,person,5,80,8,4,85,기록
ch36,360,person:레비아탄,person,15,325,33,28,19,기록+말함
ch36,360,person:베히모스,person,7,0,0,31,14,기록
ch36,360,person:세이렌,person,4,0,0,15,14,기록
ch36,360,person:슈엔,person,2,0,0,10,30,기록
ch36,360,person:신데렐라,person,4,106,11,33,26,기록+말함
ch36,360,person:아니스,person,4,83,8,13,119,기록
ch36,360,person:아비스타,person,2,22,2,4,6,기록
ch36,360,person:아이리,person,2,49,5,5,5,기록
ch36,360,person:인디빌리아,person,2,0,0,4,9,기록
ch36,360,place:방주,place,1,0,,15,171,이름
relic:할일목록,361,person:레비아탄,person,2,0,0,2,19,기록
relic:할일목록,361,person:베히모스,person,2,0,0,3,14,기록
relic:할일목록,361,person:지즈,person,2,0,0,1,9,기록
char:836,362,concept:니케,concept,0,0,,16,186,이름
char:836,362,person:메어리,person,1,73,36,17,9,말함
char:836,362,person:사쿠라_콜라보,person,3,130,64,39,1,기록+말함
char:835,363,person:아스카,person,3,184,70,34,2,기록+말함
char:835,363,person:트로니,person,1,54,21,15,11,말함
char:835,363,place:방주,place,0,0,,6,171,이름
char:834,364,person:레이_(가칭),person,2,94,49,0,1,기록+말함
char:834,364,person:플로라,person,1,96,51,20,5,말함
fl:for_rest,365,concept:니케,concept,0,0,,23,186,이름
fl:for_rest,365,item:이터널_라이프,item,2,0,,4,4,기록
fl:for_rest,365,org:보타닉_가든,org,6,0,,11,3,기록+이름
fl:for_rest,365,person:리타,person,8,301,28,52,8,기록+말함
fl:for_rest,365,person:린네,person,6,83,8,47,1,기록
fl:for_rest,365,person:마나,person,2,38,4,1,12,기록
fl:for_rest,365,person:센티,person,3,73,7,16,4,기록
fl:for_rest,365,person:슈엔,person,2,0,0,5,30,기록
fl:for_rest,365,person:조쉬_허밋,person,3,83,8,5,1,기록
fl:for_rest,365,person:트리나,person,11,276,26,79,2,기록+말함
fl:for_rest,365,person:플로라,person,5,132,12,22,5,기록+말함
fl:for_rest,365,place:방주,place,2,0,,17,171,기록+이름
fl:for_rest,365,place:지상,place,0,0,,26,132,이름
char:412,366,person:미란다,person,1,41,15,4,8,말함
char:412,366,person:트리나,person,3,163,61,51,2,기록+말함
char:412,366,person:폴리,person,1,27,10,7,10,말함
char:412,366,person:플로라,person,0,35,13,2,5,말함
event_newflavor,367,concept:니케,concept,0,0,,7,186,이름
event_newflavor,367,concept:퍼펙트,concept,8,0,,40,16,기록+이름
event_newflavor,367,org:쿠킹오일,org,4,0,,10,3,기록+이름
event_newflavor,367,person:브래디,person,15,580,52,70,4,기록+말함
event_newflavor,367,person:엔더슨,person,2,26,2,1,32,기록
event_newflavor,367,person:크러스트,person,7,364,33,37,6,기록+말함
event_newflavor,367,place:방주,place,2,0,,8,171,기록+이름
event_newflavor,367,place:지상,place,0,0,,16,132,이름
char:520,368,person:브래디,person,2,216,79,26,4,기록+말함
char:520,368,person:크러스트,person,1,41,15,10,6,말함
event_foolburstday,369,org:중앙_정부,org,2,0,,12,67,기록+이름
event_foolburstday,369,person:메카_시프티,person,2,284,44,68,1,기록+말함
event_foolburstday,369,person:시프티,person,3,136,21,18,18,기록+말함
event_foolburstday,369,place:방주,place,0,0,,5,171,이름
event_foolburstday,369,place:지상,place,0,0,,6,132,이름
side:mudfish,370,concept:니케,concept,1,0,,18,186,이름
side:mudfish,370,concept:다크_매터,concept,0,0,,26,18,이름
side:mudfish,370,concept:랩쳐,concept,0,0,,17,142,이름
side:mudfish,370,concept:헬레틱,concept,0,0,,15,40,이름
side:mudfish,370,person:그레이브,person,2,0,0,0,23,기록
side:mudfish,370,person:글러트니,person,5,0,0,19,5,기록
side:mudfish,370,person:레비,person,5,558,51,124,2,기록+말함
side:mudfish,370,person:레비아탄,person,13,13,1,1,19,기록
side:mudfish,370,person:리틀_머메이드,person,5,469,43,64,8,기록+말함
side:mudfish,370,person:미하라,person,2,21,2,3,14,기록
side:mudfish,370,person:세이렌,person,10,0,0,41,14,기록
side:mudfish,370,person:유니,person,2,5,0,2,13,기록
side:mudfish,370,place:지상,place,2,0,,4,132,기록
event_trueflavor,371,org:쿠킹오일,org,0,0,,7,3,이름
event_trueflavor,371,person:브래디,person,2,283,24,90,4,기록+말함
event_trueflavor,371,person:크러스트,person,4,644,55,73,6,기록+말함
char:521,372,concept:퍼펙트,concept,2,0,,5,16,기록+이름
char:521,372,org:쿠킹오일,org,2,0,,5,3,기록+이름
char:521,372,person:브래디,person,1,40,15,9,4,말함
char:521,372,person:크러스트,person,4,212,79,21,6,기록+말함
char:521,372,place:지상,place,0,0,,17,132,이름
ch37,373,concept:다크_매터,concept,3,0,,12,18,기록+이름
ch37,373,concept:랩쳐,concept,0,0,,13,142,이름
ch37,373,concept:타일런트_급,concept,1,0,,10,12,이름
ch37,373,concept:헬레틱,concept,0,0,,8,40,이름
ch37,373,org:메티스,org,2,0,,10,21,기록+이름
ch37,373,org:미실리스,org,2,0,,6,32,기록+이름
ch37,373,org:엘리시온,org,3,0,,8,17,기록+이름
ch37,373,org:오버시어,org,1,0,,7,3,이름
ch37,373,org:이지스,org,2,0,,6,4,기록+이름
ch37,373,org:포비스트,org,3,0,,2,20,기록
ch37,373,person:도로시,person,6,111,12,28,31,기록+말함
ch37,373,person:드레이크,person,2,62,7,13,16,기록
ch37,373,person:라피,person,6,154,17,21,85,기록+말함
ch37,373,person:레비아탄,person,8,23,2,19,19,기록
ch37,373,person:맥스웰,person,5,108,12,8,15,기록+말함
ch37,373,person:베히모스,person,2,0,0,8,14,기록
ch37,373,person:슈엔,person,3,0,0,11,30,기록
ch37,373,person:아니스,person,3,89,10,0,119,기록
ch37,373,person:아비스타,person,2,27,3,7,6,기록
ch37,373,person:아이리,person,4,63,7,12,5,기록
ch37,373,person:잉그리드,person,2,0,0,4,37,기록
ch37,373,person:지즈,person,6,77,8,20,9,기록
ch37,373,person:헬름,person,2,63,7,4,7,기록
ch37,373,place:방주,place,4,0,,20,171,기록+이름
ch37,373,place:어드마이어_호,place,2,0,,35,9,기록+이름
ch37,373,place:에덴,place,1,0,,10,25,이름
ch37,373,place:지상,place,1,0,,15,132,이름
ch38,375,concept:니케,concept,1,0,,6,186,이름
ch38,375,concept:다크_매터,concept,0,0,,19,18,이름
ch38,375,concept:랩쳐,concept,0,0,,15,142,이름
ch38,375,concept:은색_액체,concept,3,0,,27,3,기록+이름
ch38,375,concept:타일런트_급,concept,0,0,,6,12,이름
ch38,375,concept:헬레틱,concept,0,0,,11,40,이름
ch38,375,org:T.T.STAR,org,3,0,,1,8,기록
ch38,375,org:메티스,org,3,0,,14,21,기록+이름
ch38,375,org:이지스,org,3,0,,7,4,기록+이름
ch38,375,org:포비스트,org,2,0,,11,20,기록+이름
ch38,375,person:글러트니,person,5,0,0,10,5,기록
ch38,375,person:네온,person,4,91,8,6,55,기록
ch38,375,person:드레이크,person,3,47,4,24,16,기록
ch38,375,person:라플라스,person,2,48,4,17,13,기록
ch38,375,person:라피,person,8,155,13,13,85,기록+말함
ch38,375,person:레비아탄,person,15,141,12,28,19,기록+말함
ch38,375,person:맥스웰,person,6,133,11,7,15,기록+말함
ch38,375,person:민트,person,9,90,8,8,6,기록
ch38,375,person:베히모스,person,4,0,0,26,14,기록
ch38,375,person:세이렌,person,2,0,0,1,14,기록
ch38,375,person:아니스,person,10,155,13,45,119,기록+말함
ch38,375,person:지즈,person,9,122,10,42,9,기록+말함
ch38,375,person:프리카,person,5,87,7,10,7,기록
ch38,375,person:헬름,person,3,51,4,1,7,기록
ch38,375,place:방주,place,1,0,,14,171,이름
ch38,375,place:아우터_림,place,3,0,,8,43,기록+이름
ch38,375,place:어드마이어_호,place,1,0,,17,9,이름
relic:은색액체,376,concept:다크_매터,concept,1,0,,7,18,이름
relic:은색액체,376,concept:은색_액체,concept,3,0,,7,3,기록+이름
relic:은색액체,376,org:포비스트,org,2,0,,8,20,기록+이름
relic:은색액체,376,person:레비아탄,person,2,0,0,8,19,기록
event_unbreakablesphere1,377,concept:E2_크리스탈,concept,3,0,,7,7,기록+이름
event_unbreakablesphere1,377,concept:니케,concept,0,0,,55,186,이름
event_unbreakablesphere1,377,concept:랩쳐,concept,0,0,,55,142,이름
event_unbreakablesphere1,377,concept:은색_액체,concept,2,0,,2,3,기록
event_unbreakablesphere1,377,concept:콜링_시그널,concept,4,0,,13,4,기록+이름
event_unbreakablesphere1,377,item:AA_필러,item,4,0,,36,1,기록+이름
event_unbreakablesphere1,377,org:미실리스,org,2,0,,2,32,기록
event_unbreakablesphere1,377,org:인큐베이터,org,2,0,,0,2,기록
event_unbreakablesphere1,377,org:중앙_정부,org,1,0,,10,67,이름
event_unbreakablesphere1,377,person:그레이브,person,2,10,0,3,23,기록
event_unbreakablesphere1,377,person:그레텔,person,2,0,0,5,8,기록
event_unbreakablesphere1,377,person:글러트니,person,9,0,0,144,5,기록
event_unbreakablesphere1,377,person:레비아탄,person,2,0,0,5,19,기록
event_unbreakablesphere1,377,person:리틀_머메이드,person,0,770,26,68,8,말함
event_unbreakablesphere1,377,person:마나,person,4,123,4,19,12,기록
event_unbreakablesphere1,377,person:모리,person,33,915,31,210,5,기록+말함
event_unbreakablesphere1,377,person:미하라,person,29,773,26,140,14,기록+말함
event_unbreakablesphere1,377,person:세이렌,person,32,5,0,92,14,기록
event_unbreakablesphere1,377,person:슈엔,person,2,0,0,3,30,기록
event_unbreakablesphere1,377,person:시프티,person,2,44,1,3,18,기록
event_unbreakablesphere1,377,person:신데렐라,person,7,22,1,8,26,기록
event_unbreakablesphere1,377,person:에이브,person,2,0,0,2,9,기록
event_unbreakablesphere1,377,person:유니,person,17,139,5,166,13,기록
event_unbreakablesphere1,377,person:지엔,person,10,192,6,17,7,기록
event_unbreakablesphere1,377,person:헨젤,person,2,0,0,5,8,기록
event_unbreakablesphere1,377,place:방주,place,0,0,,20,171,이름
event_unbreakablesphere1,377,place:수정_지역,place,0,0,,5,14,이름
event_unbreakablesphere1,377,place:지상,place,0,0,,26,132,이름
erelic:unbreakable_sphere_dialog,378,person:그레이브,person,2,22,6,1,23,기록
erelic:unbreakable_sphere_dialog,378,person:그레텔,person,2,0,0,10,8,기록
erelic:unbreakable_sphere_dialog,378,person:레비,person,2,0,0,5,2,기록
erelic:unbreakable_sphere_dialog,378,person:리틀_머메이드,person,0,164,43,0,8,말함
erelic:unbreakable_sphere_dialog,378,person:모리,person,1,45,12,7,5,말함
erelic:unbreakable_sphere_dialog,378,person:미하라,person,0,39,10,2,14,말함
erelic:unbreakable_sphere_dialog,378,person:세이렌,person,5,0,0,13,14,기록
erelic:unbreakable_sphere_dialog,378,person:신데렐라,person,2,50,13,12,26,기록+말함
erelic:unbreakable_sphere_dialog,378,person:에이브,person,3,23,6,9,9,기록
erelic:unbreakable_sphere_dialog,378,person:헨젤,person,2,9,2,10,8,기록
erelic:unbreakable_sphere_lost,379,person:세이렌,person,4,0,0,0,14,기록
char:513,380,concept:랩쳐,concept,0,0,,12,142,이름
char:513,380,person:그레이브,person,2,8,2,0,23,기록
char:513,380,person:그레텔,person,2,6,1,28,8,기록
char:513,380,person:레드_슈즈,person,2,51,11,3,9,기록+말함
char:513,380,person:리틀_머메이드,person,5,106,23,4,8,기록+말함
char:513,380,person:세이렌,person,2,0,0,32,14,기록
char:513,380,person:신데렐라,person,1,83,18,6,26,말함
char:513,380,person:에이브,person,3,125,28,11,9,기록+말함
char:513,380,person:헨젤,person,3,75,17,28,8,기록+말함
char:590,381,concept:니케,concept,0,0,,10,186,이름
char:590,381,org:인큐베이터,org,3,0,,0,2,기록
char:590,381,person:라피,person,0,52,15,6,85,말함
char:590,381,person:모리,person,8,187,54,38,5,기록+말함
char:590,381,person:아니스,person,0,68,20,2,119,말함
char:590,381,place:지상,place,0,0,,6,132,이름
char:162,382,person:리틀_머메이드,person,3,178,40,18,8,기록+말함
char:162,382,person:미하라,person,14,269,60,51,14,기록+말함
char:162,382,person:유니,person,3,0,0,12,13,기록
event_arcanearchive,383,concept:기억_소거,concept,3,0,,16,9,기록+이름
event_arcanearchive,383,concept:니케,concept,0,0,,5,186,이름
event_arcanearchive,383,incident:아크_가디언_작전,incident,3,0,,10,7,기록+이름
event_arcanearchive,383,org:갓데스,org,6,0,,17,30,기록+이름
event_arcanearchive,383,org:베스트셀러,org,9,0,,8,4,기록+이름
event_arcanearchive,383,org:엘리시온,org,2,0,,6,17,기록+이름
event_arcanearchive,383,org:저지스,org,2,0,,1,5,기록
event_arcanearchive,383,org:카운터스,org,3,0,,9,32,기록+이름
event_arcanearchive,383,person:D,person,3,16,2,5,9,기록
event_arcanearchive,383,person:K,person,3,35,4,8,8,기록
event_arcanearchive,383,person:아르카나,person,27,672,71,132,8,기록+말함
event_arcanearchive,383,person:오스왈드,person,3,0,0,26,7,기록
event_arcanearchive,383,person:잉그리드,person,7,59,6,18,37,기록
event_arcanearchive,383,person:팬텀,person,4,93,10,14,8,기록
event_arcanearchive,383,place:금서고,place,7,0,,16,4,기록+이름
event_arcanearchive,383,place:방주,place,3,0,,18,171,기록+이름
char:581,384,person:아르카나,person,8,294,100,47,8,기록+말함
char:581,384,place:지상,place,0,0,,6,132,이름
event_lordforjustice,385,concept:니케,concept,1,0,,7,186,이름
event_lordforjustice,385,concept:랩쳐,concept,0,0,,5,142,이름
event_lordforjustice,385,concept:미스트,concept,3,0,,4,7,기록
event_lordforjustice,385,org:모란회,org,2,0,,3,4,기록
event_lordforjustice,385,org:시지_패러리스,org,8,0,,16,2,기록+이름
event_lordforjustice,385,org:저지스,org,14,0,,18,5,기록+이름
event_lordforjustice,385,person:D,person,8,40,6,13,9,기록
event_lordforjustice,385,person:K,person,28,269,37,83,8,기록+말함
event_lordforjustice,385,person:VII,person,11,104,14,17,1,기록+말함
event_lordforjustice,385,person:X,person,8,112,15,10,2,기록+말함
event_lordforjustice,385,person:데이파라,person,2,0,0,1,4,기록
event_lordforjustice,385,person:목단,person,10,150,21,37,9,기록+말함
event_lordforjustice,385,person:식스오,person,2,0,0,4,9,기록
event_lordforjustice,385,person:아르카나,person,4,47,6,12,8,기록
event_lordforjustice,385,place:금서고,place,4,0,,9,4,기록+이름
event_lordforjustice,385,place:방주,place,1,0,,16,171,이름
event_lordforjustice,385,place:아우터_림,place,3,0,,2,43,기록
event_lordforjustice,385,place:포그_할로우,place,2,0,,4,2,기록
char:41,386,person:K,person,5,190,93,58,8,기록+말함
event_ce006,387,concept:D-WAVE,concept,3,0,,11,4,기록+이름
event_ce006,387,concept:게이트_키퍼,concept,2,0,,13,3,기록+이름
event_ce006,387,concept:니케,concept,1,0,,50,186,이름
event_ce006,387,concept:랩쳐,concept,3,0,,65,142,기록+이름
event_ce006,387,concept:로드_급,concept,2,0,,2,3,기록
event_ce006,387,concept:양산형_니케,concept,3,0,,6,26,기록+이름
event_ce006,387,item:이터널_라이프,item,2,0,,2,4,기록
event_ce006,387,org:인류연합군,org,2,0,,2,7,기록
event_ce006,387,org:중앙_정부,org,10,0,,64,67,기록+이름
event_ce006,387,org:카운터스,org,4,0,,6,32,기록+이름
event_ce006,387,org:트라이앵글,org,2,0,,6,7,기록+이름
event_ce006,387,org:필그림,org,2,0,,2,21,기록
event_ce006,387,person:라푼젤,person,3,69,2,2,18,기록
event_ce006,387,person:라피,person,3,189,6,13,85,기록
event_ce006,387,person:롬,person,21,283,9,141,4,기록
event_ce006,387,person:릴리,person,3,253,8,32,2,기록
event_ce006,387,person:스노우_화이트,person,3,53,2,5,26,기록
event_ce006,387,person:아니스,person,2,222,7,5,119,기록
event_ce006,387,person:아담,person,2,178,5,21,2,기록
event_ce006,387,person:아트,person,11,96,3,44,1,기록
event_ce006,387,person:이브,person,2,240,7,67,2,기록
event_ce006,387,person:일레그,person,3,175,5,22,14,기록
event_ce006,387,person:콤,person,24,387,12,91,2,기록+말함
event_ce006,387,person:프리바티,person,13,337,10,58,11,기록+말함
event_ce006,387,person:헤르민,person,28,368,11,49,1,기록+말함
event_ce006,387,person:홍련,person,3,81,3,13,18,기록
event_ce006,387,place:방주,place,6,0,,194,171,기록+이름
event_ce006,387,place:제2의_방주,place,3,0,,22,3,기록+이름
event_ce006,387,place:지상,place,1,0,,43,132,이름
char:852,388,concept:랩쳐,concept,0,0,,5,142,이름
char:852,388,person:릴리,person,1,133,45,8,2,말함
char:852,388,person:아담,person,0,39,13,6,2,말함
char:852,388,person:일레그,person,3,121,41,12,14,기록+말함
char:850,389,concept:랩쳐,concept,1,0,,12,142,이름
char:850,389,person:라피,person,0,34,17,2,85,말함
char:850,389,person:아니스,person,1,35,17,1,119,말함
char:850,389,person:이브,person,1,80,39,9,2,말함
char:850,389,place:지상,place,1,0,,16,132,이름
char:851,390,concept:니케,concept,0,0,,15,186,이름
char:851,390,person:레이븐,person,3,124,46,12,1,기록+말함
char:851,390,person:콤,person,2,148,54,12,2,기록+말함
char:851,390,place:방주,place,0,0,,12,171,이름
char:851,390,place:지상,place,0,0,,5,132,이름
event_overthehorizon,391,concept:랩쳐,concept,0,0,,7,142,이름
event_overthehorizon,391,org:오버_더_호라이즌,org,4,0,,5,1,기록+이름
event_overthehorizon,391,org:자원_채집_부대,org,2,0,,5,5,기록+이름
event_overthehorizon,391,org:중앙_정부,org,0,0,,14,67,이름
event_overthehorizon,391,person:소라,person,16,454,65,93,4,기록+말함
event_overthehorizon,391,person:스카이,person,4,60,9,14,1,기록
event_overthehorizon,391,person:시엘로,person,3,82,12,13,2,기록+말함
event_overthehorizon,391,place:방주,place,0,0,,9,171,이름
event_overthehorizon,391,place:승리의_날개_호,place,10,0,,29,5,기록+이름
event_overthehorizon,391,place:아우터_림,place,5,0,,12,43,기록+이름
event_overthehorizon,391,place:지상,place,3,0,,19,132,기록+이름
event_overthehorizon,391,place:코스모_버거,place,1,0,,5,1,이름
char:532,392,person:소라,person,3,183,100,17,4,기록+말함
fl:boom_the_ghost,393,concept:니케,concept,1,0,,15,186,이름
fl:boom_the_ghost,393,concept:랩쳐,concept,1,0,,9,142,이름
fl:boom_the_ghost,393,concept:양산형_니케,concept,0,0,,10,26,이름
fl:boom_the_ghost,393,concept:크라켄,concept,4,0,,8,4,기록+이름
fl:boom_the_ghost,393,person:꼼꼼이,person,2,13,1,4,1,기록
fl:boom_the_ghost,393,person:도로시,person,21,356,16,92,31,기록+말함
fl:boom_the_ghost,393,person:도반,person,4,29,1,0,8,기록
fl:boom_the_ghost,393,person:뚝딱이,person,2,31,1,19,1,기록
fl:boom_the_ghost,393,person:라피,person,10,434,19,64,85,기록+말함
fl:boom_the_ghost,393,person:레드_후드,person,2,0,0,15,26,기록
fl:boom_the_ghost,393,person:마오,person,3,0,0,32,1,기록
fl:boom_the_ghost,393,person:싹싹이,person,3,16,1,8,1,기록
fl:boom_the_ghost,393,person:알프레드,person,8,269,12,27,1,기록+말함
fl:boom_the_ghost,393,person:얀,person,2,139,6,8,6,기록
fl:boom_the_ghost,393,person:일레그,person,9,495,22,76,14,기록+말함
fl:boom_the_ghost,393,person:지글이,person,3,22,1,20,1,기록
fl:boom_the_ghost,393,person:팔팔이,person,2,22,1,4,1,기록
fl:boom_the_ghost,393,person:프림,person,2,110,5,22,7,기록
fl:boom_the_ghost,393,person:피나,person,6,0,0,43,4,기록
fl:boom_the_ghost,393,place:방주,place,6,0,,14,171,기록+이름
fl:boom_the_ghost,393,place:유토피아_호,place,11,0,,57,1,기록+이름
fl:boom_the_ghost,393,place:지상,place,0,0,,8,132,이름
char:234,394,person:도로시,person,2,208,100,27,31,기록+말함
char:502,395,person:도로시,person,0,43,11,6,31,말함
char:502,395,person:일레그,person,3,298,74,30,14,기록+말함
char:502,395,place:방주,place,1,0,,8,171,이름
ch39,396,concept:니케,concept,2,0,,25,186,기록+이름
ch39,396,concept:랩쳐,concept,0,0,,26,142,이름
ch39,396,concept:마더_웨일,concept,1,0,,11,6,이름
ch39,396,concept:언체인드,concept,2,0,,1,25,기록
ch39,396,concept:웨일리,concept,7,0,,28,7,기록+이름
ch39,396,concept:특수_별동대,concept,0,0,,6,5,이름
ch39,396,concept:헬레틱,concept,1,0,,9,40,이름
ch39,396,incident:3차_지상_탈환전,incident,2,0,,6,5,기록+이름
ch39,396,org:T.T.STAR,org,4,0,,2,8,기록
ch39,396,org:메티스,org,1,0,,5,21,이름
ch39,396,org:이그조틱,org,4,0,,17,14,기록+이름
ch39,396,org:중앙_정부,org,2,0,,8,67,기록+이름
ch39,396,org:파이오니아,org,1,0,,7,4,이름
ch39,396,org:필그림,org,1,0,,10,21,이름
ch39,396,person:D.E.E.P.,person,3,0,0,2,4,기록
ch39,396,person:E.H.,person,5,115,7,17,10,기록
ch39,396,person:나유타,person,17,174,11,22,7,기록+말함
ch39,396,person:네온,person,4,128,8,15,55,기록
ch39,396,person:노이즈,person,2,39,2,1,5,기록
ch39,396,person:라이온,person,2,0,0,2,3,기록
ch39,396,person:라피,person,6,96,6,8,85,기록
ch39,396,person:랩칠리언,person,10,98,6,24,11,기록
ch39,396,person:레비아탄,person,6,91,6,5,19,기록
ch39,396,person:머스탱,person,6,41,3,5,27,기록
ch39,396,person:바이퍼,person,2,150,9,12,11,기록
ch39,396,person:볼륨,person,2,33,2,1,3,기록
ch39,396,person:아니스,person,15,215,13,77,119,기록+말함
ch39,396,person:아비스타,person,7,137,9,5,6,기록
ch39,396,person:에닉,person,2,0,0,5,22,기록
ch39,396,person:엔드리스,person,4,0,0,6,3,기록
ch39,396,person:이터니티,person,4,0,0,6,3,기록
ch39,396,person:지즈,person,3,86,5,5,9,기록
ch39,396,person:프리티,person,3,0,0,5,8,기록
ch39,396,person:홍련,person,2,0,0,6,18,기록
ch39,396,place:리페어_센터,place,2,0,,4,5,기록
ch39,396,place:방주,place,1,0,,45,171,이름
ch39,396,place:배드_드림,place,4,0,,10,3,기록+이름
ch39,396,place:아우터_림,place,5,0,,33,43,기록+이름
ch39,396,place:지상,place,0,0,,17,132,이름
relic:정갈하게쓴기록,397,concept:랩쳐,concept,1,0,,11,142,이름
relic:정갈하게쓴기록,397,concept:웨일리,concept,3,0,,6,7,기록+이름
relic:정갈하게쓴기록,397,person:랩칠리언,person,7,0,0,7,11,기록
relic:정갈하게쓴기록,397,person:퀸,person,2,0,0,1,20,기록
ch40,398,concept:니케,concept,0,0,,18,186,이름
ch40,398,concept:다크_매터,concept,1,0,,5,18,이름
ch40,398,concept:랩쳐,concept,2,0,,29,142,기록+이름
ch40,398,concept:미스트,concept,2,0,,2,7,기록
ch40,398,concept:웨일리,concept,5,0,,13,7,기록+이름
ch40,398,concept:퀸_인자,concept,6,0,,14,3,기록+이름
ch40,398,concept:헬레틱,concept,1,0,,14,40,이름
ch40,398,item:브레인_셸터,item,2,0,,1,4,기록
ch40,398,org:T.T.STAR,org,5,0,,13,8,기록+이름
ch40,398,org:이그조틱,org,1,0,,6,14,이름
ch40,398,org:중앙_정부,org,0,0,,8,67,이름
ch40,398,org:카운터스,org,0,0,,5,32,이름
ch40,398,org:포비스트,org,5,0,,24,20,기록+이름
ch40,398,person:나유타,person,13,158,10,19,7,기록+말함
ch40,398,person:네온,person,4,122,8,29,55,기록
ch40,398,person:노이즈,person,2,2,0,2,5,기록
ch40,398,person:라이온,person,4,0,0,10,3,기록
ch40,398,person:레비아탄,person,7,67,4,28,19,기록
ch40,398,person:리버렐리오,person,12,132,8,21,12,기록
ch40,398,person:리버린,person,3,0,0,5,9,기록
ch40,398,person:머스탱,person,4,17,1,8,27,기록
ch40,398,person:미세스_미스,person,6,132,8,12,5,기록
ch40,398,person:베히모스,person,6,27,2,11,14,기록
ch40,398,person:식스오,person,4,0,0,10,9,기록
ch40,398,person:아니스,person,7,147,9,27,119,기록
ch40,398,person:지즈,person,5,69,4,32,9,기록
ch40,398,person:칼슨,person,3,107,7,12,1,기록
ch40,398,person:퀸,person,3,0,0,36,20,기록
ch40,398,person:프리카,person,2,49,3,6,7,기록
ch40,398,person:프리티,person,2,0,0,9,8,기록
ch40,398,person:피노키오,person,6,27,2,21,2,기록
ch40,398,place:방주,place,0,0,,17,171,이름
ch40,398,place:배드_드림,place,2,0,,4,3,기록
ch40,398,place:아우터_림,place,5,0,,17,43,기록+이름
ch40,398,place:에덴,place,1,0,,6,25,이름
ch40,398,place:지상,place,1,0,,8,132,이름
relic:어떤소녀의그림일기,399,person:랩칠리언,person,2,0,0,14,11,기록
relic:어떤소녀의그림일기,399,person:피노키오,person,3,0,0,29,2,기록
fl:absolute,400,concept:니케,concept,0,0,,10,186,이름
fl:absolute,400,concept:랩쳐,concept,0,0,,38,142,이름
fl:absolute,400,concept:블랙스미스,concept,5,0,,12,3,기록+이름
fl:absolute,400,concept:에블라_입자,concept,1,0,,6,9,이름
fl:absolute,400,concept:타일런트_급,concept,0,0,,12,12,이름
fl:absolute,400,concept:프레데터,concept,9,0,,54,1,기록+이름
fl:absolute,400,org:스카우팅,org,3,0,,6,2,기록+이름
fl:absolute,400,org:앱솔루트,org,6,0,,40,15,기록+이름
fl:absolute,400,org:언리미티드,org,4,0,,10,6,기록+이름
fl:absolute,400,org:카운터스,org,2,0,,4,32,기록
fl:absolute,400,person:델타,person,2,33,2,25,4,기록
fl:absolute,400,person:라피,person,2,5,0,26,85,기록
fl:absolute,400,person:미친개,person,2,4,0,0,1,기록
fl:absolute,400,person:베스티,person,14,385,19,136,8,기록+말함
fl:absolute,400,person:베히모스,person,8,1,0,18,14,기록
fl:absolute,400,person:솔져_E.G.,person,2,63,3,6,1,기록
fl:absolute,400,person:솔져_F.A.,person,3,10,0,5,1,기록
fl:absolute,400,person:엠마,person,9,453,22,80,10,기록+말함
fl:absolute,400,person:은화,person,25,774,37,220,9,기록+말함
fl:absolute,400,person:인디빌리아,person,2,0,0,8,9,기록
fl:absolute,400,person:잉그리드,person,8,141,7,9,37,기록
fl:absolute,400,place:방주,place,0,0,,14,171,이름
fl:absolute,400,place:북부,place,3,0,,10,7,기록+이름
fl:absolute,400,place:사관학교,place,3,0,,1,3,기록
fl:absolute,400,place:수정_지역,place,0,0,,5,14,이름
fl:absolute,400,place:지상,place,0,0,,35,132,이름
char:93,401,person:엠마,person,2,202,100,21,10,기록+말함
char:95,402,concept:NIMPH,concept,1,0,,8,24,이름
char:95,402,concept:랩쳐,concept,0,0,,50,142,이름
char:95,402,person:은화,person,4,324,88,54,9,기록+말함
char:95,402,person:잉그리드,person,1,44,12,0,37,말함
char:94,403,person:베스티,person,3,293,75,54,8,기록+말함
fl:coins_in_rush,404,concept:크레디트,concept,1,0,,11,4,이름
fl:coins_in_rush,404,org:쉐이드,org,7,0,,12,2,기록+이름
fl:coins_in_rush,404,org:중앙_정부,org,3,0,,13,67,기록+이름
fl:coins_in_rush,404,org:테트라,org,3,0,,10,13,기록+이름
fl:coins_in_rush,404,person:루주,person,4,196,11,40,6,기록+말함
fl:coins_in_rush,404,person:머스탱,person,13,221,12,28,27,기록+말함
fl:coins_in_rush,404,person:밀크,person,4,473,26,88,10,기록+말함
fl:coins_in_rush,404,person:베이,person,2,135,8,29,5,기록
fl:coins_in_rush,404,person:벨벳,person,17,207,12,74,3,기록+말함
fl:coins_in_rush,404,person:에이드,person,9,307,17,82,9,기록+말함
fl:coins_in_rush,404,person:엑시아,person,0,233,13,61,12,말함
fl:coins_in_rush,404,place:방주,place,0,0,,5,171,이름
fl:coins_in_rush,404,place:아우터_림,place,2,0,,4,43,기록
fl:coins_in_rush,404,place:코인_러시,place,6,0,,35,11,기록+이름
char:315,405,person:에이드,person,3,252,88,67,9,기록+말함
char:315,405,person:코코아,person,1,33,12,10,10,말함
char:143,406,concept:랩쳐,concept,0,0,,5,142,이름
char:143,406,person:밀크,person,3,174,61,76,10,기록+말함
char:143,406,person:슈가,person,1,36,13,14,10,말함
char:143,406,person:에이드,person,1,50,17,7,9,말함
char:143,406,place:코인_러시,place,0,0,,6,11,이름
fl:reborn_evil,407,concept:D-WAVE,concept,3,0,,24,4,기록+이름
fl:reborn_evil,407,concept:NEO_바이러스,concept,8,0,,19,3,기록+이름
fl:reborn_evil,407,concept:게이트_키퍼,concept,1,0,,8,3,이름
fl:reborn_evil,407,concept:니케,concept,1,0,,15,186,이름
fl:reborn_evil,407,concept:랩쳐,concept,3,0,,48,142,기록+이름
fl:reborn_evil,407,concept:양산형_니케,concept,1,0,,10,26,이름
fl:reborn_evil,407,org:A.C.P.U.,org,0,0,,12,9,이름
fl:reborn_evil,407,org:구원의_성화,org,16,0,,35,5,기록+이름
fl:reborn_evil,407,org:블레이즈_아웃,org,3,0,,7,2,기록+이름
fl:reborn_evil,407,org:엄브렐러,org,5,0,,20,2,기록+이름
fl:reborn_evil,407,org:중앙_정부,org,4,0,,22,67,기록+이름
fl:reborn_evil,407,person:D,person,8,247,17,53,9,기록+말함
fl:reborn_evil,407,person:K,person,5,87,6,15,8,기록
fl:reborn_evil,407,person:X,person,4,15,1,9,2,기록
fl:reborn_evil,407,person:데이파라,person,10,136,9,44,4,기록
fl:reborn_evil,407,person:마나,person,2,10,1,0,12,기록
fl:reborn_evil,407,person:에이다,person,6,196,13,40,2,기록+말함
fl:reborn_evil,407,person:엔더슨,person,2,60,4,0,32,기록
fl:reborn_evil,407,person:엘세리아_나인,person,8,64,4,14,2,기록
fl:reborn_evil,407,person:질,person,2,149,10,33,2,기록
fl:reborn_evil,407,person:클레어,person,3,191,13,30,2,기록+말함
fl:reborn_evil,407,person:키리,person,3,135,9,40,5,기록
fl:reborn_evil,407,person:폴리,person,2,63,4,38,10,기록
fl:reborn_evil,407,place:라쿤_시티,place,1,0,,11,3,이름
fl:reborn_evil,407,place:방주,place,4,0,,42,171,기록+이름
fl:reborn_evil,407,place:아우터_림,place,6,0,,24,43,기록+이름
fl:reborn_evil,407,place:지상,place,1,0,,17,132,이름
char:840,408,concept:D-WAVE,concept,0,0,,5,4,이름
char:840,408,concept:NEO_바이러스,concept,2,0,,5,3,기록+이름
char:840,408,concept:니케,concept,1,0,,5,186,이름
char:840,408,concept:랩쳐,concept,1,0,,15,142,이름
char:840,408,org:구원의_성화,org,3,0,,11,5,기록+이름
char:840,408,person:에이다,person,3,106,83,19,2,기록+말함
char:840,408,person:엘세리아_나인,person,2,0,0,20,2,기록
char:842,409,org:엄브렐러,org,1,0,,5,2,이름
char:842,409,person:클레어,person,3,137,59,17,2,기록+말함
char:842,409,person:키리,person,0,95,41,17,5,말함
char:842,409,place:라쿤_시티,place,1,0,,9,3,이름
char:842,409,place:아우터_림,place,0,0,,5,43,이름
char:841,410,concept:NEO_바이러스,concept,2,0,,2,3,기록
char:841,410,concept:랩쳐,concept,0,0,,6,142,이름
char:841,410,org:구원의_성화,org,2,0,,1,5,기록
char:841,410,person:미란다,person,2,63,49,15,8,기록+말함
char:841,410,person:질,person,1,66,51,16,2,말함
char:841,410,place:라쿤_시티,place,0,0,,5,3,이름
side:eden_spear,411,concept:니케,concept,0,0,,8,186,이름
side:eden_spear,411,concept:랩쳐,concept,0,0,,25,142,이름
side:eden_spear,411,concept:릴리스의_바디,concept,5,0,,11,3,기록+이름
side:eden_spear,411,concept:언체인드,concept,2,0,,7,25,기록+이름
side:eden_spear,411,concept:헬레틱,concept,0,0,,23,40,이름
side:eden_spear,411,item:아틀라스_케이지,item,2,0,,10,2,기록+이름
side:eden_spear,411,item:에덴의_창,item,3,0,,9,2,기록+이름
side:eden_spear,411,org:인헤르트,org,3,0,,5,3,기록+이름
side:eden_spear,411,org:파이오니아,org,2,0,,5,4,기록+이름
side:eden_spear,411,person:나유타,person,10,241,17,15,7,기록+말함
side:eden_spear,411,person:니힐리스타,person,13,145,10,32,11,기록
side:eden_spear,411,person:도로시,person,8,57,4,36,31,기록
side:eden_spear,411,person:리버렐리오,person,7,59,4,20,12,기록
side:eden_spear,411,person:마리안,person,3,25,2,6,20,기록
side:eden_spear,411,person:세실,person,4,165,11,23,13,기록+말함
side:eden_spear,411,person:요한,person,13,317,22,37,13,기록+말함
side:eden_spear,411,person:이사벨,person,3,67,5,12,11,기록
side:eden_spear,411,person:인디빌리아,person,2,0,0,5,9,기록
side:eden_spear,411,person:퀸,person,11,0,0,38,20,기록
side:eden_spear,411,person:토커티브,person,2,0,0,3,15,기록
side:eden_spear,411,person:파피용,person,5,161,11,25,9,기록+말함
side:eden_spear,411,person:하란,person,5,114,8,3,9,기록
side:eden_spear,411,place:방주,place,4,0,,45,171,기록+이름
side:eden_spear,411,place:에덴,place,11,0,,68,25,기록+이름
side:eden_spear,411,place:지상,place,0,0,,12,132,이름
fl:go_ninja_thief,412,person:델타,person,4,284,28,96,4,기록+말함
fl:go_ninja_thief,412,person:미란다,person,2,165,17,40,8,기록+말함
fl:go_ninja_thief,412,person:퀀시,person,3,118,12,12,6,기록+말함
fl:go_ninja_thief,412,person:키리,person,2,58,6,7,5,기록
fl:go_ninja_thief,412,person:팬텀,person,4,255,26,15,8,기록+말함
fl:go_ninja_thief,412,person:폴리,person,2,89,9,17,10,기록
char:23,413,person:델타,person,2,173,47,35,4,기록+말함
char:23,413,person:미란다,person,1,56,15,11,8,말함
char:23,413,person:퀀시,person,1,38,10,5,6,말함
char:23,413,person:팬텀,person,1,98,27,7,8,말함
char:23,413,place:방주,place,0,0,,8,171,이름
ch41,414,concept:E2_크리스탈,concept,3,0,,8,7,기록+이름
ch41,414,concept:니케,concept,1,0,,14,186,이름
ch41,414,concept:다크_매터,concept,3,0,,24,18,기록+이름
ch41,414,concept:랩쳐,concept,0,0,,6,142,이름
ch41,414,concept:미스트,concept,2,0,,3,7,기록
ch41,414,concept:스마일_박스,concept,5,0,,4,2,기록
ch41,414,concept:용광로,concept,4,0,,13,2,기록+이름
ch41,414,concept:웨일리,concept,1,0,,5,7,이름
ch41,414,concept:퀸_인자,concept,3,0,,0,3,기록
ch41,414,concept:헬레틱,concept,0,0,,13,40,이름
ch41,414,org:M.M.R.,org,3,0,,1,12,기록
ch41,414,org:T.T.STAR,org,4,0,,5,8,기록+이름
ch41,414,org:테트라,org,2,0,,4,13,기록
ch41,414,org:포비스트,org,8,0,,23,20,기록+이름
ch41,414,person:#000000,person,2,104,7,0,1,기록
ch41,414,person:D.E.E.P.,person,5,21,1,5,4,기록
ch41,414,person:E.H.,person,4,50,3,16,10,기록
ch41,414,person:네온,person,6,71,5,31,55,기록
ch41,414,person:라피,person,8,104,7,28,85,기록
ch41,414,person:레비아탄,person,10,117,8,25,19,기록
ch41,414,person:로지,person,3,0,0,8,1,기록
ch41,414,person:리버렐리오,person,11,122,8,12,12,기록
ch41,414,person:리버린,person,6,41,3,16,9,기록
ch41,414,person:맥스웰,person,3,51,3,11,15,기록
ch41,414,person:머스탱,person,3,0,0,3,27,기록
ch41,414,person:미세스_미스,person,7,91,6,3,5,기록
ch41,414,person:민트,person,7,47,3,8,6,기록
ch41,414,person:바하무트,person,6,108,7,56,4,기록
ch41,414,person:베히모스,person,3,88,6,37,14,기록
ch41,414,person:식스오,person,6,15,1,1,9,기록
ch41,414,person:아니스,person,6,72,5,26,119,기록
ch41,414,person:에닉,person,2,0,0,6,22,기록
ch41,414,person:에테르,person,2,35,2,5,12,기록
ch41,414,person:온리_원,person,3,5,0,0,6,기록
ch41,414,person:지엔,person,2,76,5,4,7,기록
ch41,414,person:지즈,person,4,55,4,35,9,기록
ch41,414,person:퀸,person,4,0,0,31,20,기록
ch41,414,person:트리키_보이,person,2,41,3,0,1,기록
ch41,414,person:프리카,person,4,40,3,3,7,기록
ch41,414,person:프리티,person,2,0,0,5,8,기록
ch41,414,person:해머링,person,2,0,0,9,6,기록
ch41,414,place:방주,place,5,0,,30,171,기록+이름
ch41,414,place:아우터_림,place,1,0,,8,43,이름
ch41,414,place:유사_방주,place,5,0,,4,2,기록
ch41,414,place:지상,place,0,0,,13,132,이름
relic:거꾸로적힌기록,415,person:레비아탄,person,2,0,0,0,19,기록
relic:거꾸로적힌기록,415,person:바하무트,person,3,0,0,25,4,기록
ch42,416,concept:E2_크리스탈,concept,3,0,,8,7,기록+이름
ch42,416,concept:니케,concept,1,0,,8,186,이름
ch42,416,concept:다크_매터,concept,3,0,,29,18,기록+이름
ch42,416,concept:랩쳐,concept,0,0,,9,142,이름
ch42,416,concept:웨일리,concept,1,0,,13,7,이름
ch42,416,concept:헬레틱,concept,0,0,,6,40,이름
ch42,416,item:스타_스테이지,item,2,0,,3,1,기록
ch42,416,org:메티스,org,2,0,,5,21,기록+이름
ch42,416,org:빌런_연합,org,0,0,,9,5,이름
ch42,416,org:이그조틱,org,2,0,,5,14,기록+이름
ch42,416,org:중앙_정부,org,1,0,,10,67,이름
ch42,416,org:포비스트,org,4,0,,19,20,기록+이름
ch42,416,person:E.H.,person,8,63,3,9,10,기록
ch42,416,person:그레이브,person,5,33,2,7,23,기록
ch42,416,person:그레텔,person,3,0,0,3,8,기록
ch42,416,person:글러트니,person,6,0,0,35,5,기록
ch42,416,person:드레이크,person,6,18,1,21,16,기록
ch42,416,person:라플라스,person,4,52,3,14,13,기록
ch42,416,person:라피,person,10,155,8,37,85,기록
ch42,416,person:레비아탄,person,20,229,12,51,19,기록+말함
ch42,416,person:리버렐리오,person,16,145,8,12,12,기록
ch42,416,person:리버린,person,3,17,1,7,9,기록
ch42,416,person:리틀_머메이드,person,9,95,5,28,8,기록
ch42,416,person:맥스웰,person,4,21,1,12,15,기록
ch42,416,person:머스탱,person,7,52,3,1,27,기록
ch42,416,person:모리,person,5,71,4,11,5,기록
ch42,416,person:미세스_미스,person,3,36,2,3,5,기록
ch42,416,person:바이퍼,person,2,36,2,5,11,기록
ch42,416,person:바하무트,person,6,14,1,23,4,기록
ch42,416,person:베히모스,person,8,63,3,23,14,기록
ch42,416,person:세이렌,person,4,0,0,36,14,기록
ch42,416,person:식스오,person,4,0,0,7,9,기록
ch42,416,person:신데렐라,person,12,95,5,22,26,기록
ch42,416,person:아니스,person,21,308,16,113,119,기록+말함
ch42,416,person:아비스타,person,3,52,3,10,6,기록
ch42,416,person:에닉,person,14,137,7,15,22,기록
ch42,416,person:엔드리스,person,2,0,0,5,3,기록
ch42,416,person:온리_원,person,24,22,1,38,6,기록
ch42,416,person:요한,person,2,0,0,2,13,기록
ch42,416,person:이터니티,person,4,0,0,22,3,기록
ch42,416,person:지즈,person,11,79,4,40,9,기록
ch42,416,person:퀸,person,6,0,0,61,20,기록
ch42,416,person:프리티,person,3,0,0,4,8,기록
ch42,416,person:헨젤,person,3,0,0,3,8,기록
ch42,416,place:방주,place,5,0,,70,171,기록+이름
ch42,416,place:아우터_림,place,8,0,,24,43,기록+이름
ch42,416,place:유사_방주,place,2,0,,2,2,기록
ch42,416,place:지상,place,1,0,,5,132,이름
ch42,416,place:펑크_스트리트,place,5,0,,3,2,기록
relic:주의용광로사용법,417,concept:다크_매터,concept,2,0,,3,18,기록
relic:주의용광로사용법,417,concept:용광로,concept,2,0,,2,2,기록
relic:주의용광로사용법,417,org:포비스트,org,3,0,,0,20,기록
relic:주의용광로사용법,417,person:바하무트,person,2,0,0,1,4,기록
event_goddessfall1,418,concept:NIMPH,concept,2,0,,6,24,기록+이름
event_goddessfall1,418,concept:니케,concept,1,0,,15,186,이름
event_goddessfall1,418,concept:랩쳐,concept,0,0,,88,142,이름
event_goddessfall1,418,concept:릴리스의_바디,concept,5,0,,19,3,기록+이름
event_goddessfall1,418,concept:스톰_브링어,concept,2,0,,4,3,기록
event_goddessfall1,418,concept:언체인드,concept,6,0,,4,25,기록
event_goddessfall1,418,concept:퀸_인자,concept,5,0,,14,3,기록+이름
event_goddessfall1,418,concept:타일런트_급,concept,0,0,,6,12,이름
event_goddessfall1,418,concept:헬레틱,concept,1,0,,23,40,이름
event_goddessfall1,418,item:네이키드_킹,item,3,0,,5,2,기록+이름
event_goddessfall1,418,item:에덴의_창,item,5,0,,26,2,기록+이름
event_goddessfall1,418,org:인헤르트,org,4,0,,11,3,기록+이름
event_goddessfall1,418,org:파이오니아,org,11,0,,13,4,기록+이름
event_goddessfall1,418,org:필그림,org,0,0,,6,21,이름
event_goddessfall1,418,person:T.A.L.O.S.,person,4,39,1,0,3,기록
event_goddessfall1,418,person:나유타,person,42,607,18,97,7,기록+말함
event_goddessfall1,418,person:노아,person,8,67,2,35,9,기록
event_goddessfall1,418,person:니힐리스타,person,25,230,7,54,11,기록
event_goddessfall1,418,person:도로시,person,8,59,2,21,31,기록
event_goddessfall1,418,person:라푼젤,person,10,110,3,32,18,기록
event_goddessfall1,418,person:리버렐리오,person,4,0,0,12,12,기록
event_goddessfall1,418,person:릴리바이스,person,5,0,0,13,14,기록
event_goddessfall1,418,person:릴리스,person,2,0,0,4,2,기록
event_goddessfall1,418,person:마리안,person,27,128,4,137,20,기록
event_goddessfall1,418,person:미러,person,24,244,7,6,7,기록
event_goddessfall1,418,person:세실,person,7,127,4,11,13,기록
event_goddessfall1,418,person:스노우_화이트,person,14,167,5,34,26,기록
event_goddessfall1,418,person:신데렐라,person,3,0,0,3,26,기록
event_goddessfall1,418,person:요한,person,24,308,9,30,13,기록
event_goddessfall1,418,person:이사벨,person,10,144,4,46,11,기록
event_goddessfall1,418,person:인디빌리아,person,16,220,7,71,9,기록
event_goddessfall1,418,person:장화,person,8,58,2,11,5,기록
event_goddessfall1,418,person:차임,person,10,127,4,65,8,기록
event_goddessfall1,418,person:퀸,person,32,0,0,276,20,기록
event_goddessfall1,418,person:크라운,person,7,83,3,28,8,기록
event_goddessfall1,418,person:킬로,person,3,65,2,17,3,기록
event_goddessfall1,418,person:토커티브,person,13,60,2,42,15,기록
event_goddessfall1,418,person:파피용,person,9,201,6,39,9,기록
event_goddessfall1,418,person:하란,person,14,150,5,25,9,기록
event_goddessfall1,418,person:홍련,person,9,95,3,25,18,기록
event_goddessfall1,418,place:방주,place,5,0,,37,171,기록+이름
event_goddessfall1,418,place:에덴,place,9,0,,105,25,기록+이름
event_goddessfall1,418,place:지상,place,0,0,,47,132,이름
event_goddessfall1,418,place:크라운_왕국,place,1,0,,14,3,이름
erelic:goddess_fall_mini,419,concept:니케,concept,1,0,,10,186,이름
erelic:goddess_fall_mini,419,concept:랩쳐,concept,0,0,,21,142,이름
erelic:goddess_fall_mini,419,concept:지상_탈환,concept,1,0,,19,9,이름
erelic:goddess_fall_mini,419,concept:퍼펙트,concept,2,0,,2,16,기록
erelic:goddess_fall_mini,419,incident:2차_지상_탈환전,incident,5,0,,18,5,기록+이름
erelic:goddess_fall_mini,419,incident:갓데스_폴,incident,0,0,,6,2,이름
erelic:goddess_fall_mini,419,org:갓데스,org,4,0,,8,30,기록+이름
erelic:goddess_fall_mini,419,org:중앙_정부,org,2,0,,2,67,기록
erelic:goddess_fall_mini,419,person:노아,person,9,157,15,14,9,기록+말함
erelic:goddess_fall_mini,419,person:도로시,person,16,175,17,24,31,기록+말함
erelic:goddess_fall_mini,419,person:세실,person,10,212,21,17,13,기록+말함
erelic:goddess_fall_mini,419,person:요한,person,12,131,13,22,13,기록+말함
erelic:goddess_fall_mini,419,person:이사벨,person,9,103,10,16,11,기록+말함
erelic:goddess_fall_mini,419,person:하란,person,17,249,24,20,9,기록+말함
erelic:goddess_fall_mini,419,place:방주,place,4,0,,26,171,기록+이름
erelic:goddess_fall_mini,419,place:에덴,place,11,0,,28,25,기록+이름
erelic:goddess_fall_mini,419,place:지상,place,0,0,,36,132,이름
char:223,420,person:나유타,person,7,219,98,28,7,기록+말함
char:223,420,place:지상,place,0,0,,7,132,이름
char:331,421,person:네온,person,0,23,10,6,55,말함
char:331,421,person:차임,person,5,166,74,36,8,기록+말함
char:331,421,person:크라운,person,2,15,7,11,8,기록
char:262,422,person:리버렐리오,person,4,167,100,15,12,기록+말함
fl:blank_ticket,423,concept:니케,concept,0,0,,7,186,이름
fl:blank_ticket,423,org:인피니티_레일,org,3,0,,1,5,기록
fl:blank_ticket,423,person:노라,person,17,291,28,16,2,기록+말함
fl:blank_ticket,423,person:솔린,person,6,596,57,47,9,기록+말함
fl:blank_ticket,423,place:방주,place,1,0,,9,171,이름
fl:blank_ticket,423,place:지상,place,0,0,,16,132,이름
char:74,424,person:브리드,person,1,41,12,5,5,말함
char:74,424,person:솔린,person,2,307,88,30,9,기록+말함
fl:terminus_ticket,425,concept:니케,concept,0,0,,12,186,이름
fl:terminus_ticket,425,concept:랩쳐,concept,0,0,,12,142,이름
fl:terminus_ticket,425,incident:AFX_열차_테러,incident,0,0,,6,3,이름
fl:terminus_ticket,425,org:인피니티_레일,org,3,0,,1,5,기록
fl:terminus_ticket,425,person:노라,person,25,818,40,104,2,기록+말함
fl:terminus_ticket,425,person:디젤,person,4,292,14,22,7,기록+말함
fl:terminus_ticket,425,person:루시안,person,3,115,6,28,1,기록
fl:terminus_ticket,425,person:메어리,person,2,122,6,18,9,기록
fl:terminus_ticket,425,person:브리드,person,4,207,10,17,5,기록+말함
fl:terminus_ticket,425,person:솔린,person,8,293,14,28,9,기록+말함
fl:terminus_ticket,425,person:율리아,person,2,24,1,5,4,기록
fl:terminus_ticket,425,place:방주,place,0,0,,26,171,이름
fl:terminus_ticket,425,place:지상,place,3,0,,56,132,기록+이름
char:75,426,person:디젤,person,1,234,75,33,7,말함
char:75,426,person:솔린,person,0,42,13,3,9,말함
char:73,427,person:브리드,person,2,176,95,57,5,기록+말함
fl:ark_guardian,428,concept:NIMPH,concept,2,0,,5,24,기록+이름
fl:ark_guardian,428,concept:니케,concept,1,0,,39,186,이름
fl:ark_guardian,428,concept:랩쳐,concept,1,0,,61,142,이름
fl:ark_guardian,428,concept:머신_메사이어,concept,2,0,,1,1,기록
fl:ark_guardian,428,concept:사고_전환,concept,3,0,,5,8,기록+이름
fl:ark_guardian,428,concept:스톰_브링어,concept,1,0,,6,3,이름
fl:ark_guardian,428,concept:양산형_니케,concept,3,0,,65,26,기록+이름
fl:ark_guardian,428,concept:언체인드,concept,4,0,,6,25,기록+이름
fl:ark_guardian,428,concept:침식,concept,0,0,,5,21,이름
fl:ark_guardian,428,concept:타일런트_급,concept,0,0,,10,12,이름
fl:ark_guardian,428,concept:헬레틱,concept,5,0,,71,40,기록+이름
fl:ark_guardian,428,incident:아크_가디언_작전,incident,4,0,,11,7,기록+이름
fl:ark_guardian,428,org:V.T.C.,org,11,0,,23,10,기록+이름
fl:ark_guardian,428,org:갓데스,org,17,0,,46,30,기록+이름
fl:ark_guardian,428,org:중앙_정부,org,6,0,,34,67,기록+이름
fl:ark_guardian,428,person:노아,person,2,0,0,1,9,기록
fl:ark_guardian,428,person:도로시,person,7,289,17,43,31,기록+말함
fl:ark_guardian,428,person:라푼젤,person,5,135,8,33,18,기록
fl:ark_guardian,428,person:레드_슈즈,person,3,0,0,2,9,기록
fl:ark_guardian,428,person:레드_후드,person,4,4,0,20,26,기록
fl:ark_guardian,428,person:리버렐리오,person,2,0,0,1,12,기록
fl:ark_guardian,428,person:릴리바이스,person,16,409,23,94,14,기록+말함
fl:ark_guardian,428,person:미러,person,2,12,1,0,7,기록
fl:ark_guardian,428,person:세실,person,3,74,4,1,13,기록
fl:ark_guardian,428,person:스노우_화이트,person,11,321,18,113,26,기록+말함
fl:ark_guardian,428,person:아나키오르,person,7,0,0,13,9,기록
fl:ark_guardian,428,person:에이브,person,2,0,0,1,9,기록
fl:ark_guardian,428,person:엔더슨,person,14,6,0,1316,32,기록
fl:ark_guardian,428,person:오스왈드,person,15,127,7,48,7,기록
fl:ark_guardian,428,person:퀸,person,2,0,0,11,20,기록
fl:ark_guardian,428,person:프리시아,person,2,96,5,30,3,기록
fl:ark_guardian,428,person:홍련,person,9,264,15,59,18,기록+말함
fl:ark_guardian,428,place:리페어_센터,place,0,0,,5,5,이름
fl:ark_guardian,428,place:방주,place,11,0,,88,171,기록+이름
fl:ark_guardian,428,place:승리의_날개_호,place,1,0,,26,5,이름
fl:ark_guardian,428,place:에덴,place,2,0,,3,25,기록
fl:ark_guardian,428,place:지상,place,0,0,,14,132,이름
char:471,429,concept:랩쳐,concept,0,0,,5,142,이름
char:471,429,concept:사고_전환,concept,1,0,,6,8,이름
char:471,429,org:갓데스,org,0,0,,5,30,이름
char:471,429,person:릴리바이스,person,3,23,8,5,14,기록
char:471,429,person:스노우_화이트,person,6,230,82,38,26,기록+말함
fl:sin_editor,430,concept:기억_소거,concept,2,0,,6,9,기록+이름
fl:sin_editor,430,concept:니케,concept,0,0,,11,186,이름
fl:sin_editor,430,concept:양산형_니케,concept,2,0,,2,26,기록
fl:sin_editor,430,org:베스트셀러,org,3,0,,3,4,기록
fl:sin_editor,430,org:자원_채집_부대,org,2,0,,0,5,기록
fl:sin_editor,430,person:레이블,person,16,427,56,124,2,기록+말함
fl:sin_editor,430,person:아르카나,person,6,145,19,22,8,기록+말함
fl:sin_editor,430,person:에닉,person,4,29,4,2,22,기록
fl:sin_editor,430,person:잉그리드,person,3,38,5,2,37,기록
fl:sin_editor,430,person:팬텀,person,8,129,17,25,8,기록+말함
fl:sin_editor,430,place:방주,place,5,0,,35,171,기록+이름
fl:sin_editor,430,place:지상,place,0,0,,6,132,이름
char:582,431,person:레이블,person,2,394,100,93,2,기록+말함
char:582,431,place:방주,place,0,0,,8,171,이름
fl:fatal_maid,432,org:메이드_포_유,org,4,0,,3,4,기록
fl:fatal_maid,432,org:쉐이드,org,5,0,,6,2,기록+이름
fl:fatal_maid,432,person:머스탱,person,3,0,0,1,27,기록
fl:fatal_maid,432,person:벨벳,person,18,408,58,93,3,기록+말함
fl:fatal_maid,432,person:앨든,person,3,0,0,14,2,기록
fl:fatal_maid,432,person:에이드,person,3,116,16,19,9,기록+말함
fl:fatal_maid,432,person:코코아,person,6,83,12,46,10,기록+말함
fl:fatal_maid,432,place:방주,place,0,0,,7,171,이름
fl:fatal_maid,432,place:코인_러시,place,0,0,,5,11,이름
char:316,433,person:벨벳,person,1,238,100,57,3,말함
ch43,434,concept:니케,concept,1,0,,18,186,이름
ch43,434,concept:양산형_니케,concept,0,0,,6,26,이름
ch43,434,concept:퍼펙트,concept,1,0,,5,16,이름
ch43,434,org:V.T.C.,org,14,0,,29,10,기록+이름
ch43,434,org:엔터_헤븐,org,2,0,,4,9,기록
ch43,434,org:엘리시온,org,5,0,,6,17,기록+이름
ch43,434,org:중앙_정부,org,8,0,,36,67,기록+이름
ch43,434,person:D.E.E.P.,person,7,0,0,10,4,기록
ch43,434,person:네온,person,10,64,5,21,55,기록
ch43,434,person:빅_마담,person,7,55,5,32,1,기록
ch43,434,person:스톨_3세,person,23,314,26,31,1,기록+말함
ch43,434,person:에테르,person,2,28,2,1,12,기록
ch43,434,person:엔더슨,person,5,0,0,3,32,기록
ch43,434,person:잉그리드,person,3,32,3,2,37,기록
ch43,434,person:지엔,person,6,130,11,1,7,기록+말함
ch43,434,person:프리_랫,person,10,130,11,16,1,기록+말함
ch43,434,person:프린세스,person,29,426,36,74,2,기록+말함
ch43,434,place:방주,place,3,0,,36,171,기록+이름
ch43,434,place:배드_드림,place,3,0,,4,3,기록
ch43,434,place:아우터_림,place,8,0,,30,43,기록+이름
relic:아무한테나말해주는거아니야.wav,435,place:아우터_림,place,3,0,,3,43,기록
ch44,436,concept:E2_크리스탈,concept,5,0,,9,7,기록+이름
ch44,436,concept:니케,concept,0,0,,43,186,이름
ch44,436,concept:랩쳐,concept,0,0,,6,142,이름
ch44,436,concept:미스트,concept,5,0,,28,7,기록+이름
ch44,436,concept:언체인드,concept,2,0,,7,25,기록+이름
ch44,436,concept:지상_탈환,concept,0,0,,12,9,이름
ch44,436,concept:특수_별동대,concept,0,0,,5,5,이름
ch44,436,concept:헬레틱,concept,1,0,,12,40,이름
ch44,436,incident:3차_지상_탈환전,incident,2,0,,12,5,기록+이름
ch44,436,org:갓데스,org,2,0,,4,30,기록
ch44,436,org:모란회,org,4,0,,18,4,기록+이름
ch44,436,org:세이메이카이,org,0,0,,7,6,이름
ch44,436,org:언더월드_퀸,org,0,0,,9,9,이름
ch44,436,org:이그조틱,org,1,0,,5,14,이름
ch44,436,org:인헤르트,org,2,0,,6,3,기록+이름
ch44,436,org:저지스,org,2,0,,7,5,기록+이름
ch44,436,org:중앙_정부,org,1,0,,20,67,이름
ch44,436,org:포비스트,org,1,0,,9,20,이름
ch44,436,org:헤도니아,org,1,0,,8,6,이름
ch44,436,person:E.H.,person,4,62,3,6,10,기록
ch44,436,person:네온,person,4,53,2,19,55,기록
ch44,436,person:노아,person,2,0,0,8,9,기록
ch44,436,person:도로시,person,5,35,2,13,31,기록
ch44,436,person:도반,person,2,35,2,6,8,기록
ch44,436,person:라이온,person,3,76,3,20,3,기록
ch44,436,person:라푼젤,person,2,0,0,8,18,기록
ch44,436,person:라피,person,4,168,8,23,85,기록
ch44,436,person:레드_후드,person,3,14,1,11,26,기록
ch44,436,person:로산나,person,3,71,3,19,9,기록
ch44,436,person:리버렐리오,person,3,31,1,18,12,기록
ch44,436,person:리버린,person,9,104,5,49,9,기록
ch44,436,person:릴리바이스,person,2,0,0,10,14,기록
ch44,436,person:마리안,person,2,0,0,17,20,기록
ch44,436,person:목단,person,6,150,7,25,9,기록
ch44,436,person:미러,person,2,0,0,1,7,기록
ch44,436,person:버닝엄,person,11,141,6,12,14,기록
ch44,436,person:사쿠라,person,3,86,4,12,10,기록
ch44,436,person:세실,person,4,53,2,5,13,기록
ch44,436,person:슈가,person,5,87,4,23,10,기록
ch44,436,person:스노우_화이트,person,16,140,6,20,26,기록
ch44,436,person:식스오,person,18,37,2,84,9,기록
ch44,436,person:아니스,person,2,191,9,20,119,기록
ch44,436,person:아이리,person,2,34,2,2,5,기록
ch44,436,person:앨트루이아,person,7,46,2,7,2,기록
ch44,436,person:에닉,person,8,106,5,16,22,기록
ch44,436,person:에테르,person,3,34,2,5,12,기록
ch44,436,person:엔더슨,person,4,52,2,4,32,기록
ch44,436,person:요한,person,3,37,2,5,13,기록
ch44,436,person:지엔,person,3,20,1,2,7,기록
ch44,436,person:진,person,2,78,4,0,4,기록
ch44,436,person:퀸,person,4,0,0,40,20,기록
ch44,436,person:파피용,person,4,36,2,8,9,기록
ch44,436,person:프레자일,person,5,112,5,12,4,기록
ch44,436,place:방주,place,6,0,,74,171,기록+이름
ch44,436,place:블랙넷,place,3,0,,10,6,기록+이름
ch44,436,place:아우터_림,place,5,0,,20,43,기록+이름
ch44,436,place:에덴,place,7,0,,50,25,기록+이름
ch44,436,place:지상,place,0,0,,30,132,이름
relic:거인을찾아서,437,concept:랩쳐,concept,0,0,,5,142,이름
relic:거인을찾아서,437,place:지상,place,3,0,,1,132,기록
fl:lie_cause_recoil,438,concept:게이트_키퍼,concept,2,0,,6,3,기록+이름
fl:lie_cause_recoil,438,concept:니케,concept,1,0,,12,186,이름
fl:lie_cause_recoil,438,org:방주_아동_보호_센터,org,9,0,,10,2,기록+이름
fl:lie_cause_recoil,438,org:찻집_리코리코,org,0,0,,6,1,이름
fl:lie_cause_recoil,438,org:카페_스위티,org,8,0,,16,4,기록+이름
fl:lie_cause_recoil,438,person:레인,person,11,58,3,40,1,기록
fl:lie_cause_recoil,438,person:마스트,person,2,45,2,7,9,기록
fl:lie_cause_recoil,438,person:밀크,person,0,306,15,21,10,말함
fl:lie_cause_recoil,438,person:슈가,person,3,282,13,23,10,기록+말함
fl:lie_cause_recoil,438,person:엔더슨,person,2,20,1,2,32,기록
fl:lie_cause_recoil,438,person:제니퍼,person,13,239,11,33,1,기록+말함
fl:lie_cause_recoil,438,person:제인,person,20,190,9,99,1,기록
fl:lie_cause_recoil,438,person:치사토,person,12,393,19,76,2,기록+말함
fl:lie_cause_recoil,438,person:쿠루미,person,5,152,7,37,2,기록
fl:lie_cause_recoil,438,person:타키나,person,7,199,10,47,2,기록
fl:lie_cause_recoil,438,person:프림,person,6,203,10,32,7,기록
fl:lie_cause_recoil,438,place:방주,place,0,0,,21,171,이름
char:860,439,person:슈가,person,0,47,31,4,10,말함
char:860,439,person:치사토,person,0,84,55,8,2,말함
char:862,440,person:엑시아,person,0,27,16,4,12,말함
char:862,440,person:쿠루미,person,0,88,51,8,2,말함
char:862,440,person:트로니,person,0,23,13,2,11,말함
char:862,440,person:프림,person,0,34,20,6,7,말함
char:861,441,person:밀크,person,1,99,47,19,10,말함
char:861,441,person:타키나,person,0,89,43,4,2,말함
fl:enter_heaven,442,concept:니케,concept,0,0,,12,186,이름
fl:enter_heaven,442,concept:아웃로,concept,2,0,,8,5,기록+이름
fl:enter_heaven,442,incident:AFX_열차_테러,incident,2,0,,2,3,기록
fl:enter_heaven,442,incident:방주_테러,incident,0,0,,7,3,이름
fl:enter_heaven,442,org:언더월드_퀸,org,2,0,,2,9,기록
fl:enter_heaven,442,org:엔터_헤븐,org,17,0,,50,9,기록+이름
fl:enter_heaven,442,org:엘리시온,org,8,0,,23,17,기록+이름
fl:enter_heaven,442,org:이그조틱,org,3,0,,3,14,기록
fl:enter_heaven,442,org:중앙_정부,org,5,0,,36,67,기록+이름
fl:enter_heaven,442,person:E.H.,person,36,423,42,50,10,기록+말함
fl:enter_heaven,442,person:멜런,person,4,38,4,4,1,기록
fl:enter_heaven,442,person:바이퍼,person,6,158,16,26,11,기록+말함
fl:enter_heaven,442,person:엘리시온_프랑카,person,6,28,3,18,1,기록
fl:enter_heaven,442,person:엘리시온_하퍼,person,0,130,13,10,1,말함
fl:enter_heaven,442,person:잉그리드,person,8,89,9,19,37,기록
fl:enter_heaven,442,person:자칼,person,4,42,4,17,7,기록
fl:enter_heaven,442,person:크로우,person,7,91,9,14,9,기록
fl:enter_heaven,442,place:방주,place,2,0,,35,171,기록+이름
fl:enter_heaven,442,place:아우터_림,place,11,0,,56,43,기록+이름
fl:enter_heaven,442,place:지상,place,0,0,,5,132,이름
char:113,443,person:E.H.,person,4,167,61,27,10,기록+말함
char:113,443,person:바이퍼,person,2,73,27,8,11,기록+말함
char:113,443,person:자칼,person,0,35,13,10,7,말함
char:113,443,place:아우터_림,place,1,0,,6,43,이름
fl:2x2_love_1ch,444,concept:니케,concept,0,0,,19,186,이름
fl:2x2_love_1ch,444,person:아르카나,person,36,2024,45,625,8,기록+말함
fl:2x2_love_1ch,444,person:에이미,person,13,291,6,146,2,기록
fl:2x2_love_1ch,444,person:프리바티,person,16,1686,37,380,11,기록+말함
fl:2x2_love_1ch,444,place:금서고,place,3,0,,8,4,기록+이름
fl:2x2_love_1ch,444,place:미미르_부속_고등학교,place,8,0,,37,12,기록+이름
fl:2x2_love_2ch,445,concept:니케,concept,0,0,,13,186,이름
fl:2x2_love_2ch,445,org:미실리스,org,5,0,,14,32,기록+이름
fl:2x2_love_2ch,445,person:소라,person,2,38,1,6,4,기록
fl:2x2_love_2ch,445,person:아르카나,person,17,1459,39,369,8,기록+말함
fl:2x2_love_2ch,445,person:아인,person,3,398,11,31,7,기록+말함
fl:2x2_love_2ch,445,person:에이미,person,7,302,8,87,2,기록
fl:2x2_love_2ch,445,person:에테르,person,4,94,3,17,12,기록
fl:2x2_love_2ch,445,person:츠바이,person,2,219,6,18,7,기록
fl:2x2_love_2ch,445,person:크러스트,person,2,0,0,9,6,기록
fl:2x2_love_2ch,445,person:프리바티,person,15,935,25,238,11,기록+말함
fl:2x2_love_2ch,445,place:미미르_부속_고등학교,place,7,0,,31,12,기록+이름
char:583,446,person:아르카나,person,4,259,100,57,8,기록+말함
side:pretty_star,447,concept:With_Nikke,concept,1,0,,6,1,이름
side:pretty_star,447,concept:니케,concept,7,0,,139,186,기록+이름
side:pretty_star,447,concept:니케포비아,concept,8,0,,20,1,기록+이름
side:pretty_star,447,concept:양산형_니케,concept,0,0,,9,26,이름
side:pretty_star,447,concept:지상_탈환,concept,2,0,,6,9,기록+이름
side:pretty_star,447,org:3대_기업,org,0,0,,5,6,이름
side:pretty_star,447,org:갓데스,org,10,0,,18,30,기록+이름
side:pretty_star,447,org:니케_인권_위원회,org,6,0,,11,1,기록+이름
side:pretty_star,447,org:베스트셀러,org,2,0,,1,4,기록
side:pretty_star,447,org:중앙_정부,org,14,0,,68,67,기록+이름
side:pretty_star,447,org:테트라,org,13,0,,23,13,기록+이름
side:pretty_star,447,person:레드_후드,person,2,0,0,5,26,기록
side:pretty_star,447,person:릴리바이스,person,2,0,0,6,14,기록
side:pretty_star,447,person:머스탱,person,15,353,19,26,27,기록+말함
side:pretty_star,447,person:미세스_미스,person,12,154,8,9,5,기록
side:pretty_star,447,person:버닝엄,person,3,5,0,2,14,기록
side:pretty_star,447,person:아니스,person,11,225,12,101,119,기록+말함
side:pretty_star,447,person:에닉,person,2,0,0,2,22,기록
side:pretty_star,447,person:오스왈드,person,22,310,17,71,7,기록+말함
side:pretty_star,447,person:프리시아,person,8,523,28,89,3,기록+말함
side:pretty_star,447,person:프리티,person,32,0,0,71,8,기록
side:pretty_star,447,person:한슨,person,12,220,12,50,2,기록+말함
side:pretty_star,447,place:방주,place,5,0,,51,171,기록+이름
side:pretty_star,447,place:지상,place,0,0,,15,132,이름
fl:good_world,448,concept:PROJECT_A.D.,concept,5,0,,9,2,기록+이름
fl:good_world,448,concept:니케,concept,1,0,,9,186,이름
fl:good_world,448,concept:랩쳐,concept,0,0,,5,142,이름
fl:good_world,448,item:이터널_라이프,item,4,0,,6,4,기록+이름
fl:good_world,448,org:M.M.R.,org,2,0,,2,12,기록
fl:good_world,448,org:V.T.C.,org,4,0,,6,10,기록+이름
fl:good_world,448,org:베일드_오더,org,3,0,,1,1,기록
fl:good_world,448,org:중앙_정부,org,1,0,,11,67,이름
fl:good_world,448,org:카운터스,org,2,0,,3,32,기록
fl:good_world,448,person:레오,person,2,0,0,16,1,기록
fl:good_world,448,person:백학,person,18,791,87,76,2,기록+말함
fl:good_world,448,person:사라,person,2,55,6,13,1,기록
fl:good_world,448,person:올리버,person,2,32,4,12,1,기록
fl:good_world,448,person:총사령관,person,11,0,0,51,1,기록
fl:good_world,448,person:프리티,person,2,0,0,1,8,기록
fl:good_world,448,place:방주,place,5,0,,54,171,기록+이름
fl:good_world,448,place:지상,place,0,0,,13,132,이름
char:620,449,person:백학,person,2,226,84,35,2,기록+말함
char:620,449,person:크러스트,person,1,44,16,11,6,말함
ch45,450,concept:E2_크리스탈,concept,5,0,,22,7,기록+이름
ch45,450,concept:니케,concept,0,0,,28,186,이름
ch45,450,concept:랩쳐,concept,0,0,,9,142,이름
ch45,450,concept:미스트,concept,2,0,,12,7,기록+이름
ch45,450,concept:방주_동력원,concept,7,0,,9,3,기록+이름
ch45,450,concept:특수_별동대,concept,1,0,,5,5,이름
ch45,450,item:초거대_코어,item,5,0,,4,3,기록
ch45,450,org:미실리스,org,2,0,,10,32,기록+이름
ch45,450,org:엘리시온,org,3,0,,13,17,기록+이름
ch45,450,org:이그조틱,org,2,0,,4,14,기록
ch45,450,org:일렉트릭_쇼크,org,2,0,,3,5,기록
ch45,450,org:중앙_정부,org,2,0,,14,67,기록+이름
ch45,450,org:카운터스,org,0,0,,6,32,이름
ch45,450,person:E.H.,person,4,32,3,1,10,기록
ch45,450,person:네온,person,9,93,7,32,55,기록
ch45,450,person:도로시,person,9,87,7,36,31,기록
ch45,450,person:도반,person,2,0,0,2,8,기록
ch45,450,person:라푼젤,person,2,0,0,1,18,기록
ch45,450,person:라피,person,6,71,6,25,85,기록
ch45,450,person:리버린,person,6,26,2,20,9,기록
ch45,450,person:머스탱,person,5,58,5,5,27,기록
ch45,450,person:버닝엄,person,5,38,3,0,14,기록
ch45,450,person:스노우_화이트,person,3,10,1,2,26,기록
ch45,450,person:식스오,person,12,19,1,66,9,기록
ch45,450,person:아니스,person,16,144,11,63,119,기록+말함
ch45,450,person:아르카나,person,2,42,3,8,8,기록
ch45,450,person:아이리,person,2,39,3,14,5,기록
ch45,450,person:에닉,person,20,217,17,33,22,기록+말함
ch45,450,person:엔드리스,person,11,100,8,79,3,기록
ch45,450,person:요한,person,3,12,1,0,13,기록
ch45,450,person:이터니티,person,3,0,0,4,3,기록
ch45,450,person:일레그,person,5,72,6,8,14,기록
ch45,450,person:잉그리드,person,5,70,5,4,37,기록
ch45,450,person:트로니,person,4,39,3,7,11,기록
ch45,450,person:프레자일,person,3,0,0,17,4,기록
ch45,450,person:홍련,person,2,0,0,1,18,기록
ch45,450,place:방주,place,10,0,,161,171,기록+이름
ch45,450,place:아우터_림,place,7,0,,34,43,기록+이름
ch45,450,place:지상,place,0,0,,10,132,이름
ch45,450,place:펑크_스트리트,place,2,0,,2,2,기록
relic:신에게닿기위한탑,451,org:V.T.C.,org,3,0,,5,10,기록+이름
relic:신에게닿기위한탑,451,org:미실리스,org,2,0,,1,32,기록
relic:신에게닿기위한탑,451,place:궤도_엘리베이터,place,3,0,,2,11,기록
ch46,452,concept:NIMPH,concept,2,0,,8,24,기록+이름
ch46,452,concept:니케,concept,0,0,,67,186,이름
ch46,452,concept:다크_매터,concept,2,0,,7,18,기록+이름
ch46,452,concept:랩쳐,concept,2,0,,54,142,기록+이름
ch46,452,concept:신생_랩쳐,concept,6,0,,6,2,기록+이름
ch46,452,concept:양산형_니케,concept,0,0,,44,26,이름
ch46,452,concept:지상_탈환,concept,0,0,,18,9,이름
ch46,452,concept:침식,concept,5,0,,14,21,기록+이름
ch46,452,concept:헬레틱,concept,4,0,,9,40,기록+이름
ch46,452,incident:3차_지상_탈환전,incident,6,0,,24,5,기록+이름
ch46,452,incident:아크_가디언_작전,incident,2,0,,8,7,기록+이름
ch46,452,item:초거대_코어,item,2,0,,1,3,기록
ch46,452,org:T.T.STAR,org,2,0,,0,8,기록
ch46,452,org:V.T.C.,org,3,0,,5,10,기록+이름
ch46,452,org:갓데스,org,9,0,,28,30,기록+이름
ch46,452,org:미실리스,org,2,0,,3,32,기록
ch46,452,org:중앙_정부,org,2,0,,32,67,기록+이름
ch46,452,org:카운터스,org,1,0,,5,32,이름
ch46,452,org:포비스트,org,5,0,,8,20,기록+이름
ch46,452,org:필그림,org,0,0,,16,21,이름
ch46,452,person:나유타,person,17,155,8,29,7,기록
ch46,452,person:도로시,person,23,210,11,162,31,기록+말함
ch46,452,person:도반,person,15,79,4,68,8,기록
ch46,452,person:라피,person,3,48,3,15,85,기록
ch46,452,person:레드_슈즈,person,3,0,0,2,9,기록
ch46,452,person:레비아탄,person,4,125,7,17,19,기록
ch46,452,person:리버렐리오,person,4,0,0,6,12,기록
ch46,452,person:릴리바이스,person,3,0,0,2,14,기록
ch46,452,person:마리안,person,5,0,0,6,20,기록
ch46,452,person:머스탱,person,2,21,1,1,27,기록
ch46,452,person:미러,person,20,201,11,30,7,기록+말함
ch46,452,person:버닝엄,person,12,139,7,23,14,기록
ch46,452,person:베히모스,person,4,41,2,5,14,기록
ch46,452,person:스노우_화이트,person,8,153,8,40,26,기록
ch46,452,person:아니스,person,2,42,2,18,119,기록
ch46,452,person:아이리,person,3,28,1,4,5,기록
ch46,452,person:에고비스타,person,6,27,1,13,2,기록
ch46,452,person:에닉,person,4,23,1,4,22,기록
ch46,452,person:엔더슨,person,9,155,8,5,32,기록
ch46,452,person:오스왈드,person,7,0,0,5,7,기록
ch46,452,person:온리_원,person,9,54,3,0,6,기록
ch46,452,person:요한,person,4,103,5,27,13,기록
ch46,452,person:이사벨,person,2,0,0,2,11,기록
ch46,452,person:잉그리드,person,4,45,2,0,37,기록
ch46,452,person:장화,person,12,79,4,20,5,기록
ch46,452,person:지즈,person,2,34,2,10,9,기록
ch46,452,person:퀸,person,17,0,0,66,20,기록
ch46,452,person:피나,person,4,0,0,12,4,기록
ch46,452,person:홍련,person,4,0,0,9,18,기록
ch46,452,place:궤도_엘리베이터,place,6,0,,14,11,기록+이름
ch46,452,place:금서고,place,3,0,,13,4,기록+이름
ch46,452,place:방주,place,8,0,,135,171,기록+이름
ch46,452,place:아우터_림,place,4,0,,19,43,기록+이름
ch46,452,place:에덴,place,7,0,,27,25,기록+이름
ch46,452,place:지상,place,0,0,,35,132,이름
relic:궤도엘리베이터음모론,453,concept:랩쳐,concept,2,0,,5,142,기록+이름
relic:궤도엘리베이터음모론,453,org:V.T.C.,org,4,0,,2,10,기록
relic:궤도엘리베이터음모론,453,org:미실리스,org,3,0,,3,32,기록
relic:궤도엘리베이터음모론,453,org:인류연합군,org,4,0,,0,7,기록
relic:궤도엘리베이터음모론,453,place:궤도_엘리베이터,place,7,0,,9,11,기록+이름
event_staranis1,454,concept:니케,concept,2,0,,43,186,기록+이름
event_staranis1,454,concept:사고_전환,concept,2,0,,5,8,기록+이름
event_staranis1,454,concept:스마일_박스,concept,3,0,,13,2,기록+이름
event_staranis1,454,org:3대_기업,org,0,0,,5,6,이름
event_staranis1,454,org:T.T.STAR,org,21,0,,1,8,기록
event_staranis1,454,org:V.T.C.,org,3,0,,7,10,기록+이름
event_staranis1,454,org:미실리스,org,7,0,,15,32,기록+이름
event_staranis1,454,org:엘리시온,org,6,0,,16,17,기록+이름
event_staranis1,454,org:중앙_정부,org,4,0,,14,67,기록+이름
event_staranis1,454,org:테트라,org,17,0,,113,13,기록+이름
event_staranis1,454,person:ELYSION_Line._0,person,3,49,1,0,1,기록
event_staranis1,454,person:MISSILIS_Line._0,person,3,36,1,0,1,기록
event_staranis1,454,person:리스,person,20,254,8,48,1,기록
event_staranis1,454,person:머스탱,person,35,569,17,72,27,기록+말함
event_staranis1,454,person:미세스_미스,person,5,60,2,4,5,기록
event_staranis1,454,person:민트,person,14,358,11,50,6,기록+말함
event_staranis1,454,person:아니스,person,57,908,27,226,119,기록+말함
event_staranis1,454,person:아비스타,person,3,11,0,5,6,기록
event_staranis1,454,person:에닉,person,3,22,1,5,22,기록
event_staranis1,454,person:요요,person,28,205,6,83,1,기록
event_staranis1,454,person:프리카,person,12,265,8,56,7,기록
event_staranis1,454,person:프리티,person,11,0,0,42,8,기록
event_staranis1,454,person:한슨,person,48,514,16,89,2,기록+말함
event_staranis1,454,place:방주,place,8,0,,43,171,기록+이름
event_staranis1,454,place:아크리온_홀,place,3,0,,4,1,기록
event_staranis1,454,place:지상,place,0,0,,10,132,이름
char:17,455,person:아니스,person,7,279,100,60,119,기록+말함
char:17,455,place:방주,place,1,0,,11,171,이름
char:441,456,concept:니케,concept,0,0,,5,186,이름
char:441,456,org:오버시어,org,1,0,,5,3,이름
char:441,456,person:라피,person,0,27,11,8,85,말함
char:441,456,person:아비스타,person,3,176,74,22,6,기록+말함
char:18,457,person:네온,person,8,286,100,28,55,기록+말함
char:18,457,person:프린세스,person,4,0,0,53,2,기록
char:18,457,place:방주,place,0,0,,8,171,이름
char:18,457,place:아우터_림,place,2,0,,12,43,기록+이름
fl:b-side_idol,458,person:머스탱,person,5,69,10,8,27,기록
fl:b-side_idol,458,person:민트,person,11,559,78,98,6,기록+말함
fl:b-side_idol,458,person:아니스,person,2,0,0,18,119,기록
fl:b-side_idol,458,person:프리카,person,3,28,4,6,7,기록
fl:b-side_idol,458,place:전초기지,place,1,0,,10,13,이름
char:600,459,person:민트,person,3,258,88,43,6,기록+말함
fl:bitter_spice,460,org:Twinkle_Twin_Star,org,2,0,,4,1,기록
fl:bitter_spice,460,person:머스탱,person,2,17,2,0,27,기록
fl:bitter_spice,460,person:민트,person,5,201,25,104,6,기록+말함
fl:bitter_spice,460,person:아니스,person,3,60,7,33,119,기록
fl:bitter_spice,460,person:프리카,person,13,462,57,131,7,기록+말함
char:601,461,person:프리카,person,3,146,85,56,7,기록+말함
fl:ark_ranger,462,concept:니케,concept,1,0,,22,186,이름
fl:ark_ranger,462,concept:랩쳐,concept,0,0,,103,142,이름
fl:ark_ranger,462,concept:헬레틱,concept,1,0,,11,40,이름
fl:ark_ranger,462,incident:3차_지상_탈환전,incident,3,0,,2,5,기록
fl:ark_ranger,462,incident:방주_테러,incident,2,0,,6,3,기록+이름
fl:ark_ranger,462,item:세븐스_드워프,item,2,0,,4,7,기록
fl:ark_ranger,462,org:A.F.F.,org,2,0,,4,1,기록
fl:ark_ranger,462,org:메티스,org,4,0,,24,21,기록+이름
fl:ark_ranger,462,org:블레이즈_아웃,org,2,0,,3,2,기록
fl:ark_ranger,462,org:아크레인저,org,9,0,,270,4,기록+이름
fl:ark_ranger,462,org:엘리시온,org,2,0,,5,17,기록+이름
fl:ark_ranger,462,org:중앙_정부,org,2,0,,5,67,기록+이름
fl:ark_ranger,462,org:카운터스,org,3,0,,9,32,기록+이름
fl:ark_ranger,462,org:테트라,org,2,0,,5,13,기록+이름
fl:ark_ranger,462,person:라피,person,2,98,5,6,85,기록
fl:ark_ranger,462,person:루크,person,6,69,3,11,1,기록
fl:ark_ranger,462,person:머스탱,person,11,110,5,13,27,기록
fl:ark_ranger,462,person:목단,person,4,134,7,11,9,기록
fl:ark_ranger,462,person:소라,person,3,28,1,1,4,기록
fl:ark_ranger,462,person:아니스,person,3,79,4,24,119,기록
fl:ark_ranger,462,person:아크레인저_레드,person,14,320,16,37,1,기록+말함
fl:ark_ranger,462,person:아크레인저_블랙,person,27,500,25,151,4,기록+말함
fl:ark_ranger,462,person:아크레인저_블루,person,8,210,10,8,1,기록+말함
fl:ark_ranger,462,person:애니힐리오,person,6,5,0,20,3,기록
fl:ark_ranger,462,person:에닉,person,7,0,0,15,22,기록
fl:ark_ranger,462,person:잉그리드,person,5,84,4,7,37,기록
fl:ark_ranger,462,person:퀸,person,5,0,0,3,20,기록
fl:ark_ranger,462,person:트로니,person,2,60,3,5,11,기록
fl:ark_ranger,462,person:하란,person,3,0,0,1,9,기록
fl:ark_ranger,462,person:호프,person,3,32,2,58,1,기록
fl:ark_ranger,462,place:궤도_엘리베이터,place,2,0,,1,11,기록
fl:ark_ranger,462,place:로열_로드,place,2,0,,1,7,기록
fl:ark_ranger,462,place:방주,place,8,0,,122,171,기록+이름
fl:ark_ranger,462,place:승리의_날개_호,place,4,0,,20,5,기록+이름
fl:ark_ranger,462,place:지상,place,0,0,,22,132,이름
char:570,463,org:아크레인저,org,0,0,,38,4,이름
char:570,463,person:레오나,person,1,28,11,3,3,말함
char:570,463,person:아크레인저_블랙,person,3,226,88,37,4,기록+말함
char:570,463,place:방주,place,1,0,,6,171,이름
fl:wave_to_you,464,concept:랩쳐,concept,0,0,,12,142,이름
fl:wave_to_you,464,concept:아일랜드_이터,concept,6,0,,33,1,기록+이름
fl:wave_to_you,464,person:그레이브,person,3,121,5,38,23,기록
fl:wave_to_you,464,person:그레텔,person,2,0,0,25,8,기록
fl:wave_to_you,464,person:나가,person,15,270,11,53,6,기록+말함
fl:wave_to_you,464,person:라이,person,3,0,0,2,6,기록
fl:wave_to_you,464,person:라피,person,6,254,10,25,85,기록+말함
fl:wave_to_you,464,person:리틀_머메이드,person,5,328,13,44,8,기록+말함
fl:wave_to_you,464,person:마르차나,person,27,633,25,81,8,기록+말함
fl:wave_to_you,464,person:모리,person,2,152,6,38,5,기록
fl:wave_to_you,464,person:세이렌,person,4,0,0,41,14,기록
fl:wave_to_you,464,person:신데렐라,person,13,360,14,58,26,기록+말함
fl:wave_to_you,464,person:에테르,person,4,32,1,0,12,기록
fl:wave_to_you,464,person:티아,person,13,266,11,70,5,기록+말함
fl:wave_to_you,464,person:펭군_2호,person,2,17,1,18,1,기록
fl:wave_to_you,464,person:헨젤,person,2,0,0,25,8,기록
fl:wave_to_you,464,place:미미르_부속_고등학교,place,5,0,,12,12,기록+이름
fl:wave_to_you,464,place:방주,place,0,0,,8,171,이름
fl:wave_to_you,464,place:지상,place,0,0,,7,132,이름
char:515,465,person:신데렐라,person,2,167,84,40,26,기록+말함
char:322,466,person:나가,person,1,62,18,27,6,말함
char:322,466,person:마르차나,person,2,209,61,82,8,기록+말함
char:322,466,person:티아,person,1,46,14,26,5,말함
fl:project_matis,467,concept:NIMPH,concept,2,0,,2,24,기록
fl:project_matis,467,concept:니케,concept,9,0,,144,186,기록+이름
fl:project_matis,467,concept:랩쳐,concept,3,0,,10,142,기록+이름
fl:project_matis,467,concept:에블라_입자,concept,2,0,,3,9,기록
fl:project_matis,467,concept:지상_탈환,concept,0,0,,9,9,이름
fl:project_matis,467,concept:타일런트_급,concept,2,0,,6,12,기록+이름
fl:project_matis,467,concept:페어리_테일,concept,2,0,,0,7,기록
fl:project_matis,467,concept:하베스터,concept,1,0,,11,1,이름
fl:project_matis,467,incident:2차_지상_탈환전,incident,2,0,,12,5,기록+이름
fl:project_matis,467,item:이터널_라이프,item,4,0,,5,4,기록+이름
fl:project_matis,467,org:M.M.R.,org,3,0,,9,12,기록+이름
fl:project_matis,467,org:메티스,org,10,0,,43,21,기록+이름
fl:project_matis,467,org:미실리스,org,14,0,,91,32,기록+이름
fl:project_matis,467,org:중앙_정부,org,4,0,,14,67,기록+이름
fl:project_matis,467,person:드레이크,person,3,0,0,11,16,기록
fl:project_matis,467,person:라라,person,3,6,0,19,1,기록
fl:project_matis,467,person:라플라스,person,17,265,9,94,13,기록
fl:project_matis,467,person:맥스웰,person,19,907,31,146,15,기록+말함
fl:project_matis,467,person:샛별,person,2,0,0,1,4,기록
fl:project_matis,467,person:슈엔,person,49,1139,39,231,30,기록+말함
fl:project_matis,467,person:에닉,person,4,7,0,4,22,기록
fl:project_matis,467,person:엔메,person,24,211,7,34,1,기록
fl:project_matis,467,person:지엔,person,18,353,12,38,7,기록+말함
fl:project_matis,467,place:방주,place,0,0,,35,171,이름
fl:project_matis,467,place:지상,place,0,0,,23,132,이름
char:103,468,person:라플라스,person,1,183,60,43,13,말함
char:103,468,person:비스킷,person,0,48,16,13,5,말함
char:103,468,person:코코아,person,0,52,17,17,10,말함
char:105,469,concept:니케,concept,0,0,,14,186,이름
char:105,469,org:메티스,org,0,0,,6,21,이름
char:105,469,person:맥스웰,person,4,298,96,25,15,기록+말함
ch47,470,concept:NIMPH,concept,2,0,,9,24,기록+이름
ch47,470,concept:니케,concept,0,0,,7,186,이름
ch47,470,concept:다크_매터,concept,3,0,,15,18,기록+이름
ch47,470,concept:랩쳐,concept,0,0,,12,142,이름
ch47,470,concept:지상_탈환,concept,3,0,,15,9,기록+이름
ch47,470,concept:침식,concept,1,0,,5,21,이름
ch47,470,concept:헬레틱,concept,0,0,,11,40,이름
ch47,470,incident:3차_지상_탈환전,incident,0,0,,28,5,이름
ch47,470,org:갓데스,org,0,0,,6,30,이름
ch47,470,org:포비스트,org,4,0,,8,20,기록+이름
ch47,470,person:도로시,person,7,47,5,19,31,기록
ch47,470,person:라푼젤,person,2,0,0,4,18,기록
ch47,470,person:레드_슈즈,person,3,0,0,4,9,기록
ch47,470,person:레비아탄,person,3,70,7,14,19,기록
ch47,470,person:마리안,person,10,22,2,20,20,기록
ch47,470,person:미러,person,2,0,0,6,7,기록
ch47,470,person:버닝엄,person,4,26,3,4,14,기록
ch47,470,person:세실,person,6,97,10,6,13,기록
ch47,470,person:스노우_화이트,person,2,52,5,4,26,기록
ch47,470,person:시엘로,person,2,25,3,2,2,기록
ch47,470,person:애니힐리오,person,3,0,0,15,3,기록
ch47,470,person:에닉,person,7,68,7,4,22,기록
ch47,470,person:엔더슨,person,6,69,7,1,32,기록
ch47,470,person:온리_원,person,16,64,7,0,6,기록
ch47,470,person:요한,person,6,111,11,11,13,기록+말함
ch47,470,person:장화,person,4,0,0,17,5,기록
ch47,470,person:퀸,person,8,0,0,31,20,기록
ch47,470,person:홍련,person,6,0,0,17,18,기록
ch47,470,place:궤도_엘리베이터,place,5,0,,11,11,기록+이름
ch47,470,place:방주,place,6,0,,61,171,기록+이름
ch47,470,place:승리의_날개_호,place,3,0,,18,5,기록+이름
ch47,470,place:아우터_림,place,2,0,,9,43,기록+이름
ch47,470,place:에덴,place,5,0,,21,25,기록+이름
ch47,470,place:지상,place,0,0,,19,132,이름
relic:승리를_부르는_그림자,471,concept:랩쳐,concept,1,0,,6,142,이름
relic:승리를_부르는_그림자,471,org:갓데스,org,3,0,,3,30,기록
relic:승리를_부르는_그림자,471,place:승리의_날개_호,place,3,0,,10,5,기록+이름
ch48,472,concept:NIMPH,concept,3,0,,17,24,기록+이름
ch48,472,concept:니케,concept,1,0,,7,186,이름
ch48,472,concept:다크_매터,concept,4,0,,9,18,기록+이름
ch48,472,concept:랩쳐,concept,0,0,,13,142,이름
ch48,472,concept:일곱의_조율자,concept,2,0,,1,1,기록
ch48,472,concept:침식,concept,6,0,,24,21,기록+이름
ch48,472,concept:헬레틱,concept,3,0,,12,40,기록+이름
ch48,472,item:브레인_셸터,item,1,0,,8,4,이름
ch48,472,item:세븐스_드워프,item,1,0,,7,7,이름
ch48,472,person:도로시,person,9,37,4,22,31,기록
ch48,472,person:라푼젤,person,10,119,13,28,18,기록+말함
ch48,472,person:라피,person,3,29,3,10,85,기록
ch48,472,person:레드_슈즈,person,6,46,5,7,9,기록
ch48,472,person:레드_후드,person,2,0,0,1,26,기록
ch48,472,person:레비아탄,person,2,41,4,2,19,기록
ch48,472,person:리버렐리오,person,3,0,0,8,12,기록
ch48,472,person:마리안,person,16,95,10,16,20,기록+말함
ch48,472,person:미러,person,2,2,0,6,7,기록
ch48,472,person:세실,person,2,41,4,16,13,기록
ch48,472,person:스노우_화이트,person,4,55,6,5,26,기록
ch48,472,person:애니힐리오,person,4,0,0,8,3,기록
ch48,472,person:앨트루이아,person,5,29,3,26,2,기록
ch48,472,person:에고비스타,person,6,40,4,19,2,기록
ch48,472,person:엔더슨,person,8,27,3,10,32,기록
ch48,472,person:온리_원,person,9,80,9,0,6,기록
ch48,472,person:장화,person,7,38,4,14,5,기록
ch48,472,person:퀸,person,10,0,0,18,20,기록
ch48,472,person:파피용,person,3,22,2,5,9,기록
ch48,472,person:홍련,person,11,89,10,21,18,기록
ch48,472,place:궤도_엘리베이터,place,5,0,,20,11,기록+이름
ch48,472,place:방주,place,2,0,,15,171,기록+이름
ch48,472,place:지상,place,0,0,,5,132,이름
relic:불길한_소리.wav,473,concept:다크_매터,concept,2,0,,4,18,기록
relic:불길한_소리.wav,473,concept:신생_랩쳐,concept,2,0,,0,2,기록
relic:불길한_소리.wav,473,person:나유타,person,4,0,0,3,7,기록
relic:불길한_소리.wav,473,place:궤도_엘리베이터,place,3,0,,9,11,기록+이름
fl:persona_on_frontline,474,concept:D-WAVE,concept,10,0,,39,4,기록+이름
fl:persona_on_frontline,474,concept:니케,concept,2,0,,35,186,기록+이름
fl:persona_on_frontline,474,org:A.C.P.U.,org,0,0,,7,9,이름
fl:persona_on_frontline,474,org:마음의_괴도단,org,0,0,,7,1,이름
fl:persona_on_frontline,474,org:중앙_정부,org,4,0,,39,67,기록+이름
fl:persona_on_frontline,474,person:곰,person,9,171,9,115,2,기록
fl:persona_on_frontline,474,person:모나,person,18,222,12,54,1,기록+말함
fl:persona_on_frontline,474,person:미란다,person,3,125,7,38,8,기록
fl:persona_on_frontline,474,person:아이기스,person,8,142,7,38,2,기록
fl:persona_on_frontline,474,person:앨든,person,21,88,5,1,2,기록
fl:persona_on_frontline,474,person:에이드,person,6,53,3,25,9,기록
fl:persona_on_frontline,474,person:엔더슨,person,2,23,1,6,32,기록
fl:persona_on_frontline,474,person:유키코,person,8,253,13,52,2,기록+말함
fl:persona_on_frontline,474,person:율하,person,3,23,1,4,7,기록
fl:persona_on_frontline,474,person:은화,person,2,50,3,16,9,기록
fl:persona_on_frontline,474,person:퀀시,person,4,166,9,38,6,기록
fl:persona_on_frontline,474,person:퀸(마코토),person,12,215,11,0,2,기록+말함
fl:persona_on_frontline,474,person:팬텀,person,6,259,13,49,8,기록+말함
fl:persona_on_frontline,474,place:방주,place,4,0,,65,171,기록+이름
fl:persona_on_frontline,474,place:아우터_림,place,6,0,,35,43,기록+이름
fl:persona_on_frontline,474,place:지상,place,0,0,,7,132,이름
char:872,475,concept:니케,concept,0,0,,8,186,이름
char:872,475,person:라이,person,1,114,35,47,6,말함
char:872,475,person:아이기스,person,2,134,41,25,2,기록+말함
char:872,475,place:방주,place,0,0,,9,171,이름
char:870,476,org:중앙_정부,org,0,0,,5,67,이름
char:870,476,person:모르가나,person,1,52,16,21,1,말함
char:870,476,person:퀸(마코토),person,2,113,35,0,2,기록+말함
char:870,476,person:팬텀,person,2,72,23,20,8,기록+말함
char:870,476,place:방주,place,0,0,,9,171,이름
char:871,477,person:곰,person,1,41,14,26,2,말함
char:871,477,person:미카,person,1,35,12,9,6,말함
char:871,477,person:유키코,person,2,120,40,18,2,기록+말함
char:871,477,place:설온장,place,1,0,,17,4,이름
fl:great_villain_union,478,concept:랩쳐,concept,0,0,,12,142,이름
fl:great_villain_union,478,org:빌런_연합,org,5,0,,53,5,기록+이름
fl:great_villain_union,478,person:그레이브,person,6,168,14,21,23,기록+말함
fl:great_villain_union,478,person:글러트니,person,6,0,0,40,5,기록
fl:great_villain_union,478,person:드레이크,person,17,556,48,118,16,기록+말함
fl:great_villain_union,478,person:온리_원,person,2,25,2,3,6,기록
fl:great_villain_union,478,person:지즈,person,8,202,17,36,9,기록+말함
fl:great_villain_union,478,place:지상,place,0,0,,13,132,이름
char:104,479,org:빌런_연합,org,0,0,,5,5,이름
char:104,479,person:드레이크,person,1,216,100,42,16,말함
char:104,479,place:방주,place,0,0,,15,171,이름
char:404,480,person:길티,person,2,169,79,63,3,기록+말함
char:405,481,person:마스트,person,1,34,17,9,9,말함
char:405,481,person:신,person,4,141,69,39,4,기록+말함
