type,origin,strength,from_scene,from_line,to_scene,to_line,from_unit,to_unit,from_order,to_order,record,act,point,target,spread,from_basis,to_basis,confidence,status,note
sequel,auto,3,d_main_01_03_e,,d_main_01_04_s,,ch00,ch01,1,2,,,,,,,,,,다음 챕터
reversal,record,3,d_main_01_01_s,,d_main_01_07_s,,ch00,ch01,1,2,F1-2,뒤집음,F1,,,,,확실,확정,답 F14
character,auto,1,d_main_01_03_e,27,d_main_01_04_s,0,ch00,ch01,1,2,,,,person:라피,85,기록 3 · 말함 23줄(18%) · 이름 2줄,기록 2 · 말함 105줄(26%) · 이름 10줄,,,흔한 대상
character,auto,2,d_main_01_03_e,13,d_main_01_04_s,4,ch00,ch01,1,2,,,,person:마리안,20,기록 4 · 말함 75줄(57%) · 이름 5줄,기록 12 · 말함 55줄(13%) · 이름 18줄,,,
character,auto,1,d_main_01_03_e,26,d_main_01_04_s,13,ch00,ch01,1,2,,,,person:아니스,119,기록 3 · 말함 33줄(25%) · 이름 2줄,기록 1 · 말함 97줄(24%) · 이름 5줄,,,흔한 대상
keyword,auto,2,d_main_01_03_e,1,d_main_01_04_s,10,ch00,ch01,1,2,,,,org:스쿼드_04-F,2,기록 2 · 이름 1줄,기록 2,,,
keyword,auto,1,d_main_01_03_e,6,d_main_02_01,6,ch00,ch02,1,3,,,,concept:랩쳐,142,이름 7줄,기록 3 · 이름 15줄,,,흔한 대상
callback,record,3,d_main_01_03_s,,d_main_17_12,,ch00,ch17,1,148,E124,재언급,F5,,,,,확실,확정,
callback,record,3,d_main_01_01_s,,event_overthehorizon_02_e,,ch00,event_overthehorizon,1,391,E770,재언급,F1,,,,,확실,확정,
setup_payoff,record,2,d_main_01_03_s,,d_main_40_02,,ch00,ch40,1,398,E1,암시,Q225,,,,,추정,확정,
setup_payoff,record,2,d_main_01_03_s,,fl:good_world_12,,ch00,fl:good_world,1,448,E1,암시,Q225,,,,,추정,확정,
setup_payoff,record,2,d_main_01_01_s,,d_main_48_05,,ch00,ch48,1,472,E2,암시,F2837,,,,,추정,확정,
callback,record,3,d_main_01_01_s,,d_main_48_05,,ch00,ch48,1,472,E1231,재언급,F1,,,,,확실,확정,
callback,record,2,d_main_01_03_e,,d_main_48_07,,ch00,ch48,1,472,E1242,재언급,F7,,,,,추정,확정,
setup_payoff,record,3,d_main_01_04_e,,d_main_01_07_s,,ch01,ch01,2,2,E3,암시,F15,,,,,확실,확정,
setup_payoff,record,3,d_main_01_04_e,,d_main_01af_01,,ch01,ch01,2,2,E3,암시,F22,,,,,확실,확정,
setup_payoff,record,3,d_main_01_05,,d_main_01_07_s,,ch01,ch01,2,2,E4,암시,F14,,,,,확실,확정,
sequel,auto,3,d_main_01af_05,,d_main_02_01,,ch01,ch02,2,3,,,,,,,,,,다음 챕터
setup_payoff,record,2,d_main_01af_01,,d_main_02af_01,,ch01,ch02,2,3,Q3-2,회수,Q3,,,,,추정,확정,일부 · 답 F40
character,auto,1,d_main_01af_05,22,d_main_02_01,0,ch01,ch02,2,3,,,,person:네온,55,기록 3 · 말함 10줄(2%) · 이름 1줄,기록 2 · 말함 85줄(18%) · 이름 8줄,,,흔한 대상
character,auto,1,d_main_01af_05,25,d_main_02_01,21,ch01,ch02,2,3,,,,person:라피,85,기록 2 · 말함 105줄(26%) · 이름 10줄,기록 4 · 말함 88줄(19%) · 이름 10줄,,,흔한 대상
character,auto,2,d_main_01af_05,24,d_main_02_01,8,ch01,ch02,2,3,,,,person:시프티,18,기록 3 · 말함 66줄(16%) · 이름 7줄,기록 1 · 말함 48줄(10%) · 이름 3줄,,,
character,auto,1,d_main_01af_05,23,d_main_02_01,1,ch01,ch02,2,3,,,,person:아니스,119,기록 1 · 말함 97줄(24%) · 이름 5줄,기록 3 · 말함 128줄(28%) · 이름 7줄,,,흔한 대상
character,auto,2,d_main_01af_04,19,d_main_02af_01,0,ch01,ch02,2,3,,,,person:엔더슨,32,기록 5 · 말함 54줄(13%) · 이름 5줄,기록 2 · 말함 23줄(5%) · 이름 1줄,,,
keyword,auto,1,d_main_01af_05,11,d_main_02_01,16,ch01,ch02,2,3,,,,concept:니케,186,기록 6 · 이름 20줄,기록 4 · 이름 9줄,,,흔한 대상
keyword,auto,2,d_main_01af_05,3,d_main_02af_01,0,ch01,ch02,2,3,,,,org:카운터스,32,기록 5 · 이름 2줄,기록 4 · 이름 1줄,,,
keyword,auto,1,d_main_01af_03,12,d_main_02_01,0,ch01,ch02,2,3,,,,place:방주,171,기록 5 · 이름 8줄,기록 4 · 이름 5줄,,,흔한 대상
keyword,auto,1,d_main_01af_05,0,d_main_02_01,0,ch01,ch02,2,3,,,,place:지상,132,기록 1 · 이름 7줄,기록 4 · 이름 8줄,,,흔한 대상
callback,record,3,d_main_01_06_e,,d_main_03_02,,ch01,ch03,2,6,E16,재언급,F2880,,,,,확실,확정,
setup_payoff,record,3,d_main_01af_02,,d_main_04af_04,,ch01,ch04,2,8,E6,암시,F84,,,,,확실,확정,
setup_payoff,record,3,d_main_01af_02,,d_main_04af_04,,ch01,ch04,2,8,E6,암시,Q1,,,,,확실,확정,
setup_payoff,record,3,d_main_01af_01,,d_main_04af_04,,ch01,ch04,2,8,Q1-2,회수,Q1,,,,,확실,확정,일부 · 답 F84
keyword,auto,2,d_main_01af_02,40,d_main_04af_04,8,ch01,ch04,2,8,,,,concept:침식,21,기록 5 · 이름 9줄,기록 2 · 이름 3줄,,,
keyword,auto,1,d_main_01af_04,26,sub:중앙_정부_공식__00,0,ch01,sub:중앙_정부_공식__00,2,10,,,,org:중앙_정부,67,기록 1 · 이름 6줄,기록 4 · 이름 8줄,,,흔한 대상
setup_payoff,record,3,d_main_01af_04,,d_main_06_07,,ch01,ch06,2,11,E7,암시,Q6,,,,,확실,확정,
callback,record,3,d_main_01_06_e,,d_main_07_06_e,,ch01,ch07,2,42,E53,재언급,F2880,,,,,확실,확정,
character,auto,2,d_main_01af_02,31,d_main_07_06_s,26,ch01,ch07,2,42,,,,person:마리안,20,기록 12 · 말함 55줄(13%) · 이름 18줄,기록 6 · 말함 7줄(2%) · 이름 10줄,,,
callback,record,3,d_main_01_06_e,,d_main_09_05_s,,ch01,ch09,2,55,E69,재언급,F2880,,,,,확실,확정,
character,auto,2,d_main_01af_05,15,d_main_09af_06,1,ch01,ch09,2,55,,,,person:잉그리드,37,기록 4 · 말함 22줄(5%) · 이름 2줄,기록 5 · 말함 26줄(5%) · 이름 1줄,,,
callback,record,3,d_main_01af_01,,d_main_12_07_s,,ch01,ch12,2,73,E81,재언급,F20,,,,,확실,확정,
callback,record,3,d_main_01_06_e,,d_main_13_08_e,,ch01,ch13,2,76,E88,재언급,F2880,,,,,확실,확정,
callback,record,3,d_main_01_07_e,,d_main_13_08_e,,ch01,ch13,2,76,E89,재언급,F19,,,,,확실,확정,
setup_payoff,record,3,d_main_01af_02,,d_main_14af_03,,ch01,ch14,2,80,E6,암시,F376,,,,,확실,확정,
setup_payoff,record,3,d_main_01af_02,,d_main_14af_03,,ch01,ch14,2,80,E6,암시,Q1,,,,,확실,확정,
setup_payoff,record,3,d_main_01af_01,,d_main_14af_03,,ch01,ch14,2,80,Q1-3,회수,Q1,,,,,확실,확정,전부 · 답 F376
callback,record,3,d_main_01_06_e,,d_main_14_07,,ch01,ch14,2,80,E95,재언급,F2880,,,,,확실,확정,
callback,record,3,d_main_01_06_e,,d_main_14_14,,ch01,ch14,2,80,E97,재언급,F2880,,,,,확실,확정,
keyword,auto,2,d_main_01af_05,4,ep:d_nikke_neon_03,0,ch01,char:11,2,94,,,,org:엘리시온,17,기록 2 · 이름 2줄,기록 2 · 이름 1줄,,,
callback,record,3,d_main_01_07_s,,ep:d_nikke_noah_02,,ch01,char:232,2,96,F16-2,드러냄,F16,,,,,확실,확정,
keyword,auto,2,d_main_01af_01,42,ep:d_nikke_noah_02,10,ch01,char:232,2,96,,,,concept:블랙스미스,3,기록 3 · 이름 8줄,이름 5줄,,,
setup_payoff,record,3,d_main_01af_04,,ep:d_nikke_maxwell_02,,ch01,char:102,2,107,E7,암시,F529,,,,,확실,확정,
setup_payoff,record,3,d_main_01af_04,,ep:d_nikke_maxwell_03,,ch01,char:102,2,107,E7,암시,Q6,,,,,확실,확정,
callback,record,3,d_main_01_06_e,,d_main_17_07,,ch01,ch17,2,148,E122,재언급,F2880,,,,,확실,확정,
callback,record,3,d_main_01_07_e,,d_main_17_07,,ch01,ch17,2,148,E122,재언급,F19,,,,,확실,확정,
callback,record,3,d_main_01_06_e,,event_brandnewyear_06_e,,ch01,event_brandnewyear,2,163,E135,재언급,F2880,,,,,확실,확정,
callback,record,3,d_main_01_07_e,,ep:d_nikke_marian_p_01,,ch01,char:260,2,164,E1296,재언급,F19,,,,,확실,확정,
callback,record,3,d_main_01_06_s,,event_lastkingdom2_01_s,,ch01,event_lastkingdom1,2,295,E401,재언급,F13,,,,,확실,확정,
keyword,auto,2,d_main_01af_03,15,ep:d_nikke_ce004_01_01,38,ch01,char:830,2,322,,,,place:시뮬레이션_룸,2,기록 1 · 이름 5줄,기록 1 · 이름 5줄,,,
setup_payoff,record,3,d_main_01_07_s,,event_footstepwalkrun2_epilogue,,ch01,event_footstepwalkrun1,2,350,Q2-2,회수,Q2,,,,,확실,확정,전부 · 답 F1765
callback,record,3,d_main_01af_05,,d_main_35bf_06,,ch01,ch35,2,358,E595,재언급,F29,,,,,확실,확정,
callback,record,3,d_main_01_07_s,,event_arcanearchive_06_s,,ch01,event_arcanearchive,2,383,E726,재언급,F16,,,,,확실,확정,
setup_payoff,record,2,d_main_01_06_e,,d_main_48_05,,ch01,ch48,2,472,E5,암시,F2837,,,,,추정,확정,
callback,record,3,d_main_01_06_e,,d_main_48_05,,ch01,ch48,2,472,E1231,재언급,F2880,,,,,확실,확정,
setup_payoff,record,3,d_main_02_05,,d_main_02_08_s,,ch02,ch02,3,3,Q4-2,회수,Q4,,,,,확실,확정,일부 · 답 F34
character,auto,1,d_main_02af_07,149,sub:칠리페퍼_00,44,ch02,sub:칠리페퍼_00,3,4,,,,person:아니스,119,기록 3 · 말함 128줄(28%) · 이름 7줄,말함 10줄(14%),,,흔한 대상
keyword,auto,1,d_main_02af_07,17,sub:칠리페퍼_00,6,ch02,sub:칠리페퍼_00,3,4,,,,place:방주,171,기록 4 · 이름 5줄,기록 2 · 이름 3줄,,,흔한 대상
character,auto,1,d_main_02af_07,137,sub:테트라_커넥트_00,26,ch02,sub:테트라_커넥트_00,3,5,,,,person:네온,55,기록 2 · 말함 85줄(18%) · 이름 8줄,말함 8줄(40%),,,흔한 대상
keyword,auto,1,d_main_02af_07,115,sub:테트라_커넥트_00,8,ch02,sub:테트라_커넥트_00,3,5,,,,concept:니케,186,기록 4 · 이름 9줄,기록 3 · 이름 7줄,,,흔한 대상
sequel,auto,3,d_main_02af_07,,d_main_03_01,,ch02,ch03,3,6,,,,,,,,,,다음 챕터
setup_payoff,record,3,d_main_02af_07,,d_main_03_03,,ch02,ch03,3,6,Q8-2,회수,Q8,,,,,확실,확정,일부 · 답 F56
callback,record,3,d_main_02af_07,,d_main_03_03,,ch02,ch03,3,6,F43-2,드러냄,F43,,,,,확실,확정,
character,auto,1,d_main_02af_07,152,d_main_03_01,0,ch02,ch03,3,6,,,,person:라피,85,기록 4 · 말함 88줄(19%) · 이름 10줄,기록 1 · 말함 48줄(27%) · 이름 4줄,,,흔한 대상
character,auto,2,d_main_02af_07,153,d_main_03_01,2,ch02,ch03,3,6,,,,person:미하라,14,기록 3 · 말함 13줄(3%) · 이름 9줄,기록 6 · 말함 73줄(42%) · 이름 10줄,,,
character,auto,2,d_main_02af_07,154,d_main_03_01,2,ch02,ch03,3,6,,,,person:슈엔,30,기록 5 · 말함 68줄(15%) · 이름 10줄,기록 5 · 이름 3줄,,,
character,auto,2,d_main_02af_07,132,d_main_03_01,9,ch02,ch03,3,6,,,,person:유니,13,기록 2 · 말함 3줄(1%) · 이름 3줄,기록 4 · 말함 19줄(11%) · 이름 9줄,,,
keyword,auto,1,d_main_02af_07,81,d_main_03_01,8,ch02,ch03,3,6,,,,concept:랩쳐,142,기록 3 · 이름 15줄,기록 2 · 이름 17줄,,,흔한 대상
keyword,auto,2,d_main_02af_07,78,d_main_03_01,2,ch02,ch03,3,6,,,,org:워드리스,3,기록 2 · 이름 2줄,기록 6 · 이름 1줄,,,
character,auto,2,d_main_02af_04,68,d_main_04_07,34,ch02,ch04,3,8,,,,person:엔더슨,32,기록 2 · 말함 23줄(5%) · 이름 1줄,기록 8 · 말함 68줄(9%) · 이름 4줄,,,
keyword,auto,1,d_main_02af_07,148,d_main_04_01,3,ch02,ch04,3,8,,,,place:지상,132,기록 4 · 이름 8줄,기록 1 · 이름 12줄,,,흔한 대상
setup_payoff,record,2,d_main_02af_01,,d_main_06_07,,ch02,ch06,3,11,Q6-2,회수,Q6,,,,,추정,확정,일부 · 답 F120
callback,record,3,d_main_02af_01,,sub:이례의_기록자_00,,ch02,sub:이례의_기록자_00,3,22,E35,재언급,Q6,,,,,확실,확정,
callback,record,2,d_main_02af_07,,sub:랩칠리언_05,,ch02,sub:랩칠리언_05,3,28,E36,재언급,Q8,,,,,추정,확정,
keyword,auto,2,d_main_02af_07,151,relic:니케실험대상자모집_00,0,ch02,relic:니케실험대상자모집,3,37,,,,org:3대_기업,6,기록 2 · 이름 3줄,기록 3 · 이름 3줄,,,
callback,record,3,d_main_02af_01,,d_main_07af_03,,ch02,ch07,3,42,F40-2,드러냄,F40,,,,,확실,확정,
keyword,auto,2,d_main_02af_07,80,d_main_07_06_s,48,ch02,ch07,3,42,,,,org:카운터스,32,기록 4 · 이름 1줄,기록 4 · 이름 2줄,,,
character,auto,2,d_main_02_08_e,3,d_main_08_01,0,ch02,ch08,3,50,,,,person:시프티,18,기록 1 · 말함 48줄(10%) · 이름 3줄,기록 5 · 말함 47줄(15%) · 이름 4줄,,,
keyword,auto,2,d_main_02af_04,24,sub:칠리페퍼_01,44,ch02,sub:칠리페퍼_01,3,51,,,,place:전초기지,13,기록 3 · 이름 4줄,기록 3 · 이름 5줄,,,
setup_payoff,record,2,d_main_02_05,,d_main_10_06,,ch02,ch10,3,62,E11,암시,Q16,,,,,추정,확정,
setup_payoff,record,2,d_main_02af_01,,ep:d_nikke_maxwell_03,,ch02,char:102,3,107,Q6-3,회수,Q6,,,,,추정,확정,일부 · 답 F529
callback,record,2,d_main_02af_01,,d_main_20_05,,ch02,ch20,3,168,E145,재언급,Q6,,,,,추정,확정,
setup_payoff,record,2,d_main_02_05,,d_main_32_af_02,,ch02,ch32,3,310,E11,암시,Q16,,,,,추정,확정,
setup_payoff,record,2,d_main_02_05,,event_footstepwalkrun2_epilogue,,ch02,event_footstepwalkrun1,3,350,E11,암시,F1765,,,,,추정,확정,
setup_payoff,record,3,d_main_02_08_s,,d_main_42_02,,ch02,ch42,3,416,E10,암시,Q240,,,,,확실,확정,
setup_payoff,record,3,d_main_02_08_s,,d_main_42_02,,ch02,ch42,3,416,E10,암시,F2214,,,,,확실,확정,
character,auto,1,sub:칠리페퍼_00,67,sub:테트라_커넥트_00,25,sub:칠리페퍼_00,sub:테트라_커넥트_00,4,5,,,,person:아니스,119,말함 10줄(14%),말함 9줄(45%),,,흔한 대상
keyword,auto,1,sub:칠리페퍼_00,24,sub:세르반_00,3,sub:칠리페퍼_00,sub:세르반_00,4,7,,,,place:방주,171,기록 2 · 이름 3줄,기록 2,,,흔한 대상
sequel,auto,3,sub:칠리페퍼_00,,sub:칠리페퍼_01,,sub:칠리페퍼_00,sub:칠리페퍼_01,4,51,,,,,,,,,,서브퀘스트 다음 편
setup_payoff,record,3,sub:칠리페퍼_00,,sub:칠리페퍼_01,,sub:칠리페퍼_00,sub:칠리페퍼_01,4,51,Q9-2,회수,Q9,,,,,확실,확정,전부 · 답 F241
character,auto,2,sub:칠리페퍼_00,82,sub:칠리페퍼_01,0,sub:칠리페퍼_00,sub:칠리페퍼_01,4,51,,,,person:칠리페퍼,3,기록 3 · 말함 55줄(74%) · 이름 3줄,기록 5 · 말함 58줄(83%) · 이름 3줄,,,
setup_payoff,record,2,sub:테트라_커넥트_00,,sub:테트라_커넥트_00,,sub:테트라_커넥트_00,sub:테트라_커넥트_00,5,5,E14,암시,F53,,,,,추정,확정,
character,auto,1,sub:테트라_커넥트_00,46,d_main_03_01,7,sub:테트라_커넥트_00,ch03,5,6,,,,person:아니스,119,말함 9줄(45%),말함 20줄(11%),,,흔한 대상
keyword,auto,1,sub:테트라_커넥트_00,64,d_main_03_06,23,sub:테트라_커넥트_00,ch03,5,6,,,,concept:니케,186,기록 3 · 이름 7줄,기록 1 · 이름 5줄,,,흔한 대상
keyword,auto,2,sub:테트라_커넥트_00,47,d_main_04af_08,14,sub:테트라_커넥트_00,ch04,5,8,,,,org:테트라,13,이름 5줄,기록 2 · 이름 3줄,,,
character,auto,1,sub:테트라_커넥트_00,45,d_main_05_01,1,sub:테트라_커넥트_00,ch05,5,9,,,,person:네온,55,말함 8줄(40%),말함 57줄(14%) · 이름 3줄,,,흔한 대상
sequel,auto,3,sub:테트라_커넥트_00,,sub:테트라_커넥트_01,,sub:테트라_커넥트_00,sub:테트라_커넥트_01,5,153,,,,,,,,,,서브퀘스트 다음 편
setup_payoff,record,2,sub:테트라_커넥트_00,,sub:테트라_커넥트_01,,sub:테트라_커넥트_00,sub:테트라_커넥트_01,5,153,E14,암시,F709,,,,,추정,확정,
keyword,auto,2,sub:테트라_커넥트_00,51,sub:테트라_커넥트_01,0,sub:테트라_커넥트_00,sub:테트라_커넥트_01,5,153,,,,org:테트라_커넥트,3,기록 4 · 이름 5줄,기록 3 · 이름 6줄,,,
character,auto,1,d_main_03_06,44,sub:세르반_00,41,ch03,sub:세르반_00,6,7,,,,person:아니스,119,말함 20줄(11%),말함 11줄(13%),,,흔한 대상
sequel,auto,3,d_main_03_07,,d_main_04_01,,ch03,ch04,6,8,,,,,,,,,,다음 챕터
setup_payoff,record,3,d_main_03_04,,d_main_04_04_s,,ch03,ch04,6,8,Q12-2,회수,Q12,,,,,확실,확정,일부 · 답 F71
reversal,record,3,d_main_03_04,,d_main_04_03_s,,ch03,ch04,6,8,F61-2,뒤집음,F61,,,,,확실,확정,답 F71
character,auto,1,d_main_03_07,15,d_main_04_01,0,ch03,ch04,6,8,,,,person:라피,85,기록 1 · 말함 48줄(27%) · 이름 4줄,기록 11 · 말함 141줄(19%) · 이름 25줄,,,흔한 대상
character,auto,2,d_main_03_07,13,d_main_04_01,16,ch03,ch04,6,8,,,,person:미하라,14,기록 6 · 말함 73줄(42%) · 이름 10줄,기록 8 · 말함 95줄(13%) · 이름 22줄,,,
character,auto,2,d_main_03_06,40,d_main_04_07,12,ch03,ch04,6,8,,,,person:슈엔,30,기록 5 · 이름 3줄,기록 4 · 말함 29줄(4%) · 이름 12줄,,,
character,auto,2,d_main_03_06,33,d_main_04_01,20,ch03,ch04,6,8,,,,person:유니,13,기록 4 · 말함 19줄(11%) · 이름 9줄,기록 6 · 말함 56줄(7%) · 이름 42줄,,,
character,auto,2,d_main_03_04,10,d_main_04_03_s,5,ch03,ch04,6,8,,,,person:토커티브,15,기록 4 · 이름 4줄,기록 11 · 말함 26줄(3%) · 이름 20줄,,,
keyword,auto,1,d_main_03_06,51,d_main_04_02,12,ch03,ch04,6,8,,,,concept:니케,186,기록 1 · 이름 5줄,기록 3 · 이름 19줄,,,흔한 대상
keyword,auto,1,d_main_03_06,46,d_main_04_01,3,ch03,ch04,6,8,,,,concept:랩쳐,142,기록 2 · 이름 17줄,기록 2 · 이름 16줄,,,흔한 대상
setup_payoff,record,3,d_main_03_04,,ep:d_nikke_yuni_01,,ch03,char:160,6,132,E20,암시,F624,,,,,확실,확정,
setup_payoff,record,2,d_main_03_06,,d_main_24_14_e,,ch03,ch24,6,221,E18,암시,Q65,,,,,추정,확정,
callback,record,2,d_main_03_01,,side:wordless_13,,ch03,side:wordless,6,331,E473,재언급,F54,,,,,추정,확정,
keyword,auto,2,d_main_03_06,49,side:wordless_02,9,ch03,side:wordless,6,331,,,,org:워드리스,3,기록 6 · 이름 1줄,기록 4 · 이름 8줄,,,
setup_payoff,record,2,d_main_03_06,,event_footstepwalkrun2_06_e,,ch03,event_footstepwalkrun1,6,350,E18,암시,F1763,,,,,추정,확정,
setup_payoff,record,2,d_main_03_06,,event_footstepwalkrun2_intermission_01,,ch03,event_footstepwalkrun1,6,350,E18,암시,Q65,,,,,추정,확정,
setup_payoff,record,3,d_main_03_02,,ep:d_nikke_mihara_bondingchain_04,,ch03,char:162,6,382,E17,암시,Q246,,,,,확실,확정,
callback,record,3,d_main_03_03,,fl:sin_editor_07,,ch03,fl:sin_editor,6,430,E998,재언급,F58,,,,,확실,확정,
character,auto,1,sub:세르반_00,64,d_main_04_01,9,sub:세르반_00,ch04,7,8,,,,person:아니스,119,말함 11줄(13%),기록 6 · 말함 148줄(19%) · 이름 15줄,,,흔한 대상
keyword,auto,1,sub:세르반_00,84,d_main_04_05,1,sub:세르반_00,ch04,7,8,,,,place:방주,171,기록 2,기록 3 · 이름 14줄,,,흔한 대상
sequel,auto,3,sub:세르반_00,,sub:세르반_01,,sub:세르반_00,sub:세르반_01,7,39,,,,,,,,,,서브퀘스트 다음 편
callback,record,3,sub:세르반_00,,sub:세르반_01,,sub:세르반_00,sub:세르반_01,7,39,F68-2,드러냄,F68,,,,,확실,확정,
character,auto,2,sub:세르반_00,84,sub:세르반_01,0,sub:세르반_00,sub:세르반_01,7,39,,,,person:세르반,4,기록 5 · 말함 60줄(73%) · 이름 4줄,기록 7 · 말함 83줄(90%) · 이름 3줄,,,
keyword,auto,2,sub:세르반_00,84,sub:세르반_02,13,sub:세르반_00,sub:세르반_02,7,44,,,,concept:로열,7,기록 2 · 이름 4줄,기록 3 · 이름 1줄,,,
setup_payoff,record,3,sub:세르반_00,,sub:세르반_03,,sub:세르반_00,sub:세르반_03,7,77,E21,암시,F349,,,,,확실,확정,
sequel,auto,3,d_main_04af_08,,d_main_05_01,,ch04,ch05,8,9,,,,,,,,,,다음 챕터
character,auto,1,d_main_04af_08,72,d_main_05_01,10,ch04,ch05,8,9,,,,person:라피,85,기록 11 · 말함 141줄(19%) · 이름 25줄,기록 2 · 말함 78줄(19%) · 이름 13줄,,,흔한 대상
character,auto,1,d_main_04af_08,75,d_main_05_01,1,ch04,ch05,8,9,,,,person:아니스,119,기록 6 · 말함 148줄(19%) · 이름 15줄,기록 2 · 말함 64줄(16%) · 이름 8줄,,,흔한 대상
keyword,auto,1,d_main_04af_07,5,d_main_05_01,21,ch04,ch05,8,9,,,,concept:니케,186,기록 3 · 이름 19줄,기록 1 · 이름 9줄,,,흔한 대상
keyword,auto,1,d_main_04af_04,24,d_main_05_04_s,6,ch04,ch05,8,9,,,,concept:랩쳐,142,기록 2 · 이름 16줄,이름 6줄,,,흔한 대상
keyword,auto,2,d_main_04af_07,12,d_main_05_07,23,ch04,ch05,8,9,,,,org:필그림,21,기록 4 · 이름 4줄,기록 5 · 이름 5줄,,,
keyword,auto,2,d_main_04af_08,3,d_main_05_01,14,ch04,ch05,8,9,,,,place:북부,7,기록 1 · 이름 5줄,기록 4 · 이름 2줄,,,
setup_payoff,record,3,d_main_04_04_s,,d_main_06_07,,ch04,ch06,8,11,Q13-2,회수,Q13,,,,,확실,확정,일부 · 답 F120
setup_payoff,record,3,d_main_04_04_e,,d_main_06_08_s,,ch04,ch06,8,11,Q15-2,회수,Q15,,,,,확실,확정,일부 · 답 F123
character,auto,2,d_main_04af_07,4,d_main_06_06,19,ch04,ch06,8,11,,,,person:토커티브,15,기록 11 · 말함 26줄(3%) · 이름 20줄,기록 9 · 말함 51줄(16%) · 이름 8줄,,,
keyword,auto,1,d_main_04af_08,64,d_main_06_03,32,ch04,ch06,8,11,,,,place:방주,171,기록 3 · 이름 14줄,기록 2 · 이름 4줄,,,흔한 대상
keyword,auto,1,d_main_04af_07,9,d_main_06_04,24,ch04,ch06,8,11,,,,place:지상,132,기록 1 · 이름 12줄,기록 2 · 이름 2줄,,,흔한 대상
callback,record,2,d_main_04af_03,,sub:트레저_헌터_03,,ch04,sub:트레저_헌터_03,8,21,E34,재언급,F81,,,,,추정,확정,
character,auto,2,d_main_04af_06,33,sub:랩칠리언_05,0,ch04,sub:랩칠리언_05,8,28,,,,person:슈엔,30,기록 4 · 말함 29줄(4%) · 이름 12줄,기록 5 · 말함 60줄(67%) · 이름 4줄,,,
callback,record,3,d_main_04_04_s,,d_main_07_02,,ch04,ch07,8,42,E56,재언급,Q13,,,,,확실,확정,
character,auto,2,d_main_04af_08,71,sub:러블리_드림_00,113,ch04,sub:러블리_드림_00,8,46,,,,person:머스탱,27,기록 5 · 말함 38줄(5%) · 이름 5줄,기록 2 · 이름 3줄,,,
setup_payoff,record,2,d_main_04af_04,,d_main_09af_06,,ch04,ch09,8,55,Q18-2,회수,Q18,,,,,추정,확정,일부 · 답 F259
character,auto,2,d_main_04af_08,8,d_main_09af_01,58,ch04,ch09,8,55,,,,person:엔더슨,32,기록 8 · 말함 68줄(9%) · 이름 4줄,기록 2 · 말함 30줄(5%) · 이름 3줄,,,
keyword,auto,2,d_main_04af_06,21,d_main_09_06_s,20,ch04,ch09,8,55,,,,concept:기억_소거,9,기록 6 · 이름 7줄,이름 5줄,,,
keyword,auto,2,d_main_04_09_e,50,d_main_09af_05,41,ch04,ch09,8,55,,,,org:앱솔루트,15,기록 3 · 이름 3줄,기록 2 · 이름 2줄,,,
setup_payoff,record,3,d_main_04_09_e,,d_main_10_06,,ch04,ch10,8,62,Q16-2,회수,Q16,,,,,확실,확정,일부 · 답 F279
character,auto,2,d_main_04_09_e,66,d_main_10_01,2,ch04,ch10,8,62,,,,person:베스티,8,기록 2 · 말함 7줄(1%) · 이름 1줄,기록 1 · 말함 41줄(12%) · 이름 5줄,,,
character,auto,2,d_main_04_09_e,84,d_main_10_01,4,ch04,ch10,8,62,,,,person:엠마,10,기록 3 · 말함 14줄(2%) · 이름 2줄,기록 2 · 말함 61줄(18%) · 이름 4줄,,,
character,auto,2,d_main_04_09_e,85,d_main_10_01,0,ch04,ch10,8,62,,,,person:은화,9,기록 4 · 말함 24줄(3%) · 이름 3줄,기록 1 · 말함 76줄(22%) · 이름 13줄,,,
setup_payoff,record,3,d_main_04af_04,,d_main_12af_01,,ch04,ch12,8,73,Q18-3,회수,Q18,,,,,확실,확정,일부 · 답 F312
character,auto,2,d_main_04af_04,60,d_main_12af_02,7,ch04,ch12,8,73,,,,person:미하라,14,기록 8 · 말함 95줄(13%) · 이름 22줄,기록 2 · 말함 10줄(2%) · 이름 12줄,,,
character,auto,2,d_main_04af_04,57,d_main_12af_02,7,ch04,ch12,8,73,,,,person:유니,13,기록 6 · 말함 56줄(7%) · 이름 42줄,기록 3 · 말함 18줄(3%) · 이름 7줄,,,
keyword,auto,2,d_main_04af_04,23,d_main_12_07_s,12,ch04,ch12,8,73,,,,concept:침식,21,기록 2 · 이름 3줄,기록 3 · 이름 15줄,,,
setup_payoff,record,3,d_main_04_04_e,,d_main_13_08_e,,ch04,ch13,8,76,Q14-2,회수,Q14,,,,,확실,확정,일부 · 답 F336
setup_payoff,record,2,d_main_04af_01,,d_main_14af_03,,ch04,ch14,8,80,E25,암시,F376,,,,,추정,확정,
character,auto,2,d_main_04af_03,7,d_main_14af_02,7,ch04,ch14,8,80,,,,person:에닉,22,기록 4 · 말함 18줄(2%) · 이름 1줄,기록 6 · 말함 52줄(7%) · 이름 6줄,,,
callback,record,2,d_main_04af_04,,d_main_16af_02,,ch04,ch16,8,87,E113,재언급,F88,,,,,추정,확정,
keyword,auto,2,d_main_04af_08,74,ep:d_nikke_epinel_01,1,ch04,char:241,8,129,,,,org:테트라,13,기록 2 · 이름 3줄,기록 1 · 이름 5줄,,,
setup_payoff,record,3,d_main_04_04_s,,d_main_20_07,,ch04,ch20,8,168,Q13-3,회수,Q13,,,,,확실,확정,일부 · 답 F766
setup_payoff,record,3,d_main_04_04_e,,event_redash1_02_s,,ch04,event_redash,8,248,Q14-3,회수,Q14,,,,,확실,확정,일부 · 답 F1145
keyword,auto,2,d_main_04_04_e,38,event_redash1_02_s,27,ch04,event_redash,8,248,,,,concept:페어리_테일,7,기록 2 · 이름 1줄,기록 3 · 이름 9줄,,,
setup_payoff,record,2,d_main_04_09_e,,d_main_32_af_02,,ch04,ch32,8,310,E29,암시,F1559,,,,,추정,확정,
setup_payoff,record,3,d_main_04_09_e,,d_main_32_af_02,,ch04,ch32,8,310,Q16-3,회수,Q16,,,,,확실,확정,일부 · 답 F1559
setup_payoff,record,2,d_main_04_01,,side:wordless_00,,ch04,side:wordless,8,331,E24,암시,F1618,,,,,추정,확정,
setup_payoff,record,3,d_main_04_04_e,,event_footstepwalkrun2_06_e,,ch04,event_footstepwalkrun1,8,350,Q14-4,회수,Q14,,,,,확실,확정,일부 · 답 F1763
setup_payoff,record,3,d_main_04af_08,,d_main_35_04,,ch04,ch35,8,358,E28,암시,F1798,,,,,확실,확정,
setup_payoff,record,3,d_main_04af_08,,d_main_35_04,,ch04,ch35,8,358,Q19-2,회수,Q19,,,,,확실,확정,일부 · 답 F1798
setup_payoff,record,3,d_main_04_07,,ep:d_nikke_mihara_bondingchain_04,,ch04,char:162,8,382,E22,암시,Q246,,,,,확실,확정,
setup_payoff,record,3,d_main_04af_03,,ep:d_nikke_mihara_bondingchain_04,,ch04,char:162,8,382,E23,암시,Q246,,,,,확실,확정,
callback,record,3,d_main_04af_01,,ep:d_nikke_mihara_bondingchain_03,,ch04,char:162,8,382,E1435,재언급,F79,,,,,확실,확정,
setup_payoff,record,2,d_main_04af_03,,fl:ark_guardian_25,,ch04,fl:ark_guardian,8,428,E26,암시,F2373,,,,,추정,확정,
setup_payoff,record,3,d_main_04af_08,,side:pretty_star_13,,ch04,side:pretty_star,8,447,Q19-3,회수,Q19,,,,,확실,확정,일부 · 답 F2556
setup_payoff,record,2,d_main_04af_07,,d_main_46_af_07,,ch04,ch46,8,452,E27,암시,F2654,,,,,추정,확정,
setup_payoff,record,3,d_main_04af_08,,event_staranis2_05_e,,ch04,event_staranis1,8,454,Q19-4,회수,Q19,,,,,확실,확정,전부 · 답 F2705
character,auto,1,d_main_05_11_e,14,sub:중앙_정부_공식__00,13,ch05,sub:중앙_정부_공식__00,9,10,,,,person:아니스,119,기록 2 · 말함 64줄(16%) · 이름 8줄,말함 5줄(42%),,,흔한 대상
sequel,auto,3,d_main_05_11_e,,d_main_06_01,,ch05,ch06,9,11,,,,,,,,,,다음 챕터
callback,record,2,d_main_05_04_e,,d_main_06_07,,ch05,ch06,9,11,F98-2,드러냄,F98,,,,,추정,확정,
character,auto,1,d_main_05_11_e,23,d_main_06_01,2,ch05,ch06,9,11,,,,person:라피,85,기록 2 · 말함 78줄(19%) · 이름 13줄,말함 38줄(12%) · 이름 4줄,,,흔한 대상
character,auto,2,d_main_05_11_e,18,d_main_06_01,0,ch05,ch06,9,11,,,,person:루드밀라,11,기록 7 · 말함 128줄(31%) · 이름 4줄,기록 5 · 말함 113줄(36%) · 이름 2줄,,,
character,auto,2,d_main_05_11_e,20,d_main_06_01,29,ch05,ch06,9,11,,,,person:앨리스,6,기록 5 · 말함 58줄(14%) · 이름 15줄,기록 2 · 말함 27줄(9%) · 이름 9줄,,,
keyword,auto,1,d_main_05_08_s,18,d_main_06_04,10,ch05,ch06,9,11,,,,concept:니케,186,기록 1 · 이름 9줄,기록 4 · 이름 9줄,,,흔한 대상
keyword,auto,2,d_main_05_11_s,0,d_main_06_04,1,ch05,ch06,9,11,,,,org:언리미티드,6,기록 4 · 이름 4줄,기록 3,,,
keyword,auto,2,d_main_05_10,26,d_main_06_02,27,ch05,ch06,9,11,,,,org:필그림,21,기록 5 · 이름 5줄,기록 7 · 이름 8줄,,,
keyword,auto,2,d_main_05_10,3,d_main_06_02,27,ch05,ch06,9,11,,,,place:북부,7,기록 4 · 이름 2줄,기록 3 · 이름 4줄,,,
keyword,auto,1,d_main_05_10,22,relic:어느남자의수기_00,0,ch05,relic:어느남자의수기,9,12,,,,concept:랩쳐,142,이름 6줄,기록 3 · 이름 2줄,,,흔한 대상
character,auto,1,d_main_05_11_e,10,sub:트레저_헌터_03,21,ch05,sub:트레저_헌터_03,9,21,,,,person:네온,55,말함 57줄(14%) · 이름 3줄,말함 9줄(10%),,,흔한 대상
setup_payoff,record,2,d_main_05_09,,d_main_13_08_e,,ch05,ch13,9,76,E43,암시,F336,,,,,추정,확정,
setup_payoff,record,3,d_main_05_07,,ep:d_nikke_ludmilla_04,,ch05,char:190,9,104,E42,암시,Q25,,,,,확실,확정,
setup_payoff,record,3,d_main_05_06,,ep:d_nikke_alice_04,,ch05,char:191,9,126,E41,암시,F604,,,,,확실,확정,
setup_payoff,record,2,d_main_05_07,,ep:d_nikke_alice_04,,ch05,char:191,9,126,Q22-2,회수,Q22,,,,,추정,확정,일부 · 답 F604
setup_payoff,record,2,d_main_05_04_e,,event_wisdomspring_04_e,,ch05,event_wisdomspring,9,353,E40,암시,Q86,,,,,추정,확정,
setup_payoff,record,2,d_main_05_04_e,,d_main_48_05,,ch05,ch48,9,472,E40,암시,Q63,,,,,추정,확정,
keyword,auto,1,sub:중앙_정부_공식__00,42,sub:콜렉터_00,62,sub:중앙_정부_공식__00,sub:콜렉터_00,10,13,,,,org:중앙_정부,67,기록 4 · 이름 8줄,기록 2 · 이름 2줄,,,흔한 대상
character,auto,1,sub:중앙_정부_공식__00,21,sub:콜렉터_01,53,sub:중앙_정부_공식__00,sub:콜렉터_01,10,14,,,,person:아니스,119,말함 5줄(42%),말함 21줄(15%) · 이름 3줄,,,흔한 대상
sequel,auto,3,sub:중앙_정부_공식__00,,sub:중앙_정부_공식__01,,sub:중앙_정부_공식__00,sub:중앙_정부_공식__01,10,43,,,,,,,,,,서브퀘스트 다음 편
character,auto,2,sub:중앙_정부_공식__00,35,sub:중앙_정부_공식__01,6,sub:중앙_정부_공식__00,sub:중앙_정부_공식__01,10,43,,,,person:제인_밀러,3,기록 5 · 이름 1줄,기록 3 · 이름 1줄,,,
setup_payoff,record,2,sub:중앙_정부_공식__00,,sub:중앙_정부_공식__02,,sub:중앙_정부_공식__00,sub:중앙_정부_공식__02,10,154,E44,암시,F711,,,,,추정,확정,
setup_payoff,record,2,sub:중앙_정부_공식__00,,sub:중앙_정부_공식__02,,sub:중앙_정부_공식__00,sub:중앙_정부_공식__02,10,154,Q23-2,회수,Q23,,,,,추정,확정,일부 · 답 F711
keyword,auto,1,d_main_06_08_s,27,sub:콜렉터_00,9,ch06,sub:콜렉터_00,11,13,,,,place:방주,171,기록 2 · 이름 4줄,기록 2 · 이름 5줄,,,흔한 대상
keyword,auto,1,d_main_06_08_e,27,sub:콜렉터_01,22,ch06,sub:콜렉터_01,11,14,,,,concept:니케,186,기록 4 · 이름 9줄,기록 1 · 이름 8줄,,,흔한 대상
keyword,auto,1,d_main_06_08_s,61,sub:콜렉터_01,36,ch06,sub:콜렉터_01,11,14,,,,place:지상,132,기록 2 · 이름 2줄,이름 5줄,,,흔한 대상
character,auto,1,d_main_06_06,54,sub:트레저_헌터_01,30,ch06,sub:트레저_헌터_01,11,19,,,,person:라피,85,말함 38줄(12%) · 이름 4줄,말함 12줄(16%),,,흔한 대상
sequel,auto,3,d_main_06_08_e,,d_main_07_01,,ch06,ch07,11,42,,,,,,,,,,다음 챕터
setup_payoff,record,3,d_main_06_08_e,,d_main_07_06_e,,ch06,ch07,11,42,E50,암시,F209,,,,,확실,확정,
callback,record,3,d_main_06_08_s,,d_main_07_05,,ch06,ch07,11,42,F124-2,드러냄,F124,,,,,확실,확정,
callback,record,3,d_main_06_08_e,,d_main_07_02,,ch06,ch07,11,42,F127-2,드러냄,F127,,,,,확실,확정,
character,auto,2,d_main_06_08_e,38,d_main_07_06_s,4,ch06,ch07,11,42,,,,person:모더니아,6,기록 2 · 말함 9줄(3%) · 이름 1줄,기록 6 · 말함 49줄(13%) · 이름 8줄,,,
character,auto,2,d_main_06_08_e,39,d_main_07_01,0,ch06,ch07,11,42,,,,person:스노우_화이트,26,기록 9 · 말함 28줄(9%) · 이름 4줄,기록 10 · 말함 127줄(34%) · 이름 20줄,,,
character,auto,2,d_main_06_08_e,31,d_main_07_02,20,ch06,ch07,11,42,,,,person:토커티브,15,기록 9 · 말함 51줄(16%) · 이름 8줄,기록 2 · 이름 6줄,,,
keyword,auto,2,d_main_06_08_e,24,d_main_07_03,18,ch06,ch07,11,42,,,,concept:헬레틱,40,기록 2 · 이름 1줄,기록 2 · 이름 19줄,,,
keyword,auto,2,d_main_06_08_e,24,d_main_07_05,10,ch06,ch07,11,42,,,,org:필그림,21,기록 7 · 이름 8줄,기록 4 · 이름 13줄,,,
setup_payoff,record,3,d_main_06_04,,d_main_12af_03,,ch06,ch12,11,73,Q26-2,회수,Q26,,,,,확실,확정,전부 · 답 F320
setup_payoff,record,3,d_main_06_08_s,,d_main_14af_03,,ch06,ch14,11,80,Q27-2,회수,Q27,,,,,확실,확정,전부 · 답 F376
keyword,auto,2,d_main_06_04,36,ep:d_nikke_noah_02,25,ch06,char:232,11,96,,,,org:언리미티드,6,기록 3,기록 1 · 이름 5줄,,,
setup_payoff,record,2,d_main_06_08_s,,ep:d_nikke_rapunzel_04,,ch06,char:221,11,102,E49,암시,F494,,,,,추정,확정,
setup_payoff,record,2,d_main_06_03,,ep:d_nikke_ludmilla_04,,ch06,char:190,11,104,Q25-2,회수,Q25,,,,,추정,확정,일부 · 답 F513
character,auto,2,d_main_06_06,1,ep:d_nikke_ludmilla_01,4,ch06,char:190,11,104,,,,person:루드밀라,11,기록 5 · 말함 113줄(36%) · 이름 2줄,기록 9 · 말함 342줄(85%) · 이름 30줄,,,
character,auto,2,d_main_06_05,33,ep:d_nikke_alice_01,2,ch06,char:191,11,126,,,,person:앨리스,6,기록 2 · 말함 27줄(9%) · 이름 9줄,기록 9 · 말함 204줄(78%) · 이름 67줄,,,
character,auto,2,d_main_06_08_e,30,d_main_20_01,8,ch06,ch20,11,168,,,,person:퀸,20,기록 3 · 이름 2줄,기록 5 · 이름 11줄,,,
keyword,auto,2,d_main_06_05,7,event_alonesurvivor_prologue,2,ch06,event_alonesurvivor,11,253,,,,place:북부,7,기록 3 · 이름 4줄,이름 16줄,,,
callback,record,3,d_main_06_02,,ep:d_nikke_tove_03,,ch06,char:192,11,254,E1608,재언급,Q24,,,,,확실,확정,
callback,record,3,d_main_06_02,,ep:d_nikke_tove_05,,ch06,char:192,11,254,E1609,재언급,Q24,,,,,확실,확정,
setup_payoff,record,2,d_main_06_08_e,,event_lastkingdom2_epilogue,,ch06,event_lastkingdom1,11,295,Q29-2,회수,Q29,,,,,추정,확정,일부 · 답 F1452
callback,record,3,d_main_06_08_e,,event_arcanearchive_06_s,,ch06,event_arcanearchive,11,383,E726,재언급,F126,,,,,확실,확정,
callback,record,3,d_main_06_07,,d_main_39_11,,ch06,ch39,11,396,E803,재언급,F120,,,,,확실,확정,
setup_payoff,record,2,d_main_06_08_s,,event_goddessfall2_05_e,,ch06,event_goddessfall1,11,418,Q28-2,회수,Q28,,,,,추정,확정,일부 · 답 F2890
keyword,auto,1,relic:어느남자의수기_01,2,relic:생존가이드1_00,0,relic:어느남자의수기,relic:생존가이드1,12,15,,,,concept:랩쳐,142,기록 3 · 이름 2줄,기록 2 · 이름 2줄,,,흔한 대상
sequel,auto,3,sub:콜렉터_00,,sub:콜렉터_01,,sub:콜렉터_00,sub:콜렉터_01,13,14,,,,,,,,,,서브퀘스트 다음 편
setup_payoff,record,3,sub:콜렉터_00,,sub:콜렉터_01,,sub:콜렉터_00,sub:콜렉터_01,13,14,E12,암시,F138,,,,,확실,확정,
character,auto,2,sub:콜렉터_00,82,sub:콜렉터_01,0,sub:콜렉터_00,sub:콜렉터_01,13,14,,,,person:콜렉터,3,기록 3 · 말함 59줄(84%) · 이름 5줄,기록 3 · 말함 96줄(70%) · 이름 6줄,,,
keyword,auto,1,sub:콜렉터_00,65,sub:콜렉터_01,43,sub:콜렉터_00,sub:콜렉터_01,13,14,,,,org:중앙_정부,67,기록 2 · 이름 2줄,기록 1 · 이름 6줄,,,흔한 대상
keyword,auto,2,sub:콜렉터_00,65,sub:콜렉터_01,5,sub:콜렉터_00,sub:콜렉터_01,13,14,,,,place:아우터_림,43,기록 5 · 이름 8줄,기록 5 · 이름 7줄,,,
keyword,auto,1,sub:콜렉터_00,47,relic:방주추첨권_00,0,sub:콜렉터_00,relic:방주추첨권,13,17,,,,place:방주,171,기록 2 · 이름 5줄,기록 1 · 이름 6줄,,,흔한 대상
keyword,auto,2,sub:콜렉터_00,26,ep:d_nikke_dolla_01,22,sub:콜렉터_00,char:202,13,99,,,,place:블랙넷,6,기록 2 · 이름 1줄,기록 3 · 이름 16줄,,,
callback,record,3,sub:콜렉터_00,,fl:persona_on_frontline_14,,sub:콜렉터_00,fl:persona_on_frontline,13,474,E1569,재언급,F136,,,,,확실,확정,
character,auto,1,sub:콜렉터_01,120,sub:트레저_헌터_00,36,sub:콜렉터_01,sub:트레저_헌터_00,14,18,,,,person:아니스,119,말함 21줄(15%) · 이름 3줄,기록 1 · 말함 9줄(12%),,,흔한 대상
keyword,auto,1,sub:콜렉터_01,64,sub:트레저_헌터_00,2,sub:콜렉터_01,sub:트레저_헌터_00,14,18,,,,place:지상,132,이름 5줄,이름 5줄,,,흔한 대상
keyword,auto,1,sub:콜렉터_01,149,sub:트레저_헌터_01,9,sub:콜렉터_01,sub:트레저_헌터_01,14,19,,,,concept:니케,186,기록 1 · 이름 8줄,기록 1 · 이름 5줄,,,흔한 대상
keyword,auto,1,sub:콜렉터_01,103,sub:랩칠리언_04,45,sub:콜렉터_01,sub:랩칠리언_04,14,27,,,,org:중앙_정부,67,기록 1 · 이름 6줄,기록 2 · 이름 5줄,,,흔한 대상
keyword,auto,2,sub:콜렉터_01,132,sub:저스틴_00,65,sub:콜렉터_01,sub:저스틴_00,14,40,,,,place:아우터_림,43,기록 5 · 이름 7줄,기록 2 · 이름 1줄,,,
sequel,auto,3,sub:콜렉터_01,,sub:콜렉터_02,,sub:콜렉터_01,sub:콜렉터_02,14,219,,,,,,,,,,서브퀘스트 다음 편
callback,record,3,sub:콜렉터_01,,sub:콜렉터_02,,sub:콜렉터_01,sub:콜렉터_02,14,219,E232,재언급,F141,,,,,확실,확정,
character,auto,2,sub:콜렉터_01,161,sub:콜렉터_02,0,sub:콜렉터_01,sub:콜렉터_02,14,219,,,,person:콜렉터,3,기록 3 · 말함 96줄(70%) · 이름 6줄,기록 3 · 말함 62줄(85%) · 이름 2줄,,,
keyword,auto,1,relic:생존가이드1_03,3,relic:통화기록017515_00,1,relic:생존가이드1,relic:통화기록017515,15,16,,,,concept:랩쳐,142,기록 2 · 이름 2줄,기록 2,,,흔한 대상
keyword,auto,1,relic:통화기록017515_03,0,sub:랩칠리언_00,12,relic:통화기록017515,sub:랩칠리언_00,16,23,,,,concept:랩쳐,142,기록 2,기록 2 · 이름 15줄,,,흔한 대상
keyword,auto,1,relic:방주추첨권_03,2,sub:랩칠리언_05,14,relic:방주추첨권,sub:랩칠리언_05,17,28,,,,place:방주,171,기록 1 · 이름 6줄,기록 2 · 이름 4줄,,,흔한 대상
callback,record,2,relic:방주추첨권_00,,relic:구시대의플레이리스트_02,,relic:방주추첨권,relic:구시대의플레이리스트,17,72,E77,재언급,F132,,,,,추정,확정,
keyword,auto,2,relic:방주추첨권_03,0,relic:잘지내라친구_01,0,relic:방주추첨권,relic:잘지내라친구,17,272,,,,item:방주_추첨권,2,기록 3 · 이름 5줄,기록 2 · 이름 2줄,,,
sequel,auto,3,sub:트레저_헌터_00,,sub:트레저_헌터_01,,sub:트레저_헌터_00,sub:트레저_헌터_01,18,19,,,,,,,,,,서브퀘스트 다음 편
character,auto,1,sub:트레저_헌터_00,56,sub:트레저_헌터_01,31,sub:트레저_헌터_00,sub:트레저_헌터_01,18,19,,,,person:아니스,119,기록 1 · 말함 9줄(12%),기록 1 · 말함 14줄(19%) · 이름 1줄,,,흔한 대상
character,auto,2,sub:트레저_헌터_00,94,sub:트레저_헌터_01,0,sub:트레저_헌터_00,sub:트레저_헌터_01,18,19,,,,person:트레저_헌터,4,기록 4 · 말함 54줄(70%) · 이름 4줄,기록 3 · 말함 42줄(57%) · 이름 2줄,,,
setup_payoff,record,3,sub:트레저_헌터_00,,sub:트레저_헌터_02,,sub:트레저_헌터_00,sub:트레저_헌터_02,18,20,Q30-2,회수,Q30,,,,,확실,확정,일부 · 답 F146
setup_payoff,record,2,sub:트레저_헌터_00,,sub:트레저_헌터_03,,sub:트레저_헌터_00,sub:트레저_헌터_03,18,21,E30,암시,F150,,,,,추정,확정,
setup_payoff,record,3,sub:트레저_헌터_00,,sub:트레저_헌터_03,,sub:트레저_헌터_00,sub:트레저_헌터_03,18,21,Q30-3,회수,Q30,,,,,확실,확정,전부 · 답 F150
keyword,auto,1,sub:트레저_헌터_00,42,sub:랩칠리언_00,2,sub:트레저_헌터_00,sub:랩칠리언_00,18,23,,,,place:지상,132,이름 5줄,기록 2 · 이름 4줄,,,흔한 대상
sequel,auto,3,sub:트레저_헌터_01,,sub:트레저_헌터_02,,sub:트레저_헌터_01,sub:트레저_헌터_02,19,20,,,,,,,,,,서브퀘스트 다음 편
character,auto,1,sub:트레저_헌터_01,64,sub:트레저_헌터_02,25,sub:트레저_헌터_01,sub:트레저_헌터_02,19,20,,,,person:라피,85,말함 12줄(16%),기록 1 · 말함 11줄(13%),,,흔한 대상
character,auto,1,sub:트레저_헌터_01,63,sub:트레저_헌터_02,24,sub:트레저_헌터_01,sub:트레저_헌터_02,19,20,,,,person:아니스,119,기록 1 · 말함 14줄(19%) · 이름 1줄,기록 1 · 말함 15줄(18%),,,흔한 대상
character,auto,2,sub:트레저_헌터_01,85,sub:트레저_헌터_02,0,sub:트레저_헌터_01,sub:트레저_헌터_02,19,20,,,,person:트레저_헌터,4,기록 3 · 말함 42줄(57%) · 이름 2줄,기록 1 · 말함 50줄(60%) · 이름 4줄,,,
keyword,auto,1,sub:트레저_헌터_01,59,sub:트레저_헌터_02,31,sub:트레저_헌터_01,sub:트레저_헌터_02,19,20,,,,concept:니케,186,기록 1 · 이름 5줄,이름 7줄,,,흔한 대상
keyword,auto,2,sub:트레저_헌터_01,58,sub:트레저_헌터_02,17,sub:트레저_헌터_01,sub:트레저_헌터_02,19,20,,,,org:자원_채집_부대,5,기록 1 · 이름 5줄,기록 2 · 이름 4줄,,,
setup_payoff,record,3,sub:트레저_헌터_01,,sub:트레저_헌터_03,,sub:트레저_헌터_01,sub:트레저_헌터_03,19,21,E31,암시,F150,,,,,확실,확정,
setup_payoff,record,2,sub:트레저_헌터_01,,sub:트레저_헌터_03,,sub:트레저_헌터_01,sub:트레저_헌터_03,19,21,E32,암시,F148,,,,,추정,확정,
sequel,auto,3,sub:트레저_헌터_02,,sub:트레저_헌터_03,,sub:트레저_헌터_02,sub:트레저_헌터_03,20,21,,,,,,,,,,서브퀘스트 다음 편
setup_payoff,record,2,sub:트레저_헌터_02,,sub:트레저_헌터_03,,sub:트레저_헌터_02,sub:트레저_헌터_03,20,21,E33,암시,F148,,,,,추정,확정,
reversal,record,3,sub:트레저_헌터_02,,sub:트레저_헌터_03,,sub:트레저_헌터_02,sub:트레저_헌터_03,20,21,F146-2,뒤집음,F146,,,,,확실,확정,답 F149
character,auto,2,sub:트레저_헌터_02,76,sub:트레저_헌터_03,0,sub:트레저_헌터_02,sub:트레저_헌터_03,20,21,,,,person:트레저_헌터,4,기록 1 · 말함 50줄(60%) · 이름 4줄,기록 4 · 말함 65줄(73%) · 이름 4줄,,,
keyword,auto,2,sub:트레저_헌터_02,52,sub:트레저_헌터_03,7,sub:트레저_헌터_02,sub:트레저_헌터_03,20,21,,,,org:자원_채집_부대,5,기록 2 · 이름 4줄,기록 3 · 이름 1줄,,,
character,auto,1,sub:트레저_헌터_02,57,sub:이례의_기록자_00,39,sub:트레저_헌터_02,sub:이례의_기록자_00,20,22,,,,person:아니스,119,기록 1 · 말함 15줄(18%),말함 9줄(11%) · 이름 1줄,,,흔한 대상
character,auto,1,sub:트레저_헌터_02,59,sub:랩칠리언_05,44,sub:트레저_헌터_02,sub:랩칠리언_05,20,28,,,,person:라피,85,기록 1 · 말함 11줄(13%),말함 10줄(11%),,,흔한 대상
keyword,auto,1,sub:트레저_헌터_02,92,sub:랩칠리언_06,5,sub:트레저_헌터_02,sub:랩칠리언_06,20,29,,,,concept:니케,186,이름 7줄,기록 1 · 이름 5줄,,,흔한 대상
character,auto,1,sub:트레저_헌터_03,48,sub:이례의_기록자_00,42,sub:트레저_헌터_03,sub:이례의_기록자_00,21,22,,,,person:네온,55,말함 9줄(10%),말함 9줄(11%),,,흔한 대상
keyword,auto,2,sub:트레저_헌터_03,19,event_overthehorizon_01_s,3,sub:트레저_헌터_03,event_overthehorizon,21,391,,,,org:자원_채집_부대,5,기록 3 · 이름 1줄,기록 2 · 이름 5줄,,,
character,auto,1,sub:이례의_기록자_00,64,sub:랩칠리언_05,37,sub:이례의_기록자_00,sub:랩칠리언_05,22,28,,,,person:아니스,119,말함 9줄(11%) · 이름 1줄,말함 11줄(12%),,,흔한 대상
character,auto,1,sub:이례의_기록자_00,65,sub:산해진미_01,36,sub:이례의_기록자_00,sub:산해진미_01,22,36,,,,person:네온,55,말함 9줄(11%),말함 13줄(15%),,,흔한 대상
sequel,auto,3,sub:랩칠리언_00,,sub:랩칠리언_01,,sub:랩칠리언_00,sub:랩칠리언_01,23,24,,,,,,,,,,서브퀘스트 다음 편
character,auto,2,sub:랩칠리언_00,87,sub:랩칠리언_01,0,sub:랩칠리언_00,sub:랩칠리언_01,23,24,,,,person:랩칠리언,11,기록 4 · 말함 63줄(77%) · 이름 5줄,기록 2 · 말함 60줄(79%) · 이름 4줄,,,
keyword,auto,1,sub:랩칠리언_00,89,sub:랩칠리언_01,4,sub:랩칠리언_00,sub:랩칠리언_01,23,24,,,,concept:랩쳐,142,기록 2 · 이름 15줄,기록 1 · 이름 15줄,,,흔한 대상
keyword,auto,1,sub:랩칠리언_00,14,sub:산해진미_00,15,sub:랩칠리언_00,sub:산해진미_00,23,35,,,,place:지상,132,기록 2 · 이름 4줄,기록 1 · 이름 9줄,,,흔한 대상
sequel,auto,3,sub:랩칠리언_01,,sub:랩칠리언_02,,sub:랩칠리언_01,sub:랩칠리언_02,24,25,,,,,,,,,,서브퀘스트 다음 편
character,auto,2,sub:랩칠리언_01,79,sub:랩칠리언_02,0,sub:랩칠리언_01,sub:랩칠리언_02,24,25,,,,person:랩칠리언,11,기록 2 · 말함 60줄(79%) · 이름 4줄,말함 63줄(94%) · 이름 4줄,,,
keyword,auto,1,sub:랩칠리언_01,86,sub:랩칠리언_02,4,sub:랩칠리언_01,sub:랩칠리언_02,24,25,,,,concept:랩쳐,142,기록 1 · 이름 15줄,기록 2 · 이름 12줄,,,흔한 대상
callback,record,3,sub:랩칠리언_01,,relic:정갈하게쓴기록_02,,sub:랩칠리언_01,relic:정갈하게쓴기록,24,397,E814,재언급,F156,,,,,확실,확정,
sequel,auto,3,sub:랩칠리언_02,,sub:랩칠리언_03,,sub:랩칠리언_02,sub:랩칠리언_03,25,26,,,,,,,,,,서브퀘스트 다음 편
character,auto,2,sub:랩칠리언_02,74,sub:랩칠리언_03,0,sub:랩칠리언_02,sub:랩칠리언_03,25,26,,,,person:랩칠리언,11,말함 63줄(94%) · 이름 4줄,말함 75줄(94%) · 이름 2줄,,,
keyword,auto,1,sub:랩칠리언_02,74,sub:랩칠리언_03,5,sub:랩칠리언_02,sub:랩칠리언_03,25,26,,,,concept:랩쳐,142,기록 2 · 이름 12줄,기록 2 · 이름 13줄,,,흔한 대상
sequel,auto,3,sub:랩칠리언_03,,sub:랩칠리언_04,,sub:랩칠리언_03,sub:랩칠리언_04,26,27,,,,,,,,,,서브퀘스트 다음 편
character,auto,2,sub:랩칠리언_03,81,sub:랩칠리언_04,0,sub:랩칠리언_03,sub:랩칠리언_04,26,27,,,,person:랩칠리언,11,말함 75줄(94%) · 이름 2줄,기록 3 · 말함 91줄(87%) · 이름 3줄,,,
keyword,auto,1,sub:랩칠리언_03,89,sub:랩칠리언_04,20,sub:랩칠리언_03,sub:랩칠리언_04,26,27,,,,concept:랩쳐,142,기록 2 · 이름 13줄,기록 3 · 이름 9줄,,,흔한 대상
sequel,auto,3,sub:랩칠리언_04,,sub:랩칠리언_05,,sub:랩칠리언_04,sub:랩칠리언_05,27,28,,,,,,,,,,서브퀘스트 다음 편
character,auto,2,sub:랩칠리언_04,116,sub:랩칠리언_05,6,sub:랩칠리언_04,sub:랩칠리언_05,27,28,,,,person:랩칠리언,11,기록 3 · 말함 91줄(87%) · 이름 3줄,기록 2 · 말함 2줄(2%) · 이름 5줄,,,
keyword,auto,1,sub:랩칠리언_04,117,sub:랩칠리언_05,11,sub:랩칠리언_04,sub:랩칠리언_05,27,28,,,,concept:랩쳐,142,기록 3 · 이름 9줄,기록 1 · 이름 7줄,,,흔한 대상
keyword,auto,1,sub:랩칠리언_04,115,sub:시리얼_01,12,sub:랩칠리언_04,sub:시리얼_01,27,34,,,,org:중앙_정부,67,기록 2 · 이름 5줄,기록 2 · 이름 2줄,,,흔한 대상
sequel,auto,3,sub:랩칠리언_05,,sub:랩칠리언_06,,sub:랩칠리언_05,sub:랩칠리언_06,28,29,,,,,,,,,,서브퀘스트 다음 편
character,auto,1,sub:랩칠리언_05,68,sub:랩칠리언_06,16,sub:랩칠리언_05,sub:랩칠리언_06,28,29,,,,person:라피,85,말함 10줄(11%),말함 10줄(11%),,,흔한 대상
character,auto,2,sub:랩칠리언_05,61,sub:랩칠리언_06,0,sub:랩칠리언_05,sub:랩칠리언_06,28,29,,,,person:랩칠리언,11,기록 2 · 말함 2줄(2%) · 이름 5줄,기록 6 · 말함 46줄(48%) · 이름 8줄,,,
character,auto,1,sub:랩칠리언_05,65,sub:랩칠리언_06,12,sub:랩칠리언_05,sub:랩칠리언_06,28,29,,,,person:아니스,119,말함 11줄(12%),말함 13줄(14%),,,흔한 대상
keyword,auto,1,sub:랩칠리언_05,87,sub:랩칠리언_06,31,sub:랩칠리언_05,sub:랩칠리언_06,28,29,,,,concept:랩쳐,142,기록 1 · 이름 7줄,기록 2 · 이름 11줄,,,흔한 대상
keyword,auto,2,sub:랩칠리언_05,24,relic:통화기록028594_00,0,sub:랩칠리언_05,relic:통화기록028594,28,38,,,,org:미실리스,32,기록 2 · 이름 1줄,기록 4 · 이름 3줄,,,
keyword,auto,1,sub:랩칠리언_05,69,d_main_07_03,6,sub:랩칠리언_05,ch07,28,42,,,,place:방주,171,기록 2 · 이름 4줄,기록 3 · 이름 9줄,,,흔한 대상
character,auto,2,sub:랩칠리언_05,83,d_main_08_01,0,sub:랩칠리언_05,ch08,28,50,,,,person:슈엔,30,기록 5 · 말함 60줄(67%) · 이름 4줄,기록 2 · 말함 46줄(15%),,,
character,auto,1,sub:랩칠리언_06,84,sub:할아범_00,23,sub:랩칠리언_06,sub:할아범_00,29,30,,,,person:라피,85,말함 10줄(11%),말함 5줄(11%),,,흔한 대상
character,auto,1,sub:랩칠리언_06,83,sub:할아범_00,21,sub:랩칠리언_06,sub:할아범_00,29,30,,,,person:아니스,119,말함 13줄(14%),말함 6줄(14%),,,흔한 대상
keyword,auto,1,sub:랩칠리언_06,70,sub:저스틴_00,8,sub:랩칠리언_06,sub:저스틴_00,29,40,,,,concept:니케,186,기록 1 · 이름 5줄,기록 2 · 이름 8줄,,,흔한 대상
keyword,auto,1,sub:랩칠리언_06,132,d_main_07_02,16,sub:랩칠리언_06,ch07,29,42,,,,concept:랩쳐,142,기록 2 · 이름 11줄,이름 6줄,,,흔한 대상
callback,record,3,sub:랩칠리언_06,,d_main_14_07,,sub:랩칠리언_06,ch14,29,80,F171-2,드러냄,F171,,,,,확실,확정,
character,auto,2,sub:랩칠리언_06,87,d_main_14_06,22,sub:랩칠리언_06,ch14,29,80,,,,person:D,9,기록 2 · 말함 7줄(7%),기록 2 · 말함 7줄(1%) · 이름 2줄,,,
character,auto,2,sub:랩칠리언_06,89,d_main_14_06,22,sub:랩칠리언_06,ch14,29,80,,,,person:K,8,기록 2 · 말함 10줄(11%),기록 3 · 말함 25줄(3%) · 이름 4줄,,,
keyword,auto,2,sub:랩칠리언_06,129,d_main_21_01_s,13,sub:랩칠리언_06,ch21,29,191,,,,concept:마더_웨일,6,기록 2 · 이름 5줄,기록 3 · 이름 49줄,,,
setup_payoff,record,3,sub:랩칠리언_06,,d_main_26af_01,,sub:랩칠리언_06,ch27,29,267,E37,암시,F1284,,,,,확실,확정,
character,auto,2,sub:랩칠리언_06,123,d_main_26af_01,38,sub:랩칠리언_06,ch27,29,267,,,,person:랩칠리언,11,기록 6 · 말함 46줄(48%) · 이름 8줄,기록 7 · 말함 67줄(5%) · 이름 5줄,,,
callback,record,3,sub:랩칠리언_06,,relic:정갈하게쓴기록_00,,sub:랩칠리언_06,relic:정갈하게쓴기록,29,397,E812,재언급,F173,,,,,확실,확정,
callback,record,3,sub:랩칠리언_06,,event_staranis2_05_s,,sub:랩칠리언_06,event_staranis1,29,454,E1161,재언급,F171,,,,,확실,확정,
callback,record,2,sub:랩칠리언_06,,fl:project_matis_14,,sub:랩칠리언_06,fl:project_matis,29,467,E1193,재언급,F171,,,,,추정,확정,
character,auto,1,sub:할아범_00,35,sub:고스트_00,32,sub:할아범_00,sub:고스트_00,30,32,,,,person:라피,85,말함 5줄(11%),말함 6줄(11%),,,흔한 대상
character,auto,1,sub:할아범_00,31,sub:고스트_00,36,sub:할아범_00,sub:고스트_00,30,32,,,,person:아니스,119,말함 6줄(14%),말함 7줄(13%),,,흔한 대상
sequel,auto,3,sub:할아범_00,,sub:할아범_01,,sub:할아범_00,sub:할아범_01,30,201,,,,,,,,,,서브퀘스트 다음 편
callback,record,3,sub:할아범_00,,sub:할아범_01,,sub:할아범_00,sub:할아범_01,30,201,E178,재언급,F176,,,,,확실,확정,
character,auto,2,sub:할아범_00,50,sub:할아범_01,0,sub:할아범_00,sub:할아범_01,30,201,,,,person:할아범,2,기록 3 · 말함 29줄(66%) · 이름 3줄,기록 3 · 말함 63줄(61%) · 이름 3줄,,,
setup_payoff,record,3,relic:갓데스스쿼드리포트_00,,ep:d_nikke_rapunzel_04,,relic:갓데스스쿼드리포트,char:221,31,102,Q33-2,회수,Q33,,,,,확실,확정,일부 · 답 F494
keyword,auto,2,relic:갓데스스쿼드리포트_04,0,ep:d_nikke_rapunzel_04,56,relic:갓데스스쿼드리포트,char:221,31,102,,,,org:갓데스,30,기록 6,기록 2 · 이름 1줄,,,
setup_payoff,record,3,relic:갓데스스쿼드리포트_00,,event_overzone1_01_e,,relic:갓데스스쿼드리포트,event_overzone,31,203,Q33-3,회수,Q33,,,,,확실,확정,전부 · 답 F909
keyword,auto,2,relic:갓데스스쿼드리포트_04,0,event_overzone1_01_e,29,relic:갓데스스쿼드리포트,event_overzone,31,203,,,,incident:아크_가디언_작전,7,기록 2 · 이름 1줄,기록 1 · 이름 6줄,,,
setup_payoff,record,3,relic:갓데스스쿼드리포트_02,,event_redash1_01_e,,relic:갓데스스쿼드리포트,event_redash,31,248,E38,암시,F1142,,,,,확실,확정,
setup_payoff,record,3,relic:갓데스스쿼드리포트_03,,event_redash1_04_s,,relic:갓데스스쿼드리포트,event_redash,31,248,E39,암시,F1148,,,,,확실,확정,
character,auto,1,sub:고스트_00,48,sub:시리얼_00,28,sub:고스트_00,sub:시리얼_00,32,33,,,,person:아니스,119,말함 7줄(13%),말함 14줄(22%),,,흔한 대상
character,auto,1,sub:고스트_00,46,sub:저스틴_00,35,sub:고스트_00,sub:저스틴_00,32,40,,,,person:라피,85,말함 6줄(11%),말함 6줄(10%),,,흔한 대상
sequel,auto,3,sub:시리얼_00,,sub:시리얼_01,,sub:시리얼_00,sub:시리얼_01,33,34,,,,,,,,,,서브퀘스트 다음 편
character,auto,2,sub:시리얼_00,69,sub:시리얼_01,0,sub:시리얼_00,sub:시리얼_01,33,34,,,,person:시리얼,2,기록 2 · 말함 43줄(67%) · 이름 3줄,기록 3 · 말함 49줄(78%) · 이름 2줄,,,
character,auto,1,sub:시리얼_00,48,sub:산해진미_00,32,sub:시리얼_00,sub:산해진미_00,33,35,,,,person:아니스,119,말함 14줄(22%),말함 17줄(23%),,,흔한 대상
keyword,auto,1,sub:시리얼_01,62,d_main_07af_03,4,sub:시리얼_01,ch07,34,42,,,,org:중앙_정부,67,기록 2 · 이름 2줄,기록 3 · 이름 16줄,,,흔한 대상
keyword,auto,2,sub:시리얼_01,52,ep:d_nikke_anis_03,6,sub:시리얼_01,char:12,34,123,,,,place:갱생관,7,기록 2 · 이름 2줄,기록 2 · 이름 2줄,,,
sequel,auto,3,sub:산해진미_00,,sub:산해진미_01,,sub:산해진미_00,sub:산해진미_01,35,36,,,,,,,,,,서브퀘스트 다음 편
character,auto,2,sub:산해진미_00,83,sub:산해진미_01,0,sub:산해진미_00,sub:산해진미_01,35,36,,,,person:산해진미,2,기록 2 · 말함 44줄(59%) · 이름 3줄,기록 1 · 말함 59줄(69%) · 이름 3줄,,,
character,auto,1,sub:산해진미_00,66,sub:산해진미_01,35,sub:산해진미_00,sub:산해진미_01,35,36,,,,person:아니스,119,말함 17줄(23%),말함 11줄(13%),,,흔한 대상
keyword,auto,1,sub:산해진미_00,89,sub:산해진미_01,14,sub:산해진미_00,sub:산해진미_01,35,36,,,,place:지상,132,기록 1 · 이름 9줄,이름 5줄,,,흔한 대상
character,auto,1,sub:산해진미_01,64,d_main_07_06_s,80,sub:산해진미_01,ch07,36,42,,,,person:아니스,119,말함 11줄(13%),말함 47줄(12%) · 이름 1줄,,,흔한 대상
keyword,auto,1,sub:산해진미_01,98,d_main_07_04,10,sub:산해진미_01,ch07,36,42,,,,place:지상,132,이름 5줄,이름 7줄,,,흔한 대상
character,auto,1,sub:산해진미_01,63,sub:중앙_정부_공식__01,35,sub:산해진미_01,sub:중앙_정부_공식__01,36,43,,,,person:네온,55,말함 13줄(15%),말함 5줄(22%),,,흔한 대상
keyword,auto,2,sub:산해진미_01,83,ep:d_nikke_miranda_01,33,sub:산해진미_01,char:32,36,110,,,,org:A.C.P.U.,9,기록 2 · 이름 2줄,기록 3 · 이름 13줄,,,
keyword,auto,2,relic:니케실험대상자모집_02,3,relic:니케실험반대피켓_00,0,relic:니케실험대상자모집,relic:니케실험반대피켓,37,41,,,,org:3대_기업,6,기록 3 · 이름 3줄,기록 3 · 이름 2줄,,,
setup_payoff,record,2,relic:니케실험대상자모집_02,,ep:d_nikke_alice_04,,relic:니케실험대상자모집,char:191,37,126,E46,암시,F604,,,,,추정,확정,
setup_payoff,record,2,relic:니케실험대상자모집_01,,sub:중앙_정부_공식__02,,relic:니케실험대상자모집,sub:중앙_정부_공식__02,37,154,E45,암시,F711,,,,,추정,확정,
setup_payoff,record,2,relic:니케실험대상자모집_02,,d_main_48_05,,relic:니케실험대상자모집,ch48,37,472,E46,암시,Q63,,,,,추정,확정,
setup_payoff,record,2,relic:통화기록028594_02,,relic:니케실험반대피켓_02,,relic:통화기록028594,relic:니케실험반대피켓,38,41,E47,암시,F202,,,,,추정,확정,
callback,record,2,relic:통화기록028594_02,,relic:니케실험반대피켓_01,,relic:통화기록028594,relic:니케실험반대피켓,38,41,E52,재언급,Q35,,,,,추정,확정,
keyword,auto,2,relic:통화기록028594_02,1,sub:미실리스_연구팀_00,0,relic:통화기록028594,sub:미실리스_연구팀_00,38,57,,,,org:미실리스,32,기록 4 · 이름 3줄,기록 2 · 이름 5줄,,,
sequel,auto,3,sub:세르반_01,,sub:세르반_02,,sub:세르반_01,sub:세르반_02,39,44,,,,,,,,,,서브퀘스트 다음 편
callback,record,3,sub:세르반_01,,sub:세르반_02,,sub:세르반_01,sub:세르반_02,39,44,E59,재언급,F195,,,,,확실,확정,
character,auto,2,sub:세르반_01,108,sub:세르반_02,0,sub:세르반_01,sub:세르반_02,39,44,,,,person:세르반,4,기록 7 · 말함 83줄(90%) · 이름 3줄,기록 4 · 말함 45줄(75%) · 이름 2줄,,,
setup_payoff,record,3,sub:세르반_01,,sub:세르반_03,,sub:세르반_01,sub:세르반_03,39,77,E51,암시,F349,,,,,확실,확정,
callback,record,3,sub:세르반_01,,d_main_44_af_02,,sub:세르반_01,ch44,39,436,E1025,재언급,F196,,,,,확실,확정,
keyword,auto,1,sub:저스틴_00,63,relic:니케실험반대피켓_00,0,sub:저스틴_00,relic:니케실험반대피켓,40,41,,,,concept:니케,186,기록 2 · 이름 8줄,기록 2 · 이름 4줄,,,흔한 대상
character,auto,1,sub:저스틴_00,49,d_main_07_06_s,78,sub:저스틴_00,ch07,40,42,,,,person:라피,85,말함 6줄(10%),기록 1 · 말함 49줄(13%) · 이름 1줄,,,흔한 대상
keyword,auto,2,sub:저스틴_00,71,d_main_09af_05,44,sub:저스틴_00,ch09,40,55,,,,place:아우터_림,43,기록 2 · 이름 1줄,기록 2 · 이름 2줄,,,
keyword,auto,2,sub:저스틴_00,70,ep:d_nikke_epinel_01,63,sub:저스틴_00,char:241,40,129,,,,place:리페어_센터,5,기록 2 · 이름 6줄,기록 1 · 이름 5줄,,,
keyword,auto,1,relic:니케실험반대피켓_02,4,d_main_07_03,18,relic:니케실험반대피켓,ch07,41,42,,,,concept:니케,186,기록 2 · 이름 4줄,이름 7줄,,,흔한 대상
keyword,auto,2,relic:니케실험반대피켓_02,3,ep:d_nikke_maiden_01,0,relic:니케실험반대피켓,char:181,41,109,,,,concept:양산형_니케,26,기록 2 · 이름 1줄,기록 2 · 이름 8줄,,,
keyword,auto,2,relic:니케실험반대피켓_01,1,ep:d_nikke_anis_01,74,relic:니케실험반대피켓,char:12,41,123,,,,org:3대_기업,6,기록 3 · 이름 2줄,기록 2 · 이름 4줄,,,
character,auto,1,d_main_07af_05,15,sub:중앙_정부_공식__01,38,ch07,sub:중앙_정부_공식__01,42,43,,,,person:라피,85,기록 1 · 말함 49줄(13%) · 이름 1줄,말함 8줄(35%),,,흔한 대상
character,auto,1,d_main_07af_05,10,sub:중앙_정부_공식__01,34,ch07,sub:중앙_정부_공식__01,42,43,,,,person:아니스,119,말함 47줄(12%) · 이름 1줄,말함 10줄(43%) · 이름 2줄,,,흔한 대상
keyword,auto,1,d_main_07af_04,40,sub:중앙_정부_공식__01,0,ch07,sub:중앙_정부_공식__01,42,43,,,,org:중앙_정부,67,기록 3 · 이름 16줄,기록 2 · 이름 6줄,,,흔한 대상
keyword,auto,1,d_main_07af_05,9,sub:중앙_정부_공식__01,6,ch07,sub:중앙_정부_공식__01,42,43,,,,place:지상,132,이름 7줄,기록 2 · 이름 3줄,,,흔한 대상
keyword,auto,1,d_main_07af_03,27,sub:스페이드_00,19,ch07,sub:스페이드_00,42,45,,,,concept:니케,186,이름 7줄,기록 3 · 이름 10줄,,,흔한 대상
keyword,auto,1,d_main_07_03,18,sub:스페이드_00,17,ch07,sub:스페이드_00,42,45,,,,concept:랩쳐,142,이름 6줄,이름 7줄,,,흔한 대상
keyword,auto,1,d_main_07af_03,24,d_ex_elevator_01,11,ch07,d_ex_elevator_01,42,49,,,,place:방주,171,기록 3 · 이름 9줄,기록 1 · 이름 9줄,,,흔한 대상
sequel,auto,3,d_main_07af_05,,d_main_08_01,,ch07,ch08,42,50,,,,,,,,,,다음 챕터
character,auto,2,d_main_07af_05,17,d_main_08_02,5,ch07,ch08,42,50,,,,person:엑시아,12,기록 2 · 말함 5줄(1%) · 이름 3줄,기록 3 · 말함 52줄(17%) · 이름 1줄,,,
keyword,auto,2,d_main_07af_04,38,d_main_08_01,3,ch07,ch08,42,50,,,,org:카운터스,32,기록 4 · 이름 2줄,기록 2 · 이름 1줄,,,
setup_payoff,record,3,d_main_07af_02,,d_main_09_02_e,,ch07,ch09,42,55,Q38-2,회수,Q38,,,,,확실,확정,일부 · 답 F249
keyword,auto,2,d_main_07af_05,11,d_main_10_02,0,ch07,ch10,42,62,,,,concept:헬레틱,40,기록 2 · 이름 19줄,기록 2 · 이름 8줄,,,
character,auto,2,d_main_07af_04,0,d_main_12af_03,39,ch07,ch12,42,73,,,,person:모더니아,6,기록 6 · 말함 49줄(13%) · 이름 8줄,기록 2 · 이름 6줄,,,
setup_payoff,record,2,d_main_07_06_e,,d_main_13_08_e,,ch07,ch13,42,76,E54,암시,F334,,,,,추정,확정,
callback,record,3,d_main_07_06_e,,d_main_13_08_s,,ch07,ch13,42,76,E87,재언급,F210,,,,,확실,확정,
character,auto,2,d_main_07af_04,22,d_main_13_03,16,ch07,ch13,42,76,,,,person:마리안,20,기록 6 · 말함 7줄(2%) · 이름 10줄,기록 16 · 말함 28줄(4%) · 이름 35줄,,,
character,auto,2,d_main_07af_03,6,d_main_13_06_s,1,ch07,ch13,42,76,,,,person:토커티브,15,기록 2 · 이름 6줄,기록 5 · 말함 20줄(3%) · 이름 13줄,,,
character,auto,2,d_main_07af_04,2,d_main_14_12,16,ch07,ch14,42,80,,,,person:스노우_화이트,26,기록 10 · 말함 127줄(34%) · 이름 20줄,기록 3 · 말함 20줄(3%) · 이름 3줄,,,
keyword,auto,2,d_main_07af_05,12,d_main_14_12,16,ch07,ch14,42,80,,,,org:필그림,21,기록 4 · 이름 13줄,기록 2 · 이름 8줄,,,
setup_payoff,record,2,d_main_07_02,,ep:d_nikke_rapunzel_04,,ch07,char:221,42,102,E57,암시,F494,,,,,추정,확정,
callback,record,3,d_main_07_06_s,,ep:d_nikke_maxwell_01,,ch07,char:102,42,107,E1262,재언급,F208,,,,,확실,확정,
setup_payoff,record,3,d_main_07af_02,,d_main_17_08,,ch07,ch17,42,148,Q38-3,회수,Q38,,,,,확실,확정,전부 · 답 F682
setup_payoff,record,3,d_main_07_06_e,,d_main_19af_01,,ch07,ch19,42,165,Q39-2,회수,Q39,,,,,확실,확정,전부 · 답 F754
callback,record,3,d_main_07_02,,event_overzone2_epilogue,,ch07,event_overzone,42,203,E207,재언급,F203,,,,,확실,확정,
callback,record,3,d_main_07_06_e,,event_lastkingdom2_04_e,,ch07,event_lastkingdom1,42,295,E409,재언급,F210,,,,,확실,확정,
setup_payoff,record,2,d_main_07_06_e,,event_goddessfall1_06_e,,ch07,event_goddessfall1,42,418,E55,암시,Q68,,,,,추정,확정,
setup_payoff,record,2,d_main_07_06_e,,d_main_46_af_06,,ch07,ch46,42,452,E58,암시,F2649,,,,,추정,확정,
character,auto,1,sub:중앙_정부_공식__01,61,sub:세르반_02,42,sub:중앙_정부_공식__01,sub:세르반_02,43,44,,,,person:아니스,119,말함 10줄(43%) · 이름 2줄,말함 11줄(18%),,,흔한 대상
keyword,auto,1,sub:중앙_정부_공식__01,36,sub:세르반_02,9,sub:중앙_정부_공식__01,sub:세르반_02,43,44,,,,place:지상,132,기록 2 · 이름 3줄,이름 5줄,,,흔한 대상
character,auto,1,sub:중앙_정부_공식__01,52,sub:스페이드_00,37,sub:중앙_정부_공식__01,sub:스페이드_00,43,45,,,,person:네온,55,말함 5줄(22%),말함 7줄(11%),,,흔한 대상
character,auto,1,sub:중앙_정부_공식__01,58,sub:러블리_드림_01,28,sub:중앙_정부_공식__01,sub:러블리_드림_01,43,47,,,,person:라피,85,말함 8줄(35%),기록 1 · 말함 8줄(11%) · 이름 2줄,,,흔한 대상
keyword,auto,1,sub:중앙_정부_공식__01,62,d_main_09_01,14,sub:중앙_정부_공식__01,ch09,43,55,,,,org:중앙_정부,67,기록 2 · 이름 6줄,기록 1 · 이름 36줄,,,흔한 대상
sequel,auto,3,sub:중앙_정부_공식__01,,sub:중앙_정부_공식__02,,sub:중앙_정부_공식__01,sub:중앙_정부_공식__02,43,154,,,,,,,,,,서브퀘스트 다음 편
setup_payoff,record,3,sub:중앙_정부_공식__01,,sub:중앙_정부_공식__02,,sub:중앙_정부_공식__01,sub:중앙_정부_공식__02,43,154,Q40-2,회수,Q40,,,,,확실,확정,일부 · 답 F710
character,auto,2,sub:중앙_정부_공식__01,69,sub:중앙_정부_공식__02,4,sub:중앙_정부_공식__01,sub:중앙_정부_공식__02,43,154,,,,person:제인_밀러,3,기록 3 · 이름 1줄,기록 2 · 말함 11줄(20%) · 이름 7줄,,,
character,auto,1,sub:세르반_02,58,sub:스페이드_00,32,sub:세르반_02,sub:스페이드_00,44,45,,,,person:아니스,119,말함 11줄(18%),말함 8줄(12%),,,흔한 대상
keyword,auto,1,sub:세르반_02,63,sub:스페이드_00,6,sub:세르반_02,sub:스페이드_00,44,45,,,,place:지상,132,이름 5줄,기록 2 · 이름 2줄,,,흔한 대상
sequel,auto,3,sub:세르반_02,,sub:세르반_03,,sub:세르반_02,sub:세르반_03,44,77,,,,,,,,,,서브퀘스트 다음 편
setup_payoff,record,2,sub:세르반_02,,sub:세르반_03,,sub:세르반_02,sub:세르반_03,44,77,E60,암시,F351,,,,,추정,확정,
setup_payoff,record,3,sub:세르반_02,,sub:세르반_03,,sub:세르반_02,sub:세르반_03,44,77,Q41-2,회수,Q41,,,,,확실,확정,전부 · 답 F351
character,auto,2,sub:세르반_02,67,sub:세르반_03,1,sub:세르반_02,sub:세르반_03,44,77,,,,person:세르반,4,기록 4 · 말함 45줄(75%) · 이름 2줄,기록 6 · 말함 68줄(67%) · 이름 3줄,,,
keyword,auto,2,sub:세르반_02,59,ep:d_nikke_ludmilla_03,79,sub:세르반_02,char:190,44,104,,,,concept:로열,7,기록 3 · 이름 1줄,기록 3 · 이름 11줄,,,
keyword,auto,1,sub:스페이드_00,74,sub:러블리_드림_00,29,sub:스페이드_00,sub:러블리_드림_00,45,46,,,,concept:니케,186,기록 3 · 이름 10줄,기록 1 · 이름 8줄,,,흔한 대상
keyword,auto,1,sub:스페이드_00,34,sub:러블리_드림_00,23,sub:스페이드_00,sub:러블리_드림_00,45,46,,,,place:지상,132,기록 2 · 이름 2줄,이름 8줄,,,흔한 대상
character,auto,1,sub:스페이드_00,55,sub:러블리_드림_01,40,sub:스페이드_00,sub:러블리_드림_01,45,47,,,,person:아니스,119,말함 8줄(12%),말함 10줄(14%) · 이름 2줄,,,흔한 대상
character,auto,1,sub:스페이드_00,49,d_ex_elevator_01,1,sub:스페이드_00,d_ex_elevator_01,45,49,,,,person:네온,55,말함 7줄(11%),기록 1 · 말함 24줄(30%) · 이름 1줄,,,흔한 대상
keyword,auto,1,sub:스페이드_00,55,relic:UFO챈.zip_00,0,sub:스페이드_00,relic:UFO챈.zip,45,54,,,,concept:랩쳐,142,이름 7줄,기록 4 · 이름 4줄,,,흔한 대상
sequel,auto,3,sub:러블리_드림_00,,sub:러블리_드림_01,,sub:러블리_드림_00,sub:러블리_드림_01,46,47,,,,,,,,,,서브퀘스트 다음 편
character,auto,2,sub:러블리_드림_00,149,sub:러블리_드림_01,0,sub:러블리_드림_00,sub:러블리_드림_01,46,47,,,,person:러블리_드림☆,2,기록 3 · 말함 105줄(84%) · 이름 3줄,기록 1 · 말함 49줄(69%) · 이름 3줄,,,
keyword,auto,1,sub:러블리_드림_00,132,d_ex_elevator_01,11,sub:러블리_드림_00,d_ex_elevator_01,46,49,,,,concept:니케,186,기록 1 · 이름 8줄,기록 3 · 이름 8줄,,,흔한 대상
keyword,auto,1,sub:러블리_드림_00,129,d_ex_elevator_01,22,sub:러블리_드림_00,d_ex_elevator_01,46,49,,,,place:지상,132,이름 8줄,이름 5줄,,,흔한 대상
character,auto,2,sub:러블리_드림_00,138,ep:d_nikke_mary_01,74,sub:러블리_드림_00,char:130,46,108,,,,person:머스탱,27,기록 2 · 이름 3줄,기록 3 · 말함 13줄(3%) · 이름 3줄,,,
setup_payoff,record,2,sub:러블리_드림_00,,event_staranis2_02_s,,sub:러블리_드림_00,event_staranis1,46,454,E61,암시,F2690,,,,,추정,확정,
character,auto,1,sub:러블리_드림_01,72,d_ex_elevator_01,2,sub:러블리_드림_01,d_ex_elevator_01,47,49,,,,person:라피,85,기록 1 · 말함 8줄(11%) · 이름 2줄,말함 21줄(27%) · 이름 1줄,,,흔한 대상
character,auto,1,sub:러블리_드림_01,71,d_ex_elevator_01,0,sub:러블리_드림_01,d_ex_elevator_01,47,49,,,,person:아니스,119,말함 10줄(14%) · 이름 2줄,말함 34줄(43%) · 이름 3줄,,,흔한 대상
setup_payoff,record,3,d_ex_elevator_01,,d_ex_elevator_01,,d_ex_elevator_01,d_ex_elevator_01,49,49,E62,암시,F233,,,,,확실,확정,
character,auto,1,d_ex_elevator_01,88,d_main_08_01,9,d_ex_elevator_01,ch08,49,50,,,,person:네온,55,기록 1 · 말함 24줄(30%) · 이름 1줄,말함 50줄(16%) · 이름 11줄,,,흔한 대상
character,auto,1,d_ex_elevator_01,89,d_main_08_02,25,d_ex_elevator_01,ch08,49,50,,,,person:라피,85,말함 21줄(27%) · 이름 1줄,기록 2 · 말함 31줄(10%) · 이름 4줄,,,흔한 대상
character,auto,1,d_ex_elevator_01,92,d_main_08_01,1,d_ex_elevator_01,ch08,49,50,,,,person:아니스,119,말함 34줄(43%) · 이름 3줄,기록 4 · 말함 81줄(26%) · 이름 13줄,,,흔한 대상
keyword,auto,1,d_ex_elevator_01,80,d_main_08_06,22,d_ex_elevator_01,ch08,49,50,,,,concept:니케,186,기록 3 · 이름 8줄,기록 2 · 이름 2줄,,,흔한 대상
keyword,auto,1,d_ex_elevator_01,39,sub:칠리페퍼_01,47,d_ex_elevator_01,sub:칠리페퍼_01,49,51,,,,place:지상,132,이름 5줄,이름 5줄,,,흔한 대상
keyword,auto,1,d_ex_elevator_01,45,d_main_09_02_e,13,d_ex_elevator_01,ch09,49,55,,,,place:방주,171,기록 1 · 이름 9줄,이름 10줄,,,흔한 대상
callback,record,3,d_ex_elevator_01,,event_footstepwalkrun1_01_e,,d_ex_elevator_01,event_footstepwalkrun1,49,350,F231-2,드러냄,F231,,,,,확실,확정,
callback,record,3,d_ex_elevator_01,,event_footstepwalkrun1_01_e,,d_ex_elevator_01,event_footstepwalkrun1,49,350,F232-2,드러냄,F232,,,,,확실,확정,
keyword,auto,2,d_ex_elevator_01,44,erelic:goddess_fall_mini_07,89,d_ex_elevator_01,erelic:goddess_fall_mini,49,419,,,,incident:갓데스_폴,2,기록 3 · 이름 1줄,이름 6줄,,,
character,auto,1,d_main_08_08,54,sub:든_셀_00,16,ch08,sub:든_셀_00,50,52,,,,person:아니스,119,기록 4 · 말함 81줄(26%) · 이름 13줄,말함 15줄(22%),,,흔한 대상
character,auto,2,d_main_08_08,28,sub:든_셀_00,47,ch08,sub:든_셀_00,50,52,,,,person:엑시아,12,기록 3 · 말함 52줄(17%) · 이름 1줄,기록 1 · 말함 35줄(51%) · 이름 1줄,,,
sequel,auto,3,d_main_08_08,,d_main_09_01,,ch08,ch09,50,55,,,,,,,,,,다음 챕터
setup_payoff,record,3,d_main_08_01,,d_main_09_06_s,,ch08,ch09,50,55,E63,암시,F248,,,,,확실,확정,
setup_payoff,record,2,d_main_08_06,,d_main_09_06_s,,ch08,ch09,50,55,E64,암시,F248,,,,,추정,확정,
setup_payoff,record,3,d_main_08_02,,d_main_09_06_s,,ch08,ch09,50,55,Q42-2,회수,Q42,,,,,확실,확정,전부 · 답 F248
reversal,record,3,d_main_08_01,,d_main_09_06_s,,ch08,ch09,50,55,F234-2,뒤집음,F234,,,,,확실,확정,답 F248
character,auto,1,d_main_08_08,56,d_main_09_01,15,ch08,ch09,50,55,,,,person:라피,85,기록 2 · 말함 31줄(10%) · 이름 4줄,기록 6 · 말함 88줄(16%) · 이름 7줄,,,흔한 대상
character,auto,2,d_main_08_08,23,d_main_09_01,1,ch08,ch09,50,55,,,,person:슈엔,30,기록 2 · 말함 46줄(15%),기록 8 · 말함 73줄(13%) · 이름 4줄,,,
character,auto,2,d_main_08_08,23,d_main_09_01,1,ch08,ch09,50,55,,,,person:시프티,18,기록 5 · 말함 47줄(15%) · 이름 4줄,기록 2 · 말함 32줄(6%) · 이름 14줄,,,
keyword,auto,1,d_main_08_06,23,d_main_09_01,16,ch08,ch09,50,55,,,,concept:니케,186,기록 2 · 이름 2줄,기록 3 · 이름 7줄,,,흔한 대상
keyword,auto,2,d_main_08_02,4,d_main_09_06_s,14,ch08,ch09,50,55,,,,org:카운터스,32,기록 2 · 이름 1줄,기록 2 · 이름 1줄,,,
character,auto,1,d_main_08_08,53,sub:미실리스_연구팀_00,42,ch08,sub:미실리스_연구팀_00,50,57,,,,person:네온,55,말함 50줄(16%) · 이름 11줄,말함 16줄(36%),,,흔한 대상
setup_payoff,record,3,d_main_08_08,,d_main_39_af_08,,ch08,ch39,50,396,Q43-2,회수,Q43,,,,,확실,확정,일부 · 답 F2066
setup_payoff,record,2,d_main_08_08,,side:pretty_star_02,,ch08,side:pretty_star,50,447,Q43-3,회수,Q43,,,,,추정,확정,일부 · 답 F2546
setup_payoff,record,3,d_main_08_08,,event_staranis2_02_s,,ch08,event_staranis1,50,454,Q43-4,회수,Q43,,,,,확실,확정,전부 · 답 F2690
keyword,auto,1,sub:칠리페퍼_01,64,sub:테디_00,11,sub:칠리페퍼_01,sub:테디_00,51,56,,,,place:지상,132,이름 5줄,이름 7줄,,,흔한 대상
keyword,auto,2,sub:칠리페퍼_01,62,d_main_14_12,0,sub:칠리페퍼_01,ch14,51,80,,,,place:전초기지,13,기록 3 · 이름 5줄,기록 2 · 이름 3줄,,,
sequel,auto,3,sub:칠리페퍼_01,,sub:칠리페퍼_02,,sub:칠리페퍼_01,sub:칠리페퍼_02,51,81,,,,,,,,,,서브퀘스트 다음 편
setup_payoff,record,2,sub:칠리페퍼_01,,sub:칠리페퍼_02,,sub:칠리페퍼_01,sub:칠리페퍼_02,51,81,E65,암시,F380,,,,,추정,확정,
setup_payoff,record,3,sub:칠리페퍼_01,,sub:칠리페퍼_02,,sub:칠리페퍼_01,sub:칠리페퍼_02,51,81,Q44-2,회수,Q44,,,,,확실,확정,전부 · 답 F380
character,auto,2,sub:칠리페퍼_01,80,sub:칠리페퍼_02,0,sub:칠리페퍼_01,sub:칠리페퍼_02,51,81,,,,person:칠리페퍼,3,기록 5 · 말함 58줄(83%) · 이름 3줄,기록 2 · 말함 60줄(68%) · 이름 3줄,,,
character,auto,1,sub:든_셀_00,48,d_main_09_01,13,sub:든_셀_00,ch09,52,55,,,,person:아니스,119,말함 15줄(22%),말함 69줄(13%) · 이름 3줄,,,흔한 대상
character,auto,2,sub:든_셀_00,88,d_main_09_01,0,sub:든_셀_00,ch09,52,55,,,,person:엑시아,12,기록 1 · 말함 35줄(51%) · 이름 1줄,기록 7 · 말함 89줄(16%) · 이름 32줄,,,
keyword,auto,2,sub:든_셀_00,74,d_main_15_07_s,39,sub:든_셀_00,ch15,52,85,,,,concept:에블라_입자,9,기록 2 · 이름 2줄,기록 2 · 이름 1줄,,,
keyword,auto,1,relic:UFO챈.zip_02,1,d_main_09_01,2,relic:UFO챈.zip,ch09,54,55,,,,concept:랩쳐,142,기록 4 · 이름 4줄,이름 7줄,,,흔한 대상
setup_payoff,record,3,relic:UFO챈.zip_00,,ep:d_nikke_rapunzel_04,,relic:UFO챈.zip,char:221,54,102,Q46-2,회수,Q46,,,,,확실,확정,일부 · 답 F493
setup_payoff,record,3,relic:UFO챈.zip_00,,event_redash1_01_e,,relic:UFO챈.zip,event_redash,54,248,Q46-3,회수,Q46,,,,,확실,확정,일부 · 답 F1140
keyword,auto,2,relic:UFO챈.zip_00,0,event_redash1_01_s,47,relic:UFO챈.zip,event_redash,54,248,,,,place:궤도_엘리베이터,11,기록 2 · 이름 1줄,기록 3 · 이름 17줄,,,
callback,record,2,relic:UFO챈.zip_00,,ep:d_nikke_snowwhite_young_02,,relic:UFO챈.zip,char:224,54,252,E1338,재언급,Q46,,,,,추정,확정,
setup_payoff,record,3,relic:UFO챈.zip_00,,d_main_35bf_03,,relic:UFO챈.zip,ch35,54,358,Q46-4,회수,Q46,,,,,확실,확정,일부 · 답 F1792
setup_payoff,record,3,d_main_09_01,,d_main_09_06_s,,ch09,ch09,55,55,E66,암시,F248,,,,,확실,확정,
setup_payoff,record,2,d_main_09_02_e,,d_main_09af_02,,ch09,ch09,55,55,E67,암시,F254,,,,,추정,확정,
setup_payoff,record,3,d_main_09_04,,d_main_09_06_s,,ch09,ch09,55,55,E68,암시,F251,,,,,확실,확정,
character,auto,1,d_main_09af_06,20,sub:테디_00,33,ch09,sub:테디_00,55,56,,,,person:아니스,119,말함 69줄(13%) · 이름 3줄,말함 13줄(13%),,,흔한 대상
keyword,auto,1,d_main_09af_05,45,sub:테디_00,16,ch09,sub:테디_00,55,56,,,,concept:니케,186,기록 3 · 이름 7줄,기록 2 · 이름 7줄,,,흔한 대상
character,auto,1,d_main_09af_06,40,sub:미실리스_연구팀_00,54,ch09,sub:미실리스_연구팀_00,55,57,,,,person:라피,85,기록 6 · 말함 88줄(16%) · 이름 7줄,말함 6줄(14%),,,흔한 대상
keyword,auto,1,d_main_09_06_s,63,sub:미실리스_연구팀_01,39,ch09,sub:미실리스_연구팀_01,55,58,,,,concept:랩쳐,142,이름 7줄,기록 1 · 이름 6줄,,,흔한 대상
sequel,auto,3,d_main_09af_06,,d_main_10_01,,ch09,ch10,55,62,,,,,,,,,,다음 챕터
callback,record,3,d_main_09af_06,,d_main_10_01,,ch09,ch10,55,62,E71,재언급,F259,,,,,확실,확정,
character,auto,2,d_main_09_06_s,40,d_main_10_01,6,ch09,ch10,55,62,,,,person:시프티,18,기록 2 · 말함 32줄(6%) · 이름 14줄,기록 1 · 말함 37줄(11%) · 이름 1줄,,,
keyword,auto,2,d_main_09af_06,44,d_main_10_01,15,ch09,ch10,55,62,,,,org:앱솔루트,15,기록 2 · 이름 2줄,기록 6 · 이름 8줄,,,
keyword,auto,1,d_main_09af_05,75,sub:코리_00,12,ch09,sub:코리_00,55,63,,,,place:방주,171,이름 10줄,기록 2 · 이름 1줄,,,흔한 대상
setup_payoff,record,3,d_main_09af_06,,d_main_11_04,,ch09,ch11,55,68,E70,암시,F291,,,,,확실,확정,
character,auto,2,d_main_09af_05,73,d_main_11_01,12,ch09,ch11,55,68,,,,person:슈엔,30,기록 8 · 말함 73줄(13%) · 이름 4줄,기록 4 · 말함 14줄(4%) · 이름 5줄,,,
character,auto,2,d_main_09af_06,53,d_main_11_04,9,ch09,ch11,55,68,,,,person:잉그리드,37,기록 5 · 말함 26줄(5%) · 이름 1줄,기록 3 · 말함 17줄(5%) · 이름 1줄,,,
character,auto,2,d_main_09af_06,51,d_main_12_07_e,7,ch09,ch12,55,73,,,,person:엔더슨,32,기록 2 · 말함 30줄(5%) · 이름 3줄,기록 2 · 말함 45줄(7%) · 이름 3줄,,,
keyword,auto,2,d_main_09af_06,24,d_main_12_07_s,38,ch09,ch12,55,73,,,,concept:기억_소거,9,이름 5줄,이름 5줄,,,
keyword,auto,2,d_main_09af_06,32,d_main_12af_01,27,ch09,ch12,55,73,,,,concept:언체인드,25,기록 6 · 이름 13줄,기록 2 · 이름 10줄,,,
callback,record,3,d_main_09_06_s,,d_main_13_02,,ch09,ch13,55,76,E85,재언급,F248,,,,,확실,확정,
keyword,auto,2,d_main_09af_06,42,d_main_13_04,12,ch09,ch13,55,76,,,,org:카운터스,32,기록 2 · 이름 1줄,기록 4 · 이름 2줄,,,
setup_payoff,record,3,d_main_09af_02,,d_main_14_11,,ch09,ch14,55,80,Q49-2,회수,Q49,,,,,확실,확정,전부 · 답 F369
character,auto,2,d_main_09af_01,48,d_main_14_04,0,ch09,ch14,55,80,,,,person:프리바티,11,기록 2 · 말함 21줄(4%) · 이름 2줄,기록 3 · 말함 77줄(10%) · 이름 6줄,,,
keyword,auto,1,d_main_09af_05,30,d_main_14_04,32,ch09,ch14,55,80,,,,org:중앙_정부,67,기록 1 · 이름 36줄,기록 3 · 이름 15줄,,,흔한 대상
keyword,auto,2,d_main_09af_01,50,d_main_14_03,51,ch09,ch14,55,80,,,,org:트라이앵글,7,기록 3 · 이름 3줄,기록 3 · 이름 6줄,,,
callback,record,3,d_main_09_02_e,,d_main_15af_05,,ch09,ch15,55,85,E101,재언급,F249,,,,,확실,확정,
keyword,auto,2,d_main_09af_05,45,d_main_16_01,16,ch09,ch16,55,87,,,,place:아우터_림,43,기록 2 · 이름 2줄,기록 3 · 이름 6줄,,,
character,auto,2,d_main_09af_05,87,ep:d_nikke_novel_01,2,ch09,char:212,55,95,,,,person:노벨,3,기록 2 · 말함 56줄(10%) · 이름 8줄,기록 2 · 말함 247줄(60%) · 이름 20줄,,,
character,auto,2,d_main_09af_05,90,ep:d_nikke_novel_01,29,ch09,char:212,55,95,,,,person:엑시아,12,기록 7 · 말함 89줄(16%) · 이름 32줄,말함 71줄(17%) · 이름 19줄,,,
keyword,auto,2,d_main_09af_05,62,d_main_26af_02,21,ch09,ch27,55,267,,,,concept:특수_별동대,5,기록 1 · 이름 6줄,기록 3 · 이름 10줄,,,
callback,record,3,d_main_09af_04,,d_main_33_02_s,,ch09,ch33,55,334,E477,재언급,F255,,,,,확실,확정,
character,auto,1,sub:테디_00,100,sub:미실리스_연구팀_00,44,sub:테디_00,sub:미실리스_연구팀_00,56,57,,,,person:아니스,119,말함 13줄(13%),말함 18줄(41%) · 이름 3줄,,,흔한 대상
keyword,auto,1,sub:테디_00,113,sub:미실리스_연구팀_01,12,sub:테디_00,sub:미실리스_연구팀_01,56,58,,,,concept:니케,186,기록 2 · 이름 7줄,기록 3 · 이름 5줄,,,흔한 대상
keyword,auto,1,sub:테디_00,114,sub:미실리스_연구팀_01,19,sub:테디_00,sub:미실리스_연구팀_01,56,58,,,,place:지상,132,이름 7줄,이름 5줄,,,흔한 대상
sequel,auto,3,sub:미실리스_연구팀_00,,sub:미실리스_연구팀_01,,sub:미실리스_연구팀_00,sub:미실리스_연구팀_01,57,58,,,,,,,,,,서브퀘스트 다음 편
character,auto,1,sub:미실리스_연구팀_00,87,sub:미실리스_연구팀_01,38,sub:미실리스_연구팀_00,sub:미실리스_연구팀_01,57,58,,,,person:네온,55,말함 16줄(36%),말함 22줄(27%),,,흔한 대상
character,auto,1,sub:미실리스_연구팀_00,88,sub:미실리스_연구팀_01,35,sub:미실리스_연구팀_00,sub:미실리스_연구팀_01,57,58,,,,person:라피,85,말함 6줄(14%),기록 1 · 말함 22줄(27%) · 이름 1줄,,,흔한 대상
character,auto,2,sub:미실리스_연구팀_00,85,sub:미실리스_연구팀_01,37,sub:미실리스_연구팀_00,sub:미실리스_연구팀_01,57,58,,,,person:볼트_MK.II,4,기록 2 · 말함 4줄(9%),기록 2 · 말함 8줄(10%),,,
character,auto,1,sub:미실리스_연구팀_00,86,sub:미실리스_연구팀_01,36,sub:미실리스_연구팀_00,sub:미실리스_연구팀_01,57,58,,,,person:아니스,119,말함 18줄(41%) · 이름 3줄,말함 31줄(37%),,,흔한 대상
keyword,auto,2,sub:미실리스_연구팀_00,89,sub:미실리스_연구팀_01,0,sub:미실리스_연구팀_00,sub:미실리스_연구팀_01,57,58,,,,org:미실리스,32,기록 2 · 이름 5줄,기록 4 · 이름 5줄,,,
sequel,auto,3,sub:미실리스_연구팀_01,,sub:미실리스_연구팀_02,,sub:미실리스_연구팀_01,sub:미실리스_연구팀_02,58,59,,,,,,,,,,서브퀘스트 다음 편
character,auto,2,sub:미실리스_연구팀_01,133,sub:미실리스_연구팀_02,31,sub:미실리스_연구팀_01,sub:미실리스_연구팀_02,58,59,,,,person:볼트_MK.II,4,기록 2 · 말함 8줄(10%),기록 1 · 말함 10줄(14%),,,
character,auto,1,sub:미실리스_연구팀_01,124,sub:미실리스_연구팀_02,37,sub:미실리스_연구팀_01,sub:미실리스_연구팀_02,58,59,,,,person:아니스,119,말함 31줄(37%),말함 9줄(13%),,,흔한 대상
keyword,auto,1,sub:미실리스_연구팀_01,81,sub:미실리스_연구팀_02,39,sub:미실리스_연구팀_01,sub:미실리스_연구팀_02,58,59,,,,concept:랩쳐,142,기록 1 · 이름 6줄,이름 6줄,,,흔한 대상
keyword,auto,1,sub:미실리스_연구팀_01,147,sub:미실리스_연구팀_03,13,sub:미실리스_연구팀_01,sub:미실리스_연구팀_03,58,60,,,,place:지상,132,이름 5줄,기록 2 · 이름 3줄,,,흔한 대상
character,auto,1,sub:미실리스_연구팀_01,122,d_main_10_01,1,sub:미실리스_연구팀_01,ch10,58,62,,,,person:라피,85,기록 1 · 말함 22줄(27%) · 이름 1줄,기록 4 · 말함 38줄(11%) · 이름 11줄,,,흔한 대상
character,auto,1,sub:미실리스_연구팀_01,128,sub:롬_01,18,sub:미실리스_연구팀_01,sub:롬_01,58,65,,,,person:네온,55,말함 22줄(27%),말함 16줄(21%),,,흔한 대상
keyword,auto,1,sub:미실리스_연구팀_01,145,sub:롬_02,28,sub:미실리스_연구팀_01,sub:롬_02,58,66,,,,concept:니케,186,기록 3 · 이름 5줄,이름 5줄,,,흔한 대상
keyword,auto,2,sub:미실리스_연구팀_01,172,d_main_11_01,40,sub:미실리스_연구팀_01,ch11,58,68,,,,org:미실리스,32,기록 4 · 이름 5줄,기록 2 · 이름 8줄,,,
sequel,auto,3,sub:미실리스_연구팀_02,,sub:미실리스_연구팀_03,,sub:미실리스_연구팀_02,sub:미실리스_연구팀_03,59,60,,,,,,,,,,서브퀘스트 다음 편
character,auto,2,sub:미실리스_연구팀_02,112,sub:미실리스_연구팀_03,22,sub:미실리스_연구팀_02,sub:미실리스_연구팀_03,59,60,,,,person:리타,8,기록 2 · 말함 21줄(29%) · 이름 4줄,말함 31줄(48%) · 이름 1줄,,,
character,auto,2,sub:미실리스_연구팀_02,106,sub:미실리스_연구팀_03,3,sub:미실리스_연구팀_02,sub:미실리스_연구팀_03,59,60,,,,person:볼트_MK.II,4,기록 1 · 말함 10줄(14%),기록 3,,,
character,auto,1,sub:미실리스_연구팀_02,101,sub:미실리스_연구팀_03,26,sub:미실리스_연구팀_02,sub:미실리스_연구팀_03,59,60,,,,person:아니스,119,말함 9줄(13%),말함 13줄(20%),,,흔한 대상
keyword,auto,1,sub:미실리스_연구팀_02,116,sub:미실리스_연구팀_03,7,sub:미실리스_연구팀_02,sub:미실리스_연구팀_03,59,60,,,,concept:랩쳐,142,이름 6줄,이름 7줄,,,흔한 대상
character,auto,2,sub:미실리스_연구팀_02,96,ep:d_nikke_liter_01,63,sub:미실리스_연구팀_02,char:82,59,106,,,,person:센티,4,기록 2 · 말함 14줄(19%) · 이름 2줄,기록 2 · 말함 8줄(2%) · 이름 4줄,,,
character,auto,1,sub:미실리스_연구팀_03,102,d_main_10_01,5,sub:미실리스_연구팀_03,ch10,60,62,,,,person:아니스,119,말함 13줄(20%),말함 65줄(19%) · 이름 8줄,,,흔한 대상
keyword,auto,1,sub:미실리스_연구팀_03,118,sub:롬_02,27,sub:미실리스_연구팀_03,sub:롬_02,60,66,,,,concept:랩쳐,142,이름 7줄,이름 5줄,,,흔한 대상
keyword,auto,1,sub:미실리스_연구팀_03,93,d_main_13_01,1,sub:미실리스_연구팀_03,ch13,60,76,,,,place:지상,132,기록 2 · 이름 3줄,이름 6줄,,,흔한 대상
character,auto,2,sub:미실리스_연구팀_03,105,ep:d_nikke_liter_01,0,sub:미실리스_연구팀_03,char:82,60,106,,,,person:리타,8,말함 31줄(48%) · 이름 1줄,기록 7 · 말함 291줄(56%) · 이름 36줄,,,
character,auto,1,d_main_10_06,60,sub:코리_00,30,ch10,sub:코리_00,62,63,,,,person:아니스,119,말함 65줄(19%) · 이름 8줄,말함 5줄(11%),,,흔한 대상
sequel,auto,3,d_main_10_06,,d_main_11_01,,ch10,ch11,62,68,,,,,,,,,,다음 챕터
setup_payoff,record,3,d_main_10_04,,d_main_11_01,,ch10,ch11,62,68,Q52-2,회수,Q52,,,,,확실,확정,전부 · 답 F288
setup_payoff,record,3,d_main_10_06,,d_main_11_01,,ch10,ch11,62,68,Q53-2,회수,Q53,,,,,확실,확정,전부 · 답 F288
character,auto,1,d_main_10_06,70,d_main_11_01,4,ch10,ch11,62,68,,,,person:라피,85,기록 4 · 말함 38줄(11%) · 이름 11줄,기록 2 · 말함 42줄(13%) · 이름 3줄,,,흔한 대상
character,auto,2,d_main_10_05,0,d_main_11_01,9,ch10,ch11,62,68,,,,person:시프티,18,기록 1 · 말함 37줄(11%) · 이름 1줄,말함 32줄(10%) · 이름 6줄,,,
keyword,auto,2,d_main_10_02,35,d_main_11_01,45,ch10,ch11,62,68,,,,concept:헬레틱,40,기록 2 · 이름 8줄,기록 2 · 이름 12줄,,,
keyword,auto,2,d_main_10_06,70,d_main_11_01,12,ch10,ch11,62,68,,,,org:메티스,21,기록 4 · 이름 7줄,기록 5 · 이름 8줄,,,
keyword,auto,2,d_main_10_06,23,d_main_11_01,45,ch10,ch11,62,68,,,,org:앱솔루트,15,기록 6 · 이름 8줄,기록 2 · 이름 6줄,,,
setup_payoff,record,2,d_main_10_06,,d_main_12af_01,,ch10,ch12,62,73,E72,암시,F312,,,,,추정,확정,
character,auto,2,d_main_10_06,68,d_main_12_02_e,19,ch10,ch12,62,73,,,,person:엠마,10,기록 2 · 말함 61줄(18%) · 이름 4줄,기록 2 · 말함 16줄(3%) · 이름 3줄,,,
character,auto,2,d_main_10_06,67,ep:d_nikke_vesti_01,29,ch10,char:91,62,114,,,,person:베스티,8,기록 1 · 말함 41줄(12%) · 이름 5줄,기록 8 · 말함 283줄(77%) · 이름 42줄,,,
character,auto,2,d_main_10_06,69,ep:d_nikke_eunhwa_01,0,ch10,char:92,62,135,,,,person:은화,9,기록 1 · 말함 76줄(22%) · 이름 13줄,기록 8 · 말함 330줄(65%) · 이름 41줄,,,
callback,record,3,d_main_10_06,,d_main_32_af_02,,ch10,ch32,62,310,E459,재언급,F279,,,,,확실,확정,
callback,record,3,d_main_10_02,,fl:absolute_00,,ch10,fl:absolute,62,400,E830,재언급,F276,,,,,확실,확정,
character,auto,1,sub:코리_00,38,sub:롬_00,15,sub:코리_00,sub:롬_00,63,64,,,,person:아니스,119,말함 5줄(11%),말함 8줄(14%) · 이름 1줄,,,흔한 대상
keyword,auto,1,sub:코리_00,15,sub:롬_01,9,sub:코리_00,sub:롬_01,63,65,,,,place:방주,171,기록 2 · 이름 1줄,이름 9줄,,,흔한 대상
sequel,auto,3,sub:롬_00,,sub:롬_01,,sub:롬_00,sub:롬_01,64,65,,,,,,,,,,서브퀘스트 다음 편
character,auto,2,sub:롬_00,64,sub:롬_01,0,sub:롬_00,sub:롬_01,64,65,,,,person:롬,4,기록 4 · 말함 39줄(70%) · 이름 6줄,기록 3 · 말함 36줄(47%) · 이름 9줄,,,
character,auto,1,sub:롬_00,38,sub:롬_01,20,sub:롬_00,sub:롬_01,64,65,,,,person:아니스,119,말함 8줄(14%) · 이름 1줄,말함 17줄(22%) · 이름 1줄,,,흔한 대상
setup_payoff,record,3,sub:롬_00,,event_ce006_2_04_e,,sub:롬_00,event_ce006,64,387,Q54-2,회수,Q54,,,,,확실,확정,일부 · 답 F1997
callback,record,3,sub:롬_00,,event_ce006_1_02_e,,sub:롬_00,event_ce006,64,387,E745,재언급,Q54,,,,,확실,확정,
sequel,auto,3,sub:롬_01,,sub:롬_02,,sub:롬_01,sub:롬_02,65,66,,,,,,,,,,서브퀘스트 다음 편
character,auto,1,sub:롬_01,81,sub:롬_02,18,sub:롬_01,sub:롬_02,65,66,,,,person:네온,55,말함 16줄(21%),말함 13줄(14%),,,흔한 대상
character,auto,2,sub:롬_01,94,sub:롬_02,0,sub:롬_01,sub:롬_02,65,66,,,,person:롬,4,기록 3 · 말함 36줄(47%) · 이름 9줄,기록 3 · 말함 58줄(62%) · 이름 9줄,,,
character,auto,1,sub:롬_01,82,sub:롬_02,19,sub:롬_01,sub:롬_02,65,66,,,,person:아니스,119,말함 17줄(22%) · 이름 1줄,말함 16줄(17%),,,흔한 대상
keyword,auto,1,sub:롬_01,91,sub:롬_02,11,sub:롬_01,sub:롬_02,65,66,,,,place:방주,171,이름 9줄,이름 5줄,,,흔한 대상
keyword,auto,2,sub:롬_01,74,sub:롬_02,11,sub:롬_01,sub:롬_02,65,66,,,,place:제2의_방주,3,기록 1 · 이름 7줄,이름 5줄,,,
setup_payoff,record,2,sub:롬_01,,event_ce006_2_04_e,,sub:롬_01,event_ce006,65,387,E73,암시,F1997,,,,,추정,확정,
callback,record,3,sub:롬_01,,event_ce006_1_03_e,,sub:롬_01,event_ce006,65,387,E749,재언급,F285,,,,,확실,확정,
keyword,auto,1,sub:롬_02,84,relic:어느소녀의수기_01,0,sub:롬_02,relic:어느소녀의수기,66,67,,,,concept:니케,186,이름 5줄,기록 2 · 이름 2줄,,,흔한 대상
keyword,auto,1,sub:롬_02,60,d_main_11_03,4,sub:롬_02,ch11,66,68,,,,concept:랩쳐,142,이름 5줄,기록 3 · 이름 9줄,,,흔한 대상
character,auto,1,sub:롬_02,92,sub:음악_애호가_00,28,sub:롬_02,sub:음악_애호가_00,66,69,,,,person:네온,55,말함 13줄(14%),말함 9줄(13%),,,흔한 대상
character,auto,1,sub:롬_02,94,sub:음악_애호가_00,29,sub:롬_02,sub:음악_애호가_00,66,69,,,,person:아니스,119,말함 16줄(17%),기록 1 · 말함 9줄(13%) · 이름 1줄,,,흔한 대상
keyword,auto,1,sub:롬_02,67,relic:기업-랩쳐음모론_01,1,sub:롬_02,relic:기업-랩쳐음모론,66,71,,,,place:방주,171,이름 5줄,기록 4 · 이름 4줄,,,흔한 대상
setup_payoff,record,2,sub:롬_02,,event_ce006_2_04_e,,sub:롬_02,event_ce006,66,387,E74,암시,F1997,,,,,추정,확정,
callback,record,3,sub:롬_02,,event_ce006_1_01_e,,sub:롬_02,event_ce006,66,387,E744,재언급,F286,,,,,확실,확정,
character,auto,2,sub:롬_02,98,event_ce006_1_prologue,1,sub:롬_02,event_ce006,66,387,,,,person:롬,4,기록 3 · 말함 58줄(62%) · 이름 9줄,기록 21 · 말함 283줄(9%) · 이름 141줄,,,
keyword,auto,2,sub:롬_02,67,event_ce006_1_03_e,91,sub:롬_02,event_ce006,66,387,,,,place:제2의_방주,3,이름 5줄,기록 3 · 이름 22줄,,,
keyword,auto,1,relic:어느소녀의수기_04,4,d_main_11_01,17,relic:어느소녀의수기,ch11,67,68,,,,concept:니케,186,기록 2 · 이름 2줄,기록 1 · 이름 13줄,,,흔한 대상
character,auto,1,d_main_11_06_e,15,sub:음악_애호가_01,30,ch11,sub:음악_애호가_01,68,70,,,,person:라피,85,기록 2 · 말함 42줄(13%) · 이름 3줄,말함 6줄(12%) · 이름 1줄,,,흔한 대상
keyword,auto,1,d_main_11_06_s,48,relic:기업-랩쳐음모론_00,3,ch11,relic:기업-랩쳐음모론,68,71,,,,concept:랩쳐,142,기록 3 · 이름 9줄,기록 2 · 이름 5줄,,,흔한 대상
keyword,auto,2,d_main_11_04,43,relic:기업-랩쳐음모론_00,3,ch11,relic:기업-랩쳐음모론,68,71,,,,org:미실리스,32,기록 2 · 이름 8줄,기록 4 · 이름 3줄,,,
sequel,auto,3,d_main_11_06_e,,d_main_12_01,,ch11,ch12,68,73,,,,,,,,,,다음 챕터
setup_payoff,record,3,d_main_11_06_s,,d_main_12af_01,,ch11,ch12,68,73,E75,암시,F312,,,,,확실,확정,
setup_payoff,record,3,d_main_11_06_s,,d_main_12af_03,,ch11,ch12,68,73,Q55-2,회수,Q55,,,,,확실,확정,전부 · 답 F319
setup_payoff,record,3,d_main_11_06_e,,d_main_12_07_s,,ch11,ch12,68,73,Q56-2,회수,Q56,,,,,확실,확정,전부 · 답 F304
character,auto,2,d_main_11_06_s,54,d_main_12_01,10,ch11,ch12,68,73,,,,person:드레이크,16,기록 2 · 말함 27줄(8%),기록 2 · 말함 9줄(1%) · 이름 7줄,,,
character,auto,2,d_main_11_06_e,10,d_main_12_01,1,ch11,ch12,68,73,,,,person:라플라스,13,기록 5 · 말함 69줄(22%) · 이름 6줄,기록 2 · 말함 48줄(8%) · 이름 12줄,,,
character,auto,2,d_main_11_06_e,12,d_main_12_01,6,ch11,ch12,68,73,,,,person:맥스웰,15,기록 3 · 말함 83줄(26%) · 이름 1줄,기록 2 · 말함 38줄(6%) · 이름 2줄,,,
character,auto,2,d_main_11_04,54,d_main_12af_01,4,ch11,ch12,68,73,,,,person:슈엔,30,기록 4 · 말함 14줄(4%) · 이름 5줄,기록 8 · 말함 43줄(7%) · 이름 5줄,,,
character,auto,2,d_main_11_04,49,d_main_12_07_e,7,ch11,ch12,68,73,,,,person:잉그리드,37,기록 3 · 말함 17줄(5%) · 이름 1줄,기록 5 · 말함 61줄(10%) · 이름 2줄,,,
keyword,auto,1,d_main_11_05,52,d_main_12_04,16,ch11,ch12,68,73,,,,concept:니케,186,기록 1 · 이름 13줄,기록 5 · 이름 17줄,,,흔한 대상
keyword,auto,2,d_main_11_06_s,43,d_main_12_02_e,25,ch11,ch12,68,73,,,,concept:헬레틱,40,기록 2 · 이름 12줄,기록 3 · 이름 18줄,,,
keyword,auto,2,d_main_11_06_s,58,d_main_12_01,35,ch11,ch12,68,73,,,,org:메티스,21,기록 5 · 이름 8줄,기록 10 · 이름 16줄,,,
keyword,auto,2,d_main_11_06_s,2,d_main_13_01,1,ch11,ch13,68,76,,,,org:앱솔루트,15,기록 2 · 이름 6줄,이름 7줄,,,
character,auto,2,d_main_11_06_e,16,ep:d_nikke_dolla_02,2,ch11,char:202,68,99,,,,person:시프티,18,말함 32줄(10%) · 이름 6줄,기록 1 · 말함 69줄(21%) · 이름 2줄,,,
callback,record,3,d_main_11_04,,fl:project_matis_26,,ch11,fl:project_matis,68,467,E1205,재언급,F293,,,,,확실,확정,
sequel,auto,3,sub:음악_애호가_00,,sub:음악_애호가_01,,sub:음악_애호가_00,sub:음악_애호가_01,69,70,,,,,,,,,,서브퀘스트 다음 편
character,auto,1,sub:음악_애호가_00,58,sub:음악_애호가_01,32,sub:음악_애호가_00,sub:음악_애호가_01,69,70,,,,person:네온,55,말함 9줄(13%),말함 6줄(12%) · 이름 1줄,,,흔한 대상
character,auto,2,sub:음악_애호가_00,77,sub:음악_애호가_01,0,sub:음악_애호가_00,sub:음악_애호가_01,69,70,,,,person:음악_애호가,2,말함 35줄(49%) · 이름 3줄,말함 36줄(69%) · 이름 2줄,,,
character,auto,1,sub:음악_애호가_00,61,sub:숲속요정_00,61,sub:음악_애호가_00,sub:숲속요정_00,69,74,,,,person:아니스,119,기록 1 · 말함 9줄(13%) · 이름 1줄,말함 12줄(15%),,,흔한 대상
character,auto,2,sub:음악_애호가_00,74,ep:d_nikke_julia_01,20,sub:음악_애호가_00,char:150,69,133,,,,person:율리아,4,기록 2 · 말함 6줄(8%) · 이름 5줄,기록 9 · 말함 265줄(76%) · 이름 31줄,,,
setup_payoff,record,2,sub:음악_애호가_00,,d_main_35_04,,sub:음악_애호가_00,ch35,69,358,E76,암시,F1798,,,,,추정,확정,
character,auto,1,sub:음악_애호가_01,57,d_main_12_01,0,sub:음악_애호가_01,ch12,70,73,,,,person:라피,85,말함 6줄(12%) · 이름 1줄,기록 4 · 말함 78줄(13%) · 이름 16줄,,,흔한 대상
character,auto,1,sub:음악_애호가_01,54,sub:칠리페퍼_02,47,sub:음악_애호가_01,sub:칠리페퍼_02,70,81,,,,person:네온,55,말함 6줄(12%) · 이름 1줄,말함 10줄(11%),,,흔한 대상
keyword,auto,1,relic:기업-랩쳐음모론_04,4,relic:구시대의플레이리스트_01,1,relic:기업-랩쳐음모론,relic:구시대의플레이리스트,71,72,,,,place:방주,171,기록 4 · 이름 4줄,기록 3 · 이름 2줄,,,흔한 대상
keyword,auto,1,relic:기업-랩쳐음모론_03,4,d_main_12_04,14,relic:기업-랩쳐음모론,ch12,71,73,,,,concept:랩쳐,142,기록 2 · 이름 5줄,기록 6 · 이름 15줄,,,흔한 대상
keyword,auto,2,relic:기업-랩쳐음모론_04,1,d_main_15_04,9,relic:기업-랩쳐음모론,ch15,71,85,,,,org:미실리스,32,기록 4 · 이름 3줄,기록 5 · 이름 14줄,,,
setup_payoff,record,2,relic:기업-랩쳐음모론_01,,d_main_43_15,,relic:기업-랩쳐음모론,ch43,71,434,Q57-2,회수,Q57,,,,,추정,확정,일부 · 답 F2410
keyword,auto,1,relic:구시대의플레이리스트_02,1,d_main_12af_03,46,relic:구시대의플레이리스트,ch12,72,73,,,,place:방주,171,기록 3 · 이름 2줄,기록 2 · 이름 1줄,,,흔한 대상
setup_payoff,record,3,d_main_12_02_e,,d_main_12_07_s,,ch12,ch12,73,73,E78,암시,F304,,,,,확실,확정,
setup_payoff,record,3,d_main_12_04,,d_main_12af_03,,ch12,ch12,73,73,E79,암시,F320,,,,,확실,확정,
setup_payoff,record,3,d_main_12_05,,d_main_12_07_s,,ch12,ch12,73,73,E80,암시,F304,,,,,확실,확정,
setup_payoff,record,3,d_main_12af_01,,d_main_12af_02,,ch12,ch12,73,73,E84,암시,F314,,,,,확실,확정,
character,auto,1,d_main_12af_03,43,sub:숲속요정_00,58,ch12,sub:숲속요정_00,73,74,,,,person:라피,85,기록 4 · 말함 78줄(13%) · 이름 16줄,말함 11줄(14%),,,흔한 대상
keyword,auto,2,d_main_12af_02,37,sub:숲속요정_00,21,ch12,sub:숲속요정_00,73,74,,,,concept:NIMPH,24,기록 2 · 이름 7줄,기록 3 · 이름 5줄,,,
keyword,auto,1,d_main_12af_03,49,relic:어느의사의수기_01,0,ch12,relic:어느의사의수기,73,75,,,,place:방주,171,기록 2 · 이름 1줄,기록 2 · 이름 2줄,,,흔한 대상
sequel,auto,3,d_main_12af_05,,d_main_13_01,,ch12,ch13,73,76,,,,,,,,,,다음 챕터
character,auto,2,d_main_12af_04,21,d_main_13_01,2,ch12,ch13,73,76,,,,person:모더니아,6,기록 2 · 이름 6줄,기록 6 · 말함 95줄(13%) · 이름 18줄,,,
character,auto,2,d_main_12af_04,46,d_main_13af_01,6,ch12,ch13,73,76,,,,person:엔더슨,32,기록 2 · 말함 45줄(7%) · 이름 3줄,기록 4 · 말함 48줄(6%) · 이름 2줄,,,
character,auto,2,d_main_12af_04,29,d_main_13af_02,3,ch12,ch13,73,76,,,,person:잉그리드,37,기록 5 · 말함 61줄(10%) · 이름 2줄,기록 5 · 말함 64줄(9%) · 이름 1줄,,,
keyword,auto,1,d_main_12af_03,34,d_main_13_03,10,ch12,ch13,73,76,,,,concept:니케,186,기록 5 · 이름 17줄,기록 1 · 이름 10줄,,,흔한 대상
keyword,auto,1,d_main_12af_04,21,d_main_13_01,1,ch12,ch13,73,76,,,,concept:랩쳐,142,기록 6 · 이름 15줄,기록 1 · 이름 16줄,,,흔한 대상
keyword,auto,2,d_main_12af_04,37,d_main_13_08_s,32,ch12,ch13,73,76,,,,concept:언체인드,25,기록 2 · 이름 10줄,기록 2 · 이름 2줄,,,
keyword,auto,2,d_main_12af_03,28,d_main_13_08_e,187,ch12,ch13,73,76,,,,concept:침식,21,기록 3 · 이름 15줄,기록 2 · 이름 5줄,,,
keyword,auto,2,d_main_12af_04,38,d_main_13_02,19,ch12,ch13,73,76,,,,concept:헬레틱,40,기록 3 · 이름 18줄,기록 1 · 이름 5줄,,,
callback,record,3,d_main_12af_02,,d_main_15_04,,ch12,ch15,73,85,E100,재언급,Q58,,,,,확실,확정,
character,auto,2,d_main_12af_04,26,d_main_15_04,11,ch12,ch15,73,85,,,,person:슈엔,30,기록 8 · 말함 43줄(7%) · 이름 5줄,기록 9 · 말함 67줄(14%) · 이름 18줄,,,
keyword,auto,2,d_main_12af_03,23,d_main_15_04,11,ch12,ch15,73,85,,,,org:메티스,21,기록 10 · 이름 16줄,기록 4 · 이름 11줄,,,
character,auto,2,d_main_12af_02,120,d_main_16af_02,4,ch12,ch16,73,87,,,,person:미하라,14,기록 2 · 말함 10줄(2%) · 이름 12줄,기록 2 · 말함 6줄(1%) · 이름 1줄,,,
setup_payoff,record,3,d_main_12_07_e,,ep:d_nikke_guillotine_04,,ch12,char:180,73,93,Q60-2,회수,Q60,,,,,확실,확정,전부 · 답 F431
character,auto,2,d_main_12_07_e,118,ep:d_nikke_guillotine_02,1,ch12,char:180,73,93,,,,person:길로틴,6,기록 3 · 말함 13줄(2%) · 이름 2줄,기록 13 · 말함 361줄(91%) · 이름 16줄,,,
keyword,auto,2,d_main_12af_02,54,ep:d_nikke_guillotine_03,86,ch12,char:180,73,93,,,,org:익스터너,5,기록 3 · 이름 2줄,기록 2 · 이름 1줄,,,
character,auto,2,d_main_12_07_e,88,ep:d_nikke_novel_01,36,ch12,char:212,73,95,,,,person:엠마,10,기록 2 · 말함 16줄(3%) · 이름 3줄,말함 42줄(10%) · 이름 19줄,,,
character,auto,2,d_main_12af_01,4,ep:d_nikke_noah_01,13,ch12,char:232,73,96,,,,person:맥스웰,15,기록 2 · 말함 38줄(6%) · 이름 2줄,기록 2 · 이름 1줄,,,
character,auto,2,d_main_12af_01,4,ep:d_nikke_drake_01,0,ch12,char:101,73,100,,,,person:드레이크,16,기록 2 · 말함 9줄(1%) · 이름 7줄,기록 6 · 말함 295줄(84%) · 이름 64줄,,,
character,auto,2,d_main_12_07_e,119,ep:d_nikke_maiden_01,0,ch12,char:181,73,109,,,,person:메이든,6,기록 2 · 말함 8줄(1%) · 이름 1줄,기록 10 · 말함 302줄(85%) · 이름 35줄,,,
character,auto,2,d_main_12af_02,118,ep:d_nikke_yuni_01,8,ch12,char:160,73,132,,,,person:유니,13,기록 3 · 말함 18줄(3%) · 이름 7줄,기록 3 · 말함 168줄(43%) · 이름 69줄,,,
keyword,auto,2,d_main_12af_02,103,d_main_17_07,3,ch12,ch17,73,148,,,,concept:기억_소거,9,이름 5줄,기록 2 · 이름 9줄,,,
callback,record,3,d_main_12_07_s,,d_main_18_05,,ch12,ch18,73,152,E127,재언급,F304,,,,,확실,확정,
callback,record,3,d_main_12_07_e,,d_main_18_09,,ch12,ch18,73,152,E129,재언급,F308,,,,,확실,확정,
character,auto,2,d_main_12af_01,4,d_main_18_01,25,ch12,ch18,73,152,,,,person:라플라스,13,기록 2 · 말함 48줄(8%) · 이름 12줄,기록 13 · 말함 250줄(24%) · 이름 71줄,,,
setup_payoff,record,3,d_main_12_07_e,,d_main_23_09_e,,ch12,ch23,73,217,E82,암시,F997,,,,,확실,확정,
setup_payoff,record,3,d_main_12_07_e,,d_main_23_10_e,,ch12,ch23,73,217,E82,암시,Q77,,,,,확실,확정,
keyword,auto,2,d_main_12af_03,31,d_main_24_13,55,ch12,ch24,73,221,,,,concept:마테리얼_H,3,기록 2 · 이름 6줄,기록 2 · 이름 5줄,,,
callback,record,3,d_main_12af_03,,event_darkhero_02_e,,ch12,event_darkhero,73,298,E418,재언급,Q59,,,,,확실,확정,
setup_payoff,record,2,d_main_12af_03,,d_main_33_07,,ch12,ch33,73,334,Q59-2,회수,Q59,,,,,추정,확정,일부 · 답 F1636
callback,record,3,d_main_12af_01,,d_main_34_09_e,,ch12,ch34,73,336,E513,재언급,F312,,,,,확실,확정,
callback,record,3,d_main_12af_01,,d_main_35bf_03,,ch12,ch35,73,358,E590,재언급,F312,,,,,확실,확정,
callback,record,3,d_main_12af_03,,d_main_36_03_e,,ch12,ch36,73,360,E622,재언급,F318,,,,,확실,확정,
callback,record,3,d_main_12af_01,,event_unbreakablesphere2_03_s,,ch12,event_unbreakablesphere1,73,377,E699,재언급,F310,,,,,확실,확정,
callback,record,3,d_main_12af_01,,d_main_44_af_09,,ch12,ch44,73,436,E1036,재언급,F312,,,,,확실,확정,
setup_payoff,record,2,d_main_12af_01,,fl:project_matis_21,,ch12,fl:project_matis,73,467,E83,암시,Q58,,,,,추정,확정,
setup_payoff,record,3,d_main_12af_02,,fl:project_matis_21,,ch12,fl:project_matis,73,467,Q58-2,회수,Q58,,,,,확실,확정,전부 · 답 F2791
callback,record,2,d_main_12_01,,fl:project_matis_25,,ch12,fl:project_matis,73,467,E1202,재언급,F303,,,,,추정,확정,
character,auto,1,sub:숲속요정_00,87,d_main_13_01,12,sub:숲속요정_00,ch13,74,76,,,,person:라피,85,말함 11줄(14%),기록 7 · 말함 115줄(15%) · 이름 20줄,,,흔한 대상
character,auto,1,sub:숲속요정_00,85,d_main_13_01,6,sub:숲속요정_00,ch13,74,76,,,,person:아니스,119,말함 12줄(15%),기록 1 · 말함 125줄(17%) · 이름 14줄,,,흔한 대상
keyword,auto,2,sub:숲속요정_00,92,d_main_13af_02,16,sub:숲속요정_00,ch13,74,76,,,,concept:NIMPH,24,기록 3 · 이름 5줄,기록 2 · 이름 4줄,,,
callback,record,3,sub:숲속요정_00,,event_miraclesnow2_01_e,,sub:숲속요정_00,event_miraclesnow1,74,159,E1291,재언급,Q62,,,,,확실,확정,
callback,record,3,sub:숲속요정_00,,d_main_21_07_e,,sub:숲속요정_00,ch21,74,191,F326-2,드러냄,F326,,,,,확실,확정,
keyword,auto,1,relic:어느의사의수기_02,2,d_main_13_01,4,relic:어느의사의수기,ch13,75,76,,,,place:방주,171,기록 2 · 이름 2줄,이름 6줄,,,흔한 대상
keyword,auto,2,relic:어느의사의수기_01,1,relic:여자친구의편지_00,4,relic:어느의사의수기,relic:여자친구의편지,75,79,,,,incident:랩쳐_침공,12,기록 2,기록 4,,,
sequel,auto,3,d_main_13af_07,,d_main_14_01_s,,ch13,ch14,76,80,,,,,,,,,,다음 챕터
callback,record,3,d_main_13_08_e,,d_main_14_14,,ch13,ch14,76,80,E98,재언급,F338,,,,,확실,확정,
character,auto,1,d_main_13af_07,20,d_main_14_01_s,11,ch13,ch14,76,80,,,,person:라피,85,기록 7 · 말함 115줄(15%) · 이름 20줄,기록 1 · 말함 124줄(16%) · 이름 12줄,,,흔한 대상
character,auto,2,d_main_13af_06,53,d_main_14_01_s,0,ch13,ch14,76,80,,,,person:마리안,20,기록 16 · 말함 28줄(4%) · 이름 35줄,기록 19 · 말함 107줄(14%) · 이름 96줄,,,
character,auto,1,d_main_13af_06,54,d_main_14_01_s,1,ch13,ch14,76,80,,,,person:아니스,119,기록 1 · 말함 125줄(17%) · 이름 14줄,말함 106줄(14%) · 이름 6줄,,,흔한 대상
character,auto,2,d_main_13af_03,8,d_main_14_02,0,ch13,ch14,76,80,,,,person:엔더슨,32,기록 4 · 말함 48줄(6%) · 이름 2줄,기록 5 · 말함 58줄(8%) · 이름 9줄,,,
character,auto,2,d_main_13af_03,11,d_main_14af_03,40,ch13,ch14,76,80,,,,person:토커티브,15,기록 5 · 말함 20줄(3%) · 이름 13줄,기록 2 · 이름 6줄,,,
keyword,auto,1,d_main_13af_07,9,d_main_14_04,13,ch13,ch14,76,80,,,,concept:니케,186,기록 1 · 이름 10줄,기록 1 · 이름 25줄,,,흔한 대상
keyword,auto,1,d_main_13af_03,11,d_main_14_01_s,0,ch13,ch14,76,80,,,,concept:랩쳐,142,기록 1 · 이름 16줄,기록 3 · 이름 21줄,,,흔한 대상
keyword,auto,2,d_main_13af_06,0,d_main_14_03,51,ch13,ch14,76,80,,,,org:카운터스,32,기록 4 · 이름 2줄,기록 2,,,
keyword,auto,1,d_main_13af_07,21,d_main_14_02,17,ch13,ch14,76,80,,,,place:방주,171,이름 6줄,기록 3 · 이름 21줄,,,흔한 대상
keyword,auto,1,d_main_13_05_s,4,d_main_14_01_s,0,ch13,ch14,76,80,,,,place:지상,132,이름 6줄,이름 9줄,,,흔한 대상
keyword,auto,2,d_main_13af_02,18,d_main_15af_02,1,ch13,ch15,76,85,,,,concept:언체인드,25,기록 2 · 이름 2줄,기록 7 · 이름 29줄,,,
keyword,auto,2,d_main_13af_04,37,d_main_15_04,21,ch13,ch15,76,85,,,,concept:침식,21,기록 2 · 이름 5줄,이름 16줄,,,
keyword,auto,2,d_main_13af_02,31,d_main_16_10,7,ch13,ch16,76,87,,,,concept:NIMPH,24,기록 2 · 이름 4줄,기록 2 · 이름 7줄,,,
character,auto,2,d_main_13af_07,17,ep:d_nikke_guillotine_02,8,ch13,char:180,76,93,,,,person:잉그리드,37,기록 5 · 말함 64줄(9%) · 이름 1줄,기록 3 · 이름 8줄,,,
character,auto,2,d_main_13_07,42,ep:d_nikke_milk_01,0,ch13,char:141,76,113,,,,person:슈가,10,기록 3 · 말함 32줄(4%) · 이름 2줄,말함 41줄(10%) · 이름 3줄,,,
keyword,auto,2,d_main_13af_07,8,ep:d_nikke_vesti_01,32,ch13,char:91,76,114,,,,org:앱솔루트,15,이름 7줄,기록 1 · 이름 5줄,,,
character,auto,2,d_main_13af_07,19,d_main_17_07,74,ch13,ch17,76,148,,,,person:레드_후드,26,기록 6 · 이름 2줄,기록 3 · 이름 6줄,,,
keyword,auto,2,d_main_13af_03,12,d_main_17_07,38,ch13,ch17,76,148,,,,concept:헬레틱,40,기록 1 · 이름 5줄,기록 1 · 이름 6줄,,,
character,auto,2,d_main_13_08_e,164,ep:d_nikke_marian_p_01,2,ch13,char:260,76,164,,,,person:모더니아,6,기록 6 · 말함 95줄(13%) · 이름 18줄,말함 129줄(26%),,,
setup_payoff,record,3,d_main_13af_01,,d_main_20af_01,,ch13,ch20,76,168,Q64-2,회수,Q64,,,,,확실,확정,일부 · 답 F771
setup_payoff,record,2,d_main_13af_07,,d_main_24_14_e,,ch13,ch24,76,221,E92,암시,F1034,,,,,추정,확정,
setup_payoff,record,3,d_main_13af_07,,d_main_24_14_e,,ch13,ch24,76,221,Q65-2,회수,Q65,,,,,확실,확정,일부 · 답 F1034
callback,record,3,d_main_13af_01,,d_main_24af_04,,ch13,ch25,76,241,E248,재언급,F340,,,,,확실,확정,
callback,record,3,d_main_13af_07,,d_main_26_04,,ch13,ch26,76,244,E268,재언급,Q65,,,,,확실,확정,
callback,record,3,d_main_13af_07,,sub:택틱컬틱택_01,,ch13,sub:택틱컬틱택_01,76,275,F347-2,드러냄,F347,,,,,확실,확정,
setup_payoff,record,2,d_main_13_03,,d_main_33_07,,ch13,ch33,76,334,E86,암시,Q59,,,,,추정,확정,
setup_payoff,record,3,d_main_13af_07,,event_footstepwalkrun2_intermission_01,,ch13,event_footstepwalkrun1,76,350,Q65-3,회수,Q65,,,,,확실,확정,일부 · 답 F1755
callback,record,3,d_main_13_08_e,,d_main_35_05_s,,ch13,ch35,76,358,E601,재언급,F335,,,,,확실,확정,
setup_payoff,record,2,d_main_13_08_e,,event_goddessfall1_06_e,,ch13,event_goddessfall1,76,418,E90,암시,Q68,,,,,추정,확정,
setup_payoff,record,2,d_main_13af_06,,d_main_48_05,,ch13,ch48,76,472,E91,암시,F2837,,,,,추정,확정,
setup_payoff,record,2,d_main_13_08_e,,d_main_48_05,,ch13,ch48,76,472,Q63-2,회수,Q63,,,,,추정,확정,일부 · 답 F2837
callback,record,3,d_main_13_08_e,,d_main_48_05,,ch13,ch48,76,472,E1231,재언급,F334,,,,,확실,확정,
callback,record,2,d_main_13_08_e,,d_main_48_07,,ch13,ch48,76,472,E1241,재언급,Q63,,,,,추정,확정,
character,auto,2,sub:세르반_03,100,d_main_14_03,51,sub:세르반_03,ch14,77,80,,,,person:버닝엄,14,기록 4 · 말함 24줄(24%) · 이름 2줄,기록 7 · 말함 20줄(3%) · 이름 8줄,,,
keyword,auto,2,sub:철도로GO_00,76,ep:d_nikke_diesel_01,103,sub:철도로GO_00,char:72,78,101,,,,org:아크_익스프레스,2,기록 2 · 이름 4줄,기록 3 · 이름 4줄,,,
keyword,auto,2,sub:철도로GO_00,76,ep:d_nikke_diesel_01,109,sub:철도로GO_00,char:72,78,101,,,,org:인피니티_레일,5,기록 3 · 이름 3줄,기록 3 · 이름 2줄,,,
setup_payoff,record,2,sub:철도로GO_00,,fl:terminus_ticket_21,,sub:철도로GO_00,fl:terminus_ticket,78,425,E93,암시,F2355,,,,,추정,확정,
keyword,auto,2,relic:여자친구의편지_03,0,relic:기후변화보고서_00,3,relic:여자친구의편지,relic:기후변화보고서,79,83,,,,incident:랩쳐_침공,12,기록 4,기록 4,,,
character,auto,1,d_main_14af_01,42,sub:칠리페퍼_02,46,ch14,sub:칠리페퍼_02,80,81,,,,person:아니스,119,말함 106줄(14%) · 이름 6줄,말함 11줄(13%),,,흔한 대상
keyword,auto,2,d_main_14_12,11,sub:칠리페퍼_02,10,ch14,sub:칠리페퍼_02,80,81,,,,place:전초기지,13,기록 2 · 이름 3줄,기록 2 · 이름 2줄,,,
sequel,auto,3,d_main_14af_04,,d_main_15_01,,ch14,ch15,80,85,,,,,,,,,,다음 챕터
character,auto,1,d_main_14af_01,44,d_main_15_01,2,ch14,ch15,80,85,,,,person:라피,85,기록 1 · 말함 124줄(16%) · 이름 12줄,말함 61줄(13%) · 이름 3줄,,,흔한 대상
character,auto,2,d_main_14_14,75,d_main_15af_05,8,ch14,ch15,80,85,,,,person:스노우_화이트,26,기록 3 · 말함 20줄(3%) · 이름 3줄,기록 2 · 이름 3줄,,,
keyword,auto,1,d_main_14af_04,23,d_main_15_01,19,ch14,ch15,80,85,,,,concept:니케,186,기록 1 · 이름 25줄,이름 13줄,,,흔한 대상
keyword,auto,1,d_main_14af_03,56,d_main_15_02,3,ch14,ch15,80,85,,,,concept:랩쳐,142,기록 3 · 이름 21줄,기록 3 · 이름 14줄,,,흔한 대상
keyword,auto,2,d_main_14af_01,0,d_main_15_03,21,ch14,ch15,80,85,,,,org:카운터스,32,기록 2,기록 2 · 이름 4줄,,,
keyword,auto,1,d_main_14af_03,60,d_main_15_01,10,ch14,ch15,80,85,,,,place:방주,171,기록 3 · 이름 21줄,기록 1 · 이름 8줄,,,흔한 대상
keyword,auto,1,d_main_14af_03,53,d_main_15_01,20,ch14,ch15,80,85,,,,place:지상,132,이름 9줄,이름 13줄,,,흔한 대상
keyword,auto,2,d_main_14_12,4,d_main_16_01,16,ch14,ch16,80,87,,,,org:엔터_헤븐,9,기록 3 · 이름 5줄,기록 2 · 이름 2줄,,,
keyword,auto,2,d_main_14af_03,17,d_main_16_01,0,ch14,ch16,80,87,,,,org:필그림,21,기록 2 · 이름 8줄,기록 1 · 이름 7줄,,,
keyword,auto,1,d_main_14af_03,16,ep:d_nikke_delta_01,19,ch14,char:20,80,98,,,,org:중앙_정부,67,기록 3 · 이름 15줄,이름 12줄,,,흔한 대상
character,auto,2,d_main_14af_02,14,ep:d_nikke_diesel_03,63,ch14,char:72,80,101,,,,person:엔더슨,32,기록 5 · 말함 58줄(8%) · 이름 9줄,기록 2 · 말함 5줄(1%) · 이름 7줄,,,
character,auto,2,d_main_14_08,58,ep:d_nikke_admi_01,8,ch14,char:172,80,125,,,,person:애드미,4,기록 2 · 말함 15줄(2%) · 이름 1줄,기록 9 · 말함 270줄(81%) · 이름 55줄,,,
keyword,auto,2,d_main_14af_01,0,ep:d_nikke_yulha_03,11,ch14,char:171,80,134,,,,org:트라이앵글,7,기록 3 · 이름 6줄,기록 1 · 이름 7줄,,,
character,auto,2,d_main_14af_03,73,ep:d_nikke_crow_02,44,ch14,char:110,80,137,,,,person:에닉,22,기록 6 · 말함 52줄(7%) · 이름 6줄,기록 2 · 말함 15줄(4%) · 이름 9줄,,,
character,auto,2,d_main_14af_01,33,ep:d_nikke_privaty_01,0,ch14,char:170,80,141,,,,person:프리바티,11,기록 3 · 말함 77줄(10%) · 이름 6줄,기록 7 · 말함 268줄(60%) · 이름 31줄,,,
character,auto,2,d_main_14_11,30,ep:d_nikke_helm_01,20,ch14,char:352,80,147,,,,person:버닝엄,14,기록 7 · 말함 20줄(3%) · 이름 8줄,기록 2 · 말함 25줄(5%) · 이름 5줄,,,
setup_payoff,record,2,d_main_14_09,,d_main_17_08,,ch14,ch17,80,148,E96,암시,F683,,,,,추정,확정,
character,auto,2,d_main_14af_03,40,d_main_17_05_s,19,ch14,ch17,80,148,,,,person:마리안,20,기록 19 · 말함 107줄(14%) · 이름 96줄,기록 2 · 말함 3줄(0%) · 이름 8줄,,,
callback,record,3,d_main_14_08,,d_main_19_01,,ch14,ch19,80,165,E142,재언급,F365,,,,,확실,확정,
character,auto,2,d_main_14af_03,67,d_main_20_07,52,ch14,ch20,80,168,,,,person:토커티브,15,기록 2 · 이름 6줄,기록 2 · 이름 3줄,,,
character,auto,2,d_main_14_07,107,event_ltk_prologue,11,ch14,event_ltk,80,189,,,,person:D,9,기록 2 · 말함 7줄(1%) · 이름 2줄,기록 7 · 말함 258줄(51%) · 이름 38줄,,,
character,auto,2,d_main_14_07,106,event_ltk_prologue,12,ch14,event_ltk,80,189,,,,person:K,8,기록 3 · 말함 25줄(3%) · 이름 4줄,기록 5 · 말함 244줄(49%) · 이름 11줄,,,
callback,record,3,d_main_14af_03,,d_main_22_03,,ch14,ch22,80,197,E167,재언급,F376,,,,,확실,확정,
callback,record,3,d_main_14af_03,,d_main_22_01_s,,ch14,ch22,80,197,F376-2,드러냄,F376,,,,,확실,확정,
callback,record,3,d_main_14af_03,,d_main_22_01_s,,ch14,ch22,80,197,F377-2,드러냄,F377,,,,,확실,확정,
callback,record,3,d_main_14_03,,sub:중앙정부_트라이앵글_00,,ch14,sub:중앙정부_트라이앵글_00,80,199,E180,재언급,F360,,,,,확실,확정,
callback,record,2,d_main_14af_02,,d_main_30_07_s,,ch14,ch30,80,293,E387,재언급,F375,,,,,추정,확정,
callback,record,3,d_main_14_11,,event_lastkingdom1_01_e,,ch14,event_lastkingdom1,80,295,E410,재언급,Q69,,,,,확실,확정,
setup_payoff,record,2,d_main_14af_03,,d_main_32_af_02,,ch14,ch32,80,310,E99,암시,F1559,,,,,추정,확정,
character,auto,2,d_main_14af_04,28,event_secretgarden_prologue,17,ch14,event_secretgarden,80,345,,,,person:리안,2,기록 2 · 말함 11줄(1%) · 이름 1줄,기록 6 · 말함 93줄(9%) · 이름 17줄,,,
setup_payoff,record,2,d_main_14_08,,event_goddessfall1_06_e,,ch14,event_goddessfall1,80,418,Q68-2,회수,Q68,,,,,추정,확정,일부 · 답 F2289
character,auto,1,sub:칠리페퍼_02,72,sub:알콜러버_00,28,sub:칠리페퍼_02,sub:알콜러버_00,81,82,,,,person:네온,55,말함 10줄(11%),말함 6줄(12%),,,흔한 대상
character,auto,1,sub:칠리페퍼_02,71,sub:알콜러버_00,27,sub:칠리페퍼_02,sub:알콜러버_00,81,82,,,,person:아니스,119,말함 11줄(13%),말함 11줄(22%),,,흔한 대상
keyword,auto,2,sub:칠리페퍼_02,92,d_main_15_01,18,sub:칠리페퍼_02,ch15,81,85,,,,place:전초기지,13,기록 2 · 이름 2줄,기록 2 · 이름 3줄,,,
character,auto,1,sub:알콜러버_00,46,d_main_15_01,1,sub:알콜러버_00,ch15,82,85,,,,person:네온,55,말함 6줄(12%),말함 67줄(14%) · 이름 3줄,,,흔한 대상
character,auto,1,sub:알콜러버_00,44,d_main_15_01,0,sub:알콜러버_00,ch15,82,85,,,,person:아니스,119,말함 11줄(22%),말함 79줄(17%) · 이름 4줄,,,흔한 대상
keyword,auto,2,relic:기후변화보고서_02,4,relic:인터넷BJ라이브방송녹화분_01,1,relic:기후변화보고서,relic:인터넷BJ라이브방송녹화분,83,84,,,,incident:랩쳐_침공,12,기록 4,기록 2,,,
keyword,auto,2,relic:인터넷BJ라이브방송녹화분_01,1,relic:종말의서_00,0,relic:인터넷BJ라이브방송녹화분,relic:종말의서,84,86,,,,incident:랩쳐_침공,12,기록 2,기록 3,,,
keyword,auto,1,d_main_15af_02,33,relic:종말의서_00,0,ch15,relic:종말의서,85,86,,,,concept:랩쳐,142,기록 3 · 이름 14줄,기록 2,,,흔한 대상
sequel,auto,3,d_main_15af_06,,d_main_16_01,,ch15,ch16,85,87,,,,,,,,,,다음 챕터
character,auto,1,d_main_15af_06,31,d_main_16_01,0,ch15,ch16,85,87,,,,person:라피,85,말함 61줄(13%) · 이름 3줄,기록 1 · 말함 64줄(11%) · 이름 2줄,,,흔한 대상
character,auto,2,d_main_15af_06,29,d_main_16_01,16,ch15,ch16,85,87,,,,person:슈엔,30,기록 9 · 말함 67줄(14%) · 이름 18줄,기록 6 · 말함 29줄(5%) · 이름 7줄,,,
character,auto,1,d_main_15af_06,23,d_main_16_01,4,ch15,ch16,85,87,,,,person:아니스,119,말함 79줄(17%) · 이름 4줄,기록 1 · 말함 102줄(17%) · 이름 5줄,,,흔한 대상
keyword,auto,1,d_main_15af_04,46,d_main_16_01,17,ch15,ch16,85,87,,,,concept:니케,186,이름 13줄,기록 3 · 이름 28줄,,,흔한 대상
keyword,auto,2,d_main_15af_06,29,d_main_16_10,4,ch15,ch16,85,87,,,,concept:언체인드,25,기록 7 · 이름 29줄,기록 2 · 이름 8줄,,,
keyword,auto,2,d_main_15af_06,16,d_main_16_10,8,ch15,ch16,85,87,,,,concept:침식,21,이름 16줄,이름 7줄,,,
keyword,auto,2,d_main_15af_06,8,d_main_16_10,7,ch15,ch16,85,87,,,,org:미실리스,32,기록 5 · 이름 14줄,기록 2 · 이름 7줄,,,
keyword,auto,2,d_main_15af_06,0,d_main_16_08,10,ch15,ch16,85,87,,,,org:카운터스,32,기록 2 · 이름 4줄,기록 3 · 이름 3줄,,,
keyword,auto,1,d_main_15af_04,24,d_main_16_01,11,ch15,ch16,85,87,,,,place:방주,171,기록 1 · 이름 8줄,기록 5 · 이름 18줄,,,흔한 대상
keyword,auto,1,d_main_15af_06,4,d_main_16_01,11,ch15,ch16,85,87,,,,place:지상,132,이름 13줄,이름 14줄,,,흔한 대상
character,auto,1,d_main_15af_06,29,ep:d_nikke_neon_01,0,ch15,char:11,85,94,,,,person:네온,55,말함 67줄(14%) · 이름 3줄,기록 5 · 말함 277줄(54%) · 이름 20줄,,,흔한 대상
character,auto,2,d_main_15af_01,49,ep:d_nikke_dolla_01,2,ch15,char:202,85,99,,,,person:도라,4,기록 2 · 말함 64줄(14%) · 이름 5줄,기록 12 · 말함 265줄(79%) · 이름 42줄,,,
keyword,auto,2,d_main_15af_04,6,ep:d_nikke_drake_01,12,ch15,char:101,85,100,,,,org:메티스,21,기록 4 · 이름 11줄,기록 1 · 이름 20줄,,,
character,auto,2,d_main_15af_01,52,ep:d_nikke_rupee_01,0,ch15,char:200,85,105,,,,person:루피,7,기록 2 · 말함 59줄(13%) · 이름 4줄,기록 7 · 말함 251줄(87%) · 이름 77줄,,,
keyword,auto,2,d_main_15_05,17,ep:d_nikke_mica_02,105,ch15,char:61,85,111,,,,place:전초기지,13,기록 2 · 이름 3줄,이름 5줄,,,
character,auto,2,d_main_15af_01,53,ep:d_nikke_centi_02,44,ch15,char:80,85,118,,,,person:얀,6,기록 2 · 말함 56줄(12%) · 이름 2줄,기록 1 · 말함 33줄(11%) · 이름 4줄,,,
keyword,auto,2,d_main_15af_01,10,ep:d_nikke_centi_03,2,ch15,char:80,85,118,,,,org:달란트,4,기록 3 · 이름 6줄,기록 1 · 이름 6줄,,,
character,auto,2,d_main_15af_05,21,ep:d_nikke_snowwhite_01,68,ch15,char:220,85,121,,,,person:스노우_화이트,26,기록 2 · 이름 3줄,기록 6 · 말함 325줄(96%) · 이름 44줄,,,
setup_payoff,record,3,d_main_15af_06,,ep:d_nikke_emma_03,,ch15,char:90,85,131,E102,암시,F622,,,,,확실,확정,
keyword,auto,2,d_main_15af_05,19,event_overzone2_01_s,25,ch15,event_overzone,85,203,,,,concept:에블라_입자,9,기록 2 · 이름 1줄,기록 1 · 이름 6줄,,,
callback,record,3,d_main_15af_04,,d_main_35bf_03,,ch15,ch35,85,358,E591,재언급,F395,,,,,확실,확정,
callback,record,3,d_main_15af_02,,d_main_35_02,,ch15,ch35,85,358,E598,재언급,F393,,,,,확실,확정,
callback,record,3,d_main_15af_04,,d_main_35_02,,ch15,ch35,85,358,E598,재언급,F395,,,,,확실,확정,
callback,record,2,d_main_15af_02,,fl:project_matis_21,,ch15,fl:project_matis,85,467,E1198,재언급,F393,,,,,추정,확정,
keyword,auto,1,relic:종말의서_00,0,d_main_16_01,20,relic:종말의서,ch16,86,87,,,,concept:랩쳐,142,기록 2,기록 1 · 이름 14줄,,,흔한 대상
keyword,auto,2,relic:종말의서_02,0,relic:장보기목록_02,0,relic:종말의서,relic:장보기목록,86,92,,,,incident:랩쳐_침공,12,기록 3,기록 2,,,
callback,record,2,relic:종말의서_00,,sub:데이파라_00,,relic:종말의서,sub:데이파라_00,86,166,E143,재언급,F402,,,,,추정,확정,
callback,record,3,relic:종말의서_00,,sub:2호_쉘터_관리계정_00,,relic:종말의서,sub:2호_쉘터_관리계정_00,86,200,E181,재언급,F402,,,,,확실,확정,
setup_payoff,record,2,relic:종말의서_00,,d_main_43_15,,relic:종말의서,ch43,86,434,E103,암시,F2410,,,,,추정,확정,
setup_payoff,record,2,d_main_16_07,,d_main_16af_02,,ch16,ch16,87,87,E104,암시,F2881,,,,,추정,확정,
setup_payoff,record,3,d_main_16_09_s,,d_main_16af_02,,ch16,ch16,87,87,E105,암시,F416,,,,,확실,확정,
setup_payoff,record,3,d_main_16_09_e,,d_main_16_13_e,,ch16,ch16,87,87,E106,암시,F412,,,,,확실,확정,
setup_payoff,record,3,d_main_16_09_e,,d_main_16af_03,,ch16,ch16,87,87,E107,암시,F417,,,,,확실,확정,
setup_payoff,record,3,d_main_16_10,,d_main_16af_02,,ch16,ch16,87,87,E108,암시,F416,,,,,확실,확정,
setup_payoff,record,3,d_main_16_13_s,,d_main_16_13_e,,ch16,ch16,87,87,E111,암시,F412,,,,,확실,확정,
character,auto,1,d_main_16_13_e,38,sub:방주_난민_00,35,ch16,sub:방주_난민_00,87,88,,,,person:아니스,119,기록 1 · 말함 102줄(17%) · 이름 5줄,말함 11줄(14%),,,흔한 대상
keyword,auto,1,d_main_16af_03,10,sub:방주_난민_00,0,ch16,sub:방주_난민_00,87,88,,,,place:방주,171,기록 5 · 이름 18줄,기록 1 · 이름 6줄,,,흔한 대상
keyword,auto,1,d_main_16af_03,58,sub:방주_난민_00,6,ch16,sub:방주_난민_00,87,88,,,,place:지상,132,이름 14줄,이름 7줄,,,흔한 대상
keyword,auto,1,d_main_16af_02,39,ep:d_nikke_guillotine_02,17,ch16,char:180,87,93,,,,concept:니케,186,기록 3 · 이름 28줄,기록 3 · 이름 24줄,,,흔한 대상
keyword,auto,1,d_main_16_13_e,47,ep:d_nikke_guillotine_02,93,ch16,char:180,87,93,,,,concept:랩쳐,142,기록 1 · 이름 14줄,이름 9줄,,,흔한 대상
keyword,auto,2,d_main_16af_01,10,ep:d_nikke_guillotine_03,66,ch16,char:180,87,93,,,,concept:침식,21,이름 7줄,기록 2 · 이름 5줄,,,
keyword,auto,2,d_main_16_13_s,3,ep:d_nikke_noah_01,2,ch16,char:232,87,96,,,,org:필그림,21,기록 1 · 이름 7줄,기록 3 · 이름 9줄,,,
keyword,auto,2,d_main_16af_02,31,ep:d_nikke_delta_03,58,ch16,char:20,87,98,,,,place:아우터_림,43,기록 3 · 이름 6줄,기록 3 · 이름 14줄,,,
keyword,auto,2,d_main_16af_03,7,ep:d_nikke_dolla_04,1,ch16,char:202,87,99,,,,org:엔터_헤븐,9,기록 2 · 이름 2줄,기록 3 · 이름 2줄,,,
keyword,auto,2,d_main_16af_01,2,ep:d_nikke_rapunzel_03,23,ch16,char:221,87,102,,,,concept:NIMPH,24,기록 2 · 이름 7줄,기록 4 · 이름 5줄,,,
character,auto,1,d_main_16af_02,56,ep:d_nikke_rapi_01,1,ch16,char:10,87,103,,,,person:라피,85,기록 1 · 말함 64줄(11%) · 이름 2줄,기록 4 · 말함 309줄(94%) · 이름 12줄,,,흔한 대상
character,auto,2,d_main_16af_03,56,ep:d_nikke_maxwell_01,1,ch16,char:102,87,107,,,,person:슈엔,30,기록 6 · 말함 29줄(5%) · 이름 7줄,기록 4 · 말함 23줄(6%) · 이름 12줄,,,
keyword,auto,2,d_main_16af_03,8,ep:d_nikke_maxwell_01,1,ch16,char:102,87,107,,,,org:미실리스,32,기록 2 · 이름 7줄,기록 1 · 이름 10줄,,,
character,auto,2,d_main_16af_02,60,ep:d_nikke_mihara_01,0,ch16,char:161,87,112,,,,person:미하라,14,기록 2 · 말함 6줄(1%) · 이름 1줄,기록 4 · 말함 225줄(55%) · 이름 29줄,,,
keyword,auto,2,d_main_16_13_e,56,ep:d_nikke_anis_03,102,ch16,char:12,87,123,,,,concept:아웃로,5,기록 1 · 이름 12줄,기록 2 · 이름 4줄,,,
keyword,auto,2,d_main_16_13_e,69,ep:d_nikke_emma_01,25,ch16,char:90,87,131,,,,org:카운터스,32,기록 3 · 이름 3줄,기록 2 · 이름 2줄,,,
callback,record,3,d_main_16_01,,ep:d_nikke_crow_01,,ch16,char:110,87,137,E1278,재언급,F403,,,,,확실,확정,
character,auto,2,d_main_16af_03,57,ep:d_nikke_crow_01,1,ch16,char:110,87,137,,,,person:크로우,9,기록 17 · 말함 201줄(33%) · 이름 12줄,기록 9 · 말함 328줄(93%) · 이름 8줄,,,
keyword,auto,2,d_main_16af_03,9,ep:d_nikke_crow_02,92,ch16,char:110,87,137,,,,org:이그조틱,14,기록 12 · 이름 10줄,기록 2,,,
sequel,auto,3,d_main_16af_03,,d_main_17_01_s,,ch16,ch17,87,148,,,,,,,,,,다음 챕터
setup_payoff,record,3,d_main_16_10,,d_main_17af_01,,ch16,ch17,87,148,E109,암시,F689,,,,,확실,확정,
setup_payoff,record,3,d_main_16_13_e,,d_main_17_01_s,,ch16,ch17,87,148,Q75-2,회수,Q75,,,,,확실,확정,전부 · 답 F675
keyword,auto,2,d_main_16_11,18,d_main_17_01_e,5,ch16,ch17,87,148,,,,concept:언체인드,25,기록 2 · 이름 8줄,기록 6 · 이름 27줄,,,
setup_payoff,record,3,d_main_16_10,,d_main_18af_04,,ch16,ch18,87,152,E108,암시,F706,,,,,확실,확정,
setup_payoff,record,3,d_main_16af_01,,d_main_18af_02,,ch16,ch18,87,152,E112,암시,F704,,,,,확실,확정,
setup_payoff,record,2,d_main_16af_03,,d_main_18af_04,,ch16,ch18,87,152,Q76-2,회수,Q76,,,,,추정,확정,일부 · 답 F706
character,auto,2,d_main_16af_03,55,event_doutsiders_01_s,19,ch16,event_doutsiders,87,171,,,,person:바이퍼,11,기록 8 · 말함 69줄(11%) · 이름 9줄,기록 4 · 말함 154줄(37%) · 이름 17줄,,,
character,auto,2,d_main_16af_03,35,ep:d_nikke_jackal_01,3,ch16,char:111,87,174,,,,person:자칼,7,기록 4 · 말함 56줄(9%) · 이름 9줄,기록 6 · 말함 246줄(55%) · 이름 108줄,,,
character,auto,2,d_main_16af_03,7,d_main_22_06,55,ch16,ch22,87,197,,,,person:JohnD,2,기록 4 · 이름 9줄,기록 3 · 이름 1줄,,,
callback,record,3,d_main_16_13_e,,d_main_23_05_s,,ch16,ch23,87,217,E223,재언급,F412,,,,,확실,확정,
setup_payoff,record,2,d_main_16_07,,d_main_24_04,,ch16,ch24,87,221,E104,암시,F1010,,,,,추정,확정,
setup_payoff,record,3,d_main_16af_03,,d_main_24_06_s,,ch16,ch24,87,221,E114,암시,F1014,,,,,확실,확정,
callback,record,3,d_main_16_13_e,,d_main_24_06_s,,ch16,ch24,87,221,E237,재언급,F412,,,,,확실,확정,
setup_payoff,record,2,d_main_16_11,,fl:enter_heaven_09,,ch16,fl:enter_heaven,87,442,E110,암시,F2499,,,,,추정,확정,
reversal,record,3,d_main_16_01,,fl:enter_heaven_10,,ch16,fl:enter_heaven,87,442,F403-2,뒤집음,F403,,,,,확실,확정,답 F2499
sequel,auto,3,sub:방주_난민_00,,sub:방주_난민_01,,sub:방주_난민_00,sub:방주_난민_01,88,89,,,,,,,,,,서브퀘스트 다음 편
character,auto,2,sub:방주_난민_00,94,sub:방주_난민_01,0,sub:방주_난민_00,sub:방주_난민_01,88,89,,,,person:방주_난민,4,기록 2 · 말함 64줄(81%) · 이름 3줄,기록 2 · 말함 70줄(90%) · 이름 2줄,,,
keyword,auto,1,sub:방주_난민_00,88,sub:방주_난민_02,0,sub:방주_난민_00,sub:방주_난민_02,88,90,,,,place:방주,171,기록 1 · 이름 6줄,기록 1 · 이름 6줄,,,흔한 대상
character,auto,1,sub:방주_난민_00,74,sub:방주_난민_03,20,sub:방주_난민_00,sub:방주_난민_03,88,91,,,,person:아니스,119,말함 11줄(14%),말함 9줄(15%),,,흔한 대상
keyword,auto,1,sub:방주_난민_00,37,ep:d_nikke_neon_03,120,sub:방주_난민_00,char:11,88,94,,,,place:지상,132,이름 7줄,이름 5줄,,,흔한 대상
sequel,auto,3,sub:방주_난민_01,,sub:방주_난민_02,,sub:방주_난민_01,sub:방주_난민_02,89,90,,,,,,,,,,서브퀘스트 다음 편
character,auto,2,sub:방주_난민_01,84,sub:방주_난민_02,0,sub:방주_난민_01,sub:방주_난민_02,89,90,,,,person:방주_난민,4,기록 2 · 말함 70줄(90%) · 이름 2줄,기록 1 · 말함 73줄(85%) · 이름 4줄,,,
sequel,auto,3,sub:방주_난민_02,,sub:방주_난민_03,,sub:방주_난민_02,sub:방주_난민_03,90,91,,,,,,,,,,서브퀘스트 다음 편
character,auto,2,sub:방주_난민_02,91,sub:방주_난민_03,0,sub:방주_난민_02,sub:방주_난민_03,90,91,,,,person:방주_난민,4,기록 1 · 말함 73줄(85%) · 이름 4줄,기록 3 · 말함 41줄(69%) · 이름 5줄,,,
keyword,auto,1,sub:방주_난민_02,99,sub:방주_난민_03,0,sub:방주_난민_02,sub:방주_난민_03,90,91,,,,place:방주,171,기록 1 · 이름 6줄,이름 7줄,,,흔한 대상
keyword,auto,1,sub:방주_난민_03,51,ep:d_nikke_guillotine_02,99,sub:방주_난민_03,char:180,91,93,,,,place:방주,171,이름 7줄,기록 3 · 이름 5줄,,,흔한 대상
character,auto,1,sub:방주_난민_03,50,ep:d_nikke_rapi_01,85,sub:방주_난민_03,char:10,91,103,,,,person:아니스,119,말함 9줄(15%),기록 2 · 말함 14줄(4%) · 이름 3줄,,,흔한 대상
keyword,auto,2,relic:장보기목록_03,0,event_nocallerid_01_s,17,relic:장보기목록,event_nocallerid,92,146,,,,incident:랩쳐_침공,12,기록 2,기록 2 · 이름 1줄,,,
prereq,game-condition,3,ep:d_nikke_guillotine_01,,ep:d_nikke_guillotine_02,,char:180,char:180,93,93,,,,,,,,,,condition_scenario_group_id
prereq,game-condition,3,ep:d_nikke_guillotine_02,,ep:d_nikke_guillotine_03,,char:180,char:180,93,93,,,,,,,,,,condition_scenario_group_id
prereq,game-condition,3,ep:d_nikke_guillotine_03,,ep:d_nikke_guillotine_04,,char:180,char:180,93,93,,,,,,,,,,condition_scenario_group_id
prereq,game-condition,3,ep:d_nikke_guillotine_04,,ep:d_nikke_guillotine_05,,char:180,char:180,93,93,,,,,,,,,,condition_scenario_group_id
character,auto,2,ep:d_nikke_guillotine_05,174,ep:d_nikke_neon_03,0,char:180,char:11,93,94,,,,person:잉그리드,37,기록 3 · 이름 8줄,기록 1 · 말함 64줄(12%) · 이름 8줄,,,
keyword,auto,1,ep:d_nikke_guillotine_05,66,ep:d_nikke_neon_02,17,char:180,char:11,93,94,,,,concept:니케,186,기록 3 · 이름 24줄,기록 1 · 이름 5줄,,,흔한 대상
keyword,auto,1,ep:d_nikke_guillotine_04,82,ep:d_nikke_noah_01,29,char:180,char:232,93,96,,,,concept:랩쳐,142,이름 9줄,기록 1 · 이름 12줄,,,흔한 대상
keyword,auto,1,ep:d_nikke_guillotine_05,73,ep:d_nikke_delta_01,0,char:180,char:20,93,98,,,,place:방주,171,기록 3 · 이름 5줄,기록 1 · 이름 9줄,,,흔한 대상
keyword,auto,2,ep:d_nikke_guillotine_04,100,d_main_18_06,48,char:180,ch18,93,152,,,,concept:침식,21,기록 2 · 이름 5줄,이름 6줄,,,
keyword,auto,2,ep:d_nikke_guillotine_05,12,d_main_22_09,4,char:180,ch22,93,197,,,,org:익스터너,5,기록 2 · 이름 1줄,기록 2 · 이름 2줄,,,
setup_payoff,record,3,ep:d_nikke_guillotine_02,,d_main_23_10_e,,char:180,ch23,93,217,Q77-2,회수,Q77,,,,,확실,확정,일부 · 답 F997
character,auto,2,ep:d_nikke_guillotine_05,178,d_main_23_02_s,76,char:180,ch23,93,217,,,,person:길로틴,6,기록 13 · 말함 361줄(91%) · 이름 16줄,기록 2 · 말함 51줄(4%) · 이름 9줄,,,
setup_payoff,record,2,ep:d_nikke_guillotine_04,,event_oldtales2_03_e,,char:180,event_oldtales1,93,338,E1248,암시,F1681,,,,,추정,확정,
prereq,game-condition,3,ep:d_nikke_neon_01,,ep:d_nikke_neon_02,,char:11,char:11,94,94,,,,,,,,,,condition_scenario_group_id
prereq,game-condition,3,ep:d_nikke_neon_02,,ep:d_nikke_neon_03,,char:11,char:11,94,94,,,,,,,,,,condition_scenario_group_id
prereq,game-condition,3,ep:d_nikke_neon_03,,ep:d_nikke_neon_04,,char:11,char:11,94,94,,,,,,,,,,condition_scenario_group_id
prereq,game-condition,3,ep:d_nikke_neon_04,,ep:d_nikke_neon_05,,char:11,char:11,94,94,,,,,,,,,,condition_scenario_group_id
keyword,auto,1,ep:d_nikke_neon_05,69,ep:d_nikke_novel_01,28,char:11,char:212,94,95,,,,concept:니케,186,기록 1 · 이름 5줄,이름 18줄,,,흔한 대상
keyword,auto,1,ep:d_nikke_neon_05,53,ep:d_nikke_noah_01,7,char:11,char:232,94,96,,,,place:지상,132,이름 5줄,이름 9줄,,,흔한 대상
character,auto,2,ep:d_nikke_neon_05,109,ep:d_nikke_maiden_01,24,char:11,char:181,94,109,,,,person:잉그리드,37,기록 1 · 말함 64줄(12%) · 이름 8줄,기록 2 · 말함 33줄(9%) · 이름 1줄,,,
character,auto,2,ep:d_nikke_neon_04,76,ep:d_nikke_milk_01,2,char:11,char:141,94,113,,,,person:밀크,10,기록 2 · 말함 39줄(8%) · 이름 5줄,기록 4 · 말함 301줄(76%) · 이름 27줄,,,
character,auto,1,ep:d_nikke_neon_05,125,ep:d_nikke_yuni_01,3,char:11,char:160,94,132,,,,person:네온,55,기록 5 · 말함 277줄(54%) · 이름 20줄,말함 59줄(15%) · 이름 3줄,,,흔한 대상
keyword,auto,2,ep:d_nikke_neon_03,33,ep:d_nikke_eunhwa_01,1,char:11,char:92,94,135,,,,org:엘리시온,17,기록 2 · 이름 1줄,기록 2 · 이름 8줄,,,
setup_payoff,record,2,ep:d_nikke_neon_03,,d_main_43_14,,char:11,ch43,94,434,E1592,암시,F2409,,,,,추정,확정,
setup_payoff,record,2,ep:d_nikke_neon_05,,d_main_43_08,,char:11,ch43,94,434,E1593,암시,F2893,,,,,추정,확정,
callback,record,3,ep:d_nikke_neon_05,,d_main_43_08,,char:11,ch43,94,434,E1008,재언급,F443,,,,,확실,확정,
prereq,game-condition,3,ep:d_nikke_novel_01,,ep:d_nikke_novel_02,,char:212,char:212,95,95,,,,,,,,,,condition_scenario_group_id
prereq,game-condition,3,ep:d_nikke_novel_02,,ep:d_nikke_novel_03,,char:212,char:212,95,95,,,,,,,,,,condition_scenario_group_id
prereq,game-condition,3,ep:d_nikke_novel_03,,ep:d_nikke_novel_04,,char:212,char:212,95,95,,,,,,,,,,condition_scenario_group_id
prereq,game-condition,3,ep:d_nikke_novel_04,,ep:d_nikke_novel_05,,char:212,char:212,95,95,,,,,,,,,,condition_scenario_group_id
keyword,auto,1,ep:d_nikke_novel_05,1,ep:d_nikke_noah_01,14,char:212,char:232,95,96,,,,concept:니케,186,이름 18줄,기록 1 · 이름 17줄,,,흔한 대상
callback,record,3,ep:d_nikke_novel_01,,ep:d_nikke_anis_02,,char:212,char:12,95,123,F444-2,드러냄,F444,,,,,확실,확정,
character,auto,2,ep:d_nikke_novel_05,90,ep:d_nikke_exia_01,4,char:212,char:210,95,130,,,,person:엑시아,12,말함 71줄(17%) · 이름 19줄,기록 5 · 말함 263줄(79%) · 이름 26줄,,,
character,auto,2,ep:d_nikke_novel_05,86,ep:d_nikke_emma_01,24,char:212,char:90,95,131,,,,person:엠마,10,말함 42줄(10%) · 이름 19줄,기록 4 · 말함 244줄(76%) · 이름 8줄,,,
character,auto,2,ep:d_nikke_novel_05,144,event_phantomthiefvsdetective_01_s,4,char:212,event_phantomthiefvsdetective,95,328,,,,person:노벨,3,기록 2 · 말함 247줄(60%) · 이름 20줄,기록 2 · 말함 190줄(14%) · 이름 37줄,,,
setup_payoff,record,3,ep:d_nikke_novel_01,,event_newflavor_06_s,,char:212,event_newflavor,95,367,Q78-2,회수,Q78,,,,,확실,확정,일부 · 답 F1837
prereq,game-condition,3,ep:d_nikke_noah_01,,ep:d_nikke_noah_02,,char:232,char:232,96,96,,,,,,,,,,condition_scenario_group_id
prereq,game-condition,3,ep:d_nikke_noah_02,,ep:d_nikke_noah_03,,char:232,char:232,96,96,,,,,,,,,,condition_scenario_group_id
prereq,game-condition,3,ep:d_nikke_noah_03,,ep:d_nikke_noah_04,,char:232,char:232,96,96,,,,,,,,,,condition_scenario_group_id
prereq,game-condition,3,ep:d_nikke_noah_04,,ep:d_nikke_noah_05,,char:232,char:232,96,96,,,,,,,,,,condition_scenario_group_id
keyword,auto,1,ep:d_nikke_noah_05,43,ep:d_nikke_dolla_01,14,char:232,char:202,96,99,,,,concept:니케,186,기록 1 · 이름 17줄,기록 1 · 이름 18줄,,,흔한 대상
keyword,auto,1,ep:d_nikke_noah_05,41,ep:d_nikke_rapunzel_01,73,char:232,char:221,96,102,,,,concept:랩쳐,142,기록 1 · 이름 12줄,기록 2 · 이름 18줄,,,흔한 대상
keyword,auto,2,ep:d_nikke_noah_05,24,ep:d_nikke_rapunzel_01,58,char:232,char:221,96,102,,,,org:필그림,21,기록 3 · 이름 9줄,기록 3 · 이름 1줄,,,
keyword,auto,1,ep:d_nikke_noah_04,58,ep:d_nikke_rapi_01,102,char:232,char:10,96,103,,,,place:지상,132,이름 9줄,이름 6줄,,,흔한 대상
setup_payoff,record,3,ep:d_nikke_noah_01,,ep:d_nikke_maxwell_02,,char:232,char:102,96,107,E1249,암시,F529,,,,,확실,확정,
character,auto,2,ep:d_nikke_noah_01,17,ep:d_nikke_maxwell_01,0,char:232,char:102,96,107,,,,person:맥스웰,15,기록 2 · 이름 1줄,기록 12 · 말함 390줄(94%) · 이름 29줄,,,
setup_payoff,record,2,ep:d_nikke_noah_02,,d_main_19_05,,char:232,ch19,96,165,Q79-2,회수,Q79,,,,,추정,확정,일부 · 답 F745
character,auto,2,ep:d_nikke_noah_05,105,d_main_19_05,25,char:232,ch19,96,165,,,,person:노아,9,기록 12 · 말함 333줄(94%) · 이름 27줄,기록 2 · 말함 7줄(1%) · 이름 3줄,,,
keyword,auto,2,ep:d_nikke_noah_05,95,d_main_19_05,25,char:232,ch19,96,165,,,,place:에덴,25,기록 3 · 이름 3줄,기록 9 · 이름 18줄,,,
callback,record,3,ep:d_nikke_noah_02,,sub:에덴_Notice_00,,char:232,sub:에덴_Notice_00,96,192,E164,재언급,Q79,,,,,확실,확정,
keyword,auto,2,ep:d_nikke_noah_05,0,event_alonesurvivor_prologue,2,char:232,event_alonesurvivor,96,253,,,,org:언리미티드,6,기록 1 · 이름 5줄,기록 6 · 이름 8줄,,,
keyword,auto,2,ep:d_nikke_noah_05,36,fl:absolute_01,2,char:232,fl:absolute,96,400,,,,concept:블랙스미스,3,이름 5줄,기록 5 · 이름 12줄,,,
setup_payoff,record,3,ep:d_nikke_noah_01,,erelic:goddess_fall_mini_05,,char:232,erelic:goddess_fall_mini,96,419,E1250,암시,F2330,,,,,확실,확정,
setup_payoff,record,3,ep:d_nikke_noah_03,,erelic:goddess_fall_mini_05,,char:232,erelic:goddess_fall_mini,96,419,E1251,암시,Q80,,,,,확실,확정,
setup_payoff,record,3,ep:d_nikke_noah_05,,erelic:goddess_fall_mini_05,,char:232,erelic:goddess_fall_mini,96,419,Q80-2,회수,Q80,,,,,확실,확정,일부 · 답 F2330
callback,record,3,ep:d_nikke_noah_01,,erelic:goddess_fall_mini_05,,char:232,erelic:goddess_fall_mini,96,419,E962,재언급,F447,,,,,확실,확정,
prereq,game-condition,3,ep:d_nikke_noise_01,,ep:d_nikke_noise_02,,char:430,char:430,97,97,,,,,,,,,,condition_scenario_group_id
prereq,game-condition,3,ep:d_nikke_noise_02,,ep:d_nikke_noise_03,,char:430,char:430,97,97,,,,,,,,,,condition_scenario_group_id
prereq,game-condition,3,ep:d_nikke_noise_03,,ep:d_nikke_noise_04,,char:430,char:430,97,97,,,,,,,,,,condition_scenario_group_id
prereq,game-condition,3,ep:d_nikke_noise_04,,ep:d_nikke_noise_05,,char:430,char:430,97,97,,,,,,,,,,condition_scenario_group_id
keyword,auto,2,ep:d_nikke_noise_05,0,ep:d_nikke_diesel_03,60,char:430,char:72,97,101,,,,place:로열_로드,7,기록 1 · 이름 5줄,이름 8줄,,,
callback,record,2,ep:d_nikke_noise_04,,event_cherryblossom_02_s,,char:430,event_cherryblossom,97,185,E156,재언급,F457,,,,,추정,확정,
character,auto,2,ep:d_nikke_noise_05,117,event_cherryblossom_02_s,85,char:430,event_cherryblossom,97,185,,,,person:노이즈,5,기록 7 · 말함 340줄(87%) · 이름 41줄,기록 2 · 말함 30줄(4%) · 이름 3줄,,,
prereq,game-condition,3,ep:d_nikke_delta_01,,ep:d_nikke_delta_02,,char:20,char:20,98,98,,,,,,,,,,condition_scenario_group_id
prereq,game-condition,3,ep:d_nikke_delta_02,,ep:d_nikke_delta_03,,char:20,char:20,98,98,,,,,,,,,,condition_scenario_group_id
prereq,game-condition,3,ep:d_nikke_delta_03,,ep:d_nikke_delta_04,,char:20,char:20,98,98,,,,,,,,,,condition_scenario_group_id
prereq,game-condition,3,ep:d_nikke_delta_04,,ep:d_nikke_delta_05,,char:20,char:20,98,98,,,,,,,,,,condition_scenario_group_id
keyword,auto,1,ep:d_nikke_delta_05,51,ep:d_nikke_dolla_01,59,char:20,char:202,98,99,,,,place:방주,171,기록 1 · 이름 9줄,이름 9줄,,,흔한 대상
keyword,auto,2,ep:d_nikke_delta_05,44,ep:d_nikke_dolla_03,18,char:20,char:202,98,99,,,,place:아우터_림,43,기록 3 · 이름 14줄,기록 3 · 이름 4줄,,,
keyword,auto,1,ep:d_nikke_delta_04,64,ep:d_nikke_rapi_01,20,char:20,char:10,98,103,,,,org:중앙_정부,67,이름 12줄,기록 4 · 이름 16줄,,,흔한 대상
character,auto,2,ep:d_nikke_delta_05,136,fl:absolute_03,53,char:20,fl:absolute,98,400,,,,person:델타,4,기록 11 · 말함 269줄(79%) · 이름 34줄,기록 2 · 말함 33줄(2%) · 이름 25줄,,,
prereq,game-condition,3,ep:d_nikke_dolla_01,,ep:d_nikke_dolla_02,,char:202,char:202,99,99,,,,,,,,,,condition_scenario_group_id
prereq,game-condition,3,ep:d_nikke_dolla_02,,ep:d_nikke_dolla_03,,char:202,char:202,99,99,,,,,,,,,,condition_scenario_group_id
prereq,game-condition,3,ep:d_nikke_dolla_03,,ep:d_nikke_dolla_04,,char:202,char:202,99,99,,,,,,,,,,condition_scenario_group_id
prereq,game-condition,3,ep:d_nikke_dolla_04,,ep:d_nikke_dolla_05,,char:202,char:202,99,99,,,,,,,,,,condition_scenario_group_id
keyword,auto,1,ep:d_nikke_dolla_05,98,ep:d_nikke_drake_02,97,char:202,char:101,99,100,,,,concept:니케,186,기록 1 · 이름 18줄,기록 1 · 이름 7줄,,,흔한 대상
keyword,auto,2,ep:d_nikke_dolla_04,25,ep:d_nikke_drake_04,64,char:202,char:101,99,100,,,,org:엔터_헤븐,9,기록 3 · 이름 2줄,기록 1 · 이름 9줄,,,
keyword,auto,1,ep:d_nikke_dolla_05,93,ep:d_nikke_drake_01,8,char:202,char:101,99,100,,,,place:방주,171,이름 9줄,기록 2 · 이름 18줄,,,흔한 대상
setup_payoff,record,3,ep:d_nikke_dolla_04,,ep:d_nikke_diesel_01,,char:202,char:72,99,101,E1252,암시,F483,,,,,확실,확정,
keyword,auto,2,ep:d_nikke_dolla_04,42,ep:d_nikke_sugar_01,44,char:202,char:140,99,120,,,,place:아우터_림,43,기록 3 · 이름 4줄,기록 4 · 이름 11줄,,,
character,auto,2,ep:d_nikke_dolla_05,12,ep:d_nikke_viper_01,8,char:202,char:112,99,176,,,,person:시프티,18,기록 1 · 말함 69줄(21%) · 이름 2줄,기록 2 · 말함 26줄(8%),,,
character,auto,2,ep:d_nikke_dolla_05,105,d_main_22_07,1,char:202,ch22,99,197,,,,person:도라,4,기록 12 · 말함 265줄(79%) · 이름 42줄,기록 2 · 말함 33줄(3%) · 이름 1줄,,,
keyword,auto,2,ep:d_nikke_dolla_05,79,d_main_22_05_e,18,char:202,ch22,99,197,,,,place:블랙넷,6,기록 3 · 이름 16줄,기록 3 · 이름 7줄,,,
prereq,game-condition,3,ep:d_nikke_drake_01,,ep:d_nikke_drake_02,,char:101,char:101,100,100,,,,,,,,,,condition_scenario_group_id
prereq,game-condition,3,ep:d_nikke_drake_02,,ep:d_nikke_drake_03,,char:101,char:101,100,100,,,,,,,,,,condition_scenario_group_id
prereq,game-condition,3,ep:d_nikke_drake_03,,ep:d_nikke_drake_04,,char:101,char:101,100,100,,,,,,,,,,condition_scenario_group_id
prereq,game-condition,3,ep:d_nikke_drake_04,,ep:d_nikke_drake_05,,char:101,char:101,100,100,,,,,,,,,,condition_scenario_group_id
keyword,auto,2,ep:d_nikke_drake_03,110,ep:d_nikke_diesel_03,59,char:101,char:72,100,101,,,,concept:퍼펙트,16,기록 1 · 이름 5줄,이름 9줄,,,
keyword,auto,1,ep:d_nikke_drake_04,145,ep:d_nikke_rapunzel_01,38,char:101,char:221,100,102,,,,concept:니케,186,기록 1 · 이름 7줄,기록 2 · 이름 12줄,,,흔한 대상
keyword,auto,1,ep:d_nikke_drake_05,102,ep:d_nikke_rapi_01,108,char:101,char:10,100,103,,,,place:방주,171,기록 2 · 이름 18줄,기록 3 · 이름 7줄,,,흔한 대상
keyword,auto,2,ep:d_nikke_drake_05,7,d_main_17_07,27,char:101,ch17,100,148,,,,org:메티스,21,기록 1 · 이름 20줄,기록 4 · 이름 30줄,,,
callback,record,2,ep:d_nikke_drake_01,,d_main_18_11,,char:101,ch18,100,152,E130,재언급,F476,,,,,추정,확정,
character,auto,2,ep:d_nikke_drake_05,102,d_main_18_01,60,char:101,ch18,100,152,,,,person:드레이크,16,기록 6 · 말함 295줄(84%) · 이름 64줄,기록 3 · 말함 64줄(6%) · 이름 10줄,,,
keyword,auto,2,ep:d_nikke_drake_05,3,event_doutsiders_prologue,8,char:101,event_doutsiders,100,171,,,,org:엔터_헤븐,9,기록 1 · 이름 9줄,기록 3 · 이름 14줄,,,
keyword,auto,2,ep:d_nikke_drake_05,88,ep:d_nikke_c_2_01,4,char:101,char:801,100,181,,,,org:빌런_연합,5,기록 2 · 이름 17줄,기록 1 · 이름 23줄,,,
callback,record,3,ep:d_nikke_drake_01,,event_freezeacpu_02_e,,char:101,event_freezeacpu,100,239,E247,재언급,F476,,,,,확실,확정,
callback,record,3,ep:d_nikke_drake_01,,fl:great_villain_union_01,,char:101,fl:great_villain_union,100,478,E1585,재언급,F476,,,,,확실,확정,
callback,record,2,ep:d_nikke_drake_05,,fl:great_villain_union_02,,char:101,fl:great_villain_union,100,478,E1586,재언급,F481,,,,,추정,확정,
character,game-condition,3,ep:d_nikke_drake_01,,fav:200801,,char:101,,100,,,,,,,,,,,애장품 소유: 드레이크 (name_code 5024)
prereq,game-condition,3,ep:d_nikke_diesel_01,,ep:d_nikke_diesel_02,,char:72,char:72,101,101,,,,,,,,,,condition_scenario_group_id
prereq,game-condition,3,ep:d_nikke_diesel_02,,ep:d_nikke_diesel_03,,char:72,char:72,101,101,,,,,,,,,,condition_scenario_group_id
prereq,game-condition,3,ep:d_nikke_diesel_03,,ep:d_nikke_diesel_04,,char:72,char:72,101,101,,,,,,,,,,condition_scenario_group_id
prereq,game-condition,3,ep:d_nikke_diesel_04,,ep:d_nikke_diesel_05,,char:72,char:72,101,101,,,,,,,,,,condition_scenario_group_id
setup_payoff,record,3,ep:d_nikke_diesel_01,,ep:d_nikke_diesel_02,,char:72,char:72,101,101,E1253,암시,F484,,,,,확실,확정,
setup_payoff,record,3,ep:d_nikke_diesel_01,,ep:d_nikke_diesel_02,,char:72,char:72,101,101,E1254,암시,F486,,,,,확실,확정,
character,auto,2,ep:d_nikke_diesel_05,32,ep:d_nikke_ludmilla_01,40,char:72,char:190,101,104,,,,person:엔더슨,32,기록 2 · 말함 5줄(1%) · 이름 7줄,기록 2 · 말함 32줄(8%) · 이름 1줄,,,
keyword,auto,2,ep:d_nikke_diesel_05,2,ep:d_nikke_rupee_01,9,char:72,char:200,101,105,,,,place:로열_로드,7,이름 8줄,기록 2 · 이름 12줄,,,
keyword,auto,2,ep:d_nikke_diesel_05,29,ep:d_nikke_mica_03,29,char:72,char:61,101,111,,,,concept:퍼펙트,16,이름 9줄,이름 7줄,,,
character,auto,2,ep:d_nikke_diesel_05,92,ep:d_nikke_brid_01,68,char:72,char:70,101,117,,,,person:디젤,7,기록 11 · 말함 277줄(77%) · 이름 42줄,기록 1 · 말함 52줄(14%) · 이름 13줄,,,
character,auto,2,ep:d_nikke_diesel_04,101,ep:d_nikke_brid_01,0,char:72,char:70,101,117,,,,person:브리드,5,기록 3 · 말함 30줄(8%) · 이름 15줄,기록 9 · 말함 279줄(75%) · 이름 65줄,,,
character,auto,2,ep:d_nikke_diesel_03,119,ep:d_nikke_brid_01,0,char:72,char:70,101,117,,,,person:솔린,9,기록 3 · 말함 16줄(4%) · 이름 5줄,말함 39줄(11%) · 이름 7줄,,,
setup_payoff,record,2,ep:d_nikke_diesel_02,,ep:d_nikke_soline_04,,char:72,char:71,101,119,E1255,암시,F574,,,,,추정,확정,
keyword,auto,2,ep:d_nikke_diesel_02,52,d_main_24_01,35,char:72,ch24,101,221,,,,org:인피니티_레일,5,기록 3 · 이름 2줄,기록 3 · 이름 1줄,,,
callback,record,3,ep:d_nikke_diesel_02,,fl:terminus_ticket_15,,char:72,fl:terminus_ticket,101,425,E1455,재언급,F484,,,,,확실,확정,
callback,record,3,ep:d_nikke_diesel_02,,fl:terminus_ticket_24,,char:72,fl:terminus_ticket,101,425,E1460,재언급,F486,,,,,확실,확정,
keyword,auto,2,ep:d_nikke_diesel_04,9,fl:terminus_ticket_14,65,char:72,fl:terminus_ticket,101,425,,,,incident:AFX_열차_테러,3,기록 5 · 이름 5줄,이름 6줄,,,
setup_payoff,record,2,ep:d_nikke_diesel_03,,fl:ark_guardian_25,,char:72,fl:ark_guardian,101,428,E1256,암시,F2373,,,,,추정,확정,
character,game-condition,3,ep:d_nikke_diesel_01,,fav:200101,,char:72,,101,,,,,,,,,,,애장품 소유: 디젤 (name_code 5020)
prereq,game-condition,3,ep:d_nikke_rapunzel_01,,ep:d_nikke_rapunzel_02,,char:221,char:221,102,102,,,,,,,,,,condition_scenario_group_id
prereq,game-condition,3,ep:d_nikke_rapunzel_02,,ep:d_nikke_rapunzel_03,,char:221,char:221,102,102,,,,,,,,,,condition_scenario_group_id
prereq,game-condition,3,ep:d_nikke_rapunzel_03,,ep:d_nikke_rapunzel_04,,char:221,char:221,102,102,,,,,,,,,,condition_scenario_group_id
prereq,game-condition,3,ep:d_nikke_rapunzel_04,,ep:d_nikke_rapunzel_05,,char:221,char:221,102,102,,,,,,,,,,condition_scenario_group_id
keyword,auto,1,ep:d_nikke_rapunzel_04,57,ep:d_nikke_rapi_01,63,char:221,char:10,102,103,,,,concept:니케,186,기록 2 · 이름 12줄,기록 5 · 이름 31줄,,,흔한 대상
keyword,auto,1,ep:d_nikke_rapunzel_05,70,ep:d_nikke_vesti_01,96,char:221,char:91,102,114,,,,concept:랩쳐,142,기록 2 · 이름 18줄,이름 5줄,,,흔한 대상
keyword,auto,2,ep:d_nikke_rapunzel_04,4,ep:d_nikke_hongryeon_01,26,char:221,char:222,102,144,,,,org:필그림,21,기록 3 · 이름 1줄,기록 1 · 이름 10줄,,,
setup_payoff,record,3,ep:d_nikke_rapunzel_04,,d_main_17_08,,char:221,ch17,102,148,Q83-2,회수,Q83,,,,,확실,확정,일부 · 답 F683
setup_payoff,record,3,ep:d_nikke_rapunzel_04,,d_main_17_07,,char:221,ch17,102,148,Q84-2,회수,Q84,,,,,확실,확정,일부 · 답 F681
character,auto,2,ep:d_nikke_rapunzel_05,105,d_main_17_01_s,2,char:221,ch17,102,148,,,,person:라푼젤,18,기록 16 · 말함 340줄(95%) · 이름 28줄,기록 10 · 말함 220줄(24%) · 이름 18줄,,,
keyword,auto,2,ep:d_nikke_rapunzel_05,71,d_main_17_02,34,char:221,ch17,102,148,,,,concept:NIMPH,24,기록 4 · 이름 5줄,기록 3 · 이름 22줄,,,
keyword,auto,2,ep:d_nikke_rapunzel_04,78,d_main_17_04,8,char:221,ch17,102,148,,,,org:갓데스,30,기록 2 · 이름 1줄,기록 11 · 이름 8줄,,,
setup_payoff,record,3,ep:d_nikke_rapunzel_04,,event_overzone1_01_e,,char:221,event_overzone,102,203,Q84-3,회수,Q84,,,,,확실,확정,전부 · 답 F907
setup_payoff,record,2,ep:d_nikke_rapunzel_04,,d_main_24_02,,char:221,ch24,102,221,E1259,암시,F1007,,,,,추정,확정,
setup_payoff,record,3,ep:d_nikke_rapunzel_04,,d_main_25_08_e,,char:221,ch25,102,241,Q82-2,회수,Q82,,,,,확실,확정,일부 · 답 F1109
setup_payoff,record,3,ep:d_nikke_rapunzel_04,,event_footstepwalkrun2_06_e,,char:221,event_footstepwalkrun1,102,350,Q82-3,회수,Q82,,,,,확실,확정,일부 · 답 F1763
setup_payoff,record,2,ep:d_nikke_rapunzel_04,,fl:ark_guardian_25,,char:221,fl:ark_guardian,102,428,E1257,암시,F2373,,,,,추정,확정,
setup_payoff,record,3,ep:d_nikke_rapunzel_04,,fl:ark_guardian_26,,char:221,fl:ark_guardian,102,428,Q83-3,회수,Q83,,,,,확실,확정,전부 · 답 F2373
setup_payoff,record,3,ep:d_nikke_rapunzel_05,,d_main_48_03,,char:221,ch48,102,472,E1258,암시,F2830,,,,,확실,확정,
prereq,game-condition,3,ep:d_nikke_rapi_01,,ep:d_nikke_rapi_02,,char:10,char:10,103,103,,,,,,,,,,condition_scenario_group_id
prereq,game-condition,3,ep:d_nikke_rapi_02,,ep:d_nikke_rapi_03,,char:10,char:10,103,103,,,,,,,,,,condition_scenario_group_id
prereq,game-condition,3,ep:d_nikke_rapi_03,,ep:d_nikke_rapi_04,,char:10,char:10,103,103,,,,,,,,,,condition_scenario_group_id
prereq,game-condition,3,ep:d_nikke_rapi_04,,ep:d_nikke_rapi_05,,char:10,char:10,103,103,,,,,,,,,,condition_scenario_group_id
keyword,auto,1,ep:d_nikke_rapi_05,41,ep:d_nikke_ludmilla_03,86,char:10,char:190,103,104,,,,concept:니케,186,기록 5 · 이름 31줄,기록 1 · 이름 8줄,,,흔한 대상
keyword,auto,1,ep:d_nikke_rapi_03,44,ep:d_nikke_ludmilla_01,53,char:10,char:190,103,104,,,,place:방주,171,기록 3 · 이름 7줄,이름 7줄,,,흔한 대상
character,auto,1,ep:d_nikke_rapi_05,34,ep:d_nikke_liter_01,3,char:10,char:82,103,106,,,,person:아니스,119,기록 2 · 말함 14줄(4%) · 이름 3줄,기록 3 · 말함 131줄(25%) · 이름 36줄,,,흔한 대상
keyword,auto,1,ep:d_nikke_rapi_02,78,ep:d_nikke_liter_01,77,char:10,char:82,103,106,,,,place:지상,132,이름 6줄,이름 5줄,,,흔한 대상
keyword,auto,2,ep:d_nikke_rapi_04,88,ep:d_nikke_maiden_01,74,char:10,char:181,103,109,,,,concept:이레귤러,3,기록 2 · 이름 4줄,기록 2 · 이름 6줄,,,
keyword,auto,1,ep:d_nikke_rapi_04,87,ep:d_nikke_anis_02,30,char:10,char:12,103,123,,,,org:중앙_정부,67,기록 4 · 이름 16줄,기록 3 · 이름 14줄,,,흔한 대상
character,auto,1,ep:d_nikke_rapi_05,78,event_nocallerid_01_s,7,char:10,event_nocallerid,103,146,,,,person:라피,85,기록 4 · 말함 309줄(94%) · 이름 12줄,기록 1 · 말함 115줄(35%) · 이름 6줄,,,흔한 대상
setup_payoff,record,2,ep:d_nikke_rapi_05,,d_main_32_af_02,,char:10,ch32,103,310,E1261,암시,F1559,,,,,추정,확정,
setup_payoff,record,2,ep:d_nikke_rapi_01,,event_wisdomspring_04_e,,char:10,event_wisdomspring,103,353,E1260,암시,Q86,,,,,추정,확정,
prereq,game-condition,3,ep:d_nikke_ludmilla_01,,ep:d_nikke_ludmilla_02,,char:190,char:190,104,104,,,,,,,,,,condition_scenario_group_id
prereq,game-condition,3,ep:d_nikke_ludmilla_02,,ep:d_nikke_ludmilla_03,,char:190,char:190,104,104,,,,,,,,,,condition_scenario_group_id
prereq,game-condition,3,ep:d_nikke_ludmilla_03,,ep:d_nikke_ludmilla_04,,char:190,char:190,104,104,,,,,,,,,,condition_scenario_group_id
prereq,game-condition,3,ep:d_nikke_ludmilla_04,,ep:d_nikke_ludmilla_05,,char:190,char:190,104,104,,,,,,,,,,condition_scenario_group_id
keyword,auto,1,ep:d_nikke_ludmilla_05,63,ep:d_nikke_rupee_01,39,char:190,char:200,104,105,,,,concept:니케,186,기록 1 · 이름 8줄,기록 1 · 이름 8줄,,,흔한 대상
keyword,auto,1,ep:d_nikke_ludmilla_05,29,ep:d_nikke_rupee_01,0,char:190,char:200,104,105,,,,place:방주,171,이름 7줄,기록 1 · 이름 6줄,,,흔한 대상
keyword,auto,2,ep:d_nikke_ludmilla_05,60,ep:d_nikke_anis_03,6,char:190,char:12,104,123,,,,concept:로열,7,기록 3 · 이름 11줄,기록 1 · 이름 16줄,,,
character,auto,2,ep:d_nikke_ludmilla_05,79,ep:d_nikke_alice_01,19,char:190,char:191,104,126,,,,person:루드밀라,11,기록 9 · 말함 342줄(85%) · 이름 30줄,말함 30줄(12%),,,
character,auto,2,ep:d_nikke_ludmilla_05,15,event_nocallerid_01_s,1,char:190,event_nocallerid,104,146,,,,person:엔더슨,32,기록 2 · 말함 32줄(8%) · 이름 1줄,기록 2 · 말함 37줄(11%) · 이름 1줄,,,
callback,record,3,ep:d_nikke_ludmilla_04,,ep:d_nikke_ludmilla_winterowner_04,,char:190,char:194,104,256,F513-2,드러냄,F513,,,,,확실,확정,
prereq,game-condition,3,ep:d_nikke_rupee_01,,ep:d_nikke_rupee_02,,char:200,char:200,105,105,,,,,,,,,,condition_scenario_group_id
prereq,game-condition,3,ep:d_nikke_rupee_02,,ep:d_nikke_rupee_03,,char:200,char:200,105,105,,,,,,,,,,condition_scenario_group_id
prereq,game-condition,3,ep:d_nikke_rupee_03,,ep:d_nikke_rupee_04,,char:200,char:200,105,105,,,,,,,,,,condition_scenario_group_id
prereq,game-condition,3,ep:d_nikke_rupee_04,,ep:d_nikke_rupee_05,,char:200,char:200,105,105,,,,,,,,,,condition_scenario_group_id
keyword,auto,1,ep:d_nikke_rupee_05,84,ep:d_nikke_liter_02,121,char:200,char:82,105,106,,,,concept:니케,186,기록 1 · 이름 8줄,기록 1 · 이름 8줄,,,흔한 대상
keyword,auto,1,ep:d_nikke_rupee_05,52,ep:d_nikke_volume_03,1,char:200,char:431,105,116,,,,place:방주,171,기록 1 · 이름 6줄,이름 5줄,,,흔한 대상
keyword,auto,2,ep:d_nikke_rupee_04,52,ep:d_nikke_admi_03,8,char:200,char:172,105,125,,,,place:로열_로드,7,기록 2 · 이름 12줄,이름 6줄,,,
character,auto,2,ep:d_nikke_rupee_05,81,event_miraclesnow1_01_s,0,char:200,event_miraclesnow1,105,159,,,,person:루피,7,기록 7 · 말함 251줄(87%) · 이름 77줄,기록 4 · 말함 477줄(36%) · 이름 67줄,,,
prereq,game-condition,3,ep:d_nikke_liter_01,,ep:d_nikke_liter_02,,char:82,char:82,106,106,,,,,,,,,,condition_scenario_group_id
prereq,game-condition,3,ep:d_nikke_liter_02,,ep:d_nikke_liter_03,,char:82,char:82,106,106,,,,,,,,,,condition_scenario_group_id
prereq,game-condition,3,ep:d_nikke_liter_03,,ep:d_nikke_liter_04,,char:82,char:82,106,106,,,,,,,,,,condition_scenario_group_id
prereq,game-condition,3,ep:d_nikke_liter_04,,ep:d_nikke_liter_05,,char:82,char:82,106,106,,,,,,,,,,condition_scenario_group_id
keyword,auto,1,ep:d_nikke_liter_05,66,ep:d_nikke_maxwell_01,106,char:82,char:102,106,107,,,,concept:니케,186,기록 1 · 이름 8줄,기록 2 · 이름 20줄,,,흔한 대상
character,auto,2,ep:d_nikke_liter_04,71,ep:d_nikke_centi_01,12,char:82,char:80,106,118,,,,person:센티,4,기록 2 · 말함 8줄(2%) · 이름 4줄,기록 6 · 말함 258줄(82%) · 이름 16줄,,,
keyword,auto,1,ep:d_nikke_liter_05,49,ep:d_nikke_sugar_03,18,char:82,char:140,106,120,,,,place:지상,132,이름 5줄,이름 6줄,,,흔한 대상
character,auto,1,ep:d_nikke_liter_05,115,ep:d_nikke_anis_01,0,char:82,char:12,106,123,,,,person:아니스,119,기록 3 · 말함 131줄(25%) · 이름 36줄,기록 6 · 말함 400줄(92%) · 이름 18줄,,,흔한 대상
character,auto,2,ep:d_nikke_liter_05,126,event_bluewaterisland1_01_s,36,char:82,event_bluewaterisland,106,212,,,,person:리타,8,기록 7 · 말함 291줄(56%) · 이름 36줄,기록 3 · 말함 194줄(9%) · 이름 9줄,,,
callback,record,3,ep:d_nikke_liter_05,,fl:for_rest_07,,char:82,fl:for_rest,106,365,E1426,재언급,F523,,,,,확실,확정,
callback,record,3,ep:d_nikke_liter_05,,fl:for_rest_13,,char:82,fl:for_rest,106,365,F523-2,드러냄,F523,,,,,확실,확정,
prereq,game-condition,3,ep:d_nikke_maxwell_01,,ep:d_nikke_maxwell_02,,char:102,char:102,107,107,,,,,,,,,,condition_scenario_group_id
prereq,game-condition,3,ep:d_nikke_maxwell_02,,ep:d_nikke_maxwell_03,,char:102,char:102,107,107,,,,,,,,,,condition_scenario_group_id
prereq,game-condition,3,ep:d_nikke_maxwell_03,,ep:d_nikke_maxwell_04,,char:102,char:102,107,107,,,,,,,,,,condition_scenario_group_id
prereq,game-condition,3,ep:d_nikke_maxwell_04,,ep:d_nikke_maxwell_05,,char:102,char:102,107,107,,,,,,,,,,condition_scenario_group_id
keyword,auto,1,ep:d_nikke_maxwell_05,34,ep:d_nikke_maiden_01,0,char:102,char:181,107,109,,,,concept:니케,186,기록 2 · 이름 20줄,이름 15줄,,,흔한 대상
character,auto,2,ep:d_nikke_maxwell_05,48,ep:d_nikke_emma_01,14,char:102,char:90,107,131,,,,person:슈엔,30,기록 4 · 말함 23줄(6%) · 이름 12줄,기록 2 · 이름 4줄,,,
keyword,auto,2,ep:d_nikke_maxwell_02,34,d_main_17af_01,6,char:102,ch17,107,148,,,,org:미실리스,32,기록 1 · 이름 10줄,기록 2 · 이름 8줄,,,
character,auto,2,ep:d_nikke_maxwell_05,93,d_main_18_01,7,char:102,ch18,107,152,,,,person:맥스웰,15,기록 12 · 말함 390줄(94%) · 이름 29줄,기록 3 · 말함 181줄(17%) · 이름 15줄,,,
setup_payoff,record,2,ep:d_nikke_maxwell_03,,d_main_40_01,,char:102,ch40,107,398,E1263,암시,F2071,,,,,추정,확정,
setup_payoff,record,2,ep:d_nikke_maxwell_03,,fl:project_matis_04,,char:102,fl:project_matis,107,467,E1264,암시,F2776,,,,,추정,확정,
setup_payoff,record,2,ep:d_nikke_maxwell_05,,fl:project_matis_25,,char:102,fl:project_matis,107,467,E1265,암시,F2794,,,,,추정,확정,
callback,record,3,ep:d_nikke_maxwell_03,,ep:d_nikke_maxwell_mechanic_01,,char:102,char:105,107,469,E1633,재언급,F530,,,,,확실,확정,
callback,record,3,ep:d_nikke_maxwell_02,,ep:d_nikke_maxwell_mechanic_01,,char:102,char:105,107,469,F529-2,드러냄,F529,,,,,확실,확정,
prereq,game-condition,3,ep:d_nikke_mary_01,,ep:d_nikke_mary_02,,char:130,char:130,108,108,,,,,,,,,,condition_scenario_group_id
prereq,game-condition,3,ep:d_nikke_mary_02,,ep:d_nikke_mary_03,,char:130,char:130,108,108,,,,,,,,,,condition_scenario_group_id
prereq,game-condition,3,ep:d_nikke_mary_03,,ep:d_nikke_mary_04,,char:130,char:130,108,108,,,,,,,,,,condition_scenario_group_id
prereq,game-condition,3,ep:d_nikke_mary_04,,ep:d_nikke_mary_05,,char:130,char:130,108,108,,,,,,,,,,condition_scenario_group_id
setup_payoff,record,2,ep:d_nikke_mary_01,,ep:d_nikke_mary_03,,char:130,char:130,108,108,E1266,암시,F535,,,,,추정,확정,
setup_payoff,record,2,ep:d_nikke_mary_01,,ep:d_nikke_mary_04,,char:130,char:130,108,108,E1267,암시,F537,,,,,추정,확정,
callback,record,2,ep:d_nikke_mary_04,,ep:d_nikke_mary_05,,char:130,char:130,108,108,E1269,재언급,F536,,,,,추정,확정,
character,auto,2,ep:d_nikke_mary_05,105,ep:d_nikke_pepper_01,4,char:130,char:131,108,138,,,,person:메어리,9,기록 19 · 말함 305줄(79%) · 이름 40줄,기록 1 · 말함 51줄(18%) · 이름 9줄,,,
character,auto,2,ep:d_nikke_mary_05,84,ep:d_nikke_pepper_01,4,char:130,char:131,108,138,,,,person:페퍼,3,기록 6 · 말함 67줄(17%) · 이름 16줄,기록 6 · 말함 229줄(80%) · 이름 55줄,,,
character,auto,2,ep:d_nikke_mary_05,67,d_main_18af_01,2,char:130,ch18,108,152,,,,person:머스탱,27,기록 3 · 말함 13줄(3%) · 이름 3줄,기록 2 · 말함 7줄(1%),,,
setup_payoff,record,2,ep:d_nikke_mary_04,,event_bluewaterisland2_05_e,,char:130,event_bluewaterisland,108,212,E1268,암시,F971,,,,,추정,확정,
setup_payoff,record,3,ep:d_nikke_mary_03,,event_bluewaterisland2_05_e,,char:130,event_bluewaterisland,108,212,Q85-2,회수,Q85,,,,,확실,확정,일부 · 답 F971
callback,record,3,ep:d_nikke_mary_04,,event_bluewaterisland2_05_e,,char:130,event_bluewaterisland,108,212,E218,재언급,F540,,,,,확실,확정,
callback,record,3,ep:d_nikke_mary_04,,event_bluewaterisland2_05_e,,char:130,event_bluewaterisland,108,212,F537-2,드러냄,F537,,,,,확실,확정,
prereq,game-condition,3,ep:d_nikke_maiden_01,,ep:d_nikke_maiden_02,,char:181,char:181,109,109,,,,,,,,,,condition_scenario_group_id
prereq,game-condition,3,ep:d_nikke_maiden_02,,ep:d_nikke_maiden_03,,char:181,char:181,109,109,,,,,,,,,,condition_scenario_group_id
prereq,game-condition,3,ep:d_nikke_maiden_03,,ep:d_nikke_maiden_04,,char:181,char:181,109,109,,,,,,,,,,condition_scenario_group_id
prereq,game-condition,3,ep:d_nikke_maiden_04,,ep:d_nikke_maiden_05,,char:181,char:181,109,109,,,,,,,,,,condition_scenario_group_id
keyword,auto,1,ep:d_nikke_maiden_04,86,ep:d_nikke_miranda_04,50,char:181,char:32,109,110,,,,concept:니케,186,이름 15줄,이름 5줄,,,흔한 대상
keyword,auto,2,ep:d_nikke_maiden_04,84,ep:d_nikke_sugar_01,70,char:181,char:140,109,120,,,,concept:양산형_니케,26,기록 2 · 이름 8줄,기록 2 · 이름 28줄,,,
character,auto,2,ep:d_nikke_maiden_04,113,ep:d_nikke_eunhwa_01,1,char:181,char:92,109,135,,,,person:잉그리드,37,기록 2 · 말함 33줄(9%) · 이름 1줄,기록 2 · 말함 70줄(14%) · 이름 5줄,,,
callback,record,3,ep:d_nikke_maiden_01,,event_darkhero_01_e,,char:181,event_darkhero,109,298,E416,재언급,F541,,,,,확실,확정,
callback,record,3,ep:d_nikke_maiden_02,,event_darkhero_intermission_01,,char:181,event_darkhero,109,298,E420,재언급,F545,,,,,확실,확정,
character,auto,2,ep:d_nikke_maiden_05,123,event_darkhero_prologue,79,char:181,event_darkhero,109,298,,,,person:메이든,6,기록 10 · 말함 302줄(85%) · 이름 35줄,기록 9 · 말함 145줄(14%) · 이름 61줄,,,
callback,record,3,ep:d_nikke_maiden_01,,event_beautyfullshot2_05_e,,char:181,event_beautyfullshot1,109,305,E431,재언급,F541,,,,,확실,확정,
keyword,auto,2,ep:d_nikke_maiden_04,60,event_icedragonsaga1_02_s,2,char:181,event_icedragonsaga1,109,347,,,,concept:이레귤러,3,기록 2 · 이름 6줄,기록 4 · 이름 32줄,,,
prereq,game-condition,3,ep:d_nikke_miranda_01,,ep:d_nikke_miranda_02,,char:32,char:32,110,110,,,,,,,,,,condition_scenario_group_id
prereq,game-condition,3,ep:d_nikke_miranda_02,,ep:d_nikke_miranda_03,,char:32,char:32,110,110,,,,,,,,,,condition_scenario_group_id
prereq,game-condition,3,ep:d_nikke_miranda_03,,ep:d_nikke_miranda_04,,char:32,char:32,110,110,,,,,,,,,,condition_scenario_group_id
prereq,game-condition,3,ep:d_nikke_miranda_04,,ep:d_nikke_miranda_05,,char:32,char:32,110,110,,,,,,,,,,condition_scenario_group_id
keyword,auto,1,ep:d_nikke_miranda_05,14,ep:d_nikke_milk_01,7,char:32,char:141,110,113,,,,concept:니케,186,이름 5줄,이름 13줄,,,흔한 대상
character,auto,2,ep:d_nikke_miranda_05,74,ep:d_nikke_poli_01,1,char:32,char:30,110,139,,,,person:폴리,10,기록 3 · 말함 120줄(31%) · 이름 27줄,기록 10 · 말함 365줄(73%) · 이름 52줄,,,
keyword,auto,2,ep:d_nikke_miranda_05,119,ep:d_nikke_poli_01,21,char:32,char:30,110,139,,,,org:A.C.P.U.,9,기록 3 · 이름 13줄,기록 2 · 이름 3줄,,,
character,auto,2,ep:d_nikke_miranda_05,131,ep:d_nikke_c_3_01,13,char:32,char:802,110,182,,,,person:미란다,8,기록 12 · 말함 269줄(69%) · 이름 48줄,기록 2 · 말함 70줄(21%) · 이름 24줄,,,
callback,record,3,ep:d_nikke_miranda_01,,fl:persona_on_frontline_19,,char:32,fl:persona_on_frontline,110,474,E1574,재언급,F546,,,,,확실,확정,
character,game-condition,3,ep:d_nikke_miranda_01,,fav:200601,,char:32,,110,,,,,,,,,,,애장품 소유: 미란다 (name_code 5017)
prereq,game-condition,3,ep:d_nikke_mica_01,,ep:d_nikke_mica_02,,char:61,char:61,111,111,,,,,,,,,,condition_scenario_group_id
prereq,game-condition,3,ep:d_nikke_mica_02,,ep:d_nikke_mica_03,,char:61,char:61,111,111,,,,,,,,,,condition_scenario_group_id
prereq,game-condition,3,ep:d_nikke_mica_03,,ep:d_nikke_mica_04,,char:61,char:61,111,111,,,,,,,,,,condition_scenario_group_id
prereq,game-condition,3,ep:d_nikke_mica_04,,ep:d_nikke_mica_05,,char:61,char:61,111,111,,,,,,,,,,condition_scenario_group_id
character,auto,2,ep:d_nikke_mica_05,110,ep:d_nikke_belorta_01,20,char:61,char:60,111,115,,,,person:미카,6,기록 10 · 말함 286줄(64%) · 이름 43줄,기록 1 · 말함 33줄(11%) · 이름 4줄,,,
character,auto,2,ep:d_nikke_mica_05,110,ep:d_nikke_belorta_01,20,char:61,char:60,111,115,,,,person:벨로타,6,기록 5 · 말함 105줄(24%) · 이름 85줄,기록 5 · 말함 232줄(78%) · 이름 56줄,,,
keyword,auto,2,ep:d_nikke_mica_05,53,ep:d_nikke_belorta_02,21,char:61,char:60,111,115,,,,concept:퍼펙트,16,이름 7줄,이름 10줄,,,
keyword,auto,2,ep:d_nikke_mica_04,126,ep:d_nikke_julia_01,96,char:61,char:150,111,133,,,,place:전초기지,13,이름 5줄,이름 5줄,,,
callback,record,3,ep:d_nikke_mica_04,,event_neverland2_02_s,,char:61,event_neverland1,111,255,E1348,재언급,F551,,,,,확실,확정,
callback,record,3,ep:d_nikke_mica_02,,event_neverland2_01_e,,char:61,event_neverland1,111,255,F550-2,드러냄,F550,,,,,확실,확정,
callback,record,3,ep:d_nikke_mica_04,,event_neverland1_04_s,,char:61,event_neverland1,111,255,F551-2,드러냄,F551,,,,,확실,확정,
prereq,game-condition,3,ep:d_nikke_mihara_01,,ep:d_nikke_mihara_02,,char:161,char:161,112,112,,,,,,,,,,condition_scenario_group_id
prereq,game-condition,3,ep:d_nikke_mihara_02,,ep:d_nikke_mihara_03,,char:161,char:161,112,112,,,,,,,,,,condition_scenario_group_id
prereq,game-condition,3,ep:d_nikke_mihara_03,,ep:d_nikke_mihara_04,,char:161,char:161,112,112,,,,,,,,,,condition_scenario_group_id
prereq,game-condition,3,ep:d_nikke_mihara_04,,ep:d_nikke_mihara_05,,char:161,char:161,112,112,,,,,,,,,,condition_scenario_group_id
character,auto,2,ep:d_nikke_mihara_05,97,ep:d_nikke_yuni_01,11,char:161,char:160,112,132,,,,person:미하라,14,기록 4 · 말함 225줄(55%) · 이름 29줄,기록 1 · 말함 60줄(15%) · 이름 8줄,,,
callback,record,3,ep:d_nikke_mihara_05,,ep:d_nikke_mihara_bondingchain_04,,char:161,char:162,112,382,E1432,재언급,F554,,,,,확실,확정,
prereq,game-condition,3,ep:d_nikke_milk_01,,ep:d_nikke_milk_02,,char:141,char:141,113,113,,,,,,,,,,condition_scenario_group_id
prereq,game-condition,3,ep:d_nikke_milk_02,,ep:d_nikke_milk_03,,char:141,char:141,113,113,,,,,,,,,,condition_scenario_group_id
prereq,game-condition,3,ep:d_nikke_milk_03,,ep:d_nikke_milk_04,,char:141,char:141,113,113,,,,,,,,,,condition_scenario_group_id
prereq,game-condition,3,ep:d_nikke_milk_04,,ep:d_nikke_milk_05,,char:141,char:141,113,113,,,,,,,,,,condition_scenario_group_id
keyword,auto,1,ep:d_nikke_milk_05,83,ep:d_nikke_vesti_01,26,char:141,char:91,113,114,,,,concept:니케,186,이름 13줄,기록 1 · 이름 7줄,,,흔한 대상
character,auto,2,ep:d_nikke_milk_05,47,ep:d_nikke_sugar_01,8,char:141,char:140,113,120,,,,person:슈가,10,말함 41줄(10%) · 이름 3줄,기록 5 · 말함 277줄(78%) · 이름 29줄,,,
character,auto,2,ep:d_nikke_milk_05,115,ep:d_nikke_frima_01,6,char:141,char:142,113,142,,,,person:밀크,10,기록 4 · 말함 301줄(76%) · 이름 27줄,말함 99줄(22%) · 이름 11줄,,,
callback,record,2,ep:d_nikke_milk_04,,event_claymore_02_s,,char:141,event_claymore,113,303,E1373,재언급,F557,,,,,추정,확정,
callback,record,3,ep:d_nikke_milk_04,,event_claymore_04_s,,char:141,event_claymore,113,303,E1375,재언급,F557,,,,,확실,확정,
keyword,auto,2,ep:d_nikke_milk_04,47,event_claymore_prologue,0,char:141,event_claymore,113,303,,,,place:언더_아레나,2,기록 2 · 이름 4줄,기록 8 · 이름 31줄,,,
callback,record,3,ep:d_nikke_milk_04,,fl:coins_in_rush_23,,char:141,fl:coins_in_rush,113,404,E865,재언급,F557,,,,,확실,확정,
character,game-condition,3,ep:d_nikke_milk_01,,fav:200901,,char:141,,113,,,,,,,,,,,애장품 소유: 밀크 (name_code 5028)
prereq,game-condition,3,ep:d_nikke_vesti_01,,ep:d_nikke_vesti_02,,char:91,char:91,114,114,,,,,,,,,,condition_scenario_group_id
prereq,game-condition,3,ep:d_nikke_vesti_02,,ep:d_nikke_vesti_03,,char:91,char:91,114,114,,,,,,,,,,condition_scenario_group_id
prereq,game-condition,3,ep:d_nikke_vesti_03,,ep:d_nikke_vesti_04,,char:91,char:91,114,114,,,,,,,,,,condition_scenario_group_id
prereq,game-condition,3,ep:d_nikke_vesti_04,,ep:d_nikke_vesti_05,,char:91,char:91,114,114,,,,,,,,,,condition_scenario_group_id
keyword,auto,1,ep:d_nikke_vesti_03,71,ep:d_nikke_brid_01,9,char:91,char:70,114,117,,,,concept:니케,186,기록 1 · 이름 7줄,이름 5줄,,,흔한 대상
keyword,auto,1,ep:d_nikke_vesti_03,109,ep:d_nikke_snowwhite_01,45,char:91,char:220,114,121,,,,concept:랩쳐,142,이름 5줄,기록 2 · 이름 35줄,,,흔한 대상
keyword,auto,2,ep:d_nikke_vesti_02,67,ep:d_nikke_eunhwa_01,4,char:91,char:92,114,135,,,,org:앱솔루트,15,기록 1 · 이름 5줄,기록 1 · 이름 5줄,,,
character,auto,2,ep:d_nikke_vesti_05,121,d_main_31_02_s,0,char:91,ch31,114,308,,,,person:베스티,8,기록 8 · 말함 283줄(77%) · 이름 42줄,기록 3 · 말함 52줄(6%) · 이름 6줄,,,
prereq,game-condition,3,ep:d_nikke_belorta_01,,ep:d_nikke_belorta_02,,char:60,char:60,115,115,,,,,,,,,,condition_scenario_group_id
prereq,game-condition,3,ep:d_nikke_belorta_02,,ep:d_nikke_belorta_03,,char:60,char:60,115,115,,,,,,,,,,condition_scenario_group_id
prereq,game-condition,3,ep:d_nikke_belorta_03,,ep:d_nikke_belorta_04,,char:60,char:60,115,115,,,,,,,,,,condition_scenario_group_id
prereq,game-condition,3,ep:d_nikke_belorta_04,,ep:d_nikke_belorta_05,,char:60,char:60,115,115,,,,,,,,,,condition_scenario_group_id
keyword,auto,2,ep:d_nikke_belorta_05,96,ep:d_nikke_admi_01,25,char:60,char:172,115,125,,,,concept:퍼펙트,16,이름 10줄,이름 7줄,,,
character,auto,2,ep:d_nikke_belorta_05,113,event_fullfoolday_08,1,char:60,event_fullfoolday,115,188,,,,person:벨로타,6,기록 5 · 말함 232줄(78%) · 이름 56줄,말함 41줄(11%) · 이름 10줄,,,
character,auto,2,ep:d_nikke_belorta_04,35,event_neverland1_01_s,23,char:60,event_neverland1,115,255,,,,person:미카,6,기록 1 · 말함 33줄(11%) · 이름 4줄,기록 10 · 말함 537줄(28%) · 이름 202줄,,,
prereq,game-condition,3,ep:d_nikke_volume_01,,ep:d_nikke_volume_02,,char:431,char:431,116,116,,,,,,,,,,condition_scenario_group_id
prereq,game-condition,3,ep:d_nikke_volume_02,,ep:d_nikke_volume_03,,char:431,char:431,116,116,,,,,,,,,,condition_scenario_group_id
prereq,game-condition,3,ep:d_nikke_volume_03,,ep:d_nikke_volume_04,,char:431,char:431,116,116,,,,,,,,,,condition_scenario_group_id
prereq,game-condition,3,ep:d_nikke_volume_04,,ep:d_nikke_volume_05,,char:431,char:431,116,116,,,,,,,,,,condition_scenario_group_id
keyword,auto,1,ep:d_nikke_volume_05,58,ep:d_nikke_centi_01,20,char:431,char:80,116,118,,,,place:방주,171,이름 5줄,기록 1 · 이름 10줄,,,흔한 대상
character,auto,2,ep:d_nikke_volume_05,94,event_goldencoinrush1_03_s,209,char:431,event_goldencoinrush1,116,300,,,,person:볼륨,3,기록 7 · 말함 205줄(86%) · 이름 70줄,기록 3 · 말함 97줄(3%) · 이름 27줄,,,
prereq,game-condition,3,ep:d_nikke_brid_01,,ep:d_nikke_brid_02,,char:70,char:70,117,117,,,,,,,,,,condition_scenario_group_id
prereq,game-condition,3,ep:d_nikke_brid_02,,ep:d_nikke_brid_03,,char:70,char:70,117,117,,,,,,,,,,condition_scenario_group_id
prereq,game-condition,3,ep:d_nikke_brid_03,,ep:d_nikke_brid_04,,char:70,char:70,117,117,,,,,,,,,,condition_scenario_group_id
prereq,game-condition,3,ep:d_nikke_brid_04,,ep:d_nikke_brid_05,,char:70,char:70,117,117,,,,,,,,,,condition_scenario_group_id
character,auto,2,ep:d_nikke_brid_04,59,ep:d_nikke_soline_01,0,char:70,char:71,117,119,,,,person:솔린,9,말함 39줄(11%) · 이름 7줄,기록 10 · 말함 439줄(98%) · 이름 30줄,,,
keyword,auto,1,ep:d_nikke_brid_03,130,ep:d_nikke_soline_01,39,char:70,char:71,117,119,,,,concept:니케,186,이름 5줄,기록 1 · 이름 11줄,,,흔한 대상
character,auto,2,ep:d_nikke_brid_04,57,d_main_23_11_e,14,char:70,ch23,117,217,,,,person:디젤,7,기록 1 · 말함 52줄(14%) · 이름 13줄,기록 2 · 말함 20줄(2%) · 이름 2줄,,,
character,auto,2,ep:d_nikke_brid_05,69,ep:d_nikke_soline_frostticket_04,4,char:70,char:74,117,424,,,,person:브리드,5,기록 9 · 말함 279줄(75%) · 이름 65줄,기록 1 · 말함 41줄(12%) · 이름 5줄,,,
prereq,game-condition,3,ep:d_nikke_centi_01,,ep:d_nikke_centi_02,,char:80,char:80,118,118,,,,,,,,,,condition_scenario_group_id
prereq,game-condition,3,ep:d_nikke_centi_02,,ep:d_nikke_centi_03,,char:80,char:80,118,118,,,,,,,,,,condition_scenario_group_id
prereq,game-condition,3,ep:d_nikke_centi_03,,ep:d_nikke_centi_04,,char:80,char:80,118,118,,,,,,,,,,condition_scenario_group_id
prereq,game-condition,3,ep:d_nikke_centi_04,,ep:d_nikke_centi_05,,char:80,char:80,118,118,,,,,,,,,,condition_scenario_group_id
keyword,auto,1,ep:d_nikke_centi_05,53,ep:d_nikke_anis_01,0,char:80,char:12,118,123,,,,place:방주,171,기록 1 · 이름 10줄,기록 4 · 이름 44줄,,,흔한 대상
character,auto,2,ep:d_nikke_centi_03,35,ep:d_nikke_yan_01,0,char:80,char:201,118,127,,,,person:얀,6,기록 1 · 말함 33줄(11%) · 이름 4줄,기록 5 · 말함 183줄(49%) · 이름 23줄,,,
keyword,auto,2,ep:d_nikke_centi_04,78,sub:상인연합_달란트_00,0,char:80,sub:상인연합_달란트_00,118,218,,,,org:달란트,4,기록 1 · 이름 6줄,기록 2 · 이름 5줄,,,
callback,record,3,ep:d_nikke_centi_03,,fl:for_rest_10,,char:80,fl:for_rest,118,365,E1428,재언급,F571,,,,,확실,확정,
character,auto,2,ep:d_nikke_centi_05,96,fl:for_rest_02,28,char:80,fl:for_rest,118,365,,,,person:센티,4,기록 6 · 말함 258줄(82%) · 이름 16줄,기록 3 · 말함 73줄(7%) · 이름 16줄,,,
character,game-condition,3,ep:d_nikke_centi_01,,fav:201601,,char:80,,118,,,,,,,,,,,애장품 소유: 센티 (name_code 5021)
prereq,game-condition,3,ep:d_nikke_soline_01,,ep:d_nikke_soline_02,,char:71,char:71,119,119,,,,,,,,,,condition_scenario_group_id
prereq,game-condition,3,ep:d_nikke_soline_02,,ep:d_nikke_soline_03,,char:71,char:71,119,119,,,,,,,,,,condition_scenario_group_id
prereq,game-condition,3,ep:d_nikke_soline_03,,ep:d_nikke_soline_04,,char:71,char:71,119,119,,,,,,,,,,condition_scenario_group_id
prereq,game-condition,3,ep:d_nikke_soline_04,,ep:d_nikke_soline_05,,char:71,char:71,119,119,,,,,,,,,,condition_scenario_group_id
keyword,auto,1,ep:d_nikke_soline_04,116,ep:d_nikke_sugar_01,8,char:71,char:140,119,120,,,,concept:니케,186,기록 1 · 이름 11줄,기록 1 · 이름 24줄,,,흔한 대상
character,auto,2,ep:d_nikke_soline_05,135,d_main_24_01,35,char:71,ch24,119,221,,,,person:솔린,9,기록 10 · 말함 439줄(98%) · 이름 30줄,기록 2 · 말함 38줄(3%) · 이름 9줄,,,
prereq,game-condition,3,ep:d_nikke_sugar_01,,ep:d_nikke_sugar_02,,char:140,char:140,120,120,,,,,,,,,,condition_scenario_group_id
prereq,game-condition,3,ep:d_nikke_sugar_02,,ep:d_nikke_sugar_03,,char:140,char:140,120,120,,,,,,,,,,condition_scenario_group_id
prereq,game-condition,3,ep:d_nikke_sugar_03,,ep:d_nikke_sugar_04,,char:140,char:140,120,120,,,,,,,,,,condition_scenario_group_id
prereq,game-condition,3,ep:d_nikke_sugar_04,,ep:d_nikke_sugar_05,,char:140,char:140,120,120,,,,,,,,,,condition_scenario_group_id
keyword,auto,1,ep:d_nikke_sugar_03,59,ep:d_nikke_snowwhite_01,34,char:140,char:220,120,121,,,,place:지상,132,이름 6줄,이름 11줄,,,흔한 대상
keyword,auto,1,ep:d_nikke_sugar_05,128,ep:d_nikke_signal_01,0,char:140,char:22,120,122,,,,concept:니케,186,기록 1 · 이름 24줄,기록 1 · 이름 17줄,,,흔한 대상
keyword,auto,2,ep:d_nikke_sugar_05,129,ep:d_nikke_anis_03,102,char:140,char:12,120,123,,,,place:아우터_림,43,기록 4 · 이름 11줄,기록 3 · 이름 10줄,,,
keyword,auto,2,ep:d_nikke_sugar_05,128,ep:d_nikke_ether_02,108,char:140,char:291,120,128,,,,concept:양산형_니케,26,기록 2 · 이름 28줄,기록 2 · 이름 6줄,,,
character,auto,2,ep:d_nikke_sugar_05,160,ep:d_nikke_frima_01,21,char:140,char:142,120,142,,,,person:슈가,10,기록 5 · 말함 277줄(78%) · 이름 29줄,말함 60줄(13%) · 이름 10줄,,,
keyword,auto,2,ep:d_nikke_sugar_02,131,sub:해결사_카페_스위티_00,0,char:140,sub:해결사_카페_스위티_00,120,222,,,,org:카페_스위티,4,기록 1 · 이름 7줄,기록 2 · 이름 4줄,,,
setup_payoff,record,2,ep:d_nikke_sugar_03,,d_main_40_02,,char:140,ch40,120,398,E1271,암시,Q225,,,,,추정,확정,
setup_payoff,record,2,ep:d_nikke_sugar_03,,fl:good_world_12,,char:140,fl:good_world,120,448,E1271,암시,Q225,,,,,추정,확정,
character,game-condition,3,ep:d_nikke_sugar_01,,fav:202101,,char:140,,120,,,,,,,,,,,애장품 소유: 슈가 (name_code 5002)
prereq,game-condition,3,ep:d_nikke_snowwhite_01,,ep:d_nikke_snowwhite_02,,char:220,char:220,121,121,,,,,,,,,,condition_scenario_group_id
prereq,game-condition,3,ep:d_nikke_snowwhite_02,,ep:d_nikke_snowwhite_03,,char:220,char:220,121,121,,,,,,,,,,condition_scenario_group_id
prereq,game-condition,3,ep:d_nikke_snowwhite_03,,ep:d_nikke_snowwhite_04,,char:220,char:220,121,121,,,,,,,,,,condition_scenario_group_id
prereq,game-condition,3,ep:d_nikke_snowwhite_04,,ep:d_nikke_snowwhite_05,,char:220,char:220,121,121,,,,,,,,,,condition_scenario_group_id
keyword,auto,1,ep:d_nikke_snowwhite_04,107,ep:d_nikke_anis_01,83,char:220,char:12,121,123,,,,place:지상,132,이름 11줄,이름 15줄,,,흔한 대상
keyword,auto,1,ep:d_nikke_snowwhite_05,100,ep:d_nikke_eunhwa_02,20,char:220,char:92,121,135,,,,concept:랩쳐,142,기록 2 · 이름 35줄,기록 1 · 이름 20줄,,,흔한 대상
setup_payoff,record,2,ep:d_nikke_snowwhite_03,,d_main_17_08,,char:220,ch17,121,148,E1272,암시,F684,,,,,추정,확정,
character,auto,2,ep:d_nikke_snowwhite_05,103,d_main_17_01_e,39,char:220,ch17,121,148,,,,person:스노우_화이트,26,기록 6 · 말함 325줄(96%) · 이름 44줄,기록 11 · 말함 97줄(11%) · 이름 16줄,,,
setup_payoff,record,2,ep:d_nikke_snowwhite_04,,d_main_19af_01,,char:220,ch19,121,165,E1273,암시,F751,,,,,추정,확정,
setup_payoff,record,2,ep:d_nikke_snowwhite_03,,event_overzone1_01_s,,char:220,event_overzone,121,203,E1272,암시,F914,,,,,추정,확정,
prereq,game-condition,3,ep:d_nikke_signal_01,,ep:d_nikke_signal_02,,char:22,char:22,122,122,,,,,,,,,,condition_scenario_group_id
prereq,game-condition,3,ep:d_nikke_signal_02,,ep:d_nikke_signal_03,,char:22,char:22,122,122,,,,,,,,,,condition_scenario_group_id
prereq,game-condition,3,ep:d_nikke_signal_03,,ep:d_nikke_signal_04,,char:22,char:22,122,122,,,,,,,,,,condition_scenario_group_id
prereq,game-condition,3,ep:d_nikke_signal_04,,ep:d_nikke_signal_05,,char:22,char:22,122,122,,,,,,,,,,condition_scenario_group_id
keyword,auto,1,ep:d_nikke_signal_05,104,ep:d_nikke_anis_02,69,char:22,char:12,122,123,,,,concept:니케,186,기록 1 · 이름 17줄,기록 1 · 이름 6줄,,,흔한 대상
callback,record,3,ep:d_nikke_signal_01,,event_maidinvalentine_02_s,,char:22,event_maidinvalentine,122,177,E1298,재언급,F587,,,,,확실,확정,
character,auto,2,ep:d_nikke_signal_05,120,event_maidinvalentine_02_s,0,char:22,event_maidinvalentine,122,177,,,,person:시그널,2,기록 7 · 말함 299줄(69%) · 이름 48줄,기록 2 · 말함 35줄(7%) · 이름 9줄,,,
callback,record,2,ep:d_nikke_signal_01,,fl:absolute_23,,char:22,fl:absolute,122,400,E848,재언급,F587,,,,,추정,확정,
prereq,game-condition,3,ep:d_nikke_anis_01,,ep:d_nikke_anis_02,,char:12,char:12,123,123,,,,,,,,,,condition_scenario_group_id
prereq,game-condition,3,ep:d_nikke_anis_02,,ep:d_nikke_anis_03,,char:12,char:12,123,123,,,,,,,,,,condition_scenario_group_id
prereq,game-condition,3,ep:d_nikke_anis_03,,ep:d_nikke_anis_04,,char:12,char:12,123,123,,,,,,,,,,condition_scenario_group_id
prereq,game-condition,3,ep:d_nikke_anis_04,,ep:d_nikke_anis_05,,char:12,char:12,123,123,,,,,,,,,,condition_scenario_group_id
character,auto,1,ep:d_nikke_anis_05,105,ep:d_nikke_aria_01,5,char:12,char:432,123,124,,,,person:아니스,119,기록 6 · 말함 400줄(92%) · 이름 18줄,말함 49줄(15%) · 이름 1줄,,,흔한 대상
keyword,auto,1,ep:d_nikke_anis_05,81,ep:d_nikke_aria_01,0,char:12,char:432,123,124,,,,concept:니케,186,기록 1 · 이름 6줄,기록 1 · 이름 5줄,,,흔한 대상
keyword,auto,1,ep:d_nikke_anis_05,15,ep:d_nikke_alice_01,7,char:12,char:191,123,126,,,,place:방주,171,기록 4 · 이름 44줄,기록 2 · 이름 34줄,,,흔한 대상
keyword,auto,1,ep:d_nikke_anis_04,72,ep:d_nikke_ether_01,7,char:12,char:291,123,128,,,,place:지상,132,이름 15줄,기록 1 · 이름 8줄,,,흔한 대상
keyword,auto,1,ep:d_nikke_anis_04,83,ep:d_nikke_yulha_03,7,char:12,char:171,123,134,,,,org:중앙_정부,67,기록 3 · 이름 14줄,기록 1 · 이름 6줄,,,흔한 대상
keyword,auto,2,ep:d_nikke_anis_04,68,ep:d_nikke_crow_01,10,char:12,char:110,123,137,,,,concept:아웃로,5,기록 2 · 이름 4줄,기록 6 · 이름 34줄,,,
keyword,auto,2,ep:d_nikke_anis_04,68,ep:d_nikke_crow_01,0,char:12,char:110,123,137,,,,place:갱생관,7,기록 2 · 이름 2줄,기록 3 · 이름 13줄,,,
keyword,auto,2,ep:d_nikke_anis_05,19,ep:d_nikke_crow_02,44,char:12,char:110,123,137,,,,place:아우터_림,43,기록 3 · 이름 10줄,기록 4 · 이름 8줄,,,
keyword,auto,2,ep:d_nikke_anis_04,82,ep:d_nikke_c_3_01,13,char:12,char:802,123,182,,,,concept:인식_칩,2,기록 3 · 이름 22줄,기록 1 · 이름 7줄,,,
keyword,auto,2,ep:d_nikke_anis_03,102,event_neverland2_01_e,1,char:12,event_neverland1,123,255,,,,concept:로열,7,기록 1 · 이름 16줄,기록 2 · 이름 10줄,,,
callback,record,3,ep:d_nikke_anis_01,,event_boomsday_05_e,,char:12,event_boomsday,123,280,E349,재언급,F589,,,,,확실,확정,
callback,record,3,ep:d_nikke_anis_01,,event_boomsday_intermission_01,,char:12,event_boomsday,123,280,F589-2,드러냄,F589,,,,,확실,확정,
setup_payoff,record,3,ep:d_nikke_anis_01,,event_wisdomspring_04_e,,char:12,event_wisdomspring,123,353,Q86-2,회수,Q86,,,,,확실,확정,일부 · 답 F1773
setup_payoff,record,2,ep:d_nikke_anis_01,,d_main_35_04,,char:12,ch35,123,358,E1274,암시,F1798,,,,,추정,확정,
setup_payoff,record,3,ep:d_nikke_anis_03,,d_main_35_04,,char:12,ch35,123,358,E1275,암시,F1798,,,,,확실,확정,
setup_payoff,record,3,ep:d_nikke_anis_03,,d_main_38_05_s,,char:12,ch38,123,375,E1275,암시,F1874,,,,,확실,확정,
callback,record,3,ep:d_nikke_anis_01,,event_overthehorizon_01_s,,char:12,event_overthehorizon,123,391,E769,재언급,Q86,,,,,확실,확정,
callback,record,3,ep:d_nikke_anis_02,,fl:terminus_ticket_25,,char:12,fl:terminus_ticket,123,425,E1461,재언급,F590,,,,,확실,확정,
callback,record,3,ep:d_nikke_anis_01,,fl:sin_editor_12,,char:12,fl:sin_editor,123,430,F589-3,드러냄,F589,,,,,확실,확정,
setup_payoff,record,2,ep:d_nikke_anis_05,,side:pretty_star_13,,char:12,side:pretty_star,123,447,E1276,암시,F2556,,,,,추정,확정,
keyword,auto,2,ep:d_nikke_anis_02,82,side:pretty_star_01,124,char:12,side:pretty_star,123,447,,,,org:3대_기업,6,기록 2 · 이름 4줄,이름 5줄,,,
callback,record,3,ep:d_nikke_anis_01,,ep:d_nikke_anis_star_02,,char:12,char:17,123,455,E1631,재언급,F589,,,,,확실,확정,
callback,record,3,ep:d_nikke_anis_05,,ep:d_nikke_anis_star_02,,char:12,char:17,123,455,E1631,재언급,F597,,,,,확실,확정,
callback,record,3,ep:d_nikke_anis_03,,ep:d_nikke_anis_star_04,,char:12,char:17,123,455,E1632,재언급,F594,,,,,확실,확정,
callback,record,3,ep:d_nikke_anis_04,,fl:persona_on_frontline_14,,char:12,fl:persona_on_frontline,123,474,E1569,재언급,F596,,,,,확실,확정,
prereq,game-condition,3,ep:d_nikke_aria_01,,ep:d_nikke_aria_02,,char:432,char:432,124,124,,,,,,,,,,condition_scenario_group_id
prereq,game-condition,3,ep:d_nikke_aria_02,,ep:d_nikke_aria_03,,char:432,char:432,124,124,,,,,,,,,,condition_scenario_group_id
prereq,game-condition,3,ep:d_nikke_aria_03,,ep:d_nikke_aria_04,,char:432,char:432,124,124,,,,,,,,,,condition_scenario_group_id
prereq,game-condition,3,ep:d_nikke_aria_04,,ep:d_nikke_aria_05,,char:432,char:432,124,124,,,,,,,,,,condition_scenario_group_id
keyword,auto,1,ep:d_nikke_aria_03,66,ep:d_nikke_admi_04,93,char:432,char:172,124,125,,,,concept:니케,186,기록 1 · 이름 5줄,이름 5줄,,,흔한 대상
character,auto,1,ep:d_nikke_aria_05,16,ep:d_nikke_yan_01,56,char:432,char:201,124,127,,,,person:아니스,119,말함 49줄(15%) · 이름 1줄,말함 60줄(16%),,,흔한 대상
prereq,game-condition,3,ep:d_nikke_admi_01,,ep:d_nikke_admi_02,,char:172,char:172,125,125,,,,,,,,,,condition_scenario_group_id
prereq,game-condition,3,ep:d_nikke_admi_02,,ep:d_nikke_admi_03,,char:172,char:172,125,125,,,,,,,,,,condition_scenario_group_id
prereq,game-condition,3,ep:d_nikke_admi_03,,ep:d_nikke_admi_04,,char:172,char:172,125,125,,,,,,,,,,condition_scenario_group_id
prereq,game-condition,3,ep:d_nikke_admi_04,,ep:d_nikke_admi_05,,char:172,char:172,125,125,,,,,,,,,,condition_scenario_group_id
keyword,auto,1,ep:d_nikke_admi_05,72,ep:d_nikke_alice_03,70,char:172,char:191,125,126,,,,concept:니케,186,이름 5줄,기록 2 · 이름 6줄,,,흔한 대상
keyword,auto,2,ep:d_nikke_admi_05,25,ep:d_nikke_yan_03,28,char:172,char:201,125,127,,,,place:로열_로드,7,이름 6줄,기록 2 · 이름 5줄,,,
character,auto,2,ep:d_nikke_admi_05,93,ep:d_nikke_yulha_01,33,char:172,char:171,125,134,,,,person:율하,7,기록 2 · 말함 32줄(10%) · 이름 5줄,기록 7 · 말함 253줄(71%) · 이름 49줄,,,
keyword,auto,2,ep:d_nikke_admi_02,109,ep:d_nikke_pepper_01,33,char:172,char:131,125,138,,,,concept:퍼펙트,16,이름 7줄,기록 1 · 이름 5줄,,,
character,auto,2,ep:d_nikke_admi_05,125,ep:d_nikke_c_1_01,58,char:172,char:800,125,180,,,,person:애드미,4,기록 9 · 말함 270줄(81%) · 이름 55줄,기록 1 · 말함 36줄(17%) · 이름 6줄,,,
prereq,game-condition,3,ep:d_nikke_alice_01,,ep:d_nikke_alice_02,,char:191,char:191,126,126,,,,,,,,,,condition_scenario_group_id
prereq,game-condition,3,ep:d_nikke_alice_02,,ep:d_nikke_alice_03,,char:191,char:191,126,126,,,,,,,,,,condition_scenario_group_id
prereq,game-condition,3,ep:d_nikke_alice_03,,ep:d_nikke_alice_04,,char:191,char:191,126,126,,,,,,,,,,condition_scenario_group_id
prereq,game-condition,3,ep:d_nikke_alice_04,,ep:d_nikke_alice_05,,char:191,char:191,126,126,,,,,,,,,,condition_scenario_group_id
keyword,auto,1,ep:d_nikke_alice_04,36,ep:d_nikke_ether_01,84,char:191,char:291,126,128,,,,concept:니케,186,기록 2 · 이름 6줄,기록 2 · 이름 33줄,,,흔한 대상
keyword,auto,1,ep:d_nikke_alice_05,19,ep:d_nikke_ether_01,48,char:191,char:291,126,128,,,,place:방주,171,기록 2 · 이름 34줄,기록 1 · 이름 5줄,,,흔한 대상
character,auto,2,ep:d_nikke_alice_05,28,ep:d_nikke_neve_01,2,char:191,char:193,126,160,,,,person:루드밀라,11,말함 30줄(12%),기록 2 · 말함 67줄(27%) · 이름 7줄,,,
character,auto,2,ep:d_nikke_alice_05,83,ep:d_nikke_neve_01,2,char:191,char:193,126,160,,,,person:앨리스,6,기록 9 · 말함 204줄(78%) · 이름 67줄,기록 1 · 말함 25줄(10%) · 이름 11줄,,,
prereq,game-condition,3,ep:d_nikke_yan_01,,ep:d_nikke_yan_02,,char:201,char:201,127,127,,,,,,,,,,condition_scenario_group_id
prereq,game-condition,3,ep:d_nikke_yan_02,,ep:d_nikke_yan_03,,char:201,char:201,127,127,,,,,,,,,,condition_scenario_group_id
prereq,game-condition,3,ep:d_nikke_yan_03,,ep:d_nikke_yan_04,,char:201,char:201,127,127,,,,,,,,,,condition_scenario_group_id
prereq,game-condition,3,ep:d_nikke_yan_04,,ep:d_nikke_yan_05,,char:201,char:201,127,127,,,,,,,,,,condition_scenario_group_id
character,auto,1,ep:d_nikke_yan_05,43,ep:d_nikke_yuni_01,1,char:201,char:160,127,132,,,,person:아니스,119,말함 60줄(16%),말함 87줄(22%) · 이름 11줄,,,흔한 대상
keyword,auto,2,ep:d_nikke_yan_05,99,ep:d_nikke_rupee_wintershopper_01,9,char:201,char:203,127,161,,,,place:로열_로드,7,기록 2 · 이름 5줄,이름 5줄,,,
keyword,auto,2,ep:d_nikke_yan_05,115,event_fullfoolday_08,53,char:201,event_fullfoolday,127,188,,,,concept:크레디트,4,기록 2 · 이름 18줄,이름 8줄,,,
character,auto,2,ep:d_nikke_yan_05,113,event_bluewaterisland1_01_s,43,char:201,event_bluewaterisland,127,212,,,,person:얀,6,기록 5 · 말함 183줄(49%) · 이름 23줄,기록 2 · 말함 114줄(5%) · 이름 6줄,,,
prereq,game-condition,3,ep:d_nikke_ether_01,,ep:d_nikke_ether_02,,char:291,char:291,128,128,,,,,,,,,,condition_scenario_group_id
prereq,game-condition,3,ep:d_nikke_ether_02,,ep:d_nikke_ether_03,,char:291,char:291,128,128,,,,,,,,,,condition_scenario_group_id
prereq,game-condition,3,ep:d_nikke_ether_03,,ep:d_nikke_ether_04,,char:291,char:291,128,128,,,,,,,,,,condition_scenario_group_id
prereq,game-condition,3,ep:d_nikke_ether_04,,ep:d_nikke_ether_05,,char:291,char:291,128,128,,,,,,,,,,condition_scenario_group_id
keyword,auto,1,ep:d_nikke_ether_05,107,ep:d_nikke_emma_01,31,char:291,char:90,128,131,,,,concept:니케,186,기록 2 · 이름 33줄,이름 6줄,,,흔한 대상
keyword,auto,1,ep:d_nikke_ether_05,114,ep:d_nikke_emma_01,41,char:291,char:90,128,131,,,,place:지상,132,기록 1 · 이름 8줄,이름 8줄,,,흔한 대상
keyword,auto,1,ep:d_nikke_ether_05,87,ep:d_nikke_yuni_03,2,char:291,char:160,128,132,,,,place:방주,171,기록 1 · 이름 5줄,이름 5줄,,,흔한 대상
keyword,auto,2,ep:d_nikke_ether_04,90,event_hightechtoy_prologue,0,char:291,event_hightechtoy,128,157,,,,concept:양산형_니케,26,기록 2 · 이름 6줄,기록 3 · 이름 52줄,,,
keyword,auto,2,ep:d_nikke_ether_04,90,d_main_24_11,6,char:291,ch24,128,221,,,,org:M.M.R.,12,기록 4 · 이름 4줄,기록 4 · 이름 18줄,,,
character,auto,2,ep:d_nikke_ether_05,141,event_schooloflock_03_s,9,char:291,event_schooloflock,128,234,,,,person:에테르,12,기록 8 · 말함 381줄(98%) · 이름 47줄,기록 5 · 말함 108줄(11%) · 이름 11줄,,,
callback,record,3,ep:d_nikke_ether_01,,event_darkhero_04_e,,char:291,event_darkhero,128,298,E421,재언급,F615,,,,,확실,확정,
setup_payoff,record,3,ep:d_nikke_ether_01,,event_wisdomspring_epilogue,,char:291,event_wisdomspring,128,353,E1594,암시,F1776,,,,,확실,확정,
callback,record,3,ep:d_nikke_ether_04,,event_wisdomspring_02_s,,char:291,event_wisdomspring,128,353,E577,재언급,F614,,,,,확실,확정,
prereq,game-condition,3,ep:d_nikke_epinel_01,,ep:d_nikke_epinel_02,,char:241,char:241,129,129,,,,,,,,,,condition_scenario_group_id
prereq,game-condition,3,ep:d_nikke_epinel_02,,ep:d_nikke_epinel_03,,char:241,char:241,129,129,,,,,,,,,,condition_scenario_group_id
prereq,game-condition,3,ep:d_nikke_epinel_03,,ep:d_nikke_epinel_04,,char:241,char:241,129,129,,,,,,,,,,condition_scenario_group_id
prereq,game-condition,3,ep:d_nikke_epinel_04,,ep:d_nikke_epinel_05,,char:241,char:241,129,129,,,,,,,,,,condition_scenario_group_id
keyword,auto,2,ep:d_nikke_epinel_05,5,sub:테트라_커넥트_01,0,char:241,sub:테트라_커넥트_01,129,153,,,,org:테트라,13,기록 1 · 이름 5줄,이름 9줄,,,
keyword,auto,2,ep:d_nikke_epinel_04,63,event_bluewaterisland1_03_s,31,char:241,event_bluewaterisland,129,212,,,,place:리페어_센터,5,기록 1 · 이름 5줄,기록 4 · 이름 13줄,,,
character,auto,2,ep:d_nikke_epinel_05,99,event_lifeagain_prologue,0,char:241,event_lifeagain,129,332,,,,person:루마니,3,기록 1 · 말함 34줄(12%) · 이름 1줄,기록 6 · 말함 663줄(58%) · 이름 94줄,,,
keyword,auto,2,ep:d_nikke_epinel_02,19,event_lifeagain_prologue,9,char:241,event_lifeagain,129,332,,,,org:라이프_토닉,2,기록 3 · 이름 1줄,기록 2 · 이름 2줄,,,
prereq,game-condition,3,ep:d_nikke_exia_01,,ep:d_nikke_exia_02,,char:210,char:210,130,130,,,,,,,,,,condition_scenario_group_id
prereq,game-condition,3,ep:d_nikke_exia_02,,ep:d_nikke_exia_03,,char:210,char:210,130,130,,,,,,,,,,condition_scenario_group_id
prereq,game-condition,3,ep:d_nikke_exia_03,,ep:d_nikke_exia_04,,char:210,char:210,130,130,,,,,,,,,,condition_scenario_group_id
prereq,game-condition,3,ep:d_nikke_exia_04,,ep:d_nikke_exia_05,,char:210,char:210,130,130,,,,,,,,,,condition_scenario_group_id
character,auto,2,ep:d_nikke_exia_05,141,event_miraclesnow1_02_e,9,char:210,event_miraclesnow1,130,159,,,,person:엑시아,12,기록 5 · 말함 263줄(79%) · 이름 26줄,기록 2 · 말함 79줄(6%) · 이름 5줄,,,
character,game-condition,3,ep:d_nikke_exia_01,,fav:200201,,char:210,,130,,,,,,,,,,,애장품 소유: 엑시아 (name_code 5003)
prereq,game-condition,3,ep:d_nikke_emma_01,,ep:d_nikke_emma_02,,char:90,char:90,131,131,,,,,,,,,,condition_scenario_group_id
prereq,game-condition,3,ep:d_nikke_emma_02,,ep:d_nikke_emma_03,,char:90,char:90,131,131,,,,,,,,,,condition_scenario_group_id
prereq,game-condition,3,ep:d_nikke_emma_03,,ep:d_nikke_emma_04,,char:90,char:90,131,131,,,,,,,,,,condition_scenario_group_id
prereq,game-condition,3,ep:d_nikke_emma_04,,ep:d_nikke_emma_05,,char:90,char:90,131,131,,,,,,,,,,condition_scenario_group_id
setup_payoff,record,2,ep:d_nikke_emma_01,,ep:d_nikke_emma_02,,char:90,char:90,131,131,E1595,암시,F623,,,,,추정,확정,
keyword,auto,1,ep:d_nikke_emma_04,31,ep:d_nikke_julia_02,72,char:90,char:150,131,133,,,,concept:니케,186,이름 6줄,이름 6줄,,,흔한 대상
keyword,auto,1,ep:d_nikke_emma_05,19,ep:d_nikke_julia_02,62,char:90,char:150,131,133,,,,place:지상,132,이름 8줄,이름 10줄,,,흔한 대상
keyword,auto,2,ep:d_nikke_emma_03,56,ep:d_nikke_isabel_01,7,char:90,char:231,131,136,,,,org:카운터스,32,기록 2 · 이름 2줄,기록 2 · 이름 7줄,,,
character,auto,2,ep:d_nikke_emma_03,55,d_main_17_01_e,9,char:90,ch17,131,148,,,,person:슈엔,30,기록 2 · 이름 4줄,기록 4 · 말함 148줄(16%) · 이름 23줄,,,
character,auto,2,ep:d_nikke_emma_05,62,d_main_31_02_s,1,char:90,ch31,131,308,,,,person:엠마,10,기록 4 · 말함 244줄(76%) · 이름 8줄,기록 3 · 말함 76줄(9%) · 이름 3줄,,,
prereq,game-condition,3,ep:d_nikke_yuni_01,,ep:d_nikke_yuni_02,,char:160,char:160,132,132,,,,,,,,,,condition_scenario_group_id
prereq,game-condition,3,ep:d_nikke_yuni_02,,ep:d_nikke_yuni_03,,char:160,char:160,132,132,,,,,,,,,,condition_scenario_group_id
prereq,game-condition,3,ep:d_nikke_yuni_03,,ep:d_nikke_yuni_04,,char:160,char:160,132,132,,,,,,,,,,condition_scenario_group_id
prereq,game-condition,3,ep:d_nikke_yuni_04,,ep:d_nikke_yuni_05,,char:160,char:160,132,132,,,,,,,,,,condition_scenario_group_id
keyword,auto,1,ep:d_nikke_yuni_05,2,ep:d_nikke_eunhwa_04,6,char:160,char:92,132,135,,,,place:방주,171,이름 5줄,이름 7줄,,,흔한 대상
character,auto,1,ep:d_nikke_yuni_05,59,event_nocallerid_01_s,10,char:160,event_nocallerid,132,146,,,,person:네온,55,말함 59줄(15%) · 이름 3줄,말함 65줄(20%) · 이름 5줄,,,흔한 대상
character,auto,1,ep:d_nikke_yuni_05,53,event_nocallerid_01_s,3,char:160,event_nocallerid,132,146,,,,person:아니스,119,말함 87줄(22%) · 이름 11줄,말함 112줄(34%) · 이름 4줄,,,흔한 대상
character,auto,2,ep:d_nikke_yuni_05,104,d_main_17af_03,1,char:160,ch17,132,148,,,,person:유니,13,기록 3 · 말함 168줄(43%) · 이름 69줄,기록 2 · 말함 21줄(2%) · 이름 12줄,,,
character,auto,2,ep:d_nikke_yuni_05,103,d_main_24_05_s,17,char:160,ch24,132,221,,,,person:미하라,14,기록 1 · 말함 60줄(15%) · 이름 8줄,기록 5 · 말함 22줄(1%) · 이름 19줄,,,
prereq,game-condition,3,ep:d_nikke_julia_01,,ep:d_nikke_julia_02,,char:150,char:150,133,133,,,,,,,,,,condition_scenario_group_id
prereq,game-condition,3,ep:d_nikke_julia_02,,ep:d_nikke_julia_03,,char:150,char:150,133,133,,,,,,,,,,condition_scenario_group_id
prereq,game-condition,3,ep:d_nikke_julia_03,,ep:d_nikke_julia_04,,char:150,char:150,133,133,,,,,,,,,,condition_scenario_group_id
prereq,game-condition,3,ep:d_nikke_julia_04,,ep:d_nikke_julia_05,,char:150,char:150,133,133,,,,,,,,,,condition_scenario_group_id
keyword,auto,1,ep:d_nikke_julia_04,18,ep:d_nikke_eunhwa_01,2,char:150,char:92,133,135,,,,concept:니케,186,이름 6줄,이름 16줄,,,흔한 대상
keyword,auto,1,ep:d_nikke_julia_05,7,ep:d_nikke_eunhwa_01,38,char:150,char:92,133,135,,,,place:지상,132,이름 10줄,이름 14줄,,,흔한 대상
keyword,auto,2,ep:d_nikke_julia_05,1,ep:d_nikke_privaty_01,1,char:150,char:170,133,141,,,,place:전초기지,13,이름 5줄,기록 2 · 이름 15줄,,,
callback,record,2,ep:d_nikke_julia_04,,event_brandnewyear_03_e,,char:150,event_brandnewyear,133,163,E137,재언급,F626,,,,,추정,확정,
character,auto,2,ep:d_nikke_julia_05,52,event_brandnewyear_01_s,7,char:150,event_brandnewyear,133,163,,,,person:율리아,4,기록 9 · 말함 265줄(76%) · 이름 31줄,기록 2 · 말함 83줄(21%) · 이름 10줄,,,
character,game-condition,3,ep:d_nikke_julia_01,,fav:201201,,char:150,,133,,,,,,,,,,,애장품 소유: 율리아 (name_code 5014)
prereq,game-condition,3,ep:d_nikke_yulha_01,,ep:d_nikke_yulha_02,,char:171,char:171,134,134,,,,,,,,,,condition_scenario_group_id
prereq,game-condition,3,ep:d_nikke_yulha_02,,ep:d_nikke_yulha_03,,char:171,char:171,134,134,,,,,,,,,,condition_scenario_group_id
prereq,game-condition,3,ep:d_nikke_yulha_03,,ep:d_nikke_yulha_04,,char:171,char:171,134,134,,,,,,,,,,condition_scenario_group_id
prereq,game-condition,3,ep:d_nikke_yulha_04,,ep:d_nikke_yulha_05,,char:171,char:171,134,134,,,,,,,,,,condition_scenario_group_id
keyword,auto,1,ep:d_nikke_yulha_03,103,ep:d_nikke_crow_01,37,char:171,char:110,134,137,,,,org:중앙_정부,67,기록 1 · 이름 6줄,기록 1 · 이름 8줄,,,흔한 대상
character,auto,2,ep:d_nikke_yulha_05,95,ep:d_nikke_privaty_02,61,char:171,char:170,134,141,,,,person:율하,7,기록 7 · 말함 253줄(71%) · 이름 49줄,기록 3 · 말함 42줄(9%) · 이름 15줄,,,
keyword,auto,2,ep:d_nikke_yulha_05,54,ep:d_nikke_privaty_02,61,char:171,char:170,134,141,,,,org:트라이앵글,7,기록 1 · 이름 7줄,기록 2 · 이름 4줄,,,
character,auto,2,ep:d_nikke_yulha_03,55,d_main_18af_06,1,char:171,ch18,134,152,,,,person:파피용,9,기록 1 · 말함 36줄(10%) · 이름 3줄,기록 2 · 말함 7줄(1%) · 이름 1줄,,,
prereq,game-condition,3,ep:d_nikke_eunhwa_01,,ep:d_nikke_eunhwa_02,,char:92,char:92,135,135,,,,,,,,,,condition_scenario_group_id
prereq,game-condition,3,ep:d_nikke_eunhwa_02,,ep:d_nikke_eunhwa_03,,char:92,char:92,135,135,,,,,,,,,,condition_scenario_group_id
prereq,game-condition,3,ep:d_nikke_eunhwa_03,,ep:d_nikke_eunhwa_04,,char:92,char:92,135,135,,,,,,,,,,condition_scenario_group_id
prereq,game-condition,3,ep:d_nikke_eunhwa_04,,ep:d_nikke_eunhwa_05,,char:92,char:92,135,135,,,,,,,,,,condition_scenario_group_id
keyword,auto,1,ep:d_nikke_eunhwa_05,87,ep:d_nikke_isabel_03,75,char:92,char:231,135,136,,,,concept:니케,186,이름 16줄,이름 6줄,,,흔한 대상
keyword,auto,1,ep:d_nikke_eunhwa_05,55,ep:d_nikke_crow_02,55,char:92,char:110,135,137,,,,place:방주,171,이름 7줄,이름 15줄,,,흔한 대상
character,auto,2,ep:d_nikke_eunhwa_05,72,ep:d_nikke_poli_01,74,char:92,char:30,135,139,,,,person:잉그리드,37,기록 2 · 말함 70줄(14%) · 이름 5줄,기록 4 · 말함 51줄(10%) · 이름 16줄,,,
keyword,auto,2,ep:d_nikke_eunhwa_03,134,ep:d_nikke_poli_02,29,char:92,char:30,135,139,,,,org:엘리시온,17,기록 2 · 이름 8줄,기록 3 · 이름 10줄,,,
keyword,auto,1,ep:d_nikke_eunhwa_05,70,ep:d_nikke_harran_01,15,char:92,char:230,135,143,,,,concept:랩쳐,142,기록 1 · 이름 20줄,기록 1 · 이름 13줄,,,흔한 대상
keyword,auto,1,ep:d_nikke_eunhwa_05,37,ep:d_nikke_harran_01,15,char:92,char:230,135,143,,,,place:지상,132,이름 14줄,이름 7줄,,,흔한 대상
keyword,auto,2,ep:d_nikke_eunhwa_05,37,relic:데일리아크기사스크랩_00,1,char:92,relic:데일리아크기사스크랩,135,167,,,,concept:지상_탈환,9,기록 2 · 이름 5줄,이름 6줄,,,
keyword,auto,2,ep:d_nikke_eunhwa_05,32,relic:데일리아크기사스크랩_02,5,char:92,relic:데일리아크기사스크랩,135,167,,,,place:사관학교,3,기록 1 · 이름 7줄,기록 2 · 이름 2줄,,,
keyword,auto,2,ep:d_nikke_eunhwa_05,69,d_main_22_01_e,32,char:92,ch22,135,197,,,,concept:로드_급,3,기록 1 · 이름 11줄,기록 2 · 이름 2줄,,,
keyword,auto,2,ep:d_nikke_eunhwa_05,66,event_neverland1_01_s,0,char:92,event_neverland1,135,255,,,,org:앱솔루트,15,기록 1 · 이름 5줄,기록 1 · 이름 5줄,,,
character,auto,2,ep:d_nikke_eunhwa_05,112,d_main_31_02_s,2,char:92,ch31,135,308,,,,person:은화,9,기록 8 · 말함 330줄(65%) · 이름 41줄,기록 6 · 말함 128줄(15%) · 이름 21줄,,,
callback,record,3,ep:d_nikke_eunhwa_03,,ep:d_nikke_eunhwa_tactical_03,,char:92,char:95,135,402,F629-2,드러냄,F629,,,,,확실,확정,
prereq,game-condition,3,ep:d_nikke_isabel_01,,ep:d_nikke_isabel_02,,char:231,char:231,136,136,,,,,,,,,,condition_scenario_group_id
prereq,game-condition,3,ep:d_nikke_isabel_02,,ep:d_nikke_isabel_03,,char:231,char:231,136,136,,,,,,,,,,condition_scenario_group_id
prereq,game-condition,3,ep:d_nikke_isabel_03,,ep:d_nikke_isabel_04,,char:231,char:231,136,136,,,,,,,,,,condition_scenario_group_id
prereq,game-condition,3,ep:d_nikke_isabel_04,,ep:d_nikke_isabel_05,,char:231,char:231,136,136,,,,,,,,,,condition_scenario_group_id
keyword,auto,1,ep:d_nikke_isabel_05,34,ep:d_nikke_crow_01,7,char:231,char:110,136,137,,,,concept:니케,186,이름 6줄,기록 3 · 이름 26줄,,,흔한 대상
keyword,auto,2,ep:d_nikke_isabel_04,95,d_main_17_01_s,10,char:231,ch17,136,148,,,,org:카운터스,32,기록 2 · 이름 7줄,기록 3 · 이름 3줄,,,
character,auto,2,ep:d_nikke_isabel_05,75,d_main_19_05,25,char:231,ch19,136,165,,,,person:이사벨,11,기록 9 · 말함 297줄(92%) · 이름 29줄,기록 3 · 말함 5줄(1%) · 이름 3줄,,,
setup_payoff,record,3,ep:d_nikke_isabel_01,,sub:에덴_Notice_01,,char:231,sub:에덴_Notice_01,136,193,Q88-2,회수,Q88,,,,,확실,확정,일부 · 답 F876
setup_payoff,record,2,ep:d_nikke_isabel_04,,erelic:goddess_fall_mini_03,,char:231,erelic:goddess_fall_mini,136,419,E1277,암시,F2327,,,,,추정,확정,
prereq,game-condition,3,ep:d_nikke_crow_01,,ep:d_nikke_crow_02,,char:110,char:110,137,137,,,,,,,,,,condition_scenario_group_id
prereq,game-condition,3,ep:d_nikke_crow_02,,ep:d_nikke_crow_03,,char:110,char:110,137,137,,,,,,,,,,condition_scenario_group_id
prereq,game-condition,3,ep:d_nikke_crow_03,,ep:d_nikke_crow_04,,char:110,char:110,137,137,,,,,,,,,,condition_scenario_group_id
prereq,game-condition,3,ep:d_nikke_crow_04,,ep:d_nikke_crow_05,,char:110,char:110,137,137,,,,,,,,,,condition_scenario_group_id
keyword,auto,1,ep:d_nikke_crow_05,83,ep:d_nikke_poli_01,54,char:110,char:30,137,139,,,,concept:니케,186,기록 3 · 이름 26줄,기록 2 · 이름 16줄,,,흔한 대상
keyword,auto,1,ep:d_nikke_crow_05,72,ep:d_nikke_privaty_01,30,char:110,char:170,137,141,,,,org:중앙_정부,67,기록 1 · 이름 8줄,기록 1 · 이름 20줄,,,흔한 대상
keyword,auto,1,ep:d_nikke_crow_05,85,ep:d_nikke_harran_01,19,char:110,char:230,137,143,,,,place:방주,171,이름 15줄,기록 3 · 이름 4줄,,,흔한 대상
character,auto,2,ep:d_nikke_crow_05,32,d_main_18_07_e,16,char:110,ch18,137,152,,,,person:에닉,22,기록 2 · 말함 15줄(4%) · 이름 9줄,기록 2 · 이름 4줄,,,
character,auto,2,ep:d_nikke_crow_05,92,d_main_18_12_e,56,char:110,ch18,137,152,,,,person:크로우,9,기록 9 · 말함 328줄(93%) · 이름 8줄,기록 3 · 말함 81줄(8%) · 이름 3줄,,,
keyword,auto,2,ep:d_nikke_crow_04,86,relic:데일리아크기사스크랩_00,1,char:110,relic:데일리아크기사스크랩,137,167,,,,org:데일리_아크,2,기록 2 · 이름 5줄,기록 1 · 이름 5줄,,,
setup_payoff,record,3,ep:d_nikke_crow_03,,event_doutsiders_01_s,,char:110,event_doutsiders,137,171,E1279,암시,F778,,,,,확실,확정,
keyword,auto,2,ep:d_nikke_crow_05,54,event_doutsiders_prologue,2,char:110,event_doutsiders,137,171,,,,concept:아웃로,5,기록 6 · 이름 34줄,이름 6줄,,,
keyword,auto,2,ep:d_nikke_crow_03,33,event_doutsiders_01_s,19,char:110,event_doutsiders,137,171,,,,org:이그조틱,14,기록 2,기록 3 · 이름 5줄,,,
keyword,auto,2,ep:d_nikke_crow_05,85,event_doutsiders_prologue,8,char:110,event_doutsiders,137,171,,,,place:아우터_림,43,기록 4 · 이름 8줄,기록 10 · 이름 25줄,,,
keyword,auto,2,ep:d_nikke_crow_05,61,ep:d_nikke_guilty_01,13,char:110,char:400,137,172,,,,place:갱생관,7,기록 3 · 이름 13줄,기록 4 · 이름 14줄,,,
setup_payoff,record,2,ep:d_nikke_crow_05,,d_main_24_09,,char:110,ch24,137,221,E1280,암시,F1018,,,,,추정,확정,
callback,record,3,ep:d_nikke_crow_05,,fl:sin_editor_00,,char:110,fl:sin_editor,137,430,E997,재언급,F641,,,,,확실,확정,
prereq,game-condition,3,ep:d_nikke_pepper_01,,ep:d_nikke_pepper_02,,char:131,char:131,138,138,,,,,,,,,,condition_scenario_group_id
prereq,game-condition,3,ep:d_nikke_pepper_02,,ep:d_nikke_pepper_03,,char:131,char:131,138,138,,,,,,,,,,condition_scenario_group_id
prereq,game-condition,3,ep:d_nikke_pepper_03,,ep:d_nikke_pepper_04,,char:131,char:131,138,138,,,,,,,,,,condition_scenario_group_id
prereq,game-condition,3,ep:d_nikke_pepper_04,,ep:d_nikke_pepper_05,,char:131,char:131,138,138,,,,,,,,,,condition_scenario_group_id
character,auto,2,ep:d_nikke_pepper_04,75,ep:d_nikke_frima_03,1,char:131,char:142,138,142,,,,person:메어리,9,기록 1 · 말함 51줄(18%) · 이름 9줄,기록 1 · 말함 52줄(12%),,,
keyword,auto,2,ep:d_nikke_pepper_04,126,ep:d_nikke_sin_01,41,char:131,char:401,138,173,,,,concept:퍼펙트,16,기록 1 · 이름 5줄,이름 5줄,,,
callback,record,3,ep:d_nikke_pepper_01,,event_bluewaterisland2_03_e,,char:131,event_bluewaterisland,138,212,E217,재언급,F646,,,,,확실,확정,
character,auto,2,ep:d_nikke_pepper_05,58,event_bluewaterisland1_01_s,67,char:131,event_bluewaterisland,138,212,,,,person:페퍼,3,기록 6 · 말함 229줄(80%) · 이름 55줄,기록 8 · 말함 314줄(14%) · 이름 82줄,,,
prereq,game-condition,3,ep:d_nikke_poli_01,,ep:d_nikke_poli_02,,char:30,char:30,139,139,,,,,,,,,,condition_scenario_group_id
prereq,game-condition,3,ep:d_nikke_poli_02,,ep:d_nikke_poli_03,,char:30,char:30,139,139,,,,,,,,,,condition_scenario_group_id
prereq,game-condition,3,ep:d_nikke_poli_03,,ep:d_nikke_poli_04,,char:30,char:30,139,139,,,,,,,,,,condition_scenario_group_id
prereq,game-condition,3,ep:d_nikke_poli_04,,ep:d_nikke_poli_05,,char:30,char:30,139,139,,,,,,,,,,condition_scenario_group_id
keyword,auto,1,ep:d_nikke_poli_05,67,ep:d_nikke_privaty_01,81,char:30,char:170,139,141,,,,concept:니케,186,기록 2 · 이름 16줄,기록 2 · 이름 31줄,,,흔한 대상
character,auto,2,ep:d_nikke_poli_05,87,sub:테트라_커넥트_01,9,char:30,sub:테트라_커넥트_01,139,153,,,,person:잉그리드,37,기록 4 · 말함 51줄(10%) · 이름 16줄,기록 1 · 말함 8줄(27%) · 이름 3줄,,,
keyword,auto,2,ep:d_nikke_poli_05,24,sub:테트라_커넥트_01,9,char:30,sub:테트라_커넥트_01,139,153,,,,org:엘리시온,17,기록 3 · 이름 10줄,기록 1 · 이름 5줄,,,
character,auto,2,ep:d_nikke_poli_05,121,ep:d_nikke_c_3_01,9,char:30,char:802,139,182,,,,person:폴리,10,기록 10 · 말함 365줄(73%) · 이름 52줄,기록 2 · 말함 166줄(50%) · 이름 32줄,,,
keyword,auto,2,ep:d_nikke_poli_05,15,ep:d_nikke_c_3_01,13,char:30,char:802,139,182,,,,org:A.C.P.U.,9,기록 2 · 이름 3줄,기록 2 · 이름 7줄,,,
character,game-condition,3,ep:d_nikke_poli_01,,fav:201001,,char:30,,139,,,,,,,,,,,애장품 소유: 폴리 (name_code 5016)
prereq,game-condition,3,ep:d_nikke_folkwang_01,,ep:d_nikke_folkwang_02,,char:242,char:242,140,140,,,,,,,,,,condition_scenario_group_id
prereq,game-condition,3,ep:d_nikke_folkwang_02,,ep:d_nikke_folkwang_03,,char:242,char:242,140,140,,,,,,,,,,condition_scenario_group_id
prereq,game-condition,3,ep:d_nikke_folkwang_03,,ep:d_nikke_folkwang_04,,char:242,char:242,140,140,,,,,,,,,,condition_scenario_group_id
prereq,game-condition,3,ep:d_nikke_folkwang_04,,ep:d_nikke_folkwang_05,,char:242,char:242,140,140,,,,,,,,,,condition_scenario_group_id
callback,record,3,ep:d_nikke_folkwang_01,,event_goldencoinrush2_b01_s,,char:242,event_goldencoinrush1,140,300,E1368,재언급,F650,,,,,확실,확정,
callback,record,3,ep:d_nikke_folkwang_01,,event_goldencoinrush2_b01_e,,char:242,event_goldencoinrush1,140,300,E1369,재언급,F650,,,,,확실,확정,
character,auto,2,ep:d_nikke_folkwang_05,96,event_goldencoinrush1_03_s,100,char:242,event_goldencoinrush1,140,300,,,,person:폴크방,3,기록 6 · 말함 266줄(78%) · 이름 52줄,기록 4 · 말함 95줄(3%) · 이름 19줄,,,
callback,record,3,ep:d_nikke_folkwang_01,,event_lifeagain_intermission_01,,char:242,event_lifeagain,140,332,E1393,재언급,F650,,,,,확실,확정,
prereq,game-condition,3,ep:d_nikke_privaty_01,,ep:d_nikke_privaty_02,,char:170,char:170,141,141,,,,,,,,,,condition_scenario_group_id
prereq,game-condition,3,ep:d_nikke_privaty_02,,ep:d_nikke_privaty_03,,char:170,char:170,141,141,,,,,,,,,,condition_scenario_group_id
prereq,game-condition,3,ep:d_nikke_privaty_03,,ep:d_nikke_privaty_04,,char:170,char:170,141,141,,,,,,,,,,condition_scenario_group_id
prereq,game-condition,3,ep:d_nikke_privaty_04,,ep:d_nikke_privaty_05,,char:170,char:170,141,141,,,,,,,,,,condition_scenario_group_id
keyword,auto,1,ep:d_nikke_privaty_05,99,ep:d_nikke_frima_02,93,char:170,char:142,141,142,,,,concept:니케,186,기록 2 · 이름 31줄,기록 1 · 이름 5줄,,,흔한 대상
keyword,auto,1,ep:d_nikke_privaty_05,98,event_nocallerid_01_s,17,char:170,event_nocallerid,141,146,,,,org:중앙_정부,67,기록 1 · 이름 20줄,기록 2 · 이름 6줄,,,흔한 대상
keyword,auto,2,ep:d_nikke_privaty_05,95,event_miraclesnow1_prologue,0,char:170,event_miraclesnow1,141,159,,,,place:전초기지,13,기록 2 · 이름 15줄,기록 1 · 이름 7줄,,,
character,auto,2,ep:d_nikke_privaty_05,62,ep:d_nikke_c_1_01,44,char:170,char:800,141,180,,,,person:율하,7,기록 3 · 말함 42줄(9%) · 이름 15줄,기록 1 · 말함 51줄(24%) · 이름 8줄,,,
character,auto,2,ep:d_nikke_privaty_05,102,ep:d_nikke_c_1_01,40,char:170,char:800,141,180,,,,person:프리바티,11,기록 7 · 말함 268줄(60%) · 이름 31줄,기록 1 · 말함 57줄(27%) · 이름 4줄,,,
keyword,auto,2,ep:d_nikke_privaty_05,4,sub:중앙정부_트라이앵글_00,0,char:170,sub:중앙정부_트라이앵글_00,141,199,,,,org:트라이앵글,7,기록 2 · 이름 4줄,기록 3 · 이름 7줄,,,
callback,record,3,ep:d_nikke_privaty_02,,event_perfectmaid_04_e,,char:170,event_perfectmaid,141,264,F651-2,드러냄,F651,,,,,확실,확정,
character,game-condition,3,ep:d_nikke_privaty_01,,fav:201401,,char:170,,141,,,,,,,,,,,애장품 소유: 프리바티 (name_code 5007)
prereq,game-condition,3,ep:d_nikke_frima_01,,ep:d_nikke_frima_02,,char:142,char:142,142,142,,,,,,,,,,condition_scenario_group_id
prereq,game-condition,3,ep:d_nikke_frima_02,,ep:d_nikke_frima_03,,char:142,char:142,142,142,,,,,,,,,,condition_scenario_group_id
prereq,game-condition,3,ep:d_nikke_frima_03,,ep:d_nikke_frima_04,,char:142,char:142,142,142,,,,,,,,,,condition_scenario_group_id
prereq,game-condition,3,ep:d_nikke_frima_04,,ep:d_nikke_frima_05,,char:142,char:142,142,142,,,,,,,,,,condition_scenario_group_id
keyword,auto,1,ep:d_nikke_frima_03,74,ep:d_nikke_hongryeon_01,46,char:142,char:222,142,144,,,,concept:니케,186,기록 1 · 이름 5줄,기록 2 · 이름 5줄,,,흔한 대상
keyword,auto,2,ep:d_nikke_frima_03,137,d_main_17_07,20,char:142,ch17,142,148,,,,concept:사고_전환,8,기록 1 · 이름 8줄,기록 2 · 이름 3줄,,,
character,auto,2,ep:d_nikke_frima_05,70,event_brandnewyear_01_s,2,char:142,event_brandnewyear,142,163,,,,person:슈가,10,말함 60줄(13%) · 이름 10줄,기록 1 · 말함 139줄(35%) · 이름 23줄,,,
character,auto,2,ep:d_nikke_frima_03,146,event_bluewaterisland1_01_s,68,char:142,event_bluewaterisland,142,212,,,,person:메어리,9,기록 1 · 말함 52줄(12%),기록 13 · 말함 714줄(33%) · 이름 57줄,,,
character,auto,2,ep:d_nikke_frima_05,70,sub:해결사_카페_스위티_00,0,char:142,sub:해결사_카페_스위티_00,142,222,,,,person:밀크,10,말함 99줄(22%) · 이름 11줄,기록 1 · 말함 31줄(45%) · 이름 4줄,,,
character,auto,2,ep:d_nikke_frima_05,96,sub:해결사_카페_스위티_00,0,char:142,sub:해결사_카페_스위티_00,142,222,,,,person:프림,7,기록 4 · 말함 211줄(47%) · 이름 46줄,기록 1 · 말함 10줄(14%) · 이름 6줄,,,
character,game-condition,3,ep:d_nikke_frima_01,,fav:200301,,char:142,,142,,,,,,,,,,,애장품 소유: 프림 (name_code 5010)
prereq,game-condition,3,ep:d_nikke_harran_01,,ep:d_nikke_harran_02,,char:230,char:230,143,143,,,,,,,,,,condition_scenario_group_id
prereq,game-condition,3,ep:d_nikke_harran_02,,ep:d_nikke_harran_03,,char:230,char:230,143,143,,,,,,,,,,condition_scenario_group_id
prereq,game-condition,3,ep:d_nikke_harran_03,,ep:d_nikke_harran_04,,char:230,char:230,143,143,,,,,,,,,,condition_scenario_group_id
prereq,game-condition,3,ep:d_nikke_harran_04,,ep:d_nikke_harran_05,,char:230,char:230,143,143,,,,,,,,,,condition_scenario_group_id
keyword,auto,1,ep:d_nikke_harran_05,52,ep:d_nikke_hongryeon_02,25,char:230,char:222,143,144,,,,concept:랩쳐,142,기록 1 · 이름 13줄,기록 3 · 이름 29줄,,,흔한 대상
keyword,auto,1,ep:d_nikke_harran_05,88,ep:d_nikke_hongryeon_01,55,char:230,char:222,143,144,,,,place:지상,132,이름 7줄,이름 20줄,,,흔한 대상
keyword,auto,1,ep:d_nikke_harran_05,99,event_nocallerid_01_s,1,char:230,event_nocallerid,143,146,,,,place:방주,171,기록 3 · 이름 4줄,기록 2 · 이름 13줄,,,흔한 대상
character,auto,2,ep:d_nikke_harran_05,96,d_main_19_05,25,char:230,ch19,143,165,,,,person:하란,9,기록 11 · 말함 322줄(100%) · 이름 35줄,기록 5 · 말함 149줄(27%) · 이름 13줄,,,
setup_payoff,record,2,ep:d_nikke_harran_01,,erelic:goddess_fall_mini_02,,char:230,erelic:goddess_fall_mini,143,419,E1281,암시,F2325,,,,,추정,확정,
setup_payoff,record,2,ep:d_nikke_harran_04,,erelic:goddess_fall_mini_02,,char:230,erelic:goddess_fall_mini,143,419,E1282,암시,F2325,,,,,추정,확정,
setup_payoff,record,3,ep:d_nikke_harran_04,,erelic:goddess_fall_mini_02,,char:230,erelic:goddess_fall_mini,143,419,Q89-2,회수,Q89,,,,,확실,확정,일부 · 답 F2325
setup_payoff,record,3,ep:d_nikke_harran_05,,fl:ark_ranger_16,,char:230,fl:ark_ranger,143,462,E1283,암시,F2734,,,,,확실,확정,
callback,record,3,ep:d_nikke_harran_01,,fl:ark_ranger_16,,char:230,fl:ark_ranger,143,462,E1177,재언급,F656,,,,,확실,확정,
prereq,game-condition,3,ep:d_nikke_hongryeon_01,,ep:d_nikke_hongryeon_02,,char:222,char:222,144,144,,,,,,,,,,condition_scenario_group_id
prereq,game-condition,3,ep:d_nikke_hongryeon_02,,ep:d_nikke_hongryeon_03,,char:222,char:222,144,144,,,,,,,,,,condition_scenario_group_id
prereq,game-condition,3,ep:d_nikke_hongryeon_03,,ep:d_nikke_hongryeon_04,,char:222,char:222,144,144,,,,,,,,,,condition_scenario_group_id
prereq,game-condition,3,ep:d_nikke_hongryeon_04,,ep:d_nikke_hongryeon_05,,char:222,char:222,144,144,,,,,,,,,,condition_scenario_group_id
keyword,auto,1,ep:d_nikke_hongryeon_05,126,event_nocallerid_01_s,17,char:222,event_nocallerid,144,146,,,,concept:랩쳐,142,기록 3 · 이름 29줄,기록 2 · 이름 21줄,,,흔한 대상
keyword,auto,1,ep:d_nikke_hongryeon_05,139,event_nocallerid_prologue,2,char:222,event_nocallerid,144,146,,,,place:지상,132,이름 20줄,이름 18줄,,,흔한 대상
character,auto,2,ep:d_nikke_hongryeon_05,124,d_main_17_05_s,2,char:222,ch17,144,148,,,,person:홍련,18,기록 14 · 말함 387줄(81%) · 이름 34줄,기록 5 · 말함 84줄(9%) · 이름 3줄,,,
keyword,auto,1,ep:d_nikke_hongryeon_02,86,d_main_17_02,33,char:222,ch17,144,148,,,,concept:니케,186,기록 2 · 이름 5줄,이름 36줄,,,흔한 대상
keyword,auto,2,ep:d_nikke_hongryeon_03,61,d_main_19_05,36,char:222,ch19,144,165,,,,org:필그림,21,기록 1 · 이름 10줄,기록 2 · 이름 4줄,,,
callback,record,3,ep:d_nikke_hongryeon_03,,event_overzone2_03_e,,char:222,event_overzone,144,203,E199,재언급,F661,,,,,확실,확정,
setup_payoff,record,2,ep:d_nikke_hongryeon_02,,erelic:red_ash_lost_10,,char:222,erelic:red_ash_lost,144,249,Q90-2,회수,Q90,,,,,추정,확정,일부 · 답 F1181
setup_payoff,record,2,ep:d_nikke_hongryeon_01,,event_newyearnewsword_06_s,,char:222,event_newyearnewsword,144,258,E1284,암시,F1238,,,,,추정,확정,
setup_payoff,record,3,ep:d_nikke_hongryeon_02,,event_newyearnewsword_06_s,,char:222,event_newyearnewsword,144,258,Q90-3,회수,Q90,,,,,확실,확정,전부 · 답 F1238
callback,record,3,ep:d_nikke_hongryeon_02,,event_newyearnewsword_06_e,,char:222,event_newyearnewsword,144,258,F660-2,드러냄,F660,,,,,확실,확정,
setup_payoff,record,2,ep:d_nikke_hongryeon_05,,event_goddessfall2_03_s,,char:222,event_goddessfall1,144,418,E1286,암시,F2297,,,,,추정,확정,
setup_payoff,record,2,ep:d_nikke_hongryeon_01,,d_main_47_04,,char:222,ch47,144,470,E1285,암시,Q363,,,,,추정,확정,
prereq,game-condition,3,ep:d_nikke_n102_01,,ep:d_nikke_n102_02,,char:120,char:120,145,145,,,,,,,,,,condition_scenario_group_id
prereq,game-condition,3,ep:d_nikke_n102_02,,ep:d_nikke_n102_03,,char:120,char:120,145,145,,,,,,,,,,condition_scenario_group_id
prereq,game-condition,3,ep:d_nikke_n102_03,,ep:d_nikke_n102_04,,char:120,char:120,145,145,,,,,,,,,,condition_scenario_group_id
prereq,game-condition,3,ep:d_nikke_n102_04,,ep:d_nikke_n102_05,,char:120,char:120,145,145,,,,,,,,,,condition_scenario_group_id
setup_payoff,record,2,ep:d_nikke_n102_04,,event_miraclesnow2_06_e,,char:120,event_miraclesnow1,145,159,E1596,암시,F730,,,,,추정,확정,
setup_payoff,record,2,ep:d_nikke_n102_05,,event_miraclesnow2_06_e,,char:120,event_miraclesnow1,145,159,E1597,암시,F730,,,,,추정,확정,
character,auto,2,ep:d_nikke_n102_05,103,event_miraclesnow1_01_e,33,char:120,event_miraclesnow1,145,159,,,,person:앤,3,기록 9 · 이름 64줄,기록 10 · 말함 222줄(17%) · 이름 142줄,,,
keyword,auto,1,event_nocallerid_05_s,7,ep:d_nikke_helm_01,28,event_nocallerid,char:352,146,147,,,,concept:랩쳐,142,기록 2 · 이름 21줄,이름 8줄,,,흔한 대상
keyword,auto,1,event_nocallerid_epilogue,17,ep:d_nikke_helm_01,34,event_nocallerid,char:352,146,147,,,,place:방주,171,기록 2 · 이름 13줄,이름 10줄,,,흔한 대상
keyword,auto,1,event_nocallerid_05_e,55,ep:d_nikke_helm_01,35,event_nocallerid,char:352,146,147,,,,place:지상,132,이름 18줄,이름 8줄,,,흔한 대상
character,auto,1,event_nocallerid_05_e,46,d_main_17_01_e,0,event_nocallerid,ch17,146,148,,,,person:라피,85,기록 1 · 말함 115줄(35%) · 이름 6줄,기록 3 · 말함 79줄(9%) · 이름 11줄,,,흔한 대상
character,auto,1,event_nocallerid_05_e,48,d_main_17_01_e,2,event_nocallerid,ch17,146,148,,,,person:아니스,119,말함 112줄(34%) · 이름 4줄,말함 128줄(14%) · 이름 16줄,,,흔한 대상
character,auto,2,event_nocallerid_epilogue,21,d_main_17_07,76,event_nocallerid,ch17,146,148,,,,person:엔더슨,32,기록 2 · 말함 37줄(11%) · 이름 1줄,기록 2 · 이름 16줄,,,
keyword,auto,2,event_nocallerid_04_e,5,d_main_17_08,0,event_nocallerid,ch17,146,148,,,,incident:랩쳐_침공,12,기록 2 · 이름 1줄,기록 2 · 이름 5줄,,,
character,auto,1,event_nocallerid_05_e,49,sub:중앙_정부_공식__02,38,event_nocallerid,sub:중앙_정부_공식__02,146,154,,,,person:네온,55,말함 65줄(20%) · 이름 5줄,기록 1 · 말함 16줄(29%) · 이름 2줄,,,흔한 대상
keyword,auto,1,event_nocallerid_03_e,30,sub:중앙_정부_공식__02,0,event_nocallerid,sub:중앙_정부_공식__02,146,154,,,,org:중앙_정부,67,기록 2 · 이름 6줄,이름 6줄,,,흔한 대상
prereq,game-condition,3,ep:d_nikke_helm_01,,ep:d_nikke_helm_02,,char:352,char:352,147,147,,,,,,,,,,condition_scenario_group_id
prereq,game-condition,3,ep:d_nikke_helm_02,,ep:d_nikke_helm_03,,char:352,char:352,147,147,,,,,,,,,,condition_scenario_group_id
prereq,game-condition,3,ep:d_nikke_helm_03,,ep:d_nikke_helm_04,,char:352,char:352,147,147,,,,,,,,,,condition_scenario_group_id
prereq,game-condition,3,ep:d_nikke_helm_04,,ep:d_nikke_helm_05,,char:352,char:352,147,147,,,,,,,,,,condition_scenario_group_id
keyword,auto,1,ep:d_nikke_helm_04,127,d_main_17_01_s,15,char:352,ch17,147,148,,,,concept:랩쳐,142,이름 8줄,기록 1 · 이름 22줄,,,흔한 대상
keyword,auto,1,ep:d_nikke_helm_04,129,d_main_17_01_e,2,char:352,ch17,147,148,,,,place:방주,171,이름 10줄,기록 4 · 이름 38줄,,,흔한 대상
keyword,auto,1,ep:d_nikke_helm_04,126,d_main_17_01_e,51,char:352,ch17,147,148,,,,place:지상,132,이름 8줄,이름 12줄,,,흔한 대상
keyword,auto,2,ep:d_nikke_helm_04,116,d_main_18_10,18,char:352,ch18,147,152,,,,concept:타일런트_급,12,이름 10줄,기록 1 · 이름 6줄,,,
character,auto,2,ep:d_nikke_helm_05,57,event_brandnewyear_01_e,28,char:352,event_brandnewyear,147,163,,,,person:버닝엄,14,기록 2 · 말함 25줄(5%) · 이름 5줄,기록 3 · 말함 18줄(4%) · 이름 1줄,,,
character,auto,2,ep:d_nikke_helm_05,139,event_brandnewyear_prologue,3,char:352,event_brandnewyear,147,163,,,,person:헬름,7,기록 10 · 말함 322줄(71%) · 이름 31줄,기록 3 · 말함 147줄(37%) · 이름 20줄,,,
keyword,auto,2,ep:d_nikke_helm_05,136,event_brandnewyear_prologue,7,char:352,event_brandnewyear,147,163,,,,place:어드마이어_호,9,기록 6 · 이름 78줄,기록 3 · 이름 18줄,,,
character,auto,2,ep:d_nikke_helm_05,136,event_goldenship_prologue,1,char:352,event_goldenship,147,224,,,,person:마스트,9,기록 5 · 말함 49줄(11%) · 이름 14줄,기록 5 · 말함 403줄(57%) · 이름 64줄,,,
character,auto,2,ep:d_nikke_helm_05,136,event_goldenship_prologue,7,char:352,event_goldenship,147,224,,,,person:앵커,5,기록 4 · 말함 31줄(7%) · 이름 12줄,기록 3 · 말함 158줄(22%) · 이름 30줄,,,
setup_payoff,record,2,ep:d_nikke_helm_04,,event_seayouagain2_06_s,,char:352,event_seayouagain1,147,226,E1598,암시,F1056,,,,,추정,확정,
setup_payoff,record,2,ep:d_nikke_helm_05,,event_seayouagain2_06_s,,char:352,event_seayouagain1,147,226,E1599,암시,F1056,,,,,추정,확정,
callback,record,3,ep:d_nikke_helm_01,,event_seayouagain1_02_s,,char:352,event_seayouagain1,147,226,E1319,재언급,F670,,,,,확실,확정,
keyword,auto,2,ep:d_nikke_helm_05,129,event_seayouagain1_01_s,16,char:352,event_seayouagain1,147,226,,,,org:이지스,4,기록 5 · 이름 14줄,기록 6 · 이름 31줄,,,
callback,record,2,ep:d_nikke_helm_01,,d_main_38_01_s,,char:352,ch38,147,375,E658,재언급,F670,,,,,추정,확정,
character,game-condition,3,ep:d_nikke_helm_01,,fav:200701,,char:352,,147,,,,,,,,,,,애장품 소유: 헬름 (name_code 5066)
setup_payoff,record,3,d_main_17_02,,d_main_17_10,,ch17,ch17,148,148,E115,암시,F676,,,,,확실,확정,
setup_payoff,record,3,d_main_17_04,,d_main_17_10,,ch17,ch17,148,148,E116,암시,F676,,,,,확실,확정,
setup_payoff,record,3,d_main_17_04,,d_main_17_11,,ch17,ch17,148,148,E116,암시,F686,,,,,확실,확정,
setup_payoff,record,3,d_main_17_05_e,,d_main_17_08,,ch17,ch17,148,148,E117,암시,F684,,,,,확실,확정,
setup_payoff,record,3,d_main_17_07,,d_main_17_11,,ch17,ch17,148,148,E118,암시,F686,,,,,확실,확정,
setup_payoff,record,3,d_main_17_08,,d_main_17af_01,,ch17,ch17,148,148,E121,암시,F689,,,,,확실,확정,
character,auto,1,d_main_17af_02,118,sub:제니퍼f_00,36,ch17,sub:제니퍼f_00,148,149,,,,person:아니스,119,말함 128줄(14%) · 이름 16줄,말함 13줄(21%),,,흔한 대상
keyword,auto,1,d_main_17af_04,31,sub:제니퍼f_00,13,ch17,sub:제니퍼f_00,148,149,,,,place:지상,132,이름 12줄,이름 7줄,,,흔한 대상
keyword,auto,2,d_main_17_11,25,relic:모바일_보이스피싱_광고_모음.zip_00,1,ch17,relic:모바일_보이스피싱_광고_모음.zip,148,150,,,,incident:랩쳐_침공,12,기록 2 · 이름 5줄,기록 2,,,
keyword,auto,1,d_main_17af_04,32,relic:니케제작보고서요약본_00,0,ch17,relic:니케제작보고서요약본,148,151,,,,concept:니케,186,이름 36줄,기록 2,,,흔한 대상
sequel,auto,3,d_main_17af_04,,d_main_18_01,,ch17,ch18,148,152,,,,,,,,,,다음 챕터
character,auto,2,d_main_17af_04,148,d_main_18_01,5,ch17,ch18,148,152,,,,person:슈엔,30,기록 4 · 말함 148줄(16%) · 이름 23줄,기록 11 · 말함 185줄(17%) · 이름 36줄,,,
character,auto,2,d_main_17af_02,36,d_main_18af_01,3,ch17,ch18,148,152,,,,person:엔더슨,32,기록 2 · 이름 16줄,기록 2 · 말함 55줄(5%) · 이름 4줄,,,
character,auto,2,d_main_17af_03,43,d_main_18af_06,20,ch17,ch18,148,152,,,,person:유니,13,기록 2 · 말함 21줄(2%) · 이름 12줄,기록 2 · 말함 35줄(3%) · 이름 16줄,,,
keyword,auto,2,d_main_17af_04,51,d_main_18_06,45,ch17,ch18,148,152,,,,concept:NIMPH,24,기록 3 · 이름 22줄,기록 2 · 이름 23줄,,,
keyword,auto,1,d_main_17af_04,135,d_main_18_01,3,ch17,ch18,148,152,,,,concept:랩쳐,142,기록 1 · 이름 22줄,이름 42줄,,,흔한 대상
keyword,auto,2,d_main_17_08,49,d_main_18af_03,49,ch17,ch18,148,152,,,,concept:언체인드,25,기록 6 · 이름 27줄,기록 2 · 이름 6줄,,,
keyword,auto,2,d_main_17af_04,141,d_main_18_04,38,ch17,ch18,148,152,,,,org:메티스,21,기록 4 · 이름 30줄,기록 4 · 이름 14줄,,,
keyword,auto,2,d_main_17af_04,49,d_main_18_07_e,16,ch17,ch18,148,152,,,,org:미실리스,32,기록 2 · 이름 8줄,기록 2 · 이름 7줄,,,
keyword,auto,2,d_main_17af_02,18,d_main_18_01,74,ch17,ch18,148,152,,,,org:카운터스,32,기록 3 · 이름 3줄,기록 2 · 이름 2줄,,,
keyword,auto,1,d_main_17af_04,135,d_main_18_01,1,ch17,ch18,148,152,,,,place:방주,171,기록 4 · 이름 38줄,기록 3 · 이름 35줄,,,흔한 대상
character,auto,1,d_main_17af_02,127,sub:테트라_커넥트_01,35,ch17,sub:테트라_커넥트_01,148,153,,,,person:라피,85,기록 3 · 말함 79줄(9%) · 이름 11줄,말함 6줄(20%),,,흔한 대상
keyword,auto,2,d_main_17af_03,24,event_miraclesnow1_intermission_01,16,ch17,event_miraclesnow1,148,159,,,,concept:기억_소거,9,기록 2 · 이름 9줄,기록 2 · 이름 5줄,,,
character,auto,2,d_main_17af_02,60,event_brandnewyear_06_e,46,ch17,event_brandnewyear,148,163,,,,person:마리안,20,기록 2 · 말함 3줄(0%) · 이름 8줄,기록 3 · 이름 9줄,,,
keyword,auto,2,d_main_17_09,31,d_main_19_02,12,ch17,ch19,148,165,,,,concept:헬레틱,40,기록 1 · 이름 6줄,기록 3 · 이름 16줄,,,
setup_payoff,record,3,d_main_17af_02,,d_main_20af_01,,ch17,ch20,148,168,E125,암시,F762,,,,,확실,확정,
keyword,auto,2,d_main_17_08,29,relic:jonathan_report_00,1,ch17,relic:jonathan_report,148,170,,,,concept:사고_전환,8,기록 2 · 이름 3줄,기록 2 · 이름 3줄,,,
callback,record,3,d_main_17af_02,,d_main_22_09,,ch17,ch22,148,197,E173,재언급,F690,,,,,확실,확정,
callback,record,3,d_main_17af_02,,d_main_22_11,,ch17,ch22,148,197,E175,재언급,F690,,,,,확실,확정,
character,auto,2,d_main_17_12,47,event_overzone1_01_s,1,ch17,event_overzone,148,203,,,,person:라푼젤,18,기록 10 · 말함 220줄(24%) · 이름 18줄,기록 7 · 말함 259줄(12%) · 이름 50줄,,,
character,auto,2,d_main_17_12,10,event_overzone1_01_s,4,ch17,event_overzone,148,203,,,,person:스노우_화이트,26,기록 11 · 말함 97줄(11%) · 이름 16줄,기록 8 · 말함 241줄(11%) · 이름 49줄,,,
character,auto,2,d_main_17_10,2,event_overzone1_01_s,2,ch17,event_overzone,148,203,,,,person:홍련,18,기록 5 · 말함 84줄(9%) · 이름 3줄,기록 8 · 말함 313줄(15%) · 이름 31줄,,,
keyword,auto,2,d_main_17af_02,36,event_overzone_prologue,1,ch17,event_overzone,148,203,,,,org:갓데스,30,기록 11 · 이름 8줄,기록 13 · 이름 34줄,,,
character,auto,2,d_main_17_11,16,erelic:white_memory_12,5,ch17,erelic:white_memory,148,204,,,,person:레드_후드,26,기록 3 · 이름 6줄,기록 2 · 이름 2줄,,,
callback,record,3,d_main_17_11,,d_main_26_01_e,,ch17,ch26,148,244,E265,재언급,F686,,,,,확실,확정,
callback,record,3,d_main_17_05_s,,d_main_26_03_s,,ch17,ch26,148,244,E266,재언급,F677,,,,,확실,확정,
callback,record,2,d_main_17_08,,event_oldtales2_02_e,,ch17,event_oldtales1,148,338,E535,재언급,F682,,,,,추정,확정,
keyword,auto,2,d_main_17_11,9,d_main_39_05,70,ch17,ch39,148,396,,,,org:파이오니아,4,기록 3 · 이름 2줄,기록 1 · 이름 7줄,,,
setup_payoff,record,3,d_main_17_08,,fl:ark_guardian_16,,ch17,fl:ark_guardian,148,428,E119,암시,F2364,,,,,확실,확정,
setup_payoff,record,3,d_main_17_08,,fl:ark_guardian_25,,ch17,fl:ark_guardian,148,428,E120,암시,F2373,,,,,확실,확정,
setup_payoff,record,3,d_main_17_11,,fl:ark_guardian_26,,ch17,fl:ark_guardian,148,428,E123,암시,F2375,,,,,확실,확정,
callback,record,2,d_main_17af_04,,fl:project_matis_20,,ch17,fl:project_matis,148,467,E1197,재언급,F691,,,,,추정,확정,
keyword,auto,1,sub:제니퍼f_00,53,d_main_18_01,44,sub:제니퍼f_00,ch18,149,152,,,,place:지상,132,이름 7줄,이름 10줄,,,흔한 대상
character,auto,1,sub:제니퍼f_00,57,sub:테트라_커넥트_01,25,sub:제니퍼f_00,sub:테트라_커넥트_01,149,153,,,,person:아니스,119,말함 13줄(21%),말함 12줄(40%),,,흔한 대상
setup_payoff,record,2,sub:제니퍼f_00,,fl:lie_cause_recoil_22,,sub:제니퍼f_00,fl:lie_cause_recoil,149,438,E126,암시,F2479,,,,,추정,확정,
setup_payoff,record,3,sub:제니퍼f_00,,fl:lie_cause_recoil_19,,sub:제니퍼f_00,fl:lie_cause_recoil,149,438,Q96-2,회수,Q96,,,,,확실,확정,일부 · 답 F2478
callback,record,3,sub:제니퍼f_00,,fl:lie_cause_recoil_12,,sub:제니퍼f_00,fl:lie_cause_recoil,149,438,E1476,재언급,F693,,,,,확실,확정,
keyword,auto,2,sub:제니퍼f_00,66,fl:lie_cause_recoil_06,49,sub:제니퍼f_00,fl:lie_cause_recoil,149,438,,,,org:방주_아동_보호_센터,2,기록 4 · 이름 1줄,기록 9 · 이름 10줄,,,
keyword,auto,2,relic:모바일_보이스피싱_광고_모음.zip_01,2,relic:XX중학교가정통신문_00,2,relic:모바일_보이스피싱_광고_모음.zip,relic:XX중학교가정통신문,150,156,,,,incident:랩쳐_침공,12,기록 2,기록 2,,,
keyword,auto,1,relic:니케제작보고서요약본_00,0,d_main_18_03,16,relic:니케제작보고서요약본,ch18,151,152,,,,concept:니케,186,기록 2,이름 30줄,,,흔한 대상
keyword,auto,1,d_main_18af_06,78,sub:테트라_커넥트_01,5,ch18,sub:테트라_커넥트_01,152,153,,,,concept:니케,186,이름 30줄,이름 6줄,,,흔한 대상
keyword,auto,1,d_main_18af_06,57,sub:중앙_정부_공식__02,6,ch18,sub:중앙_정부_공식__02,152,154,,,,concept:랩쳐,142,이름 42줄,기록 1 · 이름 6줄,,,흔한 대상
callback,record,2,d_main_18_10,,relic:XX중학교가정통신문_01,,ch18,relic:XX중학교가정통신문,152,156,E134,재언급,F700,,,,,추정,확정,
character,auto,2,d_main_18af_02,30,event_hightechtoy_prologue,14,ch18,event_hightechtoy,152,157,,,,person:드레이크,16,기록 3 · 말함 64줄(6%) · 이름 10줄,기록 2 · 말함 39줄(9%) · 이름 17줄,,,
character,auto,2,d_main_18af_02,122,event_hightechtoy_prologue,12,ch18,event_hightechtoy,152,157,,,,person:라플라스,13,기록 13 · 말함 250줄(24%) · 이름 71줄,기록 4 · 말함 131줄(32%) · 이름 26줄,,,
character,auto,2,d_main_18af_02,30,event_hightechtoy_prologue,4,ch18,event_hightechtoy,152,157,,,,person:맥스웰,15,기록 3 · 말함 181줄(17%) · 이름 15줄,기록 3 · 말함 201줄(48%) · 이름 19줄,,,
character,auto,2,d_main_18af_06,82,event_hightechtoy_prologue,8,ch18,event_hightechtoy,152,157,,,,person:슈엔,30,기록 11 · 말함 185줄(17%) · 이름 36줄,기록 3 · 말함 32줄(8%) · 이름 27줄,,,
keyword,auto,2,d_main_18_12_s,27,event_hightechtoy_prologue,0,ch18,event_hightechtoy,152,157,,,,concept:타일런트_급,12,기록 1 · 이름 6줄,기록 1 · 이름 20줄,,,
keyword,auto,2,d_main_18af_02,64,event_hightechtoy_prologue,0,ch18,event_hightechtoy,152,157,,,,org:메티스,21,기록 4 · 이름 14줄,기록 6 · 이름 23줄,,,
keyword,auto,2,d_main_18af_06,37,event_hightechtoy_prologue,0,ch18,event_hightechtoy,152,157,,,,org:미실리스,32,기록 2 · 이름 7줄,기록 1 · 이름 9줄,,,
keyword,auto,1,d_main_18af_06,101,event_hightechtoy_intermission_01,20,ch18,event_hightechtoy,152,157,,,,place:방주,171,기록 3 · 이름 35줄,이름 8줄,,,흔한 대상
keyword,auto,1,d_main_18af_06,73,event_hightechtoy_prologue,0,ch18,event_hightechtoy,152,157,,,,place:지상,132,이름 10줄,이름 15줄,,,흔한 대상
keyword,auto,2,d_main_18af_06,80,event_miraclesnow2_01_e,15,ch18,event_miraclesnow1,152,159,,,,concept:NIMPH,24,기록 2 · 이름 23줄,기록 3 · 이름 7줄,,,
sequel,auto,3,d_main_18af_06,,d_main_19_01,,ch18,ch19,152,165,,,,,,,,,,다음 챕터
character,auto,2,d_main_18af_06,16,d_main_19_01,13,ch18,ch19,152,165,,,,person:파피용,9,기록 2 · 말함 7줄(1%) · 이름 1줄,기록 4 · 말함 84줄(15%) · 이름 5줄,,,
keyword,auto,2,d_main_18af_06,80,d_main_19_04,3,ch18,ch19,152,165,,,,concept:언체인드,25,기록 2 · 이름 6줄,기록 8 · 이름 20줄,,,
keyword,auto,2,d_main_18af_05,18,d_main_20_06_s,7,ch18,ch20,152,168,,,,org:카운터스,32,기록 2 · 이름 2줄,기록 1 · 이름 7줄,,,
character,auto,2,d_main_18af_06,8,event_doutsiders_prologue,8,ch18,event_doutsiders,152,171,,,,person:엔더슨,32,기록 2 · 말함 55줄(5%) · 이름 4줄,기록 2 · 말함 37줄(9%) · 이름 1줄,,,
character,auto,2,d_main_18af_06,101,event_doutsiders_01_s,19,ch18,event_doutsiders,152,171,,,,person:크로우,9,기록 3 · 말함 81줄(8%) · 이름 3줄,기록 4 · 말함 64줄(15%) · 이름 7줄,,,
character,auto,2,d_main_18af_01,42,event_maidinvalentine_prologue,5,ch18,event_maidinvalentine,152,177,,,,person:머스탱,27,기록 2 · 말함 7줄(1%),기록 2 · 말함 35줄(7%) · 이름 2줄,,,
setup_payoff,record,2,d_main_18af_01,,d_main_22_06,,ch18,ch22,152,197,E131,암시,F886,,,,,추정,확정,
callback,record,3,d_main_18af_04,,d_main_22_11,,ch18,ch22,152,197,E174,재언급,F706,,,,,확실,확정,
character,auto,2,d_main_18af_03,31,d_main_22_01_s,18,ch18,ch22,152,197,,,,person:에닉,22,기록 2 · 이름 4줄,기록 8 · 말함 76줄(8%) · 이름 12줄,,,
keyword,auto,2,d_main_18_12_e,84,event_overzone1_01_s,8,ch18,event_overzone,152,203,,,,concept:침식,21,이름 6줄,기록 2 · 이름 7줄,,,
setup_payoff,record,3,d_main_18af_04,,d_main_23_08_s,,ch18,ch23,152,217,E132,암시,F993,,,,,확실,확정,
setup_payoff,record,3,d_main_18af_06,,d_main_23_09_s,,ch18,ch23,152,217,Q97-2,회수,Q97,,,,,확실,확정,일부 · 답 F995
character,auto,2,d_main_18af_06,99,d_main_23_02_e,3,ch18,ch23,152,217,,,,person:유니,13,기록 2 · 말함 35줄(3%) · 이름 16줄,기록 4 · 말함 39줄(3%) · 이름 20줄,,,
callback,record,3,d_main_18af_06,,d_main_24_04,,ch18,ch24,152,221,E236,재언급,Q97,,,,,확실,확정,
keyword,auto,2,d_main_18af_01,10,event_oldtales1_03_s,102,ch18,event_oldtales1,152,338,,,,concept:콜링_시그널,4,기록 3 · 이름 6줄,기록 2 · 이름 3줄,,,
callback,record,2,d_main_18af_06,,event_unbreakablesphere2_04_s,,ch18,event_unbreakablesphere1,152,377,E705,재언급,F708,,,,,추정,확정,
keyword,auto,2,d_main_18_12_e,0,event_goddessfall1_03_e,62,ch18,event_goddessfall1,152,418,,,,concept:스톰_브링어,3,기록 2 · 이름 2줄,기록 2 · 이름 4줄,,,
setup_payoff,record,2,d_main_18af_03,,fl:ark_guardian_16,,ch18,fl:ark_guardian,152,428,Q98-2,회수,Q98,,,,,추정,확정,일부 · 답 F2364
callback,record,3,d_main_18af_04,,fl:enter_heaven_09,,ch18,fl:enter_heaven,152,442,E1039,재언급,F706,,,,,확실,확정,
setup_payoff,record,3,d_main_18_07_e,,fl:project_matis_21,,ch18,fl:project_matis,152,467,E128,암시,F2791,,,,,확실,확정,
callback,record,2,d_main_18_07_e,,fl:project_matis_08,,ch18,fl:project_matis,152,467,E1190,재언급,F699,,,,,추정,확정,
callback,record,2,d_main_18_10,,fl:project_matis_24,,ch18,fl:project_matis,152,467,E1200,재언급,F700,,,,,추정,확정,
callback,record,2,d_main_18_07_e,,fl:project_matis_26,,ch18,fl:project_matis,152,467,E1204,재언급,F699,,,,,추정,확정,
character,auto,1,sub:테트라_커넥트_01,67,sub:중앙_정부_공식__02,34,sub:테트라_커넥트_01,sub:중앙_정부_공식__02,153,154,,,,person:라피,85,말함 6줄(20%),말함 13줄(23%),,,흔한 대상
character,auto,1,sub:테트라_커넥트_01,66,sub:중앙_정부_공식__02,39,sub:테트라_커넥트_01,sub:중앙_정부_공식__02,153,154,,,,person:아니스,119,말함 12줄(40%),말함 16줄(29%) · 이름 1줄,,,흔한 대상
keyword,auto,1,sub:테트라_커넥트_01,82,event_hightechtoy_prologue,0,sub:테트라_커넥트_01,event_hightechtoy,153,157,,,,concept:니케,186,이름 6줄,이름 52줄,,,흔한 대상
character,auto,2,sub:테트라_커넥트_01,64,ep:d_nikke_marian_p_02,87,sub:테트라_커넥트_01,char:260,153,164,,,,person:잉그리드,37,기록 1 · 말함 8줄(27%) · 이름 3줄,기록 5 · 말함 113줄(23%) · 이름 1줄,,,
keyword,auto,2,sub:테트라_커넥트_01,75,ep:d_nikke_cocoa_03,53,sub:테트라_커넥트_01,char:311,153,178,,,,org:엘리시온,17,기록 1 · 이름 5줄,기록 1 · 이름 6줄,,,
setup_payoff,record,2,sub:테트라_커넥트_01,,d_main_23_08_e,,sub:테트라_커넥트_01,ch23,153,217,E133,암시,F995,,,,,추정,확정,
keyword,auto,2,sub:테트라_커넥트_01,91,d_main_23_08_s,8,sub:테트라_커넥트_01,ch23,153,217,,,,org:테트라_커넥트,3,기록 3 · 이름 6줄,기록 2 · 이름 2줄,,,
keyword,auto,2,sub:테트라_커넥트_01,91,d_main_24_04,3,sub:테트라_커넥트_01,ch24,153,221,,,,org:테트라,13,이름 9줄,기록 2 · 이름 2줄,,,
character,auto,1,sub:중앙_정부_공식__02,97,sub:김작가_00,29,sub:중앙_정부_공식__02,sub:김작가_00,154,155,,,,person:아니스,119,말함 16줄(29%) · 이름 1줄,말함 13줄(21%),,,흔한 대상
keyword,auto,1,sub:중앙_정부_공식__02,53,relic:XX중학교가정통신문_00,2,sub:중앙_정부_공식__02,relic:XX중학교가정통신문,154,156,,,,concept:랩쳐,142,기록 1 · 이름 6줄,기록 2,,,흔한 대상
character,auto,1,sub:중앙_정부_공식__02,98,ep:d_nikke_laplace_01,8,sub:중앙_정부_공식__02,char:100,154,158,,,,person:네온,55,기록 1 · 말함 16줄(29%) · 이름 2줄,말함 31줄(11%) · 이름 1줄,,,흔한 대상
character,auto,1,sub:중앙_정부_공식__02,96,ep:d_nikke_marian_p_01,8,sub:중앙_정부_공식__02,char:260,154,164,,,,person:라피,85,말함 13줄(23%),기록 2 · 말함 59줄(12%) · 이름 11줄,,,흔한 대상
keyword,auto,1,sub:중앙_정부_공식__02,99,relic:데일리아크기사스크랩_00,1,sub:중앙_정부_공식__02,relic:데일리아크기사스크랩,154,167,,,,org:중앙_정부,67,이름 6줄,이름 8줄,,,흔한 대상
character,auto,1,sub:김작가_00,58,ep:d_nikke_laplace_01,7,sub:김작가_00,char:100,155,158,,,,person:아니스,119,말함 13줄(21%),말함 59줄(20%) · 이름 2줄,,,흔한 대상
keyword,auto,1,relic:XX중학교가정통신문_01,2,event_hightechtoy_01_s,2,relic:XX중학교가정통신문,event_hightechtoy,156,157,,,,concept:랩쳐,142,기록 2,이름 27줄,,,흔한 대상
keyword,auto,2,relic:XX중학교가정통신문_01,1,ep:d_nikke_c_1_02,24,relic:XX중학교가정통신문,char:800,156,180,,,,incident:랩쳐_침공,12,기록 2,이름 5줄,,,
character,auto,2,event_hightechtoy_epilogue,61,ep:d_nikke_laplace_01,10,event_hightechtoy,char:100,157,158,,,,person:라플라스,13,기록 4 · 말함 131줄(32%) · 이름 26줄,기록 8 · 말함 173줄(60%) · 이름 49줄,,,
keyword,auto,1,event_hightechtoy_epilogue,67,ep:d_nikke_laplace_01,23,event_hightechtoy,char:100,157,158,,,,concept:니케,186,이름 52줄,이름 7줄,,,흔한 대상
keyword,auto,2,event_hightechtoy_epilogue,11,ep:d_nikke_laplace_02,89,event_hightechtoy,char:100,157,158,,,,org:미실리스,32,기록 1 · 이름 9줄,기록 1 · 이름 5줄,,,
keyword,auto,1,event_hightechtoy_epilogue,10,ep:d_nikke_laplace_01,2,event_hightechtoy,char:100,157,158,,,,place:방주,171,이름 8줄,기록 1 · 이름 10줄,,,흔한 대상
character,auto,2,event_hightechtoy_epilogue,72,event_miraclesnow2_01_s,73,event_hightechtoy,event_miraclesnow1,157,159,,,,person:슈엔,30,기록 3 · 말함 32줄(8%) · 이름 27줄,기록 4 · 말함 116줄(9%) · 이름 14줄,,,
keyword,auto,2,event_hightechtoy_epilogue,34,event_miraclesnow1_06_s,33,event_hightechtoy,event_miraclesnow1,157,159,,,,concept:양산형_니케,26,기록 3 · 이름 52줄,이름 7줄,,,
keyword,auto,1,event_hightechtoy_05_s,22,event_miraclesnow1_06_s,23,event_hightechtoy,event_miraclesnow1,157,159,,,,place:지상,132,이름 15줄,이름 9줄,,,흔한 대상
keyword,auto,1,event_hightechtoy_epilogue,3,ep:d_nikke_neve_02,54,event_hightechtoy,char:193,157,160,,,,concept:랩쳐,142,이름 27줄,이름 8줄,,,흔한 대상
character,auto,2,event_hightechtoy_epilogue,61,ep:d_nikke_c_2_01,0,event_hightechtoy,char:801,157,181,,,,person:드레이크,16,기록 2 · 말함 39줄(9%) · 이름 17줄,기록 1 · 말함 170줄(54%) · 이름 22줄,,,
keyword,auto,2,event_hightechtoy_epilogue,62,d_main_22_03,27,event_hightechtoy,ch22,157,197,,,,org:메티스,21,기록 6 · 이름 23줄,기록 3 · 이름 4줄,,,
keyword,auto,2,event_hightechtoy_epilogue,3,event_seayouagain1_intermission_01,67,event_hightechtoy,event_seayouagain1,157,226,,,,concept:타일런트_급,12,기록 1 · 이름 20줄,기록 1 · 이름 10줄,,,
character,auto,2,event_hightechtoy_epilogue,69,ep:d_nikke_elegg_04,17,event_hightechtoy,char:500,157,281,,,,person:맥스웰,15,기록 3 · 말함 201줄(48%) · 이름 19줄,기록 1 · 말함 65줄(20%) · 이름 8줄,,,
setup_payoff,record,3,event_hightechtoy_epilogue,,fl:project_matis_12,,event_hightechtoy,fl:project_matis,157,467,E1288,암시,F2785,,,,,확실,확정,
setup_payoff,record,3,event_hightechtoy_epilogue,,fl:project_matis_04,,event_hightechtoy,fl:project_matis,157,467,E1289,암시,F2776,,,,,확실,확정,
setup_payoff,record,3,event_hightechtoy_epilogue,,fl:project_matis_25,,event_hightechtoy,fl:project_matis,157,467,E1289,암시,F2794,,,,,확실,확정,
callback,record,3,event_hightechtoy_06_e,,fl:project_matis_26,,event_hightechtoy,fl:project_matis,157,467,E1203,재언급,F717,,,,,확실,확정,
prereq,game-condition,3,ep:d_nikke_laplace_01,,ep:d_nikke_laplace_02,,char:100,char:100,158,158,,,,,,,,,,condition_scenario_group_id
prereq,game-condition,3,ep:d_nikke_laplace_02,,ep:d_nikke_laplace_03,,char:100,char:100,158,158,,,,,,,,,,condition_scenario_group_id
prereq,game-condition,3,ep:d_nikke_laplace_03,,ep:d_nikke_laplace_04,,char:100,char:100,158,158,,,,,,,,,,condition_scenario_group_id
prereq,game-condition,3,ep:d_nikke_laplace_04,,ep:d_nikke_laplace_05,,char:100,char:100,158,158,,,,,,,,,,condition_scenario_group_id
keyword,auto,1,ep:d_nikke_laplace_04,81,event_miraclesnow1_01_e,5,char:100,event_miraclesnow1,158,159,,,,concept:니케,186,이름 7줄,기록 2 · 이름 24줄,,,흔한 대상
keyword,auto,2,ep:d_nikke_laplace_05,64,event_miraclesnow1_prologue,4,char:100,event_miraclesnow1,158,159,,,,org:미실리스,32,기록 1 · 이름 5줄,기록 2 · 이름 13줄,,,
keyword,auto,1,ep:d_nikke_laplace_04,32,event_miraclesnow1_prologue,0,char:100,event_miraclesnow1,158,159,,,,place:방주,171,기록 1 · 이름 10줄,기록 1 · 이름 7줄,,,흔한 대상
character,auto,1,ep:d_nikke_laplace_05,67,ep:d_nikke_anne_miraclefairy_01,3,char:100,char:121,158,162,,,,person:아니스,119,말함 59줄(20%) · 이름 2줄,말함 46줄(11%) · 이름 15줄,,,흔한 대상
character,auto,1,ep:d_nikke_laplace_05,93,ep:d_nikke_marian_p_01,3,char:100,char:260,158,164,,,,person:네온,55,말함 31줄(11%) · 이름 1줄,말함 79줄(16%) · 이름 7줄,,,흔한 대상
character,auto,2,ep:d_nikke_laplace_05,89,ep:d_nikke_trony_04,18,char:100,char:501,158,299,,,,person:라플라스,13,기록 8 · 말함 173줄(60%) · 이름 49줄,기록 1 · 말함 68줄(19%) · 이름 7줄,,,
setup_payoff,record,2,ep:d_nikke_laplace_05,,fl:project_matis_14,,char:100,fl:project_matis,158,467,E1600,암시,F2786,,,,,추정,확정,
character,game-condition,3,ep:d_nikke_laplace_01,,fav:200401,,char:100,,158,,,,,,,,,,,애장품 소유: 라플라스 (name_code 1010)
setup_payoff,record,3,event_miraclesnow2_01_s,,event_miraclesnow2_intermission_01,,event_miraclesnow1,event_miraclesnow1,159,159,E1290,암시,F729,,,,,확실,확정,
setup_payoff,record,3,event_miraclesnow2_02_e,,event_miraclesnow2_04_e,,event_miraclesnow1,event_miraclesnow1,159,159,E1292,암시,F728,,,,,확실,확정,
setup_payoff,record,3,event_miraclesnow2_06_s,,event_miraclesnow2_06_e,,event_miraclesnow1,event_miraclesnow1,159,159,E1293,암시,F730,,,,,확실,확정,
setup_payoff,record,2,event_miraclesnow2_06_e,,event_miraclesnow2_06_e,,event_miraclesnow1,event_miraclesnow1,159,159,E1294,암시,F730,,,,,추정,확정,
setup_payoff,record,2,event_miraclesnow1_06_s,,event_miraclesnow2_01_s,,event_miraclesnow1,event_miraclesnow1,159,159,E1295,암시,F725,,,,,추정,확정,
character,auto,2,event_miraclesnow2_epilogue,28,ep:d_nikke_rupee_wintershopper_01,0,event_miraclesnow1,char:203,159,161,,,,person:루피,7,기록 4 · 말함 477줄(36%) · 이름 67줄,기록 3 · 말함 269줄(89%) · 이름 53줄,,,
keyword,auto,1,event_miraclesnow2_06_s,34,ep:d_nikke_rupee_wintershopper_01,5,event_miraclesnow1,char:203,159,161,,,,place:방주,171,기록 1 · 이름 7줄,이름 7줄,,,흔한 대상
character,auto,2,event_miraclesnow2_epilogue,52,ep:d_nikke_anne_miraclefairy_01,4,event_miraclesnow1,char:121,159,162,,,,person:앤,3,기록 10 · 말함 222줄(17%) · 이름 142줄,기록 3 · 말함 207줄(51%) · 이름 63줄,,,
keyword,auto,1,event_miraclesnow2_06_s,71,event_brandnewyear_01_s,23,event_miraclesnow1,event_brandnewyear,159,163,,,,place:지상,132,이름 9줄,기록 1 · 이름 14줄,,,흔한 대상
keyword,auto,1,event_miraclesnow2_05_e,23,ep:d_nikke_marian_p_03,69,event_miraclesnow1,char:260,159,164,,,,concept:니케,186,기록 2 · 이름 24줄,기록 2 · 이름 4줄,,,흔한 대상
keyword,auto,2,event_miraclesnow2_epilogue,33,d_main_19_05,64,event_miraclesnow1,ch19,159,165,,,,concept:NIMPH,24,기록 3 · 이름 7줄,기록 2 · 이름 2줄,,,
keyword,auto,2,event_miraclesnow2_04_e,24,event_ltk_01_s,21,event_miraclesnow1,event_ltk,159,189,,,,concept:양산형_니케,26,이름 7줄,기록 2 · 이름 24줄,,,
character,auto,2,event_miraclesnow2_epilogue,51,d_main_23_01_e,103,event_miraclesnow1,ch23,159,217,,,,person:슈엔,30,기록 4 · 말함 116줄(9%) · 이름 14줄,기록 3 · 말함 60줄(5%) · 이름 11줄,,,
keyword,auto,2,event_miraclesnow2_epilogue,2,d_main_23_01_e,104,event_miraclesnow1,ch23,159,217,,,,org:미실리스,32,기록 2 · 이름 13줄,기록 3 · 이름 18줄,,,
keyword,auto,2,event_miraclesnow1_01_s,12,ep:d_nikke_quiry_01,50,event_miraclesnow1,char:33,159,240,,,,place:전초기지,13,기록 1 · 이름 7줄,기록 1 · 이름 12줄,,,
character,auto,2,event_miraclesnow2_03_e,5,sub:중앙정부_프로토콜_00,0,event_miraclesnow1,sub:중앙정부_프로토콜_00,159,242,,,,person:엑시아,12,기록 2 · 말함 79줄(6%) · 이름 5줄,기록 1 · 말함 45줄(79%) · 이름 3줄,,,
keyword,auto,2,event_miraclesnow2_epilogue,35,sub:택틱컬틱택_01,21,event_miraclesnow1,sub:택틱컬틱택_01,159,275,,,,concept:기억_소거,9,기록 2 · 이름 5줄,기록 3 · 이름 1줄,,,
prereq,game-condition,3,ep:d_nikke_neve_01,,ep:d_nikke_neve_02,,char:193,char:193,160,160,,,,,,,,,,condition_scenario_group_id
prereq,game-condition,3,ep:d_nikke_neve_02,,ep:d_nikke_neve_03,,char:193,char:193,160,160,,,,,,,,,,condition_scenario_group_id
prereq,game-condition,3,ep:d_nikke_neve_03,,ep:d_nikke_neve_04,,char:193,char:193,160,160,,,,,,,,,,condition_scenario_group_id
prereq,game-condition,3,ep:d_nikke_neve_04,,ep:d_nikke_neve_05,,char:193,char:193,160,160,,,,,,,,,,condition_scenario_group_id
keyword,auto,1,ep:d_nikke_neve_04,38,ep:d_nikke_marian_p_04,78,char:193,char:260,160,164,,,,concept:랩쳐,142,이름 8줄,기록 2 · 이름 3줄,,,흔한 대상
callback,record,3,ep:d_nikke_neve_04,,event_alonesurvivor_01_s,,char:193,event_alonesurvivor,160,253,E1340,재언급,F732,,,,,확실,확정,
character,auto,2,ep:d_nikke_neve_05,83,event_alonesurvivor_01_s,6,char:193,event_alonesurvivor,160,253,,,,person:네베,2,기록 6 · 말함 154줄(63%) · 이름 38줄,기록 2 · 말함 47줄(5%) · 이름 11줄,,,
character,auto,2,ep:d_nikke_neve_05,65,event_alonesurvivor_01_s,4,char:193,event_alonesurvivor,160,253,,,,person:루드밀라,11,기록 2 · 말함 67줄(27%) · 이름 7줄,기록 6 · 말함 193줄(21%) · 이름 11줄,,,
character,auto,2,ep:d_nikke_neve_05,12,event_goldencoinrush1_01_s,17,char:193,event_goldencoinrush1,160,300,,,,person:앨리스,6,기록 1 · 말함 25줄(10%) · 이름 11줄,기록 5 · 말함 428줄(15%) · 이름 88줄,,,
prereq,game-condition,3,ep:d_nikke_rupee_wintershopper_01,,ep:d_nikke_rupee_wintershopper_02,,char:203,char:203,161,161,,,,,,,,,,condition_scenario_group_id
prereq,game-condition,3,ep:d_nikke_rupee_wintershopper_02,,ep:d_nikke_rupee_wintershopper_03,,char:203,char:203,161,161,,,,,,,,,,condition_scenario_group_id
prereq,game-condition,3,ep:d_nikke_rupee_wintershopper_03,,ep:d_nikke_rupee_wintershopper_04,,char:203,char:203,161,161,,,,,,,,,,condition_scenario_group_id
prereq,game-condition,3,ep:d_nikke_rupee_wintershopper_04,,ep:d_nikke_rupee_wintershopper_05,,char:203,char:203,161,161,,,,,,,,,,condition_scenario_group_id
keyword,auto,1,ep:d_nikke_rupee_wintershopper_05,5,d_main_19_01,48,char:203,ch19,161,165,,,,place:방주,171,이름 7줄,기록 2 · 이름 16줄,,,흔한 대상
character,auto,2,ep:d_nikke_rupee_wintershopper_05,60,sub:상인연합_달란트_00,0,char:203,sub:상인연합_달란트_00,161,218,,,,person:루피,7,기록 3 · 말함 269줄(89%) · 이름 53줄,기록 1 · 말함 13줄(19%) · 이름 2줄,,,
keyword,auto,2,ep:d_nikke_rupee_wintershopper_05,59,fl:ark_ranger_03,0,char:203,fl:ark_ranger,161,462,,,,place:로열_로드,7,이름 5줄,기록 2 · 이름 1줄,,,
prereq,game-condition,3,ep:d_nikke_anne_miraclefairy_01,,ep:d_nikke_anne_miraclefairy_02,,char:121,char:121,162,162,,,,,,,,,,condition_scenario_group_id
prereq,game-condition,3,ep:d_nikke_anne_miraclefairy_02,,ep:d_nikke_anne_miraclefairy_03,,char:121,char:121,162,162,,,,,,,,,,condition_scenario_group_id
prereq,game-condition,3,ep:d_nikke_anne_miraclefairy_03,,ep:d_nikke_anne_miraclefairy_04,,char:121,char:121,162,162,,,,,,,,,,condition_scenario_group_id
prereq,game-condition,3,ep:d_nikke_anne_miraclefairy_04,,ep:d_nikke_anne_miraclefairy_05,,char:121,char:121,162,162,,,,,,,,,,condition_scenario_group_id
character,auto,1,ep:d_nikke_anne_miraclefairy_05,55,ep:d_nikke_marian_p_01,0,char:121,char:260,162,164,,,,person:아니스,119,말함 46줄(11%) · 이름 15줄,말함 97줄(19%) · 이름 20줄,,,흔한 대상
character,auto,2,event_brandnewyear_06_e,57,ep:d_nikke_marian_p_01,90,event_brandnewyear,char:260,163,164,,,,person:마리안,20,기록 3 · 이름 9줄,기록 10,,,
setup_payoff,record,2,event_brandnewyear_05_e,,d_main_19_01,,event_brandnewyear,ch19,163,165,E136,암시,F743,,,,,추정,확정,
keyword,auto,1,event_brandnewyear_epilogue,6,d_main_19_01,4,event_brandnewyear,ch19,163,165,,,,place:지상,132,기록 1 · 이름 14줄,이름 19줄,,,흔한 대상
callback,record,3,event_brandnewyear_01_s,,event_bluewaterisland1_01_s,,event_brandnewyear,event_bluewaterisland,163,212,E208,재언급,F735,,,,,확실,확정,
keyword,auto,2,event_brandnewyear_06_e,31,event_bluewaterisland1_01_s,4,event_brandnewyear,event_bluewaterisland,163,212,,,,place:어드마이어_호,9,기록 3 · 이름 18줄,기록 1 · 이름 10줄,,,
character,auto,2,event_brandnewyear_epilogue,19,d_main_23_01_e,6,event_brandnewyear,ch23,163,217,,,,person:버닝엄,14,기록 3 · 말함 18줄(4%) · 이름 1줄,기록 2 · 말함 44줄(4%) · 이름 2줄,,,
setup_payoff,record,2,event_brandnewyear_06_e,,event_seayouagain2_06_s,,event_brandnewyear,event_seayouagain1,163,226,E138,암시,F1056,,,,,추정,확정,
callback,record,3,event_brandnewyear_01_s,,event_seayouagain1_03_s,,event_brandnewyear,event_seayouagain1,163,226,E1320,재언급,F735,,,,,확실,확정,
character,auto,2,event_brandnewyear_epilogue,32,event_seayouagain1_01_s,16,event_brandnewyear,event_seayouagain1,163,226,,,,person:헬름,7,기록 3 · 말함 147줄(37%) · 이름 20줄,기록 15 · 말함 648줄(28%) · 이름 137줄,,,
character,auto,2,event_brandnewyear_epilogue,30,event_dirtybackyard_01_e,41,event_brandnewyear,event_dirtybackyard,163,262,,,,person:슈가,10,기록 1 · 말함 139줄(35%) · 이름 23줄,기록 11 · 말함 293줄(35%) · 이름 41줄,,,
character,auto,2,event_brandnewyear_epilogue,31,fl:terminus_ticket_01,7,event_brandnewyear,fl:terminus_ticket,163,425,,,,person:율리아,4,기록 2 · 말함 83줄(21%) · 이름 10줄,기록 2 · 말함 24줄(1%) · 이름 5줄,,,
prereq,game-condition,3,ep:d_nikke_marian_p_01,,ep:d_nikke_marian_p_02,,char:260,char:260,164,164,,,,,,,,,,condition_scenario_group_id
prereq,game-condition,3,ep:d_nikke_marian_p_02,,ep:d_nikke_marian_p_03,,char:260,char:260,164,164,,,,,,,,,,condition_scenario_group_id
prereq,game-condition,3,ep:d_nikke_marian_p_03,,ep:d_nikke_marian_p_04,,char:260,char:260,164,164,,,,,,,,,,condition_scenario_group_id
prereq,game-condition,3,ep:d_nikke_marian_p_04,,ep:d_nikke_marian_p_05,,char:260,char:260,164,164,,,,,,,,,,condition_scenario_group_id
character,auto,1,ep:d_nikke_marian_p_05,115,d_main_19_01,1,char:260,ch19,164,165,,,,person:아니스,119,말함 97줄(19%) · 이름 20줄,말함 60줄(11%),,,흔한 대상
keyword,auto,1,ep:d_nikke_marian_p_04,100,d_main_19_01,4,char:260,ch19,164,165,,,,concept:니케,186,기록 2 · 이름 4줄,이름 19줄,,,흔한 대상
keyword,auto,1,ep:d_nikke_marian_p_04,100,d_main_19_02,15,char:260,ch19,164,165,,,,concept:랩쳐,142,기록 2 · 이름 3줄,이름 26줄,,,흔한 대상
character,auto,1,ep:d_nikke_marian_p_05,116,sub:데이파라_00,40,char:260,sub:데이파라_00,164,166,,,,person:네온,55,말함 79줄(16%) · 이름 7줄,말함 14줄(14%),,,흔한 대상
character,auto,1,ep:d_nikke_marian_p_05,114,sub:데이파라_00,44,char:260,sub:데이파라_00,164,166,,,,person:라피,85,기록 2 · 말함 59줄(12%) · 이름 11줄,말함 15줄(15%) · 이름 2줄,,,흔한 대상
character,auto,2,ep:d_nikke_marian_p_04,115,ep:d_nikke_cocoa_03,55,char:260,char:311,164,178,,,,person:잉그리드,37,기록 5 · 말함 113줄(23%) · 이름 1줄,기록 3 · 말함 24줄(7%),,,
character,auto,2,ep:d_nikke_marian_p_05,121,d_main_21_04_s,47,char:260,ch21,164,191,,,,person:마리안,20,기록 10,기록 2 · 이름 3줄,,,
setup_payoff,record,2,ep:d_nikke_marian_p_03,,event_lastkingdom2_epilogue,,char:260,event_lastkingdom1,164,295,E1297,암시,F1452,,,,,추정,확정,
character,auto,2,ep:d_nikke_marian_p_05,120,event_lastkingdom1_01_e,78,char:260,event_lastkingdom1,164,295,,,,person:모더니아,6,말함 129줄(26%),기록 2 · 이름 3줄,,,
setup_payoff,record,3,d_main_19_05,,d_main_19_07,,ch19,ch19,165,165,E139,암시,F748,,,,,확실,확정,
character,auto,1,d_main_19af_02,72,sub:데이파라_00,43,ch19,sub:데이파라_00,165,166,,,,person:아니스,119,말함 60줄(11%),말함 12줄(12%),,,흔한 대상
keyword,auto,1,d_main_19af_01,90,sub:데이파라_00,55,ch19,sub:데이파라_00,165,166,,,,concept:랩쳐,142,이름 26줄,기록 2 · 이름 4줄,,,흔한 대상
keyword,auto,1,d_main_19af_01,44,sub:데이파라_00,7,ch19,sub:데이파라_00,165,166,,,,place:지상,132,이름 19줄,이름 6줄,,,흔한 대상
character,auto,2,d_main_19af_02,60,relic:데일리아크기사스크랩_02,3,ch19,relic:데일리아크기사스크랩,165,167,,,,person:요한,13,기록 10 · 말함 35줄(6%) · 이름 13줄,기록 2 · 이름 6줄,,,
keyword,auto,1,d_main_19af_01,145,relic:데일리아크기사스크랩_00,3,ch19,relic:데일리아크기사스크랩,165,167,,,,place:방주,171,기록 2 · 이름 16줄,기록 2 · 이름 1줄,,,흔한 대상
sequel,auto,3,d_main_19af_02,,d_main_20_01,,ch19,ch20,165,168,,,,,,,,,,다음 챕터
setup_payoff,record,3,d_main_19af_01,,d_main_20_06_s,,ch19,ch20,165,168,E140,암시,F763,,,,,확실,확정,
setup_payoff,record,3,d_main_19af_02,,d_main_20_10_e,,ch19,ch20,165,168,E141,암시,F767,,,,,확실,확정,
callback,record,3,d_main_19_08_e,,d_main_20_10_e,,ch19,ch20,165,168,E146,재언급,F749,,,,,확실,확정,
character,auto,2,d_main_19af_01,131,d_main_20_01,1,ch19,ch20,165,168,,,,person:니힐리스타,11,기록 2 · 이름 2줄,기록 11 · 말함 115줄(16%) · 이름 51줄,,,
character,auto,2,d_main_19af_02,81,d_main_20_01,24,ch19,ch20,165,168,,,,person:도로시,31,기록 11 · 말함 120줄(22%) · 이름 6줄,기록 8 · 말함 105줄(15%) · 이름 10줄,,,
character,auto,2,d_main_19af_02,60,d_main_20_01,0,ch19,ch20,165,168,,,,person:세실,13,기록 6 · 말함 25줄(5%) · 이름 8줄,기록 4 · 말함 86줄(12%) · 이름 7줄,,,
character,auto,2,d_main_19af_01,85,d_main_20_01,19,ch19,ch20,165,168,,,,person:이사벨,11,기록 3 · 말함 5줄(1%) · 이름 3줄,기록 4 · 말함 17줄(2%) · 이름 10줄,,,
character,auto,2,d_main_19af_02,42,d_main_20_01,10,ch19,ch20,165,168,,,,person:파피용,9,기록 4 · 말함 84줄(15%) · 이름 5줄,기록 4 · 말함 56줄(8%) · 이름 6줄,,,
character,auto,2,d_main_19af_02,23,d_main_20_02,4,ch19,ch20,165,168,,,,person:하란,9,기록 5 · 말함 149줄(27%) · 이름 13줄,기록 3 · 말함 15줄(2%) · 이름 5줄,,,
keyword,auto,1,d_main_19af_01,100,d_main_20_03,41,ch19,ch20,165,168,,,,concept:니케,186,이름 19줄,이름 12줄,,,흔한 대상
keyword,auto,2,d_main_19af_02,73,d_main_20_02,33,ch19,ch20,165,168,,,,concept:언체인드,25,기록 8 · 이름 20줄,기록 4 · 이름 16줄,,,
keyword,auto,2,d_main_19af_02,83,d_main_20_01,1,ch19,ch20,165,168,,,,concept:헬레틱,40,기록 3 · 이름 16줄,기록 3 · 이름 6줄,,,
keyword,auto,2,d_main_19af_02,83,d_main_20_06_s,30,ch19,ch20,165,168,,,,place:에덴,25,기록 9 · 이름 18줄,기록 7 · 이름 2줄,,,
callback,record,2,d_main_19af_01,,relic:jonathan_report_03,,ch19,relic:jonathan_report,165,170,E150,재언급,F750,,,,,추정,확정,
character,auto,2,d_main_19af_01,85,d_main_21_02_e,40,ch19,ch21,165,191,,,,person:노아,9,기록 2 · 말함 7줄(1%) · 이름 3줄,기록 5 · 말함 72줄(7%) · 이름 19줄,,,
keyword,auto,2,d_main_19af_01,25,d_main_21_04_e,4,ch19,ch21,165,191,,,,concept:NIMPH,24,기록 2 · 이름 2줄,기록 4 · 이름 13줄,,,
setup_payoff,record,3,d_main_19af_01,,event_overzone2_epilogue,,ch19,event_overzone,165,203,Q105-2,회수,Q105,,,,,확실,확정,일부 · 답 F928
keyword,auto,2,d_main_19af_01,76,event_overzone2_05_e,19,ch19,event_overzone,165,203,,,,org:필그림,21,기록 2 · 이름 4줄,기록 3 · 이름 3줄,,,
callback,record,3,d_main_19af_01,,d_main_25_07_s,,ch19,ch25,165,241,E261,재언급,Q105,,,,,확실,확정,
callback,record,3,d_main_19_04,,event_oldtales2_01_s,,ch19,event_oldtales1,165,338,F744-2,드러냄,F744,,,,,확실,확정,
setup_payoff,record,2,d_main_19_01,,event_ce006_2_03_s,,ch19,event_ce006,165,387,Q107-2,회수,Q107,,,,,추정,확정,일부 · 답 F1987
callback,record,3,d_main_19_01,,event_ce006_2_03_e,,ch19,event_ce006,165,387,E760,재언급,Q107,,,,,확실,확정,
setup_payoff,record,3,d_main_19_04,,fl:ark_guardian_16,,ch19,fl:ark_guardian,165,428,Q104-2,회수,Q104,,,,,확실,확정,전부 · 답 F2363
keyword,auto,1,sub:데이파라_00,97,relic:데일리아크기사스크랩_00,1,sub:데이파라_00,relic:데일리아크기사스크랩,166,167,,,,place:지상,132,이름 6줄,이름 8줄,,,흔한 대상
keyword,auto,1,sub:데이파라_00,110,d_main_20_02,9,sub:데이파라_00,ch20,166,168,,,,concept:랩쳐,142,기록 2 · 이름 4줄,이름 9줄,,,흔한 대상
character,auto,1,sub:데이파라_00,83,sub:로망티스트_00,44,sub:데이파라_00,sub:로망티스트_00,166,169,,,,person:아니스,119,말함 12줄(12%),말함 10줄(14%),,,흔한 대상
character,auto,1,sub:데이파라_00,84,d_main_21_01_s,1,sub:데이파라_00,ch21,166,191,,,,person:네온,55,말함 14줄(14%),기록 2 · 말함 128줄(12%) · 이름 13줄,,,흔한 대상
setup_payoff,record,3,sub:데이파라_00,,sub:2호_쉘터_관리계정_00,,sub:데이파라_00,sub:2호_쉘터_관리계정_00,166,200,Q108-2,회수,Q108,,,,,확실,확정,일부 · 답 F902
callback,record,3,sub:데이파라_00,,sub:2호_쉘터_관리계정_00,,sub:데이파라_00,sub:2호_쉘터_관리계정_00,166,200,E183,재언급,F756,,,,,확실,확정,
character,auto,2,sub:데이파라_00,122,sub:2호_쉘터_관리계정_00,28,sub:데이파라_00,sub:2호_쉘터_관리계정_00,166,200,,,,person:데이파라,4,기록 4 · 말함 56줄(58%) · 이름 2줄,기록 2 · 이름 1줄,,,
character,auto,1,sub:데이파라_00,89,sub:2호_쉘터_관리계정_00,68,sub:데이파라_00,sub:2호_쉘터_관리계정_00,166,200,,,,person:라피,85,말함 15줄(15%) · 이름 2줄,말함 5줄(42%) · 이름 1줄,,,흔한 대상
keyword,auto,2,sub:데이파라_00,108,sub:2호_쉘터_관리계정_00,9,sub:데이파라_00,sub:2호_쉘터_관리계정_00,166,200,,,,org:구원의_성화,5,기록 4 · 이름 1줄,기록 3 · 이름 18줄,,,
setup_payoff,record,3,sub:데이파라_00,,fl:reborn_evil_17,,sub:데이파라_00,fl:reborn_evil,166,407,Q108-3,회수,Q108,,,,,확실,확정,일부 · 답 F2134
callback,record,3,sub:데이파라_00,,fl:reborn_evil_01,,sub:데이파라_00,fl:reborn_evil,166,407,E871,재언급,F757,,,,,확실,확정,
callback,record,3,sub:데이파라_00,,fl:reborn_evil_02,,sub:데이파라_00,fl:reborn_evil,166,407,E872,재언급,F756,,,,,확실,확정,
setup_payoff,record,3,sub:데이파라_00,,ep:d_nikke_ce007_01_02,,sub:데이파라_00,char:840,166,408,Q108-4,회수,Q108,,,,,확실,확정,전부 · 답 F2144
setup_payoff,record,3,relic:데일리아크기사스크랩_04,,d_main_20af_01,,relic:데일리아크기사스크랩,ch20,167,168,Q109-2,회수,Q109,,,,,확실,확정,일부 · 답 F762
character,auto,2,relic:데일리아크기사스크랩_04,8,d_main_20_06_s,30,relic:데일리아크기사스크랩,ch20,167,168,,,,person:샛별,4,기록 4 · 이름 9줄,기록 2 · 이름 3줄,,,
character,auto,2,relic:데일리아크기사스크랩_04,1,d_main_20_01,2,relic:데일리아크기사스크랩,ch20,167,168,,,,person:요한,13,기록 2 · 이름 6줄,기록 11 · 말함 139줄(20%) · 이름 21줄,,,
keyword,auto,1,relic:데일리아크기사스크랩_04,4,d_main_20_05,13,relic:데일리아크기사스크랩,ch20,167,168,,,,place:방주,171,기록 2 · 이름 1줄,기록 2 · 이름 21줄,,,흔한 대상
keyword,auto,1,relic:데일리아크기사스크랩_03,3,event_doutsiders_prologue,6,relic:데일리아크기사스크랩,event_doutsiders,167,171,,,,org:중앙_정부,67,이름 8줄,이름 22줄,,,흔한 대상
keyword,auto,1,relic:데일리아크기사스크랩_04,1,event_maidinvalentine_02_e,32,relic:데일리아크기사스크랩,event_maidinvalentine,167,177,,,,place:지상,132,이름 8줄,이름 6줄,,,흔한 대상
setup_payoff,record,3,relic:데일리아크기사스크랩_03,,d_main_21_02_e,,relic:데일리아크기사스크랩,ch21,167,191,E144,암시,F861,,,,,확실,확정,
keyword,auto,2,relic:데일리아크기사스크랩_03,1,d_main_21_02_e,10,relic:데일리아크기사스크랩,ch21,167,191,,,,incident:2차_지상_탈환전,5,기록 3 · 이름 6줄,기록 2 · 이름 6줄,,,
callback,record,2,relic:데일리아크기사스크랩_03,,event_footstepwalkrun1_06_s,,relic:데일리아크기사스크랩,event_footstepwalkrun1,167,350,E564,재언급,F759,,,,,추정,확정,
keyword,auto,2,relic:데일리아크기사스크랩_03,1,event_footstepwalkrun1_01_s,9,relic:데일리아크기사스크랩,event_footstepwalkrun1,167,350,,,,concept:지상_탈환,9,이름 6줄,이름 22줄,,,
keyword,auto,2,relic:데일리아크기사스크랩_03,3,fl:absolute_04,87,relic:데일리아크기사스크랩,fl:absolute,167,400,,,,place:사관학교,3,기록 2 · 이름 2줄,기록 3 · 이름 1줄,,,
setup_payoff,record,2,relic:데일리아크기사스크랩_04,,erelic:goddess_fall_mini_09,,relic:데일리아크기사스크랩,erelic:goddess_fall_mini,167,419,Q109-3,회수,Q109,,,,,추정,확정,일부 · 답 F2334
keyword,auto,1,d_main_20af_02,41,sub:로망티스트_00,21,ch20,sub:로망티스트_00,168,169,,,,place:방주,171,기록 2 · 이름 21줄,기록 2 · 이름 2줄,,,흔한 대상
keyword,auto,1,d_main_20af_01,73,relic:jonathan_report_00,3,ch20,relic:jonathan_report,168,170,,,,concept:니케,186,이름 12줄,기록 1 · 이름 7줄,,,흔한 대상
keyword,auto,2,d_main_20af_02,69,relic:jonathan_report_03,2,ch20,relic:jonathan_report,168,170,,,,place:에덴,25,기록 7 · 이름 2줄,기록 2,,,
keyword,auto,1,d_main_20_10_e,26,ep:d_nikke_c_1_02,24,ch20,char:800,168,180,,,,concept:랩쳐,142,이름 9줄,이름 10줄,,,흔한 대상
setup_payoff,record,3,d_main_20_10_e,,ep:d_nikke_nihilister_02,,ch20,char:261,168,186,Q111-2,회수,Q111,,,,,확실,확정,일부 · 답 F839
callback,record,3,d_main_20_10_e,,ep:d_nikke_nihilister_01,,ch20,char:261,168,186,E1300,재언급,F768,,,,,확실,확정,
callback,record,3,d_main_20_07,,ep:d_nikke_nihilister_03,,ch20,char:261,168,186,E1303,재언급,Q110,,,,,확실,확정,
callback,record,3,d_main_20_07,,ep:d_nikke_nihilister_05,,ch20,char:261,168,186,E1304,재언급,Q110,,,,,확실,확정,
character,auto,2,d_main_20af_02,91,ep:d_nikke_nihilister_01,0,ch20,char:261,168,186,,,,person:니힐리스타,11,기록 11 · 말함 115줄(16%) · 이름 51줄,기록 14 · 말함 365줄(66%) · 이름 31줄,,,
character,auto,2,d_main_20af_02,90,ep:d_nikke_nihilister_01,7,ch20,char:261,168,186,,,,person:리버렐리오,12,기록 4 · 말함 28줄(4%) · 이름 2줄,기록 2 · 이름 4줄,,,
character,auto,2,d_main_20af_02,88,ep:d_nikke_nihilister_01,159,ch20,char:261,168,186,,,,person:퀸,20,기록 5 · 이름 11줄,기록 5 · 이름 28줄,,,
character,auto,2,d_main_20_07,73,ep:d_nikke_nihilister_03,21,ch20,char:261,168,186,,,,person:토커티브,15,기록 2 · 이름 3줄,기록 3 · 이름 2줄,,,
keyword,auto,2,d_main_20af_01,57,ep:d_nikke_nihilister_01,7,ch20,char:261,168,186,,,,concept:언체인드,25,기록 4 · 이름 16줄,기록 2 · 이름 16줄,,,
keyword,auto,2,d_main_20af_02,6,ep:d_nikke_nihilister_01,43,ch20,char:261,168,186,,,,concept:헬레틱,40,기록 3 · 이름 6줄,기록 4 · 이름 7줄,,,
sequel,auto,3,d_main_20af_02,,d_main_21_01_s,,ch20,ch21,168,191,,,,,,,,,,다음 챕터
setup_payoff,record,3,d_main_20_06_s,,d_main_21_02_e,,ch20,ch21,168,191,Q112-2,회수,Q112,,,,,확실,확정,일부 · 답 F861
character,auto,2,d_main_20af_02,48,d_main_21_01_s,81,ch20,ch21,168,191,,,,person:도로시,31,기록 8 · 말함 105줄(15%) · 이름 10줄,기록 2 · 말함 21줄(2%) · 이름 7줄,,,
character,auto,2,d_main_20af_01,120,d_main_21_01_s,47,ch20,ch21,168,191,,,,person:세실,13,기록 4 · 말함 86줄(12%) · 이름 7줄,기록 8 · 말함 230줄(22%) · 이름 7줄,,,
character,auto,2,d_main_20af_01,120,d_main_21_01_s,78,ch20,ch21,168,191,,,,person:요한,13,기록 11 · 말함 139줄(20%) · 이름 21줄,기록 7 · 말함 214줄(20%) · 이름 39줄,,,
character,auto,2,d_main_20af_01,102,d_main_21_02_e,41,ch20,ch21,168,191,,,,person:이사벨,11,기록 4 · 말함 17줄(2%) · 이름 10줄,기록 2 · 말함 50줄(5%) · 이름 9줄,,,
character,auto,2,d_main_20af_02,51,d_main_21_01_s,81,ch20,ch21,168,191,,,,person:파피용,9,기록 4 · 말함 56줄(8%) · 이름 6줄,기록 3 · 말함 12줄(1%) · 이름 10줄,,,
character,auto,2,d_main_20_10_e,95,d_main_21_01_s,84,ch20,ch21,168,191,,,,person:하란,9,기록 3 · 말함 15줄(2%) · 이름 5줄,기록 2 · 말함 45줄(4%) · 이름 3줄,,,
callback,record,2,d_main_20_10_e,,event_overzone1_intermission_01,,ch20,event_overzone,168,203,E190,재언급,Q111,,,,,추정,확정,
keyword,auto,2,d_main_20_10_e,24,d_main_24_05_s,83,ch20,ch24,168,221,,,,org:카운터스,32,기록 1 · 이름 7줄,기록 3 · 이름 2줄,,,
callback,record,3,d_main_20af_01,,d_main_32_09_e,,ch20,ch32,168,310,E457,재언급,F771,,,,,확실,확정,
character,auto,2,d_main_20af_01,110,event_footstepwalkrun1_06_s,19,ch20,event_footstepwalkrun1,168,350,,,,person:샛별,4,기록 2 · 이름 3줄,기록 2 · 이름 3줄,,,
setup_payoff,record,3,d_main_20af_02,,side:eden_spear_09,,ch20,side:eden_spear,168,411,E148,암시,F2166,,,,,확실,확정,
callback,record,3,d_main_20_10_e,,side:eden_spear_07,,ch20,side:eden_spear,168,411,E890,재언급,F768,,,,,확실,확정,
reversal,record,3,d_main_20_10_e,,side:eden_spear_07,,ch20,side:eden_spear,168,411,F768-2,뒤집음,F768,,,,,확실,확정,답 F2163
reversal,record,3,d_main_20af_02,,side:eden_spear_08,,ch20,side:eden_spear,168,411,F770-2,뒤집음,F770,,,,,확실,확정,답 F2162
keyword,auto,2,d_main_20af_02,78,side:eden_spear_07,29,ch20,side:eden_spear,168,411,,,,concept:릴리스의_바디,3,기록 2 · 이름 3줄,기록 5 · 이름 11줄,,,
setup_payoff,record,2,d_main_20_10_e,,event_goddessfall1_02_e,,ch20,event_goddessfall1,168,418,E147,암시,Q283,,,,,추정,확정,
setup_payoff,record,2,d_main_20_07,,event_goddessfall2_05_s,,ch20,event_goddessfall1,168,418,Q110-2,회수,Q110,,,,,추정,확정,일부 · 답 F2891
callback,record,2,d_main_20_06_s,,d_main_47_04,,ch20,ch47,168,470,E1218,재언급,F763,,,,,추정,확정,
keyword,auto,1,sub:로망티스트_00,86,event_doutsiders_prologue,6,sub:로망티스트_00,event_doutsiders,169,171,,,,place:방주,171,기록 2 · 이름 2줄,기록 2 · 이름 15줄,,,흔한 대상
character,auto,1,sub:로망티스트_00,64,ep:d_nikke_nihilister_01,43,sub:로망티스트_00,char:261,169,186,,,,person:아니스,119,말함 10줄(14%),말함 76줄(14%) · 이름 6줄,,,흔한 대상
sequel,auto,3,sub:로망티스트_00,,sub:로망티스트_01,,sub:로망티스트_00,sub:로망티스트_01,169,245,,,,,,,,,,서브퀘스트 다음 편
setup_payoff,record,3,sub:로망티스트_00,,sub:로망티스트_01,,sub:로망티스트_00,sub:로망티스트_01,169,245,E149,암시,F1136,,,,,확실,확정,
callback,record,3,sub:로망티스트_00,,sub:로망티스트_01,,sub:로망티스트_00,sub:로망티스트_01,169,245,E276,재언급,F774,,,,,확실,확정,
character,auto,2,sub:로망티스트_00,83,sub:로망티스트_01,0,sub:로망티스트_00,sub:로망티스트_01,169,245,,,,person:로망티스트,2,기록 2 · 말함 52줄(71%) · 이름 2줄,기록 4 · 말함 32줄(51%) · 이름 3줄,,,
keyword,auto,1,relic:jonathan_report_04,5,event_doutsiders_01_s,35,relic:jonathan_report,event_doutsiders,170,171,,,,concept:니케,186,기록 1 · 이름 7줄,이름 5줄,,,흔한 대상
keyword,auto,2,relic:jonathan_report_04,11,ep:d_nikke_nihilister_01,1,relic:jonathan_report,char:261,170,186,,,,place:에덴,25,기록 2,기록 1 · 이름 9줄,,,
keyword,auto,2,relic:jonathan_report_04,14,event_overzone1_01_s,76,relic:jonathan_report,event_overzone,170,203,,,,concept:사고_전환,8,기록 2 · 이름 3줄,기록 3 · 이름 5줄,,,
setup_payoff,record,3,event_doutsiders_04_s,,event_doutsiders_04_e,,event_doutsiders,event_doutsiders,171,171,E151,암시,F781,,,,,확실,확정,
setup_payoff,record,3,event_doutsiders_01_e,,event_doutsiders_04_e,,event_doutsiders,event_doutsiders,171,171,E152,암시,F781,,,,,확실,확정,
character,auto,2,event_doutsiders_05_e,46,ep:d_nikke_jackal_01,112,event_doutsiders,char:111,171,174,,,,person:크로우,9,기록 4 · 말함 64줄(15%) · 이름 7줄,기록 1 · 말함 54줄(12%) · 이름 4줄,,,
keyword,auto,1,event_doutsiders_epilogue,15,ep:d_nikke_quency_01,78,event_doutsiders,char:402,171,175,,,,place:방주,171,기록 2 · 이름 15줄,기록 1 · 이름 23줄,,,흔한 대상
character,auto,2,event_doutsiders_05_e,19,ep:d_nikke_viper_01,86,event_doutsiders,char:112,171,176,,,,person:바이퍼,11,기록 4 · 말함 154줄(37%) · 이름 17줄,기록 6 · 말함 260줄(82%) · 이름 49줄,,,
keyword,auto,1,event_doutsiders_04_s,53,ep:d_nikke_viper_01,12,event_doutsiders,char:112,171,176,,,,concept:니케,186,이름 5줄,이름 25줄,,,흔한 대상
keyword,auto,2,event_doutsiders_04_s,5,ep:d_nikke_viper_02,89,event_doutsiders,char:112,171,176,,,,org:이그조틱,14,기록 3 · 이름 5줄,기록 2 · 이름 2줄,,,
keyword,auto,1,event_doutsiders_epilogue,13,ep:d_nikke_viper_01,11,event_doutsiders,char:112,171,176,,,,org:중앙_정부,67,이름 22줄,기록 2 · 이름 12줄,,,흔한 대상
keyword,auto,2,event_doutsiders_epilogue,15,ep:d_nikke_viper_01,0,event_doutsiders,char:112,171,176,,,,place:아우터_림,43,기록 10 · 이름 25줄,기록 3 · 이름 5줄,,,
character,auto,2,event_doutsiders_epilogue,20,ep:d_nikke_c_1_01,1,event_doutsiders,char:800,171,180,,,,person:엔더슨,32,기록 2 · 말함 37줄(9%) · 이름 1줄,기록 1 · 말함 52줄(24%) · 이름 1줄,,,
keyword,auto,2,event_doutsiders_epilogue,2,d_main_22_05_e,53,event_doutsiders,ch22,171,197,,,,org:엔터_헤븐,9,기록 3 · 이름 14줄,기록 6 · 이름 19줄,,,
keyword,auto,2,event_doutsiders_epilogue,1,event_boomsday_intermission_01,0,event_doutsiders,event_boomsday,171,280,,,,concept:이터널_스카이,2,기록 3 · 이름 6줄,기록 3 · 이름 11줄,,,
keyword,auto,2,event_doutsiders_04_e,54,fl:enter_heaven_09,24,event_doutsiders,fl:enter_heaven,171,442,,,,concept:아웃로,5,이름 6줄,기록 2 · 이름 8줄,,,
prereq,auto,3,ep:d_nikke_guilty_01,,ep:d_nikke_guilty_02,,char:400,char:400,172,172,,,,,,,,,,known-gap 보강 시 번호 순서로 추정
prereq,auto,3,ep:d_nikke_guilty_02,,ep:d_nikke_guilty_03,,char:400,char:400,172,172,,,,,,,,,,known-gap 보강 시 번호 순서로 추정
prereq,auto,3,ep:d_nikke_guilty_03,,ep:d_nikke_guilty_04,,char:400,char:400,172,172,,,,,,,,,,known-gap 보강 시 번호 순서로 추정
prereq,auto,3,ep:d_nikke_guilty_04,,ep:d_nikke_guilty_05,,char:400,char:400,172,172,,,,,,,,,,known-gap 보강 시 번호 순서로 추정
character,auto,2,ep:d_nikke_guilty_05,115,ep:d_nikke_sin_01,0,char:400,char:401,172,173,,,,person:마나,12,기록 2 · 말함 61줄(13%),기록 2 · 말함 61줄(15%) · 이름 1줄,,,
keyword,auto,2,ep:d_nikke_guilty_05,13,ep:d_nikke_sin_01,1,char:400,char:401,172,173,,,,place:갱생관,7,기록 4 · 이름 14줄,기록 4 · 이름 8줄,,,
character,auto,2,ep:d_nikke_guilty_05,139,event_beautyfullshot1_prologue,20,char:400,event_beautyfullshot1,172,305,,,,person:길티,3,기록 12 · 말함 350줄(77%) · 이름 78줄,기록 7 · 말함 132줄(6%) · 이름 28줄,,,
prereq,auto,3,ep:d_nikke_sin_01,,ep:d_nikke_sin_02,,char:401,char:401,173,173,,,,,,,,,,known-gap 보강 시 번호 순서로 추정
prereq,auto,3,ep:d_nikke_sin_02,,ep:d_nikke_sin_03,,char:401,char:401,173,173,,,,,,,,,,known-gap 보강 시 번호 순서로 추정
prereq,auto,3,ep:d_nikke_sin_03,,ep:d_nikke_sin_04,,char:401,char:401,173,173,,,,,,,,,,known-gap 보강 시 번호 순서로 추정
prereq,auto,3,ep:d_nikke_sin_04,,ep:d_nikke_sin_05,,char:401,char:401,173,173,,,,,,,,,,known-gap 보강 시 번호 순서로 추정
keyword,auto,2,ep:d_nikke_sin_05,109,ep:d_nikke_jackal_02,23,char:401,char:111,173,174,,,,concept:퍼펙트,16,이름 5줄,이름 13줄,,,
character,auto,2,ep:d_nikke_sin_05,47,ep:d_nikke_quency_01,0,char:401,char:402,173,175,,,,person:마나,12,기록 2 · 말함 61줄(15%) · 이름 1줄,기록 3 · 말함 56줄(18%) · 이름 4줄,,,
keyword,auto,2,ep:d_nikke_sin_05,106,ep:d_nikke_quency_01,0,char:401,char:402,173,175,,,,place:갱생관,7,기록 4 · 이름 8줄,기록 5 · 이름 20줄,,,
keyword,auto,2,ep:d_nikke_sin_04,108,event_boomsday_01_s,11,char:401,event_boomsday,173,280,,,,concept:컨버터,2,이름 5줄,기록 4 · 이름 24줄,,,
callback,record,3,ep:d_nikke_sin_01,,event_romanticvalentine_01_e,,char:401,event_romanticvalentine,173,355,E1417,재언급,F789,,,,,확실,확정,
callback,record,3,ep:d_nikke_sin_04,,event_romanticvalentine_01_e,,char:401,event_romanticvalentine,173,355,E1417,재언급,F791,,,,,확실,확정,
character,auto,2,ep:d_nikke_sin_05,118,event_romanticvalentine_01_s,9,char:401,event_romanticvalentine,173,355,,,,person:신,4,기록 9 · 말함 331줄(81%) · 이름 33줄,기록 3 · 말함 157줄(14%) · 이름 22줄,,,
prereq,game-condition,3,ep:d_nikke_jackal_01,,ep:d_nikke_jackal_02,,char:111,char:111,174,174,,,,,,,,,,condition_scenario_group_id
prereq,game-condition,3,ep:d_nikke_jackal_02,,ep:d_nikke_jackal_03,,char:111,char:111,174,174,,,,,,,,,,condition_scenario_group_id
prereq,game-condition,3,ep:d_nikke_jackal_03,,ep:d_nikke_jackal_04,,char:111,char:111,174,174,,,,,,,,,,condition_scenario_group_id
prereq,game-condition,3,ep:d_nikke_jackal_04,,ep:d_nikke_jackal_05,,char:111,char:111,174,174,,,,,,,,,,condition_scenario_group_id
character,auto,2,ep:d_nikke_jackal_05,142,ep:d_nikke_viper_03,140,char:111,char:112,174,176,,,,person:크로우,9,기록 1 · 말함 54줄(12%) · 이름 4줄,기록 4 · 말함 17줄(5%) · 이름 3줄,,,
keyword,auto,2,ep:d_nikke_jackal_05,70,ep:d_nikke_c_1_03,2,char:111,char:800,174,180,,,,concept:퍼펙트,16,이름 13줄,기록 2 · 이름 16줄,,,
character,auto,2,ep:d_nikke_jackal_05,148,d_main_23_01_e,100,char:111,ch23,174,217,,,,person:자칼,7,기록 6 · 말함 246줄(55%) · 이름 108줄,기록 3 · 말함 22줄(2%) · 이름 20줄,,,
prereq,auto,3,ep:d_nikke_quency_01,,ep:d_nikke_quency_02,,char:402,char:402,175,175,,,,,,,,,,known-gap 보강 시 번호 순서로 추정
prereq,auto,3,ep:d_nikke_quency_02,,ep:d_nikke_quency_03,,char:402,char:402,175,175,,,,,,,,,,known-gap 보강 시 번호 순서로 추정
prereq,auto,3,ep:d_nikke_quency_03,,ep:d_nikke_quency_04,,char:402,char:402,175,175,,,,,,,,,,known-gap 보강 시 번호 순서로 추정
prereq,auto,3,ep:d_nikke_quency_04,,ep:d_nikke_quency_05,,char:402,char:402,175,175,,,,,,,,,,known-gap 보강 시 번호 순서로 추정
keyword,auto,1,ep:d_nikke_quency_05,37,ep:d_nikke_cocoa_02,13,char:402,char:311,175,178,,,,place:방주,171,기록 1 · 이름 23줄,이름 5줄,,,흔한 대상
character,auto,2,ep:d_nikke_quency_05,62,event_darkhero_02_s,60,char:402,event_darkhero,175,298,,,,person:마나,12,기록 3 · 말함 56줄(18%) · 이름 4줄,기록 2 · 이름 1줄,,,
callback,record,3,ep:d_nikke_quency_04,,event_phantomthiefvsdetective_prologue,,char:402,event_phantomthiefvsdetective,175,328,E1388,재언급,F800,,,,,확실,확정,
callback,record,3,ep:d_nikke_quency_01,,event_phantomthiefvsdetective_01_s,,char:402,event_phantomthiefvsdetective,175,328,E1389,재언급,F796,,,,,확실,확정,
callback,record,2,ep:d_nikke_quency_04,,event_phantomthiefvsdetective_epilogue,,char:402,event_phantomthiefvsdetective,175,328,E1391,재언급,F800,,,,,추정,확정,
character,auto,2,ep:d_nikke_quency_05,76,event_phantomthiefvsdetective_prologue,10,char:402,event_phantomthiefvsdetective,175,328,,,,person:퀀시,6,기록 10 · 말함 261줄(82%) · 이름 70줄,기록 6 · 말함 246줄(19%) · 이름 27줄,,,
keyword,auto,2,ep:d_nikke_quency_05,52,ep:d_nikke_quency_escapequeen_01,26,char:402,char:403,175,329,,,,place:갱생관,7,기록 5 · 이름 20줄,이름 10줄,,,
callback,record,3,ep:d_nikke_quency_01,,fl:go_ninja_thief_02,,char:402,fl:go_ninja_thief,175,412,E1441,재언급,F796,,,,,확실,확정,
prereq,game-condition,3,ep:d_nikke_viper_01,,ep:d_nikke_viper_02,,char:112,char:112,176,176,,,,,,,,,,condition_scenario_group_id
prereq,game-condition,3,ep:d_nikke_viper_02,,ep:d_nikke_viper_03,,char:112,char:112,176,176,,,,,,,,,,condition_scenario_group_id
prereq,game-condition,3,ep:d_nikke_viper_03,,ep:d_nikke_viper_04,,char:112,char:112,176,176,,,,,,,,,,condition_scenario_group_id
prereq,game-condition,3,ep:d_nikke_viper_04,,ep:d_nikke_viper_05,,char:112,char:112,176,176,,,,,,,,,,condition_scenario_group_id
keyword,auto,1,ep:d_nikke_viper_04,28,ep:d_nikke_cocoa_01,34,char:112,char:311,176,178,,,,concept:니케,186,이름 25줄,기록 2 · 이름 14줄,,,흔한 대상
keyword,auto,1,ep:d_nikke_viper_01,29,ep:d_nikke_c_1_01,1,char:112,char:800,176,180,,,,org:중앙_정부,67,기록 2 · 이름 12줄,기록 5 · 이름 28줄,,,흔한 대상
keyword,auto,2,ep:d_nikke_viper_04,113,event_cherryblossom_02_s,27,char:112,event_cherryblossom,176,185,,,,place:아우터_림,43,기록 3 · 이름 5줄,기록 3 · 이름 10줄,,,
character,auto,2,ep:d_nikke_viper_01,47,event_fullfoolday_01,0,char:112,event_fullfoolday,176,188,,,,person:시프티,18,기록 2 · 말함 26줄(8%),기록 1 · 말함 59줄(16%) · 이름 12줄,,,
character,auto,2,ep:d_nikke_viper_05,109,d_main_22_06,39,char:112,ch22,176,197,,,,person:바이퍼,11,기록 6 · 말함 260줄(82%) · 이름 49줄,기록 3 · 이름 2줄,,,
keyword,auto,2,ep:d_nikke_viper_04,118,d_main_22_06,39,char:112,ch22,176,197,,,,org:이그조틱,14,기록 2 · 이름 2줄,기록 2 · 이름 1줄,,,
character,auto,2,ep:d_nikke_viper_05,99,d_main_23_01_e,100,char:112,ch23,176,217,,,,person:크로우,9,기록 4 · 말함 17줄(5%) · 이름 3줄,기록 12 · 말함 154줄(13%) · 이름 17줄,,,
setup_payoff,record,2,ep:d_nikke_viper_05,,d_main_24_07_s,,char:112,ch24,176,221,E1601,암시,F1015,,,,,추정,확정,
character,game-condition,3,ep:d_nikke_viper_01,,fav:200501,,char:112,,176,,,,,,,,,,,애장품 소유: 바이퍼 (name_code 1022)
character,auto,2,event_maidinvalentine_06_e,54,ep:d_nikke_cocoa_01,6,event_maidinvalentine,char:311,177,178,,,,person:코코아,10,기록 2 · 말함 92줄(18%) · 이름 38줄,기록 4 · 말함 185줄(52%) · 이름 47줄,,,
character,auto,2,event_maidinvalentine_06_e,50,ep:d_nikke_soda_01,1,event_maidinvalentine,char:312,177,179,,,,person:소다,6,기록 2 · 말함 91줄(17%) · 이름 14줄,기록 5 · 말함 232줄(82%) · 이름 83줄,,,
keyword,auto,1,event_maidinvalentine_epilogue,16,ep:d_nikke_c_1_01,12,event_maidinvalentine,char:800,177,180,,,,place:지상,132,이름 6줄,이름 14줄,,,흔한 대상
character,auto,2,event_maidinvalentine_06_s,24,event_cherryblossom_intermission_01,37,event_maidinvalentine,event_cherryblossom,177,185,,,,person:머스탱,27,기록 2 · 말함 35줄(7%) · 이름 2줄,기록 4 · 말함 50줄(6%) · 이름 3줄,,,
callback,record,3,event_maidinvalentine_prologue,,event_perfectmaid_01_s,,event_maidinvalentine,event_perfectmaid,177,264,E1356,재언급,F807,,,,,확실,확정,
character,auto,2,event_maidinvalentine_06_e,56,event_perfectmaid_prologue,0,event_maidinvalentine,event_perfectmaid,177,264,,,,person:에이드,9,기록 1 · 말함 135줄(26%) · 이름 10줄,기록 13 · 말함 314줄(29%) · 이름 91줄,,,
keyword,auto,2,event_maidinvalentine_epilogue,12,event_perfectmaid_prologue,7,event_maidinvalentine,event_perfectmaid,177,264,,,,org:메이드_포_유,4,기록 2 · 이름 3줄,기록 4 · 이름 2줄,,,
sequel,manual,2,event_maidinvalentine_epilogue,,event_romanticvalentine_prologue,,event_maidinvalentine,event_romanticvalentine,177,355,Y3,,,,,,,확실,확정,"romanticvalentine은 maidinvalentine에서 다음 밸런타인에 다시 오라던 공장 A.I. 스윗 조니가 방주로 숨어드는 데서 시작해, 조니를 중심으로 한 같은 이야기 줄의 다음 편이다."
setup_payoff,record,2,event_maidinvalentine_05_e,,event_romanticvalentine_prologue,,event_maidinvalentine,event_romanticvalentine,177,355,E1299,암시,F1780,,,,,추정,확정,
callback,record,3,event_maidinvalentine_02_e,,event_romanticvalentine_02_e,,event_maidinvalentine,event_romanticvalentine,177,355,E1416,재언급,F808,,,,,확실,확정,
callback,record,3,event_maidinvalentine_epilogue,,event_romanticvalentine_epilogue,,event_maidinvalentine,event_romanticvalentine,177,355,E1418,재언급,F810,,,,,확실,확정,
character,auto,2,event_maidinvalentine_epilogue,86,event_romanticvalentine_prologue,0,event_maidinvalentine,event_romanticvalentine,177,355,,,,person:스윗_조니,2,기록 3 · 말함 81줄(16%) · 이름 1줄,기록 6 · 말함 191줄(17%) · 이름 4줄,,,
keyword,auto,2,event_maidinvalentine_epilogue,84,event_romanticvalentine_prologue,0,event_maidinvalentine,event_romanticvalentine,177,355,,,,place:Sweets_&_Cocoa,2,기록 2 · 이름 7줄,기록 3 · 이름 5줄,,,
prereq,game-condition,3,ep:d_nikke_cocoa_01,,ep:d_nikke_cocoa_02,,char:311,char:311,178,178,,,,,,,,,,condition_scenario_group_id
prereq,game-condition,3,ep:d_nikke_cocoa_02,,ep:d_nikke_cocoa_03,,char:311,char:311,178,178,,,,,,,,,,condition_scenario_group_id
prereq,game-condition,3,ep:d_nikke_cocoa_03,,ep:d_nikke_cocoa_04,,char:311,char:311,178,178,,,,,,,,,,condition_scenario_group_id
prereq,game-condition,3,ep:d_nikke_cocoa_04,,ep:d_nikke_cocoa_05,,char:311,char:311,178,178,,,,,,,,,,condition_scenario_group_id
keyword,auto,1,ep:d_nikke_cocoa_05,100,ep:d_nikke_c_1_01,45,char:311,char:800,178,180,,,,concept:니케,186,기록 2 · 이름 14줄,기록 2 · 이름 16줄,,,흔한 대상
keyword,auto,1,ep:d_nikke_cocoa_05,49,ep:d_nikke_c_1_01,22,char:311,char:800,178,180,,,,place:방주,171,이름 5줄,기록 3 · 이름 48줄,,,흔한 대상
keyword,auto,2,ep:d_nikke_cocoa_04,42,event_cherryblossom_prologue,23,char:311,event_cherryblossom,178,185,,,,org:세이메이카이,6,기록 2 · 이름 2줄,기록 7 · 이름 27줄,,,
character,auto,2,ep:d_nikke_cocoa_05,63,d_main_22_09,4,char:311,ch22,178,197,,,,person:잉그리드,37,기록 3 · 말함 24줄(7%),기록 2 · 이름 2줄,,,
keyword,auto,2,ep:d_nikke_cocoa_04,0,event_redash1_02_s,27,char:311,event_redash,178,248,,,,org:엘리시온,17,기록 1 · 이름 6줄,기록 2 · 이름 6줄,,,
character,auto,2,ep:d_nikke_cocoa_05,132,event_perfectmaid_prologue,7,char:311,event_perfectmaid,178,264,,,,person:코코아,10,기록 4 · 말함 185줄(52%) · 이름 47줄,기록 2 · 말함 126줄(12%) · 이름 38줄,,,
prereq,game-condition,3,ep:d_nikke_soda_01,,ep:d_nikke_soda_02,,char:312,char:312,179,179,,,,,,,,,,condition_scenario_group_id
prereq,game-condition,3,ep:d_nikke_soda_02,,ep:d_nikke_soda_03,,char:312,char:312,179,179,,,,,,,,,,condition_scenario_group_id
prereq,game-condition,3,ep:d_nikke_soda_03,,ep:d_nikke_soda_04,,char:312,char:312,179,179,,,,,,,,,,condition_scenario_group_id
prereq,game-condition,3,ep:d_nikke_soda_04,,ep:d_nikke_soda_05,,char:312,char:312,179,179,,,,,,,,,,condition_scenario_group_id
character,auto,2,ep:d_nikke_soda_05,128,ep:d_nikke_ce_003_02_01,16,char:312,char:821,179,285,,,,person:소다,6,기록 5 · 말함 232줄(82%) · 이름 83줄,말함 28줄(11%) · 이름 2줄,,,
prereq,game-condition,3,ep:d_nikke_c_1_01,,ep:d_nikke_c_1_02,,char:800,char:800,180,180,,,,,,,,,,condition_scenario_group_id
prereq,game-condition,3,ep:d_nikke_c_1_02,,ep:d_nikke_c_1_03,,char:800,char:800,180,180,,,,,,,,,,condition_scenario_group_id
prereq,game-condition,3,ep:d_nikke_c_1_03,,ep:d_nikke_c_1_04,,char:800,char:800,180,180,,,,,,,,,,condition_scenario_group_id
prereq,game-condition,3,ep:d_nikke_c_1_04,,ep:d_nikke_c_1_05,,char:800,char:800,180,180,,,,,,,,,,condition_scenario_group_id
keyword,auto,1,ep:d_nikke_c_1_04,72,ep:d_nikke_c_3_01,1,char:800,char:802,180,182,,,,concept:니케,186,기록 2 · 이름 16줄,이름 5줄,,,흔한 대상
keyword,auto,1,ep:d_nikke_c_1_05,51,ep:d_nikke_c_3_01,0,char:800,char:802,180,182,,,,place:방주,171,기록 3 · 이름 48줄,이름 24줄,,,흔한 대상
keyword,auto,1,ep:d_nikke_c_1_05,48,event_cherryblossom_03_s,38,char:800,event_cherryblossom,180,185,,,,org:중앙_정부,67,기록 5 · 이름 28줄,이름 5줄,,,흔한 대상
keyword,auto,1,ep:d_nikke_c_1_05,36,event_cherryblossom_prologue,4,char:800,event_cherryblossom,180,185,,,,place:지상,132,이름 14줄,이름 17줄,,,흔한 대상
keyword,auto,1,ep:d_nikke_c_1_05,27,ep:d_nikke_nihilister_01,73,char:800,char:261,180,186,,,,concept:랩쳐,142,이름 10줄,기록 1 · 이름 14줄,,,흔한 대상
keyword,auto,2,ep:d_nikke_c_1_05,27,d_main_21_01_s,14,char:800,ch21,180,191,,,,incident:랩쳐_침공,12,이름 5줄,기록 1 · 이름 5줄,,,
character,auto,2,ep:d_nikke_c_1_05,35,sub:중앙정부_트라이앵글_00,18,char:800,sub:중앙정부_트라이앵글_00,180,199,,,,person:율하,7,기록 1 · 말함 51줄(24%) · 이름 8줄,기록 1 · 말함 10줄(11%),,,
character,auto,2,ep:d_nikke_c_1_05,29,sub:중앙정부_트라이앵글_00,0,char:800,sub:중앙정부_트라이앵글_00,180,199,,,,person:프리바티,11,기록 1 · 말함 57줄(27%) · 이름 4줄,기록 2 · 말함 53줄(56%) · 이름 6줄,,,
keyword,auto,2,ep:d_nikke_c_1_05,33,event_overzone2_04_s,40,char:800,event_overzone,180,203,,,,concept:퍼펙트,16,기록 2 · 이름 16줄,기록 2 · 이름 1줄,,,
character,auto,2,ep:d_nikke_c_1_05,44,event_bluewaterisland_prologue,12,char:800,event_bluewaterisland,180,212,,,,person:엔더슨,32,기록 1 · 말함 52줄(24%) · 이름 1줄,기록 2 · 말함 37줄(2%),,,
character,auto,2,ep:d_nikke_c_1_05,26,ep:d_nikke_zwei_01,8,char:800,char:390,180,320,,,,person:애드미,4,기록 1 · 말함 36줄(17%) · 이름 6줄,기록 2 · 말함 24줄(7%) · 이름 6줄,,,
setup_payoff,record,2,ep:d_nikke_c_1_05,,event_newflavor_06_s,,char:800,event_newflavor,180,367,E1603,암시,Q78,,,,,추정,확정,
setup_payoff,record,2,ep:d_nikke_c_1_05,,side:pretty_star_14,,char:800,side:pretty_star,180,447,E1602,암시,F2558,,,,,추정,확정,
prereq,game-condition,3,ep:d_nikke_c_2_01,,ep:d_nikke_c_2_02,,char:801,char:801,181,181,,,,,,,,,,condition_scenario_group_id
prereq,game-condition,3,ep:d_nikke_c_2_02,,ep:d_nikke_c_2_03,,char:801,char:801,181,181,,,,,,,,,,condition_scenario_group_id
prereq,game-condition,3,ep:d_nikke_c_2_03,,ep:d_nikke_c_2_04,,char:801,char:801,181,181,,,,,,,,,,condition_scenario_group_id
prereq,game-condition,3,ep:d_nikke_c_2_04,,ep:d_nikke_c_2_05,,char:801,char:801,181,181,,,,,,,,,,condition_scenario_group_id
character,auto,2,ep:d_nikke_c_2_05,77,event_freezeacpu_prologue,0,char:801,event_freezeacpu,181,239,,,,person:드레이크,16,기록 1 · 말함 170줄(54%) · 이름 22줄,기록 2 · 말함 111줄(10%) · 이름 23줄,,,
keyword,auto,2,ep:d_nikke_c_2_05,71,d_main_42_01,86,char:801,ch42,181,416,,,,org:빌런_연합,5,기록 1 · 이름 23줄,이름 9줄,,,
prereq,game-condition,3,ep:d_nikke_c_3_01,,ep:d_nikke_c_3_02,,char:802,char:802,182,182,,,,,,,,,,condition_scenario_group_id
prereq,game-condition,3,ep:d_nikke_c_3_02,,ep:d_nikke_c_3_03,,char:802,char:802,182,182,,,,,,,,,,condition_scenario_group_id
prereq,game-condition,3,ep:d_nikke_c_3_03,,ep:d_nikke_c_3_04,,char:802,char:802,182,182,,,,,,,,,,condition_scenario_group_id
prereq,game-condition,3,ep:d_nikke_c_3_04,,ep:d_nikke_c_3_05,,char:802,char:802,182,182,,,,,,,,,,condition_scenario_group_id
keyword,auto,1,ep:d_nikke_c_3_05,64,event_bowwowparadise_01_s,42,char:802,event_bowwowparadise,182,183,,,,place:방주,171,이름 24줄,기록 1 · 이름 26줄,,,흔한 대상
keyword,auto,1,ep:d_nikke_c_3_02,8,event_cherryblossom_01_s,17,char:802,event_cherryblossom,182,185,,,,concept:니케,186,이름 5줄,이름 6줄,,,흔한 대상
character,auto,2,ep:d_nikke_c_3_05,65,d_main_22_01_e,3,char:802,ch22,182,197,,,,person:폴리,10,기록 2 · 말함 166줄(50%) · 이름 32줄,기록 3 · 말함 82줄(8%) · 이름 8줄,,,
keyword,auto,2,ep:d_nikke_c_3_05,18,event_freezeacpu_prologue,0,char:802,event_freezeacpu,182,239,,,,org:A.C.P.U.,9,기록 2 · 이름 7줄,기록 4 · 이름 8줄,,,
character,auto,2,ep:d_nikke_c_3_05,52,event_phantomthiefvsdetective_prologue,43,char:802,event_phantomthiefvsdetective,182,328,,,,person:미란다,8,기록 2 · 말함 70줄(21%) · 이름 24줄,기록 2 · 말함 325줄(25%) · 이름 79줄,,,
character,auto,2,event_bowwowparadise_epilogue,56,ep:d_nikke_biscuit_01,0,event_bowwowparadise,char:381,183,184,,,,person:비스킷,5,기록 7 · 말함 385줄(65%) · 이름 54줄,기록 3 · 말함 275줄(78%) · 이름 59줄,,,
keyword,auto,1,event_bowwowparadise_epilogue,55,ep:d_nikke_biscuit_01,12,event_bowwowparadise,char:381,183,184,,,,place:방주,171,기록 1 · 이름 26줄,이름 12줄,,,흔한 대상
callback,record,2,event_bowwowparadise_03_e,,event_secretgarden_02_s,,event_bowwowparadise,event_secretgarden,183,345,E1400,재언급,F825,,,,,추정,확정,
prereq,game-condition,3,ep:d_nikke_biscuit_01,,ep:d_nikke_biscuit_02,,char:381,char:381,184,184,,,,,,,,,,condition_scenario_group_id
prereq,game-condition,3,ep:d_nikke_biscuit_02,,ep:d_nikke_biscuit_03,,char:381,char:381,184,184,,,,,,,,,,condition_scenario_group_id
prereq,game-condition,3,ep:d_nikke_biscuit_03,,ep:d_nikke_biscuit_04,,char:381,char:381,184,184,,,,,,,,,,condition_scenario_group_id
prereq,game-condition,3,ep:d_nikke_biscuit_04,,ep:d_nikke_biscuit_05,,char:381,char:381,184,184,,,,,,,,,,condition_scenario_group_id
keyword,auto,1,ep:d_nikke_biscuit_05,120,event_cherryblossom_prologue,2,char:381,event_cherryblossom,184,185,,,,place:방주,171,이름 12줄,기록 3 · 이름 16줄,,,흔한 대상
character,auto,2,ep:d_nikke_biscuit_05,129,event_lionheart_01_s,39,char:381,event_lionheart,184,260,,,,person:비스킷,5,기록 3 · 말함 275줄(78%) · 이름 59줄,기록 1 · 말함 238줄(23%) · 이름 23줄,,,
setup_payoff,record,3,event_cherryblossom_01_e,,event_cherryblossom_03_s,,event_cherryblossom,event_cherryblossom,185,185,E153,암시,F834,,,,,확실,확정,
setup_payoff,record,2,event_cherryblossom_02_e,,event_cherryblossom_03_s,,event_cherryblossom,event_cherryblossom,185,185,E154,암시,F834,,,,,추정,확정,
keyword,auto,1,event_cherryblossom_intermission_01,34,ep:d_nikke_nihilister_02,4,event_cherryblossom,char:261,185,186,,,,concept:니케,186,이름 6줄,기록 1 · 이름 12줄,,,흔한 대상
keyword,auto,1,event_cherryblossom_06_e,33,ep:d_nikke_nihilister_01,186,event_cherryblossom,char:261,185,186,,,,place:방주,171,기록 3 · 이름 16줄,기록 1 · 이름 5줄,,,흔한 대상
keyword,auto,1,event_cherryblossom_epilogue,29,ep:d_nikke_nihilister_01,173,event_cherryblossom,char:261,185,186,,,,place:지상,132,이름 17줄,이름 6줄,,,흔한 대상
character,auto,2,event_cherryblossom_epilogue,61,ep:d_nikke_sakura_01,4,event_cherryblossom,char:282,185,187,,,,person:사쿠라,10,기록 10 · 말함 493줄(64%) · 이름 58줄,기록 8 · 말함 350줄(82%) · 이름 23줄,,,
keyword,auto,2,event_cherryblossom_epilogue,59,ep:d_nikke_sakura_01,15,event_cherryblossom,char:282,185,187,,,,org:세이메이카이,6,기록 7 · 이름 27줄,기록 5 · 이름 13줄,,,
keyword,auto,1,event_cherryblossom_04_e,26,event_ltk_01_s,21,event_cherryblossom,event_ltk,185,189,,,,org:중앙_정부,67,이름 5줄,기록 2 · 이름 22줄,,,흔한 대상
keyword,auto,2,event_cherryblossom_04_e,40,event_ltk_01_s,21,event_cherryblossom,event_ltk,185,189,,,,place:아우터_림,43,기록 3 · 이름 10줄,기록 1 · 이름 31줄,,,
callback,record,3,event_cherryblossom_04_e,,d_main_22_09,,event_cherryblossom,ch22,185,197,F835-2,드러냄,F835,,,,,확실,확정,
character,auto,2,event_cherryblossom_intermission_01,126,d_main_22_04_s,6,event_cherryblossom,ch22,185,197,,,,person:로산나,9,기록 3 · 말함 13줄(2%) · 이름 3줄,기록 9 · 말함 185줄(19%) · 이름 11줄,,,
keyword,auto,2,event_cherryblossom_04_e,9,d_main_22_05_s,0,event_cherryblossom,ch22,185,197,,,,org:언더월드_퀸,9,기록 4 · 이름 7줄,기록 4 · 이름 7줄,,,
character,auto,2,event_cherryblossom_intermission_01,130,event_queensorder_04_s,198,event_cherryblossom,event_queensorder,185,210,,,,person:머스탱,27,기록 4 · 말함 50줄(6%) · 이름 3줄,기록 2 · 이름 2줄,,,
character,auto,2,event_cherryblossom_epilogue,60,event_queensorder_03_s,71,event_cherryblossom,event_queensorder,185,210,,,,person:목단,9,기록 5 · 말함 143줄(19%) · 이름 31줄,기록 2 · 말함 23줄(3%) · 이름 8줄,,,
character,auto,2,event_cherryblossom_epilogue,62,event_newyearnewsword_prologue,0,event_cherryblossom,event_newyearnewsword,185,258,,,,person:노이즈,5,기록 2 · 말함 30줄(4%) · 이름 3줄,기록 3 · 말함 16줄(2%) · 이름 6줄,,,
callback,record,3,event_cherryblossom_06_e,,fl:for_rest_00,,event_cherryblossom,fl:for_rest,185,365,E1420,재언급,F836,,,,,확실,확정,
callback,record,3,event_cherryblossom_06_e,,fl:for_rest_07,,event_cherryblossom,fl:for_rest,185,365,F836-2,드러냄,F836,,,,,확실,확정,
setup_payoff,record,3,event_cherryblossom_intermission_01,,event_staranis2_05_s,,event_cherryblossom,event_staranis1,185,454,Q115-2,회수,Q115,,,,,확실,확정,일부 · 답 F2701
prereq,auto,3,ep:d_nikke_nihilister_01,,ep:d_nikke_nihilister_02,,char:261,char:261,186,186,,,,,,,,,,known-gap 보강 시 번호 순서로 추정
prereq,auto,3,ep:d_nikke_nihilister_02,,ep:d_nikke_nihilister_03,,char:261,char:261,186,186,,,,,,,,,,known-gap 보강 시 번호 순서로 추정
prereq,auto,3,ep:d_nikke_nihilister_03,,ep:d_nikke_nihilister_04,,char:261,char:261,186,186,,,,,,,,,,known-gap 보강 시 번호 순서로 추정
prereq,auto,3,ep:d_nikke_nihilister_04,,ep:d_nikke_nihilister_05,,char:261,char:261,186,186,,,,,,,,,,known-gap 보강 시 번호 순서로 추정
keyword,auto,1,ep:d_nikke_nihilister_05,98,ep:d_nikke_sakura_03,0,char:261,char:282,186,187,,,,place:방주,171,기록 1 · 이름 5줄,이름 6줄,,,흔한 대상
keyword,auto,1,ep:d_nikke_nihilister_05,2,event_fullfoolday_02,2,char:261,event_fullfoolday,186,188,,,,concept:랩쳐,142,기록 1 · 이름 14줄,이름 13줄,,,흔한 대상
keyword,auto,1,ep:d_nikke_nihilister_05,58,event_fullfoolday_01,10,char:261,event_fullfoolday,186,188,,,,place:지상,132,이름 6줄,이름 7줄,,,흔한 대상
keyword,auto,1,ep:d_nikke_nihilister_05,10,event_ltk_04_e,51,char:261,event_ltk,186,189,,,,concept:니케,186,기록 1 · 이름 12줄,이름 23줄,,,흔한 대상
character,auto,1,ep:d_nikke_nihilister_05,82,d_main_21_01_s,0,char:261,ch21,186,191,,,,person:아니스,119,말함 76줄(14%) · 이름 6줄,말함 144줄(14%) · 이름 4줄,,,흔한 대상
keyword,auto,2,ep:d_nikke_nihilister_04,144,d_main_21_01_s,32,char:261,ch21,186,191,,,,concept:언체인드,25,기록 2 · 이름 16줄,기록 5 · 이름 40줄,,,
keyword,auto,2,ep:d_nikke_nihilister_05,97,d_main_21_01_s,36,char:261,ch21,186,191,,,,concept:헬레틱,40,기록 4 · 이름 7줄,이름 11줄,,,
keyword,auto,2,ep:d_nikke_nihilister_05,98,d_main_21_02_e,83,char:261,ch21,186,191,,,,place:에덴,25,기록 1 · 이름 9줄,기록 4 · 이름 9줄,,,
character,auto,2,ep:d_nikke_nihilister_05,103,d_main_22_12_s,29,char:261,ch22,186,197,,,,person:니힐리스타,11,기록 14 · 말함 365줄(66%) · 이름 31줄,기록 4 · 말함 32줄(3%) · 이름 10줄,,,
character,auto,2,ep:d_nikke_nihilister_04,71,d_main_22_01_s,22,char:261,ch22,186,197,,,,person:토커티브,15,기록 3 · 이름 2줄,기록 3 · 이름 4줄,,,
character,auto,2,ep:d_nikke_nihilister_05,97,event_overzone2_03_e,6,char:261,event_overzone,186,203,,,,person:퀸,20,기록 5 · 이름 28줄,기록 2 · 이름 3줄,,,
callback,record,2,ep:d_nikke_nihilister_04,,event_lastkingdom1_05_e,,char:261,event_lastkingdom1,186,295,E399,재언급,F842,,,,,추정,확정,
callback,record,3,ep:d_nikke_nihilister_02,,relic:소녀의일기-절망편-_00,,char:261,relic:소녀의일기-절망편-,186,335,E488,재언급,F838,,,,,확실,확정,
character,auto,2,ep:d_nikke_nihilister_05,61,d_main_40_02,72,char:261,ch40,186,398,,,,person:리버렐리오,12,기록 2 · 이름 4줄,기록 12 · 말함 132줄(8%) · 이름 21줄,,,
setup_payoff,record,3,ep:d_nikke_nihilister_02,,side:eden_spear_08,,char:261,side:eden_spear,186,411,E1302,암시,F2163,,,,,확실,확정,
setup_payoff,record,3,ep:d_nikke_nihilister_02,,event_goddessfall1_02_e,,char:261,event_goddessfall1,186,418,E1301,암시,F2268,,,,,확실,확정,
callback,record,3,ep:d_nikke_nihilister_02,,fl:ark_guardian_00,,char:261,fl:ark_guardian,186,428,E969,재언급,F839,,,,,확실,확정,
prereq,game-condition,3,ep:d_nikke_sakura_01,,ep:d_nikke_sakura_02,,char:282,char:282,187,187,,,,,,,,,,condition_scenario_group_id
prereq,game-condition,3,ep:d_nikke_sakura_02,,ep:d_nikke_sakura_03,,char:282,char:282,187,187,,,,,,,,,,condition_scenario_group_id
prereq,game-condition,3,ep:d_nikke_sakura_03,,ep:d_nikke_sakura_04,,char:282,char:282,187,187,,,,,,,,,,condition_scenario_group_id
prereq,game-condition,3,ep:d_nikke_sakura_04,,ep:d_nikke_sakura_05,,char:282,char:282,187,187,,,,,,,,,,condition_scenario_group_id
keyword,auto,1,ep:d_nikke_sakura_05,3,event_ltk_02_s,26,char:282,event_ltk,187,189,,,,place:방주,171,이름 6줄,이름 7줄,,,흔한 대상
character,auto,2,ep:d_nikke_sakura_05,154,d_main_22_04_e,15,char:282,ch22,187,197,,,,person:사쿠라,10,기록 8 · 말함 350줄(82%) · 이름 23줄,기록 6 · 말함 121줄(12%) · 이름 12줄,,,
keyword,auto,2,ep:d_nikke_sakura_05,117,d_main_22_04_e,19,char:282,ch22,187,197,,,,org:세이메이카이,6,기록 5 · 이름 13줄,이름 8줄,,,
keyword,auto,1,event_fullfoolday_06,13,ep:d_nikke_d_01,5,event_fullfoolday,char:40,188,190,,,,place:지상,132,이름 7줄,이름 8줄,,,흔한 대상
keyword,auto,1,event_fullfoolday_06,24,d_main_21_01_s,13,event_fullfoolday,ch21,188,191,,,,concept:랩쳐,142,이름 13줄,기록 5 · 이름 20줄,,,흔한 대상
character,auto,2,event_fullfoolday_08,96,event_neverland1_01_s,23,event_fullfoolday,event_neverland1,188,255,,,,person:벨로타,6,말함 41줄(11%) · 이름 10줄,기록 8 · 말함 399줄(21%) · 이름 213줄,,,
keyword,auto,2,event_fullfoolday_11,40,ep:d_nikke_moran_02,8,event_fullfoolday,char:281,188,263,,,,concept:크레디트,4,이름 8줄,이름 13줄,,,
character,auto,2,event_fullfoolday_06,26,d_main_26af_01,2,event_fullfoolday,ch27,188,267,,,,person:시프티,18,기록 1 · 말함 59줄(16%) · 이름 12줄,기록 3 · 말함 114줄(9%) · 이름 7줄,,,
sequel,manual,2,event_fullfoolday_end,,event_liarsend_01,,event_fullfoolday,event_liarsend,188,287,Y5,,,,,,,확실,확정,"liarsend는 작년 만우절(fullfoolday)에 당하기만 한 지휘관의 반격을 출발점으로 삼고, 엔더슨이 시프티를 지상에 올려 보내는 앞편의 농담을 결말에서 되받는다."
character,auto,2,event_ltk_epilogue,31,ep:d_nikke_d_01,0,event_ltk,char:40,189,190,,,,person:D,9,기록 7 · 말함 258줄(51%) · 이름 38줄,기록 3 · 말함 261줄(93%) · 이름 48줄,,,
keyword,auto,2,event_ltk_06_e,97,ep:d_nikke_d_01,0,event_ltk,char:40,189,190,,,,org:저지스,5,기록 4 · 이름 14줄,기록 2 · 이름 1줄,,,
keyword,auto,1,event_ltk_epilogue,1,ep:d_nikke_d_01,9,event_ltk,char:40,189,190,,,,place:방주,171,이름 7줄,이름 6줄,,,흔한 대상
keyword,auto,2,event_ltk_06_e,122,ep:d_nikke_d_01,8,event_ltk,char:40,189,190,,,,place:아우터_림,43,기록 1 · 이름 31줄,이름 5줄,,,
keyword,auto,1,event_ltk_06_e,122,d_main_21_01_e,35,event_ltk,ch21,189,191,,,,concept:니케,186,이름 23줄,이름 18줄,,,흔한 대상
keyword,auto,2,event_ltk_06_e,122,d_main_22_10,5,event_ltk,ch22,189,197,,,,concept:양산형_니케,26,기록 2 · 이름 24줄,기록 1 · 이름 5줄,,,
keyword,auto,1,event_ltk_06_e,122,d_main_22_05_e,60,event_ltk,ch22,189,197,,,,org:중앙_정부,67,기록 2 · 이름 22줄,기록 2 · 이름 20줄,,,흔한 대상
sequel,manual,2,event_ltk_epilogue,,event_killthelord_prologue,,event_ltk,event_killthelord,189,282,Y6,,,,,,,확실,확정,"killthelord는 ltk의 [사장] 건 다음 K · D 임무로, 지휘관을 판결 결정권자로 데려가는 방식과 신혼부부 위장을 그대로 전제한다."
setup_payoff,record,2,event_ltk_epilogue,,event_killthelord_06_s,,event_ltk,event_killthelord,189,282,E1307,암시,F1349,,,,,추정,확정,
callback,record,3,event_ltk_01_s,,event_killthelord_intermission_01,,event_ltk,event_killthelord,189,282,E358,재언급,F850,,,,,확실,확정,
callback,record,3,event_ltk_04_e,,event_killthelord_06_e,,event_ltk,event_killthelord,189,282,E360,재언급,F852,,,,,확실,확정,
character,auto,2,event_ltk_06_e,137,event_killthelord_01_s,4,event_ltk,event_killthelord,189,282,,,,person:K,8,기록 5 · 말함 244줄(49%) · 이름 11줄,기록 2 · 말함 122줄(13%) · 이름 12줄,,,
callback,record,3,event_ltk_01_s,,event_arcanearchive_04_s,,event_ltk,event_arcanearchive,189,383,E720,재언급,F850,,,,,확실,확정,
callback,record,3,event_ltk_04_e,,event_arcanearchive_04_s,,event_ltk,event_arcanearchive,189,383,E720,재언급,F852,,,,,확실,확정,
setup_payoff,record,3,event_ltk_02_e,,event_lordforjustice_06_e,,event_ltk,event_lordforjustice,189,385,E1305,암시,F1970,,,,,확실,확정,
setup_payoff,record,3,event_ltk_06_e,,event_lordforjustice_06_e,,event_ltk,event_lordforjustice,189,385,E1306,암시,F1970,,,,,확실,확정,
callback,record,3,event_ltk_04_e,,event_lordforjustice_epilogue,,event_ltk,event_lordforjustice,189,385,E740,재언급,F852,,,,,확실,확정,
keyword,auto,2,event_ltk_06_s,50,event_lordforjustice_prologue,0,event_ltk,event_lordforjustice,189,385,,,,org:시지_패러리스,2,기록 3 · 이름 3줄,기록 8 · 이름 16줄,,,
prereq,game-condition,3,ep:d_nikke_d_01,,ep:d_nikke_d_02,,char:40,char:40,190,190,,,,,,,,,,condition_scenario_group_id
prereq,game-condition,3,ep:d_nikke_d_02,,ep:d_nikke_d_03,,char:40,char:40,190,190,,,,,,,,,,condition_scenario_group_id
prereq,game-condition,3,ep:d_nikke_d_03,,ep:d_nikke_d_04,,char:40,char:40,190,190,,,,,,,,,,condition_scenario_group_id
prereq,game-condition,3,ep:d_nikke_d_04,,ep:d_nikke_d_05,,char:40,char:40,190,190,,,,,,,,,,condition_scenario_group_id
keyword,auto,1,ep:d_nikke_d_05,83,d_main_21_01_s,55,char:40,ch21,190,191,,,,place:방주,171,이름 6줄,기록 5 · 이름 27줄,,,흔한 대상
keyword,auto,1,ep:d_nikke_d_02,88,d_main_21_02_s,9,char:40,ch21,190,191,,,,place:지상,132,이름 8줄,이름 7줄,,,흔한 대상
keyword,auto,2,ep:d_nikke_d_04,30,d_main_22_05_e,47,char:40,ch22,190,197,,,,place:아우터_림,43,이름 5줄,기록 6 · 이름 19줄,,,
character,auto,2,ep:d_nikke_d_05,105,event_killthelord_01_s,4,char:40,event_killthelord,190,282,,,,person:D,9,기록 3 · 말함 261줄(93%) · 이름 48줄,기록 8 · 말함 503줄(55%) · 이름 74줄,,,
keyword,auto,2,ep:d_nikke_d_05,5,event_arcanearchive_prologue,35,char:40,event_arcanearchive,190,383,,,,org:저지스,5,기록 2 · 이름 1줄,기록 2 · 이름 1줄,,,
setup_payoff,record,3,d_main_21_01_s,,d_main_21af_01,,ch21,ch21,191,191,E157,암시,F871,,,,,확실,확정,
character,auto,2,d_main_21af_01,34,sub:에덴_Notice_00,0,ch21,sub:에덴_Notice_00,191,192,,,,person:세실,13,기록 8 · 말함 230줄(22%) · 이름 7줄,기록 1 · 말함 35줄(39%) · 이름 3줄,,,
character,auto,2,d_main_21_10_e,120,sub:에덴_Notice_00,0,ch21,sub:에덴_Notice_00,191,192,,,,person:이사벨,11,기록 2 · 말함 50줄(5%) · 이름 9줄,기록 1 · 말함 51줄(57%) · 이름 7줄,,,
keyword,auto,2,d_main_21af_01,60,sub:에덴_Notice_00,0,ch21,sub:에덴_Notice_00,191,192,,,,place:에덴,25,기록 4 · 이름 9줄,기록 2 · 이름 8줄,,,
keyword,auto,1,d_main_21af_03,30,sub:에덴_Notice_01,1,ch21,sub:에덴_Notice_01,191,193,,,,concept:랩쳐,142,기록 5 · 이름 20줄,기록 1 · 이름 6줄,,,흔한 대상
character,auto,2,d_main_21_10_e,132,sub:에덴_Notice_02,0,ch21,sub:에덴_Notice_02,191,194,,,,person:노아,9,기록 5 · 말함 72줄(7%) · 이름 19줄,말함 14줄(13%) · 이름 2줄,,,
character,auto,2,d_main_21af_01,34,sub:에덴_Notice_02,0,ch21,sub:에덴_Notice_02,191,194,,,,person:요한,13,기록 7 · 말함 214줄(20%) · 이름 39줄,기록 3 · 말함 46줄(44%) · 이름 7줄,,,
character,auto,2,d_main_21_10_e,125,sub:에덴_Notice_02,0,ch21,sub:에덴_Notice_02,191,194,,,,person:하란,9,기록 2 · 말함 45줄(4%) · 이름 3줄,기록 1 · 말함 20줄(19%) · 이름 2줄,,,
callback,record,3,d_main_21_01_e,,relic:특이랩쳐보고서-전_04,,ch21,relic:특이랩쳐보고서-전,191,195,E165,재언급,F860,,,,,확실,확정,
sequel,auto,3,d_main_21af_03,,d_main_22_01_s,,ch21,ch22,191,197,,,,,,,,,,다음 챕터
setup_payoff,record,3,d_main_21af_02,,d_main_22_11,,ch21,ch22,191,197,Q121-2,회수,Q121,,,,,확실,확정,전부 · 답 F894
callback,record,3,d_main_21_04_s,,d_main_22_12_s,,ch21,ch22,191,197,E176,재언급,F863,,,,,확실,확정,
character,auto,2,d_main_21af_01,58,d_main_22_12_e,23,ch21,ch22,191,197,,,,person:도로시,31,기록 2 · 말함 21줄(2%) · 이름 7줄,기록 2 · 말함 4줄(0%) · 이름 1줄,,,
keyword,auto,1,d_main_21_10_e,56,d_main_22_01_s,23,ch21,ch22,191,197,,,,concept:니케,186,이름 18줄,기록 1 · 이름 28줄,,,흔한 대상
keyword,auto,2,d_main_21_10_e,108,d_main_22_12_s,49,ch21,ch22,191,197,,,,concept:언체인드,25,기록 5 · 이름 40줄,기록 2 · 이름 4줄,,,
keyword,auto,2,d_main_21_10_e,90,d_main_22_12_s,29,ch21,ch22,191,197,,,,concept:헬레틱,40,이름 11줄,이름 5줄,,,
keyword,auto,1,d_main_21af_03,30,d_main_22_01_s,1,ch21,ch22,191,197,,,,place:방주,171,기록 5 · 이름 27줄,기록 7 · 이름 60줄,,,흔한 대상
keyword,auto,1,d_main_21af_01,54,d_main_22_01_e,1,ch21,ch22,191,197,,,,place:지상,132,이름 7줄,기록 2 · 이름 14줄,,,흔한 대상
character,auto,1,d_main_21af_02,28,sub:문구점_00,23,ch21,sub:문구점_00,191,198,,,,person:아니스,119,말함 144줄(14%) · 이름 4줄,말함 10줄(17%),,,흔한 대상
setup_payoff,record,3,d_main_21af_01,,event_overzone2_epilogue,,ch21,event_overzone,191,203,Q120-2,회수,Q120,,,,,확실,확정,일부 · 답 F928
character,auto,1,d_main_21af_02,29,event_bluewaterisland1_01_s,0,ch21,event_bluewaterisland,191,212,,,,person:네온,55,기록 2 · 말함 128줄(12%) · 이름 13줄,기록 1 · 말함 445줄(21%) · 이름 44줄,,,흔한 대상
setup_payoff,record,3,d_main_21af_03,,d_main_23_08_s,,ch21,ch23,191,217,E163,암시,F993,,,,,확실,확정,
keyword,auto,2,d_main_21_07_e,91,d_main_24_02,73,ch21,ch24,191,221,,,,concept:NIMPH,24,기록 4 · 이름 13줄,기록 7 · 이름 10줄,,,
character,auto,2,d_main_21_10_e,84,event_firstaffection_02,13,ch21,event_firstaffection,191,230,,,,person:마리안,20,기록 2 · 이름 3줄,기록 5 · 말함 71줄(28%) · 이름 20줄,,,
keyword,auto,2,d_main_21_10_e,43,relic:마더웨일아종목격보고.wav_00,0,ch21,relic:마더웨일아종목격보고.wav,191,243,,,,concept:마더_웨일,6,기록 3 · 이름 49줄,기록 1 · 이름 5줄,,,
keyword,auto,2,d_main_21_05_s,19,event_footstepwalkrun1_06_s,19,ch21,event_footstepwalkrun1,191,350,,,,incident:2차_지상_탈환전,5,기록 2 · 이름 6줄,기록 4 · 이름 24줄,,,
callback,record,3,d_main_21_10_e,,d_main_35bf_06,,ch21,ch35,191,358,E594,재언급,F869,,,,,확실,확정,
callback,record,3,d_main_21af_02,,ep:d_nikke_ce007_02_02,,ch21,char:841,191,410,E1620,재언급,F872,,,,,확실,확정,
callback,record,3,d_main_21af_01,,side:eden_spear_00,,ch21,side:eden_spear,191,411,E885,재언급,F871,,,,,확실,확정,
character,auto,2,d_main_21af_01,56,side:eden_spear_00,34,ch21,side:eden_spear,191,411,,,,person:파피용,9,기록 3 · 말함 12줄(1%) · 이름 10줄,기록 5 · 말함 161줄(11%) · 이름 25줄,,,
callback,record,3,d_main_21_08_s,,event_goddessfall2_02_s,,ch21,event_goddessfall1,191,418,E951,재언급,F868,,,,,확실,확정,
setup_payoff,record,2,d_main_21_02_e,,erelic:goddess_fall_mini_09,,ch21,erelic:goddess_fall_mini,191,419,E158,암시,F2334,,,,,추정,확정,
setup_payoff,record,2,d_main_21_07_s,,erelic:goddess_fall_mini_05,,ch21,erelic:goddess_fall_mini,191,419,E160,암시,F2330,,,,,추정,확정,
setup_payoff,record,2,d_main_21_09_s,,erelic:goddess_fall_mini_05,,ch21,erelic:goddess_fall_mini,191,419,E161,암시,F2330,,,,,추정,확정,
setup_payoff,record,3,d_main_21_02_e,,erelic:goddess_fall_mini_09,,ch21,erelic:goddess_fall_mini,191,419,Q118-2,회수,Q118,,,,,확실,확정,일부 · 답 F2335
sequel,auto,3,sub:에덴_Notice_00,,sub:에덴_Notice_01,,sub:에덴_Notice_00,sub:에덴_Notice_01,192,193,,,,,,,,,,서브퀘스트 다음 편
character,auto,2,sub:에덴_Notice_00,111,sub:에덴_Notice_01,0,sub:에덴_Notice_00,sub:에덴_Notice_01,192,193,,,,person:세실,13,기록 1 · 말함 35줄(39%) · 이름 3줄,기록 1 · 말함 47줄(46%) · 이름 2줄,,,
character,auto,2,sub:에덴_Notice_00,105,sub:에덴_Notice_01,0,sub:에덴_Notice_00,sub:에덴_Notice_01,192,193,,,,person:이사벨,11,기록 1 · 말함 51줄(57%) · 이름 7줄,기록 2 · 말함 41줄(40%) · 이름 11줄,,,
keyword,auto,2,sub:에덴_Notice_00,108,sub:에덴_Notice_01,0,sub:에덴_Notice_00,sub:에덴_Notice_01,192,193,,,,place:에덴,25,기록 2 · 이름 8줄,기록 3 · 이름 4줄,,,
sequel,auto,3,sub:에덴_Notice_01,,sub:에덴_Notice_02,,sub:에덴_Notice_01,sub:에덴_Notice_02,193,194,,,,,,,,,,서브퀘스트 다음 편
character,auto,2,sub:에덴_Notice_01,130,sub:에덴_Notice_02,0,sub:에덴_Notice_01,sub:에덴_Notice_02,193,194,,,,person:이사벨,11,기록 2 · 말함 41줄(40%) · 이름 11줄,말함 13줄(13%) · 이름 2줄,,,
keyword,auto,2,sub:에덴_Notice_01,115,sub:에덴_Notice_02,0,sub:에덴_Notice_01,sub:에덴_Notice_02,193,194,,,,place:에덴,25,기록 3 · 이름 4줄,기록 1 · 이름 5줄,,,
keyword,auto,1,sub:에덴_Notice_01,123,relic:특이랩쳐보고서-전_00,0,sub:에덴_Notice_01,relic:특이랩쳐보고서-전,193,195,,,,concept:랩쳐,142,기록 1 · 이름 6줄,기록 2 · 이름 9줄,,,흔한 대상
character,auto,2,sub:에덴_Notice_01,142,d_main_33_02_s,69,sub:에덴_Notice_01,ch33,193,334,,,,person:세실,13,기록 1 · 말함 47줄(46%) · 이름 2줄,기록 2 · 이름 1줄,,,
character,auto,2,sub:에덴_Notice_02,114,ep:d_nikke_dorothy_01,36,sub:에덴_Notice_02,char:233,194,205,,,,person:노아,9,말함 14줄(13%) · 이름 2줄,기록 3 · 말함 44줄(13%) · 이름 11줄,,,
keyword,auto,2,sub:에덴_Notice_02,103,ep:d_nikke_dorothy_01,0,sub:에덴_Notice_02,char:233,194,205,,,,place:에덴,25,기록 1 · 이름 5줄,기록 2 · 이름 18줄,,,
setup_payoff,record,2,sub:에덴_Notice_02,,d_main_39_11,,sub:에덴_Notice_02,ch39,194,396,Q122-2,회수,Q122,,,,,추정,확정,일부 · 답 F2055
setup_payoff,record,3,sub:에덴_Notice_02,,d_main_40_01,,sub:에덴_Notice_02,ch40,194,398,Q122-3,회수,Q122,,,,,확실,확정,일부 · 답 F2070
setup_payoff,record,3,sub:에덴_Notice_02,,side:eden_spear_11,,sub:에덴_Notice_02,side:eden_spear,194,411,Q122-4,회수,Q122,,,,,확실,확정,일부 · 답 F2170
character,auto,2,sub:에덴_Notice_02,127,side:eden_spear_00,0,sub:에덴_Notice_02,side:eden_spear,194,411,,,,person:요한,13,기록 3 · 말함 46줄(44%) · 이름 7줄,기록 13 · 말함 317줄(22%) · 이름 37줄,,,
character,auto,2,sub:에덴_Notice_02,120,side:eden_spear_00,12,sub:에덴_Notice_02,side:eden_spear,194,411,,,,person:이사벨,11,말함 13줄(13%) · 이름 2줄,기록 3 · 말함 67줄(5%) · 이름 12줄,,,
character,auto,2,sub:에덴_Notice_02,137,side:eden_spear_00,10,sub:에덴_Notice_02,side:eden_spear,194,411,,,,person:하란,9,기록 1 · 말함 20줄(19%) · 이름 2줄,기록 5 · 말함 114줄(8%) · 이름 3줄,,,
setup_payoff,record,3,sub:에덴_Notice_02,,erelic:goddess_fall_mini_11,,sub:에덴_Notice_02,erelic:goddess_fall_mini,194,419,Q122-5,회수,Q122,,,,,확실,확정,일부 · 답 F2337
sequel,auto,3,relic:특이랩쳐보고서-전_04,,relic:특이랩쳐보고서-후_00,,relic:특이랩쳐보고서-전,relic:특이랩쳐보고서-후,195,196,,,,,,,,,,유실물 전 → 후
keyword,auto,1,relic:특이랩쳐보고서-전_04,5,d_main_22_01_s,4,relic:특이랩쳐보고서-전,ch22,195,197,,,,concept:랩쳐,142,기록 2 · 이름 9줄,이름 28줄,,,흔한 대상
setup_payoff,record,2,d_main_22_01_e,,d_main_22_03,,ch22,ch22,197,197,E166,암시,F882,,,,,추정,확정,
setup_payoff,record,3,d_main_22_04_e,,d_main_22_05_e,,ch22,ch22,197,197,E168,암시,F884,,,,,확실,확정,
setup_payoff,record,3,d_main_22_05_s,,d_main_22_05_e,,ch22,ch22,197,197,E169,암시,F884,,,,,확실,확정,
setup_payoff,record,3,d_main_22_06,,d_main_22_09,,ch22,ch22,197,197,E170,암시,F889,,,,,확실,확정,
setup_payoff,record,3,d_main_22_07,,d_main_22_09,,ch22,ch22,197,197,E171,암시,F890,,,,,확실,확정,
setup_payoff,record,2,d_main_22_07,,d_main_22_11,,ch22,ch22,197,197,E172,암시,F894,,,,,추정,확정,
keyword,auto,1,d_main_22_12_e,38,sub:문구점_00,3,ch22,sub:문구점_00,197,198,,,,place:방주,171,기록 7 · 이름 60줄,기록 3 · 이름 3줄,,,흔한 대상
keyword,auto,1,d_main_22_09,51,sub:중앙정부_트라이앵글_00,0,ch22,sub:중앙정부_트라이앵글_00,197,199,,,,org:중앙_정부,67,기록 2 · 이름 20줄,기록 1 · 이름 10줄,,,흔한 대상
keyword,auto,2,d_main_22_10,98,sub:중앙정부_트라이앵글_00,64,ch22,sub:중앙정부_트라이앵글_00,197,199,,,,place:아우터_림,43,기록 6 · 이름 19줄,기록 2 · 이름 1줄,,,
character,auto,2,d_main_22_12_e,23,relic:에닉탄핵포스터_00,3,ch22,relic:에닉탄핵포스터,197,202,,,,person:에닉,22,기록 8 · 말함 76줄(8%) · 이름 12줄,기록 3 · 이름 9줄,,,
character,auto,2,d_main_22_12_e,36,event_overzone1_01_s,3,ch22,event_overzone,197,203,,,,person:도로시,31,기록 2 · 말함 4줄(0%) · 이름 1줄,기록 29 · 말함 950줄(45%) · 이름 142줄,,,
keyword,auto,1,d_main_22_12_s,14,event_overzone1_01_s,38,ch22,event_overzone,197,203,,,,concept:니케,186,기록 1 · 이름 28줄,기록 1 · 이름 13줄,,,흔한 대상
keyword,auto,1,d_main_22_12_s,14,event_overzone1_01_s,57,ch22,event_overzone,197,203,,,,concept:랩쳐,142,이름 28줄,기록 1 · 이름 40줄,,,흔한 대상
keyword,auto,2,d_main_22_10,83,event_overzone1_01_s,8,ch22,event_overzone,197,203,,,,concept:양산형_니케,26,기록 1 · 이름 5줄,기록 5 · 이름 12줄,,,
keyword,auto,1,d_main_22_12_e,37,event_overzone1_01_s,59,ch22,event_overzone,197,203,,,,place:지상,132,기록 2 · 이름 14줄,이름 16줄,,,흔한 대상
keyword,auto,2,d_main_22_05_s,12,event_BunnyX777_prologue,4,ch22,event_BunnyX777,197,207,,,,org:777,4,기록 2 · 이름 4줄,이름 11줄,,,
keyword,auto,2,d_main_22_09,82,event_BunnyX777_prologue,5,ch22,event_BunnyX777,197,207,,,,place:코인_러시,11,기록 4 · 이름 18줄,기록 2 · 이름 29줄,,,
character,auto,2,d_main_22_10,102,event_queensorder_prologue,0,ch22,event_queensorder,197,210,,,,person:로산나,9,기록 9 · 말함 185줄(19%) · 이름 11줄,기록 13 · 말함 530줄(78%) · 이름 86줄,,,
character,auto,2,d_main_22_10,88,event_queensorder_02_e,63,ch22,event_queensorder,197,210,,,,person:사쿠라,10,기록 6 · 말함 121줄(12%) · 이름 12줄,기록 2 · 말함 86줄(13%) · 이름 21줄,,,
keyword,auto,2,d_main_22_10,11,event_queensorder_03_s,56,ch22,event_queensorder,197,210,,,,org:언더월드_퀸,9,기록 4 · 이름 7줄,기록 2 · 이름 7줄,,,
keyword,auto,2,d_main_22_06,61,event_queensorder_prologue,0,ch22,event_queensorder,197,210,,,,org:헤도니아,6,이름 8줄,기록 6 · 이름 17줄,,,
sequel,auto,3,d_main_22_12_e,,d_main_23_01_s,,ch22,ch23,197,217,,,,,,,,,,다음 챕터
setup_payoff,record,3,d_main_22_06,,d_main_23_08_s,,ch22,ch23,197,217,Q124-2,회수,Q124,,,,,확실,확정,일부 · 답 F993
callback,record,3,d_main_22_10,,d_main_23_02_s,,ch22,ch23,197,217,F893-2,드러냄,F893,,,,,확실,확정,
character,auto,2,d_main_22_11,18,d_main_23_02_s,19,ch22,ch23,197,217,,,,person:E.H.,10,기록 13 · 말함 87줄(9%) · 이름 12줄,기록 3 · 이름 12줄,,,
character,auto,2,d_main_22_12_e,29,d_main_23_01_e,6,ch22,ch23,197,217,,,,person:니힐리스타,11,기록 4 · 말함 32줄(3%) · 이름 10줄,기록 2 · 이름 4줄,,,
character,auto,2,d_main_22_10,96,d_main_23_02_s,19,ch22,ch23,197,217,,,,person:도반,8,기록 5 · 말함 34줄(3%) · 이름 6줄,기록 5 · 말함 14줄(1%) · 이름 27줄,,,
character,auto,2,d_main_22_10,38,d_main_23_01_e,100,ch22,ch23,197,217,,,,person:바이퍼,11,기록 3 · 이름 2줄,기록 7 · 말함 104줄(9%) · 이름 27줄,,,
character,auto,2,d_main_22_10,61,d_main_23_02_s,1,ch22,ch23,197,217,,,,person:잉그리드,37,기록 2 · 이름 2줄,기록 3 · 말함 52줄(4%),,,
keyword,auto,2,d_main_22_12_s,89,d_main_23_08_s,16,ch22,ch23,197,217,,,,concept:언체인드,25,기록 2 · 이름 4줄,기록 2 · 이름 4줄,,,
keyword,auto,2,d_main_22_12_s,92,d_main_23_01_s,4,ch22,ch23,197,217,,,,concept:헬레틱,40,이름 5줄,이름 9줄,,,
keyword,auto,2,d_main_22_12_s,36,d_main_23_01_e,90,ch22,ch23,197,217,,,,org:메티스,21,기록 3 · 이름 4줄,기록 1 · 이름 9줄,,,
keyword,auto,2,d_main_22_09,28,d_main_23_02_s,50,ch22,ch23,197,217,,,,org:엔터_헤븐,9,기록 6 · 이름 19줄,기록 2 · 이름 10줄,,,
keyword,auto,2,d_main_22_06,70,d_main_23_01_e,99,ch22,ch23,197,217,,,,org:이그조틱,14,기록 2 · 이름 1줄,기록 4 · 이름 30줄,,,
keyword,auto,2,d_main_22_10,60,d_main_23_02_s,75,ch22,ch23,197,217,,,,org:익스터너,5,기록 2 · 이름 2줄,기록 2 · 이름 3줄,,,
character,auto,2,d_main_22_07,56,sub:상인연합_달란트_00,0,ch22,sub:상인연합_달란트_00,197,218,,,,person:도라,4,기록 2 · 말함 33줄(3%) · 이름 1줄,기록 1 · 말함 18줄(26%) · 이름 2줄,,,
setup_payoff,record,3,d_main_22_12_s,,d_main_24_13,,ch22,ch24,197,221,Q126-2,회수,Q126,,,,,확실,확정,전부 · 답 F1032
callback,record,2,d_main_22_10,,d_main_24_04,,ch22,ch24,197,221,E235,재언급,F892,,,,,추정,확정,
character,auto,2,d_main_22_12_s,71,d_main_24_12,35,ch22,ch24,197,221,,,,person:인디빌리아,9,기록 2 · 이름 2줄,기록 5 · 말함 24줄(2%) · 이름 12줄,,,
character,auto,2,d_main_22_12_s,71,d_main_24_13,55,ch22,ch24,197,221,,,,person:토커티브,15,기록 3 · 이름 4줄,기록 5 · 말함 26줄(2%) · 이름 11줄,,,
character,auto,2,d_main_22_12_e,15,event_freezeacpu_prologue,0,ch22,event_freezeacpu,197,239,,,,person:폴리,10,기록 3 · 말함 82줄(8%) · 이름 8줄,기록 2 · 말함 222줄(20%) · 이름 30줄,,,
character,auto,2,d_main_22_08,42,event_dirtybackyard_01_s,9,ch22,event_dirtybackyard,197,262,,,,person:진,4,기록 2 · 말함 24줄(2%),기록 2 · 말함 82줄(10%),,,
keyword,auto,2,d_main_22_07,28,event_dirtybackyard_02_s,41,ch22,event_dirtybackyard,197,262,,,,place:블랙넷,6,기록 3 · 이름 7줄,기록 3 · 이름 2줄,,,
keyword,auto,2,d_main_22_07,56,event_beautyfullshot1_01_s,0,ch22,event_beautyfullshot1,197,305,,,,org:세이메이카이,6,이름 8줄,기록 3 · 이름 6줄,,,
keyword,auto,2,d_main_22_11,37,event_ce006_3_02_s,35,ch22,event_ce006,197,387,,,,concept:로드_급,3,기록 2 · 이름 2줄,기록 2 · 이름 2줄,,,
callback,record,2,d_main_22_09,,event_overthehorizon_06_e,,ch22,event_overthehorizon,197,391,E780,재언급,F889,,,,,추정,확정,
callback,record,3,d_main_22_01_e,,side:eden_spear_00,,ch22,side:eden_spear,197,411,E884,재언급,F881,,,,,확실,확정,
callback,record,3,d_main_22_12_s,,side:eden_spear_00,,ch22,side:eden_spear,197,411,E884,재언급,F897,,,,,확실,확정,
callback,record,3,d_main_22_12_s,,event_goddessfall1_05_e,,ch22,event_goddessfall1,197,418,E944,재언급,F897,,,,,확실,확정,
callback,record,3,d_main_22_12_e,,d_main_44_af_10,,ch22,ch44,197,436,E1037,재언급,F898,,,,,확실,확정,
setup_payoff,record,3,d_main_22_09,,fl:enter_heaven_06,,ch22,fl:enter_heaven,197,442,Q125-2,회수,Q125,,,,,확실,확정,일부 · 답 F2490
setup_payoff,record,3,d_main_22_09,,fl:enter_heaven_11,,ch22,fl:enter_heaven,197,442,Q125-3,회수,Q125,,,,,확실,확정,일부 · 답 F2502
setup_payoff,record,3,d_main_22_09,,fl:enter_heaven_07,,ch22,fl:enter_heaven,197,442,Q125-4,회수,Q125,,,,,확실,확정,전부 · 답 F2495
callback,record,3,d_main_22_10,,fl:enter_heaven_12,,ch22,fl:enter_heaven,197,442,E1041,재언급,F893,,,,,확실,확정,
callback,record,2,d_main_22_10,,fl:enter_heaven_11,,ch22,fl:enter_heaven,197,442,E1045,재언급,F891,,,,,추정,확정,
setup_payoff,record,2,d_main_22_12_e,,d_main_46_af_04,,ch22,ch46,197,452,E177,암시,F2643,,,,,추정,확정,
character,auto,1,sub:문구점_00,57,sub:중앙정부_트라이앵글_00,25,sub:문구점_00,sub:중앙정부_트라이앵글_00,198,199,,,,person:아니스,119,말함 10줄(17%),기록 1 · 말함 11줄(12%),,,흔한 대상
keyword,auto,1,sub:문구점_00,78,sub:할아범_01,31,sub:문구점_00,sub:할아범_01,198,201,,,,place:방주,171,기록 3 · 이름 3줄,기록 4 · 이름 3줄,,,흔한 대상
setup_payoff,record,2,sub:문구점_00,,d_main_30_01_s,,sub:문구점_00,ch30,198,293,E179,암시,F1395,,,,,추정,확정,
character,auto,1,sub:중앙정부_트라이앵글_00,93,sub:할아범_01,45,sub:중앙정부_트라이앵글_00,sub:할아범_01,199,201,,,,person:아니스,119,기록 1 · 말함 11줄(12%),말함 24줄(23%) · 이름 1줄,,,흔한 대상
keyword,auto,1,sub:중앙정부_트라이앵글_00,96,sub:할아범_01,77,sub:중앙정부_트라이앵글_00,sub:할아범_01,199,201,,,,org:중앙_정부,67,기록 1 · 이름 10줄,기록 3 · 이름 2줄,,,흔한 대상
keyword,auto,2,sub:중앙정부_트라이앵글_00,82,event_queensorder_prologue,20,sub:중앙정부_트라이앵글_00,event_queensorder,199,210,,,,place:아우터_림,43,기록 2 · 이름 1줄,기록 5 · 이름 32줄,,,
character,auto,2,sub:중앙정부_트라이앵글_00,107,event_perfectmaid_01_s,146,sub:중앙정부_트라이앵글_00,event_perfectmaid,199,264,,,,person:프리바티,11,기록 2 · 말함 53줄(56%) · 이름 6줄,기록 6 · 말함 464줄(43%) · 이름 74줄,,,
character,auto,2,sub:중앙정부_트라이앵글_00,75,ep:d_nikke_zwei_01,8,sub:중앙정부_트라이앵글_00,char:390,199,320,,,,person:율하,7,기록 1 · 말함 10줄(11%),기록 2 · 말함 89줄(25%) · 이름 5줄,,,
keyword,auto,2,sub:중앙정부_트라이앵글_00,96,ep:d_nikke_zwei_01,8,sub:중앙정부_트라이앵글_00,char:390,199,320,,,,org:트라이앵글,7,기록 3 · 이름 7줄,기록 2 · 이름 3줄,,,
keyword,auto,2,sub:2호_쉘터_관리계정_00,84,d_main_23_08_s,28,sub:2호_쉘터_관리계정_00,ch23,200,217,,,,place:쉘터,4,기록 2,기록 3,,,
character,auto,1,sub:2호_쉘터_관리계정_00,79,sub:콜렉터_02,42,sub:2호_쉘터_관리계정_00,sub:콜렉터_02,200,219,,,,person:라피,85,말함 5줄(42%) · 이름 1줄,말함 8줄(11%),,,흔한 대상
character,auto,2,sub:2호_쉘터_관리계정_00,96,event_lordforjustice_epilogue,19,sub:2호_쉘터_관리계정_00,event_lordforjustice,200,385,,,,person:데이파라,4,기록 2 · 이름 1줄,기록 2 · 이름 1줄,,,
setup_payoff,record,3,sub:2호_쉘터_관리계정_00,,fl:reborn_evil_17,,sub:2호_쉘터_관리계정_00,fl:reborn_evil,200,407,E182,암시,F2134,,,,,확실,확정,
keyword,auto,2,sub:2호_쉘터_관리계정_00,53,fl:reborn_evil_00,74,sub:2호_쉘터_관리계정_00,fl:reborn_evil,200,407,,,,org:구원의_성화,5,기록 3 · 이름 18줄,기록 16 · 이름 35줄,,,
keyword,auto,1,sub:할아범_01,80,relic:에닉탄핵포스터_00,0,sub:할아범_01,relic:에닉탄핵포스터,201,202,,,,place:방주,171,기록 4 · 이름 3줄,기록 1 · 이름 7줄,,,흔한 대상
keyword,auto,1,sub:할아범_01,109,event_overzone2_01_s,25,sub:할아범_01,event_overzone,201,203,,,,org:중앙_정부,67,기록 3 · 이름 2줄,기록 2 · 이름 2줄,,,흔한 대상
character,auto,1,sub:할아범_01,93,sub:상인연합_달란트_00,38,sub:할아범_01,sub:상인연합_달란트_00,201,218,,,,person:아니스,119,말함 24줄(23%) · 이름 1줄,말함 10줄(15%),,,흔한 대상
setup_payoff,record,2,sub:할아범_01,,d_main_45_04,,sub:할아범_01,ch45,201,450,Q127-2,회수,Q127,,,,,추정,확정,일부 · 답 F2581
keyword,auto,1,relic:에닉탄핵포스터_04,0,event_overzone1_01_s,59,relic:에닉탄핵포스터,event_overzone,202,203,,,,place:방주,171,기록 1 · 이름 7줄,기록 14 · 이름 98줄,,,흔한 대상
character,auto,2,relic:에닉탄핵포스터_04,0,d_main_23_01_s,13,relic:에닉탄핵포스터,ch23,202,217,,,,person:에닉,22,기록 3 · 이름 9줄,기록 3 · 말함 21줄(2%) · 이름 12줄,,,
setup_payoff,record,2,relic:에닉탄핵포스터_04,,d_main_24af_06,,relic:에닉탄핵포스터,ch25,202,241,E184,암시,F1100,,,,,추정,확정,
setup_payoff,record,3,event_overzone1_01_s,,event_overzone1_05_e,,event_overzone,event_overzone,203,203,E185,암시,F915,,,,,확실,확정,
setup_payoff,record,2,event_overzone1_01_s,,event_overzone2_04_e,,event_overzone,event_overzone,203,203,E186,암시,F920,,,,,추정,확정,
setup_payoff,record,2,event_overzone1_03_s,,event_overzone2_06_e,,event_overzone,event_overzone,203,203,E187,암시,F926,,,,,추정,확정,
setup_payoff,record,3,event_overzone1_03_e,,event_overzone2_04_e,,event_overzone,event_overzone,203,203,E188,암시,F920,,,,,확실,확정,
setup_payoff,record,2,event_overzone1_intermission_01,,event_overzone2_02_e,,event_overzone,event_overzone,203,203,E189,암시,F918,,,,,추정,확정,
setup_payoff,record,3,event_overzone2_01_s,,event_overzone2_intermission_01,,event_overzone,event_overzone,203,203,E195,암시,F925,,,,,확실,확정,
setup_payoff,record,3,event_overzone2_01_e,,event_overzone2_intermission_01,,event_overzone,event_overzone,203,203,E196,암시,F925,,,,,확실,확정,
setup_payoff,record,3,event_overzone2_02_s,,event_overzone2_intermission_01,,event_overzone,event_overzone,203,203,E197,암시,F925,,,,,확실,확정,
sequel,auto,3,event_overzone2_epilogue,,erelic:white_memory_00,,event_overzone,erelic:white_memory,203,204,,,,,,,,,,이벤트 → 이벤트 유실물
character,auto,2,event_overzone2_05_e,58,erelic:white_memory_03,5,event_overzone,erelic:white_memory,203,204,,,,person:라푼젤,18,기록 7 · 말함 259줄(12%) · 이름 50줄,기록 3 · 이름 9줄,,,
character,auto,2,event_overzone2_epilogue,91,erelic:white_memory_00,0,event_overzone,erelic:white_memory,203,204,,,,person:스노우_화이트,26,기록 8 · 말함 241줄(11%) · 이름 49줄,기록 9 · 이름 44줄,,,
keyword,auto,1,event_overzone2_05_e,16,erelic:white_memory_05,0,event_overzone,erelic:white_memory,203,204,,,,concept:랩쳐,142,기록 1 · 이름 40줄,기록 2 · 이름 4줄,,,흔한 대상
callback,record,2,event_overzone2_04_e,,ep:d_nikke_dorothy_04,,event_overzone,char:233,203,205,E1310,재언급,F920,,,,,추정,확정,
callback,record,3,event_overzone2_intermission_01,,ep:d_nikke_dorothy_05,,event_overzone,char:233,203,205,E1311,재언급,F925,,,,,확실,확정,
callback,record,3,event_overzone2_epilogue,,ep:d_nikke_dorothy_05,,event_overzone,char:233,203,205,E1312,재언급,F928,,,,,확실,확정,
character,auto,2,event_overzone2_epilogue,90,ep:d_nikke_dorothy_01,6,event_overzone,char:233,203,205,,,,person:도로시,31,기록 29 · 말함 950줄(45%) · 이름 142줄,기록 12 · 말함 285줄(82%) · 이름 55줄,,,
character,auto,2,event_overzone2_06_e,15,ep:d_nikke_dorothy_04,60,event_overzone,char:233,203,205,,,,person:피나,4,기록 9 · 말함 207줄(10%) · 이름 48줄,기록 2 · 이름 1줄,,,
keyword,auto,1,event_overzone2_epilogue,12,ep:d_nikke_dorothy_01,9,event_overzone,char:233,203,205,,,,concept:니케,186,기록 1 · 이름 13줄,기록 1 · 이름 19줄,,,흔한 대상
keyword,auto,2,event_overzone2_01_s,28,ep:d_nikke_dorothy_04,10,event_overzone,char:233,203,205,,,,incident:아크_가디언_작전,7,기록 1 · 이름 6줄,기록 2 · 이름 4줄,,,
keyword,auto,2,event_overzone2_epilogue,84,ep:d_nikke_dorothy_01,49,event_overzone,char:233,203,205,,,,org:갓데스,30,기록 13 · 이름 34줄,기록 4 · 이름 8줄,,,
keyword,auto,1,event_overzone2_epilogue,67,ep:d_nikke_dorothy_01,1,event_overzone,char:233,203,205,,,,place:방주,171,기록 14 · 이름 98줄,기록 3 · 이름 22줄,,,흔한 대상
keyword,auto,1,event_overzone2_04_e,83,event_queensorder_05_e,13,event_overzone,event_queensorder,203,210,,,,org:중앙_정부,67,기록 2 · 이름 2줄,기록 1 · 이름 6줄,,,흔한 대상
keyword,auto,1,event_overzone2_epilogue,73,event_queensorder_02_e,12,event_overzone,event_queensorder,203,210,,,,place:지상,132,이름 16줄,기록 1 · 이름 5줄,,,흔한 대상
keyword,auto,2,event_overzone2_epilogue,7,d_main_23_04,45,event_overzone,ch23,203,217,,,,concept:양산형_니케,26,기록 5 · 이름 12줄,기록 1 · 이름 7줄,,,
keyword,auto,2,event_overzone2_epilogue,52,d_main_23_01_s,2,event_overzone,ch23,203,217,,,,org:필그림,21,기록 3 · 이름 3줄,이름 8줄,,,
keyword,auto,2,event_overzone2_03_s,8,d_main_24_12,35,event_overzone,ch24,203,221,,,,concept:에블라_입자,9,기록 1 · 이름 6줄,기록 1 · 이름 6줄,,,
keyword,auto,2,event_overzone2_04_s,41,d_main_24af_06,45,event_overzone,ch25,203,241,,,,concept:퍼펙트,16,기록 2 · 이름 1줄,기록 2 · 이름 6줄,,,
character,auto,2,event_overzone2_05_e,34,d_main_26_05_e,15,event_overzone,ch26,203,244,,,,person:퀸,20,기록 2 · 이름 3줄,기록 2 · 이름 2줄,,,
setup_payoff,record,2,event_overzone1_05_s,,event_redash2_06_e,,event_overzone,event_redash,203,248,E192,암시,F1172,,,,,추정,확정,
setup_payoff,record,2,event_overzone2_01_s,,event_redash2_02_e,,event_overzone,event_redash,203,248,E194,암시,F1163,,,,,추정,확정,
setup_payoff,record,3,event_overzone2_04_e,,event_redash2_02_e,,event_overzone,event_redash,203,248,Q129-2,회수,Q129,,,,,확실,확정,일부 · 답 F1161
character,auto,2,event_overzone2_01_s,26,event_redash_prologue,57,event_overzone,event_redash,203,248,,,,person:릴리바이스,14,기록 5 · 말함 28줄(1%) · 이름 2줄,기록 18 · 말함 275줄(13%) · 이름 13줄,,,
character,auto,2,event_overzone2_04_e,129,event_redash2_01_e,28,event_overzone,event_redash,203,248,,,,person:오스왈드,7,기록 11 · 말함 104줄(5%) · 이름 3줄,기록 7 · 말함 105줄(5%) · 이름 10줄,,,
character,auto,2,event_overzone2_06_s,46,event_redash_prologue,46,event_overzone,event_redash,203,248,,,,person:홍련,18,기록 8 · 말함 313줄(15%) · 이름 31줄,기록 6 · 말함 172줄(8%) · 이름 24줄,,,
keyword,auto,2,event_overzone2_intermission_01,151,event_redash1_01_e,63,event_overzone,event_redash,203,248,,,,concept:침식,21,기록 2 · 이름 7줄,기록 14 · 이름 37줄,,,
callback,record,3,event_overzone_prologue,,erelic:red_ash_lost_20,,event_overzone,erelic:red_ash_lost,203,249,F908-2,드러냄,F908,,,,,확실,확정,
setup_payoff,record,2,event_overzone2_epilogue,,erelic:red_ash_mini_07,,event_overzone,erelic:red_ash_mini,203,250,Q128-2,회수,Q128,,,,,추정,확정,일부 · 답 F1190
callback,record,3,event_overzone1_05_e,,event_newyearnewsword_06_e,,event_overzone,event_newyearnewsword,203,258,F915-2,드러냄,F915,,,,,확실,확정,
keyword,auto,2,event_overzone1_06_s,40,event_newyearnewsword_01_e,43,event_overzone,event_newyearnewsword,203,258,,,,concept:사고_전환,8,기록 3 · 이름 5줄,기록 2 · 이름 8줄,,,
setup_payoff,record,2,event_overzone2_05_e,,event_lastkingdom1_b03_e,,event_overzone,event_lastkingdom1,203,295,E202,암시,F1435,,,,,추정,확정,
callback,record,2,event_overzone2_04_e,,event_oldtales1_04_s,,event_overzone,event_oldtales1,203,338,E527,재언급,F920,,,,,추정,확정,
callback,record,2,event_overzone2_03_e,,event_footstepwalkrun1_06_s,,event_overzone,event_footstepwalkrun1,203,350,E563,재언급,F916,,,,,추정,확정,
callback,record,3,event_overzone2_intermission_01,,fl:boom_the_ghost_21,,event_overzone,fl:boom_the_ghost,203,393,E790,재언급,F925,,,,,확실,확정,
callback,record,3,event_overzone2_06_e,,fl:boom_the_ghost_25,,event_overzone,fl:boom_the_ghost,203,393,E791,재언급,F926,,,,,확실,확정,
callback,record,3,event_overzone1_02_e,,d_main_39_06,,event_overzone,ch39,203,396,E799,재언급,F917,,,,,확실,확정,
callback,record,2,event_overzone2_epilogue,,side:eden_spear_05,,event_overzone,side:eden_spear,203,411,E888,재언급,F928,,,,,추정,확정,
setup_payoff,record,3,event_overzone2_epilogue,,erelic:goddess_fall_mini_07,,event_overzone,erelic:goddess_fall_mini,203,419,Q128-3,회수,Q128,,,,,확실,확정,전부 · 답 F2332
callback,record,3,event_overzone1_01_e,,erelic:goddess_fall_mini_11,,event_overzone,erelic:goddess_fall_mini,203,419,E964,재언급,F909,,,,,확실,확정,
setup_payoff,record,2,event_overzone2_03_s,,fl:ark_guardian_26,,event_overzone,fl:ark_guardian,203,428,E198,암시,F2375,,,,,추정,확정,
callback,record,3,event_overzone1_01_e,,fl:ark_guardian_26,,event_overzone,fl:ark_guardian,203,428,F909-2,드러냄,F909,,,,,확실,확정,
callback,record,3,event_overzone1_01_s,,fl:ark_guardian_24,,event_overzone,fl:ark_guardian,203,428,F914-2,드러냄,F914,,,,,확실,확정,
callback,record,3,event_overzone_prologue,,ep:d_nikke_snowwhite_heavyarms_05,,event_overzone,char:471,203,429,E1629,재언급,F908,,,,,확실,확정,
setup_payoff,record,2,event_overzone2_04_e,,side:pretty_star_14,,event_overzone,side:pretty_star,203,447,E200,암시,Q247,,,,,추정,확정,
setup_payoff,record,3,event_overzone2_04_e,,side:pretty_star_00,,event_overzone,side:pretty_star,203,447,Q129-3,회수,Q129,,,,,확실,확정,일부 · 답 F2558
setup_payoff,record,2,event_overzone1_06_s,,d_main_46_af_06,,event_overzone,ch46,203,452,E193,암시,F2651,,,,,추정,확정,
setup_payoff,record,3,event_overzone2_04_e,,d_main_46_af_06,,event_overzone,ch46,203,452,E201,암시,F2649,,,,,확실,확정,
setup_payoff,record,3,event_overzone2_06_e,,d_main_46_af_06,,event_overzone,ch46,203,452,E203,암시,Q306,,,,,확실,확정,
setup_payoff,record,3,event_overzone2_06_e,,d_main_46_af_04,,event_overzone,ch46,203,452,E204,암시,F2643,,,,,확실,확정,
setup_payoff,record,3,event_overzone2_04_e,,d_main_46_af_06,,event_overzone,ch46,203,452,Q129-4,회수,Q129,,,,,확실,확정,일부 · 답 F2649
callback,record,3,event_overzone1_06_e,,d_main_46_af_04,,event_overzone,ch46,203,452,E1114,재언급,F924,,,,,확실,확정,
setup_payoff,record,2,event_overzone1_05_s,,d_main_48_03,,event_overzone,ch48,203,472,E191,암시,Q130,,,,,추정,확정,
setup_payoff,record,3,event_overzone2_02_e,,d_main_48_03,,event_overzone,ch48,203,472,Q130-2,회수,Q130,,,,,확실,확정,일부 · 답 F2830
keyword,auto,1,erelic:white_memory_20,40,ep:d_nikke_dorothy_01,57,erelic:white_memory,char:233,204,205,,,,concept:랩쳐,142,기록 2 · 이름 4줄,이름 8줄,,,흔한 대상
character,auto,2,erelic:white_memory_16,10,d_main_24_08_e,0,erelic:white_memory,ch24,204,221,,,,person:레드_후드,26,기록 2 · 이름 2줄,기록 4 · 이름 2줄,,,
character,auto,2,erelic:white_memory_17,5,d_main_26_01_e,17,erelic:white_memory,ch26,204,244,,,,person:라푼젤,18,기록 3 · 이름 9줄,기록 2 · 말함 7줄(1%) · 이름 2줄,,,
character,auto,2,erelic:white_memory_20,38,d_main_26_01_s,74,erelic:white_memory,ch26,204,244,,,,person:스노우_화이트,26,기록 9 · 이름 44줄,기록 2 · 말함 3줄(0%) · 이름 5줄,,,
setup_payoff,record,2,erelic:white_memory_12,,event_redash2_01_e,,erelic:white_memory,event_redash,204,248,E206,암시,F1161,,,,,추정,확정,
callback,record,2,erelic:white_memory_19,,erelic:red_ash_lost_16,,erelic:white_memory,erelic:red_ash_lost,204,249,E305,재언급,F932,,,,,추정,확정,
callback,record,2,erelic:white_memory_19,,erelic:red_ash_mini_01,,erelic:white_memory,erelic:red_ash_mini,204,250,E306,재언급,F932,,,,,추정,확정,
setup_payoff,record,3,erelic:white_memory_20,,side:eden_spear_08,,erelic:white_memory,side:eden_spear,204,411,Q132-2,회수,Q132,,,,,확실,확정,일부 · 답 F2163
setup_payoff,record,3,erelic:white_memory_20,,event_goddessfall1_02_e,,erelic:white_memory,event_goddessfall1,204,418,Q132-3,회수,Q132,,,,,확실,확정,전부 · 답 F2268
character,auto,2,erelic:white_memory_20,26,event_goddessfall1_02_e,48,erelic:white_memory,event_goddessfall1,204,418,,,,person:릴리스,2,기록 6,기록 2 · 이름 4줄,,,
setup_payoff,record,3,erelic:white_memory_19,,fl:ark_guardian_25,,erelic:white_memory,fl:ark_guardian,204,428,Q131-2,회수,Q131,,,,,확실,확정,전부 · 답 F2373
callback,record,3,erelic:white_memory_20,,ep:d_nikke_snowwhite_heavyarms_02,,erelic:white_memory,char:471,204,429,E1628,재언급,F933,,,,,확실,확정,
callback,record,3,erelic:white_memory_12,,ep:d_nikke_snowwhite_heavyarms_03,,erelic:white_memory,char:471,204,429,F930-2,드러냄,F930,,,,,확실,확정,
setup_payoff,record,2,erelic:white_memory_12,,side:pretty_star_14,,erelic:white_memory,side:pretty_star,204,447,E205,암시,F2558,,,,,추정,확정,
prereq,game-condition,3,ep:d_nikke_dorothy_01,,ep:d_nikke_dorothy_02,,char:233,char:233,205,205,,,,,,,,,,condition_scenario_group_id
prereq,game-condition,3,ep:d_nikke_dorothy_02,,ep:d_nikke_dorothy_03,,char:233,char:233,205,205,,,,,,,,,,condition_scenario_group_id
prereq,game-condition,3,ep:d_nikke_dorothy_03,,ep:d_nikke_dorothy_04,,char:233,char:233,205,205,,,,,,,,,,condition_scenario_group_id
prereq,game-condition,3,ep:d_nikke_dorothy_04,,ep:d_nikke_dorothy_05,,char:233,char:233,205,205,,,,,,,,,,condition_scenario_group_id
keyword,auto,1,ep:d_nikke_dorothy_05,103,ep:d_nikke_blanc_01,41,char:233,char:270,205,208,,,,place:방주,171,기록 3 · 이름 22줄,이름 6줄,,,흔한 대상
keyword,auto,1,ep:d_nikke_dorothy_05,52,event_bluewaterisland1_02_s,11,char:233,event_bluewaterisland,205,212,,,,concept:니케,186,기록 1 · 이름 19줄,기록 2 · 이름 13줄,,,흔한 대상
keyword,auto,1,ep:d_nikke_dorothy_04,110,event_bluewaterisland_prologue,47,char:233,event_bluewaterisland,205,212,,,,concept:랩쳐,142,이름 8줄,기록 2 · 이름 13줄,,,흔한 대상
character,auto,2,ep:d_nikke_dorothy_05,100,d_main_23_01_s,0,char:233,ch23,205,217,,,,person:도로시,31,기록 12 · 말함 285줄(82%) · 이름 55줄,기록 3 · 말함 56줄(5%) · 이름 6줄,,,
keyword,auto,2,ep:d_nikke_dorothy_05,59,d_main_23_08_e,0,char:233,ch23,205,217,,,,org:갓데스,30,기록 4 · 이름 8줄,기록 3 · 이름 6줄,,,
keyword,auto,2,ep:d_nikke_dorothy_05,22,d_main_23_01_e,6,char:233,ch23,205,217,,,,place:에덴,25,기록 2 · 이름 18줄,기록 1 · 이름 5줄,,,
keyword,auto,2,ep:d_nikke_dorothy_04,13,event_oldtales2_05_s,23,char:233,event_oldtales1,205,338,,,,incident:아크_가디언_작전,7,기록 2 · 이름 4줄,기록 2 · 이름 4줄,,,
character,auto,2,ep:d_nikke_dorothy_05,102,fl:boom_the_ghost_13,36,char:233,fl:boom_the_ghost,205,393,,,,person:피나,4,기록 2 · 이름 1줄,기록 6 · 이름 43줄,,,
character,auto,2,ep:d_nikke_dorothy_03,69,event_goddessfall1_prologue,4,char:233,event_goddessfall1,205,418,,,,person:노아,9,기록 3 · 말함 44줄(13%) · 이름 11줄,기록 8 · 말함 67줄(2%) · 이름 35줄,,,
callback,record,2,ep:d_nikke_dorothy_02,,erelic:goddess_fall_mini_06,,char:233,erelic:goddess_fall_mini,205,419,E963,재언급,F937,,,,,추정,확정,
setup_payoff,record,3,ep:d_nikke_dorothy_05,,fl:ark_guardian_25,,char:233,fl:ark_guardian,205,428,E1308,암시,F2373,,,,,확실,확정,
setup_payoff,record,2,ep:d_nikke_dorothy_03,,fl:ark_guardian_20,,char:233,fl:ark_guardian,205,428,E1309,암시,F2368,,,,,추정,확정,
prereq,game-condition,3,ep:d_nikke_rei_01,,ep:d_nikke_rei_02,,char:392,char:392,206,206,,,,,,,,,,condition_scenario_group_id
prereq,game-condition,3,ep:d_nikke_rei_02,,ep:d_nikke_rei_03,,char:392,char:392,206,206,,,,,,,,,,condition_scenario_group_id
prereq,game-condition,3,ep:d_nikke_rei_03,,ep:d_nikke_rei_04,,char:392,char:392,206,206,,,,,,,,,,condition_scenario_group_id
prereq,game-condition,3,ep:d_nikke_rei_04,,ep:d_nikke_rei_05,,char:392,char:392,206,206,,,,,,,,,,condition_scenario_group_id
callback,record,3,ep:d_nikke_rei_01,,event_schooloflock_01_s,,char:392,event_schooloflock,206,234,E1324,재언급,F943,,,,,확실,확정,
keyword,auto,2,ep:d_nikke_rei_03,46,event_schooloflock_prologue,5,char:392,event_schooloflock,206,234,,,,place:미미르_부속_고등학교,12,기록 1 · 이름 6줄,기록 11 · 이름 43줄,,,
character,auto,2,ep:d_nikke_rei_05,145,ep:d_nikke_marciana_01,7,char:392,char:321,206,235,,,,person:라이,6,기록 7 · 말함 284줄(66%) · 이름 23줄,기록 1 · 말함 94줄(20%) · 이름 57줄,,,
character,auto,2,ep:d_nikke_rei_05,141,event_juveniledays_prologue,3,char:392,event_juveniledays,206,317,,,,person:아인,7,기록 2 · 말함 65줄(15%) · 이름 13줄,기록 13 · 말함 556줄(55%) · 이름 109줄,,,
callback,record,2,ep:d_nikke_rei_01,,fl:2x2_love_1ch_04,,char:392,fl:2x2_love_1ch,206,444,E1485,재언급,F943,,,,,추정,확정,
callback,record,3,ep:d_nikke_rei_01,,fl:2x2_love_2ch_49,,char:392,fl:2x2_love_2ch,206,445,E1520,재언급,F943,,,,,확실,확정,
callback,record,3,ep:d_nikke_rei_02,,fl:wave_to_you_07,,char:392,fl:wave_to_you,206,464,E1548,재언급,F944,,,,,확실,확정,
setup_payoff,record,2,event_BunnyX777_intermission_01,,ep:d_nikke_blanc_03,,event_BunnyX777,char:270,207,208,E1604,암시,F947,,,,,추정,확정,
character,auto,2,event_BunnyX777_epilogue,25,ep:d_nikke_blanc_02,74,event_BunnyX777,char:270,207,208,,,,person:누아르,7,기록 4 · 말함 119줄(17%) · 이름 34줄,기록 2 · 이름 7줄,,,
character,auto,2,event_BunnyX777_epilogue,24,ep:d_nikke_blanc_01,97,event_BunnyX777,char:270,207,208,,,,person:블랑,6,기록 4 · 말함 156줄(22%) · 이름 52줄,기록 4 · 말함 303줄(87%) · 이름 52줄,,,
keyword,auto,2,event_BunnyX777_epilogue,26,ep:d_nikke_blanc_02,28,event_BunnyX777,char:270,207,208,,,,org:777,4,이름 11줄,이름 6줄,,,
keyword,auto,2,event_BunnyX777_epilogue,12,sub:코인_러시_00,0,event_BunnyX777,sub:코인_러시_00,207,246,,,,place:코인_러시,11,기록 2 · 이름 29줄,기록 2 · 이름 4줄,,,
callback,record,3,event_BunnyX777_01_s,,event_goldencoinrush1_02_e,,event_BunnyX777,event_goldencoinrush1,207,300,E1367,재언급,F946,,,,,확실,확정,
character,auto,2,event_BunnyX777_06_e,29,event_goldencoinrush1_01_s,66,event_BunnyX777,event_goldencoinrush1,207,300,,,,person:루주,6,기록 2 · 말함 223줄(32%) · 이름 21줄,기록 2 · 말함 86줄(3%) · 이름 14줄,,,
prereq,game-condition,3,ep:d_nikke_blanc_01,,ep:d_nikke_blanc_02,,char:270,char:270,208,208,,,,,,,,,,condition_scenario_group_id
prereq,game-condition,3,ep:d_nikke_blanc_02,,ep:d_nikke_blanc_03,,char:270,char:270,208,208,,,,,,,,,,condition_scenario_group_id
prereq,game-condition,3,ep:d_nikke_blanc_03,,ep:d_nikke_blanc_04,,char:270,char:270,208,208,,,,,,,,,,condition_scenario_group_id
prereq,game-condition,3,ep:d_nikke_blanc_04,,ep:d_nikke_blanc_05,,char:270,char:270,208,208,,,,,,,,,,condition_scenario_group_id
character,auto,2,ep:d_nikke_blanc_05,143,ep:d_nikke_noir_01,2,char:270,char:271,208,209,,,,person:누아르,7,기록 2 · 이름 7줄,기록 4 · 말함 360줄(96%) · 이름 65줄,,,
keyword,auto,1,ep:d_nikke_blanc_03,20,event_queensorder_prologue,20,char:270,event_queensorder,208,210,,,,place:방주,171,이름 6줄,기록 2 · 이름 25줄,,,흔한 대상
callback,record,3,ep:d_nikke_blanc_03,,event_dazzlingcupid_01_e,,char:270,event_dazzlingcupid,208,236,E1330,재언급,F947,,,,,확실,확정,
character,auto,2,ep:d_nikke_blanc_05,156,sub:코인_러시_00,0,char:270,sub:코인_러시_00,208,246,,,,person:블랑,6,기록 4 · 말함 303줄(87%) · 이름 52줄,기록 2 · 말함 24줄(31%) · 이름 4줄,,,
callback,record,2,ep:d_nikke_blanc_02,,event_goldencoinrush1_02_s,,char:270,event_goldencoinrush1,208,300,E1366,재언급,F948,,,,,추정,확정,
keyword,auto,2,ep:d_nikke_blanc_02,97,event_goldencoinrush1_prologue,3,char:270,event_goldencoinrush1,208,300,,,,org:777,4,이름 6줄,기록 3 · 이름 21줄,,,
callback,record,2,ep:d_nikke_blanc_05,,event_jinxplayer_05_e,,char:270,event_jinxplayer,208,325,E1613,재언급,Q133,,,,,추정,확정,
callback,record,3,ep:d_nikke_blanc_03,,event_secretgarden_03_e,,char:270,event_secretgarden,208,345,E1399,재언급,F947,,,,,확실,확정,
prereq,game-condition,3,ep:d_nikke_noir_01,,ep:d_nikke_noir_02,,char:271,char:271,209,209,,,,,,,,,,condition_scenario_group_id
prereq,game-condition,3,ep:d_nikke_noir_02,,ep:d_nikke_noir_03,,char:271,char:271,209,209,,,,,,,,,,condition_scenario_group_id
prereq,game-condition,3,ep:d_nikke_noir_03,,ep:d_nikke_noir_04,,char:271,char:271,209,209,,,,,,,,,,condition_scenario_group_id
prereq,game-condition,3,ep:d_nikke_noir_04,,ep:d_nikke_noir_05,,char:271,char:271,209,209,,,,,,,,,,condition_scenario_group_id
character,auto,2,ep:d_nikke_noir_05,105,sub:코인_러시_00,0,char:271,sub:코인_러시_00,209,246,,,,person:누아르,7,기록 4 · 말함 360줄(96%) · 이름 65줄,기록 2 · 말함 29줄(38%) · 이름 2줄,,,
callback,record,2,ep:d_nikke_noir_01,,event_goldencoinrush1_02_s,,char:271,event_goldencoinrush1,209,300,E1366,재언급,F949,,,,,추정,확정,
setup_payoff,record,3,event_queensorder_prologue,,event_queensorder_05_s,,event_queensorder,event_queensorder,210,210,E1313,암시,F954,,,,,확실,확정,
setup_payoff,record,2,event_queensorder_06_s,,event_queensorder_epilogue,,event_queensorder,event_queensorder,210,210,E1314,암시,F957,,,,,추정,확정,
callback,record,3,event_queensorder_intermission_01,,ep:d_nikke_rosanna_01,,event_queensorder,char:280,210,211,F950-2,드러냄,F950,,,,,확실,확정,
character,auto,2,event_queensorder_epilogue,78,ep:d_nikke_rosanna_01,1,event_queensorder,char:280,210,211,,,,person:로산나,9,기록 13 · 말함 530줄(78%) · 이름 86줄,기록 9 · 말함 439줄(100%) · 이름 18줄,,,
keyword,auto,2,event_queensorder_06_e,21,ep:d_nikke_rosanna_01,62,event_queensorder,char:280,210,211,,,,org:언더월드_퀸,9,기록 2 · 이름 7줄,기록 2 · 이름 4줄,,,
keyword,auto,2,event_queensorder_epilogue,54,ep:d_nikke_rosanna_01,10,event_queensorder,char:280,210,211,,,,org:헤도니아,6,기록 6 · 이름 17줄,기록 4 · 이름 10줄,,,
keyword,auto,1,event_queensorder_epilogue,35,event_bluewaterisland_prologue,7,event_queensorder,event_bluewaterisland,210,212,,,,place:방주,171,기록 2 · 이름 25줄,기록 5 · 이름 21줄,,,흔한 대상
character,auto,2,event_queensorder_06_e,21,d_main_23_02_s,6,event_queensorder,ch23,210,217,,,,person:머스탱,27,기록 2 · 이름 2줄,기록 3 · 말함 38줄(3%) · 이름 5줄,,,
character,auto,2,event_queensorder_epilogue,41,d_main_23_03_s,16,event_queensorder,ch23,210,217,,,,person:목단,9,기록 2 · 말함 23줄(3%) · 이름 8줄,기록 4 · 말함 127줄(11%) · 이름 8줄,,,
character,auto,2,event_queensorder_epilogue,41,d_main_23_03_e,16,event_queensorder,ch23,210,217,,,,person:사쿠라,10,기록 2 · 말함 86줄(13%) · 이름 21줄,기록 2 · 말함 28줄(2%) · 이름 5줄,,,
keyword,auto,1,event_queensorder_epilogue,35,d_main_23_02_s,54,event_queensorder,ch23,210,217,,,,org:중앙_정부,67,기록 1 · 이름 6줄,기록 2 · 이름 16줄,,,흔한 대상
keyword,auto,2,event_queensorder_epilogue,54,d_main_23_02_s,19,event_queensorder,ch23,210,217,,,,place:아우터_림,43,기록 5 · 이름 32줄,기록 7 · 이름 47줄,,,
keyword,auto,1,event_queensorder_epilogue,53,d_main_23_01_s,6,event_queensorder,ch23,210,217,,,,place:지상,132,기록 1 · 이름 5줄,이름 11줄,,,흔한 대상
callback,record,3,event_queensorder_05_e,,event_dirtybackyard_06_s,,event_queensorder,event_dirtybackyard,210,262,F953-2,드러냄,F953,,,,,확실,확정,
callback,record,2,event_queensorder_intermission_01,,event_beautyfullshot2_intermission,,event_queensorder,event_beautyfullshot1,210,305,E428,재언급,F950,,,,,추정,확정,
prereq,game-condition,3,ep:d_nikke_rosanna_01,,ep:d_nikke_rosanna_02,,char:280,char:280,211,211,,,,,,,,,,condition_scenario_group_id
prereq,game-condition,3,ep:d_nikke_rosanna_02,,ep:d_nikke_rosanna_03,,char:280,char:280,211,211,,,,,,,,,,condition_scenario_group_id
prereq,game-condition,3,ep:d_nikke_rosanna_03,,ep:d_nikke_rosanna_04,,char:280,char:280,211,211,,,,,,,,,,condition_scenario_group_id
prereq,game-condition,3,ep:d_nikke_rosanna_04,,ep:d_nikke_rosanna_05,,char:280,char:280,211,211,,,,,,,,,,condition_scenario_group_id
character,auto,2,ep:d_nikke_rosanna_05,137,d_main_23_03_e,16,char:280,ch23,211,217,,,,person:로산나,9,기록 9 · 말함 439줄(100%) · 이름 18줄,기록 2 · 말함 37줄(3%) · 이름 3줄,,,
keyword,auto,2,ep:d_nikke_rosanna_05,163,d_main_23_02_s,75,char:280,ch23,211,217,,,,org:언더월드_퀸,9,기록 2 · 이름 4줄,기록 2 · 이름 2줄,,,
keyword,auto,2,ep:d_nikke_rosanna_05,169,event_killthelord_02_e,106,char:280,event_killthelord,211,282,,,,org:헤도니아,6,기록 4 · 이름 10줄,이름 8줄,,,
character,game-condition,3,ep:d_nikke_rosanna_01,,fav:202001,,char:280,,211,,,,,,,,,,,애장품 소유: 로산나 (name_code 5045)
setup_payoff,record,2,event_bluewaterisland1_03_s,,event_bluewaterisland2_05_e,,event_bluewaterisland,event_bluewaterisland,212,212,E211,암시,F971,,,,,추정,확정,
setup_payoff,record,2,event_bluewaterisland1_05_e,,event_bluewaterisland2_03_s,,event_bluewaterisland,event_bluewaterisland,212,212,E213,암시,F972,,,,,추정,확정,
setup_payoff,record,3,event_bluewaterisland2_01_s,,event_bluewaterisland2_05_e,,event_bluewaterisland,event_bluewaterisland,212,212,E214,암시,F537-2,,,,,확실,확정,
setup_payoff,record,2,event_bluewaterisland2_02_s,,event_bluewaterisland2_03_s,,event_bluewaterisland,event_bluewaterisland,212,212,E215,암시,F972,,,,,추정,확정,
setup_payoff,record,2,event_bluewaterisland2_03_s,,event_bluewaterisland2_05_e,,event_bluewaterisland,event_bluewaterisland,212,212,E216,암시,F971,,,,,추정,확정,
character,auto,1,event_bluewaterisland2_epilogue,15,ep:d_nikke_Mary_BayGoddess_01,35,event_bluewaterisland,char:132,212,213,,,,person:네온,55,기록 1 · 말함 445줄(21%) · 이름 44줄,기록 1 · 말함 51줄(11%) · 이름 14줄,,,흔한 대상
character,auto,2,event_bluewaterisland2_epilogue,18,ep:d_nikke_Mary_BayGoddess_01,1,event_bluewaterisland,char:132,212,213,,,,person:메어리,9,기록 13 · 말함 714줄(33%) · 이름 57줄,기록 5 · 말함 337줄(69%) · 이름 37줄,,,
setup_payoff,record,2,event_bluewaterisland1_01_s,,ep:d_nikke_neon_blueocean_01,,event_bluewaterisland,char:14,212,214,E209,암시,F978,,,,,추정,확정,
character,auto,2,event_bluewaterisland2_06_e,65,ep:d_nikke_neon_blueocean_01,14,event_bluewaterisland,char:14,212,214,,,,person:리타,8,기록 3 · 말함 194줄(9%) · 이름 9줄,기록 1 · 말함 83줄(23%) · 이름 17줄,,,
keyword,auto,1,event_bluewaterisland2_06_e,133,event_nyanyaparadise_01_s,27,event_bluewaterisland,event_nyanyaparadise,212,215,,,,place:방주,171,기록 5 · 이름 21줄,기록 2 · 이름 9줄,,,흔한 대상
keyword,auto,1,event_bluewaterisland2_05_e,57,d_main_23_01_s,1,event_bluewaterisland,ch23,212,217,,,,concept:니케,186,기록 2 · 이름 13줄,이름 55줄,,,흔한 대상
keyword,auto,1,event_bluewaterisland2_epilogue,47,d_main_23_01_s,4,event_bluewaterisland,ch23,212,217,,,,concept:랩쳐,142,기록 2 · 이름 13줄,이름 60줄,,,흔한 대상
character,auto,2,event_bluewaterisland2_06_s,87,sub:상인연합_달란트_00,0,event_bluewaterisland,sub:상인연합_달란트_00,212,218,,,,person:얀,6,기록 2 · 말함 114줄(5%) · 이름 6줄,기록 1 · 말함 21줄(31%) · 이름 2줄,,,
keyword,auto,2,event_bluewaterisland1_intermission_01,20,event_goldenship_prologue,4,event_bluewaterisland,event_goldenship,212,224,,,,place:어드마이어_호,9,기록 1 · 이름 10줄,기록 2 · 이름 10줄,,,
sequel,manual,3,event_bluewaterisland2_epilogue,,event_seayouagain1_prologue,,event_bluewaterisland,event_seayouagain1,212,226,Y10,,,,,,,확실,확정,"seayouagain1은 bluewaterisland 에필로그에 남은 해저 거대 물체(Q135)를 확인하는 약속된 후속 임무로, 그 정체인 크라켄을 격추해 앞편이 남긴 일을 마저 끝낸다."
setup_payoff,record,3,event_bluewaterisland1_02_e,,event_seayouagain1_05_s,,event_bluewaterisland,event_seayouagain1,212,226,E210,암시,F1051,,,,,확실,확정,
setup_payoff,record,3,event_bluewaterisland2_epilogue,,event_seayouagain1_05_s,,event_bluewaterisland,event_seayouagain1,212,226,Q135-2,회수,Q135,,,,,확실,확정,전부 · 답 F1050
character,auto,2,event_bluewaterisland2_epilogue,55,event_seayouagain1_01_s,9,event_bluewaterisland,event_seayouagain1,212,226,,,,person:엔더슨,32,기록 2 · 말함 37줄(2%),기록 5 · 말함 70줄(3%) · 이름 8줄,,,
keyword,auto,2,event_bluewaterisland2_epilogue,41,event_seayouagain1_01_s,32,event_bluewaterisland,event_seayouagain1,212,226,,,,concept:크라켄,4,이름 9줄,기록 9 · 이름 79줄,,,
keyword,auto,2,event_bluewaterisland2_epilogue,41,event_seayouagain1_01_s,16,event_bluewaterisland,event_seayouagain1,212,226,,,,place:블루워터_아일랜드,2,기록 7 · 이름 3줄,기록 4 · 이름 3줄,,,
setup_payoff,record,2,event_bluewaterisland1_04_e,,event_claymore_01_s,,event_bluewaterisland,event_claymore,212,303,E212,암시,F1496,,,,,추정,확정,
callback,record,2,event_bluewaterisland2_03_s,,event_beautyfullshot1_05_e,,event_bluewaterisland,event_beautyfullshot1,212,305,E426,재언급,F972,,,,,추정,확정,
keyword,auto,2,event_bluewaterisland2_06_e,132,d_main_39_af_05,153,event_bluewaterisland,ch39,212,396,,,,place:리페어_센터,5,기록 4 · 이름 13줄,기록 2 · 이름 4줄,,,
prereq,game-condition,3,ep:d_nikke_Mary_BayGoddess_01,,ep:d_nikke_Mary_BayGoddess_02,,char:132,char:132,213,213,,,,,,,,,,condition_scenario_group_id
prereq,game-condition,3,ep:d_nikke_Mary_BayGoddess_02,,ep:d_nikke_Mary_BayGoddess_03,,char:132,char:132,213,213,,,,,,,,,,condition_scenario_group_id
prereq,game-condition,3,ep:d_nikke_Mary_BayGoddess_03,,ep:d_nikke_Mary_BayGoddess_04,,char:132,char:132,213,213,,,,,,,,,,condition_scenario_group_id
prereq,game-condition,3,ep:d_nikke_Mary_BayGoddess_04,,ep:d_nikke_Mary_BayGoddess_05,,char:132,char:132,213,213,,,,,,,,,,condition_scenario_group_id
character,auto,1,ep:d_nikke_Mary_BayGoddess_05,134,ep:d_nikke_neon_blueocean_01,2,char:132,char:14,213,214,,,,person:네온,55,기록 1 · 말함 51줄(11%) · 이름 14줄,기록 2 · 말함 265줄(74%) · 이름 42줄,,,흔한 대상
character,auto,2,ep:d_nikke_Mary_BayGoddess_05,135,event_goldencoinrush1_03_s,100,char:132,event_goldencoinrush1,213,300,,,,person:메어리,9,기록 5 · 말함 337줄(69%) · 이름 37줄,기록 3 · 말함 121줄(4%) · 이름 22줄,,,
prereq,game-condition,3,ep:d_nikke_neon_blueocean_01,,ep:d_nikke_neon_blueocean_02,,char:14,char:14,214,214,,,,,,,,,,condition_scenario_group_id
prereq,game-condition,3,ep:d_nikke_neon_blueocean_02,,ep:d_nikke_neon_blueocean_03,,char:14,char:14,214,214,,,,,,,,,,condition_scenario_group_id
prereq,game-condition,3,ep:d_nikke_neon_blueocean_03,,ep:d_nikke_neon_blueocean_04,,char:14,char:14,214,214,,,,,,,,,,condition_scenario_group_id
prereq,game-condition,3,ep:d_nikke_neon_blueocean_04,,ep:d_nikke_neon_blueocean_05,,char:14,char:14,214,214,,,,,,,,,,condition_scenario_group_id
character,auto,1,ep:d_nikke_neon_blueocean_05,128,sub:해결사_카페_스위티_00,25,char:14,sub:해결사_카페_스위티_00,214,222,,,,person:네온,55,기록 2 · 말함 265줄(74%) · 이름 42줄,말함 10줄(14%) · 이름 1줄,,,흔한 대상
character,auto,2,ep:d_nikke_neon_blueocean_05,26,event_seayouagain1_01_s,6,char:14,event_seayouagain1,214,226,,,,person:리타,8,기록 1 · 말함 83줄(23%) · 이름 17줄,기록 3 · 말함 90줄(4%) · 이름 12줄,,,
setup_payoff,record,2,event_nyanyaparadise_05_e,,ep:d_nikke_nero_04,,event_nyanyaparadise,char:380,215,216,E1605,암시,F982,,,,,추정,확정,
setup_payoff,record,2,event_nyanyaparadise_06_s,,ep:d_nikke_nero_04,,event_nyanyaparadise,char:380,215,216,E1606,암시,F982,,,,,추정,확정,
character,auto,2,event_nyanyaparadise_epilogue,27,ep:d_nikke_nero_01,12,event_nyanyaparadise,char:380,215,216,,,,person:네로,2,기록 7 · 말함 415줄(65%) · 이름 43줄,기록 4 · 말함 263줄(100%) · 이름 86줄,,,
keyword,auto,1,event_nyanyaparadise_05_e,15,d_main_23_01_s,4,event_nyanyaparadise,ch23,215,217,,,,place:방주,171,기록 2 · 이름 9줄,기록 7 · 이름 73줄,,,흔한 대상
prereq,game-condition,3,ep:d_nikke_nero_01,,ep:d_nikke_nero_02,,char:380,char:380,216,216,,,,,,,,,,condition_scenario_group_id
prereq,game-condition,3,ep:d_nikke_nero_02,,ep:d_nikke_nero_03,,char:380,char:380,216,216,,,,,,,,,,condition_scenario_group_id
prereq,game-condition,3,ep:d_nikke_nero_03,,ep:d_nikke_nero_04,,char:380,char:380,216,216,,,,,,,,,,condition_scenario_group_id
prereq,game-condition,3,ep:d_nikke_nero_04,,ep:d_nikke_nero_05,,char:380,char:380,216,216,,,,,,,,,,condition_scenario_group_id
setup_payoff,record,2,d_main_23_01_e,,d_main_23af_02,,ch23,ch23,217,217,E220,암시,F996,,,,,추정,확정,
setup_payoff,record,2,d_main_23_01_e,,d_main_23_08_e,,ch23,ch23,217,217,E221,암시,F995,,,,,추정,확정,
setup_payoff,record,3,d_main_23_08_s,,d_main_23_08_e,,ch23,ch23,217,217,E227,암시,F995,,,,,확실,확정,
setup_payoff,record,3,d_main_23_08_s,,d_main_23_11_e,,ch23,ch23,217,217,E228,암시,F998,,,,,확실,확정,
keyword,auto,1,d_main_23af_02,78,sub:콜렉터_02,13,ch23,sub:콜렉터_02,217,219,,,,concept:랩쳐,142,이름 60줄,이름 5줄,,,흔한 대상
keyword,auto,1,d_main_23af_02,46,sub:콜렉터_02,8,ch23,sub:콜렉터_02,217,219,,,,place:방주,171,기록 7 · 이름 73줄,기록 2 · 이름 4줄,,,흔한 대상
keyword,auto,2,d_main_23af_02,48,sub:콜렉터_02,12,ch23,sub:콜렉터_02,217,219,,,,place:아우터_림,43,기록 7 · 이름 47줄,기록 2 · 이름 3줄,,,
keyword,auto,1,d_main_23af_02,65,relic:필그림조우보고서_00,0,ch23,relic:필그림조우보고서,217,220,,,,concept:니케,186,이름 55줄,이름 5줄,,,흔한 대상
sequel,auto,3,d_main_23af_02,,d_main_24_01,,ch23,ch24,217,221,,,,,,,,,,다음 챕터
setup_payoff,record,3,d_main_23_01_e,,d_main_24_11,,ch23,ch24,217,221,E219,암시,F1031,,,,,확실,확정,
setup_payoff,record,3,d_main_23_02_e,,d_main_24_04,,ch23,ch24,217,221,E222,암시,F1009,,,,,확실,확정,
setup_payoff,record,2,d_main_23_05_e,,d_main_24_07_s,,ch23,ch24,217,221,E224,암시,F1015,,,,,추정,확정,
setup_payoff,record,2,d_main_23_06_s,,d_main_24_07_s,,ch23,ch24,217,221,E225,암시,F1015,,,,,추정,확정,
setup_payoff,record,2,d_main_23_08_s,,d_main_24_09,,ch23,ch24,217,221,E229,암시,F1019,,,,,추정,확정,
setup_payoff,record,2,d_main_23_09_e,,d_main_24_06_s,,ch23,ch24,217,221,E230,암시,F1014,,,,,추정,확정,
setup_payoff,record,2,d_main_23_11_e,,d_main_24_07_s,,ch23,ch24,217,221,E231,암시,F1015,,,,,추정,확정,
setup_payoff,record,3,d_main_23_01_e,,d_main_24_11,,ch23,ch24,217,221,Q137-2,회수,Q137,,,,,확실,확정,일부 · 답 F1028
setup_payoff,record,3,d_main_23_11_e,,d_main_24_06_s,,ch23,ch24,217,221,Q139-2,회수,Q139,,,,,확실,확정,전부 · 답 F1014
setup_payoff,record,3,d_main_23_11_e,,d_main_24_05_s,,ch23,ch24,217,221,Q140-2,회수,Q140,,,,,확실,확정,전부 · 답 F1012
character,auto,2,d_main_23_07_e,6,d_main_24_07_s,16,ch23,ch24,217,221,,,,person:E.H.,10,기록 3 · 이름 12줄,기록 7 · 말함 38줄(3%) · 이름 3줄,,,
character,auto,2,d_main_23_01_e,80,d_main_24_11,6,ch23,ch24,217,221,,,,person:니힐리스타,11,기록 2 · 이름 4줄,기록 6 · 말함 53줄(4%) · 이름 18줄,,,
character,auto,2,d_main_23af_01,58,d_main_24_10,107,ch23,ch24,217,221,,,,person:도로시,31,기록 3 · 말함 56줄(5%) · 이름 6줄,기록 11 · 말함 95줄(6%) · 이름 27줄,,,
character,auto,2,d_main_23af_02,48,d_main_24_04,3,ch23,ch24,217,221,,,,person:도반,8,기록 5 · 말함 14줄(1%) · 이름 27줄,기록 2 · 말함 32줄(2%) · 이름 7줄,,,
character,auto,2,d_main_23af_02,3,d_main_24_01,35,ch23,ch24,217,221,,,,person:디젤,7,기록 2 · 말함 20줄(2%) · 이름 2줄,기록 4 · 말함 62줄(4%) · 이름 9줄,,,
character,auto,2,d_main_23_11_e,36,d_main_24_02,144,ch23,ch24,217,221,,,,person:바이퍼,11,기록 7 · 말함 104줄(9%) · 이름 27줄,기록 10 · 말함 131줄(9%) · 이름 22줄,,,
character,auto,2,d_main_23af_02,81,d_main_24_11,2,ch23,ch24,217,221,,,,person:버닝엄,14,기록 2 · 말함 44줄(4%) · 이름 2줄,기록 4 · 말함 83줄(6%) · 이름 1줄,,,
character,auto,2,d_main_23_07_e,80,d_main_24_04,3,ch23,ch24,217,221,,,,person:사쿠라,10,기록 2 · 말함 28줄(2%) · 이름 5줄,기록 2 · 말함 13줄(1%) · 이름 2줄,,,
character,auto,2,d_main_23af_02,64,d_main_24_03,29,ch23,ch24,217,221,,,,person:슈엔,30,기록 3 · 말함 60줄(5%) · 이름 11줄,기록 8 · 말함 74줄(5%) · 이름 46줄,,,
character,auto,2,d_main_23af_02,37,d_main_24_09,2,ch23,ch24,217,221,,,,person:에닉,22,기록 3 · 말함 21줄(2%) · 이름 12줄,기록 10 · 말함 103줄(7%) · 이름 17줄,,,
character,auto,2,d_main_23_11_e,78,d_main_24_03,25,ch23,ch24,217,221,,,,person:유니,13,기록 4 · 말함 39줄(3%) · 이름 20줄,기록 8 · 말함 99줄(7%) · 이름 45줄,,,
character,auto,2,d_main_23af_02,75,d_main_24_03,29,ch23,ch24,217,221,,,,person:잉그리드,37,기록 3 · 말함 52줄(4%),기록 8 · 말함 82줄(6%) · 이름 5줄,,,
character,auto,2,d_main_23_11_e,37,d_main_24_02,152,ch23,ch24,217,221,,,,person:자칼,7,기록 3 · 말함 22줄(2%) · 이름 20줄,기록 5 · 말함 32줄(2%) · 이름 14줄,,,
character,auto,2,d_main_23_11_e,91,d_main_24_01,13,ch23,ch24,217,221,,,,person:크로우,9,기록 12 · 말함 154줄(13%) · 이름 17줄,기록 17 · 말함 177줄(12%) · 이름 57줄,,,
keyword,auto,2,d_main_23_11_e,77,d_main_24_03,27,ch23,ch24,217,221,,,,concept:언체인드,25,기록 2 · 이름 4줄,기록 3 · 이름 7줄,,,
keyword,auto,2,d_main_23af_01,15,d_main_24_10,107,ch23,ch24,217,221,,,,concept:헬레틱,40,이름 9줄,기록 1 · 이름 20줄,,,
keyword,auto,2,d_main_23af_02,65,d_main_24_03,2,ch23,ch24,217,221,,,,org:미실리스,32,기록 3 · 이름 18줄,기록 1 · 이름 26줄,,,
keyword,auto,2,d_main_23af_02,68,d_main_24_02,17,ch23,ch24,217,221,,,,org:이그조틱,14,기록 4 · 이름 30줄,기록 3 · 이름 9줄,,,
keyword,auto,1,d_main_23af_02,77,d_main_24_01,2,ch23,ch24,217,221,,,,org:중앙_정부,67,기록 2 · 이름 16줄,기록 4 · 이름 36줄,,,흔한 대상
keyword,auto,2,d_main_23af_02,79,d_main_24_04,107,ch23,ch24,217,221,,,,org:필그림,21,이름 8줄,기록 1 · 이름 8줄,,,
keyword,auto,2,d_main_23af_02,3,d_main_24_01,3,ch23,ch24,217,221,,,,place:쉘터,4,기록 3,기록 2,,,
keyword,auto,2,d_main_23_05_s,38,d_main_24_11,51,ch23,ch24,217,221,,,,place:에덴,25,기록 1 · 이름 5줄,기록 1 · 이름 9줄,,,
keyword,auto,1,d_main_23af_01,41,d_main_24_04,94,ch23,ch24,217,221,,,,place:지상,132,이름 11줄,이름 17줄,,,흔한 대상
keyword,auto,2,d_main_23_07_e,41,ep:d_nikke_ce_02_03_01,37,ch23,char:812,217,232,,,,concept:양산형_니케,26,기록 1 · 이름 7줄,기록 1 · 이름 18줄,,,
setup_payoff,record,3,d_main_23_02_s,,d_main_24af_04,,ch23,ch25,217,241,Q136-2,회수,Q136,,,,,확실,확정,일부 · 답 F1095
setup_payoff,record,2,d_main_23af_02,,d_main_24af_06,,ch23,ch25,217,241,Q141-2,회수,Q141,,,,,추정,확정,일부 · 답 F1100
keyword,auto,2,d_main_23af_01,52,d_main_25_04,101,ch23,ch25,217,241,,,,org:갓데스,30,기록 3 · 이름 6줄,기록 5 · 이름 3줄,,,
setup_payoff,record,2,d_main_23af_02,,erelic:red_ash_mini_07,,ch23,erelic:red_ash_mini,217,250,Q141-3,회수,Q141,,,,,추정,확정,일부 · 답 F1190
character,auto,2,d_main_23_10_e,79,event_lionheart_prologue,0,ch23,event_lionheart,217,260,,,,person:길로틴,6,기록 2 · 말함 51줄(4%) · 이름 9줄,기록 3 · 말함 59줄(6%) · 이름 26줄,,,
character,auto,2,d_main_23af_02,52,event_lionheart_03_s,22,ch23,event_lionheart,217,260,,,,person:머스탱,27,기록 3 · 말함 38줄(3%) · 이름 5줄,기록 4 · 말함 56줄(5%) · 이름 3줄,,,
character,auto,2,d_main_23_07_e,109,event_dirtybackyard_prologue,0,ch23,event_dirtybackyard,217,262,,,,person:목단,9,기록 4 · 말함 127줄(11%) · 이름 8줄,기록 13 · 말함 419줄(50%) · 이름 73줄,,,
keyword,auto,2,d_main_23_07_e,88,event_dirtybackyard_05_e,0,ch23,event_dirtybackyard,217,262,,,,org:언더월드_퀸,9,기록 2 · 이름 2줄,기록 2 · 이름 3줄,,,
keyword,auto,2,d_main_23_11_e,59,event_perfectmaid_01_e,40,ch23,event_perfectmaid,217,264,,,,org:메티스,21,기록 1 · 이름 9줄,이름 6줄,,,
character,auto,2,d_main_23_07_e,80,event_killthelord_02_e,69,ch23,event_killthelord,217,282,,,,person:로산나,9,기록 2 · 말함 37줄(3%) · 이름 3줄,기록 5 · 말함 137줄(15%) · 이름 20줄,,,
callback,record,3,d_main_23_08_e,,side:wordless_00,,ch23,side:wordless,217,331,E469,재언급,F995,,,,,확실,확정,
keyword,auto,2,d_main_23_10_e,54,event_icedragonsaga1_02_e,80,ch23,event_icedragonsaga1,217,347,,,,org:익스터너,5,기록 2 · 이름 3줄,기록 4 · 이름 20줄,,,
callback,record,3,d_main_23_01_e,,fl:boom_the_ghost_03,,ch23,fl:boom_the_ghost,217,393,E783,재언급,F983,,,,,확실,확정,
callback,record,3,d_main_23_02_s,,d_main_41_af_06,,ch23,ch41,217,414,E904,재언급,F985,,,,,확실,확정,
callback,record,3,d_main_23_02_s,,d_main_42_af_03,,ch23,ch42,217,416,E922,재언급,F985,,,,,확실,확정,
setup_payoff,record,3,d_main_23af_02,,erelic:goddess_fall_mini_07,,ch23,erelic:goddess_fall_mini,217,419,Q141-4,회수,Q141,,,,,확실,확정,일부 · 답 F2332
keyword,auto,2,d_main_23_05_e,5,d_main_43_04,50,ch23,ch43,217,434,,,,org:엔터_헤븐,9,기록 2 · 이름 10줄,기록 2 · 이름 4줄,,,
setup_payoff,record,2,d_main_23_07_s,,d_main_44_af_05,,ch23,ch44,217,436,E226,암시,F2449,,,,,추정,확정,
setup_payoff,record,3,d_main_23af_02,,d_main_44_af_03,,ch23,ch44,217,436,Q141-5,회수,Q141,,,,,확실,확정,전부 · 답 F2444
callback,record,3,d_main_23_08_s,,fl:ark_ranger_07,,ch23,fl:ark_ranger,217,462,E1170,재언급,F993,,,,,확실,확정,
character,auto,1,sub:상인연합_달란트_00,52,sub:해결사_카페_스위티_00,26,sub:상인연합_달란트_00,sub:해결사_카페_스위티_00,218,222,,,,person:아니스,119,말함 10줄(15%),말함 11줄(16%),,,흔한 대상
keyword,auto,2,sub:상인연합_달란트_00,54,event_goldencoinrush1_03_s,100,sub:상인연합_달란트_00,event_goldencoinrush1,218,300,,,,org:달란트,4,기록 2 · 이름 5줄,기록 2 · 이름 7줄,,,
character,auto,2,sub:상인연합_달란트_00,80,event_juveniledays_02_s,23,sub:상인연합_달란트_00,event_juveniledays,218,317,,,,person:루피,7,기록 1 · 말함 13줄(19%) · 이름 2줄,기록 2 · 말함 95줄(9%) · 이름 17줄,,,
character,auto,2,sub:상인연합_달란트_00,76,fl:boom_the_ghost_00,7,sub:상인연합_달란트_00,fl:boom_the_ghost,218,393,,,,person:얀,6,기록 1 · 말함 21줄(31%) · 이름 2줄,기록 2 · 말함 139줄(6%) · 이름 8줄,,,
character,auto,1,sub:콜렉터_02,52,d_main_24_03,30,sub:콜렉터_02,ch24,219,221,,,,person:라피,85,말함 8줄(11%),기록 9 · 말함 90줄(6%) · 이름 32줄,,,흔한 대상
keyword,auto,1,sub:콜렉터_02,50,d_main_24_01,3,sub:콜렉터_02,ch24,219,221,,,,concept:랩쳐,142,이름 5줄,이름 18줄,,,흔한 대상
keyword,auto,1,sub:콜렉터_02,64,d_main_24_01,3,sub:콜렉터_02,ch24,219,221,,,,place:방주,171,기록 2 · 이름 4줄,기록 7 · 이름 94줄,,,흔한 대상
keyword,auto,2,sub:콜렉터_02,46,d_main_24_04,0,sub:콜렉터_02,ch24,219,221,,,,place:아우터_림,43,기록 2 · 이름 3줄,기록 2 · 이름 9줄,,,
setup_payoff,record,3,sub:콜렉터_02,,relic:긴급뉴스대본_FB_3_final_2.pdf_00,,sub:콜렉터_02,relic:긴급뉴스대본_FB_3_final_2.pdf,219,223,E233,암시,F1041,,,,,확실,확정,
keyword,auto,1,relic:필그림조우보고서_04,2,d_main_24_01,5,relic:필그림조우보고서,ch24,220,221,,,,concept:니케,186,이름 5줄,기록 6 · 이름 40줄,,,흔한 대상
keyword,auto,1,d_main_24_11,0,sub:해결사_카페_스위티_00,1,ch24,sub:해결사_카페_스위티_00,221,222,,,,org:중앙_정부,67,기록 4 · 이름 36줄,기록 2 · 이름 4줄,,,흔한 대상
callback,record,3,d_main_24_01,,relic:긴급뉴스대본_FB_3_final_2.pdf_03,,ch24,relic:긴급뉴스대본_FB_3_final_2.pdf,221,223,E245,재언급,F1004,,,,,확실,확정,
keyword,auto,1,d_main_24af_02,13,relic:긴급뉴스대본_FB_3_final_2.pdf_00,0,ch24,relic:긴급뉴스대본_FB_3_final_2.pdf,221,223,,,,concept:랩쳐,142,이름 18줄,이름 6줄,,,흔한 대상
keyword,auto,1,d_main_24af_03,27,relic:긴급뉴스대본_FB_3_final_2.pdf_00,0,ch24,relic:긴급뉴스대본_FB_3_final_2.pdf,221,223,,,,place:방주,171,기록 7 · 이름 94줄,기록 2 · 이름 7줄,,,흔한 대상
keyword,auto,1,d_main_24af_02,24,event_goldenship_01_s,85,ch24,event_goldenship,221,224,,,,concept:니케,186,기록 6 · 이름 40줄,이름 5줄,,,흔한 대상
keyword,auto,1,d_main_24af_03,0,event_goldenship_prologue,19,ch24,event_goldenship,221,224,,,,place:지상,132,이름 17줄,이름 21줄,,,흔한 대상
character,auto,2,d_main_24af_01,46,event_seayouagain1_01_s,16,ch24,event_seayouagain1,221,226,,,,person:버닝엄,14,기록 4 · 말함 83줄(6%) · 이름 1줄,기록 6 · 말함 46줄(2%) · 이름 6줄,,,
character,auto,2,d_main_24af_01,74,ep:d_nikke_anchor_04,1,ch24,char:351,221,228,,,,person:잉그리드,37,기록 8 · 말함 82줄(6%) · 이름 5줄,기록 1 · 말함 88줄(21%) · 이름 4줄,,,
character,auto,1,d_main_24af_03,71,event_firstaffection_03,2,ch24,event_firstaffection,221,230,,,,person:라피,85,기록 9 · 말함 90줄(6%) · 이름 32줄,기록 1 · 말함 31줄(12%) · 이름 2줄,,,흔한 대상
keyword,auto,2,d_main_24af_01,13,event_schooloflock_01_s,4,ch24,event_schooloflock,221,234,,,,org:M.M.R.,12,기록 4 · 이름 18줄,기록 5 · 이름 12줄,,,
keyword,auto,2,d_main_24af_02,25,event_freezeacpu_prologue,0,ch24,event_freezeacpu,221,239,,,,org:카운터스,32,기록 3 · 이름 2줄,기록 2 · 이름 6줄,,,
sequel,auto,3,d_main_24af_03,,d_main_24af_04,,ch24,ch25,221,241,,,,,,,,,,다음 챕터
setup_payoff,record,2,d_main_24_10,,d_main_24af_06,,ch24,ch25,221,241,E241,암시,F1100,,,,,추정,확정,
setup_payoff,record,2,d_main_24_14_e,,d_main_25_08_e,,ch24,ch25,221,241,E243,암시,F1109,,,,,추정,확정,
callback,record,2,d_main_24af_01,,d_main_25_04,,ch24,ch25,221,241,E258,재언급,Q144,,,,,추정,확정,
character,auto,2,d_main_24af_03,55,d_main_24af_05,16,ch24,ch25,221,241,,,,person:니힐리스타,11,기록 6 · 말함 53줄(4%) · 이름 18줄,기록 4 · 말함 27줄(3%) · 이름 18줄,,,
character,auto,2,d_main_24af_01,53,d_main_24af_05,13,ch24,ch25,221,241,,,,person:도로시,31,기록 11 · 말함 95줄(6%) · 이름 27줄,기록 19 · 말함 247줄(23%) · 이름 40줄,,,
character,auto,2,d_main_24_09,61,d_main_25_04,2,ch24,ch25,221,241,,,,person:도반,8,기록 2 · 말함 32줄(2%) · 이름 7줄,기록 3 · 말함 43줄(4%) · 이름 1줄,,,
character,auto,2,d_main_24af_03,73,d_main_25_03_s,15,ch24,ch25,221,241,,,,person:레드_후드,26,기록 4 · 이름 2줄,기록 5 · 말함 38줄(4%) · 이름 6줄,,,
character,auto,2,d_main_24af_02,27,d_main_24af_06,33,ch24,ch25,221,241,,,,person:슈엔,30,기록 8 · 말함 74줄(5%) · 이름 46줄,기록 3 · 말함 49줄(5%) · 이름 14줄,,,
character,auto,2,d_main_24af_02,21,d_main_24af_06,79,ch24,ch25,221,241,,,,person:에닉,22,기록 10 · 말함 103줄(7%) · 이름 17줄,기록 6 · 말함 43줄(4%) · 이름 9줄,,,
character,auto,2,d_main_24af_03,53,d_main_24af_05,8,ch24,ch25,221,241,,,,person:인디빌리아,9,기록 5 · 말함 24줄(2%) · 이름 12줄,기록 2 · 이름 7줄,,,
character,auto,2,d_main_24af_03,54,d_main_24af_05,16,ch24,ch25,221,241,,,,person:토커티브,15,기록 5 · 말함 26줄(2%) · 이름 11줄,기록 2 · 이름 9줄,,,
keyword,auto,2,d_main_24af_01,26,d_main_24af_04,42,ch24,ch25,221,241,,,,concept:헬레틱,40,기록 1 · 이름 20줄,기록 1 · 이름 15줄,,,
keyword,auto,2,d_main_24af_02,24,d_main_24af_06,79,ch24,ch25,221,241,,,,org:미실리스,32,기록 1 · 이름 26줄,기록 2 · 이름 5줄,,,
keyword,auto,2,d_main_24af_01,56,d_main_24af_04,33,ch24,ch25,221,241,,,,org:필그림,21,기록 1 · 이름 8줄,기록 1 · 이름 14줄,,,
keyword,auto,2,d_main_24_13,6,d_main_24af_04,38,ch24,ch25,221,241,,,,place:에덴,25,기록 1 · 이름 9줄,기록 4 · 이름 12줄,,,
keyword,auto,2,d_main_24_09,83,sub:중앙정부_프로토콜_00,15,ch24,sub:중앙정부_프로토콜_00,221,242,,,,place:쉘터,4,기록 2,기록 2,,,
setup_payoff,record,2,d_main_24_11,,d_main_26_07_e,,ch24,ch26,221,244,E242,암시,Q150,,,,,추정,확정,
setup_payoff,record,2,d_main_24_14_e,,d_main_26_02_s,,ch24,ch26,221,244,E243,암시,Q151,,,,,추정,확정,
setup_payoff,record,3,d_main_24af_01,,d_main_26_01_e,,ch24,ch26,221,244,Q145-2,회수,Q145,,,,,확실,확정,일부 · 답 F1115
keyword,auto,2,d_main_24_09,70,sub:코인_러시_00,10,ch24,sub:코인_러시_00,221,246,,,,org:테트라,13,기록 2 · 이름 2줄,기록 2 · 이름 1줄,,,
character,auto,2,d_main_24_09,69,event_dirtybackyard_01_s,28,ch24,event_dirtybackyard,221,262,,,,person:사쿠라,10,기록 2 · 말함 13줄(1%) · 이름 2줄,기록 2 · 말함 23줄(3%) · 이름 3줄,,,
keyword,auto,2,d_main_24_10,88,event_dirtybackyard_prologue,6,ch24,event_dirtybackyard,221,262,,,,place:아우터_림,43,기록 2 · 이름 9줄,기록 8 · 이름 26줄,,,
character,auto,2,d_main_24_03,21,ep:d_nikke_ce_003_02_02,8,ch24,char:821,221,285,,,,person:디젤,7,기록 4 · 말함 62줄(4%) · 이름 9줄,기록 1 · 말함 77줄(30%) · 이름 9줄,,,
character,auto,2,d_main_24_03,14,ep:d_nikke_ce_003_01_01,56,ch24,char:820,221,286,,,,person:솔린,9,기록 2 · 말함 38줄(3%) · 이름 9줄,기록 2 · 말함 124줄(45%) · 이름 34줄,,,
keyword,auto,2,d_main_24_14_s,1,side:second_affection_13,34,ch24,side:second_affection,221,288,,,,concept:에블라_입자,9,기록 1 · 이름 6줄,기록 2 · 이름 2줄,,,
keyword,auto,2,d_main_24_14_e,29,event_darkhero_02_s,60,ch24,event_darkhero,221,298,,,,concept:마테리얼_H,3,기록 2 · 이름 5줄,기록 4 · 이름 5줄,,,
callback,record,3,d_main_24_08_s,,event_beautyfullshot2_03_e,,ch24,event_beautyfullshot1,221,305,E429,재언급,F1016,,,,,확실,확정,
callback,record,2,d_main_24_07_s,,event_beautyfullshot2_05_s,,ch24,event_beautyfullshot1,221,305,E430,재언급,F1015,,,,,추정,확정,
character,auto,2,d_main_24_10,80,event_beautyfullshot1_prologue,35,ch24,event_beautyfullshot1,221,305,,,,person:바이퍼,11,기록 10 · 말함 131줄(9%) · 이름 22줄,기록 8 · 말함 372줄(18%) · 이름 51줄,,,
character,auto,2,d_main_24_10,79,event_beautyfullshot1_prologue,38,ch24,event_beautyfullshot1,221,305,,,,person:자칼,7,기록 5 · 말함 32줄(2%) · 이름 14줄,기록 4 · 말함 107줄(5%) · 이름 24줄,,,
keyword,auto,2,d_main_24af_02,14,event_beautyfullshot2_03_e,0,ch24,event_beautyfullshot1,221,305,,,,org:이그조틱,14,기록 3 · 이름 9줄,기록 3 · 이름 1줄,,,
keyword,auto,2,d_main_24_13,72,d_main_32_03,1,ch24,ch32,221,310,,,,concept:언체인드,25,기록 3 · 이름 7줄,기록 3 · 이름 3줄,,,
callback,record,3,d_main_24_06_s,,side:wordless_09,,ch24,side:wordless,221,331,E470,재언급,F1013,,,,,확실,확정,
character,auto,2,d_main_24_09,98,side:wordless_00,8,ch24,side:wordless,221,331,,,,person:미하라,14,기록 5 · 말함 22줄(1%) · 이름 19줄,기록 13 · 말함 469줄(45%) · 이름 75줄,,,
character,auto,2,d_main_24_09,117,side:wordless_00,0,ch24,side:wordless,221,331,,,,person:유니,13,기록 8 · 말함 99줄(7%) · 이름 45줄,기록 14 · 말함 151줄(15%) · 이름 138줄,,,
keyword,auto,2,d_main_24af_02,23,side:wordless_01,7,ch24,side:wordless,221,331,,,,concept:NIMPH,24,기록 7 · 이름 10줄,기록 2 · 이름 9줄,,,
callback,record,3,d_main_24_14_e,,d_main_33_08,,ch24,ch33,221,334,E486,재언급,F1034,,,,,확실,확정,
setup_payoff,record,3,d_main_24af_01,,event_footstepwalkrun2_06_e,,ch24,event_footstepwalkrun1,221,350,Q145-3,회수,Q145,,,,,확실,확정,전부 · 답 F1763
setup_payoff,record,3,d_main_24_06_s,,event_wisdomspring_01_s,,ch24,event_wisdomspring,221,353,E238,암시,F1772,,,,,확실,확정,
callback,record,3,d_main_24_06_s,,d_main_35_07,,ch24,ch35,221,358,E606,재언급,F1013,,,,,확실,확정,
callback,record,3,d_main_24af_02,,d_main_35_07,,ch24,ch35,221,358,E607,재언급,F1037,,,,,확실,확정,
callback,record,3,d_main_24af_02,,d_main_36_04,,ch24,ch36,221,360,E629,재언급,F1037,,,,,확실,확정,
setup_payoff,record,2,d_main_24_11,,d_main_37_03,,ch24,ch37,221,373,E242,암시,Q150,,,,,추정,확정,
callback,record,3,d_main_24_06_s,,event_unbreakablesphere2_03_s,,ch24,event_unbreakablesphere1,221,377,E700,재언급,F1013,,,,,확실,확정,
callback,record,3,d_main_24_06_s,,event_unbreakablesphere2_03_e,,ch24,event_unbreakablesphere1,221,377,E701,재언급,F1013,,,,,확실,확정,
setup_payoff,record,2,d_main_24_11,,fl:boom_the_ghost_27,,ch24,fl:boom_the_ghost,221,393,E242,암시,Q150,,,,,추정,확정,
callback,record,3,d_main_24_10,,d_main_39_af_02,,ch24,ch39,221,396,E804,재언급,F1024,,,,,확실,확정,
character,auto,2,d_main_24_10,58,d_main_39_af_01,88,ch24,ch39,221,396,,,,person:E.H.,10,기록 7 · 말함 38줄(3%) · 이름 3줄,기록 5 · 말함 115줄(7%) · 이름 17줄,,,
callback,record,3,d_main_24_12,,fl:absolute_00,,ch24,fl:absolute,221,400,E830,재언급,F1030,,,,,확실,확정,
callback,record,3,d_main_24_12,,fl:absolute_09,,ch24,fl:absolute,221,400,E840,재언급,F1030,,,,,확실,확정,
callback,record,3,d_main_24_13,,side:eden_spear_01,,ch24,side:eden_spear,221,411,E887,재언급,F1032,,,,,확실,확정,
callback,record,3,d_main_24_14_e,,side:eden_spear_01,,ch24,side:eden_spear,221,411,E887,재언급,F1034,,,,,확실,확정,
keyword,auto,2,d_main_24_13,55,side:eden_spear_01,123,ch24,side:eden_spear,221,411,,,,item:아틀라스_케이지,2,이름 5줄,기록 2 · 이름 10줄,,,
setup_payoff,record,2,d_main_24_11,,event_goddessfall2_epilogue,,ch24,event_goddessfall1,221,418,E242,암시,Q150,,,,,추정,확정,
keyword,auto,2,d_main_24_02,99,fl:blank_ticket_03,101,ch24,fl:blank_ticket,221,423,,,,org:인피니티_레일,5,기록 3 · 이름 1줄,기록 3 · 이름 1줄,,,
setup_payoff,record,2,d_main_24_11,,d_main_44_af_02,,ch24,ch44,221,436,E242,암시,Q150,,,,,추정,확정,
callback,record,3,d_main_24_08_e,,d_main_44_af_09,,ch24,ch44,221,436,E1035,재언급,F1017,,,,,확실,확정,
setup_payoff,record,3,d_main_24_10,,fl:enter_heaven_06,,ch24,fl:enter_heaven,221,442,E240,암시,F2490,,,,,확실,확정,
callback,record,3,d_main_24_07_s,,fl:enter_heaven_12,,ch24,fl:enter_heaven,221,442,E1042,재언급,F1015,,,,,확실,확정,
callback,record,3,d_main_24_02,,fl:enter_heaven_10,,ch24,fl:enter_heaven,221,442,F1006-2,드러냄,F1006,,,,,확실,확정,
character,auto,2,d_main_24_09,127,fl:enter_heaven_01,6,ch24,fl:enter_heaven,221,442,,,,person:크로우,9,기록 17 · 말함 177줄(12%) · 이름 57줄,기록 7 · 말함 91줄(9%) · 이름 14줄,,,
keyword,auto,2,d_main_24af_02,14,fl:enter_heaven_01,19,ch24,fl:enter_heaven,221,442,,,,incident:방주_테러,3,기록 3 · 이름 8줄,이름 7줄,,,
setup_payoff,record,2,d_main_24_11,,d_main_46_af_04,,ch24,ch46,221,452,E242,암시,F2643,,,,,추정,확정,
keyword,auto,1,sub:해결사_카페_스위티_00,88,relic:긴급뉴스대본_FB_3_final_2.pdf_00,0,sub:해결사_카페_스위티_00,relic:긴급뉴스대본_FB_3_final_2.pdf,222,223,,,,org:중앙_정부,67,기록 2 · 이름 4줄,기록 3 · 이름 6줄,,,흔한 대상
character,auto,2,sub:해결사_카페_스위티_00,91,event_goldenship_prologue,7,sub:해결사_카페_스위티_00,event_goldenship,222,224,,,,person:프림,7,기록 1 · 말함 10줄(14%) · 이름 6줄,기록 2 · 말함 114줄(16%) · 이름 28줄,,,
character,auto,1,sub:해결사_카페_스위티_00,65,event_seayouagain1_01_e,0,sub:해결사_카페_스위티_00,event_seayouagain1,222,226,,,,person:아니스,119,말함 11줄(16%),기록 3 · 말함 586줄(26%) · 이름 50줄,,,흔한 대상
character,auto,1,sub:해결사_카페_스위티_00,64,event_firstaffection_03,2,sub:해결사_카페_스위티_00,event_firstaffection,222,230,,,,person:네온,55,말함 10줄(14%) · 이름 1줄,말함 27줄(11%) · 이름 6줄,,,흔한 대상
character,auto,2,sub:해결사_카페_스위티_00,88,event_goldencoinrush1_03_s,404,sub:해결사_카페_스위티_00,event_goldencoinrush1,222,300,,,,person:밀크,10,기록 1 · 말함 31줄(45%) · 이름 4줄,기록 3 · 말함 109줄(4%) · 이름 26줄,,,
keyword,auto,2,sub:해결사_카페_스위티_00,66,event_goldencoinrush1_03_s,100,sub:해결사_카페_스위티_00,event_goldencoinrush1,222,300,,,,org:카페_스위티,4,기록 2 · 이름 4줄,기록 2 · 이름 5줄,,,
keyword,auto,1,relic:긴급뉴스대본_FB_3_final_2.pdf_04,0,event_goldenship_02_s,11,relic:긴급뉴스대본_FB_3_final_2.pdf,event_goldenship,223,224,,,,concept:랩쳐,142,이름 6줄,이름 14줄,,,흔한 대상
keyword,auto,1,relic:긴급뉴스대본_FB_3_final_2.pdf_04,1,event_goldenship_01_s,100,relic:긴급뉴스대본_FB_3_final_2.pdf,event_goldenship,223,224,,,,place:방주,171,기록 2 · 이름 7줄,이름 6줄,,,흔한 대상
keyword,auto,1,relic:긴급뉴스대본_FB_3_final_2.pdf_04,0,d_main_24af_04,33,relic:긴급뉴스대본_FB_3_final_2.pdf,ch25,223,241,,,,org:중앙_정부,67,기록 3 · 이름 6줄,기록 6 · 이름 10줄,,,흔한 대상
character,auto,2,event_goldenship_epilogue,39,ep:d_nikke_mast_01,11,event_goldenship,char:350,224,225,,,,person:마스트,9,기록 5 · 말함 403줄(57%) · 이름 64줄,기록 5 · 말함 291줄(89%) · 이름 35줄,,,
keyword,auto,1,event_goldenship_epilogue,36,ep:d_nikke_mast_01,11,event_goldenship,char:350,224,225,,,,place:지상,132,이름 21줄,기록 1 · 이름 8줄,,,흔한 대상
character,auto,2,event_goldenship_epilogue,35,event_seayouagain1_01_s,16,event_goldenship,event_seayouagain1,224,226,,,,person:앵커,5,기록 3 · 말함 158줄(22%) · 이름 30줄,기록 4 · 말함 113줄(5%) · 이름 22줄,,,
keyword,auto,1,event_goldenship_04_s,81,event_seayouagain1_01_s,40,event_goldenship,event_seayouagain1,224,226,,,,concept:니케,186,이름 5줄,이름 8줄,,,흔한 대상
keyword,auto,1,event_goldenship_04_e,25,event_seayouagain1_01_s,32,event_goldenship,event_seayouagain1,224,226,,,,concept:랩쳐,142,이름 14줄,기록 1 · 이름 30줄,,,흔한 대상
keyword,auto,1,event_goldenship_03_e,88,event_seayouagain1_01_s,7,event_goldenship,event_seayouagain1,224,226,,,,place:방주,171,이름 6줄,이름 9줄,,,흔한 대상
keyword,auto,2,event_goldenship_epilogue,22,event_seayouagain1_prologue,0,event_goldenship,event_seayouagain1,224,226,,,,place:어드마이어_호,9,기록 2 · 이름 10줄,기록 12 · 이름 203줄,,,
character,auto,2,event_goldenship_04_e,57,d_main_25_08_e,0,event_goldenship,ch25,224,241,,,,person:차임,8,기록 3 · 말함 21줄(3%) · 이름 6줄,기록 2 · 말함 23줄(2%) · 이름 2줄,,,
character,auto,2,event_goldenship_04_e,17,d_main_25_08_e,0,event_goldenship,ch25,224,241,,,,person:크라운,8,기록 2 · 이름 1줄,기록 2 · 말함 14줄(1%),,,
character,auto,2,event_goldenship_06_e,137,ep:d_nikke_clay_01,56,event_goldenship,char:551,224,304,,,,person:프림,7,기록 2 · 말함 114줄(16%) · 이름 28줄,기록 1 · 말함 43줄(11%) · 이름 21줄,,,
prereq,game-condition,3,ep:d_nikke_mast_01,,ep:d_nikke_mast_02,,char:350,char:350,225,225,,,,,,,,,,condition_scenario_group_id
prereq,game-condition,3,ep:d_nikke_mast_02,,ep:d_nikke_mast_03,,char:350,char:350,225,225,,,,,,,,,,condition_scenario_group_id
prereq,game-condition,3,ep:d_nikke_mast_03,,ep:d_nikke_mast_04,,char:350,char:350,225,225,,,,,,,,,,condition_scenario_group_id
prereq,game-condition,3,ep:d_nikke_mast_04,,ep:d_nikke_mast_05,,char:350,char:350,225,225,,,,,,,,,,condition_scenario_group_id
character,auto,2,ep:d_nikke_mast_05,88,event_seayouagain1_01_s,16,char:350,event_seayouagain1,225,226,,,,person:마스트,9,기록 5 · 말함 291줄(89%) · 이름 35줄,기록 4 · 말함 225줄(10%) · 이름 24줄,,,
keyword,auto,1,ep:d_nikke_mast_04,44,event_seayouagain1_01_s,3,char:350,event_seayouagain1,225,226,,,,place:지상,132,기록 1 · 이름 8줄,이름 21줄,,,흔한 대상
setup_payoff,record,2,event_seayouagain1_01_s,,event_seayouagain1_intermission_01,,event_seayouagain1,event_seayouagain1,226,226,E1317,암시,F1050,,,,,추정,확정,
setup_payoff,record,3,event_seayouagain1_02_s,,event_seayouagain1_05_s,,event_seayouagain1,event_seayouagain1,226,226,E1318,암시,F1051,,,,,확실,확정,
setup_payoff,record,3,event_seayouagain1_06_s,,event_seayouagain2_04_s,,event_seayouagain1,event_seayouagain1,226,226,E1321,암시,F1055,,,,,확실,확정,
callback,record,3,event_seayouagain2_05_e,,event_seayouagain2_06_s,,event_seayouagain1,event_seayouagain1,226,226,E1322,재언급,Q147,,,,,확실,확정,
callback,record,2,event_seayouagain2_05_e,,event_seayouagain2_epilogue,,event_seayouagain1,event_seayouagain1,226,226,E1323,재언급,Q147,,,,,추정,확정,
character,auto,1,event_seayouagain2_epilogue,60,ep:d_nikke_anis_sparklingsummer_01,6,event_seayouagain1,char:15,226,227,,,,person:아니스,119,기록 3 · 말함 586줄(26%) · 이름 50줄,기록 2 · 말함 333줄(98%) · 이름 58줄,,,흔한 대상
character,auto,2,event_seayouagain2_epilogue,64,ep:d_nikke_anchor_01,22,event_seayouagain1,char:351,226,228,,,,person:앵커,5,기록 4 · 말함 113줄(5%) · 이름 22줄,기록 9 · 말함 198줄(47%) · 이름 75줄,,,
character,auto,2,event_seayouagain2_epilogue,66,ep:d_nikke_anchor_01,3,event_seayouagain1,char:351,226,228,,,,person:헬름,7,기록 15 · 말함 648줄(28%) · 이름 137줄,기록 1 · 말함 75줄(18%) · 이름 6줄,,,
keyword,auto,1,event_seayouagain2_01_e,24,ep:d_nikke_anchor_03,85,event_seayouagain1,char:351,226,228,,,,concept:니케,186,이름 8줄,기록 2 · 이름 4줄,,,흔한 대상
keyword,auto,2,event_seayouagain2_epilogue,79,ep:d_nikke_anchor_01,70,event_seayouagain1,char:351,226,228,,,,place:어드마이어_호,9,기록 12 · 이름 203줄,기록 1 · 이름 8줄,,,
keyword,auto,1,event_seayouagain2_06_e,121,ep:d_nikke_ce_02_01_01,1,event_seayouagain1,char:810,226,231,,,,concept:랩쳐,142,기록 1 · 이름 30줄,기록 1 · 이름 10줄,,,흔한 대상
keyword,auto,1,event_seayouagain2_06_e,121,ep:d_nikke_ce_02_03_03,10,event_seayouagain1,char:812,226,232,,,,place:지상,132,이름 21줄,이름 5줄,,,흔한 대상
keyword,auto,1,event_seayouagain2_epilogue,70,event_freezeacpu_prologue,0,event_seayouagain1,event_freezeacpu,226,239,,,,place:방주,171,이름 9줄,기록 1 · 이름 6줄,,,흔한 대상
character,auto,2,event_seayouagain2_epilogue,49,ep:d_nikke_quiry_01,23,event_seayouagain1,char:33,226,240,,,,person:리타,8,기록 3 · 말함 90줄(4%) · 이름 12줄,기록 1 · 말함 53줄(12%) · 이름 9줄,,,
character,auto,2,event_seayouagain2_epilogue,0,d_main_25_04,14,event_seayouagain1,ch25,226,241,,,,person:버닝엄,14,기록 6 · 말함 46줄(2%) · 이름 6줄,기록 3 · 말함 30줄(3%) · 이름 4줄,,,
character,auto,2,event_seayouagain2_06_e,125,d_main_24af_04,5,event_seayouagain1,ch25,226,241,,,,person:엔더슨,32,기록 5 · 말함 70줄(3%) · 이름 8줄,기록 9 · 말함 100줄(9%),,,
callback,record,2,event_seayouagain1_05_e,,event_neverland1_01_s,,event_seayouagain1,event_neverland1,226,255,E1341,재언급,F1052,,,,,추정,확정,
keyword,auto,2,event_seayouagain2_01_s,19,d_main_28_01_e,36,event_seayouagain1,ch28,226,273,,,,concept:타일런트_급,12,기록 1 · 이름 10줄,이름 6줄,,,
callback,record,3,event_seayouagain2_06_s,,event_beautyfullshot2_06_s,,event_seayouagain1,event_beautyfullshot1,226,305,E432,재언급,F1056,,,,,확실,확정,
keyword,auto,2,event_seayouagain2_epilogue,1,event_beautyfullshot1_06_e,59,event_seayouagain1,event_beautyfullshot1,226,305,,,,concept:크라켄,4,기록 9 · 이름 79줄,기록 2 · 이름 18줄,,,
character,auto,2,event_seayouagain2_epilogue,65,event_romanticvalentine_01_s,6,event_seayouagain1,event_romanticvalentine,226,355,,,,person:마스트,9,기록 4 · 말함 225줄(10%) · 이름 24줄,기록 1 · 말함 338줄(30%) · 이름 35줄,,,
keyword,auto,2,event_seayouagain2_epilogue,80,d_main_37_02_s,60,event_seayouagain1,ch37,226,373,,,,org:이지스,4,기록 6 · 이름 31줄,기록 2 · 이름 6줄,,,
prereq,game-condition,3,ep:d_nikke_anis_sparklingsummer_01,,ep:d_nikke_anis_sparklingsummer_02,,char:15,char:15,227,227,,,,,,,,,,condition_scenario_group_id
prereq,game-condition,3,ep:d_nikke_anis_sparklingsummer_02,,ep:d_nikke_anis_sparklingsummer_03,,char:15,char:15,227,227,,,,,,,,,,condition_scenario_group_id
prereq,game-condition,3,ep:d_nikke_anis_sparklingsummer_03,,ep:d_nikke_anis_sparklingsummer_04,,char:15,char:15,227,227,,,,,,,,,,condition_scenario_group_id
prereq,game-condition,3,ep:d_nikke_anis_sparklingsummer_04,,ep:d_nikke_anis_sparklingsummer_05,,char:15,char:15,227,227,,,,,,,,,,condition_scenario_group_id
character,auto,1,ep:d_nikke_anis_sparklingsummer_05,111,event_firstaffection_03,0,char:15,event_firstaffection,227,230,,,,person:아니스,119,기록 2 · 말함 333줄(98%) · 이름 58줄,말함 53줄(21%) · 이름 9줄,,,흔한 대상
prereq,game-condition,3,ep:d_nikke_anchor_01,,ep:d_nikke_anchor_02,,char:351,char:351,228,228,,,,,,,,,,condition_scenario_group_id
prereq,game-condition,3,ep:d_nikke_anchor_02,,ep:d_nikke_anchor_03,,char:351,char:351,228,228,,,,,,,,,,condition_scenario_group_id
prereq,game-condition,3,ep:d_nikke_anchor_03,,ep:d_nikke_anchor_04,,char:351,char:351,228,228,,,,,,,,,,condition_scenario_group_id
prereq,game-condition,3,ep:d_nikke_anchor_04,,ep:d_nikke_anchor_05,,char:351,char:351,228,228,,,,,,,,,,condition_scenario_group_id
character,auto,2,ep:d_nikke_anchor_05,148,ep:d_nikke_helm_aquamarine_01,2,char:351,char:353,228,229,,,,person:헬름,7,기록 1 · 말함 75줄(18%) · 이름 6줄,기록 4 · 말함 426줄(84%) · 이름 26줄,,,
keyword,auto,1,ep:d_nikke_anchor_05,102,ep:d_nikke_ce_02_01_01,1,char:351,char:810,228,231,,,,concept:니케,186,기록 2 · 이름 4줄,기록 1 · 이름 10줄,,,흔한 대상
character,auto,2,ep:d_nikke_anchor_05,127,d_main_26_01_e,6,char:351,ch26,228,244,,,,person:잉그리드,37,기록 1 · 말함 88줄(21%) · 이름 4줄,기록 3 · 말함 29줄(3%) · 이름 4줄,,,
keyword,auto,2,ep:d_nikke_anchor_05,141,event_romanticvalentine_02_s,47,char:351,event_romanticvalentine,228,355,,,,place:어드마이어_호,9,기록 1 · 이름 8줄,이름 8줄,,,
character,auto,2,ep:d_nikke_anchor_05,165,ep:d_nikke_anchor_innocentmaid_01,2,char:351,char:355,228,357,,,,person:앵커,5,기록 9 · 말함 198줄(47%) · 이름 75줄,기록 2 · 말함 134줄(47%) · 이름 49줄,,,
prereq,game-condition,3,ep:d_nikke_helm_aquamarine_01,,ep:d_nikke_helm_aquamarine_02,,char:353,char:353,229,229,,,,,,,,,,condition_scenario_group_id
prereq,game-condition,3,ep:d_nikke_helm_aquamarine_02,,ep:d_nikke_helm_aquamarine_03,,char:353,char:353,229,229,,,,,,,,,,condition_scenario_group_id
prereq,game-condition,3,ep:d_nikke_helm_aquamarine_03,,ep:d_nikke_helm_aquamarine_04,,char:353,char:353,229,229,,,,,,,,,,condition_scenario_group_id
prereq,game-condition,3,ep:d_nikke_helm_aquamarine_04,,ep:d_nikke_helm_aquamarine_05,,char:353,char:353,229,229,,,,,,,,,,condition_scenario_group_id
character,auto,2,ep:d_nikke_helm_aquamarine_05,159,d_main_37_02_s,41,char:353,ch37,229,373,,,,person:헬름,7,기록 4 · 말함 426줄(84%) · 이름 26줄,기록 2 · 말함 63줄(7%) · 이름 4줄,,,
setup_payoff,record,3,event_firstaffection_07,,event_firstaffection_08,,event_firstaffection,event_firstaffection,230,230,E1607,암시,F1065,,,,,확실,확정,
character,auto,1,event_firstaffection_08,67,ep:d_nikke_ce_02_01_01,6,event_firstaffection,char:810,230,231,,,,person:라피,85,기록 1 · 말함 31줄(12%) · 이름 2줄,말함 115줄(53%) · 이름 6줄,,,흔한 대상
character,auto,1,event_firstaffection_08,67,event_freezeacpu_01_s,4,event_firstaffection,event_freezeacpu,230,239,,,,person:아니스,119,말함 53줄(21%) · 이름 9줄,말함 150줄(13%) · 이름 12줄,,,흔한 대상
character,auto,1,event_firstaffection_08,67,d_main_24af_05,0,event_firstaffection,ch25,230,241,,,,person:네온,55,말함 27줄(11%) · 이름 6줄,기록 4 · 말함 168줄(16%) · 이름 13줄,,,흔한 대상
character,auto,2,event_firstaffection_08,59,d_main_26_03_s,57,event_firstaffection,ch26,230,244,,,,person:마리안,20,기록 5 · 말함 71줄(28%) · 이름 20줄,기록 2 · 이름 5줄,,,
prereq,game-condition,3,ep:d_nikke_ce_02_01_01,,ep:d_nikke_ce_02_01_02,,char:810,char:810,231,231,,,,,,,,,,condition_scenario_group_id
prereq,game-condition,3,ep:d_nikke_ce_02_01_02,,ep:d_nikke_ce_02_01_03,,char:810,char:810,231,231,,,,,,,,,,condition_scenario_group_id
prereq,game-condition,3,ep:d_nikke_ce_02_01_03,,ep:d_nikke_ce_02_01_04,,char:810,char:810,231,231,,,,,,,,,,condition_scenario_group_id
prereq,game-condition,3,ep:d_nikke_ce_02_01_04,,ep:d_nikke_ce_02_01_05,,char:810,char:810,231,231,,,,,,,,,,condition_scenario_group_id
keyword,auto,1,ep:d_nikke_ce_02_01_05,48,ep:d_nikke_ce_02_03_01,15,char:810,char:812,231,232,,,,concept:니케,186,기록 1 · 이름 10줄,기록 1 · 이름 27줄,,,흔한 대상
keyword,auto,1,ep:d_nikke_ce_02_01_05,19,ep:d_nikke_ce_02_03_01,19,char:810,char:812,231,232,,,,concept:랩쳐,142,기록 1 · 이름 10줄,기록 1 · 이름 22줄,,,흔한 대상
character,auto,1,ep:d_nikke_ce_02_01_05,59,d_main_24af_04,67,char:810,ch25,231,241,,,,person:라피,85,말함 115줄(53%) · 이름 6줄,기록 6 · 이름 51줄,,,흔한 대상
keyword,auto,2,ep:d_nikke_ce_02_01_04,71,event_redash1_01_s,0,char:810,event_redash,231,248,,,,org:인류연합군,7,기록 1 · 이름 5줄,기록 4 · 이름 5줄,,,
prereq,game-condition,3,ep:d_nikke_ce_02_03_01,,ep:d_nikke_ce_02_03_02,,char:812,char:812,232,232,,,,,,,,,,condition_scenario_group_id
prereq,game-condition,3,ep:d_nikke_ce_02_03_02,,ep:d_nikke_ce_02_03_03,,char:812,char:812,232,232,,,,,,,,,,condition_scenario_group_id
prereq,game-condition,3,ep:d_nikke_ce_02_03_03,,ep:d_nikke_ce_02_03_04,,char:812,char:812,232,232,,,,,,,,,,condition_scenario_group_id
prereq,game-condition,3,ep:d_nikke_ce_02_03_04,,ep:d_nikke_ce_02_03_05,,char:812,char:812,232,232,,,,,,,,,,condition_scenario_group_id
keyword,auto,1,ep:d_nikke_ce_02_03_05,52,event_schooloflock_01_s,5,char:812,event_schooloflock,232,234,,,,concept:니케,186,기록 1 · 이름 27줄,기록 1 · 이름 31줄,,,흔한 대상
keyword,auto,1,ep:d_nikke_ce_02_03_05,43,event_schooloflock_02_s,16,char:812,event_schooloflock,232,234,,,,concept:랩쳐,142,기록 1 · 이름 22줄,이름 10줄,,,흔한 대상
keyword,auto,1,ep:d_nikke_ce_02_03_04,42,event_schooloflock_01_s,23,char:812,event_schooloflock,232,234,,,,place:지상,132,이름 5줄,이름 23줄,,,흔한 대상
keyword,auto,2,ep:d_nikke_ce_02_03_05,52,event_redash1_01_e,26,char:812,event_redash,232,248,,,,concept:양산형_니케,26,기록 1 · 이름 18줄,기록 4 · 이름 22줄,,,
prereq,game-condition,3,ep:d_nikke_ce_02_02_01,,ep:d_nikke_ce_02_02_02,,char:811,char:811,233,233,,,,,,,,,,condition_scenario_group_id
prereq,game-condition,3,ep:d_nikke_ce_02_02_02,,ep:d_nikke_ce_02_02_03,,char:811,char:811,233,233,,,,,,,,,,condition_scenario_group_id
prereq,game-condition,3,ep:d_nikke_ce_02_02_03,,ep:d_nikke_ce_02_02_04,,char:811,char:811,233,233,,,,,,,,,,condition_scenario_group_id
prereq,game-condition,3,ep:d_nikke_ce_02_02_04,,ep:d_nikke_ce_02_02_05,,char:811,char:811,233,233,,,,,,,,,,condition_scenario_group_id
setup_payoff,record,2,event_schooloflock_prologue,,event_schooloflock_05_s,,event_schooloflock,event_schooloflock,234,234,E1325,암시,F1073,,,,,추정,확정,
setup_payoff,record,3,event_schooloflock_03_s,,event_schooloflock_05_s,,event_schooloflock,event_schooloflock,234,234,E1326,암시,F1074,,,,,확실,확정,
setup_payoff,record,3,event_schooloflock_03_s,,event_schooloflock_epilogue,,event_schooloflock,event_schooloflock,234,234,E1327,암시,F1078,,,,,확실,확정,
setup_payoff,record,3,event_schooloflock_intermission_01,,event_schooloflock_epilogue,,event_schooloflock,event_schooloflock,234,234,E1328,암시,F1078,,,,,확실,확정,
character,auto,2,event_schooloflock_epilogue,84,ep:d_nikke_marciana_01,1,event_schooloflock,char:321,234,235,,,,person:마르차나,8,기록 14 · 말함 441줄(45%) · 이름 57줄,기록 5 · 말함 258줄(55%) · 이름 62줄,,,
keyword,auto,2,event_schooloflock_epilogue,56,event_dazzlingcupid_prologue,1,event_schooloflock,event_dazzlingcupid,234,236,,,,place:미미르_부속_고등학교,12,기록 11 · 이름 43줄,기록 3 · 이름 2줄,,,
keyword,auto,1,event_schooloflock_epilogue,86,d_main_24af_04,44,event_schooloflock,ch25,234,241,,,,concept:니케,186,기록 1 · 이름 31줄,이름 8줄,,,흔한 대상
keyword,auto,1,event_schooloflock_06_s,53,d_main_24af_04,42,event_schooloflock,ch25,234,241,,,,concept:랩쳐,142,이름 10줄,이름 8줄,,,흔한 대상
keyword,auto,1,event_schooloflock_06_s,132,d_main_24af_04,34,event_schooloflock,ch25,234,241,,,,place:지상,132,이름 23줄,기록 1 · 이름 18줄,,,흔한 대상
character,auto,2,event_schooloflock_epilogue,90,sub:MMR지킴이_00,2,event_schooloflock,sub:MMR지킴이_00,234,278,,,,person:에테르,12,기록 5 · 말함 108줄(11%) · 이름 11줄,기록 5 · 이름 5줄,,,
keyword,auto,2,event_schooloflock_epilogue,56,sub:MMR지킴이_00,0,event_schooloflock,sub:MMR지킴이_00,234,278,,,,org:M.M.R.,12,기록 5 · 이름 12줄,기록 2 · 이름 2줄,,,
callback,record,2,event_schooloflock_05_s,,event_juveniledays_01_s,,event_schooloflock,event_juveniledays,234,317,E1378,재언급,F1073,,,,,추정,확정,
character,auto,2,event_schooloflock_06_e,51,event_juveniledays_prologue,20,event_schooloflock,event_juveniledays,234,317,,,,person:츠바이,7,기록 3 · 말함 78줄(8%) · 이름 18줄,기록 5 · 말함 96줄(10%) · 이름 31줄,,,
sequel,manual,3,event_schooloflock_epilogue,,event_colorless_prologue,,event_schooloflock,event_colorless,234,319,Y13,,,,,,,확실,확정,colorless는 schooloflock 끝의 새 학기 출석부 장면(트리세라 복귀 · 리셋 · 제명)에서 곧바로 시작해 통합 P반과 마르차나 · 에테르의 이야기를 잇는다.
callback,record,3,event_schooloflock_05_s,,event_colorless_01_s,,event_schooloflock,event_colorless,234,319,E1384,재언급,F1077,,,,,확실,확정,
callback,record,3,event_schooloflock_epilogue,,event_colorless_epilogue,,event_schooloflock,event_colorless,234,319,E1387,재언급,F1078,,,,,확실,확정,
setup_payoff,record,2,event_schooloflock_epilogue,,fl:wave_to_you_00,,event_schooloflock,fl:wave_to_you,234,464,E1329,암시,F2748,,,,,추정,확정,
callback,record,3,event_schooloflock_epilogue,,fl:wave_to_you_00,,event_schooloflock,fl:wave_to_you,234,464,E1541,재언급,F1078,,,,,확실,확정,
callback,record,3,event_schooloflock_intermission_01,,fl:wave_to_you_06,,event_schooloflock,fl:wave_to_you,234,464,E1546,재언급,F1075,,,,,확실,확정,
prereq,game-condition,3,ep:d_nikke_marciana_01,,ep:d_nikke_marciana_02,,char:321,char:321,235,235,,,,,,,,,,condition_scenario_group_id
prereq,game-condition,3,ep:d_nikke_marciana_02,,ep:d_nikke_marciana_03,,char:321,char:321,235,235,,,,,,,,,,condition_scenario_group_id
prereq,game-condition,3,ep:d_nikke_marciana_03,,ep:d_nikke_marciana_04,,char:321,char:321,235,235,,,,,,,,,,condition_scenario_group_id
prereq,game-condition,3,ep:d_nikke_marciana_04,,ep:d_nikke_marciana_05,,char:321,char:321,235,235,,,,,,,,,,condition_scenario_group_id
character,auto,2,ep:d_nikke_marciana_05,111,ep:d_nikke_naga_02,1,char:321,char:450,235,237,,,,person:마르차나,8,기록 5 · 말함 258줄(55%) · 이름 62줄,기록 2 · 말함 27줄(7%) · 이름 3줄,,,
character,auto,2,ep:d_nikke_marciana_05,109,event_juveniledays_prologue,5,char:321,event_juveniledays,235,317,,,,person:라이,6,기록 1 · 말함 94줄(20%) · 이름 57줄,기록 5 · 말함 78줄(8%) · 이름 31줄,,,
setup_payoff,record,2,event_dazzlingcupid_03_e,,ep:d_nikke_naga_03,,event_dazzlingcupid,char:450,236,237,E1331,암시,F1086,,,,,추정,확정,
setup_payoff,record,2,event_dazzlingcupid_04_e,,ep:d_nikke_naga_04,,event_dazzlingcupid,char:450,236,237,E1332,암시,F1087,,,,,추정,확정,
character,auto,2,event_dazzlingcupid_epilogue,57,ep:d_nikke_naga_01,0,event_dazzlingcupid,char:450,236,237,,,,person:나가,6,기록 13 · 말함 391줄(48%) · 이름 88줄,기록 7 · 말함 216줄(59%) · 이름 46줄,,,
character,auto,2,event_dazzlingcupid_epilogue,56,ep:d_nikke_naga_01,0,event_dazzlingcupid,char:450,236,237,,,,person:티아,5,기록 11 · 말함 391줄(48%) · 이름 115줄,기록 4 · 말함 126줄(34%) · 이름 45줄,,,
keyword,auto,2,event_dazzlingcupid_06_e,29,ep:d_nikke_naga_03,3,event_dazzlingcupid,char:450,236,237,,,,place:미미르_부속_고등학교,12,기록 3 · 이름 2줄,기록 2 · 이름 4줄,,,
setup_payoff,record,2,event_dazzlingcupid_06_e,,ep:d_nikke_tia_05,,event_dazzlingcupid,char:451,236,238,E1333,암시,F1090,,,,,추정,확정,
setup_payoff,record,2,event_dazzlingcupid_06_e,,fl:wave_to_you_26,,event_dazzlingcupid,fl:wave_to_you,236,464,E1334,암시,F2763,,,,,추정,확정,
setup_payoff,record,2,event_dazzlingcupid_epilogue,,fl:wave_to_you_27,,event_dazzlingcupid,fl:wave_to_you,236,464,E1335,암시,F2765,,,,,추정,확정,
prereq,game-condition,3,ep:d_nikke_naga_01,,ep:d_nikke_naga_02,,char:450,char:450,237,237,,,,,,,,,,condition_scenario_group_id
prereq,game-condition,3,ep:d_nikke_naga_02,,ep:d_nikke_naga_03,,char:450,char:450,237,237,,,,,,,,,,condition_scenario_group_id
prereq,game-condition,3,ep:d_nikke_naga_03,,ep:d_nikke_naga_04,,char:450,char:450,237,237,,,,,,,,,,condition_scenario_group_id
prereq,game-condition,3,ep:d_nikke_naga_04,,ep:d_nikke_naga_05,,char:450,char:450,237,237,,,,,,,,,,condition_scenario_group_id
character,auto,2,ep:d_nikke_naga_05,87,ep:d_nikke_tia_01,3,char:450,char:451,237,238,,,,person:나가,6,기록 7 · 말함 216줄(59%) · 이름 46줄,기록 1 · 말함 71줄(19%) · 이름 21줄,,,
character,auto,2,ep:d_nikke_naga_05,85,ep:d_nikke_tia_01,0,char:450,char:451,237,238,,,,person:티아,5,기록 4 · 말함 126줄(34%) · 이름 45줄,기록 4 · 말함 227줄(61%) · 이름 58줄,,,
callback,record,2,ep:d_nikke_naga_03,,event_juveniledays_01_e,,char:450,event_juveniledays,237,317,E1380,재언급,F1086,,,,,추정,확정,
character,auto,2,ep:d_nikke_naga_04,151,event_juveniledays_prologue,1,char:450,event_juveniledays,237,317,,,,person:마르차나,8,기록 2 · 말함 27줄(7%) · 이름 3줄,기록 4 · 말함 94줄(9%) · 이름 10줄,,,
keyword,auto,2,ep:d_nikke_naga_03,27,event_juveniledays_01_s,53,char:450,event_juveniledays,237,317,,,,place:미미르_부속_고등학교,12,기록 2 · 이름 4줄,기록 2,,,
callback,record,3,ep:d_nikke_naga_03,,fl:wave_to_you_09,,char:450,fl:wave_to_you,237,464,E1549,재언급,F1085,,,,,확실,확정,
callback,record,2,ep:d_nikke_naga_03,,fl:wave_to_you_17,,char:450,fl:wave_to_you,237,464,E1554,재언급,F1086,,,,,추정,확정,
callback,record,3,ep:d_nikke_naga_03,,fl:wave_to_you_26,,char:450,fl:wave_to_you,237,464,E1557,재언급,F1086,,,,,확실,확정,
prereq,game-condition,3,ep:d_nikke_tia_01,,ep:d_nikke_tia_02,,char:451,char:451,238,238,,,,,,,,,,condition_scenario_group_id
prereq,game-condition,3,ep:d_nikke_tia_02,,ep:d_nikke_tia_03,,char:451,char:451,238,238,,,,,,,,,,condition_scenario_group_id
prereq,game-condition,3,ep:d_nikke_tia_03,,ep:d_nikke_tia_04,,char:451,char:451,238,238,,,,,,,,,,condition_scenario_group_id
prereq,game-condition,3,ep:d_nikke_tia_04,,ep:d_nikke_tia_05,,char:451,char:451,238,238,,,,,,,,,,condition_scenario_group_id
character,auto,2,ep:d_nikke_tia_05,92,event_outofuniform_02,59,char:451,event_outofuniform,238,351,,,,person:나가,6,기록 1 · 말함 71줄(19%) · 이름 21줄,말함 114줄(21%) · 이름 15줄,,,
callback,record,3,ep:d_nikke_tia_01,,fl:wave_to_you_09,,char:451,fl:wave_to_you,238,464,E1551,재언급,F1089,,,,,확실,확정,
character,auto,2,ep:d_nikke_tia_05,85,fl:wave_to_you_00,5,char:451,fl:wave_to_you,238,464,,,,person:티아,5,기록 4 · 말함 227줄(61%) · 이름 58줄,기록 13 · 말함 266줄(11%) · 이름 70줄,,,
callback,record,3,event_freezeacpu_01_e,,ep:d_nikke_quiry_05,,event_freezeacpu,char:33,239,240,F1091-2,드러냄,F1091,,,,,확실,확정,
character,auto,2,event_freezeacpu_06_e,238,ep:d_nikke_quiry_01,55,event_freezeacpu,char:33,239,240,,,,person:키리,5,기록 7 · 말함 301줄(27%) · 이름 51줄,기록 4 · 말함 198줄(44%) · 이름 56줄,,,
character,auto,2,event_freezeacpu_06_e,229,ep:d_nikke_quiry_01,19,event_freezeacpu,char:33,239,240,,,,person:폴리,10,기록 2 · 말함 222줄(20%) · 이름 30줄,기록 2 · 말함 81줄(18%) · 이름 17줄,,,
keyword,auto,2,event_freezeacpu_epilogue,36,ep:d_nikke_quiry_01,29,event_freezeacpu,char:33,239,240,,,,org:A.C.P.U.,9,기록 4 · 이름 8줄,기록 1 · 이름 9줄,,,
keyword,auto,1,event_freezeacpu_02_e,60,ep:d_nikke_quiry_01,60,event_freezeacpu,char:33,239,240,,,,place:방주,171,기록 1 · 이름 6줄,이름 5줄,,,흔한 대상
character,auto,1,event_freezeacpu_06_e,230,d_main_24af_05,8,event_freezeacpu,ch25,239,241,,,,person:아니스,119,말함 150줄(13%) · 이름 12줄,기록 5 · 말함 274줄(26%) · 이름 12줄,,,흔한 대상
keyword,auto,2,event_freezeacpu_06_e,26,d_main_24af_06,1,event_freezeacpu,ch25,239,241,,,,org:카운터스,32,기록 2 · 이름 6줄,기록 2 · 이름 1줄,,,
character,auto,2,event_freezeacpu_epilogue,33,event_perfectmaid_01_s,146,event_freezeacpu,event_perfectmaid,239,264,,,,person:드레이크,16,기록 2 · 말함 111줄(10%) · 이름 23줄,기록 2 · 말함 64줄(6%) · 이름 19줄,,,
callback,record,3,event_freezeacpu_01_e,,event_phantomthiefvsdetective_intermission_01,,event_freezeacpu,event_phantomthiefvsdetective,239,328,E1390,재언급,F1091,,,,,확실,확정,
callback,record,3,event_freezeacpu_01_e,,event_foolburstday_03,,event_freezeacpu,event_foolburstday,239,369,E1429,재언급,F1091,,,,,확실,확정,
prereq,game-condition,3,ep:d_nikke_quiry_01,,ep:d_nikke_quiry_02,,char:33,char:33,240,240,,,,,,,,,,condition_scenario_group_id
prereq,game-condition,3,ep:d_nikke_quiry_02,,ep:d_nikke_quiry_03,,char:33,char:33,240,240,,,,,,,,,,condition_scenario_group_id
prereq,game-condition,3,ep:d_nikke_quiry_03,,ep:d_nikke_quiry_04,,char:33,char:33,240,240,,,,,,,,,,condition_scenario_group_id
prereq,game-condition,3,ep:d_nikke_quiry_04,,ep:d_nikke_quiry_05,,char:33,char:33,240,240,,,,,,,,,,condition_scenario_group_id
keyword,auto,1,ep:d_nikke_quiry_04,45,d_main_24af_04,22,char:33,ch25,240,241,,,,place:방주,171,이름 5줄,기록 6 · 이름 51줄,,,흔한 대상
callback,record,3,ep:d_nikke_quiry_01,,event_onemoretime_03_s,,char:33,event_onemoretime,240,289,E1362,재언급,F1093,,,,,확실,확정,
character,auto,2,ep:d_nikke_quiry_05,91,event_onemoretime_02_e,225,char:33,event_onemoretime,240,289,,,,person:폴리,10,기록 2 · 말함 81줄(18%) · 이름 17줄,기록 3 · 말함 145줄(12%) · 이름 51줄,,,
keyword,auto,2,ep:d_nikke_quiry_05,52,ep:d_nikke_kilo_01,91,char:33,char:361,240,297,,,,place:전초기지,13,기록 1 · 이름 12줄,이름 6줄,,,
keyword,auto,2,ep:d_nikke_quiry_05,28,event_phantomthiefvsdetective_prologue,43,char:33,event_phantomthiefvsdetective,240,328,,,,org:A.C.P.U.,9,기록 1 · 이름 9줄,기록 1 · 이름 17줄,,,
character,auto,2,ep:d_nikke_quiry_05,58,fl:for_rest_00,53,char:33,fl:for_rest,240,365,,,,person:리타,8,기록 1 · 말함 53줄(12%) · 이름 9줄,기록 8 · 말함 301줄(28%) · 이름 52줄,,,
character,auto,2,ep:d_nikke_quiry_05,94,fl:reborn_evil_05,2,char:33,fl:reborn_evil,240,407,,,,person:키리,5,기록 4 · 말함 198줄(44%) · 이름 56줄,기록 3 · 말함 135줄(9%) · 이름 40줄,,,
setup_payoff,record,2,d_main_25_03_s,,d_main_25_07_e,,ch25,ch25,241,241,E254,암시,F1108,,,,,추정,확정,
setup_payoff,record,3,d_main_25_08_s,,d_main_25_08_e,,ch25,ch25,241,241,E262,암시,F1109,,,,,확실,확정,
callback,record,2,d_main_24af_05,,d_main_24af_06,,ch25,ch25,241,241,E250,재언급,F1097,,,,,추정,확정,
keyword,auto,1,d_main_25_07_e,47,sub:중앙정부_프로토콜_00,15,ch25,sub:중앙정부_프로토콜_00,241,242,,,,place:방주,171,기록 6 · 이름 51줄,기록 2 · 이름 1줄,,,흔한 대상
sequel,auto,3,d_main_25_08_e,,d_main_26_01_s,,ch25,ch26,241,244,,,,,,,,,,다음 챕터
setup_payoff,record,2,d_main_24af_06,,d_main_26_02_s,,ch25,ch26,241,244,E251,암시,F1116,,,,,추정,확정,
setup_payoff,record,2,d_main_25_05_e,,d_main_26_07_e,,ch25,ch26,241,244,E259,암시,F1128,,,,,추정,확정,
setup_payoff,record,2,d_main_25_06,,d_main_26_07_e,,ch25,ch26,241,244,E260,암시,F1128,,,,,추정,확정,
setup_payoff,record,3,d_main_25_07_e,,d_main_26_07_e,,ch25,ch26,241,244,Q150-2,회수,Q150,,,,,확실,확정,일부 · 답 F1128
setup_payoff,record,3,d_main_25_08_e,,d_main_26_02_s,,ch25,ch26,241,244,Q151-2,회수,Q151,,,,,확실,확정,일부 · 답 F1116
character,auto,1,d_main_25_08_e,95,d_main_26_01_s,5,ch25,ch26,241,244,,,,person:네온,55,기록 4 · 말함 168줄(16%) · 이름 13줄,기록 2 · 말함 89줄(8%) · 이름 10줄,,,흔한 대상
character,auto,2,d_main_25_08_e,74,d_main_26_01_s,13,ch25,ch26,241,244,,,,person:도로시,31,기록 19 · 말함 247줄(23%) · 이름 40줄,기록 15 · 말함 235줄(21%) · 이름 36줄,,,
character,auto,1,d_main_25_08_e,95,d_main_26_01_s,0,ch25,ch26,241,244,,,,person:라피,85,기록 6 · 이름 51줄,기록 19 · 말함 58줄(5%) · 이름 73줄,,,흔한 대상
character,auto,2,d_main_25_08_e,98,d_main_26_01_s,1,ch25,ch26,241,244,,,,person:레드_후드,26,기록 5 · 말함 38줄(4%) · 이름 6줄,기록 32 · 말함 353줄(31%) · 이름 66줄,,,
character,auto,2,d_main_25_04,116,d_main_26_09,0,ch25,ch26,241,244,,,,person:버닝엄,14,기록 3 · 말함 30줄(3%) · 이름 4줄,기록 4 · 말함 34줄(3%),,,
character,auto,2,d_main_25_07_s,34,d_main_26_10,5,ch25,ch26,241,244,,,,person:슈엔,30,기록 3 · 말함 49줄(5%) · 이름 14줄,기록 3 · 말함 24줄(2%) · 이름 4줄,,,
character,auto,1,d_main_25_08_e,87,d_main_26_01_s,4,ch25,ch26,241,244,,,,person:아니스,119,기록 5 · 말함 274줄(26%) · 이름 12줄,기록 3 · 말함 151줄(13%) · 이름 14줄,,,흔한 대상
character,auto,2,d_main_25_04,117,d_main_26_10,0,ch25,ch26,241,244,,,,person:엔더슨,32,기록 9 · 말함 100줄(9%),기록 2 · 말함 33줄(3%),,,
character,auto,2,d_main_25_08_e,59,d_main_26_01_s,21,ch25,ch26,241,244,,,,person:차임,8,기록 2 · 말함 23줄(2%) · 이름 2줄,기록 4 · 말함 76줄(7%) · 이름 11줄,,,
character,auto,2,d_main_25_08_e,60,d_main_26_01_s,34,ch25,ch26,241,244,,,,person:크라운,8,기록 2 · 말함 14줄(1%),기록 4 · 말함 48줄(4%) · 이름 6줄,,,
keyword,auto,1,d_main_25_08_e,53,d_main_26_01_s,47,ch25,ch26,241,244,,,,concept:니케,186,이름 8줄,이름 5줄,,,흔한 대상
keyword,auto,1,d_main_25_08_e,2,d_main_26_05_e,32,ch25,ch26,241,244,,,,concept:랩쳐,142,이름 8줄,이름 10줄,,,흔한 대상
keyword,auto,2,d_main_25_07_s,72,d_main_26_01_e,6,ch25,ch26,241,244,,,,org:갓데스,30,기록 5 · 이름 3줄,기록 6 · 이름 11줄,,,
keyword,auto,2,d_main_25_07_s,56,d_main_26_10,5,ch25,ch26,241,244,,,,org:미실리스,32,기록 2 · 이름 5줄,기록 2 · 이름 1줄,,,
keyword,auto,2,d_main_25_04,90,d_main_26_03_s,0,ch25,ch26,241,244,,,,org:필그림,21,기록 1 · 이름 14줄,기록 2 · 이름 2줄,,,
keyword,auto,2,d_main_25_07_s,77,d_main_26_09,12,ch25,ch26,241,244,,,,place:에덴,25,기록 4 · 이름 12줄,기록 3 · 이름 10줄,,,
keyword,auto,1,d_main_25_08_e,5,d_main_26_01_e,28,ch25,ch26,241,244,,,,place:지상,132,기록 1 · 이름 18줄,이름 14줄,,,흔한 대상
callback,record,2,d_main_25_08_e,,event_redash1_02_e,,ch25,event_redash,241,248,E285,재언급,F1109,,,,,추정,확정,
keyword,auto,1,d_main_25_04,108,event_redash2_01_s,39,ch25,event_redash,241,248,,,,org:중앙_정부,67,기록 6 · 이름 10줄,기록 3 · 이름 8줄,,,흔한 대상
keyword,auto,2,d_main_25_05_s,28,event_neverland1_01_s,0,ch25,event_neverland1,241,255,,,,org:카운터스,32,기록 2 · 이름 1줄,기록 1 · 이름 5줄,,,
callback,record,3,d_main_24af_05,,d_main_27_08,,ch25,ch27,241,267,E330,재언급,F1097,,,,,확실,확정,
character,auto,2,d_main_25_07_e,38,event_lastkingdom1_intermission,6,ch25,event_lastkingdom1,241,295,,,,person:니힐리스타,11,기록 4 · 말함 27줄(3%) · 이름 18줄,기록 2 · 이름 1줄,,,
character,auto,2,d_main_25_04,40,event_lastkingdom1_b01_e,9,ch25,event_lastkingdom1,241,295,,,,person:인디빌리아,9,기록 2 · 이름 7줄,기록 18 · 말함 282줄(10%) · 이름 28줄,,,
character,auto,2,d_main_25_06,19,event_lastkingdom1_b01_e,10,ch25,event_lastkingdom1,241,295,,,,person:토커티브,15,기록 2 · 이름 9줄,기록 16 · 말함 170줄(6%) · 이름 37줄,,,
keyword,auto,2,d_main_25_07_e,42,event_lastkingdom1_01_e,82,ch25,event_lastkingdom1,241,295,,,,concept:헬레틱,40,기록 1 · 이름 15줄,기록 3 · 이름 25줄,,,
keyword,auto,2,d_main_25_07_s,44,ep:d_nikke_cinderella_02,16,ch25,char:511,241,343,,,,concept:퍼펙트,16,기록 2 · 이름 6줄,기록 1 · 이름 9줄,,,
callback,record,3,d_main_24af_06,,d_main_35bf_07,,ch25,ch35,241,358,E596,재언급,F1099,,,,,확실,확정,
character,auto,2,d_main_25_04,60,d_main_35bf_07,66,ch25,ch35,241,358,,,,person:에닉,22,기록 6 · 말함 43줄(4%) · 이름 9줄,기록 2,,,
setup_payoff,record,2,d_main_25_07_e,,d_main_37_03,,ch25,ch37,241,373,Q150-3,회수,Q150,,,,,추정,확정,일부 · 답 F1859
callback,record,2,d_main_25_03_e,,relic:주워갈것들메모_00,,ch25,relic:주워갈것들메모,241,374,E655,재언급,F1103,,,,,추정,확정,
setup_payoff,record,2,d_main_25_03_e,,fl:boom_the_ghost_27,,ch25,fl:boom_the_ghost,241,393,E253,암시,F2037,,,,,추정,확정,
setup_payoff,record,3,d_main_25_07_e,,fl:boom_the_ghost_27,,ch25,fl:boom_the_ghost,241,393,Q150-4,회수,Q150,,,,,확실,확정,일부 · 답 F2037
character,auto,2,d_main_25_04,98,fl:boom_the_ghost_27,33,ch25,fl:boom_the_ghost,241,393,,,,person:도반,8,기록 3 · 말함 43줄(4%) · 이름 1줄,기록 4 · 말함 29줄(1%),,,
callback,record,3,d_main_25_03_e,,side:eden_spear_02,,ch25,side:eden_spear,241,411,F1103-2,드러냄,F1103,,,,,확실,확정,
setup_payoff,record,2,d_main_24af_04,,event_goddessfall2_epilogue,,ch25,event_goddessfall1,241,418,E249,암시,Q268,,,,,추정,확정,
setup_payoff,record,3,d_main_25_07_e,,event_goddessfall2_epilogue,,ch25,event_goddessfall1,241,418,Q150-5,회수,Q150,,,,,확실,확정,일부 · 답 F2317
callback,record,3,d_main_25_03_e,,event_goddessfall1_05_e,,ch25,event_goddessfall1,241,418,E943,재언급,F1103,,,,,확실,확정,
callback,record,3,d_main_25_03_e,,event_goddessfall2_05_s,,ch25,event_goddessfall1,241,418,E956,재언급,F1103,,,,,확실,확정,
callback,record,2,d_main_25_08_e,,event_goddessfall2_06_e,,ch25,event_goddessfall1,241,418,E957,재언급,F1109,,,,,추정,확정,
setup_payoff,record,3,d_main_25_04,,fl:ark_guardian_25,,ch25,fl:ark_guardian,241,428,E257,암시,F2373,,,,,확실,확정,
setup_payoff,record,3,d_main_24af_04,,fl:ark_guardian_16,,ch25,fl:ark_guardian,241,428,Q149-2,회수,Q149,,,,,확실,확정,일부 · 답 F2364
setup_payoff,record,3,d_main_25_07_e,,d_main_44_af_02,,ch25,ch44,241,436,Q150-6,회수,Q150,,,,,확실,확정,일부 · 답 F2439
setup_payoff,record,3,d_main_25_04,,d_main_45_06,,ch25,ch45,241,450,E256,암시,Q323,,,,,확실,확정,
setup_payoff,record,2,d_main_25_03_e,,d_main_46_af_04,,ch25,ch46,241,452,E252,암시,F2643,,,,,추정,확정,
setup_payoff,record,2,d_main_25_03_e,,d_main_46_af_04,,ch25,ch46,241,452,E252,암시,Q320,,,,,추정,확정,
setup_payoff,record,2,d_main_25_03_e,,d_main_46_af_04,,ch25,ch46,241,452,E253,암시,Q261,,,,,추정,확정,
setup_payoff,record,2,d_main_25_04,,d_main_46_af_04,,ch25,ch46,241,452,E255,암시,Q261,,,,,추정,확정,
setup_payoff,record,3,d_main_25_04,,d_main_46_af_02,,ch25,ch46,241,452,E256,암시,Q323,,,,,확실,확정,
keyword,auto,1,sub:중앙정부_프로토콜_00,25,d_main_26_01_e,6,sub:중앙정부_프로토콜_00,ch26,242,244,,,,place:방주,171,기록 2 · 이름 1줄,기록 4 · 이름 23줄,,,흔한 대상
character,auto,2,sub:중앙정부_프로토콜_00,75,event_darkhero_prologue,78,sub:중앙정부_프로토콜_00,event_darkhero,242,298,,,,person:엑시아,12,기록 1 · 말함 45줄(79%) · 이름 3줄,기록 2 · 말함 111줄(11%) · 이름 24줄,,,
keyword,auto,2,relic:마더웨일아종목격보고.wav_03,0,d_main_26_12_s,29,relic:마더웨일아종목격보고.wav,ch26,243,244,,,,concept:마더_웨일,6,기록 1 · 이름 5줄,기록 1 · 이름 6줄,,,
setup_payoff,record,3,relic:마더웨일아종목격보고.wav_02,,d_main_26af_01,,relic:마더웨일아종목격보고.wav,ch27,243,267,E263,암시,F1285,,,,,확실,확정,
setup_payoff,record,2,relic:마더웨일아종목격보고.wav_03,,d_main_26af_01,,relic:마더웨일아종목격보고.wav,ch27,243,267,Q152-2,회수,Q152,,,,,추정,확정,전부 · 답 F1285
setup_payoff,record,2,d_main_26_03_e,,d_main_26_07_e,,ch26,ch26,244,244,E267,암시,Q150,,,,,추정,확정,
character,auto,1,d_main_26_12_e,31,sub:로망티스트_01,20,ch26,sub:로망티스트_01,244,245,,,,person:네온,55,기록 2 · 말함 89줄(8%) · 이름 10줄,말함 8줄(13%),,,흔한 대상
character,auto,1,d_main_26_12_e,32,sub:로망티스트_01,31,ch26,sub:로망티스트_01,244,245,,,,person:라피,85,기록 19 · 말함 58줄(5%) · 이름 73줄,말함 11줄(17%),,,흔한 대상
character,auto,1,d_main_26_12_e,23,sub:로망티스트_01,23,ch26,sub:로망티스트_01,244,245,,,,person:아니스,119,기록 3 · 말함 151줄(13%) · 이름 14줄,말함 12줄(19%),,,흔한 대상
keyword,auto,1,d_main_26_01_e,34,relic:저주받은보석_02,0,ch26,relic:저주받은보석,244,247,,,,concept:니케,186,이름 5줄,이름 9줄,,,흔한 대상
keyword,auto,1,d_main_26_12_e,26,relic:저주받은보석_00,0,ch26,relic:저주받은보석,244,247,,,,concept:랩쳐,142,이름 10줄,이름 5줄,,,흔한 대상
setup_payoff,record,3,d_main_26_01_s,,event_redash_prologue,,ch26,event_redash,244,248,E264,암시,F1143,,,,,확실,확정,
setup_payoff,record,3,d_main_26_07_s,,event_redash_prologue,,ch26,event_redash,244,248,E269,암시,F1143,,,,,확실,확정,
setup_payoff,record,2,d_main_26_12_s,,event_redash1_01_e,,ch26,event_redash,244,248,E274,암시,F1142,,,,,추정,확정,
character,auto,2,d_main_26_09,68,event_redash_prologue,53,ch26,event_redash,244,248,,,,person:도로시,31,기록 15 · 말함 235줄(21%) · 이름 36줄,기록 9 · 말함 210줄(10%) · 이름 25줄,,,
character,auto,2,d_main_26_07_e,24,event_redash_prologue,50,ch26,event_redash,244,248,,,,person:라푼젤,18,기록 2 · 말함 7줄(1%) · 이름 2줄,기록 9 · 말함 193줄(9%) · 이름 19줄,,,
character,auto,2,d_main_26_10,6,event_redash_prologue,0,ch26,event_redash,244,248,,,,person:레드_후드,26,기록 32 · 말함 353줄(31%) · 이름 66줄,기록 32 · 말함 720줄(35%) · 이름 174줄,,,
character,auto,2,d_main_26_07_e,24,event_redash_prologue,0,ch26,event_redash,244,248,,,,person:스노우_화이트,26,기록 2 · 말함 3줄(0%) · 이름 5줄,기록 16 · 말함 358줄(17%) · 이름 60줄,,,
character,auto,2,d_main_26_07_e,89,event_redash1_01_s,47,ch26,event_redash,244,248,,,,person:퀸,20,기록 2 · 이름 2줄,기록 2 · 이름 6줄,,,
keyword,auto,2,d_main_26_12_s,32,event_redash1_01_e,63,ch26,event_redash,244,248,,,,concept:울트라,2,기록 2 · 이름 1줄,기록 2 · 이름 6줄,,,
keyword,auto,2,d_main_26_07_e,77,event_redash_prologue,102,ch26,event_redash,244,248,,,,org:갓데스,30,기록 6 · 이름 11줄,기록 19 · 이름 35줄,,,
keyword,auto,1,d_main_26_12_s,21,event_redash1_06_e,84,ch26,event_redash,244,248,,,,place:방주,171,기록 4 · 이름 23줄,기록 5 · 이름 22줄,,,흔한 대상
callback,record,2,d_main_26_05_e,,erelic:red_ash_lost_06,,ch26,erelic:red_ash_lost,244,249,E302,재언급,F1125,,,,,추정,확정,
character,auto,2,d_main_26_10,38,erelic:red_ash_lost_03,56,ch26,erelic:red_ash_lost,244,249,,,,person:엔더슨,32,기록 2 · 말함 33줄(3%),기록 2 · 이름 350줄,,,
callback,record,3,d_main_26_02_e,,erelic:red_ash_mini_05,,ch26,erelic:red_ash_mini,244,250,E308,재언급,F1118,,,,,확실,확정,
callback,record,3,d_main_26_07_s,,erelic:red_ash_mini_05,,ch26,erelic:red_ash_mini,244,250,E308,재언급,F1126,,,,,확실,확정,
callback,record,3,d_main_26_07_e,,ep:d_nikke_RedHood_05,,ch26,char:470,244,251,E1337,재언급,F1129,,,,,확실,확정,
character,auto,2,d_main_26_08,32,event_neverland1_01_s,0,ch26,event_neverland1,244,255,,,,person:잉그리드,37,기록 3 · 말함 29줄(3%) · 이름 4줄,기록 2 · 말함 8줄(0%),,,
keyword,auto,1,d_main_26_12_s,20,event_neverland1_prologue,6,ch26,event_neverland1,244,255,,,,place:지상,132,이름 14줄,이름 16줄,,,흔한 대상
keyword,auto,2,d_main_26_11,23,event_perfectmaid_03_s,10,ch26,event_perfectmaid,244,264,,,,org:미실리스,32,기록 2 · 이름 1줄,이름 5줄,,,
sequel,auto,3,d_main_26_12_e,,d_main_26af_01,,ch26,ch27,244,267,,,,,,,,,,다음 챕터
setup_payoff,record,3,d_main_26_12_e,,d_main_26af_01,,ch26,ch27,244,267,Q155-2,회수,Q155,,,,,확실,확정,일부 · 답 F1284
keyword,auto,2,d_main_26_12_e,33,d_main_26af_01,41,ch26,ch27,244,267,,,,concept:마더_웨일,6,기록 1 · 이름 6줄,기록 2 · 이름 6줄,,,
keyword,auto,2,d_main_26_12_e,15,d_main_26af_01,41,ch26,ch27,244,267,,,,concept:웨일리,7,이름 20줄,기록 3 · 이름 9줄,,,
callback,record,3,d_main_26_07_s,,relic:잘지내라친구_03,,ch26,relic:잘지내라친구,244,272,E333,재언급,F1126,,,,,확실,확정,
character,auto,2,d_main_26_12_s,5,event_liarsend_08,6,ch26,event_liarsend,244,287,,,,person:슈엔,30,기록 3 · 말함 24줄(2%) · 이름 4줄,말함 65줄(18%) · 이름 6줄,,,
callback,record,3,d_main_26_03_s,,side:second_affection_07,,ch26,side:second_affection,244,288,E362,재언급,F1120,,,,,확실,확정,
callback,record,3,d_main_26_03_s,,side:second_affection_16,,ch26,side:second_affection,244,288,E367,재언급,F1120,,,,,확실,확정,
character,auto,2,d_main_26_11,35,side:second_affection_00,9,ch26,side:second_affection,244,288,,,,person:마리안,20,기록 2 · 이름 5줄,기록 27 · 말함 326줄(32%) · 이름 61줄,,,
character,auto,2,d_main_26_06,34,side:second_affection_02,13,ch26,side:second_affection,244,288,,,,person:차임,8,기록 4 · 말함 76줄(7%) · 이름 11줄,기록 10 · 말함 153줄(15%) · 이름 19줄,,,
character,auto,2,d_main_26_06,34,side:second_affection_02,13,ch26,side:second_affection,244,288,,,,person:크라운,8,기록 4 · 말함 48줄(4%) · 이름 6줄,기록 15 · 말함 90줄(9%) · 이름 22줄,,,
keyword,auto,2,d_main_26_03_s,63,d_main_28_af_01,4,ch26,ch29,244,291,,,,org:필그림,21,기록 2 · 이름 2줄,이름 5줄,,,
setup_payoff,record,3,d_main_26_07_e,,d_main_32_01,,ch26,ch32,244,310,E270,암시,F1541,,,,,확실,확정,
callback,record,3,d_main_26_07_e,,d_main_32_01,,ch26,ch32,244,310,E449,재언급,F1129,,,,,확실,확정,
keyword,auto,2,d_main_26_12_s,22,d_main_32_07,13,ch26,ch32,244,310,,,,place:에덴,25,기록 3 · 이름 10줄,기록 2 · 이름 2줄,,,
setup_payoff,record,3,d_main_26_08,,d_main_34_09_e,,ch26,ch34,244,336,E271,암시,Q168,,,,,확실,확정,
callback,record,3,d_main_26_07_s,,event_footstepwalkrun2_06_e,,ch26,event_footstepwalkrun1,244,350,E575,재언급,F1126,,,,,확실,확정,
setup_payoff,record,3,d_main_26_08,,d_main_35bf_01,,ch26,ch35,244,358,E271,암시,F1786,,,,,확실,확정,
setup_payoff,record,2,d_main_26_03_e,,d_main_37_03,,ch26,ch37,244,373,E267,암시,Q150,,,,,추정,확정,
setup_payoff,record,3,d_main_26_09,,d_main_37_03,,ch26,ch37,244,373,E275,암시,F1859,,,,,확실,확정,
callback,record,3,d_main_26_10,,event_overthehorizon_epilogue,,ch26,event_overthehorizon,244,391,E779,재언급,F1133,,,,,확실,확정,
setup_payoff,record,2,d_main_26_03_e,,fl:boom_the_ghost_27,,ch26,fl:boom_the_ghost,244,393,E267,암시,Q150,,,,,추정,확정,
callback,record,3,d_main_26_09,,side:eden_spear_05,,ch26,side:eden_spear,244,411,F1132-2,드러냄,F1132,,,,,확실,확정,
setup_payoff,record,2,d_main_26_03_e,,event_goddessfall2_epilogue,,ch26,event_goddessfall1,244,418,E267,암시,Q150,,,,,추정,확정,
setup_payoff,record,2,d_main_26_10,,fl:ark_guardian_25,,ch26,fl:ark_guardian,244,428,E273,암시,F2373,,,,,추정,확정,
setup_payoff,record,2,d_main_26_03_e,,d_main_44_af_02,,ch26,ch44,244,436,E267,암시,Q150,,,,,추정,확정,
character,auto,2,d_main_26_09,65,d_main_44_06,17,ch26,ch44,244,436,,,,person:버닝엄,14,기록 4 · 말함 34줄(3%),기록 11 · 말함 141줄(6%) · 이름 12줄,,,
callback,record,3,d_main_26_10,,fl:good_world_00,,ch26,fl:good_world,244,448,E1067,재언급,F1133,,,,,확실,확정,
setup_payoff,record,2,d_main_26_09,,d_main_46_af_04,,ch26,ch46,244,452,E272,암시,F2643,,,,,추정,확정,
callback,record,3,d_main_26_07_e,,d_main_48_06_e,,ch26,ch48,244,472,E1236,재언급,F1129,,,,,확실,확정,
character,auto,1,sub:로망티스트_01,84,sub:코인_러시_00,42,sub:로망티스트_01,sub:코인_러시_00,245,246,,,,person:네온,55,말함 8줄(13%),말함 8줄(10%) · 이름 1줄,,,흔한 대상
character,auto,1,sub:로망티스트_01,83,sub:코인_러시_00,40,sub:로망티스트_01,sub:코인_러시_00,245,246,,,,person:아니스,119,말함 12줄(19%),기록 1 · 말함 13줄(17%),,,흔한 대상
character,auto,1,sub:로망티스트_01,98,event_redash1_02_e,23,sub:로망티스트_01,event_redash,245,248,,,,person:라피,85,말함 11줄(17%),기록 3 · 이름 2줄,,,흔한 대상
character,auto,1,sub:코인_러시_00,62,ep:d_nikke_RedHood_01,80,sub:코인_러시_00,char:470,246,251,,,,person:네온,55,말함 8줄(10%) · 이름 1줄,말함 43줄(13%),,,흔한 대상
character,auto,1,sub:코인_러시_00,63,ep:d_nikke_RedHood_01,41,sub:코인_러시_00,char:470,246,251,,,,person:아니스,119,기록 1 · 말함 13줄(17%),기록 3 · 말함 73줄(21%) · 이름 2줄,,,흔한 대상
character,auto,2,sub:코인_러시_00,87,event_neverland1_02_e,31,sub:코인_러시_00,event_neverland1,246,255,,,,person:누아르,7,기록 2 · 말함 29줄(38%) · 이름 2줄,기록 2 · 말함 56줄(3%) · 이름 19줄,,,
character,auto,2,sub:코인_러시_00,85,event_neverland1_02_e,30,sub:코인_러시_00,event_neverland1,246,255,,,,person:블랑,6,기록 2 · 말함 24줄(31%) · 이름 4줄,기록 2 · 말함 118줄(6%) · 이름 23줄,,,
keyword,auto,2,sub:코인_러시_00,35,event_goldencoinrush1_prologue,10,sub:코인_러시_00,event_goldencoinrush1,246,300,,,,org:테트라,13,기록 2 · 이름 1줄,기록 2 · 이름 19줄,,,
keyword,auto,2,sub:코인_러시_00,64,event_goldencoinrush1_prologue,13,sub:코인_러시_00,event_goldencoinrush1,246,300,,,,place:코인_러시,11,기록 2 · 이름 4줄,기록 1 · 이름 37줄,,,
setup_payoff,record,2,sub:코인_러시_00,,d_main_35_04,,sub:코인_러시_00,ch35,246,358,E277,암시,F1798,,,,,추정,확정,
keyword,auto,1,relic:저주받은보석_04,5,event_redash1_01_e,26,relic:저주받은보석,event_redash,247,248,,,,concept:니케,186,이름 9줄,기록 2 · 이름 42줄,,,흔한 대상
keyword,auto,1,relic:저주받은보석_01,3,event_redash_prologue,54,relic:저주받은보석,event_redash,247,248,,,,concept:랩쳐,142,이름 5줄,기록 8 · 이름 96줄,,,흔한 대상
setup_payoff,record,2,relic:저주받은보석_01,,d_main_27_05,,relic:저주받은보석,ch27,247,267,E278,암시,F1297,,,,,추정,확정,
setup_payoff,record,3,relic:저주받은보석_02,,d_main_27_05,,relic:저주받은보석,ch27,247,267,E279,암시,F1297,,,,,확실,확정,
setup_payoff,record,2,relic:저주받은보석_04,,d_main_27_06,,relic:저주받은보석,ch27,247,267,Q156-2,회수,Q156,,,,,추정,확정,일부 · 답 F1297
setup_payoff,record,2,event_redash_prologue,,event_redash1_01_e,,event_redash,event_redash,248,248,E281,암시,F1142,,,,,추정,확정,
setup_payoff,record,2,event_redash1_02_s,,event_redash1_06_e,,event_redash,event_redash,248,248,E283,암시,F1152,,,,,추정,확정,
setup_payoff,record,2,event_redash1_02_e,,event_redash2_04_e,,event_redash,event_redash,248,248,E286,암시,F1168,,,,,추정,확정,
setup_payoff,record,2,event_redash1_03_s,,event_redash2_04_e,,event_redash,event_redash,248,248,E288,암시,F1169,,,,,추정,확정,
setup_payoff,record,3,event_redash1_05_s,,event_redash1_06_e,,event_redash,event_redash,248,248,E290,암시,F1154,,,,,확실,확정,
sequel,auto,3,event_redash2_epilogue,,erelic:red_ash_lost_00,,event_redash,erelic:red_ash_lost,248,249,,,,,,,,,,이벤트 → 이벤트 유실물
setup_payoff,record,2,event_redash1_02_s,,erelic:red_ash_lost_10,,event_redash,erelic:red_ash_lost,248,249,E284,암시,F1181,,,,,추정,확정,
setup_payoff,record,2,event_redash1_04_s,,erelic:red_ash_lost_10,,event_redash,erelic:red_ash_lost,248,249,E289,암시,Q90,,,,,추정,확정,
character,auto,2,event_redash2_06_e,227,erelic:red_ash_lost_03,1,event_redash,erelic:red_ash_lost,248,249,,,,person:도로시,31,기록 9 · 말함 210줄(10%) · 이름 25줄,기록 4 · 말함 153줄(14%) · 이름 20줄,,,
character,auto,2,event_redash2_06_e,228,erelic:red_ash_lost_00,1,event_redash,erelic:red_ash_lost,248,249,,,,person:라푼젤,18,기록 9 · 말함 193줄(9%) · 이름 19줄,기록 3 · 말함 261줄(24%) · 이름 33줄,,,
character,auto,2,event_redash2_epilogue,75,erelic:red_ash_lost_00,1,event_redash,erelic:red_ash_lost,248,249,,,,person:레드_후드,26,기록 32 · 말함 720줄(35%) · 이름 174줄,기록 5 · 말함 280줄(26%) · 이름 47줄,,,
character,auto,2,event_redash2_04_e,40,erelic:red_ash_lost_04,1,event_redash,erelic:red_ash_lost,248,249,,,,person:릴리바이스,14,기록 18 · 말함 275줄(13%) · 이름 13줄,기록 8 · 말함 199줄(18%) · 이름 6줄,,,
character,auto,2,event_redash2_06_e,229,erelic:red_ash_lost_03,1,event_redash,erelic:red_ash_lost,248,249,,,,person:홍련,18,기록 6 · 말함 172줄(8%) · 이름 24줄,기록 4 · 말함 107줄(10%) · 이름 22줄,,,
keyword,auto,1,event_redash2_epilogue,67,erelic:red_ash_lost_06,5,event_redash,erelic:red_ash_lost,248,249,,,,concept:니케,186,기록 2 · 이름 42줄,이름 10줄,,,흔한 대상
keyword,auto,2,event_redash2_epilogue,0,erelic:red_ash_lost_00,1,event_redash,erelic:red_ash_lost,248,249,,,,concept:침식,21,기록 14 · 이름 37줄,기록 2 · 이름 8줄,,,
keyword,auto,2,event_redash2_02_s,17,erelic:red_ash_lost_06,1,event_redash,erelic:red_ash_lost,248,249,,,,concept:페어리_테일,7,기록 3 · 이름 9줄,기록 5 · 이름 7줄,,,
keyword,auto,2,event_redash2_02_e,31,erelic:red_ash_lost_00,1,event_redash,erelic:red_ash_lost,248,249,,,,org:V.T.C.,10,기록 4 · 이름 6줄,기록 3 · 이름 7줄,,,
keyword,auto,2,event_redash2_06_e,68,erelic:red_ash_lost_06,1,event_redash,erelic:red_ash_lost,248,249,,,,org:갓데스,30,기록 19 · 이름 35줄,기록 7 · 이름 8줄,,,
sequel,auto,3,event_redash2_epilogue,,erelic:red_ash_mini_00,,event_redash,erelic:red_ash_mini,248,250,,,,,,,,,,이벤트 → 이벤트 유실물
character,auto,2,event_redash2_06_e,234,erelic:red_ash_mini_00,0,event_redash,erelic:red_ash_mini,248,250,,,,person:스노우_화이트,26,기록 16 · 말함 358줄(17%) · 이름 60줄,기록 5 · 말함 88줄(33%) · 이름 4줄,,,
character,auto,2,event_redash2_06_e,77,erelic:red_ash_mini_06,0,event_redash,erelic:red_ash_mini,248,250,,,,person:신데렐라,26,기록 5 · 이름 19줄,기록 2 · 이름 5줄,,,
callback,record,3,event_redash2_06_e,,ep:d_nikke_RedHood_03,,event_redash,char:470,248,251,E1336,재언급,F1172,,,,,확실,확정,
character,auto,1,event_redash2_epilogue,78,ep:d_nikke_RedHood_01,74,event_redash,char:470,248,251,,,,person:라피,85,기록 3 · 이름 2줄,기록 2 · 이름 4줄,,,흔한 대상
keyword,auto,1,event_redash2_epilogue,50,ep:d_nikke_RedHood_01,28,event_redash,char:470,248,251,,,,concept:랩쳐,142,기록 8 · 이름 96줄,이름 10줄,,,흔한 대상
keyword,auto,1,event_redash2_05_s,64,ep:d_nikke_RedHood_01,41,event_redash,char:470,248,251,,,,place:방주,171,기록 5 · 이름 22줄,기록 2 · 이름 17줄,,,흔한 대상
setup_payoff,record,2,event_redash1_01_s,,event_newyearnewsword_06_s,,event_redash,event_newyearnewsword,248,258,E282,암시,F1238,,,,,추정,확정,
setup_payoff,record,2,event_redash1_04_s,,event_newyearnewsword_06_s,,event_redash,event_newyearnewsword,248,258,E289,암시,Q90,,,,,추정,확정,
keyword,auto,2,event_redash2_epilogue,71,event_newyearnewsword_01_e,86,event_redash,event_newyearnewsword,248,258,,,,concept:양산형_니케,26,기록 4 · 이름 22줄,기록 1 · 이름 16줄,,,
keyword,auto,2,event_redash2_02_e,28,event_newyearnewsword_02_s,33,event_redash,event_newyearnewsword,248,258,,,,org:인류연합군,7,기록 4 · 이름 5줄,기록 4 · 이름 5줄,,,
keyword,auto,1,event_redash2_03_e,58,d_main_26af_01,57,event_redash,ch27,248,267,,,,org:중앙_정부,67,기록 3 · 이름 8줄,기록 1 · 이름 10줄,,,흔한 대상
callback,record,2,event_redash1_06_e,,sub:피라_02,,event_redash,sub:피라_02,248,270,E332,재언급,F1154,,,,,추정,확정,
setup_payoff,record,2,event_redash_prologue,,relic:잘지내라친구_01,,event_redash,relic:잘지내라친구,248,272,E280,암시,F1307,,,,,추정,확정,
keyword,auto,2,event_redash2_02_s,18,sub:택틱컬틱택_00,14,event_redash,sub:택틱컬틱택_00,248,274,,,,org:엘리시온,17,기록 2 · 이름 6줄,기록 2 · 이름 4줄,,,
character,auto,2,event_redash2_06_e,89,d_main_30_07_s,61,event_redash,ch30,248,293,,,,person:아나키오르,9,기록 4 · 말함 6줄(0%) · 이름 19줄,기록 2 · 이름 3줄,,,
character,auto,2,event_redash1_06_e,84,event_lastkingdom2_06_s,4,event_redash,event_lastkingdom1,248,295,,,,person:퀸,20,기록 2 · 이름 6줄,기록 2 · 이름 2줄,,,
callback,record,3,event_redash2_05_e,,d_main_31_01_s,,event_redash,ch31,248,308,E433,재언급,F1171,,,,,확실,확정,
callback,record,3,event_redash2_05_e,,d_main_32_05,,event_redash,ch32,248,310,E451,재언급,F1171,,,,,확실,확정,
keyword,auto,2,event_redash2_06_e,63,d_main_32_02_s,1,event_redash,ch32,248,310,,,,item:유리_구두,6,기록 4 · 이름 6줄,기록 6 · 이름 32줄,,,
callback,record,3,event_redash2_04_e,,d_main_34_09_e,,event_redash,ch34,248,336,E514,재언급,F1168,,,,,확실,확정,
sequel,manual,2,event_redash2_epilogue,,event_oldtales1_prologue,,event_redash,event_oldtales1,248,338,Y18,,,,,,,추정,확정,"oldtales1은 redash의 궤도 엘리베이터 강습 실패와 아나키오르가 된 신데렐라를 출발점으로, 그 반대편 이야기와 이후를 잇는다."
callback,record,3,event_redash2_05_e,,event_oldtales2_01_s,,event_redash,event_oldtales1,248,338,E533,재언급,F1171,,,,,확실,확정,
callback,record,3,event_redash2_02_s,,event_oldtales2_02_e,,event_redash,event_oldtales1,248,338,E534,재언급,F1158,,,,,확실,확정,
callback,record,2,event_redash1_intermission_01,,event_oldtales1_03_e,,event_redash,event_oldtales1,248,338,F1146-2,드러냄,F1146,,,,,추정,확정,
callback,record,3,event_redash1_06_e,,event_oldtales1_intermission_01,,event_redash,event_oldtales1,248,338,F1152-2,드러냄,F1152,,,,,확실,확정,
callback,record,3,event_redash2_02_s,,event_oldtales1_04_s,,event_redash,event_oldtales1,248,338,F1158-2,드러냄,F1158,,,,,확실,확정,
character,auto,2,event_redash2_04_e,128,event_oldtales1_05_s,15,event_redash,event_oldtales1,248,338,,,,person:오스왈드,7,기록 7 · 말함 105줄(5%) · 이름 10줄,기록 9 · 말함 181줄(7%) · 이름 14줄,,,
keyword,auto,2,event_redash1_06_e,85,event_oldtales1_01_e,42,event_redash,event_oldtales1,248,338,,,,place:궤도_엘리베이터,11,기록 3 · 이름 17줄,기록 4 · 이름 18줄,,,
callback,record,3,event_redash2_02_s,,ep:d_nikke_grave_01,,event_redash,char:514,248,344,E1397,재언급,F1158,,,,,확실,확정,
setup_payoff,record,2,event_redash1_02_e,,event_footstepwalkrun2_intermission_01,,event_redash,event_footstepwalkrun1,248,350,E287,암시,Q157,,,,,추정,확정,
setup_payoff,record,2,event_redash2_06_e,,event_footstepwalkrun2_intermission_01,,event_redash,event_footstepwalkrun1,248,350,E299,암시,Q157,,,,,추정,확정,
setup_payoff,record,3,event_redash2_epilogue,,event_footstepwalkrun2_06_e,,event_redash,event_footstepwalkrun1,248,350,E301,암시,F1763,,,,,확실,확정,
setup_payoff,record,3,event_redash2_epilogue,,event_footstepwalkrun2_intermission_01,,event_redash,event_footstepwalkrun1,248,350,Q157-2,회수,Q157,,,,,확실,확정,일부 · 답 F1756
callback,record,3,event_redash2_epilogue,,event_footstepwalkrun2_01_e,,event_redash,event_footstepwalkrun1,248,350,E565,재언급,F1173,,,,,확실,확정,
callback,record,3,event_redash_prologue,,event_footstepwalkrun2_04_e,,event_redash,event_footstepwalkrun1,248,350,E571,재언급,F1143,,,,,확실,확정,
callback,record,3,event_redash1_01_e,,ep:d_nikke_ce006_03_04,,event_redash,char:852,248,388,E1437,재언급,F1141,,,,,확실,확정,
setup_payoff,record,3,event_redash2_02_s,,fl:ark_guardian_03,,event_redash,fl:ark_guardian,248,428,E293,암시,F2358,,,,,확실,확정,
setup_payoff,record,2,event_redash2_intermission_01,,fl:ark_guardian_03,,event_redash,fl:ark_guardian,248,428,E297,암시,F2358,,,,,추정,확정,
callback,record,3,event_redash2_06_e,,fl:ark_guardian_02,,event_redash,fl:ark_guardian,248,428,E972,재언급,F1172,,,,,확실,확정,
callback,record,3,event_redash2_04_e,,fl:ark_guardian_02,,event_redash,fl:ark_guardian,248,428,E973,재언급,F1168,,,,,확실,확정,
callback,record,2,event_redash2_03_e,,fl:ark_guardian_17,,event_redash,fl:ark_guardian,248,428,E987,재언급,F1166,,,,,추정,확정,
callback,record,3,event_redash2_03_e,,fl:ark_guardian_26,,event_redash,fl:ark_guardian,248,428,E995,재언급,F1166,,,,,확실,확정,
character,auto,2,event_redash2_04_e,146,fl:ark_guardian_05,61,event_redash,fl:ark_guardian,248,428,,,,person:프리시아,3,기록 4 · 말함 26줄(1%) · 이름 4줄,기록 2 · 말함 96줄(5%) · 이름 30줄,,,
setup_payoff,record,2,event_redash2_intermission_01,,d_main_44_07,,event_redash,ch44,248,436,E296,암시,F2430,,,,,추정,확정,
setup_payoff,record,2,event_redash2_06_e,,d_main_44_07,,event_redash,ch44,248,436,E300,암시,F2430,,,,,추정,확정,
setup_payoff,record,2,event_redash2_02_e,,side:pretty_star_14,,event_redash,side:pretty_star,248,447,E294,암시,Q247,,,,,추정,확정,
setup_payoff,record,2,event_redash2_02_e,,side:pretty_star_14,,event_redash,side:pretty_star,248,447,E294,암시,F2558,,,,,추정,확정,
setup_payoff,record,3,event_redash2_03_e,,side:pretty_star_01,,event_redash,side:pretty_star,248,447,E295,암시,F2543,,,,,확실,확정,
setup_payoff,record,2,erelic:red_ash_lost_09,,erelic:red_ash_lost_15,,erelic:red_ash_lost,erelic:red_ash_lost,249,249,E303,암시,F1182,,,,,추정,확정,
character,auto,2,erelic:red_ash_lost_15,23,erelic:red_ash_mini_04,0,erelic:red_ash_lost,erelic:red_ash_mini,249,250,,,,person:도로시,31,기록 4 · 말함 153줄(14%) · 이름 20줄,기록 2 · 말함 25줄(9%) · 이름 1줄,,,
character,auto,2,erelic:red_ash_lost_17,1,erelic:red_ash_mini_00,0,erelic:red_ash_lost,erelic:red_ash_mini,249,250,,,,person:레드_후드,26,기록 5 · 말함 280줄(26%) · 이름 47줄,기록 5 · 말함 82줄(30%) · 이름 4줄,,,
keyword,auto,2,erelic:red_ash_lost_19,5,erelic:red_ash_mini_00,0,erelic:red_ash_lost,erelic:red_ash_mini,249,250,,,,org:갓데스,30,기록 7 · 이름 8줄,기록 3 · 이름 19줄,,,
character,auto,2,erelic:red_ash_lost_20,42,ep:d_nikke_RedHood_02,4,erelic:red_ash_lost,char:470,249,251,,,,person:릴리바이스,14,기록 8 · 말함 199줄(18%) · 이름 6줄,기록 2 · 이름 6줄,,,
character,auto,2,erelic:red_ash_lost_15,24,ep:d_nikke_RedHood_01,78,erelic:red_ash_lost,char:470,249,251,,,,person:홍련,18,기록 4 · 말함 107줄(10%) · 이름 22줄,기록 2 · 이름 7줄,,,
keyword,auto,1,erelic:red_ash_lost_11,10,ep:d_nikke_RedHood_01,12,erelic:red_ash_lost,char:470,249,251,,,,concept:니케,186,이름 10줄,이름 10줄,,,흔한 대상
keyword,auto,2,erelic:red_ash_lost_16,33,ep:d_nikke_RedHood_02,0,erelic:red_ash_lost,char:470,249,251,,,,concept:페어리_테일,7,기록 5 · 이름 7줄,기록 1 · 이름 9줄,,,
character,auto,2,erelic:red_ash_lost_20,34,event_neverland1_01_s,0,erelic:red_ash_lost,event_neverland1,249,255,,,,person:엔더슨,32,기록 2 · 이름 350줄,기록 3 · 말함 40줄(2%) · 이름 5줄,,,
callback,record,2,erelic:red_ash_lost_10,,event_newyearnewsword_03_e,,erelic:red_ash_lost,event_newyearnewsword,249,258,E312,재언급,F1181,,,,,추정,확정,
callback,record,3,erelic:red_ash_lost_10,,event_newyearnewsword_06_e,,erelic:red_ash_lost,event_newyearnewsword,249,258,F1181-2,드러냄,F1181,,,,,확실,확정,
callback,record,3,erelic:red_ash_lost_10,,ep:d_nikke_hongryeon_blackshadow_05,,erelic:red_ash_lost,char:225,249,259,E1349,재언급,F1181,,,,,확실,확정,
character,auto,2,erelic:red_ash_lost_18,52,side:second_affection_00,2,erelic:red_ash_lost,side:second_affection,249,288,,,,person:라푼젤,18,기록 3 · 말함 261줄(24%) · 이름 33줄,기록 7 · 말함 137줄(13%) · 이름 20줄,,,
keyword,auto,2,erelic:red_ash_lost_02,43,event_lastkingdom1_05_e,37,erelic:red_ash_lost,event_lastkingdom1,249,295,,,,concept:침식,21,기록 2 · 이름 8줄,기록 1 · 이름 5줄,,,
keyword,auto,2,erelic:red_ash_lost_07,74,event_oldtales1_01_s,27,erelic:red_ash_lost,event_oldtales1,249,338,,,,org:V.T.C.,10,기록 3 · 이름 7줄,기록 7 · 이름 12줄,,,
setup_payoff,record,3,erelic:red_ash_lost_19,,fl:ark_guardian_03,,erelic:red_ash_lost,fl:ark_guardian,249,428,Q159-2,회수,Q159,,,,,확실,확정,전부 · 답 F2358
callback,record,3,erelic:red_ash_lost_03,,d_main_46_af_07,,erelic:red_ash_lost,ch46,249,452,E1116,재언급,F1176,,,,,확실,확정,
setup_payoff,record,2,erelic:red_ash_lost_10,,d_main_47_04,,erelic:red_ash_lost,ch47,249,470,E304,암시,Q363,,,,,추정,확정,
character,auto,2,erelic:red_ash_mini_08,28,ep:d_nikke_RedHood_01,6,erelic:red_ash_mini,char:470,250,251,,,,person:레드_후드,26,기록 5 · 말함 82줄(30%) · 이름 4줄,기록 11 · 말함 226줄(66%) · 이름 8줄,,,
keyword,auto,2,erelic:red_ash_mini_06,43,ep:d_nikke_RedHood_01,36,erelic:red_ash_mini,char:470,250,251,,,,org:갓데스,30,기록 3 · 이름 19줄,기록 4 · 이름 17줄,,,
character,auto,2,erelic:red_ash_mini_08,29,ep:d_nikke_snowwhite_young_01,1,erelic:red_ash_mini,char:224,250,252,,,,person:스노우_화이트,26,기록 5 · 말함 88줄(33%) · 이름 4줄,기록 9 · 말함 224줄(50%) · 이름 25줄,,,
setup_payoff,record,2,erelic:red_ash_mini_02,,event_newyearnewsword_06_s,,erelic:red_ash_mini,event_newyearnewsword,250,258,E307,암시,F1238,,,,,추정,확정,
character,auto,2,erelic:red_ash_mini_08,25,ep:d_nikke_hongryeon_blackshadow_01,0,erelic:red_ash_mini,char:225,250,259,,,,person:도로시,31,기록 2 · 말함 25줄(9%) · 이름 1줄,기록 4 · 말함 67줄(16%) · 이름 3줄,,,
character,auto,2,erelic:red_ash_mini_06,51,d_main_31_06,51,erelic:red_ash_mini,ch31,250,308,,,,person:신데렐라,26,기록 2 · 이름 5줄,기록 2 · 이름 2줄,,,
setup_payoff,record,3,erelic:red_ash_mini_06,,event_oldtales1_intermission_01,,erelic:red_ash_mini,event_oldtales1,250,338,E309,암시,F1669,,,,,확실,확정,
prereq,game-condition,3,ep:d_nikke_RedHood_01,,ep:d_nikke_RedHood_02,,char:470,char:470,251,251,,,,,,,,,,condition_scenario_group_id
prereq,game-condition,3,ep:d_nikke_RedHood_02,,ep:d_nikke_RedHood_03,,char:470,char:470,251,251,,,,,,,,,,condition_scenario_group_id
prereq,game-condition,3,ep:d_nikke_RedHood_03,,ep:d_nikke_RedHood_04,,char:470,char:470,251,251,,,,,,,,,,condition_scenario_group_id
prereq,game-condition,3,ep:d_nikke_RedHood_04,,ep:d_nikke_RedHood_05,,char:470,char:470,251,251,,,,,,,,,,condition_scenario_group_id
callback,record,3,ep:d_nikke_RedHood_02,,ep:d_nikke_snowwhite_young_03,,char:470,char:224,251,252,E1339,재언급,F1193,,,,,확실,확정,
character,auto,2,ep:d_nikke_RedHood_02,28,ep:d_nikke_snowwhite_young_01,2,char:470,char:224,251,252,,,,person:릴리바이스,14,기록 2 · 이름 6줄,기록 6 · 말함 225줄(50%) · 이름 23줄,,,
keyword,auto,1,ep:d_nikke_RedHood_04,35,ep:d_nikke_snowwhite_young_01,37,char:470,char:224,251,252,,,,concept:니케,186,이름 10줄,기록 1 · 이름 13줄,,,흔한 대상
keyword,auto,1,ep:d_nikke_RedHood_03,31,ep:d_nikke_snowwhite_young_02,51,char:470,char:224,251,252,,,,concept:랩쳐,142,이름 10줄,기록 3 · 이름 19줄,,,흔한 대상
keyword,auto,1,ep:d_nikke_RedHood_04,64,event_alonesurvivor_01_s,21,char:470,event_alonesurvivor,251,253,,,,place:방주,171,기록 2 · 이름 17줄,기록 2 · 이름 6줄,,,흔한 대상
character,auto,2,ep:d_nikke_RedHood_05,41,event_newyearnewsword_prologue,0,char:470,event_newyearnewsword,251,258,,,,person:홍련,18,기록 2 · 이름 7줄,기록 18 · 말함 449줄(50%) · 이름 60줄,,,
keyword,auto,2,ep:d_nikke_RedHood_02,41,event_newyearnewsword_02_s,46,char:470,event_newyearnewsword,251,258,,,,concept:페어리_테일,7,기록 1 · 이름 9줄,이름 5줄,,,
keyword,auto,2,ep:d_nikke_RedHood_04,34,event_newyearnewsword_02_s,33,char:470,event_newyearnewsword,251,258,,,,org:갓데스,30,기록 4 · 이름 17줄,기록 2 · 이름 6줄,,,
character,auto,2,ep:d_nikke_RedHood_05,74,ep:d_nikke_hongryeon_blackshadow_01,14,char:470,char:225,251,259,,,,person:레드_후드,26,기록 11 · 말함 226줄(66%) · 이름 8줄,기록 2 · 말함 59줄(14%) · 이름 13줄,,,
callback,record,2,ep:d_nikke_RedHood_02,,d_main_26af_02,,char:470,ch27,251,267,E324,재언급,F1192,,,,,추정,확정,
character,auto,1,ep:d_nikke_RedHood_05,11,d_main_26af_01,4,char:470,ch27,251,267,,,,person:네온,55,말함 43줄(13%),기록 5 · 말함 77줄(6%) · 이름 12줄,,,흔한 대상
character,auto,1,ep:d_nikke_RedHood_05,72,d_main_26af_01,19,char:470,ch27,251,267,,,,person:라피,85,기록 2 · 이름 4줄,기록 3 · 말함 132줄(11%) · 이름 8줄,,,흔한 대상
character,auto,1,ep:d_nikke_RedHood_05,12,d_main_26af_01,11,char:470,ch27,251,267,,,,person:아니스,119,기록 3 · 말함 73줄(21%) · 이름 2줄,기록 3 · 말함 110줄(9%) · 이름 12줄,,,흔한 대상
prereq,game-condition,3,ep:d_nikke_snowwhite_young_01,,ep:d_nikke_snowwhite_young_02,,char:224,char:224,252,252,,,,,,,,,,condition_scenario_group_id
prereq,game-condition,3,ep:d_nikke_snowwhite_young_02,,ep:d_nikke_snowwhite_young_03,,char:224,char:224,252,252,,,,,,,,,,condition_scenario_group_id
prereq,game-condition,3,ep:d_nikke_snowwhite_young_03,,ep:d_nikke_snowwhite_young_04,,char:224,char:224,252,252,,,,,,,,,,condition_scenario_group_id
prereq,game-condition,3,ep:d_nikke_snowwhite_young_04,,ep:d_nikke_snowwhite_young_05,,char:224,char:224,252,252,,,,,,,,,,condition_scenario_group_id
keyword,auto,1,ep:d_nikke_snowwhite_young_05,165,event_alonesurvivor_prologue,30,char:224,event_alonesurvivor,252,253,,,,concept:니케,186,기록 1 · 이름 13줄,이름 16줄,,,흔한 대상
keyword,auto,1,ep:d_nikke_snowwhite_young_05,89,event_neverland2_02_e,56,char:224,event_neverland1,252,255,,,,concept:랩쳐,142,기록 3 · 이름 19줄,이름 7줄,,,흔한 대상
character,auto,2,ep:d_nikke_snowwhite_young_05,185,ep:d_nikke_hongryeon_blackshadow_01,0,char:224,char:225,252,259,,,,person:릴리바이스,14,기록 6 · 말함 225줄(50%) · 이름 23줄,기록 2 · 말함 72줄(17%) · 이름 4줄,,,
character,auto,2,ep:d_nikke_snowwhite_young_05,183,side:second_affection_00,0,char:224,side:second_affection,252,288,,,,person:스노우_화이트,26,기록 9 · 말함 224줄(50%) · 이름 25줄,기록 12 · 말함 163줄(16%) · 이름 29줄,,,
character,auto,2,event_alonesurvivor_epilogue,40,ep:d_nikke_tove_01,13,event_alonesurvivor,char:192,253,254,,,,person:루드밀라,11,기록 6 · 말함 193줄(21%) · 이름 11줄,기록 6 · 말함 93줄(20%) · 이름 8줄,,,
character,auto,2,event_alonesurvivor_epilogue,68,ep:d_nikke_tove_01,1,event_alonesurvivor,char:192,253,254,,,,person:토브,3,기록 11 · 말함 646줄(71%) · 이름 64줄,기록 5 · 말함 326줄(69%) · 이름 29줄,,,
keyword,auto,1,event_alonesurvivor_epilogue,36,ep:d_nikke_tove_01,15,event_alonesurvivor,char:192,253,254,,,,concept:니케,186,이름 16줄,기록 1 · 이름 6줄,,,흔한 대상
keyword,auto,2,event_alonesurvivor_epilogue,72,ep:d_nikke_tove_01,6,event_alonesurvivor,char:192,253,254,,,,org:언리미티드,6,기록 6 · 이름 8줄,기록 2 · 이름 9줄,,,
keyword,auto,2,event_alonesurvivor_epilogue,0,ep:d_nikke_tove_01,0,event_alonesurvivor,char:192,253,254,,,,place:북부,7,이름 16줄,이름 5줄,,,
keyword,auto,1,event_alonesurvivor_06_e,75,event_neverland1_prologue,60,event_alonesurvivor,event_neverland1,253,255,,,,place:방주,171,기록 2 · 이름 6줄,이름 7줄,,,흔한 대상
prereq,game-condition,3,ep:d_nikke_tove_01,,ep:d_nikke_tove_02,,char:192,char:192,254,254,,,,,,,,,,condition_scenario_group_id
prereq,game-condition,3,ep:d_nikke_tove_02,,ep:d_nikke_tove_03,,char:192,char:192,254,254,,,,,,,,,,condition_scenario_group_id
prereq,game-condition,3,ep:d_nikke_tove_03,,ep:d_nikke_tove_04,,char:192,char:192,254,254,,,,,,,,,,condition_scenario_group_id
prereq,game-condition,3,ep:d_nikke_tove_04,,ep:d_nikke_tove_05,,char:192,char:192,254,254,,,,,,,,,,condition_scenario_group_id
character,auto,2,ep:d_nikke_tove_05,116,event_neverland1_prologue,0,char:192,event_neverland1,254,255,,,,person:루드밀라,11,기록 6 · 말함 93줄(20%) · 이름 8줄,기록 8 · 말함 375줄(20%) · 이름 48줄,,,
keyword,auto,1,ep:d_nikke_tove_04,84,event_neverland1_01_s,12,char:192,event_neverland1,254,255,,,,concept:니케,186,기록 1 · 이름 6줄,이름 8줄,,,흔한 대상
keyword,auto,2,ep:d_nikke_tove_05,98,event_neverland1_prologue,58,char:192,event_neverland1,254,255,,,,place:북부,7,이름 5줄,이름 16줄,,,
character,auto,2,ep:d_nikke_tove_05,128,ep:d_nikke_alice_wonderlandbunny_01,10,char:192,char:195,254,302,,,,person:토브,3,기록 5 · 말함 326줄(69%) · 이름 29줄,말함 41줄(13%) · 이름 1줄,,,
keyword,auto,2,ep:d_nikke_tove_05,130,fl:absolute_02,42,char:192,fl:absolute,254,400,,,,org:언리미티드,6,기록 2 · 이름 9줄,기록 4 · 이름 10줄,,,
character,game-condition,3,ep:d_nikke_tove_01,,fav:201101,,char:192,,254,,,,,,,,,,,애장품 소유: 토브 (name_code 5081)
setup_payoff,record,2,event_neverland1_02_s,,event_neverland2_04_s,,event_neverland1,event_neverland1,255,255,E1342,암시,F1220,,,,,추정,확정,
setup_payoff,record,3,event_neverland1_02_e,,event_neverland2_04_s,,event_neverland1,event_neverland1,255,255,E1343,암시,F1220,,,,,확실,확정,
setup_payoff,record,3,event_neverland1_03_s,,event_neverland2_epilogue,,event_neverland1,event_neverland1,255,255,E1344,암시,F1221,,,,,확실,확정,
setup_payoff,record,3,event_neverland1_04_s,,event_neverland2_04_s,,event_neverland1,event_neverland1,255,255,E1345,암시,F1218,,,,,확실,확정,
setup_payoff,record,2,event_neverland1_05_s,,event_neverland2_01_e,,event_neverland1,event_neverland1,255,255,E1346,암시,F1216,,,,,추정,확정,
setup_payoff,record,3,event_neverland2_03_e,,event_neverland2_05_s,,event_neverland1,event_neverland1,255,255,E1347,암시,F1219,,,,,확실,확정,
callback,record,2,event_neverland2_01_e,,ep:d_nikke_ludmilla_winterowner_04,,event_neverland1,char:194,255,256,E1610,재언급,F1216,,,,,추정,확정,
callback,record,3,event_neverland2_04_s,,ep:d_nikke_ludmilla_winterowner_04,,event_neverland1,char:194,255,256,E1611,재언급,F1218,,,,,확실,확정,
character,auto,2,event_neverland2_epilogue,93,ep:d_nikke_ludmilla_winterowner_01,15,event_neverland1,char:194,255,256,,,,person:루드밀라,11,기록 8 · 말함 375줄(20%) · 이름 48줄,기록 5 · 말함 201줄(94%) · 이름 70줄,,,
character,auto,2,event_neverland2_epilogue,94,ep:d_nikke_ludmilla_winterowner_03,14,event_neverland1,char:194,255,256,,,,person:미카,6,기록 10 · 말함 537줄(28%) · 이름 202줄,기록 2 · 말함 13줄(6%) · 이름 8줄,,,
character,auto,2,event_neverland2_epilogue,95,ep:d_nikke_ludmilla_winterowner_03,14,event_neverland1,char:194,255,256,,,,person:벨로타,6,기록 8 · 말함 399줄(21%) · 이름 213줄,기록 3 · 이름 4줄,,,
keyword,auto,1,event_neverland2_epilogue,14,ep:d_nikke_ludmilla_winterowner_03,48,event_neverland1,char:194,255,256,,,,concept:니케,186,이름 8줄,이름 11줄,,,흔한 대상
keyword,auto,2,event_neverland2_04_s,1,ep:d_nikke_ludmilla_winterowner_01,0,event_neverland1,char:194,255,256,,,,concept:로열,7,기록 2 · 이름 10줄,기록 1 · 이름 21줄,,,
keyword,auto,2,event_neverland2_epilogue,41,ep:d_nikke_ludmilla_winterowner_01,73,event_neverland1,char:194,255,256,,,,place:설온장,4,기록 3 · 이름 23줄,기록 1 · 이름 17줄,,,
keyword,auto,2,event_neverland2_04_s,2,ep:d_nikke_ludmilla_winterowner_01,50,event_neverland1,char:194,255,256,,,,place:천사_고아원,2,기록 4 · 이름 21줄,기록 3 · 이름 4줄,,,
keyword,auto,1,event_neverland2_06_e,10,event_newyearnewsword_01_e,70,event_neverland1,event_newyearnewsword,255,258,,,,concept:랩쳐,142,이름 7줄,이름 40줄,,,흔한 대상
keyword,auto,1,event_neverland2_02_e,57,event_newyearnewsword_01_s,34,event_neverland1,event_newyearnewsword,255,258,,,,place:지상,132,이름 16줄,이름 6줄,,,흔한 대상
character,auto,2,event_neverland2_epilogue,13,d_main_26af_01,160,event_neverland1,ch27,255,267,,,,person:엔더슨,32,기록 3 · 말함 40줄(2%) · 이름 5줄,기록 7 · 말함 76줄(6%),,,
keyword,auto,2,event_neverland1_03_s,44,d_main_27_01_s,35,event_neverland1,ch27,255,267,,,,org:카운터스,32,기록 1 · 이름 5줄,기록 1 · 이름 7줄,,,
keyword,auto,1,event_neverland2_epilogue,60,d_main_26af_01,114,event_neverland1,ch27,255,267,,,,place:방주,171,이름 7줄,기록 5 · 이름 19줄,,,흔한 대상
character,auto,2,event_neverland1_01_s,28,sub:택틱컬틱택_01,18,event_neverland1,sub:택틱컬틱택_01,255,275,,,,person:잉그리드,37,기록 2 · 말함 8줄(0%),기록 4 · 이름 3줄,,,
character,auto,2,event_neverland2_06_e,147,event_goldencoinrush1_02_s,30,event_neverland1,event_goldencoinrush1,255,300,,,,person:누아르,7,기록 2 · 말함 56줄(3%) · 이름 19줄,기록 2 · 말함 16줄(1%) · 이름 10줄,,,
character,auto,2,event_neverland2_06_e,146,event_goldencoinrush1_prologue,6,event_neverland1,event_goldencoinrush1,255,300,,,,person:블랑,6,기록 2 · 말함 118줄(6%) · 이름 23줄,기록 3 · 말함 67줄(2%) · 이름 22줄,,,
keyword,auto,2,event_neverland2_03_s,94,d_main_31_01_e,4,event_neverland1,ch31,255,308,,,,org:앱솔루트,15,기록 1 · 이름 5줄,기록 3 · 이름 13줄,,,
keyword,auto,2,event_neverland1_02_e,27,fl:absolute_03,30,event_neverland1,fl:absolute,255,400,,,,org:스카우팅,2,기록 1 · 이름 6줄,기록 3 · 이름 6줄,,,
keyword,auto,2,event_neverland2_epilogue,14,fl:absolute_03,30,event_neverland1,fl:absolute,255,400,,,,place:북부,7,이름 16줄,기록 3 · 이름 10줄,,,
prereq,game-condition,3,ep:d_nikke_ludmilla_winterowner_01,,ep:d_nikke_ludmilla_winterowner_02,,char:194,char:194,256,256,,,,,,,,,,condition_scenario_group_id
prereq,game-condition,3,ep:d_nikke_ludmilla_winterowner_02,,ep:d_nikke_ludmilla_winterowner_03,,char:194,char:194,256,256,,,,,,,,,,condition_scenario_group_id
prereq,game-condition,3,ep:d_nikke_ludmilla_winterowner_03,,ep:d_nikke_ludmilla_winterowner_04,,char:194,char:194,256,256,,,,,,,,,,condition_scenario_group_id
prereq,game-condition,3,ep:d_nikke_ludmilla_winterowner_04,,ep:d_nikke_ludmilla_winterowner_05,,char:194,char:194,256,256,,,,,,,,,,condition_scenario_group_id
character,auto,2,ep:d_nikke_ludmilla_winterowner_05,10,ep:d_nikke_mica_snowbuddy_01,0,char:194,char:62,256,257,,,,person:미카,6,기록 2 · 말함 13줄(6%) · 이름 8줄,기록 7 · 말함 210줄(60%) · 이름 82줄,,,
character,auto,2,ep:d_nikke_ludmilla_winterowner_05,10,ep:d_nikke_mica_snowbuddy_01,0,char:194,char:62,256,257,,,,person:벨로타,6,기록 3 · 이름 4줄,기록 4 · 말함 126줄(36%) · 이름 79줄,,,
keyword,auto,2,ep:d_nikke_ludmilla_winterowner_05,17,ep:d_nikke_mica_snowbuddy_01,21,char:194,char:62,256,257,,,,place:설온장,4,기록 1 · 이름 17줄,기록 1 · 이름 7줄,,,
keyword,auto,1,ep:d_nikke_ludmilla_winterowner_05,42,event_newyearnewsword_prologue,14,char:194,event_newyearnewsword,256,258,,,,concept:니케,186,이름 11줄,기록 1 · 이름 38줄,,,흔한 대상
keyword,auto,2,ep:d_nikke_ludmilla_winterowner_04,59,event_killthelord_01_s,22,char:194,event_killthelord,256,282,,,,concept:로열,7,기록 1 · 이름 21줄,기록 3 · 이름 12줄,,,
character,auto,2,ep:d_nikke_ludmilla_winterowner_05,60,event_goldencoinrush1_01_s,17,char:194,event_goldencoinrush1,256,300,,,,person:루드밀라,11,기록 5 · 말함 201줄(94%) · 이름 70줄,기록 2 · 말함 4줄(0%) · 이름 4줄,,,
prereq,game-condition,3,ep:d_nikke_mica_snowbuddy_01,,ep:d_nikke_mica_snowbuddy_02,,char:62,char:62,257,257,,,,,,,,,,condition_scenario_group_id
prereq,game-condition,3,ep:d_nikke_mica_snowbuddy_02,,ep:d_nikke_mica_snowbuddy_03,,char:62,char:62,257,257,,,,,,,,,,condition_scenario_group_id
prereq,game-condition,3,ep:d_nikke_mica_snowbuddy_03,,ep:d_nikke_mica_snowbuddy_04,,char:62,char:62,257,257,,,,,,,,,,condition_scenario_group_id
prereq,game-condition,3,ep:d_nikke_mica_snowbuddy_04,,ep:d_nikke_mica_snowbuddy_05,,char:62,char:62,257,257,,,,,,,,,,condition_scenario_group_id
character,auto,2,ep:d_nikke_mica_snowbuddy_05,72,ep:d_nikke_ce009_02_01,0,char:62,char:871,257,477,,,,person:미카,6,기록 7 · 말함 210줄(60%) · 이름 82줄,기록 1 · 말함 35줄(12%) · 이름 9줄,,,
keyword,auto,2,ep:d_nikke_mica_snowbuddy_04,84,ep:d_nikke_ce009_02_01,0,char:62,char:871,257,477,,,,place:설온장,4,기록 1 · 이름 7줄,기록 1 · 이름 17줄,,,
setup_payoff,record,3,event_newyearnewsword_01_s,,event_newyearnewsword_03_e,,event_newyearnewsword,event_newyearnewsword,258,258,E310,암시,F2882,,,,,확실,확정,
setup_payoff,record,3,event_newyearnewsword_02_s,,event_newyearnewsword_06_s,,event_newyearnewsword,event_newyearnewsword,258,258,E311,암시,F1238,,,,,확실,확정,
setup_payoff,record,3,event_newyearnewsword_03_e,,event_newyearnewsword_03_e,,event_newyearnewsword,event_newyearnewsword,258,258,E313,암시,F1240,,,,,확실,확정,
setup_payoff,record,3,event_newyearnewsword_03_e,,event_newyearnewsword_06_e,,event_newyearnewsword,event_newyearnewsword,258,258,E314,암시,F1239,,,,,확실,확정,
callback,record,3,event_newyearnewsword_epilogue,,ep:d_nikke_hongryeon_blackshadow_01,,event_newyearnewsword,char:225,258,259,F1241-2,드러냄,F1241,,,,,확실,확정,
character,auto,2,event_newyearnewsword_epilogue,65,ep:d_nikke_hongryeon_blackshadow_01,0,event_newyearnewsword,char:225,258,259,,,,person:홍련,18,기록 18 · 말함 449줄(50%) · 이름 60줄,기록 8 · 말함 169줄(40%) · 이름 28줄,,,
keyword,auto,2,event_newyearnewsword_03_e,86,ep:d_nikke_hongryeon_blackshadow_01,0,event_newyearnewsword,char:225,258,259,,,,org:갓데스,30,기록 2 · 이름 6줄,기록 4 · 이름 7줄,,,
keyword,auto,2,event_newyearnewsword_06_e,49,ep:d_nikke_hongryeon_blackshadow_05,3,event_newyearnewsword,char:225,258,259,,,,org:근접_전투_스쿼드,2,기록 10 · 이름 5줄,기록 2 · 이름 9줄,,,
keyword,auto,1,event_newyearnewsword_epilogue,45,event_lionheart_03_s,29,event_newyearnewsword,event_lionheart,258,260,,,,place:지상,132,이름 6줄,이름 24줄,,,흔한 대상
keyword,auto,1,event_newyearnewsword_06_e,54,event_perfectmaid_04_s,51,event_newyearnewsword,event_perfectmaid,258,264,,,,concept:니케,186,기록 1 · 이름 38줄,기록 1 · 이름 11줄,,,흔한 대상
keyword,auto,1,event_newyearnewsword_06_e,57,d_main_26af_01,15,event_newyearnewsword,ch27,258,267,,,,concept:랩쳐,142,이름 40줄,기록 4 · 이름 63줄,,,흔한 대상
keyword,auto,2,event_newyearnewsword_05_e,79,sub:택틱컬틱택_00,14,event_newyearnewsword,sub:택틱컬틱택_00,258,274,,,,concept:양산형_니케,26,기록 1 · 이름 16줄,기록 1 · 이름 10줄,,,
callback,record,2,event_newyearnewsword_03_e,,event_lastkingdom2_02_s,,event_newyearnewsword,event_lastkingdom1,258,295,E404,재언급,F1230,,,,,추정,확정,
keyword,auto,2,event_newyearnewsword_05_e,67,event_oldtales1_01_s,27,event_newyearnewsword,event_oldtales1,258,338,,,,concept:페어리_테일,7,이름 5줄,기록 6 · 이름 26줄,,,
keyword,auto,2,event_newyearnewsword_06_e,49,event_oldtales1_01_s,27,event_newyearnewsword,event_oldtales1,258,338,,,,org:인류연합군,7,기록 4 · 이름 5줄,기록 4 · 이름 5줄,,,
character,auto,2,event_newyearnewsword_01_e,7,d_main_39_af_05,4,event_newyearnewsword,ch39,258,396,,,,person:노이즈,5,기록 3 · 말함 16줄(2%) · 이름 6줄,기록 2 · 말함 39줄(2%) · 이름 1줄,,,
character,auto,2,event_newyearnewsword_epilogue,54,event_goddessfall1_intermission_01,105,event_newyearnewsword,event_goddessfall1,258,418,,,,person:장화,5,기록 20 · 말함 415줄(47%) · 이름 39줄,기록 8 · 말함 58줄(2%) · 이름 11줄,,,
keyword,auto,2,event_newyearnewsword_06_s,9,fl:ark_guardian_11,137,event_newyearnewsword,fl:ark_guardian,258,428,,,,concept:사고_전환,8,기록 2 · 이름 8줄,기록 3 · 이름 5줄,,,
setup_payoff,record,2,event_newyearnewsword_epilogue,,d_main_46_06,,event_newyearnewsword,ch46,258,452,E315,암시,F2619,,,,,추정,확정,
callback,record,3,event_newyearnewsword_06_s,,d_main_46_06,,event_newyearnewsword,ch46,258,452,E1097,재언급,F1238,,,,,확실,확정,
callback,record,2,event_newyearnewsword_06_e,,d_main_47_04,,event_newyearnewsword,ch47,258,470,E1217,재언급,F1239,,,,,추정,확정,
callback,record,2,event_newyearnewsword_06_s,,d_main_47_04,,event_newyearnewsword,ch47,258,470,E1217,재언급,F1237,,,,,추정,확정,
callback,record,3,event_newyearnewsword_06_s,,d_main_48_04,,event_newyearnewsword,ch48,258,472,E1230,재언급,F1238,,,,,확실,확정,
prereq,game-condition,3,ep:d_nikke_hongryeon_blackshadow_01,,ep:d_nikke_hongryeon_blackshadow_02,,char:225,char:225,259,259,,,,,,,,,,condition_scenario_group_id
prereq,game-condition,3,ep:d_nikke_hongryeon_blackshadow_02,,ep:d_nikke_hongryeon_blackshadow_03,,char:225,char:225,259,259,,,,,,,,,,condition_scenario_group_id
prereq,game-condition,3,ep:d_nikke_hongryeon_blackshadow_03,,ep:d_nikke_hongryeon_blackshadow_04,,char:225,char:225,259,259,,,,,,,,,,condition_scenario_group_id
prereq,game-condition,3,ep:d_nikke_hongryeon_blackshadow_04,,ep:d_nikke_hongryeon_blackshadow_05,,char:225,char:225,259,259,,,,,,,,,,condition_scenario_group_id
character,auto,2,ep:d_nikke_hongryeon_blackshadow_05,67,d_main_26af_02,59,char:225,ch27,259,267,,,,person:도로시,31,기록 4 · 말함 67줄(16%) · 이름 3줄,기록 2 · 이름 1줄,,,
character,auto,2,ep:d_nikke_hongryeon_blackshadow_05,64,sub:피라_02,3,char:225,sub:피라_02,259,270,,,,person:레드_후드,26,기록 2 · 말함 59줄(14%) · 이름 13줄,기록 5 · 말함 1줄(1%) · 이름 4줄,,,
character,auto,2,ep:d_nikke_hongryeon_blackshadow_05,69,side:second_affection_00,1,char:225,side:second_affection,259,288,,,,person:홍련,18,기록 8 · 말함 169줄(40%) · 이름 28줄,기록 7 · 말함 146줄(14%) · 이름 10줄,,,
keyword,auto,2,ep:d_nikke_hongryeon_blackshadow_05,3,d_main_32_01,75,char:225,ch32,259,310,,,,org:갓데스,30,기록 4 · 이름 7줄,기록 2 · 이름 6줄,,,
character,auto,2,ep:d_nikke_hongryeon_blackshadow_05,40,event_nonsensered_2,0,char:225,event_nonsensered,259,326,,,,person:릴리바이스,14,기록 2 · 말함 72줄(17%) · 이름 4줄,기록 1 · 말함 56줄(17%) · 이름 2줄,,,
setup_payoff,record,3,event_lionheart_01_s,,event_lionheart_epilogue,,event_lionheart,event_lionheart,260,260,E1350,암시,F1252,,,,,확실,확정,
setup_payoff,record,3,event_lionheart_03_s,,event_lionheart_epilogue,,event_lionheart,event_lionheart,260,260,E1351,암시,F1252,,,,,확실,확정,
setup_payoff,record,3,event_lionheart_intermission_01,,event_lionheart_epilogue,,event_lionheart,event_lionheart,260,260,E1352,암시,F1252,,,,,확실,확정,
setup_payoff,record,2,event_lionheart_02_s,,event_lionheart_06_s,,event_lionheart,event_lionheart,260,260,E1353,암시,F1251,,,,,추정,확정,
setup_payoff,record,3,event_lionheart_03_e,,event_lionheart_06_s,,event_lionheart,event_lionheart,260,260,E1354,암시,F1251,,,,,확실,확정,
setup_payoff,record,2,event_lionheart_04_s,,event_lionheart_06_s,,event_lionheart,event_lionheart,260,260,E1355,암시,F1251,,,,,추정,확정,
character,auto,2,event_lionheart_epilogue,48,ep:d_nikke_leona_01,1,event_lionheart,char:382,260,261,,,,person:레오나,3,기록 14 · 말함 558줄(54%) · 이름 51줄,기록 6 · 말함 248줄(81%) · 이름 27줄,,,
character,auto,2,event_lionheart_06_e,92,ep:d_nikke_leona_01,7,event_lionheart,char:382,260,261,,,,person:티미,2,기록 2 · 말함 14줄(1%) · 이름 55줄,기록 2 · 말함 33줄(11%) · 이름 80줄,,,
keyword,auto,2,event_lionheart_06_s,83,ep:d_nikke_leona_01,19,event_lionheart,char:382,260,261,,,,org:해피_주,3,기록 5 · 이름 2줄,기록 2 · 이름 1줄,,,
keyword,auto,1,event_lionheart_epilogue,47,ep:d_nikke_leona_02,40,event_lionheart,char:382,260,261,,,,place:지상,132,이름 24줄,이름 12줄,,,흔한 대상
character,auto,2,event_lionheart_epilogue,47,event_dirtybackyard_06_e,1,event_lionheart,event_dirtybackyard,260,262,,,,person:머스탱,27,기록 4 · 말함 56줄(5%) · 이름 3줄,기록 2 · 이름 3줄,,,
character,auto,2,event_lionheart_06_e,88,event_secretgarden_01_s,21,event_lionheart,event_secretgarden,260,345,,,,person:비스킷,5,기록 1 · 말함 238줄(23%) · 이름 23줄,기록 3 · 말함 278줄(26%) · 이름 26줄,,,
character,auto,2,event_lionheart_epilogue,17,event_icedragonsaga1_prologue,14,event_lionheart,event_icedragonsaga1,260,347,,,,person:길로틴,6,기록 3 · 말함 59줄(6%) · 이름 26줄,기록 25 · 말함 902줄(36%) · 이름 205줄,,,
prereq,game-condition,3,ep:d_nikke_leona_01,,ep:d_nikke_leona_02,,char:382,char:382,261,261,,,,,,,,,,condition_scenario_group_id
prereq,game-condition,3,ep:d_nikke_leona_02,,ep:d_nikke_leona_03,,char:382,char:382,261,261,,,,,,,,,,condition_scenario_group_id
prereq,game-condition,3,ep:d_nikke_leona_03,,ep:d_nikke_leona_04,,char:382,char:382,261,261,,,,,,,,,,condition_scenario_group_id
prereq,game-condition,3,ep:d_nikke_leona_04,,ep:d_nikke_leona_05,,char:382,char:382,261,261,,,,,,,,,,condition_scenario_group_id
keyword,auto,1,ep:d_nikke_leona_05,124,d_main_26af_01,0,char:382,ch27,261,267,,,,place:지상,132,이름 12줄,이름 23줄,,,흔한 대상
keyword,auto,2,ep:d_nikke_leona_03,37,event_secretgarden_01_e,68,char:382,event_secretgarden,261,345,,,,org:해피_주,3,기록 2 · 이름 1줄,이름 7줄,,,
character,auto,2,ep:d_nikke_leona_05,122,ep:d_nikke_arkrangerblack_02,36,char:382,char:570,261,463,,,,person:레오나,3,기록 6 · 말함 248줄(81%) · 이름 27줄,기록 1 · 말함 28줄(11%) · 이름 3줄,,,
setup_payoff,record,3,event_dirtybackyard_03_e,,event_dirtybackyard_05_e,,event_dirtybackyard,event_dirtybackyard,262,262,E316,암시,F1263,,,,,확실,확정,
setup_payoff,record,2,event_dirtybackyard_05_e,,event_dirtybackyard_epilogue,,event_dirtybackyard,event_dirtybackyard,262,262,E317,암시,F1267,,,,,추정,확정,
character,auto,2,event_dirtybackyard_epilogue,102,ep:d_nikke_moran_01,1,event_dirtybackyard,char:281,262,263,,,,person:목단,9,기록 13 · 말함 419줄(50%) · 이름 73줄,기록 4 · 말함 286줄(70%) · 이름 30줄,,,
character,auto,2,event_dirtybackyard_intermission_01,16,ep:d_nikke_moran_01,0,event_dirtybackyard,char:281,262,263,,,,person:진,4,기록 2 · 말함 82줄(10%),기록 2 · 말함 61줄(15%),,,
keyword,auto,2,event_dirtybackyard_epilogue,91,ep:d_nikke_moran_01,8,event_dirtybackyard,char:281,262,263,,,,org:모란회,4,기록 7 · 이름 30줄,기록 2 · 이름 10줄,,,
sequel,manual,2,event_dirtybackyard_epilogue,,event_killthelord_prologue,,event_dirtybackyard,event_killthelord,262,282,Y21,,,,,,,추정,확정,"killthelord의 로산나는 dirtybackyard 결말대로 목단을 건드린 식스오를 쫓고 있고 모임의 환각 디퓨저가 미스트로 만든 것이라, 식스오 · 미스트 줄이 이 편으로 이어진다."
callback,record,3,event_dirtybackyard_04_e,,event_killthelord_03_e,,event_dirtybackyard,event_killthelord,262,282,E357,재언급,Q161,,,,,확실,확정,
character,auto,2,event_dirtybackyard_epilogue,105,event_killthelord_03_e,105,event_dirtybackyard,event_killthelord,262,282,,,,person:식스오,9,기록 10 · 이름 30줄,기록 3 · 이름 6줄,,,
keyword,auto,2,event_dirtybackyard_epilogue,110,event_killthelord_02_s,90,event_dirtybackyard,event_killthelord,262,282,,,,concept:미스트,7,기록 6 · 이름 51줄,기록 3 · 이름 1줄,,,
setup_payoff,record,3,event_dirtybackyard_epilogue,,d_main_30_02,,event_dirtybackyard,ch30,262,293,E320,암시,Q161,,,,,확실,확정,
setup_payoff,record,2,event_dirtybackyard_04_e,,d_main_30_02,,event_dirtybackyard,ch30,262,293,Q161-2,회수,Q161,,,,,추정,확정,일부 · 답 F1400
callback,record,3,event_dirtybackyard_06_e,,d_main_30_02,,event_dirtybackyard,ch30,262,293,E379,재언급,F1265,,,,,확실,확정,
callback,record,3,event_dirtybackyard_06_e,,d_main_30_02,,event_dirtybackyard,ch30,262,293,E379,재언급,F1264,,,,,확실,확정,
keyword,auto,2,event_dirtybackyard_04_e,30,d_main_30_02,99,event_dirtybackyard,ch30,262,293,,,,place:블랙넷,6,기록 3 · 이름 2줄,기록 1 · 이름 7줄,,,
character,auto,2,event_dirtybackyard_06_e,49,event_goldencoinrush1_prologue,0,event_dirtybackyard,event_goldencoinrush1,262,300,,,,person:머스탱,27,기록 2 · 이름 3줄,기록 2 · 말함 322줄(11%) · 이름 25줄,,,
character,auto,2,event_dirtybackyard_epilogue,15,event_beautyfullshot1_prologue,30,event_dirtybackyard,event_beautyfullshot1,262,305,,,,person:사쿠라,10,기록 2 · 말함 23줄(3%) · 이름 3줄,기록 10 · 말함 509줄(25%) · 이름 93줄,,,
keyword,auto,2,event_dirtybackyard_06_e,70,event_beautyfullshot1_01_s,0,event_dirtybackyard,event_beautyfullshot1,262,305,,,,org:언더월드_퀸,9,기록 2 · 이름 3줄,기록 5 · 이름 4줄,,,
keyword,auto,2,event_dirtybackyard_epilogue,107,event_beautyfullshot2_03_s,75,event_dirtybackyard,event_beautyfullshot1,262,305,,,,place:아우터_림,43,기록 8 · 이름 26줄,기록 2 · 이름 5줄,,,
setup_payoff,record,3,event_dirtybackyard_06_s,,event_lordforjustice_05_s,,event_dirtybackyard,event_lordforjustice,262,385,E318,암시,F1965,,,,,확실,확정,
setup_payoff,record,3,event_dirtybackyard_epilogue,,event_lordforjustice_04_s,,event_dirtybackyard,event_lordforjustice,262,385,E320,암시,Q161,,,,,확실,확정,
setup_payoff,record,3,event_dirtybackyard_04_e,,event_lordforjustice_04_s,,event_dirtybackyard,event_lordforjustice,262,385,Q161-3,회수,Q161,,,,,확실,확정,일부 · 답 F1962
callback,record,2,event_dirtybackyard_05_e,,event_lordforjustice_02_e,,event_dirtybackyard,event_lordforjustice,262,385,E736,재언급,F1263,,,,,추정,확정,
keyword,auto,2,event_dirtybackyard_epilogue,117,event_lordforjustice_05_s,0,event_dirtybackyard,event_lordforjustice,262,385,,,,place:포그_할로우,2,기록 8 · 이름 25줄,기록 2 · 이름 4줄,,,
callback,record,3,event_dirtybackyard_06_e,,d_main_40_af_02,,event_dirtybackyard,ch40,262,398,E823,재언급,F1264,,,,,확실,확정,
character,auto,2,event_dirtybackyard_epilogue,37,ep:d_nikke_milk_bloomingbunny_01,22,event_dirtybackyard,char:143,262,406,,,,person:슈가,10,기록 11 · 말함 293줄(35%) · 이름 41줄,기록 1 · 말함 36줄(13%) · 이름 14줄,,,
setup_payoff,record,3,event_dirtybackyard_epilogue,,d_main_41_af_06,,event_dirtybackyard,ch41,262,414,E320,암시,Q161,,,,,확실,확정,
setup_payoff,record,3,event_dirtybackyard_04_e,,d_main_41_af_06,,event_dirtybackyard,ch41,262,414,Q161-4,회수,Q161,,,,,확실,확정,일부 · 답 F2209
setup_payoff,record,2,event_dirtybackyard_epilogue,,d_main_44_af_05,,event_dirtybackyard,ch44,262,436,E319,암시,F2450,,,,,추정,확정,
setup_payoff,record,3,event_dirtybackyard_epilogue,,d_main_44_af_03,,event_dirtybackyard,ch44,262,436,E320,암시,Q161,,,,,확실,확정,
setup_payoff,record,3,event_dirtybackyard_04_e,,d_main_44_af_03,,event_dirtybackyard,ch44,262,436,Q161-5,회수,Q161,,,,,확실,확정,일부 · 답 F2443
callback,record,3,event_dirtybackyard_05_e,,d_main_44_af_04,,event_dirtybackyard,ch44,262,436,E1028,재언급,F1263,,,,,확실,확정,
callback,record,3,event_dirtybackyard_06_e,,d_main_44_af_04,,event_dirtybackyard,ch44,262,436,E1029,재언급,F1264,,,,,확실,확정,
callback,record,3,event_dirtybackyard_06_e,,d_main_44_af_05,,event_dirtybackyard,ch44,262,436,E1030,재언급,F1264,,,,,확실,확정,
setup_payoff,record,3,event_dirtybackyard_epilogue,,d_main_45_09,,event_dirtybackyard,ch45,262,450,E320,암시,Q161,,,,,확실,확정,
setup_payoff,record,3,event_dirtybackyard_04_e,,d_main_45_09,,event_dirtybackyard,ch45,262,450,Q161-6,회수,Q161,,,,,확실,확정,일부 · 답 F2596
callback,record,3,event_dirtybackyard_06_e,,fl:ark_ranger_14,,event_dirtybackyard,fl:ark_ranger,262,462,E1175,재언급,F1264,,,,,확실,확정,
prereq,game-condition,3,ep:d_nikke_moran_01,,ep:d_nikke_moran_02,,char:281,char:281,263,263,,,,,,,,,,condition_scenario_group_id
prereq,game-condition,3,ep:d_nikke_moran_02,,ep:d_nikke_moran_03,,char:281,char:281,263,263,,,,,,,,,,condition_scenario_group_id
prereq,game-condition,3,ep:d_nikke_moran_03,,ep:d_nikke_moran_04,,char:281,char:281,263,263,,,,,,,,,,condition_scenario_group_id
prereq,game-condition,3,ep:d_nikke_moran_04,,ep:d_nikke_moran_05,,char:281,char:281,263,263,,,,,,,,,,condition_scenario_group_id
character,auto,2,ep:d_nikke_moran_05,130,event_beautyfullshot1_01_s,0,char:281,event_beautyfullshot1,263,305,,,,person:목단,9,기록 4 · 말함 286줄(70%) · 이름 30줄,기록 2 · 말함 53줄(3%) · 이름 7줄,,,
keyword,auto,2,ep:d_nikke_moran_05,65,event_lordforjustice_02_e,15,char:281,event_lordforjustice,263,385,,,,org:모란회,4,기록 2 · 이름 10줄,기록 2 · 이름 3줄,,,
keyword,auto,2,ep:d_nikke_moran_05,100,fl:coins_in_rush_13,62,char:281,fl:coins_in_rush,263,404,,,,concept:크레디트,4,이름 13줄,기록 1 · 이름 11줄,,,
character,auto,2,ep:d_nikke_moran_05,84,d_main_44_af_05,19,char:281,ch44,263,436,,,,person:진,4,기록 2 · 말함 61줄(15%),기록 2 · 말함 78줄(4%),,,
character,game-condition,3,ep:d_nikke_moran_01,,fav:201701,,char:281,,263,,,,,,,,,,,애장품 소유: 목단 (name_code 1021)
setup_payoff,record,3,event_perfectmaid_01_s,,event_perfectmaid_intermission_01,,event_perfectmaid,event_perfectmaid,264,264,E1357,암시,F1276,,,,,확실,확정,
character,auto,2,event_perfectmaid_epilogue,89,ep:d_nikke_privaty_unkindmaid_01,0,event_perfectmaid,char:313,264,265,,,,person:프리바티,11,기록 6 · 말함 464줄(43%) · 이름 74줄,기록 3 · 말함 299줄(96%) · 이름 21줄,,,
character,auto,2,event_perfectmaid_epilogue,117,ep:d_nikke_ade_01,15,event_perfectmaid,char:310,264,266,,,,person:에이드,9,기록 13 · 말함 314줄(29%) · 이름 91줄,기록 5 · 말함 207줄(82%) · 이름 53줄,,,
character,auto,2,event_perfectmaid_epilogue,33,ep:d_nikke_ade_01,6,event_perfectmaid,char:310,264,266,,,,person:코코아,10,기록 2 · 말함 126줄(12%) · 이름 38줄,기록 1 · 말함 31줄(12%) · 이름 6줄,,,
keyword,auto,1,event_perfectmaid_04_e,61,d_main_27_01_s,38,event_perfectmaid,ch27,264,267,,,,concept:니케,186,기록 1 · 이름 11줄,이름 5줄,,,흔한 대상
keyword,auto,2,event_perfectmaid_epilogue,37,event_boomsday_01_s,0,event_perfectmaid,event_boomsday,264,280,,,,org:미실리스,32,이름 5줄,기록 2 · 이름 6줄,,,
keyword,auto,2,event_perfectmaid_epilogue,37,event_liarsend_08,3,event_perfectmaid,event_liarsend,264,287,,,,org:메티스,21,이름 6줄,이름 7줄,,,
callback,record,2,event_perfectmaid_02_s,,event_goldencoinrush1_01_s,,event_perfectmaid,event_goldencoinrush1,264,300,E1365,재언급,F1275,,,,,추정,확정,
keyword,auto,2,event_perfectmaid_epilogue,42,event_goldencoinrush1_prologue,56,event_perfectmaid,event_goldencoinrush1,264,300,,,,org:메이드_포_유,4,기록 4 · 이름 2줄,기록 3 · 이름 7줄,,,
character,auto,2,event_perfectmaid_epilogue,34,ep:d_nikke_quency_escapequeen_01,31,event_perfectmaid,char:403,264,329,,,,person:드레이크,16,기록 2 · 말함 64줄(6%) · 이름 19줄,기록 1 · 말함 53줄(12%) · 이름 17줄,,,
callback,record,2,event_perfectmaid_prologue,,fl:coins_in_rush_24,,event_perfectmaid,fl:coins_in_rush,264,404,E866,재언급,F1273,,,,,추정,확정,
callback,record,3,event_perfectmaid_02_s,,fl:2x2_love_1ch_21,,event_perfectmaid,fl:2x2_love_1ch,264,444,E1498,재언급,F1275,,,,,확실,확정,
callback,record,2,event_perfectmaid_04_e,,fl:2x2_love_2ch_23,,event_perfectmaid,fl:2x2_love_2ch,264,445,E1513,재언급,F1277,,,,,추정,확정,
prereq,game-condition,3,ep:d_nikke_privaty_unkindmaid_01,,ep:d_nikke_privaty_unkindmaid_02,,char:313,char:313,265,265,,,,,,,,,,condition_scenario_group_id
prereq,game-condition,3,ep:d_nikke_privaty_unkindmaid_02,,ep:d_nikke_privaty_unkindmaid_03,,char:313,char:313,265,265,,,,,,,,,,condition_scenario_group_id
prereq,game-condition,3,ep:d_nikke_privaty_unkindmaid_03,,ep:d_nikke_privaty_unkindmaid_04,,char:313,char:313,265,265,,,,,,,,,,condition_scenario_group_id
prereq,game-condition,3,ep:d_nikke_privaty_unkindmaid_04,,ep:d_nikke_privaty_unkindmaid_05,,char:313,char:313,265,265,,,,,,,,,,condition_scenario_group_id
character,auto,2,ep:d_nikke_privaty_unkindmaid_05,128,event_colorless_prologue,32,char:313,event_colorless,265,319,,,,person:프리바티,11,기록 3 · 말함 299줄(96%) · 이름 21줄,기록 6 · 말함 207줄(19%) · 이름 32줄,,,
callback,record,3,ep:d_nikke_privaty_unkindmaid_01,,fl:2x2_love_1ch_07,,char:313,fl:2x2_love_1ch,265,444,E1488,재언급,F1279,,,,,확실,확정,
callback,record,3,ep:d_nikke_privaty_unkindmaid_01,,fl:2x2_love_2ch_17,,char:313,fl:2x2_love_2ch,265,445,E1507,재언급,F1279,,,,,확실,확정,
callback,record,2,ep:d_nikke_privaty_unkindmaid_01,,fl:2x2_love_2ch_38,,char:313,fl:2x2_love_2ch,265,445,E1516,재언급,F1279,,,,,추정,확정,
prereq,game-condition,3,ep:d_nikke_ade_01,,ep:d_nikke_ade_02,,char:310,char:310,266,266,,,,,,,,,,condition_scenario_group_id
prereq,game-condition,3,ep:d_nikke_ade_02,,ep:d_nikke_ade_03,,char:310,char:310,266,266,,,,,,,,,,condition_scenario_group_id
prereq,game-condition,3,ep:d_nikke_ade_03,,ep:d_nikke_ade_04,,char:310,char:310,266,266,,,,,,,,,,condition_scenario_group_id
prereq,game-condition,3,ep:d_nikke_ade_04,,ep:d_nikke_ade_05,,char:310,char:310,266,266,,,,,,,,,,condition_scenario_group_id
character,auto,2,ep:d_nikke_ade_05,76,ep:d_nikke_ce_003_03_01,1,char:310,char:822,266,284,,,,person:코코아,10,기록 1 · 말함 31줄(12%) · 이름 6줄,기록 2 · 말함 95줄(59%) · 이름 18줄,,,
character,auto,2,ep:d_nikke_ade_05,82,event_goldencoinrush1_prologue,36,char:310,event_goldencoinrush1,266,300,,,,person:에이드,9,기록 5 · 말함 207줄(82%) · 이름 53줄,기록 3 · 말함 63줄(2%) · 이름 17줄,,,
setup_payoff,record,2,d_main_26af_01,,d_main_27_08,,ch27,ch27,267,267,E321,암시,F1301,,,,,추정,확정,
setup_payoff,record,3,d_main_27_04_e,,d_main_27_07,,ch27,ch27,267,267,E328,암시,F1298,,,,,확실,확정,
character,auto,1,d_main_27_09_e,82,sub:피라_00,1,ch27,sub:피라_00,267,268,,,,person:라피,85,기록 3 · 말함 132줄(11%) · 이름 8줄,기록 3 · 말함 19줄(43%) · 이름 6줄,,,흔한 대상
keyword,auto,2,d_main_27_07,63,sub:피라_02,3,ch27,sub:피라_02,267,270,,,,place:탈환지_01,3,기록 4 · 이름 12줄,기록 3 · 이름 1줄,,,
character,auto,1,d_main_27_09_e,4,sub:트윙클_00,4,ch27,sub:트윙클_00,267,271,,,,person:아니스,119,기록 3 · 말함 110줄(9%) · 이름 12줄,기록 2 · 말함 48줄(39%) · 이름 7줄,,,흔한 대상
keyword,auto,1,d_main_27_09_e,70,sub:트윙클_00,10,ch27,sub:트윙클_00,267,271,,,,place:지상,132,이름 23줄,이름 9줄,,,흔한 대상
sequel,auto,3,d_main_27_09_e,,d_main_28_01_s,,ch27,ch28,267,273,,,,,,,,,,다음 챕터
setup_payoff,record,2,d_main_27_08,,d_main_28_03,,ch27,ch28,267,273,E331,암시,F1311,,,,,추정,확정,
setup_payoff,record,2,d_main_27_09_s,,d_main_28_11_s,,ch27,ch28,267,273,Q166-2,회수,Q166,,,,,추정,확정,일부 · 답 F1321
character,auto,1,d_main_27_09_s,63,d_main_28_01_e,57,ch27,ch28,267,273,,,,person:네온,55,기록 5 · 말함 77줄(6%) · 이름 12줄,기록 3 · 말함 104줄(9%) · 이름 20줄,,,흔한 대상
character,auto,2,d_main_27_09_e,83,d_main_28_01_s,2,ch27,ch28,267,273,,,,person:리버린,9,기록 12 · 말함 211줄(17%) · 이름 18줄,기록 10 · 말함 275줄(24%) · 이름 42줄,,,
character,auto,2,d_main_27_09_e,36,d_main_28_01_s,32,ch27,ch28,267,273,,,,person:시프티,18,기록 3 · 말함 114줄(9%) · 이름 7줄,기록 4 · 말함 61줄(5%) · 이름 4줄,,,
character,auto,2,d_main_27_09_e,74,d_main_28_01_s,0,ch27,ch28,267,273,,,,person:일레그,14,기록 13 · 말함 252줄(21%) · 이름 22줄,기록 13 · 말함 242줄(21%) · 이름 30줄,,,
character,auto,2,d_main_27_09_e,86,d_main_28_01_s,3,ch27,ch28,267,273,,,,person:해머링,6,기록 9 · 말함 158줄(13%) · 이름 31줄,기록 4 · 말함 129줄(11%) · 이름 32줄,,,
keyword,auto,1,d_main_27_09_e,75,d_main_28_01_e,23,ch27,ch28,267,273,,,,concept:랩쳐,142,기록 4 · 이름 63줄,기록 2 · 이름 29줄,,,흔한 대상
keyword,auto,1,d_main_27_09_e,69,d_main_28_02,31,ch27,ch28,267,273,,,,place:방주,171,기록 5 · 이름 19줄,기록 4 · 이름 11줄,,,흔한 대상
keyword,auto,2,d_main_27_09_e,34,d_main_28_01_s,14,ch27,ch28,267,273,,,,place:수정_지역,14,기록 8 · 이름 8줄,기록 12,,,
keyword,auto,1,d_main_27_04_e,78,sub:택틱컬틱택_00,14,ch27,sub:택틱컬틱택_00,267,274,,,,concept:니케,186,이름 5줄,이름 8줄,,,흔한 대상
callback,record,3,d_main_27_05,,relic:조난일지_03,,ch27,relic:조난일지,267,279,E341,재언급,F1297,,,,,확실,확정,
setup_payoff,record,2,d_main_27_03_e,,event_boomsday_04_s,,ch27,event_boomsday,267,280,E327,암시,Q171,,,,,추정,확정,
callback,record,3,d_main_27_03_s,,event_boomsday_epilogue,,ch27,event_boomsday,267,280,E351,재언급,F1294,,,,,확실,확정,
keyword,auto,2,d_main_27_03_e,49,event_boomsday_01_s,0,ch27,event_boomsday,267,280,,,,org:일렉트릭_쇼크,5,기록 2 · 이름 4줄,기록 2 · 이름 18줄,,,
keyword,auto,1,d_main_27_02,21,event_killthelord_01_s,24,ch27,event_killthelord,267,282,,,,org:중앙_정부,67,기록 1 · 이름 10줄,기록 1 · 이름 6줄,,,흔한 대상
callback,record,3,d_main_27_06,,d_main_29_02_e,,ch27,ch29,267,291,E370,재언급,Q163,,,,,확실,확정,
keyword,auto,2,d_main_27_03_s,38,d_main_28_af_01,30,ch27,ch29,267,291,,,,org:해머&드릴,2,기록 3 · 이름 4줄,기록 2 · 이름 2줄,,,
setup_payoff,record,2,d_main_27_03_s,,d_main_30_02,,ch27,ch30,267,293,E325,암시,Q164,,,,,추정,확정,
setup_payoff,record,2,d_main_27_03_e,,d_main_30_02,,ch27,ch30,267,293,E326,암시,Q164,,,,,추정,확정,
setup_payoff,record,2,d_main_27_08,,d_main_30_09_s,,ch27,ch30,267,293,E329,암시,F1414,,,,,추정,확정,
setup_payoff,record,3,d_main_27_05,,d_main_30_02,,ch27,ch30,267,293,Q164-2,회수,Q164,,,,,확실,확정,전부 · 답 F1399
keyword,auto,2,d_main_27_03_s,64,d_main_30_02,1,ch27,ch30,267,293,,,,org:패스파인더,2,기록 3 · 이름 2줄,기록 4 · 이름 2줄,,,
keyword,auto,2,d_main_27_08,23,ep:d_nikke_kilo_01,34,ch27,char:361,267,297,,,,org:카운터스,32,기록 1 · 이름 7줄,이름 7줄,,,
setup_payoff,record,2,d_main_27_03_e,,event_darkhero_06_e,,ch27,event_darkhero,267,298,E327,암시,Q171,,,,,추정,확정,
callback,record,3,d_main_27_03_s,,event_darkhero_epilogue,,ch27,event_darkhero,267,298,E423,재언급,F1294,,,,,확실,확정,
setup_payoff,record,3,d_main_27_06,,d_main_31_08,,ch27,ch31,267,308,Q163-2,회수,Q163,,,,,확실,확정,일부 · 답 F1533
character,auto,2,d_main_26af_02,59,event_nonsensered_2,2,ch27,event_nonsensered,267,326,,,,person:도로시,31,기록 2 · 이름 1줄,말함 38줄(11%) · 이름 5줄,,,
keyword,auto,2,d_main_27_09_e,32,event_secretgarden_prologue,21,ch27,event_secretgarden,267,345,,,,org:보타닉_가든,3,기록 2 · 이름 3줄,기록 3 · 이름 2줄,,,
setup_payoff,record,2,d_main_27_03_e,,event_footstepwalkrun2_intermission_01,,ch27,event_footstepwalkrun1,267,350,E327,암시,Q171,,,,,추정,확정,
character,auto,2,d_main_26af_02,96,d_main_35bf_01,81,ch27,ch35,267,358,,,,person:엔더슨,32,기록 7 · 말함 76줄(6%),기록 6 · 말함 85줄(6%) · 이름 4줄,,,
setup_payoff,record,2,d_main_26af_02,,d_main_37_03,,ch27,ch37,267,373,E323,암시,F1859,,,,,추정,확정,
callback,record,2,d_main_26af_01,,d_main_38_09_e,,ch27,ch38,267,375,E675,재언급,F1284,,,,,추정,확정,
setup_payoff,record,2,d_main_26af_01,,d_main_39_04,,ch27,ch39,267,396,E322,암시,F2044,,,,,추정,확정,
character,auto,2,d_main_26af_01,180,d_main_39_01,76,ch27,ch39,267,396,,,,person:랩칠리언,11,기록 7 · 말함 67줄(5%) · 이름 5줄,기록 10 · 말함 98줄(6%) · 이름 24줄,,,
keyword,auto,2,d_main_26af_02,2,d_main_39_01,1,ch27,ch39,267,396,,,,concept:마더_웨일,6,기록 2 · 이름 6줄,기록 1 · 이름 11줄,,,
keyword,auto,2,d_main_26af_01,165,d_main_39_01,76,ch27,ch39,267,396,,,,concept:웨일리,7,기록 3 · 이름 9줄,기록 7 · 이름 28줄,,,
keyword,auto,2,d_main_27_09_e,37,d_main_39_af_01,75,ch27,ch39,267,396,,,,concept:특수_별동대,5,기록 3 · 이름 10줄,이름 6줄,,,
callback,record,3,d_main_26af_01,,relic:정갈하게쓴기록_00,,ch27,relic:정갈하게쓴기록,267,397,F1285-2,드러냄,F1285,,,,,확실,확정,
callback,record,2,d_main_26af_01,,relic:어떤소녀의그림일기_01,,ch27,relic:어떤소녀의그림일기,267,399,E828,재언급,F1286,,,,,추정,확정,
callback,record,3,d_main_26af_01,,fl:absolute_18,,ch27,fl:absolute,267,400,E845,재언급,F1286,,,,,확실,확정,
setup_payoff,record,3,d_main_27_07,,d_main_41_af_04,,ch27,ch41,267,414,Q165-2,회수,Q165,,,,,확실,확정,일부 · 답 F2205
setup_payoff,record,3,d_main_27_07,,d_main_43_15,,ch27,ch43,267,434,Q165-3,회수,Q165,,,,,확실,확정,전부 · 답 F2414
callback,record,3,d_main_27_05,,fl:ark_ranger_13,,ch27,fl:ark_ranger,267,462,E1174,재언급,F1297,,,,,확실,확정,
sequel,auto,3,sub:피라_00,,sub:피라_01,,sub:피라_00,sub:피라_01,268,269,,,,,,,,,,서브퀘스트 다음 편
character,auto,1,sub:피라_00,59,sub:피라_01,3,sub:피라_00,sub:피라_01,268,269,,,,person:라피,85,기록 3 · 말함 19줄(43%) · 이름 6줄,기록 1 · 말함 37줄(49%) · 이름 8줄,,,흔한 대상
character,auto,2,sub:피라_00,69,sub:피라_01,0,sub:피라_00,sub:피라_01,268,269,,,,person:피라,3,기록 1 · 말함 25줄(57%) · 이름 2줄,말함 39줄(51%) · 이름 2줄,,,
sequel,auto,3,sub:피라_01,,sub:피라_02,,sub:피라_01,sub:피라_02,269,270,,,,,,,,,,서브퀘스트 다음 편
character,auto,1,sub:피라_01,105,sub:피라_02,3,sub:피라_01,sub:피라_02,269,270,,,,person:라피,85,기록 1 · 말함 37줄(49%) · 이름 8줄,기록 3 · 말함 46줄(62%) · 이름 10줄,,,흔한 대상
character,auto,2,sub:피라_01,125,sub:피라_02,0,sub:피라_01,sub:피라_02,269,270,,,,person:피라,3,말함 39줄(51%) · 이름 2줄,말함 27줄(36%) · 이름 2줄,,,
keyword,auto,2,sub:피라_02,120,sub:트윙클_00,4,sub:피라_02,sub:트윙클_00,270,271,,,,place:탈환지_01,3,기록 3 · 이름 1줄,기록 2 · 이름 1줄,,,
setup_payoff,record,2,sub:피라_02,,relic:잘지내라친구_02,,sub:피라_02,relic:잘지내라친구,270,272,Q167-2,회수,Q167,,,,,추정,확정,일부 · 답 F1307
character,auto,2,sub:피라_02,133,relic:잘지내라친구_01,0,sub:피라_02,relic:잘지내라친구,270,272,,,,person:레드_후드,26,기록 5 · 말함 1줄(1%) · 이름 4줄,기록 2 · 이름 8줄,,,
character,auto,1,sub:피라_02,147,d_main_28_01_s,41,sub:피라_02,ch28,270,273,,,,person:라피,85,기록 3 · 말함 46줄(62%) · 이름 10줄,기록 11 · 말함 170줄(15%) · 이름 11줄,,,흔한 대상
setup_payoff,record,2,sub:피라_02,,d_main_34_09_e,,sub:피라_02,ch34,270,336,Q168-2,회수,Q168,,,,,추정,확정,일부 · 답 F1655
character,auto,1,sub:트윙클_00,118,d_main_28_01_e,54,sub:트윙클_00,ch28,271,273,,,,person:아니스,119,기록 2 · 말함 48줄(39%) · 이름 7줄,기록 2 · 말함 145줄(13%) · 이름 10줄,,,흔한 대상
keyword,auto,1,sub:트윙클_00,90,d_main_28_01_e,65,sub:트윙클_00,ch28,271,273,,,,place:지상,132,이름 9줄,이름 6줄,,,흔한 대상
character,auto,2,relic:잘지내라친구_03,1,d_main_31_01_s,29,relic:잘지내라친구,ch31,272,308,,,,person:레드_후드,26,기록 2 · 이름 8줄,기록 4 · 이름 6줄,,,
setup_payoff,record,2,d_main_28_01_e,,d_main_28_11_s,,ch28,ch28,273,273,E334,암시,F1322,,,,,추정,확정,
setup_payoff,record,2,d_main_28_01_e,,d_main_28_11_s,,ch28,ch28,273,273,E335,암시,F1321,,,,,추정,확정,
setup_payoff,record,2,d_main_28_05_s,,d_main_28_08_s,,ch28,ch28,273,273,E336,암시,F1316,,,,,추정,확정,
character,auto,1,d_main_28_11_e,65,sub:택틱컬틱택_00,43,ch28,sub:택틱컬틱택_00,273,274,,,,person:라피,85,기록 11 · 말함 170줄(15%) · 이름 11줄,기록 1 · 말함 21줄(21%) · 이름 3줄,,,흔한 대상
character,auto,1,d_main_28_11_e,37,sub:택틱컬틱택_00,41,ch28,sub:택틱컬틱택_00,273,274,,,,person:아니스,119,기록 2 · 말함 145줄(13%) · 이름 10줄,말함 12줄(12%),,,흔한 대상
character,auto,1,d_main_28_11_e,44,sub:핸섬_커맨더_00,42,ch28,sub:핸섬_커맨더_00,273,276,,,,person:네온,55,기록 3 · 말함 104줄(9%) · 이름 20줄,말함 11줄(10%) · 이름 1줄,,,흔한 대상
character,auto,2,d_main_28_11_e,45,sub:핸섬_커맨더_00,9,ch28,sub:핸섬_커맨더_00,273,276,,,,person:시프티,18,기록 4 · 말함 61줄(5%) · 이름 4줄,기록 2 · 말함 16줄(15%),,,
keyword,auto,2,d_main_28_11_s,79,sub:핸섬_커맨더_00,9,ch28,sub:핸섬_커맨더_00,273,276,,,,place:수정_지역,14,기록 12,기록 3,,,
keyword,auto,1,d_main_28_10,59,sub:핸섬_커맨더_01,7,ch28,sub:핸섬_커맨더_01,273,277,,,,place:방주,171,기록 4 · 이름 11줄,기록 2 · 이름 4줄,,,흔한 대상
setup_payoff,record,3,d_main_28_10,,event_boomsday_04_s,,ch28,event_boomsday,273,280,Q171-2,회수,Q171,,,,,확실,확정,일부 · 답 F1339
callback,record,3,d_main_28_10,,event_boomsday_06_s,,ch28,event_boomsday,273,280,E350,재언급,Q171,,,,,확실,확정,
character,auto,2,d_main_28_11_e,43,event_boomsday_prologue,9,ch28,event_boomsday,273,280,,,,person:일레그,14,기록 13 · 말함 242줄(21%) · 이름 30줄,기록 13 · 말함 497줄(65%) · 이름 106줄,,,
keyword,auto,1,d_main_28_11_e,8,event_liarsend_04,30,ch28,event_liarsend,273,287,,,,concept:랩쳐,142,기록 2 · 이름 29줄,이름 12줄,,,흔한 대상
keyword,auto,1,d_main_28_11_s,25,event_liarsend_04,6,ch28,event_liarsend,273,287,,,,place:지상,132,이름 6줄,이름 11줄,,,흔한 대상
keyword,auto,2,d_main_28_01_e,46,side:second_affection_10,39,ch28,side:second_affection,273,288,,,,concept:타일런트_급,12,이름 6줄,기록 1 · 이름 6줄,,,
sequel,auto,3,d_main_28_11_e,,d_main_28_af_01,,ch28,ch29,273,291,,,,,,,,,,다음 챕터
setup_payoff,record,2,d_main_28_11_s,,d_main_29_02_s,,ch28,ch29,273,291,Q172-2,회수,Q172,,,,,추정,확정,일부 · 답 F1382
callback,record,3,d_main_28_08_e,,d_main_29_05_e,,ch28,ch29,273,291,E373,재언급,F1319,,,,,확실,확정,
character,auto,2,d_main_28_11_e,43,d_main_28_af_01,20,ch28,ch29,273,291,,,,person:리버린,9,기록 10 · 말함 275줄(24%) · 이름 42줄,기록 9 · 말함 39줄(4%) · 이름 30줄,,,
character,auto,2,d_main_28_09_e,48,d_main_29_05_e,17,ch28,ch29,273,291,,,,person:언노운,3,기록 4 · 이름 11줄,기록 3 · 이름 25줄,,,
character,auto,2,d_main_28_11_e,46,d_main_28_af_01,20,ch28,ch29,273,291,,,,person:해머링,6,기록 4 · 말함 129줄(11%) · 이름 32줄,기록 5 · 말함 19줄(2%) · 이름 33줄,,,
keyword,auto,2,d_main_28_08_e,94,d_main_29_08_s,8,ch28,ch29,273,291,,,,item:세븐스_드워프,7,기록 2 · 이름 4줄,기록 2 · 이름 1줄,,,
setup_payoff,record,3,d_main_28_08_s,,d_main_30_02,,ch28,ch30,273,293,E338,암시,F1399,,,,,확실,확정,
setup_payoff,record,3,d_main_28_08_s,,d_main_30_06_e,,ch28,ch30,273,293,Q170-2,회수,Q170,,,,,확실,확정,일부 · 답 F1408
setup_payoff,record,3,d_main_28_10,,event_darkhero_06_e,,ch28,event_darkhero,273,298,Q171-3,회수,Q171,,,,,확실,확정,일부 · 답 F1474
setup_payoff,record,2,d_main_28_11_s,,d_main_31_08,,ch28,ch31,273,308,E340,암시,Q163,,,,,추정,확정,
setup_payoff,record,3,d_main_28_08_s,,d_main_31_09_e,,ch28,ch31,273,308,Q170-3,회수,Q170,,,,,확실,확정,일부 · 답 F1536
setup_payoff,record,3,d_main_28_08_s,,d_main_32_05,,ch28,ch32,273,310,Q170-4,회수,Q170,,,,,확실,확정,일부 · 답 F1545
setup_payoff,record,3,d_main_28_08_s,,sub:관짝이_00,,ch28,sub:관짝이_00,273,311,Q169-2,회수,Q169,,,,,확실,확정,전부 · 답 F1562
callback,record,3,d_main_28_08_s,,sub:관짝이_01,,ch28,sub:관짝이_01,273,313,E461,재언급,F1317,,,,,확실,확정,
setup_payoff,record,3,d_main_28_08_s,,sub:관짝이_02,,ch28,sub:관짝이_02,273,314,Q170-5,회수,Q170,,,,,확실,확정,전부 · 답 F1571
callback,record,3,d_main_28_08_s,,d_main_33_05_e,,ch28,ch33,273,334,E483,재언급,F1317,,,,,확실,확정,
callback,record,3,d_main_28_08_s,,d_main_34_06_e,,ch28,ch34,273,336,E504,재언급,F1316,,,,,확실,확정,
setup_payoff,record,3,d_main_28_10,,event_footstepwalkrun2_intermission_01,,ch28,event_footstepwalkrun1,273,350,Q171-4,회수,Q171,,,,,확실,확정,전부 · 답 F1755
setup_payoff,record,2,d_main_28_09_e,,event_wisdomspring_01_s,,ch28,event_wisdomspring,273,353,E339,암시,F1772,,,,,추정,확정,
setup_payoff,record,2,d_main_28_05_e,,d_main_41_af_04,,ch28,ch41,273,414,E337,암시,F2205,,,,,추정,확정,
callback,record,3,d_main_28_11_s,,d_main_41_af_05,,ch28,ch41,273,414,E903,재언급,F1322,,,,,확실,확정,
sequel,auto,3,sub:택틱컬틱택_00,,sub:택틱컬틱택_01,,sub:택틱컬틱택_00,sub:택틱컬틱택_01,274,275,,,,,,,,,,서브퀘스트 다음 편
character,auto,1,sub:택틱컬틱택_00,110,sub:택틱컬틱택_01,21,sub:택틱컬틱택_00,sub:택틱컬틱택_01,274,275,,,,person:라피,85,기록 1 · 말함 21줄(21%) · 이름 3줄,기록 2 · 말함 7줄(14%) · 이름 1줄,,,흔한 대상
character,auto,2,sub:택틱컬틱택_00,134,sub:택틱컬틱택_01,0,sub:택틱컬틱택_00,sub:택틱컬틱택_01,274,275,,,,person:택티컬티택,2,기록 2 · 말함 59줄(58%) · 이름 2줄,기록 1 · 말함 39줄(80%) · 이름 2줄,,,
keyword,auto,1,sub:택틱컬틱택_00,98,event_boomsday_03_e,33,sub:택틱컬틱택_00,event_boomsday,274,280,,,,concept:니케,186,이름 8줄,이름 6줄,,,흔한 대상
character,auto,1,sub:택틱컬틱택_00,105,d_main_28_af_01,15,sub:택틱컬틱택_00,ch29,274,291,,,,person:아니스,119,말함 12줄(12%),기록 1 · 말함 137줄(13%) · 이름 2줄,,,흔한 대상
keyword,auto,2,sub:택틱컬틱택_00,98,d_main_31_09_e,11,sub:택틱컬틱택_00,ch31,274,308,,,,concept:양산형_니케,26,기록 1 · 이름 10줄,이름 5줄,,,
keyword,auto,2,sub:택틱컬틱택_00,124,event_footstepwalkrun1_06_e,21,sub:택틱컬틱택_00,event_footstepwalkrun1,274,350,,,,org:엘리시온,17,기록 2 · 이름 4줄,기록 1 · 이름 7줄,,,
character,auto,1,sub:택틱컬틱택_01,71,sub:핸섬_커맨더_00,40,sub:택틱컬틱택_01,sub:핸섬_커맨더_00,275,276,,,,person:라피,85,기록 2 · 말함 7줄(14%) · 이름 1줄,기록 1 · 말함 13줄(12%) · 이름 1줄,,,흔한 대상
character,auto,2,sub:택틱컬틱택_01,77,d_main_30_02,47,sub:택틱컬틱택_01,ch30,275,293,,,,person:잉그리드,37,기록 4 · 이름 3줄,기록 2 · 이름 5줄,,,
keyword,auto,2,sub:택틱컬틱택_01,67,event_icedragonsaga1_02_e,80,sub:택틱컬틱택_01,event_icedragonsaga1,275,347,,,,concept:기억_소거,9,기록 3 · 이름 1줄,기록 2 · 이름 5줄,,,
sequel,auto,3,sub:핸섬_커맨더_00,,sub:핸섬_커맨더_01,,sub:핸섬_커맨더_00,sub:핸섬_커맨더_01,276,277,,,,,,,,,,서브퀘스트 다음 편
character,auto,2,sub:핸섬_커맨더_00,128,sub:핸섬_커맨더_01,21,sub:핸섬_커맨더_00,sub:핸섬_커맨더_01,276,277,,,,person:이안_맥스,2,기록 3 · 이름 2줄,기록 5,,,
character,auto,2,sub:핸섬_커맨더_00,134,sub:핸섬_커맨더_01,0,sub:핸섬_커맨더_00,sub:핸섬_커맨더_01,276,277,,,,person:핸섬_커맨더,2,기록 1 · 말함 58줄(54%) · 이름 2줄,말함 85줄(81%) · 이름 3줄,,,
keyword,auto,2,sub:핸섬_커맨더_00,128,sub:핸섬_커맨더_01,21,sub:핸섬_커맨더_00,sub:핸섬_커맨더_01,276,277,,,,place:수정_지역,14,기록 3,기록 2,,,
setup_payoff,record,2,sub:핸섬_커맨더_00,,sub:MMR지킴이_00,,sub:핸섬_커맨더_00,sub:MMR지킴이_00,276,278,Q174-2,회수,Q174,,,,,추정,확정,전부 · 답 F1333
character,auto,1,sub:핸섬_커맨더_00,100,sub:MMR지킴이_00,6,sub:핸섬_커맨더_00,sub:MMR지킴이_00,276,278,,,,person:네온,55,말함 11줄(10%) · 이름 1줄,기록 1 · 말함 14줄(13%) · 이름 1줄,,,흔한 대상
callback,record,2,sub:핸섬_커맨더_00,,relic:조난일지_03,,sub:핸섬_커맨더_00,relic:조난일지,276,279,E342,재언급,F1328,,,,,추정,확정,
character,auto,2,sub:핸섬_커맨더_00,98,d_main_28_af_01,1,sub:핸섬_커맨더_00,ch29,276,291,,,,person:시프티,18,기록 2 · 말함 16줄(15%),기록 5 · 말함 103줄(10%) · 이름 7줄,,,
character,auto,1,sub:핸섬_커맨더_00,92,d_main_30_01_s,4,sub:핸섬_커맨더_00,ch30,276,293,,,,person:라피,85,기록 1 · 말함 13줄(12%) · 이름 1줄,기록 8 · 말함 136줄(13%) · 이름 34줄,,,흔한 대상
keyword,auto,2,sub:핸섬_커맨더_01,51,sub:MMR지킴이_00,6,sub:핸섬_커맨더_01,sub:MMR지킴이_00,277,278,,,,place:수정_지역,14,기록 2,기록 2,,,
keyword,auto,1,sub:핸섬_커맨더_01,32,event_boomsday_01_s,21,sub:핸섬_커맨더_01,event_boomsday,277,280,,,,place:방주,171,기록 2 · 이름 4줄,기록 6 · 이름 44줄,,,흔한 대상
keyword,auto,2,sub:MMR지킴이_00,37,relic:조난일지_02,0,sub:MMR지킴이_00,relic:조난일지,278,279,,,,place:수정_지역,14,기록 2,기록 3,,,
character,auto,1,sub:MMR지킴이_00,72,ep:d_nikke_kilo_01,3,sub:MMR지킴이_00,char:361,278,297,,,,person:네온,55,기록 1 · 말함 14줄(13%) · 이름 1줄,말함 61줄(12%) · 이름 2줄,,,흔한 대상
character,auto,2,sub:MMR지킴이_00,99,event_darkhero_02_e,29,sub:MMR지킴이_00,event_darkhero,278,298,,,,person:에테르,12,기록 5 · 이름 5줄,기록 5 · 말함 129줄(13%) · 이름 17줄,,,
keyword,auto,2,sub:MMR지킴이_00,83,event_darkhero_02_s,60,sub:MMR지킴이_00,event_darkhero,278,298,,,,org:M.M.R.,12,기록 2 · 이름 2줄,기록 6 · 이름 10줄,,,
keyword,auto,2,relic:조난일지_03,2,d_main_28_af_01,1,relic:조난일지,ch29,279,291,,,,place:수정_지역,14,기록 3,기록 6 · 이름 3줄,,,
setup_payoff,record,3,event_boomsday_prologue,,event_boomsday_04_e,,event_boomsday,event_boomsday,280,280,E343,암시,F1340,,,,,확실,확정,
character,auto,2,event_boomsday_epilogue,45,ep:d_nikke_elegg_01,10,event_boomsday,char:500,280,281,,,,person:일레그,14,기록 13 · 말함 497줄(65%) · 이름 106줄,기록 3 · 말함 219줄(67%) · 이름 15줄,,,
keyword,auto,1,event_boomsday_epilogue,46,event_killthelord_02_s,18,event_boomsday,event_killthelord,280,282,,,,place:방주,171,기록 6 · 이름 44줄,이름 5줄,,,흔한 대상
keyword,auto,1,event_boomsday_06_e,48,ep:d_nikke_d_killerwife_01,40,event_boomsday,char:43,280,283,,,,concept:니케,186,이름 6줄,이름 6줄,,,흔한 대상
character,auto,2,event_boomsday_epilogue,44,d_main_28_af_01,30,event_boomsday,ch29,280,291,,,,person:트로니,11,기록 22 · 말함 161줄(21%) · 이름 219줄,기록 3 · 말함 92줄(8%) · 이름 9줄,,,
callback,record,3,event_boomsday_06_s,,d_main_30_af_02,,event_boomsday,ch30,280,293,E391,재언급,F1342,,,,,확실,확정,
sequel,manual,2,event_boomsday_epilogue,,event_darkhero_prologue,,event_boomsday,event_darkhero,280,298,Y23,,,,,,,확실,확정,"darkhero는 boomsday의 정전 해결과 트로니 · 일레그가 동력원을 알게 된 결말을 출발점으로, 그 때문에 둘이 표적이 되는 별개 사건을 다룬다."
setup_payoff,record,2,event_boomsday_prologue,,event_darkhero_02_s,,event_boomsday,event_darkhero,280,298,E344,암시,F1474,,,,,추정,확정,
setup_payoff,record,3,event_boomsday_03_s,,event_darkhero_03_s,,event_boomsday,event_darkhero,280,298,E345,암시,F1475,,,,,확실,확정,
setup_payoff,record,2,event_boomsday_03_e,,event_darkhero_02_s,,event_boomsday,event_darkhero,280,298,E346,암시,F1474,,,,,추정,확정,
setup_payoff,record,2,event_boomsday_03_e,,event_darkhero_03_e,,event_boomsday,event_darkhero,280,298,E347,암시,F1476,,,,,추정,확정,
setup_payoff,record,3,event_boomsday_04_s,,event_darkhero_02_s,,event_boomsday,event_darkhero,280,298,E348,암시,F1474,,,,,확실,확정,
callback,record,3,event_boomsday_06_s,,event_darkhero_02_s,,event_boomsday,event_darkhero,280,298,E417,재언급,F1342,,,,,확실,확정,
callback,record,3,event_boomsday_06_s,,event_darkhero_06_s,,event_boomsday,event_darkhero,280,298,E422,재언급,F1342,,,,,확실,확정,
callback,record,3,event_boomsday_05_e,,event_darkhero_epilogue,,event_boomsday,event_darkhero,280,298,E424,재언급,Q176,,,,,확실,확정,
character,auto,2,event_boomsday_epilogue,5,event_darkhero_prologue,6,event_boomsday,event_darkhero,280,298,,,,person:아크레인저_블랙,4,기록 2 · 이름 6줄,기록 4 · 말함 86줄(9%) · 이름 31줄,,,
keyword,auto,2,event_boomsday_06_s,50,event_darkhero_02_s,25,event_boomsday,event_darkhero,280,298,,,,concept:방주_동력원,3,기록 7 · 이름 4줄,기록 4,,,
keyword,auto,2,event_boomsday_epilogue,5,event_darkhero_prologue,16,event_boomsday,event_darkhero,280,298,,,,org:아크레인저,4,기록 1 · 이름 13줄,기록 2 · 이름 40줄,,,
keyword,auto,2,event_boomsday_06_e,48,event_darkhero_prologue,98,event_boomsday,event_darkhero,280,298,,,,org:일렉트릭_쇼크,5,기록 2 · 이름 18줄,기록 4 · 이름 11줄,,,
keyword,auto,2,event_boomsday_04_s,64,side:wordless_01,8,event_boomsday,side:wordless,280,331,,,,org:미실리스,32,기록 2 · 이름 6줄,기록 3 · 이름 10줄,,,
callback,record,2,event_boomsday_04_s,,fl:boom_the_ghost_26,,event_boomsday,fl:boom_the_ghost,280,393,E792,재언급,F1339,,,,,추정,확정,
callback,record,2,event_boomsday_intermission_01,,ep:d_nikke_eleggboomandshock_05,,event_boomsday,char:502,280,395,E1619,재언급,F589-2,,,,,추정,확정,
callback,record,3,event_boomsday_06_s,,ep:d_nikke_eleggboomandshock_05,,event_boomsday,char:502,280,395,F1342-2,드러냄,F1342,,,,,확실,확정,
callback,record,2,event_boomsday_04_e,,fl:sin_editor_12,,event_boomsday,fl:sin_editor,280,430,E999,재언급,F1341,,,,,추정,확정,
setup_payoff,record,3,event_boomsday_04_s,,d_main_45_04,,event_boomsday,ch45,280,450,E348,암시,F2581,,,,,확실,확정,
callback,record,3,event_boomsday_06_s,,d_main_45_03,,event_boomsday,ch45,280,450,E1083,재언급,F1342,,,,,확실,확정,
setup_payoff,record,2,event_boomsday_epilogue,,d_main_46_af_08,,event_boomsday,ch46,280,452,E352,암시,F2657,,,,,추정,확정,
prereq,game-condition,3,ep:d_nikke_elegg_01,,ep:d_nikke_elegg_02,,char:500,char:500,281,281,,,,,,,,,,condition_scenario_group_id
prereq,game-condition,3,ep:d_nikke_elegg_02,,ep:d_nikke_elegg_03,,char:500,char:500,281,281,,,,,,,,,,condition_scenario_group_id
prereq,game-condition,3,ep:d_nikke_elegg_03,,ep:d_nikke_elegg_04,,char:500,char:500,281,281,,,,,,,,,,condition_scenario_group_id
prereq,game-condition,3,ep:d_nikke_elegg_04,,ep:d_nikke_elegg_05,,char:500,char:500,281,281,,,,,,,,,,condition_scenario_group_id
character,auto,2,ep:d_nikke_elegg_05,125,d_main_28_af_01,20,char:500,ch29,281,291,,,,person:일레그,14,기록 3 · 말함 219줄(67%) · 이름 15줄,기록 5 · 말함 145줄(13%) · 이름 14줄,,,
character,auto,2,ep:d_nikke_elegg_05,111,ep:d_nikke_maiden_icerose_03,107,char:500,char:183,281,348,,,,person:맥스웰,15,기록 1 · 말함 65줄(20%) · 이름 8줄,말함 57줄(16%) · 이름 8줄,,,
setup_payoff,record,3,event_killthelord_prologue,,event_killthelord_06_s,,event_killthelord,event_killthelord,282,282,E353,암시,F1349,,,,,확실,확정,
setup_payoff,record,3,event_killthelord_02_s,,event_killthelord_epilogue,,event_killthelord,event_killthelord,282,282,E355,암시,F1351,,,,,확실,확정,
setup_payoff,record,2,event_killthelord_03_s,,event_killthelord_06_s,,event_killthelord,event_killthelord,282,282,E356,암시,F1349,,,,,추정,확정,
setup_payoff,record,3,event_killthelord_05_e,,event_killthelord_06_s,,event_killthelord,event_killthelord,282,282,E359,암시,F1349,,,,,확실,확정,
character,auto,2,event_killthelord_epilogue,18,ep:d_nikke_d_killerwife_01,2,event_killthelord,char:43,282,283,,,,person:D,9,기록 8 · 말함 503줄(55%) · 이름 74줄,기록 3 · 말함 341줄(89%) · 이름 33줄,,,
keyword,auto,1,event_killthelord_03_e,108,side:second_affection_01,38,event_killthelord,side:second_affection,282,288,,,,place:방주,171,이름 5줄,기록 3 · 이름 14줄,,,흔한 대상
character,auto,2,event_killthelord_epilogue,25,d_main_30_01_e,16,event_killthelord,ch30,282,293,,,,person:식스오,9,기록 3 · 이름 6줄,기록 7 · 이름 21줄,,,
keyword,auto,1,event_killthelord_06_e,49,d_main_30_03_e,4,event_killthelord,ch30,282,293,,,,org:중앙_정부,67,기록 1 · 이름 6줄,기록 4 · 이름 8줄,,,흔한 대상
character,auto,2,event_killthelord_epilogue,19,event_beautyfullshot1_prologue,31,event_killthelord,event_beautyfullshot1,282,305,,,,person:로산나,9,기록 5 · 말함 137줄(15%) · 이름 20줄,기록 11 · 말함 315줄(15%) · 이름 45줄,,,
keyword,auto,2,event_killthelord_03_e,68,event_beautyfullshot1_01_s,0,event_killthelord,event_beautyfullshot1,282,305,,,,org:헤도니아,6,이름 8줄,기록 3 · 이름 7줄,,,
callback,record,3,event_killthelord_02_e,,event_arcanearchive_04_s,,event_killthelord,event_arcanearchive,282,383,E719,재언급,F1346,,,,,확실,확정,
character,auto,2,event_killthelord_06_e,108,event_arcanearchive_prologue,35,event_killthelord,event_arcanearchive,282,383,,,,person:K,8,기록 2 · 말함 122줄(13%) · 이름 12줄,기록 3 · 말함 35줄(4%) · 이름 8줄,,,
sequel,manual,2,event_killthelord_epilogue,,event_lordforjustice_prologue,,event_killthelord,event_lordforjustice,282,385,Y24,,,,,,,추정,확정,후보 목록(시점 기록 · 기록 엣지) 밖에서 더한 연작의 이웃 쌍
callback,record,3,event_killthelord_01_s,,event_lordforjustice_01_e,,event_killthelord,event_lordforjustice,282,385,E735,재언급,F1345,,,,,확실,확정,
keyword,auto,2,event_killthelord_epilogue,21,event_lordforjustice_prologue,0,event_killthelord,event_lordforjustice,282,385,,,,concept:미스트,7,기록 3 · 이름 1줄,기록 3 · 이름 4줄,,,
callback,record,3,event_killthelord_02_e,,fl:reborn_evil_03,,event_killthelord,fl:reborn_evil,282,407,E883,재언급,F1346,,,,,확실,확정,
prereq,game-condition,3,ep:d_nikke_d_killerwife_01,,ep:d_nikke_d_killerwife_02,,char:43,char:43,283,283,,,,,,,,,,condition_scenario_group_id
prereq,game-condition,3,ep:d_nikke_d_killerwife_02,,ep:d_nikke_d_killerwife_03,,char:43,char:43,283,283,,,,,,,,,,condition_scenario_group_id
prereq,game-condition,3,ep:d_nikke_d_killerwife_03,,ep:d_nikke_d_killerwife_04,,char:43,char:43,283,283,,,,,,,,,,condition_scenario_group_id
prereq,game-condition,3,ep:d_nikke_d_killerwife_04,,ep:d_nikke_d_killerwife_05,,char:43,char:43,283,283,,,,,,,,,,condition_scenario_group_id
keyword,auto,1,ep:d_nikke_d_killerwife_04,76,event_liarsend_06,0,char:43,event_liarsend,283,287,,,,concept:니케,186,이름 6줄,이름 5줄,,,흔한 대상
character,auto,2,ep:d_nikke_d_killerwife_05,133,event_arcanearchive_intermission_01,61,char:43,event_arcanearchive,283,383,,,,person:D,9,기록 3 · 말함 341줄(89%) · 이름 33줄,기록 3 · 말함 16줄(2%) · 이름 5줄,,,
prereq,game-condition,3,ep:d_nikke_ce_003_03_01,,ep:d_nikke_ce_003_03_02,,char:822,char:822,284,284,,,,,,,,,,condition_scenario_group_id
prereq,game-condition,3,ep:d_nikke_ce_003_03_02,,ep:d_nikke_ce_003_03_03,,char:822,char:822,284,284,,,,,,,,,,condition_scenario_group_id
prereq,game-condition,3,ep:d_nikke_ce_003_03_03,,ep:d_nikke_ce_003_03_04,,char:822,char:822,284,284,,,,,,,,,,condition_scenario_group_id
prereq,game-condition,3,ep:d_nikke_ce_003_03_04,,ep:d_nikke_ce_003_03_05,,char:822,char:822,284,284,,,,,,,,,,condition_scenario_group_id
character,auto,2,ep:d_nikke_ce_003_03_05,45,event_goldencoinrush1_prologue,38,char:822,event_goldencoinrush1,284,300,,,,person:코코아,10,기록 2 · 말함 95줄(59%) · 이름 18줄,기록 2 · 말함 66줄(2%) · 이름 22줄,,,
prereq,game-condition,3,ep:d_nikke_ce_003_02_01,,ep:d_nikke_ce_003_02_02,,char:821,char:821,285,285,,,,,,,,,,condition_scenario_group_id
prereq,game-condition,3,ep:d_nikke_ce_003_02_02,,ep:d_nikke_ce_003_02_03,,char:821,char:821,285,285,,,,,,,,,,condition_scenario_group_id
prereq,game-condition,3,ep:d_nikke_ce_003_02_03,,ep:d_nikke_ce_003_02_04,,char:821,char:821,285,285,,,,,,,,,,condition_scenario_group_id
prereq,game-condition,3,ep:d_nikke_ce_003_02_04,,ep:d_nikke_ce_003_02_05,,char:821,char:821,285,285,,,,,,,,,,condition_scenario_group_id
character,auto,2,ep:d_nikke_ce_003_02_05,105,event_goldencoinrush1_prologue,33,char:821,event_goldencoinrush1,285,300,,,,person:소다,6,말함 28줄(11%) · 이름 2줄,기록 12 · 말함 1009줄(35%) · 이름 224줄,,,
character,auto,2,ep:d_nikke_ce_003_02_05,100,fl:terminus_ticket_01,15,char:821,fl:terminus_ticket,285,425,,,,person:디젤,7,기록 1 · 말함 77줄(30%) · 이름 9줄,기록 4 · 말함 292줄(14%) · 이름 22줄,,,
prereq,game-condition,3,ep:d_nikke_ce_003_01_01,,ep:d_nikke_ce_003_01_02,,char:820,char:820,286,286,,,,,,,,,,condition_scenario_group_id
prereq,game-condition,3,ep:d_nikke_ce_003_01_02,,ep:d_nikke_ce_003_01_03,,char:820,char:820,286,286,,,,,,,,,,condition_scenario_group_id
prereq,game-condition,3,ep:d_nikke_ce_003_01_03,,ep:d_nikke_ce_003_01_04,,char:820,char:820,286,286,,,,,,,,,,condition_scenario_group_id
prereq,game-condition,3,ep:d_nikke_ce_003_01_04,,ep:d_nikke_ce_003_01_05,,char:820,char:820,286,286,,,,,,,,,,condition_scenario_group_id
character,auto,2,ep:d_nikke_ce_003_01_05,61,fl:blank_ticket_01,8,char:820,fl:blank_ticket,286,423,,,,person:솔린,9,기록 2 · 말함 124줄(45%) · 이름 34줄,기록 6 · 말함 596줄(57%) · 이름 47줄,,,
keyword,auto,1,event_liarsend_11,55,side:second_affection_02,19,event_liarsend,side:second_affection,287,288,,,,concept:랩쳐,142,이름 12줄,이름 16줄,,,흔한 대상
keyword,auto,1,event_liarsend_06,72,event_onemoretime_02_e,39,event_liarsend,event_onemoretime,287,289,,,,concept:니케,186,이름 5줄,이름 10줄,,,흔한 대상
keyword,auto,1,event_liarsend_11,41,event_lastkingdom1_prologue,118,event_liarsend,event_lastkingdom1,287,295,,,,place:지상,132,이름 11줄,기록 1 · 이름 16줄,,,흔한 대상
character,auto,2,event_liarsend_11,61,side:wordless_02,9,event_liarsend,side:wordless,287,331,,,,person:슈엔,30,말함 65줄(18%) · 이름 6줄,기록 8 · 말함 85줄(8%) · 이름 48줄,,,
keyword,auto,2,event_liarsend_11,12,d_main_35bf_03,98,event_liarsend,ch35,287,358,,,,org:메티스,21,이름 7줄,기록 8 · 이름 14줄,,,
keyword,auto,1,side:second_affection_16,8,event_onemoretime_prologue,1,side:second_affection,event_onemoretime,288,289,,,,place:방주,171,기록 3 · 이름 14줄,이름 11줄,,,흔한 대상
keyword,auto,1,side:second_affection_15,22,d_main_29_02_s,68,side:second_affection,ch29,288,291,,,,concept:랩쳐,142,이름 16줄,이름 21줄,,,흔한 대상
sequel,manual,2,side:second_affection_16,,event_lastkingdom1_prologue,,side:second_affection,event_lastkingdom1,288,295,Y25,,,,,,,확실,확정,lastkingdom1은 second_affection에서 크라운 왕국에 맡겨져 자란 마리안과 크라운 · 차임의 관계를 출발점으로 한 왕국 방어전이다(사이드 스토리 → 이벤트).
setup_payoff,record,2,side:second_affection_09,,event_lastkingdom2_epilogue,,side:second_affection,event_lastkingdom1,288,295,E363,암시,Q178,,,,,추정,확정,
setup_payoff,record,3,side:second_affection_12,,event_lastkingdom2_04_s,,side:second_affection,event_lastkingdom1,288,295,E364,암시,F1438,,,,,확실,확정,
setup_payoff,record,2,side:second_affection_13,,event_lastkingdom2_03_s,,side:second_affection,event_lastkingdom1,288,295,E365,암시,F1436,,,,,추정,확정,
setup_payoff,record,2,side:second_affection_10,,event_lastkingdom2_epilogue,,side:second_affection,event_lastkingdom1,288,295,Q178-2,회수,Q178,,,,,추정,확정,일부 · 답 F1452
setup_payoff,record,3,side:second_affection_13,,event_lastkingdom2_06_e,,side:second_affection,event_lastkingdom1,288,295,Q179-2,회수,Q179,,,,,확실,확정,전부 · 답 F1445
callback,record,3,side:second_affection_13,,event_lastkingdom2_01_s,,side:second_affection,event_lastkingdom1,288,295,E402,재언급,F1367,,,,,확실,확정,
character,auto,2,side:second_affection_15,64,event_lastkingdom1_06_e,58,side:second_affection,event_lastkingdom1,288,295,,,,person:라푼젤,18,기록 7 · 말함 137줄(13%) · 이름 20줄,기록 5 · 말함 64줄(2%) · 이름 10줄,,,
character,auto,2,side:second_affection_16,34,event_lastkingdom1_01_e,0,side:second_affection,event_lastkingdom1,288,295,,,,person:마리안,20,기록 27 · 말함 326줄(32%) · 이름 61줄,기록 19 · 말함 245줄(9%) · 이름 75줄,,,
character,auto,2,side:second_affection_15,64,event_lastkingdom1_b03_e,0,side:second_affection,event_lastkingdom1,288,295,,,,person:스노우_화이트,26,기록 12 · 말함 163줄(16%) · 이름 29줄,기록 3 · 말함 96줄(4%) · 이름 6줄,,,
character,auto,2,side:second_affection_16,33,event_lastkingdom1_prologue,1,side:second_affection,event_lastkingdom1,288,295,,,,person:차임,8,기록 10 · 말함 153줄(15%) · 이름 19줄,기록 19 · 말함 438줄(16%) · 이름 81줄,,,
character,auto,2,side:second_affection_16,33,event_lastkingdom1_prologue,1,side:second_affection,event_lastkingdom1,288,295,,,,person:크라운,8,기록 15 · 말함 90줄(9%) · 이름 22줄,기록 25 · 말함 503줄(18%) · 이름 65줄,,,
character,auto,2,side:second_affection_15,64,event_lastkingdom1_b03_e,0,side:second_affection,event_lastkingdom1,288,295,,,,person:홍련,18,기록 7 · 말함 146줄(14%) · 이름 10줄,기록 4 · 말함 84줄(3%) · 이름 8줄,,,
keyword,auto,2,side:second_affection_13,47,event_lastkingdom2_03_s,43,side:second_affection,event_lastkingdom1,288,295,,,,concept:에블라_입자,9,기록 2 · 이름 2줄,기록 2 · 이름 14줄,,,
keyword,auto,2,side:second_affection_14,28,d_main_37_02_s,23,side:second_affection,ch37,288,373,,,,concept:타일런트_급,12,기록 1 · 이름 6줄,기록 1 · 이름 10줄,,,
setup_payoff,record,2,side:second_affection_04,,event_goddessfall1_06_e,,side:second_affection,event_goddessfall1,288,418,E361,암시,F2290,,,,,추정,확정,
setup_payoff,record,2,side:second_affection_15,,event_goddessfall1_04_s,,side:second_affection,event_goddessfall1,288,418,E366,암시,F2277,,,,,추정,확정,
setup_payoff,record,3,event_onemoretime_03_e,,event_onemoretime_04_s,,event_onemoretime,event_onemoretime,289,289,E1358,암시,F1375,,,,,확실,확정,
setup_payoff,record,3,event_onemoretime_intermission_01,,event_onemoretime_04_s,,event_onemoretime,event_onemoretime,289,289,E1359,암시,F1375,,,,,확실,확정,
character,auto,2,event_onemoretime_epilogue,44,ep:d_nikke_bay_01,3,event_onemoretime,char:550,289,290,,,,person:베이,5,기록 10 · 말함 550줄(45%) · 이름 135줄,기록 5 · 말함 277줄(98%) · 이름 98줄,,,
keyword,auto,2,event_onemoretime_epilogue,42,ep:d_nikke_bay_01,8,event_onemoretime,char:550,289,290,,,,org:리와인드,3,기록 5 · 이름 37줄,기록 2 · 이름 12줄,,,
keyword,auto,1,event_onemoretime_epilogue,2,d_main_28_af_01,9,event_onemoretime,ch29,289,291,,,,concept:니케,186,이름 10줄,이름 11줄,,,흔한 대상
keyword,auto,1,event_onemoretime_06_e,75,d_main_30_01_s,0,event_onemoretime,ch30,289,293,,,,place:방주,171,이름 11줄,기록 3 · 이름 24줄,,,흔한 대상
sequel,manual,2,event_onemoretime_epilogue,,event_claymore_prologue,,event_onemoretime,event_claymore,289,303,Y26,,,,,,,확실,확정,"claymore는 onemoretime으로 둘만 남아 다시 선 리와인드(베이 · 클레이)와 코치 지휘관의 관계를 출발점으로, 몇 달 뒤 베이의 입원과 클레이의 과거라는 별개 사건을 다룬다."
callback,record,3,event_onemoretime_prologue,,event_claymore_01_e,,event_onemoretime,event_claymore,289,303,E1371,재언급,F1372,,,,,확실,확정,
character,auto,2,event_onemoretime_epilogue,43,event_claymore_prologue,1,event_onemoretime,event_claymore,289,303,,,,person:클레이,3,기록 10 · 말함 344줄(28%) · 이름 143줄,기록 14 · 말함 605줄(63%) · 이름 100줄,,,
setup_payoff,record,2,event_onemoretime_04_e,,ep:d_nikke_clay_01,,event_onemoretime,char:551,289,304,E1360,암시,F1504,,,,,추정,확정,
setup_payoff,record,2,event_onemoretime_05_s,,ep:d_nikke_clay_01,,event_onemoretime,char:551,289,304,E1361,암시,F1504,,,,,추정,확정,
character,auto,2,event_onemoretime_06_e,111,ep:d_nikke_trina_01,34,event_onemoretime,char:412,289,366,,,,person:폴리,10,기록 3 · 말함 145줄(12%) · 이름 51줄,기록 1 · 말함 27줄(10%) · 이름 7줄,,,
prereq,game-condition,3,ep:d_nikke_bay_01,,ep:d_nikke_bay_02,,char:550,char:550,290,290,,,,,,,,,,condition_scenario_group_id
prereq,game-condition,3,ep:d_nikke_bay_02,,ep:d_nikke_bay_03,,char:550,char:550,290,290,,,,,,,,,,condition_scenario_group_id
prereq,game-condition,3,ep:d_nikke_bay_03,,ep:d_nikke_bay_04,,char:550,char:550,290,290,,,,,,,,,,condition_scenario_group_id
prereq,game-condition,3,ep:d_nikke_bay_04,,ep:d_nikke_bay_05,,char:550,char:550,290,290,,,,,,,,,,condition_scenario_group_id
character,auto,2,ep:d_nikke_bay_05,145,event_claymore_01_s,2,char:550,event_claymore,290,303,,,,person:베이,5,기록 5 · 말함 277줄(98%) · 이름 98줄,기록 6 · 말함 69줄(7%) · 이름 47줄,,,
keyword,auto,2,ep:d_nikke_bay_05,140,event_claymore_01_s,50,char:550,event_claymore,290,303,,,,org:리와인드,3,기록 2 · 이름 12줄,기록 5 · 이름 32줄,,,
callback,record,3,ep:d_nikke_bay_01,,fl:coins_in_rush_04,,char:550,fl:coins_in_rush,290,404,E855,재언급,F1377,,,,,확실,확정,
character,game-condition,3,ep:d_nikke_bay_01,,fav:201301,,char:550,,290,,,,,,,,,,,애장품 소유: 베이 (name_code 5111)
setup_payoff,record,3,d_main_29_02_e,,d_main_29_07_e,,ch29,ch29,291,291,E371,암시,F1388,,,,,확실,확정,
sequel,auto,3,d_main_29_09_e,,d_main_30_01_s,,ch29,ch30,291,293,,,,,,,,,,다음 챕터
setup_payoff,record,2,d_main_29_01_e,,d_main_30_02,,ch29,ch30,291,293,E368,암시,F1398,,,,,추정,확정,
setup_payoff,record,2,d_main_29_02_e,,d_main_30_02,,ch29,ch30,291,293,E369,암시,F1398,,,,,추정,확정,
setup_payoff,record,2,d_main_29_04_s,,d_main_30_01_e,,ch29,ch30,291,293,E372,암시,F1397,,,,,추정,확정,
setup_payoff,record,3,d_main_29_07_e,,d_main_30_06_e,,ch29,ch30,291,293,E374,암시,F1408,,,,,확실,확정,
setup_payoff,record,2,d_main_29_06_e,,d_main_30_02,,ch29,ch30,291,293,E375,암시,F1398,,,,,추정,확정,
setup_payoff,record,2,d_main_29_09_e,,d_main_30_02,,ch29,ch30,291,293,E378,암시,F1401,,,,,추정,확정,
setup_payoff,record,2,d_main_29_07_s,,d_main_30_01_s,,ch29,ch30,291,293,Q181-2,회수,Q181,,,,,추정,확정,일부 · 답 F1396
setup_payoff,record,3,d_main_29_05_e,,d_main_30_02,,ch29,ch30,291,293,Q182-2,회수,Q182,,,,,확실,확정,전부 · 답 F1399
setup_payoff,record,3,d_main_29_07_e,,d_main_30_07_s,,ch29,ch30,291,293,Q183-2,회수,Q183,,,,,확실,확정,일부 · 답 F1410
callback,record,3,d_main_29_07_e,,d_main_30_06_s,,ch29,ch30,291,293,E385,재언급,Q183,,,,,확실,확정,
character,auto,2,d_main_29_07_e,152,d_main_30_06_s,38,ch29,ch30,291,293,,,,person:그레이브,23,기록 4 · 말함 48줄(4%),기록 13 · 말함 147줄(14%) · 이름 23줄,,,
character,auto,2,d_main_29_09_e,7,d_main_30_01_s,40,ch29,ch30,291,293,,,,person:드릴리,2,기록 9 · 말함 170줄(16%) · 이름 18줄,기록 3 · 말함 116줄(11%) · 이름 14줄,,,
character,auto,2,d_main_29_09_e,53,d_main_30_01_s,49,ch29,ch30,291,293,,,,person:리버린,9,기록 9 · 말함 39줄(4%) · 이름 30줄,기록 16 · 말함 193줄(18%) · 이름 43줄,,,
character,auto,2,d_main_29_09_e,63,d_main_30_01_e,5,ch29,ch30,291,293,,,,person:시프티,18,기록 5 · 말함 103줄(10%) · 이름 7줄,기록 1 · 말함 125줄(12%) · 이름 4줄,,,
character,auto,2,d_main_29_09_e,16,d_main_30_01_s,49,ch29,ch30,291,293,,,,person:언노운,3,기록 3 · 이름 25줄,기록 3 · 이름 9줄,,,
character,auto,2,d_main_29_09_s,34,d_main_30_01_s,0,ch29,ch30,291,293,,,,person:일레그,14,기록 5 · 말함 145줄(13%) · 이름 14줄,기록 7 · 말함 79줄(8%) · 이름 11줄,,,
character,auto,2,d_main_29_09_s,17,d_main_30_01_s,0,ch29,ch30,291,293,,,,person:트로니,11,기록 3 · 말함 92줄(8%) · 이름 9줄,기록 5 · 말함 39줄(4%) · 이름 3줄,,,
character,auto,2,d_main_29_09_e,49,d_main_30_01_s,45,ch29,ch30,291,293,,,,person:프레자일,4,기록 12 · 말함 152줄(14%) · 이름 17줄,기록 10 · 말함 83줄(8%) · 이름 26줄,,,
character,auto,2,d_main_29_09_s,20,d_main_30_01_s,49,ch29,ch30,291,293,,,,person:해머링,6,기록 5 · 말함 19줄(2%) · 이름 33줄,기록 5 · 말함 44줄(4%) · 이름 30줄,,,
keyword,auto,1,d_main_29_09_e,57,d_main_30_01_s,15,ch29,ch30,291,293,,,,concept:니케,186,이름 11줄,기록 2 · 이름 12줄,,,흔한 대상
keyword,auto,1,d_main_29_09_s,47,d_main_30_01_s,18,ch29,ch30,291,293,,,,concept:랩쳐,142,이름 21줄,이름 7줄,,,흔한 대상
keyword,auto,2,d_main_29_07_s,21,d_main_30_01_s,20,ch29,ch30,291,293,,,,place:수정_지역,14,기록 6 · 이름 3줄,기록 3 · 이름 2줄,,,
keyword,auto,2,d_main_29_05_e,72,event_lastkingdom1_01_e,81,ch29,event_lastkingdom1,291,295,,,,org:필그림,21,이름 5줄,기록 1 · 이름 8줄,,,
character,auto,1,d_main_29_09_s,48,ep:d_nikke_crown_01,10,ch29,char:330,291,296,,,,person:아니스,119,기록 1 · 말함 137줄(13%) · 이름 2줄,말함 44줄(12%) · 이름 4줄,,,흔한 대상
callback,record,3,d_main_29_08_s,,d_main_32_01,,ch29,ch32,291,310,E448,재언급,F1389,,,,,확실,확정,
keyword,auto,2,d_main_29_08_s,9,sub:관짝이_02,7,ch29,sub:관짝이_02,291,314,,,,item:세븐스_드워프,7,기록 2 · 이름 1줄,기록 3 · 이름 4줄,,,
setup_payoff,record,2,d_main_29_08_s,,d_main_33_01,,ch29,ch33,291,334,E376,암시,F1625,,,,,추정,확정,
setup_payoff,record,2,d_main_29_08_e,,d_main_44_af_06,,ch29,ch44,291,436,E377,암시,F2451,,,,,추정,확정,
keyword,auto,2,relic:반드시사수하라_04,0,d_main_30_01_s,0,relic:반드시사수하라,ch30,292,293,,,,item:하모니_큐브,7,기록 3 · 이름 4줄,기록 3 · 이름 15줄,,,
setup_payoff,record,2,d_main_30_02,,d_main_30_09_s,,ch30,ch30,293,293,E382,암시,F1413,,,,,추정,확정,
setup_payoff,record,3,d_main_30_08_s,,d_main_30_09_s,,ch30,ch30,293,293,E389,암시,F1413,,,,,확실,확정,
setup_payoff,record,2,d_main_30_08_e,,d_main_30_09_s,,ch30,ch30,293,293,E390,암시,F1413,,,,,추정,확정,
callback,record,3,d_main_30_02,,d_main_30_af_01,,ch30,ch30,293,293,F1400-2,드러냄,F1400,,,,,확실,확정,
callback,record,2,d_main_30_01_s,,relic:하모니큐브관찰일지_01,,ch30,relic:하모니큐브관찰일지,293,294,F1396-2,드러냄,F1396,,,,,추정,확정,
keyword,auto,2,d_main_30_09_s,99,relic:하모니큐브관찰일지_00,0,ch30,relic:하모니큐브관찰일지,293,294,,,,item:하모니_큐브,7,기록 3 · 이름 15줄,기록 3 · 이름 5줄,,,
keyword,auto,1,d_main_30_09_e,7,event_lastkingdom1_prologue,93,ch30,event_lastkingdom1,293,295,,,,concept:니케,186,기록 2 · 이름 12줄,기록 1 · 이름 17줄,,,흔한 대상
keyword,auto,1,d_main_30_06_e,60,event_lastkingdom1_prologue,67,ch30,event_lastkingdom1,293,295,,,,concept:랩쳐,142,이름 7줄,이름 62줄,,,흔한 대상
keyword,auto,1,d_main_30_af_03,0,event_lastkingdom1_prologue,6,ch30,event_lastkingdom1,293,295,,,,place:방주,171,기록 3 · 이름 24줄,기록 4 · 이름 23줄,,,흔한 대상
character,auto,1,d_main_30_af_01,63,ep:d_nikke_kilo_01,1,ch30,char:361,293,297,,,,person:라피,85,기록 8 · 말함 136줄(13%) · 이름 34줄,기록 1 · 말함 134줄(27%) · 이름 4줄,,,흔한 대상
setup_payoff,record,2,d_main_30_04,,event_darkhero_02_s,,ch30,event_darkhero,293,298,E384,암시,F1474,,,,,추정,확정,
character,auto,2,d_main_30_af_02,28,event_darkhero_prologue,66,ch30,event_darkhero,293,298,,,,person:일레그,14,기록 7 · 말함 79줄(8%) · 이름 11줄,기록 16 · 말함 198줄(20%) · 이름 135줄,,,
character,auto,2,d_main_30_03_e,47,event_darkhero_01_e,126,ch30,event_darkhero,293,298,,,,person:잉그리드,37,기록 2 · 이름 5줄,기록 2 · 말함 7줄(1%) · 이름 10줄,,,
character,auto,2,d_main_30_af_02,27,event_darkhero_prologue,48,ch30,event_darkhero,293,298,,,,person:트로니,11,기록 5 · 말함 39줄(4%) · 이름 3줄,기록 23 · 말함 311줄(31%) · 이름 174줄,,,
keyword,auto,1,d_main_30_af_01,42,event_darkhero_01_s,93,ch30,event_darkhero,293,298,,,,org:중앙_정부,67,기록 4 · 이름 8줄,기록 3 · 이름 12줄,,,흔한 대상
keyword,auto,2,d_main_30_af_01,44,event_darkhero_epilogue,0,ch30,event_darkhero,293,298,,,,place:수정_지역,14,기록 3 · 이름 2줄,기록 2 · 이름 1줄,,,
sequel,auto,3,d_main_30_af_03,,d_main_31_01_s,,ch30,ch31,293,308,,,,,,,,,,다음 챕터
callback,record,3,d_main_30_01_s,,d_main_31_03,,ch30,ch31,293,308,E436,재언급,F1396,,,,,확실,확정,
character,auto,2,d_main_30_af_01,61,d_main_31_01_s,2,ch30,ch31,293,308,,,,person:그레이브,23,기록 13 · 말함 147줄(14%) · 이름 23줄,기록 11 · 말함 55줄(7%) · 이름 72줄,,,
character,auto,2,d_main_30_af_01,73,d_main_31_01_s,8,ch30,ch31,293,308,,,,person:시프티,18,기록 1 · 말함 125줄(12%) · 이름 4줄,기록 3 · 말함 37줄(4%) · 이름 5줄,,,
character,auto,2,d_main_30_07_e,5,d_main_31_01_s,8,ch30,ch31,293,308,,,,person:아나키오르,9,기록 2 · 이름 3줄,기록 10 · 이름 15줄,,,
callback,record,3,d_main_30_06_e,,d_main_32_03,,ch30,ch32,293,310,E450,재언급,F1408,,,,,확실,확정,
callback,record,3,d_main_30_09_s,,d_main_32_06_s,,ch30,ch32,293,310,E454,재언급,F1414,,,,,확실,확정,
setup_payoff,record,3,d_main_30_07_s,,sub:관짝이_00,,ch30,sub:관짝이_00,293,311,E388,암시,F1563,,,,,확실,확정,
setup_payoff,record,3,d_main_30_06_e,,sub:관짝이_00,,ch30,sub:관짝이_00,293,311,Q186-2,회수,Q186,,,,,확실,확정,전부 · 답 F1563
callback,record,2,d_main_30_06_e,,sub:관짝이_01,,ch30,sub:관짝이_01,293,313,E463,재언급,F1408,,,,,추정,확정,
callback,record,3,d_main_30_07_s,,d_main_34_02,,ch30,ch34,293,336,E495,재언급,F1409,,,,,확실,확정,
character,auto,2,d_main_30_af_02,15,d_main_34_af_01,82,ch30,ch34,293,336,,,,person:해머링,6,기록 5 · 말함 44줄(4%) · 이름 30줄,기록 2 · 이름 1줄,,,
keyword,auto,2,d_main_30_af_01,17,d_main_34_af_01,82,ch30,ch34,293,336,,,,item:브레인_셸터,4,기록 2 · 이름 4줄,기록 2 · 이름 1줄,,,
callback,record,3,d_main_30_06_e,,event_oldtales2_04_e,,ch30,event_oldtales1,293,338,E543,재언급,F1407,,,,,확실,확정,
callback,record,2,d_main_30_07_s,,event_oldtales2_04_e,,ch30,event_oldtales1,293,338,E544,재언급,F1409,,,,,추정,확정,
callback,record,3,d_main_30_07_s,,event_oldtales2_epilogue,,ch30,event_oldtales1,293,338,E549,재언급,F1410,,,,,확실,확정,
setup_payoff,record,3,d_main_30_06_e,,ep:d_nikke_grave_02,,ch30,char:514,293,344,E386,암시,F1719,,,,,확실,확정,
callback,record,2,d_main_30_07_s,,d_main_35_02,,ch30,ch35,293,358,E599,재언급,F1410,,,,,추정,확정,
character,auto,2,d_main_30_af_01,74,event_lordforjustice_02_e,15,ch30,event_lordforjustice,293,385,,,,person:식스오,9,기록 7 · 이름 21줄,기록 2 · 이름 4줄,,,
character,auto,2,d_main_30_af_03,13,d_main_40_af_04,37,ch30,ch40,293,398,,,,person:리버린,9,기록 16 · 말함 193줄(18%) · 이름 43줄,기록 3 · 이름 5줄,,,
setup_payoff,record,2,d_main_30_02,,d_main_41_af_06,,ch30,ch41,293,414,E381,암시,F2209,,,,,추정,확정,
setup_payoff,record,2,d_main_30_02,,d_main_44_af_03,,ch30,ch44,293,436,E380,암시,F2443,,,,,추정,확정,
callback,record,3,d_main_30_02,,d_main_44_af_06,,ch30,ch44,293,436,F1398-2,드러냄,F1398,,,,,확실,확정,
character,auto,2,d_main_30_af_01,32,d_main_44_af_03,120,ch30,ch44,293,436,,,,person:프레자일,4,기록 10 · 말함 83줄(8%) · 이름 26줄,기록 5 · 말함 112줄(5%) · 이름 12줄,,,
keyword,auto,2,d_main_30_02,120,d_main_44_af_03,61,ch30,ch44,293,436,,,,place:블랙넷,6,기록 1 · 이름 7줄,기록 3 · 이름 10줄,,,
setup_payoff,record,2,d_main_30_03_s,,d_main_45_10,,ch30,ch45,293,450,E383,암시,F2604,,,,,추정,확정,
keyword,auto,2,relic:하모니큐브관찰일지_03,0,d_main_31_01_e,3,relic:하모니큐브관찰일지,ch31,294,308,,,,item:하모니_큐브,7,기록 3 · 이름 5줄,기록 6 · 이름 12줄,,,
setup_payoff,record,2,event_lastkingdom1_prologue,,event_lastkingdom2_intermission,,event_lastkingdom1,event_lastkingdom1,295,295,E392,암시,F1439,,,,,추정,확정,
setup_payoff,record,3,event_lastkingdom1_02_e,,event_lastkingdom2_intermission,,event_lastkingdom1,event_lastkingdom1,295,295,E393,암시,F1439,,,,,확실,확정,
setup_payoff,record,2,event_lastkingdom1_03_e,,event_lastkingdom2_06_s,,event_lastkingdom1,event_lastkingdom1,295,295,E394,암시,F1448,,,,,추정,확정,
setup_payoff,record,2,event_lastkingdom1_04_e,,event_lastkingdom2_epilogue,,event_lastkingdom1,event_lastkingdom1,295,295,E396,암시,F1452,,,,,추정,확정,
setup_payoff,record,2,event_lastkingdom1_06_e,,event_lastkingdom2_04_s,,event_lastkingdom1,event_lastkingdom1,295,295,E400,암시,F1438,,,,,추정,확정,
setup_payoff,record,3,event_lastkingdom2_01_s,,event_lastkingdom2_06_e,,event_lastkingdom1,event_lastkingdom1,295,295,E403,암시,F1445,,,,,확실,확정,
setup_payoff,record,2,event_lastkingdom2_03_s,,event_lastkingdom2_06_e,,event_lastkingdom1,event_lastkingdom1,295,295,E405,암시,F1445,,,,,추정,확정,
setup_payoff,record,2,event_lastkingdom2_04_s,,event_lastkingdom2_06_e,,event_lastkingdom1,event_lastkingdom1,295,295,E406,암시,F1445,,,,,추정,확정,
setup_payoff,record,3,event_lastkingdom2_04_s,,event_lastkingdom2_04_s,,event_lastkingdom1,event_lastkingdom1,295,295,E408,암시,F1446,,,,,확실,확정,
setup_payoff,record,3,event_lastkingdom2_06_s,,event_lastkingdom2_epilogue,,event_lastkingdom1,event_lastkingdom1,295,295,E411,암시,F1452,,,,,확실,확정,
callback,record,2,event_lastkingdom2_06_e,,ep:d_nikke_crown_03,,event_lastkingdom1,char:330,295,296,E1364,재언급,F1445,,,,,추정,확정,
character,auto,2,event_lastkingdom2_epilogue,136,ep:d_nikke_crown_04,47,event_lastkingdom1,char:330,295,296,,,,person:마리안,20,기록 19 · 말함 245줄(9%) · 이름 75줄,기록 2 · 이름 3줄,,,
character,auto,2,event_lastkingdom2_epilogue,82,ep:d_nikke_crown_01,15,event_lastkingdom1,char:330,295,296,,,,person:차임,8,기록 19 · 말함 438줄(16%) · 이름 81줄,기록 5 · 말함 109줄(29%) · 이름 14줄,,,
character,auto,2,event_lastkingdom2_epilogue,104,ep:d_nikke_crown_01,2,event_lastkingdom1,char:330,295,296,,,,person:크라운,8,기록 25 · 말함 503줄(18%) · 이름 65줄,기록 11 · 말함 185줄(50%) · 이름 14줄,,,
keyword,auto,1,event_lastkingdom2_06_s,20,ep:d_nikke_crown_01,67,event_lastkingdom1,char:330,295,296,,,,concept:니케,186,기록 1 · 이름 17줄,이름 5줄,,,흔한 대상
keyword,auto,1,event_lastkingdom2_05_e,74,ep:d_nikke_crown_01,7,event_lastkingdom1,char:330,295,296,,,,place:지상,132,기록 1 · 이름 16줄,이름 7줄,,,흔한 대상
keyword,auto,2,event_lastkingdom2_06_e,16,ep:d_nikke_crown_01,6,event_lastkingdom1,char:330,295,296,,,,place:크라운_왕국,3,기록 8 · 이름 9줄,기록 5 · 이름 20줄,,,
character,auto,2,event_lastkingdom2_epilogue,42,ep:d_nikke_kilo_01,26,event_lastkingdom1,char:361,295,297,,,,person:T.A.L.O.S.,3,기록 13 · 말함 201줄(7%) · 이름 1줄,기록 3 · 말함 18줄(4%),,,
character,auto,2,event_lastkingdom2_epilogue,71,ep:d_nikke_kilo_01,25,event_lastkingdom1,char:361,295,297,,,,person:킬로,3,기록 18 · 말함 654줄(24%) · 이름 108줄,기록 5 · 말함 209줄(42%) · 이름 20줄,,,
keyword,auto,1,event_lastkingdom2_epilogue,123,event_darkhero_prologue,14,event_lastkingdom1,event_darkhero,295,298,,,,concept:랩쳐,142,이름 62줄,이름 7줄,,,흔한 대상
keyword,auto,1,event_lastkingdom2_03_e,66,event_darkhero_01_s,33,event_lastkingdom1,event_darkhero,295,298,,,,place:방주,171,기록 4 · 이름 23줄,기록 3 · 이름 32줄,,,흔한 대상
keyword,auto,2,event_lastkingdom2_06_e,105,d_main_31_01_s,8,event_lastkingdom1,ch31,295,308,,,,concept:헬레틱,40,기록 3 · 이름 25줄,기록 3 · 이름 27줄,,,
character,auto,2,event_lastkingdom2_epilogue,29,sub:관짝이_02,7,event_lastkingdom1,sub:관짝이_02,295,314,,,,person:스노우_화이트,26,기록 3 · 말함 96줄(4%) · 이름 6줄,기록 4 · 이름 14줄,,,
character,auto,2,event_lastkingdom2_epilogue,31,event_nonsensered_1,2,event_lastkingdom1,event_nonsensered,295,326,,,,person:라푼젤,18,기록 5 · 말함 64줄(2%) · 이름 10줄,기록 2 · 말함 86줄(26%) · 이름 7줄,,,
character,auto,2,event_lastkingdom2_epilogue,138,side:wordless_08,0,event_lastkingdom1,side:wordless,295,331,,,,person:토커티브,15,기록 16 · 말함 170줄(6%) · 이름 37줄,기록 2 · 이름 3줄,,,
character,auto,2,event_lastkingdom2_05_e,37,d_main_33_06,38,event_lastkingdom1,ch33,295,334,,,,person:니힐리스타,11,기록 2 · 이름 1줄,기록 2 · 이름 4줄,,,
character,auto,2,event_lastkingdom2_epilogue,136,d_main_33_06,38,event_lastkingdom1,ch33,295,334,,,,person:인디빌리아,9,기록 18 · 말함 282줄(10%) · 이름 28줄,기록 2 · 이름 7줄,,,
character,auto,2,event_lastkingdom2_epilogue,14,event_oldtales1_01_e,42,event_lastkingdom1,event_oldtales1,295,338,,,,person:퀸,20,기록 2 · 이름 2줄,기록 5 · 이름 19줄,,,
keyword,auto,2,event_lastkingdom2_04_e,25,event_oldtales1_03_s,102,event_lastkingdom1,event_oldtales1,295,338,,,,concept:침식,21,기록 1 · 이름 5줄,기록 11 · 이름 50줄,,,
keyword,auto,2,event_lastkingdom2_06_e,104,event_footstepwalkrun1_06_e,16,event_lastkingdom1,event_footstepwalkrun1,295,350,,,,concept:에블라_입자,9,기록 2 · 이름 14줄,기록 1 · 이름 5줄,,,
character,auto,2,event_lastkingdom2_epilogue,30,event_ce006_1_02_s,6,event_lastkingdom1,event_ce006,295,387,,,,person:홍련,18,기록 4 · 말함 84줄(3%) · 이름 8줄,기록 3 · 말함 81줄(3%) · 이름 13줄,,,
keyword,auto,2,event_lastkingdom2_epilogue,34,event_ce006_1_06_e,31,event_lastkingdom1,event_ce006,295,387,,,,org:필그림,21,기록 1 · 이름 8줄,기록 2 · 이름 2줄,,,
setup_payoff,record,2,event_lastkingdom1_03_e,,d_main_40_02,,event_lastkingdom1,ch40,295,398,E394,암시,Q189,,,,,추정,확정,
setup_payoff,record,2,event_lastkingdom2_02_e,,d_main_40_02,,event_lastkingdom1,ch40,295,398,Q188-2,회수,Q188,,,,,추정,확정,일부 · 답 F2072
setup_payoff,record,2,event_lastkingdom2_06_s,,d_main_40_02,,event_lastkingdom1,ch40,295,398,Q189-2,회수,Q189,,,,,추정,확정,일부 · 답 F2072
sequel,manual,2,event_lastkingdom2_epilogue,,event_goddessfall1_prologue,,event_lastkingdom1,event_goddessfall1,295,418,Y27,,,,,,,확실,확정,"goddessfall1의 마리안은 lastkingdom1 끝에 자기를 여왕으로 받든 인디빌리아 · 토커티브와 함께 크라운 왕국을 떠나 원래의 퀸을 치러 오므로, 그 처지가 lastkingdom1을 전제한다."
setup_payoff,record,2,event_lastkingdom1_05_e,,event_goddessfall2_04_e,,event_lastkingdom1,event_goddessfall1,295,418,E398,암시,F2307,,,,,추정,확정,
setup_payoff,record,2,event_lastkingdom2_epilogue,,event_goddessfall1_03_s,,event_lastkingdom1,event_goddessfall1,295,418,E412,암시,F2271,,,,,추정,확정,
setup_payoff,record,2,event_lastkingdom2_epilogue,,event_goddessfall2_03_e,,event_lastkingdom1,event_goddessfall1,295,418,E413,암시,F2300,,,,,추정,확정,
callback,record,3,event_lastkingdom2_05_s,,event_goddessfall1_intermission_01,,event_lastkingdom1,event_goddessfall1,295,418,E937,재언급,F1443,,,,,확실,확정,
callback,record,3,event_lastkingdom1_intermission,,event_goddessfall1_05_e,,event_lastkingdom1,event_goddessfall1,295,418,E943,재언급,F1430,,,,,확실,확정,
callback,record,3,event_lastkingdom2_04_s,,event_goddessfall2_03_e,,event_lastkingdom1,event_goddessfall1,295,418,E954,재언급,F1446,,,,,확실,확정,
callback,record,3,event_lastkingdom2_04_s,,event_goddessfall2_05_s,,event_lastkingdom1,event_goddessfall1,295,418,E955,재언급,F1446,,,,,확실,확정,
keyword,auto,2,event_lastkingdom2_06_e,142,event_goddessfall1_06_e,65,event_lastkingdom1,event_goddessfall1,295,418,,,,item:네이키드_킹,2,기록 3 · 이름 5줄,기록 3 · 이름 5줄,,,
callback,record,3,event_lastkingdom1_05_s,,ep:d_nikke_chime_04,,event_lastkingdom1,char:331,295,421,E1626,재언급,F1437,,,,,확실,확정,
callback,record,3,event_lastkingdom2_epilogue,,d_main_46_07,,event_lastkingdom1,ch46,295,452,E1099,재언급,F1453,,,,,확실,확정,
prereq,game-condition,3,ep:d_nikke_crown_01,,ep:d_nikke_crown_02,,char:330,char:330,296,296,,,,,,,,,,condition_scenario_group_id
prereq,game-condition,3,ep:d_nikke_crown_02,,ep:d_nikke_crown_03,,char:330,char:330,296,296,,,,,,,,,,condition_scenario_group_id
prereq,game-condition,3,ep:d_nikke_crown_03,,ep:d_nikke_crown_04,,char:330,char:330,296,296,,,,,,,,,,condition_scenario_group_id
prereq,game-condition,3,ep:d_nikke_crown_04,,ep:d_nikke_crown_05,,char:330,char:330,296,296,,,,,,,,,,condition_scenario_group_id
setup_payoff,record,3,ep:d_nikke_crown_01,,ep:d_nikke_crown_05,,char:330,char:330,296,296,E1363,암시,F1459,,,,,확실,확정,
character,auto,1,ep:d_nikke_crown_04,1,ep:d_nikke_kilo_01,2,char:330,char:361,296,297,,,,person:아니스,119,말함 44줄(12%) · 이름 4줄,말함 73줄(15%) · 이름 2줄,,,흔한 대상
keyword,auto,1,ep:d_nikke_crown_04,77,ep:d_nikke_kilo_01,13,char:330,char:361,296,297,,,,concept:니케,186,이름 5줄,이름 10줄,,,흔한 대상
keyword,auto,1,ep:d_nikke_crown_03,63,ep:d_nikke_kilo_01,0,char:330,char:361,296,297,,,,place:지상,132,이름 7줄,이름 6줄,,,흔한 대상
character,auto,2,ep:d_nikke_crown_05,61,side:eden_spear_12,72,char:330,side:eden_spear,296,411,,,,person:마리안,20,기록 2 · 이름 3줄,기록 3 · 말함 25줄(2%) · 이름 6줄,,,
character,auto,2,ep:d_nikke_crown_05,70,event_goddessfall1_03_s,0,char:330,event_goddessfall1,296,418,,,,person:차임,8,기록 5 · 말함 109줄(29%) · 이름 14줄,기록 10 · 말함 127줄(4%) · 이름 65줄,,,
character,auto,2,ep:d_nikke_crown_05,66,event_goddessfall1_03_s,0,char:330,event_goddessfall1,296,418,,,,person:크라운,8,기록 11 · 말함 185줄(50%) · 이름 14줄,기록 7 · 말함 83줄(3%) · 이름 28줄,,,
keyword,auto,2,ep:d_nikke_crown_05,68,event_goddessfall1_03_s,0,char:330,event_goddessfall1,296,418,,,,place:크라운_왕국,3,기록 5 · 이름 20줄,기록 1 · 이름 14줄,,,
callback,record,2,ep:d_nikke_crown_03,,ep:d_nikke_chime_02,,char:330,char:331,296,421,E1625,재언급,Q193,,,,,추정,확정,
prereq,game-condition,3,ep:d_nikke_kilo_01,,ep:d_nikke_kilo_02,,char:361,char:361,297,297,,,,,,,,,,condition_scenario_group_id
prereq,game-condition,3,ep:d_nikke_kilo_02,,ep:d_nikke_kilo_03,,char:361,char:361,297,297,,,,,,,,,,condition_scenario_group_id
prereq,game-condition,3,ep:d_nikke_kilo_03,,ep:d_nikke_kilo_04,,char:361,char:361,297,297,,,,,,,,,,condition_scenario_group_id
prereq,game-condition,3,ep:d_nikke_kilo_04,,ep:d_nikke_kilo_05,,char:361,char:361,297,297,,,,,,,,,,condition_scenario_group_id
keyword,auto,1,ep:d_nikke_kilo_05,79,event_darkhero_prologue,14,char:361,event_darkhero,297,298,,,,concept:니케,186,이름 10줄,이름 13줄,,,흔한 대상
keyword,auto,1,ep:d_nikke_kilo_05,0,event_darkhero_prologue,2,char:361,event_darkhero,297,298,,,,place:지상,132,이름 6줄,이름 6줄,,,흔한 대상
character,auto,1,ep:d_nikke_kilo_05,112,event_beautyfullshot1_prologue,15,char:361,event_beautyfullshot1,297,305,,,,person:라피,85,기록 1 · 말함 134줄(27%) · 이름 4줄,기록 4 · 말함 78줄(4%) · 이름 8줄,,,흔한 대상
character,auto,1,ep:d_nikke_kilo_05,109,d_main_31_01_s,5,char:361,ch31,297,308,,,,person:아니스,119,말함 73줄(15%) · 이름 2줄,말함 99줄(12%) · 이름 4줄,,,흔한 대상
keyword,auto,2,ep:d_nikke_kilo_05,65,d_main_31_02_s,20,char:361,ch31,297,308,,,,org:카운터스,32,이름 7줄,기록 2 · 이름 7줄,,,
character,auto,1,ep:d_nikke_kilo_05,110,sub:관짝이_00,3,char:361,sub:관짝이_00,297,311,,,,person:네온,55,말함 61줄(12%) · 이름 2줄,기록 2 · 말함 16줄(9%) · 이름 1줄,,,흔한 대상
keyword,auto,2,ep:d_nikke_kilo_04,0,event_outofuniform_01,23,char:361,event_outofuniform,297,351,,,,place:전초기지,13,이름 6줄,기록 1 · 이름 5줄,,,
character,auto,2,ep:d_nikke_kilo_05,122,event_goddessfall1_03_s,0,char:361,event_goddessfall1,297,418,,,,person:T.A.L.O.S.,3,기록 3 · 말함 18줄(4%),기록 4 · 말함 39줄(1%),,,
character,auto,2,ep:d_nikke_kilo_05,123,event_goddessfall1_03_s,0,char:361,event_goddessfall1,297,418,,,,person:킬로,3,기록 5 · 말함 209줄(42%) · 이름 20줄,기록 3 · 말함 65줄(2%) · 이름 17줄,,,
setup_payoff,record,3,event_darkhero_prologue,,event_darkhero_epilogue,,event_darkhero,event_darkhero,298,298,E414,암시,F1478,,,,,확실,확정,
setup_payoff,record,3,event_darkhero_01_s,,event_darkhero_03_s,,event_darkhero,event_darkhero,298,298,E415,암시,F1475,,,,,확실,확정,
character,auto,2,event_darkhero_epilogue,41,ep:d_nikke_trony_01,7,event_darkhero,char:501,298,299,,,,person:일레그,14,기록 16 · 말함 198줄(20%) · 이름 135줄,기록 3 · 말함 40줄(11%) · 이름 19줄,,,
character,auto,2,event_darkhero_epilogue,42,ep:d_nikke_trony_01,2,event_darkhero,char:501,298,299,,,,person:트로니,11,기록 23 · 말함 311줄(31%) · 이름 174줄,기록 4 · 말함 201줄(57%) · 이름 55줄,,,
keyword,auto,2,event_darkhero_06_e,63,ep:d_nikke_trony_01,1,event_darkhero,char:501,298,299,,,,org:일렉트릭_쇼크,5,기록 4 · 이름 11줄,기록 1 · 이름 6줄,,,
keyword,auto,1,event_darkhero_epilogue,27,event_goldencoinrush1_01_s,68,event_darkhero,event_goldencoinrush1,298,300,,,,concept:니케,186,이름 13줄,이름 11줄,,,흔한 대상
character,auto,2,event_darkhero_epilogue,38,event_beautyfullshot1_prologue,19,event_darkhero,event_beautyfullshot1,298,305,,,,person:메이든,6,기록 9 · 말함 145줄(14%) · 이름 61줄,기록 6 · 말함 189줄(9%) · 이름 31줄,,,
keyword,auto,1,event_darkhero_06_s,13,event_beautyfullshot1_01_s,2,event_darkhero,event_beautyfullshot1,298,305,,,,org:중앙_정부,67,기록 3 · 이름 12줄,기록 1 · 이름 24줄,,,흔한 대상
keyword,auto,1,event_darkhero_epilogue,35,event_beautyfullshot1_01_s,0,event_darkhero,event_beautyfullshot1,298,305,,,,place:방주,171,기록 3 · 이름 32줄,기록 3 · 이름 29줄,,,흔한 대상
keyword,auto,1,event_darkhero_epilogue,10,event_beautyfullshot1_prologue,43,event_darkhero,event_beautyfullshot1,298,305,,,,place:지상,132,이름 6줄,이름 11줄,,,흔한 대상
character,auto,2,event_darkhero_02_e,9,d_main_31_01_e,0,event_darkhero,ch31,298,308,,,,person:마나,12,기록 2 · 이름 1줄,기록 5 · 말함 93줄(11%) · 이름 7줄,,,
character,auto,2,event_darkhero_06_s,158,d_main_32_af_02,56,event_darkhero,ch32,298,310,,,,person:잉그리드,37,기록 2 · 말함 7줄(1%) · 이름 10줄,기록 2 · 이름 1줄,,,
keyword,auto,2,event_darkhero_epilogue,26,sub:관짝이_01,8,event_darkhero,sub:관짝이_01,298,313,,,,place:수정_지역,14,기록 2 · 이름 1줄,기록 1 · 이름 7줄,,,
character,auto,2,event_darkhero_06_e,91,event_colorless_02_s,0,event_darkhero,event_colorless,298,319,,,,person:에테르,12,기록 5 · 말함 129줄(13%) · 이름 17줄,기록 6 · 말함 87줄(8%) · 이름 7줄,,,
keyword,auto,1,event_darkhero_02_e,14,event_colorless_prologue,40,event_darkhero,event_colorless,298,319,,,,concept:랩쳐,142,이름 7줄,이름 19줄,,,흔한 대상
keyword,auto,2,event_darkhero_06_e,92,event_colorless_02_s,64,event_darkhero,event_colorless,298,319,,,,org:M.M.R.,12,기록 6 · 이름 10줄,기록 2 · 이름 7줄,,,
character,auto,2,event_darkhero_06_s,156,d_main_33_02_s,38,event_darkhero,ch33,298,334,,,,person:엑시아,12,기록 2 · 말함 111줄(11%) · 이름 24줄,기록 2 · 이름 1줄,,,
sequel,manual,2,event_darkhero_epilogue,,event_icedragonsaga1_prologue,,event_darkhero,event_icedragonsaga1,298,347,Y28,,,,,,,추정,확정,"icedragonsaga1의 메이든은 darkhero에서 임무에 실패해 받은 무기한 근신에서 출발해 기억 소거를 각오한 마지막 임무를 치르므로, 메이든 줄의 처지가 darkhero 없이는 설명되지 않는다(Q196 회수)."
setup_payoff,record,3,event_darkhero_06_s,,event_icedragonsaga1_02_e,,event_darkhero,event_icedragonsaga1,298,347,Q196-2,회수,Q196,,,,,확실,확정,전부 · 답 F1729
callback,record,3,event_darkhero_05_s,,event_icedragonsaga2_03_s,,event_darkhero,event_icedragonsaga1,298,347,E1409,재언급,F1473,,,,,확실,확정,
callback,record,2,event_darkhero_01_s,,event_icedragonsaga2_epilogue,,event_darkhero,event_icedragonsaga1,298,347,E1413,재언급,F1464,,,,,추정,확정,
callback,record,2,event_darkhero_epilogue,,event_icedragonsaga2_epilogue,,event_darkhero,event_icedragonsaga1,298,347,E1413,재언급,F1478,,,,,추정,확정,
callback,record,3,event_darkhero_02_e,,event_icedragonsaga2_05_s,,event_darkhero,event_icedragonsaga1,298,347,E1415,재언급,F1468,,,,,확실,확정,
setup_payoff,record,3,event_darkhero_02_e,,d_main_45_04,,event_darkhero,ch45,298,450,E419,암시,F2581,,,,,확실,확정,
keyword,auto,2,event_darkhero_epilogue,0,d_main_45_03,108,event_darkhero,ch45,298,450,,,,concept:방주_동력원,3,기록 4,기록 7 · 이름 9줄,,,
callback,record,3,event_darkhero_01_s,,fl:ark_ranger_21,,event_darkhero,fl:ark_ranger,298,462,E1180,재언급,F1465,,,,,확실,확정,
callback,record,3,event_darkhero_03_e,,fl:ark_ranger_10,,event_darkhero,fl:ark_ranger,298,462,F1476-2,드러냄,F1476,,,,,확실,확정,
character,auto,2,event_darkhero_epilogue,8,fl:ark_ranger_00,5,event_darkhero,fl:ark_ranger,298,462,,,,person:아크레인저_블랙,4,기록 4 · 말함 86줄(9%) · 이름 31줄,기록 27 · 말함 500줄(25%) · 이름 151줄,,,
keyword,auto,2,event_darkhero_epilogue,8,fl:ark_ranger_00,9,event_darkhero,fl:ark_ranger,298,462,,,,org:아크레인저,4,기록 2 · 이름 40줄,기록 9 · 이름 270줄,,,
prereq,game-condition,3,ep:d_nikke_trony_01,,ep:d_nikke_trony_02,,char:501,char:501,299,299,,,,,,,,,,condition_scenario_group_id
prereq,game-condition,3,ep:d_nikke_trony_02,,ep:d_nikke_trony_03,,char:501,char:501,299,299,,,,,,,,,,condition_scenario_group_id
prereq,game-condition,3,ep:d_nikke_trony_03,,ep:d_nikke_trony_04,,char:501,char:501,299,299,,,,,,,,,,condition_scenario_group_id
prereq,game-condition,3,ep:d_nikke_trony_04,,ep:d_nikke_trony_05,,char:501,char:501,299,299,,,,,,,,,,condition_scenario_group_id
character,auto,2,ep:d_nikke_trony_05,91,event_icedragonsaga2_03_s,48,char:501,event_icedragonsaga1,299,347,,,,person:일레그,14,기록 3 · 말함 40줄(11%) · 이름 19줄,기록 2 · 이름 12줄,,,
character,auto,2,ep:d_nikke_trony_05,95,event_icedragonsaga2_03_s,48,char:501,event_icedragonsaga1,299,347,,,,person:트로니,11,기록 4 · 말함 201줄(57%) · 이름 55줄,기록 2 · 이름 12줄,,,
character,auto,2,ep:d_nikke_trony_05,52,ep:d_nikke_guillotine_winterslayer_03,109,char:501,char:182,299,349,,,,person:라플라스,13,기록 1 · 말함 68줄(19%) · 이름 7줄,말함 57줄(16%) · 이름 15줄,,,
keyword,auto,2,ep:d_nikke_trony_05,95,d_main_45_03,108,char:501,ch45,299,450,,,,org:일렉트릭_쇼크,5,기록 1 · 이름 6줄,기록 2 · 이름 3줄,,,
setup_payoff,record,3,event_goldencoinrush1_06_e,,event_goldencoinrush2_02_s,,event_goldencoinrush1,event_goldencoinrush1,300,300,E1370,암시,F1487,,,,,확실,확정,
character,auto,2,event_goldencoinrush2_b03_e,81,ep:d_nikke_soda_twinklingbunny_01,0,event_goldencoinrush1,char:314,300,301,,,,person:루주,6,기록 2 · 말함 86줄(3%) · 이름 14줄,기록 3 · 말함 65줄(25%) · 이름 6줄,,,
character,auto,2,event_goldencoinrush2_epilogue,91,ep:d_nikke_soda_twinklingbunny_01,8,event_goldencoinrush1,char:314,300,301,,,,person:소다,6,기록 12 · 말함 1009줄(35%) · 이름 224줄,기록 3 · 말함 196줄(75%) · 이름 49줄,,,
keyword,auto,2,event_goldencoinrush2_06_e,144,ep:d_nikke_soda_twinklingbunny_01,9,event_goldencoinrush1,char:314,300,301,,,,place:코인_러시,11,기록 1 · 이름 37줄,기록 2 · 이름 9줄,,,
character,auto,2,event_goldencoinrush2_epilogue,24,ep:d_nikke_alice_wonderlandbunny_01,29,event_goldencoinrush1,char:195,300,302,,,,person:루드밀라,11,기록 2 · 말함 4줄(0%) · 이름 4줄,기록 1 · 말함 37줄(11%) · 이름 1줄,,,
character,auto,2,event_goldencoinrush2_epilogue,28,ep:d_nikke_alice_wonderlandbunny_01,2,event_goldencoinrush1,char:195,300,302,,,,person:앨리스,6,기록 5 · 말함 428줄(15%) · 이름 88줄,기록 4 · 말함 188줄(57%) · 이름 66줄,,,
character,auto,2,event_goldencoinrush2_06_e,25,event_claymore_02_e,81,event_goldencoinrush1,event_claymore,300,303,,,,person:밀크,10,기록 3 · 말함 109줄(4%) · 이름 26줄,기록 6 · 말함 234줄(24%) · 이름 85줄,,,
keyword,auto,1,event_goldencoinrush1_b02_s,6,event_claymore_prologue,6,event_goldencoinrush1,event_claymore,300,303,,,,concept:니케,186,이름 11줄,이름 17줄,,,흔한 대상
character,auto,2,event_goldencoinrush2_06_s,56,event_beautyfullshot1_01_e,0,event_goldencoinrush1,event_beautyfullshot1,300,305,,,,person:머스탱,27,기록 2 · 말함 322줄(11%) · 이름 25줄,기록 5 · 말함 60줄(3%) · 이름 7줄,,,
character,auto,2,event_goldencoinrush2_06_e,36,event_beautyfullshot1_prologue,11,event_goldencoinrush1,event_beautyfullshot1,300,305,,,,person:메어리,9,기록 3 · 말함 121줄(4%) · 이름 22줄,기록 3 · 말함 75줄(4%) · 이름 9줄,,,
character,auto,2,event_goldencoinrush2_06_e,39,event_jinxplayer_01_s,7,event_goldencoinrush1,event_jinxplayer,300,325,,,,person:누아르,7,기록 2 · 말함 16줄(1%) · 이름 10줄,기록 2 · 말함 86줄(9%) · 이름 15줄,,,
character,auto,2,event_goldencoinrush2_06_e,38,event_jinxplayer_01_s,8,event_goldencoinrush1,event_jinxplayer,300,325,,,,person:블랑,6,기록 3 · 말함 67줄(2%) · 이름 22줄,기록 2 · 말함 117줄(12%) · 이름 17줄,,,
character,auto,2,event_goldencoinrush2_06_e,28,event_lifeagain_intermission_01,2,event_goldencoinrush1,event_lifeagain,300,332,,,,person:폴크방,3,기록 4 · 말함 95줄(3%) · 이름 19줄,기록 2 · 말함 64줄(6%) · 이름 42줄,,,
keyword,auto,2,event_goldencoinrush2_epilogue,15,event_footstepwalkrun1_04_e,2,event_goldencoinrush1,event_footstepwalkrun1,300,350,,,,org:테트라,13,기록 2 · 이름 19줄,기록 2 · 이름 6줄,,,
character,auto,2,event_goldencoinrush2_epilogue,89,ep:d_nikke_anchor_innocentmaid_01,11,event_goldencoinrush1,char:355,300,357,,,,person:코코아,10,기록 2 · 말함 66줄(2%) · 이름 22줄,기록 1 · 말함 29줄(10%) · 이름 2줄,,,
character,auto,2,event_goldencoinrush2_06_e,29,d_main_39_af_05,4,event_goldencoinrush1,ch39,300,396,,,,person:볼륨,3,기록 3 · 말함 97줄(3%) · 이름 27줄,기록 2 · 말함 33줄(2%) · 이름 1줄,,,
callback,record,3,event_goldencoinrush1_05_e,,fl:coins_in_rush_26,,event_goldencoinrush1,fl:coins_in_rush,300,404,E869,재언급,F1486,,,,,확실,확정,
character,auto,2,event_goldencoinrush2_epilogue,90,fl:coins_in_rush_00,9,event_goldencoinrush1,fl:coins_in_rush,300,404,,,,person:에이드,9,기록 3 · 말함 63줄(2%) · 이름 17줄,기록 9 · 말함 307줄(17%) · 이름 82줄,,,
keyword,auto,2,event_goldencoinrush2_epilogue,22,fl:fatal_maid_00,15,event_goldencoinrush1,fl:fatal_maid,300,432,,,,org:메이드_포_유,4,기록 3 · 이름 7줄,기록 4 · 이름 3줄,,,
keyword,auto,2,event_goldencoinrush1_b02_e,50,fl:lie_cause_recoil_01,9,event_goldencoinrush1,fl:lie_cause_recoil,300,438,,,,org:카페_스위티,4,기록 2 · 이름 5줄,기록 8 · 이름 16줄,,,
prereq,game-condition,3,ep:d_nikke_soda_twinklingbunny_01,,ep:d_nikke_soda_twinklingbunny_02,,char:314,char:314,301,301,,,,,,,,,,condition_scenario_group_id
prereq,game-condition,3,ep:d_nikke_soda_twinklingbunny_02,,ep:d_nikke_soda_twinklingbunny_03,,char:314,char:314,301,301,,,,,,,,,,condition_scenario_group_id
prereq,game-condition,3,ep:d_nikke_soda_twinklingbunny_03,,ep:d_nikke_soda_twinklingbunny_04,,char:314,char:314,301,301,,,,,,,,,,condition_scenario_group_id
prereq,game-condition,3,ep:d_nikke_soda_twinklingbunny_04,,ep:d_nikke_soda_twinklingbunny_05,,char:314,char:314,301,301,,,,,,,,,,condition_scenario_group_id
character,auto,2,ep:d_nikke_soda_twinklingbunny_05,107,ep:d_nikke_alice_wonderlandbunny_02,2,char:314,char:195,301,302,,,,person:소다,6,기록 3 · 말함 196줄(75%) · 이름 49줄,기록 1 · 말함 42줄(13%) · 이름 13줄,,,
keyword,auto,2,ep:d_nikke_soda_twinklingbunny_05,94,ep:d_nikke_alice_wonderlandbunny_02,2,char:314,char:195,301,302,,,,place:코인_러시,11,기록 2 · 이름 9줄,기록 1 · 이름 10줄,,,
character,auto,2,ep:d_nikke_soda_twinklingbunny_05,93,event_jinxplayer_prologue,4,char:314,event_jinxplayer,301,325,,,,person:루주,6,기록 3 · 말함 65줄(25%) · 이름 6줄,기록 4 · 말함 727줄(74%) · 이름 134줄,,,
prereq,game-condition,3,ep:d_nikke_alice_wonderlandbunny_01,,ep:d_nikke_alice_wonderlandbunny_02,,char:195,char:195,302,302,,,,,,,,,,condition_scenario_group_id
prereq,game-condition,3,ep:d_nikke_alice_wonderlandbunny_02,,ep:d_nikke_alice_wonderlandbunny_03,,char:195,char:195,302,302,,,,,,,,,,condition_scenario_group_id
prereq,game-condition,3,ep:d_nikke_alice_wonderlandbunny_03,,ep:d_nikke_alice_wonderlandbunny_04,,char:195,char:195,302,302,,,,,,,,,,condition_scenario_group_id
prereq,game-condition,3,ep:d_nikke_alice_wonderlandbunny_04,,ep:d_nikke_alice_wonderlandbunny_05,,char:195,char:195,302,302,,,,,,,,,,condition_scenario_group_id
keyword,auto,2,ep:d_nikke_alice_wonderlandbunny_05,43,event_jinxplayer_prologue,1,char:195,event_jinxplayer,302,325,,,,place:코인_러시,11,기록 1 · 이름 10줄,기록 1 · 이름 19줄,,,
setup_payoff,record,3,event_claymore_01_s,,event_claymore_02_e,,event_claymore,event_claymore,303,303,E1372,암시,F1498,,,,,확실,확정,
setup_payoff,record,3,event_claymore_05_e,,event_claymore_epilogue,,event_claymore,event_claymore,303,303,E1376,암시,F1500,,,,,확실,확정,
callback,record,2,event_claymore_02_e,,event_claymore_03_e,,event_claymore,event_claymore,303,303,E1374,재언급,F1498,,,,,추정,확정,
callback,record,3,event_claymore_06_s,,event_claymore_06_e,,event_claymore,event_claymore,303,303,E1377,재언급,F1499,,,,,확실,확정,
character,auto,2,event_claymore_epilogue,58,ep:d_nikke_clay_01,0,event_claymore,char:551,303,304,,,,person:베이,5,기록 6 · 말함 69줄(7%) · 이름 47줄,기록 2 · 말함 21줄(6%) · 이름 21줄,,,
character,auto,2,event_claymore_epilogue,59,ep:d_nikke_clay_01,0,event_claymore,char:551,303,304,,,,person:클레이,3,기록 14 · 말함 605줄(63%) · 이름 100줄,기록 4 · 말함 201줄(53%) · 이름 47줄,,,
keyword,auto,1,event_claymore_05_s,102,event_beautyfullshot1_01_s,19,event_claymore,event_beautyfullshot1,303,305,,,,concept:니케,186,이름 17줄,이름 5줄,,,흔한 대상
character,auto,2,event_claymore_06_e,137,fl:coins_in_rush_01,1,event_claymore,fl:coins_in_rush,303,404,,,,person:밀크,10,기록 6 · 말함 234줄(24%) · 이름 85줄,기록 4 · 말함 473줄(26%) · 이름 88줄,,,
prereq,game-condition,3,ep:d_nikke_clay_01,,ep:d_nikke_clay_02,,char:551,char:551,304,304,,,,,,,,,,condition_scenario_group_id
prereq,game-condition,3,ep:d_nikke_clay_02,,ep:d_nikke_clay_03,,char:551,char:551,304,304,,,,,,,,,,condition_scenario_group_id
prereq,game-condition,3,ep:d_nikke_clay_03,,ep:d_nikke_clay_04,,char:551,char:551,304,304,,,,,,,,,,condition_scenario_group_id
prereq,game-condition,3,ep:d_nikke_clay_04,,ep:d_nikke_clay_05,,char:551,char:551,304,304,,,,,,,,,,condition_scenario_group_id
character,auto,2,ep:d_nikke_clay_05,35,fl:boom_the_ghost_00,6,char:551,fl:boom_the_ghost,304,393,,,,person:프림,7,기록 1 · 말함 43줄(11%) · 이름 21줄,기록 2 · 말함 110줄(5%) · 이름 22줄,,,
character,auto,2,ep:d_nikke_clay_05,95,fl:coins_in_rush_04,22,char:551,fl:coins_in_rush,304,404,,,,person:베이,5,기록 2 · 말함 21줄(6%) · 이름 21줄,기록 2 · 말함 135줄(8%) · 이름 29줄,,,
setup_payoff,record,2,event_beautyfullshot1_06_e,,event_beautyfullshot2_02_e,,event_beautyfullshot1,event_beautyfullshot1,305,305,E427,암시,F1513,,,,,추정,확정,
character,auto,2,event_beautyfullshot2_epilogue,52,ep:d_nikke_sakura_bloominsummer_01,8,event_beautyfullshot1,char:284,305,306,,,,person:사쿠라,10,기록 10 · 말함 509줄(25%) · 이름 93줄,기록 2 · 말함 218줄(83%) · 이름 39줄,,,
character,auto,2,event_beautyfullshot2_epilogue,52,ep:d_nikke_rosanna_chicocean_01,6,event_beautyfullshot1,char:283,305,307,,,,person:로산나,9,기록 11 · 말함 315줄(15%) · 이름 45줄,기록 3 · 말함 203줄(88%) · 이름 24줄,,,
keyword,auto,1,event_beautyfullshot2_05_e,60,ep:d_nikke_rosanna_chicocean_03,17,event_beautyfullshot1,char:283,305,307,,,,place:방주,171,기록 3 · 이름 29줄,기록 2 · 이름 8줄,,,흔한 대상
character,auto,1,event_beautyfullshot2_06_e,75,d_main_31_01_s,0,event_beautyfullshot1,ch31,305,308,,,,person:라피,85,기록 4 · 말함 78줄(4%) · 이름 8줄,기록 12 · 말함 120줄(14%) · 이름 44줄,,,흔한 대상
keyword,auto,1,event_beautyfullshot2_05_s,71,d_main_32_05,187,event_beautyfullshot1,ch32,305,310,,,,concept:니케,186,이름 5줄,이름 5줄,,,흔한 대상
keyword,auto,1,event_beautyfullshot2_epilogue,56,event_colorless_02_s,68,event_beautyfullshot1,event_colorless,305,319,,,,place:지상,132,이름 11줄,이름 15줄,,,흔한 대상
keyword,auto,1,event_beautyfullshot2_05_e,65,d_main_33_01,1,event_beautyfullshot1,ch33,305,334,,,,org:중앙_정부,67,기록 1 · 이름 24줄,기록 2 · 이름 4줄,,,흔한 대상
callback,record,3,event_beautyfullshot2_02_e,,event_icedragonsaga2_01_s,,event_beautyfullshot1,event_icedragonsaga1,305,347,E1412,재언급,F1513,,,,,확실,확정,
character,auto,2,event_beautyfullshot2_epilogue,23,event_icedragonsaga1_02_s,114,event_beautyfullshot1,event_icedragonsaga1,305,347,,,,person:메이든,6,기록 6 · 말함 189줄(9%) · 이름 31줄,기록 16 · 말함 576줄(23%) · 이름 129줄,,,
setup_payoff,record,3,event_beautyfullshot1_01_e,,event_footstepwalkrun1_06_s,,event_beautyfullshot1,event_footstepwalkrun1,305,350,Q198-2,회수,Q198,,,,,확실,확정,일부 · 답 F1748
character,auto,2,event_beautyfullshot2_epilogue,68,event_romanticvalentine_04_e,90,event_beautyfullshot1,event_romanticvalentine,305,355,,,,person:머스탱,27,기록 5 · 말함 60줄(3%) · 이름 7줄,기록 2 · 말함 20줄(2%) · 이름 3줄,,,
character,auto,2,event_beautyfullshot2_06_e,76,ep:d_nikke_ce005_03_01,0,event_beautyfullshot1,char:836,305,362,,,,person:메어리,9,기록 3 · 말함 75줄(4%) · 이름 9줄,기록 1 · 말함 73줄(36%) · 이름 17줄,,,
keyword,auto,2,event_beautyfullshot2_03_e,54,d_main_38_07_e,52,event_beautyfullshot1,ch38,305,375,,,,place:아우터_림,43,기록 2 · 이름 5줄,기록 3 · 이름 8줄,,,
character,auto,2,event_beautyfullshot2_epilogue,18,event_lordforjustice_01_s,5,event_beautyfullshot1,event_lordforjustice,305,385,,,,person:목단,9,기록 2 · 말함 53줄(3%) · 이름 7줄,기록 10 · 말함 150줄(21%) · 이름 37줄,,,
keyword,auto,2,event_beautyfullshot2_06_e,83,fl:boom_the_ghost_25,101,event_beautyfullshot1,fl:boom_the_ghost,305,393,,,,concept:크라켄,4,기록 2 · 이름 18줄,기록 4 · 이름 8줄,,,
character,auto,2,event_beautyfullshot2_epilogue,46,d_main_39_af_01,1,event_beautyfullshot1,ch39,305,396,,,,person:바이퍼,11,기록 8 · 말함 372줄(18%) · 이름 51줄,기록 2 · 말함 150줄(9%) · 이름 12줄,,,
keyword,auto,2,event_beautyfullshot2_03_e,54,d_main_39_af_01,15,event_beautyfullshot1,ch39,305,396,,,,org:이그조틱,14,기록 3 · 이름 1줄,기록 4 · 이름 17줄,,,
keyword,auto,2,event_beautyfullshot2_02_e,22,d_main_44_af_04,54,event_beautyfullshot1,ch44,305,436,,,,org:세이메이카이,6,기록 3 · 이름 6줄,이름 7줄,,,
keyword,auto,2,event_beautyfullshot2_epilogue,52,d_main_44_af_04,26,event_beautyfullshot1,ch44,305,436,,,,org:언더월드_퀸,9,기록 5 · 이름 4줄,이름 9줄,,,
keyword,auto,2,event_beautyfullshot2_05_s,23,d_main_44_af_04,54,event_beautyfullshot1,ch44,305,436,,,,org:헤도니아,6,기록 3 · 이름 7줄,기록 1 · 이름 8줄,,,
character,auto,2,event_beautyfullshot2_epilogue,51,fl:enter_heaven_00,1,event_beautyfullshot1,fl:enter_heaven,305,442,,,,person:자칼,7,기록 4 · 말함 107줄(5%) · 이름 24줄,기록 4 · 말함 42줄(4%) · 이름 17줄,,,
setup_payoff,record,2,event_beautyfullshot1_03_e,,d_main_45_11,,event_beautyfullshot1,ch45,305,450,E425,암시,F2606,,,,,추정,확정,
setup_payoff,record,2,event_beautyfullshot1_03_e,,d_main_46_af_08,,event_beautyfullshot1,ch46,305,452,E425,암시,F2657,,,,,추정,확정,
character,auto,2,event_beautyfullshot2_epilogue,30,ep:d_nikke_guilty_mightybunny_01,2,event_beautyfullshot1,char:404,305,480,,,,person:길티,3,기록 7 · 말함 132줄(6%) · 이름 28줄,기록 2 · 말함 169줄(79%) · 이름 63줄,,,
prereq,game-condition,3,ep:d_nikke_sakura_bloominsummer_01,,ep:d_nikke_sakura_bloominsummer_02,,char:284,char:284,306,306,,,,,,,,,,condition_scenario_group_id
prereq,game-condition,3,ep:d_nikke_sakura_bloominsummer_02,,ep:d_nikke_sakura_bloominsummer_03,,char:284,char:284,306,306,,,,,,,,,,condition_scenario_group_id
prereq,game-condition,3,ep:d_nikke_sakura_bloominsummer_03,,ep:d_nikke_sakura_bloominsummer_04,,char:284,char:284,306,306,,,,,,,,,,condition_scenario_group_id
prereq,game-condition,3,ep:d_nikke_sakura_bloominsummer_04,,ep:d_nikke_sakura_bloominsummer_05,,char:284,char:284,306,306,,,,,,,,,,condition_scenario_group_id
character,auto,2,ep:d_nikke_sakura_bloominsummer_05,93,d_main_44_af_04,4,char:284,ch44,306,436,,,,person:사쿠라,10,기록 2 · 말함 218줄(83%) · 이름 39줄,기록 3 · 말함 86줄(4%) · 이름 12줄,,,
prereq,game-condition,3,ep:d_nikke_rosanna_chicocean_01,,ep:d_nikke_rosanna_chicocean_02,,char:283,char:283,307,307,,,,,,,,,,condition_scenario_group_id
prereq,game-condition,3,ep:d_nikke_rosanna_chicocean_02,,ep:d_nikke_rosanna_chicocean_03,,char:283,char:283,307,307,,,,,,,,,,condition_scenario_group_id
prereq,game-condition,3,ep:d_nikke_rosanna_chicocean_03,,ep:d_nikke_rosanna_chicocean_04,,char:283,char:283,307,307,,,,,,,,,,condition_scenario_group_id
prereq,game-condition,3,ep:d_nikke_rosanna_chicocean_04,,ep:d_nikke_rosanna_chicocean_05,,char:283,char:283,307,307,,,,,,,,,,condition_scenario_group_id
keyword,auto,1,ep:d_nikke_rosanna_chicocean_04,29,d_main_31_01_e,23,char:283,ch31,307,308,,,,place:방주,171,기록 2 · 이름 8줄,이름 16줄,,,흔한 대상
character,auto,2,ep:d_nikke_rosanna_chicocean_05,75,d_main_44_af_04,3,char:283,ch44,307,436,,,,person:로산나,9,기록 3 · 말함 203줄(88%) · 이름 24줄,기록 3 · 말함 71줄(3%) · 이름 19줄,,,
setup_payoff,record,3,d_main_31_03,,relic:말뚝프로젝트보고서_00,,ch31,relic:말뚝프로젝트보고서,308,309,E435,암시,F1538,,,,,확실,확정,
keyword,auto,2,d_main_31_08,145,relic:말뚝프로젝트보고서_00,0,ch31,relic:말뚝프로젝트보고서,308,309,,,,item:A_필러,3,기록 6 · 이름 13줄,기록 4,,,
sequel,auto,3,d_main_31_09_e,,d_main_32_01,,ch31,ch32,308,310,,,,,,,,,,다음 챕터
setup_payoff,record,3,d_main_31_05,,d_main_32_af_02,,ch31,ch32,308,310,E437,암시,F1559,,,,,확실,확정,
setup_payoff,record,3,d_main_31_06,,d_main_32_03,,ch31,ch32,308,310,E438,암시,F1542,,,,,확실,확정,
setup_payoff,record,3,d_main_31_07,,d_main_32_06_e,,ch31,ch32,308,310,E441,암시,F1548,,,,,확실,확정,
setup_payoff,record,3,d_main_31_07,,d_main_32_05,,ch31,ch32,308,310,E442,암시,F1545,,,,,확실,확정,
setup_payoff,record,2,d_main_31_07,,d_main_32_03,,ch31,ch32,308,310,E443,암시,F1543,,,,,추정,확정,
setup_payoff,record,3,d_main_31_08,,d_main_32_09_e,,ch31,ch32,308,310,E444,암시,F1555,,,,,확실,확정,
setup_payoff,record,2,d_main_31_08,,d_main_32_af_01,,ch31,ch32,308,310,E445,암시,F1558,,,,,추정,확정,
setup_payoff,record,2,d_main_31_08,,d_main_32_01,,ch31,ch32,308,310,E446,암시,F1540,,,,,추정,확정,
setup_payoff,record,3,d_main_31_09_e,,d_main_32_03,,ch31,ch32,308,310,E447,암시,F1542,,,,,확실,확정,
setup_payoff,record,3,d_main_31_08,,d_main_32_07,,ch31,ch32,308,310,Q200-2,회수,Q200,,,,,확실,확정,일부 · 답 F1551
callback,record,3,d_main_31_04_s,,d_main_32_03,,ch31,ch32,308,310,F1530-2,드러냄,F1530,,,,,확실,확정,
character,auto,2,d_main_31_09_e,98,d_main_32_01,2,ch31,ch32,308,310,,,,person:그레이브,23,기록 11 · 말함 55줄(7%) · 이름 72줄,기록 20 · 말함 263줄(24%) · 이름 36줄,,,
character,auto,1,d_main_31_09_e,73,d_main_32_01,24,ch31,ch32,308,310,,,,person:라피,85,기록 12 · 말함 120줄(14%) · 이름 44줄,기록 9 · 말함 160줄(15%) · 이름 42줄,,,흔한 대상
character,auto,2,d_main_31_09_e,44,d_main_32_01,31,ch31,ch32,308,310,,,,person:레드_후드,26,기록 4 · 이름 6줄,기록 4 · 말함 14줄(1%) · 이름 13줄,,,
character,auto,2,d_main_31_09_s,34,d_main_32_02_s,6,ch31,ch32,308,310,,,,person:베스티,8,기록 3 · 말함 52줄(6%) · 이름 6줄,기록 5 · 말함 67줄(6%) · 이름 16줄,,,
character,auto,2,d_main_31_09_e,65,d_main_32_02_s,39,ch31,ch32,308,310,,,,person:베히모스,14,기록 14 · 말함 120줄(14%) · 이름 31줄,기록 15 · 말함 151줄(14%) · 이름 72줄,,,
character,auto,2,d_main_31_06,111,d_main_32_01,63,ch31,ch32,308,310,,,,person:신데렐라,26,기록 2 · 이름 2줄,기록 20 · 말함 37줄(3%) · 이름 55줄,,,
character,auto,2,d_main_31_09_e,61,d_main_32_01,6,ch31,ch32,308,310,,,,person:아나키오르,9,기록 10 · 이름 15줄,기록 3 · 말함 12줄(1%) · 이름 9줄,,,
character,auto,2,d_main_31_09_s,38,d_main_32_02_s,9,ch31,ch32,308,310,,,,person:엠마,10,기록 3 · 말함 76줄(9%) · 이름 3줄,기록 3 · 말함 51줄(5%) · 이름 4줄,,,
character,auto,2,d_main_31_09_e,82,d_main_32_01,45,ch31,ch32,308,310,,,,person:은화,9,기록 6 · 말함 128줄(15%) · 이름 21줄,기록 9 · 말함 90줄(8%) · 이름 29줄,,,
keyword,auto,2,d_main_31_08,59,d_main_32_02_e,12,ch31,ch32,308,310,,,,concept:E2_크리스탈,7,기록 4 · 이름 6줄,기록 4 · 이름 1줄,,,
keyword,auto,2,d_main_31_09_e,78,d_main_32_01,6,ch31,ch32,308,310,,,,concept:헬레틱,40,기록 3 · 이름 27줄,기록 1 · 이름 21줄,,,
keyword,auto,2,d_main_31_09_s,5,d_main_32_02_e,3,ch31,ch32,308,310,,,,item:하모니_큐브,7,기록 6 · 이름 12줄,기록 3 · 이름 7줄,,,
keyword,auto,2,d_main_31_09_s,45,d_main_32_04,47,ch31,ch32,308,310,,,,org:앱솔루트,15,기록 3 · 이름 13줄,기록 5 · 이름 3줄,,,
keyword,auto,2,d_main_31_08,101,d_main_32_03,73,ch31,ch32,308,310,,,,org:포비스트,20,기록 4 · 이름 2줄,기록 4 · 이름 1줄,,,
keyword,auto,1,d_main_31_08,150,d_main_32_02_s,17,ch31,ch32,308,310,,,,place:방주,171,이름 16줄,이름 6줄,,,흔한 대상
character,auto,1,d_main_31_09_e,13,sub:관짝이_00,3,ch31,sub:관짝이_00,308,311,,,,person:아니스,119,말함 99줄(12%) · 이름 4줄,기록 1 · 말함 30줄(17%) · 이름 2줄,,,흔한 대상
character,auto,2,d_main_31_09_e,101,side:wordless_00,0,ch31,side:wordless,308,331,,,,person:마나,12,기록 5 · 말함 93줄(11%) · 이름 7줄,기록 6 · 말함 198줄(19%) · 이름 16줄,,,
setup_payoff,record,3,d_main_31_08,,d_main_33_08,,ch31,ch33,308,334,Q200-3,회수,Q200,,,,,확실,확정,일부 · 답 F1636
character,auto,2,d_main_31_08,183,d_main_33_01,1,ch31,ch33,308,334,,,,person:시프티,18,기록 3 · 말함 37줄(4%) · 이름 5줄,기록 2 · 말함 23줄(2%),,,
callback,record,2,d_main_31_01_s,,d_main_34_af_01,,ch31,ch34,308,336,E515,재언급,F1524,,,,,추정,확정,
keyword,auto,2,d_main_31_08,76,d_main_34_01_e,83,ch31,ch34,308,336,,,,org:카운터스,32,기록 2 · 이름 7줄,기록 1 · 이름 6줄,,,
callback,record,2,d_main_31_01_s,,event_oldtales1_04_s,,ch31,event_oldtales1,308,338,F1523-2,드러냄,F1523,,,,,추정,확정,
keyword,auto,2,d_main_31_09_e,16,event_oldtales1_01_e,21,ch31,event_oldtales1,308,338,,,,concept:양산형_니케,26,이름 5줄,기록 4 · 이름 10줄,,,
setup_payoff,record,2,d_main_31_02_e,,d_main_35bf_01,,ch31,ch35,308,358,E434,암시,F1786,,,,,추정,확정,
callback,record,3,d_main_31_08,,d_main_36_09_s,,ch31,ch36,308,360,E627,재언급,F1533,,,,,확실,확정,
setup_payoff,record,2,d_main_31_06,,relic:할일목록_00,,ch31,relic:할일목록,308,361,E440,암시,F1821,,,,,추정,확정,
callback,record,3,d_main_31_05,,fl:absolute_07,,ch31,fl:absolute,308,400,F1529-2,드러냄,F1529,,,,,확실,확정,
setup_payoff,record,2,d_main_31_06,,d_main_41_01,,ch31,ch41,308,414,E440,암시,F2181,,,,,추정,확정,
setup_payoff,record,2,d_main_31_06,,relic:주의용광로사용법_03,,ch31,relic:주의용광로사용법,308,417,E439,암시,Q199,,,,,추정,확정,
setup_payoff,record,2,d_main_31_08,,relic:주의용광로사용법_03,,ch31,relic:주의용광로사용법,308,417,Q199-2,회수,Q199,,,,,추정,확정,전부 · 답 F2184
keyword,auto,2,relic:말뚝프로젝트보고서_03,2,d_main_32_02_e,3,relic:말뚝프로젝트보고서,ch32,309,310,,,,item:A_필러,3,기록 4,기록 1 · 이름 13줄,,,
character,auto,2,d_main_32_af_01,57,sub:관짝이_00,3,ch32,sub:관짝이_00,310,311,,,,person:그레이브,23,기록 20 · 말함 263줄(24%) · 이름 36줄,기록 5 · 말함 60줄(35%) · 이름 4줄,,,
character,auto,2,d_main_32_af_01,98,sub:관짝이_00,3,ch32,sub:관짝이_00,310,311,,,,person:신데렐라,26,기록 20 · 말함 37줄(3%) · 이름 55줄,기록 3 · 이름 11줄,,,
character,auto,2,d_main_32_09_e,268,sub:거울_공주_00,102,ch32,sub:거울_공주_00,310,312,,,,person:아나키오르,9,기록 3 · 말함 12줄(1%) · 이름 9줄,기록 2 · 이름 2줄,,,
keyword,auto,2,d_main_32_05,22,sub:거울_공주_00,102,ch32,sub:거울_공주_00,310,312,,,,org:갓데스,30,기록 2 · 이름 6줄,기록 2 · 이름 3줄,,,
keyword,auto,2,d_main_32_07,65,sub:관짝이_01,73,ch32,sub:관짝이_01,310,313,,,,org:포비스트,20,기록 4 · 이름 1줄,기록 1 · 이름 7줄,,,
keyword,auto,1,d_main_32_09_e,205,sub:거울_공주_01,13,ch32,sub:거울_공주_01,310,315,,,,concept:니케,186,이름 5줄,이름 6줄,,,흔한 대상
callback,record,3,d_main_32_08_s,,relic:수정지역깊은곳어딘가_02,,ch32,relic:수정지역깊은곳어딘가,310,316,E468,재언급,F1552,,,,,확실,확정,
callback,record,3,d_main_32_09_s,,relic:수정지역깊은곳어딘가_02,,ch32,relic:수정지역깊은곳어딘가,310,316,E468,재언급,F1553,,,,,확실,확정,
keyword,auto,2,d_main_32_af_01,16,relic:수정지역깊은곳어딘가_00,1,ch32,relic:수정지역깊은곳어딘가,310,316,,,,item:유리_구두,6,기록 6 · 이름 32줄,기록 2,,,
keyword,auto,1,d_main_32_08_e,61,event_colorless_01_s,114,ch32,event_colorless,310,319,,,,place:방주,171,이름 6줄,이름 6줄,,,흔한 대상
character,auto,2,d_main_32_af_02,34,event_nonsensered_1,26,ch32,event_nonsensered,310,326,,,,person:레드_후드,26,기록 4 · 말함 14줄(1%) · 이름 13줄,기록 2 · 말함 102줄(31%) · 이름 22줄,,,
character,auto,1,d_main_32_af_02,80,ep:d_nikke_rumani_01,12,ch32,char:240,310,333,,,,person:라피,85,기록 9 · 말함 160줄(15%) · 이름 42줄,말함 37줄(10%) · 이름 3줄,,,흔한 대상
sequel,auto,3,d_main_32_af_02,,d_main_33_01,,ch32,ch33,310,334,,,,,,,,,,다음 챕터
setup_payoff,record,3,d_main_32_09_e,,d_main_33_03,,ch32,ch33,310,334,Q204-2,회수,Q204,,,,,확실,확정,일부 · 답 F1632
callback,record,3,d_main_32_05,,d_main_33_01,,ch32,ch33,310,334,E475,재언급,F1545,,,,,확실,확정,
character,auto,2,d_main_32_07,84,d_main_33_05_s,7,ch32,ch33,310,334,,,,person:레비아탄,19,기록 6 · 말함 52줄(5%),기록 10 · 말함 174줄(17%) · 이름 24줄,,,
character,auto,2,d_main_32_af_01,64,d_main_33_01,6,ch32,ch33,310,334,,,,person:베히모스,14,기록 15 · 말함 151줄(14%) · 이름 72줄,기록 8 · 말함 165줄(16%) · 이름 72줄,,,
keyword,auto,2,d_main_32_af_01,47,d_main_33_02_s,3,ch32,ch33,310,334,,,,concept:언체인드,25,기록 3 · 이름 3줄,기록 7 · 이름 20줄,,,
keyword,auto,2,d_main_32_09_e,197,d_main_33_01,1,ch32,ch33,310,334,,,,concept:헬레틱,40,기록 1 · 이름 21줄,기록 4 · 이름 22줄,,,
keyword,auto,2,d_main_32_09_e,15,d_main_33_02_e,18,ch32,ch33,310,334,,,,item:하모니_큐브,7,기록 3 · 이름 7줄,기록 2 · 이름 5줄,,,
keyword,auto,2,d_main_32_af_02,89,d_main_33_01,46,ch32,ch33,310,334,,,,org:앱솔루트,15,기록 5 · 이름 3줄,기록 1 · 이름 5줄,,,
keyword,auto,2,d_main_32_07,38,d_main_33_02_s,8,ch32,ch33,310,334,,,,place:에덴,25,기록 2 · 이름 2줄,기록 2 · 이름 2줄,,,
setup_payoff,record,3,d_main_32_09_e,,d_main_34_af_01,,ch32,ch34,310,336,Q204-3,회수,Q204,,,,,확실,확정,일부 · 답 F1651
setup_payoff,record,3,d_main_32_af_02,,d_main_34_01_e,,ch32,ch34,310,336,Q205-2,회수,Q205,,,,,확실,확정,전부 · 답 F1644
callback,record,3,d_main_32_05,,d_main_34_01_s,,ch32,ch34,310,336,E491,재언급,F1546,,,,,확실,확정,
callback,record,3,d_main_32_af_02,,d_main_34_02,,ch32,ch34,310,336,E496,재언급,F1559,,,,,확실,확정,
callback,record,3,d_main_32_af_02,,d_main_34_03,,ch32,ch34,310,336,E498,재언급,F1559,,,,,확실,확정,
callback,record,3,d_main_32_04,,d_main_34_04,,ch32,ch34,310,336,E499,재언급,F1544,,,,,확실,확정,
callback,record,3,d_main_32_09_e,,d_main_34_07_s,,ch32,ch34,310,336,E505,재언급,F1555,,,,,확실,확정,
character,auto,2,d_main_32_af_02,98,d_main_34_01_e,0,ch32,ch34,310,336,,,,person:엠마,10,기록 3 · 말함 51줄(5%) · 이름 4줄,기록 3 · 말함 68줄(5%) · 이름 5줄,,,
character,auto,2,d_main_32_af_02,93,d_main_34_01_e,0,ch32,ch34,310,336,,,,person:은화,9,기록 9 · 말함 90줄(8%) · 이름 29줄,기록 5 · 말함 140줄(9%) · 이름 12줄,,,
character,auto,2,d_main_32_af_02,91,d_main_34_01_e,0,ch32,ch34,310,336,,,,person:잉그리드,37,기록 2 · 이름 1줄,기록 3 · 이름 2줄,,,
setup_payoff,record,2,d_main_32_06_e,,event_oldtales1_06_e,,ch32,event_oldtales1,310,338,E455,암시,F1675,,,,,추정,확정,
setup_payoff,record,3,d_main_32_09_e,,event_oldtales2_04_e,,ch32,event_oldtales1,310,338,Q204-4,회수,Q204,,,,,확실,확정,전부 · 답 F1684
callback,record,2,d_main_32_03,,erelic:old_tales_dialog_18,,ch32,erelic:old_tales_dialog,310,339,F1543-2,드러냄,F1543,,,,,추정,확정,
callback,record,2,d_main_32_af_01,,erelic:old_tales_mini_memory_39,,ch32,erelic:old_tales_mini_memory,310,341,E554,재언급,F1558,,,,,추정,확정,
character,auto,2,d_main_32_af_02,3,ep:d_nikke_guillotine_winterslayer_03,17,ch32,char:182,310,349,,,,person:베스티,8,기록 5 · 말함 67줄(6%) · 이름 16줄,말함 37줄(10%) · 이름 2줄,,,
callback,record,2,d_main_32_05,,d_main_35_09_e,,ch32,ch35,310,358,E614,재언급,F1546,,,,,추정,확정,
callback,record,3,d_main_32_05,,d_main_36_05,,ch32,ch36,310,360,E623,재언급,F1546,,,,,확실,확정,
callback,record,2,d_main_32_05,,relic:할일목록_00,,ch32,relic:할일목록,310,361,E631,재언급,F1546,,,,,추정,확정,
setup_payoff,record,2,d_main_32_07,,d_main_38_04,,ch32,ch38,310,375,E456,암시,F1873,,,,,추정,확정,
callback,record,2,d_main_32_05,,d_main_38_08,,ch32,ch38,310,375,E670,재언급,F1546,,,,,추정,확정,
keyword,auto,2,d_main_32_09_s,9,event_unbreakablesphere1_prologue,0,ch32,event_unbreakablesphere1,310,377,,,,concept:E2_크리스탈,7,기록 4 · 이름 1줄,기록 3 · 이름 7줄,,,
callback,record,3,d_main_32_af_01,,fl:absolute_00,,ch32,fl:absolute,310,400,E831,재언급,F1557,,,,,확실,확정,
callback,record,3,d_main_32_af_02,,fl:absolute_05,,ch32,fl:absolute,310,400,E838,재언급,F1559,,,,,확실,확정,
callback,record,3,d_main_32_04,,fl:absolute_05,,ch32,fl:absolute,310,400,E839,재언급,F1544,,,,,확실,확정,
callback,record,3,d_main_32_af_01,,fl:absolute_13,,ch32,fl:absolute,310,400,E841,재언급,F1557,,,,,확실,확정,
callback,record,3,d_main_32_05,,fl:absolute_14,,ch32,fl:absolute,310,400,E842,재언급,F1546,,,,,확실,확정,
callback,record,3,d_main_32_05,,fl:absolute_25,,ch32,fl:absolute,310,400,E849,재언급,F1546,,,,,확실,확정,
setup_payoff,record,3,d_main_32_07,,side:eden_spear_09,,ch32,side:eden_spear,310,411,Q203-2,회수,Q203,,,,,확실,확정,일부 · 답 F2167
setup_payoff,record,2,d_main_32_05,,d_main_41_01,,ch32,ch41,310,414,E453,암시,F2180,,,,,추정,확정,
setup_payoff,record,3,d_main_32_05,,relic:주의용광로사용법_03,,ch32,relic:주의용광로사용법,310,417,E452,암시,Q199,,,,,확실,확정,
callback,record,3,d_main_32_01,,d_main_44_07,,ch32,ch44,310,436,E1021,재언급,F1541,,,,,확실,확정,
character,auto,2,sub:관짝이_00,175,sub:거울_공주_00,1,sub:관짝이_00,sub:거울_공주_00,311,312,,,,person:그레이브,23,기록 5 · 말함 60줄(35%) · 이름 4줄,기록 2 · 이름 2줄,,,
character,auto,2,sub:관짝이_00,189,sub:거울_공주_00,1,sub:관짝이_00,sub:거울_공주_00,311,312,,,,person:신데렐라,26,기록 3 · 이름 11줄,기록 7 · 말함 63줄(37%) · 이름 9줄,,,
sequel,auto,3,sub:관짝이_00,,sub:관짝이_01,,sub:관짝이_00,sub:관짝이_01,311,313,,,,,,,,,,서브퀘스트 다음 편
character,auto,2,sub:관짝이_00,197,sub:관짝이_01,0,sub:관짝이_00,sub:관짝이_01,311,313,,,,person:관짝이,3,기록 1 · 말함 59줄(34%) · 이름 3줄,말함 69줄(29%) · 이름 2줄,,,
character,auto,1,sub:관짝이_00,164,ep:d_nikke_rumani_01,31,sub:관짝이_00,char:240,311,333,,,,person:아니스,119,기록 1 · 말함 30줄(17%) · 이름 2줄,말함 40줄(11%) · 이름 1줄,,,흔한 대상
setup_payoff,record,2,sub:관짝이_00,,d_main_34_af_01,,sub:관짝이_00,ch34,311,336,E460,암시,F1651,,,,,추정,확정,
callback,record,3,sub:관짝이_00,,d_main_34_08,,sub:관짝이_00,ch34,311,336,E506,재언급,F1563,,,,,확실,확정,
callback,record,3,sub:관짝이_00,,d_main_35_03,,sub:관짝이_00,ch35,311,358,E600,재언급,F1563,,,,,확실,확정,
character,auto,1,sub:관짝이_00,162,d_main_35bf_01,8,sub:관짝이_00,ch35,311,358,,,,person:네온,55,기록 2 · 말함 16줄(9%) · 이름 1줄,기록 4 · 말함 70줄(5%) · 이름 14줄,,,흔한 대상
character,auto,2,sub:거울_공주_00,73,sub:관짝이_01,8,sub:거울_공주_00,sub:관짝이_01,312,313,,,,person:그레이브,23,기록 2 · 이름 2줄,기록 7 · 말함 107줄(44%) · 이름 9줄,,,
character,auto,2,sub:거울_공주_00,195,sub:관짝이_01,8,sub:거울_공주_00,sub:관짝이_01,312,313,,,,person:신데렐라,26,기록 7 · 말함 63줄(37%) · 이름 9줄,기록 4 · 말함 31줄(13%) · 이름 44줄,,,
sequel,auto,3,sub:거울_공주_00,,sub:거울_공주_01,,sub:거울_공주_00,sub:거울_공주_01,312,315,,,,,,,,,,서브퀘스트 다음 편
character,auto,2,sub:거울_공주_00,212,sub:거울_공주_01,0,sub:거울_공주_00,sub:거울_공주_01,312,315,,,,person:거울_공주,2,기록 1 · 말함 70줄(41%) · 이름 2줄,말함 54줄(44%) · 이름 2줄,,,
setup_payoff,record,2,sub:거울_공주_00,,d_main_33_03,,sub:거울_공주_00,ch33,312,334,E465,암시,F1632,,,,,추정,확정,
character,auto,2,sub:거울_공주_00,167,event_oldtales1_04_s,4,sub:거울_공주_00,event_oldtales1,312,338,,,,person:아나키오르,9,기록 2 · 이름 2줄,기록 7 · 말함 5줄(0%) · 이름 54줄,,,
keyword,auto,2,sub:거울_공주_00,136,event_oldtales1_prologue,0,sub:거울_공주_00,event_oldtales1,312,338,,,,org:갓데스,30,기록 2 · 이름 3줄,기록 6 · 이름 91줄,,,
setup_payoff,record,2,sub:거울_공주_00,,erelic:old_tales_lost_14,,sub:거울_공주_00,erelic:old_tales_lost,312,340,E466,암시,F1703,,,,,추정,확정,
sequel,auto,3,sub:관짝이_01,,sub:관짝이_02,,sub:관짝이_01,sub:관짝이_02,313,314,,,,,,,,,,서브퀘스트 다음 편
character,auto,2,sub:관짝이_01,277,sub:관짝이_02,0,sub:관짝이_01,sub:관짝이_02,313,314,,,,person:관짝이,3,말함 69줄(29%) · 이름 2줄,말함 71줄(50%) · 이름 2줄,,,
character,auto,2,sub:관짝이_01,252,sub:관짝이_02,7,sub:관짝이_01,sub:관짝이_02,313,314,,,,person:그레이브,23,기록 7 · 말함 107줄(44%) · 이름 9줄,기록 4 · 말함 44줄(31%) · 이름 3줄,,,
character,auto,2,sub:관짝이_01,270,sub:관짝이_02,7,sub:관짝이_01,sub:관짝이_02,313,314,,,,person:신데렐라,26,기록 4 · 말함 31줄(13%) · 이름 44줄,기록 2 · 이름 6줄,,,
callback,record,3,sub:관짝이_01,,sub:거울_공주_01,,sub:관짝이_01,sub:거울_공주_01,313,315,E467,재언급,F1569,,,,,확실,확정,
setup_payoff,record,2,sub:관짝이_01,,d_main_33_03,,sub:관짝이_01,ch33,313,334,E462,암시,F1632,,,,,추정,확정,
keyword,auto,2,sub:관짝이_01,149,d_main_33_01,33,sub:관짝이_01,ch33,313,334,,,,org:포비스트,20,기록 1 · 이름 7줄,기록 5 · 이름 3줄,,,
keyword,auto,2,sub:관짝이_01,150,d_main_33_01,1,sub:관짝이_01,ch33,313,334,,,,place:수정_지역,14,기록 1 · 이름 7줄,기록 3 · 이름 4줄,,,
character,auto,2,sub:관짝이_02,160,sub:거울_공주_01,5,sub:관짝이_02,sub:거울_공주_01,314,315,,,,person:신데렐라,26,기록 2 · 이름 6줄,기록 4 · 말함 46줄(37%) · 이름 4줄,,,
character,auto,2,sub:관짝이_02,152,d_main_33_01,27,sub:관짝이_02,ch33,314,334,,,,person:그레이브,23,기록 4 · 말함 44줄(31%) · 이름 3줄,기록 11 · 말함 76줄(8%) · 이름 30줄,,,
character,auto,2,sub:관짝이_02,152,d_main_33_01,91,sub:관짝이_02,ch33,314,334,,,,person:스노우_화이트,26,기록 4 · 이름 14줄,기록 2 · 이름 1줄,,,
setup_payoff,record,3,sub:관짝이_02,,d_main_34_09_e,,sub:관짝이_02,ch34,314,336,Q206-2,회수,Q206,,,,,확실,확정,일부 · 답 F1656
keyword,auto,2,sub:관짝이_02,118,d_main_34_09_e,122,sub:관짝이_02,ch34,314,336,,,,item:세븐스_드워프,7,기록 3 · 이름 4줄,기록 2 · 이름 1줄,,,
setup_payoff,record,2,sub:관짝이_02,,d_main_44_07,,sub:관짝이_02,ch44,314,436,E464,암시,F2429,,,,,추정,확정,
setup_payoff,record,2,sub:관짝이_02,,d_main_44_07,,sub:관짝이_02,ch44,314,436,Q206-3,회수,Q206,,,,,추정,확정,전부 · 답 F2430
keyword,auto,1,sub:거울_공주_01,69,ep:d_nikke_ce004_04_02,34,sub:거울_공주_01,char:833,315,321,,,,concept:니케,186,이름 6줄,이름 11줄,,,흔한 대상
character,auto,2,sub:거울_공주_01,134,d_main_33_01,1,sub:거울_공주_01,ch33,315,334,,,,person:신데렐라,26,기록 4 · 말함 46줄(37%) · 이름 4줄,기록 8 · 말함 183줄(18%) · 이름 42줄,,,
setup_payoff,record,3,sub:거울_공주_01,,d_main_34_07_e,,sub:거울_공주_01,ch34,315,336,Q207-2,회수,Q207,,,,,확실,확정,일부 · 답 F1654
character,auto,2,sub:거울_공주_01,79,d_main_34_07_e,27,sub:거울_공주_01,ch34,315,336,,,,person:세이렌,14,기록 2 · 이름 1줄,기록 2 · 이름 6줄,,,
character,auto,2,sub:거울_공주_01,79,event_oldtales1_prologue,93,sub:거울_공주_01,event_oldtales1,315,338,,,,person:그레텔,8,기록 2 · 이름 1줄,기록 11 · 말함 16줄(1%) · 이름 99줄,,,
character,auto,2,sub:거울_공주_01,79,event_oldtales1_prologue,93,sub:거울_공주_01,event_oldtales1,315,338,,,,person:헨젤,8,기록 2 · 이름 1줄,기록 16 · 말함 192줄(7%) · 이름 102줄,,,
setup_payoff,record,3,sub:거울_공주_01,,d_main_35_05_s,,sub:거울_공주_01,ch35,315,358,Q207-3,회수,Q207,,,,,확실,확정,일부 · 답 F1803
setup_payoff,record,3,sub:거울_공주_01,,d_main_36_07_s,,sub:거울_공주_01,ch36,315,360,Q207-4,회수,Q207,,,,,확실,확정,일부 · 답 F1815
setup_payoff,record,3,sub:거울_공주_01,,event_unbreakablesphere2_epilogue,,sub:거울_공주_01,event_unbreakablesphere1,315,377,Q207-5,회수,Q207,,,,,확실,확정,일부 · 답 F1903
keyword,auto,2,relic:수정지역깊은곳어딘가_02,1,d_main_33_02_e,18,relic:수정지역깊은곳어딘가,ch33,316,334,,,,item:유리_구두,6,기록 2,기록 2 · 이름 13줄,,,
setup_payoff,record,3,event_juveniledays_01_s,,event_juveniledays_06_e,,event_juveniledays,event_juveniledays,317,317,E1379,암시,F1579,,,,,확실,확정,
setup_payoff,record,2,event_juveniledays_02_e,,ep:d_nikke_ein_03,,event_juveniledays,char:391,317,318,E1381,암시,F1581,,,,,추정,확정,
character,auto,2,event_juveniledays_06_e,101,ep:d_nikke_ein_02,42,event_juveniledays,char:391,317,318,,,,person:루피,7,기록 2 · 말함 95줄(9%) · 이름 17줄,기록 3 · 말함 86줄(30%) · 이름 10줄,,,
character,auto,2,event_juveniledays_epilogue,61,ep:d_nikke_ein_01,3,event_juveniledays,char:391,317,318,,,,person:아인,7,기록 13 · 말함 556줄(55%) · 이름 109줄,기록 4 · 말함 180줄(62%) · 이름 23줄,,,
keyword,auto,2,event_juveniledays_06_e,93,ep:d_nikke_ein_01,3,event_juveniledays,char:391,317,318,,,,org:루셰,2,기록 2 · 이름 7줄,기록 2 · 이름 18줄,,,
keyword,auto,2,event_juveniledays_epilogue,59,ep:d_nikke_ein_01,3,event_juveniledays,char:391,317,318,,,,place:미미르_부속_고등학교,12,기록 2,기록 3 · 이름 3줄,,,
setup_payoff,record,2,event_juveniledays_epilogue,,event_colorless_01_s,,event_juveniledays,event_colorless,317,319,E1382,암시,F1583,,,,,추정,확정,
setup_payoff,record,2,event_juveniledays_epilogue,,event_colorless_04_e,,event_juveniledays,event_colorless,317,319,E1382,암시,F1588,,,,,추정,확정,
character,auto,2,event_juveniledays_epilogue,64,event_colorless_01_s,0,event_juveniledays,event_colorless,317,319,,,,person:마르차나,8,기록 4 · 말함 94줄(9%) · 이름 10줄,기록 11 · 말함 96줄(9%) · 이름 23줄,,,
character,auto,2,event_juveniledays_epilogue,60,event_colorless_prologue,9,event_juveniledays,event_colorless,317,319,,,,person:츠바이,7,기록 5 · 말함 96줄(10%) · 이름 31줄,기록 11 · 말함 341줄(32%) · 이름 109줄,,,
character,auto,2,event_juveniledays_epilogue,59,ep:d_nikke_ce004_03_01,0,event_juveniledays,char:832,317,324,,,,person:라이,6,기록 5 · 말함 78줄(8%) · 이름 31줄,기록 3 · 말함 115줄(51%) · 이름 7줄,,,
prereq,game-condition,3,ep:d_nikke_ein_01,,ep:d_nikke_ein_02,,char:391,char:391,318,318,,,,,,,,,,condition_scenario_group_id
prereq,game-condition,3,ep:d_nikke_ein_02,,ep:d_nikke_ein_03,,char:391,char:391,318,318,,,,,,,,,,condition_scenario_group_id
prereq,game-condition,3,ep:d_nikke_ein_03,,ep:d_nikke_ein_04,,char:391,char:391,318,318,,,,,,,,,,condition_scenario_group_id
prereq,game-condition,3,ep:d_nikke_ein_04,,ep:d_nikke_ein_05,,char:391,char:391,318,318,,,,,,,,,,condition_scenario_group_id
character,auto,2,ep:d_nikke_ein_05,75,event_colorless_prologue,5,char:391,event_colorless,318,319,,,,person:아인,7,기록 4 · 말함 180줄(62%) · 이름 23줄,기록 3 · 말함 208줄(19%) · 이름 59줄,,,
keyword,auto,2,ep:d_nikke_ein_03,24,event_colorless_01_s,0,char:391,event_colorless,318,319,,,,place:미미르_부속_고등학교,12,기록 3 · 이름 3줄,기록 6 · 이름 24줄,,,
setup_payoff,record,2,ep:d_nikke_ein_01,,ep:d_nikke_ce004_04_02,,char:391,char:833,318,321,E1612,암시,F1596,,,,,추정,확정,
setup_payoff,record,3,event_colorless_prologue,,event_colorless_04_e,,event_colorless,event_colorless,319,319,E1383,암시,F1588,,,,,확실,확정,
setup_payoff,record,2,event_colorless_04_s,,event_colorless_04_e,,event_colorless,event_colorless,319,319,E1386,암시,F1588,,,,,추정,확정,
setup_payoff,record,2,event_colorless_04_s,,event_colorless_05_e,,event_colorless,event_colorless,319,319,E1386,암시,F1589,,,,,추정,확정,
callback,record,3,event_colorless_epilogue,,event_colorless_epilogue,,event_colorless,event_colorless,319,319,E1387,재언급,Q209,,,,,확실,확정,
character,auto,2,event_colorless_epilogue,47,ep:d_nikke_zwei_01,5,event_colorless,char:390,319,320,,,,person:츠바이,7,기록 11 · 말함 341줄(32%) · 이름 109줄,기록 2 · 말함 161줄(46%) · 이름 21줄,,,
character,auto,2,event_colorless_epilogue,75,ep:d_nikke_ce004_04_01,3,event_colorless,char:833,319,321,,,,person:마르차나,8,기록 11 · 말함 96줄(9%) · 이름 23줄,기록 3 · 말함 84줄(44%) · 이름 9줄,,,
keyword,auto,2,event_colorless_epilogue,68,ep:d_nikke_ce004_04_01,22,event_colorless,char:833,319,321,,,,place:미미르_부속_고등학교,12,기록 6 · 이름 24줄,기록 2,,,
keyword,auto,1,event_colorless_06_e,66,ep:d_nikke_ce004_01_02,4,event_colorless,char:830,319,322,,,,concept:랩쳐,142,이름 19줄,이름 21줄,,,흔한 대상
character,auto,2,event_colorless_epilogue,45,ep:d_nikke_ce004_02_01,0,event_colorless,char:831,319,323,,,,person:아인,7,기록 3 · 말함 208줄(19%) · 이름 59줄,기록 2 · 말함 145줄(76%) · 이름 13줄,,,
keyword,auto,1,event_colorless_06_e,68,ep:d_nikke_quency_escapequeen_01,32,event_colorless,char:403,319,329,,,,place:방주,171,이름 6줄,이름 6줄,,,흔한 대상
keyword,auto,2,event_colorless_05_s,48,side:wordless_02,9,event_colorless,side:wordless,319,331,,,,org:M.M.R.,12,기록 2 · 이름 7줄,기록 3 · 이름 4줄,,,
keyword,auto,1,event_colorless_06_e,73,side:wordless_02,20,event_colorless,side:wordless,319,331,,,,place:지상,132,이름 15줄,이름 8줄,,,흔한 대상
character,auto,2,event_colorless_epilogue,72,event_wisdomspring_01_e,7,event_colorless,event_wisdomspring,319,353,,,,person:에테르,12,기록 6 · 말함 87줄(8%) · 이름 7줄,기록 9 · 말함 204줄(30%) · 이름 28줄,,,
character,auto,2,event_colorless_epilogue,62,event_ce006_1_intermission_01,26,event_colorless,event_ce006,319,387,,,,person:프리바티,11,기록 6 · 말함 207줄(19%) · 이름 32줄,기록 13 · 말함 337줄(10%) · 이름 58줄,,,
callback,record,3,event_colorless_02_s,,fl:2x2_love_1ch_01,,event_colorless,fl:2x2_love_1ch,319,444,E1482,재언급,F1584,,,,,확실,확정,
sequel,manual,2,event_colorless_epilogue,,fl:wave_to_you_00,,event_colorless,fl:wave_to_you,319,464,Y33,,,,,,,추정,확정,후보 목록(시점 기록 · 기록 엣지) 밖에서 더한 연작의 이웃 쌍
callback,record,3,event_colorless_05_s,,fl:wave_to_you_00,,event_colorless,fl:wave_to_you,319,464,E1540,재언급,F1587,,,,,확실,확정,
prereq,game-condition,3,ep:d_nikke_zwei_01,,ep:d_nikke_zwei_02,,char:390,char:390,320,320,,,,,,,,,,condition_scenario_group_id
prereq,game-condition,3,ep:d_nikke_zwei_02,,ep:d_nikke_zwei_03,,char:390,char:390,320,320,,,,,,,,,,condition_scenario_group_id
prereq,game-condition,3,ep:d_nikke_zwei_03,,ep:d_nikke_zwei_04,,char:390,char:390,320,320,,,,,,,,,,condition_scenario_group_id
prereq,game-condition,3,ep:d_nikke_zwei_04,,ep:d_nikke_zwei_05,,char:390,char:390,320,320,,,,,,,,,,condition_scenario_group_id
character,auto,2,ep:d_nikke_zwei_05,92,ep:d_nikke_ce004_01_01,2,char:390,char:830,320,322,,,,person:츠바이,7,기록 2 · 말함 161줄(46%) · 이름 21줄,기록 2 · 말함 86줄(46%) · 이름 4줄,,,
keyword,auto,2,ep:d_nikke_zwei_05,53,event_ce006_1_intermission_01,26,char:390,event_ce006,320,387,,,,org:트라이앵글,7,기록 2 · 이름 3줄,기록 2 · 이름 6줄,,,
character,auto,2,ep:d_nikke_zwei_05,34,fl:persona_on_frontline_19,46,char:390,fl:persona_on_frontline,320,474,,,,person:율하,7,기록 2 · 말함 89줄(25%) · 이름 5줄,기록 3 · 말함 23줄(1%) · 이름 4줄,,,
character,game-condition,3,ep:d_nikke_zwei_01,,fav:201501,,char:390,,320,,,,,,,,,,,애장품 소유: 츠바이 (name_code 5088)
prereq,game-condition,3,ep:d_nikke_ce004_04_01,,ep:d_nikke_ce004_04_02,,char:833,char:833,321,321,,,,,,,,,,condition_scenario_group_id
prereq,game-condition,3,ep:d_nikke_ce004_04_02,,ep:d_nikke_ce004_04_03,,char:833,char:833,321,321,,,,,,,,,,condition_scenario_group_id
prereq,game-condition,3,ep:d_nikke_ce004_04_03,,ep:d_nikke_ce004_04_04,,char:833,char:833,321,321,,,,,,,,,,condition_scenario_group_id
prereq,game-condition,3,ep:d_nikke_ce004_04_04,,ep:d_nikke_ce004_04_05,,char:833,char:833,321,321,,,,,,,,,,condition_scenario_group_id
keyword,auto,2,ep:d_nikke_ce004_04_02,25,ep:d_nikke_ce004_03_01,6,char:833,char:832,321,324,,,,place:미미르_부속_고등학교,12,기록 2,기록 2,,,
keyword,auto,1,ep:d_nikke_ce004_04_04,4,side:wordless_02,14,char:833,side:wordless,321,331,,,,concept:니케,186,이름 11줄,기록 1 · 이름 20줄,,,흔한 대상
character,auto,2,ep:d_nikke_ce004_04_05,41,fl:wave_to_you_00,1,char:833,fl:wave_to_you,321,464,,,,person:마르차나,8,기록 3 · 말함 84줄(44%) · 이름 9줄,기록 27 · 말함 633줄(25%) · 이름 81줄,,,
prereq,game-condition,3,ep:d_nikke_ce004_01_01,,ep:d_nikke_ce004_01_02,,char:830,char:830,322,322,,,,,,,,,,condition_scenario_group_id
prereq,game-condition,3,ep:d_nikke_ce004_01_02,,ep:d_nikke_ce004_01_03,,char:830,char:830,322,322,,,,,,,,,,condition_scenario_group_id
prereq,game-condition,3,ep:d_nikke_ce004_01_03,,ep:d_nikke_ce004_01_04,,char:830,char:830,322,322,,,,,,,,,,condition_scenario_group_id
prereq,game-condition,3,ep:d_nikke_ce004_01_04,,ep:d_nikke_ce004_01_05,,char:830,char:830,322,322,,,,,,,,,,condition_scenario_group_id
keyword,auto,1,ep:d_nikke_ce004_01_05,41,side:wordless_02,21,char:830,side:wordless,322,331,,,,concept:랩쳐,142,이름 21줄,이름 10줄,,,흔한 대상
character,auto,2,ep:d_nikke_ce004_01_05,53,event_outofuniform_01,12,char:830,event_outofuniform,322,351,,,,person:츠바이,7,기록 2 · 말함 86줄(46%) · 이름 4줄,기록 2 · 말함 121줄(22%) · 이름 19줄,,,
character,auto,2,ep:d_nikke_ce004_01_05,47,ep:d_nikke_ce005_02_01,1,char:830,char:835,322,363,,,,person:아스카,2,기록 2 · 말함 103줄(54%) · 이름 11줄,기록 3 · 말함 184줄(70%) · 이름 34줄,,,
prereq,game-condition,3,ep:d_nikke_ce004_02_01,,ep:d_nikke_ce004_02_02,,char:831,char:831,323,323,,,,,,,,,,condition_scenario_group_id
prereq,game-condition,3,ep:d_nikke_ce004_02_02,,ep:d_nikke_ce004_02_03,,char:831,char:831,323,323,,,,,,,,,,condition_scenario_group_id
prereq,game-condition,3,ep:d_nikke_ce004_02_03,,ep:d_nikke_ce004_02_04,,char:831,char:831,323,323,,,,,,,,,,condition_scenario_group_id
prereq,game-condition,3,ep:d_nikke_ce004_02_04,,ep:d_nikke_ce004_02_05,,char:831,char:831,323,323,,,,,,,,,,condition_scenario_group_id
character,auto,2,ep:d_nikke_ce004_02_05,42,event_outofuniform_01,10,char:831,event_outofuniform,323,351,,,,person:아인,7,기록 2 · 말함 145줄(76%) · 이름 13줄,기록 1 · 말함 189줄(34%) · 이름 20줄,,,
prereq,game-condition,3,ep:d_nikke_ce004_03_01,,ep:d_nikke_ce004_03_02,,char:832,char:832,324,324,,,,,,,,,,condition_scenario_group_id
prereq,game-condition,3,ep:d_nikke_ce004_03_02,,ep:d_nikke_ce004_03_03,,char:832,char:832,324,324,,,,,,,,,,condition_scenario_group_id
prereq,game-condition,3,ep:d_nikke_ce004_03_03,,ep:d_nikke_ce004_03_04,,char:832,char:832,324,324,,,,,,,,,,condition_scenario_group_id
prereq,game-condition,3,ep:d_nikke_ce004_03_04,,ep:d_nikke_ce004_03_05,,char:832,char:832,324,324,,,,,,,,,,condition_scenario_group_id
keyword,auto,2,ep:d_nikke_ce004_03_02,20,fl:2x2_love_1ch_01,8,char:832,fl:2x2_love_1ch,324,444,,,,place:미미르_부속_고등학교,12,기록 2,기록 8 · 이름 37줄,,,
character,auto,2,ep:d_nikke_ce004_03_05,55,fl:wave_to_you_00,70,char:832,fl:wave_to_you,324,464,,,,person:라이,6,기록 3 · 말함 115줄(51%) · 이름 7줄,기록 3 · 이름 2줄,,,
character,auto,2,event_jinxplayer_epilogue,46,ep:d_nikke_rouge_01,9,event_jinxplayer,char:272,325,327,,,,person:루주,6,기록 4 · 말함 727줄(74%) · 이름 134줄,기록 3 · 말함 320줄(93%) · 이름 54줄,,,
keyword,auto,2,event_jinxplayer_epilogue,18,ep:d_nikke_rouge_01,10,event_jinxplayer,char:272,325,327,,,,place:코인_러시,11,기록 1 · 이름 19줄,이름 12줄,,,
callback,record,3,event_jinxplayer_01_e,,fl:coins_in_rush_06,,event_jinxplayer,fl:coins_in_rush,325,404,E856,재언급,F1602,,,,,확실,확정,
character,auto,2,event_nonsensered_7,4,d_main_33_02_s,69,event_nonsensered,ch33,326,334,,,,person:도로시,31,말함 38줄(11%) · 이름 5줄,기록 2 · 이름 1줄,,,
character,auto,2,event_nonsensered_7,19,d_main_33_01,91,event_nonsensered,ch33,326,334,,,,person:레드_후드,26,기록 2 · 말함 102줄(31%) · 이름 22줄,기록 2 · 이름 2줄,,,
character,auto,2,event_nonsensered_6,51,event_oldtales1_prologue,0,event_nonsensered,event_oldtales1,326,338,,,,person:릴리바이스,14,기록 1 · 말함 56줄(17%) · 이름 2줄,기록 2 · 말함 25줄(1%) · 이름 2줄,,,
character,auto,2,event_nonsensered_7,28,ep:d_nikke_rapunzel_puregrace_01,5,event_nonsensered,char:226,326,342,,,,person:라푼젤,18,기록 2 · 말함 86줄(26%) · 이름 7줄,기록 5 · 말함 169줄(45%) · 이름 27줄,,,
prereq,game-condition,3,ep:d_nikke_rouge_01,,ep:d_nikke_rouge_02,,char:272,char:272,327,327,,,,,,,,,,condition_scenario_group_id
prereq,game-condition,3,ep:d_nikke_rouge_02,,ep:d_nikke_rouge_03,,char:272,char:272,327,327,,,,,,,,,,condition_scenario_group_id
prereq,game-condition,3,ep:d_nikke_rouge_03,,ep:d_nikke_rouge_04,,char:272,char:272,327,327,,,,,,,,,,condition_scenario_group_id
prereq,game-condition,3,ep:d_nikke_rouge_04,,ep:d_nikke_rouge_05,,char:272,char:272,327,327,,,,,,,,,,condition_scenario_group_id
character,auto,2,ep:d_nikke_rouge_05,117,fl:coins_in_rush_04,66,char:272,fl:coins_in_rush,327,404,,,,person:루주,6,기록 3 · 말함 320줄(93%) · 이름 54줄,기록 4 · 말함 196줄(11%) · 이름 40줄,,,
keyword,auto,2,ep:d_nikke_rouge_05,50,fl:coins_in_rush_00,26,char:272,fl:coins_in_rush,327,404,,,,place:코인_러시,11,이름 12줄,기록 6 · 이름 35줄,,,
character,auto,2,event_phantomthiefvsdetective_epilogue,15,ep:d_nikke_quency_escapequeen_01,15,event_phantomthiefvsdetective,char:403,328,329,,,,person:퀀시,6,기록 6 · 말함 246줄(19%) · 이름 27줄,기록 2 · 말함 268줄(63%) · 이름 39줄,,,
setup_payoff,record,3,event_phantomthiefvsdetective_01_s,,ep:d_nikke_phantom_04,,event_phantomthiefvsdetective,char:580,328,330,Q211-2,회수,Q211,,,,,확실,확정,전부 · 답 F1612
character,auto,2,event_phantomthiefvsdetective_epilogue,77,ep:d_nikke_phantom_01,13,event_phantomthiefvsdetective,char:580,328,330,,,,person:팬텀,8,기록 9 · 말함 360줄(27%) · 이름 78줄,기록 7 · 말함 254줄(92%) · 이름 42줄,,,
character,auto,2,event_phantomthiefvsdetective_epilogue,44,ep:d_nikke_trina_01,32,event_phantomthiefvsdetective,char:412,328,366,,,,person:미란다,8,기록 2 · 말함 325줄(25%) · 이름 79줄,기록 1 · 말함 41줄(15%) · 이름 4줄,,,
callback,record,3,event_phantomthiefvsdetective_prologue,,event_arcanearchive_epilogue,,event_phantomthiefvsdetective,event_arcanearchive,328,383,E728,재언급,F1608,,,,,확실,확정,
keyword,auto,2,event_phantomthiefvsdetective_06_e,127,fl:reborn_evil_00,9,event_phantomthiefvsdetective,fl:reborn_evil,328,407,,,,org:A.C.P.U.,9,기록 1 · 이름 17줄,이름 12줄,,,
sequel,manual,2,event_phantomthiefvsdetective_epilogue,,fl:go_ninja_thief_00,,event_phantomthiefvsdetective,fl:go_ninja_thief,328,412,Y34,,,,,,,확실,확정,go_ninja_thief는 phantomthiefvsdetective에서 결성된 정의 괴도단(팬텀 · 퀀시 · 미란다 · 지휘관)과 지휘관실 기지를 전제로 델타가 수습 단원이 되는 다음 편이다.
setup_payoff,record,2,event_phantomthiefvsdetective_epilogue,,fl:go_ninja_thief_01,,event_phantomthiefvsdetective,fl:go_ninja_thief,328,412,E1392,암시,F2176,,,,,추정,확정,
keyword,auto,2,event_phantomthiefvsdetective_epilogue,67,fl:go_ninja_thief_00,27,event_phantomthiefvsdetective,fl:go_ninja_thief,328,412,,,,org:정의_괴도단,3,이름 21줄,이름 47줄,,,
callback,record,3,event_phantomthiefvsdetective_prologue,,fl:sin_editor_01,,event_phantomthiefvsdetective,fl:sin_editor,328,430,E996,재언급,F1608,,,,,확실,확정,
callback,record,3,event_phantomthiefvsdetective_prologue,,fl:persona_on_frontline_01,,event_phantomthiefvsdetective,fl:persona_on_frontline,328,474,E1559,재언급,F1608,,,,,확실,확정,
prereq,game-condition,3,ep:d_nikke_quency_escapequeen_01,,ep:d_nikke_quency_escapequeen_02,,char:403,char:403,329,329,,,,,,,,,,condition_scenario_group_id
prereq,game-condition,3,ep:d_nikke_quency_escapequeen_02,,ep:d_nikke_quency_escapequeen_03,,char:403,char:403,329,329,,,,,,,,,,condition_scenario_group_id
prereq,game-condition,3,ep:d_nikke_quency_escapequeen_03,,ep:d_nikke_quency_escapequeen_04,,char:403,char:403,329,329,,,,,,,,,,condition_scenario_group_id
prereq,game-condition,3,ep:d_nikke_quency_escapequeen_04,,ep:d_nikke_quency_escapequeen_05,,char:403,char:403,329,329,,,,,,,,,,condition_scenario_group_id
keyword,auto,1,ep:d_nikke_quency_escapequeen_05,69,side:wordless_02,14,char:403,side:wordless,329,331,,,,place:방주,171,이름 6줄,기록 1 · 이름 9줄,,,흔한 대상
character,auto,2,ep:d_nikke_quency_escapequeen_05,82,d_main_36_01,6,char:403,ch36,329,360,,,,person:드레이크,16,기록 1 · 말함 53줄(12%) · 이름 17줄,기록 3 · 말함 29줄(3%) · 이름 5줄,,,
character,auto,2,ep:d_nikke_quency_escapequeen_05,85,fl:go_ninja_thief_00,8,char:403,fl:go_ninja_thief,329,412,,,,person:퀀시,6,기록 2 · 말함 268줄(63%) · 이름 39줄,기록 3 · 말함 118줄(12%) · 이름 12줄,,,
prereq,game-condition,3,ep:d_nikke_phantom_01,,ep:d_nikke_phantom_02,,char:580,char:580,330,330,,,,,,,,,,condition_scenario_group_id
prereq,game-condition,3,ep:d_nikke_phantom_02,,ep:d_nikke_phantom_03,,char:580,char:580,330,330,,,,,,,,,,condition_scenario_group_id
prereq,game-condition,3,ep:d_nikke_phantom_03,,ep:d_nikke_phantom_04,,char:580,char:580,330,330,,,,,,,,,,condition_scenario_group_id
prereq,game-condition,3,ep:d_nikke_phantom_04,,ep:d_nikke_phantom_05,,char:580,char:580,330,330,,,,,,,,,,condition_scenario_group_id
setup_payoff,record,3,ep:d_nikke_phantom_01,,ep:d_nikke_phantom_03,,char:580,char:580,330,330,E1614,암시,F1612,,,,,확실,확정,
setup_payoff,record,3,ep:d_nikke_phantom_02,,ep:d_nikke_phantom_03,,char:580,char:580,330,330,E1615,암시,F1612,,,,,확실,확정,
setup_payoff,record,3,ep:d_nikke_phantom_01,,event_arcanearchive_06_s,,char:580,event_arcanearchive,330,383,Q212-2,회수,Q212,,,,,확실,확정,전부 · 답 F1926
character,auto,2,ep:d_nikke_phantom_05,107,event_arcanearchive_01_s,1,char:580,event_arcanearchive,330,383,,,,person:팬텀,8,기록 7 · 말함 254줄(92%) · 이름 42줄,기록 4 · 말함 93줄(10%) · 이름 14줄,,,
keyword,auto,2,ep:d_nikke_phantom_01,35,event_arcanearchive_prologue,0,char:580,event_arcanearchive,330,383,,,,org:베스트셀러,4,기록 2 · 이름 2줄,기록 9 · 이름 8줄,,,
callback,record,3,ep:d_nikke_phantom_03,,fl:go_ninja_thief_14,,char:580,fl:go_ninja_thief,330,412,E1442,재언급,F1612,,,,,확실,확정,
character,game-condition,3,ep:d_nikke_phantom_01,,fav:201801,,char:580,,330,,,,,,,,,,,애장품 소유: 팬텀 (name_code 5122)
callback,record,3,side:wordless_00,,side:wordless_09,,side:wordless,side:wordless,331,331,E471,재언급,F1618,,,,,확실,확정,
callback,record,2,side:wordless_00,,side:wordless_12,,side:wordless,side:wordless,331,331,E472,재언급,F1618,,,,,추정,확정,
keyword,auto,1,side:wordless_12,56,ep:d_nikke_rumani_01,66,side:wordless,char:240,331,333,,,,concept:니케,186,기록 1 · 이름 20줄,기록 1 · 이름 8줄,,,흔한 대상
character,auto,2,side:wordless_13,64,d_main_33_01,12,side:wordless,ch33,331,334,,,,person:마나,12,기록 6 · 말함 198줄(19%) · 이름 16줄,기록 4 · 말함 42줄(4%) · 이름 4줄,,,
keyword,auto,2,side:wordless_09,74,d_main_33_02_s,15,side:wordless,ch33,331,334,,,,concept:NIMPH,24,기록 2 · 이름 9줄,기록 2 · 이름 8줄,,,
keyword,auto,1,side:wordless_13,87,d_main_33_02_e,37,side:wordless,ch33,331,334,,,,concept:랩쳐,142,이름 10줄,이름 5줄,,,흔한 대상
keyword,auto,1,side:wordless_09,65,d_main_33_01,9,side:wordless,ch33,331,334,,,,place:방주,171,기록 1 · 이름 9줄,기록 1 · 이름 15줄,,,흔한 대상
keyword,auto,1,side:wordless_13,75,d_main_34_06_e,142,side:wordless,ch34,331,336,,,,place:지상,132,이름 8줄,기록 1 · 이름 6줄,,,흔한 대상
character,auto,2,side:wordless_13,78,event_secretgarden_prologue,17,side:wordless,event_secretgarden,331,345,,,,person:슈엔,30,기록 8 · 말함 85줄(8%) · 이름 48줄,기록 2 · 이름 19줄,,,
keyword,auto,2,side:wordless_08,57,event_secretgarden_prologue,21,side:wordless,event_secretgarden,331,345,,,,org:미실리스,32,기록 3 · 이름 10줄,기록 3 · 이름 7줄,,,
callback,record,2,side:wordless_03,,event_wisdomspring_06_s,,side:wordless,event_wisdomspring,331,353,E584,재언급,Q213,,,,,추정,확정,
character,auto,2,side:wordless_03,72,event_wisdomspring_03_e,19,side:wordless,event_wisdomspring,331,353,,,,person:지엔,7,기록 2 · 이름 6줄,기록 9 · 말함 90줄(13%) · 이름 12줄,,,
keyword,auto,2,side:wordless_03,71,event_wisdomspring_prologue,19,side:wordless,event_wisdomspring,331,353,,,,org:M.M.R.,12,기록 3 · 이름 4줄,기록 8 · 이름 32줄,,,
callback,record,3,side:wordless_12,,d_main_35_07,,side:wordless,ch35,331,358,E608,재언급,F1619,,,,,확실,확정,
character,auto,2,side:wordless_13,92,d_main_35_07,1,side:wordless,ch35,331,358,,,,person:미하라,14,기록 13 · 말함 469줄(45%) · 이름 75줄,기록 2 · 이름 1줄,,,
sequel,manual,2,side:wordless_13,,side:mudfish_00,,side:wordless,side:mudfish,331,370,Y35,,,,,,,추정,확정,"mudfish 본편은 세이렌 · 레비의 과거지만, 에필로그가 wordless 결말(유니 · 미하라의 희귀 개체 포획 출발) 바로 뒤를 이어 첫 표적 추적을 시작해 워드리스 줄의 다음 걸음이 된다."
character,auto,2,side:wordless_13,92,side:mudfish_15,0,side:wordless,side:mudfish,331,370,,,,person:유니,13,기록 14 · 말함 151줄(15%) · 이름 138줄,기록 2 · 말함 5줄(0%) · 이름 2줄,,,
setup_payoff,record,3,side:wordless_13,,event_unbreakablesphere1_prologue,,side:wordless,event_unbreakablesphere1,331,377,E474,암시,Q237,,,,,확실,확정,
setup_payoff,record,2,side:wordless_03,,event_unbreakablesphere2_03_s,,side:wordless,event_unbreakablesphere1,331,377,Q213-2,회수,Q213,,,,,추정,확정,일부 · 답 F1898
callback,record,3,side:wordless_08,,event_unbreakablesphere2_03_s,,side:wordless,event_unbreakablesphere1,331,377,E698,재언급,F1617,,,,,확실,확정,
callback,record,3,side:wordless_00,,event_unbreakablesphere2_04_s,,side:wordless,event_unbreakablesphere1,331,377,E703,재언급,F1618,,,,,확실,확정,
callback,record,3,side:wordless_08,,event_unbreakablesphere2_04_s,,side:wordless,event_unbreakablesphere1,331,377,E704,재언급,F1617,,,,,확실,확정,
callback,record,3,side:wordless_12,,ep:d_nikke_mihara_bondingchain_01,,side:wordless,char:162,331,382,E1433,재언급,F1619,,,,,확실,확정,
character,auto,2,side:wordless_13,78,side:eden_spear_01,103,side:wordless,side:eden_spear,331,411,,,,person:토커티브,15,기록 2 · 이름 3줄,기록 2 · 이름 3줄,,,
setup_payoff,record,2,side:wordless_03,,fl:project_matis_27,,side:wordless,fl:project_matis,331,467,Q213-3,회수,Q213,,,,,추정,확정,일부 · 답 F2797
character,auto,2,event_lifeagain_epilogue,46,ep:d_nikke_rumani_01,55,event_lifeagain,char:240,332,333,,,,person:루마니,3,기록 6 · 말함 663줄(58%) · 이름 94줄,기록 2 · 말함 259줄(71%) · 이름 26줄,,,
prereq,game-condition,3,ep:d_nikke_rumani_01,,ep:d_nikke_rumani_02,,char:240,char:240,333,333,,,,,,,,,,condition_scenario_group_id
prereq,game-condition,3,ep:d_nikke_rumani_02,,ep:d_nikke_rumani_03,,char:240,char:240,333,333,,,,,,,,,,condition_scenario_group_id
prereq,game-condition,3,ep:d_nikke_rumani_03,,ep:d_nikke_rumani_04,,char:240,char:240,333,333,,,,,,,,,,condition_scenario_group_id
prereq,game-condition,3,ep:d_nikke_rumani_04,,ep:d_nikke_rumani_05,,char:240,char:240,333,333,,,,,,,,,,condition_scenario_group_id
character,auto,1,ep:d_nikke_rumani_04,103,d_main_33_01,31,char:240,ch33,333,334,,,,person:라피,85,말함 37줄(10%) · 이름 3줄,기록 10 · 말함 94줄(9%) · 이름 36줄,,,흔한 대상
character,auto,1,ep:d_nikke_rumani_04,101,d_main_33_01,6,char:240,ch33,333,334,,,,person:아니스,119,말함 40줄(11%) · 이름 1줄,기록 9 · 말함 175줄(17%) · 이름 16줄,,,흔한 대상
keyword,auto,1,ep:d_nikke_rumani_03,46,d_main_33_02_s,41,char:240,ch33,333,334,,,,concept:니케,186,기록 1 · 이름 8줄,기록 1 · 이름 8줄,,,흔한 대상
setup_payoff,record,3,d_main_33_08,,relic:소녀의일기-절망편-_02,,ch33,relic:소녀의일기-절망편-,334,335,Q215-2,회수,Q215,,,,,확실,확정,일부 · 답 F1641
callback,record,3,d_main_33_07,,relic:소녀의일기-절망편-_03,,ch33,relic:소녀의일기-절망편-,334,335,E489,재언급,F1636,,,,,확실,확정,
keyword,auto,2,d_main_33_10_s,46,relic:소녀의일기-절망편-_00,0,ch33,relic:소녀의일기-절망편-,334,335,,,,concept:헬레틱,40,기록 4 · 이름 22줄,기록 2 · 이름 3줄,,,
keyword,auto,2,d_main_33_08,73,relic:소녀의일기-절망편-_00,0,ch33,relic:소녀의일기-절망편-,334,335,,,,org:포비스트,20,기록 5 · 이름 3줄,기록 3 · 이름 2줄,,,
sequel,auto,3,d_main_33_10_e,,d_main_34_01_s,,ch33,ch34,334,336,,,,,,,,,,다음 챕터
setup_payoff,record,3,d_main_33_01,,d_main_34_05,,ch33,ch34,334,336,E476,암시,F1648,,,,,확실,확정,
setup_payoff,record,3,d_main_33_01,,d_main_34_af_01,,ch33,ch34,334,336,E476,암시,F1657,,,,,확실,확정,
setup_payoff,record,2,d_main_33_03,,d_main_34_02,,ch33,ch34,334,336,E478,암시,F1646,,,,,추정,확정,
setup_payoff,record,2,d_main_33_05_s,,d_main_34_02,,ch33,ch34,334,336,E481,암시,F1646,,,,,추정,확정,
setup_payoff,record,3,d_main_33_05_s,,d_main_34_07_e,,ch33,ch34,334,336,E482,암시,F1653,,,,,확실,확정,
setup_payoff,record,3,d_main_33_06,,d_main_34_02,,ch33,ch34,334,336,E484,암시,F1646,,,,,확실,확정,
setup_payoff,record,2,d_main_33_10_e,,d_main_34_02,,ch33,ch34,334,336,E487,암시,F1646,,,,,추정,확정,
setup_payoff,record,3,d_main_33_08,,d_main_34_07_e,,ch33,ch34,334,336,Q215-3,회수,Q215,,,,,확실,확정,일부 · 답 F1653
setup_payoff,record,3,d_main_33_10_e,,d_main_34_01_s,,ch33,ch34,334,336,Q216-2,회수,Q216,,,,,확실,확정,전부 · 답 F1643
callback,record,3,d_main_33_07,,d_main_34_07_s,,ch33,ch34,334,336,E505,재언급,F1635,,,,,확실,확정,
callback,record,3,d_main_33_07,,d_main_34_08,,ch33,ch34,334,336,E508,재언급,F1636,,,,,확실,확정,
character,auto,2,d_main_33_10_e,64,d_main_34_01_s,10,ch33,ch34,334,336,,,,person:그레이브,23,기록 11 · 말함 76줄(8%) · 이름 30줄,기록 16 · 말함 148줄(10%) · 이름 53줄,,,
character,auto,1,d_main_33_10_e,95,d_main_34_01_e,36,ch33,ch34,334,336,,,,person:라피,85,기록 10 · 말함 94줄(9%) · 이름 36줄,기록 19 · 말함 327줄(22%) · 이름 59줄,,,흔한 대상
character,auto,2,d_main_33_08,89,d_main_34_02,51,ch33,ch34,334,336,,,,person:레드_후드,26,기록 2 · 이름 2줄,기록 10 · 말함 7줄(0%) · 이름 29줄,,,
character,auto,2,d_main_33_10_e,66,d_main_34_01_s,6,ch33,ch34,334,336,,,,person:레비아탄,19,기록 10 · 말함 174줄(17%) · 이름 24줄,기록 17 · 말함 191줄(13%) · 이름 37줄,,,
character,auto,2,d_main_33_10_e,139,d_main_34_01_s,0,ch33,ch34,334,336,,,,person:베히모스,14,기록 8 · 말함 165줄(16%) · 이름 72줄,기록 14 · 말함 165줄(11%) · 이름 94줄,,,
character,auto,2,d_main_33_01,98,d_main_34_09_e,231,ch33,ch34,334,336,,,,person:스노우_화이트,26,기록 2 · 이름 1줄,기록 2 · 말함 7줄(0%),,,
character,auto,2,d_main_33_10_e,74,d_main_34_01_s,10,ch33,ch34,334,336,,,,person:신데렐라,26,기록 8 · 말함 183줄(18%) · 이름 42줄,기록 15 · 말함 133줄(9%) · 이름 50줄,,,
character,auto,1,d_main_33_10_e,84,d_main_34_01_e,3,ch33,ch34,334,336,,,,person:아니스,119,기록 9 · 말함 175줄(17%) · 이름 16줄,기록 5 · 말함 155줄(10%) · 이름 19줄,,,흔한 대상
keyword,auto,2,d_main_33_10_s,18,d_main_34_01_s,31,ch33,ch34,334,336,,,,concept:NIMPH,24,기록 2 · 이름 8줄,기록 4 · 이름 3줄,,,
keyword,auto,2,d_main_33_08,101,d_main_34_01_s,10,ch33,ch34,334,336,,,,concept:다크_매터,18,기록 3 · 이름 2줄,기록 3 · 이름 6줄,,,
keyword,auto,1,d_main_33_07,94,d_main_34_06_s,21,ch33,ch34,334,336,,,,concept:랩쳐,142,이름 5줄,기록 1 · 이름 6줄,,,흔한 대상
keyword,auto,2,d_main_33_10_s,8,d_main_34_01_s,11,ch33,ch34,334,336,,,,concept:언체인드,25,기록 7 · 이름 20줄,기록 3 · 이름 8줄,,,
keyword,auto,2,d_main_33_07,109,d_main_34_01_s,19,ch33,ch34,334,336,,,,item:하모니_큐브,7,기록 2 · 이름 5줄,기록 3 · 이름 6줄,,,
keyword,auto,2,d_main_33_10_e,155,d_main_34_01_e,0,ch33,ch34,334,336,,,,org:앱솔루트,15,기록 1 · 이름 5줄,기록 3 · 이름 11줄,,,
keyword,auto,1,d_main_33_08,32,d_main_34_01_s,48,ch33,ch34,334,336,,,,place:방주,171,기록 1 · 이름 15줄,기록 2 · 이름 10줄,,,흔한 대상
keyword,auto,2,d_main_33_07,86,d_main_34_01_s,19,ch33,ch34,334,336,,,,place:수정_지역,14,기록 3 · 이름 4줄,기록 3 · 이름 1줄,,,
callback,record,3,d_main_33_07,,relic:충격다크매터란무엇인가_03,,ch33,relic:충격다크매터란무엇인가,334,337,E519,재언급,F1635,,,,,확실,확정,
keyword,auto,1,d_main_33_10_s,72,event_oldtales1_01_e,21,ch33,event_oldtales1,334,338,,,,concept:니케,186,기록 1 · 이름 8줄,이름 40줄,,,흔한 대상
keyword,auto,2,d_main_33_10_e,60,event_oldtales1_02_s,32,ch33,event_oldtales1,334,338,,,,item:유리_구두,6,기록 2 · 이름 13줄,기록 4 · 이름 33줄,,,
keyword,auto,1,d_main_33_01,13,event_oldtales1_05_s,15,ch33,event_oldtales1,334,338,,,,org:중앙_정부,67,기록 2 · 이름 4줄,기록 7 · 이름 12줄,,,흔한 대상
character,auto,2,d_main_33_06,4,event_wisdomspring_prologue,0,ch33,event_wisdomspring,334,353,,,,person:마나,12,기록 4 · 말함 42줄(4%) · 이름 4줄,기록 8 · 말함 337줄(50%) · 이름 58줄,,,
callback,record,3,d_main_33_07,,d_main_35_06,,ch33,ch35,334,358,E604,재언급,F1636,,,,,확실,확정,
callback,record,3,d_main_33_07,,d_main_35_08_e,,ch33,ch35,334,358,E609,재언급,F1635,,,,,확실,확정,
callback,record,3,d_main_33_04,,d_main_35bf_05,,ch33,ch35,334,358,E615,재언급,F1633,,,,,확실,확정,
setup_payoff,record,3,d_main_33_07,,d_main_36_05,,ch33,ch36,334,360,E485,암시,F1813,,,,,확실,확정,
setup_payoff,record,3,d_main_33_08,,d_main_36_05,,ch33,ch36,334,360,Q215-4,회수,Q215,,,,,확실,확정,일부 · 답 F1813
character,auto,2,d_main_33_02_s,73,d_main_36_08_s,49,ch33,ch36,334,360,,,,person:도로시,31,기록 2 · 이름 1줄,기록 2 · 이름 1줄,,,
character,auto,2,d_main_33_08,77,d_main_36_03_e,21,ch33,ch36,334,360,,,,person:인디빌리아,9,기록 2 · 이름 7줄,기록 2 · 이름 4줄,,,
character,auto,2,d_main_33_01,119,event_foolburstday_01,38,ch33,event_foolburstday,334,369,,,,person:시프티,18,기록 2 · 말함 23줄(2%),기록 3 · 말함 136줄(21%) · 이름 18줄,,,
callback,record,3,d_main_33_07,,d_main_37_02_e,,ch33,ch37,334,373,E647,재언급,F1635,,,,,확실,확정,
callback,record,3,d_main_33_07,,d_main_37_06_e,,ch33,ch37,334,373,E651,재언급,F1636,,,,,확실,확정,
keyword,auto,2,d_main_33_02_s,73,d_main_37_03,62,ch33,ch37,334,373,,,,place:에덴,25,기록 2 · 이름 2줄,기록 1 · 이름 10줄,,,
setup_payoff,record,3,d_main_33_08,,d_main_38_09_s,,ch33,ch38,334,375,Q215-5,회수,Q215,,,,,확실,확정,일부 · 답 F1873
callback,record,3,d_main_33_07,,relic:은색액체_03,,ch33,relic:은색액체,334,376,E677,재언급,F1636,,,,,확실,확정,
callback,record,3,d_main_33_10_e,,fl:absolute_04,,ch33,fl:absolute,334,400,E837,재언급,F1640,,,,,확실,확정,
callback,record,3,d_main_33_10_e,,fl:absolute_26,,ch33,fl:absolute,334,400,E850,재언급,F1640,,,,,확실,확정,
character,auto,2,d_main_33_02_s,42,fl:coins_in_rush_03,14,ch33,fl:coins_in_rush,334,404,,,,person:엑시아,12,기록 2 · 이름 1줄,말함 233줄(13%) · 이름 61줄,,,
character,auto,2,d_main_33_08,77,side:eden_spear_00,20,ch33,side:eden_spear,334,411,,,,person:니힐리스타,11,기록 2 · 이름 4줄,기록 13 · 말함 145줄(10%) · 이름 32줄,,,
character,auto,2,d_main_33_02_s,72,side:eden_spear_00,1,ch33,side:eden_spear,334,411,,,,person:세실,13,기록 2 · 이름 1줄,기록 4 · 말함 165줄(11%) · 이름 23줄,,,
setup_payoff,record,2,d_main_33_05_s,,d_main_42_af_06,,ch33,ch42,334,416,E481,암시,F2242,,,,,추정,확정,
callback,record,3,d_main_33_02_s,,fl:enter_heaven_05,,ch33,fl:enter_heaven,334,442,E1040,재언급,F1627,,,,,확실,확정,
setup_payoff,record,2,d_main_33_04,,side:pretty_star_02,,ch33,side:pretty_star,334,447,E479,암시,F2546,,,,,추정,확정,
setup_payoff,record,2,d_main_33_04,,side:pretty_star_13,,ch33,side:pretty_star,334,447,E479,암시,F2556,,,,,추정,확정,
setup_payoff,record,3,d_main_33_04,,side:pretty_star_09,,ch33,side:pretty_star,334,447,E480,암시,F2552,,,,,확실,확정,
keyword,auto,2,relic:소녀의일기-절망편-_01,3,d_main_34_01_e,58,relic:소녀의일기-절망편-,ch34,335,336,,,,concept:헬레틱,40,기록 2 · 이름 3줄,기록 2 · 이름 13줄,,,
keyword,auto,2,relic:소녀의일기-절망편-_03,4,d_main_34_01_s,19,relic:소녀의일기-절망편-,ch34,335,336,,,,org:포비스트,20,기록 3 · 이름 2줄,기록 7 · 이름 9줄,,,
setup_payoff,record,2,relic:소녀의일기-절망편-_03,,d_main_38_04,,relic:소녀의일기-절망편-,ch38,335,375,E490,암시,F1873,,,,,추정,확정,
setup_payoff,record,3,d_main_34_01_s,,d_main_34_07_e,,ch34,ch34,336,336,E492,암시,F1654,,,,,확실,확정,
setup_payoff,record,3,d_main_34_04,,d_main_34_08,,ch34,ch34,336,336,E501,암시,F1652,,,,,확실,확정,
keyword,auto,2,d_main_34_09_s,15,relic:충격다크매터란무엇인가_00,0,ch34,relic:충격다크매터란무엇인가,336,337,,,,concept:다크_매터,18,기록 3 · 이름 6줄,기록 3 · 이름 3줄,,,
keyword,auto,2,d_main_34_af_01,44,relic:충격다크매터란무엇인가_00,0,ch34,relic:충격다크매터란무엇인가,336,337,,,,concept:언체인드,25,기록 3 · 이름 8줄,기록 2 · 이름 2줄,,,
keyword,auto,2,d_main_34_af_01,35,relic:충격다크매터란무엇인가_00,0,ch34,relic:충격다크매터란무엇인가,336,337,,,,org:포비스트,20,기록 7 · 이름 9줄,기록 2 · 이름 2줄,,,
setup_payoff,record,2,d_main_34_05,,event_oldtales1_01_e,,ch34,event_oldtales1,336,338,E502,암시,F1663,,,,,추정,확정,
setup_payoff,record,3,d_main_34_08,,event_oldtales1_01_e,,ch34,event_oldtales1,336,338,E507,암시,F1663,,,,,확실,확정,
callback,record,3,d_main_34_07_e,,event_oldtales1_06_s,,ch34,event_oldtales1,336,338,F1654-2,드러냄,F1654,,,,,확실,확정,
character,auto,2,d_main_34_af_01,56,event_oldtales1_01_s,16,ch34,event_oldtales1,336,338,,,,person:그레이브,23,기록 16 · 말함 148줄(10%) · 이름 53줄,기록 12,,,
character,auto,2,d_main_34_af_01,20,event_oldtales1_prologue,21,ch34,event_oldtales1,336,338,,,,person:레드_후드,26,기록 10 · 말함 7줄(0%) · 이름 29줄,기록 2 · 말함 13줄(0%) · 이름 5줄,,,
character,auto,2,d_main_34_af_01,64,event_oldtales1_prologue,101,ch34,event_oldtales1,336,338,,,,person:세이렌,14,기록 2 · 이름 6줄,기록 6 · 이름 24줄,,,
character,auto,2,d_main_34_af_01,77,event_oldtales1_prologue,0,ch34,event_oldtales1,336,338,,,,person:신데렐라,26,기록 15 · 말함 133줄(9%) · 이름 50줄,기록 46 · 말함 755줄(28%) · 이름 193줄,,,
character,auto,2,d_main_34_08,87,event_oldtales1_prologue,78,ch34,event_oldtales1,336,338,,,,person:에이브,9,기록 3 · 이름 1줄,기록 22 · 말함 936줄(35%) · 이름 92줄,,,
keyword,auto,2,d_main_34_09_e,138,event_oldtales2_03_e,63,ch34,event_oldtales1,336,338,,,,concept:NIMPH,24,기록 4 · 이름 3줄,기록 3 · 이름 10줄,,,
keyword,auto,1,d_main_34_09_e,37,event_oldtales1_prologue,22,ch34,event_oldtales1,336,338,,,,concept:랩쳐,142,기록 1 · 이름 6줄,기록 4 · 이름 95줄,,,흔한 대상
keyword,auto,2,d_main_34_09_e,29,event_oldtales1_04_s,4,ch34,event_oldtales1,336,338,,,,concept:헬레틱,40,기록 2 · 이름 13줄,기록 2 · 이름 36줄,,,
keyword,auto,1,d_main_34_af_02,45,event_oldtales1_06_s,5,ch34,event_oldtales1,336,338,,,,place:방주,171,기록 2 · 이름 10줄,기록 3 · 이름 12줄,,,흔한 대상
keyword,auto,1,d_main_34_af_02,49,event_oldtales1_prologue,0,ch34,event_oldtales1,336,338,,,,place:지상,132,기록 1 · 이름 6줄,기록 2 · 이름 5줄,,,흔한 대상
setup_payoff,record,2,d_main_34_04,,erelic:old_tales_dialog_13,,ch34,erelic:old_tales_dialog,336,339,E500,암시,F1697,,,,,추정,확정,
character,auto,2,d_main_34_af_02,25,event_icedragonsaga1_01_e,80,ch34,event_icedragonsaga1,336,347,,,,person:잉그리드,37,기록 3 · 이름 2줄,기록 13 · 말함 196줄(8%) · 이름 19줄,,,
setup_payoff,record,2,d_main_34_03,,event_footstepwalkrun2_epilogue,,ch34,event_footstepwalkrun1,336,350,E497,암시,F1765,,,,,추정,확정,
callback,record,3,d_main_34_02,,event_footstepwalkrun2_06_e,,ch34,event_footstepwalkrun1,336,350,E574,재언급,F1646,,,,,확실,확정,
character,auto,1,d_main_34_af_02,57,event_footstepwalkrun1_prologue,0,ch34,event_footstepwalkrun1,336,350,,,,person:라피,85,기록 19 · 말함 327줄(22%) · 이름 59줄,기록 43 · 말함 736줄(39%) · 이름 200줄,,,흔한 대상
character,auto,1,d_main_34_af_02,59,event_footstepwalkrun1_prologue,4,ch34,event_footstepwalkrun1,336,350,,,,person:아니스,119,기록 5 · 말함 155줄(10%) · 이름 19줄,기록 3 · 말함 57줄(3%) · 이름 4줄,,,흔한 대상
keyword,auto,2,d_main_34_af_02,25,event_footstepwalkrun2_06_s,114,ch34,event_footstepwalkrun1,336,350,,,,org:앱솔루트,15,기록 3 · 이름 11줄,기록 3 · 이름 4줄,,,
sequel,auto,3,d_main_34_af_02,,d_main_35bf_01,,ch34,ch35,336,358,,,,,,,,,,다음 챕터
setup_payoff,record,2,d_main_34_af_01,,d_main_35_04,,ch34,ch35,336,358,E516,암시,F1798,,,,,추정,확정,
setup_payoff,record,3,d_main_34_af_02,,d_main_35bf_01,,ch34,ch35,336,358,E517,암시,F1786,,,,,확실,확정,
setup_payoff,record,3,d_main_34_af_02,,d_main_35_04,,ch34,ch35,336,358,Q217-2,회수,Q217,,,,,확실,확정,전부 · 답 F1798
setup_payoff,record,3,d_main_34_09_e,,d_main_35bf_01,,ch34,ch35,336,358,Q218-2,회수,Q218,,,,,확실,확정,일부 · 답 F1786
callback,record,3,d_main_34_08,,d_main_35bf_03,,ch34,ch35,336,358,E589,재언급,F1652,,,,,확실,확정,
callback,record,3,d_main_34_08,,d_main_35_06,,ch34,ch35,336,358,E605,재언급,F1652,,,,,확실,확정,
character,auto,2,d_main_34_af_01,87,d_main_35bf_03,98,ch34,ch35,336,358,,,,person:레비아탄,19,기록 17 · 말함 191줄(13%) · 이름 37줄,기록 11 · 말함 47줄(3%) · 이름 21줄,,,
character,auto,2,d_main_34_af_01,87,d_main_35_02,29,ch34,ch35,336,358,,,,person:베히모스,14,기록 14 · 말함 165줄(11%) · 이름 94줄,기록 2 · 이름 9줄,,,
keyword,auto,2,d_main_34_af_01,2,d_main_35bf_01,50,ch34,ch35,336,358,,,,item:세븐스_드워프,7,기록 2 · 이름 1줄,기록 2 · 이름 1줄,,,
keyword,auto,2,d_main_34_af_02,22,d_main_35bf_02,17,ch34,ch35,336,358,,,,org:카운터스,32,기록 1 · 이름 6줄,기록 2 · 이름 2줄,,,
callback,record,3,d_main_34_09_e,,d_main_36_02,,ch34,ch36,336,360,E619,재언급,Q218,,,,,확실,확정,
callback,record,2,d_main_34_02,,d_main_36_09_e,,ch34,ch36,336,360,E628,재언급,F1646,,,,,추정,확정,
keyword,auto,2,d_main_34_af_02,45,d_main_36_04,5,ch34,ch36,336,360,,,,org:T.T.STAR,8,이름 5줄,기록 3 · 이름 1줄,,,
setup_payoff,record,2,d_main_34_01_s,,side:mudfish_12,,ch34,side:mudfish,336,370,E493,암시,F1849,,,,,추정,확정,
setup_payoff,record,2,d_main_34_09_e,,side:mudfish_06,,ch34,side:mudfish,336,370,E512,암시,F1847,,,,,추정,확정,
setup_payoff,record,2,d_main_34_af_02,,d_main_37_05,,ch34,ch37,336,373,E518,암시,F1858,,,,,추정,확정,
callback,record,3,d_main_34_08,,d_main_37_08_s,,ch34,ch37,336,373,E653,재언급,F1652,,,,,확실,확정,
keyword,auto,2,d_main_34_af_01,82,event_unbreakablesphere1_prologue,0,ch34,event_unbreakablesphere1,336,377,,,,place:수정_지역,14,기록 3 · 이름 1줄,이름 5줄,,,
character,auto,2,d_main_34_09_e,241,event_ce006_1_06_e,31,ch34,event_ce006,336,387,,,,person:스노우_화이트,26,기록 2 · 말함 7줄(0%),기록 3 · 말함 53줄(2%) · 이름 5줄,,,
keyword,auto,2,d_main_34_af_01,91,d_main_40_af_04,37,ch34,ch40,336,398,,,,item:브레인_셸터,4,기록 2 · 이름 1줄,기록 2 · 이름 1줄,,,
callback,record,3,d_main_34_01_e,,fl:absolute_17,,ch34,fl:absolute,336,400,E844,재언급,F1644,,,,,확실,확정,
character,auto,2,d_main_34_af_02,39,fl:absolute_00,11,ch34,fl:absolute,336,400,,,,person:엠마,10,기록 3 · 말함 68줄(5%) · 이름 5줄,기록 9 · 말함 453줄(22%) · 이름 80줄,,,
character,auto,2,d_main_34_af_02,5,fl:absolute_00,0,ch34,fl:absolute,336,400,,,,person:은화,9,기록 5 · 말함 140줄(9%) · 이름 12줄,기록 25 · 말함 774줄(37%) · 이름 220줄,,,
setup_payoff,record,3,d_main_34_09_e,,d_main_41_01,,ch34,ch41,336,414,E509,암시,F2184,,,,,확실,확정,
callback,record,3,d_main_34_08,,d_main_41_01,,ch34,ch41,336,414,E892,재언급,F1652,,,,,확실,확정,
character,auto,2,d_main_34_af_01,90,d_main_41_af_05,20,ch34,ch41,336,414,,,,person:해머링,6,기록 2 · 이름 1줄,기록 2 · 이름 9줄,,,
setup_payoff,record,2,d_main_34_09_e,,d_main_42_03,,ch34,ch42,336,416,E510,암시,F2218,,,,,추정,확정,
setup_payoff,record,2,d_main_34_09_e,,d_main_42_af_08,,ch34,ch42,336,416,E511,암시,F2249,,,,,추정,확정,
setup_payoff,record,3,d_main_34_09_e,,relic:주의용광로사용법_03,,ch34,relic:주의용광로사용법,336,417,E509,암시,Q199,,,,,확실,확정,
setup_payoff,record,2,d_main_34_05,,side:pretty_star_13,,ch34,side:pretty_star,336,447,E503,암시,F2556,,,,,추정,확정,
setup_payoff,record,2,d_main_34_05,,event_staranis2_05_e,,ch34,event_staranis1,336,454,E503,암시,F2705,,,,,추정,확정,
keyword,auto,2,relic:충격다크매터란무엇인가_03,0,event_oldtales2_01_s,17,relic:충격다크매터란무엇인가,event_oldtales1,337,338,,,,concept:언체인드,25,기록 2 · 이름 2줄,기록 3 · 이름 8줄,,,
keyword,auto,2,relic:충격다크매터란무엇인가_03,0,d_main_35bf_01,35,relic:충격다크매터란무엇인가,ch35,337,358,,,,concept:다크_매터,18,기록 3 · 이름 3줄,기록 4 · 이름 24줄,,,
keyword,auto,2,relic:충격다크매터란무엇인가_02,3,d_main_35bf_03,31,relic:충격다크매터란무엇인가,ch35,337,358,,,,org:포비스트,20,기록 2 · 이름 2줄,기록 4 · 이름 8줄,,,
setup_payoff,record,3,event_oldtales1_01_s,,event_oldtales2_epilogue,,event_oldtales1,event_oldtales1,338,338,E520,암시,F1694,,,,,확실,확정,
setup_payoff,record,2,event_oldtales1_01_s,,event_oldtales2_intermission_01,,event_oldtales1,event_oldtales1,338,338,E521,암시,F1682,,,,,추정,확정,
setup_payoff,record,3,event_oldtales1_02_e,,event_oldtales2_intermission_01,,event_oldtales1,event_oldtales1,338,338,E522,암시,F1682,,,,,확실,확정,
setup_payoff,record,3,event_oldtales1_03_s,,event_oldtales2_03_e,,event_oldtales1,event_oldtales1,338,338,E523,암시,F1681,,,,,확실,확정,
setup_payoff,record,3,event_oldtales1_03_s,,event_oldtales2_04_s,,event_oldtales1,event_oldtales1,338,338,E524,암시,F1684,,,,,확실,확정,
setup_payoff,record,2,event_oldtales1_04_e,,event_oldtales2_03_e,,event_oldtales1,event_oldtales1,338,338,E529,암시,F1680,,,,,추정,확정,
setup_payoff,record,3,event_oldtales1_05_e,,event_oldtales2_05_e,,event_oldtales1,event_oldtales1,338,338,E530,암시,F1665,,,,,확실,확정,
setup_payoff,record,2,event_oldtales1_05_e,,event_oldtales2_epilogue,,event_oldtales1,event_oldtales1,338,338,E531,암시,F1693,,,,,추정,확정,
setup_payoff,record,2,event_oldtales1_06_e,,event_oldtales2_06_s,,event_oldtales1,event_oldtales1,338,338,E532,암시,F1689,,,,,추정,확정,
setup_payoff,record,3,event_oldtales2_03_s,,event_oldtales2_05_e,,event_oldtales1,event_oldtales1,338,338,E537,암시,F1687,,,,,확실,확정,
setup_payoff,record,3,event_oldtales2_intermission_01,,event_oldtales2_06_s,,event_oldtales1,event_oldtales1,338,338,E541,암시,F1689,,,,,확실,확정,
setup_payoff,record,3,event_oldtales2_04_e,,event_oldtales2_06_s,,event_oldtales1,event_oldtales1,338,338,E545,암시,F1689,,,,,확실,확정,
setup_payoff,record,2,event_oldtales2_05_s,,event_oldtales2_epilogue,,event_oldtales1,event_oldtales1,338,338,E546,암시,F1692,,,,,추정,확정,
setup_payoff,record,3,event_oldtales2_06_e,,event_oldtales2_epilogue,,event_oldtales1,event_oldtales1,338,338,E548,암시,F1692,,,,,확실,확정,
callback,record,2,event_oldtales2_02_e,,event_oldtales2_04_e,,event_oldtales1,event_oldtales1,338,338,E544,재언급,F2883,,,,,추정,확정,
sequel,auto,3,event_oldtales2_epilogue,,erelic:old_tales_dialog_00,,event_oldtales1,erelic:old_tales_dialog,338,339,,,,,,,,,,이벤트 → 이벤트 유실물
character,auto,2,event_oldtales2_epilogue,126,erelic:old_tales_dialog_17,0,event_oldtales1,erelic:old_tales_dialog,338,339,,,,person:그레이브,23,기록 12,기록 2,,,
character,auto,2,event_oldtales2_epilogue,200,erelic:old_tales_dialog_00,1,event_oldtales1,erelic:old_tales_dialog,338,339,,,,person:신데렐라,26,기록 46 · 말함 755줄(28%) · 이름 193줄,기록 3 · 말함 37줄(27%) · 이름 14줄,,,
character,auto,2,event_oldtales2_epilogue,184,erelic:old_tales_dialog_00,0,event_oldtales1,erelic:old_tales_dialog,338,339,,,,person:에이브,9,기록 22 · 말함 936줄(35%) · 이름 92줄,기록 2 · 말함 73줄(53%),,,
keyword,auto,2,event_oldtales2_05_e,90,erelic:old_tales_dialog_08,0,event_oldtales1,erelic:old_tales_dialog,338,339,,,,concept:헬레틱,40,기록 2 · 이름 36줄,기록 2 · 이름 2줄,,,
keyword,auto,2,event_oldtales2_06_s,61,erelic:old_tales_dialog_00,3,event_oldtales1,erelic:old_tales_dialog,338,339,,,,org:갓데스,30,기록 6 · 이름 91줄,기록 1 · 이름 14줄,,,
sequel,auto,3,event_oldtales2_epilogue,,erelic:old_tales_lost_00,,event_oldtales1,erelic:old_tales_lost,338,340,,,,,,,,,,이벤트 → 이벤트 유실물
setup_payoff,record,2,event_oldtales1_04_e,,erelic:old_tales_lost_05,,event_oldtales1,erelic:old_tales_lost,338,340,E528,암시,F1700,,,,,추정,확정,
setup_payoff,record,3,event_oldtales2_03_e,,erelic:old_tales_lost_14,,event_oldtales1,erelic:old_tales_lost,338,340,E539,암시,F1703,,,,,확실,확정,
setup_payoff,record,2,event_oldtales1_04_s,,erelic:old_tales_lost_14,,event_oldtales1,erelic:old_tales_lost,338,340,Q220-2,회수,Q220,,,,,추정,확정,전부 · 답 F1703
callback,record,3,event_oldtales2_05_e,,erelic:old_tales_lost_06,,event_oldtales1,erelic:old_tales_lost,338,340,E551,재언급,F1686,,,,,확실,확정,
character,auto,2,event_oldtales2_06_s,152,erelic:old_tales_lost_05,0,event_oldtales1,erelic:old_tales_lost,338,340,,,,person:레드_슈즈,9,기록 25 · 말함 348줄(13%) · 이름 75줄,기록 5 · 이름 22줄,,,
character,auto,2,event_oldtales2_06_s,42,erelic:old_tales_lost_12,0,event_oldtales1,erelic:old_tales_lost,338,340,,,,person:아나키오르,9,기록 7 · 말함 5줄(0%) · 이름 54줄,기록 2 · 이름 1줄,,,
keyword,auto,2,event_oldtales2_epilogue,113,erelic:old_tales_lost_00,0,event_oldtales1,erelic:old_tales_lost,338,340,,,,concept:NIMPH,24,기록 3 · 이름 10줄,기록 2 · 이름 10줄,,,
keyword,auto,1,event_oldtales2_epilogue,99,erelic:old_tales_lost_00,1,event_oldtales1,erelic:old_tales_lost,338,340,,,,concept:니케,186,이름 40줄,이름 17줄,,,흔한 대상
keyword,auto,1,event_oldtales2_epilogue,184,erelic:old_tales_lost_00,0,event_oldtales1,erelic:old_tales_lost,338,340,,,,concept:랩쳐,142,기록 4 · 이름 95줄,기록 2 · 이름 14줄,,,흔한 대상
keyword,auto,2,event_oldtales2_06_e,51,erelic:old_tales_lost_00,0,event_oldtales1,erelic:old_tales_lost,338,340,,,,concept:침식,21,기록 11 · 이름 50줄,기록 6 · 이름 30줄,,,
sequel,auto,3,event_oldtales2_epilogue,,erelic:old_tales_mini_memory_00,,event_oldtales1,erelic:old_tales_mini_memory,338,341,,,,,,,,,,이벤트 → 이벤트 유실물
setup_payoff,record,3,event_oldtales2_03_s,,erelic:old_tales_mini_memory_30,,event_oldtales1,erelic:old_tales_mini_memory,338,341,E538,암시,F1710,,,,,확실,확정,
callback,record,3,event_oldtales2_03_e,,erelic:old_tales_mini_memory_12,,event_oldtales1,erelic:old_tales_mini_memory,338,341,E553,재언급,F1680,,,,,확실,확정,
callback,record,3,event_oldtales2_05_e,,erelic:old_tales_mini_memory_25,,event_oldtales1,erelic:old_tales_mini_memory,338,341,F1686-2,드러냄,F1686,,,,,확실,확정,
keyword,auto,2,event_oldtales2_06_e,137,erelic:old_tales_mini_memory_34,3,event_oldtales1,erelic:old_tales_mini_memory,338,341,,,,item:유리_구두,6,기록 4 · 이름 33줄,기록 1 · 이름 5줄,,,
keyword,auto,2,event_oldtales2_02_e,42,erelic:old_tales_mini_memory_00,0,event_oldtales1,erelic:old_tales_mini_memory,338,341,,,,org:인류연합군,7,기록 4 · 이름 5줄,기록 3 · 이름 6줄,,,
callback,record,2,event_oldtales2_03_e,,ep:d_nikke_rapunzel_puregrace_04,,event_oldtales1,char:226,338,342,E1394,재언급,F1681,,,,,추정,확정,
character,auto,2,event_oldtales2_06_s,12,ep:d_nikke_rapunzel_puregrace_01,1,event_oldtales1,char:226,338,342,,,,person:레드_후드,26,기록 2 · 말함 13줄(0%) · 이름 5줄,말함 56줄(15%) · 이름 9줄,,,
keyword,auto,2,event_oldtales2_epilogue,104,ep:d_nikke_rapunzel_puregrace_01,25,event_oldtales1,char:226,338,342,,,,concept:양산형_니케,26,기록 4 · 이름 10줄,기록 2 · 이름 8줄,,,
setup_payoff,record,2,event_oldtales1_01_e,,ep:d_nikke_cinderella_02,,event_oldtales1,char:511,338,343,E525,암시,F1716,,,,,추정,확정,
setup_payoff,record,2,event_oldtales2_02_s,,ep:d_nikke_cinderella_02,,event_oldtales1,char:511,338,343,E536,암시,F1716,,,,,추정,확정,
character,auto,2,event_oldtales2_epilogue,38,ep:d_nikke_cinderella_02,0,event_oldtales1,char:511,338,343,,,,person:그레텔,8,기록 11 · 말함 16줄(1%) · 이름 99줄,기록 2 · 이름 1줄,,,
character,auto,2,event_oldtales2_epilogue,38,ep:d_nikke_cinderella_02,0,event_oldtales1,char:511,338,343,,,,person:세이렌,14,기록 6 · 이름 24줄,기록 2 · 이름 2줄,,,
character,auto,2,event_oldtales2_epilogue,38,ep:d_nikke_cinderella_02,0,event_oldtales1,char:511,338,343,,,,person:헨젤,8,기록 16 · 말함 192줄(7%) · 이름 102줄,기록 2 · 이름 1줄,,,
keyword,auto,1,event_oldtales2_epilogue,105,event_secretgarden_prologue,4,event_oldtales1,event_secretgarden,338,345,,,,place:방주,171,기록 3 · 이름 12줄,이름 7줄,,,흔한 대상
keyword,auto,1,event_oldtales2_epilogue,112,event_secretgarden_prologue,35,event_oldtales1,event_secretgarden,338,345,,,,place:지상,132,기록 2 · 이름 5줄,이름 19줄,,,흔한 대상
keyword,auto,1,event_oldtales2_05_e,30,event_icedragonsaga1_02_e,96,event_oldtales1,event_icedragonsaga1,338,347,,,,org:중앙_정부,67,기록 7 · 이름 12줄,기록 1 · 이름 18줄,,,흔한 대상
keyword,auto,2,event_oldtales2_06_e,88,event_footstepwalkrun2_02_s,65,event_oldtales1,event_footstepwalkrun1,338,350,,,,place:궤도_엘리베이터,11,기록 4 · 이름 18줄,기록 2 · 이름 8줄,,,
setup_payoff,record,3,event_oldtales2_06_e,,d_main_35bf_03,,event_oldtales1,ch35,338,358,Q219-2,회수,Q219,,,,,확실,확정,일부 · 답 F1792
callback,record,3,event_oldtales2_epilogue,,d_main_35bf_03,,event_oldtales1,ch35,338,358,E592,재언급,F1694,,,,,확실,확정,
callback,record,3,event_oldtales2_epilogue,,d_main_35bf_03,,event_oldtales1,ch35,338,358,E593,재언급,F1693,,,,,확실,확정,
keyword,auto,2,event_oldtales2_06_s,34,d_main_35bf_03,49,event_oldtales1,ch35,338,358,,,,concept:언체인드,25,기록 3 · 이름 8줄,기록 5 · 이름 10줄,,,
keyword,auto,2,event_oldtales2_01_e,123,d_main_35_08_s,8,event_oldtales1,ch35,338,358,,,,concept:콜링_시그널,4,기록 2 · 이름 3줄,기록 1 · 이름 7줄,,,
callback,record,2,event_oldtales2_epilogue,,d_main_36_02,,event_oldtales1,ch36,338,360,E620,재언급,F1693,,,,,추정,확정,
callback,record,3,event_oldtales2_02_e,,d_main_36_07_s,,event_oldtales1,ch36,338,360,E624,재언급,F2883,,,,,확실,확정,
setup_payoff,record,2,event_oldtales1_02_s,,side:mudfish_12,,event_oldtales1,side:mudfish,338,370,E526,암시,F1849,,,,,추정,확정,
callback,record,3,event_oldtales1_01_s,,side:mudfish_10,,event_oldtales1,side:mudfish,338,370,E641,재언급,F1664,,,,,확실,확정,
character,auto,2,event_oldtales2_epilogue,0,side:mudfish_00,22,event_oldtales1,side:mudfish,338,370,,,,person:리틀_머메이드,8,기록 10 · 말함 118줄(4%) · 이름 24줄,기록 5 · 말함 469줄(43%) · 이름 64줄,,,
callback,record,3,event_oldtales2_04_s,,event_unbreakablesphere1_05_e,,event_oldtales1,event_unbreakablesphere1,338,377,E691,재언급,F1684,,,,,확실,확정,
callback,record,3,event_oldtales2_06_s,,event_unbreakablesphere2_01_s,,event_oldtales1,event_unbreakablesphere1,338,377,E695,재언급,F1689,,,,,확실,확정,
callback,record,3,event_oldtales2_06_s,,event_unbreakablesphere2_05_e,,event_oldtales1,event_unbreakablesphere1,338,377,E706,재언급,F1689,,,,,확실,확정,
callback,record,3,event_oldtales2_06_e,,erelic:unbreakable_sphere_lost_00,,event_oldtales1,erelic:unbreakable_sphere_lost,338,379,E712,재언급,F1690,,,,,확실,확정,
callback,record,3,event_oldtales1_01_e,,ep:d_nikke_littlemermaid_03,,event_oldtales1,char:513,338,380,E1431,재언급,F1663,,,,,확실,확정,
callback,record,3,event_oldtales1_intermission_01,,ep:d_nikke_mihara_bondingchain_02,,event_oldtales1,char:162,338,382,E1436,재언급,F1669,,,,,확실,확정,
character,auto,2,event_oldtales2_06_e,189,event_arcanearchive_05_s,27,event_oldtales1,event_arcanearchive,338,383,,,,person:오스왈드,7,기록 9 · 말함 181줄(7%) · 이름 14줄,기록 3 · 이름 26줄,,,
keyword,auto,2,event_oldtales2_06_e,180,event_arcanearchive_05_s,27,event_oldtales1,event_arcanearchive,338,383,,,,incident:아크_가디언_작전,7,기록 2 · 이름 4줄,기록 3 · 이름 10줄,,,
character,auto,2,event_oldtales2_epilogue,39,relic:정갈하게쓴기록_01,0,event_oldtales1,relic:정갈하게쓴기록,338,397,,,,person:퀸,20,기록 5 · 이름 19줄,기록 2 · 이름 1줄,,,
character,auto,2,event_oldtales2_06_e,181,event_goddessfall1_02_e,89,event_oldtales1,event_goddessfall1,338,418,,,,person:릴리바이스,14,기록 2 · 말함 25줄(1%) · 이름 2줄,기록 5 · 이름 13줄,,,
character,auto,2,event_oldtales2_06_e,41,event_goddessfall1_intermission_01,105,event_oldtales1,event_goddessfall1,338,418,,,,person:미러,7,기록 6 · 말함 62줄(2%),기록 24 · 말함 244줄(7%) · 이름 6줄,,,
callback,record,3,event_oldtales1_05_e,,fl:ark_guardian_12,,event_oldtales1,fl:ark_guardian,338,428,E977,재언급,F1673,,,,,확실,확정,
callback,record,3,event_oldtales1_05_s,,fl:ark_guardian_16,,event_oldtales1,fl:ark_guardian,338,428,E983,재언급,F1672,,,,,확실,확정,
callback,record,3,event_oldtales1_05_s,,fl:ark_guardian_19,,event_oldtales1,fl:ark_guardian,338,428,E991,재언급,F1672,,,,,확실,확정,
callback,record,3,event_oldtales1_05_s,,fl:ark_guardian_26,,event_oldtales1,fl:ark_guardian,338,428,E994,재언급,F1672,,,,,확실,확정,
callback,record,3,event_oldtales2_05_e,,fl:ark_guardian_26,,event_oldtales1,fl:ark_guardian,338,428,E994,재언급,F1686,,,,,확실,확정,
keyword,auto,2,event_oldtales2_05_e,122,fl:ark_guardian_04,33,event_oldtales1,fl:ark_guardian,338,428,,,,org:V.T.C.,10,기록 7 · 이름 12줄,기록 11 · 이름 23줄,,,
callback,record,3,event_oldtales2_epilogue,,fl:wave_to_you_12,,event_oldtales1,fl:wave_to_you,338,464,E1553,재언급,F1692,,,,,확실,확정,
keyword,auto,2,event_oldtales2_epilogue,111,fl:project_matis_01,105,event_oldtales1,fl:project_matis,338,467,,,,concept:페어리_테일,7,기록 6 · 이름 26줄,기록 2,,,
setup_payoff,record,2,event_oldtales2_intermission_01,,d_main_48_03,,event_oldtales1,ch48,338,472,E540,암시,F2828,,,,,추정,확정,
setup_payoff,record,3,event_oldtales2_intermission_01,,d_main_48_03,,event_oldtales1,ch48,338,472,E542,암시,F2828,,,,,확실,확정,
setup_payoff,record,2,event_oldtales2_06_s,,d_main_48_03,,event_oldtales1,ch48,338,472,E547,암시,F2828,,,,,추정,확정,
callback,record,3,event_oldtales2_03_e,,d_main_48_03,,event_oldtales1,ch48,338,472,F1681-2,드러냄,F1681,,,,,확실,확정,
character,auto,2,erelic:old_tales_dialog_18,11,erelic:old_tales_lost_12,0,erelic:old_tales_dialog,erelic:old_tales_lost,339,340,,,,person:신데렐라,26,기록 3 · 말함 37줄(27%) · 이름 14줄,기록 2 · 이름 1줄,,,
setup_payoff,record,2,erelic:old_tales_dialog_09,,erelic:old_tales_mini_memory_20,,erelic:old_tales_dialog,erelic:old_tales_mini_memory,339,341,E550,암시,F1708,,,,,추정,확정,
character,auto,2,erelic:old_tales_dialog_18,0,erelic:old_tales_mini_memory_15,0,erelic:old_tales_dialog,erelic:old_tales_mini_memory,339,341,,,,person:에이브,9,기록 2 · 말함 73줄(53%),기록 3 · 이름 4줄,,,
keyword,auto,2,erelic:old_tales_dialog_04,15,erelic:old_tales_mini_memory_00,6,erelic:old_tales_dialog,erelic:old_tales_mini_memory,339,341,,,,org:갓데스,30,기록 1 · 이름 14줄,기록 1 · 이름 10줄,,,
character,auto,2,erelic:old_tales_dialog_18,0,ep:d_nikke_cinderella_01,4,erelic:old_tales_dialog,char:511,339,343,,,,person:그레이브,23,기록 2,기록 2 · 말함 58줄(13%) · 이름 52줄,,,
keyword,auto,2,erelic:old_tales_dialog_18,5,d_main_35bf_03,16,erelic:old_tales_dialog,ch35,339,358,,,,concept:헬레틱,40,기록 2 · 이름 2줄,기록 1 · 이름 23줄,,,
character,auto,2,erelic:old_tales_lost_14,0,erelic:old_tales_mini_memory_15,0,erelic:old_tales_lost,erelic:old_tales_mini_memory,340,341,,,,person:레드_슈즈,9,기록 5 · 이름 22줄,기록 3 · 이름 15줄,,,
character,auto,2,erelic:old_tales_lost_14,7,erelic:old_tales_mini_memory_00,0,erelic:old_tales_lost,erelic:old_tales_mini_memory,340,341,,,,person:신데렐라,26,기록 2 · 이름 1줄,기록 6 · 이름 32줄,,,
character,auto,2,erelic:old_tales_lost_14,9,erelic:old_tales_mini_memory_00,0,erelic:old_tales_lost,erelic:old_tales_mini_memory,340,341,,,,person:아나키오르,9,기록 2 · 이름 1줄,기록 5 · 이름 15줄,,,
keyword,auto,1,erelic:old_tales_lost_14,6,erelic:old_tales_mini_memory_00,6,erelic:old_tales_lost,erelic:old_tales_mini_memory,340,341,,,,concept:니케,186,이름 17줄,이름 29줄,,,흔한 대상
keyword,auto,1,erelic:old_tales_lost_14,1,erelic:old_tales_mini_memory_01,4,erelic:old_tales_lost,erelic:old_tales_mini_memory,340,341,,,,concept:랩쳐,142,기록 2 · 이름 14줄,기록 1 · 이름 11줄,,,흔한 대상
keyword,auto,2,erelic:old_tales_lost_14,0,erelic:old_tales_mini_memory_10,0,erelic:old_tales_lost,erelic:old_tales_mini_memory,340,341,,,,concept:침식,21,기록 6 · 이름 30줄,기록 5 · 이름 23줄,,,
callback,record,3,erelic:old_tales_lost_09,,ep:d_nikke_rapunzel_puregrace_05,,erelic:old_tales_lost,char:226,340,342,E1395,재언급,F1701,,,,,확실,확정,
keyword,auto,2,erelic:old_tales_lost_11,5,event_footstepwalkrun1_03_s,0,erelic:old_tales_lost,event_footstepwalkrun1,340,350,,,,concept:NIMPH,24,기록 2 · 이름 10줄,기록 4 · 이름 7줄,,,
callback,record,2,erelic:old_tales_lost_14,,d_main_35_08_e,,erelic:old_tales_lost,ch35,340,358,E610,재언급,F1703,,,,,추정,확정,
setup_payoff,record,2,erelic:old_tales_lost_03,,ep:d_nikke_littlemermaid_02,,erelic:old_tales_lost,char:513,340,380,E552,암시,F1911,,,,,추정,확정,
character,auto,2,erelic:old_tales_mini_memory_35,0,ep:d_nikke_rapunzel_puregrace_04,64,erelic:old_tales_mini_memory,char:226,341,342,,,,person:레드_슈즈,9,기록 3 · 이름 15줄,기록 5 · 말함 29줄(8%) · 이름 4줄,,,
character,auto,2,erelic:old_tales_mini_memory_35,0,ep:d_nikke_rapunzel_puregrace_02,59,erelic:old_tales_mini_memory,char:226,341,342,,,,person:에이브,9,기록 3 · 이름 4줄,기록 1 · 말함 43줄(11%) · 이름 5줄,,,
keyword,auto,1,erelic:old_tales_mini_memory_32,6,ep:d_nikke_rapunzel_puregrace_01,9,erelic:old_tales_mini_memory,char:226,341,342,,,,concept:니케,186,이름 29줄,이름 24줄,,,흔한 대상
keyword,auto,1,erelic:old_tales_mini_memory_28,7,ep:d_nikke_rapunzel_puregrace_01,65,erelic:old_tales_mini_memory,char:226,341,342,,,,concept:랩쳐,142,기록 1 · 이름 11줄,이름 24줄,,,흔한 대상
keyword,auto,2,erelic:old_tales_mini_memory_32,4,ep:d_nikke_rapunzel_puregrace_01,9,erelic:old_tales_mini_memory,char:226,341,342,,,,concept:침식,21,기록 5 · 이름 23줄,기록 4 · 이름 42줄,,,
keyword,auto,2,erelic:old_tales_mini_memory_09,1,ep:d_nikke_rapunzel_puregrace_01,28,erelic:old_tales_mini_memory,char:226,341,342,,,,org:갓데스,30,기록 1 · 이름 10줄,기록 3 · 이름 7줄,,,
character,auto,2,erelic:old_tales_mini_memory_39,4,ep:d_nikke_cinderella_01,0,erelic:old_tales_mini_memory,char:511,341,343,,,,person:신데렐라,26,기록 6 · 이름 32줄,기록 5 · 말함 307줄(67%) · 이름 33줄,,,
callback,record,3,erelic:old_tales_mini_memory_30,,side:mudfish_08,,erelic:old_tales_mini_memory,side:mudfish,341,370,F1710-2,드러냄,F1710,,,,,확실,확정,
keyword,auto,2,erelic:old_tales_mini_memory_13,4,event_ce006_2_02_e,6,erelic:old_tales_mini_memory,event_ce006,341,387,,,,org:인류연합군,7,기록 3 · 이름 6줄,기록 2 · 이름 2줄,,,
character,auto,2,erelic:old_tales_mini_memory_34,11,fl:ark_guardian_01,18,erelic:old_tales_mini_memory,fl:ark_guardian,341,428,,,,person:아나키오르,9,기록 5 · 이름 15줄,기록 7 · 이름 13줄,,,
prereq,game-condition,3,ep:d_nikke_rapunzel_puregrace_01,,ep:d_nikke_rapunzel_puregrace_02,,char:226,char:226,342,342,,,,,,,,,,condition_scenario_group_id
prereq,game-condition,3,ep:d_nikke_rapunzel_puregrace_02,,ep:d_nikke_rapunzel_puregrace_03,,char:226,char:226,342,342,,,,,,,,,,condition_scenario_group_id
prereq,game-condition,3,ep:d_nikke_rapunzel_puregrace_03,,ep:d_nikke_rapunzel_puregrace_04,,char:226,char:226,342,342,,,,,,,,,,condition_scenario_group_id
prereq,game-condition,3,ep:d_nikke_rapunzel_puregrace_04,,ep:d_nikke_rapunzel_puregrace_05,,char:226,char:226,342,342,,,,,,,,,,condition_scenario_group_id
keyword,auto,1,ep:d_nikke_rapunzel_puregrace_05,93,event_secretgarden_02_s,16,char:226,event_secretgarden,342,345,,,,concept:랩쳐,142,이름 24줄,이름 9줄,,,흔한 대상
keyword,auto,1,ep:d_nikke_rapunzel_puregrace_05,40,event_icedragonsaga1_01_e,99,char:226,event_icedragonsaga1,342,347,,,,concept:니케,186,이름 24줄,이름 29줄,,,흔한 대상
character,auto,2,ep:d_nikke_rapunzel_puregrace_05,115,event_footstepwalkrun1_intermission_01,38,char:226,event_footstepwalkrun1,342,350,,,,person:레드_후드,26,말함 56줄(15%) · 이름 9줄,기록 18 · 말함 454줄(24%) · 이름 65줄,,,
keyword,auto,2,ep:d_nikke_rapunzel_puregrace_04,0,event_footstepwalkrun1_02_e,30,char:226,event_footstepwalkrun1,342,350,,,,concept:양산형_니케,26,기록 2 · 이름 8줄,기록 4 · 이름 22줄,,,
keyword,auto,2,ep:d_nikke_rapunzel_puregrace_05,101,event_footstepwalkrun1_06_s,204,char:226,event_footstepwalkrun1,342,350,,,,concept:침식,21,기록 4 · 이름 42줄,기록 4 · 이름 15줄,,,
keyword,auto,2,ep:d_nikke_rapunzel_puregrace_05,98,event_footstepwalkrun1_01_e,68,char:226,event_footstepwalkrun1,342,350,,,,org:갓데스,30,기록 3 · 이름 7줄,기록 3 · 이름 9줄,,,
character,auto,2,ep:d_nikke_rapunzel_puregrace_05,29,event_unbreakablesphere1_03_s,28,char:226,event_unbreakablesphere1,342,377,,,,person:에이브,9,기록 1 · 말함 43줄(11%) · 이름 5줄,기록 2 · 이름 2줄,,,
character,auto,2,ep:d_nikke_rapunzel_puregrace_05,69,ep:d_nikke_littlemermaid_01,9,char:226,char:513,342,380,,,,person:레드_슈즈,9,기록 5 · 말함 29줄(8%) · 이름 4줄,기록 2 · 말함 51줄(11%) · 이름 3줄,,,
character,auto,2,ep:d_nikke_rapunzel_puregrace_05,118,event_ce006_1_06_e,31,char:226,event_ce006,342,387,,,,person:라푼젤,18,기록 5 · 말함 169줄(45%) · 이름 27줄,기록 3 · 말함 69줄(2%) · 이름 2줄,,,
setup_payoff,record,2,ep:d_nikke_rapunzel_puregrace_05,,d_main_48_03,,char:226,ch48,342,472,E1396,암시,F2828,,,,,추정,확정,
prereq,game-condition,3,ep:d_nikke_cinderella_01,,ep:d_nikke_cinderella_02,,char:511,char:511,343,343,,,,,,,,,,condition_scenario_group_id
prereq,game-condition,3,ep:d_nikke_cinderella_02,,ep:d_nikke_cinderella_03,,char:511,char:511,343,343,,,,,,,,,,condition_scenario_group_id
prereq,game-condition,3,ep:d_nikke_cinderella_03,,ep:d_nikke_cinderella_04,,char:511,char:511,343,343,,,,,,,,,,condition_scenario_group_id
prereq,game-condition,3,ep:d_nikke_cinderella_04,,ep:d_nikke_cinderella_05,,char:511,char:511,343,343,,,,,,,,,,condition_scenario_group_id
character,auto,2,ep:d_nikke_cinderella_05,163,ep:d_nikke_grave_01,7,char:511,char:514,343,344,,,,person:그레이브,23,기록 2 · 말함 58줄(13%) · 이름 52줄,기록 8 · 말함 377줄(98%) · 이름 18줄,,,
character,auto,2,ep:d_nikke_cinderella_05,165,ep:d_nikke_grave_01,47,char:511,char:514,343,344,,,,person:신데렐라,26,기록 5 · 말함 307줄(67%) · 이름 33줄,기록 4 · 이름 36줄,,,
character,auto,2,ep:d_nikke_cinderella_04,51,d_main_35_03,90,char:511,ch35,343,358,,,,person:세이렌,14,기록 2 · 이름 2줄,기록 3 · 이름 13줄,,,
keyword,auto,2,ep:d_nikke_cinderella_02,103,event_newflavor_prologue,7,char:511,event_newflavor,343,367,,,,concept:퍼펙트,16,기록 1 · 이름 9줄,기록 8 · 이름 40줄,,,
setup_payoff,record,2,ep:d_nikke_cinderella_04,,event_unbreakablesphere2_06_e,,char:511,event_unbreakablesphere1,343,377,E1616,암시,F1903,,,,,추정,확정,
callback,record,3,ep:d_nikke_cinderella_02,,event_unbreakablesphere2_epilogue,,char:511,event_unbreakablesphere1,343,377,E709,재언급,F1716,,,,,확실,확정,
character,auto,2,ep:d_nikke_cinderella_04,51,event_unbreakablesphere1_03_s,28,char:511,event_unbreakablesphere1,343,377,,,,person:그레텔,8,기록 2 · 이름 1줄,기록 2 · 이름 5줄,,,
character,auto,2,ep:d_nikke_cinderella_04,51,event_unbreakablesphere1_03_s,28,char:511,event_unbreakablesphere1,343,377,,,,person:헨젤,8,기록 2 · 이름 1줄,기록 2 · 이름 5줄,,,
prereq,game-condition,3,ep:d_nikke_grave_01,,ep:d_nikke_grave_02,,char:514,char:514,344,344,,,,,,,,,,condition_scenario_group_id
prereq,game-condition,3,ep:d_nikke_grave_02,,ep:d_nikke_grave_03,,char:514,char:514,344,344,,,,,,,,,,condition_scenario_group_id
prereq,game-condition,3,ep:d_nikke_grave_03,,ep:d_nikke_grave_04,,char:514,char:514,344,344,,,,,,,,,,condition_scenario_group_id
prereq,game-condition,3,ep:d_nikke_grave_04,,ep:d_nikke_grave_05,,char:514,char:514,344,344,,,,,,,,,,condition_scenario_group_id
character,auto,2,ep:d_nikke_grave_05,72,d_main_35bf_03,6,char:514,ch35,344,358,,,,person:그레이브,23,기록 8 · 말함 377줄(98%) · 이름 18줄,기록 10 · 말함 114줄(8%) · 이름 16줄,,,
character,auto,2,ep:d_nikke_grave_05,70,d_main_35bf_03,6,char:514,ch35,344,358,,,,person:신데렐라,26,기록 4 · 이름 36줄,기록 10 · 말함 180줄(12%) · 이름 49줄,,,
setup_payoff,record,2,ep:d_nikke_grave_04,,event_unbreakablesphere2_06_e,,char:514,event_unbreakablesphere1,344,377,E1398,암시,F1903,,,,,추정,확정,
setup_payoff,record,2,event_secretgarden_intermission_01,,event_secretgarden_04_s,,event_secretgarden,event_secretgarden,345,345,E1401,암시,F1723,,,,,추정,확정,
character,auto,2,event_secretgarden_epilogue,41,ep:d_nikke_flora_01,6,event_secretgarden,char:411,345,346,,,,person:플로라,5,기록 8 · 말함 482줄(45%) · 이름 66줄,기록 3 · 말함 271줄(94%) · 이름 12줄,,,
keyword,auto,1,event_secretgarden_02_e,30,event_icedragonsaga1_02_s,10,event_secretgarden,event_icedragonsaga1,345,347,,,,concept:랩쳐,142,이름 9줄,이름 15줄,,,흔한 대상
keyword,auto,1,event_secretgarden_06_s,100,event_icedragonsaga1_02_s,4,event_secretgarden,event_icedragonsaga1,345,347,,,,place:방주,171,이름 7줄,이름 17줄,,,흔한 대상
keyword,auto,1,event_secretgarden_04_s,38,event_footstepwalkrun1_01_s,4,event_secretgarden,event_footstepwalkrun1,345,350,,,,place:지상,132,이름 19줄,이름 46줄,,,흔한 대상
character,auto,2,event_secretgarden_06_e,114,ep:d_nikke_mana_02,19,event_secretgarden,char:290,345,354,,,,person:슈엔,30,기록 2 · 이름 19줄,기록 2 · 이름 6줄,,,
keyword,auto,2,event_secretgarden_06_e,114,d_main_35bf_07,54,event_secretgarden,ch35,345,358,,,,org:미실리스,32,기록 3 · 이름 7줄,기록 2 · 이름 5줄,,,
callback,record,3,event_secretgarden_04_s,,fl:for_rest_03,,event_secretgarden,fl:for_rest,345,365,E1424,재언급,F1723,,,,,확실,확정,
callback,record,3,event_secretgarden_prologue,,fl:for_rest_03,,event_secretgarden,fl:for_rest,345,365,E1424,재언급,F1722,,,,,확실,확정,
keyword,auto,2,event_secretgarden_04_s,59,fl:for_rest_01,13,event_secretgarden,fl:for_rest,345,365,,,,org:보타닉_가든,3,기록 3 · 이름 2줄,기록 6 · 이름 11줄,,,
character,auto,2,event_secretgarden_06_e,145,ep:d_nikke_laplace_ultimatehero_02,1,event_secretgarden,char:103,345,468,,,,person:비스킷,5,기록 3 · 말함 278줄(26%) · 이름 26줄,말함 48줄(16%) · 이름 13줄,,,
prereq,game-condition,3,ep:d_nikke_flora_01,,ep:d_nikke_flora_02,,char:411,char:411,346,346,,,,,,,,,,condition_scenario_group_id
prereq,game-condition,3,ep:d_nikke_flora_02,,ep:d_nikke_flora_03,,char:411,char:411,346,346,,,,,,,,,,condition_scenario_group_id
prereq,game-condition,3,ep:d_nikke_flora_03,,ep:d_nikke_flora_04,,char:411,char:411,346,346,,,,,,,,,,condition_scenario_group_id
prereq,game-condition,3,ep:d_nikke_flora_04,,ep:d_nikke_flora_05,,char:411,char:411,346,346,,,,,,,,,,condition_scenario_group_id
character,auto,2,ep:d_nikke_flora_05,81,ep:d_nikke_ce005_01_01,4,char:411,char:834,346,364,,,,person:플로라,5,기록 3 · 말함 271줄(94%) · 이름 12줄,기록 1 · 말함 96줄(51%) · 이름 20줄,,,
character,game-condition,3,ep:d_nikke_flora_01,,fav:201901,,char:411,,346,,,,,,,,,,,애장품 소유: 플로라 (name_code 5126)
setup_payoff,record,3,event_icedragonsaga1_02_s,,event_icedragonsaga2_04_e,,event_icedragonsaga1,event_icedragonsaga1,347,347,E1402,암시,F1731,,,,,확실,확정,
setup_payoff,record,3,event_icedragonsaga2_01_s,,event_icedragonsaga2_04_e,,event_icedragonsaga1,event_icedragonsaga1,347,347,E1403,암시,F1731,,,,,확실,확정,
setup_payoff,record,3,event_icedragonsaga2_01_s,,event_icedragonsaga2_05_s,,event_icedragonsaga1,event_icedragonsaga1,347,347,E1404,암시,F1732,,,,,확실,확정,
setup_payoff,record,3,event_icedragonsaga1_04_e,,event_icedragonsaga2_06_e,,event_icedragonsaga1,event_icedragonsaga1,347,347,E1405,암시,F1735,,,,,확실,확정,
setup_payoff,record,3,event_icedragonsaga2_02_s,,event_icedragonsaga2_06_e,,event_icedragonsaga1,event_icedragonsaga1,347,347,E1406,암시,F1735,,,,,확실,확정,
setup_payoff,record,2,event_icedragonsaga1_06_s,,event_icedragonsaga2_05_s,,event_icedragonsaga1,event_icedragonsaga1,347,347,E1407,암시,F1733,,,,,추정,확정,
setup_payoff,record,3,event_icedragonsaga2_02_e,,event_icedragonsaga2_05_s,,event_icedragonsaga1,event_icedragonsaga1,347,347,E1408,암시,F1733,,,,,확실,확정,
setup_payoff,record,3,event_icedragonsaga2_03_e,,event_icedragonsaga2_05_s,,event_icedragonsaga1,event_icedragonsaga1,347,347,E1410,암시,F1732,,,,,확실,확정,
setup_payoff,record,3,event_icedragonsaga2_03_s,,event_icedragonsaga2_epilogue,,event_icedragonsaga1,event_icedragonsaga1,347,347,E1411,암시,F1736,,,,,확실,확정,
setup_payoff,record,2,event_icedragonsaga1_02_e,,event_icedragonsaga2_05_s,,event_icedragonsaga1,event_icedragonsaga1,347,347,E1414,암시,F1733,,,,,추정,확정,
character,auto,2,event_icedragonsaga2_epilogue,82,ep:d_nikke_maiden_icerose_01,8,event_icedragonsaga1,char:183,347,348,,,,person:메이든,6,기록 16 · 말함 576줄(23%) · 이름 129줄,말함 205줄(59%) · 이름 9줄,,,
character,auto,2,event_icedragonsaga2_epilogue,68,ep:d_nikke_guillotine_winterslayer_01,4,event_icedragonsaga1,char:182,347,349,,,,person:길로틴,6,기록 25 · 말함 902줄(36%) · 이름 205줄,기록 2 · 말함 169줄(47%) · 이름 26줄,,,
character,auto,2,event_icedragonsaga2_epilogue,14,event_footstepwalkrun2_06_s,21,event_icedragonsaga1,event_footstepwalkrun1,347,350,,,,person:잉그리드,37,기록 13 · 말함 196줄(8%) · 이름 19줄,기록 4 · 말함 119줄(6%) · 이름 1줄,,,
keyword,auto,1,event_icedragonsaga2_05_e,71,event_footstepwalkrun1_01_s,6,event_icedragonsaga1,event_footstepwalkrun1,347,350,,,,concept:니케,186,이름 29줄,기록 4 · 이름 78줄,,,흔한 대상
keyword,auto,1,event_icedragonsaga2_06_e,6,event_footstepwalkrun1_01_s,1,event_icedragonsaga1,event_footstepwalkrun1,347,350,,,,concept:랩쳐,142,이름 15줄,기록 1 · 이름 43줄,,,흔한 대상
keyword,auto,1,event_icedragonsaga2_epilogue,12,event_footstepwalkrun1_01_s,0,event_icedragonsaga1,event_footstepwalkrun1,347,350,,,,org:중앙_정부,67,기록 1 · 이름 18줄,기록 5 · 이름 12줄,,,흔한 대상
keyword,auto,1,event_icedragonsaga2_05_e,14,event_footstepwalkrun1_prologue,0,event_icedragonsaga1,event_footstepwalkrun1,347,350,,,,place:방주,171,이름 17줄,기록 3 · 이름 44줄,,,흔한 대상
character,auto,2,event_icedragonsaga2_epilogue,79,event_romanticvalentine_prologue,0,event_icedragonsaga1,event_romanticvalentine,347,355,,,,person:트로니,11,기록 2 · 이름 12줄,기록 3 · 말함 182줄(16%) · 이름 27줄,,,
keyword,auto,2,event_icedragonsaga2_05_s,121,event_arcanearchive_prologue,28,event_icedragonsaga1,event_arcanearchive,347,383,,,,concept:기억_소거,9,기록 2 · 이름 5줄,기록 3 · 이름 16줄,,,
character,auto,2,event_icedragonsaga2_epilogue,79,event_ce006_1_intermission_01,26,event_icedragonsaga1,event_ce006,347,387,,,,person:일레그,14,기록 2 · 이름 12줄,기록 3 · 말함 175줄(5%) · 이름 22줄,,,
prereq,game-condition,3,ep:d_nikke_maiden_icerose_01,,ep:d_nikke_maiden_icerose_02,,char:183,char:183,348,348,,,,,,,,,,condition_scenario_group_id
prereq,game-condition,3,ep:d_nikke_maiden_icerose_02,,ep:d_nikke_maiden_icerose_03,,char:183,char:183,348,348,,,,,,,,,,condition_scenario_group_id
prereq,game-condition,3,ep:d_nikke_maiden_icerose_03,,ep:d_nikke_maiden_icerose_04,,char:183,char:183,348,348,,,,,,,,,,condition_scenario_group_id
prereq,game-condition,3,ep:d_nikke_maiden_icerose_04,,ep:d_nikke_maiden_icerose_05,,char:183,char:183,348,348,,,,,,,,,,condition_scenario_group_id
character,auto,2,ep:d_nikke_maiden_icerose_04,94,d_main_35bf_07,26,char:183,ch35,348,358,,,,person:맥스웰,15,말함 57줄(16%) · 이름 8줄,기록 4 · 말함 251줄(17%) · 이름 9줄,,,
prereq,game-condition,3,ep:d_nikke_guillotine_winterslayer_01,,ep:d_nikke_guillotine_winterslayer_02,,char:182,char:182,349,349,,,,,,,,,,condition_scenario_group_id
prereq,game-condition,3,ep:d_nikke_guillotine_winterslayer_02,,ep:d_nikke_guillotine_winterslayer_03,,char:182,char:182,349,349,,,,,,,,,,condition_scenario_group_id
prereq,game-condition,3,ep:d_nikke_guillotine_winterslayer_03,,ep:d_nikke_guillotine_winterslayer_04,,char:182,char:182,349,349,,,,,,,,,,condition_scenario_group_id
prereq,game-condition,3,ep:d_nikke_guillotine_winterslayer_04,,ep:d_nikke_guillotine_winterslayer_05,,char:182,char:182,349,349,,,,,,,,,,condition_scenario_group_id
character,auto,2,ep:d_nikke_guillotine_winterslayer_05,45,d_main_35bf_07,10,char:182,ch35,349,358,,,,person:라플라스,13,말함 57줄(16%) · 이름 15줄,기록 2 · 말함 94줄(6%) · 이름 9줄,,,
character,auto,2,ep:d_nikke_guillotine_winterslayer_04,32,fl:absolute_00,34,char:182,fl:absolute,349,400,,,,person:베스티,8,말함 37줄(10%) · 이름 2줄,기록 14 · 말함 385줄(19%) · 이름 136줄,,,
setup_payoff,record,3,event_footstepwalkrun1_01_s,,event_footstepwalkrun2_03_e,,event_footstepwalkrun1,event_footstepwalkrun1,350,350,E555,암시,F1758,,,,,확실,확정,
setup_payoff,record,3,event_footstepwalkrun1_03_s,,event_footstepwalkrun2_06_s,,event_footstepwalkrun1,event_footstepwalkrun1,350,350,E557,암시,F1762,,,,,확실,확정,
setup_payoff,record,2,event_footstepwalkrun1_03_s,,event_footstepwalkrun2_epilogue,,event_footstepwalkrun1,event_footstepwalkrun1,350,350,E558,암시,F1765,,,,,추정,확정,
setup_payoff,record,2,event_footstepwalkrun1_intermission_01,,event_footstepwalkrun2_06_e,,event_footstepwalkrun1,event_footstepwalkrun1,350,350,E559,암시,F1763,,,,,추정,확정,
setup_payoff,record,2,event_footstepwalkrun1_04_s,,event_footstepwalkrun2_03_e,,event_footstepwalkrun1,event_footstepwalkrun1,350,350,E560,암시,F1758,,,,,추정,확정,
setup_payoff,record,3,event_footstepwalkrun1_04_s,,event_footstepwalkrun2_03_e,,event_footstepwalkrun1,event_footstepwalkrun1,350,350,E561,암시,F1758,,,,,확실,확정,
setup_payoff,record,2,event_footstepwalkrun1_05_s,,event_footstepwalkrun2_03_e,,event_footstepwalkrun1,event_footstepwalkrun1,350,350,E562,암시,F1758,,,,,추정,확정,
setup_payoff,record,2,event_footstepwalkrun1_05_s,,event_footstepwalkrun2_06_e,,event_footstepwalkrun1,event_footstepwalkrun1,350,350,E562,암시,F1764,,,,,추정,확정,
setup_payoff,record,3,event_footstepwalkrun2_02_e,,event_footstepwalkrun2_06_e,,event_footstepwalkrun1,event_footstepwalkrun1,350,350,E566,암시,F1764,,,,,확실,확정,
setup_payoff,record,2,event_footstepwalkrun2_03_s,,event_footstepwalkrun2_intermission_01,,event_footstepwalkrun1,event_footstepwalkrun1,350,350,E567,암시,F1755,,,,,추정,확정,
setup_payoff,record,3,event_footstepwalkrun2_04_s,,event_footstepwalkrun2_06_e,,event_footstepwalkrun1,event_footstepwalkrun1,350,350,E570,암시,F1764,,,,,확실,확정,
callback,record,2,event_footstepwalkrun1_01_e,,event_footstepwalkrun1_02_e,,event_footstepwalkrun1,event_footstepwalkrun1,350,350,E556,재언급,F1740,,,,,추정,확정,
callback,record,3,event_footstepwalkrun1_04_e,,event_footstepwalkrun2_05_s,,event_footstepwalkrun1,event_footstepwalkrun1,350,350,E572,재언급,F1745,,,,,확실,확정,
character,auto,1,event_footstepwalkrun2_epilogue,59,ep:d_nikke_rapi_redhood_01,1,event_footstepwalkrun1,char:16,350,352,,,,person:라피,85,기록 43 · 말함 736줄(39%) · 이름 200줄,기록 3 · 말함 264줄(74%) · 이름 67줄,,,흔한 대상
character,auto,1,event_footstepwalkrun2_epilogue,57,ep:d_nikke_rapi_redhood_01,72,event_footstepwalkrun1,char:16,350,352,,,,person:아니스,119,기록 3 · 말함 57줄(3%) · 이름 4줄,말함 48줄(13%) · 이름 6줄,,,흔한 대상
keyword,auto,1,event_footstepwalkrun2_epilogue,36,event_wisdomspring_01_s,28,event_footstepwalkrun1,event_wisdomspring,350,353,,,,concept:니케,186,기록 4 · 이름 78줄,기록 2 · 이름 29줄,,,흔한 대상
keyword,auto,1,event_footstepwalkrun2_epilogue,38,event_wisdomspring_01_s,51,event_footstepwalkrun1,event_wisdomspring,350,353,,,,place:방주,171,기록 3 · 이름 44줄,기록 3 · 이름 19줄,,,흔한 대상
keyword,auto,1,event_footstepwalkrun2_epilogue,37,event_wisdomspring_01_s,11,event_footstepwalkrun1,event_wisdomspring,350,353,,,,place:지상,132,이름 46줄,이름 7줄,,,흔한 대상
callback,record,2,event_footstepwalkrun2_06_e,,d_main_35bf_01,,event_footstepwalkrun1,ch35,350,358,E585,재언급,F1764,,,,,추정,확정,
character,auto,2,event_footstepwalkrun2_06_e,64,d_main_35bf_01,2,event_footstepwalkrun1,ch35,350,358,,,,person:잉그리드,37,기록 4 · 말함 119줄(6%) · 이름 1줄,기록 6 · 말함 123줄(8%) · 이름 5줄,,,
keyword,auto,1,event_footstepwalkrun2_06_s,68,d_main_35bf_03,120,event_footstepwalkrun1,ch35,350,358,,,,concept:랩쳐,142,기록 1 · 이름 43줄,기록 2 · 이름 34줄,,,흔한 대상
keyword,auto,2,event_footstepwalkrun2_epilogue,48,d_main_35bf_03,29,event_footstepwalkrun1,ch35,350,358,,,,org:앱솔루트,15,기록 3 · 이름 4줄,이름 5줄,,,
keyword,auto,2,event_footstepwalkrun2_06_e,0,d_main_35bf_01,0,event_footstepwalkrun1,ch35,350,358,,,,org:엘리시온,17,기록 1 · 이름 7줄,기록 2 · 이름 6줄,,,
keyword,auto,1,event_footstepwalkrun2_06_s,90,event_foolburstday_01,44,event_footstepwalkrun1,event_foolburstday,350,369,,,,org:중앙_정부,67,기록 5 · 이름 12줄,기록 2 · 이름 12줄,,,흔한 대상
keyword,auto,2,event_footstepwalkrun2_06_e,31,event_arcanearchive_05_s,85,event_footstepwalkrun1,event_arcanearchive,350,383,,,,org:갓데스,30,기록 3 · 이름 9줄,기록 6 · 이름 17줄,,,
keyword,auto,2,event_footstepwalkrun2_06_s,146,event_ce006_3_03_s,1,event_footstepwalkrun1,event_ce006,350,387,,,,concept:양산형_니케,26,기록 4 · 이름 22줄,기록 3 · 이름 6줄,,,
character,auto,2,event_footstepwalkrun2_06_e,94,fl:boom_the_ghost_02,33,event_footstepwalkrun1,fl:boom_the_ghost,350,393,,,,person:레드_후드,26,기록 18 · 말함 454줄(24%) · 이름 65줄,기록 2 · 이름 15줄,,,
setup_payoff,record,2,event_footstepwalkrun2_intermission_01,,d_main_39_07,,event_footstepwalkrun1,ch39,350,396,E569,암시,F2051,,,,,추정,확정,
setup_payoff,record,3,event_footstepwalkrun2_intermission_01,,d_main_39_07,,event_footstepwalkrun1,ch39,350,396,Q223-2,회수,Q223,,,,,확실,확정,일부 · 답 F2052
callback,record,3,event_footstepwalkrun1_06_s,,d_main_39_af_07,,event_footstepwalkrun1,ch39,350,396,E808,재언급,F1748,,,,,확실,확정,
character,auto,2,event_footstepwalkrun2_intermission_01,174,d_main_39_07,19,event_footstepwalkrun1,ch39,350,396,,,,person:D.E.E.P.,4,기록 6 · 말함 74줄(4%) · 이름 6줄,기록 3 · 이름 2줄,,,
character,auto,2,event_footstepwalkrun1_06_s,221,d_main_39_af_06,107,event_footstepwalkrun1,ch39,350,396,,,,person:프리티,8,기록 2 · 이름 16줄,기록 3 · 이름 5줄,,,
setup_payoff,record,2,event_footstepwalkrun2_intermission_01,,d_main_40_03,,event_footstepwalkrun1,ch40,350,398,E569,암시,Q262,,,,,추정,확정,
callback,record,3,event_footstepwalkrun1_06_s,,d_main_40_af_03,,event_footstepwalkrun1,ch40,350,398,E824,재언급,F1748,,,,,확실,확정,
keyword,auto,2,event_footstepwalkrun2_01_s,15,fl:absolute_00,21,event_footstepwalkrun1,fl:absolute,350,400,,,,concept:에블라_입자,9,기록 1 · 이름 5줄,기록 1 · 이름 6줄,,,
keyword,auto,2,event_footstepwalkrun2_06_e,52,ep:d_nikke_eunhwa_tactical_01,41,event_footstepwalkrun1,char:95,350,402,,,,concept:NIMPH,24,기록 4 · 이름 7줄,기록 1 · 이름 8줄,,,
keyword,auto,2,event_footstepwalkrun1_06_e,21,fl:coins_in_rush_01,77,event_footstepwalkrun1,fl:coins_in_rush,350,404,,,,org:테트라,13,기록 2 · 이름 6줄,기록 3 · 이름 10줄,,,
setup_payoff,record,2,event_footstepwalkrun2_intermission_01,,d_main_41_af_03,,event_footstepwalkrun1,ch41,350,414,E568,암시,F2204,,,,,추정,확정,
setup_payoff,record,2,event_footstepwalkrun2_06_s,,d_main_42_02,,event_footstepwalkrun1,ch42,350,416,E573,암시,Q240,,,,,추정,확정,
callback,record,3,event_footstepwalkrun1_06_s,,d_main_42_af_06,,event_footstepwalkrun1,ch42,350,416,E919,재언급,F1748,,,,,확실,확정,
keyword,auto,2,event_footstepwalkrun2_epilogue,37,erelic:goddess_fall_mini_02,31,event_footstepwalkrun1,erelic:goddess_fall_mini,350,419,,,,concept:지상_탈환,9,이름 22줄,기록 1 · 이름 19줄,,,
keyword,auto,2,event_footstepwalkrun2_06_s,90,erelic:goddess_fall_mini_03,24,event_footstepwalkrun1,erelic:goddess_fall_mini,350,419,,,,incident:2차_지상_탈환전,5,기록 4 · 이름 24줄,기록 5 · 이름 18줄,,,
keyword,auto,2,event_footstepwalkrun2_06_s,79,fl:ark_guardian_12,158,event_footstepwalkrun1,fl:ark_guardian,350,428,,,,concept:침식,21,기록 4 · 이름 15줄,이름 5줄,,,
callback,record,3,event_footstepwalkrun1_06_s,,side:pretty_star_13,,event_footstepwalkrun1,side:pretty_star,350,447,F1748-2,드러냄,F1748,,,,,확실,확정,
callback,record,3,event_footstepwalkrun2_intermission_01,,d_main_45_11,,event_footstepwalkrun1,ch45,350,450,E1093,재언급,F1755,,,,,확실,확정,
callback,record,3,event_footstepwalkrun2_intermission_01,,d_main_45_04,,event_footstepwalkrun1,ch45,350,450,F1755-2,드러냄,F1755,,,,,확실,확정,
keyword,auto,2,event_footstepwalkrun2_intermission_01,164,d_main_45_04,2,event_footstepwalkrun1,ch45,350,450,,,,item:초거대_코어,3,기록 3 · 이름 5줄,기록 5 · 이름 4줄,,,
keyword,auto,2,event_footstepwalkrun2_intermission_01,90,relic:신에게닿기위한탑_00,0,event_footstepwalkrun1,relic:신에게닿기위한탑,350,451,,,,place:궤도_엘리베이터,11,기록 2 · 이름 8줄,기록 3 · 이름 2줄,,,
callback,record,3,event_footstepwalkrun2_intermission_01,,d_main_46_06,,event_footstepwalkrun1,ch46,350,452,F1755-3,드러냄,F1755,,,,,확실,확정,
setup_payoff,record,3,event_footstepwalkrun2_epilogue,,event_staranis2_05_e,,event_footstepwalkrun1,event_staranis1,350,454,E576,암시,F2705,,,,,확실,확정,
character,auto,2,event_footstepwalkrun2_06_s,93,fl:project_matis_01,86,event_footstepwalkrun1,fl:project_matis,350,467,,,,person:샛별,4,기록 2 · 이름 3줄,기록 2 · 이름 1줄,,,
character,auto,2,event_outofuniform_06,78,fl:2x2_love_2ch_01,16,event_outofuniform,fl:2x2_love_2ch,351,445,,,,person:아인,7,기록 1 · 말함 189줄(34%) · 이름 20줄,기록 3 · 말함 398줄(11%) · 이름 31줄,,,
character,auto,2,event_outofuniform_06,75,fl:2x2_love_2ch_01,18,event_outofuniform,fl:2x2_love_2ch,351,445,,,,person:츠바이,7,기록 2 · 말함 121줄(22%) · 이름 19줄,기록 2 · 말함 219줄(6%) · 이름 18줄,,,
keyword,auto,2,event_outofuniform_05,92,fl:b-side_idol_03,19,event_outofuniform,fl:b-side_idol,351,458,,,,place:전초기지,13,기록 1 · 이름 5줄,기록 1 · 이름 10줄,,,
character,auto,2,event_outofuniform_06,70,fl:wave_to_you_00,5,event_outofuniform,fl:wave_to_you,351,464,,,,person:나가,6,말함 114줄(21%) · 이름 15줄,기록 15 · 말함 270줄(11%) · 이름 53줄,,,
prereq,game-condition,3,ep:d_nikke_rapi_redhood_01,,ep:d_nikke_rapi_redhood_02,,char:16,char:16,352,352,,,,,,,,,,condition_scenario_group_id
prereq,game-condition,3,ep:d_nikke_rapi_redhood_02,,ep:d_nikke_rapi_redhood_03,,char:16,char:16,352,352,,,,,,,,,,condition_scenario_group_id
prereq,game-condition,3,ep:d_nikke_rapi_redhood_03,,ep:d_nikke_rapi_redhood_04,,char:16,char:16,352,352,,,,,,,,,,condition_scenario_group_id
prereq,game-condition,3,ep:d_nikke_rapi_redhood_04,,ep:d_nikke_rapi_redhood_05,,char:16,char:16,352,352,,,,,,,,,,condition_scenario_group_id
character,auto,1,ep:d_nikke_rapi_redhood_05,83,d_main_35bf_01,1,char:16,ch35,352,358,,,,person:라피,85,기록 3 · 말함 264줄(74%) · 이름 67줄,기록 13 · 말함 252줄(17%) · 이름 26줄,,,흔한 대상
character,auto,1,ep:d_nikke_rapi_redhood_04,103,d_main_35bf_01,7,char:16,ch35,352,358,,,,person:아니스,119,말함 48줄(13%) · 이름 6줄,기록 7 · 말함 126줄(9%) · 이름 28줄,,,흔한 대상
setup_payoff,record,2,event_wisdomspring_02_s,,event_wisdomspring_epilogue,,event_wisdomspring,event_wisdomspring,353,353,E578,암시,F1776,,,,,추정,확정,
setup_payoff,record,3,event_wisdomspring_02_e,,event_wisdomspring_03_e,,event_wisdomspring,event_wisdomspring,353,353,E579,암시,F1771,,,,,확실,확정,
setup_payoff,record,3,event_wisdomspring_03_s,,event_wisdomspring_04_s,,event_wisdomspring,event_wisdomspring,353,353,E580,암시,F1773,,,,,확실,확정,
character,auto,2,event_wisdomspring_epilogue,113,ep:d_nikke_mana_01,28,event_wisdomspring,char:290,353,354,,,,person:마나,12,기록 8 · 말함 337줄(50%) · 이름 58줄,기록 5 · 말함 167줄(75%) · 이름 37줄,,,
character,auto,2,event_wisdomspring_epilogue,112,ep:d_nikke_mana_01,11,event_wisdomspring,char:290,353,354,,,,person:에테르,12,기록 9 · 말함 204줄(30%) · 이름 28줄,말함 30줄(13%) · 이름 8줄,,,
keyword,auto,1,event_wisdomspring_06_e,51,ep:d_nikke_mana_03,75,event_wisdomspring,char:290,353,354,,,,concept:니케,186,기록 2 · 이름 29줄,이름 5줄,,,흔한 대상
keyword,auto,2,event_wisdomspring_epilogue,89,ep:d_nikke_mana_02,13,event_wisdomspring,char:290,353,354,,,,org:M.M.R.,12,기록 8 · 이름 32줄,기록 1 · 이름 5줄,,,
keyword,auto,1,event_wisdomspring_epilogue,98,event_romanticvalentine_prologue,17,event_wisdomspring,event_romanticvalentine,353,355,,,,place:방주,171,기록 3 · 이름 19줄,이름 8줄,,,흔한 대상
keyword,auto,1,event_wisdomspring_epilogue,60,event_romanticvalentine_prologue,2,event_wisdomspring,event_romanticvalentine,353,355,,,,place:지상,132,이름 7줄,이름 9줄,,,흔한 대상
character,auto,2,event_wisdomspring_epilogue,68,event_unbreakablesphere1_prologue,61,event_wisdomspring,event_unbreakablesphere1,353,377,,,,person:지엔,7,기록 9 · 말함 90줄(13%) · 이름 12줄,기록 10 · 말함 192줄(6%) · 이름 17줄,,,
callback,record,3,event_wisdomspring_01_s,,d_main_39_11,,event_wisdomspring,ch39,353,396,F1772-2,드러냄,F1772,,,,,확실,확정,
setup_payoff,record,2,event_wisdomspring_06_s,,d_main_40_02,,event_wisdomspring,ch40,353,398,E582,암시,Q225,,,,,추정,확정,
setup_payoff,record,3,event_wisdomspring_05_e,,d_main_40_02,,event_wisdomspring,ch40,353,398,Q225-2,회수,Q225,,,,,확실,확정,일부 · 답 F2071
setup_payoff,record,2,event_wisdomspring_04_s,,d_main_41_af_03,,event_wisdomspring,ch41,353,414,E581,암시,F2204,,,,,추정,확정,
setup_payoff,record,3,event_wisdomspring_06_s,,d_main_41_af_03,,event_wisdomspring,ch41,353,414,Q226-2,회수,Q226,,,,,확실,확정,일부 · 답 F2204
setup_payoff,record,2,event_wisdomspring_04_s,,d_main_43_15,,event_wisdomspring,ch43,353,434,E581,암시,F2412,,,,,추정,확정,
callback,record,2,event_wisdomspring_05_e,,fl:2x2_love_1ch_05,,event_wisdomspring,fl:2x2_love_1ch,353,444,E1486,재언급,Q225,,,,,추정,확정,
callback,record,3,event_wisdomspring_05_e,,fl:2x2_love_1ch_06,,event_wisdomspring,fl:2x2_love_1ch,353,444,E1487,재언급,Q225,,,,,확실,확정,
callback,record,2,event_wisdomspring_05_e,,fl:2x2_love_1ch_27,,event_wisdomspring,fl:2x2_love_1ch,353,444,E1500,재언급,Q225,,,,,추정,확정,
callback,record,2,event_wisdomspring_05_e,,fl:2x2_love_2ch_15,,event_wisdomspring,fl:2x2_love_2ch,353,445,E1511,재언급,Q225,,,,,추정,확정,
setup_payoff,record,2,event_wisdomspring_06_s,,fl:good_world_12,,event_wisdomspring,fl:good_world,353,448,E582,암시,Q225,,,,,추정,확정,
setup_payoff,record,3,event_wisdomspring_05_e,,fl:good_world_12,,event_wisdomspring,fl:good_world,353,448,Q225-3,회수,Q225,,,,,확실,확정,일부 · 답 F2568
callback,record,3,event_wisdomspring_04_s,,fl:good_world_04,,event_wisdomspring,fl:good_world,353,448,E1069,재언급,F1773,,,,,확실,확정,
callback,record,3,event_wisdomspring_04_s,,fl:good_world_11,,event_wisdomspring,fl:good_world,353,448,E1074,재언급,F1773,,,,,확실,확정,
callback,record,3,event_wisdomspring_epilogue,,fl:good_world_11,,event_wisdomspring,fl:good_world,353,448,E1075,재언급,F1776,,,,,확실,확정,
keyword,auto,2,event_wisdomspring_epilogue,79,fl:good_world_04,77,event_wisdomspring,fl:good_world,353,448,,,,concept:PROJECT_A.D.,2,기록 6 · 이름 4줄,기록 5 · 이름 9줄,,,
setup_payoff,record,2,event_wisdomspring_06_s,,d_main_45_04,,event_wisdomspring,ch45,353,450,E583,암시,F2581,,,,,추정,확정,
callback,record,3,event_wisdomspring_05_e,,d_main_48_07,,event_wisdomspring,ch48,353,472,E1240,재언급,Q225,,,,,확실,확정,
prereq,game-condition,3,ep:d_nikke_mana_01,,ep:d_nikke_mana_02,,char:290,char:290,354,354,,,,,,,,,,condition_scenario_group_id
prereq,game-condition,3,ep:d_nikke_mana_02,,ep:d_nikke_mana_03,,char:290,char:290,354,354,,,,,,,,,,condition_scenario_group_id
prereq,game-condition,3,ep:d_nikke_mana_03,,ep:d_nikke_mana_04,,char:290,char:290,354,354,,,,,,,,,,condition_scenario_group_id
prereq,game-condition,3,ep:d_nikke_mana_04,,ep:d_nikke_mana_05,,char:290,char:290,354,354,,,,,,,,,,condition_scenario_group_id
keyword,auto,1,ep:d_nikke_mana_04,52,event_romanticvalentine_prologue,32,char:290,event_romanticvalentine,354,355,,,,concept:니케,186,이름 5줄,이름 8줄,,,흔한 대상
character,auto,2,ep:d_nikke_mana_04,28,d_main_35bf_07,64,char:290,ch35,354,358,,,,person:슈엔,30,기록 2 · 이름 6줄,기록 8 · 이름 24줄,,,
character,auto,2,ep:d_nikke_mana_05,79,fl:for_rest_01,47,char:290,fl:for_rest,354,365,,,,person:마나,12,기록 5 · 말함 167줄(75%) · 이름 37줄,기록 2 · 말함 38줄(4%) · 이름 1줄,,,
character,auto,2,ep:d_nikke_mana_02,50,d_main_41_af_03,0,char:290,ch41,354,414,,,,person:에테르,12,말함 30줄(13%) · 이름 8줄,기록 2 · 말함 35줄(2%) · 이름 5줄,,,
keyword,auto,2,ep:d_nikke_mana_05,54,d_main_41_af_03,0,char:290,ch41,354,414,,,,org:M.M.R.,12,기록 1 · 이름 5줄,기록 3 · 이름 1줄,,,
character,auto,2,event_romanticvalentine_epilogue,85,ep:d_nikke_mast_romanticmaid_01,5,event_romanticvalentine,char:354,355,356,,,,person:마스트,9,기록 1 · 말함 338줄(30%) · 이름 35줄,기록 3 · 말함 253줄(90%) · 이름 60줄,,,
character,auto,2,event_romanticvalentine_epilogue,84,ep:d_nikke_anchor_innocentmaid_02,32,event_romanticvalentine,char:355,355,357,,,,person:신,4,기록 3 · 말함 157줄(14%) · 이름 22줄,말함 33줄(11%) · 이름 2줄,,,
character,auto,2,event_romanticvalentine_06_e,7,d_main_35bf_02,17,event_romanticvalentine,ch35,355,358,,,,person:머스탱,27,기록 2 · 말함 20줄(2%) · 이름 3줄,기록 4 · 말함 46줄(3%) · 이름 8줄,,,
keyword,auto,1,event_romanticvalentine_06_e,19,d_main_35bf_02,35,event_romanticvalentine,ch35,355,358,,,,concept:니케,186,이름 8줄,이름 17줄,,,흔한 대상
keyword,auto,1,event_romanticvalentine_epilogue,77,d_main_35bf_01,29,event_romanticvalentine,ch35,355,358,,,,place:방주,171,이름 8줄,기록 1 · 이름 23줄,,,흔한 대상
keyword,auto,1,event_romanticvalentine_epilogue,77,d_main_35bf_02,26,event_romanticvalentine,ch35,355,358,,,,place:지상,132,이름 9줄,기록 1 · 이름 16줄,,,흔한 대상
character,auto,2,event_romanticvalentine_epilogue,95,ep:d_nikke_ce005_02_01,16,event_romanticvalentine,char:835,355,363,,,,person:트로니,11,기록 3 · 말함 182줄(16%) · 이름 27줄,기록 1 · 말함 54줄(21%) · 이름 15줄,,,
keyword,auto,2,event_romanticvalentine_03_e,141,d_main_37_02_s,45,event_romanticvalentine,ch37,355,373,,,,place:어드마이어_호,9,이름 8줄,기록 2 · 이름 35줄,,,
callback,record,3,event_romanticvalentine_02_s,,fl:lie_cause_recoil_04,,event_romanticvalentine,fl:lie_cause_recoil,355,438,E1471,재언급,F1782,,,,,확실,확정,
prereq,game-condition,3,ep:d_nikke_mast_romanticmaid_01,,ep:d_nikke_mast_romanticmaid_02,,char:354,char:354,356,356,,,,,,,,,,condition_scenario_group_id
prereq,game-condition,3,ep:d_nikke_mast_romanticmaid_02,,ep:d_nikke_mast_romanticmaid_03,,char:354,char:354,356,356,,,,,,,,,,condition_scenario_group_id
prereq,game-condition,3,ep:d_nikke_mast_romanticmaid_03,,ep:d_nikke_mast_romanticmaid_04,,char:354,char:354,356,356,,,,,,,,,,condition_scenario_group_id
prereq,game-condition,3,ep:d_nikke_mast_romanticmaid_04,,ep:d_nikke_mast_romanticmaid_05,,char:354,char:354,356,356,,,,,,,,,,condition_scenario_group_id
character,auto,2,ep:d_nikke_mast_romanticmaid_05,107,ep:d_nikke_anchor_innocentmaid_01,13,char:354,char:355,356,357,,,,person:마스트,9,기록 3 · 말함 253줄(90%) · 이름 60줄,기록 2 · 말함 45줄(16%) · 이름 5줄,,,
prereq,game-condition,3,ep:d_nikke_anchor_innocentmaid_01,,ep:d_nikke_anchor_innocentmaid_02,,char:355,char:355,357,357,,,,,,,,,,condition_scenario_group_id
prereq,game-condition,3,ep:d_nikke_anchor_innocentmaid_02,,ep:d_nikke_anchor_innocentmaid_03,,char:355,char:355,357,357,,,,,,,,,,condition_scenario_group_id
prereq,game-condition,3,ep:d_nikke_anchor_innocentmaid_03,,ep:d_nikke_anchor_innocentmaid_04,,char:355,char:355,357,357,,,,,,,,,,condition_scenario_group_id
prereq,game-condition,3,ep:d_nikke_anchor_innocentmaid_04,,ep:d_nikke_anchor_innocentmaid_05,,char:355,char:355,357,357,,,,,,,,,,condition_scenario_group_id
character,auto,2,ep:d_nikke_anchor_innocentmaid_04,18,ep:d_nikke_ade_agentbunny_01,1,char:355,char:315,357,405,,,,person:코코아,10,기록 1 · 말함 29줄(10%) · 이름 2줄,기록 1 · 말함 33줄(12%) · 이름 10줄,,,
character,auto,2,ep:d_nikke_anchor_innocentmaid_05,77,fl:lie_cause_recoil_03,12,char:355,fl:lie_cause_recoil,357,438,,,,person:마스트,9,기록 2 · 말함 45줄(16%) · 이름 5줄,기록 2 · 말함 45줄(2%) · 이름 7줄,,,
character,auto,2,ep:d_nikke_anchor_innocentmaid_05,85,ep:d_nikke_sin_swiftbunny_01,8,char:355,char:405,357,481,,,,person:신,4,말함 33줄(11%) · 이름 2줄,기록 4 · 말함 141줄(69%) · 이름 39줄,,,
setup_payoff,record,2,d_main_35bf_02,,d_main_35_04,,ch35,ch35,358,358,E587,암시,F1798,,,,,추정,확정,
setup_payoff,record,3,d_main_35bf_07,,d_main_35_04,,ch35,ch35,358,358,E597,암시,F1798,,,,,확실,확정,
setup_payoff,record,3,d_main_35_08_e,,relic:알관련전달사항_02,,ch35,relic:알관련전달사항,358,359,Q229-2,회수,Q229,,,,,확실,확정,일부 · 답 F1806
keyword,auto,2,d_main_35_09_e,89,relic:알관련전달사항_00,0,ch35,relic:알관련전달사항,358,359,,,,concept:다크_매터,18,기록 4 · 이름 24줄,기록 2 · 이름 1줄,,,
keyword,auto,2,d_main_35_08_e,108,relic:알관련전달사항_00,1,ch35,relic:알관련전달사항,358,359,,,,org:포비스트,20,기록 4 · 이름 8줄,기록 2 · 이름 2줄,,,
sequel,auto,3,d_main_35_09_e,,d_main_36_01,,ch35,ch36,358,360,,,,,,,,,,다음 챕터
setup_payoff,record,2,d_main_35_05_s,,d_main_36_07_s,,ch35,ch36,358,360,E603,암시,F1815,,,,,추정,확정,
setup_payoff,record,3,d_main_35_09_s,,d_main_36_09_e,,ch35,ch36,358,360,E612,암시,F1820,,,,,확실,확정,
setup_payoff,record,3,d_main_35_08_e,,d_main_36_02,,ch35,ch36,358,360,Q229-3,회수,Q229,,,,,확실,확정,전부 · 답 F1808
character,auto,2,d_main_35_09_e,95,d_main_36_02,1,ch35,ch36,358,360,,,,person:그레이브,23,기록 10 · 말함 114줄(8%) · 이름 16줄,기록 4 · 말함 54줄(6%) · 이름 5줄,,,
character,auto,1,d_main_35_04,124,d_main_36_04,11,ch35,ch36,358,360,,,,person:네온,55,기록 4 · 말함 70줄(5%) · 이름 14줄,기록 2 · 말함 70줄(7%) · 이름 6줄,,,흔한 대상
character,auto,2,d_main_35_09_e,91,d_main_36_01,1,ch35,ch36,358,360,,,,person:라플라스,13,기록 2 · 말함 94줄(6%) · 이름 9줄,기록 4 · 말함 57줄(6%) · 이름 14줄,,,
character,auto,1,d_main_35_09_e,98,d_main_36_01,51,ch35,ch36,358,360,,,,person:라피,85,기록 13 · 말함 252줄(17%) · 이름 26줄,기록 5 · 말함 80줄(8%) · 이름 4줄,,,흔한 대상
character,auto,2,d_main_35_09_e,97,d_main_36_01,0,ch35,ch36,358,360,,,,person:레비아탄,19,기록 11 · 말함 47줄(3%) · 이름 21줄,기록 15 · 말함 325줄(33%) · 이름 28줄,,,
character,auto,2,d_main_35_08_e,105,d_main_36_01,39,ch35,ch36,358,360,,,,person:베히모스,14,기록 2 · 이름 9줄,기록 7 · 이름 31줄,,,
character,auto,2,d_main_35_07,83,d_main_36_02,25,ch35,ch36,358,360,,,,person:세이렌,14,기록 3 · 이름 13줄,기록 4 · 이름 15줄,,,
character,auto,2,d_main_35_09_s,41,d_main_36_04,97,ch35,ch36,358,360,,,,person:슈엔,30,기록 8 · 이름 24줄,기록 2 · 이름 10줄,,,
character,auto,2,d_main_35_09_e,94,d_main_36_01,10,ch35,ch36,358,360,,,,person:신데렐라,26,기록 10 · 말함 180줄(12%) · 이름 49줄,기록 4 · 말함 106줄(11%) · 이름 33줄,,,
character,auto,1,d_main_35_04,126,d_main_36_04,2,ch35,ch36,358,360,,,,person:아니스,119,기록 7 · 말함 126줄(9%) · 이름 28줄,기록 4 · 말함 83줄(8%) · 이름 13줄,,,흔한 대상
keyword,auto,1,d_main_35_08_e,66,d_main_36_02,90,ch35,ch36,358,360,,,,concept:니케,186,이름 17줄,이름 13줄,,,흔한 대상
keyword,auto,1,d_main_35_09_s,8,d_main_36_02,90,ch35,ch36,358,360,,,,concept:랩쳐,142,기록 2 · 이름 34줄,이름 23줄,,,흔한 대상
keyword,auto,2,d_main_35_09_e,93,d_main_36_01,1,ch35,ch36,358,360,,,,concept:헬레틱,40,기록 1 · 이름 23줄,기록 1 · 이름 9줄,,,
keyword,auto,2,d_main_35_09_e,38,d_main_36_02,10,ch35,ch36,358,360,,,,org:메티스,21,기록 8 · 이름 14줄,기록 2 · 이름 3줄,,,
keyword,auto,2,d_main_35_04,83,d_main_36_08_s,45,ch35,ch36,358,360,,,,org:카운터스,32,기록 2 · 이름 2줄,기록 2 · 이름 3줄,,,
keyword,auto,1,d_main_35_07,29,d_main_36_04,0,ch35,ch36,358,360,,,,place:방주,171,기록 1 · 이름 23줄,기록 1 · 이름 15줄,,,흔한 대상
keyword,auto,1,d_main_35_07,29,fl:for_rest_00,28,ch35,fl:for_rest,358,365,,,,place:지상,132,기록 1 · 이름 16줄,이름 26줄,,,흔한 대상
character,auto,2,d_main_35bf_07,6,event_newflavor_04_s,1,ch35,event_newflavor,358,367,,,,person:엔더슨,32,기록 6 · 말함 85줄(6%) · 이름 4줄,기록 2 · 말함 26줄(2%) · 이름 1줄,,,
callback,record,3,d_main_35_05_s,,side:mudfish_00,,ch35,side:mudfish,358,370,E640,재언급,F1803,,,,,확실,확정,
character,auto,2,d_main_35_07,5,side:mudfish_15,0,ch35,side:mudfish,358,370,,,,person:미하라,14,기록 2 · 이름 1줄,기록 2 · 말함 21줄(2%) · 이름 3줄,,,
setup_payoff,record,2,d_main_35_08_e,,d_main_37_06_s,,ch35,ch37,358,373,E611,암시,F1862,,,,,추정,확정,
character,auto,2,d_main_35_09_e,93,d_main_37_01,1,ch35,ch37,358,373,,,,person:맥스웰,15,기록 4 · 말함 251줄(17%) · 이름 9줄,기록 5 · 말함 108줄(12%) · 이름 8줄,,,
character,auto,2,d_main_35bf_06,31,d_main_37_02_e,23,ch35,ch37,358,373,,,,person:잉그리드,37,기록 6 · 말함 123줄(8%) · 이름 5줄,기록 2 · 이름 4줄,,,
keyword,auto,2,d_main_35_07,60,d_main_37_02_s,45,ch35,ch37,358,373,,,,org:미실리스,32,기록 2 · 이름 5줄,기록 2 · 이름 6줄,,,
keyword,auto,2,d_main_35bf_06,21,d_main_37_02_s,45,ch35,ch37,358,373,,,,org:엘리시온,17,기록 2 · 이름 6줄,기록 3 · 이름 8줄,,,
keyword,auto,2,d_main_35_08_e,95,event_unbreakablesphere1_intermission_01,35,ch35,event_unbreakablesphere1,358,377,,,,concept:콜링_시그널,4,기록 1 · 이름 7줄,기록 4 · 이름 13줄,,,
character,auto,2,d_main_35_04,125,d_main_39_af_05,4,ch35,ch39,358,396,,,,person:머스탱,27,기록 4 · 말함 46줄(3%) · 이름 8줄,기록 6 · 말함 41줄(3%) · 이름 5줄,,,
character,auto,2,d_main_35_07,11,d_main_39_af_03,0,ch35,ch39,358,396,,,,person:에닉,22,기록 2,기록 2 · 이름 5줄,,,
keyword,auto,2,d_main_35_06,36,d_main_39_11,31,ch35,ch39,358,396,,,,concept:언체인드,25,기록 5 · 이름 10줄,기록 2 · 이름 1줄,,,
keyword,auto,2,d_main_35_08_e,80,fl:absolute_01,62,ch35,fl:absolute,358,400,,,,org:앱솔루트,15,이름 5줄,기록 6 · 이름 40줄,,,
callback,record,3,d_main_35bf_02,,fl:coins_in_rush_00,,ch35,fl:coins_in_rush,358,404,E854,재언급,F1788,,,,,확실,확정,
callback,record,3,d_main_35bf_03,,event_goddessfall1_04_e,,ch35,event_goddessfall1,358,418,E940,재언급,F1792,,,,,확실,확정,
setup_payoff,record,2,d_main_35bf_03,,fl:ark_guardian_25,,ch35,fl:ark_guardian,358,428,E588,암시,F2373,,,,,추정,확정,
setup_payoff,record,3,d_main_35bf_01,,d_main_44_07,,ch35,ch44,358,436,E586,암시,F2430,,,,,확실,확정,
callback,record,2,d_main_35bf_03,,d_main_44_03,,ch35,ch44,358,436,E1019,재언급,F1792,,,,,추정,확정,
setup_payoff,record,2,d_main_35_05_s,,fl:enter_heaven_05,,ch35,fl:enter_heaven,358,442,E602,암시,F2489,,,,,추정,확정,
keyword,auto,2,d_main_35bf_01,57,fl:ark_ranger_16,25,ch35,fl:ark_ranger,358,462,,,,item:세븐스_드워프,7,기록 2 · 이름 1줄,기록 2 · 이름 4줄,,,
setup_payoff,record,2,d_main_35_09_s,,fl:project_matis_21,,ch35,fl:project_matis,358,467,E613,암시,F2791,,,,,추정,확정,
callback,record,2,d_main_35bf_03,,fl:project_matis_08,,ch35,fl:project_matis,358,467,E1189,재언급,F1792,,,,,추정,확정,
callback,record,2,d_main_35_07,,fl:project_matis_25,,ch35,fl:project_matis,358,467,E1201,재언급,F1796,,,,,추정,확정,
setup_payoff,record,3,relic:알관련전달사항_00,,d_main_36_03_s,,relic:알관련전달사항,ch36,359,360,Q231-2,회수,Q231,,,,,확실,확정,일부 · 답 F1808
keyword,auto,2,relic:알관련전달사항_02,1,d_main_36_02,72,relic:알관련전달사항,ch36,359,360,,,,concept:다크_매터,18,기록 2 · 이름 1줄,기록 2 · 이름 8줄,,,
keyword,auto,2,relic:알관련전달사항_02,4,d_main_36_01,39,relic:알관련전달사항,ch36,359,360,,,,org:포비스트,20,기록 2 · 이름 2줄,기록 5 · 이름 2줄,,,
setup_payoff,record,3,relic:알관련전달사항_03,,d_main_37_06_s,,relic:알관련전달사항,ch37,359,373,E617,암시,F1862,,,,,확실,확정,
setup_payoff,record,2,relic:알관련전달사항_02,,d_main_38_02,,relic:알관련전달사항,ch38,359,375,E616,암시,F1872,,,,,추정,확정,
setup_payoff,record,2,relic:알관련전달사항_00,,d_main_38_03,,relic:알관련전달사항,ch38,359,375,Q231-3,회수,Q231,,,,,추정,확정,전부 · 답 F1878
character,auto,2,d_main_36_09_e,51,relic:할일목록_00,0,ch36,relic:할일목록,360,361,,,,person:레비아탄,19,기록 15 · 말함 325줄(33%) · 이름 28줄,기록 2 · 이름 2줄,,,
character,auto,2,d_main_36_09_s,96,relic:할일목록_00,0,ch36,relic:할일목록,360,361,,,,person:베히모스,14,기록 7 · 이름 31줄,기록 2 · 이름 3줄,,,
keyword,auto,1,d_main_36_09_e,13,ep:d_nikke_ce005_03_01,10,ch36,char:836,360,362,,,,concept:니케,186,이름 13줄,이름 16줄,,,흔한 대상
keyword,auto,1,d_main_36_09_e,15,ep:d_nikke_ce005_02_01,39,ch36,char:835,360,363,,,,place:방주,171,기록 1 · 이름 15줄,이름 6줄,,,흔한 대상
character,auto,2,d_main_36_09_e,54,fl:for_rest_01,91,ch36,fl:for_rest,360,365,,,,person:슈엔,30,기록 2 · 이름 10줄,기록 2 · 이름 5줄,,,
setup_payoff,record,2,d_main_36_07_e,,side:mudfish_12,,ch36,side:mudfish,360,370,E625,암시,F1849,,,,,추정,확정,
setup_payoff,record,3,d_main_36_05,,side:mudfish_14,,ch36,side:mudfish,360,370,Q232-2,회수,Q232,,,,,확실,확정,전부 · 답 F1849
callback,record,3,d_main_36_07_s,,side:mudfish_09,,ch36,side:mudfish,360,370,F1815-2,드러냄,F1815,,,,,확실,확정,
character,auto,2,d_main_36_07_e,94,side:mudfish_02,15,ch36,side:mudfish,360,370,,,,person:그레이브,23,기록 4 · 말함 54줄(6%) · 이름 5줄,기록 2,,,
character,auto,2,d_main_36_07_e,62,side:mudfish_00,15,ch36,side:mudfish,360,370,,,,person:세이렌,14,기록 4 · 이름 15줄,기록 10 · 이름 41줄,,,
keyword,auto,2,d_main_36_07_s,57,side:mudfish_07,4,ch36,side:mudfish,360,370,,,,concept:다크_매터,18,기록 2 · 이름 8줄,이름 26줄,,,
keyword,auto,1,d_main_36_09_s,31,side:mudfish_03,86,ch36,side:mudfish,360,370,,,,concept:랩쳐,142,이름 23줄,이름 17줄,,,흔한 대상
keyword,auto,2,d_main_36_03_s,30,side:mudfish_01,42,ch36,side:mudfish,360,370,,,,concept:헬레틱,40,기록 1 · 이름 9줄,이름 15줄,,,
sequel,auto,3,d_main_36_09_e,,d_main_37_01,,ch36,ch37,360,373,,,,,,,,,,다음 챕터
setup_payoff,record,3,d_main_36_08_e,,d_main_37_03,,ch36,ch37,360,373,E626,암시,F1859,,,,,확실,확정,
callback,record,3,d_main_36_09_s,,d_main_37_02_s,,ch36,ch37,360,373,E646,재언급,F1819,,,,,확실,확정,
reversal,record,3,d_main_36_02,,d_main_37_06_s,,ch36,ch37,360,373,F1808-2,뒤집음,F1808,,,,,확실,확정,답 F1862
character,auto,2,d_main_36_08_e,75,d_main_37_03,1,ch36,ch37,360,373,,,,person:도로시,31,기록 2 · 이름 1줄,기록 6 · 말함 111줄(12%) · 이름 28줄,,,
character,auto,2,d_main_36_09_e,44,d_main_37_01,1,ch36,ch37,360,373,,,,person:드레이크,16,기록 3 · 말함 29줄(3%) · 이름 5줄,기록 2 · 말함 62줄(7%) · 이름 13줄,,,
character,auto,1,d_main_36_09_e,62,d_main_37_01,13,ch36,ch37,360,373,,,,person:라피,85,기록 5 · 말함 80줄(8%) · 이름 4줄,기록 6 · 말함 154줄(17%) · 이름 21줄,,,흔한 대상
character,auto,1,d_main_36_08_e,75,d_main_37_03,7,ch36,ch37,360,373,,,,person:아니스,119,기록 4 · 말함 83줄(8%) · 이름 13줄,기록 3 · 말함 89줄(10%),,,흔한 대상
character,auto,2,d_main_36_08_e,64,d_main_37_03,15,ch36,ch37,360,373,,,,person:아비스타,6,기록 2 · 말함 22줄(2%) · 이름 4줄,기록 2 · 말함 27줄(3%) · 이름 7줄,,,
character,auto,2,d_main_36_08_e,64,d_main_37_03,14,ch36,ch37,360,373,,,,person:아이리,5,기록 2 · 말함 49줄(5%) · 이름 5줄,기록 4 · 말함 63줄(7%) · 이름 12줄,,,
keyword,auto,2,d_main_36_09_e,53,d_main_37_01,1,ch36,ch37,360,373,,,,org:메티스,21,기록 2 · 이름 3줄,기록 2 · 이름 10줄,,,
keyword,auto,2,d_main_36_08_s,86,d_main_37_03,18,ch36,ch37,360,373,,,,org:오버시어,3,기록 2 · 이름 17줄,기록 1 · 이름 7줄,,,
keyword,auto,2,d_main_36_05,56,d_main_37_02_s,23,ch36,ch37,360,373,,,,org:포비스트,20,기록 5 · 이름 2줄,기록 3 · 이름 2줄,,,
callback,record,3,d_main_36_03_s,,d_main_38_04,,ch36,ch38,360,375,E661,재언급,F1809,,,,,확실,확정,
callback,record,3,d_main_36_09_s,,d_main_38_08,,ch36,ch38,360,375,E669,재언급,F1819,,,,,확실,확정,
character,auto,1,d_main_36_08_e,75,d_main_38_05_s,3,ch36,ch38,360,375,,,,person:네온,55,기록 2 · 말함 70줄(7%) · 이름 6줄,기록 4 · 말함 91줄(8%) · 이름 6줄,,,흔한 대상
character,auto,2,d_main_36_09_e,49,d_main_38_01_s,52,ch36,ch38,360,375,,,,person:라플라스,13,기록 4 · 말함 57줄(6%) · 이름 14줄,기록 2 · 말함 48줄(4%) · 이름 17줄,,,
keyword,auto,2,d_main_36_04,52,d_main_38_05_s,53,ch36,ch38,360,375,,,,org:T.T.STAR,8,기록 3 · 이름 1줄,기록 3 · 이름 1줄,,,
callback,record,3,d_main_36_06,,event_unbreakablesphere1_05_e,,ch36,event_unbreakablesphere1,360,377,E690,재언급,F1814,,,,,확실,확정,
callback,record,3,d_main_36_07_e,,event_unbreakablesphere1_06_e,,ch36,event_unbreakablesphere1,360,377,E694,재언급,F1816,,,,,확실,확정,
callback,record,3,d_main_36_06,,event_unbreakablesphere2_01_s,,ch36,event_unbreakablesphere1,360,377,F1814-2,드러냄,F1814,,,,,확실,확정,
character,auto,2,d_main_36_07_e,94,event_unbreakablesphere1_03_s,28,ch36,event_unbreakablesphere1,360,377,,,,person:신데렐라,26,기록 4 · 말함 106줄(11%) · 이름 33줄,기록 7 · 말함 22줄(1%) · 이름 8줄,,,
callback,record,2,d_main_36_07_s,,erelic:unbreakable_sphere_dialog_04,,ch36,erelic:unbreakable_sphere_dialog,360,378,E710,재언급,F1815,,,,,추정,확정,
callback,record,2,d_main_36_07_e,,erelic:unbreakable_sphere_lost_03,,ch36,erelic:unbreakable_sphere_lost,360,379,F1816-2,드러냄,F1816,,,,,추정,확정,
keyword,auto,2,d_main_36_08_s,63,event_arcanearchive_05_e,85,ch36,event_arcanearchive,360,383,,,,org:카운터스,32,기록 2 · 이름 3줄,기록 3 · 이름 9줄,,,
character,auto,2,d_main_36_05,13,fl:absolute_00,20,ch36,fl:absolute,360,400,,,,person:인디빌리아,9,기록 2 · 이름 4줄,기록 2 · 이름 8줄,,,
setup_payoff,record,3,d_main_36_01,,d_main_42_af_08,,ch36,ch42,360,416,E618,암시,F2249,,,,,확실,확정,
callback,record,3,d_main_36_09_s,,d_main_42_07,,ch36,ch42,360,416,E917,재언급,F1819,,,,,확실,확정,
setup_payoff,record,2,d_main_36_03_s,,d_main_46_08,,ch36,ch46,360,452,E621,암시,F2624,,,,,추정,확정,
setup_payoff,record,3,d_main_36_04,,event_staranis2_04_s,,ch36,event_staranis1,360,454,E630,암시,F2698,,,,,확실,확정,
callback,record,2,d_main_36_08_s,,fl:bitter_spice_01,,ch36,fl:bitter_spice,360,460,E1534,재언급,F1818,,,,,추정,확정,
character,auto,2,relic:할일목록_03,0,side:mudfish_00,0,relic:할일목록,side:mudfish,361,370,,,,person:레비아탄,19,기록 2 · 이름 2줄,기록 13 · 말함 13줄(1%) · 이름 1줄,,,
setup_payoff,record,3,relic:할일목록_03,,d_main_37_06_s,,relic:할일목록,ch37,361,373,E633,암시,F1862,,,,,확실,확정,
character,auto,2,relic:할일목록_00,1,d_main_37_06_e,24,relic:할일목록,ch37,361,373,,,,person:베히모스,14,기록 2 · 이름 3줄,기록 2 · 이름 8줄,,,
character,auto,2,relic:할일목록_01,0,d_main_37_08_s,25,relic:할일목록,ch37,361,373,,,,person:지즈,9,기록 2 · 이름 1줄,기록 6 · 말함 77줄(8%) · 이름 20줄,,,
setup_payoff,record,2,relic:할일목록_01,,d_main_38_02,,relic:할일목록,ch38,361,375,E632,암시,F1872,,,,,추정,확정,
prereq,game-condition,3,ep:d_nikke_ce005_03_01,,ep:d_nikke_ce005_03_02,,char:836,char:836,362,362,,,,,,,,,,condition_scenario_group_id
prereq,game-condition,3,ep:d_nikke_ce005_03_02,,ep:d_nikke_ce005_03_03,,char:836,char:836,362,362,,,,,,,,,,condition_scenario_group_id
prereq,game-condition,3,ep:d_nikke_ce005_03_03,,ep:d_nikke_ce005_03_04,,char:836,char:836,362,362,,,,,,,,,,condition_scenario_group_id
prereq,game-condition,3,ep:d_nikke_ce005_03_04,,ep:d_nikke_ce005_03_05,,char:836,char:836,362,362,,,,,,,,,,condition_scenario_group_id
keyword,auto,1,ep:d_nikke_ce005_03_05,17,fl:for_rest_02,18,char:836,fl:for_rest,362,365,,,,concept:니케,186,이름 16줄,이름 23줄,,,흔한 대상
character,auto,2,ep:d_nikke_ce005_03_05,51,fl:terminus_ticket_01,7,char:836,fl:terminus_ticket,362,425,,,,person:메어리,9,기록 1 · 말함 73줄(36%) · 이름 17줄,기록 2 · 말함 122줄(6%) · 이름 18줄,,,
prereq,game-condition,3,ep:d_nikke_ce005_02_01,,ep:d_nikke_ce005_02_02,,char:835,char:835,363,363,,,,,,,,,,condition_scenario_group_id
prereq,game-condition,3,ep:d_nikke_ce005_02_02,,ep:d_nikke_ce005_02_03,,char:835,char:835,363,363,,,,,,,,,,condition_scenario_group_id
prereq,game-condition,3,ep:d_nikke_ce005_02_03,,ep:d_nikke_ce005_02_04,,char:835,char:835,363,363,,,,,,,,,,condition_scenario_group_id
prereq,game-condition,3,ep:d_nikke_ce005_02_04,,ep:d_nikke_ce005_02_05,,char:835,char:835,363,363,,,,,,,,,,condition_scenario_group_id
keyword,auto,1,ep:d_nikke_ce005_02_04,23,fl:for_rest_00,3,char:835,fl:for_rest,363,365,,,,place:방주,171,이름 6줄,기록 2 · 이름 17줄,,,흔한 대상
character,auto,2,ep:d_nikke_ce005_02_05,24,ep:d_nikke_ce008_03_04,0,char:835,char:862,363,440,,,,person:트로니,11,기록 1 · 말함 54줄(21%) · 이름 15줄,말함 23줄(13%) · 이름 2줄,,,
prereq,game-condition,3,ep:d_nikke_ce005_01_01,,ep:d_nikke_ce005_01_02,,char:834,char:834,364,364,,,,,,,,,,condition_scenario_group_id
prereq,game-condition,3,ep:d_nikke_ce005_01_02,,ep:d_nikke_ce005_01_03,,char:834,char:834,364,364,,,,,,,,,,condition_scenario_group_id
prereq,game-condition,3,ep:d_nikke_ce005_01_03,,ep:d_nikke_ce005_01_04,,char:834,char:834,364,364,,,,,,,,,,condition_scenario_group_id
prereq,game-condition,3,ep:d_nikke_ce005_01_04,,ep:d_nikke_ce005_01_05,,char:834,char:834,364,364,,,,,,,,,,condition_scenario_group_id
character,auto,2,ep:d_nikke_ce005_01_05,39,fl:for_rest_00,73,char:834,fl:for_rest,364,365,,,,person:플로라,5,기록 1 · 말함 96줄(51%) · 이름 20줄,기록 5 · 말함 132줄(12%) · 이름 22줄,,,
setup_payoff,record,3,fl:for_rest_00,,fl:for_rest_12,,fl:for_rest,fl:for_rest,365,365,E1419,암시,F1827,,,,,확실,확정,
setup_payoff,record,3,fl:for_rest_01,,fl:for_rest_12,,fl:for_rest,fl:for_rest,365,365,E1422,암시,F1827,,,,,확실,확정,
setup_payoff,record,3,fl:for_rest_02,,fl:for_rest_07,,fl:for_rest,fl:for_rest,365,365,E1423,암시,F1831,,,,,확실,확정,
setup_payoff,record,2,fl:for_rest_06,,fl:for_rest_13,,fl:for_rest,fl:for_rest,365,365,E1425,암시,F523-2,,,,,추정,확정,
setup_payoff,record,3,fl:for_rest_09,,fl:for_rest_12,,fl:for_rest,fl:for_rest,365,365,E1427,암시,F1827,,,,,확실,확정,
character,auto,2,fl:for_rest_14,91,ep:d_nikke_trina_01,6,fl:for_rest,char:412,365,366,,,,person:트리나,2,기록 11 · 말함 276줄(26%) · 이름 79줄,기록 3 · 말함 163줄(61%) · 이름 51줄,,,
character,auto,2,fl:for_rest_14,25,ep:d_nikke_trina_03,53,fl:for_rest,char:412,365,366,,,,person:플로라,5,기록 5 · 말함 132줄(12%) · 이름 22줄,말함 35줄(13%) · 이름 2줄,,,
keyword,auto,1,fl:for_rest_13,83,event_newflavor_01_e,64,fl:for_rest,event_newflavor,365,367,,,,concept:니케,186,이름 23줄,이름 7줄,,,흔한 대상
keyword,auto,1,fl:for_rest_14,104,event_newflavor_prologue,7,fl:for_rest,event_newflavor,365,367,,,,place:방주,171,기록 2 · 이름 17줄,기록 2 · 이름 8줄,,,흔한 대상
keyword,auto,1,fl:for_rest_13,25,event_newflavor_02_e,83,fl:for_rest,event_newflavor,365,367,,,,place:지상,132,이름 26줄,이름 16줄,,,흔한 대상
character,auto,2,fl:for_rest_03,33,d_main_37_01,1,fl:for_rest,ch37,365,373,,,,person:슈엔,30,기록 2 · 이름 5줄,기록 3 · 이름 11줄,,,
character,auto,2,fl:for_rest_01,180,event_unbreakablesphere1_prologue,0,fl:for_rest,event_unbreakablesphere1,365,377,,,,person:마나,12,기록 2 · 말함 38줄(4%) · 이름 1줄,기록 4 · 말함 123줄(4%) · 이름 19줄,,,
keyword,auto,2,fl:for_rest_12,17,event_ce006_1_06_e,89,fl:for_rest,event_ce006,365,387,,,,item:이터널_라이프,4,기록 2 · 이름 4줄,기록 2 · 이름 2줄,,,
prereq,game-condition,3,ep:d_nikke_trina_01,,ep:d_nikke_trina_02,,char:412,char:412,366,366,,,,,,,,,,condition_scenario_group_id
prereq,game-condition,3,ep:d_nikke_trina_02,,ep:d_nikke_trina_03,,char:412,char:412,366,366,,,,,,,,,,condition_scenario_group_id
prereq,game-condition,3,ep:d_nikke_trina_03,,ep:d_nikke_trina_04,,char:412,char:412,366,366,,,,,,,,,,condition_scenario_group_id
prereq,game-condition,3,ep:d_nikke_trina_04,,ep:d_nikke_trina_05,,char:412,char:412,366,366,,,,,,,,,,condition_scenario_group_id
character,auto,2,ep:d_nikke_trina_05,113,fl:reborn_evil_00,50,char:412,fl:reborn_evil,366,407,,,,person:폴리,10,기록 1 · 말함 27줄(10%) · 이름 7줄,기록 2 · 말함 63줄(4%) · 이름 38줄,,,
character,auto,2,ep:d_nikke_trina_05,117,ep:d_nikke_ce007_02_01,1,char:412,char:841,366,410,,,,person:미란다,8,기록 1 · 말함 41줄(15%) · 이름 4줄,기록 2 · 말함 63줄(49%) · 이름 15줄,,,
setup_payoff,record,3,event_newflavor_04_s,,event_newflavor_06_e,,event_newflavor,event_newflavor,367,367,E634,암시,F1839,,,,,확실,확정,
setup_payoff,record,3,event_newflavor_06_s,,event_newflavor_06_e,,event_newflavor,event_newflavor,367,367,E635,암시,F1839,,,,,확실,확정,
setup_payoff,record,3,event_newflavor_05_s,,event_newflavor_06_e,,event_newflavor,event_newflavor,367,367,E636,암시,F1839,,,,,확실,확정,
setup_payoff,record,3,event_newflavor_04_s,,event_newflavor_05_e,,event_newflavor,event_newflavor,367,367,E637,암시,F1838,,,,,확실,확정,
character,auto,2,event_newflavor_epilogue,65,ep:d_nikke_bready_01,0,event_newflavor,char:520,367,368,,,,person:브래디,4,기록 15 · 말함 580줄(52%) · 이름 70줄,기록 2 · 말함 216줄(79%) · 이름 26줄,,,
character,auto,2,event_newflavor_epilogue,61,ep:d_nikke_bready_01,26,event_newflavor,char:520,367,368,,,,person:크러스트,6,기록 7 · 말함 364줄(33%) · 이름 37줄,기록 1 · 말함 41줄(15%) · 이름 10줄,,,
keyword,auto,1,event_newflavor_06_e,26,event_foolburstday_11,45,event_newflavor,event_foolburstday,367,369,,,,place:방주,171,기록 2 · 이름 8줄,이름 5줄,,,흔한 대상
keyword,auto,1,event_newflavor_06_s,84,event_foolburstday_07,80,event_newflavor,event_foolburstday,367,369,,,,place:지상,132,이름 16줄,이름 6줄,,,흔한 대상
keyword,auto,1,event_newflavor_epilogue,45,side:mudfish_00,52,event_newflavor,side:mudfish,367,370,,,,concept:니케,186,이름 7줄,기록 1 · 이름 18줄,,,흔한 대상
sequel,manual,3,event_newflavor_epilogue,,event_trueflavor_prologue,,event_newflavor,event_trueflavor,367,371,Y40,,,,,,,확실,확정,trueflavor는 newflavor 끝에서 브래디가 지휘관에게서 맛을 찾은 일과 크러스트의 맛 연구를 며칠 뒤 그대로 이어받아 둘의 이야기를 마저 끝낸다.
setup_payoff,record,3,event_newflavor_epilogue,,event_trueflavor_01_e,,event_newflavor,event_trueflavor,367,371,E639,암시,F1851,,,,,확실,확정,
keyword,auto,2,event_newflavor_06_e,83,event_trueflavor_01_s,2,event_newflavor,event_trueflavor,367,371,,,,org:쿠킹오일,3,기록 4 · 이름 10줄,이름 7줄,,,
keyword,auto,2,event_newflavor_06_e,111,ep:d_nikke_crust_02,6,event_newflavor,char:521,367,372,,,,concept:퍼펙트,16,기록 8 · 이름 40줄,기록 2 · 이름 5줄,,,
character,auto,2,event_newflavor_06_e,22,fl:reborn_evil_01,0,event_newflavor,fl:reborn_evil,367,407,,,,person:엔더슨,32,기록 2 · 말함 26줄(2%) · 이름 1줄,기록 2 · 말함 60줄(4%),,,
callback,record,2,event_newflavor_06_s,,fl:sin_editor_12,,event_newflavor,fl:sin_editor,367,430,E999,재언급,Q234,,,,,추정,확정,
callback,record,3,event_newflavor_01_s,,fl:2x2_love_2ch_18,,event_newflavor,fl:2x2_love_2ch,367,445,E1508,재언급,F1834,,,,,확실,확정,
prereq,game-condition,3,ep:d_nikke_bready_01,,ep:d_nikke_bready_02,,char:520,char:520,368,368,,,,,,,,,,condition_scenario_group_id
prereq,game-condition,3,ep:d_nikke_bready_02,,ep:d_nikke_bready_03,,char:520,char:520,368,368,,,,,,,,,,condition_scenario_group_id
prereq,game-condition,3,ep:d_nikke_bready_03,,ep:d_nikke_bready_04,,char:520,char:520,368,368,,,,,,,,,,condition_scenario_group_id
prereq,game-condition,3,ep:d_nikke_bready_04,,ep:d_nikke_bready_05,,char:520,char:520,368,368,,,,,,,,,,condition_scenario_group_id
character,auto,2,ep:d_nikke_bready_05,78,event_trueflavor_prologue,0,char:520,event_trueflavor,368,371,,,,person:브래디,4,기록 2 · 말함 216줄(79%) · 이름 26줄,기록 2 · 말함 283줄(24%) · 이름 90줄,,,
character,auto,2,ep:d_nikke_bready_05,75,event_trueflavor_prologue,9,char:520,event_trueflavor,368,371,,,,person:크러스트,6,기록 1 · 말함 41줄(15%) · 이름 10줄,기록 4 · 말함 644줄(55%) · 이름 73줄,,,
keyword,auto,1,event_foolburstday_13,4,side:mudfish_00,27,event_foolburstday,side:mudfish,369,370,,,,place:지상,132,이름 6줄,기록 2 · 이름 4줄,,,흔한 대상
keyword,auto,1,event_foolburstday_14,83,d_main_37_01,63,event_foolburstday,ch37,369,373,,,,place:방주,171,이름 5줄,기록 4 · 이름 20줄,,,흔한 대상
character,auto,2,event_foolburstday_14,84,event_unbreakablesphere1_prologue,0,event_foolburstday,event_unbreakablesphere1,369,377,,,,person:시프티,18,기록 3 · 말함 136줄(21%) · 이름 18줄,기록 2 · 말함 44줄(1%) · 이름 3줄,,,
keyword,auto,1,event_foolburstday_13,35,event_unbreakablesphere1_prologue,6,event_foolburstday,event_unbreakablesphere1,369,377,,,,org:중앙_정부,67,기록 2 · 이름 12줄,기록 1 · 이름 10줄,,,흔한 대상
setup_payoff,record,2,side:mudfish_08,,side:mudfish_12,,side:mudfish,side:mudfish,370,370,E642,암시,F1849,,,,,추정,확정,
keyword,auto,1,side:mudfish_15,0,ep:d_nikke_crust_02,7,side:mudfish,char:521,370,372,,,,place:지상,132,기록 2 · 이름 4줄,이름 17줄,,,흔한 대상
setup_payoff,record,2,side:mudfish_12,,d_main_37_08_s,,side:mudfish,ch37,370,373,E643,암시,F1866,,,,,추정,확정,
character,auto,2,side:mudfish_14,119,d_main_37_02_s,0,side:mudfish,ch37,370,373,,,,person:레비아탄,19,기록 13 · 말함 13줄(1%) · 이름 1줄,기록 8 · 말함 23줄(2%) · 이름 19줄,,,
keyword,auto,2,side:mudfish_14,102,d_main_37_02_s,45,side:mudfish,ch37,370,373,,,,concept:다크_매터,18,이름 26줄,기록 3 · 이름 12줄,,,
keyword,auto,1,side:mudfish_15,24,d_main_37_03,27,side:mudfish,ch37,370,373,,,,concept:랩쳐,142,이름 17줄,이름 13줄,,,흔한 대상
keyword,auto,2,side:mudfish_08,31,d_main_37_02_e,35,side:mudfish,ch37,370,373,,,,concept:헬레틱,40,이름 15줄,이름 8줄,,,
setup_payoff,record,2,side:mudfish_12,,d_main_38_09_s,,side:mudfish,ch38,370,375,E644,암시,F1878,,,,,추정,확정,
callback,record,3,side:mudfish_12,,d_main_38_09_s,,side:mudfish,ch38,370,375,E672,재언급,F1849,,,,,확실,확정,
callback,record,3,side:mudfish_12,,d_main_38_09_s,,side:mudfish,ch38,370,375,E673,재언급,F1849,,,,,확실,확정,
callback,record,3,side:mudfish_12,,d_main_38_09_e,,side:mudfish,ch38,370,375,E674,재언급,F1848,,,,,확실,확정,
character,auto,2,side:mudfish_15,8,d_main_38_01_e,15,side:mudfish,ch38,370,375,,,,person:글러트니,5,기록 5 · 이름 19줄,기록 5 · 이름 10줄,,,
character,auto,2,side:mudfish_14,152,d_main_38_09_s,21,side:mudfish,ch38,370,375,,,,person:세이렌,14,기록 10 · 이름 41줄,기록 2 · 이름 1줄,,,
keyword,auto,1,side:mudfish_12,13,d_main_38_01_s,13,side:mudfish,ch38,370,375,,,,concept:니케,186,기록 1 · 이름 18줄,기록 1 · 이름 6줄,,,흔한 대상
sequel,manual,2,side:mudfish_15,,event_unbreakablesphere1_prologue,,side:mudfish,event_unbreakablesphere1,370,377,Y41,,,,,,,확실,확정,"mudfish는 세이렌이 글러트니에게 삼켜지기까지의 전사이고, 에필로그의 땅속 흔적 추적이 unbreakablesphere1의 글러트니 사건으로 이어진다(사이드 스토리 → 이벤트)."
setup_payoff,record,2,side:mudfish_00,,event_unbreakablesphere1_01_s,,side:mudfish,event_unbreakablesphere1,370,377,E645,암시,F1884,,,,,추정,확정,
setup_payoff,record,3,side:mudfish_14,,event_unbreakablesphere1_05_s,,side:mudfish,event_unbreakablesphere1,370,377,Q236-2,회수,Q236,,,,,확실,확정,전부 · 답 F1884
setup_payoff,record,2,side:mudfish_15,,event_unbreakablesphere1_prologue,,side:mudfish,event_unbreakablesphere1,370,377,Q237-2,회수,Q237,,,,,추정,확정,전부 · 답 F1883
callback,record,3,side:mudfish_08,,event_unbreakablesphere1_04_e,,side:mudfish,event_unbreakablesphere1,370,377,E688,재언급,F1710-2,,,,,확실,확정,
callback,record,3,side:mudfish_00,,event_unbreakablesphere1_06_s,,side:mudfish,event_unbreakablesphere1,370,377,E693,재언급,F1846,,,,,확실,확정,
callback,record,2,side:mudfish_08,,event_unbreakablesphere2_05_e,,side:mudfish,event_unbreakablesphere1,370,377,E707,재언급,F1710-2,,,,,추정,확정,
character,auto,2,side:mudfish_10,21,event_unbreakablesphere1_05_e,32,side:mudfish,event_unbreakablesphere1,370,377,,,,person:그레이브,23,기록 2,기록 2 · 말함 10줄(0%) · 이름 3줄,,,
character,auto,2,side:mudfish_14,59,event_unbreakablesphere1_prologue,84,side:mudfish,event_unbreakablesphere1,370,377,,,,person:리틀_머메이드,8,기록 5 · 말함 469줄(43%) · 이름 64줄,말함 770줄(26%) · 이름 68줄,,,
character,auto,2,side:mudfish_15,26,event_unbreakablesphere1_prologue,0,side:mudfish,event_unbreakablesphere1,370,377,,,,person:미하라,14,기록 2 · 말함 21줄(2%) · 이름 3줄,기록 29 · 말함 773줄(26%) · 이름 140줄,,,
character,auto,2,side:mudfish_15,25,event_unbreakablesphere1_01_s,6,side:mudfish,event_unbreakablesphere1,370,377,,,,person:유니,13,기록 2 · 말함 5줄(0%) · 이름 2줄,기록 17 · 말함 139줄(5%) · 이름 166줄,,,
callback,record,3,side:mudfish_12,,erelic:unbreakable_sphere_dialog_12,,side:mudfish,erelic:unbreakable_sphere_dialog,370,378,E711,재언급,F1849,,,,,확실,확정,
character,auto,2,side:mudfish_14,149,erelic:unbreakable_sphere_dialog_01,0,side:mudfish,erelic:unbreakable_sphere_dialog,370,378,,,,person:레비,2,기록 5 · 말함 558줄(51%) · 이름 124줄,기록 2 · 이름 5줄,,,
callback,record,3,side:mudfish_12,,d_main_42_03,,side:mudfish,ch42,370,416,E910,재언급,F1849,,,,,확실,확정,
character,auto,2,event_trueflavor_epilogue,97,ep:d_nikke_crust_02,6,event_trueflavor,char:521,371,372,,,,person:브래디,4,기록 2 · 말함 283줄(24%) · 이름 90줄,기록 1 · 말함 40줄(15%) · 이름 9줄,,,
character,auto,2,event_trueflavor_epilogue,95,ep:d_nikke_crust_01,1,event_trueflavor,char:521,371,372,,,,person:크러스트,6,기록 4 · 말함 644줄(55%) · 이름 73줄,기록 4 · 말함 212줄(79%) · 이름 21줄,,,
keyword,auto,2,event_trueflavor_epilogue,8,ep:d_nikke_crust_01,64,event_trueflavor,char:521,371,372,,,,org:쿠킹오일,3,이름 7줄,기록 2 · 이름 5줄,,,
prereq,game-condition,3,ep:d_nikke_crust_01,,ep:d_nikke_crust_02,,char:521,char:521,372,372,,,,,,,,,,condition_scenario_group_id
prereq,game-condition,3,ep:d_nikke_crust_02,,ep:d_nikke_crust_03,,char:521,char:521,372,372,,,,,,,,,,condition_scenario_group_id
prereq,game-condition,3,ep:d_nikke_crust_03,,ep:d_nikke_crust_04,,char:521,char:521,372,372,,,,,,,,,,condition_scenario_group_id
prereq,game-condition,3,ep:d_nikke_crust_04,,ep:d_nikke_crust_05,,char:521,char:521,372,372,,,,,,,,,,condition_scenario_group_id
keyword,auto,1,ep:d_nikke_crust_05,100,d_main_37_02_s,61,char:521,ch37,372,373,,,,place:지상,132,이름 17줄,기록 1 · 이름 15줄,,,흔한 대상
keyword,auto,2,ep:d_nikke_crust_05,104,erelic:goddess_fall_mini_06,38,char:521,erelic:goddess_fall_mini,372,419,,,,concept:퍼펙트,16,기록 2 · 이름 5줄,기록 2 · 이름 2줄,,,
character,auto,2,ep:d_nikke_crust_05,106,fl:2x2_love_2ch_18,64,char:521,fl:2x2_love_2ch,372,445,,,,person:크러스트,6,기록 4 · 말함 212줄(79%) · 이름 21줄,기록 2 · 이름 9줄,,,
sequel,auto,3,d_main_37_08_e,,d_main_38_01_s,,ch37,ch38,373,375,,,,,,,,,,다음 챕터
setup_payoff,record,3,d_main_37_08_s,,d_main_38_02,,ch37,ch38,373,375,E652,암시,F1872,,,,,확실,확정,
setup_payoff,record,3,d_main_37_06_e,,d_main_38_04,,ch37,ch38,373,375,Q238-2,회수,Q238,,,,,확실,확정,일부 · 답 F1873
callback,record,3,d_main_37_08_s,,d_main_38_02,,ch37,ch38,373,375,E660,재언급,F1866,,,,,확실,확정,
callback,record,3,d_main_37_03,,d_main_38_05_s,,ch37,ch38,373,375,E663,재언급,F1859,,,,,확실,확정,
callback,record,3,d_main_37_08_s,,d_main_38_02,,ch37,ch38,373,375,F1864-2,드러냄,F1864,,,,,확실,확정,
callback,record,3,d_main_37_08_e,,d_main_38_01_s,,ch37,ch38,373,375,F1867-2,드러냄,F1867,,,,,확실,확정,
character,auto,2,d_main_37_08_e,58,d_main_38_01_s,52,ch37,ch38,373,375,,,,person:드레이크,16,기록 2 · 말함 62줄(7%) · 이름 13줄,기록 3 · 말함 47줄(4%) · 이름 24줄,,,
character,auto,1,d_main_37_08_e,89,d_main_38_01_s,11,ch37,ch38,373,375,,,,person:라피,85,기록 6 · 말함 154줄(17%) · 이름 21줄,기록 8 · 말함 155줄(13%) · 이름 13줄,,,흔한 대상
character,auto,2,d_main_37_08_e,75,d_main_38_01_s,4,ch37,ch38,373,375,,,,person:레비아탄,19,기록 8 · 말함 23줄(2%) · 이름 19줄,기록 15 · 말함 141줄(12%) · 이름 28줄,,,
character,auto,2,d_main_37_08_e,50,d_main_38_01_s,7,ch37,ch38,373,375,,,,person:맥스웰,15,기록 5 · 말함 108줄(12%) · 이름 8줄,기록 6 · 말함 133줄(11%) · 이름 7줄,,,
character,auto,2,d_main_37_08_e,57,d_main_38_01_s,50,ch37,ch38,373,375,,,,person:베히모스,14,기록 2 · 이름 8줄,기록 4 · 이름 26줄,,,
character,auto,1,d_main_37_07,89,d_main_38_05_s,2,ch37,ch38,373,375,,,,person:아니스,119,기록 3 · 말함 89줄(10%),기록 10 · 말함 155줄(13%) · 이름 45줄,,,흔한 대상
character,auto,2,d_main_37_08_e,21,d_main_38_01_s,41,ch37,ch38,373,375,,,,person:지즈,9,기록 6 · 말함 77줄(8%) · 이름 20줄,기록 9 · 말함 122줄(10%) · 이름 42줄,,,
character,auto,2,d_main_37_08_e,51,d_main_38_01_s,0,ch37,ch38,373,375,,,,person:헬름,7,기록 2 · 말함 63줄(7%) · 이름 4줄,기록 3 · 말함 51줄(4%) · 이름 1줄,,,
keyword,auto,2,d_main_37_08_s,235,d_main_38_01_e,5,ch37,ch38,373,375,,,,concept:다크_매터,18,기록 3 · 이름 12줄,이름 19줄,,,
keyword,auto,1,d_main_37_08_s,12,d_main_38_03,25,ch37,ch38,373,375,,,,concept:랩쳐,142,이름 13줄,이름 15줄,,,흔한 대상
keyword,auto,2,d_main_37_06_e,32,d_main_38_02,95,ch37,ch38,373,375,,,,concept:타일런트_급,12,기록 1 · 이름 10줄,이름 6줄,,,
keyword,auto,2,d_main_37_08_e,0,d_main_38_01_s,76,ch37,ch38,373,375,,,,concept:헬레틱,40,이름 8줄,이름 11줄,,,
keyword,auto,2,d_main_37_05,66,d_main_38_01_s,74,ch37,ch38,373,375,,,,org:메티스,21,기록 2 · 이름 10줄,기록 3 · 이름 14줄,,,
keyword,auto,2,d_main_37_05,62,d_main_38_01_s,74,ch37,ch38,373,375,,,,org:이지스,4,기록 2 · 이름 6줄,기록 3 · 이름 7줄,,,
keyword,auto,2,d_main_37_08_s,34,d_main_38_01_s,78,ch37,ch38,373,375,,,,org:포비스트,20,기록 3 · 이름 2줄,기록 2 · 이름 11줄,,,
keyword,auto,1,d_main_37_08_s,16,d_main_38_01_s,92,ch37,ch38,373,375,,,,place:방주,171,기록 4 · 이름 20줄,기록 1 · 이름 14줄,,,흔한 대상
keyword,auto,2,d_main_37_08_e,51,d_main_38_01_s,45,ch37,ch38,373,375,,,,place:어드마이어_호,9,기록 2 · 이름 35줄,기록 1 · 이름 17줄,,,
character,auto,2,d_main_37_05,77,event_unbreakablesphere1_01_s,70,ch37,event_unbreakablesphere1,373,377,,,,person:슈엔,30,기록 3 · 이름 11줄,기록 2 · 이름 3줄,,,
keyword,auto,2,d_main_37_05,63,event_unbreakablesphere1_04_s,7,ch37,event_unbreakablesphere1,373,377,,,,org:미실리스,32,기록 2 · 이름 6줄,기록 2 · 이름 2줄,,,
keyword,auto,1,d_main_37_07,7,event_unbreakablesphere1_01_s,73,ch37,event_unbreakablesphere1,373,377,,,,place:지상,132,기록 1 · 이름 15줄,이름 26줄,,,흔한 대상
character,auto,2,d_main_37_05,72,event_arcanearchive_prologue,0,ch37,event_arcanearchive,373,383,,,,person:잉그리드,37,기록 2 · 이름 4줄,기록 7 · 말함 59줄(6%) · 이름 18줄,,,
keyword,auto,2,d_main_37_05,53,event_arcanearchive_04_e,82,ch37,event_arcanearchive,373,383,,,,org:엘리시온,17,기록 3 · 이름 8줄,기록 2 · 이름 6줄,,,
setup_payoff,record,2,d_main_37_03,,fl:boom_the_ghost_27,,ch37,fl:boom_the_ghost,373,393,E648,암시,F2037,,,,,추정,확정,
character,auto,2,d_main_37_07,95,fl:boom_the_ghost_01,79,ch37,fl:boom_the_ghost,373,393,,,,person:도로시,31,기록 6 · 말함 111줄(12%) · 이름 28줄,기록 21 · 말함 356줄(16%) · 이름 92줄,,,
callback,record,3,d_main_37_04,,d_main_39_af_08,,ch37,ch39,373,396,E811,재언급,F1860,,,,,확실,확정,
character,auto,2,d_main_37_07,93,d_main_39_af_05,153,ch37,ch39,373,396,,,,person:아비스타,6,기록 2 · 말함 27줄(3%) · 이름 7줄,기록 7 · 말함 137줄(9%) · 이름 5줄,,,
setup_payoff,record,3,d_main_37_08_e,,d_main_40_01,,ch37,ch40,373,398,E654,암시,F2071,,,,,확실,확정,
keyword,auto,2,d_main_37_07,8,d_main_40_01,0,ch37,ch40,373,398,,,,place:에덴,25,기록 1 · 이름 10줄,기록 1 · 이름 6줄,,,
callback,record,3,d_main_37_08_s,,d_main_41_01,,ch37,ch41,373,414,E892,재언급,F1866,,,,,확실,확정,
callback,record,3,d_main_37_08_s,,d_main_42_05,,ch37,ch42,373,416,E912,재언급,F1866,,,,,확실,확정,
callback,record,3,d_main_37_04,,d_main_44_af_10,,ch37,ch44,373,436,E1038,재언급,F1860,,,,,확실,확정,
character,auto,2,d_main_37_07,94,d_main_44_af_10,0,ch37,ch44,373,436,,,,person:아이리,5,기록 4 · 말함 63줄(7%) · 이름 12줄,기록 2 · 말함 34줄(2%) · 이름 2줄,,,
setup_payoff,record,3,d_main_37_04,,d_main_45_06,,ch37,ch45,373,450,E650,암시,F2609,,,,,확실,확정,
setup_payoff,record,2,d_main_37_04,,event_staranis2_05_e,,ch37,event_staranis1,373,454,E649,암시,F2705,,,,,추정,확정,
keyword,auto,2,d_main_37_04,67,ep:d_nikke_avistar_01,4,ch37,char:441,373,456,,,,org:오버시어,3,기록 1 · 이름 7줄,기록 1 · 이름 5줄,,,
setup_payoff,record,3,relic:주워갈것들메모_03,,d_main_38_02,,relic:주워갈것들메모,ch38,374,375,E656,암시,F1872,,,,,확실,확정,
setup_payoff,record,2,relic:주워갈것들메모_02,,d_main_38_02,,relic:주워갈것들메모,ch38,374,375,Q239-2,회수,Q239,,,,,추정,확정,일부 · 답 F1872
setup_payoff,record,3,relic:주워갈것들메모_03,,d_main_42_02,,relic:주워갈것들메모,ch42,374,416,E656,암시,F2214,,,,,확실,확정,
setup_payoff,record,3,d_main_38_01_e,,d_main_38_09_s,,ch38,ch38,375,375,E659,암시,F1878,,,,,확실,확정,
setup_payoff,record,2,d_main_38_08,,d_main_38_09_s,,ch38,ch38,375,375,E668,암시,F1879,,,,,추정,확정,
callback,record,3,d_main_38_09_s,,relic:은색액체_01,,ch38,relic:은색액체,375,376,E676,재언급,F1878,,,,,확실,확정,
character,auto,2,d_main_38_09_e,121,relic:은색액체_01,0,ch38,relic:은색액체,375,376,,,,person:레비아탄,19,기록 15 · 말함 141줄(12%) · 이름 28줄,기록 2 · 이름 8줄,,,
keyword,auto,2,d_main_38_09_s,78,relic:은색액체_01,0,ch38,relic:은색액체,375,376,,,,concept:다크_매터,18,이름 19줄,기록 1 · 이름 7줄,,,
keyword,auto,2,d_main_38_09_e,52,relic:은색액체_00,0,ch38,relic:은색액체,375,376,,,,concept:은색_액체,3,기록 3 · 이름 27줄,기록 3 · 이름 7줄,,,
keyword,auto,2,d_main_38_04,53,relic:은색액체_00,0,ch38,relic:은색액체,375,376,,,,org:포비스트,20,기록 2 · 이름 11줄,기록 2 · 이름 8줄,,,
character,auto,2,d_main_38_09_e,63,event_unbreakablesphere1_prologue,0,ch38,event_unbreakablesphere1,375,377,,,,person:글러트니,5,기록 5 · 이름 10줄,기록 9 · 이름 144줄,,,
character,auto,2,d_main_38_09_s,146,event_unbreakablesphere1_prologue,70,ch38,event_unbreakablesphere1,375,377,,,,person:세이렌,14,기록 2 · 이름 1줄,기록 32 · 말함 5줄(0%) · 이름 92줄,,,
keyword,auto,1,d_main_38_08,202,event_unbreakablesphere1_prologue,11,ch38,event_unbreakablesphere1,375,377,,,,concept:니케,186,기록 1 · 이름 6줄,이름 55줄,,,흔한 대상
keyword,auto,1,d_main_38_09_e,57,event_unbreakablesphere1_prologue,30,ch38,event_unbreakablesphere1,375,377,,,,concept:랩쳐,142,이름 15줄,이름 55줄,,,흔한 대상
keyword,auto,1,d_main_38_09_s,19,event_unbreakablesphere1_prologue,50,ch38,event_unbreakablesphere1,375,377,,,,place:방주,171,기록 1 · 이름 14줄,이름 20줄,,,흔한 대상
character,auto,1,d_main_38_09_e,97,ep:d_nikke_mori_01,14,ch38,char:590,375,381,,,,person:라피,85,기록 8 · 말함 155줄(13%) · 이름 13줄,말함 52줄(15%) · 이름 6줄,,,흔한 대상
character,auto,1,d_main_38_07_e,75,ep:d_nikke_mori_01,7,ch38,char:590,375,381,,,,person:아니스,119,기록 10 · 말함 155줄(13%) · 이름 45줄,말함 68줄(20%) · 이름 2줄,,,흔한 대상
keyword,auto,2,d_main_38_07_e,76,event_lordforjustice_03_s,0,ch38,event_lordforjustice,375,385,,,,place:아우터_림,43,기록 3 · 이름 8줄,기록 3 · 이름 2줄,,,
sequel,auto,3,d_main_38_09_e,,d_main_39_01,,ch38,ch39,375,396,,,,,,,,,,다음 챕터
setup_payoff,record,3,d_main_38_07_e,,d_main_39_af_01,,ch38,ch39,375,396,E667,암시,F2061,,,,,확실,확정,
setup_payoff,record,3,d_main_38_09_e,,d_main_39_01,,ch38,ch39,375,396,Q241-2,회수,Q241,,,,,확실,확정,전부 · 답 F2042
callback,record,3,d_main_38_02,,d_main_39_01,,ch38,ch39,375,396,E796,재언급,Q240,,,,,확실,확정,
character,auto,1,d_main_38_07_e,80,d_main_39_af_01,3,ch38,ch39,375,396,,,,person:네온,55,기록 4 · 말함 91줄(8%) · 이름 6줄,기록 4 · 말함 128줄(8%) · 이름 15줄,,,흔한 대상
character,auto,2,d_main_38_09_e,122,d_main_39_01,1,ch38,ch39,375,396,,,,person:지즈,9,기록 9 · 말함 122줄(10%) · 이름 42줄,기록 3 · 말함 86줄(5%) · 이름 5줄,,,
keyword,auto,2,d_main_38_09_e,76,d_main_39_01,91,ch38,ch39,375,396,,,,concept:헬레틱,40,이름 11줄,기록 1 · 이름 9줄,,,
keyword,auto,2,d_main_38_06,49,d_main_39_af_05,153,ch38,ch39,375,396,,,,org:T.T.STAR,8,기록 3 · 이름 1줄,기록 4 · 이름 2줄,,,
keyword,auto,2,d_main_38_09_e,15,d_main_39_06,72,ch38,ch39,375,396,,,,org:메티스,21,기록 3 · 이름 14줄,기록 1 · 이름 5줄,,,
setup_payoff,record,3,d_main_38_01_s,,d_main_40_01,,ch38,ch40,375,398,E657,암시,F2071,,,,,확실,확정,
character,auto,2,d_main_38_09_e,89,d_main_40_11,8,ch38,ch40,375,398,,,,person:베히모스,14,기록 4 · 이름 26줄,기록 6 · 말함 27줄(2%) · 이름 11줄,,,
character,auto,2,d_main_38_07_s,144,d_main_40_af_06,133,ch38,ch40,375,398,,,,person:프리카,7,기록 5 · 말함 87줄(7%) · 이름 10줄,기록 2 · 말함 49줄(3%) · 이름 6줄,,,
keyword,auto,2,d_main_38_04,27,fl:absolute_01,86,ch38,fl:absolute,375,400,,,,concept:타일런트_급,12,이름 6줄,이름 12줄,,,
setup_payoff,record,2,d_main_38_08,,d_main_41_01,,ch38,ch41,375,414,E671,암시,F2184,,,,,추정,확정,
character,auto,2,d_main_38_09_e,101,d_main_41_03,13,ch38,ch41,375,414,,,,person:맥스웰,15,기록 6 · 말함 133줄(11%) · 이름 7줄,기록 3 · 말함 51줄(3%) · 이름 11줄,,,
character,auto,2,d_main_38_07_s,145,d_main_41_af_01,1,ch38,ch41,375,414,,,,person:민트,6,기록 9 · 말함 90줄(8%) · 이름 8줄,기록 7 · 말함 47줄(3%) · 이름 8줄,,,
setup_payoff,record,3,d_main_38_02,,d_main_42_02,,ch38,ch42,375,416,Q240-2,회수,Q240,,,,,확실,확정,전부 · 답 F2214
character,auto,2,d_main_38_09_e,79,d_main_42_01,10,ch38,ch42,375,416,,,,person:드레이크,16,기록 3 · 말함 47줄(4%) · 이름 24줄,기록 6 · 말함 18줄(1%) · 이름 21줄,,,
character,auto,2,d_main_38_09_e,78,d_main_42_01,10,ch38,ch42,375,416,,,,person:라플라스,13,기록 2 · 말함 48줄(4%) · 이름 17줄,기록 4 · 말함 52줄(3%) · 이름 14줄,,,
setup_payoff,record,2,d_main_38_04,,d_main_46_08,,ch38,ch46,375,452,E662,암시,F2624,,,,,추정,확정,
setup_payoff,record,2,d_main_38_05_s,,event_staranis2_05_e,,ch38,event_staranis1,375,454,E664,암시,F2705,,,,,추정,확정,
setup_payoff,record,2,d_main_38_06,,event_staranis2_05_e,,ch38,event_staranis1,375,454,E665,암시,F2705,,,,,추정,확정,
setup_payoff,record,2,d_main_38_07_s,,event_staranis2_epilogue,,ch38,event_staranis1,375,454,E666,암시,F2708,,,,,추정,확정,
callback,record,2,d_main_38_05_s,,fl:b-side_idol_09,,ch38,fl:b-side_idol,375,458,E1529,재언급,F1874,,,,,추정,확정,
callback,record,2,d_main_38_05_s,,fl:bitter_spice_13,,ch38,fl:bitter_spice,375,460,E1539,재언급,F1874,,,,,추정,확정,
callback,record,3,d_main_38_09_s,,fl:great_villain_union_13,,ch38,fl:great_villain_union,375,478,E1591,재언급,F1878,,,,,확실,확정,
character,auto,2,relic:은색액체_03,0,event_unbreakablesphere1_01_e,49,relic:은색액체,event_unbreakablesphere1,376,377,,,,person:레비아탄,19,기록 2 · 이름 8줄,기록 2 · 이름 5줄,,,
keyword,auto,2,relic:은색액체_03,0,event_unbreakablesphere1_03_e,1,relic:은색액체,event_unbreakablesphere1,376,377,,,,concept:은색_액체,3,기록 3 · 이름 7줄,기록 2 · 이름 2줄,,,
keyword,auto,2,relic:은색액체_02,4,d_main_40_02,83,relic:은색액체,ch40,376,398,,,,concept:다크_매터,18,기록 1 · 이름 7줄,기록 1 · 이름 5줄,,,
keyword,auto,2,relic:은색액체_03,0,d_main_40_01,15,relic:은색액체,ch40,376,398,,,,org:포비스트,20,기록 2 · 이름 8줄,기록 5 · 이름 24줄,,,
setup_payoff,record,3,event_unbreakablesphere1_prologue,,event_unbreakablesphere1_intermission_01,,event_unbreakablesphere1,event_unbreakablesphere1,377,377,E678,암시,F1892,,,,,확실,확정,
setup_payoff,record,3,event_unbreakablesphere1_01_s,,event_unbreakablesphere1_intermission_01,,event_unbreakablesphere1,event_unbreakablesphere1,377,377,E679,암시,F1892,,,,,확실,확정,
setup_payoff,record,3,event_unbreakablesphere1_02_s,,event_unbreakablesphere1_04_s,,event_unbreakablesphere1,event_unbreakablesphere1,377,377,E680,암시,F1890,,,,,확실,확정,
setup_payoff,record,3,event_unbreakablesphere1_02_s,,event_unbreakablesphere1_intermission_01,,event_unbreakablesphere1,event_unbreakablesphere1,377,377,E681,암시,F1892,,,,,확실,확정,
setup_payoff,record,3,event_unbreakablesphere1_02_e,,event_unbreakablesphere1_intermission_01,,event_unbreakablesphere1,event_unbreakablesphere1,377,377,E682,암시,F1892,,,,,확실,확정,
setup_payoff,record,3,event_unbreakablesphere1_02_e,,event_unbreakablesphere1_intermission_01,,event_unbreakablesphere1,event_unbreakablesphere1,377,377,E683,암시,F1884-2,,,,,확실,확정,
setup_payoff,record,2,event_unbreakablesphere1_02_e,,event_unbreakablesphere1_intermission_01,,event_unbreakablesphere1,event_unbreakablesphere1,377,377,E684,암시,F1884-2,,,,,추정,확정,
setup_payoff,record,3,event_unbreakablesphere1_03_s,,event_unbreakablesphere1_04_s,,event_unbreakablesphere1,event_unbreakablesphere1,377,377,E685,암시,F1890,,,,,확실,확정,
setup_payoff,record,3,event_unbreakablesphere1_03_e,,event_unbreakablesphere2_06_e,,event_unbreakablesphere1,event_unbreakablesphere1,377,377,E687,암시,F1902,,,,,확실,확정,
setup_payoff,record,3,event_unbreakablesphere1_05_s,,event_unbreakablesphere2_04_s,,event_unbreakablesphere1,event_unbreakablesphere1,377,377,E689,암시,F1901,,,,,확실,확정,
setup_payoff,record,3,event_unbreakablesphere2_02_e,,event_unbreakablesphere2_04_s,,event_unbreakablesphere1,event_unbreakablesphere1,377,377,E696,암시,F1900,,,,,확실,확정,
setup_payoff,record,2,event_unbreakablesphere2_02_e,,event_unbreakablesphere2_04_s,,event_unbreakablesphere1,event_unbreakablesphere1,377,377,E697,암시,F1900,,,,,추정,확정,
setup_payoff,record,2,event_unbreakablesphere2_03_e,,event_unbreakablesphere2_04_s,,event_unbreakablesphere1,event_unbreakablesphere1,377,377,E702,암시,F1899,,,,,추정,확정,
callback,record,3,event_unbreakablesphere1_05_s,,event_unbreakablesphere1_05_e,,event_unbreakablesphere1,event_unbreakablesphere1,377,377,E692,재언급,F1895,,,,,확실,확정,
callback,record,3,event_unbreakablesphere1_01_s,,event_unbreakablesphere1_intermission_01,,event_unbreakablesphere1,event_unbreakablesphere1,377,377,F1884-2,드러냄,F1884,,,,,확실,확정,
sequel,auto,3,event_unbreakablesphere2_epilogue,,erelic:unbreakable_sphere_dialog_00,,event_unbreakablesphere1,erelic:unbreakable_sphere_dialog,377,378,,,,,,,,,,이벤트 → 이벤트 유실물
setup_payoff,record,2,event_unbreakablesphere1_03_s,,erelic:unbreakable_sphere_dialog_11,,event_unbreakablesphere1,erelic:unbreakable_sphere_dialog,377,378,E686,암시,F1905,,,,,추정,확정,
character,auto,2,event_unbreakablesphere2_epilogue,167,erelic:unbreakable_sphere_dialog_04,4,event_unbreakablesphere1,erelic:unbreakable_sphere_dialog,377,378,,,,person:그레이브,23,기록 2 · 말함 10줄(0%) · 이름 3줄,기록 2 · 말함 22줄(6%) · 이름 1줄,,,
character,auto,2,event_unbreakablesphere2_epilogue,208,erelic:unbreakable_sphere_dialog_01,0,event_unbreakablesphere1,erelic:unbreakable_sphere_dialog,377,378,,,,person:그레텔,8,기록 2 · 이름 5줄,기록 2 · 이름 10줄,,,
character,auto,2,event_unbreakablesphere2_epilogue,211,erelic:unbreakable_sphere_dialog_00,4,event_unbreakablesphere1,erelic:unbreakable_sphere_dialog,377,378,,,,person:리틀_머메이드,8,말함 770줄(26%) · 이름 68줄,말함 164줄(43%),,,
character,auto,2,event_unbreakablesphere2_epilogue,196,erelic:unbreakable_sphere_dialog_00,0,event_unbreakablesphere1,erelic:unbreakable_sphere_dialog,377,378,,,,person:모리,5,기록 33 · 말함 915줄(31%) · 이름 210줄,기록 1 · 말함 45줄(12%) · 이름 7줄,,,
character,auto,2,event_unbreakablesphere2_epilogue,194,erelic:unbreakable_sphere_dialog_00,2,event_unbreakablesphere1,erelic:unbreakable_sphere_dialog,377,378,,,,person:미하라,14,기록 29 · 말함 773줄(26%) · 이름 140줄,말함 39줄(10%) · 이름 2줄,,,
character,auto,2,event_unbreakablesphere2_epilogue,200,erelic:unbreakable_sphere_dialog_01,0,event_unbreakablesphere1,erelic:unbreakable_sphere_dialog,377,378,,,,person:세이렌,14,기록 32 · 말함 5줄(0%) · 이름 92줄,기록 5 · 이름 13줄,,,
character,auto,2,event_unbreakablesphere2_epilogue,210,erelic:unbreakable_sphere_dialog_01,0,event_unbreakablesphere1,erelic:unbreakable_sphere_dialog,377,378,,,,person:신데렐라,26,기록 7 · 말함 22줄(1%) · 이름 8줄,기록 2 · 말함 50줄(13%) · 이름 12줄,,,
character,auto,2,event_unbreakablesphere2_epilogue,14,erelic:unbreakable_sphere_dialog_01,0,event_unbreakablesphere1,erelic:unbreakable_sphere_dialog,377,378,,,,person:에이브,9,기록 2 · 이름 2줄,기록 3 · 말함 23줄(6%) · 이름 9줄,,,
character,auto,2,event_unbreakablesphere2_epilogue,208,erelic:unbreakable_sphere_dialog_01,0,event_unbreakablesphere1,erelic:unbreakable_sphere_dialog,377,378,,,,person:헨젤,8,기록 2 · 이름 5줄,기록 2 · 말함 9줄(2%) · 이름 10줄,,,
sequel,auto,3,event_unbreakablesphere2_epilogue,,erelic:unbreakable_sphere_lost_00,,event_unbreakablesphere1,erelic:unbreakable_sphere_lost,377,379,,,,,,,,,,이벤트 → 이벤트 유실물
setup_payoff,record,3,event_unbreakablesphere2_06_e,,erelic:unbreakable_sphere_lost_03,,event_unbreakablesphere1,erelic:unbreakable_sphere_lost,377,379,E708,암시,F1909,,,,,확실,확정,
keyword,auto,1,event_unbreakablesphere2_06_e,91,ep:d_nikke_littlemermaid_01,69,event_unbreakablesphere1,char:513,377,380,,,,concept:랩쳐,142,이름 55줄,이름 12줄,,,흔한 대상
callback,record,2,event_unbreakablesphere2_06_e,,ep:d_nikke_mori_05,,event_unbreakablesphere1,char:590,377,381,E1617,재언급,F1903,,,,,추정,확정,
keyword,auto,1,event_unbreakablesphere2_05_e,75,ep:d_nikke_mori_01,9,event_unbreakablesphere1,char:590,377,381,,,,concept:니케,186,이름 55줄,이름 10줄,,,흔한 대상
keyword,auto,2,event_unbreakablesphere1_04_s,149,ep:d_nikke_mori_02,17,event_unbreakablesphere1,char:590,377,381,,,,org:인큐베이터,2,기록 2,기록 3,,,
keyword,auto,1,event_unbreakablesphere2_epilogue,141,ep:d_nikke_mori_02,37,event_unbreakablesphere1,char:590,377,381,,,,place:지상,132,이름 26줄,이름 6줄,,,흔한 대상
callback,record,2,event_unbreakablesphere2_02_e,,ep:d_nikke_mihara_bondingchain_01,,event_unbreakablesphere1,char:162,377,382,E1434,재언급,F1898,,,,,추정,확정,
character,auto,2,event_unbreakablesphere2_epilogue,194,ep:d_nikke_mihara_bondingchain_01,42,event_unbreakablesphere1,char:162,377,382,,,,person:유니,13,기록 17 · 말함 139줄(5%) · 이름 166줄,기록 3 · 이름 12줄,,,
keyword,auto,1,event_unbreakablesphere2_epilogue,194,event_arcanearchive_01_e,14,event_unbreakablesphere1,event_arcanearchive,377,383,,,,place:방주,171,이름 20줄,기록 3 · 이름 18줄,,,흔한 대상
keyword,auto,1,event_unbreakablesphere2_02_s,55,event_ce006_1_01_s,39,event_unbreakablesphere1,event_ce006,377,387,,,,org:중앙_정부,67,기록 1 · 이름 10줄,기록 10 · 이름 64줄,,,흔한 대상
character,auto,2,event_unbreakablesphere1_06_e,40,d_main_39_01,0,event_unbreakablesphere1,ch39,377,396,,,,person:레비아탄,19,기록 2 · 이름 5줄,기록 6 · 말함 91줄(6%) · 이름 5줄,,,
keyword,auto,2,event_unbreakablesphere2_02_s,90,fl:absolute_00,116,event_unbreakablesphere1,fl:absolute,377,400,,,,place:수정_지역,14,이름 5줄,이름 5줄,,,
character,auto,2,event_unbreakablesphere2_epilogue,52,fl:reborn_evil_25,92,event_unbreakablesphere1,fl:reborn_evil,377,407,,,,person:마나,12,기록 4 · 말함 123줄(4%) · 이름 19줄,기록 2 · 말함 10줄(1%),,,
character,auto,2,event_unbreakablesphere2_epilogue,66,d_main_41_af_03,88,event_unbreakablesphere1,ch41,377,414,,,,person:지엔,7,기록 10 · 말함 192줄(6%) · 이름 17줄,기록 2 · 말함 76줄(5%) · 이름 4줄,,,
keyword,auto,2,event_unbreakablesphere2_06_e,65,d_main_41_af_05,20,event_unbreakablesphere1,ch41,377,414,,,,concept:E2_크리스탈,7,기록 3 · 이름 7줄,기록 3 · 이름 8줄,,,
callback,record,3,event_unbreakablesphere2_epilogue,,d_main_42_af_08,,event_unbreakablesphere1,ch42,377,416,E927,재언급,Q243,,,,,확실,확정,
character,auto,2,event_unbreakablesphere2_epilogue,124,d_main_42_02,129,event_unbreakablesphere1,ch42,377,416,,,,person:글러트니,5,기록 9 · 이름 144줄,기록 6 · 이름 35줄,,,
keyword,auto,2,event_unbreakablesphere1_04_s,29,fl:2x2_love_2ch_01,2,event_unbreakablesphere1,fl:2x2_love_2ch,377,445,,,,org:미실리스,32,기록 2 · 이름 2줄,기록 5 · 이름 14줄,,,
callback,record,3,event_unbreakablesphere2_06_e,,fl:wave_to_you_19,,event_unbreakablesphere1,fl:wave_to_you,377,464,E1555,재언급,F1903,,,,,확실,확정,
character,auto,2,event_unbreakablesphere2_04_s,268,fl:project_matis_00,1,event_unbreakablesphere1,fl:project_matis,377,467,,,,person:슈엔,30,기록 2 · 이름 3줄,기록 49 · 말함 1139줄(39%) · 이름 231줄,,,
character,auto,2,erelic:unbreakable_sphere_dialog_20,13,erelic:unbreakable_sphere_lost_00,0,erelic:unbreakable_sphere_dialog,erelic:unbreakable_sphere_lost,378,379,,,,person:세이렌,14,기록 5 · 이름 13줄,기록 4,,,
callback,record,3,erelic:unbreakable_sphere_dialog_13,,ep:d_nikke_littlemermaid_03,,erelic:unbreakable_sphere_dialog,char:513,378,380,E1430,재언급,F1906,,,,,확실,확정,
character,auto,2,erelic:unbreakable_sphere_dialog_19,14,ep:d_nikke_littlemermaid_01,0,erelic:unbreakable_sphere_dialog,char:513,378,380,,,,person:그레이브,23,기록 2 · 말함 22줄(6%) · 이름 1줄,기록 2 · 말함 8줄(2%),,,
character,auto,2,erelic:unbreakable_sphere_dialog_11,2,ep:d_nikke_littlemermaid_01,19,erelic:unbreakable_sphere_dialog,char:513,378,380,,,,person:그레텔,8,기록 2 · 이름 10줄,기록 2 · 말함 6줄(1%) · 이름 28줄,,,
character,auto,2,erelic:unbreakable_sphere_dialog_21,0,ep:d_nikke_littlemermaid_01,10,erelic:unbreakable_sphere_dialog,char:513,378,380,,,,person:리틀_머메이드,8,말함 164줄(43%),기록 5 · 말함 106줄(23%) · 이름 4줄,,,
character,auto,2,erelic:unbreakable_sphere_dialog_20,13,ep:d_nikke_littlemermaid_01,8,erelic:unbreakable_sphere_dialog,char:513,378,380,,,,person:신데렐라,26,기록 2 · 말함 50줄(13%) · 이름 12줄,기록 1 · 말함 83줄(18%) · 이름 6줄,,,
character,auto,2,erelic:unbreakable_sphere_dialog_16,4,ep:d_nikke_littlemermaid_01,5,erelic:unbreakable_sphere_dialog,char:513,378,380,,,,person:에이브,9,기록 3 · 말함 23줄(6%) · 이름 9줄,기록 3 · 말함 125줄(28%) · 이름 11줄,,,
character,auto,2,erelic:unbreakable_sphere_dialog_11,2,ep:d_nikke_littlemermaid_01,19,erelic:unbreakable_sphere_dialog,char:513,378,380,,,,person:헨젤,8,기록 2 · 말함 9줄(2%) · 이름 10줄,기록 3 · 말함 75줄(17%) · 이름 28줄,,,
character,auto,2,erelic:unbreakable_sphere_dialog_17,18,ep:d_nikke_mori_01,1,erelic:unbreakable_sphere_dialog,char:590,378,381,,,,person:모리,5,기록 1 · 말함 45줄(12%) · 이름 7줄,기록 8 · 말함 187줄(54%) · 이름 38줄,,,
character,auto,2,erelic:unbreakable_sphere_dialog_18,17,ep:d_nikke_mihara_bondingchain_01,1,erelic:unbreakable_sphere_dialog,char:162,378,382,,,,person:미하라,14,말함 39줄(10%) · 이름 2줄,기록 14 · 말함 269줄(60%) · 이름 51줄,,,
callback,record,3,erelic:unbreakable_sphere_dialog_01,,fl:wave_to_you_05,,erelic:unbreakable_sphere_dialog,fl:wave_to_you,378,464,E1558,재언급,F1904,,,,,확실,확정,
character,auto,2,erelic:unbreakable_sphere_lost_03,0,ep:d_nikke_littlemermaid_01,0,erelic:unbreakable_sphere_lost,char:513,379,380,,,,person:세이렌,14,기록 4,기록 2 · 이름 32줄,,,
setup_payoff,record,3,erelic:unbreakable_sphere_lost_03,,side:eden_spear_12,,erelic:unbreakable_sphere_lost,side:eden_spear,379,411,Q244-2,회수,Q244,,,,,확실,확정,전부 · 답 F2173
prereq,game-condition,3,ep:d_nikke_littlemermaid_01,,ep:d_nikke_littlemermaid_02,,char:513,char:513,380,380,,,,,,,,,,condition_scenario_group_id
prereq,game-condition,3,ep:d_nikke_littlemermaid_02,,ep:d_nikke_littlemermaid_03,,char:513,char:513,380,380,,,,,,,,,,condition_scenario_group_id
prereq,game-condition,3,ep:d_nikke_littlemermaid_03,,ep:d_nikke_littlemermaid_04,,char:513,char:513,380,380,,,,,,,,,,condition_scenario_group_id
prereq,game-condition,3,ep:d_nikke_littlemermaid_04,,ep:d_nikke_littlemermaid_05,,char:513,char:513,380,380,,,,,,,,,,condition_scenario_group_id
character,auto,2,ep:d_nikke_littlemermaid_05,93,ep:d_nikke_mihara_bondingchain_01,93,char:513,char:162,380,382,,,,person:리틀_머메이드,8,기록 5 · 말함 106줄(23%) · 이름 4줄,기록 3 · 말함 178줄(40%) · 이름 18줄,,,
keyword,auto,1,ep:d_nikke_littlemermaid_04,82,event_lordforjustice_04_s,54,char:513,event_lordforjustice,380,385,,,,concept:랩쳐,142,이름 12줄,이름 5줄,,,흔한 대상
character,auto,2,ep:d_nikke_littlemermaid_03,87,d_main_42_02,36,char:513,ch42,380,416,,,,person:그레이브,23,기록 2 · 말함 8줄(2%),기록 5 · 말함 33줄(2%) · 이름 7줄,,,
character,auto,2,ep:d_nikke_littlemermaid_05,72,d_main_42_02,60,char:513,ch42,380,416,,,,person:그레텔,8,기록 2 · 말함 6줄(1%) · 이름 28줄,기록 3 · 이름 3줄,,,
character,auto,2,ep:d_nikke_littlemermaid_05,94,d_main_42_02,38,char:513,ch42,380,416,,,,person:세이렌,14,기록 2 · 이름 32줄,기록 4 · 이름 36줄,,,
character,auto,2,ep:d_nikke_littlemermaid_05,88,d_main_42_01,10,char:513,ch42,380,416,,,,person:신데렐라,26,기록 1 · 말함 83줄(18%) · 이름 6줄,기록 12 · 말함 95줄(5%) · 이름 22줄,,,
character,auto,2,ep:d_nikke_littlemermaid_05,82,d_main_42_02,60,char:513,ch42,380,416,,,,person:헨젤,8,기록 3 · 말함 75줄(17%) · 이름 28줄,기록 3 · 이름 3줄,,,
character,auto,2,ep:d_nikke_littlemermaid_05,94,fl:ark_guardian_12,71,char:513,fl:ark_guardian,380,428,,,,person:레드_슈즈,9,기록 2 · 말함 51줄(11%) · 이름 3줄,기록 3 · 이름 2줄,,,
character,auto,2,ep:d_nikke_littlemermaid_05,100,fl:ark_guardian_12,71,char:513,fl:ark_guardian,380,428,,,,person:에이브,9,기록 3 · 말함 125줄(28%) · 이름 11줄,기록 2 · 이름 1줄,,,
prereq,game-condition,3,ep:d_nikke_mori_01,,ep:d_nikke_mori_02,,char:590,char:590,381,381,,,,,,,,,,condition_scenario_group_id
prereq,game-condition,3,ep:d_nikke_mori_02,,ep:d_nikke_mori_03,,char:590,char:590,381,381,,,,,,,,,,condition_scenario_group_id
prereq,game-condition,3,ep:d_nikke_mori_03,,ep:d_nikke_mori_04,,char:590,char:590,381,381,,,,,,,,,,condition_scenario_group_id
prereq,game-condition,3,ep:d_nikke_mori_04,,ep:d_nikke_mori_05,,char:590,char:590,381,381,,,,,,,,,,condition_scenario_group_id
keyword,auto,1,ep:d_nikke_mori_05,9,event_arcanearchive_04_e,25,char:590,event_arcanearchive,381,383,,,,concept:니케,186,이름 10줄,이름 5줄,,,흔한 대상
keyword,auto,1,ep:d_nikke_mori_04,107,ep:d_nikke_arcana_01,46,char:590,char:581,381,384,,,,place:지상,132,이름 6줄,이름 6줄,,,흔한 대상
character,auto,1,ep:d_nikke_mori_05,106,event_ce006_1_01_s,5,char:590,event_ce006,381,387,,,,person:라피,85,말함 52줄(15%) · 이름 6줄,기록 3 · 말함 189줄(6%) · 이름 13줄,,,흔한 대상
character,auto,1,ep:d_nikke_mori_05,78,event_ce006_1_01_s,6,char:590,event_ce006,381,387,,,,person:아니스,119,말함 68줄(20%) · 이름 2줄,기록 2 · 말함 222줄(7%) · 이름 5줄,,,흔한 대상
character,auto,2,ep:d_nikke_mori_05,93,d_main_42_02,49,char:590,ch42,381,416,,,,person:모리,5,기록 8 · 말함 187줄(54%) · 이름 38줄,기록 5 · 말함 71줄(4%) · 이름 11줄,,,
prereq,game-condition,3,ep:d_nikke_mihara_bondingchain_01,,ep:d_nikke_mihara_bondingchain_02,,char:162,char:162,382,382,,,,,,,,,,condition_scenario_group_id
prereq,game-condition,3,ep:d_nikke_mihara_bondingchain_02,,ep:d_nikke_mihara_bondingchain_03,,char:162,char:162,382,382,,,,,,,,,,condition_scenario_group_id
prereq,game-condition,3,ep:d_nikke_mihara_bondingchain_03,,ep:d_nikke_mihara_bondingchain_04,,char:162,char:162,382,382,,,,,,,,,,condition_scenario_group_id
prereq,game-condition,3,ep:d_nikke_mihara_bondingchain_04,,ep:d_nikke_mihara_bondingchain_05,,char:162,char:162,382,382,,,,,,,,,,condition_scenario_group_id
setup_payoff,record,3,ep:d_nikke_mihara_bondingchain_04,,ep:d_nikke_mihara_bondingchain_04,,char:162,char:162,382,382,Q246-2,회수,Q246,,,,,확실,확정,일부 · 답 F2898
character,auto,2,ep:d_nikke_mihara_bondingchain_05,65,d_main_42_01,28,char:162,ch42,382,416,,,,person:리틀_머메이드,8,기록 3 · 말함 178줄(40%) · 이름 18줄,기록 9 · 말함 95줄(5%) · 이름 28줄,,,
setup_payoff,record,3,event_arcanearchive_02_s,,event_arcanearchive_intermission_01,,event_arcanearchive,event_arcanearchive,383,383,E713,암시,F1929,,,,,확실,확정,
setup_payoff,record,2,event_arcanearchive_02_s,,event_arcanearchive_intermission_01,,event_arcanearchive,event_arcanearchive,383,383,E714,암시,F1929,,,,,추정,확정,
setup_payoff,record,3,event_arcanearchive_02_e,,event_arcanearchive_intermission_01,,event_arcanearchive,event_arcanearchive,383,383,E715,암시,F1929,,,,,확실,확정,
setup_payoff,record,3,event_arcanearchive_03_e,,event_arcanearchive_intermission_01,,event_arcanearchive,event_arcanearchive,383,383,E716,암시,F1929,,,,,확실,확정,
setup_payoff,record,2,event_arcanearchive_03_s,,event_arcanearchive_05_s,,event_arcanearchive,event_arcanearchive,383,383,E717,암시,F1933,,,,,추정,확정,
character,auto,2,event_arcanearchive_epilogue,103,ep:d_nikke_arcana_01,0,event_arcanearchive,char:581,383,384,,,,person:아르카나,8,기록 27 · 말함 672줄(71%) · 이름 132줄,기록 8 · 말함 294줄(100%) · 이름 47줄,,,
setup_payoff,record,2,event_arcanearchive_03_s,,event_lordforjustice_05_e,,event_arcanearchive,event_lordforjustice,383,385,E718,암시,F1966,,,,,추정,확정,
setup_payoff,record,2,event_arcanearchive_04_s,,event_lordforjustice_intermission_01,,event_arcanearchive,event_lordforjustice,383,385,E721,암시,F1958,,,,,추정,확정,
setup_payoff,record,2,event_arcanearchive_05_s,,event_lordforjustice_06_s,,event_arcanearchive,event_lordforjustice,383,385,E723,암시,F1969,,,,,추정,확정,
setup_payoff,record,2,event_arcanearchive_06_e,,event_lordforjustice_epilogue,,event_arcanearchive,event_lordforjustice,383,385,E727,암시,F1971,,,,,추정,확정,
callback,record,3,event_arcanearchive_01_s,,event_lordforjustice_01_e,,event_arcanearchive,event_lordforjustice,383,385,E734,재언급,F1927,,,,,확실,확정,
callback,record,3,event_arcanearchive_intermission_01,,event_lordforjustice_epilogue,,event_arcanearchive,event_lordforjustice,383,385,E739,재언급,F1929,,,,,확실,확정,
character,auto,2,event_arcanearchive_04_e,32,event_lordforjustice_01_e,12,event_arcanearchive,event_lordforjustice,383,385,,,,person:D,9,기록 3 · 말함 16줄(2%) · 이름 5줄,기록 8 · 말함 40줄(6%) · 이름 13줄,,,
character,auto,2,event_arcanearchive_04_e,60,event_lordforjustice_prologue,0,event_arcanearchive,event_lordforjustice,383,385,,,,person:K,8,기록 3 · 말함 35줄(4%) · 이름 8줄,기록 28 · 말함 269줄(37%) · 이름 83줄,,,
keyword,auto,1,event_arcanearchive_06_e,70,event_lordforjustice_01_s,29,event_arcanearchive,event_lordforjustice,383,385,,,,concept:니케,186,이름 5줄,기록 1 · 이름 7줄,,,흔한 대상
keyword,auto,2,event_arcanearchive_06_e,82,event_lordforjustice_prologue,0,event_arcanearchive,event_lordforjustice,383,385,,,,org:저지스,5,기록 2 · 이름 1줄,기록 14 · 이름 18줄,,,
keyword,auto,2,event_arcanearchive_06_e,82,event_lordforjustice_01_e,72,event_arcanearchive,event_lordforjustice,383,385,,,,place:금서고,4,기록 7 · 이름 16줄,기록 4 · 이름 9줄,,,
keyword,auto,1,event_arcanearchive_epilogue,39,event_lordforjustice_prologue,0,event_arcanearchive,event_lordforjustice,383,385,,,,place:방주,171,기록 3 · 이름 18줄,기록 1 · 이름 16줄,,,흔한 대상
keyword,auto,2,event_arcanearchive_06_s,68,event_ce006_1_prologue,75,event_arcanearchive,event_ce006,383,387,,,,org:카운터스,32,기록 3 · 이름 9줄,기록 4 · 이름 6줄,,,
callback,record,2,event_arcanearchive_05_e,,fl:absolute_04,,event_arcanearchive,fl:absolute,383,400,E852,재언급,F1935,,,,,추정,확정,
character,auto,2,event_arcanearchive_06_e,154,fl:absolute_00,0,event_arcanearchive,fl:absolute,383,400,,,,person:잉그리드,37,기록 7 · 말함 59줄(6%) · 이름 18줄,기록 8 · 말함 141줄(7%) · 이름 9줄,,,
setup_payoff,record,3,event_arcanearchive_epilogue,,fl:go_ninja_thief_01,,event_arcanearchive,fl:go_ninja_thief,383,412,E729,암시,F2176,,,,,확실,확정,
character,auto,2,event_arcanearchive_epilogue,102,fl:go_ninja_thief_00,4,event_arcanearchive,fl:go_ninja_thief,383,412,,,,person:팬텀,8,기록 4 · 말함 93줄(10%) · 이름 14줄,기록 4 · 말함 255줄(26%) · 이름 15줄,,,
keyword,auto,2,event_arcanearchive_06_e,87,erelic:goddess_fall_mini_01,18,event_arcanearchive,erelic:goddess_fall_mini,383,419,,,,org:갓데스,30,기록 6 · 이름 17줄,기록 4 · 이름 8줄,,,
setup_payoff,record,2,event_arcanearchive_06_e,,fl:ark_guardian_26,,event_arcanearchive,fl:ark_guardian,383,428,Q248-2,회수,Q248,,,,,추정,확정,일부 · 답 F2375
character,auto,2,event_arcanearchive_06_e,136,fl:ark_guardian_05,0,event_arcanearchive,fl:ark_guardian,383,428,,,,person:오스왈드,7,기록 3 · 이름 26줄,기록 15 · 말함 127줄(7%) · 이름 48줄,,,
keyword,auto,2,event_arcanearchive_05_e,54,fl:ark_guardian_05,9,event_arcanearchive,fl:ark_guardian,383,428,,,,incident:아크_가디언_작전,7,기록 3 · 이름 10줄,기록 4 · 이름 11줄,,,
setup_payoff,record,2,event_arcanearchive_04_e,,fl:sin_editor_00,,event_arcanearchive,fl:sin_editor,383,430,E722,암시,F2383,,,,,추정,확정,
keyword,auto,2,event_arcanearchive_06_e,170,fl:sin_editor_00,2,event_arcanearchive,fl:sin_editor,383,430,,,,concept:기억_소거,9,기록 3 · 이름 16줄,기록 2 · 이름 6줄,,,
keyword,auto,2,event_arcanearchive_06_e,136,fl:sin_editor_00,2,event_arcanearchive,fl:sin_editor,383,430,,,,org:베스트셀러,4,기록 9 · 이름 8줄,기록 3 · 이름 3줄,,,
keyword,auto,2,event_arcanearchive_06_e,140,d_main_43_01,11,event_arcanearchive,ch43,383,434,,,,org:엘리시온,17,기록 2 · 이름 6줄,기록 5 · 이름 6줄,,,
callback,record,3,event_arcanearchive_05_e,,fl:2x2_love_1ch_06,,event_arcanearchive,fl:2x2_love_1ch,383,444,E1487,재언급,F1935,,,,,확실,확정,
callback,record,3,event_arcanearchive_01_s,,fl:2x2_love_1ch_11,,event_arcanearchive,fl:2x2_love_1ch,383,444,E1490,재언급,F1927,,,,,확실,확정,
callback,record,2,event_arcanearchive_prologue,,fl:2x2_love_1ch_39,,event_arcanearchive,fl:2x2_love_1ch,383,444,E1504,재언급,F1926,,,,,추정,확정,
callback,record,3,event_arcanearchive_01_s,,fl:2x2_love_2ch_31,,event_arcanearchive,fl:2x2_love_2ch,383,445,E1509,재언급,F1927,,,,,확실,확정,
callback,record,3,event_arcanearchive_04_s,,fl:2x2_love_2ch_36,,event_arcanearchive,fl:2x2_love_2ch,383,445,E1515,재언급,F1930,,,,,확실,확정,
callback,record,2,event_arcanearchive_01_s,,fl:2x2_love_2ch_47,,event_arcanearchive,fl:2x2_love_2ch,383,445,E1519,재언급,F1927,,,,,추정,확정,
callback,record,2,event_arcanearchive_05_s,,fl:2x2_love_2ch_47,,event_arcanearchive,fl:2x2_love_2ch,383,445,E1519,재언급,F1933,,,,,추정,확정,
setup_payoff,record,2,event_arcanearchive_05_s,,side:pretty_star_14,,event_arcanearchive,side:pretty_star,383,447,E724,암시,F2558,,,,,추정,확정,
setup_payoff,record,2,event_arcanearchive_06_e,,side:pretty_star_14,,event_arcanearchive,side:pretty_star,383,447,Q247-2,회수,Q247,,,,,추정,확정,전부 · 답 F2559
callback,record,3,event_arcanearchive_05_s,,side:pretty_star_14,,event_arcanearchive,side:pretty_star,383,447,E1065,재언급,F1934,,,,,확실,확정,
setup_payoff,record,2,event_arcanearchive_05_e,,d_main_46_af_06,,event_arcanearchive,ch46,383,452,E725,암시,F2649,,,,,추정,확정,
setup_payoff,record,3,event_arcanearchive_06_e,,d_main_46_af_02,,event_arcanearchive,ch46,383,452,Q248-3,회수,Q248,,,,,확실,확정,전부 · 답 F2649
callback,record,2,event_arcanearchive_04_e,,ep:d_nikke_ce009_01_05,,event_arcanearchive,char:870,383,476,E1634,재언급,F1931,,,,,추정,확정,
prereq,game-condition,3,ep:d_nikke_arcana_01,,ep:d_nikke_arcana_02,,char:581,char:581,384,384,,,,,,,,,,condition_scenario_group_id
prereq,game-condition,3,ep:d_nikke_arcana_02,,ep:d_nikke_arcana_03,,char:581,char:581,384,384,,,,,,,,,,condition_scenario_group_id
prereq,game-condition,3,ep:d_nikke_arcana_03,,ep:d_nikke_arcana_04,,char:581,char:581,384,384,,,,,,,,,,condition_scenario_group_id
prereq,game-condition,3,ep:d_nikke_arcana_04,,ep:d_nikke_arcana_05,,char:581,char:581,384,384,,,,,,,,,,condition_scenario_group_id
character,auto,2,ep:d_nikke_arcana_05,110,event_lordforjustice_01_e,12,char:581,event_lordforjustice,384,385,,,,person:아르카나,8,기록 8 · 말함 294줄(100%) · 이름 47줄,기록 4 · 말함 47줄(6%) · 이름 12줄,,,
keyword,auto,1,ep:d_nikke_arcana_02,12,event_ce006_1_prologue,79,char:581,event_ce006,384,387,,,,place:지상,132,이름 6줄,기록 1 · 이름 43줄,,,흔한 대상
callback,record,3,ep:d_nikke_arcana_04,,fl:2x2_love_1ch_01,,char:581,fl:2x2_love_1ch,384,444,E1484,재언급,F1946,,,,,확실,확정,
callback,record,2,ep:d_nikke_arcana_04,,fl:2x2_love_1ch_11,,char:581,fl:2x2_love_1ch,384,444,E1489,재언급,F1946,,,,,추정,확정,
callback,record,3,ep:d_nikke_arcana_04,,fl:2x2_love_1ch_20,,char:581,fl:2x2_love_1ch,384,444,E1497,재언급,F1946,,,,,확실,확정,
callback,record,3,ep:d_nikke_arcana_04,,fl:2x2_love_2ch_34,,char:581,fl:2x2_love_2ch,384,445,E1514,재언급,F1946,,,,,확실,확정,
callback,record,2,ep:d_nikke_arcana_04,,fl:2x2_love_2ch_44,,char:581,fl:2x2_love_2ch,384,445,E1518,재언급,F1946,,,,,추정,확정,
callback,record,3,ep:d_nikke_arcana_02,,fl:2x2_love_2ch_62,,char:581,fl:2x2_love_2ch,384,445,E1521,재언급,F1943,,,,,확실,확정,
setup_payoff,record,2,event_lordforjustice_prologue,,event_lordforjustice_04_s,,event_lordforjustice,event_lordforjustice,385,385,E730,암시,F1960,,,,,추정,확정,
setup_payoff,record,2,event_lordforjustice_prologue,,event_lordforjustice_05_e,,event_lordforjustice,event_lordforjustice,385,385,E731,암시,F1966,,,,,추정,확정,
setup_payoff,record,3,event_lordforjustice_01_s,,event_lordforjustice_02_e,,event_lordforjustice,event_lordforjustice,385,385,E732,암시,F1953,,,,,확실,확정,
setup_payoff,record,3,event_lordforjustice_01_e,,event_lordforjustice_05_e,,event_lordforjustice,event_lordforjustice,385,385,E733,암시,F1966,,,,,확실,확정,
setup_payoff,record,2,event_lordforjustice_02_e,,event_lordforjustice_04_s,,event_lordforjustice,event_lordforjustice,385,385,E737,암시,F1960,,,,,추정,확정,
character,auto,2,event_lordforjustice_epilogue,59,ep:d_nikke_k_01,10,event_lordforjustice,char:41,385,386,,,,person:K,8,기록 28 · 말함 269줄(37%) · 이름 83줄,기록 5 · 말함 190줄(93%) · 이름 58줄,,,
keyword,auto,1,event_lordforjustice_epilogue,49,event_ce006_1_prologue,75,event_lordforjustice,event_ce006,385,387,,,,concept:니케,186,기록 1 · 이름 7줄,기록 1 · 이름 50줄,,,흔한 대상
keyword,auto,1,event_lordforjustice_04_s,54,event_ce006_1_prologue,27,event_lordforjustice,event_ce006,385,387,,,,concept:랩쳐,142,이름 5줄,기록 3 · 이름 65줄,,,흔한 대상
keyword,auto,1,event_lordforjustice_06_s,93,event_ce006_1_01_e,72,event_lordforjustice,event_ce006,385,387,,,,place:방주,171,기록 1 · 이름 16줄,기록 6 · 이름 194줄,,,흔한 대상
keyword,auto,2,event_lordforjustice_04_s,52,event_overthehorizon_04_e,58,event_lordforjustice,event_overthehorizon,385,391,,,,place:아우터_림,43,기록 3 · 이름 2줄,기록 5 · 이름 12줄,,,
character,auto,2,event_lordforjustice_04_s,66,d_main_40_af_01,34,event_lordforjustice,ch40,385,398,,,,person:식스오,9,기록 2 · 이름 4줄,기록 4 · 이름 10줄,,,
keyword,auto,2,event_lordforjustice_02_e,90,d_main_40_af_01,161,event_lordforjustice,ch40,385,398,,,,concept:미스트,7,기록 3 · 이름 4줄,기록 2 · 이름 2줄,,,
sequel,manual,2,event_lordforjustice_epilogue,,fl:reborn_evil_00,,event_lordforjustice,fl:reborn_evil,385,407,Y45,,,,,,,확실,확정,reborn_evil은 lordforjustice 에필로그에서 프리랜서가 된 K가 D와 이어 가던 사이비 조사(데이파라)를 출발점으로 한다.
setup_payoff,record,2,event_lordforjustice_epilogue,,fl:reborn_evil_13,,event_lordforjustice,fl:reborn_evil,385,407,E741,암시,F2142,,,,,추정,확정,
setup_payoff,record,3,event_lordforjustice_04_s,,fl:reborn_evil_13,,event_lordforjustice,fl:reborn_evil,385,407,Q250-2,회수,Q250,,,,,확실,확정,전부 · 답 F2142
callback,record,2,event_lordforjustice_06_e,,fl:reborn_evil_23,,event_lordforjustice,fl:reborn_evil,385,407,E881,재언급,F1970,,,,,추정,확정,
character,auto,2,event_lordforjustice_epilogue,60,fl:reborn_evil_01,4,event_lordforjustice,fl:reborn_evil,385,407,,,,person:D,9,기록 8 · 말함 40줄(6%) · 이름 13줄,기록 8 · 말함 247줄(17%) · 이름 53줄,,,
character,auto,2,event_lordforjustice_epilogue,88,fl:reborn_evil_03,102,event_lordforjustice,fl:reborn_evil,385,407,,,,person:X,2,기록 8 · 말함 112줄(15%) · 이름 10줄,기록 4 · 말함 15줄(1%) · 이름 9줄,,,
character,auto,2,event_lordforjustice_epilogue,60,fl:reborn_evil_00,0,event_lordforjustice,fl:reborn_evil,385,407,,,,person:데이파라,4,기록 2 · 이름 1줄,기록 10 · 말함 136줄(9%) · 이름 44줄,,,
character,auto,2,event_lordforjustice_epilogue,43,fl:sin_editor_00,2,event_lordforjustice,fl:sin_editor,385,430,,,,person:아르카나,8,기록 4 · 말함 47줄(6%) · 이름 12줄,기록 6 · 말함 145줄(19%) · 이름 22줄,,,
setup_payoff,record,2,event_lordforjustice_04_s,,d_main_44_af_03,,event_lordforjustice,ch44,385,436,Q249-2,회수,Q249,,,,,추정,확정,일부 · 답 F2444
callback,record,3,event_lordforjustice_02_e,,d_main_44_af_05,,event_lordforjustice,ch44,385,436,E1031,재언급,F1953,,,,,확실,확정,
character,auto,2,event_lordforjustice_06_e,63,d_main_44_af_04,190,event_lordforjustice,ch44,385,436,,,,person:목단,9,기록 10 · 말함 150줄(21%) · 이름 37줄,기록 6 · 말함 150줄(7%) · 이름 25줄,,,
keyword,auto,2,event_lordforjustice_05_s,8,d_main_44_af_04,188,event_lordforjustice,ch44,385,436,,,,org:모란회,4,기록 2 · 이름 3줄,기록 4 · 이름 18줄,,,
keyword,auto,2,event_lordforjustice_epilogue,61,d_main_44_af_03,52,event_lordforjustice,ch44,385,436,,,,org:저지스,5,기록 14 · 이름 18줄,기록 2 · 이름 7줄,,,
keyword,auto,2,event_lordforjustice_04_e,16,fl:2x2_love_1ch_15,35,event_lordforjustice,fl:2x2_love_1ch,385,444,,,,place:금서고,4,기록 4 · 이름 9줄,기록 3 · 이름 8줄,,,
setup_payoff,record,2,event_lordforjustice_04_s,,d_main_45_09,,event_lordforjustice,ch45,385,450,E738,암시,F2596,,,,,추정,확정,
prereq,game-condition,3,ep:d_nikke_k_01,,ep:d_nikke_k_02,,char:41,char:41,386,386,,,,,,,,,,condition_scenario_group_id
prereq,game-condition,3,ep:d_nikke_k_02,,ep:d_nikke_k_03,,char:41,char:41,386,386,,,,,,,,,,condition_scenario_group_id
prereq,game-condition,3,ep:d_nikke_k_03,,ep:d_nikke_k_04,,char:41,char:41,386,386,,,,,,,,,,condition_scenario_group_id
prereq,game-condition,3,ep:d_nikke_k_04,,ep:d_nikke_k_05,,char:41,char:41,386,386,,,,,,,,,,condition_scenario_group_id
character,auto,2,ep:d_nikke_k_05,93,fl:reborn_evil_01,4,char:41,fl:reborn_evil,386,407,,,,person:K,8,기록 5 · 말함 190줄(93%) · 이름 58줄,기록 5 · 말함 87줄(6%) · 이름 15줄,,,
setup_payoff,record,3,event_ce006_1_01_s,,event_ce006_2_03_s,,event_ce006,event_ce006,387,387,E742,암시,F1987,,,,,확실,확정,
setup_payoff,record,3,event_ce006_1_01_e,,event_ce006_2_04_e,,event_ce006,event_ce006,387,387,E743,암시,F1997,,,,,확실,확정,
setup_payoff,record,3,event_ce006_1_03_s,,event_ce006_1_05_s,,event_ce006,event_ce006,387,387,E746,암시,F1982,,,,,확실,확정,
setup_payoff,record,3,event_ce006_1_03_s,,event_ce006_3_03_e,,event_ce006,event_ce006,387,387,E746,암시,F1995,,,,,확실,확정,
setup_payoff,record,3,event_ce006_1_03_s,,event_ce006_3_03_e,,event_ce006,event_ce006,387,387,E747,암시,F1995,,,,,확실,확정,
setup_payoff,record,3,event_ce006_1_03_e,,event_ce006_2_04_e,,event_ce006,event_ce006,387,387,E748,암시,F1997,,,,,확실,확정,
setup_payoff,record,3,event_ce006_1_03_e,,event_ce006_3_03_s,,event_ce006,event_ce006,387,387,E750,암시,F1996,,,,,확실,확정,
setup_payoff,record,3,event_ce006_1_03_e,,event_ce006_2_05_s,,event_ce006,event_ce006,387,387,E751,암시,F1992,,,,,확실,확정,
setup_payoff,record,3,event_ce006_1_04_e,,event_ce006_1_06_e,,event_ce006,event_ce006,387,387,E752,암시,F1985,,,,,확실,확정,
setup_payoff,record,2,event_ce006_1_04_e,,event_ce006_2_intermission_01,,event_ce006,event_ce006,387,387,E753,암시,F1988,,,,,추정,확정,
setup_payoff,record,2,event_ce006_1_05_e,,event_ce006_3_epilogue,,event_ce006,event_ce006,387,387,E754,암시,F2001,,,,,추정,확정,
setup_payoff,record,3,event_ce006_1_05_e,,event_ce006_2_04_e,,event_ce006,event_ce006,387,387,E755,암시,F1997,,,,,확실,확정,
setup_payoff,record,3,event_ce006_1_06_s,,event_ce006_1_06_e,,event_ce006,event_ce006,387,387,E756,암시,F1984,,,,,확실,확정,
setup_payoff,record,3,event_ce006_1_06_s,,event_ce006_3_03_e,,event_ce006,event_ce006,387,387,E756,암시,F1995,,,,,확실,확정,
setup_payoff,record,3,event_ce006_2_01_s,,event_ce006_2_03_s,,event_ce006,event_ce006,387,387,E757,암시,F1987,,,,,확실,확정,
setup_payoff,record,3,event_ce006_2_01_e,,event_ce006_2_02_e,,event_ce006,event_ce006,387,387,E758,암시,F1986,,,,,확실,확정,
setup_payoff,record,3,event_ce006_2_01_e,,event_ce006_2_06_e,,event_ce006,event_ce006,387,387,E758,암시,F2000,,,,,확실,확정,
setup_payoff,record,3,event_ce006_2_02_s,,event_ce006_2_05_s,,event_ce006,event_ce006,387,387,E759,암시,F1992,,,,,확실,확정,
setup_payoff,record,3,event_ce006_2_03_e,,event_ce006_2_06_e,,event_ce006,event_ce006,387,387,E761,암시,F2000,,,,,확실,확정,
setup_payoff,record,3,event_ce006_2_03_e,,event_ce006_2_05_s,,event_ce006,event_ce006,387,387,E762,암시,F1990,,,,,확실,확정,
setup_payoff,record,3,event_ce006_3_02_s,,event_ce006_2_05_s,,event_ce006,event_ce006,387,387,E763,암시,F1992,,,,,확실,확정,
setup_payoff,record,2,event_ce006_2_05_s,,event_ce006_2_06_e,,event_ce006,event_ce006,387,387,E764,암시,F2000,,,,,추정,확정,
setup_payoff,record,2,event_ce006_2_05_s,,event_ce006_3_epilogue,,event_ce006,event_ce006,387,387,E764,암시,F2002,,,,,추정,확정,
setup_payoff,record,2,event_ce006_2_04_e,,event_ce006_3_03_s,,event_ce006,event_ce006,387,387,E765,암시,F1996,,,,,추정,확정,
setup_payoff,record,2,event_ce006_2_04_e,,event_ce006_3_epilogue,,event_ce006,event_ce006,387,387,E765,암시,F2001,,,,,추정,확정,
setup_payoff,record,3,event_ce006_2_06_s,,event_ce006_2_06_e,,event_ce006,event_ce006,387,387,E766,암시,F2000,,,,,확실,확정,
setup_payoff,record,3,event_ce006_1_03_e,,event_ce006_3_03_s,,event_ce006,event_ce006,387,387,Q252-2,회수,Q252,,,,,확실,확정,전부 · 답 F1995
callback,record,3,event_ce006_3_03_e,,event_ce006_3_epilogue,,event_ce006,event_ce006,387,387,E768,재언급,F1995,,,,,확실,확정,
callback,record,3,event_ce006_1_05_e,,ep:d_nikke_ce006_03_02,,event_ce006,char:852,387,388,F1979-2,드러냄,F1979,,,,,확실,확정,
character,auto,2,event_ce006_2_06_e,133,ep:d_nikke_ce006_03_01,3,event_ce006,char:852,387,388,,,,person:릴리,2,기록 3 · 말함 253줄(8%) · 이름 32줄,기록 1 · 말함 133줄(45%) · 이름 8줄,,,
character,auto,2,event_ce006_2_06_e,131,ep:d_nikke_ce006_03_01,13,event_ce006,char:852,387,388,,,,person:아담,2,기록 2 · 말함 178줄(5%) · 이름 21줄,말함 39줄(13%) · 이름 6줄,,,
character,auto,2,event_ce006_2_06_e,182,ep:d_nikke_ce006_03_01,0,event_ce006,char:852,387,388,,,,person:일레그,14,기록 3 · 말함 175줄(5%) · 이름 22줄,기록 3 · 말함 121줄(41%) · 이름 12줄,,,
keyword,auto,1,event_ce006_2_06_e,158,ep:d_nikke_ce006_03_03,3,event_ce006,char:852,387,388,,,,concept:랩쳐,142,기록 3 · 이름 65줄,이름 5줄,,,흔한 대상
character,auto,1,event_ce006_2_06_e,200,ep:d_nikke_ce006_01_01,30,event_ce006,char:850,387,389,,,,person:라피,85,기록 3 · 말함 189줄(6%) · 이름 13줄,말함 34줄(17%) · 이름 2줄,,,흔한 대상
character,auto,1,event_ce006_2_06_e,191,ep:d_nikke_ce006_01_01,2,event_ce006,char:850,387,389,,,,person:아니스,119,기록 2 · 말함 222줄(7%) · 이름 5줄,기록 1 · 말함 35줄(17%) · 이름 1줄,,,흔한 대상
character,auto,2,event_ce006_2_06_e,157,ep:d_nikke_ce006_01_01,4,event_ce006,char:850,387,389,,,,person:이브,2,기록 2 · 말함 240줄(7%) · 이름 67줄,기록 1 · 말함 80줄(39%) · 이름 9줄,,,
keyword,auto,1,event_ce006_3_epilogue,82,ep:d_nikke_ce006_01_01,0,event_ce006,char:850,387,389,,,,place:지상,132,기록 1 · 이름 43줄,기록 1 · 이름 16줄,,,흔한 대상
character,auto,2,event_ce006_3_epilogue,146,ep:d_nikke_ce006_02_01,0,event_ce006,char:851,387,390,,,,person:콤,2,기록 24 · 말함 387줄(12%) · 이름 91줄,기록 2 · 말함 148줄(54%) · 이름 12줄,,,
keyword,auto,1,event_ce006_3_epilogue,88,ep:d_nikke_ce006_02_02,17,event_ce006,char:851,387,390,,,,concept:니케,186,기록 1 · 이름 50줄,이름 15줄,,,흔한 대상
keyword,auto,1,event_ce006_2_06_e,188,ep:d_nikke_ce006_02_02,25,event_ce006,char:851,387,390,,,,place:방주,171,기록 6 · 이름 194줄,이름 12줄,,,흔한 대상
keyword,auto,1,event_ce006_3_epilogue,82,event_overthehorizon_01_s,8,event_ce006,event_overthehorizon,387,391,,,,org:중앙_정부,67,기록 10 · 이름 64줄,이름 14줄,,,흔한 대상
keyword,auto,2,event_ce006_3_epilogue,88,fl:boom_the_ghost_21,1,event_ce006,fl:boom_the_ghost,387,393,,,,concept:양산형_니케,26,기록 3 · 이름 6줄,이름 10줄,,,
character,auto,2,event_ce006_3_03_e,168,d_main_39_05,70,event_ce006,ch39,387,396,,,,person:홍련,18,기록 3 · 말함 81줄(3%) · 이름 13줄,기록 2 · 이름 6줄,,,
keyword,auto,2,event_ce006_3_02_e,47,d_main_39_06,5,event_ce006,ch39,387,396,,,,org:필그림,21,기록 2 · 이름 2줄,기록 1 · 이름 10줄,,,
keyword,auto,2,event_ce006_2_06_e,154,d_main_40_af_03,16,event_ce006,ch40,387,398,,,,org:카운터스,32,기록 4 · 이름 6줄,이름 5줄,,,
keyword,auto,2,event_ce006_2_06_e,159,fl:reborn_evil_01,2,event_ce006,fl:reborn_evil,387,407,,,,concept:D-WAVE,4,기록 3 · 이름 11줄,기록 3 · 이름 24줄,,,
keyword,auto,2,event_ce006_2_06_e,125,fl:reborn_evil_01,4,event_ce006,fl:reborn_evil,387,407,,,,concept:게이트_키퍼,3,기록 2 · 이름 13줄,기록 1 · 이름 8줄,,,
character,auto,2,event_ce006_3_03_e,169,event_goddessfall1_prologue,46,event_ce006,event_goddessfall1,387,418,,,,person:라푼젤,18,기록 3 · 말함 69줄(2%) · 이름 2줄,기록 10 · 말함 110줄(3%) · 이름 32줄,,,
character,auto,2,event_ce006_3_03_e,170,event_goddessfall1_prologue,46,event_ce006,event_goddessfall1,387,418,,,,person:스노우_화이트,26,기록 3 · 말함 53줄(2%) · 이름 5줄,기록 14 · 말함 167줄(5%) · 이름 34줄,,,
character,auto,2,event_ce006_3_epilogue,151,fl:2x2_love_1ch_00,72,event_ce006,fl:2x2_love_1ch,387,444,,,,person:프리바티,11,기록 13 · 말함 337줄(10%) · 이름 58줄,기록 16 · 말함 1686줄(37%) · 이름 380줄,,,
keyword,auto,2,event_ce006_2_intermission_01,15,fl:good_world_05,59,event_ce006,fl:good_world,387,448,,,,item:이터널_라이프,4,기록 2 · 이름 2줄,기록 4 · 이름 6줄,,,
keyword,auto,2,event_ce006_2_02_e,18,relic:궤도엘리베이터음모론_00,1,event_ce006,relic:궤도엘리베이터음모론,387,453,,,,org:인류연합군,7,기록 2 · 이름 2줄,기록 4,,,
prereq,game-condition,3,ep:d_nikke_ce006_03_01,,ep:d_nikke_ce006_03_02,,char:852,char:852,388,388,,,,,,,,,,condition_scenario_group_id
prereq,game-condition,3,ep:d_nikke_ce006_03_02,,ep:d_nikke_ce006_03_03,,char:852,char:852,388,388,,,,,,,,,,condition_scenario_group_id
prereq,game-condition,3,ep:d_nikke_ce006_03_03,,ep:d_nikke_ce006_03_04,,char:852,char:852,388,388,,,,,,,,,,condition_scenario_group_id
prereq,game-condition,3,ep:d_nikke_ce006_03_04,,ep:d_nikke_ce006_03_05,,char:852,char:852,388,388,,,,,,,,,,condition_scenario_group_id
keyword,auto,1,ep:d_nikke_ce006_03_04,12,ep:d_nikke_ce006_01_02,8,char:852,char:850,388,389,,,,concept:랩쳐,142,이름 5줄,기록 1 · 이름 12줄,,,흔한 대상
character,auto,2,ep:d_nikke_ce006_03_05,66,fl:boom_the_ghost_00,2,char:852,fl:boom_the_ghost,388,393,,,,person:일레그,14,기록 3 · 말함 121줄(41%) · 이름 12줄,기록 9 · 말함 495줄(22%) · 이름 76줄,,,
prereq,game-condition,3,ep:d_nikke_ce006_01_01,,ep:d_nikke_ce006_01_02,,char:850,char:850,389,389,,,,,,,,,,condition_scenario_group_id
prereq,game-condition,3,ep:d_nikke_ce006_01_02,,ep:d_nikke_ce006_01_03,,char:850,char:850,389,389,,,,,,,,,,condition_scenario_group_id
prereq,game-condition,3,ep:d_nikke_ce006_01_03,,ep:d_nikke_ce006_01_04,,char:850,char:850,389,389,,,,,,,,,,condition_scenario_group_id
prereq,game-condition,3,ep:d_nikke_ce006_01_04,,ep:d_nikke_ce006_01_05,,char:850,char:850,389,389,,,,,,,,,,condition_scenario_group_id
keyword,auto,1,ep:d_nikke_ce006_01_05,2,ep:d_nikke_ce006_02_02,24,char:850,char:851,389,390,,,,place:지상,132,기록 1 · 이름 16줄,이름 5줄,,,흔한 대상
keyword,auto,1,ep:d_nikke_ce006_01_05,47,event_overthehorizon_01_e,24,char:850,event_overthehorizon,389,391,,,,concept:랩쳐,142,기록 1 · 이름 12줄,이름 7줄,,,흔한 대상
character,auto,1,ep:d_nikke_ce006_01_05,56,fl:boom_the_ghost_01,24,char:850,fl:boom_the_ghost,389,393,,,,person:라피,85,말함 34줄(17%) · 이름 2줄,기록 10 · 말함 434줄(19%) · 이름 64줄,,,흔한 대상
character,auto,1,ep:d_nikke_ce006_01_05,40,d_main_39_af_01,10,char:850,ch39,389,396,,,,person:아니스,119,기록 1 · 말함 35줄(17%) · 이름 1줄,기록 15 · 말함 215줄(13%) · 이름 77줄,,,흔한 대상
prereq,game-condition,3,ep:d_nikke_ce006_02_01,,ep:d_nikke_ce006_02_02,,char:851,char:851,390,390,,,,,,,,,,condition_scenario_group_id
prereq,game-condition,3,ep:d_nikke_ce006_02_02,,ep:d_nikke_ce006_02_03,,char:851,char:851,390,390,,,,,,,,,,condition_scenario_group_id
prereq,game-condition,3,ep:d_nikke_ce006_02_03,,ep:d_nikke_ce006_02_04,,char:851,char:851,390,390,,,,,,,,,,condition_scenario_group_id
prereq,game-condition,3,ep:d_nikke_ce006_02_04,,ep:d_nikke_ce006_02_05,,char:851,char:851,390,390,,,,,,,,,,condition_scenario_group_id
keyword,auto,1,ep:d_nikke_ce006_02_05,37,event_overthehorizon_01_e,52,char:851,event_overthehorizon,390,391,,,,place:방주,171,이름 12줄,이름 9줄,,,흔한 대상
keyword,auto,1,ep:d_nikke_ce006_02_03,49,event_overthehorizon_01_s,5,char:851,event_overthehorizon,390,391,,,,place:지상,132,이름 5줄,기록 3 · 이름 19줄,,,흔한 대상
keyword,auto,1,ep:d_nikke_ce006_02_05,36,fl:boom_the_ghost_02,38,char:851,fl:boom_the_ghost,390,393,,,,concept:니케,186,이름 15줄,기록 1 · 이름 15줄,,,흔한 대상
setup_payoff,record,2,event_overthehorizon_03_s,,event_overthehorizon_06_e,,event_overthehorizon,event_overthehorizon,391,391,E772,암시,F2016,,,,,추정,확정,
setup_payoff,record,3,event_overthehorizon_05_s,,event_overthehorizon_06_e,,event_overthehorizon,event_overthehorizon,391,391,E774,암시,F2016,,,,,확실,확정,
setup_payoff,record,3,event_overthehorizon_01_s,,ep:d_nikke_sora_01,,event_overthehorizon,char:532,391,392,E771,암시,F2018,,,,,확실,확정,
setup_payoff,record,3,event_overthehorizon_04_e,,ep:d_nikke_sora_01,,event_overthehorizon,char:532,391,392,E773,암시,F2018,,,,,확실,확정,
setup_payoff,record,3,event_overthehorizon_06_e,,ep:d_nikke_sora_01,,event_overthehorizon,char:532,391,392,E775,암시,F2018,,,,,확실,확정,
character,auto,2,event_overthehorizon_epilogue,58,ep:d_nikke_sora_01,6,event_overthehorizon,char:532,391,392,,,,person:소라,4,기록 16 · 말함 454줄(65%) · 이름 93줄,기록 3 · 말함 183줄(100%) · 이름 17줄,,,
keyword,auto,1,event_overthehorizon_06_e,42,fl:boom_the_ghost_13,43,event_overthehorizon,fl:boom_the_ghost,391,393,,,,concept:랩쳐,142,이름 7줄,기록 1 · 이름 9줄,,,흔한 대상
keyword,auto,1,event_overthehorizon_epilogue,24,fl:boom_the_ghost_01,7,event_overthehorizon,fl:boom_the_ghost,391,393,,,,place:방주,171,이름 9줄,기록 6 · 이름 14줄,,,흔한 대상
keyword,auto,1,event_overthehorizon_epilogue,28,fl:boom_the_ghost_01,2,event_overthehorizon,fl:boom_the_ghost,391,393,,,,place:지상,132,기록 3 · 이름 19줄,이름 8줄,,,흔한 대상
keyword,auto,1,event_overthehorizon_epilogue,26,d_main_39_af_03,63,event_overthehorizon,ch39,391,396,,,,org:중앙_정부,67,이름 14줄,기록 2 · 이름 8줄,,,흔한 대상
keyword,auto,2,event_overthehorizon_06_e,149,d_main_39_af_01,0,event_overthehorizon,ch39,391,396,,,,place:아우터_림,43,기록 5 · 이름 12줄,기록 5 · 이름 33줄,,,
setup_payoff,record,3,event_overthehorizon_01_e,,fl:ark_guardian_07,,event_overthehorizon,fl:ark_guardian,391,428,E778,암시,F2369,,,,,확실,확정,
setup_payoff,record,2,event_overthehorizon_epilogue,,fl:ark_guardian_22,,event_overthehorizon,fl:ark_guardian,391,428,Q257-2,회수,Q257,,,,,추정,확정,일부 · 답 F2369
keyword,auto,2,event_overthehorizon_epilogue,0,fl:ark_guardian_07,46,event_overthehorizon,fl:ark_guardian,391,428,,,,place:승리의_날개_호,5,기록 10 · 이름 29줄,기록 1 · 이름 26줄,,,
keyword,auto,2,event_overthehorizon_06_e,78,fl:sin_editor_02,14,event_overthehorizon,fl:sin_editor,391,430,,,,org:자원_채집_부대,5,기록 2 · 이름 5줄,기록 2,,,
setup_payoff,record,3,event_overthehorizon_06_e,,fl:ark_ranger_22,,event_overthehorizon,fl:ark_ranger,391,462,E776,암시,F2742,,,,,확실,확정,
setup_payoff,record,3,event_overthehorizon_06_e,,fl:ark_ranger_25,,event_overthehorizon,fl:ark_ranger,391,462,E777,암시,F2017-2,,,,,확실,확정,
callback,record,3,event_overthehorizon_06_e,,fl:ark_ranger_25,,event_overthehorizon,fl:ark_ranger,391,462,E1182,재언급,F2016,,,,,확실,확정,
callback,record,3,event_overthehorizon_epilogue,,fl:ark_ranger_25,,event_overthehorizon,fl:ark_ranger,391,462,F2017-2,드러냄,F2017,,,,,확실,확정,
callback,record,3,event_overthehorizon_01_e,,d_main_47_06,,event_overthehorizon,ch47,391,470,E1224,재언급,F2009,,,,,확실,확정,
character,auto,2,event_overthehorizon_epilogue,37,d_main_47_06,3,event_overthehorizon,ch47,391,470,,,,person:시엘로,2,기록 3 · 말함 82줄(12%) · 이름 13줄,기록 2 · 말함 25줄(3%) · 이름 2줄,,,
setup_payoff,record,3,event_overthehorizon_01_e,,relic:승리를_부르는_그림자_00,,event_overthehorizon,relic:승리를_부르는_그림자,391,471,E778,암시,F2821,,,,,확실,확정,
prereq,game-condition,3,ep:d_nikke_sora_01,,ep:d_nikke_sora_02,,char:532,char:532,392,392,,,,,,,,,,condition_scenario_group_id
prereq,game-condition,3,ep:d_nikke_sora_02,,ep:d_nikke_sora_03,,char:532,char:532,392,392,,,,,,,,,,condition_scenario_group_id
prereq,game-condition,3,ep:d_nikke_sora_03,,ep:d_nikke_sora_04,,char:532,char:532,392,392,,,,,,,,,,condition_scenario_group_id
prereq,game-condition,3,ep:d_nikke_sora_04,,ep:d_nikke_sora_05,,char:532,char:532,392,392,,,,,,,,,,condition_scenario_group_id
callback,record,3,ep:d_nikke_sora_01,,fl:2x2_love_2ch_14,,char:532,fl:2x2_love_2ch,392,445,E1510,재언급,F2018,,,,,확실,확정,
character,auto,2,ep:d_nikke_sora_05,50,fl:2x2_love_2ch_11,10,char:532,fl:2x2_love_2ch,392,445,,,,person:소라,4,기록 3 · 말함 183줄(100%) · 이름 17줄,기록 2 · 말함 38줄(1%) · 이름 6줄,,,
setup_payoff,record,3,fl:boom_the_ghost_15,,fl:boom_the_ghost_20,,fl:boom_the_ghost,fl:boom_the_ghost,393,393,E785,암시,F2028,,,,,확실,확정,
setup_payoff,record,3,fl:boom_the_ghost_16,,fl:boom_the_ghost_20,,fl:boom_the_ghost,fl:boom_the_ghost,393,393,E786,암시,F2028,,,,,확실,확정,
setup_payoff,record,3,fl:boom_the_ghost_17,,fl:boom_the_ghost_20,,fl:boom_the_ghost,fl:boom_the_ghost,393,393,E787,암시,F2028,,,,,확실,확정,
setup_payoff,record,3,fl:boom_the_ghost_18,,fl:boom_the_ghost_20,,fl:boom_the_ghost,fl:boom_the_ghost,393,393,E788,암시,F2028,,,,,확실,확정,
setup_payoff,record,3,fl:boom_the_ghost_19,,fl:boom_the_ghost_20,,fl:boom_the_ghost,fl:boom_the_ghost,393,393,E789,암시,F2027,,,,,확실,확정,
character,auto,2,fl:boom_the_ghost_27,94,ep:d_nikke_dorothy_serendipity_01,1,fl:boom_the_ghost,char:234,393,394,,,,person:도로시,31,기록 21 · 말함 356줄(16%) · 이름 92줄,기록 2 · 말함 208줄(100%) · 이름 27줄,,,
character,auto,2,fl:boom_the_ghost_26,138,ep:d_nikke_eleggboomandshock_01,2,fl:boom_the_ghost,char:502,393,395,,,,person:일레그,14,기록 9 · 말함 495줄(22%) · 이름 76줄,기록 3 · 말함 298줄(74%) · 이름 30줄,,,
keyword,auto,1,fl:boom_the_ghost_27,56,ep:d_nikke_eleggboomandshock_02,16,fl:boom_the_ghost,char:502,393,395,,,,place:방주,171,기록 6 · 이름 14줄,기록 1 · 이름 8줄,,,흔한 대상
character,auto,1,fl:boom_the_ghost_27,47,d_main_39_01,48,fl:boom_the_ghost,ch39,393,396,,,,person:라피,85,기록 10 · 말함 434줄(19%) · 이름 64줄,기록 6 · 말함 96줄(6%) · 이름 8줄,,,흔한 대상
keyword,auto,1,fl:boom_the_ghost_25,83,d_main_39_01,90,fl:boom_the_ghost,ch39,393,396,,,,concept:니케,186,기록 1 · 이름 15줄,기록 2 · 이름 25줄,,,흔한 대상
keyword,auto,1,fl:boom_the_ghost_25,125,d_main_39_01,65,fl:boom_the_ghost,ch39,393,396,,,,concept:랩쳐,142,기록 1 · 이름 9줄,이름 26줄,,,흔한 대상
keyword,auto,1,fl:boom_the_ghost_27,73,d_main_39_02,24,fl:boom_the_ghost,ch39,393,396,,,,place:지상,132,이름 8줄,이름 17줄,,,흔한 대상
keyword,auto,2,fl:boom_the_ghost_23,3,fl:reborn_evil_08,55,fl:boom_the_ghost,fl:reborn_evil,393,407,,,,concept:양산형_니케,26,이름 10줄,기록 1 · 이름 10줄,,,
character,auto,2,fl:boom_the_ghost_24,52,fl:ark_guardian_01,37,fl:boom_the_ghost,fl:ark_guardian,393,428,,,,person:레드_후드,26,기록 2 · 이름 15줄,기록 4 · 말함 4줄(0%) · 이름 20줄,,,
character,auto,2,fl:boom_the_ghost_27,93,d_main_44_af_04,167,fl:boom_the_ghost,ch44,393,436,,,,person:도반,8,기록 4 · 말함 29줄(1%),기록 2 · 말함 35줄(2%) · 이름 6줄,,,
character,auto,2,fl:boom_the_ghost_26,149,fl:lie_cause_recoil_00,38,fl:boom_the_ghost,fl:lie_cause_recoil,393,438,,,,person:프림,7,기록 2 · 말함 110줄(5%) · 이름 22줄,기록 6 · 말함 203줄(10%) · 이름 32줄,,,
setup_payoff,record,2,fl:boom_the_ghost_26,,d_main_45_11,,fl:boom_the_ghost,ch45,393,450,E793,암시,F2606,,,,,추정,확정,
callback,record,3,fl:boom_the_ghost_27,,d_main_45_09,,fl:boom_the_ghost,ch45,393,450,E1090,재언급,F2037,,,,,확실,확정,
setup_payoff,record,2,fl:boom_the_ghost_02,,d_main_46_af_04,,fl:boom_the_ghost,ch46,393,452,E782,암시,Q261,,,,,추정,확정,
setup_payoff,record,2,fl:boom_the_ghost_03,,d_main_46_af_04,,fl:boom_the_ghost,ch46,393,452,E784,암시,Q261,,,,,추정,확정,
setup_payoff,record,3,fl:boom_the_ghost_27,,d_main_46_af_03,,fl:boom_the_ghost,ch46,393,452,E794,암시,F2642,,,,,확실,확정,
setup_payoff,record,2,fl:boom_the_ghost_24,,d_main_46_af_03,,fl:boom_the_ghost,ch46,393,452,E795,암시,F2642,,,,,추정,확정,
setup_payoff,record,3,fl:boom_the_ghost_27,,d_main_46_af_04,,fl:boom_the_ghost,ch46,393,452,Q261-2,회수,Q261,,,,,확실,확정,전부 · 답 F2643
callback,record,3,fl:boom_the_ghost_13,,d_main_46_af_03,,fl:boom_the_ghost,ch46,393,452,E1113,재언급,F2031,,,,,확실,확정,
character,auto,2,fl:boom_the_ghost_27,84,d_main_46_af_03,64,fl:boom_the_ghost,ch46,393,452,,,,person:피나,4,기록 6 · 이름 43줄,기록 4 · 이름 12줄,,,
prereq,game-condition,3,ep:d_nikke_dorothy_serendipity_01,,ep:d_nikke_dorothy_serendipity_02,,char:234,char:234,394,394,,,,,,,,,,condition_scenario_group_id
prereq,game-condition,3,ep:d_nikke_dorothy_serendipity_02,,ep:d_nikke_dorothy_serendipity_03,,char:234,char:234,394,394,,,,,,,,,,condition_scenario_group_id
prereq,game-condition,3,ep:d_nikke_dorothy_serendipity_03,,ep:d_nikke_dorothy_serendipity_04,,char:234,char:234,394,394,,,,,,,,,,condition_scenario_group_id
prereq,game-condition,3,ep:d_nikke_dorothy_serendipity_04,,ep:d_nikke_dorothy_serendipity_05,,char:234,char:234,394,394,,,,,,,,,,condition_scenario_group_id
character,auto,2,ep:d_nikke_dorothy_serendipity_05,58,ep:d_nikke_eleggboomandshock_03,91,char:234,char:502,394,395,,,,person:도로시,31,기록 2 · 말함 208줄(100%) · 이름 27줄,말함 43줄(11%) · 이름 6줄,,,
setup_payoff,record,2,ep:d_nikke_dorothy_serendipity_04,,d_main_46_af_03,,char:234,ch46,394,452,E1618,암시,F2642,,,,,추정,확정,
prereq,game-condition,3,ep:d_nikke_eleggboomandshock_01,,ep:d_nikke_eleggboomandshock_02,,char:502,char:502,395,395,,,,,,,,,,condition_scenario_group_id
prereq,game-condition,3,ep:d_nikke_eleggboomandshock_02,,ep:d_nikke_eleggboomandshock_03,,char:502,char:502,395,395,,,,,,,,,,condition_scenario_group_id
prereq,game-condition,3,ep:d_nikke_eleggboomandshock_03,,ep:d_nikke_eleggboomandshock_04,,char:502,char:502,395,395,,,,,,,,,,condition_scenario_group_id
prereq,game-condition,3,ep:d_nikke_eleggboomandshock_04,,ep:d_nikke_eleggboomandshock_05,,char:502,char:502,395,395,,,,,,,,,,condition_scenario_group_id
keyword,auto,1,ep:d_nikke_eleggboomandshock_05,98,d_main_39_11,4,char:502,ch39,395,396,,,,place:방주,171,기록 1 · 이름 8줄,기록 1 · 이름 45줄,,,흔한 대상
character,auto,2,ep:d_nikke_eleggboomandshock_05,107,side:eden_spear_00,0,char:502,side:eden_spear,395,411,,,,person:도로시,31,말함 43줄(11%) · 이름 6줄,기록 8 · 말함 57줄(4%) · 이름 36줄,,,
character,auto,2,ep:d_nikke_eleggboomandshock_05,181,d_main_45_04,0,char:502,ch45,395,450,,,,person:일레그,14,기록 3 · 말함 298줄(74%) · 이름 30줄,기록 5 · 말함 72줄(6%) · 이름 8줄,,,
setup_payoff,record,2,d_main_39_07,,d_main_39_11,,ch39,ch39,396,396,E801,암시,F2054,,,,,추정,확정,
setup_payoff,record,2,d_main_39_af_05,,d_main_39_af_07,,ch39,ch39,396,396,E806,암시,F2064,,,,,추정,확정,
character,auto,2,d_main_39_11,123,relic:정갈하게쓴기록_00,0,ch39,relic:정갈하게쓴기록,396,397,,,,person:랩칠리언,11,기록 10 · 말함 98줄(6%) · 이름 24줄,기록 7 · 이름 7줄,,,
keyword,auto,1,d_main_39_11,109,relic:정갈하게쓴기록_00,7,ch39,relic:정갈하게쓴기록,396,397,,,,concept:랩쳐,142,이름 26줄,기록 1 · 이름 11줄,,,흔한 대상
keyword,auto,2,d_main_39_10,42,relic:정갈하게쓴기록_00,0,ch39,relic:정갈하게쓴기록,396,397,,,,concept:웨일리,7,기록 7 · 이름 28줄,기록 3 · 이름 6줄,,,
sequel,auto,3,d_main_39_af_08,,d_main_40_01,,ch39,ch40,396,398,,,,,,,,,,다음 챕터
setup_payoff,record,2,d_main_39_03,,d_main_40_01,,ch39,ch40,396,398,E798,암시,F2071,,,,,추정,확정,
setup_payoff,record,3,d_main_39_06,,d_main_40_03,,ch39,ch40,396,398,E800,암시,Q262,,,,,확실,확정,
setup_payoff,record,2,d_main_39_07,,d_main_40_03,,ch39,ch40,396,398,Q262-2,회수,Q262,,,,,추정,확정,일부 · 답 F2075
setup_payoff,record,3,d_main_39_11,,d_main_40_02,,ch39,ch40,396,398,Q263-2,회수,Q263,,,,,확실,확정,일부 · 답 F2072
setup_payoff,record,3,d_main_39_11,,d_main_40_02,,ch39,ch40,396,398,Q263-3,회수,Q263,,,,,확실,확정,전부 · 답 F2074
setup_payoff,record,2,d_main_39_11,,d_main_40_04,,ch39,ch40,396,398,Q266-2,회수,Q266,,,,,추정,확정,전부 · 답 F2076
setup_payoff,record,3,d_main_39_af_08,,d_main_40_af_03,,ch39,ch40,396,398,Q269-2,회수,Q269,,,,,확실,확정,일부 · 답 F2093
callback,record,3,d_main_39_10,,d_main_40_09,,ch39,ch40,396,398,E819,재언급,Q265,,,,,확실,확정,
callback,record,3,d_main_39_af_03,,d_main_40_af_03,,ch39,ch40,396,398,F2058-2,드러냄,F2058,,,,,확실,확정,
character,auto,2,d_main_39_11,81,d_main_40_01,0,ch39,ch40,396,398,,,,person:나유타,7,기록 17 · 말함 174줄(11%) · 이름 22줄,기록 13 · 말함 158줄(10%) · 이름 19줄,,,
character,auto,1,d_main_39_af_08,11,d_main_40_af_01,39,ch39,ch40,396,398,,,,person:네온,55,기록 4 · 말함 128줄(8%) · 이름 15줄,기록 4 · 말함 122줄(8%) · 이름 29줄,,,흔한 대상
character,auto,2,d_main_39_af_05,146,d_main_40_af_06,61,ch39,ch40,396,398,,,,person:노이즈,5,기록 2 · 말함 39줄(2%) · 이름 1줄,기록 2 · 말함 2줄(0%) · 이름 2줄,,,
character,auto,2,d_main_39_af_04,88,d_main_40_af_01,0,ch39,ch40,396,398,,,,person:라이온,3,기록 2 · 이름 2줄,기록 4 · 이름 10줄,,,
character,auto,2,d_main_39_11,122,d_main_40_02,92,ch39,ch40,396,398,,,,person:레비아탄,19,기록 6 · 말함 91줄(6%) · 이름 5줄,기록 7 · 말함 67줄(4%) · 이름 28줄,,,
character,auto,2,d_main_39_af_07,87,d_main_40_af_03,22,ch39,ch40,396,398,,,,person:머스탱,27,기록 6 · 말함 41줄(3%) · 이름 5줄,기록 4 · 말함 17줄(1%) · 이름 8줄,,,
character,auto,1,d_main_39_af_08,149,d_main_40_af_03,45,ch39,ch40,396,398,,,,person:아니스,119,기록 15 · 말함 215줄(13%) · 이름 77줄,기록 7 · 말함 147줄(9%) · 이름 27줄,,,흔한 대상
character,auto,2,d_main_39_11,121,d_main_40_02,92,ch39,ch40,396,398,,,,person:지즈,9,기록 3 · 말함 86줄(5%) · 이름 5줄,기록 5 · 말함 69줄(4%) · 이름 32줄,,,
character,auto,2,d_main_39_af_07,88,d_main_40_af_03,22,ch39,ch40,396,398,,,,person:프리티,8,기록 3 · 이름 5줄,기록 2 · 이름 9줄,,,
keyword,auto,1,d_main_39_af_08,115,d_main_40_02,39,ch39,ch40,396,398,,,,concept:니케,186,기록 2 · 이름 25줄,이름 18줄,,,흔한 대상
keyword,auto,2,d_main_39_11,89,d_main_40_02,15,ch39,ch40,396,398,,,,concept:헬레틱,40,기록 1 · 이름 9줄,기록 1 · 이름 14줄,,,
keyword,auto,2,d_main_39_af_08,84,d_main_40_af_03,45,ch39,ch40,396,398,,,,org:T.T.STAR,8,기록 4 · 이름 2줄,기록 5 · 이름 13줄,,,
keyword,auto,2,d_main_39_af_03,77,d_main_40_af_01,16,ch39,ch40,396,398,,,,org:이그조틱,14,기록 4 · 이름 17줄,기록 1 · 이름 6줄,,,
keyword,auto,1,d_main_39_af_04,89,d_main_40_af_01,13,ch39,ch40,396,398,,,,org:중앙_정부,67,기록 2 · 이름 8줄,이름 8줄,,,흔한 대상
keyword,auto,1,d_main_39_af_08,138,d_main_40_03,13,ch39,ch40,396,398,,,,place:방주,171,기록 1 · 이름 45줄,이름 17줄,,,흔한 대상
keyword,auto,2,d_main_39_af_04,93,d_main_40_af_01,0,ch39,ch40,396,398,,,,place:배드_드림,3,기록 4 · 이름 10줄,기록 2 · 이름 4줄,,,
keyword,auto,2,d_main_39_af_04,91,d_main_40_af_01,14,ch39,ch40,396,398,,,,place:아우터_림,43,기록 5 · 이름 33줄,기록 5 · 이름 17줄,,,
keyword,auto,1,d_main_39_af_08,114,d_main_40_02,81,ch39,ch40,396,398,,,,place:지상,132,이름 17줄,기록 1 · 이름 8줄,,,흔한 대상
character,auto,1,d_main_39_af_02,56,fl:absolute_03,69,ch39,fl:absolute,396,400,,,,person:라피,85,기록 6 · 말함 96줄(6%) · 이름 8줄,기록 2 · 말함 5줄(0%) · 이름 26줄,,,흔한 대상
callback,record,3,d_main_39_11,,side:eden_spear_12,,ch39,side:eden_spear,396,411,F2055-2,드러냄,F2055,,,,,확실,확정,
keyword,auto,2,d_main_39_11,52,side:eden_spear_02,60,ch39,side:eden_spear,396,411,,,,concept:언체인드,25,기록 2 · 이름 1줄,기록 2 · 이름 7줄,,,
keyword,auto,2,d_main_39_07,69,side:eden_spear_05,49,ch39,side:eden_spear,396,411,,,,org:파이오니아,4,기록 1 · 이름 7줄,기록 2 · 이름 5줄,,,
setup_payoff,record,3,d_main_39_01,,d_main_41_01,,ch39,ch41,396,414,E797,암시,F2184,,,,,확실,확정,
setup_payoff,record,3,d_main_39_11,,d_main_41_af_04,,ch39,ch41,396,414,Q264-2,회수,Q264,,,,,확실,확정,일부 · 답 F2205
callback,record,2,d_main_39_07,,d_main_41_04,,ch39,ch41,396,414,E895,재언급,F2052,,,,,추정,확정,
callback,record,3,d_main_39_af_08,,d_main_41_af_07,,ch39,ch41,396,414,E905,재언급,F2066,,,,,확실,확정,
character,auto,2,d_main_39_07,62,d_main_41_04,132,ch39,ch41,396,414,,,,person:D.E.E.P.,4,기록 3 · 이름 2줄,기록 5 · 말함 21줄(1%) · 이름 5줄,,,
character,auto,2,d_main_39_af_04,117,d_main_41_af_03,76,ch39,ch41,396,414,,,,person:E.H.,10,기록 5 · 말함 115줄(7%) · 이름 17줄,기록 4 · 말함 50줄(3%) · 이름 16줄,,,
character,auto,2,d_main_39_af_03,70,d_main_41_af_04,96,ch39,ch41,396,414,,,,person:에닉,22,기록 2 · 이름 5줄,기록 2 · 이름 6줄,,,
setup_payoff,record,3,d_main_39_af_06,,d_main_42_af_05,,ch39,ch42,396,416,E807,암시,F2240,,,,,확실,확정,
setup_payoff,record,3,d_main_39_af_07,,d_main_42_af_05,,ch39,ch42,396,416,E809,암시,F2240,,,,,확실,확정,
setup_payoff,record,3,d_main_39_af_03,,d_main_42_af_04,,ch39,ch42,396,416,Q267-2,회수,Q267,,,,,확실,확정,일부 · 답 F2236
callback,record,3,d_main_39_af_05,,d_main_42_af_05,,ch39,ch42,396,416,E918,재언급,F2063,,,,,확실,확정,
callback,record,3,d_main_39_af_07,,d_main_42_af_06,,ch39,ch42,396,416,E920,재언급,F2064,,,,,확실,확정,
character,auto,2,d_main_39_af_04,107,d_main_42_af_01,79,ch39,ch42,396,416,,,,person:바이퍼,11,기록 2 · 말함 150줄(9%) · 이름 12줄,기록 2 · 말함 36줄(2%) · 이름 5줄,,,
character,auto,2,d_main_39_af_08,150,d_main_42_af_01,3,ch39,ch42,396,416,,,,person:아비스타,6,기록 7 · 말함 137줄(9%) · 이름 5줄,기록 3 · 말함 52줄(3%) · 이름 10줄,,,
character,auto,2,d_main_39_af_03,62,d_main_42_af_03,0,ch39,ch42,396,416,,,,person:엔드리스,3,기록 4 · 이름 6줄,기록 2 · 이름 5줄,,,
character,auto,2,d_main_39_af_03,62,d_main_42_af_03,0,ch39,ch42,396,416,,,,person:이터니티,3,기록 4 · 이름 6줄,기록 4 · 이름 22줄,,,
keyword,auto,2,d_main_39_11,76,d_main_42_02,22,ch39,ch42,396,416,,,,org:메티스,21,기록 1 · 이름 5줄,기록 2 · 이름 5줄,,,
setup_payoff,record,3,d_main_39_af_04,,event_goddessfall2_epilogue,,ch39,event_goddessfall1,396,418,Q268-2,회수,Q268,,,,,확실,확정,전부 · 답 F2317
character,auto,2,d_main_39_06,30,event_goddessfall1_prologue,46,ch39,event_goddessfall1,396,418,,,,person:홍련,18,기록 2 · 이름 6줄,기록 9 · 말함 95줄(3%) · 이름 25줄,,,
keyword,auto,2,d_main_39_11,13,event_goddessfall1_intermission_01,99,ch39,event_goddessfall1,396,418,,,,org:필그림,21,기록 1 · 이름 10줄,이름 6줄,,,
keyword,auto,2,d_main_39_af_06,74,fl:ark_guardian_03,3,ch39,fl:ark_guardian,396,428,,,,place:리페어_센터,5,기록 2 · 이름 4줄,이름 5줄,,,
setup_payoff,record,2,d_main_39_af_04,,d_main_43_10,,ch39,ch43,396,434,E805,암시,F2399,,,,,추정,확정,
setup_payoff,record,2,d_main_39_11,,d_main_43_15,,ch39,ch43,396,434,Q264-3,회수,Q264,,,,,추정,확정,일부 · 답 F2414
callback,record,3,d_main_39_af_07,,d_main_44_af_03,,ch39,ch44,396,436,E1026,재언급,F2064,,,,,확실,확정,
keyword,auto,2,d_main_39_af_05,200,d_main_44_05,36,ch39,ch44,396,436,,,,concept:특수_별동대,5,이름 6줄,이름 5줄,,,
keyword,auto,2,d_main_39_af_04,47,d_main_44_af_02,1,ch39,ch44,396,436,,,,incident:3차_지상_탈환전,5,기록 2 · 이름 6줄,기록 2 · 이름 12줄,,,
callback,record,3,d_main_39_af_03,,fl:enter_heaven_01,,ch39,fl:enter_heaven,396,442,F2059-2,드러냄,F2059,,,,,확실,확정,
setup_payoff,record,3,d_main_39_af_07,,event_staranis2_05_e,,ch39,event_staranis1,396,454,E810,암시,F2705,,,,,확실,확정,
setup_payoff,record,3,d_main_39_af_08,,event_staranis2_04_e,,ch39,event_staranis1,396,454,Q269-3,회수,Q269,,,,,확실,확정,전부 · 답 F2698
callback,record,3,d_main_39_af_07,,event_staranis2_06_s,,ch39,event_staranis1,396,454,F2064-2,드러냄,F2064,,,,,확실,확정,
callback,record,2,d_main_39_af_08,,event_staranis2_intermission_01,,ch39,event_staranis1,396,454,F2066-2,드러냄,F2066,,,,,추정,확정,
setup_payoff,record,2,relic:정갈하게쓴기록_03,,d_main_40_04,,relic:정갈하게쓴기록,ch40,397,398,Q270-2,회수,Q270,,,,,추정,확정,일부 · 답 F2076
character,auto,2,relic:정갈하게쓴기록_01,6,d_main_40_02,15,relic:정갈하게쓴기록,ch40,397,398,,,,person:퀸,20,기록 2 · 이름 1줄,기록 3 · 이름 36줄,,,
keyword,auto,1,relic:정갈하게쓴기록_03,5,d_main_40_02,15,relic:정갈하게쓴기록,ch40,397,398,,,,concept:랩쳐,142,기록 1 · 이름 11줄,기록 2 · 이름 29줄,,,흔한 대상
keyword,auto,2,relic:정갈하게쓴기록_03,3,d_main_40_01,9,relic:정갈하게쓴기록,ch40,397,398,,,,concept:웨일리,7,기록 3 · 이름 6줄,기록 5 · 이름 13줄,,,
character,auto,2,relic:정갈하게쓴기록_03,3,relic:어떤소녀의그림일기_00,0,relic:정갈하게쓴기록,relic:어떤소녀의그림일기,397,399,,,,person:랩칠리언,11,기록 7 · 이름 7줄,기록 2 · 이름 14줄,,,
setup_payoff,record,2,relic:정갈하게쓴기록_01,,d_main_42_af_07,,relic:정갈하게쓴기록,ch42,397,416,E813,암시,F2246,,,,,추정,확정,
setup_payoff,record,3,d_main_40_05,,d_main_40_10,,ch40,ch40,398,398,E817,암시,F2083,,,,,확실,확정,
setup_payoff,record,3,d_main_40_07,,d_main_40_11,,ch40,ch40,398,398,E818,암시,F2079,,,,,확실,확정,
setup_payoff,record,3,d_main_40_af_01,,d_main_40_af_01,,ch40,ch40,398,398,E822,암시,F2087,,,,,확실,확정,
callback,record,3,d_main_40_07,,d_main_40_11,,ch40,ch40,398,398,E821,재언급,F2080,,,,,확실,확정,
setup_payoff,record,2,d_main_40_04,,relic:어떤소녀의그림일기_00,,ch40,relic:어떤소녀의그림일기,398,399,E816,암시,F2096,,,,,추정,확정,
callback,record,2,d_main_40_04,,relic:어떤소녀의그림일기_03,,ch40,relic:어떤소녀의그림일기,398,399,E829,재언급,F2076,,,,,추정,확정,
character,auto,2,d_main_40_11,134,relic:어떤소녀의그림일기_00,0,ch40,relic:어떤소녀의그림일기,398,399,,,,person:피노키오,2,기록 6 · 말함 27줄(2%) · 이름 21줄,기록 3 · 이름 29줄,,,
character,auto,2,d_main_40_11,102,fl:absolute_00,81,ch40,fl:absolute,398,400,,,,person:베히모스,14,기록 6 · 말함 27줄(2%) · 이름 11줄,기록 8 · 말함 1줄(0%) · 이름 18줄,,,
keyword,auto,1,d_main_40_af_03,137,fl:absolute_01,61,ch40,fl:absolute,398,400,,,,concept:니케,186,이름 18줄,이름 10줄,,,흔한 대상
keyword,auto,1,d_main_40_af_04,34,fl:absolute_02,42,ch40,fl:absolute,398,400,,,,concept:랩쳐,142,기록 2 · 이름 29줄,이름 38줄,,,흔한 대상
keyword,auto,2,d_main_40_af_07,48,fl:absolute_03,65,ch40,fl:absolute,398,400,,,,org:카운터스,32,이름 5줄,기록 2 · 이름 4줄,,,
keyword,auto,1,d_main_40_af_08,56,fl:absolute_02,27,ch40,fl:absolute,398,400,,,,place:방주,171,이름 17줄,이름 14줄,,,흔한 대상
keyword,auto,1,d_main_40_af_07,47,fl:absolute_00,1,ch40,fl:absolute,398,400,,,,place:지상,132,기록 1 · 이름 8줄,이름 35줄,,,흔한 대상
character,auto,2,d_main_40_af_05,26,fl:coins_in_rush_00,1,ch40,fl:coins_in_rush,398,404,,,,person:머스탱,27,기록 4 · 말함 17줄(1%) · 이름 8줄,기록 13 · 말함 221줄(12%) · 이름 28줄,,,
keyword,auto,1,d_main_40_af_01,21,fl:coins_in_rush_02,18,ch40,fl:coins_in_rush,398,404,,,,org:중앙_정부,67,이름 8줄,기록 3 · 이름 13줄,,,흔한 대상
keyword,auto,2,d_main_40_af_04,71,fl:coins_in_rush_02,18,ch40,fl:coins_in_rush,398,404,,,,place:아우터_림,43,기록 5 · 이름 17줄,기록 2 · 이름 4줄,,,
setup_payoff,record,2,d_main_40_07,,side:eden_spear_12,,ch40,side:eden_spear,398,411,Q272-2,회수,Q272,,,,,추정,확정,일부 · 답 F2172
setup_payoff,record,2,d_main_40_02,,side:eden_spear_11,,ch40,side:eden_spear,398,411,Q273-2,회수,Q273,,,,,추정,확정,일부 · 답 F2172
character,auto,2,d_main_40_11,145,side:eden_spear_03,0,ch40,side:eden_spear,398,411,,,,person:나유타,7,기록 13 · 말함 158줄(10%) · 이름 19줄,기록 10 · 말함 241줄(17%) · 이름 15줄,,,
character,auto,2,d_main_40_11,60,side:eden_spear_08,0,ch40,side:eden_spear,398,411,,,,person:리버렐리오,12,기록 12 · 말함 132줄(8%) · 이름 21줄,기록 7 · 말함 59줄(4%) · 이름 20줄,,,
character,auto,2,d_main_40_11,135,side:eden_spear_04,26,ch40,side:eden_spear,398,411,,,,person:퀸,20,기록 3 · 이름 36줄,기록 11 · 이름 38줄,,,
keyword,auto,2,d_main_40_09,60,side:eden_spear_02,7,ch40,side:eden_spear,398,411,,,,concept:헬레틱,40,기록 1 · 이름 14줄,이름 23줄,,,
keyword,auto,2,d_main_40_01,16,side:eden_spear_00,2,ch40,side:eden_spear,398,411,,,,place:에덴,25,기록 1 · 이름 6줄,기록 11 · 이름 68줄,,,
sequel,auto,3,d_main_40_af_08,,d_main_41_01,,ch40,ch41,398,414,,,,,,,,,,다음 챕터
setup_payoff,record,3,d_main_40_09,,d_main_41_02,,ch40,ch41,398,414,E820,암시,F2185,,,,,확실,확정,
setup_payoff,record,3,d_main_40_af_04,,d_main_41_af_04,,ch40,ch41,398,414,E826,암시,F2205,,,,,확실,확정,
setup_payoff,record,3,d_main_40_07,,d_main_41_04,,ch40,ch41,398,414,Q272-3,회수,Q272,,,,,확실,확정,일부 · 답 F2187
setup_payoff,record,3,d_main_40_02,,d_main_41_04,,ch40,ch41,398,414,Q273-3,회수,Q273,,,,,확실,확정,일부 · 답 F2187
setup_payoff,record,3,d_main_40_11,,d_main_41_01,,ch40,ch41,398,414,Q274-2,회수,Q274,,,,,확실,확정,전부 · 답 F2185
setup_payoff,record,3,d_main_40_af_04,,d_main_41_af_03,,ch40,ch41,398,414,Q275-2,회수,Q275,,,,,확실,확정,일부 · 답 F2203
setup_payoff,record,3,d_main_40_af_04,,d_main_41_af_05,,ch40,ch41,398,414,Q275-3,회수,Q275,,,,,확실,확정,일부 · 답 F2207
setup_payoff,record,3,d_main_40_af_02,,d_main_41_af_06,,ch40,ch41,398,414,Q276-2,회수,Q276,,,,,확실,확정,전부 · 답 F2209
callback,record,2,d_main_40_11,,d_main_41_03,,ch40,ch41,398,414,E893,재언급,F2079,,,,,추정,확정,
callback,record,2,d_main_40_03,,d_main_41_04,,ch40,ch41,398,414,E895,재언급,F2075,,,,,추정,확정,
callback,record,3,d_main_40_10,,d_main_41_05,,ch40,ch41,398,414,E896,재언급,F2083,,,,,확실,확정,
callback,record,3,d_main_40_10,,d_main_41_07,,ch40,ch41,398,414,E897,재언급,F2083,,,,,확실,확정,
character,auto,1,d_main_40_af_08,1,d_main_41_af_02,15,ch40,ch41,398,414,,,,person:네온,55,기록 4 · 말함 122줄(8%) · 이름 29줄,기록 6 · 말함 71줄(5%) · 이름 31줄,,,흔한 대상
character,auto,2,d_main_40_11,71,d_main_41_01,8,ch40,ch41,398,414,,,,person:레비아탄,19,기록 7 · 말함 67줄(4%) · 이름 28줄,기록 10 · 말함 117줄(8%) · 이름 25줄,,,
character,auto,2,d_main_40_af_04,93,d_main_41_af_05,0,ch40,ch41,398,414,,,,person:리버린,9,기록 3 · 이름 5줄,기록 6 · 말함 41줄(3%) · 이름 16줄,,,
character,auto,2,d_main_40_af_08,60,d_main_41_af_01,1,ch40,ch41,398,414,,,,person:미세스_미스,5,기록 6 · 말함 132줄(8%) · 이름 12줄,기록 7 · 말함 91줄(6%) · 이름 3줄,,,
character,auto,2,d_main_40_af_02,151,d_main_41_af_05,0,ch40,ch41,398,414,,,,person:식스오,9,기록 4 · 이름 10줄,기록 6 · 말함 15줄(1%) · 이름 1줄,,,
character,auto,1,d_main_40_af_08,57,d_main_41_af_01,1,ch40,ch41,398,414,,,,person:아니스,119,기록 7 · 말함 147줄(9%) · 이름 27줄,기록 6 · 말함 72줄(5%) · 이름 26줄,,,흔한 대상
character,auto,2,d_main_40_11,99,d_main_41_01,7,ch40,ch41,398,414,,,,person:지즈,9,기록 5 · 말함 69줄(4%) · 이름 32줄,기록 4 · 말함 55줄(4%) · 이름 35줄,,,
character,auto,2,d_main_40_af_08,59,d_main_41_af_01,1,ch40,ch41,398,414,,,,person:프리카,7,기록 2 · 말함 49줄(3%) · 이름 6줄,기록 4 · 말함 40줄(3%) · 이름 3줄,,,
character,auto,2,d_main_40_af_08,49,d_main_41_af_01,68,ch40,ch41,398,414,,,,person:프리티,8,기록 2 · 이름 9줄,기록 2 · 이름 5줄,,,
keyword,auto,2,d_main_40_11,78,d_main_41_01,53,ch40,ch41,398,414,,,,concept:다크_매터,18,기록 1 · 이름 5줄,기록 3 · 이름 24줄,,,
keyword,auto,2,d_main_40_af_02,97,d_main_41_af_05,148,ch40,ch41,398,414,,,,concept:미스트,7,기록 2 · 이름 2줄,기록 2 · 이름 3줄,,,
keyword,auto,2,d_main_40_11,121,d_main_41_01,23,ch40,ch41,398,414,,,,concept:웨일리,7,기록 5 · 이름 13줄,기록 1 · 이름 5줄,,,
keyword,auto,2,d_main_40_08,43,d_main_41_01,155,ch40,ch41,398,414,,,,concept:퀸_인자,3,기록 6 · 이름 14줄,기록 3,,,
keyword,auto,2,d_main_40_af_08,1,d_main_41_af_01,0,ch40,ch41,398,414,,,,org:T.T.STAR,8,기록 5 · 이름 13줄,기록 4 · 이름 5줄,,,
keyword,auto,2,d_main_40_11,121,d_main_41_01,12,ch40,ch41,398,414,,,,org:포비스트,20,기록 5 · 이름 24줄,기록 8 · 이름 23줄,,,
setup_payoff,record,3,d_main_40_af_05,,d_main_42_af_05,,ch40,ch42,398,416,E827,암시,F2240,,,,,확실,확정,
callback,record,3,d_main_40_10,,d_main_42_03,,ch40,ch42,398,416,E911,재언급,F2083,,,,,확실,확정,
keyword,auto,2,d_main_40_af_02,54,d_main_42_af_01,83,ch40,ch42,398,416,,,,org:이그조틱,14,기록 1 · 이름 6줄,기록 2 · 이름 5줄,,,
setup_payoff,record,2,d_main_40_01,,event_goddessfall1_01_s,,ch40,event_goddessfall1,398,418,E815,암시,F2260,,,,,추정,확정,
callback,record,3,d_main_40_08,,event_goddessfall1_04_s,,ch40,event_goddessfall1,398,418,E939,재언급,F2081,,,,,확실,확정,
setup_payoff,record,2,d_main_40_af_04,,d_main_43_10,,ch40,ch43,398,434,E825,암시,F2399,,,,,추정,확정,
setup_payoff,record,2,d_main_40_af_04,,d_main_43_15,,ch40,ch43,398,434,Q275-4,회수,Q275,,,,,추정,확정,일부 · 답 F2416
keyword,auto,2,d_main_40_af_01,164,d_main_43_02,19,ch40,ch43,398,434,,,,place:배드_드림,3,기록 2 · 이름 4줄,기록 3 · 이름 4줄,,,
character,auto,2,d_main_40_af_04,2,d_main_44_af_04,8,ch40,ch44,398,436,,,,person:라이온,3,기록 4 · 이름 10줄,기록 3 · 말함 76줄(3%) · 이름 20줄,,,
callback,record,3,d_main_40_af_03,,side:pretty_star_11,,ch40,side:pretty_star,398,447,E1060,재언급,F2091,,,,,확실,확정,
callback,record,3,d_main_40_af_03,,side:pretty_star_13,,ch40,side:pretty_star,398,447,E1064,재언급,F2092,,,,,확실,확정,
callback,record,3,d_main_40_af_03,,side:pretty_star_13,,ch40,side:pretty_star,398,447,F2091-2,드러냄,F2091,,,,,확실,확정,
callback,record,3,d_main_40_08,,d_main_45_03,,ch40,ch45,398,450,E1082,재언급,F2082,,,,,확실,확정,
callback,record,3,d_main_40_af_03,,event_staranis2_05_e,,ch40,event_staranis1,398,454,E1163,재언급,F2092,,,,,확실,확정,
keyword,auto,2,d_main_40_af_04,65,d_main_48_03,3,ch40,ch48,398,472,,,,item:브레인_셸터,4,기록 2 · 이름 1줄,기록 1 · 이름 8줄,,,
setup_payoff,record,3,fl:absolute_00,,fl:absolute_04,,fl:absolute,fl:absolute,400,400,E832,암시,F2108,,,,,확실,확정,
setup_payoff,record,3,fl:absolute_00,,fl:absolute_14,,fl:absolute,fl:absolute,400,400,E833,암시,F2105,,,,,확실,확정,
setup_payoff,record,3,fl:absolute_01,,fl:absolute_04,,fl:absolute,fl:absolute,400,400,E834,암시,F2108,,,,,확실,확정,
setup_payoff,record,3,fl:absolute_02,,fl:absolute_15,,fl:absolute,fl:absolute,400,400,E835,암시,F2098,,,,,확실,확정,
setup_payoff,record,3,fl:absolute_02,,fl:absolute_27,,fl:absolute,fl:absolute,400,400,E835,암시,F2103,,,,,확실,확정,
setup_payoff,record,3,fl:absolute_03,,fl:absolute_22,,fl:absolute,fl:absolute,400,400,E836,암시,F2109,,,,,확실,확정,
setup_payoff,record,3,fl:absolute_15,,fl:absolute_24,,fl:absolute,fl:absolute,400,400,E843,암시,F2102,,,,,확실,확정,
callback,record,3,fl:absolute_07,,fl:absolute_20,,fl:absolute,fl:absolute,400,400,E846,재언급,F2107,,,,,확실,확정,
callback,record,3,fl:absolute_14,,fl:absolute_22,,fl:absolute,fl:absolute,400,400,E847,재언급,F2105,,,,,확실,확정,
callback,record,3,fl:absolute_01,,fl:absolute_26,,fl:absolute,fl:absolute,400,400,E851,재언급,F2110,,,,,확실,확정,
character,auto,2,fl:absolute_27,218,ep:d_nikke_emma_tactical_01,0,fl:absolute,char:93,400,401,,,,person:엠마,10,기록 9 · 말함 453줄(22%) · 이름 80줄,기록 2 · 말함 202줄(100%) · 이름 21줄,,,
character,auto,2,fl:absolute_27,219,ep:d_nikke_eunhwa_tactical_01,1,fl:absolute,char:95,400,402,,,,person:은화,9,기록 25 · 말함 774줄(37%) · 이름 220줄,기록 4 · 말함 324줄(88%) · 이름 54줄,,,
character,auto,2,fl:absolute_27,63,ep:d_nikke_eunhwa_tactical_01,26,fl:absolute,char:95,400,402,,,,person:잉그리드,37,기록 8 · 말함 141줄(7%) · 이름 9줄,기록 1 · 말함 44줄(12%),,,
keyword,auto,1,fl:absolute_27,12,ep:d_nikke_eunhwa_tactical_01,6,fl:absolute,char:95,400,402,,,,concept:랩쳐,142,이름 38줄,이름 50줄,,,흔한 대상
character,auto,2,fl:absolute_27,220,ep:d_nikke_vesti_tactical_01,0,fl:absolute,char:94,400,403,,,,person:베스티,8,기록 14 · 말함 385줄(19%) · 이름 136줄,기록 3 · 말함 293줄(75%) · 이름 54줄,,,
keyword,auto,1,fl:absolute_27,20,fl:coins_in_rush_00,1,fl:absolute,fl:coins_in_rush,400,404,,,,place:방주,171,이름 14줄,이름 5줄,,,흔한 대상
keyword,auto,1,fl:absolute_26,129,fl:reborn_evil_02,76,fl:absolute,fl:reborn_evil,400,407,,,,concept:니케,186,이름 10줄,기록 1 · 이름 15줄,,,흔한 대상
keyword,auto,1,fl:absolute_27,46,fl:reborn_evil_00,11,fl:absolute,fl:reborn_evil,400,407,,,,place:지상,132,이름 35줄,기록 1 · 이름 17줄,,,흔한 대상
character,auto,2,fl:absolute_09,38,side:eden_spear_01,103,fl:absolute,side:eden_spear,400,411,,,,person:인디빌리아,9,기록 2 · 이름 8줄,기록 2 · 이름 5줄,,,
character,auto,2,fl:absolute_26,79,fl:go_ninja_thief_00,31,fl:absolute,fl:go_ninja_thief,400,412,,,,person:델타,4,기록 2 · 말함 33줄(2%) · 이름 25줄,기록 4 · 말함 284줄(28%) · 이름 96줄,,,
character,auto,1,fl:absolute_23,128,d_main_41_01,82,fl:absolute,ch41,400,414,,,,person:라피,85,기록 2 · 말함 5줄(0%) · 이름 26줄,기록 8 · 말함 104줄(7%) · 이름 28줄,,,흔한 대상
character,auto,2,fl:absolute_27,57,d_main_41_01,6,fl:absolute,ch41,400,414,,,,person:베히모스,14,기록 8 · 말함 1줄(0%) · 이름 18줄,기록 3 · 말함 88줄(6%) · 이름 37줄,,,
keyword,auto,2,fl:absolute_07,60,event_goddessfall1_06_s,8,fl:absolute,event_goddessfall1,400,418,,,,concept:타일런트_급,12,이름 12줄,이름 6줄,,,
keyword,auto,2,fl:absolute_27,57,fl:good_world_00,0,fl:absolute,fl:good_world,400,448,,,,org:카운터스,32,기록 2 · 이름 4줄,기록 2 · 이름 3줄,,,
keyword,auto,2,fl:absolute_16,14,fl:project_matis_02,89,fl:absolute,fl:project_matis,400,467,,,,concept:에블라_입자,9,기록 1 · 이름 6줄,기록 2 · 이름 3줄,,,
prereq,game-condition,3,ep:d_nikke_emma_tactical_01,,ep:d_nikke_emma_tactical_02,,char:93,char:93,401,401,,,,,,,,,,condition_scenario_group_id
prereq,game-condition,3,ep:d_nikke_emma_tactical_02,,ep:d_nikke_emma_tactical_03,,char:93,char:93,401,401,,,,,,,,,,condition_scenario_group_id
prereq,game-condition,3,ep:d_nikke_emma_tactical_03,,ep:d_nikke_emma_tactical_04,,char:93,char:93,401,401,,,,,,,,,,condition_scenario_group_id
prereq,game-condition,3,ep:d_nikke_emma_tactical_04,,ep:d_nikke_emma_tactical_05,,char:93,char:93,401,401,,,,,,,,,,condition_scenario_group_id
prereq,game-condition,3,ep:d_nikke_eunhwa_tactical_01,,ep:d_nikke_eunhwa_tactical_02,,char:95,char:95,402,402,,,,,,,,,,condition_scenario_group_id
prereq,game-condition,3,ep:d_nikke_eunhwa_tactical_02,,ep:d_nikke_eunhwa_tactical_03,,char:95,char:95,402,402,,,,,,,,,,condition_scenario_group_id
prereq,game-condition,3,ep:d_nikke_eunhwa_tactical_03,,ep:d_nikke_eunhwa_tactical_04,,char:95,char:95,402,402,,,,,,,,,,condition_scenario_group_id
prereq,game-condition,3,ep:d_nikke_eunhwa_tactical_04,,ep:d_nikke_eunhwa_tactical_05,,char:95,char:95,402,402,,,,,,,,,,condition_scenario_group_id
keyword,auto,1,ep:d_nikke_eunhwa_tactical_05,115,ep:d_nikke_milk_bloomingbunny_02,30,char:95,char:143,402,406,,,,concept:랩쳐,142,이름 50줄,이름 5줄,,,흔한 대상
keyword,auto,2,ep:d_nikke_eunhwa_tactical_05,130,event_goddessfall1_06_e,0,char:95,event_goddessfall1,402,418,,,,concept:NIMPH,24,기록 1 · 이름 8줄,기록 2 · 이름 6줄,,,
character,auto,2,ep:d_nikke_eunhwa_tactical_01,90,fl:sin_editor_14,0,char:95,fl:sin_editor,402,430,,,,person:잉그리드,37,기록 1 · 말함 44줄(12%),기록 3 · 말함 38줄(5%) · 이름 2줄,,,
character,auto,2,ep:d_nikke_eunhwa_tactical_05,162,fl:persona_on_frontline_13,39,char:95,fl:persona_on_frontline,402,474,,,,person:은화,9,기록 4 · 말함 324줄(88%) · 이름 54줄,기록 2 · 말함 50줄(3%) · 이름 16줄,,,
prereq,game-condition,3,ep:d_nikke_vesti_tactical_01,,ep:d_nikke_vesti_tactical_02,,char:94,char:94,403,403,,,,,,,,,,condition_scenario_group_id
prereq,game-condition,3,ep:d_nikke_vesti_tactical_02,,ep:d_nikke_vesti_tactical_03,,char:94,char:94,403,403,,,,,,,,,,condition_scenario_group_id
prereq,game-condition,3,ep:d_nikke_vesti_tactical_03,,ep:d_nikke_vesti_tactical_04,,char:94,char:94,403,403,,,,,,,,,,condition_scenario_group_id
prereq,game-condition,3,ep:d_nikke_vesti_tactical_04,,ep:d_nikke_vesti_tactical_05,,char:94,char:94,403,403,,,,,,,,,,condition_scenario_group_id
setup_payoff,record,3,fl:coins_in_rush_09,,fl:coins_in_rush_13,,fl:coins_in_rush,fl:coins_in_rush,404,404,E858,암시,F2119,,,,,확실,확정,
setup_payoff,record,3,fl:coins_in_rush_09,,fl:coins_in_rush_16,,fl:coins_in_rush,fl:coins_in_rush,404,404,E859,암시,F2118,,,,,확실,확정,
setup_payoff,record,3,fl:coins_in_rush_10,,fl:coins_in_rush_16,,fl:coins_in_rush,fl:coins_in_rush,404,404,E860,암시,F2118,,,,,확실,확정,
setup_payoff,record,2,fl:coins_in_rush_13,,fl:coins_in_rush_16,,fl:coins_in_rush,fl:coins_in_rush,404,404,E861,암시,F2118,,,,,추정,확정,
setup_payoff,record,3,fl:coins_in_rush_17,,fl:coins_in_rush_20,,fl:coins_in_rush,fl:coins_in_rush,404,404,E863,암시,F2120,,,,,확실,확정,
setup_payoff,record,2,fl:coins_in_rush_21,,fl:coins_in_rush_27,,fl:coins_in_rush,fl:coins_in_rush,404,404,E864,암시,F2122,,,,,추정,확정,
setup_payoff,record,3,fl:coins_in_rush_25,,fl:coins_in_rush_27,,fl:coins_in_rush,fl:coins_in_rush,404,404,E868,암시,F2122,,,,,확실,확정,
character,auto,2,fl:coins_in_rush_27,76,ep:d_nikke_ade_agentbunny_01,8,fl:coins_in_rush,char:315,404,405,,,,person:에이드,9,기록 9 · 말함 307줄(17%) · 이름 82줄,기록 3 · 말함 252줄(88%) · 이름 67줄,,,
setup_payoff,record,2,fl:coins_in_rush_07,,ep:d_nikke_milk_bloomingbunny_01,,fl:coins_in_rush,char:143,404,406,E857,암시,F2124,,,,,추정,확정,
character,auto,2,fl:coins_in_rush_27,83,ep:d_nikke_milk_bloomingbunny_01,1,fl:coins_in_rush,char:143,404,406,,,,person:밀크,10,기록 4 · 말함 473줄(26%) · 이름 88줄,기록 3 · 말함 174줄(61%) · 이름 76줄,,,
keyword,auto,2,fl:coins_in_rush_26,16,ep:d_nikke_milk_bloomingbunny_01,9,fl:coins_in_rush,char:143,404,406,,,,place:코인_러시,11,기록 6 · 이름 35줄,이름 6줄,,,
keyword,auto,1,fl:coins_in_rush_11,84,fl:reborn_evil_00,0,fl:coins_in_rush,fl:reborn_evil,404,407,,,,org:중앙_정부,67,기록 3 · 이름 13줄,기록 4 · 이름 22줄,,,흔한 대상
keyword,auto,1,fl:coins_in_rush_17,48,fl:reborn_evil_00,0,fl:coins_in_rush,fl:reborn_evil,404,407,,,,place:방주,171,이름 5줄,기록 4 · 이름 42줄,,,흔한 대상
keyword,auto,2,fl:coins_in_rush_08,60,fl:reborn_evil_00,53,fl:coins_in_rush,fl:reborn_evil,404,407,,,,place:아우터_림,43,기록 2 · 이름 4줄,기록 6 · 이름 24줄,,,
character,auto,2,fl:coins_in_rush_27,55,d_main_41_af_01,63,fl:coins_in_rush,ch41,404,414,,,,person:머스탱,27,기록 13 · 말함 221줄(12%) · 이름 28줄,기록 3 · 이름 3줄,,,
keyword,auto,2,fl:coins_in_rush_16,92,d_main_41_af_01,105,fl:coins_in_rush,ch41,404,414,,,,org:테트라,13,기록 3 · 이름 10줄,기록 2 · 이름 4줄,,,
sequel,manual,2,fl:coins_in_rush_27,,fl:fatal_maid_00,,fl:coins_in_rush,fl:fatal_maid,404,432,Y48,,,,,,,확실,확정,"fatal_maid는 coins_in_rush 결말에서 지휘관에게 맡겨져 메이드 포 유에 들어온 벨벳과, 그때 붙잡혔던 국장의 보복을 출발점으로 한다."
setup_payoff,record,3,fl:coins_in_rush_17,,fl:fatal_maid_04,,fl:coins_in_rush,fl:fatal_maid,404,432,E862,암시,F2389,,,,,확실,확정,
setup_payoff,record,2,fl:coins_in_rush_24,,fl:fatal_maid_04,,fl:coins_in_rush,fl:fatal_maid,404,432,E867,암시,F2389,,,,,추정,확정,
setup_payoff,record,3,fl:coins_in_rush_20,,fl:fatal_maid_04,,fl:coins_in_rush,fl:fatal_maid,404,432,Q280-2,회수,Q280,,,,,확실,확정,일부 · 답 F2389
callback,record,3,fl:coins_in_rush_16,,fl:fatal_maid_04,,fl:coins_in_rush,fl:fatal_maid,404,432,E1466,재언급,Q279,,,,,확실,확정,
callback,record,3,fl:coins_in_rush_16,,fl:fatal_maid_04,,fl:coins_in_rush,fl:fatal_maid,404,432,E1466,재언급,F2118,,,,,확실,확정,
callback,record,3,fl:coins_in_rush_13,,fl:fatal_maid_10,,fl:coins_in_rush,fl:fatal_maid,404,432,E1468,재언급,F2119,,,,,확실,확정,
callback,record,3,fl:coins_in_rush_02,,fl:fatal_maid_10,,fl:coins_in_rush,fl:fatal_maid,404,432,E1469,재언급,F2116,,,,,확실,확정,
character,auto,2,fl:coins_in_rush_27,82,fl:fatal_maid_00,4,fl:coins_in_rush,fl:fatal_maid,404,432,,,,person:벨벳,3,기록 17 · 말함 207줄(12%) · 이름 74줄,기록 18 · 말함 408줄(58%) · 이름 93줄,,,
keyword,auto,2,fl:coins_in_rush_24,45,fl:fatal_maid_04,19,fl:coins_in_rush,fl:fatal_maid,404,432,,,,org:쉐이드,2,기록 7 · 이름 12줄,기록 5 · 이름 6줄,,,
character,auto,2,fl:coins_in_rush_26,125,ep:d_nikke_ce008_03_02,42,fl:coins_in_rush,char:862,404,440,,,,person:엑시아,12,말함 233줄(13%) · 이름 61줄,말함 27줄(16%) · 이름 4줄,,,
setup_payoff,record,3,fl:coins_in_rush_00,,side:pretty_star_05,,fl:coins_in_rush,side:pretty_star,404,447,E853,암시,Q279,,,,,확실,확정,
setup_payoff,record,3,fl:coins_in_rush_16,,side:pretty_star_05,,fl:coins_in_rush,side:pretty_star,404,447,Q279-2,회수,Q279,,,,,확실,확정,일부 · 답 F2548
setup_payoff,record,3,fl:coins_in_rush_00,,event_staranis2_05_s,,fl:coins_in_rush,event_staranis1,404,454,E853,암시,Q279,,,,,확실,확정,
setup_payoff,record,2,fl:coins_in_rush_16,,event_staranis2_05_s,,fl:coins_in_rush,event_staranis1,404,454,Q279-3,회수,Q279,,,,,추정,확정,일부 · 답 F2701
callback,record,3,fl:coins_in_rush_02,,fl:persona_on_frontline_07,,fl:coins_in_rush,fl:persona_on_frontline,404,474,E1562,재언급,F2116,,,,,확실,확정,
callback,record,3,fl:coins_in_rush_00,,fl:persona_on_frontline_11,,fl:coins_in_rush,fl:persona_on_frontline,404,474,E1565,재언급,F2115,,,,,확실,확정,
callback,record,3,fl:coins_in_rush_02,,fl:persona_on_frontline_13,,fl:coins_in_rush,fl:persona_on_frontline,404,474,E1566,재언급,F2116,,,,,확실,확정,
prereq,game-condition,3,ep:d_nikke_ade_agentbunny_01,,ep:d_nikke_ade_agentbunny_02,,char:315,char:315,405,405,,,,,,,,,,condition_scenario_group_id
prereq,game-condition,3,ep:d_nikke_ade_agentbunny_02,,ep:d_nikke_ade_agentbunny_03,,char:315,char:315,405,405,,,,,,,,,,condition_scenario_group_id
prereq,game-condition,3,ep:d_nikke_ade_agentbunny_03,,ep:d_nikke_ade_agentbunny_04,,char:315,char:315,405,405,,,,,,,,,,condition_scenario_group_id
prereq,game-condition,3,ep:d_nikke_ade_agentbunny_04,,ep:d_nikke_ade_agentbunny_05,,char:315,char:315,405,405,,,,,,,,,,condition_scenario_group_id
character,auto,2,ep:d_nikke_ade_agentbunny_05,104,ep:d_nikke_milk_bloomingbunny_01,22,char:315,char:143,405,406,,,,person:에이드,9,기록 3 · 말함 252줄(88%) · 이름 67줄,기록 1 · 말함 50줄(17%) · 이름 7줄,,,
character,auto,2,ep:d_nikke_ade_agentbunny_05,40,fl:fatal_maid_00,3,char:315,fl:fatal_maid,405,432,,,,person:코코아,10,기록 1 · 말함 33줄(12%) · 이름 10줄,기록 6 · 말함 83줄(12%) · 이름 46줄,,,
callback,record,3,ep:d_nikke_ade_agentbunny_01,,fl:persona_on_frontline_11,,char:315,fl:persona_on_frontline,405,474,E1565,재언급,F2123,,,,,확실,확정,
callback,record,3,ep:d_nikke_ade_agentbunny_01,,fl:persona_on_frontline_19,,char:315,fl:persona_on_frontline,405,474,E1575,재언급,F2123,,,,,확실,확정,
prereq,game-condition,3,ep:d_nikke_milk_bloomingbunny_01,,ep:d_nikke_milk_bloomingbunny_02,,char:143,char:143,406,406,,,,,,,,,,condition_scenario_group_id
prereq,game-condition,3,ep:d_nikke_milk_bloomingbunny_02,,ep:d_nikke_milk_bloomingbunny_03,,char:143,char:143,406,406,,,,,,,,,,condition_scenario_group_id
prereq,game-condition,3,ep:d_nikke_milk_bloomingbunny_03,,ep:d_nikke_milk_bloomingbunny_04,,char:143,char:143,406,406,,,,,,,,,,condition_scenario_group_id
prereq,game-condition,3,ep:d_nikke_milk_bloomingbunny_04,,ep:d_nikke_milk_bloomingbunny_05,,char:143,char:143,406,406,,,,,,,,,,condition_scenario_group_id
keyword,auto,1,ep:d_nikke_milk_bloomingbunny_05,7,fl:reborn_evil_00,15,char:143,fl:reborn_evil,406,407,,,,concept:랩쳐,142,이름 5줄,기록 3 · 이름 48줄,,,흔한 대상
character,auto,2,ep:d_nikke_milk_bloomingbunny_05,6,fl:fatal_maid_00,1,char:143,fl:fatal_maid,406,432,,,,person:에이드,9,기록 1 · 말함 50줄(17%) · 이름 7줄,기록 3 · 말함 116줄(16%) · 이름 19줄,,,
keyword,auto,2,ep:d_nikke_milk_bloomingbunny_05,67,fl:fatal_maid_03,28,char:143,fl:fatal_maid,406,432,,,,place:코인_러시,11,이름 6줄,이름 5줄,,,
character,auto,2,ep:d_nikke_milk_bloomingbunny_05,7,d_main_44_af_05,196,char:143,ch44,406,436,,,,person:슈가,10,기록 1 · 말함 36줄(13%) · 이름 14줄,기록 5 · 말함 87줄(4%) · 이름 23줄,,,
character,auto,2,ep:d_nikke_milk_bloomingbunny_05,87,fl:lie_cause_recoil_00,44,char:143,fl:lie_cause_recoil,406,438,,,,person:밀크,10,기록 3 · 말함 174줄(61%) · 이름 76줄,말함 306줄(15%) · 이름 21줄,,,
setup_payoff,record,3,fl:reborn_evil_00,,fl:reborn_evil_25,,fl:reborn_evil,fl:reborn_evil,407,407,E870,암시,F2138,,,,,확실,확정,
setup_payoff,record,3,fl:reborn_evil_02,,fl:reborn_evil_13,,fl:reborn_evil,fl:reborn_evil,407,407,E873,암시,F2142,,,,,확실,확정,
setup_payoff,record,3,fl:reborn_evil_03,,fl:reborn_evil_25,,fl:reborn_evil,fl:reborn_evil,407,407,E874,암시,F2138,,,,,확실,확정,
setup_payoff,record,3,fl:reborn_evil_11,,fl:reborn_evil_17,,fl:reborn_evil,fl:reborn_evil,407,407,E876,암시,F2134,,,,,확실,확정,
setup_payoff,record,2,fl:reborn_evil_13,,fl:reborn_evil_16,,fl:reborn_evil,fl:reborn_evil,407,407,E877,암시,F2130,,,,,추정,확정,
setup_payoff,record,2,fl:reborn_evil_14,,fl:reborn_evil_17,,fl:reborn_evil,fl:reborn_evil,407,407,E878,암시,F2134,,,,,추정,확정,
setup_payoff,record,3,fl:reborn_evil_14,,fl:reborn_evil_17,,fl:reborn_evil,fl:reborn_evil,407,407,E879,암시,F2133,,,,,확실,확정,
callback,record,2,fl:reborn_evil_13,,fl:reborn_evil_17,,fl:reborn_evil,fl:reborn_evil,407,407,E880,재언급,F2142,,,,,추정,확정,
callback,record,3,fl:reborn_evil_09,,ep:d_nikke_ce007_01_01,,fl:reborn_evil,char:840,407,408,E1438,재언급,F2128,,,,,확실,확정,
callback,record,3,fl:reborn_evil_10,,ep:d_nikke_ce007_01_01,,fl:reborn_evil,char:840,407,408,E1439,재언급,F2132,,,,,확실,확정,
callback,record,3,fl:reborn_evil_17,,ep:d_nikke_ce007_01_05,,fl:reborn_evil,char:840,407,408,E1440,재언급,F2133,,,,,확실,확정,
character,auto,2,fl:reborn_evil_27,121,ep:d_nikke_ce007_01_01,10,fl:reborn_evil,char:840,407,408,,,,person:에이다,2,기록 6 · 말함 196줄(13%) · 이름 40줄,기록 3 · 말함 106줄(83%) · 이름 19줄,,,
character,auto,2,fl:reborn_evil_25,53,ep:d_nikke_ce007_01_01,38,fl:reborn_evil,char:840,407,408,,,,person:엘세리아_나인,2,기록 8 · 말함 64줄(4%) · 이름 14줄,기록 2 · 이름 20줄,,,
keyword,auto,2,fl:reborn_evil_27,16,ep:d_nikke_ce007_01_01,0,fl:reborn_evil,char:840,407,408,,,,concept:D-WAVE,4,기록 3 · 이름 24줄,이름 5줄,,,
keyword,auto,2,fl:reborn_evil_27,33,ep:d_nikke_ce007_01_01,10,fl:reborn_evil,char:840,407,408,,,,concept:NEO_바이러스,3,기록 8 · 이름 19줄,기록 2 · 이름 5줄,,,
keyword,auto,1,fl:reborn_evil_27,92,ep:d_nikke_ce007_01_03,18,fl:reborn_evil,char:840,407,408,,,,concept:니케,186,기록 1 · 이름 15줄,기록 1 · 이름 5줄,,,흔한 대상
keyword,auto,1,fl:reborn_evil_27,38,ep:d_nikke_ce007_01_02,11,fl:reborn_evil,char:840,407,408,,,,concept:랩쳐,142,기록 3 · 이름 48줄,기록 1 · 이름 15줄,,,흔한 대상
keyword,auto,2,fl:reborn_evil_27,123,ep:d_nikke_ce007_01_01,3,fl:reborn_evil,char:840,407,408,,,,org:구원의_성화,5,기록 16 · 이름 35줄,기록 3 · 이름 11줄,,,
setup_payoff,record,3,fl:reborn_evil_24,,ep:d_nikke_ce007_03_04,,fl:reborn_evil,char:842,407,409,E882,암시,F2148,,,,,확실,확정,
character,auto,2,fl:reborn_evil_27,102,ep:d_nikke_ce007_03_01,1,fl:reborn_evil,char:842,407,409,,,,person:클레어,2,기록 3 · 말함 191줄(13%) · 이름 30줄,기록 3 · 말함 137줄(59%) · 이름 17줄,,,
character,auto,2,fl:reborn_evil_27,72,ep:d_nikke_ce007_03_01,1,fl:reborn_evil,char:842,407,409,,,,person:키리,5,기록 3 · 말함 135줄(9%) · 이름 40줄,말함 95줄(41%) · 이름 17줄,,,
keyword,auto,2,fl:reborn_evil_25,81,ep:d_nikke_ce007_03_02,37,fl:reborn_evil,char:842,407,409,,,,org:엄브렐러,2,기록 5 · 이름 20줄,기록 1 · 이름 5줄,,,
keyword,auto,2,fl:reborn_evil_24,40,ep:d_nikke_ce007_03_03,13,fl:reborn_evil,char:842,407,409,,,,place:라쿤_시티,3,기록 1 · 이름 11줄,기록 1 · 이름 9줄,,,
keyword,auto,2,fl:reborn_evil_26,62,ep:d_nikke_ce007_03_01,1,fl:reborn_evil,char:842,407,409,,,,place:아우터_림,43,기록 6 · 이름 24줄,이름 5줄,,,
character,auto,2,fl:reborn_evil_27,102,ep:d_nikke_ce007_02_01,1,fl:reborn_evil,char:841,407,410,,,,person:질,2,기록 2 · 말함 149줄(10%) · 이름 33줄,기록 1 · 말함 66줄(51%) · 이름 16줄,,,
keyword,auto,1,fl:reborn_evil_27,68,side:eden_spear_00,0,fl:reborn_evil,side:eden_spear,407,411,,,,place:방주,171,기록 4 · 이름 42줄,기록 4 · 이름 45줄,,,흔한 대상
keyword,auto,1,fl:reborn_evil_27,124,side:eden_spear_02,19,fl:reborn_evil,side:eden_spear,407,411,,,,place:지상,132,기록 1 · 이름 17줄,이름 12줄,,,흔한 대상
character,auto,2,fl:reborn_evil_26,44,fl:go_ninja_thief_03,10,fl:reborn_evil,fl:go_ninja_thief,407,412,,,,person:폴리,10,기록 2 · 말함 63줄(4%) · 이름 38줄,기록 2 · 말함 89줄(9%) · 이름 17줄,,,
keyword,auto,1,fl:reborn_evil_27,65,d_main_42_af_03,131,fl:reborn_evil,ch42,407,416,,,,org:중앙_정부,67,기록 4 · 이름 22줄,기록 1 · 이름 10줄,,,흔한 대상
character,auto,2,fl:reborn_evil_27,27,fl:ark_guardian_00,7,fl:reborn_evil,fl:ark_guardian,407,428,,,,person:엔더슨,32,기록 2 · 말함 60줄(4%),기록 14 · 말함 6줄(0%) · 이름 1316줄,,,
keyword,auto,2,fl:reborn_evil_23,31,fl:ark_guardian_00,7,fl:reborn_evil,fl:ark_guardian,407,428,,,,concept:양산형_니케,26,기록 1 · 이름 10줄,기록 3 · 이름 65줄,,,
keyword,auto,2,fl:reborn_evil_27,12,fl:lie_cause_recoil_01,9,fl:reborn_evil,fl:lie_cause_recoil,407,438,,,,concept:게이트_키퍼,3,기록 1 · 이름 8줄,기록 2 · 이름 6줄,,,
keyword,auto,2,fl:reborn_evil_25,2,fl:ark_ranger_17,0,fl:reborn_evil,fl:ark_ranger,407,462,,,,org:블레이즈_아웃,2,기록 3 · 이름 7줄,기록 2 · 이름 3줄,,,
keyword,auto,2,fl:reborn_evil_26,12,fl:persona_on_frontline_01,58,fl:reborn_evil,fl:persona_on_frontline,407,474,,,,org:A.C.P.U.,9,이름 12줄,이름 7줄,,,
prereq,game-condition,3,ep:d_nikke_ce007_01_01,,ep:d_nikke_ce007_01_02,,char:840,char:840,408,408,,,,,,,,,,condition_scenario_group_id
prereq,game-condition,3,ep:d_nikke_ce007_01_02,,ep:d_nikke_ce007_01_03,,char:840,char:840,408,408,,,,,,,,,,condition_scenario_group_id
prereq,game-condition,3,ep:d_nikke_ce007_01_03,,ep:d_nikke_ce007_01_04,,char:840,char:840,408,408,,,,,,,,,,condition_scenario_group_id
prereq,game-condition,3,ep:d_nikke_ce007_01_04,,ep:d_nikke_ce007_01_05,,char:840,char:840,408,408,,,,,,,,,,condition_scenario_group_id
keyword,auto,2,ep:d_nikke_ce007_01_04,41,ep:d_nikke_ce007_02_01,49,char:840,char:841,408,410,,,,concept:NEO_바이러스,3,기록 2 · 이름 5줄,기록 2 · 이름 2줄,,,
keyword,auto,1,ep:d_nikke_ce007_01_05,39,ep:d_nikke_ce007_02_01,58,char:840,char:841,408,410,,,,concept:랩쳐,142,기록 1 · 이름 15줄,이름 6줄,,,흔한 대상
keyword,auto,2,ep:d_nikke_ce007_01_05,34,ep:d_nikke_ce007_02_01,49,char:840,char:841,408,410,,,,org:구원의_성화,5,기록 3 · 이름 11줄,기록 2 · 이름 1줄,,,
keyword,auto,1,ep:d_nikke_ce007_01_03,44,side:eden_spear_00,86,char:840,side:eden_spear,408,411,,,,concept:니케,186,기록 1 · 이름 5줄,이름 8줄,,,흔한 대상
keyword,auto,2,ep:d_nikke_ce007_01_04,2,fl:persona_on_frontline_01,137,char:840,fl:persona_on_frontline,408,474,,,,concept:D-WAVE,4,이름 5줄,기록 10 · 이름 39줄,,,
prereq,game-condition,3,ep:d_nikke_ce007_03_01,,ep:d_nikke_ce007_03_02,,char:842,char:842,409,409,,,,,,,,,,condition_scenario_group_id
prereq,game-condition,3,ep:d_nikke_ce007_03_02,,ep:d_nikke_ce007_03_03,,char:842,char:842,409,409,,,,,,,,,,condition_scenario_group_id
prereq,game-condition,3,ep:d_nikke_ce007_03_03,,ep:d_nikke_ce007_03_04,,char:842,char:842,409,409,,,,,,,,,,condition_scenario_group_id
prereq,game-condition,3,ep:d_nikke_ce007_03_04,,ep:d_nikke_ce007_03_05,,char:842,char:842,409,409,,,,,,,,,,condition_scenario_group_id
keyword,auto,2,ep:d_nikke_ce007_03_05,29,ep:d_nikke_ce007_02_02,5,char:842,char:841,409,410,,,,place:라쿤_시티,3,기록 1 · 이름 9줄,이름 5줄,,,
character,auto,2,ep:d_nikke_ce007_03_05,61,fl:go_ninja_thief_03,10,char:842,fl:go_ninja_thief,409,412,,,,person:키리,5,말함 95줄(41%) · 이름 17줄,기록 2 · 말함 58줄(6%) · 이름 7줄,,,
keyword,auto,2,ep:d_nikke_ce007_03_02,57,d_main_41_af_04,94,char:842,ch41,409,414,,,,place:아우터_림,43,이름 5줄,기록 1 · 이름 8줄,,,
prereq,game-condition,3,ep:d_nikke_ce007_02_01,,ep:d_nikke_ce007_02_02,,char:841,char:841,410,410,,,,,,,,,,condition_scenario_group_id
prereq,game-condition,3,ep:d_nikke_ce007_02_02,,ep:d_nikke_ce007_02_03,,char:841,char:841,410,410,,,,,,,,,,condition_scenario_group_id
prereq,game-condition,3,ep:d_nikke_ce007_02_03,,ep:d_nikke_ce007_02_04,,char:841,char:841,410,410,,,,,,,,,,condition_scenario_group_id
prereq,game-condition,3,ep:d_nikke_ce007_02_04,,ep:d_nikke_ce007_02_05,,char:841,char:841,410,410,,,,,,,,,,condition_scenario_group_id
keyword,auto,1,ep:d_nikke_ce007_02_02,32,side:eden_spear_00,24,char:841,side:eden_spear,410,411,,,,concept:랩쳐,142,이름 6줄,이름 25줄,,,흔한 대상
character,auto,2,ep:d_nikke_ce007_02_05,70,fl:go_ninja_thief_00,12,char:841,fl:go_ninja_thief,410,412,,,,person:미란다,8,기록 2 · 말함 63줄(49%) · 이름 15줄,기록 2 · 말함 165줄(17%) · 이름 40줄,,,
setup_payoff,record,3,side:eden_spear_06,,side:eden_spear_12,,side:eden_spear,side:eden_spear,411,411,E889,암시,F2173,,,,,확실,확정,
keyword,auto,1,side:eden_spear_12,10,ep:d_nikke_delta_ninjathief_02,62,side:eden_spear,char:23,411,413,,,,place:방주,171,기록 4 · 이름 45줄,이름 8줄,,,흔한 대상
character,auto,2,side:eden_spear_12,157,d_main_41_02,106,side:eden_spear,ch41,411,414,,,,person:리버렐리오,12,기록 7 · 말함 59줄(4%) · 이름 20줄,기록 11 · 말함 122줄(8%) · 이름 12줄,,,
character,auto,2,side:eden_spear_12,162,d_main_41_01,77,side:eden_spear,ch41,411,414,,,,person:퀸,20,기록 11 · 이름 38줄,기록 4 · 이름 31줄,,,
keyword,auto,1,side:eden_spear_11,114,d_main_41_08,26,side:eden_spear,ch41,411,414,,,,concept:니케,186,이름 8줄,기록 1 · 이름 14줄,,,흔한 대상
keyword,auto,1,side:eden_spear_11,118,d_main_41_01,146,side:eden_spear,ch41,411,414,,,,concept:랩쳐,142,이름 25줄,이름 6줄,,,흔한 대상
keyword,auto,2,side:eden_spear_11,145,d_main_41_03,77,side:eden_spear,ch41,411,414,,,,concept:헬레틱,40,이름 23줄,이름 13줄,,,
keyword,auto,1,side:eden_spear_12,165,d_main_41_01,159,side:eden_spear,ch41,411,414,,,,place:지상,132,이름 12줄,이름 13줄,,,흔한 대상
character,auto,2,side:eden_spear_12,173,d_main_42_af_08,0,side:eden_spear,ch42,411,416,,,,person:요한,13,기록 13 · 말함 317줄(22%) · 이름 37줄,기록 2 · 이름 2줄,,,
sequel,manual,3,side:eden_spear_12,,event_goddessfall1_prologue,,side:eden_spear,event_goddessfall1,411,418,Y50,,,,,,,확실,확정,"goddessfall1은 eden_spear 끝(장막이 걷혀 퀸이 내려옴 · 나유타의 파이오니아 호출)에서 곧바로 이어지는 같은 사건의 본편이다(S273 ""side:eden_spear 끝에서 이어짐"")."
setup_payoff,record,3,side:eden_spear_08,,event_goddessfall1_02_e,,side:eden_spear,event_goddessfall1,411,418,Q283-2,회수,Q283,,,,,확실,확정,전부 · 답 F2320
setup_payoff,record,3,side:eden_spear_12,,event_goddessfall1_04_s,,side:eden_spear,event_goddessfall1,411,418,Q285-2,회수,Q285,,,,,확실,확정,전부 · 답 F2277
callback,record,3,side:eden_spear_01,,event_goddessfall2_epilogue,,side:eden_spear,event_goddessfall1,411,418,F2153-2,드러냄,F2153,,,,,확실,확정,
callback,record,3,side:eden_spear_03,,event_goddessfall1_06_e,,side:eden_spear,event_goddessfall1,411,418,F2157-2,드러냄,F2157,,,,,확실,확정,
callback,record,3,side:eden_spear_08,,event_goddessfall2_06_s,,side:eden_spear,event_goddessfall1,411,418,F2164-2,드러냄,F2164,,,,,확실,확정,
character,auto,2,side:eden_spear_12,186,event_goddessfall1_prologue,46,side:eden_spear,event_goddessfall1,411,418,,,,person:나유타,7,기록 10 · 말함 241줄(17%) · 이름 15줄,기록 42 · 말함 607줄(18%) · 이름 97줄,,,
character,auto,2,side:eden_spear_12,53,event_goddessfall1_01_s,20,side:eden_spear,event_goddessfall1,411,418,,,,person:니힐리스타,11,기록 13 · 말함 145줄(10%) · 이름 32줄,기록 25 · 말함 230줄(7%) · 이름 54줄,,,
character,auto,2,side:eden_spear_09,154,event_goddessfall1_prologue,46,side:eden_spear,event_goddessfall1,411,418,,,,person:도로시,31,기록 8 · 말함 57줄(4%) · 이름 36줄,기록 8 · 말함 59줄(2%) · 이름 21줄,,,
character,auto,2,side:eden_spear_12,113,event_goddessfall1_02_s,66,side:eden_spear,event_goddessfall1,411,418,,,,person:마리안,20,기록 3 · 말함 25줄(2%) · 이름 6줄,기록 27 · 말함 128줄(4%) · 이름 137줄,,,
character,auto,2,side:eden_spear_12,168,event_goddessfall1_prologue,0,side:eden_spear,event_goddessfall1,411,418,,,,person:세실,13,기록 4 · 말함 165줄(11%) · 이름 23줄,기록 7 · 말함 127줄(4%) · 이름 11줄,,,
character,auto,2,side:eden_spear_11,56,event_goddessfall1_prologue,6,side:eden_spear,event_goddessfall1,411,418,,,,person:이사벨,11,기록 3 · 말함 67줄(5%) · 이름 12줄,기록 10 · 말함 144줄(4%) · 이름 46줄,,,
character,auto,2,side:eden_spear_07,44,event_goddessfall1_03_s,76,side:eden_spear,event_goddessfall1,411,418,,,,person:인디빌리아,9,기록 2 · 이름 5줄,기록 16 · 말함 220줄(7%) · 이름 71줄,,,
character,auto,2,side:eden_spear_07,29,event_goddessfall1_03_s,76,side:eden_spear,event_goddessfall1,411,418,,,,person:토커티브,15,기록 2 · 이름 3줄,기록 13 · 말함 60줄(2%) · 이름 42줄,,,
character,auto,2,side:eden_spear_11,81,event_goddessfall1_01_s,7,side:eden_spear,event_goddessfall1,411,418,,,,person:파피용,9,기록 5 · 말함 161줄(11%) · 이름 25줄,기록 9 · 말함 201줄(6%) · 이름 39줄,,,
character,auto,2,side:eden_spear_11,58,event_goddessfall1_prologue,6,side:eden_spear,event_goddessfall1,411,418,,,,person:하란,9,기록 5 · 말함 114줄(8%) · 이름 3줄,기록 14 · 말함 150줄(5%) · 이름 25줄,,,
keyword,auto,2,side:eden_spear_11,109,event_goddessfall1_01_e,3,side:eden_spear,event_goddessfall1,411,418,,,,concept:릴리스의_바디,3,기록 5 · 이름 11줄,기록 5 · 이름 19줄,,,
keyword,auto,2,side:eden_spear_08,68,event_goddessfall2_04_s,68,side:eden_spear,event_goddessfall1,411,418,,,,concept:언체인드,25,기록 2 · 이름 7줄,기록 6 · 이름 4줄,,,
keyword,auto,2,side:eden_spear_12,167,event_goddessfall1_prologue,0,side:eden_spear,event_goddessfall1,411,418,,,,item:에덴의_창,2,기록 3 · 이름 9줄,기록 5 · 이름 26줄,,,
keyword,auto,2,side:eden_spear_11,149,event_goddessfall1_01_s,104,side:eden_spear,event_goddessfall1,411,418,,,,org:인헤르트,3,기록 3 · 이름 5줄,기록 4 · 이름 11줄,,,
keyword,auto,2,side:eden_spear_12,170,event_goddessfall1_prologue,46,side:eden_spear,event_goddessfall1,411,418,,,,org:파이오니아,4,기록 2 · 이름 5줄,기록 11 · 이름 13줄,,,
keyword,auto,2,side:eden_spear_12,167,event_goddessfall1_prologue,0,side:eden_spear,event_goddessfall1,411,418,,,,place:에덴,25,기록 11 · 이름 68줄,기록 9 · 이름 105줄,,,
setup_payoff,record,3,side:eden_spear_01,,erelic:goddess_fall_mini_09,,side:eden_spear,erelic:goddess_fall_mini,411,419,E886,암시,F2335,,,,,확실,확정,
callback,record,2,side:eden_spear_03,,ep:d_nikke_nayuta_03,,side:eden_spear,char:223,411,420,E1622,재언급,F2157,,,,,추정,확정,
callback,record,2,side:eden_spear_10,,ep:d_nikke_liberalio_05,,side:eden_spear,char:262,411,422,E1627,재언급,F2169,,,,,추정,확정,
setup_payoff,record,2,side:eden_spear_12,,d_main_44_08_e,,side:eden_spear,ch44,411,436,E891,암시,F2435,,,,,추정,확정,
callback,record,3,side:eden_spear_09,,d_main_46_08,,side:eden_spear,ch46,411,452,E1102,재언급,F2167,,,,,확실,확정,
character,auto,2,fl:go_ninja_thief_14,60,ep:d_nikke_delta_ninjathief_01,16,fl:go_ninja_thief,char:23,412,413,,,,person:델타,4,기록 4 · 말함 284줄(28%) · 이름 96줄,기록 2 · 말함 173줄(47%) · 이름 35줄,,,
character,auto,2,fl:go_ninja_thief_14,32,ep:d_nikke_delta_ninjathief_01,104,fl:go_ninja_thief,char:23,412,413,,,,person:미란다,8,기록 2 · 말함 165줄(17%) · 이름 40줄,기록 1 · 말함 56줄(15%) · 이름 11줄,,,
character,auto,2,fl:go_ninja_thief_14,48,ep:d_nikke_delta_ninjathief_01,103,fl:go_ninja_thief,char:23,412,413,,,,person:퀀시,6,기록 3 · 말함 118줄(12%) · 이름 12줄,기록 1 · 말함 38줄(10%) · 이름 5줄,,,
character,auto,2,fl:go_ninja_thief_14,47,ep:d_nikke_delta_ninjathief_01,102,fl:go_ninja_thief,char:23,412,413,,,,person:팬텀,8,기록 4 · 말함 255줄(26%) · 이름 15줄,기록 1 · 말함 98줄(27%) · 이름 7줄,,,
keyword,auto,2,fl:go_ninja_thief_14,33,fl:persona_on_frontline_01,18,fl:go_ninja_thief,fl:persona_on_frontline,412,474,,,,org:정의_괴도단,3,이름 47줄,이름 16줄,,,
prereq,game-condition,3,ep:d_nikke_delta_ninjathief_01,,ep:d_nikke_delta_ninjathief_02,,char:23,char:23,413,413,,,,,,,,,,condition_scenario_group_id
prereq,game-condition,3,ep:d_nikke_delta_ninjathief_02,,ep:d_nikke_delta_ninjathief_03,,char:23,char:23,413,413,,,,,,,,,,condition_scenario_group_id
prereq,game-condition,3,ep:d_nikke_delta_ninjathief_03,,ep:d_nikke_delta_ninjathief_04,,char:23,char:23,413,413,,,,,,,,,,condition_scenario_group_id
prereq,game-condition,3,ep:d_nikke_delta_ninjathief_04,,ep:d_nikke_delta_ninjathief_05,,char:23,char:23,413,413,,,,,,,,,,condition_scenario_group_id
keyword,auto,1,ep:d_nikke_delta_ninjathief_05,93,d_main_41_01,163,char:23,ch41,413,414,,,,place:방주,171,이름 8줄,기록 5 · 이름 30줄,,,흔한 대상
character,auto,2,ep:d_nikke_delta_ninjathief_05,97,fl:sin_editor_00,2,char:23,fl:sin_editor,413,430,,,,person:팬텀,8,기록 1 · 말함 98줄(27%) · 이름 7줄,기록 8 · 말함 129줄(17%) · 이름 25줄,,,
character,auto,2,ep:d_nikke_delta_ninjathief_05,52,fl:persona_on_frontline_01,18,char:23,fl:persona_on_frontline,413,474,,,,person:미란다,8,기록 1 · 말함 56줄(15%) · 이름 11줄,기록 3 · 말함 125줄(7%) · 이름 38줄,,,
character,auto,2,ep:d_nikke_delta_ninjathief_05,37,fl:persona_on_frontline_01,7,char:23,fl:persona_on_frontline,413,474,,,,person:퀀시,6,기록 1 · 말함 38줄(10%) · 이름 5줄,기록 4 · 말함 166줄(9%) · 이름 38줄,,,
setup_payoff,record,2,d_main_41_03,,d_main_41_04,,ch41,ch41,414,414,E894,암시,F2194,,,,,추정,확정,
setup_payoff,record,2,d_main_41_03,,d_main_41_09,,ch41,ch41,414,414,E894,암시,F2197,,,,,추정,확정,
callback,record,2,d_main_41_01,,relic:거꾸로적힌기록_00,,ch41,relic:거꾸로적힌기록,414,415,E906,재언급,F2182,,,,,추정,확정,
callback,record,3,d_main_41_01,,relic:거꾸로적힌기록_02,,ch41,relic:거꾸로적힌기록,414,415,E907,재언급,F2181,,,,,확실,확정,
character,auto,2,d_main_41_08,142,relic:거꾸로적힌기록_00,0,ch41,relic:거꾸로적힌기록,414,415,,,,person:레비아탄,19,기록 10 · 말함 117줄(8%) · 이름 25줄,기록 2,,,
character,auto,2,d_main_41_08,115,relic:거꾸로적힌기록_00,0,ch41,relic:거꾸로적힌기록,414,415,,,,person:바하무트,4,기록 6 · 말함 108줄(7%) · 이름 56줄,기록 3 · 이름 25줄,,,
sequel,auto,3,d_main_41_af_07,,d_main_42_01,,ch41,ch42,414,416,,,,,,,,,,다음 챕터
setup_payoff,record,3,d_main_41_08,,d_main_42_02,,ch41,ch42,414,416,Q286-2,회수,Q286,,,,,확실,확정,일부 · 답 F2214
setup_payoff,record,2,d_main_41_04,,d_main_42_af_07,,ch41,ch42,414,416,Q288-2,회수,Q288,,,,,추정,확정,일부 · 답 F2247
setup_payoff,record,3,d_main_41_af_06,,d_main_42_af_01,,ch41,ch42,414,416,Q293-2,회수,Q293,,,,,확실,확정,전부 · 답 F2237
callback,record,3,d_main_41_af_05,,d_main_42_af_03,,ch41,ch42,414,416,E923,재언급,F2207,,,,,확실,확정,
callback,record,3,d_main_41_af_06,,d_main_42_af_04,,ch41,ch42,414,416,E924,재언급,F2209,,,,,확실,확정,
callback,record,3,d_main_41_01,,d_main_42_af_08,,ch41,ch42,414,416,E928,재언급,F2184,,,,,확실,확정,
character,auto,2,d_main_41_af_06,89,d_main_42_af_01,79,ch41,ch42,414,416,,,,person:E.H.,10,기록 4 · 말함 50줄(3%) · 이름 16줄,기록 8 · 말함 63줄(3%) · 이름 9줄,,,
character,auto,1,d_main_41_08,109,d_main_42_01,0,ch41,ch42,414,416,,,,person:라피,85,기록 8 · 말함 104줄(7%) · 이름 28줄,기록 10 · 말함 155줄(8%) · 이름 37줄,,,흔한 대상
character,auto,2,d_main_41_09,30,d_main_42_01,67,ch41,ch42,414,416,,,,person:리버렐리오,12,기록 11 · 말함 122줄(8%) · 이름 12줄,기록 16 · 말함 145줄(8%) · 이름 12줄,,,
character,auto,2,d_main_41_af_06,12,d_main_42_af_01,79,ch41,ch42,414,416,,,,person:리버린,9,기록 6 · 말함 41줄(3%) · 이름 16줄,기록 3 · 말함 17줄(1%) · 이름 7줄,,,
character,auto,2,d_main_41_08,136,d_main_42_01,64,ch41,ch42,414,416,,,,person:맥스웰,15,기록 3 · 말함 51줄(3%) · 이름 11줄,기록 4 · 말함 21줄(1%) · 이름 12줄,,,
character,auto,2,d_main_41_af_01,103,d_main_42_af_06,46,ch41,ch42,414,416,,,,person:머스탱,27,기록 3 · 이름 3줄,기록 7 · 말함 52줄(3%) · 이름 1줄,,,
character,auto,2,d_main_41_af_07,22,d_main_42_af_06,74,ch41,ch42,414,416,,,,person:미세스_미스,5,기록 7 · 말함 91줄(6%) · 이름 3줄,기록 3 · 말함 36줄(2%) · 이름 3줄,,,
character,auto,2,d_main_41_08,140,d_main_42_01,13,ch41,ch42,414,416,,,,person:베히모스,14,기록 3 · 말함 88줄(6%) · 이름 37줄,기록 8 · 말함 63줄(3%) · 이름 23줄,,,
character,auto,2,d_main_41_af_06,90,d_main_42_af_02,16,ch41,ch42,414,416,,,,person:식스오,9,기록 6 · 말함 15줄(1%) · 이름 1줄,기록 4 · 이름 7줄,,,
character,auto,1,d_main_41_af_07,60,d_main_42_af_01,0,ch41,ch42,414,416,,,,person:아니스,119,기록 6 · 말함 72줄(5%) · 이름 26줄,기록 21 · 말함 308줄(16%) · 이름 113줄,,,흔한 대상
character,auto,2,d_main_41_af_06,80,d_main_42_af_01,40,ch41,ch42,414,416,,,,person:에닉,22,기록 2 · 이름 6줄,기록 14 · 말함 137줄(7%) · 이름 15줄,,,
character,auto,2,d_main_41_08,143,d_main_42_01,10,ch41,ch42,414,416,,,,person:온리_원,6,기록 3 · 말함 5줄(0%),기록 24 · 말함 22줄(1%) · 이름 38줄,,,
character,auto,2,d_main_41_08,141,d_main_42_01,7,ch41,ch42,414,416,,,,person:지즈,9,기록 4 · 말함 55줄(4%) · 이름 35줄,기록 11 · 말함 79줄(4%) · 이름 40줄,,,
character,auto,2,d_main_41_09,31,d_main_42_02,1,ch41,ch42,414,416,,,,person:퀸,20,기록 4 · 이름 31줄,기록 6 · 이름 61줄,,,
character,auto,2,d_main_41_af_01,78,d_main_42_af_06,72,ch41,ch42,414,416,,,,person:프리티,8,기록 2 · 이름 5줄,기록 3 · 이름 4줄,,,
keyword,auto,2,d_main_41_af_06,80,d_main_42_07,91,ch41,ch42,414,416,,,,concept:E2_크리스탈,7,기록 3 · 이름 8줄,기록 3 · 이름 8줄,,,
keyword,auto,1,d_main_41_af_05,141,d_main_42_af_01,59,ch41,ch42,414,416,,,,concept:니케,186,기록 1 · 이름 14줄,기록 1 · 이름 8줄,,,흔한 대상
keyword,auto,2,d_main_41_08,106,d_main_42_01,68,ch41,ch42,414,416,,,,concept:다크_매터,18,기록 3 · 이름 24줄,기록 3 · 이름 29줄,,,
keyword,auto,1,d_main_41_04,119,d_main_42_02,9,ch41,ch42,414,416,,,,concept:랩쳐,142,이름 6줄,이름 9줄,,,흔한 대상
keyword,auto,2,d_main_41_03,33,d_main_42_02,60,ch41,ch42,414,416,,,,concept:웨일리,7,기록 1 · 이름 5줄,기록 1 · 이름 13줄,,,
keyword,auto,2,d_main_41_08,40,d_main_42_02,2,ch41,ch42,414,416,,,,concept:헬레틱,40,이름 13줄,이름 6줄,,,
keyword,auto,2,d_main_41_09,12,d_main_42_01,112,ch41,ch42,414,416,,,,org:포비스트,20,기록 8 · 이름 23줄,기록 4 · 이름 19줄,,,
keyword,auto,1,d_main_41_af_06,85,d_main_42_02,121,ch41,ch42,414,416,,,,place:방주,171,기록 5 · 이름 30줄,기록 5 · 이름 70줄,,,흔한 대상
keyword,auto,2,d_main_41_af_06,52,d_main_42_af_01,79,ch41,ch42,414,416,,,,place:아우터_림,43,기록 1 · 이름 8줄,기록 8 · 이름 24줄,,,
keyword,auto,2,d_main_41_09,20,d_main_42_02,121,ch41,ch42,414,416,,,,place:유사_방주,2,기록 5 · 이름 4줄,기록 2 · 이름 2줄,,,
keyword,auto,1,d_main_41_af_05,86,d_main_42_af_02,22,ch41,ch42,414,416,,,,place:지상,132,이름 13줄,기록 1 · 이름 5줄,,,흔한 대상
callback,record,3,d_main_41_01,,relic:주의용광로사용법_03,,ch41,relic:주의용광로사용법,414,417,F2184-2,드러냄,F2184,,,,,확실,확정,
keyword,auto,2,d_main_41_08,97,relic:주의용광로사용법_00,2,ch41,relic:주의용광로사용법,414,417,,,,concept:용광로,2,기록 4 · 이름 13줄,기록 2 · 이름 2줄,,,
setup_payoff,record,2,d_main_41_01,,event_goddessfall1_04_s,,ch41,event_goddessfall1,414,418,Q287-2,회수,Q287,,,,,추정,확정,일부 · 답 F2278
callback,record,3,d_main_41_01,,event_goddessfall1_04_s,,ch41,event_goddessfall1,414,418,E939,재언급,F2183,,,,,확실,확정,
keyword,auto,2,d_main_41_09,1,event_goddessfall1_03_s,76,ch41,event_goddessfall1,414,418,,,,concept:퀸_인자,3,기록 3,기록 5 · 이름 14줄,,,
character,auto,1,d_main_41_af_05,0,ep:d_nikke_chime_01,9,ch41,char:331,414,421,,,,person:네온,55,기록 6 · 말함 71줄(5%) · 이름 31줄,말함 23줄(10%) · 이름 6줄,,,흔한 대상
setup_payoff,record,3,d_main_41_af_03,,d_main_43_15,,ch41,ch43,414,434,Q289-2,회수,Q289,,,,,확실,확정,일부 · 답 F2413
setup_payoff,record,3,d_main_41_af_04,,d_main_43_15,,ch41,ch43,414,434,Q290-2,회수,Q290,,,,,확실,확정,전부 · 답 F2415
character,auto,2,d_main_41_af_04,127,d_main_43_15,13,ch41,ch43,414,434,,,,person:D.E.E.P.,4,기록 5 · 말함 21줄(1%) · 이름 5줄,기록 7 · 이름 10줄,,,
character,auto,2,d_main_41_af_04,143,d_main_43_01,11,ch41,ch43,414,434,,,,person:에테르,12,기록 2 · 말함 35줄(2%) · 이름 5줄,기록 2 · 말함 28줄(2%) · 이름 1줄,,,
character,auto,2,d_main_41_af_04,144,d_main_43_01,11,ch41,ch43,414,434,,,,person:지엔,7,기록 2 · 말함 76줄(5%) · 이름 4줄,기록 6 · 말함 130줄(11%) · 이름 1줄,,,
callback,record,3,d_main_41_af_05,,d_main_44_af_06,,ch41,ch44,414,436,E1033,재언급,F2207,,,,,확실,확정,
keyword,auto,2,d_main_41_af_06,25,d_main_44_af_04,9,ch41,ch44,414,436,,,,concept:미스트,7,기록 2 · 이름 3줄,기록 5 · 이름 28줄,,,
keyword,auto,2,d_main_41_af_07,6,side:pretty_star_00,209,ch41,side:pretty_star,414,447,,,,org:테트라,13,기록 2 · 이름 4줄,기록 13 · 이름 23줄,,,
keyword,auto,2,d_main_41_af_04,19,fl:good_world_12,0,ch41,fl:good_world,414,448,,,,org:M.M.R.,12,기록 3 · 이름 1줄,기록 2 · 이름 2줄,,,
callback,record,3,d_main_41_af_01,,d_main_45_07,,ch41,ch45,414,450,E1087,재언급,F2200,,,,,확실,확정,
callback,record,2,d_main_41_af_05,,d_main_45_10,,ch41,ch45,414,450,E1091,재언급,F2207,,,,,추정,확정,
keyword,auto,2,d_main_41_af_02,66,d_main_46_af_08,107,ch41,ch46,414,452,,,,org:T.T.STAR,8,기록 4 · 이름 5줄,기록 2,,,
setup_payoff,record,2,d_main_41_af_01,,event_staranis2_05_s,,ch41,event_staranis1,414,454,E898,암시,F2701,,,,,추정,확정,
setup_payoff,record,2,d_main_41_af_01,,event_staranis2_05_e,,ch41,event_staranis1,414,454,E899,암시,F2705,,,,,추정,확정,
setup_payoff,record,2,d_main_41_af_02,,event_staranis2_04_s,,ch41,event_staranis1,414,454,E900,암시,F2698,,,,,추정,확정,
setup_payoff,record,2,d_main_41_af_02,,event_staranis2_02_s,,ch41,event_staranis1,414,454,E901,암시,F2690,,,,,추정,확정,
setup_payoff,record,2,d_main_41_af_01,,event_staranis2_03_e,,ch41,event_staranis1,414,454,Q291-2,회수,Q291,,,,,추정,확정,일부 · 답 F2695
callback,record,3,d_main_41_af_01,,event_staranis2_02_s,,ch41,event_staranis1,414,454,F2200-2,드러냄,F2200,,,,,확실,확정,
character,auto,2,d_main_41_af_07,31,event_staranis1_prologue,43,ch41,event_staranis1,414,454,,,,person:민트,6,기록 7 · 말함 47줄(3%) · 이름 8줄,기록 14 · 말함 358줄(11%) · 이름 50줄,,,
character,auto,2,d_main_41_af_07,30,event_staranis1_prologue,58,ch41,event_staranis1,414,454,,,,person:프리카,7,기록 4 · 말함 40줄(3%) · 이름 3줄,기록 12 · 말함 265줄(8%) · 이름 56줄,,,
keyword,auto,2,d_main_41_af_02,162,event_staranis2_02_s,0,ch41,event_staranis1,414,454,,,,concept:스마일_박스,2,기록 5 · 이름 4줄,기록 3 · 이름 13줄,,,
callback,record,3,d_main_41_04,,d_main_47_05,,ch41,ch47,414,470,E1222,재언급,F2194,,,,,확실,확정,
callback,record,2,d_main_41_09,,fl:great_villain_union_06,,ch41,fl:great_villain_union,414,478,E1589,재언급,F2197,,,,,추정,확정,
character,auto,2,relic:거꾸로적힌기록_00,0,d_main_42_01,12,relic:거꾸로적힌기록,ch42,415,416,,,,person:레비아탄,19,기록 2,기록 20 · 말함 229줄(12%) · 이름 51줄,,,
character,auto,2,relic:거꾸로적힌기록_03,8,d_main_42_01,10,relic:거꾸로적힌기록,ch42,415,416,,,,person:바하무트,4,기록 3 · 이름 25줄,기록 6 · 말함 14줄(1%) · 이름 23줄,,,
setup_payoff,record,3,d_main_42_01,,d_main_42_af_07,,ch42,ch42,416,416,E908,암시,F2246,,,,,확실,확정,
setup_payoff,record,3,d_main_42_07,,d_main_42_af_07,,ch42,ch42,416,416,E909,암시,F2246,,,,,확실,확정,
setup_payoff,record,2,d_main_42_06,,d_main_42_07,,ch42,ch42,416,416,E913,암시,F2228,,,,,추정,확정,
setup_payoff,record,3,d_main_42_06,,d_main_42_08,,ch42,ch42,416,416,E914,암시,F2231,,,,,확실,확정,
setup_payoff,record,2,d_main_42_06,,d_main_42_af_08,,ch42,ch42,416,416,E915,암시,F2251,,,,,추정,확정,
setup_payoff,record,2,d_main_42_02,,d_main_42_af_08,,ch42,ch42,416,416,E916,암시,F2251,,,,,추정,확정,
setup_payoff,record,2,d_main_42_af_06,,d_main_42_af_09,,ch42,ch42,416,416,E921,암시,F2253,,,,,추정,확정,
setup_payoff,record,2,d_main_42_02,,d_main_42_af_08,,ch42,ch42,416,416,Q294-2,회수,Q294,,,,,추정,확정,일부 · 답 F2250
callback,record,3,d_main_42_06,,relic:주의용광로사용법_02,,ch42,relic:주의용광로사용법,416,417,E931,재언급,F2226,,,,,확실,확정,
callback,record,3,d_main_42_06,,relic:주의용광로사용법_01,,ch42,relic:주의용광로사용법,416,417,E932,재언급,F2225,,,,,확실,확정,
character,auto,2,d_main_42_af_08,323,relic:주의용광로사용법_00,2,ch42,relic:주의용광로사용법,416,417,,,,person:바하무트,4,기록 6 · 말함 14줄(1%) · 이름 23줄,기록 2 · 이름 1줄,,,
keyword,auto,2,d_main_42_af_08,103,relic:주의용광로사용법_00,2,ch42,relic:주의용광로사용법,416,417,,,,concept:다크_매터,18,기록 3 · 이름 29줄,기록 2 · 이름 3줄,,,
keyword,auto,2,d_main_42_af_08,345,relic:주의용광로사용법_00,2,ch42,relic:주의용광로사용법,416,417,,,,org:포비스트,20,기록 4 · 이름 19줄,기록 3,,,
setup_payoff,record,2,d_main_42_af_08,,event_goddessfall1_01_s,,ch42,event_goddessfall1,416,418,Q295-2,회수,Q295,,,,,추정,확정,일부 · 답 F2260
setup_payoff,record,3,d_main_42_af_09,,event_goddessfall2_epilogue,,ch42,event_goddessfall1,416,418,Q296-2,회수,Q296,,,,,확실,확정,전부 · 답 F2318
character,auto,2,d_main_42_af_09,28,event_goddessfall1_01_s,73,ch42,event_goddessfall1,416,418,,,,person:리버렐리오,12,기록 16 · 말함 145줄(8%) · 이름 12줄,기록 4 · 이름 12줄,,,
character,auto,2,d_main_42_af_08,249,event_goddessfall1_02_e,55,ch42,event_goddessfall1,416,418,,,,person:신데렐라,26,기록 12 · 말함 95줄(5%) · 이름 22줄,기록 3 · 이름 3줄,,,
character,auto,2,d_main_42_af_09,75,event_goddessfall1_prologue,0,ch42,event_goddessfall1,416,418,,,,person:요한,13,기록 2 · 이름 2줄,기록 24 · 말함 308줄(9%) · 이름 30줄,,,
character,auto,2,d_main_42_af_09,32,event_goddessfall1_prologue,0,ch42,event_goddessfall1,416,418,,,,person:퀸,20,기록 6 · 이름 61줄,기록 32 · 이름 276줄,,,
keyword,auto,1,d_main_42_af_08,95,event_goddessfall1_02_s,73,ch42,event_goddessfall1,416,418,,,,concept:니케,186,기록 1 · 이름 8줄,기록 1 · 이름 15줄,,,흔한 대상
keyword,auto,1,d_main_42_af_08,366,event_goddessfall1_01_s,100,ch42,event_goddessfall1,416,418,,,,concept:랩쳐,142,이름 9줄,이름 88줄,,,흔한 대상
keyword,auto,2,d_main_42_af_08,366,event_goddessfall1_02_s,15,ch42,event_goddessfall1,416,418,,,,concept:헬레틱,40,이름 6줄,기록 1 · 이름 23줄,,,
keyword,auto,1,d_main_42_af_09,35,event_goddessfall1_prologue,53,ch42,event_goddessfall1,416,418,,,,place:방주,171,기록 5 · 이름 70줄,기록 5 · 이름 37줄,,,흔한 대상
keyword,auto,1,d_main_42_af_09,25,event_goddessfall1_prologue,98,ch42,event_goddessfall1,416,418,,,,place:지상,132,기록 1 · 이름 5줄,이름 47줄,,,흔한 대상
keyword,auto,1,d_main_42_af_05,133,erelic:goddess_fall_mini_09,22,ch42,erelic:goddess_fall_mini,416,419,,,,org:중앙_정부,67,기록 1 · 이름 10줄,기록 2 · 이름 2줄,,,흔한 대상
character,auto,2,d_main_42_af_09,37,fl:sin_editor_00,2,ch42,fl:sin_editor,416,430,,,,person:에닉,22,기록 14 · 말함 137줄(7%) · 이름 15줄,기록 4 · 말함 29줄(4%) · 이름 2줄,,,
character,auto,2,d_main_42_af_09,37,fl:fatal_maid_04,19,ch42,fl:fatal_maid,416,432,,,,person:머스탱,27,기록 7 · 말함 52줄(3%) · 이름 1줄,기록 3 · 이름 1줄,,,
sequel,auto,3,d_main_42_af_09,,d_main_43_01,,ch42,ch43,416,434,,,,,,,,,,다음 챕터
keyword,auto,2,d_main_42_af_08,13,d_main_43_02,52,ch42,ch43,416,434,,,,place:아우터_림,43,기록 8 · 이름 24줄,기록 8 · 이름 30줄,,,
setup_payoff,record,2,d_main_42_af_08,,d_main_44_08_e,,ch42,ch44,416,436,E929,암시,F2435,,,,,추정,확정,
setup_payoff,record,3,d_main_42_af_08,,d_main_44_08_e,,ch42,ch44,416,436,Q295-3,회수,Q295,,,,,확실,확정,전부 · 답 F2435
callback,record,2,d_main_42_af_07,,d_main_44_08_e,,ch42,ch44,416,436,E1023,재언급,F2246,,,,,추정,확정,
character,auto,2,d_main_42_af_09,24,d_main_44_af_03,86,ch42,ch44,416,436,,,,person:E.H.,10,기록 8 · 말함 63줄(3%) · 이름 9줄,기록 4 · 말함 62줄(3%) · 이름 6줄,,,
character,auto,1,d_main_42_af_09,74,d_main_44_01,2,ch42,ch44,416,436,,,,person:라피,85,기록 10 · 말함 155줄(8%) · 이름 37줄,기록 4 · 말함 168줄(8%) · 이름 23줄,,,흔한 대상
character,auto,2,d_main_42_af_04,92,d_main_44_af_03,116,ch42,ch44,416,436,,,,person:리버린,9,기록 3 · 말함 17줄(1%) · 이름 7줄,기록 9 · 말함 104줄(5%) · 이름 49줄,,,
character,auto,2,d_main_42_af_09,22,d_main_44_af_02,115,ch42,ch44,416,436,,,,person:식스오,9,기록 4 · 이름 7줄,기록 18 · 말함 37줄(2%) · 이름 84줄,,,
character,auto,1,d_main_42_af_09,62,d_main_44_01,0,ch42,ch44,416,436,,,,person:아니스,119,기록 21 · 말함 308줄(16%) · 이름 113줄,기록 2 · 말함 191줄(9%) · 이름 20줄,,,흔한 대상
keyword,auto,2,d_main_42_af_06,148,d_main_44_af_02,138,ch42,ch44,416,436,,,,concept:E2_크리스탈,7,기록 3 · 이름 8줄,기록 5 · 이름 9줄,,,
keyword,auto,2,d_main_42_af_04,48,d_main_44_af_04,254,ch42,ch44,416,436,,,,org:이그조틱,14,기록 2 · 이름 5줄,기록 1 · 이름 5줄,,,
character,auto,2,d_main_42_af_05,16,fl:enter_heaven_00,0,ch42,fl:enter_heaven,416,442,,,,person:바이퍼,11,기록 2 · 말함 36줄(2%) · 이름 5줄,기록 6 · 말함 158줄(16%) · 이름 26줄,,,
character,auto,2,d_main_42_af_09,47,side:pretty_star_01,159,ch42,side:pretty_star,416,447,,,,person:미세스_미스,5,기록 3 · 말함 36줄(2%) · 이름 3줄,기록 12 · 말함 154줄(8%) · 이름 9줄,,,
character,auto,2,d_main_42_af_06,176,side:pretty_star_00,4,ch42,side:pretty_star,416,447,,,,person:프리티,8,기록 3 · 이름 4줄,기록 32 · 이름 71줄,,,
setup_payoff,record,2,d_main_42_af_04,,d_main_45_03,,ch42,ch45,416,450,E925,암시,F2576,,,,,추정,확정,
callback,record,3,d_main_42_af_01,,d_main_45_03,,ch42,ch45,416,450,E1081,재언급,F2233,,,,,확실,확정,
callback,record,3,d_main_42_af_03,,d_main_45_05,,ch42,ch45,416,450,E1085,재언급,F2235,,,,,확실,확정,
character,auto,2,d_main_42_af_04,30,d_main_45_05,13,ch42,ch45,416,450,,,,person:엔드리스,3,기록 2 · 이름 5줄,기록 11 · 말함 100줄(8%) · 이름 79줄,,,
character,auto,2,d_main_42_af_04,20,d_main_45_05,84,ch42,ch45,416,450,,,,person:이터니티,3,기록 4 · 이름 22줄,기록 3 · 이름 4줄,,,
keyword,auto,2,d_main_42_af_04,37,d_main_45_03,54,ch42,ch45,416,450,,,,place:펑크_스트리트,2,기록 5 · 이름 3줄,기록 2 · 이름 2줄,,,
setup_payoff,record,3,d_main_42_af_09,,d_main_46_af_10,,ch42,ch46,416,452,E930,암시,F2663,,,,,확실,확정,
character,auto,2,d_main_42_af_08,335,d_main_46_08,0,ch42,ch46,416,452,,,,person:레비아탄,19,기록 20 · 말함 229줄(12%) · 이름 51줄,기록 4 · 말함 125줄(7%) · 이름 17줄,,,
character,auto,2,d_main_42_af_08,332,d_main_46_08,1,ch42,ch46,416,452,,,,person:베히모스,14,기록 8 · 말함 63줄(3%) · 이름 23줄,기록 4 · 말함 41줄(2%) · 이름 5줄,,,
character,auto,2,d_main_42_af_08,336,d_main_46_08,14,ch42,ch46,416,452,,,,person:온리_원,6,기록 24 · 말함 22줄(1%) · 이름 38줄,기록 9 · 말함 54줄(3%),,,
character,auto,2,d_main_42_af_08,301,d_main_46_08,14,ch42,ch46,416,452,,,,person:지즈,9,기록 11 · 말함 79줄(4%) · 이름 40줄,기록 2 · 말함 34줄(2%) · 이름 10줄,,,
character,auto,2,d_main_42_af_09,47,event_staranis1_prologue,1,ch42,event_staranis1,416,454,,,,person:아비스타,6,기록 3 · 말함 52줄(3%) · 이름 10줄,기록 3 · 말함 11줄(0%) · 이름 5줄,,,
callback,record,3,d_main_42_af_06,,fl:ark_ranger_17,,ch42,fl:ark_ranger,416,462,E1179,재언급,F2243,,,,,확실,확정,
callback,record,3,d_main_42_af_03,,fl:ark_ranger_11,,ch42,fl:ark_ranger,416,462,F2235-2,드러냄,F2235,,,,,확실,확정,
keyword,auto,2,d_main_42_af_08,338,fl:ark_ranger_05,21,ch42,fl:ark_ranger,416,462,,,,org:메티스,21,기록 2 · 이름 5줄,기록 4 · 이름 24줄,,,
character,auto,2,d_main_42_af_08,223,fl:wave_to_you_01,11,ch42,fl:wave_to_you,416,464,,,,person:그레이브,23,기록 5 · 말함 33줄(2%) · 이름 7줄,기록 3 · 말함 121줄(5%) · 이름 38줄,,,
character,auto,2,d_main_42_af_08,181,fl:wave_to_you_01,2,ch42,fl:wave_to_you,416,464,,,,person:그레텔,8,기록 3 · 이름 3줄,기록 2 · 이름 25줄,,,
character,auto,2,d_main_42_af_08,224,fl:wave_to_you_01,2,ch42,fl:wave_to_you,416,464,,,,person:리틀_머메이드,8,기록 9 · 말함 95줄(5%) · 이름 28줄,기록 5 · 말함 328줄(13%) · 이름 44줄,,,
character,auto,2,d_main_42_af_08,225,fl:wave_to_you_01,12,ch42,fl:wave_to_you,416,464,,,,person:모리,5,기록 5 · 말함 71줄(4%) · 이름 11줄,기록 2 · 말함 152줄(6%) · 이름 38줄,,,
character,auto,2,d_main_42_af_08,328,fl:wave_to_you_01,20,ch42,fl:wave_to_you,416,464,,,,person:세이렌,14,기록 4 · 이름 36줄,기록 4 · 이름 41줄,,,
character,auto,2,d_main_42_af_08,181,fl:wave_to_you_01,2,ch42,fl:wave_to_you,416,464,,,,person:헨젤,8,기록 3 · 이름 3줄,기록 2 · 이름 25줄,,,
character,auto,2,d_main_42_af_08,57,fl:project_matis_00,8,ch42,fl:project_matis,416,467,,,,person:드레이크,16,기록 6 · 말함 18줄(1%) · 이름 21줄,기록 3 · 이름 11줄,,,
character,auto,2,d_main_42_af_08,340,fl:project_matis_00,2,ch42,fl:project_matis,416,467,,,,person:라플라스,13,기록 4 · 말함 52줄(3%) · 이름 14줄,기록 17 · 말함 265줄(9%) · 이름 94줄,,,
character,auto,2,d_main_42_af_08,361,fl:project_matis_00,3,ch42,fl:project_matis,416,467,,,,person:맥스웰,15,기록 4 · 말함 21줄(1%) · 이름 12줄,기록 19 · 말함 907줄(31%) · 이름 146줄,,,
setup_payoff,record,3,d_main_42_af_08,,fl:great_villain_union_01,,ch42,fl:great_villain_union,416,478,E926,암시,F2872,,,,,확실,확정,
callback,record,3,d_main_42_01,,fl:great_villain_union_02,,ch42,fl:great_villain_union,416,478,E1587,재언급,F2213,,,,,확실,확정,
callback,record,3,d_main_42_af_08,,fl:great_villain_union_04,,ch42,fl:great_villain_union,416,478,E1588,재언급,F2248,,,,,확실,확정,
callback,record,2,d_main_42_07,,fl:great_villain_union_06,,ch42,fl:great_villain_union,416,478,E1589,재언급,F2227,,,,,추정,확정,
callback,record,3,d_main_42_03,,fl:great_villain_union_13,,ch42,fl:great_villain_union,416,478,E1591,재언급,F2220,,,,,확실,확정,
character,auto,2,d_main_42_07,2,fl:great_villain_union_06,54,ch42,fl:great_villain_union,416,478,,,,person:글러트니,5,기록 6 · 이름 35줄,기록 6 · 이름 40줄,,,
keyword,auto,2,d_main_42_af_08,307,fl:great_villain_union_00,55,ch42,fl:great_villain_union,416,478,,,,org:빌런_연합,5,이름 9줄,기록 5 · 이름 53줄,,,
keyword,auto,2,relic:주의용광로사용법_02,3,d_main_44_01,29,relic:주의용광로사용법,ch44,417,436,,,,org:포비스트,20,기록 3,기록 1 · 이름 9줄,,,
keyword,auto,2,relic:주의용광로사용법_02,0,d_main_46_05,27,relic:주의용광로사용법,ch46,417,452,,,,concept:다크_매터,18,기록 2 · 이름 3줄,기록 2 · 이름 7줄,,,
setup_payoff,record,3,event_goddessfall1_01_e,,event_goddessfall2_06_s,,event_goddessfall1,event_goddessfall1,418,418,E933,암시,F2164-2,,,,,확실,확정,
setup_payoff,record,3,event_goddessfall1_01_e,,event_goddessfall2_06_s,,event_goddessfall1,event_goddessfall1,418,418,E933,암시,F2312,,,,,확실,확정,
setup_payoff,record,3,event_goddessfall1_01_e,,event_goddessfall1_05_s,,event_goddessfall1,event_goddessfall1,418,418,E934,암시,F2283,,,,,확실,확정,
setup_payoff,record,3,event_goddessfall1_01_e,,event_goddessfall2_03_s,,event_goddessfall1,event_goddessfall1,418,418,E935,암시,F2297,,,,,확실,확정,
setup_payoff,record,3,event_goddessfall1_02_s,,event_goddessfall2_05_s,,event_goddessfall1,event_goddessfall1,418,418,E936,암시,F2310,,,,,확실,확정,
setup_payoff,record,2,event_goddessfall1_04_s,,event_goddessfall2_04_s,,event_goddessfall1,event_goddessfall1,418,418,E938,암시,F2305,,,,,추정,확정,
setup_payoff,record,3,event_goddessfall1_05_s,,event_goddessfall1_06_s,,event_goddessfall1,event_goddessfall1,418,418,E941,암시,F2287,,,,,확실,확정,
setup_payoff,record,3,event_goddessfall1_05_e,,event_goddessfall1_06_e,,event_goddessfall1,event_goddessfall1,418,418,E945,암시,F2288,,,,,확실,확정,
setup_payoff,record,2,event_goddessfall1_05_e,,event_goddessfall2_01_e,,event_goddessfall1,event_goddessfall1,418,418,E946,암시,F2292,,,,,추정,확정,
setup_payoff,record,2,event_goddessfall1_05_e,,event_goddessfall2_01_e,,event_goddessfall1,event_goddessfall1,418,418,E946,암시,F2293,,,,,추정,확정,
setup_payoff,record,3,event_goddessfall1_06_s,,event_goddessfall2_04_s,,event_goddessfall1,event_goddessfall1,418,418,E947,암시,F2305,,,,,확실,확정,
setup_payoff,record,3,event_goddessfall1_06_s,,event_goddessfall2_epilogue,,event_goddessfall1,event_goddessfall1,418,418,E947,암시,F2318,,,,,확실,확정,
setup_payoff,record,3,event_goddessfall2_01_e,,event_goddessfall2_05_s,,event_goddessfall1,event_goddessfall1,418,418,E948,암시,F2309,,,,,확실,확정,
setup_payoff,record,3,event_goddessfall2_01_e,,event_goddessfall2_02_e,,event_goddessfall1,event_goddessfall1,418,418,E949,암시,F2296,,,,,확실,확정,
setup_payoff,record,3,event_goddessfall2_01_e,,event_goddessfall2_04_s,,event_goddessfall1,event_goddessfall1,418,418,E950,암시,F2304,,,,,확실,확정,
setup_payoff,record,2,event_goddessfall2_01_s,,event_goddessfall2_06_s,,event_goddessfall1,event_goddessfall1,418,418,E952,암시,F2312,,,,,추정,확정,
setup_payoff,record,3,event_goddessfall2_03_s,,event_goddessfall2_intermission_01,,event_goddessfall1,event_goddessfall1,418,418,E953,암시,F2302,,,,,확실,확정,
setup_payoff,record,3,event_goddessfall1_02_e,,event_goddessfall1_04_e,,event_goddessfall1,event_goddessfall1,418,418,Q305-2,회수,Q305,,,,,확실,확정,전부 · 답 F1792
sequel,auto,3,event_goddessfall2_epilogue,,erelic:goddess_fall_mini_00,,event_goddessfall1,erelic:goddess_fall_mini,418,419,,,,,,,,,,이벤트 → 이벤트 유실물
setup_payoff,record,2,event_goddessfall1_05_s,,erelic:goddess_fall_mini_05,,event_goddessfall1,erelic:goddess_fall_mini,418,419,E942,암시,F2330,,,,,추정,확정,
callback,record,2,event_goddessfall2_intermission_01,,erelic:goddess_fall_mini_02,,event_goddessfall1,erelic:goddess_fall_mini,418,419,E959,재언급,F2302,,,,,추정,확정,
callback,record,2,event_goddessfall2_03_s,,erelic:goddess_fall_mini_02,,event_goddessfall1,erelic:goddess_fall_mini,418,419,E960,재언급,F2297,,,,,추정,확정,
callback,record,2,event_goddessfall2_intermission_01,,erelic:goddess_fall_mini_11,,event_goddessfall1,erelic:goddess_fall_mini,418,419,E965,재언급,F2302,,,,,추정,확정,
callback,record,2,event_goddessfall2_03_e,,erelic:goddess_fall_mini_12,,event_goddessfall1,erelic:goddess_fall_mini,418,419,E966,재언급,F2299,,,,,추정,확정,
callback,record,2,event_goddessfall1_05_s,,erelic:goddess_fall_mini_12,,event_goddessfall1,erelic:goddess_fall_mini,418,419,E967,재언급,F2283,,,,,추정,확정,
callback,record,3,event_goddessfall2_06_e,,erelic:goddess_fall_mini_12,,event_goddessfall1,erelic:goddess_fall_mini,418,419,E968,재언급,F2315,,,,,확실,확정,
character,auto,2,event_goddessfall2_epilogue,109,erelic:goddess_fall_mini_02,3,event_goddessfall1,erelic:goddess_fall_mini,418,419,,,,person:노아,9,기록 8 · 말함 67줄(2%) · 이름 35줄,기록 9 · 말함 157줄(15%) · 이름 14줄,,,
character,auto,2,event_goddessfall2_epilogue,167,erelic:goddess_fall_mini_01,18,event_goddessfall1,erelic:goddess_fall_mini,418,419,,,,person:도로시,31,기록 8 · 말함 59줄(2%) · 이름 21줄,기록 16 · 말함 175줄(17%) · 이름 24줄,,,
character,auto,2,event_goddessfall2_epilogue,66,erelic:goddess_fall_mini_00,0,event_goddessfall1,erelic:goddess_fall_mini,418,419,,,,person:세실,13,기록 7 · 말함 127줄(4%) · 이름 11줄,기록 10 · 말함 212줄(21%) · 이름 17줄,,,
character,auto,2,event_goddessfall2_epilogue,103,erelic:goddess_fall_mini_00,3,event_goddessfall1,erelic:goddess_fall_mini,418,419,,,,person:요한,13,기록 24 · 말함 308줄(9%) · 이름 30줄,기록 12 · 말함 131줄(13%) · 이름 22줄,,,
character,auto,2,event_goddessfall2_epilogue,98,erelic:goddess_fall_mini_03,5,event_goddessfall1,erelic:goddess_fall_mini,418,419,,,,person:이사벨,11,기록 10 · 말함 144줄(4%) · 이름 46줄,기록 9 · 말함 103줄(10%) · 이름 16줄,,,
character,auto,2,event_goddessfall2_epilogue,98,erelic:goddess_fall_mini_02,3,event_goddessfall1,erelic:goddess_fall_mini,418,419,,,,person:하란,9,기록 14 · 말함 150줄(5%) · 이름 25줄,기록 17 · 말함 249줄(24%) · 이름 20줄,,,
keyword,auto,1,event_goddessfall2_epilogue,201,erelic:goddess_fall_mini_01,50,event_goddessfall1,erelic:goddess_fall_mini,418,419,,,,concept:니케,186,기록 1 · 이름 15줄,기록 1 · 이름 10줄,,,흔한 대상
keyword,auto,1,event_goddessfall2_epilogue,40,erelic:goddess_fall_mini_00,12,event_goddessfall1,erelic:goddess_fall_mini,418,419,,,,concept:랩쳐,142,이름 88줄,이름 21줄,,,흔한 대상
keyword,auto,1,event_goddessfall2_epilogue,89,erelic:goddess_fall_mini_02,24,event_goddessfall1,erelic:goddess_fall_mini,418,419,,,,place:방주,171,기록 5 · 이름 37줄,기록 4 · 이름 26줄,,,흔한 대상
keyword,auto,2,event_goddessfall2_epilogue,100,erelic:goddess_fall_mini_00,6,event_goddessfall1,erelic:goddess_fall_mini,418,419,,,,place:에덴,25,기록 9 · 이름 105줄,기록 11 · 이름 28줄,,,
keyword,auto,1,event_goddessfall2_epilogue,70,erelic:goddess_fall_mini_01,26,event_goddessfall1,erelic:goddess_fall_mini,418,419,,,,place:지상,132,이름 47줄,이름 36줄,,,흔한 대상
callback,record,2,event_goddessfall2_epilogue,,ep:d_nikke_nayuta_02,,event_goddessfall1,char:223,418,420,E1621,재언급,F2318,,,,,추정,확정,
callback,record,2,event_goddessfall2_06_e,,ep:d_nikke_nayuta_03,,event_goddessfall1,char:223,418,420,E1623,재언급,F2313,,,,,추정,확정,
character,auto,2,event_goddessfall2_epilogue,227,ep:d_nikke_nayuta_01,5,event_goddessfall1,char:223,418,420,,,,person:나유타,7,기록 42 · 말함 607줄(18%) · 이름 97줄,기록 7 · 말함 219줄(98%) · 이름 28줄,,,
character,auto,2,event_goddessfall2_epilogue,114,ep:d_nikke_chime_01,1,event_goddessfall1,char:331,418,421,,,,person:차임,8,기록 10 · 말함 127줄(4%) · 이름 65줄,기록 5 · 말함 166줄(74%) · 이름 36줄,,,
character,auto,2,event_goddessfall2_epilogue,123,ep:d_nikke_chime_01,39,event_goddessfall1,char:331,418,421,,,,person:크라운,8,기록 7 · 말함 83줄(3%) · 이름 28줄,기록 2 · 말함 15줄(7%) · 이름 11줄,,,
character,auto,2,event_goddessfall1_04_s,67,ep:d_nikke_liberalio_01,0,event_goddessfall1,char:262,418,422,,,,person:리버렐리오,12,기록 4 · 이름 12줄,기록 4 · 말함 167줄(100%) · 이름 15줄,,,
sequel,manual,3,event_goddessfall2_epilogue,,fl:ark_guardian_00,,event_goddessfall1,fl:ark_guardian,418,428,Y51,,,,,,,확실,확정,"ark_guardian의 액자는 goddessfall1 직후의 에덴(스노우 화이트 수리 · 뇌만 남은 홍련 · 라푼젤)에서 시작하고, goddessfall1 끝에 기억을 되찾은 스노우 화이트의 꿈으로 아크 가디언 작전을 보여 준다."
callback,record,3,event_goddessfall2_intermission_01,,fl:ark_guardian_00,,event_goddessfall1,fl:ark_guardian,418,428,E970,재언급,F2302,,,,,확실,확정,
character,auto,2,event_goddessfall2_epilogue,108,fl:ark_guardian_00,5,event_goddessfall1,fl:ark_guardian,418,428,,,,person:라푼젤,18,기록 10 · 말함 110줄(3%) · 이름 32줄,기록 5 · 말함 135줄(8%) · 이름 33줄,,,
character,auto,2,event_goddessfall2_epilogue,201,fl:ark_guardian_00,73,event_goddessfall1,fl:ark_guardian,418,428,,,,person:릴리바이스,14,기록 5 · 이름 13줄,기록 16 · 말함 409줄(23%) · 이름 94줄,,,
character,auto,2,event_goddessfall2_epilogue,228,fl:ark_guardian_26,253,event_goddessfall1,fl:ark_guardian,418,428,,,,person:미러,7,기록 24 · 말함 244줄(7%) · 이름 6줄,기록 2 · 말함 12줄(1%),,,
character,auto,2,event_goddessfall2_epilogue,170,fl:ark_guardian_00,1,event_goddessfall1,fl:ark_guardian,418,428,,,,person:스노우_화이트,26,기록 14 · 말함 167줄(5%) · 이름 34줄,기록 11 · 말함 321줄(18%) · 이름 113줄,,,
character,auto,2,event_goddessfall2_epilogue,231,fl:ark_guardian_00,47,event_goddessfall1,fl:ark_guardian,418,428,,,,person:퀸,20,기록 32 · 이름 276줄,기록 2 · 이름 11줄,,,
character,auto,2,event_goddessfall2_epilogue,182,fl:ark_guardian_00,5,event_goddessfall1,fl:ark_guardian,418,428,,,,person:홍련,18,기록 9 · 말함 95줄(3%) · 이름 25줄,기록 9 · 말함 264줄(15%) · 이름 59줄,,,
keyword,auto,2,event_goddessfall2_04_e,80,fl:ark_guardian_00,35,event_goddessfall1,fl:ark_guardian,418,428,,,,concept:NIMPH,24,기록 2 · 이름 6줄,기록 2 · 이름 5줄,,,
keyword,auto,2,event_goddessfall2_02_s,126,fl:ark_guardian_07,46,event_goddessfall1,fl:ark_guardian,418,428,,,,concept:스톰_브링어,3,기록 2 · 이름 4줄,기록 1 · 이름 6줄,,,
keyword,auto,2,event_goddessfall2_epilogue,177,fl:ark_guardian_13,124,event_goddessfall1,fl:ark_guardian,418,428,,,,concept:언체인드,25,기록 6 · 이름 4줄,기록 4 · 이름 6줄,,,
keyword,auto,2,event_goddessfall1_06_s,42,fl:ark_guardian_10,11,event_goddessfall1,fl:ark_guardian,418,428,,,,concept:타일런트_급,12,이름 6줄,이름 10줄,,,
keyword,auto,2,event_goddessfall2_06_e,102,fl:ark_guardian_01,23,event_goddessfall1,fl:ark_guardian,418,428,,,,concept:헬레틱,40,기록 1 · 이름 23줄,기록 5 · 이름 71줄,,,
callback,record,3,event_goddessfall2_06_s,,d_main_44_04,,event_goddessfall1,ch44,418,436,E1020,재언급,F2312,,,,,확실,확정,
callback,record,3,event_goddessfall2_epilogue,,d_main_44_04,,event_goddessfall1,ch44,418,436,E1020,재언급,F2317,,,,,확실,확정,
character,auto,2,event_goddessfall2_epilogue,210,d_main_44_04,86,event_goddessfall1,ch44,418,436,,,,person:마리안,20,기록 27 · 말함 128줄(4%) · 이름 137줄,기록 2 · 이름 17줄,,,
character,auto,2,event_goddessfall2_epilogue,130,d_main_44_04,0,event_goddessfall1,ch44,418,436,,,,person:파피용,9,기록 9 · 말함 201줄(6%) · 이름 39줄,기록 4 · 말함 36줄(2%) · 이름 8줄,,,
keyword,auto,2,event_goddessfall2_epilogue,100,d_main_44_04,7,event_goddessfall1,ch44,418,436,,,,org:인헤르트,3,기록 4 · 이름 11줄,기록 2 · 이름 6줄,,,
setup_payoff,record,3,event_goddessfall1_04_s,,d_main_46_06,,event_goddessfall1,ch46,418,452,Q300-2,회수,Q300,,,,,확실,확정,일부 · 답 F2619
setup_payoff,record,3,event_goddessfall2_epilogue,,d_main_46_af_08,,event_goddessfall1,ch46,418,452,Q303-2,회수,Q303,,,,,확실,확정,일부 · 답 F2657
callback,record,3,event_goddessfall2_06_e,,d_main_46_03,,event_goddessfall1,ch46,418,452,E1095,재언급,F2315,,,,,확실,확정,
callback,record,3,event_goddessfall2_06_e,,d_main_46_03,,event_goddessfall1,ch46,418,452,E1096,재언급,Q302,,,,,확실,확정,
callback,record,3,event_goddessfall2_06_e,,d_main_46_10,,event_goddessfall1,ch46,418,452,E1105,재언급,Q302,,,,,확실,확정,
callback,record,3,event_goddessfall2_epilogue,,d_main_46_11,,event_goddessfall1,ch46,418,452,E1108,재언급,F2320,,,,,확실,확정,
callback,record,3,event_goddessfall2_01_e,,d_main_46_11,,event_goddessfall1,ch46,418,452,E1109,재언급,F2293,,,,,확실,확정,
character,auto,2,event_goddessfall2_epilogue,187,d_main_46_04,24,event_goddessfall1,ch46,418,452,,,,person:장화,5,기록 8 · 말함 58줄(2%) · 이름 11줄,기록 12 · 말함 79줄(4%) · 이름 20줄,,,
keyword,auto,2,event_goddessfall2_04_e,123,d_main_46_af_02,36,event_goddessfall1,ch46,418,452,,,,org:필그림,21,이름 6줄,이름 16줄,,,
character,auto,2,event_goddessfall1_04_e,51,fl:wave_to_you_01,2,event_goddessfall1,fl:wave_to_you,418,464,,,,person:신데렐라,26,기록 3 · 이름 3줄,기록 13 · 말함 360줄(14%) · 이름 58줄,,,
callback,record,2,event_goddessfall1_04_e,,d_main_47_03,,event_goddessfall1,ch47,418,470,E1210,재언급,F2280,,,,,추정,확정,
callback,record,3,event_goddessfall1_03_e,,d_main_47_05,,event_goddessfall1,ch47,418,470,E1220,재언급,F2273,,,,,확실,확정,
setup_payoff,record,2,event_goddessfall2_epilogue,,d_main_48_07,,event_goddessfall1,ch48,418,472,E958,암시,F2843,,,,,추정,확정,
callback,record,3,event_goddessfall2_04_s,,d_main_48_03,,event_goddessfall1,ch48,418,472,E1229,재언급,F2304,,,,,확실,확정,
callback,record,3,event_goddessfall1_04_e,,d_main_48_06_e,,event_goddessfall1,ch48,418,472,E1232,재언급,F2280,,,,,확실,확정,
setup_payoff,record,2,erelic:goddess_fall_mini_03,,erelic:goddess_fall_mini_07,,erelic:goddess_fall_mini,erelic:goddess_fall_mini,419,419,E961,암시,F2333,,,,,추정,확정,
keyword,auto,1,erelic:goddess_fall_mini_12,96,ep:d_nikke_nayuta_01,15,erelic:goddess_fall_mini,char:223,419,420,,,,place:지상,132,이름 36줄,이름 7줄,,,흔한 대상
keyword,auto,1,erelic:goddess_fall_mini_12,83,fl:blank_ticket_05,42,erelic:goddess_fall_mini,fl:blank_ticket,419,423,,,,concept:니케,186,기록 1 · 이름 10줄,이름 7줄,,,흔한 대상
keyword,auto,1,erelic:goddess_fall_mini_11,112,fl:blank_ticket_00,17,erelic:goddess_fall_mini,fl:blank_ticket,419,423,,,,place:방주,171,기록 4 · 이름 26줄,기록 1 · 이름 9줄,,,흔한 대상
keyword,auto,1,erelic:goddess_fall_mini_12,82,fl:terminus_ticket_03,51,erelic:goddess_fall_mini,fl:terminus_ticket,419,425,,,,concept:랩쳐,142,이름 21줄,이름 12줄,,,흔한 대상
character,auto,2,erelic:goddess_fall_mini_12,112,fl:ark_guardian_00,5,erelic:goddess_fall_mini,fl:ark_guardian,419,428,,,,person:노아,9,기록 9 · 말함 157줄(15%) · 이름 14줄,기록 2 · 이름 1줄,,,
character,auto,2,erelic:goddess_fall_mini_12,102,fl:ark_guardian_01,1,erelic:goddess_fall_mini,fl:ark_guardian,419,428,,,,person:도로시,31,기록 16 · 말함 175줄(17%) · 이름 24줄,기록 7 · 말함 289줄(17%) · 이름 43줄,,,
character,auto,2,erelic:goddess_fall_mini_12,109,fl:ark_guardian_00,0,erelic:goddess_fall_mini,fl:ark_guardian,419,428,,,,person:세실,13,기록 10 · 말함 212줄(21%) · 이름 17줄,기록 3 · 말함 74줄(4%) · 이름 1줄,,,
keyword,auto,2,erelic:goddess_fall_mini_11,112,fl:ark_guardian_03,31,erelic:goddess_fall_mini,fl:ark_guardian,419,428,,,,org:갓데스,30,기록 4 · 이름 8줄,기록 17 · 이름 46줄,,,
keyword,auto,1,erelic:goddess_fall_mini_09,42,fl:ark_guardian_01,5,erelic:goddess_fall_mini,fl:ark_guardian,419,428,,,,org:중앙_정부,67,기록 2 · 이름 2줄,기록 6 · 이름 34줄,,,흔한 대상
keyword,auto,2,erelic:goddess_fall_mini_12,85,fl:ark_guardian_00,5,erelic:goddess_fall_mini,fl:ark_guardian,419,428,,,,place:에덴,25,기록 11 · 이름 28줄,기록 2 · 이름 3줄,,,
keyword,auto,2,erelic:goddess_fall_mini_08,78,d_main_43_06,75,erelic:goddess_fall_mini,ch43,419,434,,,,concept:퍼펙트,16,기록 2 · 이름 2줄,기록 1 · 이름 5줄,,,
callback,record,3,erelic:goddess_fall_mini_07,,d_main_44_af_03,,erelic:goddess_fall_mini,ch44,419,436,E1027,재언급,F2332,,,,,확실,확정,
character,auto,2,erelic:goddess_fall_mini_12,102,d_main_44_04,44,erelic:goddess_fall_mini,ch44,419,436,,,,person:요한,13,기록 12 · 말함 131줄(13%) · 이름 22줄,기록 3 · 말함 37줄(2%) · 이름 5줄,,,
keyword,auto,2,erelic:goddess_fall_mini_12,96,d_main_44_02,12,erelic:goddess_fall_mini,ch44,419,436,,,,concept:지상_탈환,9,기록 1 · 이름 19줄,이름 12줄,,,
setup_payoff,record,2,erelic:goddess_fall_mini_07,,d_main_46_af_06,,erelic:goddess_fall_mini,ch46,419,452,Q306-2,회수,Q306,,,,,추정,확정,일부 · 답 F2649
character,auto,2,erelic:goddess_fall_mini_12,112,d_main_46_03,48,erelic:goddess_fall_mini,ch46,419,452,,,,person:이사벨,11,기록 9 · 말함 103줄(10%) · 이름 16줄,기록 2 · 이름 2줄,,,
character,auto,2,erelic:goddess_fall_mini_12,112,fl:ark_ranger_16,3,erelic:goddess_fall_mini,fl:ark_ranger,419,462,,,,person:하란,9,기록 17 · 말함 249줄(24%) · 이름 20줄,기록 3 · 이름 1줄,,,
callback,record,3,erelic:goddess_fall_mini_09,,fl:project_matis_01,,erelic:goddess_fall_mini,fl:project_matis,419,467,E1185,재언급,F2334,,,,,확실,확정,
keyword,auto,2,erelic:goddess_fall_mini_11,31,fl:project_matis_01,86,erelic:goddess_fall_mini,fl:project_matis,419,467,,,,incident:2차_지상_탈환전,5,기록 5 · 이름 18줄,기록 2 · 이름 12줄,,,
prereq,game-condition,3,ep:d_nikke_nayuta_01,,ep:d_nikke_nayuta_02,,char:223,char:223,420,420,,,,,,,,,,condition_scenario_group_id
prereq,game-condition,3,ep:d_nikke_nayuta_02,,ep:d_nikke_nayuta_03,,char:223,char:223,420,420,,,,,,,,,,condition_scenario_group_id
prereq,game-condition,3,ep:d_nikke_nayuta_03,,ep:d_nikke_nayuta_04,,char:223,char:223,420,420,,,,,,,,,,condition_scenario_group_id
prereq,game-condition,3,ep:d_nikke_nayuta_04,,ep:d_nikke_nayuta_05,,char:223,char:223,420,420,,,,,,,,,,condition_scenario_group_id
keyword,auto,1,ep:d_nikke_nayuta_04,41,fl:blank_ticket_00,24,char:223,fl:blank_ticket,420,423,,,,place:지상,132,이름 7줄,이름 16줄,,,흔한 대상
setup_payoff,record,2,ep:d_nikke_nayuta_05,,d_main_46_11,,char:223,ch46,420,452,E1624,암시,F2633,,,,,추정,확정,
character,auto,2,ep:d_nikke_nayuta_05,51,d_main_46_02,40,char:223,ch46,420,452,,,,person:나유타,7,기록 7 · 말함 219줄(98%) · 이름 28줄,기록 17 · 말함 155줄(8%) · 이름 29줄,,,
prereq,game-condition,3,ep:d_nikke_chime_01,,ep:d_nikke_chime_02,,char:331,char:331,421,421,,,,,,,,,,condition_scenario_group_id
prereq,game-condition,3,ep:d_nikke_chime_02,,ep:d_nikke_chime_03,,char:331,char:331,421,421,,,,,,,,,,condition_scenario_group_id
prereq,game-condition,3,ep:d_nikke_chime_03,,ep:d_nikke_chime_04,,char:331,char:331,421,421,,,,,,,,,,condition_scenario_group_id
prereq,game-condition,3,ep:d_nikke_chime_04,,ep:d_nikke_chime_05,,char:331,char:331,421,421,,,,,,,,,,condition_scenario_group_id
character,auto,1,ep:d_nikke_chime_04,71,d_main_43_01,0,char:331,ch43,421,434,,,,person:네온,55,말함 23줄(10%) · 이름 6줄,기록 10 · 말함 64줄(5%) · 이름 21줄,,,흔한 대상
prereq,game-condition,3,ep:d_nikke_liberalio_01,,ep:d_nikke_liberalio_02,,char:262,char:262,422,422,,,,,,,,,,condition_scenario_group_id
prereq,game-condition,3,ep:d_nikke_liberalio_02,,ep:d_nikke_liberalio_03,,char:262,char:262,422,422,,,,,,,,,,condition_scenario_group_id
prereq,game-condition,3,ep:d_nikke_liberalio_03,,ep:d_nikke_liberalio_04,,char:262,char:262,422,422,,,,,,,,,,condition_scenario_group_id
prereq,game-condition,3,ep:d_nikke_liberalio_04,,ep:d_nikke_liberalio_05,,char:262,char:262,422,422,,,,,,,,,,condition_scenario_group_id
character,auto,2,ep:d_nikke_liberalio_05,55,fl:ark_guardian_26,253,char:262,fl:ark_guardian,422,428,,,,person:리버렐리오,12,기록 4 · 말함 167줄(100%) · 이름 15줄,기록 2 · 이름 1줄,,,
character,auto,2,fl:blank_ticket_14,73,ep:d_nikke_soline_frostticket_01,0,fl:blank_ticket,char:74,423,424,,,,person:솔린,9,기록 6 · 말함 596줄(57%) · 이름 47줄,기록 2 · 말함 307줄(88%) · 이름 30줄,,,
sequel,manual,3,fl:blank_ticket_14,,fl:terminus_ticket_00,,fl:blank_ticket,fl:terminus_ticket,423,425,Y52,,,,,,,확실,확정,terminus_ticket은 blank_ticket 끝에 정해진 AZX 지상행과 노라가 티켓에 쓴 목적지에서 곧바로 시작하는 한 이야기의 2부다.
setup_payoff,record,3,fl:blank_ticket_05,,fl:terminus_ticket_18,,fl:blank_ticket,fl:terminus_ticket,423,425,E1443,암시,F2354,,,,,확실,확정,
setup_payoff,record,3,fl:blank_ticket_05,,fl:terminus_ticket_26,,fl:blank_ticket,fl:terminus_ticket,423,425,E1444,암시,Q308,,,,,확실,확정,
setup_payoff,record,2,fl:blank_ticket_02,,fl:terminus_ticket_08,,fl:blank_ticket,fl:terminus_ticket,423,425,E1447,암시,F2353,,,,,추정,확정,
setup_payoff,record,3,fl:blank_ticket_11,,fl:terminus_ticket_26,,fl:blank_ticket,fl:terminus_ticket,423,425,E1448,암시,F2356,,,,,확실,확정,
setup_payoff,record,3,fl:blank_ticket_00,,fl:terminus_ticket_26,,fl:blank_ticket,fl:terminus_ticket,423,425,Q308-2,회수,Q308,,,,,확실,확정,전부 · 답 F2356
callback,record,3,fl:blank_ticket_13,,fl:terminus_ticket_00,,fl:blank_ticket,fl:terminus_ticket,423,425,E1449,재언급,F2348,,,,,확실,확정,
callback,record,3,fl:blank_ticket_13,,fl:terminus_ticket_08,,fl:blank_ticket,fl:terminus_ticket,423,425,E1452,재언급,F2899,,,,,확실,확정,
callback,record,3,fl:blank_ticket_00,,fl:terminus_ticket_09,,fl:blank_ticket,fl:terminus_ticket,423,425,E1453,재언급,F2901,,,,,확실,확정,
callback,record,3,fl:blank_ticket_10,,fl:terminus_ticket_17,,fl:blank_ticket,fl:terminus_ticket,423,425,E1457,재언급,F2347,,,,,확실,확정,
callback,record,3,fl:blank_ticket_12,,fl:terminus_ticket_21,,fl:blank_ticket,fl:terminus_ticket,423,425,E1458,재언급,F2900,,,,,확실,확정,
callback,record,3,fl:blank_ticket_00,,fl:terminus_ticket_22,,fl:blank_ticket,fl:terminus_ticket,423,425,E1459,재언급,F2901,,,,,확실,확정,
callback,record,3,fl:blank_ticket_13,,fl:terminus_ticket_26,,fl:blank_ticket,fl:terminus_ticket,423,425,E1462,재언급,F2899,,,,,확실,확정,
callback,record,3,fl:blank_ticket_12,,fl:terminus_ticket_27,,fl:blank_ticket,fl:terminus_ticket,423,425,E1463,재언급,F2900,,,,,확실,확정,
character,auto,2,fl:blank_ticket_14,87,fl:terminus_ticket_00,4,fl:blank_ticket,fl:terminus_ticket,423,425,,,,person:노라,2,기록 17 · 말함 291줄(28%) · 이름 16줄,기록 25 · 말함 818줄(40%) · 이름 104줄,,,
keyword,auto,1,fl:blank_ticket_11,36,fl:terminus_ticket_01,2,fl:blank_ticket,fl:terminus_ticket,423,425,,,,concept:니케,186,이름 7줄,이름 12줄,,,흔한 대상
keyword,auto,2,fl:blank_ticket_13,26,fl:terminus_ticket_01,7,fl:blank_ticket,fl:terminus_ticket,423,425,,,,org:인피니티_레일,5,기록 3 · 이름 1줄,기록 3 · 이름 1줄,,,
keyword,auto,1,fl:blank_ticket_11,61,fl:terminus_ticket_02,32,fl:blank_ticket,fl:terminus_ticket,423,425,,,,place:방주,171,기록 1 · 이름 9줄,이름 26줄,,,흔한 대상
keyword,auto,1,fl:blank_ticket_14,66,fl:terminus_ticket_00,34,fl:blank_ticket,fl:terminus_ticket,423,425,,,,place:지상,132,이름 16줄,기록 3 · 이름 56줄,,,흔한 대상
prereq,game-condition,3,ep:d_nikke_soline_frostticket_01,,ep:d_nikke_soline_frostticket_02,,char:74,char:74,424,424,,,,,,,,,,condition_scenario_group_id
prereq,game-condition,3,ep:d_nikke_soline_frostticket_02,,ep:d_nikke_soline_frostticket_03,,char:74,char:74,424,424,,,,,,,,,,condition_scenario_group_id
prereq,game-condition,3,ep:d_nikke_soline_frostticket_03,,ep:d_nikke_soline_frostticket_04,,char:74,char:74,424,424,,,,,,,,,,condition_scenario_group_id
prereq,game-condition,3,ep:d_nikke_soline_frostticket_04,,ep:d_nikke_soline_frostticket_05,,char:74,char:74,424,424,,,,,,,,,,condition_scenario_group_id
character,auto,2,ep:d_nikke_soline_frostticket_04,86,fl:terminus_ticket_01,16,char:74,fl:terminus_ticket,424,425,,,,person:브리드,5,기록 1 · 말함 41줄(12%) · 이름 5줄,기록 4 · 말함 207줄(10%) · 이름 17줄,,,
character,auto,2,ep:d_nikke_soline_frostticket_05,122,fl:terminus_ticket_00,7,char:74,fl:terminus_ticket,424,425,,,,person:솔린,9,기록 2 · 말함 307줄(88%) · 이름 30줄,기록 8 · 말함 293줄(14%) · 이름 28줄,,,
setup_payoff,record,2,fl:terminus_ticket_04,,fl:terminus_ticket_18,,fl:terminus_ticket,fl:terminus_ticket,425,425,E1450,암시,F2354,,,,,추정,확정,
setup_payoff,record,2,fl:terminus_ticket_07,,fl:terminus_ticket_26,,fl:terminus_ticket,fl:terminus_ticket,425,425,E1451,암시,F2356,,,,,추정,확정,
setup_payoff,record,3,fl:terminus_ticket_09,,fl:terminus_ticket_18,,fl:terminus_ticket,fl:terminus_ticket,425,425,E1454,암시,F2902,,,,,확실,확정,
setup_payoff,record,3,fl:terminus_ticket_16,,fl:terminus_ticket_18,,fl:terminus_ticket,fl:terminus_ticket,425,425,E1456,암시,F2354,,,,,확실,확정,
character,auto,2,fl:terminus_ticket_27,146,ep:d_nikke_diesel_wintersweets_01,18,fl:terminus_ticket,char:75,425,426,,,,person:디젤,7,기록 4 · 말함 292줄(14%) · 이름 22줄,기록 1 · 말함 234줄(75%) · 이름 33줄,,,
character,auto,2,fl:terminus_ticket_27,149,ep:d_nikke_diesel_wintersweets_02,1,fl:terminus_ticket,char:75,425,426,,,,person:솔린,9,기록 8 · 말함 293줄(14%) · 이름 28줄,말함 42줄(13%) · 이름 3줄,,,
character,auto,2,fl:terminus_ticket_27,148,ep:d_nikke_brid_silenttrack_01,2,fl:terminus_ticket,char:73,425,427,,,,person:브리드,5,기록 4 · 말함 207줄(10%) · 이름 17줄,기록 2 · 말함 176줄(95%) · 이름 57줄,,,
keyword,auto,1,fl:terminus_ticket_27,112,fl:ark_guardian_00,31,fl:terminus_ticket,fl:ark_guardian,425,428,,,,concept:니케,186,이름 12줄,기록 1 · 이름 39줄,,,흔한 대상
keyword,auto,1,fl:terminus_ticket_09,94,fl:ark_guardian_01,29,fl:terminus_ticket,fl:ark_guardian,425,428,,,,concept:랩쳐,142,이름 12줄,기록 1 · 이름 61줄,,,흔한 대상
keyword,auto,1,fl:terminus_ticket_26,115,fl:ark_guardian_00,5,fl:terminus_ticket,fl:ark_guardian,425,428,,,,place:방주,171,이름 26줄,기록 11 · 이름 88줄,,,흔한 대상
keyword,auto,1,fl:terminus_ticket_27,122,fl:ark_guardian_00,5,fl:terminus_ticket,fl:ark_guardian,425,428,,,,place:지상,132,기록 3 · 이름 56줄,이름 14줄,,,흔한 대상
keyword,auto,2,fl:terminus_ticket_24,14,fl:enter_heaven_10,174,fl:terminus_ticket,fl:enter_heaven,425,442,,,,incident:AFX_열차_테러,3,이름 6줄,기록 2 · 이름 2줄,,,
prereq,game-condition,3,ep:d_nikke_diesel_wintersweets_01,,ep:d_nikke_diesel_wintersweets_02,,char:75,char:75,426,426,,,,,,,,,,condition_scenario_group_id
prereq,game-condition,3,ep:d_nikke_diesel_wintersweets_02,,ep:d_nikke_diesel_wintersweets_03,,char:75,char:75,426,426,,,,,,,,,,condition_scenario_group_id
prereq,game-condition,3,ep:d_nikke_diesel_wintersweets_03,,ep:d_nikke_diesel_wintersweets_04,,char:75,char:75,426,426,,,,,,,,,,condition_scenario_group_id
prereq,game-condition,3,ep:d_nikke_diesel_wintersweets_04,,ep:d_nikke_diesel_wintersweets_05,,char:75,char:75,426,426,,,,,,,,,,condition_scenario_group_id
prereq,game-condition,3,ep:d_nikke_brid_silenttrack_01,,ep:d_nikke_brid_silenttrack_02,,char:73,char:73,427,427,,,,,,,,,,condition_scenario_group_id
prereq,game-condition,3,ep:d_nikke_brid_silenttrack_02,,ep:d_nikke_brid_silenttrack_03,,char:73,char:73,427,427,,,,,,,,,,condition_scenario_group_id
prereq,game-condition,3,ep:d_nikke_brid_silenttrack_03,,ep:d_nikke_brid_silenttrack_04,,char:73,char:73,427,427,,,,,,,,,,condition_scenario_group_id
prereq,game-condition,3,ep:d_nikke_brid_silenttrack_04,,ep:d_nikke_brid_silenttrack_05,,char:73,char:73,427,427,,,,,,,,,,condition_scenario_group_id
setup_payoff,record,3,fl:ark_guardian_01,,fl:ark_guardian_13,,fl:ark_guardian,fl:ark_guardian,428,428,E971,암시,F2362,,,,,확실,확정,
setup_payoff,record,3,fl:ark_guardian_01,,fl:ark_guardian_26,,fl:ark_guardian,fl:ark_guardian,428,428,E971,암시,F2377,,,,,확실,확정,
setup_payoff,record,3,fl:ark_guardian_04,,fl:ark_guardian_16,,fl:ark_guardian,fl:ark_guardian,428,428,E974,암시,F2364,,,,,확실,확정,
setup_payoff,record,2,fl:ark_guardian_09,,fl:ark_guardian_26,,fl:ark_guardian,fl:ark_guardian,428,428,E975,암시,F2375,,,,,추정,확정,
setup_payoff,record,3,fl:ark_guardian_11,,fl:ark_guardian_25,,fl:ark_guardian,fl:ark_guardian,428,428,E976,암시,F2372,,,,,확실,확정,
setup_payoff,record,3,fl:ark_guardian_13,,fl:ark_guardian_16,,fl:ark_guardian,fl:ark_guardian,428,428,E979,암시,F2363,,,,,확실,확정,
setup_payoff,record,3,fl:ark_guardian_14,,fl:ark_guardian_26,,fl:ark_guardian,fl:ark_guardian,428,428,E980,암시,F2377,,,,,확실,확정,
setup_payoff,record,2,fl:ark_guardian_14,,fl:ark_guardian_24,,fl:ark_guardian,fl:ark_guardian,428,428,E981,암시,F2371,,,,,추정,확정,
setup_payoff,record,3,fl:ark_guardian_15,,fl:ark_guardian_26,,fl:ark_guardian,fl:ark_guardian,428,428,E982,암시,F2377,,,,,확실,확정,
setup_payoff,record,2,fl:ark_guardian_18,,fl:ark_guardian_26,,fl:ark_guardian,fl:ark_guardian,428,428,E989,암시,F2375,,,,,추정,확정,
setup_payoff,record,2,fl:ark_guardian_20,,fl:ark_guardian_25,,fl:ark_guardian,fl:ark_guardian,428,428,E992,암시,F2374,,,,,추정,확정,
setup_payoff,record,2,fl:ark_guardian_22,,fl:ark_guardian_25,,fl:ark_guardian,fl:ark_guardian,428,428,E993,암시,F2373,,,,,추정,확정,
callback,record,3,fl:ark_guardian_03,,fl:ark_guardian_13,,fl:ark_guardian,fl:ark_guardian,428,428,E978,재언급,F2358,,,,,확실,확정,
character,auto,2,fl:ark_guardian_26,235,ep:d_nikke_snowwhite_heavyarms_02,5,fl:ark_guardian,char:471,428,429,,,,person:릴리바이스,14,기록 16 · 말함 409줄(23%) · 이름 94줄,기록 3 · 말함 23줄(8%) · 이름 5줄,,,
character,auto,2,fl:ark_guardian_27,59,ep:d_nikke_snowwhite_heavyarms_01,0,fl:ark_guardian,char:471,428,429,,,,person:스노우_화이트,26,기록 11 · 말함 321줄(18%) · 이름 113줄,기록 6 · 말함 230줄(82%) · 이름 38줄,,,
keyword,auto,1,fl:ark_guardian_26,282,ep:d_nikke_snowwhite_heavyarms_01,39,fl:ark_guardian,char:471,428,429,,,,concept:랩쳐,142,기록 1 · 이름 61줄,이름 5줄,,,흔한 대상
keyword,auto,2,fl:ark_guardian_26,75,ep:d_nikke_snowwhite_heavyarms_02,6,fl:ark_guardian,char:471,428,429,,,,concept:사고_전환,8,기록 3 · 이름 5줄,기록 1 · 이름 6줄,,,
keyword,auto,2,fl:ark_guardian_26,312,ep:d_nikke_snowwhite_heavyarms_02,1,fl:ark_guardian,char:471,428,429,,,,org:갓데스,30,기록 17 · 이름 46줄,이름 5줄,,,
keyword,auto,1,fl:ark_guardian_26,240,fl:sin_editor_00,4,fl:ark_guardian,fl:sin_editor,428,430,,,,concept:니케,186,기록 1 · 이름 39줄,이름 11줄,,,흔한 대상
keyword,auto,2,fl:ark_guardian_26,253,fl:sin_editor_02,14,fl:ark_guardian,fl:sin_editor,428,430,,,,concept:양산형_니케,26,기록 3 · 이름 65줄,기록 2 · 이름 2줄,,,
keyword,auto,1,fl:ark_guardian_27,17,fl:sin_editor_00,10,fl:ark_guardian,fl:sin_editor,428,430,,,,place:방주,171,기록 11 · 이름 88줄,기록 5 · 이름 35줄,,,흔한 대상
keyword,auto,1,fl:ark_guardian_26,272,fl:sin_editor_02,14,fl:ark_guardian,fl:sin_editor,428,430,,,,place:지상,132,이름 14줄,이름 6줄,,,흔한 대상
setup_payoff,record,3,fl:ark_guardian_16,,d_main_43_15,,fl:ark_guardian,ch43,428,434,E984,암시,F2410,,,,,확실,확정,
setup_payoff,record,2,fl:ark_guardian_17,,d_main_43_12,,fl:ark_guardian,ch43,428,434,E986,암시,F2403,,,,,추정,확정,
setup_payoff,record,3,fl:ark_guardian_16,,d_main_43_15,,fl:ark_guardian,ch43,428,434,Q309-2,회수,Q309,,,,,확실,확정,일부 · 답 F2410
setup_payoff,record,3,fl:ark_guardian_26,,d_main_43_11,,fl:ark_guardian,ch43,428,434,Q310-2,회수,Q310,,,,,확실,확정,일부 · 답 F2400
callback,record,3,fl:ark_guardian_16,,d_main_43_11,,fl:ark_guardian,ch43,428,434,E1011,재언급,F2364,,,,,확실,확정,
character,auto,2,fl:ark_guardian_26,267,d_main_43_11,45,fl:ark_guardian,ch43,428,434,,,,person:엔더슨,32,기록 14 · 말함 6줄(0%) · 이름 1316줄,기록 5 · 이름 3줄,,,
keyword,auto,2,fl:ark_guardian_26,288,d_main_43_11,45,fl:ark_guardian,ch43,428,434,,,,org:V.T.C.,10,기록 11 · 이름 23줄,기록 14 · 이름 29줄,,,
keyword,auto,1,fl:ark_guardian_26,279,d_main_43_11,88,fl:ark_guardian,ch43,428,434,,,,org:중앙_정부,67,기록 6 · 이름 34줄,기록 8 · 이름 36줄,,,흔한 대상
setup_payoff,record,3,fl:ark_guardian_00,,d_main_44_af_02,,fl:ark_guardian,ch44,428,436,Q312-2,회수,Q312,,,,,확실,확정,일부 · 답 F2440
callback,record,3,fl:ark_guardian_00,,d_main_44_05,,fl:ark_guardian,ch44,428,436,F2357-2,드러냄,F2357,,,,,확실,확정,
character,auto,2,fl:ark_guardian_00,60,d_main_44_04,10,fl:ark_guardian,ch44,428,436,,,,person:노아,9,기록 2 · 이름 1줄,기록 2 · 이름 8줄,,,
character,auto,2,fl:ark_guardian_26,235,d_main_44_05,50,fl:ark_guardian,ch44,428,436,,,,person:도로시,31,기록 7 · 말함 289줄(17%) · 이름 43줄,기록 5 · 말함 35줄(2%) · 이름 13줄,,,
character,auto,2,fl:ark_guardian_26,283,d_main_44_04,10,fl:ark_guardian,ch44,428,436,,,,person:라푼젤,18,기록 5 · 말함 135줄(8%) · 이름 33줄,기록 2 · 이름 8줄,,,
character,auto,2,fl:ark_guardian_24,30,d_main_44_06,58,fl:ark_guardian,ch44,428,436,,,,person:레드_후드,26,기록 4 · 말함 4줄(0%) · 이름 20줄,기록 3 · 말함 14줄(1%) · 이름 11줄,,,
character,auto,2,fl:ark_guardian_26,266,d_main_44_04,66,fl:ark_guardian,ch44,428,436,,,,person:리버렐리오,12,기록 2 · 이름 1줄,기록 3 · 말함 31줄(1%) · 이름 18줄,,,
character,auto,2,fl:ark_guardian_26,266,d_main_44_08_e,122,fl:ark_guardian,ch44,428,436,,,,person:미러,7,기록 2 · 말함 12줄(1%),기록 2 · 이름 1줄,,,
character,auto,2,fl:ark_guardian_27,52,d_main_44_04,61,fl:ark_guardian,ch44,428,436,,,,person:세실,13,기록 3 · 말함 74줄(4%) · 이름 1줄,기록 4 · 말함 53줄(2%) · 이름 5줄,,,
character,auto,2,fl:ark_guardian_26,261,d_main_44_01,29,fl:ark_guardian,ch44,428,436,,,,person:퀸,20,기록 2 · 이름 11줄,기록 4 · 이름 40줄,,,
keyword,auto,2,fl:ark_guardian_19,81,d_main_44_01,42,fl:ark_guardian,ch44,428,436,,,,concept:언체인드,25,기록 4 · 이름 6줄,기록 2 · 이름 7줄,,,
keyword,auto,2,fl:ark_guardian_26,260,d_main_44_05,0,fl:ark_guardian,ch44,428,436,,,,concept:헬레틱,40,기록 5 · 이름 71줄,기록 1 · 이름 12줄,,,
keyword,auto,2,fl:ark_guardian_27,37,d_main_44_01,10,fl:ark_guardian,ch44,428,436,,,,place:에덴,25,기록 2 · 이름 3줄,기록 7 · 이름 50줄,,,
setup_payoff,record,2,fl:ark_guardian_18,,side:pretty_star_14,,fl:ark_guardian,side:pretty_star,428,447,E990,암시,F2558,,,,,추정,확정,
callback,record,3,fl:ark_guardian_06,,side:pretty_star_05,,fl:ark_guardian,side:pretty_star,428,447,E1056,재언급,F2361,,,,,확실,확정,
callback,record,3,fl:ark_guardian_26,,side:pretty_star_08,,fl:ark_guardian,side:pretty_star,428,447,E1057,재언급,F909-2,,,,,확실,확정,
callback,record,3,fl:ark_guardian_26,,side:pretty_star_08,,fl:ark_guardian,side:pretty_star,428,447,E1057,재언급,F2376,,,,,확실,확정,
callback,record,3,fl:ark_guardian_26,,side:pretty_star_11,,fl:ark_guardian,side:pretty_star,428,447,E1061,재언급,F2376,,,,,확실,확정,
callback,record,3,fl:ark_guardian_06,,side:pretty_star_13,,fl:ark_guardian,side:pretty_star,428,447,E1063,재언급,F2361,,,,,확실,확정,
character,auto,2,fl:ark_guardian_26,311,side:pretty_star_00,6,fl:ark_guardian,side:pretty_star,428,447,,,,person:오스왈드,7,기록 15 · 말함 127줄(7%) · 이름 48줄,기록 22 · 말함 310줄(17%) · 이름 71줄,,,
character,auto,2,fl:ark_guardian_26,124,side:pretty_star_00,5,fl:ark_guardian,side:pretty_star,428,447,,,,person:프리시아,3,기록 2 · 말함 96줄(5%) · 이름 30줄,기록 8 · 말함 523줄(28%) · 이름 89줄,,,
callback,record,3,fl:ark_guardian_16,,d_main_45_05,,fl:ark_guardian,ch45,428,450,E1086,재언급,F2363,,,,,확실,확정,
callback,record,3,fl:ark_guardian_00,,d_main_45_09,,fl:ark_guardian,ch45,428,450,E1089,재언급,F2357,,,,,확실,확정,
character,auto,2,fl:ark_guardian_26,228,d_main_45_09,83,fl:ark_guardian,ch45,428,450,,,,person:홍련,18,기록 9 · 말함 264줄(15%) · 이름 59줄,기록 2 · 이름 1줄,,,
setup_payoff,record,3,fl:ark_guardian_16,,d_main_46_af_07,,fl:ark_guardian,ch46,428,452,E985,암시,F2654,,,,,확실,확정,
setup_payoff,record,3,fl:ark_guardian_18,,d_main_46_af_07,,fl:ark_guardian,ch46,428,452,E988,암시,F2654,,,,,확실,확정,
setup_payoff,record,3,fl:ark_guardian_26,,d_main_46_af_07,,fl:ark_guardian,ch46,428,452,Q310-3,회수,Q310,,,,,확실,확정,전부 · 답 F2654
setup_payoff,record,3,fl:ark_guardian_00,,d_main_46_af_10,,fl:ark_guardian,ch46,428,452,Q312-3,회수,Q312,,,,,확실,확정,일부 · 답 F2663
callback,record,3,fl:ark_guardian_26,,d_main_46_af_06,,fl:ark_guardian,ch46,428,452,E1115,재언급,F2376,,,,,확실,확정,
callback,record,3,fl:ark_guardian_26,,d_main_46_07,,fl:ark_guardian,ch46,428,452,F2377-2,드러냄,F2377,,,,,확실,확정,
character,auto,2,fl:ark_guardian_26,283,d_main_46_07,19,fl:ark_guardian,ch46,428,452,,,,person:레드_슈즈,9,기록 3 · 이름 2줄,기록 3 · 이름 2줄,,,
keyword,auto,2,fl:ark_guardian_24,46,d_main_46_03,43,fl:ark_guardian,ch46,428,452,,,,concept:NIMPH,24,기록 2 · 이름 5줄,기록 2 · 이름 8줄,,,
keyword,auto,2,fl:ark_guardian_26,283,d_main_46_10,40,fl:ark_guardian,ch46,428,452,,,,concept:침식,21,이름 5줄,기록 5 · 이름 14줄,,,
keyword,auto,2,fl:ark_guardian_26,269,d_main_46_af_06,37,fl:ark_guardian,ch46,428,452,,,,incident:아크_가디언_작전,7,기록 4 · 이름 11줄,기록 2 · 이름 8줄,,,
keyword,auto,2,fl:ark_guardian_24,94,fl:ark_ranger_22,30,fl:ark_guardian,fl:ark_ranger,428,462,,,,place:승리의_날개_호,5,기록 1 · 이름 26줄,기록 4 · 이름 20줄,,,
keyword,auto,2,fl:ark_guardian_21,2,fl:project_matis_21,62,fl:ark_guardian,fl:project_matis,428,467,,,,concept:타일런트_급,12,이름 10줄,기록 2 · 이름 6줄,,,
callback,record,3,fl:ark_guardian_25,,d_main_48_07,,fl:ark_guardian,ch48,428,472,E1238,재언급,F2373,,,,,확실,확정,
prereq,game-condition,3,ep:d_nikke_snowwhite_heavyarms_01,,ep:d_nikke_snowwhite_heavyarms_02,,char:471,char:471,429,429,,,,,,,,,,condition_scenario_group_id
prereq,game-condition,3,ep:d_nikke_snowwhite_heavyarms_02,,ep:d_nikke_snowwhite_heavyarms_03,,char:471,char:471,429,429,,,,,,,,,,condition_scenario_group_id
prereq,game-condition,3,ep:d_nikke_snowwhite_heavyarms_03,,ep:d_nikke_snowwhite_heavyarms_04,,char:471,char:471,429,429,,,,,,,,,,condition_scenario_group_id
prereq,game-condition,3,ep:d_nikke_snowwhite_heavyarms_04,,ep:d_nikke_snowwhite_heavyarms_05,,char:471,char:471,429,429,,,,,,,,,,condition_scenario_group_id
character,auto,2,ep:d_nikke_snowwhite_heavyarms_05,61,d_main_44_04,71,char:471,ch44,429,436,,,,person:릴리바이스,14,기록 3 · 말함 23줄(8%) · 이름 5줄,기록 2 · 이름 10줄,,,
character,auto,2,ep:d_nikke_snowwhite_heavyarms_05,114,d_main_44_06,39,char:471,ch44,429,436,,,,person:스노우_화이트,26,기록 6 · 말함 230줄(82%) · 이름 38줄,기록 16 · 말함 140줄(6%) · 이름 20줄,,,
keyword,auto,1,ep:d_nikke_snowwhite_heavyarms_02,23,d_main_44_03,10,char:471,ch44,429,436,,,,concept:랩쳐,142,이름 5줄,이름 6줄,,,흔한 대상
keyword,auto,2,ep:d_nikke_snowwhite_heavyarms_05,41,d_main_44_04,72,char:471,ch44,429,436,,,,org:갓데스,30,이름 5줄,기록 2 · 이름 4줄,,,
keyword,auto,2,ep:d_nikke_snowwhite_heavyarms_02,48,event_staranis1_05_e,3,char:471,event_staranis1,429,454,,,,concept:사고_전환,8,기록 1 · 이름 6줄,기록 2 · 이름 5줄,,,
callback,record,3,fl:sin_editor_00,,fl:sin_editor_13,,fl:sin_editor,fl:sin_editor,430,430,E1000,재언급,F2383,,,,,확실,확정,
callback,record,3,fl:sin_editor_00,,fl:sin_editor_13,,fl:sin_editor,fl:sin_editor,430,430,E1001,재언급,F2383,,,,,확실,확정,
character,auto,2,fl:sin_editor_14,18,ep:d_nikke_label_01,0,fl:sin_editor,char:582,430,431,,,,person:레이블,2,기록 16 · 말함 427줄(56%) · 이름 124줄,기록 2 · 말함 394줄(100%) · 이름 93줄,,,
keyword,auto,1,fl:sin_editor_14,66,ep:d_nikke_label_02,1,fl:sin_editor,char:582,430,431,,,,place:방주,171,기록 5 · 이름 35줄,이름 8줄,,,흔한 대상
character,auto,2,fl:sin_editor_14,62,d_main_43_01,11,fl:sin_editor,ch43,430,434,,,,person:잉그리드,37,기록 3 · 말함 38줄(5%) · 이름 2줄,기록 3 · 말함 32줄(3%) · 이름 2줄,,,
keyword,auto,1,fl:sin_editor_11,48,d_main_43_01,12,fl:sin_editor,ch43,430,434,,,,concept:니케,186,이름 11줄,기록 1 · 이름 18줄,,,흔한 대상
keyword,auto,2,fl:sin_editor_07,39,d_main_43_12,157,fl:sin_editor,ch43,430,434,,,,concept:양산형_니케,26,기록 2 · 이름 2줄,이름 6줄,,,
character,auto,2,fl:sin_editor_14,56,d_main_44_08_e,105,fl:sin_editor,ch44,430,436,,,,person:에닉,22,기록 4 · 말함 29줄(4%) · 이름 2줄,기록 8 · 말함 106줄(5%) · 이름 16줄,,,
keyword,auto,1,fl:sin_editor_14,47,d_main_44_01,0,fl:sin_editor,ch44,430,436,,,,place:지상,132,이름 6줄,이름 30줄,,,흔한 대상
character,auto,2,fl:sin_editor_13,67,fl:2x2_love_1ch_00,8,fl:sin_editor,fl:2x2_love_1ch,430,444,,,,person:아르카나,8,기록 6 · 말함 145줄(19%) · 이름 22줄,기록 36 · 말함 2024줄(45%) · 이름 625줄,,,
keyword,auto,2,fl:sin_editor_12,84,side:pretty_star_14,61,fl:sin_editor,side:pretty_star,430,447,,,,org:베스트셀러,4,기록 3 · 이름 3줄,기록 2 · 이름 1줄,,,
setup_payoff,record,3,fl:sin_editor_14,,d_main_45_11,,fl:sin_editor,ch45,430,450,Q313-2,회수,Q313,,,,,확실,확정,일부 · 답 F2606
character,auto,2,fl:sin_editor_13,67,fl:persona_on_frontline_01,2,fl:sin_editor,fl:persona_on_frontline,430,474,,,,person:팬텀,8,기록 8 · 말함 129줄(17%) · 이름 25줄,기록 6 · 말함 259줄(13%) · 이름 49줄,,,
prereq,game-condition,3,ep:d_nikke_label_01,,ep:d_nikke_label_02,,char:582,char:582,431,431,,,,,,,,,,condition_scenario_group_id
prereq,game-condition,3,ep:d_nikke_label_02,,ep:d_nikke_label_03,,char:582,char:582,431,431,,,,,,,,,,condition_scenario_group_id
prereq,game-condition,3,ep:d_nikke_label_03,,ep:d_nikke_label_04,,char:582,char:582,431,431,,,,,,,,,,condition_scenario_group_id
prereq,game-condition,3,ep:d_nikke_label_04,,ep:d_nikke_label_05,,char:582,char:582,431,431,,,,,,,,,,condition_scenario_group_id
keyword,auto,1,ep:d_nikke_label_04,115,fl:fatal_maid_00,20,char:582,fl:fatal_maid,431,432,,,,place:방주,171,이름 8줄,이름 7줄,,,흔한 대상
setup_payoff,record,3,fl:fatal_maid_00,,fl:fatal_maid_12,,fl:fatal_maid,fl:fatal_maid,432,432,E1464,암시,F2392,,,,,확실,확정,
setup_payoff,record,3,fl:fatal_maid_03,,fl:fatal_maid_04,,fl:fatal_maid,fl:fatal_maid,432,432,E1465,암시,F2388,,,,,확실,확정,
setup_payoff,record,3,fl:fatal_maid_08,,fl:fatal_maid_09,,fl:fatal_maid,fl:fatal_maid,432,432,E1467,암시,F2390,,,,,확실,확정,
callback,record,2,fl:fatal_maid_04,,fl:fatal_maid_13,,fl:fatal_maid,fl:fatal_maid,432,432,E1470,재언급,F2388,,,,,추정,확정,
character,auto,2,fl:fatal_maid_14,55,ep:d_nikke_velvet_01,8,fl:fatal_maid,char:316,432,433,,,,person:벨벳,3,기록 18 · 말함 408줄(58%) · 이름 93줄,기록 1 · 말함 238줄(100%) · 이름 57줄,,,
keyword,auto,1,fl:fatal_maid_10,55,d_main_43_03,90,fl:fatal_maid,ch43,432,434,,,,place:방주,171,이름 7줄,기록 3 · 이름 36줄,,,흔한 대상
character,auto,2,fl:fatal_maid_10,69,side:pretty_star_00,0,fl:fatal_maid,side:pretty_star,432,447,,,,person:머스탱,27,기록 3 · 이름 1줄,기록 15 · 말함 353줄(19%) · 이름 26줄,,,
character,auto,2,fl:fatal_maid_14,55,ep:d_nikke_laplace_ultimatehero_02,0,fl:fatal_maid,char:103,432,468,,,,person:코코아,10,기록 6 · 말함 83줄(12%) · 이름 46줄,말함 52줄(17%) · 이름 17줄,,,
sequel,manual,2,fl:fatal_maid_14,,fl:persona_on_frontline_00,,fl:fatal_maid,fl:persona_on_frontline,432,474,Y53,,,,,,,확실,확정,"persona_on_frontline의 악역 앨든은 coins_in_rush · fatal_maid에서 지휘관 때문에 재기하지 못한 국장으로, 그 원한에서 사건이 시작되고 체포로 그의 줄이 끝난다."
callback,record,3,fl:fatal_maid_09,,fl:persona_on_frontline_07,,fl:fatal_maid,fl:persona_on_frontline,432,474,E1562,재언급,F2390,,,,,확실,확정,
callback,record,3,fl:fatal_maid_09,,fl:persona_on_frontline_13,,fl:fatal_maid,fl:persona_on_frontline,432,474,E1566,재언급,F2390,,,,,확실,확정,
callback,record,3,fl:fatal_maid_11,,fl:persona_on_frontline_19,,fl:fatal_maid,fl:persona_on_frontline,432,474,E1573,재언급,F2391,,,,,확실,확정,
callback,record,3,fl:fatal_maid_09,,fl:persona_on_frontline_25,,fl:fatal_maid,fl:persona_on_frontline,432,474,E1580,재언급,F2390,,,,,확실,확정,
character,auto,2,fl:fatal_maid_10,52,fl:persona_on_frontline_07,0,fl:fatal_maid,fl:persona_on_frontline,432,474,,,,person:앨든,2,기록 3 · 이름 14줄,기록 21 · 말함 88줄(5%) · 이름 1줄,,,
character,auto,2,fl:fatal_maid_12,103,fl:persona_on_frontline_09,3,fl:fatal_maid,fl:persona_on_frontline,432,474,,,,person:에이드,9,기록 3 · 말함 116줄(16%) · 이름 19줄,기록 6 · 말함 53줄(3%) · 이름 25줄,,,
prereq,game-condition,3,ep:d_nikke_velvet_01,,ep:d_nikke_velvet_02,,char:316,char:316,433,433,,,,,,,,,,condition_scenario_group_id
prereq,game-condition,3,ep:d_nikke_velvet_02,,ep:d_nikke_velvet_03,,char:316,char:316,433,433,,,,,,,,,,condition_scenario_group_id
prereq,game-condition,3,ep:d_nikke_velvet_03,,ep:d_nikke_velvet_04,,char:316,char:316,433,433,,,,,,,,,,condition_scenario_group_id
prereq,game-condition,3,ep:d_nikke_velvet_04,,ep:d_nikke_velvet_05,,char:316,char:316,433,433,,,,,,,,,,condition_scenario_group_id
setup_payoff,record,3,d_main_43_02,,d_main_43_12,,ch43,ch43,434,434,E1002,암시,F2403,,,,,확실,확정,
setup_payoff,record,3,d_main_43_03,,d_main_43_12,,ch43,ch43,434,434,E1003,암시,F2403,,,,,확실,확정,
setup_payoff,record,3,d_main_43_02,,d_main_43_15,,ch43,ch43,434,434,E1004,암시,F2415,,,,,확실,확정,
setup_payoff,record,3,d_main_43_03,,d_main_43_10,,ch43,ch43,434,434,E1005,암시,F2399,,,,,확실,확정,
setup_payoff,record,3,d_main_43_05,,d_main_43_12,,ch43,ch43,434,434,E1006,암시,F2405,,,,,확실,확정,
setup_payoff,record,3,d_main_43_05,,d_main_43_10,,ch43,ch43,434,434,E1007,암시,F2399,,,,,확실,확정,
setup_payoff,record,3,d_main_43_10,,d_main_43_15,,ch43,ch43,434,434,E1009,암시,F2415,,,,,확실,확정,
setup_payoff,record,3,d_main_43_11,,d_main_43_13,,ch43,ch43,434,434,E1010,암시,F2406,,,,,확실,확정,
setup_payoff,record,2,d_main_43_11,,d_main_43_12,,ch43,ch43,434,434,E1013,암시,F2405,,,,,추정,확정,
setup_payoff,record,2,d_main_43_12,,d_main_43_13,,ch43,ch43,434,434,E1014,암시,F2406,,,,,추정,확정,
setup_payoff,record,3,d_main_43_12,,d_main_43_15,,ch43,ch43,434,434,E1015,암시,F2415,,,,,확실,확정,
setup_payoff,record,2,d_main_43_12,,d_main_43_14,,ch43,ch43,434,434,E1016,암시,F2409,,,,,추정,확정,
setup_payoff,record,3,d_main_43_13,,d_main_43_15,,ch43,ch43,434,434,E1017,암시,F2415,,,,,확실,확정,
keyword,auto,2,d_main_43_13,114,relic:아무한테나말해주는거아니야.wav_00,0,ch43,relic:아무한테나말해주는거아니야.wav,434,435,,,,place:아우터_림,43,기록 8 · 이름 30줄,기록 3 · 이름 3줄,,,
sequel,auto,3,d_main_43_15,,d_main_44_01,,ch43,ch44,434,436,,,,,,,,,,다음 챕터
setup_payoff,record,3,d_main_43_10,,d_main_44_af_09,,ch43,ch44,434,436,E1009,암시,F2461,,,,,확실,확정,
setup_payoff,record,3,d_main_43_13,,d_main_44_af_09,,ch43,ch44,434,436,E1017,암시,F2461,,,,,확실,확정,
setup_payoff,record,2,d_main_43_15,,d_main_44_af_03,,ch43,ch44,434,436,Q315-2,회수,Q315,,,,,추정,확정,일부 · 답 F2443
character,auto,1,d_main_43_15,194,d_main_44_01,96,ch43,ch44,434,436,,,,person:네온,55,기록 10 · 말함 64줄(5%) · 이름 21줄,기록 4 · 말함 53줄(2%) · 이름 19줄,,,흔한 대상
character,auto,2,d_main_43_15,184,d_main_44_af_09,172,ch43,ch44,434,436,,,,person:에테르,12,기록 2 · 말함 28줄(2%) · 이름 1줄,기록 3 · 말함 34줄(2%) · 이름 5줄,,,
character,auto,2,d_main_43_15,47,d_main_44_01,25,ch43,ch44,434,436,,,,person:엔더슨,32,기록 5 · 이름 3줄,기록 4 · 말함 52줄(2%) · 이름 4줄,,,
character,auto,2,d_main_43_15,192,d_main_44_af_09,172,ch43,ch44,434,436,,,,person:지엔,7,기록 6 · 말함 130줄(11%) · 이름 1줄,기록 3 · 말함 20줄(1%) · 이름 2줄,,,
keyword,auto,1,d_main_43_15,174,d_main_44_04,71,ch43,ch44,434,436,,,,concept:니케,186,기록 1 · 이름 18줄,이름 43줄,,,흔한 대상
keyword,auto,1,d_main_43_15,66,d_main_44_01,32,ch43,ch44,434,436,,,,org:중앙_정부,67,기록 8 · 이름 36줄,기록 1 · 이름 20줄,,,흔한 대상
keyword,auto,1,d_main_43_15,76,d_main_44_01,8,ch43,ch44,434,436,,,,place:방주,171,기록 3 · 이름 36줄,기록 6 · 이름 74줄,,,흔한 대상
character,auto,2,d_main_43_14,51,fl:enter_heaven_01,0,ch43,fl:enter_heaven,434,442,,,,person:잉그리드,37,기록 3 · 말함 32줄(3%) · 이름 2줄,기록 8 · 말함 89줄(9%) · 이름 19줄,,,
keyword,auto,2,d_main_43_06,53,fl:enter_heaven_00,9,ch43,fl:enter_heaven,434,442,,,,org:엔터_헤븐,9,기록 2 · 이름 4줄,기록 17 · 이름 50줄,,,
keyword,auto,2,d_main_43_14,52,fl:enter_heaven_03,21,ch43,fl:enter_heaven,434,442,,,,org:엘리시온,17,기록 5 · 이름 6줄,기록 8 · 이름 23줄,,,
keyword,auto,2,d_main_43_12,189,side:pretty_star_01,16,ch43,side:pretty_star,434,447,,,,concept:양산형_니케,26,이름 6줄,이름 9줄,,,
keyword,auto,2,d_main_43_15,145,fl:good_world_12,0,ch43,fl:good_world,434,448,,,,org:V.T.C.,10,기록 14 · 이름 29줄,기록 4 · 이름 6줄,,,
callback,record,2,d_main_43_15,,relic:신에게닿기위한탑_03,,ch43,relic:신에게닿기위한탑,434,451,F2410-2,드러냄,F2410,,,,,추정,확정,
setup_payoff,record,3,d_main_43_11,,d_main_46_af_07,,ch43,ch46,434,452,Q317-2,회수,Q317,,,,,확실,확정,전부 · 답 F2654
callback,record,3,d_main_43_15,,relic:궤도엘리베이터음모론_01,,ch43,relic:궤도엘리베이터음모론,434,453,E1117,재언급,F2410,,,,,확실,확정,
callback,record,3,d_main_43_03,,ep:d_nikke_neon_visioneye_02,,ch43,char:18,434,457,E1522,재언급,F2396,,,,,확실,확정,
callback,record,3,d_main_43_13,,ep:d_nikke_neon_visioneye_04,,ch43,char:18,434,457,E1523,재언급,F2406,,,,,확실,확정,
callback,record,3,d_main_43_13,,ep:d_nikke_neon_visioneye_04,,ch43,char:18,434,457,E1523,재언급,F2407,,,,,확실,확정,
callback,record,3,d_main_43_08,,ep:d_nikke_neon_visioneye_05,,ch43,char:18,434,457,E1524,재언급,F2893,,,,,확실,확정,
callback,record,3,d_main_43_13,,ep:d_nikke_neon_visioneye_05,,ch43,char:18,434,457,E1524,재언급,F2407,,,,,확실,확정,
character,auto,2,d_main_43_15,133,ep:d_nikke_neon_visioneye_01,21,ch43,char:18,434,457,,,,person:프린세스,2,기록 29 · 말함 426줄(36%) · 이름 74줄,기록 4 · 이름 53줄,,,
keyword,auto,2,relic:아무한테나말해주는거아니야.wav_03,3,d_main_44_af_03,14,relic:아무한테나말해주는거아니야.wav,ch44,435,436,,,,place:아우터_림,43,기록 3 · 이름 3줄,기록 5 · 이름 20줄,,,
setup_payoff,record,3,d_main_44_08_s,,d_main_44_08_e,,ch44,ch44,436,436,E1022,암시,F2435,,,,,확실,확정,
setup_payoff,record,2,d_main_44_af_05,,d_main_44_af_09,,ch44,ch44,436,436,E1032,암시,F2460,,,,,추정,확정,
keyword,auto,1,d_main_44_af_02,31,relic:거인을찾아서_02,2,ch44,relic:거인을찾아서,436,437,,,,concept:랩쳐,142,이름 6줄,이름 5줄,,,흔한 대상
keyword,auto,1,d_main_44_af_06,223,relic:거인을찾아서_00,0,ch44,relic:거인을찾아서,436,437,,,,place:지상,132,이름 30줄,기록 3 · 이름 1줄,,,흔한 대상
character,auto,2,d_main_44_af_09,23,fl:lie_cause_recoil_00,39,ch44,fl:lie_cause_recoil,436,438,,,,person:슈가,10,기록 5 · 말함 87줄(4%) · 이름 23줄,기록 3 · 말함 282줄(13%) · 이름 23줄,,,
character,auto,2,d_main_44_af_02,116,fl:lie_cause_recoil_01,2,ch44,fl:lie_cause_recoil,436,438,,,,person:엔더슨,32,기록 4 · 말함 52줄(2%) · 이름 4줄,기록 2 · 말함 20줄(1%) · 이름 2줄,,,
keyword,auto,1,d_main_44_af_10,21,fl:lie_cause_recoil_01,53,ch44,fl:lie_cause_recoil,436,438,,,,concept:니케,186,이름 43줄,기록 1 · 이름 12줄,,,흔한 대상
keyword,auto,1,d_main_44_af_10,11,fl:lie_cause_recoil_01,8,ch44,fl:lie_cause_recoil,436,438,,,,place:방주,171,기록 6 · 이름 74줄,이름 21줄,,,흔한 대상
character,auto,2,d_main_44_af_09,31,fl:enter_heaven_00,6,ch44,fl:enter_heaven,436,442,,,,person:E.H.,10,기록 4 · 말함 62줄(3%) · 이름 6줄,기록 36 · 말함 423줄(42%) · 이름 50줄,,,
keyword,auto,2,d_main_44_af_07,32,fl:enter_heaven_09,7,ch44,fl:enter_heaven,436,442,,,,org:언더월드_퀸,9,이름 9줄,기록 2 · 이름 2줄,,,
keyword,auto,2,d_main_44_af_09,26,fl:enter_heaven_00,9,ch44,fl:enter_heaven,436,442,,,,org:이그조틱,14,기록 1 · 이름 5줄,기록 3 · 이름 3줄,,,
keyword,auto,1,d_main_44_af_10,23,fl:enter_heaven_01,11,ch44,fl:enter_heaven,436,442,,,,org:중앙_정부,67,기록 1 · 이름 20줄,기록 5 · 이름 36줄,,,흔한 대상
keyword,auto,2,d_main_44_af_09,301,fl:enter_heaven_00,9,ch44,fl:enter_heaven,436,442,,,,place:아우터_림,43,기록 5 · 이름 20줄,기록 11 · 이름 56줄,,,
callback,record,3,d_main_44_01,,fl:2x2_love_1ch_44,,ch44,fl:2x2_love_1ch,436,444,E1505,재언급,Q324,,,,,확실,확정,
character,auto,2,d_main_44_af_09,264,fl:2x2_love_2ch_01,2,ch44,fl:2x2_love_2ch,436,445,,,,person:에테르,12,기록 3 · 말함 34줄(2%) · 이름 5줄,기록 4 · 말함 94줄(3%) · 이름 17줄,,,
character,auto,2,d_main_44_07,143,side:pretty_star_00,187,ch44,side:pretty_star,436,447,,,,person:레드_후드,26,기록 3 · 말함 14줄(1%) · 이름 11줄,기록 2 · 이름 5줄,,,
character,auto,2,d_main_44_af_01,37,side:pretty_star_01,225,ch44,side:pretty_star,436,447,,,,person:릴리바이스,14,기록 2 · 이름 10줄,기록 2 · 이름 6줄,,,
character,auto,2,d_main_44_af_02,225,side:pretty_star_14,69,ch44,side:pretty_star,436,447,,,,person:버닝엄,14,기록 11 · 말함 141줄(6%) · 이름 12줄,기록 3 · 말함 5줄(0%) · 이름 2줄,,,
character,auto,1,d_main_44_af_09,303,side:pretty_star_02,0,ch44,side:pretty_star,436,447,,,,person:아니스,119,기록 2 · 말함 191줄(9%) · 이름 20줄,기록 11 · 말함 225줄(12%) · 이름 101줄,,,흔한 대상
character,auto,2,d_main_44_af_09,307,side:pretty_star_01,225,ch44,side:pretty_star,436,447,,,,person:에닉,22,기록 8 · 말함 106줄(5%) · 이름 16줄,기록 2 · 이름 2줄,,,
keyword,auto,2,d_main_44_af_02,85,side:pretty_star_00,49,ch44,side:pretty_star,436,447,,,,concept:지상_탈환,9,이름 12줄,기록 2 · 이름 6줄,,,
keyword,auto,2,d_main_44_07,155,side:pretty_star_00,16,ch44,side:pretty_star,436,447,,,,org:갓데스,30,기록 2 · 이름 4줄,기록 10 · 이름 18줄,,,
sequel,auto,3,d_main_44_af_10,,d_main_45_01,,ch44,ch45,436,450,,,,,,,,,,다음 챕터
setup_payoff,record,3,d_main_44_af_09,,d_main_45_03,,ch44,ch45,436,450,Q322-2,회수,Q322,,,,,확실,확정,전부 · 답 F2576
setup_payoff,record,3,d_main_44_af_10,,d_main_45_06,,ch44,ch45,436,450,Q323-2,회수,Q323,,,,,확실,확정,일부 · 답 F2609
callback,record,3,d_main_44_af_02,,d_main_45_01,,ch44,ch45,436,450,E1078,재언급,F2440,,,,,확실,확정,
callback,record,3,d_main_44_af_09,,d_main_45_10,,ch44,ch45,436,450,E1092,재언급,F2459,,,,,확실,확정,
callback,record,3,d_main_44_af_03,,d_main_45_07,,ch44,ch45,436,450,F2443-2,드러냄,F2443,,,,,확실,확정,
character,auto,1,d_main_44_af_09,295,d_main_45_01,48,ch44,ch45,436,450,,,,person:네온,55,기록 4 · 말함 53줄(2%) · 이름 19줄,기록 9 · 말함 93줄(7%) · 이름 32줄,,,흔한 대상
character,auto,2,d_main_44_af_10,31,d_main_45_06,1,ch44,ch45,436,450,,,,person:도로시,31,기록 5 · 말함 35줄(2%) · 이름 13줄,기록 9 · 말함 87줄(7%) · 이름 36줄,,,
character,auto,2,d_main_44_af_07,93,d_main_45_03,54,ch44,ch45,436,450,,,,person:도반,8,기록 2 · 말함 35줄(2%) · 이름 6줄,기록 2 · 이름 2줄,,,
character,auto,2,d_main_44_af_01,37,d_main_45_09,83,ch44,ch45,436,450,,,,person:라푼젤,18,기록 2 · 이름 8줄,기록 2 · 이름 1줄,,,
character,auto,1,d_main_44_af_09,294,d_main_45_01,55,ch44,ch45,436,450,,,,person:라피,85,기록 4 · 말함 168줄(8%) · 이름 23줄,기록 6 · 말함 71줄(6%) · 이름 25줄,,,흔한 대상
character,auto,2,d_main_44_af_09,20,d_main_45_10,52,ch44,ch45,436,450,,,,person:리버린,9,기록 9 · 말함 104줄(5%) · 이름 49줄,기록 6 · 말함 26줄(2%) · 이름 20줄,,,
character,auto,2,d_main_44_08_e,107,d_main_45_01,0,ch44,ch45,436,450,,,,person:스노우_화이트,26,기록 16 · 말함 140줄(6%) · 이름 20줄,기록 3 · 말함 10줄(1%) · 이름 2줄,,,
character,auto,2,d_main_44_af_09,297,d_main_45_01,159,ch44,ch45,436,450,,,,person:식스오,9,기록 18 · 말함 37줄(2%) · 이름 84줄,기록 12 · 말함 19줄(1%) · 이름 66줄,,,
character,auto,2,d_main_44_af_10,34,d_main_45_06,1,ch44,ch45,436,450,,,,person:아이리,5,기록 2 · 말함 34줄(2%) · 이름 2줄,기록 2 · 말함 39줄(3%) · 이름 14줄,,,
character,auto,2,d_main_44_08_e,82,d_main_45_01,0,ch44,ch45,436,450,,,,person:요한,13,기록 3 · 말함 37줄(2%) · 이름 5줄,기록 3 · 말함 12줄(1%),,,
character,auto,2,d_main_44_af_06,261,d_main_45_10,52,ch44,ch45,436,450,,,,person:프레자일,4,기록 5 · 말함 112줄(5%) · 이름 12줄,기록 3 · 이름 17줄,,,
keyword,auto,2,d_main_44_af_09,288,d_main_45_01,79,ch44,ch45,436,450,,,,concept:E2_크리스탈,7,기록 5 · 이름 9줄,기록 5 · 이름 22줄,,,
keyword,auto,2,d_main_44_af_09,87,d_main_45_10,7,ch44,ch45,436,450,,,,concept:미스트,7,기록 5 · 이름 28줄,기록 2 · 이름 12줄,,,
keyword,auto,2,d_main_44_af_09,109,d_main_45_05,95,ch44,ch45,436,450,,,,concept:특수_별동대,5,이름 5줄,기록 1 · 이름 5줄,,,
setup_payoff,record,3,d_main_44_02,,d_main_46_af_10,,ch44,ch46,436,452,E1018,암시,F2663,,,,,확실,확정,
setup_payoff,record,2,d_main_44_af_07,,d_main_46_af_05,,ch44,ch46,436,452,E1034,암시,F2646,,,,,추정,확정,
setup_payoff,record,3,d_main_44_05,,d_main_46_af_04,,ch44,ch46,436,452,Q320-2,회수,Q320,,,,,확실,확정,일부 · 답 F2643
setup_payoff,record,3,d_main_44_08_e,,d_main_46_05,,ch44,ch46,436,452,Q321-2,회수,Q321,,,,,확실,확정,일부 · 답 F2617
setup_payoff,record,3,d_main_44_af_10,,d_main_46_af_02,,ch44,ch46,436,452,Q323-3,회수,Q323,,,,,확실,확정,일부 · 답 F2651
callback,record,3,d_main_44_08_e,,d_main_46_07,,ch44,ch46,436,452,F2435-2,드러냄,F2435,,,,,확실,확정,
character,auto,2,d_main_44_08_e,171,d_main_46_07,43,ch44,ch46,436,452,,,,person:리버렐리오,12,기록 3 · 말함 31줄(1%) · 이름 18줄,기록 4 · 이름 6줄,,,
character,auto,2,d_main_44_af_02,152,d_main_46_11,53,ch44,ch46,436,452,,,,person:마리안,20,기록 2 · 이름 17줄,기록 5 · 이름 6줄,,,
character,auto,2,d_main_44_08_e,177,d_main_46_04,24,ch44,ch46,436,452,,,,person:미러,7,기록 2 · 이름 1줄,기록 20 · 말함 201줄(11%) · 이름 30줄,,,
character,auto,2,d_main_44_af_02,133,d_main_46_03,8,ch44,ch46,436,452,,,,person:퀸,20,기록 4 · 이름 40줄,기록 17 · 이름 66줄,,,
keyword,auto,2,d_main_44_af_10,1,d_main_46_05,27,ch44,ch46,436,452,,,,concept:헬레틱,40,기록 1 · 이름 12줄,기록 4 · 이름 9줄,,,
keyword,auto,2,d_main_44_af_02,85,d_main_46_af_02,0,ch44,ch46,436,452,,,,incident:3차_지상_탈환전,5,기록 2 · 이름 12줄,기록 6 · 이름 24줄,,,
keyword,auto,2,d_main_44_af_01,21,d_main_46_07,78,ch44,ch46,436,452,,,,org:포비스트,20,기록 1 · 이름 9줄,기록 5 · 이름 8줄,,,
keyword,auto,2,d_main_44_af_02,130,d_main_46_02,38,ch44,ch46,436,452,,,,place:에덴,25,기록 7 · 이름 50줄,기록 7 · 이름 27줄,,,
character,auto,2,d_main_44_af_09,11,fl:ark_ranger_14,0,ch44,fl:ark_ranger,436,462,,,,person:목단,9,기록 6 · 말함 150줄(7%) · 이름 25줄,기록 4 · 말함 134줄(7%) · 이름 11줄,,,
character,auto,2,d_main_44_af_09,252,fl:project_matis_01,138,ch44,fl:project_matis,436,467,,,,person:지엔,7,기록 3 · 말함 20줄(1%) · 이름 2줄,기록 18 · 말함 353줄(12%) · 이름 38줄,,,
character,auto,2,d_main_44_af_03,55,d_main_47_01,52,ch44,ch47,436,470,,,,person:세실,13,기록 4 · 말함 53줄(2%) · 이름 5줄,기록 6 · 말함 97줄(10%) · 이름 6줄,,,
setup_payoff,record,3,d_main_44_08_e,,d_main_48_02,,ch44,ch48,436,472,E1024,암시,F2825,,,,,확실,확정,
callback,record,3,d_main_44_af_01,,d_main_48_07,,ch44,ch48,436,472,E1239,재언급,F2437,,,,,확실,확정,
character,auto,2,d_main_44_08_e,68,d_main_48_02,16,ch44,ch48,436,472,,,,person:앨트루이아,2,기록 7 · 말함 46줄(2%) · 이름 7줄,기록 5 · 말함 29줄(3%) · 이름 26줄,,,
character,auto,2,d_main_44_af_02,204,d_main_48_03,1,ch44,ch48,436,472,,,,person:파피용,9,기록 4 · 말함 36줄(2%) · 이름 8줄,기록 3 · 말함 22줄(2%) · 이름 5줄,,,
keyword,auto,1,relic:거인을찾아서_03,0,fl:enter_heaven_06,35,relic:거인을찾아서,fl:enter_heaven,437,442,,,,place:지상,132,기록 3 · 이름 1줄,이름 5줄,,,흔한 대상
keyword,auto,1,relic:거인을찾아서_03,7,fl:good_world_07,99,relic:거인을찾아서,fl:good_world,437,448,,,,concept:랩쳐,142,이름 5줄,이름 5줄,,,흔한 대상
setup_payoff,record,2,fl:lie_cause_recoil_06,,fl:lie_cause_recoil_17,,fl:lie_cause_recoil,fl:lie_cause_recoil,438,438,E1472,암시,F2477,,,,,추정,확정,
setup_payoff,record,3,fl:lie_cause_recoil_06,,fl:lie_cause_recoil_17,,fl:lie_cause_recoil,fl:lie_cause_recoil,438,438,E1473,암시,F2477,,,,,확실,확정,
setup_payoff,record,2,fl:lie_cause_recoil_08,,fl:lie_cause_recoil_19,,fl:lie_cause_recoil,fl:lie_cause_recoil,438,438,E1474,암시,F2478,,,,,추정,확정,
setup_payoff,record,3,fl:lie_cause_recoil_11,,fl:lie_cause_recoil_17,,fl:lie_cause_recoil,fl:lie_cause_recoil,438,438,E1475,암시,F2477,,,,,확실,확정,
setup_payoff,record,3,fl:lie_cause_recoil_12,,fl:lie_cause_recoil_17,,fl:lie_cause_recoil,fl:lie_cause_recoil,438,438,E1477,암시,F2477,,,,,확실,확정,
setup_payoff,record,2,fl:lie_cause_recoil_15,,fl:lie_cause_recoil_17,,fl:lie_cause_recoil,fl:lie_cause_recoil,438,438,E1478,암시,F2477,,,,,추정,확정,
setup_payoff,record,3,fl:lie_cause_recoil_17,,fl:lie_cause_recoil_25,,fl:lie_cause_recoil,fl:lie_cause_recoil,438,438,E1479,암시,F2481,,,,,확실,확정,
setup_payoff,record,3,fl:lie_cause_recoil_19,,fl:lie_cause_recoil_22,,fl:lie_cause_recoil,fl:lie_cause_recoil,438,438,E1480,암시,F2480,,,,,확실,확정,
callback,record,3,fl:lie_cause_recoil_06,,fl:lie_cause_recoil_20,,fl:lie_cause_recoil,fl:lie_cause_recoil,438,438,E1481,재언급,F2472,,,,,확실,확정,
character,auto,2,fl:lie_cause_recoil_27,143,ep:d_nikke_ce008_01_01,6,fl:lie_cause_recoil,char:860,438,439,,,,person:슈가,10,기록 3 · 말함 282줄(13%) · 이름 23줄,말함 47줄(31%) · 이름 4줄,,,
character,auto,2,fl:lie_cause_recoil_27,38,ep:d_nikke_ce008_01_01,9,fl:lie_cause_recoil,char:860,438,439,,,,person:치사토,2,기록 12 · 말함 393줄(19%) · 이름 76줄,말함 84줄(55%) · 이름 8줄,,,
character,auto,2,fl:lie_cause_recoil_27,38,ep:d_nikke_ce008_03_01,1,fl:lie_cause_recoil,char:862,438,440,,,,person:쿠루미,2,기록 5 · 말함 152줄(7%) · 이름 37줄,말함 88줄(51%) · 이름 8줄,,,
character,auto,2,fl:lie_cause_recoil_27,128,ep:d_nikke_ce008_03_01,16,fl:lie_cause_recoil,char:862,438,440,,,,person:프림,7,기록 6 · 말함 203줄(10%) · 이름 32줄,말함 34줄(20%) · 이름 6줄,,,
character,auto,2,fl:lie_cause_recoil_27,148,ep:d_nikke_ce008_02_01,1,fl:lie_cause_recoil,char:861,438,441,,,,person:밀크,10,말함 306줄(15%) · 이름 21줄,기록 1 · 말함 99줄(47%) · 이름 19줄,,,
character,auto,2,fl:lie_cause_recoil_27,139,ep:d_nikke_ce008_02_01,15,fl:lie_cause_recoil,char:861,438,441,,,,person:타키나,2,기록 7 · 말함 199줄(10%) · 이름 47줄,말함 89줄(43%) · 이름 4줄,,,
keyword,auto,1,fl:lie_cause_recoil_25,29,fl:enter_heaven_01,20,fl:lie_cause_recoil,fl:enter_heaven,438,442,,,,concept:니케,186,기록 1 · 이름 12줄,이름 12줄,,,흔한 대상
keyword,auto,1,fl:lie_cause_recoil_27,151,fl:enter_heaven_01,5,fl:lie_cause_recoil,fl:enter_heaven,438,442,,,,place:방주,171,이름 21줄,기록 2 · 이름 35줄,,,흔한 대상
character,auto,2,fl:lie_cause_recoil_26,194,d_main_46_af_07,3,fl:lie_cause_recoil,ch46,438,452,,,,person:엔더슨,32,기록 2 · 말함 20줄(1%) · 이름 2줄,기록 9 · 말함 155줄(8%) · 이름 5줄,,,
character,auto,2,fl:lie_cause_recoil_26,247,ep:d_nikke_sin_swiftbunny_01,8,fl:lie_cause_recoil,char:405,438,481,,,,person:마스트,9,기록 2 · 말함 45줄(2%) · 이름 7줄,기록 1 · 말함 34줄(17%) · 이름 9줄,,,
prereq,game-condition,3,ep:d_nikke_ce008_01_01,,ep:d_nikke_ce008_01_02,,char:860,char:860,439,439,,,,,,,,,,condition_scenario_group_id
prereq,game-condition,3,ep:d_nikke_ce008_01_02,,ep:d_nikke_ce008_01_03,,char:860,char:860,439,439,,,,,,,,,,condition_scenario_group_id
prereq,game-condition,3,ep:d_nikke_ce008_01_03,,ep:d_nikke_ce008_01_04,,char:860,char:860,439,439,,,,,,,,,,condition_scenario_group_id
prereq,game-condition,3,ep:d_nikke_ce008_01_04,,ep:d_nikke_ce008_01_05,,char:860,char:860,439,439,,,,,,,,,,condition_scenario_group_id
prereq,game-condition,3,ep:d_nikke_ce008_03_01,,ep:d_nikke_ce008_03_02,,char:862,char:862,440,440,,,,,,,,,,condition_scenario_group_id
prereq,game-condition,3,ep:d_nikke_ce008_03_02,,ep:d_nikke_ce008_03_03,,char:862,char:862,440,440,,,,,,,,,,condition_scenario_group_id
prereq,game-condition,3,ep:d_nikke_ce008_03_03,,ep:d_nikke_ce008_03_04,,char:862,char:862,440,440,,,,,,,,,,condition_scenario_group_id
prereq,game-condition,3,ep:d_nikke_ce008_03_04,,ep:d_nikke_ce008_03_05,,char:862,char:862,440,440,,,,,,,,,,condition_scenario_group_id
character,auto,2,ep:d_nikke_ce008_03_04,40,d_main_45_04,1,char:862,ch45,440,450,,,,person:트로니,11,말함 23줄(13%) · 이름 2줄,기록 4 · 말함 39줄(3%) · 이름 7줄,,,
prereq,game-condition,3,ep:d_nikke_ce008_02_01,,ep:d_nikke_ce008_02_02,,char:861,char:861,441,441,,,,,,,,,,condition_scenario_group_id
prereq,game-condition,3,ep:d_nikke_ce008_02_02,,ep:d_nikke_ce008_02_03,,char:861,char:861,441,441,,,,,,,,,,condition_scenario_group_id
prereq,game-condition,3,ep:d_nikke_ce008_02_03,,ep:d_nikke_ce008_02_04,,char:861,char:861,441,441,,,,,,,,,,condition_scenario_group_id
prereq,game-condition,3,ep:d_nikke_ce008_02_04,,ep:d_nikke_ce008_02_05,,char:861,char:861,441,441,,,,,,,,,,condition_scenario_group_id
setup_payoff,record,3,fl:enter_heaven_01,,fl:enter_heaven_06,,fl:enter_heaven,fl:enter_heaven,442,442,E1043,암시,F2490,,,,,확실,확정,
setup_payoff,record,3,fl:enter_heaven_10,,fl:enter_heaven_10,,fl:enter_heaven,fl:enter_heaven,442,442,E1044,암시,F2500,,,,,확실,확정,
callback,record,3,fl:enter_heaven_06,,fl:enter_heaven_13,,fl:enter_heaven,fl:enter_heaven,442,442,E1046,재언급,F2493,,,,,확실,확정,
callback,record,2,fl:enter_heaven_10,,fl:enter_heaven_13,,fl:enter_heaven,fl:enter_heaven,442,442,E1047,재언급,F2500,,,,,추정,확정,
callback,record,3,fl:enter_heaven_04,,ep:d_nikke_eh_01,,fl:enter_heaven,char:113,442,443,E1630,재언급,F2488,,,,,확실,확정,
character,auto,2,fl:enter_heaven_14,23,ep:d_nikke_eh_01,92,fl:enter_heaven,char:113,442,443,,,,person:E.H.,10,기록 36 · 말함 423줄(42%) · 이름 50줄,기록 4 · 말함 167줄(61%) · 이름 27줄,,,
character,auto,2,fl:enter_heaven_13,51,ep:d_nikke_eh_01,2,fl:enter_heaven,char:113,442,443,,,,person:바이퍼,11,기록 6 · 말함 158줄(16%) · 이름 26줄,기록 2 · 말함 73줄(27%) · 이름 8줄,,,
character,auto,2,fl:enter_heaven_13,49,ep:d_nikke_eh_01,1,fl:enter_heaven,char:113,442,443,,,,person:자칼,7,기록 4 · 말함 42줄(4%) · 이름 17줄,말함 35줄(13%) · 이름 10줄,,,
keyword,auto,2,fl:enter_heaven_14,7,ep:d_nikke_eh_03,1,fl:enter_heaven,char:113,442,443,,,,place:아우터_림,43,기록 11 · 이름 56줄,기록 1 · 이름 6줄,,,
keyword,auto,1,fl:enter_heaven_12,151,fl:2x2_love_1ch_01,205,fl:enter_heaven,fl:2x2_love_1ch,442,444,,,,concept:니케,186,이름 12줄,이름 19줄,,,흔한 대상
keyword,auto,1,fl:enter_heaven_12,110,side:pretty_star_00,16,fl:enter_heaven,side:pretty_star,442,447,,,,org:중앙_정부,67,기록 5 · 이름 36줄,기록 14 · 이름 68줄,,,흔한 대상
keyword,auto,1,fl:enter_heaven_12,113,side:pretty_star_00,48,fl:enter_heaven,side:pretty_star,442,447,,,,place:방주,171,기록 2 · 이름 35줄,기록 5 · 이름 51줄,,,흔한 대상
keyword,auto,1,fl:enter_heaven_12,113,side:pretty_star_00,98,fl:enter_heaven,side:pretty_star,442,447,,,,place:지상,132,이름 5줄,이름 15줄,,,흔한 대상
character,auto,2,fl:enter_heaven_14,57,d_main_45_01,47,fl:enter_heaven,ch45,442,450,,,,person:잉그리드,37,기록 8 · 말함 89줄(9%) · 이름 19줄,기록 5 · 말함 70줄(5%) · 이름 4줄,,,
keyword,auto,2,fl:enter_heaven_14,60,d_main_45_01,50,fl:enter_heaven,ch45,442,450,,,,org:엘리시온,17,기록 8 · 이름 23줄,기록 3 · 이름 13줄,,,
keyword,auto,2,fl:enter_heaven_03,63,d_main_45_03,54,fl:enter_heaven,ch45,442,450,,,,org:이그조틱,14,기록 3 · 이름 3줄,기록 2 · 이름 4줄,,,
keyword,auto,2,fl:enter_heaven_12,113,fl:ark_ranger_06,15,fl:enter_heaven,fl:ark_ranger,442,462,,,,incident:방주_테러,3,이름 7줄,기록 2 · 이름 6줄,,,
prereq,game-condition,3,ep:d_nikke_eh_01,,ep:d_nikke_eh_02,,char:113,char:113,443,443,,,,,,,,,,condition_scenario_group_id
prereq,game-condition,3,ep:d_nikke_eh_02,,ep:d_nikke_eh_03,,char:113,char:113,443,443,,,,,,,,,,condition_scenario_group_id
prereq,game-condition,3,ep:d_nikke_eh_03,,ep:d_nikke_eh_04,,char:113,char:113,443,443,,,,,,,,,,condition_scenario_group_id
prereq,game-condition,3,ep:d_nikke_eh_04,,ep:d_nikke_eh_05,,char:113,char:113,443,443,,,,,,,,,,condition_scenario_group_id
character,auto,2,ep:d_nikke_eh_05,107,d_main_45_10,1,char:113,ch45,443,450,,,,person:E.H.,10,기록 4 · 말함 167줄(61%) · 이름 27줄,기록 4 · 말함 32줄(3%) · 이름 1줄,,,
keyword,auto,2,ep:d_nikke_eh_05,71,d_main_45_03,54,char:113,ch45,443,450,,,,place:아우터_림,43,기록 1 · 이름 6줄,기록 7 · 이름 34줄,,,
setup_payoff,record,3,fl:2x2_love_1ch_01,,fl:2x2_love_1ch_15,,fl:2x2_love_1ch,fl:2x2_love_1ch,444,444,E1483,암시,F2514,,,,,확실,확정,
setup_payoff,record,3,fl:2x2_love_1ch_13,,fl:2x2_love_1ch_16,,fl:2x2_love_1ch,fl:2x2_love_1ch,444,444,E1492,암시,F2512,,,,,확실,확정,
setup_payoff,record,3,fl:2x2_love_1ch_19,,fl:2x2_love_1ch_39,,fl:2x2_love_1ch,fl:2x2_love_1ch,444,444,E1494,암시,F2520,,,,,확실,확정,
setup_payoff,record,2,fl:2x2_love_1ch_19,,fl:2x2_love_1ch_26,,fl:2x2_love_1ch,fl:2x2_love_1ch,444,444,E1495,암시,F2519,,,,,추정,확정,
setup_payoff,record,2,fl:2x2_love_1ch_28,,fl:2x2_love_1ch_39,,fl:2x2_love_1ch,fl:2x2_love_1ch,444,444,E1501,암시,F2520,,,,,추정,확정,
setup_payoff,record,3,fl:2x2_love_1ch_39,,fl:2x2_love_1ch_53,,fl:2x2_love_1ch,fl:2x2_love_1ch,444,444,E1503,암시,F2522,,,,,확실,확정,
setup_payoff,record,3,fl:2x2_love_1ch_21,,fl:2x2_love_1ch_24,,fl:2x2_love_1ch,fl:2x2_love_1ch,444,444,Q328-2,회수,Q328,,,,,확실,확정,전부 · 답 F2517
callback,record,3,fl:2x2_love_1ch_15,,fl:2x2_love_1ch_20,,fl:2x2_love_1ch,fl:2x2_love_1ch,444,444,E1496,재언급,F2514,,,,,확실,확정,
callback,record,3,fl:2x2_love_1ch_06,,fl:2x2_love_1ch_26,,fl:2x2_love_1ch,fl:2x2_love_1ch,444,444,E1499,재언급,F2513,,,,,확실,확정,
callback,record,3,fl:2x2_love_1ch_15,,fl:2x2_love_1ch_33,,fl:2x2_love_1ch,fl:2x2_love_1ch,444,444,E1502,재언급,F2514,,,,,확실,확정,
callback,record,3,fl:2x2_love_1ch_25,,fl:2x2_love_1ch_51,,fl:2x2_love_1ch,fl:2x2_love_1ch,444,444,E1506,재언급,Q329,,,,,확실,확정,
callback,record,3,fl:2x2_love_1ch_21,,fl:2x2_love_1ch_46,,fl:2x2_love_1ch,fl:2x2_love_1ch,444,444,F2515-2,드러냄,F2515,,,,,확실,확정,
callback,record,3,fl:2x2_love_1ch_24,,fl:2x2_love_1ch_49,,fl:2x2_love_1ch,fl:2x2_love_1ch,444,444,F2517-2,드러냄,F2517,,,,,확실,확정,
callback,record,3,fl:2x2_love_1ch_23,,fl:2x2_love_1ch_49,,fl:2x2_love_1ch,fl:2x2_love_1ch,444,444,F2518-2,드러냄,F2518,,,,,확실,확정,
sequel,manual,3,fl:2x2_love_1ch_53,,fl:2x2_love_2ch_00,,fl:2x2_love_1ch,fl:2x2_love_2ch,444,445,Y54,,,,,,,확실,확정,"같은 제목의 1부 → 2부로, 2부는 1부의 축제 공지와 갈래에서 곧바로 축제 준비 · 엔딩까지 마저 끝낸다."
setup_payoff,record,2,fl:2x2_love_1ch_11,,fl:2x2_love_2ch_47,,fl:2x2_love_1ch,fl:2x2_love_2ch,444,445,E1491,암시,F2534,,,,,추정,확정,
setup_payoff,record,2,fl:2x2_love_1ch_13,,fl:2x2_love_2ch_03,,fl:2x2_love_1ch,fl:2x2_love_2ch,444,445,E1493,암시,F2525,,,,,추정,확정,
setup_payoff,record,2,fl:2x2_love_1ch_25,,fl:2x2_love_2ch_01,,fl:2x2_love_1ch,fl:2x2_love_2ch,444,445,Q329-2,회수,Q329,,,,,추정,확정,일부 · 답 F2524
setup_payoff,record,3,fl:2x2_love_1ch_25,,fl:2x2_love_2ch_47,,fl:2x2_love_1ch,fl:2x2_love_2ch,444,445,Q329-3,회수,Q329,,,,,확실,확정,전부 · 답 F2534
callback,record,3,fl:2x2_love_1ch_21,,fl:2x2_love_2ch_43,,fl:2x2_love_1ch,fl:2x2_love_2ch,444,445,E1517,재언급,F2515,,,,,확실,확정,
callback,record,3,fl:2x2_love_1ch_47,,fl:2x2_love_2ch_07,,fl:2x2_love_1ch,fl:2x2_love_2ch,444,445,F2523-2,드러냄,F2523,,,,,확실,확정,
character,auto,2,fl:2x2_love_1ch_53,217,fl:2x2_love_2ch_00,97,fl:2x2_love_1ch,fl:2x2_love_2ch,444,445,,,,person:아르카나,8,기록 36 · 말함 2024줄(45%) · 이름 625줄,기록 17 · 말함 1459줄(39%) · 이름 369줄,,,
character,auto,2,fl:2x2_love_1ch_52,24,fl:2x2_love_2ch_00,98,fl:2x2_love_1ch,fl:2x2_love_2ch,444,445,,,,person:에이미,2,기록 13 · 말함 291줄(6%) · 이름 146줄,기록 7 · 말함 302줄(8%) · 이름 87줄,,,
character,auto,2,fl:2x2_love_1ch_52,38,fl:2x2_love_2ch_00,35,fl:2x2_love_1ch,fl:2x2_love_2ch,444,445,,,,person:프리바티,11,기록 16 · 말함 1686줄(37%) · 이름 380줄,기록 15 · 말함 935줄(25%) · 이름 238줄,,,
keyword,auto,1,fl:2x2_love_1ch_49,36,fl:2x2_love_2ch_05,58,fl:2x2_love_1ch,fl:2x2_love_2ch,444,445,,,,concept:니케,186,이름 19줄,이름 13줄,,,흔한 대상
keyword,auto,2,fl:2x2_love_1ch_53,23,fl:2x2_love_2ch_00,19,fl:2x2_love_1ch,fl:2x2_love_2ch,444,445,,,,place:미미르_부속_고등학교,12,기록 8 · 이름 37줄,기록 7 · 이름 31줄,,,
keyword,auto,2,fl:2x2_love_1ch_40,150,d_main_46_af_02,124,fl:2x2_love_1ch,ch46,444,452,,,,place:금서고,4,기록 3 · 이름 8줄,기록 3 · 이름 13줄,,,
setup_payoff,record,2,fl:2x2_love_2ch_18,,fl:2x2_love_2ch_01,,fl:2x2_love_2ch,fl:2x2_love_2ch,445,445,Q330-2,회수,Q330,,,,,추정,확정,일부 · 답 F2524
callback,record,3,fl:2x2_love_2ch_03,,fl:2x2_love_2ch_15,,fl:2x2_love_2ch,fl:2x2_love_2ch,445,445,E1512,재언급,F2525,,,,,확실,확정,
callback,record,3,fl:2x2_love_2ch_18,,fl:2x2_love_2ch_50,,fl:2x2_love_2ch,fl:2x2_love_2ch,445,445,F2528-2,드러냄,F2528,,,,,확실,확정,
callback,record,3,fl:2x2_love_2ch_22,,fl:2x2_love_2ch_56,,fl:2x2_love_2ch,fl:2x2_love_2ch,445,445,F2530-2,드러냄,F2530,,,,,확실,확정,
character,auto,2,fl:2x2_love_2ch_62,59,ep:d_nikke_arcana_fortunemate_01,1,fl:2x2_love_2ch,char:583,445,446,,,,person:아르카나,8,기록 17 · 말함 1459줄(39%) · 이름 369줄,기록 4 · 말함 259줄(100%) · 이름 57줄,,,
keyword,auto,1,fl:2x2_love_2ch_61,58,side:pretty_star_00,48,fl:2x2_love_2ch,side:pretty_star,445,447,,,,concept:니케,186,이름 13줄,기록 7 · 이름 139줄,,,흔한 대상
character,auto,2,fl:2x2_love_2ch_20,4,ep:d_nikke_snowcrane_01,17,fl:2x2_love_2ch,char:620,445,449,,,,person:크러스트,6,기록 2 · 이름 9줄,기록 1 · 말함 44줄(16%) · 이름 11줄,,,
keyword,auto,2,fl:2x2_love_2ch_51,14,d_main_45_01,63,fl:2x2_love_2ch,ch45,445,450,,,,org:미실리스,32,기록 5 · 이름 14줄,기록 2 · 이름 10줄,,,
character,auto,2,fl:2x2_love_2ch_36,107,fl:ark_ranger_22,30,fl:2x2_love_2ch,fl:ark_ranger,445,462,,,,person:소라,4,기록 2 · 말함 38줄(1%) · 이름 6줄,기록 3 · 말함 28줄(1%) · 이름 1줄,,,
character,auto,2,fl:2x2_love_2ch_55,29,fl:wave_to_you_00,2,fl:2x2_love_2ch,fl:wave_to_you,445,464,,,,person:에테르,12,기록 4 · 말함 94줄(3%) · 이름 17줄,기록 4 · 말함 32줄(1%),,,
keyword,auto,2,fl:2x2_love_2ch_60,47,fl:wave_to_you_00,0,fl:2x2_love_2ch,fl:wave_to_you,445,464,,,,place:미미르_부속_고등학교,12,기록 7 · 이름 31줄,기록 5 · 이름 12줄,,,
prereq,game-condition,3,ep:d_nikke_arcana_fortunemate_01,,ep:d_nikke_arcana_fortunemate_02,,char:583,char:583,446,446,,,,,,,,,,condition_scenario_group_id
prereq,game-condition,3,ep:d_nikke_arcana_fortunemate_02,,ep:d_nikke_arcana_fortunemate_03,,char:583,char:583,446,446,,,,,,,,,,condition_scenario_group_id
prereq,game-condition,3,ep:d_nikke_arcana_fortunemate_03,,ep:d_nikke_arcana_fortunemate_04,,char:583,char:583,446,446,,,,,,,,,,condition_scenario_group_id
prereq,game-condition,3,ep:d_nikke_arcana_fortunemate_04,,ep:d_nikke_arcana_fortunemate_05,,char:583,char:583,446,446,,,,,,,,,,condition_scenario_group_id
character,auto,2,ep:d_nikke_arcana_fortunemate_05,130,d_main_45_06,1,char:583,ch45,446,450,,,,person:아르카나,8,기록 4 · 말함 259줄(100%) · 이름 57줄,기록 2 · 말함 42줄(3%) · 이름 8줄,,,
setup_payoff,record,3,side:pretty_star_00,,side:pretty_star_08,,side:pretty_star,side:pretty_star,447,447,E1048,암시,F2550,,,,,확실,확정,
setup_payoff,record,3,side:pretty_star_03,,side:pretty_star_05,,side:pretty_star,side:pretty_star,447,447,E1053,암시,F2548,,,,,확실,확정,
setup_payoff,record,3,side:pretty_star_04,,side:pretty_star_05,,side:pretty_star,side:pretty_star,447,447,E1055,암시,F2547,,,,,확실,확정,
setup_payoff,record,3,side:pretty_star_10,,side:pretty_star_13,,side:pretty_star,side:pretty_star,447,447,E1059,암시,F2554,,,,,확실,확정,
callback,record,3,side:pretty_star_00,,fl:good_world_06,,side:pretty_star,fl:good_world,447,448,E1071,재언급,F2540,,,,,확실,확정,
callback,record,3,side:pretty_star_05,,fl:good_world_06,,side:pretty_star,fl:good_world,447,448,E1071,재언급,F2547,,,,,확실,확정,
character,auto,2,side:pretty_star_14,29,fl:good_world_05,59,side:pretty_star,fl:good_world,447,448,,,,person:프리티,8,기록 32 · 이름 71줄,기록 2 · 이름 1줄,,,
keyword,auto,1,side:pretty_star_13,288,fl:good_world_06,91,side:pretty_star,fl:good_world,447,448,,,,concept:니케,186,기록 7 · 이름 139줄,기록 1 · 이름 9줄,,,흔한 대상
keyword,auto,1,side:pretty_star_14,65,fl:good_world_00,3,side:pretty_star,fl:good_world,447,448,,,,org:중앙_정부,67,기록 14 · 이름 68줄,기록 1 · 이름 11줄,,,흔한 대상
keyword,auto,1,side:pretty_star_14,86,fl:good_world_00,0,side:pretty_star,fl:good_world,447,448,,,,place:방주,171,기록 5 · 이름 51줄,기록 5 · 이름 54줄,,,흔한 대상
keyword,auto,1,side:pretty_star_10,167,fl:good_world_00,1,side:pretty_star,fl:good_world,447,448,,,,place:지상,132,이름 15줄,이름 13줄,,,흔한 대상
setup_payoff,record,3,side:pretty_star_01,,d_main_45_09,,side:pretty_star,ch45,447,450,E1051,암시,F2599,,,,,확실,확정,
callback,record,3,side:pretty_star_01,,d_main_45_09,,side:pretty_star,ch45,447,450,F2543-2,드러냄,F2543,,,,,확실,확정,
character,auto,2,side:pretty_star_13,254,d_main_45_01,160,side:pretty_star,ch45,447,450,,,,person:머스탱,27,기록 15 · 말함 353줄(19%) · 이름 26줄,기록 5 · 말함 58줄(5%) · 이름 5줄,,,
character,auto,2,side:pretty_star_14,115,d_main_45_03,7,side:pretty_star,ch45,447,450,,,,person:버닝엄,14,기록 3 · 말함 5줄(0%) · 이름 2줄,기록 5 · 말함 38줄(3%),,,
character,auto,1,side:pretty_star_14,33,d_main_45_01,54,side:pretty_star,ch45,447,450,,,,person:아니스,119,기록 11 · 말함 225줄(12%) · 이름 101줄,기록 16 · 말함 144줄(11%) · 이름 63줄,,,흔한 대상
character,auto,2,side:pretty_star_13,168,d_main_45_03,12,side:pretty_star,ch45,447,450,,,,person:에닉,22,기록 2 · 이름 2줄,기록 20 · 말함 217줄(17%) · 이름 33줄,,,
setup_payoff,record,3,side:pretty_star_14,,d_main_46_af_06,,side:pretty_star,ch46,447,452,E1066,암시,F2651,,,,,확실,확정,
character,auto,2,side:pretty_star_13,111,d_main_46_05,27,side:pretty_star,ch46,447,452,,,,person:릴리바이스,14,기록 2 · 이름 6줄,기록 3 · 이름 2줄,,,
character,auto,2,side:pretty_star_14,117,d_main_46_af_02,161,side:pretty_star,ch46,447,452,,,,person:오스왈드,7,기록 22 · 말함 310줄(17%) · 이름 71줄,기록 7 · 이름 5줄,,,
keyword,auto,2,side:pretty_star_13,182,d_main_46_06,12,side:pretty_star,ch46,447,452,,,,concept:양산형_니케,26,이름 9줄,이름 44줄,,,
keyword,auto,2,side:pretty_star_03,30,d_main_46_af_02,11,side:pretty_star,ch46,447,452,,,,concept:지상_탈환,9,기록 2 · 이름 6줄,이름 18줄,,,
keyword,auto,2,side:pretty_star_14,121,d_main_46_04,45,side:pretty_star,ch46,447,452,,,,org:갓데스,30,기록 10 · 이름 18줄,기록 9 · 이름 28줄,,,
sequel,manual,2,side:pretty_star_14,,event_staranis1_prologue,,side:pretty_star,event_staranis1,447,454,Y55,,,,,,,확실,확정,"pretty_star는 프리티의 죽음과 아니스가 니케 아이돌이 되기까지의 전사이고, staranis1은 그 뒤 한슨 사무실의 T.T.STAR에서 시작한다(사이드 스토리 → 이벤트)."
setup_payoff,record,2,side:pretty_star_01,,event_staranis2_05_s,,side:pretty_star,event_staranis1,447,454,E1049,암시,F2701,,,,,추정,확정,
setup_payoff,record,3,side:pretty_star_01,,event_staranis2_03_s,,side:pretty_star,event_staranis1,447,454,E1050,암시,F2694,,,,,확실,확정,
setup_payoff,record,2,side:pretty_star_02,,event_staranis2_05_e,,side:pretty_star,event_staranis1,447,454,E1052,암시,F2705,,,,,추정,확정,
setup_payoff,record,2,side:pretty_star_04,,event_staranis1_03_s,,side:pretty_star,event_staranis1,447,454,E1054,암시,F2674,,,,,추정,확정,
setup_payoff,record,2,side:pretty_star_09,,event_staranis2_04_e,,side:pretty_star,event_staranis1,447,454,E1058,암시,F2700,,,,,추정,확정,
setup_payoff,record,3,side:pretty_star_12,,event_staranis1_04_s,,side:pretty_star,event_staranis1,447,454,E1062,암시,F2679,,,,,확실,확정,
setup_payoff,record,2,side:pretty_star_13,,event_staranis1_03_s,,side:pretty_star,event_staranis1,447,454,Q331-2,회수,Q331,,,,,추정,확정,전부 · 답 F2675
callback,record,3,side:pretty_star_13,,event_staranis1_01_e,,side:pretty_star,event_staranis1,447,454,E1119,재언급,F2556,,,,,확실,확정,
callback,record,3,side:pretty_star_13,,event_staranis1_03_s,,side:pretty_star,event_staranis1,447,454,E1120,재언급,F2557,,,,,확실,확정,
callback,record,3,side:pretty_star_02,,event_staranis1_03_e,,side:pretty_star,event_staranis1,447,454,E1124,재언급,F2546,,,,,확실,확정,
callback,record,2,side:pretty_star_05,,event_staranis1_05_e,,side:pretty_star,event_staranis1,447,454,E1130,재언급,F2547,,,,,추정,확정,
callback,record,2,side:pretty_star_02,,event_staranis1_05_e,,side:pretty_star,event_staranis1,447,454,E1131,재언급,F2546,,,,,추정,확정,
callback,record,3,side:pretty_star_13,,event_staranis1_05_e,,side:pretty_star,event_staranis1,447,454,E1133,재언급,F2556,,,,,확실,확정,
callback,record,3,side:pretty_star_05,,event_staranis1_06_s,,side:pretty_star,event_staranis1,447,454,E1136,재언급,F2547,,,,,확실,확정,
callback,record,3,side:pretty_star_13,,event_staranis2_01_e,,side:pretty_star,event_staranis1,447,454,E1142,재언급,F1748-2,,,,,확실,확정,
callback,record,3,side:pretty_star_02,,event_staranis2_04_e,,side:pretty_star,event_staranis1,447,454,E1160,재언급,F2546,,,,,확실,확정,
callback,record,2,side:pretty_star_13,,event_staranis2_06_s,,side:pretty_star,event_staranis1,447,454,E1165,재언급,F2556,,,,,추정,확정,
character,auto,2,side:pretty_star_13,231,event_staranis1_prologue,37,side:pretty_star,event_staranis1,447,454,,,,person:미세스_미스,5,기록 12 · 말함 154줄(8%) · 이름 9줄,기록 5 · 말함 60줄(2%) · 이름 4줄,,,
character,auto,2,side:pretty_star_14,6,event_staranis1_prologue,38,side:pretty_star,event_staranis1,447,454,,,,person:한슨,2,기록 12 · 말함 220줄(12%) · 이름 50줄,기록 48 · 말함 514줄(16%) · 이름 89줄,,,
keyword,auto,2,side:pretty_star_08,68,event_staranis1_02_e,60,side:pretty_star,event_staranis1,447,454,,,,org:3대_기업,6,이름 5줄,이름 5줄,,,
keyword,auto,2,side:pretty_star_13,288,event_staranis1_01_s,107,side:pretty_star,event_staranis1,447,454,,,,org:테트라,13,기록 13 · 이름 23줄,기록 17 · 이름 113줄,,,
character,auto,2,side:pretty_star_14,94,d_main_48_06_e,213,side:pretty_star,ch48,447,472,,,,person:레드_후드,26,기록 2 · 이름 5줄,기록 2 · 이름 1줄,,,
setup_payoff,record,3,fl:good_world_03,,fl:good_world_04,,fl:good_world,fl:good_world,448,448,E1068,암시,F2566,,,,,확실,확정,
setup_payoff,record,3,fl:good_world_06,,fl:good_world_12,,fl:good_world,fl:good_world,448,448,E1070,암시,F2568,,,,,확실,확정,
setup_payoff,record,3,fl:good_world_07,,fl:good_world_13,,fl:good_world,fl:good_world,448,448,E1072,암시,F2569,,,,,확실,확정,
character,auto,2,fl:good_world_14,55,ep:d_nikke_snowcrane_01,3,fl:good_world,char:620,448,449,,,,person:백학,2,기록 18 · 말함 791줄(87%) · 이름 76줄,기록 2 · 말함 226줄(84%) · 이름 35줄,,,
keyword,auto,1,fl:good_world_13,74,d_main_45_01,43,fl:good_world,ch45,448,450,,,,concept:니케,186,기록 1 · 이름 9줄,이름 28줄,,,흔한 대상
keyword,auto,1,fl:good_world_12,11,d_main_45_01,7,fl:good_world,ch45,448,450,,,,concept:랩쳐,142,이름 5줄,이름 9줄,,,흔한 대상
keyword,auto,1,fl:good_world_12,8,d_main_45_03,0,fl:good_world,ch45,448,450,,,,org:중앙_정부,67,기록 1 · 이름 11줄,기록 2 · 이름 14줄,,,흔한 대상
keyword,auto,2,fl:good_world_00,12,d_main_45_03,43,fl:good_world,ch45,448,450,,,,org:카운터스,32,기록 2 · 이름 3줄,이름 6줄,,,
keyword,auto,1,fl:good_world_14,26,d_main_45_01,23,fl:good_world,ch45,448,450,,,,place:방주,171,기록 5 · 이름 54줄,기록 10 · 이름 161줄,,,흔한 대상
keyword,auto,1,fl:good_world_14,40,d_main_45_04,66,fl:good_world,ch45,448,450,,,,place:지상,132,이름 13줄,이름 10줄,,,흔한 대상
callback,record,2,fl:good_world_12,,relic:신에게닿기위한탑_01,,fl:good_world,relic:신에게닿기위한탑,448,451,E1094,재언급,F2567,,,,,추정,확정,
keyword,auto,2,fl:good_world_14,32,relic:신에게닿기위한탑_00,0,fl:good_world,relic:신에게닿기위한탑,448,451,,,,org:V.T.C.,10,기록 4 · 이름 6줄,기록 3 · 이름 5줄,,,
setup_payoff,record,2,fl:good_world_13,,d_main_46_af_08,,fl:good_world,ch46,448,452,E1077,암시,F2660,,,,,추정,확정,
character,auto,2,fl:good_world_06,96,event_staranis1_01_s,11,fl:good_world,event_staranis1,448,454,,,,person:프리티,8,기록 2 · 이름 1줄,기록 11 · 이름 42줄,,,
keyword,auto,2,fl:good_world_12,51,fl:project_matis_05,71,fl:good_world,fl:project_matis,448,467,,,,item:이터널_라이프,4,기록 4 · 이름 6줄,기록 4 · 이름 5줄,,,
keyword,auto,2,fl:good_world_12,37,fl:project_matis_08,3,fl:good_world,fl:project_matis,448,467,,,,org:M.M.R.,12,기록 2 · 이름 2줄,기록 3 · 이름 9줄,,,
prereq,game-condition,3,ep:d_nikke_snowcrane_01,,ep:d_nikke_snowcrane_02,,char:620,char:620,449,449,,,,,,,,,,condition_scenario_group_id
prereq,game-condition,3,ep:d_nikke_snowcrane_02,,ep:d_nikke_snowcrane_03,,char:620,char:620,449,449,,,,,,,,,,condition_scenario_group_id
prereq,game-condition,3,ep:d_nikke_snowcrane_03,,ep:d_nikke_snowcrane_04,,char:620,char:620,449,449,,,,,,,,,,condition_scenario_group_id
prereq,game-condition,3,ep:d_nikke_snowcrane_04,,ep:d_nikke_snowcrane_05,,char:620,char:620,449,449,,,,,,,,,,condition_scenario_group_id
setup_payoff,record,3,d_main_45_01,,d_main_45_08,,ch45,ch45,450,450,E1079,암시,F2593,,,,,확실,확정,
setup_payoff,record,3,d_main_45_02,,d_main_45_09,,ch45,ch45,450,450,E1080,암시,F2600,,,,,확실,확정,
keyword,auto,2,d_main_45_11,13,relic:신에게닿기위한탑_00,0,ch45,relic:신에게닿기위한탑,450,451,,,,org:미실리스,32,기록 2 · 이름 10줄,기록 2 · 이름 1줄,,,
sequel,auto,3,d_main_45_11,,d_main_46_01,,ch45,ch46,450,452,,,,,,,,,,다음 챕터
setup_payoff,record,2,d_main_45_04,,d_main_46_af_08,,ch45,ch46,450,452,E1084,암시,F2657,,,,,추정,확정,
setup_payoff,record,3,d_main_45_09,,d_main_46_af_04,,ch45,ch46,450,452,E1088,암시,F2643,,,,,확실,확정,
setup_payoff,record,3,d_main_45_01,,d_main_46_03,,ch45,ch46,450,452,Q335-2,회수,Q335,,,,,확실,확정,전부 · 답 F2615
setup_payoff,record,3,d_main_45_01,,d_main_46_08,,ch45,ch46,450,452,Q336-2,회수,Q336,,,,,확실,확정,전부 · 답 F2624
setup_payoff,record,3,d_main_45_11,,d_main_46_af_08,,ch45,ch46,450,452,Q340-2,회수,Q340,,,,,확실,확정,일부 · 답 F2657
callback,record,3,d_main_45_06,,d_main_46_af_02,,ch45,ch46,450,452,E1111,재언급,F2609,,,,,확실,확정,
character,auto,2,d_main_45_11,173,d_main_46_af_02,0,ch45,ch46,450,452,,,,person:도로시,31,기록 9 · 말함 87줄(7%) · 이름 36줄,기록 23 · 말함 210줄(11%) · 이름 162줄,,,
character,auto,2,d_main_45_11,173,d_main_46_af_02,0,ch45,ch46,450,452,,,,person:도반,8,기록 2 · 이름 2줄,기록 15 · 말함 79줄(4%) · 이름 68줄,,,
character,auto,1,d_main_45_09,129,d_main_46_af_03,22,ch45,ch46,450,452,,,,person:라피,85,기록 6 · 말함 71줄(6%) · 이름 25줄,기록 3 · 말함 48줄(3%) · 이름 15줄,,,흔한 대상
character,auto,2,d_main_45_11,66,d_main_46_af_08,1,ch45,ch46,450,452,,,,person:머스탱,27,기록 5 · 말함 58줄(5%) · 이름 5줄,기록 2 · 말함 21줄(1%) · 이름 1줄,,,
character,auto,2,d_main_45_11,175,d_main_46_af_02,188,ch45,ch46,450,452,,,,person:버닝엄,14,기록 5 · 말함 38줄(3%),기록 12 · 말함 139줄(7%) · 이름 23줄,,,
character,auto,2,d_main_45_09,100,d_main_46_01,0,ch45,ch46,450,452,,,,person:스노우_화이트,26,기록 3 · 말함 10줄(1%) · 이름 2줄,기록 8 · 말함 153줄(8%) · 이름 40줄,,,
character,auto,1,d_main_45_09,177,d_main_46_af_03,138,ch45,ch46,450,452,,,,person:아니스,119,기록 16 · 말함 144줄(11%) · 이름 63줄,기록 2 · 말함 42줄(2%) · 이름 18줄,,,흔한 대상
character,auto,2,d_main_45_06,104,d_main_46_af_02,124,ch45,ch46,450,452,,,,person:아이리,5,기록 2 · 말함 39줄(3%) · 이름 14줄,기록 3 · 말함 28줄(1%) · 이름 4줄,,,
character,auto,2,d_main_45_11,173,d_main_46_af_05,14,ch45,ch46,450,452,,,,person:에닉,22,기록 20 · 말함 217줄(17%) · 이름 33줄,기록 4 · 말함 23줄(1%) · 이름 4줄,,,
character,auto,2,d_main_45_03,14,d_main_46_01,8,ch45,ch46,450,452,,,,person:요한,13,기록 3 · 말함 12줄(1%),기록 4 · 말함 103줄(5%) · 이름 27줄,,,
character,auto,2,d_main_45_11,117,d_main_46_af_08,1,ch45,ch46,450,452,,,,person:잉그리드,37,기록 5 · 말함 70줄(5%) · 이름 4줄,기록 4 · 말함 45줄(2%),,,
character,auto,2,d_main_45_09,106,d_main_46_06,10,ch45,ch46,450,452,,,,person:홍련,18,기록 2 · 이름 1줄,기록 4 · 이름 9줄,,,
keyword,auto,1,d_main_45_11,156,d_main_46_05,30,ch45,ch46,450,452,,,,concept:니케,186,이름 28줄,이름 67줄,,,흔한 대상
keyword,auto,1,d_main_45_11,146,d_main_46_01,6,ch45,ch46,450,452,,,,concept:랩쳐,142,이름 9줄,기록 2 · 이름 54줄,,,흔한 대상
keyword,auto,2,d_main_45_11,106,d_main_46_06,90,ch45,ch46,450,452,,,,item:초거대_코어,3,기록 5 · 이름 4줄,기록 2 · 이름 1줄,,,
keyword,auto,1,d_main_45_11,153,d_main_46_af_02,72,ch45,ch46,450,452,,,,org:중앙_정부,67,기록 2 · 이름 14줄,기록 2 · 이름 32줄,,,흔한 대상
keyword,auto,2,d_main_45_07,3,d_main_46_af_03,34,ch45,ch46,450,452,,,,org:카운터스,32,이름 6줄,기록 1 · 이름 5줄,,,
keyword,auto,1,d_main_45_11,166,d_main_46_06,90,ch45,ch46,450,452,,,,place:방주,171,기록 10 · 이름 161줄,기록 8 · 이름 135줄,,,흔한 대상
keyword,auto,2,d_main_45_10,99,d_main_46_af_02,69,ch45,ch46,450,452,,,,place:아우터_림,43,기록 7 · 이름 34줄,기록 4 · 이름 19줄,,,
keyword,auto,1,d_main_45_11,159,d_main_46_03,13,ch45,ch46,450,452,,,,place:지상,132,이름 10줄,이름 35줄,,,흔한 대상
keyword,auto,2,d_main_45_11,12,event_staranis1_06_s,54,ch45,event_staranis1,450,454,,,,org:엘리시온,17,기록 3 · 이름 13줄,기록 6 · 이름 16줄,,,
character,auto,1,d_main_45_09,131,ep:d_nikke_neon_visioneye_01,5,ch45,char:18,450,457,,,,person:네온,55,기록 9 · 말함 93줄(7%) · 이름 32줄,기록 8 · 말함 286줄(100%) · 이름 28줄,,,흔한 대상
callback,record,3,d_main_45_03,,fl:ark_ranger_13,,ch45,fl:ark_ranger,450,462,E1173,재언급,F2576,,,,,확실,확정,
callback,record,3,d_main_45_11,,fl:ark_ranger_17,,ch45,fl:ark_ranger,450,462,E1178,재언급,F2606,,,,,확실,확정,
callback,record,3,d_main_45_08,,fl:ark_ranger_25,,ch45,fl:ark_ranger,450,462,E1181,재언급,F2593,,,,,확실,확정,
character,auto,2,d_main_45_11,94,fl:ark_ranger_20,177,ch45,fl:ark_ranger,450,462,,,,person:트로니,11,기록 4 · 말함 39줄(3%) · 이름 7줄,기록 2 · 말함 60줄(3%) · 이름 5줄,,,
character,auto,2,d_main_45_09,106,d_main_47_03,177,ch45,ch47,450,470,,,,person:라푼젤,18,기록 2 · 이름 1줄,기록 2 · 이름 4줄,,,
keyword,auto,2,relic:신에게닿기위한탑_03,3,d_main_46_af_06,51,relic:신에게닿기위한탑,ch46,451,452,,,,org:V.T.C.,10,기록 3 · 이름 5줄,기록 3 · 이름 5줄,,,
keyword,auto,2,relic:신에게닿기위한탑_01,2,d_main_46_af_08,81,relic:신에게닿기위한탑,ch46,451,452,,,,org:미실리스,32,기록 2 · 이름 1줄,기록 2 · 이름 3줄,,,
keyword,auto,2,relic:신에게닿기위한탑_03,1,d_main_46_01,50,relic:신에게닿기위한탑,ch46,451,452,,,,place:궤도_엘리베이터,11,기록 3 · 이름 2줄,기록 6 · 이름 14줄,,,
callback,record,2,relic:신에게닿기위한탑_00,,relic:궤도엘리베이터음모론_01,,relic:신에게닿기위한탑,relic:궤도엘리베이터음모론,451,453,F2610-2,드러냄,F2610,,,,,추정,확정,
setup_payoff,record,3,d_main_46_08,,d_main_46_af_01,,ch46,ch46,452,452,E1103,암시,F2634,,,,,확실,확정,
setup_payoff,record,2,d_main_46_10,,d_main_46_11,,ch46,ch46,452,452,E1106,암시,F2633,,,,,추정,확정,
setup_payoff,record,2,d_main_46_10,,d_main_46_af_03,,ch46,ch46,452,452,E1107,암시,F2642,,,,,추정,확정,
setup_payoff,record,2,d_main_46_af_02,,d_main_46_af_06,,ch46,ch46,452,452,E1112,암시,F2648,,,,,추정,확정,
callback,record,2,d_main_46_05,,relic:궤도엘리베이터음모론_00,,ch46,relic:궤도엘리베이터음모론,452,453,E1118,재언급,F2615,,,,,추정,확정,
keyword,auto,1,d_main_46_af_08,66,relic:궤도엘리베이터음모론_00,1,ch46,relic:궤도엘리베이터음모론,452,453,,,,concept:랩쳐,142,기록 2 · 이름 54줄,기록 2 · 이름 5줄,,,흔한 대상
keyword,auto,2,d_main_46_af_07,94,relic:궤도엘리베이터음모론_01,1,ch46,relic:궤도엘리베이터음모론,452,453,,,,org:V.T.C.,10,기록 3 · 이름 5줄,기록 4 · 이름 2줄,,,
keyword,auto,2,d_main_46_af_10,13,relic:궤도엘리베이터음모론_01,1,ch46,relic:궤도엘리베이터음모론,452,453,,,,org:미실리스,32,기록 2 · 이름 3줄,기록 3 · 이름 3줄,,,
keyword,auto,2,d_main_46_06,98,relic:궤도엘리베이터음모론_00,1,ch46,relic:궤도엘리베이터음모론,452,453,,,,place:궤도_엘리베이터,11,기록 6 · 이름 14줄,기록 7 · 이름 9줄,,,
character,auto,2,d_main_46_af_08,129,event_staranis1_prologue,1,ch46,event_staranis1,452,454,,,,person:머스탱,27,기록 2 · 말함 21줄(1%) · 이름 1줄,기록 35 · 말함 569줄(17%) · 이름 72줄,,,
character,auto,1,d_main_46_af_10,61,event_staranis1_prologue,1,ch46,event_staranis1,452,454,,,,person:아니스,119,기록 2 · 말함 42줄(2%) · 이름 18줄,기록 57 · 말함 908줄(27%) · 이름 226줄,,,흔한 대상
character,auto,2,d_main_46_af_08,99,event_staranis2_03_s,8,ch46,event_staranis1,452,454,,,,person:에닉,22,기록 4 · 말함 23줄(1%) · 이름 4줄,기록 3 · 말함 22줄(1%) · 이름 5줄,,,
keyword,auto,1,d_main_46_af_10,52,event_staranis1_01_s,107,ch46,event_staranis1,452,454,,,,concept:니케,186,이름 67줄,기록 2 · 이름 43줄,,,흔한 대상
keyword,auto,2,d_main_46_af_10,12,event_staranis1_prologue,1,ch46,event_staranis1,452,454,,,,org:T.T.STAR,8,기록 2,기록 21 · 이름 1줄,,,
keyword,auto,1,d_main_46_af_10,31,event_staranis1_01_s,55,ch46,event_staranis1,452,454,,,,org:중앙_정부,67,기록 2 · 이름 32줄,기록 4 · 이름 14줄,,,흔한 대상
keyword,auto,1,d_main_46_af_10,35,event_staranis1_prologue,77,ch46,event_staranis1,452,454,,,,place:방주,171,기록 8 · 이름 135줄,기록 8 · 이름 43줄,,,흔한 대상
keyword,auto,1,d_main_46_af_10,36,event_staranis1_01_s,7,ch46,event_staranis1,452,454,,,,place:지상,132,이름 35줄,이름 10줄,,,흔한 대상
character,auto,1,d_main_46_af_10,60,ep:d_nikke_avistar_01,34,ch46,char:441,452,456,,,,person:라피,85,기록 3 · 말함 48줄(3%) · 이름 15줄,말함 27줄(11%) · 이름 8줄,,,흔한 대상
keyword,auto,2,d_main_46_af_02,118,ep:d_nikke_neon_visioneye_01,14,ch46,char:18,452,457,,,,place:아우터_림,43,기록 4 · 이름 19줄,기록 2 · 이름 12줄,,,
character,auto,2,d_main_46_af_09,60,fl:ark_ranger_13,141,ch46,fl:ark_ranger,452,462,,,,person:잉그리드,37,기록 4 · 말함 45줄(2%),기록 5 · 말함 84줄(4%) · 이름 7줄,,,
character,auto,2,d_main_46_af_08,65,fl:ark_ranger_16,3,ch46,fl:ark_ranger,452,462,,,,person:퀸,20,기록 17 · 이름 66줄,기록 5 · 이름 3줄,,,
keyword,auto,2,d_main_46_af_01,101,fl:ark_ranger_19,10,ch46,fl:ark_ranger,452,462,,,,concept:헬레틱,40,기록 4 · 이름 9줄,기록 1 · 이름 11줄,,,
keyword,auto,2,d_main_46_af_10,36,fl:ark_ranger_20,177,ch46,fl:ark_ranger,452,462,,,,incident:3차_지상_탈환전,5,기록 6 · 이름 24줄,기록 3 · 이름 2줄,,,
keyword,auto,2,d_main_46_af_10,48,fl:ark_ranger_11,18,ch46,fl:ark_ranger,452,462,,,,org:카운터스,32,기록 1 · 이름 5줄,기록 3 · 이름 9줄,,,
keyword,auto,2,d_main_46_11,150,fl:project_matis_06,16,ch46,fl:project_matis,452,467,,,,concept:NIMPH,24,기록 2 · 이름 8줄,기록 2 · 이름 2줄,,,
keyword,auto,2,d_main_46_af_10,36,fl:project_matis_00,9,ch46,fl:project_matis,452,467,,,,concept:지상_탈환,9,이름 18줄,이름 9줄,,,
sequel,auto,3,d_main_46_af_10,,d_main_47_01,,ch46,ch47,452,470,,,,,,,,,,다음 챕터
callback,record,3,d_main_46_af_06,,d_main_47_03,,ch46,ch47,452,470,E1208,재언급,F2651,,,,,확실,확정,
callback,record,3,d_main_46_05,,d_main_47_03,,ch46,ch47,452,470,E1209,재언급,F2617,,,,,확실,확정,
callback,record,3,d_main_46_af_08,,d_main_47_06,,ch46,ch47,452,470,E1223,재언급,F2657,,,,,확실,확정,
character,auto,2,d_main_46_af_09,37,d_main_47_03,0,ch46,ch47,452,470,,,,person:도로시,31,기록 23 · 말함 210줄(11%) · 이름 162줄,기록 7 · 말함 47줄(5%) · 이름 19줄,,,
character,auto,2,d_main_46_af_01,26,d_main_47_03,76,ch46,ch47,452,470,,,,person:레드_슈즈,9,기록 3 · 이름 2줄,기록 3 · 이름 4줄,,,
character,auto,2,d_main_46_af_01,174,d_main_47_01,12,ch46,ch47,452,470,,,,person:레비아탄,19,기록 4 · 말함 125줄(7%) · 이름 17줄,기록 3 · 말함 70줄(7%) · 이름 14줄,,,
character,auto,2,d_main_46_af_01,188,d_main_47_01,153,ch46,ch47,452,470,,,,person:마리안,20,기록 5 · 이름 6줄,기록 10 · 말함 22줄(2%) · 이름 20줄,,,
character,auto,2,d_main_46_af_01,21,d_main_47_03,73,ch46,ch47,452,470,,,,person:미러,7,기록 20 · 말함 201줄(11%) · 이름 30줄,기록 2 · 이름 6줄,,,
character,auto,2,d_main_46_af_08,103,d_main_47_07,20,ch46,ch47,452,470,,,,person:버닝엄,14,기록 12 · 말함 139줄(7%) · 이름 23줄,기록 4 · 말함 26줄(3%) · 이름 4줄,,,
character,auto,2,d_main_46_af_04,49,d_main_47_01,6,ch46,ch47,452,470,,,,person:스노우_화이트,26,기록 8 · 말함 153줄(8%) · 이름 40줄,기록 2 · 말함 52줄(5%) · 이름 4줄,,,
character,auto,2,d_main_46_af_08,124,d_main_47_06,14,ch46,ch47,452,470,,,,person:엔더슨,32,기록 9 · 말함 155줄(8%) · 이름 5줄,기록 6 · 말함 69줄(7%) · 이름 1줄,,,
character,auto,2,d_main_46_af_01,180,d_main_47_01,153,ch46,ch47,452,470,,,,person:온리_원,6,기록 9 · 말함 54줄(3%),기록 16 · 말함 64줄(7%),,,
character,auto,2,d_main_46_af_01,177,d_main_47_01,51,ch46,ch47,452,470,,,,person:요한,13,기록 4 · 말함 103줄(5%) · 이름 27줄,기록 6 · 말함 111줄(11%) · 이름 11줄,,,
character,auto,2,d_main_46_af_01,25,d_main_47_03,74,ch46,ch47,452,470,,,,person:장화,5,기록 12 · 말함 79줄(4%) · 이름 20줄,기록 4 · 이름 17줄,,,
character,auto,2,d_main_46_11,90,d_main_47_03,72,ch46,ch47,452,470,,,,person:홍련,18,기록 4 · 이름 9줄,기록 6 · 이름 17줄,,,
keyword,auto,2,d_main_46_11,61,d_main_47_01,37,ch46,ch47,452,470,,,,concept:다크_매터,18,기록 2 · 이름 7줄,기록 3 · 이름 15줄,,,
keyword,auto,2,d_main_46_af_05,42,d_main_47_03,70,ch46,ch47,452,470,,,,concept:침식,21,기록 5 · 이름 14줄,기록 1 · 이름 5줄,,,
keyword,auto,2,d_main_46_af_09,37,d_main_47_04,97,ch46,ch47,452,470,,,,org:갓데스,30,기록 9 · 이름 28줄,이름 6줄,,,
keyword,auto,2,d_main_46_af_01,99,d_main_47_01,101,ch46,ch47,452,470,,,,org:포비스트,20,기록 5 · 이름 8줄,기록 4 · 이름 8줄,,,
keyword,auto,2,d_main_46_af_10,51,d_main_47_01,79,ch46,ch47,452,470,,,,place:에덴,25,기록 7 · 이름 27줄,기록 5 · 이름 21줄,,,
setup_payoff,record,3,d_main_46_07,,d_main_48_06_e,,ch46,ch48,452,472,E1100,암시,F2840,,,,,확실,확정,
setup_payoff,record,3,d_main_46_07,,d_main_48_02,,ch46,ch48,452,472,E1101,암시,F2825,,,,,확실,확정,
setup_payoff,record,3,d_main_46_09,,d_main_48_05,,ch46,ch48,452,472,E1104,암시,F2834,,,,,확실,확정,
setup_payoff,record,2,d_main_46_11,,d_main_48_06_e,,ch46,ch48,452,472,E1110,암시,F2840,,,,,추정,확정,
setup_payoff,record,2,d_main_46_11,,d_main_48_07,,ch46,ch48,452,472,Q343-2,회수,Q343,,,,,추정,확정,일부 · 답 F2843
setup_payoff,record,3,d_main_46_af_01,,d_main_48_05,,ch46,ch48,452,472,Q344-2,회수,Q344,,,,,확실,확정,일부 · 답 F2836
callback,record,3,d_main_46_05,,d_main_48_06_e,,ch46,ch48,452,472,E1234,재언급,F2617,,,,,확실,확정,
callback,record,3,d_main_46_11,,d_main_48_06_e,,ch46,ch48,452,472,E1235,재언급,F2630,,,,,확실,확정,
callback,record,3,d_main_46_af_06,,d_main_48_07,,ch46,ch48,452,472,E1237,재언급,F2651,,,,,확실,확정,
character,auto,2,d_main_46_af_01,24,d_main_48_02,70,ch46,ch48,452,472,,,,person:리버렐리오,12,기록 4 · 이름 6줄,기록 3 · 이름 8줄,,,
character,auto,2,d_main_46_af_01,23,d_main_48_02,16,ch46,ch48,452,472,,,,person:에고비스타,2,기록 6 · 말함 27줄(1%) · 이름 13줄,기록 6 · 말함 40줄(4%) · 이름 19줄,,,
callback,record,2,d_main_46_11,,relic:불길한_소리.wav_01,,ch46,relic:불길한_소리.wav,452,473,E1245,재언급,F2632,,,,,추정,확정,
character,auto,2,d_main_46_af_01,12,relic:불길한_소리.wav_00,0,ch46,relic:불길한_소리.wav,452,473,,,,person:나유타,7,기록 17 · 말함 155줄(8%) · 이름 29줄,기록 4 · 이름 3줄,,,
keyword,auto,2,d_main_46_af_01,22,relic:불길한_소리.wav_00,0,ch46,relic:불길한_소리.wav,452,473,,,,concept:신생_랩쳐,2,기록 6 · 이름 6줄,기록 2,,,
character,auto,2,d_main_46_af_01,83,fl:great_villain_union_00,42,ch46,fl:great_villain_union,452,478,,,,person:지즈,9,기록 2 · 말함 34줄(2%) · 이름 10줄,기록 8 · 말함 202줄(17%) · 이름 36줄,,,
keyword,auto,2,relic:궤도엘리베이터음모론_03,6,event_staranis1_03_s,94,relic:궤도엘리베이터음모론,event_staranis1,453,454,,,,org:V.T.C.,10,기록 4 · 이름 2줄,기록 3 · 이름 7줄,,,
keyword,auto,2,relic:궤도엘리베이터음모론_03,6,event_staranis1_03_s,94,relic:궤도엘리베이터음모론,event_staranis1,453,454,,,,org:미실리스,32,기록 3 · 이름 3줄,기록 7 · 이름 15줄,,,
keyword,auto,1,relic:궤도엘리베이터음모론_02,8,fl:ark_ranger_00,10,relic:궤도엘리베이터음모론,fl:ark_ranger,453,462,,,,concept:랩쳐,142,기록 2 · 이름 5줄,이름 103줄,,,흔한 대상
keyword,auto,2,relic:궤도엘리베이터음모론_03,5,fl:ark_ranger_26,173,relic:궤도엘리베이터음모론,fl:ark_ranger,453,462,,,,place:궤도_엘리베이터,11,기록 7 · 이름 9줄,기록 2 · 이름 1줄,,,
setup_payoff,record,2,event_staranis1_03_s,,event_staranis1_06_s,,event_staranis1,event_staranis1,454,454,E1121,암시,F2684,,,,,추정,확정,
setup_payoff,record,2,event_staranis1_03_s,,event_staranis2_02_s,,event_staranis1,event_staranis1,454,454,E1122,암시,F2690,,,,,추정,확정,
setup_payoff,record,2,event_staranis1_03_s,,event_staranis2_03_e,,event_staranis1,event_staranis1,454,454,E1122,암시,F2695,,,,,추정,확정,
setup_payoff,record,2,event_staranis1_03_s,,event_staranis2_03_s,,event_staranis1,event_staranis1,454,454,E1123,암시,F2694,,,,,추정,확정,
setup_payoff,record,3,event_staranis1_intermission_01,,event_staranis1_06_e,,event_staranis1,event_staranis1,454,454,E1125,암시,F2685,,,,,확실,확정,
setup_payoff,record,2,event_staranis1_04_s,,event_staranis2_02_s,,event_staranis1,event_staranis1,454,454,E1126,암시,F2690,,,,,추정,확정,
setup_payoff,record,2,event_staranis1_04_e,,event_staranis1_05_s,,event_staranis1,event_staranis1,454,454,E1127,암시,F2680,,,,,추정,확정,
setup_payoff,record,2,event_staranis1_05_s,,event_staranis2_02_s,,event_staranis1,event_staranis1,454,454,E1128,암시,F2690,,,,,추정,확정,
setup_payoff,record,2,event_staranis1_05_s,,event_staranis2_intermission_01,,event_staranis1,event_staranis1,454,454,E1129,암시,F2697,,,,,추정,확정,
setup_payoff,record,2,event_staranis1_05_e,,event_staranis2_04_s,,event_staranis1,event_staranis1,454,454,E1132,암시,F2698,,,,,추정,확정,
setup_payoff,record,2,event_staranis1_05_e,,event_staranis1_06_s,,event_staranis1,event_staranis1,454,454,E1134,암시,F2684,,,,,추정,확정,
setup_payoff,record,2,event_staranis1_06_e,,event_staranis2_05_s,,event_staranis1,event_staranis1,454,454,E1137,암시,F2701,,,,,추정,확정,
setup_payoff,record,2,event_staranis1_06_s,,event_staranis2_05_s,,event_staranis1,event_staranis1,454,454,E1139,암시,F2699,,,,,추정,확정,
setup_payoff,record,2,event_staranis2_01_s,,event_staranis2_02_s,,event_staranis1,event_staranis1,454,454,E1140,암시,F2690,,,,,추정,확정,
setup_payoff,record,3,event_staranis2_01_s,,event_staranis2_02_e,,event_staranis1,event_staranis1,454,454,E1141,암시,F2692,,,,,확실,확정,
setup_payoff,record,2,event_staranis2_01_e,,event_staranis2_05_s,,event_staranis1,event_staranis1,454,454,E1143,암시,F2701,,,,,추정,확정,
setup_payoff,record,2,event_staranis2_01_e,,event_staranis2_05_e,,event_staranis1,event_staranis1,454,454,E1144,암시,F2707,,,,,추정,확정,
setup_payoff,record,2,event_staranis2_01_e,,event_staranis2_04_e,,event_staranis1,event_staranis1,454,454,E1145,암시,F2700,,,,,추정,확정,
setup_payoff,record,2,event_staranis2_01_e,,event_staranis2_03_e,,event_staranis1,event_staranis1,454,454,E1146,암시,F2695,,,,,추정,확정,
setup_payoff,record,2,event_staranis2_02_s,,event_staranis2_03_s,,event_staranis1,event_staranis1,454,454,E1148,암시,F2694,,,,,추정,확정,
setup_payoff,record,3,event_staranis2_02_s,,event_staranis2_03_s,,event_staranis1,event_staranis1,454,454,E1149,암시,F2693,,,,,확실,확정,
setup_payoff,record,3,event_staranis2_02_s,,event_staranis2_04_e,,event_staranis1,event_staranis1,454,454,E1149,암시,F2700,,,,,확실,확정,
setup_payoff,record,2,event_staranis2_02_e,,event_staranis2_05_s,,event_staranis1,event_staranis1,454,454,E1151,암시,F2699,,,,,추정,확정,
setup_payoff,record,3,event_staranis2_03_s,,event_staranis2_04_e,,event_staranis1,event_staranis1,454,454,E1153,암시,F2700,,,,,확실,확정,
setup_payoff,record,2,event_staranis2_03_s,,event_staranis2_05_s,,event_staranis1,event_staranis1,454,454,E1154,암시,F2701,,,,,추정,확정,
setup_payoff,record,2,event_staranis2_03_s,,event_staranis2_04_s,,event_staranis1,event_staranis1,454,454,E1155,암시,F2698,,,,,추정,확정,
setup_payoff,record,3,event_staranis2_03_e,,event_staranis2_05_e,,event_staranis1,event_staranis1,454,454,E1156,암시,F2705,,,,,확실,확정,
setup_payoff,record,2,event_staranis2_03_e,,event_staranis2_05_e,,event_staranis1,event_staranis1,454,454,E1157,암시,F2705,,,,,추정,확정,
setup_payoff,record,2,event_staranis2_04_s,,event_staranis2_05_e,,event_staranis1,event_staranis1,454,454,E1158,암시,F2707,,,,,추정,확정,
setup_payoff,record,2,event_staranis2_04_s,,event_staranis2_epilogue,,event_staranis1,event_staranis1,454,454,E1159,암시,F2708,,,,,추정,확정,
setup_payoff,record,3,event_staranis1_06_s,,event_staranis2_03_s,,event_staranis1,event_staranis1,454,454,Q348-2,회수,Q348,,,,,확실,확정,전부 · 답 F2694
setup_payoff,record,3,event_staranis1_06_e,,event_staranis2_01_e,,event_staranis1,event_staranis1,454,454,Q349-2,회수,Q349,,,,,확실,확정,전부 · 답 F2690
callback,record,3,event_staranis1_05_e,,event_staranis1_06_s,,event_staranis1,event_staranis1,454,454,E1135,재언급,F2895,,,,,확실,확정,
callback,record,2,event_staranis1_05_e,,event_staranis1_06_e,,event_staranis1,event_staranis1,454,454,E1138,재언급,F2895,,,,,추정,확정,
callback,record,3,event_staranis1_02_s,,event_staranis2_02_s,,event_staranis1,event_staranis1,454,454,E1147,재언급,F2673,,,,,확실,확정,
callback,record,3,event_staranis1_06_s,,event_staranis2_02_e,,event_staranis1,event_staranis1,454,454,E1150,재언급,F2684,,,,,확실,확정,
callback,record,3,event_staranis1_03_s,,event_staranis2_03_s,,event_staranis1,event_staranis1,454,454,E1152,재언급,F2675,,,,,확실,확정,
callback,record,3,event_staranis1_05_e,,event_staranis2_04_e,,event_staranis1,event_staranis1,454,454,E1160,재언급,F2895,,,,,확실,확정,
callback,record,3,event_staranis2_01_e,,event_staranis2_05_s,,event_staranis1,event_staranis1,454,454,E1162,재언급,F2689,,,,,확실,확정,
callback,record,3,event_staranis2_02_s,,event_staranis2_05_e,,event_staranis1,event_staranis1,454,454,E1164,재언급,F2690,,,,,확실,확정,
character,auto,1,event_staranis2_epilogue,102,ep:d_nikke_anis_star_01,0,event_staranis1,char:17,454,455,,,,person:아니스,119,기록 57 · 말함 908줄(27%) · 이름 226줄,기록 7 · 말함 279줄(100%) · 이름 60줄,,,흔한 대상
keyword,auto,1,event_staranis2_epilogue,85,ep:d_nikke_anis_star_01,25,event_staranis1,char:17,454,455,,,,place:방주,171,기록 8 · 이름 43줄,기록 1 · 이름 11줄,,,흔한 대상
character,auto,2,event_staranis2_epilogue,46,ep:d_nikke_avistar_01,4,event_staranis1,char:441,454,456,,,,person:아비스타,6,기록 3 · 말함 11줄(0%) · 이름 5줄,기록 3 · 말함 176줄(74%) · 이름 22줄,,,
keyword,auto,1,event_staranis2_05_e,104,ep:d_nikke_avistar_02,53,event_staranis1,char:441,454,456,,,,concept:니케,186,기록 2 · 이름 43줄,이름 5줄,,,흔한 대상
sequel,manual,2,event_staranis2_epilogue,,fl:b-side_idol_00,,event_staranis1,fl:b-side_idol,454,458,Y56,,,,,,,확실,확정,b-side_idol은 staranis1 결말(아니스 탈퇴 · 민트 · 프리카의 Twinkle Twin Star 데뷔 · 머스탱이 된 한슨)을 출발점으로 한 다음 편이다.
callback,record,3,event_staranis2_epilogue,,fl:b-side_idol_14,,event_staranis1,fl:b-side_idol,454,458,E1531,재언급,F2708,,,,,확실,확정,
character,auto,2,event_staranis2_06_e,68,fl:b-side_idol_00,14,event_staranis1,fl:b-side_idol,454,458,,,,person:머스탱,27,기록 35 · 말함 569줄(17%) · 이름 72줄,기록 5 · 말함 69줄(10%) · 이름 8줄,,,
character,auto,2,event_staranis2_epilogue,43,fl:b-side_idol_00,0,event_staranis1,fl:b-side_idol,454,458,,,,person:민트,6,기록 14 · 말함 358줄(11%) · 이름 50줄,기록 11 · 말함 559줄(78%) · 이름 98줄,,,
character,auto,2,event_staranis2_epilogue,43,fl:b-side_idol_01,26,event_staranis1,fl:b-side_idol,454,458,,,,person:프리카,7,기록 12 · 말함 265줄(8%) · 이름 56줄,기록 3 · 말함 28줄(4%) · 이름 6줄,,,
callback,record,3,event_staranis2_intermission_01,,fl:bitter_spice_05,,event_staranis1,fl:bitter_spice,454,460,E1536,재언급,F2697,,,,,확실,확정,
callback,record,2,event_staranis1_01_s,,fl:bitter_spice_09,,event_staranis1,fl:bitter_spice,454,460,E1538,재언급,F2669,,,,,추정,확정,
character,auto,2,event_staranis2_05_s,51,fl:ark_ranger_17,0,event_staranis1,fl:ark_ranger,454,462,,,,person:에닉,22,기록 3 · 말함 22줄(1%) · 이름 5줄,기록 7 · 이름 15줄,,,
keyword,auto,2,event_staranis2_05_s,165,fl:ark_ranger_22,30,event_staranis1,fl:ark_ranger,454,462,,,,org:엘리시온,17,기록 6 · 이름 16줄,기록 2 · 이름 5줄,,,
keyword,auto,1,event_staranis2_03_s,28,fl:ark_ranger_03,4,event_staranis1,fl:ark_ranger,454,462,,,,org:중앙_정부,67,기록 4 · 이름 14줄,기록 2 · 이름 5줄,,,흔한 대상
keyword,auto,2,event_staranis2_06_s,15,fl:ark_ranger_00,48,event_staranis1,fl:ark_ranger,454,462,,,,org:테트라,13,기록 17 · 이름 113줄,기록 2 · 이름 5줄,,,
keyword,auto,1,event_staranis2_epilogue,95,fl:ark_ranger_00,1,event_staranis1,fl:ark_ranger,454,462,,,,place:지상,132,이름 10줄,이름 22줄,,,흔한 대상
keyword,auto,2,event_staranis2_05_s,165,fl:project_matis_00,24,event_staranis1,fl:project_matis,454,467,,,,org:미실리스,32,기록 7 · 이름 15줄,기록 14 · 이름 91줄,,,
callback,record,2,event_staranis1_05_e,,fl:persona_on_frontline_05,,event_staranis1,fl:persona_on_frontline,454,474,E1561,재언급,F2681,,,,,추정,확정,
callback,record,2,event_staranis1_05_e,,fl:persona_on_frontline_23,,event_staranis1,fl:persona_on_frontline,454,474,E1578,재언급,F2681,,,,,추정,확정,
prereq,game-condition,3,ep:d_nikke_anis_star_01,,ep:d_nikke_anis_star_02,,char:17,char:17,455,455,,,,,,,,,,condition_scenario_group_id
prereq,game-condition,3,ep:d_nikke_anis_star_02,,ep:d_nikke_anis_star_03,,char:17,char:17,455,455,,,,,,,,,,condition_scenario_group_id
prereq,game-condition,3,ep:d_nikke_anis_star_03,,ep:d_nikke_anis_star_04,,char:17,char:17,455,455,,,,,,,,,,condition_scenario_group_id
prereq,game-condition,3,ep:d_nikke_anis_star_04,,ep:d_nikke_anis_star_05,,char:17,char:17,455,455,,,,,,,,,,condition_scenario_group_id
keyword,auto,1,ep:d_nikke_anis_star_05,97,ep:d_nikke_neon_visioneye_04,48,char:17,char:18,455,457,,,,place:방주,171,기록 1 · 이름 11줄,이름 8줄,,,흔한 대상
character,auto,1,ep:d_nikke_anis_star_05,98,fl:b-side_idol_02,14,char:17,fl:b-side_idol,455,458,,,,person:아니스,119,기록 7 · 말함 279줄(100%) · 이름 60줄,기록 2 · 이름 18줄,,,흔한 대상
prereq,game-condition,3,ep:d_nikke_avistar_01,,ep:d_nikke_avistar_02,,char:441,char:441,456,456,,,,,,,,,,condition_scenario_group_id
prereq,game-condition,3,ep:d_nikke_avistar_02,,ep:d_nikke_avistar_03,,char:441,char:441,456,456,,,,,,,,,,condition_scenario_group_id
prereq,game-condition,3,ep:d_nikke_avistar_03,,ep:d_nikke_avistar_04,,char:441,char:441,456,456,,,,,,,,,,condition_scenario_group_id
prereq,game-condition,3,ep:d_nikke_avistar_04,,ep:d_nikke_avistar_05,,char:441,char:441,456,456,,,,,,,,,,condition_scenario_group_id
character,auto,1,ep:d_nikke_avistar_02,74,fl:ark_ranger_15,1,char:441,fl:ark_ranger,456,462,,,,person:라피,85,말함 27줄(11%) · 이름 8줄,기록 2 · 말함 98줄(5%) · 이름 6줄,,,흔한 대상
keyword,auto,1,ep:d_nikke_avistar_05,19,fl:ark_ranger_01,89,char:441,fl:ark_ranger,456,462,,,,concept:니케,186,이름 5줄,기록 1 · 이름 22줄,,,흔한 대상
prereq,game-condition,3,ep:d_nikke_neon_visioneye_01,,ep:d_nikke_neon_visioneye_02,,char:18,char:18,457,457,,,,,,,,,,condition_scenario_group_id
prereq,game-condition,3,ep:d_nikke_neon_visioneye_02,,ep:d_nikke_neon_visioneye_03,,char:18,char:18,457,457,,,,,,,,,,condition_scenario_group_id
prereq,game-condition,3,ep:d_nikke_neon_visioneye_03,,ep:d_nikke_neon_visioneye_04,,char:18,char:18,457,457,,,,,,,,,,condition_scenario_group_id
prereq,game-condition,3,ep:d_nikke_neon_visioneye_04,,ep:d_nikke_neon_visioneye_05,,char:18,char:18,457,457,,,,,,,,,,condition_scenario_group_id
keyword,auto,1,ep:d_nikke_neon_visioneye_05,49,fl:ark_ranger_01,50,char:18,fl:ark_ranger,457,462,,,,place:방주,171,이름 8줄,기록 8 · 이름 122줄,,,흔한 대상
keyword,auto,2,ep:d_nikke_neon_visioneye_05,45,d_main_47_07,84,char:18,ch47,457,470,,,,place:아우터_림,43,기록 2 · 이름 12줄,기록 2 · 이름 9줄,,,
setup_payoff,record,3,fl:b-side_idol_01,,fl:b-side_idol_12,,fl:b-side_idol,fl:b-side_idol,458,458,E1525,암시,F2718,,,,,확실,확정,
setup_payoff,record,2,fl:b-side_idol_01,,fl:b-side_idol_11,,fl:b-side_idol,fl:b-side_idol,458,458,E1526,암시,F2717,,,,,추정,확정,
setup_payoff,record,3,fl:b-side_idol_04,,fl:b-side_idol_11,,fl:b-side_idol,fl:b-side_idol,458,458,E1527,암시,F2717,,,,,확실,확정,
setup_payoff,record,3,fl:b-side_idol_10,,fl:b-side_idol_11,,fl:b-side_idol,fl:b-side_idol,458,458,E1528,암시,F2717,,,,,확실,확정,
character,auto,2,fl:b-side_idol_14,44,ep:d_nikke_mint_01,1,fl:b-side_idol,char:600,458,459,,,,person:민트,6,기록 11 · 말함 559줄(78%) · 이름 98줄,기록 3 · 말함 258줄(88%) · 이름 43줄,,,
sequel,manual,2,fl:b-side_idol_14,,fl:bitter_spice_00,,fl:b-side_idol,fl:bitter_spice,458,460,Y57,,,,,,,확실,확정,bitter_spice는 b-side_idol에서 민트와 가까워진 지휘관을 전제로 Twinkle Twin Star의 첫 앨범 이야기를 잇는 다음 편이다.
setup_payoff,record,3,fl:b-side_idol_12,,fl:bitter_spice_01,,fl:b-side_idol,fl:bitter_spice,458,460,E1530,암시,F2721,,,,,확실,확정,
setup_payoff,record,2,fl:b-side_idol_14,,fl:bitter_spice_06,,fl:b-side_idol,fl:bitter_spice,458,460,E1532,암시,F2723,,,,,추정,확정,
callback,record,3,fl:b-side_idol_11,,fl:bitter_spice_07,,fl:b-side_idol,fl:bitter_spice,458,460,E1537,재언급,F2717,,,,,확실,확정,
character,auto,2,fl:b-side_idol_14,47,fl:bitter_spice_08,65,fl:b-side_idol,fl:bitter_spice,458,460,,,,person:머스탱,27,기록 5 · 말함 69줄(10%) · 이름 8줄,기록 2 · 말함 17줄(2%),,,
character,auto,1,fl:b-side_idol_14,16,fl:bitter_spice_00,19,fl:b-side_idol,fl:bitter_spice,458,460,,,,person:아니스,119,기록 2 · 이름 18줄,기록 3 · 말함 60줄(7%) · 이름 33줄,,,흔한 대상
character,auto,2,fl:b-side_idol_14,34,fl:bitter_spice_00,3,fl:b-side_idol,fl:bitter_spice,458,460,,,,person:프리카,7,기록 3 · 말함 28줄(4%) · 이름 6줄,기록 13 · 말함 462줄(57%) · 이름 131줄,,,
prereq,game-condition,3,ep:d_nikke_mint_01,,ep:d_nikke_mint_02,,char:600,char:600,459,459,,,,,,,,,,condition_scenario_group_id
prereq,game-condition,3,ep:d_nikke_mint_02,,ep:d_nikke_mint_03,,char:600,char:600,459,459,,,,,,,,,,condition_scenario_group_id
prereq,game-condition,3,ep:d_nikke_mint_03,,ep:d_nikke_mint_04,,char:600,char:600,459,459,,,,,,,,,,condition_scenario_group_id
prereq,game-condition,3,ep:d_nikke_mint_04,,ep:d_nikke_mint_05,,char:600,char:600,459,459,,,,,,,,,,condition_scenario_group_id
character,auto,2,ep:d_nikke_mint_05,85,fl:bitter_spice_00,3,char:600,fl:bitter_spice,459,460,,,,person:민트,6,기록 3 · 말함 258줄(88%) · 이름 43줄,기록 5 · 말함 201줄(25%) · 이름 104줄,,,
setup_payoff,record,3,fl:bitter_spice_01,,fl:bitter_spice_07,,fl:bitter_spice,fl:bitter_spice,460,460,E1533,암시,F2724,,,,,확실,확정,
setup_payoff,record,2,fl:bitter_spice_04,,ep:d_nikke_prika_01,,fl:bitter_spice,char:601,460,461,E1535,암시,F2725,,,,,추정,확정,
character,auto,2,fl:bitter_spice_14,76,ep:d_nikke_prika_01,4,fl:bitter_spice,char:601,460,461,,,,person:프리카,7,기록 13 · 말함 462줄(57%) · 이름 131줄,기록 3 · 말함 146줄(85%) · 이름 56줄,,,
character,auto,2,fl:bitter_spice_08,96,fl:ark_ranger_00,48,fl:bitter_spice,fl:ark_ranger,460,462,,,,person:머스탱,27,기록 2 · 말함 17줄(2%),기록 11 · 말함 110줄(5%) · 이름 13줄,,,
character,auto,1,fl:bitter_spice_13,88,fl:ark_ranger_10,70,fl:bitter_spice,fl:ark_ranger,460,462,,,,person:아니스,119,기록 3 · 말함 60줄(7%) · 이름 33줄,기록 3 · 말함 79줄(4%) · 이름 24줄,,,흔한 대상
prereq,game-condition,3,ep:d_nikke_prika_01,,ep:d_nikke_prika_02,,char:601,char:601,461,461,,,,,,,,,,condition_scenario_group_id
prereq,game-condition,3,ep:d_nikke_prika_02,,ep:d_nikke_prika_03,,char:601,char:601,461,461,,,,,,,,,,condition_scenario_group_id
prereq,game-condition,3,ep:d_nikke_prika_03,,ep:d_nikke_prika_04,,char:601,char:601,461,461,,,,,,,,,,condition_scenario_group_id
prereq,game-condition,3,ep:d_nikke_prika_04,,ep:d_nikke_prika_05,,char:601,char:601,461,461,,,,,,,,,,condition_scenario_group_id
setup_payoff,record,3,fl:ark_ranger_00,,fl:ark_ranger_20,,fl:ark_ranger,fl:ark_ranger,462,462,E1166,암시,F2741,,,,,확실,확정,
setup_payoff,record,3,fl:ark_ranger_01,,fl:ark_ranger_06,,fl:ark_ranger,fl:ark_ranger,462,462,E1167,암시,F2729,,,,,확실,확정,
setup_payoff,record,3,fl:ark_ranger_01,,fl:ark_ranger_20,,fl:ark_ranger,fl:ark_ranger,462,462,E1168,암시,F2739,,,,,확실,확정,
setup_payoff,record,2,fl:ark_ranger_04,,fl:ark_ranger_23,,fl:ark_ranger,fl:ark_ranger,462,462,E1169,암시,F2743,,,,,추정,확정,
setup_payoff,record,2,fl:ark_ranger_08,,fl:ark_ranger_20,,fl:ark_ranger,fl:ark_ranger,462,462,E1171,암시,F2741,,,,,추정,확정,
setup_payoff,record,2,fl:ark_ranger_12,,fl:ark_ranger_23,,fl:ark_ranger,fl:ark_ranger,462,462,E1172,암시,F2743,,,,,추정,확정,
setup_payoff,record,3,fl:ark_ranger_15,,fl:ark_ranger_20,,fl:ark_ranger,fl:ark_ranger,462,462,E1176,암시,F2741,,,,,확실,확정,
character,auto,2,fl:ark_ranger_27,78,ep:d_nikke_arkrangerblack_01,4,fl:ark_ranger,char:570,462,463,,,,person:아크레인저_블랙,4,기록 27 · 말함 500줄(25%) · 이름 151줄,기록 3 · 말함 226줄(88%) · 이름 37줄,,,
keyword,auto,2,fl:ark_ranger_27,78,ep:d_nikke_arkrangerblack_01,47,fl:ark_ranger,char:570,462,463,,,,org:아크레인저,4,기록 9 · 이름 270줄,이름 38줄,,,
keyword,auto,1,fl:ark_ranger_27,56,ep:d_nikke_arkrangerblack_01,17,fl:ark_ranger,char:570,462,463,,,,place:방주,171,기록 8 · 이름 122줄,기록 1 · 이름 6줄,,,흔한 대상
character,auto,1,fl:ark_ranger_26,225,fl:wave_to_you_01,2,fl:ark_ranger,fl:wave_to_you,462,464,,,,person:라피,85,기록 2 · 말함 98줄(5%) · 이름 6줄,기록 6 · 말함 254줄(10%) · 이름 25줄,,,흔한 대상
keyword,auto,1,fl:ark_ranger_25,6,fl:wave_to_you_00,18,fl:ark_ranger,fl:wave_to_you,462,464,,,,concept:랩쳐,142,이름 103줄,이름 12줄,,,흔한 대상
keyword,auto,1,fl:ark_ranger_26,190,fl:wave_to_you_06,34,fl:ark_ranger,fl:wave_to_you,462,464,,,,place:지상,132,이름 22줄,이름 7줄,,,흔한 대상
character,auto,2,fl:ark_ranger_27,32,fl:project_matis_02,140,fl:ark_ranger,fl:project_matis,462,467,,,,person:에닉,22,기록 7 · 이름 15줄,기록 4 · 말함 7줄(0%) · 이름 4줄,,,
keyword,auto,1,fl:ark_ranger_26,216,fl:project_matis_01,88,fl:ark_ranger,fl:project_matis,462,467,,,,concept:니케,186,기록 1 · 이름 22줄,기록 9 · 이름 144줄,,,흔한 대상
keyword,auto,2,fl:ark_ranger_26,137,fl:project_matis_00,8,fl:ark_ranger,fl:project_matis,462,467,,,,org:메티스,21,기록 4 · 이름 24줄,기록 10 · 이름 43줄,,,
keyword,auto,1,fl:ark_ranger_21,94,fl:project_matis_01,86,fl:ark_ranger,fl:project_matis,462,467,,,,org:중앙_정부,67,기록 2 · 이름 5줄,기록 4 · 이름 14줄,,,흔한 대상
setup_payoff,record,2,fl:ark_ranger_26,,d_main_47_06,,fl:ark_ranger,ch47,462,470,E1183,암시,F2815,,,,,추정,확정,
setup_payoff,record,2,fl:ark_ranger_26,,d_main_47_05,,fl:ark_ranger,ch47,462,470,Q354-2,회수,Q354,,,,,추정,확정,일부 · 답 F2814
character,auto,2,fl:ark_ranger_27,13,d_main_47_03,82,fl:ark_ranger,ch47,462,470,,,,person:애니힐리오,3,기록 6 · 말함 5줄(0%) · 이름 20줄,기록 3 · 이름 15줄,,,
character,auto,2,fl:ark_ranger_26,224,d_main_47_01,43,fl:ark_ranger,ch47,462,470,,,,person:퀸,20,기록 5 · 이름 3줄,기록 8 · 이름 31줄,,,
keyword,auto,2,fl:ark_ranger_27,13,d_main_47_03,72,fl:ark_ranger,ch47,462,470,,,,concept:헬레틱,40,기록 1 · 이름 11줄,이름 11줄,,,
keyword,auto,2,fl:ark_ranger_26,190,d_main_47_03,6,fl:ark_ranger,ch47,462,470,,,,incident:3차_지상_탈환전,5,기록 3 · 이름 2줄,이름 28줄,,,
keyword,auto,2,fl:ark_ranger_26,181,d_main_47_01,39,fl:ark_ranger,ch47,462,470,,,,place:궤도_엘리베이터,11,기록 2 · 이름 1줄,기록 5 · 이름 11줄,,,
keyword,auto,2,fl:ark_ranger_26,212,d_main_47_06,9,fl:ark_ranger,ch47,462,470,,,,place:승리의_날개_호,5,기록 4 · 이름 20줄,기록 3 · 이름 18줄,,,
callback,record,3,fl:ark_ranger_19,,d_main_48_01,,fl:ark_ranger,ch48,462,472,E1227,재언급,F2737,,,,,확실,확정,
keyword,auto,2,fl:ark_ranger_26,70,d_main_48_01,42,fl:ark_ranger,ch48,462,472,,,,item:세븐스_드워프,7,기록 2 · 이름 4줄,기록 1 · 이름 7줄,,,
prereq,game-condition,3,ep:d_nikke_arkrangerblack_01,,ep:d_nikke_arkrangerblack_02,,char:570,char:570,463,463,,,,,,,,,,condition_scenario_group_id
prereq,game-condition,3,ep:d_nikke_arkrangerblack_02,,ep:d_nikke_arkrangerblack_03,,char:570,char:570,463,463,,,,,,,,,,condition_scenario_group_id
prereq,game-condition,3,ep:d_nikke_arkrangerblack_03,,ep:d_nikke_arkrangerblack_04,,char:570,char:570,463,463,,,,,,,,,,condition_scenario_group_id
prereq,game-condition,3,ep:d_nikke_arkrangerblack_04,,ep:d_nikke_arkrangerblack_05,,char:570,char:570,463,463,,,,,,,,,,condition_scenario_group_id
keyword,auto,1,ep:d_nikke_arkrangerblack_02,16,fl:wave_to_you_02,57,char:570,fl:wave_to_you,463,464,,,,place:방주,171,기록 1 · 이름 6줄,이름 8줄,,,흔한 대상
setup_payoff,record,3,fl:wave_to_you_00,,fl:wave_to_you_19,,fl:wave_to_you,fl:wave_to_you,464,464,E1542,암시,F2759,,,,,확실,확정,
setup_payoff,record,3,fl:wave_to_you_00,,fl:wave_to_you_07,,fl:wave_to_you,fl:wave_to_you,464,464,E1543,암시,F2753,,,,,확실,확정,
setup_payoff,record,3,fl:wave_to_you_04,,fl:wave_to_you_24,,fl:wave_to_you,fl:wave_to_you,464,464,E1544,암시,F2762,,,,,확실,확정,
setup_payoff,record,3,fl:wave_to_you_04,,fl:wave_to_you_13,,fl:wave_to_you,fl:wave_to_you,464,464,E1545,암시,F2755,,,,,확실,확정,
setup_payoff,record,3,fl:wave_to_you_06,,fl:wave_to_you_15,,fl:wave_to_you,fl:wave_to_you,464,464,E1547,암시,F2757,,,,,확실,확정,
setup_payoff,record,3,fl:wave_to_you_09,,fl:wave_to_you_15,,fl:wave_to_you,fl:wave_to_you,464,464,E1550,암시,F2757,,,,,확실,확정,
setup_payoff,record,3,fl:wave_to_you_10,,fl:wave_to_you_25,,fl:wave_to_you,fl:wave_to_you,464,464,E1552,암시,F2903,,,,,확실,확정,
setup_payoff,record,3,fl:wave_to_you_23,,fl:wave_to_you_25,,fl:wave_to_you,fl:wave_to_you,464,464,E1556,암시,F2903,,,,,확실,확정,
character,auto,2,fl:wave_to_you_27,27,ep:d_nikke_cinderella_crystalwave_01,0,fl:wave_to_you,char:515,464,465,,,,person:신데렐라,26,기록 13 · 말함 360줄(14%) · 이름 58줄,기록 2 · 말함 167줄(84%) · 이름 40줄,,,
character,auto,2,fl:wave_to_you_27,62,ep:d_nikke_marciana_marinestudy_01,0,fl:wave_to_you,char:322,464,466,,,,person:나가,6,기록 15 · 말함 270줄(11%) · 이름 53줄,기록 1 · 말함 62줄(18%) · 이름 27줄,,,
character,auto,2,fl:wave_to_you_27,64,ep:d_nikke_marciana_marinestudy_01,1,fl:wave_to_you,char:322,464,466,,,,person:마르차나,8,기록 27 · 말함 633줄(25%) · 이름 81줄,기록 2 · 말함 209줄(61%) · 이름 82줄,,,
character,auto,2,fl:wave_to_you_27,62,ep:d_nikke_marciana_marinestudy_01,2,fl:wave_to_you,char:322,464,466,,,,person:티아,5,기록 13 · 말함 266줄(11%) · 이름 70줄,기록 1 · 말함 46줄(14%) · 이름 26줄,,,
keyword,auto,1,fl:wave_to_you_23,79,fl:project_matis_01,17,fl:wave_to_you,fl:project_matis,464,467,,,,concept:랩쳐,142,이름 12줄,기록 3 · 이름 10줄,,,흔한 대상
keyword,auto,1,fl:wave_to_you_23,45,fl:project_matis_01,90,fl:wave_to_you,fl:project_matis,464,467,,,,place:방주,171,이름 8줄,이름 35줄,,,흔한 대상
keyword,auto,1,fl:wave_to_you_25,76,fl:project_matis_00,9,fl:wave_to_you,fl:project_matis,464,467,,,,place:지상,132,이름 7줄,이름 23줄,,,흔한 대상
character,auto,1,fl:wave_to_you_26,184,d_main_48_01,13,fl:wave_to_you,ch48,464,472,,,,person:라피,85,기록 6 · 말함 254줄(10%) · 이름 25줄,기록 3 · 말함 29줄(3%) · 이름 10줄,,,흔한 대상
character,auto,2,fl:wave_to_you_07,25,ep:d_nikke_ce009_03_01,0,fl:wave_to_you,char:872,464,475,,,,person:라이,6,기록 3 · 이름 2줄,기록 1 · 말함 114줄(35%) · 이름 47줄,,,
character,auto,2,fl:wave_to_you_27,16,fl:great_villain_union_01,2,fl:wave_to_you,fl:great_villain_union,464,478,,,,person:그레이브,23,기록 3 · 말함 121줄(5%) · 이름 38줄,기록 6 · 말함 168줄(14%) · 이름 21줄,,,
prereq,game-condition,3,ep:d_nikke_cinderella_crystalwave_01,,ep:d_nikke_cinderella_crystalwave_02,,char:515,char:515,465,465,,,,,,,,,,condition_scenario_group_id
prereq,game-condition,3,ep:d_nikke_cinderella_crystalwave_02,,ep:d_nikke_cinderella_crystalwave_03,,char:515,char:515,465,465,,,,,,,,,,condition_scenario_group_id
prereq,game-condition,3,ep:d_nikke_cinderella_crystalwave_03,,ep:d_nikke_cinderella_crystalwave_04,,char:515,char:515,465,465,,,,,,,,,,condition_scenario_group_id
prereq,game-condition,3,ep:d_nikke_cinderella_crystalwave_04,,ep:d_nikke_cinderella_crystalwave_05,,char:515,char:515,465,465,,,,,,,,,,condition_scenario_group_id
prereq,game-condition,3,ep:d_nikke_marciana_marinestudy_01,,ep:d_nikke_marciana_marinestudy_02,,char:322,char:322,466,466,,,,,,,,,,condition_scenario_group_id
prereq,game-condition,3,ep:d_nikke_marciana_marinestudy_02,,ep:d_nikke_marciana_marinestudy_03,,char:322,char:322,466,466,,,,,,,,,,condition_scenario_group_id
prereq,game-condition,3,ep:d_nikke_marciana_marinestudy_03,,ep:d_nikke_marciana_marinestudy_04,,char:322,char:322,466,466,,,,,,,,,,condition_scenario_group_id
prereq,game-condition,3,ep:d_nikke_marciana_marinestudy_04,,ep:d_nikke_marciana_marinestudy_05,,char:322,char:322,466,466,,,,,,,,,,condition_scenario_group_id
setup_payoff,record,2,fl:project_matis_00,,fl:project_matis_27,,fl:project_matis,fl:project_matis,467,467,E1184,암시,F2796,,,,,추정,확정,
setup_payoff,record,3,fl:project_matis_02,,fl:project_matis_21,,fl:project_matis,fl:project_matis,467,467,E1186,암시,F2791,,,,,확실,확정,
setup_payoff,record,3,fl:project_matis_02,,fl:project_matis_08,,fl:project_matis,fl:project_matis,467,467,E1187,암시,F2779,,,,,확실,확정,
setup_payoff,record,3,fl:project_matis_05,,fl:project_matis_25,,fl:project_matis,fl:project_matis,467,467,E1188,암시,F2794,,,,,확실,확정,
setup_payoff,record,3,fl:project_matis_08,,fl:project_matis_25,,fl:project_matis,fl:project_matis,467,467,E1191,암시,F2794,,,,,확실,확정,
setup_payoff,record,2,fl:project_matis_09,,fl:project_matis_21,,fl:project_matis,fl:project_matis,467,467,E1192,암시,F2790,,,,,추정,확정,
setup_payoff,record,3,fl:project_matis_16,,fl:project_matis_22,,fl:project_matis,fl:project_matis,467,467,E1194,암시,F2792,,,,,확실,확정,
setup_payoff,record,2,fl:project_matis_18,,fl:project_matis_21,,fl:project_matis,fl:project_matis,467,467,E1195,암시,F2790,,,,,추정,확정,
setup_payoff,record,3,fl:project_matis_19,,fl:project_matis_20,,fl:project_matis,fl:project_matis,467,467,E1196,암시,F2789,,,,,확실,확정,
setup_payoff,record,3,fl:project_matis_22,,fl:project_matis_25,,fl:project_matis,fl:project_matis,467,467,E1199,암시,F2794,,,,,확실,확정,
character,auto,2,fl:project_matis_26,326,ep:d_nikke_laplace_ultimatehero_01,1,fl:project_matis,char:103,467,468,,,,person:라플라스,13,기록 17 · 말함 265줄(9%) · 이름 94줄,기록 1 · 말함 183줄(60%) · 이름 43줄,,,
character,auto,2,fl:project_matis_27,8,ep:d_nikke_maxwell_mechanic_01,3,fl:project_matis,char:105,467,469,,,,person:맥스웰,15,기록 19 · 말함 907줄(31%) · 이름 146줄,기록 4 · 말함 298줄(96%) · 이름 25줄,,,
keyword,auto,1,fl:project_matis_26,328,ep:d_nikke_maxwell_mechanic_01,18,fl:project_matis,char:105,467,469,,,,concept:니케,186,기록 9 · 이름 144줄,이름 14줄,,,흔한 대상
keyword,auto,2,fl:project_matis_27,34,ep:d_nikke_maxwell_mechanic_03,87,fl:project_matis,char:105,467,469,,,,org:메티스,21,기록 10 · 이름 43줄,이름 6줄,,,
character,auto,2,fl:project_matis_22,54,d_main_47_04,95,fl:project_matis,ch47,467,470,,,,person:에닉,22,기록 4 · 말함 7줄(0%) · 이름 4줄,기록 7 · 말함 68줄(7%) · 이름 4줄,,,
keyword,auto,2,fl:project_matis_17,62,d_main_47_04,27,fl:project_matis,ch47,467,470,,,,concept:NIMPH,24,기록 2 · 이름 2줄,기록 2 · 이름 9줄,,,
keyword,auto,1,fl:project_matis_24,19,d_main_47_03,71,fl:project_matis,ch47,467,470,,,,concept:랩쳐,142,기록 3 · 이름 10줄,이름 12줄,,,흔한 대상
keyword,auto,2,fl:project_matis_05,14,d_main_47_03,0,fl:project_matis,ch47,467,470,,,,concept:지상_탈환,9,이름 9줄,기록 3 · 이름 15줄,,,
keyword,auto,1,fl:project_matis_27,48,d_main_47_01,77,fl:project_matis,ch47,467,470,,,,place:방주,171,이름 35줄,기록 6 · 이름 61줄,,,흔한 대상
keyword,auto,1,fl:project_matis_27,48,d_main_47_03,6,fl:project_matis,ch47,467,470,,,,place:지상,132,이름 23줄,이름 19줄,,,흔한 대상
keyword,auto,1,fl:project_matis_07,89,fl:persona_on_frontline_00,1,fl:project_matis,fl:persona_on_frontline,467,474,,,,org:중앙_정부,67,기록 4 · 이름 14줄,기록 4 · 이름 39줄,,,흔한 대상
character,auto,2,fl:project_matis_26,325,fl:great_villain_union_00,32,fl:project_matis,fl:great_villain_union,467,478,,,,person:드레이크,16,기록 3 · 이름 11줄,기록 17 · 말함 556줄(48%) · 이름 118줄,,,
prereq,game-condition,3,ep:d_nikke_laplace_ultimatehero_01,,ep:d_nikke_laplace_ultimatehero_02,,char:103,char:103,468,468,,,,,,,,,,condition_scenario_group_id
prereq,game-condition,3,ep:d_nikke_laplace_ultimatehero_02,,ep:d_nikke_laplace_ultimatehero_03,,char:103,char:103,468,468,,,,,,,,,,condition_scenario_group_id
prereq,game-condition,3,ep:d_nikke_laplace_ultimatehero_03,,ep:d_nikke_laplace_ultimatehero_04,,char:103,char:103,468,468,,,,,,,,,,condition_scenario_group_id
prereq,game-condition,3,ep:d_nikke_laplace_ultimatehero_04,,ep:d_nikke_laplace_ultimatehero_05,,char:103,char:103,468,468,,,,,,,,,,condition_scenario_group_id
prereq,game-condition,3,ep:d_nikke_maxwell_mechanic_01,,ep:d_nikke_maxwell_mechanic_02,,char:105,char:105,469,469,,,,,,,,,,condition_scenario_group_id
prereq,game-condition,3,ep:d_nikke_maxwell_mechanic_02,,ep:d_nikke_maxwell_mechanic_03,,char:105,char:105,469,469,,,,,,,,,,condition_scenario_group_id
prereq,game-condition,3,ep:d_nikke_maxwell_mechanic_03,,ep:d_nikke_maxwell_mechanic_04,,char:105,char:105,469,469,,,,,,,,,,condition_scenario_group_id
prereq,game-condition,3,ep:d_nikke_maxwell_mechanic_04,,ep:d_nikke_maxwell_mechanic_05,,char:105,char:105,469,469,,,,,,,,,,condition_scenario_group_id
keyword,auto,1,ep:d_nikke_maxwell_mechanic_05,1,d_main_47_03,179,char:105,ch47,469,470,,,,concept:니케,186,이름 14줄,이름 7줄,,,흔한 대상
setup_payoff,record,3,d_main_47_01,,d_main_47_05,,ch47,ch47,470,470,E1206,암시,F2811,,,,,확실,확정,
setup_payoff,record,2,d_main_47_04,,d_main_47_04,,ch47,ch47,470,470,Q363-2,회수,Q363,,,,,추정,확정,전부 · 답 F1239
callback,record,3,d_main_47_06,,relic:승리를_부르는_그림자_02,,ch47,relic:승리를_부르는_그림자,470,471,E1226,재언급,F2815,,,,,확실,확정,
keyword,auto,1,d_main_47_07,140,relic:승리를_부르는_그림자_00,1,ch47,relic:승리를_부르는_그림자,470,471,,,,concept:랩쳐,142,이름 12줄,기록 1 · 이름 6줄,,,흔한 대상
keyword,auto,2,d_main_47_07,30,relic:승리를_부르는_그림자_00,4,ch47,relic:승리를_부르는_그림자,470,471,,,,org:갓데스,30,이름 6줄,기록 3 · 이름 3줄,,,
keyword,auto,2,d_main_47_07,30,relic:승리를_부르는_그림자_00,4,ch47,relic:승리를_부르는_그림자,470,471,,,,place:승리의_날개_호,5,기록 3 · 이름 18줄,기록 3 · 이름 10줄,,,
sequel,auto,3,d_main_47_07,,d_main_48_01,,ch47,ch48,470,472,,,,,,,,,,다음 챕터
setup_payoff,record,2,d_main_47_01,,d_main_48_05,,ch47,ch48,470,472,E1207,암시,F2838,,,,,추정,확정,
setup_payoff,record,2,d_main_47_03,,d_main_48_07,,ch47,ch48,470,472,E1211,암시,F2848,,,,,추정,확정,
setup_payoff,record,2,d_main_47_03,,d_main_48_05,,ch47,ch48,470,472,E1212,암시,F2834,,,,,추정,확정,
setup_payoff,record,2,d_main_47_04,,d_main_48_03,,ch47,ch48,470,472,E1213,암시,F2828,,,,,추정,확정,
setup_payoff,record,3,d_main_47_04,,d_main_48_06_e,,ch47,ch48,470,472,E1214,암시,F2840,,,,,확실,확정,
setup_payoff,record,3,d_main_47_04,,d_main_48_03,,ch47,ch48,470,472,E1215,암시,F2831,,,,,확실,확정,
setup_payoff,record,3,d_main_47_04,,d_main_48_04,,ch47,ch48,470,472,E1216,암시,F2832,,,,,확실,확정,
setup_payoff,record,2,d_main_47_05,,d_main_48_05,,ch47,ch48,470,472,E1219,암시,F2835,,,,,추정,확정,
setup_payoff,record,3,d_main_47_05,,d_main_48_05,,ch47,ch48,470,472,E1221,암시,F2838,,,,,확실,확정,
setup_payoff,record,2,d_main_47_07,,d_main_48_02,,ch47,ch48,470,472,E1225,암시,F2824,,,,,추정,확정,
setup_payoff,record,2,d_main_47_07,,d_main_48_07,,ch47,ch48,470,472,E1225,암시,F2843,,,,,추정,확정,
setup_payoff,record,3,d_main_47_02,,d_main_48_05,,ch47,ch48,470,472,Q364-2,회수,Q364,,,,,확실,확정,일부 · 답 F2835
setup_payoff,record,2,d_main_47_02,,d_main_48_06_e,,ch47,ch48,470,472,Q364-3,회수,Q364,,,,,추정,확정,일부 · 답 F2838
character,auto,2,d_main_47_07,62,d_main_48_07,0,ch47,ch48,470,472,,,,person:도로시,31,기록 7 · 말함 47줄(5%) · 이름 19줄,기록 9 · 말함 37줄(4%) · 이름 22줄,,,
character,auto,2,d_main_47_04,16,d_main_48_03,9,ch47,ch48,470,472,,,,person:라푼젤,18,기록 2 · 이름 4줄,기록 10 · 말함 119줄(13%) · 이름 28줄,,,
character,auto,2,d_main_47_04,26,d_main_48_03,57,ch47,ch48,470,472,,,,person:레드_슈즈,9,기록 3 · 이름 4줄,기록 6 · 말함 46줄(5%) · 이름 7줄,,,
character,auto,2,d_main_47_05,177,d_main_48_01,1,ch47,ch48,470,472,,,,person:레비아탄,19,기록 3 · 말함 70줄(7%) · 이름 14줄,기록 2 · 말함 41줄(4%) · 이름 2줄,,,
character,auto,2,d_main_47_05,114,d_main_48_05,0,ch47,ch48,470,472,,,,person:마리안,20,기록 10 · 말함 22줄(2%) · 이름 20줄,기록 16 · 말함 95줄(10%) · 이름 16줄,,,
character,auto,2,d_main_47_05,186,d_main_48_04,34,ch47,ch48,470,472,,,,person:미러,7,기록 2 · 이름 6줄,기록 2 · 말함 2줄(0%) · 이름 6줄,,,
character,auto,2,d_main_47_05,141,d_main_48_03,1,ch47,ch48,470,472,,,,person:세실,13,기록 6 · 말함 97줄(10%) · 이름 6줄,기록 2 · 말함 41줄(4%) · 이름 16줄,,,
character,auto,2,d_main_47_05,185,d_main_48_01,7,ch47,ch48,470,472,,,,person:스노우_화이트,26,기록 2 · 말함 52줄(5%) · 이름 4줄,기록 4 · 말함 55줄(6%) · 이름 5줄,,,
character,auto,2,d_main_47_07,12,d_main_48_01,4,ch47,ch48,470,472,,,,person:애니힐리오,3,기록 3 · 이름 15줄,기록 4 · 이름 8줄,,,
character,auto,2,d_main_47_07,163,d_main_48_07,93,ch47,ch48,470,472,,,,person:엔더슨,32,기록 6 · 말함 69줄(7%) · 이름 1줄,기록 8 · 말함 27줄(3%) · 이름 10줄,,,
character,auto,2,d_main_47_05,166,d_main_48_05,0,ch47,ch48,470,472,,,,person:온리_원,6,기록 16 · 말함 64줄(7%),기록 9 · 말함 80줄(9%),,,
character,auto,2,d_main_47_04,117,d_main_48_03,4,ch47,ch48,470,472,,,,person:장화,5,기록 4 · 이름 17줄,기록 7 · 말함 38줄(4%) · 이름 14줄,,,
character,auto,2,d_main_47_07,132,d_main_48_01,20,ch47,ch48,470,472,,,,person:퀸,20,기록 8 · 이름 31줄,기록 10 · 이름 18줄,,,
character,auto,2,d_main_47_04,103,d_main_48_02,37,ch47,ch48,470,472,,,,person:홍련,18,기록 6 · 이름 17줄,기록 11 · 말함 89줄(10%) · 이름 21줄,,,
keyword,auto,2,d_main_47_04,81,d_main_48_03,57,ch47,ch48,470,472,,,,concept:NIMPH,24,기록 2 · 이름 9줄,기록 3 · 이름 17줄,,,
keyword,auto,1,d_main_47_05,46,d_main_48_03,2,ch47,ch48,470,472,,,,concept:니케,186,이름 7줄,기록 1 · 이름 7줄,,,흔한 대상
keyword,auto,2,d_main_47_05,178,d_main_48_01,10,ch47,ch48,470,472,,,,concept:다크_매터,18,기록 3 · 이름 15줄,기록 4 · 이름 9줄,,,
keyword,auto,2,d_main_47_05,186,d_main_48_03,57,ch47,ch48,470,472,,,,concept:침식,21,기록 1 · 이름 5줄,기록 6 · 이름 24줄,,,
keyword,auto,2,d_main_47_07,31,d_main_48_01,10,ch47,ch48,470,472,,,,concept:헬레틱,40,이름 11줄,기록 3 · 이름 12줄,,,
keyword,auto,2,d_main_47_05,190,d_main_48_01,10,ch47,ch48,470,472,,,,place:궤도_엘리베이터,11,기록 5 · 이름 11줄,기록 5 · 이름 20줄,,,
keyword,auto,1,d_main_47_07,151,d_main_48_01,2,ch47,ch48,470,472,,,,place:방주,171,기록 6 · 이름 61줄,기록 2 · 이름 15줄,,,흔한 대상
keyword,auto,1,d_main_47_07,74,d_main_48_06_e,274,ch47,ch48,470,472,,,,place:지상,132,이름 19줄,이름 5줄,,,흔한 대상
callback,record,2,d_main_47_03,,relic:불길한_소리.wav_01,,ch47,relic:불길한_소리.wav,470,473,E1244,재언급,F2803,,,,,추정,확정,
keyword,auto,2,d_main_47_07,114,fl:persona_on_frontline_12,61,ch47,fl:persona_on_frontline,470,474,,,,place:아우터_림,43,기록 2 · 이름 9줄,기록 6 · 이름 35줄,,,
keyword,auto,1,relic:승리를_부르는_그림자_03,3,d_main_48_01,17,relic:승리를_부르는_그림자,ch48,471,472,,,,concept:랩쳐,142,기록 1 · 이름 6줄,이름 13줄,,,흔한 대상
setup_payoff,record,2,d_main_48_01,,d_main_48_07,,ch48,ch48,472,472,E1228,암시,F2848,,,,,추정,확정,
setup_payoff,record,2,d_main_48_06_e,,d_main_48_07,,ch48,ch48,472,472,E1233,암시,F2848,,,,,추정,확정,
callback,record,3,d_main_48_01,,relic:불길한_소리.wav_03,,ch48,relic:불길한_소리.wav,472,473,E1246,재언급,F2822,,,,,확실,확정,
callback,record,2,d_main_48_07,,relic:불길한_소리.wav_03,,ch48,relic:불길한_소리.wav,472,473,E1247,재언급,F2843,,,,,추정,확정,
keyword,auto,2,d_main_48_07,228,relic:불길한_소리.wav_00,0,ch48,relic:불길한_소리.wav,472,473,,,,concept:다크_매터,18,기록 4 · 이름 9줄,기록 2 · 이름 4줄,,,
keyword,auto,2,d_main_48_07,238,relic:불길한_소리.wav_00,0,ch48,relic:불길한_소리.wav,472,473,,,,place:궤도_엘리베이터,11,기록 5 · 이름 20줄,기록 3 · 이름 9줄,,,
character,auto,2,d_main_48_07,184,fl:persona_on_frontline_02,1,ch48,fl:persona_on_frontline,472,474,,,,person:엔더슨,32,기록 8 · 말함 27줄(3%) · 이름 10줄,기록 2 · 말함 23줄(1%) · 이름 6줄,,,
keyword,auto,1,d_main_48_07,98,fl:persona_on_frontline_01,28,ch48,fl:persona_on_frontline,472,474,,,,concept:니케,186,기록 1 · 이름 7줄,기록 2 · 이름 35줄,,,흔한 대상
keyword,auto,1,d_main_48_07,260,fl:persona_on_frontline_00,1,ch48,fl:persona_on_frontline,472,474,,,,place:방주,171,기록 2 · 이름 15줄,기록 4 · 이름 65줄,,,흔한 대상
keyword,auto,1,d_main_48_07,185,fl:persona_on_frontline_06,66,ch48,fl:persona_on_frontline,472,474,,,,place:지상,132,이름 5줄,이름 7줄,,,흔한 대상
character,auto,2,d_main_48_07,214,fl:great_villain_union_03,40,ch48,fl:great_villain_union,472,478,,,,person:온리_원,6,기록 9 · 말함 80줄(9%),기록 2 · 말함 25줄(2%) · 이름 3줄,,,
keyword,auto,1,d_main_48_07,2,fl:great_villain_union_00,1,ch48,fl:great_villain_union,472,478,,,,concept:랩쳐,142,이름 13줄,이름 12줄,,,흔한 대상
setup_payoff,record,3,fl:persona_on_frontline_02,,fl:persona_on_frontline_09,,fl:persona_on_frontline,fl:persona_on_frontline,474,474,E1560,암시,F2857,,,,,확실,확정,
setup_payoff,record,2,fl:persona_on_frontline_07,,fl:persona_on_frontline_25,,fl:persona_on_frontline,fl:persona_on_frontline,474,474,E1563,암시,F2864,,,,,추정,확정,
setup_payoff,record,3,fl:persona_on_frontline_13,,fl:persona_on_frontline_22,,fl:persona_on_frontline,fl:persona_on_frontline,474,474,E1567,암시,F2905,,,,,확실,확정,
setup_payoff,record,2,fl:persona_on_frontline_13,,fl:persona_on_frontline_26,,fl:persona_on_frontline,fl:persona_on_frontline,474,474,E1568,암시,F2866,,,,,추정,확정,
setup_payoff,record,3,fl:persona_on_frontline_16,,fl:persona_on_frontline_24,,fl:persona_on_frontline,fl:persona_on_frontline,474,474,E1570,암시,F2904,,,,,확실,확정,
setup_payoff,record,3,fl:persona_on_frontline_16,,fl:persona_on_frontline_26,,fl:persona_on_frontline,fl:persona_on_frontline,474,474,E1571,암시,F2866,,,,,확실,확정,
setup_payoff,record,2,fl:persona_on_frontline_18,,fl:persona_on_frontline_26,,fl:persona_on_frontline,fl:persona_on_frontline,474,474,E1572,암시,F2866,,,,,추정,확정,
setup_payoff,record,3,fl:persona_on_frontline_19,,fl:persona_on_frontline_24,,fl:persona_on_frontline,fl:persona_on_frontline,474,474,E1576,암시,F2904,,,,,확실,확정,
setup_payoff,record,3,fl:persona_on_frontline_21,,fl:persona_on_frontline_24,,fl:persona_on_frontline,fl:persona_on_frontline,474,474,E1577,암시,F2904,,,,,확실,확정,
setup_payoff,record,3,fl:persona_on_frontline_25,,fl:persona_on_frontline_26,,fl:persona_on_frontline,fl:persona_on_frontline,474,474,E1579,암시,F2866,,,,,확실,확정,
callback,record,2,fl:persona_on_frontline_07,,fl:persona_on_frontline_11,,fl:persona_on_frontline,fl:persona_on_frontline,474,474,E1564,재언급,F2855,,,,,추정,확정,
setup_payoff,record,3,fl:persona_on_frontline_27,,ep:d_nikke_ce009_03_01,,fl:persona_on_frontline,char:872,474,475,E1581,암시,F2869,,,,,확실,확정,
character,auto,2,fl:persona_on_frontline_27,75,ep:d_nikke_ce009_03_01,0,fl:persona_on_frontline,char:872,474,475,,,,person:아이기스,2,기록 8 · 말함 142줄(7%) · 이름 38줄,기록 2 · 말함 134줄(41%) · 이름 25줄,,,
keyword,auto,1,fl:persona_on_frontline_25,75,ep:d_nikke_ce009_03_01,70,fl:persona_on_frontline,char:872,474,475,,,,concept:니케,186,기록 2 · 이름 35줄,이름 8줄,,,흔한 대상
keyword,auto,1,fl:persona_on_frontline_27,62,ep:d_nikke_ce009_03_01,0,fl:persona_on_frontline,char:872,474,475,,,,place:방주,171,기록 4 · 이름 65줄,이름 9줄,,,흔한 대상
setup_payoff,record,3,fl:persona_on_frontline_27,,ep:d_nikke_ce009_01_01,,fl:persona_on_frontline,char:870,474,476,E1583,암시,F2870,,,,,확실,확정,
character,auto,2,fl:persona_on_frontline_27,74,ep:d_nikke_ce009_01_01,0,fl:persona_on_frontline,char:870,474,476,,,,person:퀸(마코토),2,기록 12 · 말함 215줄(11%),기록 2 · 말함 113줄(35%),,,
character,auto,2,fl:persona_on_frontline_27,76,ep:d_nikke_ce009_01_01,0,fl:persona_on_frontline,char:870,474,476,,,,person:팬텀,8,기록 6 · 말함 259줄(13%) · 이름 49줄,기록 2 · 말함 72줄(23%) · 이름 20줄,,,
keyword,auto,1,fl:persona_on_frontline_27,108,ep:d_nikke_ce009_01_01,50,fl:persona_on_frontline,char:870,474,476,,,,org:중앙_정부,67,기록 4 · 이름 39줄,이름 5줄,,,흔한 대상
setup_payoff,record,3,fl:persona_on_frontline_27,,ep:d_nikke_ce009_02_01,,fl:persona_on_frontline,char:871,474,477,E1582,암시,F2871,,,,,확실,확정,
character,auto,2,fl:persona_on_frontline_27,72,ep:d_nikke_ce009_02_01,0,fl:persona_on_frontline,char:871,474,477,,,,person:곰,2,기록 9 · 말함 171줄(9%) · 이름 115줄,기록 1 · 말함 41줄(14%) · 이름 26줄,,,
character,auto,2,fl:persona_on_frontline_27,71,ep:d_nikke_ce009_02_01,0,fl:persona_on_frontline,char:871,474,477,,,,person:유키코,2,기록 8 · 말함 253줄(13%) · 이름 52줄,기록 2 · 말함 120줄(40%) · 이름 18줄,,,
keyword,auto,1,fl:persona_on_frontline_16,29,fl:great_villain_union_00,0,fl:persona_on_frontline,fl:great_villain_union,474,478,,,,place:지상,132,이름 7줄,이름 13줄,,,흔한 대상
prereq,game-condition,3,ep:d_nikke_ce009_03_01,,ep:d_nikke_ce009_03_02,,char:872,char:872,475,475,,,,,,,,,,condition_scenario_group_id
prereq,game-condition,3,ep:d_nikke_ce009_03_02,,ep:d_nikke_ce009_03_03,,char:872,char:872,475,475,,,,,,,,,,condition_scenario_group_id
prereq,game-condition,3,ep:d_nikke_ce009_03_03,,ep:d_nikke_ce009_03_04,,char:872,char:872,475,475,,,,,,,,,,condition_scenario_group_id
prereq,game-condition,3,ep:d_nikke_ce009_03_04,,ep:d_nikke_ce009_03_05,,char:872,char:872,475,475,,,,,,,,,,condition_scenario_group_id
keyword,auto,1,ep:d_nikke_ce009_03_05,71,ep:d_nikke_ce009_01_01,3,char:872,char:870,475,476,,,,place:방주,171,이름 9줄,이름 9줄,,,흔한 대상
prereq,game-condition,3,ep:d_nikke_ce009_01_01,,ep:d_nikke_ce009_01_02,,char:870,char:870,476,476,,,,,,,,,,condition_scenario_group_id
prereq,game-condition,3,ep:d_nikke_ce009_01_02,,ep:d_nikke_ce009_01_03,,char:870,char:870,476,476,,,,,,,,,,condition_scenario_group_id
prereq,game-condition,3,ep:d_nikke_ce009_01_03,,ep:d_nikke_ce009_01_04,,char:870,char:870,476,476,,,,,,,,,,condition_scenario_group_id
prereq,game-condition,3,ep:d_nikke_ce009_01_04,,ep:d_nikke_ce009_01_05,,char:870,char:870,476,476,,,,,,,,,,condition_scenario_group_id
keyword,auto,1,ep:d_nikke_ce009_01_04,21,ep:d_nikke_drake_greatvillain_01,47,char:870,char:104,476,479,,,,place:방주,171,이름 9줄,이름 15줄,,,흔한 대상
prereq,game-condition,3,ep:d_nikke_ce009_02_01,,ep:d_nikke_ce009_02_02,,char:871,char:871,477,477,,,,,,,,,,condition_scenario_group_id
prereq,game-condition,3,ep:d_nikke_ce009_02_02,,ep:d_nikke_ce009_02_03,,char:871,char:871,477,477,,,,,,,,,,condition_scenario_group_id
prereq,game-condition,3,ep:d_nikke_ce009_02_03,,ep:d_nikke_ce009_02_04,,char:871,char:871,477,477,,,,,,,,,,condition_scenario_group_id
prereq,game-condition,3,ep:d_nikke_ce009_02_04,,ep:d_nikke_ce009_02_05,,char:871,char:871,477,477,,,,,,,,,,condition_scenario_group_id
setup_payoff,record,3,fl:great_villain_union_00,,fl:great_villain_union_14,,fl:great_villain_union,fl:great_villain_union,478,478,E1584,암시,F2906,,,,,확실,확정,
callback,record,3,fl:great_villain_union_08,,fl:great_villain_union_12,,fl:great_villain_union,fl:great_villain_union,478,478,E1590,재언급,F2873,,,,,확실,확정,
callback,record,3,fl:great_villain_union_08,,fl:great_villain_union_12,,fl:great_villain_union,fl:great_villain_union,478,478,E1590,재언급,F2876,,,,,확실,확정,
character,auto,2,fl:great_villain_union_14,70,ep:d_nikke_drake_greatvillain_01,0,fl:great_villain_union,char:104,478,479,,,,person:드레이크,16,기록 17 · 말함 556줄(48%) · 이름 118줄,기록 1 · 말함 216줄(100%) · 이름 42줄,,,
keyword,auto,2,fl:great_villain_union_14,72,ep:d_nikke_drake_greatvillain_01,54,fl:great_villain_union,char:104,478,479,,,,org:빌런_연합,5,기록 5 · 이름 53줄,이름 5줄,,,
prereq,game-condition,3,ep:d_nikke_drake_greatvillain_01,,ep:d_nikke_drake_greatvillain_02,,char:104,char:104,479,479,,,,,,,,,,condition_scenario_group_id
prereq,game-condition,3,ep:d_nikke_drake_greatvillain_02,,ep:d_nikke_drake_greatvillain_03,,char:104,char:104,479,479,,,,,,,,,,condition_scenario_group_id
prereq,game-condition,3,ep:d_nikke_drake_greatvillain_03,,ep:d_nikke_drake_greatvillain_04,,char:104,char:104,479,479,,,,,,,,,,condition_scenario_group_id
prereq,game-condition,3,ep:d_nikke_drake_greatvillain_04,,ep:d_nikke_drake_greatvillain_05,,char:104,char:104,479,479,,,,,,,,,,condition_scenario_group_id
prereq,game-condition,3,ep:d_nikke_guilty_mightybunny_01,,ep:d_nikke_guilty_mightybunny_02,,char:404,char:404,480,480,,,,,,,,,,condition_scenario_group_id
prereq,game-condition,3,ep:d_nikke_guilty_mightybunny_02,,ep:d_nikke_guilty_mightybunny_03,,char:404,char:404,480,480,,,,,,,,,,condition_scenario_group_id
prereq,game-condition,3,ep:d_nikke_guilty_mightybunny_03,,ep:d_nikke_guilty_mightybunny_04,,char:404,char:404,480,480,,,,,,,,,,condition_scenario_group_id
prereq,game-condition,3,ep:d_nikke_guilty_mightybunny_04,,ep:d_nikke_guilty_mightybunny_05,,char:404,char:404,480,480,,,,,,,,,,condition_scenario_group_id
prereq,game-condition,3,ep:d_nikke_sin_swiftbunny_01,,ep:d_nikke_sin_swiftbunny_02,,char:405,char:405,481,481,,,,,,,,,,condition_scenario_group_id
prereq,game-condition,3,ep:d_nikke_sin_swiftbunny_02,,ep:d_nikke_sin_swiftbunny_03,,char:405,char:405,481,481,,,,,,,,,,condition_scenario_group_id
prereq,game-condition,3,ep:d_nikke_sin_swiftbunny_03,,ep:d_nikke_sin_swiftbunny_04,,char:405,char:405,481,481,,,,,,,,,,condition_scenario_group_id
prereq,game-condition,3,ep:d_nikke_sin_swiftbunny_04,,ep:d_nikke_sin_swiftbunny_05,,char:405,char:405,481,481,,,,,,,,,,condition_scenario_group_id
