from_unit,to_unit,type,count,strength,origins,unconfirmed,records,targets,from_order,to_order,from_kind,to_kind
ch00,ch01,sequel,1,3,auto,0,,,1,2,메인,메인
ch00,ch01,reversal,1,3,record,0,F1-2,,1,2,메인,메인
ch00,ch01,character,3,2,auto,0,,person:라피 person:마리안 person:아니스,1,2,메인,메인
ch00,ch01,keyword,1,2,auto,0,,org:스쿼드_04-F,1,2,메인,메인
ch00,ch02,keyword,1,1,auto,0,,concept:랩쳐,1,3,메인,메인
ch00,ch17,callback,1,3,record,0,E124,,1,148,메인,메인
ch00,event_overthehorizon,callback,1,3,record,0,E770,,1,391,메인,이벤트
ch00,ch40,setup_payoff,1,2,record,0,E1,,1,398,메인,메인
ch00,fl:good_world,setup_payoff,1,2,record,0,E1,,1,448,메인,이벤트
ch00,ch48,setup_payoff,1,2,record,0,E2,,1,472,메인,메인
ch00,ch48,callback,2,3,record,0,E1231 E1242,,1,472,메인,메인
ch01,ch02,sequel,1,3,auto,0,,,2,3,메인,메인
ch01,ch02,setup_payoff,1,2,record,0,Q3-2,,2,3,메인,메인
ch01,ch02,character,5,2,auto,0,,person:네온 person:라피 person:시프티 person:아니스 person:엔더슨,2,3,메인,메인
ch01,ch02,keyword,4,2,auto,0,,concept:니케 org:카운터스 place:방주 place:지상,2,3,메인,메인
ch01,ch03,callback,1,3,record,0,E16,,2,6,메인,메인
ch01,ch04,setup_payoff,3,3,record,0,E6 Q1-2,,2,8,메인,메인
ch01,ch04,keyword,1,2,auto,0,,concept:침식,2,8,메인,메인
ch01,sub:중앙_정부_공식__00,keyword,1,1,auto,0,,org:중앙_정부,2,10,메인,서브퀘스트
ch01,ch06,setup_payoff,1,3,record,0,E7,,2,11,메인,메인
ch01,ch07,callback,1,3,record,0,E53,,2,42,메인,메인
ch01,ch07,character,1,2,auto,0,,person:마리안,2,42,메인,메인
ch01,ch09,callback,1,3,record,0,E69,,2,55,메인,메인
ch01,ch09,character,1,2,auto,0,,person:잉그리드,2,55,메인,메인
ch01,ch12,callback,1,3,record,0,E81,,2,73,메인,메인
ch01,ch13,callback,2,3,record,0,E88 E89,,2,76,메인,메인
ch01,ch14,setup_payoff,3,3,record,0,E6 Q1-3,,2,80,메인,메인
ch01,ch14,callback,2,3,record,0,E95 E97,,2,80,메인,메인
ch01,char:11,keyword,1,2,auto,0,,org:엘리시온,2,94,메인,호감도
ch01,char:232,callback,1,3,record,0,F16-2,,2,96,메인,호감도
ch01,char:232,keyword,1,2,auto,0,,concept:블랙스미스,2,96,메인,호감도
ch01,char:102,setup_payoff,2,3,record,0,E7,,2,107,메인,호감도
ch01,ch17,callback,2,3,record,0,E122,,2,148,메인,메인
ch01,event_brandnewyear,callback,1,3,record,0,E135,,2,163,메인,이벤트
ch01,char:260,callback,1,3,record,0,E1296,,2,164,메인,호감도
ch01,event_lastkingdom1,callback,1,3,record,0,E401,,2,295,메인,이벤트
ch01,char:830,keyword,1,2,auto,0,,place:시뮬레이션_룸,2,322,메인,호감도
ch01,event_footstepwalkrun1,setup_payoff,1,3,record,0,Q2-2,,2,350,메인,이벤트
ch01,ch35,callback,1,3,record,0,E595,,2,358,메인,메인
ch01,event_arcanearchive,callback,1,3,record,0,E726,,2,383,메인,이벤트
ch01,ch48,setup_payoff,1,2,record,0,E5,,2,472,메인,메인
ch01,ch48,callback,1,3,record,0,E1231,,2,472,메인,메인
ch02,sub:칠리페퍼_00,character,1,1,auto,0,,person:아니스,3,4,메인,서브퀘스트
ch02,sub:칠리페퍼_00,keyword,1,1,auto,0,,place:방주,3,4,메인,서브퀘스트
ch02,sub:테트라_커넥트_00,character,1,1,auto,0,,person:네온,3,5,메인,서브퀘스트
ch02,sub:테트라_커넥트_00,keyword,1,1,auto,0,,concept:니케,3,5,메인,서브퀘스트
ch02,ch03,sequel,1,3,auto,0,,,3,6,메인,메인
ch02,ch03,setup_payoff,1,3,record,0,Q8-2,,3,6,메인,메인
ch02,ch03,callback,1,3,record,0,F43-2,,3,6,메인,메인
ch02,ch03,character,4,2,auto,0,,person:라피 person:미하라 person:슈엔 person:유니,3,6,메인,메인
ch02,ch03,keyword,2,2,auto,0,,concept:랩쳐 org:워드리스,3,6,메인,메인
ch02,ch04,character,1,2,auto,0,,person:엔더슨,3,8,메인,메인
ch02,ch04,keyword,1,1,auto,0,,place:지상,3,8,메인,메인
ch02,ch06,setup_payoff,1,2,record,0,Q6-2,,3,11,메인,메인
ch02,sub:이례의_기록자_00,callback,1,3,record,0,E35,,3,22,메인,서브퀘스트
ch02,sub:랩칠리언_05,callback,1,2,record,0,E36,,3,28,메인,서브퀘스트
ch02,relic:니케실험대상자모집,keyword,1,2,auto,0,,org:3대_기업,3,37,메인,유실물
ch02,ch07,callback,1,3,record,0,F40-2,,3,42,메인,메인
ch02,ch07,keyword,1,2,auto,0,,org:카운터스,3,42,메인,메인
ch02,ch08,character,1,2,auto,0,,person:시프티,3,50,메인,메인
ch02,sub:칠리페퍼_01,keyword,1,2,auto,0,,place:전초기지,3,51,메인,서브퀘스트
ch02,ch10,setup_payoff,1,2,record,0,E11,,3,62,메인,메인
ch02,char:102,setup_payoff,1,2,record,0,Q6-3,,3,107,메인,호감도
ch02,ch20,callback,1,2,record,0,E145,,3,168,메인,메인
ch02,ch32,setup_payoff,1,2,record,0,E11,,3,310,메인,메인
ch02,event_footstepwalkrun1,setup_payoff,1,2,record,0,E11,,3,350,메인,이벤트
ch02,ch42,setup_payoff,2,3,record,0,E10,,3,416,메인,메인
sub:칠리페퍼_00,sub:테트라_커넥트_00,character,1,1,auto,0,,person:아니스,4,5,서브퀘스트,서브퀘스트
sub:칠리페퍼_00,sub:세르반_00,keyword,1,1,auto,0,,place:방주,4,7,서브퀘스트,서브퀘스트
sub:칠리페퍼_00,sub:칠리페퍼_01,sequel,1,3,auto,0,,,4,51,서브퀘스트,서브퀘스트
sub:칠리페퍼_00,sub:칠리페퍼_01,setup_payoff,1,3,record,0,Q9-2,,4,51,서브퀘스트,서브퀘스트
sub:칠리페퍼_00,sub:칠리페퍼_01,character,1,2,auto,0,,person:칠리페퍼,4,51,서브퀘스트,서브퀘스트
sub:테트라_커넥트_00,ch03,character,1,1,auto,0,,person:아니스,5,6,서브퀘스트,메인
sub:테트라_커넥트_00,ch03,keyword,1,1,auto,0,,concept:니케,5,6,서브퀘스트,메인
sub:테트라_커넥트_00,ch04,keyword,1,2,auto,0,,org:테트라,5,8,서브퀘스트,메인
sub:테트라_커넥트_00,ch05,character,1,1,auto,0,,person:네온,5,9,서브퀘스트,메인
sub:테트라_커넥트_00,sub:테트라_커넥트_01,sequel,1,3,auto,0,,,5,153,서브퀘스트,서브퀘스트
sub:테트라_커넥트_00,sub:테트라_커넥트_01,setup_payoff,1,2,record,0,E14,,5,153,서브퀘스트,서브퀘스트
sub:테트라_커넥트_00,sub:테트라_커넥트_01,keyword,1,2,auto,0,,org:테트라_커넥트,5,153,서브퀘스트,서브퀘스트
ch03,sub:세르반_00,character,1,1,auto,0,,person:아니스,6,7,메인,서브퀘스트
ch03,ch04,sequel,1,3,auto,0,,,6,8,메인,메인
ch03,ch04,setup_payoff,1,3,record,0,Q12-2,,6,8,메인,메인
ch03,ch04,reversal,1,3,record,0,F61-2,,6,8,메인,메인
ch03,ch04,character,5,2,auto,0,,person:라피 person:미하라 person:슈엔 person:유니 person:토커티브,6,8,메인,메인
ch03,ch04,keyword,2,1,auto,0,,concept:니케 concept:랩쳐,6,8,메인,메인
ch03,char:160,setup_payoff,1,3,record,0,E20,,6,132,메인,호감도
ch03,ch24,setup_payoff,1,2,record,0,E18,,6,221,메인,메인
ch03,side:wordless,callback,1,2,record,0,E473,,6,331,메인,사이드
ch03,side:wordless,keyword,1,2,auto,0,,org:워드리스,6,331,메인,사이드
ch03,event_footstepwalkrun1,setup_payoff,2,2,record,0,E18,,6,350,메인,이벤트
ch03,char:162,setup_payoff,1,3,record,0,E17,,6,382,메인,호감도
ch03,fl:sin_editor,callback,1,3,record,0,E998,,6,430,메인,이벤트
sub:세르반_00,ch04,character,1,1,auto,0,,person:아니스,7,8,서브퀘스트,메인
sub:세르반_00,ch04,keyword,1,1,auto,0,,place:방주,7,8,서브퀘스트,메인
sub:세르반_00,sub:세르반_01,sequel,1,3,auto,0,,,7,39,서브퀘스트,서브퀘스트
sub:세르반_00,sub:세르반_01,callback,1,3,record,0,F68-2,,7,39,서브퀘스트,서브퀘스트
sub:세르반_00,sub:세르반_01,character,1,2,auto,0,,person:세르반,7,39,서브퀘스트,서브퀘스트
sub:세르반_00,sub:세르반_02,keyword,1,2,auto,0,,concept:로열,7,44,서브퀘스트,서브퀘스트
sub:세르반_00,sub:세르반_03,setup_payoff,1,3,record,0,E21,,7,77,서브퀘스트,서브퀘스트
ch04,ch05,sequel,1,3,auto,0,,,8,9,메인,메인
ch04,ch05,character,2,1,auto,0,,person:라피 person:아니스,8,9,메인,메인
ch04,ch05,keyword,4,2,auto,0,,concept:니케 concept:랩쳐 org:필그림 place:북부,8,9,메인,메인
ch04,ch06,setup_payoff,2,3,record,0,Q13-2 Q15-2,,8,11,메인,메인
ch04,ch06,character,1,2,auto,0,,person:토커티브,8,11,메인,메인
ch04,ch06,keyword,2,1,auto,0,,place:방주 place:지상,8,11,메인,메인
ch04,sub:트레저_헌터_03,callback,1,2,record,0,E34,,8,21,메인,서브퀘스트
ch04,sub:랩칠리언_05,character,1,2,auto,0,,person:슈엔,8,28,메인,서브퀘스트
ch04,ch07,callback,1,3,record,0,E56,,8,42,메인,메인
ch04,sub:러블리_드림_00,character,1,2,auto,0,,person:머스탱,8,46,메인,서브퀘스트
ch04,ch09,setup_payoff,1,2,record,0,Q18-2,,8,55,메인,메인
ch04,ch09,character,1,2,auto,0,,person:엔더슨,8,55,메인,메인
ch04,ch09,keyword,2,2,auto,0,,concept:기억_소거 org:앱솔루트,8,55,메인,메인
ch04,ch10,setup_payoff,1,3,record,0,Q16-2,,8,62,메인,메인
ch04,ch10,character,3,2,auto,0,,person:베스티 person:엠마 person:은화,8,62,메인,메인
ch04,ch12,setup_payoff,1,3,record,0,Q18-3,,8,73,메인,메인
ch04,ch12,character,2,2,auto,0,,person:미하라 person:유니,8,73,메인,메인
ch04,ch12,keyword,1,2,auto,0,,concept:침식,8,73,메인,메인
ch04,ch13,setup_payoff,1,3,record,0,Q14-2,,8,76,메인,메인
ch04,ch14,setup_payoff,1,2,record,0,E25,,8,80,메인,메인
ch04,ch14,character,1,2,auto,0,,person:에닉,8,80,메인,메인
ch04,ch16,callback,1,2,record,0,E113,,8,87,메인,메인
ch04,char:241,keyword,1,2,auto,0,,org:테트라,8,129,메인,호감도
ch04,ch20,setup_payoff,1,3,record,0,Q13-3,,8,168,메인,메인
ch04,event_redash,setup_payoff,1,3,record,0,Q14-3,,8,248,메인,이벤트
ch04,event_redash,keyword,1,2,auto,0,,concept:페어리_테일,8,248,메인,이벤트
ch04,ch32,setup_payoff,2,3,record,0,E29 Q16-3,,8,310,메인,메인
ch04,side:wordless,setup_payoff,1,2,record,0,E24,,8,331,메인,사이드
ch04,event_footstepwalkrun1,setup_payoff,1,3,record,0,Q14-4,,8,350,메인,이벤트
ch04,ch35,setup_payoff,2,3,record,0,E28 Q19-2,,8,358,메인,메인
ch04,char:162,setup_payoff,2,3,record,0,E22 E23,,8,382,메인,호감도
ch04,char:162,callback,1,3,record,0,E1435,,8,382,메인,호감도
ch04,fl:ark_guardian,setup_payoff,1,2,record,0,E26,,8,428,메인,이벤트
ch04,side:pretty_star,setup_payoff,1,3,record,0,Q19-3,,8,447,메인,사이드
ch04,ch46,setup_payoff,1,2,record,0,E27,,8,452,메인,메인
ch04,event_staranis1,setup_payoff,1,3,record,0,Q19-4,,8,454,메인,이벤트
ch05,sub:중앙_정부_공식__00,character,1,1,auto,0,,person:아니스,9,10,메인,서브퀘스트
ch05,ch06,sequel,1,3,auto,0,,,9,11,메인,메인
ch05,ch06,callback,1,2,record,0,F98-2,,9,11,메인,메인
ch05,ch06,character,3,2,auto,0,,person:라피 person:루드밀라 person:앨리스,9,11,메인,메인
ch05,ch06,keyword,4,2,auto,0,,concept:니케 org:언리미티드 org:필그림 place:북부,9,11,메인,메인
ch05,relic:어느남자의수기,keyword,1,1,auto,0,,concept:랩쳐,9,12,메인,유실물
ch05,sub:트레저_헌터_03,character,1,1,auto,0,,person:네온,9,21,메인,서브퀘스트
ch05,ch13,setup_payoff,1,2,record,0,E43,,9,76,메인,메인
ch05,char:190,setup_payoff,1,3,record,0,E42,,9,104,메인,호감도
ch05,char:191,setup_payoff,2,3,record,0,E41 Q22-2,,9,126,메인,호감도
ch05,event_wisdomspring,setup_payoff,1,2,record,0,E40,,9,353,메인,이벤트
ch05,ch48,setup_payoff,1,2,record,0,E40,,9,472,메인,메인
sub:중앙_정부_공식__00,sub:콜렉터_00,keyword,1,1,auto,0,,org:중앙_정부,10,13,서브퀘스트,서브퀘스트
sub:중앙_정부_공식__00,sub:콜렉터_01,character,1,1,auto,0,,person:아니스,10,14,서브퀘스트,서브퀘스트
sub:중앙_정부_공식__00,sub:중앙_정부_공식__01,sequel,1,3,auto,0,,,10,43,서브퀘스트,서브퀘스트
sub:중앙_정부_공식__00,sub:중앙_정부_공식__01,character,1,2,auto,0,,person:제인_밀러,10,43,서브퀘스트,서브퀘스트
sub:중앙_정부_공식__00,sub:중앙_정부_공식__02,setup_payoff,2,2,record,0,E44 Q23-2,,10,154,서브퀘스트,서브퀘스트
ch06,sub:콜렉터_00,keyword,1,1,auto,0,,place:방주,11,13,메인,서브퀘스트
ch06,sub:콜렉터_01,keyword,2,1,auto,0,,concept:니케 place:지상,11,14,메인,서브퀘스트
ch06,sub:트레저_헌터_01,character,1,1,auto,0,,person:라피,11,19,메인,서브퀘스트
ch06,ch07,sequel,1,3,auto,0,,,11,42,메인,메인
ch06,ch07,setup_payoff,1,3,record,0,E50,,11,42,메인,메인
ch06,ch07,callback,2,3,record,0,F124-2 F127-2,,11,42,메인,메인
ch06,ch07,character,3,2,auto,0,,person:모더니아 person:스노우_화이트 person:토커티브,11,42,메인,메인
ch06,ch07,keyword,2,2,auto,0,,concept:헬레틱 org:필그림,11,42,메인,메인
ch06,ch12,setup_payoff,1,3,record,0,Q26-2,,11,73,메인,메인
ch06,ch14,setup_payoff,1,3,record,0,Q27-2,,11,80,메인,메인
ch06,char:232,keyword,1,2,auto,0,,org:언리미티드,11,96,메인,호감도
ch06,char:221,setup_payoff,1,2,record,0,E49,,11,102,메인,호감도
ch06,char:190,setup_payoff,1,2,record,0,Q25-2,,11,104,메인,호감도
ch06,char:190,character,1,2,auto,0,,person:루드밀라,11,104,메인,호감도
ch06,char:191,character,1,2,auto,0,,person:앨리스,11,126,메인,호감도
ch06,ch20,character,1,2,auto,0,,person:퀸,11,168,메인,메인
ch06,event_alonesurvivor,keyword,1,2,auto,0,,place:북부,11,253,메인,이벤트
ch06,char:192,callback,2,3,record,0,E1608 E1609,,11,254,메인,호감도
ch06,event_lastkingdom1,setup_payoff,1,2,record,0,Q29-2,,11,295,메인,이벤트
ch06,event_arcanearchive,callback,1,3,record,0,E726,,11,383,메인,이벤트
ch06,ch39,callback,1,3,record,0,E803,,11,396,메인,메인
ch06,event_goddessfall1,setup_payoff,1,2,record,0,Q28-2,,11,418,메인,이벤트
relic:어느남자의수기,relic:생존가이드1,keyword,1,1,auto,0,,concept:랩쳐,12,15,유실물,유실물
sub:콜렉터_00,sub:콜렉터_01,sequel,1,3,auto,0,,,13,14,서브퀘스트,서브퀘스트
sub:콜렉터_00,sub:콜렉터_01,setup_payoff,1,3,record,0,E12,,13,14,서브퀘스트,서브퀘스트
sub:콜렉터_00,sub:콜렉터_01,character,1,2,auto,0,,person:콜렉터,13,14,서브퀘스트,서브퀘스트
sub:콜렉터_00,sub:콜렉터_01,keyword,2,2,auto,0,,org:중앙_정부 place:아우터_림,13,14,서브퀘스트,서브퀘스트
sub:콜렉터_00,relic:방주추첨권,keyword,1,1,auto,0,,place:방주,13,17,서브퀘스트,유실물
sub:콜렉터_00,char:202,keyword,1,2,auto,0,,place:블랙넷,13,99,서브퀘스트,호감도
sub:콜렉터_00,fl:persona_on_frontline,callback,1,3,record,0,E1569,,13,474,서브퀘스트,이벤트
sub:콜렉터_01,sub:트레저_헌터_00,character,1,1,auto,0,,person:아니스,14,18,서브퀘스트,서브퀘스트
sub:콜렉터_01,sub:트레저_헌터_00,keyword,1,1,auto,0,,place:지상,14,18,서브퀘스트,서브퀘스트
sub:콜렉터_01,sub:트레저_헌터_01,keyword,1,1,auto,0,,concept:니케,14,19,서브퀘스트,서브퀘스트
sub:콜렉터_01,sub:랩칠리언_04,keyword,1,1,auto,0,,org:중앙_정부,14,27,서브퀘스트,서브퀘스트
sub:콜렉터_01,sub:저스틴_00,keyword,1,2,auto,0,,place:아우터_림,14,40,서브퀘스트,서브퀘스트
sub:콜렉터_01,sub:콜렉터_02,sequel,1,3,auto,0,,,14,219,서브퀘스트,서브퀘스트
sub:콜렉터_01,sub:콜렉터_02,callback,1,3,record,0,E232,,14,219,서브퀘스트,서브퀘스트
sub:콜렉터_01,sub:콜렉터_02,character,1,2,auto,0,,person:콜렉터,14,219,서브퀘스트,서브퀘스트
relic:생존가이드1,relic:통화기록017515,keyword,1,1,auto,0,,concept:랩쳐,15,16,유실물,유실물
relic:통화기록017515,sub:랩칠리언_00,keyword,1,1,auto,0,,concept:랩쳐,16,23,유실물,서브퀘스트
relic:방주추첨권,sub:랩칠리언_05,keyword,1,1,auto,0,,place:방주,17,28,유실물,서브퀘스트
relic:방주추첨권,relic:구시대의플레이리스트,callback,1,2,record,0,E77,,17,72,유실물,유실물
relic:방주추첨권,relic:잘지내라친구,keyword,1,2,auto,0,,item:방주_추첨권,17,272,유실물,유실물
sub:트레저_헌터_00,sub:트레저_헌터_01,sequel,1,3,auto,0,,,18,19,서브퀘스트,서브퀘스트
sub:트레저_헌터_00,sub:트레저_헌터_01,character,2,2,auto,0,,person:아니스 person:트레저_헌터,18,19,서브퀘스트,서브퀘스트
sub:트레저_헌터_00,sub:트레저_헌터_02,setup_payoff,1,3,record,0,Q30-2,,18,20,서브퀘스트,서브퀘스트
sub:트레저_헌터_00,sub:트레저_헌터_03,setup_payoff,2,3,record,0,E30 Q30-3,,18,21,서브퀘스트,서브퀘스트
sub:트레저_헌터_00,sub:랩칠리언_00,keyword,1,1,auto,0,,place:지상,18,23,서브퀘스트,서브퀘스트
sub:트레저_헌터_01,sub:트레저_헌터_02,sequel,1,3,auto,0,,,19,20,서브퀘스트,서브퀘스트
sub:트레저_헌터_01,sub:트레저_헌터_02,character,3,2,auto,0,,person:라피 person:아니스 person:트레저_헌터,19,20,서브퀘스트,서브퀘스트
sub:트레저_헌터_01,sub:트레저_헌터_02,keyword,2,2,auto,0,,concept:니케 org:자원_채집_부대,19,20,서브퀘스트,서브퀘스트
sub:트레저_헌터_01,sub:트레저_헌터_03,setup_payoff,2,3,record,0,E31 E32,,19,21,서브퀘스트,서브퀘스트
sub:트레저_헌터_02,sub:트레저_헌터_03,sequel,1,3,auto,0,,,20,21,서브퀘스트,서브퀘스트
sub:트레저_헌터_02,sub:트레저_헌터_03,setup_payoff,1,2,record,0,E33,,20,21,서브퀘스트,서브퀘스트
sub:트레저_헌터_02,sub:트레저_헌터_03,reversal,1,3,record,0,F146-2,,20,21,서브퀘스트,서브퀘스트
sub:트레저_헌터_02,sub:트레저_헌터_03,character,1,2,auto,0,,person:트레저_헌터,20,21,서브퀘스트,서브퀘스트
sub:트레저_헌터_02,sub:트레저_헌터_03,keyword,1,2,auto,0,,org:자원_채집_부대,20,21,서브퀘스트,서브퀘스트
sub:트레저_헌터_02,sub:이례의_기록자_00,character,1,1,auto,0,,person:아니스,20,22,서브퀘스트,서브퀘스트
sub:트레저_헌터_02,sub:랩칠리언_05,character,1,1,auto,0,,person:라피,20,28,서브퀘스트,서브퀘스트
sub:트레저_헌터_02,sub:랩칠리언_06,keyword,1,1,auto,0,,concept:니케,20,29,서브퀘스트,서브퀘스트
sub:트레저_헌터_03,sub:이례의_기록자_00,character,1,1,auto,0,,person:네온,21,22,서브퀘스트,서브퀘스트
sub:트레저_헌터_03,event_overthehorizon,keyword,1,2,auto,0,,org:자원_채집_부대,21,391,서브퀘스트,이벤트
sub:이례의_기록자_00,sub:랩칠리언_05,character,1,1,auto,0,,person:아니스,22,28,서브퀘스트,서브퀘스트
sub:이례의_기록자_00,sub:산해진미_01,character,1,1,auto,0,,person:네온,22,36,서브퀘스트,서브퀘스트
sub:랩칠리언_00,sub:랩칠리언_01,sequel,1,3,auto,0,,,23,24,서브퀘스트,서브퀘스트
sub:랩칠리언_00,sub:랩칠리언_01,character,1,2,auto,0,,person:랩칠리언,23,24,서브퀘스트,서브퀘스트
sub:랩칠리언_00,sub:랩칠리언_01,keyword,1,1,auto,0,,concept:랩쳐,23,24,서브퀘스트,서브퀘스트
sub:랩칠리언_00,sub:산해진미_00,keyword,1,1,auto,0,,place:지상,23,35,서브퀘스트,서브퀘스트
sub:랩칠리언_01,sub:랩칠리언_02,sequel,1,3,auto,0,,,24,25,서브퀘스트,서브퀘스트
sub:랩칠리언_01,sub:랩칠리언_02,character,1,2,auto,0,,person:랩칠리언,24,25,서브퀘스트,서브퀘스트
sub:랩칠리언_01,sub:랩칠리언_02,keyword,1,1,auto,0,,concept:랩쳐,24,25,서브퀘스트,서브퀘스트
sub:랩칠리언_01,relic:정갈하게쓴기록,callback,1,3,record,0,E814,,24,397,서브퀘스트,유실물
sub:랩칠리언_02,sub:랩칠리언_03,sequel,1,3,auto,0,,,25,26,서브퀘스트,서브퀘스트
sub:랩칠리언_02,sub:랩칠리언_03,character,1,2,auto,0,,person:랩칠리언,25,26,서브퀘스트,서브퀘스트
sub:랩칠리언_02,sub:랩칠리언_03,keyword,1,1,auto,0,,concept:랩쳐,25,26,서브퀘스트,서브퀘스트
sub:랩칠리언_03,sub:랩칠리언_04,sequel,1,3,auto,0,,,26,27,서브퀘스트,서브퀘스트
sub:랩칠리언_03,sub:랩칠리언_04,character,1,2,auto,0,,person:랩칠리언,26,27,서브퀘스트,서브퀘스트
sub:랩칠리언_03,sub:랩칠리언_04,keyword,1,1,auto,0,,concept:랩쳐,26,27,서브퀘스트,서브퀘스트
sub:랩칠리언_04,sub:랩칠리언_05,sequel,1,3,auto,0,,,27,28,서브퀘스트,서브퀘스트
sub:랩칠리언_04,sub:랩칠리언_05,character,1,2,auto,0,,person:랩칠리언,27,28,서브퀘스트,서브퀘스트
sub:랩칠리언_04,sub:랩칠리언_05,keyword,1,1,auto,0,,concept:랩쳐,27,28,서브퀘스트,서브퀘스트
sub:랩칠리언_04,sub:시리얼_01,keyword,1,1,auto,0,,org:중앙_정부,27,34,서브퀘스트,서브퀘스트
sub:랩칠리언_05,sub:랩칠리언_06,sequel,1,3,auto,0,,,28,29,서브퀘스트,서브퀘스트
sub:랩칠리언_05,sub:랩칠리언_06,character,3,2,auto,0,,person:라피 person:랩칠리언 person:아니스,28,29,서브퀘스트,서브퀘스트
sub:랩칠리언_05,sub:랩칠리언_06,keyword,1,1,auto,0,,concept:랩쳐,28,29,서브퀘스트,서브퀘스트
sub:랩칠리언_05,relic:통화기록028594,keyword,1,2,auto,0,,org:미실리스,28,38,서브퀘스트,유실물
sub:랩칠리언_05,ch07,keyword,1,1,auto,0,,place:방주,28,42,서브퀘스트,메인
sub:랩칠리언_05,ch08,character,1,2,auto,0,,person:슈엔,28,50,서브퀘스트,메인
sub:랩칠리언_06,sub:할아범_00,character,2,1,auto,0,,person:라피 person:아니스,29,30,서브퀘스트,서브퀘스트
sub:랩칠리언_06,sub:저스틴_00,keyword,1,1,auto,0,,concept:니케,29,40,서브퀘스트,서브퀘스트
sub:랩칠리언_06,ch07,keyword,1,1,auto,0,,concept:랩쳐,29,42,서브퀘스트,메인
sub:랩칠리언_06,ch14,callback,1,3,record,0,F171-2,,29,80,서브퀘스트,메인
sub:랩칠리언_06,ch14,character,2,2,auto,0,,person:D person:K,29,80,서브퀘스트,메인
sub:랩칠리언_06,ch21,keyword,1,2,auto,0,,concept:마더_웨일,29,191,서브퀘스트,메인
sub:랩칠리언_06,ch27,setup_payoff,1,3,record,0,E37,,29,267,서브퀘스트,메인
sub:랩칠리언_06,ch27,character,1,2,auto,0,,person:랩칠리언,29,267,서브퀘스트,메인
sub:랩칠리언_06,relic:정갈하게쓴기록,callback,1,3,record,0,E812,,29,397,서브퀘스트,유실물
sub:랩칠리언_06,event_staranis1,callback,1,3,record,0,E1161,,29,454,서브퀘스트,이벤트
sub:랩칠리언_06,fl:project_matis,callback,1,2,record,0,E1193,,29,467,서브퀘스트,이벤트
sub:할아범_00,sub:고스트_00,character,2,1,auto,0,,person:라피 person:아니스,30,32,서브퀘스트,서브퀘스트
sub:할아범_00,sub:할아범_01,sequel,1,3,auto,0,,,30,201,서브퀘스트,서브퀘스트
sub:할아범_00,sub:할아범_01,callback,1,3,record,0,E178,,30,201,서브퀘스트,서브퀘스트
sub:할아범_00,sub:할아범_01,character,1,2,auto,0,,person:할아범,30,201,서브퀘스트,서브퀘스트
relic:갓데스스쿼드리포트,char:221,setup_payoff,1,3,record,0,Q33-2,,31,102,유실물,호감도
relic:갓데스스쿼드리포트,char:221,keyword,1,2,auto,0,,org:갓데스,31,102,유실물,호감도
relic:갓데스스쿼드리포트,event_overzone,setup_payoff,1,3,record,0,Q33-3,,31,203,유실물,이벤트
relic:갓데스스쿼드리포트,event_overzone,keyword,1,2,auto,0,,incident:아크_가디언_작전,31,203,유실물,이벤트
relic:갓데스스쿼드리포트,event_redash,setup_payoff,2,3,record,0,E38 E39,,31,248,유실물,이벤트
sub:고스트_00,sub:시리얼_00,character,1,1,auto,0,,person:아니스,32,33,서브퀘스트,서브퀘스트
sub:고스트_00,sub:저스틴_00,character,1,1,auto,0,,person:라피,32,40,서브퀘스트,서브퀘스트
sub:시리얼_00,sub:시리얼_01,sequel,1,3,auto,0,,,33,34,서브퀘스트,서브퀘스트
sub:시리얼_00,sub:시리얼_01,character,1,2,auto,0,,person:시리얼,33,34,서브퀘스트,서브퀘스트
sub:시리얼_00,sub:산해진미_00,character,1,1,auto,0,,person:아니스,33,35,서브퀘스트,서브퀘스트
sub:시리얼_01,ch07,keyword,1,1,auto,0,,org:중앙_정부,34,42,서브퀘스트,메인
sub:시리얼_01,char:12,keyword,1,2,auto,0,,place:갱생관,34,123,서브퀘스트,호감도
sub:산해진미_00,sub:산해진미_01,sequel,1,3,auto,0,,,35,36,서브퀘스트,서브퀘스트
sub:산해진미_00,sub:산해진미_01,character,2,2,auto,0,,person:산해진미 person:아니스,35,36,서브퀘스트,서브퀘스트
sub:산해진미_00,sub:산해진미_01,keyword,1,1,auto,0,,place:지상,35,36,서브퀘스트,서브퀘스트
sub:산해진미_01,ch07,character,1,1,auto,0,,person:아니스,36,42,서브퀘스트,메인
sub:산해진미_01,ch07,keyword,1,1,auto,0,,place:지상,36,42,서브퀘스트,메인
sub:산해진미_01,sub:중앙_정부_공식__01,character,1,1,auto,0,,person:네온,36,43,서브퀘스트,서브퀘스트
sub:산해진미_01,char:32,keyword,1,2,auto,0,,org:A.C.P.U.,36,110,서브퀘스트,호감도
relic:니케실험대상자모집,relic:니케실험반대피켓,keyword,1,2,auto,0,,org:3대_기업,37,41,유실물,유실물
relic:니케실험대상자모집,char:191,setup_payoff,1,2,record,0,E46,,37,126,유실물,호감도
relic:니케실험대상자모집,sub:중앙_정부_공식__02,setup_payoff,1,2,record,0,E45,,37,154,유실물,서브퀘스트
relic:니케실험대상자모집,ch48,setup_payoff,1,2,record,0,E46,,37,472,유실물,메인
relic:통화기록028594,relic:니케실험반대피켓,setup_payoff,1,2,record,0,E47,,38,41,유실물,유실물
relic:통화기록028594,relic:니케실험반대피켓,callback,1,2,record,0,E52,,38,41,유실물,유실물
relic:통화기록028594,sub:미실리스_연구팀_00,keyword,1,2,auto,0,,org:미실리스,38,57,유실물,서브퀘스트
sub:세르반_01,sub:세르반_02,sequel,1,3,auto,0,,,39,44,서브퀘스트,서브퀘스트
sub:세르반_01,sub:세르반_02,callback,1,3,record,0,E59,,39,44,서브퀘스트,서브퀘스트
sub:세르반_01,sub:세르반_02,character,1,2,auto,0,,person:세르반,39,44,서브퀘스트,서브퀘스트
sub:세르반_01,sub:세르반_03,setup_payoff,1,3,record,0,E51,,39,77,서브퀘스트,서브퀘스트
sub:세르반_01,ch44,callback,1,3,record,0,E1025,,39,436,서브퀘스트,메인
sub:저스틴_00,relic:니케실험반대피켓,keyword,1,1,auto,0,,concept:니케,40,41,서브퀘스트,유실물
sub:저스틴_00,ch07,character,1,1,auto,0,,person:라피,40,42,서브퀘스트,메인
sub:저스틴_00,ch09,keyword,1,2,auto,0,,place:아우터_림,40,55,서브퀘스트,메인
sub:저스틴_00,char:241,keyword,1,2,auto,0,,place:리페어_센터,40,129,서브퀘스트,호감도
relic:니케실험반대피켓,ch07,keyword,1,1,auto,0,,concept:니케,41,42,유실물,메인
relic:니케실험반대피켓,char:181,keyword,1,2,auto,0,,concept:양산형_니케,41,109,유실물,호감도
relic:니케실험반대피켓,char:12,keyword,1,2,auto,0,,org:3대_기업,41,123,유실물,호감도
ch07,sub:중앙_정부_공식__01,character,2,1,auto,0,,person:라피 person:아니스,42,43,메인,서브퀘스트
ch07,sub:중앙_정부_공식__01,keyword,2,1,auto,0,,org:중앙_정부 place:지상,42,43,메인,서브퀘스트
ch07,sub:스페이드_00,keyword,2,1,auto,0,,concept:니케 concept:랩쳐,42,45,메인,서브퀘스트
ch07,d_ex_elevator_01,keyword,1,1,auto,0,,place:방주,42,49,메인,그 밖
ch07,ch08,sequel,1,3,auto,0,,,42,50,메인,메인
ch07,ch08,character,1,2,auto,0,,person:엑시아,42,50,메인,메인
ch07,ch08,keyword,1,2,auto,0,,org:카운터스,42,50,메인,메인
ch07,ch09,setup_payoff,1,3,record,0,Q38-2,,42,55,메인,메인
ch07,ch10,keyword,1,2,auto,0,,concept:헬레틱,42,62,메인,메인
ch07,ch12,character,1,2,auto,0,,person:모더니아,42,73,메인,메인
ch07,ch13,setup_payoff,1,2,record,0,E54,,42,76,메인,메인
ch07,ch13,callback,1,3,record,0,E87,,42,76,메인,메인
ch07,ch13,character,2,2,auto,0,,person:마리안 person:토커티브,42,76,메인,메인
ch07,ch14,character,1,2,auto,0,,person:스노우_화이트,42,80,메인,메인
ch07,ch14,keyword,1,2,auto,0,,org:필그림,42,80,메인,메인
ch07,char:221,setup_payoff,1,2,record,0,E57,,42,102,메인,호감도
ch07,char:102,callback,1,3,record,0,E1262,,42,107,메인,호감도
ch07,ch17,setup_payoff,1,3,record,0,Q38-3,,42,148,메인,메인
ch07,ch19,setup_payoff,1,3,record,0,Q39-2,,42,165,메인,메인
ch07,event_overzone,callback,1,3,record,0,E207,,42,203,메인,이벤트
ch07,event_lastkingdom1,callback,1,3,record,0,E409,,42,295,메인,이벤트
ch07,event_goddessfall1,setup_payoff,1,2,record,0,E55,,42,418,메인,이벤트
ch07,ch46,setup_payoff,1,2,record,0,E58,,42,452,메인,메인
sub:중앙_정부_공식__01,sub:세르반_02,character,1,1,auto,0,,person:아니스,43,44,서브퀘스트,서브퀘스트
sub:중앙_정부_공식__01,sub:세르반_02,keyword,1,1,auto,0,,place:지상,43,44,서브퀘스트,서브퀘스트
sub:중앙_정부_공식__01,sub:스페이드_00,character,1,1,auto,0,,person:네온,43,45,서브퀘스트,서브퀘스트
sub:중앙_정부_공식__01,sub:러블리_드림_01,character,1,1,auto,0,,person:라피,43,47,서브퀘스트,서브퀘스트
sub:중앙_정부_공식__01,ch09,keyword,1,1,auto,0,,org:중앙_정부,43,55,서브퀘스트,메인
sub:중앙_정부_공식__01,sub:중앙_정부_공식__02,sequel,1,3,auto,0,,,43,154,서브퀘스트,서브퀘스트
sub:중앙_정부_공식__01,sub:중앙_정부_공식__02,setup_payoff,1,3,record,0,Q40-2,,43,154,서브퀘스트,서브퀘스트
sub:중앙_정부_공식__01,sub:중앙_정부_공식__02,character,1,2,auto,0,,person:제인_밀러,43,154,서브퀘스트,서브퀘스트
sub:세르반_02,sub:스페이드_00,character,1,1,auto,0,,person:아니스,44,45,서브퀘스트,서브퀘스트
sub:세르반_02,sub:스페이드_00,keyword,1,1,auto,0,,place:지상,44,45,서브퀘스트,서브퀘스트
sub:세르반_02,sub:세르반_03,sequel,1,3,auto,0,,,44,77,서브퀘스트,서브퀘스트
sub:세르반_02,sub:세르반_03,setup_payoff,2,3,record,0,E60 Q41-2,,44,77,서브퀘스트,서브퀘스트
sub:세르반_02,sub:세르반_03,character,1,2,auto,0,,person:세르반,44,77,서브퀘스트,서브퀘스트
sub:세르반_02,char:190,keyword,1,2,auto,0,,concept:로열,44,104,서브퀘스트,호감도
sub:스페이드_00,sub:러블리_드림_00,keyword,2,1,auto,0,,concept:니케 place:지상,45,46,서브퀘스트,서브퀘스트
sub:스페이드_00,sub:러블리_드림_01,character,1,1,auto,0,,person:아니스,45,47,서브퀘스트,서브퀘스트
sub:스페이드_00,d_ex_elevator_01,character,1,1,auto,0,,person:네온,45,49,서브퀘스트,그 밖
sub:스페이드_00,relic:UFO챈.zip,keyword,1,1,auto,0,,concept:랩쳐,45,54,서브퀘스트,유실물
sub:러블리_드림_00,sub:러블리_드림_01,sequel,1,3,auto,0,,,46,47,서브퀘스트,서브퀘스트
sub:러블리_드림_00,sub:러블리_드림_01,character,1,2,auto,0,,person:러블리_드림☆,46,47,서브퀘스트,서브퀘스트
sub:러블리_드림_00,d_ex_elevator_01,keyword,2,1,auto,0,,concept:니케 place:지상,46,49,서브퀘스트,그 밖
sub:러블리_드림_00,char:130,character,1,2,auto,0,,person:머스탱,46,108,서브퀘스트,호감도
sub:러블리_드림_00,event_staranis1,setup_payoff,1,2,record,0,E61,,46,454,서브퀘스트,이벤트
sub:러블리_드림_01,d_ex_elevator_01,character,2,1,auto,0,,person:라피 person:아니스,47,49,서브퀘스트,그 밖
d_ex_elevator_01,ch08,character,3,1,auto,0,,person:네온 person:라피 person:아니스,49,50,그 밖,메인
d_ex_elevator_01,ch08,keyword,1,1,auto,0,,concept:니케,49,50,그 밖,메인
d_ex_elevator_01,sub:칠리페퍼_01,keyword,1,1,auto,0,,place:지상,49,51,그 밖,서브퀘스트
d_ex_elevator_01,ch09,keyword,1,1,auto,0,,place:방주,49,55,그 밖,메인
d_ex_elevator_01,event_footstepwalkrun1,callback,2,3,record,0,F231-2 F232-2,,49,350,그 밖,이벤트
d_ex_elevator_01,erelic:goddess_fall_mini,keyword,1,2,auto,0,,incident:갓데스_폴,49,419,그 밖,유실물
ch08,sub:든_셀_00,character,2,2,auto,0,,person:아니스 person:엑시아,50,52,메인,서브퀘스트
ch08,ch09,sequel,1,3,auto,0,,,50,55,메인,메인
ch08,ch09,setup_payoff,3,3,record,0,E63 E64 Q42-2,,50,55,메인,메인
ch08,ch09,reversal,1,3,record,0,F234-2,,50,55,메인,메인
ch08,ch09,character,3,2,auto,0,,person:라피 person:슈엔 person:시프티,50,55,메인,메인
ch08,ch09,keyword,2,2,auto,0,,concept:니케 org:카운터스,50,55,메인,메인
ch08,sub:미실리스_연구팀_00,character,1,1,auto,0,,person:네온,50,57,메인,서브퀘스트
ch08,ch39,setup_payoff,1,3,record,0,Q43-2,,50,396,메인,메인
ch08,side:pretty_star,setup_payoff,1,2,record,0,Q43-3,,50,447,메인,사이드
ch08,event_staranis1,setup_payoff,1,3,record,0,Q43-4,,50,454,메인,이벤트
sub:칠리페퍼_01,sub:테디_00,keyword,1,1,auto,0,,place:지상,51,56,서브퀘스트,서브퀘스트
sub:칠리페퍼_01,ch14,keyword,1,2,auto,0,,place:전초기지,51,80,서브퀘스트,메인
sub:칠리페퍼_01,sub:칠리페퍼_02,sequel,1,3,auto,0,,,51,81,서브퀘스트,서브퀘스트
sub:칠리페퍼_01,sub:칠리페퍼_02,setup_payoff,2,3,record,0,E65 Q44-2,,51,81,서브퀘스트,서브퀘스트
sub:칠리페퍼_01,sub:칠리페퍼_02,character,1,2,auto,0,,person:칠리페퍼,51,81,서브퀘스트,서브퀘스트
sub:든_셀_00,ch09,character,2,2,auto,0,,person:아니스 person:엑시아,52,55,서브퀘스트,메인
sub:든_셀_00,ch15,keyword,1,2,auto,0,,concept:에블라_입자,52,85,서브퀘스트,메인
relic:UFO챈.zip,ch09,keyword,1,1,auto,0,,concept:랩쳐,54,55,유실물,메인
relic:UFO챈.zip,char:221,setup_payoff,1,3,record,0,Q46-2,,54,102,유실물,호감도
relic:UFO챈.zip,event_redash,setup_payoff,1,3,record,0,Q46-3,,54,248,유실물,이벤트
relic:UFO챈.zip,event_redash,keyword,1,2,auto,0,,place:궤도_엘리베이터,54,248,유실물,이벤트
relic:UFO챈.zip,char:224,callback,1,2,record,0,E1338,,54,252,유실물,호감도
relic:UFO챈.zip,ch35,setup_payoff,1,3,record,0,Q46-4,,54,358,유실물,메인
ch09,sub:테디_00,character,1,1,auto,0,,person:아니스,55,56,메인,서브퀘스트
ch09,sub:테디_00,keyword,1,1,auto,0,,concept:니케,55,56,메인,서브퀘스트
ch09,sub:미실리스_연구팀_00,character,1,1,auto,0,,person:라피,55,57,메인,서브퀘스트
ch09,sub:미실리스_연구팀_01,keyword,1,1,auto,0,,concept:랩쳐,55,58,메인,서브퀘스트
ch09,ch10,sequel,1,3,auto,0,,,55,62,메인,메인
ch09,ch10,callback,1,3,record,0,E71,,55,62,메인,메인
ch09,ch10,character,1,2,auto,0,,person:시프티,55,62,메인,메인
ch09,ch10,keyword,1,2,auto,0,,org:앱솔루트,55,62,메인,메인
ch09,sub:코리_00,keyword,1,1,auto,0,,place:방주,55,63,메인,서브퀘스트
ch09,ch11,setup_payoff,1,3,record,0,E70,,55,68,메인,메인
ch09,ch11,character,2,2,auto,0,,person:슈엔 person:잉그리드,55,68,메인,메인
ch09,ch12,character,1,2,auto,0,,person:엔더슨,55,73,메인,메인
ch09,ch12,keyword,2,2,auto,0,,concept:기억_소거 concept:언체인드,55,73,메인,메인
ch09,ch13,callback,1,3,record,0,E85,,55,76,메인,메인
ch09,ch13,keyword,1,2,auto,0,,org:카운터스,55,76,메인,메인
ch09,ch14,setup_payoff,1,3,record,0,Q49-2,,55,80,메인,메인
ch09,ch14,character,1,2,auto,0,,person:프리바티,55,80,메인,메인
ch09,ch14,keyword,2,2,auto,0,,org:중앙_정부 org:트라이앵글,55,80,메인,메인
ch09,ch15,callback,1,3,record,0,E101,,55,85,메인,메인
ch09,ch16,keyword,1,2,auto,0,,place:아우터_림,55,87,메인,메인
ch09,char:212,character,2,2,auto,0,,person:노벨 person:엑시아,55,95,메인,호감도
ch09,ch27,keyword,1,2,auto,0,,concept:특수_별동대,55,267,메인,메인
ch09,ch33,callback,1,3,record,0,E477,,55,334,메인,메인
sub:테디_00,sub:미실리스_연구팀_00,character,1,1,auto,0,,person:아니스,56,57,서브퀘스트,서브퀘스트
sub:테디_00,sub:미실리스_연구팀_01,keyword,2,1,auto,0,,concept:니케 place:지상,56,58,서브퀘스트,서브퀘스트
sub:미실리스_연구팀_00,sub:미실리스_연구팀_01,sequel,1,3,auto,0,,,57,58,서브퀘스트,서브퀘스트
sub:미실리스_연구팀_00,sub:미실리스_연구팀_01,character,4,2,auto,0,,person:네온 person:라피 person:볼트_MK.II person:아니스,57,58,서브퀘스트,서브퀘스트
sub:미실리스_연구팀_00,sub:미실리스_연구팀_01,keyword,1,2,auto,0,,org:미실리스,57,58,서브퀘스트,서브퀘스트
sub:미실리스_연구팀_01,sub:미실리스_연구팀_02,sequel,1,3,auto,0,,,58,59,서브퀘스트,서브퀘스트
sub:미실리스_연구팀_01,sub:미실리스_연구팀_02,character,2,2,auto,0,,person:볼트_MK.II person:아니스,58,59,서브퀘스트,서브퀘스트
sub:미실리스_연구팀_01,sub:미실리스_연구팀_02,keyword,1,1,auto,0,,concept:랩쳐,58,59,서브퀘스트,서브퀘스트
sub:미실리스_연구팀_01,sub:미실리스_연구팀_03,keyword,1,1,auto,0,,place:지상,58,60,서브퀘스트,서브퀘스트
sub:미실리스_연구팀_01,ch10,character,1,1,auto,0,,person:라피,58,62,서브퀘스트,메인
sub:미실리스_연구팀_01,sub:롬_01,character,1,1,auto,0,,person:네온,58,65,서브퀘스트,서브퀘스트
sub:미실리스_연구팀_01,sub:롬_02,keyword,1,1,auto,0,,concept:니케,58,66,서브퀘스트,서브퀘스트
sub:미실리스_연구팀_01,ch11,keyword,1,2,auto,0,,org:미실리스,58,68,서브퀘스트,메인
sub:미실리스_연구팀_02,sub:미실리스_연구팀_03,sequel,1,3,auto,0,,,59,60,서브퀘스트,서브퀘스트
sub:미실리스_연구팀_02,sub:미실리스_연구팀_03,character,3,2,auto,0,,person:리타 person:볼트_MK.II person:아니스,59,60,서브퀘스트,서브퀘스트
sub:미실리스_연구팀_02,sub:미실리스_연구팀_03,keyword,1,1,auto,0,,concept:랩쳐,59,60,서브퀘스트,서브퀘스트
sub:미실리스_연구팀_02,char:82,character,1,2,auto,0,,person:센티,59,106,서브퀘스트,호감도
sub:미실리스_연구팀_03,ch10,character,1,1,auto,0,,person:아니스,60,62,서브퀘스트,메인
sub:미실리스_연구팀_03,sub:롬_02,keyword,1,1,auto,0,,concept:랩쳐,60,66,서브퀘스트,서브퀘스트
sub:미실리스_연구팀_03,ch13,keyword,1,1,auto,0,,place:지상,60,76,서브퀘스트,메인
sub:미실리스_연구팀_03,char:82,character,1,2,auto,0,,person:리타,60,106,서브퀘스트,호감도
ch10,sub:코리_00,character,1,1,auto,0,,person:아니스,62,63,메인,서브퀘스트
ch10,ch11,sequel,1,3,auto,0,,,62,68,메인,메인
ch10,ch11,setup_payoff,2,3,record,0,Q52-2 Q53-2,,62,68,메인,메인
ch10,ch11,character,2,2,auto,0,,person:라피 person:시프티,62,68,메인,메인
ch10,ch11,keyword,3,2,auto,0,,concept:헬레틱 org:메티스 org:앱솔루트,62,68,메인,메인
ch10,ch12,setup_payoff,1,2,record,0,E72,,62,73,메인,메인
ch10,ch12,character,1,2,auto,0,,person:엠마,62,73,메인,메인
ch10,char:91,character,1,2,auto,0,,person:베스티,62,114,메인,호감도
ch10,char:92,character,1,2,auto,0,,person:은화,62,135,메인,호감도
ch10,ch32,callback,1,3,record,0,E459,,62,310,메인,메인
ch10,fl:absolute,callback,1,3,record,0,E830,,62,400,메인,이벤트
sub:코리_00,sub:롬_00,character,1,1,auto,0,,person:아니스,63,64,서브퀘스트,서브퀘스트
sub:코리_00,sub:롬_01,keyword,1,1,auto,0,,place:방주,63,65,서브퀘스트,서브퀘스트
sub:롬_00,sub:롬_01,sequel,1,3,auto,0,,,64,65,서브퀘스트,서브퀘스트
sub:롬_00,sub:롬_01,character,2,2,auto,0,,person:롬 person:아니스,64,65,서브퀘스트,서브퀘스트
sub:롬_00,event_ce006,setup_payoff,1,3,record,0,Q54-2,,64,387,서브퀘스트,이벤트
sub:롬_00,event_ce006,callback,1,3,record,0,E745,,64,387,서브퀘스트,이벤트
sub:롬_01,sub:롬_02,sequel,1,3,auto,0,,,65,66,서브퀘스트,서브퀘스트
sub:롬_01,sub:롬_02,character,3,2,auto,0,,person:네온 person:롬 person:아니스,65,66,서브퀘스트,서브퀘스트
sub:롬_01,sub:롬_02,keyword,2,2,auto,0,,place:방주 place:제2의_방주,65,66,서브퀘스트,서브퀘스트
sub:롬_01,event_ce006,setup_payoff,1,2,record,0,E73,,65,387,서브퀘스트,이벤트
sub:롬_01,event_ce006,callback,1,3,record,0,E749,,65,387,서브퀘스트,이벤트
sub:롬_02,relic:어느소녀의수기,keyword,1,1,auto,0,,concept:니케,66,67,서브퀘스트,유실물
sub:롬_02,ch11,keyword,1,1,auto,0,,concept:랩쳐,66,68,서브퀘스트,메인
sub:롬_02,sub:음악_애호가_00,character,2,1,auto,0,,person:네온 person:아니스,66,69,서브퀘스트,서브퀘스트
sub:롬_02,relic:기업-랩쳐음모론,keyword,1,1,auto,0,,place:방주,66,71,서브퀘스트,유실물
sub:롬_02,event_ce006,setup_payoff,1,2,record,0,E74,,66,387,서브퀘스트,이벤트
sub:롬_02,event_ce006,callback,1,3,record,0,E744,,66,387,서브퀘스트,이벤트
sub:롬_02,event_ce006,character,1,2,auto,0,,person:롬,66,387,서브퀘스트,이벤트
sub:롬_02,event_ce006,keyword,1,2,auto,0,,place:제2의_방주,66,387,서브퀘스트,이벤트
relic:어느소녀의수기,ch11,keyword,1,1,auto,0,,concept:니케,67,68,유실물,메인
ch11,sub:음악_애호가_01,character,1,1,auto,0,,person:라피,68,70,메인,서브퀘스트
ch11,relic:기업-랩쳐음모론,keyword,2,2,auto,0,,concept:랩쳐 org:미실리스,68,71,메인,유실물
ch11,ch12,sequel,1,3,auto,0,,,68,73,메인,메인
ch11,ch12,setup_payoff,3,3,record,0,E75 Q55-2 Q56-2,,68,73,메인,메인
ch11,ch12,character,5,2,auto,0,,person:드레이크 person:라플라스 person:맥스웰 person:슈엔 person:잉그리드,68,73,메인,메인
ch11,ch12,keyword,3,2,auto,0,,concept:니케 concept:헬레틱 org:메티스,68,73,메인,메인
ch11,ch13,keyword,1,2,auto,0,,org:앱솔루트,68,76,메인,메인
ch11,char:202,character,1,2,auto,0,,person:시프티,68,99,메인,호감도
ch11,fl:project_matis,callback,1,3,record,0,E1205,,68,467,메인,이벤트
sub:음악_애호가_00,sub:음악_애호가_01,sequel,1,3,auto,0,,,69,70,서브퀘스트,서브퀘스트
sub:음악_애호가_00,sub:음악_애호가_01,character,2,2,auto,0,,person:네온 person:음악_애호가,69,70,서브퀘스트,서브퀘스트
sub:음악_애호가_00,sub:숲속요정_00,character,1,1,auto,0,,person:아니스,69,74,서브퀘스트,서브퀘스트
sub:음악_애호가_00,char:150,character,1,2,auto,0,,person:율리아,69,133,서브퀘스트,호감도
sub:음악_애호가_00,ch35,setup_payoff,1,2,record,0,E76,,69,358,서브퀘스트,메인
sub:음악_애호가_01,ch12,character,1,1,auto,0,,person:라피,70,73,서브퀘스트,메인
sub:음악_애호가_01,sub:칠리페퍼_02,character,1,1,auto,0,,person:네온,70,81,서브퀘스트,서브퀘스트
relic:기업-랩쳐음모론,relic:구시대의플레이리스트,keyword,1,1,auto,0,,place:방주,71,72,유실물,유실물
relic:기업-랩쳐음모론,ch12,keyword,1,1,auto,0,,concept:랩쳐,71,73,유실물,메인
relic:기업-랩쳐음모론,ch15,keyword,1,2,auto,0,,org:미실리스,71,85,유실물,메인
relic:기업-랩쳐음모론,ch43,setup_payoff,1,2,record,0,Q57-2,,71,434,유실물,메인
relic:구시대의플레이리스트,ch12,keyword,1,1,auto,0,,place:방주,72,73,유실물,메인
ch12,sub:숲속요정_00,character,1,1,auto,0,,person:라피,73,74,메인,서브퀘스트
ch12,sub:숲속요정_00,keyword,1,2,auto,0,,concept:NIMPH,73,74,메인,서브퀘스트
ch12,relic:어느의사의수기,keyword,1,1,auto,0,,place:방주,73,75,메인,유실물
ch12,ch13,sequel,1,3,auto,0,,,73,76,메인,메인
ch12,ch13,character,3,2,auto,0,,person:모더니아 person:엔더슨 person:잉그리드,73,76,메인,메인
ch12,ch13,keyword,5,2,auto,0,,concept:니케 concept:랩쳐 concept:언체인드 concept:침식 concept:헬레틱,73,76,메인,메인
ch12,ch15,callback,1,3,record,0,E100,,73,85,메인,메인
ch12,ch15,character,1,2,auto,0,,person:슈엔,73,85,메인,메인
ch12,ch15,keyword,1,2,auto,0,,org:메티스,73,85,메인,메인
ch12,ch16,character,1,2,auto,0,,person:미하라,73,87,메인,메인
ch12,char:180,setup_payoff,1,3,record,0,Q60-2,,73,93,메인,호감도
ch12,char:180,character,1,2,auto,0,,person:길로틴,73,93,메인,호감도
ch12,char:180,keyword,1,2,auto,0,,org:익스터너,73,93,메인,호감도
ch12,char:212,character,1,2,auto,0,,person:엠마,73,95,메인,호감도
ch12,char:232,character,1,2,auto,0,,person:맥스웰,73,96,메인,호감도
ch12,char:101,character,1,2,auto,0,,person:드레이크,73,100,메인,호감도
ch12,char:181,character,1,2,auto,0,,person:메이든,73,109,메인,호감도
ch12,char:160,character,1,2,auto,0,,person:유니,73,132,메인,호감도
ch12,ch17,keyword,1,2,auto,0,,concept:기억_소거,73,148,메인,메인
ch12,ch18,callback,2,3,record,0,E127 E129,,73,152,메인,메인
ch12,ch18,character,1,2,auto,0,,person:라플라스,73,152,메인,메인
ch12,ch23,setup_payoff,2,3,record,0,E82,,73,217,메인,메인
ch12,ch24,keyword,1,2,auto,0,,concept:마테리얼_H,73,221,메인,메인
ch12,event_darkhero,callback,1,3,record,0,E418,,73,298,메인,이벤트
ch12,ch33,setup_payoff,1,2,record,0,Q59-2,,73,334,메인,메인
ch12,ch34,callback,1,3,record,0,E513,,73,336,메인,메인
ch12,ch35,callback,1,3,record,0,E590,,73,358,메인,메인
ch12,ch36,callback,1,3,record,0,E622,,73,360,메인,메인
ch12,event_unbreakablesphere1,callback,1,3,record,0,E699,,73,377,메인,이벤트
ch12,ch44,callback,1,3,record,0,E1036,,73,436,메인,메인
ch12,fl:project_matis,setup_payoff,2,3,record,0,E83 Q58-2,,73,467,메인,이벤트
ch12,fl:project_matis,callback,1,2,record,0,E1202,,73,467,메인,이벤트
sub:숲속요정_00,ch13,character,2,1,auto,0,,person:라피 person:아니스,74,76,서브퀘스트,메인
sub:숲속요정_00,ch13,keyword,1,2,auto,0,,concept:NIMPH,74,76,서브퀘스트,메인
sub:숲속요정_00,event_miraclesnow1,callback,1,3,record,0,E1291,,74,159,서브퀘스트,이벤트
sub:숲속요정_00,ch21,callback,1,3,record,0,F326-2,,74,191,서브퀘스트,메인
relic:어느의사의수기,ch13,keyword,1,1,auto,0,,place:방주,75,76,유실물,메인
relic:어느의사의수기,relic:여자친구의편지,keyword,1,2,auto,0,,incident:랩쳐_침공,75,79,유실물,유실물
ch13,ch14,sequel,1,3,auto,0,,,76,80,메인,메인
ch13,ch14,callback,1,3,record,0,E98,,76,80,메인,메인
ch13,ch14,character,5,2,auto,0,,person:라피 person:마리안 person:아니스 person:엔더슨 person:토커티브,76,80,메인,메인
ch13,ch14,keyword,5,2,auto,0,,concept:니케 concept:랩쳐 org:카운터스 place:방주 place:지상,76,80,메인,메인
ch13,ch15,keyword,2,2,auto,0,,concept:언체인드 concept:침식,76,85,메인,메인
ch13,ch16,keyword,1,2,auto,0,,concept:NIMPH,76,87,메인,메인
ch13,char:180,character,1,2,auto,0,,person:잉그리드,76,93,메인,호감도
ch13,char:141,character,1,2,auto,0,,person:슈가,76,113,메인,호감도
ch13,char:91,keyword,1,2,auto,0,,org:앱솔루트,76,114,메인,호감도
ch13,ch17,character,1,2,auto,0,,person:레드_후드,76,148,메인,메인
ch13,ch17,keyword,1,2,auto,0,,concept:헬레틱,76,148,메인,메인
ch13,char:260,character,1,2,auto,0,,person:모더니아,76,164,메인,호감도
ch13,ch20,setup_payoff,1,3,record,0,Q64-2,,76,168,메인,메인
ch13,ch24,setup_payoff,2,3,record,0,E92 Q65-2,,76,221,메인,메인
ch13,ch25,callback,1,3,record,0,E248,,76,241,메인,메인
ch13,ch26,callback,1,3,record,0,E268,,76,244,메인,메인
ch13,sub:택틱컬틱택_01,callback,1,3,record,0,F347-2,,76,275,메인,서브퀘스트
ch13,ch33,setup_payoff,1,2,record,0,E86,,76,334,메인,메인
ch13,event_footstepwalkrun1,setup_payoff,1,3,record,0,Q65-3,,76,350,메인,이벤트
ch13,ch35,callback,1,3,record,0,E601,,76,358,메인,메인
ch13,event_goddessfall1,setup_payoff,1,2,record,0,E90,,76,418,메인,이벤트
ch13,ch48,setup_payoff,2,2,record,0,E91 Q63-2,,76,472,메인,메인
ch13,ch48,callback,2,3,record,0,E1231 E1241,,76,472,메인,메인
sub:세르반_03,ch14,character,1,2,auto,0,,person:버닝엄,77,80,서브퀘스트,메인
sub:철도로GO_00,char:72,keyword,2,2,auto,0,,org:아크_익스프레스 org:인피니티_레일,78,101,서브퀘스트,호감도
sub:철도로GO_00,fl:terminus_ticket,setup_payoff,1,2,record,0,E93,,78,425,서브퀘스트,이벤트
relic:여자친구의편지,relic:기후변화보고서,keyword,1,2,auto,0,,incident:랩쳐_침공,79,83,유실물,유실물
ch14,sub:칠리페퍼_02,character,1,1,auto,0,,person:아니스,80,81,메인,서브퀘스트
ch14,sub:칠리페퍼_02,keyword,1,2,auto,0,,place:전초기지,80,81,메인,서브퀘스트
ch14,ch15,sequel,1,3,auto,0,,,80,85,메인,메인
ch14,ch15,character,2,2,auto,0,,person:라피 person:스노우_화이트,80,85,메인,메인
ch14,ch15,keyword,5,2,auto,0,,concept:니케 concept:랩쳐 org:카운터스 place:방주 place:지상,80,85,메인,메인
ch14,ch16,keyword,2,2,auto,0,,org:엔터_헤븐 org:필그림,80,87,메인,메인
ch14,char:20,keyword,1,1,auto,0,,org:중앙_정부,80,98,메인,호감도
ch14,char:72,character,1,2,auto,0,,person:엔더슨,80,101,메인,호감도
ch14,char:172,character,1,2,auto,0,,person:애드미,80,125,메인,호감도
ch14,char:171,keyword,1,2,auto,0,,org:트라이앵글,80,134,메인,호감도
ch14,char:110,character,1,2,auto,0,,person:에닉,80,137,메인,호감도
ch14,char:170,character,1,2,auto,0,,person:프리바티,80,141,메인,호감도
ch14,char:352,character,1,2,auto,0,,person:버닝엄,80,147,메인,호감도
ch14,ch17,setup_payoff,1,2,record,0,E96,,80,148,메인,메인
ch14,ch17,character,1,2,auto,0,,person:마리안,80,148,메인,메인
ch14,ch19,callback,1,3,record,0,E142,,80,165,메인,메인
ch14,ch20,character,1,2,auto,0,,person:토커티브,80,168,메인,메인
ch14,event_ltk,character,2,2,auto,0,,person:D person:K,80,189,메인,이벤트
ch14,ch22,callback,3,3,record,0,E167 F376-2 F377-2,,80,197,메인,메인
ch14,sub:중앙정부_트라이앵글_00,callback,1,3,record,0,E180,,80,199,메인,서브퀘스트
ch14,ch30,callback,1,2,record,0,E387,,80,293,메인,메인
ch14,event_lastkingdom1,callback,1,3,record,0,E410,,80,295,메인,이벤트
ch14,ch32,setup_payoff,1,2,record,0,E99,,80,310,메인,메인
ch14,event_secretgarden,character,1,2,auto,0,,person:리안,80,345,메인,이벤트
ch14,event_goddessfall1,setup_payoff,1,2,record,0,Q68-2,,80,418,메인,이벤트
sub:칠리페퍼_02,sub:알콜러버_00,character,2,1,auto,0,,person:네온 person:아니스,81,82,서브퀘스트,서브퀘스트
sub:칠리페퍼_02,ch15,keyword,1,2,auto,0,,place:전초기지,81,85,서브퀘스트,메인
sub:알콜러버_00,ch15,character,2,1,auto,0,,person:네온 person:아니스,82,85,서브퀘스트,메인
relic:기후변화보고서,relic:인터넷BJ라이브방송녹화분,keyword,1,2,auto,0,,incident:랩쳐_침공,83,84,유실물,유실물
relic:인터넷BJ라이브방송녹화분,relic:종말의서,keyword,1,2,auto,0,,incident:랩쳐_침공,84,86,유실물,유실물
ch15,relic:종말의서,keyword,1,1,auto,0,,concept:랩쳐,85,86,메인,유실물
ch15,ch16,sequel,1,3,auto,0,,,85,87,메인,메인
ch15,ch16,character,3,2,auto,0,,person:라피 person:슈엔 person:아니스,85,87,메인,메인
ch15,ch16,keyword,7,2,auto,0,,concept:니케 concept:언체인드 concept:침식 org:미실리스 org:카운터스 place:방주 place:지상,85,87,메인,메인
ch15,char:11,character,1,1,auto,0,,person:네온,85,94,메인,호감도
ch15,char:202,character,1,2,auto,0,,person:도라,85,99,메인,호감도
ch15,char:101,keyword,1,2,auto,0,,org:메티스,85,100,메인,호감도
ch15,char:200,character,1,2,auto,0,,person:루피,85,105,메인,호감도
ch15,char:61,keyword,1,2,auto,0,,place:전초기지,85,111,메인,호감도
ch15,char:80,character,1,2,auto,0,,person:얀,85,118,메인,호감도
ch15,char:80,keyword,1,2,auto,0,,org:달란트,85,118,메인,호감도
ch15,char:220,character,1,2,auto,0,,person:스노우_화이트,85,121,메인,호감도
ch15,char:90,setup_payoff,1,3,record,0,E102,,85,131,메인,호감도
ch15,event_overzone,keyword,1,2,auto,0,,concept:에블라_입자,85,203,메인,이벤트
ch15,ch35,callback,3,3,record,0,E591 E598,,85,358,메인,메인
ch15,fl:project_matis,callback,1,2,record,0,E1198,,85,467,메인,이벤트
relic:종말의서,ch16,keyword,1,1,auto,0,,concept:랩쳐,86,87,유실물,메인
relic:종말의서,relic:장보기목록,keyword,1,2,auto,0,,incident:랩쳐_침공,86,92,유실물,유실물
relic:종말의서,sub:데이파라_00,callback,1,2,record,0,E143,,86,166,유실물,서브퀘스트
relic:종말의서,sub:2호_쉘터_관리계정_00,callback,1,3,record,0,E181,,86,200,유실물,서브퀘스트
relic:종말의서,ch43,setup_payoff,1,2,record,0,E103,,86,434,유실물,메인
ch16,sub:방주_난민_00,character,1,1,auto,0,,person:아니스,87,88,메인,서브퀘스트
ch16,sub:방주_난민_00,keyword,2,1,auto,0,,place:방주 place:지상,87,88,메인,서브퀘스트
ch16,char:180,keyword,3,2,auto,0,,concept:니케 concept:랩쳐 concept:침식,87,93,메인,호감도
ch16,char:232,keyword,1,2,auto,0,,org:필그림,87,96,메인,호감도
ch16,char:20,keyword,1,2,auto,0,,place:아우터_림,87,98,메인,호감도
ch16,char:202,keyword,1,2,auto,0,,org:엔터_헤븐,87,99,메인,호감도
ch16,char:221,keyword,1,2,auto,0,,concept:NIMPH,87,102,메인,호감도
ch16,char:10,character,1,1,auto,0,,person:라피,87,103,메인,호감도
ch16,char:102,character,1,2,auto,0,,person:슈엔,87,107,메인,호감도
ch16,char:102,keyword,1,2,auto,0,,org:미실리스,87,107,메인,호감도
ch16,char:161,character,1,2,auto,0,,person:미하라,87,112,메인,호감도
ch16,char:12,keyword,1,2,auto,0,,concept:아웃로,87,123,메인,호감도
ch16,char:90,keyword,1,2,auto,0,,org:카운터스,87,131,메인,호감도
ch16,char:110,callback,1,3,record,0,E1278,,87,137,메인,호감도
ch16,char:110,character,1,2,auto,0,,person:크로우,87,137,메인,호감도
ch16,char:110,keyword,1,2,auto,0,,org:이그조틱,87,137,메인,호감도
ch16,ch17,sequel,1,3,auto,0,,,87,148,메인,메인
ch16,ch17,setup_payoff,2,3,record,0,E109 Q75-2,,87,148,메인,메인
ch16,ch17,keyword,1,2,auto,0,,concept:언체인드,87,148,메인,메인
ch16,ch18,setup_payoff,3,3,record,0,E108 E112 Q76-2,,87,152,메인,메인
ch16,event_doutsiders,character,1,2,auto,0,,person:바이퍼,87,171,메인,이벤트
ch16,char:111,character,1,2,auto,0,,person:자칼,87,174,메인,호감도
ch16,ch22,character,1,2,auto,0,,person:JohnD,87,197,메인,메인
ch16,ch23,callback,1,3,record,0,E223,,87,217,메인,메인
ch16,ch24,setup_payoff,2,3,record,0,E104 E114,,87,221,메인,메인
ch16,ch24,callback,1,3,record,0,E237,,87,221,메인,메인
ch16,fl:enter_heaven,setup_payoff,1,2,record,0,E110,,87,442,메인,이벤트
ch16,fl:enter_heaven,reversal,1,3,record,0,F403-2,,87,442,메인,이벤트
sub:방주_난민_00,sub:방주_난민_01,sequel,1,3,auto,0,,,88,89,서브퀘스트,서브퀘스트
sub:방주_난민_00,sub:방주_난민_01,character,1,2,auto,0,,person:방주_난민,88,89,서브퀘스트,서브퀘스트
sub:방주_난민_00,sub:방주_난민_02,keyword,1,1,auto,0,,place:방주,88,90,서브퀘스트,서브퀘스트
sub:방주_난민_00,sub:방주_난민_03,character,1,1,auto,0,,person:아니스,88,91,서브퀘스트,서브퀘스트
sub:방주_난민_00,char:11,keyword,1,1,auto,0,,place:지상,88,94,서브퀘스트,호감도
sub:방주_난민_01,sub:방주_난민_02,sequel,1,3,auto,0,,,89,90,서브퀘스트,서브퀘스트
sub:방주_난민_01,sub:방주_난민_02,character,1,2,auto,0,,person:방주_난민,89,90,서브퀘스트,서브퀘스트
sub:방주_난민_02,sub:방주_난민_03,sequel,1,3,auto,0,,,90,91,서브퀘스트,서브퀘스트
sub:방주_난민_02,sub:방주_난민_03,character,1,2,auto,0,,person:방주_난민,90,91,서브퀘스트,서브퀘스트
sub:방주_난민_02,sub:방주_난민_03,keyword,1,1,auto,0,,place:방주,90,91,서브퀘스트,서브퀘스트
sub:방주_난민_03,char:180,keyword,1,1,auto,0,,place:방주,91,93,서브퀘스트,호감도
sub:방주_난민_03,char:10,character,1,1,auto,0,,person:아니스,91,103,서브퀘스트,호감도
relic:장보기목록,event_nocallerid,keyword,1,2,auto,0,,incident:랩쳐_침공,92,146,유실물,이벤트
char:180,char:11,character,1,2,auto,0,,person:잉그리드,93,94,호감도,호감도
char:180,char:11,keyword,1,1,auto,0,,concept:니케,93,94,호감도,호감도
char:180,char:232,keyword,1,1,auto,0,,concept:랩쳐,93,96,호감도,호감도
char:180,char:20,keyword,1,1,auto,0,,place:방주,93,98,호감도,호감도
char:180,ch18,keyword,1,2,auto,0,,concept:침식,93,152,호감도,메인
char:180,ch22,keyword,1,2,auto,0,,org:익스터너,93,197,호감도,메인
char:180,ch23,setup_payoff,1,3,record,0,Q77-2,,93,217,호감도,메인
char:180,ch23,character,1,2,auto,0,,person:길로틴,93,217,호감도,메인
char:180,event_oldtales1,setup_payoff,1,2,record,0,E1248,,93,338,호감도,이벤트
char:11,char:212,keyword,1,1,auto,0,,concept:니케,94,95,호감도,호감도
char:11,char:232,keyword,1,1,auto,0,,place:지상,94,96,호감도,호감도
char:11,char:181,character,1,2,auto,0,,person:잉그리드,94,109,호감도,호감도
char:11,char:141,character,1,2,auto,0,,person:밀크,94,113,호감도,호감도
char:11,char:160,character,1,1,auto,0,,person:네온,94,132,호감도,호감도
char:11,char:92,keyword,1,2,auto,0,,org:엘리시온,94,135,호감도,호감도
char:11,ch43,setup_payoff,2,2,record,0,E1592 E1593,,94,434,호감도,메인
char:11,ch43,callback,1,3,record,0,E1008,,94,434,호감도,메인
char:212,char:232,keyword,1,1,auto,0,,concept:니케,95,96,호감도,호감도
char:212,char:12,callback,1,3,record,0,F444-2,,95,123,호감도,호감도
char:212,char:210,character,1,2,auto,0,,person:엑시아,95,130,호감도,호감도
char:212,char:90,character,1,2,auto,0,,person:엠마,95,131,호감도,호감도
char:212,event_phantomthiefvsdetective,character,1,2,auto,0,,person:노벨,95,328,호감도,이벤트
char:212,event_newflavor,setup_payoff,1,3,record,0,Q78-2,,95,367,호감도,이벤트
char:232,char:202,keyword,1,1,auto,0,,concept:니케,96,99,호감도,호감도
char:232,char:221,keyword,2,2,auto,0,,concept:랩쳐 org:필그림,96,102,호감도,호감도
char:232,char:10,keyword,1,1,auto,0,,place:지상,96,103,호감도,호감도
char:232,char:102,setup_payoff,1,3,record,0,E1249,,96,107,호감도,호감도
char:232,char:102,character,1,2,auto,0,,person:맥스웰,96,107,호감도,호감도
char:232,ch19,setup_payoff,1,2,record,0,Q79-2,,96,165,호감도,메인
char:232,ch19,character,1,2,auto,0,,person:노아,96,165,호감도,메인
char:232,ch19,keyword,1,2,auto,0,,place:에덴,96,165,호감도,메인
char:232,sub:에덴_Notice_00,callback,1,3,record,0,E164,,96,192,호감도,서브퀘스트
char:232,event_alonesurvivor,keyword,1,2,auto,0,,org:언리미티드,96,253,호감도,이벤트
char:232,fl:absolute,keyword,1,2,auto,0,,concept:블랙스미스,96,400,호감도,이벤트
char:232,erelic:goddess_fall_mini,setup_payoff,3,3,record,0,E1250 E1251 Q80-2,,96,419,호감도,유실물
char:232,erelic:goddess_fall_mini,callback,1,3,record,0,E962,,96,419,호감도,유실물
char:430,char:72,keyword,1,2,auto,0,,place:로열_로드,97,101,호감도,호감도
char:430,event_cherryblossom,callback,1,2,record,0,E156,,97,185,호감도,이벤트
char:430,event_cherryblossom,character,1,2,auto,0,,person:노이즈,97,185,호감도,이벤트
char:20,char:202,keyword,2,2,auto,0,,place:방주 place:아우터_림,98,99,호감도,호감도
char:20,char:10,keyword,1,1,auto,0,,org:중앙_정부,98,103,호감도,호감도
char:20,fl:absolute,character,1,2,auto,0,,person:델타,98,400,호감도,이벤트
char:202,char:101,keyword,3,2,auto,0,,concept:니케 org:엔터_헤븐 place:방주,99,100,호감도,호감도
char:202,char:72,setup_payoff,1,3,record,0,E1252,,99,101,호감도,호감도
char:202,char:140,keyword,1,2,auto,0,,place:아우터_림,99,120,호감도,호감도
char:202,char:112,character,1,2,auto,0,,person:시프티,99,176,호감도,호감도
char:202,ch22,character,1,2,auto,0,,person:도라,99,197,호감도,메인
char:202,ch22,keyword,1,2,auto,0,,place:블랙넷,99,197,호감도,메인
char:101,char:72,keyword,1,2,auto,0,,concept:퍼펙트,100,101,호감도,호감도
char:101,char:221,keyword,1,1,auto,0,,concept:니케,100,102,호감도,호감도
char:101,char:10,keyword,1,1,auto,0,,place:방주,100,103,호감도,호감도
char:101,ch17,keyword,1,2,auto,0,,org:메티스,100,148,호감도,메인
char:101,ch18,callback,1,2,record,0,E130,,100,152,호감도,메인
char:101,ch18,character,1,2,auto,0,,person:드레이크,100,152,호감도,메인
char:101,event_doutsiders,keyword,1,2,auto,0,,org:엔터_헤븐,100,171,호감도,이벤트
char:101,char:801,keyword,1,2,auto,0,,org:빌런_연합,100,181,호감도,호감도
char:101,event_freezeacpu,callback,1,3,record,0,E247,,100,239,호감도,이벤트
char:101,fl:great_villain_union,callback,2,3,record,0,E1585 E1586,,100,478,호감도,이벤트
char:72,char:190,character,1,2,auto,0,,person:엔더슨,101,104,호감도,호감도
char:72,char:200,keyword,1,2,auto,0,,place:로열_로드,101,105,호감도,호감도
char:72,char:61,keyword,1,2,auto,0,,concept:퍼펙트,101,111,호감도,호감도
char:72,char:70,character,3,2,auto,0,,person:디젤 person:브리드 person:솔린,101,117,호감도,호감도
char:72,char:71,setup_payoff,1,2,record,0,E1255,,101,119,호감도,호감도
char:72,ch24,keyword,1,2,auto,0,,org:인피니티_레일,101,221,호감도,메인
char:72,fl:terminus_ticket,callback,2,3,record,0,E1455 E1460,,101,425,호감도,이벤트
char:72,fl:terminus_ticket,keyword,1,2,auto,0,,incident:AFX_열차_테러,101,425,호감도,이벤트
char:72,fl:ark_guardian,setup_payoff,1,2,record,0,E1256,,101,428,호감도,이벤트
char:221,char:10,keyword,1,1,auto,0,,concept:니케,102,103,호감도,호감도
char:221,char:91,keyword,1,1,auto,0,,concept:랩쳐,102,114,호감도,호감도
char:221,char:222,keyword,1,2,auto,0,,org:필그림,102,144,호감도,호감도
char:221,ch17,setup_payoff,2,3,record,0,Q83-2 Q84-2,,102,148,호감도,메인
char:221,ch17,character,1,2,auto,0,,person:라푼젤,102,148,호감도,메인
char:221,ch17,keyword,2,2,auto,0,,concept:NIMPH org:갓데스,102,148,호감도,메인
char:221,event_overzone,setup_payoff,1,3,record,0,Q84-3,,102,203,호감도,이벤트
char:221,ch24,setup_payoff,1,2,record,0,E1259,,102,221,호감도,메인
char:221,ch25,setup_payoff,1,3,record,0,Q82-2,,102,241,호감도,메인
char:221,event_footstepwalkrun1,setup_payoff,1,3,record,0,Q82-3,,102,350,호감도,이벤트
char:221,fl:ark_guardian,setup_payoff,2,3,record,0,E1257 Q83-3,,102,428,호감도,이벤트
char:221,ch48,setup_payoff,1,3,record,0,E1258,,102,472,호감도,메인
char:10,char:190,keyword,2,1,auto,0,,concept:니케 place:방주,103,104,호감도,호감도
char:10,char:82,character,1,1,auto,0,,person:아니스,103,106,호감도,호감도
char:10,char:82,keyword,1,1,auto,0,,place:지상,103,106,호감도,호감도
char:10,char:181,keyword,1,2,auto,0,,concept:이레귤러,103,109,호감도,호감도
char:10,char:12,keyword,1,1,auto,0,,org:중앙_정부,103,123,호감도,호감도
char:10,event_nocallerid,character,1,1,auto,0,,person:라피,103,146,호감도,이벤트
char:10,ch32,setup_payoff,1,2,record,0,E1261,,103,310,호감도,메인
char:10,event_wisdomspring,setup_payoff,1,2,record,0,E1260,,103,353,호감도,이벤트
char:190,char:200,keyword,2,1,auto,0,,concept:니케 place:방주,104,105,호감도,호감도
char:190,char:12,keyword,1,2,auto,0,,concept:로열,104,123,호감도,호감도
char:190,char:191,character,1,2,auto,0,,person:루드밀라,104,126,호감도,호감도
char:190,event_nocallerid,character,1,2,auto,0,,person:엔더슨,104,146,호감도,이벤트
char:190,char:194,callback,1,3,record,0,F513-2,,104,256,호감도,호감도
char:200,char:82,keyword,1,1,auto,0,,concept:니케,105,106,호감도,호감도
char:200,char:431,keyword,1,1,auto,0,,place:방주,105,116,호감도,호감도
char:200,char:172,keyword,1,2,auto,0,,place:로열_로드,105,125,호감도,호감도
char:200,event_miraclesnow1,character,1,2,auto,0,,person:루피,105,159,호감도,이벤트
char:82,char:102,keyword,1,1,auto,0,,concept:니케,106,107,호감도,호감도
char:82,char:80,character,1,2,auto,0,,person:센티,106,118,호감도,호감도
char:82,char:140,keyword,1,1,auto,0,,place:지상,106,120,호감도,호감도
char:82,char:12,character,1,1,auto,0,,person:아니스,106,123,호감도,호감도
char:82,event_bluewaterisland,character,1,2,auto,0,,person:리타,106,212,호감도,이벤트
char:82,fl:for_rest,callback,2,3,record,0,E1426 F523-2,,106,365,호감도,이벤트
char:102,char:181,keyword,1,1,auto,0,,concept:니케,107,109,호감도,호감도
char:102,char:90,character,1,2,auto,0,,person:슈엔,107,131,호감도,호감도
char:102,ch17,keyword,1,2,auto,0,,org:미실리스,107,148,호감도,메인
char:102,ch18,character,1,2,auto,0,,person:맥스웰,107,152,호감도,메인
char:102,ch40,setup_payoff,1,2,record,0,E1263,,107,398,호감도,메인
char:102,fl:project_matis,setup_payoff,2,2,record,0,E1264 E1265,,107,467,호감도,이벤트
char:102,char:105,callback,2,3,record,0,E1633 F529-2,,107,469,호감도,호감도
char:130,char:131,character,2,2,auto,0,,person:메어리 person:페퍼,108,138,호감도,호감도
char:130,ch18,character,1,2,auto,0,,person:머스탱,108,152,호감도,메인
char:130,event_bluewaterisland,setup_payoff,2,3,record,0,E1268 Q85-2,,108,212,호감도,이벤트
char:130,event_bluewaterisland,callback,2,3,record,0,E218 F537-2,,108,212,호감도,이벤트
char:181,char:32,keyword,1,1,auto,0,,concept:니케,109,110,호감도,호감도
char:181,char:140,keyword,1,2,auto,0,,concept:양산형_니케,109,120,호감도,호감도
char:181,char:92,character,1,2,auto,0,,person:잉그리드,109,135,호감도,호감도
char:181,event_darkhero,callback,2,3,record,0,E416 E420,,109,298,호감도,이벤트
char:181,event_darkhero,character,1,2,auto,0,,person:메이든,109,298,호감도,이벤트
char:181,event_beautyfullshot1,callback,1,3,record,0,E431,,109,305,호감도,이벤트
char:181,event_icedragonsaga1,keyword,1,2,auto,0,,concept:이레귤러,109,347,호감도,이벤트
char:32,char:141,keyword,1,1,auto,0,,concept:니케,110,113,호감도,호감도
char:32,char:30,character,1,2,auto,0,,person:폴리,110,139,호감도,호감도
char:32,char:30,keyword,1,2,auto,0,,org:A.C.P.U.,110,139,호감도,호감도
char:32,char:802,character,1,2,auto,0,,person:미란다,110,182,호감도,호감도
char:32,fl:persona_on_frontline,callback,1,3,record,0,E1574,,110,474,호감도,이벤트
char:61,char:60,character,2,2,auto,0,,person:미카 person:벨로타,111,115,호감도,호감도
char:61,char:60,keyword,1,2,auto,0,,concept:퍼펙트,111,115,호감도,호감도
char:61,char:150,keyword,1,2,auto,0,,place:전초기지,111,133,호감도,호감도
char:61,event_neverland1,callback,3,3,record,0,E1348 F550-2 F551-2,,111,255,호감도,이벤트
char:161,char:160,character,1,2,auto,0,,person:미하라,112,132,호감도,호감도
char:161,char:162,callback,1,3,record,0,E1432,,112,382,호감도,호감도
char:141,char:91,keyword,1,1,auto,0,,concept:니케,113,114,호감도,호감도
char:141,char:140,character,1,2,auto,0,,person:슈가,113,120,호감도,호감도
char:141,char:142,character,1,2,auto,0,,person:밀크,113,142,호감도,호감도
char:141,event_claymore,callback,2,3,record,0,E1373 E1375,,113,303,호감도,이벤트
char:141,event_claymore,keyword,1,2,auto,0,,place:언더_아레나,113,303,호감도,이벤트
char:141,fl:coins_in_rush,callback,1,3,record,0,E865,,113,404,호감도,이벤트
char:91,char:70,keyword,1,1,auto,0,,concept:니케,114,117,호감도,호감도
char:91,char:220,keyword,1,1,auto,0,,concept:랩쳐,114,121,호감도,호감도
char:91,char:92,keyword,1,2,auto,0,,org:앱솔루트,114,135,호감도,호감도
char:91,ch31,character,1,2,auto,0,,person:베스티,114,308,호감도,메인
char:60,char:172,keyword,1,2,auto,0,,concept:퍼펙트,115,125,호감도,호감도
char:60,event_fullfoolday,character,1,2,auto,0,,person:벨로타,115,188,호감도,이벤트
char:60,event_neverland1,character,1,2,auto,0,,person:미카,115,255,호감도,이벤트
char:431,char:80,keyword,1,1,auto,0,,place:방주,116,118,호감도,호감도
char:431,event_goldencoinrush1,character,1,2,auto,0,,person:볼륨,116,300,호감도,이벤트
char:70,char:71,character,1,2,auto,0,,person:솔린,117,119,호감도,호감도
char:70,char:71,keyword,1,1,auto,0,,concept:니케,117,119,호감도,호감도
char:70,ch23,character,1,2,auto,0,,person:디젤,117,217,호감도,메인
char:70,char:74,character,1,2,auto,0,,person:브리드,117,424,호감도,호감도
char:80,char:12,keyword,1,1,auto,0,,place:방주,118,123,호감도,호감도
char:80,char:201,character,1,2,auto,0,,person:얀,118,127,호감도,호감도
char:80,sub:상인연합_달란트_00,keyword,1,2,auto,0,,org:달란트,118,218,호감도,서브퀘스트
char:80,fl:for_rest,callback,1,3,record,0,E1428,,118,365,호감도,이벤트
char:80,fl:for_rest,character,1,2,auto,0,,person:센티,118,365,호감도,이벤트
char:71,char:140,keyword,1,1,auto,0,,concept:니케,119,120,호감도,호감도
char:71,ch24,character,1,2,auto,0,,person:솔린,119,221,호감도,메인
char:140,char:220,keyword,1,1,auto,0,,place:지상,120,121,호감도,호감도
char:140,char:22,keyword,1,1,auto,0,,concept:니케,120,122,호감도,호감도
char:140,char:12,keyword,1,2,auto,0,,place:아우터_림,120,123,호감도,호감도
char:140,char:291,keyword,1,2,auto,0,,concept:양산형_니케,120,128,호감도,호감도
char:140,char:142,character,1,2,auto,0,,person:슈가,120,142,호감도,호감도
char:140,sub:해결사_카페_스위티_00,keyword,1,2,auto,0,,org:카페_스위티,120,222,호감도,서브퀘스트
char:140,ch40,setup_payoff,1,2,record,0,E1271,,120,398,호감도,메인
char:140,fl:good_world,setup_payoff,1,2,record,0,E1271,,120,448,호감도,이벤트
char:220,char:12,keyword,1,1,auto,0,,place:지상,121,123,호감도,호감도
char:220,char:92,keyword,1,1,auto,0,,concept:랩쳐,121,135,호감도,호감도
char:220,ch17,setup_payoff,1,2,record,0,E1272,,121,148,호감도,메인
char:220,ch17,character,1,2,auto,0,,person:스노우_화이트,121,148,호감도,메인
char:220,ch19,setup_payoff,1,2,record,0,E1273,,121,165,호감도,메인
char:220,event_overzone,setup_payoff,1,2,record,0,E1272,,121,203,호감도,이벤트
char:22,char:12,keyword,1,1,auto,0,,concept:니케,122,123,호감도,호감도
char:22,event_maidinvalentine,callback,1,3,record,0,E1298,,122,177,호감도,이벤트
char:22,event_maidinvalentine,character,1,2,auto,0,,person:시그널,122,177,호감도,이벤트
char:22,fl:absolute,callback,1,2,record,0,E848,,122,400,호감도,이벤트
char:12,char:432,character,1,1,auto,0,,person:아니스,123,124,호감도,호감도
char:12,char:432,keyword,1,1,auto,0,,concept:니케,123,124,호감도,호감도
char:12,char:191,keyword,1,1,auto,0,,place:방주,123,126,호감도,호감도
char:12,char:291,keyword,1,1,auto,0,,place:지상,123,128,호감도,호감도
char:12,char:171,keyword,1,1,auto,0,,org:중앙_정부,123,134,호감도,호감도
char:12,char:110,keyword,3,2,auto,0,,concept:아웃로 place:갱생관 place:아우터_림,123,137,호감도,호감도
char:12,char:802,keyword,1,2,auto,0,,concept:인식_칩,123,182,호감도,호감도
char:12,event_neverland1,keyword,1,2,auto,0,,concept:로열,123,255,호감도,이벤트
char:12,event_boomsday,callback,2,3,record,0,E349 F589-2,,123,280,호감도,이벤트
char:12,event_wisdomspring,setup_payoff,1,3,record,0,Q86-2,,123,353,호감도,이벤트
char:12,ch35,setup_payoff,2,3,record,0,E1274 E1275,,123,358,호감도,메인
char:12,ch38,setup_payoff,1,3,record,0,E1275,,123,375,호감도,메인
char:12,event_overthehorizon,callback,1,3,record,0,E769,,123,391,호감도,이벤트
char:12,fl:terminus_ticket,callback,1,3,record,0,E1461,,123,425,호감도,이벤트
char:12,fl:sin_editor,callback,1,3,record,0,F589-3,,123,430,호감도,이벤트
char:12,side:pretty_star,setup_payoff,1,2,record,0,E1276,,123,447,호감도,사이드
char:12,side:pretty_star,keyword,1,2,auto,0,,org:3대_기업,123,447,호감도,사이드
char:12,char:17,callback,3,3,record,0,E1631 E1632,,123,455,호감도,호감도
char:12,fl:persona_on_frontline,callback,1,3,record,0,E1569,,123,474,호감도,이벤트
char:432,char:172,keyword,1,1,auto,0,,concept:니케,124,125,호감도,호감도
char:432,char:201,character,1,1,auto,0,,person:아니스,124,127,호감도,호감도
char:172,char:191,keyword,1,1,auto,0,,concept:니케,125,126,호감도,호감도
char:172,char:201,keyword,1,2,auto,0,,place:로열_로드,125,127,호감도,호감도
char:172,char:171,character,1,2,auto,0,,person:율하,125,134,호감도,호감도
char:172,char:131,keyword,1,2,auto,0,,concept:퍼펙트,125,138,호감도,호감도
char:172,char:800,character,1,2,auto,0,,person:애드미,125,180,호감도,호감도
char:191,char:291,keyword,2,1,auto,0,,concept:니케 place:방주,126,128,호감도,호감도
char:191,char:193,character,2,2,auto,0,,person:루드밀라 person:앨리스,126,160,호감도,호감도
char:201,char:160,character,1,1,auto,0,,person:아니스,127,132,호감도,호감도
char:201,char:203,keyword,1,2,auto,0,,place:로열_로드,127,161,호감도,호감도
char:201,event_fullfoolday,keyword,1,2,auto,0,,concept:크레디트,127,188,호감도,이벤트
char:201,event_bluewaterisland,character,1,2,auto,0,,person:얀,127,212,호감도,이벤트
char:291,char:90,keyword,2,1,auto,0,,concept:니케 place:지상,128,131,호감도,호감도
char:291,char:160,keyword,1,1,auto,0,,place:방주,128,132,호감도,호감도
char:291,event_hightechtoy,keyword,1,2,auto,0,,concept:양산형_니케,128,157,호감도,이벤트
char:291,ch24,keyword,1,2,auto,0,,org:M.M.R.,128,221,호감도,메인
char:291,event_schooloflock,character,1,2,auto,0,,person:에테르,128,234,호감도,이벤트
char:291,event_darkhero,callback,1,3,record,0,E421,,128,298,호감도,이벤트
char:291,event_wisdomspring,setup_payoff,1,3,record,0,E1594,,128,353,호감도,이벤트
char:291,event_wisdomspring,callback,1,3,record,0,E577,,128,353,호감도,이벤트
char:241,sub:테트라_커넥트_01,keyword,1,2,auto,0,,org:테트라,129,153,호감도,서브퀘스트
char:241,event_bluewaterisland,keyword,1,2,auto,0,,place:리페어_센터,129,212,호감도,이벤트
char:241,event_lifeagain,character,1,2,auto,0,,person:루마니,129,332,호감도,이벤트
char:241,event_lifeagain,keyword,1,2,auto,0,,org:라이프_토닉,129,332,호감도,이벤트
char:210,event_miraclesnow1,character,1,2,auto,0,,person:엑시아,130,159,호감도,이벤트
char:90,char:150,keyword,2,1,auto,0,,concept:니케 place:지상,131,133,호감도,호감도
char:90,char:231,keyword,1,2,auto,0,,org:카운터스,131,136,호감도,호감도
char:90,ch17,character,1,2,auto,0,,person:슈엔,131,148,호감도,메인
char:90,ch31,character,1,2,auto,0,,person:엠마,131,308,호감도,메인
char:160,char:92,keyword,1,1,auto,0,,place:방주,132,135,호감도,호감도
char:160,event_nocallerid,character,2,1,auto,0,,person:네온 person:아니스,132,146,호감도,이벤트
char:160,ch17,character,1,2,auto,0,,person:유니,132,148,호감도,메인
char:160,ch24,character,1,2,auto,0,,person:미하라,132,221,호감도,메인
char:150,char:92,keyword,2,1,auto,0,,concept:니케 place:지상,133,135,호감도,호감도
char:150,char:170,keyword,1,2,auto,0,,place:전초기지,133,141,호감도,호감도
char:150,event_brandnewyear,callback,1,2,record,0,E137,,133,163,호감도,이벤트
char:150,event_brandnewyear,character,1,2,auto,0,,person:율리아,133,163,호감도,이벤트
char:171,char:110,keyword,1,1,auto,0,,org:중앙_정부,134,137,호감도,호감도
char:171,char:170,character,1,2,auto,0,,person:율하,134,141,호감도,호감도
char:171,char:170,keyword,1,2,auto,0,,org:트라이앵글,134,141,호감도,호감도
char:171,ch18,character,1,2,auto,0,,person:파피용,134,152,호감도,메인
char:92,char:231,keyword,1,1,auto,0,,concept:니케,135,136,호감도,호감도
char:92,char:110,keyword,1,1,auto,0,,place:방주,135,137,호감도,호감도
char:92,char:30,character,1,2,auto,0,,person:잉그리드,135,139,호감도,호감도
char:92,char:30,keyword,1,2,auto,0,,org:엘리시온,135,139,호감도,호감도
char:92,char:230,keyword,2,1,auto,0,,concept:랩쳐 place:지상,135,143,호감도,호감도
char:92,relic:데일리아크기사스크랩,keyword,2,2,auto,0,,concept:지상_탈환 place:사관학교,135,167,호감도,유실물
char:92,ch22,keyword,1,2,auto,0,,concept:로드_급,135,197,호감도,메인
char:92,event_neverland1,keyword,1,2,auto,0,,org:앱솔루트,135,255,호감도,이벤트
char:92,ch31,character,1,2,auto,0,,person:은화,135,308,호감도,메인
char:92,char:95,callback,1,3,record,0,F629-2,,135,402,호감도,호감도
char:231,char:110,keyword,1,1,auto,0,,concept:니케,136,137,호감도,호감도
char:231,ch17,keyword,1,2,auto,0,,org:카운터스,136,148,호감도,메인
char:231,ch19,character,1,2,auto,0,,person:이사벨,136,165,호감도,메인
char:231,sub:에덴_Notice_01,setup_payoff,1,3,record,0,Q88-2,,136,193,호감도,서브퀘스트
char:231,erelic:goddess_fall_mini,setup_payoff,1,2,record,0,E1277,,136,419,호감도,유실물
char:110,char:30,keyword,1,1,auto,0,,concept:니케,137,139,호감도,호감도
char:110,char:170,keyword,1,1,auto,0,,org:중앙_정부,137,141,호감도,호감도
char:110,char:230,keyword,1,1,auto,0,,place:방주,137,143,호감도,호감도
char:110,ch18,character,2,2,auto,0,,person:에닉 person:크로우,137,152,호감도,메인
char:110,relic:데일리아크기사스크랩,keyword,1,2,auto,0,,org:데일리_아크,137,167,호감도,유실물
char:110,event_doutsiders,setup_payoff,1,3,record,0,E1279,,137,171,호감도,이벤트
char:110,event_doutsiders,keyword,3,2,auto,0,,concept:아웃로 org:이그조틱 place:아우터_림,137,171,호감도,이벤트
char:110,char:400,keyword,1,2,auto,0,,place:갱생관,137,172,호감도,호감도
char:110,ch24,setup_payoff,1,2,record,0,E1280,,137,221,호감도,메인
char:110,fl:sin_editor,callback,1,3,record,0,E997,,137,430,호감도,이벤트
char:131,char:142,character,1,2,auto,0,,person:메어리,138,142,호감도,호감도
char:131,char:401,keyword,1,2,auto,0,,concept:퍼펙트,138,173,호감도,호감도
char:131,event_bluewaterisland,callback,1,3,record,0,E217,,138,212,호감도,이벤트
char:131,event_bluewaterisland,character,1,2,auto,0,,person:페퍼,138,212,호감도,이벤트
char:30,char:170,keyword,1,1,auto,0,,concept:니케,139,141,호감도,호감도
char:30,sub:테트라_커넥트_01,character,1,2,auto,0,,person:잉그리드,139,153,호감도,서브퀘스트
char:30,sub:테트라_커넥트_01,keyword,1,2,auto,0,,org:엘리시온,139,153,호감도,서브퀘스트
char:30,char:802,character,1,2,auto,0,,person:폴리,139,182,호감도,호감도
char:30,char:802,keyword,1,2,auto,0,,org:A.C.P.U.,139,182,호감도,호감도
char:242,event_goldencoinrush1,callback,2,3,record,0,E1368 E1369,,140,300,호감도,이벤트
char:242,event_goldencoinrush1,character,1,2,auto,0,,person:폴크방,140,300,호감도,이벤트
char:242,event_lifeagain,callback,1,3,record,0,E1393,,140,332,호감도,이벤트
char:170,char:142,keyword,1,1,auto,0,,concept:니케,141,142,호감도,호감도
char:170,event_nocallerid,keyword,1,1,auto,0,,org:중앙_정부,141,146,호감도,이벤트
char:170,event_miraclesnow1,keyword,1,2,auto,0,,place:전초기지,141,159,호감도,이벤트
char:170,char:800,character,2,2,auto,0,,person:율하 person:프리바티,141,180,호감도,호감도
char:170,sub:중앙정부_트라이앵글_00,keyword,1,2,auto,0,,org:트라이앵글,141,199,호감도,서브퀘스트
char:170,event_perfectmaid,callback,1,3,record,0,F651-2,,141,264,호감도,이벤트
char:142,char:222,keyword,1,1,auto,0,,concept:니케,142,144,호감도,호감도
char:142,ch17,keyword,1,2,auto,0,,concept:사고_전환,142,148,호감도,메인
char:142,event_brandnewyear,character,1,2,auto,0,,person:슈가,142,163,호감도,이벤트
char:142,event_bluewaterisland,character,1,2,auto,0,,person:메어리,142,212,호감도,이벤트
char:142,sub:해결사_카페_스위티_00,character,2,2,auto,0,,person:밀크 person:프림,142,222,호감도,서브퀘스트
char:230,char:222,keyword,2,1,auto,0,,concept:랩쳐 place:지상,143,144,호감도,호감도
char:230,event_nocallerid,keyword,1,1,auto,0,,place:방주,143,146,호감도,이벤트
char:230,ch19,character,1,2,auto,0,,person:하란,143,165,호감도,메인
char:230,erelic:goddess_fall_mini,setup_payoff,3,3,record,0,E1281 E1282 Q89-2,,143,419,호감도,유실물
char:230,fl:ark_ranger,setup_payoff,1,3,record,0,E1283,,143,462,호감도,이벤트
char:230,fl:ark_ranger,callback,1,3,record,0,E1177,,143,462,호감도,이벤트
char:222,event_nocallerid,keyword,2,1,auto,0,,concept:랩쳐 place:지상,144,146,호감도,이벤트
char:222,ch17,character,1,2,auto,0,,person:홍련,144,148,호감도,메인
char:222,ch17,keyword,1,1,auto,0,,concept:니케,144,148,호감도,메인
char:222,ch19,keyword,1,2,auto,0,,org:필그림,144,165,호감도,메인
char:222,event_overzone,callback,1,3,record,0,E199,,144,203,호감도,이벤트
char:222,erelic:red_ash_lost,setup_payoff,1,2,record,0,Q90-2,,144,249,호감도,유실물
char:222,event_newyearnewsword,setup_payoff,2,3,record,0,E1284 Q90-3,,144,258,호감도,이벤트
char:222,event_newyearnewsword,callback,1,3,record,0,F660-2,,144,258,호감도,이벤트
char:222,event_goddessfall1,setup_payoff,1,2,record,0,E1286,,144,418,호감도,이벤트
char:222,ch47,setup_payoff,1,2,record,0,E1285,,144,470,호감도,메인
char:120,event_miraclesnow1,setup_payoff,2,2,record,0,E1596 E1597,,145,159,호감도,이벤트
char:120,event_miraclesnow1,character,1,2,auto,0,,person:앤,145,159,호감도,이벤트
event_nocallerid,char:352,keyword,3,1,auto,0,,concept:랩쳐 place:방주 place:지상,146,147,이벤트,호감도
event_nocallerid,ch17,character,3,2,auto,0,,person:라피 person:아니스 person:엔더슨,146,148,이벤트,메인
event_nocallerid,ch17,keyword,1,2,auto,0,,incident:랩쳐_침공,146,148,이벤트,메인
event_nocallerid,sub:중앙_정부_공식__02,character,1,1,auto,0,,person:네온,146,154,이벤트,서브퀘스트
event_nocallerid,sub:중앙_정부_공식__02,keyword,1,1,auto,0,,org:중앙_정부,146,154,이벤트,서브퀘스트
char:352,ch17,keyword,3,1,auto,0,,concept:랩쳐 place:방주 place:지상,147,148,호감도,메인
char:352,ch18,keyword,1,2,auto,0,,concept:타일런트_급,147,152,호감도,메인
char:352,event_brandnewyear,character,2,2,auto,0,,person:버닝엄 person:헬름,147,163,호감도,이벤트
char:352,event_brandnewyear,keyword,1,2,auto,0,,place:어드마이어_호,147,163,호감도,이벤트
char:352,event_goldenship,character,2,2,auto,0,,person:마스트 person:앵커,147,224,호감도,이벤트
char:352,event_seayouagain1,setup_payoff,2,2,record,0,E1598 E1599,,147,226,호감도,이벤트
char:352,event_seayouagain1,callback,1,3,record,0,E1319,,147,226,호감도,이벤트
char:352,event_seayouagain1,keyword,1,2,auto,0,,org:이지스,147,226,호감도,이벤트
char:352,ch38,callback,1,2,record,0,E658,,147,375,호감도,메인
ch17,sub:제니퍼f_00,character,1,1,auto,0,,person:아니스,148,149,메인,서브퀘스트
ch17,sub:제니퍼f_00,keyword,1,1,auto,0,,place:지상,148,149,메인,서브퀘스트
ch17,relic:모바일_보이스피싱_광고_모음.zip,keyword,1,2,auto,0,,incident:랩쳐_침공,148,150,메인,유실물
ch17,relic:니케제작보고서요약본,keyword,1,1,auto,0,,concept:니케,148,151,메인,유실물
ch17,ch18,sequel,1,3,auto,0,,,148,152,메인,메인
ch17,ch18,character,3,2,auto,0,,person:슈엔 person:엔더슨 person:유니,148,152,메인,메인
ch17,ch18,keyword,7,2,auto,0,,concept:NIMPH concept:랩쳐 concept:언체인드 org:메티스 org:미실리스 org:카운터스 place:방주,148,152,메인,메인
ch17,sub:테트라_커넥트_01,character,1,1,auto,0,,person:라피,148,153,메인,서브퀘스트
ch17,event_miraclesnow1,keyword,1,2,auto,0,,concept:기억_소거,148,159,메인,이벤트
ch17,event_brandnewyear,character,1,2,auto,0,,person:마리안,148,163,메인,이벤트
ch17,ch19,keyword,1,2,auto,0,,concept:헬레틱,148,165,메인,메인
ch17,ch20,setup_payoff,1,3,record,0,E125,,148,168,메인,메인
ch17,relic:jonathan_report,keyword,1,2,auto,0,,concept:사고_전환,148,170,메인,유실물
ch17,ch22,callback,2,3,record,0,E173 E175,,148,197,메인,메인
ch17,event_overzone,character,3,2,auto,0,,person:라푼젤 person:스노우_화이트 person:홍련,148,203,메인,이벤트
ch17,event_overzone,keyword,1,2,auto,0,,org:갓데스,148,203,메인,이벤트
ch17,erelic:white_memory,character,1,2,auto,0,,person:레드_후드,148,204,메인,유실물
ch17,ch26,callback,2,3,record,0,E265 E266,,148,244,메인,메인
ch17,event_oldtales1,callback,1,2,record,0,E535,,148,338,메인,이벤트
ch17,ch39,keyword,1,2,auto,0,,org:파이오니아,148,396,메인,메인
ch17,fl:ark_guardian,setup_payoff,3,3,record,0,E119 E120 E123,,148,428,메인,이벤트
ch17,fl:project_matis,callback,1,2,record,0,E1197,,148,467,메인,이벤트
sub:제니퍼f_00,ch18,keyword,1,1,auto,0,,place:지상,149,152,서브퀘스트,메인
sub:제니퍼f_00,sub:테트라_커넥트_01,character,1,1,auto,0,,person:아니스,149,153,서브퀘스트,서브퀘스트
sub:제니퍼f_00,fl:lie_cause_recoil,setup_payoff,2,3,record,0,E126 Q96-2,,149,438,서브퀘스트,이벤트
sub:제니퍼f_00,fl:lie_cause_recoil,callback,1,3,record,0,E1476,,149,438,서브퀘스트,이벤트
sub:제니퍼f_00,fl:lie_cause_recoil,keyword,1,2,auto,0,,org:방주_아동_보호_센터,149,438,서브퀘스트,이벤트
relic:모바일_보이스피싱_광고_모음.zip,relic:XX중학교가정통신문,keyword,1,2,auto,0,,incident:랩쳐_침공,150,156,유실물,유실물
relic:니케제작보고서요약본,ch18,keyword,1,1,auto,0,,concept:니케,151,152,유실물,메인
ch18,sub:테트라_커넥트_01,keyword,1,1,auto,0,,concept:니케,152,153,메인,서브퀘스트
ch18,sub:중앙_정부_공식__02,keyword,1,1,auto,0,,concept:랩쳐,152,154,메인,서브퀘스트
ch18,relic:XX중학교가정통신문,callback,1,2,record,0,E134,,152,156,메인,유실물
ch18,event_hightechtoy,character,4,2,auto,0,,person:드레이크 person:라플라스 person:맥스웰 person:슈엔,152,157,메인,이벤트
ch18,event_hightechtoy,keyword,5,2,auto,0,,concept:타일런트_급 org:메티스 org:미실리스 place:방주 place:지상,152,157,메인,이벤트
ch18,event_miraclesnow1,keyword,1,2,auto,0,,concept:NIMPH,152,159,메인,이벤트
ch18,ch19,sequel,1,3,auto,0,,,152,165,메인,메인
ch18,ch19,character,1,2,auto,0,,person:파피용,152,165,메인,메인
ch18,ch19,keyword,1,2,auto,0,,concept:언체인드,152,165,메인,메인
ch18,ch20,keyword,1,2,auto,0,,org:카운터스,152,168,메인,메인
ch18,event_doutsiders,character,2,2,auto,0,,person:엔더슨 person:크로우,152,171,메인,이벤트
ch18,event_maidinvalentine,character,1,2,auto,0,,person:머스탱,152,177,메인,이벤트
ch18,ch22,setup_payoff,1,2,record,0,E131,,152,197,메인,메인
ch18,ch22,callback,1,3,record,0,E174,,152,197,메인,메인
ch18,ch22,character,1,2,auto,0,,person:에닉,152,197,메인,메인
ch18,event_overzone,keyword,1,2,auto,0,,concept:침식,152,203,메인,이벤트
ch18,ch23,setup_payoff,2,3,record,0,E132 Q97-2,,152,217,메인,메인
ch18,ch23,character,1,2,auto,0,,person:유니,152,217,메인,메인
ch18,ch24,callback,1,3,record,0,E236,,152,221,메인,메인
ch18,event_oldtales1,keyword,1,2,auto,0,,concept:콜링_시그널,152,338,메인,이벤트
ch18,event_unbreakablesphere1,callback,1,2,record,0,E705,,152,377,메인,이벤트
ch18,event_goddessfall1,keyword,1,2,auto,0,,concept:스톰_브링어,152,418,메인,이벤트
ch18,fl:ark_guardian,setup_payoff,1,2,record,0,Q98-2,,152,428,메인,이벤트
ch18,fl:enter_heaven,callback,1,3,record,0,E1039,,152,442,메인,이벤트
ch18,fl:project_matis,setup_payoff,1,3,record,0,E128,,152,467,메인,이벤트
ch18,fl:project_matis,callback,3,2,record,0,E1190 E1200 E1204,,152,467,메인,이벤트
sub:테트라_커넥트_01,sub:중앙_정부_공식__02,character,2,1,auto,0,,person:라피 person:아니스,153,154,서브퀘스트,서브퀘스트
sub:테트라_커넥트_01,event_hightechtoy,keyword,1,1,auto,0,,concept:니케,153,157,서브퀘스트,이벤트
sub:테트라_커넥트_01,char:260,character,1,2,auto,0,,person:잉그리드,153,164,서브퀘스트,호감도
sub:테트라_커넥트_01,char:311,keyword,1,2,auto,0,,org:엘리시온,153,178,서브퀘스트,호감도
sub:테트라_커넥트_01,ch23,setup_payoff,1,2,record,0,E133,,153,217,서브퀘스트,메인
sub:테트라_커넥트_01,ch23,keyword,1,2,auto,0,,org:테트라_커넥트,153,217,서브퀘스트,메인
sub:테트라_커넥트_01,ch24,keyword,1,2,auto,0,,org:테트라,153,221,서브퀘스트,메인
sub:중앙_정부_공식__02,sub:김작가_00,character,1,1,auto,0,,person:아니스,154,155,서브퀘스트,서브퀘스트
sub:중앙_정부_공식__02,relic:XX중학교가정통신문,keyword,1,1,auto,0,,concept:랩쳐,154,156,서브퀘스트,유실물
sub:중앙_정부_공식__02,char:100,character,1,1,auto,0,,person:네온,154,158,서브퀘스트,호감도
sub:중앙_정부_공식__02,char:260,character,1,1,auto,0,,person:라피,154,164,서브퀘스트,호감도
sub:중앙_정부_공식__02,relic:데일리아크기사스크랩,keyword,1,1,auto,0,,org:중앙_정부,154,167,서브퀘스트,유실물
sub:김작가_00,char:100,character,1,1,auto,0,,person:아니스,155,158,서브퀘스트,호감도
relic:XX중학교가정통신문,event_hightechtoy,keyword,1,1,auto,0,,concept:랩쳐,156,157,유실물,이벤트
relic:XX중학교가정통신문,char:800,keyword,1,2,auto,0,,incident:랩쳐_침공,156,180,유실물,호감도
event_hightechtoy,char:100,character,1,2,auto,0,,person:라플라스,157,158,이벤트,호감도
event_hightechtoy,char:100,keyword,3,2,auto,0,,concept:니케 org:미실리스 place:방주,157,158,이벤트,호감도
event_hightechtoy,event_miraclesnow1,character,1,2,auto,0,,person:슈엔,157,159,이벤트,이벤트
event_hightechtoy,event_miraclesnow1,keyword,2,2,auto,0,,concept:양산형_니케 place:지상,157,159,이벤트,이벤트
event_hightechtoy,char:193,keyword,1,1,auto,0,,concept:랩쳐,157,160,이벤트,호감도
event_hightechtoy,char:801,character,1,2,auto,0,,person:드레이크,157,181,이벤트,호감도
event_hightechtoy,ch22,keyword,1,2,auto,0,,org:메티스,157,197,이벤트,메인
event_hightechtoy,event_seayouagain1,keyword,1,2,auto,0,,concept:타일런트_급,157,226,이벤트,이벤트
event_hightechtoy,char:500,character,1,2,auto,0,,person:맥스웰,157,281,이벤트,호감도
event_hightechtoy,fl:project_matis,setup_payoff,3,3,record,0,E1288 E1289,,157,467,이벤트,이벤트
event_hightechtoy,fl:project_matis,callback,1,3,record,0,E1203,,157,467,이벤트,이벤트
char:100,event_miraclesnow1,keyword,3,2,auto,0,,concept:니케 org:미실리스 place:방주,158,159,호감도,이벤트
char:100,char:121,character,1,1,auto,0,,person:아니스,158,162,호감도,호감도
char:100,char:260,character,1,1,auto,0,,person:네온,158,164,호감도,호감도
char:100,char:501,character,1,2,auto,0,,person:라플라스,158,299,호감도,호감도
char:100,fl:project_matis,setup_payoff,1,2,record,0,E1600,,158,467,호감도,이벤트
event_miraclesnow1,char:203,character,1,2,auto,0,,person:루피,159,161,이벤트,호감도
event_miraclesnow1,char:203,keyword,1,1,auto,0,,place:방주,159,161,이벤트,호감도
event_miraclesnow1,char:121,character,1,2,auto,0,,person:앤,159,162,이벤트,호감도
event_miraclesnow1,event_brandnewyear,keyword,1,1,auto,0,,place:지상,159,163,이벤트,이벤트
event_miraclesnow1,char:260,keyword,1,1,auto,0,,concept:니케,159,164,이벤트,호감도
event_miraclesnow1,ch19,keyword,1,2,auto,0,,concept:NIMPH,159,165,이벤트,메인
event_miraclesnow1,event_ltk,keyword,1,2,auto,0,,concept:양산형_니케,159,189,이벤트,이벤트
event_miraclesnow1,ch23,character,1,2,auto,0,,person:슈엔,159,217,이벤트,메인
event_miraclesnow1,ch23,keyword,1,2,auto,0,,org:미실리스,159,217,이벤트,메인
event_miraclesnow1,char:33,keyword,1,2,auto,0,,place:전초기지,159,240,이벤트,호감도
event_miraclesnow1,sub:중앙정부_프로토콜_00,character,1,2,auto,0,,person:엑시아,159,242,이벤트,서브퀘스트
event_miraclesnow1,sub:택틱컬틱택_01,keyword,1,2,auto,0,,concept:기억_소거,159,275,이벤트,서브퀘스트
char:193,char:260,keyword,1,1,auto,0,,concept:랩쳐,160,164,호감도,호감도
char:193,event_alonesurvivor,callback,1,3,record,0,E1340,,160,253,호감도,이벤트
char:193,event_alonesurvivor,character,2,2,auto,0,,person:네베 person:루드밀라,160,253,호감도,이벤트
char:193,event_goldencoinrush1,character,1,2,auto,0,,person:앨리스,160,300,호감도,이벤트
char:203,ch19,keyword,1,1,auto,0,,place:방주,161,165,호감도,메인
char:203,sub:상인연합_달란트_00,character,1,2,auto,0,,person:루피,161,218,호감도,서브퀘스트
char:203,fl:ark_ranger,keyword,1,2,auto,0,,place:로열_로드,161,462,호감도,이벤트
char:121,char:260,character,1,1,auto,0,,person:아니스,162,164,호감도,호감도
event_brandnewyear,char:260,character,1,2,auto,0,,person:마리안,163,164,이벤트,호감도
event_brandnewyear,ch19,setup_payoff,1,2,record,0,E136,,163,165,이벤트,메인
event_brandnewyear,ch19,keyword,1,1,auto,0,,place:지상,163,165,이벤트,메인
event_brandnewyear,event_bluewaterisland,callback,1,3,record,0,E208,,163,212,이벤트,이벤트
event_brandnewyear,event_bluewaterisland,keyword,1,2,auto,0,,place:어드마이어_호,163,212,이벤트,이벤트
event_brandnewyear,ch23,character,1,2,auto,0,,person:버닝엄,163,217,이벤트,메인
event_brandnewyear,event_seayouagain1,setup_payoff,1,2,record,0,E138,,163,226,이벤트,이벤트
event_brandnewyear,event_seayouagain1,callback,1,3,record,0,E1320,,163,226,이벤트,이벤트
event_brandnewyear,event_seayouagain1,character,1,2,auto,0,,person:헬름,163,226,이벤트,이벤트
event_brandnewyear,event_dirtybackyard,character,1,2,auto,0,,person:슈가,163,262,이벤트,이벤트
event_brandnewyear,fl:terminus_ticket,character,1,2,auto,0,,person:율리아,163,425,이벤트,이벤트
char:260,ch19,character,1,1,auto,0,,person:아니스,164,165,호감도,메인
char:260,ch19,keyword,2,1,auto,0,,concept:니케 concept:랩쳐,164,165,호감도,메인
char:260,sub:데이파라_00,character,2,1,auto,0,,person:네온 person:라피,164,166,호감도,서브퀘스트
char:260,char:311,character,1,2,auto,0,,person:잉그리드,164,178,호감도,호감도
char:260,ch21,character,1,2,auto,0,,person:마리안,164,191,호감도,메인
char:260,event_lastkingdom1,setup_payoff,1,2,record,0,E1297,,164,295,호감도,이벤트
char:260,event_lastkingdom1,character,1,2,auto,0,,person:모더니아,164,295,호감도,이벤트
ch19,sub:데이파라_00,character,1,1,auto,0,,person:아니스,165,166,메인,서브퀘스트
ch19,sub:데이파라_00,keyword,2,1,auto,0,,concept:랩쳐 place:지상,165,166,메인,서브퀘스트
ch19,relic:데일리아크기사스크랩,character,1,2,auto,0,,person:요한,165,167,메인,유실물
ch19,relic:데일리아크기사스크랩,keyword,1,1,auto,0,,place:방주,165,167,메인,유실물
ch19,ch20,sequel,1,3,auto,0,,,165,168,메인,메인
ch19,ch20,setup_payoff,2,3,record,0,E140 E141,,165,168,메인,메인
ch19,ch20,callback,1,3,record,0,E146,,165,168,메인,메인
ch19,ch20,character,6,2,auto,0,,person:니힐리스타 person:도로시 person:세실 person:이사벨 person:파피용 person:하란,165,168,메인,메인
ch19,ch20,keyword,4,2,auto,0,,concept:니케 concept:언체인드 concept:헬레틱 place:에덴,165,168,메인,메인
ch19,relic:jonathan_report,callback,1,2,record,0,E150,,165,170,메인,유실물
ch19,ch21,character,1,2,auto,0,,person:노아,165,191,메인,메인
ch19,ch21,keyword,1,2,auto,0,,concept:NIMPH,165,191,메인,메인
ch19,event_overzone,setup_payoff,1,3,record,0,Q105-2,,165,203,메인,이벤트
ch19,event_overzone,keyword,1,2,auto,0,,org:필그림,165,203,메인,이벤트
ch19,ch25,callback,1,3,record,0,E261,,165,241,메인,메인
ch19,event_oldtales1,callback,1,3,record,0,F744-2,,165,338,메인,이벤트
ch19,event_ce006,setup_payoff,1,2,record,0,Q107-2,,165,387,메인,이벤트
ch19,event_ce006,callback,1,3,record,0,E760,,165,387,메인,이벤트
ch19,fl:ark_guardian,setup_payoff,1,3,record,0,Q104-2,,165,428,메인,이벤트
sub:데이파라_00,relic:데일리아크기사스크랩,keyword,1,1,auto,0,,place:지상,166,167,서브퀘스트,유실물
sub:데이파라_00,ch20,keyword,1,1,auto,0,,concept:랩쳐,166,168,서브퀘스트,메인
sub:데이파라_00,sub:로망티스트_00,character,1,1,auto,0,,person:아니스,166,169,서브퀘스트,서브퀘스트
sub:데이파라_00,ch21,character,1,1,auto,0,,person:네온,166,191,서브퀘스트,메인
sub:데이파라_00,sub:2호_쉘터_관리계정_00,setup_payoff,1,3,record,0,Q108-2,,166,200,서브퀘스트,서브퀘스트
sub:데이파라_00,sub:2호_쉘터_관리계정_00,callback,1,3,record,0,E183,,166,200,서브퀘스트,서브퀘스트
sub:데이파라_00,sub:2호_쉘터_관리계정_00,character,2,2,auto,0,,person:데이파라 person:라피,166,200,서브퀘스트,서브퀘스트
sub:데이파라_00,sub:2호_쉘터_관리계정_00,keyword,1,2,auto,0,,org:구원의_성화,166,200,서브퀘스트,서브퀘스트
sub:데이파라_00,fl:reborn_evil,setup_payoff,1,3,record,0,Q108-3,,166,407,서브퀘스트,이벤트
sub:데이파라_00,fl:reborn_evil,callback,2,3,record,0,E871 E872,,166,407,서브퀘스트,이벤트
sub:데이파라_00,char:840,setup_payoff,1,3,record,0,Q108-4,,166,408,서브퀘스트,호감도
relic:데일리아크기사스크랩,ch20,setup_payoff,1,3,record,0,Q109-2,,167,168,유실물,메인
relic:데일리아크기사스크랩,ch20,character,2,2,auto,0,,person:샛별 person:요한,167,168,유실물,메인
relic:데일리아크기사스크랩,ch20,keyword,1,1,auto,0,,place:방주,167,168,유실물,메인
relic:데일리아크기사스크랩,event_doutsiders,keyword,1,1,auto,0,,org:중앙_정부,167,171,유실물,이벤트
relic:데일리아크기사스크랩,event_maidinvalentine,keyword,1,1,auto,0,,place:지상,167,177,유실물,이벤트
relic:데일리아크기사스크랩,ch21,setup_payoff,1,3,record,0,E144,,167,191,유실물,메인
relic:데일리아크기사스크랩,ch21,keyword,1,2,auto,0,,incident:2차_지상_탈환전,167,191,유실물,메인
relic:데일리아크기사스크랩,event_footstepwalkrun1,callback,1,2,record,0,E564,,167,350,유실물,이벤트
relic:데일리아크기사스크랩,event_footstepwalkrun1,keyword,1,2,auto,0,,concept:지상_탈환,167,350,유실물,이벤트
relic:데일리아크기사스크랩,fl:absolute,keyword,1,2,auto,0,,place:사관학교,167,400,유실물,이벤트
relic:데일리아크기사스크랩,erelic:goddess_fall_mini,setup_payoff,1,2,record,0,Q109-3,,167,419,유실물,유실물
ch20,sub:로망티스트_00,keyword,1,1,auto,0,,place:방주,168,169,메인,서브퀘스트
ch20,relic:jonathan_report,keyword,2,2,auto,0,,concept:니케 place:에덴,168,170,메인,유실물
ch20,char:800,keyword,1,1,auto,0,,concept:랩쳐,168,180,메인,호감도
ch20,char:261,setup_payoff,1,3,record,0,Q111-2,,168,186,메인,호감도
ch20,char:261,callback,3,3,record,0,E1300 E1303 E1304,,168,186,메인,호감도
ch20,char:261,character,4,2,auto,0,,person:니힐리스타 person:리버렐리오 person:퀸 person:토커티브,168,186,메인,호감도
ch20,char:261,keyword,2,2,auto,0,,concept:언체인드 concept:헬레틱,168,186,메인,호감도
ch20,ch21,sequel,1,3,auto,0,,,168,191,메인,메인
ch20,ch21,setup_payoff,1,3,record,0,Q112-2,,168,191,메인,메인
ch20,ch21,character,6,2,auto,0,,person:도로시 person:세실 person:요한 person:이사벨 person:파피용 person:하란,168,191,메인,메인
ch20,event_overzone,callback,1,2,record,0,E190,,168,203,메인,이벤트
ch20,ch24,keyword,1,2,auto,0,,org:카운터스,168,221,메인,메인
ch20,ch32,callback,1,3,record,0,E457,,168,310,메인,메인
ch20,event_footstepwalkrun1,character,1,2,auto,0,,person:샛별,168,350,메인,이벤트
ch20,side:eden_spear,setup_payoff,1,3,record,0,E148,,168,411,메인,사이드
ch20,side:eden_spear,callback,1,3,record,0,E890,,168,411,메인,사이드
ch20,side:eden_spear,reversal,2,3,record,0,F768-2 F770-2,,168,411,메인,사이드
ch20,side:eden_spear,keyword,1,2,auto,0,,concept:릴리스의_바디,168,411,메인,사이드
ch20,event_goddessfall1,setup_payoff,2,2,record,0,E147 Q110-2,,168,418,메인,이벤트
ch20,ch47,callback,1,2,record,0,E1218,,168,470,메인,메인
sub:로망티스트_00,event_doutsiders,keyword,1,1,auto,0,,place:방주,169,171,서브퀘스트,이벤트
sub:로망티스트_00,char:261,character,1,1,auto,0,,person:아니스,169,186,서브퀘스트,호감도
sub:로망티스트_00,sub:로망티스트_01,sequel,1,3,auto,0,,,169,245,서브퀘스트,서브퀘스트
sub:로망티스트_00,sub:로망티스트_01,setup_payoff,1,3,record,0,E149,,169,245,서브퀘스트,서브퀘스트
sub:로망티스트_00,sub:로망티스트_01,callback,1,3,record,0,E276,,169,245,서브퀘스트,서브퀘스트
sub:로망티스트_00,sub:로망티스트_01,character,1,2,auto,0,,person:로망티스트,169,245,서브퀘스트,서브퀘스트
relic:jonathan_report,event_doutsiders,keyword,1,1,auto,0,,concept:니케,170,171,유실물,이벤트
relic:jonathan_report,char:261,keyword,1,2,auto,0,,place:에덴,170,186,유실물,호감도
relic:jonathan_report,event_overzone,keyword,1,2,auto,0,,concept:사고_전환,170,203,유실물,이벤트
event_doutsiders,char:111,character,1,2,auto,0,,person:크로우,171,174,이벤트,호감도
event_doutsiders,char:402,keyword,1,1,auto,0,,place:방주,171,175,이벤트,호감도
event_doutsiders,char:112,character,1,2,auto,0,,person:바이퍼,171,176,이벤트,호감도
event_doutsiders,char:112,keyword,4,2,auto,0,,concept:니케 org:이그조틱 org:중앙_정부 place:아우터_림,171,176,이벤트,호감도
event_doutsiders,char:800,character,1,2,auto,0,,person:엔더슨,171,180,이벤트,호감도
event_doutsiders,ch22,keyword,1,2,auto,0,,org:엔터_헤븐,171,197,이벤트,메인
event_doutsiders,event_boomsday,keyword,1,2,auto,0,,concept:이터널_스카이,171,280,이벤트,이벤트
event_doutsiders,fl:enter_heaven,keyword,1,2,auto,0,,concept:아웃로,171,442,이벤트,이벤트
char:400,char:401,character,1,2,auto,0,,person:마나,172,173,호감도,호감도
char:400,char:401,keyword,1,2,auto,0,,place:갱생관,172,173,호감도,호감도
char:400,event_beautyfullshot1,character,1,2,auto,0,,person:길티,172,305,호감도,이벤트
char:401,char:111,keyword,1,2,auto,0,,concept:퍼펙트,173,174,호감도,호감도
char:401,char:402,character,1,2,auto,0,,person:마나,173,175,호감도,호감도
char:401,char:402,keyword,1,2,auto,0,,place:갱생관,173,175,호감도,호감도
char:401,event_boomsday,keyword,1,2,auto,0,,concept:컨버터,173,280,호감도,이벤트
char:401,event_romanticvalentine,callback,2,3,record,0,E1417,,173,355,호감도,이벤트
char:401,event_romanticvalentine,character,1,2,auto,0,,person:신,173,355,호감도,이벤트
char:111,char:112,character,1,2,auto,0,,person:크로우,174,176,호감도,호감도
char:111,char:800,keyword,1,2,auto,0,,concept:퍼펙트,174,180,호감도,호감도
char:111,ch23,character,1,2,auto,0,,person:자칼,174,217,호감도,메인
char:402,char:311,keyword,1,1,auto,0,,place:방주,175,178,호감도,호감도
char:402,event_darkhero,character,1,2,auto,0,,person:마나,175,298,호감도,이벤트
char:402,event_phantomthiefvsdetective,callback,3,3,record,0,E1388 E1389 E1391,,175,328,호감도,이벤트
char:402,event_phantomthiefvsdetective,character,1,2,auto,0,,person:퀀시,175,328,호감도,이벤트
char:402,char:403,keyword,1,2,auto,0,,place:갱생관,175,329,호감도,호감도
char:402,fl:go_ninja_thief,callback,1,3,record,0,E1441,,175,412,호감도,이벤트
char:112,char:311,keyword,1,1,auto,0,,concept:니케,176,178,호감도,호감도
char:112,char:800,keyword,1,1,auto,0,,org:중앙_정부,176,180,호감도,호감도
char:112,event_cherryblossom,keyword,1,2,auto,0,,place:아우터_림,176,185,호감도,이벤트
char:112,event_fullfoolday,character,1,2,auto,0,,person:시프티,176,188,호감도,이벤트
char:112,ch22,character,1,2,auto,0,,person:바이퍼,176,197,호감도,메인
char:112,ch22,keyword,1,2,auto,0,,org:이그조틱,176,197,호감도,메인
char:112,ch23,character,1,2,auto,0,,person:크로우,176,217,호감도,메인
char:112,ch24,setup_payoff,1,2,record,0,E1601,,176,221,호감도,메인
event_maidinvalentine,char:311,character,1,2,auto,0,,person:코코아,177,178,이벤트,호감도
event_maidinvalentine,char:312,character,1,2,auto,0,,person:소다,177,179,이벤트,호감도
event_maidinvalentine,char:800,keyword,1,1,auto,0,,place:지상,177,180,이벤트,호감도
event_maidinvalentine,event_cherryblossom,character,1,2,auto,0,,person:머스탱,177,185,이벤트,이벤트
event_maidinvalentine,event_perfectmaid,callback,1,3,record,0,E1356,,177,264,이벤트,이벤트
event_maidinvalentine,event_perfectmaid,character,1,2,auto,0,,person:에이드,177,264,이벤트,이벤트
event_maidinvalentine,event_perfectmaid,keyword,1,2,auto,0,,org:메이드_포_유,177,264,이벤트,이벤트
event_maidinvalentine,event_romanticvalentine,sequel,1,2,manual,0,Y3,,177,355,이벤트,이벤트
event_maidinvalentine,event_romanticvalentine,setup_payoff,1,2,record,0,E1299,,177,355,이벤트,이벤트
event_maidinvalentine,event_romanticvalentine,callback,2,3,record,0,E1416 E1418,,177,355,이벤트,이벤트
event_maidinvalentine,event_romanticvalentine,character,1,2,auto,0,,person:스윗_조니,177,355,이벤트,이벤트
event_maidinvalentine,event_romanticvalentine,keyword,1,2,auto,0,,place:Sweets_&_Cocoa,177,355,이벤트,이벤트
char:311,char:800,keyword,2,1,auto,0,,concept:니케 place:방주,178,180,호감도,호감도
char:311,event_cherryblossom,keyword,1,2,auto,0,,org:세이메이카이,178,185,호감도,이벤트
char:311,ch22,character,1,2,auto,0,,person:잉그리드,178,197,호감도,메인
char:311,event_redash,keyword,1,2,auto,0,,org:엘리시온,178,248,호감도,이벤트
char:311,event_perfectmaid,character,1,2,auto,0,,person:코코아,178,264,호감도,이벤트
char:312,char:821,character,1,2,auto,0,,person:소다,179,285,호감도,호감도
char:800,char:802,keyword,2,1,auto,0,,concept:니케 place:방주,180,182,호감도,호감도
char:800,event_cherryblossom,keyword,2,1,auto,0,,org:중앙_정부 place:지상,180,185,호감도,이벤트
char:800,char:261,keyword,1,1,auto,0,,concept:랩쳐,180,186,호감도,호감도
char:800,ch21,keyword,1,2,auto,0,,incident:랩쳐_침공,180,191,호감도,메인
char:800,sub:중앙정부_트라이앵글_00,character,2,2,auto,0,,person:율하 person:프리바티,180,199,호감도,서브퀘스트
char:800,event_overzone,keyword,1,2,auto,0,,concept:퍼펙트,180,203,호감도,이벤트
char:800,event_bluewaterisland,character,1,2,auto,0,,person:엔더슨,180,212,호감도,이벤트
char:800,char:390,character,1,2,auto,0,,person:애드미,180,320,호감도,호감도
char:800,event_newflavor,setup_payoff,1,2,record,0,E1603,,180,367,호감도,이벤트
char:800,side:pretty_star,setup_payoff,1,2,record,0,E1602,,180,447,호감도,사이드
char:801,event_freezeacpu,character,1,2,auto,0,,person:드레이크,181,239,호감도,이벤트
char:801,ch42,keyword,1,2,auto,0,,org:빌런_연합,181,416,호감도,메인
char:802,event_bowwowparadise,keyword,1,1,auto,0,,place:방주,182,183,호감도,이벤트
char:802,event_cherryblossom,keyword,1,1,auto,0,,concept:니케,182,185,호감도,이벤트
char:802,ch22,character,1,2,auto,0,,person:폴리,182,197,호감도,메인
char:802,event_freezeacpu,keyword,1,2,auto,0,,org:A.C.P.U.,182,239,호감도,이벤트
char:802,event_phantomthiefvsdetective,character,1,2,auto,0,,person:미란다,182,328,호감도,이벤트
event_bowwowparadise,char:381,character,1,2,auto,0,,person:비스킷,183,184,이벤트,호감도
event_bowwowparadise,char:381,keyword,1,1,auto,0,,place:방주,183,184,이벤트,호감도
event_bowwowparadise,event_secretgarden,callback,1,2,record,0,E1400,,183,345,이벤트,이벤트
char:381,event_cherryblossom,keyword,1,1,auto,0,,place:방주,184,185,호감도,이벤트
char:381,event_lionheart,character,1,2,auto,0,,person:비스킷,184,260,호감도,이벤트
event_cherryblossom,char:261,keyword,3,1,auto,0,,concept:니케 place:방주 place:지상,185,186,이벤트,호감도
event_cherryblossom,char:282,character,1,2,auto,0,,person:사쿠라,185,187,이벤트,호감도
event_cherryblossom,char:282,keyword,1,2,auto,0,,org:세이메이카이,185,187,이벤트,호감도
event_cherryblossom,event_ltk,keyword,2,2,auto,0,,org:중앙_정부 place:아우터_림,185,189,이벤트,이벤트
event_cherryblossom,ch22,callback,1,3,record,0,F835-2,,185,197,이벤트,메인
event_cherryblossom,ch22,character,1,2,auto,0,,person:로산나,185,197,이벤트,메인
event_cherryblossom,ch22,keyword,1,2,auto,0,,org:언더월드_퀸,185,197,이벤트,메인
event_cherryblossom,event_queensorder,character,2,2,auto,0,,person:머스탱 person:목단,185,210,이벤트,이벤트
event_cherryblossom,event_newyearnewsword,character,1,2,auto,0,,person:노이즈,185,258,이벤트,이벤트
event_cherryblossom,fl:for_rest,callback,2,3,record,0,E1420 F836-2,,185,365,이벤트,이벤트
event_cherryblossom,event_staranis1,setup_payoff,1,3,record,0,Q115-2,,185,454,이벤트,이벤트
char:261,char:282,keyword,1,1,auto,0,,place:방주,186,187,호감도,호감도
char:261,event_fullfoolday,keyword,2,1,auto,0,,concept:랩쳐 place:지상,186,188,호감도,이벤트
char:261,event_ltk,keyword,1,1,auto,0,,concept:니케,186,189,호감도,이벤트
char:261,ch21,character,1,1,auto,0,,person:아니스,186,191,호감도,메인
char:261,ch21,keyword,3,2,auto,0,,concept:언체인드 concept:헬레틱 place:에덴,186,191,호감도,메인
char:261,ch22,character,2,2,auto,0,,person:니힐리스타 person:토커티브,186,197,호감도,메인
char:261,event_overzone,character,1,2,auto,0,,person:퀸,186,203,호감도,이벤트
char:261,event_lastkingdom1,callback,1,2,record,0,E399,,186,295,호감도,이벤트
char:261,relic:소녀의일기-절망편-,callback,1,3,record,0,E488,,186,335,호감도,유실물
char:261,ch40,character,1,2,auto,0,,person:리버렐리오,186,398,호감도,메인
char:261,side:eden_spear,setup_payoff,1,3,record,0,E1302,,186,411,호감도,사이드
char:261,event_goddessfall1,setup_payoff,1,3,record,0,E1301,,186,418,호감도,이벤트
char:261,fl:ark_guardian,callback,1,3,record,0,E969,,186,428,호감도,이벤트
char:282,event_ltk,keyword,1,1,auto,0,,place:방주,187,189,호감도,이벤트
char:282,ch22,character,1,2,auto,0,,person:사쿠라,187,197,호감도,메인
char:282,ch22,keyword,1,2,auto,0,,org:세이메이카이,187,197,호감도,메인
event_fullfoolday,char:40,keyword,1,1,auto,0,,place:지상,188,190,이벤트,호감도
event_fullfoolday,ch21,keyword,1,1,auto,0,,concept:랩쳐,188,191,이벤트,메인
event_fullfoolday,event_neverland1,character,1,2,auto,0,,person:벨로타,188,255,이벤트,이벤트
event_fullfoolday,char:281,keyword,1,2,auto,0,,concept:크레디트,188,263,이벤트,호감도
event_fullfoolday,ch27,character,1,2,auto,0,,person:시프티,188,267,이벤트,메인
event_fullfoolday,event_liarsend,sequel,1,2,manual,0,Y5,,188,287,이벤트,이벤트
event_ltk,char:40,character,1,2,auto,0,,person:D,189,190,이벤트,호감도
event_ltk,char:40,keyword,3,2,auto,0,,org:저지스 place:방주 place:아우터_림,189,190,이벤트,호감도
event_ltk,ch21,keyword,1,1,auto,0,,concept:니케,189,191,이벤트,메인
event_ltk,ch22,keyword,2,2,auto,0,,concept:양산형_니케 org:중앙_정부,189,197,이벤트,메인
event_ltk,event_killthelord,sequel,1,2,manual,0,Y6,,189,282,이벤트,이벤트
event_ltk,event_killthelord,setup_payoff,1,2,record,0,E1307,,189,282,이벤트,이벤트
event_ltk,event_killthelord,callback,2,3,record,0,E358 E360,,189,282,이벤트,이벤트
event_ltk,event_killthelord,character,1,2,auto,0,,person:K,189,282,이벤트,이벤트
event_ltk,event_arcanearchive,callback,2,3,record,0,E720,,189,383,이벤트,이벤트
event_ltk,event_lordforjustice,setup_payoff,2,3,record,0,E1305 E1306,,189,385,이벤트,이벤트
event_ltk,event_lordforjustice,callback,1,3,record,0,E740,,189,385,이벤트,이벤트
event_ltk,event_lordforjustice,keyword,1,2,auto,0,,org:시지_패러리스,189,385,이벤트,이벤트
char:40,ch21,keyword,2,1,auto,0,,place:방주 place:지상,190,191,호감도,메인
char:40,ch22,keyword,1,2,auto,0,,place:아우터_림,190,197,호감도,메인
char:40,event_killthelord,character,1,2,auto,0,,person:D,190,282,호감도,이벤트
char:40,event_arcanearchive,keyword,1,2,auto,0,,org:저지스,190,383,호감도,이벤트
ch21,sub:에덴_Notice_00,character,2,2,auto,0,,person:세실 person:이사벨,191,192,메인,서브퀘스트
ch21,sub:에덴_Notice_00,keyword,1,2,auto,0,,place:에덴,191,192,메인,서브퀘스트
ch21,sub:에덴_Notice_01,keyword,1,1,auto,0,,concept:랩쳐,191,193,메인,서브퀘스트
ch21,sub:에덴_Notice_02,character,3,2,auto,0,,person:노아 person:요한 person:하란,191,194,메인,서브퀘스트
ch21,relic:특이랩쳐보고서-전,callback,1,3,record,0,E165,,191,195,메인,유실물
ch21,ch22,sequel,1,3,auto,0,,,191,197,메인,메인
ch21,ch22,setup_payoff,1,3,record,0,Q121-2,,191,197,메인,메인
ch21,ch22,callback,1,3,record,0,E176,,191,197,메인,메인
ch21,ch22,character,1,2,auto,0,,person:도로시,191,197,메인,메인
ch21,ch22,keyword,5,2,auto,0,,concept:니케 concept:언체인드 concept:헬레틱 place:방주 place:지상,191,197,메인,메인
ch21,sub:문구점_00,character,1,1,auto,0,,person:아니스,191,198,메인,서브퀘스트
ch21,event_overzone,setup_payoff,1,3,record,0,Q120-2,,191,203,메인,이벤트
ch21,event_bluewaterisland,character,1,1,auto,0,,person:네온,191,212,메인,이벤트
ch21,ch23,setup_payoff,1,3,record,0,E163,,191,217,메인,메인
ch21,ch24,keyword,1,2,auto,0,,concept:NIMPH,191,221,메인,메인
ch21,event_firstaffection,character,1,2,auto,0,,person:마리안,191,230,메인,이벤트
ch21,relic:마더웨일아종목격보고.wav,keyword,1,2,auto,0,,concept:마더_웨일,191,243,메인,유실물
ch21,event_footstepwalkrun1,keyword,1,2,auto,0,,incident:2차_지상_탈환전,191,350,메인,이벤트
ch21,ch35,callback,1,3,record,0,E594,,191,358,메인,메인
ch21,char:841,callback,1,3,record,0,E1620,,191,410,메인,호감도
ch21,side:eden_spear,callback,1,3,record,0,E885,,191,411,메인,사이드
ch21,side:eden_spear,character,1,2,auto,0,,person:파피용,191,411,메인,사이드
ch21,event_goddessfall1,callback,1,3,record,0,E951,,191,418,메인,이벤트
ch21,erelic:goddess_fall_mini,setup_payoff,4,3,record,0,E158 E160 E161 Q118-2,,191,419,메인,유실물
sub:에덴_Notice_00,sub:에덴_Notice_01,sequel,1,3,auto,0,,,192,193,서브퀘스트,서브퀘스트
sub:에덴_Notice_00,sub:에덴_Notice_01,character,2,2,auto,0,,person:세실 person:이사벨,192,193,서브퀘스트,서브퀘스트
sub:에덴_Notice_00,sub:에덴_Notice_01,keyword,1,2,auto,0,,place:에덴,192,193,서브퀘스트,서브퀘스트
sub:에덴_Notice_01,sub:에덴_Notice_02,sequel,1,3,auto,0,,,193,194,서브퀘스트,서브퀘스트
sub:에덴_Notice_01,sub:에덴_Notice_02,character,1,2,auto,0,,person:이사벨,193,194,서브퀘스트,서브퀘스트
sub:에덴_Notice_01,sub:에덴_Notice_02,keyword,1,2,auto,0,,place:에덴,193,194,서브퀘스트,서브퀘스트
sub:에덴_Notice_01,relic:특이랩쳐보고서-전,keyword,1,1,auto,0,,concept:랩쳐,193,195,서브퀘스트,유실물
sub:에덴_Notice_01,ch33,character,1,2,auto,0,,person:세실,193,334,서브퀘스트,메인
sub:에덴_Notice_02,char:233,character,1,2,auto,0,,person:노아,194,205,서브퀘스트,호감도
sub:에덴_Notice_02,char:233,keyword,1,2,auto,0,,place:에덴,194,205,서브퀘스트,호감도
sub:에덴_Notice_02,ch39,setup_payoff,1,2,record,0,Q122-2,,194,396,서브퀘스트,메인
sub:에덴_Notice_02,ch40,setup_payoff,1,3,record,0,Q122-3,,194,398,서브퀘스트,메인
sub:에덴_Notice_02,side:eden_spear,setup_payoff,1,3,record,0,Q122-4,,194,411,서브퀘스트,사이드
sub:에덴_Notice_02,side:eden_spear,character,3,2,auto,0,,person:요한 person:이사벨 person:하란,194,411,서브퀘스트,사이드
sub:에덴_Notice_02,erelic:goddess_fall_mini,setup_payoff,1,3,record,0,Q122-5,,194,419,서브퀘스트,유실물
relic:특이랩쳐보고서-전,relic:특이랩쳐보고서-후,sequel,1,3,auto,0,,,195,196,유실물,유실물
relic:특이랩쳐보고서-전,ch22,keyword,1,1,auto,0,,concept:랩쳐,195,197,유실물,메인
ch22,sub:문구점_00,keyword,1,1,auto,0,,place:방주,197,198,메인,서브퀘스트
ch22,sub:중앙정부_트라이앵글_00,keyword,2,2,auto,0,,org:중앙_정부 place:아우터_림,197,199,메인,서브퀘스트
ch22,relic:에닉탄핵포스터,character,1,2,auto,0,,person:에닉,197,202,메인,유실물
ch22,event_overzone,character,1,2,auto,0,,person:도로시,197,203,메인,이벤트
ch22,event_overzone,keyword,4,2,auto,0,,concept:니케 concept:랩쳐 concept:양산형_니케 place:지상,197,203,메인,이벤트
ch22,event_BunnyX777,keyword,2,2,auto,0,,org:777 place:코인_러시,197,207,메인,이벤트
ch22,event_queensorder,character,2,2,auto,0,,person:로산나 person:사쿠라,197,210,메인,이벤트
ch22,event_queensorder,keyword,2,2,auto,0,,org:언더월드_퀸 org:헤도니아,197,210,메인,이벤트
ch22,ch23,sequel,1,3,auto,0,,,197,217,메인,메인
ch22,ch23,setup_payoff,1,3,record,0,Q124-2,,197,217,메인,메인
ch22,ch23,callback,1,3,record,0,F893-2,,197,217,메인,메인
ch22,ch23,character,5,2,auto,0,,person:E.H. person:니힐리스타 person:도반 person:바이퍼 person:잉그리드,197,217,메인,메인
ch22,ch23,keyword,6,2,auto,0,,concept:언체인드 concept:헬레틱 org:메티스 org:엔터_헤븐 org:이그조틱 org:익스터너,197,217,메인,메인
ch22,sub:상인연합_달란트_00,character,1,2,auto,0,,person:도라,197,218,메인,서브퀘스트
ch22,ch24,setup_payoff,1,3,record,0,Q126-2,,197,221,메인,메인
ch22,ch24,callback,1,2,record,0,E235,,197,221,메인,메인
ch22,ch24,character,2,2,auto,0,,person:인디빌리아 person:토커티브,197,221,메인,메인
ch22,event_freezeacpu,character,1,2,auto,0,,person:폴리,197,239,메인,이벤트
ch22,event_dirtybackyard,character,1,2,auto,0,,person:진,197,262,메인,이벤트
ch22,event_dirtybackyard,keyword,1,2,auto,0,,place:블랙넷,197,262,메인,이벤트
ch22,event_beautyfullshot1,keyword,1,2,auto,0,,org:세이메이카이,197,305,메인,이벤트
ch22,event_ce006,keyword,1,2,auto,0,,concept:로드_급,197,387,메인,이벤트
ch22,event_overthehorizon,callback,1,2,record,0,E780,,197,391,메인,이벤트
ch22,side:eden_spear,callback,2,3,record,0,E884,,197,411,메인,사이드
ch22,event_goddessfall1,callback,1,3,record,0,E944,,197,418,메인,이벤트
ch22,ch44,callback,1,3,record,0,E1037,,197,436,메인,메인
ch22,fl:enter_heaven,setup_payoff,3,3,record,0,Q125-2 Q125-3 Q125-4,,197,442,메인,이벤트
ch22,fl:enter_heaven,callback,2,3,record,0,E1041 E1045,,197,442,메인,이벤트
ch22,ch46,setup_payoff,1,2,record,0,E177,,197,452,메인,메인
sub:문구점_00,sub:중앙정부_트라이앵글_00,character,1,1,auto,0,,person:아니스,198,199,서브퀘스트,서브퀘스트
sub:문구점_00,sub:할아범_01,keyword,1,1,auto,0,,place:방주,198,201,서브퀘스트,서브퀘스트
sub:문구점_00,ch30,setup_payoff,1,2,record,0,E179,,198,293,서브퀘스트,메인
sub:중앙정부_트라이앵글_00,sub:할아범_01,character,1,1,auto,0,,person:아니스,199,201,서브퀘스트,서브퀘스트
sub:중앙정부_트라이앵글_00,sub:할아범_01,keyword,1,1,auto,0,,org:중앙_정부,199,201,서브퀘스트,서브퀘스트
sub:중앙정부_트라이앵글_00,event_queensorder,keyword,1,2,auto,0,,place:아우터_림,199,210,서브퀘스트,이벤트
sub:중앙정부_트라이앵글_00,event_perfectmaid,character,1,2,auto,0,,person:프리바티,199,264,서브퀘스트,이벤트
sub:중앙정부_트라이앵글_00,char:390,character,1,2,auto,0,,person:율하,199,320,서브퀘스트,호감도
sub:중앙정부_트라이앵글_00,char:390,keyword,1,2,auto,0,,org:트라이앵글,199,320,서브퀘스트,호감도
sub:2호_쉘터_관리계정_00,ch23,keyword,1,2,auto,0,,place:쉘터,200,217,서브퀘스트,메인
sub:2호_쉘터_관리계정_00,sub:콜렉터_02,character,1,1,auto,0,,person:라피,200,219,서브퀘스트,서브퀘스트
sub:2호_쉘터_관리계정_00,event_lordforjustice,character,1,2,auto,0,,person:데이파라,200,385,서브퀘스트,이벤트
sub:2호_쉘터_관리계정_00,fl:reborn_evil,setup_payoff,1,3,record,0,E182,,200,407,서브퀘스트,이벤트
sub:2호_쉘터_관리계정_00,fl:reborn_evil,keyword,1,2,auto,0,,org:구원의_성화,200,407,서브퀘스트,이벤트
sub:할아범_01,relic:에닉탄핵포스터,keyword,1,1,auto,0,,place:방주,201,202,서브퀘스트,유실물
sub:할아범_01,event_overzone,keyword,1,1,auto,0,,org:중앙_정부,201,203,서브퀘스트,이벤트
sub:할아범_01,sub:상인연합_달란트_00,character,1,1,auto,0,,person:아니스,201,218,서브퀘스트,서브퀘스트
sub:할아범_01,ch45,setup_payoff,1,2,record,0,Q127-2,,201,450,서브퀘스트,메인
relic:에닉탄핵포스터,event_overzone,keyword,1,1,auto,0,,place:방주,202,203,유실물,이벤트
relic:에닉탄핵포스터,ch23,character,1,2,auto,0,,person:에닉,202,217,유실물,메인
relic:에닉탄핵포스터,ch25,setup_payoff,1,2,record,0,E184,,202,241,유실물,메인
event_overzone,erelic:white_memory,sequel,1,3,auto,0,,,203,204,이벤트,유실물
event_overzone,erelic:white_memory,character,2,2,auto,0,,person:라푼젤 person:스노우_화이트,203,204,이벤트,유실물
event_overzone,erelic:white_memory,keyword,1,1,auto,0,,concept:랩쳐,203,204,이벤트,유실물
event_overzone,char:233,callback,3,3,record,0,E1310 E1311 E1312,,203,205,이벤트,호감도
event_overzone,char:233,character,2,2,auto,0,,person:도로시 person:피나,203,205,이벤트,호감도
event_overzone,char:233,keyword,4,2,auto,0,,concept:니케 incident:아크_가디언_작전 org:갓데스 place:방주,203,205,이벤트,호감도
event_overzone,event_queensorder,keyword,2,1,auto,0,,org:중앙_정부 place:지상,203,210,이벤트,이벤트
event_overzone,ch23,keyword,2,2,auto,0,,concept:양산형_니케 org:필그림,203,217,이벤트,메인
event_overzone,ch24,keyword,1,2,auto,0,,concept:에블라_입자,203,221,이벤트,메인
event_overzone,ch25,keyword,1,2,auto,0,,concept:퍼펙트,203,241,이벤트,메인
event_overzone,ch26,character,1,2,auto,0,,person:퀸,203,244,이벤트,메인
event_overzone,event_redash,setup_payoff,3,3,record,0,E192 E194 Q129-2,,203,248,이벤트,이벤트
event_overzone,event_redash,character,3,2,auto,0,,person:릴리바이스 person:오스왈드 person:홍련,203,248,이벤트,이벤트
event_overzone,event_redash,keyword,1,2,auto,0,,concept:침식,203,248,이벤트,이벤트
event_overzone,erelic:red_ash_lost,callback,1,3,record,0,F908-2,,203,249,이벤트,유실물
event_overzone,erelic:red_ash_mini,setup_payoff,1,2,record,0,Q128-2,,203,250,이벤트,유실물
event_overzone,event_newyearnewsword,callback,1,3,record,0,F915-2,,203,258,이벤트,이벤트
event_overzone,event_newyearnewsword,keyword,1,2,auto,0,,concept:사고_전환,203,258,이벤트,이벤트
event_overzone,event_lastkingdom1,setup_payoff,1,2,record,0,E202,,203,295,이벤트,이벤트
event_overzone,event_oldtales1,callback,1,2,record,0,E527,,203,338,이벤트,이벤트
event_overzone,event_footstepwalkrun1,callback,1,2,record,0,E563,,203,350,이벤트,이벤트
event_overzone,fl:boom_the_ghost,callback,2,3,record,0,E790 E791,,203,393,이벤트,이벤트
event_overzone,ch39,callback,1,3,record,0,E799,,203,396,이벤트,메인
event_overzone,side:eden_spear,callback,1,2,record,0,E888,,203,411,이벤트,사이드
event_overzone,erelic:goddess_fall_mini,setup_payoff,1,3,record,0,Q128-3,,203,419,이벤트,유실물
event_overzone,erelic:goddess_fall_mini,callback,1,3,record,0,E964,,203,419,이벤트,유실물
event_overzone,fl:ark_guardian,setup_payoff,1,2,record,0,E198,,203,428,이벤트,이벤트
event_overzone,fl:ark_guardian,callback,2,3,record,0,F909-2 F914-2,,203,428,이벤트,이벤트
event_overzone,char:471,callback,1,3,record,0,E1629,,203,429,이벤트,호감도
event_overzone,side:pretty_star,setup_payoff,2,3,record,0,E200 Q129-3,,203,447,이벤트,사이드
event_overzone,ch46,setup_payoff,5,3,record,0,E193 E201 E203 E204 Q129-4,,203,452,이벤트,메인
event_overzone,ch46,callback,1,3,record,0,E1114,,203,452,이벤트,메인
event_overzone,ch48,setup_payoff,2,3,record,0,E191 Q130-2,,203,472,이벤트,메인
erelic:white_memory,char:233,keyword,1,1,auto,0,,concept:랩쳐,204,205,유실물,호감도
erelic:white_memory,ch24,character,1,2,auto,0,,person:레드_후드,204,221,유실물,메인
erelic:white_memory,ch26,character,2,2,auto,0,,person:라푼젤 person:스노우_화이트,204,244,유실물,메인
erelic:white_memory,event_redash,setup_payoff,1,2,record,0,E206,,204,248,유실물,이벤트
erelic:white_memory,erelic:red_ash_lost,callback,1,2,record,0,E305,,204,249,유실물,유실물
erelic:white_memory,erelic:red_ash_mini,callback,1,2,record,0,E306,,204,250,유실물,유실물
erelic:white_memory,side:eden_spear,setup_payoff,1,3,record,0,Q132-2,,204,411,유실물,사이드
erelic:white_memory,event_goddessfall1,setup_payoff,1,3,record,0,Q132-3,,204,418,유실물,이벤트
erelic:white_memory,event_goddessfall1,character,1,2,auto,0,,person:릴리스,204,418,유실물,이벤트
erelic:white_memory,fl:ark_guardian,setup_payoff,1,3,record,0,Q131-2,,204,428,유실물,이벤트
erelic:white_memory,char:471,callback,2,3,record,0,E1628 F930-2,,204,429,유실물,호감도
erelic:white_memory,side:pretty_star,setup_payoff,1,2,record,0,E205,,204,447,유실물,사이드
char:233,char:270,keyword,1,1,auto,0,,place:방주,205,208,호감도,호감도
char:233,event_bluewaterisland,keyword,2,1,auto,0,,concept:니케 concept:랩쳐,205,212,호감도,이벤트
char:233,ch23,character,1,2,auto,0,,person:도로시,205,217,호감도,메인
char:233,ch23,keyword,2,2,auto,0,,org:갓데스 place:에덴,205,217,호감도,메인
char:233,event_oldtales1,keyword,1,2,auto,0,,incident:아크_가디언_작전,205,338,호감도,이벤트
char:233,fl:boom_the_ghost,character,1,2,auto,0,,person:피나,205,393,호감도,이벤트
char:233,event_goddessfall1,character,1,2,auto,0,,person:노아,205,418,호감도,이벤트
char:233,erelic:goddess_fall_mini,callback,1,2,record,0,E963,,205,419,호감도,유실물
char:233,fl:ark_guardian,setup_payoff,2,3,record,0,E1308 E1309,,205,428,호감도,이벤트
char:392,event_schooloflock,callback,1,3,record,0,E1324,,206,234,호감도,이벤트
char:392,event_schooloflock,keyword,1,2,auto,0,,place:미미르_부속_고등학교,206,234,호감도,이벤트
char:392,char:321,character,1,2,auto,0,,person:라이,206,235,호감도,호감도
char:392,event_juveniledays,character,1,2,auto,0,,person:아인,206,317,호감도,이벤트
char:392,fl:2x2_love_1ch,callback,1,2,record,0,E1485,,206,444,호감도,이벤트
char:392,fl:2x2_love_2ch,callback,1,3,record,0,E1520,,206,445,호감도,이벤트
char:392,fl:wave_to_you,callback,1,3,record,0,E1548,,206,464,호감도,이벤트
event_BunnyX777,char:270,setup_payoff,1,2,record,0,E1604,,207,208,이벤트,호감도
event_BunnyX777,char:270,character,2,2,auto,0,,person:누아르 person:블랑,207,208,이벤트,호감도
event_BunnyX777,char:270,keyword,1,2,auto,0,,org:777,207,208,이벤트,호감도
event_BunnyX777,sub:코인_러시_00,keyword,1,2,auto,0,,place:코인_러시,207,246,이벤트,서브퀘스트
event_BunnyX777,event_goldencoinrush1,callback,1,3,record,0,E1367,,207,300,이벤트,이벤트
event_BunnyX777,event_goldencoinrush1,character,1,2,auto,0,,person:루주,207,300,이벤트,이벤트
char:270,char:271,character,1,2,auto,0,,person:누아르,208,209,호감도,호감도
char:270,event_queensorder,keyword,1,1,auto,0,,place:방주,208,210,호감도,이벤트
char:270,event_dazzlingcupid,callback,1,3,record,0,E1330,,208,236,호감도,이벤트
char:270,sub:코인_러시_00,character,1,2,auto,0,,person:블랑,208,246,호감도,서브퀘스트
char:270,event_goldencoinrush1,callback,1,2,record,0,E1366,,208,300,호감도,이벤트
char:270,event_goldencoinrush1,keyword,1,2,auto,0,,org:777,208,300,호감도,이벤트
char:270,event_jinxplayer,callback,1,2,record,0,E1613,,208,325,호감도,이벤트
char:270,event_secretgarden,callback,1,3,record,0,E1399,,208,345,호감도,이벤트
char:271,sub:코인_러시_00,character,1,2,auto,0,,person:누아르,209,246,호감도,서브퀘스트
char:271,event_goldencoinrush1,callback,1,2,record,0,E1366,,209,300,호감도,이벤트
event_queensorder,char:280,callback,1,3,record,0,F950-2,,210,211,이벤트,호감도
event_queensorder,char:280,character,1,2,auto,0,,person:로산나,210,211,이벤트,호감도
event_queensorder,char:280,keyword,2,2,auto,0,,org:언더월드_퀸 org:헤도니아,210,211,이벤트,호감도
event_queensorder,event_bluewaterisland,keyword,1,1,auto,0,,place:방주,210,212,이벤트,이벤트
event_queensorder,ch23,character,3,2,auto,0,,person:머스탱 person:목단 person:사쿠라,210,217,이벤트,메인
event_queensorder,ch23,keyword,3,2,auto,0,,org:중앙_정부 place:아우터_림 place:지상,210,217,이벤트,메인
event_queensorder,event_dirtybackyard,callback,1,3,record,0,F953-2,,210,262,이벤트,이벤트
event_queensorder,event_beautyfullshot1,callback,1,2,record,0,E428,,210,305,이벤트,이벤트
char:280,ch23,character,1,2,auto,0,,person:로산나,211,217,호감도,메인
char:280,ch23,keyword,1,2,auto,0,,org:언더월드_퀸,211,217,호감도,메인
char:280,event_killthelord,keyword,1,2,auto,0,,org:헤도니아,211,282,호감도,이벤트
event_bluewaterisland,char:132,character,2,2,auto,0,,person:네온 person:메어리,212,213,이벤트,호감도
event_bluewaterisland,char:14,setup_payoff,1,2,record,0,E209,,212,214,이벤트,호감도
event_bluewaterisland,char:14,character,1,2,auto,0,,person:리타,212,214,이벤트,호감도
event_bluewaterisland,event_nyanyaparadise,keyword,1,1,auto,0,,place:방주,212,215,이벤트,이벤트
event_bluewaterisland,ch23,keyword,2,1,auto,0,,concept:니케 concept:랩쳐,212,217,이벤트,메인
event_bluewaterisland,sub:상인연합_달란트_00,character,1,2,auto,0,,person:얀,212,218,이벤트,서브퀘스트
event_bluewaterisland,event_goldenship,keyword,1,2,auto,0,,place:어드마이어_호,212,224,이벤트,이벤트
event_bluewaterisland,event_seayouagain1,sequel,1,3,manual,0,Y10,,212,226,이벤트,이벤트
event_bluewaterisland,event_seayouagain1,setup_payoff,2,3,record,0,E210 Q135-2,,212,226,이벤트,이벤트
event_bluewaterisland,event_seayouagain1,character,1,2,auto,0,,person:엔더슨,212,226,이벤트,이벤트
event_bluewaterisland,event_seayouagain1,keyword,2,2,auto,0,,concept:크라켄 place:블루워터_아일랜드,212,226,이벤트,이벤트
event_bluewaterisland,event_claymore,setup_payoff,1,2,record,0,E212,,212,303,이벤트,이벤트
event_bluewaterisland,event_beautyfullshot1,callback,1,2,record,0,E426,,212,305,이벤트,이벤트
event_bluewaterisland,ch39,keyword,1,2,auto,0,,place:리페어_센터,212,396,이벤트,메인
char:132,char:14,character,1,1,auto,0,,person:네온,213,214,호감도,호감도
char:132,event_goldencoinrush1,character,1,2,auto,0,,person:메어리,213,300,호감도,이벤트
char:14,sub:해결사_카페_스위티_00,character,1,1,auto,0,,person:네온,214,222,호감도,서브퀘스트
char:14,event_seayouagain1,character,1,2,auto,0,,person:리타,214,226,호감도,이벤트
event_nyanyaparadise,char:380,setup_payoff,2,2,record,0,E1605 E1606,,215,216,이벤트,호감도
event_nyanyaparadise,char:380,character,1,2,auto,0,,person:네로,215,216,이벤트,호감도
event_nyanyaparadise,ch23,keyword,1,1,auto,0,,place:방주,215,217,이벤트,메인
ch23,sub:콜렉터_02,keyword,3,2,auto,0,,concept:랩쳐 place:방주 place:아우터_림,217,219,메인,서브퀘스트
ch23,relic:필그림조우보고서,keyword,1,1,auto,0,,concept:니케,217,220,메인,유실물
ch23,ch24,sequel,1,3,auto,0,,,217,221,메인,메인
ch23,ch24,setup_payoff,10,3,record,0,E219 E222 E224 E225 E229 E230 E231 Q137-2 Q139-2 Q140-2,,217,221,메인,메인
ch23,ch24,character,14,2,auto,0,,person:E.H. person:니힐리스타 person:도로시 person:도반 person:디젤 person:바이퍼 person:버닝엄 person:사쿠라 person:슈엔 person:에닉 person:유니 person:잉그리드 person:자칼 person:크로우,217,221,메인,메인
ch23,ch24,keyword,9,2,auto,0,,concept:언체인드 concept:헬레틱 org:미실리스 org:이그조틱 org:중앙_정부 org:필그림 place:쉘터 place:에덴 place:지상,217,221,메인,메인
ch23,char:812,keyword,1,2,auto,0,,concept:양산형_니케,217,232,메인,호감도
ch23,ch25,setup_payoff,2,3,record,0,Q136-2 Q141-2,,217,241,메인,메인
ch23,ch25,keyword,1,2,auto,0,,org:갓데스,217,241,메인,메인
ch23,erelic:red_ash_mini,setup_payoff,1,2,record,0,Q141-3,,217,250,메인,유실물
ch23,event_lionheart,character,2,2,auto,0,,person:길로틴 person:머스탱,217,260,메인,이벤트
ch23,event_dirtybackyard,character,1,2,auto,0,,person:목단,217,262,메인,이벤트
ch23,event_dirtybackyard,keyword,1,2,auto,0,,org:언더월드_퀸,217,262,메인,이벤트
ch23,event_perfectmaid,keyword,1,2,auto,0,,org:메티스,217,264,메인,이벤트
ch23,event_killthelord,character,1,2,auto,0,,person:로산나,217,282,메인,이벤트
ch23,side:wordless,callback,1,3,record,0,E469,,217,331,메인,사이드
ch23,event_icedragonsaga1,keyword,1,2,auto,0,,org:익스터너,217,347,메인,이벤트
ch23,fl:boom_the_ghost,callback,1,3,record,0,E783,,217,393,메인,이벤트
ch23,ch41,callback,1,3,record,0,E904,,217,414,메인,메인
ch23,ch42,callback,1,3,record,0,E922,,217,416,메인,메인
ch23,erelic:goddess_fall_mini,setup_payoff,1,3,record,0,Q141-4,,217,419,메인,유실물
ch23,ch43,keyword,1,2,auto,0,,org:엔터_헤븐,217,434,메인,메인
ch23,ch44,setup_payoff,2,3,record,0,E226 Q141-5,,217,436,메인,메인
ch23,fl:ark_ranger,callback,1,3,record,0,E1170,,217,462,메인,이벤트
sub:상인연합_달란트_00,sub:해결사_카페_스위티_00,character,1,1,auto,0,,person:아니스,218,222,서브퀘스트,서브퀘스트
sub:상인연합_달란트_00,event_goldencoinrush1,keyword,1,2,auto,0,,org:달란트,218,300,서브퀘스트,이벤트
sub:상인연합_달란트_00,event_juveniledays,character,1,2,auto,0,,person:루피,218,317,서브퀘스트,이벤트
sub:상인연합_달란트_00,fl:boom_the_ghost,character,1,2,auto,0,,person:얀,218,393,서브퀘스트,이벤트
sub:콜렉터_02,ch24,character,1,1,auto,0,,person:라피,219,221,서브퀘스트,메인
sub:콜렉터_02,ch24,keyword,3,2,auto,0,,concept:랩쳐 place:방주 place:아우터_림,219,221,서브퀘스트,메인
sub:콜렉터_02,relic:긴급뉴스대본_FB_3_final_2.pdf,setup_payoff,1,3,record,0,E233,,219,223,서브퀘스트,유실물
relic:필그림조우보고서,ch24,keyword,1,1,auto,0,,concept:니케,220,221,유실물,메인
ch24,sub:해결사_카페_스위티_00,keyword,1,1,auto,0,,org:중앙_정부,221,222,메인,서브퀘스트
ch24,relic:긴급뉴스대본_FB_3_final_2.pdf,callback,1,3,record,0,E245,,221,223,메인,유실물
ch24,relic:긴급뉴스대본_FB_3_final_2.pdf,keyword,2,1,auto,0,,concept:랩쳐 place:방주,221,223,메인,유실물
ch24,event_goldenship,keyword,2,1,auto,0,,concept:니케 place:지상,221,224,메인,이벤트
ch24,event_seayouagain1,character,1,2,auto,0,,person:버닝엄,221,226,메인,이벤트
ch24,char:351,character,1,2,auto,0,,person:잉그리드,221,228,메인,호감도
ch24,event_firstaffection,character,1,1,auto,0,,person:라피,221,230,메인,이벤트
ch24,event_schooloflock,keyword,1,2,auto,0,,org:M.M.R.,221,234,메인,이벤트
ch24,event_freezeacpu,keyword,1,2,auto,0,,org:카운터스,221,239,메인,이벤트
ch24,ch25,sequel,1,3,auto,0,,,221,241,메인,메인
ch24,ch25,setup_payoff,2,2,record,0,E241 E243,,221,241,메인,메인
ch24,ch25,callback,1,2,record,0,E258,,221,241,메인,메인
ch24,ch25,character,8,2,auto,0,,person:니힐리스타 person:도로시 person:도반 person:레드_후드 person:슈엔 person:에닉 person:인디빌리아 person:토커티브,221,241,메인,메인
ch24,ch25,keyword,4,2,auto,0,,concept:헬레틱 org:미실리스 org:필그림 place:에덴,221,241,메인,메인
ch24,sub:중앙정부_프로토콜_00,keyword,1,2,auto,0,,place:쉘터,221,242,메인,서브퀘스트
ch24,ch26,setup_payoff,3,3,record,0,E242 E243 Q145-2,,221,244,메인,메인
ch24,sub:코인_러시_00,keyword,1,2,auto,0,,org:테트라,221,246,메인,서브퀘스트
ch24,event_dirtybackyard,character,1,2,auto,0,,person:사쿠라,221,262,메인,이벤트
ch24,event_dirtybackyard,keyword,1,2,auto,0,,place:아우터_림,221,262,메인,이벤트
ch24,char:821,character,1,2,auto,0,,person:디젤,221,285,메인,호감도
ch24,char:820,character,1,2,auto,0,,person:솔린,221,286,메인,호감도
ch24,side:second_affection,keyword,1,2,auto,0,,concept:에블라_입자,221,288,메인,사이드
ch24,event_darkhero,keyword,1,2,auto,0,,concept:마테리얼_H,221,298,메인,이벤트
ch24,event_beautyfullshot1,callback,2,3,record,0,E429 E430,,221,305,메인,이벤트
ch24,event_beautyfullshot1,character,2,2,auto,0,,person:바이퍼 person:자칼,221,305,메인,이벤트
ch24,event_beautyfullshot1,keyword,1,2,auto,0,,org:이그조틱,221,305,메인,이벤트
ch24,ch32,keyword,1,2,auto,0,,concept:언체인드,221,310,메인,메인
ch24,side:wordless,callback,1,3,record,0,E470,,221,331,메인,사이드
ch24,side:wordless,character,2,2,auto,0,,person:미하라 person:유니,221,331,메인,사이드
ch24,side:wordless,keyword,1,2,auto,0,,concept:NIMPH,221,331,메인,사이드
ch24,ch33,callback,1,3,record,0,E486,,221,334,메인,메인
ch24,event_footstepwalkrun1,setup_payoff,1,3,record,0,Q145-3,,221,350,메인,이벤트
ch24,event_wisdomspring,setup_payoff,1,3,record,0,E238,,221,353,메인,이벤트
ch24,ch35,callback,2,3,record,0,E606 E607,,221,358,메인,메인
ch24,ch36,callback,1,3,record,0,E629,,221,360,메인,메인
ch24,ch37,setup_payoff,1,2,record,0,E242,,221,373,메인,메인
ch24,event_unbreakablesphere1,callback,2,3,record,0,E700 E701,,221,377,메인,이벤트
ch24,fl:boom_the_ghost,setup_payoff,1,2,record,0,E242,,221,393,메인,이벤트
ch24,ch39,callback,1,3,record,0,E804,,221,396,메인,메인
ch24,ch39,character,1,2,auto,0,,person:E.H.,221,396,메인,메인
ch24,fl:absolute,callback,2,3,record,0,E830 E840,,221,400,메인,이벤트
ch24,side:eden_spear,callback,2,3,record,0,E887,,221,411,메인,사이드
ch24,side:eden_spear,keyword,1,2,auto,0,,item:아틀라스_케이지,221,411,메인,사이드
ch24,event_goddessfall1,setup_payoff,1,2,record,0,E242,,221,418,메인,이벤트
ch24,fl:blank_ticket,keyword,1,2,auto,0,,org:인피니티_레일,221,423,메인,이벤트
ch24,ch44,setup_payoff,1,2,record,0,E242,,221,436,메인,메인
ch24,ch44,callback,1,3,record,0,E1035,,221,436,메인,메인
ch24,fl:enter_heaven,setup_payoff,1,3,record,0,E240,,221,442,메인,이벤트
ch24,fl:enter_heaven,callback,2,3,record,0,E1042 F1006-2,,221,442,메인,이벤트
ch24,fl:enter_heaven,character,1,2,auto,0,,person:크로우,221,442,메인,이벤트
ch24,fl:enter_heaven,keyword,1,2,auto,0,,incident:방주_테러,221,442,메인,이벤트
ch24,ch46,setup_payoff,1,2,record,0,E242,,221,452,메인,메인
sub:해결사_카페_스위티_00,relic:긴급뉴스대본_FB_3_final_2.pdf,keyword,1,1,auto,0,,org:중앙_정부,222,223,서브퀘스트,유실물
sub:해결사_카페_스위티_00,event_goldenship,character,1,2,auto,0,,person:프림,222,224,서브퀘스트,이벤트
sub:해결사_카페_스위티_00,event_seayouagain1,character,1,1,auto,0,,person:아니스,222,226,서브퀘스트,이벤트
sub:해결사_카페_스위티_00,event_firstaffection,character,1,1,auto,0,,person:네온,222,230,서브퀘스트,이벤트
sub:해결사_카페_스위티_00,event_goldencoinrush1,character,1,2,auto,0,,person:밀크,222,300,서브퀘스트,이벤트
sub:해결사_카페_스위티_00,event_goldencoinrush1,keyword,1,2,auto,0,,org:카페_스위티,222,300,서브퀘스트,이벤트
relic:긴급뉴스대본_FB_3_final_2.pdf,event_goldenship,keyword,2,1,auto,0,,concept:랩쳐 place:방주,223,224,유실물,이벤트
relic:긴급뉴스대본_FB_3_final_2.pdf,ch25,keyword,1,1,auto,0,,org:중앙_정부,223,241,유실물,메인
event_goldenship,char:350,character,1,2,auto,0,,person:마스트,224,225,이벤트,호감도
event_goldenship,char:350,keyword,1,1,auto,0,,place:지상,224,225,이벤트,호감도
event_goldenship,event_seayouagain1,character,1,2,auto,0,,person:앵커,224,226,이벤트,이벤트
event_goldenship,event_seayouagain1,keyword,4,2,auto,0,,concept:니케 concept:랩쳐 place:방주 place:어드마이어_호,224,226,이벤트,이벤트
event_goldenship,ch25,character,2,2,auto,0,,person:차임 person:크라운,224,241,이벤트,메인
event_goldenship,char:551,character,1,2,auto,0,,person:프림,224,304,이벤트,호감도
char:350,event_seayouagain1,character,1,2,auto,0,,person:마스트,225,226,호감도,이벤트
char:350,event_seayouagain1,keyword,1,1,auto,0,,place:지상,225,226,호감도,이벤트
event_seayouagain1,char:15,character,1,1,auto,0,,person:아니스,226,227,이벤트,호감도
event_seayouagain1,char:351,character,2,2,auto,0,,person:앵커 person:헬름,226,228,이벤트,호감도
event_seayouagain1,char:351,keyword,2,2,auto,0,,concept:니케 place:어드마이어_호,226,228,이벤트,호감도
event_seayouagain1,char:810,keyword,1,1,auto,0,,concept:랩쳐,226,231,이벤트,호감도
event_seayouagain1,char:812,keyword,1,1,auto,0,,place:지상,226,232,이벤트,호감도
event_seayouagain1,event_freezeacpu,keyword,1,1,auto,0,,place:방주,226,239,이벤트,이벤트
event_seayouagain1,char:33,character,1,2,auto,0,,person:리타,226,240,이벤트,호감도
event_seayouagain1,ch25,character,2,2,auto,0,,person:버닝엄 person:엔더슨,226,241,이벤트,메인
event_seayouagain1,event_neverland1,callback,1,2,record,0,E1341,,226,255,이벤트,이벤트
event_seayouagain1,ch28,keyword,1,2,auto,0,,concept:타일런트_급,226,273,이벤트,메인
event_seayouagain1,event_beautyfullshot1,callback,1,3,record,0,E432,,226,305,이벤트,이벤트
event_seayouagain1,event_beautyfullshot1,keyword,1,2,auto,0,,concept:크라켄,226,305,이벤트,이벤트
event_seayouagain1,event_romanticvalentine,character,1,2,auto,0,,person:마스트,226,355,이벤트,이벤트
event_seayouagain1,ch37,keyword,1,2,auto,0,,org:이지스,226,373,이벤트,메인
char:15,event_firstaffection,character,1,1,auto,0,,person:아니스,227,230,호감도,이벤트
char:351,char:353,character,1,2,auto,0,,person:헬름,228,229,호감도,호감도
char:351,char:810,keyword,1,1,auto,0,,concept:니케,228,231,호감도,호감도
char:351,ch26,character,1,2,auto,0,,person:잉그리드,228,244,호감도,메인
char:351,event_romanticvalentine,keyword,1,2,auto,0,,place:어드마이어_호,228,355,호감도,이벤트
char:351,char:355,character,1,2,auto,0,,person:앵커,228,357,호감도,호감도
char:353,ch37,character,1,2,auto,0,,person:헬름,229,373,호감도,메인
event_firstaffection,char:810,character,1,1,auto,0,,person:라피,230,231,이벤트,호감도
event_firstaffection,event_freezeacpu,character,1,1,auto,0,,person:아니스,230,239,이벤트,이벤트
event_firstaffection,ch25,character,1,1,auto,0,,person:네온,230,241,이벤트,메인
event_firstaffection,ch26,character,1,2,auto,0,,person:마리안,230,244,이벤트,메인
char:810,char:812,keyword,2,1,auto,0,,concept:니케 concept:랩쳐,231,232,호감도,호감도
char:810,ch25,character,1,1,auto,0,,person:라피,231,241,호감도,메인
char:810,event_redash,keyword,1,2,auto,0,,org:인류연합군,231,248,호감도,이벤트
char:812,event_schooloflock,keyword,3,1,auto,0,,concept:니케 concept:랩쳐 place:지상,232,234,호감도,이벤트
char:812,event_redash,keyword,1,2,auto,0,,concept:양산형_니케,232,248,호감도,이벤트
event_schooloflock,char:321,character,1,2,auto,0,,person:마르차나,234,235,이벤트,호감도
event_schooloflock,event_dazzlingcupid,keyword,1,2,auto,0,,place:미미르_부속_고등학교,234,236,이벤트,이벤트
event_schooloflock,ch25,keyword,3,1,auto,0,,concept:니케 concept:랩쳐 place:지상,234,241,이벤트,메인
event_schooloflock,sub:MMR지킴이_00,character,1,2,auto,0,,person:에테르,234,278,이벤트,서브퀘스트
event_schooloflock,sub:MMR지킴이_00,keyword,1,2,auto,0,,org:M.M.R.,234,278,이벤트,서브퀘스트
event_schooloflock,event_juveniledays,callback,1,2,record,0,E1378,,234,317,이벤트,이벤트
event_schooloflock,event_juveniledays,character,1,2,auto,0,,person:츠바이,234,317,이벤트,이벤트
event_schooloflock,event_colorless,sequel,1,3,manual,0,Y13,,234,319,이벤트,이벤트
event_schooloflock,event_colorless,callback,2,3,record,0,E1384 E1387,,234,319,이벤트,이벤트
event_schooloflock,fl:wave_to_you,setup_payoff,1,2,record,0,E1329,,234,464,이벤트,이벤트
event_schooloflock,fl:wave_to_you,callback,2,3,record,0,E1541 E1546,,234,464,이벤트,이벤트
char:321,char:450,character,1,2,auto,0,,person:마르차나,235,237,호감도,호감도
char:321,event_juveniledays,character,1,2,auto,0,,person:라이,235,317,호감도,이벤트
event_dazzlingcupid,char:450,setup_payoff,2,2,record,0,E1331 E1332,,236,237,이벤트,호감도
event_dazzlingcupid,char:450,character,2,2,auto,0,,person:나가 person:티아,236,237,이벤트,호감도
event_dazzlingcupid,char:450,keyword,1,2,auto,0,,place:미미르_부속_고등학교,236,237,이벤트,호감도
event_dazzlingcupid,char:451,setup_payoff,1,2,record,0,E1333,,236,238,이벤트,호감도
event_dazzlingcupid,fl:wave_to_you,setup_payoff,2,2,record,0,E1334 E1335,,236,464,이벤트,이벤트
char:450,char:451,character,2,2,auto,0,,person:나가 person:티아,237,238,호감도,호감도
char:450,event_juveniledays,callback,1,2,record,0,E1380,,237,317,호감도,이벤트
char:450,event_juveniledays,character,1,2,auto,0,,person:마르차나,237,317,호감도,이벤트
char:450,event_juveniledays,keyword,1,2,auto,0,,place:미미르_부속_고등학교,237,317,호감도,이벤트
char:450,fl:wave_to_you,callback,3,3,record,0,E1549 E1554 E1557,,237,464,호감도,이벤트
char:451,event_outofuniform,character,1,2,auto,0,,person:나가,238,351,호감도,이벤트
char:451,fl:wave_to_you,callback,1,3,record,0,E1551,,238,464,호감도,이벤트
char:451,fl:wave_to_you,character,1,2,auto,0,,person:티아,238,464,호감도,이벤트
event_freezeacpu,char:33,callback,1,3,record,0,F1091-2,,239,240,이벤트,호감도
event_freezeacpu,char:33,character,2,2,auto,0,,person:키리 person:폴리,239,240,이벤트,호감도
event_freezeacpu,char:33,keyword,2,2,auto,0,,org:A.C.P.U. place:방주,239,240,이벤트,호감도
event_freezeacpu,ch25,character,1,1,auto,0,,person:아니스,239,241,이벤트,메인
event_freezeacpu,ch25,keyword,1,2,auto,0,,org:카운터스,239,241,이벤트,메인
event_freezeacpu,event_perfectmaid,character,1,2,auto,0,,person:드레이크,239,264,이벤트,이벤트
event_freezeacpu,event_phantomthiefvsdetective,callback,1,3,record,0,E1390,,239,328,이벤트,이벤트
event_freezeacpu,event_foolburstday,callback,1,3,record,0,E1429,,239,369,이벤트,이벤트
char:33,ch25,keyword,1,1,auto,0,,place:방주,240,241,호감도,메인
char:33,event_onemoretime,callback,1,3,record,0,E1362,,240,289,호감도,이벤트
char:33,event_onemoretime,character,1,2,auto,0,,person:폴리,240,289,호감도,이벤트
char:33,char:361,keyword,1,2,auto,0,,place:전초기지,240,297,호감도,호감도
char:33,event_phantomthiefvsdetective,keyword,1,2,auto,0,,org:A.C.P.U.,240,328,호감도,이벤트
char:33,fl:for_rest,character,1,2,auto,0,,person:리타,240,365,호감도,이벤트
char:33,fl:reborn_evil,character,1,2,auto,0,,person:키리,240,407,호감도,이벤트
ch25,sub:중앙정부_프로토콜_00,keyword,1,1,auto,0,,place:방주,241,242,메인,서브퀘스트
ch25,ch26,sequel,1,3,auto,0,,,241,244,메인,메인
ch25,ch26,setup_payoff,5,3,record,0,E251 E259 E260 Q150-2 Q151-2,,241,244,메인,메인
ch25,ch26,character,10,2,auto,0,,person:네온 person:도로시 person:라피 person:레드_후드 person:버닝엄 person:슈엔 person:아니스 person:엔더슨 person:차임 person:크라운,241,244,메인,메인
ch25,ch26,keyword,7,2,auto,0,,concept:니케 concept:랩쳐 org:갓데스 org:미실리스 org:필그림 place:에덴 place:지상,241,244,메인,메인
ch25,event_redash,callback,1,2,record,0,E285,,241,248,메인,이벤트
ch25,event_redash,keyword,1,1,auto,0,,org:중앙_정부,241,248,메인,이벤트
ch25,event_neverland1,keyword,1,2,auto,0,,org:카운터스,241,255,메인,이벤트
ch25,ch27,callback,1,3,record,0,E330,,241,267,메인,메인
ch25,event_lastkingdom1,character,3,2,auto,0,,person:니힐리스타 person:인디빌리아 person:토커티브,241,295,메인,이벤트
ch25,event_lastkingdom1,keyword,1,2,auto,0,,concept:헬레틱,241,295,메인,이벤트
ch25,char:511,keyword,1,2,auto,0,,concept:퍼펙트,241,343,메인,호감도
ch25,ch35,callback,1,3,record,0,E596,,241,358,메인,메인
ch25,ch35,character,1,2,auto,0,,person:에닉,241,358,메인,메인
ch25,ch37,setup_payoff,1,2,record,0,Q150-3,,241,373,메인,메인
ch25,relic:주워갈것들메모,callback,1,2,record,0,E655,,241,374,메인,유실물
ch25,fl:boom_the_ghost,setup_payoff,2,3,record,0,E253 Q150-4,,241,393,메인,이벤트
ch25,fl:boom_the_ghost,character,1,2,auto,0,,person:도반,241,393,메인,이벤트
ch25,side:eden_spear,callback,1,3,record,0,F1103-2,,241,411,메인,사이드
ch25,event_goddessfall1,setup_payoff,2,3,record,0,E249 Q150-5,,241,418,메인,이벤트
ch25,event_goddessfall1,callback,3,3,record,0,E943 E956 E957,,241,418,메인,이벤트
ch25,fl:ark_guardian,setup_payoff,2,3,record,0,E257 Q149-2,,241,428,메인,이벤트
ch25,ch44,setup_payoff,1,3,record,0,Q150-6,,241,436,메인,메인
ch25,ch45,setup_payoff,1,3,record,0,E256,,241,450,메인,메인
ch25,ch46,setup_payoff,5,3,record,0,E252 E253 E255 E256,,241,452,메인,메인
sub:중앙정부_프로토콜_00,ch26,keyword,1,1,auto,0,,place:방주,242,244,서브퀘스트,메인
sub:중앙정부_프로토콜_00,event_darkhero,character,1,2,auto,0,,person:엑시아,242,298,서브퀘스트,이벤트
relic:마더웨일아종목격보고.wav,ch26,keyword,1,2,auto,0,,concept:마더_웨일,243,244,유실물,메인
relic:마더웨일아종목격보고.wav,ch27,setup_payoff,2,3,record,0,E263 Q152-2,,243,267,유실물,메인
ch26,sub:로망티스트_01,character,3,1,auto,0,,person:네온 person:라피 person:아니스,244,245,메인,서브퀘스트
ch26,relic:저주받은보석,keyword,2,1,auto,0,,concept:니케 concept:랩쳐,244,247,메인,유실물
ch26,event_redash,setup_payoff,3,3,record,0,E264 E269 E274,,244,248,메인,이벤트
ch26,event_redash,character,5,2,auto,0,,person:도로시 person:라푼젤 person:레드_후드 person:스노우_화이트 person:퀸,244,248,메인,이벤트
ch26,event_redash,keyword,3,2,auto,0,,concept:울트라 org:갓데스 place:방주,244,248,메인,이벤트
ch26,erelic:red_ash_lost,callback,1,2,record,0,E302,,244,249,메인,유실물
ch26,erelic:red_ash_lost,character,1,2,auto,0,,person:엔더슨,244,249,메인,유실물
ch26,erelic:red_ash_mini,callback,2,3,record,0,E308,,244,250,메인,유실물
ch26,char:470,callback,1,3,record,0,E1337,,244,251,메인,호감도
ch26,event_neverland1,character,1,2,auto,0,,person:잉그리드,244,255,메인,이벤트
ch26,event_neverland1,keyword,1,1,auto,0,,place:지상,244,255,메인,이벤트
ch26,event_perfectmaid,keyword,1,2,auto,0,,org:미실리스,244,264,메인,이벤트
ch26,ch27,sequel,1,3,auto,0,,,244,267,메인,메인
ch26,ch27,setup_payoff,1,3,record,0,Q155-2,,244,267,메인,메인
ch26,ch27,keyword,2,2,auto,0,,concept:마더_웨일 concept:웨일리,244,267,메인,메인
ch26,relic:잘지내라친구,callback,1,3,record,0,E333,,244,272,메인,유실물
ch26,event_liarsend,character,1,2,auto,0,,person:슈엔,244,287,메인,이벤트
ch26,side:second_affection,callback,2,3,record,0,E362 E367,,244,288,메인,사이드
ch26,side:second_affection,character,3,2,auto,0,,person:마리안 person:차임 person:크라운,244,288,메인,사이드
ch26,ch29,keyword,1,2,auto,0,,org:필그림,244,291,메인,메인
ch26,ch32,setup_payoff,1,3,record,0,E270,,244,310,메인,메인
ch26,ch32,callback,1,3,record,0,E449,,244,310,메인,메인
ch26,ch32,keyword,1,2,auto,0,,place:에덴,244,310,메인,메인
ch26,ch34,setup_payoff,1,3,record,0,E271,,244,336,메인,메인
ch26,event_footstepwalkrun1,callback,1,3,record,0,E575,,244,350,메인,이벤트
ch26,ch35,setup_payoff,1,3,record,0,E271,,244,358,메인,메인
ch26,ch37,setup_payoff,2,3,record,0,E267 E275,,244,373,메인,메인
ch26,event_overthehorizon,callback,1,3,record,0,E779,,244,391,메인,이벤트
ch26,fl:boom_the_ghost,setup_payoff,1,2,record,0,E267,,244,393,메인,이벤트
ch26,side:eden_spear,callback,1,3,record,0,F1132-2,,244,411,메인,사이드
ch26,event_goddessfall1,setup_payoff,1,2,record,0,E267,,244,418,메인,이벤트
ch26,fl:ark_guardian,setup_payoff,1,2,record,0,E273,,244,428,메인,이벤트
ch26,ch44,setup_payoff,1,2,record,0,E267,,244,436,메인,메인
ch26,ch44,character,1,2,auto,0,,person:버닝엄,244,436,메인,메인
ch26,fl:good_world,callback,1,3,record,0,E1067,,244,448,메인,이벤트
ch26,ch46,setup_payoff,1,2,record,0,E272,,244,452,메인,메인
ch26,ch48,callback,1,3,record,0,E1236,,244,472,메인,메인
sub:로망티스트_01,sub:코인_러시_00,character,2,1,auto,0,,person:네온 person:아니스,245,246,서브퀘스트,서브퀘스트
sub:로망티스트_01,event_redash,character,1,1,auto,0,,person:라피,245,248,서브퀘스트,이벤트
sub:코인_러시_00,char:470,character,2,1,auto,0,,person:네온 person:아니스,246,251,서브퀘스트,호감도
sub:코인_러시_00,event_neverland1,character,2,2,auto,0,,person:누아르 person:블랑,246,255,서브퀘스트,이벤트
sub:코인_러시_00,event_goldencoinrush1,keyword,2,2,auto,0,,org:테트라 place:코인_러시,246,300,서브퀘스트,이벤트
sub:코인_러시_00,ch35,setup_payoff,1,2,record,0,E277,,246,358,서브퀘스트,메인
relic:저주받은보석,event_redash,keyword,2,1,auto,0,,concept:니케 concept:랩쳐,247,248,유실물,이벤트
relic:저주받은보석,ch27,setup_payoff,3,3,record,0,E278 E279 Q156-2,,247,267,유실물,메인
event_redash,erelic:red_ash_lost,sequel,1,3,auto,0,,,248,249,이벤트,유실물
event_redash,erelic:red_ash_lost,setup_payoff,2,2,record,0,E284 E289,,248,249,이벤트,유실물
event_redash,erelic:red_ash_lost,character,5,2,auto,0,,person:도로시 person:라푼젤 person:레드_후드 person:릴리바이스 person:홍련,248,249,이벤트,유실물
event_redash,erelic:red_ash_lost,keyword,5,2,auto,0,,concept:니케 concept:침식 concept:페어리_테일 org:V.T.C. org:갓데스,248,249,이벤트,유실물
event_redash,erelic:red_ash_mini,sequel,1,3,auto,0,,,248,250,이벤트,유실물
event_redash,erelic:red_ash_mini,character,2,2,auto,0,,person:스노우_화이트 person:신데렐라,248,250,이벤트,유실물
event_redash,char:470,callback,1,3,record,0,E1336,,248,251,이벤트,호감도
event_redash,char:470,character,1,1,auto,0,,person:라피,248,251,이벤트,호감도
event_redash,char:470,keyword,2,1,auto,0,,concept:랩쳐 place:방주,248,251,이벤트,호감도
event_redash,event_newyearnewsword,setup_payoff,2,2,record,0,E282 E289,,248,258,이벤트,이벤트
event_redash,event_newyearnewsword,keyword,2,2,auto,0,,concept:양산형_니케 org:인류연합군,248,258,이벤트,이벤트
event_redash,ch27,keyword,1,1,auto,0,,org:중앙_정부,248,267,이벤트,메인
event_redash,sub:피라_02,callback,1,2,record,0,E332,,248,270,이벤트,서브퀘스트
event_redash,relic:잘지내라친구,setup_payoff,1,2,record,0,E280,,248,272,이벤트,유실물
event_redash,sub:택틱컬틱택_00,keyword,1,2,auto,0,,org:엘리시온,248,274,이벤트,서브퀘스트
event_redash,ch30,character,1,2,auto,0,,person:아나키오르,248,293,이벤트,메인
event_redash,event_lastkingdom1,character,1,2,auto,0,,person:퀸,248,295,이벤트,이벤트
event_redash,ch31,callback,1,3,record,0,E433,,248,308,이벤트,메인
event_redash,ch32,callback,1,3,record,0,E451,,248,310,이벤트,메인
event_redash,ch32,keyword,1,2,auto,0,,item:유리_구두,248,310,이벤트,메인
event_redash,ch34,callback,1,3,record,0,E514,,248,336,이벤트,메인
event_redash,event_oldtales1,sequel,1,2,manual,0,Y18,,248,338,이벤트,이벤트
event_redash,event_oldtales1,callback,5,3,record,0,E533 E534 F1146-2 F1152-2 F1158-2,,248,338,이벤트,이벤트
event_redash,event_oldtales1,character,1,2,auto,0,,person:오스왈드,248,338,이벤트,이벤트
event_redash,event_oldtales1,keyword,1,2,auto,0,,place:궤도_엘리베이터,248,338,이벤트,이벤트
event_redash,char:514,callback,1,3,record,0,E1397,,248,344,이벤트,호감도
event_redash,event_footstepwalkrun1,setup_payoff,4,3,record,0,E287 E299 E301 Q157-2,,248,350,이벤트,이벤트
event_redash,event_footstepwalkrun1,callback,2,3,record,0,E565 E571,,248,350,이벤트,이벤트
event_redash,char:852,callback,1,3,record,0,E1437,,248,388,이벤트,호감도
event_redash,fl:ark_guardian,setup_payoff,2,3,record,0,E293 E297,,248,428,이벤트,이벤트
event_redash,fl:ark_guardian,callback,4,3,record,0,E972 E973 E987 E995,,248,428,이벤트,이벤트
event_redash,fl:ark_guardian,character,1,2,auto,0,,person:프리시아,248,428,이벤트,이벤트
event_redash,ch44,setup_payoff,2,2,record,0,E296 E300,,248,436,이벤트,메인
event_redash,side:pretty_star,setup_payoff,3,3,record,0,E294 E295,,248,447,이벤트,사이드
erelic:red_ash_lost,erelic:red_ash_mini,character,2,2,auto,0,,person:도로시 person:레드_후드,249,250,유실물,유실물
erelic:red_ash_lost,erelic:red_ash_mini,keyword,1,2,auto,0,,org:갓데스,249,250,유실물,유실물
erelic:red_ash_lost,char:470,character,2,2,auto,0,,person:릴리바이스 person:홍련,249,251,유실물,호감도
erelic:red_ash_lost,char:470,keyword,2,2,auto,0,,concept:니케 concept:페어리_테일,249,251,유실물,호감도
erelic:red_ash_lost,event_neverland1,character,1,2,auto,0,,person:엔더슨,249,255,유실물,이벤트
erelic:red_ash_lost,event_newyearnewsword,callback,2,3,record,0,E312 F1181-2,,249,258,유실물,이벤트
erelic:red_ash_lost,char:225,callback,1,3,record,0,E1349,,249,259,유실물,호감도
erelic:red_ash_lost,side:second_affection,character,1,2,auto,0,,person:라푼젤,249,288,유실물,사이드
erelic:red_ash_lost,event_lastkingdom1,keyword,1,2,auto,0,,concept:침식,249,295,유실물,이벤트
erelic:red_ash_lost,event_oldtales1,keyword,1,2,auto,0,,org:V.T.C.,249,338,유실물,이벤트
erelic:red_ash_lost,fl:ark_guardian,setup_payoff,1,3,record,0,Q159-2,,249,428,유실물,이벤트
erelic:red_ash_lost,ch46,callback,1,3,record,0,E1116,,249,452,유실물,메인
erelic:red_ash_lost,ch47,setup_payoff,1,2,record,0,E304,,249,470,유실물,메인
erelic:red_ash_mini,char:470,character,1,2,auto,0,,person:레드_후드,250,251,유실물,호감도
erelic:red_ash_mini,char:470,keyword,1,2,auto,0,,org:갓데스,250,251,유실물,호감도
erelic:red_ash_mini,char:224,character,1,2,auto,0,,person:스노우_화이트,250,252,유실물,호감도
erelic:red_ash_mini,event_newyearnewsword,setup_payoff,1,2,record,0,E307,,250,258,유실물,이벤트
erelic:red_ash_mini,char:225,character,1,2,auto,0,,person:도로시,250,259,유실물,호감도
erelic:red_ash_mini,ch31,character,1,2,auto,0,,person:신데렐라,250,308,유실물,메인
erelic:red_ash_mini,event_oldtales1,setup_payoff,1,3,record,0,E309,,250,338,유실물,이벤트
char:470,char:224,callback,1,3,record,0,E1339,,251,252,호감도,호감도
char:470,char:224,character,1,2,auto,0,,person:릴리바이스,251,252,호감도,호감도
char:470,char:224,keyword,2,1,auto,0,,concept:니케 concept:랩쳐,251,252,호감도,호감도
char:470,event_alonesurvivor,keyword,1,1,auto,0,,place:방주,251,253,호감도,이벤트
char:470,event_newyearnewsword,character,1,2,auto,0,,person:홍련,251,258,호감도,이벤트
char:470,event_newyearnewsword,keyword,2,2,auto,0,,concept:페어리_테일 org:갓데스,251,258,호감도,이벤트
char:470,char:225,character,1,2,auto,0,,person:레드_후드,251,259,호감도,호감도
char:470,ch27,callback,1,2,record,0,E324,,251,267,호감도,메인
char:470,ch27,character,3,1,auto,0,,person:네온 person:라피 person:아니스,251,267,호감도,메인
char:224,event_alonesurvivor,keyword,1,1,auto,0,,concept:니케,252,253,호감도,이벤트
char:224,event_neverland1,keyword,1,1,auto,0,,concept:랩쳐,252,255,호감도,이벤트
char:224,char:225,character,1,2,auto,0,,person:릴리바이스,252,259,호감도,호감도
char:224,side:second_affection,character,1,2,auto,0,,person:스노우_화이트,252,288,호감도,사이드
event_alonesurvivor,char:192,character,2,2,auto,0,,person:루드밀라 person:토브,253,254,이벤트,호감도
event_alonesurvivor,char:192,keyword,3,2,auto,0,,concept:니케 org:언리미티드 place:북부,253,254,이벤트,호감도
event_alonesurvivor,event_neverland1,keyword,1,1,auto,0,,place:방주,253,255,이벤트,이벤트
char:192,event_neverland1,character,1,2,auto,0,,person:루드밀라,254,255,호감도,이벤트
char:192,event_neverland1,keyword,2,2,auto,0,,concept:니케 place:북부,254,255,호감도,이벤트
char:192,char:195,character,1,2,auto,0,,person:토브,254,302,호감도,호감도
char:192,fl:absolute,keyword,1,2,auto,0,,org:언리미티드,254,400,호감도,이벤트
event_neverland1,char:194,callback,2,3,record,0,E1610 E1611,,255,256,이벤트,호감도
event_neverland1,char:194,character,3,2,auto,0,,person:루드밀라 person:미카 person:벨로타,255,256,이벤트,호감도
event_neverland1,char:194,keyword,4,2,auto,0,,concept:니케 concept:로열 place:설온장 place:천사_고아원,255,256,이벤트,호감도
event_neverland1,event_newyearnewsword,keyword,2,1,auto,0,,concept:랩쳐 place:지상,255,258,이벤트,이벤트
event_neverland1,ch27,character,1,2,auto,0,,person:엔더슨,255,267,이벤트,메인
event_neverland1,ch27,keyword,2,2,auto,0,,org:카운터스 place:방주,255,267,이벤트,메인
event_neverland1,sub:택틱컬틱택_01,character,1,2,auto,0,,person:잉그리드,255,275,이벤트,서브퀘스트
event_neverland1,event_goldencoinrush1,character,2,2,auto,0,,person:누아르 person:블랑,255,300,이벤트,이벤트
event_neverland1,ch31,keyword,1,2,auto,0,,org:앱솔루트,255,308,이벤트,메인
event_neverland1,fl:absolute,keyword,2,2,auto,0,,org:스카우팅 place:북부,255,400,이벤트,이벤트
char:194,char:62,character,2,2,auto,0,,person:미카 person:벨로타,256,257,호감도,호감도
char:194,char:62,keyword,1,2,auto,0,,place:설온장,256,257,호감도,호감도
char:194,event_newyearnewsword,keyword,1,1,auto,0,,concept:니케,256,258,호감도,이벤트
char:194,event_killthelord,keyword,1,2,auto,0,,concept:로열,256,282,호감도,이벤트
char:194,event_goldencoinrush1,character,1,2,auto,0,,person:루드밀라,256,300,호감도,이벤트
char:62,char:871,character,1,2,auto,0,,person:미카,257,477,호감도,호감도
char:62,char:871,keyword,1,2,auto,0,,place:설온장,257,477,호감도,호감도
event_newyearnewsword,char:225,callback,1,3,record,0,F1241-2,,258,259,이벤트,호감도
event_newyearnewsword,char:225,character,1,2,auto,0,,person:홍련,258,259,이벤트,호감도
event_newyearnewsword,char:225,keyword,2,2,auto,0,,org:갓데스 org:근접_전투_스쿼드,258,259,이벤트,호감도
event_newyearnewsword,event_lionheart,keyword,1,1,auto,0,,place:지상,258,260,이벤트,이벤트
event_newyearnewsword,event_perfectmaid,keyword,1,1,auto,0,,concept:니케,258,264,이벤트,이벤트
event_newyearnewsword,ch27,keyword,1,1,auto,0,,concept:랩쳐,258,267,이벤트,메인
event_newyearnewsword,sub:택틱컬틱택_00,keyword,1,2,auto,0,,concept:양산형_니케,258,274,이벤트,서브퀘스트
event_newyearnewsword,event_lastkingdom1,callback,1,2,record,0,E404,,258,295,이벤트,이벤트
event_newyearnewsword,event_oldtales1,keyword,2,2,auto,0,,concept:페어리_테일 org:인류연합군,258,338,이벤트,이벤트
event_newyearnewsword,ch39,character,1,2,auto,0,,person:노이즈,258,396,이벤트,메인
event_newyearnewsword,event_goddessfall1,character,1,2,auto,0,,person:장화,258,418,이벤트,이벤트
event_newyearnewsword,fl:ark_guardian,keyword,1,2,auto,0,,concept:사고_전환,258,428,이벤트,이벤트
event_newyearnewsword,ch46,setup_payoff,1,2,record,0,E315,,258,452,이벤트,메인
event_newyearnewsword,ch46,callback,1,3,record,0,E1097,,258,452,이벤트,메인
event_newyearnewsword,ch47,callback,2,2,record,0,E1217,,258,470,이벤트,메인
event_newyearnewsword,ch48,callback,1,3,record,0,E1230,,258,472,이벤트,메인
char:225,ch27,character,1,2,auto,0,,person:도로시,259,267,호감도,메인
char:225,sub:피라_02,character,1,2,auto,0,,person:레드_후드,259,270,호감도,서브퀘스트
char:225,side:second_affection,character,1,2,auto,0,,person:홍련,259,288,호감도,사이드
char:225,ch32,keyword,1,2,auto,0,,org:갓데스,259,310,호감도,메인
char:225,event_nonsensered,character,1,2,auto,0,,person:릴리바이스,259,326,호감도,이벤트
event_lionheart,char:382,character,2,2,auto,0,,person:레오나 person:티미,260,261,이벤트,호감도
event_lionheart,char:382,keyword,2,2,auto,0,,org:해피_주 place:지상,260,261,이벤트,호감도
event_lionheart,event_dirtybackyard,character,1,2,auto,0,,person:머스탱,260,262,이벤트,이벤트
event_lionheart,event_secretgarden,character,1,2,auto,0,,person:비스킷,260,345,이벤트,이벤트
event_lionheart,event_icedragonsaga1,character,1,2,auto,0,,person:길로틴,260,347,이벤트,이벤트
char:382,ch27,keyword,1,1,auto,0,,place:지상,261,267,호감도,메인
char:382,event_secretgarden,keyword,1,2,auto,0,,org:해피_주,261,345,호감도,이벤트
char:382,char:570,character,1,2,auto,0,,person:레오나,261,463,호감도,호감도
event_dirtybackyard,char:281,character,2,2,auto,0,,person:목단 person:진,262,263,이벤트,호감도
event_dirtybackyard,char:281,keyword,1,2,auto,0,,org:모란회,262,263,이벤트,호감도
event_dirtybackyard,event_killthelord,sequel,1,2,manual,0,Y21,,262,282,이벤트,이벤트
event_dirtybackyard,event_killthelord,callback,1,3,record,0,E357,,262,282,이벤트,이벤트
event_dirtybackyard,event_killthelord,character,1,2,auto,0,,person:식스오,262,282,이벤트,이벤트
event_dirtybackyard,event_killthelord,keyword,1,2,auto,0,,concept:미스트,262,282,이벤트,이벤트
event_dirtybackyard,ch30,setup_payoff,2,3,record,0,E320 Q161-2,,262,293,이벤트,메인
event_dirtybackyard,ch30,callback,2,3,record,0,E379,,262,293,이벤트,메인
event_dirtybackyard,ch30,keyword,1,2,auto,0,,place:블랙넷,262,293,이벤트,메인
event_dirtybackyard,event_goldencoinrush1,character,1,2,auto,0,,person:머스탱,262,300,이벤트,이벤트
event_dirtybackyard,event_beautyfullshot1,character,1,2,auto,0,,person:사쿠라,262,305,이벤트,이벤트
event_dirtybackyard,event_beautyfullshot1,keyword,2,2,auto,0,,org:언더월드_퀸 place:아우터_림,262,305,이벤트,이벤트
event_dirtybackyard,event_lordforjustice,setup_payoff,3,3,record,0,E318 E320 Q161-3,,262,385,이벤트,이벤트
event_dirtybackyard,event_lordforjustice,callback,1,2,record,0,E736,,262,385,이벤트,이벤트
event_dirtybackyard,event_lordforjustice,keyword,1,2,auto,0,,place:포그_할로우,262,385,이벤트,이벤트
event_dirtybackyard,ch40,callback,1,3,record,0,E823,,262,398,이벤트,메인
event_dirtybackyard,char:143,character,1,2,auto,0,,person:슈가,262,406,이벤트,호감도
event_dirtybackyard,ch41,setup_payoff,2,3,record,0,E320 Q161-4,,262,414,이벤트,메인
event_dirtybackyard,ch44,setup_payoff,3,3,record,0,E319 E320 Q161-5,,262,436,이벤트,메인
event_dirtybackyard,ch44,callback,3,3,record,0,E1028 E1029 E1030,,262,436,이벤트,메인
event_dirtybackyard,ch45,setup_payoff,2,3,record,0,E320 Q161-6,,262,450,이벤트,메인
event_dirtybackyard,fl:ark_ranger,callback,1,3,record,0,E1175,,262,462,이벤트,이벤트
char:281,event_beautyfullshot1,character,1,2,auto,0,,person:목단,263,305,호감도,이벤트
char:281,event_lordforjustice,keyword,1,2,auto,0,,org:모란회,263,385,호감도,이벤트
char:281,fl:coins_in_rush,keyword,1,2,auto,0,,concept:크레디트,263,404,호감도,이벤트
char:281,ch44,character,1,2,auto,0,,person:진,263,436,호감도,메인
event_perfectmaid,char:313,character,1,2,auto,0,,person:프리바티,264,265,이벤트,호감도
event_perfectmaid,char:310,character,2,2,auto,0,,person:에이드 person:코코아,264,266,이벤트,호감도
event_perfectmaid,ch27,keyword,1,1,auto,0,,concept:니케,264,267,이벤트,메인
event_perfectmaid,event_boomsday,keyword,1,2,auto,0,,org:미실리스,264,280,이벤트,이벤트
event_perfectmaid,event_liarsend,keyword,1,2,auto,0,,org:메티스,264,287,이벤트,이벤트
event_perfectmaid,event_goldencoinrush1,callback,1,2,record,0,E1365,,264,300,이벤트,이벤트
event_perfectmaid,event_goldencoinrush1,keyword,1,2,auto,0,,org:메이드_포_유,264,300,이벤트,이벤트
event_perfectmaid,char:403,character,1,2,auto,0,,person:드레이크,264,329,이벤트,호감도
event_perfectmaid,fl:coins_in_rush,callback,1,2,record,0,E866,,264,404,이벤트,이벤트
event_perfectmaid,fl:2x2_love_1ch,callback,1,3,record,0,E1498,,264,444,이벤트,이벤트
event_perfectmaid,fl:2x2_love_2ch,callback,1,2,record,0,E1513,,264,445,이벤트,이벤트
char:313,event_colorless,character,1,2,auto,0,,person:프리바티,265,319,호감도,이벤트
char:313,fl:2x2_love_1ch,callback,1,3,record,0,E1488,,265,444,호감도,이벤트
char:313,fl:2x2_love_2ch,callback,2,3,record,0,E1507 E1516,,265,445,호감도,이벤트
char:310,char:822,character,1,2,auto,0,,person:코코아,266,284,호감도,호감도
char:310,event_goldencoinrush1,character,1,2,auto,0,,person:에이드,266,300,호감도,이벤트
ch27,sub:피라_00,character,1,1,auto,0,,person:라피,267,268,메인,서브퀘스트
ch27,sub:피라_02,keyword,1,2,auto,0,,place:탈환지_01,267,270,메인,서브퀘스트
ch27,sub:트윙클_00,character,1,1,auto,0,,person:아니스,267,271,메인,서브퀘스트
ch27,sub:트윙클_00,keyword,1,1,auto,0,,place:지상,267,271,메인,서브퀘스트
ch27,ch28,sequel,1,3,auto,0,,,267,273,메인,메인
ch27,ch28,setup_payoff,2,2,record,0,E331 Q166-2,,267,273,메인,메인
ch27,ch28,character,5,2,auto,0,,person:네온 person:리버린 person:시프티 person:일레그 person:해머링,267,273,메인,메인
ch27,ch28,keyword,3,2,auto,0,,concept:랩쳐 place:방주 place:수정_지역,267,273,메인,메인
ch27,sub:택틱컬틱택_00,keyword,1,1,auto,0,,concept:니케,267,274,메인,서브퀘스트
ch27,relic:조난일지,callback,1,3,record,0,E341,,267,279,메인,유실물
ch27,event_boomsday,setup_payoff,1,2,record,0,E327,,267,280,메인,이벤트
ch27,event_boomsday,callback,1,3,record,0,E351,,267,280,메인,이벤트
ch27,event_boomsday,keyword,1,2,auto,0,,org:일렉트릭_쇼크,267,280,메인,이벤트
ch27,event_killthelord,keyword,1,1,auto,0,,org:중앙_정부,267,282,메인,이벤트
ch27,ch29,callback,1,3,record,0,E370,,267,291,메인,메인
ch27,ch29,keyword,1,2,auto,0,,org:해머&드릴,267,291,메인,메인
ch27,ch30,setup_payoff,4,3,record,0,E325 E326 E329 Q164-2,,267,293,메인,메인
ch27,ch30,keyword,1,2,auto,0,,org:패스파인더,267,293,메인,메인
ch27,char:361,keyword,1,2,auto,0,,org:카운터스,267,297,메인,호감도
ch27,event_darkhero,setup_payoff,1,2,record,0,E327,,267,298,메인,이벤트
ch27,event_darkhero,callback,1,3,record,0,E423,,267,298,메인,이벤트
ch27,ch31,setup_payoff,1,3,record,0,Q163-2,,267,308,메인,메인
ch27,event_nonsensered,character,1,2,auto,0,,person:도로시,267,326,메인,이벤트
ch27,event_secretgarden,keyword,1,2,auto,0,,org:보타닉_가든,267,345,메인,이벤트
ch27,event_footstepwalkrun1,setup_payoff,1,2,record,0,E327,,267,350,메인,이벤트
ch27,ch35,character,1,2,auto,0,,person:엔더슨,267,358,메인,메인
ch27,ch37,setup_payoff,1,2,record,0,E323,,267,373,메인,메인
ch27,ch38,callback,1,2,record,0,E675,,267,375,메인,메인
ch27,ch39,setup_payoff,1,2,record,0,E322,,267,396,메인,메인
ch27,ch39,character,1,2,auto,0,,person:랩칠리언,267,396,메인,메인
ch27,ch39,keyword,3,2,auto,0,,concept:마더_웨일 concept:웨일리 concept:특수_별동대,267,396,메인,메인
ch27,relic:정갈하게쓴기록,callback,1,3,record,0,F1285-2,,267,397,메인,유실물
ch27,relic:어떤소녀의그림일기,callback,1,2,record,0,E828,,267,399,메인,유실물
ch27,fl:absolute,callback,1,3,record,0,E845,,267,400,메인,이벤트
ch27,ch41,setup_payoff,1,3,record,0,Q165-2,,267,414,메인,메인
ch27,ch43,setup_payoff,1,3,record,0,Q165-3,,267,434,메인,메인
ch27,fl:ark_ranger,callback,1,3,record,0,E1174,,267,462,메인,이벤트
sub:피라_00,sub:피라_01,sequel,1,3,auto,0,,,268,269,서브퀘스트,서브퀘스트
sub:피라_00,sub:피라_01,character,2,2,auto,0,,person:라피 person:피라,268,269,서브퀘스트,서브퀘스트
sub:피라_01,sub:피라_02,sequel,1,3,auto,0,,,269,270,서브퀘스트,서브퀘스트
sub:피라_01,sub:피라_02,character,2,2,auto,0,,person:라피 person:피라,269,270,서브퀘스트,서브퀘스트
sub:피라_02,sub:트윙클_00,keyword,1,2,auto,0,,place:탈환지_01,270,271,서브퀘스트,서브퀘스트
sub:피라_02,relic:잘지내라친구,setup_payoff,1,2,record,0,Q167-2,,270,272,서브퀘스트,유실물
sub:피라_02,relic:잘지내라친구,character,1,2,auto,0,,person:레드_후드,270,272,서브퀘스트,유실물
sub:피라_02,ch28,character,1,1,auto,0,,person:라피,270,273,서브퀘스트,메인
sub:피라_02,ch34,setup_payoff,1,2,record,0,Q168-2,,270,336,서브퀘스트,메인
sub:트윙클_00,ch28,character,1,1,auto,0,,person:아니스,271,273,서브퀘스트,메인
sub:트윙클_00,ch28,keyword,1,1,auto,0,,place:지상,271,273,서브퀘스트,메인
relic:잘지내라친구,ch31,character,1,2,auto,0,,person:레드_후드,272,308,유실물,메인
ch28,sub:택틱컬틱택_00,character,2,1,auto,0,,person:라피 person:아니스,273,274,메인,서브퀘스트
ch28,sub:핸섬_커맨더_00,character,2,2,auto,0,,person:네온 person:시프티,273,276,메인,서브퀘스트
ch28,sub:핸섬_커맨더_00,keyword,1,2,auto,0,,place:수정_지역,273,276,메인,서브퀘스트
ch28,sub:핸섬_커맨더_01,keyword,1,1,auto,0,,place:방주,273,277,메인,서브퀘스트
ch28,event_boomsday,setup_payoff,1,3,record,0,Q171-2,,273,280,메인,이벤트
ch28,event_boomsday,callback,1,3,record,0,E350,,273,280,메인,이벤트
ch28,event_boomsday,character,1,2,auto,0,,person:일레그,273,280,메인,이벤트
ch28,event_liarsend,keyword,2,1,auto,0,,concept:랩쳐 place:지상,273,287,메인,이벤트
ch28,side:second_affection,keyword,1,2,auto,0,,concept:타일런트_급,273,288,메인,사이드
ch28,ch29,sequel,1,3,auto,0,,,273,291,메인,메인
ch28,ch29,setup_payoff,1,2,record,0,Q172-2,,273,291,메인,메인
ch28,ch29,callback,1,3,record,0,E373,,273,291,메인,메인
ch28,ch29,character,3,2,auto,0,,person:리버린 person:언노운 person:해머링,273,291,메인,메인
ch28,ch29,keyword,1,2,auto,0,,item:세븐스_드워프,273,291,메인,메인
ch28,ch30,setup_payoff,2,3,record,0,E338 Q170-2,,273,293,메인,메인
ch28,event_darkhero,setup_payoff,1,3,record,0,Q171-3,,273,298,메인,이벤트
ch28,ch31,setup_payoff,2,3,record,0,E340 Q170-3,,273,308,메인,메인
ch28,ch32,setup_payoff,1,3,record,0,Q170-4,,273,310,메인,메인
ch28,sub:관짝이_00,setup_payoff,1,3,record,0,Q169-2,,273,311,메인,서브퀘스트
ch28,sub:관짝이_01,callback,1,3,record,0,E461,,273,313,메인,서브퀘스트
ch28,sub:관짝이_02,setup_payoff,1,3,record,0,Q170-5,,273,314,메인,서브퀘스트
ch28,ch33,callback,1,3,record,0,E483,,273,334,메인,메인
ch28,ch34,callback,1,3,record,0,E504,,273,336,메인,메인
ch28,event_footstepwalkrun1,setup_payoff,1,3,record,0,Q171-4,,273,350,메인,이벤트
ch28,event_wisdomspring,setup_payoff,1,2,record,0,E339,,273,353,메인,이벤트
ch28,ch41,setup_payoff,1,2,record,0,E337,,273,414,메인,메인
ch28,ch41,callback,1,3,record,0,E903,,273,414,메인,메인
sub:택틱컬틱택_00,sub:택틱컬틱택_01,sequel,1,3,auto,0,,,274,275,서브퀘스트,서브퀘스트
sub:택틱컬틱택_00,sub:택틱컬틱택_01,character,2,2,auto,0,,person:라피 person:택티컬티택,274,275,서브퀘스트,서브퀘스트
sub:택틱컬틱택_00,event_boomsday,keyword,1,1,auto,0,,concept:니케,274,280,서브퀘스트,이벤트
sub:택틱컬틱택_00,ch29,character,1,1,auto,0,,person:아니스,274,291,서브퀘스트,메인
sub:택틱컬틱택_00,ch31,keyword,1,2,auto,0,,concept:양산형_니케,274,308,서브퀘스트,메인
sub:택틱컬틱택_00,event_footstepwalkrun1,keyword,1,2,auto,0,,org:엘리시온,274,350,서브퀘스트,이벤트
sub:택틱컬틱택_01,sub:핸섬_커맨더_00,character,1,1,auto,0,,person:라피,275,276,서브퀘스트,서브퀘스트
sub:택틱컬틱택_01,ch30,character,1,2,auto,0,,person:잉그리드,275,293,서브퀘스트,메인
sub:택틱컬틱택_01,event_icedragonsaga1,keyword,1,2,auto,0,,concept:기억_소거,275,347,서브퀘스트,이벤트
sub:핸섬_커맨더_00,sub:핸섬_커맨더_01,sequel,1,3,auto,0,,,276,277,서브퀘스트,서브퀘스트
sub:핸섬_커맨더_00,sub:핸섬_커맨더_01,character,2,2,auto,0,,person:이안_맥스 person:핸섬_커맨더,276,277,서브퀘스트,서브퀘스트
sub:핸섬_커맨더_00,sub:핸섬_커맨더_01,keyword,1,2,auto,0,,place:수정_지역,276,277,서브퀘스트,서브퀘스트
sub:핸섬_커맨더_00,sub:MMR지킴이_00,setup_payoff,1,2,record,0,Q174-2,,276,278,서브퀘스트,서브퀘스트
sub:핸섬_커맨더_00,sub:MMR지킴이_00,character,1,1,auto,0,,person:네온,276,278,서브퀘스트,서브퀘스트
sub:핸섬_커맨더_00,relic:조난일지,callback,1,2,record,0,E342,,276,279,서브퀘스트,유실물
sub:핸섬_커맨더_00,ch29,character,1,2,auto,0,,person:시프티,276,291,서브퀘스트,메인
sub:핸섬_커맨더_00,ch30,character,1,1,auto,0,,person:라피,276,293,서브퀘스트,메인
sub:핸섬_커맨더_01,sub:MMR지킴이_00,keyword,1,2,auto,0,,place:수정_지역,277,278,서브퀘스트,서브퀘스트
sub:핸섬_커맨더_01,event_boomsday,keyword,1,1,auto,0,,place:방주,277,280,서브퀘스트,이벤트
sub:MMR지킴이_00,relic:조난일지,keyword,1,2,auto,0,,place:수정_지역,278,279,서브퀘스트,유실물
sub:MMR지킴이_00,char:361,character,1,1,auto,0,,person:네온,278,297,서브퀘스트,호감도
sub:MMR지킴이_00,event_darkhero,character,1,2,auto,0,,person:에테르,278,298,서브퀘스트,이벤트
sub:MMR지킴이_00,event_darkhero,keyword,1,2,auto,0,,org:M.M.R.,278,298,서브퀘스트,이벤트
relic:조난일지,ch29,keyword,1,2,auto,0,,place:수정_지역,279,291,유실물,메인
event_boomsday,char:500,character,1,2,auto,0,,person:일레그,280,281,이벤트,호감도
event_boomsday,event_killthelord,keyword,1,1,auto,0,,place:방주,280,282,이벤트,이벤트
event_boomsday,char:43,keyword,1,1,auto,0,,concept:니케,280,283,이벤트,호감도
event_boomsday,ch29,character,1,2,auto,0,,person:트로니,280,291,이벤트,메인
event_boomsday,ch30,callback,1,3,record,0,E391,,280,293,이벤트,메인
event_boomsday,event_darkhero,sequel,1,2,manual,0,Y23,,280,298,이벤트,이벤트
event_boomsday,event_darkhero,setup_payoff,5,3,record,0,E344 E345 E346 E347 E348,,280,298,이벤트,이벤트
event_boomsday,event_darkhero,callback,3,3,record,0,E417 E422 E424,,280,298,이벤트,이벤트
event_boomsday,event_darkhero,character,1,2,auto,0,,person:아크레인저_블랙,280,298,이벤트,이벤트
event_boomsday,event_darkhero,keyword,3,2,auto,0,,concept:방주_동력원 org:아크레인저 org:일렉트릭_쇼크,280,298,이벤트,이벤트
event_boomsday,side:wordless,keyword,1,2,auto,0,,org:미실리스,280,331,이벤트,사이드
event_boomsday,fl:boom_the_ghost,callback,1,2,record,0,E792,,280,393,이벤트,이벤트
event_boomsday,char:502,callback,2,3,record,0,E1619 F1342-2,,280,395,이벤트,호감도
event_boomsday,fl:sin_editor,callback,1,2,record,0,E999,,280,430,이벤트,이벤트
event_boomsday,ch45,setup_payoff,1,3,record,0,E348,,280,450,이벤트,메인
event_boomsday,ch45,callback,1,3,record,0,E1083,,280,450,이벤트,메인
event_boomsday,ch46,setup_payoff,1,2,record,0,E352,,280,452,이벤트,메인
char:500,ch29,character,1,2,auto,0,,person:일레그,281,291,호감도,메인
char:500,char:183,character,1,2,auto,0,,person:맥스웰,281,348,호감도,호감도
event_killthelord,char:43,character,1,2,auto,0,,person:D,282,283,이벤트,호감도
event_killthelord,side:second_affection,keyword,1,1,auto,0,,place:방주,282,288,이벤트,사이드
event_killthelord,ch30,character,1,2,auto,0,,person:식스오,282,293,이벤트,메인
event_killthelord,ch30,keyword,1,1,auto,0,,org:중앙_정부,282,293,이벤트,메인
event_killthelord,event_beautyfullshot1,character,1,2,auto,0,,person:로산나,282,305,이벤트,이벤트
event_killthelord,event_beautyfullshot1,keyword,1,2,auto,0,,org:헤도니아,282,305,이벤트,이벤트
event_killthelord,event_arcanearchive,callback,1,3,record,0,E719,,282,383,이벤트,이벤트
event_killthelord,event_arcanearchive,character,1,2,auto,0,,person:K,282,383,이벤트,이벤트
event_killthelord,event_lordforjustice,sequel,1,2,manual,0,Y24,,282,385,이벤트,이벤트
event_killthelord,event_lordforjustice,callback,1,3,record,0,E735,,282,385,이벤트,이벤트
event_killthelord,event_lordforjustice,keyword,1,2,auto,0,,concept:미스트,282,385,이벤트,이벤트
event_killthelord,fl:reborn_evil,callback,1,3,record,0,E883,,282,407,이벤트,이벤트
char:43,event_liarsend,keyword,1,1,auto,0,,concept:니케,283,287,호감도,이벤트
char:43,event_arcanearchive,character,1,2,auto,0,,person:D,283,383,호감도,이벤트
char:822,event_goldencoinrush1,character,1,2,auto,0,,person:코코아,284,300,호감도,이벤트
char:821,event_goldencoinrush1,character,1,2,auto,0,,person:소다,285,300,호감도,이벤트
char:821,fl:terminus_ticket,character,1,2,auto,0,,person:디젤,285,425,호감도,이벤트
char:820,fl:blank_ticket,character,1,2,auto,0,,person:솔린,286,423,호감도,이벤트
event_liarsend,side:second_affection,keyword,1,1,auto,0,,concept:랩쳐,287,288,이벤트,사이드
event_liarsend,event_onemoretime,keyword,1,1,auto,0,,concept:니케,287,289,이벤트,이벤트
event_liarsend,event_lastkingdom1,keyword,1,1,auto,0,,place:지상,287,295,이벤트,이벤트
event_liarsend,side:wordless,character,1,2,auto,0,,person:슈엔,287,331,이벤트,사이드
event_liarsend,ch35,keyword,1,2,auto,0,,org:메티스,287,358,이벤트,메인
side:second_affection,event_onemoretime,keyword,1,1,auto,0,,place:방주,288,289,사이드,이벤트
side:second_affection,ch29,keyword,1,1,auto,0,,concept:랩쳐,288,291,사이드,메인
side:second_affection,event_lastkingdom1,sequel,1,2,manual,0,Y25,,288,295,사이드,이벤트
side:second_affection,event_lastkingdom1,setup_payoff,5,3,record,0,E363 E364 E365 Q178-2 Q179-2,,288,295,사이드,이벤트
side:second_affection,event_lastkingdom1,callback,1,3,record,0,E402,,288,295,사이드,이벤트
side:second_affection,event_lastkingdom1,character,6,2,auto,0,,person:라푼젤 person:마리안 person:스노우_화이트 person:차임 person:크라운 person:홍련,288,295,사이드,이벤트
side:second_affection,event_lastkingdom1,keyword,1,2,auto,0,,concept:에블라_입자,288,295,사이드,이벤트
side:second_affection,ch37,keyword,1,2,auto,0,,concept:타일런트_급,288,373,사이드,메인
side:second_affection,event_goddessfall1,setup_payoff,2,2,record,0,E361 E366,,288,418,사이드,이벤트
event_onemoretime,char:550,character,1,2,auto,0,,person:베이,289,290,이벤트,호감도
event_onemoretime,char:550,keyword,1,2,auto,0,,org:리와인드,289,290,이벤트,호감도
event_onemoretime,ch29,keyword,1,1,auto,0,,concept:니케,289,291,이벤트,메인
event_onemoretime,ch30,keyword,1,1,auto,0,,place:방주,289,293,이벤트,메인
event_onemoretime,event_claymore,sequel,1,2,manual,0,Y26,,289,303,이벤트,이벤트
event_onemoretime,event_claymore,callback,1,3,record,0,E1371,,289,303,이벤트,이벤트
event_onemoretime,event_claymore,character,1,2,auto,0,,person:클레이,289,303,이벤트,이벤트
event_onemoretime,char:551,setup_payoff,2,2,record,0,E1360 E1361,,289,304,이벤트,호감도
event_onemoretime,char:412,character,1,2,auto,0,,person:폴리,289,366,이벤트,호감도
char:550,event_claymore,character,1,2,auto,0,,person:베이,290,303,호감도,이벤트
char:550,event_claymore,keyword,1,2,auto,0,,org:리와인드,290,303,호감도,이벤트
char:550,fl:coins_in_rush,callback,1,3,record,0,E855,,290,404,호감도,이벤트
ch29,ch30,sequel,1,3,auto,0,,,291,293,메인,메인
ch29,ch30,setup_payoff,9,3,record,0,E368 E369 E372 E374 E375 E378 Q181-2 Q182-2 Q183-2,,291,293,메인,메인
ch29,ch30,callback,1,3,record,0,E385,,291,293,메인,메인
ch29,ch30,character,9,2,auto,0,,person:그레이브 person:드릴리 person:리버린 person:시프티 person:언노운 person:일레그 person:트로니 person:프레자일 person:해머링,291,293,메인,메인
ch29,ch30,keyword,3,2,auto,0,,concept:니케 concept:랩쳐 place:수정_지역,291,293,메인,메인
ch29,event_lastkingdom1,keyword,1,2,auto,0,,org:필그림,291,295,메인,이벤트
ch29,char:330,character,1,1,auto,0,,person:아니스,291,296,메인,호감도
ch29,ch32,callback,1,3,record,0,E448,,291,310,메인,메인
ch29,sub:관짝이_02,keyword,1,2,auto,0,,item:세븐스_드워프,291,314,메인,서브퀘스트
ch29,ch33,setup_payoff,1,2,record,0,E376,,291,334,메인,메인
ch29,ch44,setup_payoff,1,2,record,0,E377,,291,436,메인,메인
relic:반드시사수하라,ch30,keyword,1,2,auto,0,,item:하모니_큐브,292,293,유실물,메인
ch30,relic:하모니큐브관찰일지,callback,1,2,record,0,F1396-2,,293,294,메인,유실물
ch30,relic:하모니큐브관찰일지,keyword,1,2,auto,0,,item:하모니_큐브,293,294,메인,유실물
ch30,event_lastkingdom1,keyword,3,1,auto,0,,concept:니케 concept:랩쳐 place:방주,293,295,메인,이벤트
ch30,char:361,character,1,1,auto,0,,person:라피,293,297,메인,호감도
ch30,event_darkhero,setup_payoff,1,2,record,0,E384,,293,298,메인,이벤트
ch30,event_darkhero,character,3,2,auto,0,,person:일레그 person:잉그리드 person:트로니,293,298,메인,이벤트
ch30,event_darkhero,keyword,2,2,auto,0,,org:중앙_정부 place:수정_지역,293,298,메인,이벤트
ch30,ch31,sequel,1,3,auto,0,,,293,308,메인,메인
ch30,ch31,callback,1,3,record,0,E436,,293,308,메인,메인
ch30,ch31,character,3,2,auto,0,,person:그레이브 person:시프티 person:아나키오르,293,308,메인,메인
ch30,ch32,callback,2,3,record,0,E450 E454,,293,310,메인,메인
ch30,sub:관짝이_00,setup_payoff,2,3,record,0,E388 Q186-2,,293,311,메인,서브퀘스트
ch30,sub:관짝이_01,callback,1,2,record,0,E463,,293,313,메인,서브퀘스트
ch30,ch34,callback,1,3,record,0,E495,,293,336,메인,메인
ch30,ch34,character,1,2,auto,0,,person:해머링,293,336,메인,메인
ch30,ch34,keyword,1,2,auto,0,,item:브레인_셸터,293,336,메인,메인
ch30,event_oldtales1,callback,3,3,record,0,E543 E544 E549,,293,338,메인,이벤트
ch30,char:514,setup_payoff,1,3,record,0,E386,,293,344,메인,호감도
ch30,ch35,callback,1,2,record,0,E599,,293,358,메인,메인
ch30,event_lordforjustice,character,1,2,auto,0,,person:식스오,293,385,메인,이벤트
ch30,ch40,character,1,2,auto,0,,person:리버린,293,398,메인,메인
ch30,ch41,setup_payoff,1,2,record,0,E381,,293,414,메인,메인
ch30,ch44,setup_payoff,1,2,record,0,E380,,293,436,메인,메인
ch30,ch44,callback,1,3,record,0,F1398-2,,293,436,메인,메인
ch30,ch44,character,1,2,auto,0,,person:프레자일,293,436,메인,메인
ch30,ch44,keyword,1,2,auto,0,,place:블랙넷,293,436,메인,메인
ch30,ch45,setup_payoff,1,2,record,0,E383,,293,450,메인,메인
relic:하모니큐브관찰일지,ch31,keyword,1,2,auto,0,,item:하모니_큐브,294,308,유실물,메인
event_lastkingdom1,char:330,callback,1,2,record,0,E1364,,295,296,이벤트,호감도
event_lastkingdom1,char:330,character,3,2,auto,0,,person:마리안 person:차임 person:크라운,295,296,이벤트,호감도
event_lastkingdom1,char:330,keyword,3,2,auto,0,,concept:니케 place:지상 place:크라운_왕국,295,296,이벤트,호감도
event_lastkingdom1,char:361,character,2,2,auto,0,,person:T.A.L.O.S. person:킬로,295,297,이벤트,호감도
event_lastkingdom1,event_darkhero,keyword,2,1,auto,0,,concept:랩쳐 place:방주,295,298,이벤트,이벤트
event_lastkingdom1,ch31,keyword,1,2,auto,0,,concept:헬레틱,295,308,이벤트,메인
event_lastkingdom1,sub:관짝이_02,character,1,2,auto,0,,person:스노우_화이트,295,314,이벤트,서브퀘스트
event_lastkingdom1,event_nonsensered,character,1,2,auto,0,,person:라푼젤,295,326,이벤트,이벤트
event_lastkingdom1,side:wordless,character,1,2,auto,0,,person:토커티브,295,331,이벤트,사이드
event_lastkingdom1,ch33,character,2,2,auto,0,,person:니힐리스타 person:인디빌리아,295,334,이벤트,메인
event_lastkingdom1,event_oldtales1,character,1,2,auto,0,,person:퀸,295,338,이벤트,이벤트
event_lastkingdom1,event_oldtales1,keyword,1,2,auto,0,,concept:침식,295,338,이벤트,이벤트
event_lastkingdom1,event_footstepwalkrun1,keyword,1,2,auto,0,,concept:에블라_입자,295,350,이벤트,이벤트
event_lastkingdom1,event_ce006,character,1,2,auto,0,,person:홍련,295,387,이벤트,이벤트
event_lastkingdom1,event_ce006,keyword,1,2,auto,0,,org:필그림,295,387,이벤트,이벤트
event_lastkingdom1,ch40,setup_payoff,3,2,record,0,E394 Q188-2 Q189-2,,295,398,이벤트,메인
event_lastkingdom1,event_goddessfall1,sequel,1,2,manual,0,Y27,,295,418,이벤트,이벤트
event_lastkingdom1,event_goddessfall1,setup_payoff,3,2,record,0,E398 E412 E413,,295,418,이벤트,이벤트
event_lastkingdom1,event_goddessfall1,callback,4,3,record,0,E937 E943 E954 E955,,295,418,이벤트,이벤트
event_lastkingdom1,event_goddessfall1,keyword,1,2,auto,0,,item:네이키드_킹,295,418,이벤트,이벤트
event_lastkingdom1,char:331,callback,1,3,record,0,E1626,,295,421,이벤트,호감도
event_lastkingdom1,ch46,callback,1,3,record,0,E1099,,295,452,이벤트,메인
char:330,char:361,character,1,1,auto,0,,person:아니스,296,297,호감도,호감도
char:330,char:361,keyword,2,1,auto,0,,concept:니케 place:지상,296,297,호감도,호감도
char:330,side:eden_spear,character,1,2,auto,0,,person:마리안,296,411,호감도,사이드
char:330,event_goddessfall1,character,2,2,auto,0,,person:차임 person:크라운,296,418,호감도,이벤트
char:330,event_goddessfall1,keyword,1,2,auto,0,,place:크라운_왕국,296,418,호감도,이벤트
char:330,char:331,callback,1,2,record,0,E1625,,296,421,호감도,호감도
char:361,event_darkhero,keyword,2,1,auto,0,,concept:니케 place:지상,297,298,호감도,이벤트
char:361,event_beautyfullshot1,character,1,1,auto,0,,person:라피,297,305,호감도,이벤트
char:361,ch31,character,1,1,auto,0,,person:아니스,297,308,호감도,메인
char:361,ch31,keyword,1,2,auto,0,,org:카운터스,297,308,호감도,메인
char:361,sub:관짝이_00,character,1,1,auto,0,,person:네온,297,311,호감도,서브퀘스트
char:361,event_outofuniform,keyword,1,2,auto,0,,place:전초기지,297,351,호감도,이벤트
char:361,event_goddessfall1,character,2,2,auto,0,,person:T.A.L.O.S. person:킬로,297,418,호감도,이벤트
event_darkhero,char:501,character,2,2,auto,0,,person:일레그 person:트로니,298,299,이벤트,호감도
event_darkhero,char:501,keyword,1,2,auto,0,,org:일렉트릭_쇼크,298,299,이벤트,호감도
event_darkhero,event_goldencoinrush1,keyword,1,1,auto,0,,concept:니케,298,300,이벤트,이벤트
event_darkhero,event_beautyfullshot1,character,1,2,auto,0,,person:메이든,298,305,이벤트,이벤트
event_darkhero,event_beautyfullshot1,keyword,3,1,auto,0,,org:중앙_정부 place:방주 place:지상,298,305,이벤트,이벤트
event_darkhero,ch31,character,1,2,auto,0,,person:마나,298,308,이벤트,메인
event_darkhero,ch32,character,1,2,auto,0,,person:잉그리드,298,310,이벤트,메인
event_darkhero,sub:관짝이_01,keyword,1,2,auto,0,,place:수정_지역,298,313,이벤트,서브퀘스트
event_darkhero,event_colorless,character,1,2,auto,0,,person:에테르,298,319,이벤트,이벤트
event_darkhero,event_colorless,keyword,2,2,auto,0,,concept:랩쳐 org:M.M.R.,298,319,이벤트,이벤트
event_darkhero,ch33,character,1,2,auto,0,,person:엑시아,298,334,이벤트,메인
event_darkhero,event_icedragonsaga1,sequel,1,2,manual,0,Y28,,298,347,이벤트,이벤트
event_darkhero,event_icedragonsaga1,setup_payoff,1,3,record,0,Q196-2,,298,347,이벤트,이벤트
event_darkhero,event_icedragonsaga1,callback,4,3,record,0,E1409 E1413 E1415,,298,347,이벤트,이벤트
event_darkhero,ch45,setup_payoff,1,3,record,0,E419,,298,450,이벤트,메인
event_darkhero,ch45,keyword,1,2,auto,0,,concept:방주_동력원,298,450,이벤트,메인
event_darkhero,fl:ark_ranger,callback,2,3,record,0,E1180 F1476-2,,298,462,이벤트,이벤트
event_darkhero,fl:ark_ranger,character,1,2,auto,0,,person:아크레인저_블랙,298,462,이벤트,이벤트
event_darkhero,fl:ark_ranger,keyword,1,2,auto,0,,org:아크레인저,298,462,이벤트,이벤트
char:501,event_icedragonsaga1,character,2,2,auto,0,,person:일레그 person:트로니,299,347,호감도,이벤트
char:501,char:182,character,1,2,auto,0,,person:라플라스,299,349,호감도,호감도
char:501,ch45,keyword,1,2,auto,0,,org:일렉트릭_쇼크,299,450,호감도,메인
event_goldencoinrush1,char:314,character,2,2,auto,0,,person:루주 person:소다,300,301,이벤트,호감도
event_goldencoinrush1,char:314,keyword,1,2,auto,0,,place:코인_러시,300,301,이벤트,호감도
event_goldencoinrush1,char:195,character,2,2,auto,0,,person:루드밀라 person:앨리스,300,302,이벤트,호감도
event_goldencoinrush1,event_claymore,character,1,2,auto,0,,person:밀크,300,303,이벤트,이벤트
event_goldencoinrush1,event_claymore,keyword,1,1,auto,0,,concept:니케,300,303,이벤트,이벤트
event_goldencoinrush1,event_beautyfullshot1,character,2,2,auto,0,,person:머스탱 person:메어리,300,305,이벤트,이벤트
event_goldencoinrush1,event_jinxplayer,character,2,2,auto,0,,person:누아르 person:블랑,300,325,이벤트,이벤트
event_goldencoinrush1,event_lifeagain,character,1,2,auto,0,,person:폴크방,300,332,이벤트,이벤트
event_goldencoinrush1,event_footstepwalkrun1,keyword,1,2,auto,0,,org:테트라,300,350,이벤트,이벤트
event_goldencoinrush1,char:355,character,1,2,auto,0,,person:코코아,300,357,이벤트,호감도
event_goldencoinrush1,ch39,character,1,2,auto,0,,person:볼륨,300,396,이벤트,메인
event_goldencoinrush1,fl:coins_in_rush,callback,1,3,record,0,E869,,300,404,이벤트,이벤트
event_goldencoinrush1,fl:coins_in_rush,character,1,2,auto,0,,person:에이드,300,404,이벤트,이벤트
event_goldencoinrush1,fl:fatal_maid,keyword,1,2,auto,0,,org:메이드_포_유,300,432,이벤트,이벤트
event_goldencoinrush1,fl:lie_cause_recoil,keyword,1,2,auto,0,,org:카페_스위티,300,438,이벤트,이벤트
char:314,char:195,character,1,2,auto,0,,person:소다,301,302,호감도,호감도
char:314,char:195,keyword,1,2,auto,0,,place:코인_러시,301,302,호감도,호감도
char:314,event_jinxplayer,character,1,2,auto,0,,person:루주,301,325,호감도,이벤트
char:195,event_jinxplayer,keyword,1,2,auto,0,,place:코인_러시,302,325,호감도,이벤트
event_claymore,char:551,character,2,2,auto,0,,person:베이 person:클레이,303,304,이벤트,호감도
event_claymore,event_beautyfullshot1,keyword,1,1,auto,0,,concept:니케,303,305,이벤트,이벤트
event_claymore,fl:coins_in_rush,character,1,2,auto,0,,person:밀크,303,404,이벤트,이벤트
char:551,fl:boom_the_ghost,character,1,2,auto,0,,person:프림,304,393,호감도,이벤트
char:551,fl:coins_in_rush,character,1,2,auto,0,,person:베이,304,404,호감도,이벤트
event_beautyfullshot1,char:284,character,1,2,auto,0,,person:사쿠라,305,306,이벤트,호감도
event_beautyfullshot1,char:283,character,1,2,auto,0,,person:로산나,305,307,이벤트,호감도
event_beautyfullshot1,char:283,keyword,1,1,auto,0,,place:방주,305,307,이벤트,호감도
event_beautyfullshot1,ch31,character,1,1,auto,0,,person:라피,305,308,이벤트,메인
event_beautyfullshot1,ch32,keyword,1,1,auto,0,,concept:니케,305,310,이벤트,메인
event_beautyfullshot1,event_colorless,keyword,1,1,auto,0,,place:지상,305,319,이벤트,이벤트
event_beautyfullshot1,ch33,keyword,1,1,auto,0,,org:중앙_정부,305,334,이벤트,메인
event_beautyfullshot1,event_icedragonsaga1,callback,1,3,record,0,E1412,,305,347,이벤트,이벤트
event_beautyfullshot1,event_icedragonsaga1,character,1,2,auto,0,,person:메이든,305,347,이벤트,이벤트
event_beautyfullshot1,event_footstepwalkrun1,setup_payoff,1,3,record,0,Q198-2,,305,350,이벤트,이벤트
event_beautyfullshot1,event_romanticvalentine,character,1,2,auto,0,,person:머스탱,305,355,이벤트,이벤트
event_beautyfullshot1,char:836,character,1,2,auto,0,,person:메어리,305,362,이벤트,호감도
event_beautyfullshot1,ch38,keyword,1,2,auto,0,,place:아우터_림,305,375,이벤트,메인
event_beautyfullshot1,event_lordforjustice,character,1,2,auto,0,,person:목단,305,385,이벤트,이벤트
event_beautyfullshot1,fl:boom_the_ghost,keyword,1,2,auto,0,,concept:크라켄,305,393,이벤트,이벤트
event_beautyfullshot1,ch39,character,1,2,auto,0,,person:바이퍼,305,396,이벤트,메인
event_beautyfullshot1,ch39,keyword,1,2,auto,0,,org:이그조틱,305,396,이벤트,메인
event_beautyfullshot1,ch44,keyword,3,2,auto,0,,org:세이메이카이 org:언더월드_퀸 org:헤도니아,305,436,이벤트,메인
event_beautyfullshot1,fl:enter_heaven,character,1,2,auto,0,,person:자칼,305,442,이벤트,이벤트
event_beautyfullshot1,ch45,setup_payoff,1,2,record,0,E425,,305,450,이벤트,메인
event_beautyfullshot1,ch46,setup_payoff,1,2,record,0,E425,,305,452,이벤트,메인
event_beautyfullshot1,char:404,character,1,2,auto,0,,person:길티,305,480,이벤트,호감도
char:284,ch44,character,1,2,auto,0,,person:사쿠라,306,436,호감도,메인
char:283,ch31,keyword,1,1,auto,0,,place:방주,307,308,호감도,메인
char:283,ch44,character,1,2,auto,0,,person:로산나,307,436,호감도,메인
ch31,relic:말뚝프로젝트보고서,setup_payoff,1,3,record,0,E435,,308,309,메인,유실물
ch31,relic:말뚝프로젝트보고서,keyword,1,2,auto,0,,item:A_필러,308,309,메인,유실물
ch31,ch32,sequel,1,3,auto,0,,,308,310,메인,메인
ch31,ch32,setup_payoff,10,3,record,0,E437 E438 E441 E442 E443 E444 E445 E446 E447 Q200-2,,308,310,메인,메인
ch31,ch32,callback,1,3,record,0,F1530-2,,308,310,메인,메인
ch31,ch32,character,9,2,auto,0,,person:그레이브 person:라피 person:레드_후드 person:베스티 person:베히모스 person:신데렐라 person:아나키오르 person:엠마 person:은화,308,310,메인,메인
ch31,ch32,keyword,6,2,auto,0,,concept:E2_크리스탈 concept:헬레틱 item:하모니_큐브 org:앱솔루트 org:포비스트 place:방주,308,310,메인,메인
ch31,sub:관짝이_00,character,1,1,auto,0,,person:아니스,308,311,메인,서브퀘스트
ch31,side:wordless,character,1,2,auto,0,,person:마나,308,331,메인,사이드
ch31,ch33,setup_payoff,1,3,record,0,Q200-3,,308,334,메인,메인
ch31,ch33,character,1,2,auto,0,,person:시프티,308,334,메인,메인
ch31,ch34,callback,1,2,record,0,E515,,308,336,메인,메인
ch31,ch34,keyword,1,2,auto,0,,org:카운터스,308,336,메인,메인
ch31,event_oldtales1,callback,1,2,record,0,F1523-2,,308,338,메인,이벤트
ch31,event_oldtales1,keyword,1,2,auto,0,,concept:양산형_니케,308,338,메인,이벤트
ch31,ch35,setup_payoff,1,2,record,0,E434,,308,358,메인,메인
ch31,ch36,callback,1,3,record,0,E627,,308,360,메인,메인
ch31,relic:할일목록,setup_payoff,1,2,record,0,E440,,308,361,메인,유실물
ch31,fl:absolute,callback,1,3,record,0,F1529-2,,308,400,메인,이벤트
ch31,ch41,setup_payoff,1,2,record,0,E440,,308,414,메인,메인
ch31,relic:주의용광로사용법,setup_payoff,2,2,record,0,E439 Q199-2,,308,417,메인,유실물
relic:말뚝프로젝트보고서,ch32,keyword,1,2,auto,0,,item:A_필러,309,310,유실물,메인
ch32,sub:관짝이_00,character,2,2,auto,0,,person:그레이브 person:신데렐라,310,311,메인,서브퀘스트
ch32,sub:거울_공주_00,character,1,2,auto,0,,person:아나키오르,310,312,메인,서브퀘스트
ch32,sub:거울_공주_00,keyword,1,2,auto,0,,org:갓데스,310,312,메인,서브퀘스트
ch32,sub:관짝이_01,keyword,1,2,auto,0,,org:포비스트,310,313,메인,서브퀘스트
ch32,sub:거울_공주_01,keyword,1,1,auto,0,,concept:니케,310,315,메인,서브퀘스트
ch32,relic:수정지역깊은곳어딘가,callback,2,3,record,0,E468,,310,316,메인,유실물
ch32,relic:수정지역깊은곳어딘가,keyword,1,2,auto,0,,item:유리_구두,310,316,메인,유실물
ch32,event_colorless,keyword,1,1,auto,0,,place:방주,310,319,메인,이벤트
ch32,event_nonsensered,character,1,2,auto,0,,person:레드_후드,310,326,메인,이벤트
ch32,char:240,character,1,1,auto,0,,person:라피,310,333,메인,호감도
ch32,ch33,sequel,1,3,auto,0,,,310,334,메인,메인
ch32,ch33,setup_payoff,1,3,record,0,Q204-2,,310,334,메인,메인
ch32,ch33,callback,1,3,record,0,E475,,310,334,메인,메인
ch32,ch33,character,2,2,auto,0,,person:레비아탄 person:베히모스,310,334,메인,메인
ch32,ch33,keyword,5,2,auto,0,,concept:언체인드 concept:헬레틱 item:하모니_큐브 org:앱솔루트 place:에덴,310,334,메인,메인
ch32,ch34,setup_payoff,2,3,record,0,Q204-3 Q205-2,,310,336,메인,메인
ch32,ch34,callback,5,3,record,0,E491 E496 E498 E499 E505,,310,336,메인,메인
ch32,ch34,character,3,2,auto,0,,person:엠마 person:은화 person:잉그리드,310,336,메인,메인
ch32,event_oldtales1,setup_payoff,2,3,record,0,E455 Q204-4,,310,338,메인,이벤트
ch32,erelic:old_tales_dialog,callback,1,2,record,0,F1543-2,,310,339,메인,유실물
ch32,erelic:old_tales_mini_memory,callback,1,2,record,0,E554,,310,341,메인,유실물
ch32,char:182,character,1,2,auto,0,,person:베스티,310,349,메인,호감도
ch32,ch35,callback,1,2,record,0,E614,,310,358,메인,메인
ch32,ch36,callback,1,3,record,0,E623,,310,360,메인,메인
ch32,relic:할일목록,callback,1,2,record,0,E631,,310,361,메인,유실물
ch32,ch38,setup_payoff,1,2,record,0,E456,,310,375,메인,메인
ch32,ch38,callback,1,2,record,0,E670,,310,375,메인,메인
ch32,event_unbreakablesphere1,keyword,1,2,auto,0,,concept:E2_크리스탈,310,377,메인,이벤트
ch32,fl:absolute,callback,6,3,record,0,E831 E838 E839 E841 E842 E849,,310,400,메인,이벤트
ch32,side:eden_spear,setup_payoff,1,3,record,0,Q203-2,,310,411,메인,사이드
ch32,ch41,setup_payoff,1,2,record,0,E453,,310,414,메인,메인
ch32,relic:주의용광로사용법,setup_payoff,1,3,record,0,E452,,310,417,메인,유실물
ch32,ch44,callback,1,3,record,0,E1021,,310,436,메인,메인
sub:관짝이_00,sub:거울_공주_00,character,2,2,auto,0,,person:그레이브 person:신데렐라,311,312,서브퀘스트,서브퀘스트
sub:관짝이_00,sub:관짝이_01,sequel,1,3,auto,0,,,311,313,서브퀘스트,서브퀘스트
sub:관짝이_00,sub:관짝이_01,character,1,2,auto,0,,person:관짝이,311,313,서브퀘스트,서브퀘스트
sub:관짝이_00,char:240,character,1,1,auto,0,,person:아니스,311,333,서브퀘스트,호감도
sub:관짝이_00,ch34,setup_payoff,1,2,record,0,E460,,311,336,서브퀘스트,메인
sub:관짝이_00,ch34,callback,1,3,record,0,E506,,311,336,서브퀘스트,메인
sub:관짝이_00,ch35,callback,1,3,record,0,E600,,311,358,서브퀘스트,메인
sub:관짝이_00,ch35,character,1,1,auto,0,,person:네온,311,358,서브퀘스트,메인
sub:거울_공주_00,sub:관짝이_01,character,2,2,auto,0,,person:그레이브 person:신데렐라,312,313,서브퀘스트,서브퀘스트
sub:거울_공주_00,sub:거울_공주_01,sequel,1,3,auto,0,,,312,315,서브퀘스트,서브퀘스트
sub:거울_공주_00,sub:거울_공주_01,character,1,2,auto,0,,person:거울_공주,312,315,서브퀘스트,서브퀘스트
sub:거울_공주_00,ch33,setup_payoff,1,2,record,0,E465,,312,334,서브퀘스트,메인
sub:거울_공주_00,event_oldtales1,character,1,2,auto,0,,person:아나키오르,312,338,서브퀘스트,이벤트
sub:거울_공주_00,event_oldtales1,keyword,1,2,auto,0,,org:갓데스,312,338,서브퀘스트,이벤트
sub:거울_공주_00,erelic:old_tales_lost,setup_payoff,1,2,record,0,E466,,312,340,서브퀘스트,유실물
sub:관짝이_01,sub:관짝이_02,sequel,1,3,auto,0,,,313,314,서브퀘스트,서브퀘스트
sub:관짝이_01,sub:관짝이_02,character,3,2,auto,0,,person:관짝이 person:그레이브 person:신데렐라,313,314,서브퀘스트,서브퀘스트
sub:관짝이_01,sub:거울_공주_01,callback,1,3,record,0,E467,,313,315,서브퀘스트,서브퀘스트
sub:관짝이_01,ch33,setup_payoff,1,2,record,0,E462,,313,334,서브퀘스트,메인
sub:관짝이_01,ch33,keyword,2,2,auto,0,,org:포비스트 place:수정_지역,313,334,서브퀘스트,메인
sub:관짝이_02,sub:거울_공주_01,character,1,2,auto,0,,person:신데렐라,314,315,서브퀘스트,서브퀘스트
sub:관짝이_02,ch33,character,2,2,auto,0,,person:그레이브 person:스노우_화이트,314,334,서브퀘스트,메인
sub:관짝이_02,ch34,setup_payoff,1,3,record,0,Q206-2,,314,336,서브퀘스트,메인
sub:관짝이_02,ch34,keyword,1,2,auto,0,,item:세븐스_드워프,314,336,서브퀘스트,메인
sub:관짝이_02,ch44,setup_payoff,2,2,record,0,E464 Q206-3,,314,436,서브퀘스트,메인
sub:거울_공주_01,char:833,keyword,1,1,auto,0,,concept:니케,315,321,서브퀘스트,호감도
sub:거울_공주_01,ch33,character,1,2,auto,0,,person:신데렐라,315,334,서브퀘스트,메인
sub:거울_공주_01,ch34,setup_payoff,1,3,record,0,Q207-2,,315,336,서브퀘스트,메인
sub:거울_공주_01,ch34,character,1,2,auto,0,,person:세이렌,315,336,서브퀘스트,메인
sub:거울_공주_01,event_oldtales1,character,2,2,auto,0,,person:그레텔 person:헨젤,315,338,서브퀘스트,이벤트
sub:거울_공주_01,ch35,setup_payoff,1,3,record,0,Q207-3,,315,358,서브퀘스트,메인
sub:거울_공주_01,ch36,setup_payoff,1,3,record,0,Q207-4,,315,360,서브퀘스트,메인
sub:거울_공주_01,event_unbreakablesphere1,setup_payoff,1,3,record,0,Q207-5,,315,377,서브퀘스트,이벤트
relic:수정지역깊은곳어딘가,ch33,keyword,1,2,auto,0,,item:유리_구두,316,334,유실물,메인
event_juveniledays,char:391,setup_payoff,1,2,record,0,E1381,,317,318,이벤트,호감도
event_juveniledays,char:391,character,2,2,auto,0,,person:루피 person:아인,317,318,이벤트,호감도
event_juveniledays,char:391,keyword,2,2,auto,0,,org:루셰 place:미미르_부속_고등학교,317,318,이벤트,호감도
event_juveniledays,event_colorless,setup_payoff,2,2,record,0,E1382,,317,319,이벤트,이벤트
event_juveniledays,event_colorless,character,2,2,auto,0,,person:마르차나 person:츠바이,317,319,이벤트,이벤트
event_juveniledays,char:832,character,1,2,auto,0,,person:라이,317,324,이벤트,호감도
char:391,event_colorless,character,1,2,auto,0,,person:아인,318,319,호감도,이벤트
char:391,event_colorless,keyword,1,2,auto,0,,place:미미르_부속_고등학교,318,319,호감도,이벤트
char:391,char:833,setup_payoff,1,2,record,0,E1612,,318,321,호감도,호감도
event_colorless,char:390,character,1,2,auto,0,,person:츠바이,319,320,이벤트,호감도
event_colorless,char:833,character,1,2,auto,0,,person:마르차나,319,321,이벤트,호감도
event_colorless,char:833,keyword,1,2,auto,0,,place:미미르_부속_고등학교,319,321,이벤트,호감도
event_colorless,char:830,keyword,1,1,auto,0,,concept:랩쳐,319,322,이벤트,호감도
event_colorless,char:831,character,1,2,auto,0,,person:아인,319,323,이벤트,호감도
event_colorless,char:403,keyword,1,1,auto,0,,place:방주,319,329,이벤트,호감도
event_colorless,side:wordless,keyword,2,2,auto,0,,org:M.M.R. place:지상,319,331,이벤트,사이드
event_colorless,event_wisdomspring,character,1,2,auto,0,,person:에테르,319,353,이벤트,이벤트
event_colorless,event_ce006,character,1,2,auto,0,,person:프리바티,319,387,이벤트,이벤트
event_colorless,fl:2x2_love_1ch,callback,1,3,record,0,E1482,,319,444,이벤트,이벤트
event_colorless,fl:wave_to_you,sequel,1,2,manual,0,Y33,,319,464,이벤트,이벤트
event_colorless,fl:wave_to_you,callback,1,3,record,0,E1540,,319,464,이벤트,이벤트
char:390,char:830,character,1,2,auto,0,,person:츠바이,320,322,호감도,호감도
char:390,event_ce006,keyword,1,2,auto,0,,org:트라이앵글,320,387,호감도,이벤트
char:390,fl:persona_on_frontline,character,1,2,auto,0,,person:율하,320,474,호감도,이벤트
char:833,char:832,keyword,1,2,auto,0,,place:미미르_부속_고등학교,321,324,호감도,호감도
char:833,side:wordless,keyword,1,1,auto,0,,concept:니케,321,331,호감도,사이드
char:833,fl:wave_to_you,character,1,2,auto,0,,person:마르차나,321,464,호감도,이벤트
char:830,side:wordless,keyword,1,1,auto,0,,concept:랩쳐,322,331,호감도,사이드
char:830,event_outofuniform,character,1,2,auto,0,,person:츠바이,322,351,호감도,이벤트
char:830,char:835,character,1,2,auto,0,,person:아스카,322,363,호감도,호감도
char:831,event_outofuniform,character,1,2,auto,0,,person:아인,323,351,호감도,이벤트
char:832,fl:2x2_love_1ch,keyword,1,2,auto,0,,place:미미르_부속_고등학교,324,444,호감도,이벤트
char:832,fl:wave_to_you,character,1,2,auto,0,,person:라이,324,464,호감도,이벤트
event_jinxplayer,char:272,character,1,2,auto,0,,person:루주,325,327,이벤트,호감도
event_jinxplayer,char:272,keyword,1,2,auto,0,,place:코인_러시,325,327,이벤트,호감도
event_jinxplayer,fl:coins_in_rush,callback,1,3,record,0,E856,,325,404,이벤트,이벤트
event_nonsensered,ch33,character,2,2,auto,0,,person:도로시 person:레드_후드,326,334,이벤트,메인
event_nonsensered,event_oldtales1,character,1,2,auto,0,,person:릴리바이스,326,338,이벤트,이벤트
event_nonsensered,char:226,character,1,2,auto,0,,person:라푼젤,326,342,이벤트,호감도
char:272,fl:coins_in_rush,character,1,2,auto,0,,person:루주,327,404,호감도,이벤트
char:272,fl:coins_in_rush,keyword,1,2,auto,0,,place:코인_러시,327,404,호감도,이벤트
event_phantomthiefvsdetective,char:403,character,1,2,auto,0,,person:퀀시,328,329,이벤트,호감도
event_phantomthiefvsdetective,char:580,setup_payoff,1,3,record,0,Q211-2,,328,330,이벤트,호감도
event_phantomthiefvsdetective,char:580,character,1,2,auto,0,,person:팬텀,328,330,이벤트,호감도
event_phantomthiefvsdetective,char:412,character,1,2,auto,0,,person:미란다,328,366,이벤트,호감도
event_phantomthiefvsdetective,event_arcanearchive,callback,1,3,record,0,E728,,328,383,이벤트,이벤트
event_phantomthiefvsdetective,fl:reborn_evil,keyword,1,2,auto,0,,org:A.C.P.U.,328,407,이벤트,이벤트
event_phantomthiefvsdetective,fl:go_ninja_thief,sequel,1,2,manual,0,Y34,,328,412,이벤트,이벤트
event_phantomthiefvsdetective,fl:go_ninja_thief,setup_payoff,1,2,record,0,E1392,,328,412,이벤트,이벤트
event_phantomthiefvsdetective,fl:sin_editor,callback,1,3,record,0,E996,,328,430,이벤트,이벤트
event_phantomthiefvsdetective,fl:persona_on_frontline,callback,1,3,record,0,E1559,,328,474,이벤트,이벤트
char:403,side:wordless,keyword,1,1,auto,0,,place:방주,329,331,호감도,사이드
char:403,ch36,character,1,2,auto,0,,person:드레이크,329,360,호감도,메인
char:403,fl:go_ninja_thief,character,1,2,auto,0,,person:퀀시,329,412,호감도,이벤트
char:580,event_arcanearchive,setup_payoff,1,3,record,0,Q212-2,,330,383,호감도,이벤트
char:580,event_arcanearchive,character,1,2,auto,0,,person:팬텀,330,383,호감도,이벤트
char:580,event_arcanearchive,keyword,1,2,auto,0,,org:베스트셀러,330,383,호감도,이벤트
char:580,fl:go_ninja_thief,callback,1,3,record,0,E1442,,330,412,호감도,이벤트
side:wordless,char:240,keyword,1,1,auto,0,,concept:니케,331,333,사이드,호감도
side:wordless,ch33,character,1,2,auto,0,,person:마나,331,334,사이드,메인
side:wordless,ch33,keyword,3,2,auto,0,,concept:NIMPH concept:랩쳐 place:방주,331,334,사이드,메인
side:wordless,ch34,keyword,1,1,auto,0,,place:지상,331,336,사이드,메인
side:wordless,event_secretgarden,character,1,2,auto,0,,person:슈엔,331,345,사이드,이벤트
side:wordless,event_secretgarden,keyword,1,2,auto,0,,org:미실리스,331,345,사이드,이벤트
side:wordless,event_wisdomspring,callback,1,2,record,0,E584,,331,353,사이드,이벤트
side:wordless,event_wisdomspring,character,1,2,auto,0,,person:지엔,331,353,사이드,이벤트
side:wordless,event_wisdomspring,keyword,1,2,auto,0,,org:M.M.R.,331,353,사이드,이벤트
side:wordless,ch35,callback,1,3,record,0,E608,,331,358,사이드,메인
side:wordless,ch35,character,1,2,auto,0,,person:미하라,331,358,사이드,메인
side:wordless,side:mudfish,sequel,1,2,manual,0,Y35,,331,370,사이드,사이드
side:wordless,side:mudfish,character,1,2,auto,0,,person:유니,331,370,사이드,사이드
side:wordless,event_unbreakablesphere1,setup_payoff,2,3,record,0,E474 Q213-2,,331,377,사이드,이벤트
side:wordless,event_unbreakablesphere1,callback,3,3,record,0,E698 E703 E704,,331,377,사이드,이벤트
side:wordless,char:162,callback,1,3,record,0,E1433,,331,382,사이드,호감도
side:wordless,side:eden_spear,character,1,2,auto,0,,person:토커티브,331,411,사이드,사이드
side:wordless,fl:project_matis,setup_payoff,1,2,record,0,Q213-3,,331,467,사이드,이벤트
event_lifeagain,char:240,character,1,2,auto,0,,person:루마니,332,333,이벤트,호감도
char:240,ch33,character,2,1,auto,0,,person:라피 person:아니스,333,334,호감도,메인
char:240,ch33,keyword,1,1,auto,0,,concept:니케,333,334,호감도,메인
ch33,relic:소녀의일기-절망편-,setup_payoff,1,3,record,0,Q215-2,,334,335,메인,유실물
ch33,relic:소녀의일기-절망편-,callback,1,3,record,0,E489,,334,335,메인,유실물
ch33,relic:소녀의일기-절망편-,keyword,2,2,auto,0,,concept:헬레틱 org:포비스트,334,335,메인,유실물
ch33,ch34,sequel,1,3,auto,0,,,334,336,메인,메인
ch33,ch34,setup_payoff,9,3,record,0,E476 E478 E481 E482 E484 E487 Q215-3 Q216-2,,334,336,메인,메인
ch33,ch34,callback,2,3,record,0,E505 E508,,334,336,메인,메인
ch33,ch34,character,8,2,auto,0,,person:그레이브 person:라피 person:레드_후드 person:레비아탄 person:베히모스 person:스노우_화이트 person:신데렐라 person:아니스,334,336,메인,메인
ch33,ch34,keyword,8,2,auto,0,,concept:NIMPH concept:다크_매터 concept:랩쳐 concept:언체인드 item:하모니_큐브 org:앱솔루트 place:방주 place:수정_지역,334,336,메인,메인
ch33,relic:충격다크매터란무엇인가,callback,1,3,record,0,E519,,334,337,메인,유실물
ch33,event_oldtales1,keyword,3,2,auto,0,,concept:니케 item:유리_구두 org:중앙_정부,334,338,메인,이벤트
ch33,event_wisdomspring,character,1,2,auto,0,,person:마나,334,353,메인,이벤트
ch33,ch35,callback,3,3,record,0,E604 E609 E615,,334,358,메인,메인
ch33,ch36,setup_payoff,2,3,record,0,E485 Q215-4,,334,360,메인,메인
ch33,ch36,character,2,2,auto,0,,person:도로시 person:인디빌리아,334,360,메인,메인
ch33,event_foolburstday,character,1,2,auto,0,,person:시프티,334,369,메인,이벤트
ch33,ch37,callback,2,3,record,0,E647 E651,,334,373,메인,메인
ch33,ch37,keyword,1,2,auto,0,,place:에덴,334,373,메인,메인
ch33,ch38,setup_payoff,1,3,record,0,Q215-5,,334,375,메인,메인
ch33,relic:은색액체,callback,1,3,record,0,E677,,334,376,메인,유실물
ch33,fl:absolute,callback,2,3,record,0,E837 E850,,334,400,메인,이벤트
ch33,fl:coins_in_rush,character,1,2,auto,0,,person:엑시아,334,404,메인,이벤트
ch33,side:eden_spear,character,2,2,auto,0,,person:니힐리스타 person:세실,334,411,메인,사이드
ch33,ch42,setup_payoff,1,2,record,0,E481,,334,416,메인,메인
ch33,fl:enter_heaven,callback,1,3,record,0,E1040,,334,442,메인,이벤트
ch33,side:pretty_star,setup_payoff,3,3,record,0,E479 E480,,334,447,메인,사이드
relic:소녀의일기-절망편-,ch34,keyword,2,2,auto,0,,concept:헬레틱 org:포비스트,335,336,유실물,메인
relic:소녀의일기-절망편-,ch38,setup_payoff,1,2,record,0,E490,,335,375,유실물,메인
ch34,relic:충격다크매터란무엇인가,keyword,3,2,auto,0,,concept:다크_매터 concept:언체인드 org:포비스트,336,337,메인,유실물
ch34,event_oldtales1,setup_payoff,2,3,record,0,E502 E507,,336,338,메인,이벤트
ch34,event_oldtales1,callback,1,3,record,0,F1654-2,,336,338,메인,이벤트
ch34,event_oldtales1,character,5,2,auto,0,,person:그레이브 person:레드_후드 person:세이렌 person:신데렐라 person:에이브,336,338,메인,이벤트
ch34,event_oldtales1,keyword,5,2,auto,0,,concept:NIMPH concept:랩쳐 concept:헬레틱 place:방주 place:지상,336,338,메인,이벤트
ch34,erelic:old_tales_dialog,setup_payoff,1,2,record,0,E500,,336,339,메인,유실물
ch34,event_icedragonsaga1,character,1,2,auto,0,,person:잉그리드,336,347,메인,이벤트
ch34,event_footstepwalkrun1,setup_payoff,1,2,record,0,E497,,336,350,메인,이벤트
ch34,event_footstepwalkrun1,callback,1,3,record,0,E574,,336,350,메인,이벤트
ch34,event_footstepwalkrun1,character,2,1,auto,0,,person:라피 person:아니스,336,350,메인,이벤트
ch34,event_footstepwalkrun1,keyword,1,2,auto,0,,org:앱솔루트,336,350,메인,이벤트
ch34,ch35,sequel,1,3,auto,0,,,336,358,메인,메인
ch34,ch35,setup_payoff,4,3,record,0,E516 E517 Q217-2 Q218-2,,336,358,메인,메인
ch34,ch35,callback,2,3,record,0,E589 E605,,336,358,메인,메인
ch34,ch35,character,2,2,auto,0,,person:레비아탄 person:베히모스,336,358,메인,메인
ch34,ch35,keyword,2,2,auto,0,,item:세븐스_드워프 org:카운터스,336,358,메인,메인
ch34,ch36,callback,2,3,record,0,E619 E628,,336,360,메인,메인
ch34,ch36,keyword,1,2,auto,0,,org:T.T.STAR,336,360,메인,메인
ch34,side:mudfish,setup_payoff,2,2,record,0,E493 E512,,336,370,메인,사이드
ch34,ch37,setup_payoff,1,2,record,0,E518,,336,373,메인,메인
ch34,ch37,callback,1,3,record,0,E653,,336,373,메인,메인
ch34,event_unbreakablesphere1,keyword,1,2,auto,0,,place:수정_지역,336,377,메인,이벤트
ch34,event_ce006,character,1,2,auto,0,,person:스노우_화이트,336,387,메인,이벤트
ch34,ch40,keyword,1,2,auto,0,,item:브레인_셸터,336,398,메인,메인
ch34,fl:absolute,callback,1,3,record,0,E844,,336,400,메인,이벤트
ch34,fl:absolute,character,2,2,auto,0,,person:엠마 person:은화,336,400,메인,이벤트
ch34,ch41,setup_payoff,1,3,record,0,E509,,336,414,메인,메인
ch34,ch41,callback,1,3,record,0,E892,,336,414,메인,메인
ch34,ch41,character,1,2,auto,0,,person:해머링,336,414,메인,메인
ch34,ch42,setup_payoff,2,2,record,0,E510 E511,,336,416,메인,메인
ch34,relic:주의용광로사용법,setup_payoff,1,3,record,0,E509,,336,417,메인,유실물
ch34,side:pretty_star,setup_payoff,1,2,record,0,E503,,336,447,메인,사이드
ch34,event_staranis1,setup_payoff,1,2,record,0,E503,,336,454,메인,이벤트
relic:충격다크매터란무엇인가,event_oldtales1,keyword,1,2,auto,0,,concept:언체인드,337,338,유실물,이벤트
relic:충격다크매터란무엇인가,ch35,keyword,2,2,auto,0,,concept:다크_매터 org:포비스트,337,358,유실물,메인
event_oldtales1,erelic:old_tales_dialog,sequel,1,3,auto,0,,,338,339,이벤트,유실물
event_oldtales1,erelic:old_tales_dialog,character,3,2,auto,0,,person:그레이브 person:신데렐라 person:에이브,338,339,이벤트,유실물
event_oldtales1,erelic:old_tales_dialog,keyword,2,2,auto,0,,concept:헬레틱 org:갓데스,338,339,이벤트,유실물
event_oldtales1,erelic:old_tales_lost,sequel,1,3,auto,0,,,338,340,이벤트,유실물
event_oldtales1,erelic:old_tales_lost,setup_payoff,3,3,record,0,E528 E539 Q220-2,,338,340,이벤트,유실물
event_oldtales1,erelic:old_tales_lost,callback,1,3,record,0,E551,,338,340,이벤트,유실물
event_oldtales1,erelic:old_tales_lost,character,2,2,auto,0,,person:레드_슈즈 person:아나키오르,338,340,이벤트,유실물
event_oldtales1,erelic:old_tales_lost,keyword,4,2,auto,0,,concept:NIMPH concept:니케 concept:랩쳐 concept:침식,338,340,이벤트,유실물
event_oldtales1,erelic:old_tales_mini_memory,sequel,1,3,auto,0,,,338,341,이벤트,유실물
event_oldtales1,erelic:old_tales_mini_memory,setup_payoff,1,3,record,0,E538,,338,341,이벤트,유실물
event_oldtales1,erelic:old_tales_mini_memory,callback,2,3,record,0,E553 F1686-2,,338,341,이벤트,유실물
event_oldtales1,erelic:old_tales_mini_memory,keyword,2,2,auto,0,,item:유리_구두 org:인류연합군,338,341,이벤트,유실물
event_oldtales1,char:226,callback,1,2,record,0,E1394,,338,342,이벤트,호감도
event_oldtales1,char:226,character,1,2,auto,0,,person:레드_후드,338,342,이벤트,호감도
event_oldtales1,char:226,keyword,1,2,auto,0,,concept:양산형_니케,338,342,이벤트,호감도
event_oldtales1,char:511,setup_payoff,2,2,record,0,E525 E536,,338,343,이벤트,호감도
event_oldtales1,char:511,character,3,2,auto,0,,person:그레텔 person:세이렌 person:헨젤,338,343,이벤트,호감도
event_oldtales1,event_secretgarden,keyword,2,1,auto,0,,place:방주 place:지상,338,345,이벤트,이벤트
event_oldtales1,event_icedragonsaga1,keyword,1,1,auto,0,,org:중앙_정부,338,347,이벤트,이벤트
event_oldtales1,event_footstepwalkrun1,keyword,1,2,auto,0,,place:궤도_엘리베이터,338,350,이벤트,이벤트
event_oldtales1,ch35,setup_payoff,1,3,record,0,Q219-2,,338,358,이벤트,메인
event_oldtales1,ch35,callback,2,3,record,0,E592 E593,,338,358,이벤트,메인
event_oldtales1,ch35,keyword,2,2,auto,0,,concept:언체인드 concept:콜링_시그널,338,358,이벤트,메인
event_oldtales1,ch36,callback,2,3,record,0,E620 E624,,338,360,이벤트,메인
event_oldtales1,side:mudfish,setup_payoff,1,2,record,0,E526,,338,370,이벤트,사이드
event_oldtales1,side:mudfish,callback,1,3,record,0,E641,,338,370,이벤트,사이드
event_oldtales1,side:mudfish,character,1,2,auto,0,,person:리틀_머메이드,338,370,이벤트,사이드
event_oldtales1,event_unbreakablesphere1,callback,3,3,record,0,E691 E695 E706,,338,377,이벤트,이벤트
event_oldtales1,erelic:unbreakable_sphere_lost,callback,1,3,record,0,E712,,338,379,이벤트,유실물
event_oldtales1,char:513,callback,1,3,record,0,E1431,,338,380,이벤트,호감도
event_oldtales1,char:162,callback,1,3,record,0,E1436,,338,382,이벤트,호감도
event_oldtales1,event_arcanearchive,character,1,2,auto,0,,person:오스왈드,338,383,이벤트,이벤트
event_oldtales1,event_arcanearchive,keyword,1,2,auto,0,,incident:아크_가디언_작전,338,383,이벤트,이벤트
event_oldtales1,relic:정갈하게쓴기록,character,1,2,auto,0,,person:퀸,338,397,이벤트,유실물
event_oldtales1,event_goddessfall1,character,2,2,auto,0,,person:릴리바이스 person:미러,338,418,이벤트,이벤트
event_oldtales1,fl:ark_guardian,callback,5,3,record,0,E977 E983 E991 E994,,338,428,이벤트,이벤트
event_oldtales1,fl:ark_guardian,keyword,1,2,auto,0,,org:V.T.C.,338,428,이벤트,이벤트
event_oldtales1,fl:wave_to_you,callback,1,3,record,0,E1553,,338,464,이벤트,이벤트
event_oldtales1,fl:project_matis,keyword,1,2,auto,0,,concept:페어리_테일,338,467,이벤트,이벤트
event_oldtales1,ch48,setup_payoff,3,3,record,0,E540 E542 E547,,338,472,이벤트,메인
event_oldtales1,ch48,callback,1,3,record,0,F1681-2,,338,472,이벤트,메인
erelic:old_tales_dialog,erelic:old_tales_lost,character,1,2,auto,0,,person:신데렐라,339,340,유실물,유실물
erelic:old_tales_dialog,erelic:old_tales_mini_memory,setup_payoff,1,2,record,0,E550,,339,341,유실물,유실물
erelic:old_tales_dialog,erelic:old_tales_mini_memory,character,1,2,auto,0,,person:에이브,339,341,유실물,유실물
erelic:old_tales_dialog,erelic:old_tales_mini_memory,keyword,1,2,auto,0,,org:갓데스,339,341,유실물,유실물
erelic:old_tales_dialog,char:511,character,1,2,auto,0,,person:그레이브,339,343,유실물,호감도
erelic:old_tales_dialog,ch35,keyword,1,2,auto,0,,concept:헬레틱,339,358,유실물,메인
erelic:old_tales_lost,erelic:old_tales_mini_memory,character,3,2,auto,0,,person:레드_슈즈 person:신데렐라 person:아나키오르,340,341,유실물,유실물
erelic:old_tales_lost,erelic:old_tales_mini_memory,keyword,3,2,auto,0,,concept:니케 concept:랩쳐 concept:침식,340,341,유실물,유실물
erelic:old_tales_lost,char:226,callback,1,3,record,0,E1395,,340,342,유실물,호감도
erelic:old_tales_lost,event_footstepwalkrun1,keyword,1,2,auto,0,,concept:NIMPH,340,350,유실물,이벤트
erelic:old_tales_lost,ch35,callback,1,2,record,0,E610,,340,358,유실물,메인
erelic:old_tales_lost,char:513,setup_payoff,1,2,record,0,E552,,340,380,유실물,호감도
erelic:old_tales_mini_memory,char:226,character,2,2,auto,0,,person:레드_슈즈 person:에이브,341,342,유실물,호감도
erelic:old_tales_mini_memory,char:226,keyword,4,2,auto,0,,concept:니케 concept:랩쳐 concept:침식 org:갓데스,341,342,유실물,호감도
erelic:old_tales_mini_memory,char:511,character,1,2,auto,0,,person:신데렐라,341,343,유실물,호감도
erelic:old_tales_mini_memory,side:mudfish,callback,1,3,record,0,F1710-2,,341,370,유실물,사이드
erelic:old_tales_mini_memory,event_ce006,keyword,1,2,auto,0,,org:인류연합군,341,387,유실물,이벤트
erelic:old_tales_mini_memory,fl:ark_guardian,character,1,2,auto,0,,person:아나키오르,341,428,유실물,이벤트
char:226,event_secretgarden,keyword,1,1,auto,0,,concept:랩쳐,342,345,호감도,이벤트
char:226,event_icedragonsaga1,keyword,1,1,auto,0,,concept:니케,342,347,호감도,이벤트
char:226,event_footstepwalkrun1,character,1,2,auto,0,,person:레드_후드,342,350,호감도,이벤트
char:226,event_footstepwalkrun1,keyword,3,2,auto,0,,concept:양산형_니케 concept:침식 org:갓데스,342,350,호감도,이벤트
char:226,event_unbreakablesphere1,character,1,2,auto,0,,person:에이브,342,377,호감도,이벤트
char:226,char:513,character,1,2,auto,0,,person:레드_슈즈,342,380,호감도,호감도
char:226,event_ce006,character,1,2,auto,0,,person:라푼젤,342,387,호감도,이벤트
char:226,ch48,setup_payoff,1,2,record,0,E1396,,342,472,호감도,메인
char:511,char:514,character,2,2,auto,0,,person:그레이브 person:신데렐라,343,344,호감도,호감도
char:511,ch35,character,1,2,auto,0,,person:세이렌,343,358,호감도,메인
char:511,event_newflavor,keyword,1,2,auto,0,,concept:퍼펙트,343,367,호감도,이벤트
char:511,event_unbreakablesphere1,setup_payoff,1,2,record,0,E1616,,343,377,호감도,이벤트
char:511,event_unbreakablesphere1,callback,1,3,record,0,E709,,343,377,호감도,이벤트
char:511,event_unbreakablesphere1,character,2,2,auto,0,,person:그레텔 person:헨젤,343,377,호감도,이벤트
char:514,ch35,character,2,2,auto,0,,person:그레이브 person:신데렐라,344,358,호감도,메인
char:514,event_unbreakablesphere1,setup_payoff,1,2,record,0,E1398,,344,377,호감도,이벤트
event_secretgarden,char:411,character,1,2,auto,0,,person:플로라,345,346,이벤트,호감도
event_secretgarden,event_icedragonsaga1,keyword,2,1,auto,0,,concept:랩쳐 place:방주,345,347,이벤트,이벤트
event_secretgarden,event_footstepwalkrun1,keyword,1,1,auto,0,,place:지상,345,350,이벤트,이벤트
event_secretgarden,char:290,character,1,2,auto,0,,person:슈엔,345,354,이벤트,호감도
event_secretgarden,ch35,keyword,1,2,auto,0,,org:미실리스,345,358,이벤트,메인
event_secretgarden,fl:for_rest,callback,2,3,record,0,E1424,,345,365,이벤트,이벤트
event_secretgarden,fl:for_rest,keyword,1,2,auto,0,,org:보타닉_가든,345,365,이벤트,이벤트
event_secretgarden,char:103,character,1,2,auto,0,,person:비스킷,345,468,이벤트,호감도
char:411,char:834,character,1,2,auto,0,,person:플로라,346,364,호감도,호감도
event_icedragonsaga1,char:183,character,1,2,auto,0,,person:메이든,347,348,이벤트,호감도
event_icedragonsaga1,char:182,character,1,2,auto,0,,person:길로틴,347,349,이벤트,호감도
event_icedragonsaga1,event_footstepwalkrun1,character,1,2,auto,0,,person:잉그리드,347,350,이벤트,이벤트
event_icedragonsaga1,event_footstepwalkrun1,keyword,4,1,auto,0,,concept:니케 concept:랩쳐 org:중앙_정부 place:방주,347,350,이벤트,이벤트
event_icedragonsaga1,event_romanticvalentine,character,1,2,auto,0,,person:트로니,347,355,이벤트,이벤트
event_icedragonsaga1,event_arcanearchive,keyword,1,2,auto,0,,concept:기억_소거,347,383,이벤트,이벤트
event_icedragonsaga1,event_ce006,character,1,2,auto,0,,person:일레그,347,387,이벤트,이벤트
char:183,ch35,character,1,2,auto,0,,person:맥스웰,348,358,호감도,메인
char:182,ch35,character,1,2,auto,0,,person:라플라스,349,358,호감도,메인
char:182,fl:absolute,character,1,2,auto,0,,person:베스티,349,400,호감도,이벤트
event_footstepwalkrun1,char:16,character,2,1,auto,0,,person:라피 person:아니스,350,352,이벤트,호감도
event_footstepwalkrun1,event_wisdomspring,keyword,3,1,auto,0,,concept:니케 place:방주 place:지상,350,353,이벤트,이벤트
event_footstepwalkrun1,ch35,callback,1,2,record,0,E585,,350,358,이벤트,메인
event_footstepwalkrun1,ch35,character,1,2,auto,0,,person:잉그리드,350,358,이벤트,메인
event_footstepwalkrun1,ch35,keyword,3,2,auto,0,,concept:랩쳐 org:앱솔루트 org:엘리시온,350,358,이벤트,메인
event_footstepwalkrun1,event_foolburstday,keyword,1,1,auto,0,,org:중앙_정부,350,369,이벤트,이벤트
event_footstepwalkrun1,event_arcanearchive,keyword,1,2,auto,0,,org:갓데스,350,383,이벤트,이벤트
event_footstepwalkrun1,event_ce006,keyword,1,2,auto,0,,concept:양산형_니케,350,387,이벤트,이벤트
event_footstepwalkrun1,fl:boom_the_ghost,character,1,2,auto,0,,person:레드_후드,350,393,이벤트,이벤트
event_footstepwalkrun1,ch39,setup_payoff,2,3,record,0,E569 Q223-2,,350,396,이벤트,메인
event_footstepwalkrun1,ch39,callback,1,3,record,0,E808,,350,396,이벤트,메인
event_footstepwalkrun1,ch39,character,2,2,auto,0,,person:D.E.E.P. person:프리티,350,396,이벤트,메인
event_footstepwalkrun1,ch40,setup_payoff,1,2,record,0,E569,,350,398,이벤트,메인
event_footstepwalkrun1,ch40,callback,1,3,record,0,E824,,350,398,이벤트,메인
event_footstepwalkrun1,fl:absolute,keyword,1,2,auto,0,,concept:에블라_입자,350,400,이벤트,이벤트
event_footstepwalkrun1,char:95,keyword,1,2,auto,0,,concept:NIMPH,350,402,이벤트,호감도
event_footstepwalkrun1,fl:coins_in_rush,keyword,1,2,auto,0,,org:테트라,350,404,이벤트,이벤트
event_footstepwalkrun1,ch41,setup_payoff,1,2,record,0,E568,,350,414,이벤트,메인
event_footstepwalkrun1,ch42,setup_payoff,1,2,record,0,E573,,350,416,이벤트,메인
event_footstepwalkrun1,ch42,callback,1,3,record,0,E919,,350,416,이벤트,메인
event_footstepwalkrun1,erelic:goddess_fall_mini,keyword,2,2,auto,0,,concept:지상_탈환 incident:2차_지상_탈환전,350,419,이벤트,유실물
event_footstepwalkrun1,fl:ark_guardian,keyword,1,2,auto,0,,concept:침식,350,428,이벤트,이벤트
event_footstepwalkrun1,side:pretty_star,callback,1,3,record,0,F1748-2,,350,447,이벤트,사이드
event_footstepwalkrun1,ch45,callback,2,3,record,0,E1093 F1755-2,,350,450,이벤트,메인
event_footstepwalkrun1,ch45,keyword,1,2,auto,0,,item:초거대_코어,350,450,이벤트,메인
event_footstepwalkrun1,relic:신에게닿기위한탑,keyword,1,2,auto,0,,place:궤도_엘리베이터,350,451,이벤트,유실물
event_footstepwalkrun1,ch46,callback,1,3,record,0,F1755-3,,350,452,이벤트,메인
event_footstepwalkrun1,event_staranis1,setup_payoff,1,3,record,0,E576,,350,454,이벤트,이벤트
event_footstepwalkrun1,fl:project_matis,character,1,2,auto,0,,person:샛별,350,467,이벤트,이벤트
event_outofuniform,fl:2x2_love_2ch,character,2,2,auto,0,,person:아인 person:츠바이,351,445,이벤트,이벤트
event_outofuniform,fl:b-side_idol,keyword,1,2,auto,0,,place:전초기지,351,458,이벤트,이벤트
event_outofuniform,fl:wave_to_you,character,1,2,auto,0,,person:나가,351,464,이벤트,이벤트
char:16,ch35,character,2,1,auto,0,,person:라피 person:아니스,352,358,호감도,메인
event_wisdomspring,char:290,character,2,2,auto,0,,person:마나 person:에테르,353,354,이벤트,호감도
event_wisdomspring,char:290,keyword,2,2,auto,0,,concept:니케 org:M.M.R.,353,354,이벤트,호감도
event_wisdomspring,event_romanticvalentine,keyword,2,1,auto,0,,place:방주 place:지상,353,355,이벤트,이벤트
event_wisdomspring,event_unbreakablesphere1,character,1,2,auto,0,,person:지엔,353,377,이벤트,이벤트
event_wisdomspring,ch39,callback,1,3,record,0,F1772-2,,353,396,이벤트,메인
event_wisdomspring,ch40,setup_payoff,2,3,record,0,E582 Q225-2,,353,398,이벤트,메인
event_wisdomspring,ch41,setup_payoff,2,3,record,0,E581 Q226-2,,353,414,이벤트,메인
event_wisdomspring,ch43,setup_payoff,1,2,record,0,E581,,353,434,이벤트,메인
event_wisdomspring,fl:2x2_love_1ch,callback,3,3,record,0,E1486 E1487 E1500,,353,444,이벤트,이벤트
event_wisdomspring,fl:2x2_love_2ch,callback,1,2,record,0,E1511,,353,445,이벤트,이벤트
event_wisdomspring,fl:good_world,setup_payoff,2,3,record,0,E582 Q225-3,,353,448,이벤트,이벤트
event_wisdomspring,fl:good_world,callback,3,3,record,0,E1069 E1074 E1075,,353,448,이벤트,이벤트
event_wisdomspring,fl:good_world,keyword,1,2,auto,0,,concept:PROJECT_A.D.,353,448,이벤트,이벤트
event_wisdomspring,ch45,setup_payoff,1,2,record,0,E583,,353,450,이벤트,메인
event_wisdomspring,ch48,callback,1,3,record,0,E1240,,353,472,이벤트,메인
char:290,event_romanticvalentine,keyword,1,1,auto,0,,concept:니케,354,355,호감도,이벤트
char:290,ch35,character,1,2,auto,0,,person:슈엔,354,358,호감도,메인
char:290,fl:for_rest,character,1,2,auto,0,,person:마나,354,365,호감도,이벤트
char:290,ch41,character,1,2,auto,0,,person:에테르,354,414,호감도,메인
char:290,ch41,keyword,1,2,auto,0,,org:M.M.R.,354,414,호감도,메인
event_romanticvalentine,char:354,character,1,2,auto,0,,person:마스트,355,356,이벤트,호감도
event_romanticvalentine,char:355,character,1,2,auto,0,,person:신,355,357,이벤트,호감도
event_romanticvalentine,ch35,character,1,2,auto,0,,person:머스탱,355,358,이벤트,메인
event_romanticvalentine,ch35,keyword,3,1,auto,0,,concept:니케 place:방주 place:지상,355,358,이벤트,메인
event_romanticvalentine,char:835,character,1,2,auto,0,,person:트로니,355,363,이벤트,호감도
event_romanticvalentine,ch37,keyword,1,2,auto,0,,place:어드마이어_호,355,373,이벤트,메인
event_romanticvalentine,fl:lie_cause_recoil,callback,1,3,record,0,E1471,,355,438,이벤트,이벤트
char:354,char:355,character,1,2,auto,0,,person:마스트,356,357,호감도,호감도
char:355,char:315,character,1,2,auto,0,,person:코코아,357,405,호감도,호감도
char:355,fl:lie_cause_recoil,character,1,2,auto,0,,person:마스트,357,438,호감도,이벤트
char:355,char:405,character,1,2,auto,0,,person:신,357,481,호감도,호감도
ch35,relic:알관련전달사항,setup_payoff,1,3,record,0,Q229-2,,358,359,메인,유실물
ch35,relic:알관련전달사항,keyword,2,2,auto,0,,concept:다크_매터 org:포비스트,358,359,메인,유실물
ch35,ch36,sequel,1,3,auto,0,,,358,360,메인,메인
ch35,ch36,setup_payoff,3,3,record,0,E603 E612 Q229-3,,358,360,메인,메인
ch35,ch36,character,10,2,auto,0,,person:그레이브 person:네온 person:라플라스 person:라피 person:레비아탄 person:베히모스 person:세이렌 person:슈엔 person:신데렐라 person:아니스,358,360,메인,메인
ch35,ch36,keyword,6,2,auto,0,,concept:니케 concept:랩쳐 concept:헬레틱 org:메티스 org:카운터스 place:방주,358,360,메인,메인
ch35,fl:for_rest,keyword,1,1,auto,0,,place:지상,358,365,메인,이벤트
ch35,event_newflavor,character,1,2,auto,0,,person:엔더슨,358,367,메인,이벤트
ch35,side:mudfish,callback,1,3,record,0,E640,,358,370,메인,사이드
ch35,side:mudfish,character,1,2,auto,0,,person:미하라,358,370,메인,사이드
ch35,ch37,setup_payoff,1,2,record,0,E611,,358,373,메인,메인
ch35,ch37,character,2,2,auto,0,,person:맥스웰 person:잉그리드,358,373,메인,메인
ch35,ch37,keyword,2,2,auto,0,,org:미실리스 org:엘리시온,358,373,메인,메인
ch35,event_unbreakablesphere1,keyword,1,2,auto,0,,concept:콜링_시그널,358,377,메인,이벤트
ch35,ch39,character,2,2,auto,0,,person:머스탱 person:에닉,358,396,메인,메인
ch35,ch39,keyword,1,2,auto,0,,concept:언체인드,358,396,메인,메인
ch35,fl:absolute,keyword,1,2,auto,0,,org:앱솔루트,358,400,메인,이벤트
ch35,fl:coins_in_rush,callback,1,3,record,0,E854,,358,404,메인,이벤트
ch35,event_goddessfall1,callback,1,3,record,0,E940,,358,418,메인,이벤트
ch35,fl:ark_guardian,setup_payoff,1,2,record,0,E588,,358,428,메인,이벤트
ch35,ch44,setup_payoff,1,3,record,0,E586,,358,436,메인,메인
ch35,ch44,callback,1,2,record,0,E1019,,358,436,메인,메인
ch35,fl:enter_heaven,setup_payoff,1,2,record,0,E602,,358,442,메인,이벤트
ch35,fl:ark_ranger,keyword,1,2,auto,0,,item:세븐스_드워프,358,462,메인,이벤트
ch35,fl:project_matis,setup_payoff,1,2,record,0,E613,,358,467,메인,이벤트
ch35,fl:project_matis,callback,2,2,record,0,E1189 E1201,,358,467,메인,이벤트
relic:알관련전달사항,ch36,setup_payoff,1,3,record,0,Q231-2,,359,360,유실물,메인
relic:알관련전달사항,ch36,keyword,2,2,auto,0,,concept:다크_매터 org:포비스트,359,360,유실물,메인
relic:알관련전달사항,ch37,setup_payoff,1,3,record,0,E617,,359,373,유실물,메인
relic:알관련전달사항,ch38,setup_payoff,2,2,record,0,E616 Q231-3,,359,375,유실물,메인
ch36,relic:할일목록,character,2,2,auto,0,,person:레비아탄 person:베히모스,360,361,메인,유실물
ch36,char:836,keyword,1,1,auto,0,,concept:니케,360,362,메인,호감도
ch36,char:835,keyword,1,1,auto,0,,place:방주,360,363,메인,호감도
ch36,fl:for_rest,character,1,2,auto,0,,person:슈엔,360,365,메인,이벤트
ch36,side:mudfish,setup_payoff,2,3,record,0,E625 Q232-2,,360,370,메인,사이드
ch36,side:mudfish,callback,1,3,record,0,F1815-2,,360,370,메인,사이드
ch36,side:mudfish,character,2,2,auto,0,,person:그레이브 person:세이렌,360,370,메인,사이드
ch36,side:mudfish,keyword,3,2,auto,0,,concept:다크_매터 concept:랩쳐 concept:헬레틱,360,370,메인,사이드
ch36,ch37,sequel,1,3,auto,0,,,360,373,메인,메인
ch36,ch37,setup_payoff,1,3,record,0,E626,,360,373,메인,메인
ch36,ch37,callback,1,3,record,0,E646,,360,373,메인,메인
ch36,ch37,reversal,1,3,record,0,F1808-2,,360,373,메인,메인
ch36,ch37,character,6,2,auto,0,,person:도로시 person:드레이크 person:라피 person:아니스 person:아비스타 person:아이리,360,373,메인,메인
ch36,ch37,keyword,3,2,auto,0,,org:메티스 org:오버시어 org:포비스트,360,373,메인,메인
ch36,ch38,callback,2,3,record,0,E661 E669,,360,375,메인,메인
ch36,ch38,character,2,2,auto,0,,person:네온 person:라플라스,360,375,메인,메인
ch36,ch38,keyword,1,2,auto,0,,org:T.T.STAR,360,375,메인,메인
ch36,event_unbreakablesphere1,callback,3,3,record,0,E690 E694 F1814-2,,360,377,메인,이벤트
ch36,event_unbreakablesphere1,character,1,2,auto,0,,person:신데렐라,360,377,메인,이벤트
ch36,erelic:unbreakable_sphere_dialog,callback,1,2,record,0,E710,,360,378,메인,유실물
ch36,erelic:unbreakable_sphere_lost,callback,1,2,record,0,F1816-2,,360,379,메인,유실물
ch36,event_arcanearchive,keyword,1,2,auto,0,,org:카운터스,360,383,메인,이벤트
ch36,fl:absolute,character,1,2,auto,0,,person:인디빌리아,360,400,메인,이벤트
ch36,ch42,setup_payoff,1,3,record,0,E618,,360,416,메인,메인
ch36,ch42,callback,1,3,record,0,E917,,360,416,메인,메인
ch36,ch46,setup_payoff,1,2,record,0,E621,,360,452,메인,메인
ch36,event_staranis1,setup_payoff,1,3,record,0,E630,,360,454,메인,이벤트
ch36,fl:bitter_spice,callback,1,2,record,0,E1534,,360,460,메인,이벤트
relic:할일목록,side:mudfish,character,1,2,auto,0,,person:레비아탄,361,370,유실물,사이드
relic:할일목록,ch37,setup_payoff,1,3,record,0,E633,,361,373,유실물,메인
relic:할일목록,ch37,character,2,2,auto,0,,person:베히모스 person:지즈,361,373,유실물,메인
relic:할일목록,ch38,setup_payoff,1,2,record,0,E632,,361,375,유실물,메인
char:836,fl:for_rest,keyword,1,1,auto,0,,concept:니케,362,365,호감도,이벤트
char:836,fl:terminus_ticket,character,1,2,auto,0,,person:메어리,362,425,호감도,이벤트
char:835,fl:for_rest,keyword,1,1,auto,0,,place:방주,363,365,호감도,이벤트
char:835,char:862,character,1,2,auto,0,,person:트로니,363,440,호감도,호감도
char:834,fl:for_rest,character,1,2,auto,0,,person:플로라,364,365,호감도,이벤트
fl:for_rest,char:412,character,2,2,auto,0,,person:트리나 person:플로라,365,366,이벤트,호감도
fl:for_rest,event_newflavor,keyword,3,1,auto,0,,concept:니케 place:방주 place:지상,365,367,이벤트,이벤트
fl:for_rest,ch37,character,1,2,auto,0,,person:슈엔,365,373,이벤트,메인
fl:for_rest,event_unbreakablesphere1,character,1,2,auto,0,,person:마나,365,377,이벤트,이벤트
fl:for_rest,event_ce006,keyword,1,2,auto,0,,item:이터널_라이프,365,387,이벤트,이벤트
char:412,fl:reborn_evil,character,1,2,auto,0,,person:폴리,366,407,호감도,이벤트
char:412,char:841,character,1,2,auto,0,,person:미란다,366,410,호감도,호감도
event_newflavor,char:520,character,2,2,auto,0,,person:브래디 person:크러스트,367,368,이벤트,호감도
event_newflavor,event_foolburstday,keyword,2,1,auto,0,,place:방주 place:지상,367,369,이벤트,이벤트
event_newflavor,side:mudfish,keyword,1,1,auto,0,,concept:니케,367,370,이벤트,사이드
event_newflavor,event_trueflavor,sequel,1,3,manual,0,Y40,,367,371,이벤트,이벤트
event_newflavor,event_trueflavor,setup_payoff,1,3,record,0,E639,,367,371,이벤트,이벤트
event_newflavor,event_trueflavor,keyword,1,2,auto,0,,org:쿠킹오일,367,371,이벤트,이벤트
event_newflavor,char:521,keyword,1,2,auto,0,,concept:퍼펙트,367,372,이벤트,호감도
event_newflavor,fl:reborn_evil,character,1,2,auto,0,,person:엔더슨,367,407,이벤트,이벤트
event_newflavor,fl:sin_editor,callback,1,2,record,0,E999,,367,430,이벤트,이벤트
event_newflavor,fl:2x2_love_2ch,callback,1,3,record,0,E1508,,367,445,이벤트,이벤트
char:520,event_trueflavor,character,2,2,auto,0,,person:브래디 person:크러스트,368,371,호감도,이벤트
event_foolburstday,side:mudfish,keyword,1,1,auto,0,,place:지상,369,370,이벤트,사이드
event_foolburstday,ch37,keyword,1,1,auto,0,,place:방주,369,373,이벤트,메인
event_foolburstday,event_unbreakablesphere1,character,1,2,auto,0,,person:시프티,369,377,이벤트,이벤트
event_foolburstday,event_unbreakablesphere1,keyword,1,1,auto,0,,org:중앙_정부,369,377,이벤트,이벤트
side:mudfish,char:521,keyword,1,1,auto,0,,place:지상,370,372,사이드,호감도
side:mudfish,ch37,setup_payoff,1,2,record,0,E643,,370,373,사이드,메인
side:mudfish,ch37,character,1,2,auto,0,,person:레비아탄,370,373,사이드,메인
side:mudfish,ch37,keyword,3,2,auto,0,,concept:다크_매터 concept:랩쳐 concept:헬레틱,370,373,사이드,메인
side:mudfish,ch38,setup_payoff,1,2,record,0,E644,,370,375,사이드,메인
side:mudfish,ch38,callback,3,3,record,0,E672 E673 E674,,370,375,사이드,메인
side:mudfish,ch38,character,2,2,auto,0,,person:글러트니 person:세이렌,370,375,사이드,메인
side:mudfish,ch38,keyword,1,1,auto,0,,concept:니케,370,375,사이드,메인
side:mudfish,event_unbreakablesphere1,sequel,1,2,manual,0,Y41,,370,377,사이드,이벤트
side:mudfish,event_unbreakablesphere1,setup_payoff,3,3,record,0,E645 Q236-2 Q237-2,,370,377,사이드,이벤트
side:mudfish,event_unbreakablesphere1,callback,3,3,record,0,E688 E693 E707,,370,377,사이드,이벤트
side:mudfish,event_unbreakablesphere1,character,4,2,auto,0,,person:그레이브 person:리틀_머메이드 person:미하라 person:유니,370,377,사이드,이벤트
side:mudfish,erelic:unbreakable_sphere_dialog,callback,1,3,record,0,E711,,370,378,사이드,유실물
side:mudfish,erelic:unbreakable_sphere_dialog,character,1,2,auto,0,,person:레비,370,378,사이드,유실물
side:mudfish,ch42,callback,1,3,record,0,E910,,370,416,사이드,메인
event_trueflavor,char:521,character,2,2,auto,0,,person:브래디 person:크러스트,371,372,이벤트,호감도
event_trueflavor,char:521,keyword,1,2,auto,0,,org:쿠킹오일,371,372,이벤트,호감도
char:521,ch37,keyword,1,1,auto,0,,place:지상,372,373,호감도,메인
char:521,erelic:goddess_fall_mini,keyword,1,2,auto,0,,concept:퍼펙트,372,419,호감도,유실물
char:521,fl:2x2_love_2ch,character,1,2,auto,0,,person:크러스트,372,445,호감도,이벤트
ch37,ch38,sequel,1,3,auto,0,,,373,375,메인,메인
ch37,ch38,setup_payoff,2,3,record,0,E652 Q238-2,,373,375,메인,메인
ch37,ch38,callback,4,3,record,0,E660 E663 F1864-2 F1867-2,,373,375,메인,메인
ch37,ch38,character,8,2,auto,0,,person:드레이크 person:라피 person:레비아탄 person:맥스웰 person:베히모스 person:아니스 person:지즈 person:헬름,373,375,메인,메인
ch37,ch38,keyword,9,2,auto,0,,concept:다크_매터 concept:랩쳐 concept:타일런트_급 concept:헬레틱 org:메티스 org:이지스 org:포비스트 place:방주 place:어드마이어_호,373,375,메인,메인
ch37,event_unbreakablesphere1,character,1,2,auto,0,,person:슈엔,373,377,메인,이벤트
ch37,event_unbreakablesphere1,keyword,2,2,auto,0,,org:미실리스 place:지상,373,377,메인,이벤트
ch37,event_arcanearchive,character,1,2,auto,0,,person:잉그리드,373,383,메인,이벤트
ch37,event_arcanearchive,keyword,1,2,auto,0,,org:엘리시온,373,383,메인,이벤트
ch37,fl:boom_the_ghost,setup_payoff,1,2,record,0,E648,,373,393,메인,이벤트
ch37,fl:boom_the_ghost,character,1,2,auto,0,,person:도로시,373,393,메인,이벤트
ch37,ch39,callback,1,3,record,0,E811,,373,396,메인,메인
ch37,ch39,character,1,2,auto,0,,person:아비스타,373,396,메인,메인
ch37,ch40,setup_payoff,1,3,record,0,E654,,373,398,메인,메인
ch37,ch40,keyword,1,2,auto,0,,place:에덴,373,398,메인,메인
ch37,ch41,callback,1,3,record,0,E892,,373,414,메인,메인
ch37,ch42,callback,1,3,record,0,E912,,373,416,메인,메인
ch37,ch44,callback,1,3,record,0,E1038,,373,436,메인,메인
ch37,ch44,character,1,2,auto,0,,person:아이리,373,436,메인,메인
ch37,ch45,setup_payoff,1,3,record,0,E650,,373,450,메인,메인
ch37,event_staranis1,setup_payoff,1,2,record,0,E649,,373,454,메인,이벤트
ch37,char:441,keyword,1,2,auto,0,,org:오버시어,373,456,메인,호감도
relic:주워갈것들메모,ch38,setup_payoff,2,3,record,0,E656 Q239-2,,374,375,유실물,메인
relic:주워갈것들메모,ch42,setup_payoff,1,3,record,0,E656,,374,416,유실물,메인
ch38,relic:은색액체,callback,1,3,record,0,E676,,375,376,메인,유실물
ch38,relic:은색액체,character,1,2,auto,0,,person:레비아탄,375,376,메인,유실물
ch38,relic:은색액체,keyword,3,2,auto,0,,concept:다크_매터 concept:은색_액체 org:포비스트,375,376,메인,유실물
ch38,event_unbreakablesphere1,character,2,2,auto,0,,person:글러트니 person:세이렌,375,377,메인,이벤트
ch38,event_unbreakablesphere1,keyword,3,1,auto,0,,concept:니케 concept:랩쳐 place:방주,375,377,메인,이벤트
ch38,char:590,character,2,1,auto,0,,person:라피 person:아니스,375,381,메인,호감도
ch38,event_lordforjustice,keyword,1,2,auto,0,,place:아우터_림,375,385,메인,이벤트
ch38,ch39,sequel,1,3,auto,0,,,375,396,메인,메인
ch38,ch39,setup_payoff,2,3,record,0,E667 Q241-2,,375,396,메인,메인
ch38,ch39,callback,1,3,record,0,E796,,375,396,메인,메인
ch38,ch39,character,2,2,auto,0,,person:네온 person:지즈,375,396,메인,메인
ch38,ch39,keyword,3,2,auto,0,,concept:헬레틱 org:T.T.STAR org:메티스,375,396,메인,메인
ch38,ch40,setup_payoff,1,3,record,0,E657,,375,398,메인,메인
ch38,ch40,character,2,2,auto,0,,person:베히모스 person:프리카,375,398,메인,메인
ch38,fl:absolute,keyword,1,2,auto,0,,concept:타일런트_급,375,400,메인,이벤트
ch38,ch41,setup_payoff,1,2,record,0,E671,,375,414,메인,메인
ch38,ch41,character,2,2,auto,0,,person:맥스웰 person:민트,375,414,메인,메인
ch38,ch42,setup_payoff,1,3,record,0,Q240-2,,375,416,메인,메인
ch38,ch42,character,2,2,auto,0,,person:드레이크 person:라플라스,375,416,메인,메인
ch38,ch46,setup_payoff,1,2,record,0,E662,,375,452,메인,메인
ch38,event_staranis1,setup_payoff,3,2,record,0,E664 E665 E666,,375,454,메인,이벤트
ch38,fl:b-side_idol,callback,1,2,record,0,E1529,,375,458,메인,이벤트
ch38,fl:bitter_spice,callback,1,2,record,0,E1539,,375,460,메인,이벤트
ch38,fl:great_villain_union,callback,1,3,record,0,E1591,,375,478,메인,이벤트
relic:은색액체,event_unbreakablesphere1,character,1,2,auto,0,,person:레비아탄,376,377,유실물,이벤트
relic:은색액체,event_unbreakablesphere1,keyword,1,2,auto,0,,concept:은색_액체,376,377,유실물,이벤트
relic:은색액체,ch40,keyword,2,2,auto,0,,concept:다크_매터 org:포비스트,376,398,유실물,메인
event_unbreakablesphere1,erelic:unbreakable_sphere_dialog,sequel,1,3,auto,0,,,377,378,이벤트,유실물
event_unbreakablesphere1,erelic:unbreakable_sphere_dialog,setup_payoff,1,2,record,0,E686,,377,378,이벤트,유실물
event_unbreakablesphere1,erelic:unbreakable_sphere_dialog,character,9,2,auto,0,,person:그레이브 person:그레텔 person:리틀_머메이드 person:모리 person:미하라 person:세이렌 person:신데렐라 person:에이브 person:헨젤,377,378,이벤트,유실물
event_unbreakablesphere1,erelic:unbreakable_sphere_lost,sequel,1,3,auto,0,,,377,379,이벤트,유실물
event_unbreakablesphere1,erelic:unbreakable_sphere_lost,setup_payoff,1,3,record,0,E708,,377,379,이벤트,유실물
event_unbreakablesphere1,char:513,keyword,1,1,auto,0,,concept:랩쳐,377,380,이벤트,호감도
event_unbreakablesphere1,char:590,callback,1,2,record,0,E1617,,377,381,이벤트,호감도
event_unbreakablesphere1,char:590,keyword,3,2,auto,0,,concept:니케 org:인큐베이터 place:지상,377,381,이벤트,호감도
event_unbreakablesphere1,char:162,callback,1,2,record,0,E1434,,377,382,이벤트,호감도
event_unbreakablesphere1,char:162,character,1,2,auto,0,,person:유니,377,382,이벤트,호감도
event_unbreakablesphere1,event_arcanearchive,keyword,1,1,auto,0,,place:방주,377,383,이벤트,이벤트
event_unbreakablesphere1,event_ce006,keyword,1,1,auto,0,,org:중앙_정부,377,387,이벤트,이벤트
event_unbreakablesphere1,ch39,character,1,2,auto,0,,person:레비아탄,377,396,이벤트,메인
event_unbreakablesphere1,fl:absolute,keyword,1,2,auto,0,,place:수정_지역,377,400,이벤트,이벤트
event_unbreakablesphere1,fl:reborn_evil,character,1,2,auto,0,,person:마나,377,407,이벤트,이벤트
event_unbreakablesphere1,ch41,character,1,2,auto,0,,person:지엔,377,414,이벤트,메인
event_unbreakablesphere1,ch41,keyword,1,2,auto,0,,concept:E2_크리스탈,377,414,이벤트,메인
event_unbreakablesphere1,ch42,callback,1,3,record,0,E927,,377,416,이벤트,메인
event_unbreakablesphere1,ch42,character,1,2,auto,0,,person:글러트니,377,416,이벤트,메인
event_unbreakablesphere1,fl:2x2_love_2ch,keyword,1,2,auto,0,,org:미실리스,377,445,이벤트,이벤트
event_unbreakablesphere1,fl:wave_to_you,callback,1,3,record,0,E1555,,377,464,이벤트,이벤트
event_unbreakablesphere1,fl:project_matis,character,1,2,auto,0,,person:슈엔,377,467,이벤트,이벤트
erelic:unbreakable_sphere_dialog,erelic:unbreakable_sphere_lost,character,1,2,auto,0,,person:세이렌,378,379,유실물,유실물
erelic:unbreakable_sphere_dialog,char:513,callback,1,3,record,0,E1430,,378,380,유실물,호감도
erelic:unbreakable_sphere_dialog,char:513,character,6,2,auto,0,,person:그레이브 person:그레텔 person:리틀_머메이드 person:신데렐라 person:에이브 person:헨젤,378,380,유실물,호감도
erelic:unbreakable_sphere_dialog,char:590,character,1,2,auto,0,,person:모리,378,381,유실물,호감도
erelic:unbreakable_sphere_dialog,char:162,character,1,2,auto,0,,person:미하라,378,382,유실물,호감도
erelic:unbreakable_sphere_dialog,fl:wave_to_you,callback,1,3,record,0,E1558,,378,464,유실물,이벤트
erelic:unbreakable_sphere_lost,char:513,character,1,2,auto,0,,person:세이렌,379,380,유실물,호감도
erelic:unbreakable_sphere_lost,side:eden_spear,setup_payoff,1,3,record,0,Q244-2,,379,411,유실물,사이드
char:513,char:162,character,1,2,auto,0,,person:리틀_머메이드,380,382,호감도,호감도
char:513,event_lordforjustice,keyword,1,1,auto,0,,concept:랩쳐,380,385,호감도,이벤트
char:513,ch42,character,5,2,auto,0,,person:그레이브 person:그레텔 person:세이렌 person:신데렐라 person:헨젤,380,416,호감도,메인
char:513,fl:ark_guardian,character,2,2,auto,0,,person:레드_슈즈 person:에이브,380,428,호감도,이벤트
char:590,event_arcanearchive,keyword,1,1,auto,0,,concept:니케,381,383,호감도,이벤트
char:590,char:581,keyword,1,1,auto,0,,place:지상,381,384,호감도,호감도
char:590,event_ce006,character,2,1,auto,0,,person:라피 person:아니스,381,387,호감도,이벤트
char:590,ch42,character,1,2,auto,0,,person:모리,381,416,호감도,메인
char:162,ch42,character,1,2,auto,0,,person:리틀_머메이드,382,416,호감도,메인
event_arcanearchive,char:581,character,1,2,auto,0,,person:아르카나,383,384,이벤트,호감도
event_arcanearchive,event_lordforjustice,setup_payoff,4,2,record,0,E718 E721 E723 E727,,383,385,이벤트,이벤트
event_arcanearchive,event_lordforjustice,callback,2,3,record,0,E734 E739,,383,385,이벤트,이벤트
event_arcanearchive,event_lordforjustice,character,2,2,auto,0,,person:D person:K,383,385,이벤트,이벤트
event_arcanearchive,event_lordforjustice,keyword,4,2,auto,0,,concept:니케 org:저지스 place:금서고 place:방주,383,385,이벤트,이벤트
event_arcanearchive,event_ce006,keyword,1,2,auto,0,,org:카운터스,383,387,이벤트,이벤트
event_arcanearchive,fl:absolute,callback,1,2,record,0,E852,,383,400,이벤트,이벤트
event_arcanearchive,fl:absolute,character,1,2,auto,0,,person:잉그리드,383,400,이벤트,이벤트
event_arcanearchive,fl:go_ninja_thief,setup_payoff,1,3,record,0,E729,,383,412,이벤트,이벤트
event_arcanearchive,fl:go_ninja_thief,character,1,2,auto,0,,person:팬텀,383,412,이벤트,이벤트
event_arcanearchive,erelic:goddess_fall_mini,keyword,1,2,auto,0,,org:갓데스,383,419,이벤트,유실물
event_arcanearchive,fl:ark_guardian,setup_payoff,1,2,record,0,Q248-2,,383,428,이벤트,이벤트
event_arcanearchive,fl:ark_guardian,character,1,2,auto,0,,person:오스왈드,383,428,이벤트,이벤트
event_arcanearchive,fl:ark_guardian,keyword,1,2,auto,0,,incident:아크_가디언_작전,383,428,이벤트,이벤트
event_arcanearchive,fl:sin_editor,setup_payoff,1,2,record,0,E722,,383,430,이벤트,이벤트
event_arcanearchive,fl:sin_editor,keyword,2,2,auto,0,,concept:기억_소거 org:베스트셀러,383,430,이벤트,이벤트
event_arcanearchive,ch43,keyword,1,2,auto,0,,org:엘리시온,383,434,이벤트,메인
event_arcanearchive,fl:2x2_love_1ch,callback,3,3,record,0,E1487 E1490 E1504,,383,444,이벤트,이벤트
event_arcanearchive,fl:2x2_love_2ch,callback,4,3,record,0,E1509 E1515 E1519,,383,445,이벤트,이벤트
event_arcanearchive,side:pretty_star,setup_payoff,2,2,record,0,E724 Q247-2,,383,447,이벤트,사이드
event_arcanearchive,side:pretty_star,callback,1,3,record,0,E1065,,383,447,이벤트,사이드
event_arcanearchive,ch46,setup_payoff,2,3,record,0,E725 Q248-3,,383,452,이벤트,메인
event_arcanearchive,char:870,callback,1,2,record,0,E1634,,383,476,이벤트,호감도
char:581,event_lordforjustice,character,1,2,auto,0,,person:아르카나,384,385,호감도,이벤트
char:581,event_ce006,keyword,1,1,auto,0,,place:지상,384,387,호감도,이벤트
char:581,fl:2x2_love_1ch,callback,3,3,record,0,E1484 E1489 E1497,,384,444,호감도,이벤트
char:581,fl:2x2_love_2ch,callback,3,3,record,0,E1514 E1518 E1521,,384,445,호감도,이벤트
event_lordforjustice,char:41,character,1,2,auto,0,,person:K,385,386,이벤트,호감도
event_lordforjustice,event_ce006,keyword,3,1,auto,0,,concept:니케 concept:랩쳐 place:방주,385,387,이벤트,이벤트
event_lordforjustice,event_overthehorizon,keyword,1,2,auto,0,,place:아우터_림,385,391,이벤트,이벤트
event_lordforjustice,ch40,character,1,2,auto,0,,person:식스오,385,398,이벤트,메인
event_lordforjustice,ch40,keyword,1,2,auto,0,,concept:미스트,385,398,이벤트,메인
event_lordforjustice,fl:reborn_evil,sequel,1,2,manual,0,Y45,,385,407,이벤트,이벤트
event_lordforjustice,fl:reborn_evil,setup_payoff,2,3,record,0,E741 Q250-2,,385,407,이벤트,이벤트
event_lordforjustice,fl:reborn_evil,callback,1,2,record,0,E881,,385,407,이벤트,이벤트
event_lordforjustice,fl:reborn_evil,character,3,2,auto,0,,person:D person:X person:데이파라,385,407,이벤트,이벤트
event_lordforjustice,fl:sin_editor,character,1,2,auto,0,,person:아르카나,385,430,이벤트,이벤트
event_lordforjustice,ch44,setup_payoff,1,2,record,0,Q249-2,,385,436,이벤트,메인
event_lordforjustice,ch44,callback,1,3,record,0,E1031,,385,436,이벤트,메인
event_lordforjustice,ch44,character,1,2,auto,0,,person:목단,385,436,이벤트,메인
event_lordforjustice,ch44,keyword,2,2,auto,0,,org:모란회 org:저지스,385,436,이벤트,메인
event_lordforjustice,fl:2x2_love_1ch,keyword,1,2,auto,0,,place:금서고,385,444,이벤트,이벤트
event_lordforjustice,ch45,setup_payoff,1,2,record,0,E738,,385,450,이벤트,메인
char:41,fl:reborn_evil,character,1,2,auto,0,,person:K,386,407,호감도,이벤트
event_ce006,char:852,callback,1,3,record,0,F1979-2,,387,388,이벤트,호감도
event_ce006,char:852,character,3,2,auto,0,,person:릴리 person:아담 person:일레그,387,388,이벤트,호감도
event_ce006,char:852,keyword,1,1,auto,0,,concept:랩쳐,387,388,이벤트,호감도
event_ce006,char:850,character,3,2,auto,0,,person:라피 person:아니스 person:이브,387,389,이벤트,호감도
event_ce006,char:850,keyword,1,1,auto,0,,place:지상,387,389,이벤트,호감도
event_ce006,char:851,character,1,2,auto,0,,person:콤,387,390,이벤트,호감도
event_ce006,char:851,keyword,2,1,auto,0,,concept:니케 place:방주,387,390,이벤트,호감도
event_ce006,event_overthehorizon,keyword,1,1,auto,0,,org:중앙_정부,387,391,이벤트,이벤트
event_ce006,fl:boom_the_ghost,keyword,1,2,auto,0,,concept:양산형_니케,387,393,이벤트,이벤트
event_ce006,ch39,character,1,2,auto,0,,person:홍련,387,396,이벤트,메인
event_ce006,ch39,keyword,1,2,auto,0,,org:필그림,387,396,이벤트,메인
event_ce006,ch40,keyword,1,2,auto,0,,org:카운터스,387,398,이벤트,메인
event_ce006,fl:reborn_evil,keyword,2,2,auto,0,,concept:D-WAVE concept:게이트_키퍼,387,407,이벤트,이벤트
event_ce006,event_goddessfall1,character,2,2,auto,0,,person:라푼젤 person:스노우_화이트,387,418,이벤트,이벤트
event_ce006,fl:2x2_love_1ch,character,1,2,auto,0,,person:프리바티,387,444,이벤트,이벤트
event_ce006,fl:good_world,keyword,1,2,auto,0,,item:이터널_라이프,387,448,이벤트,이벤트
event_ce006,relic:궤도엘리베이터음모론,keyword,1,2,auto,0,,org:인류연합군,387,453,이벤트,유실물
char:852,char:850,keyword,1,1,auto,0,,concept:랩쳐,388,389,호감도,호감도
char:852,fl:boom_the_ghost,character,1,2,auto,0,,person:일레그,388,393,호감도,이벤트
char:850,char:851,keyword,1,1,auto,0,,place:지상,389,390,호감도,호감도
char:850,event_overthehorizon,keyword,1,1,auto,0,,concept:랩쳐,389,391,호감도,이벤트
char:850,fl:boom_the_ghost,character,1,1,auto,0,,person:라피,389,393,호감도,이벤트
char:850,ch39,character,1,1,auto,0,,person:아니스,389,396,호감도,메인
char:851,event_overthehorizon,keyword,2,1,auto,0,,place:방주 place:지상,390,391,호감도,이벤트
char:851,fl:boom_the_ghost,keyword,1,1,auto,0,,concept:니케,390,393,호감도,이벤트
event_overthehorizon,char:532,setup_payoff,3,3,record,0,E771 E773 E775,,391,392,이벤트,호감도
event_overthehorizon,char:532,character,1,2,auto,0,,person:소라,391,392,이벤트,호감도
event_overthehorizon,fl:boom_the_ghost,keyword,3,1,auto,0,,concept:랩쳐 place:방주 place:지상,391,393,이벤트,이벤트
event_overthehorizon,ch39,keyword,2,2,auto,0,,org:중앙_정부 place:아우터_림,391,396,이벤트,메인
event_overthehorizon,fl:ark_guardian,setup_payoff,2,3,record,0,E778 Q257-2,,391,428,이벤트,이벤트
event_overthehorizon,fl:ark_guardian,keyword,1,2,auto,0,,place:승리의_날개_호,391,428,이벤트,이벤트
event_overthehorizon,fl:sin_editor,keyword,1,2,auto,0,,org:자원_채집_부대,391,430,이벤트,이벤트
event_overthehorizon,fl:ark_ranger,setup_payoff,2,3,record,0,E776 E777,,391,462,이벤트,이벤트
event_overthehorizon,fl:ark_ranger,callback,2,3,record,0,E1182 F2017-2,,391,462,이벤트,이벤트
event_overthehorizon,ch47,callback,1,3,record,0,E1224,,391,470,이벤트,메인
event_overthehorizon,ch47,character,1,2,auto,0,,person:시엘로,391,470,이벤트,메인
event_overthehorizon,relic:승리를_부르는_그림자,setup_payoff,1,3,record,0,E778,,391,471,이벤트,유실물
char:532,fl:2x2_love_2ch,callback,1,3,record,0,E1510,,392,445,호감도,이벤트
char:532,fl:2x2_love_2ch,character,1,2,auto,0,,person:소라,392,445,호감도,이벤트
fl:boom_the_ghost,char:234,character,1,2,auto,0,,person:도로시,393,394,이벤트,호감도
fl:boom_the_ghost,char:502,character,1,2,auto,0,,person:일레그,393,395,이벤트,호감도
fl:boom_the_ghost,char:502,keyword,1,1,auto,0,,place:방주,393,395,이벤트,호감도
fl:boom_the_ghost,ch39,character,1,1,auto,0,,person:라피,393,396,이벤트,메인
fl:boom_the_ghost,ch39,keyword,3,1,auto,0,,concept:니케 concept:랩쳐 place:지상,393,396,이벤트,메인
fl:boom_the_ghost,fl:reborn_evil,keyword,1,2,auto,0,,concept:양산형_니케,393,407,이벤트,이벤트
fl:boom_the_ghost,fl:ark_guardian,character,1,2,auto,0,,person:레드_후드,393,428,이벤트,이벤트
fl:boom_the_ghost,ch44,character,1,2,auto,0,,person:도반,393,436,이벤트,메인
fl:boom_the_ghost,fl:lie_cause_recoil,character,1,2,auto,0,,person:프림,393,438,이벤트,이벤트
fl:boom_the_ghost,ch45,setup_payoff,1,2,record,0,E793,,393,450,이벤트,메인
fl:boom_the_ghost,ch45,callback,1,3,record,0,E1090,,393,450,이벤트,메인
fl:boom_the_ghost,ch46,setup_payoff,5,3,record,0,E782 E784 E794 E795 Q261-2,,393,452,이벤트,메인
fl:boom_the_ghost,ch46,callback,1,3,record,0,E1113,,393,452,이벤트,메인
fl:boom_the_ghost,ch46,character,1,2,auto,0,,person:피나,393,452,이벤트,메인
char:234,char:502,character,1,2,auto,0,,person:도로시,394,395,호감도,호감도
char:234,ch46,setup_payoff,1,2,record,0,E1618,,394,452,호감도,메인
char:502,ch39,keyword,1,1,auto,0,,place:방주,395,396,호감도,메인
char:502,side:eden_spear,character,1,2,auto,0,,person:도로시,395,411,호감도,사이드
char:502,ch45,character,1,2,auto,0,,person:일레그,395,450,호감도,메인
ch39,relic:정갈하게쓴기록,character,1,2,auto,0,,person:랩칠리언,396,397,메인,유실물
ch39,relic:정갈하게쓴기록,keyword,2,2,auto,0,,concept:랩쳐 concept:웨일리,396,397,메인,유실물
ch39,ch40,sequel,1,3,auto,0,,,396,398,메인,메인
ch39,ch40,setup_payoff,7,3,record,0,E798 E800 Q262-2 Q263-2 Q263-3 Q266-2 Q269-2,,396,398,메인,메인
ch39,ch40,callback,2,3,record,0,E819 F2058-2,,396,398,메인,메인
ch39,ch40,character,9,2,auto,0,,person:나유타 person:네온 person:노이즈 person:라이온 person:레비아탄 person:머스탱 person:아니스 person:지즈 person:프리티,396,398,메인,메인
ch39,ch40,keyword,9,2,auto,0,,concept:니케 concept:헬레틱 org:T.T.STAR org:이그조틱 org:중앙_정부 place:방주 place:배드_드림 place:아우터_림 place:지상,396,398,메인,메인
ch39,fl:absolute,character,1,1,auto,0,,person:라피,396,400,메인,이벤트
ch39,side:eden_spear,callback,1,3,record,0,F2055-2,,396,411,메인,사이드
ch39,side:eden_spear,keyword,2,2,auto,0,,concept:언체인드 org:파이오니아,396,411,메인,사이드
ch39,ch41,setup_payoff,2,3,record,0,E797 Q264-2,,396,414,메인,메인
ch39,ch41,callback,2,3,record,0,E895 E905,,396,414,메인,메인
ch39,ch41,character,3,2,auto,0,,person:D.E.E.P. person:E.H. person:에닉,396,414,메인,메인
ch39,ch42,setup_payoff,3,3,record,0,E807 E809 Q267-2,,396,416,메인,메인
ch39,ch42,callback,2,3,record,0,E918 E920,,396,416,메인,메인
ch39,ch42,character,4,2,auto,0,,person:바이퍼 person:아비스타 person:엔드리스 person:이터니티,396,416,메인,메인
ch39,ch42,keyword,1,2,auto,0,,org:메티스,396,416,메인,메인
ch39,event_goddessfall1,setup_payoff,1,3,record,0,Q268-2,,396,418,메인,이벤트
ch39,event_goddessfall1,character,1,2,auto,0,,person:홍련,396,418,메인,이벤트
ch39,event_goddessfall1,keyword,1,2,auto,0,,org:필그림,396,418,메인,이벤트
ch39,fl:ark_guardian,keyword,1,2,auto,0,,place:리페어_센터,396,428,메인,이벤트
ch39,ch43,setup_payoff,2,2,record,0,E805 Q264-3,,396,434,메인,메인
ch39,ch44,callback,1,3,record,0,E1026,,396,436,메인,메인
ch39,ch44,keyword,2,2,auto,0,,concept:특수_별동대 incident:3차_지상_탈환전,396,436,메인,메인
ch39,fl:enter_heaven,callback,1,3,record,0,F2059-2,,396,442,메인,이벤트
ch39,event_staranis1,setup_payoff,2,3,record,0,E810 Q269-3,,396,454,메인,이벤트
ch39,event_staranis1,callback,2,3,record,0,F2064-2 F2066-2,,396,454,메인,이벤트
relic:정갈하게쓴기록,ch40,setup_payoff,1,2,record,0,Q270-2,,397,398,유실물,메인
relic:정갈하게쓴기록,ch40,character,1,2,auto,0,,person:퀸,397,398,유실물,메인
relic:정갈하게쓴기록,ch40,keyword,2,2,auto,0,,concept:랩쳐 concept:웨일리,397,398,유실물,메인
relic:정갈하게쓴기록,relic:어떤소녀의그림일기,character,1,2,auto,0,,person:랩칠리언,397,399,유실물,유실물
relic:정갈하게쓴기록,ch42,setup_payoff,1,2,record,0,E813,,397,416,유실물,메인
ch40,relic:어떤소녀의그림일기,setup_payoff,1,2,record,0,E816,,398,399,메인,유실물
ch40,relic:어떤소녀의그림일기,callback,1,2,record,0,E829,,398,399,메인,유실물
ch40,relic:어떤소녀의그림일기,character,1,2,auto,0,,person:피노키오,398,399,메인,유실물
ch40,fl:absolute,character,1,2,auto,0,,person:베히모스,398,400,메인,이벤트
ch40,fl:absolute,keyword,5,2,auto,0,,concept:니케 concept:랩쳐 org:카운터스 place:방주 place:지상,398,400,메인,이벤트
ch40,fl:coins_in_rush,character,1,2,auto,0,,person:머스탱,398,404,메인,이벤트
ch40,fl:coins_in_rush,keyword,2,2,auto,0,,org:중앙_정부 place:아우터_림,398,404,메인,이벤트
ch40,side:eden_spear,setup_payoff,2,2,record,0,Q272-2 Q273-2,,398,411,메인,사이드
ch40,side:eden_spear,character,3,2,auto,0,,person:나유타 person:리버렐리오 person:퀸,398,411,메인,사이드
ch40,side:eden_spear,keyword,2,2,auto,0,,concept:헬레틱 place:에덴,398,411,메인,사이드
ch40,ch41,sequel,1,3,auto,0,,,398,414,메인,메인
ch40,ch41,setup_payoff,8,3,record,0,E820 E826 Q272-3 Q273-3 Q274-2 Q275-2 Q275-3 Q276-2,,398,414,메인,메인
ch40,ch41,callback,4,3,record,0,E893 E895 E896 E897,,398,414,메인,메인
ch40,ch41,character,9,2,auto,0,,person:네온 person:레비아탄 person:리버린 person:미세스_미스 person:식스오 person:아니스 person:지즈 person:프리카 person:프리티,398,414,메인,메인
ch40,ch41,keyword,6,2,auto,0,,concept:다크_매터 concept:미스트 concept:웨일리 concept:퀸_인자 org:T.T.STAR org:포비스트,398,414,메인,메인
ch40,ch42,setup_payoff,1,3,record,0,E827,,398,416,메인,메인
ch40,ch42,callback,1,3,record,0,E911,,398,416,메인,메인
ch40,ch42,keyword,1,2,auto,0,,org:이그조틱,398,416,메인,메인
ch40,event_goddessfall1,setup_payoff,1,2,record,0,E815,,398,418,메인,이벤트
ch40,event_goddessfall1,callback,1,3,record,0,E939,,398,418,메인,이벤트
ch40,ch43,setup_payoff,2,2,record,0,E825 Q275-4,,398,434,메인,메인
ch40,ch43,keyword,1,2,auto,0,,place:배드_드림,398,434,메인,메인
ch40,ch44,character,1,2,auto,0,,person:라이온,398,436,메인,메인
ch40,side:pretty_star,callback,3,3,record,0,E1060 E1064 F2091-2,,398,447,메인,사이드
ch40,ch45,callback,1,3,record,0,E1082,,398,450,메인,메인
ch40,event_staranis1,callback,1,3,record,0,E1163,,398,454,메인,이벤트
ch40,ch48,keyword,1,2,auto,0,,item:브레인_셸터,398,472,메인,메인
fl:absolute,char:93,character,1,2,auto,0,,person:엠마,400,401,이벤트,호감도
fl:absolute,char:95,character,2,2,auto,0,,person:은화 person:잉그리드,400,402,이벤트,호감도
fl:absolute,char:95,keyword,1,1,auto,0,,concept:랩쳐,400,402,이벤트,호감도
fl:absolute,char:94,character,1,2,auto,0,,person:베스티,400,403,이벤트,호감도
fl:absolute,fl:coins_in_rush,keyword,1,1,auto,0,,place:방주,400,404,이벤트,이벤트
fl:absolute,fl:reborn_evil,keyword,2,1,auto,0,,concept:니케 place:지상,400,407,이벤트,이벤트
fl:absolute,side:eden_spear,character,1,2,auto,0,,person:인디빌리아,400,411,이벤트,사이드
fl:absolute,fl:go_ninja_thief,character,1,2,auto,0,,person:델타,400,412,이벤트,이벤트
fl:absolute,ch41,character,2,2,auto,0,,person:라피 person:베히모스,400,414,이벤트,메인
fl:absolute,event_goddessfall1,keyword,1,2,auto,0,,concept:타일런트_급,400,418,이벤트,이벤트
fl:absolute,fl:good_world,keyword,1,2,auto,0,,org:카운터스,400,448,이벤트,이벤트
fl:absolute,fl:project_matis,keyword,1,2,auto,0,,concept:에블라_입자,400,467,이벤트,이벤트
char:95,char:143,keyword,1,1,auto,0,,concept:랩쳐,402,406,호감도,호감도
char:95,event_goddessfall1,keyword,1,2,auto,0,,concept:NIMPH,402,418,호감도,이벤트
char:95,fl:sin_editor,character,1,2,auto,0,,person:잉그리드,402,430,호감도,이벤트
char:95,fl:persona_on_frontline,character,1,2,auto,0,,person:은화,402,474,호감도,이벤트
fl:coins_in_rush,char:315,character,1,2,auto,0,,person:에이드,404,405,이벤트,호감도
fl:coins_in_rush,char:143,setup_payoff,1,2,record,0,E857,,404,406,이벤트,호감도
fl:coins_in_rush,char:143,character,1,2,auto,0,,person:밀크,404,406,이벤트,호감도
fl:coins_in_rush,char:143,keyword,1,2,auto,0,,place:코인_러시,404,406,이벤트,호감도
fl:coins_in_rush,fl:reborn_evil,keyword,3,2,auto,0,,org:중앙_정부 place:방주 place:아우터_림,404,407,이벤트,이벤트
fl:coins_in_rush,ch41,character,1,2,auto,0,,person:머스탱,404,414,이벤트,메인
fl:coins_in_rush,ch41,keyword,1,2,auto,0,,org:테트라,404,414,이벤트,메인
fl:coins_in_rush,fl:fatal_maid,sequel,1,2,manual,0,Y48,,404,432,이벤트,이벤트
fl:coins_in_rush,fl:fatal_maid,setup_payoff,3,3,record,0,E862 E867 Q280-2,,404,432,이벤트,이벤트
fl:coins_in_rush,fl:fatal_maid,callback,4,3,record,0,E1466 E1468 E1469,,404,432,이벤트,이벤트
fl:coins_in_rush,fl:fatal_maid,character,1,2,auto,0,,person:벨벳,404,432,이벤트,이벤트
fl:coins_in_rush,fl:fatal_maid,keyword,1,2,auto,0,,org:쉐이드,404,432,이벤트,이벤트
fl:coins_in_rush,char:862,character,1,2,auto,0,,person:엑시아,404,440,이벤트,호감도
fl:coins_in_rush,side:pretty_star,setup_payoff,2,3,record,0,E853 Q279-2,,404,447,이벤트,사이드
fl:coins_in_rush,event_staranis1,setup_payoff,2,3,record,0,E853 Q279-3,,404,454,이벤트,이벤트
fl:coins_in_rush,fl:persona_on_frontline,callback,3,3,record,0,E1562 E1565 E1566,,404,474,이벤트,이벤트
char:315,char:143,character,1,2,auto,0,,person:에이드,405,406,호감도,호감도
char:315,fl:fatal_maid,character,1,2,auto,0,,person:코코아,405,432,호감도,이벤트
char:315,fl:persona_on_frontline,callback,2,3,record,0,E1565 E1575,,405,474,호감도,이벤트
char:143,fl:reborn_evil,keyword,1,1,auto,0,,concept:랩쳐,406,407,호감도,이벤트
char:143,fl:fatal_maid,character,1,2,auto,0,,person:에이드,406,432,호감도,이벤트
char:143,fl:fatal_maid,keyword,1,2,auto,0,,place:코인_러시,406,432,호감도,이벤트
char:143,ch44,character,1,2,auto,0,,person:슈가,406,436,호감도,메인
char:143,fl:lie_cause_recoil,character,1,2,auto,0,,person:밀크,406,438,호감도,이벤트
fl:reborn_evil,char:840,callback,3,3,record,0,E1438 E1439 E1440,,407,408,이벤트,호감도
fl:reborn_evil,char:840,character,2,2,auto,0,,person:에이다 person:엘세리아_나인,407,408,이벤트,호감도
fl:reborn_evil,char:840,keyword,5,2,auto,0,,concept:D-WAVE concept:NEO_바이러스 concept:니케 concept:랩쳐 org:구원의_성화,407,408,이벤트,호감도
fl:reborn_evil,char:842,setup_payoff,1,3,record,0,E882,,407,409,이벤트,호감도
fl:reborn_evil,char:842,character,2,2,auto,0,,person:클레어 person:키리,407,409,이벤트,호감도
fl:reborn_evil,char:842,keyword,3,2,auto,0,,org:엄브렐러 place:라쿤_시티 place:아우터_림,407,409,이벤트,호감도
fl:reborn_evil,char:841,character,1,2,auto,0,,person:질,407,410,이벤트,호감도
fl:reborn_evil,side:eden_spear,keyword,2,1,auto,0,,place:방주 place:지상,407,411,이벤트,사이드
fl:reborn_evil,fl:go_ninja_thief,character,1,2,auto,0,,person:폴리,407,412,이벤트,이벤트
fl:reborn_evil,ch42,keyword,1,1,auto,0,,org:중앙_정부,407,416,이벤트,메인
fl:reborn_evil,fl:ark_guardian,character,1,2,auto,0,,person:엔더슨,407,428,이벤트,이벤트
fl:reborn_evil,fl:ark_guardian,keyword,1,2,auto,0,,concept:양산형_니케,407,428,이벤트,이벤트
fl:reborn_evil,fl:lie_cause_recoil,keyword,1,2,auto,0,,concept:게이트_키퍼,407,438,이벤트,이벤트
fl:reborn_evil,fl:ark_ranger,keyword,1,2,auto,0,,org:블레이즈_아웃,407,462,이벤트,이벤트
fl:reborn_evil,fl:persona_on_frontline,keyword,1,2,auto,0,,org:A.C.P.U.,407,474,이벤트,이벤트
char:840,char:841,keyword,3,2,auto,0,,concept:NEO_바이러스 concept:랩쳐 org:구원의_성화,408,410,호감도,호감도
char:840,side:eden_spear,keyword,1,1,auto,0,,concept:니케,408,411,호감도,사이드
char:840,fl:persona_on_frontline,keyword,1,2,auto,0,,concept:D-WAVE,408,474,호감도,이벤트
char:842,char:841,keyword,1,2,auto,0,,place:라쿤_시티,409,410,호감도,호감도
char:842,fl:go_ninja_thief,character,1,2,auto,0,,person:키리,409,412,호감도,이벤트
char:842,ch41,keyword,1,2,auto,0,,place:아우터_림,409,414,호감도,메인
char:841,side:eden_spear,keyword,1,1,auto,0,,concept:랩쳐,410,411,호감도,사이드
char:841,fl:go_ninja_thief,character,1,2,auto,0,,person:미란다,410,412,호감도,이벤트
side:eden_spear,char:23,keyword,1,1,auto,0,,place:방주,411,413,사이드,호감도
side:eden_spear,ch41,character,2,2,auto,0,,person:리버렐리오 person:퀸,411,414,사이드,메인
side:eden_spear,ch41,keyword,4,2,auto,0,,concept:니케 concept:랩쳐 concept:헬레틱 place:지상,411,414,사이드,메인
side:eden_spear,ch42,character,1,2,auto,0,,person:요한,411,416,사이드,메인
side:eden_spear,event_goddessfall1,sequel,1,3,manual,0,Y50,,411,418,사이드,이벤트
side:eden_spear,event_goddessfall1,setup_payoff,2,3,record,0,Q283-2 Q285-2,,411,418,사이드,이벤트
side:eden_spear,event_goddessfall1,callback,3,3,record,0,F2153-2 F2157-2 F2164-2,,411,418,사이드,이벤트
side:eden_spear,event_goddessfall1,character,10,2,auto,0,,person:나유타 person:니힐리스타 person:도로시 person:마리안 person:세실 person:이사벨 person:인디빌리아 person:토커티브 person:파피용 person:하란,411,418,사이드,이벤트
side:eden_spear,event_goddessfall1,keyword,6,2,auto,0,,concept:릴리스의_바디 concept:언체인드 item:에덴의_창 org:인헤르트 org:파이오니아 place:에덴,411,418,사이드,이벤트
side:eden_spear,erelic:goddess_fall_mini,setup_payoff,1,3,record,0,E886,,411,419,사이드,유실물
side:eden_spear,char:223,callback,1,2,record,0,E1622,,411,420,사이드,호감도
side:eden_spear,char:262,callback,1,2,record,0,E1627,,411,422,사이드,호감도
side:eden_spear,ch44,setup_payoff,1,2,record,0,E891,,411,436,사이드,메인
side:eden_spear,ch46,callback,1,3,record,0,E1102,,411,452,사이드,메인
fl:go_ninja_thief,char:23,character,4,2,auto,0,,person:델타 person:미란다 person:퀀시 person:팬텀,412,413,이벤트,호감도
char:23,ch41,keyword,1,1,auto,0,,place:방주,413,414,호감도,메인
char:23,fl:sin_editor,character,1,2,auto,0,,person:팬텀,413,430,호감도,이벤트
char:23,fl:persona_on_frontline,character,2,2,auto,0,,person:미란다 person:퀀시,413,474,호감도,이벤트
ch41,relic:거꾸로적힌기록,callback,2,3,record,0,E906 E907,,414,415,메인,유실물
ch41,relic:거꾸로적힌기록,character,2,2,auto,0,,person:레비아탄 person:바하무트,414,415,메인,유실물
ch41,ch42,sequel,1,3,auto,0,,,414,416,메인,메인
ch41,ch42,setup_payoff,3,3,record,0,Q286-2 Q288-2 Q293-2,,414,416,메인,메인
ch41,ch42,callback,3,3,record,0,E923 E924 E928,,414,416,메인,메인
ch41,ch42,character,15,2,auto,0,,person:E.H. person:라피 person:리버렐리오 person:리버린 person:맥스웰 person:머스탱 person:미세스_미스 person:베히모스 person:식스오 person:아니스 person:에닉 person:온리_원 person:지즈 person:퀸 person:프리티,414,416,메인,메인
ch41,ch42,keyword,11,2,auto,0,,concept:E2_크리스탈 concept:니케 concept:다크_매터 concept:랩쳐 concept:웨일리 concept:헬레틱 org:포비스트 place:방주 place:아우터_림 place:유사_방주 place:지상,414,416,메인,메인
ch41,relic:주의용광로사용법,callback,1,3,record,0,F2184-2,,414,417,메인,유실물
ch41,relic:주의용광로사용법,keyword,1,2,auto,0,,concept:용광로,414,417,메인,유실물
ch41,event_goddessfall1,setup_payoff,1,2,record,0,Q287-2,,414,418,메인,이벤트
ch41,event_goddessfall1,callback,1,3,record,0,E939,,414,418,메인,이벤트
ch41,event_goddessfall1,keyword,1,2,auto,0,,concept:퀸_인자,414,418,메인,이벤트
ch41,char:331,character,1,1,auto,0,,person:네온,414,421,메인,호감도
ch41,ch43,setup_payoff,2,3,record,0,Q289-2 Q290-2,,414,434,메인,메인
ch41,ch43,character,3,2,auto,0,,person:D.E.E.P. person:에테르 person:지엔,414,434,메인,메인
ch41,ch44,callback,1,3,record,0,E1033,,414,436,메인,메인
ch41,ch44,keyword,1,2,auto,0,,concept:미스트,414,436,메인,메인
ch41,side:pretty_star,keyword,1,2,auto,0,,org:테트라,414,447,메인,사이드
ch41,fl:good_world,keyword,1,2,auto,0,,org:M.M.R.,414,448,메인,이벤트
ch41,ch45,callback,2,3,record,0,E1087 E1091,,414,450,메인,메인
ch41,ch46,keyword,1,2,auto,0,,org:T.T.STAR,414,452,메인,메인
ch41,event_staranis1,setup_payoff,5,2,record,0,E898 E899 E900 E901 Q291-2,,414,454,메인,이벤트
ch41,event_staranis1,callback,1,3,record,0,F2200-2,,414,454,메인,이벤트
ch41,event_staranis1,character,2,2,auto,0,,person:민트 person:프리카,414,454,메인,이벤트
ch41,event_staranis1,keyword,1,2,auto,0,,concept:스마일_박스,414,454,메인,이벤트
ch41,ch47,callback,1,3,record,0,E1222,,414,470,메인,메인
ch41,fl:great_villain_union,callback,1,2,record,0,E1589,,414,478,메인,이벤트
relic:거꾸로적힌기록,ch42,character,2,2,auto,0,,person:레비아탄 person:바하무트,415,416,유실물,메인
ch42,relic:주의용광로사용법,callback,2,3,record,0,E931 E932,,416,417,메인,유실물
ch42,relic:주의용광로사용법,character,1,2,auto,0,,person:바하무트,416,417,메인,유실물
ch42,relic:주의용광로사용법,keyword,2,2,auto,0,,concept:다크_매터 org:포비스트,416,417,메인,유실물
ch42,event_goddessfall1,setup_payoff,2,3,record,0,Q295-2 Q296-2,,416,418,메인,이벤트
ch42,event_goddessfall1,character,4,2,auto,0,,person:리버렐리오 person:신데렐라 person:요한 person:퀸,416,418,메인,이벤트
ch42,event_goddessfall1,keyword,5,2,auto,0,,concept:니케 concept:랩쳐 concept:헬레틱 place:방주 place:지상,416,418,메인,이벤트
ch42,erelic:goddess_fall_mini,keyword,1,1,auto,0,,org:중앙_정부,416,419,메인,유실물
ch42,fl:sin_editor,character,1,2,auto,0,,person:에닉,416,430,메인,이벤트
ch42,fl:fatal_maid,character,1,2,auto,0,,person:머스탱,416,432,메인,이벤트
ch42,ch43,sequel,1,3,auto,0,,,416,434,메인,메인
ch42,ch43,keyword,1,2,auto,0,,place:아우터_림,416,434,메인,메인
ch42,ch44,setup_payoff,2,3,record,0,E929 Q295-3,,416,436,메인,메인
ch42,ch44,callback,1,2,record,0,E1023,,416,436,메인,메인
ch42,ch44,character,5,2,auto,0,,person:E.H. person:라피 person:리버린 person:식스오 person:아니스,416,436,메인,메인
ch42,ch44,keyword,2,2,auto,0,,concept:E2_크리스탈 org:이그조틱,416,436,메인,메인
ch42,fl:enter_heaven,character,1,2,auto,0,,person:바이퍼,416,442,메인,이벤트
ch42,side:pretty_star,character,2,2,auto,0,,person:미세스_미스 person:프리티,416,447,메인,사이드
ch42,ch45,setup_payoff,1,2,record,0,E925,,416,450,메인,메인
ch42,ch45,callback,2,3,record,0,E1081 E1085,,416,450,메인,메인
ch42,ch45,character,2,2,auto,0,,person:엔드리스 person:이터니티,416,450,메인,메인
ch42,ch45,keyword,1,2,auto,0,,place:펑크_스트리트,416,450,메인,메인
ch42,ch46,setup_payoff,1,3,record,0,E930,,416,452,메인,메인
ch42,ch46,character,4,2,auto,0,,person:레비아탄 person:베히모스 person:온리_원 person:지즈,416,452,메인,메인
ch42,event_staranis1,character,1,2,auto,0,,person:아비스타,416,454,메인,이벤트
ch42,fl:ark_ranger,callback,2,3,record,0,E1179 F2235-2,,416,462,메인,이벤트
ch42,fl:ark_ranger,keyword,1,2,auto,0,,org:메티스,416,462,메인,이벤트
ch42,fl:wave_to_you,character,6,2,auto,0,,person:그레이브 person:그레텔 person:리틀_머메이드 person:모리 person:세이렌 person:헨젤,416,464,메인,이벤트
ch42,fl:project_matis,character,3,2,auto,0,,person:드레이크 person:라플라스 person:맥스웰,416,467,메인,이벤트
ch42,fl:great_villain_union,setup_payoff,1,3,record,0,E926,,416,478,메인,이벤트
ch42,fl:great_villain_union,callback,4,3,record,0,E1587 E1588 E1589 E1591,,416,478,메인,이벤트
ch42,fl:great_villain_union,character,1,2,auto,0,,person:글러트니,416,478,메인,이벤트
ch42,fl:great_villain_union,keyword,1,2,auto,0,,org:빌런_연합,416,478,메인,이벤트
relic:주의용광로사용법,ch44,keyword,1,2,auto,0,,org:포비스트,417,436,유실물,메인
relic:주의용광로사용법,ch46,keyword,1,2,auto,0,,concept:다크_매터,417,452,유실물,메인
event_goddessfall1,erelic:goddess_fall_mini,sequel,1,3,auto,0,,,418,419,이벤트,유실물
event_goddessfall1,erelic:goddess_fall_mini,setup_payoff,1,2,record,0,E942,,418,419,이벤트,유실물
event_goddessfall1,erelic:goddess_fall_mini,callback,6,3,record,0,E959 E960 E965 E966 E967 E968,,418,419,이벤트,유실물
event_goddessfall1,erelic:goddess_fall_mini,character,6,2,auto,0,,person:노아 person:도로시 person:세실 person:요한 person:이사벨 person:하란,418,419,이벤트,유실물
event_goddessfall1,erelic:goddess_fall_mini,keyword,5,2,auto,0,,concept:니케 concept:랩쳐 place:방주 place:에덴 place:지상,418,419,이벤트,유실물
event_goddessfall1,char:223,callback,2,2,record,0,E1621 E1623,,418,420,이벤트,호감도
event_goddessfall1,char:223,character,1,2,auto,0,,person:나유타,418,420,이벤트,호감도
event_goddessfall1,char:331,character,2,2,auto,0,,person:차임 person:크라운,418,421,이벤트,호감도
event_goddessfall1,char:262,character,1,2,auto,0,,person:리버렐리오,418,422,이벤트,호감도
event_goddessfall1,fl:ark_guardian,sequel,1,3,manual,0,Y51,,418,428,이벤트,이벤트
event_goddessfall1,fl:ark_guardian,callback,1,3,record,0,E970,,418,428,이벤트,이벤트
event_goddessfall1,fl:ark_guardian,character,6,2,auto,0,,person:라푼젤 person:릴리바이스 person:미러 person:스노우_화이트 person:퀸 person:홍련,418,428,이벤트,이벤트
event_goddessfall1,fl:ark_guardian,keyword,5,2,auto,0,,concept:NIMPH concept:스톰_브링어 concept:언체인드 concept:타일런트_급 concept:헬레틱,418,428,이벤트,이벤트
event_goddessfall1,ch44,callback,2,3,record,0,E1020,,418,436,이벤트,메인
event_goddessfall1,ch44,character,2,2,auto,0,,person:마리안 person:파피용,418,436,이벤트,메인
event_goddessfall1,ch44,keyword,1,2,auto,0,,org:인헤르트,418,436,이벤트,메인
event_goddessfall1,ch46,setup_payoff,2,3,record,0,Q300-2 Q303-2,,418,452,이벤트,메인
event_goddessfall1,ch46,callback,5,3,record,0,E1095 E1096 E1105 E1108 E1109,,418,452,이벤트,메인
event_goddessfall1,ch46,character,1,2,auto,0,,person:장화,418,452,이벤트,메인
event_goddessfall1,ch46,keyword,1,2,auto,0,,org:필그림,418,452,이벤트,메인
event_goddessfall1,fl:wave_to_you,character,1,2,auto,0,,person:신데렐라,418,464,이벤트,이벤트
event_goddessfall1,ch47,callback,2,3,record,0,E1210 E1220,,418,470,이벤트,메인
event_goddessfall1,ch48,setup_payoff,1,2,record,0,E958,,418,472,이벤트,메인
event_goddessfall1,ch48,callback,2,3,record,0,E1229 E1232,,418,472,이벤트,메인
erelic:goddess_fall_mini,char:223,keyword,1,1,auto,0,,place:지상,419,420,유실물,호감도
erelic:goddess_fall_mini,fl:blank_ticket,keyword,2,1,auto,0,,concept:니케 place:방주,419,423,유실물,이벤트
erelic:goddess_fall_mini,fl:terminus_ticket,keyword,1,1,auto,0,,concept:랩쳐,419,425,유실물,이벤트
erelic:goddess_fall_mini,fl:ark_guardian,character,3,2,auto,0,,person:노아 person:도로시 person:세실,419,428,유실물,이벤트
erelic:goddess_fall_mini,fl:ark_guardian,keyword,3,2,auto,0,,org:갓데스 org:중앙_정부 place:에덴,419,428,유실물,이벤트
erelic:goddess_fall_mini,ch43,keyword,1,2,auto,0,,concept:퍼펙트,419,434,유실물,메인
erelic:goddess_fall_mini,ch44,callback,1,3,record,0,E1027,,419,436,유실물,메인
erelic:goddess_fall_mini,ch44,character,1,2,auto,0,,person:요한,419,436,유실물,메인
erelic:goddess_fall_mini,ch44,keyword,1,2,auto,0,,concept:지상_탈환,419,436,유실물,메인
erelic:goddess_fall_mini,ch46,setup_payoff,1,2,record,0,Q306-2,,419,452,유실물,메인
erelic:goddess_fall_mini,ch46,character,1,2,auto,0,,person:이사벨,419,452,유실물,메인
erelic:goddess_fall_mini,fl:ark_ranger,character,1,2,auto,0,,person:하란,419,462,유실물,이벤트
erelic:goddess_fall_mini,fl:project_matis,callback,1,3,record,0,E1185,,419,467,유실물,이벤트
erelic:goddess_fall_mini,fl:project_matis,keyword,1,2,auto,0,,incident:2차_지상_탈환전,419,467,유실물,이벤트
char:223,fl:blank_ticket,keyword,1,1,auto,0,,place:지상,420,423,호감도,이벤트
char:223,ch46,setup_payoff,1,2,record,0,E1624,,420,452,호감도,메인
char:223,ch46,character,1,2,auto,0,,person:나유타,420,452,호감도,메인
char:331,ch43,character,1,1,auto,0,,person:네온,421,434,호감도,메인
char:262,fl:ark_guardian,character,1,2,auto,0,,person:리버렐리오,422,428,호감도,이벤트
fl:blank_ticket,char:74,character,1,2,auto,0,,person:솔린,423,424,이벤트,호감도
fl:blank_ticket,fl:terminus_ticket,sequel,1,3,manual,0,Y52,,423,425,이벤트,이벤트
fl:blank_ticket,fl:terminus_ticket,setup_payoff,5,3,record,0,E1443 E1444 E1447 E1448 Q308-2,,423,425,이벤트,이벤트
fl:blank_ticket,fl:terminus_ticket,callback,8,3,record,0,E1449 E1452 E1453 E1457 E1458 E1459 E1462 E1463,,423,425,이벤트,이벤트
fl:blank_ticket,fl:terminus_ticket,character,1,2,auto,0,,person:노라,423,425,이벤트,이벤트
fl:blank_ticket,fl:terminus_ticket,keyword,4,2,auto,0,,concept:니케 org:인피니티_레일 place:방주 place:지상,423,425,이벤트,이벤트
char:74,fl:terminus_ticket,character,2,2,auto,0,,person:브리드 person:솔린,424,425,호감도,이벤트
fl:terminus_ticket,char:75,character,2,2,auto,0,,person:디젤 person:솔린,425,426,이벤트,호감도
fl:terminus_ticket,char:73,character,1,2,auto,0,,person:브리드,425,427,이벤트,호감도
fl:terminus_ticket,fl:ark_guardian,keyword,4,1,auto,0,,concept:니케 concept:랩쳐 place:방주 place:지상,425,428,이벤트,이벤트
fl:terminus_ticket,fl:enter_heaven,keyword,1,2,auto,0,,incident:AFX_열차_테러,425,442,이벤트,이벤트
fl:ark_guardian,char:471,character,2,2,auto,0,,person:릴리바이스 person:스노우_화이트,428,429,이벤트,호감도
fl:ark_guardian,char:471,keyword,3,2,auto,0,,concept:랩쳐 concept:사고_전환 org:갓데스,428,429,이벤트,호감도
fl:ark_guardian,fl:sin_editor,keyword,4,2,auto,0,,concept:니케 concept:양산형_니케 place:방주 place:지상,428,430,이벤트,이벤트
fl:ark_guardian,ch43,setup_payoff,4,3,record,0,E984 E986 Q309-2 Q310-2,,428,434,이벤트,메인
fl:ark_guardian,ch43,callback,1,3,record,0,E1011,,428,434,이벤트,메인
fl:ark_guardian,ch43,character,1,2,auto,0,,person:엔더슨,428,434,이벤트,메인
fl:ark_guardian,ch43,keyword,2,2,auto,0,,org:V.T.C. org:중앙_정부,428,434,이벤트,메인
fl:ark_guardian,ch44,setup_payoff,1,3,record,0,Q312-2,,428,436,이벤트,메인
fl:ark_guardian,ch44,callback,1,3,record,0,F2357-2,,428,436,이벤트,메인
fl:ark_guardian,ch44,character,8,2,auto,0,,person:노아 person:도로시 person:라푼젤 person:레드_후드 person:리버렐리오 person:미러 person:세실 person:퀸,428,436,이벤트,메인
fl:ark_guardian,ch44,keyword,3,2,auto,0,,concept:언체인드 concept:헬레틱 place:에덴,428,436,이벤트,메인
fl:ark_guardian,side:pretty_star,setup_payoff,1,2,record,0,E990,,428,447,이벤트,사이드
fl:ark_guardian,side:pretty_star,callback,5,3,record,0,E1056 E1057 E1061 E1063,,428,447,이벤트,사이드
fl:ark_guardian,side:pretty_star,character,2,2,auto,0,,person:오스왈드 person:프리시아,428,447,이벤트,사이드
fl:ark_guardian,ch45,callback,2,3,record,0,E1086 E1089,,428,450,이벤트,메인
fl:ark_guardian,ch45,character,1,2,auto,0,,person:홍련,428,450,이벤트,메인
fl:ark_guardian,ch46,setup_payoff,4,3,record,0,E985 E988 Q310-3 Q312-3,,428,452,이벤트,메인
fl:ark_guardian,ch46,callback,2,3,record,0,E1115 F2377-2,,428,452,이벤트,메인
fl:ark_guardian,ch46,character,1,2,auto,0,,person:레드_슈즈,428,452,이벤트,메인
fl:ark_guardian,ch46,keyword,3,2,auto,0,,concept:NIMPH concept:침식 incident:아크_가디언_작전,428,452,이벤트,메인
fl:ark_guardian,fl:ark_ranger,keyword,1,2,auto,0,,place:승리의_날개_호,428,462,이벤트,이벤트
fl:ark_guardian,fl:project_matis,keyword,1,2,auto,0,,concept:타일런트_급,428,467,이벤트,이벤트
fl:ark_guardian,ch48,callback,1,3,record,0,E1238,,428,472,이벤트,메인
char:471,ch44,character,2,2,auto,0,,person:릴리바이스 person:스노우_화이트,429,436,호감도,메인
char:471,ch44,keyword,2,2,auto,0,,concept:랩쳐 org:갓데스,429,436,호감도,메인
char:471,event_staranis1,keyword,1,2,auto,0,,concept:사고_전환,429,454,호감도,이벤트
fl:sin_editor,char:582,character,1,2,auto,0,,person:레이블,430,431,이벤트,호감도
fl:sin_editor,char:582,keyword,1,1,auto,0,,place:방주,430,431,이벤트,호감도
fl:sin_editor,ch43,character,1,2,auto,0,,person:잉그리드,430,434,이벤트,메인
fl:sin_editor,ch43,keyword,2,2,auto,0,,concept:니케 concept:양산형_니케,430,434,이벤트,메인
fl:sin_editor,ch44,character,1,2,auto,0,,person:에닉,430,436,이벤트,메인
fl:sin_editor,ch44,keyword,1,1,auto,0,,place:지상,430,436,이벤트,메인
fl:sin_editor,fl:2x2_love_1ch,character,1,2,auto,0,,person:아르카나,430,444,이벤트,이벤트
fl:sin_editor,side:pretty_star,keyword,1,2,auto,0,,org:베스트셀러,430,447,이벤트,사이드
fl:sin_editor,ch45,setup_payoff,1,3,record,0,Q313-2,,430,450,이벤트,메인
fl:sin_editor,fl:persona_on_frontline,character,1,2,auto,0,,person:팬텀,430,474,이벤트,이벤트
char:582,fl:fatal_maid,keyword,1,1,auto,0,,place:방주,431,432,호감도,이벤트
fl:fatal_maid,char:316,character,1,2,auto,0,,person:벨벳,432,433,이벤트,호감도
fl:fatal_maid,ch43,keyword,1,1,auto,0,,place:방주,432,434,이벤트,메인
fl:fatal_maid,side:pretty_star,character,1,2,auto,0,,person:머스탱,432,447,이벤트,사이드
fl:fatal_maid,char:103,character,1,2,auto,0,,person:코코아,432,468,이벤트,호감도
fl:fatal_maid,fl:persona_on_frontline,sequel,1,2,manual,0,Y53,,432,474,이벤트,이벤트
fl:fatal_maid,fl:persona_on_frontline,callback,4,3,record,0,E1562 E1566 E1573 E1580,,432,474,이벤트,이벤트
fl:fatal_maid,fl:persona_on_frontline,character,2,2,auto,0,,person:앨든 person:에이드,432,474,이벤트,이벤트
ch43,relic:아무한테나말해주는거아니야.wav,keyword,1,2,auto,0,,place:아우터_림,434,435,메인,유실물
ch43,ch44,sequel,1,3,auto,0,,,434,436,메인,메인
ch43,ch44,setup_payoff,3,3,record,0,E1009 E1017 Q315-2,,434,436,메인,메인
ch43,ch44,character,4,2,auto,0,,person:네온 person:에테르 person:엔더슨 person:지엔,434,436,메인,메인
ch43,ch44,keyword,3,1,auto,0,,concept:니케 org:중앙_정부 place:방주,434,436,메인,메인
ch43,fl:enter_heaven,character,1,2,auto,0,,person:잉그리드,434,442,메인,이벤트
ch43,fl:enter_heaven,keyword,2,2,auto,0,,org:엔터_헤븐 org:엘리시온,434,442,메인,이벤트
ch43,side:pretty_star,keyword,1,2,auto,0,,concept:양산형_니케,434,447,메인,사이드
ch43,fl:good_world,keyword,1,2,auto,0,,org:V.T.C.,434,448,메인,이벤트
ch43,relic:신에게닿기위한탑,callback,1,2,record,0,F2410-2,,434,451,메인,유실물
ch43,ch46,setup_payoff,1,3,record,0,Q317-2,,434,452,메인,메인
ch43,relic:궤도엘리베이터음모론,callback,1,3,record,0,E1117,,434,453,메인,유실물
ch43,char:18,callback,5,3,record,0,E1522 E1523 E1524,,434,457,메인,호감도
ch43,char:18,character,1,2,auto,0,,person:프린세스,434,457,메인,호감도
relic:아무한테나말해주는거아니야.wav,ch44,keyword,1,2,auto,0,,place:아우터_림,435,436,유실물,메인
ch44,relic:거인을찾아서,keyword,2,1,auto,0,,concept:랩쳐 place:지상,436,437,메인,유실물
ch44,fl:lie_cause_recoil,character,2,2,auto,0,,person:슈가 person:엔더슨,436,438,메인,이벤트
ch44,fl:lie_cause_recoil,keyword,2,1,auto,0,,concept:니케 place:방주,436,438,메인,이벤트
ch44,fl:enter_heaven,character,1,2,auto,0,,person:E.H.,436,442,메인,이벤트
ch44,fl:enter_heaven,keyword,4,2,auto,0,,org:언더월드_퀸 org:이그조틱 org:중앙_정부 place:아우터_림,436,442,메인,이벤트
ch44,fl:2x2_love_1ch,callback,1,3,record,0,E1505,,436,444,메인,이벤트
ch44,fl:2x2_love_2ch,character,1,2,auto,0,,person:에테르,436,445,메인,이벤트
ch44,side:pretty_star,character,5,2,auto,0,,person:레드_후드 person:릴리바이스 person:버닝엄 person:아니스 person:에닉,436,447,메인,사이드
ch44,side:pretty_star,keyword,2,2,auto,0,,concept:지상_탈환 org:갓데스,436,447,메인,사이드
ch44,ch45,sequel,1,3,auto,0,,,436,450,메인,메인
ch44,ch45,setup_payoff,2,3,record,0,Q322-2 Q323-2,,436,450,메인,메인
ch44,ch45,callback,3,3,record,0,E1078 E1092 F2443-2,,436,450,메인,메인
ch44,ch45,character,11,2,auto,0,,person:네온 person:도로시 person:도반 person:라푼젤 person:라피 person:리버린 person:스노우_화이트 person:식스오 person:아이리 person:요한 person:프레자일,436,450,메인,메인
ch44,ch45,keyword,3,2,auto,0,,concept:E2_크리스탈 concept:미스트 concept:특수_별동대,436,450,메인,메인
ch44,ch46,setup_payoff,5,3,record,0,E1018 E1034 Q320-2 Q321-2 Q323-3,,436,452,메인,메인
ch44,ch46,callback,1,3,record,0,F2435-2,,436,452,메인,메인
ch44,ch46,character,4,2,auto,0,,person:리버렐리오 person:마리안 person:미러 person:퀸,436,452,메인,메인
ch44,ch46,keyword,4,2,auto,0,,concept:헬레틱 incident:3차_지상_탈환전 org:포비스트 place:에덴,436,452,메인,메인
ch44,fl:ark_ranger,character,1,2,auto,0,,person:목단,436,462,메인,이벤트
ch44,fl:project_matis,character,1,2,auto,0,,person:지엔,436,467,메인,이벤트
ch44,ch47,character,1,2,auto,0,,person:세실,436,470,메인,메인
ch44,ch48,setup_payoff,1,3,record,0,E1024,,436,472,메인,메인
ch44,ch48,callback,1,3,record,0,E1239,,436,472,메인,메인
ch44,ch48,character,2,2,auto,0,,person:앨트루이아 person:파피용,436,472,메인,메인
relic:거인을찾아서,fl:enter_heaven,keyword,1,1,auto,0,,place:지상,437,442,유실물,이벤트
relic:거인을찾아서,fl:good_world,keyword,1,1,auto,0,,concept:랩쳐,437,448,유실물,이벤트
fl:lie_cause_recoil,char:860,character,2,2,auto,0,,person:슈가 person:치사토,438,439,이벤트,호감도
fl:lie_cause_recoil,char:862,character,2,2,auto,0,,person:쿠루미 person:프림,438,440,이벤트,호감도
fl:lie_cause_recoil,char:861,character,2,2,auto,0,,person:밀크 person:타키나,438,441,이벤트,호감도
fl:lie_cause_recoil,fl:enter_heaven,keyword,2,1,auto,0,,concept:니케 place:방주,438,442,이벤트,이벤트
fl:lie_cause_recoil,ch46,character,1,2,auto,0,,person:엔더슨,438,452,이벤트,메인
fl:lie_cause_recoil,char:405,character,1,2,auto,0,,person:마스트,438,481,이벤트,호감도
char:862,ch45,character,1,2,auto,0,,person:트로니,440,450,호감도,메인
fl:enter_heaven,char:113,callback,1,3,record,0,E1630,,442,443,이벤트,호감도
fl:enter_heaven,char:113,character,3,2,auto,0,,person:E.H. person:바이퍼 person:자칼,442,443,이벤트,호감도
fl:enter_heaven,char:113,keyword,1,2,auto,0,,place:아우터_림,442,443,이벤트,호감도
fl:enter_heaven,fl:2x2_love_1ch,keyword,1,1,auto,0,,concept:니케,442,444,이벤트,이벤트
fl:enter_heaven,side:pretty_star,keyword,3,1,auto,0,,org:중앙_정부 place:방주 place:지상,442,447,이벤트,사이드
fl:enter_heaven,ch45,character,1,2,auto,0,,person:잉그리드,442,450,이벤트,메인
fl:enter_heaven,ch45,keyword,2,2,auto,0,,org:엘리시온 org:이그조틱,442,450,이벤트,메인
fl:enter_heaven,fl:ark_ranger,keyword,1,2,auto,0,,incident:방주_테러,442,462,이벤트,이벤트
char:113,ch45,character,1,2,auto,0,,person:E.H.,443,450,호감도,메인
char:113,ch45,keyword,1,2,auto,0,,place:아우터_림,443,450,호감도,메인
fl:2x2_love_1ch,fl:2x2_love_2ch,sequel,1,3,manual,0,Y54,,444,445,이벤트,이벤트
fl:2x2_love_1ch,fl:2x2_love_2ch,setup_payoff,4,3,record,0,E1491 E1493 Q329-2 Q329-3,,444,445,이벤트,이벤트
fl:2x2_love_1ch,fl:2x2_love_2ch,callback,2,3,record,0,E1517 F2523-2,,444,445,이벤트,이벤트
fl:2x2_love_1ch,fl:2x2_love_2ch,character,3,2,auto,0,,person:아르카나 person:에이미 person:프리바티,444,445,이벤트,이벤트
fl:2x2_love_1ch,fl:2x2_love_2ch,keyword,2,2,auto,0,,concept:니케 place:미미르_부속_고등학교,444,445,이벤트,이벤트
fl:2x2_love_1ch,ch46,keyword,1,2,auto,0,,place:금서고,444,452,이벤트,메인
fl:2x2_love_2ch,char:583,character,1,2,auto,0,,person:아르카나,445,446,이벤트,호감도
fl:2x2_love_2ch,side:pretty_star,keyword,1,1,auto,0,,concept:니케,445,447,이벤트,사이드
fl:2x2_love_2ch,char:620,character,1,2,auto,0,,person:크러스트,445,449,이벤트,호감도
fl:2x2_love_2ch,ch45,keyword,1,2,auto,0,,org:미실리스,445,450,이벤트,메인
fl:2x2_love_2ch,fl:ark_ranger,character,1,2,auto,0,,person:소라,445,462,이벤트,이벤트
fl:2x2_love_2ch,fl:wave_to_you,character,1,2,auto,0,,person:에테르,445,464,이벤트,이벤트
fl:2x2_love_2ch,fl:wave_to_you,keyword,1,2,auto,0,,place:미미르_부속_고등학교,445,464,이벤트,이벤트
char:583,ch45,character,1,2,auto,0,,person:아르카나,446,450,호감도,메인
side:pretty_star,fl:good_world,callback,2,3,record,0,E1071,,447,448,사이드,이벤트
side:pretty_star,fl:good_world,character,1,2,auto,0,,person:프리티,447,448,사이드,이벤트
side:pretty_star,fl:good_world,keyword,4,1,auto,0,,concept:니케 org:중앙_정부 place:방주 place:지상,447,448,사이드,이벤트
side:pretty_star,ch45,setup_payoff,1,3,record,0,E1051,,447,450,사이드,메인
side:pretty_star,ch45,callback,1,3,record,0,F2543-2,,447,450,사이드,메인
side:pretty_star,ch45,character,4,2,auto,0,,person:머스탱 person:버닝엄 person:아니스 person:에닉,447,450,사이드,메인
side:pretty_star,ch46,setup_payoff,1,3,record,0,E1066,,447,452,사이드,메인
side:pretty_star,ch46,character,2,2,auto,0,,person:릴리바이스 person:오스왈드,447,452,사이드,메인
side:pretty_star,ch46,keyword,3,2,auto,0,,concept:양산형_니케 concept:지상_탈환 org:갓데스,447,452,사이드,메인
side:pretty_star,event_staranis1,sequel,1,2,manual,0,Y55,,447,454,사이드,이벤트
side:pretty_star,event_staranis1,setup_payoff,7,3,record,0,E1049 E1050 E1052 E1054 E1058 E1062 Q331-2,,447,454,사이드,이벤트
side:pretty_star,event_staranis1,callback,10,3,record,0,E1119 E1120 E1124 E1130 E1131 E1133 E1136 E1142 E1160 E1165,,447,454,사이드,이벤트
side:pretty_star,event_staranis1,character,2,2,auto,0,,person:미세스_미스 person:한슨,447,454,사이드,이벤트
side:pretty_star,event_staranis1,keyword,2,2,auto,0,,org:3대_기업 org:테트라,447,454,사이드,이벤트
side:pretty_star,ch48,character,1,2,auto,0,,person:레드_후드,447,472,사이드,메인
fl:good_world,char:620,character,1,2,auto,0,,person:백학,448,449,이벤트,호감도
fl:good_world,ch45,keyword,6,2,auto,0,,concept:니케 concept:랩쳐 org:중앙_정부 org:카운터스 place:방주 place:지상,448,450,이벤트,메인
fl:good_world,relic:신에게닿기위한탑,callback,1,2,record,0,E1094,,448,451,이벤트,유실물
fl:good_world,relic:신에게닿기위한탑,keyword,1,2,auto,0,,org:V.T.C.,448,451,이벤트,유실물
fl:good_world,ch46,setup_payoff,1,2,record,0,E1077,,448,452,이벤트,메인
fl:good_world,event_staranis1,character,1,2,auto,0,,person:프리티,448,454,이벤트,이벤트
fl:good_world,fl:project_matis,keyword,2,2,auto,0,,item:이터널_라이프 org:M.M.R.,448,467,이벤트,이벤트
ch45,relic:신에게닿기위한탑,keyword,1,2,auto,0,,org:미실리스,450,451,메인,유실물
ch45,ch46,sequel,1,3,auto,0,,,450,452,메인,메인
ch45,ch46,setup_payoff,5,3,record,0,E1084 E1088 Q335-2 Q336-2 Q340-2,,450,452,메인,메인
ch45,ch46,callback,1,3,record,0,E1111,,450,452,메인,메인
ch45,ch46,character,12,2,auto,0,,person:도로시 person:도반 person:라피 person:머스탱 person:버닝엄 person:스노우_화이트 person:아니스 person:아이리 person:에닉 person:요한 person:잉그리드 person:홍련,450,452,메인,메인
ch45,ch46,keyword,8,2,auto,0,,concept:니케 concept:랩쳐 item:초거대_코어 org:중앙_정부 org:카운터스 place:방주 place:아우터_림 place:지상,450,452,메인,메인
ch45,event_staranis1,keyword,1,2,auto,0,,org:엘리시온,450,454,메인,이벤트
ch45,char:18,character,1,1,auto,0,,person:네온,450,457,메인,호감도
ch45,fl:ark_ranger,callback,3,3,record,0,E1173 E1178 E1181,,450,462,메인,이벤트
ch45,fl:ark_ranger,character,1,2,auto,0,,person:트로니,450,462,메인,이벤트
ch45,ch47,character,1,2,auto,0,,person:라푼젤,450,470,메인,메인
relic:신에게닿기위한탑,ch46,keyword,3,2,auto,0,,org:V.T.C. org:미실리스 place:궤도_엘리베이터,451,452,유실물,메인
relic:신에게닿기위한탑,relic:궤도엘리베이터음모론,callback,1,2,record,0,F2610-2,,451,453,유실물,유실물
ch46,relic:궤도엘리베이터음모론,callback,1,2,record,0,E1118,,452,453,메인,유실물
ch46,relic:궤도엘리베이터음모론,keyword,4,2,auto,0,,concept:랩쳐 org:V.T.C. org:미실리스 place:궤도_엘리베이터,452,453,메인,유실물
ch46,event_staranis1,character,3,2,auto,0,,person:머스탱 person:아니스 person:에닉,452,454,메인,이벤트
ch46,event_staranis1,keyword,5,2,auto,0,,concept:니케 org:T.T.STAR org:중앙_정부 place:방주 place:지상,452,454,메인,이벤트
ch46,char:441,character,1,1,auto,0,,person:라피,452,456,메인,호감도
ch46,char:18,keyword,1,2,auto,0,,place:아우터_림,452,457,메인,호감도
ch46,fl:ark_ranger,character,2,2,auto,0,,person:잉그리드 person:퀸,452,462,메인,이벤트
ch46,fl:ark_ranger,keyword,3,2,auto,0,,concept:헬레틱 incident:3차_지상_탈환전 org:카운터스,452,462,메인,이벤트
ch46,fl:project_matis,keyword,2,2,auto,0,,concept:NIMPH concept:지상_탈환,452,467,메인,이벤트
ch46,ch47,sequel,1,3,auto,0,,,452,470,메인,메인
ch46,ch47,callback,3,3,record,0,E1208 E1209 E1223,,452,470,메인,메인
ch46,ch47,character,12,2,auto,0,,person:도로시 person:레드_슈즈 person:레비아탄 person:마리안 person:미러 person:버닝엄 person:스노우_화이트 person:엔더슨 person:온리_원 person:요한 person:장화 person:홍련,452,470,메인,메인
ch46,ch47,keyword,5,2,auto,0,,concept:다크_매터 concept:침식 org:갓데스 org:포비스트 place:에덴,452,470,메인,메인
ch46,ch48,setup_payoff,6,3,record,0,E1100 E1101 E1104 E1110 Q343-2 Q344-2,,452,472,메인,메인
ch46,ch48,callback,3,3,record,0,E1234 E1235 E1237,,452,472,메인,메인
ch46,ch48,character,2,2,auto,0,,person:리버렐리오 person:에고비스타,452,472,메인,메인
ch46,relic:불길한_소리.wav,callback,1,2,record,0,E1245,,452,473,메인,유실물
ch46,relic:불길한_소리.wav,character,1,2,auto,0,,person:나유타,452,473,메인,유실물
ch46,relic:불길한_소리.wav,keyword,1,2,auto,0,,concept:신생_랩쳐,452,473,메인,유실물
ch46,fl:great_villain_union,character,1,2,auto,0,,person:지즈,452,478,메인,이벤트
relic:궤도엘리베이터음모론,event_staranis1,keyword,2,2,auto,0,,org:V.T.C. org:미실리스,453,454,유실물,이벤트
relic:궤도엘리베이터음모론,fl:ark_ranger,keyword,2,2,auto,0,,concept:랩쳐 place:궤도_엘리베이터,453,462,유실물,이벤트
event_staranis1,char:17,character,1,1,auto,0,,person:아니스,454,455,이벤트,호감도
event_staranis1,char:17,keyword,1,1,auto,0,,place:방주,454,455,이벤트,호감도
event_staranis1,char:441,character,1,2,auto,0,,person:아비스타,454,456,이벤트,호감도
event_staranis1,char:441,keyword,1,1,auto,0,,concept:니케,454,456,이벤트,호감도
event_staranis1,fl:b-side_idol,sequel,1,2,manual,0,Y56,,454,458,이벤트,이벤트
event_staranis1,fl:b-side_idol,callback,1,3,record,0,E1531,,454,458,이벤트,이벤트
event_staranis1,fl:b-side_idol,character,3,2,auto,0,,person:머스탱 person:민트 person:프리카,454,458,이벤트,이벤트
event_staranis1,fl:bitter_spice,callback,2,3,record,0,E1536 E1538,,454,460,이벤트,이벤트
event_staranis1,fl:ark_ranger,character,1,2,auto,0,,person:에닉,454,462,이벤트,이벤트
event_staranis1,fl:ark_ranger,keyword,4,2,auto,0,,org:엘리시온 org:중앙_정부 org:테트라 place:지상,454,462,이벤트,이벤트
event_staranis1,fl:project_matis,keyword,1,2,auto,0,,org:미실리스,454,467,이벤트,이벤트
event_staranis1,fl:persona_on_frontline,callback,2,2,record,0,E1561 E1578,,454,474,이벤트,이벤트
char:17,char:18,keyword,1,1,auto,0,,place:방주,455,457,호감도,호감도
char:17,fl:b-side_idol,character,1,1,auto,0,,person:아니스,455,458,호감도,이벤트
char:441,fl:ark_ranger,character,1,1,auto,0,,person:라피,456,462,호감도,이벤트
char:441,fl:ark_ranger,keyword,1,1,auto,0,,concept:니케,456,462,호감도,이벤트
char:18,fl:ark_ranger,keyword,1,1,auto,0,,place:방주,457,462,호감도,이벤트
char:18,ch47,keyword,1,2,auto,0,,place:아우터_림,457,470,호감도,메인
fl:b-side_idol,char:600,character,1,2,auto,0,,person:민트,458,459,이벤트,호감도
fl:b-side_idol,fl:bitter_spice,sequel,1,2,manual,0,Y57,,458,460,이벤트,이벤트
fl:b-side_idol,fl:bitter_spice,setup_payoff,2,3,record,0,E1530 E1532,,458,460,이벤트,이벤트
fl:b-side_idol,fl:bitter_spice,callback,1,3,record,0,E1537,,458,460,이벤트,이벤트
fl:b-side_idol,fl:bitter_spice,character,3,2,auto,0,,person:머스탱 person:아니스 person:프리카,458,460,이벤트,이벤트
char:600,fl:bitter_spice,character,1,2,auto,0,,person:민트,459,460,호감도,이벤트
fl:bitter_spice,char:601,setup_payoff,1,2,record,0,E1535,,460,461,이벤트,호감도
fl:bitter_spice,char:601,character,1,2,auto,0,,person:프리카,460,461,이벤트,호감도
fl:bitter_spice,fl:ark_ranger,character,2,2,auto,0,,person:머스탱 person:아니스,460,462,이벤트,이벤트
fl:ark_ranger,char:570,character,1,2,auto,0,,person:아크레인저_블랙,462,463,이벤트,호감도
fl:ark_ranger,char:570,keyword,2,2,auto,0,,org:아크레인저 place:방주,462,463,이벤트,호감도
fl:ark_ranger,fl:wave_to_you,character,1,1,auto,0,,person:라피,462,464,이벤트,이벤트
fl:ark_ranger,fl:wave_to_you,keyword,2,1,auto,0,,concept:랩쳐 place:지상,462,464,이벤트,이벤트
fl:ark_ranger,fl:project_matis,character,1,2,auto,0,,person:에닉,462,467,이벤트,이벤트
fl:ark_ranger,fl:project_matis,keyword,3,2,auto,0,,concept:니케 org:메티스 org:중앙_정부,462,467,이벤트,이벤트
fl:ark_ranger,ch47,setup_payoff,2,2,record,0,E1183 Q354-2,,462,470,이벤트,메인
fl:ark_ranger,ch47,character,2,2,auto,0,,person:애니힐리오 person:퀸,462,470,이벤트,메인
fl:ark_ranger,ch47,keyword,4,2,auto,0,,concept:헬레틱 incident:3차_지상_탈환전 place:궤도_엘리베이터 place:승리의_날개_호,462,470,이벤트,메인
fl:ark_ranger,ch48,callback,1,3,record,0,E1227,,462,472,이벤트,메인
fl:ark_ranger,ch48,keyword,1,2,auto,0,,item:세븐스_드워프,462,472,이벤트,메인
char:570,fl:wave_to_you,keyword,1,1,auto,0,,place:방주,463,464,호감도,이벤트
fl:wave_to_you,char:515,character,1,2,auto,0,,person:신데렐라,464,465,이벤트,호감도
fl:wave_to_you,char:322,character,3,2,auto,0,,person:나가 person:마르차나 person:티아,464,466,이벤트,호감도
fl:wave_to_you,fl:project_matis,keyword,3,1,auto,0,,concept:랩쳐 place:방주 place:지상,464,467,이벤트,이벤트
fl:wave_to_you,ch48,character,1,1,auto,0,,person:라피,464,472,이벤트,메인
fl:wave_to_you,char:872,character,1,2,auto,0,,person:라이,464,475,이벤트,호감도
fl:wave_to_you,fl:great_villain_union,character,1,2,auto,0,,person:그레이브,464,478,이벤트,이벤트
fl:project_matis,char:103,character,1,2,auto,0,,person:라플라스,467,468,이벤트,호감도
fl:project_matis,char:105,character,1,2,auto,0,,person:맥스웰,467,469,이벤트,호감도
fl:project_matis,char:105,keyword,2,2,auto,0,,concept:니케 org:메티스,467,469,이벤트,호감도
fl:project_matis,ch47,character,1,2,auto,0,,person:에닉,467,470,이벤트,메인
fl:project_matis,ch47,keyword,5,2,auto,0,,concept:NIMPH concept:랩쳐 concept:지상_탈환 place:방주 place:지상,467,470,이벤트,메인
fl:project_matis,fl:persona_on_frontline,keyword,1,1,auto,0,,org:중앙_정부,467,474,이벤트,이벤트
fl:project_matis,fl:great_villain_union,character,1,2,auto,0,,person:드레이크,467,478,이벤트,이벤트
char:105,ch47,keyword,1,1,auto,0,,concept:니케,469,470,호감도,메인
ch47,relic:승리를_부르는_그림자,callback,1,3,record,0,E1226,,470,471,메인,유실물
ch47,relic:승리를_부르는_그림자,keyword,3,2,auto,0,,concept:랩쳐 org:갓데스 place:승리의_날개_호,470,471,메인,유실물
ch47,ch48,sequel,1,3,auto,0,,,470,472,메인,메인
ch47,ch48,setup_payoff,13,3,record,0,E1207 E1211 E1212 E1213 E1214 E1215 E1216 E1219 E1221 E1225 Q364-2 Q364-3,,470,472,메인,메인
ch47,ch48,character,14,2,auto,0,,person:도로시 person:라푼젤 person:레드_슈즈 person:레비아탄 person:마리안 person:미러 person:세실 person:스노우_화이트 person:애니힐리오 person:엔더슨 person:온리_원 person:장화 person:퀸 person:홍련,470,472,메인,메인
ch47,ch48,keyword,8,2,auto,0,,concept:NIMPH concept:니케 concept:다크_매터 concept:침식 concept:헬레틱 place:궤도_엘리베이터 place:방주 place:지상,470,472,메인,메인
ch47,relic:불길한_소리.wav,callback,1,2,record,0,E1244,,470,473,메인,유실물
ch47,fl:persona_on_frontline,keyword,1,2,auto,0,,place:아우터_림,470,474,메인,이벤트
relic:승리를_부르는_그림자,ch48,keyword,1,1,auto,0,,concept:랩쳐,471,472,유실물,메인
ch48,relic:불길한_소리.wav,callback,2,3,record,0,E1246 E1247,,472,473,메인,유실물
ch48,relic:불길한_소리.wav,keyword,2,2,auto,0,,concept:다크_매터 place:궤도_엘리베이터,472,473,메인,유실물
ch48,fl:persona_on_frontline,character,1,2,auto,0,,person:엔더슨,472,474,메인,이벤트
ch48,fl:persona_on_frontline,keyword,3,1,auto,0,,concept:니케 place:방주 place:지상,472,474,메인,이벤트
ch48,fl:great_villain_union,character,1,2,auto,0,,person:온리_원,472,478,메인,이벤트
ch48,fl:great_villain_union,keyword,1,1,auto,0,,concept:랩쳐,472,478,메인,이벤트
fl:persona_on_frontline,char:872,setup_payoff,1,3,record,0,E1581,,474,475,이벤트,호감도
fl:persona_on_frontline,char:872,character,1,2,auto,0,,person:아이기스,474,475,이벤트,호감도
fl:persona_on_frontline,char:872,keyword,2,1,auto,0,,concept:니케 place:방주,474,475,이벤트,호감도
fl:persona_on_frontline,char:870,setup_payoff,1,3,record,0,E1583,,474,476,이벤트,호감도
fl:persona_on_frontline,char:870,character,2,2,auto,0,,person:퀸(마코토) person:팬텀,474,476,이벤트,호감도
fl:persona_on_frontline,char:870,keyword,1,1,auto,0,,org:중앙_정부,474,476,이벤트,호감도
fl:persona_on_frontline,char:871,setup_payoff,1,3,record,0,E1582,,474,477,이벤트,호감도
fl:persona_on_frontline,char:871,character,2,2,auto,0,,person:곰 person:유키코,474,477,이벤트,호감도
fl:persona_on_frontline,fl:great_villain_union,keyword,1,1,auto,0,,place:지상,474,478,이벤트,이벤트
char:872,char:870,keyword,1,1,auto,0,,place:방주,475,476,호감도,호감도
char:870,char:104,keyword,1,1,auto,0,,place:방주,476,479,호감도,호감도
fl:great_villain_union,char:104,character,1,2,auto,0,,person:드레이크,478,479,이벤트,호감도
fl:great_villain_union,char:104,keyword,1,2,auto,0,,org:빌런_연합,478,479,이벤트,호감도
