person,record,kind,role,unit,order,tick,state,threads,with,status
person:#000000,F2207,사실,정의,ch41,414,127,,J17,,확정
person:#000000,F2208,사실,정의,ch41,414,127,,,,확정
person:2B,D2061,기준,성격,char:810,231,48,,,,확정
person:2B,D2062,기준,관계,char:810,231,48,,,person:9S,확정
person:9S,D2062,관계 상대,관계,char:810,231,48,,,person:2B,확정
person:A2,D2064,기준,성격,char:811,233,49,,,,확정
person:D,F361,사실,정의,ch14,69,15,,,,확정
person:D,F363,사실,정의,ch14,69,15,,,,확정
person:D,F539,사실,정의,char:130,100,17,,,,확정
person:D,D53,기준,성격,sub:랩칠리언_06,143,19,,,,확정
person:D,F172,사실,정의,sub:랩칠리언_06,143,19,,,,확정
person:D,F813,사실,정의,char:311,176,28,,,,확정
person:D,D1428,기준,신념,event_ltk,187,34,,,,확정
person:D,D1429,기준,관계,event_ltk,187,34,,,person:지휘관,확정
person:D,D1430,기준,관계,event_ltk,187,34,,,person:K,확정
person:D,E1305,떡밥,암시,event_ltk,187,34,,,,확정
person:D,E1307,떡밥,암시,event_ltk,187,34,,,,확정
person:D,F850,사실,정의,event_ltk,187,34,,,,확정
person:D,F852,사실,정의,event_ltk,187,34,,,,확정
person:D,D2021,변화,관계,char:40,188,34,,,person:지휘관,확정
person:D,F856,사실,정의,char:40,188,34,,,,확정
person:D,F857,사실,정의,char:40,188,34,,,,확정
person:D,D404,변화,관계,event_killthelord,282,67,,,person:지휘관,확정
person:D,D407,관계 상대,관계,event_killthelord,282,67,,,person:로산나,확정
person:D,D408,관계 상대,관계,event_killthelord,282,67,,,person:로산나,확정
person:D,E358,떡밥,재언급,event_killthelord,282,67,,,,확정
person:D,E360,떡밥,재언급,event_killthelord,282,67,,,,확정
person:D,F1345,사실,정의,event_killthelord,282,67,,,,확정
person:D,F1346,사실,정의,event_killthelord,282,67,,,,확정
person:D,F1349,사실,정의,event_killthelord,282,67,,,,확정
person:D,F1350,사실,정의,event_killthelord,282,67,,,,확정
person:D,F1351,사실,정의,event_killthelord,282,67,,,,확정
person:D,D2095,변화,관계,char:43,283,67,,,person:지휘관,확정
person:D,F1352,사실,정의,char:43,283,67,,,,확정
person:D,F1353,사실,정의,char:43,283,67,,,,확정
person:D,E719,떡밥,재언급,event_arcanearchive,383,111,,,,확정
person:D,E720,떡밥,재언급,event_arcanearchive,383,111,,,,확정
person:D,F1930,사실,정의,event_arcanearchive,383,111,,,,확정
person:D,E740,떡밥,재언급,event_lordforjustice,385,112,,,,확정
person:D,E741,떡밥,암시,event_lordforjustice,385,112,,,,확정
person:D,F1949,사실,정의,event_lordforjustice,385,112,,,,확정
person:D,F1952,사실,정의,event_lordforjustice,385,112,,,,확정
person:D,F1956,사실,정의,event_lordforjustice,385,112,,,,확정
person:D,F1959,사실,정의,event_lordforjustice,385,112,,,,확정
person:D,F1970,사실,정의,event_lordforjustice,385,112,,,,확정
person:D,F1971,사실,정의,event_lordforjustice,385,112,,,,확정
person:D,F1973,사실,정의,char:41,386,112,,,,확정
person:D,D839,변화,관계,fl:reborn_evil,407,124,,,person:지휘관,확정
person:D,E881,떡밥,재언급,fl:reborn_evil,407,124,,,,확정
person:D,E883,떡밥,재언급,fl:reborn_evil,407,124,,,,확정
person:D,F2127,사실,정의,fl:reborn_evil,407,124,,,,확정
person:D,F2132,사실,정의,fl:reborn_evil,407,124,,,,확정
person:D,F2136,사실,정의,fl:reborn_evil,407,124,,,,확정
person:D,F2141,사실,정의,fl:reborn_evil,407,124,,,,확정
person:D,F2142,사실,정의,fl:reborn_evil,407,124,,J32,,확정
person:D,O177,마무리,관계,fl:reborn_evil,407,124,,,,확정
person:D,E1439,떡밥,재언급,char:840,408,124,,,,확정
person:D,E1515,떡밥,재언급,fl:2x2_love_2ch,445,141,,,,확정
person:D.E.E.P.,E568,떡밥,암시,event_footstepwalkrun1,350,96,,,,확정
person:D.E.E.P.,E569,떡밥,암시,event_footstepwalkrun1,350,96,,,,확정
person:D.E.E.P.,F1755,사실,정의,event_footstepwalkrun1,350,96,,J2 J19,,확정
person:D.E.E.P.,F1756,사실,정의,event_footstepwalkrun1,350,96,,J2,,확정
person:D.E.E.P.,F1757,사실,정의,event_footstepwalkrun1,350,96,,,,확정
person:D.E.E.P.,Q223,의문,정의,event_footstepwalkrun1,350,96,일부,J18,,확정
person:D.E.E.P.,F1900,사실,정의,event_unbreakablesphere1,377,109,,,,확정
person:D.E.E.P.,F2051,사실,정의,ch39,396,118,,,,확정
person:D.E.E.P.,F2052,사실,정의,ch39,396,118,,J18,,확정
person:D.E.E.P.,Q223-2,사건,회수,ch39,396,118,,,,확정
person:D.E.E.P.,Q262,의문,정의,ch39,396,118,일부,J18,,확정
person:D.E.E.P.,F2075,사실,정의,ch40,398,119,,J18,,확정
person:D.E.E.P.,Q262-2,사건,회수,ch40,398,119,,,,확정
person:D.E.E.P.,E895,떡밥,재언급,ch41,414,127,,,,확정
person:D.E.E.P.,F2189,사실,정의,ch41,414,127,,,,확정
person:D.E.E.P.,F2204,사실,정의,ch41,414,127,,J18,,확정
person:D.E.E.P.,F2206,사실,정의,ch41,414,127,,,,확정
person:D.E.E.P.,Q289,의문,정의,ch41,414,127,일부,J18,,확정
person:D.E.E.P.,F2412,사실,정의,ch43,434,137,,,,확정
person:D.E.E.P.,F2413,사실,정의,ch43,434,137,,J18,,확정
person:D.E.E.P.,F2414,사실,정의,ch43,434,137,,J18,,확정
person:D.E.E.P.,F2415,사실,정의,ch43,434,137,,J18,,확정
person:D.E.E.P.,F2416,사실,정의,ch43,434,137,,J17,,확정
person:D.E.E.P.,Q289-2,사건,회수,ch43,434,137,,,,확정
person:D.E.E.P.,Q315,의문,정의,ch43,434,137,일부,J18,,확정
person:D.E.E.P.,Q316,의문,정의,ch43,434,137,열림,J18,,확정
person:D.E.E.P.,F2461,사실,정의,ch44,436,138,,,,확정
person:D.E.E.P.,Q315-2,사건,회수,ch44,436,138,,,,확정
person:D.E.E.P.,F1755-2,사건,드러냄,ch45,450,143,,,,확정
person:D.E.E.P.,F1755-3,사건,드러냄,ch46,452,144,,,,확정
person:E.H.,D232,기준,신념,ch22,195,36,,,,확정
person:E.H.,D233,기준,관계,ch22,195,36,,,person:목단,확정
person:E.H.,D234,변화,관계,ch22,195,36,,,person:목단,확정
person:E.H.,E170,떡밥,암시,ch22,195,36,,,,확정
person:E.H.,E173,떡밥,재언급,ch22,195,36,,,,확정
person:E.H.,F885,사실,정의,ch22,195,36,,,,확정
person:E.H.,F889,사실,정의,ch22,195,36,,,,확정
person:E.H.,F890,사실,정의,ch22,195,36,,,,확정
person:E.H.,F891,사실,정의,ch22,195,36,,,,확정
person:E.H.,F892,사실,정의,ch22,195,36,,,,확정
person:E.H.,F893,사실,정의,ch22,195,36,,,,확정
person:E.H.,F894,사실,정의,ch22,195,36,,J21,,확정
person:E.H.,Q125,의문,정의,ch22,195,36,풀림,J21,,확정
person:E.H.,D271,관계 상대,관계,ch23,214,43,,,person:목단,확정
person:E.H.,F893-2,사건,드러냄,ch23,214,43,,,,확정
person:E.H.,F985,사실,정의,ch23,214,43,,,,확정
person:E.H.,F991,사실,정의,ch23,214,43,,,,확정
person:E.H.,U160,생활상,방주 사회,ch23,214,43,,,,확정
person:E.H.,D288,변화,관계,ch24,219,44,,,person:크로우,확정
person:E.H.,D294,변화,신념,ch24,219,44,,,,확정
person:E.H.,D295,관계 상대,관계,ch24,219,44,,,person:잉그리드,확정
person:E.H.,E239,떡밥,암시,ch24,219,44,,,,확정
person:E.H.,E240,떡밥,암시,ch24,219,44,,,,확정
person:E.H.,F1015,사실,정의,ch24,219,44,,,,확정
person:E.H.,F1023,사실,정의,ch24,219,44,,,,확정
person:E.H.,F1024,사실,정의,ch24,219,44,,,,확정
person:E.H.,D767,변화,소속,ch39,396,118,,,,확정
person:E.H.,D768,변화,신체,ch39,396,118,,,,확정
person:E.H.,F2057,사실,정의,ch39,396,118,,,,확정
person:E.H.,F2059,사실,정의,ch39,396,118,,,,확정
person:E.H.,F2060,사실,정의,ch39,396,118,,,,확정
person:E.H.,U313,생활상,방주 사회,ch40,398,119,,,,확정
person:E.H.,D863,변화,신념,ch41,414,127,,,,확정
person:E.H.,E904,떡밥,재언급,ch41,414,127,,,,확정
person:E.H.,F2208,사실,정의,ch41,414,127,,,,확정
person:E.H.,F2210,사실,정의,ch41,414,127,,,,확정
person:E.H.,D897,기준,관계,ch42,416,128,,,person:리버린,확정
person:E.H.,E924,떡밥,재언급,ch42,416,128,,,,확정
person:E.H.,F2233,사실,정의,ch42,416,128,,,,확정
person:E.H.,F2234,사실,정의,ch42,416,128,,,,확정
person:E.H.,F2237,사실,정의,ch42,416,128,,J17,,확정
person:E.H.,F2238,사실,정의,ch42,416,128,,,,확정
person:E.H.,F2239,사실,정의,ch42,416,128,,,,확정
person:E.H.,U342,생활상,방주 사회,ch42,416,128,,,,확정
person:E.H.,F2408,사실,정의,ch43,434,137,,,,확정
person:E.H.,D1068,변화,신념,ch44,436,138,,,,확정
person:E.H.,F2446,사실,정의,ch44,436,138,,,,확정
person:E.H.,F2456,사실,정의,ch44,436,138,,,,확정
person:E.H.,F2457,사실,정의,ch44,436,138,,,,확정
person:E.H.,D1074,관계 상대,관계,fl:enter_heaven,442,140,,,person:바이퍼,확정
person:E.H.,D1075,관계 상대,관계,fl:enter_heaven,442,140,,,person:자칼,확정
person:E.H.,D1076,변화,신념,fl:enter_heaven,442,140,,,,확정
person:E.H.,D1077,변화,소속,fl:enter_heaven,442,140,,,,확정
person:E.H.,D1078,변화,소속,fl:enter_heaven,442,140,,,,확정
person:E.H.,D1079,변화,관계,fl:enter_heaven,442,140,,,person:크로우,확정
person:E.H.,D1081,변화,소속,fl:enter_heaven,442,140,,,,확정
person:E.H.,D1082,기준,관계,fl:enter_heaven,442,140,,,person:지휘관,확정
person:E.H.,D1083,변화,관계,fl:enter_heaven,442,140,,,person:지휘관,확정
person:E.H.,D1084,관계 상대,관계,fl:enter_heaven,442,140,,,person:잉그리드,확정
person:E.H.,E1040,떡밥,재언급,fl:enter_heaven,442,140,,,,확정
person:E.H.,E1041,떡밥,재언급,fl:enter_heaven,442,140,,,,확정
person:E.H.,E1042,떡밥,재언급,fl:enter_heaven,442,140,,,,확정
person:E.H.,E1043,떡밥,암시,fl:enter_heaven,442,140,,,,확정
person:E.H.,E1045,떡밥,재언급,fl:enter_heaven,442,140,,,,확정
person:E.H.,E1046,떡밥,재언급,fl:enter_heaven,442,140,,,,확정
person:E.H.,E1047,떡밥,재언급,fl:enter_heaven,442,140,,,,확정
person:E.H.,F2059-2,사건,드러냄,fl:enter_heaven,442,140,,,,확정
person:E.H.,F2484,사실,정의,fl:enter_heaven,442,140,,,,확정
person:E.H.,F2485,사실,정의,fl:enter_heaven,442,140,,,,확정
person:E.H.,F2486,사실,정의,fl:enter_heaven,442,140,,,,확정
person:E.H.,F2487,사실,정의,fl:enter_heaven,442,140,,,,확정
person:E.H.,F2488,사실,정의,fl:enter_heaven,442,140,,,,확정
person:E.H.,F2489,사실,정의,fl:enter_heaven,442,140,,,,확정
person:E.H.,F2490,사실,정의,fl:enter_heaven,442,140,,J21,,확정
person:E.H.,F2491,사실,정의,fl:enter_heaven,442,140,,,,확정
person:E.H.,F2493,사실,정의,fl:enter_heaven,442,140,,,,확정
person:E.H.,F2494,사실,정의,fl:enter_heaven,442,140,,,,확정
person:E.H.,F2495,사실,정의,fl:enter_heaven,442,140,,J21,,확정
person:E.H.,F2496,사실,정의,fl:enter_heaven,442,140,,,,확정
person:E.H.,F2497,사실,정의,fl:enter_heaven,442,140,,,,확정
person:E.H.,F2499,사실,정의,fl:enter_heaven,442,140,,,,확정
person:E.H.,F2500,사실,정의,fl:enter_heaven,442,140,,,,확정
person:E.H.,F2501,사실,정의,fl:enter_heaven,442,140,,,,확정
person:E.H.,F2502,사실,정의,fl:enter_heaven,442,140,,J21,,확정
person:E.H.,F2503,사실,정의,fl:enter_heaven,442,140,,,,확정
person:E.H.,F2504,사실,정의,fl:enter_heaven,442,140,,,,확정
person:E.H.,F2505,사실,정의,fl:enter_heaven,442,140,,,,확정
person:E.H.,F2506,사실,정의,fl:enter_heaven,442,140,,,,확정
person:E.H.,F2894,사실,정의,fl:enter_heaven,442,140,,,,확정
person:E.H.,Q125-2,사건,회수,fl:enter_heaven,442,140,,,,확정
person:E.H.,Q125-3,사건,회수,fl:enter_heaven,442,140,,,,확정
person:E.H.,Q125-4,사건,회수,fl:enter_heaven,442,140,,,,확정
person:E.H.,D2206,관계 상대,관계,char:113,443,140,,,person:바이퍼,확정
person:E.H.,D2207,기준,관계,char:113,443,140,,,person:바이퍼 person:자칼,확정
person:E.H.,D2208,변화,신념,char:113,443,140,,,,확정
person:E.H.,D2209,변화,관계,char:113,443,140,,,person:지휘관,확정
person:E.H.,F2507,사실,정의,char:113,443,140,,,,확정
person:E.H.,O197,마무리,관계,char:113,443,140,H22,,,확정
person:E.H.,O198,마무리,관계,char:113,443,140,H22,,,확정
person:E.H.,D1142,변화,신념,ch45,450,143,,,,확정
person:E.H.,E1091,떡밥,재언급,ch45,450,143,,,,확정
person:E.H.,F2601,사실,정의,ch45,450,143,,,,확정
person:E.H.,F2602,사실,정의,ch45,450,143,,,,확정
person:E.H.,O64,마무리,성장,ch45,450,143,,,,확정
person:E.H.,F2819,사실,정의,ch47,470,153,,,,확정
person:ELYSION_Line._0,F2684,사실,정의,event_staranis1,454,144,,,,확정
person:ELYSION_Line._0,Q348,의문,정의,event_staranis1,454,144,풀림,J24,,확정
person:ELYSION_Line._0,Q348-2,사건,회수,event_staranis1,454,144,,,,확정
person:ELYSION_Line._0,Q350,의문,정의,event_staranis1,454,144,열림,J24,,확정
person:IV,F857,사실,정의,char:40,188,34,,,,확정
person:JohnD,E108,떡밥,암시,ch16,80,17,,,,확정
person:JohnD,F415,사실,정의,ch16,80,17,,,,확정
person:JohnD,F416,사실,정의,ch16,80,17,,,,확정
person:JohnD,U92,생활상,방주 사회,ch16,80,17,,,,확정
person:JohnD,F706,사실,정의,ch18,146,20,,J21,,확정
person:JohnD,E174,떡밥,재언급,ch22,195,36,,,,확정
person:JohnD,F894,사실,정의,ch22,195,36,,J21,,확정
person:JohnD,Q124,의문,정의,ch22,195,36,일부,J21,,확정
person:JohnD,Q124-2,사건,회수,ch23,214,43,,,,확정
person:K,E94,떡밥,암시,ch14,69,15,,,,확정
person:K,F361,사실,정의,ch14,69,15,,,,확정
person:K,F363,사실,정의,ch14,69,15,,,,확정
person:K,D52,기준,성격,sub:랩칠리언_06,143,19,,,,확정
person:K,F172,사실,정의,sub:랩칠리언_06,143,19,,,,확정
person:K,D1430,관계 상대,관계,event_ltk,187,34,,,person:D,확정
person:K,D1431,기준,신념,event_ltk,187,34,,,,확정
person:K,D1432,기준,관계,event_ltk,187,34,,,person:지휘관,확정
person:K,E1305,떡밥,암시,event_ltk,187,34,,,,확정
person:K,E1306,떡밥,암시,event_ltk,187,34,,,,확정
person:K,F850,사실,정의,event_ltk,187,34,,,,확정
person:K,F1345,사실,정의,event_killthelord,282,67,,,,확정
person:K,F1347,사실,정의,event_killthelord,282,67,,,,확정
person:K,E721,떡밥,암시,event_arcanearchive,383,111,,,,확정
person:K,F1930,사실,정의,event_arcanearchive,383,111,,,,확정
person:K,F1941,사실,정의,event_arcanearchive,383,111,,,,확정
person:K,D709,기준,기억,event_lordforjustice,385,112,,,,확정
person:K,D710,변화,기억,event_lordforjustice,385,112,,,,확정
person:K,D712,변화,신념,event_lordforjustice,385,112,,,,확정
person:K,D713,변화,관계,event_lordforjustice,385,112,,,person:지휘관,확정
person:K,D714,변화,소속,event_lordforjustice,385,112,,,,확정
person:K,D716,관계 상대,관계,event_lordforjustice,385,112,,,person:목단,확정
person:K,D717,관계 상대,관계,event_lordforjustice,385,112,,,person:목단,확정
person:K,E731,떡밥,암시,event_lordforjustice,385,112,,,,확정
person:K,E733,떡밥,암시,event_lordforjustice,385,112,,,,확정
person:K,E734,떡밥,재언급,event_lordforjustice,385,112,,,,확정
person:K,E735,떡밥,재언급,event_lordforjustice,385,112,,,,확정
person:K,E739,떡밥,재언급,event_lordforjustice,385,112,,,,확정
person:K,E740,떡밥,재언급,event_lordforjustice,385,112,,,,확정
person:K,F1947,사실,정의,event_lordforjustice,385,112,,,,확정
person:K,F1948,사실,정의,event_lordforjustice,385,112,,,,확정
person:K,F1949,사실,정의,event_lordforjustice,385,112,,,,확정
person:K,F1950,사실,정의,event_lordforjustice,385,112,,,,확정
person:K,F1952,사실,정의,event_lordforjustice,385,112,,,,확정
person:K,F1954,사실,정의,event_lordforjustice,385,112,,,,확정
person:K,F1955,사실,정의,event_lordforjustice,385,112,,,,확정
person:K,F1956,사실,정의,event_lordforjustice,385,112,,,,확정
person:K,F1958,사실,정의,event_lordforjustice,385,112,,,,확정
person:K,F1959,사실,정의,event_lordforjustice,385,112,,,,확정
person:K,F1963,사실,정의,event_lordforjustice,385,112,,,,확정
person:K,F1965,사실,정의,event_lordforjustice,385,112,,,,확정
person:K,F1966,사실,정의,event_lordforjustice,385,112,,,,확정
person:K,F1967,사실,정의,event_lordforjustice,385,112,,,,확정
person:K,F1969,사실,정의,event_lordforjustice,385,112,,,,확정
person:K,F1970,사실,정의,event_lordforjustice,385,112,,,,확정
person:K,F1971,사실,정의,event_lordforjustice,385,112,,,,확정
person:K,D2166,변화,성격,char:41,386,112,,,,확정
person:K,D2167,변화,관계,char:41,386,112,,,person:지휘관,확정
person:K,F1973,사실,정의,char:41,386,112,,,,확정
person:K,F1974,사실,정의,char:41,386,112,,,,확정
person:K,F1975,사실,정의,char:41,386,112,,,,확정
person:K,O165,마무리,관계,char:41,386,112,,,,확정
person:K,E873,떡밥,암시,fl:reborn_evil,407,124,,,,확정
person:K,F2127,사실,정의,fl:reborn_evil,407,124,,,,확정
person:K,F2140,사실,정의,fl:reborn_evil,407,124,,,,확정
person:K,F2141,사실,정의,fl:reborn_evil,407,124,,,,확정
person:K,F2142,사실,정의,fl:reborn_evil,407,124,,J32,,확정
person:K,E1515,떡밥,재언급,fl:2x2_love_2ch,445,141,,,,확정
person:MISSILIS_Line._0,F2684,사실,정의,event_staranis1,454,144,,,,확정
person:MISSILIS_Line._0,Q348,의문,정의,event_staranis1,454,144,풀림,J24,,확정
person:MISSILIS_Line._0,Q348-2,사건,회수,event_staranis1,454,144,,,,확정
person:MISSILIS_Line._0,Q350,의문,정의,event_staranis1,454,144,열림,J24,,확정
person:MMR지킴이,F1332,사실,정의,sub:MMR지킴이_00,278,66,,,,확정
person:N102,F663,사실,정의,char:120,137,17,,,,확정
person:N102,F664,사실,정의,char:120,137,17,,,,확정
person:N102,Q91,의문,정의,char:120,137,17,열림,J43,,확정
person:N102,F724,사실,정의,event_miraclesnow1,153,21,,,,확정
person:P-12,D2065,변화,신념,char:811,233,49,,,,확정
person:P-12,F1070,사실,정의,char:811,233,49,,,,확정
person:T.A.L.O.S.,D444,관계 상대,관계,event_lastkingdom1,295,73,,,person:킬로,확정
person:T.A.L.O.S.,D445,관계 상대,관계,event_lastkingdom1,295,73,,,person:킬로,확정
person:T.A.L.O.S.,D468,기준,관계,event_lastkingdom1,295,73,,,person:킬로,확정
person:T.A.L.O.S.,E392,떡밥,암시,event_lastkingdom1,295,73,,,,확정
person:T.A.L.O.S.,E393,떡밥,암시,event_lastkingdom1,295,73,,,,확정
person:T.A.L.O.S.,F1422,사실,정의,event_lastkingdom1,295,73,,,,확정
person:T.A.L.O.S.,F1423,사실,정의,event_lastkingdom1,295,73,,,,확정
person:T.A.L.O.S.,F1424,사실,정의,event_lastkingdom1,295,73,,,,확정
person:T.A.L.O.S.,F1426,사실,정의,event_lastkingdom1,295,73,,,,확정
person:T.A.L.O.S.,F1427,사실,정의,event_lastkingdom1,295,73,,,,확정
person:T.A.L.O.S.,F1429,사실,정의,event_lastkingdom1,295,73,,,,확정
person:T.A.L.O.S.,F1434,사실,정의,event_lastkingdom1,295,73,,,,확정
person:T.A.L.O.S.,F1439,사실,정의,event_lastkingdom1,295,73,,,,확정
person:T.A.L.O.S.,F1444,사실,정의,event_lastkingdom1,295,73,,,,확정
person:T.A.L.O.S.,F1446,사실,정의,event_lastkingdom1,295,73,,,,확정
person:T.A.L.O.S.,F1461,사실,정의,char:361,297,73,,,,확정
person:T.A.L.O.S.,F1462,사실,정의,char:361,297,73,,,,확정
person:T.A.L.O.S.,F1463,사실,정의,char:361,297,73,,,,확정
person:T.A.L.O.S.,D922,변화,관계,event_goddessfall1,418,128,,,person:킬로,확정
person:T.A.L.O.S.,F2271,사실,정의,event_goddessfall1,418,128,,,,확정
person:T.A.L.O.S.,F2287,사실,정의,event_goddessfall1,418,128,,,,확정
person:T.A.L.O.S.,F2309,사실,정의,event_goddessfall1,418,128,,,,확정
person:T.A.L.O.S.,O38,마무리,관계,event_goddessfall1,418,128,H5,,,확정
person:VII,F1956,사실,정의,event_lordforjustice,385,112,,,,확정
person:VII,F1957,사실,정의,event_lordforjustice,385,112,,,,확정
person:VII,F1958,사실,정의,event_lordforjustice,385,112,,,,확정
person:VII,F1960,사실,정의,event_lordforjustice,385,112,,,,확정
person:VII,F1961,사실,정의,event_lordforjustice,385,112,,,,확정
person:VII,F1963,사실,정의,event_lordforjustice,385,112,,,,확정
person:VII,F1964,사실,정의,event_lordforjustice,385,112,,,,확정
person:VII,F1966,사실,정의,event_lordforjustice,385,112,,,,확정
person:VII,F1967,사실,정의,event_lordforjustice,385,112,,,,확정
person:VII,F1968,사실,정의,event_lordforjustice,385,112,,,,확정
person:VII,F1972,사실,정의,event_lordforjustice,385,112,,,,확정
person:X,F857,사실,정의,char:40,188,34,,,,확정
person:X,F1947,사실,정의,event_lordforjustice,385,112,,,,확정
person:X,F1948,사실,정의,event_lordforjustice,385,112,,,,확정
person:X,F1961,사실,정의,event_lordforjustice,385,112,,,,확정
person:X,F1962,사실,정의,event_lordforjustice,385,112,,J17,,확정
person:X,F1967,사실,정의,event_lordforjustice,385,112,,,,확정
person:X,F1968,사실,정의,event_lordforjustice,385,112,,,,확정
person:X,F1969,사실,정의,event_lordforjustice,385,112,,,,확정
person:X,F1972,사실,정의,event_lordforjustice,385,112,,,,확정
person:X,E875,떡밥,암시,fl:reborn_evil,407,124,,,,확정
person:X,E880,떡밥,재언급,fl:reborn_evil,407,124,,,,확정
person:X,F2141,사실,정의,fl:reborn_evil,407,124,,,,확정
person:X,F2142,사실,정의,fl:reborn_evil,407,124,,J32,,확정
person:거울_공주,F1564,사실,정의,sub:거울_공주_00,312,81,,,,확정
person:겐조,F845,사실,정의,char:282,185,32,,,,확정
person:겐조,F847,사실,정의,char:282,185,32,,,,확정
person:겐조,F848,사실,정의,char:282,185,32,,,,확정
person:고스트,F180,사실,정의,sub:고스트_00,22,6,,,,확정
person:고스트,F181,사실,정의,sub:고스트_00,22,6,,,,확정
person:고스트,Q34,의문,정의,sub:고스트_00,22,6,열림,J27,,확정
person:고스트,U28,생활상,구시대,sub:고스트_00,22,6,,,,확정
person:곰,D1758,기준,성격,fl:persona_on_frontline,474,154,,,,확정
person:곰,D1759,변화,관계,fl:persona_on_frontline,474,154,,,person:지휘관 person:미란다 person:레오나,확정
person:곰,E1572,떡밥,암시,fl:persona_on_frontline,474,154,,,,확정
person:곰,E1579,떡밥,암시,fl:persona_on_frontline,474,154,,,,확정
person:곰,F2853,사실,정의,fl:persona_on_frontline,474,154,,,,확정
person:곰,F2854,사실,정의,fl:persona_on_frontline,474,154,,,,확정
person:곰,F2861,사실,정의,fl:persona_on_frontline,474,154,,,,확정
person:곰,F2863,사실,정의,fl:persona_on_frontline,474,154,,,,확정
person:곰,F2864,사실,정의,fl:persona_on_frontline,474,154,,,,확정
person:곰,F2871,사실,정의,char:871,477,155,,,,확정
person:관짝이,F1561,사실,정의,sub:관짝이_00,311,81,,,,확정
person:그레이,F1250,사실,정의,event_lionheart,263,61,,,,확정
person:그레이브,E338,떡밥,암시,ch28,275,66,,,,확정
person:그레이브,D428,기준,관계,ch29,291,72,,,person:지휘관,확정
person:그레이브,D429,기준,성격,ch29,291,72,,,,확정
person:그레이브,E371,떡밥,암시,ch29,291,72,,,,확정
person:그레이브,E374,떡밥,암시,ch29,291,72,,,,확정
person:그레이브,D437,변화,관계,ch30,293,73,,,person:지휘관,확정
person:그레이브,D438,기준,기억,ch30,293,73,,,,확정
person:그레이브,D439,기준,신념,ch30,293,73,,,,확정
person:그레이브,D440,기준,관계,ch30,293,73,,,person:라피,확정
person:그레이브,D442,관계 상대,관계,ch30,293,73,,,person:라피,확정
person:그레이브,E385,떡밥,재언급,ch30,293,73,,,,확정
person:그레이브,E386,떡밥,암시,ch30,293,73,,,,확정
person:그레이브,E387,떡밥,재언급,ch30,293,73,,,,확정
person:그레이브,E388,떡밥,암시,ch30,293,73,,,,확정
person:그레이브,F1407,사실,정의,ch30,293,73,,,,확정
person:그레이브,F1408,사실,정의,ch30,293,73,,J12,,확정
person:그레이브,F1409,사실,정의,ch30,293,73,,,,확정
person:그레이브,F1410,사실,정의,ch30,293,73,,J12,,확정
person:그레이브,F1411,사실,정의,ch30,293,73,,,,확정
person:그레이브,D494,관계 상대,관계,ch31,308,80,,,person:베히모스,확정
person:그레이브,D498,관계 상대,관계,ch31,308,80,,,person:라피,확정
person:그레이브,D499,변화,신체,ch31,308,80,,,,확정
person:그레이브,E438,떡밥,암시,ch31,308,80,,,,확정
person:그레이브,E442,떡밥,암시,ch31,308,80,,,,확정
person:그레이브,E446,떡밥,암시,ch31,308,80,,,,확정
person:그레이브,F1523,사실,정의,ch31,308,80,,,,확정
person:그레이브,F1524,사실,정의,ch31,308,80,,,,확정
person:그레이브,F1530,사실,정의,ch31,308,80,,,,확정
person:그레이브,F1531,사실,정의,ch31,308,80,,,,확정
person:그레이브,F1532,사실,정의,ch31,308,80,,,,확정
person:그레이브,F1536,사실,정의,ch31,308,80,,J12,,확정
person:그레이브,F1537,사실,정의,ch31,308,80,,,,확정
person:그레이브,D500,변화,관계,ch32,310,81,,,person:지휘관,확정
person:그레이브,D501,변화,관계,ch32,310,81,,,person:라피,확정
person:그레이브,D511,관계 상대,관계,ch32,310,81,,,person:신데렐라,확정
person:그레이브,D512,기준,관계,ch32,310,81,,,person:신데렐라,확정
person:그레이브,E448,떡밥,재언급,ch32,310,81,,,,확정
person:그레이브,E449,떡밥,재언급,ch32,310,81,,,,확정
person:그레이브,E450,떡밥,재언급,ch32,310,81,,,,확정
person:그레이브,E451,떡밥,재언급,ch32,310,81,,,,확정
person:그레이브,E455,떡밥,암시,ch32,310,81,,,,확정
person:그레이브,F1530-2,사건,드러냄,ch32,310,81,,,,확정
person:그레이브,F1540,사실,정의,ch32,310,81,,,,확정
person:그레이브,F1541,사실,정의,ch32,310,81,,,,확정
person:그레이브,F1542,사실,정의,ch32,310,81,,,,확정
person:그레이브,F1543,사실,정의,ch32,310,81,,,,확정
person:그레이브,F1545,사실,정의,ch32,310,81,,J12,,확정
person:그레이브,F1547,사실,정의,ch32,310,81,,,,확정
person:그레이브,F1548,사실,정의,ch32,310,81,,,,확정
person:그레이브,F1552,사실,정의,ch32,310,81,,,,확정
person:그레이브,F1554,사실,정의,ch32,310,81,,,,확정
person:그레이브,F1556,사실,정의,ch32,310,81,,,,확정
person:그레이브,F1557,사실,정의,ch32,310,81,,,,확정
person:그레이브,Q204,의문,정의,ch32,310,81,풀림,J12,,확정
person:그레이브,D518,변화,관계,sub:관짝이_00,311,81,,,,확정
person:그레이브,E460,떡밥,암시,sub:관짝이_00,311,81,,,,확정
person:그레이브,F1561,사실,정의,sub:관짝이_00,311,81,,,,확정
person:그레이브,F1562,사실,정의,sub:관짝이_00,311,81,,J12,,확정
person:그레이브,F1563,사실,정의,sub:관짝이_00,311,81,,J12,,확정
person:그레이브,E465,떡밥,암시,sub:거울_공주_00,312,81,,,,확정
person:그레이브,F1564,사실,정의,sub:거울_공주_00,312,81,,,,확정
person:그레이브,D519,변화,관계,sub:관짝이_01,313,81,,,person:신데렐라,확정
person:그레이브,E461,떡밥,재언급,sub:관짝이_01,313,81,,,,확정
person:그레이브,E462,떡밥,암시,sub:관짝이_01,313,81,,,,확정
person:그레이브,E463,떡밥,재언급,sub:관짝이_01,313,81,,,,확정
person:그레이브,F1567,사실,정의,sub:관짝이_01,313,81,,,,확정
person:그레이브,F1568,사실,정의,sub:관짝이_01,313,81,,,,확정
person:그레이브,F1569,사실,정의,sub:관짝이_01,313,81,,,,확정
person:그레이브,D520,기준,관계,sub:관짝이_02,314,81,,,person:스노우_화이트,확정
person:그레이브,E464,떡밥,암시,sub:관짝이_02,314,81,,,,확정
person:그레이브,F1570,사실,정의,sub:관짝이_02,314,81,,,,확정
person:그레이브,F1571,사실,정의,sub:관짝이_02,314,81,,J12,,확정
person:그레이브,D534,변화,관계,ch33,334,90,,,person:라피,확정
person:그레이브,D537,변화,신체,ch33,334,90,,,,확정
person:그레이브,D538,관계 상대,관계,ch33,334,90,,,person:마나,확정
person:그레이브,E475,떡밥,재언급,ch33,334,90,,,,확정
person:그레이브,E476,떡밥,암시,ch33,334,90,,,,확정
person:그레이브,E483,떡밥,재언급,ch33,334,90,,,,확정
person:그레이브,F1625,사실,정의,ch33,334,90,,,,확정
person:그레이브,F1630,사실,정의,ch33,334,90,,,,확정
person:그레이브,F1631,사실,정의,ch33,334,90,,,,확정
person:그레이브,F1632,사실,정의,ch33,334,90,,J12,,확정
person:그레이브,F1639,사실,정의,ch33,334,90,,,,확정
person:그레이브,Q204-2,사건,회수,ch33,334,90,,,,확정
person:그레이브,Q216,의문,정의,ch33,334,90,풀림,J12,,확정
person:그레이브,D549,관계 상대,관계,ch34,336,91,,,person:라피,확정
person:그레이브,D551,변화,관계,ch34,336,91,,,person:라피,확정
person:그레이브,D552,변화,신체,ch34,336,91,,,,확정
person:그레이브,D553,관계 상대,관계,ch34,336,91,,,person:신데렐라,확정
person:그레이브,E495,떡밥,재언급,ch34,336,91,,,,확정
person:그레이브,E500,떡밥,암시,ch34,336,91,,,,확정
person:그레이브,E502,떡밥,암시,ch34,336,91,,,,확정
person:그레이브,E504,떡밥,재언급,ch34,336,91,,,,확정
person:그레이브,E506,떡밥,재언급,ch34,336,91,,,,확정
person:그레이브,E507,떡밥,암시,ch34,336,91,,,,확정
person:그레이브,F1643,사실,정의,ch34,336,91,,J12,,확정
person:그레이브,F1646,사실,정의,ch34,336,91,,,,확정
person:그레이브,F1648,사실,정의,ch34,336,91,,,,확정
person:그레이브,F1649,사실,정의,ch34,336,91,,,,확정
person:그레이브,F1650,사실,정의,ch34,336,91,,,,확정
person:그레이브,F1651,사실,정의,ch34,336,91,,J12,,확정
person:그레이브,F1657,사실,정의,ch34,336,91,,,,확정
person:그레이브,F1658,사실,정의,ch34,336,91,,,,확정
person:그레이브,O16,마무리,관계,ch34,336,91,H2,,,확정
person:그레이브,Q204-3,사건,회수,ch34,336,91,,,,확정
person:그레이브,Q216-2,사건,회수,ch34,336,91,,,,확정
person:그레이브,D580,변화,신체,event_oldtales1,338,91,,,,확정
person:그레이브,E520,떡밥,암시,event_oldtales1,338,91,,,,확정
person:그레이브,E525,떡밥,암시,event_oldtales1,338,91,,,,확정
person:그레이브,E531,떡밥,암시,event_oldtales1,338,91,,,,확정
person:그레이브,E532,떡밥,암시,event_oldtales1,338,91,,,,확정
person:그레이브,E536,떡밥,암시,event_oldtales1,338,91,,,,확정
person:그레이브,E543,떡밥,재언급,event_oldtales1,338,91,,,,확정
person:그레이브,E544,떡밥,재언급,event_oldtales1,338,91,,,,확정
person:그레이브,E545,떡밥,암시,event_oldtales1,338,91,,,,확정
person:그레이브,E546,떡밥,암시,event_oldtales1,338,91,,,,확정
person:그레이브,E548,떡밥,암시,event_oldtales1,338,91,,,,확정
person:그레이브,E549,떡밥,재언급,event_oldtales1,338,91,,,,확정
person:그레이브,F1523-2,사건,드러냄,event_oldtales1,338,91,,,,확정
person:그레이브,Q204-4,사건,회수,event_oldtales1,338,91,,,,확정
person:그레이브,D584,변화,기억,erelic:old_tales_dialog,339,91,,,,확정
person:그레이브,D585,변화,관계,erelic:old_tales_dialog,339,91,,,person:니힐리스타,확정
person:그레이브,F1543-2,사건,드러냄,erelic:old_tales_dialog,339,91,,,,확정
person:그레이브,E1395,떡밥,재언급,char:226,342,91,,,,확정
person:그레이브,D2135,관계 상대,관계,char:511,343,91,,,person:신데렐라,확정
person:그레이브,F1716,사실,정의,char:511,343,91,,,,확정
person:그레이브,F1718,사실,정의,char:511,343,91,,,,확정
person:그레이브,D1596,변화,성격,char:514,344,92,,,,확정
person:그레이브,D1597,변화,신념,char:514,344,92,,,,확정
person:그레이브,D1598,변화,관계,char:514,344,92,,,person:지휘관,확정
person:그레이브,D1599,변화,관계,char:514,344,92,,,person:신데렐라,확정
person:그레이브,E1398,떡밥,암시,char:514,344,92,,,,확정
person:그레이브,F1719,사실,정의,char:514,344,92,,,,확정
person:그레이브,F1720,사실,정의,char:514,344,92,,,,확정
person:그레이브,F1721,사실,정의,char:514,344,92,,,,확정
person:그레이브,O19,마무리,관계,char:514,344,92,,,,확정
person:그레이브,D606,변화,관계,ch35,358,101,,,person:지휘관,확정
person:그레이브,E592,떡밥,재언급,ch35,358,101,,,,확정
person:그레이브,E593,떡밥,재언급,ch35,358,101,,,,확정
person:그레이브,E599,떡밥,재언급,ch35,358,101,,,,확정
person:그레이브,E600,떡밥,재언급,ch35,358,101,,,,확정
person:그레이브,F1789,사실,정의,ch35,358,101,,,,확정
person:그레이브,F1792,사실,정의,ch35,358,101,,J9 J12 J13,,확정
person:그레이브,F1799,사실,정의,ch35,358,101,,,,확정
person:그레이브,F1801,사실,정의,ch35,358,101,,,,확정
person:그레이브,F1802,사실,정의,ch35,358,101,,,,확정
person:그레이브,O22,마무리,관계,ch35,358,101,,,,확정
person:그레이브,E620,떡밥,재언급,ch36,360,102,,,,확정
person:그레이브,E624,떡밥,재언급,ch36,360,102,,,,확정
person:그레이브,F1814,사실,정의,ch36,360,102,,,,확정
person:그레이브,F1816,사실,정의,ch36,360,102,,,,확정
person:그레이브,D643,기준,관계,side:mudfish,370,107,,,person:세이렌,확정
person:그레이브,E641,떡밥,재언급,side:mudfish,370,107,,,,확정
person:그레이브,E709,떡밥,재언급,event_unbreakablesphere1,377,109,,,,확정
person:그레이브,F1814-2,사건,드러냄,event_unbreakablesphere1,377,109,,,,확정
person:그레이브,F1903,사실,정의,event_unbreakablesphere1,377,109,,J12,,확정
person:그레이브,D697,변화,관계,erelic:unbreakable_sphere_dialog,378,109,,,person:세이렌,확정
person:그레이브,E710,떡밥,재언급,erelic:unbreakable_sphere_dialog,378,109,,,,확정
person:그레이브,F1816-2,사건,드러냄,erelic:unbreakable_sphere_lost,379,109,,,,확정
person:그레이브,E1430,떡밥,재언급,char:513,380,109,,,,확정
person:그레이브,E1431,떡밥,재언급,char:513,380,109,,,,확정
person:그레이브,F2193,사실,정의,ch41,414,127,,,,확정
person:그레이브,E916,떡밥,암시,ch42,416,128,,,,확정
person:그레이브,E926,떡밥,암시,ch42,416,128,,,,확정
person:그레이브,F2216,사실,정의,ch42,416,128,,,,확정
person:그레이브,F2228,사실,정의,ch42,416,128,,,,확정
person:그레이브,F2229,사실,정의,ch42,416,128,,,,확정
person:그레이브,D1042,관계 상대,관계,ch44,436,138,,,person:스노우_화이트,확정
person:그레이브,F2430,사실,정의,ch44,436,138,,J2,,확정
person:그레이브,D1754,기준,관계,fl:wave_to_you,464,149,,,person:모리,확정
person:그레이브,E1553,떡밥,재언급,fl:wave_to_you,464,149,,,,확정
person:그레이브,F2764,사실,정의,fl:wave_to_you,464,149,,,,확정
person:그레이브,D1775,관계 상대,관계,fl:great_villain_union,478,156,,,person:드레이크,확정
person:그레이브,D1779,관계 상대,관계,fl:great_villain_union,478,156,,,person:드레이크,확정
person:그레이브,D1783,기준,관계,fl:great_villain_union,478,156,,,person:드레이크,확정
person:그레이브,D1784,변화,소속,fl:great_villain_union,478,156,,,,확정
person:그레이브,D1785,변화,관계,fl:great_villain_union,478,156,,,person:드레이크,확정
person:그레이브,F2872,사실,정의,fl:great_villain_union,478,156,,,,확정
person:그레이브,F2877,사실,정의,fl:great_villain_union,478,156,,,,확정
person:그레이브,F2906,사실,정의,fl:great_villain_union,478,156,,,,확정
person:그레텔,F1572,사실,정의,sub:거울_공주_01,315,81,,,,확정
person:그레텔,Q207,의문,정의,sub:거울_공주_01,315,81,일부,J12,,확정
person:그레텔,Q207-2,사건,회수,ch34,336,91,,,,확정
person:그레텔,D574,관계 상대,관계,event_oldtales1,338,91,,,person:신데렐라,확정
person:그레텔,D575,관계 상대,관계,event_oldtales1,338,91,,,person:신데렐라,확정
person:그레텔,D576,관계 상대,관계,event_oldtales1,338,91,,,person:신데렐라,확정
person:그레텔,E530,떡밥,암시,event_oldtales1,338,91,,,,확정
person:그레텔,F1665,사실,정의,event_oldtales1,338,91,,,,확정
person:그레텔,F1666,사실,정의,event_oldtales1,338,91,,,,확정
person:그레텔,F1668,사실,정의,event_oldtales1,338,91,,,,확정
person:그레텔,F1671,사실,정의,event_oldtales1,338,91,,,,확정
person:그레텔,F1683,사실,정의,event_oldtales1,338,91,,,,확정
person:그레텔,F1685,사실,정의,event_oldtales1,338,91,,,,확정
person:그레텔,F1687,사실,정의,event_oldtales1,338,91,,,,확정
person:그레텔,F1689,사실,정의,event_oldtales1,338,91,,,,확정
person:그레텔,F1690,사실,정의,event_oldtales1,338,91,,,,확정
person:그레텔,F1692,사실,정의,event_oldtales1,338,91,,,,확정
person:그레텔,E1616,떡밥,암시,char:511,343,91,,,,확정
person:그레텔,F1716,사실,정의,char:511,343,91,,,,확정
person:그레텔,Q207-3,사건,회수,ch35,358,101,,,,확정
person:그레텔,F1814,사실,정의,ch36,360,102,,,,확정
person:그레텔,Q207-4,사건,회수,ch36,360,102,,,,확정
person:그레텔,F1814-2,사건,드러냄,event_unbreakablesphere1,377,109,,,,확정
person:그레텔,F1896,사실,정의,event_unbreakablesphere1,377,109,,,,확정
person:그레텔,F1903,사실,정의,event_unbreakablesphere1,377,109,,J12,,확정
person:그레텔,Q207-5,사건,회수,event_unbreakablesphere1,377,109,,,,확정
person:그레텔,F1904,사실,정의,erelic:unbreakable_sphere_dialog,378,109,,,,확정
person:그레텔,F1905,사실,정의,erelic:unbreakable_sphere_dialog,378,109,,,,확정
person:그레텔,D1638,관계 상대,관계,char:513,380,109,,,person:세이렌,확정
person:그레텔,F1911,사실,정의,char:513,380,109,,,,확정
person:그레텔,F1914,사실,정의,char:513,380,109,,,,확정
person:그레텔,E927,떡밥,재언급,ch42,416,128,,,,확정
person:그레텔,F2216,사실,정의,ch42,416,128,,,,확정
person:그레텔,F2250,사실,정의,ch42,416,128,,J12,,확정
person:그레텔,D1755,관계 상대,관계,fl:wave_to_you,464,149,,,person:신데렐라,확정
person:그레텔,F2750,사실,정의,fl:wave_to_you,464,149,,,,확정
person:그레텔,F2764,사실,정의,fl:wave_to_you,464,149,,,,확정
person:글러트니,F1667,사실,정의,event_oldtales1,338,91,,,,확정
person:글러트니,E644,떡밥,암시,side:mudfish,370,107,,,,확정
person:글러트니,F1848,사실,정의,side:mudfish,370,107,,,,확정
person:글러트니,F1849,사실,정의,side:mudfish,370,107,,J10,,확정
person:글러트니,Q236,의문,정의,side:mudfish,370,107,풀림,J12,,확정
person:글러트니,Q237,의문,정의,side:mudfish,370,107,풀림,J23,,확정
person:글러트니,E659,떡밥,암시,ch38,375,109,,,,확정
person:글러트니,E673,떡밥,재언급,ch38,375,109,,,,확정
person:글러트니,E674,떡밥,재언급,ch38,375,109,,,,확정
person:글러트니,F1878,사실,정의,ch38,375,109,,J10,,확정
person:글러트니,F1879,사실,정의,ch38,375,109,,,,확정
person:글러트니,E676,떡밥,재언급,relic:은색액체,376,109,,,,확정
person:글러트니,F1883,사실,정의,event_unbreakablesphere1,377,109,,J23,,확정
person:글러트니,F1884,사실,정의,event_unbreakablesphere1,377,109,,J12,,확정
person:글러트니,F1884-2,사건,드러냄,event_unbreakablesphere1,377,109,,,,확정
person:글러트니,F1887,사실,정의,event_unbreakablesphere1,377,109,,,,확정
person:글러트니,F1888,사실,정의,event_unbreakablesphere1,377,109,,,,확정
person:글러트니,F1889,사실,정의,event_unbreakablesphere1,377,109,,,,확정
person:글러트니,F1895,사실,정의,event_unbreakablesphere1,377,109,,,,확정
person:글러트니,F1897,사실,정의,event_unbreakablesphere1,377,109,,,,확정
person:글러트니,F1901,사실,정의,event_unbreakablesphere1,377,109,,,,확정
person:글러트니,F1902,사실,정의,event_unbreakablesphere1,377,109,,,,확정
person:글러트니,Q236-2,사건,회수,event_unbreakablesphere1,377,109,,,,확정
person:글러트니,Q237-2,사건,회수,event_unbreakablesphere1,377,109,,,,확정
person:글러트니,F1907,사실,정의,erelic:unbreakable_sphere_lost,379,109,,,,확정
person:글러트니,F2197,사실,정의,ch41,414,127,,,,확정
person:글러트니,E910,떡밥,재언급,ch42,416,128,,,,확정
person:글러트니,F2217,사실,정의,ch42,416,128,,,,확정
person:글러트니,F2219,사실,정의,ch42,416,128,,,,확정
person:글러트니,F2220,사실,정의,ch42,416,128,,,,확정
person:글러트니,F2222,사실,정의,ch42,416,128,,,,확정
person:글러트니,F2227,사실,정의,ch42,416,128,,,,확정
person:글러트니,E1589,떡밥,재언급,fl:great_villain_union,478,156,,,,확정
person:글러트니,E1591,떡밥,재언급,fl:great_villain_union,478,156,,,,확정
person:글러트니,F2874,사실,정의,fl:great_villain_union,478,156,,,,확정
person:글러트니,F2875,사실,정의,fl:great_villain_union,478,156,,,,확정
person:글러트니,F2876,사실,정의,fl:great_villain_union,478,156,,,,확정
person:글러트니,F2877,사실,정의,fl:great_villain_union,478,156,,,,확정
person:길로틴,E82,떡밥,암시,ch12,59,13,,,,확정
person:길로틴,F308,사실,정의,ch12,59,13,,,,확정
person:길로틴,Q60,의문,정의,ch12,59,13,풀림,J25,,확정
person:길로틴,D1352,기준,성격,char:180,85,17,,,,확정
person:길로틴,D1353,기준,관계,char:180,85,17,,,person:지휘관,확정
person:길로틴,D1354,변화,관계,char:180,85,17,,,person:지휘관,확정
person:길로틴,D1355,기준,관계,char:180,85,17,,,person:잉그리드,확정
person:길로틴,D1356,기준,신념,char:180,85,17,,,,확정
person:길로틴,F429,사실,정의,char:180,85,17,,,,확정
person:길로틴,F430,사실,정의,char:180,85,17,,,,확정
person:길로틴,F431,사실,정의,char:180,85,17,,J25,,확정
person:길로틴,F433,사실,정의,char:180,85,17,,,,확정
person:길로틴,F434,사실,정의,char:180,85,17,,,,확정
person:길로틴,F436,사실,정의,char:180,85,17,,,,확정
person:길로틴,F438,사실,정의,char:180,85,17,,,,확정
person:길로틴,F439,사실,정의,char:180,85,17,,,,확정
person:길로틴,Q60-2,사건,회수,char:180,85,17,,,,확정
person:길로틴,F541,사실,정의,char:181,101,17,,,,확정
person:길로틴,D275,변화,관계,ch23,214,43,,,person:메이든,확정
person:길로틴,F997,사실,정의,ch23,214,43,,J25,,확정
person:길로틴,E1351,떡밥,암시,event_lionheart,263,61,,,,확정
person:길로틴,F1246,사실,정의,event_lionheart,263,61,,,,확정
person:길로틴,F1252,사실,정의,event_lionheart,263,61,,,,확정
person:길로틴,F1468,사실,정의,event_darkhero,298,74,,,,확정
person:길로틴,D1608,기준,관계,event_icedragonsaga1,347,94,,,person:클로이,확정
person:길로틴,D1609,변화,관계,event_icedragonsaga1,347,94,,,person:클로이,확정
person:길로틴,D1610,변화,관계,event_icedragonsaga1,347,94,,,person:클로이,확정
person:길로틴,D1611,변화,신념,event_icedragonsaga1,347,94,,,,확정
person:길로틴,D1612,변화,관계,event_icedragonsaga1,347,94,,,person:메이든,확정
person:길로틴,D1613,변화,관계,event_icedragonsaga1,347,94,,,person:메이든,확정
person:길로틴,D1614,변화,신념,event_icedragonsaga1,347,94,,,,확정
person:길로틴,D1618,관계 상대,관계,event_icedragonsaga1,347,94,,,person:메이든,확정
person:길로틴,D1619,관계 상대,관계,event_icedragonsaga1,347,94,,,person:메이든,확정
person:길로틴,D1620,관계 상대,관계,event_icedragonsaga1,347,94,,,person:잉그리드,확정
person:길로틴,D1624,관계 상대,관계,event_icedragonsaga1,347,94,,,person:잉크,확정
person:길로틴,E1402,떡밥,암시,event_icedragonsaga1,347,94,,,,확정
person:길로틴,E1403,떡밥,암시,event_icedragonsaga1,347,94,,,,확정
person:길로틴,E1404,떡밥,암시,event_icedragonsaga1,347,94,,,,확정
person:길로틴,E1406,떡밥,암시,event_icedragonsaga1,347,94,,,,확정
person:길로틴,E1407,떡밥,암시,event_icedragonsaga1,347,94,,,,확정
person:길로틴,E1408,떡밥,암시,event_icedragonsaga1,347,94,,,,확정
person:길로틴,E1410,떡밥,암시,event_icedragonsaga1,347,94,,,,확정
person:길로틴,E1411,떡밥,암시,event_icedragonsaga1,347,94,,,,확정
person:길로틴,E1414,떡밥,암시,event_icedragonsaga1,347,94,,,,확정
person:길로틴,E1415,떡밥,재언급,event_icedragonsaga1,347,94,,,,확정
person:길로틴,F1728,사실,정의,event_icedragonsaga1,347,94,,,,확정
person:길로틴,F1730,사실,정의,event_icedragonsaga1,347,94,,,,확정
person:길로틴,F1731,사실,정의,event_icedragonsaga1,347,94,,,,확정
person:길로틴,F1732,사실,정의,event_icedragonsaga1,347,94,,,,확정
person:길로틴,F1733,사실,정의,event_icedragonsaga1,347,94,,,,확정
person:길로틴,F1734,사실,정의,event_icedragonsaga1,347,94,,,,확정
person:길로틴,F1735,사실,정의,event_icedragonsaga1,347,94,,,,확정
person:길로틴,F1736,사실,정의,event_icedragonsaga1,347,94,,,,확정
person:길로틴,O20,마무리,관계,event_icedragonsaga1,347,94,H11,,,확정
person:길로틴,D2138,변화,신념,char:182,349,95,,,,확정
person:길로틴,F1737,사실,정의,char:182,349,95,,,,확정
person:길로틴,O154,마무리,성장,char:182,349,95,,,,확정
person:길로틴,F2600,사실,정의,ch45,450,143,,,,확정
person:길티,D1976,기준,성격,char:400,170,26,,,,확정
person:길티,D1977,기준,신념,char:400,170,26,,,,확정
person:길티,D1978,변화,신념,char:400,170,26,,,,확정
person:길티,D1979,기준,관계,char:400,170,26,,,person:지휘관,확정
person:길티,D1980,변화,관계,char:400,170,26,,,person:지휘관,확정
person:길티,D1981,변화,관계,char:400,170,26,,,person:지휘관,확정
person:길티,D1982,변화,소속,char:400,170,26,,,,확정
person:길티,F784,사실,정의,char:400,170,26,,,,확정
person:길티,F785,사실,정의,char:400,170,26,,,,확정
person:길티,F786,사실,정의,char:400,170,26,,,,확정
person:길티,F787,사실,정의,char:400,170,26,,,,확정
person:길티,F788,사실,정의,char:400,170,26,,,,확정
person:길티,D489,변화,성격,event_beautyfullshot1,305,78,,,,확정
person:길티,D490,기준,관계,event_beautyfullshot1,305,78,,,person:메이든,확정
person:길티,D491,변화,관계,event_beautyfullshot1,305,78,,,person:메이든,확정
person:길티,D492,관계 상대,관계,event_beautyfullshot1,305,78,,,person:메이든,확정
person:길티,E431,떡밥,재언급,event_beautyfullshot1,305,78,,,,확정
person:길티,F1508,사실,정의,event_beautyfullshot1,305,78,,,,확정
person:길티,F1517,사실,정의,event_beautyfullshot1,305,78,,,,확정
person:길티,F1518,사실,정의,event_beautyfullshot1,305,78,,,,확정
person:길티,D2231,변화,성격,char:404,480,157,,,,확정
person:길티,D2232,변화,관계,char:404,480,157,,,person:지휘관,확정
person:길티,O219,마무리,관계,char:404,480,157,H27,,,확정
person:길티,O220,마무리,성장,char:404,480,157,H27,,,확정
person:김작가,D164,변화,관계,sub:김작가_00,47,10,,,person:지휘관,확정
person:김작가,U105,생활상,일상 · 문화,sub:김작가_00,47,10,,,,확정
person:꼼꼼이,E788,떡밥,암시,fl:boom_the_ghost,393,116,,,,확정
person:꼼꼼이,F2026,사실,정의,fl:boom_the_ghost,393,116,,,,확정
person:나가,E1329,떡밥,암시,event_schooloflock,234,50,,,,확정
person:나가,D1471,기준,성격,event_dazzlingcupid,236,51,,,,확정
person:나가,D1473,기준,관계,event_dazzlingcupid,236,51,,,person:지휘관,확정
person:나가,D1474,기준,관계,event_dazzlingcupid,236,51,,,person:티아,확정
person:나가,D1475,변화,관계,event_dazzlingcupid,236,51,,,person:티아,확정
person:나가,D1477,관계 상대,관계,event_dazzlingcupid,236,51,,,person:티아,확정
person:나가,D1478,변화,관계,event_dazzlingcupid,236,51,,,person:티아,확정
person:나가,D1479,관계 상대,관계,event_dazzlingcupid,236,51,,,person:티아,확정
person:나가,D1480,변화,관계,event_dazzlingcupid,236,51,,,person:지휘관,확정
person:나가,E1331,떡밥,암시,event_dazzlingcupid,236,51,,,,확정
person:나가,E1332,떡밥,암시,event_dazzlingcupid,236,51,,,,확정
person:나가,E1334,떡밥,암시,event_dazzlingcupid,236,51,,,,확정
person:나가,E1335,떡밥,암시,event_dazzlingcupid,236,51,,,,확정
person:나가,F1081,사실,정의,event_dazzlingcupid,236,51,,,,확정
person:나가,F1082,사실,정의,event_dazzlingcupid,236,51,,,,확정
person:나가,F1083,사실,정의,event_dazzlingcupid,236,51,,,,확정
person:나가,D2069,기준,신념,char:450,237,51,,,,확정
person:나가,D2070,변화,신념,char:450,237,51,,,,확정
person:나가,D2071,변화,관계,char:450,237,51,,,person:티아,확정
person:나가,D2072,관계 상대,관계,char:450,237,51,,,person:티아,확정
person:나가,F1085,사실,정의,char:450,237,51,,,,확정
person:나가,F1086,사실,정의,char:450,237,51,,,,확정
person:나가,F1087,사실,정의,char:450,237,51,,,,확정
person:나가,F1088,사실,정의,char:450,237,51,,,,확정
person:나가,F1090,사실,정의,char:451,238,52,,,,확정
person:나가,F1374,사실,정의,event_onemoretime,289,71,,,,확정
person:나가,E1380,떡밥,재언급,event_juveniledays,317,81,,,,확정
person:나가,F2527,사실,정의,fl:2x2_love_2ch,445,141,,,,확정
person:나가,D1746,관계 상대,관계,fl:wave_to_you,464,149,,,person:마르차나,확정
person:나가,D1748,변화,관계,fl:wave_to_you,464,149,,,person:마르차나,확정
person:나가,D1749,관계 상대,관계,fl:wave_to_you,464,149,,,person:마르차나,확정
person:나가,D1751,변화,신념,fl:wave_to_you,464,149,,,,확정
person:나가,E1547,떡밥,암시,fl:wave_to_you,464,149,,,,확정
person:나가,E1549,떡밥,재언급,fl:wave_to_you,464,149,,,,확정
person:나가,E1550,떡밥,암시,fl:wave_to_you,464,149,,,,확정
person:나가,E1554,떡밥,재언급,fl:wave_to_you,464,149,,,,확정
person:나가,E1557,떡밥,재언급,fl:wave_to_you,464,149,,,,확정
person:나가,F2748,사실,정의,fl:wave_to_you,464,149,,,,확정
person:나가,F2749,사실,정의,fl:wave_to_you,464,149,,,,확정
person:나가,F2757,사실,정의,fl:wave_to_you,464,149,,,,확정
person:나가,F2759,사실,정의,fl:wave_to_you,464,149,,,,확정
person:나가,F2761,사실,정의,fl:wave_to_you,464,149,,,,확정
person:나가,F2763,사실,정의,fl:wave_to_you,464,149,,,,확정
person:나가,F2765,사실,정의,fl:wave_to_you,464,149,,,,확정
person:나가,F2903,사실,정의,fl:wave_to_you,464,149,,,,확정
person:나가,O213,마무리,성장,fl:wave_to_you,464,149,H26,,,확정
person:나가,F2767,사실,정의,char:322,466,150,,,,확정
person:나디아,F1622,사실,정의,event_lifeagain,332,89,,,,확정
person:나루_1호,F944,사실,정의,char:392,203,36,,,,확정
person:나루_2호,F944,사실,정의,char:392,203,36,,,,확정
person:나루_3호,F944,사실,정의,char:392,203,36,,,,확정
person:나유타,F1449,사실,정의,event_lastkingdom1,295,73,,,,확정
person:나유타,D762,기준,성격,ch39,396,118,,,,확정
person:나유타,D763,기준,관계,ch39,396,118,,,person:지휘관,확정
person:나유타,D764,기준,신념,ch39,396,118,,,,확정
person:나유타,E800,떡밥,암시,ch39,396,118,,,,확정
person:나유타,E801,떡밥,암시,ch39,396,118,,,,확정
person:나유타,F2045,사실,정의,ch39,396,118,,,,확정
person:나유타,F2048,사실,정의,ch39,396,118,,,,확정
person:나유타,F2049,사실,정의,ch39,396,118,,,,확정
person:나유타,F2050,사실,정의,ch39,396,118,,,,확정
person:나유타,F2051,사실,정의,ch39,396,118,,,,확정
person:나유타,F2052,사실,정의,ch39,396,118,,J18,,확정
person:나유타,F2053,사실,정의,ch39,396,118,,,,확정
person:나유타,F2054,사실,정의,ch39,396,118,,,,확정
person:나유타,F2055,사실,정의,ch39,396,118,,J8,,확정
person:나유타,Q262,의문,정의,ch39,396,118,일부,J18,,확정
person:나유타,Q263,의문,정의,ch39,396,118,풀림,J3,,확정
person:나유타,Q264,의문,정의,ch39,396,118,일부,J18,,확정
person:나유타,D794,변화,신체,ch40,398,119,,,,확정
person:나유타,E818,떡밥,암시,ch40,398,119,,,,확정
person:나유타,F2070,사실,정의,ch40,398,119,,J8,,확정
person:나유타,F2071,사실,정의,ch40,398,119,,J3,,확정
person:나유타,F2072,사실,정의,ch40,398,119,,J1 J3,,확정
person:나유타,F2073,사실,정의,ch40,398,119,,,,확정
person:나유타,F2074,사실,정의,ch40,398,119,,J3,,확정
person:나유타,F2075,사실,정의,ch40,398,119,,J18,,확정
person:나유타,F2076,사실,정의,ch40,398,119,,J26,,확정
person:나유타,F2077,사실,정의,ch40,398,119,,,,확정
person:나유타,F2078,사실,정의,ch40,398,119,,,,확정
person:나유타,F2079,사실,정의,ch40,398,119,,,,확정
person:나유타,F2888,사실,정의,ch40,398,119,,,,확정
person:나유타,Q262-2,사건,회수,ch40,398,119,,,,확정
person:나유타,Q263-2,사건,회수,ch40,398,119,,,,확정
person:나유타,Q263-3,사건,회수,ch40,398,119,,,,확정
person:나유타,D802,관계 상대,관계,relic:어떤소녀의그림일기,399,119,,,person:피노키오,확정
person:나유타,F2096,사실,정의,relic:어떤소녀의그림일기,399,119,,,,확정
person:나유타,D841,관계 상대,관계,side:eden_spear,411,126,,,person:요한,확정
person:나유타,E889,떡밥,암시,side:eden_spear,411,126,,,,확정
person:나유타,F2055-2,사건,드러냄,side:eden_spear,411,126,,,,확정
person:나유타,F2155,사실,정의,side:eden_spear,411,126,,,,확정
person:나유타,F2156,사실,정의,side:eden_spear,411,126,,,,확정
person:나유타,F2157,사실,정의,side:eden_spear,411,126,,,,확정
person:나유타,F2158,사실,정의,side:eden_spear,411,126,,,,확정
person:나유타,F2160,사실,정의,side:eden_spear,411,126,,,,확정
person:나유타,F2164,사실,정의,side:eden_spear,411,126,,,,확정
person:나유타,F2168,사실,정의,side:eden_spear,411,126,,,,확정
person:나유타,F2171,사실,정의,side:eden_spear,411,126,,,,확정
person:나유타,F2175,사실,정의,side:eden_spear,411,126,,,,확정
person:나유타,E893,떡밥,재언급,ch41,414,127,,,,확정
person:나유타,Q264-2,사건,회수,ch41,414,127,,,,확정
person:나유타,D898,관계 상대,관계,event_goddessfall1,418,128,,,person:니힐리스타,확정
person:나유타,D899,기준,관계,event_goddessfall1,418,128,,,person:니힐리스타,확정
person:나유타,D904,변화,신념,event_goddessfall1,418,128,,,,확정
person:나유타,D916,기준,관계,event_goddessfall1,418,128,,,person:마리안,확정
person:나유타,D924,관계 상대,관계,event_goddessfall1,418,128,,,person:요한,확정
person:나유타,D939,관계 상대,관계,event_goddessfall1,418,128,,,person:요한,확정
person:나유타,D940,변화,성격,event_goddessfall1,418,128,,,,확정
person:나유타,D946,관계 상대,관계,event_goddessfall1,418,128,,,person:니힐리스타,확정
person:나유타,D947,변화,관계,event_goddessfall1,418,128,,,person:니힐리스타,확정
person:나유타,E933,떡밥,암시,event_goddessfall1,418,128,,,,확정
person:나유타,E938,떡밥,암시,event_goddessfall1,418,128,,,,확정
person:나유타,E941,떡밥,암시,event_goddessfall1,418,128,,,,확정
person:나유타,E945,떡밥,암시,event_goddessfall1,418,128,,,,확정
person:나유타,E946,떡밥,암시,event_goddessfall1,418,128,,,,확정
person:나유타,E949,떡밥,암시,event_goddessfall1,418,128,,,,확정
person:나유타,E958,떡밥,암시,event_goddessfall1,418,128,,,,확정
person:나유타,F2157-2,사건,드러냄,event_goddessfall1,418,128,,,,확정
person:나유타,F2164-2,사건,드러냄,event_goddessfall1,418,128,,,,확정
person:나유타,F2258,사실,정의,event_goddessfall1,418,128,,,,확정
person:나유타,F2260,사실,정의,event_goddessfall1,418,128,,J13,,확정
person:나유타,F2263,사실,정의,event_goddessfall1,418,128,,,,확정
person:나유타,F2264,사실,정의,event_goddessfall1,418,128,,,,확정
person:나유타,F2270,사실,정의,event_goddessfall1,418,128,,,,확정
person:나유타,F2274,사실,정의,event_goddessfall1,418,128,,,,확정
person:나유타,F2277,사실,정의,event_goddessfall1,418,128,,J1,,확정
person:나유타,F2278,사실,정의,event_goddessfall1,418,128,,J3,,확정
person:나유타,F2285,사실,정의,event_goddessfall1,418,128,,,,확정
person:나유타,F2287,사실,정의,event_goddessfall1,418,128,,,,확정
person:나유타,F2288,사실,정의,event_goddessfall1,418,128,,,,확정
person:나유타,F2292,사실,정의,event_goddessfall1,418,128,,,,확정
person:나유타,F2293,사실,정의,event_goddessfall1,418,128,,,,확정
person:나유타,F2295,사실,정의,event_goddessfall1,418,128,,,,확정
person:나유타,F2296,사실,정의,event_goddessfall1,418,128,,,,확정
person:나유타,F2303,사실,정의,event_goddessfall1,418,128,,,,확정
person:나유타,F2305,사실,정의,event_goddessfall1,418,128,,,,확정
person:나유타,F2309,사실,정의,event_goddessfall1,418,128,,,,확정
person:나유타,F2310,사실,정의,event_goddessfall1,418,128,,,,확정
person:나유타,F2311,사실,정의,event_goddessfall1,418,128,,,,확정
person:나유타,F2312,사실,정의,event_goddessfall1,418,128,,,,확정
person:나유타,F2313,사실,정의,event_goddessfall1,418,128,,,,확정
person:나유타,F2315,사실,정의,event_goddessfall1,418,128,,,,확정
person:나유타,F2317,사실,정의,event_goddessfall1,418,128,,J7,,확정
person:나유타,F2318,사실,정의,event_goddessfall1,418,128,,J8,,확정
person:나유타,F2320,사실,정의,event_goddessfall1,418,128,,J13,,확정
person:나유타,F2322,사실,정의,event_goddessfall1,418,128,,,,확정
person:나유타,F2890,사실,정의,event_goddessfall1,418,128,,J20,,확정
person:나유타,O39,마무리,관계,event_goddessfall1,418,128,H5,,,확정
person:나유타,Q302,의문,정의,event_goddessfall1,418,128,열림,J20,,확정
person:나유타,U350,생활상,지상,event_goddessfall1,418,128,,,,확정
person:나유타,D2189,변화,관계,char:223,420,128,,,person:지휘관,확정
person:나유타,E1621,떡밥,재언급,char:223,420,128,,,,확정
person:나유타,E1622,떡밥,재언급,char:223,420,128,,,,확정
person:나유타,E1623,떡밥,재언급,char:223,420,128,,,,확정
person:나유타,E1624,떡밥,암시,char:223,420,128,,,,확정
person:나유타,F2340,사실,정의,char:223,420,128,,,,확정
person:나유타,F2341,사실,정의,char:223,420,128,,,,확정
person:나유타,Q264-3,사건,회수,ch43,434,137,,,,확정
person:나유타,F2420,사실,정의,ch44,436,138,,,,확정
person:나유타,F2572,사실,정의,ch45,450,143,,,,확정
person:나유타,D1150,관계 상대,관계,ch46,452,144,,,person:스노우_화이트,확정
person:나유타,D1152,변화,신념,ch46,452,144,,,,확정
person:나유타,D1153,변화,신체,ch46,452,144,,,,확정
person:나유타,D1154,변화,소속,ch46,452,144,,,,확정
person:나유타,D1155,관계 상대,관계,ch46,452,144,,,person:미러,확정
person:나유타,E1096,떡밥,재언급,ch46,452,144,,,,확정
person:나유타,E1098,떡밥,암시,ch46,452,144,,,,확정
person:나유타,E1105,떡밥,재언급,ch46,452,144,,,,확정
person:나유타,E1106,떡밥,암시,ch46,452,144,,,,확정
person:나유타,F2613,사실,정의,ch46,452,144,,,,확정
person:나유타,F2614,사실,정의,ch46,452,144,,,,확정
person:나유타,F2620,사실,정의,ch46,452,144,,,,확정
person:나유타,F2621,사실,정의,ch46,452,144,,,,확정
person:나유타,F2627,사실,정의,ch46,452,144,,,,확정
person:나유타,F2628,사실,정의,ch46,452,144,,,,확정
person:나유타,F2630,사실,정의,ch46,452,144,,,,확정
person:나유타,F2632,사실,정의,ch46,452,144,,,,확정
person:나유타,F2633,사실,정의,ch46,452,144,,,,확정
person:나유타,O71,마무리,성장,ch46,452,144,,,,확정
person:나유타,Q343,의문,정의,ch46,452,144,일부,J20,,확정
person:나유타,F2804,사실,정의,ch47,470,153,,,,확정
person:나유타,F2843,사실,정의,ch48,472,154,,J20,,확정
person:나유타,Q343-2,사건,회수,ch48,472,154,,,,확정
person:나유타,E1245,떡밥,재언급,relic:불길한_소리.wav,473,154,,,,확정
person:나유타,E1247,떡밥,재언급,relic:불길한_소리.wav,473,154,,,,확정
person:나유타,F2849,사실,정의,relic:불길한_소리.wav,473,154,,,,확정
person:나유타,Q370,의문,정의,relic:불길한_소리.wav,473,154,열림,J19,,확정
person:네로,F826,사실,정의,char:381,182,31,,,,확정
person:네로,D2042,기준,성격,event_nyanyaparadise,212,42,,,,확정
person:네로,D2043,기준,관계,event_nyanyaparadise,212,42,,,person:지휘관,확정
person:네로,D2044,기준,신념,event_nyanyaparadise,212,42,,,,확정
person:네로,E1605,떡밥,암시,event_nyanyaparadise,212,42,,,,확정
person:네로,E1606,떡밥,암시,event_nyanyaparadise,212,42,,,,확정
person:네로,F979,사실,정의,event_nyanyaparadise,212,42,,,,확정
person:네로,F980,사실,정의,event_nyanyaparadise,212,42,,,,확정
person:네로,D2045,기준,기억,char:380,213,42,,,,확정
person:네로,D2046,변화,관계,char:380,213,42,,,person:지휘관,확정
person:네로,F981,사실,정의,char:380,213,42,,,,확정
person:네로,F982,사실,정의,char:380,213,42,,,,확정
person:네로,F1089,사실,정의,char:451,238,52,,,,확정
person:네로,F1247,사실,정의,event_lionheart,263,61,,,,확정
person:네로,F2351,사실,정의,fl:terminus_ticket,425,131,,,,확정
person:네베,D1967,관계 상대,관계,char:193,154,21,,,person:루드밀라,확정
person:네베,D1968,기준,성격,char:193,154,21,,,,확정
person:네베,D1969,기준,신념,char:193,154,21,,,,확정
person:네베,D1970,기준,관계,char:193,154,21,,,person:지휘관,확정
person:네베,D1971,변화,관계,char:193,154,21,,,person:지휘관,확정
person:네베,F731,사실,정의,char:193,154,21,,,,확정
person:네베,F732,사실,정의,char:193,154,21,,,,확정
person:네베,E1340,떡밥,재언급,event_alonesurvivor,256,56,,,,확정
person:네베,F1206,사실,정의,event_alonesurvivor,256,56,,,,확정
person:네베,F1209,사실,정의,char:192,257,56,,,,확정
person:네베,F1212,사실,정의,event_neverland1,258,57,,,,확정
person:네온,D13,기준,성격,ch01,2,2,,,,확정
person:네온,D14,기준,소속,ch01,2,2,,,,확정
person:네온,F29,사실,정의,ch01,2,2,,,,확정
person:네온,D19,기준,신념,ch02,4,3,,,,확정
person:네온,D20,변화,관계,ch02,4,3,,,person:지휘관,확정
person:네온,F90,사실,정의,ch04,15,5,,,,확정
person:네온,E62,떡밥,암시,d_ex_elevator_01,35,8,,,,확정
person:네온,D75,관계 상대,관계,ch08,37,9,,,person:아니스,확정
person:네온,E69,떡밥,재언급,ch09,43,10,,,,확정
person:네온,E1592,떡밥,암시,char:11,86,17,,,,확정
person:네온,E1593,떡밥,암시,char:11,86,17,,,,확정
person:네온,F440,사실,정의,char:11,86,17,,,,확정
person:네온,F442,사실,정의,char:11,86,17,,,,확정
person:네온,F443,사실,정의,char:11,86,17,,,,확정
person:네온,F623,사실,정의,char:90,123,17,,,,확정
person:네온,F636,사실,정의,char:231,128,17,,,,확정
person:네온,F687,사실,정의,ch17,140,19,,,,확정
person:네온,F711,사실,정의,sub:중앙_정부_공식__02,148,20,,J36,,확정
person:네온,D212,관계 상대,관계,ch21,189,35,,,person:노아,확정
person:네온,E161,떡밥,암시,ch21,189,35,,,,확정
person:네온,F868,사실,정의,ch21,189,35,,,,확정
person:네온,E209,떡밥,암시,event_bluewaterisland,209,40,,,,확정
person:네온,F975,사실,정의,char:132,210,40,,,,확정
person:네온,D2041,변화,신념,char:14,211,41,,,,확정
person:네온,F978,사실,정의,char:14,211,41,,,,확정
person:네온,F1033,사실,정의,ch24,219,44,,,,확정
person:네온,D306,변화,기억,ch25,241,54,,,,확정
person:네온,E250,떡밥,재언급,ch25,241,54,,,,확정
person:네온,F1097,사실,정의,ch25,241,54,,,,확정
person:네온,F1106,사실,정의,ch25,241,54,,,,확정
person:네온,F1127,사실,정의,ch26,246,55,,,,확정
person:네온,F1130,사실,정의,ch26,246,55,,,,확정
person:네온,E328,떡밥,암시,ch27,270,65,,,,확정
person:네온,E330,떡밥,재언급,ch27,270,65,,,,확정
person:네온,F1295,사실,정의,ch27,270,65,,,,확정
person:네온,F1298,사실,정의,ch27,270,65,,,,확정
person:네온,Q165,의문,정의,ch27,270,65,풀림,J18,,확정
person:네온,E337,떡밥,암시,ch28,275,66,,,,확정
person:네온,F1310,사실,정의,ch28,275,66,,,,확정
person:네온,F1313,사실,정의,ch28,275,66,,,,확정
person:네온,F1332,사실,정의,sub:MMR지킴이_00,278,66,,,,확정
person:네온,F1505,사실,정의,char:551,304,77,,,,확정
person:네온,F1509,사실,정의,event_beautyfullshot1,305,78,,,,확정
person:네온,E460,떡밥,암시,sub:관짝이_00,311,81,,,,확정
person:네온,F1561,사실,정의,sub:관짝이_00,311,81,,,,확정
person:네온,F1627,사실,정의,ch33,334,90,,,,확정
person:네온,F1647,사실,정의,ch34,336,91,,,,확정
person:네온,F1764,사실,정의,event_footstepwalkrun1,350,96,,,,확정
person:네온,F1772,사실,정의,event_wisdomspring,353,98,,,,확정
person:네온,D602,변화,관계,ch35,358,101,,,person:아니스,확정
person:네온,E595,떡밥,재언급,ch35,358,101,,,,확정
person:네온,F1795,사실,정의,ch35,358,101,,,,확정
person:네온,F1798,사실,정의,ch35,358,101,,J24,,확정
person:네온,E629,떡밥,재언급,ch36,360,102,,,,확정
person:네온,F1818,사실,정의,ch36,360,102,,,,확정
person:네온,F1860,사실,정의,ch37,373,108,,,,확정
person:네온,D660,관계 상대,관계,ch38,375,109,,,person:아니스,확정
person:네온,D667,변화,관계,ch38,375,109,,,person:아니스,확정
person:네온,E667,떡밥,암시,ch38,375,109,,,,확정
person:네온,F1875,사실,정의,ch38,375,109,,,,확정
person:네온,F1876,사실,정의,ch38,375,109,,,,확정
person:네온,F2020,사실,정의,fl:boom_the_ghost,393,116,,,,확정
person:네온,D769,기준,관계,ch39,396,118,,,person:바이퍼,확정
person:네온,E805,떡밥,암시,ch39,396,118,,,,확정
person:네온,F1772-2,사건,드러냄,ch39,396,118,,,,확정
person:네온,F2060,사실,정의,ch39,396,118,,,,확정
person:네온,F2061,사실,정의,ch39,396,118,,,,확정
person:네온,E825,떡밥,암시,ch40,398,119,,,,확정
person:네온,E826,떡밥,암시,ch40,398,119,,,,확정
person:네온,F2090,사실,정의,ch40,398,119,,,,확정
person:네온,Q275,의문,정의,ch40,398,119,일부,J17,,확정
person:네온,E902,떡밥,암시,ch41,414,127,,,,확정
person:네온,F2203,사실,정의,ch41,414,127,,J17,,확정
person:네온,F2204,사실,정의,ch41,414,127,,J18,,확정
person:네온,F2205,사실,정의,ch41,414,127,,J18,,확정
person:네온,F2206,사실,정의,ch41,414,127,,,,확정
person:네온,Q165-2,사건,회수,ch41,414,127,,,,확정
person:네온,Q275-2,사건,회수,ch41,414,127,,,,확정
person:네온,Q275-3,사건,회수,ch41,414,127,,,,확정
person:네온,Q290,의문,정의,ch41,414,127,풀림,J18,,확정
person:네온,F2254,사실,정의,ch42,416,128,,,,확정
person:네온,D1030,변화,기억,ch43,434,137,,,,확정
person:네온,D1031,관계 상대,관계,ch43,434,137,,,person:지엔,확정
person:네온,D1032,관계 상대,관계,ch43,434,137,,,person:지엔,확정
person:네온,E1008,떡밥,재언급,ch43,434,137,,,,확정
person:네온,F2394,사실,정의,ch43,434,137,,,,확정
person:네온,F2409,사실,정의,ch43,434,137,,,,확정
person:네온,F2414,사실,정의,ch43,434,137,,J18,,확정
person:네온,F2415,사실,정의,ch43,434,137,,J18,,확정
person:네온,F2416,사실,정의,ch43,434,137,,J17,,확정
person:네온,F2893,사실,정의,ch43,434,137,,,,확정
person:네온,Q165-3,사건,회수,ch43,434,137,,,,확정
person:네온,Q275-4,사건,회수,ch43,434,137,,,,확정
person:네온,Q290-2,사건,회수,ch43,434,137,,,,확정
person:네온,Q318,의문,정의,ch43,434,137,열림,J18,,확정
person:네온,Q319,의문,정의,ch43,434,137,열림,J18,,확정
person:네온,D1069,변화,신체,ch44,436,138,,,,확정
person:네온,D1070,관계 상대,관계,ch44,436,138,,,person:지엔,확정
person:네온,D1071,관계 상대,관계,ch44,436,138,,,person:에테르,확정
person:네온,F2461,사실,정의,ch44,436,138,,,,확정
person:네온,F2462,사실,정의,ch44,436,138,,,,확정
person:네온,F2463,사실,정의,ch44,436,138,,,,확정
person:네온,D1130,관계 상대,관계,ch45,450,143,,,person:잉그리드,확정
person:네온,D1136,변화,신념,ch45,450,143,,,,확정
person:네온,E1079,떡밥,암시,ch45,450,143,,,,확정
person:네온,F2573,사실,정의,ch45,450,143,,,,확정
person:네온,F2574,사실,정의,ch45,450,143,,,,확정
person:네온,F2585,사실,정의,ch45,450,143,,,,확정
person:네온,F2587,사실,정의,ch45,450,143,,,,확정
person:네온,F2593,사실,정의,ch45,450,143,,,,확정
person:네온,F2594,사실,정의,ch45,450,143,,,,확정
person:네온,F2597,사실,정의,ch45,450,143,,,,확정
person:네온,F2644,사실,정의,ch46,452,144,,,,확정
person:네온,D1239,관계 상대,관계,event_staranis1,454,144,,,person:아니스,확정
person:네온,O67,마무리,관계,event_staranis1,454,144,H9,,,확정
person:네온,D1731,변화,관계,char:18,457,145,,,person:프린세스,확정
person:네온,D1732,변화,관계,char:18,457,145,,,person:지휘관,확정
person:네온,D1733,변화,신념,char:18,457,145,,,,확정
person:네온,E1522,떡밥,재언급,char:18,457,145,,,,확정
person:네온,E1523,떡밥,재언급,char:18,457,145,,,,확정
person:네온,E1524,떡밥,재언급,char:18,457,145,,,,확정
person:네온,F2714,사실,정의,char:18,457,145,,,,확정
person:네온,F2715,사실,정의,char:18,457,145,,,,확정
person:네온,O76,마무리,관계,char:18,457,145,H13,,,확정
person:네온,O77,마무리,성장,char:18,457,145,H13,,,확정
person:네온,F2734,사실,정의,fl:ark_ranger,462,148,,,,확정
person:네온,D1318,기준,관계,ch47,470,153,,,person:온리_원,확정
person:노라,D1647,기준,성격,fl:blank_ticket,423,130,,,,확정
person:노라,D1648,기준,관계,fl:blank_ticket,423,130,,,person:솔린,확정
person:노라,D1649,변화,관계,fl:blank_ticket,423,130,,,person:솔린,확정
person:노라,D1650,관계 상대,관계,fl:blank_ticket,423,130,,,person:솔린,확정
person:노라,D1651,관계 상대,관계,fl:blank_ticket,423,130,,,person:솔린,확정
person:노라,D1652,기준,신념,fl:blank_ticket,423,130,,,,확정
person:노라,D1653,변화,신념,fl:blank_ticket,423,130,,,,확정
person:노라,D1655,기준,관계,fl:blank_ticket,423,130,,,,확정
person:노라,E1443,떡밥,암시,fl:blank_ticket,423,130,,,,확정
person:노라,E1444,떡밥,암시,fl:blank_ticket,423,130,,,,확정
person:노라,E1447,떡밥,암시,fl:blank_ticket,423,130,,,,확정
person:노라,E1448,떡밥,암시,fl:blank_ticket,423,130,,,,확정
person:노라,F2346,사실,정의,fl:blank_ticket,423,130,,,,확정
person:노라,F2347,사실,정의,fl:blank_ticket,423,130,,,,확정
person:노라,F2348,사실,정의,fl:blank_ticket,423,130,,,,확정
person:노라,F2350,사실,정의,fl:blank_ticket,423,130,,,,확정
person:노라,F2899,사실,정의,fl:blank_ticket,423,130,,,,확정
person:노라,F2901,사실,정의,fl:blank_ticket,423,130,,,,확정
person:노라,Q308,의문,정의,fl:blank_ticket,423,130,풀림,J58,,확정
person:노라,D1656,변화,기억,fl:terminus_ticket,425,131,,,,확정
person:노라,D1657,기준,관계,fl:terminus_ticket,425,131,,,person:브리드,확정
person:노라,D1658,변화,관계,fl:terminus_ticket,425,131,,,person:브리드,확정
person:노라,D1661,변화,신념,fl:terminus_ticket,425,131,,,,확정
person:노라,D1662,기준,관계,fl:terminus_ticket,425,131,,,person:루시안,확정
person:노라,D1663,변화,관계,fl:terminus_ticket,425,131,,,person:루시안,확정
person:노라,D1664,변화,관계,fl:terminus_ticket,425,131,,,,확정
person:노라,D1665,변화,신체,fl:terminus_ticket,425,131,,,,확정
person:노라,E1449,떡밥,재언급,fl:terminus_ticket,425,131,,,,확정
person:노라,E1450,떡밥,암시,fl:terminus_ticket,425,131,,,,확정
person:노라,E1451,떡밥,암시,fl:terminus_ticket,425,131,,,,확정
person:노라,E1452,떡밥,재언급,fl:terminus_ticket,425,131,,,,확정
person:노라,E1453,떡밥,재언급,fl:terminus_ticket,425,131,,,,확정
person:노라,E1454,떡밥,암시,fl:terminus_ticket,425,131,,,,확정
person:노라,E1456,떡밥,암시,fl:terminus_ticket,425,131,,,,확정
person:노라,E1457,떡밥,재언급,fl:terminus_ticket,425,131,,,,확정
person:노라,E1459,떡밥,재언급,fl:terminus_ticket,425,131,,,,확정
person:노라,E1461,떡밥,재언급,fl:terminus_ticket,425,131,,,,확정
person:노라,E1462,떡밥,재언급,fl:terminus_ticket,425,131,,,,확정
person:노라,F2351,사실,정의,fl:terminus_ticket,425,131,,,,확정
person:노라,F2353,사실,정의,fl:terminus_ticket,425,131,,,,확정
person:노라,F2354,사실,정의,fl:terminus_ticket,425,131,,,,확정
person:노라,F2355,사실,정의,fl:terminus_ticket,425,131,,,,확정
person:노라,F2356,사실,정의,fl:terminus_ticket,425,131,,J58,,확정
person:노라,F2902,사실,정의,fl:terminus_ticket,425,131,,,,확정
person:노라,O189,마무리,성장,fl:terminus_ticket,425,131,H23,,,확정
person:노라,Q308-2,사건,회수,fl:terminus_ticket,425,131,,,,확정
person:노벨,D82,기준,성격,ch09,43,10,,,,확정
person:노벨,F255,사실,정의,ch09,43,10,,,,확정
person:노벨,F244,사실,정의,sub:든_셀_00,62,13,,,,확정
person:노벨,D1787,기준,관계,char:212,87,17,,,person:지휘관,확정
person:노벨,F446,사실,정의,char:212,87,17,,,,확정
person:노벨,F620,사실,정의,char:210,122,17,,,,확정
person:노벨,F1110,사실,정의,sub:중앙정부_프로토콜_00,222,44,,,,확정
person:노벨,F1092,사실,정의,event_freezeacpu,239,53,,,,확정
person:노벨,F1484,사실,정의,event_goldencoinrush1,300,75,,,,확정
person:노벨,D1590,기준,관계,event_phantomthiefvsdetective,328,87,,,person:팬텀,확정
person:노벨,F1607,사실,정의,event_phantomthiefvsdetective,328,87,,,,확정
person:노아,D1357,기준,성격,char:232,88,17,,,,확정
person:노아,D1358,기준,관계,char:232,88,17,,,person:지휘관,확정
person:노아,D1359,변화,관계,char:232,88,17,,,person:지휘관,확정
person:노아,D1360,기준,신념,char:232,88,17,,,,확정
person:노아,D1361,변화,신념,char:232,88,17,,,,확정
person:노아,E1250,떡밥,암시,char:232,88,17,,,,확정
person:노아,E1251,떡밥,암시,char:232,88,17,,,,확정
person:노아,F447,사실,정의,char:232,88,17,,,,확정
person:노아,F449,사실,정의,char:232,88,17,,,,확정
person:노아,F450,사실,정의,char:232,88,17,,,,확정
person:노아,F452,사실,정의,char:232,88,17,,,,확정
person:노아,F454,사실,정의,char:232,88,17,,,,확정
person:노아,F745,사실,정의,ch19,159,25,,J8,,확정
person:노아,F751,사실,정의,ch19,159,25,,,,확정
person:노아,F764,사실,정의,ch20,164,26,,,,확정
person:노아,D211,변화,성격,ch21,189,35,,,,확정
person:노아,D212,변화,관계,ch21,189,35,,,person:네온,확정
person:노아,E160,떡밥,암시,ch21,189,35,,,,확정
person:노아,E161,떡밥,암시,ch21,189,35,,,,확정
person:노아,F868,사실,정의,ch21,189,35,,,,확정
person:노아,E164,떡밥,재언급,sub:에덴_Notice_00,190,35,,,,확정
person:노아,D1435,기준,관계,char:233,202,36,,,person:도로시,확정
person:노아,F936,사실,정의,char:233,202,36,,,,확정
person:노아,F937,사실,정의,char:233,202,36,,,,확정
person:노아,D844,변화,성격,side:eden_spear,411,126,,,,확정
person:노아,D913,변화,성격,event_goddessfall1,418,128,,,,확정
person:노아,D914,변화,신체,event_goddessfall1,418,128,,,,확정
person:노아,D915,관계 상대,관계,event_goddessfall1,418,128,,,person:요한,확정
person:노아,E934,떡밥,암시,event_goddessfall1,418,128,,,,확정
person:노아,E942,떡밥,암시,event_goddessfall1,418,128,,,,확정
person:노아,F2261,사실,정의,event_goddessfall1,418,128,,,,확정
person:노아,F2283,사실,정의,event_goddessfall1,418,128,,,,확정
person:노아,F2292,사실,정의,event_goddessfall1,418,128,,,,확정
person:노아,F2315,사실,정의,event_goddessfall1,418,128,,,,확정
person:노아,O49,마무리,성장,event_goddessfall1,418,128,H5,,,확정
person:노아,D964,기준,관계,erelic:goddess_fall_mini,419,128,,,person:요한,확정
person:노아,D965,관계 상대,관계,erelic:goddess_fall_mini,419,128,,,person:하란,확정
person:노아,D966,변화,성격,erelic:goddess_fall_mini,419,128,,,,확정
person:노아,D972,관계 상대,관계,erelic:goddess_fall_mini,419,128,,,person:세실,확정
person:노아,E962,떡밥,재언급,erelic:goddess_fall_mini,419,128,,,,확정
person:노아,E967,떡밥,재언급,erelic:goddess_fall_mini,419,128,,,,확정
person:노아,E968,떡밥,재언급,erelic:goddess_fall_mini,419,128,,,,확정
person:노아,F2326,사실,정의,erelic:goddess_fall_mini,419,128,,,,확정
person:노아,F2330,사실,정의,erelic:goddess_fall_mini,419,128,,J29,,확정
person:노아,F2338,사실,정의,erelic:goddess_fall_mini,419,128,,,,확정
person:노아,F2339,사실,정의,erelic:goddess_fall_mini,419,128,,,,확정
person:노아,F2357,사실,정의,fl:ark_guardian,428,133,,,,확정
person:노아,Q312,의문,정의,fl:ark_guardian,428,133,일부,J8,,확정
person:노아,F2357-2,사건,드러냄,ch44,436,138,,,,확정
person:노아,F2420,사실,정의,ch44,436,138,,,,확정
person:노아,F2432,사실,정의,ch44,436,138,,,,확정
person:노아,Q312-2,사건,회수,ch44,436,138,,,,확정
person:노아,Q312-3,사건,회수,ch46,452,144,,,,확정
person:노아,F2806,사실,정의,ch47,470,153,,,,확정
person:노아,E1234,떡밥,재언급,ch48,472,154,,,,확정
person:노이즈,D1788,기준,관계,char:430,89,17,,,person:지휘관,확정
person:노이즈,D1789,변화,관계,char:430,89,17,,,person:지휘관,확정
person:노이즈,D1790,기준,신념,char:430,89,17,,,,확정
person:노이즈,D1791,변화,신념,char:430,89,17,,,,확정
person:노이즈,F455,사실,정의,char:430,89,17,,,,확정
person:노이즈,F456,사실,정의,char:430,89,17,,,,확정
person:노이즈,F457,사실,정의,char:430,89,17,,,,확정
person:노이즈,E154,떡밥,암시,event_cherryblossom,183,32,,,,확정
person:노이즈,E156,떡밥,재언급,event_cherryblossom,183,32,,,,확정
person:노이즈,D365,변화,관계,event_newyearnewsword,261,59,,,person:지휘관,확정
person:노이즈,F1228,사실,정의,event_newyearnewsword,261,59,,,,확정
person:노이즈,O131,마무리,관계,event_newyearnewsword,261,59,,,,확정
person:노이즈,U187,생활상,전초기지,event_newyearnewsword,261,59,,,,확정
person:노이즈,D771,기준,관계,ch39,396,118,,,person:아니스,확정
person:노이즈,F2062,사실,정의,ch39,396,118,,,,확정
person:노이즈,F2095,사실,정의,ch40,398,119,,,,확정
person:노이즈,U315,생활상,일상 · 문화,ch40,398,119,,,,확정
person:누아르,D228,기준,성격,ch22,195,36,,,,확정
person:누아르,D2028,기준,관계,event_BunnyX777,204,37,,,person:블랑,확정
person:누아르,D2029,관계 상대,관계,event_BunnyX777,204,37,,,person:블랑,확정
person:누아르,D2030,변화,관계,event_BunnyX777,204,37,,,person:지휘관,확정
person:누아르,E1604,떡밥,암시,event_BunnyX777,204,37,,,,확정
person:누아르,F945,사실,정의,event_BunnyX777,204,37,,,,확정
person:누아르,F947,사실,정의,char:270,205,37,,,,확정
person:누아르,F948,사실,정의,char:270,205,37,,,,확정
person:누아르,D2034,변화,관계,char:271,206,38,,,person:지휘관,확정
person:누아르,D2035,변화,성격,char:271,206,38,,,,확정
person:누아르,D2036,변화,관계,char:271,206,38,,,person:블랑,확정
person:누아르,F949,사실,정의,char:271,206,38,,,,확정
person:누아르,O114,마무리,관계,char:271,206,38,,,,확정
person:누아르,D339,기준,관계,sub:코인_러시_00,223,44,,,person:지휘관,확정
person:누아르,F1137,사실,정의,sub:코인_러시_00,223,44,,,,확정
person:누아르,E1330,떡밥,재언급,event_dazzlingcupid,236,51,,,,확정
person:누아르,E1347,떡밥,암시,event_neverland1,258,57,,,,확정
person:누아르,F1219,사실,정의,event_neverland1,258,57,,,,확정
person:누아르,F1374,사실,정의,event_onemoretime,289,71,,,,확정
person:누아르,E1366,떡밥,재언급,event_goldencoinrush1,300,75,,,,확정
person:누아르,F1489,사실,정의,event_goldencoinrush1,300,75,,,,확정
person:누아르,F1494,사실,정의,char:195,302,76,,,,확정
person:누아르,E1613,떡밥,재언급,event_jinxplayer,325,86,,,,확정
person:누아르,F1602,사실,정의,event_jinxplayer,325,86,,,,확정
person:누아르,E1399,떡밥,재언급,event_secretgarden,345,93,,,,확정
person:니힐리스타,Q39,의문,정의,ch07,31,8,풀림,J15,,확정
person:니힐리스타,F753,사실,정의,ch19,159,25,,,,확정
person:니힐리스타,F754,사실,정의,ch19,159,25,,J15,,확정
person:니힐리스타,Q39-2,사건,회수,ch19,159,25,,,,확정
person:니힐리스타,D195,기준,성격,ch20,164,26,,,,확정
person:니힐리스타,D197,기준,관계,ch20,164,26,,,person:리버렐리오,확정
person:니힐리스타,E147,떡밥,암시,ch20,164,26,,,,확정
person:니힐리스타,F761,사실,정의,ch20,164,26,,,,확정
person:니힐리스타,F763,사실,정의,ch20,164,26,,,,확정
person:니힐리스타,F766,사실,정의,ch20,164,26,,J3,,확정
person:니힐리스타,F767,사실,정의,ch20,164,26,,,,확정
person:니힐리스타,F768,사실,정의,ch20,164,26,뒤집힘,,,확정
person:니힐리스타,F769,사실,정의,ch20,164,26,,,,확정
person:니힐리스타,F770,사실,정의,ch20,164,26,뒤집힘,,,확정
person:니힐리스타,Q110,의문,정의,ch20,164,26,일부,J3,,확정
person:니힐리스타,D1426,변화,관계,char:261,184,32,,,person:지휘관,확정
person:니힐리스타,D1427,기준,신념,char:261,184,32,,,,확정
person:니힐리스타,E1300,떡밥,재언급,char:261,184,32,,,,확정
person:니힐리스타,E1301,떡밥,암시,char:261,184,32,,,,확정
person:니힐리스타,E1302,떡밥,암시,char:261,184,32,,,,확정
person:니힐리스타,E1303,떡밥,재언급,char:261,184,32,,,,확정
person:니힐리스타,E1304,떡밥,재언급,char:261,184,32,,,,확정
person:니힐리스타,F838,사실,정의,char:261,184,32,,,,확정
person:니힐리스타,F839,사실,정의,char:261,184,32,,J13,,확정
person:니힐리스타,F840,사실,정의,char:261,184,32,,,,확정
person:니힐리스타,F841,사실,정의,char:261,184,32,,,,확정
person:니힐리스타,F842,사실,정의,char:261,184,32,,,,확정
person:니힐리스타,F843,사실,정의,char:261,184,32,,,,확정
person:니힐리스타,F844,사실,정의,char:261,184,32,,,,확정
person:니힐리스타,E176,떡밥,재언급,ch22,195,36,,,,확정
person:니힐리스타,F897,사실,정의,ch22,195,36,,,,확정
person:니힐리스타,F898,사실,정의,ch22,195,36,,,,확정
person:니힐리스타,Q126,의문,정의,ch22,195,36,풀림,J15,,확정
person:니힐리스타,E219,떡밥,암시,ch23,214,43,,,,확정
person:니힐리스타,F983,사실,정의,ch23,214,43,,,,확정
person:니힐리스타,E244,떡밥,암시,ch24,219,44,,,,확정
person:니힐리스타,F1031,사실,정의,ch24,219,44,,,,확정
person:니힐리스타,F1032,사실,정의,ch24,219,44,,J15,,확정
person:니힐리스타,F1034,사실,정의,ch24,219,44,,J2,,확정
person:니힐리스타,F1035,사실,정의,ch24,219,44,,,,확정
person:니힐리스타,F1038,사실,정의,ch24,219,44,,,,확정
person:니힐리스타,Q126-2,사건,회수,ch24,219,44,,,,확정
person:니힐리스타,D312,변화,신체,ch25,241,54,,,,확정
person:니힐리스타,D313,변화,관계,ch25,241,54,,,person:지휘관,확정
person:니힐리스타,F1101,사실,정의,ch25,241,54,,,,확정
person:니힐리스타,F1103,사실,정의,ch25,241,54,,,,확정
person:니힐리스타,F1430,사실,정의,event_lastkingdom1,295,73,,,,확정
person:니힐리스타,F1443,사실,정의,event_lastkingdom1,295,73,,,,확정
person:니힐리스타,F1543,사실,정의,ch32,310,81,,,,확정
person:니힐리스타,F1568,사실,정의,sub:관짝이_01,313,81,,,,확정
person:니힐리스타,E486,떡밥,재언급,ch33,334,90,,,,확정
person:니힐리스타,F1636,사실,정의,ch33,334,90,,J10,,확정
person:니힐리스타,F1641,사실,정의,relic:소녀의일기-절망편-,335,90,,J10,,확정
person:니힐리스타,D585,관계 상대,관계,erelic:old_tales_dialog,339,91,,,person:그레이브,확정
person:니힐리스타,F1543-2,사건,드러냄,erelic:old_tales_dialog,339,91,,,,확정
person:니힐리스타,F1698,사실,정의,erelic:old_tales_dialog,339,91,,,,확정
person:니힐리스타,E655,떡밥,재언급,relic:주워갈것들메모,374,108,,,,확정
person:니힐리스타,E884,떡밥,재언급,side:eden_spear,411,126,,,,확정
person:니힐리스타,E890,떡밥,재언급,side:eden_spear,411,126,,,,확정
person:니힐리스타,F768-2,사건,뒤집음,side:eden_spear,411,126,,,,확정
person:니힐리스타,F770-2,사건,뒤집음,side:eden_spear,411,126,,,,확정
person:니힐리스타,F1103-2,사건,드러냄,side:eden_spear,411,126,,,,확정
person:니힐리스타,F2154,사실,정의,side:eden_spear,411,126,,,,확정
person:니힐리스타,F2155,사실,정의,side:eden_spear,411,126,,,,확정
person:니힐리스타,F2156,사실,정의,side:eden_spear,411,126,,,,확정
person:니힐리스타,F2161,사실,정의,side:eden_spear,411,126,,,,확정
person:니힐리스타,F2162,사실,정의,side:eden_spear,411,126,,,,확정
person:니힐리스타,F2163,사실,정의,side:eden_spear,411,126,,J13,,확정
person:니힐리스타,F2164,사실,정의,side:eden_spear,411,126,,,,확정
person:니힐리스타,F2168,사실,정의,side:eden_spear,411,126,,,,확정
person:니힐리스타,F2169,사실,정의,side:eden_spear,411,126,,,,확정
person:니힐리스타,F2171,사실,정의,side:eden_spear,411,126,,,,확정
person:니힐리스타,Q283,의문,정의,side:eden_spear,411,126,풀림,J13,,확정
person:니힐리스타,D898,기준,관계,event_goddessfall1,418,128,,,person:나유타,확정
person:니힐리스타,D899,관계 상대,관계,event_goddessfall1,418,128,,,person:나유타,확정
person:니힐리스타,D900,기준,기억,event_goddessfall1,418,128,,,,확정
person:니힐리스타,D944,변화,관계,event_goddessfall1,418,128,,,person:인디빌리아,확정
person:니힐리스타,D946,변화,관계,event_goddessfall1,418,128,,,person:나유타,확정
person:니힐리스타,D947,관계 상대,관계,event_goddessfall1,418,128,,,person:나유타,확정
person:니힐리스타,D948,변화,신념,event_goddessfall1,418,128,,,,확정
person:니힐리스타,D949,변화,신체,event_goddessfall1,418,128,,,,확정
person:니힐리스타,E933,떡밥,암시,event_goddessfall1,418,128,,,,확정
person:니힐리스타,E936,떡밥,암시,event_goddessfall1,418,128,,,,확정
person:니힐리스타,E943,떡밥,재언급,event_goddessfall1,418,128,,,,확정
person:니힐리스타,E944,떡밥,재언급,event_goddessfall1,418,128,,,,확정
person:니힐리스타,E956,떡밥,재언급,event_goddessfall1,418,128,,,,확정
person:니힐리스타,F2164-2,사건,드러냄,event_goddessfall1,418,128,,,,확정
person:니힐리스타,F2263,사실,정의,event_goddessfall1,418,128,,,,확정
person:니힐리스타,F2264,사실,정의,event_goddessfall1,418,128,,,,확정
person:니힐리스타,F2266,사실,정의,event_goddessfall1,418,128,,,,확정
person:니힐리스타,F2267,사실,정의,event_goddessfall1,418,128,,,,확정
person:니힐리스타,F2268,사실,정의,event_goddessfall1,418,128,,J13,,확정
person:니힐리스타,F2269,사실,정의,event_goddessfall1,418,128,,,,확정
person:니힐리스타,F2270,사실,정의,event_goddessfall1,418,128,,,,확정
person:니힐리스타,F2274,사실,정의,event_goddessfall1,418,128,,,,확정
person:니힐리스타,F2284,사실,정의,event_goddessfall1,418,128,,,,확정
person:니힐리스타,F2287,사실,정의,event_goddessfall1,418,128,,,,확정
person:니힐리스타,F2310,사실,정의,event_goddessfall1,418,128,,,,확정
person:니힐리스타,F2312,사실,정의,event_goddessfall1,418,128,,,,확정
person:니힐리스타,F2891,사실,정의,event_goddessfall1,418,128,,J3,,확정
person:니힐리스타,Q110-2,사건,회수,event_goddessfall1,418,128,,,,확정
person:니힐리스타,Q283-2,사건,회수,event_goddessfall1,418,128,,,,확정
person:니힐리스타,Q299,의문,정의,event_goddessfall1,418,128,열림,J13,,확정
person:데이파라,D182,변화,관계,sub:데이파라_00,168,26,,,person:지휘관,확정
person:데이파라,F756,사실,정의,sub:데이파라_00,168,26,,,,확정
person:데이파라,F757,사실,정의,sub:데이파라_00,168,26,,,,확정
person:데이파라,Q108,의문,정의,sub:데이파라_00,168,26,풀림,J32,,확정
person:데이파라,E183,떡밥,재언급,sub:2호_쉘터_관리계정_00,197,36,,,,확정
person:데이파라,F902,사실,정의,sub:2호_쉘터_관리계정_00,197,36,,J32,,확정
person:데이파라,Q108-2,사건,회수,sub:2호_쉘터_관리계정_00,197,36,,,,확정
person:데이파라,E741,떡밥,암시,event_lordforjustice,385,112,,,,확정
person:데이파라,F1971,사실,정의,event_lordforjustice,385,112,,,,확정
person:데이파라,D834,관계 상대,관계,fl:reborn_evil,407,124,,,person:엘세리아_나인,확정
person:데이파라,D835,기준,신념,fl:reborn_evil,407,124,,,,확정
person:데이파라,D836,변화,신념,fl:reborn_evil,407,124,,,,확정
person:데이파라,E871,떡밥,재언급,fl:reborn_evil,407,124,,,,확정
person:데이파라,E878,떡밥,암시,fl:reborn_evil,407,124,,,,확정
person:데이파라,F2125,사실,정의,fl:reborn_evil,407,124,,,,확정
person:데이파라,F2126,사실,정의,fl:reborn_evil,407,124,,,,확정
person:데이파라,F2133,사실,정의,fl:reborn_evil,407,124,,,,확정
person:데이파라,F2135,사실,정의,fl:reborn_evil,407,124,,,,확정
person:데이파라,F2137,사실,정의,fl:reborn_evil,407,124,,,,확정
person:데이파라,F2143,사실,정의,fl:reborn_evil,407,124,,,,확정
person:데이파라,Q108-3,사건,회수,fl:reborn_evil,407,124,,,,확정
person:데이파라,Q108-4,사건,회수,char:840,408,124,,,,확정
person:데이파라,F2147,사실,정의,char:842,409,124,,,,확정
person:델타,D1792,기준,성격,char:20,90,17,,,,확정
person:델타,D1793,기준,신념,char:20,90,17,,,,확정
person:델타,D1794,변화,신념,char:20,90,17,,,,확정
person:델타,D1795,기준,관계,char:20,90,17,,,person:지휘관,확정
person:델타,D1796,변화,관계,char:20,90,17,,,person:지휘관,확정
person:델타,D1797,변화,관계,char:20,90,17,,,person:지휘관,확정
person:델타,F459,사실,정의,char:20,90,17,,,,확정
person:델타,F460,사실,정의,char:20,90,17,,,,확정
person:델타,F461,사실,정의,char:20,90,17,,,,확정
person:델타,F463,사실,정의,char:20,90,17,,,,확정
person:델타,F465,사실,정의,char:20,90,17,,,,확정
person:델타,F575,사실,정의,char:71,111,17,,,,확정
person:델타,F587,사실,정의,char:22,114,17,,,,확정
person:델타,E729,떡밥,암시,event_arcanearchive,383,111,,,,확정
person:델타,E848,떡밥,재언급,fl:absolute,400,119,,,,확정
person:델타,F2099,사실,정의,fl:absolute,400,119,,,,확정
person:델타,D1645,변화,신념,fl:go_ninja_thief,412,126,,,,확정
person:델타,D1646,관계 상대,관계,fl:go_ninja_thief,412,126,,,person:팬텀,확정
person:델타,F2176,사실,정의,fl:go_ninja_thief,412,126,,,,확정
person:델타,F2177,사실,정의,fl:go_ninja_thief,412,126,,,,확정
person:델타,F2178,사실,정의,fl:go_ninja_thief,412,126,,,,확정
person:델타,D2188,변화,관계,char:23,413,126,,,person:지휘관,확정
person:델타,F2179,사실,정의,char:23,413,126,,,,확정
person:델타,O179,마무리,관계,char:23,413,126,,,,확정
person:도라,D120,기준,성격,ch15,75,16,,,,확정
person:도라,F387,사실,정의,ch15,75,16,,,,확정
person:도라,D1362,기준,관계,char:202,91,17,,,person:지휘관,확정
person:도라,D1363,변화,관계,char:202,91,17,,,person:지휘관,확정
person:도라,D1364,기준,신념,char:202,91,17,,,,확정
person:도라,D1365,기준,관계,char:202,91,17,,,person:얀 person:루피,확정
person:도라,F466,사실,정의,char:202,91,17,,,,확정
person:도라,F467,사실,정의,char:202,91,17,,,,확정
person:도라,F468,사실,정의,char:202,91,17,,,,확정
person:도라,F471,사실,정의,char:202,91,17,,,,확정
person:도라,F472,사실,정의,char:202,91,17,,,,확정
person:도라,F473,사실,정의,char:202,91,17,,,,확정
person:도라,F474,사실,정의,char:202,91,17,,,,확정
person:도라,F475,사실,정의,char:202,91,17,,,,확정
person:도라,F516,사실,정의,char:200,97,17,,,,확정
person:도라,F556,사실,정의,char:141,105,17,,,,확정
person:도라,E172,떡밥,암시,ch22,195,36,,,,확정
person:도라,F887,사실,정의,ch22,195,36,,,,확정
person:도라,F1001,사실,정의,sub:상인연합_달란트_00,215,43,,,,확정
person:도로시,F494,사실,정의,char:221,94,17,,J6,,확정
person:도로시,F681,사실,정의,ch17,140,19,,J6,,확정
person:도로시,D176,기준,관계,ch19,159,25,,,person:지휘관,확정
person:도로시,D177,기준,신념,ch19,159,25,,,,확정
person:도로시,E140,떡밥,암시,ch19,159,25,,,,확정
person:도로시,E141,떡밥,암시,ch19,159,25,,,,확정
person:도로시,F750,사실,정의,ch19,159,25,,,,확정
person:도로시,F752,사실,정의,ch19,159,25,,,,확정
person:도로시,F753,사실,정의,ch19,159,25,,,,확정
person:도로시,F754,사실,정의,ch19,159,25,,J15,,확정
person:도로시,F755,사실,정의,ch19,159,25,,,,확정
person:도로시,Q105,의문,정의,ch19,159,25,일부,J7,,확정
person:도로시,Q106,의문,정의,ch19,159,25,열림,J7,,확정
person:도로시,D185,관계 상대,관계,ch20,164,26,,,person:요한,확정
person:도로시,D189,기준,성격,ch20,164,26,,,,확정
person:도로시,D190,관계 상대,관계,ch20,164,26,,,person:하란,확정
person:도로시,D198,관계 상대,관계,ch20,164,26,,,person:파피용,확정
person:도로시,E148,떡밥,암시,ch20,164,26,,,,확정
person:도로시,F762,사실,정의,ch20,164,26,,J8,,확정
person:도로시,F763,사실,정의,ch20,164,26,,,,확정
person:도로시,F764,사실,정의,ch20,164,26,,,,확정
person:도로시,F765,사실,정의,ch20,164,26,,,,확정
person:도로시,F767,사실,정의,ch20,164,26,,,,확정
person:도로시,F772,사실,정의,ch20,164,26,,,,확정
person:도로시,E157,떡밥,암시,ch21,189,35,,,,확정
person:도로시,F871,사실,정의,ch21,189,35,,,,확정
person:도로시,E177,떡밥,암시,ch22,195,36,,,,확정
person:도로시,F898,사실,정의,ch22,195,36,,,,확정
person:도로시,D237,변화,신념,event_overzone,200,36,,,,확정
person:도로시,D238,변화,성격,event_overzone,200,36,,,,확정
person:도로시,D239,기준,관계,event_overzone,200,36,,,person:피나,확정
person:도로시,D240,변화,관계,event_overzone,200,36,,,person:피나,확정
person:도로시,D241,변화,신체,event_overzone,200,36,,,,확정
person:도로시,D242,변화,소속,event_overzone,200,36,,,,확정
person:도로시,D243,변화,관계,event_overzone,200,36,,,person:스노우_화이트,확정
person:도로시,D245,관계 상대,관계,event_overzone,200,36,,,person:피나,확정
person:도로시,D248,관계 상대,관계,event_overzone,200,36,,,person:스노우_화이트,확정
person:도로시,D249,관계 상대,관계,event_overzone,200,36,,,person:스노우_화이트,확정
person:도로시,D252,관계 상대,관계,event_overzone,200,36,,,person:오스왈드,확정
person:도로시,D253,관계 상대,관계,event_overzone,200,36,,,person:오스왈드,확정
person:도로시,E186,떡밥,암시,event_overzone,200,36,,,,확정
person:도로시,E187,떡밥,암시,event_overzone,200,36,,,,확정
person:도로시,E193,떡밥,암시,event_overzone,200,36,,,,확정
person:도로시,E195,떡밥,암시,event_overzone,200,36,,,,확정
person:도로시,E196,떡밥,암시,event_overzone,200,36,,,,확정
person:도로시,E197,떡밥,암시,event_overzone,200,36,,,,확정
person:도로시,E203,떡밥,암시,event_overzone,200,36,,,,확정
person:도로시,E204,떡밥,암시,event_overzone,200,36,,,,확정
person:도로시,F907,사실,정의,event_overzone,200,36,,J6,,확정
person:도로시,F910,사실,정의,event_overzone,200,36,,,,확정
person:도로시,F911,사실,정의,event_overzone,200,36,,,,확정
person:도로시,F913,사실,정의,event_overzone,200,36,,,,확정
person:도로시,F917,사실,정의,event_overzone,200,36,,,,확정
person:도로시,F921,사실,정의,event_overzone,200,36,,,,확정
person:도로시,F923,사실,정의,event_overzone,200,36,,,,확정
person:도로시,F924,사실,정의,event_overzone,200,36,,,,확정
person:도로시,F925,사실,정의,event_overzone,200,36,,,,확정
person:도로시,F926,사실,정의,event_overzone,200,36,,,,확정
person:도로시,F927,사실,정의,event_overzone,200,36,,,,확정
person:도로시,F928,사실,정의,event_overzone,200,36,,J7,,확정
person:도로시,Q105-2,사건,회수,event_overzone,200,36,,,,확정
person:도로시,Q128,의문,정의,event_overzone,200,36,풀림,J16,,확정
person:도로시,Q129,의문,정의,event_overzone,200,36,일부,J6,,확정
person:도로시,D1433,변화,관계,char:233,202,36,,,person:지휘관,확정
person:도로시,D1434,변화,신념,char:233,202,36,,,,확정
person:도로시,D1435,관계 상대,관계,char:233,202,36,,,person:노아,확정
person:도로시,E1308,떡밥,암시,char:233,202,36,,,,확정
person:도로시,E1309,떡밥,암시,char:233,202,36,,,,확정
person:도로시,E1311,떡밥,재언급,char:233,202,36,,,,확정
person:도로시,E1312,떡밥,재언급,char:233,202,36,,,,확정
person:도로시,F936,사실,정의,char:233,202,36,,,,확정
person:도로시,F937,사실,정의,char:233,202,36,,,,확정
person:도로시,F938,사실,정의,char:233,202,36,,,,확정
person:도로시,F939,사실,정의,char:233,202,36,,,,확정
person:도로시,F941,사실,정의,char:233,202,36,,,,확정
person:도로시,F942,사실,정의,char:233,202,36,,,,확정
person:도로시,E219,떡밥,암시,ch23,214,43,,,,확정
person:도로시,F983,사실,정의,ch23,214,43,,,,확정
person:도로시,F1000,사실,정의,ch23,214,43,,,,확정
person:도로시,E242,떡밥,암시,ch24,219,44,,,,확정
person:도로시,E243,떡밥,암시,ch24,219,44,,,,확정
person:도로시,F1026,사실,정의,ch24,219,44,,,,확정
person:도로시,F1027,사실,정의,ch24,219,44,,,,확정
person:도로시,F1028,사실,정의,ch24,219,44,,J7,,확정
person:도로시,F1029,사실,정의,ch24,219,44,,,,확정
person:도로시,F1030,사실,정의,ch24,219,44,,,,확정
person:도로시,F1031,사실,정의,ch24,219,44,,,,확정
person:도로시,F1034,사실,정의,ch24,219,44,,J2,,확정
person:도로시,F1035,사실,정의,ch24,219,44,,,,확정
person:도로시,F1036,사실,정의,ch24,219,44,,,,확정
person:도로시,D316,기준,관계,ch25,241,54,,,person:레드_후드,확정
person:도로시,E252,떡밥,암시,ch25,241,54,,,,확정
person:도로시,E253,떡밥,암시,ch25,241,54,,,,확정
person:도로시,E254,떡밥,암시,ch25,241,54,,,,확정
person:도로시,E256,떡밥,암시,ch25,241,54,,,,확정
person:도로시,E257,떡밥,암시,ch25,241,54,,,,확정
person:도로시,E259,떡밥,암시,ch25,241,54,,,,확정
person:도로시,E260,떡밥,암시,ch25,241,54,,,,확정
person:도로시,E261,떡밥,재언급,ch25,241,54,,,,확정
person:도로시,E262,떡밥,암시,ch25,241,54,,,,확정
person:도로시,F1101,사실,정의,ch25,241,54,,,,확정
person:도로시,F1102,사실,정의,ch25,241,54,,,,확정
person:도로시,F1103,사실,정의,ch25,241,54,,,,확정
person:도로시,F1104,사실,정의,ch25,241,54,,,,확정
person:도로시,F1105,사실,정의,ch25,241,54,,,,확정
person:도로시,F1106,사실,정의,ch25,241,54,,,,확정
person:도로시,F1107,사실,정의,ch25,241,54,,,,확정
person:도로시,F1108,사실,정의,ch25,241,54,,,,확정
person:도로시,F1109,사실,정의,ch25,241,54,,J2,,확정
person:도로시,D322,관계 상대,관계,ch26,246,55,,,person:레드_후드,확정
person:도로시,D324,변화,성격,ch26,246,55,,,,확정
person:도로시,D326,변화,관계,ch26,246,55,,,person:레드_후드,확정
person:도로시,D327,관계 상대,관계,ch26,246,55,,,person:레드_후드,확정
person:도로시,D332,변화,관계,ch26,246,55,,,person:지휘관,확정
person:도로시,E264,떡밥,암시,ch26,246,55,,,,확정
person:도로시,E267,떡밥,암시,ch26,246,55,,,,확정
person:도로시,E272,떡밥,암시,ch26,246,55,,,,확정
person:도로시,E275,떡밥,암시,ch26,246,55,,,,확정
person:도로시,F1113,사실,정의,ch26,246,55,,,,확정
person:도로시,F1114,사실,정의,ch26,246,55,,,,확정
person:도로시,F1121,사실,정의,ch26,246,55,,,,확정
person:도로시,F1125,사실,정의,ch26,246,55,,,,확정
person:도로시,F1127,사실,정의,ch26,246,55,,,,확정
person:도로시,F1128,사실,정의,ch26,246,55,,J7,,확정
person:도로시,F1130,사실,정의,ch26,246,55,,,,확정
person:도로시,F1132,사실,정의,ch26,246,55,,,,확정
person:도로시,O6,마무리,관계,ch26,246,55,,,,확정
person:도로시,D351,변화,관계,event_redash,251,55,,,person:레드_후드,확정
person:도로시,F1144,사실,정의,event_redash,251,55,,,,확정
person:도로시,F1147,사실,정의,event_redash,251,55,,,,확정
person:도로시,F1154,사실,정의,event_redash,251,55,,,,확정
person:도로시,F1157,사실,정의,event_redash,251,55,,,,확정
person:도로시,F1160,사실,정의,event_redash,251,55,,,,확정
person:도로시,F1163,사실,정의,event_redash,251,55,,,,확정
person:도로시,F1170,사실,정의,event_redash,251,55,,,,확정
person:도로시,F1172,사실,정의,event_redash,251,55,,,,확정
person:도로시,O5,마무리,관계,event_redash,251,55,,,,확정
person:도로시,Q129-2,사건,회수,event_redash,251,55,,,,확정
person:도로시,D354,관계 상대,관계,erelic:red_ash_lost,252,55,,,person:홍련,확정
person:도로시,D355,기준,관계,erelic:red_ash_lost,252,55,,,person:홍련,확정
person:도로시,E302,떡밥,재언급,erelic:red_ash_lost,252,55,,,,확정
person:도로시,F1176,사실,정의,erelic:red_ash_lost,252,55,,,,확정
person:도로시,F1177,사실,정의,erelic:red_ash_lost,252,55,,,,확정
person:도로시,F1187,사실,정의,erelic:red_ash_mini,253,55,,,,확정
person:도로시,Q128-2,사건,회수,erelic:red_ash_mini,253,55,,,,확정
person:도로시,U186,생활상,구시대,erelic:red_ash_mini,253,55,,,,확정
person:도로시,D1515,변화,관계,char:225,262,60,,,person:홍련,확정
person:도로시,F1242,사실,정의,char:225,262,60,,,,확정
person:도로시,F1243,사실,정의,char:225,262,60,,,,확정
person:도로시,F1244,사실,정의,char:225,262,60,,,,확정
person:도로시,E323,떡밥,암시,ch27,270,65,,,,확정
person:도로시,F1288,사실,정의,ch27,270,65,,,,확정
person:도로시,F1361,사실,정의,side:second_affection,288,71,,,,확정
person:도로시,F1629,사실,정의,ch33,334,90,,,,확정
person:도로시,Q214,의문,정의,ch33,334,90,열림,J8,,확정
person:도로시,F1713,사실,정의,char:226,342,91,,,,확정
person:도로시,E626,떡밥,암시,ch36,360,102,,,,확정
person:도로시,F1818,사실,정의,ch36,360,102,,,,확정
person:도로시,D648,변화,관계,ch37,373,108,,,person:아니스,확정
person:도로시,D649,관계 상대,관계,ch37,373,108,,,person:아이리,확정
person:도로시,E648,떡밥,암시,ch37,373,108,,,,확정
person:도로시,E650,떡밥,암시,ch37,373,108,,,,확정
person:도로시,F1859,사실,정의,ch37,373,108,,J7,,확정
person:도로시,F1860,사실,정의,ch37,373,108,,,,확정
person:도로시,F1861,사실,정의,ch37,373,108,,,,확정
person:도로시,F2003,사실,정의,event_ce006,387,113,,,,확정
person:도로시,D756,관계 상대,관계,fl:boom_the_ghost,393,116,,,person:라피,확정
person:도로시,D757,관계 상대,관계,fl:boom_the_ghost,393,116,,,person:라피,확정
person:도로시,D758,기준,관계,fl:boom_the_ghost,393,116,,,person:라피,확정
person:도로시,D759,변화,관계,fl:boom_the_ghost,393,116,,,person:라피,확정
person:도로시,D760,변화,관계,fl:boom_the_ghost,393,116,,,person:피나,확정
person:도로시,D761,관계 상대,관계,fl:boom_the_ghost,393,116,,,person:도반,확정
person:도로시,E782,떡밥,암시,fl:boom_the_ghost,393,116,,,,확정
person:도로시,E783,떡밥,재언급,fl:boom_the_ghost,393,116,,,,확정
person:도로시,E784,떡밥,암시,fl:boom_the_ghost,393,116,,,,확정
person:도로시,E790,떡밥,재언급,fl:boom_the_ghost,393,116,,,,확정
person:도로시,E791,떡밥,재언급,fl:boom_the_ghost,393,116,,,,확정
person:도로시,E795,떡밥,암시,fl:boom_the_ghost,393,116,,,,확정
person:도로시,F2021,사실,정의,fl:boom_the_ghost,393,116,,,,확정
person:도로시,F2022,사실,정의,fl:boom_the_ghost,393,116,,,,확정
person:도로시,F2031,사실,정의,fl:boom_the_ghost,393,116,,,,확정
person:도로시,F2032,사실,정의,fl:boom_the_ghost,393,116,,,,확정
person:도로시,F2033,사실,정의,fl:boom_the_ghost,393,116,,,,확정
person:도로시,F2037,사실,정의,fl:boom_the_ghost,393,116,,J7,,확정
person:도로시,F2038,사실,정의,fl:boom_the_ghost,393,116,,,,확정
person:도로시,F2886,사실,정의,fl:boom_the_ghost,393,116,,,,확정
person:도로시,O29,마무리,관계,fl:boom_the_ghost,393,116,,,,확정
person:도로시,Q260,의문,정의,fl:boom_the_ghost,393,116,열림,J2,,확정
person:도로시,Q261,의문,정의,fl:boom_the_ghost,393,116,풀림,J7,,확정
person:도로시,U301,생활상,방주 사회,fl:boom_the_ghost,393,116,,,,확정
person:도로시,U302,생활상,경제,fl:boom_the_ghost,393,116,,,,확정
person:도로시,E1618,떡밥,암시,char:234,394,116,,,,확정
person:도로시,F2039,사실,정의,char:234,394,116,,,,확정
person:도로시,E811,떡밥,재언급,ch39,396,118,,,,확정
person:도로시,D842,관계 상대,관계,side:eden_spear,411,126,,,person:파피용,확정
person:도로시,D845,관계 상대,관계,side:eden_spear,411,126,,,person:하란,확정
person:도로시,E885,떡밥,재언급,side:eden_spear,411,126,,,,확정
person:도로시,E887,떡밥,재언급,side:eden_spear,411,126,,,,확정
person:도로시,E888,떡밥,재언급,side:eden_spear,411,126,,,,확정
person:도로시,F1103-2,사건,드러냄,side:eden_spear,411,126,,,,확정
person:도로시,F1132-2,사건,드러냄,side:eden_spear,411,126,,,,확정
person:도로시,F2151,사실,정의,side:eden_spear,411,126,,,,확정
person:도로시,F2153,사실,정의,side:eden_spear,411,126,,,,확정
person:도로시,F2154,사실,정의,side:eden_spear,411,126,,,,확정
person:도로시,F2165,사실,정의,side:eden_spear,411,126,,,,확정
person:도로시,F2166,사실,정의,side:eden_spear,411,126,,,,확정
person:도로시,F2241,사실,정의,ch42,416,128,,,,확정
person:도로시,D938,관계 상대,관계,event_goddessfall1,418,128,,,person:파피용,확정
person:도로시,D954,관계 상대,관계,event_goddessfall1,418,128,,,person:요한,확정
person:도로시,D956,관계 상대,관계,event_goddessfall1,418,128,,,person:스노우_화이트,확정
person:도로시,E957,떡밥,재언급,event_goddessfall1,418,128,,,,확정
person:도로시,F2153-2,사건,드러냄,event_goddessfall1,418,128,,,,확정
person:도로시,F2258,사실,정의,event_goddessfall1,418,128,,,,확정
person:도로시,F2262,사실,정의,event_goddessfall1,418,128,,,,확정
person:도로시,F2304,사실,정의,event_goddessfall1,418,128,,,,확정
person:도로시,F2314,사실,정의,event_goddessfall1,418,128,,,,확정
person:도로시,F2317,사실,정의,event_goddessfall1,418,128,,J7,,확정
person:도로시,F2319,사실,정의,event_goddessfall1,418,128,,,,확정
person:도로시,Q303,의문,정의,event_goddessfall1,418,128,일부,J7,,확정
person:도로시,D962,기준,관계,erelic:goddess_fall_mini,419,128,,,person:하란 person:이사벨,확정
person:도로시,D963,변화,관계,erelic:goddess_fall_mini,419,128,,,person:하란 person:이사벨,확정
person:도로시,D967,변화,관계,erelic:goddess_fall_mini,419,128,,,,확정
person:도로시,D968,관계 상대,관계,erelic:goddess_fall_mini,419,128,,,person:세실,확정
person:도로시,E961,떡밥,암시,erelic:goddess_fall_mini,419,128,,,,확정
person:도로시,E963,떡밥,재언급,erelic:goddess_fall_mini,419,128,,,,확정
person:도로시,E964,떡밥,재언급,erelic:goddess_fall_mini,419,128,,,,확정
person:도로시,F2323,사실,정의,erelic:goddess_fall_mini,419,128,,,,확정
person:도로시,F2324,사실,정의,erelic:goddess_fall_mini,419,128,,,,확정
person:도로시,F2326,사실,정의,erelic:goddess_fall_mini,419,128,,,,확정
person:도로시,F2329,사실,정의,erelic:goddess_fall_mini,419,128,,,,확정
person:도로시,F2331,사실,정의,erelic:goddess_fall_mini,419,128,,,,확정
person:도로시,F2332,사실,정의,erelic:goddess_fall_mini,419,128,,J16,,확정
person:도로시,F2333,사실,정의,erelic:goddess_fall_mini,419,128,,,,확정
person:도로시,F2338,사실,정의,erelic:goddess_fall_mini,419,128,,,,확정
person:도로시,Q128-3,사건,회수,erelic:goddess_fall_mini,419,128,,,,확정
person:도로시,Q306,의문,정의,erelic:goddess_fall_mini,419,128,일부,J6,,확정
person:도로시,Q307,의문,정의,erelic:goddess_fall_mini,419,128,열림,J8,,확정
person:도로시,D983,기준,관계,fl:ark_guardian,428,133,,,person:릴리바이스,확정
person:도로시,D987,변화,신념,fl:ark_guardian,428,133,,,,확정
person:도로시,E975,떡밥,암시,fl:ark_guardian,428,133,,,,확정
person:도로시,F2358,사실,정의,fl:ark_guardian,428,133,,J6,,확정
person:도로시,F2362,사실,정의,fl:ark_guardian,428,133,,,,확정
person:도로시,F2367,사실,정의,fl:ark_guardian,428,133,,,,확정
person:도로시,F2374,사실,정의,fl:ark_guardian,428,133,,,,확정
person:도로시,D1053,관계 상대,관계,ch44,436,138,,,person:버닝엄,확정
person:도로시,F2423,사실,정의,ch44,436,138,,,,확정
person:도로시,F2427,사실,정의,ch44,436,138,,,,확정
person:도로시,F2438,사실,정의,ch44,436,138,,,,확정
person:도로시,F2439,사실,정의,ch44,436,138,,J7,,확정
person:도로시,F2465,사실,정의,ch44,436,138,,,,확정
person:도로시,Q129-3,사건,회수,side:pretty_star,447,142,,,,확정
person:도로시,D1139,변화,신념,ch45,450,143,,,,확정
person:도로시,E1088,떡밥,암시,ch45,450,143,,,,확정
person:도로시,E1090,떡밥,재언급,ch45,450,143,,,,확정
person:도로시,F2590,사실,정의,ch45,450,143,,,,확정
person:도로시,F2594,사실,정의,ch45,450,143,,,,확정
person:도로시,F2597,사실,정의,ch45,450,143,,,,확정
person:도로시,F2598,사실,정의,ch45,450,143,,,,확정
person:도로시,F2608,사실,정의,ch45,450,143,,,,확정
person:도로시,F2609,사실,정의,ch45,450,143,,J7,,확정
person:도로시,D1166,관계 상대,관계,ch46,452,144,,,person:도반,확정
person:도로시,D1168,변화,신념,ch46,452,144,,,,확정
person:도로시,D1169,관계 상대,관계,ch46,452,144,,,person:라피,확정
person:도로시,D1171,관계 상대,관계,ch46,452,144,,,person:지휘관,확정
person:도로시,D1172,관계 상대,관계,ch46,452,144,,,person:버닝엄,확정
person:도로시,D1173,변화,신념,ch46,452,144,,,,확정
person:도로시,D1174,관계 상대,관계,ch46,452,144,,,person:엔더슨,확정
person:도로시,D1175,기준,관계,ch46,452,144,,,person:엔더슨,확정
person:도로시,E1112,떡밥,암시,ch46,452,144,,,,확정
person:도로시,E1113,떡밥,재언급,ch46,452,144,,,,확정
person:도로시,E1114,떡밥,재언급,ch46,452,144,,,,확정
person:도로시,E1116,떡밥,재언급,ch46,452,144,,,,확정
person:도로시,F2636,사실,정의,ch46,452,144,,,,확정
person:도로시,F2639,사실,정의,ch46,452,144,,,,확정
person:도로시,F2640,사실,정의,ch46,452,144,,,,확정
person:도로시,F2641,사실,정의,ch46,452,144,,,,확정
person:도로시,F2642,사실,정의,ch46,452,144,,,,확정
person:도로시,F2643,사실,정의,ch46,452,144,,J7,,확정
person:도로시,F2644,사실,정의,ch46,452,144,,,,확정
person:도로시,F2645,사실,정의,ch46,452,144,,,,확정
person:도로시,F2647,사실,정의,ch46,452,144,,,,확정
person:도로시,F2648,사실,정의,ch46,452,144,,,,확정
person:도로시,F2651,사실,정의,ch46,452,144,,J7,,확정
person:도로시,F2652,사실,정의,ch46,452,144,,,,확정
person:도로시,F2653,사실,정의,ch46,452,144,,,,확정
person:도로시,F2655,사실,정의,ch46,452,144,,,,확정
person:도로시,F2657,사실,정의,ch46,452,144,,J7 J19,,확정
person:도로시,F2662,사실,정의,ch46,452,144,,,,확정
person:도로시,O94,마무리,관계,ch46,452,144,,,,확정
person:도로시,Q129-4,사건,회수,ch46,452,144,,,,확정
person:도로시,Q261-2,사건,회수,ch46,452,144,,,,확정
person:도로시,Q303-2,사건,회수,ch46,452,144,,,,확정
person:도로시,Q306-2,사건,회수,ch46,452,144,,,,확정
person:도로시,D1311,관계 상대,관계,ch47,470,153,,,person:스노우_화이트,확정
person:도로시,D1319,변화,신념,ch47,470,153,,,,확정
person:도로시,D1320,관계 상대,관계,ch47,470,153,,,person:엔더슨,확정
person:도로시,D1321,관계 상대,관계,ch47,470,153,,,person:버닝엄,확정
person:도로시,D1322,관계 상대,관계,ch47,470,153,,,person:시엘로,확정
person:도로시,E1208,떡밥,재언급,ch47,470,153,,,,확정
person:도로시,E1223,떡밥,재언급,ch47,470,153,,,,확정
person:도로시,F2801,사실,정의,ch47,470,153,,,,확정
person:도로시,F2815,사실,정의,ch47,470,153,,,,확정
person:도로시,F2816,사실,정의,ch47,470,153,,,,확정
person:도로시,F2817,사실,정의,ch47,470,153,,,,확정
person:도로시,O95,마무리,관계,ch47,470,153,,,,확정
person:도로시,D1344,관계 상대,관계,ch48,472,154,,,person:엔더슨,확정
person:도로시,D1346,변화,신념,ch48,472,154,,,,확정
person:도로시,D1347,변화,관계,ch48,472,154,,,person:엔더슨,확정
person:도로시,D1348,변화,신체,ch48,472,154,,,,확정
person:도로시,E1237,떡밥,재언급,ch48,472,154,,,,확정
person:도로시,E1238,떡밥,재언급,ch48,472,154,,,,확정
person:도로시,F2842,사실,정의,ch48,472,154,,,,확정
person:도로시,F2843,사실,정의,ch48,472,154,,J20,,확정
person:도로시,F2844,사실,정의,ch48,472,154,,,,확정
person:도로시,O101,마무리,관계,ch48,472,154,H12,,,확정
person:도로시,O104,마무리,성장,ch48,472,154,H12,,,확정
person:도로시,Q369,의문,정의,ch48,472,154,열림,J7,,확정
person:도반,D235,기준,성격,ch22,195,36,,,,확정
person:도반,D236,기준,신념,ch22,195,36,,,,확정
person:도반,F891,사실,정의,ch22,195,36,,,,확정
person:도반,F892,사실,정의,ch22,195,36,,,,확정
person:도반,F893,사실,정의,ch22,195,36,,,,확정
person:도반,F893-2,사건,드러냄,ch23,214,43,,,,확정
person:도반,F985,사실,정의,ch23,214,43,,,,확정
person:도반,F986,사실,정의,ch23,214,43,,,,확정
person:도반,F988,사실,정의,ch23,214,43,,,,확정
person:도반,F989,사실,정의,ch23,214,43,,,,확정
person:도반,F990,사실,정의,ch23,214,43,,,,확정
person:도반,E235,떡밥,재언급,ch24,219,44,,,,확정
person:도반,F1020,사실,정의,ch24,219,44,,,,확정
person:도반,D315,기준,관계,ch25,241,54,,,person:엔더슨,확정
person:도반,E255,떡밥,암시,ch25,241,54,,,,확정
person:도반,F1104,사실,정의,ch25,241,54,,,,확정
person:도반,D761,기준,관계,fl:boom_the_ghost,393,116,,,person:도로시,확정
person:도반,E794,떡밥,암시,fl:boom_the_ghost,393,116,,,,확정
person:도반,F2038,사실,정의,fl:boom_the_ghost,393,116,,,,확정
person:도반,Q261,의문,정의,fl:boom_the_ghost,393,116,풀림,J7,,확정
person:도반,F2448,사실,정의,ch44,436,138,,,,확정
person:도반,F2454,사실,정의,ch44,436,138,,,,확정
person:도반,F2578,사실,정의,ch45,450,143,,,,확정
person:도반,F2608,사실,정의,ch45,450,143,,,,확정
person:도반,D1164,변화,신념,ch46,452,144,,,,확정
person:도반,D1165,변화,소속,ch46,452,144,,,,확정
person:도반,D1166,변화,관계,ch46,452,144,,,person:도로시,확정
person:도반,D1167,관계 상대,관계,ch46,452,144,,,person:지휘관,확정
person:도반,D1170,변화,신체,ch46,452,144,,,,확정
person:도반,F2636,사실,정의,ch46,452,144,,,,확정
person:도반,F2637,사실,정의,ch46,452,144,,,,확정
person:도반,F2638,사실,정의,ch46,452,144,,,,확정
person:도반,F2639,사실,정의,ch46,452,144,,,,확정
person:도반,F2640,사실,정의,ch46,452,144,,,,확정
person:도반,F2641,사실,정의,ch46,452,144,,,,확정
person:도반,F2642,사실,정의,ch46,452,144,,,,확정
person:도반,F2645,사실,정의,ch46,452,144,,,,확정
person:도반,F2646,사실,정의,ch46,452,144,,,,확정
person:도반,F2650,사실,정의,ch46,452,144,,,,확정
person:도반,Q261-2,사건,회수,ch46,452,144,,,,확정
person:도반,Q345,의문,정의,ch46,452,144,열림,J7,,확정
person:드레이크,D91,기준,성격,ch11,53,12,,,,확정
person:드레이크,F288,사실,정의,ch11,53,12,,J22,,확정
person:드레이크,D97,변화,신체,ch12,59,13,,,,확정
person:드레이크,F303,사실,정의,ch12,59,13,,,,확정
person:드레이크,D125,변화,신체,ch15,75,16,,,,확정
person:드레이크,D1798,기준,관계,char:101,92,17,,,person:지휘관,확정
person:드레이크,D1799,기준,신념,char:101,92,17,,,,확정
person:드레이크,F476,사실,정의,char:101,92,17,,,,확정
person:드레이크,F477,사실,정의,char:101,92,17,,,,확정
person:드레이크,F480,사실,정의,char:101,92,17,,,,확정
person:드레이크,F481,사실,정의,char:101,92,17,,,,확정
person:드레이크,D160,기준,관계,ch18,146,20,,,person:라플라스,확정
person:드레이크,E130,떡밥,재언급,ch18,146,20,,,,확정
person:드레이크,F698,사실,정의,ch18,146,20,,,,확정
person:드레이크,E1288,떡밥,암시,event_hightechtoy,151,20,,,,확정
person:드레이크,F717,사실,정의,event_hightechtoy,151,20,,,,확정
person:드레이크,F821,사실,정의,char:801,179,30,,,,확정
person:드레이크,E247,떡밥,재언급,event_freezeacpu,239,53,,,,확정
person:드레이크,F1092,사실,정의,event_freezeacpu,239,53,,,,확정
person:드레이크,F1274,사실,정의,event_perfectmaid,267,63,,,,확정
person:드레이크,F1275,사실,정의,event_perfectmaid,267,63,,,,확정
person:드레이크,F1609,사실,정의,char:403,329,87,,,,확정
person:드레이크,D619,변화,관계,ch36,360,102,,,person:라플라스,확정
person:드레이크,F1811,사실,정의,ch36,360,102,,,,확정
person:드레이크,F1820,사실,정의,ch36,360,102,,,,확정
person:드레이크,D644,기준,관계,ch37,373,108,,,person:슈엔,확정
person:드레이크,F1856,사실,정의,ch37,373,108,,,,확정
person:드레이크,D670,변화,신체,ch38,375,109,,,,확정
person:드레이크,F1871,사실,정의,ch38,375,109,,,,확정
person:드레이크,F1877,사실,정의,ch38,375,109,,,,확정
person:드레이크,F2050,사실,정의,ch39,396,118,,,,확정
person:드레이크,F2078,사실,정의,ch40,398,119,,,,확정
person:드레이크,F2191,사실,정의,ch41,414,127,,,,확정
person:드레이크,D876,기준,관계,ch42,416,128,,,person:지즈,확정
person:드레이크,E926,떡밥,암시,ch42,416,128,,,,확정
person:드레이크,F2212,사실,정의,ch42,416,128,,,,확정
person:드레이크,F2213,사실,정의,ch42,416,128,,,,확정
person:드레이크,F2224,사실,정의,ch42,416,128,,,,확정
person:드레이크,F2227,사실,정의,ch42,416,128,,,,확정
person:드레이크,E1202,떡밥,재언급,fl:project_matis,467,151,,,,확정
person:드레이크,F2768,사실,정의,fl:project_matis,467,151,,,,확정
person:드레이크,F2795,사실,정의,fl:project_matis,467,151,,,,확정
person:드레이크,D1774,변화,신체,fl:great_villain_union,478,156,,,,확정
person:드레이크,D1775,기준,관계,fl:great_villain_union,478,156,,,person:그레이브,확정
person:드레이크,D1776,변화,관계,fl:great_villain_union,478,156,,,person:지즈,확정
person:드레이크,D1777,변화,성격,fl:great_villain_union,478,156,,,,확정
person:드레이크,D1778,변화,신념,fl:great_villain_union,478,156,,,,확정
person:드레이크,D1779,변화,관계,fl:great_villain_union,478,156,,,person:지즈 person:그레이브,확정
person:드레이크,D1780,관계 상대,관계,fl:great_villain_union,478,156,,,person:지즈,확정
person:드레이크,D1782,관계 상대,관계,fl:great_villain_union,478,156,,,person:지즈,확정
person:드레이크,D1783,관계 상대,관계,fl:great_villain_union,478,156,,,person:그레이브,확정
person:드레이크,D1785,관계 상대,관계,fl:great_villain_union,478,156,,,person:그레이브,확정
person:드레이크,E1584,떡밥,암시,fl:great_villain_union,478,156,,,,확정
person:드레이크,E1585,떡밥,재언급,fl:great_villain_union,478,156,,,,확정
person:드레이크,E1587,떡밥,재언급,fl:great_villain_union,478,156,,,,확정
person:드레이크,E1590,떡밥,재언급,fl:great_villain_union,478,156,,,,확정
person:드레이크,E1591,떡밥,재언급,fl:great_villain_union,478,156,,,,확정
person:드레이크,F2872,사실,정의,fl:great_villain_union,478,156,,,,확정
person:드레이크,F2873,사실,정의,fl:great_villain_union,478,156,,,,확정
person:드레이크,F2875,사실,정의,fl:great_villain_union,478,156,,,,확정
person:드레이크,F2876,사실,정의,fl:great_villain_union,478,156,,,,확정
person:드레이크,F2877,사실,정의,fl:great_villain_union,478,156,,,,확정
person:드레이크,F2906,사실,정의,fl:great_villain_union,478,156,,,,확정
person:드레이크,O110,마무리,관계,fl:great_villain_union,478,156,,,,확정
person:드레이크,F2878,사실,정의,char:104,479,156,,,,확정
person:드릴리,F1292,사실,정의,ch27,270,65,,,,확정
person:드릴리,D421,기준,성격,ch29,291,72,,,,확정
person:드릴리,D422,기준,관계,ch29,291,72,,,person:해머링,확정
person:드릴리,D423,기준,신념,ch29,291,72,,,,확정
person:드릴리,D424,기준,관계,ch29,291,72,,,person:지휘관,확정
person:드릴리,E372,떡밥,암시,ch29,291,72,,,,확정
person:드릴리,F1380,사실,정의,ch29,291,72,,,,확정
person:드릴리,F1385,사실,정의,ch29,291,72,,,,확정
person:드릴리,F1390,사실,정의,ch29,291,72,,,,확정
person:드릴리,U212,생활상,경제,ch29,291,72,,,,확정
person:드릴리,D434,변화,관계,ch30,293,73,,,person:지휘관,확정
person:드릴리,F1412,사실,정의,ch30,293,73,,,,확정
person:드릴리,F1415,사실,정의,ch30,293,73,,,,확정
person:디젤,D1366,기준,성격,char:72,93,17,,,,확정
person:디젤,D1367,기준,기억,char:72,93,17,,,,확정
person:디젤,D1368,변화,기억,char:72,93,17,,,,확정
person:디젤,D1369,기준,관계,char:72,93,17,,,person:지휘관,확정
person:디젤,D1370,변화,관계,char:72,93,17,,,person:지휘관,확정
person:디젤,D1371,기준,관계,char:72,93,17,,,person:브리드,확정
person:디젤,D1372,관계 상대,관계,char:72,93,17,,,person:브리드,확정
person:디젤,E1253,떡밥,암시,char:72,93,17,,,,확정
person:디젤,E1254,떡밥,암시,char:72,93,17,,,,확정
person:디젤,F484,사실,정의,char:72,93,17,,,,확정
person:디젤,F486,사실,정의,char:72,93,17,,,,확정
person:디젤,F487,사실,정의,char:72,93,17,,,,확정
person:디젤,F568,사실,정의,char:70,109,17,,,,확정
person:디젤,F996,사실,정의,ch23,214,43,,,,확정
person:디젤,F999,사실,정의,ch23,214,43,,,,확정
person:디젤,D280,변화,신념,ch24,219,44,,,,확정
person:디젤,F1005,사실,정의,ch24,219,44,,,,확정
person:디젤,F1006,사실,정의,ch24,219,44,,,,확정
person:디젤,F1007,사실,정의,ch24,219,44,,,,확정
person:디젤,F1355,사실,정의,char:821,285,68,,,,확정
person:디젤,F1356,사실,정의,char:820,286,69,,,,확정
person:디젤,F2349,사실,정의,fl:blank_ticket,423,130,,,,확정
person:디젤,E1458,떡밥,재언급,fl:terminus_ticket,425,131,,,,확정
person:디젤,E1460,떡밥,재언급,fl:terminus_ticket,425,131,,,,확정
person:디젤,F2355,사실,정의,fl:terminus_ticket,425,131,,,,확정
person:디젤,F2356,사실,정의,fl:terminus_ticket,425,131,,J58,,확정
person:디젤,D2195,변화,관계,char:75,426,131,,,person:지휘관,확정
person:디젤,D2196,관계 상대,관계,char:75,426,131,,,person:브리드,확정
person:디젤,O188,마무리,관계,char:75,426,131,,,,확정
person:디젤,F1006-2,사건,드러냄,fl:enter_heaven,442,140,,,,확정
person:디젤의_동생,E1253,떡밥,암시,char:72,93,17,,,,확정
person:뚝딱이,E787,떡밥,암시,fl:boom_the_ghost,393,116,,,,확정
person:뚝딱이,F2026,사실,정의,fl:boom_the_ghost,393,116,,,,확정
person:라라,E1186,떡밥,암시,fl:project_matis,467,151,,,,확정
person:라라,F2772,사실,정의,fl:project_matis,467,151,,,,확정
person:라라,F2777,사실,정의,fl:project_matis,467,151,,,,확정
person:라이,D2022,기준,성격,char:392,203,36,,,,확정
person:라이,D2023,기준,신념,char:392,203,36,,,,확정
person:라이,D2024,기준,관계,char:392,203,36,,,person:지휘관,확정
person:라이,D2025,변화,신념,char:392,203,36,,,,확정
person:라이,D2026,변화,관계,char:392,203,36,,,person:지휘관,확정
person:라이,F943,사실,정의,char:392,203,36,,,,확정
person:라이,F944,사실,정의,char:392,203,36,,,,확정
person:라이,D1465,기준,관계,event_schooloflock,234,50,,,person:트리세라,확정
person:라이,D2067,관계 상대,관계,char:321,235,50,,,person:마르차나,확정
person:라이,D2068,관계 상대,관계,char:321,235,50,,,person:마르차나,확정
person:라이,F1079,사실,정의,char:321,235,50,,,,확정
person:라이,D1564,관계 상대,관계,event_juveniledays,317,81,,,person:아인,확정
person:라이,D1565,관계 상대,관계,event_juveniledays,317,81,,,person:아인,확정
person:라이,D1566,관계 상대,관계,event_juveniledays,317,81,,,person:아인,확정
person:라이,D1572,기준,관계,event_juveniledays,317,81,,,person:아인,확정
person:라이,F1576,사실,정의,event_juveniledays,317,81,,,,확정
person:라이,F1577,사실,정의,event_juveniledays,317,81,,,,확정
person:라이,F1578,사실,정의,event_juveniledays,317,81,,,,확정
person:라이,F1579,사실,정의,event_juveniledays,317,81,,,,확정
person:라이,F1590,사실,정의,event_colorless,319,82,,,,확정
person:라이,O148,마무리,관계,event_colorless,319,82,,,,확정
person:라이,D2126,관계 상대,관계,char:832,324,85,,,person:마리,확정
person:라이,D2127,변화,관계,char:832,324,85,,,person:마리,확정
person:라이,F1600,사실,정의,char:832,324,85,,,,확정
person:라이,F1601,사실,정의,char:832,324,85,,,,확정
person:라이,F2510,사실,정의,fl:2x2_love_1ch,444,141,,,,확정
person:라이,F2529,사실,정의,fl:2x2_love_2ch,445,141,,,,확정
person:라이,E1543,떡밥,암시,fl:wave_to_you,464,149,,,,확정
person:라이,E1548,떡밥,재언급,fl:wave_to_you,464,149,,,,확정
person:라이,F2753,사실,정의,fl:wave_to_you,464,149,,,,확정
person:라이,D2228,관계 상대,관계,char:872,475,154,,,person:아이기스,확정
person:라이,F2869,사실,정의,char:872,475,154,,,,확정
person:라이온,F2061,사실,정의,ch39,396,118,,,,확정
person:라이온,U306,생활상,방주 사회,ch39,396,118,,,,확정
person:라이온,F2086,사실,정의,ch40,398,119,,,,확정
person:라이온,F2087,사실,정의,ch40,398,119,,,,확정
person:라이온,Q276,의문,정의,ch40,398,119,풀림,J17,,확정
person:라이온,U312,생활상,방주 사회,ch40,398,119,,,,확정
person:라이온,Q276-2,사건,회수,ch41,414,127,,,,확정
person:라이온,F2447,사실,정의,ch44,436,138,,,,확정
person:라이온,F2448,사실,정의,ch44,436,138,,,,확정
person:라이온,U372,생활상,경제,ch44,436,138,,,,확정
person:라푼젤,F373,사실,정의,ch14,69,15,,,,확정
person:라푼젤,F453,사실,정의,char:232,88,17,,,,확정
person:라푼젤,D1373,기준,성격,char:221,94,17,,,,확정
person:라푼젤,D1374,기준,관계,char:221,94,17,,,person:지휘관,확정
person:라푼젤,D1375,변화,관계,char:221,94,17,,,person:지휘관,확정
person:라푼젤,D1376,기준,신념,char:221,94,17,,,,확정
person:라푼젤,D1377,기준,기억,char:221,94,17,,,,확정
person:라푼젤,D1378,기준,관계,char:221,94,17,,,person:릴리바이스,확정
person:라푼젤,E1258,떡밥,암시,char:221,94,17,,,,확정
person:라푼젤,E1259,떡밥,암시,char:221,94,17,,,,확정
person:라푼젤,F488,사실,정의,char:221,94,17,,,,확정
person:라푼젤,F489,사실,정의,char:221,94,17,,,,확정
person:라푼젤,F490,사실,정의,char:221,94,17,,,,확정
person:라푼젤,F491,사실,정의,char:221,94,17,,,,확정
person:라푼젤,F493,사실,정의,char:221,94,17,,J9,,확정
person:라푼젤,F494,사실,정의,char:221,94,17,,J6,,확정
person:라푼젤,F495,사실,정의,char:221,94,17,,,,확정
person:라푼젤,F496,사실,정의,char:221,94,17,,,,확정
person:라푼젤,F661,사실,정의,char:222,136,17,,,,확정
person:라푼젤,E115,떡밥,암시,ch17,140,19,,,,확정
person:라푼젤,E116,떡밥,암시,ch17,140,19,,,,확정
person:라푼젤,F675,사실,정의,ch17,140,19,,J21,,확정
person:라푼젤,F676,사실,정의,ch17,140,19,,,,확정
person:라푼젤,F680,사실,정의,ch17,140,19,,,,확정
person:라푼젤,F681,사실,정의,ch17,140,19,,J6,,확정
person:라푼젤,F684,사실,정의,ch17,140,19,,,,확정
person:라푼젤,F685,사실,정의,ch17,140,19,,,,확정
person:라푼젤,F686,사실,정의,ch17,140,19,,,,확정
person:라푼젤,F688,사실,정의,ch17,140,19,,,,확정
person:라푼젤,D250,변화,신념,event_overzone,200,36,,,,확정
person:라푼젤,E189,떡밥,암시,event_overzone,200,36,,,,확정
person:라푼젤,E191,떡밥,암시,event_overzone,200,36,,,,확정
person:라푼젤,F913,사실,정의,event_overzone,200,36,,,,확정
person:라푼젤,F918,사실,정의,event_overzone,200,36,,,,확정
person:라푼젤,F923,사실,정의,event_overzone,200,36,,,,확정
person:라푼젤,Q130,의문,정의,event_overzone,200,36,일부,J20,,확정
person:라푼젤,D259,기준,관계,erelic:white_memory,201,36,,,person:레드_후드,확정
person:라푼젤,F931,사실,정의,erelic:white_memory,201,36,,,,확정
person:라푼젤,F935,사실,정의,erelic:white_memory,201,36,,,,확정
person:라푼젤,F1065,사실,정의,event_firstaffection,230,47,,,,확정
person:라푼젤,E265,떡밥,재언급,ch26,246,55,,,,확정
person:라푼젤,F1125,사실,정의,ch26,246,55,,,,확정
person:라푼젤,D349,변화,성격,event_redash,251,55,,,,확정
person:라푼젤,E292,떡밥,암시,event_redash,251,55,,,,확정
person:라푼젤,F1142,사실,정의,event_redash,251,55,,,,확정
person:라푼젤,F1144,사실,정의,event_redash,251,55,,,,확정
person:라푼젤,F1147,사실,정의,event_redash,251,55,,,,확정
person:라푼젤,F1150,사실,정의,event_redash,251,55,,,,확정
person:라푼젤,F1156,사실,정의,event_redash,251,55,,,,확정
person:라푼젤,F1157,사실,정의,event_redash,251,55,,,,확정
person:라푼젤,F1172,사실,정의,event_redash,251,55,,,,확정
person:라푼젤,F1174,사실,정의,erelic:red_ash_lost,252,55,,,,확정
person:라푼젤,F1175,사실,정의,erelic:red_ash_lost,252,55,,,,확정
person:라푼젤,F1178,사실,정의,erelic:red_ash_lost,252,55,,,,확정
person:라푼젤,F1196,사실,정의,char:470,254,55,,,,확정
person:라푼젤,F1243,사실,정의,char:225,262,60,,,,확정
person:라푼젤,D412,기준,관계,side:second_affection,288,71,,,person:마리안,확정
person:라푼젤,E362,떡밥,재언급,side:second_affection,288,71,,,,확정
person:라푼젤,F1358,사실,정의,side:second_affection,288,71,,,,확정
person:라푼젤,F1360,사실,정의,side:second_affection,288,71,,,,확정
person:라푼젤,F1361,사실,정의,side:second_affection,288,71,,,,확정
person:라푼젤,F1362,사실,정의,side:second_affection,288,71,,,,확정
person:라푼젤,F1363,사실,정의,side:second_affection,288,71,,,,확정
person:라푼젤,E402,떡밥,재언급,event_lastkingdom1,295,73,,,,확정
person:라푼젤,F1434,사실,정의,event_lastkingdom1,295,73,,,,확정
person:라푼젤,F1435,사실,정의,event_lastkingdom1,295,73,,,,확정
person:라푼젤,F1441,사실,정의,event_lastkingdom1,295,73,,,,확정
person:라푼젤,F1449,사실,정의,event_lastkingdom1,295,73,,,,확정
person:라푼젤,F1604,사실,정의,event_nonsensered,326,86,,,,확정
person:라푼젤,F1605,사실,정의,event_nonsensered,326,86,,,,확정
person:라푼젤,D567,관계 상대,관계,event_oldtales1,338,91,,,person:레드_슈즈,확정
person:라푼젤,E540,떡밥,암시,event_oldtales1,338,91,,,,확정
person:라푼젤,D1594,변화,신념,char:226,342,91,,,,확정
person:라푼젤,D1595,관계 상대,관계,char:226,342,91,,,person:엔더슨,확정
person:라푼젤,E1396,떡밥,암시,char:226,342,91,,,,확정
person:라푼젤,F1712,사실,정의,char:226,342,91,,,,확정
person:라푼젤,F1714,사실,정의,char:226,342,91,,,,확정
person:라푼젤,F1715,사실,정의,char:226,342,91,,,,확정
person:라푼젤,F1984,사실,정의,event_ce006,387,113,,,,확정
person:라푼젤,F1996,사실,정의,event_ce006,387,113,,,,확정
person:라푼젤,F2003,사실,정의,event_ce006,387,113,,,,확정
person:라푼젤,F2886,사실,정의,fl:boom_the_ghost,393,116,,,,확정
person:라푼젤,F2048,사실,정의,ch39,396,118,,,,확정
person:라푼젤,F2079,사실,정의,ch40,398,119,,,,확정
person:라푼젤,D951,변화,신체,event_goddessfall1,418,128,,,,확정
person:라푼젤,E934,떡밥,암시,event_goddessfall1,418,128,,,,확정
person:라푼젤,F2258,사실,정의,event_goddessfall1,418,128,,,,확정
person:라푼젤,F2261,사실,정의,event_goddessfall1,418,128,,,,확정
person:라푼젤,F2283,사실,정의,event_goddessfall1,418,128,,,,확정
person:라푼젤,F2289,사실,정의,event_goddessfall1,418,128,,J1,,확정
person:라푼젤,F2290,사실,정의,event_goddessfall1,418,128,,,,확정
person:라푼젤,F2303,사실,정의,event_goddessfall1,418,128,,,,확정
person:라푼젤,F2311,사실,정의,event_goddessfall1,418,128,,,,확정
person:라푼젤,F2315,사실,정의,event_goddessfall1,418,128,,,,확정
person:라푼젤,E994,떡밥,재언급,fl:ark_guardian,428,133,,,,확정
person:라푼젤,F2357,사실,정의,fl:ark_guardian,428,133,,,,확정
person:라푼젤,F2362,사실,정의,fl:ark_guardian,428,133,,,,확정
person:라푼젤,F2375,사실,정의,fl:ark_guardian,428,133,,J6,,확정
person:라푼젤,Q312,의문,정의,fl:ark_guardian,428,133,일부,J8,,확정
person:라푼젤,F2357-2,사건,드러냄,ch44,436,138,,,,확정
person:라푼젤,F2420,사실,정의,ch44,436,138,,,,확정
person:라푼젤,F2432,사실,정의,ch44,436,138,,,,확정
person:라푼젤,Q312-2,사건,회수,ch44,436,138,,,,확정
person:라푼젤,E1089,떡밥,재언급,ch45,450,143,,,,확정
person:라푼젤,F2598,사실,정의,ch45,450,143,,,,확정
person:라푼젤,E1100,떡밥,암시,ch46,452,144,,,,확정
person:라푼젤,Q312-3,사건,회수,ch46,452,144,,,,확정
person:라푼젤,E1214,떡밥,암시,ch47,470,153,,,,확정
person:라푼젤,F2806,사실,정의,ch47,470,153,,,,확정
person:라푼젤,D1327,변화,관계,ch48,472,154,,,person:레드_슈즈,확정
person:라푼젤,D1328,변화,신념,ch48,472,154,,,,확정
person:라푼젤,D1329,변화,신체,ch48,472,154,,,,확정
person:라푼젤,D1349,관계 상대,관계,ch48,472,154,,,person:스노우_화이트,확정
person:라푼젤,D1351,관계 상대,관계,ch48,472,154,,,person:앨트루이아,확정
person:라푼젤,F2827,사실,정의,ch48,472,154,,,,확정
person:라푼젤,F2828,사실,정의,ch48,472,154,,,,확정
person:라푼젤,F2829,사실,정의,ch48,472,154,,,,확정
person:라푼젤,F2830,사실,정의,ch48,472,154,,J20,,확정
person:라푼젤,F2838,사실,정의,ch48,472,154,,J10,,확정
person:라푼젤,F2840,사실,정의,ch48,472,154,,,,확정
person:라푼젤,F2841,사실,정의,ch48,472,154,,,,확정
person:라푼젤,Q130-2,사건,회수,ch48,472,154,,,,확정
person:라플라스,D88,기준,신념,ch11,53,12,,,,확정
person:라플라스,D89,기준,성격,ch11,53,12,,,,확정
person:라플라스,F288,사실,정의,ch11,53,12,,J22,,확정
person:라플라스,F294,사실,정의,ch11,53,12,,,,확정
person:라플라스,Q56,의문,정의,ch11,53,12,풀림,J22,,확정
person:라플라스,D95,변화,신체,ch12,59,13,,,,확정
person:라플라스,F308,사실,정의,ch12,59,13,,,,확정
person:라플라스,Q56-2,사건,회수,ch12,59,13,,,,확정
person:라플라스,D123,변화,신체,ch15,75,16,,,,확정
person:라플라스,E112,떡밥,암시,ch16,80,17,,,,확정
person:라플라스,F691,사실,정의,ch17,140,19,,,,확정
person:라플라스,D153,변화,신념,ch18,146,20,,,,확정
person:라플라스,D154,변화,신념,ch18,146,20,,,,확정
person:라플라스,D155,기준,관계,ch18,146,20,,,person:슈엔,확정
person:라플라스,D156,변화,관계,ch18,146,20,,,person:슈엔,확정
person:라플라스,D159,관계 상대,관계,ch18,146,20,,,person:맥스웰,확정
person:라플라스,D160,관계 상대,관계,ch18,146,20,,,person:드레이크,확정
person:라플라스,E127,떡밥,재언급,ch18,146,20,,,,확정
person:라플라스,E128,떡밥,암시,ch18,146,20,,,,확정
person:라플라스,E129,떡밥,재언급,ch18,146,20,,,,확정
person:라플라스,F697,사실,정의,ch18,146,20,,,,확정
person:라플라스,F698,사실,정의,ch18,146,20,,,,확정
person:라플라스,F699,사실,정의,ch18,146,20,,,,확정
person:라플라스,F701,사실,정의,ch18,146,20,,,,확정
person:라플라스,F702,사실,정의,ch18,146,20,,,,확정
person:라플라스,F704,사실,정의,ch18,146,20,,,,확정
person:라플라스,E1288,떡밥,암시,event_hightechtoy,151,20,,,,확정
person:라플라스,F715,사실,정의,event_hightechtoy,151,20,,,,확정
person:라플라스,F716,사실,정의,event_hightechtoy,151,20,,,,확정
person:라플라스,F717,사실,정의,event_hightechtoy,151,20,,,,확정
person:라플라스,D1964,기준,관계,char:100,152,20,,,person:지휘관,확정
person:라플라스,D1965,변화,관계,char:100,152,20,,,person:지휘관,확정
person:라플라스,D1966,변화,신념,char:100,152,20,,,,확정
person:라플라스,E1600,떡밥,암시,char:100,152,20,,,,확정
person:라플라스,F719,사실,정의,char:100,152,20,,,,확정
person:라플라스,F720,사실,정의,char:100,152,20,,,,확정
person:라플라스,F721,사실,정의,char:100,152,20,,,,확정
person:라플라스,F722,사실,정의,char:100,152,20,,,,확정
person:라플라스,F1480,사실,정의,char:501,299,74,,,,확정
person:라플라스,D613,변화,신념,ch35,358,101,,,,확정
person:라플라스,E612,떡밥,암시,ch35,358,101,,,,확정
person:라플라스,O90,마무리,성장,ch35,358,101,,,,확정
person:라플라스,D618,변화,관계,ch36,360,102,,,person:슈엔,확정
person:라플라스,D619,관계 상대,관계,ch36,360,102,,,person:드레이크,확정
person:라플라스,F1819,사실,정의,ch36,360,102,,,,확정
person:라플라스,F1820,사실,정의,ch36,360,102,,,,확정
person:라플라스,Q233,의문,정의,ch36,360,102,열림,J11,,확정
person:라플라스,F1856,사실,정의,ch37,373,108,,,,확정
person:라플라스,D669,변화,신체,ch38,375,109,,,,확정
person:라플라스,F1877,사실,정의,ch38,375,109,,,,확정
person:라플라스,F2050,사실,정의,ch39,396,118,,,,확정
person:라플라스,F2078,사실,정의,ch40,398,119,,,,확정
person:라플라스,E830,떡밥,재언급,fl:absolute,400,119,,,,확정
person:라플라스,F2191,사실,정의,ch41,414,127,,,,확정
person:라플라스,E917,떡밥,재언급,ch42,416,128,,,,확정
person:라플라스,F2212,사실,정의,ch42,416,128,,,,확정
person:라플라스,F2228,사실,정의,ch42,416,128,,,,확정
person:라플라스,F2229,사실,정의,ch42,416,128,,,,확정
person:라플라스,D1285,관계 상대,관계,fl:project_matis,467,151,,,person:슈엔,확정
person:라플라스,D1286,관계 상대,관계,fl:project_matis,467,151,,,person:슈엔,확정
person:라플라스,D1287,관계 상대,관계,fl:project_matis,467,151,,,person:슈엔,확정
person:라플라스,D1302,변화,신념,fl:project_matis,467,151,,,,확정
person:라플라스,D1303,변화,신념,fl:project_matis,467,151,,,,확정
person:라플라스,D1304,변화,신체,fl:project_matis,467,151,,,,확정
person:라플라스,D1305,변화,관계,fl:project_matis,467,151,,,person:슈엔,확정
person:라플라스,D1306,변화,관계,fl:project_matis,467,151,,,person:슈엔,확정
person:라플라스,E1194,떡밥,암시,fl:project_matis,467,151,,,,확정
person:라플라스,E1196,떡밥,암시,fl:project_matis,467,151,,,,확정
person:라플라스,E1197,떡밥,재언급,fl:project_matis,467,151,,,,확정
person:라플라스,E1204,떡밥,재언급,fl:project_matis,467,151,,,,확정
person:라플라스,F2768,사실,정의,fl:project_matis,467,151,,,,확정
person:라플라스,F2786,사실,정의,fl:project_matis,467,151,,,,확정
person:라플라스,F2787,사실,정의,fl:project_matis,467,151,,,,확정
person:라플라스,F2788,사실,정의,fl:project_matis,467,151,,,,확정
person:라플라스,F2789,사실,정의,fl:project_matis,467,151,,,,확정
person:라플라스,F2791,사실,정의,fl:project_matis,467,151,,J22,,확정
person:라플라스,F2792,사실,정의,fl:project_matis,467,151,,,,확정
person:라플라스,F2793,사실,정의,fl:project_matis,467,151,,,,확정
person:라플라스,D2224,변화,성격,char:103,468,151,,,,확정
person:라플라스,F2873,사실,정의,fl:great_villain_union,478,156,,,,확정
person:라피,D2,기준,성격,ch00,1,1,,,,확정
person:라피,D6,기준,관계,ch00,1,1,,,person:지휘관,확정
person:라피,F5,사실,정의,ch00,1,1,,,,확정
person:라피,D9,변화,관계,ch01,2,2,,,person:지휘관,확정
person:라피,Q2,의문,정의,ch01,2,2,풀림,J2,,확정
person:라피,D18,기준,신념,ch02,4,3,,,,확정
person:라피,E10,떡밥,암시,ch02,4,3,,,,확정
person:라피,F35,사실,정의,ch02,4,3,,,,확정
person:라피,F41,사실,정의,ch02,4,3,,,,확정
person:라피,E14,떡밥,암시,sub:테트라_커넥트_00,6,3,,,,확정
person:라피,E18,떡밥,암시,ch03,10,4,,,,확정
person:라피,D36,기준,기억,ch04,15,5,,,,확정
person:라피,D37,관계 상대,관계,ch04,15,5,,,person:아니스,확정
person:라피,D39,관계 상대,관계,ch04,15,5,,,person:은화,확정
person:라피,D40,관계 상대,관계,ch04,15,5,,,person:엠마,확정
person:라피,E29,떡밥,암시,ch04,15,5,,,,확정
person:라피,F73,사실,정의,ch04,15,5,,,,확정
person:라피,F76,사실,정의,ch04,15,5,,,,확정
person:라피,F77,사실,정의,ch04,15,5,,,,확정
person:라피,F79,사실,정의,ch04,15,5,,,,확정
person:라피,F88,사실,정의,ch04,15,5,,,,확정
person:라피,F90,사실,정의,ch04,15,5,,,,확정
person:라피,Q14,의문,정의,ch04,15,5,일부,J2,,확정
person:라피,Q16,의문,정의,ch04,15,5,일부,J2,,확정
person:라피,Q18,의문,정의,ch04,15,5,일부,J2,,확정
person:라피,E43,떡밥,암시,ch05,20,6,,,,확정
person:라피,F104,사실,정의,ch05,20,6,,,,확정
person:라피,D73,변화,관계,ch07,31,8,,,person:지휘관,확정
person:라피,F236,사실,정의,ch08,37,9,,,,확정
person:라피,F237,사실,정의,ch08,37,9,,,,확정
person:라피,D79,변화,기억,ch09,43,10,,,,확정
person:라피,D80,기준,관계,ch09,43,10,,,person:잉그리드,확정
person:라피,D81,관계 상대,관계,ch09,43,10,,,person:프리바티,확정
person:라피,E70,떡밥,암시,ch09,43,10,,,,확정
person:라피,F253,사실,정의,ch09,43,10,,,,확정
person:라피,F259,사실,정의,ch09,43,10,,J2,,확정
person:라피,F260,사실,정의,ch09,43,10,,,,확정
person:라피,Q18-2,사건,회수,ch09,43,10,,,,확정
person:라피,E33,떡밥,암시,sub:트레저_헌터_02,46,10,,,,확정
person:라피,E71,떡밥,재언급,ch10,48,11,,,,확정
person:라피,E72,떡밥,암시,ch10,48,11,,,,확정
person:라피,F278,사실,정의,ch10,48,11,,,,확정
person:라피,F279,사실,정의,ch10,48,11,,J2,,확정
person:라피,Q16-2,사건,회수,ch10,48,11,,,,확정
person:라피,E75,떡밥,암시,ch11,53,12,,,,확정
person:라피,F291,사실,정의,ch11,53,12,,,,확정
person:라피,D99,관계 상대,관계,ch12,59,13,,,person:유니,확정
person:라피,F304,사실,정의,ch12,59,13,,J22,,확정
person:라피,F312,사실,정의,ch12,59,13,,J2,,확정
person:라피,F314,사실,정의,ch12,59,13,,,,확정
person:라피,F317,사실,정의,ch12,59,13,,,,확정
person:라피,Q18-3,사건,회수,ch12,59,13,,,,확정
person:라피,E92,떡밥,암시,ch13,64,14,,,,확정
person:라피,F334,사실,정의,ch13,64,14,,,,확정
person:라피,F336,사실,정의,ch13,64,14,,J2,,확정
person:라피,F345,사실,정의,ch13,64,14,,,,확정
person:라피,F347,사실,정의,ch13,64,14,,,,확정
person:라피,F348,사실,정의,ch13,64,14,,,,확정
person:라피,Q14-2,사건,회수,ch13,64,14,,,,확정
person:라피,Q65,의문,정의,ch13,64,14,일부,J2,,확정
person:라피,F269,사실,정의,sub:미실리스_연구팀_01,68,14,,,,확정
person:라피,F368,사실,정의,ch14,69,15,,,,확정
person:라피,E113,떡밥,재언급,ch16,80,17,,,,확정
person:라피,F483,사실,정의,char:72,93,17,,,,확정
person:라피,D1379,변화,관계,char:10,95,17,,,person:지휘관,확정
person:라피,E1261,떡밥,암시,char:10,95,17,,,,확정
person:라피,F498,사실,정의,char:10,95,17,,,,확정
person:라피,F508,사실,정의,char:10,95,17,,,,확정
person:라피,F562,사실,정의,char:91,106,17,,,,확정
person:라피,F636,사실,정의,char:231,128,17,,,,확정
person:라피,Q93,의문,정의,event_nocallerid,138,18,열림,J44,,확정
person:라피,E118,떡밥,암시,ch17,140,19,,,,확정
person:라피,E124,떡밥,재언급,ch17,140,19,,,,확정
person:라피,F686,사실,정의,ch17,140,19,,,,확정
person:라피,F722,사실,정의,char:100,152,20,,,,확정
person:라피,D1420,기준,관계,char:260,158,24,,,person:마리안,확정
person:라피,E1296,떡밥,재언급,char:260,158,24,,,,확정
person:라피,F228,사실,정의,sub:러블리_드림_01,161,25,,,,확정
person:라피,F814,사실,정의,char:311,176,28,,,,확정
person:라피,F940,사실,정의,char:233,202,36,,,,확정
person:라피,E212,떡밥,암시,event_bluewaterisland,209,40,,,,확정
person:라피,D300,변화,신체,ch24,219,44,,,,확정
person:라피,E243,떡밥,암시,ch24,219,44,,,,확정
person:라피,F1017,사실,정의,ch24,219,44,,,,확정
person:라피,F1019,사실,정의,ch24,219,44,,,,확정
person:라피,F1033,사실,정의,ch24,219,44,,,,확정
person:라피,F1034,사실,정의,ch24,219,44,,J2,,확정
person:라피,F1036,사실,정의,ch24,219,44,,,,확정
person:라피,F1039,사실,정의,ch24,219,44,,,,확정
person:라피,Q65-2,사건,회수,ch24,219,44,,,,확정
person:라피,Q145,의문,정의,ch24,219,44,풀림,J2,,확정
person:라피,F1052,사실,정의,event_seayouagain1,226,45,,,,확정
person:라피,E1607,떡밥,암시,event_firstaffection,230,47,,,,확정
person:라피,D318,관계 상대,관계,ch25,241,54,,,person:레드_후드,확정
person:라피,E251,떡밥,암시,ch25,241,54,,,,확정
person:라피,F1098,사실,정의,ch25,241,54,,,,확정
person:라피,F1101,사실,정의,ch25,241,54,,,,확정
person:라피,F1102,사실,정의,ch25,241,54,,,,확정
person:라피,F1106,사실,정의,ch25,241,54,,,,확정
person:라피,F1109,사실,정의,ch25,241,54,,J2,,확정
person:라피,F1324,사실,정의,sub:택틱컬틱택_00,244,54,,,,확정
person:라피,F347-2,사건,드러냄,sub:택틱컬틱택_01,245,54,,,,확정
person:라피,F1325,사실,정의,sub:택틱컬틱택_01,245,54,,,,확정
person:라피,F1326,사실,정의,sub:택틱컬틱택_01,245,54,,,,확정
person:라피,D329,변화,신념,ch26,246,55,,,,확정
person:라피,D330,변화,신체,ch26,246,55,,,,확정
person:라피,D331,변화,관계,ch26,246,55,,,person:지휘관,확정
person:라피,D337,변화,성격,ch26,246,55,,,,확정
person:라피,E265,떡밥,재언급,ch26,246,55,,,,확정
person:라피,E269,떡밥,암시,ch26,246,55,,,,확정
person:라피,E271,떡밥,암시,ch26,246,55,,,,확정
person:라피,E274,떡밥,암시,ch26,246,55,,,,확정
person:라피,F1112,사실,정의,ch26,246,55,,,,확정
person:라피,F1113,사실,정의,ch26,246,55,,,,확정
person:라피,F1116,사실,정의,ch26,246,55,,J2,,확정
person:라피,F1117,사실,정의,ch26,246,55,,,,확정
person:라피,F1122,사실,정의,ch26,246,55,,,,확정
person:라피,F1123,사실,정의,ch26,246,55,,,,확정
person:라피,F1124,사실,정의,ch26,246,55,,,,확정
person:라피,F1126,사실,정의,ch26,246,55,,,,확정
person:라피,F1129,사실,정의,ch26,246,55,,,,확정
person:라피,F1130,사실,정의,ch26,246,55,,,,확정
person:라피,F1131,사실,정의,ch26,246,55,,,,확정
person:라피,Q145-2,사건,회수,ch26,246,55,,,,확정
person:라피,D381,변화,관계,sub:피라_00,250,55,,,person:지휘관,확정
person:라피,D382,변화,기억,sub:피라_00,250,55,,,,확정
person:라피,F1302,사실,정의,sub:피라_00,250,55,,,,확정
person:라피,E285,떡밥,재언급,event_redash,251,55,,,,확정
person:라피,E301,떡밥,암시,event_redash,251,55,,,,확정
person:라피,F1173,사실,정의,event_redash,251,55,,,,확정
person:라피,Q14-3,사건,회수,event_redash,251,55,,,,확정
person:라피,E1337,떡밥,재언급,char:470,254,55,,,,확정
person:라피,F1196,사실,정의,char:470,254,55,,,,확정
person:라피,F1298,사실,정의,ch27,270,65,,,,확정
person:라피,F1301,사실,정의,ch27,270,65,,,,확정
person:라피,Q164,의문,정의,ch27,270,65,풀림,J17,,확정
person:라피,F1303,사실,정의,sub:피라_01,271,65,,,,확정
person:라피,F1304,사실,정의,sub:피라_02,272,65,,,,확정
person:라피,F1305,사실,정의,sub:피라_02,272,65,,,,확정
person:라피,Q168,의문,정의,sub:피라_02,272,65,일부,J2,,확정
person:라피,F1306,사실,정의,sub:트윙클_00,273,65,,,,확정
person:라피,D385,변화,성격,ch28,275,66,,,,확정
person:라피,E334,떡밥,암시,ch28,275,66,,,,확정
person:라피,E340,떡밥,암시,ch28,275,66,,,,확정
person:라피,F1309,사실,정의,ch28,275,66,,,,확정
person:라피,F1310,사실,정의,ch28,275,66,,,,확정
person:라피,F1313,사실,정의,ch28,275,66,,,,확정
person:라피,F1315,사실,정의,ch28,275,66,,,,확정
person:라피,F1316,사실,정의,ch28,275,66,,,,확정
person:라피,F1321,사실,정의,ch28,275,66,,J11,,확정
person:라피,F1322,사실,정의,ch28,275,66,,,,확정
person:라피,Q169,의문,정의,ch28,275,66,풀림,J12,,확정
person:라피,F1328,사실,정의,sub:핸섬_커맨더_00,276,66,,,,확정
person:라피,F1330,사실,정의,sub:핸섬_커맨더_01,277,66,,,,확정
person:라피,E376,떡밥,암시,ch29,291,72,,,,확정
person:라피,D440,관계 상대,관계,ch30,293,73,,,person:그레이브,확정
person:라피,D441,변화,신체,ch30,293,73,,,,확정
person:라피,D442,기준,관계,ch30,293,73,,,person:그레이브,확정
person:라피,E387,떡밥,재언급,ch30,293,73,,,,확정
person:라피,F1397,사실,정의,ch30,293,73,,,,확정
person:라피,F1409,사실,정의,ch30,293,73,,,,확정
person:라피,F1410,사실,정의,ch30,293,73,,J12,,확정
person:라피,F1411,사실,정의,ch30,293,73,,,,확정
person:라피,F1414,사실,정의,ch30,293,73,,,,확정
person:라피,Q164-2,사건,회수,ch30,293,73,,,,확정
person:라피,F1462,사실,정의,char:361,297,73,,,,확정
person:라피,E425,떡밥,암시,event_beautyfullshot1,305,78,,,,확정
person:라피,F1509,사실,정의,event_beautyfullshot1,305,78,,,,확정
person:라피,F1510,사실,정의,event_beautyfullshot1,305,78,,,,확정
person:라피,F1518,사실,정의,event_beautyfullshot1,305,78,,,,확정
person:라피,D497,관계 상대,관계,ch31,308,80,,,person:베스티,확정
person:라피,D498,변화,관계,ch31,308,80,,,person:그레이브,확정
person:라피,E433,떡밥,재언급,ch31,308,80,,,,확정
person:라피,E434,떡밥,암시,ch31,308,80,,,,확정
person:라피,E437,떡밥,암시,ch31,308,80,,,,확정
person:라피,E446,떡밥,암시,ch31,308,80,,,,확정
person:라피,F1523,사실,정의,ch31,308,80,,,,확정
person:라피,F1524,사실,정의,ch31,308,80,,,,확정
person:라피,F1528,사실,정의,ch31,308,80,,,,확정
person:라피,F1529,사실,정의,ch31,308,80,,,,확정
person:라피,F1530,사실,정의,ch31,308,80,,,,확정
person:라피,F1531,사실,정의,ch31,308,80,,,,확정
person:라피,F1537,사실,정의,ch31,308,80,,,,확정
person:라피,D501,관계 상대,관계,ch32,310,81,,,person:그레이브,확정
person:라피,D505,변화,성격,ch32,310,81,,,,확정
person:라피,D508,변화,관계,ch32,310,81,,,person:지휘관,확정
person:라피,D516,변화,관계,ch32,310,81,,,person:은화,확정
person:라피,D517,관계 상대,관계,ch32,310,81,,,person:은화,확정
person:라피,E459,떡밥,재언급,ch32,310,81,,,,확정
person:라피,F1530-2,사건,드러냄,ch32,310,81,,,,확정
person:라피,F1540,사실,정의,ch32,310,81,,,,확정
person:라피,F1544,사실,정의,ch32,310,81,,,,확정
person:라피,F1546,사실,정의,ch32,310,81,,,,확정
person:라피,F1559,사실,정의,ch32,310,81,,J2,,확정
person:라피,F1560,사실,정의,ch32,310,81,,,,확정
person:라피,O17,마무리,관계,ch32,310,81,,,,확정
person:라피,Q16-3,사건,회수,ch32,310,81,,,,확정
person:라피,F1561,사실,정의,sub:관짝이_00,311,81,,,,확정
person:라피,Q169-2,사건,회수,sub:관짝이_00,311,81,,,,확정
person:라피,F1591,사실,정의,event_colorless,319,82,,,,확정
person:라피,D534,관계 상대,관계,ch33,334,90,,,person:그레이브,확정
person:라피,D535,기준,관계,ch33,334,90,,,person:신데렐라,확정
person:라피,E476,떡밥,암시,ch33,334,90,,,,확정
person:라피,E478,떡밥,암시,ch33,334,90,,,,확정
person:라피,E481,떡밥,암시,ch33,334,90,,,,확정
person:라피,E484,떡밥,암시,ch33,334,90,,,,확정
person:라피,E486,떡밥,재언급,ch33,334,90,,,,확정
person:라피,E487,떡밥,암시,ch33,334,90,,,,확정
person:라피,F1625,사실,정의,ch33,334,90,,,,확정
person:라피,F1627,사실,정의,ch33,334,90,,,,확정
person:라피,F1640,사실,정의,ch33,334,90,,,,확정
person:라피,D546,변화,성격,ch34,336,91,,,,확정
person:라피,D547,변화,신념,ch34,336,91,,,,확정
person:라피,D548,변화,신체,ch34,336,91,,,,확정
person:라피,D549,변화,관계,ch34,336,91,,,person:그레이브,확정
person:라피,D550,관계 상대,관계,ch34,336,91,,,person:은화,확정
person:라피,D551,관계 상대,관계,ch34,336,91,,,person:그레이브,확정
person:라피,D554,관계 상대,관계,ch34,336,91,,,person:신데렐라,확정
person:라피,D557,관계 상대,관계,ch34,336,91,,,person:레비아탄,확정
person:라피,D561,관계 상대,관계,ch34,336,91,,,person:아니스,확정
person:라피,D562,관계 상대,관계,ch34,336,91,,,person:레드_후드,확정
person:라피,E495,떡밥,재언급,ch34,336,91,,,,확정
person:라피,E496,떡밥,재언급,ch34,336,91,,,,확정
person:라피,E497,떡밥,암시,ch34,336,91,,,,확정
person:라피,E498,떡밥,재언급,ch34,336,91,,,,확정
person:라피,E499,떡밥,재언급,ch34,336,91,,,,확정
person:라피,E513,떡밥,재언급,ch34,336,91,,,,확정
person:라피,E515,떡밥,재언급,ch34,336,91,,,,확정
person:라피,E517,떡밥,암시,ch34,336,91,,,,확정
person:라피,F1645,사실,정의,ch34,336,91,,,,확정
person:라피,F1646,사실,정의,ch34,336,91,,,,확정
person:라피,F1648,사실,정의,ch34,336,91,,,,확정
person:라피,F1655,사실,정의,ch34,336,91,,J2,,확정
person:라피,F1657,사실,정의,ch34,336,91,,,,확정
person:라피,F1658,사실,정의,ch34,336,91,,,,확정
person:라피,O16,마무리,관계,ch34,336,91,H2,,,확정
person:라피,O21,마무리,관계,ch34,336,91,H2,,,확정
person:라피,O37,마무리,성장,ch34,336,91,H2,,,확정
person:라피,Q168-2,사건,회수,ch34,336,91,,,,확정
person:라피,Q218,의문,정의,ch34,336,91,일부,J2,,확정
person:라피,F1523-2,사건,드러냄,event_oldtales1,338,91,,,,확정
person:라피,F1717,사실,정의,char:511,343,91,,,,확정
person:라피,D586,변화,성격,event_footstepwalkrun1,350,96,,,,확정
person:라피,D587,변화,신념,event_footstepwalkrun1,350,96,,,,확정
person:라피,D588,기준,관계,event_footstepwalkrun1,350,96,,,person:레드_후드,확정
person:라피,D589,변화,관계,event_footstepwalkrun1,350,96,,,person:레드_후드,확정
person:라피,D590,변화,신념,event_footstepwalkrun1,350,96,,,,확정
person:라피,D591,관계 상대,관계,event_footstepwalkrun1,350,96,,,person:레드_후드,확정
person:라피,D592,변화,관계,event_footstepwalkrun1,350,96,,,person:지휘관,확정
person:라피,D593,관계 상대,관계,event_footstepwalkrun1,350,96,,,person:잉그리드,확정
person:라피,E555,떡밥,암시,event_footstepwalkrun1,350,96,,,,확정
person:라피,E556,떡밥,재언급,event_footstepwalkrun1,350,96,,,,확정
person:라피,E557,떡밥,암시,event_footstepwalkrun1,350,96,,,,확정
person:라피,E558,떡밥,암시,event_footstepwalkrun1,350,96,,,,확정
person:라피,E559,떡밥,암시,event_footstepwalkrun1,350,96,,,,확정
person:라피,E560,떡밥,암시,event_footstepwalkrun1,350,96,,,,확정
person:라피,E561,떡밥,암시,event_footstepwalkrun1,350,96,,,,확정
person:라피,E562,떡밥,암시,event_footstepwalkrun1,350,96,,,,확정
person:라피,E566,떡밥,암시,event_footstepwalkrun1,350,96,,,,확정
person:라피,E569,떡밥,암시,event_footstepwalkrun1,350,96,,,,확정
person:라피,E570,떡밥,암시,event_footstepwalkrun1,350,96,,,,확정
person:라피,E572,떡밥,재언급,event_footstepwalkrun1,350,96,,,,확정
person:라피,E573,떡밥,암시,event_footstepwalkrun1,350,96,,,,확정
person:라피,E574,떡밥,재언급,event_footstepwalkrun1,350,96,,,,확정
person:라피,F1738,사실,정의,event_footstepwalkrun1,350,96,,,,확정
person:라피,F1740,사실,정의,event_footstepwalkrun1,350,96,,,,확정
person:라피,F1741,사실,정의,event_footstepwalkrun1,350,96,,,,확정
person:라피,F1742,사실,정의,event_footstepwalkrun1,350,96,,,,확정
person:라피,F1743,사실,정의,event_footstepwalkrun1,350,96,,,,확정
person:라피,F1744,사실,정의,event_footstepwalkrun1,350,96,,,,확정
person:라피,F1745,사실,정의,event_footstepwalkrun1,350,96,,,,확정
person:라피,F1748,사실,정의,event_footstepwalkrun1,350,96,,J24,,확정
person:라피,F1749,사실,정의,event_footstepwalkrun1,350,96,,,,확정
person:라피,F1750,사실,정의,event_footstepwalkrun1,350,96,,,,확정
person:라피,F1752,사실,정의,event_footstepwalkrun1,350,96,,,,확정
person:라피,F1753,사실,정의,event_footstepwalkrun1,350,96,,,,확정
person:라피,F1757,사실,정의,event_footstepwalkrun1,350,96,,,,확정
person:라피,F1758,사실,정의,event_footstepwalkrun1,350,96,,,,확정
person:라피,F1760,사실,정의,event_footstepwalkrun1,350,96,,,,확정
person:라피,F1761,사실,정의,event_footstepwalkrun1,350,96,,,,확정
person:라피,F1762,사실,정의,event_footstepwalkrun1,350,96,,,,확정
person:라피,F1763,사실,정의,event_footstepwalkrun1,350,96,,J2,,확정
person:라피,F1764,사실,정의,event_footstepwalkrun1,350,96,,,,확정
person:라피,F1765,사실,정의,event_footstepwalkrun1,350,96,,J2,,확정
person:라피,Q2-2,사건,회수,event_footstepwalkrun1,350,96,,,,확정
person:라피,Q14-4,사건,회수,event_footstepwalkrun1,350,96,,,,확정
person:라피,Q65-3,사건,회수,event_footstepwalkrun1,350,96,,,,확정
person:라피,Q145-3,사건,회수,event_footstepwalkrun1,350,96,,,,확정
person:라피,Q223,의문,정의,event_footstepwalkrun1,350,96,일부,J18,,확정
person:라피,Q224,의문,정의,event_footstepwalkrun1,350,96,열림,J2,,확정
person:라피,U246,생활상,방주 사회,event_footstepwalkrun1,350,96,,,,확정
person:라피,D2140,변화,관계,char:16,352,97,,,person:지휘관,확정
person:라피,D2141,변화,신념,char:16,352,97,,,,확정
person:라피,F1767,사실,정의,char:16,352,97,,,,확정
person:라피,D600,변화,관계,ch35,358,101,,,,확정
person:라피,D603,변화,관계,ch35,358,101,,,person:아니스,확정
person:라피,D607,변화,신념,ch35,358,101,,,,확정
person:라피,D608,변화,관계,ch35,358,101,,,person:신데렐라,확정
person:라피,E585,떡밥,재언급,ch35,358,101,,,,확정
person:라피,E590,떡밥,재언급,ch35,358,101,,,,확정
person:라피,E599,떡밥,재언급,ch35,358,101,,,,확정
person:라피,F1786,사실,정의,ch35,358,101,,J2,,확정
person:라피,F1787,사실,정의,ch35,358,101,,,,확정
person:라피,F1795,사실,정의,ch35,358,101,,,,확정
person:라피,F1797,사실,정의,ch35,358,101,,,,확정
person:라피,F1801,사실,정의,ch35,358,101,,,,확정
person:라피,F1805,사실,정의,ch35,358,101,,,,확정
person:라피,Q218-2,사건,회수,ch35,358,101,,,,확정
person:라피,D615,변화,성격,ch36,360,102,,,,확정
person:라피,D620,변화,관계,ch36,360,102,,,person:지휘관,확정
person:라피,E619,떡밥,재언급,ch36,360,102,,,,확정
person:라피,E623,떡밥,재언급,ch36,360,102,,,,확정
person:라피,E628,떡밥,재언급,ch36,360,102,,,,확정
person:라피,D655,기준,관계,ch37,373,108,,,person:레비아탄,확정
person:라피,E648,떡밥,암시,ch37,373,108,,,,확정
person:라피,F1862,사실,정의,ch37,373,108,,J10,,확정
person:라피,F1863,사실,정의,ch37,373,108,,,,확정
person:라피,F1864,사실,정의,ch37,373,108,,,,확정
person:라피,F1867,사실,정의,ch37,373,108,,,,확정
person:라피,D657,변화,성격,ch38,375,109,,,,확정
person:라피,D668,변화,관계,ch38,375,109,,,person:레비아탄,확정
person:라피,E669,떡밥,재언급,ch38,375,109,,,,확정
person:라피,F1864-2,사건,드러냄,ch38,375,109,,,,확정
person:라피,F1867-2,사건,드러냄,ch38,375,109,,,,확정
person:라피,F1870,사실,정의,ch38,375,109,,,,확정
person:라피,F1871,사실,정의,ch38,375,109,,,,확정
person:라피,F1872,사실,정의,ch38,375,109,,J10,,확정
person:라피,F1873,사실,정의,ch38,375,109,,J10,,확정
person:라피,F1879,사실,정의,ch38,375,109,,,,확정
person:라피,F1977,사실,정의,event_ce006,387,113,,,,확정
person:라피,F1980,사실,정의,event_ce006,387,113,,,,확정
person:라피,F1982,사실,정의,event_ce006,387,113,,,,확정
person:라피,D756,기준,관계,fl:boom_the_ghost,393,116,,,person:도로시,확정
person:라피,D757,변화,관계,fl:boom_the_ghost,393,116,,,person:도로시,확정
person:라피,D758,관계 상대,관계,fl:boom_the_ghost,393,116,,,person:도로시,확정
person:라피,D759,관계 상대,관계,fl:boom_the_ghost,393,116,,,person:도로시,확정
person:라피,E795,떡밥,암시,fl:boom_the_ghost,393,116,,,,확정
person:라피,F2021,사실,정의,fl:boom_the_ghost,393,116,,,,확정
person:라피,F2022,사실,정의,fl:boom_the_ghost,393,116,,,,확정
person:라피,F2031,사실,정의,fl:boom_the_ghost,393,116,,,,확정
person:라피,F2037,사실,정의,fl:boom_the_ghost,393,116,,J7,,확정
person:라피,F2886,사실,정의,fl:boom_the_ghost,393,116,,,,확정
person:라피,Q258,의문,정의,fl:boom_the_ghost,393,116,열림,J2,,확정
person:라피,Q260,의문,정의,fl:boom_the_ghost,393,116,열림,J2,,확정
person:라피,E796,떡밥,재언급,ch39,396,118,,,,확정
person:라피,E800,떡밥,암시,ch39,396,118,,,,확정
person:라피,F2050,사실,정의,ch39,396,118,,,,확정
person:라피,F2051,사실,정의,ch39,396,118,,,,확정
person:라피,F2052,사실,정의,ch39,396,118,,J18,,확정
person:라피,Q223-2,사건,회수,ch39,396,118,,,,확정
person:라피,Q262,의문,정의,ch39,396,118,일부,J18,,확정
person:라피,Q262-2,사건,회수,ch40,398,119,,,,확정
person:라피,E838,떡밥,재언급,fl:absolute,400,119,,,,확정
person:라피,F1529-2,사건,드러냄,fl:absolute,400,119,,,,확정
person:라피,F2105,사실,정의,fl:absolute,400,119,,,,확정
person:라피,E887,떡밥,재언급,side:eden_spear,411,126,,,,확정
person:라피,F2177,사실,정의,fl:go_ninja_thief,412,126,,,,확정
person:라피,D853,변화,관계,ch41,414,127,,,person:레비아탄,확정
person:라피,D854,변화,신념,ch41,414,127,,,,확정
person:라피,E896,떡밥,재언급,ch41,414,127,,,,확정
person:라피,E897,떡밥,재언급,ch41,414,127,,,,확정
person:라피,F2184,사실,정의,ch41,414,127,,J10,,확정
person:라피,F2190,사실,정의,ch41,414,127,,,,확정
person:라피,F2192,사실,정의,ch41,414,127,,,,확정
person:라피,F2194,사실,정의,ch41,414,127,,,,확정
person:라피,D880,변화,관계,ch42,416,128,,,person:레비아탄,확정
person:라피,D881,기준,관계,ch42,416,128,,,person:온리_원,확정
person:라피,D882,변화,관계,ch42,416,128,,,person:온리_원,확정
person:라피,D886,관계 상대,관계,ch42,416,128,,,person:온리_원,확정
person:라피,E912,떡밥,재언급,ch42,416,128,,,,확정
person:라피,F2214,사실,정의,ch42,416,128,,J2 J10,,확정
person:라피,F2229,사실,정의,ch42,416,128,,,,확정
person:라피,F2230,사실,정의,ch42,416,128,,,,확정
person:라피,F2246,사실,정의,ch42,416,128,,,,확정
person:라피,F2248,사실,정의,ch42,416,128,,,,확정
person:라피,F2253,사실,정의,ch42,416,128,,,,확정
person:라피,O42,마무리,갈등,ch42,416,128,H6,,,확정
person:라피,F2184-2,사건,드러냄,relic:주의용광로사용법,417,128,,,,확정
person:라피,D1036,관계 상대,관계,ch44,436,138,,,person:스노우_화이트,확정
person:라피,D1037,변화,기억,ch44,436,138,,,,확정
person:라피,F2426,사실,정의,ch44,436,138,,,,확정
person:라피,F2430,사실,정의,ch44,436,138,,J2,,확정
person:라피,F2433,사실,정의,ch44,436,138,,,,확정
person:라피,F1748-2,사건,드러냄,side:pretty_star,447,142,,,,확정
person:라피,E1090,떡밥,재언급,ch45,450,143,,,,확정
person:라피,F2585,사실,정의,ch45,450,143,,,,확정
person:라피,F2587,사실,정의,ch45,450,143,,,,확정
person:라피,F2594,사실,정의,ch45,450,143,,,,확정
person:라피,F2597,사실,정의,ch45,450,143,,,,확정
person:라피,F2598,사실,정의,ch45,450,143,,,,확정
person:라피,D1169,변화,관계,ch46,452,144,,,person:도로시,확정
person:라피,F2642,사실,정의,ch46,452,144,,,,확정
person:라피,F2644,사실,정의,ch46,452,144,,,,확정
person:라피,D1239,관계 상대,관계,event_staranis1,454,144,,,person:아니스,확정
person:라피,O68,마무리,관계,event_staranis1,454,144,H9,,,확정
person:라피,E1181,떡밥,재언급,fl:ark_ranger,462,148,,,,확정
person:라피,F2734,사실,정의,fl:ark_ranger,462,148,,,,확정
person:라피,F2750,사실,정의,fl:wave_to_you,464,149,,,,확정
person:라피,F2752,사실,정의,fl:wave_to_you,464,149,,,,확정
person:라피,F2754,사실,정의,fl:wave_to_you,464,149,,,,확정
person:라피,F2755,사실,정의,fl:wave_to_you,464,149,,,,확정
person:라피,F2760,사실,정의,fl:wave_to_you,464,149,,,,확정
person:라피,F2761,사실,정의,fl:wave_to_you,464,149,,,,확정
person:라피,E1236,떡밥,재언급,ch48,472,154,,,,확정
person:라피,F2836,사실,정의,ch48,472,154,,J10,,확정
person:라피,F2841,사실,정의,ch48,472,154,,,,확정
person:람,D2096,기준,성격,char:822,284,68,,,,확정
person:람,D2097,관계 상대,관계,char:822,284,68,,,person:코코아,확정
person:람,F1354,사실,정의,char:822,284,68,,,,확정
person:랜드크랩,F160,사실,정의,sub:랩칠리언_03,27,7,,,,확정
person:랩칠리언,D48,기준,신념,sub:랩칠리언_00,13,4,,,,확정
person:랩칠리언,D49,기준,관계,sub:랩칠리언_00,13,4,,,person:지휘관,확정
person:랩칠리언,F153,사실,정의,sub:랩칠리언_00,13,4,,,,확정
person:랩칠리언,F154,사실,정의,sub:랩칠리언_00,13,4,,,,확정
person:랩칠리언,F156,사실,정의,sub:랩칠리언_01,18,5,,,,확정
person:랩칠리언,F157,사실,정의,sub:랩칠리언_01,18,5,,,,확정
person:랩칠리언,F162,사실,정의,sub:랩칠리언_04,36,8,,,,확정
person:랩칠리언,F165,사실,정의,sub:랩칠리언_04,36,8,,,,확정
person:랩칠리언,U23,생활상,방주 사회,sub:랩칠리언_04,36,8,,,,확정
person:랩칠리언,F167,사실,정의,sub:랩칠리언_05,84,17,,,,확정
person:랩칠리언,F170,사실,정의,sub:랩칠리언_05,84,17,,,,확정
person:랩칠리언,D51,변화,관계,sub:랩칠리언_06,143,19,,,person:지휘관,확정
person:랩칠리언,E37,떡밥,암시,sub:랩칠리언_06,143,19,,,,확정
person:랩칠리언,F172,사실,정의,sub:랩칠리언_06,143,19,,,,확정
person:랩칠리언,F173,사실,정의,sub:랩칠리언_06,143,19,,,,확정
person:랩칠리언,F174,사실,정의,sub:랩칠리언_06,143,19,,,,확정
person:랩칠리언,F175,사실,정의,sub:랩칠리언_06,143,19,,,,확정
person:랩칠리언,D372,변화,관계,ch27,270,65,,,person:지휘관,확정
person:랩칠리언,D373,변화,신념,ch27,270,65,,,,확정
person:랩칠리언,E321,떡밥,암시,ch27,270,65,,,,확정
person:랩칠리언,E322,떡밥,암시,ch27,270,65,,,,확정
person:랩칠리언,F1284,사실,정의,ch27,270,65,,J26,,확정
person:랩칠리언,F1285,사실,정의,ch27,270,65,,J26,,확정
person:랩칠리언,F1286,사실,정의,ch27,270,65,,,,확정
person:랩칠리언,O135,마무리,관계,ch27,270,65,,,,확정
person:랩칠리언,F1791,사실,정의,ch35,358,101,,,,확정
person:랩칠리언,D765,기준,관계,ch39,396,118,,,person:레비아탄,확정
person:랩칠리언,D766,관계 상대,관계,ch39,396,118,,,person:레비아탄,확정
person:랩칠리언,F2042,사실,정의,ch39,396,118,,J26,,확정
person:랩칠리언,F2043,사실,정의,ch39,396,118,,,,확정
person:랩칠리언,F2044,사실,정의,ch39,396,118,,,,확정
person:랩칠리언,F2045,사실,정의,ch39,396,118,,,,확정
person:랩칠리언,F2047,사실,정의,ch39,396,118,,,,확정
person:랩칠리언,F2049,사실,정의,ch39,396,118,,,,확정
person:랩칠리언,Q265,의문,정의,ch39,396,118,열림,J26,,확정
person:랩칠리언,Q266,의문,정의,ch39,396,118,풀림,J26,,확정
person:랩칠리언,U303,생활상,지상,ch39,396,118,,,,확정
person:랩칠리언,D780,변화,신념,relic:정갈하게쓴기록,397,118,,,,확정
person:랩칠리언,E812,떡밥,재언급,relic:정갈하게쓴기록,397,118,,,,확정
person:랩칠리언,E814,떡밥,재언급,relic:정갈하게쓴기록,397,118,,,,확정
person:랩칠리언,F1285-2,사건,드러냄,relic:정갈하게쓴기록,397,118,,,,확정
person:랩칠리언,F2067,사실,정의,relic:정갈하게쓴기록,397,118,,,,확정
person:랩칠리언,F2068,사실,정의,relic:정갈하게쓴기록,397,118,,,,확정
person:랩칠리언,F2069,사실,정의,relic:정갈하게쓴기록,397,118,,,,확정
person:랩칠리언,O31,마무리,성장,relic:정갈하게쓴기록,397,118,,,,확정
person:랩칠리언,Q270,의문,정의,relic:정갈하게쓴기록,397,118,일부,J26,,확정
person:랩칠리언,D783,관계 상대,관계,ch40,398,119,,,person:피노키오,확정
person:랩칠리언,D784,관계 상대,관계,ch40,398,119,,,person:레비아탄,확정
person:랩칠리언,F2076,사실,정의,ch40,398,119,,J26,,확정
person:랩칠리언,Q266-2,사건,회수,ch40,398,119,,,,확정
person:랩칠리언,Q270-2,사건,회수,ch40,398,119,,,,확정
person:랩칠리언,E828,떡밥,재언급,relic:어떤소녀의그림일기,399,119,,,,확정
person:랩칠리언,F2096,사실,정의,relic:어떤소녀의그림일기,399,119,,,,확정
person:랩칠리언,E845,떡밥,재언급,fl:absolute,400,119,,,,확정
person:랩칠리언,E893,떡밥,재언급,ch41,414,127,,,,확정
person:랩칠리언,F2246,사실,정의,ch42,416,128,,,,확정
person:러블리_드림☆,F226,사실,정의,sub:러블리_드림_00,61,13,,,,확정
person:러블리_드림☆,F227,사실,정의,sub:러블리_드림_00,61,13,,,,확정
person:러블리_드림☆,U44,생활상,일상 · 문화,sub:러블리_드림_00,61,13,,,,확정
person:러블리_드림☆,F228,사실,정의,sub:러블리_드림_01,161,25,,,,확정
person:레드_슈즈,D563,기준,성격,event_oldtales1,338,91,,,,확정
person:레드_슈즈,D564,기준,신념,event_oldtales1,338,91,,,,확정
person:레드_슈즈,D565,기준,관계,event_oldtales1,338,91,,,person:신데렐라,확정
person:레드_슈즈,D566,변화,관계,event_oldtales1,338,91,,,person:신데렐라,확정
person:레드_슈즈,D567,기준,관계,event_oldtales1,338,91,,,person:라푼젤,확정
person:레드_슈즈,D581,변화,신체,event_oldtales1,338,91,,,,확정
person:레드_슈즈,E521,떡밥,암시,event_oldtales1,338,91,,,,확정
person:레드_슈즈,E522,떡밥,암시,event_oldtales1,338,91,,,,확정
person:레드_슈즈,E523,떡밥,암시,event_oldtales1,338,91,,,,확정
person:레드_슈즈,E528,떡밥,암시,event_oldtales1,338,91,,,,확정
person:레드_슈즈,E539,떡밥,암시,event_oldtales1,338,91,,,,확정
person:레드_슈즈,E540,떡밥,암시,event_oldtales1,338,91,,,,확정
person:레드_슈즈,E541,떡밥,암시,event_oldtales1,338,91,,,,확정
person:레드_슈즈,E542,떡밥,암시,event_oldtales1,338,91,,,,확정
person:레드_슈즈,E547,떡밥,암시,event_oldtales1,338,91,,,,확정
person:레드_슈즈,F1665,사실,정의,event_oldtales1,338,91,,,,확정
person:레드_슈즈,F1666,사실,정의,event_oldtales1,338,91,,,,확정
person:레드_슈즈,F1668,사실,정의,event_oldtales1,338,91,,,,확정
person:레드_슈즈,F1671,사실,정의,event_oldtales1,338,91,,,,확정
person:레드_슈즈,F1672,사실,정의,event_oldtales1,338,91,,,,확정
person:레드_슈즈,F1681,사실,정의,event_oldtales1,338,91,,,,확정
person:레드_슈즈,F1682,사실,정의,event_oldtales1,338,91,,,,확정
person:레드_슈즈,F1683,사실,정의,event_oldtales1,338,91,,,,확정
person:레드_슈즈,F1686,사실,정의,event_oldtales1,338,91,,,,확정
person:레드_슈즈,F1689,사실,정의,event_oldtales1,338,91,,,,확정
person:레드_슈즈,E551,떡밥,재언급,erelic:old_tales_lost,340,91,,,,확정
person:레드_슈즈,F1700,사실,정의,erelic:old_tales_lost,340,91,,,,확정
person:레드_슈즈,F1701,사실,정의,erelic:old_tales_lost,340,91,,,,확정
person:레드_슈즈,F1702,사실,정의,erelic:old_tales_lost,340,91,,,,확정
person:레드_슈즈,F1703,사실,정의,erelic:old_tales_lost,340,91,,J12,,확정
person:레드_슈즈,F1686-2,사건,드러냄,erelic:old_tales_mini_memory,341,91,,,,확정
person:레드_슈즈,F1707,사실,정의,erelic:old_tales_mini_memory,341,91,,,,확정
person:레드_슈즈,F1709,사실,정의,erelic:old_tales_mini_memory,341,91,,,,확정
person:레드_슈즈,F1711,사실,정의,erelic:old_tales_mini_memory,341,91,,,,확정
person:레드_슈즈,E1394,떡밥,재언급,char:226,342,91,,,,확정
person:레드_슈즈,E1395,떡밥,재언급,char:226,342,91,,,,확정
person:레드_슈즈,E1396,떡밥,암시,char:226,342,91,,,,확정
person:레드_슈즈,F1714,사실,정의,char:226,342,91,,,,확정
person:레드_슈즈,F1715,사실,정의,char:226,342,91,,,,확정
person:레드_슈즈,D1638,관계 상대,관계,char:513,380,109,,,person:세이렌,확정
person:레드_슈즈,F1911,사실,정의,char:513,380,109,,,,확정
person:레드_슈즈,F1914,사실,정의,char:513,380,109,,,,확정
person:레드_슈즈,E994,떡밥,재언급,fl:ark_guardian,428,133,,,,확정
person:레드_슈즈,F2375,사실,정의,fl:ark_guardian,428,133,,J6,,확정
person:레드_슈즈,F2378,사실,정의,fl:ark_guardian,428,133,,,,확정
person:레드_슈즈,E1100,떡밥,암시,ch46,452,144,,,,확정
person:레드_슈즈,F2621,사실,정의,ch46,452,144,,,,확정
person:레드_슈즈,F2634,사실,정의,ch46,452,144,,,,확정
person:레드_슈즈,E1213,떡밥,암시,ch47,470,153,,,,확정
person:레드_슈즈,E1214,떡밥,암시,ch47,470,153,,,,확정
person:레드_슈즈,F2806,사실,정의,ch47,470,153,,,,확정
person:레드_슈즈,D1325,변화,신념,ch48,472,154,,,,확정
person:레드_슈즈,D1326,변화,신체,ch48,472,154,,,,확정
person:레드_슈즈,D1327,관계 상대,관계,ch48,472,154,,,person:라푼젤,확정
person:레드_슈즈,F1681-2,사건,드러냄,ch48,472,154,,,,확정
person:레드_슈즈,F2828,사실,정의,ch48,472,154,,,,확정
person:레드_슈즈,F2829,사실,정의,ch48,472,154,,,,확정
person:레드_슈즈,F2830,사실,정의,ch48,472,154,,J20,,확정
person:레드_슈즈,F2840,사실,정의,ch48,472,154,,,,확정
person:레드_후드,E39,떡밥,암시,relic:갓데스스쿼드리포트,19,5,,,,확정
person:레드_후드,E92,떡밥,암시,ch13,64,14,,,,확정
person:레드_후드,F336,사실,정의,ch13,64,14,,J2,,확정
person:레드_후드,F345,사실,정의,ch13,64,14,,,,확정
person:레드_후드,F347,사실,정의,ch13,64,14,,,,확정
person:레드_후드,F348,사실,정의,ch13,64,14,,,,확정
person:레드_후드,Q65,의문,정의,ch13,64,14,일부,J2,,확정
person:레드_후드,F494,사실,정의,char:221,94,17,,J6,,확정
person:레드_후드,E118,떡밥,암시,ch17,140,19,,,,확정
person:레드_후드,F681,사실,정의,ch17,140,19,,J6,,확정
person:레드_후드,F686,사실,정의,ch17,140,19,,,,확정
person:레드_후드,E192,떡밥,암시,event_overzone,200,36,,,,확정
person:레드_후드,D259,관계 상대,관계,erelic:white_memory,201,36,,,person:라푼젤,확정
person:레드_후드,E206,떡밥,암시,erelic:white_memory,201,36,,,,확정
person:레드_후드,F935,사실,정의,erelic:white_memory,201,36,,,,확정
person:레드_후드,F1017,사실,정의,ch24,219,44,,,,확정
person:레드_후드,F1034,사실,정의,ch24,219,44,,J2,,확정
person:레드_후드,F1039,사실,정의,ch24,219,44,,,,확정
person:레드_후드,Q65-2,사건,회수,ch24,219,44,,,,확정
person:레드_후드,Q145,의문,정의,ch24,219,44,풀림,J2,,확정
person:레드_후드,D316,관계 상대,관계,ch25,241,54,,,person:도로시,확정
person:레드_후드,D317,기준,성격,ch25,241,54,,,,확정
person:레드_후드,D318,기준,관계,ch25,241,54,,,person:라피,확정
person:레드_후드,E262,떡밥,암시,ch25,241,54,,,,확정
person:레드_후드,F1102,사실,정의,ch25,241,54,,,,확정
person:레드_후드,F1109,사실,정의,ch25,241,54,,J2,,확정
person:레드_후드,F347-2,사건,드러냄,sub:택틱컬틱택_01,245,54,,,,확정
person:레드_후드,F1326,사실,정의,sub:택틱컬틱택_01,245,54,,,,확정
person:레드_후드,D321,기준,신념,ch26,246,55,,,,확정
person:레드_후드,D322,기준,관계,ch26,246,55,,,person:도로시,확정
person:레드_후드,D323,기준,관계,ch26,246,55,,,person:지휘관,확정
person:레드_후드,D326,관계 상대,관계,ch26,246,55,,,person:도로시,확정
person:레드_후드,D327,변화,관계,ch26,246,55,,,person:도로시,확정
person:레드_후드,D328,변화,신체,ch26,246,55,,,,확정
person:레드_후드,E264,떡밥,암시,ch26,246,55,,,,확정
person:레드_후드,E265,떡밥,재언급,ch26,246,55,,,,확정
person:레드_후드,E268,떡밥,재언급,ch26,246,55,,,,확정
person:레드_후드,E269,떡밥,암시,ch26,246,55,,,,확정
person:레드_후드,E270,떡밥,암시,ch26,246,55,,,,확정
person:레드_후드,E271,떡밥,암시,ch26,246,55,,,,확정
person:레드_후드,E273,떡밥,암시,ch26,246,55,,,,확정
person:레드_후드,F1112,사실,정의,ch26,246,55,,,,확정
person:레드_후드,F1113,사실,정의,ch26,246,55,,,,확정
person:레드_후드,F1114,사실,정의,ch26,246,55,,,,확정
person:레드_후드,F1115,사실,정의,ch26,246,55,,J2,,확정
person:레드_후드,F1116,사실,정의,ch26,246,55,,J2,,확정
person:레드_후드,F1117,사실,정의,ch26,246,55,,,,확정
person:레드_후드,F1118,사실,정의,ch26,246,55,,,,확정
person:레드_후드,F1119,사실,정의,ch26,246,55,,,,확정
person:레드_후드,F1121,사실,정의,ch26,246,55,,,,확정
person:레드_후드,F1122,사실,정의,ch26,246,55,,,,확정
person:레드_후드,F1123,사실,정의,ch26,246,55,,,,확정
person:레드_후드,F1124,사실,정의,ch26,246,55,,,,확정
person:레드_후드,F1125,사실,정의,ch26,246,55,,,,확정
person:레드_후드,F1126,사실,정의,ch26,246,55,,,,확정
person:레드_후드,F1127,사실,정의,ch26,246,55,,,,확정
person:레드_후드,F1128,사실,정의,ch26,246,55,,J7,,확정
person:레드_후드,F1129,사실,정의,ch26,246,55,,,,확정
person:레드_후드,F1131,사실,정의,ch26,246,55,,,,확정
person:레드_후드,F1133,사실,정의,ch26,246,55,,,,확정
person:레드_후드,Q145-2,사건,회수,ch26,246,55,,,,확정
person:레드_후드,U176,생활상,구시대,ch26,246,55,,,,확정
person:레드_후드,F1302,사실,정의,sub:피라_00,250,55,,,,확정
person:레드_후드,D345,기준,관계,event_redash,251,55,,,person:스노우_화이트,확정
person:레드_후드,D346,관계 상대,관계,event_redash,251,55,,,person:스노우_화이트,확정
person:레드_후드,D347,관계 상대,관계,event_redash,251,55,,,person:스노우_화이트,확정
person:레드_후드,D348,관계 상대,관계,event_redash,251,55,,,person:스노우_화이트,확정
person:레드_후드,D350,변화,신념,event_redash,251,55,,,,확정
person:레드_후드,D351,관계 상대,관계,event_redash,251,55,,,person:도로시,확정
person:레드_후드,D352,관계 상대,관계,event_redash,251,55,,,person:오스왈드,확정
person:레드_후드,E280,떡밥,암시,event_redash,251,55,,,,확정
person:레드_후드,E281,떡밥,암시,event_redash,251,55,,,,확정
person:레드_후드,E285,떡밥,재언급,event_redash,251,55,,,,확정
person:레드_후드,E286,떡밥,암시,event_redash,251,55,,,,확정
person:레드_후드,E287,떡밥,암시,event_redash,251,55,,,,확정
person:레드_후드,E288,떡밥,암시,event_redash,251,55,,,,확정
person:레드_후드,E290,떡밥,암시,event_redash,251,55,,,,확정
person:레드_후드,E292,떡밥,암시,event_redash,251,55,,,,확정
person:레드_후드,E299,떡밥,암시,event_redash,251,55,,,,확정
person:레드_후드,E300,떡밥,암시,event_redash,251,55,,,,확정
person:레드_후드,E301,떡밥,암시,event_redash,251,55,,,,확정
person:레드_후드,F1142,사실,정의,event_redash,251,55,,,,확정
person:레드_후드,F1143,사실,정의,event_redash,251,55,,,,확정
person:레드_후드,F1144,사실,정의,event_redash,251,55,,,,확정
person:레드_후드,F1148,사실,정의,event_redash,251,55,,,,확정
person:레드_후드,F1150,사실,정의,event_redash,251,55,,,,확정
person:레드_후드,F1154,사실,정의,event_redash,251,55,,,,확정
person:레드_후드,F1156,사실,정의,event_redash,251,55,,,,확정
person:레드_후드,F1157,사실,정의,event_redash,251,55,,,,확정
person:레드_후드,F1161,사실,정의,event_redash,251,55,,J6,,확정
person:레드_후드,F1164,사실,정의,event_redash,251,55,,,,확정
person:레드_후드,F1165,사실,정의,event_redash,251,55,,,,확정
person:레드_후드,F1166,사실,정의,event_redash,251,55,,,,확정
person:레드_후드,F1167,사실,정의,event_redash,251,55,,,,확정
person:레드_후드,F1168,사실,정의,event_redash,251,55,,,,확정
person:레드_후드,F1169,사실,정의,event_redash,251,55,,,,확정
person:레드_후드,F1171,사실,정의,event_redash,251,55,,,,확정
person:레드_후드,F1172,사실,정의,event_redash,251,55,,,,확정
person:레드_후드,F1173,사실,정의,event_redash,251,55,,,,확정
person:레드_후드,O5,마무리,관계,event_redash,251,55,,,,확정
person:레드_후드,Q157,의문,정의,event_redash,251,55,일부,J2,,확정
person:레드_후드,E303,떡밥,암시,erelic:red_ash_lost,252,55,,,,확정
person:레드_후드,F1174,사실,정의,erelic:red_ash_lost,252,55,,,,확정
person:레드_후드,F1175,사실,정의,erelic:red_ash_lost,252,55,,,,확정
person:레드_후드,F1180,사실,정의,erelic:red_ash_lost,252,55,,,,확정
person:레드_후드,F1181,사실,정의,erelic:red_ash_lost,252,55,,J30,,확정
person:레드_후드,E306,떡밥,재언급,erelic:red_ash_mini,253,55,,,,확정
person:레드_후드,E308,떡밥,재언급,erelic:red_ash_mini,253,55,,,,확정
person:레드_후드,F1185,사실,정의,erelic:red_ash_mini,253,55,,,,확정
person:레드_후드,F1186,사실,정의,erelic:red_ash_mini,253,55,,,,확정
person:레드_후드,F1188,사실,정의,erelic:red_ash_mini,253,55,,,,확정
person:레드_후드,D1482,변화,신념,char:470,254,55,,,,확정
person:레드_후드,D1483,변화,관계,char:470,254,55,,,person:지휘관,확정
person:레드_후드,D1484,변화,관계,char:470,254,55,,,person:스노우_화이트,확정
person:레드_후드,E1336,떡밥,재언급,char:470,254,55,,,,확정
person:레드_후드,E1337,떡밥,재언급,char:470,254,55,,,,확정
person:레드_후드,F1191,사실,정의,char:470,254,55,,,,확정
person:레드_후드,F1192,사실,정의,char:470,254,55,,,,확정
person:레드_후드,F1193,사실,정의,char:470,254,55,,,,확정
person:레드_후드,F1194,사실,정의,char:470,254,55,,,,확정
person:레드_후드,F1195,사실,정의,char:470,254,55,,,,확정
person:레드_후드,F1196,사실,정의,char:470,254,55,,,,확정
person:레드_후드,O8,마무리,성장,char:470,254,55,,,,확정
person:레드_후드,F1181-2,사건,드러냄,event_newyearnewsword,261,59,,,,확정
person:레드_후드,D1514,기준,관계,char:225,262,60,,,person:홍련,확정
person:레드_후드,F1243,사실,정의,char:225,262,60,,,,확정
person:레드_후드,F1303,사실,정의,sub:피라_01,271,65,,,,확정
person:레드_후드,E332,떡밥,재언급,sub:피라_02,272,65,,,,확정
person:레드_후드,F1304,사실,정의,sub:피라_02,272,65,,,,확정
person:레드_후드,F1305,사실,정의,sub:피라_02,272,65,,,,확정
person:레드_후드,Q167,의문,정의,sub:피라_02,272,65,일부,J2,,확정
person:레드_후드,Q168,의문,정의,sub:피라_02,272,65,일부,J2,,확정
person:레드_후드,E333,떡밥,재언급,relic:잘지내라친구,274,65,,,,확정
person:레드_후드,F1307,사실,정의,relic:잘지내라친구,274,65,,J2,,확정
person:레드_후드,Q167-2,사건,회수,relic:잘지내라친구,274,65,,,,확정
person:레드_후드,F1411,사실,정의,ch30,293,73,,,,확정
person:레드_후드,F1454,사실,정의,char:330,296,73,,,,확정
person:레드_후드,E433,떡밥,재언급,ch31,308,80,,,,확정
person:레드_후드,F1524,사실,정의,ch31,308,80,,,,확정
person:레드_후드,F1528,사실,정의,ch31,308,80,,,,확정
person:레드_후드,F1537,사실,정의,ch31,308,80,,,,확정
person:레드_후드,E449,떡밥,재언급,ch32,310,81,,,,확정
person:레드_후드,F1540,사실,정의,ch32,310,81,,,,확정
person:레드_후드,F1541,사실,정의,ch32,310,81,,,,확정
person:레드_후드,F1559,사실,정의,ch32,310,81,,J2,,확정
person:레드_후드,F1604,사실,정의,event_nonsensered,326,86,,,,확정
person:레드_후드,F1605,사실,정의,event_nonsensered,326,86,,,,확정
person:레드_후드,E476,떡밥,암시,ch33,334,90,,,,확정
person:레드_후드,F1625,사실,정의,ch33,334,90,,,,확정
person:레드_후드,D562,변화,관계,ch34,336,91,,,person:라피,확정
person:레드_후드,E496,떡밥,재언급,ch34,336,91,,,,확정
person:레드_후드,E514,떡밥,재언급,ch34,336,91,,,,확정
person:레드_후드,E515,떡밥,재언급,ch34,336,91,,,,확정
person:레드_후드,F1646,사실,정의,ch34,336,91,,,,확정
person:레드_후드,F1648,사실,정의,ch34,336,91,,,,확정
person:레드_후드,F1655,사실,정의,ch34,336,91,,J2,,확정
person:레드_후드,F1656,사실,정의,ch34,336,91,,J2,,확정
person:레드_후드,F1657,사실,정의,ch34,336,91,,,,확정
person:레드_후드,O21,마무리,관계,ch34,336,91,H2,,,확정
person:레드_후드,Q168-2,사건,회수,ch34,336,91,,,,확정
person:레드_후드,Q218,의문,정의,ch34,336,91,일부,J2,,확정
person:레드_후드,E533,떡밥,재언급,event_oldtales1,338,91,,,,확정
person:레드_후드,F1688,사실,정의,event_oldtales1,338,91,,,,확정
person:레드_후드,D588,관계 상대,관계,event_footstepwalkrun1,350,96,,,person:라피,확정
person:레드_후드,D589,관계 상대,관계,event_footstepwalkrun1,350,96,,,person:라피,확정
person:레드_후드,D591,변화,관계,event_footstepwalkrun1,350,96,,,person:라피,확정
person:레드_후드,E559,떡밥,암시,event_footstepwalkrun1,350,96,,,,확정
person:레드_후드,E565,떡밥,재언급,event_footstepwalkrun1,350,96,,,,확정
person:레드_후드,E570,떡밥,암시,event_footstepwalkrun1,350,96,,,,확정
person:레드_후드,E571,떡밥,재언급,event_footstepwalkrun1,350,96,,,,확정
person:레드_후드,E575,떡밥,재언급,event_footstepwalkrun1,350,96,,,,확정
person:레드_후드,F1753,사실,정의,event_footstepwalkrun1,350,96,,,,확정
person:레드_후드,F1754,사실,정의,event_footstepwalkrun1,350,96,,,,확정
person:레드_후드,F1755,사실,정의,event_footstepwalkrun1,350,96,,J2 J19,,확정
person:레드_후드,F1756,사실,정의,event_footstepwalkrun1,350,96,,J2,,확정
person:레드_후드,F1757,사실,정의,event_footstepwalkrun1,350,96,,,,확정
person:레드_후드,F1758,사실,정의,event_footstepwalkrun1,350,96,,,,확정
person:레드_후드,F1759,사실,정의,event_footstepwalkrun1,350,96,,,,확정
person:레드_후드,F1760,사실,정의,event_footstepwalkrun1,350,96,,,,확정
person:레드_후드,F1763,사실,정의,event_footstepwalkrun1,350,96,,J2,,확정
person:레드_후드,F1764,사실,정의,event_footstepwalkrun1,350,96,,,,확정
person:레드_후드,Q65-3,사건,회수,event_footstepwalkrun1,350,96,,,,확정
person:레드_후드,Q145-3,사건,회수,event_footstepwalkrun1,350,96,,,,확정
person:레드_후드,Q157-2,사건,회수,event_footstepwalkrun1,350,96,,,,확정
person:레드_후드,Q223,의문,정의,event_footstepwalkrun1,350,96,일부,J18,,확정
person:레드_후드,Q224,의문,정의,event_footstepwalkrun1,350,96,열림,J2,,확정
person:레드_후드,Q218-2,사건,회수,ch35,358,101,,,,확정
person:레드_후드,E628,떡밥,재언급,ch36,360,102,,,,확정
person:레드_후드,F2021,사실,정의,fl:boom_the_ghost,393,116,,,,확정
person:레드_후드,F2022,사실,정의,fl:boom_the_ghost,393,116,,,,확정
person:레드_후드,Q223-2,사건,회수,ch39,396,118,,,,확정
person:레드_후드,F2316,사실,정의,event_goddessfall1,418,128,,,,확정
person:레드_후드,E972,떡밥,재언급,fl:ark_guardian,428,133,,,,확정
person:레드_후드,E973,떡밥,재언급,fl:ark_guardian,428,133,,,,확정
person:레드_후드,F2361,사실,정의,fl:ark_guardian,428,133,,,,확정
person:레드_후드,F2371,사실,정의,fl:ark_guardian,428,133,,,,확정
person:레드_후드,D1039,관계 상대,관계,ch44,436,138,,,person:스노우_화이트,확정
person:레드_후드,F2426,사실,정의,ch44,436,138,,,,확정
person:레드_후드,F2428,사실,정의,ch44,436,138,,,,확정
person:레드_후드,F2430,사실,정의,ch44,436,138,,J2,,확정
person:레드_후드,O55,마무리,관계,ch44,436,138,H8,,,확정
person:레드_후드,E1056,떡밥,재언급,side:pretty_star,447,142,,,,확정
person:레드_후드,E1063,떡밥,재언급,side:pretty_star,447,142,,,,확정
person:레드_후드,F1755-2,사건,드러냄,ch45,450,143,,,,확정
person:레드_후드,F1755-3,사건,드러냄,ch46,452,144,,,,확정
person:레드_후드,E1236,떡밥,재언급,ch48,472,154,,,,확정
person:레드_후드,F2841,사실,정의,ch48,472,154,,,,확정
person:레비,F1844,사실,정의,side:mudfish,370,107,,,,확정
person:레비,F1845,사실,정의,side:mudfish,370,107,,,,확정
person:레비,F1846,사실,정의,side:mudfish,370,107,,,,확정
person:레비,F1847,사실,정의,side:mudfish,370,107,,,,확정
person:레비,F1849,사실,정의,side:mudfish,370,107,,J10,,확정
person:레비,F1896,사실,정의,event_unbreakablesphere1,377,109,,,,확정
person:레비,F1904,사실,정의,erelic:unbreakable_sphere_dialog,378,109,,,,확정
person:레비,F1905,사실,정의,erelic:unbreakable_sphere_dialog,378,109,,,,확정
person:레비아탄,D506,기준,성격,ch32,310,81,,,,확정
person:레비아탄,D507,기준,관계,ch32,310,81,,,person:베히모스,확정
person:레비아탄,E456,떡밥,암시,ch32,310,81,,,,확정
person:레비아탄,F1550,사실,정의,ch32,310,81,,,,확정
person:레비아탄,F1551,사실,정의,ch32,310,81,,J10,,확정
person:레비아탄,Q202,의문,정의,ch32,310,81,열림,J10,,확정
person:레비아탄,D542,기준,관계,ch33,334,90,,,person:지휘관,확정
person:레비아탄,D543,변화,관계,ch33,334,90,,,person:베히모스,확정
person:레비아탄,D544,관계 상대,관계,ch33,334,90,,,person:베히모스,확정
person:레비아탄,E482,떡밥,암시,ch33,334,90,,,,확정
person:레비아탄,E485,떡밥,암시,ch33,334,90,,,,확정
person:레비아탄,F1634,사실,정의,ch33,334,90,,,,확정
person:레비아탄,F1635,사실,정의,ch33,334,90,,,,확정
person:레비아탄,F1637,사실,정의,ch33,334,90,,,,확정
person:레비아탄,F1638,사실,정의,ch33,334,90,,,,확정
person:레비아탄,F1639,사실,정의,ch33,334,90,,,,확정
person:레비아탄,Q216,의문,정의,ch33,334,90,풀림,J12,,확정
person:레비아탄,D556,기준,신념,ch34,336,91,,,,확정
person:레비아탄,D557,기준,관계,ch34,336,91,,,person:라피,확정
person:레비아탄,D558,관계 상대,관계,ch34,336,91,,,person:베히모스,확정
person:레비아탄,E491,떡밥,재언급,ch34,336,91,,,,확정
person:레비아탄,E492,떡밥,암시,ch34,336,91,,,,확정
person:레비아탄,E493,떡밥,암시,ch34,336,91,,,,확정
person:레비아탄,E508,떡밥,재언급,ch34,336,91,,,,확정
person:레비아탄,E509,떡밥,암시,ch34,336,91,,,,확정
person:레비아탄,E511,떡밥,암시,ch34,336,91,,,,확정
person:레비아탄,E512,떡밥,암시,ch34,336,91,,,,확정
person:레비아탄,F1642,사실,정의,ch34,336,91,,,,확정
person:레비아탄,F1643,사실,정의,ch34,336,91,,J12,,확정
person:레비아탄,F1647,사실,정의,ch34,336,91,,,,확정
person:레비아탄,F1650,사실,정의,ch34,336,91,,,,확정
person:레비아탄,F1652,사실,정의,ch34,336,91,,,,확정
person:레비아탄,F1653,사실,정의,ch34,336,91,,J10,,확정
person:레비아탄,F1654,사실,정의,ch34,336,91,,J12,,확정
person:레비아탄,F1655,사실,정의,ch34,336,91,,J2,,확정
person:레비아탄,Q216-2,사건,회수,ch34,336,91,,,,확정
person:레비아탄,F1661,사실,정의,relic:충격다크매터란무엇인가,337,91,,,,확정
person:레비아탄,F1654-2,사건,드러냄,event_oldtales1,338,91,,,,확정
person:레비아탄,D604,변화,관계,ch35,358,101,,,person:베히모스,확정
person:레비아탄,E604,떡밥,재언급,ch35,358,101,,,,확정
person:레비아탄,E605,떡밥,재언급,ch35,358,101,,,,확정
person:레비아탄,E611,떡밥,암시,ch35,358,101,,,,확정
person:레비아탄,E614,떡밥,재언급,ch35,358,101,,,,확정
person:레비아탄,F1791,사실,정의,ch35,358,101,,,,확정
person:레비아탄,F1799,사실,정의,ch35,358,101,,,,확정
person:레비아탄,F1800,사실,정의,ch35,358,101,,,,확정
person:레비아탄,F1804,사실,정의,ch35,358,101,,,,확정
person:레비아탄,F1805,사실,정의,ch35,358,101,,,,확정
person:레비아탄,Q229,의문,정의,ch35,358,101,풀림,J10,,확정
person:레비아탄,E617,떡밥,암시,relic:알관련전달사항,359,101,,,,확정
person:레비아탄,Q229-2,사건,회수,relic:알관련전달사항,359,101,,,,확정
person:레비아탄,D614,변화,관계,ch36,360,102,,,person:지휘관,확정
person:레비아탄,D616,기준,관계,ch36,360,102,,,person:세이렌,확정
person:레비아탄,D617,변화,관계,ch36,360,102,,,person:지휘관,확정
person:레비아탄,E619,떡밥,재언급,ch36,360,102,,,,확정
person:레비아탄,E625,떡밥,암시,ch36,360,102,,,,확정
person:레비아탄,F1807,사실,정의,ch36,360,102,,,,확정
person:레비아탄,F1808,사실,정의,ch36,360,102,뒤집힘,J10,,확정
person:레비아탄,F1809,사실,정의,ch36,360,102,,,,확정
person:레비아탄,F1810,사실,정의,ch36,360,102,,,,확정
person:레비아탄,F1812,사실,정의,ch36,360,102,,,,확정
person:레비아탄,F1813,사실,정의,ch36,360,102,,J10,,확정
person:레비아탄,F1815,사실,정의,ch36,360,102,,J12,,확정
person:레비아탄,F1816,사실,정의,ch36,360,102,,,,확정
person:레비아탄,F1819,사실,정의,ch36,360,102,,,,확정
person:레비아탄,Q229-3,사건,회수,ch36,360,102,,,,확정
person:레비아탄,Q232,의문,정의,ch36,360,102,풀림,J10,,확정
person:레비아탄,E633,떡밥,암시,relic:할일목록,361,102,,,,확정
person:레비아탄,F1821,사실,정의,relic:할일목록,361,102,,,,확정
person:레비아탄,D631,변화,신체,side:mudfish,370,107,,,,확정
person:레비아탄,D632,변화,소속,side:mudfish,370,107,,,,확정
person:레비아탄,D633,변화,성격,side:mudfish,370,107,,,,확정
person:레비아탄,D634,변화,관계,side:mudfish,370,107,,,person:세이렌,확정
person:레비아탄,D635,변화,관계,side:mudfish,370,107,,,person:세이렌,확정
person:레비아탄,D636,변화,관계,side:mudfish,370,107,,,person:세이렌,확정
person:레비아탄,D637,변화,신념,side:mudfish,370,107,,,,확정
person:레비아탄,D638,변화,신체,side:mudfish,370,107,,,,확정
person:레비아탄,D639,관계 상대,관계,side:mudfish,370,107,,,person:세이렌,확정
person:레비아탄,D640,관계 상대,관계,side:mudfish,370,107,,,person:세이렌,확정
person:레비아탄,D641,관계 상대,관계,side:mudfish,370,107,,,person:세이렌,확정
person:레비아탄,E642,떡밥,암시,side:mudfish,370,107,,,,확정
person:레비아탄,E643,떡밥,암시,side:mudfish,370,107,,,,확정
person:레비아탄,F1815-2,사건,드러냄,side:mudfish,370,107,,,,확정
person:레비아탄,F1844,사실,정의,side:mudfish,370,107,,,,확정
person:레비아탄,F2884,사실,정의,side:mudfish,370,107,,,,확정
person:레비아탄,Q232-2,사건,회수,side:mudfish,370,107,,,,확정
person:레비아탄,Q236,의문,정의,side:mudfish,370,107,풀림,J12,,확정
person:레비아탄,D651,관계 상대,관계,ch37,373,108,,,person:지즈,확정
person:레비아탄,D653,변화,신체,ch37,373,108,,,,확정
person:레비아탄,D655,관계 상대,관계,ch37,373,108,,,person:라피,확정
person:레비아탄,E646,떡밥,재언급,ch37,373,108,,,,확정
person:레비아탄,E653,떡밥,재언급,ch37,373,108,,,,확정
person:레비아탄,F1808-2,사건,뒤집음,ch37,373,108,,,,확정
person:레비아탄,F1862,사실,정의,ch37,373,108,,J10,,확정
person:레비아탄,F1863,사실,정의,ch37,373,108,,,,확정
person:레비아탄,F1864,사실,정의,ch37,373,108,,,,확정
person:레비아탄,F1865,사실,정의,ch37,373,108,,,,확정
person:레비아탄,F1866,사실,정의,ch37,373,108,,,,확정
person:레비아탄,D659,기준,관계,ch38,375,109,,,person:지즈,확정
person:레비아탄,D668,관계 상대,관계,ch38,375,109,,,person:라피,확정
person:레비아탄,D672,변화,신념,ch38,375,109,,,,확정
person:레비아탄,E660,떡밥,재언급,ch38,375,109,,,,확정
person:레비아탄,E661,떡밥,재언급,ch38,375,109,,,,확정
person:레비아탄,E668,떡밥,암시,ch38,375,109,,,,확정
person:레비아탄,E669,떡밥,재언급,ch38,375,109,,,,확정
person:레비아탄,E670,떡밥,재언급,ch38,375,109,,,,확정
person:레비아탄,E672,떡밥,재언급,ch38,375,109,,,,확정
person:레비아탄,E673,떡밥,재언급,ch38,375,109,,,,확정
person:레비아탄,F1864-2,사건,드러냄,ch38,375,109,,,,확정
person:레비아탄,F1872,사실,정의,ch38,375,109,,J10,,확정
person:레비아탄,F1873,사실,정의,ch38,375,109,,J10,,확정
person:레비아탄,F1877,사실,정의,ch38,375,109,,,,확정
person:레비아탄,F1878,사실,정의,ch38,375,109,,J10,,확정
person:레비아탄,F1879,사실,정의,ch38,375,109,,,,확정
person:레비아탄,F1880,사실,정의,ch38,375,109,,,,확정
person:레비아탄,F1881,사실,정의,relic:은색액체,376,109,,,,확정
person:레비아탄,F1882,사실,정의,relic:은색액체,376,109,,,,확정
person:레비아탄,E693,떡밥,재언급,event_unbreakablesphere1,377,109,,,,확정
person:레비아탄,E694,떡밥,재언급,event_unbreakablesphere1,377,109,,,,확정
person:레비아탄,Q236-2,사건,회수,event_unbreakablesphere1,377,109,,,,확정
person:레비아탄,E711,떡밥,재언급,erelic:unbreakable_sphere_dialog,378,109,,,,확정
person:레비아탄,F1816-2,사건,드러냄,erelic:unbreakable_sphere_lost,379,109,,,,확정
person:레비아탄,D765,관계 상대,관계,ch39,396,118,,,person:랩칠리언,확정
person:레비아탄,D766,기준,관계,ch39,396,118,,,person:랩칠리언,확정
person:레비아탄,E797,떡밥,암시,ch39,396,118,,,,확정
person:레비아탄,F2042,사실,정의,ch39,396,118,,J26,,확정
person:레비아탄,F2043,사실,정의,ch39,396,118,,,,확정
person:레비아탄,F2046,사실,정의,ch39,396,118,,,,확정
person:레비아탄,F2055,사실,정의,ch39,396,118,,J8,,확정
person:레비아탄,D784,변화,관계,ch40,398,119,,,person:랩칠리언,확정
person:레비아탄,D785,관계 상대,관계,ch40,398,119,,,person:지휘관,확정
person:레비아탄,D786,관계 상대,관계,ch40,398,119,,,person:지즈,확정
person:레비아탄,D787,변화,신념,ch40,398,119,,,,확정
person:레비아탄,D788,변화,관계,ch40,398,119,,,person:지즈,확정
person:레비아탄,D789,변화,신체,ch40,398,119,,,,확정
person:레비아탄,E817,떡밥,암시,ch40,398,119,,,,확정
person:레비아탄,F2083,사실,정의,ch40,398,119,,,,확정
person:레비아탄,F2084,사실,정의,ch40,398,119,,,,확정
person:레비아탄,F2055-2,사건,드러냄,side:eden_spear,411,126,,,,확정
person:레비아탄,D848,변화,관계,ch41,414,127,,,person:지즈,확정
person:레비아탄,D849,변화,관계,ch41,414,127,,,person:지휘관,확정
person:레비아탄,D852,관계 상대,관계,ch41,414,127,,,person:바하무트,확정
person:레비아탄,D853,관계 상대,관계,ch41,414,127,,,person:라피,확정
person:레비아탄,D855,관계 상대,관계,ch41,414,127,,,person:지즈,확정
person:레비아탄,D856,관계 상대,관계,ch41,414,127,,,person:베히모스,확정
person:레비아탄,D857,변화,관계,ch41,414,127,,,person:세이렌,확정
person:레비아탄,E892,떡밥,재언급,ch41,414,127,,,,확정
person:레비아탄,E896,떡밥,재언급,ch41,414,127,,,,확정
person:레비아탄,E897,떡밥,재언급,ch41,414,127,,,,확정
person:레비아탄,F2180,사실,정의,ch41,414,127,,,,확정
person:레비아탄,F2183,사실,정의,ch41,414,127,,,,확정
person:레비아탄,F2192,사실,정의,ch41,414,127,,,,확정
person:레비아탄,F2193,사실,정의,ch41,414,127,,,,확정
person:레비아탄,E906,떡밥,재언급,relic:거꾸로적힌기록,415,127,,,,확정
person:레비아탄,F2211,사실,정의,relic:거꾸로적힌기록,415,127,,,,확정
person:레비아탄,D867,변화,신념,ch42,416,128,,,,확정
person:레비아탄,D868,변화,관계,ch42,416,128,,,person:세이렌,확정
person:레비아탄,D869,변화,신체,ch42,416,128,,,,확정
person:레비아탄,D870,변화,관계,ch42,416,128,,,person:지휘관,확정
person:레비아탄,D871,기준,관계,ch42,416,128,,,person:바하무트,확정
person:레비아탄,D872,변화,신념,ch42,416,128,,,,확정
person:레비아탄,D873,관계 상대,관계,ch42,416,128,,,person:세이렌,확정
person:레비아탄,D875,관계 상대,관계,ch42,416,128,,,person:지즈,확정
person:레비아탄,D880,관계 상대,관계,ch42,416,128,,,person:라피,확정
person:레비아탄,E910,떡밥,재언급,ch42,416,128,,,,확정
person:레비아탄,E911,떡밥,재언급,ch42,416,128,,,,확정
person:레비아탄,E912,떡밥,재언급,ch42,416,128,,,,확정
person:레비아탄,F2218,사실,정의,ch42,416,128,,,,확정
person:레비아탄,F2219,사실,정의,ch42,416,128,,,,확정
person:레비아탄,F2221,사실,정의,ch42,416,128,,,,확정
person:레비아탄,F2222,사실,정의,ch42,416,128,,,,확정
person:레비아탄,F2223,사실,정의,ch42,416,128,,,,확정
person:레비아탄,F2224,사실,정의,ch42,416,128,,,,확정
person:레비아탄,F2225,사실,정의,ch42,416,128,,,,확정
person:레비아탄,F2226,사실,정의,ch42,416,128,,,,확정
person:레비아탄,F2227,사실,정의,ch42,416,128,,,,확정
person:레비아탄,F2230,사실,정의,ch42,416,128,,,,확정
person:레비아탄,F2249,사실,정의,ch42,416,128,,,,확정
person:레비아탄,O42,마무리,갈등,ch42,416,128,H6,,,확정
person:레비아탄,O43,마무리,관계,ch42,416,128,H6,,,확정
person:레비아탄,O44,마무리,관계,ch42,416,128,H6,,,확정
person:레비아탄,O45,마무리,갈등,ch42,416,128,H6,,,확정
person:레비아탄,O50,마무리,성장,ch42,416,128,H6,,,확정
person:레비아탄,E931,떡밥,재언급,relic:주의용광로사용법,417,128,,,,확정
person:레비아탄,D1162,기준,관계,ch46,452,144,,,person:온리_원,확정
person:레비아탄,F2624,사실,정의,ch46,452,144,,J10,,확정
person:레비아탄,F2626,사실,정의,ch46,452,144,,,,확정
person:레비아탄,F2634,사실,정의,ch46,452,144,,,,확정
person:레비아탄,F2800,사실,정의,ch47,470,153,,,,확정
person:레비아탄,F2805,사실,정의,ch47,470,153,,,,확정
person:레비아탄,F2813,사실,정의,ch47,470,153,,,,확정
person:레비아탄,F2822,사실,정의,ch48,472,154,,,,확정
person:레비아탄,F2825,사실,정의,ch48,472,154,,,,확정
person:레오,F2562,사실,정의,fl:good_world,448,142,,,,확정
person:레오,F2565,사실,정의,fl:good_world,448,142,,,,확정
person:레오나,F826,사실,정의,char:381,182,31,,,,확정
person:레오나,F1089,사실,정의,char:451,238,52,,,,확정
person:레오나,D1517,기준,성격,event_lionheart,263,61,,,,확정
person:레오나,D1518,기준,관계,event_lionheart,263,61,,,person:지휘관,확정
person:레오나,D1519,관계 상대,관계,event_lionheart,263,61,,,person:머스탱,확정
person:레오나,D1520,변화,신념,event_lionheart,263,61,,,,확정
person:레오나,D1521,변화,관계,event_lionheart,263,61,,,person:티미,확정
person:레오나,D1522,관계 상대,관계,event_lionheart,263,61,,,person:비스킷,확정
person:레오나,E1350,떡밥,암시,event_lionheart,263,61,,,,확정
person:레오나,E1353,떡밥,암시,event_lionheart,263,61,,,,확정
person:레오나,E1354,떡밥,암시,event_lionheart,263,61,,,,확정
person:레오나,E1355,떡밥,암시,event_lionheart,263,61,,,,확정
person:레오나,F1246,사실,정의,event_lionheart,263,61,,,,확정
person:레오나,F1247,사실,정의,event_lionheart,263,61,,,,확정
person:레오나,F1249,사실,정의,event_lionheart,263,61,,,,확정
person:레오나,F1250,사실,정의,event_lionheart,263,61,,,,확정
person:레오나,F1251,사실,정의,event_lionheart,263,61,,,,확정
person:레오나,F1252,사실,정의,event_lionheart,263,61,,,,확정
person:레오나,D2089,변화,관계,char:382,264,61,,,person:티미,확정
person:레오나,D2090,변화,관계,char:382,264,61,,,person:지휘관,확정
person:레오나,F1253,사실,정의,char:382,264,61,,,,확정
person:레오나,F1254,사실,정의,char:382,264,61,,,,확정
person:레오나,F1255,사실,정의,char:382,264,61,,,,확정
person:레오나,F1256,사실,정의,char:382,264,61,,,,확정
person:레오나,O133,마무리,관계,char:382,264,61,,,,확정
person:레오나,E1401,떡밥,암시,event_secretgarden,345,93,,,,확정
person:레오나,F2747,사실,정의,char:570,463,148,,,,확정
person:레오나,D1759,관계 상대,관계,fl:persona_on_frontline,474,154,,,person:곰,확정
person:레오나,F2853,사실,정의,fl:persona_on_frontline,474,154,,,,확정
person:레오나,F2870,사실,정의,char:870,476,154,,,,확정
person:레이,Q210,의문,정의,char:833,321,83,열림,J55,,확정
person:레이,D2123,기준,성격,char:831,323,84,,,,확정
person:레이,D2124,관계 상대,관계,char:831,323,84,,,person:아인,확정
person:레이,F1599,사실,정의,char:831,323,84,,,,확정
person:레이_(가칭),D2153,변화,성격,char:834,364,103,,,,확정
person:레이_(가칭),F1824,사실,정의,char:834,364,103,,,,확정
person:레이븐,F1996,사실,정의,event_ce006,387,113,,,,확정
person:레이븐,D2169,기준,신념,char:851,390,114,,,,확정
person:레이븐,D2170,변화,관계,char:851,390,114,,,person:콤,확정
person:레이븐,F2007,사실,정의,char:851,390,114,,,,확정
person:레이블,E722,떡밥,암시,event_arcanearchive,383,111,,,,확정
person:레이블,D997,기준,성격,fl:sin_editor,430,135,,,,확정
person:레이블,D998,기준,관계,fl:sin_editor,430,135,,,person:지휘관,확정
person:레이블,D999,변화,관계,fl:sin_editor,430,135,,,person:지휘관,확정
person:레이블,D1000,기준,관계,fl:sin_editor,430,135,,,person:아르카나 person:팬텀,확정
person:레이블,D1001,변화,관계,fl:sin_editor,430,135,,,person:아르카나 person:팬텀,확정
person:레이블,D1002,기준,신념,fl:sin_editor,430,135,,,,확정
person:레이블,D1003,기준,기억,fl:sin_editor,430,135,,,,확정
person:레이블,D1006,관계 상대,관계,fl:sin_editor,430,135,,,person:아르카나,확정
person:레이블,D1007,관계 상대,관계,fl:sin_editor,430,135,,,person:아르카나,확정
person:레이블,D1008,관계 상대,관계,fl:sin_editor,430,135,,,person:팬텀,확정
person:레이블,D1009,관계 상대,관계,fl:sin_editor,430,135,,,person:팬텀,확정
person:레이블,E999,떡밥,재언급,fl:sin_editor,430,135,,,,확정
person:레이블,E1000,떡밥,재언급,fl:sin_editor,430,135,,,,확정
person:레이블,E1001,떡밥,재언급,fl:sin_editor,430,135,,,,확정
person:레이블,F2380,사실,정의,fl:sin_editor,430,135,,,,확정
person:레이블,F2381,사실,정의,fl:sin_editor,430,135,,,,확정
person:레이블,F2382,사실,정의,fl:sin_editor,430,135,,,,확정
person:레이블,F2383,사실,정의,fl:sin_editor,430,135,,,,확정
person:레이블,F2384,사실,정의,fl:sin_editor,430,135,,,,확정
person:레이블,F2385,사실,정의,fl:sin_editor,430,135,,,,확정
person:레이블,D2202,변화,성격,char:582,431,135,,,,확정
person:레이블,D2203,변화,관계,char:582,431,135,,,person:지휘관,확정
person:레이첼_호프,E47,떡밥,암시,relic:통화기록028594,25,6,,,,확정
person:레이첼_호프,F192,사실,정의,relic:통화기록028594,25,6,,,,확정
person:레이첼_호프,F193,사실,정의,relic:통화기록028594,25,6,,,,확정
person:레이첼_호프,Q35,의문,정의,relic:통화기록028594,25,6,열림,J14,,확정
person:레이첼_호프,U32,생활상,구시대,relic:통화기록028594,25,6,,,,확정
person:레인,D1680,관계 상대,관계,fl:lie_cause_recoil,438,138,,,person:제인,확정
person:레인,D1681,관계 상대,관계,fl:lie_cause_recoil,438,138,,,person:제인,확정
person:레인,D1686,기준,신념,fl:lie_cause_recoil,438,138,,,,확정
person:레인,D1687,기준,관계,fl:lie_cause_recoil,438,138,,,person:제니퍼,확정
person:레인,E1475,떡밥,암시,fl:lie_cause_recoil,438,138,,,,확정
person:레인,E1481,떡밥,재언급,fl:lie_cause_recoil,438,138,,,,확정
person:레인,F2472,사실,정의,fl:lie_cause_recoil,438,138,,,,확정
person:레인,F2473,사실,정의,fl:lie_cause_recoil,438,138,,,,확정
person:레인,F2476,사실,정의,fl:lie_cause_recoil,438,138,,,,확정
person:레인,F2477,사실,정의,fl:lie_cause_recoil,438,138,,,,확정
person:레인,F2478,사실,정의,fl:lie_cause_recoil,438,138,,J45,,확정
person:레인,F2480,사실,정의,fl:lie_cause_recoil,438,138,,,,확정
person:레인,F2481,사실,정의,fl:lie_cause_recoil,438,138,,,,확정
person:렘,D2100,기준,성격,char:820,286,69,,,,확정
person:렘,F1356,사실,정의,char:820,286,69,,,,확정
person:로망티스트,E149,떡밥,암시,sub:로망티스트_00,165,26,,,,확정
person:로망티스트,F774,사실,정의,sub:로망티스트_00,165,26,,,,확정
person:로망티스트,D338,변화,관계,sub:로망티스트_01,247,55,,,person:지휘관,확정
person:로망티스트,E276,떡밥,재언급,sub:로망티스트_01,247,55,,,,확정
person:로망티스트,F1136,사실,정의,sub:로망티스트_01,247,55,,,,확정
person:로망티스트,U178,생활상,방주 사회,sub:로망티스트_01,247,55,,,,확정
person:로산나,D207,기준,성격,event_cherryblossom,183,32,,,,확정
person:로산나,F830,사실,정의,event_cherryblossom,183,32,,,,확정
person:로산나,F831,사실,정의,event_cherryblossom,183,32,,,,확정
person:로산나,D229,기준,신념,ch22,195,36,,,,확정
person:로산나,D230,기준,관계,ch22,195,36,,,person:사쿠라,확정
person:로산나,E168,떡밥,암시,ch22,195,36,,,,확정
person:로산나,E170,떡밥,암시,ch22,195,36,,,,확정
person:로산나,F884,사실,정의,ch22,195,36,,,,확정
person:로산나,F886,사실,정의,ch22,195,36,,,,확정
person:로산나,F890,사실,정의,ch22,195,36,,,,확정
person:로산나,F892,사실,정의,ch22,195,36,,,,확정
person:로산나,F893,사실,정의,ch22,195,36,,,,확정
person:로산나,D1436,기준,관계,event_queensorder,207,39,,,person:지휘관,확정
person:로산나,D1437,변화,관계,event_queensorder,207,39,,,person:지휘관,확정
person:로산나,D1438,변화,관계,event_queensorder,207,39,,,person:지휘관,확정
person:로산나,D1439,변화,신념,event_queensorder,207,39,,,,확정
person:로산나,D1440,기준,관계,event_queensorder,207,39,,,person:목단,확정
person:로산나,D1441,관계 상대,관계,event_queensorder,207,39,,,person:목단,확정
person:로산나,D1442,관계 상대,관계,event_queensorder,207,39,,,person:사쿠라,확정
person:로산나,E1313,떡밥,암시,event_queensorder,207,39,,,,확정
person:로산나,F950,사실,정의,event_queensorder,207,39,,,,확정
person:로산나,F951,사실,정의,event_queensorder,207,39,,,,확정
person:로산나,F952,사실,정의,event_queensorder,207,39,,,,확정
person:로산나,F953,사실,정의,event_queensorder,207,39,,,,확정
person:로산나,F954,사실,정의,event_queensorder,207,39,,,,확정
person:로산나,F955,사실,정의,event_queensorder,207,39,,,,확정
person:로산나,F957,사실,정의,event_queensorder,207,39,,,,확정
person:로산나,D2037,변화,관계,char:280,208,39,,,person:지휘관,확정
person:로산나,D2038,변화,관계,char:280,208,39,,,person:지휘관,확정
person:로산나,F950-2,사건,드러냄,char:280,208,39,,,,확정
person:로산나,F958,사실,정의,char:280,208,39,,,,확정
person:로산나,F959,사실,정의,char:280,208,39,,,,확정
person:로산나,F960,사실,정의,char:280,208,39,,,,확정
person:로산나,F961,사실,정의,char:280,208,39,,,,확정
person:로산나,F962,사실,정의,char:280,208,39,,,,확정
person:로산나,F963,사실,정의,char:280,208,39,,,,확정
person:로산나,Q134,의문,정의,char:280,208,39,열림,J49,,확정
person:로산나,F893-2,사건,드러냄,ch23,214,43,,,,확정
person:로산나,F989,사실,정의,ch23,214,43,,,,확정
person:로산나,F990,사실,정의,ch23,214,43,,,,확정
person:로산나,F1020,사실,정의,ch24,219,44,,,,확정
person:로산나,F953-2,사건,드러냄,event_dirtybackyard,265,62,,,,확정
person:로산나,F1264,사실,정의,event_dirtybackyard,265,62,,,,확정
person:로산나,F1269,사실,정의,char:281,266,62,,,,확정
person:로산나,D407,기준,관계,event_killthelord,282,67,,,person:D,확정
person:로산나,D408,변화,관계,event_killthelord,282,67,,,person:D,확정
person:로산나,E357,떡밥,재언급,event_killthelord,282,67,,,,확정
person:로산나,F1346,사실,정의,event_killthelord,282,67,,,,확정
person:로산나,F1351,사실,정의,event_killthelord,282,67,,,,확정
person:로산나,D483,기준,관계,event_beautyfullshot1,305,78,,,person:바이퍼,확정
person:로산나,D484,변화,관계,event_beautyfullshot1,305,78,,,person:바이퍼,확정
person:로산나,D485,관계 상대,관계,event_beautyfullshot1,305,78,,,person:바이퍼,확정
person:로산나,D486,관계 상대,관계,event_beautyfullshot1,305,78,,,person:바이퍼,확정
person:로산나,D487,변화,관계,event_beautyfullshot1,305,78,,,person:사쿠라,확정
person:로산나,E427,떡밥,암시,event_beautyfullshot1,305,78,,,,확정
person:로산나,E428,떡밥,재언급,event_beautyfullshot1,305,78,,,,확정
person:로산나,F1506,사실,정의,event_beautyfullshot1,305,78,,,,확정
person:로산나,F1507,사실,정의,event_beautyfullshot1,305,78,,,,확정
person:로산나,F1515,사실,정의,event_beautyfullshot1,305,78,,,,확정
person:로산나,F1516,사실,정의,event_beautyfullshot1,305,78,,,,확정
person:로산나,F1518,사실,정의,event_beautyfullshot1,305,78,,,,확정
person:로산나,F1519,사실,정의,event_beautyfullshot1,305,78,,,,확정
person:로산나,D2115,변화,관계,char:283,307,79,,,person:지휘관,확정
person:로산나,F1521,사실,정의,char:283,307,79,,,,확정
person:로산나,F1522,사실,정의,char:283,307,79,,,,확정
person:로산나,O147,마무리,관계,char:283,307,79,,,,확정
person:로산나,F2447,사실,정의,ch44,436,138,,,,확정
person:로산나,F2448,사실,정의,ch44,436,138,,,,확정
person:로산나,F2454,사실,정의,ch44,436,138,,,,확정
person:로스트_넘버,E303,떡밥,암시,erelic:red_ash_lost,252,55,,,,확정
person:로스트_넘버,F1182,사실,정의,erelic:red_ash_lost,252,55,,,,확정
person:로스트_넘버,F1183,사실,정의,erelic:red_ash_lost,252,55,,,,확정
person:로지,F2207,사실,정의,ch41,414,127,,J17,,확정
person:로지,F2210,사실,정의,ch41,414,127,,,,확정
person:로지,Q292,의문,정의,ch41,414,127,열림,J17,,확정
person:로지,F2456,사실,정의,ch44,436,138,,,,확정
person:로지,F2602,사실,정의,ch45,450,143,,,,확정
person:롬,D86,기준,성격,sub:롬_00,49,11,,,,확정
person:롬,F283,사실,정의,sub:롬_00,49,11,,,,확정
person:롬,F284,사실,정의,sub:롬_00,49,11,,,,확정
person:롬,Q54,의문,정의,sub:롬_00,49,11,일부,J57,,확정
person:롬,E73,떡밥,암시,sub:롬_01,73,15,,,,확정
person:롬,F285,사실,정의,sub:롬_01,73,15,,,,확정
person:롬,U66,생활상,지상,sub:롬_01,73,15,,,,확정
person:롬,D87,변화,관계,sub:롬_02,163,25,,,person:지휘관,확정
person:롬,E74,떡밥,암시,sub:롬_02,163,25,,,,확정
person:롬,F286,사실,정의,sub:롬_02,163,25,,,,확정
person:롬,D718,기준,기억,event_ce006,387,113,,,,확정
person:롬,D719,변화,기억,event_ce006,387,113,,,,확정
person:롬,D720,기준,신념,event_ce006,387,113,,,,확정
person:롬,D721,변화,신념,event_ce006,387,113,,,,확정
person:롬,D722,기준,관계,event_ce006,387,113,,,person:콤,확정
person:롬,D723,변화,소속,event_ce006,387,113,,,,확정
person:롬,E743,떡밥,암시,event_ce006,387,113,,,,확정
person:롬,E744,떡밥,재언급,event_ce006,387,113,,,,확정
person:롬,E745,떡밥,재언급,event_ce006,387,113,,,,확정
person:롬,E748,떡밥,암시,event_ce006,387,113,,,,확정
person:롬,E749,떡밥,재언급,event_ce006,387,113,,,,확정
person:롬,E754,떡밥,암시,event_ce006,387,113,,,,확정
person:롬,E755,떡밥,암시,event_ce006,387,113,,,,확정
person:롬,E765,떡밥,암시,event_ce006,387,113,,,,확정
person:롬,F1976,사실,정의,event_ce006,387,113,,,,확정
person:롬,F1977,사실,정의,event_ce006,387,113,,,,확정
person:롬,F1978,사실,정의,event_ce006,387,113,,,,확정
person:롬,F1983,사실,정의,event_ce006,387,113,,,,확정
person:롬,F1984,사실,정의,event_ce006,387,113,,,,확정
person:롬,F1997,사실,정의,event_ce006,387,113,,J57,,확정
person:롬,F1999,사실,정의,event_ce006,387,113,,,,확정
person:롬,Q54-2,사건,회수,event_ce006,387,113,,,,확정
person:루드밀라,D55,기준,성격,ch05,20,6,,,,확정
person:루드밀라,D56,기준,관계,ch05,20,6,,,person:앨리스,확정
person:루드밀라,D57,기준,관계,ch05,20,6,,,person:지휘관,확정
person:루드밀라,E42,떡밥,암시,ch05,20,6,,,,확정
person:루드밀라,F97,사실,정의,ch05,20,6,,,,확정
person:루드밀라,F100,사실,정의,ch05,20,6,,,,확정
person:루드밀라,F106,사실,정의,ch05,20,6,,,,확정
person:루드밀라,D61,기준,신념,ch06,26,7,,,,확정
person:루드밀라,E48,떡밥,암시,ch06,26,7,,,,확정
person:루드밀라,F112,사실,정의,ch06,26,7,,,,확정
person:루드밀라,Q24,의문,정의,ch06,26,7,열림,J34,,확정
person:루드밀라,Q25,의문,정의,ch06,26,7,일부,J34,,확정
person:루드밀라,F211,사실,정의,ch07,31,8,,,,확정
person:루드밀라,F452,사실,정의,char:232,88,17,,,,확정
person:루드밀라,D1800,기준,기억,char:190,96,17,,,,확정
person:루드밀라,D1801,변화,기억,char:190,96,17,,,,확정
person:루드밀라,D1802,변화,관계,char:190,96,17,,,person:지휘관,확정
person:루드밀라,F509,사실,정의,char:190,96,17,,,,확정
person:루드밀라,F510,사실,정의,char:190,96,17,,,,확정
person:루드밀라,F512,사실,정의,char:190,96,17,,,,확정
person:루드밀라,F513,사실,정의,char:190,96,17,,J34,,확정
person:루드밀라,F514,사실,정의,char:190,96,17,,,,확정
person:루드밀라,F515,사실,정의,char:190,96,17,,,,확정
person:루드밀라,O9,마무리,관계,char:190,96,17,,,,확정
person:루드밀라,Q25-2,사건,회수,char:190,96,17,,,,확정
person:루드밀라,D1967,기준,관계,char:193,154,21,,,person:네베,확정
person:루드밀라,F731,사실,정의,char:193,154,21,,,,확정
person:루드밀라,D1499,기준,관계,event_alonesurvivor,256,56,,,person:토브,확정
person:루드밀라,D1500,변화,관계,event_alonesurvivor,256,56,,,person:토브,확정
person:루드밀라,F1205,사실,정의,event_alonesurvivor,256,56,,,,확정
person:루드밀라,F1206,사실,정의,event_alonesurvivor,256,56,,,,확정
person:루드밀라,F1207,사실,정의,event_alonesurvivor,256,56,,,,확정
person:루드밀라,F1208,사실,정의,event_alonesurvivor,256,56,,,,확정
person:루드밀라,D2078,관계 상대,관계,char:192,257,56,,,person:토브,확정
person:루드밀라,D2081,변화,관계,char:192,257,56,,,person:토브,확정
person:루드밀라,E1608,떡밥,재언급,char:192,257,56,,,,확정
person:루드밀라,E1609,떡밥,재언급,char:192,257,56,,,,확정
person:루드밀라,F1209,사실,정의,char:192,257,56,,,,확정
person:루드밀라,F1210,사실,정의,char:192,257,56,,,,확정
person:루드밀라,F1211,사실,정의,char:192,257,56,,,,확정
person:루드밀라,O124,마무리,관계,char:192,257,56,H15,,,확정
person:루드밀라,D1509,기준,관계,event_neverland1,258,57,,,person:미카,확정
person:루드밀라,D1510,변화,신념,event_neverland1,258,57,,,,확정
person:루드밀라,E1344,떡밥,암시,event_neverland1,258,57,,,,확정
person:루드밀라,E1345,떡밥,암시,event_neverland1,258,57,,,,확정
person:루드밀라,F1212,사실,정의,event_neverland1,258,57,,,,확정
person:루드밀라,F1218,사실,정의,event_neverland1,258,57,,,,확정
person:루드밀라,F1220,사실,정의,event_neverland1,258,57,,,,확정
person:루드밀라,F1221,사실,정의,event_neverland1,258,57,,,,확정
person:루드밀라,D2082,변화,신념,char:194,259,57,,,,확정
person:루드밀라,D2083,변화,관계,char:194,259,57,,,person:지휘관,확정
person:루드밀라,F513-2,사건,드러냄,char:194,259,57,,,,확정
person:루드밀라,F1222,사실,정의,char:194,259,57,,,,확정
person:루드밀라,F1223,사실,정의,char:194,259,57,,,,확정
person:루드밀라,F1224,사실,정의,char:194,259,57,,,,확정
person:루드밀라,O10,마무리,성장,char:194,259,57,,,,확정
person:루드밀라,F1483,사실,정의,event_goldencoinrush1,300,75,,,,확정
person:루드밀라,F1490,사실,정의,event_goldencoinrush1,300,75,,,,확정
person:루드밀라,F1494,사실,정의,char:195,302,76,,,,확정
person:루드밀라,F2871,사실,정의,char:871,477,155,,,,확정
person:루루,F980,사실,정의,event_nyanyaparadise,212,42,,,,확정
person:루마니,F617,사실,정의,char:241,121,17,,,,확정
person:루마니,D1591,기준,성격,event_lifeagain,332,89,,,,확정
person:루마니,D1592,기준,신념,event_lifeagain,332,89,,,,확정
person:루마니,D1593,기준,관계,event_lifeagain,332,89,,,person:지휘관,확정
person:루마니,F1620,사실,정의,event_lifeagain,332,89,,,,확정
person:루마니,F1621,사실,정의,event_lifeagain,332,89,,,,확정
person:루마니,F1622,사실,정의,event_lifeagain,332,89,,,,확정
person:루마니,D2134,변화,관계,char:240,333,89,,,person:지휘관,확정
person:루마니,F1623,사실,정의,char:240,333,89,,,,확정
person:루비,F1250,사실,정의,event_lionheart,263,61,,,,확정
person:루시안,D1662,관계 상대,관계,fl:terminus_ticket,425,131,,,person:노라,확정
person:루시안,D1663,관계 상대,관계,fl:terminus_ticket,425,131,,,person:노라,확정
person:루시안,F2354,사실,정의,fl:terminus_ticket,425,131,,,,확정
person:루시안,F2356,사실,정의,fl:terminus_ticket,425,131,,J58,,확정
person:루시안,F2902,사실,정의,fl:terminus_ticket,425,131,,,,확정
person:루주,F945,사실,정의,event_BunnyX777,204,37,,,,확정
person:루주,F946,사실,정의,event_BunnyX777,204,37,,,,확정
person:루주,E1367,떡밥,재언급,event_goldencoinrush1,300,75,,,,확정
person:루주,F1482,사실,정의,event_goldencoinrush1,300,75,,,,확정
person:루주,F1491,사실,정의,char:314,301,75,,,,확정
person:루주,F1492,사실,정의,char:314,301,75,,,,확정
person:루주,F1493,사실,정의,char:314,301,75,,,,확정
person:루주,D2128,변화,신념,event_jinxplayer,325,86,,,,확정
person:루주,D2129,변화,관계,event_jinxplayer,325,86,,,person:지휘관,확정
person:루주,F1602,사실,정의,event_jinxplayer,325,86,,,,확정
person:루주,F1603,사실,정의,event_jinxplayer,325,86,,,,확정
person:루주,D2130,변화,신념,char:272,327,86,,,,확정
person:루주,D2131,변화,관계,char:272,327,86,,,person:지휘관,확정
person:루주,F1606,사실,정의,char:272,327,86,,,,확정
person:루주,O150,마무리,성장,char:272,327,86,H18,,,확정
person:루주,O170,마무리,관계,char:272,327,86,H18,,,확정
person:루주,D820,기준,성격,fl:coins_in_rush,404,122,,,,확정
person:루주,D821,기준,관계,fl:coins_in_rush,404,122,,,person:지휘관,확정
person:루주,D822,변화,관계,fl:coins_in_rush,404,122,,,person:지휘관,확정
person:루주,E856,떡밥,재언급,fl:coins_in_rush,404,122,,,,확정
person:루크,D1267,기준,관계,fl:ark_ranger,462,148,,,person:아크레인저_블랙,확정
person:루크,D1268,변화,관계,fl:ark_ranger,462,148,,,person:아크레인저_블랙,확정
person:루크,D1269,변화,신념,fl:ark_ranger,462,148,,,,확정
person:루크,F2739,사실,정의,fl:ark_ranger,462,148,,,,확정
person:루크,F2743,사실,정의,fl:ark_ranger,462,148,,,,확정
person:루크,F2745,사실,정의,fl:ark_ranger,462,148,,,,확정
person:루피,D122,기준,성격,ch15,75,16,,,,확정
person:루피,F387,사실,정의,ch15,75,16,,,,확정
person:루피,D1365,관계 상대,관계,char:202,91,17,,,person:도라,확정
person:루피,D1803,기준,관계,char:200,97,17,,,person:지휘관,확정
person:루피,D1804,변화,관계,char:200,97,17,,,person:지휘관,확정
person:루피,D1805,기준,신념,char:200,97,17,,,,확정
person:루피,F516,사실,정의,char:200,97,17,,,,확정
person:루피,F518,사실,정의,char:200,97,17,,,,확정
person:루피,F519,사실,정의,char:200,97,17,,,,확정
person:루피,F520,사실,정의,char:200,97,17,,,,확정
person:루피,D1418,기준,관계,event_miraclesnow1,153,21,,,person:앤,확정
person:루피,E1294,떡밥,암시,event_miraclesnow1,153,21,,,,확정
person:루피,F724,사실,정의,event_miraclesnow1,153,21,,,,확정
person:루피,F725,사실,정의,event_miraclesnow1,153,21,,,,확정
person:루피,D1972,변화,관계,char:203,155,21,,,person:지휘관,확정
person:루피,D1973,변화,관계,char:203,155,21,,,person:지휘관,확정
person:루피,F733,사실,정의,char:203,155,21,,,,확정
person:루피,O112,마무리,관계,char:203,155,21,,,,확정
person:루피,F1001,사실,정의,sub:상인연합_달란트_00,215,43,,,,확정
person:루피,F1485,사실,정의,event_goldencoinrush1,300,75,,,,확정
person:루피,D1568,관계 상대,관계,event_juveniledays,317,81,,,person:아인,확정
person:루피,D1570,기준,관계,event_juveniledays,317,81,,,person:아인,확정
person:루피,F1576,사실,정의,event_juveniledays,317,81,,,,확정
person:루피,D2117,변화,관계,char:391,318,81,,,person:아인,확정
person:루피,F1581,사실,정의,char:391,318,81,,,,확정
person:루피,F1582,사실,정의,char:391,318,81,,,,확정
person:루피,F1599,사실,정의,char:831,323,84,,,,확정
person:루피,F2529,사실,정의,fl:2x2_love_2ch,445,141,,,,확정
person:리버렐리오,D196,기준,성격,ch20,164,26,,,,확정
person:리버렐리오,D197,관계 상대,관계,ch20,164,26,,,person:니힐리스타,확정
person:리버렐리오,F768,사실,정의,ch20,164,26,뒤집힘,,,확정
person:리버렐리오,F769,사실,정의,ch20,164,26,,,,확정
person:리버렐리오,F770,사실,정의,ch20,164,26,뒤집힘,,,확정
person:리버렐리오,F838,사실,정의,char:261,184,32,,,,확정
person:리버렐리오,F843,사실,정의,char:261,184,32,,,,확정
person:리버렐리오,F1636,사실,정의,ch33,334,90,,J10,,확정
person:리버렐리오,F1641,사실,정의,relic:소녀의일기-절망편-,335,90,,J10,,확정
person:리버렐리오,D791,관계 상대,관계,ch40,398,119,,,person:베히모스,확정
person:리버렐리오,E818,떡밥,암시,ch40,398,119,,,,확정
person:리버렐리오,E821,떡밥,재언급,ch40,398,119,,,,확정
person:리버렐리오,F2074,사실,정의,ch40,398,119,,J3,,확정
person:리버렐리오,F2078,사실,정의,ch40,398,119,,,,확정
person:리버렐리오,F2080,사실,정의,ch40,398,119,,,,확정
person:리버렐리오,F2081,사실,정의,ch40,398,119,,,,확정
person:리버렐리오,F2082,사실,정의,ch40,398,119,,,,확정
person:리버렐리오,F2083,사실,정의,ch40,398,119,,,,확정
person:리버렐리오,F2084,사실,정의,ch40,398,119,,,,확정
person:리버렐리오,F2888,사실,정의,ch40,398,119,,,,확정
person:리버렐리오,Q272,의문,정의,ch40,398,119,일부,J15,,확정
person:리버렐리오,Q273,의문,정의,ch40,398,119,일부,J15,,확정
person:리버렐리오,E891,떡밥,암시,side:eden_spear,411,126,,,,확정
person:리버렐리오,F768-2,사건,뒤집음,side:eden_spear,411,126,,,,확정
person:리버렐리오,F770-2,사건,뒤집음,side:eden_spear,411,126,,,,확정
person:리버렐리오,F2162,사실,정의,side:eden_spear,411,126,,,,확정
person:리버렐리오,F2168,사실,정의,side:eden_spear,411,126,,,,확정
person:리버렐리오,F2169,사실,정의,side:eden_spear,411,126,,,,확정
person:리버렐리오,F2170,사실,정의,side:eden_spear,411,126,,J8,,확정
person:리버렐리오,F2171,사실,정의,side:eden_spear,411,126,,,,확정
person:리버렐리오,F2172,사실,정의,side:eden_spear,411,126,,J15,,확정
person:리버렐리오,Q272-2,사건,회수,side:eden_spear,411,126,,,,확정
person:리버렐리오,Q273-2,사건,회수,side:eden_spear,411,126,,,,확정
person:리버렐리오,D850,기준,관계,ch41,414,127,,,person:지휘관,확정
person:리버렐리오,D851,기준,신념,ch41,414,127,,,,확정
person:리버렐리오,E895,떡밥,재언급,ch41,414,127,,,,확정
person:리버렐리오,F2186,사실,정의,ch41,414,127,,,,확정
person:리버렐리오,F2187,사실,정의,ch41,414,127,,J15,,확정
person:리버렐리오,F2188,사실,정의,ch41,414,127,,,,확정
person:리버렐리오,F2189,사실,정의,ch41,414,127,,,,확정
person:리버렐리오,F2190,사실,정의,ch41,414,127,,,,확정
person:리버렐리오,F2196,사실,정의,ch41,414,127,,,,확정
person:리버렐리오,F2197,사실,정의,ch41,414,127,,,,확정
person:리버렐리오,Q272-3,사건,회수,ch41,414,127,,,,확정
person:리버렐리오,Q273-3,사건,회수,ch41,414,127,,,,확정
person:리버렐리오,Q288,의문,정의,ch41,414,127,일부,J15,,확정
person:리버렐리오,D877,기준,관계,ch42,416,128,,,person:신데렐라,확정
person:리버렐리오,D878,관계 상대,관계,ch42,416,128,,,person:신데렐라,확정
person:리버렐리오,D879,변화,신념,ch42,416,128,,,,확정
person:리버렐리오,E914,떡밥,암시,ch42,416,128,,,,확정
person:리버렐리오,E915,떡밥,암시,ch42,416,128,,,,확정
person:리버렐리오,E916,떡밥,암시,ch42,416,128,,,,확정
person:리버렐리오,E929,떡밥,암시,ch42,416,128,,,,확정
person:리버렐리오,F2213,사실,정의,ch42,416,128,,,,확정
person:리버렐리오,F2214,사실,정의,ch42,416,128,,J2 J10,,확정
person:리버렐리오,F2215,사실,정의,ch42,416,128,,,,확정
person:리버렐리오,F2217,사실,정의,ch42,416,128,,,,확정
person:리버렐리오,F2218,사실,정의,ch42,416,128,,,,확정
person:리버렐리오,F2220,사실,정의,ch42,416,128,,,,확정
person:리버렐리오,F2226,사실,정의,ch42,416,128,,,,확정
person:리버렐리오,F2231,사실,정의,ch42,416,128,,,,확정
person:리버렐리오,F2251,사실,정의,ch42,416,128,,,,확정
person:리버렐리오,Q288-2,사건,회수,ch42,416,128,,,,확정
person:리버렐리오,Q295,의문,정의,ch42,416,128,풀림,J13,,확정
person:리버렐리오,F2260,사실,정의,event_goddessfall1,418,128,,J13,,확정
person:리버렐리오,F2268,사실,정의,event_goddessfall1,418,128,,J13,,확정
person:리버렐리오,F2269,사실,정의,event_goddessfall1,418,128,,,,확정
person:리버렐리오,F2278,사실,정의,event_goddessfall1,418,128,,J3,,확정
person:리버렐리오,Q295-2,사건,회수,event_goddessfall1,418,128,,,,확정
person:리버렐리오,D2191,변화,관계,char:262,422,129,,,person:지휘관,확정
person:리버렐리오,E1627,떡밥,재언급,char:262,422,129,,,,확정
person:리버렐리오,F2344,사실,정의,char:262,422,129,,,,확정
person:리버렐리오,F2345,사실,정의,char:262,422,129,,,,확정
person:리버렐리오,F2377,사실,정의,fl:ark_guardian,428,133,,,,확정
person:리버렐리오,Q311,의문,정의,fl:ark_guardian,428,133,열림,J15,,확정
person:리버렐리오,D1048,기준,관계,ch44,436,138,,,person:퀸,확정
person:리버렐리오,D1049,변화,신체,ch44,436,138,,,,확정
person:리버렐리오,F2435,사실,정의,ch44,436,138,,J13,,확정
person:리버렐리오,Q295-3,사건,회수,ch44,436,138,,,,확정
person:리버렐리오,E1082,떡밥,재언급,ch45,450,143,,,,확정
person:리버렐리오,E1099,떡밥,재언급,ch46,452,144,,,,확정
person:리버렐리오,E1101,떡밥,암시,ch46,452,144,,,,확정
person:리버렐리오,F2377-2,사건,드러냄,ch46,452,144,,,,확정
person:리버렐리오,F2435-2,사건,드러냄,ch46,452,144,,,,확정
person:리버렐리오,F2622,사실,정의,ch46,452,144,,,,확정
person:리버렐리오,F2634,사실,정의,ch46,452,144,,,,확정
person:리버렐리오,F2810,사실,정의,ch47,470,153,,,,확정
person:리버렐리오,F2825,사실,정의,ch48,472,154,,,,확정
person:리버렐리오,F2826,사실,정의,ch48,472,154,,,,확정
person:리버렐리오,F2839,사실,정의,ch48,472,154,,,,확정
person:리버린,D376,기준,성격,ch27,270,65,,,,확정
person:리버린,D380,기준,신념,ch27,270,65,,,,확정
person:리버린,E325,떡밥,암시,ch27,270,65,,,,확정
person:리버린,E326,떡밥,암시,ch27,270,65,,,,확정
person:리버린,E331,떡밥,암시,ch27,270,65,,,,확정
person:리버린,F1291,사실,정의,ch27,270,65,,,,확정
person:리버린,F1292,사실,정의,ch27,270,65,,,,확정
person:리버린,F1293,사실,정의,ch27,270,65,,,,확정
person:리버린,F1301,사실,정의,ch27,270,65,,,,확정
person:리버린,Q164,의문,정의,ch27,270,65,풀림,J17,,확정
person:리버린,U194,생활상,경제,ch27,270,65,,,,확정
person:리버린,U195,생활상,방주 사회,ch27,270,65,,,,확정
person:리버린,D388,기준,관계,ch28,275,66,,,person:지휘관,확정
person:리버린,D390,관계 상대,관계,ch28,275,66,,,person:일레그,확정
person:리버린,E335,떡밥,암시,ch28,275,66,,,,확정
person:리버린,E338,떡밥,암시,ch28,275,66,,,,확정
person:리버린,F1309,사실,정의,ch28,275,66,,,,확정
person:리버린,F1311,사실,정의,ch28,275,66,,,,확정
person:리버린,F1313,사실,정의,ch28,275,66,,,,확정
person:리버린,F1314,사실,정의,ch28,275,66,,,,확정
person:리버린,F1318,사실,정의,ch28,275,66,,,,확정
person:리버린,F1319,사실,정의,ch28,275,66,,,,확정
person:리버린,F1322,사실,정의,ch28,275,66,,,,확정
person:리버린,D426,관계 상대,관계,ch29,291,72,,,person:프레자일,확정
person:리버린,E368,떡밥,암시,ch29,291,72,,,,확정
person:리버린,E373,떡밥,재언급,ch29,291,72,,,,확정
person:리버린,E375,떡밥,암시,ch29,291,72,,,,확정
person:리버린,E377,떡밥,암시,ch29,291,72,,,,확정
person:리버린,F1381,사실,정의,ch29,291,72,,,,확정
person:리버린,F1383,사실,정의,ch29,291,72,,,,확정
person:리버린,F1386,사실,정의,ch29,291,72,,,,확정
person:리버린,F1388,사실,정의,ch29,291,72,,,,확정
person:리버린,F1392,사실,정의,ch29,291,72,,,,확정
person:리버린,D431,관계 상대,관계,ch30,293,73,,,person:프레자일,확정
person:리버린,D432,관계 상대,관계,ch30,293,73,,,person:프레자일,확정
person:리버린,D433,기준,관계,ch30,293,73,,,person:프레자일,확정
person:리버린,E382,떡밥,암시,ch30,293,73,,,,확정
person:리버린,E383,떡밥,암시,ch30,293,73,,,,확정
person:리버린,E389,떡밥,암시,ch30,293,73,,,,확정
person:리버린,E390,떡밥,암시,ch30,293,73,,,,확정
person:리버린,F1397,사실,정의,ch30,293,73,,,,확정
person:리버린,F1398,사실,정의,ch30,293,73,,,,확정
person:리버린,F1399,사실,정의,ch30,293,73,,J17,,확정
person:리버린,F1400,사실,정의,ch30,293,73,,J17,,확정
person:리버린,F1400-2,사건,드러냄,ch30,293,73,,,,확정
person:리버린,F1401,사실,정의,ch30,293,73,,,,확정
person:리버린,F1402,사실,정의,ch30,293,73,,,,확정
person:리버린,F1404,사실,정의,ch30,293,73,,,,확정
person:리버린,F1413,사실,정의,ch30,293,73,,,,확정
person:리버린,F1416,사실,정의,ch30,293,73,,,,확정
person:리버린,F1419,사실,정의,ch30,293,73,,,,확정
person:리버린,Q164-2,사건,회수,ch30,293,73,,,,확정
person:리버린,U216,생활상,경제,ch30,293,73,,,,확정
person:리버린,F2089,사실,정의,ch40,398,119,,,,확정
person:리버린,F2090,사실,정의,ch40,398,119,,,,확정
person:리버린,Q275,의문,정의,ch40,398,119,일부,J17,,확정
person:리버린,D864,기준,관계,ch41,414,127,,,person:해머링,확정
person:리버린,D865,변화,관계,ch41,414,127,,,person:식스오,확정
person:리버린,E903,떡밥,재언급,ch41,414,127,,,,확정
person:리버린,F2207,사실,정의,ch41,414,127,,J17,,확정
person:리버린,F2208,사실,정의,ch41,414,127,,,,확정
person:리버린,Q275-2,사건,회수,ch41,414,127,,,,확정
person:리버린,Q275-3,사건,회수,ch41,414,127,,,,확정
person:리버린,Q292,의문,정의,ch41,414,127,열림,J17,,확정
person:리버린,D897,관계 상대,관계,ch42,416,128,,,person:E.H.,확정
person:리버린,E923,떡밥,재언급,ch42,416,128,,,,확정
person:리버린,F2233,사실,정의,ch42,416,128,,,,확정
person:리버린,F2239,사실,정의,ch42,416,128,,,,확정
person:리버린,Q275-4,사건,회수,ch43,434,137,,,,확정
person:리버린,D1061,변화,성격,ch44,436,138,,,,확정
person:리버린,D1062,관계 상대,관계,ch44,436,138,,,person:프레자일,확정
person:리버린,D1063,변화,신념,ch44,436,138,,,,확정
person:리버린,D1067,변화,관계,ch44,436,138,,,person:해머링,확정
person:리버린,F1398-2,사건,드러냄,ch44,436,138,,,,확정
person:리버린,F2451,사실,정의,ch44,436,138,,,,확정
person:리버린,F2452,사실,정의,ch44,436,138,,,,확정
person:리버린,F2453,사실,정의,ch44,436,138,,,,확정
person:리버린,F2456,사실,정의,ch44,436,138,,,,확정
person:리버린,F2459,사실,정의,ch44,436,138,,,,확정
person:리버린,U375,생활상,경제,ch44,436,138,,,,확정
person:리버린,D1143,변화,신념,ch45,450,143,,,,확정
person:리버린,D1144,변화,신체,ch45,450,143,,,,확정
person:리버린,D1145,관계 상대,관계,ch45,450,143,,,person:프레자일,확정
person:리버린,E1091,떡밥,재언급,ch45,450,143,,,,확정
person:리버린,E1092,떡밥,재언급,ch45,450,143,,,,확정
person:리버린,F2602,사실,정의,ch45,450,143,,,,확정
person:리버린,F2604,사실,정의,ch45,450,143,,,,확정
person:리버린,O63,마무리,갈등,ch45,450,143,,,,확정
person:리스,E1062,떡밥,암시,side:pretty_star,447,142,,,,확정
person:리스,D1191,기준,관계,event_staranis1,454,144,,,person:아니스,확정
person:리스,D1192,기준,성격,event_staranis1,454,144,,,,확정
person:리스,D1193,관계 상대,관계,event_staranis1,454,144,,,person:아니스,확정
person:리스,D1194,관계 상대,관계,event_staranis1,454,144,,,person:아니스,확정
person:리스,D1195,기준,신념,event_staranis1,454,144,,,,확정
person:리스,D1206,기준,관계,event_staranis1,454,144,,,person:요요,확정
person:리스,D1217,변화,관계,event_staranis1,454,144,,,person:아니스,확정
person:리스,D1218,변화,신체,event_staranis1,454,144,,,,확정
person:리스,E1129,떡밥,암시,event_staranis1,454,144,,,,확정
person:리스,E1139,떡밥,암시,event_staranis1,454,144,,,,확정
person:리스,E1146,떡밥,암시,event_staranis1,454,144,,,,확정
person:리스,E1161,떡밥,재언급,event_staranis1,454,144,,,,확정
person:리스,F2679,사실,정의,event_staranis1,454,144,,,,확정
person:리스,F2682,사실,정의,event_staranis1,454,144,,,,확정
person:리스,F2685,사실,정의,event_staranis1,454,144,,,,확정
person:리스,F2692,사실,정의,event_staranis1,454,144,,,,확정
person:리스,F2695,사실,정의,event_staranis1,454,144,,J24,,확정
person:리스,F2696,사실,정의,event_staranis1,454,144,,,,확정
person:리스,F2697,사실,정의,event_staranis1,454,144,,,,확정
person:리스,F2698,사실,정의,event_staranis1,454,144,,J24,,확정
person:리스,F2699,사실,정의,event_staranis1,454,144,,,,확정
person:리스,F2707,사실,정의,event_staranis1,454,144,,,,확정
person:리안,D119,기준,관계,ch14,69,15,,,person:슈엔,확정
person:리안,F379,사실,정의,ch14,69,15,,,,확정
person:리안,F395,사실,정의,ch15,75,16,,,,확정
person:리안,D1605,기준,성격,event_secretgarden,345,93,,,,확정
person:리안,D1606,기준,관계,event_secretgarden,345,93,,,person:플로라,확정
person:리안,D1607,변화,관계,event_secretgarden,345,93,,,person:플로라,확정
person:리안,F1722,사실,정의,event_secretgarden,345,93,,,,확정
person:리안,F1723,사실,정의,event_secretgarden,345,93,,,,확정
person:리안,F1724,사실,정의,event_secretgarden,345,93,,,,확정
person:리오,F1745,사실,정의,event_footstepwalkrun1,350,96,,,,확정
person:리오,F1748,사실,정의,event_footstepwalkrun1,350,96,,J24,,확정
person:리오,F1749,사실,정의,event_footstepwalkrun1,350,96,,,,확정
person:리오,F1748-2,사건,드러냄,side:pretty_star,447,142,,,,확정
person:리타,F266,사실,정의,sub:미실리스_연구팀_00,44,10,,,,확정
person:리타,D1806,기준,신념,char:82,98,17,,,,확정
person:리타,D1807,기준,관계,char:82,98,17,,,person:아니스,확정
person:리타,D1808,기준,관계,char:82,98,17,,,person:센티,확정
person:리타,F521,사실,정의,char:82,98,17,,,,확정
person:리타,F522,사실,정의,char:82,98,17,,,,확정
person:리타,F523,사실,정의,char:82,98,17,,,,확정
person:리타,F525,사실,정의,char:82,98,17,,,,확정
person:리타,D83,기준,성격,sub:미실리스_연구팀_02,162,25,,,,확정
person:리타,F270,사실,정의,sub:미실리스_연구팀_02,162,25,,,,확정
person:리타,F825,사실,정의,event_bowwowparadise,181,31,,,,확정
person:리타,D268,기준,관계,event_bluewaterisland,209,40,,,person:지휘관,확정
person:리타,E210,떡밥,암시,event_bluewaterisland,209,40,,,,확정
person:리타,F966,사실,정의,event_bluewaterisland,209,40,,,,확정
person:리타,F978,사실,정의,char:14,211,41,,,,확정
person:리타,F1050,사실,정의,event_seayouagain1,226,45,,J50,,확정
person:리타,F1051,사실,정의,event_seayouagain1,226,45,,,,확정
person:리타,F1052,사실,정의,event_seayouagain1,226,45,,,,확정
person:리타,F1094,사실,정의,char:33,240,53,,,,확정
person:리타,F1305,사실,정의,sub:피라_02,272,65,,,,확정
person:리타,D1633,관계 상대,관계,fl:for_rest,365,104,,,person:트리나,확정
person:리타,D1634,변화,신념,fl:for_rest,365,104,,,,확정
person:리타,D1635,변화,관계,fl:for_rest,365,104,,,person:센티,확정
person:리타,E1423,떡밥,암시,fl:for_rest,365,104,,,,확정
person:리타,E1425,떡밥,암시,fl:for_rest,365,104,,,,확정
person:리타,E1426,떡밥,재언급,fl:for_rest,365,104,,,,확정
person:리타,F523-2,사건,드러냄,fl:for_rest,365,104,,,,확정
person:리타,F1827,사실,정의,fl:for_rest,365,104,,,,확정
person:리타,F1830,사실,정의,fl:for_rest,365,104,,,,확정
person:리타,F1831,사실,정의,fl:for_rest,365,104,,,,확정
person:리틀_머메이드,F1654,사실,정의,ch34,336,91,,J12,,확정
person:리틀_머메이드,F1654-2,사건,드러냄,event_oldtales1,338,91,,,,확정
person:리틀_머메이드,F1665,사실,정의,event_oldtales1,338,91,,,,확정
person:리틀_머메이드,F1666,사실,정의,event_oldtales1,338,91,,,,확정
person:리틀_머메이드,F1668,사실,정의,event_oldtales1,338,91,,,,확정
person:리틀_머메이드,F1671,사실,정의,event_oldtales1,338,91,,,,확정
person:리틀_머메이드,F1673,사실,정의,event_oldtales1,338,91,,,,확정
person:리틀_머메이드,F1683,사실,정의,event_oldtales1,338,91,,,,확정
person:리틀_머메이드,F1687,사실,정의,event_oldtales1,338,91,,,,확정
person:리틀_머메이드,F1689,사실,정의,event_oldtales1,338,91,,,,확정
person:리틀_머메이드,F1690,사실,정의,event_oldtales1,338,91,,,,확정
person:리틀_머메이드,F1692,사실,정의,event_oldtales1,338,91,,,,확정
person:리틀_머메이드,F1710,사실,정의,erelic:old_tales_mini_memory,341,91,,,,확정
person:리틀_머메이드,F1710-2,사건,드러냄,side:mudfish,370,107,,,,확정
person:리틀_머메이드,F1846,사실,정의,side:mudfish,370,107,,,,확정
person:리틀_머메이드,F1847,사실,정의,side:mudfish,370,107,,,,확정
person:리틀_머메이드,F1848,사실,정의,side:mudfish,370,107,,,,확정
person:리틀_머메이드,F1849,사실,정의,side:mudfish,370,107,,J10,,확정
person:리틀_머메이드,Q236,의문,정의,side:mudfish,370,107,풀림,J12,,확정
person:리틀_머메이드,Q236-2,사건,회수,event_unbreakablesphere1,377,109,,,,확정
person:리틀_머메이드,F1910,사실,정의,char:513,380,109,,,,확정
person:리틀_머메이드,F1911,사실,정의,char:513,380,109,,,,확정
person:리틀_머메이드,F1912,사실,정의,char:513,380,109,,,,확정
person:리틀_머메이드,F1913,사실,정의,char:513,380,109,,,,확정
person:리틀_머메이드,F1914,사실,정의,char:513,380,109,,,,확정
person:리틀_머메이드,F1923,사실,정의,char:162,382,110,,,,확정
person:리틀_머메이드,F1924,사실,정의,char:162,382,110,,,,확정
person:리틀_머메이드,Q246,의문,정의,char:162,382,110,일부,J23,,확정
person:리틀_머메이드,Q246-2,사건,회수,char:162,382,110,,,,확정
person:리틀_머메이드,F2173,사실,정의,side:eden_spear,411,126,,J12,,확정
person:리틀_머메이드,F2193,사실,정의,ch41,414,127,,,,확정
person:리틀_머메이드,F2216,사실,정의,ch42,416,128,,,,확정
person:리틀_머메이드,F2218,사실,정의,ch42,416,128,,,,확정
person:리틀_머메이드,F2219,사실,정의,ch42,416,128,,,,확정
person:리틀_머메이드,F2221,사실,정의,ch42,416,128,,,,확정
person:리틀_머메이드,F2222,사실,정의,ch42,416,128,,,,확정
person:리틀_머메이드,F2224,사실,정의,ch42,416,128,,,,확정
person:리틀_머메이드,F2229,사실,정의,ch42,416,128,,,,확정
person:리틀_머메이드,F2250,사실,정의,ch42,416,128,,J12,,확정
person:리틀_머메이드,Q294,의문,정의,ch42,416,128,일부,J12,,확정
person:리틀_머메이드,Q294-2,사건,회수,ch42,416,128,,,,확정
person:리틀_머메이드,F2750,사실,정의,fl:wave_to_you,464,149,,,,확정
person:리틀_머메이드,F2751,사실,정의,fl:wave_to_you,464,149,,,,확정
person:리틀_머메이드,F2761,사실,정의,fl:wave_to_you,464,149,,,,확정
person:리틀_머메이드,F2762,사실,정의,fl:wave_to_you,464,149,,,,확정
person:리틀_머메이드,F2764,사실,정의,fl:wave_to_you,464,149,,,,확정
person:린네,E1419,떡밥,암시,fl:for_rest,365,104,,,,확정
person:린네,E1422,떡밥,암시,fl:for_rest,365,104,,,,확정
person:린네,E1427,떡밥,암시,fl:for_rest,365,104,,,,확정
person:린네,F1825,사실,정의,fl:for_rest,365,104,,,,확정
person:린네,F1826,사실,정의,fl:for_rest,365,104,,,,확정
person:린네,F1827,사실,정의,fl:for_rest,365,104,,,,확정
person:릴리,E767,떡밥,암시,event_ce006,387,113,,,,확정
person:릴리,F1976,사실,정의,event_ce006,387,113,,,,확정
person:릴리,F1979,사실,정의,event_ce006,387,113,,,,확정
person:릴리,D1643,변화,관계,char:852,388,113,,,person:일레그,확정
person:릴리,F1979-2,사건,드러냄,char:852,388,113,,,,확정
person:릴리바이스,D1378,관계 상대,관계,char:221,94,17,,,person:라푼젤,확정
person:릴리바이스,E1257,떡밥,암시,char:221,94,17,,,,확정
person:릴리바이스,D254,변화,신체,event_overzone,200,36,,,,확정
person:릴리바이스,E190,떡밥,재언급,event_overzone,200,36,,,,확정
person:릴리바이스,E194,떡밥,암시,event_overzone,200,36,,,,확정
person:릴리바이스,F907,사실,정의,event_overzone,200,36,,J6,,확정
person:릴리바이스,F908,사실,정의,event_overzone,200,36,,,,확정
person:릴리바이스,D256,관계 상대,관계,erelic:white_memory,201,36,,,person:스노우_화이트,확정
person:릴리바이스,D258,변화,신체,erelic:white_memory,201,36,,,,확정
person:릴리바이스,E1309,떡밥,암시,char:233,202,36,,,,확정
person:릴리바이스,D341,기준,성격,event_redash,251,55,,,,확정
person:릴리바이스,D342,기준,관계,event_redash,251,55,,,person:엔더슨,확정
person:릴리바이스,D343,기준,관계,event_redash,251,55,,,,확정
person:릴리바이스,D344,기준,신체,event_redash,251,55,,,,확정
person:릴리바이스,E283,떡밥,암시,event_redash,251,55,,,,확정
person:릴리바이스,E284,떡밥,암시,event_redash,251,55,,,,확정
person:릴리바이스,E288,떡밥,암시,event_redash,251,55,,,,확정
person:릴리바이스,E293,떡밥,암시,event_redash,251,55,,,,확정
person:릴리바이스,E297,떡밥,암시,event_redash,251,55,,,,확정
person:릴리바이스,F1144,사실,정의,event_redash,251,55,,,,확정
person:릴리바이스,F1147,사실,정의,event_redash,251,55,,,,확정
person:릴리바이스,F1149,사실,정의,event_redash,251,55,,,,확정
person:릴리바이스,F1151,사실,정의,event_redash,251,55,,,,확정
person:릴리바이스,F1152,사실,정의,event_redash,251,55,,,,확정
person:릴리바이스,F1159,사실,정의,event_redash,251,55,,,,확정
person:릴리바이스,F1160,사실,정의,event_redash,251,55,,,,확정
person:릴리바이스,F1163,사실,정의,event_redash,251,55,,,,확정
person:릴리바이스,F1167,사실,정의,event_redash,251,55,,,,확정
person:릴리바이스,D356,관계 상대,관계,erelic:red_ash_lost,252,55,,,person:엔더슨,확정
person:릴리바이스,E305,떡밥,재언급,erelic:red_ash_lost,252,55,,,,확정
person:릴리바이스,F908-2,사건,드러냄,erelic:red_ash_lost,252,55,,,,확정
person:릴리바이스,F1177,사실,정의,erelic:red_ash_lost,252,55,,,,확정
person:릴리바이스,F1179,사실,정의,erelic:red_ash_lost,252,55,,,,확정
person:릴리바이스,F1181,사실,정의,erelic:red_ash_lost,252,55,,J30,,확정
person:릴리바이스,F1182,사실,정의,erelic:red_ash_lost,252,55,,,,확정
person:릴리바이스,F1183,사실,정의,erelic:red_ash_lost,252,55,,,,확정
person:릴리바이스,F1184,사실,정의,erelic:red_ash_lost,252,55,,,,확정
person:릴리바이스,Q159,의문,정의,erelic:red_ash_lost,252,55,풀림,J6,,확정
person:릴리바이스,F1192,사실,정의,char:470,254,55,,,,확정
person:릴리바이스,F1193,사실,정의,char:470,254,55,,,,확정
person:릴리바이스,D1486,기준,관계,char:224,255,55,,,person:스노우_화이트,확정
person:릴리바이스,D1489,관계 상대,관계,char:224,255,55,,,person:스노우_화이트,확정
person:릴리바이스,F1197,사실,정의,char:224,255,55,,,,확정
person:릴리바이스,F1198,사실,정의,char:224,255,55,,,,확정
person:릴리바이스,F1199,사실,정의,char:224,255,55,,,,확정
person:릴리바이스,F1200,사실,정의,char:224,255,55,,,,확정
person:릴리바이스,F1201,사실,정의,char:224,255,55,,,,확정
person:릴리바이스,F1181-2,사건,드러냄,event_newyearnewsword,261,59,,,,확정
person:릴리바이스,D1512,관계 상대,관계,char:225,262,60,,,person:홍련,확정
person:릴리바이스,D1513,기준,관계,char:225,262,60,,,person:홍련,확정
person:릴리바이스,F1242,사실,정의,char:225,262,60,,,,확정
person:릴리바이스,F1604,사실,정의,event_nonsensered,326,86,,,,확정
person:릴리바이스,F1152-2,사건,드러냄,event_oldtales1,338,91,,,,확정
person:릴리바이스,F1662,사실,정의,event_oldtales1,338,91,,,,확정
person:릴리바이스,F1691,사실,정의,event_oldtales1,338,91,,,,확정
person:릴리바이스,E957,떡밥,재언급,event_goddessfall1,418,128,,,,확정
person:릴리바이스,F2270,사실,정의,event_goddessfall1,418,128,,,,확정
person:릴리바이스,F2314,사실,정의,event_goddessfall1,418,128,,,,확정
person:릴리바이스,F2316,사실,정의,event_goddessfall1,418,128,,,,확정
person:릴리바이스,F2317,사실,정의,event_goddessfall1,418,128,,J7,,확정
person:릴리바이스,D978,기준,신념,fl:ark_guardian,428,133,,,,확정
person:릴리바이스,D983,관계 상대,관계,fl:ark_guardian,428,133,,,person:도로시,확정
person:릴리바이스,D984,변화,신념,fl:ark_guardian,428,133,,,,확정
person:릴리바이스,D985,변화,신체,fl:ark_guardian,428,133,,,,확정
person:릴리바이스,D991,관계 상대,관계,fl:ark_guardian,428,133,,,person:엔더슨,확정
person:릴리바이스,D992,변화,관계,fl:ark_guardian,428,133,,,person:엔더슨,확정
person:릴리바이스,D993,변화,신체,fl:ark_guardian,428,133,,,,확정
person:릴리바이스,E969,떡밥,재언급,fl:ark_guardian,428,133,,,,확정
person:릴리바이스,E978,떡밥,재언급,fl:ark_guardian,428,133,,,,확정
person:릴리바이스,E992,떡밥,암시,fl:ark_guardian,428,133,,,,확정
person:릴리바이스,F2358,사실,정의,fl:ark_guardian,428,133,,J6,,확정
person:릴리바이스,F2359,사실,정의,fl:ark_guardian,428,133,,,,확정
person:릴리바이스,F2362,사실,정의,fl:ark_guardian,428,133,,,,확정
person:릴리바이스,F2367,사실,정의,fl:ark_guardian,428,133,,,,확정
person:릴리바이스,F2368,사실,정의,fl:ark_guardian,428,133,,,,확정
person:릴리바이스,F2371,사실,정의,fl:ark_guardian,428,133,,,,확정
person:릴리바이스,F2373,사실,정의,fl:ark_guardian,428,133,,J5,,확정
person:릴리바이스,F2374,사실,정의,fl:ark_guardian,428,133,,,,확정
person:릴리바이스,O56,마무리,관계,fl:ark_guardian,428,133,,,,확정
person:릴리바이스,Q159-2,사건,회수,fl:ark_guardian,428,133,,,,확정
person:릴리바이스,D2199,관계 상대,관계,char:471,429,134,,,person:스노우_화이트,확정
person:릴리바이스,E1628,떡밥,재언급,char:471,429,134,,,,확정
person:릴리바이스,E1629,떡밥,재언급,char:471,429,134,,,,확정
person:릴리바이스,F2379,사실,정의,char:471,429,134,,,,확정
person:릴리바이스,O192,마무리,관계,char:471,429,134,,,,확정
person:릴리바이스,D1051,관계 상대,관계,ch44,436,138,,,person:엔더슨,확정
person:릴리바이스,F2421,사실,정의,ch44,436,138,,,,확정
person:릴리바이스,F2435,사실,정의,ch44,436,138,,J13,,확정
person:릴리바이스,E1051,떡밥,암시,side:pretty_star,447,142,,,,확정
person:릴리바이스,F2543,사실,정의,side:pretty_star,447,142,,,,확정
person:릴리바이스,F2543-2,사건,드러냄,ch45,450,143,,,,확정
person:릴리바이스,F2599,사실,정의,ch45,450,143,,,,확정
person:릴리바이스,F2435-2,사건,드러냄,ch46,452,144,,,,확정
person:릴리바이스,F2616,사실,정의,ch46,452,144,,,,확정
person:릴리바이스,F2653,사실,정의,ch46,452,144,,,,확정
person:릴리바이스,F2655,사실,정의,ch46,452,144,,,,확정
person:릴리바이스,F2820,사실,정의,ch47,470,153,,,,확정
person:릴리스,F494,사실,정의,char:221,94,17,,J6,,확정
person:릴리스,F681,사실,정의,ch17,140,19,,J6,,확정
person:릴리스,Q111,의문,정의,ch20,164,26,일부,J13,,확정
person:릴리스,Q111-2,사건,회수,char:261,184,32,,,,확정
person:릴리스,F907,사실,정의,event_overzone,200,36,,J6,,확정
person:릴리스,F929,사실,정의,erelic:white_memory,201,36,,,,확정
person:릴리스,F930,사실,정의,erelic:white_memory,201,36,,,,확정
person:릴리스,F931,사실,정의,erelic:white_memory,201,36,,,,확정
person:릴리스,F932,사실,정의,erelic:white_memory,201,36,,,,확정
person:릴리스,F933,사실,정의,erelic:white_memory,201,36,,,,확정
person:릴리스,F934,사실,정의,erelic:white_memory,201,36,,,,확정
person:릴리스,F2268,사실,정의,event_goddessfall1,418,128,,J13,,확정
person:릴리스,F2308,사실,정의,event_goddessfall1,418,128,,,,확정
person:릴리스,F930-2,사건,드러냄,char:471,429,134,,,,확정
person:마나,F445,사실,정의,char:212,87,17,,,,확정
person:마나,F741,사실,정의,char:260,158,24,,,,확정
person:마나,F787,사실,정의,char:400,170,26,,,,확정
person:마나,F788,사실,정의,char:400,170,26,,,,확정
person:마나,F789,사실,정의,char:401,171,26,,,,확정
person:마나,F791,사실,정의,char:401,171,26,,,,확정
person:마나,F796,사실,정의,char:402,173,26,,,,확정
person:마나,F797,사실,정의,char:402,173,26,,,,확정
person:마나,F800,사실,정의,char:402,173,26,,,,확정
person:마나,E418,떡밥,재언급,event_darkhero,298,74,,,,확정
person:마나,F1466,사실,정의,event_darkhero,298,74,,,,확정
person:마나,F1525,사실,정의,ch31,308,80,,,,확정
person:마나,F1526,사실,정의,ch31,308,80,,,,확정
person:마나,F1530,사실,정의,ch31,308,80,,,,확정
person:마나,F1535,사실,정의,ch31,308,80,,,,확정
person:마나,F1536,사실,정의,ch31,308,80,,J12,,확정
person:마나,F1530-2,사건,드러냄,ch32,310,81,,,,확정
person:마나,F1549,사실,정의,ch32,310,81,,,,확정
person:마나,D532,기준,관계,side:wordless,331,89,,,person:유니,확정
person:마나,D533,변화,관계,side:wordless,331,89,,,person:미하라,확정
person:마나,E469,떡밥,재언급,side:wordless,331,89,,,,확정
person:마나,E471,떡밥,재언급,side:wordless,331,89,,,,확정
person:마나,F1618,사실,정의,side:wordless,331,89,,,,확정
person:마나,F1619,사실,정의,side:wordless,331,89,,,,확정
person:마나,D538,기준,관계,ch33,334,90,,,person:그레이브,확정
person:마나,F1626,사실,정의,ch33,334,90,,,,확정
person:마나,F1630,사실,정의,ch33,334,90,,,,확정
person:마나,F1631,사실,정의,ch33,334,90,,,,확정
person:마나,F1659,사실,정의,ch34,336,91,,,,확정
person:마나,F1720,사실,정의,char:514,344,92,,,,확정
person:마나,D595,변화,관계,event_wisdomspring,353,98,,,person:지휘관,확정
person:마나,F1768,사실,정의,event_wisdomspring,353,98,,,,확정
person:마나,F1769,사실,정의,event_wisdomspring,353,98,,,,확정
person:마나,F1771,사실,정의,event_wisdomspring,353,98,,,,확정
person:마나,F1773,사실,정의,event_wisdomspring,353,98,,J3,,확정
person:마나,F1774,사실,정의,event_wisdomspring,353,98,,,,확정
person:마나,F1776,사실,정의,event_wisdomspring,353,98,,,,확정
person:마나,F1777,사실,정의,event_wisdomspring,353,98,,,,확정
person:마나,D2142,기준,성격,char:290,354,98,,,,확정
person:마나,D2143,변화,신념,char:290,354,98,,,,확정
person:마나,D2144,변화,관계,char:290,354,98,,,person:지휘관,확정
person:마나,F1778,사실,정의,char:290,354,98,,,,확정
person:마나,F1779,사실,정의,char:290,354,98,,,,확정
person:마나,O155,마무리,관계,char:290,354,98,,,,확정
person:마나,F1828,사실,정의,fl:for_rest,365,104,,,,확정
person:마나,F1829,사실,정의,fl:for_rest,365,104,,,,확정
person:마나,D695,기준,관계,event_unbreakablesphere1,377,109,,,person:미하라,확정
person:마나,F1883,사실,정의,event_unbreakablesphere1,377,109,,J23,,확정
person:마나,F1897,사실,정의,event_unbreakablesphere1,377,109,,,,확정
person:마나,F1899,사실,정의,event_unbreakablesphere1,377,109,,,,확정
person:마나,F1921,사실,정의,char:162,382,110,,,,확정
person:마나,F2139,사실,정의,fl:reborn_evil,407,124,,,,확정
person:마나,F2143,사실,정의,fl:reborn_evil,407,124,,,,확정
person:마르차나,D1458,기준,성격,event_schooloflock,234,50,,,,확정
person:마르차나,D1459,기준,신념,event_schooloflock,234,50,,,,확정
person:마르차나,D1460,변화,신념,event_schooloflock,234,50,,,,확정
person:마르차나,D1461,기준,관계,event_schooloflock,234,50,,,person:지휘관,확정
person:마르차나,D1462,기준,관계,event_schooloflock,234,50,,,person:트리세라,확정
person:마르차나,D1469,관계 상대,관계,event_schooloflock,234,50,,,person:에테르,확정
person:마르차나,E1325,떡밥,암시,event_schooloflock,234,50,,,,확정
person:마르차나,E1327,떡밥,암시,event_schooloflock,234,50,,,,확정
person:마르차나,E1328,떡밥,암시,event_schooloflock,234,50,,,,확정
person:마르차나,F1072,사실,정의,event_schooloflock,234,50,,,,확정
person:마르차나,F1075,사실,정의,event_schooloflock,234,50,,,,확정
person:마르차나,F1076,사실,정의,event_schooloflock,234,50,,,,확정
person:마르차나,F1077,사실,정의,event_schooloflock,234,50,,,,확정
person:마르차나,F1078,사실,정의,event_schooloflock,234,50,,,,확정
person:마르차나,F2896,사실,정의,event_schooloflock,234,50,,,,확정
person:마르차나,D2066,변화,성격,char:321,235,50,,,,확정
person:마르차나,D2067,기준,관계,char:321,235,50,,,person:라이,확정
person:마르차나,D2068,변화,관계,char:321,235,50,,,person:라이,확정
person:마르차나,F1079,사실,정의,char:321,235,50,,,,확정
person:마르차나,F1080,사실,정의,char:321,235,50,,,,확정
person:마르차나,F1085,사실,정의,char:450,237,51,,,,확정
person:마르차나,F1086,사실,정의,char:450,237,51,,,,확정
person:마르차나,E1382,떡밥,암시,event_juveniledays,317,81,,,,확정
person:마르차나,F1575,사실,정의,event_juveniledays,317,81,,,,확정
person:마르차나,F1578,사실,정의,event_juveniledays,317,81,,,,확정
person:마르차나,F1579,사실,정의,event_juveniledays,317,81,,,,확정
person:마르차나,D1579,변화,신념,event_colorless,319,82,,,,확정
person:마르차나,D1580,기준,관계,event_colorless,319,82,,,person:에테르,확정
person:마르차나,D1581,변화,관계,event_colorless,319,82,,,person:에테르,확정
person:마르차나,E1385,떡밥,암시,event_colorless,319,82,,,,확정
person:마르차나,E1387,떡밥,재언급,event_colorless,319,82,,,,확정
person:마르차나,F1583,사실,정의,event_colorless,319,82,,,,확정
person:마르차나,F1584,사실,정의,event_colorless,319,82,,,,확정
person:마르차나,F1587,사실,정의,event_colorless,319,82,,,,확정
person:마르차나,F1591,사실,정의,event_colorless,319,82,,,,확정
person:마르차나,F1592,사실,정의,event_colorless,319,82,,,,확정
person:마르차나,Q209,의문,정의,event_colorless,319,82,열림,J55,,확정
person:마르차나,D2119,변화,신념,char:833,321,83,,,,확정
person:마르차나,F1596,사실,정의,char:833,321,83,,,,확정
person:마르차나,F1597,사실,정의,char:833,321,83,,,,확정
person:마르차나,D1746,기준,관계,fl:wave_to_you,464,149,,,person:나가 person:티아,확정
person:마르차나,D1747,관계 상대,관계,fl:wave_to_you,464,149,,,person:티아,확정
person:마르차나,D1748,관계 상대,관계,fl:wave_to_you,464,149,,,person:나가,확정
person:마르차나,D1749,변화,관계,fl:wave_to_you,464,149,,,person:나가 person:티아,확정
person:마르차나,D1750,변화,신념,fl:wave_to_you,464,149,,,,확정
person:마르차나,E1540,떡밥,재언급,fl:wave_to_you,464,149,,,,확정
person:마르차나,E1541,떡밥,재언급,fl:wave_to_you,464,149,,,,확정
person:마르차나,E1542,떡밥,암시,fl:wave_to_you,464,149,,,,확정
person:마르차나,E1543,떡밥,암시,fl:wave_to_you,464,149,,,,확정
person:마르차나,E1546,떡밥,재언급,fl:wave_to_you,464,149,,,,확정
person:마르차나,E1547,떡밥,암시,fl:wave_to_you,464,149,,,,확정
person:마르차나,E1550,떡밥,암시,fl:wave_to_you,464,149,,,,확정
person:마르차나,E1552,떡밥,암시,fl:wave_to_you,464,149,,,,확정
person:마르차나,E1554,떡밥,재언급,fl:wave_to_you,464,149,,,,확정
person:마르차나,E1556,떡밥,암시,fl:wave_to_you,464,149,,,,확정
person:마르차나,F2748,사실,정의,fl:wave_to_you,464,149,,,,확정
person:마르차나,F2749,사실,정의,fl:wave_to_you,464,149,,,,확정
person:마르차나,F2752,사실,정의,fl:wave_to_you,464,149,,,,확정
person:마르차나,F2753,사실,정의,fl:wave_to_you,464,149,,,,확정
person:마르차나,F2754,사실,정의,fl:wave_to_you,464,149,,,,확정
person:마르차나,F2756,사실,정의,fl:wave_to_you,464,149,,,,확정
person:마르차나,F2757,사실,정의,fl:wave_to_you,464,149,,,,확정
person:마르차나,F2758,사실,정의,fl:wave_to_you,464,149,,,,확정
person:마르차나,F2759,사실,정의,fl:wave_to_you,464,149,,,,확정
person:마르차나,F2760,사실,정의,fl:wave_to_you,464,149,,,,확정
person:마르차나,F2762,사실,정의,fl:wave_to_you,464,149,,,,확정
person:마르차나,F2763,사실,정의,fl:wave_to_you,464,149,,,,확정
person:마르차나,F2765,사실,정의,fl:wave_to_you,464,149,,,,확정
person:마르차나,F2903,사실,정의,fl:wave_to_you,464,149,,,,확정
person:마르차나,O214,마무리,성장,fl:wave_to_you,464,149,H26,,,확정
person:마르차나,D2223,변화,관계,char:322,466,150,,,person:지휘관,확정
person:마르차나,F2767,사실,정의,char:322,466,150,,,,확정
person:마르차나,F2869,사실,정의,char:872,475,154,,,,확정
person:마리,D2125,기준,성격,char:832,324,85,,,,확정
person:마리,D2126,변화,관계,char:832,324,85,,,person:라이,확정
person:마리,D2127,관계 상대,관계,char:832,324,85,,,person:라이,확정
person:마리,F1600,사실,정의,char:832,324,85,,,,확정
person:마리안,D4,기준,성격,ch00,1,1,,,,확정
person:마리안,E2,떡밥,암시,ch00,1,1,,,,확정
person:마리안,F1,사실,정의,ch00,1,1,뒤집힘,,,확정
person:마리안,F4,사실,정의,ch00,1,1,,,,확정
person:마리안,D8,변화,신체,ch01,2,2,,,,확정
person:마리안,E3,떡밥,암시,ch01,2,2,,,,확정
person:마리안,E5,떡밥,암시,ch01,2,2,,,,확정
person:마리안,E8,떡밥,암시,ch01,2,2,,,,확정
person:마리안,F1-2,사건,뒤집음,ch01,2,2,,,,확정
person:마리안,F9,사실,정의,ch01,2,2,,,,확정
person:마리안,F14,사실,정의,ch01,2,2,,,,확정
person:마리안,F15,사실,정의,ch01,2,2,,,,확정
person:마리안,F19,사실,정의,ch01,2,2,,,,확정
person:마리안,F20,사실,정의,ch01,2,2,,,,확정
person:마리안,F22,사실,정의,ch01,2,2,,,,확정
person:마리안,F2880,사실,정의,ch01,2,2,,,,확정
person:마리안,Q1,의문,정의,ch01,2,2,풀림,J1,,확정
person:마리안,Q1-2,사건,회수,ch04,15,5,,,,확정
person:마리안,E50,떡밥,암시,ch06,26,7,,,,확정
person:마리안,D68,변화,소속,ch07,31,8,,,,확정
person:마리안,D69,변화,성격,ch07,31,8,,,,확정
person:마리안,D70,변화,기억,ch07,31,8,,,,확정
person:마리안,E53,떡밥,재언급,ch07,31,8,,,,확정
person:마리안,F209,사실,정의,ch07,31,8,,,,확정
person:마리안,Q37,의문,정의,ch07,31,8,열림,J1,,확정
person:마리안,E81,떡밥,재언급,ch12,59,13,,,,확정
person:마리안,D101,변화,기억,ch13,64,14,,,,확정
person:마리안,D102,변화,신체,ch13,64,14,,,,확정
person:마리안,D103,변화,기억,ch13,64,14,,,,확정
person:마리안,D104,변화,소속,ch13,64,14,,,,확정
person:마리안,E88,떡밥,재언급,ch13,64,14,,,,확정
person:마리안,E89,떡밥,재언급,ch13,64,14,,,,확정
person:마리안,E90,떡밥,암시,ch13,64,14,,,,확정
person:마리안,E91,떡밥,암시,ch13,64,14,,,,확정
person:마리안,F333,사실,정의,ch13,64,14,,,,확정
person:마리안,F334,사실,정의,ch13,64,14,,,,확정
person:마리안,F337,사실,정의,ch13,64,14,,,,확정
person:마리안,F338,사실,정의,ch13,64,14,,,,확정
person:마리안,F342,사실,정의,ch13,64,14,,,,확정
person:마리안,F343,사실,정의,ch13,64,14,,,,확정
person:마리안,F344,사실,정의,ch13,64,14,,,,확정
person:마리안,F346,사실,정의,ch13,64,14,,,,확정
person:마리안,D110,기준,신념,ch14,69,15,,,,확정
person:마리안,D111,변화,성격,ch14,69,15,,,,확정
person:마리안,D112,변화,소속,ch14,69,15,,,,확정
person:마리안,D116,관계 상대,관계,ch14,69,15,,,person:프리바티,확정
person:마리안,E94,떡밥,암시,ch14,69,15,,,,확정
person:마리안,E95,떡밥,재언급,ch14,69,15,,,,확정
person:마리안,E97,떡밥,재언급,ch14,69,15,,,,확정
person:마리안,F358,사실,정의,ch14,69,15,,,,확정
person:마리안,F359,사실,정의,ch14,69,15,,,,확정
person:마리안,F360,사실,정의,ch14,69,15,,,,확정
person:마리안,F361,사실,정의,ch14,69,15,,,,확정
person:마리안,F363,사실,정의,ch14,69,15,,,,확정
person:마리안,F364,사실,정의,ch14,69,15,,,,확정
person:마리안,F366,사실,정의,ch14,69,15,,,,확정
person:마리안,F368,사실,정의,ch14,69,15,,,,확정
person:마리안,F370,사실,정의,ch14,69,15,,,,확정
person:마리안,F372,사실,정의,ch14,69,15,,,,확정
person:마리안,F373,사실,정의,ch14,69,15,,,,확정
person:마리안,Q1-3,사건,회수,ch14,69,15,,,,확정
person:마리안,Q68,의문,정의,ch14,69,15,일부,J1,,확정
person:마리안,Q69,의문,정의,ch14,69,15,열림,J1,,확정
person:마리안,F622,사실,정의,char:90,123,17,,,,확정
person:마리안,E122,떡밥,재언급,ch17,140,19,,,,확정
person:마리안,F677,사실,정의,ch17,140,19,,,,확정
person:마리안,F707,사실,정의,ch18,146,20,,,,확정
person:마리안,E135,떡밥,재언급,event_brandnewyear,157,23,,,,확정
person:마리안,F737,사실,정의,event_brandnewyear,157,23,,,,확정
person:마리안,Q102,의문,정의,event_brandnewyear,157,23,열림,J1,,확정
person:마리안,D1419,변화,기억,char:260,158,24,,,,확정
person:마리안,D1420,관계 상대,관계,char:260,158,24,,,person:라피,확정
person:마리안,D1421,기준,관계,char:260,158,24,,,,확정
person:마리안,E1296,떡밥,재언급,char:260,158,24,,,,확정
person:마리안,E1297,떡밥,암시,char:260,158,24,,,,확정
person:마리안,F738,사실,정의,char:260,158,24,,,,확정
person:마리안,F739,사실,정의,char:260,158,24,,,,확정
person:마리안,F740,사실,정의,char:260,158,24,,,,확정
person:마리안,F741,사실,정의,char:260,158,24,,,,확정
person:마리안,F742,사실,정의,char:260,158,24,,,,확정
person:마리안,Q103,의문,정의,char:260,158,24,열림,J9,,확정
person:마리안,F863,사실,정의,ch21,189,35,,,,확정
person:마리안,F870,사실,정의,ch21,189,35,,,,확정
person:마리안,E180,떡밥,재언급,sub:중앙정부_트라이앵글_00,218,43,,,,확정
person:마리안,D2059,변화,성격,event_firstaffection,230,47,,,,확정
person:마리안,D2060,변화,관계,event_firstaffection,230,47,,,person:지휘관,확정
person:마리안,E1607,떡밥,암시,event_firstaffection,230,47,,,,확정
person:마리안,F1065,사실,정의,event_firstaffection,230,47,,,,확정
person:마리안,F1066,사실,정의,event_firstaffection,230,47,,,,확정
person:마리안,E266,떡밥,재언급,ch26,246,55,,,,확정
person:마리안,F1120,사실,정의,ch26,246,55,,,,확정
person:마리안,F1289,사실,정의,ch27,270,65,,,,확정
person:마리안,F1310,사실,정의,ch28,275,66,,,,확정
person:마리안,D409,관계 상대,관계,side:second_affection,288,71,,,person:스노우_화이트,확정
person:마리안,D410,관계 상대,관계,side:second_affection,288,71,,,person:스노우_화이트,확정
person:마리안,D411,관계 상대,관계,side:second_affection,288,71,,,person:홍련,확정
person:마리안,D412,관계 상대,관계,side:second_affection,288,71,,,person:라푼젤,확정
person:마리안,D413,관계 상대,관계,side:second_affection,288,71,,,person:크라운,확정
person:마리안,D414,기준,관계,side:second_affection,288,71,,,,확정
person:마리안,D415,변화,관계,side:second_affection,288,71,,,,확정
person:마리안,D416,변화,관계,side:second_affection,288,71,,,person:크라운,확정
person:마리안,D417,변화,성격,side:second_affection,288,71,,,,확정
person:마리안,D418,변화,소속,side:second_affection,288,71,,,,확정
person:마리안,D419,변화,신념,side:second_affection,288,71,,,,확정
person:마리안,D420,변화,신체,side:second_affection,288,71,,,,확정
person:마리안,E361,떡밥,암시,side:second_affection,288,71,,,,확정
person:마리안,E362,떡밥,재언급,side:second_affection,288,71,,,,확정
person:마리안,E363,떡밥,암시,side:second_affection,288,71,,,,확정
person:마리안,E366,떡밥,암시,side:second_affection,288,71,,,,확정
person:마리안,E367,떡밥,재언급,side:second_affection,288,71,,,,확정
person:마리안,F1358,사실,정의,side:second_affection,288,71,,,,확정
person:마리안,F1359,사실,정의,side:second_affection,288,71,,,,확정
person:마리안,F1360,사실,정의,side:second_affection,288,71,,,,확정
person:마리안,F1361,사실,정의,side:second_affection,288,71,,,,확정
person:마리안,F1362,사실,정의,side:second_affection,288,71,,,,확정
person:마리안,F1363,사실,정의,side:second_affection,288,71,,,,확정
person:마리안,F1364,사실,정의,side:second_affection,288,71,,,,확정
person:마리안,F1365,사실,정의,side:second_affection,288,71,,,,확정
person:마리안,F1366,사실,정의,side:second_affection,288,71,,,,확정
person:마리안,F1367,사실,정의,side:second_affection,288,71,,,,확정
person:마리안,F1369,사실,정의,side:second_affection,288,71,,,,확정
person:마리안,F1370,사실,정의,side:second_affection,288,71,,,,확정
person:마리안,F1371,사실,정의,side:second_affection,288,71,,,,확정
person:마리안,O12,마무리,성장,side:second_affection,288,71,,,,확정
person:마리안,Q178,의문,정의,side:second_affection,288,71,일부,J1,,확정
person:마리안,Q180,의문,정의,side:second_affection,288,71,열림,J1,,확정
person:마리안,D448,관계 상대,관계,event_lastkingdom1,295,73,,,person:킬로,확정
person:마리안,D449,관계 상대,관계,event_lastkingdom1,295,73,,,person:킬로,확정
person:마리안,D450,기준,관계,event_lastkingdom1,295,73,,,person:킬로,확정
person:마리안,D451,변화,관계,event_lastkingdom1,295,73,,,person:킬로,확정
person:마리안,D465,관계 상대,관계,event_lastkingdom1,295,73,,,person:토커티브,확정
person:마리안,D466,변화,기억,event_lastkingdom1,295,73,,,,확정
person:마리안,D467,변화,신체,event_lastkingdom1,295,73,,,,확정
person:마리안,E394,떡밥,암시,event_lastkingdom1,295,73,,,,확정
person:마리안,E396,떡밥,암시,event_lastkingdom1,295,73,,,,확정
person:마리안,E402,떡밥,재언급,event_lastkingdom1,295,73,,,,확정
person:마리안,E410,떡밥,재언급,event_lastkingdom1,295,73,,,,확정
person:마리안,E411,떡밥,암시,event_lastkingdom1,295,73,,,,확정
person:마리안,E412,떡밥,암시,event_lastkingdom1,295,73,,,,확정
person:마리안,F1426,사실,정의,event_lastkingdom1,295,73,,,,확정
person:마리안,F1431,사실,정의,event_lastkingdom1,295,73,,,,확정
person:마리안,F1441,사실,정의,event_lastkingdom1,295,73,,,,확정
person:마리안,F1442,사실,정의,event_lastkingdom1,295,73,,,,확정
person:마리안,F1443,사실,정의,event_lastkingdom1,295,73,,,,확정
person:마리안,F1448,사실,정의,event_lastkingdom1,295,73,,,,확정
person:마리안,F1450,사실,정의,event_lastkingdom1,295,73,,,,확정
person:마리안,F1451,사실,정의,event_lastkingdom1,295,73,,,,확정
person:마리안,F1452,사실,정의,event_lastkingdom1,295,73,,J1,,확정
person:마리안,Q178-2,사건,회수,event_lastkingdom1,295,73,,,,확정
person:마리안,F1458,사실,정의,char:330,296,73,,,,확정
person:마리안,F1459,사실,정의,char:330,296,73,,,,확정
person:마리안,F1628,사실,정의,ch33,334,90,,,,확정
person:마리안,F1937,사실,정의,event_arcanearchive,383,111,,,,확정
person:마리안,D846,변화,소속,side:eden_spear,411,126,,,,확정
person:마리안,F2174,사실,정의,side:eden_spear,411,126,,,,확정
person:마리안,Q285,의문,정의,side:eden_spear,411,126,풀림,J1,,확정
person:마리안,F2230,사실,정의,ch42,416,128,,,,확정
person:마리안,D901,관계 상대,관계,event_goddessfall1,418,128,,,person:인디빌리아,확정
person:마리안,D902,변화,신념,event_goddessfall1,418,128,,,,확정
person:마리안,D903,관계 상대,관계,event_goddessfall1,418,128,,,person:인디빌리아,확정
person:마리안,D905,관계 상대,관계,event_goddessfall1,418,128,,,person:토커티브,확정
person:마리안,D916,관계 상대,관계,event_goddessfall1,418,128,,,person:나유타,확정
person:마리안,D920,관계 상대,관계,event_goddessfall1,418,128,,,person:스노우_화이트,확정
person:마리안,D921,관계 상대,관계,event_goddessfall1,418,128,,,person:차임,확정
person:마리안,D923,관계 상대,관계,event_goddessfall1,418,128,,,person:요한,확정
person:마리안,D932,변화,신체,event_goddessfall1,418,128,,,,확정
person:마리안,D950,변화,신체,event_goddessfall1,418,128,,,,확정
person:마리안,E946,떡밥,암시,event_goddessfall1,418,128,,,,확정
person:마리안,F2265,사실,정의,event_goddessfall1,418,128,,,,확정
person:마리안,F2271,사실,정의,event_goddessfall1,418,128,,,,확정
person:마리안,F2272,사실,정의,event_goddessfall1,418,128,,,,확정
person:마리안,F2273,사실,정의,event_goddessfall1,418,128,,,,확정
person:마리안,F2274,사실,정의,event_goddessfall1,418,128,,,,확정
person:마리안,F2275,사실,정의,event_goddessfall1,418,128,,,,확정
person:마리안,F2276,사실,정의,event_goddessfall1,418,128,,,,확정
person:마리안,F2277,사실,정의,event_goddessfall1,418,128,,J1,,확정
person:마리안,F2278,사실,정의,event_goddessfall1,418,128,,J3,,확정
person:마리안,F2281,사실,정의,event_goddessfall1,418,128,,,,확정
person:마리안,F2285,사실,정의,event_goddessfall1,418,128,,,,확정
person:마리안,F2289,사실,정의,event_goddessfall1,418,128,,J1,,확정
person:마리안,F2290,사실,정의,event_goddessfall1,418,128,,,,확정
person:마리안,F2291,사실,정의,event_goddessfall1,418,128,,,,확정
person:마리안,F2292,사실,정의,event_goddessfall1,418,128,,,,확정
person:마리안,F2293,사실,정의,event_goddessfall1,418,128,,,,확정
person:마리안,F2296,사실,정의,event_goddessfall1,418,128,,,,확정
person:마리안,F2301,사실,정의,event_goddessfall1,418,128,,,,확정
person:마리안,F2306,사실,정의,event_goddessfall1,418,128,,,,확정
person:마리안,F2307,사실,정의,event_goddessfall1,418,128,,,,확정
person:마리안,F2314,사실,정의,event_goddessfall1,418,128,,,,확정
person:마리안,F2315,사실,정의,event_goddessfall1,418,128,,,,확정
person:마리안,F2320,사실,정의,event_goddessfall1,418,128,,J13,,확정
person:마리안,O181,마무리,관계,event_goddessfall1,418,128,H5,,,확정
person:마리안,Q68-2,사건,회수,event_goddessfall1,418,128,,,,확정
person:마리안,Q285-2,사건,회수,event_goddessfall1,418,128,,,,확정
person:마리안,F2343,사실,정의,char:331,421,128,,,,확정
person:마리안,F2422,사실,정의,ch44,436,138,,,,확정
person:마리안,F2441,사실,정의,ch44,436,138,,,,확정
person:마리안,E1108,떡밥,재언급,ch46,452,144,,,,확정
person:마리안,E1109,떡밥,재언급,ch46,452,144,,,,확정
person:마리안,F2631,사실,정의,ch46,452,144,,,,확정
person:마리안,F2635,사실,정의,ch46,452,144,,,,확정
person:마리안,Q344,의문,정의,ch46,452,144,일부,J10,,확정
person:마리안,D1313,관계 상대,관계,ch47,470,153,,,person:온리_원,확정
person:마리안,D1315,기준,관계,ch47,470,153,,,person:온리_원,확정
person:마리안,D1316,변화,신념,ch47,470,153,,,,확정
person:마리안,E1206,떡밥,암시,ch47,470,153,,,,확정
person:마리안,E1207,떡밥,암시,ch47,470,153,,,,확정
person:마리안,E1220,떡밥,재언급,ch47,470,153,,,,확정
person:마리안,E1221,떡밥,암시,ch47,470,153,,,,확정
person:마리안,F2800,사실,정의,ch47,470,153,,,,확정
person:마리안,F2811,사실,정의,ch47,470,153,,,,확정
person:마리안,F2812,사실,정의,ch47,470,153,,,,확정
person:마리안,Q364,의문,정의,ch47,470,153,일부,J10,,확정
person:마리안,D1339,변화,관계,ch48,472,154,,,person:온리_원,확정
person:마리안,D1340,변화,기억,ch48,472,154,,,,확정
person:마리안,D1341,변화,신념,ch48,472,154,,,,확정
person:마리안,D1342,변화,신체,ch48,472,154,,,,확정
person:마리안,D1343,변화,관계,ch48,472,154,,,person:지휘관,확정
person:마리안,E1231,떡밥,재언급,ch48,472,154,,,,확정
person:마리안,E1243,떡밥,암시,ch48,472,154,,,,확정
person:마리안,F2834,사실,정의,ch48,472,154,,,,확정
person:마리안,F2836,사실,정의,ch48,472,154,,J10,,확정
person:마리안,F2837,사실,정의,ch48,472,154,,J1,,확정
person:마리안,F2838,사실,정의,ch48,472,154,,J10,,확정
person:마리안,F2846,사실,정의,ch48,472,154,,,,확정
person:마리안,F2847,사실,정의,ch48,472,154,,,,확정
person:마리안,O106,마무리,성장,ch48,472,154,H12,,,확정
person:마리안,O218,마무리,관계,ch48,472,154,H12,,,확정
person:마리안,Q344-2,사건,회수,ch48,472,154,,,,확정
person:마리안,Q364-2,사건,회수,ch48,472,154,,,,확정
person:마리안,Q364-3,사건,회수,ch48,472,154,,,,확정
person:마리안,Q366,의문,정의,ch48,472,154,열림,J1,,확정
person:마리안,Q367,의문,정의,ch48,472,154,열림,J1,,확정
person:마리안,Q368,의문,정의,ch48,472,154,열림,J5,,확정
person:마린,F1502,사실,정의,event_claymore,303,77,,,,확정
person:마린,F1503,사실,정의,event_claymore,303,77,,,,확정
person:마스트,D1957,관계 상대,관계,char:352,139,18,,,person:헬름,확정
person:마스트,D1959,기준,성격,char:352,139,18,,,,확정
person:마스트,D1960,기준,관계,char:352,139,18,,,person:헬름,확정
person:마스트,D1961,기준,신념,char:352,139,18,,,,확정
person:마스트,F670,사실,정의,char:352,139,18,,,,확정
person:마스트,F672,사실,정의,char:352,139,18,,,,확정
person:마스트,D1446,기준,관계,event_goldenship,224,44,,,person:지휘관,확정
person:마스트,F1042,사실,정의,event_goldenship,224,44,,,,확정
person:마스트,F1043,사실,정의,event_goldenship,224,44,,,,확정
person:마스트,F1045,사실,정의,event_goldenship,224,44,,,,확정
person:마스트,Q146,의문,정의,event_goldenship,224,44,열림,J51,,확정
person:마스트,D2047,변화,신념,char:350,225,44,,,,확정
person:마스트,D2048,변화,신념,char:350,225,44,,,,확정
person:마스트,D2049,변화,관계,char:350,225,44,,,person:지휘관,확정
person:마스트,F1046,사실,정의,char:350,225,44,,,,확정
person:마스트,F1047,사실,정의,char:350,225,44,,,,확정
person:마스트,D1457,관계 상대,관계,event_seayouagain1,226,45,,,person:헬름,확정
person:마스트,F1048,사실,정의,event_seayouagain1,226,45,,,,확정
person:마스트,F1053,사실,정의,event_seayouagain1,226,45,,,,확정
person:마스트,F1054,사실,정의,event_seayouagain1,226,45,,,,확정
person:마스트,F1056,사실,정의,event_seayouagain1,226,45,,,,확정
person:마스트,F1059,사실,정의,char:351,228,45,,,,확정
person:마스트,F1063,사실,정의,char:353,229,46,,,,확정
person:마스트,F1782,사실,정의,event_romanticvalentine,355,99,,,,확정
person:마스트,D2145,변화,관계,char:354,356,99,,,person:지휘관,확정
person:마스트,D2146,변화,관계,char:354,356,99,,,person:헬름,확정
person:마스트,F1784,사실,정의,char:354,356,99,,,,확정
person:마스트,O158,마무리,관계,char:354,356,99,H19,,,확정
person:마스트,O159,마무리,관계,char:354,356,99,H19,,,확정
person:마스트,D2148,기준,관계,char:355,357,100,,,person:앵커,확정
person:마스트,F1785,사실,정의,char:355,357,100,,,,확정
person:마스트,E1471,떡밥,재언급,fl:lie_cause_recoil,438,138,,,,확정
person:마스트,F2470,사실,정의,fl:lie_cause_recoil,438,138,,,,확정
person:마스트,F2879,사실,정의,char:405,481,158,,,,확정
person:마오,F2029,사실,정의,fl:boom_the_ghost,393,116,,,,확정
person:마오,F2030,사실,정의,fl:boom_the_ghost,393,116,,,,확정
person:마오,F2031,사실,정의,fl:boom_the_ghost,393,116,,,,확정
person:마오,F2039,사실,정의,char:234,394,116,,,,확정
person:마일즈,F758,사실,정의,relic:데일리아크기사스크랩,160,25,,,,확정
person:마일즈,F760,사실,정의,relic:데일리아크기사스크랩,160,25,,,,확정
person:마일즈,Q109,의문,정의,relic:데일리아크기사스크랩,160,25,일부,J8,,확정
person:마일즈,Q109-2,사건,회수,ch20,164,26,,,,확정
person:마일즈,Q109-3,사건,회수,erelic:goddess_fall_mini,419,128,,,,확정
person:마키마,D2006,기준,성격,char:800,178,30,,,,확정
person:마키마,F816,사실,정의,char:800,178,30,,,,확정
person:마키마,F819,사실,정의,char:800,178,30,,,,확정
person:맥스,D2012,관계 상대,관계,event_bowwowparadise,181,31,,,person:비스킷,확정
person:맥스,D2013,관계 상대,관계,event_bowwowparadise,181,31,,,person:비스킷,확정
person:맥스,D2014,기준,신념,event_bowwowparadise,181,31,,,,확정
person:맥스,D2015,변화,신념,event_bowwowparadise,181,31,,,,확정
person:맥스,F825,사실,정의,event_bowwowparadise,181,31,,,,확정
person:맥스웰,D90,기준,성격,ch11,53,12,,,,확정
person:맥스웰,F288,사실,정의,ch11,53,12,,J22,,확정
person:맥스웰,F293,사실,정의,ch11,53,12,,,,확정
person:맥스웰,D96,변화,신체,ch12,59,13,,,,확정
person:맥스웰,F303,사실,정의,ch12,59,13,,,,확정
person:맥스웰,D124,변화,신체,ch15,75,16,,,,확정
person:맥스웰,D139,기준,신념,ch16,80,17,,,,확정
person:맥스웰,E1249,떡밥,암시,char:232,88,17,,,,확정
person:맥스웰,F450,사실,정의,char:232,88,17,,,,확정
person:맥스웰,D1380,기준,관계,char:102,99,17,,,person:지휘관,확정
person:맥스웰,D1381,변화,관계,char:102,99,17,,,person:지휘관,확정
person:맥스웰,D1382,변화,관계,char:102,99,17,,,person:지휘관,확정
person:맥스웰,D1383,기준,관계,char:102,99,17,,,person:슈엔,확정
person:맥스웰,E1264,떡밥,암시,char:102,99,17,,,,확정
person:맥스웰,E1265,떡밥,암시,char:102,99,17,,,,확정
person:맥스웰,F526,사실,정의,char:102,99,17,,,,확정
person:맥스웰,F528,사실,정의,char:102,99,17,,,,확정
person:맥스웰,F529,사실,정의,char:102,99,17,,J3,,확정
person:맥스웰,F530,사실,정의,char:102,99,17,,,,확정
person:맥스웰,F531,사실,정의,char:102,99,17,,,,확정
person:맥스웰,F532,사실,정의,char:102,99,17,,,,확정
person:맥스웰,F649,사실,정의,char:30,131,17,,,,확정
person:맥스웰,D159,기준,관계,ch18,146,20,,,person:라플라스,확정
person:맥스웰,F698,사실,정의,ch18,146,20,,,,확정
person:맥스웰,F700,사실,정의,ch18,146,20,,,,확정
person:맥스웰,E1289,떡밥,암시,event_hightechtoy,151,20,,,,확정
person:맥스웰,F716,사실,정의,event_hightechtoy,151,20,,,,확정
person:맥스웰,F717,사실,정의,event_hightechtoy,151,20,,,,확정
person:맥스웰,F720,사실,정의,char:100,152,20,,,,확정
person:맥스웰,F1344,사실,정의,char:500,281,66,,,,확정
person:맥스웰,D611,변화,관계,ch35,358,101,,,person:슈엔,확정
person:맥스웰,F1796,사실,정의,ch35,358,101,,,,확정
person:맥스웰,F1797,사실,정의,ch35,358,101,,,,확정
person:맥스웰,F1803,사실,정의,ch35,358,101,,J12,,확정
person:맥스웰,F1811,사실,정의,ch36,360,102,,,,확정
person:맥스웰,D645,변화,관계,ch37,373,108,,,person:슈엔,확정
person:맥스웰,E646,떡밥,재언급,ch37,373,108,,,,확정
person:맥스웰,F1856,사실,정의,ch37,373,108,,,,확정
person:맥스웰,F1857,사실,정의,ch37,373,108,,,,확정
person:맥스웰,F1862,사실,정의,ch37,373,108,,J10,,확정
person:맥스웰,D656,변화,신념,ch38,375,109,,,,확정
person:맥스웰,D658,관계 상대,관계,ch38,375,109,,,person:헬름,확정
person:맥스웰,D671,변화,신체,ch38,375,109,,,,확정
person:맥스웰,E674,떡밥,재언급,ch38,375,109,,,,확정
person:맥스웰,F1870,사실,정의,ch38,375,109,,,,확정
person:맥스웰,F1871,사실,정의,ch38,375,109,,,,확정
person:맥스웰,F1877,사실,정의,ch38,375,109,,,,확정
person:맥스웰,F2047,사실,정의,ch39,396,118,,,,확정
person:맥스웰,F2190,사실,정의,ch41,414,127,,,,확정
person:맥스웰,F2191,사실,정의,ch41,414,127,,,,확정
person:맥스웰,F2195,사실,정의,ch41,414,127,,,,확정
person:맥스웰,F2213,사실,정의,ch42,416,128,,,,확정
person:맥스웰,F2227,사실,정의,ch42,416,128,,,,확정
person:맥스웰,F2250,사실,정의,ch42,416,128,,J12,,확정
person:맥스웰,F2252,사실,정의,ch42,416,128,,,,확정
person:맥스웰,F2738,사실,정의,fl:ark_ranger,462,148,,,,확정
person:맥스웰,D1272,관계 상대,관계,fl:project_matis,467,151,,,person:슈엔,확정
person:맥스웰,D1290,변화,관계,fl:project_matis,467,151,,,person:슈엔,확정
person:맥스웰,D1291,변화,관계,fl:project_matis,467,151,,,person:슈엔,확정
person:맥스웰,D1292,변화,관계,fl:project_matis,467,151,,,person:슈엔,확정
person:맥스웰,D1293,변화,신체,fl:project_matis,467,151,,,,확정
person:맥스웰,D1307,관계 상대,관계,fl:project_matis,467,151,,,person:슈엔,확정
person:맥스웰,D1308,관계 상대,관계,fl:project_matis,467,151,,,person:슈엔,확정
person:맥스웰,E1188,떡밥,암시,fl:project_matis,467,151,,,,확정
person:맥스웰,E1191,떡밥,암시,fl:project_matis,467,151,,,,확정
person:맥스웰,E1199,떡밥,암시,fl:project_matis,467,151,,,,확정
person:맥스웰,E1203,떡밥,재언급,fl:project_matis,467,151,,,,확정
person:맥스웰,F2768,사실,정의,fl:project_matis,467,151,,,,확정
person:맥스웰,F2769,사실,정의,fl:project_matis,467,151,,,,확정
person:맥스웰,F2773,사실,정의,fl:project_matis,467,151,,,,확정
person:맥스웰,F2776,사실,정의,fl:project_matis,467,151,,,,확정
person:맥스웰,F2782,사실,정의,fl:project_matis,467,151,,,,확정
person:맥스웰,F2783,사실,정의,fl:project_matis,467,151,,,,확정
person:맥스웰,F2788,사실,정의,fl:project_matis,467,151,,,,확정
person:맥스웰,F2789,사실,정의,fl:project_matis,467,151,,,,확정
person:맥스웰,F2792,사실,정의,fl:project_matis,467,151,,,,확정
person:맥스웰,F2793,사실,정의,fl:project_matis,467,151,,,,확정
person:맥스웰,F2794,사실,정의,fl:project_matis,467,151,,,,확정
person:맥스웰,D2225,변화,성격,char:105,469,152,,,,확정
person:맥스웰,D2226,변화,신념,char:105,469,152,,,,확정
person:맥스웰,D2227,변화,관계,char:105,469,152,,,person:지휘관,확정
person:맥스웰,E1633,떡밥,재언급,char:105,469,152,,,,확정
person:맥스웰,F529-2,사건,드러냄,char:105,469,152,,,,확정
person:맥스웰,O216,마무리,관계,char:105,469,152,,,,확정
person:맥스웰,F2873,사실,정의,fl:great_villain_union,478,156,,,,확정
person:머스탱,D42,기준,성격,ch04,15,5,,,,확정
person:머스탱,E28,떡밥,암시,ch04,15,5,,,,확정
person:머스탱,F94,사실,정의,ch04,15,5,,,,확정
person:머스탱,F95,사실,정의,ch04,15,5,,,,확정
person:머스탱,Q19,의문,정의,ch04,15,5,풀림,J24,,확정
person:머스탱,F323,사실,정의,ch12,59,13,,,,확정
person:머스탱,E61,떡밥,암시,sub:러블리_드림_00,61,13,,,,확정
person:머스탱,F227,사실,정의,sub:러블리_드림_00,61,13,,,,확정
person:머스탱,F456,사실,정의,char:430,89,17,,,,확정
person:머스탱,F466,사실,정의,char:202,91,17,,,,확정
person:머스탱,D1394,기준,관계,char:130,100,17,,,person:메어리,확정
person:머스탱,F536,사실,정의,char:130,100,17,,,,확정
person:머스탱,F538,사실,정의,char:130,100,17,,,,확정
person:머스탱,F603,사실,정의,char:172,117,17,,,,확정
person:머스탱,F607,사실,정의,char:191,118,17,,,,확정
person:머스탱,D1904,관계 상대,관계,char:150,125,17,,,person:율리아,확정
person:머스탱,F625,사실,정의,char:150,125,17,,,,확정
person:머스탱,F654,사실,정의,char:142,134,17,,,,확정
person:머스탱,E131,떡밥,암시,ch18,146,20,,,,확정
person:머스탱,F703,사실,정의,ch18,146,20,,,,확정
person:머스탱,F723,사실,정의,event_miraclesnow1,153,21,,,,확정
person:머스탱,D1424,기준,관계,event_maidinvalentine,175,28,,,,확정
person:머스탱,F807,사실,정의,event_maidinvalentine,175,28,,,,확정
person:머스탱,D208,기준,신념,event_cherryblossom,183,32,,,,확정
person:머스탱,F831,사실,정의,event_cherryblossom,183,32,,,,확정
person:머스탱,F832,사실,정의,event_cherryblossom,183,32,,,,확정
person:머스탱,F833,사실,정의,event_cherryblossom,183,32,,,,확정
person:머스탱,F845,사실,정의,char:282,185,32,,,,확정
person:머스탱,F883,사실,정의,ch22,195,36,,,,확정
person:머스탱,F946,사실,정의,event_BunnyX777,204,37,,,,확정
person:머스탱,F951,사실,정의,event_queensorder,207,39,,,,확정
person:머스탱,F956,사실,정의,event_queensorder,207,39,,,,확정
person:머스탱,F963,사실,정의,char:280,208,39,,,,확정
person:머스탱,F984,사실,정의,ch23,214,43,,,,확정
person:머스탱,F985,사실,정의,ch23,214,43,,,,확정
person:머스탱,F986,사실,정의,ch23,214,43,,,,확정
person:머스탱,F1020,사실,정의,ch24,219,44,,,,확정
person:머스탱,F1213,사실,정의,event_neverland1,258,57,,,,확정
person:머스탱,D1519,기준,관계,event_lionheart,263,61,,,person:레오나,확정
person:머스탱,E1352,떡밥,암시,event_lionheart,263,61,,,,확정
person:머스탱,F1249,사실,정의,event_lionheart,263,61,,,,확정
person:머스탱,F1252,사실,정의,event_lionheart,263,61,,,,확정
person:머스탱,F1264,사실,정의,event_dirtybackyard,265,62,,,,확정
person:머스탱,F1265,사실,정의,event_dirtybackyard,265,62,,,,확정
person:머스탱,E1356,떡밥,재언급,event_perfectmaid,267,63,,,,확정
person:머스탱,F1481,사실,정의,event_goldencoinrush1,300,75,,,,확정
person:머스탱,F1489,사실,정의,event_goldencoinrush1,300,75,,,,확정
person:머스탱,F1500,사실,정의,event_claymore,303,77,,,,확정
person:머스탱,F1507,사실,정의,event_beautyfullshot1,305,78,,,,확정
person:머스탱,F1508,사실,정의,event_beautyfullshot1,305,78,,,,확정
person:머스탱,F1509,사실,정의,event_beautyfullshot1,305,78,,,,확정
person:머스탱,F1519,사실,정의,event_beautyfullshot1,305,78,,,,확정
person:머스탱,Q198,의문,정의,event_beautyfullshot1,305,78,일부,J24,,확정
person:머스탱,F1623,사실,정의,char:240,333,89,,,,확정
person:머스탱,F1746,사실,정의,event_footstepwalkrun1,350,96,,,,확정
person:머스탱,Q198-2,사건,회수,event_footstepwalkrun1,350,96,,,,확정
person:머스탱,D1629,변화,관계,event_romanticvalentine,355,99,,,person:지휘관,확정
person:머스탱,F1783,사실,정의,event_romanticvalentine,355,99,,,,확정
person:머스탱,D610,기준,관계,ch35,358,101,,,person:아니스,확정
person:머스탱,E597,떡밥,암시,ch35,358,101,,,,확정
person:머스탱,F1788,사실,정의,ch35,358,101,,,,확정
person:머스탱,F1798,사실,정의,ch35,358,101,,J24,,확정
person:머스탱,Q19-2,사건,회수,ch35,358,101,,,,확정
person:머스탱,F1817,사실,정의,ch36,360,102,,,,확정
person:머스탱,E806,떡밥,암시,ch39,396,118,,,,확정
person:머스탱,E809,떡밥,암시,ch39,396,118,,,,확정
person:머스탱,E810,떡밥,암시,ch39,396,118,,,,확정
person:머스탱,F2062,사실,정의,ch39,396,118,,,,확정
person:머스탱,F2064,사실,정의,ch39,396,118,,,,확정
person:머스탱,F2065,사실,정의,ch39,396,118,,,,확정
person:머스탱,D797,기준,관계,ch40,398,119,,,person:미세스_미스,확정
person:머스탱,E827,떡밥,암시,ch40,398,119,,,,확정
person:머스탱,F2091,사실,정의,ch40,398,119,,,,확정
person:머스탱,F2092,사실,정의,ch40,398,119,,,,확정
person:머스탱,D817,관계 상대,관계,fl:coins_in_rush,404,122,,,person:에이드,확정
person:머스탱,D831,기준,관계,fl:coins_in_rush,404,122,,,person:벨벳,확정
person:머스탱,D832,기준,관계,fl:coins_in_rush,404,122,,,person:지휘관,확정
person:머스탱,E853,떡밥,암시,fl:coins_in_rush,404,122,,,,확정
person:머스탱,E863,떡밥,암시,fl:coins_in_rush,404,122,,,,확정
person:머스탱,E864,떡밥,암시,fl:coins_in_rush,404,122,,,,확정
person:머스탱,F2115,사실,정의,fl:coins_in_rush,404,122,,,,확정
person:머스탱,F2116,사실,정의,fl:coins_in_rush,404,122,,,,확정
person:머스탱,F2118,사실,정의,fl:coins_in_rush,404,122,,,,확정
person:머스탱,F2120,사실,정의,fl:coins_in_rush,404,122,,,,확정
person:머스탱,F2121,사실,정의,fl:coins_in_rush,404,122,,,,확정
person:머스탱,F2122,사실,정의,fl:coins_in_rush,404,122,,,,확정
person:머스탱,Q279,의문,정의,fl:coins_in_rush,404,122,일부,J24,,확정
person:머스탱,U326,생활상,일상 · 문화,fl:coins_in_rush,404,122,,,,확정
person:머스탱,E898,떡밥,암시,ch41,414,127,,,,확정
person:머스탱,F2200,사실,정의,ch41,414,127,,,,확정
person:머스탱,Q291,의문,정의,ch41,414,127,일부,J24,,확정
person:머스탱,E920,떡밥,재언급,ch42,416,128,,,,확정
person:머스탱,E921,떡밥,암시,ch42,416,128,,,,확정
person:머스탱,F2242,사실,정의,ch42,416,128,,,,확정
person:머스탱,F2243,사실,정의,ch42,416,128,,,,확정
person:머스탱,F2245,사실,정의,ch42,416,128,,,,확정
person:머스탱,F2253,사실,정의,ch42,416,128,,,,확정
person:머스탱,U347,생활상,방주 사회,ch42,416,128,,,,확정
person:머스탱,E1466,떡밥,재언급,fl:fatal_maid,432,136,,,,확정
person:머스탱,F2388,사실,정의,fl:fatal_maid,432,136,,,,확정
person:머스탱,Q314,의문,정의,fl:fatal_maid,432,136,열림,J24,,확정
person:머스탱,D1091,기준,관계,side:pretty_star,447,142,,,person:한슨,확정
person:머스탱,D1092,관계 상대,관계,side:pretty_star,447,142,,,person:한슨,확정
person:머스탱,D1098,기준,관계,side:pretty_star,447,142,,,person:프리티,확정
person:머스탱,D1099,관계 상대,관계,side:pretty_star,447,142,,,person:미세스_미스,확정
person:머스탱,D1106,관계 상대,관계,side:pretty_star,447,142,,,person:한슨,확정
person:머스탱,E1049,떡밥,암시,side:pretty_star,447,142,,,,확정
person:머스탱,E1050,떡밥,암시,side:pretty_star,447,142,,,,확정
person:머스탱,E1054,떡밥,암시,side:pretty_star,447,142,,,,확정
person:머스탱,E1055,떡밥,암시,side:pretty_star,447,142,,,,확정
person:머스탱,E1057,떡밥,재언급,side:pretty_star,447,142,,,,확정
person:머스탱,E1058,떡밥,암시,side:pretty_star,447,142,,,,확정
person:머스탱,F2091-2,사건,드러냄,side:pretty_star,447,142,,,,확정
person:머스탱,F2542,사실,정의,side:pretty_star,447,142,,,,확정
person:머스탱,F2547,사실,정의,side:pretty_star,447,142,,,,확정
person:머스탱,F2548,사실,정의,side:pretty_star,447,142,,J24,,확정
person:머스탱,F2549,사실,정의,side:pretty_star,447,142,,,,확정
person:머스탱,F2550,사실,정의,side:pretty_star,447,142,,,,확정
person:머스탱,F2557,사실,정의,side:pretty_star,447,142,,,,확정
person:머스탱,Q19-3,사건,회수,side:pretty_star,447,142,,,,확정
person:머스탱,Q279-2,사건,회수,side:pretty_star,447,142,,,,확정
person:머스탱,Q331,의문,정의,side:pretty_star,447,142,풀림,J24,,확정
person:머스탱,D1140,변화,관계,ch45,450,143,,,person:아니스,확정
person:머스탱,E1080,떡밥,암시,ch45,450,143,,,,확정
person:머스탱,F2575,사실,정의,ch45,450,143,,,,확정
person:머스탱,F2599,사실,정의,ch45,450,143,,,,확정
person:머스탱,F2600,사실,정의,ch45,450,143,,,,확정
person:머스탱,F2656,사실,정의,ch46,452,144,,,,확정
person:머스탱,F2661,사실,정의,ch46,452,144,,,,확정
person:머스탱,D1184,변화,관계,event_staranis1,454,144,,,person:한슨,확정
person:머스탱,D1185,기준,관계,event_staranis1,454,144,,,person:요요,확정
person:머스탱,D1186,관계 상대,관계,event_staranis1,454,144,,,person:요요,확정
person:머스탱,D1196,관계 상대,관계,event_staranis1,454,144,,,person:한슨,확정
person:머스탱,D1197,변화,관계,event_staranis1,454,144,,,person:한슨,확정
person:머스탱,D1203,변화,관계,event_staranis1,454,144,,,person:요요,확정
person:머스탱,D1227,변화,관계,event_staranis1,454,144,,,person:한슨,확정
person:머스탱,E1120,떡밥,재언급,event_staranis1,454,144,,,,확정
person:머스탱,E1121,떡밥,암시,event_staranis1,454,144,,,,확정
person:머스탱,E1123,떡밥,암시,event_staranis1,454,144,,,,확정
person:머스탱,E1125,떡밥,암시,event_staranis1,454,144,,,,확정
person:머스탱,E1126,떡밥,암시,event_staranis1,454,144,,,,확정
person:머스탱,E1136,떡밥,재언급,event_staranis1,454,144,,,,확정
person:머스탱,E1137,떡밥,암시,event_staranis1,454,144,,,,확정
person:머스탱,E1143,떡밥,암시,event_staranis1,454,144,,,,확정
person:머스탱,E1148,떡밥,암시,event_staranis1,454,144,,,,확정
person:머스탱,E1152,떡밥,재언급,event_staranis1,454,144,,,,확정
person:머스탱,E1154,떡밥,암시,event_staranis1,454,144,,,,확정
person:머스탱,E1155,떡밥,암시,event_staranis1,454,144,,,,확정
person:머스탱,E1162,떡밥,재언급,event_staranis1,454,144,,,,확정
person:머스탱,F2064-2,사건,드러냄,event_staranis1,454,144,,,,확정
person:머스탱,F2200-2,사건,드러냄,event_staranis1,454,144,,,,확정
person:머스탱,F2668,사실,정의,event_staranis1,454,144,,,,확정
person:머스탱,F2674,사실,정의,event_staranis1,454,144,,,,확정
person:머스탱,F2675,사실,정의,event_staranis1,454,144,,J24,,확정
person:머스탱,F2676,사실,정의,event_staranis1,454,144,,,,확정
person:머스탱,F2678,사실,정의,event_staranis1,454,144,,,,확정
person:머스탱,F2680,사실,정의,event_staranis1,454,144,,,,확정
person:머스탱,F2683,사실,정의,event_staranis1,454,144,,,,확정
person:머스탱,F2684,사실,정의,event_staranis1,454,144,,,,확정
person:머스탱,F2685,사실,정의,event_staranis1,454,144,,,,확정
person:머스탱,F2688,사실,정의,event_staranis1,454,144,,,,확정
person:머스탱,F2689,사실,정의,event_staranis1,454,144,,,,확정
person:머스탱,F2691,사실,정의,event_staranis1,454,144,,,,확정
person:머스탱,F2694,사실,정의,event_staranis1,454,144,,J24,,확정
person:머스탱,F2700,사실,정의,event_staranis1,454,144,,,,확정
person:머스탱,F2701,사실,정의,event_staranis1,454,144,,J24,,확정
person:머스탱,Q19-4,사건,회수,event_staranis1,454,144,,,,확정
person:머스탱,Q279-3,사건,회수,event_staranis1,454,144,,,,확정
person:머스탱,Q291-2,사건,회수,event_staranis1,454,144,,,,확정
person:머스탱,Q331-2,사건,회수,event_staranis1,454,144,,,,확정
person:머스탱,Q348,의문,정의,event_staranis1,454,144,풀림,J24,,확정
person:머스탱,Q348-2,사건,회수,event_staranis1,454,144,,,,확정
person:머스탱,Q349,의문,정의,event_staranis1,454,144,풀림,J24,,확정
person:머스탱,Q349-2,사건,회수,event_staranis1,454,144,,,,확정
person:머스탱,D1737,기준,관계,fl:b-side_idol,458,146,,,person:민트,확정
person:머스탱,D1738,변화,관계,fl:b-side_idol,458,146,,,person:지휘관,확정
person:머스탱,E1531,떡밥,재언급,fl:b-side_idol,458,146,,,,확정
person:머스탱,E1532,떡밥,암시,fl:b-side_idol,458,146,,,,확정
person:머스탱,F2718,사실,정의,fl:b-side_idol,458,146,,,,확정
person:머스탱,D1745,기준,관계,fl:bitter_spice,460,147,,,person:프리카,확정
person:머스탱,F2722,사실,정의,fl:bitter_spice,460,147,,,,확정
person:머스탱,D1265,기준,관계,fl:ark_ranger,462,148,,,person:아크레인저_블랙,확정
person:머스탱,D1266,변화,관계,fl:ark_ranger,462,148,,,person:아크레인저_블랙,확정
person:머스탱,E1166,떡밥,암시,fl:ark_ranger,462,148,,,,확정
person:머스탱,E1171,떡밥,암시,fl:ark_ranger,462,148,,,,확정
person:머스탱,F2726,사실,정의,fl:ark_ranger,462,148,,,,확정
person:머스탱,F2730,사실,정의,fl:ark_ranger,462,148,,,,확정
person:머스탱,F2731,사실,정의,fl:ark_ranger,462,148,,,,확정
person:머스탱,F2740,사실,정의,fl:ark_ranger,462,148,,,,확정
person:머스탱,F2741,사실,정의,fl:ark_ranger,462,148,,,,확정
person:머스탱,F2745,사실,정의,fl:ark_ranger,462,148,,,,확정
person:머스탱,U434,생활상,방주 사회,fl:ark_ranger,462,148,,,,확정
person:머스탱,F2818,사실,정의,ch47,470,153,,,,확정
person:메어리,D1384,기준,성격,char:130,100,17,,,,확정
person:메어리,D1385,기준,관계,char:130,100,17,,,person:페퍼,확정
person:메어리,D1386,변화,관계,char:130,100,17,,,person:페퍼,확정
person:메어리,D1387,기준,관계,char:130,100,17,,,person:지휘관,확정
person:메어리,D1388,변화,관계,char:130,100,17,,,person:지휘관,확정
person:메어리,D1389,기준,신념,char:130,100,17,,,,확정
person:메어리,D1390,변화,신념,char:130,100,17,,,,확정
person:메어리,D1391,기준,기억,char:130,100,17,,,,확정
person:메어리,D1393,관계 상대,관계,char:130,100,17,,,person:페퍼,확정
person:메어리,D1394,관계 상대,관계,char:130,100,17,,,person:머스탱,확정
person:메어리,E1266,떡밥,암시,char:130,100,17,,,,확정
person:메어리,E1267,떡밥,암시,char:130,100,17,,,,확정
person:메어리,E1268,떡밥,암시,char:130,100,17,,,,확정
person:메어리,E1269,떡밥,재언급,char:130,100,17,,,,확정
person:메어리,F533,사실,정의,char:130,100,17,,,,확정
person:메어리,F534,사실,정의,char:130,100,17,,,,확정
person:메어리,F535,사실,정의,char:130,100,17,,,,확정
person:메어리,F536,사실,정의,char:130,100,17,,,,확정
person:메어리,F537,사실,정의,char:130,100,17,,,,확정
person:메어리,F538,사실,정의,char:130,100,17,,,,확정
person:메어리,F540,사실,정의,char:130,100,17,,,,확정
person:메어리,F618,사실,정의,char:241,121,17,,,,확정
person:메어리,F623,사실,정의,char:90,123,17,,,,확정
person:메어리,F644,사실,정의,char:131,130,17,,,,확정
person:메어리,F650,사실,정의,char:242,132,17,,,,확정
person:메어리,F655,사실,정의,char:142,134,17,,,,확정
person:메어리,F947,사실,정의,char:270,205,37,,,,확정
person:메어리,D262,변화,관계,event_bluewaterisland,209,40,,,person:지휘관,확정
person:메어리,D263,변화,신념,event_bluewaterisland,209,40,,,,확정
person:메어리,E211,떡밥,암시,event_bluewaterisland,209,40,,,,확정
person:메어리,E212,떡밥,암시,event_bluewaterisland,209,40,,,,확정
person:메어리,E213,떡밥,암시,event_bluewaterisland,209,40,,,,확정
person:메어리,E214,떡밥,암시,event_bluewaterisland,209,40,,,,확정
person:메어리,E215,떡밥,암시,event_bluewaterisland,209,40,,,,확정
person:메어리,E216,떡밥,암시,event_bluewaterisland,209,40,,,,확정
person:메어리,E218,떡밥,재언급,event_bluewaterisland,209,40,,,,확정
person:메어리,F537-2,사건,드러냄,event_bluewaterisland,209,40,,,,확정
person:메어리,F968,사실,정의,event_bluewaterisland,209,40,,,,확정
person:메어리,F969,사실,정의,event_bluewaterisland,209,40,,,,확정
person:메어리,F971,사실,정의,event_bluewaterisland,209,40,,J14,,확정
person:메어리,F972,사실,정의,event_bluewaterisland,209,40,,,,확정
person:메어리,O116,마무리,성장,event_bluewaterisland,209,40,,,,확정
person:메어리,D2039,변화,신체,char:132,210,40,,,,확정
person:메어리,D2040,변화,관계,char:132,210,40,,,person:지휘관,확정
person:메어리,F975,사실,정의,char:132,210,40,,,,확정
person:메어리,F976,사실,정의,char:132,210,40,,,,확정
person:메어리,F977,사실,정의,char:132,210,40,,,,확정
person:메어리,O115,마무리,관계,char:132,210,40,,,,확정
person:메어리,F1484,사실,정의,event_goldencoinrush1,300,75,,,,확정
person:메어리,F1485,사실,정의,event_goldencoinrush1,300,75,,,,확정
person:메어리,F1486,사실,정의,event_goldencoinrush1,300,75,,,,확정
person:메어리,F1504,사실,정의,char:551,304,77,,,,확정
person:메어리,E426,떡밥,재언급,event_beautyfullshot1,305,78,,,,확정
person:메어리,F1508,사실,정의,event_beautyfullshot1,305,78,,,,확정
person:메어리,F1509,사실,정의,event_beautyfullshot1,305,78,,,,확정
person:메어리,F1615,사실,정의,side:wordless,331,89,,,,확정
person:메어리,F1822,사실,정의,char:836,362,102,,,,확정
person:메어리,F1928,사실,정의,event_arcanearchive,383,111,,,,확정
person:메어리,F2351,사실,정의,fl:terminus_ticket,425,131,,,,확정
person:메어리,F2353,사실,정의,fl:terminus_ticket,425,131,,,,확정
person:메이든,F308,사실,정의,ch12,59,13,,,,확정
person:메이든,Q60,의문,정의,ch12,59,13,풀림,J25,,확정
person:메이든,Q60-2,사건,회수,char:180,85,17,,,,확정
person:메이든,D1810,기준,성격,char:181,101,17,,,,확정
person:메이든,D1811,기준,신념,char:181,101,17,,,,확정
person:메이든,D1812,변화,신념,char:181,101,17,,,,확정
person:메이든,D1813,기준,관계,char:181,101,17,,,person:지휘관,확정
person:메이든,D1814,변화,관계,char:181,101,17,,,person:지휘관,확정
person:메이든,F541,사실,정의,char:181,101,17,,,,확정
person:메이든,F542,사실,정의,char:181,101,17,,,,확정
person:메이든,F543,사실,정의,char:181,101,17,,,,확정
person:메이든,F544,사실,정의,char:181,101,17,,,,확정
person:메이든,F545,사실,정의,char:181,101,17,,,,확정
person:메이든,D275,관계 상대,관계,ch23,214,43,,,person:길로틴,확정
person:메이든,F997,사실,정의,ch23,214,43,,J25,,확정
person:메이든,D471,관계 상대,관계,event_darkhero,298,74,,,person:트로니,확정
person:메이든,D472,관계 상대,관계,event_darkhero,298,74,,,person:트로니,확정
person:메이든,D475,관계 상대,관계,event_darkhero,298,74,,,person:일레그,확정
person:메이든,D477,변화,신념,event_darkhero,298,74,,,,확정
person:메이든,D478,기준,관계,event_darkhero,298,74,,,person:트로니,확정
person:메이든,E416,떡밥,재언급,event_darkhero,298,74,,,,확정
person:메이든,E420,떡밥,재언급,event_darkhero,298,74,,,,확정
person:메이든,F1464,사실,정의,event_darkhero,298,74,,,,확정
person:메이든,F1468,사실,정의,event_darkhero,298,74,,,,확정
person:메이든,F1470,사실,정의,event_darkhero,298,74,,,,확정
person:메이든,F1471,사실,정의,event_darkhero,298,74,,,,확정
person:메이든,F1473,사실,정의,event_darkhero,298,74,,,,확정
person:메이든,D490,관계 상대,관계,event_beautyfullshot1,305,78,,,person:길티,확정
person:메이든,D491,관계 상대,관계,event_beautyfullshot1,305,78,,,person:길티,확정
person:메이든,D492,기준,관계,event_beautyfullshot1,305,78,,,person:길티,확정
person:메이든,E431,떡밥,재언급,event_beautyfullshot1,305,78,,,,확정
person:메이든,F1508,사실,정의,event_beautyfullshot1,305,78,,,,확정
person:메이든,F1510,사실,정의,event_beautyfullshot1,305,78,,,,확정
person:메이든,F1517,사실,정의,event_beautyfullshot1,305,78,,,,확정
person:메이든,F1518,사실,정의,event_beautyfullshot1,305,78,,,,확정
person:메이든,D1612,관계 상대,관계,event_icedragonsaga1,347,94,,,person:길로틴,확정
person:메이든,D1613,관계 상대,관계,event_icedragonsaga1,347,94,,,person:길로틴,확정
person:메이든,D1615,변화,성격,event_icedragonsaga1,347,94,,,,확정
person:메이든,D1616,변화,신념,event_icedragonsaga1,347,94,,,,확정
person:메이든,D1617,변화,신념,event_icedragonsaga1,347,94,,,,확정
person:메이든,D1618,기준,관계,event_icedragonsaga1,347,94,,,person:길로틴,확정
person:메이든,D1619,변화,관계,event_icedragonsaga1,347,94,,,person:길로틴,확정
person:메이든,D1621,관계 상대,관계,event_icedragonsaga1,347,94,,,person:잉그리드,확정
person:메이든,D1622,관계 상대,관계,event_icedragonsaga1,347,94,,,person:잉그리드,확정
person:메이든,E1407,떡밥,암시,event_icedragonsaga1,347,94,,,,확정
person:메이든,E1408,떡밥,암시,event_icedragonsaga1,347,94,,,,확정
person:메이든,E1409,떡밥,재언급,event_icedragonsaga1,347,94,,,,확정
person:메이든,E1413,떡밥,재언급,event_icedragonsaga1,347,94,,,,확정
person:메이든,E1414,떡밥,암시,event_icedragonsaga1,347,94,,,,확정
person:메이든,E1415,떡밥,재언급,event_icedragonsaga1,347,94,,,,확정
person:메이든,F1728,사실,정의,event_icedragonsaga1,347,94,,,,확정
person:메이든,F1729,사실,정의,event_icedragonsaga1,347,94,,J25,,확정
person:메이든,F1732,사실,정의,event_icedragonsaga1,347,94,,,,확정
person:메이든,F1733,사실,정의,event_icedragonsaga1,347,94,,,,확정
person:메이든,F1734,사실,정의,event_icedragonsaga1,347,94,,,,확정
person:메이든,O20,마무리,관계,event_icedragonsaga1,347,94,H11,,,확정
person:메이든,O153,마무리,성장,event_icedragonsaga1,347,94,H11,,,확정
person:메이든,F1737,사실,정의,char:182,349,95,,,,확정
person:메이슨_박사,F811,사실,정의,char:311,176,28,,,,확정
person:메카_시프티,F1841,사실,정의,event_foolburstday,369,106,,,,확정
person:메카_시프티,F1842,사실,정의,event_foolburstday,369,106,,,,확정
person:멜런,E1041,떡밥,재언급,fl:enter_heaven,442,140,,,,확정
person:멜런,F2503,사실,정의,fl:enter_heaven,442,140,,,,확정
person:멜런,F2504,사실,정의,fl:enter_heaven,442,140,,,,확정
person:멜런,F2505,사실,정의,fl:enter_heaven,442,140,,,,확정
person:모나,D1765,기준,관계,fl:persona_on_frontline,474,154,,,person:지휘관,확정
person:모나,D1766,변화,관계,fl:persona_on_frontline,474,154,,,person:지휘관 person:미란다,확정
person:모나,D1767,기준,기억,fl:persona_on_frontline,474,154,,,,확정
person:모나,D1773,관계 상대,관계,fl:persona_on_frontline,474,154,,,person:에이드,확정
person:모나,E1565,떡밥,재언급,fl:persona_on_frontline,474,154,,,,확정
person:모나,E1570,떡밥,암시,fl:persona_on_frontline,474,154,,,,확정
person:모나,E1571,떡밥,암시,fl:persona_on_frontline,474,154,,,,확정
person:모나,E1575,떡밥,재언급,fl:persona_on_frontline,474,154,,,,확정
person:모나,E1576,떡밥,암시,fl:persona_on_frontline,474,154,,,,확정
person:모나,E1577,떡밥,암시,fl:persona_on_frontline,474,154,,,,확정
person:모나,E1579,떡밥,암시,fl:persona_on_frontline,474,154,,,,확정
person:모나,F2851,사실,정의,fl:persona_on_frontline,474,154,,,,확정
person:모나,F2856,사실,정의,fl:persona_on_frontline,474,154,,,,확정
person:모나,F2857,사실,정의,fl:persona_on_frontline,474,154,,,,확정
person:모나,F2858,사실,정의,fl:persona_on_frontline,474,154,,,,확정
person:모나,F2861,사실,정의,fl:persona_on_frontline,474,154,,,,확정
person:모나,F2863,사실,정의,fl:persona_on_frontline,474,154,,,,확정
person:모나,F2866,사실,정의,fl:persona_on_frontline,474,154,,,,확정
person:모나,F2904,사실,정의,fl:persona_on_frontline,474,154,,,,확정
person:모더니아,F126,사실,정의,ch06,26,7,,,,확정
person:모더니아,Q29,의문,정의,ch06,26,7,일부,J1,,확정
person:모더니아,E54,떡밥,암시,ch07,31,8,,,,확정
person:모더니아,E55,떡밥,암시,ch07,31,8,,,,확정
person:모더니아,F207,사실,정의,ch07,31,8,,,,확정
person:모더니아,F209,사실,정의,ch07,31,8,,,,확정
person:모더니아,F210,사실,정의,ch07,31,8,,,,확정
person:모더니아,Q37,의문,정의,ch07,31,8,열림,J1,,확정
person:모더니아,F322,사실,정의,ch12,59,13,,,,확정
person:모더니아,F323,사실,정의,ch12,59,13,,,,확정
person:모더니아,E86,떡밥,암시,ch13,64,14,,,,확정
person:모더니아,E87,떡밥,재언급,ch13,64,14,,,,확정
person:모더니아,F333,사실,정의,ch13,64,14,,,,확정
person:모더니아,F334,사실,정의,ch13,64,14,,,,확정
person:모더니아,F335,사실,정의,ch13,64,14,,,,확정
person:모더니아,F337,사실,정의,ch13,64,14,,,,확정
person:모더니아,F1325,사실,정의,sub:택틱컬틱택_01,245,54,,,,확정
person:모더니아,E409,떡밥,재언급,event_lastkingdom1,295,73,,,,확정
person:모더니아,F1426,사실,정의,event_lastkingdom1,295,73,,,,확정
person:모더니아,Q29-2,사건,회수,event_lastkingdom1,295,73,,,,확정
person:모더니아,E726,떡밥,재언급,event_arcanearchive,383,111,,,,확정
person:모더니아,F2837,사실,정의,ch48,472,154,,J1,,확정
person:모르가나,F2867,사실,정의,fl:persona_on_frontline,474,154,,,,확정
person:모르가나,F2870,사실,정의,char:870,476,154,,,,확정
person:모리,D674,기준,성격,event_unbreakablesphere1,377,109,,,,확정
person:모리,D675,기준,관계,event_unbreakablesphere1,377,109,,,person:미하라,확정
person:모리,D676,기준,관계,event_unbreakablesphere1,377,109,,,person:세이렌,확정
person:모리,D677,변화,성격,event_unbreakablesphere1,377,109,,,,확정
person:모리,D678,기준,신념,event_unbreakablesphere1,377,109,,,,확정
person:모리,D679,기준,소속,event_unbreakablesphere1,377,109,,,,확정
person:모리,D680,변화,관계,event_unbreakablesphere1,377,109,,,person:세이렌,확정
person:모리,D681,변화,관계,event_unbreakablesphere1,377,109,,,person:미하라,확정
person:모리,D682,변화,성격,event_unbreakablesphere1,377,109,,,,확정
person:모리,D683,변화,신념,event_unbreakablesphere1,377,109,,,,확정
person:모리,D684,변화,소속,event_unbreakablesphere1,377,109,,,,확정
person:모리,D685,관계 상대,관계,event_unbreakablesphere1,377,109,,,person:세이렌,확정
person:모리,D688,관계 상대,관계,event_unbreakablesphere1,377,109,,,person:세이렌,확정
person:모리,D689,관계 상대,관계,event_unbreakablesphere1,377,109,,,person:신데렐라,확정
person:모리,D690,관계 상대,관계,event_unbreakablesphere1,377,109,,,person:유니,확정
person:모리,D691,관계 상대,관계,event_unbreakablesphere1,377,109,,,person:유니,확정
person:모리,E678,떡밥,암시,event_unbreakablesphere1,377,109,,,,확정
person:모리,E679,떡밥,암시,event_unbreakablesphere1,377,109,,,,확정
person:모리,E680,떡밥,암시,event_unbreakablesphere1,377,109,,,,확정
person:모리,E681,떡밥,암시,event_unbreakablesphere1,377,109,,,,확정
person:모리,E682,떡밥,암시,event_unbreakablesphere1,377,109,,,,확정
person:모리,E684,떡밥,암시,event_unbreakablesphere1,377,109,,,,확정
person:모리,E685,떡밥,암시,event_unbreakablesphere1,377,109,,,,확정
person:모리,E686,떡밥,암시,event_unbreakablesphere1,377,109,,,,확정
person:모리,E689,떡밥,암시,event_unbreakablesphere1,377,109,,,,확정
person:모리,E692,떡밥,재언급,event_unbreakablesphere1,377,109,,,,확정
person:모리,E707,떡밥,재언급,event_unbreakablesphere1,377,109,,,,확정
person:모리,F1884,사실,정의,event_unbreakablesphere1,377,109,,J12,,확정
person:모리,F1884-2,사건,드러냄,event_unbreakablesphere1,377,109,,,,확정
person:모리,F1890,사실,정의,event_unbreakablesphere1,377,109,,,,확정
person:모리,F1891,사실,정의,event_unbreakablesphere1,377,109,,,,확정
person:모리,F1892,사실,정의,event_unbreakablesphere1,377,109,,,,확정
person:모리,F1893,사실,정의,event_unbreakablesphere1,377,109,,,,확정
person:모리,F1898,사실,정의,event_unbreakablesphere1,377,109,,J23,,확정
person:모리,F1901,사실,정의,event_unbreakablesphere1,377,109,,,,확정
person:모리,F1903,사실,정의,event_unbreakablesphere1,377,109,,J12,,확정
person:모리,U275,생활상,기업 · 조직,event_unbreakablesphere1,377,109,,,,확정
person:모리,U276,생활상,방주 사회,event_unbreakablesphere1,377,109,,,,확정
person:모리,U277,생활상,일상 · 문화,event_unbreakablesphere1,377,109,,,,확정
person:모리,F1904,사실,정의,erelic:unbreakable_sphere_dialog,378,109,,,,확정
person:모리,D2161,기준,관계,char:590,381,109,,,person:지휘관,확정
person:모리,D2162,변화,관계,char:590,381,109,,,person:지휘관,확정
person:모리,E1617,떡밥,재언급,char:590,381,109,,,,확정
person:모리,F1915,사실,정의,char:590,381,109,,,,확정
person:모리,F1916,사실,정의,char:590,381,109,,,,확정
person:모리,F1917,사실,정의,char:590,381,109,,,,확정
person:모리,F1918,사실,정의,char:590,381,109,,,,확정
person:모리,Q245,의문,정의,char:590,381,109,열림,J23,,확정
person:모리,F2193,사실,정의,ch41,414,127,,,,확정
person:모리,D887,변화,관계,ch42,416,128,,,person:지휘관,확정
person:모리,D888,변화,성격,ch42,416,128,,,,확정
person:모리,D889,관계 상대,관계,ch42,416,128,,,person:신데렐라,확정
person:모리,F2216,사실,정의,ch42,416,128,,,,확정
person:모리,F2226,사실,정의,ch42,416,128,,,,확정
person:모리,F2231,사실,정의,ch42,416,128,,,,확정
person:모리,O182,마무리,관계,ch42,416,128,H7,,,확정
person:모리,O184,마무리,성장,ch42,416,128,H7,,,확정
person:모리,D1753,변화,신념,fl:wave_to_you,464,149,,,,확정
person:모리,D1754,관계 상대,관계,fl:wave_to_you,464,149,,,person:그레이브,확정
person:모리,F2764,사실,정의,fl:wave_to_you,464,149,,,,확정
person:목단,D204,기준,성격,event_cherryblossom,183,32,,,,확정
person:목단,D205,기준,관계,event_cherryblossom,183,32,,,person:사쿠라,확정
person:목단,D206,기준,신념,event_cherryblossom,183,32,,,,확정
person:목단,F830,사실,정의,event_cherryblossom,183,32,,,,확정
person:목단,F831,사실,정의,event_cherryblossom,183,32,,,,확정
person:목단,D233,관계 상대,관계,ch22,195,36,,,person:E.H.,확정
person:목단,D234,관계 상대,관계,ch22,195,36,,,person:E.H.,확정
person:목단,E169,떡밥,암시,ch22,195,36,,,,확정
person:목단,D1440,관계 상대,관계,event_queensorder,207,39,,,person:로산나,확정
person:목단,D1441,기준,관계,event_queensorder,207,39,,,person:로산나,확정
person:목단,F953,사실,정의,event_queensorder,207,39,,,,확정
person:목단,F961,사실,정의,char:280,208,39,,,,확정
person:목단,D271,기준,관계,ch23,214,43,,,person:E.H.,확정
person:목단,D272,관계 상대,관계,ch23,214,43,,,person:사쿠라,확정
person:목단,E226,떡밥,암시,ch23,214,43,,,,확정
person:목단,F990,사실,정의,ch23,214,43,,,,확정
person:목단,F991,사실,정의,ch23,214,43,,,,확정
person:목단,F1020,사실,정의,ch24,219,44,,,,확정
person:목단,D366,기준,관계,event_dirtybackyard,265,62,,,person:지휘관,확정
person:목단,D367,변화,신념,event_dirtybackyard,265,62,,,,확정
person:목단,D368,관계 상대,관계,event_dirtybackyard,265,62,,,person:슈가,확정
person:목단,D369,관계 상대,관계,event_dirtybackyard,265,62,,,person:슈가,확정
person:목단,E316,떡밥,암시,event_dirtybackyard,265,62,,,,확정
person:목단,E317,떡밥,암시,event_dirtybackyard,265,62,,,,확정
person:목단,E318,떡밥,암시,event_dirtybackyard,265,62,,,,확정
person:목단,F953-2,사건,드러냄,event_dirtybackyard,265,62,,,,확정
person:목단,F1257,사실,정의,event_dirtybackyard,265,62,,,,확정
person:목단,F1258,사실,정의,event_dirtybackyard,265,62,,,,확정
person:목단,F1262,사실,정의,event_dirtybackyard,265,62,,,,확정
person:목단,F1263,사실,정의,event_dirtybackyard,265,62,,,,확정
person:목단,F1264,사실,정의,event_dirtybackyard,265,62,,,,확정
person:목단,F1266,사실,정의,event_dirtybackyard,265,62,,,,확정
person:목단,F1267,사실,정의,event_dirtybackyard,265,62,,,,확정
person:목단,Q161,의문,정의,event_dirtybackyard,265,62,일부,J17,,확정
person:목단,F1269,사실,정의,char:281,266,62,,,,확정
person:목단,F1270,사실,정의,char:281,266,62,,,,확정
person:목단,F1271,사실,정의,char:281,266,62,,,,확정
person:목단,F1272,사실,정의,char:281,266,62,,,,확정
person:목단,E357,떡밥,재언급,event_killthelord,282,67,,,,확정
person:목단,E379,떡밥,재언급,ch30,293,73,,,,확정
person:목단,Q161-2,사건,회수,ch30,293,73,,,,확정
person:목단,F1506,사실,정의,event_beautyfullshot1,305,78,,,,확정
person:목단,F1508,사실,정의,event_beautyfullshot1,305,78,,,,확정
person:목단,D715,변화,신념,event_lordforjustice,385,112,,,,확정
person:목단,D716,기준,관계,event_lordforjustice,385,112,,,person:K,확정
person:목단,D717,변화,관계,event_lordforjustice,385,112,,,person:K,확정
person:목단,E732,떡밥,암시,event_lordforjustice,385,112,,,,확정
person:목단,E736,떡밥,재언급,event_lordforjustice,385,112,,,,확정
person:목단,F1953,사실,정의,event_lordforjustice,385,112,,,,확정
person:목단,F1954,사실,정의,event_lordforjustice,385,112,,,,확정
person:목단,F1955,사실,정의,event_lordforjustice,385,112,,,,확정
person:목단,F1962,사실,정의,event_lordforjustice,385,112,,J17,,확정
person:목단,F1965,사실,정의,event_lordforjustice,385,112,,,,확정
person:목단,O196,마무리,성장,event_lordforjustice,385,112,H20,,,확정
person:목단,Q161-3,사건,회수,event_lordforjustice,385,112,,,,확정
person:목단,E823,떡밥,재언급,ch40,398,119,,,,확정
person:목단,Q161-4,사건,회수,ch41,414,127,,,,확정
person:목단,D1058,변화,신념,ch44,436,138,,,,확정
person:목단,D1059,관계 상대,관계,ch44,436,138,,,person:진,확정
person:목단,D1060,변화,소속,ch44,436,138,,,,확정
person:목단,D1064,관계 상대,관계,ch44,436,138,,,person:슈가,확정
person:목단,D1065,기준,관계,ch44,436,138,,,person:슈가,확정
person:목단,F2449,사실,정의,ch44,436,138,,,,확정
person:목단,F2450,사실,정의,ch44,436,138,,,,확정
person:목단,F2456,사실,정의,ch44,436,138,,,,확정
person:목단,Q161-5,사건,회수,ch44,436,138,,,,확정
person:목단,Q161-6,사건,회수,ch45,450,143,,,,확정
person:목단,D1270,변화,소속,fl:ark_ranger,462,148,,,,확정
person:목단,E1175,떡밥,재언급,fl:ark_ranger,462,148,,,,확정
person:목단,F2739,사실,정의,fl:ark_ranger,462,148,,,,확정
person:목단,F2740,사실,정의,fl:ark_ranger,462,148,,,,확정
person:문구점,F899,사실,정의,sub:문구점_00,196,36,,,,확정
person:뮤직_마스터,F297,사실,정의,sub:음악_애호가_00,54,12,,,,확정
person:미란다,F435,사실,정의,char:180,85,17,,,,확정
person:미란다,D1815,기준,성격,char:32,102,17,,,,확정
person:미란다,D1816,기준,소속,char:32,102,17,,,,확정
person:미란다,D1817,기준,신념,char:32,102,17,,,,확정
person:미란다,D1818,변화,신념,char:32,102,17,,,,확정
person:미란다,D1819,기준,관계,char:32,102,17,,,person:지휘관,확정
person:미란다,D1820,변화,관계,char:32,102,17,,,person:지휘관,확정
person:미란다,D1821,기준,관계,char:32,102,17,,,person:폴리,확정
person:미란다,D1822,변화,관계,char:32,102,17,,,person:폴리,확정
person:미란다,D1823,관계 상대,관계,char:32,102,17,,,person:폴리,확정
person:미란다,F546,사실,정의,char:32,102,17,,,,확정
person:미란다,F547,사실,정의,char:32,102,17,,,,확정
person:미란다,F548,사실,정의,char:32,102,17,,,,확정
person:미란다,F549,사실,정의,char:32,102,17,,,,확정
person:미란다,F605,사실,정의,char:191,118,17,,,,확정
person:미란다,F649,사실,정의,char:30,131,17,,,,확정
person:미란다,F822,사실,정의,char:802,180,30,,,,확정
person:미란다,F823,사실,정의,char:802,180,30,,,,확정
person:미란다,F872,사실,정의,ch21,189,35,,,,확정
person:미란다,F1092,사실,정의,event_freezeacpu,239,53,,,,확정
person:미란다,F1093,사실,정의,char:33,240,53,,,,확정
person:미란다,D1585,관계 상대,관계,event_phantomthiefvsdetective,328,87,,,person:팬텀,확정
person:미란다,D1589,기준,관계,event_phantomthiefvsdetective,328,87,,,person:팬텀,확정
person:미란다,F1608,사실,정의,event_phantomthiefvsdetective,328,87,,,,확정
person:미란다,F1833,사실,정의,char:412,366,104,,,,확정
person:미란다,D837,변화,성격,fl:reborn_evil,407,124,,,,확정
person:미란다,D2186,기준,기억,char:841,410,125,,,,확정
person:미란다,E1620,떡밥,재언급,char:841,410,125,,,,확정
person:미란다,F2176,사실,정의,fl:go_ninja_thief,412,126,,,,확정
person:미란다,F2178,사실,정의,fl:go_ninja_thief,412,126,,,,확정
person:미란다,F2179,사실,정의,char:23,413,126,,,,확정
person:미란다,D1759,관계 상대,관계,fl:persona_on_frontline,474,154,,,person:곰,확정
person:미란다,D1766,관계 상대,관계,fl:persona_on_frontline,474,154,,,person:모나,확정
person:미란다,E1574,떡밥,재언급,fl:persona_on_frontline,474,154,,,,확정
person:미란다,F2851,사실,정의,fl:persona_on_frontline,474,154,,,,확정
person:미란다,F2865,사실,정의,fl:persona_on_frontline,474,154,,,,확정
person:미러,E309,떡밥,암시,erelic:red_ash_mini,253,55,,,,확정
person:미러,E527,떡밥,재언급,event_oldtales1,338,91,,,,확정
person:미러,E539,떡밥,암시,event_oldtales1,338,91,,,,확정
person:미러,F1669,사실,정의,event_oldtales1,338,91,,,,확정
person:미러,F1675,사실,정의,event_oldtales1,338,91,,,,확정
person:미러,F1680,사실,정의,event_oldtales1,338,91,,,,확정
person:미러,F1689,사실,정의,event_oldtales1,338,91,,,,확정
person:미러,E553,떡밥,재언급,erelic:old_tales_mini_memory,341,91,,,,확정
person:미러,D908,기준,신념,event_goddessfall1,418,128,,,,확정
person:미러,D909,기준,관계,event_goddessfall1,418,128,,,person:퀸,확정
person:미러,D910,기준,관계,event_goddessfall1,418,128,,,person:장화,확정
person:미러,D942,기준,관계,event_goddessfall1,418,128,,,person:토커티브,확정
person:미러,D957,변화,소속,event_goddessfall1,418,128,,,,확정
person:미러,E952,떡밥,암시,event_goddessfall1,418,128,,,,확정
person:미러,E958,떡밥,암시,event_goddessfall1,418,128,,,,확정
person:미러,F2276,사실,정의,event_goddessfall1,418,128,,,,확정
person:미러,F2277,사실,정의,event_goddessfall1,418,128,,J1,,확정
person:미러,F2278,사실,정의,event_goddessfall1,418,128,,J3,,확정
person:미러,F2280,사실,정의,event_goddessfall1,418,128,,,,확정
person:미러,F2281,사실,정의,event_goddessfall1,418,128,,,,확정
person:미러,F2282,사실,정의,event_goddessfall1,418,128,,,,확정
person:미러,F2291,사실,정의,event_goddessfall1,418,128,,,,확정
person:미러,F2293,사실,정의,event_goddessfall1,418,128,,,,확정
person:미러,F2307,사실,정의,event_goddessfall1,418,128,,,,확정
person:미러,F2308,사실,정의,event_goddessfall1,418,128,,,,확정
person:미러,F2320,사실,정의,event_goddessfall1,418,128,,J13,,확정
person:미러,F2321,사실,정의,event_goddessfall1,418,128,,,,확정
person:미러,F2322,사실,정의,event_goddessfall1,418,128,,,,확정
person:미러,F2891,사실,정의,event_goddessfall1,418,128,,J3,,확정
person:미러,Q297,의문,정의,event_goddessfall1,418,128,열림,J12,,확정
person:미러,Q298,의문,정의,event_goddessfall1,418,128,열림,J13,,확정
person:미러,Q300,의문,정의,event_goddessfall1,418,128,일부,J30,,확정
person:미러,F2377,사실,정의,fl:ark_guardian,428,133,,,,확정
person:미러,Q311,의문,정의,fl:ark_guardian,428,133,열림,J15,,확정
person:미러,D1050,변화,관계,ch44,436,138,,,person:퀸,확정
person:미러,F2435,사실,정의,ch44,436,138,,J13,,확정
person:미러,D1149,관계 상대,관계,ch46,452,144,,,person:장화,확정
person:미러,D1155,변화,관계,ch46,452,144,,,person:나유타,확정
person:미러,D1156,변화,신념,ch46,452,144,,,,확정
person:미러,E1106,떡밥,암시,ch46,452,144,,,,확정
person:미러,E1109,떡밥,재언급,ch46,452,144,,,,확정
person:미러,F2377-2,사건,드러냄,ch46,452,144,,,,확정
person:미러,F2435-2,사건,드러냄,ch46,452,144,,,,확정
person:미러,F2614,사실,정의,ch46,452,144,,,,확정
person:미러,F2615,사실,정의,ch46,452,144,,J13,,확정
person:미러,F2616,사실,정의,ch46,452,144,,,,확정
person:미러,F2617,사실,정의,ch46,452,144,,J13,,확정
person:미러,F2618,사실,정의,ch46,452,144,,,,확정
person:미러,F2619,사실,정의,ch46,452,144,,J30,,확정
person:미러,F2620,사실,정의,ch46,452,144,,,,확정
person:미러,F2621,사실,정의,ch46,452,144,,,,확정
person:미러,F2622,사실,정의,ch46,452,144,,,,확정
person:미러,F2627,사실,정의,ch46,452,144,,,,확정
person:미러,F2628,사실,정의,ch46,452,144,,,,확정
person:미러,F2629,사실,정의,ch46,452,144,,,,확정
person:미러,F2631,사실,정의,ch46,452,144,,,,확정
person:미러,F2632,사실,정의,ch46,452,144,,,,확정
person:미러,F2633,사실,정의,ch46,452,144,,,,확정
person:미러,Q300-2,사건,회수,ch46,452,144,,,,확정
person:미러,Q343,의문,정의,ch46,452,144,일부,J20,,확정
person:미러,E1216,떡밥,암시,ch47,470,153,,,,확정
person:미러,F2808,사실,정의,ch47,470,153,,,,확정
person:미러,F2832,사실,정의,ch48,472,154,,,,확정
person:미러,F2843,사실,정의,ch48,472,154,,J20,,확정
person:미러,Q343-2,사건,회수,ch48,472,154,,,,확정
person:미러,E1245,떡밥,재언급,relic:불길한_소리.wav,473,154,,,,확정
person:미사토,D2120,기준,성격,char:833,321,83,,,,확정
person:미사토,F1597,사실,정의,char:833,321,83,,,,확정
person:미사토,Q210,의문,정의,char:833,321,83,열림,J55,,확정
person:미세스_미스,F2061,사실,정의,ch39,396,118,,,,확정
person:미세스_미스,D796,기준,신념,ch40,398,119,,,,확정
person:미세스_미스,D797,관계 상대,관계,ch40,398,119,,,person:머스탱,확정
person:미세스_미스,E824,떡밥,재언급,ch40,398,119,,,,확정
person:미세스_미스,F2086,사실,정의,ch40,398,119,,,,확정
person:미세스_미스,F2091,사실,정의,ch40,398,119,,,,확정
person:미세스_미스,F2092,사실,정의,ch40,398,119,,,,확정
person:미세스_미스,F2093,사실,정의,ch40,398,119,,J24,,확정
person:미세스_미스,D858,변화,신념,ch41,414,127,,,,확정
person:미세스_미스,D859,변화,관계,ch41,414,127,,,person:아니스 person:민트 person:프리카,확정
person:미세스_미스,E898,떡밥,암시,ch41,414,127,,,,확정
person:미세스_미스,F2198,사실,정의,ch41,414,127,,,,확정
person:미세스_미스,F2199,사실,정의,ch41,414,127,,,,확정
person:미세스_미스,F2200,사실,정의,ch41,414,127,,,,확정
person:미세스_미스,F2201,사실,정의,ch41,414,127,,,,확정
person:미세스_미스,D895,기준,관계,ch42,416,128,,,person:아니스,확정
person:미세스_미스,E919,떡밥,재언급,ch42,416,128,,,,확정
person:미세스_미스,F2244,사실,정의,ch42,416,128,,,,확정
person:미세스_미스,F2463,사실,정의,ch44,436,138,,,,확정
person:미세스_미스,D1093,기준,성격,side:pretty_star,447,142,,,,확정
person:미세스_미스,D1099,기준,관계,side:pretty_star,447,142,,,person:머스탱,확정
person:미세스_미스,D1103,기준,관계,side:pretty_star,447,142,,,person:프리티,확정
person:미세스_미스,D1114,변화,소속,side:pretty_star,447,142,,,,확정
person:미세스_미스,E1060,떡밥,재언급,side:pretty_star,447,142,,,,확정
person:미세스_미스,E1064,떡밥,재언급,side:pretty_star,447,142,,,,확정
person:미세스_미스,F2091-2,사건,드러냄,side:pretty_star,447,142,,,,확정
person:미세스_미스,F2544,사실,정의,side:pretty_star,447,142,,,,확정
person:미세스_미스,F2548,사실,정의,side:pretty_star,447,142,,J24,,확정
person:미세스_미스,F2549,사실,정의,side:pretty_star,447,142,,,,확정
person:미세스_미스,F2553,사실,정의,side:pretty_star,447,142,,,,확정
person:미세스_미스,F2554,사실,정의,side:pretty_star,447,142,,,,확정
person:미세스_미스,F2557,사실,정의,side:pretty_star,447,142,,,,확정
person:미세스_미스,D1230,변화,소속,event_staranis1,454,144,,,,확정
person:미세스_미스,E1163,떡밥,재언급,event_staranis1,454,144,,,,확정
person:미세스_미스,F2200-2,사건,드러냄,event_staranis1,454,144,,,,확정
person:미세스_미스,F2680,사실,정의,event_staranis1,454,144,,,,확정
person:미세스_미스,F2703,사실,정의,event_staranis1,454,144,,,,확정
person:미세스_미스,F2708,사실,정의,event_staranis1,454,144,,,,확정
person:미친개,E852,떡밥,재언급,fl:absolute,400,119,,,,확정
person:미친개,F2889,사실,정의,fl:absolute,400,119,,,,확정
person:미카,D1824,기준,성격,char:61,103,17,,,,확정
person:미카,D1825,변화,성격,char:61,103,17,,,,확정
person:미카,D1826,기준,관계,char:61,103,17,,,person:벨로타,확정
person:미카,D1827,변화,관계,char:61,103,17,,,person:벨로타,확정
person:미카,D1828,기준,관계,char:61,103,17,,,person:지휘관,확정
person:미카,D1829,변화,관계,char:61,103,17,,,person:지휘관,확정
person:미카,D1838,관계 상대,관계,char:61,103,17,,,person:벨로타,확정
person:미카,F550,사실,정의,char:61,103,17,,,,확정
person:미카,F551,사실,정의,char:61,103,17,,,,확정
person:미카,F552,사실,정의,char:61,103,17,,,,확정
person:미카,F553,사실,정의,char:61,103,17,,,,확정
person:미카,F563,사실,정의,char:60,107,17,,,,확정
person:미카,D1505,변화,성격,event_neverland1,258,57,,,,확정
person:미카,D1506,변화,관계,event_neverland1,258,57,,,person:벨로타,확정
person:미카,D1507,변화,신념,event_neverland1,258,57,,,,확정
person:미카,D1508,관계 상대,관계,event_neverland1,258,57,,,person:벨로타,확정
person:미카,D1509,관계 상대,관계,event_neverland1,258,57,,,person:루드밀라,확정
person:미카,E1346,떡밥,암시,event_neverland1,258,57,,,,확정
person:미카,E1348,떡밥,재언급,event_neverland1,258,57,,,,확정
person:미카,F550-2,사건,드러냄,event_neverland1,258,57,,,,확정
person:미카,F551-2,사건,드러냄,event_neverland1,258,57,,,,확정
person:미카,F1214,사실,정의,event_neverland1,258,57,,,,확정
person:미카,F1215,사실,정의,event_neverland1,258,57,,,,확정
person:미카,F1216,사실,정의,event_neverland1,258,57,,,,확정
person:미카,F1217,사실,정의,event_neverland1,258,57,,,,확정
person:미카,F1220,사실,정의,event_neverland1,258,57,,,,확정
person:미카,E1611,떡밥,재언급,char:194,259,57,,,,확정
person:미카,F1224,사실,정의,char:194,259,57,,,,확정
person:미카,D2084,변화,성격,char:62,260,58,,,,확정
person:미카,D2085,변화,관계,char:62,260,58,,,person:벨로타,확정
person:미카,D2086,관계 상대,관계,char:62,260,58,,,person:벨로타,확정
person:미카,D2087,변화,신념,char:62,260,58,,,,확정
person:미카,D2088,변화,관계,char:62,260,58,,,person:지휘관,확정
person:미카,F1225,사실,정의,char:62,260,58,,,,확정
person:미카,F1226,사실,정의,char:62,260,58,,,,확정
person:미카,F1227,사실,정의,char:62,260,58,,,,확정
person:미카,O127,마무리,관계,char:62,260,58,H16,,,확정
person:미카,O129,마무리,성장,char:62,260,58,H16,,,확정
person:미카,O130,마무리,성장,char:62,260,58,H16,,,확정
person:미카,F1270,사실,정의,char:281,266,62,,,,확정
person:미카,F2871,사실,정의,char:871,477,155,,,,확정
person:미하라,D24,기준,성격,ch02,4,3,,,,확정
person:미하라,F45,사실,정의,ch02,4,3,,,,확정
person:미하라,F46,사실,정의,ch02,4,3,,,,확정
person:미하라,D29,관계 상대,관계,ch03,10,4,,,person:유니,확정
person:미하라,D30,기준,관계,ch03,10,4,,,person:지휘관,확정
person:미하라,E16,떡밥,재언급,ch03,10,4,,,,확정
person:미하라,E17,떡밥,암시,ch03,10,4,,,,확정
person:미하라,E19,떡밥,암시,ch03,10,4,,,,확정
person:미하라,E20,떡밥,암시,ch03,10,4,,,,확정
person:미하라,F62,사실,정의,ch03,10,4,,,,확정
person:미하라,D32,기준,관계,ch04,15,5,,,person:유니,확정
person:미하라,D34,변화,관계,ch04,15,5,,,person:지휘관,확정
person:미하라,D35,변화,기억,ch04,15,5,,,,확정
person:미하라,E22,떡밥,암시,ch04,15,5,,,,확정
person:미하라,E23,떡밥,암시,ch04,15,5,,,,확정
person:미하라,E24,떡밥,암시,ch04,15,5,,,,확정
person:미하라,F79,사실,정의,ch04,15,5,,,,확정
person:미하라,F87,사실,정의,ch04,15,5,,,,확정
person:미하라,D98,관계 상대,관계,ch12,59,13,,,person:유니,확정
person:미하라,F314,사실,정의,ch12,59,13,,,,확정
person:미하라,F317,사실,정의,ch12,59,13,,,,확정
person:미하라,E113,떡밥,재언급,ch16,80,17,,,,확정
person:미하라,F419,사실,정의,ch16,80,17,,,,확정
person:미하라,D1830,기준,신념,char:161,104,17,,,,확정
person:미하라,D1831,변화,관계,char:161,104,17,,,person:지휘관,확정
person:미하라,F554,사실,정의,char:161,104,17,,,,확정
person:미하라,F555,사실,정의,char:161,104,17,,,,확정
person:미하라,O1,마무리,관계,char:161,104,17,,,,확정
person:미하라,F624,사실,정의,char:160,124,17,,,,확정
person:미하라,F692,사실,정의,ch17,140,19,,,,확정
person:미하라,F708,사실,정의,ch18,146,20,,,,확정
person:미하라,E153,떡밥,암시,event_cherryblossom,183,32,,,,확정
person:미하라,F987,사실,정의,ch23,214,43,,,,확정
person:미하라,D282,관계 상대,관계,ch24,219,44,,,person:유니,확정
person:미하라,D283,변화,관계,ch24,219,44,,,person:유니,확정
person:미하라,D291,변화,기억,ch24,219,44,,,,확정
person:미하라,F1011,사실,정의,ch24,219,44,,,,확정
person:미하라,F1012,사실,정의,ch24,219,44,,J23,,확정
person:미하라,F1013,사실,정의,ch24,219,44,,,,확정
person:미하라,D525,관계 상대,관계,side:wordless,331,89,,,person:유니,확정
person:미하라,D527,변화,관계,side:wordless,331,89,,,person:유니,확정
person:미하라,D528,변화,기억,side:wordless,331,89,,,,확정
person:미하라,D529,변화,신체,side:wordless,331,89,,,,확정
person:미하라,D530,변화,관계,side:wordless,331,89,,,person:슈엔,확정
person:미하라,D531,관계 상대,관계,side:wordless,331,89,,,person:슈엔,확정
person:미하라,D533,관계 상대,관계,side:wordless,331,89,,,person:마나,확정
person:미하라,E470,떡밥,재언급,side:wordless,331,89,,,,확정
person:미하라,E471,떡밥,재언급,side:wordless,331,89,,,,확정
person:미하라,E472,떡밥,재언급,side:wordless,331,89,,,,확정
person:미하라,E473,떡밥,재언급,side:wordless,331,89,,,,확정
person:미하라,E474,떡밥,암시,side:wordless,331,89,,,,확정
person:미하라,F1615,사실,정의,side:wordless,331,89,,,,확정
person:미하라,F1617,사실,정의,side:wordless,331,89,,,,확정
person:미하라,F1618,사실,정의,side:wordless,331,89,,,,확정
person:미하라,F1619,사실,정의,side:wordless,331,89,,,,확정
person:미하라,O13,마무리,관계,side:wordless,331,89,H1,,,확정
person:미하라,E606,떡밥,재언급,ch35,358,101,,,,확정
person:미하라,E608,떡밥,재언급,ch35,358,101,,,,확정
person:미하라,F1850,사실,정의,side:mudfish,370,107,,,,확정
person:미하라,Q237,의문,정의,side:mudfish,370,107,풀림,J23,,확정
person:미하라,D675,관계 상대,관계,event_unbreakablesphere1,377,109,,,person:모리,확정
person:미하라,D681,관계 상대,관계,event_unbreakablesphere1,377,109,,,person:모리,확정
person:미하라,D693,기준,관계,event_unbreakablesphere1,377,109,,,person:지엔,확정
person:미하라,D694,변화,신체,event_unbreakablesphere1,377,109,,,,확정
person:미하라,D695,관계 상대,관계,event_unbreakablesphere1,377,109,,,person:마나,확정
person:미하라,E682,떡밥,암시,event_unbreakablesphere1,377,109,,,,확정
person:미하라,E683,떡밥,암시,event_unbreakablesphere1,377,109,,,,확정
person:미하라,E687,떡밥,암시,event_unbreakablesphere1,377,109,,,,확정
person:미하라,E689,떡밥,암시,event_unbreakablesphere1,377,109,,,,확정
person:미하라,E696,떡밥,암시,event_unbreakablesphere1,377,109,,,,확정
person:미하라,E697,떡밥,암시,event_unbreakablesphere1,377,109,,,,확정
person:미하라,E698,떡밥,재언급,event_unbreakablesphere1,377,109,,,,확정
person:미하라,E700,떡밥,재언급,event_unbreakablesphere1,377,109,,,,확정
person:미하라,E701,떡밥,재언급,event_unbreakablesphere1,377,109,,,,확정
person:미하라,E702,떡밥,암시,event_unbreakablesphere1,377,109,,,,확정
person:미하라,E703,떡밥,재언급,event_unbreakablesphere1,377,109,,,,확정
person:미하라,E704,떡밥,재언급,event_unbreakablesphere1,377,109,,,,확정
person:미하라,E705,떡밥,재언급,event_unbreakablesphere1,377,109,,,,확정
person:미하라,F1883,사실,정의,event_unbreakablesphere1,377,109,,J23,,확정
person:미하라,F1884,사실,정의,event_unbreakablesphere1,377,109,,J12,,확정
person:미하라,F1884-2,사건,드러냄,event_unbreakablesphere1,377,109,,,,확정
person:미하라,F1888,사실,정의,event_unbreakablesphere1,377,109,,,,확정
person:미하라,F1889,사실,정의,event_unbreakablesphere1,377,109,,,,확정
person:미하라,F1892,사실,정의,event_unbreakablesphere1,377,109,,,,확정
person:미하라,F1893,사실,정의,event_unbreakablesphere1,377,109,,,,확정
person:미하라,F1894,사실,정의,event_unbreakablesphere1,377,109,,,,확정
person:미하라,F1898,사실,정의,event_unbreakablesphere1,377,109,,J23,,확정
person:미하라,F1899,사실,정의,event_unbreakablesphere1,377,109,,,,확정
person:미하라,F1900,사실,정의,event_unbreakablesphere1,377,109,,,,확정
person:미하라,F1901,사실,정의,event_unbreakablesphere1,377,109,,,,확정
person:미하라,F1902,사실,정의,event_unbreakablesphere1,377,109,,,,확정
person:미하라,F1903,사실,정의,event_unbreakablesphere1,377,109,,J12,,확정
person:미하라,Q237-2,사건,회수,event_unbreakablesphere1,377,109,,,,확정
person:미하라,U274,생활상,방주 사회,event_unbreakablesphere1,377,109,,,,확정
person:미하라,D1640,변화,기억,char:162,382,110,,,,확정
person:미하라,D1641,변화,신념,char:162,382,110,,,,확정
person:미하라,D1642,기준,관계,char:162,382,110,,,person:세이렌,확정
person:미하라,E1432,떡밥,재언급,char:162,382,110,,,,확정
person:미하라,E1433,떡밥,재언급,char:162,382,110,,,,확정
person:미하라,E1434,떡밥,재언급,char:162,382,110,,,,확정
person:미하라,E1435,떡밥,재언급,char:162,382,110,,,,확정
person:미하라,F1919,사실,정의,char:162,382,110,,,,확정
person:미하라,F1920,사실,정의,char:162,382,110,,,,확정
person:미하라,F1921,사실,정의,char:162,382,110,,,,확정
person:미하라,F1922,사실,정의,char:162,382,110,,,,확정
person:미하라,F1923,사실,정의,char:162,382,110,,,,확정
person:미하라,F2898,사실,정의,char:162,382,110,,J23,,확정
person:미하라,Q246,의문,정의,char:162,382,110,일부,J23,,확정
person:미하라,Q246-2,사건,회수,char:162,382,110,,,,확정
person:민트,D661,기준,성격,ch38,375,109,,,,확정
person:민트,D662,기준,관계,ch38,375,109,,,person:아니스,확정
person:민트,D665,관계 상대,관계,ch38,375,109,,,person:아니스,확정
person:민트,E663,떡밥,재언급,ch38,375,109,,,,확정
person:민트,E665,떡밥,암시,ch38,375,109,,,,확정
person:민트,E666,떡밥,암시,ch38,375,109,,,,확정
person:민트,F1874,사실,정의,ch38,375,109,,,,확정
person:민트,F1875,사실,정의,ch38,375,109,,,,확정
person:민트,U271,생활상,일상 · 문화,ch38,375,109,,,,확정
person:민트,U272,생활상,일상 · 문화,ch38,375,109,,,,확정
person:민트,D800,관계 상대,관계,ch40,398,119,,,person:아니스,확정
person:민트,F2095,사실,정의,ch40,398,119,,,,확정
person:민트,D859,관계 상대,관계,ch41,414,127,,,person:미세스_미스,확정
person:민트,D860,기준,신념,ch41,414,127,,,,확정
person:민트,D861,변화,성격,ch41,414,127,,,,확정
person:민트,E901,떡밥,암시,ch41,414,127,,,,확정
person:민트,E905,떡밥,재언급,ch41,414,127,,,,확정
person:민트,F2198,사실,정의,ch41,414,127,,,,확정
person:민트,F2201,사실,정의,ch41,414,127,,,,확정
person:민트,F2202,사실,정의,ch41,414,127,,,,확정
person:민트,F2240,사실,정의,ch42,416,128,,,,확정
person:민트,F2460,사실,정의,ch44,436,138,,,,확정
person:민트,D1177,변화,신체,event_staranis1,454,144,,,,확정
person:민트,D1179,변화,관계,event_staranis1,454,144,,,person:아니스,확정
person:민트,D1180,관계 상대,관계,event_staranis1,454,144,,,person:프리카,확정
person:민트,D1181,관계 상대,관계,event_staranis1,454,144,,,person:한슨,확정
person:민트,D1200,관계 상대,관계,event_staranis1,454,144,,,person:한슨,확정
person:민트,D1207,변화,신념,event_staranis1,454,144,,,,확정
person:민트,D1209,관계 상대,관계,event_staranis1,454,144,,,person:프리카,확정
person:민트,D1211,변화,신념,event_staranis1,454,144,,,,확정
person:민트,D1212,변화,관계,event_staranis1,454,144,,,person:아니스 person:프리카,확정
person:민트,D1214,관계 상대,관계,event_staranis1,454,144,,,person:아니스,확정
person:민트,D1222,변화,신념,event_staranis1,454,144,,,,확정
person:민트,D1234,변화,관계,event_staranis1,454,144,,,person:아니스,확정
person:민트,E1119,떡밥,재언급,event_staranis1,454,144,,,,확정
person:민트,E1158,떡밥,암시,event_staranis1,454,144,,,,확정
person:민트,F2669,사실,정의,event_staranis1,454,144,,,,확정
person:민트,F2672,사실,정의,event_staranis1,454,144,,,,확정
person:민트,F2697,사실,정의,event_staranis1,454,144,,,,확정
person:민트,F2705,사실,정의,event_staranis1,454,144,,J24,,확정
person:민트,F2708,사실,정의,event_staranis1,454,144,,,,확정
person:민트,O72,마무리,성장,event_staranis1,454,144,H9,,,확정
person:민트,D1734,기준,관계,fl:b-side_idol,458,146,,,person:지휘관,확정
person:민트,D1735,변화,관계,fl:b-side_idol,458,146,,,person:지휘관,확정
person:민트,D1736,변화,성격,fl:b-side_idol,458,146,,,,확정
person:민트,D1737,관계 상대,관계,fl:b-side_idol,458,146,,,person:머스탱,확정
person:민트,E1525,떡밥,암시,fl:b-side_idol,458,146,,,,확정
person:민트,E1526,떡밥,암시,fl:b-side_idol,458,146,,,,확정
person:민트,E1527,떡밥,암시,fl:b-side_idol,458,146,,,,확정
person:민트,E1528,떡밥,암시,fl:b-side_idol,458,146,,,,확정
person:민트,E1530,떡밥,암시,fl:b-side_idol,458,146,,,,확정
person:민트,F2716,사실,정의,fl:b-side_idol,458,146,,,,확정
person:민트,F2717,사실,정의,fl:b-side_idol,458,146,,,,확정
person:민트,F2718,사실,정의,fl:b-side_idol,458,146,,,,확정
person:민트,D2216,변화,성격,char:600,459,146,,,,확정
person:민트,D2217,변화,관계,char:600,459,146,,,person:지휘관,확정
person:민트,F2720,사실,정의,char:600,459,146,,,,확정
person:민트,O208,마무리,관계,char:600,459,146,,,,확정
person:민트,D1742,관계 상대,관계,fl:bitter_spice,460,147,,,person:프리카,확정
person:민트,D1743,변화,관계,fl:bitter_spice,460,147,,,person:프리카,확정
person:민트,D1744,관계 상대,관계,fl:bitter_spice,460,147,,,person:아니스,확정
person:민트,E1533,떡밥,암시,fl:bitter_spice,460,147,,,,확정
person:민트,E1537,떡밥,재언급,fl:bitter_spice,460,147,,,,확정
person:민트,F2721,사실,정의,fl:bitter_spice,460,147,,,,확정
person:민트,F2724,사실,정의,fl:bitter_spice,460,147,,,,확정
person:민트,O80,마무리,관계,fl:bitter_spice,460,147,H10,,,확정
person:민트,O81,마무리,관계,fl:bitter_spice,460,147,H10,,,확정
person:밀크,D1786,기준,성격,char:11,86,17,,,,확정
person:밀크,F441,사실,정의,char:11,86,17,,,,확정
person:밀크,D1832,변화,성격,char:141,105,17,,,,확정
person:밀크,D1833,변화,관계,char:141,105,17,,,person:지휘관,확정
person:밀크,F557,사실,정의,char:141,105,17,,,,확정
person:밀크,F558,사실,정의,char:141,105,17,,,,확정
person:밀크,F653,사실,정의,char:170,133,17,,,,확정
person:밀크,F810,사실,정의,event_maidinvalentine,175,28,,,,확정
person:밀크,F1040,사실,정의,sub:해결사_카페_스위티_00,220,44,,,,확정
person:밀크,F1094,사실,정의,char:33,240,53,,,,확정
person:밀크,D1550,기준,관계,event_goldencoinrush1,300,75,,,person:소다,확정
person:밀크,D1551,변화,관계,event_goldencoinrush1,300,75,,,person:소다,확정
person:밀크,F1486,사실,정의,event_goldencoinrush1,300,75,,,,확정
person:밀크,D1560,관계 상대,관계,event_claymore,303,77,,,person:클레이,확정
person:밀크,D1561,기준,관계,event_claymore,303,77,,,person:클레이,확정
person:밀크,D1562,변화,관계,event_claymore,303,77,,,person:클레이,확정
person:밀크,E1374,떡밥,재언급,event_claymore,303,77,,,,확정
person:밀크,E1375,떡밥,재언급,event_claymore,303,77,,,,확정
person:밀크,F1501,사실,정의,event_claymore,303,77,,,,확정
person:밀크,F1503,사실,정의,event_claymore,303,77,,,,확정
person:밀크,E1418,떡밥,재언급,event_romanticvalentine,355,99,,,,확정
person:밀크,D819,기준,관계,fl:coins_in_rush,404,122,,,person:지휘관,확정
person:밀크,E857,떡밥,암시,fl:coins_in_rush,404,122,,,,확정
person:밀크,E865,떡밥,재언급,fl:coins_in_rush,404,122,,,,확정
person:밀크,E869,떡밥,재언급,fl:coins_in_rush,404,122,,,,확정
person:밀크,D2183,변화,관계,char:143,406,123,,,person:지휘관,확정
person:밀크,D2184,변화,성격,char:143,406,123,,,,확정
person:밀크,F2124,사실,정의,char:143,406,123,,,,확정
person:밀크,O174,마무리,관계,char:143,406,123,,,,확정
person:밀크,D2205,기준,관계,char:861,441,139,,,person:타키나,확정
person:바이퍼,D135,기준,성격,ch16,80,17,,,,확정
person:바이퍼,D136,기준,관계,ch16,80,17,,,person:지휘관,확정
person:바이퍼,D137,기준,관계,ch16,80,17,,,person:크로우,확정
person:바이퍼,E104,떡밥,암시,ch16,80,17,,,,확정
person:바이퍼,F403,사실,정의,ch16,80,17,뒤집힘,,,확정
person:바이퍼,F410,사실,정의,ch16,80,17,,,,확정
person:바이퍼,F421,사실,정의,ch16,80,17,,,,확정
person:바이퍼,Q74,의문,정의,ch16,80,17,열림,J31,,확정
person:바이퍼,F642,사실,정의,char:110,129,17,,,,확정
person:바이퍼,D199,변화,관계,event_doutsiders,169,26,,,person:지휘관,확정
person:바이퍼,F778,사실,정의,event_doutsiders,169,26,,,,확정
person:바이퍼,F779,사실,정의,event_doutsiders,169,26,,,,확정
person:바이퍼,F781,사실,정의,event_doutsiders,169,26,,,,확정
person:바이퍼,D1997,변화,관계,char:112,174,27,,,person:지휘관,확정
person:바이퍼,D1998,기준,신념,char:112,174,27,,,,확정
person:바이퍼,D1999,관계 상대,관계,char:112,174,27,,,person:크로우,확정
person:바이퍼,E1601,떡밥,암시,char:112,174,27,,,,확정
person:바이퍼,F804,사실,정의,char:112,174,27,,,,확정
person:바이퍼,F805,사실,정의,char:112,174,27,,,,확정
person:바이퍼,F806,사실,정의,char:112,174,27,,,,확정
person:바이퍼,F886,사실,정의,ch22,195,36,,,,확정
person:바이퍼,F891,사실,정의,ch22,195,36,,,,확정
person:바이퍼,Q124,의문,정의,ch22,195,36,일부,J21,,확정
person:바이퍼,E223,떡밥,재언급,ch23,214,43,,,,확정
person:바이퍼,E224,떡밥,암시,ch23,214,43,,,,확정
person:바이퍼,E225,떡밥,암시,ch23,214,43,,,,확정
person:바이퍼,E231,떡밥,암시,ch23,214,43,,,,확정
person:바이퍼,F984,사실,정의,ch23,214,43,,,,확정
person:바이퍼,F992,사실,정의,ch23,214,43,,,,확정
person:바이퍼,F997,사실,정의,ch23,214,43,,J25,,확정
person:바이퍼,Q124-2,사건,회수,ch23,214,43,,,,확정
person:바이퍼,D286,변화,관계,ch24,219,44,,,person:지휘관,확정
person:바이퍼,D287,변화,관계,ch24,219,44,,,person:크로우,확정
person:바이퍼,D289,변화,성격,ch24,219,44,,,,확정
person:바이퍼,D290,기준,관계,ch24,219,44,,,person:자칼,확정
person:바이퍼,D296,변화,신체,ch24,219,44,,,,확정
person:바이퍼,D297,변화,소속,ch24,219,44,,,,확정
person:바이퍼,F1009,사실,정의,ch24,219,44,,,,확정
person:바이퍼,F1015,사실,정의,ch24,219,44,,,,확정
person:바이퍼,F1016,사실,정의,ch24,219,44,,,,확정
person:바이퍼,F1024,사실,정의,ch24,219,44,,,,확정
person:바이퍼,D483,관계 상대,관계,event_beautyfullshot1,305,78,,,person:로산나,확정
person:바이퍼,D484,관계 상대,관계,event_beautyfullshot1,305,78,,,person:로산나,확정
person:바이퍼,D485,기준,관계,event_beautyfullshot1,305,78,,,person:로산나,확정
person:바이퍼,D486,변화,관계,event_beautyfullshot1,305,78,,,person:로산나,확정
person:바이퍼,D488,관계 상대,관계,event_beautyfullshot1,305,78,,,person:자칼,확정
person:바이퍼,E429,떡밥,재언급,event_beautyfullshot1,305,78,,,,확정
person:바이퍼,E430,떡밥,재언급,event_beautyfullshot1,305,78,,,,확정
person:바이퍼,F1508,사실,정의,event_beautyfullshot1,305,78,,,,확정
person:바이퍼,F1514,사실,정의,event_beautyfullshot1,305,78,,,,확정
person:바이퍼,F1516,사실,정의,event_beautyfullshot1,305,78,,,,확정
person:바이퍼,F1518,사실,정의,event_beautyfullshot1,305,78,,,,확정
person:바이퍼,D769,관계 상대,관계,ch39,396,118,,,person:네온,확정
person:바이퍼,E804,떡밥,재언급,ch39,396,118,,,,확정
person:바이퍼,F2056,사실,정의,ch39,396,118,,,,확정
person:바이퍼,D795,기준,관계,ch40,398,119,,,person:식스오,확정
person:바이퍼,F2233,사실,정의,ch42,416,128,,,,확정
person:바이퍼,F2239,사실,정의,ch42,416,128,,,,확정
person:바이퍼,F2447,사실,정의,ch44,436,138,,,,확정
person:바이퍼,D1073,변화,관계,fl:enter_heaven,442,140,,,person:지휘관,확정
person:바이퍼,D1074,변화,관계,fl:enter_heaven,442,140,,,person:E.H.,확정
person:바이퍼,F403-2,사건,뒤집음,fl:enter_heaven,442,140,,,,확정
person:바이퍼,F2484,사실,정의,fl:enter_heaven,442,140,,,,확정
person:바이퍼,F2487,사실,정의,fl:enter_heaven,442,140,,,,확정
person:바이퍼,F2503,사실,정의,fl:enter_heaven,442,140,,,,확정
person:바이퍼,F2894,사실,정의,fl:enter_heaven,442,140,,,,확정
person:바이퍼,O60,마무리,관계,fl:enter_heaven,442,140,,,,확정
person:바이퍼,D2206,변화,관계,char:113,443,140,,,person:E.H.,확정
person:바이퍼,D2207,관계 상대,관계,char:113,443,140,,,person:E.H.,확정
person:바이퍼,E1630,떡밥,재언급,char:113,443,140,,,,확정
person:바이퍼,O197,마무리,관계,char:113,443,140,H22,,,확정
person:바이퍼,F2530,사실,정의,fl:2x2_love_2ch,445,141,,,,확정
person:바이퍼,F2530-2,사건,드러냄,fl:2x2_love_2ch,445,141,,,,확정
person:바이퍼,F2602,사실,정의,ch45,450,143,,,,확정
person:바하무트,F1642,사실,정의,ch34,336,91,,,,확정
person:바하무트,F1800,사실,정의,ch35,358,101,,,,확정
person:바하무트,F1821,사실,정의,relic:할일목록,361,102,,,,확정
person:바하무트,D847,기준,성격,ch41,414,127,,,,확정
person:바하무트,D852,기준,관계,ch41,414,127,,,person:레비아탄,확정
person:바하무트,F2180,사실,정의,ch41,414,127,,,,확정
person:바하무트,F2181,사실,정의,ch41,414,127,,,,확정
person:바하무트,F2194,사실,정의,ch41,414,127,,,,확정
person:바하무트,F2195,사실,정의,ch41,414,127,,,,확정
person:바하무트,E906,떡밥,재언급,relic:거꾸로적힌기록,415,127,,,,확정
person:바하무트,E907,떡밥,재언급,relic:거꾸로적힌기록,415,127,,,,확정
person:바하무트,F2211,사실,정의,relic:거꾸로적힌기록,415,127,,,,확정
person:바하무트,D871,관계 상대,관계,ch42,416,128,,,person:레비아탄,확정
person:바하무트,E928,떡밥,재언급,ch42,416,128,,,,확정
person:바하무트,F2212,사실,정의,ch42,416,128,,,,확정
person:바하무트,F2225,사실,정의,ch42,416,128,,,,확정
person:바하무트,F2227,사실,정의,ch42,416,128,,,,확정
person:바하무트,F2248,사실,정의,ch42,416,128,,,,확정
person:바하무트,F2249,사실,정의,ch42,416,128,,,,확정
person:바하무트,E932,떡밥,재언급,relic:주의용광로사용법,417,128,,,,확정
person:바하무트,F2255,사실,정의,relic:주의용광로사용법,417,128,,,,확정
person:바하무트,F2624,사실,정의,ch46,452,144,,J10,,확정
person:방주_난민,F422,사실,정의,sub:방주_난민_00,74,15,,,,확정
person:방주_난민,U94,생활상,방주 사회,sub:방주_난민_00,74,15,,,,확정
person:방주_난민,F424,사실,정의,sub:방주_난민_01,77,16,,,,확정
person:방주_난민,U95,생활상,지상,sub:방주_난민_01,77,16,,,,확정
person:방주_난민,F425,사실,정의,sub:방주_난민_02,78,16,,,,확정
person:방주_난민,D140,변화,관계,sub:방주_난민_03,81,17,,,person:지휘관,확정
person:방주_난민,F426,사실,정의,sub:방주_난민_03,81,17,,,,확정
person:방주_난민,F427,사실,정의,sub:방주_난민_03,81,17,,,,확정
person:백학,D1120,기준,성격,fl:good_world,448,142,,,,확정
person:백학,D1121,기준,관계,fl:good_world,448,142,,,person:지휘관,확정
person:백학,D1122,기준,신념,fl:good_world,448,142,,,,확정
person:백학,D1123,기준,소속,fl:good_world,448,142,,,,확정
person:백학,D1124,관계 상대,관계,fl:good_world,448,142,,,person:지휘관,확정
person:백학,D1126,관계 상대,관계,fl:good_world,448,142,,,person:지휘관,확정
person:백학,D1127,변화,관계,fl:good_world,448,142,,,person:지휘관,확정
person:백학,D1128,변화,신념,fl:good_world,448,142,,,,확정
person:백학,E1068,떡밥,암시,fl:good_world,448,142,,,,확정
person:백학,F2560,사실,정의,fl:good_world,448,142,,,,확정
person:백학,F2561,사실,정의,fl:good_world,448,142,,,,확정
person:백학,F2562,사실,정의,fl:good_world,448,142,,,,확정
person:백학,F2564,사실,정의,fl:good_world,448,142,,,,확정
person:백학,F2565,사실,정의,fl:good_world,448,142,,,,확정
person:백학,F2566,사실,정의,fl:good_world,448,142,,,,확정
person:백학,F2567,사실,정의,fl:good_world,448,142,,,,확정
person:백학,F2569,사실,정의,fl:good_world,448,142,,,,확정
person:백학,F2570,사실,정의,fl:good_world,448,142,,,,확정
person:백학,Q333,의문,정의,fl:good_world,448,142,열림,J18,,확정
person:백학,Q334,의문,정의,fl:good_world,448,142,열림,J18,,확정
person:백학,D2212,변화,관계,char:620,449,142,,,person:지휘관,확정
person:백학,F2571,사실,정의,char:620,449,142,,,,확정
person:백학,O204,마무리,관계,char:620,449,142,,,,확정
person:버닝엄,E21,떡밥,암시,sub:세르반_00,11,4,,,,확정
person:버닝엄,E51,떡밥,암시,sub:세르반_01,28,7,,,,확정
person:버닝엄,D107,기준,관계,sub:세르반_03,65,14,,,person:지휘관,확정
person:버닝엄,F349,사실,정의,sub:세르반_03,65,14,,,,확정
person:버닝엄,F350,사실,정의,sub:세르반_03,65,14,,,,확정
person:버닝엄,F352,사실,정의,sub:세르반_03,65,14,,,,확정
person:버닝엄,D113,기준,신념,ch14,69,15,,,,확정
person:버닝엄,D114,기준,관계,ch14,69,15,,,person:엔더슨,확정
person:버닝엄,F360,사실,정의,ch14,69,15,,,,확정
person:버닝엄,F365,사실,정의,ch14,69,15,,,,확정
person:버닝엄,F366,사실,정의,ch14,69,15,,,,확정
person:버닝엄,F367,사실,정의,ch14,69,15,,,,확정
person:버닝엄,Q69,의문,정의,ch14,69,15,열림,J1,,확정
person:버닝엄,F628,사실,정의,char:171,126,17,,,,확정
person:버닝엄,F670,사실,정의,char:352,139,18,,,,확정
person:버닝엄,F673,사실,정의,char:352,139,18,,,,확정
person:버닝엄,D163,관계 상대,관계,ch18,146,20,,,person:파피용,확정
person:버닝엄,F707,사실,정의,ch18,146,20,,,,확정
person:버닝엄,E136,떡밥,암시,event_brandnewyear,157,23,,,,확정
person:버닝엄,F736,사실,정의,event_brandnewyear,157,23,,,,확정
person:버닝엄,Q101,의문,정의,event_brandnewyear,157,23,열림,J46,,확정
person:버닝엄,E142,떡밥,재언급,ch19,159,25,,,,확정
person:버닝엄,F772,사실,정의,ch20,164,26,,,,확정
person:버닝엄,F965,사실,정의,event_bluewaterisland,209,40,,,,확정
person:버닝엄,D278,기준,성격,ch23,214,43,,,,확정
person:버닝엄,F983,사실,정의,ch23,214,43,,,,확정
person:버닝엄,F1027,사실,정의,ch24,219,44,,,,확정
person:버닝엄,F1028,사실,정의,ch24,219,44,,J7,,확정
person:버닝엄,F1031,사실,정의,ch24,219,44,,,,확정
person:버닝엄,F1035,사실,정의,ch24,219,44,,,,확정
person:버닝엄,D1449,기준,관계,event_seayouagain1,226,45,,,,확정
person:버닝엄,D1450,변화,관계,event_seayouagain1,226,45,,,,확정
person:버닝엄,E1319,떡밥,재언급,event_seayouagain1,226,45,,,,확정
person:버닝엄,F1048,사실,정의,event_seayouagain1,226,45,,,,확정
person:버닝엄,F1053,사실,정의,event_seayouagain1,226,45,,,,확정
person:버닝엄,F1057,사실,정의,event_seayouagain1,226,45,,,,확정
person:버닝엄,F1059,사실,정의,char:351,228,45,,,,확정
person:버닝엄,E258,떡밥,재언급,ch25,241,54,,,,확정
person:버닝엄,F1104,사실,정의,ch25,241,54,,,,확정
person:버닝엄,F1105,사실,정의,ch25,241,54,,,,확정
person:버닝엄,D333,변화,성격,ch26,246,55,,,,확정
person:버닝엄,E272,떡밥,암시,ch26,246,55,,,,확정
person:버닝엄,E275,떡밥,암시,ch26,246,55,,,,확정
person:버닝엄,F1132,사실,정의,ch26,246,55,,,,확정
person:버닝엄,F1286,사실,정의,ch27,270,65,,,,확정
person:버닝엄,F1624,사실,정의,ch33,334,90,,,,확정
person:버닝엄,F1789,사실,정의,ch35,358,101,,,,확정
person:버닝엄,F2038,사실,정의,fl:boom_the_ghost,393,116,,,,확정
person:버닝엄,F1132-2,사건,드러냄,side:eden_spear,411,126,,,,확정
person:버닝엄,D1053,기준,관계,ch44,436,138,,,person:도로시,확정
person:버닝엄,D1054,관계 상대,관계,ch44,436,138,,,person:지휘관,확정
person:버닝엄,D1055,변화,관계,ch44,436,138,,,person:지휘관,확정
person:버닝엄,D1056,기준,관계,ch44,436,138,,,person:파피용,확정
person:버닝엄,F2425,사실,정의,ch44,436,138,,,,확정
person:버닝엄,F2436,사실,정의,ch44,436,138,,,,확정
person:버닝엄,F2438,사실,정의,ch44,436,138,,,,확정
person:버닝엄,F2439,사실,정의,ch44,436,138,,J7,,확정
person:버닝엄,F2440,사실,정의,ch44,436,138,,J8,,확정
person:버닝엄,F2441,사실,정의,ch44,436,138,,,,확정
person:버닝엄,F2442,사실,정의,ch44,436,138,,,,확정
person:버닝엄,U370,생활상,방주 사회,ch44,436,138,,,,확정
person:버닝엄,D1119,기준,관계,side:pretty_star,447,142,,,person:오스왈드,확정
person:버닝엄,E1066,떡밥,암시,side:pretty_star,447,142,,,,확정
person:버닝엄,F2559,사실,정의,side:pretty_star,447,142,,J6,,확정
person:버닝엄,F2577,사실,정의,ch45,450,143,,,,확정
person:버닝엄,F2578,사실,정의,ch45,450,143,,,,확정
person:버닝엄,F2605,사실,정의,ch45,450,143,,,,확정
person:버닝엄,F2606,사실,정의,ch45,450,143,,J19,,확정
person:버닝엄,F2608,사실,정의,ch45,450,143,,,,확정
person:버닝엄,D1172,변화,관계,ch46,452,144,,,person:도로시,확정
person:버닝엄,E1112,떡밥,암시,ch46,452,144,,,,확정
person:버닝엄,E1115,떡밥,재언급,ch46,452,144,,,,확정
person:버닝엄,F2645,사실,정의,ch46,452,144,,,,확정
person:버닝엄,F2646,사실,정의,ch46,452,144,,,,확정
person:버닝엄,F2647,사실,정의,ch46,452,144,,,,확정
person:버닝엄,F2648,사실,정의,ch46,452,144,,,,확정
person:버닝엄,F2649,사실,정의,ch46,452,144,,J6,,확정
person:버닝엄,F2650,사실,정의,ch46,452,144,,,,확정
person:버닝엄,F2651,사실,정의,ch46,452,144,,J7,,확정
person:버닝엄,F2655,사실,정의,ch46,452,144,,,,확정
person:버닝엄,F2660,사실,정의,ch46,452,144,,,,확정
person:버닝엄,O94,마무리,관계,ch46,452,144,,,,확정
person:버닝엄,D1321,변화,관계,ch47,470,153,,,person:도로시,확정
person:버닝엄,F2817,사실,정의,ch47,470,153,,,,확정
person:버닝엄,F2819,사실,정의,ch47,470,153,,,,확정
person:버닝엄,F2820,사실,정의,ch47,470,153,,,,확정
person:버닝엄,F2845,사실,정의,ch48,472,154,,,,확정
person:베스티,D41,기준,성격,ch04,15,5,,,,확정
person:베스티,F75,사실,정의,ch04,15,5,,,,확정
person:베스티,F277,사실,정의,ch10,48,11,,,,확정
person:베스티,D1834,기준,관계,char:91,106,17,,,person:지휘관,확정
person:베스티,D1835,변화,관계,char:91,106,17,,,person:지휘관,확정
person:베스티,D1836,변화,관계,char:91,106,17,,,person:지휘관,확정
person:베스티,D1837,변화,성격,char:91,106,17,,,,확정
person:베스티,F559,사실,정의,char:91,106,17,,,,확정
person:베스티,F560,사실,정의,char:91,106,17,,,,확정
person:베스티,F561,사실,정의,char:91,106,17,,,,확정
person:베스티,F562,사실,정의,char:91,106,17,,,,확정
person:베스티,D497,기준,관계,ch31,308,80,,,person:라피,확정
person:베스티,F1529,사실,정의,ch31,308,80,,,,확정
person:베스티,F1534,사실,정의,ch31,308,80,,,,확정
person:베스티,D502,변화,성격,ch32,310,81,,,,확정
person:베스티,D503,기준,관계,ch32,310,81,,,person:은화,확정
person:베스티,F1544,사실,정의,ch32,310,81,,,,확정
person:베스티,F1554,사실,정의,ch32,310,81,,,,확정
person:베스티,F1557,사실,정의,ch32,310,81,,,,확정
person:베스티,F1640,사실,정의,ch33,334,90,,,,확정
person:베스티,F1644,사실,정의,ch34,336,91,,J2,,확정
person:베스티,D804,관계 상대,관계,fl:absolute,400,119,,,person:은화,확정
person:베스티,D806,관계 상대,관계,fl:absolute,400,119,,,person:은화,확정
person:베스티,D811,변화,관계,fl:absolute,400,119,,,person:은화,확정
person:베스티,D812,변화,성격,fl:absolute,400,119,,,,확정
person:베스티,D813,변화,관계,fl:absolute,400,119,,,person:은화,확정
person:베스티,E831,떡밥,재언급,fl:absolute,400,119,,,,확정
person:베스티,E832,떡밥,암시,fl:absolute,400,119,,,,확정
person:베스티,E834,떡밥,암시,fl:absolute,400,119,,,,확정
person:베스티,E837,떡밥,재언급,fl:absolute,400,119,,,,확정
person:베스티,E839,떡밥,재언급,fl:absolute,400,119,,,,확정
person:베스티,E841,떡밥,재언급,fl:absolute,400,119,,,,확정
person:베스티,E846,떡밥,재언급,fl:absolute,400,119,,,,확정
person:베스티,F1529-2,사건,드러냄,fl:absolute,400,119,,,,확정
person:베스티,F2105,사실,정의,fl:absolute,400,119,,,,확정
person:베스티,F2107,사실,정의,fl:absolute,400,119,,,,확정
person:베스티,F2108,사실,정의,fl:absolute,400,119,,,,확정
person:베스티,F2109,사실,정의,fl:absolute,400,119,,,,확정
person:베스티,O32,마무리,관계,fl:absolute,400,119,H4,,,확정
person:베스티,O35,마무리,성장,fl:absolute,400,119,H4,,,확정
person:베스티,F2113,사실,정의,char:95,402,120,,,,확정
person:베스티,D2179,변화,관계,char:94,403,121,,,person:지휘관,확정
person:베스티,D2180,변화,성격,char:94,403,121,,,,확정
person:베스티,F2114,사실,정의,char:94,403,121,,,,확정
person:베스티,O169,마무리,관계,char:94,403,121,,,,확정
person:베스티,F2527,사실,정의,fl:2x2_love_2ch,445,141,,,,확정
person:베스티,F2905,사실,정의,fl:persona_on_frontline,474,154,,,,확정
person:베아트리체,F827,사실,정의,char:381,182,31,,,,확정
person:베이,D1534,기준,성격,event_onemoretime,289,71,,,,확정
person:베이,D1535,기준,신념,event_onemoretime,289,71,,,,확정
person:베이,D1536,변화,신념,event_onemoretime,289,71,,,,확정
person:베이,D1537,기준,관계,event_onemoretime,289,71,,,person:지휘관,확정
person:베이,D1538,기준,관계,event_onemoretime,289,71,,,person:클레이,확정
person:베이,D1539,변화,관계,event_onemoretime,289,71,,,person:클레이,확정
person:베이,D1541,관계 상대,관계,event_onemoretime,289,71,,,person:클레이,확정
person:베이,F1372,사실,정의,event_onemoretime,289,71,,,,확정
person:베이,F1373,사실,정의,event_onemoretime,289,71,,,,확정
person:베이,F1375,사실,정의,event_onemoretime,289,71,,,,확정
person:베이,F1376,사실,정의,event_onemoretime,289,71,,,,확정
person:베이,D2102,변화,성격,char:550,290,71,,,,확정
person:베이,D2103,변화,성격,char:550,290,71,,,,확정
person:베이,D2104,변화,관계,char:550,290,71,,,person:지휘관,확정
person:베이,F1377,사실,정의,char:550,290,71,,,,확정
person:베이,F1378,사실,정의,char:550,290,71,,,,확정
person:베이,D1563,변화,관계,event_claymore,303,77,,,person:클레이,확정
person:베이,E1377,떡밥,재언급,event_claymore,303,77,,,,확정
person:베이,F1496,사실,정의,event_claymore,303,77,,,,확정
person:베이,F1497,사실,정의,event_claymore,303,77,,,,확정
person:베이,F1499,사실,정의,event_claymore,303,77,,,,확정
person:베이,F1503,사실,정의,event_claymore,303,77,,,,확정
person:베이,O144,마무리,관계,event_claymore,303,77,H17,,,확정
person:베이,F1504,사실,정의,char:551,304,77,,,,확정
person:베이,F1505,사실,정의,char:551,304,77,,,,확정
person:베이,D825,변화,성격,fl:coins_in_rush,404,122,,,,확정
person:베이,E855,떡밥,재언급,fl:coins_in_rush,404,122,,,,확정
person:베이,O172,마무리,성장,fl:coins_in_rush,404,122,,,,확정
person:베히모스,D493,기준,성격,ch31,308,80,,,,확정
person:베히모스,D494,기준,관계,ch31,308,80,,,person:그레이브,확정
person:베히모스,D495,기준,관계,ch31,308,80,,,person:지휘관,확정
person:베히모스,E439,떡밥,암시,ch31,308,80,,,,확정
person:베히모스,E440,떡밥,암시,ch31,308,80,,,,확정
person:베히모스,E441,떡밥,암시,ch31,308,80,,,,확정
person:베히모스,E443,떡밥,암시,ch31,308,80,,,,확정
person:베히모스,E444,떡밥,암시,ch31,308,80,,,,확정
person:베히모스,F1531,사실,정의,ch31,308,80,,,,확정
person:베히모스,F1532,사실,정의,ch31,308,80,,,,확정
person:베히모스,F1533,사실,정의,ch31,308,80,,J11,,확정
person:베히모스,F1534,사실,정의,ch31,308,80,,,,확정
person:베히모스,Q199,의문,정의,ch31,308,80,풀림,J10,,확정
person:베히모스,Q200,의문,정의,ch31,308,80,일부,J10,,확정
person:베히모스,D504,기준,신념,ch32,310,81,,,,확정
person:베히모스,D507,관계 상대,관계,ch32,310,81,,,person:레비아탄,확정
person:베히모스,D509,변화,신체,ch32,310,81,,,,확정
person:베히모스,E452,떡밥,암시,ch32,310,81,,,,확정
person:베히모스,F1546,사실,정의,ch32,310,81,,,,확정
person:베히모스,F1549,사실,정의,ch32,310,81,,,,확정
person:베히모스,F1550,사실,정의,ch32,310,81,,,,확정
person:베히모스,F1551,사실,정의,ch32,310,81,,J10,,확정
person:베히모스,F1552,사실,정의,ch32,310,81,,,,확정
person:베히모스,F1553,사실,정의,ch32,310,81,,,,확정
person:베히모스,F1554,사실,정의,ch32,310,81,,,,확정
person:베히모스,F1555,사실,정의,ch32,310,81,,,,확정
person:베히모스,F1556,사실,정의,ch32,310,81,,,,확정
person:베히모스,F1557,사실,정의,ch32,310,81,,,,확정
person:베히모스,Q200-2,사건,회수,ch32,310,81,,,,확정
person:베히모스,Q202,의문,정의,ch32,310,81,열림,J10,,확정
person:베히모스,Q203,의문,정의,ch32,310,81,일부,J8,,확정
person:베히모스,F1562,사실,정의,sub:관짝이_00,311,81,,J12,,확정
person:베히모스,F1567,사실,정의,sub:관짝이_01,313,81,,,,확정
person:베히모스,F1570,사실,정의,sub:관짝이_02,314,81,,,,확정
person:베히모스,F1573,사실,정의,sub:거울_공주_01,315,81,,,,확정
person:베히모스,D543,관계 상대,관계,ch33,334,90,,,person:레비아탄,확정
person:베히모스,D544,기준,관계,ch33,334,90,,,person:레비아탄,확정
person:베히모스,D545,변화,신체,ch33,334,90,,,,확정
person:베히모스,E483,떡밥,재언급,ch33,334,90,,,,확정
person:베히모스,E487,떡밥,암시,ch33,334,90,,,,확정
person:베히모스,F1636,사실,정의,ch33,334,90,,J10,,확정
person:베히모스,F1637,사실,정의,ch33,334,90,,,,확정
person:베히모스,F1639,사실,정의,ch33,334,90,,,,확정
person:베히모스,F1640,사실,정의,ch33,334,90,,,,확정
person:베히모스,Q200-3,사건,회수,ch33,334,90,,,,확정
person:베히모스,D558,변화,관계,ch34,336,91,,,person:레비아탄,확정
person:베히모스,D559,변화,신체,ch34,336,91,,,,확정
person:베히모스,E491,떡밥,재언급,ch34,336,91,,,,확정
person:베히모스,E501,떡밥,암시,ch34,336,91,,,,확정
person:베히모스,E505,떡밥,재언급,ch34,336,91,,,,확정
person:베히모스,E508,떡밥,재언급,ch34,336,91,,,,확정
person:베히모스,E509,떡밥,암시,ch34,336,91,,,,확정
person:베히모스,E510,떡밥,암시,ch34,336,91,,,,확정
person:베히모스,E511,떡밥,암시,ch34,336,91,,,,확정
person:베히모스,F1642,사실,정의,ch34,336,91,,,,확정
person:베히모스,F1643,사실,정의,ch34,336,91,,J12,,확정
person:베히모스,F1647,사실,정의,ch34,336,91,,,,확정
person:베히모스,F1652,사실,정의,ch34,336,91,,,,확정
person:베히모스,F1655,사실,정의,ch34,336,91,,J2,,확정
person:베히모스,D604,관계 상대,관계,ch35,358,101,,,person:레비아탄,확정
person:베히모스,E605,떡밥,재언급,ch35,358,101,,,,확정
person:베히모스,F1799,사실,정의,ch35,358,101,,,,확정
person:베히모스,E623,떡밥,재언급,ch36,360,102,,,,확정
person:베히모스,E627,떡밥,재언급,ch36,360,102,,,,확정
person:베히모스,F1807,사실,정의,ch36,360,102,,,,확정
person:베히모스,F1809,사실,정의,ch36,360,102,,,,확정
person:베히모스,F1811,사실,정의,ch36,360,102,,,,확정
person:베히모스,F1819,사실,정의,ch36,360,102,,,,확정
person:베히모스,Q233,의문,정의,ch36,360,102,열림,J11,,확정
person:베히모스,E631,떡밥,재언급,relic:할일목록,361,102,,,,확정
person:베히모스,F1821,사실,정의,relic:할일목록,361,102,,,,확정
person:베히모스,E653,떡밥,재언급,ch37,373,108,,,,확정
person:베히모스,F1864,사실,정의,ch37,373,108,,,,확정
person:베히모스,E670,떡밥,재언급,ch38,375,109,,,,확정
person:베히모스,F1864-2,사건,드러냄,ch38,375,109,,,,확정
person:베히모스,F1870,사실,정의,ch38,375,109,,,,확정
person:베히모스,F1872,사실,정의,ch38,375,109,,J10,,확정
person:베히모스,F1880,사실,정의,ch38,375,109,,,,확정
person:베히모스,F2046,사실,정의,ch39,396,118,,,,확정
person:베히모스,D790,변화,신체,ch40,398,119,,,,확정
person:베히모스,D791,기준,관계,ch40,398,119,,,person:리버렐리오,확정
person:베히모스,D792,변화,관계,ch40,398,119,,,person:지휘관,확정
person:베히모스,D793,변화,신념,ch40,398,119,,,,확정
person:베히모스,E821,떡밥,재언급,ch40,398,119,,,,확정
person:베히모스,F2084,사실,정의,ch40,398,119,,,,확정
person:베히모스,E831,떡밥,재언급,fl:absolute,400,119,,,,확정
person:베히모스,E836,떡밥,암시,fl:absolute,400,119,,,,확정
person:베히모스,E837,떡밥,재언급,fl:absolute,400,119,,,,확정
person:베히모스,E841,떡밥,재언급,fl:absolute,400,119,,,,확정
person:베히모스,E842,떡밥,재언급,fl:absolute,400,119,,,,확정
person:베히모스,E849,떡밥,재언급,fl:absolute,400,119,,,,확정
person:베히모스,E850,떡밥,재언급,fl:absolute,400,119,,,,확정
person:베히모스,F2108,사실,정의,fl:absolute,400,119,,,,확정
person:베히모스,F2167,사실,정의,side:eden_spear,411,126,,J8,,확정
person:베히모스,Q203-2,사건,회수,side:eden_spear,411,126,,,,확정
person:베히모스,D856,변화,관계,ch41,414,127,,,person:레비아탄,확정
person:베히모스,F2191,사실,정의,ch41,414,127,,,,확정
person:베히모스,F2192,사실,정의,ch41,414,127,,,,확정
person:베히모스,F2211,사실,정의,relic:거꾸로적힌기록,415,127,,,,확정
person:베히모스,E913,떡밥,암시,ch42,416,128,,,,확정
person:베히모스,E917,떡밥,재언급,ch42,416,128,,,,확정
person:베히모스,F2218,사실,정의,ch42,416,128,,,,확정
person:베히모스,F2219,사실,정의,ch42,416,128,,,,확정
person:베히모스,F2222,사실,정의,ch42,416,128,,,,확정
person:베히모스,F2228,사실,정의,ch42,416,128,,,,확정
person:베히모스,F2230,사실,정의,ch42,416,128,,,,확정
person:베히모스,F2249,사실,정의,ch42,416,128,,,,확정
person:베히모스,Q199-2,사건,회수,relic:주의용광로사용법,417,128,,,,확정
person:베히모스,D1159,기준,관계,ch46,452,144,,,person:온리_원,확정
person:베히모스,E1102,떡밥,재언급,ch46,452,144,,,,확정
person:베히모스,F2624,사실,정의,ch46,452,144,,J10,,확정
person:베히모스,F2625,사실,정의,ch46,452,144,,,,확정
person:베히모스,F2800,사실,정의,ch47,470,153,,,,확정
person:벨로타,D1826,관계 상대,관계,char:61,103,17,,,person:미카,확정
person:벨로타,D1827,관계 상대,관계,char:61,103,17,,,person:미카,확정
person:벨로타,D1838,기준,관계,char:61,103,17,,,person:미카,확정
person:벨로타,F550,사실,정의,char:61,103,17,,,,확정
person:벨로타,F551,사실,정의,char:61,103,17,,,,확정
person:벨로타,F552,사실,정의,char:61,103,17,,,,확정
person:벨로타,F553,사실,정의,char:61,103,17,,,,확정
person:벨로타,D1839,기준,성격,char:60,107,17,,,,확정
person:벨로타,D1840,기준,관계,char:60,107,17,,,person:지휘관,확정
person:벨로타,D1841,변화,관계,char:60,107,17,,,person:지휘관,확정
person:벨로타,F563,사실,정의,char:60,107,17,,,,확정
person:벨로타,F564,사실,정의,char:60,107,17,,,,확정
person:벨로타,D1506,관계 상대,관계,event_neverland1,258,57,,,person:미카,확정
person:벨로타,D1508,변화,관계,event_neverland1,258,57,,,person:미카,확정
person:벨로타,E1342,떡밥,암시,event_neverland1,258,57,,,,확정
person:벨로타,E1343,떡밥,암시,event_neverland1,258,57,,,,확정
person:벨로타,F550-2,사건,드러냄,event_neverland1,258,57,,,,확정
person:벨로타,F551-2,사건,드러냄,event_neverland1,258,57,,,,확정
person:벨로타,F1214,사실,정의,event_neverland1,258,57,,,,확정
person:벨로타,F1215,사실,정의,event_neverland1,258,57,,,,확정
person:벨로타,F1216,사실,정의,event_neverland1,258,57,,,,확정
person:벨로타,F1217,사실,정의,event_neverland1,258,57,,,,확정
person:벨로타,F1220,사실,정의,event_neverland1,258,57,,,,확정
person:벨로타,E1610,떡밥,재언급,char:194,259,57,,,,확정
person:벨로타,E1611,떡밥,재언급,char:194,259,57,,,,확정
person:벨로타,F1224,사실,정의,char:194,259,57,,,,확정
person:벨로타,D2085,관계 상대,관계,char:62,260,58,,,person:미카,확정
person:벨로타,D2086,변화,관계,char:62,260,58,,,person:미카,확정
person:벨로타,F1225,사실,정의,char:62,260,58,,,,확정
person:벨로타,F1226,사실,정의,char:62,260,58,,,,확정
person:벨로타,F1227,사실,정의,char:62,260,58,,,,확정
person:벨로타,O127,마무리,관계,char:62,260,58,H16,,,확정
person:벨로타,F1270,사실,정의,char:281,266,62,,,,확정
person:벨벳,D826,기준,성격,fl:coins_in_rush,404,122,,,,확정
person:벨벳,D827,기준,관계,fl:coins_in_rush,404,122,,,person:지휘관,확정
person:벨벳,D828,변화,관계,fl:coins_in_rush,404,122,,,person:지휘관,확정
person:벨벳,D829,기준,소속,fl:coins_in_rush,404,122,,,,확정
person:벨벳,D830,변화,소속,fl:coins_in_rush,404,122,,,,확정
person:벨벳,D831,관계 상대,관계,fl:coins_in_rush,404,122,,,person:머스탱,확정
person:벨벳,E858,떡밥,암시,fl:coins_in_rush,404,122,,,,확정
person:벨벳,E861,떡밥,암시,fl:coins_in_rush,404,122,,,,확정
person:벨벳,E862,떡밥,암시,fl:coins_in_rush,404,122,,,,확정
person:벨벳,E863,떡밥,암시,fl:coins_in_rush,404,122,,,,확정
person:벨벳,E864,떡밥,암시,fl:coins_in_rush,404,122,,,,확정
person:벨벳,E867,떡밥,암시,fl:coins_in_rush,404,122,,,,확정
person:벨벳,E868,떡밥,암시,fl:coins_in_rush,404,122,,,,확정
person:벨벳,F2119,사실,정의,fl:coins_in_rush,404,122,,,,확정
person:벨벳,F2120,사실,정의,fl:coins_in_rush,404,122,,,,확정
person:벨벳,F2121,사실,정의,fl:coins_in_rush,404,122,,,,확정
person:벨벳,F2122,사실,정의,fl:coins_in_rush,404,122,,,,확정
person:벨벳,Q280,의문,정의,fl:coins_in_rush,404,122,일부,J24,,확정
person:벨벳,D1666,기준,신념,fl:fatal_maid,432,136,,,,확정
person:벨벳,D1667,변화,신념,fl:fatal_maid,432,136,,,,확정
person:벨벳,D1668,기준,관계,fl:fatal_maid,432,136,,,,확정
person:벨벳,D1669,변화,관계,fl:fatal_maid,432,136,,,,확정
person:벨벳,D1670,기준,관계,fl:fatal_maid,432,136,,,person:코코아,확정
person:벨벳,D1671,변화,관계,fl:fatal_maid,432,136,,,person:코코아,확정
person:벨벳,D1673,관계 상대,관계,fl:fatal_maid,432,136,,,person:코코아,확정
person:벨벳,D1674,관계 상대,관계,fl:fatal_maid,432,136,,,person:코코아,확정
person:벨벳,D1675,관계 상대,관계,fl:fatal_maid,432,136,,,person:에이드,확정
person:벨벳,D1676,관계 상대,관계,fl:fatal_maid,432,136,,,person:지휘관,확정
person:벨벳,D1677,변화,관계,fl:fatal_maid,432,136,,,person:지휘관,확정
person:벨벳,E1464,떡밥,암시,fl:fatal_maid,432,136,,,,확정
person:벨벳,E1468,떡밥,재언급,fl:fatal_maid,432,136,,,,확정
person:벨벳,E1470,떡밥,재언급,fl:fatal_maid,432,136,,,,확정
person:벨벳,F2387,사실,정의,fl:fatal_maid,432,136,,,,확정
person:벨벳,F2388,사실,정의,fl:fatal_maid,432,136,,,,확정
person:벨벳,F2389,사실,정의,fl:fatal_maid,432,136,,J24,,확정
person:벨벳,F2390,사실,정의,fl:fatal_maid,432,136,,,,확정
person:벨벳,F2391,사실,정의,fl:fatal_maid,432,136,,,,확정
person:벨벳,F2392,사실,정의,fl:fatal_maid,432,136,,,,확정
person:벨벳,F2393,사실,정의,fl:fatal_maid,432,136,,,,확정
person:벨벳,Q280-2,사건,회수,fl:fatal_maid,432,136,,,,확정
person:벨벳,Q314,의문,정의,fl:fatal_maid,432,136,열림,J24,,확정
person:벨벳,D2204,변화,관계,char:316,433,136,,,person:지휘관,확정
person:벨벳,O194,마무리,관계,char:316,433,136,,,,확정
person:볼륨,F456,사실,정의,char:430,89,17,,,,확정
person:볼륨,D1842,기준,성격,char:431,108,17,,,,확정
person:볼륨,D1843,기준,신념,char:431,108,17,,,,확정
person:볼륨,D1844,기준,관계,char:431,108,17,,,person:지휘관,확정
person:볼륨,D1845,변화,관계,char:431,108,17,,,person:지휘관,확정
person:볼륨,F565,사실,정의,char:431,108,17,,,,확정
person:볼륨,F566,사실,정의,char:431,108,17,,,,확정
person:볼륨,F567,사실,정의,char:431,108,17,,,,확정
person:볼륨,D1552,기준,관계,event_goldencoinrush1,300,75,,,person:소다,확정
person:볼륨,D1553,변화,관계,event_goldencoinrush1,300,75,,,person:소다,확정
person:볼륨,F1488,사실,정의,event_goldencoinrush1,300,75,,,,확정
person:볼륨,D772,기준,관계,ch39,396,118,,,person:아니스,확정
person:볼륨,F2062,사실,정의,ch39,396,118,,,,확정
person:볼트,F266,사실,정의,sub:미실리스_연구팀_00,44,10,,,,확정
person:볼트_MK.II,F265,사실,정의,sub:미실리스_연구팀_00,44,10,,,,확정
person:볼트_MK.II,F266,사실,정의,sub:미실리스_연구팀_00,44,10,,,,확정
person:볼트_MK.II,F268,사실,정의,sub:미실리스_연구팀_01,68,14,,,,확정
person:볼트_MK.II,F269,사실,정의,sub:미실리스_연구팀_01,68,14,,,,확정
person:볼트_MK.II,F270,사실,정의,sub:미실리스_연구팀_02,162,25,,,,확정
person:볼트_MK.II,F271,사실,정의,sub:미실리스_연구팀_03,167,26,,,,확정
person:볼트_MK.II,F272,사실,정의,sub:미실리스_연구팀_03,167,26,,,,확정
person:볼트_MK.II,U62,생활상,지상,sub:미실리스_연구팀_03,167,26,,,,확정
person:브라이언,E1573,떡밥,재언급,fl:persona_on_frontline,474,154,,,,확정
person:브래디,D621,기준,성격,event_newflavor,367,105,,,,확정
person:브래디,D622,기준,관계,event_newflavor,367,105,,,person:지휘관,확정
person:브래디,D623,변화,관계,event_newflavor,367,105,,,person:지휘관,확정
person:브래디,D624,변화,관계,event_newflavor,367,105,,,person:지휘관,확정
person:브래디,D625,기준,신념,event_newflavor,367,105,,,,확정
person:브래디,D628,관계 상대,관계,event_newflavor,367,105,,,person:크러스트,확정
person:브래디,E634,떡밥,암시,event_newflavor,367,105,,,,확정
person:브래디,E635,떡밥,암시,event_newflavor,367,105,,,,확정
person:브래디,E636,떡밥,암시,event_newflavor,367,105,,,,확정
person:브래디,E639,떡밥,암시,event_newflavor,367,105,,,,확정
person:브래디,F1834,사실,정의,event_newflavor,367,105,,,,확정
person:브래디,F1835,사실,정의,event_newflavor,367,105,,,,확정
person:브래디,F1836,사실,정의,event_newflavor,367,105,,,,확정
person:브래디,F1837,사실,정의,event_newflavor,367,105,,J41,,확정
person:브래디,F1839,사실,정의,event_newflavor,367,105,,,,확정
person:브래디,Q235,의문,정의,event_newflavor,367,105,열림,J3,,확정
person:브래디,D2156,변화,관계,char:520,368,105,,,person:지휘관,확정
person:브래디,F1840,사실,정의,char:520,368,105,,,,확정
person:브래디,O162,마무리,관계,char:520,368,105,,,,확정
person:브래디,D2158,관계 상대,관계,event_trueflavor,371,107,,,person:크러스트,확정
person:브래디,D2159,변화,신념,event_trueflavor,371,107,,,,확정
person:브래디,F1851,사실,정의,event_trueflavor,371,107,,,,확정
person:브래디,F1853,사실,정의,char:521,372,107,,,,확정
person:브리드,D1371,관계 상대,관계,char:72,93,17,,,person:디젤,확정
person:브리드,D1372,기준,관계,char:72,93,17,,,person:디젤,확정
person:브리드,F484,사실,정의,char:72,93,17,,,,확정
person:브리드,F486,사실,정의,char:72,93,17,,,,확정
person:브리드,D1846,기준,성격,char:70,109,17,,,,확정
person:브리드,D1847,기준,관계,char:70,109,17,,,person:지휘관,확정
person:브리드,D1848,변화,관계,char:70,109,17,,,person:지휘관,확정
person:브리드,D1849,기준,신념,char:70,109,17,,,,확정
person:브리드,D1850,변화,신념,char:70,109,17,,,,확정
person:브리드,D1851,변화,관계,char:70,109,17,,,person:지휘관,확정
person:브리드,F568,사실,정의,char:70,109,17,,,,확정
person:브리드,F569,사실,정의,char:70,109,17,,,,확정
person:브리드,F570,사실,정의,char:70,109,17,,,,확정
person:브리드,F1356,사실,정의,char:820,286,69,,,,확정
person:브리드,F1778,사실,정의,char:290,354,98,,,,확정
person:브리드,F2349,사실,정의,fl:blank_ticket,423,130,,,,확정
person:브리드,D2194,기준,관계,char:74,424,130,,,person:솔린,확정
person:브리드,D1657,관계 상대,관계,fl:terminus_ticket,425,131,,,person:노라,확정
person:브리드,D1658,관계 상대,관계,fl:terminus_ticket,425,131,,,person:노라,확정
person:브리드,D1660,변화,신념,fl:terminus_ticket,425,131,,,,확정
person:브리드,E1455,떡밥,재언급,fl:terminus_ticket,425,131,,,,확정
person:브리드,F2355,사실,정의,fl:terminus_ticket,425,131,,,,확정
person:브리드,F2356,사실,정의,fl:terminus_ticket,425,131,,J58,,확정
person:브리드,O190,마무리,성장,fl:terminus_ticket,425,131,H23,,,확정
person:브리드,D2196,변화,관계,char:75,426,131,,,person:디젤,확정
person:브리드,D2197,변화,성격,char:73,427,132,,,,확정
person:브리드,D2198,변화,관계,char:73,427,132,,,person:지휘관,확정
person:브리드,O191,마무리,관계,char:73,427,132,,,,확정
person:블랑,D227,기준,성격,ch22,195,36,,,,확정
person:블랑,D2028,관계 상대,관계,event_BunnyX777,204,37,,,person:누아르,확정
person:블랑,D2029,기준,관계,event_BunnyX777,204,37,,,person:누아르,확정
person:블랑,D2031,변화,관계,event_BunnyX777,204,37,,,person:지휘관,확정
person:블랑,E1604,떡밥,암시,event_BunnyX777,204,37,,,,확정
person:블랑,F945,사실,정의,event_BunnyX777,204,37,,,,확정
person:블랑,D2032,기준,신념,char:270,205,37,,,,확정
person:블랑,D2033,변화,관계,char:270,205,37,,,person:지휘관,확정
person:블랑,F947,사실,정의,char:270,205,37,,,,확정
person:블랑,F948,사실,정의,char:270,205,37,,,,확정
person:블랑,O113,마무리,관계,char:270,205,37,,,,확정
person:블랑,D2036,관계 상대,관계,char:271,206,38,,,person:누아르,확정
person:블랑,F949,사실,정의,char:271,206,38,,,,확정
person:블랑,D340,기준,관계,sub:코인_러시_00,223,44,,,person:지휘관,확정
person:블랑,F1137,사실,정의,sub:코인_러시_00,223,44,,,,확정
person:블랑,E1330,떡밥,재언급,event_dazzlingcupid,236,51,,,,확정
person:블랑,E1347,떡밥,암시,event_neverland1,258,57,,,,확정
person:블랑,F1219,사실,정의,event_neverland1,258,57,,,,확정
person:블랑,F1374,사실,정의,event_onemoretime,289,71,,,,확정
person:블랑,D1554,변화,관계,event_goldencoinrush1,300,75,,,person:소다,확정
person:블랑,E1366,떡밥,재언급,event_goldencoinrush1,300,75,,,,확정
person:블랑,F1489,사실,정의,event_goldencoinrush1,300,75,,,,확정
person:블랑,F1494,사실,정의,char:195,302,76,,,,확정
person:블랑,E1613,떡밥,재언급,event_jinxplayer,325,86,,,,확정
person:블랑,F1602,사실,정의,event_jinxplayer,325,86,,,,확정
person:블랑,E1399,떡밥,재언급,event_secretgarden,345,93,,,,확정
person:비스킷,D2009,기준,성격,event_bowwowparadise,181,31,,,,확정
person:비스킷,D2010,기준,관계,event_bowwowparadise,181,31,,,person:지휘관,확정
person:비스킷,D2011,기준,신념,event_bowwowparadise,181,31,,,,확정
person:비스킷,D2012,기준,관계,event_bowwowparadise,181,31,,,person:맥스,확정
person:비스킷,D2013,변화,관계,event_bowwowparadise,181,31,,,person:맥스,확정
person:비스킷,F824,사실,정의,event_bowwowparadise,181,31,,,,확정
person:비스킷,F825,사실,정의,event_bowwowparadise,181,31,,,,확정
person:비스킷,D2016,변화,관계,char:381,182,31,,,person:지휘관,확정
person:비스킷,F826,사실,정의,char:381,182,31,,,,확정
person:비스킷,F827,사실,정의,char:381,182,31,,,,확정
person:비스킷,F1080,사실,정의,char:321,235,50,,,,확정
person:비스킷,F1089,사실,정의,char:451,238,52,,,,확정
person:비스킷,D1522,변화,관계,event_lionheart,263,61,,,person:레오나,확정
person:비스킷,E1400,떡밥,재언급,event_secretgarden,345,93,,,,확정
person:비스킷,E1401,떡밥,암시,event_secretgarden,345,93,,,,확정
person:비스킷,F1724,사실,정의,event_secretgarden,345,93,,,,확정
person:빅_마담,D1018,기준,관계,ch43,434,137,,,person:프린세스,확정
person:빅_마담,D1019,변화,관계,ch43,434,137,,,person:프린세스,확정
person:빅_마담,E1013,떡밥,암시,ch43,434,137,,,,확정
person:빅_마담,F2395,사실,정의,ch43,434,137,,,,확정
person:빅_마담,F2396,사실,정의,ch43,434,137,,,,확정
person:빅_마담,F2398,사실,정의,ch43,434,137,,,,확정
person:빅_마담,F2405,사실,정의,ch43,434,137,,,,확정
person:사라,F2562,사실,정의,fl:good_world,448,142,,,,확정
person:사라,F2563,사실,정의,fl:good_world,448,142,,,,확정
person:사쿠라,F813,사실,정의,char:311,176,28,,,,확정
person:사쿠라,D200,기준,성격,event_cherryblossom,183,32,,,,확정
person:사쿠라,D201,기준,관계,event_cherryblossom,183,32,,,person:지휘관,확정
person:사쿠라,D202,변화,관계,event_cherryblossom,183,32,,,person:지휘관,확정
person:사쿠라,D203,기준,신념,event_cherryblossom,183,32,,,,확정
person:사쿠라,D205,관계 상대,관계,event_cherryblossom,183,32,,,person:목단,확정
person:사쿠라,F828,사실,정의,event_cherryblossom,183,32,,,,확정
person:사쿠라,F830,사실,정의,event_cherryblossom,183,32,,,,확정
person:사쿠라,F831,사실,정의,event_cherryblossom,183,32,,,,확정
person:사쿠라,F834,사실,정의,event_cherryblossom,183,32,,,,확정
person:사쿠라,F835,사실,정의,event_cherryblossom,183,32,,,,확정
person:사쿠라,F837,사실,정의,event_cherryblossom,183,32,,,,확정
person:사쿠라,D2017,변화,관계,char:282,185,32,,,person:지휘관,확정
person:사쿠라,D2018,변화,신념,char:282,185,32,,,,확정
person:사쿠라,D2019,변화,관계,char:282,185,32,,,person:지휘관,확정
person:사쿠라,F845,사실,정의,char:282,185,32,,,,확정
person:사쿠라,F846,사실,정의,char:282,185,32,,,,확정
person:사쿠라,F847,사실,정의,char:282,185,32,,,,확정
person:사쿠라,F848,사실,정의,char:282,185,32,,,,확정
person:사쿠라,F849,사실,정의,char:282,185,32,,,,확정
person:사쿠라,O146,마무리,성장,char:282,185,32,,,,확정
person:사쿠라,D230,관계 상대,관계,ch22,195,36,,,person:로산나,확정
person:사쿠라,E168,떡밥,암시,ch22,195,36,,,,확정
person:사쿠라,E169,떡밥,암시,ch22,195,36,,,,확정
person:사쿠라,E171,떡밥,암시,ch22,195,36,,,,확정
person:사쿠라,F835-2,사건,드러냄,ch22,195,36,,,,확정
person:사쿠라,F884,사실,정의,ch22,195,36,,,,확정
person:사쿠라,F887,사실,정의,ch22,195,36,,,,확정
person:사쿠라,F892,사실,정의,ch22,195,36,,,,확정
person:사쿠라,D1442,기준,관계,event_queensorder,207,39,,,person:로산나,확정
person:사쿠라,F953,사실,정의,event_queensorder,207,39,,,,확정
person:사쿠라,F961,사실,정의,char:280,208,39,,,,확정
person:사쿠라,D272,기준,관계,ch23,214,43,,,person:목단,확정
person:사쿠라,F990,사실,정의,ch23,214,43,,,,확정
person:사쿠라,E235,떡밥,재언급,ch24,219,44,,,,확정
person:사쿠라,F1020,사실,정의,ch24,219,44,,,,확정
person:사쿠라,F953-2,사건,드러냄,event_dirtybackyard,265,62,,,,확정
person:사쿠라,F1264,사실,정의,event_dirtybackyard,265,62,,,,확정
person:사쿠라,F1265,사실,정의,event_dirtybackyard,265,62,,,,확정
person:사쿠라,F1269,사실,정의,char:281,266,62,,,,확정
person:사쿠라,D482,변화,관계,event_beautyfullshot1,305,78,,,person:지휘관,확정
person:사쿠라,D487,관계 상대,관계,event_beautyfullshot1,305,78,,,person:로산나,확정
person:사쿠라,E427,떡밥,암시,event_beautyfullshot1,305,78,,,,확정
person:사쿠라,F1506,사실,정의,event_beautyfullshot1,305,78,,,,확정
person:사쿠라,F1507,사실,정의,event_beautyfullshot1,305,78,,,,확정
person:사쿠라,F1510,사실,정의,event_beautyfullshot1,305,78,,,,확정
person:사쿠라,F1511,사실,정의,event_beautyfullshot1,305,78,,,,확정
person:사쿠라,F1512,사실,정의,event_beautyfullshot1,305,78,,,,확정
person:사쿠라,F1513,사실,정의,event_beautyfullshot1,305,78,,,,확정
person:사쿠라,F1518,사실,정의,event_beautyfullshot1,305,78,,,,확정
person:사쿠라,F1519,사실,정의,event_beautyfullshot1,305,78,,,,확정
person:사쿠라,O145,마무리,관계,event_beautyfullshot1,305,78,,,,확정
person:사쿠라,D2114,변화,신념,char:284,306,78,,,,확정
person:사쿠라,F1520,사실,정의,char:284,306,78,,,,확정
person:사쿠라,E1412,떡밥,재언급,event_icedragonsaga1,347,94,,,,확정
person:사쿠라,F2447,사실,정의,ch44,436,138,,,,확정
person:사쿠라,F2448,사실,정의,ch44,436,138,,,,확정
person:사쿠라,F2454,사실,정의,ch44,436,138,,,,확정
person:사쿠라_콜라보,D2149,기준,성격,char:836,362,102,,,,확정
person:사쿠라_콜라보,D2150,변화,신념,char:836,362,102,,,,확정
person:사쿠라_콜라보,F1822,사실,정의,char:836,362,102,,,,확정
person:사토우,F811,사실,정의,char:311,176,28,,,,확정
person:사토우,F813,사실,정의,char:311,176,28,,,,확정
person:사토우,F814,사실,정의,char:311,176,28,,,,확정
person:산해진미,F187,사실,정의,sub:산해진미_00,57,12,,,,확정
person:산해진미,U30,생활상,일상 · 문화,sub:산해진미_00,57,12,,,,확정
person:산해진미,F189,사실,정의,sub:산해진미_01,243,54,,,,확정
person:샛별,F758,사실,정의,relic:데일리아크기사스크랩,160,25,,,,확정
person:샛별,F759,사실,정의,relic:데일리아크기사스크랩,160,25,,,,확정
person:샛별,F760,사실,정의,relic:데일리아크기사스크랩,160,25,,,,확정
person:샛별,Q109,의문,정의,relic:데일리아크기사스크랩,160,25,일부,J8,,확정
person:샛별,F762,사실,정의,ch20,164,26,,J8,,확정
person:샛별,Q109-2,사건,회수,ch20,164,26,,,,확정
person:샛별,Q112,의문,정의,ch20,164,26,일부,J8,,확정
person:샛별,F861,사실,정의,ch21,189,35,,J8,,확정
person:샛별,Q112-2,사건,회수,ch21,189,35,,,,확정
person:샛별,F1387,사실,정의,ch29,291,72,,,,확정
person:샛별,F1747,사실,정의,event_footstepwalkrun1,350,96,,,,확정
person:샛별,F1761,사실,정의,event_footstepwalkrun1,350,96,,,,확정
person:샛별,F2334,사실,정의,erelic:goddess_fall_mini,419,128,,J8,,확정
person:샛별,Q109-3,사건,회수,erelic:goddess_fall_mini,419,128,,,,확정
person:샛별,E1185,떡밥,재언급,fl:project_matis,467,151,,,,확정
person:샛별,F2771,사실,정의,fl:project_matis,467,151,,,,확정
person:세르반,D31,기준,성격,sub:세르반_00,11,4,,,,확정
person:세르반,E21,떡밥,암시,sub:세르반_00,11,4,,,,확정
person:세르반,F67,사실,정의,sub:세르반_00,11,4,,,,확정
person:세르반,F68,사실,정의,sub:세르반_00,11,4,,,,확정
person:세르반,U19,생활상,방주 사회,sub:세르반_00,11,4,,,,확정
person:세르반,D66,기준,신념,sub:세르반_01,28,7,,,,확정
person:세르반,D67,변화,관계,sub:세르반_01,28,7,,,person:지휘관,확정
person:세르반,E51,떡밥,암시,sub:세르반_01,28,7,,,,확정
person:세르반,F68-2,사건,드러냄,sub:세르반_01,28,7,,,,확정
person:세르반,F194,사실,정의,sub:세르반_01,28,7,,,,확정
person:세르반,F195,사실,정의,sub:세르반_01,28,7,,,,확정
person:세르반,F196,사실,정의,sub:세르반_01,28,7,,,,확정
person:세르반,U34,생활상,방주 사회,sub:세르반_01,28,7,,,,확정
person:세르반,E59,떡밥,재언급,sub:세르반_02,33,8,,,,확정
person:세르반,E60,떡밥,암시,sub:세르반_02,33,8,,,,확정
person:세르반,F221,사실,정의,sub:세르반_02,33,8,,,,확정
person:세르반,Q41,의문,정의,sub:세르반_02,33,8,풀림,J39,,확정
person:세르반,D108,변화,성격,sub:세르반_03,65,14,,,,확정
person:세르반,D109,변화,관계,sub:세르반_03,65,14,,,person:지휘관,확정
person:세르반,F349,사실,정의,sub:세르반_03,65,14,,,,확정
person:세르반,F350,사실,정의,sub:세르반_03,65,14,,,,확정
person:세르반,F351,사실,정의,sub:세르반_03,65,14,,J39,,확정
person:세르반,F352,사실,정의,sub:세르반_03,65,14,,,,확정
person:세르반,O111,마무리,관계,sub:세르반_03,65,14,,,,확정
person:세르반,Q41-2,사건,회수,sub:세르반_03,65,14,,,,확정
person:세실,D178,기준,성격,ch19,159,25,,,,확정
person:세실,F751,사실,정의,ch19,159,25,,,,확정
person:세실,F752,사실,정의,ch19,159,25,,,,확정
person:세실,F753,사실,정의,ch19,159,25,,,,확정
person:세실,F755,사실,정의,ch19,159,25,,,,확정
person:세실,Q106,의문,정의,ch19,159,25,열림,J7,,확정
person:세실,D193,기준,관계,ch20,164,26,,,person:요한,확정
person:세실,D194,기준,관계,ch20,164,26,,,person:지휘관,확정
person:세실,F771,사실,정의,ch20,164,26,,J4,,확정
person:세실,F773,사실,정의,ch20,164,26,,,,확정
person:세실,D213,기준,신념,ch21,189,35,,,,확정
person:세실,D214,변화,관계,ch21,189,35,,,person:지휘관,확정
person:세실,F859,사실,정의,ch21,189,35,,,,확정
person:세실,F862,사실,정의,ch21,189,35,,,,확정
person:세실,F863,사실,정의,ch21,189,35,,,,확정
person:세실,F864,사실,정의,ch21,189,35,,,,확정
person:세실,F865,사실,정의,ch21,189,35,,,,확정
person:세실,F869,사실,정의,ch21,189,35,,,,확정
person:세실,F873,사실,정의,sub:에덴_Notice_00,190,35,,,,확정
person:세실,F875,사실,정의,sub:에덴_Notice_01,191,35,,,,확정
person:세실,F938,사실,정의,char:233,202,36,,,,확정
person:세실,F1029,사실,정의,ch24,219,44,,,,확정
person:세실,F1555,사실,정의,ch32,310,81,,,,확정
person:세실,F1629,사실,정의,ch33,334,90,,,,확정
person:세실,Q214,의문,정의,ch33,334,90,열림,J8,,확정
person:세실,F1658,사실,정의,ch34,336,91,,,,확정
person:세실,F2155,사실,정의,side:eden_spear,411,126,,,,확정
person:세실,F2156,사실,정의,side:eden_spear,411,126,,,,확정
person:세실,F2172,사실,정의,side:eden_spear,411,126,,J15,,확정
person:세실,Q284,의문,정의,side:eden_spear,411,126,열림,J8,,확정
person:세실,F2257,사실,정의,event_goddessfall1,418,128,,,,확정
person:세실,F2259,사실,정의,event_goddessfall1,418,128,,,,확정
person:세실,F2264,사실,정의,event_goddessfall1,418,128,,,,확정
person:세실,F2286,사실,정의,event_goddessfall1,418,128,,,,확정
person:세실,F2298,사실,정의,event_goddessfall1,418,128,,,,확정
person:세실,F2316,사실,정의,event_goddessfall1,418,128,,,,확정
person:세실,F2317,사실,정의,event_goddessfall1,418,128,,J7,,확정
person:세실,D968,기준,관계,erelic:goddess_fall_mini,419,128,,,person:도로시,확정
person:세실,D972,변화,관계,erelic:goddess_fall_mini,419,128,,,person:하란 person:이사벨 person:노아,확정
person:세실,E968,떡밥,재언급,erelic:goddess_fall_mini,419,128,,,,확정
person:세실,F2323,사실,정의,erelic:goddess_fall_mini,419,128,,,,확정
person:세실,F2331,사실,정의,erelic:goddess_fall_mini,419,128,,,,확정
person:세실,F2332,사실,정의,erelic:goddess_fall_mini,419,128,,J16,,확정
person:세실,F2333,사실,정의,erelic:goddess_fall_mini,419,128,,,,확정
person:세실,F2335,사실,정의,erelic:goddess_fall_mini,419,128,,J8,,확정
person:세실,F2337,사실,정의,erelic:goddess_fall_mini,419,128,,J8,,확정
person:세실,F2339,사실,정의,erelic:goddess_fall_mini,419,128,,,,확정
person:세실,D975,변화,신념,fl:ark_guardian,428,133,,,,확정
person:세실,F2357,사실,정의,fl:ark_guardian,428,133,,,,확정
person:세실,F2892,사실,정의,fl:ark_guardian,428,133,,,,확정
person:세실,F2379,사실,정의,char:471,429,134,,,,확정
person:세실,D1034,변화,관계,ch44,436,138,,,person:지휘관,확정
person:세실,F2357-2,사건,드러냄,ch44,436,138,,,,확정
person:세실,F2422,사실,정의,ch44,436,138,,,,확정
person:세실,F2424,사실,정의,ch44,436,138,,,,확정
person:세실,F2434,사실,정의,ch44,436,138,,,,확정
person:세실,F2572,사실,정의,ch45,450,143,,,,확정
person:세실,D1310,변화,관계,ch47,470,153,,,person:지휘관,확정
person:세실,E1218,떡밥,재언급,ch47,470,153,,,,확정
person:세실,F2806,사실,정의,ch47,470,153,,,,확정
person:세실,F2807,사실,정의,ch47,470,153,,,,확정
person:세실,F2808,사실,정의,ch47,470,153,,,,확정
person:세실,F2810,사실,정의,ch47,470,153,,,,확정
person:세실,F2827,사실,정의,ch48,472,154,,,,확정
person:세실,F2831,사실,정의,ch48,472,154,,,,확정
person:세이라,F1743,사실,정의,event_footstepwalkrun1,350,96,,,,확정
person:세이렌,F1572,사실,정의,sub:거울_공주_01,315,81,,,,확정
person:세이렌,Q207,의문,정의,sub:거울_공주_01,315,81,일부,J12,,확정
person:세이렌,E512,떡밥,암시,ch34,336,91,,,,확정
person:세이렌,F1654,사실,정의,ch34,336,91,,J12,,확정
person:세이렌,Q207-2,사건,회수,ch34,336,91,,,,확정
person:세이렌,D572,기준,성격,event_oldtales1,338,91,,,,확정
person:세이렌,D573,변화,관계,event_oldtales1,338,91,,,person:신데렐라,확정
person:세이렌,D574,관계 상대,관계,event_oldtales1,338,91,,,person:신데렐라,확정
person:세이렌,D575,관계 상대,관계,event_oldtales1,338,91,,,person:신데렐라,확정
person:세이렌,D576,관계 상대,관계,event_oldtales1,338,91,,,person:신데렐라,확정
person:세이렌,E526,떡밥,암시,event_oldtales1,338,91,,,,확정
person:세이렌,E529,떡밥,암시,event_oldtales1,338,91,,,,확정
person:세이렌,E538,떡밥,암시,event_oldtales1,338,91,,,,확정
person:세이렌,F1654-2,사건,드러냄,event_oldtales1,338,91,,,,확정
person:세이렌,F1665,사실,정의,event_oldtales1,338,91,,,,확정
person:세이렌,E552,떡밥,암시,erelic:old_tales_lost,340,91,,,,확정
person:세이렌,E1616,떡밥,암시,char:511,343,91,,,,확정
person:세이렌,F1716,사실,정의,char:511,343,91,,,,확정
person:세이렌,E1398,떡밥,암시,char:514,344,92,,,,확정
person:세이렌,E603,떡밥,암시,ch35,358,101,,,,확정
person:세이렌,F1802,사실,정의,ch35,358,101,,,,확정
person:세이렌,F1803,사실,정의,ch35,358,101,,J12,,확정
person:세이렌,Q207-3,사건,회수,ch35,358,101,,,,확정
person:세이렌,D616,관계 상대,관계,ch36,360,102,,,person:레비아탄,확정
person:세이렌,E625,떡밥,암시,ch36,360,102,,,,확정
person:세이렌,F1814,사실,정의,ch36,360,102,,,,확정
person:세이렌,F1815,사실,정의,ch36,360,102,,J12,,확정
person:세이렌,F1816,사실,정의,ch36,360,102,,,,확정
person:세이렌,Q207-4,사건,회수,ch36,360,102,,,,확정
person:세이렌,D634,관계 상대,관계,side:mudfish,370,107,,,person:레비아탄,확정
person:세이렌,D635,관계 상대,관계,side:mudfish,370,107,,,person:레비아탄,확정
person:세이렌,D636,관계 상대,관계,side:mudfish,370,107,,,person:레비아탄,확정
person:세이렌,D639,기준,관계,side:mudfish,370,107,,,person:레비아탄,확정
person:세이렌,D640,변화,관계,side:mudfish,370,107,,,person:레비아탄,확정
person:세이렌,D641,변화,관계,side:mudfish,370,107,,,person:레비아탄,확정
person:세이렌,D642,기준,신념,side:mudfish,370,107,,,,확정
person:세이렌,D643,관계 상대,관계,side:mudfish,370,107,,,person:그레이브,확정
person:세이렌,E640,떡밥,재언급,side:mudfish,370,107,,,,확정
person:세이렌,E641,떡밥,재언급,side:mudfish,370,107,,,,확정
person:세이렌,E642,떡밥,암시,side:mudfish,370,107,,,,확정
person:세이렌,E644,떡밥,암시,side:mudfish,370,107,,,,확정
person:세이렌,E645,떡밥,암시,side:mudfish,370,107,,,,확정
person:세이렌,F1815-2,사건,드러냄,side:mudfish,370,107,,,,확정
person:세이렌,F2884,사실,정의,side:mudfish,370,107,,,,확정
person:세이렌,E672,떡밥,재언급,ch38,375,109,,,,확정
person:세이렌,F1879,사실,정의,ch38,375,109,,,,확정
person:세이렌,D676,관계 상대,관계,event_unbreakablesphere1,377,109,,,person:모리,확정
person:세이렌,D680,관계 상대,관계,event_unbreakablesphere1,377,109,,,person:모리,확정
person:세이렌,D685,기준,관계,event_unbreakablesphere1,377,109,,,person:모리,확정
person:세이렌,D686,변화,신념,event_unbreakablesphere1,377,109,,,,확정
person:세이렌,D687,변화,신념,event_unbreakablesphere1,377,109,,,,확정
person:세이렌,D688,변화,관계,event_unbreakablesphere1,377,109,,,person:모리,확정
person:세이렌,E683,떡밥,암시,event_unbreakablesphere1,377,109,,,,확정
person:세이렌,E685,떡밥,암시,event_unbreakablesphere1,377,109,,,,확정
person:세이렌,E686,떡밥,암시,event_unbreakablesphere1,377,109,,,,확정
person:세이렌,E688,떡밥,재언급,event_unbreakablesphere1,377,109,,,,확정
person:세이렌,E689,떡밥,암시,event_unbreakablesphere1,377,109,,,,확정
person:세이렌,E690,떡밥,재언급,event_unbreakablesphere1,377,109,,,,확정
person:세이렌,E691,떡밥,재언급,event_unbreakablesphere1,377,109,,,,확정
person:세이렌,E692,떡밥,재언급,event_unbreakablesphere1,377,109,,,,확정
person:세이렌,E693,떡밥,재언급,event_unbreakablesphere1,377,109,,,,확정
person:세이렌,E694,떡밥,재언급,event_unbreakablesphere1,377,109,,,,확정
person:세이렌,E695,떡밥,재언급,event_unbreakablesphere1,377,109,,,,확정
person:세이렌,E706,떡밥,재언급,event_unbreakablesphere1,377,109,,,,확정
person:세이렌,E707,떡밥,재언급,event_unbreakablesphere1,377,109,,,,확정
person:세이렌,E708,떡밥,암시,event_unbreakablesphere1,377,109,,,,확정
person:세이렌,E709,떡밥,재언급,event_unbreakablesphere1,377,109,,,,확정
person:세이렌,F1814-2,사건,드러냄,event_unbreakablesphere1,377,109,,,,확정
person:세이렌,F1884,사실,정의,event_unbreakablesphere1,377,109,,J12,,확정
person:세이렌,F1884-2,사건,드러냄,event_unbreakablesphere1,377,109,,,,확정
person:세이렌,F1885,사실,정의,event_unbreakablesphere1,377,109,,,,확정
person:세이렌,F1886,사실,정의,event_unbreakablesphere1,377,109,,,,확정
person:세이렌,F1887,사실,정의,event_unbreakablesphere1,377,109,,,,확정
person:세이렌,F1888,사실,정의,event_unbreakablesphere1,377,109,,,,확정
person:세이렌,F1893,사실,정의,event_unbreakablesphere1,377,109,,,,확정
person:세이렌,F1894,사실,정의,event_unbreakablesphere1,377,109,,,,확정
person:세이렌,F1895,사실,정의,event_unbreakablesphere1,377,109,,,,확정
person:세이렌,F1896,사실,정의,event_unbreakablesphere1,377,109,,,,확정
person:세이렌,F1901,사실,정의,event_unbreakablesphere1,377,109,,,,확정
person:세이렌,F1902,사실,정의,event_unbreakablesphere1,377,109,,,,확정
person:세이렌,F1903,사실,정의,event_unbreakablesphere1,377,109,,J12,,확정
person:세이렌,O28,마무리,성장,event_unbreakablesphere1,377,109,H3,,,확정
person:세이렌,Q207-5,사건,회수,event_unbreakablesphere1,377,109,,,,확정
person:세이렌,U277,생활상,일상 · 문화,event_unbreakablesphere1,377,109,,,,확정
person:세이렌,D697,관계 상대,관계,erelic:unbreakable_sphere_dialog,378,109,,,person:그레이브,확정
person:세이렌,E710,떡밥,재언급,erelic:unbreakable_sphere_dialog,378,109,,,,확정
person:세이렌,E711,떡밥,재언급,erelic:unbreakable_sphere_dialog,378,109,,,,확정
person:세이렌,F1904,사실,정의,erelic:unbreakable_sphere_dialog,378,109,,,,확정
person:세이렌,F1905,사실,정의,erelic:unbreakable_sphere_dialog,378,109,,,,확정
person:세이렌,F1906,사실,정의,erelic:unbreakable_sphere_dialog,378,109,,,,확정
person:세이렌,E712,떡밥,재언급,erelic:unbreakable_sphere_lost,379,109,,,,확정
person:세이렌,F1816-2,사건,드러냄,erelic:unbreakable_sphere_lost,379,109,,,,확정
person:세이렌,F1907,사실,정의,erelic:unbreakable_sphere_lost,379,109,,,,확정
person:세이렌,F1908,사실,정의,erelic:unbreakable_sphere_lost,379,109,,,,확정
person:세이렌,F1909,사실,정의,erelic:unbreakable_sphere_lost,379,109,,,,확정
person:세이렌,D1638,변화,관계,char:513,380,109,,,person:헨젤 person:그레텔 person:신데렐라 person:레드_슈즈,확정
person:세이렌,D1639,관계 상대,관계,char:513,380,109,,,person:헨젤,확정
person:세이렌,E1430,떡밥,재언급,char:513,380,109,,,,확정
person:세이렌,O26,마무리,관계,char:513,380,109,,,,확정
person:세이렌,E1617,떡밥,재언급,char:590,381,109,,,,확정
person:세이렌,D1642,관계 상대,관계,char:162,382,110,,,person:미하라,확정
person:세이렌,E1436,떡밥,재언급,char:162,382,110,,,,확정
person:세이렌,F2173,사실,정의,side:eden_spear,411,126,,J12,,확정
person:세이렌,D857,관계 상대,관계,ch41,414,127,,,person:레비아탄,확정
person:세이렌,D868,관계 상대,관계,ch42,416,128,,,person:레비아탄,확정
person:세이렌,D873,변화,관계,ch42,416,128,,,person:레비아탄,확정
person:세이렌,D874,기준,관계,ch42,416,128,,,person:지휘관,확정
person:세이렌,E910,떡밥,재언급,ch42,416,128,,,,확정
person:세이렌,E927,떡밥,재언급,ch42,416,128,,,,확정
person:세이렌,O43,마무리,관계,ch42,416,128,H6,,,확정
person:세이렌,D1752,변화,관계,fl:wave_to_you,464,149,,,person:지휘관,확정
person:세이렌,E1544,떡밥,암시,fl:wave_to_you,464,149,,,,확정
person:세이렌,E1555,떡밥,재언급,fl:wave_to_you,464,149,,,,확정
person:세이렌,E1558,떡밥,재언급,fl:wave_to_you,464,149,,,,확정
person:센티,D1808,관계 상대,관계,char:82,98,17,,,person:리타,확정
person:센티,F521,사실,정의,char:82,98,17,,,,확정
person:센티,F522,사실,정의,char:82,98,17,,,,확정
person:센티,D1852,기준,관계,char:80,110,17,,,person:지휘관,확정
person:센티,D1853,기준,신념,char:80,110,17,,,,확정
person:센티,D1854,변화,신념,char:80,110,17,,,,확정
person:센티,D1855,변화,관계,char:80,110,17,,,person:지휘관,확정
person:센티,F571,사실,정의,char:80,110,17,,,,확정
person:센티,F572,사실,정의,char:80,110,17,,,,확정
person:센티,D84,기준,성격,sub:미실리스_연구팀_02,162,25,,,,확정
person:센티,F270,사실,정의,sub:미실리스_연구팀_02,162,25,,,,확정
person:센티,F825,사실,정의,event_bowwowparadise,181,31,,,,확정
person:센티,F1094,사실,정의,char:33,240,53,,,,확정
person:센티,D379,관계 상대,관계,ch27,270,65,,,person:해머링,확정
person:센티,F1291,사실,정의,ch27,270,65,,,,확정
person:센티,D1635,관계 상대,관계,fl:for_rest,365,104,,,person:리타,확정
person:센티,E1425,떡밥,암시,fl:for_rest,365,104,,,,확정
person:센티,E1428,떡밥,재언급,fl:for_rest,365,104,,,,확정
person:센티,F1831,사실,정의,fl:for_rest,365,104,,,,확정
person:센티,F2025,사실,정의,fl:boom_the_ghost,393,116,,,,확정
person:소다,D1423,기준,성격,event_maidinvalentine,175,28,,,,확정
person:소다,F807,사실,정의,event_maidinvalentine,175,28,,,,확정
person:소다,F814,사실,정의,char:311,176,28,,,,확정
person:소다,D2002,기준,신념,char:312,177,29,,,,확정
person:소다,D2003,변화,성격,char:312,177,29,,,,확정
person:소다,D2004,기준,관계,char:312,177,29,,,person:지휘관,확정
person:소다,D2005,변화,관계,char:312,177,29,,,person:지휘관,확정
person:소다,F815,사실,정의,char:312,177,29,,,,확정
person:소다,F1089,사실,정의,char:451,238,52,,,,확정
person:소다,F1273,사실,정의,event_perfectmaid,267,63,,,,확정
person:소다,D1546,기준,관계,event_goldencoinrush1,300,75,,,person:코코아 person:에이드,확정
person:소다,D1548,변화,신념,event_goldencoinrush1,300,75,,,,확정
person:소다,D1549,변화,성격,event_goldencoinrush1,300,75,,,,확정
person:소다,D1550,관계 상대,관계,event_goldencoinrush1,300,75,,,person:밀크,확정
person:소다,D1551,관계 상대,관계,event_goldencoinrush1,300,75,,,person:밀크,확정
person:소다,D1552,관계 상대,관계,event_goldencoinrush1,300,75,,,person:볼륨,확정
person:소다,D1553,관계 상대,관계,event_goldencoinrush1,300,75,,,person:볼륨,확정
person:소다,D1554,관계 상대,관계,event_goldencoinrush1,300,75,,,person:블랑,확정
person:소다,D1555,관계 상대,관계,event_goldencoinrush1,300,75,,,person:앨리스,확정
person:소다,E1370,떡밥,암시,event_goldencoinrush1,300,75,,,,확정
person:소다,F1483,사실,정의,event_goldencoinrush1,300,75,,,,확정
person:소다,F1485,사실,정의,event_goldencoinrush1,300,75,,,,확정
person:소다,F1486,사실,정의,event_goldencoinrush1,300,75,,,,확정
person:소다,F1487,사실,정의,event_goldencoinrush1,300,75,,,,확정
person:소다,F1488,사실,정의,event_goldencoinrush1,300,75,,,,확정
person:소다,F1489,사실,정의,event_goldencoinrush1,300,75,,,,확정
person:소다,F1490,사실,정의,event_goldencoinrush1,300,75,,,,확정
person:소다,F2897,사실,정의,event_goldencoinrush1,300,75,,,,확정
person:소다,O141,마무리,성장,event_goldencoinrush1,300,75,,,,확정
person:소다,D2109,변화,관계,char:314,301,75,,,person:지휘관,확정
person:소다,F1491,사실,정의,char:314,301,75,,,,확정
person:소다,F1493,사실,정의,char:314,301,75,,,,확정
person:소다,D2111,관계 상대,관계,char:195,302,76,,,person:앨리스,확정
person:소다,F1494,사실,정의,char:195,302,76,,,,확정
person:소다,E869,떡밥,재언급,fl:coins_in_rush,404,122,,,,확정
person:소다,E1467,떡밥,암시,fl:fatal_maid,432,136,,,,확정
person:소라,D743,기준,성격,event_overthehorizon,391,115,,,,확정
person:소라,D744,기준,관계,event_overthehorizon,391,115,,,person:지휘관,확정
person:소라,D745,변화,관계,event_overthehorizon,391,115,,,person:지휘관,확정
person:소라,D746,기준,신념,event_overthehorizon,391,115,,,,확정
person:소라,D747,기준,소속,event_overthehorizon,391,115,,,,확정
person:소라,D752,관계 상대,관계,event_overthehorizon,391,115,,,person:지휘관,확정
person:소라,E771,떡밥,암시,event_overthehorizon,391,115,,,,확정
person:소라,E772,떡밥,암시,event_overthehorizon,391,115,,,,확정
person:소라,E773,떡밥,암시,event_overthehorizon,391,115,,,,확정
person:소라,E774,떡밥,암시,event_overthehorizon,391,115,,,,확정
person:소라,E775,떡밥,암시,event_overthehorizon,391,115,,,,확정
person:소라,F2008,사실,정의,event_overthehorizon,391,115,,,,확정
person:소라,F2011,사실,정의,event_overthehorizon,391,115,,,,확정
person:소라,F2013,사실,정의,event_overthehorizon,391,115,,,,확정
person:소라,F2015,사실,정의,event_overthehorizon,391,115,,,,확정
person:소라,F2016,사실,정의,event_overthehorizon,391,115,,,,확정
person:소라,F2017,사실,정의,event_overthehorizon,391,115,,,,확정
person:소라,D2172,변화,관계,char:532,392,115,,,person:지휘관,확정
person:소라,D2173,변화,관계,char:532,392,115,,,person:지휘관,확정
person:소라,F2018,사실,정의,char:532,392,115,,,,확정
person:소라,E1510,떡밥,재언급,fl:2x2_love_2ch,445,141,,,,확정
person:소라,F2527,사실,정의,fl:2x2_love_2ch,445,141,,,,확정
person:소라,D1271,관계 상대,관계,fl:ark_ranger,462,148,,,person:지휘관,확정
person:소라,E1182,떡밥,재언급,fl:ark_ranger,462,148,,,,확정
person:소라,E1183,떡밥,암시,fl:ark_ranger,462,148,,,,확정
person:소라,F2017-2,사건,드러냄,fl:ark_ranger,462,148,,,,확정
person:소라,F2742,사실,정의,fl:ark_ranger,462,148,,,,확정
person:소라,O210,마무리,관계,fl:ark_ranger,462,148,H25,,,확정
person:솔린,E1255,떡밥,암시,char:72,93,17,,,,확정
person:솔린,F484,사실,정의,char:72,93,17,,,,확정
person:솔린,F486,사실,정의,char:72,93,17,,,,확정
person:솔린,D1856,기준,성격,char:71,111,17,,,,확정
person:솔린,D1857,기준,관계,char:71,111,17,,,person:지휘관,확정
person:솔린,D1858,기준,신념,char:71,111,17,,,,확정
person:솔린,D1859,기준,기억,char:71,111,17,,,,확정
person:솔린,D1860,변화,신념,char:71,111,17,,,,확정
person:솔린,D1861,변화,관계,char:71,111,17,,,person:지휘관,확정
person:솔린,D1862,변화,성격,char:71,111,17,,,,확정
person:솔린,F573,사실,정의,char:71,111,17,,,,확정
person:솔린,F574,사실,정의,char:71,111,17,,,,확정
person:솔린,F575,사실,정의,char:71,111,17,,,,확정
person:솔린,F1005,사실,정의,ch24,219,44,,,,확정
person:솔린,F1007,사실,정의,ch24,219,44,,,,확정
person:솔린,D2101,변화,신념,char:820,286,69,,,,확정
person:솔린,F1356,사실,정의,char:820,286,69,,,,확정
person:솔린,O136,마무리,성장,char:820,286,69,,,,확정
person:솔린,D1648,관계 상대,관계,fl:blank_ticket,423,130,,,person:노라,확정
person:솔린,D1649,관계 상대,관계,fl:blank_ticket,423,130,,,person:노라,확정
person:솔린,D1650,기준,관계,fl:blank_ticket,423,130,,,person:노라,확정
person:솔린,D1651,변화,관계,fl:blank_ticket,423,130,,,person:노라,확정
person:솔린,D1654,변화,성격,fl:blank_ticket,423,130,,,,확정
person:솔린,F2347,사실,정의,fl:blank_ticket,423,130,,,,확정
person:솔린,F2348,사실,정의,fl:blank_ticket,423,130,,,,확정
person:솔린,F2900,사실,정의,fl:blank_ticket,423,130,,,,확정
person:솔린,D2192,변화,성격,char:74,424,130,,,,확정
person:솔린,D2193,변화,관계,char:74,424,130,,,person:지휘관,확정
person:솔린,D2194,관계 상대,관계,char:74,424,130,,,person:브리드,확정
person:솔린,O185,마무리,관계,char:74,424,130,H21,,,확정
person:솔린,O186,마무리,성장,char:74,424,130,H21,,,확정
person:솔린,E1449,떡밥,재언급,fl:terminus_ticket,425,131,,,,확정
person:솔린,E1452,떡밥,재언급,fl:terminus_ticket,425,131,,,,확정
person:솔린,E1457,떡밥,재언급,fl:terminus_ticket,425,131,,,,확정
person:솔린,E1459,떡밥,재언급,fl:terminus_ticket,425,131,,,,확정
person:솔린,E1462,떡밥,재언급,fl:terminus_ticket,425,131,,,,확정
person:솔린,E1463,떡밥,재언급,fl:terminus_ticket,425,131,,,,확정
person:솔린,F2355,사실,정의,fl:terminus_ticket,425,131,,,,확정
person:솔린,F2356,사실,정의,fl:terminus_ticket,425,131,,J58,,확정
person:솔져_E.G.,E851,떡밥,재언급,fl:absolute,400,119,,,,확정
person:솔져_E.G.,F2110,사실,정의,fl:absolute,400,119,,,,확정
person:솔져_F.A.,E843,떡밥,암시,fl:absolute,400,119,,,,확정
person:솔져_F.A.,F2102,사실,정의,fl:absolute,400,119,,,,확정
person:솔져_F.A.,F2110,사실,정의,fl:absolute,400,119,,,,확정
person:솔져_O.W.,F2110,사실,정의,fl:absolute,400,119,,,,확정
person:숲속요정,F326,사실,정의,sub:숲속요정_00,144,19,,,,확정
person:숲속요정,F328,사실,정의,sub:숲속요정_00,144,19,,,,확정
person:숲속요정,Q61,의문,정의,sub:숲속요정_00,144,19,열림,J14,,확정
person:숲속요정,F326-2,사건,드러냄,ch21,189,35,,,,확정
person:슈가,D106,기준,성격,ch13,64,14,,,,확정
person:슈가,F331,사실,정의,ch13,64,14,,,,확정
person:슈가,F332,사실,정의,ch13,64,14,,,,확정
person:슈가,F441,사실,정의,char:11,86,17,,,,확정
person:슈가,D1395,기준,관계,char:140,112,17,,,person:지휘관,확정
person:슈가,D1396,변화,관계,char:140,112,17,,,person:지휘관,확정
person:슈가,D1397,기준,신념,char:140,112,17,,,,확정
person:슈가,F579,사실,정의,char:140,112,17,,,,확정
person:슈가,F580,사실,정의,char:140,112,17,,,,확정
person:슈가,F735,사실,정의,event_brandnewyear,157,23,,,,확정
person:슈가,F1040,사실,정의,sub:해결사_카페_스위티_00,220,44,,,,확정
person:슈가,F1094,사실,정의,char:33,240,53,,,,확정
person:슈가,D368,기준,관계,event_dirtybackyard,265,62,,,person:목단,확정
person:슈가,D369,변화,관계,event_dirtybackyard,265,62,,,person:목단,확정
person:슈가,D371,변화,관계,event_dirtybackyard,265,62,,,person:지휘관,확정
person:슈가,E317,떡밥,암시,event_dirtybackyard,265,62,,,,확정
person:슈가,E319,떡밥,암시,event_dirtybackyard,265,62,,,,확정
person:슈가,F1259,사실,정의,event_dirtybackyard,265,62,,,,확정
person:슈가,F1260,사실,정의,event_dirtybackyard,265,62,,,,확정
person:슈가,F1262,사실,정의,event_dirtybackyard,265,62,,,,확정
person:슈가,F1263,사실,정의,event_dirtybackyard,265,62,,,,확정
person:슈가,F1266,사실,정의,event_dirtybackyard,265,62,,,,확정
person:슈가,O134,마무리,관계,event_dirtybackyard,265,62,,,,확정
person:슈가,Q162,의문,정의,event_dirtybackyard,265,62,열림,J17,,확정
person:슈가,F1595,사실,정의,char:390,320,82,,,,확정
person:슈가,F2124,사실,정의,char:143,406,123,,,,확정
person:슈가,D1064,변화,관계,ch44,436,138,,,person:목단,확정
person:슈가,D1065,관계 상대,관계,ch44,436,138,,,person:목단,확정
person:슈가,D1066,변화,신념,ch44,436,138,,,,확정
person:슈가,F2450,사실,정의,ch44,436,138,,,,확정
person:슈가,F2455,사실,정의,ch44,436,138,,,,확정
person:슈가,F2456,사실,정의,ch44,436,138,,,,확정
person:슈가,E1477,떡밥,암시,fl:lie_cause_recoil,438,138,,,,확정
person:슈가,F2473,사실,정의,fl:lie_cause_recoil,438,138,,,,확정
person:슈가,F2478,사실,정의,fl:lie_cause_recoil,438,138,,J45,,확정
person:슈엔,D22,기준,성격,ch02,4,3,,,,확정
person:슈엔,F42,사실,정의,ch02,4,3,,,,확정
person:슈엔,F46,사실,정의,ch02,4,3,,,,확정
person:슈엔,F47,사실,정의,ch02,4,3,,,,확정
person:슈엔,Q8,의문,정의,ch02,4,3,일부,J22,,확정
person:슈엔,F54,사실,정의,ch03,10,4,,,,확정
person:슈엔,F56,사실,정의,ch03,10,4,,J22,,확정
person:슈엔,F59,사실,정의,ch03,10,4,,,,확정
person:슈엔,F64,사실,정의,ch03,10,4,,,,확정
person:슈엔,Q8-2,사건,회수,ch03,10,4,,,,확정
person:슈엔,Q11,의문,정의,ch03,10,4,열림,J23,,확정
person:슈엔,D45,기준,신념,ch04,15,5,,,,확정
person:슈엔,F80,사실,정의,ch04,15,5,,,,확정
person:슈엔,F82,사실,정의,ch04,15,5,,,,확정
person:슈엔,Q17,의문,정의,ch04,15,5,열림,J22,,확정
person:슈엔,E63,떡밥,암시,ch08,37,9,,,,확정
person:슈엔,E64,떡밥,암시,ch08,37,9,,,,확정
person:슈엔,E66,떡밥,암시,ch09,43,10,,,,확정
person:슈엔,E67,떡밥,암시,ch09,43,10,,,,확정
person:슈엔,E68,떡밥,암시,ch09,43,10,,,,확정
person:슈엔,F248,사실,정의,ch09,43,10,,J22,,확정
person:슈엔,F251,사실,정의,ch09,43,10,,,,확정
person:슈엔,F254,사실,정의,ch09,43,10,,,,확정
person:슈엔,Q48,의문,정의,ch09,43,10,열림,J4,,확정
person:슈엔,U56,생활상,기업 · 조직,ch09,43,10,,,,확정
person:슈엔,D92,기준,관계,ch11,53,12,,,,확정
person:슈엔,D93,관계 상대,관계,ch11,53,12,,,person:잉그리드,확정
person:슈엔,F288,사실,정의,ch11,53,12,,J22,,확정
person:슈엔,F292,사실,정의,ch11,53,12,,,,확정
person:슈엔,F293,사실,정의,ch11,53,12,,,,확정
person:슈엔,D100,변화,관계,ch12,59,13,,,person:지휘관,확정
person:슈엔,E83,떡밥,암시,ch12,59,13,,,,확정
person:슈엔,F310,사실,정의,ch12,59,13,,,,확정
person:슈엔,F314,사실,정의,ch12,59,13,,,,확정
person:슈엔,F315,사실,정의,ch12,59,13,,,,확정
person:슈엔,F316,사실,정의,ch12,59,13,,,,확정
person:슈엔,F323,사실,정의,ch12,59,13,,,,확정
person:슈엔,Q58,의문,정의,ch12,59,13,풀림,J22,,확정
person:슈엔,E85,떡밥,재언급,ch13,64,14,,,,확정
person:슈엔,D119,관계 상대,관계,ch14,69,15,,,person:리안,확정
person:슈엔,F379,사실,정의,ch14,69,15,,,,확정
person:슈엔,D126,변화,신념,ch15,75,16,,,,확정
person:슈엔,D127,변화,관계,ch15,75,16,,,person:지휘관,확정
person:슈엔,E100,떡밥,재언급,ch15,75,16,,,,확정
person:슈엔,F388,사실,정의,ch15,75,16,,,,확정
person:슈엔,F393,사실,정의,ch15,75,16,,,,확정
person:슈엔,F396,사실,정의,ch15,75,16,,,,확정
person:슈엔,F397,사실,정의,ch15,75,16,,,,확정
person:슈엔,F398,사실,정의,ch15,75,16,,,,확정
person:슈엔,F400,사실,정의,ch15,75,16,,,,확정
person:슈엔,D138,관계 상대,관계,ch16,80,17,,,person:유니,확정
person:슈엔,E114,떡밥,암시,ch16,80,17,,,,확정
person:슈엔,F404,사실,정의,ch16,80,17,,,,확정
person:슈엔,F417,사실,정의,ch16,80,17,,,,확정
person:슈엔,F419,사실,정의,ch16,80,17,,,,확정
person:슈엔,F2881,사실,정의,ch16,80,17,,,,확정
person:슈엔,Q76,의문,정의,ch16,80,17,일부,J21,,확정
person:슈엔,D50,기준,관계,sub:랩칠리언_05,84,17,,,person:지휘관,확정
person:슈엔,E36,떡밥,재언급,sub:랩칠리언_05,84,17,,,,확정
person:슈엔,F167,사실,정의,sub:랩칠리언_05,84,17,,,,확정
person:슈엔,F168,사실,정의,sub:랩칠리언_05,84,17,,,,확정
person:슈엔,F170,사실,정의,sub:랩칠리언_05,84,17,,,,확정
person:슈엔,D1383,관계 상대,관계,char:102,99,17,,,person:맥스웰,확정
person:슈엔,E1265,떡밥,암시,char:102,99,17,,,,확정
person:슈엔,F526,사실,정의,char:102,99,17,,,,확정
person:슈엔,F529,사실,정의,char:102,99,17,,J3,,확정
person:슈엔,F531,사실,정의,char:102,99,17,,,,확정
person:슈엔,F615,사실,정의,char:291,120,17,,,,확정
person:슈엔,E1595,떡밥,암시,char:90,123,17,,,,확정
person:슈엔,F623,사실,정의,char:90,123,17,,,,확정
person:슈엔,F625,사실,정의,char:150,125,17,,,,확정
person:슈엔,D151,관계 상대,관계,ch17,140,19,,,person:유니,확정
person:슈엔,D152,변화,관계,ch17,140,19,,,,확정
person:슈엔,F690,사실,정의,ch17,140,19,,,,확정
person:슈엔,F691,사실,정의,ch17,140,19,,,,확정
person:슈엔,F692,사실,정의,ch17,140,19,,,,확정
person:슈엔,F172,사실,정의,sub:랩칠리언_06,143,19,,,,확정
person:슈엔,D155,관계 상대,관계,ch18,146,20,,,person:라플라스,확정
person:슈엔,D156,관계 상대,관계,ch18,146,20,,,person:라플라스,확정
person:슈엔,D157,변화,관계,ch18,146,20,,,person:지휘관,확정
person:슈엔,D158,변화,성격,ch18,146,20,,,,확정
person:슈엔,E128,떡밥,암시,ch18,146,20,,,,확정
person:슈엔,E131,떡밥,암시,ch18,146,20,,,,확정
person:슈엔,F697,사실,정의,ch18,146,20,,,,확정
person:슈엔,F699,사실,정의,ch18,146,20,,,,확정
person:슈엔,F702,사실,정의,ch18,146,20,,,,확정
person:슈엔,F703,사실,정의,ch18,146,20,,,,확정
person:슈엔,F704,사실,정의,ch18,146,20,,,,확정
person:슈엔,F706,사실,정의,ch18,146,20,,J21,,확정
person:슈엔,F708,사실,정의,ch18,146,20,,,,확정
person:슈엔,Q76-2,사건,회수,ch18,146,20,,,,확정
person:슈엔,F716,사실,정의,event_hightechtoy,151,20,,,,확정
person:슈엔,F717,사실,정의,event_hightechtoy,151,20,,,,확정
person:슈엔,F718,사실,정의,event_hightechtoy,151,20,,,,확정
person:슈엔,E1291,떡밥,재언급,event_miraclesnow1,153,21,,,,확정
person:슈엔,F726,사실,정의,event_miraclesnow1,153,21,,,,확정
person:슈엔,F728,사실,정의,event_miraclesnow1,153,21,,,,확정
person:슈엔,F730,사실,정의,event_miraclesnow1,153,21,,,,확정
person:슈엔,F779,사실,정의,event_doutsiders,169,26,,,,확정
person:슈엔,F802,사실,정의,char:112,174,27,,,,확정
person:슈엔,F943,사실,정의,char:392,203,36,,,,확정
person:슈엔,F966,사실,정의,event_bluewaterisland,209,40,,,,확정
person:슈엔,F985,사실,정의,ch23,214,43,,,,확정
person:슈엔,F987,사실,정의,ch23,214,43,,,,확정
person:슈엔,F993,사실,정의,ch23,214,43,,J21,,확정
person:슈엔,D298,변화,소속,ch24,219,44,,,,확정
person:슈엔,F1008,사실,정의,ch24,219,44,,,,확정
person:슈엔,F1011,사실,정의,ch24,219,44,,,,확정
person:슈엔,F1012,사실,정의,ch24,219,44,,J23,,확정
person:슈엔,F1013,사실,정의,ch24,219,44,,,,확정
person:슈엔,F1016,사실,정의,ch24,219,44,,,,확정
person:슈엔,F1025,사실,정의,ch24,219,44,,,,확정
person:슈엔,F1037,사실,정의,ch24,219,44,,,,확정
person:슈엔,E1324,떡밥,재언급,event_schooloflock,234,50,,,,확정
person:슈엔,D308,변화,관계,ch25,241,54,,,person:지휘관,확정
person:슈엔,D309,변화,소속,ch25,241,54,,,,확정
person:슈엔,F1099,사실,정의,ch25,241,54,,,,확정
person:슈엔,D334,변화,관계,ch26,246,55,,,person:지휘관,확정
person:슈엔,F1133,사실,정의,ch26,246,55,,,,확정
person:슈엔,U177,생활상,기업 · 조직,ch26,246,55,,,,확정
person:슈엔,F1213,사실,정의,event_neverland1,258,57,,,,확정
person:슈엔,F1343,사실,정의,char:500,281,66,,,,확정
person:슈엔,F1465,사실,정의,event_darkhero,298,74,,,,확정
person:슈엔,F1479,사실,정의,char:501,299,74,,,,확정
person:슈엔,D530,관계 상대,관계,side:wordless,331,89,,,person:미하라,확정
person:슈엔,D531,변화,관계,side:wordless,331,89,,,person:미하라 person:유니,확정
person:슈엔,E470,떡밥,재언급,side:wordless,331,89,,,,확정
person:슈엔,E472,떡밥,재언급,side:wordless,331,89,,,,확정
person:슈엔,E473,떡밥,재언급,side:wordless,331,89,,,,확정
person:슈엔,F1614,사실,정의,side:wordless,331,89,,,,확정
person:슈엔,F1616,사실,정의,side:wordless,331,89,,,,확정
person:슈엔,F1617,사실,정의,side:wordless,331,89,,,,확정
person:슈엔,F1619,사실,정의,side:wordless,331,89,,,,확정
person:슈엔,O14,마무리,갈등,side:wordless,331,89,H1,,,확정
person:슈엔,F1722,사실,정의,event_secretgarden,345,93,,,,확정
person:슈엔,F1723,사실,정의,event_secretgarden,345,93,,,,확정
person:슈엔,F1775,사실,정의,event_wisdomspring,353,98,,,,확정
person:슈엔,F1778,사실,정의,char:290,354,98,,,,확정
person:슈엔,F1779,사실,정의,char:290,354,98,,,,확정
person:슈엔,D605,변화,관계,ch35,358,101,,,person:지휘관,확정
person:슈엔,D611,관계 상대,관계,ch35,358,101,,,person:맥스웰,확정
person:슈엔,E596,떡밥,재언급,ch35,358,101,,,,확정
person:슈엔,E606,떡밥,재언급,ch35,358,101,,,,확정
person:슈엔,E607,떡밥,재언급,ch35,358,101,,,,확정
person:슈엔,E612,떡밥,암시,ch35,358,101,,,,확정
person:슈엔,E613,떡밥,암시,ch35,358,101,,,,확정
person:슈엔,F1796,사실,정의,ch35,358,101,,,,확정
person:슈엔,F1797,사실,정의,ch35,358,101,,,,확정
person:슈엔,D618,관계 상대,관계,ch36,360,102,,,person:라플라스,확정
person:슈엔,E629,떡밥,재언급,ch36,360,102,,,,확정
person:슈엔,F1820,사실,정의,ch36,360,102,,,,확정
person:슈엔,E1424,떡밥,재언급,fl:for_rest,365,104,,,,확정
person:슈엔,F1829,사실,정의,fl:for_rest,365,104,,,,확정
person:슈엔,D644,관계 상대,관계,ch37,373,108,,,person:드레이크,확정
person:슈엔,D645,관계 상대,관계,ch37,373,108,,,person:맥스웰,확정
person:슈엔,D646,관계 상대,관계,ch37,373,108,,,person:잉그리드,확정
person:슈엔,D647,변화,성격,ch37,373,108,,,,확정
person:슈엔,F1856,사실,정의,ch37,373,108,,,,확정
person:슈엔,F1858,사실,정의,ch37,373,108,,,,확정
person:슈엔,F1870,사실,정의,ch38,375,109,,,,확정
person:슈엔,E704,떡밥,재언급,event_unbreakablesphere1,377,109,,,,확정
person:슈엔,F1900,사실,정의,event_unbreakablesphere1,377,109,,,,확정
person:슈엔,F1921,사실,정의,char:162,382,110,,,,확정
person:슈엔,F2019,사실,정의,fl:boom_the_ghost,393,116,,,,확정
person:슈엔,F2252,사실,정의,ch42,416,128,,,,확정
person:슈엔,E1485,떡밥,재언급,fl:2x2_love_1ch,444,141,,,,확정
person:슈엔,E1520,떡밥,재언급,fl:2x2_love_2ch,445,141,,,,확정
person:슈엔,F2659,사실,정의,ch46,452,144,,,,확정
person:슈엔,D1272,기준,관계,fl:project_matis,467,151,,,person:맥스웰,확정
person:슈엔,D1273,기준,관계,fl:project_matis,467,151,,,person:엔메,확정
person:슈엔,D1274,변화,관계,fl:project_matis,467,151,,,person:엔메,확정
person:슈엔,D1275,기준,관계,fl:project_matis,467,151,,,person:지엔,확정
person:슈엔,D1276,변화,관계,fl:project_matis,467,151,,,person:지엔,확정
person:슈엔,D1277,변화,관계,fl:project_matis,467,151,,,person:지엔,확정
person:슈엔,D1278,변화,소속,fl:project_matis,467,151,,,,확정
person:슈엔,D1279,변화,성격,fl:project_matis,467,151,,,,확정
person:슈엔,D1280,변화,성격,fl:project_matis,467,151,,,,확정
person:슈엔,D1281,변화,신념,fl:project_matis,467,151,,,,확정
person:슈엔,D1282,변화,신념,fl:project_matis,467,151,,,,확정
person:슈엔,D1283,변화,신념,fl:project_matis,467,151,,,,확정
person:슈엔,D1284,변화,신념,fl:project_matis,467,151,,,,확정
person:슈엔,D1285,기준,관계,fl:project_matis,467,151,,,person:라플라스,확정
person:슈엔,D1286,변화,관계,fl:project_matis,467,151,,,person:라플라스,확정
person:슈엔,D1287,변화,관계,fl:project_matis,467,151,,,person:라플라스,확정
person:슈엔,D1288,변화,관계,fl:project_matis,467,151,,,,확정
person:슈엔,D1290,관계 상대,관계,fl:project_matis,467,151,,,person:맥스웰,확정
person:슈엔,D1291,관계 상대,관계,fl:project_matis,467,151,,,person:맥스웰,확정
person:슈엔,D1292,관계 상대,관계,fl:project_matis,467,151,,,person:맥스웰,확정
person:슈엔,D1294,관계 상대,관계,fl:project_matis,467,151,,,person:지엔,확정
person:슈엔,D1295,관계 상대,관계,fl:project_matis,467,151,,,person:지엔,확정
person:슈엔,D1301,관계 상대,관계,fl:project_matis,467,151,,,person:엔메,확정
person:슈엔,D1305,관계 상대,관계,fl:project_matis,467,151,,,person:라플라스,확정
person:슈엔,D1306,관계 상대,관계,fl:project_matis,467,151,,,person:라플라스,확정
person:슈엔,D1307,변화,관계,fl:project_matis,467,151,,,person:맥스웰,확정
person:슈엔,D1308,변화,관계,fl:project_matis,467,151,,,person:맥스웰,확정
person:슈엔,E1184,떡밥,암시,fl:project_matis,467,151,,,,확정
person:슈엔,E1186,떡밥,암시,fl:project_matis,467,151,,,,확정
person:슈엔,E1197,떡밥,재언급,fl:project_matis,467,151,,,,확정
person:슈엔,E1198,떡밥,재언급,fl:project_matis,467,151,,,,확정
person:슈엔,E1199,떡밥,암시,fl:project_matis,467,151,,,,확정
person:슈엔,E1201,떡밥,재언급,fl:project_matis,467,151,,,,확정
person:슈엔,E1204,떡밥,재언급,fl:project_matis,467,151,,,,확정
person:슈엔,E1205,떡밥,재언급,fl:project_matis,467,151,,,,확정
person:슈엔,F2768,사실,정의,fl:project_matis,467,151,,,,확정
person:슈엔,F2769,사실,정의,fl:project_matis,467,151,,,,확정
person:슈엔,F2772,사실,정의,fl:project_matis,467,151,,,,확정
person:슈엔,F2774,사실,정의,fl:project_matis,467,151,,,,확정
person:슈엔,F2775,사실,정의,fl:project_matis,467,151,,,,확정
person:슈엔,F2776,사실,정의,fl:project_matis,467,151,,,,확정
person:슈엔,F2778,사실,정의,fl:project_matis,467,151,,,,확정
person:슈엔,F2781,사실,정의,fl:project_matis,467,151,,,,확정
person:슈엔,F2782,사실,정의,fl:project_matis,467,151,,,,확정
person:슈엔,F2783,사실,정의,fl:project_matis,467,151,,,,확정
person:슈엔,F2784,사실,정의,fl:project_matis,467,151,,,,확정
person:슈엔,F2785,사실,정의,fl:project_matis,467,151,,,,확정
person:슈엔,F2786,사실,정의,fl:project_matis,467,151,,,,확정
person:슈엔,F2789,사실,정의,fl:project_matis,467,151,,,,확정
person:슈엔,F2790,사실,정의,fl:project_matis,467,151,,,,확정
person:슈엔,F2791,사실,정의,fl:project_matis,467,151,,J22,,확정
person:슈엔,F2792,사실,정의,fl:project_matis,467,151,,,,확정
person:슈엔,F2793,사실,정의,fl:project_matis,467,151,,,,확정
person:슈엔,F2794,사실,정의,fl:project_matis,467,151,,,,확정
person:슈엔,F2795,사실,정의,fl:project_matis,467,151,,,,확정
person:슈엔,F2796,사실,정의,fl:project_matis,467,151,,,,확정
person:슈엔,F2797,사실,정의,fl:project_matis,467,151,,J23,,확정
person:슈엔,Q58-2,사건,회수,fl:project_matis,467,151,,,,확정
person:슈엔,F529-2,사건,드러냄,char:105,469,152,,,,확정
person:스노우_화이트,D62,기준,성격,ch06,26,7,,,,확정
person:스노우_화이트,D63,기준,신념,ch06,26,7,,,,확정
person:스노우_화이트,D64,기준,관계,ch06,26,7,,,person:지휘관,확정
person:스노우_화이트,E49,떡밥,암시,ch06,26,7,,,,확정
person:스노우_화이트,F113,사실,정의,ch06,26,7,,,,확정
person:스노우_화이트,F123,사실,정의,ch06,26,7,,J20,,확정
person:스노우_화이트,F124,사실,정의,ch06,26,7,,,,확정
person:스노우_화이트,F127,사실,정의,ch06,26,7,,,,확정
person:스노우_화이트,Q28,의문,정의,ch06,26,7,일부,J20,,확정
person:스노우_화이트,D71,변화,관계,ch07,31,8,,,person:지휘관,확정
person:스노우_화이트,D72,기준,신체,ch07,31,8,,,,확정
person:스노우_화이트,E57,떡밥,암시,ch07,31,8,,,,확정
person:스노우_화이트,F124-2,사건,드러냄,ch07,31,8,,,,확정
person:스노우_화이트,F127-2,사건,드러냄,ch07,31,8,,,,확정
person:스노우_화이트,F203,사실,정의,ch07,31,8,,,,확정
person:스노우_화이트,F204,사실,정의,ch07,31,8,,,,확정
person:스노우_화이트,F205,사실,정의,ch07,31,8,,,,확정
person:스노우_화이트,F210,사실,정의,ch07,31,8,,,,확정
person:스노우_화이트,F211,사실,정의,ch07,31,8,,,,확정
person:스노우_화이트,F213,사실,정의,ch07,31,8,,,,확정
person:스노우_화이트,Q38,의문,정의,ch07,31,8,풀림,J4,,확정
person:스노우_화이트,F249,사실,정의,ch09,43,10,,J4,,확정
person:스노우_화이트,Q38-2,사건,회수,ch09,43,10,,,,확정
person:스노우_화이트,F325,사실,정의,ch12,59,13,,,,확정
person:스노우_화이트,F331,사실,정의,ch13,64,14,,,,확정
person:스노우_화이트,E98,떡밥,재언급,ch14,69,15,,,,확정
person:스노우_화이트,F372,사실,정의,ch14,69,15,,,,확정
person:스노우_화이트,F373,사실,정의,ch14,69,15,,,,확정
person:스노우_화이트,E101,떡밥,재언급,ch15,75,16,,,,확정
person:스노우_화이트,F399,사실,정의,ch15,75,16,,,,확정
person:스노우_화이트,F409,사실,정의,ch16,80,17,,,,확정
person:스노우_화이트,F494,사실,정의,char:221,94,17,,J6,,확정
person:스노우_화이트,D1398,변화,관계,char:220,113,17,,,person:지휘관,확정
person:스노우_화이트,E1272,떡밥,암시,char:220,113,17,,,,확정
person:스노우_화이트,F582,사실,정의,char:220,113,17,,,,확정
person:스노우_화이트,F583,사실,정의,char:220,113,17,,,,확정
person:스노우_화이트,F584,사실,정의,char:220,113,17,,,,확정
person:스노우_화이트,F585,사실,정의,char:220,113,17,,,,확정
person:스노우_화이트,D147,기준,기억,ch17,140,19,,,,확정
person:스노우_화이트,D148,변화,관계,ch17,140,19,,,person:지휘관,확정
person:스노우_화이트,D149,변화,관계,ch17,140,19,,,person:지휘관,확정
person:스노우_화이트,E117,떡밥,암시,ch17,140,19,,,,확정
person:스노우_화이트,E121,떡밥,암시,ch17,140,19,,,,확정
person:스노우_화이트,F676,사실,정의,ch17,140,19,,,,확정
person:스노우_화이트,F677,사실,정의,ch17,140,19,,,,확정
person:스노우_화이트,F678,사실,정의,ch17,140,19,,,,확정
person:스노우_화이트,F680,사실,정의,ch17,140,19,,,,확정
person:스노우_화이트,F684,사실,정의,ch17,140,19,,,,확정
person:스노우_화이트,F685,사실,정의,ch17,140,19,,,,확정
person:스노우_화이트,Q38-3,사건,회수,ch17,140,19,,,,확정
person:스노우_화이트,D243,관계 상대,관계,event_overzone,200,36,,,person:도로시,확정
person:스노우_화이트,D247,변화,성격,event_overzone,200,36,,,,확정
person:스노우_화이트,D248,기준,관계,event_overzone,200,36,,,person:도로시,확정
person:스노우_화이트,D249,변화,관계,event_overzone,200,36,,,person:도로시,확정
person:스노우_화이트,E207,떡밥,재언급,event_overzone,200,36,,,,확정
person:스노우_화이트,F914,사실,정의,event_overzone,200,36,,,,확정
person:스노우_화이트,F923,사실,정의,event_overzone,200,36,,,,확정
person:스노우_화이트,F925,사실,정의,event_overzone,200,36,,,,확정
person:스노우_화이트,F928,사실,정의,event_overzone,200,36,,J7,,확정
person:스노우_화이트,D255,변화,기억,erelic:white_memory,201,36,,,,확정
person:스노우_화이트,D256,기준,관계,erelic:white_memory,201,36,,,person:릴리바이스,확정
person:스노우_화이트,D257,변화,신념,erelic:white_memory,201,36,,,,확정
person:스노우_화이트,F929,사실,정의,erelic:white_memory,201,36,,,,확정
person:스노우_화이트,F930,사실,정의,erelic:white_memory,201,36,,,,확정
person:스노우_화이트,F931,사실,정의,erelic:white_memory,201,36,,,,확정
person:스노우_화이트,F932,사실,정의,erelic:white_memory,201,36,,,,확정
person:스노우_화이트,F933,사실,정의,erelic:white_memory,201,36,,,,확정
person:스노우_화이트,F934,사실,정의,erelic:white_memory,201,36,,,,확정
person:스노우_화이트,F1003,사실,정의,relic:필그림조우보고서,217,43,,,,확정
person:스노우_화이트,F1065,사실,정의,event_firstaffection,230,47,,,,확정
person:스노우_화이트,F1120,사실,정의,ch26,246,55,,,,확정
person:스노우_화이트,F1125,사실,정의,ch26,246,55,,,,확정
person:스노우_화이트,D345,관계 상대,관계,event_redash,251,55,,,person:레드_후드,확정
person:스노우_화이트,D346,기준,관계,event_redash,251,55,,,person:레드_후드,확정
person:스노우_화이트,D347,변화,관계,event_redash,251,55,,,person:레드_후드,확정
person:스노우_화이트,D348,변화,관계,event_redash,251,55,,,person:레드_후드,확정
person:스노우_화이트,E290,떡밥,암시,event_redash,251,55,,,,확정
person:스노우_화이트,E296,떡밥,암시,event_redash,251,55,,,,확정
person:스노우_화이트,E297,떡밥,암시,event_redash,251,55,,,,확정
person:스노우_화이트,E300,떡밥,암시,event_redash,251,55,,,,확정
person:스노우_화이트,F1143,사실,정의,event_redash,251,55,,,,확정
person:스노우_화이트,F1144,사실,정의,event_redash,251,55,,,,확정
person:스노우_화이트,F1154,사실,정의,event_redash,251,55,,,,확정
person:스노우_화이트,F1157,사실,정의,event_redash,251,55,,,,확정
person:스노우_화이트,F1163,사실,정의,event_redash,251,55,,,,확정
person:스노우_화이트,F1167,사실,정의,event_redash,251,55,,,,확정
person:스노우_화이트,F1168,사실,정의,event_redash,251,55,,,,확정
person:스노우_화이트,F1171,사실,정의,event_redash,251,55,,,,확정
person:스노우_화이트,F1172,사실,정의,event_redash,251,55,,,,확정
person:스노우_화이트,F1179,사실,정의,erelic:red_ash_lost,252,55,,,,확정
person:스노우_화이트,E306,떡밥,재언급,erelic:red_ash_mini,253,55,,,,확정
person:스노우_화이트,F1185,사실,정의,erelic:red_ash_mini,253,55,,,,확정
person:스노우_화이트,F1186,사실,정의,erelic:red_ash_mini,253,55,,,,확정
person:스노우_화이트,F1187,사실,정의,erelic:red_ash_mini,253,55,,,,확정
person:스노우_화이트,F1188,사실,정의,erelic:red_ash_mini,253,55,,,,확정
person:스노우_화이트,D1484,관계 상대,관계,char:470,254,55,,,person:레드_후드,확정
person:스노우_화이트,F1196,사실,정의,char:470,254,55,,,,확정
person:스노우_화이트,D1486,관계 상대,관계,char:224,255,55,,,person:릴리바이스,확정
person:스노우_화이트,D1487,기준,관계,char:224,255,55,,,person:엔더슨,확정
person:스노우_화이트,D1488,관계 상대,관계,char:224,255,55,,,person:엔더슨,확정
person:스노우_화이트,D1489,변화,관계,char:224,255,55,,,person:릴리바이스,확정
person:스노우_화이트,D1490,변화,신념,char:224,255,55,,,,확정
person:스노우_화이트,D1491,변화,관계,char:224,255,55,,,person:엔더슨,확정
person:스노우_화이트,F1197,사실,정의,char:224,255,55,,,,확정
person:스노우_화이트,F1198,사실,정의,char:224,255,55,,,,확정
person:스노우_화이트,F1199,사실,정의,char:224,255,55,,,,확정
person:스노우_화이트,F1200,사실,정의,char:224,255,55,,,,확정
person:스노우_화이트,F1201,사실,정의,char:224,255,55,,,,확정
person:스노우_화이트,F1243,사실,정의,char:225,262,60,,,,확정
person:스노우_화이트,Q170,의문,정의,ch28,275,66,풀림,J12,,확정
person:스노우_화이트,D409,기준,관계,side:second_affection,288,71,,,person:마리안,확정
person:스노우_화이트,D410,변화,관계,side:second_affection,288,71,,,person:마리안,확정
person:스노우_화이트,E362,떡밥,재언급,side:second_affection,288,71,,,,확정
person:스노우_화이트,E363,떡밥,암시,side:second_affection,288,71,,,,확정
person:스노우_화이트,F1358,사실,정의,side:second_affection,288,71,,,,확정
person:스노우_화이트,F1359,사실,정의,side:second_affection,288,71,,,,확정
person:스노우_화이트,F1360,사실,정의,side:second_affection,288,71,,,,확정
person:스노우_화이트,F1361,사실,정의,side:second_affection,288,71,,,,확정
person:스노우_화이트,F1362,사실,정의,side:second_affection,288,71,,,,확정
person:스노우_화이트,F1363,사실,정의,side:second_affection,288,71,,,,확정
person:스노우_화이트,F1364,사실,정의,side:second_affection,288,71,,,,확정
person:스노우_화이트,F1367,사실,정의,side:second_affection,288,71,,,,확정
person:스노우_화이트,Q170-2,사건,회수,ch30,293,73,,,,확정
person:스노우_화이트,E409,떡밥,재언급,event_lastkingdom1,295,73,,,,확정
person:스노우_화이트,F1435,사실,정의,event_lastkingdom1,295,73,,,,확정
person:스노우_화이트,F1449,사실,정의,event_lastkingdom1,295,73,,,,확정
person:스노우_화이트,Q170-3,사건,회수,ch31,308,80,,,,확정
person:스노우_화이트,F1545,사실,정의,ch32,310,81,,J12,,확정
person:스노우_화이트,Q170-4,사건,회수,ch32,310,81,,,,확정
person:스노우_화이트,D520,관계 상대,관계,sub:관짝이_02,314,81,,,person:그레이브,확정
person:스노우_화이트,E464,떡밥,암시,sub:관짝이_02,314,81,,,,확정
person:스노우_화이트,F1570,사실,정의,sub:관짝이_02,314,81,,,,확정
person:스노우_화이트,F1571,사실,정의,sub:관짝이_02,314,81,,J12,,확정
person:스노우_화이트,Q170-5,사건,회수,sub:관짝이_02,314,81,,,,확정
person:스노우_화이트,Q206,의문,정의,sub:관짝이_02,314,81,풀림,J2,,확정
person:스노우_화이트,E475,떡밥,재언급,ch33,334,90,,,,확정
person:스노우_화이트,F1625,사실,정의,ch33,334,90,,,,확정
person:스노우_화이트,E514,떡밥,재언급,ch34,336,91,,,,확정
person:스노우_화이트,F1656,사실,정의,ch34,336,91,,J2,,확정
person:스노우_화이트,Q206-2,사건,회수,ch34,336,91,,,,확정
person:스노우_화이트,F1984,사실,정의,event_ce006,387,113,,,,확정
person:스노우_화이트,F1996,사실,정의,event_ce006,387,113,,,,확정
person:스노우_화이트,F2003,사실,정의,event_ce006,387,113,,,,확정
person:스노우_화이트,F2048,사실,정의,ch39,396,118,,,,확정
person:스노우_화이트,F2079,사실,정의,ch40,398,119,,,,확정
person:스노우_화이트,D917,관계 상대,관계,event_goddessfall1,418,128,,,person:하란,확정
person:스노우_화이트,D918,관계 상대,관계,event_goddessfall1,418,128,,,person:하란,확정
person:스노우_화이트,D920,변화,관계,event_goddessfall1,418,128,,,person:마리안,확정
person:스노우_화이트,D953,변화,기억,event_goddessfall1,418,128,,,,확정
person:스노우_화이트,D956,변화,관계,event_goddessfall1,418,128,,,person:도로시,확정
person:스노우_화이트,E935,떡밥,암시,event_goddessfall1,418,128,,,,확정
person:스노우_화이트,F2258,사실,정의,event_goddessfall1,418,128,,,,확정
person:스노우_화이트,F2261,사실,정의,event_goddessfall1,418,128,,,,확정
person:스노우_화이트,F2262,사실,정의,event_goddessfall1,418,128,,,,확정
person:스노우_화이트,F2265,사실,정의,event_goddessfall1,418,128,,,,확정
person:스노우_화이트,F2290,사실,정의,event_goddessfall1,418,128,,,,확정
person:스노우_화이트,F2297,사실,정의,event_goddessfall1,418,128,,,,확정
person:스노우_화이트,F2303,사실,정의,event_goddessfall1,418,128,,,,확정
person:스노우_화이트,F2315,사실,정의,event_goddessfall1,418,128,,,,확정
person:스노우_화이트,F2316,사실,정의,event_goddessfall1,418,128,,,,확정
person:스노우_화이트,F2319,사실,정의,event_goddessfall1,418,128,,,,확정
person:스노우_화이트,O181,마무리,관계,event_goddessfall1,418,128,H5,,,확정
person:스노우_화이트,Q28-2,사건,회수,event_goddessfall1,418,128,,,,확정
person:스노우_화이트,D973,변화,신체,fl:ark_guardian,428,133,,,,확정
person:스노우_화이트,D974,변화,신념,fl:ark_guardian,428,133,,,,확정
person:스노우_화이트,D976,관계 상대,관계,fl:ark_guardian,428,133,,,person:홍련,확정
person:스노우_화이트,D988,변화,신념,fl:ark_guardian,428,133,,,,확정
person:스노우_화이트,D989,변화,신체,fl:ark_guardian,428,133,,,,확정
person:스노우_화이트,D994,변화,기억,fl:ark_guardian,428,133,,,,확정
person:스노우_화이트,E981,떡밥,암시,fl:ark_guardian,428,133,,,,확정
person:스노우_화이트,F914-2,사건,드러냄,fl:ark_guardian,428,133,,,,확정
person:스노우_화이트,F2357,사실,정의,fl:ark_guardian,428,133,,,,확정
person:스노우_화이트,F2367,사실,정의,fl:ark_guardian,428,133,,,,확정
person:스노우_화이트,F2368,사실,정의,fl:ark_guardian,428,133,,,,확정
person:스노우_화이트,F2369,사실,정의,fl:ark_guardian,428,133,,J6,,확정
person:스노우_화이트,F2371,사실,정의,fl:ark_guardian,428,133,,,,확정
person:스노우_화이트,D2199,변화,관계,char:471,429,134,,,person:릴리바이스,확정
person:스노우_화이트,D2200,변화,신념,char:471,429,134,,,,확정
person:스노우_화이트,D2201,변화,관계,char:471,429,134,,,person:지휘관,확정
person:스노우_화이트,E1628,떡밥,재언급,char:471,429,134,,,,확정
person:스노우_화이트,E1629,떡밥,재언급,char:471,429,134,,,,확정
person:스노우_화이트,F930-2,사건,드러냄,char:471,429,134,,,,확정
person:스노우_화이트,F2379,사실,정의,char:471,429,134,,,,확정
person:스노우_화이트,O192,마무리,관계,char:471,429,134,,,,확정
person:스노우_화이트,D1036,기준,관계,ch44,436,138,,,person:라피,확정
person:스노우_화이트,D1038,변화,기억,ch44,436,138,,,,확정
person:스노우_화이트,D1039,변화,관계,ch44,436,138,,,person:레드_후드,확정
person:스노우_화이트,D1040,기준,관계,ch44,436,138,,,person:신데렐라,확정
person:스노우_화이트,D1041,변화,관계,ch44,436,138,,,person:지휘관,확정
person:스노우_화이트,D1042,기준,관계,ch44,436,138,,,person:그레이브,확정
person:스노우_화이트,D1043,변화,신념,ch44,436,138,,,,확정
person:스노우_화이트,D1044,변화,신념,ch44,436,138,,,,확정
person:스노우_화이트,F2357-2,사건,드러냄,ch44,436,138,,,,확정
person:스노우_화이트,F2426,사실,정의,ch44,436,138,,,,확정
person:스노우_화이트,F2427,사실,정의,ch44,436,138,,,,확정
person:스노우_화이트,F2428,사실,정의,ch44,436,138,,,,확정
person:스노우_화이트,F2429,사실,정의,ch44,436,138,,,,확정
person:스노우_화이트,F2430,사실,정의,ch44,436,138,,J2,,확정
person:스노우_화이트,F2432,사실,정의,ch44,436,138,,,,확정
person:스노우_화이트,F2433,사실,정의,ch44,436,138,,,,확정
person:스노우_화이트,F2434,사실,정의,ch44,436,138,,,,확정
person:스노우_화이트,O55,마무리,관계,ch44,436,138,H8,,,확정
person:스노우_화이트,O57,마무리,관계,ch44,436,138,H8,,,확정
person:스노우_화이트,O58,마무리,성장,ch44,436,138,H8,,,확정
person:스노우_화이트,Q206-3,사건,회수,ch44,436,138,,,,확정
person:스노우_화이트,E1088,떡밥,암시,ch45,450,143,,,,확정
person:스노우_화이트,F2572,사실,정의,ch45,450,143,,,,확정
person:스노우_화이트,F2598,사실,정의,ch45,450,143,,,,확정
person:스노우_화이트,D1148,기준,관계,ch46,452,144,,,person:장화,확정
person:스노우_화이트,D1150,기준,관계,ch46,452,144,,,person:나유타,확정
person:스노우_화이트,E1107,떡밥,암시,ch46,452,144,,,,확정
person:스노우_화이트,F2612,사실,정의,ch46,452,144,,,,확정
person:스노우_화이트,F2614,사실,정의,ch46,452,144,,,,확정
person:스노우_화이트,F2619,사실,정의,ch46,452,144,,J30,,확정
person:스노우_화이트,F2630,사실,정의,ch46,452,144,,,,확정
person:스노우_화이트,F2632,사실,정의,ch46,452,144,,,,확정
person:스노우_화이트,D1311,변화,관계,ch47,470,153,,,person:도로시,확정
person:스노우_화이트,F2801,사실,정의,ch47,470,153,,,,확정
person:스노우_화이트,O95,마무리,관계,ch47,470,153,,,,확정
person:스노우_화이트,D1349,변화,관계,ch48,472,154,,,person:홍련 person:라푼젤,확정
person:스노우_화이트,F2823,사실,정의,ch48,472,154,,,,확정
person:스노우_화이트,F2839,사실,정의,ch48,472,154,,,,확정
person:스노우_화이트,F2841,사실,정의,ch48,472,154,,,,확정
person:스노우_화이트,O102,마무리,관계,ch48,472,154,H12,,,확정
person:스윗_조니,D1425,기준,성격,event_maidinvalentine,175,28,,,,확정
person:스윗_조니,E1299,떡밥,암시,event_maidinvalentine,175,28,,,,확정
person:스윗_조니,F808,사실,정의,event_maidinvalentine,175,28,,,,확정
person:스윗_조니,D1625,변화,신념,event_romanticvalentine,355,99,,,,확정
person:스윗_조니,D1626,변화,소속,event_romanticvalentine,355,99,,,,확정
person:스윗_조니,E1416,떡밥,재언급,event_romanticvalentine,355,99,,,,확정
person:스윗_조니,E1418,떡밥,재언급,event_romanticvalentine,355,99,,,,확정
person:스윗_조니,F1780,사실,정의,event_romanticvalentine,355,99,,,,확정
person:스윗_조니,F1781,사실,정의,event_romanticvalentine,355,99,,,,확정
person:스카이,D749,기준,성격,event_overthehorizon,391,115,,,,확정
person:스카이,D750,기준,관계,event_overthehorizon,391,115,,,person:지휘관,확정
person:스카이,D751,변화,관계,event_overthehorizon,391,115,,,person:지휘관,확정
person:스카이,F2008,사실,정의,event_overthehorizon,391,115,,,,확정
person:스퀴드,F160,사실,정의,sub:랩칠리언_03,27,7,,,,확정
person:스톨_3세,D1014,관계 상대,관계,ch43,434,137,,,person:프린세스,확정
person:스톨_3세,D1015,관계 상대,관계,ch43,434,137,,,person:프린세스,확정
person:스톨_3세,D1016,관계 상대,관계,ch43,434,137,,,person:프린세스,확정
person:스톨_3세,D1024,관계 상대,관계,ch43,434,137,,,person:프리_랫,확정
person:스톨_3세,D1025,기준,관계,ch43,434,137,,,person:프린세스,확정
person:스톨_3세,D1026,변화,관계,ch43,434,137,,,person:프린세스,확정
person:스톨_3세,D1027,변화,관계,ch43,434,137,,,person:프린세스,확정
person:스톨_3세,D1028,기준,신체,ch43,434,137,,,,확정
person:스톨_3세,D1029,변화,신체,ch43,434,137,,,,확정
person:스톨_3세,E1004,떡밥,암시,ch43,434,137,,,,확정
person:스톨_3세,E1005,떡밥,암시,ch43,434,137,,,,확정
person:스톨_3세,E1007,떡밥,암시,ch43,434,137,,,,확정
person:스톨_3세,E1008,떡밥,재언급,ch43,434,137,,,,확정
person:스톨_3세,E1014,떡밥,암시,ch43,434,137,,,,확정
person:스톨_3세,E1015,떡밥,암시,ch43,434,137,,,,확정
person:스톨_3세,E1016,떡밥,암시,ch43,434,137,,,,확정
person:스톨_3세,E1017,떡밥,암시,ch43,434,137,,,,확정
person:스톨_3세,F2395,사실,정의,ch43,434,137,,,,확정
person:스톨_3세,F2396,사실,정의,ch43,434,137,,,,확정
person:스톨_3세,F2397,사실,정의,ch43,434,137,,,,확정
person:스톨_3세,F2399,사실,정의,ch43,434,137,,,,확정
person:스톨_3세,F2404,사실,정의,ch43,434,137,,,,확정
person:스톨_3세,F2406,사실,정의,ch43,434,137,,,,확정
person:스톨_3세,F2407,사실,정의,ch43,434,137,,,,확정
person:스톨_3세,F2409,사실,정의,ch43,434,137,,,,확정
person:스톨_3세,F2415,사실,정의,ch43,434,137,,J18,,확정
person:스톨_3세,F2893,사실,정의,ch43,434,137,,,,확정
person:스페이드,F223,사실,정의,sub:스페이드_00,52,11,,,,확정
person:스페이드,F224,사실,정의,sub:스페이드_00,52,11,,,,확정
person:스페이드,U43,생활상,방주 사회,sub:스페이드_00,52,11,,,,확정
person:시그널,F465,사실,정의,char:20,90,17,,,,확정
person:시그널,D1863,기준,성격,char:22,114,17,,,,확정
person:시그널,D1864,기준,관계,char:22,114,17,,,person:지휘관,확정
person:시그널,D1865,변화,성격,char:22,114,17,,,,확정
person:시그널,D1866,변화,관계,char:22,114,17,,,person:지휘관,확정
person:시그널,D1867,변화,관계,char:22,114,17,,,person:지휘관,확정
person:시그널,F586,사실,정의,char:22,114,17,,,,확정
person:시그널,F587,사실,정의,char:22,114,17,,,,확정
person:시그널,E1298,떡밥,재언급,event_maidinvalentine,175,28,,,,확정
person:시그널,F810,사실,정의,event_maidinvalentine,175,28,,,,확정
person:시그널,E848,떡밥,재언급,fl:absolute,400,119,,,,확정
person:시그널,F2351,사실,정의,fl:terminus_ticket,425,131,,,,확정
person:시니스터,F162,사실,정의,sub:랩칠리언_04,36,8,,,,확정
person:시니스터,F163,사실,정의,sub:랩칠리언_04,36,8,,,,확정
person:시리얼,D60,기준,관계,sub:시리얼_00,51,11,,,person:지휘관,확정
person:시리얼,F182,사실,정의,sub:시리얼_00,51,11,,,,확정
person:시리얼,F183,사실,정의,sub:시리얼_01,150,20,,,,확정
person:시리얼,F185,사실,정의,sub:시리얼_01,150,20,,,,확정
person:시리얼,U29,생활상,방주 사회,sub:시리얼_01,150,20,,,,확정
person:시엘로,D748,기준,성격,event_overthehorizon,391,115,,,,확정
person:시엘로,F2008,사실,정의,event_overthehorizon,391,115,,,,확정
person:시엘로,F2010,사실,정의,event_overthehorizon,391,115,,,,확정
person:시엘로,D1322,기준,관계,ch47,470,153,,,person:도로시,확정
person:시엘로,F2815,사실,정의,ch47,470,153,,,,확정
person:시프티,D17,기준,성격,ch01,2,2,,,,확정
person:시프티,E4,떡밥,암시,ch01,2,2,,,,확정
person:시프티,F10,사실,정의,ch01,2,2,,,,확정
person:시프티,U5,생활상,기술,ch02,4,3,,,,확정
person:시프티,E63,떡밥,암시,ch08,37,9,,,,확정
person:시프티,E64,떡밥,암시,ch08,37,9,,,,확정
person:시프티,F234,사실,정의,ch08,37,9,뒤집힘,,,확정
person:시프티,F238,사실,정의,ch08,37,9,,,,확정
person:시프티,Q42,의문,정의,ch08,37,9,풀림,J22,,확정
person:시프티,E66,떡밥,암시,ch09,43,10,,,,확정
person:시프티,F234-2,사건,뒤집음,ch09,43,10,,,,확정
person:시프티,F248,사실,정의,ch09,43,10,,J22,,확정
person:시프티,Q42-2,사건,회수,ch09,43,10,,,,확정
person:시프티,F274,사실,정의,ch10,48,11,,,,확정
person:시프티,E85,떡밥,재언급,ch13,64,14,,,,확정
person:시프티,F467,사실,정의,char:202,91,17,,,,확정
person:시프티,F667,사실,정의,event_nocallerid,138,18,,,,확정
person:시프티,F673,사실,정의,char:352,139,18,,,,확정
person:시프티,F801,사실,정의,char:112,174,27,,,,확정
person:시프티,F802,사실,정의,char:112,174,27,,,,확정
person:시프티,D2020,변화,신념,event_fullfoolday,186,33,,,,확정
person:시프티,F974,사실,정의,event_bluewaterisland,209,40,,,,확정
person:시프티,D375,변화,소속,ch27,270,65,,,,확정
person:시프티,F1290,사실,정의,ch27,270,65,,,,확정
person:시프티,F1295,사실,정의,ch27,270,65,,,,확정
person:시프티,D386,변화,관계,ch28,275,66,,,person:지휘관,확정
person:시프티,F1310,사실,정의,ch28,275,66,,,,확정
person:시프티,F1313,사실,정의,ch28,275,66,,,,확정
person:시프티,F1316,사실,정의,ch28,275,66,,,,확정
person:시프티,F1327,사실,정의,sub:핸섬_커맨더_00,276,66,,,,확정
person:시프티,F1328,사실,정의,sub:핸섬_커맨더_00,276,66,,,,확정
person:시프티,F1330,사실,정의,sub:핸섬_커맨더_01,277,66,,,,확정
person:시프티,F1357,사실,정의,event_liarsend,287,70,,,,확정
person:시프티,F1379,사실,정의,ch29,291,72,,,,확정
person:시프티,F1380,사실,정의,ch29,291,72,,,,확정
person:시프티,F1387,사실,정의,ch29,291,72,,,,확정
person:시프티,F1392,사실,정의,ch29,291,72,,,,확정
person:시프티,U213,생활상,방주 사회,ch29,291,72,,,,확정
person:시프티,F1404,사실,정의,ch30,293,73,,,,확정
person:시프티,E435,떡밥,암시,ch31,308,80,,,,확정
person:시프티,F1523,사실,정의,ch31,308,80,,,,확정
person:시프티,F1531,사실,정의,ch31,308,80,,,,확정
person:시프티,F1547,사실,정의,ch32,310,81,,,,확정
person:시프티,F1624,사실,정의,ch33,334,90,,,,확정
person:시프티,F1626,사실,정의,ch33,334,90,,,,확정
person:시프티,F1659,사실,정의,ch34,336,91,,,,확정
person:시프티,F1523-2,사건,드러냄,event_oldtales1,338,91,,,,확정
person:시프티,F1841,사실,정의,event_foolburstday,369,106,,,,확정
person:시프티,F1842,사실,정의,event_foolburstday,369,106,,,,확정
person:시프티,F1843,사실,정의,event_foolburstday,369,106,,,,확정
person:시프티,F1883,사실,정의,event_unbreakablesphere1,377,109,,J23,,확정
person:시프티,F1897,사실,정의,event_unbreakablesphere1,377,109,,,,확정
person:식스오,E319,떡밥,암시,event_dirtybackyard,265,62,,,,확정
person:식스오,E320,떡밥,암시,event_dirtybackyard,265,62,,,,확정
person:식스오,F1259,사실,정의,event_dirtybackyard,265,62,,,,확정
person:식스오,F1260,사실,정의,event_dirtybackyard,265,62,,,,확정
person:식스오,F1261,사실,정의,event_dirtybackyard,265,62,,,,확정
person:식스오,F1262,사실,정의,event_dirtybackyard,265,62,,,,확정
person:식스오,F1264,사실,정의,event_dirtybackyard,265,62,,,,확정
person:식스오,F1266,사실,정의,event_dirtybackyard,265,62,,,,확정
person:식스오,Q161,의문,정의,event_dirtybackyard,265,62,일부,J17,,확정
person:식스오,Q162,의문,정의,event_dirtybackyard,265,62,열림,J17,,확정
person:식스오,E357,떡밥,재언급,event_killthelord,282,67,,,,확정
person:식스오,F1351,사실,정의,event_killthelord,282,67,,,,확정
person:식스오,Q177,의문,정의,event_killthelord,282,67,열림,J17,,확정
person:식스오,E380,떡밥,암시,ch30,293,73,,,,확정
person:식스오,E381,떡밥,암시,ch30,293,73,,,,확정
person:식스오,F1397,사실,정의,ch30,293,73,,,,확정
person:식스오,F1398,사실,정의,ch30,293,73,,,,확정
person:식스오,F1399,사실,정의,ch30,293,73,,J17,,확정
person:식스오,F1400,사실,정의,ch30,293,73,,J17,,확정
person:식스오,F1400-2,사건,드러냄,ch30,293,73,,,,확정
person:식스오,F1413,사실,정의,ch30,293,73,,,,확정
person:식스오,Q161-2,사건,회수,ch30,293,73,,,,확정
person:식스오,F1953,사실,정의,event_lordforjustice,385,112,,,,확정
person:식스오,F1962,사실,정의,event_lordforjustice,385,112,,J17,,확정
person:식스오,Q161-3,사건,회수,event_lordforjustice,385,112,,,,확정
person:식스오,D795,관계 상대,관계,ch40,398,119,,,person:바이퍼,확정
person:식스오,E822,떡밥,암시,ch40,398,119,,,,확정
person:식스오,E823,떡밥,재언급,ch40,398,119,,,,확정
person:식스오,F2087,사실,정의,ch40,398,119,,,,확정
person:식스오,Q276,의문,정의,ch40,398,119,풀림,J17,,확정
person:식스오,D865,관계 상대,관계,ch41,414,127,,,person:리버린,확정
person:식스오,E904,떡밥,재언급,ch41,414,127,,,,확정
person:식스오,F2208,사실,정의,ch41,414,127,,,,확정
person:식스오,F2209,사실,정의,ch41,414,127,,J17,,확정
person:식스오,F2210,사실,정의,ch41,414,127,,,,확정
person:식스오,Q161-4,사건,회수,ch41,414,127,,,,확정
person:식스오,Q276-2,사건,회수,ch41,414,127,,,,확정
person:식스오,Q292,의문,정의,ch41,414,127,열림,J17,,확정
person:식스오,Q293,의문,정의,ch41,414,127,풀림,J17,,확정
person:식스오,E924,떡밥,재언급,ch42,416,128,,,,확정
person:식스오,E925,떡밥,암시,ch42,416,128,,,,확정
person:식스오,F2238,사실,정의,ch42,416,128,,,,확정
person:식스오,F2239,사실,정의,ch42,416,128,,,,확정
person:식스오,Q293-2,사건,회수,ch42,416,128,,,,확정
person:식스오,D1057,관계 상대,관계,ch44,436,138,,,person:에닉,확정
person:식스오,F1398-2,사건,드러냄,ch44,436,138,,,,확정
person:식스오,F2440,사실,정의,ch44,436,138,,J8,,확정
person:식스오,F2443,사실,정의,ch44,436,138,,J17 J18,,확정
person:식스오,F2444,사실,정의,ch44,436,138,,J16 J17,,확정
person:식스오,F2445,사실,정의,ch44,436,138,,,,확정
person:식스오,F2446,사실,정의,ch44,436,138,,,,확정
person:식스오,F2447,사실,정의,ch44,436,138,,,,확정
person:식스오,F2448,사실,정의,ch44,436,138,,,,확정
person:식스오,F2449,사실,정의,ch44,436,138,,,,확정
person:식스오,F2450,사실,정의,ch44,436,138,,,,확정
person:식스오,F2451,사실,정의,ch44,436,138,,,,확정
person:식스오,F2452,사실,정의,ch44,436,138,,,,확정
person:식스오,F2453,사실,정의,ch44,436,138,,,,확정
person:식스오,F2454,사실,정의,ch44,436,138,,,,확정
person:식스오,F2455,사실,정의,ch44,436,138,,,,확정
person:식스오,F2456,사실,정의,ch44,436,138,,,,확정
person:식스오,F2458,사실,정의,ch44,436,138,,,,확정
person:식스오,F2460,사실,정의,ch44,436,138,,,,확정
person:식스오,F2464,사실,정의,ch44,436,138,,,,확정
person:식스오,Q161-5,사건,회수,ch44,436,138,,,,확정
person:식스오,F2443-2,사건,드러냄,ch45,450,143,,,,확정
person:식스오,F2576,사실,정의,ch45,450,143,,J17,,확정
person:식스오,F2583,사실,정의,ch45,450,143,,,,확정
person:식스오,F2585,사실,정의,ch45,450,143,,,,확정
person:식스오,F2586,사실,정의,ch45,450,143,,,,확정
person:식스오,F2588,사실,정의,ch45,450,143,,,,확정
person:식스오,F2589,사실,정의,ch45,450,143,,,,확정
person:식스오,F2590,사실,정의,ch45,450,143,,,,확정
person:식스오,F2593,사실,정의,ch45,450,143,,,,확정
person:식스오,F2595,사실,정의,ch45,450,143,,,,확정
person:식스오,F2596,사실,정의,ch45,450,143,,J17,,확정
person:식스오,F2603,사실,정의,ch45,450,143,,,,확정
person:식스오,F2604,사실,정의,ch45,450,143,,,,확정
person:식스오,Q161-6,사건,회수,ch45,450,143,,,,확정
person:식스오,F2740,사실,정의,fl:ark_ranger,462,148,,,,확정
person:신,D1983,기준,성격,char:401,171,26,,,,확정
person:신,D1984,기준,신념,char:401,171,26,,,,확정
person:신,D1985,기준,관계,char:401,171,26,,,person:지휘관,확정
person:신,D1986,변화,관계,char:401,171,26,,,person:지휘관,확정
person:신,D1987,변화,소속,char:401,171,26,,,,확정
person:신,F789,사실,정의,char:401,171,26,,,,확정
person:신,F790,사실,정의,char:401,171,26,,,,확정
person:신,F791,사실,정의,char:401,171,26,,,,확정
person:신,F792,사실,정의,char:401,171,26,,,,확정
person:신,F1517,사실,정의,event_beautyfullshot1,305,78,,,,확정
person:신,D1628,변화,관계,event_romanticvalentine,355,99,,,person:지휘관,확정
person:신,E1417,떡밥,재언급,event_romanticvalentine,355,99,,,,확정
person:신,F1782,사실,정의,event_romanticvalentine,355,99,,,,확정
person:신,D2233,변화,신념,char:405,481,158,,,,확정
person:신,D2234,변화,관계,char:405,481,158,,,person:지휘관,확정
person:신,D2235,변화,성격,char:405,481,158,,,,확정
person:신,F2879,사실,정의,char:405,481,158,,,,확정
person:신,O221,마무리,관계,char:405,481,158,,,,확정
person:신데렐라,E283,떡밥,암시,event_redash,251,55,,,,확정
person:신데렐라,F1145,사실,정의,event_redash,251,55,,J2,,확정
person:신데렐라,F1146,사실,정의,event_redash,251,55,,,,확정
person:신데렐라,F1152,사실,정의,event_redash,251,55,,,,확정
person:신데렐라,F1158,사실,정의,event_redash,251,55,,,,확정
person:신데렐라,E309,떡밥,암시,erelic:red_ash_mini,253,55,,,,확정
person:신데렐라,F1189,사실,정의,erelic:red_ash_mini,253,55,,,,확정
person:신데렐라,E388,떡밥,암시,ch30,293,73,,,,확정
person:신데렐라,E438,떡밥,암시,ch31,308,80,,,,확정
person:신데렐라,F1531,사실,정의,ch31,308,80,,,,확정
person:신데렐라,D510,변화,기억,ch32,310,81,,,,확정
person:신데렐라,D511,기준,관계,ch32,310,81,,,person:그레이브,확정
person:신데렐라,D512,관계 상대,관계,ch32,310,81,,,person:그레이브,확정
person:신데렐라,D513,기준,성격,ch32,310,81,,,,확정
person:신데렐라,D514,기준,관계,ch32,310,81,,,person:지휘관,확정
person:신데렐라,D515,변화,소속,ch32,310,81,,,,확정
person:신데렐라,E451,떡밥,재언급,ch32,310,81,,,,확정
person:신데렐라,E455,떡밥,암시,ch32,310,81,,,,확정
person:신데렐라,E458,떡밥,암시,ch32,310,81,,,,확정
person:신데렐라,F1541,사실,정의,ch32,310,81,,,,확정
person:신데렐라,F1542,사실,정의,ch32,310,81,,,,확정
person:신데렐라,F1543,사실,정의,ch32,310,81,,,,확정
person:신데렐라,F1545,사실,정의,ch32,310,81,,J12,,확정
person:신데렐라,F1548,사실,정의,ch32,310,81,,,,확정
person:신데렐라,F1552,사실,정의,ch32,310,81,,,,확정
person:신데렐라,F1553,사실,정의,ch32,310,81,,,,확정
person:신데렐라,F1554,사실,정의,ch32,310,81,,,,확정
person:신데렐라,F1556,사실,정의,ch32,310,81,,,,확정
person:신데렐라,F1557,사실,정의,ch32,310,81,,,,확정
person:신데렐라,F1558,사실,정의,ch32,310,81,,,,확정
person:신데렐라,Q204,의문,정의,ch32,310,81,풀림,J12,,확정
person:신데렐라,F1561,사실,정의,sub:관짝이_00,311,81,,,,확정
person:신데렐라,F1562,사실,정의,sub:관짝이_00,311,81,,J12,,확정
person:신데렐라,F1563,사실,정의,sub:관짝이_00,311,81,,J12,,확정
person:신데렐라,D521,기준,신념,sub:거울_공주_00,312,81,,,,확정
person:신데렐라,D522,변화,관계,sub:거울_공주_00,312,81,,,person:지휘관,확정
person:신데렐라,E465,떡밥,암시,sub:거울_공주_00,312,81,,,,확정
person:신데렐라,E466,떡밥,암시,sub:거울_공주_00,312,81,,,,확정
person:신데렐라,F1564,사실,정의,sub:거울_공주_00,312,81,,,,확정
person:신데렐라,F1565,사실,정의,sub:거울_공주_00,312,81,,,,확정
person:신데렐라,F1566,사실,정의,sub:거울_공주_00,312,81,,,,확정
person:신데렐라,D519,관계 상대,관계,sub:관짝이_01,313,81,,,person:그레이브,확정
person:신데렐라,E462,떡밥,암시,sub:관짝이_01,313,81,,,,확정
person:신데렐라,F1567,사실,정의,sub:관짝이_01,313,81,,,,확정
person:신데렐라,F1568,사실,정의,sub:관짝이_01,313,81,,,,확정
person:신데렐라,F1569,사실,정의,sub:관짝이_01,313,81,,,,확정
person:신데렐라,E464,떡밥,암시,sub:관짝이_02,314,81,,,,확정
person:신데렐라,F1570,사실,정의,sub:관짝이_02,314,81,,,,확정
person:신데렐라,E467,떡밥,재언급,sub:거울_공주_01,315,81,,,,확정
person:신데렐라,F1572,사실,정의,sub:거울_공주_01,315,81,,,,확정
person:신데렐라,F1573,사실,정의,sub:거울_공주_01,315,81,,,,확정
person:신데렐라,Q207,의문,정의,sub:거울_공주_01,315,81,일부,J12,,확정
person:신데렐라,D535,관계 상대,관계,ch33,334,90,,,person:라피,확정
person:신데렐라,D539,관계 상대,관계,ch33,334,90,,,person:아니스,확정
person:신데렐라,D540,기준,관계,ch33,334,90,,,person:아니스,확정
person:신데렐라,E478,떡밥,암시,ch33,334,90,,,,확정
person:신데렐라,E482,떡밥,암시,ch33,334,90,,,,확정
person:신데렐라,F1624,사실,정의,ch33,334,90,,,,확정
person:신데렐라,F1632,사실,정의,ch33,334,90,,J12,,확정
person:신데렐라,F1633,사실,정의,ch33,334,90,,,,확정
person:신데렐라,F1639,사실,정의,ch33,334,90,,,,확정
person:신데렐라,Q204-2,사건,회수,ch33,334,90,,,,확정
person:신데렐라,Q216,의문,정의,ch33,334,90,풀림,J12,,확정
person:신데렐라,D553,변화,관계,ch34,336,91,,,person:그레이브,확정
person:신데렐라,D554,기준,관계,ch34,336,91,,,person:라피,확정
person:신데렐라,D555,변화,신념,ch34,336,91,,,,확정
person:신데렐라,E500,떡밥,암시,ch34,336,91,,,,확정
person:신데렐라,E506,떡밥,재언급,ch34,336,91,,,,확정
person:신데렐라,E507,떡밥,암시,ch34,336,91,,,,확정
person:신데렐라,E515,떡밥,재언급,ch34,336,91,,,,확정
person:신데렐라,E516,떡밥,암시,ch34,336,91,,,,확정
person:신데렐라,F1643,사실,정의,ch34,336,91,,J12,,확정
person:신데렐라,F1648,사실,정의,ch34,336,91,,,,확정
person:신데렐라,F1649,사실,정의,ch34,336,91,,,,확정
person:신데렐라,F1650,사실,정의,ch34,336,91,,,,확정
person:신데렐라,F1653,사실,정의,ch34,336,91,,J10,,확정
person:신데렐라,F1654,사실,정의,ch34,336,91,,J12,,확정
person:신데렐라,F1658,사실,정의,ch34,336,91,,,,확정
person:신데렐라,Q204-3,사건,회수,ch34,336,91,,,,확정
person:신데렐라,Q207-2,사건,회수,ch34,336,91,,,,확정
person:신데렐라,Q216-2,사건,회수,ch34,336,91,,,,확정
person:신데렐라,D565,관계 상대,관계,event_oldtales1,338,91,,,person:레드_슈즈,확정
person:신데렐라,D566,관계 상대,관계,event_oldtales1,338,91,,,person:레드_슈즈,확정
person:신데렐라,D569,관계 상대,관계,event_oldtales1,338,91,,,person:헨젤,확정
person:신데렐라,D570,관계 상대,관계,event_oldtales1,338,91,,,person:헨젤,확정
person:신데렐라,D571,관계 상대,관계,event_oldtales1,338,91,,,person:헨젤,확정
person:신데렐라,D573,관계 상대,관계,event_oldtales1,338,91,,,person:세이렌,확정
person:신데렐라,D574,기준,관계,event_oldtales1,338,91,,,person:헨젤 person:그레텔 person:세이렌,확정
person:신데렐라,D575,변화,관계,event_oldtales1,338,91,,,person:헨젤 person:그레텔 person:세이렌,확정
person:신데렐라,D576,변화,관계,event_oldtales1,338,91,,,person:헨젤 person:그레텔 person:세이렌,확정
person:신데렐라,D577,변화,신념,event_oldtales1,338,91,,,,확정
person:신데렐라,D578,변화,신념,event_oldtales1,338,91,,,,확정
person:신데렐라,D579,관계 상대,관계,event_oldtales1,338,91,,,person:오스왈드,확정
person:신데렐라,D582,변화,신체,event_oldtales1,338,91,,,,확정
person:신데렐라,D583,변화,소속,event_oldtales1,338,91,,,,확정
person:신데렐라,E523,떡밥,암시,event_oldtales1,338,91,,,,확정
person:신데렐라,E524,떡밥,암시,event_oldtales1,338,91,,,,확정
person:신데렐라,E529,떡밥,암시,event_oldtales1,338,91,,,,확정
person:신데렐라,E532,떡밥,암시,event_oldtales1,338,91,,,,확정
person:신데렐라,E533,떡밥,재언급,event_oldtales1,338,91,,,,확정
person:신데렐라,E534,떡밥,재언급,event_oldtales1,338,91,,,,확정
person:신데렐라,E537,떡밥,암시,event_oldtales1,338,91,,,,확정
person:신데렐라,E538,떡밥,암시,event_oldtales1,338,91,,,,확정
person:신데렐라,E544,떡밥,재언급,event_oldtales1,338,91,,,,확정
person:신데렐라,E545,떡밥,암시,event_oldtales1,338,91,,,,확정
person:신데렐라,E548,떡밥,암시,event_oldtales1,338,91,,,,확정
person:신데렐라,E549,떡밥,재언급,event_oldtales1,338,91,,,,확정
person:신데렐라,F1146-2,사건,드러냄,event_oldtales1,338,91,,,,확정
person:신데렐라,F1152-2,사건,드러냄,event_oldtales1,338,91,,,,확정
person:신데렐라,F1158-2,사건,드러냄,event_oldtales1,338,91,,,,확정
person:신데렐라,F1654-2,사건,드러냄,event_oldtales1,338,91,,,,확정
person:신데렐라,F1662,사실,정의,event_oldtales1,338,91,,,,확정
person:신데렐라,F1666,사실,정의,event_oldtales1,338,91,,,,확정
person:신데렐라,F1667,사실,정의,event_oldtales1,338,91,,,,확정
person:신데렐라,F1668,사실,정의,event_oldtales1,338,91,,,,확정
person:신데렐라,F1669,사실,정의,event_oldtales1,338,91,,,,확정
person:신데렐라,F1670,사실,정의,event_oldtales1,338,91,,,,확정
person:신데렐라,F1673,사실,정의,event_oldtales1,338,91,,,,확정
person:신데렐라,F1674,사실,정의,event_oldtales1,338,91,,,,확정
person:신데렐라,F1675,사실,정의,event_oldtales1,338,91,,,,확정
person:신데렐라,F1676,사실,정의,event_oldtales1,338,91,,,,확정
person:신데렐라,F1677,사실,정의,event_oldtales1,338,91,,,,확정
person:신데렐라,F1678,사실,정의,event_oldtales1,338,91,,,,확정
person:신데렐라,F1680,사실,정의,event_oldtales1,338,91,,,,확정
person:신데렐라,F1681,사실,정의,event_oldtales1,338,91,,,,확정
person:신데렐라,F1683,사실,정의,event_oldtales1,338,91,,,,확정
person:신데렐라,F1684,사실,정의,event_oldtales1,338,91,,J12,,확정
person:신데렐라,F1685,사실,정의,event_oldtales1,338,91,,,,확정
person:신데렐라,F1686,사실,정의,event_oldtales1,338,91,,,,확정
person:신데렐라,F1687,사실,정의,event_oldtales1,338,91,,,,확정
person:신데렐라,F1688,사실,정의,event_oldtales1,338,91,,,,확정
person:신데렐라,F1689,사실,정의,event_oldtales1,338,91,,,,확정
person:신데렐라,F1690,사실,정의,event_oldtales1,338,91,,,,확정
person:신데렐라,F1692,사실,정의,event_oldtales1,338,91,,,,확정
person:신데렐라,F1693,사실,정의,event_oldtales1,338,91,,,,확정
person:신데렐라,F1694,사실,정의,event_oldtales1,338,91,,,,확정
person:신데렐라,F2883,사실,정의,event_oldtales1,338,91,,,,확정
person:신데렐라,Q204-4,사건,회수,event_oldtales1,338,91,,,,확정
person:신데렐라,U241,생활상,구시대,event_oldtales1,338,91,,,,확정
person:신데렐라,E550,떡밥,암시,erelic:old_tales_dialog,339,91,,,,확정
person:신데렐라,F1543-2,사건,드러냄,erelic:old_tales_dialog,339,91,,,,확정
person:신데렐라,F1697,사실,정의,erelic:old_tales_dialog,339,91,,,,확정
person:신데렐라,F1698,사실,정의,erelic:old_tales_dialog,339,91,,,,확정
person:신데렐라,F1702,사실,정의,erelic:old_tales_lost,340,91,,,,확정
person:신데렐라,F1703,사실,정의,erelic:old_tales_lost,340,91,,J12,,확정
person:신데렐라,E554,떡밥,재언급,erelic:old_tales_mini_memory,341,91,,,,확정
person:신데렐라,F1686-2,사건,드러냄,erelic:old_tales_mini_memory,341,91,,,,확정
person:신데렐라,F1704,사실,정의,erelic:old_tales_mini_memory,341,91,,,,확정
person:신데렐라,F1707,사실,정의,erelic:old_tales_mini_memory,341,91,,,,확정
person:신데렐라,F1709,사실,정의,erelic:old_tales_mini_memory,341,91,,,,확정
person:신데렐라,F1710,사실,정의,erelic:old_tales_mini_memory,341,91,,,,확정
person:신데렐라,F1711,사실,정의,erelic:old_tales_mini_memory,341,91,,,,확정
person:신데렐라,D2135,변화,관계,char:511,343,91,,,person:그레이브,확정
person:신데렐라,D2136,변화,신념,char:511,343,91,,,,확정
person:신데렐라,F1716,사실,정의,char:511,343,91,,,,확정
person:신데렐라,F1717,사실,정의,char:511,343,91,,,,확정
person:신데렐라,F1718,사실,정의,char:511,343,91,,,,확정
person:신데렐라,O18,마무리,성장,char:511,343,91,,,,확정
person:신데렐라,D1599,관계 상대,관계,char:514,344,92,,,person:그레이브,확정
person:신데렐라,E1397,떡밥,재언급,char:514,344,92,,,,확정
person:신데렐라,F1719,사실,정의,char:514,344,92,,,,확정
person:신데렐라,F1720,사실,정의,char:514,344,92,,,,확정
person:신데렐라,F1721,사실,정의,char:514,344,92,,,,확정
person:신데렐라,O19,마무리,관계,char:514,344,92,,,,확정
person:신데렐라,D608,관계 상대,관계,ch35,358,101,,,person:라피,확정
person:신데렐라,D612,변화,관계,ch35,358,101,,,person:지휘관,확정
person:신데렐라,E588,떡밥,암시,ch35,358,101,,,,확정
person:신데렐라,E600,떡밥,재언급,ch35,358,101,,,,확정
person:신데렐라,E610,떡밥,재언급,ch35,358,101,,,,확정
person:신데렐라,E615,떡밥,재언급,ch35,358,101,,,,확정
person:신데렐라,F1789,사실,정의,ch35,358,101,,,,확정
person:신데렐라,F1792,사실,정의,ch35,358,101,,J9 J12 J13,,확정
person:신데렐라,F1802,사실,정의,ch35,358,101,,,,확정
person:신데렐라,F1803,사실,정의,ch35,358,101,,J12,,확정
person:신데렐라,Q207-3,사건,회수,ch35,358,101,,,,확정
person:신데렐라,Q230,의문,정의,ch35,358,101,열림,J12,,확정
person:신데렐라,E624,떡밥,재언급,ch36,360,102,,,,확정
person:신데렐라,F1809,사실,정의,ch36,360,102,,,,확정
person:신데렐라,F1814,사실,정의,ch36,360,102,,,,확정
person:신데렐라,F1816,사실,정의,ch36,360,102,,,,확정
person:신데렐라,Q207-4,사건,회수,ch36,360,102,,,,확정
person:신데렐라,F1710-2,사건,드러냄,side:mudfish,370,107,,,,확정
person:신데렐라,E661,떡밥,재언급,ch38,375,109,,,,확정
person:신데렐라,D689,기준,관계,event_unbreakablesphere1,377,109,,,person:모리,확정
person:신데렐라,E688,떡밥,재언급,event_unbreakablesphere1,377,109,,,,확정
person:신데렐라,E695,떡밥,재언급,event_unbreakablesphere1,377,109,,,,확정
person:신데렐라,E706,떡밥,재언급,event_unbreakablesphere1,377,109,,,,확정
person:신데렐라,E708,떡밥,암시,event_unbreakablesphere1,377,109,,,,확정
person:신데렐라,F1814-2,사건,드러냄,event_unbreakablesphere1,377,109,,,,확정
person:신데렐라,F1896,사실,정의,event_unbreakablesphere1,377,109,,,,확정
person:신데렐라,F1903,사실,정의,event_unbreakablesphere1,377,109,,J12,,확정
person:신데렐라,Q207-5,사건,회수,event_unbreakablesphere1,377,109,,,,확정
person:신데렐라,F1904,사실,정의,erelic:unbreakable_sphere_dialog,378,109,,,,확정
person:신데렐라,F1905,사실,정의,erelic:unbreakable_sphere_dialog,378,109,,,,확정
person:신데렐라,F1816-2,사건,드러냄,erelic:unbreakable_sphere_lost,379,109,,,,확정
person:신데렐라,F1909,사실,정의,erelic:unbreakable_sphere_lost,379,109,,,,확정
person:신데렐라,D1638,관계 상대,관계,char:513,380,109,,,person:세이렌,확정
person:신데렐라,F1914,사실,정의,char:513,380,109,,,,확정
person:신데렐라,O26,마무리,관계,char:513,380,109,,,,확정
person:신데렐라,E1436,떡밥,재언급,char:162,382,110,,,,확정
person:신데렐라,F2193,사실,정의,ch41,414,127,,,,확정
person:신데렐라,D877,관계 상대,관계,ch42,416,128,,,person:리버렐리오,확정
person:신데렐라,D878,기준,관계,ch42,416,128,,,person:리버렐리오,확정
person:신데렐라,D889,변화,관계,ch42,416,128,,,person:모리,확정
person:신데렐라,E916,떡밥,암시,ch42,416,128,,,,확정
person:신데렐라,F2212,사실,정의,ch42,416,128,,,,확정
person:신데렐라,F2215,사실,정의,ch42,416,128,,,,확정
person:신데렐라,F2216,사실,정의,ch42,416,128,,,,확정
person:신데렐라,F2218,사실,정의,ch42,416,128,,,,확정
person:신데렐라,F2220,사실,정의,ch42,416,128,,,,확정
person:신데렐라,F2228,사실,정의,ch42,416,128,,,,확정
person:신데렐라,F2229,사실,정의,ch42,416,128,,,,확정
person:신데렐라,F2250,사실,정의,ch42,416,128,,J12,,확정
person:신데렐라,Q294,의문,정의,ch42,416,128,일부,J12,,확정
person:신데렐라,Q294-2,사건,회수,ch42,416,128,,,,확정
person:신데렐라,E940,떡밥,재언급,event_goddessfall1,418,128,,,,확정
person:신데렐라,F2280,사실,정의,event_goddessfall1,418,128,,,,확정
person:신데렐라,Q305,의문,정의,event_goddessfall1,418,128,풀림,J13,,확정
person:신데렐라,Q305-2,사건,회수,event_goddessfall1,418,128,,,,확정
person:신데렐라,D1040,관계 상대,관계,ch44,436,138,,,person:스노우_화이트,확정
person:신데렐라,F2429,사실,정의,ch44,436,138,,,,확정
person:신데렐라,D1755,변화,관계,fl:wave_to_you,464,149,,,person:헨젤 person:그레텔,확정
person:신데렐라,E1545,떡밥,암시,fl:wave_to_you,464,149,,,,확정
person:신데렐라,E1553,떡밥,재언급,fl:wave_to_you,464,149,,,,확정
person:신데렐라,E1555,떡밥,재언급,fl:wave_to_you,464,149,,,,확정
person:신데렐라,E1558,떡밥,재언급,fl:wave_to_you,464,149,,,,확정
person:신데렐라,F2750,사실,정의,fl:wave_to_you,464,149,,,,확정
person:신데렐라,F2751,사실,정의,fl:wave_to_you,464,149,,,,확정
person:신데렐라,F2752,사실,정의,fl:wave_to_you,464,149,,,,확정
person:신데렐라,F2754,사실,정의,fl:wave_to_you,464,149,,,,확정
person:신데렐라,F2755,사실,정의,fl:wave_to_you,464,149,,,,확정
person:신데렐라,F2759,사실,정의,fl:wave_to_you,464,149,,,,확정
person:신데렐라,F2760,사실,정의,fl:wave_to_you,464,149,,,,확정
person:신데렐라,F2764,사실,정의,fl:wave_to_you,464,149,,,,확정
person:신데렐라,D2222,변화,관계,char:515,465,149,,,person:지휘관,확정
person:신데렐라,F2766,사실,정의,char:515,465,149,,,,확정
person:신데렐라,O85,마무리,관계,char:515,465,149,,,,확정
person:신데렐라,F1681-2,사건,드러냄,ch48,472,154,,,,확정
person:싹싹이,E789,떡밥,암시,fl:boom_the_ghost,393,116,,,,확정
person:싹싹이,F2026,사실,정의,fl:boom_the_ghost,393,116,,,,확정
person:싹싹이,F2887,사실,정의,fl:boom_the_ghost,393,116,,,,확정
person:아나키오르,F744,사실,정의,ch19,159,25,,,,확정
person:아나키오르,F838,사실,정의,char:261,184,32,,,,확정
person:아나키오르,F1158,사실,정의,event_redash,251,55,,,,확정
person:아나키오르,F1159,사실,정의,event_redash,251,55,,,,확정
person:아나키오르,F1170,사실,정의,event_redash,251,55,,,,확정
person:아나키오르,F1171,사실,정의,event_redash,251,55,,,,확정
person:아나키오르,F1410,사실,정의,ch30,293,73,,J12,,확정
person:아나키오르,F1411,사실,정의,ch30,293,73,,,,확정
person:아나키오르,E433,떡밥,재언급,ch31,308,80,,,,확정
person:아나키오르,E443,떡밥,암시,ch31,308,80,,,,확정
person:아나키오르,E445,떡밥,암시,ch31,308,80,,,,확정
person:아나키오르,E447,떡밥,암시,ch31,308,80,,,,확정
person:아나키오르,F1523,사실,정의,ch31,308,80,,,,확정
person:아나키오르,F1524,사실,정의,ch31,308,80,,,,확정
person:아나키오르,F1532,사실,정의,ch31,308,80,,,,확정
person:아나키오르,F1533,사실,정의,ch31,308,80,,J11,,확정
person:아나키오르,F1537,사실,정의,ch31,308,80,,,,확정
person:아나키오르,Q200,의문,정의,ch31,308,80,일부,J10,,확정
person:아나키오르,F1551,사실,정의,ch32,310,81,,J10,,확정
person:아나키오르,F1552,사실,정의,ch32,310,81,,,,확정
person:아나키오르,F1554,사실,정의,ch32,310,81,,,,확정
person:아나키오르,Q200-2,사건,회수,ch32,310,81,,,,확정
person:아나키오르,F1563,사실,정의,sub:관짝이_00,311,81,,J12,,확정
person:아나키오르,F1565,사실,정의,sub:거울_공주_00,312,81,,,,확정
person:아나키오르,F1566,사실,정의,sub:거울_공주_00,312,81,,,,확정
person:아나키오르,Q200-3,사건,회수,ch33,334,90,,,,확정
person:아나키오르,F744-2,사건,드러냄,event_oldtales1,338,91,,,,확정
person:아나키오르,F1158-2,사건,드러냄,event_oldtales1,338,91,,,,확정
person:아나키오르,F1523-2,사건,드러냄,event_oldtales1,338,91,,,,확정
person:아나키오르,F1670,사실,정의,event_oldtales1,338,91,,,,확정
person:아나키오르,F1674,사실,정의,event_oldtales1,338,91,,,,확정
person:아나키오르,F1675,사실,정의,event_oldtales1,338,91,,,,확정
person:아나키오르,F1676,사실,정의,event_oldtales1,338,91,,,,확정
person:아나키오르,F1678,사실,정의,event_oldtales1,338,91,,,,확정
person:아나키오르,F1681,사실,정의,event_oldtales1,338,91,,,,확정
person:아나키오르,F1682,사실,정의,event_oldtales1,338,91,,,,확정
person:아나키오르,F1696,사실,정의,erelic:old_tales_dialog,339,91,,,,확정
person:아나키오르,F1702,사실,정의,erelic:old_tales_lost,340,91,,,,확정
person:아나키오르,F1703,사실,정의,erelic:old_tales_lost,340,91,,J12,,확정
person:아나키오르,F1704,사실,정의,erelic:old_tales_mini_memory,341,91,,,,확정
person:아나키오르,F1705,사실,정의,erelic:old_tales_mini_memory,341,91,,,,확정
person:아나키오르,F1707,사실,정의,erelic:old_tales_mini_memory,341,91,,,,확정
person:아나키오르,F1708,사실,정의,erelic:old_tales_mini_memory,341,91,,,,확정
person:아나키오르,F1710,사실,정의,erelic:old_tales_mini_memory,341,91,,,,확정
person:아나키오르,F1710-2,사건,드러냄,side:mudfish,370,107,,,,확정
person:아나키오르,E971,떡밥,암시,fl:ark_guardian,428,133,,,,확정
person:아나키오르,E983,떡밥,재언급,fl:ark_guardian,428,133,,,,확정
person:아나키오르,E991,떡밥,재언급,fl:ark_guardian,428,133,,,,확정
person:아나키오르,F2362,사실,정의,fl:ark_guardian,428,133,,,,확정
person:아나키오르,F2363,사실,정의,fl:ark_guardian,428,133,,J4,,확정
person:아나키오르,F2377,사실,정의,fl:ark_guardian,428,133,,,,확정
person:아나키오르,F2378,사실,정의,fl:ark_guardian,428,133,,,,확정
person:아나키오르,F2377-2,사건,드러냄,ch46,452,144,,,,확정
person:아나키오르,F1681-2,사건,드러냄,ch48,472,154,,,,확정
person:아나키오르,F2826,사실,정의,ch48,472,154,,,,확정
person:아니스,D3,기준,성격,ch00,1,1,,,,확정
person:아니스,D7,기준,관계,ch00,1,1,,,person:지휘관,확정
person:아니스,F5,사실,정의,ch00,1,1,,,,확정
person:아니스,D10,변화,관계,ch01,2,2,,,person:지휘관,확정
person:아니스,D21,기준,신념,ch02,4,3,,,,확정
person:아니스,D25,변화,관계,ch02,4,3,,,person:지휘관,확정
person:아니스,E11,떡밥,암시,ch02,4,3,,,,확정
person:아니스,E30,떡밥,암시,sub:트레저_헌터_00,12,4,,,,확정
person:아니스,D37,기준,관계,ch04,15,5,,,person:라피,확정
person:아니스,E28,떡밥,암시,ch04,15,5,,,,확정
person:아니스,F77,사실,정의,ch04,15,5,,,,확정
person:아니스,F95,사실,정의,ch04,15,5,,,,확정
person:아니스,Q16,의문,정의,ch04,15,5,일부,J2,,확정
person:아니스,Q19,의문,정의,ch04,15,5,풀림,J24,,확정
person:아니스,E32,떡밥,암시,sub:트레저_헌터_01,16,5,,,,확정
person:아니스,D59,변화,관계,ch05,20,6,,,person:지휘관,확정
person:아니스,E43,떡밥,암시,ch05,20,6,,,,확정
person:아니스,D75,변화,관계,ch08,37,9,,,person:네온,확정
person:아니스,Q43,의문,정의,ch08,37,9,풀림,J24,,확정
person:아니스,U47,생활상,방주 사회,ch08,37,9,,,,확정
person:아니스,U49,생활상,일상 · 문화,ch08,37,9,,,,확정
person:아니스,E33,떡밥,암시,sub:트레저_헌터_02,46,10,,,,확정
person:아니스,Q16-2,사건,회수,ch10,48,11,,,,확정
person:아니스,E76,떡밥,암시,sub:음악_애호가_00,54,12,,,,확정
person:아니스,F345,사실,정의,ch13,64,14,,,,확정
person:아니스,F406,사실,정의,ch16,80,17,,,,확정
person:아니스,F498,사실,정의,char:10,95,17,,,,확정
person:아니스,F508,사실,정의,char:10,95,17,,,,확정
person:아니스,D1807,관계 상대,관계,char:82,98,17,,,person:리타,확정
person:아니스,D1809,변화,신념,char:82,98,17,,,,확정
person:아니스,F524,사실,정의,char:82,98,17,,,,확정
person:아니스,F525,사실,정의,char:82,98,17,,,,확정
person:아니스,F586,사실,정의,char:22,114,17,,,,확정
person:아니스,D1399,변화,관계,char:12,115,17,,,person:지휘관,확정
person:아니스,D1400,기준,관계,char:12,115,17,,,person:프리카,확정
person:아니스,E1274,떡밥,암시,char:12,115,17,,,,확정
person:아니스,E1275,떡밥,암시,char:12,115,17,,,,확정
person:아니스,E1276,떡밥,암시,char:12,115,17,,,,확정
person:아니스,F597,사실,정의,char:12,115,17,,,,확정
person:아니스,F623,사실,정의,char:90,123,17,,,,확정
person:아니스,F636,사실,정의,char:231,128,17,,,,확정
person:아니스,E180,떡밥,재언급,sub:중앙정부_트라이앵글_00,218,43,,,,확정
person:아니스,F1033,사실,정의,ch24,219,44,,,,확정
person:아니스,E277,떡밥,암시,sub:코인_러시_00,223,44,,,,확정
person:아니스,D1453,기준,관계,event_seayouagain1,226,45,,,person:헬름,확정
person:아니스,D1455,관계 상대,관계,event_seayouagain1,226,45,,,person:헬름,확정
person:아니스,F1050,사실,정의,event_seayouagain1,226,45,,J50,,확정
person:아니스,F1055,사실,정의,event_seayouagain1,226,45,,,,확정
person:아니스,D2050,변화,관계,char:15,227,45,,,person:지휘관,확정
person:아니스,F1058,사실,정의,char:15,227,45,,,,확정
person:아니스,D307,기준,기억,ch25,241,54,,,,확정
person:아니스,D314,변화,신념,ch25,241,54,,,,확정
person:아니스,F1097,사실,정의,ch25,241,54,,,,확정
person:아니스,F1102,사실,정의,ch25,241,54,,,,확정
person:아니스,F1106,사실,정의,ch25,241,54,,,,확정
person:아니스,D325,변화,신념,ch26,246,55,,,,확정
person:아니스,F1127,사실,정의,ch26,246,55,,,,확정
person:아니스,F1130,사실,정의,ch26,246,55,,,,확정
person:아니스,D1485,변화,신념,char:470,254,55,,,,확정
person:아니스,F1191,사실,정의,char:470,254,55,,,,확정
person:아니스,F1195,사실,정의,char:470,254,55,,,,확정
person:아니스,E330,떡밥,재언급,ch27,270,65,,,,확정
person:아니스,F1295,사실,정의,ch27,270,65,,,,확정
person:아니스,Q164,의문,정의,ch27,270,65,풀림,J17,,확정
person:아니스,D383,변화,관계,sub:트윙클_00,273,65,,,person:지휘관,확정
person:아니스,F1306,사실,정의,sub:트윙클_00,273,65,,,,확정
person:아니스,F1310,사실,정의,ch28,275,66,,,,확정
person:아니스,F1313,사실,정의,ch28,275,66,,,,확정
person:아니스,F1390,사실,정의,ch29,291,72,,,,확정
person:아니스,Q164-2,사건,회수,ch30,293,73,,,,확정
person:아니스,F1505,사실,정의,char:551,304,77,,,,확정
person:아니스,F1509,사실,정의,event_beautyfullshot1,305,78,,,,확정
person:아니스,Q16-3,사건,회수,ch32,310,81,,,,확정
person:아니스,F1561,사실,정의,sub:관짝이_00,311,81,,,,확정
person:아니스,D536,변화,관계,ch33,334,90,,,person:지휘관,확정
person:아니스,D539,기준,관계,ch33,334,90,,,person:신데렐라,확정
person:아니스,D540,관계 상대,관계,ch33,334,90,,,person:신데렐라,확정
person:아니스,D541,변화,신념,ch33,334,90,,,,확정
person:아니스,E478,떡밥,암시,ch33,334,90,,,,확정
person:아니스,E479,떡밥,암시,ch33,334,90,,,,확정
person:아니스,E480,떡밥,암시,ch33,334,90,,,,확정
person:아니스,E481,떡밥,암시,ch33,334,90,,,,확정
person:아니스,F1627,사실,정의,ch33,334,90,,,,확정
person:아니스,F1633,사실,정의,ch33,334,90,,,,확정
person:아니스,D560,변화,신념,ch34,336,91,,,,확정
person:아니스,D561,변화,관계,ch34,336,91,,,person:라피,확정
person:아니스,E503,떡밥,암시,ch34,336,91,,,,확정
person:아니스,E516,떡밥,암시,ch34,336,91,,,,확정
person:아니스,Q217,의문,정의,ch34,336,91,풀림,J24,,확정
person:아니스,E576,떡밥,암시,event_footstepwalkrun1,350,96,,,,확정
person:아니스,F1764,사실,정의,event_footstepwalkrun1,350,96,,,,확정
person:아니스,F1765,사실,정의,event_footstepwalkrun1,350,96,,J2,,확정
person:아니스,F1772,사실,정의,event_wisdomspring,353,98,,,,확정
person:아니스,D601,변화,관계,ch35,358,101,,,person:지휘관,확정
person:아니스,D602,관계 상대,관계,ch35,358,101,,,person:네온,확정
person:아니스,D603,관계 상대,관계,ch35,358,101,,,person:라피,확정
person:아니스,D609,변화,신념,ch35,358,101,,,,확정
person:아니스,D610,관계 상대,관계,ch35,358,101,,,person:머스탱,확정
person:아니스,E587,떡밥,암시,ch35,358,101,,,,확정
person:아니스,E597,떡밥,암시,ch35,358,101,,,,확정
person:아니스,E615,떡밥,재언급,ch35,358,101,,,,확정
person:아니스,F1795,사실,정의,ch35,358,101,,,,확정
person:아니스,F1798,사실,정의,ch35,358,101,,J24,,확정
person:아니스,Q19-2,사건,회수,ch35,358,101,,,,확정
person:아니스,Q217-2,사건,회수,ch35,358,101,,,,확정
person:아니스,E626,떡밥,암시,ch36,360,102,,,,확정
person:아니스,E630,떡밥,암시,ch36,360,102,,,,확정
person:아니스,F1817,사실,정의,ch36,360,102,,,,확정
person:아니스,F1818,사실,정의,ch36,360,102,,,,확정
person:아니스,D648,관계 상대,관계,ch37,373,108,,,person:도로시,확정
person:아니스,E649,떡밥,암시,ch37,373,108,,,,확정
person:아니스,F1859,사실,정의,ch37,373,108,,J7,,확정
person:아니스,F1861,사실,정의,ch37,373,108,,,,확정
person:아니스,D660,기준,관계,ch38,375,109,,,person:네온,확정
person:아니스,D662,관계 상대,관계,ch38,375,109,,,person:민트,확정
person:아니스,D664,관계 상대,관계,ch38,375,109,,,person:프리카,확정
person:아니스,D665,기준,관계,ch38,375,109,,,person:민트 person:프리카,확정
person:아니스,D666,변화,신념,ch38,375,109,,,,확정
person:아니스,D667,관계 상대,관계,ch38,375,109,,,person:네온,확정
person:아니스,E663,떡밥,재언급,ch38,375,109,,,,확정
person:아니스,E664,떡밥,암시,ch38,375,109,,,,확정
person:아니스,E665,떡밥,암시,ch38,375,109,,,,확정
person:아니스,E666,떡밥,암시,ch38,375,109,,,,확정
person:아니스,F1874,사실,정의,ch38,375,109,,,,확정
person:아니스,F1875,사실,정의,ch38,375,109,,,,확정
person:아니스,U270,생활상,방주 사회,ch38,375,109,,,,확정
person:아니스,D741,기준,관계,event_ce006,387,113,,,person:프리바티,확정
person:아니스,D742,변화,관계,event_ce006,387,113,,,person:프리바티,확정
person:아니스,F2006,사실,정의,char:850,389,113,,,,확정
person:아니스,F2020,사실,정의,fl:boom_the_ghost,393,116,,,,확정
person:아니스,D771,관계 상대,관계,ch39,396,118,,,person:노이즈,확정
person:아니스,D772,관계 상대,관계,ch39,396,118,,,person:볼륨,확정
person:아니스,D773,변화,신체,ch39,396,118,,,,확정
person:아니스,D774,관계 상대,관계,ch39,396,118,,,person:아비스타,확정
person:아니스,D775,변화,신념,ch39,396,118,,,,확정
person:아니스,D779,변화,관계,ch39,396,118,,,person:아비스타,확정
person:아니스,E806,떡밥,암시,ch39,396,118,,,,확정
person:아니스,E807,떡밥,암시,ch39,396,118,,,,확정
person:아니스,E809,떡밥,암시,ch39,396,118,,,,확정
person:아니스,E810,떡밥,암시,ch39,396,118,,,,확정
person:아니스,F1772-2,사건,드러냄,ch39,396,118,,,,확정
person:아니스,F2062,사실,정의,ch39,396,118,,,,확정
person:아니스,F2063,사실,정의,ch39,396,118,,,,확정
person:아니스,F2064,사실,정의,ch39,396,118,,,,확정
person:아니스,F2065,사실,정의,ch39,396,118,,,,확정
person:아니스,F2066,사실,정의,ch39,396,118,,J24,,확정
person:아니스,Q43-2,사건,회수,ch39,396,118,,,,확정
person:아니스,Q269,의문,정의,ch39,396,118,풀림,J24,,확정
person:아니스,U308,생활상,일상 · 문화,ch39,396,118,,,,확정
person:아니스,U310,생활상,일상 · 문화,ch39,396,118,,,,확정
person:아니스,D798,변화,신념,ch40,398,119,,,,확정
person:아니스,D799,변화,관계,ch40,398,119,,,person:아비스타,확정
person:아니스,D800,변화,관계,ch40,398,119,,,person:민트 person:프리카,확정
person:아니스,D801,관계 상대,관계,ch40,398,119,,,person:프리카,확정
person:아니스,F2092,사실,정의,ch40,398,119,,,,확정
person:아니스,F2093,사실,정의,ch40,398,119,,J24,,확정
person:아니스,F2094,사실,정의,ch40,398,119,,,,확정
person:아니스,F2095,사실,정의,ch40,398,119,,,,확정
person:아니스,O33,마무리,관계,ch40,398,119,,,,확정
person:아니스,Q269-2,사건,회수,ch40,398,119,,,,확정
person:아니스,D859,관계 상대,관계,ch41,414,127,,,person:미세스_미스,확정
person:아니스,D862,변화,신념,ch41,414,127,,,,확정
person:아니스,E899,떡밥,암시,ch41,414,127,,,,확정
person:아니스,E900,떡밥,암시,ch41,414,127,,,,확정
person:아니스,F2198,사실,정의,ch41,414,127,,,,확정
person:아니스,F2201,사실,정의,ch41,414,127,,,,확정
person:아니스,F2202,사실,정의,ch41,414,127,,,,확정
person:아니스,D892,변화,신념,ch42,416,128,,,,확정
person:아니스,D893,변화,신념,ch42,416,128,,,,확정
person:아니스,D894,변화,소속,ch42,416,128,,,,확정
person:아니스,D895,관계 상대,관계,ch42,416,128,,,person:미세스_미스,확정
person:아니스,D896,관계 상대,관계,ch42,416,128,,,person:이터니티,확정
person:아니스,E918,떡밥,재언급,ch42,416,128,,,,확정
person:아니스,E920,떡밥,재언급,ch42,416,128,,,,확정
person:아니스,E921,떡밥,암시,ch42,416,128,,,,확정
person:아니스,E930,떡밥,암시,ch42,416,128,,,,확정
person:아니스,F2232,사실,정의,ch42,416,128,,,,확정
person:아니스,F2233,사실,정의,ch42,416,128,,,,확정
person:아니스,F2234,사실,정의,ch42,416,128,,,,확정
person:아니스,F2235,사실,정의,ch42,416,128,,,,확정
person:아니스,F2236,사실,정의,ch42,416,128,,J16,,확정
person:아니스,F2240,사실,정의,ch42,416,128,,,,확정
person:아니스,F2242,사실,정의,ch42,416,128,,,,확정
person:아니스,F2243,사실,정의,ch42,416,128,,,,확정
person:아니스,F2244,사실,정의,ch42,416,128,,,,확정
person:아니스,F2245,사실,정의,ch42,416,128,,,,확정
person:아니스,F2253,사실,정의,ch42,416,128,,,,확정
person:아니스,F2254,사실,정의,ch42,416,128,,,,확정
person:아니스,U343,생활상,방주 사회,ch42,416,128,,,,확정
person:아니스,U345,생활상,일상 · 문화,ch42,416,128,,,,확정
person:아니스,F2433,사실,정의,ch44,436,138,,,,확정
person:아니스,F2463,사실,정의,ch44,436,138,,,,확정
person:아니스,E1476,떡밥,재언급,fl:lie_cause_recoil,438,138,,,,확정
person:아니스,D1097,변화,신념,side:pretty_star,447,142,,,,확정
person:아니스,D1109,기준,관계,side:pretty_star,447,142,,,person:프리티,확정
person:아니스,D1116,변화,신체,side:pretty_star,447,142,,,,확정
person:아니스,D1117,변화,신념,side:pretty_star,447,142,,,,확정
person:아니스,E1052,떡밥,암시,side:pretty_star,447,142,,,,확정
person:아니스,E1059,떡밥,암시,side:pretty_star,447,142,,,,확정
person:아니스,E1062,떡밥,암시,side:pretty_star,447,142,,,,확정
person:아니스,F2546,사실,정의,side:pretty_star,447,142,,J24,,확정
person:아니스,F2552,사실,정의,side:pretty_star,447,142,,,,확정
person:아니스,F2556,사실,정의,side:pretty_star,447,142,,J24,,확정
person:아니스,F2558,사실,정의,side:pretty_star,447,142,,J6,,확정
person:아니스,Q19-3,사건,회수,side:pretty_star,447,142,,,,확정
person:아니스,Q43-3,사건,회수,side:pretty_star,447,142,,,,확정
person:아니스,D1137,변화,신념,ch45,450,143,,,,확정
person:아니스,D1138,변화,신체,ch45,450,143,,,,확정
person:아니스,D1140,관계 상대,관계,ch45,450,143,,,person:머스탱,확정
person:아니스,E1080,떡밥,암시,ch45,450,143,,,,확정
person:아니스,E1085,떡밥,재언급,ch45,450,143,,,,확정
person:아니스,E1087,떡밥,재언급,ch45,450,143,,,,확정
person:아니스,F2575,사실,정의,ch45,450,143,,,,확정
person:아니스,F2584,사실,정의,ch45,450,143,,,,확정
person:아니스,F2585,사실,정의,ch45,450,143,,,,확정
person:아니스,F2587,사실,정의,ch45,450,143,,,,확정
person:아니스,F2589,사실,정의,ch45,450,143,,,,확정
person:아니스,F2591,사실,정의,ch45,450,143,,,,확정
person:아니스,F2592,사실,정의,ch45,450,143,,,,확정
person:아니스,F2594,사실,정의,ch45,450,143,,,,확정
person:아니스,F2597,사실,정의,ch45,450,143,,,,확정
person:아니스,F2599,사실,정의,ch45,450,143,,,,확정
person:아니스,F2600,사실,정의,ch45,450,143,,,,확정
person:아니스,F2644,사실,정의,ch46,452,144,,,,확정
person:아니스,F2663,사실,정의,ch46,452,144,,J8,,확정
person:아니스,D1179,관계 상대,관계,event_staranis1,454,144,,,person:민트,확정
person:아니스,D1180,관계 상대,관계,event_staranis1,454,144,,,person:프리카,확정
person:아니스,D1181,관계 상대,관계,event_staranis1,454,144,,,person:한슨,확정
person:아니스,D1182,기준,관계,event_staranis1,454,144,,,person:한슨,확정
person:아니스,D1187,관계 상대,관계,event_staranis1,454,144,,,person:요요,확정
person:아니스,D1189,기준,관계,event_staranis1,454,144,,,person:요요,확정
person:아니스,D1191,관계 상대,관계,event_staranis1,454,144,,,person:리스,확정
person:아니스,D1193,기준,관계,event_staranis1,454,144,,,person:리스,확정
person:아니스,D1194,변화,관계,event_staranis1,454,144,,,person:리스,확정
person:아니스,D1198,변화,신념,event_staranis1,454,144,,,,확정
person:아니스,D1199,변화,신체,event_staranis1,454,144,,,,확정
person:아니스,D1200,관계 상대,관계,event_staranis1,454,144,,,person:한슨,확정
person:아니스,D1202,관계 상대,관계,event_staranis1,454,144,,,person:요요,확정
person:아니스,D1205,변화,관계,event_staranis1,454,144,,,person:한슨,확정
person:아니스,D1209,관계 상대,관계,event_staranis1,454,144,,,person:프리카,확정
person:아니스,D1210,변화,신념,event_staranis1,454,144,,,,확정
person:아니스,D1212,관계 상대,관계,event_staranis1,454,144,,,person:민트,확정
person:아니스,D1214,변화,관계,event_staranis1,454,144,,,person:민트 person:프리카,확정
person:아니스,D1215,변화,신념,event_staranis1,454,144,,,,확정
person:아니스,D1217,관계 상대,관계,event_staranis1,454,144,,,person:리스,확정
person:아니스,D1219,변화,신념,event_staranis1,454,144,,,,확정
person:아니스,D1220,변화,관계,event_staranis1,454,144,,,person:한슨,확정
person:아니스,D1221,변화,신념,event_staranis1,454,144,,,,확정
person:아니스,D1224,변화,신념,event_staranis1,454,144,,,,확정
person:아니스,D1225,관계 상대,관계,event_staranis1,454,144,,,person:요요,확정
person:아니스,D1226,변화,신념,event_staranis1,454,144,,,,확정
person:아니스,D1231,관계 상대,관계,event_staranis1,454,144,,,person:한슨,확정
person:아니스,D1232,변화,소속,event_staranis1,454,144,,,,확정
person:아니스,D1233,변화,관계,event_staranis1,454,144,,,person:한슨,확정
person:아니스,D1234,관계 상대,관계,event_staranis1,454,144,,,person:민트,확정
person:아니스,D1235,관계 상대,관계,event_staranis1,454,144,,,person:프리카,확정
person:아니스,D1236,관계 상대,관계,event_staranis1,454,144,,,person:한슨,확정
person:아니스,D1237,변화,신념,event_staranis1,454,144,,,,확정
person:아니스,D1238,변화,신념,event_staranis1,454,144,,,,확정
person:아니스,D1239,변화,관계,event_staranis1,454,144,,,person:지휘관 person:라피 person:네온,확정
person:아니스,D1240,변화,소속,event_staranis1,454,144,,,,확정
person:아니스,E1119,떡밥,재언급,event_staranis1,454,144,,,,확정
person:아니스,E1124,떡밥,재언급,event_staranis1,454,144,,,,확정
person:아니스,E1127,떡밥,암시,event_staranis1,454,144,,,,확정
person:아니스,E1128,떡밥,암시,event_staranis1,454,144,,,,확정
person:아니스,E1131,떡밥,재언급,event_staranis1,454,144,,,,확정
person:아니스,E1132,떡밥,암시,event_staranis1,454,144,,,,확정
person:아니스,E1133,떡밥,재언급,event_staranis1,454,144,,,,확정
person:아니스,E1135,떡밥,재언급,event_staranis1,454,144,,,,확정
person:아니스,E1140,떡밥,암시,event_staranis1,454,144,,,,확정
person:아니스,E1145,떡밥,암시,event_staranis1,454,144,,,,확정
person:아니스,E1147,떡밥,재언급,event_staranis1,454,144,,,,확정
person:아니스,E1150,떡밥,재언급,event_staranis1,454,144,,,,확정
person:아니스,E1156,떡밥,암시,event_staranis1,454,144,,,,확정
person:아니스,E1157,떡밥,암시,event_staranis1,454,144,,,,확정
person:아니스,E1158,떡밥,암시,event_staranis1,454,144,,,,확정
person:아니스,E1159,떡밥,암시,event_staranis1,454,144,,,,확정
person:아니스,E1160,떡밥,재언급,event_staranis1,454,144,,,,확정
person:아니스,E1165,떡밥,재언급,event_staranis1,454,144,,,,확정
person:아니스,F2064-2,사건,드러냄,event_staranis1,454,144,,,,확정
person:아니스,F2066-2,사건,드러냄,event_staranis1,454,144,,,,확정
person:아니스,F2668,사실,정의,event_staranis1,454,144,,,,확정
person:아니스,F2669,사실,정의,event_staranis1,454,144,,,,확정
person:아니스,F2672,사실,정의,event_staranis1,454,144,,,,확정
person:아니스,F2677,사실,정의,event_staranis1,454,144,,,,확정
person:아니스,F2678,사실,정의,event_staranis1,454,144,,,,확정
person:아니스,F2679,사실,정의,event_staranis1,454,144,,,,확정
person:아니스,F2682,사실,정의,event_staranis1,454,144,,,,확정
person:아니스,F2683,사실,정의,event_staranis1,454,144,,,,확정
person:아니스,F2686,사실,정의,event_staranis1,454,144,,,,확정
person:아니스,F2691,사실,정의,event_staranis1,454,144,,,,확정
person:아니스,F2696,사실,정의,event_staranis1,454,144,,,,확정
person:아니스,F2698,사실,정의,event_staranis1,454,144,,J24,,확정
person:아니스,F2699,사실,정의,event_staranis1,454,144,,,,확정
person:아니스,F2705,사실,정의,event_staranis1,454,144,,J24,,확정
person:아니스,F2706,사실,정의,event_staranis1,454,144,,,,확정
person:아니스,F2707,사실,정의,event_staranis1,454,144,,,,확정
person:아니스,F2708,사실,정의,event_staranis1,454,144,,,,확정
person:아니스,F2895,사실,정의,event_staranis1,454,144,,,,확정
person:아니스,O67,마무리,관계,event_staranis1,454,144,H9,,,확정
person:아니스,O68,마무리,관계,event_staranis1,454,144,H9,,,확정
person:아니스,O73,마무리,성장,event_staranis1,454,144,H9,,,확정
person:아니스,Q19-4,사건,회수,event_staranis1,454,144,,,,확정
person:아니스,Q43-4,사건,회수,event_staranis1,454,144,,,,확정
person:아니스,Q269-3,사건,회수,event_staranis1,454,144,,,,확정
person:아니스,D2213,변화,관계,char:17,455,144,,,person:지휘관,확정
person:아니스,D2214,변화,신념,char:17,455,144,,,,확정
person:아니스,E1631,떡밥,재언급,char:17,455,144,,,,확정
person:아니스,E1632,떡밥,재언급,char:17,455,144,,,,확정
person:아니스,F2709,사실,정의,char:17,455,144,,,,확정
person:아니스,F2710,사실,정의,char:17,455,144,,,,확정
person:아니스,F2711,사실,정의,char:17,455,144,,,,확정
person:아니스,O70,마무리,관계,char:17,455,144,,,,확정
person:아니스,F2713,사실,정의,char:441,456,144,,,,확정
person:아니스,E1529,떡밥,재언급,fl:b-side_idol,458,146,,,,확정
person:아니스,E1531,떡밥,재언급,fl:b-side_idol,458,146,,,,확정
person:아니스,D1744,변화,관계,fl:bitter_spice,460,147,,,person:민트 person:프리카,확정
person:아니스,E1533,떡밥,암시,fl:bitter_spice,460,147,,,,확정
person:아니스,E1539,떡밥,재언급,fl:bitter_spice,460,147,,,,확정
person:아니스,O80,마무리,관계,fl:bitter_spice,460,147,H10,,,확정
person:아니스,O82,마무리,관계,fl:bitter_spice,460,147,H10,,,확정
person:아니스,D1249,관계 상대,관계,fl:ark_ranger,462,148,,,person:아크레인저_블랙,확정
person:아니스,D1255,관계 상대,관계,fl:ark_ranger,462,148,,,person:아크레인저_블랙,확정
person:아니스,E1179,떡밥,재언급,fl:ark_ranger,462,148,,,,확정
person:아니스,E1181,떡밥,재언급,fl:ark_ranger,462,148,,,,확정
person:아니스,F2235-2,사건,드러냄,fl:ark_ranger,462,148,,,,확정
person:아니스,F2731,사실,정의,fl:ark_ranger,462,148,,,,확정
person:아니스,D1317,기준,관계,ch47,470,153,,,person:온리_원,확정
person:아담,F1976,사실,정의,event_ce006,387,113,,,,확정
person:아담,F1979,사실,정의,event_ce006,387,113,,,,확정
person:아담,F1979-2,사건,드러냄,char:852,388,113,,,,확정
person:아르카나,D698,기준,성격,event_arcanearchive,383,111,,,,확정
person:아르카나,D699,기준,기억,event_arcanearchive,383,111,,,,확정
person:아르카나,D700,변화,기억,event_arcanearchive,383,111,,,,확정
person:아르카나,D701,변화,기억,event_arcanearchive,383,111,,,,확정
person:아르카나,D702,기준,신념,event_arcanearchive,383,111,,,,확정
person:아르카나,D703,기준,관계,event_arcanearchive,383,111,,,person:지휘관,확정
person:아르카나,D704,변화,관계,event_arcanearchive,383,111,,,person:지휘관,확정
person:아르카나,D705,변화,관계,event_arcanearchive,383,111,,,person:지휘관,확정
person:아르카나,D707,관계 상대,관계,event_arcanearchive,383,111,,,person:팬텀,확정
person:아르카나,D708,관계 상대,관계,event_arcanearchive,383,111,,,person:잉그리드,확정
person:아르카나,E713,떡밥,암시,event_arcanearchive,383,111,,,,확정
person:아르카나,E714,떡밥,암시,event_arcanearchive,383,111,,,,확정
person:아르카나,E715,떡밥,암시,event_arcanearchive,383,111,,,,확정
person:아르카나,E716,떡밥,암시,event_arcanearchive,383,111,,,,확정
person:아르카나,E718,떡밥,암시,event_arcanearchive,383,111,,,,확정
person:아르카나,E722,떡밥,암시,event_arcanearchive,383,111,,,,확정
person:아르카나,E723,떡밥,암시,event_arcanearchive,383,111,,,,확정
person:아르카나,F1925,사실,정의,event_arcanearchive,383,111,,,,확정
person:아르카나,F1926,사실,정의,event_arcanearchive,383,111,,J56,,확정
person:아르카나,F1927,사실,정의,event_arcanearchive,383,111,,,,확정
person:아르카나,F1928,사실,정의,event_arcanearchive,383,111,,,,확정
person:아르카나,F1929,사실,정의,event_arcanearchive,383,111,,,,확정
person:아르카나,F1931,사실,정의,event_arcanearchive,383,111,,,,확정
person:아르카나,F1933,사실,정의,event_arcanearchive,383,111,,,,확정
person:아르카나,F1936,사실,정의,event_arcanearchive,383,111,,,,확정
person:아르카나,F1937,사실,정의,event_arcanearchive,383,111,,,,확정
person:아르카나,F1939,사실,정의,event_arcanearchive,383,111,,,,확정
person:아르카나,U278,생활상,일상 · 문화,event_arcanearchive,383,111,,,,확정
person:아르카나,U282,생활상,경제,event_arcanearchive,383,111,,,,확정
person:아르카나,D2163,변화,기억,char:581,384,111,,,,확정
person:아르카나,D2164,변화,신념,char:581,384,111,,,,확정
person:아르카나,D2165,변화,관계,char:581,384,111,,,person:지휘관,확정
person:아르카나,F1942,사실,정의,char:581,384,111,,,,확정
person:아르카나,F1943,사실,정의,char:581,384,111,,,,확정
person:아르카나,F1944,사실,정의,char:581,384,111,,,,확정
person:아르카나,F1945,사실,정의,char:581,384,111,,,,확정
person:아르카나,F1946,사실,정의,char:581,384,111,,,,확정
person:아르카나,E734,떡밥,재언급,event_lordforjustice,385,112,,,,확정
person:아르카나,E739,떡밥,재언급,event_lordforjustice,385,112,,,,확정
person:아르카나,F1951,사실,정의,event_lordforjustice,385,112,,,,확정
person:아르카나,F1952,사실,정의,event_lordforjustice,385,112,,,,확정
person:아르카나,D1000,관계 상대,관계,fl:sin_editor,430,135,,,person:레이블,확정
person:아르카나,D1001,관계 상대,관계,fl:sin_editor,430,135,,,person:레이블,확정
person:아르카나,D1004,변화,기억,fl:sin_editor,430,135,,,,확정
person:아르카나,D1006,기준,관계,fl:sin_editor,430,135,,,person:레이블,확정
person:아르카나,D1007,변화,관계,fl:sin_editor,430,135,,,person:레이블,확정
person:아르카나,E1000,떡밥,재언급,fl:sin_editor,430,135,,,,확정
person:아르카나,F2383,사실,정의,fl:sin_editor,430,135,,,,확정
person:아르카나,F2385,사실,정의,fl:sin_editor,430,135,,,,확정
person:아르카나,F2465,사실,정의,ch44,436,138,,,,확정
person:아르카나,D1699,변화,관계,fl:2x2_love_1ch,444,141,,,person:지휘관,확정
person:아르카나,D1700,변화,성격,fl:2x2_love_1ch,444,141,,,,확정
person:아르카나,D1701,기준,관계,fl:2x2_love_1ch,444,141,,,person:에이미,확정
person:아르카나,D1709,변화,관계,fl:2x2_love_1ch,444,141,,,person:지휘관,확정
person:아르카나,D1710,변화,관계,fl:2x2_love_1ch,444,141,,,person:지휘관,확정
person:아르카나,D1711,변화,신념,fl:2x2_love_1ch,444,141,,,,확정
person:아르카나,D1712,변화,성격,fl:2x2_love_1ch,444,141,,,,확정
person:아르카나,D1713,변화,관계,fl:2x2_love_1ch,444,141,,,person:지휘관,확정
person:아르카나,D1714,변화,관계,fl:2x2_love_1ch,444,141,,,person:지휘관,확정
person:아르카나,E1483,떡밥,암시,fl:2x2_love_1ch,444,141,,,,확정
person:아르카나,E1484,떡밥,재언급,fl:2x2_love_1ch,444,141,,,,확정
person:아르카나,E1487,떡밥,재언급,fl:2x2_love_1ch,444,141,,,,확정
person:아르카나,E1489,떡밥,재언급,fl:2x2_love_1ch,444,141,,,,확정
person:아르카나,E1490,떡밥,재언급,fl:2x2_love_1ch,444,141,,,,확정
person:아르카나,E1491,떡밥,암시,fl:2x2_love_1ch,444,141,,,,확정
person:아르카나,E1494,떡밥,암시,fl:2x2_love_1ch,444,141,,,,확정
person:아르카나,E1495,떡밥,암시,fl:2x2_love_1ch,444,141,,,,확정
person:아르카나,E1496,떡밥,재언급,fl:2x2_love_1ch,444,141,,,,확정
person:아르카나,E1497,떡밥,재언급,fl:2x2_love_1ch,444,141,,,,확정
person:아르카나,E1499,떡밥,재언급,fl:2x2_love_1ch,444,141,,,,확정
person:아르카나,E1501,떡밥,암시,fl:2x2_love_1ch,444,141,,,,확정
person:아르카나,E1502,떡밥,재언급,fl:2x2_love_1ch,444,141,,,,확정
person:아르카나,E1503,떡밥,암시,fl:2x2_love_1ch,444,141,,,,확정
person:아르카나,E1504,떡밥,재언급,fl:2x2_love_1ch,444,141,,,,확정
person:아르카나,E1505,떡밥,재언급,fl:2x2_love_1ch,444,141,,,,확정
person:아르카나,E1506,떡밥,재언급,fl:2x2_love_1ch,444,141,,,,확정
person:아르카나,F2509,사실,정의,fl:2x2_love_1ch,444,141,,,,확정
person:아르카나,F2510,사실,정의,fl:2x2_love_1ch,444,141,,,,확정
person:아르카나,F2513,사실,정의,fl:2x2_love_1ch,444,141,,,,확정
person:아르카나,F2514,사실,정의,fl:2x2_love_1ch,444,141,,,,확정
person:아르카나,F2519,사실,정의,fl:2x2_love_1ch,444,141,,,,확정
person:아르카나,F2520,사실,정의,fl:2x2_love_1ch,444,141,,,,확정
person:아르카나,F2521,사실,정의,fl:2x2_love_1ch,444,141,,,,확정
person:아르카나,F2522,사실,정의,fl:2x2_love_1ch,444,141,,,,확정
person:아르카나,F2523,사실,정의,fl:2x2_love_1ch,444,141,,,,확정
person:아르카나,Q329,의문,정의,fl:2x2_love_1ch,444,141,풀림,J55,,확정
person:아르카나,D1726,변화,성격,fl:2x2_love_2ch,445,141,,,,확정
person:아르카나,D1727,변화,관계,fl:2x2_love_2ch,445,141,,,person:지휘관,확정
person:아르카나,D1728,변화,관계,fl:2x2_love_2ch,445,141,,,person:지휘관,확정
person:아르카나,D1729,변화,관계,fl:2x2_love_2ch,445,141,,,person:지휘관,확정
person:아르카나,D1730,변화,관계,fl:2x2_love_2ch,445,141,,,person:지휘관,확정
person:아르카나,E1509,떡밥,재언급,fl:2x2_love_2ch,445,141,,,,확정
person:아르카나,E1514,떡밥,재언급,fl:2x2_love_2ch,445,141,,,,확정
person:아르카나,E1515,떡밥,재언급,fl:2x2_love_2ch,445,141,,,,확정
person:아르카나,E1517,떡밥,재언급,fl:2x2_love_2ch,445,141,,,,확정
person:아르카나,E1518,떡밥,재언급,fl:2x2_love_2ch,445,141,,,,확정
person:아르카나,E1519,떡밥,재언급,fl:2x2_love_2ch,445,141,,,,확정
person:아르카나,E1521,떡밥,재언급,fl:2x2_love_2ch,445,141,,,,확정
person:아르카나,F2523-2,사건,드러냄,fl:2x2_love_2ch,445,141,,,,확정
person:아르카나,F2532,사실,정의,fl:2x2_love_2ch,445,141,,,,확정
person:아르카나,F2533,사실,정의,fl:2x2_love_2ch,445,141,,,,확정
person:아르카나,F2534,사실,정의,fl:2x2_love_2ch,445,141,,J55,,확정
person:아르카나,F2535,사실,정의,fl:2x2_love_2ch,445,141,,,,확정
person:아르카나,F2536,사실,정의,fl:2x2_love_2ch,445,141,,,,확정
person:아르카나,Q329-2,사건,회수,fl:2x2_love_2ch,445,141,,,,확정
person:아르카나,Q329-3,사건,회수,fl:2x2_love_2ch,445,141,,,,확정
person:아르카나,D2210,변화,신념,char:583,446,141,,,,확정
person:아르카나,D2211,변화,관계,char:583,446,141,,,person:지휘관,확정
person:아르카나,F2537,사실,정의,char:583,446,141,,,,확정
person:아르카나,F2538,사실,정의,char:583,446,141,,,,확정
person:아르카나,O200,마무리,관계,char:583,446,141,H24,,,확정
person:아르카나,O205,마무리,성장,char:583,446,141,H24,,,확정
person:아르카나,D1135,변화,신념,ch45,450,143,,,,확정
person:아르카나,F2609,사실,정의,ch45,450,143,,J7,,확정
person:아르카나,F2662,사실,정의,ch46,452,144,,,,확정
person:아리아,F456,사실,정의,char:430,89,17,,,,확정
person:아리아,D1868,기준,성격,char:432,116,17,,,,확정
person:아리아,D1869,기준,관계,char:432,116,17,,,person:지휘관,확정
person:아리아,D1870,기준,신념,char:432,116,17,,,,확정
person:아리아,D1871,변화,신념,char:432,116,17,,,,확정
person:아리아,D1872,변화,관계,char:432,116,17,,,person:지휘관,확정
person:아리아,F598,사실,정의,char:432,116,17,,,,확정
person:아리아,F599,사실,정의,char:432,116,17,,,,확정
person:아리아,F2095,사실,정의,ch40,398,119,,,,확정
person:아비스타,F1817,사실,정의,ch36,360,102,,,,확정
person:아비스타,F1818,사실,정의,ch36,360,102,,,,확정
person:아비스타,F1859,사실,정의,ch37,373,108,,J7,,확정
person:아비스타,F1861,사실,정의,ch37,373,108,,,,확정
person:아비스타,F1876,사실,정의,ch38,375,109,,,,확정
person:아비스타,D774,기준,관계,ch39,396,118,,,person:아니스,확정
person:아비스타,D777,변화,신체,ch39,396,118,,,,확정
person:아비스타,D778,기준,신념,ch39,396,118,,,,확정
person:아비스타,D779,관계 상대,관계,ch39,396,118,,,person:아니스,확정
person:아비스타,F2063,사실,정의,ch39,396,118,,,,확정
person:아비스타,F2066,사실,정의,ch39,396,118,,J24,,확정
person:아비스타,U310,생활상,일상 · 문화,ch39,396,118,,,,확정
person:아비스타,U311,생활상,기술,ch39,396,118,,,,확정
person:아비스타,D799,관계 상대,관계,ch40,398,119,,,person:아니스,확정
person:아비스타,F2094,사실,정의,ch40,398,119,,,,확정
person:아비스타,O33,마무리,관계,ch40,398,119,,,,확정
person:아비스타,D866,관계 상대,관계,ch41,414,127,,,person:프리카,확정
person:아비스타,E905,떡밥,재언급,ch41,414,127,,,,확정
person:아비스타,E918,떡밥,재언급,ch42,416,128,,,,확정
person:아비스타,F2240,사실,정의,ch42,416,128,,,,확정
person:아비스타,F2241,사실,정의,ch42,416,128,,,,확정
person:아비스타,F2460,사실,정의,ch44,436,138,,,,확정
person:아비스타,D1241,변화,소속,event_staranis1,454,144,,,,확정
person:아비스타,F2066-2,사건,드러냄,event_staranis1,454,144,,,,확정
person:아비스타,F2668,사실,정의,event_staranis1,454,144,,,,확정
person:아비스타,F2708,사실,정의,event_staranis1,454,144,,,,확정
person:아비스타,D2215,기준,관계,char:441,456,144,,,person:지휘관,확정
person:아비스타,F2712,사실,정의,char:441,456,144,,,,확정
person:아비스타,F2713,사실,정의,char:441,456,144,,,,확정
person:아비스타,F2716,사실,정의,fl:b-side_idol,458,146,,,,확정
person:아비스타,F2720,사실,정의,char:600,459,146,,,,확정
person:아비스타,E1534,떡밥,재언급,fl:bitter_spice,460,147,,,,확정
person:아서,F2559,사실,정의,side:pretty_star,447,142,,J6,,확정
person:아서,F2653,사실,정의,ch46,452,144,,,,확정
person:아스카,Q210,의문,정의,char:833,321,83,열림,J55,,확정
person:아스카,D2121,기준,성격,char:830,322,83,,,,확정
person:아스카,D2122,관계 상대,관계,char:830,322,83,,,person:츠바이,확정
person:아스카,F1598,사실,정의,char:830,322,83,,,,확정
person:아스카,D2151,변화,성격,char:835,363,102,,,,확정
person:아스카,D2152,변화,관계,char:835,363,102,,,person:트로니,확정
person:아스카,F1823,사실,정의,char:835,363,102,,,,확정
person:아이기스,D1760,기준,신념,fl:persona_on_frontline,474,154,,,,확정
person:아이기스,D1761,기준,관계,fl:persona_on_frontline,474,154,,,,확정
person:아이기스,E1578,떡밥,재언급,fl:persona_on_frontline,474,154,,,,확정
person:아이기스,E1579,떡밥,암시,fl:persona_on_frontline,474,154,,,,확정
person:아이기스,E1581,떡밥,암시,fl:persona_on_frontline,474,154,,,,확정
person:아이기스,F2854,사실,정의,fl:persona_on_frontline,474,154,,,,확정
person:아이기스,F2858,사실,정의,fl:persona_on_frontline,474,154,,,,확정
person:아이기스,F2863,사실,정의,fl:persona_on_frontline,474,154,,,,확정
person:아이기스,D2228,변화,관계,char:872,475,154,,,person:라이,확정
person:아이기스,F2869,사실,정의,char:872,475,154,,,,확정
person:아이리,F1817,사실,정의,ch36,360,102,,,,확정
person:아이리,F1818,사실,정의,ch36,360,102,,,,확정
person:아이리,D649,기준,관계,ch37,373,108,,,person:도로시,확정
person:아이리,E650,떡밥,암시,ch37,373,108,,,,확정
person:아이리,F1860,사실,정의,ch37,373,108,,,,확정
person:아이리,F1861,사실,정의,ch37,373,108,,,,확정
person:아이리,F1876,사실,정의,ch38,375,109,,,,확정
person:아이리,E811,떡밥,재언급,ch39,396,118,,,,확정
person:아이리,D1072,기준,성격,ch44,436,138,,,,확정
person:아이리,F2465,사실,정의,ch44,436,138,,,,확정
person:아이리,D1134,기준,신념,ch45,450,143,,,,확정
person:아이리,F2609,사실,정의,ch45,450,143,,J7,,확정
person:아이리,D1176,관계 상대,관계,ch46,452,144,,,person:잉그리드,확정
person:아이리,E1111,떡밥,재언급,ch46,452,144,,,,확정
person:아이리,F2639,사실,정의,ch46,452,144,,,,확정
person:아이리,F2662,사실,정의,ch46,452,144,,,,확정
person:아인,D2027,기준,성격,char:392,203,36,,,,확정
person:아인,F943,사실,정의,char:392,203,36,,,,확정
person:아인,D1564,기준,관계,event_juveniledays,317,81,,,person:츠바이 person:라이,확정
person:아인,D1565,변화,관계,event_juveniledays,317,81,,,person:츠바이 person:라이,확정
person:아인,D1566,변화,관계,event_juveniledays,317,81,,,person:츠바이 person:라이,확정
person:아인,D1567,기준,관계,event_juveniledays,317,81,,,person:지휘관,확정
person:아인,D1568,기준,관계,event_juveniledays,317,81,,,person:루피,확정
person:아인,D1569,기준,신념,event_juveniledays,317,81,,,,확정
person:아인,D1570,관계 상대,관계,event_juveniledays,317,81,,,person:루피,확정
person:아인,D1571,관계 상대,관계,event_juveniledays,317,81,,,person:츠바이,확정
person:아인,D1572,관계 상대,관계,event_juveniledays,317,81,,,person:라이,확정
person:아인,E1379,떡밥,암시,event_juveniledays,317,81,,,,확정
person:아인,E1381,떡밥,암시,event_juveniledays,317,81,,,,확정
person:아인,F1575,사실,정의,event_juveniledays,317,81,,,,확정
person:아인,F1576,사실,정의,event_juveniledays,317,81,,,,확정
person:아인,F1577,사실,정의,event_juveniledays,317,81,,,,확정
person:아인,F1578,사실,정의,event_juveniledays,317,81,,,,확정
person:아인,F1579,사실,정의,event_juveniledays,317,81,,,,확정
person:아인,D2116,변화,신념,char:391,318,81,,,,확정
person:아인,D2117,관계 상대,관계,char:391,318,81,,,person:루피,확정
person:아인,F1580,사실,정의,char:391,318,81,,,,확정
person:아인,F1581,사실,정의,char:391,318,81,,,,확정
person:아인,F1582,사실,정의,char:391,318,81,,,,확정
person:아인,D1576,관계 상대,관계,event_colorless,319,82,,,person:츠바이,확정
person:아인,F1588,사실,정의,event_colorless,319,82,,,,확정
person:아인,F1589,사실,정의,event_colorless,319,82,,,,확정
person:아인,F1590,사실,정의,event_colorless,319,82,,,,확정
person:아인,O148,마무리,관계,event_colorless,319,82,,,,확정
person:아인,D2124,변화,관계,char:831,323,84,,,person:레이,확정
person:아인,F1599,사실,정의,char:831,323,84,,,,확정
person:아인,F1601,사실,정의,char:832,324,85,,,,확정
person:아인,F1766,사실,정의,event_outofuniform,351,97,,,,확정
person:아인,E1420,떡밥,재언급,fl:for_rest,365,104,,,,확정
person:아인,F2510,사실,정의,fl:2x2_love_1ch,444,141,,,,확정
person:아인,D1725,변화,관계,fl:2x2_love_2ch,445,141,,,person:지휘관,확정
person:아인,F2529,사실,정의,fl:2x2_love_2ch,445,141,,,,확정
person:아인,F2533,사실,정의,fl:2x2_love_2ch,445,141,,,,확정
person:아크레인저_레드,F1476,사실,정의,event_darkhero,298,74,,,,확정
person:아크레인저_레드,D1251,관계 상대,관계,fl:ark_ranger,462,148,,,person:아크레인저_블랙,확정
person:아크레인저_레드,D1256,기준,성격,fl:ark_ranger,462,148,,,,확정
person:아크레인저_레드,D1257,기준,신념,fl:ark_ranger,462,148,,,,확정
person:아크레인저_레드,D1258,기준,관계,fl:ark_ranger,462,148,,,person:아크레인저_블랙,확정
person:아크레인저_레드,D1259,변화,관계,fl:ark_ranger,462,148,,,person:아크레인저_블랙,확정
person:아크레인저_레드,D1260,변화,신념,fl:ark_ranger,462,148,,,,확정
person:아크레인저_레드,E1168,떡밥,암시,fl:ark_ranger,462,148,,,,확정
person:아크레인저_레드,E1169,떡밥,암시,fl:ark_ranger,462,148,,,,확정
person:아크레인저_레드,E1173,떡밥,재언급,fl:ark_ranger,462,148,,,,확정
person:아크레인저_레드,F1476-2,사건,드러냄,fl:ark_ranger,462,148,,,,확정
person:아크레인저_레드,F2726,사실,정의,fl:ark_ranger,462,148,,,,확정
person:아크레인저_레드,F2727,사실,정의,fl:ark_ranger,462,148,,,,확정
person:아크레인저_레드,F2728,사실,정의,fl:ark_ranger,462,148,,,,확정
person:아크레인저_레드,F2729,사실,정의,fl:ark_ranger,462,148,,,,확정
person:아크레인저_레드,F2732,사실,정의,fl:ark_ranger,462,148,,,,확정
person:아크레인저_레드,F2743,사실,정의,fl:ark_ranger,462,148,,,,확정
person:아크레인저_블랙,E345,떡밥,암시,event_boomsday,280,66,,,,확정
person:아크레인저_블랙,E347,떡밥,암시,event_boomsday,280,66,,,,확정
person:아크레인저_블랙,D481,기준,신념,event_darkhero,298,74,,,,확정
person:아크레인저_블랙,E414,떡밥,암시,event_darkhero,298,74,,,,확정
person:아크레인저_블랙,F1475,사실,정의,event_darkhero,298,74,,,,확정
person:아크레인저_블랙,F1476,사실,정의,event_darkhero,298,74,,,,확정
person:아크레인저_블랙,F1823,사실,정의,char:835,363,102,,,,확정
person:아크레인저_블랙,D1242,기준,성격,fl:ark_ranger,462,148,,,,확정
person:아크레인저_블랙,D1243,변화,신념,fl:ark_ranger,462,148,,,,확정
person:아크레인저_블랙,D1244,변화,신념,fl:ark_ranger,462,148,,,,확정
person:아크레인저_블랙,D1245,변화,신념,fl:ark_ranger,462,148,,,,확정
person:아크레인저_블랙,D1246,변화,신념,fl:ark_ranger,462,148,,,,확정
person:아크레인저_블랙,D1247,변화,신체,fl:ark_ranger,462,148,,,,확정
person:아크레인저_블랙,D1248,변화,신체,fl:ark_ranger,462,148,,,,확정
person:아크레인저_블랙,D1249,기준,관계,fl:ark_ranger,462,148,,,person:아니스,확정
person:아크레인저_블랙,D1250,변화,신념,fl:ark_ranger,462,148,,,,확정
person:아크레인저_블랙,D1251,기준,관계,fl:ark_ranger,462,148,,,person:아크레인저_레드,확정
person:아크레인저_블랙,D1252,변화,신념,fl:ark_ranger,462,148,,,,확정
person:아크레인저_블랙,D1253,변화,신념,fl:ark_ranger,462,148,,,,확정
person:아크레인저_블랙,D1254,변화,소속,fl:ark_ranger,462,148,,,,확정
person:아크레인저_블랙,D1255,변화,관계,fl:ark_ranger,462,148,,,person:아니스,확정
person:아크레인저_블랙,D1258,관계 상대,관계,fl:ark_ranger,462,148,,,person:아크레인저_레드,확정
person:아크레인저_블랙,D1259,관계 상대,관계,fl:ark_ranger,462,148,,,person:아크레인저_레드,확정
person:아크레인저_블랙,D1263,관계 상대,관계,fl:ark_ranger,462,148,,,person:아크레인저_블루,확정
person:아크레인저_블랙,D1265,관계 상대,관계,fl:ark_ranger,462,148,,,person:머스탱,확정
person:아크레인저_블랙,D1266,관계 상대,관계,fl:ark_ranger,462,148,,,person:머스탱,확정
person:아크레인저_블랙,D1267,관계 상대,관계,fl:ark_ranger,462,148,,,person:루크,확정
person:아크레인저_블랙,D1268,관계 상대,관계,fl:ark_ranger,462,148,,,person:루크,확정
person:아크레인저_블랙,E1167,떡밥,암시,fl:ark_ranger,462,148,,,,확정
person:아크레인저_블랙,E1168,떡밥,암시,fl:ark_ranger,462,148,,,,확정
person:아크레인저_블랙,E1169,떡밥,암시,fl:ark_ranger,462,148,,,,확정
person:아크레인저_블랙,E1171,떡밥,암시,fl:ark_ranger,462,148,,,,확정
person:아크레인저_블랙,F1476-2,사건,드러냄,fl:ark_ranger,462,148,,,,확정
person:아크레인저_블랙,F2726,사실,정의,fl:ark_ranger,462,148,,,,확정
person:아크레인저_블랙,F2727,사실,정의,fl:ark_ranger,462,148,,,,확정
person:아크레인저_블랙,F2728,사실,정의,fl:ark_ranger,462,148,,,,확정
person:아크레인저_블랙,F2729,사실,정의,fl:ark_ranger,462,148,,,,확정
person:아크레인저_블랙,F2730,사실,정의,fl:ark_ranger,462,148,,,,확정
person:아크레인저_블랙,F2731,사실,정의,fl:ark_ranger,462,148,,,,확정
person:아크레인저_블랙,F2732,사실,정의,fl:ark_ranger,462,148,,,,확정
person:아크레인저_블랙,F2739,사실,정의,fl:ark_ranger,462,148,,,,확정
person:아크레인저_블랙,F2743,사실,정의,fl:ark_ranger,462,148,,,,확정
person:아크레인저_블랙,O211,마무리,성장,fl:ark_ranger,462,148,H25,,,확정
person:아크레인저_블랙,D2220,기준,관계,char:570,463,148,,,person:지휘관,확정
person:아크레인저_블랙,D2221,변화,관계,char:570,463,148,,,person:지휘관,확정
person:아크레인저_블랙,F2746,사실,정의,char:570,463,148,,,,확정
person:아크레인저_블루,D1261,기준,성격,fl:ark_ranger,462,148,,,,확정
person:아크레인저_블루,D1262,기준,신념,fl:ark_ranger,462,148,,,,확정
person:아크레인저_블루,D1263,기준,관계,fl:ark_ranger,462,148,,,person:아크레인저_블랙,확정
person:아크레인저_블루,D1264,변화,신념,fl:ark_ranger,462,148,,,,확정
person:아크레인저_블루,E1174,떡밥,재언급,fl:ark_ranger,462,148,,,,확정
person:아크레인저_블루,F2726,사실,정의,fl:ark_ranger,462,148,,,,확정
person:아크레인저_블루,F2727,사실,정의,fl:ark_ranger,462,148,,,,확정
person:아크레인저_블루,F2743,사실,정의,fl:ark_ranger,462,148,,,,확정
person:아트,D725,관계 상대,관계,event_ce006,387,113,,,person:콤,확정
person:아트,D728,관계 상대,관계,event_ce006,387,113,,,person:콤,확정
person:아트,D735,변화,신체,event_ce006,387,113,,,,확정
person:아트,D736,기준,기억,event_ce006,387,113,,,,확정
person:아트,D737,변화,기억,event_ce006,387,113,,,,확정
person:아트,E763,떡밥,암시,event_ce006,387,113,,,,확정
person:아트,F1989,사실,정의,event_ce006,387,113,,,,확정
person:아트,F1990,사실,정의,event_ce006,387,113,,,,확정
person:아트,F1992,사실,정의,event_ce006,387,113,,,,확정
person:아트,F1994,사실,정의,event_ce006,387,113,,,,확정
person:아트,F1995,사실,정의,event_ce006,387,113,,J57,,확정
person:아트,F2002,사실,정의,event_ce006,387,113,,,,확정
person:아트,F2885,사실,정의,event_ce006,387,113,,,,확정
person:안젤리나,D1417,관계 상대,관계,event_miraclesnow1,153,21,,,person:앤,확정
person:안젤리나,E1290,떡밥,암시,event_miraclesnow1,153,21,,,,확정
person:안젤리나,E1292,떡밥,암시,event_miraclesnow1,153,21,,,,확정
person:안젤리나,F727,사실,정의,event_miraclesnow1,153,21,,,,확정
person:안젤리나,F728,사실,정의,event_miraclesnow1,153,21,,,,확정
person:안젤리나,F729,사실,정의,event_miraclesnow1,153,21,,,,확정
person:안젤리나,F730,사실,정의,event_miraclesnow1,153,21,,,,확정
person:알콜러버,F382,사실,정의,sub:알콜러버_00,145,19,,,,확정
person:알프레드,E786,떡밥,암시,fl:boom_the_ghost,393,116,,,,확정
person:알프레드,E787,떡밥,암시,fl:boom_the_ghost,393,116,,,,확정
person:알프레드,F2024,사실,정의,fl:boom_the_ghost,393,116,,,,확정
person:알프레드,F2026,사실,정의,fl:boom_the_ghost,393,116,,,,확정
person:알프레드,F2027,사실,정의,fl:boom_the_ghost,393,116,,,,확정
person:알프레드,F2028,사실,정의,fl:boom_the_ghost,393,116,,,,확정
person:알프레드,F2029,사실,정의,fl:boom_the_ghost,393,116,,,,확정
person:알프레드,F2036,사실,정의,fl:boom_the_ghost,393,116,,,,확정
person:애니힐리오,F2737,사실,정의,fl:ark_ranger,462,148,,,,확정
person:애니힐리오,F2742,사실,정의,fl:ark_ranger,462,148,,,,확정
person:애니힐리오,F2743,사실,정의,fl:ark_ranger,462,148,,,,확정
person:애니힐리오,F2744,사실,정의,fl:ark_ranger,462,148,,,,확정
person:애니힐리오,Q354,의문,정의,fl:ark_ranger,462,148,일부,J13,,확정
person:애니힐리오,Q356,의문,정의,fl:ark_ranger,462,148,열림,J13,,확정
person:애니힐리오,E1225,떡밥,암시,ch47,470,153,,,,확정
person:애니힐리오,F2814,사실,정의,ch47,470,153,,J13,,확정
person:애니힐리오,F2816,사실,정의,ch47,470,153,,,,확정
person:애니힐리오,Q354-2,사건,회수,ch47,470,153,,,,확정
person:애니힐리오,E1227,떡밥,재언급,ch48,472,154,,,,확정
person:애니힐리오,F2824,사실,정의,ch48,472,154,,,,확정
person:애니힐리오,F2842,사실,정의,ch48,472,154,,,,확정
person:애니힐리오,F2843,사실,정의,ch48,472,154,,J20,,확정
person:애드미,D117,기준,성격,ch14,69,15,,,,확정
person:애드미,F364,사실,정의,ch14,69,15,,,,확정
person:애드미,D1873,기준,신념,char:172,117,17,,,,확정
person:애드미,D1874,기준,관계,char:172,117,17,,,person:지휘관,확정
person:애드미,D1875,변화,관계,char:172,117,17,,,person:지휘관,확정
person:애드미,D1876,기준,기억,char:172,117,17,,,,확정
person:애드미,D1877,변화,신념,char:172,117,17,,,,확정
person:애드미,D1878,변화,관계,char:172,117,17,,,person:지휘관,확정
person:애드미,D1879,관계 상대,관계,char:172,117,17,,,person:율하,확정
person:애드미,F601,사실,정의,char:172,117,17,,,,확정
person:애드미,F602,사실,정의,char:172,117,17,,,,확정
person:애드미,F603,사실,정의,char:172,117,17,,,,확정
person:애드미,F627,사실,정의,char:171,126,17,,,,확정
person:애드미,F652,사실,정의,char:170,133,17,,,,확정
person:애드미,F817,사실,정의,char:800,178,30,,,,확정
person:애드미,F900,사실,정의,sub:중앙정부_트라이앵글_00,218,43,,,,확정
person:애드미,F1593,사실,정의,char:390,320,82,,,,확정
person:애드미,F1594,사실,정의,char:390,320,82,,,,확정
person:앤,D1947,기준,성격,char:120,137,17,,,,확정
person:앤,D1948,기준,기억,char:120,137,17,,,,확정
person:앤,D1949,기준,관계,char:120,137,17,,,person:지휘관,확정
person:앤,D1950,변화,관계,char:120,137,17,,,person:지휘관,확정
person:앤,D1951,변화,기억,char:120,137,17,,,,확정
person:앤,D1952,변화,소속,char:120,137,17,,,,확정
person:앤,D1953,변화,관계,char:120,137,17,,,person:지휘관,확정
person:앤,E1596,떡밥,암시,char:120,137,17,,,,확정
person:앤,E1597,떡밥,암시,char:120,137,17,,,,확정
person:앤,D1416,변화,기억,event_miraclesnow1,153,21,,,,확정
person:앤,D1417,변화,관계,event_miraclesnow1,153,21,,,person:안젤리나,확정
person:앤,D1418,관계 상대,관계,event_miraclesnow1,153,21,,,person:루피,확정
person:앤,E1290,떡밥,암시,event_miraclesnow1,153,21,,,,확정
person:앤,E1293,떡밥,암시,event_miraclesnow1,153,21,,,,확정
person:앤,E1294,떡밥,암시,event_miraclesnow1,153,21,,,,확정
person:앤,F724,사실,정의,event_miraclesnow1,153,21,,,,확정
person:앤,F726,사실,정의,event_miraclesnow1,153,21,,,,확정
person:앤,F727,사실,정의,event_miraclesnow1,153,21,,,,확정
person:앤,F729,사실,정의,event_miraclesnow1,153,21,,,,확정
person:앤,F730,사실,정의,event_miraclesnow1,153,21,,,,확정
person:앤,D1974,변화,성격,char:121,156,22,,,,확정
person:앤,D1975,변화,기억,char:121,156,22,,,,확정
person:앤,F734,사실,정의,char:121,156,22,,,,확정
person:앨든,E1467,떡밥,암시,fl:fatal_maid,432,136,,,,확정
person:앨든,E1468,떡밥,재언급,fl:fatal_maid,432,136,,,,확정
person:앨든,E1469,떡밥,재언급,fl:fatal_maid,432,136,,,,확정
person:앨든,D1768,기준,관계,fl:persona_on_frontline,474,154,,,person:지휘관,확정
person:앨든,D1769,변화,관계,fl:persona_on_frontline,474,154,,,person:지휘관,확정
person:앨든,D1770,변화,관계,fl:persona_on_frontline,474,154,,,person:지휘관,확정
person:앨든,D1771,기준,성격,fl:persona_on_frontline,474,154,,,,확정
person:앨든,D1772,변화,성격,fl:persona_on_frontline,474,154,,,,확정
person:앨든,E1562,떡밥,재언급,fl:persona_on_frontline,474,154,,,,확정
person:앨든,E1563,떡밥,암시,fl:persona_on_frontline,474,154,,,,확정
person:앨든,E1564,떡밥,재언급,fl:persona_on_frontline,474,154,,,,확정
person:앨든,E1566,떡밥,재언급,fl:persona_on_frontline,474,154,,,,확정
person:앨든,E1568,떡밥,암시,fl:persona_on_frontline,474,154,,,,확정
person:앨든,E1573,떡밥,재언급,fl:persona_on_frontline,474,154,,,,확정
person:앨든,E1580,떡밥,재언급,fl:persona_on_frontline,474,154,,,,확정
person:앨든,F2855,사실,정의,fl:persona_on_frontline,474,154,,,,확정
person:앨든,F2859,사실,정의,fl:persona_on_frontline,474,154,,,,확정
person:앨든,F2860,사실,정의,fl:persona_on_frontline,474,154,,,,확정
person:앨든,F2862,사실,정의,fl:persona_on_frontline,474,154,,,,확정
person:앨든,F2864,사실,정의,fl:persona_on_frontline,474,154,,,,확정
person:앨든,F2865,사실,정의,fl:persona_on_frontline,474,154,,,,확정
person:앨든,F2866,사실,정의,fl:persona_on_frontline,474,154,,,,확정
person:앨든,F2868,사실,정의,fl:persona_on_frontline,474,154,,,,확정
person:앨든,Q372,의문,정의,fl:persona_on_frontline,474,154,열림,J60,,확정
person:앨리스,D56,관계 상대,관계,ch05,20,6,,,person:루드밀라,확정
person:앨리스,D58,기준,성격,ch05,20,6,,,,확정
person:앨리스,E41,떡밥,암시,ch05,20,6,,,,확정
person:앨리스,F97,사실,정의,ch05,20,6,,,,확정
person:앨리스,F100,사실,정의,ch05,20,6,,,,확정
person:앨리스,Q22,의문,정의,ch05,20,6,일부,J40,,확정
person:앨리스,F114,사실,정의,ch06,26,7,,,,확정
person:앨리스,F115,사실,정의,ch06,26,7,,,,확정
person:앨리스,F452,사실,정의,char:232,88,17,,,,확정
person:앨리스,D1880,기준,관계,char:191,118,17,,,person:지휘관,확정
person:앨리스,D1881,기준,신념,char:191,118,17,,,,확정
person:앨리스,D1882,변화,신념,char:191,118,17,,,,확정
person:앨리스,D1883,변화,관계,char:191,118,17,,,person:지휘관,확정
person:앨리스,D1884,기준,기억,char:191,118,17,,,,확정
person:앨리스,F604,사실,정의,char:191,118,17,,J40,,확정
person:앨리스,F605,사실,정의,char:191,118,17,,,,확정
person:앨리스,F606,사실,정의,char:191,118,17,,,,확정
person:앨리스,F607,사실,정의,char:191,118,17,,,,확정
person:앨리스,Q22-2,사건,회수,char:191,118,17,,,,확정
person:앨리스,F731,사실,정의,char:193,154,21,,,,확정
person:앨리스,F1206,사실,정의,event_alonesurvivor,256,56,,,,확정
person:앨리스,F1209,사실,정의,char:192,257,56,,,,확정
person:앨리스,D1555,기준,관계,event_goldencoinrush1,300,75,,,person:소다,확정
person:앨리스,E1370,떡밥,암시,event_goldencoinrush1,300,75,,,,확정
person:앨리스,F1483,사실,정의,event_goldencoinrush1,300,75,,,,확정
person:앨리스,F1487,사실,정의,event_goldencoinrush1,300,75,,,,확정
person:앨리스,F1490,사실,정의,event_goldencoinrush1,300,75,,,,확정
person:앨리스,D2110,변화,신념,char:195,302,76,,,,확정
person:앨리스,D2111,변화,관계,char:195,302,76,,,person:소다,확정
person:앨리스,F1494,사실,정의,char:195,302,76,,,,확정
person:앨리스,F1495,사실,정의,char:195,302,76,,,,확정
person:앨리스,O142,마무리,성장,char:195,302,76,,,,확정
person:앨트루이아,D1045,기준,성격,ch44,436,138,,,,확정
person:앨트루이아,D1046,기준,신념,ch44,436,138,,,,확정
person:앨트루이아,D1047,기준,관계,ch44,436,138,,,person:퀸,확정
person:앨트루이아,F2431,사실,정의,ch44,436,138,,,,확정
person:앨트루이아,F2432,사실,정의,ch44,436,138,,,,확정
person:앨트루이아,F2433,사실,정의,ch44,436,138,,,,확정
person:앨트루이아,F2434,사실,정의,ch44,436,138,,,,확정
person:앨트루이아,F2617,사실,정의,ch46,452,144,,J13,,확정
person:앨트루이아,D1351,기준,관계,ch48,472,154,,,person:라푼젤,확정
person:앨트루이아,E1234,떡밥,재언급,ch48,472,154,,,,확정
person:앨트루이아,F2824,사실,정의,ch48,472,154,,,,확정
person:앨트루이아,F2840,사실,정의,ch48,472,154,,,,확정
person:앨트루이아,F2841,사실,정의,ch48,472,154,,,,확정
person:앵커,D1957,관계 상대,관계,char:352,139,18,,,person:헬름,확정
person:앵커,D1962,기준,성격,char:352,139,18,,,,확정
person:앵커,D1963,기준,관계,char:352,139,18,,,person:헬름,확정
person:앵커,F670,사실,정의,char:352,139,18,,,,확정
person:앵커,F672,사실,정의,char:352,139,18,,,,확정
person:앵커,F1042,사실,정의,event_goldenship,224,44,,,,확정
person:앵커,F1043,사실,정의,event_goldenship,224,44,,,,확정
person:앵커,F1045,사실,정의,event_goldenship,224,44,,,,확정
person:앵커,D1457,관계 상대,관계,event_seayouagain1,226,45,,,person:헬름,확정
person:앵커,F1048,사실,정의,event_seayouagain1,226,45,,,,확정
person:앵커,F1053,사실,정의,event_seayouagain1,226,45,,,,확정
person:앵커,F1054,사실,정의,event_seayouagain1,226,45,,,,확정
person:앵커,F1056,사실,정의,event_seayouagain1,226,45,,,,확정
person:앵커,D2051,기준,기억,char:351,228,45,,,,확정
person:앵커,D2052,변화,기억,char:351,228,45,,,,확정
person:앵커,D2053,기준,신념,char:351,228,45,,,,확정
person:앵커,D2054,변화,신념,char:351,228,45,,,,확정
person:앵커,D2055,기준,관계,char:351,228,45,,,person:지휘관,확정
person:앵커,D2056,변화,관계,char:351,228,45,,,person:지휘관,확정
person:앵커,F1059,사실,정의,char:351,228,45,,,,확정
person:앵커,F1060,사실,정의,char:351,228,45,,,,확정
person:앵커,F1062,사실,정의,char:351,228,45,,,,확정
person:앵커,F1063,사실,정의,char:353,229,46,,,,확정
person:앵커,F1782,사실,정의,event_romanticvalentine,355,99,,,,확정
person:앵커,O159,마무리,관계,char:354,356,99,H19,,,확정
person:앵커,D2147,변화,관계,char:355,357,100,,,person:지휘관,확정
person:앵커,D2148,관계 상대,관계,char:355,357,100,,,person:마스트,확정
person:앵커,F1785,사실,정의,char:355,357,100,,,,확정
person:앵커,O161,마무리,관계,char:355,357,100,,,,확정
person:앵커,F2879,사실,정의,char:405,481,158,,,,확정
person:얀,D121,기준,성격,ch15,75,16,,,,확정
person:얀,F387,사실,정의,ch15,75,16,,,,확정
person:얀,D1365,관계 상대,관계,char:202,91,17,,,person:도라,확정
person:얀,F571,사실,정의,char:80,110,17,,,,확정
person:얀,D1885,기준,신념,char:201,119,17,,,,확정
person:얀,D1886,변화,관계,char:201,119,17,,,person:지휘관,확정
person:얀,F608,사실,정의,char:201,119,17,,,,확정
person:얀,F609,사실,정의,char:201,119,17,,,,확정
person:얀,F610,사실,정의,char:201,119,17,,,,확정
person:얀,D269,기준,관계,event_bluewaterisland,209,40,,,person:지휘관,확정
person:얀,F966,사실,정의,event_bluewaterisland,209,40,,,,확정
person:얀,F1001,사실,정의,sub:상인연합_달란트_00,215,43,,,,확정
person:얀,F1042,사실,정의,event_goldenship,224,44,,,,확정
person:얀,F1056,사실,정의,event_seayouagain1,226,45,,,,확정
person:얀,E1428,떡밥,재언급,fl:for_rest,365,104,,,,확정
person:얀,E784,떡밥,암시,fl:boom_the_ghost,393,116,,,,확정
person:얀,U302,생활상,경제,fl:boom_the_ghost,393,116,,,,확정
person:얀,F2041,사실,정의,char:502,395,117,,,,확정
person:언노운,F1316,사실,정의,ch28,275,66,,,,확정
person:언노운,F1317,사실,정의,ch28,275,66,,,,확정
person:언노운,F1318,사실,정의,ch28,275,66,,,,확정
person:언노운,Q170,의문,정의,ch28,275,66,풀림,J12,,확정
person:언노운,F1386,사실,정의,ch29,291,72,,,,확정
person:언노운,F1388,사실,정의,ch29,291,72,,,,확정
person:언노운,F1389,사실,정의,ch29,291,72,,,,확정
person:언노운,F1399,사실,정의,ch30,293,73,,J17,,확정
person:언노운,F1406,사실,정의,ch30,293,73,,,,확정
person:언노운,F1407,사실,정의,ch30,293,73,,,,확정
person:언노운,Q170-2,사건,회수,ch30,293,73,,,,확정
person:언노운,Q170-3,사건,회수,ch31,308,80,,,,확정
person:언노운,Q170-4,사건,회수,ch32,310,81,,,,확정
person:언노운,Q170-5,사건,회수,sub:관짝이_02,314,81,,,,확정
person:에고비스타,D1151,기준,성격,ch46,452,144,,,,확정
person:에고비스타,E1107,떡밥,암시,ch46,452,144,,,,확정
person:에고비스타,E1110,떡밥,암시,ch46,452,144,,,,확정
person:에고비스타,F2629,사실,정의,ch46,452,144,,,,확정
person:에고비스타,F2630,사실,정의,ch46,452,144,,,,확정
person:에고비스타,F2632,사실,정의,ch46,452,144,,,,확정
person:에고비스타,D1350,기준,관계,ch48,472,154,,,person:홍련,확정
person:에고비스타,E1235,떡밥,재언급,ch48,472,154,,,,확정
person:에고비스타,F2824,사실,정의,ch48,472,154,,,,확정
person:에고비스타,F2825,사실,정의,ch48,472,154,,,,확정
person:에고비스타,F2840,사실,정의,ch48,472,154,,,,확정
person:에고비스타,F2841,사실,정의,ch48,472,154,,,,확정
person:에닉,E6,떡밥,암시,ch01,2,2,,,,확정
person:에닉,E25,떡밥,암시,ch04,15,5,,,,확정
person:에닉,F78,사실,정의,ch04,15,5,,,,확정
person:에닉,F79,사실,정의,ch04,15,5,,,,확정
person:에닉,U21,생활상,방주 사회,ch04,15,5,,,,확정
person:에닉,F180,사실,정의,sub:고스트_00,22,6,,,,확정
person:에닉,E99,떡밥,암시,ch14,69,15,,,,확정
person:에닉,F375,사실,정의,ch14,69,15,,,,확정
person:에닉,F376,사실,정의,ch14,69,15,,J1 J16,,확정
person:에닉,F377,사실,정의,ch14,69,15,,,,확정
person:에닉,F378,사실,정의,ch14,69,15,,,,확정
person:에닉,Q70,의문,정의,ch14,69,15,열림,J16,,확정
person:에닉,F436,사실,정의,char:180,85,17,,,,확정
person:에닉,F464,사실,정의,char:20,90,17,,,,확정
person:에닉,F619,사실,정의,char:210,122,17,,,,확정
person:에닉,F641,사실,정의,char:110,129,17,,,,확정
person:에닉,F643,사실,정의,char:110,129,17,,,,확정
person:에닉,F699,사실,정의,ch18,146,20,,,,확정
person:에닉,F703,사실,정의,ch18,146,20,,,,확정
person:에닉,F723,사실,정의,event_miraclesnow1,153,21,,,,확정
person:에닉,F851,사실,정의,event_ltk,187,34,,,,확정
person:에닉,D223,기준,신념,ch22,195,36,,,,확정
person:에닉,D224,기준,성격,ch22,195,36,,,,확정
person:에닉,E167,떡밥,재언급,ch22,195,36,,,,확정
person:에닉,E175,떡밥,재언급,ch22,195,36,,,,확정
person:에닉,F376-2,사건,드러냄,ch22,195,36,,,,확정
person:에닉,F377-2,사건,드러냄,ch22,195,36,,,,확정
person:에닉,F882,사실,정의,ch22,195,36,,,,확정
person:에닉,F894,사실,정의,ch22,195,36,,J21,,확정
person:에닉,F895,사실,정의,ch22,195,36,,,,확정
person:에닉,F896,사실,정의,ch22,195,36,,,,확정
person:에닉,E184,떡밥,암시,relic:에닉탄핵포스터,199,36,,,,확정
person:에닉,F906,사실,정의,relic:에닉탄핵포스터,199,36,,,,확정
person:에닉,U146,생활상,방주 사회,relic:에닉탄핵포스터,199,36,,,,확정
person:에닉,F964,사실,정의,event_bluewaterisland,209,40,,,,확정
person:에닉,E220,떡밥,암시,ch23,214,43,,,,확정
person:에닉,F993,사실,정의,ch23,214,43,,J21,,확정
person:에닉,F996,사실,정의,ch23,214,43,,,,확정
person:에닉,E241,떡밥,암시,ch24,219,44,,,,확정
person:에닉,F1018,사실,정의,ch24,219,44,,,,확정
person:에닉,F1025,사실,정의,ch24,219,44,,,,확정
person:에닉,F1026,사실,정의,ch24,219,44,,,,확정
person:에닉,F1030,사실,정의,ch24,219,44,,,,확정
person:에닉,F1032,사실,정의,ch24,219,44,,J15,,확정
person:에닉,F1034,사실,정의,ch24,219,44,,J2,,확정
person:에닉,F1035,사실,정의,ch24,219,44,,,,확정
person:에닉,F1037,사실,정의,ch24,219,44,,,,확정
person:에닉,Q144,의문,정의,ch24,219,44,열림,J16,,확정
person:에닉,D310,변화,신념,ch25,241,54,,,,확정
person:에닉,D311,기준,관계,ch25,241,54,,,person:지휘관,확정
person:에닉,E258,떡밥,재언급,ch25,241,54,,,,확정
person:에닉,F1099,사실,정의,ch25,241,54,,,,확정
person:에닉,F1100,사실,정의,ch25,241,54,,J16,,확정
person:에닉,F1104,사실,정의,ch25,241,54,,,,확정
person:에닉,F1416,사실,정의,ch30,293,73,,,,확정
person:에닉,F1593,사실,정의,char:390,320,82,,,,확정
person:에닉,F1614,사실,정의,side:wordless,331,89,,,,확정
person:에닉,F1775,사실,정의,event_wisdomspring,353,98,,,,확정
person:에닉,E596,떡밥,재언급,ch35,358,101,,,,확정
person:에닉,E607,떡밥,재언급,ch35,358,101,,,,확정
person:에닉,F2002,사실,정의,event_ce006,387,113,,,,확정
person:에닉,F2038,사실,정의,fl:boom_the_ghost,393,116,,,,확정
person:에닉,F2058,사실,정의,ch39,396,118,,,,확정
person:에닉,Q267,의문,정의,ch39,396,118,일부,J16,,확정
person:에닉,F2058-2,사건,드러냄,ch40,398,119,,,,확정
person:에닉,F2209,사실,정의,ch41,414,127,,J17,,확정
person:에닉,Q293,의문,정의,ch41,414,127,풀림,J17,,확정
person:에닉,D890,변화,성격,ch42,416,128,,,,확정
person:에닉,D891,변화,성격,ch42,416,128,,,,확정
person:에닉,E922,떡밥,재언급,ch42,416,128,,,,확정
person:에닉,E925,떡밥,암시,ch42,416,128,,,,확정
person:에닉,F2232,사실,정의,ch42,416,128,,,,확정
person:에닉,F2234,사실,정의,ch42,416,128,,,,확정
person:에닉,F2235,사실,정의,ch42,416,128,,,,확정
person:에닉,F2236,사실,정의,ch42,416,128,,J16,,확정
person:에닉,F2237,사실,정의,ch42,416,128,,J17,,확정
person:에닉,F2238,사실,정의,ch42,416,128,,,,확정
person:에닉,F2243,사실,정의,ch42,416,128,,,,확정
person:에닉,Q267-2,사건,회수,ch42,416,128,,,,확정
person:에닉,Q293-2,사건,회수,ch42,416,128,,,,확정
person:에닉,U340,생활상,방주 사회,ch42,416,128,,,,확정
person:에닉,U342,생활상,방주 사회,ch42,416,128,,,,확정
person:에닉,U347,생활상,방주 사회,ch42,416,128,,,,확정
person:에닉,F2332,사실,정의,erelic:goddess_fall_mini,419,128,,J16,,확정
person:에닉,F2375,사실,정의,fl:ark_guardian,428,133,,J6,,확정
person:에닉,E997,떡밥,재언급,fl:sin_editor,430,135,,,,확정
person:에닉,F2382,사실,정의,fl:sin_editor,430,135,,,,확정
person:에닉,F2383,사실,정의,fl:sin_editor,430,135,,,,확정
person:에닉,Q313,의문,정의,fl:sin_editor,430,135,일부,J19,,확정
person:에닉,F2413,사실,정의,ch43,434,137,,J18,,확정
person:에닉,D1057,기준,관계,ch44,436,138,,,person:식스오,확정
person:에닉,F2443,사실,정의,ch44,436,138,,J17 J18,,확정
person:에닉,F2444,사실,정의,ch44,436,138,,J16 J17,,확정
person:에닉,F2445,사실,정의,ch44,436,138,,,,확정
person:에닉,F2446,사실,정의,ch44,436,138,,,,확정
person:에닉,F2458,사실,정의,ch44,436,138,,,,확정
person:에닉,F2459,사실,정의,ch44,436,138,,,,확정
person:에닉,F2464,사실,정의,ch44,436,138,,,,확정
person:에닉,F2543,사실,정의,side:pretty_star,447,142,,,,확정
person:에닉,F2555,사실,정의,side:pretty_star,447,142,,,,확정
person:에닉,D1133,변화,관계,ch45,450,143,,,person:이터니티,확정
person:에닉,D1141,변화,신념,ch45,450,143,,,,확정
person:에닉,F2443-2,사건,드러냄,ch45,450,143,,,,확정
person:에닉,F2543-2,사건,드러냄,ch45,450,143,,,,확정
person:에닉,F2576,사실,정의,ch45,450,143,,J17,,확정
person:에닉,F2578,사실,정의,ch45,450,143,,,,확정
person:에닉,F2579,사실,정의,ch45,450,143,,,,확정
person:에닉,F2583,사실,정의,ch45,450,143,,,,확정
person:에닉,F2584,사실,정의,ch45,450,143,,,,확정
person:에닉,F2585,사실,정의,ch45,450,143,,,,확정
person:에닉,F2586,사실,정의,ch45,450,143,,,,확정
person:에닉,F2588,사실,정의,ch45,450,143,,,,확정
person:에닉,F2590,사실,정의,ch45,450,143,,,,확정
person:에닉,F2591,사실,정의,ch45,450,143,,,,확정
person:에닉,F2592,사실,정의,ch45,450,143,,,,확정
person:에닉,F2593,사실,정의,ch45,450,143,,,,확정
person:에닉,F2595,사실,정의,ch45,450,143,,,,확정
person:에닉,F2596,사실,정의,ch45,450,143,,J17,,확정
person:에닉,F2597,사실,정의,ch45,450,143,,,,확정
person:에닉,F2601,사실,정의,ch45,450,143,,,,확정
person:에닉,F2607,사실,정의,ch45,450,143,,,,확정
person:에닉,F2608,사실,정의,ch45,450,143,,,,확정
person:에닉,Q313-2,사건,회수,ch45,450,143,,,,확정
person:에닉,F2646,사실,정의,ch46,452,144,,,,확정
person:에닉,F2656,사실,정의,ch46,452,144,,,,확정
person:에닉,F2658,사실,정의,ch46,452,144,,,,확정
person:에닉,F2659,사실,정의,ch46,452,144,,,,확정
person:에닉,E1153,떡밥,암시,event_staranis1,454,144,,,,확정
person:에닉,F2693,사실,정의,event_staranis1,454,144,,,,확정
person:에닉,F2700,사실,정의,event_staranis1,454,144,,,,확정
person:에닉,E1178,떡밥,재언급,fl:ark_ranger,462,148,,,,확정
person:에닉,F2235-2,사건,드러냄,fl:ark_ranger,462,148,,,,확정
person:에닉,F2735,사실,정의,fl:ark_ranger,462,148,,,,확정
person:에닉,F2736,사실,정의,fl:ark_ranger,462,148,,,,확정
person:에닉,F2737,사실,정의,fl:ark_ranger,462,148,,,,확정
person:에닉,F2741,사실,정의,fl:ark_ranger,462,148,,,,확정
person:에닉,F2745,사실,정의,fl:ark_ranger,462,148,,,,확정
person:에닉,U433,생활상,방주 사회,fl:ark_ranger,462,148,,,,확정
person:에닉,E1190,떡밥,재언급,fl:project_matis,467,151,,,,확정
person:에닉,F2774,사실,정의,fl:project_matis,467,151,,,,확정
person:에닉,F2779,사실,정의,fl:project_matis,467,151,,,,확정
person:에닉,F2780,사실,정의,fl:project_matis,467,151,,,,확정
person:에닉,D1323,변화,성격,ch47,470,153,,,,확정
person:에닉,D1324,변화,신념,ch47,470,153,,,,확정
person:에닉,F2809,사실,정의,ch47,470,153,,,,확정
person:에닉,F2818,사실,정의,ch47,470,153,,,,확정
person:에닉,F2819,사실,정의,ch47,470,153,,,,확정
person:에닉,F2820,사실,정의,ch47,470,153,,,,확정
person:에닉,O99,마무리,성장,ch47,470,153,,,,확정
person:에닉,Q363,의문,정의,ch47,470,153,풀림,J30,,확정
person:에닉,Q363-2,사건,회수,ch47,470,153,,,,확정
person:에밀리아,D2098,기준,성격,char:821,285,68,,,,확정
person:에밀리아,D2099,변화,신념,char:821,285,68,,,,확정
person:에이다,E875,떡밥,암시,fl:reborn_evil,407,124,,,,확정
person:에이다,E881,떡밥,재언급,fl:reborn_evil,407,124,,,,확정
person:에이다,F2128,사실,정의,fl:reborn_evil,407,124,,,,확정
person:에이다,F2136,사실,정의,fl:reborn_evil,407,124,,,,확정
person:에이다,F2137,사실,정의,fl:reborn_evil,407,124,,,,확정
person:에이다,F2141,사실,정의,fl:reborn_evil,407,124,,,,확정
person:에이다,D1644,변화,관계,char:840,408,124,,,person:지휘관,확정
person:에이다,E1438,떡밥,재언급,char:840,408,124,,,,확정
person:에이다,F2146,사실,정의,char:840,408,124,,,,확정
person:에이드,F807,사실,정의,event_maidinvalentine,175,28,,,,확정
person:에이드,F1089,사실,정의,char:451,238,52,,,,확정
person:에이드,D1523,기준,성격,event_perfectmaid,267,63,,,,확정
person:에이드,D1524,기준,신념,event_perfectmaid,267,63,,,,확정
person:에이드,D1525,변화,신념,event_perfectmaid,267,63,,,,확정
person:에이드,D1526,기준,관계,event_perfectmaid,267,63,,,person:지휘관,확정
person:에이드,D1527,변화,관계,event_perfectmaid,267,63,,,person:지휘관,확정
person:에이드,D1528,기준,관계,event_perfectmaid,267,63,,,person:프리바티,확정
person:에이드,D1529,변화,관계,event_perfectmaid,267,63,,,person:프리바티,확정
person:에이드,D1532,관계 상대,관계,event_perfectmaid,267,63,,,person:프리바티,확정
person:에이드,D1533,관계 상대,관계,event_perfectmaid,267,63,,,person:프리바티,확정
person:에이드,E1357,떡밥,암시,event_perfectmaid,267,63,,,,확정
person:에이드,F1273,사실,정의,event_perfectmaid,267,63,,,,확정
person:에이드,F1274,사실,정의,event_perfectmaid,267,63,,,,확정
person:에이드,F1275,사실,정의,event_perfectmaid,267,63,,,,확정
person:에이드,F1276,사실,정의,event_perfectmaid,267,63,,,,확정
person:에이드,F1278,사실,정의,event_perfectmaid,267,63,,,,확정
person:에이드,D2092,변화,성격,char:310,269,64,,,,확정
person:에이드,D2093,변화,관계,char:310,269,64,,,person:지휘관,확정
person:에이드,F1281,사실,정의,char:310,269,64,,,,확정
person:에이드,F1282,사실,정의,char:310,269,64,,,,확정
person:에이드,F1283,사실,정의,char:310,269,64,,,,확정
person:에이드,O173,마무리,성장,char:310,269,64,,,,확정
person:에이드,D1546,관계 상대,관계,event_goldencoinrush1,300,75,,,person:소다,확정
person:에이드,F1483,사실,정의,event_goldencoinrush1,300,75,,,,확정
person:에이드,F1490,사실,정의,event_goldencoinrush1,300,75,,,,확정
person:에이드,F2897,사실,정의,event_goldencoinrush1,300,75,,,,확정
person:에이드,F1851,사실,정의,event_trueflavor,371,107,,,,확정
person:에이드,D816,변화,관계,fl:coins_in_rush,404,122,,,person:지휘관,확정
person:에이드,D817,기준,관계,fl:coins_in_rush,404,122,,,person:머스탱,확정
person:에이드,E853,떡밥,암시,fl:coins_in_rush,404,122,,,,확정
person:에이드,E859,떡밥,암시,fl:coins_in_rush,404,122,,,,확정
person:에이드,E861,떡밥,암시,fl:coins_in_rush,404,122,,,,확정
person:에이드,E866,떡밥,재언급,fl:coins_in_rush,404,122,,,,확정
person:에이드,E868,떡밥,암시,fl:coins_in_rush,404,122,,,,확정
person:에이드,F2115,사실,정의,fl:coins_in_rush,404,122,,,,확정
person:에이드,F2118,사실,정의,fl:coins_in_rush,404,122,,,,확정
person:에이드,D2181,변화,성격,char:315,405,122,,,,확정
person:에이드,D2182,변화,관계,char:315,405,122,,,person:지휘관,확정
person:에이드,F2123,사실,정의,char:315,405,122,,,,확정
person:에이드,O171,마무리,관계,char:315,405,122,,,,확정
person:에이드,F2124,사실,정의,char:143,406,123,,,,확정
person:에이드,D1675,기준,관계,fl:fatal_maid,432,136,,,person:벨벳,확정
person:에이드,E1465,떡밥,암시,fl:fatal_maid,432,136,,,,확정
person:에이드,F2387,사실,정의,fl:fatal_maid,432,136,,,,확정
person:에이드,D1773,기준,관계,fl:persona_on_frontline,474,154,,,person:퀸(마코토) person:모나,확정
person:에이드,E1565,떡밥,재언급,fl:persona_on_frontline,474,154,,,,확정
person:에이드,E1575,떡밥,재언급,fl:persona_on_frontline,474,154,,,,확정
person:에이드,E1576,떡밥,암시,fl:persona_on_frontline,474,154,,,,확정
person:에이드,F2856,사실,정의,fl:persona_on_frontline,474,154,,,,확정
person:에이드,F2904,사실,정의,fl:persona_on_frontline,474,154,,,,확정
person:에이미,D1701,관계 상대,관계,fl:2x2_love_1ch,444,141,,,person:아르카나,확정
person:에이미,D1702,기준,성격,fl:2x2_love_1ch,444,141,,,,확정
person:에이미,D1715,기준,신념,fl:2x2_love_1ch,444,141,,,,확정
person:에이미,D1716,변화,신념,fl:2x2_love_1ch,444,141,,,,확정
person:에이미,D1717,기준,관계,fl:2x2_love_1ch,444,141,,,person:지휘관,확정
person:에이미,E1502,떡밥,재언급,fl:2x2_love_1ch,444,141,,,,확정
person:에이미,F2510,사실,정의,fl:2x2_love_1ch,444,141,,,,확정
person:에이미,F2513,사실,정의,fl:2x2_love_1ch,444,141,,,,확정
person:에이미,F2514,사실,정의,fl:2x2_love_1ch,444,141,,,,확정
person:에이미,F2515,사실,정의,fl:2x2_love_1ch,444,141,,,,확정
person:에이미,F2515-2,사건,드러냄,fl:2x2_love_1ch,444,141,,,,확정
person:에이미,F2516,사실,정의,fl:2x2_love_1ch,444,141,,,,확정
person:에이미,F2517,사실,정의,fl:2x2_love_1ch,444,141,,J55,,확정
person:에이미,F2517-2,사건,드러냄,fl:2x2_love_1ch,444,141,,,,확정
person:에이미,F2523,사실,정의,fl:2x2_love_1ch,444,141,,,,확정
person:에이미,Q328,의문,정의,fl:2x2_love_1ch,444,141,풀림,J55,,확정
person:에이미,Q328-2,사건,회수,fl:2x2_love_1ch,444,141,,,,확정
person:에이미,D1724,변화,신념,fl:2x2_love_2ch,445,141,,,,확정
person:에이미,E1508,떡밥,재언급,fl:2x2_love_2ch,445,141,,,,확정
person:에이미,E1517,떡밥,재언급,fl:2x2_love_2ch,445,141,,,,확정
person:에이미,F2523-2,사건,드러냄,fl:2x2_love_2ch,445,141,,,,확정
person:에이미,F2526,사실,정의,fl:2x2_love_2ch,445,141,,,,확정
person:에이미,F2529,사실,정의,fl:2x2_love_2ch,445,141,,,,확정
person:에이미,F2533,사실,정의,fl:2x2_love_2ch,445,141,,,,확정
person:에이미,F2536,사실,정의,fl:2x2_love_2ch,445,141,,,,확정
person:에이브,E502,떡밥,암시,ch34,336,91,,,,확정
person:에이브,E507,떡밥,암시,ch34,336,91,,,,확정
person:에이브,F1650,사실,정의,ch34,336,91,,,,확정
person:에이브,F1663,사실,정의,event_oldtales1,338,91,,,,확정
person:에이브,F1664,사실,정의,event_oldtales1,338,91,,,,확정
person:에이브,F1665,사실,정의,event_oldtales1,338,91,,,,확정
person:에이브,F1666,사실,정의,event_oldtales1,338,91,,,,확정
person:에이브,F1668,사실,정의,event_oldtales1,338,91,,,,확정
person:에이브,F1671,사실,정의,event_oldtales1,338,91,,,,확정
person:에이브,F1672,사실,정의,event_oldtales1,338,91,,,,확정
person:에이브,F1673,사실,정의,event_oldtales1,338,91,,,,확정
person:에이브,F1674,사실,정의,event_oldtales1,338,91,,,,확정
person:에이브,F1676,사실,정의,event_oldtales1,338,91,,,,확정
person:에이브,F1678,사실,정의,event_oldtales1,338,91,,,,확정
person:에이브,F1683,사실,정의,event_oldtales1,338,91,,,,확정
person:에이브,F1684,사실,정의,event_oldtales1,338,91,,J12,,확정
person:에이브,F1685,사실,정의,event_oldtales1,338,91,,,,확정
person:에이브,F1687,사실,정의,event_oldtales1,338,91,,,,확정
person:에이브,F1688,사실,정의,event_oldtales1,338,91,,,,확정
person:에이브,F1689,사실,정의,event_oldtales1,338,91,,,,확정
person:에이브,F1690,사실,정의,event_oldtales1,338,91,,,,확정
person:에이브,F1692,사실,정의,event_oldtales1,338,91,,,,확정
person:에이브,F1693,사실,정의,event_oldtales1,338,91,,,,확정
person:에이브,F1694,사실,정의,event_oldtales1,338,91,,,,확정
person:에이브,F2883,사실,정의,event_oldtales1,338,91,,,,확정
person:에이브,F1697,사실,정의,erelic:old_tales_dialog,339,91,,,,확정
person:에이브,F1698,사실,정의,erelic:old_tales_dialog,339,91,,,,확정
person:에이브,F1707,사실,정의,erelic:old_tales_mini_memory,341,91,,,,확정
person:에이브,F1708,사실,정의,erelic:old_tales_mini_memory,341,91,,,,확정
person:에이브,F1711,사실,정의,erelic:old_tales_mini_memory,341,91,,,,확정
person:에이브,F1714,사실,정의,char:226,342,91,,,,확정
person:에이브,F1814,사실,정의,ch36,360,102,,,,확정
person:에이브,F1848,사실,정의,side:mudfish,370,107,,,,확정
person:에이브,F1814-2,사건,드러냄,event_unbreakablesphere1,377,109,,,,확정
person:에이브,F1896,사실,정의,event_unbreakablesphere1,377,109,,,,확정
person:에이브,F1903,사실,정의,event_unbreakablesphere1,377,109,,J12,,확정
person:에이브,F1904,사실,정의,erelic:unbreakable_sphere_dialog,378,109,,,,확정
person:에이브,F1905,사실,정의,erelic:unbreakable_sphere_dialog,378,109,,,,확정
person:에이브,F1906,사실,정의,erelic:unbreakable_sphere_dialog,378,109,,,,확정
person:에이브,F1910,사실,정의,char:513,380,109,,,,확정
person:에이브,F1912,사실,정의,char:513,380,109,,,,확정
person:에이브,F1914,사실,정의,char:513,380,109,,,,확정
person:에이브,E977,떡밥,재언급,fl:ark_guardian,428,133,,,,확정
person:에이브,F2378,사실,정의,fl:ark_guardian,428,133,,,,확정
person:에테르,D1887,기준,성격,char:291,120,17,,,,확정
person:에테르,D1888,기준,신념,char:291,120,17,,,,확정
person:에테르,D1889,기준,관계,char:291,120,17,,,person:지휘관,확정
person:에테르,D1890,변화,관계,char:291,120,17,,,person:지휘관,확정
person:에테르,E1594,떡밥,암시,char:291,120,17,,,,확정
person:에테르,F612,사실,정의,char:291,120,17,,,,확정
person:에테르,F614,사실,정의,char:291,120,17,,,,확정
person:에테르,F615,사실,정의,char:291,120,17,,,,확정
person:에테르,F741,사실,정의,char:260,158,24,,,,확정
person:에테르,F943,사실,정의,char:392,203,36,,,,확정
person:에테르,D1469,기준,관계,event_schooloflock,234,50,,,person:마르차나,확정
person:에테르,E1327,떡밥,암시,event_schooloflock,234,50,,,,확정
person:에테르,F1077,사실,정의,event_schooloflock,234,50,,,,확정
person:에테르,F1078,사실,정의,event_schooloflock,234,50,,,,확정
person:에테르,F2896,사실,정의,event_schooloflock,234,50,,,,확정
person:에테르,F1332,사실,정의,sub:MMR지킴이_00,278,66,,,,확정
person:에테르,F1333,사실,정의,sub:MMR지킴이_00,278,66,,J52,,확정
person:에테르,F1334,사실,정의,sub:MMR지킴이_00,278,66,,,,확정
person:에테르,Q175,의문,정의,sub:MMR지킴이_00,278,66,열림,J52,,확정
person:에테르,U202,생활상,기술,sub:MMR지킴이_00,278,66,,,,확정
person:에테르,F1337,사실,정의,event_boomsday,280,66,,,,확정
person:에테르,E421,떡밥,재언급,event_darkhero,298,74,,,,확정
person:에테르,F1467,사실,정의,event_darkhero,298,74,,,,확정
person:에테르,F1469,사실,정의,event_darkhero,298,74,,,,확정
person:에테르,F1472,사실,정의,event_darkhero,298,74,,,,확정
person:에테르,F1477,사실,정의,event_darkhero,298,74,,,,확정
person:에테르,D1580,관계 상대,관계,event_colorless,319,82,,,person:마르차나,확정
person:에테르,D1581,관계 상대,관계,event_colorless,319,82,,,person:마르차나,확정
person:에테르,E1385,떡밥,암시,event_colorless,319,82,,,,확정
person:에테르,E1387,떡밥,재언급,event_colorless,319,82,,,,확정
person:에테르,F1584,사실,정의,event_colorless,319,82,,,,확정
person:에테르,F1586,사실,정의,event_colorless,319,82,,,,확정
person:에테르,F1592,사실,정의,event_colorless,319,82,,,,확정
person:에테르,Q209,의문,정의,event_colorless,319,82,열림,J55,,확정
person:에테르,D596,변화,관계,event_wisdomspring,353,98,,,person:지휘관,확정
person:에테르,E577,떡밥,재언급,event_wisdomspring,353,98,,,,확정
person:에테르,E579,떡밥,암시,event_wisdomspring,353,98,,,,확정
person:에테르,F1768,사실,정의,event_wisdomspring,353,98,,,,확정
person:에테르,F1769,사실,정의,event_wisdomspring,353,98,,,,확정
person:에테르,F1771,사실,정의,event_wisdomspring,353,98,,,,확정
person:에테르,F1773,사실,정의,event_wisdomspring,353,98,,J3,,확정
person:에테르,F1776,사실,정의,event_wisdomspring,353,98,,,,확정
person:에테르,F1777,사실,정의,event_wisdomspring,353,98,,,,확정
person:에테르,F2203,사실,정의,ch41,414,127,,J17,,확정
person:에테르,F2206,사실,정의,ch41,414,127,,,,확정
person:에테르,F2394,사실,정의,ch43,434,137,,,,확정
person:에테르,F2416,사실,정의,ch43,434,137,,J17,,확정
person:에테르,D1071,기준,관계,ch44,436,138,,,person:네온,확정
person:에테르,F2461,사실,정의,ch44,436,138,,,,확정
person:에테르,F2462,사실,정의,ch44,436,138,,,,확정
person:에테르,F2508,사실,정의,fl:2x2_love_1ch,444,141,,,,확정
person:에테르,F2524,사실,정의,fl:2x2_love_2ch,445,141,,J55,,확정
person:에테르,F2528,사실,정의,fl:2x2_love_2ch,445,141,,,,확정
person:에테르,F2528-2,사건,드러냄,fl:2x2_love_2ch,445,141,,,,확정
person:에테르,F2535,사실,정의,fl:2x2_love_2ch,445,141,,,,확정
person:에테르,Q330,의문,정의,fl:2x2_love_2ch,445,141,일부,J55,,확정
person:에테르,Q330-2,사건,회수,fl:2x2_love_2ch,445,141,,,,확정
person:에테르,E1540,떡밥,재언급,fl:wave_to_you,464,149,,,,확정
person:에테르,E1541,떡밥,재언급,fl:wave_to_you,464,149,,,,확정
person:에테르,E1542,떡밥,암시,fl:wave_to_you,464,149,,,,확정
person:에테르,F2748,사실,정의,fl:wave_to_you,464,149,,,,확정
person:에피넬,D1891,기준,성격,char:241,121,17,,,,확정
person:에피넬,D1892,기준,신념,char:241,121,17,,,,확정
person:에피넬,D1893,변화,신념,char:241,121,17,,,,확정
person:에피넬,D1894,기준,관계,char:241,121,17,,,person:지휘관,확정
person:에피넬,D1895,변화,관계,char:241,121,17,,,person:지휘관,확정
person:에피넬,F616,사실,정의,char:241,121,17,,,,확정
person:에피넬,F617,사실,정의,char:241,121,17,,,,확정
person:에피넬,F618,사실,정의,char:241,121,17,,,,확정
person:에피넬,F650,사실,정의,char:242,132,17,,,,확정
person:에피넬,F1373,사실,정의,event_onemoretime,289,71,,,,확정
person:에피넬,F1621,사실,정의,event_lifeagain,332,89,,,,확정
person:엑시아,F215,사실,정의,ch07,31,8,,,,확정
person:엑시아,F217,사실,정의,ch07,31,8,,,,확정
person:엑시아,D76,기준,성격,ch08,37,9,,,,확정
person:엑시아,F236,사실,정의,ch08,37,9,,,,확정
person:엑시아,F237,사실,정의,ch08,37,9,,,,확정
person:엑시아,D78,변화,기억,ch09,43,10,,,,확정
person:엑시아,E68,떡밥,암시,ch09,43,10,,,,확정
person:엑시아,F250,사실,정의,ch09,43,10,,,,확정
person:엑시아,F251,사실,정의,ch09,43,10,,,,확정
person:엑시아,F255,사실,정의,ch09,43,10,,,,확정
person:엑시아,F256,사실,정의,ch09,43,10,,,,확정
person:엑시아,Q47,의문,정의,ch09,43,10,열림,J25,,확정
person:엑시아,F244,사실,정의,sub:든_셀_00,62,13,,,,확정
person:엑시아,D1896,기준,관계,char:210,122,17,,,person:지휘관,확정
person:엑시아,D1897,변화,관계,char:210,122,17,,,person:지휘관,확정
person:엑시아,F619,사실,정의,char:210,122,17,,,,확정
person:엑시아,F620,사실,정의,char:210,122,17,,,,확정
person:엑시아,F621,사실,정의,char:210,122,17,,,,확정
person:엑시아,F724,사실,정의,event_miraclesnow1,153,21,,,,확정
person:엑시아,F725,사실,정의,event_miraclesnow1,153,21,,,,확정
person:엑시아,F812,사실,정의,char:311,176,28,,,,확정
person:엑시아,F1110,사실,정의,sub:중앙정부_프로토콜_00,222,44,,,,확정
person:엑시아,F1464,사실,정의,event_darkhero,298,74,,,,확정
person:엑시아,F1473,사실,정의,event_darkhero,298,74,,,,확정
person:엑시아,F1484,사실,정의,event_goldencoinrush1,300,75,,,,확정
person:엑시아,F1505,사실,정의,char:551,304,77,,,,확정
person:엑시아,E477,떡밥,재언급,ch33,334,90,,,,확정
person:엑시아,F1628,사실,정의,ch33,334,90,,,,확정
person:엑시아,E1413,떡밥,재언급,event_icedragonsaga1,347,94,,,,확정
person:엔더슨,D15,기준,성격,ch01,2,2,,,,확정
person:엔더슨,E6,떡밥,암시,ch01,2,2,,,,확정
person:엔더슨,F24,사실,정의,ch01,2,2,,,,확정
person:엔더슨,F27,사실,정의,ch01,2,2,,,,확정
person:엔더슨,Q3,의문,정의,ch01,2,2,일부,J3,,확정
person:엔더슨,F40,사실,정의,ch02,4,3,,J3,,확정
person:엔더슨,Q3-2,사건,회수,ch02,4,3,,,,확정
person:엔더슨,Q7,의문,정의,ch02,4,3,열림,J5,,확정
person:엔더슨,D43,기준,신념,ch04,15,5,,,,확정
person:엔더슨,D44,기준,관계,ch04,15,5,,,person:지휘관,확정
person:엔더슨,E26,떡밥,암시,ch04,15,5,,,,확정
person:엔더슨,E27,떡밥,암시,ch04,15,5,,,,확정
person:엔더슨,F82,사실,정의,ch04,15,5,,,,확정
person:엔더슨,F84,사실,정의,ch04,15,5,,J1,,확정
person:엔더슨,F85,사실,정의,ch04,15,5,,,,확정
person:엔더슨,F86,사실,정의,ch04,15,5,,,,확정
person:엔더슨,F40-2,사건,드러냄,ch07,31,8,,,,확정
person:엔더슨,F259,사실,정의,ch09,43,10,,J2,,확정
person:엔더슨,F261,사실,정의,ch09,43,10,,,,확정
person:엔더슨,F323,사실,정의,ch12,59,13,,,,확정
person:엔더슨,F324,사실,정의,ch12,59,13,,,,확정
person:엔더슨,F340,사실,정의,ch13,64,14,,,,확정
person:엔더슨,F341,사실,정의,ch13,64,14,,,,확정
person:엔더슨,Q64,의문,정의,ch13,64,14,일부,J4,,확정
person:엔더슨,Q66,의문,정의,ch13,64,14,열림,J5,,확정
person:엔더슨,F349,사실,정의,sub:세르반_03,65,14,,,,확정
person:엔더슨,D114,관계 상대,관계,ch14,69,15,,,person:버닝엄,확정
person:엔더슨,E96,떡밥,암시,ch14,69,15,,,,확정
person:엔더슨,F359,사실,정의,ch14,69,15,,,,확정
person:엔더슨,F365,사실,정의,ch14,69,15,,,,확정
person:엔더슨,F366,사실,정의,ch14,69,15,,,,확정
person:엔더슨,F367,사실,정의,ch14,69,15,,,,확정
person:엔더슨,E1256,떡밥,암시,char:72,93,17,,,,확정
person:엔더슨,F487,사실,정의,char:72,93,17,,,,확정
person:엔더슨,E1257,떡밥,암시,char:221,94,17,,,,확정
person:엔더슨,F509,사실,정의,char:190,96,17,,,,확정
person:엔더슨,F514,사실,정의,char:190,96,17,,,,확정
person:엔더슨,F667,사실,정의,event_nocallerid,138,18,,,,확정
person:엔더슨,Q92,의문,정의,event_nocallerid,138,18,열림,J44,,확정
person:엔더슨,E119,떡밥,암시,ch17,140,19,,,,확정
person:엔더슨,E120,떡밥,암시,ch17,140,19,,,,확정
person:엔더슨,F703,사실,정의,ch18,146,20,,,,확정
person:엔더슨,F705,사실,정의,ch18,146,20,,,,확정
person:엔더슨,F718,사실,정의,event_hightechtoy,151,20,,,,확정
person:엔더슨,F723,사실,정의,event_miraclesnow1,153,21,,,,확정
person:엔더슨,F771,사실,정의,ch20,164,26,,J4,,확정
person:엔더슨,Q64-2,사건,회수,ch20,164,26,,,,확정
person:엔더슨,F777,사실,정의,event_doutsiders,169,26,,,,확정
person:엔더슨,F783,사실,정의,event_doutsiders,169,26,,,,확정
person:엔더슨,F801,사실,정의,char:112,174,27,,,,확정
person:엔더슨,F816,사실,정의,char:800,178,30,,,,확정
person:엔더슨,E198,떡밥,암시,event_overzone,200,36,,,,확정
person:엔더슨,E1308,떡밥,암시,char:233,202,36,,,,확정
person:엔더슨,F973,사실,정의,event_bluewaterisland,209,40,,,,확정
person:엔더슨,F974,사실,정의,event_bluewaterisland,209,40,,,,확정
person:엔더슨,F986,사실,정의,ch23,214,43,,,,확정
person:엔더슨,E1317,떡밥,암시,event_seayouagain1,226,45,,,,확정
person:엔더슨,F1048,사실,정의,event_seayouagain1,226,45,,,,확정
person:엔더슨,F1051,사실,정의,event_seayouagain1,226,45,,,,확정
person:엔더슨,F1053,사실,정의,event_seayouagain1,226,45,,,,확정
person:엔더슨,F1056,사실,정의,event_seayouagain1,226,45,,,,확정
person:엔더슨,D304,변화,신체,ch25,241,54,,,,확정
person:엔더슨,D305,변화,관계,ch25,241,54,,,person:지휘관,확정
person:엔더슨,D315,관계 상대,관계,ch25,241,54,,,person:도반,확정
person:엔더슨,E248,떡밥,재언급,ch25,241,54,,,,확정
person:엔더슨,E255,떡밥,암시,ch25,241,54,,,,확정
person:엔더슨,E257,떡밥,암시,ch25,241,54,,,,확정
person:엔더슨,F1095,사실,정의,ch25,241,54,,J5,,확정
person:엔더슨,F1096,사실,정의,ch25,241,54,,,,확정
person:엔더슨,F1104,사실,정의,ch25,241,54,,,,확정
person:엔더슨,F1105,사실,정의,ch25,241,54,,,,확정
person:엔더슨,E273,떡밥,암시,ch26,246,55,,,,확정
person:엔더슨,F1133,사실,정의,ch26,246,55,,,,확정
person:엔더슨,D342,관계 상대,관계,event_redash,251,55,,,person:릴리바이스,확정
person:엔더슨,D356,기준,관계,erelic:red_ash_lost,252,55,,,person:릴리바이스,확정
person:엔더슨,E305,떡밥,재언급,erelic:red_ash_lost,252,55,,,,확정
person:엔더슨,D1487,관계 상대,관계,char:224,255,55,,,person:스노우_화이트,확정
person:엔더슨,D1488,기준,관계,char:224,255,55,,,person:스노우_화이트,확정
person:엔더슨,D1491,관계 상대,관계,char:224,255,55,,,person:스노우_화이트,확정
person:엔더슨,E1341,떡밥,재언급,event_neverland1,258,57,,,,확정
person:엔더슨,F1213,사실,정의,event_neverland1,258,57,,,,확정
person:엔더슨,F1221,사실,정의,event_neverland1,258,57,,,,확정
person:엔더슨,D374,변화,관계,ch27,270,65,,,person:지휘관,확정
person:엔더슨,E323,떡밥,암시,ch27,270,65,,,,확정
person:엔더슨,E324,떡밥,재언급,ch27,270,65,,,,확정
person:엔더슨,F1286,사실,정의,ch27,270,65,,,,확정
person:엔더슨,F1287,사실,정의,ch27,270,65,,,,확정
person:엔더슨,F1288,사실,정의,ch27,270,65,,,,확정
person:엔더슨,F1289,사실,정의,ch27,270,65,,,,확정
person:엔더슨,F1357,사실,정의,event_liarsend,287,70,,,,확정
person:엔더슨,F1624,사실,정의,ch33,334,90,,,,확정
person:엔더슨,D1595,기준,관계,char:226,342,91,,,person:라푼젤,확정
person:엔더슨,E588,떡밥,암시,ch35,358,101,,,,확정
person:엔더슨,F1788,사실,정의,ch35,358,101,,,,확정
person:엔더슨,F1789,사실,정의,ch35,358,101,,,,확정
person:엔더슨,F1790,사실,정의,ch35,358,101,,,,확정
person:엔더슨,F1791,사실,정의,ch35,358,101,,,,확정
person:엔더슨,F1793,사실,정의,ch35,358,101,,,,확정
person:엔더슨,E637,떡밥,암시,event_newflavor,367,105,,,,확정
person:엔더슨,F1838,사실,정의,event_newflavor,367,105,,,,확정
person:엔더슨,F2127,사실,정의,fl:reborn_evil,407,124,,,,확정
person:엔더슨,F2129,사실,정의,fl:reborn_evil,407,124,,,,확정
person:엔더슨,D986,변화,신체,fl:ark_guardian,428,133,,,,확정
person:엔더슨,D991,변화,관계,fl:ark_guardian,428,133,,,person:릴리바이스,확정
person:엔더슨,D992,관계 상대,관계,fl:ark_guardian,428,133,,,person:릴리바이스,확정
person:엔더슨,E985,떡밥,암시,fl:ark_guardian,428,133,,,,확정
person:엔더슨,E988,떡밥,암시,fl:ark_guardian,428,133,,,,확정
person:엔더슨,E993,떡밥,암시,fl:ark_guardian,428,133,,,,확정
person:엔더슨,F2363,사실,정의,fl:ark_guardian,428,133,,J4,,확정
person:엔더슨,F2364,사실,정의,fl:ark_guardian,428,133,,J5,,확정
person:엔더슨,F2366,사실,정의,fl:ark_guardian,428,133,,,,확정
person:엔더슨,F2367,사실,정의,fl:ark_guardian,428,133,,,,확정
person:엔더슨,F2373,사실,정의,fl:ark_guardian,428,133,,J5,,확정
person:엔더슨,F2375,사실,정의,fl:ark_guardian,428,133,,J6,,확정
person:엔더슨,F2892,사실,정의,fl:ark_guardian,428,133,,,,확정
person:엔더슨,O56,마무리,관계,fl:ark_guardian,428,133,,,,확정
person:엔더슨,Q309,의문,정의,fl:ark_guardian,428,133,일부,J4,,확정
person:엔더슨,Q310,의문,정의,fl:ark_guardian,428,133,풀림,J5,,확정
person:엔더슨,E1011,떡밥,재언급,ch43,434,137,,,,확정
person:엔더슨,F2400,사실,정의,ch43,434,137,,J5,,확정
person:엔더슨,F2401,사실,정의,ch43,434,137,,,,확정
person:엔더슨,F2411,사실,정의,ch43,434,137,,,,확정
person:엔더슨,Q309-2,사건,회수,ch43,434,137,,,,확정
person:엔더슨,Q310-2,사건,회수,ch43,434,137,,,,확정
person:엔더슨,Q317,의문,정의,ch43,434,137,풀림,J5,,확정
person:엔더슨,D1051,변화,관계,ch44,436,138,,,person:릴리바이스,확정
person:엔더슨,D1052,변화,신체,ch44,436,138,,,,확정
person:엔더슨,F2436,사실,정의,ch44,436,138,,,,확정
person:엔더슨,F2437,사실,정의,ch44,436,138,,,,확정
person:엔더슨,F2468,사실,정의,fl:lie_cause_recoil,438,138,,,,확정
person:엔더슨,F2482,사실,정의,fl:lie_cause_recoil,438,138,,,,확정
person:엔더슨,F2607,사실,정의,ch45,450,143,,,,확정
person:엔더슨,D1174,기준,관계,ch46,452,144,,,person:도로시,확정
person:엔더슨,D1175,관계 상대,관계,ch46,452,144,,,person:도로시,확정
person:엔더슨,E1116,떡밥,재언급,ch46,452,144,,,,확정
person:엔더슨,F2653,사실,정의,ch46,452,144,,,,확정
person:엔더슨,F2654,사실,정의,ch46,452,144,,J5,,확정
person:엔더슨,F2655,사실,정의,ch46,452,144,,,,확정
person:엔더슨,F2656,사실,정의,ch46,452,144,,,,확정
person:엔더슨,F2658,사실,정의,ch46,452,144,,,,확정
person:엔더슨,F2660,사실,정의,ch46,452,144,,,,확정
person:엔더슨,F2661,사실,정의,ch46,452,144,,,,확정
person:엔더슨,Q310-3,사건,회수,ch46,452,144,,,,확정
person:엔더슨,Q317-2,사건,회수,ch46,452,144,,,,확정
person:엔더슨,D1320,변화,관계,ch47,470,153,,,person:도로시,확정
person:엔더슨,E1223,떡밥,재언급,ch47,470,153,,,,확정
person:엔더슨,F2815,사실,정의,ch47,470,153,,,,확정
person:엔더슨,F2816,사실,정의,ch47,470,153,,,,확정
person:엔더슨,F2817,사실,정의,ch47,470,153,,,,확정
person:엔더슨,F2820,사실,정의,ch47,470,153,,,,확정
person:엔더슨,D1344,변화,관계,ch48,472,154,,,person:도로시,확정
person:엔더슨,D1345,변화,신체,ch48,472,154,,,,확정
person:엔더슨,D1347,관계 상대,관계,ch48,472,154,,,person:도로시,확정
person:엔더슨,E1238,떡밥,재언급,ch48,472,154,,,,확정
person:엔더슨,E1239,떡밥,재언급,ch48,472,154,,,,확정
person:엔더슨,F2844,사실,정의,ch48,472,154,,,,확정
person:엔더슨,F2845,사실,정의,ch48,472,154,,,,확정
person:엔더슨,O101,마무리,관계,ch48,472,154,H12,,,확정
person:엔더슨,Q368,의문,정의,ch48,472,154,열림,J5,,확정
person:엔더슨,Q369,의문,정의,ch48,472,154,열림,J7,,확정
person:엔더슨,E1560,떡밥,암시,fl:persona_on_frontline,474,154,,,,확정
person:엔더슨,F2852,사실,정의,fl:persona_on_frontline,474,154,,,,확정
person:엔드리스,F2058,사실,정의,ch39,396,118,,,,확정
person:엔드리스,F2059,사실,정의,ch39,396,118,,,,확정
person:엔드리스,Q267,의문,정의,ch39,396,118,일부,J16,,확정
person:엔드리스,U307,생활상,방주 사회,ch39,396,118,,,,확정
person:엔드리스,F2058-2,사건,드러냄,ch40,398,119,,,,확정
person:엔드리스,F2234,사실,정의,ch42,416,128,,,,확정
person:엔드리스,F2236,사실,정의,ch42,416,128,,J16,,확정
person:엔드리스,Q267-2,사건,회수,ch42,416,128,,,,확정
person:엔드리스,F2059-2,사건,드러냄,fl:enter_heaven,442,140,,,,확정
person:엔드리스,F2583,사실,정의,ch45,450,143,,,,확정
person:엔드리스,F2584,사실,정의,ch45,450,143,,,,확정
person:엔드리스,F2586,사실,정의,ch45,450,143,,,,확정
person:엔드리스,F2587,사실,정의,ch45,450,143,,,,확정
person:엔드리스,F2588,사실,정의,ch45,450,143,,,,확정
person:엔드리스,F2589,사실,정의,ch45,450,143,,,,확정
person:엔드리스,F2590,사실,정의,ch45,450,143,,,,확정
person:엔드리스,F2592,사실,정의,ch45,450,143,,,,확정
person:엔드리스,F2593,사실,정의,ch45,450,143,,,,확정
person:엔드리스,F2594,사실,정의,ch45,450,143,,,,확정
person:엔드리스,F2601,사실,정의,ch45,450,143,,,,확정
person:엔드리스,F2818,사실,정의,ch47,470,153,,,,확정
person:엔메,D1273,관계 상대,관계,fl:project_matis,467,151,,,person:슈엔,확정
person:엔메,D1274,관계 상대,관계,fl:project_matis,467,151,,,person:슈엔,확정
person:엔메,D1296,관계 상대,관계,fl:project_matis,467,151,,,person:지엔,확정
person:엔메,D1297,관계 상대,관계,fl:project_matis,467,151,,,person:지엔,확정
person:엔메,D1300,기준,신념,fl:project_matis,467,151,,,,확정
person:엔메,D1301,기준,관계,fl:project_matis,467,151,,,person:슈엔,확정
person:엔메,E1187,떡밥,암시,fl:project_matis,467,151,,,,확정
person:엔메,E1189,떡밥,재언급,fl:project_matis,467,151,,,,확정
person:엔메,E1190,떡밥,재언급,fl:project_matis,467,151,,,,확정
person:엔메,E1191,떡밥,암시,fl:project_matis,467,151,,,,확정
person:엔메,E1192,떡밥,암시,fl:project_matis,467,151,,,,확정
person:엔메,F2769,사실,정의,fl:project_matis,467,151,,,,확정
person:엔메,F2770,사실,정의,fl:project_matis,467,151,,,,확정
person:엔메,F2771,사실,정의,fl:project_matis,467,151,,,,확정
person:엔메,F2772,사실,정의,fl:project_matis,467,151,,,,확정
person:엔메,F2773,사실,정의,fl:project_matis,467,151,,,,확정
person:엔메,F2774,사실,정의,fl:project_matis,467,151,,,,확정
person:엔메,F2775,사실,정의,fl:project_matis,467,151,,,,확정
person:엔메,F2777,사실,정의,fl:project_matis,467,151,,,,확정
person:엔메,F2778,사실,정의,fl:project_matis,467,151,,,,확정
person:엔메,F2779,사실,정의,fl:project_matis,467,151,,,,확정
person:엔메,F2780,사실,정의,fl:project_matis,467,151,,,,확정
person:엔메,F2781,사실,정의,fl:project_matis,467,151,,,,확정
person:엔메,F2782,사실,정의,fl:project_matis,467,151,,,,확정
person:엔메,F2783,사실,정의,fl:project_matis,467,151,,,,확정
person:엔메,F2784,사실,정의,fl:project_matis,467,151,,,,확정
person:엔메,F2790,사실,정의,fl:project_matis,467,151,,,,확정
person:엔메,F2796,사실,정의,fl:project_matis,467,151,,,,확정
person:엘리시온_프랑카,F2490,사실,정의,fl:enter_heaven,442,140,,J21,,확정
person:엘리시온_프랑카,F2491,사실,정의,fl:enter_heaven,442,140,,,,확정
person:엘리시온_프랑카,F2492,사실,정의,fl:enter_heaven,442,140,,,,확정
person:엘리시온_프랑카,F2494,사실,정의,fl:enter_heaven,442,140,,,,확정
person:엘리시온_프랑카,F2501,사실,정의,fl:enter_heaven,442,140,,,,확정
person:엘리시온_프랑카,F2502,사실,정의,fl:enter_heaven,442,140,,J21,,확정
person:엘세리아_나인,D833,변화,신념,fl:reborn_evil,407,124,,,,확정
person:엘세리아_나인,D834,변화,관계,fl:reborn_evil,407,124,,,person:데이파라,확정
person:엘세리아_나인,E879,떡밥,암시,fl:reborn_evil,407,124,,,,확정
person:엘세리아_나인,E880,떡밥,재언급,fl:reborn_evil,407,124,,,,확정
person:엘세리아_나인,F2125,사실,정의,fl:reborn_evil,407,124,,,,확정
person:엘세리아_나인,F2133,사실,정의,fl:reborn_evil,407,124,,,,확정
person:엘세리아_나인,F2135,사실,정의,fl:reborn_evil,407,124,,,,확정
person:엘세리아_나인,F2137,사실,정의,fl:reborn_evil,407,124,,,,확정
person:엘세리아_나인,E1440,떡밥,재언급,char:840,408,124,,,,확정
person:엘세리아_나인,F2145,사실,정의,char:840,408,124,,,,확정
person:엘세리아_나인,F2147,사실,정의,char:842,409,124,,,,확정
person:엘세리아_나인,F2149,사실,정의,char:841,410,125,,,,확정
person:엠마,D40,기준,관계,ch04,15,5,,,person:라피,확정
person:엠마,E29,떡밥,암시,ch04,15,5,,,,확정
person:엠마,F75,사실,정의,ch04,15,5,,,,확정
person:엠마,D85,기준,성격,ch10,48,11,,,,확정
person:엠마,E71,떡밥,재언급,ch10,48,11,,,,확정
person:엠마,E78,떡밥,암시,ch12,59,13,,,,확정
person:엠마,F304,사실,정의,ch12,59,13,,J22,,확정
person:엠마,D1898,기준,관계,char:90,123,17,,,person:지휘관,확정
person:엠마,D1899,변화,관계,char:90,123,17,,,person:지휘관,확정
person:엠마,D1900,기준,신념,char:90,123,17,,,,확정
person:엠마,F622,사실,정의,char:90,123,17,,,,확정
person:엠마,F632,사실,정의,char:92,127,17,,,,확정
person:엠마,F648,사실,정의,char:30,131,17,,,,확정
person:엠마,F956,사실,정의,event_queensorder,207,39,,,,확정
person:엠마,E434,떡밥,암시,ch31,308,80,,,,확정
person:엠마,E437,떡밥,암시,ch31,308,80,,,,확정
person:엠마,F1529,사실,정의,ch31,308,80,,,,확정
person:엠마,F1544,사실,정의,ch32,310,81,,,,확정
person:엠마,F1557,사실,정의,ch32,310,81,,,,확정
person:엠마,F1560,사실,정의,ch32,310,81,,,,확정
person:엠마,F1640,사실,정의,ch33,334,90,,,,확정
person:엠마,E518,떡밥,암시,ch34,336,91,,,,확정
person:엠마,F1644,사실,정의,ch34,336,91,,J2,,확정
person:엠마,F1660,사실,정의,ch34,336,91,,,,확정
person:엠마,U264,생활상,일상 · 문화,event_newflavor,367,105,,,,확정
person:엠마,D807,기준,관계,fl:absolute,400,119,,,person:은화,확정
person:엠마,D808,변화,신념,fl:absolute,400,119,,,,확정
person:엠마,D809,변화,관계,fl:absolute,400,119,,,person:은화,확정
person:엠마,D810,변화,관계,fl:absolute,400,119,,,person:은화,확정
person:엠마,E838,떡밥,재언급,fl:absolute,400,119,,,,확정
person:엠마,E839,떡밥,재언급,fl:absolute,400,119,,,,확정
person:엠마,F1529-2,사건,드러냄,fl:absolute,400,119,,,,확정
person:엠마,F2105,사실,정의,fl:absolute,400,119,,,,확정
person:엠마,F2106,사실,정의,fl:absolute,400,119,,,,확정
person:엠마,F2108,사실,정의,fl:absolute,400,119,,,,확정
person:엠마,D2176,변화,관계,char:93,401,119,,,person:지휘관,확정
person:엠마,F2111,사실,정의,char:93,401,119,,,,확정
person:엠마,O167,마무리,관계,char:93,401,119,,,,확정
person:엠마,F2113,사실,정의,char:95,402,120,,,,확정
person:엠마,F2905,사실,정의,fl:persona_on_frontline,474,154,,,,확정
person:오스왈드,D252,기준,관계,event_overzone,200,36,,,person:도로시,확정
person:오스왈드,D253,변화,관계,event_overzone,200,36,,,person:도로시,확정
person:오스왈드,E194,떡밥,암시,event_overzone,200,36,,,,확정
person:오스왈드,E198,떡밥,암시,event_overzone,200,36,,,,확정
person:오스왈드,E200,떡밥,암시,event_overzone,200,36,,,,확정
person:오스왈드,E201,떡밥,암시,event_overzone,200,36,,,,확정
person:오스왈드,F919,사실,정의,event_overzone,200,36,,,,확정
person:오스왈드,F920,사실,정의,event_overzone,200,36,,,,확정
person:오스왈드,F921,사실,정의,event_overzone,200,36,,,,확정
person:오스왈드,F922,사실,정의,event_overzone,200,36,,,,확정
person:오스왈드,Q129,의문,정의,event_overzone,200,36,일부,J6,,확정
person:오스왈드,D352,기준,관계,event_redash,251,55,,,person:레드_후드,확정
person:오스왈드,E294,떡밥,암시,event_redash,251,55,,,,확정
person:오스왈드,F1161,사실,정의,event_redash,251,55,,J6,,확정
person:오스왈드,F1162,사실,정의,event_redash,251,55,,,,확정
person:오스왈드,F1163,사실,정의,event_redash,251,55,,,,확정
person:오스왈드,F1166,사실,정의,event_redash,251,55,,,,확정
person:오스왈드,F1169,사실,정의,event_redash,251,55,,,,확정
person:오스왈드,Q129-2,사건,회수,event_redash,251,55,,,,확정
person:오스왈드,D579,기준,관계,event_oldtales1,338,91,,,person:신데렐라,확정
person:오스왈드,F1672,사실,정의,event_oldtales1,338,91,,,,확정
person:오스왈드,F1673,사실,정의,event_oldtales1,338,91,,,,확정
person:오스왈드,F1679,사실,정의,event_oldtales1,338,91,,,,확정
person:오스왈드,F1685,사실,정의,event_oldtales1,338,91,,,,확정
person:오스왈드,F1686,사실,정의,event_oldtales1,338,91,,,,확정
person:오스왈드,F1687,사실,정의,event_oldtales1,338,91,,,,확정
person:오스왈드,F1688,사실,정의,event_oldtales1,338,91,,,,확정
person:오스왈드,F1691,사실,정의,event_oldtales1,338,91,,,,확정
person:오스왈드,F1686-2,사건,드러냄,erelic:old_tales_mini_memory,341,91,,,,확정
person:오스왈드,F1709,사실,정의,erelic:old_tales_mini_memory,341,91,,,,확정
person:오스왈드,E724,떡밥,암시,event_arcanearchive,383,111,,,,확정
person:오스왈드,E725,떡밥,암시,event_arcanearchive,383,111,,,,확정
person:오스왈드,Q247,의문,정의,event_arcanearchive,383,111,풀림,J6,,확정
person:오스왈드,D979,기준,신념,fl:ark_guardian,428,133,,,,확정
person:오스왈드,D980,기준,관계,fl:ark_guardian,428,133,,,,확정
person:오스왈드,D981,관계 상대,관계,fl:ark_guardian,428,133,,,person:프리시아,확정
person:오스왈드,D982,기준,관계,fl:ark_guardian,428,133,,,person:프리시아,확정
person:오스왈드,D995,변화,관계,fl:ark_guardian,428,133,,,person:프리시아,확정
person:오스왈드,D996,변화,신념,fl:ark_guardian,428,133,,,,확정
person:오스왈드,E977,떡밥,재언급,fl:ark_guardian,428,133,,,,확정
person:오스왈드,E983,떡밥,재언급,fl:ark_guardian,428,133,,,,확정
person:오스왈드,E990,떡밥,암시,fl:ark_guardian,428,133,,,,확정
person:오스왈드,E991,떡밥,재언급,fl:ark_guardian,428,133,,,,확정
person:오스왈드,E995,떡밥,재언급,fl:ark_guardian,428,133,,,,확정
person:오스왈드,F2360,사실,정의,fl:ark_guardian,428,133,,,,확정
person:오스왈드,F2361,사실,정의,fl:ark_guardian,428,133,,,,확정
person:오스왈드,F2375,사실,정의,fl:ark_guardian,428,133,,J6,,확정
person:오스왈드,F2376,사실,정의,fl:ark_guardian,428,133,,,,확정
person:오스왈드,F2378,사실,정의,fl:ark_guardian,428,133,,,,확정
person:오스왈드,D1085,변화,소속,side:pretty_star,447,142,,,,확정
person:오스왈드,D1086,변화,신념,side:pretty_star,447,142,,,,확정
person:오스왈드,D1087,변화,관계,side:pretty_star,447,142,,,person:프리티,확정
person:오스왈드,D1089,관계 상대,관계,side:pretty_star,447,142,,,person:프리티,확정
person:오스왈드,D1104,관계 상대,관계,side:pretty_star,447,142,,,person:프리티,확정
person:오스왈드,D1105,관계 상대,관계,side:pretty_star,447,142,,,person:프리티,확정
person:오스왈드,D1110,관계 상대,관계,side:pretty_star,447,142,,,person:프리티,확정
person:오스왈드,D1111,변화,신체,side:pretty_star,447,142,,,,확정
person:오스왈드,D1118,변화,신념,side:pretty_star,447,142,,,,확정
person:오스왈드,D1119,관계 상대,관계,side:pretty_star,447,142,,,person:버닝엄,확정
person:오스왈드,E1048,떡밥,암시,side:pretty_star,447,142,,,,확정
person:오스왈드,E1053,떡밥,암시,side:pretty_star,447,142,,,,확정
person:오스왈드,E1057,떡밥,재언급,side:pretty_star,447,142,,,,확정
person:오스왈드,E1061,떡밥,재언급,side:pretty_star,447,142,,,,확정
person:오스왈드,E1063,떡밥,재언급,side:pretty_star,447,142,,,,확정
person:오스왈드,E1065,떡밥,재언급,side:pretty_star,447,142,,,,확정
person:오스왈드,E1066,떡밥,암시,side:pretty_star,447,142,,,,확정
person:오스왈드,F2539,사실,정의,side:pretty_star,447,142,,,,확정
person:오스왈드,F2540,사실,정의,side:pretty_star,447,142,,,,확정
person:오스왈드,F2541,사실,정의,side:pretty_star,447,142,,,,확정
person:오스왈드,F2543,사실,정의,side:pretty_star,447,142,,,,확정
person:오스왈드,F2544,사실,정의,side:pretty_star,447,142,,,,확정
person:오스왈드,F2550,사실,정의,side:pretty_star,447,142,,,,확정
person:오스왈드,F2551,사실,정의,side:pretty_star,447,142,,,,확정
person:오스왈드,F2553,사실,정의,side:pretty_star,447,142,,,,확정
person:오스왈드,F2558,사실,정의,side:pretty_star,447,142,,J6,,확정
person:오스왈드,F2559,사실,정의,side:pretty_star,447,142,,J6,,확정
person:오스왈드,O62,마무리,성장,side:pretty_star,447,142,,,,확정
person:오스왈드,Q129-3,사건,회수,side:pretty_star,447,142,,,,확정
person:오스왈드,Q247-2,사건,회수,side:pretty_star,447,142,,,,확정
person:오스왈드,F2543-2,사건,드러냄,ch45,450,143,,,,확정
person:오스왈드,E1115,떡밥,재언급,ch46,452,144,,,,확정
person:오스왈드,F2640,사실,정의,ch46,452,144,,,,확정
person:오스왈드,F2648,사실,정의,ch46,452,144,,,,확정
person:오스왈드,F2649,사실,정의,ch46,452,144,,J6,,확정
person:오스왈드,F2650,사실,정의,ch46,452,144,,,,확정
person:오스왈드,F2651,사실,정의,ch46,452,144,,J7,,확정
person:오스왈드,F2652,사실,정의,ch46,452,144,,,,확정
person:오스왈드,Q129-4,사건,회수,ch46,452,144,,,,확정
person:온리_원,F2194,사실,정의,ch41,414,127,,,,확정
person:온리_원,F2195,사실,정의,ch41,414,127,,,,확정
person:온리_원,Q286,의문,정의,ch41,414,127,일부,J10,,확정
person:온리_원,D881,관계 상대,관계,ch42,416,128,,,person:라피,확정
person:온리_원,D882,관계 상대,관계,ch42,416,128,,,person:라피,확정
person:온리_원,D883,기준,성격,ch42,416,128,,,,확정
person:온리_원,D884,변화,성격,ch42,416,128,,,,확정
person:온리_원,D885,기준,관계,ch42,416,128,,,person:지휘관,확정
person:온리_원,D886,기준,관계,ch42,416,128,,,person:라피,확정
person:온리_원,E908,떡밥,암시,ch42,416,128,,,,확정
person:온리_원,E909,떡밥,암시,ch42,416,128,,,,확정
person:온리_원,E928,떡밥,재언급,ch42,416,128,,,,확정
person:온리_원,F2212,사실,정의,ch42,416,128,,,,확정
person:온리_원,F2213,사실,정의,ch42,416,128,,,,확정
person:온리_원,F2214,사실,정의,ch42,416,128,,J2 J10,,확정
person:온리_원,F2217,사실,정의,ch42,416,128,,,,확정
person:온리_원,F2223,사실,정의,ch42,416,128,,,,확정
person:온리_원,F2224,사실,정의,ch42,416,128,,,,확정
person:온리_원,F2227,사실,정의,ch42,416,128,,,,확정
person:온리_원,F2228,사실,정의,ch42,416,128,,,,확정
person:온리_원,F2229,사실,정의,ch42,416,128,,,,확정
person:온리_원,F2231,사실,정의,ch42,416,128,,,,확정
person:온리_원,F2241,사실,정의,ch42,416,128,,,,확정
person:온리_원,F2245,사실,정의,ch42,416,128,,,,확정
person:온리_원,F2246,사실,정의,ch42,416,128,,,,확정
person:온리_원,F2247,사실,정의,ch42,416,128,,J15,,확정
person:온리_원,F2248,사실,정의,ch42,416,128,,,,확정
person:온리_원,F2249,사실,정의,ch42,416,128,,,,확정
person:온리_원,F2252,사실,정의,ch42,416,128,,,,확정
person:온리_원,Q286-2,사건,회수,ch42,416,128,,,,확정
person:온리_원,D1158,관계 상대,관계,ch46,452,144,,,person:지즈,확정
person:온리_원,D1159,관계 상대,관계,ch46,452,144,,,person:베히모스,확정
person:온리_원,D1160,기준,관계,ch46,452,144,,,,확정
person:온리_원,D1161,변화,성격,ch46,452,144,,,,확정
person:온리_원,D1162,관계 상대,관계,ch46,452,144,,,person:레비아탄,확정
person:온리_원,D1163,관계 상대,관계,ch46,452,144,,,person:요한,확정
person:온리_원,E1104,떡밥,암시,ch46,452,144,,,,확정
person:온리_원,F2624,사실,정의,ch46,452,144,,J10,,확정
person:온리_원,F2625,사실,정의,ch46,452,144,,,,확정
person:온리_원,F2626,사실,정의,ch46,452,144,,,,확정
person:온리_원,F2634,사실,정의,ch46,452,144,,,,확정
person:온리_원,F2635,사실,정의,ch46,452,144,,,,확정
person:온리_원,Q344,의문,정의,ch46,452,144,일부,J10,,확정
person:온리_원,D1312,변화,성격,ch47,470,153,,,,확정
person:온리_원,D1313,기준,관계,ch47,470,153,,,person:마리안,확정
person:온리_원,D1314,기준,신념,ch47,470,153,,,,확정
person:온리_원,D1315,관계 상대,관계,ch47,470,153,,,person:마리안,확정
person:온리_원,D1317,관계 상대,관계,ch47,470,153,,,person:아니스,확정
person:온리_원,D1318,관계 상대,관계,ch47,470,153,,,person:네온,확정
person:온리_원,E1206,떡밥,암시,ch47,470,153,,,,확정
person:온리_원,E1207,떡밥,암시,ch47,470,153,,,,확정
person:온리_원,E1212,떡밥,암시,ch47,470,153,,,,확정
person:온리_원,E1219,떡밥,암시,ch47,470,153,,,,확정
person:온리_원,E1221,떡밥,암시,ch47,470,153,,,,확정
person:온리_원,E1222,떡밥,재언급,ch47,470,153,,,,확정
person:온리_원,F2799,사실,정의,ch47,470,153,,,,확정
person:온리_원,F2800,사실,정의,ch47,470,153,,,,확정
person:온리_원,F2805,사실,정의,ch47,470,153,,,,확정
person:온리_원,F2811,사실,정의,ch47,470,153,,,,확정
person:온리_원,F2812,사실,정의,ch47,470,153,,,,확정
person:온리_원,F2813,사실,정의,ch47,470,153,,,,확정
person:온리_원,Q364,의문,정의,ch47,470,153,일부,J10,,확정
person:온리_원,D1336,변화,신념,ch48,472,154,,,,확정
person:온리_원,D1337,변화,신념,ch48,472,154,,,,확정
person:온리_원,D1338,변화,신체,ch48,472,154,,,,확정
person:온리_원,D1339,관계 상대,관계,ch48,472,154,,,person:마리안,확정
person:온리_원,F2834,사실,정의,ch48,472,154,,,,확정
person:온리_원,F2835,사실,정의,ch48,472,154,,J10,,확정
person:온리_원,F2836,사실,정의,ch48,472,154,,J10,,확정
person:온리_원,F2838,사실,정의,ch48,472,154,,J10,,확정
person:온리_원,F2847,사실,정의,ch48,472,154,,,,확정
person:온리_원,O107,마무리,성장,ch48,472,154,H12,,,확정
person:온리_원,Q344-2,사건,회수,ch48,472,154,,,,확정
person:온리_원,Q364-2,사건,회수,ch48,472,154,,,,확정
person:온리_원,Q364-3,사건,회수,ch48,472,154,,,,확정
person:온리_원,Q365,의문,정의,ch48,472,154,열림,J13,,확정
person:온리_원,E1588,떡밥,재언급,fl:great_villain_union,478,156,,,,확정
person:온리_원,E1589,떡밥,재언급,fl:great_villain_union,478,156,,,,확정
person:올리버,F2562,사실,정의,fl:good_world,448,142,,,,확정
person:올리버,F2564,사실,정의,fl:good_world,448,142,,,,확정
person:요요,D1185,관계 상대,관계,event_staranis1,454,144,,,person:머스탱,확정
person:요요,D1186,기준,관계,event_staranis1,454,144,,,person:머스탱,확정
person:요요,D1187,기준,관계,event_staranis1,454,144,,,person:아니스,확정
person:요요,D1188,변화,신체,event_staranis1,454,144,,,,확정
person:요요,D1189,관계 상대,관계,event_staranis1,454,144,,,person:아니스,확정
person:요요,D1190,기준,성격,event_staranis1,454,144,,,,확정
person:요요,D1202,변화,관계,event_staranis1,454,144,,,person:아니스,확정
person:요요,D1203,관계 상대,관계,event_staranis1,454,144,,,person:머스탱,확정
person:요요,D1204,변화,소속,event_staranis1,454,144,,,,확정
person:요요,D1206,관계 상대,관계,event_staranis1,454,144,,,person:리스,확정
person:요요,D1225,변화,관계,event_staranis1,454,144,,,person:아니스,확정
person:요요,E1124,떡밥,재언급,event_staranis1,454,144,,,,확정
person:요요,E1131,떡밥,재언급,event_staranis1,454,144,,,,확정
person:요요,E1132,떡밥,암시,event_staranis1,454,144,,,,확정
person:요요,E1135,떡밥,재언급,event_staranis1,454,144,,,,확정
person:요요,E1138,떡밥,재언급,event_staranis1,454,144,,,,확정
person:요요,E1139,떡밥,암시,event_staranis1,454,144,,,,확정
person:요요,E1150,떡밥,재언급,event_staranis1,454,144,,,,확정
person:요요,E1151,떡밥,암시,event_staranis1,454,144,,,,확정
person:요요,E1160,떡밥,재언급,event_staranis1,454,144,,,,확정
person:요요,E1161,떡밥,재언급,event_staranis1,454,144,,,,확정
person:요요,F2674,사실,정의,event_staranis1,454,144,,,,확정
person:요요,F2676,사실,정의,event_staranis1,454,144,,,,확정
person:요요,F2677,사실,정의,event_staranis1,454,144,,,,확정
person:요요,F2678,사실,정의,event_staranis1,454,144,,,,확정
person:요요,F2680,사실,정의,event_staranis1,454,144,,,,확정
person:요요,F2683,사실,정의,event_staranis1,454,144,,,,확정
person:요요,F2686,사실,정의,event_staranis1,454,144,,,,확정
person:요요,F2698,사실,정의,event_staranis1,454,144,,J24,,확정
person:요요,F2699,사실,정의,event_staranis1,454,144,,,,확정
person:요요,F2704,사실,정의,event_staranis1,454,144,,,,확정
person:요요,F2895,사실,정의,event_staranis1,454,144,,,,확정
person:요한,E125,떡밥,암시,ch17,140,19,,,,확정
person:요한,D170,기준,성격,ch19,159,25,,,,확정
person:요한,D171,기준,관계,ch19,159,25,,,person:지휘관,확정
person:요한,D172,기준,신념,ch19,159,25,,,,확정
person:요한,E139,떡밥,암시,ch19,159,25,,,,확정
person:요한,F745,사실,정의,ch19,159,25,,J8,,확정
person:요한,F746,사실,정의,ch19,159,25,,,,확정
person:요한,F748,사실,정의,ch19,159,25,,,,확정
person:요한,F752,사실,정의,ch19,159,25,,,,확정
person:요한,F753,사실,정의,ch19,159,25,,,,확정
person:요한,F755,사실,정의,ch19,159,25,,,,확정
person:요한,D183,변화,소속,relic:데일리아크기사스크랩,160,25,,,,확정
person:요한,E144,떡밥,암시,relic:데일리아크기사스크랩,160,25,,,,확정
person:요한,D184,변화,관계,ch20,164,26,,,person:지휘관,확정
person:요한,D185,기준,관계,ch20,164,26,,,person:도로시,확정
person:요한,D186,변화,신념,ch20,164,26,,,,확정
person:요한,D187,관계 상대,관계,ch20,164,26,,,person:지휘관,확정
person:요한,D188,관계 상대,관계,ch20,164,26,,,person:지휘관,확정
person:요한,D191,관계 상대,관계,ch20,164,26,,,person:이사벨,확정
person:요한,D193,관계 상대,관계,ch20,164,26,,,person:세실,확정
person:요한,F761,사실,정의,ch20,164,26,,,,확정
person:요한,F762,사실,정의,ch20,164,26,,J8,,확정
person:요한,F763,사실,정의,ch20,164,26,,,,확정
person:요한,F764,사실,정의,ch20,164,26,,,,확정
person:요한,F767,사실,정의,ch20,164,26,,,,확정
person:요한,F769,사실,정의,ch20,164,26,,,,확정
person:요한,F773,사실,정의,ch20,164,26,,,,확정
person:요한,Q112,의문,정의,ch20,164,26,일부,J8,,확정
person:요한,F840,사실,정의,char:261,184,32,,,,확정
person:요한,D210,변화,관계,ch21,189,35,,,person:지휘관,확정
person:요한,E158,떡밥,암시,ch21,189,35,,,,확정
person:요한,F861,사실,정의,ch21,189,35,,J8,,확정
person:요한,F863,사실,정의,ch21,189,35,,,,확정
person:요한,F864,사실,정의,ch21,189,35,,,,확정
person:요한,F866,사실,정의,ch21,189,35,,,,확정
person:요한,F869,사실,정의,ch21,189,35,,,,확정
person:요한,Q112-2,사건,회수,ch21,189,35,,,,확정
person:요한,E164,떡밥,재언급,sub:에덴_Notice_00,190,35,,,,확정
person:요한,D221,변화,관계,sub:에덴_Notice_02,192,35,,,person:지휘관,확정
person:요한,F877,사실,정의,sub:에덴_Notice_02,192,35,,,,확정
person:요한,F878,사실,정의,sub:에덴_Notice_02,192,35,,,,확정
person:요한,F1751,사실,정의,event_footstepwalkrun1,350,96,,,,확정
person:요한,D840,변화,성격,side:eden_spear,411,126,,,,확정
person:요한,D841,기준,관계,side:eden_spear,411,126,,,person:나유타,확정
person:요한,E886,떡밥,암시,side:eden_spear,411,126,,,,확정
person:요한,F2151,사실,정의,side:eden_spear,411,126,,,,확정
person:요한,F2152,사실,정의,side:eden_spear,411,126,,,,확정
person:요한,F2153,사실,정의,side:eden_spear,411,126,,,,확정
person:요한,F2154,사실,정의,side:eden_spear,411,126,,,,확정
person:요한,F2155,사실,정의,side:eden_spear,411,126,,,,확정
person:요한,F2157,사실,정의,side:eden_spear,411,126,,,,확정
person:요한,F2159,사실,정의,side:eden_spear,411,126,,,,확정
person:요한,F2160,사실,정의,side:eden_spear,411,126,,,,확정
person:요한,F2170,사실,정의,side:eden_spear,411,126,,J8,,확정
person:요한,F2173,사실,정의,side:eden_spear,411,126,,J12,,확정
person:요한,F2254,사실,정의,ch42,416,128,,,,확정
person:요한,Q296,의문,정의,ch42,416,128,풀림,J8,,확정
person:요한,D915,기준,관계,event_goddessfall1,418,128,,,person:노아,확정
person:요한,D923,기준,관계,event_goddessfall1,418,128,,,person:마리안,확정
person:요한,D924,변화,관계,event_goddessfall1,418,128,,,person:나유타,확정
person:요한,D925,변화,관계,event_goddessfall1,418,128,,,person:지휘관,확정
person:요한,D939,변화,관계,event_goddessfall1,418,128,,,person:나유타,확정
person:요한,D954,변화,관계,event_goddessfall1,418,128,,,person:도로시,확정
person:요한,D955,변화,신념,event_goddessfall1,418,128,,,,확정
person:요한,E947,떡밥,암시,event_goddessfall1,418,128,,,,확정
person:요한,F2153-2,사건,드러냄,event_goddessfall1,418,128,,,,확정
person:요한,F2157-2,사건,드러냄,event_goddessfall1,418,128,,,,확정
person:요한,F2257,사실,정의,event_goddessfall1,418,128,,,,확정
person:요한,F2259,사실,정의,event_goddessfall1,418,128,,,,확정
person:요한,F2261,사실,정의,event_goddessfall1,418,128,,,,확정
person:요한,F2263,사실,정의,event_goddessfall1,418,128,,,,확정
person:요한,F2286,사실,정의,event_goddessfall1,418,128,,,,확정
person:요한,F2289,사실,정의,event_goddessfall1,418,128,,J1,,확정
person:요한,F2292,사실,정의,event_goddessfall1,418,128,,,,확정
person:요한,F2295,사실,정의,event_goddessfall1,418,128,,,,확정
person:요한,F2302,사실,정의,event_goddessfall1,418,128,,,,확정
person:요한,F2305,사실,정의,event_goddessfall1,418,128,,,,확정
person:요한,F2312,사실,정의,event_goddessfall1,418,128,,,,확정
person:요한,F2315,사실,정의,event_goddessfall1,418,128,,,,확정
person:요한,F2316,사실,정의,event_goddessfall1,418,128,,,,확정
person:요한,F2317,사실,정의,event_goddessfall1,418,128,,J7,,확정
person:요한,F2318,사실,정의,event_goddessfall1,418,128,,J8,,확정
person:요한,F2319,사실,정의,event_goddessfall1,418,128,,,,확정
person:요한,O39,마무리,관계,event_goddessfall1,418,128,H5,,,확정
person:요한,O51,마무리,성장,event_goddessfall1,418,128,H5,,,확정
person:요한,Q296-2,사건,회수,event_goddessfall1,418,128,,,,확정
person:요한,D964,관계 상대,관계,erelic:goddess_fall_mini,419,128,,,person:노아,확정
person:요한,D969,기준,관계,erelic:goddess_fall_mini,419,128,,,person:하란,확정
person:요한,D970,관계 상대,관계,erelic:goddess_fall_mini,419,128,,,person:하란,확정
person:요한,D971,변화,신념,erelic:goddess_fall_mini,419,128,,,,확정
person:요한,E960,떡밥,재언급,erelic:goddess_fall_mini,419,128,,,,확정
person:요한,E965,떡밥,재언급,erelic:goddess_fall_mini,419,128,,,,확정
person:요한,F2326,사실,정의,erelic:goddess_fall_mini,419,128,,,,확정
person:요한,F2329,사실,정의,erelic:goddess_fall_mini,419,128,,,,확정
person:요한,F2334,사실,정의,erelic:goddess_fall_mini,419,128,,J8,,확정
person:요한,F2335,사실,정의,erelic:goddess_fall_mini,419,128,,J8,,확정
person:요한,F2336,사실,정의,erelic:goddess_fall_mini,419,128,,,,확정
person:요한,F2337,사실,정의,erelic:goddess_fall_mini,419,128,,J8,,확정
person:요한,F2338,사실,정의,erelic:goddess_fall_mini,419,128,,,,확정
person:요한,U355,생활상,방주 사회,erelic:goddess_fall_mini,419,128,,,,확정
person:요한,D1033,변화,관계,ch44,436,138,,,person:지휘관,확정
person:요한,F2423,사실,정의,ch44,436,138,,,,확정
person:요한,F2434,사실,정의,ch44,436,138,,,,확정
person:요한,E1078,떡밥,재언급,ch45,450,143,,,,확정
person:요한,F2572,사실,정의,ch45,450,143,,,,확정
person:요한,F2577,사실,정의,ch45,450,143,,,,확정
person:요한,D1163,기준,관계,ch46,452,144,,,person:온리_원,확정
person:요한,E1095,떡밥,재언급,ch46,452,144,,,,확정
person:요한,F2612,사실,정의,ch46,452,144,,,,확정
person:요한,F2634,사실,정의,ch46,452,144,,,,확정
person:요한,D1309,변화,관계,ch47,470,153,,,person:지휘관,확정
person:요한,E1218,떡밥,재언급,ch47,470,153,,,,확정
person:요한,F2802,사실,정의,ch47,470,153,,,,확정
person:요한,F2803,사실,정의,ch47,470,153,,,,확정
person:요한,F2804,사실,정의,ch47,470,153,,,,확정
person:요한,F2806,사실,정의,ch47,470,153,,,,확정
person:요한,O97,마무리,관계,ch47,470,153,,,,확정
person:웬디,E572,떡밥,재언급,event_footstepwalkrun1,350,96,,,,확정
person:웬디,F1745,사실,정의,event_footstepwalkrun1,350,96,,,,확정
person:웬디,F1747,사실,정의,event_footstepwalkrun1,350,96,,,,확정
person:웬디,F1748,사실,정의,event_footstepwalkrun1,350,96,,J24,,확정
person:웬디,F1749,사실,정의,event_footstepwalkrun1,350,96,,,,확정
person:웬디,F1748-2,사건,드러냄,side:pretty_star,447,142,,,,확정
person:유니,D23,기준,성격,ch02,4,3,,,,확정
person:유니,F46,사실,정의,ch02,4,3,,,,확정
person:유니,D29,기준,관계,ch03,10,4,,,person:미하라,확정
person:유니,E19,떡밥,암시,ch03,10,4,,,,확정
person:유니,E20,떡밥,암시,ch03,10,4,,,,확정
person:유니,F62,사실,정의,ch03,10,4,,,,확정
person:유니,D32,관계 상대,관계,ch04,15,5,,,person:미하라,확정
person:유니,D33,기준,관계,ch04,15,5,,,person:지휘관,확정
person:유니,E22,떡밥,암시,ch04,15,5,,,,확정
person:유니,E23,떡밥,암시,ch04,15,5,,,,확정
person:유니,E24,떡밥,암시,ch04,15,5,,,,확정
person:유니,F69,사실,정의,ch04,15,5,,,,확정
person:유니,F87,사실,정의,ch04,15,5,,,,확정
person:유니,D98,변화,관계,ch12,59,13,,,person:미하라,확정
person:유니,D99,변화,관계,ch12,59,13,,,person:라피,확정
person:유니,F317,사실,정의,ch12,59,13,,,,확정
person:유니,D138,기준,관계,ch16,80,17,,,person:슈엔,확정
person:유니,D1901,변화,신념,char:160,124,17,,,,확정
person:유니,D1902,변화,관계,char:160,124,17,,,person:지휘관,확정
person:유니,F624,사실,정의,char:160,124,17,,,,확정
person:유니,D151,변화,관계,ch17,140,19,,,person:슈엔,확정
person:유니,F692,사실,정의,ch17,140,19,,,,확정
person:유니,D162,변화,관계,ch18,146,20,,,person:지휘관,확정
person:유니,F708,사실,정의,ch18,146,20,,,,확정
person:유니,E153,떡밥,암시,event_cherryblossom,183,32,,,,확정
person:유니,D277,변화,관계,ch23,214,43,,,person:지휘관,확정
person:유니,F987,사실,정의,ch23,214,43,,,,확정
person:유니,F995,사실,정의,ch23,214,43,,J21,,확정
person:유니,F998,사실,정의,ch23,214,43,,,,확정
person:유니,O3,마무리,관계,ch23,214,43,,,,확정
person:유니,D282,변화,관계,ch24,219,44,,,person:미하라,확정
person:유니,D283,관계 상대,관계,ch24,219,44,,,person:미하라,확정
person:유니,D292,변화,소속,ch24,219,44,,,,확정
person:유니,F1008,사실,정의,ch24,219,44,,,,확정
person:유니,F1011,사실,정의,ch24,219,44,,,,확정
person:유니,F1012,사실,정의,ch24,219,44,,J23,,확정
person:유니,F1013,사실,정의,ch24,219,44,,,,확정
person:유니,F1014,사실,정의,ch24,219,44,,J21,,확정
person:유니,F1021,사실,정의,ch24,219,44,,,,확정
person:유니,D524,변화,신체,side:wordless,331,89,,,,확정
person:유니,D525,변화,관계,side:wordless,331,89,,,person:미하라,확정
person:유니,D526,변화,소속,side:wordless,331,89,,,,확정
person:유니,D527,관계 상대,관계,side:wordless,331,89,,,person:미하라,확정
person:유니,D531,관계 상대,관계,side:wordless,331,89,,,person:슈엔,확정
person:유니,D532,관계 상대,관계,side:wordless,331,89,,,person:마나,확정
person:유니,E469,떡밥,재언급,side:wordless,331,89,,,,확정
person:유니,E470,떡밥,재언급,side:wordless,331,89,,,,확정
person:유니,E471,떡밥,재언급,side:wordless,331,89,,,,확정
person:유니,E472,떡밥,재언급,side:wordless,331,89,,,,확정
person:유니,E474,떡밥,암시,side:wordless,331,89,,,,확정
person:유니,F1613,사실,정의,side:wordless,331,89,,,,확정
person:유니,F1614,사실,정의,side:wordless,331,89,,,,확정
person:유니,F1617,사실,정의,side:wordless,331,89,,,,확정
person:유니,F1618,사실,정의,side:wordless,331,89,,,,확정
person:유니,F1619,사실,정의,side:wordless,331,89,,,,확정
person:유니,O13,마무리,관계,side:wordless,331,89,H1,,,확정
person:유니,O14,마무리,갈등,side:wordless,331,89,H1,,,확정
person:유니,Q213,의문,정의,side:wordless,331,89,일부,J23,,확정
person:유니,E608,떡밥,재언급,ch35,358,101,,,,확정
person:유니,F1850,사실,정의,side:mudfish,370,107,,,,확정
person:유니,Q237,의문,정의,side:mudfish,370,107,풀림,J23,,확정
person:유니,D690,기준,관계,event_unbreakablesphere1,377,109,,,person:모리,확정
person:유니,D691,변화,관계,event_unbreakablesphere1,377,109,,,person:모리,확정
person:유니,D692,변화,신념,event_unbreakablesphere1,377,109,,,,확정
person:유니,E681,떡밥,암시,event_unbreakablesphere1,377,109,,,,확정
person:유니,E682,떡밥,암시,event_unbreakablesphere1,377,109,,,,확정
person:유니,E697,떡밥,암시,event_unbreakablesphere1,377,109,,,,확정
person:유니,E701,떡밥,재언급,event_unbreakablesphere1,377,109,,,,확정
person:유니,E702,떡밥,암시,event_unbreakablesphere1,377,109,,,,확정
person:유니,E703,떡밥,재언급,event_unbreakablesphere1,377,109,,,,확정
person:유니,F1884,사실,정의,event_unbreakablesphere1,377,109,,J12,,확정
person:유니,F1884-2,사건,드러냄,event_unbreakablesphere1,377,109,,,,확정
person:유니,F1892,사실,정의,event_unbreakablesphere1,377,109,,,,확정
person:유니,F1893,사실,정의,event_unbreakablesphere1,377,109,,,,확정
person:유니,F1894,사실,정의,event_unbreakablesphere1,377,109,,,,확정
person:유니,F1898,사실,정의,event_unbreakablesphere1,377,109,,J23,,확정
person:유니,F1900,사실,정의,event_unbreakablesphere1,377,109,,,,확정
person:유니,F1901,사실,정의,event_unbreakablesphere1,377,109,,,,확정
person:유니,F1903,사실,정의,event_unbreakablesphere1,377,109,,J12,,확정
person:유니,O164,마무리,성장,event_unbreakablesphere1,377,109,H3,,,확정
person:유니,Q213-2,사건,회수,event_unbreakablesphere1,377,109,,,,확정
person:유니,Q237-2,사건,회수,event_unbreakablesphere1,377,109,,,,확정
person:유니,E1433,떡밥,재언급,char:162,382,110,,,,확정
person:유니,F1919,사실,정의,char:162,382,110,,,,확정
person:유니,F1922,사실,정의,char:162,382,110,,,,확정
person:유니,Q213-3,사건,회수,fl:project_matis,467,151,,,,확정
person:유키코,D1756,기준,성격,fl:persona_on_frontline,474,154,,,,확정
person:유키코,D1757,변화,소속,fl:persona_on_frontline,474,154,,,,확정
person:유키코,E1582,떡밥,암시,fl:persona_on_frontline,474,154,,,,확정
person:유키코,F2853,사실,정의,fl:persona_on_frontline,474,154,,,,확정
person:유키코,F2854,사실,정의,fl:persona_on_frontline,474,154,,,,확정
person:유키코,F2858,사실,정의,fl:persona_on_frontline,474,154,,,,확정
person:유키코,F2863,사실,정의,fl:persona_on_frontline,474,154,,,,확정
person:유키코,F2905,사실,정의,fl:persona_on_frontline,474,154,,,,확정
person:유키코,D2230,변화,신념,char:871,477,155,,,,확정
person:유키코,F2871,사실,정의,char:871,477,155,,,,확정
person:율리아,D94,기준,성격,sub:음악_애호가_00,54,12,,,,확정
person:율리아,F297,사실,정의,sub:음악_애호가_00,54,12,,,,확정
person:율리아,D1903,기준,신념,char:150,125,17,,,,확정
person:율리아,D1904,기준,관계,char:150,125,17,,,person:머스탱,확정
person:율리아,D1905,기준,관계,char:150,125,17,,,person:지휘관,확정
person:율리아,D1906,변화,신념,char:150,125,17,,,,확정
person:율리아,D1907,변화,신념,char:150,125,17,,,,확정
person:율리아,D1908,변화,관계,char:150,125,17,,,person:지휘관,확정
person:율리아,D1909,변화,소속,char:150,125,17,,,,확정
person:율리아,F625,사실,정의,char:150,125,17,,,,확정
person:율리아,F626,사실,정의,char:150,125,17,,,,확정
person:율리아,E137,떡밥,재언급,event_brandnewyear,157,23,,,,확정
person:율리아,F735,사실,정의,event_brandnewyear,157,23,,,,확정
person:율리아,E1454,떡밥,암시,fl:terminus_ticket,425,131,,,,확정
person:율리아,F2351,사실,정의,fl:terminus_ticket,425,131,,,,확정
person:율하,D118,기준,성격,ch14,69,15,,,,확정
person:율하,D1879,기준,관계,char:172,117,17,,,person:애드미,확정
person:율하,F602,사실,정의,char:172,117,17,,,,확정
person:율하,D1910,기준,관계,char:171,126,17,,,person:지휘관,확정
person:율하,D1911,기준,신념,char:171,126,17,,,,확정
person:율하,D1912,기준,관계,char:171,126,17,,,person:파피용,확정
person:율하,D1913,변화,관계,char:171,126,17,,,person:지휘관,확정
person:율하,D1914,변화,관계,char:171,126,17,,,person:지휘관,확정
person:율하,F627,사실,정의,char:171,126,17,,,,확정
person:율하,F628,사실,정의,char:171,126,17,,,,확정
person:율하,D1943,기준,관계,char:170,133,17,,,person:프리바티,확정
person:율하,F651,사실,정의,char:170,133,17,,,,확정
person:율하,F652,사실,정의,char:170,133,17,,,,확정
person:율하,F820,사실,정의,char:800,178,30,,,,확정
person:율하,F900,사실,정의,sub:중앙정부_트라이앵글_00,218,43,,,,확정
person:율하,F651-2,사건,드러냄,event_perfectmaid,267,63,,,,확정
person:율하,F1591,사실,정의,event_colorless,319,82,,,,확정
person:율하,F1593,사실,정의,char:390,320,82,,,,확정
person:율하,F1594,사실,정의,char:390,320,82,,,,확정
person:율하,F1778,사실,정의,char:290,354,98,,,,확정
person:율하,E1574,떡밥,재언급,fl:persona_on_frontline,474,154,,,,확정
person:율하,F2862,사실,정의,fl:persona_on_frontline,474,154,,,,확정
person:율하,F2868,사실,정의,fl:persona_on_frontline,474,154,,,,확정
person:은화,D38,기준,성격,ch04,15,5,,,,확정
person:은화,D39,기준,관계,ch04,15,5,,,person:라피,확정
person:은화,F75,사실,정의,ch04,15,5,,,,확정
person:은화,F77,사실,정의,ch04,15,5,,,,확정
person:은화,F278,사실,정의,ch10,48,11,,,,확정
person:은화,F304,사실,정의,ch12,59,13,,J22,,확정
person:은화,F562,사실,정의,char:91,106,17,,,,확정
person:은화,D1915,기준,관계,char:92,127,17,,,person:지휘관,확정
person:은화,D1916,기준,신념,char:92,127,17,,,,확정
person:은화,D1917,기준,기억,char:92,127,17,,,,확정
person:은화,D1918,변화,관계,char:92,127,17,,,person:지휘관,확정
person:은화,D1919,변화,신념,char:92,127,17,,,,확정
person:은화,F629,사실,정의,char:92,127,17,,,,확정
person:은화,F630,사실,정의,char:92,127,17,,,,확정
person:은화,F631,사실,정의,char:92,127,17,,,,확정
person:은화,D496,변화,관계,ch31,308,80,,,person:지휘관,확정
person:은화,E437,떡밥,암시,ch31,308,80,,,,확정
person:은화,F1526,사실,정의,ch31,308,80,,,,확정
person:은화,F1529,사실,정의,ch31,308,80,,,,확정
person:은화,F1531,사실,정의,ch31,308,80,,,,확정
person:은화,F1534,사실,정의,ch31,308,80,,,,확정
person:은화,D503,관계 상대,관계,ch32,310,81,,,person:베스티,확정
person:은화,D516,관계 상대,관계,ch32,310,81,,,person:라피,확정
person:은화,D517,변화,관계,ch32,310,81,,,person:라피,확정
person:은화,E454,떡밥,재언급,ch32,310,81,,,,확정
person:은화,E459,떡밥,재언급,ch32,310,81,,,,확정
person:은화,F1544,사실,정의,ch32,310,81,,,,확정
person:은화,F1546,사실,정의,ch32,310,81,,,,확정
person:은화,F1557,사실,정의,ch32,310,81,,,,확정
person:은화,F1559,사실,정의,ch32,310,81,,J2,,확정
person:은화,F1560,사실,정의,ch32,310,81,,,,확정
person:은화,O17,마무리,관계,ch32,310,81,,,,확정
person:은화,Q205,의문,정의,ch32,310,81,풀림,J2,,확정
person:은화,F1640,사실,정의,ch33,334,90,,,,확정
person:은화,D550,변화,관계,ch34,336,91,,,person:라피,확정
person:은화,E499,떡밥,재언급,ch34,336,91,,,,확정
person:은화,E517,떡밥,암시,ch34,336,91,,,,확정
person:은화,F1644,사실,정의,ch34,336,91,,J2,,확정
person:은화,F1645,사실,정의,ch34,336,91,,,,확정
person:은화,Q205-2,사건,회수,ch34,336,91,,,,확정
person:은화,D804,기준,관계,fl:absolute,400,119,,,person:베스티,확정
person:은화,D805,변화,신념,fl:absolute,400,119,,,,확정
person:은화,D806,변화,관계,fl:absolute,400,119,,,person:베스티,확정
person:은화,D807,관계 상대,관계,fl:absolute,400,119,,,person:엠마,확정
person:은화,D809,관계 상대,관계,fl:absolute,400,119,,,person:엠마,확정
person:은화,D810,관계 상대,관계,fl:absolute,400,119,,,person:엠마,확정
person:은화,D811,관계 상대,관계,fl:absolute,400,119,,,person:베스티,확정
person:은화,D813,관계 상대,관계,fl:absolute,400,119,,,person:베스티,확정
person:은화,D814,관계 상대,관계,fl:absolute,400,119,,,person:잉그리드,확정
person:은화,E832,떡밥,암시,fl:absolute,400,119,,,,확정
person:은화,E833,떡밥,암시,fl:absolute,400,119,,,,확정
person:은화,E834,떡밥,암시,fl:absolute,400,119,,,,확정
person:은화,E836,떡밥,암시,fl:absolute,400,119,,,,확정
person:은화,E838,떡밥,재언급,fl:absolute,400,119,,,,확정
person:은화,E839,떡밥,재언급,fl:absolute,400,119,,,,확정
person:은화,E840,떡밥,재언급,fl:absolute,400,119,,,,확정
person:은화,E842,떡밥,재언급,fl:absolute,400,119,,,,확정
person:은화,E844,떡밥,재언급,fl:absolute,400,119,,,,확정
person:은화,E846,떡밥,재언급,fl:absolute,400,119,,,,확정
person:은화,E847,떡밥,재언급,fl:absolute,400,119,,,,확정
person:은화,E850,떡밥,재언급,fl:absolute,400,119,,,,확정
person:은화,E851,떡밥,재언급,fl:absolute,400,119,,,,확정
person:은화,E852,떡밥,재언급,fl:absolute,400,119,,,,확정
person:은화,F1529-2,사건,드러냄,fl:absolute,400,119,,,,확정
person:은화,F2099,사실,정의,fl:absolute,400,119,,,,확정
person:은화,F2101,사실,정의,fl:absolute,400,119,,,,확정
person:은화,F2105,사실,정의,fl:absolute,400,119,,,,확정
person:은화,F2106,사실,정의,fl:absolute,400,119,,,,확정
person:은화,F2107,사실,정의,fl:absolute,400,119,,,,확정
person:은화,F2108,사실,정의,fl:absolute,400,119,,,,확정
person:은화,F2109,사실,정의,fl:absolute,400,119,,,,확정
person:은화,F2889,사실,정의,fl:absolute,400,119,,,,확정
person:은화,O32,마무리,관계,fl:absolute,400,119,H4,,,확정
person:은화,O168,마무리,성장,fl:absolute,400,119,H4,,,확정
person:은화,D2177,변화,기억,char:95,402,120,,,,확정
person:은화,D2178,변화,관계,char:95,402,120,,,person:지휘관,확정
person:은화,F629-2,사건,드러냄,char:95,402,120,,,,확정
person:은화,F2112,사실,정의,char:95,402,120,,,,확정
person:은화,F2113,사실,정의,char:95,402,120,,,,확정
person:은화,O34,마무리,관계,char:95,402,120,,,,확정
person:은화,E1567,떡밥,암시,fl:persona_on_frontline,474,154,,,,확정
person:은화,F2905,사실,정의,fl:persona_on_frontline,474,154,,,,확정
person:이례의_기록자,F151,사실,정의,sub:이례의_기록자_00,17,5,,,,확정
person:이례의_기록자,F152,사실,정의,sub:이례의_기록자_00,17,5,,,,확정
person:이브,F1976,사실,정의,event_ce006,387,113,,,,확정
person:이브,F1982,사실,정의,event_ce006,387,113,,,,확정
person:이브,D2168,기준,신념,char:850,389,113,,,,확정
person:이사벨,D1401,기준,관계,char:231,128,17,,,person:지휘관,확정
person:이사벨,D1402,변화,관계,char:231,128,17,,,person:지휘관,확정
person:이사벨,D1403,기준,성격,char:231,128,17,,,,확정
person:이사벨,E1277,떡밥,암시,char:231,128,17,,,,확정
person:이사벨,F633,사실,정의,char:231,128,17,,,,확정
person:이사벨,F634,사실,정의,char:231,128,17,,,,확정
person:이사벨,F635,사실,정의,char:231,128,17,,,,확정
person:이사벨,F636,사실,정의,char:231,128,17,,,,확정
person:이사벨,Q88,의문,정의,char:231,128,17,일부,J29,,확정
person:이사벨,F745,사실,정의,ch19,159,25,,J8,,확정
person:이사벨,F746,사실,정의,ch19,159,25,,,,확정
person:이사벨,F751,사실,정의,ch19,159,25,,,,확정
person:이사벨,D191,기준,관계,ch20,164,26,,,person:요한,확정
person:이사벨,D192,기준,신념,ch20,164,26,,,,확정
person:이사벨,F762,사실,정의,ch20,164,26,,J8,,확정
person:이사벨,F764,사실,정의,ch20,164,26,,,,확정
person:이사벨,E159,떡밥,암시,ch21,189,35,,,,확정
person:이사벨,F867,사실,정의,ch21,189,35,,,,확정
person:이사벨,F874,사실,정의,sub:에덴_Notice_00,190,35,,,,확정
person:이사벨,D220,변화,관계,sub:에덴_Notice_01,191,35,,,person:지휘관,확정
person:이사벨,F876,사실,정의,sub:에덴_Notice_01,191,35,,J29,,확정
person:이사벨,Q88-2,사건,회수,sub:에덴_Notice_01,191,35,,,,확정
person:이사벨,F2157,사실,정의,side:eden_spear,411,126,,,,확정
person:이사벨,F2166,사실,정의,side:eden_spear,411,126,,,,확정
person:이사벨,F2167,사실,정의,side:eden_spear,411,126,,J8,,확정
person:이사벨,D911,기준,관계,event_goddessfall1,418,128,,,person:파피용,확정
person:이사벨,D927,변화,관계,event_goddessfall1,418,128,,,person:파피용,확정
person:이사벨,D928,관계 상대,관계,event_goddessfall1,418,128,,,person:홍련,확정
person:이사벨,D929,변화,신체,event_goddessfall1,418,128,,,,확정
person:이사벨,D930,변화,관계,event_goddessfall1,418,128,,,person:지휘관,확정
person:이사벨,F2157-2,사건,드러냄,event_goddessfall1,418,128,,,,확정
person:이사벨,F2261,사실,정의,event_goddessfall1,418,128,,,,확정
person:이사벨,F2294,사실,정의,event_goddessfall1,418,128,,,,확정
person:이사벨,F2298,사실,정의,event_goddessfall1,418,128,,,,확정
person:이사벨,F2299,사실,정의,event_goddessfall1,418,128,,,,확정
person:이사벨,F2315,사실,정의,event_goddessfall1,418,128,,,,확정
person:이사벨,O183,마무리,관계,event_goddessfall1,418,128,H5,,,확정
person:이사벨,Q304,의문,정의,event_goddessfall1,418,128,열림,J29,,확정
person:이사벨,D959,관계 상대,관계,erelic:goddess_fall_mini,419,128,,,person:하란,확정
person:이사벨,D960,기준,관계,erelic:goddess_fall_mini,419,128,,,person:하란,확정
person:이사벨,D961,변화,신념,erelic:goddess_fall_mini,419,128,,,,확정
person:이사벨,D962,관계 상대,관계,erelic:goddess_fall_mini,419,128,,,person:도로시,확정
person:이사벨,D963,관계 상대,관계,erelic:goddess_fall_mini,419,128,,,person:도로시,확정
person:이사벨,D972,관계 상대,관계,erelic:goddess_fall_mini,419,128,,,person:세실,확정
person:이사벨,E966,떡밥,재언급,erelic:goddess_fall_mini,419,128,,,,확정
person:이사벨,E968,떡밥,재언급,erelic:goddess_fall_mini,419,128,,,,확정
person:이사벨,F2327,사실,정의,erelic:goddess_fall_mini,419,128,,,,확정
person:이사벨,F2328,사실,정의,erelic:goddess_fall_mini,419,128,,,,확정
person:이사벨,F2329,사실,정의,erelic:goddess_fall_mini,419,128,,,,확정
person:이사벨,F2338,사실,정의,erelic:goddess_fall_mini,419,128,,,,확정
person:이사벨,F2339,사실,정의,erelic:goddess_fall_mini,419,128,,,,확정
person:이사벨,E970,떡밥,재언급,fl:ark_guardian,428,133,,,,확정
person:이사벨,E1095,떡밥,재언급,ch46,452,144,,,,확정
person:이사벨,F2629,사실,정의,ch46,452,144,,,,확정
person:이안_맥스,F1327,사실,정의,sub:핸섬_커맨더_00,276,66,,,,확정
person:이안_맥스,F1328,사실,정의,sub:핸섬_커맨더_00,276,66,,,,확정
person:이안_맥스,Q174,의문,정의,sub:핸섬_커맨더_00,276,66,풀림,J52,,확정
person:이안_맥스,D392,변화,관계,sub:핸섬_커맨더_01,277,66,,,person:지휘관,확정
person:이안_맥스,F1329,사실,정의,sub:핸섬_커맨더_01,277,66,,,,확정
person:이안_맥스,F1330,사실,정의,sub:핸섬_커맨더_01,277,66,,,,확정
person:이안_맥스,F1331,사실,정의,sub:핸섬_커맨더_01,277,66,,,,확정
person:이안_맥스,U201,생활상,방주 사회,sub:핸섬_커맨더_01,277,66,,,,확정
person:이안_맥스,Q174-2,사건,회수,sub:MMR지킴이_00,278,66,,,,확정
person:이터니티,F2058,사실,정의,ch39,396,118,,,,확정
person:이터니티,F2059,사실,정의,ch39,396,118,,,,확정
person:이터니티,Q267,의문,정의,ch39,396,118,일부,J16,,확정
person:이터니티,U307,생활상,방주 사회,ch39,396,118,,,,확정
person:이터니티,F2058-2,사건,드러냄,ch40,398,119,,,,확정
person:이터니티,D896,기준,관계,ch42,416,128,,,person:아니스,확정
person:이터니티,F2234,사실,정의,ch42,416,128,,,,확정
person:이터니티,F2235,사실,정의,ch42,416,128,,,,확정
person:이터니티,F2236,사실,정의,ch42,416,128,,J16,,확정
person:이터니티,Q267-2,사건,회수,ch42,416,128,,,,확정
person:이터니티,F2059-2,사건,드러냄,fl:enter_heaven,442,140,,,,확정
person:이터니티,D1133,관계 상대,관계,ch45,450,143,,,person:에닉,확정
person:이터니티,E1085,떡밥,재언급,ch45,450,143,,,,확정
person:이터니티,F2584,사실,정의,ch45,450,143,,,,확정
person:이터니티,F2601,사실,정의,ch45,450,143,,,,확정
person:이터니티,F2235-2,사건,드러냄,fl:ark_ranger,462,148,,,,확정
person:이터니티,F2731,사실,정의,fl:ark_ranger,462,148,,,,확정
person:이터니티,F2818,사실,정의,ch47,470,153,,,,확정
person:인디빌리아,F838,사실,정의,char:261,184,32,,,,확정
person:인디빌리아,F897,사실,정의,ch22,195,36,,,,확정
person:인디빌리아,Q126,의문,정의,ch22,195,36,풀림,J15,,확정
person:인디빌리아,F1030,사실,정의,ch24,219,44,,,,확정
person:인디빌리아,F1032,사실,정의,ch24,219,44,,J15,,확정
person:인디빌리아,F1033,사실,정의,ch24,219,44,,,,확정
person:인디빌리아,F1034,사실,정의,ch24,219,44,,J2,,확정
person:인디빌리아,F1038,사실,정의,ch24,219,44,,,,확정
person:인디빌리아,Q126-2,사건,회수,ch24,219,44,,,,확정
person:인디빌리아,F1101,사실,정의,ch25,241,54,,,,확정
person:인디빌리아,F1103,사실,정의,ch25,241,54,,,,확정
person:인디빌리아,D459,기준,성격,event_lastkingdom1,295,73,,,,확정
person:인디빌리아,D460,기준,관계,event_lastkingdom1,295,73,,,person:토커티브,확정
person:인디빌리아,D461,변화,관계,event_lastkingdom1,295,73,,,person:크라운,확정
person:인디빌리아,D462,변화,기억,event_lastkingdom1,295,73,,,,확정
person:인디빌리아,E395,떡밥,암시,event_lastkingdom1,295,73,,,,확정
person:인디빌리아,E408,떡밥,암시,event_lastkingdom1,295,73,,,,확정
person:인디빌리아,E411,떡밥,암시,event_lastkingdom1,295,73,,,,확정
person:인디빌리아,E413,떡밥,암시,event_lastkingdom1,295,73,,,,확정
person:인디빌리아,F1429,사실,정의,event_lastkingdom1,295,73,,,,확정
person:인디빌리아,F1430,사실,정의,event_lastkingdom1,295,73,,,,확정
person:인디빌리아,F1432,사실,정의,event_lastkingdom1,295,73,,,,확정
person:인디빌리아,F1434,사실,정의,event_lastkingdom1,295,73,,,,확정
person:인디빌리아,F1436,사실,정의,event_lastkingdom1,295,73,,,,확정
person:인디빌리아,F1445,사실,정의,event_lastkingdom1,295,73,,J28,,확정
person:인디빌리아,F1446,사실,정의,event_lastkingdom1,295,73,,,,확정
person:인디빌리아,F1448,사실,정의,event_lastkingdom1,295,73,,,,확정
person:인디빌리아,F1452,사실,정의,event_lastkingdom1,295,73,,J1,,확정
person:인디빌리아,F1453,사실,정의,event_lastkingdom1,295,73,,,,확정
person:인디빌리아,E486,떡밥,재언급,ch33,334,90,,,,확정
person:인디빌리아,F1636,사실,정의,ch33,334,90,,J10,,확정
person:인디빌리아,F1641,사실,정의,relic:소녀의일기-절망편-,335,90,,J10,,확정
person:인디빌리아,E622,떡밥,재언급,ch36,360,102,,,,확정
person:인디빌리아,F1812,사실,정의,ch36,360,102,,,,확정
person:인디빌리아,E830,떡밥,재언급,fl:absolute,400,119,,,,확정
person:인디빌리아,E840,떡밥,재언급,fl:absolute,400,119,,,,확정
person:인디빌리아,E887,떡밥,재언급,side:eden_spear,411,126,,,,확정
person:인디빌리아,F1103-2,사건,드러냄,side:eden_spear,411,126,,,,확정
person:인디빌리아,F2161,사실,정의,side:eden_spear,411,126,,,,확정
person:인디빌리아,D901,기준,관계,event_goddessfall1,418,128,,,person:마리안,확정
person:인디빌리아,D903,변화,관계,event_goddessfall1,418,128,,,person:마리안,확정
person:인디빌리아,D944,관계 상대,관계,event_goddessfall1,418,128,,,person:니힐리스타,확정
person:인디빌리아,D945,변화,신체,event_goddessfall1,418,128,,,,확정
person:인디빌리아,E954,떡밥,재언급,event_goddessfall1,418,128,,,,확정
person:인디빌리아,E955,떡밥,재언급,event_goddessfall1,418,128,,,,확정
person:인디빌리아,F2272,사실,정의,event_goddessfall1,418,128,,,,확정
person:인디빌리아,F2273,사실,정의,event_goddessfall1,418,128,,,,확정
person:인디빌리아,F2274,사실,정의,event_goddessfall1,418,128,,,,확정
person:인디빌리아,F2275,사실,정의,event_goddessfall1,418,128,,,,확정
person:인디빌리아,F2276,사실,정의,event_goddessfall1,418,128,,,,확정
person:인디빌리아,F2284,사실,정의,event_goddessfall1,418,128,,,,확정
person:인디빌리아,F2287,사실,정의,event_goddessfall1,418,128,,,,확정
person:인디빌리아,F2300,사실,정의,event_goddessfall1,418,128,,,,확정
person:인디빌리아,F2302,사실,정의,event_goddessfall1,418,128,,,,확정
person:인디빌리아,F2309,사실,정의,event_goddessfall1,418,128,,,,확정
person:인디빌리아,F2310,사실,정의,event_goddessfall1,418,128,,,,확정
person:인디빌리아,E1099,떡밥,재언급,ch46,452,144,,,,확정
person:일레그,D377,기준,성격,ch27,270,65,,,,확정
person:일레그,E325,떡밥,암시,ch27,270,65,,,,확정
person:일레그,E327,떡밥,암시,ch27,270,65,,,,확정
person:일레그,E328,떡밥,암시,ch27,270,65,,,,확정
person:일레그,F1291,사실,정의,ch27,270,65,,,,확정
person:일레그,F1293,사실,정의,ch27,270,65,,,,확정
person:일레그,F1294,사실,정의,ch27,270,65,,,,확정
person:일레그,F1296,사실,정의,ch27,270,65,,,,확정
person:일레그,F1297,사실,정의,ch27,270,65,,J11,,확정
person:일레그,F1298,사실,정의,ch27,270,65,,,,확정
person:일레그,F1300,사실,정의,ch27,270,65,,,,확정
person:일레그,Q163,의문,정의,ch27,270,65,일부,J11,,확정
person:일레그,Q165,의문,정의,ch27,270,65,풀림,J18,,확정
person:일레그,D389,기준,신념,ch28,275,66,,,,확정
person:일레그,D390,기준,관계,ch28,275,66,,,person:리버린,확정
person:일레그,E336,떡밥,암시,ch28,275,66,,,,확정
person:일레그,F1308,사실,정의,ch28,275,66,,,,확정
person:일레그,F1312,사실,정의,ch28,275,66,,,,확정
person:일레그,F1313,사실,정의,ch28,275,66,,,,확정
person:일레그,F1315,사실,정의,ch28,275,66,,,,확정
person:일레그,F1318,사실,정의,ch28,275,66,,,,확정
person:일레그,F1319,사실,정의,ch28,275,66,,,,확정
person:일레그,F1320,사실,정의,ch28,275,66,,,,확정
person:일레그,F1322,사실,정의,ch28,275,66,,,,확정
person:일레그,Q171,의문,정의,ch28,275,66,풀림,J19,,확정
person:일레그,Q172,의문,정의,ch28,275,66,일부,J11,,확정
person:일레그,D396,관계 상대,관계,event_boomsday,280,66,,,person:트로니,확정
person:일레그,D397,관계 상대,관계,event_boomsday,280,66,,,person:트로니,확정
person:일레그,D399,기준,관계,event_boomsday,280,66,,,person:트로니,확정
person:일레그,D400,기준,관계,event_boomsday,280,66,,,person:지휘관,확정
person:일레그,E343,떡밥,암시,event_boomsday,280,66,,,,확정
person:일레그,E345,떡밥,암시,event_boomsday,280,66,,,,확정
person:일레그,E350,떡밥,재언급,event_boomsday,280,66,,,,확정
person:일레그,E351,떡밥,재언급,event_boomsday,280,66,,,,확정
person:일레그,E352,떡밥,암시,event_boomsday,280,66,,,,확정
person:일레그,F1336,사실,정의,event_boomsday,280,66,,,,확정
person:일레그,F1337,사실,정의,event_boomsday,280,66,,,,확정
person:일레그,F1339,사실,정의,event_boomsday,280,66,,J19,,확정
person:일레그,F1340,사실,정의,event_boomsday,280,66,,,,확정
person:일레그,F1341,사실,정의,event_boomsday,280,66,,,,확정
person:일레그,F1342,사실,정의,event_boomsday,280,66,,,,확정
person:일레그,Q171-2,사건,회수,event_boomsday,280,66,,,,확정
person:일레그,D2094,변화,관계,char:500,281,66,,,person:지휘관,확정
person:일레그,F1343,사실,정의,char:500,281,66,,,,확정
person:일레그,F1344,사실,정의,char:500,281,66,,,,확정
person:일레그,D430,변화,관계,ch29,291,72,,,person:지휘관,확정
person:일레그,F1383,사실,정의,ch29,291,72,,,,확정
person:일레그,F1384,사실,정의,ch29,291,72,,,,확정
person:일레그,F1386,사실,정의,ch29,291,72,,,,확정
person:일레그,F1391,사실,정의,ch29,291,72,,,,확정
person:일레그,Q172-2,사건,회수,ch29,291,72,,,,확정
person:일레그,E384,떡밥,암시,ch30,293,73,,,,확정
person:일레그,E391,떡밥,재언급,ch30,293,73,,,,확정
person:일레그,F1395,사실,정의,ch30,293,73,,,,확정
person:일레그,F1396,사실,정의,ch30,293,73,,J11,,확정
person:일레그,F1405,사실,정의,ch30,293,73,,,,확정
person:일레그,F1413,사실,정의,ch30,293,73,,,,확정
person:일레그,F1418,사실,정의,ch30,293,73,,,,확정
person:일레그,F1396-2,사건,드러냄,relic:하모니큐브관찰일지,294,73,,,,확정
person:일레그,D470,관계 상대,관계,event_darkhero,298,74,,,person:트로니,확정
person:일레그,D474,변화,관계,event_darkhero,298,74,,,person:트로니,확정
person:일레그,D475,기준,관계,event_darkhero,298,74,,,person:메이든,확정
person:일레그,E415,떡밥,암시,event_darkhero,298,74,,,,확정
person:일레그,E417,떡밥,재언급,event_darkhero,298,74,,,,확정
person:일레그,E423,떡밥,재언급,event_darkhero,298,74,,,,확정
person:일레그,F1464,사실,정의,event_darkhero,298,74,,,,확정
person:일레그,F1465,사실,정의,event_darkhero,298,74,,,,확정
person:일레그,F1466,사실,정의,event_darkhero,298,74,,,,확정
person:일레그,F1468,사실,정의,event_darkhero,298,74,,,,확정
person:일레그,F1469,사실,정의,event_darkhero,298,74,,,,확정
person:일레그,F1470,사실,정의,event_darkhero,298,74,,,,확정
person:일레그,F1471,사실,정의,event_darkhero,298,74,,,,확정
person:일레그,F1472,사실,정의,event_darkhero,298,74,,,,확정
person:일레그,F1475,사실,정의,event_darkhero,298,74,,,,확정
person:일레그,F1477,사실,정의,event_darkhero,298,74,,,,확정
person:일레그,F1478,사실,정의,event_darkhero,298,74,,,,확정
person:일레그,Q171-3,사건,회수,event_darkhero,298,74,,,,확정
person:일레그,D2106,관계 상대,관계,char:501,299,74,,,person:트로니,확정
person:일레그,D2108,변화,관계,char:501,299,74,,,person:트로니,확정
person:일레그,F1479,사실,정의,char:501,299,74,,,,확정
person:일레그,F1480,사실,정의,char:501,299,74,,,,확정
person:일레그,O138,마무리,관계,char:501,299,74,,,,확정
person:일레그,Q163-2,사건,회수,ch31,308,80,,,,확정
person:일레그,E1409,떡밥,재언급,event_icedragonsaga1,347,94,,,,확정
person:일레그,E1415,떡밥,재언급,event_icedragonsaga1,347,94,,,,확정
person:일레그,Q171-4,사건,회수,event_footstepwalkrun1,350,96,,,,확정
person:일레그,F1823,사실,정의,char:835,363,102,,,,확정
person:일레그,D740,기준,관계,event_ce006,387,113,,,person:프리바티,확정
person:일레그,F1979,사실,정의,event_ce006,387,113,,,,확정
person:일레그,F1981,사실,정의,event_ce006,387,113,,,,확정
person:일레그,D1643,관계 상대,관계,char:852,388,113,,,person:릴리,확정
person:일레그,E1437,떡밥,재언급,char:852,388,113,,,,확정
person:일레그,F1979-2,사건,드러냄,char:852,388,113,,,,확정
person:일레그,F2004,사실,정의,char:852,388,113,,,,확정
person:일레그,F2005,사실,정의,char:852,388,113,,,,확정
person:일레그,E792,떡밥,재언급,fl:boom_the_ghost,393,116,,,,확정
person:일레그,E793,떡밥,암시,fl:boom_the_ghost,393,116,,,,확정
person:일레그,F2019,사실,정의,fl:boom_the_ghost,393,116,,,,확정
person:일레그,F2023,사실,정의,fl:boom_the_ghost,393,116,,,,확정
person:일레그,F2025,사실,정의,fl:boom_the_ghost,393,116,,,,확정
person:일레그,F2030,사실,정의,fl:boom_the_ghost,393,116,,,,확정
person:일레그,F2034,사실,정의,fl:boom_the_ghost,393,116,,,,확정
person:일레그,F2035,사실,정의,fl:boom_the_ghost,393,116,,,,확정
person:일레그,Q259,의문,정의,fl:boom_the_ghost,393,116,열림,J19,,확정
person:일레그,D2174,변화,신념,char:502,395,117,,,,확정
person:일레그,D2175,변화,관계,char:502,395,117,,,person:지휘관,확정
person:일레그,F1342-2,사건,드러냄,char:502,395,117,,,,확정
person:일레그,F2040,사실,정의,char:502,395,117,,,,확정
person:일레그,O30,마무리,관계,char:502,395,117,,,,확정
person:일레그,Q165-2,사건,회수,ch41,414,127,,,,확정
person:일레그,Q165-3,사건,회수,ch43,434,137,,,,확정
person:일레그,F2580,사실,정의,ch45,450,143,,,,확정
person:일레그,F2581,사실,정의,ch45,450,143,,J19,,확정
person:일레그,F2582,사실,정의,ch45,450,143,,,,확정
person:일레그,F2606,사실,정의,ch45,450,143,,J19,,확정
person:일레그,F2607,사실,정의,ch45,450,143,,,,확정
person:잉그리드,D16,기준,성격,ch01,2,2,,,,확정
person:잉그리드,F25,사실,정의,ch01,2,2,,,,확정
person:잉그리드,F27,사실,정의,ch01,2,2,,,,확정
person:잉그리드,F29,사실,정의,ch01,2,2,,,,확정
person:잉그리드,F40,사실,정의,ch02,4,3,,J3,,확정
person:잉그리드,F82,사실,정의,ch04,15,5,,,,확정
person:잉그리드,F40-2,사건,드러냄,ch07,31,8,,,,확정
person:잉그리드,D80,관계 상대,관계,ch09,43,10,,,person:라피,확정
person:잉그리드,E70,떡밥,암시,ch09,43,10,,,,확정
person:잉그리드,F259,사실,정의,ch09,43,10,,J2,,확정
person:잉그리드,F260,사실,정의,ch09,43,10,,,,확정
person:잉그리드,F261,사실,정의,ch09,43,10,,,,확정
person:잉그리드,Q50,의문,정의,ch09,43,10,열림,J4,,확정
person:잉그리드,D93,기준,관계,ch11,53,12,,,person:슈엔,확정
person:잉그리드,F291,사실,정의,ch11,53,12,,,,확정
person:잉그리드,F292,사실,정의,ch11,53,12,,,,확정
person:잉그리드,E84,떡밥,암시,ch12,59,13,,,,확정
person:잉그리드,F309,사실,정의,ch12,59,13,,,,확정
person:잉그리드,F312,사실,정의,ch12,59,13,,J2,,확정
person:잉그리드,F313,사실,정의,ch12,59,13,,,,확정
person:잉그리드,F323,사실,정의,ch12,59,13,,,,확정
person:잉그리드,E91,떡밥,암시,ch13,64,14,,,,확정
person:잉그리드,F344,사실,정의,ch13,64,14,,,,확정
person:잉그리드,F346,사실,정의,ch13,64,14,,,,확정
person:잉그리드,F347,사실,정의,ch13,64,14,,,,확정
person:잉그리드,Q66,의문,정의,ch13,64,14,열림,J5,,확정
person:잉그리드,F359,사실,정의,ch14,69,15,,,,확정
person:잉그리드,D1355,관계 상대,관계,char:180,85,17,,,person:길로틴,확정
person:잉그리드,F429,사실,정의,char:180,85,17,,,,확정
person:잉그리드,F430,사실,정의,char:180,85,17,,,,확정
person:잉그리드,F431,사실,정의,char:180,85,17,,J25,,확정
person:잉그리드,F442,사실,정의,char:11,86,17,,,,확정
person:잉그리드,F517,사실,정의,char:200,97,17,,,,확정
person:잉그리드,F542,사실,정의,char:181,101,17,,,,확정
person:잉그리드,F544,사실,정의,char:181,101,17,,,,확정
person:잉그리드,F560,사실,정의,char:91,106,17,,,,확정
person:잉그리드,D1920,기준,관계,char:92,127,17,,,person:지휘관,확정
person:잉그리드,F630,사실,정의,char:92,127,17,,,,확정
person:잉그리드,F639,사실,정의,char:110,129,17,,,,확정
person:잉그리드,D1926,관계 상대,관계,char:30,131,17,,,person:폴리,확정
person:잉그리드,D1928,기준,관계,char:30,131,17,,,person:폴리,확정
person:잉그리드,D1930,관계 상대,관계,char:30,131,17,,,person:폴리,확정
person:잉그리드,D1931,변화,관계,char:30,131,17,,,person:폴리,확정
person:잉그리드,F648,사실,정의,char:30,131,17,,,,확정
person:잉그리드,F649,사실,정의,char:30,131,17,,,,확정
person:잉그리드,F703,사실,정의,ch18,146,20,,,,확정
person:잉그리드,F709,사실,정의,sub:테트라_커넥트_01,147,20,,,,확정
person:잉그리드,F713,사실,정의,event_hightechtoy,151,20,,,,확정
person:잉그리드,F723,사실,정의,event_miraclesnow1,153,21,,,,확정
person:잉그리드,E1297,떡밥,암시,char:260,158,24,,,,확정
person:잉그리드,F738,사실,정의,char:260,158,24,,,,확정
person:잉그리드,F739,사실,정의,char:260,158,24,,,,확정
person:잉그리드,F740,사실,정의,char:260,158,24,,,,확정
person:잉그리드,F741,사실,정의,char:260,158,24,,,,확정
person:잉그리드,F811,사실,정의,char:311,176,28,,,,확정
person:잉그리드,F812,사실,정의,char:311,176,28,,,,확정
person:잉그리드,F813,사실,정의,char:311,176,28,,,,확정
person:잉그리드,F892,사실,정의,ch22,195,36,,,,확정
person:잉그리드,Q125,의문,정의,ch22,195,36,풀림,J21,,확정
person:잉그리드,F956,사실,정의,event_queensorder,207,39,,,,확정
person:잉그리드,F984,사실,정의,ch23,214,43,,,,확정
person:잉그리드,F985,사실,정의,ch23,214,43,,,,확정
person:잉그리드,F986,사실,정의,ch23,214,43,,,,확정
person:잉그리드,D295,기준,관계,ch24,219,44,,,person:E.H.,확정
person:잉그리드,E240,떡밥,암시,ch24,219,44,,,,확정
person:잉그리드,F1009,사실,정의,ch24,219,44,,,,확정
person:잉그리드,F1010,사실,정의,ch24,219,44,,,,확정
person:잉그리드,F1018,사실,정의,ch24,219,44,,,,확정
person:잉그리드,F1023,사실,정의,ch24,219,44,,,,확정
person:잉그리드,F1036,사실,정의,ch24,219,44,,,,확정
person:잉그리드,Q145,의문,정의,ch24,219,44,풀림,J2,,확정
person:잉그리드,F1053,사실,정의,event_seayouagain1,226,45,,,,확정
person:잉그리드,F1060,사실,정의,char:351,228,45,,,,확정
person:잉그리드,F1098,사실,정의,ch25,241,54,,,,확정
person:잉그리드,F1324,사실,정의,sub:택틱컬틱택_00,244,54,,,,확정
person:잉그리드,D391,기준,신념,sub:택틱컬틱택_01,245,54,,,,확정
person:잉그리드,F347-2,사건,드러냄,sub:택틱컬틱택_01,245,54,,,,확정
person:잉그리드,F1325,사실,정의,sub:택틱컬틱택_01,245,54,,,,확정
person:잉그리드,F1326,사실,정의,sub:택틱컬틱택_01,245,54,,,,확정
person:잉그리드,Q173,의문,정의,sub:택틱컬틱택_01,245,54,열림,J25,,확정
person:잉그리드,F1115,사실,정의,ch26,246,55,,J2,,확정
person:잉그리드,F1116,사실,정의,ch26,246,55,,J2,,확정
person:잉그리드,F1131,사실,정의,ch26,246,55,,,,확정
person:잉그리드,Q145-2,사건,회수,ch26,246,55,,,,확정
person:잉그리드,E1341,떡밥,재언급,event_neverland1,258,57,,,,확정
person:잉그리드,F1213,사실,정의,event_neverland1,258,57,,,,확정
person:잉그리드,F1399,사실,정의,ch30,293,73,,J17,,확정
person:잉그리드,F1402,사실,정의,ch30,293,73,,,,확정
person:잉그리드,F1468,사실,정의,event_darkhero,298,74,,,,확정
person:잉그리드,F1473,사실,정의,event_darkhero,298,74,,,,확정
person:잉그리드,F1508,사실,정의,event_beautyfullshot1,305,78,,,,확정
person:잉그리드,F1528,사실,정의,ch31,308,80,,,,확정
person:잉그리드,F1560,사실,정의,ch32,310,81,,,,확정
person:잉그리드,Q205,의문,정의,ch32,310,81,풀림,J2,,확정
person:잉그리드,F1644,사실,정의,ch34,336,91,,J2,,확정
person:잉그리드,F1645,사실,정의,ch34,336,91,,,,확정
person:잉그리드,F1660,사실,정의,ch34,336,91,,,,확정
person:잉그리드,Q205-2,사건,회수,ch34,336,91,,,,확정
person:잉그리드,D1620,기준,관계,event_icedragonsaga1,347,94,,,person:길로틴,확정
person:잉그리드,D1621,기준,관계,event_icedragonsaga1,347,94,,,person:메이든,확정
person:잉그리드,D1622,변화,관계,event_icedragonsaga1,347,94,,,person:메이든,확정
person:잉그리드,E1404,떡밥,암시,event_icedragonsaga1,347,94,,,,확정
person:잉그리드,E1410,떡밥,암시,event_icedragonsaga1,347,94,,,,확정
person:잉그리드,E1414,떡밥,암시,event_icedragonsaga1,347,94,,,,확정
person:잉그리드,F1728,사실,정의,event_icedragonsaga1,347,94,,,,확정
person:잉그리드,F1729,사실,정의,event_icedragonsaga1,347,94,,J25,,확정
person:잉그리드,F1730,사실,정의,event_icedragonsaga1,347,94,,,,확정
person:잉그리드,F1731,사실,정의,event_icedragonsaga1,347,94,,,,확정
person:잉그리드,F1732,사실,정의,event_icedragonsaga1,347,94,,,,확정
person:잉그리드,F1733,사실,정의,event_icedragonsaga1,347,94,,,,확정
person:잉그리드,F1734,사실,정의,event_icedragonsaga1,347,94,,,,확정
person:잉그리드,D593,기준,관계,event_footstepwalkrun1,350,96,,,person:라피,확정
person:잉그리드,F1761,사실,정의,event_footstepwalkrun1,350,96,,,,확정
person:잉그리드,F1762,사실,정의,event_footstepwalkrun1,350,96,,,,확정
person:잉그리드,F1763,사실,정의,event_footstepwalkrun1,350,96,,J2,,확정
person:잉그리드,Q145-3,사건,회수,event_footstepwalkrun1,350,96,,,,확정
person:잉그리드,E595,떡밥,재언급,ch35,358,101,,,,확정
person:잉그리드,F1786,사실,정의,ch35,358,101,,J2,,확정
person:잉그리드,F1787,사실,정의,ch35,358,101,,,,확정
person:잉그리드,F1788,사실,정의,ch35,358,101,,,,확정
person:잉그리드,F1790,사실,정의,ch35,358,101,,,,확정
person:잉그리드,F1794,사실,정의,ch35,358,101,,,,확정
person:잉그리드,F1817,사실,정의,ch36,360,102,,,,확정
person:잉그리드,D646,변화,관계,ch37,373,108,,,person:슈엔,확정
person:잉그리드,F1858,사실,정의,ch37,373,108,,,,확정
person:잉그리드,D708,기준,관계,event_arcanearchive,383,111,,,person:아르카나,확정
person:잉그리드,E727,떡밥,암시,event_arcanearchive,383,111,,,,확정
person:잉그리드,F1925,사실,정의,event_arcanearchive,383,111,,,,확정
person:잉그리드,F1926,사실,정의,event_arcanearchive,383,111,,J56,,확정
person:잉그리드,F1938,사실,정의,event_arcanearchive,383,111,,,,확정
person:잉그리드,F1939,사실,정의,event_arcanearchive,383,111,,,,확정
person:잉그리드,F1941,사실,정의,event_arcanearchive,383,111,,,,확정
person:잉그리드,F2015,사실,정의,event_overthehorizon,391,115,,,,확정
person:잉그리드,F2057,사실,정의,ch39,396,118,,,,확정
person:잉그리드,D814,기준,관계,fl:absolute,400,119,,,person:은화,확정
person:잉그리드,E833,떡밥,암시,fl:absolute,400,119,,,,확정
person:잉그리드,E847,떡밥,재언급,fl:absolute,400,119,,,,확정
person:잉그리드,F2097,사실,정의,fl:absolute,400,119,,,,확정
person:잉그리드,F2103,사실,정의,fl:absolute,400,119,,,,확정
person:잉그리드,F2104,사실,정의,fl:absolute,400,119,,,,확정
person:잉그리드,F2105,사실,정의,fl:absolute,400,119,,,,확정
person:잉그리드,F2109,사실,정의,fl:absolute,400,119,,,,확정
person:잉그리드,F2112,사실,정의,char:95,402,120,,,,확정
person:잉그리드,E902,떡밥,암시,ch41,414,127,,,,확정
person:잉그리드,F2349,사실,정의,fl:blank_ticket,423,130,,,,확정
person:잉그리드,F2382,사실,정의,fl:sin_editor,430,135,,,,확정
person:잉그리드,F2386,사실,정의,fl:sin_editor,430,135,,,,확정
person:잉그리드,Q313,의문,정의,fl:sin_editor,430,135,일부,J19,,확정
person:잉그리드,F2408,사실,정의,ch43,434,137,,,,확정
person:잉그리드,F2409,사실,정의,ch43,434,137,,,,확정
person:잉그리드,Q318,의문,정의,ch43,434,137,열림,J18,,확정
person:잉그리드,D1084,변화,관계,fl:enter_heaven,442,140,,,person:E.H.,확정
person:잉그리드,E1043,떡밥,암시,fl:enter_heaven,442,140,,,,확정
person:잉그리드,F2485,사실,정의,fl:enter_heaven,442,140,,,,확정
person:잉그리드,F2490,사실,정의,fl:enter_heaven,442,140,,J21,,확정
person:잉그리드,F2491,사실,정의,fl:enter_heaven,442,140,,,,확정
person:잉그리드,F2495,사실,정의,fl:enter_heaven,442,140,,J21,,확정
person:잉그리드,F2502,사실,정의,fl:enter_heaven,442,140,,J21,,확정
person:잉그리드,F2506,사실,정의,fl:enter_heaven,442,140,,,,확정
person:잉그리드,Q125-2,사건,회수,fl:enter_heaven,442,140,,,,확정
person:잉그리드,Q125-3,사건,회수,fl:enter_heaven,442,140,,,,확정
person:잉그리드,Q125-4,사건,회수,fl:enter_heaven,442,140,,,,확정
person:잉그리드,E1504,떡밥,재언급,fl:2x2_love_1ch,444,141,,,,확정
person:잉그리드,D1130,기준,관계,ch45,450,143,,,person:네온,확정
person:잉그리드,F2573,사실,정의,ch45,450,143,,,,확정
person:잉그리드,F2574,사실,정의,ch45,450,143,,,,확정
person:잉그리드,F2578,사실,정의,ch45,450,143,,,,확정
person:잉그리드,F2601,사실,정의,ch45,450,143,,,,확정
person:잉그리드,Q313-2,사건,회수,ch45,450,143,,,,확정
person:잉그리드,D1176,기준,관계,ch46,452,144,,,person:아이리,확정
person:잉그리드,F2656,사실,정의,ch46,452,144,,,,확정
person:잉그리드,F2658,사실,정의,ch46,452,144,,,,확정
person:잉그리드,F2662,사실,정의,ch46,452,144,,,,확정
person:잉그리드,E1179,떡밥,재언급,fl:ark_ranger,462,148,,,,확정
person:잉그리드,F2733,사실,정의,fl:ark_ranger,462,148,,,,확정
person:잉그리드,F2736,사실,정의,fl:ark_ranger,462,148,,,,확정
person:잉그리드,F2741,사실,정의,fl:ark_ranger,462,148,,,,확정
person:잉그리드,F2744,사실,정의,fl:ark_ranger,462,148,,,,확정
person:잉그리드,F2819,사실,정의,ch47,470,153,,,,확정
person:잉그리드,F2842,사실,정의,ch48,472,154,,,,확정
person:잉크,F1100,사실,정의,ch25,241,54,,J16,,확정
person:잉크,D1623,기준,성격,event_icedragonsaga1,347,94,,,,확정
person:잉크,D1624,기준,관계,event_icedragonsaga1,347,94,,,person:길로틴,확정
person:잉크,E1405,떡밥,암시,event_icedragonsaga1,347,94,,,,확정
person:잉크,E1406,떡밥,암시,event_icedragonsaga1,347,94,,,,확정
person:잉크,F1727,사실,정의,event_icedragonsaga1,347,94,,,,확정
person:잉크,F1735,사실,정의,event_icedragonsaga1,347,94,,,,확정
person:잉크,F1737,사실,정의,char:182,349,95,,,,확정
person:잉크,F2444,사실,정의,ch44,436,138,,J16 J17,,확정
person:자칼,D132,기준,성격,ch16,80,17,,,,확정
person:자칼,D133,기준,관계,ch16,80,17,,,person:지휘관,확정
person:자칼,D134,기준,관계,ch16,80,17,,,person:크로우,확정
person:자칼,F403,사실,정의,ch16,80,17,뒤집힘,,,확정
person:자칼,F642,사실,정의,char:110,129,17,,,,확정
person:자칼,F781,사실,정의,event_doutsiders,169,26,,,,확정
person:자칼,D1988,변화,성격,char:111,172,26,,,,확정
person:자칼,D1989,변화,관계,char:111,172,26,,,person:지휘관,확정
person:자칼,D1990,변화,관계,char:111,172,26,,,person:지휘관,확정
person:자칼,F793,사실,정의,char:111,172,26,,,,확정
person:자칼,F794,사실,정의,char:111,172,26,,,,확정
person:자칼,F795,사실,정의,char:111,172,26,,,,확정
person:자칼,O2,마무리,관계,char:111,172,26,,,,확정
person:자칼,F805,사실,정의,char:112,174,27,,,,확정
person:자칼,F893,사실,정의,ch22,195,36,,,,확정
person:자칼,E222,떡밥,암시,ch23,214,43,,,,확정
person:자칼,F893-2,사건,드러냄,ch23,214,43,,,,확정
person:자칼,F984,사실,정의,ch23,214,43,,,,확정
person:자칼,F997,사실,정의,ch23,214,43,,J25,,확정
person:자칼,D290,관계 상대,관계,ch24,219,44,,,person:바이퍼,확정
person:자칼,E236,떡밥,재언급,ch24,219,44,,,,확정
person:자칼,F1009,사실,정의,ch24,219,44,,,,확정
person:자칼,F1010,사실,정의,ch24,219,44,,,,확정
person:자칼,F1016,사실,정의,ch24,219,44,,,,확정
person:자칼,F1024,사실,정의,ch24,219,44,,,,확정
person:자칼,D488,기준,관계,event_beautyfullshot1,305,78,,,person:바이퍼,확정
person:자칼,F1508,사실,정의,event_beautyfullshot1,305,78,,,,확정
person:자칼,F1516,사실,정의,event_beautyfullshot1,305,78,,,,확정
person:자칼,F1518,사실,정의,event_beautyfullshot1,305,78,,,,확정
person:자칼,F2056,사실,정의,ch39,396,118,,,,확정
person:자칼,F2449,사실,정의,ch44,436,138,,,,확정
person:자칼,D1075,기준,관계,fl:enter_heaven,442,140,,,person:E.H.,확정
person:자칼,F403-2,사건,뒤집음,fl:enter_heaven,442,140,,,,확정
person:자칼,F2484,사실,정의,fl:enter_heaven,442,140,,,,확정
person:자칼,F2487,사실,정의,fl:enter_heaven,442,140,,,,확정
person:자칼,F2894,사실,정의,fl:enter_heaven,442,140,,,,확정
person:자칼,D2207,관계 상대,관계,char:113,443,140,,,person:E.H.,확정
person:자칼,O197,마무리,관계,char:113,443,140,H22,,,확정
person:자칼,F2530,사실,정의,fl:2x2_love_2ch,445,141,,,,확정
person:자칼,F2530-2,사건,드러냄,fl:2x2_love_2ch,445,141,,,,확정
person:자칼,F2602,사실,정의,ch45,450,143,,,,확정
person:장화,E307,떡밥,암시,erelic:red_ash_mini,253,55,,,,확정
person:장화,D357,기준,성격,event_newyearnewsword,261,59,,,,확정
person:장화,D358,기준,신념,event_newyearnewsword,261,59,,,,확정
person:장화,D359,기준,관계,event_newyearnewsword,261,59,,,person:홍련,확정
person:장화,D360,변화,관계,event_newyearnewsword,261,59,,,person:홍련,확정
person:장화,D361,관계 상대,관계,event_newyearnewsword,261,59,,,person:홍련,확정
person:장화,D362,관계 상대,관계,event_newyearnewsword,261,59,,,person:홍련,확정
person:장화,E310,떡밥,암시,event_newyearnewsword,261,59,,,,확정
person:장화,E311,떡밥,암시,event_newyearnewsword,261,59,,,,확정
person:장화,E313,떡밥,암시,event_newyearnewsword,261,59,,,,확정
person:장화,E315,떡밥,암시,event_newyearnewsword,261,59,,,,확정
person:장화,F1229,사실,정의,event_newyearnewsword,261,59,,,,확정
person:장화,F1230,사실,정의,event_newyearnewsword,261,59,,,,확정
person:장화,F1231,사실,정의,event_newyearnewsword,261,59,,,,확정
person:장화,F1232,사실,정의,event_newyearnewsword,261,59,,,,확정
person:장화,F1234,사실,정의,event_newyearnewsword,261,59,,,,확정
person:장화,F1235,사실,정의,event_newyearnewsword,261,59,,,,확정
person:장화,F1236,사실,정의,event_newyearnewsword,261,59,,,,확정
person:장화,F1237,사실,정의,event_newyearnewsword,261,59,,,,확정
person:장화,F1238,사실,정의,event_newyearnewsword,261,59,,J30,,확정
person:장화,F1240,사실,정의,event_newyearnewsword,261,59,,,,확정
person:장화,F1241,사실,정의,event_newyearnewsword,261,59,,,,확정
person:장화,F2882,사실,정의,event_newyearnewsword,261,59,,,,확정
person:장화,F1241-2,사건,드러냄,char:225,262,60,,,,확정
person:장화,E404,떡밥,재언급,event_lastkingdom1,295,73,,,,확정
person:장화,D906,변화,소속,event_goddessfall1,418,128,,,,확정
person:장화,D907,변화,관계,event_goddessfall1,418,128,,,person:홍련,확정
person:장화,D910,관계 상대,관계,event_goddessfall1,418,128,,,person:미러,확정
person:장화,F2276,사실,정의,event_goddessfall1,418,128,,,,확정
person:장화,F2279,사실,정의,event_goddessfall1,418,128,,,,확정
person:장화,F2282,사실,정의,event_goddessfall1,418,128,,,,확정
person:장화,F2307,사실,정의,event_goddessfall1,418,128,,,,확정
person:장화,F2321,사실,정의,event_goddessfall1,418,128,,,,확정
person:장화,Q300,의문,정의,event_goddessfall1,418,128,일부,J30,,확정
person:장화,F2372,사실,정의,fl:ark_guardian,428,133,,,,확정
person:장화,D1147,변화,신념,ch46,452,144,,,,확정
person:장화,D1148,관계 상대,관계,ch46,452,144,,,person:스노우_화이트,확정
person:장화,D1149,기준,관계,ch46,452,144,,,person:미러,확정
person:장화,D1157,변화,신체,ch46,452,144,,,,확정
person:장화,E1097,떡밥,재언급,ch46,452,144,,,,확정
person:장화,E1110,떡밥,암시,ch46,452,144,,,,확정
person:장화,F2614,사실,정의,ch46,452,144,,,,확정
person:장화,F2619,사실,정의,ch46,452,144,,J30,,확정
person:장화,F2621,사실,정의,ch46,452,144,,,,확정
person:장화,F2627,사실,정의,ch46,452,144,,,,확정
person:장화,F2630,사실,정의,ch46,452,144,,,,확정
person:장화,F2632,사실,정의,ch46,452,144,,,,확정
person:장화,F2634,사실,정의,ch46,452,144,,,,확정
person:장화,Q300-2,사건,회수,ch46,452,144,,,,확정
person:장화,E1215,떡밥,암시,ch47,470,153,,,,확정
person:장화,E1216,떡밥,암시,ch47,470,153,,,,확정
person:장화,E1217,떡밥,재언급,ch47,470,153,,,,확정
person:장화,F2808,사실,정의,ch47,470,153,,,,확정
person:장화,D1330,변화,신체,ch48,472,154,,,,확정
person:장화,D1331,변화,관계,ch48,472,154,,,person:홍련,확정
person:장화,D1332,관계 상대,관계,ch48,472,154,,,person:홍련,확정
person:장화,E1230,떡밥,재언급,ch48,472,154,,,,확정
person:장화,E1235,떡밥,재언급,ch48,472,154,,,,확정
person:장화,F2831,사실,정의,ch48,472,154,,,,확정
person:장화,F2832,사실,정의,ch48,472,154,,,,확정
person:장화,F2833,사실,정의,ch48,472,154,,,,확정
person:장화,O103,마무리,관계,ch48,472,154,H12,,,확정
person:저스틴,F199,사실,정의,sub:저스틴_00,58,12,,,,확정
person:저스틴,U35,생활상,방주 사회,sub:저스틴_00,58,12,,,,확정
person:제니퍼,E126,떡밥,암시,sub:제니퍼f_00,79,16,,,,확정
person:제니퍼,D1682,관계 상대,관계,fl:lie_cause_recoil,438,138,,,person:제인,확정
person:제니퍼,D1683,관계 상대,관계,fl:lie_cause_recoil,438,138,,,person:제인,확정
person:제니퍼,D1687,관계 상대,관계,fl:lie_cause_recoil,438,138,,,person:레인,확정
person:제니퍼,D1688,변화,관계,fl:lie_cause_recoil,438,138,,,person:지휘관,확정
person:제니퍼,D1689,변화,소속,fl:lie_cause_recoil,438,138,,,,확정
person:제니퍼,E1476,떡밥,재언급,fl:lie_cause_recoil,438,138,,,,확정
person:제니퍼,E1478,떡밥,암시,fl:lie_cause_recoil,438,138,,,,확정
person:제니퍼,E1480,떡밥,암시,fl:lie_cause_recoil,438,138,,,,확정
person:제니퍼,F2475,사실,정의,fl:lie_cause_recoil,438,138,,,,확정
person:제니퍼,F2477,사실,정의,fl:lie_cause_recoil,438,138,,,,확정
person:제니퍼,F2478,사실,정의,fl:lie_cause_recoil,438,138,,J45,,확정
person:제니퍼,F2479,사실,정의,fl:lie_cause_recoil,438,138,,,,확정
person:제니퍼,F2480,사실,정의,fl:lie_cause_recoil,438,138,,,,확정
person:제니퍼,F2481,사실,정의,fl:lie_cause_recoil,438,138,,,,확정
person:제니퍼,F2482,사실,정의,fl:lie_cause_recoil,438,138,,,,확정
person:제니퍼,Q326,의문,정의,fl:lie_cause_recoil,438,138,열림,J45,,확정
person:제니퍼f!,F693,사실,정의,sub:제니퍼f_00,79,16,,,,확정
person:제니퍼f!,F694,사실,정의,sub:제니퍼f_00,79,16,,,,확정
person:제니퍼f!,F2475,사실,정의,fl:lie_cause_recoil,438,138,,,,확정
person:제이드_한슨,F242,사실,정의,sub:든_셀_00,62,13,,,,확정
person:제이드_한슨,Q45,의문,정의,sub:든_셀_00,62,13,열림,J27,,확정
person:제이드_한슨,Q67,의문,정의,relic:여자친구의편지,67,14,열림,J27,,확정
person:제인,D1678,기준,신념,fl:lie_cause_recoil,438,138,,,,확정
person:제인,D1679,변화,신념,fl:lie_cause_recoil,438,138,,,,확정
person:제인,D1680,기준,관계,fl:lie_cause_recoil,438,138,,,person:레인,확정
person:제인,D1681,변화,관계,fl:lie_cause_recoil,438,138,,,person:레인,확정
person:제인,D1682,기준,관계,fl:lie_cause_recoil,438,138,,,person:제니퍼,확정
person:제인,D1683,변화,관계,fl:lie_cause_recoil,438,138,,,person:제니퍼,확정
person:제인,D1684,기준,관계,fl:lie_cause_recoil,438,138,,,,확정
person:제인,D1685,변화,관계,fl:lie_cause_recoil,438,138,,,,확정
person:제인,D1692,관계 상대,관계,fl:lie_cause_recoil,438,138,,,person:치사토,확정
person:제인,E1472,떡밥,암시,fl:lie_cause_recoil,438,138,,,,확정
person:제인,E1474,떡밥,암시,fl:lie_cause_recoil,438,138,,,,확정
person:제인,E1475,떡밥,암시,fl:lie_cause_recoil,438,138,,,,확정
person:제인,E1479,떡밥,암시,fl:lie_cause_recoil,438,138,,,,확정
person:제인,F2472,사실,정의,fl:lie_cause_recoil,438,138,,,,확정
person:제인,F2473,사실,정의,fl:lie_cause_recoil,438,138,,,,확정
person:제인,F2476,사실,정의,fl:lie_cause_recoil,438,138,,,,확정
person:제인,F2477,사실,정의,fl:lie_cause_recoil,438,138,,,,확정
person:제인,F2478,사실,정의,fl:lie_cause_recoil,438,138,,J45,,확정
person:제인,F2480,사실,정의,fl:lie_cause_recoil,438,138,,,,확정
person:제인,F2481,사실,정의,fl:lie_cause_recoil,438,138,,,,확정
person:제인,F2482,사실,정의,fl:lie_cause_recoil,438,138,,,,확정
person:제인_밀러,E44,떡밥,암시,sub:중앙_정부_공식__00,21,6,,,,확정
person:제인_밀러,F109,사실,정의,sub:중앙_정부_공식__00,21,6,,,,확정
person:제인_밀러,F110,사실,정의,sub:중앙_정부_공식__00,21,6,,,,확정
person:제인_밀러,Q23,의문,정의,sub:중앙_정부_공식__00,21,6,일부,J36,,확정
person:제인_밀러,U27,생활상,방주 사회,sub:중앙_정부_공식__00,21,6,,,,확정
person:제인_밀러,E45,떡밥,암시,relic:니케실험대상자모집,24,6,,,,확정
person:제인_밀러,F219,사실,정의,sub:중앙_정부_공식__01,32,8,,,,확정
person:제인_밀러,F220,사실,정의,sub:중앙_정부_공식__01,32,8,,,,확정
person:제인_밀러,Q40,의문,정의,sub:중앙_정부_공식__01,32,8,일부,J36,,확정
person:제인_밀러,F710,사실,정의,sub:중앙_정부_공식__02,148,20,,J36,,확정
person:제인_밀러,F711,사실,정의,sub:중앙_정부_공식__02,148,20,,J36,,확정
person:제인_밀러,Q23-2,사건,회수,sub:중앙_정부_공식__02,148,20,,,,확정
person:제인_밀러,Q40-2,사건,회수,sub:중앙_정부_공식__02,148,20,,,,확정
person:조셉,E151,떡밥,암시,event_doutsiders,169,26,,,,확정
person:조셉,F780,사실,정의,event_doutsiders,169,26,,,,확정
person:조셉,F781,사실,정의,event_doutsiders,169,26,,,,확정
person:조셉,F782,사실,정의,event_doutsiders,169,26,,,,확정
person:조셉,Q114,의문,정의,event_doutsiders,169,26,열림,J14,,확정
person:조쉬_허밋,F523,사실,정의,char:82,98,17,,,,확정
person:조쉬_허밋,E1425,떡밥,암시,fl:for_rest,365,104,,,,확정
person:조쉬_허밋,E1426,떡밥,재언급,fl:for_rest,365,104,,,,확정
person:조쉬_허밋,F523-2,사건,드러냄,fl:for_rest,365,104,,,,확정
person:조쉬_허밋,F1830,사실,정의,fl:for_rest,365,104,,,,확정
person:지글이,E785,떡밥,암시,fl:boom_the_ghost,393,116,,,,확정
person:지글이,E786,떡밥,암시,fl:boom_the_ghost,393,116,,,,확정
person:지글이,F2026,사실,정의,fl:boom_the_ghost,393,116,,,,확정
person:지엔,F1614,사실,정의,side:wordless,331,89,,,,확정
person:지엔,Q213,의문,정의,side:wordless,331,89,일부,J23,,확정
person:지엔,D597,기준,성격,event_wisdomspring,353,98,,,,확정
person:지엔,D598,기준,관계,event_wisdomspring,353,98,,,person:지휘관,확정
person:지엔,E582,떡밥,암시,event_wisdomspring,353,98,,,,확정
person:지엔,E583,떡밥,암시,event_wisdomspring,353,98,,,,확정
person:지엔,E584,떡밥,재언급,event_wisdomspring,353,98,,,,확정
person:지엔,F1771,사실,정의,event_wisdomspring,353,98,,,,확정
person:지엔,F1774,사실,정의,event_wisdomspring,353,98,,,,확정
person:지엔,F1775,사실,정의,event_wisdomspring,353,98,,,,확정
person:지엔,Q226,의문,정의,event_wisdomspring,353,98,일부,J18,,확정
person:지엔,D693,관계 상대,관계,event_unbreakablesphere1,377,109,,,person:미하라,확정
person:지엔,E678,떡밥,암시,event_unbreakablesphere1,377,109,,,,확정
person:지엔,E681,떡밥,암시,event_unbreakablesphere1,377,109,,,,확정
person:지엔,E698,떡밥,재언급,event_unbreakablesphere1,377,109,,,,확정
person:지엔,E699,떡밥,재언급,event_unbreakablesphere1,377,109,,,,확정
person:지엔,E700,떡밥,재언급,event_unbreakablesphere1,377,109,,,,확정
person:지엔,F1889,사실,정의,event_unbreakablesphere1,377,109,,,,확정
person:지엔,F1892,사실,정의,event_unbreakablesphere1,377,109,,,,확정
person:지엔,F1898,사실,정의,event_unbreakablesphere1,377,109,,J23,,확정
person:지엔,F1899,사실,정의,event_unbreakablesphere1,377,109,,,,확정
person:지엔,F1903,사실,정의,event_unbreakablesphere1,377,109,,J12,,확정
person:지엔,Q213-2,사건,회수,event_unbreakablesphere1,377,109,,,,확정
person:지엔,E1434,떡밥,재언급,char:162,382,110,,,,확정
person:지엔,F2205,사실,정의,ch41,414,127,,J18,,확정
person:지엔,F2206,사실,정의,ch41,414,127,,,,확정
person:지엔,Q226-2,사건,회수,ch41,414,127,,,,확정
person:지엔,D1031,기준,관계,ch43,434,137,,,person:네온,확정
person:지엔,D1032,변화,관계,ch43,434,137,,,person:네온,확정
person:지엔,F2394,사실,정의,ch43,434,137,,,,확정
person:지엔,F2414,사실,정의,ch43,434,137,,J18,,확정
person:지엔,F2416,사실,정의,ch43,434,137,,J17,,확정
person:지엔,Q315,의문,정의,ch43,434,137,일부,J18,,확정
person:지엔,D1070,변화,관계,ch44,436,138,,,person:네온,확정
person:지엔,F2461,사실,정의,ch44,436,138,,,,확정
person:지엔,F2462,사실,정의,ch44,436,138,,,,확정
person:지엔,Q315-2,사건,회수,ch44,436,138,,,,확정
person:지엔,D1275,관계 상대,관계,fl:project_matis,467,151,,,person:슈엔,확정
person:지엔,D1276,관계 상대,관계,fl:project_matis,467,151,,,person:슈엔,확정
person:지엔,D1277,관계 상대,관계,fl:project_matis,467,151,,,person:슈엔,확정
person:지엔,D1294,기준,관계,fl:project_matis,467,151,,,person:슈엔,확정
person:지엔,D1295,변화,관계,fl:project_matis,467,151,,,person:슈엔,확정
person:지엔,D1296,기준,관계,fl:project_matis,467,151,,,person:엔메,확정
person:지엔,D1297,변화,관계,fl:project_matis,467,151,,,person:엔메,확정
person:지엔,D1298,기준,신념,fl:project_matis,467,151,,,,확정
person:지엔,D1299,변화,신념,fl:project_matis,467,151,,,,확정
person:지엔,E1187,떡밥,암시,fl:project_matis,467,151,,,,확정
person:지엔,F2772,사실,정의,fl:project_matis,467,151,,,,확정
person:지엔,F2774,사실,정의,fl:project_matis,467,151,,,,확정
person:지엔,F2777,사실,정의,fl:project_matis,467,151,,,,확정
person:지엔,F2778,사실,정의,fl:project_matis,467,151,,,,확정
person:지엔,F2779,사실,정의,fl:project_matis,467,151,,,,확정
person:지엔,F2781,사실,정의,fl:project_matis,467,151,,,,확정
person:지엔,F2784,사실,정의,fl:project_matis,467,151,,,,확정
person:지엔,F2790,사실,정의,fl:project_matis,467,151,,,,확정
person:지엔,F2794,사실,정의,fl:project_matis,467,151,,,,확정
person:지엔,F2796,사실,정의,fl:project_matis,467,151,,,,확정
person:지엔,F2797,사실,정의,fl:project_matis,467,151,,J23,,확정
person:지엔,Q213-3,사건,회수,fl:project_matis,467,151,,,,확정
person:지즈,F1642,사실,정의,ch34,336,91,,,,확정
person:지즈,F1800,사실,정의,ch35,358,101,,,,확정
person:지즈,E616,떡밥,암시,relic:알관련전달사항,359,101,,,,확정
person:지즈,E632,떡밥,암시,relic:할일목록,361,102,,,,확정
person:지즈,F1821,사실,정의,relic:할일목록,361,102,,,,확정
person:지즈,D650,기준,성격,ch37,373,108,,,,확정
person:지즈,D651,기준,관계,ch37,373,108,,,person:레비아탄,확정
person:지즈,D652,기준,관계,ch37,373,108,,,person:지휘관,확정
person:지즈,E652,떡밥,암시,ch37,373,108,,,,확정
person:지즈,F1865,사실,정의,ch37,373,108,,,,확정
person:지즈,F1866,사실,정의,ch37,373,108,,,,확정
person:지즈,E656,떡밥,암시,relic:주워갈것들메모,374,108,,,,확정
person:지즈,D659,관계 상대,관계,ch38,375,109,,,person:레비아탄,확정
person:지즈,D673,변화,관계,ch38,375,109,,,person:지휘관,확정
person:지즈,E660,떡밥,재언급,ch38,375,109,,,,확정
person:지즈,E668,떡밥,암시,ch38,375,109,,,,확정
person:지즈,E671,떡밥,암시,ch38,375,109,,,,확정
person:지즈,E675,떡밥,재언급,ch38,375,109,,,,확정
person:지즈,F1872,사실,정의,ch38,375,109,,J10,,확정
person:지즈,F1873,사실,정의,ch38,375,109,,J10,,확정
person:지즈,F1877,사실,정의,ch38,375,109,,,,확정
person:지즈,F1880,사실,정의,ch38,375,109,,,,확정
person:지즈,E796,떡밥,재언급,ch39,396,118,,,,확정
person:지즈,F2042,사실,정의,ch39,396,118,,J26,,확정
person:지즈,F2046,사실,정의,ch39,396,118,,,,확정
person:지즈,D786,변화,관계,ch40,398,119,,,person:레비아탄,확정
person:지즈,D788,관계 상대,관계,ch40,398,119,,,person:레비아탄,확정
person:지즈,E817,떡밥,암시,ch40,398,119,,,,확정
person:지즈,E820,떡밥,암시,ch40,398,119,,,,확정
person:지즈,F2083,사실,정의,ch40,398,119,,,,확정
person:지즈,F2085,사실,정의,ch40,398,119,,,,확정
person:지즈,D848,관계 상대,관계,ch41,414,127,,,person:레비아탄,확정
person:지즈,D855,변화,관계,ch41,414,127,,,person:레비아탄,확정
person:지즈,F2184,사실,정의,ch41,414,127,,J10,,확정
person:지즈,F2191,사실,정의,ch41,414,127,,,,확정
person:지즈,F2192,사실,정의,ch41,414,127,,,,확정
person:지즈,F2211,사실,정의,relic:거꾸로적힌기록,415,127,,,,확정
person:지즈,D875,변화,관계,ch42,416,128,,,person:레비아탄,확정
person:지즈,D876,관계 상대,관계,ch42,416,128,,,person:드레이크,확정
person:지즈,E926,떡밥,암시,ch42,416,128,,,,확정
person:지즈,F2212,사실,정의,ch42,416,128,,,,확정
person:지즈,F2213,사실,정의,ch42,416,128,,,,확정
person:지즈,F2214,사실,정의,ch42,416,128,,J2 J10,,확정
person:지즈,F2219,사실,정의,ch42,416,128,,,,확정
person:지즈,F2222,사실,정의,ch42,416,128,,,,확정
person:지즈,F2223,사실,정의,ch42,416,128,,,,확정
person:지즈,F2225,사실,정의,ch42,416,128,,,,확정
person:지즈,F2227,사실,정의,ch42,416,128,,,,확정
person:지즈,F2249,사실,정의,ch42,416,128,,,,확정
person:지즈,O44,마무리,관계,ch42,416,128,H6,,,확정
person:지즈,F2184-2,사건,드러냄,relic:주의용광로사용법,417,128,,,,확정
person:지즈,D1158,기준,관계,ch46,452,144,,,person:온리_원,확정
person:지즈,F2624,사실,정의,ch46,452,144,,J10,,확정
person:지즈,F2804,사실,정의,ch47,470,153,,,,확정
person:지즈,F2824,사실,정의,ch48,472,154,,,,확정
person:지즈,D1776,관계 상대,관계,fl:great_villain_union,478,156,,,person:드레이크,확정
person:지즈,D1779,관계 상대,관계,fl:great_villain_union,478,156,,,person:드레이크,확정
person:지즈,D1780,기준,관계,fl:great_villain_union,478,156,,,person:드레이크,확정
person:지즈,D1781,변화,소속,fl:great_villain_union,478,156,,,,확정
person:지즈,D1782,변화,관계,fl:great_villain_union,478,156,,,person:드레이크,확정
person:지즈,E1587,떡밥,재언급,fl:great_villain_union,478,156,,,,확정
person:지즈,F2872,사실,정의,fl:great_villain_union,478,156,,,,확정
person:지즈,F2875,사실,정의,fl:great_villain_union,478,156,,,,확정
person:지즈,F2877,사실,정의,fl:great_villain_union,478,156,,,,확정
person:지즈,F2906,사실,정의,fl:great_villain_union,478,156,,,,확정
person:지즈,O110,마무리,관계,fl:great_villain_union,478,156,,,,확정
person:지휘관,D1,기준,성격,ch00,1,1,,,,확정
person:지휘관,D5,기준,소속,ch00,1,1,,,,확정
person:지휘관,D6,관계 상대,관계,ch00,1,1,,,person:라피,확정
person:지휘관,D7,관계 상대,관계,ch00,1,1,,,person:아니스,확정
person:지휘관,E1,떡밥,암시,ch00,1,1,,,,확정
person:지휘관,E2,떡밥,암시,ch00,1,1,,,,확정
person:지휘관,F1,사실,정의,ch00,1,1,뒤집힘,,,확정
person:지휘관,F2,사실,정의,ch00,1,1,,,,확정
person:지휘관,F5,사실,정의,ch00,1,1,,,,확정
person:지휘관,F7,사실,정의,ch00,1,1,,,,확정
person:지휘관,D9,관계 상대,관계,ch01,2,2,,,person:라피,확정
person:지휘관,D10,관계 상대,관계,ch01,2,2,,,person:아니스,확정
person:지휘관,D11,변화,소속,ch01,2,2,,,,확정
person:지휘관,D12,기준,신념,ch01,2,2,,,,확정
person:지휘관,E5,떡밥,암시,ch01,2,2,,,,확정
person:지휘관,E7,떡밥,암시,ch01,2,2,,,,확정
person:지휘관,F1-2,사건,뒤집음,ch01,2,2,,,,확정
person:지휘관,F26,사실,정의,ch01,2,2,,,,확정
person:지휘관,F2880,사실,정의,ch01,2,2,,,,확정
person:지휘관,D20,관계 상대,관계,ch02,4,3,,,person:네온,확정
person:지휘관,D25,관계 상대,관계,ch02,4,3,,,person:아니스,확정
person:지휘관,F38,사실,정의,ch02,4,3,,,,확정
person:지휘관,F40,사실,정의,ch02,4,3,,J3,,확정
person:지휘관,Q6,의문,정의,ch02,4,3,일부,J3,,확정
person:지휘관,U7,생활상,기술,ch02,4,3,,,,확정
person:지휘관,U8,생활상,방주 사회,ch02,4,3,,,,확정
person:지휘관,F48,사실,정의,sub:칠리페퍼_00,5,3,,,,확정
person:지휘관,E15,떡밥,암시,sub:테트라_커넥트_00,6,3,,,,확정
person:지휘관,F50,사실,정의,sub:테트라_커넥트_00,6,3,,,,확정
person:지휘관,D30,관계 상대,관계,ch03,10,4,,,person:미하라,확정
person:지휘관,E16,떡밥,재언급,ch03,10,4,,,,확정
person:지휘관,E17,떡밥,암시,ch03,10,4,,,,확정
person:지휘관,F58,사실,정의,ch03,10,4,,,,확정
person:지휘관,Q10,의문,정의,ch03,10,4,열림,J27,,확정
person:지휘관,U18,생활상,방주 사회,ch03,10,4,,,,확정
person:지휘관,D46,관계 상대,관계,sub:트레저_헌터_00,12,4,,,person:트레저_헌터,확정
person:지휘관,D49,관계 상대,관계,sub:랩칠리언_00,13,4,,,person:랩칠리언,확정
person:지휘관,D33,관계 상대,관계,ch04,15,5,,,person:유니,확정
person:지휘관,D34,관계 상대,관계,ch04,15,5,,,person:미하라,확정
person:지휘관,D44,관계 상대,관계,ch04,15,5,,,person:엔더슨,확정
person:지휘관,E22,떡밥,암시,ch04,15,5,,,,확정
person:지휘관,E23,떡밥,암시,ch04,15,5,,,,확정
person:지휘관,F70,사실,정의,ch04,15,5,,,,확정
person:지휘관,F79,사실,정의,ch04,15,5,,,,확정
person:지휘관,F85,사실,정의,ch04,15,5,,,,확정
person:지휘관,F90,사실,정의,ch04,15,5,,,,확정
person:지휘관,Q13,의문,정의,ch04,15,5,일부,J3,,확정
person:지휘관,U22,생활상,방주 사회,ch04,15,5,,,,확정
person:지휘관,E35,떡밥,재언급,sub:이례의_기록자_00,17,5,,,,확정
person:지휘관,F157,사실,정의,sub:랩칠리언_01,18,5,,,,확정
person:지휘관,D57,관계 상대,관계,ch05,20,6,,,person:루드밀라,확정
person:지휘관,D59,관계 상대,관계,ch05,20,6,,,person:아니스,확정
person:지휘관,E40,떡밥,암시,ch05,20,6,,,,확정
person:지휘관,E41,떡밥,암시,ch05,20,6,,,,확정
person:지휘관,F97,사실,정의,ch05,20,6,,,,확정
person:지휘관,F98,사실,정의,ch05,20,6,,,,확정
person:지휘관,F105,사실,정의,ch05,20,6,,,,확정
person:지휘관,Q20,의문,정의,ch05,20,6,열림,J1,,확정
person:지휘관,F181,사실,정의,sub:고스트_00,22,6,,,,확정
person:지휘관,Q34,의문,정의,sub:고스트_00,22,6,열림,J27,,확정
person:지휘관,D64,관계 상대,관계,ch06,26,7,,,person:스노우_화이트,확정
person:지휘관,F98-2,사건,드러냄,ch06,26,7,,,,확정
person:지휘관,F119,사실,정의,ch06,26,7,,,,확정
person:지휘관,F120,사실,정의,ch06,26,7,,J3,,확정
person:지휘관,Q6-2,사건,회수,ch06,26,7,,,,확정
person:지휘관,Q13-2,사건,회수,ch06,26,7,,,,확정
person:지휘관,D67,관계 상대,관계,sub:세르반_01,28,7,,,person:세르반,확정
person:지휘관,F196,사실,정의,sub:세르반_01,28,7,,,,확정
person:지휘관,D71,관계 상대,관계,ch07,31,8,,,person:스노우_화이트,확정
person:지휘관,D73,관계 상대,관계,ch07,31,8,,,person:라피,확정
person:지휘관,D74,변화,소속,ch07,31,8,,,,확정
person:지휘관,E54,떡밥,암시,ch07,31,8,,,,확정
person:지휘관,E56,떡밥,재언급,ch07,31,8,,,,확정
person:지휘관,F40-2,사건,드러냄,ch07,31,8,,,,확정
person:지휘관,F208,사실,정의,ch07,31,8,,,,확정
person:지휘관,F211,사실,정의,ch07,31,8,,,,확정
person:지휘관,F213,사실,정의,ch07,31,8,,,,확정
person:지휘관,F221,사실,정의,sub:세르반_02,33,8,,,,확정
person:지휘관,D77,관계 상대,관계,sub:칠리페퍼_01,38,9,,,person:칠리페퍼,확정
person:지휘관,D28,관계 상대,관계,sub:콜렉터_01,41,9,,,person:콜렉터,확정
person:지휘관,F140,사실,정의,sub:콜렉터_01,41,9,,,,확정
person:지휘관,F141,사실,정의,sub:콜렉터_01,41,9,,,,확정
person:지휘관,D54,관계 상대,관계,sub:할아범_00,42,9,,,person:할아범,확정
person:지휘관,E69,떡밥,재언급,ch09,43,10,,,,확정
person:지휘관,F273,사실,정의,relic:지휘관모집공고,45,10,,,,확정
person:지휘관,D164,관계 상대,관계,sub:김작가_00,47,10,,,person:김작가,확정
person:지휘관,D60,관계 상대,관계,sub:시리얼_00,51,11,,,person:시리얼,확정
person:지휘관,F182,사실,정의,sub:시리얼_00,51,11,,,,확정
person:지휘관,D100,관계 상대,관계,ch12,59,13,,,person:슈엔,확정
person:지휘관,F315,사실,정의,ch12,59,13,,,,확정
person:지휘관,F226,사실,정의,sub:러블리_드림_00,61,13,,,,확정
person:지휘관,F242,사실,정의,sub:든_셀_00,62,13,,,,확정
person:지휘관,Q45,의문,정의,sub:든_셀_00,62,13,열림,J27,,확정
person:지휘관,F262,사실,정의,sub:테디_00,63,13,,,,확정
person:지휘관,E87,떡밥,재언급,ch13,64,14,,,,확정
person:지휘관,E89,떡밥,재언급,ch13,64,14,,,,확정
person:지휘관,F335,사실,정의,ch13,64,14,,,,확정
person:지휘관,F337,사실,정의,ch13,64,14,,,,확정
person:지휘관,F339,사실,정의,ch13,64,14,,,,확정
person:지휘관,F340,사실,정의,ch13,64,14,,,,확정
person:지휘관,F344,사실,정의,ch13,64,14,,,,확정
person:지휘관,Q63,의문,정의,ch13,64,14,일부,J1,,확정
person:지휘관,Q64,의문,정의,ch13,64,14,일부,J4,,확정
person:지휘관,U75,생활상,방주 사회,ch13,64,14,,,,확정
person:지휘관,D107,관계 상대,관계,sub:세르반_03,65,14,,,person:버닝엄,확정
person:지휘관,D109,관계 상대,관계,sub:세르반_03,65,14,,,person:세르반,확정
person:지휘관,O111,마무리,관계,sub:세르반_03,65,14,,,,확정
person:지휘관,E97,떡밥,재언급,ch14,69,15,,,,확정
person:지휘관,F372,사실,정의,ch14,69,15,,,,확정
person:지휘관,F375,사실,정의,ch14,69,15,,,,확정
person:지휘관,F378,사실,정의,ch14,69,15,,,,확정
person:지휘관,D127,관계 상대,관계,ch15,75,16,,,person:슈엔,확정
person:지휘관,E102,떡밥,암시,ch15,75,16,,,,확정
person:지휘관,F386,사실,정의,ch15,75,16,,,,확정
person:지휘관,F391,사실,정의,ch15,75,16,,,,확정
person:지휘관,F398,사실,정의,ch15,75,16,,,,확정
person:지휘관,F400,사실,정의,ch15,75,16,,,,확정
person:지휘관,F401,사실,정의,ch15,75,16,,,,확정
person:지휘관,D130,관계 상대,관계,ch16,80,17,,,person:크로우,확정
person:지휘관,D131,관계 상대,관계,ch16,80,17,,,person:크로우,확정
person:지휘관,D133,관계 상대,관계,ch16,80,17,,,person:자칼,확정
person:지휘관,D136,관계 상대,관계,ch16,80,17,,,person:바이퍼,확정
person:지휘관,F412,사실,정의,ch16,80,17,,,,확정
person:지휘관,F413,사실,정의,ch16,80,17,,,,확정
person:지휘관,F414,사실,정의,ch16,80,17,,,,확정
person:지휘관,F421,사실,정의,ch16,80,17,,,,확정
person:지휘관,Q75,의문,정의,ch16,80,17,풀림,J21,,확정
person:지휘관,D140,관계 상대,관계,sub:방주_난민_03,81,17,,,person:방주_난민,확정
person:지휘관,F427,사실,정의,sub:방주_난민_03,81,17,,,,확정
person:지휘관,D47,관계 상대,관계,sub:트레저_헌터_03,83,17,,,person:트레저_헌터,확정
person:지휘관,D50,관계 상대,관계,sub:랩칠리언_05,84,17,,,person:슈엔,확정
person:지휘관,F170,사실,정의,sub:랩칠리언_05,84,17,,,,확정
person:지휘관,D1353,관계 상대,관계,char:180,85,17,,,person:길로틴,확정
person:지휘관,D1354,관계 상대,관계,char:180,85,17,,,person:길로틴,확정
person:지휘관,F435,사실,정의,char:180,85,17,,,,확정
person:지휘관,F439,사실,정의,char:180,85,17,,,,확정
person:지휘관,D1787,관계 상대,관계,char:212,87,17,,,person:노벨,확정
person:지휘관,F446,사실,정의,char:212,87,17,,,,확정
person:지휘관,D1358,관계 상대,관계,char:232,88,17,,,person:노아,확정
person:지휘관,D1359,관계 상대,관계,char:232,88,17,,,person:노아,확정
person:지휘관,E1249,떡밥,암시,char:232,88,17,,,,확정
person:지휘관,F450,사실,정의,char:232,88,17,,,,확정
person:지휘관,F454,사실,정의,char:232,88,17,,,,확정
person:지휘관,D1788,관계 상대,관계,char:430,89,17,,,person:노이즈,확정
person:지휘관,D1789,관계 상대,관계,char:430,89,17,,,person:노이즈,확정
person:지휘관,F456,사실,정의,char:430,89,17,,,,확정
person:지휘관,F457,사실,정의,char:430,89,17,,,,확정
person:지휘관,D1795,관계 상대,관계,char:20,90,17,,,person:델타,확정
person:지휘관,D1796,관계 상대,관계,char:20,90,17,,,person:델타,확정
person:지휘관,D1797,관계 상대,관계,char:20,90,17,,,person:델타,확정
person:지휘관,F462,사실,정의,char:20,90,17,,,,확정
person:지휘관,F463,사실,정의,char:20,90,17,,,,확정
person:지휘관,F465,사실,정의,char:20,90,17,,,,확정
person:지휘관,D1362,관계 상대,관계,char:202,91,17,,,person:도라,확정
person:지휘관,D1363,관계 상대,관계,char:202,91,17,,,person:도라,확정
person:지휘관,F471,사실,정의,char:202,91,17,,,,확정
person:지휘관,F475,사실,정의,char:202,91,17,,,,확정
person:지휘관,D1798,관계 상대,관계,char:101,92,17,,,person:드레이크,확정
person:지휘관,F481,사실,정의,char:101,92,17,,,,확정
person:지휘관,D1369,관계 상대,관계,char:72,93,17,,,person:디젤,확정
person:지휘관,D1370,관계 상대,관계,char:72,93,17,,,person:디젤,확정
person:지휘관,F487,사실,정의,char:72,93,17,,,,확정
person:지휘관,D1374,관계 상대,관계,char:221,94,17,,,person:라푼젤,확정
person:지휘관,D1375,관계 상대,관계,char:221,94,17,,,person:라푼젤,확정
person:지휘관,F496,사실,정의,char:221,94,17,,,,확정
person:지휘관,D1379,관계 상대,관계,char:10,95,17,,,person:라피,확정
person:지휘관,E1260,떡밥,암시,char:10,95,17,,,,확정
person:지휘관,F497,사실,정의,char:10,95,17,,,,확정
person:지휘관,F499,사실,정의,char:10,95,17,,,,확정
person:지휘관,F500,사실,정의,char:10,95,17,,,,확정
person:지휘관,F501,사실,정의,char:10,95,17,,,,확정
person:지휘관,F502,사실,정의,char:10,95,17,,,,확정
person:지휘관,F508,사실,정의,char:10,95,17,,,,확정
person:지휘관,D1802,관계 상대,관계,char:190,96,17,,,person:루드밀라,확정
person:지휘관,F514,사실,정의,char:190,96,17,,,,확정
person:지휘관,F515,사실,정의,char:190,96,17,,,,확정
person:지휘관,O9,마무리,관계,char:190,96,17,,,,확정
person:지휘관,D1803,관계 상대,관계,char:200,97,17,,,person:루피,확정
person:지휘관,D1804,관계 상대,관계,char:200,97,17,,,person:루피,확정
person:지휘관,F520,사실,정의,char:200,97,17,,,,확정
person:지휘관,F525,사실,정의,char:82,98,17,,,,확정
person:지휘관,D1380,관계 상대,관계,char:102,99,17,,,person:맥스웰,확정
person:지휘관,D1381,관계 상대,관계,char:102,99,17,,,person:맥스웰,확정
person:지휘관,D1382,관계 상대,관계,char:102,99,17,,,person:맥스웰,확정
person:지휘관,E1262,떡밥,재언급,char:102,99,17,,,,확정
person:지휘관,E1263,떡밥,암시,char:102,99,17,,,,확정
person:지휘관,F527,사실,정의,char:102,99,17,,,,확정
person:지휘관,F529,사실,정의,char:102,99,17,,J3,,확정
person:지휘관,F530,사실,정의,char:102,99,17,,,,확정
person:지휘관,F531,사실,정의,char:102,99,17,,,,확정
person:지휘관,F532,사실,정의,char:102,99,17,,,,확정
person:지휘관,Q6-3,사건,회수,char:102,99,17,,,,확정
person:지휘관,D1387,관계 상대,관계,char:130,100,17,,,person:메어리,확정
person:지휘관,D1388,관계 상대,관계,char:130,100,17,,,person:메어리,확정
person:지휘관,F540,사실,정의,char:130,100,17,,,,확정
person:지휘관,D1813,관계 상대,관계,char:181,101,17,,,person:메이든,확정
person:지휘관,D1814,관계 상대,관계,char:181,101,17,,,person:메이든,확정
person:지휘관,F545,사실,정의,char:181,101,17,,,,확정
person:지휘관,D1819,관계 상대,관계,char:32,102,17,,,person:미란다,확정
person:지휘관,D1820,관계 상대,관계,char:32,102,17,,,person:미란다,확정
person:지휘관,F548,사실,정의,char:32,102,17,,,,확정
person:지휘관,F549,사실,정의,char:32,102,17,,,,확정
person:지휘관,D1828,관계 상대,관계,char:61,103,17,,,person:미카,확정
person:지휘관,D1829,관계 상대,관계,char:61,103,17,,,person:미카,확정
person:지휘관,F553,사실,정의,char:61,103,17,,,,확정
person:지휘관,D1831,관계 상대,관계,char:161,104,17,,,person:미하라,확정
person:지휘관,F555,사실,정의,char:161,104,17,,,,확정
person:지휘관,O1,마무리,관계,char:161,104,17,,,,확정
person:지휘관,D1833,관계 상대,관계,char:141,105,17,,,person:밀크,확정
person:지휘관,F558,사실,정의,char:141,105,17,,,,확정
person:지휘관,D1834,관계 상대,관계,char:91,106,17,,,person:베스티,확정
person:지휘관,D1835,관계 상대,관계,char:91,106,17,,,person:베스티,확정
person:지휘관,D1836,관계 상대,관계,char:91,106,17,,,person:베스티,확정
person:지휘관,F561,사실,정의,char:91,106,17,,,,확정
person:지휘관,F562,사실,정의,char:91,106,17,,,,확정
person:지휘관,D1840,관계 상대,관계,char:60,107,17,,,person:벨로타,확정
person:지휘관,D1841,관계 상대,관계,char:60,107,17,,,person:벨로타,확정
person:지휘관,F564,사실,정의,char:60,107,17,,,,확정
person:지휘관,D1844,관계 상대,관계,char:431,108,17,,,person:볼륨,확정
person:지휘관,D1845,관계 상대,관계,char:431,108,17,,,person:볼륨,확정
person:지휘관,F565,사실,정의,char:431,108,17,,,,확정
person:지휘관,F566,사실,정의,char:431,108,17,,,,확정
person:지휘관,F567,사실,정의,char:431,108,17,,,,확정
person:지휘관,D1847,관계 상대,관계,char:70,109,17,,,person:브리드,확정
person:지휘관,D1848,관계 상대,관계,char:70,109,17,,,person:브리드,확정
person:지휘관,D1851,관계 상대,관계,char:70,109,17,,,person:브리드,확정
person:지휘관,F570,사실,정의,char:70,109,17,,,,확정
person:지휘관,D1852,관계 상대,관계,char:80,110,17,,,person:센티,확정
person:지휘관,D1855,관계 상대,관계,char:80,110,17,,,person:센티,확정
person:지휘관,F572,사실,정의,char:80,110,17,,,,확정
person:지휘관,D1857,관계 상대,관계,char:71,111,17,,,person:솔린,확정
person:지휘관,D1861,관계 상대,관계,char:71,111,17,,,person:솔린,확정
person:지휘관,F575,사실,정의,char:71,111,17,,,,확정
person:지휘관,D1395,관계 상대,관계,char:140,112,17,,,person:슈가,확정
person:지휘관,D1396,관계 상대,관계,char:140,112,17,,,person:슈가,확정
person:지휘관,E1271,떡밥,암시,char:140,112,17,,,,확정
person:지휘관,F580,사실,정의,char:140,112,17,,,,확정
person:지휘관,D1398,관계 상대,관계,char:220,113,17,,,person:스노우_화이트,확정
person:지휘관,F585,사실,정의,char:220,113,17,,,,확정
person:지휘관,D1864,관계 상대,관계,char:22,114,17,,,person:시그널,확정
person:지휘관,D1866,관계 상대,관계,char:22,114,17,,,person:시그널,확정
person:지휘관,D1867,관계 상대,관계,char:22,114,17,,,person:시그널,확정
person:지휘관,F586,사실,정의,char:22,114,17,,,,확정
person:지휘관,F587,사실,정의,char:22,114,17,,,,확정
person:지휘관,D1399,관계 상대,관계,char:12,115,17,,,person:아니스,확정
person:지휘관,F588,사실,정의,char:12,115,17,,,,확정
person:지휘관,F592,사실,정의,char:12,115,17,,,,확정
person:지휘관,F597,사실,정의,char:12,115,17,,,,확정
person:지휘관,Q86,의문,정의,char:12,115,17,일부,J3,,확정
person:지휘관,D1869,관계 상대,관계,char:432,116,17,,,person:아리아,확정
person:지휘관,D1872,관계 상대,관계,char:432,116,17,,,person:아리아,확정
person:지휘관,F598,사실,정의,char:432,116,17,,,,확정
person:지휘관,F599,사실,정의,char:432,116,17,,,,확정
person:지휘관,D1874,관계 상대,관계,char:172,117,17,,,person:애드미,확정
person:지휘관,D1875,관계 상대,관계,char:172,117,17,,,person:애드미,확정
person:지휘관,D1878,관계 상대,관계,char:172,117,17,,,person:애드미,확정
person:지휘관,F603,사실,정의,char:172,117,17,,,,확정
person:지휘관,D1880,관계 상대,관계,char:191,118,17,,,person:앨리스,확정
person:지휘관,D1883,관계 상대,관계,char:191,118,17,,,person:앨리스,확정
person:지휘관,F607,사실,정의,char:191,118,17,,,,확정
person:지휘관,D1886,관계 상대,관계,char:201,119,17,,,person:얀,확정
person:지휘관,F610,사실,정의,char:201,119,17,,,,확정
person:지휘관,D1889,관계 상대,관계,char:291,120,17,,,person:에테르,확정
person:지휘관,D1890,관계 상대,관계,char:291,120,17,,,person:에테르,확정
person:지휘관,E1594,떡밥,암시,char:291,120,17,,,,확정
person:지휘관,F614,사실,정의,char:291,120,17,,,,확정
person:지휘관,F615,사실,정의,char:291,120,17,,,,확정
person:지휘관,D1894,관계 상대,관계,char:241,121,17,,,person:에피넬,확정
person:지휘관,D1895,관계 상대,관계,char:241,121,17,,,person:에피넬,확정
person:지휘관,F618,사실,정의,char:241,121,17,,,,확정
person:지휘관,D1896,관계 상대,관계,char:210,122,17,,,person:엑시아,확정
person:지휘관,D1897,관계 상대,관계,char:210,122,17,,,person:엑시아,확정
person:지휘관,F620,사실,정의,char:210,122,17,,,,확정
person:지휘관,D1898,관계 상대,관계,char:90,123,17,,,person:엠마,확정
person:지휘관,D1899,관계 상대,관계,char:90,123,17,,,person:엠마,확정
person:지휘관,E1595,떡밥,암시,char:90,123,17,,,,확정
person:지휘관,F622,사실,정의,char:90,123,17,,,,확정
person:지휘관,D1902,관계 상대,관계,char:160,124,17,,,person:유니,확정
person:지휘관,F624,사실,정의,char:160,124,17,,,,확정
person:지휘관,D1905,관계 상대,관계,char:150,125,17,,,person:율리아,확정
person:지휘관,D1908,관계 상대,관계,char:150,125,17,,,person:율리아,확정
person:지휘관,F626,사실,정의,char:150,125,17,,,,확정
person:지휘관,D1910,관계 상대,관계,char:171,126,17,,,person:율하,확정
person:지휘관,D1913,관계 상대,관계,char:171,126,17,,,person:율하,확정
person:지휘관,D1914,관계 상대,관계,char:171,126,17,,,person:율하,확정
person:지휘관,D1915,관계 상대,관계,char:92,127,17,,,person:은화,확정
person:지휘관,D1918,관계 상대,관계,char:92,127,17,,,person:은화,확정
person:지휘관,D1920,관계 상대,관계,char:92,127,17,,,person:잉그리드,확정
person:지휘관,F629,사실,정의,char:92,127,17,,,,확정
person:지휘관,F631,사실,정의,char:92,127,17,,,,확정
person:지휘관,D1401,관계 상대,관계,char:231,128,17,,,person:이사벨,확정
person:지휘관,D1402,관계 상대,관계,char:231,128,17,,,person:이사벨,확정
person:지휘관,F633,사실,정의,char:231,128,17,,,,확정
person:지휘관,F634,사실,정의,char:231,128,17,,,,확정
person:지휘관,F636,사실,정의,char:231,128,17,,,,확정
person:지휘관,Q88,의문,정의,char:231,128,17,일부,J29,,확정
person:지휘관,D1404,관계 상대,관계,char:110,129,17,,,person:크로우,확정
person:지휘관,D1405,변화,신념,char:110,129,17,,,,확정
person:지휘관,F642,사실,정의,char:110,129,17,,,,확정
person:지휘관,D1921,관계 상대,관계,char:131,130,17,,,person:페퍼,확정
person:지휘관,D1923,관계 상대,관계,char:131,130,17,,,person:페퍼,확정
person:지휘관,F646,사실,정의,char:131,130,17,,,,확정
person:지휘관,D1924,관계 상대,관계,char:30,131,17,,,person:폴리,확정
person:지휘관,D1932,관계 상대,관계,char:30,131,17,,,person:폴리,확정
person:지휘관,D1934,관계 상대,관계,char:242,132,17,,,person:폴크방,확정
person:지휘관,D1937,관계 상대,관계,char:242,132,17,,,person:폴크방,확정
person:지휘관,F650,사실,정의,char:242,132,17,,,,확정
person:지휘관,D1939,관계 상대,관계,char:170,133,17,,,person:프리바티,확정
person:지휘관,D1940,관계 상대,관계,char:170,133,17,,,person:프리바티,확정
person:지휘관,D1942,관계 상대,관계,char:170,133,17,,,person:프리바티,확정
person:지휘관,F652,사실,정의,char:170,133,17,,,,확정
person:지휘관,D1945,관계 상대,관계,char:142,134,17,,,person:프림,확정
person:지휘관,D1946,관계 상대,관계,char:142,134,17,,,person:프림,확정
person:지휘관,D1408,관계 상대,관계,char:230,135,17,,,person:하란,확정
person:지휘관,D1409,관계 상대,관계,char:230,135,17,,,person:하란,확정
person:지휘관,D1410,관계 상대,관계,char:230,135,17,,,person:하란,확정
person:지휘관,E1283,떡밥,암시,char:230,135,17,,,,확정
person:지휘관,D1413,관계 상대,관계,char:222,136,17,,,person:홍련,확정
person:지휘관,D1415,관계 상대,관계,char:222,136,17,,,person:홍련,확정
person:지휘관,E1286,떡밥,암시,char:222,136,17,,,,확정
person:지휘관,D1949,관계 상대,관계,char:120,137,17,,,person:앤,확정
person:지휘관,D1950,관계 상대,관계,char:120,137,17,,,person:앤,확정
person:지휘관,D1953,관계 상대,관계,char:120,137,17,,,person:앤,확정
person:지휘관,D1955,관계 상대,관계,char:352,139,18,,,person:헬름,확정
person:지휘관,D1958,관계 상대,관계,char:352,139,18,,,person:헬름,확정
person:지휘관,D148,관계 상대,관계,ch17,140,19,,,person:스노우_화이트,확정
person:지휘관,D149,관계 상대,관계,ch17,140,19,,,person:스노우_화이트,확정
person:지휘관,D150,변화,신념,ch17,140,19,,,,확정
person:지휘관,E122,떡밥,재언급,ch17,140,19,,,,확정
person:지휘관,F675,사실,정의,ch17,140,19,,J21,,확정
person:지휘관,F678,사실,정의,ch17,140,19,,,,확정
person:지휘관,F680,사실,정의,ch17,140,19,,,,확정
person:지휘관,F690,사실,정의,ch17,140,19,,,,확정
person:지휘관,F691,사실,정의,ch17,140,19,,,,확정
person:지휘관,Q75-2,사건,회수,ch17,140,19,,,,확정
person:지휘관,D51,관계 상대,관계,sub:랩칠리언_06,143,19,,,person:랩칠리언,확정
person:지휘관,F173,사실,정의,sub:랩칠리언_06,143,19,,,,확정
person:지휘관,F382,사실,정의,sub:알콜러버_00,145,19,,,,확정
person:지휘관,D157,관계 상대,관계,ch18,146,20,,,person:슈엔,확정
person:지휘관,D162,관계 상대,관계,ch18,146,20,,,person:유니,확정
person:지휘관,F699,사실,정의,ch18,146,20,,,,확정
person:지휘관,F701,사실,정의,ch18,146,20,,,,확정
person:지휘관,F705,사실,정의,ch18,146,20,,,,확정
person:지휘관,F706,사실,정의,ch18,146,20,,J21,,확정
person:지휘관,F707,사실,정의,ch18,146,20,,,,확정
person:지휘관,F709,사실,정의,sub:테트라_커넥트_01,147,20,,,,확정
person:지휘관,F718,사실,정의,event_hightechtoy,151,20,,,,확정
person:지휘관,D1964,관계 상대,관계,char:100,152,20,,,person:라플라스,확정
person:지휘관,D1965,관계 상대,관계,char:100,152,20,,,person:라플라스,확정
person:지휘관,F721,사실,정의,char:100,152,20,,,,확정
person:지휘관,D1970,관계 상대,관계,char:193,154,21,,,person:네베,확정
person:지휘관,D1971,관계 상대,관계,char:193,154,21,,,person:네베,확정
person:지휘관,F732,사실,정의,char:193,154,21,,,,확정
person:지휘관,D1972,관계 상대,관계,char:203,155,21,,,person:루피,확정
person:지휘관,D1973,관계 상대,관계,char:203,155,21,,,person:루피,확정
person:지휘관,F733,사실,정의,char:203,155,21,,,,확정
person:지휘관,O112,마무리,관계,char:203,155,21,,,,확정
person:지휘관,F734,사실,정의,char:121,156,22,,,,확정
person:지휘관,F735,사실,정의,event_brandnewyear,157,23,,,,확정
person:지휘관,F737,사실,정의,event_brandnewyear,157,23,,,,확정
person:지휘관,F740,사실,정의,char:260,158,24,,,,확정
person:지휘관,F742,사실,정의,char:260,158,24,,,,확정
person:지휘관,D171,관계 상대,관계,ch19,159,25,,,person:요한,확정
person:지휘관,D176,관계 상대,관계,ch19,159,25,,,person:도로시,확정
person:지휘관,D181,관계 상대,관계,ch19,159,25,,,person:파피용,확정
person:지휘관,F745,사실,정의,ch19,159,25,,J8,,확정
person:지휘관,F749,사실,정의,ch19,159,25,,,,확정
person:지휘관,F754,사실,정의,ch19,159,25,,J15,,확정
person:지휘관,F755,사실,정의,ch19,159,25,,,,확정
person:지휘관,F228,사실,정의,sub:러블리_드림_01,161,25,,,,확정
person:지휘관,D87,관계 상대,관계,sub:롬_02,163,25,,,person:롬,확정
person:지휘관,D184,관계 상대,관계,ch20,164,26,,,person:요한,확정
person:지휘관,D187,기준,관계,ch20,164,26,,,person:요한,확정
person:지휘관,D188,변화,관계,ch20,164,26,,,person:요한,확정
person:지휘관,D194,관계 상대,관계,ch20,164,26,,,person:세실,확정
person:지휘관,E145,떡밥,재언급,ch20,164,26,,,,확정
person:지휘관,E146,떡밥,재언급,ch20,164,26,,,,확정
person:지휘관,F766,사실,정의,ch20,164,26,,J3,,확정
person:지휘관,F767,사실,정의,ch20,164,26,,,,확정
person:지휘관,F771,사실,정의,ch20,164,26,,J4,,확정
person:지휘관,Q13-3,사건,회수,ch20,164,26,,,,확정
person:지휘관,Q64-2,사건,회수,ch20,164,26,,,,확정
person:지휘관,Q110,의문,정의,ch20,164,26,일부,J3,,확정
person:지휘관,D182,관계 상대,관계,sub:데이파라_00,168,26,,,person:데이파라,확정
person:지휘관,F756,사실,정의,sub:데이파라_00,168,26,,,,확정
person:지휘관,D199,관계 상대,관계,event_doutsiders,169,26,,,person:바이퍼,확정
person:지휘관,F779,사실,정의,event_doutsiders,169,26,,,,확정
person:지휘관,F783,사실,정의,event_doutsiders,169,26,,,,확정
person:지휘관,D1979,관계 상대,관계,char:400,170,26,,,person:길티,확정
person:지휘관,D1980,관계 상대,관계,char:400,170,26,,,person:길티,확정
person:지휘관,D1981,관계 상대,관계,char:400,170,26,,,person:길티,확정
person:지휘관,F786,사실,정의,char:400,170,26,,,,확정
person:지휘관,F787,사실,정의,char:400,170,26,,,,확정
person:지휘관,F788,사실,정의,char:400,170,26,,,,확정
person:지휘관,D1985,관계 상대,관계,char:401,171,26,,,person:신,확정
person:지휘관,D1986,관계 상대,관계,char:401,171,26,,,person:신,확정
person:지휘관,F791,사실,정의,char:401,171,26,,,,확정
person:지휘관,F792,사실,정의,char:401,171,26,,,,확정
person:지휘관,D1989,관계 상대,관계,char:111,172,26,,,person:자칼,확정
person:지휘관,D1990,관계 상대,관계,char:111,172,26,,,person:자칼,확정
person:지휘관,F794,사실,정의,char:111,172,26,,,,확정
person:지휘관,O2,마무리,관계,char:111,172,26,,,,확정
person:지휘관,D1993,관계 상대,관계,char:402,173,26,,,person:퀀시,확정
person:지휘관,D1994,관계 상대,관계,char:402,173,26,,,person:퀀시,확정
person:지휘관,D1995,관계 상대,관계,char:402,173,26,,,person:퀀시,확정
person:지휘관,F799,사실,정의,char:402,173,26,,,,확정
person:지휘관,F800,사실,정의,char:402,173,26,,,,확정
person:지휘관,D1997,관계 상대,관계,char:112,174,27,,,person:바이퍼,확정
person:지휘관,F801,사실,정의,char:112,174,27,,,,확정
person:지휘관,F805,사실,정의,char:112,174,27,,,,확정
person:지휘관,F806,사실,정의,char:112,174,27,,,,확정
person:지휘관,D2001,관계 상대,관계,char:311,176,28,,,person:코코아,확정
person:지휘관,D2004,관계 상대,관계,char:312,177,29,,,person:소다,확정
person:지휘관,D2005,관계 상대,관계,char:312,177,29,,,person:소다,확정
person:지휘관,F815,사실,정의,char:312,177,29,,,,확정
person:지휘관,F816,사실,정의,char:800,178,30,,,,확정
person:지휘관,D2010,관계 상대,관계,event_bowwowparadise,181,31,,,person:비스킷,확정
person:지휘관,D2016,관계 상대,관계,char:381,182,31,,,person:비스킷,확정
person:지휘관,D201,관계 상대,관계,event_cherryblossom,183,32,,,person:사쿠라,확정
person:지휘관,D202,관계 상대,관계,event_cherryblossom,183,32,,,person:사쿠라,확정
person:지휘관,F837,사실,정의,event_cherryblossom,183,32,,,,확정
person:지휘관,D1426,관계 상대,관계,char:261,184,32,,,person:니힐리스타,확정
person:지휘관,E1303,떡밥,재언급,char:261,184,32,,,,확정
person:지휘관,E1304,떡밥,재언급,char:261,184,32,,,,확정
person:지휘관,F841,사실,정의,char:261,184,32,,,,확정
person:지휘관,F842,사실,정의,char:261,184,32,,,,확정
person:지휘관,D2017,관계 상대,관계,char:282,185,32,,,person:사쿠라,확정
person:지휘관,D2019,관계 상대,관계,char:282,185,32,,,person:사쿠라,확정
person:지휘관,F849,사실,정의,char:282,185,32,,,,확정
person:지휘관,D1429,관계 상대,관계,event_ltk,187,34,,,person:D,확정
person:지휘관,D1432,관계 상대,관계,event_ltk,187,34,,,person:K,확정
person:지휘관,D2021,관계 상대,관계,char:40,188,34,,,person:D,확정
person:지휘관,F856,사실,정의,char:40,188,34,,,,확정
person:지휘관,D210,관계 상대,관계,ch21,189,35,,,person:요한,확정
person:지휘관,D214,관계 상대,관계,ch21,189,35,,,person:세실,확정
person:지휘관,D216,관계 상대,관계,ch21,189,35,,,person:하란,확정
person:지휘관,D217,변화,신념,ch21,189,35,,,,확정
person:지휘관,F859,사실,정의,ch21,189,35,,,,확정
person:지휘관,F869,사실,정의,ch21,189,35,,,,확정
person:지휘관,F870,사실,정의,ch21,189,35,,,,확정
person:지휘관,F874,사실,정의,sub:에덴_Notice_00,190,35,,,,확정
person:지휘관,D220,관계 상대,관계,sub:에덴_Notice_01,191,35,,,person:이사벨,확정
person:지휘관,F876,사실,정의,sub:에덴_Notice_01,191,35,,J29,,확정
person:지휘관,Q88-2,사건,회수,sub:에덴_Notice_01,191,35,,,,확정
person:지휘관,D221,관계 상대,관계,sub:에덴_Notice_02,192,35,,,person:요한,확정
person:지휘관,D222,관계 상대,관계,sub:에덴_Notice_02,192,35,,,person:하란,확정
person:지휘관,F877,사실,정의,sub:에덴_Notice_02,192,35,,,,확정
person:지휘관,E175,떡밥,재언급,ch22,195,36,,,,확정
person:지휘관,D1433,관계 상대,관계,char:233,202,36,,,person:도로시,확정
person:지휘관,F939,사실,정의,char:233,202,36,,,,확정
person:지휘관,F942,사실,정의,char:233,202,36,,,,확정
person:지휘관,D2024,관계 상대,관계,char:392,203,36,,,person:라이,확정
person:지휘관,D2026,관계 상대,관계,char:392,203,36,,,person:라이,확정
person:지휘관,F943,사실,정의,char:392,203,36,,,,확정
person:지휘관,F944,사실,정의,char:392,203,36,,,,확정
person:지휘관,D2030,관계 상대,관계,event_BunnyX777,204,37,,,person:누아르,확정
person:지휘관,D2031,관계 상대,관계,event_BunnyX777,204,37,,,person:블랑,확정
person:지휘관,F946,사실,정의,event_BunnyX777,204,37,,,,확정
person:지휘관,D2033,관계 상대,관계,char:270,205,37,,,person:블랑,확정
person:지휘관,F947,사실,정의,char:270,205,37,,,,확정
person:지휘관,F948,사실,정의,char:270,205,37,,,,확정
person:지휘관,O113,마무리,관계,char:270,205,37,,,,확정
person:지휘관,D2034,관계 상대,관계,char:271,206,38,,,person:누아르,확정
person:지휘관,F949,사실,정의,char:271,206,38,,,,확정
person:지휘관,O114,마무리,관계,char:271,206,38,,,,확정
person:지휘관,D1436,관계 상대,관계,event_queensorder,207,39,,,person:로산나,확정
person:지휘관,D1437,관계 상대,관계,event_queensorder,207,39,,,person:로산나,확정
person:지휘관,D1438,관계 상대,관계,event_queensorder,207,39,,,person:로산나,확정
person:지휘관,D2037,관계 상대,관계,char:280,208,39,,,person:로산나,확정
person:지휘관,D2038,관계 상대,관계,char:280,208,39,,,person:로산나,확정
person:지휘관,F958,사실,정의,char:280,208,39,,,,확정
person:지휘관,F962,사실,정의,char:280,208,39,,,,확정
person:지휘관,D262,관계 상대,관계,event_bluewaterisland,209,40,,,person:메어리,확정
person:지휘관,D268,관계 상대,관계,event_bluewaterisland,209,40,,,person:리타,확정
person:지휘관,D269,관계 상대,관계,event_bluewaterisland,209,40,,,person:얀,확정
person:지휘관,E218,떡밥,재언급,event_bluewaterisland,209,40,,,,확정
person:지휘관,F972,사실,정의,event_bluewaterisland,209,40,,,,확정
person:지휘관,F973,사실,정의,event_bluewaterisland,209,40,,,,확정
person:지휘관,D2040,관계 상대,관계,char:132,210,40,,,person:메어리,확정
person:지휘관,F975,사실,정의,char:132,210,40,,,,확정
person:지휘관,F977,사실,정의,char:132,210,40,,,,확정
person:지휘관,O115,마무리,관계,char:132,210,40,,,,확정
person:지휘관,D2043,관계 상대,관계,event_nyanyaparadise,212,42,,,person:네로,확정
person:지휘관,F980,사실,정의,event_nyanyaparadise,212,42,,,,확정
person:지휘관,D2046,관계 상대,관계,char:380,213,42,,,person:네로,확정
person:지휘관,F981,사실,정의,char:380,213,42,,,,확정
person:지휘관,D277,관계 상대,관계,ch23,214,43,,,person:유니,확정
person:지휘관,E221,떡밥,암시,ch23,214,43,,,,확정
person:지휘관,E223,떡밥,재언급,ch23,214,43,,,,확정
person:지휘관,E230,떡밥,암시,ch23,214,43,,,,확정
person:지휘관,F985,사실,정의,ch23,214,43,,,,확정
person:지휘관,F998,사실,정의,ch23,214,43,,,,확정
person:지휘관,O3,마무리,관계,ch23,214,43,,,,확정
person:지휘관,D279,관계 상대,관계,sub:콜렉터_02,216,43,,,person:콜렉터,확정
person:지휘관,D284,관계 상대,관계,ch24,219,44,,,person:크로우,확정
person:지휘관,D285,변화,성격,ch24,219,44,,,,확정
person:지휘관,D286,관계 상대,관계,ch24,219,44,,,person:바이퍼,확정
person:지휘관,E237,떡밥,재언급,ch24,219,44,,,,확정
person:지휘관,E238,떡밥,암시,ch24,219,44,,,,확정
person:지휘관,F1008,사실,정의,ch24,219,44,,,,확정
person:지휘관,F1010,사실,정의,ch24,219,44,,,,확정
person:지휘관,F1012,사실,정의,ch24,219,44,,J23,,확정
person:지휘관,F1014,사실,정의,ch24,219,44,,J21,,확정
person:지휘관,F1015,사실,정의,ch24,219,44,,,,확정
person:지휘관,F1016,사실,정의,ch24,219,44,,,,확정
person:지휘관,F1017,사실,정의,ch24,219,44,,,,확정
person:지휘관,F1019,사실,정의,ch24,219,44,,,,확정
person:지휘관,F1025,사실,정의,ch24,219,44,,,,확정
person:지휘관,F1036,사실,정의,ch24,219,44,,,,확정
person:지휘관,F1110,사실,정의,sub:중앙정부_프로토콜_00,222,44,,,,확정
person:지휘관,D339,관계 상대,관계,sub:코인_러시_00,223,44,,,person:누아르,확정
person:지휘관,D340,관계 상대,관계,sub:코인_러시_00,223,44,,,person:블랑,확정
person:지휘관,D1446,관계 상대,관계,event_goldenship,224,44,,,person:마스트,확정
person:지휘관,F1042,사실,정의,event_goldenship,224,44,,,,확정
person:지휘관,F1045,사실,정의,event_goldenship,224,44,,,,확정
person:지휘관,D2049,관계 상대,관계,char:350,225,44,,,person:마스트,확정
person:지휘관,F1047,사실,정의,char:350,225,44,,,,확정
person:지휘관,F1055,사실,정의,event_seayouagain1,226,45,,,,확정
person:지휘관,D2050,관계 상대,관계,char:15,227,45,,,person:아니스,확정
person:지휘관,F1058,사실,정의,char:15,227,45,,,,확정
person:지휘관,D2055,관계 상대,관계,char:351,228,45,,,person:앵커,확정
person:지휘관,D2056,관계 상대,관계,char:351,228,45,,,person:앵커,확정
person:지휘관,F1061,사실,정의,char:351,228,45,,,,확정
person:지휘관,F1062,사실,정의,char:351,228,45,,,,확정
person:지휘관,D2058,관계 상대,관계,char:353,229,46,,,person:헬름,확정
person:지휘관,F1064,사실,정의,char:353,229,46,,,,확정
person:지휘관,O120,마무리,관계,char:353,229,46,H14,,,확정
person:지휘관,D2060,관계 상대,관계,event_firstaffection,230,47,,,person:마리안,확정
person:지휘관,F1065,사실,정의,event_firstaffection,230,47,,,,확정
person:지휘관,F1066,사실,정의,event_firstaffection,230,47,,,,확정
person:지휘관,D1461,관계 상대,관계,event_schooloflock,234,50,,,person:마르차나,확정
person:지휘관,F1075,사실,정의,event_schooloflock,234,50,,,,확정
person:지휘관,F1077,사실,정의,event_schooloflock,234,50,,,,확정
person:지휘관,F1079,사실,정의,char:321,235,50,,,,확정
person:지휘관,D1472,관계 상대,관계,event_dazzlingcupid,236,51,,,person:티아,확정
person:지휘관,D1473,관계 상대,관계,event_dazzlingcupid,236,51,,,person:나가,확정
person:지휘관,D1480,관계 상대,관계,event_dazzlingcupid,236,51,,,person:나가,확정
person:지휘관,D1481,관계 상대,관계,event_dazzlingcupid,236,51,,,person:티아,확정
person:지휘관,F1081,사실,정의,event_dazzlingcupid,236,51,,,,확정
person:지휘관,F1082,사실,정의,event_dazzlingcupid,236,51,,,,확정
person:지휘관,F1083,사실,정의,event_dazzlingcupid,236,51,,,,확정
person:지휘관,F1084,사실,정의,event_dazzlingcupid,236,51,,,,확정
person:지휘관,F1088,사실,정의,char:450,237,51,,,,확정
person:지휘관,F1089,사실,정의,char:451,238,52,,,,확정
person:지휘관,D302,관계 상대,관계,event_freezeacpu,239,53,,,person:키리,확정
person:지휘관,E246,떡밥,암시,event_freezeacpu,239,53,,,,확정
person:지휘관,F1091,사실,정의,event_freezeacpu,239,53,,,,확정
person:지휘관,Q148,의문,정의,event_freezeacpu,239,53,열림,J3,,확정
person:지휘관,D2075,관계 상대,관계,char:33,240,53,,,person:키리,확정
person:지휘관,F1091-2,사건,드러냄,char:33,240,53,,,,확정
person:지휘관,D305,관계 상대,관계,ch25,241,54,,,person:엔더슨,확정
person:지휘관,D308,관계 상대,관계,ch25,241,54,,,person:슈엔,확정
person:지휘관,D311,관계 상대,관계,ch25,241,54,,,person:에닉,확정
person:지휘관,D313,관계 상대,관계,ch25,241,54,,,person:니힐리스타,확정
person:지휘관,E248,떡밥,재언급,ch25,241,54,,,,확정
person:지휘관,F1095,사실,정의,ch25,241,54,,J5,,확정
person:지휘관,F1096,사실,정의,ch25,241,54,,,,확정
person:지휘관,F1099,사실,정의,ch25,241,54,,,,확정
person:지휘관,F1100,사실,정의,ch25,241,54,,J16,,확정
person:지휘관,F1103,사실,정의,ch25,241,54,,,,확정
person:지휘관,F1108,사실,정의,ch25,241,54,,,,확정
person:지휘관,F190,사실,정의,sub:산해진미_01,243,54,,,,확정
person:지휘관,D323,관계 상대,관계,ch26,246,55,,,person:레드_후드,확정
person:지휘관,D331,관계 상대,관계,ch26,246,55,,,person:라피,확정
person:지휘관,D332,관계 상대,관계,ch26,246,55,,,person:도로시,확정
person:지휘관,D334,관계 상대,관계,ch26,246,55,,,person:슈엔,확정
person:지휘관,F1115,사실,정의,ch26,246,55,,J2,,확정
person:지휘관,F1117,사실,정의,ch26,246,55,,,,확정
person:지휘관,F1124,사실,정의,ch26,246,55,,,,확정
person:지휘관,F1126,사실,정의,ch26,246,55,,,,확정
person:지휘관,F1127,사실,정의,ch26,246,55,,,,확정
person:지휘관,F1129,사실,정의,ch26,246,55,,,,확정
person:지휘관,F1130,사실,정의,ch26,246,55,,,,확정
person:지휘관,F1133,사실,정의,ch26,246,55,,,,확정
person:지휘관,F1135,사실,정의,ch26,246,55,,,,확정
person:지휘관,O6,마무리,관계,ch26,246,55,,,,확정
person:지휘관,D338,관계 상대,관계,sub:로망티스트_01,247,55,,,person:로망티스트,확정
person:지휘관,F1136,사실,정의,sub:로망티스트_01,247,55,,,,확정
person:지휘관,D381,관계 상대,관계,sub:피라_00,250,55,,,person:라피,확정
person:지휘관,F1302,사실,정의,sub:피라_00,250,55,,,,확정
person:지휘관,D1483,관계 상대,관계,char:470,254,55,,,person:레드_후드,확정
person:지휘관,F1196,사실,정의,char:470,254,55,,,,확정
person:지휘관,D1494,관계 상대,관계,event_alonesurvivor,256,56,,,person:토브,확정
person:지휘관,D1495,관계 상대,관계,event_alonesurvivor,256,56,,,person:토브,확정
person:지휘관,F1204,사실,정의,event_alonesurvivor,256,56,,,,확정
person:지휘관,D2080,관계 상대,관계,char:192,257,56,,,person:토브,확정
person:지휘관,O125,마무리,관계,char:192,257,56,H15,,,확정
person:지휘관,D2083,관계 상대,관계,char:194,259,57,,,person:루드밀라,확정
person:지휘관,D2088,관계 상대,관계,char:62,260,58,,,person:미카,확정
person:지휘관,D364,관계 상대,관계,event_newyearnewsword,261,59,,,person:홍련,확정
person:지휘관,D365,관계 상대,관계,event_newyearnewsword,261,59,,,person:노이즈,확정
person:지휘관,F1228,사실,정의,event_newyearnewsword,261,59,,,,확정
person:지휘관,F1240,사실,정의,event_newyearnewsword,261,59,,,,확정
person:지휘관,O131,마무리,관계,event_newyearnewsword,261,59,,,,확정
person:지휘관,O132,마무리,관계,event_newyearnewsword,261,59,,,,확정
person:지휘관,D1518,관계 상대,관계,event_lionheart,263,61,,,person:레오나,확정
person:지휘관,D2090,관계 상대,관계,char:382,264,61,,,person:레오나,확정
person:지휘관,F1256,사실,정의,char:382,264,61,,,,확정
person:지휘관,D366,관계 상대,관계,event_dirtybackyard,265,62,,,person:목단,확정
person:지휘관,D371,관계 상대,관계,event_dirtybackyard,265,62,,,person:슈가,확정
person:지휘관,O134,마무리,관계,event_dirtybackyard,265,62,,,,확정
person:지휘관,F1270,사실,정의,char:281,266,62,,,,확정
person:지휘관,D1526,관계 상대,관계,event_perfectmaid,267,63,,,person:에이드,확정
person:지휘관,D1527,관계 상대,관계,event_perfectmaid,267,63,,,person:에이드,확정
person:지휘관,F1276,사실,정의,event_perfectmaid,267,63,,,,확정
person:지휘관,F1278,사실,정의,event_perfectmaid,267,63,,,,확정
person:지휘관,D2091,관계 상대,관계,char:313,268,63,,,person:프리바티,확정
person:지휘관,F1279,사실,정의,char:313,268,63,,,,확정
person:지휘관,F1280,사실,정의,char:313,268,63,,,,확정
person:지휘관,O201,마무리,관계,char:313,268,63,,,,확정
person:지휘관,D2093,관계 상대,관계,char:310,269,64,,,person:에이드,확정
person:지휘관,F1281,사실,정의,char:310,269,64,,,,확정
person:지휘관,F1282,사실,정의,char:310,269,64,,,,확정
person:지휘관,F1283,사실,정의,char:310,269,64,,,,확정
person:지휘관,D372,관계 상대,관계,ch27,270,65,,,person:랩칠리언,확정
person:지휘관,D374,관계 상대,관계,ch27,270,65,,,person:엔더슨,확정
person:지휘관,F1286,사실,정의,ch27,270,65,,,,확정
person:지휘관,F1287,사실,정의,ch27,270,65,,,,확정
person:지휘관,F1289,사실,정의,ch27,270,65,,,,확정
person:지휘관,F1290,사실,정의,ch27,270,65,,,,확정
person:지휘관,F1295,사실,정의,ch27,270,65,,,,확정
person:지휘관,F1298,사실,정의,ch27,270,65,,,,확정
person:지휘관,O135,마무리,관계,ch27,270,65,,,,확정
person:지휘관,F1303,사실,정의,sub:피라_01,271,65,,,,확정
person:지휘관,F1304,사실,정의,sub:피라_02,272,65,,,,확정
person:지휘관,F1305,사실,정의,sub:피라_02,272,65,,,,확정
person:지휘관,D383,관계 상대,관계,sub:트윙클_00,273,65,,,person:아니스,확정
person:지휘관,F1306,사실,정의,sub:트윙클_00,273,65,,,,확정
person:지휘관,D384,변화,신념,ch28,275,66,,,,확정
person:지휘관,D386,관계 상대,관계,ch28,275,66,,,person:시프티,확정
person:지휘관,D388,관계 상대,관계,ch28,275,66,,,person:리버린,확정
person:지휘관,E339,떡밥,암시,ch28,275,66,,,,확정
person:지휘관,F1309,사실,정의,ch28,275,66,,,,확정
person:지휘관,F1310,사실,정의,ch28,275,66,,,,확정
person:지휘관,F1317,사실,정의,ch28,275,66,,,,확정
person:지휘관,F1319,사실,정의,ch28,275,66,,,,확정
person:지휘관,D392,관계 상대,관계,sub:핸섬_커맨더_01,277,66,,,person:이안_맥스,확정
person:지휘관,F1331,사실,정의,sub:핸섬_커맨더_01,277,66,,,,확정
person:지휘관,D400,관계 상대,관계,event_boomsday,280,66,,,person:일레그,확정
person:지휘관,D2094,관계 상대,관계,char:500,281,66,,,person:일레그,확정
person:지휘관,D404,관계 상대,관계,event_killthelord,282,67,,,person:D,확정
person:지휘관,E358,떡밥,재언급,event_killthelord,282,67,,,,확정
person:지휘관,E360,떡밥,재언급,event_killthelord,282,67,,,,확정
person:지휘관,D2095,관계 상대,관계,char:43,283,67,,,person:D,확정
person:지휘관,E367,떡밥,재언급,side:second_affection,288,71,,,,확정
person:지휘관,F1358,사실,정의,side:second_affection,288,71,,,,확정
person:지휘관,D1537,관계 상대,관계,event_onemoretime,289,71,,,person:베이,확정
person:지휘관,F1374,사실,정의,event_onemoretime,289,71,,,,확정
person:지휘관,D2104,관계 상대,관계,char:550,290,71,,,person:베이,확정
person:지휘관,F1378,사실,정의,char:550,290,71,,,,확정
person:지휘관,D424,관계 상대,관계,ch29,291,72,,,person:드릴리,확정
person:지휘관,D427,관계 상대,관계,ch29,291,72,,,person:해머링,확정
person:지휘관,D428,관계 상대,관계,ch29,291,72,,,person:그레이브,확정
person:지휘관,D430,관계 상대,관계,ch29,291,72,,,person:일레그,확정
person:지휘관,E371,떡밥,암시,ch29,291,72,,,,확정
person:지휘관,E378,떡밥,암시,ch29,291,72,,,,확정
person:지휘관,F1381,사실,정의,ch29,291,72,,,,확정
person:지휘관,F1387,사실,정의,ch29,291,72,,,,확정
person:지휘관,F1388,사실,정의,ch29,291,72,,,,확정
person:지휘관,F1389,사실,정의,ch29,291,72,,,,확정
person:지휘관,F1392,사실,정의,ch29,291,72,,,,확정
person:지휘관,U213,생활상,방주 사회,ch29,291,72,,,,확정
person:지휘관,D434,관계 상대,관계,ch30,293,73,,,person:드릴리,확정
person:지휘관,D437,관계 상대,관계,ch30,293,73,,,person:그레이브,확정
person:지휘관,E379,떡밥,재언급,ch30,293,73,,,,확정
person:지휘관,F1401,사실,정의,ch30,293,73,,,,확정
person:지휘관,F1406,사실,정의,ch30,293,73,,,,확정
person:지휘관,F1408,사실,정의,ch30,293,73,,J12,,확정
person:지휘관,F1412,사실,정의,ch30,293,73,,,,확정
person:지휘관,F1435,사실,정의,event_lastkingdom1,295,73,,,,확정
person:지휘관,F1450,사실,정의,event_lastkingdom1,295,73,,,,확정
person:지휘관,D1542,관계 상대,관계,char:330,296,73,,,person:크라운,확정
person:지휘관,D1543,관계 상대,관계,char:330,296,73,,,person:크라운,확정
person:지휘관,D1545,관계 상대,관계,char:330,296,73,,,person:차임,확정
person:지휘관,F1454,사실,정의,char:330,296,73,,,,확정
person:지휘관,F1457,사실,정의,char:330,296,73,,,,확정
person:지휘관,F1458,사실,정의,char:330,296,73,,,,확정
person:지휘관,F1459,사실,정의,char:330,296,73,,,,확정
person:지휘관,D2105,관계 상대,관계,char:361,297,73,,,person:킬로,확정
person:지휘관,F1462,사실,정의,char:361,297,73,,,,확정
person:지휘관,D473,관계 상대,관계,event_darkhero,298,74,,,person:트로니,확정
person:지휘관,E421,떡밥,재언급,event_darkhero,298,74,,,,확정
person:지휘관,F1464,사실,정의,event_darkhero,298,74,,,,확정
person:지휘관,F1472,사실,정의,event_darkhero,298,74,,,,확정
person:지휘관,F1473,사실,정의,event_darkhero,298,74,,,,확정
person:지휘관,F1477,사실,정의,event_darkhero,298,74,,,,확정
person:지휘관,E1367,떡밥,재언급,event_goldencoinrush1,300,75,,,,확정
person:지휘관,F1483,사실,정의,event_goldencoinrush1,300,75,,,,확정
person:지휘관,F1485,사실,정의,event_goldencoinrush1,300,75,,,,확정
person:지휘관,F1487,사실,정의,event_goldencoinrush1,300,75,,,,확정
person:지휘관,F1488,사실,정의,event_goldencoinrush1,300,75,,,,확정
person:지휘관,F1490,사실,정의,event_goldencoinrush1,300,75,,,,확정
person:지휘관,F2897,사실,정의,event_goldencoinrush1,300,75,,,,확정
person:지휘관,D2109,관계 상대,관계,char:314,301,75,,,person:소다,확정
person:지휘관,F1491,사실,정의,char:314,301,75,,,,확정
person:지휘관,F1493,사실,정의,char:314,301,75,,,,확정
person:지휘관,F1494,사실,정의,char:195,302,76,,,,확정
person:지휘관,F1495,사실,정의,char:195,302,76,,,,확정
person:지휘관,D1559,관계 상대,관계,event_claymore,303,77,,,person:클레이,확정
person:지휘관,D2113,관계 상대,관계,char:551,304,77,,,person:클레이,확정
person:지휘관,D482,관계 상대,관계,event_beautyfullshot1,305,78,,,person:사쿠라,확정
person:지휘관,E430,떡밥,재언급,event_beautyfullshot1,305,78,,,,확정
person:지휘관,F1511,사실,정의,event_beautyfullshot1,305,78,,,,확정
person:지휘관,F1513,사실,정의,event_beautyfullshot1,305,78,,,,확정
person:지휘관,O145,마무리,관계,event_beautyfullshot1,305,78,,,,확정
person:지휘관,F1520,사실,정의,char:284,306,78,,,,확정
person:지휘관,D2115,관계 상대,관계,char:283,307,79,,,person:로산나,확정
person:지휘관,O147,마무리,관계,char:283,307,79,,,,확정
person:지휘관,D495,관계 상대,관계,ch31,308,80,,,person:베히모스,확정
person:지휘관,D496,관계 상대,관계,ch31,308,80,,,person:은화,확정
person:지휘관,E439,떡밥,암시,ch31,308,80,,,,확정
person:지휘관,E445,떡밥,암시,ch31,308,80,,,,확정
person:지휘관,E447,떡밥,암시,ch31,308,80,,,,확정
person:지휘관,F1524,사실,정의,ch31,308,80,,,,확정
person:지휘관,F1534,사실,정의,ch31,308,80,,,,확정
person:지휘관,F1536,사실,정의,ch31,308,80,,J12,,확정
person:지휘관,F1537,사실,정의,ch31,308,80,,,,확정
person:지휘관,Q199,의문,정의,ch31,308,80,풀림,J10,,확정
person:지휘관,D500,관계 상대,관계,ch32,310,81,,,person:그레이브,확정
person:지휘관,D508,관계 상대,관계,ch32,310,81,,,person:라피,확정
person:지휘관,D514,관계 상대,관계,ch32,310,81,,,person:신데렐라,확정
person:지휘관,E448,떡밥,재언급,ch32,310,81,,,,확정
person:지휘관,E452,떡밥,암시,ch32,310,81,,,,확정
person:지휘관,E453,떡밥,암시,ch32,310,81,,,,확정
person:지휘관,E457,떡밥,재언급,ch32,310,81,,,,확정
person:지휘관,E458,떡밥,암시,ch32,310,81,,,,확정
person:지휘관,F1541,사실,정의,ch32,310,81,,,,확정
person:지휘관,F1547,사실,정의,ch32,310,81,,,,확정
person:지휘관,F1554,사실,정의,ch32,310,81,,,,확정
person:지휘관,F1555,사실,정의,ch32,310,81,,,,확정
person:지휘관,F1556,사실,정의,ch32,310,81,,,,확정
person:지휘관,F1557,사실,정의,ch32,310,81,,,,확정
person:지휘관,F1558,사실,정의,ch32,310,81,,,,확정
person:지휘관,D522,관계 상대,관계,sub:거울_공주_00,312,81,,,person:신데렐라,확정
person:지휘관,F1564,사실,정의,sub:거울_공주_00,312,81,,,,확정
person:지휘관,F1566,사실,정의,sub:거울_공주_00,312,81,,,,확정
person:지휘관,D1567,관계 상대,관계,event_juveniledays,317,81,,,person:아인,확정
person:지휘관,F1575,사실,정의,event_juveniledays,317,81,,,,확정
person:지휘관,F1584,사실,정의,event_colorless,319,82,,,,확정
person:지휘관,F1591,사실,정의,event_colorless,319,82,,,,확정
person:지휘관,D2129,관계 상대,관계,event_jinxplayer,325,86,,,person:루주,확정
person:지휘관,F1605,사실,정의,event_nonsensered,326,86,,,,확정
person:지휘관,D2131,관계 상대,관계,char:272,327,86,,,person:루주,확정
person:지휘관,F1606,사실,정의,char:272,327,86,,,,확정
person:지휘관,O170,마무리,관계,char:272,327,86,H18,,,확정
person:지휘관,D1586,관계 상대,관계,event_phantomthiefvsdetective,328,87,,,person:팬텀,확정
person:지휘관,F1607,사실,정의,event_phantomthiefvsdetective,328,87,,,,확정
person:지휘관,F1609,사실,정의,char:403,329,87,,,,확정
person:지휘관,D2133,관계 상대,관계,char:580,330,88,,,person:팬텀,확정
person:지휘관,F1612,사실,정의,char:580,330,88,,J56,,확정
person:지휘관,D1593,관계 상대,관계,event_lifeagain,332,89,,,person:루마니,확정
person:지휘관,F1622,사실,정의,event_lifeagain,332,89,,,,확정
person:지휘관,D2134,관계 상대,관계,char:240,333,89,,,person:루마니,확정
person:지휘관,D536,관계 상대,관계,ch33,334,90,,,person:아니스,확정
person:지휘관,D542,관계 상대,관계,ch33,334,90,,,person:레비아탄,확정
person:지휘관,E477,떡밥,재언급,ch33,334,90,,,,확정
person:지휘관,E485,떡밥,암시,ch33,334,90,,,,확정
person:지휘관,E486,떡밥,재언급,ch33,334,90,,,,확정
person:지휘관,F1627,사실,정의,ch33,334,90,,,,확정
person:지휘관,F1628,사실,정의,ch33,334,90,,,,확정
person:지휘관,F1629,사실,정의,ch33,334,90,,,,확정
person:지휘관,F1634,사실,정의,ch33,334,90,,,,확정
person:지휘관,F1635,사실,정의,ch33,334,90,,,,확정
person:지휘관,E495,떡밥,재언급,ch34,336,91,,,,확정
person:지휘관,E505,떡밥,재언급,ch34,336,91,,,,확정
person:지휘관,E509,떡밥,암시,ch34,336,91,,,,확정
person:지휘관,F1646,사실,정의,ch34,336,91,,,,확정
person:지휘관,F1658,사실,정의,ch34,336,91,,,,확정
person:지휘관,E554,떡밥,재언급,erelic:old_tales_mini_memory,341,91,,,,확정
person:지휘관,F1718,사실,정의,char:511,343,91,,,,확정
person:지휘관,D1598,관계 상대,관계,char:514,344,92,,,person:그레이브,확정
person:지휘관,F1721,사실,정의,char:514,344,92,,,,확정
person:지휘관,D1603,관계 상대,관계,event_secretgarden,345,93,,,person:플로라,확정
person:지휘관,D1604,관계 상대,관계,event_secretgarden,345,93,,,person:플로라,확정
person:지휘관,D2137,관계 상대,관계,char:411,346,93,,,person:플로라,확정
person:지휘관,F1726,사실,정의,char:411,346,93,,,,확정
person:지휘관,F1728,사실,정의,event_icedragonsaga1,347,94,,,,확정
person:지휘관,F1734,사실,정의,event_icedragonsaga1,347,94,,,,확정
person:지휘관,F1737,사실,정의,char:182,349,95,,,,확정
person:지휘관,D592,관계 상대,관계,event_footstepwalkrun1,350,96,,,person:라피,확정
person:지휘관,E575,떡밥,재언급,event_footstepwalkrun1,350,96,,,,확정
person:지휘관,F1764,사실,정의,event_footstepwalkrun1,350,96,,,,확정
person:지휘관,F1766,사실,정의,event_outofuniform,351,97,,,,확정
person:지휘관,D2140,관계 상대,관계,char:16,352,97,,,person:라피,확정
person:지휘관,F1767,사실,정의,char:16,352,97,,,,확정
person:지휘관,D594,변화,기억,event_wisdomspring,353,98,,,,확정
person:지휘관,D595,관계 상대,관계,event_wisdomspring,353,98,,,person:마나,확정
person:지휘관,D596,관계 상대,관계,event_wisdomspring,353,98,,,person:에테르,확정
person:지휘관,D598,관계 상대,관계,event_wisdomspring,353,98,,,person:지엔,확정
person:지휘관,E577,떡밥,재언급,event_wisdomspring,353,98,,,,확정
person:지휘관,E580,떡밥,암시,event_wisdomspring,353,98,,,,확정
person:지휘관,E582,떡밥,암시,event_wisdomspring,353,98,,,,확정
person:지휘관,F1771,사실,정의,event_wisdomspring,353,98,,,,확정
person:지휘관,F1772,사실,정의,event_wisdomspring,353,98,,,,확정
person:지휘관,F1773,사실,정의,event_wisdomspring,353,98,,J3,,확정
person:지휘관,F1774,사실,정의,event_wisdomspring,353,98,,,,확정
person:지휘관,F1775,사실,정의,event_wisdomspring,353,98,,,,확정
person:지휘관,F1776,사실,정의,event_wisdomspring,353,98,,,,확정
person:지휘관,F1777,사실,정의,event_wisdomspring,353,98,,,,확정
person:지휘관,Q86-2,사건,회수,event_wisdomspring,353,98,,,,확정
person:지휘관,Q225,의문,정의,event_wisdomspring,353,98,일부,J3,,확정
person:지휘관,Q227,의문,정의,event_wisdomspring,353,98,열림,J3,,확정
person:지휘관,D2144,관계 상대,관계,char:290,354,98,,,person:마나,확정
person:지휘관,O155,마무리,관계,char:290,354,98,,,,확정
person:지휘관,D1628,관계 상대,관계,event_romanticvalentine,355,99,,,person:신,확정
person:지휘관,D1629,관계 상대,관계,event_romanticvalentine,355,99,,,person:머스탱,확정
person:지휘관,F1783,사실,정의,event_romanticvalentine,355,99,,,,확정
person:지휘관,D2145,관계 상대,관계,char:354,356,99,,,person:마스트,확정
person:지휘관,F1784,사실,정의,char:354,356,99,,,,확정
person:지휘관,O158,마무리,관계,char:354,356,99,H19,,,확정
person:지휘관,D2147,관계 상대,관계,char:355,357,100,,,person:앵커,확정
person:지휘관,F1785,사실,정의,char:355,357,100,,,,확정
person:지휘관,O161,마무리,관계,char:355,357,100,,,,확정
person:지휘관,D599,변화,소속,ch35,358,101,,,,확정
person:지휘관,D601,관계 상대,관계,ch35,358,101,,,person:아니스,확정
person:지휘관,D605,관계 상대,관계,ch35,358,101,,,person:슈엔,확정
person:지휘관,D606,관계 상대,관계,ch35,358,101,,,person:그레이브,확정
person:지휘관,D612,관계 상대,관계,ch35,358,101,,,person:신데렐라,확정
person:지휘관,E601,떡밥,재언급,ch35,358,101,,,,확정
person:지휘관,E602,떡밥,암시,ch35,358,101,,,,확정
person:지휘관,E614,떡밥,재언급,ch35,358,101,,,,확정
person:지휘관,F1788,사실,정의,ch35,358,101,,,,확정
person:지휘관,F1790,사실,정의,ch35,358,101,,,,확정
person:지휘관,F1791,사실,정의,ch35,358,101,,,,확정
person:지휘관,F1805,사실,정의,ch35,358,101,,,,확정
person:지휘관,O22,마무리,관계,ch35,358,101,,,,확정
person:지휘관,D614,관계 상대,관계,ch36,360,102,,,person:레비아탄,확정
person:지휘관,D617,관계 상대,관계,ch36,360,102,,,person:레비아탄,확정
person:지휘관,D620,관계 상대,관계,ch36,360,102,,,person:라피,확정
person:지휘관,E618,떡밥,암시,ch36,360,102,,,,확정
person:지휘관,F1807,사실,정의,ch36,360,102,,,,확정
person:지휘관,F1820,사실,정의,ch36,360,102,,,,확정
person:지휘관,D2154,관계 상대,관계,char:412,366,104,,,person:트리나,확정
person:지휘관,D2155,관계 상대,관계,char:412,366,104,,,person:트리나,확정
person:지휘관,D622,관계 상대,관계,event_newflavor,367,105,,,person:브래디,확정
person:지휘관,D623,관계 상대,관계,event_newflavor,367,105,,,person:브래디,확정
person:지휘관,D624,관계 상대,관계,event_newflavor,367,105,,,person:브래디,확정
person:지휘관,D627,관계 상대,관계,event_newflavor,367,105,,,person:크러스트,확정
person:지휘관,E634,떡밥,암시,event_newflavor,367,105,,,,확정
person:지휘관,E635,떡밥,암시,event_newflavor,367,105,,,,확정
person:지휘관,F1839,사실,정의,event_newflavor,367,105,,,,확정
person:지휘관,Q235,의문,정의,event_newflavor,367,105,열림,J3,,확정
person:지휘관,D2156,관계 상대,관계,char:520,368,105,,,person:브래디,확정
person:지휘관,F1840,사실,정의,char:520,368,105,,,,확정
person:지휘관,O162,마무리,관계,char:520,368,105,,,,확정
person:지휘관,F1852,사실,정의,event_trueflavor,371,107,,,,확정
person:지휘관,D2160,관계 상대,관계,char:521,372,107,,,person:크러스트,확정
person:지휘관,F1855,사실,정의,char:521,372,107,,,,확정
person:지휘관,D652,관계 상대,관계,ch37,373,108,,,person:지즈,확정
person:지휘관,D654,변화,신체,ch37,373,108,,,,확정
person:지휘관,E654,떡밥,암시,ch37,373,108,,,,확정
person:지휘관,F1866,사실,정의,ch37,373,108,,,,확정
person:지휘관,F1867,사실,정의,ch37,373,108,,,,확정
person:지휘관,D673,관계 상대,관계,ch38,375,109,,,person:지즈,확정
person:지휘관,E657,떡밥,암시,ch38,375,109,,,,확정
person:지휘관,E662,떡밥,암시,ch38,375,109,,,,확정
person:지휘관,E671,떡밥,암시,ch38,375,109,,,,확정
person:지휘관,F1867-2,사건,드러냄,ch38,375,109,,,,확정
person:지휘관,F1873,사실,정의,ch38,375,109,,J10,,확정
person:지휘관,F1877,사실,정의,ch38,375,109,,,,확정
person:지휘관,D2161,관계 상대,관계,char:590,381,109,,,person:모리,확정
person:지휘관,D2162,관계 상대,관계,char:590,381,109,,,person:모리,확정
person:지휘관,F1917,사실,정의,char:590,381,109,,,,확정
person:지휘관,F2898,사실,정의,char:162,382,110,,J23,,확정
person:지휘관,D703,관계 상대,관계,event_arcanearchive,383,111,,,person:아르카나,확정
person:지휘관,D704,관계 상대,관계,event_arcanearchive,383,111,,,person:아르카나,확정
person:지휘관,D705,관계 상대,관계,event_arcanearchive,383,111,,,person:아르카나,확정
person:지휘관,E720,떡밥,재언급,event_arcanearchive,383,111,,,,확정
person:지휘관,F1930,사실,정의,event_arcanearchive,383,111,,,,확정
person:지휘관,F1935,사실,정의,event_arcanearchive,383,111,,,,확정
person:지휘관,F1936,사실,정의,event_arcanearchive,383,111,,,,확정
person:지휘관,D2165,관계 상대,관계,char:581,384,111,,,person:아르카나,확정
person:지휘관,F1942,사실,정의,char:581,384,111,,,,확정
person:지휘관,F1946,사실,정의,char:581,384,111,,,,확정
person:지휘관,D713,관계 상대,관계,event_lordforjustice,385,112,,,person:K,확정
person:지휘관,E735,떡밥,재언급,event_lordforjustice,385,112,,,,확정
person:지휘관,F1957,사실,정의,event_lordforjustice,385,112,,,,확정
person:지휘관,F1967,사실,정의,event_lordforjustice,385,112,,,,확정
person:지휘관,F1968,사실,정의,event_lordforjustice,385,112,,,,확정
person:지휘관,F1969,사실,정의,event_lordforjustice,385,112,,,,확정
person:지휘관,D2167,관계 상대,관계,char:41,386,112,,,person:K,확정
person:지휘관,F1975,사실,정의,char:41,386,112,,,,확정
person:지휘관,O165,마무리,관계,char:41,386,112,,,,확정
person:지휘관,F1983,사실,정의,event_ce006,387,113,,,,확정
person:지휘관,F2001,사실,정의,event_ce006,387,113,,,,확정
person:지휘관,F2002,사실,정의,event_ce006,387,113,,,,확정
person:지휘관,D744,관계 상대,관계,event_overthehorizon,391,115,,,person:소라,확정
person:지휘관,D745,관계 상대,관계,event_overthehorizon,391,115,,,person:소라,확정
person:지휘관,D750,관계 상대,관계,event_overthehorizon,391,115,,,person:스카이,확정
person:지휘관,D751,관계 상대,관계,event_overthehorizon,391,115,,,person:스카이,확정
person:지휘관,D752,기준,관계,event_overthehorizon,391,115,,,person:소라,확정
person:지휘관,E769,떡밥,재언급,event_overthehorizon,391,115,,,,확정
person:지휘관,E770,떡밥,재언급,event_overthehorizon,391,115,,,,확정
person:지휘관,E771,떡밥,암시,event_overthehorizon,391,115,,,,확정
person:지휘관,E773,떡밥,암시,event_overthehorizon,391,115,,,,확정
person:지휘관,E775,떡밥,암시,event_overthehorizon,391,115,,,,확정
person:지휘관,E776,떡밥,암시,event_overthehorizon,391,115,,,,확정
person:지휘관,F2011,사실,정의,event_overthehorizon,391,115,,,,확정
person:지휘관,F2016,사실,정의,event_overthehorizon,391,115,,,,확정
person:지휘관,D2172,관계 상대,관계,char:532,392,115,,,person:소라,확정
person:지휘관,D2173,관계 상대,관계,char:532,392,115,,,person:소라,확정
person:지휘관,F2018,사실,정의,char:532,392,115,,,,확정
person:지휘관,D2175,관계 상대,관계,char:502,395,117,,,person:일레그,확정
person:지휘관,O30,마무리,관계,char:502,395,117,,,,확정
person:지휘관,D763,관계 상대,관계,ch39,396,118,,,person:나유타,확정
person:지휘관,E798,떡밥,암시,ch39,396,118,,,,확정
person:지휘관,E799,떡밥,재언급,ch39,396,118,,,,확정
person:지휘관,E801,떡밥,암시,ch39,396,118,,,,확정
person:지휘관,E803,떡밥,재언급,ch39,396,118,,,,확정
person:지휘관,F1772-2,사건,드러냄,ch39,396,118,,,,확정
person:지휘관,F2054,사실,정의,ch39,396,118,,,,확정
person:지휘관,Q263,의문,정의,ch39,396,118,풀림,J3,,확정
person:지휘관,E812,떡밥,재언급,relic:정갈하게쓴기록,397,118,,,,확정
person:지휘관,D781,변화,기억,ch40,398,119,,,,확정
person:지휘관,D785,기준,관계,ch40,398,119,,,person:레비아탄,확정
person:지휘관,D792,관계 상대,관계,ch40,398,119,,,person:베히모스,확정
person:지휘관,F2071,사실,정의,ch40,398,119,,J3,,확정
person:지휘관,F2073,사실,정의,ch40,398,119,,,,확정
person:지휘관,F2077,사실,정의,ch40,398,119,,,,확정
person:지휘관,F2085,사실,정의,ch40,398,119,,,,확정
person:지휘관,Q225-2,사건,회수,ch40,398,119,,,,확정
person:지휘관,Q263-2,사건,회수,ch40,398,119,,,,확정
person:지휘관,Q263-3,사건,회수,ch40,398,119,,,,확정
person:지휘관,Q274,의문,정의,ch40,398,119,풀림,J10,,확정
person:지휘관,E828,떡밥,재언급,relic:어떤소녀의그림일기,399,119,,,,확정
person:지휘관,D2176,관계 상대,관계,char:93,401,119,,,person:엠마,확정
person:지휘관,O167,마무리,관계,char:93,401,119,,,,확정
person:지휘관,D2178,관계 상대,관계,char:95,402,120,,,person:은화,확정
person:지휘관,F629-2,사건,드러냄,char:95,402,120,,,,확정
person:지휘관,O34,마무리,관계,char:95,402,120,,,,확정
person:지휘관,D2179,관계 상대,관계,char:94,403,121,,,person:베스티,확정
person:지휘관,O169,마무리,관계,char:94,403,121,,,,확정
person:지휘관,D816,관계 상대,관계,fl:coins_in_rush,404,122,,,person:에이드,확정
person:지휘관,D819,관계 상대,관계,fl:coins_in_rush,404,122,,,person:밀크,확정
person:지휘관,D821,관계 상대,관계,fl:coins_in_rush,404,122,,,person:루주,확정
person:지휘관,D822,관계 상대,관계,fl:coins_in_rush,404,122,,,person:루주,확정
person:지휘관,D827,관계 상대,관계,fl:coins_in_rush,404,122,,,person:벨벳,확정
person:지휘관,D828,관계 상대,관계,fl:coins_in_rush,404,122,,,person:벨벳,확정
person:지휘관,D832,관계 상대,관계,fl:coins_in_rush,404,122,,,person:머스탱,확정
person:지휘관,E854,떡밥,재언급,fl:coins_in_rush,404,122,,,,확정
person:지휘관,F2117,사실,정의,fl:coins_in_rush,404,122,,,,확정
person:지휘관,F2119,사실,정의,fl:coins_in_rush,404,122,,,,확정
person:지휘관,F2121,사실,정의,fl:coins_in_rush,404,122,,,,확정
person:지휘관,F2122,사실,정의,fl:coins_in_rush,404,122,,,,확정
person:지휘관,D2182,관계 상대,관계,char:315,405,122,,,person:에이드,확정
person:지휘관,O171,마무리,관계,char:315,405,122,,,,확정
person:지휘관,D2183,관계 상대,관계,char:143,406,123,,,person:밀크,확정
person:지휘관,O174,마무리,관계,char:143,406,123,,,,확정
person:지휘관,D839,관계 상대,관계,fl:reborn_evil,407,124,,,person:D,확정
person:지휘관,E872,떡밥,재언급,fl:reborn_evil,407,124,,,,확정
person:지휘관,E883,떡밥,재언급,fl:reborn_evil,407,124,,,,확정
person:지휘관,O177,마무리,관계,fl:reborn_evil,407,124,,,,확정
person:지휘관,D1644,관계 상대,관계,char:840,408,124,,,person:에이다,확정
person:지휘관,F2144,사실,정의,char:840,408,124,,J32,,확정
person:지휘관,F1103-2,사건,드러냄,side:eden_spear,411,126,,,,확정
person:지휘관,F2176,사실,정의,fl:go_ninja_thief,412,126,,,,확정
person:지휘관,F2177,사실,정의,fl:go_ninja_thief,412,126,,,,확정
person:지휘관,D2188,관계 상대,관계,char:23,413,126,,,person:델타,확정
person:지휘관,F2179,사실,정의,char:23,413,126,,,,확정
person:지휘관,O179,마무리,관계,char:23,413,126,,,,확정
person:지휘관,D849,관계 상대,관계,ch41,414,127,,,person:레비아탄,확정
person:지휘관,D850,관계 상대,관계,ch41,414,127,,,person:리버렐리오,확정
person:지휘관,E892,떡밥,재언급,ch41,414,127,,,,확정
person:지휘관,F2180,사실,정의,ch41,414,127,,,,확정
person:지휘관,F2181,사실,정의,ch41,414,127,,,,확정
person:지휘관,F2184,사실,정의,ch41,414,127,,J10,,확정
person:지휘관,F2186,사실,정의,ch41,414,127,,,,확정
person:지휘관,Q274-2,사건,회수,ch41,414,127,,,,확정
person:지휘관,Q287,의문,정의,ch41,414,127,일부,J3,,확정
person:지휘관,D870,관계 상대,관계,ch42,416,128,,,person:레비아탄,확정
person:지휘관,D874,관계 상대,관계,ch42,416,128,,,person:세이렌,확정
person:지휘관,D885,관계 상대,관계,ch42,416,128,,,person:온리_원,확정
person:지휘관,D887,관계 상대,관계,ch42,416,128,,,person:모리,확정
person:지휘관,E912,떡밥,재언급,ch42,416,128,,,,확정
person:지휘관,F2213,사실,정의,ch42,416,128,,,,확정
person:지휘관,F2214,사실,정의,ch42,416,128,,J2 J10,,확정
person:지휘관,F2217,사실,정의,ch42,416,128,,,,확정
person:지휘관,F2220,사실,정의,ch42,416,128,,,,확정
person:지휘관,F2223,사실,정의,ch42,416,128,,,,확정
person:지휘관,F2226,사실,정의,ch42,416,128,,,,확정
person:지휘관,F2229,사실,정의,ch42,416,128,,,,확정
person:지휘관,F2230,사실,정의,ch42,416,128,,,,확정
person:지휘관,F2246,사실,정의,ch42,416,128,,,,확정
person:지휘관,F2247,사실,정의,ch42,416,128,,J15,,확정
person:지휘관,F2248,사실,정의,ch42,416,128,,,,확정
person:지휘관,F2251,사실,정의,ch42,416,128,,,,확정
person:지휘관,F2253,사실,정의,ch42,416,128,,,,확정
person:지휘관,F2254,사실,정의,ch42,416,128,,,,확정
person:지휘관,O45,마무리,갈등,ch42,416,128,H6,,,확정
person:지휘관,O182,마무리,관계,ch42,416,128,H7,,,확정
person:지휘관,Q296,의문,정의,ch42,416,128,풀림,J8,,확정
person:지휘관,F2184-2,사건,드러냄,relic:주의용광로사용법,417,128,,,,확정
person:지휘관,Q199-2,사건,회수,relic:주의용광로사용법,417,128,,,,확정
person:지휘관,D925,관계 상대,관계,event_goddessfall1,418,128,,,person:요한,확정
person:지휘관,D930,관계 상대,관계,event_goddessfall1,418,128,,,person:이사벨,확정
person:지휘관,D933,관계 상대,관계,event_goddessfall1,418,128,,,person:하란,확정
person:지휘관,F2278,사실,정의,event_goddessfall1,418,128,,J3,,확정
person:지휘관,F2295,사실,정의,event_goddessfall1,418,128,,,,확정
person:지휘관,F2318,사실,정의,event_goddessfall1,418,128,,J8,,확정
person:지휘관,O47,마무리,관계,event_goddessfall1,418,128,H5,,,확정
person:지휘관,O183,마무리,관계,event_goddessfall1,418,128,H5,,,확정
person:지휘관,Q110-2,사건,회수,event_goddessfall1,418,128,,,,확정
person:지휘관,Q287-2,사건,회수,event_goddessfall1,418,128,,,,확정
person:지휘관,Q296-2,사건,회수,event_goddessfall1,418,128,,,,확정
person:지휘관,Q301,의문,정의,event_goddessfall1,418,128,열림,J3,,확정
person:지휘관,E966,떡밥,재언급,erelic:goddess_fall_mini,419,128,,,,확정
person:지휘관,D2189,관계 상대,관계,char:223,420,128,,,person:나유타,확정
person:지휘관,F2341,사실,정의,char:223,420,128,,,,확정
person:지휘관,D2190,관계 상대,관계,char:331,421,128,,,person:차임,확정
person:지휘관,F2343,사실,정의,char:331,421,128,,,,확정
person:지휘관,D2191,관계 상대,관계,char:262,422,129,,,person:리버렐리오,확정
person:지휘관,F2344,사실,정의,char:262,422,129,,,,확정
person:지휘관,F2345,사실,정의,char:262,422,129,,,,확정
person:지휘관,D2193,관계 상대,관계,char:74,424,130,,,person:솔린,확정
person:지휘관,O185,마무리,관계,char:74,424,130,H21,,,확정
person:지휘관,F2351,사실,정의,fl:terminus_ticket,425,131,,,,확정
person:지휘관,F2356,사실,정의,fl:terminus_ticket,425,131,,J58,,확정
person:지휘관,D2195,관계 상대,관계,char:75,426,131,,,person:디젤,확정
person:지휘관,O188,마무리,관계,char:75,426,131,,,,확정
person:지휘관,D2198,관계 상대,관계,char:73,427,132,,,person:브리드,확정
person:지휘관,O191,마무리,관계,char:73,427,132,,,,확정
person:지휘관,F2357,사실,정의,fl:ark_guardian,428,133,,,,확정
person:지휘관,D2201,관계 상대,관계,char:471,429,134,,,person:스노우_화이트,확정
person:지휘관,D998,관계 상대,관계,fl:sin_editor,430,135,,,person:레이블,확정
person:지휘관,D999,관계 상대,관계,fl:sin_editor,430,135,,,person:레이블,확정
person:지휘관,F2381,사실,정의,fl:sin_editor,430,135,,,,확정
person:지휘관,F2382,사실,정의,fl:sin_editor,430,135,,,,확정
person:지휘관,F2384,사실,정의,fl:sin_editor,430,135,,,,확정
person:지휘관,F2385,사실,정의,fl:sin_editor,430,135,,,,확정
person:지휘관,F2386,사실,정의,fl:sin_editor,430,135,,,,확정
person:지휘관,D2203,관계 상대,관계,char:582,431,135,,,person:레이블,확정
person:지휘관,D1676,기준,관계,fl:fatal_maid,432,136,,,person:벨벳,확정
person:지휘관,D1677,관계 상대,관계,fl:fatal_maid,432,136,,,person:벨벳,확정
person:지휘관,F2387,사실,정의,fl:fatal_maid,432,136,,,,확정
person:지휘관,F2389,사실,정의,fl:fatal_maid,432,136,,J24,,확정
person:지휘관,F2393,사실,정의,fl:fatal_maid,432,136,,,,확정
person:지휘관,D2204,관계 상대,관계,char:316,433,136,,,person:벨벳,확정
person:지휘관,O194,마무리,관계,char:316,433,136,,,,확정
person:지휘관,D1033,관계 상대,관계,ch44,436,138,,,person:요한,확정
person:지휘관,D1034,관계 상대,관계,ch44,436,138,,,person:세실,확정
person:지휘관,D1041,관계 상대,관계,ch44,436,138,,,person:스노우_화이트,확정
person:지휘관,D1054,기준,관계,ch44,436,138,,,person:버닝엄,확정
person:지휘관,D1055,관계 상대,관계,ch44,436,138,,,person:버닝엄,확정
person:지휘관,F2357-2,사건,드러냄,ch44,436,138,,,,확정
person:지휘관,F2418,사실,정의,ch44,436,138,,,,확정
person:지휘관,F2424,사실,정의,ch44,436,138,,,,확정
person:지휘관,F2428,사실,정의,ch44,436,138,,,,확정
person:지휘관,F2436,사실,정의,ch44,436,138,,,,확정
person:지휘관,F2440,사실,정의,ch44,436,138,,J8,,확정
person:지휘관,F2441,사실,정의,ch44,436,138,,,,확정
person:지휘관,F2453,사실,정의,ch44,436,138,,,,확정
person:지휘관,F2460,사실,정의,ch44,436,138,,,,확정
person:지휘관,F2464,사실,정의,ch44,436,138,,,,확정
person:지휘관,O57,마무리,관계,ch44,436,138,H8,,,확정
person:지휘관,D1688,관계 상대,관계,fl:lie_cause_recoil,438,138,,,person:제니퍼,확정
person:지휘관,F2468,사실,정의,fl:lie_cause_recoil,438,138,,,,확정
person:지휘관,F2475,사실,정의,fl:lie_cause_recoil,438,138,,,,확정
person:지휘관,F2479,사실,정의,fl:lie_cause_recoil,438,138,,,,확정
person:지휘관,F2480,사실,정의,fl:lie_cause_recoil,438,138,,,,확정
person:지휘관,D1073,관계 상대,관계,fl:enter_heaven,442,140,,,person:바이퍼,확정
person:지휘관,D1082,관계 상대,관계,fl:enter_heaven,442,140,,,person:E.H.,확정
person:지휘관,D1083,관계 상대,관계,fl:enter_heaven,442,140,,,person:E.H.,확정
person:지휘관,E1040,떡밥,재언급,fl:enter_heaven,442,140,,,,확정
person:지휘관,F2485,사실,정의,fl:enter_heaven,442,140,,,,확정
person:지휘관,F2488,사실,정의,fl:enter_heaven,442,140,,,,확정
person:지휘관,F2489,사실,정의,fl:enter_heaven,442,140,,,,확정
person:지휘관,F2503,사실,정의,fl:enter_heaven,442,140,,,,확정
person:지휘관,F2506,사실,정의,fl:enter_heaven,442,140,,,,확정
person:지휘관,F2894,사실,정의,fl:enter_heaven,442,140,,,,확정
person:지휘관,O60,마무리,관계,fl:enter_heaven,442,140,,,,확정
person:지휘관,D2209,관계 상대,관계,char:113,443,140,,,person:E.H.,확정
person:지휘관,E1630,떡밥,재언급,char:113,443,140,,,,확정
person:지휘관,O198,마무리,관계,char:113,443,140,H22,,,확정
person:지휘관,D1699,관계 상대,관계,fl:2x2_love_1ch,444,141,,,person:아르카나,확정
person:지휘관,D1703,관계 상대,관계,fl:2x2_love_1ch,444,141,,,person:프리바티,확정
person:지휘관,D1704,관계 상대,관계,fl:2x2_love_1ch,444,141,,,person:프리바티,확정
person:지휘관,D1705,관계 상대,관계,fl:2x2_love_1ch,444,141,,,person:프리바티,확정
person:지휘관,D1706,관계 상대,관계,fl:2x2_love_1ch,444,141,,,person:프리바티,확정
person:지휘관,D1707,관계 상대,관계,fl:2x2_love_1ch,444,141,,,person:프리바티,확정
person:지휘관,D1708,관계 상대,관계,fl:2x2_love_1ch,444,141,,,person:프리바티,확정
person:지휘관,D1709,관계 상대,관계,fl:2x2_love_1ch,444,141,,,person:아르카나,확정
person:지휘관,D1710,관계 상대,관계,fl:2x2_love_1ch,444,141,,,person:아르카나,확정
person:지휘관,D1713,관계 상대,관계,fl:2x2_love_1ch,444,141,,,person:아르카나,확정
person:지휘관,D1714,관계 상대,관계,fl:2x2_love_1ch,444,141,,,person:아르카나,확정
person:지휘관,D1717,관계 상대,관계,fl:2x2_love_1ch,444,141,,,person:에이미,확정
person:지휘관,E1482,떡밥,재언급,fl:2x2_love_1ch,444,141,,,,확정
person:지휘관,E1484,떡밥,재언급,fl:2x2_love_1ch,444,141,,,,확정
person:지휘관,E1486,떡밥,재언급,fl:2x2_love_1ch,444,141,,,,확정
person:지휘관,E1487,떡밥,재언급,fl:2x2_love_1ch,444,141,,,,확정
person:지휘관,E1489,떡밥,재언급,fl:2x2_love_1ch,444,141,,,,확정
person:지휘관,E1492,떡밥,암시,fl:2x2_love_1ch,444,141,,,,확정
person:지휘관,E1493,떡밥,암시,fl:2x2_love_1ch,444,141,,,,확정
person:지휘관,E1497,떡밥,재언급,fl:2x2_love_1ch,444,141,,,,확정
person:지휘관,E1499,떡밥,재언급,fl:2x2_love_1ch,444,141,,,,확정
person:지휘관,E1500,떡밥,재언급,fl:2x2_love_1ch,444,141,,,,확정
person:지휘관,E1501,떡밥,암시,fl:2x2_love_1ch,444,141,,,,확정
person:지휘관,E1505,떡밥,재언급,fl:2x2_love_1ch,444,141,,,,확정
person:지휘관,F2508,사실,정의,fl:2x2_love_1ch,444,141,,,,확정
person:지휘관,F2509,사실,정의,fl:2x2_love_1ch,444,141,,,,확정
person:지휘관,F2510,사실,정의,fl:2x2_love_1ch,444,141,,,,확정
person:지휘관,F2511,사실,정의,fl:2x2_love_1ch,444,141,,,,확정
person:지휘관,F2512,사실,정의,fl:2x2_love_1ch,444,141,,,,확정
person:지휘관,F2513,사실,정의,fl:2x2_love_1ch,444,141,,,,확정
person:지휘관,F2514,사실,정의,fl:2x2_love_1ch,444,141,,,,확정
person:지휘관,F2515,사실,정의,fl:2x2_love_1ch,444,141,,,,확정
person:지휘관,F2515-2,사건,드러냄,fl:2x2_love_1ch,444,141,,,,확정
person:지휘관,D1718,관계 상대,관계,fl:2x2_love_2ch,445,141,,,person:프리바티,확정
person:지휘관,D1719,관계 상대,관계,fl:2x2_love_2ch,445,141,,,person:프리바티,확정
person:지휘관,D1720,관계 상대,관계,fl:2x2_love_2ch,445,141,,,person:프리바티,확정
person:지휘관,D1722,관계 상대,관계,fl:2x2_love_2ch,445,141,,,person:프리바티,확정
person:지휘관,D1723,관계 상대,관계,fl:2x2_love_2ch,445,141,,,person:프리바티,확정
person:지휘관,D1725,관계 상대,관계,fl:2x2_love_2ch,445,141,,,person:아인,확정
person:지휘관,D1727,관계 상대,관계,fl:2x2_love_2ch,445,141,,,person:아르카나,확정
person:지휘관,D1728,관계 상대,관계,fl:2x2_love_2ch,445,141,,,person:아르카나,확정
person:지휘관,D1729,관계 상대,관계,fl:2x2_love_2ch,445,141,,,person:아르카나,확정
person:지휘관,D1730,관계 상대,관계,fl:2x2_love_2ch,445,141,,,person:아르카나,확정
person:지휘관,E1511,떡밥,재언급,fl:2x2_love_2ch,445,141,,,,확정
person:지휘관,F2524,사실,정의,fl:2x2_love_2ch,445,141,,J55,,확정
person:지휘관,F2525,사실,정의,fl:2x2_love_2ch,445,141,,,,확정
person:지휘관,F2528,사실,정의,fl:2x2_love_2ch,445,141,,,,확정
person:지휘관,F2528-2,사건,드러냄,fl:2x2_love_2ch,445,141,,,,확정
person:지휘관,F2529,사실,정의,fl:2x2_love_2ch,445,141,,,,확정
person:지휘관,F2531,사실,정의,fl:2x2_love_2ch,445,141,,,,확정
person:지휘관,D2211,관계 상대,관계,char:583,446,141,,,person:아르카나,확정
person:지휘관,F2537,사실,정의,char:583,446,141,,,,확정
person:지휘관,F2538,사실,정의,char:583,446,141,,,,확정
person:지휘관,O200,마무리,관계,char:583,446,141,H24,,,확정
person:지휘관,D1121,관계 상대,관계,fl:good_world,448,142,,,person:백학,확정
person:지휘관,D1124,기준,관계,fl:good_world,448,142,,,person:백학,확정
person:지휘관,D1125,변화,기억,fl:good_world,448,142,,,,확정
person:지휘관,D1126,변화,관계,fl:good_world,448,142,,,person:백학,확정
person:지휘관,D1127,관계 상대,관계,fl:good_world,448,142,,,person:백학,확정
person:지휘관,E1068,떡밥,암시,fl:good_world,448,142,,,,확정
person:지휘관,F2560,사실,정의,fl:good_world,448,142,,,,확정
person:지휘관,F2565,사실,정의,fl:good_world,448,142,,,,확정
person:지휘관,F2566,사실,정의,fl:good_world,448,142,,,,확정
person:지휘관,F2570,사실,정의,fl:good_world,448,142,,,,확정
person:지휘관,Q225-3,사건,회수,fl:good_world,448,142,,,,확정
person:지휘관,D2212,관계 상대,관계,char:620,449,142,,,person:백학,확정
person:지휘관,F2571,사실,정의,char:620,449,142,,,,확정
person:지휘관,O204,마무리,관계,char:620,449,142,,,,확정
person:지휘관,D1131,변화,소속,ch45,450,143,,,,확정
person:지휘관,D1132,변화,신념,ch45,450,143,,,,확정
person:지휘관,E1084,떡밥,암시,ch45,450,143,,,,확정
person:지휘관,E1086,떡밥,재언급,ch45,450,143,,,,확정
person:지휘관,F2572,사실,정의,ch45,450,143,,,,확정
person:지휘관,F2576,사실,정의,ch45,450,143,,J17,,확정
person:지휘관,F2577,사실,정의,ch45,450,143,,,,확정
person:지휘관,F2579,사실,정의,ch45,450,143,,,,확정
person:지휘관,F2580,사실,정의,ch45,450,143,,,,확정
person:지휘관,F2582,사실,정의,ch45,450,143,,,,확정
person:지휘관,F2585,사실,정의,ch45,450,143,,,,확정
person:지휘관,F2586,사실,정의,ch45,450,143,,,,확정
person:지휘관,F2588,사실,정의,ch45,450,143,,,,확정
person:지휘관,F2596,사실,정의,ch45,450,143,,J17,,확정
person:지휘관,F2598,사실,정의,ch45,450,143,,,,확정
person:지휘관,F2600,사실,정의,ch45,450,143,,,,확정
person:지휘관,F2605,사실,정의,ch45,450,143,,,,확정
person:지휘관,D1167,기준,관계,ch46,452,144,,,person:도반,확정
person:지휘관,D1171,기준,관계,ch46,452,144,,,person:도로시,확정
person:지휘관,F2641,사실,정의,ch46,452,144,,,,확정
person:지휘관,F2647,사실,정의,ch46,452,144,,,,확정
person:지휘관,F2657,사실,정의,ch46,452,144,,J7 J19,,확정
person:지휘관,F2663,사실,정의,ch46,452,144,,J8,,확정
person:지휘관,D1239,관계 상대,관계,event_staranis1,454,144,,,person:아니스,확정
person:지휘관,D2213,관계 상대,관계,char:17,455,144,,,person:아니스,확정
person:지휘관,E1631,떡밥,재언급,char:17,455,144,,,,확정
person:지휘관,F2709,사실,정의,char:17,455,144,,,,확정
person:지휘관,F2711,사실,정의,char:17,455,144,,,,확정
person:지휘관,O70,마무리,관계,char:17,455,144,,,,확정
person:지휘관,D2215,관계 상대,관계,char:441,456,144,,,person:아비스타,확정
person:지휘관,F2712,사실,정의,char:441,456,144,,,,확정
person:지휘관,F2713,사실,정의,char:441,456,144,,,,확정
person:지휘관,D1732,관계 상대,관계,char:18,457,145,,,person:네온,확정
person:지휘관,O76,마무리,관계,char:18,457,145,H13,,,확정
person:지휘관,D1734,관계 상대,관계,fl:b-side_idol,458,146,,,person:민트,확정
person:지휘관,D1735,관계 상대,관계,fl:b-side_idol,458,146,,,person:민트,확정
person:지휘관,D1738,관계 상대,관계,fl:b-side_idol,458,146,,,person:머스탱,확정
person:지휘관,E1527,떡밥,암시,fl:b-side_idol,458,146,,,,확정
person:지휘관,E1529,떡밥,재언급,fl:b-side_idol,458,146,,,,확정
person:지휘관,F2717,사실,정의,fl:b-side_idol,458,146,,,,확정
person:지휘관,F2718,사실,정의,fl:b-side_idol,458,146,,,,확정
person:지휘관,D2217,관계 상대,관계,char:600,459,146,,,person:민트,확정
person:지휘관,F2720,사실,정의,char:600,459,146,,,,확정
person:지휘관,O208,마무리,관계,char:600,459,146,,,,확정
person:지휘관,D1739,관계 상대,관계,fl:bitter_spice,460,147,,,person:프리카,확정
person:지휘관,D1740,관계 상대,관계,fl:bitter_spice,460,147,,,person:프리카,확정
person:지휘관,E1534,떡밥,재언급,fl:bitter_spice,460,147,,,,확정
person:지휘관,E1537,떡밥,재언급,fl:bitter_spice,460,147,,,,확정
person:지휘관,F2723,사실,정의,fl:bitter_spice,460,147,,,,확정
person:지휘관,D2219,관계 상대,관계,char:601,461,147,,,person:프리카,확정
person:지휘관,F2725,사실,정의,char:601,461,147,,,,확정
person:지휘관,O209,마무리,관계,char:601,461,147,,,,확정
person:지휘관,D1271,변화,관계,fl:ark_ranger,462,148,,,person:소라,확정
person:지휘관,E1177,떡밥,재언급,fl:ark_ranger,462,148,,,,확정
person:지휘관,E1182,떡밥,재언급,fl:ark_ranger,462,148,,,,확정
person:지휘관,F2734,사실,정의,fl:ark_ranger,462,148,,,,확정
person:지휘관,F2742,사실,정의,fl:ark_ranger,462,148,,,,확정
person:지휘관,O210,마무리,관계,fl:ark_ranger,462,148,H25,,,확정
person:지휘관,D2220,관계 상대,관계,char:570,463,148,,,person:아크레인저_블랙,확정
person:지휘관,D2221,관계 상대,관계,char:570,463,148,,,person:아크레인저_블랙,확정
person:지휘관,F2746,사실,정의,char:570,463,148,,,,확정
person:지휘관,F2747,사실,정의,char:570,463,148,,,,확정
person:지휘관,D1752,관계 상대,관계,fl:wave_to_you,464,149,,,person:세이렌,확정
person:지휘관,E1546,떡밥,재언급,fl:wave_to_you,464,149,,,,확정
person:지휘관,F2750,사실,정의,fl:wave_to_you,464,149,,,,확정
person:지휘관,F2752,사실,정의,fl:wave_to_you,464,149,,,,확정
person:지휘관,F2757,사실,정의,fl:wave_to_you,464,149,,,,확정
person:지휘관,F2760,사실,정의,fl:wave_to_you,464,149,,,,확정
person:지휘관,F2764,사실,정의,fl:wave_to_you,464,149,,,,확정
person:지휘관,F2903,사실,정의,fl:wave_to_you,464,149,,,,확정
person:지휘관,D2222,관계 상대,관계,char:515,465,149,,,person:신데렐라,확정
person:지휘관,F2766,사실,정의,char:515,465,149,,,,확정
person:지휘관,O85,마무리,관계,char:515,465,149,,,,확정
person:지휘관,D2223,관계 상대,관계,char:322,466,150,,,person:마르차나,확정
person:지휘관,F2767,사실,정의,char:322,466,150,,,,확정
person:지휘관,D2227,관계 상대,관계,char:105,469,152,,,person:맥스웰,확정
person:지휘관,E1633,떡밥,재언급,char:105,469,152,,,,확정
person:지휘관,F529-2,사건,드러냄,char:105,469,152,,,,확정
person:지휘관,F2798,사실,정의,char:105,469,152,,,,확정
person:지휘관,O216,마무리,관계,char:105,469,152,,,,확정
person:지휘관,D1309,관계 상대,관계,ch47,470,153,,,person:요한,확정
person:지휘관,D1310,관계 상대,관계,ch47,470,153,,,person:세실,확정
person:지휘관,F2801,사실,정의,ch47,470,153,,,,확정
person:지휘관,F2802,사실,정의,ch47,470,153,,,,확정
person:지휘관,F2805,사실,정의,ch47,470,153,,,,확정
person:지휘관,F2812,사실,정의,ch47,470,153,,,,확정
person:지휘관,O97,마무리,관계,ch47,470,153,,,,확정
person:지휘관,D1343,관계 상대,관계,ch48,472,154,,,person:마리안,확정
person:지휘관,E1240,떡밥,재언급,ch48,472,154,,,,확정
person:지휘관,E1241,떡밥,재언급,ch48,472,154,,,,확정
person:지휘관,E1242,떡밥,재언급,ch48,472,154,,,,확정
person:지휘관,F2836,사실,정의,ch48,472,154,,J10,,확정
person:지휘관,F2837,사실,정의,ch48,472,154,,J1,,확정
person:지휘관,F2846,사실,정의,ch48,472,154,,,,확정
person:지휘관,F2847,사실,정의,ch48,472,154,,,,확정
person:지휘관,O218,마무리,관계,ch48,472,154,H12,,,확정
person:지휘관,Q63-2,사건,회수,ch48,472,154,,,,확정
person:지휘관,Q366,의문,정의,ch48,472,154,열림,J1,,확정
person:지휘관,Q367,의문,정의,ch48,472,154,열림,J1,,확정
person:지휘관,D1759,관계 상대,관계,fl:persona_on_frontline,474,154,,,person:곰,확정
person:지휘관,D1763,관계 상대,관계,fl:persona_on_frontline,474,154,,,person:퀸(마코토),확정
person:지휘관,D1764,관계 상대,관계,fl:persona_on_frontline,474,154,,,person:퀸(마코토),확정
person:지휘관,D1765,관계 상대,관계,fl:persona_on_frontline,474,154,,,person:모나,확정
person:지휘관,D1766,관계 상대,관계,fl:persona_on_frontline,474,154,,,person:모나,확정
person:지휘관,D1768,관계 상대,관계,fl:persona_on_frontline,474,154,,,person:앨든,확정
person:지휘관,D1769,관계 상대,관계,fl:persona_on_frontline,474,154,,,person:앨든,확정
person:지휘관,D1770,관계 상대,관계,fl:persona_on_frontline,474,154,,,person:앨든,확정
person:지휘관,E1562,떡밥,재언급,fl:persona_on_frontline,474,154,,,,확정
person:지휘관,E1566,떡밥,재언급,fl:persona_on_frontline,474,154,,,,확정
person:지휘관,E1567,떡밥,암시,fl:persona_on_frontline,474,154,,,,확정
person:지휘관,E1578,떡밥,재언급,fl:persona_on_frontline,474,154,,,,확정
person:지휘관,F2855,사실,정의,fl:persona_on_frontline,474,154,,,,확정
person:지휘관,F2859,사실,정의,fl:persona_on_frontline,474,154,,,,확정
person:지휘관,F2864,사실,정의,fl:persona_on_frontline,474,154,,,,확정
person:지휘관,F2904,사실,정의,fl:persona_on_frontline,474,154,,,,확정
person:지휘관,F2905,사실,정의,fl:persona_on_frontline,474,154,,,,확정
person:지휘관,E1586,떡밥,재언급,fl:great_villain_union,478,156,,,,확정
person:지휘관,E1588,떡밥,재언급,fl:great_villain_union,478,156,,,,확정
person:지휘관,E1590,떡밥,재언급,fl:great_villain_union,478,156,,,,확정
person:지휘관,F2872,사실,정의,fl:great_villain_union,478,156,,,,확정
person:지휘관,F2906,사실,정의,fl:great_villain_union,478,156,,,,확정
person:지휘관,D2232,관계 상대,관계,char:404,480,157,,,person:길티,확정
person:지휘관,O219,마무리,관계,char:404,480,157,H27,,,확정
person:지휘관,D2234,관계 상대,관계,char:405,481,158,,,person:신,확정
person:지휘관,O221,마무리,관계,char:405,481,158,,,,확정
person:진,D231,기준,성격,ch22,195,36,,,,확정
person:진,F888,사실,정의,ch22,195,36,,,,확정
person:진,F1258,사실,정의,event_dirtybackyard,265,62,,,,확정
person:진,F1259,사실,정의,event_dirtybackyard,265,62,,,,확정
person:진,F1269,사실,정의,char:281,266,62,,,,확정
person:진,F1272,사실,정의,char:281,266,62,,,,확정
person:진,D1059,기준,관계,ch44,436,138,,,person:목단,확정
person:진,F2449,사실,정의,ch44,436,138,,,,확정
person:질,F2128,사실,정의,fl:reborn_evil,407,124,,,,확정
person:질,F2138,사실,정의,fl:reborn_evil,407,124,,,,확정
person:질,D2187,기준,신념,char:841,410,125,,,,확정
person:차임,F677,사실,정의,ch17,140,19,,,,확정
person:차임,D1448,기준,성격,event_goldenship,224,44,,,,확정
person:차임,E1315,떡밥,암시,event_goldenship,224,44,,,,확정
person:차임,F1044,사실,정의,event_goldenship,224,44,,,,확정
person:차임,F1065,사실,정의,event_firstaffection,230,47,,,,확정
person:차임,D320,기준,관계,ch25,241,54,,,person:크라운,확정
person:차임,F1109,사실,정의,ch25,241,54,,J2,,확정
person:차임,F1113,사실,정의,ch26,246,55,,,,확정
person:차임,F1118,사실,정의,ch26,246,55,,,,확정
person:차임,F1119,사실,정의,ch26,246,55,,,,확정
person:차임,F1120,사실,정의,ch26,246,55,,,,확정
person:차임,E364,떡밥,암시,side:second_affection,288,71,,,,확정
person:차임,F1359,사실,정의,side:second_affection,288,71,,,,확정
person:차임,F1363,사실,정의,side:second_affection,288,71,,,,확정
person:차임,F1365,사실,정의,side:second_affection,288,71,,,,확정
person:차임,F1366,사실,정의,side:second_affection,288,71,,,,확정
person:차임,F1367,사실,정의,side:second_affection,288,71,,,,확정
person:차임,F1368,사실,정의,side:second_affection,288,71,,,,확정
person:차임,F1369,사실,정의,side:second_affection,288,71,,,,확정
person:차임,F1370,사실,정의,side:second_affection,288,71,,,,확정
person:차임,F1371,사실,정의,side:second_affection,288,71,,,,확정
person:차임,D452,기준,신념,event_lastkingdom1,295,73,,,,확정
person:차임,D453,변화,신체,event_lastkingdom1,295,73,,,,확정
person:차임,D454,변화,관계,event_lastkingdom1,295,73,,,person:크라운,확정
person:차임,D457,관계 상대,관계,event_lastkingdom1,295,73,,,person:크라운,확정
person:차임,E397,떡밥,암시,event_lastkingdom1,295,73,,,,확정
person:차임,E401,떡밥,재언급,event_lastkingdom1,295,73,,,,확정
person:차임,E406,떡밥,암시,event_lastkingdom1,295,73,,,,확정
person:차임,E407,떡밥,암시,event_lastkingdom1,295,73,,,,확정
person:차임,E408,떡밥,암시,event_lastkingdom1,295,73,,,,확정
person:차임,F1422,사실,정의,event_lastkingdom1,295,73,,,,확정
person:차임,F1425,사실,정의,event_lastkingdom1,295,73,,,,확정
person:차임,F1428,사실,정의,event_lastkingdom1,295,73,,,,확정
person:차임,F1431,사실,정의,event_lastkingdom1,295,73,,,,확정
person:차임,F1432,사실,정의,event_lastkingdom1,295,73,,,,확정
person:차임,F1434,사실,정의,event_lastkingdom1,295,73,,,,확정
person:차임,F1437,사실,정의,event_lastkingdom1,295,73,,,,확정
person:차임,F1438,사실,정의,event_lastkingdom1,295,73,,,,확정
person:차임,F1445,사실,정의,event_lastkingdom1,295,73,,J28,,확정
person:차임,F1446,사실,정의,event_lastkingdom1,295,73,,,,확정
person:차임,F1450,사실,정의,event_lastkingdom1,295,73,,,,확정
person:차임,D1545,기준,관계,char:330,296,73,,,person:지휘관,확정
person:차임,F1454,사실,정의,char:330,296,73,,,,확정
person:차임,F1455,사실,정의,char:330,296,73,,,,확정
person:차임,F1456,사실,정의,char:330,296,73,,,,확정
person:차임,F1457,사실,정의,char:330,296,73,,,,확정
person:차임,F2174,사실,정의,side:eden_spear,411,126,,,,확정
person:차임,D921,기준,관계,event_goddessfall1,418,128,,,person:마리안,확정
person:차임,D935,관계 상대,관계,event_goddessfall1,418,128,,,person:크라운,확정
person:차임,D943,변화,성격,event_goddessfall1,418,128,,,,확정
person:차임,E948,떡밥,암시,event_goddessfall1,418,128,,,,확정
person:차임,E955,떡밥,재언급,event_goddessfall1,418,128,,,,확정
person:차임,F2271,사실,정의,event_goddessfall1,418,128,,,,확정
person:차임,F2287,사실,정의,event_goddessfall1,418,128,,,,확정
person:차임,F2290,사실,정의,event_goddessfall1,418,128,,,,확정
person:차임,F2300,사실,정의,event_goddessfall1,418,128,,,,확정
person:차임,F2303,사실,정의,event_goddessfall1,418,128,,,,확정
person:차임,F2309,사실,정의,event_goddessfall1,418,128,,,,확정
person:차임,O48,마무리,관계,event_goddessfall1,418,128,H5,,,확정
person:차임,D2190,변화,관계,char:331,421,128,,,person:지휘관,확정
person:차임,E1625,떡밥,재언급,char:331,421,128,,,,확정
person:차임,E1626,떡밥,재언급,char:331,421,128,,,,확정
person:차임,F2342,사실,정의,char:331,421,128,,,,확정
person:차임,F2343,사실,정의,char:331,421,128,,,,확정
person:철도로GO,F354,사실,정의,sub:철도로GO_00,66,14,,,,확정
person:총사령관,D1129,기준,신념,fl:good_world,448,142,,,,확정
person:총사령관,E1072,떡밥,암시,fl:good_world,448,142,,,,확정
person:총사령관,E1073,떡밥,암시,fl:good_world,448,142,,,,확정
person:총사령관,E1077,떡밥,암시,fl:good_world,448,142,,,,확정
person:총사령관,F2562,사실,정의,fl:good_world,448,142,,,,확정
person:총사령관,F2564,사실,정의,fl:good_world,448,142,,,,확정
person:총사령관,F2565,사실,정의,fl:good_world,448,142,,,,확정
person:총사령관,F2568,사실,정의,fl:good_world,448,142,,J3,,확정
person:총사령관,F2569,사실,정의,fl:good_world,448,142,,,,확정
person:총사령관,F2570,사실,정의,fl:good_world,448,142,,,,확정
person:총사령관,Q333,의문,정의,fl:good_world,448,142,열림,J18,,확정
person:총사령관,F2660,사실,정의,ch46,452,144,,,,확정
person:츠바이,F943,사실,정의,char:392,203,36,,,,확정
person:츠바이,D1467,기준,성격,event_schooloflock,234,50,,,,확정
person:츠바이,E1326,떡밥,암시,event_schooloflock,234,50,,,,확정
person:츠바이,F1074,사실,정의,event_schooloflock,234,50,,,,확정
person:츠바이,D1564,관계 상대,관계,event_juveniledays,317,81,,,person:아인,확정
person:츠바이,D1565,관계 상대,관계,event_juveniledays,317,81,,,person:아인,확정
person:츠바이,D1566,관계 상대,관계,event_juveniledays,317,81,,,person:아인,확정
person:츠바이,D1571,기준,관계,event_juveniledays,317,81,,,person:아인,확정
person:츠바이,F1576,사실,정의,event_juveniledays,317,81,,,,확정
person:츠바이,F1577,사실,정의,event_juveniledays,317,81,,,,확정
person:츠바이,F1578,사실,정의,event_juveniledays,317,81,,,,확정
person:츠바이,F1579,사실,정의,event_juveniledays,317,81,,,,확정
person:츠바이,F1580,사실,정의,char:391,318,81,,,,확정
person:츠바이,D1573,기준,신념,event_colorless,319,82,,,,확정
person:츠바이,D1574,변화,신념,event_colorless,319,82,,,,확정
person:츠바이,D1575,변화,신체,event_colorless,319,82,,,,확정
person:츠바이,D1576,변화,관계,event_colorless,319,82,,,person:아인,확정
person:츠바이,D1577,관계 상대,관계,event_colorless,319,82,,,person:프리바티,확정
person:츠바이,D1578,관계 상대,관계,event_colorless,319,82,,,person:프리바티,확정
person:츠바이,E1383,떡밥,암시,event_colorless,319,82,,,,확정
person:츠바이,F1583,사실,정의,event_colorless,319,82,,,,확정
person:츠바이,F1585,사실,정의,event_colorless,319,82,,,,확정
person:츠바이,F1588,사실,정의,event_colorless,319,82,,,,확정
person:츠바이,F1589,사실,정의,event_colorless,319,82,,,,확정
person:츠바이,F1590,사실,정의,event_colorless,319,82,,,,확정
person:츠바이,F1592,사실,정의,event_colorless,319,82,,,,확정
person:츠바이,O148,마무리,관계,event_colorless,319,82,,,,확정
person:츠바이,D2118,변화,신념,char:390,320,82,,,,확정
person:츠바이,F1594,사실,정의,char:390,320,82,,,,확정
person:츠바이,O149,마무리,성장,char:390,320,82,,,,확정
person:츠바이,D2122,변화,관계,char:830,322,83,,,person:아스카,확정
person:츠바이,F1598,사실,정의,char:830,322,83,,,,확정
person:츠바이,F1601,사실,정의,char:832,324,85,,,,확정
person:츠바이,D2139,변화,성격,event_outofuniform,351,97,,,,확정
person:츠바이,F1766,사실,정의,event_outofuniform,351,97,,,,확정
person:츠바이,F2510,사실,정의,fl:2x2_love_1ch,444,141,,,,확정
person:츠바이,F2529,사실,정의,fl:2x2_love_2ch,445,141,,,,확정
person:츠바이,F2533,사실,정의,fl:2x2_love_2ch,445,141,,,,확정
person:치사토,D1690,기준,성격,fl:lie_cause_recoil,438,138,,,,확정
person:치사토,D1691,기준,신념,fl:lie_cause_recoil,438,138,,,,확정
person:치사토,D1692,기준,관계,fl:lie_cause_recoil,438,138,,,person:제인,확정
person:치사토,D1694,관계 상대,관계,fl:lie_cause_recoil,438,138,,,person:타키나,확정
person:치사토,D1696,관계 상대,관계,fl:lie_cause_recoil,438,138,,,person:프림,확정
person:치사토,D1697,관계 상대,관계,fl:lie_cause_recoil,438,138,,,person:프림,확정
person:치사토,E1479,떡밥,암시,fl:lie_cause_recoil,438,138,,,,확정
person:치사토,F2468,사실,정의,fl:lie_cause_recoil,438,138,,,,확정
person:치사토,F2469,사실,정의,fl:lie_cause_recoil,438,138,,,,확정
person:치사토,F2470,사실,정의,fl:lie_cause_recoil,438,138,,,,확정
person:치사토,F2472,사실,정의,fl:lie_cause_recoil,438,138,,,,확정
person:치사토,F2473,사실,정의,fl:lie_cause_recoil,438,138,,,,확정
person:치사토,F2480,사실,정의,fl:lie_cause_recoil,438,138,,,,확정
person:치사토,F2481,사실,정의,fl:lie_cause_recoil,438,138,,,,확정
person:치사토,F2483,사실,정의,fl:lie_cause_recoil,438,138,,,,확정
person:칠리페퍼,D26,기준,성격,sub:칠리페퍼_00,5,3,,,,확정
person:칠리페퍼,F49,사실,정의,sub:칠리페퍼_00,5,3,,,,확정
person:칠리페퍼,Q9,의문,정의,sub:칠리페퍼_00,5,3,풀림,J35,,확정
person:칠리페퍼,D77,변화,관계,sub:칠리페퍼_01,38,9,,,person:지휘관,확정
person:칠리페퍼,E65,떡밥,암시,sub:칠리페퍼_01,38,9,,,,확정
person:칠리페퍼,F239,사실,정의,sub:칠리페퍼_01,38,9,,,,확정
person:칠리페퍼,F241,사실,정의,sub:칠리페퍼_01,38,9,,J35,,확정
person:칠리페퍼,Q9-2,사건,회수,sub:칠리페퍼_01,38,9,,,,확정
person:칠리페퍼,Q44,의문,정의,sub:칠리페퍼_01,38,9,풀림,J35,,확정
person:칠리페퍼,F380,사실,정의,sub:칠리페퍼_02,70,15,,J35,,확정
person:칠리페퍼,F381,사실,정의,sub:칠리페퍼_02,70,15,,,,확정
person:칠리페퍼,Q44-2,사건,회수,sub:칠리페퍼_02,70,15,,,,확정
person:카르히,E1386,떡밥,암시,event_colorless,319,82,,,,확정
person:카르히,F1588,사실,정의,event_colorless,319,82,,,,확정
person:카밀라,E353,떡밥,암시,event_killthelord,282,67,,,,확정
person:카밀라,E354,떡밥,암시,event_killthelord,282,67,,,,확정
person:카밀라,E359,떡밥,암시,event_killthelord,282,67,,,,확정
person:카밀라,F1345,사실,정의,event_killthelord,282,67,,,,확정
person:카밀라,F1346,사실,정의,event_killthelord,282,67,,,,확정
person:카밀라,F1348,사실,정의,event_killthelord,282,67,,,,확정
person:카밀라,F1349,사실,정의,event_killthelord,282,67,,,,확정
person:카밀라,F1350,사실,정의,event_killthelord,282,67,,,,확정
person:칼슨,E822,떡밥,암시,ch40,398,119,,,,확정
person:칼슨,F2086,사실,정의,ch40,398,119,,,,확정
person:칼슨,F2087,사실,정의,ch40,398,119,,,,확정
person:켈리,F2536,사실,정의,fl:2x2_love_2ch,445,141,,,,확정
person:코리,F282,사실,정의,sub:코리_00,30,7,,,,확정
person:코코아,D1422,기준,성격,event_maidinvalentine,175,28,,,,확정
person:코코아,F807,사실,정의,event_maidinvalentine,175,28,,,,확정
person:코코아,D2000,기준,신념,char:311,176,28,,,,확정
person:코코아,D2001,기준,관계,char:311,176,28,,,person:지휘관,확정
person:코코아,F812,사실,정의,char:311,176,28,,,,확정
person:코코아,F814,사실,정의,char:311,176,28,,,,확정
person:코코아,F1079,사실,정의,char:321,235,50,,,,확정
person:코코아,F1089,사실,정의,char:451,238,52,,,,확정
person:코코아,E1356,떡밥,재언급,event_perfectmaid,267,63,,,,확정
person:코코아,F1273,사실,정의,event_perfectmaid,267,63,,,,확정
person:코코아,F1279,사실,정의,char:313,268,63,,,,확정
person:코코아,F1281,사실,정의,char:310,269,64,,,,확정
person:코코아,D2097,변화,관계,char:822,284,68,,,person:람,확정
person:코코아,F1354,사실,정의,char:822,284,68,,,,확정
person:코코아,D1546,관계 상대,관계,event_goldencoinrush1,300,75,,,person:소다,확정
person:코코아,F1483,사실,정의,event_goldencoinrush1,300,75,,,,확정
person:코코아,F2897,사실,정의,event_goldencoinrush1,300,75,,,,확정
person:코코아,F1785,사실,정의,char:355,357,100,,,,확정
person:코코아,F2123,사실,정의,char:315,405,122,,,,확정
person:코코아,D1670,관계 상대,관계,fl:fatal_maid,432,136,,,person:벨벳,확정
person:코코아,D1671,관계 상대,관계,fl:fatal_maid,432,136,,,person:벨벳,확정
person:코코아,D1673,기준,관계,fl:fatal_maid,432,136,,,person:벨벳,확정
person:코코아,D1674,변화,관계,fl:fatal_maid,432,136,,,person:벨벳,확정
person:코코아,E1464,떡밥,암시,fl:fatal_maid,432,136,,,,확정
person:코코아,F2387,사실,정의,fl:fatal_maid,432,136,,,,확정
person:코코아,F2391,사실,정의,fl:fatal_maid,432,136,,,,확정
person:코코아,F2392,사실,정의,fl:fatal_maid,432,136,,,,확정
person:코코아,E1507,떡밥,재언급,fl:2x2_love_2ch,445,141,,,,확정
person:콜렉터,D27,기준,성격,sub:콜렉터_00,7,3,,,,확정
person:콜렉터,E12,떡밥,암시,sub:콜렉터_00,7,3,,,,확정
person:콜렉터,F137,사실,정의,sub:콜렉터_00,7,3,,,,확정
person:콜렉터,D28,변화,관계,sub:콜렉터_01,41,9,,,person:지휘관,확정
person:콜렉터,F138,사실,정의,sub:콜렉터_01,41,9,,,,확정
person:콜렉터,F141,사실,정의,sub:콜렉터_01,41,9,,,,확정
person:콜렉터,F423,사실,정의,sub:방주_난민_00,74,15,,,,확정
person:콜렉터,D279,변화,관계,sub:콜렉터_02,216,43,,,person:지휘관,확정
person:콜렉터,E232,떡밥,재언급,sub:콜렉터_02,216,43,,,,확정
person:콜렉터,F1002,사실,정의,sub:콜렉터_02,216,43,,,,확정
person:콤,D722,관계 상대,관계,event_ce006,387,113,,,person:롬,확정
person:콤,D724,기준,신념,event_ce006,387,113,,,,확정
person:콤,D725,기준,관계,event_ce006,387,113,,,person:아트,확정
person:콤,D726,변화,성격,event_ce006,387,113,,,,확정
person:콤,D727,변화,신념,event_ce006,387,113,,,,확정
person:콤,D728,변화,관계,event_ce006,387,113,,,person:아트,확정
person:콤,E747,떡밥,암시,event_ce006,387,113,,,,확정
person:콤,E750,떡밥,암시,event_ce006,387,113,,,,확정
person:콤,E751,떡밥,암시,event_ce006,387,113,,,,확정
person:콤,E756,떡밥,암시,event_ce006,387,113,,,,확정
person:콤,E762,떡밥,암시,event_ce006,387,113,,,,확정
person:콤,E763,떡밥,암시,event_ce006,387,113,,,,확정
person:콤,E768,떡밥,재언급,event_ce006,387,113,,,,확정
person:콤,F1977,사실,정의,event_ce006,387,113,,,,확정
person:콤,F1978,사실,정의,event_ce006,387,113,,,,확정
person:콤,F1983,사실,정의,event_ce006,387,113,,,,확정
person:콤,F1984,사실,정의,event_ce006,387,113,,,,확정
person:콤,F1990,사실,정의,event_ce006,387,113,,,,확정
person:콤,F1992,사실,정의,event_ce006,387,113,,,,확정
person:콤,F1994,사실,정의,event_ce006,387,113,,,,확정
person:콤,F1995,사실,정의,event_ce006,387,113,,J57,,확정
person:콤,F1996,사실,정의,event_ce006,387,113,,,,확정
person:콤,F2001,사실,정의,event_ce006,387,113,,,,확정
person:콤,F2002,사실,정의,event_ce006,387,113,,,,확정
person:콤,F2885,사실,정의,event_ce006,387,113,,,,확정
person:콤,D2170,관계 상대,관계,char:851,390,114,,,person:레이븐,확정
person:콤,D2171,변화,신념,char:851,390,114,,,,확정
person:콤,F2007,사실,정의,char:851,390,114,,,,확정
person:쿠루미,D1695,기준,관계,fl:lie_cause_recoil,438,138,,,,확정
person:쿠루미,D1696,관계 상대,관계,fl:lie_cause_recoil,438,138,,,person:프림,확정
person:쿠루미,D1697,관계 상대,관계,fl:lie_cause_recoil,438,138,,,person:프림,확정
person:쿠루미,F2468,사실,정의,fl:lie_cause_recoil,438,138,,,,확정
person:쿠루미,F2469,사실,정의,fl:lie_cause_recoil,438,138,,,,확정
person:쿠루미,F2470,사실,정의,fl:lie_cause_recoil,438,138,,,,확정
person:쿠루미,F2483,사실,정의,fl:lie_cause_recoil,438,138,,,,확정
person:퀀시,D1991,기준,성격,char:402,173,26,,,,확정
person:퀀시,D1992,기준,신념,char:402,173,26,,,,확정
person:퀀시,D1993,기준,관계,char:402,173,26,,,person:지휘관,확정
person:퀀시,D1994,변화,관계,char:402,173,26,,,person:지휘관,확정
person:퀀시,D1995,변화,관계,char:402,173,26,,,person:지휘관,확정
person:퀀시,D1996,변화,소속,char:402,173,26,,,,확정
person:퀀시,F796,사실,정의,char:402,173,26,,,,확정
person:퀀시,F798,사실,정의,char:402,173,26,,,,확정
person:퀀시,F799,사실,정의,char:402,173,26,,,,확정
person:퀀시,F800,사실,정의,char:402,173,26,,,,확정
person:퀀시,F1517,사실,정의,event_beautyfullshot1,305,78,,,,확정
person:퀀시,D1585,관계 상대,관계,event_phantomthiefvsdetective,328,87,,,person:팬텀,확정
person:퀀시,D1587,기준,관계,event_phantomthiefvsdetective,328,87,,,person:팬텀,확정
person:퀀시,D1588,변화,관계,event_phantomthiefvsdetective,328,87,,,person:팬텀,확정
person:퀀시,E1388,떡밥,재언급,event_phantomthiefvsdetective,328,87,,,,확정
person:퀀시,E1389,떡밥,재언급,event_phantomthiefvsdetective,328,87,,,,확정
person:퀀시,E1391,떡밥,재언급,event_phantomthiefvsdetective,328,87,,,,확정
person:퀀시,F1608,사실,정의,event_phantomthiefvsdetective,328,87,,,,확정
person:퀀시,D2132,변화,신념,char:403,329,87,,,,확정
person:퀀시,F1609,사실,정의,char:403,329,87,,,,확정
person:퀀시,E728,떡밥,재언급,event_arcanearchive,383,111,,,,확정
person:퀀시,E1441,떡밥,재언급,fl:go_ninja_thief,412,126,,,,확정
person:퀀시,F2176,사실,정의,fl:go_ninja_thief,412,126,,,,확정
person:퀀시,F2178,사실,정의,fl:go_ninja_thief,412,126,,,,확정
person:퀀시,F2179,사실,정의,char:23,413,126,,,,확정
person:퀀시,E996,떡밥,재언급,fl:sin_editor,430,135,,,,확정
person:퀀시,E1561,떡밥,재언급,fl:persona_on_frontline,474,154,,,,확정
person:퀀시,E1575,떡밥,재언급,fl:persona_on_frontline,474,154,,,,확정
person:퀀시,F2851,사실,정의,fl:persona_on_frontline,474,154,,,,확정
person:퀀시,F2861,사실,정의,fl:persona_on_frontline,474,154,,,,확정
person:퀸,F126,사실,정의,ch06,26,7,,,,확정
person:퀸,F127,사실,정의,ch06,26,7,,,,확정
person:퀸,Q29,의문,정의,ch06,26,7,일부,J1,,확정
person:퀸,F127-2,사건,드러냄,ch07,31,8,,,,확정
person:퀸,F204,사실,정의,ch07,31,8,,,,확정
person:퀸,F333,사실,정의,ch13,64,14,,,,확정
person:퀸,F582,사실,정의,char:220,113,17,,,,확정
person:퀸,F754,사실,정의,ch19,159,25,,J15,,확정
person:퀸,F761,사실,정의,ch20,164,26,,,,확정
person:퀸,F765,사실,정의,ch20,164,26,,,,확정
person:퀸,F768,사실,정의,ch20,164,26,뒤집힘,,,확정
person:퀸,F770,사실,정의,ch20,164,26,뒤집힘,,,확정
person:퀸,Q111,의문,정의,ch20,164,26,일부,J13,,확정
person:퀸,E1300,떡밥,재언급,char:261,184,32,,,,확정
person:퀸,E1302,떡밥,암시,char:261,184,32,,,,확정
person:퀸,F838,사실,정의,char:261,184,32,,,,확정
person:퀸,F839,사실,정의,char:261,184,32,,J13,,확정
person:퀸,F844,사실,정의,char:261,184,32,,,,확정
person:퀸,Q111-2,사건,회수,char:261,184,32,,,,확정
person:퀸,F916,사실,정의,event_overzone,200,36,,,,확정
person:퀸,F923,사실,정의,event_overzone,200,36,,,,확정
person:퀸,D299,관계 상대,관계,ch24,219,44,,,person:토커티브,확정
person:퀸,F1038,사실,정의,ch24,219,44,,,,확정
person:퀸,F1125,사실,정의,ch26,246,55,,,,확정
person:퀸,F1129,사실,정의,ch26,246,55,,,,확정
person:퀸,F1140,사실,정의,event_redash,251,55,,J9,,확정
person:퀸,F1152,사실,정의,event_redash,251,55,,,,확정
person:퀸,F1189,사실,정의,erelic:red_ash_mini,253,55,,,,확정
person:퀸,E361,떡밥,암시,side:second_affection,288,71,,,,확정
person:퀸,F1448,사실,정의,event_lastkingdom1,295,73,,,,확정
person:퀸,F1449,사실,정의,event_lastkingdom1,295,73,,,,확정
person:퀸,Q29-2,사건,회수,event_lastkingdom1,295,73,,,,확정
person:퀸,F1541,사실,정의,ch32,310,81,,,,확정
person:퀸,F1152-2,사건,드러냄,event_oldtales1,338,91,,,,확정
person:퀸,F1667,사실,정의,event_oldtales1,338,91,,,,확정
person:퀸,F1669,사실,정의,event_oldtales1,338,91,,,,확정
person:퀸,F1675,사실,정의,event_oldtales1,338,91,,,,확정
person:퀸,F1685,사실,정의,event_oldtales1,338,91,,,,확정
person:퀸,F1690,사실,정의,event_oldtales1,338,91,,,,확정
person:퀸,F1703,사실,정의,erelic:old_tales_lost,340,91,,J12,,확정
person:퀸,F1706,사실,정의,erelic:old_tales_mini_memory,341,91,,,,확정
person:퀸,F1792,사실,정의,ch35,358,101,,J9 J12 J13,,확정
person:퀸,F1873,사실,정의,ch38,375,109,,J10,,확정
person:퀸,E712,떡밥,재언급,erelic:unbreakable_sphere_lost,379,109,,,,확정
person:퀸,E813,떡밥,암시,relic:정갈하게쓴기록,397,118,,,,확정
person:퀸,F2067,사실,정의,relic:정갈하게쓴기록,397,118,,,,확정
person:퀸,F2072,사실,정의,ch40,398,119,,J1 J3,,확정
person:퀸,F2081,사실,정의,ch40,398,119,,,,확정
person:퀸,F2082,사실,정의,ch40,398,119,,,,확정
person:퀸,E889,떡밥,암시,side:eden_spear,411,126,,,,확정
person:퀸,F768-2,사건,뒤집음,side:eden_spear,411,126,,,,확정
person:퀸,F770-2,사건,뒤집음,side:eden_spear,411,126,,,,확정
person:퀸,F2159,사실,정의,side:eden_spear,411,126,,,,확정
person:퀸,F2160,사실,정의,side:eden_spear,411,126,,,,확정
person:퀸,F2162,사실,정의,side:eden_spear,411,126,,,,확정
person:퀸,F2163,사실,정의,side:eden_spear,411,126,,J13,,확정
person:퀸,F2164,사실,정의,side:eden_spear,411,126,,,,확정
person:퀸,F2170,사실,정의,side:eden_spear,411,126,,J8,,확정
person:퀸,F2172,사실,정의,side:eden_spear,411,126,,J15,,확정
person:퀸,F2173,사실,정의,side:eden_spear,411,126,,J12,,확정
person:퀸,Q283,의문,정의,side:eden_spear,411,126,풀림,J13,,확정
person:퀸,Q285,의문,정의,side:eden_spear,411,126,풀림,J1,,확정
person:퀸,F2187,사실,정의,ch41,414,127,,J15,,확정
person:퀸,F2188,사실,정의,ch41,414,127,,,,확정
person:퀸,F2189,사실,정의,ch41,414,127,,,,확정
person:퀸,Q286,의문,정의,ch41,414,127,일부,J10,,확정
person:퀸,E929,떡밥,암시,ch42,416,128,,,,확정
person:퀸,F2215,사실,정의,ch42,416,128,,,,확정
person:퀸,F2217,사실,정의,ch42,416,128,,,,확정
person:퀸,F2250,사실,정의,ch42,416,128,,J12,,확정
person:퀸,F2251,사실,정의,ch42,416,128,,,,확정
person:퀸,Q286-2,사건,회수,ch42,416,128,,,,확정
person:퀸,Q295,의문,정의,ch42,416,128,풀림,J13,,확정
person:퀸,D909,관계 상대,관계,event_goddessfall1,418,128,,,person:미러,확정
person:퀸,E940,떡밥,재언급,event_goddessfall1,418,128,,,,확정
person:퀸,E952,떡밥,암시,event_goddessfall1,418,128,,,,확정
person:퀸,F2164-2,사건,드러냄,event_goddessfall1,418,128,,,,확정
person:퀸,F2257,사실,정의,event_goddessfall1,418,128,,,,확정
person:퀸,F2259,사실,정의,event_goddessfall1,418,128,,,,확정
person:퀸,F2260,사실,정의,event_goddessfall1,418,128,,J13,,확정
person:퀸,F2266,사실,정의,event_goddessfall1,418,128,,,,확정
person:퀸,F2268,사실,정의,event_goddessfall1,418,128,,J13,,확정
person:퀸,F2269,사실,정의,event_goddessfall1,418,128,,,,확정
person:퀸,F2274,사실,정의,event_goddessfall1,418,128,,,,확정
person:퀸,F2275,사실,정의,event_goddessfall1,418,128,,,,확정
person:퀸,F2280,사실,정의,event_goddessfall1,418,128,,,,확정
person:퀸,F2281,사실,정의,event_goddessfall1,418,128,,,,확정
person:퀸,F2283,사실,정의,event_goddessfall1,418,128,,,,확정
person:퀸,F2284,사실,정의,event_goddessfall1,418,128,,,,확정
person:퀸,F2286,사실,정의,event_goddessfall1,418,128,,,,확정
person:퀸,F2289,사실,정의,event_goddessfall1,418,128,,J1,,확정
person:퀸,F2294,사실,정의,event_goddessfall1,418,128,,,,확정
person:퀸,F2299,사실,정의,event_goddessfall1,418,128,,,,확정
person:퀸,F2301,사실,정의,event_goddessfall1,418,128,,,,확정
person:퀸,F2306,사실,정의,event_goddessfall1,418,128,,,,확정
person:퀸,F2308,사실,정의,event_goddessfall1,418,128,,,,확정
person:퀸,F2310,사실,정의,event_goddessfall1,418,128,,,,확정
person:퀸,F2311,사실,정의,event_goddessfall1,418,128,,,,확정
person:퀸,F2312,사실,정의,event_goddessfall1,418,128,,,,확정
person:퀸,F2314,사실,정의,event_goddessfall1,418,128,,,,확정
person:퀸,F2317,사실,정의,event_goddessfall1,418,128,,J7,,확정
person:퀸,F2320,사실,정의,event_goddessfall1,418,128,,J13,,확정
person:퀸,F2322,사실,정의,event_goddessfall1,418,128,,,,확정
person:퀸,F2890,사실,정의,event_goddessfall1,418,128,,J20,,확정
person:퀸,Q283-2,사건,회수,event_goddessfall1,418,128,,,,확정
person:퀸,Q285-2,사건,회수,event_goddessfall1,418,128,,,,확정
person:퀸,Q295-2,사건,회수,event_goddessfall1,418,128,,,,확정
person:퀸,Q298,의문,정의,event_goddessfall1,418,128,열림,J13,,확정
person:퀸,Q302,의문,정의,event_goddessfall1,418,128,열림,J20,,확정
person:퀸,Q305,의문,정의,event_goddessfall1,418,128,풀림,J13,,확정
person:퀸,Q305-2,사건,회수,event_goddessfall1,418,128,,,,확정
person:퀸,F2337,사실,정의,erelic:goddess_fall_mini,419,128,,J8,,확정
person:퀸,E969,떡밥,재언급,fl:ark_guardian,428,133,,,,확정
person:퀸,F2377,사실,정의,fl:ark_guardian,428,133,,,,확정
person:퀸,D1047,관계 상대,관계,ch44,436,138,,,person:앨트루이아,확정
person:퀸,D1048,관계 상대,관계,ch44,436,138,,,person:리버렐리오,확정
person:퀸,D1050,관계 상대,관계,ch44,436,138,,,person:미러,확정
person:퀸,F2431,사실,정의,ch44,436,138,,,,확정
person:퀸,F2432,사실,정의,ch44,436,138,,,,확정
person:퀸,F2435,사실,정의,ch44,436,138,,J13,,확정
person:퀸,F2436,사실,정의,ch44,436,138,,,,확정
person:퀸,Q295-3,사건,회수,ch44,436,138,,,,확정
person:퀸,F2608,사실,정의,ch45,450,143,,,,확정
person:퀸,D1146,기준,신념,ch46,452,144,,,,확정
person:퀸,E1101,떡밥,암시,ch46,452,144,,,,확정
person:퀸,E1103,떡밥,암시,ch46,452,144,,,,확정
person:퀸,E1104,떡밥,암시,ch46,452,144,,,,확정
person:퀸,E1108,떡밥,재언급,ch46,452,144,,,,확정
person:퀸,F2377-2,사건,드러냄,ch46,452,144,,,,확정
person:퀸,F2435-2,사건,드러냄,ch46,452,144,,,,확정
person:퀸,F2615,사실,정의,ch46,452,144,,J13,,확정
person:퀸,F2616,사실,정의,ch46,452,144,,,,확정
person:퀸,F2617,사실,정의,ch46,452,144,,J13,,확정
person:퀸,F2618,사실,정의,ch46,452,144,,,,확정
person:퀸,F2622,사실,정의,ch46,452,144,,,,확정
person:퀸,F2623,사실,정의,ch46,452,144,,,,확정
person:퀸,F2625,사실,정의,ch46,452,144,,,,확정
person:퀸,F2631,사실,정의,ch46,452,144,,,,확정
person:퀸,F2634,사실,정의,ch46,452,144,,,,확정
person:퀸,F2655,사실,정의,ch46,452,144,,,,확정
person:퀸,F2657,사실,정의,ch46,452,144,,J7 J19,,확정
person:퀸,Q342,의문,정의,ch46,452,144,열림,J13,,확정
person:퀸,F2734,사실,정의,fl:ark_ranger,462,148,,,,확정
person:퀸,F2738,사실,정의,fl:ark_ranger,462,148,,,,확정
person:퀸,Q354,의문,정의,fl:ark_ranger,462,148,일부,J13,,확정
person:퀸,Q355,의문,정의,fl:ark_ranger,462,148,열림,J13,,확정
person:퀸,Q356,의문,정의,fl:ark_ranger,462,148,열림,J13,,확정
person:퀸,E1209,떡밥,재언급,ch47,470,153,,,,확정
person:퀸,E1210,떡밥,재언급,ch47,470,153,,,,확정
person:퀸,F2801,사실,정의,ch47,470,153,,,,확정
person:퀸,F2803,사실,정의,ch47,470,153,,,,확정
person:퀸,F2805,사실,정의,ch47,470,153,,,,확정
person:퀸,F2811,사실,정의,ch47,470,153,,,,확정
person:퀸,F2813,사실,정의,ch47,470,153,,,,확정
person:퀸,F2820,사실,정의,ch47,470,153,,,,확정
person:퀸,Q354-2,사건,회수,ch47,470,153,,,,확정
person:퀸,E1232,떡밥,재언급,ch48,472,154,,,,확정
person:퀸,E1233,떡밥,암시,ch48,472,154,,,,확정
person:퀸,F2825,사실,정의,ch48,472,154,,,,확정
person:퀸,F2834,사실,정의,ch48,472,154,,,,확정
person:퀸,F2835,사실,정의,ch48,472,154,,J10,,확정
person:퀸,F2838,사실,정의,ch48,472,154,,J10,,확정
person:퀸,F2840,사실,정의,ch48,472,154,,,,확정
person:퀸,F2841,사실,정의,ch48,472,154,,,,확정
person:퀸,F2848,사실,정의,ch48,472,154,,,,확정
person:퀸,Q365,의문,정의,ch48,472,154,열림,J13,,확정
person:퀸(마코토),D1762,기준,성격,fl:persona_on_frontline,474,154,,,,확정
person:퀸(마코토),D1763,기준,관계,fl:persona_on_frontline,474,154,,,person:지휘관,확정
person:퀸(마코토),D1764,변화,관계,fl:persona_on_frontline,474,154,,,person:지휘관,확정
person:퀸(마코토),D1773,관계 상대,관계,fl:persona_on_frontline,474,154,,,person:에이드,확정
person:퀸(마코토),E1583,떡밥,암시,fl:persona_on_frontline,474,154,,,,확정
person:퀸(마코토),F2851,사실,정의,fl:persona_on_frontline,474,154,,,,확정
person:퀸(마코토),F2856,사실,정의,fl:persona_on_frontline,474,154,,,,확정
person:퀸(마코토),F2857,사실,정의,fl:persona_on_frontline,474,154,,,,확정
person:퀸(마코토),F2858,사실,정의,fl:persona_on_frontline,474,154,,,,확정
person:퀸(마코토),F2863,사실,정의,fl:persona_on_frontline,474,154,,,,확정
person:퀸(마코토),F2865,사실,정의,fl:persona_on_frontline,474,154,,,,확정
person:퀸(마코토),F2866,사실,정의,fl:persona_on_frontline,474,154,,,,확정
person:퀸(마코토),F2905,사실,정의,fl:persona_on_frontline,474,154,,,,확정
person:퀸(마코토),D2229,기준,관계,char:870,476,154,,,person:팬텀,확정
person:퀸(마코토),F2870,사실,정의,char:870,476,154,,,,확정
person:크라운,F677,사실,정의,ch17,140,19,,,,확정
person:크라운,E1315,떡밥,암시,event_goldenship,224,44,,,,확정
person:크라운,F1044,사실,정의,event_goldenship,224,44,,,,확정
person:크라운,F1065,사실,정의,event_firstaffection,230,47,,,,확정
person:크라운,D319,기준,성격,ch25,241,54,,,,확정
person:크라운,D320,관계 상대,관계,ch25,241,54,,,person:차임,확정
person:크라운,F1109,사실,정의,ch25,241,54,,J2,,확정
person:크라운,D335,기준,신념,ch26,246,55,,,,확정
person:크라운,F1113,사실,정의,ch26,246,55,,,,확정
person:크라운,F1119,사실,정의,ch26,246,55,,,,확정
person:크라운,F1120,사실,정의,ch26,246,55,,,,확정
person:크라운,D413,기준,관계,side:second_affection,288,71,,,person:마리안,확정
person:크라운,D416,관계 상대,관계,side:second_affection,288,71,,,person:마리안,확정
person:크라운,E364,떡밥,암시,side:second_affection,288,71,,,,확정
person:크라운,E365,떡밥,암시,side:second_affection,288,71,,,,확정
person:크라운,E366,떡밥,암시,side:second_affection,288,71,,,,확정
person:크라운,E367,떡밥,재언급,side:second_affection,288,71,,,,확정
person:크라운,F1359,사실,정의,side:second_affection,288,71,,,,확정
person:크라운,F1364,사실,정의,side:second_affection,288,71,,,,확정
person:크라운,F1365,사실,정의,side:second_affection,288,71,,,,확정
person:크라운,F1366,사실,정의,side:second_affection,288,71,,,,확정
person:크라운,F1367,사실,정의,side:second_affection,288,71,,,,확정
person:크라운,F1368,사실,정의,side:second_affection,288,71,,,,확정
person:크라운,F1369,사실,정의,side:second_affection,288,71,,,,확정
person:크라운,F1370,사실,정의,side:second_affection,288,71,,,,확정
person:크라운,F1371,사실,정의,side:second_affection,288,71,,,,확정
person:크라운,Q179,의문,정의,side:second_affection,288,71,풀림,J28,,확정
person:크라운,D454,관계 상대,관계,event_lastkingdom1,295,73,,,person:차임,확정
person:크라운,D455,변화,소속,event_lastkingdom1,295,73,,,,확정
person:크라운,D456,기준,관계,event_lastkingdom1,295,73,,,person:킬로,확정
person:크라운,D457,기준,관계,event_lastkingdom1,295,73,,,person:차임,확정
person:크라운,D458,변화,신체,event_lastkingdom1,295,73,,,,확정
person:크라운,D461,관계 상대,관계,event_lastkingdom1,295,73,,,person:인디빌리아,확정
person:크라운,E400,떡밥,암시,event_lastkingdom1,295,73,,,,확정
person:크라운,E403,떡밥,암시,event_lastkingdom1,295,73,,,,확정
person:크라운,E405,떡밥,암시,event_lastkingdom1,295,73,,,,확정
person:크라운,E406,떡밥,암시,event_lastkingdom1,295,73,,,,확정
person:크라운,E412,떡밥,암시,event_lastkingdom1,295,73,,,,확정
person:크라운,E413,떡밥,암시,event_lastkingdom1,295,73,,,,확정
person:크라운,F1422,사실,정의,event_lastkingdom1,295,73,,,,확정
person:크라운,F1425,사실,정의,event_lastkingdom1,295,73,,,,확정
person:크라운,F1428,사실,정의,event_lastkingdom1,295,73,,,,확정
person:크라운,F1434,사실,정의,event_lastkingdom1,295,73,,,,확정
person:크라운,F1436,사실,정의,event_lastkingdom1,295,73,,,,확정
person:크라운,F1437,사실,정의,event_lastkingdom1,295,73,,,,확정
person:크라운,F1438,사실,정의,event_lastkingdom1,295,73,,,,확정
person:크라운,F1440,사실,정의,event_lastkingdom1,295,73,,,,확정
person:크라운,F1441,사실,정의,event_lastkingdom1,295,73,,,,확정
person:크라운,F1442,사실,정의,event_lastkingdom1,295,73,,,,확정
person:크라운,F1445,사실,정의,event_lastkingdom1,295,73,,J28,,확정
person:크라운,F1446,사실,정의,event_lastkingdom1,295,73,,,,확정
person:크라운,F1447,사실,정의,event_lastkingdom1,295,73,,,,확정
person:크라운,F1450,사실,정의,event_lastkingdom1,295,73,,,,확정
person:크라운,F1451,사실,정의,event_lastkingdom1,295,73,,,,확정
person:크라운,Q179-2,사건,회수,event_lastkingdom1,295,73,,,,확정
person:크라운,D1542,기준,관계,char:330,296,73,,,person:지휘관,확정
person:크라운,D1543,변화,관계,char:330,296,73,,,person:지휘관,확정
person:크라운,D1544,변화,신념,char:330,296,73,,,,확정
person:크라운,E1363,떡밥,암시,char:330,296,73,,,,확정
person:크라운,E1364,떡밥,재언급,char:330,296,73,,,,확정
person:크라운,F1454,사실,정의,char:330,296,73,,,,확정
person:크라운,F1455,사실,정의,char:330,296,73,,,,확정
person:크라운,F1456,사실,정의,char:330,296,73,,,,확정
person:크라운,F1457,사실,정의,char:330,296,73,,,,확정
person:크라운,F1458,사실,정의,char:330,296,73,,,,확정
person:크라운,F1459,사실,정의,char:330,296,73,,,,확정
person:크라운,F2174,사실,정의,side:eden_spear,411,126,,,,확정
person:크라운,D931,변화,신체,event_goddessfall1,418,128,,,,확정
person:크라운,D935,변화,관계,event_goddessfall1,418,128,,,person:차임,확정
person:크라운,D936,관계 상대,관계,event_goddessfall1,418,128,,,person:킬로,확정
person:크라운,F2271,사실,정의,event_goddessfall1,418,128,,,,확정
person:크라운,F2287,사실,정의,event_goddessfall1,418,128,,,,확정
person:크라운,F2300,사실,정의,event_goddessfall1,418,128,,,,확정
person:크라운,F2303,사실,정의,event_goddessfall1,418,128,,,,확정
person:크라운,F2305,사실,정의,event_goddessfall1,418,128,,,,확정
person:크라운,O48,마무리,관계,event_goddessfall1,418,128,H5,,,확정
person:크라운,E1626,떡밥,재언급,char:331,421,128,,,,확정
person:크라운,F2342,사실,정의,char:331,421,128,,,,확정
person:크라운,F2420,사실,정의,ch44,436,138,,,,확정
person:크러스트,F1484,사실,정의,event_goldencoinrush1,300,75,,,,확정
person:크러스트,D626,기준,성격,event_newflavor,367,105,,,,확정
person:크러스트,D627,기준,관계,event_newflavor,367,105,,,person:지휘관,확정
person:크러스트,D628,기준,관계,event_newflavor,367,105,,,person:브래디,확정
person:크러스트,D629,기준,신념,event_newflavor,367,105,,,,확정
person:크러스트,E639,떡밥,암시,event_newflavor,367,105,,,,확정
person:크러스트,F1834,사실,정의,event_newflavor,367,105,,,,확정
person:크러스트,F1836,사실,정의,event_newflavor,367,105,,,,확정
person:크러스트,F1840,사실,정의,char:520,368,105,,,,확정
person:크러스트,D2157,변화,신념,event_trueflavor,371,107,,,,확정
person:크러스트,D2158,변화,관계,event_trueflavor,371,107,,,person:브래디,확정
person:크러스트,F1851,사실,정의,event_trueflavor,371,107,,,,확정
person:크러스트,F1852,사실,정의,event_trueflavor,371,107,,,,확정
person:크러스트,D2160,변화,관계,char:521,372,107,,,person:지휘관,확정
person:크러스트,F1853,사실,정의,char:521,372,107,,,,확정
person:크러스트,F1854,사실,정의,char:521,372,107,,,,확정
person:크러스트,F1855,사실,정의,char:521,372,107,,,,확정
person:크러스트,E1508,떡밥,재언급,fl:2x2_love_2ch,445,141,,,,확정
person:크러스트,F2529,사실,정의,fl:2x2_love_2ch,445,141,,,,확정
person:크러스트,F2571,사실,정의,char:620,449,142,,,,확정
person:크로우,D128,기준,성격,ch16,80,17,,,,확정
person:크로우,D129,기준,신념,ch16,80,17,,,,확정
person:크로우,D130,기준,관계,ch16,80,17,,,person:지휘관,확정
person:크로우,D131,변화,관계,ch16,80,17,,,person:지휘관,확정
person:크로우,D134,관계 상대,관계,ch16,80,17,,,person:자칼,확정
person:크로우,D137,관계 상대,관계,ch16,80,17,,,person:바이퍼,확정
person:크로우,E106,떡밥,암시,ch16,80,17,,,,확정
person:크로우,E107,떡밥,암시,ch16,80,17,,,,확정
person:크로우,E108,떡밥,암시,ch16,80,17,,,,확정
person:크로우,E109,떡밥,암시,ch16,80,17,,,,확정
person:크로우,E110,떡밥,암시,ch16,80,17,,,,확정
person:크로우,E111,떡밥,암시,ch16,80,17,,,,확정
person:크로우,E114,떡밥,암시,ch16,80,17,,,,확정
person:크로우,F403,사실,정의,ch16,80,17,뒤집힘,,,확정
person:크로우,F410,사실,정의,ch16,80,17,,,,확정
person:크로우,F412,사실,정의,ch16,80,17,,,,확정
person:크로우,F413,사실,정의,ch16,80,17,,,,확정
person:크로우,F414,사실,정의,ch16,80,17,,,,확정
person:크로우,F418,사실,정의,ch16,80,17,,,,확정
person:크로우,F462,사실,정의,char:20,90,17,,,,확정
person:크로우,D1404,변화,관계,char:110,129,17,,,person:지휘관,확정
person:크로우,E1278,떡밥,재언급,char:110,129,17,,,,확정
person:크로우,E1280,떡밥,암시,char:110,129,17,,,,확정
person:크로우,F637,사실,정의,char:110,129,17,,,,확정
person:크로우,F638,사실,정의,char:110,129,17,,,,확정
person:크로우,F639,사실,정의,char:110,129,17,,,,확정
person:크로우,F640,사실,정의,char:110,129,17,,,,확정
person:크로우,F641,사실,정의,char:110,129,17,,,,확정
person:크로우,F642,사실,정의,char:110,129,17,,,,확정
person:크로우,F675,사실,정의,ch17,140,19,,J21,,확정
person:크로우,E132,떡밥,암시,ch18,146,20,,,,확정
person:크로우,F706,사실,정의,ch18,146,20,,J21,,확정
person:크로우,F708,사실,정의,ch18,146,20,,,,확정
person:크로우,E152,떡밥,암시,event_doutsiders,169,26,,,,확정
person:크로우,F778,사실,정의,event_doutsiders,169,26,,,,확정
person:크로우,F781,사실,정의,event_doutsiders,169,26,,,,확정
person:크로우,F782,사실,정의,event_doutsiders,169,26,,,,확정
person:크로우,F794,사실,정의,char:111,172,26,,,,확정
person:크로우,D1999,기준,관계,char:112,174,27,,,person:바이퍼,확정
person:크로우,E1601,떡밥,암시,char:112,174,27,,,,확정
person:크로우,F805,사실,정의,char:112,174,27,,,,확정
person:크로우,F806,사실,정의,char:112,174,27,,,,확정
person:크로우,E163,떡밥,암시,ch21,189,35,,,,확정
person:크로우,E174,떡밥,재언급,ch22,195,36,,,,확정
person:크로우,E225,떡밥,암시,ch23,214,43,,,,확정
person:크로우,E227,떡밥,암시,ch23,214,43,,,,확정
person:크로우,E228,떡밥,암시,ch23,214,43,,,,확정
person:크로우,E229,떡밥,암시,ch23,214,43,,,,확정
person:크로우,E230,떡밥,암시,ch23,214,43,,,,확정
person:크로우,F984,사실,정의,ch23,214,43,,,,확정
person:크로우,F993,사실,정의,ch23,214,43,,J21,,확정
person:크로우,F994,사실,정의,ch23,214,43,,,,확정
person:크로우,F995,사실,정의,ch23,214,43,,J21,,확정
person:크로우,F997,사실,정의,ch23,214,43,,J25,,확정
person:크로우,F998,사실,정의,ch23,214,43,,,,확정
person:크로우,F999,사실,정의,ch23,214,43,,,,확정
person:크로우,D284,변화,관계,ch24,219,44,,,person:지휘관,확정
person:크로우,D287,관계 상대,관계,ch24,219,44,,,person:바이퍼,확정
person:크로우,D288,관계 상대,관계,ch24,219,44,,,person:E.H.,확정
person:크로우,D293,변화,소속,ch24,219,44,,,,확정
person:크로우,E234,떡밥,암시,ch24,219,44,,,,확정
person:크로우,E236,떡밥,재언급,ch24,219,44,,,,확정
person:크로우,E237,떡밥,재언급,ch24,219,44,,,,확정
person:크로우,E239,떡밥,암시,ch24,219,44,,,,확정
person:크로우,F1005,사실,정의,ch24,219,44,,,,확정
person:크로우,F1006,사실,정의,ch24,219,44,,,,확정
person:크로우,F1007,사실,정의,ch24,219,44,,,,확정
person:크로우,F1008,사실,정의,ch24,219,44,,,,확정
person:크로우,F1009,사실,정의,ch24,219,44,,,,확정
person:크로우,F1014,사실,정의,ch24,219,44,,J21,,확정
person:크로우,F1015,사실,정의,ch24,219,44,,,,확정
person:크로우,F1017,사실,정의,ch24,219,44,,,,확정
person:크로우,F1018,사실,정의,ch24,219,44,,,,확정
person:크로우,F1019,사실,정의,ch24,219,44,,,,확정
person:크로우,Q143,의문,정의,ch24,219,44,열림,J21,,확정
person:크로우,D1079,관계 상대,관계,fl:enter_heaven,442,140,,,person:E.H.,확정
person:크로우,D1080,변화,성격,fl:enter_heaven,442,140,,,,확정
person:크로우,E1039,떡밥,재언급,fl:enter_heaven,442,140,,,,확정
person:크로우,E1044,떡밥,암시,fl:enter_heaven,442,140,,,,확정
person:크로우,F403-2,사건,뒤집음,fl:enter_heaven,442,140,,,,확정
person:크로우,F1006-2,사건,드러냄,fl:enter_heaven,442,140,,,,확정
person:크로우,F2499,사실,정의,fl:enter_heaven,442,140,,,,확정
person:크로우,F2500,사실,정의,fl:enter_heaven,442,140,,,,확정
person:크로우,F2504,사실,정의,fl:enter_heaven,442,140,,,,확정
person:크로우,Q327,의문,정의,fl:enter_heaven,442,140,열림,J21,,확정
person:클레어,E882,떡밥,암시,fl:reborn_evil,407,124,,,,확정
person:클레어,F2128,사실,정의,fl:reborn_evil,407,124,,,,확정
person:클레어,F2137,사실,정의,fl:reborn_evil,407,124,,,,확정
person:클레어,D2185,기준,신념,char:842,409,124,,,,확정
person:클레어,F2147,사실,정의,char:842,409,124,,,,확정
person:클레어,F2148,사실,정의,char:842,409,124,,,,확정
person:클레이,D1538,관계 상대,관계,event_onemoretime,289,71,,,person:베이,확정
person:클레이,D1539,관계 상대,관계,event_onemoretime,289,71,,,person:베이,확정
person:클레이,D1540,기준,성격,event_onemoretime,289,71,,,,확정
person:클레이,D1541,기준,관계,event_onemoretime,289,71,,,person:베이,확정
person:클레이,E1358,떡밥,암시,event_onemoretime,289,71,,,,확정
person:클레이,E1359,떡밥,암시,event_onemoretime,289,71,,,,확정
person:클레이,E1360,떡밥,암시,event_onemoretime,289,71,,,,확정
person:클레이,E1361,떡밥,암시,event_onemoretime,289,71,,,,확정
person:클레이,F1372,사실,정의,event_onemoretime,289,71,,,,확정
person:클레이,F1373,사실,정의,event_onemoretime,289,71,,,,확정
person:클레이,F1375,사실,정의,event_onemoretime,289,71,,,,확정
person:클레이,F1376,사실,정의,event_onemoretime,289,71,,,,확정
person:클레이,F1378,사실,정의,char:550,290,71,,,,확정
person:클레이,D1556,기준,신념,event_claymore,303,77,,,,확정
person:클레이,D1557,변화,신념,event_claymore,303,77,,,,확정
person:클레이,D1558,변화,신념,event_claymore,303,77,,,,확정
person:클레이,D1559,기준,관계,event_claymore,303,77,,,person:지휘관,확정
person:클레이,D1560,기준,관계,event_claymore,303,77,,,person:밀크,확정
person:클레이,D1561,관계 상대,관계,event_claymore,303,77,,,person:밀크,확정
person:클레이,D1562,관계 상대,관계,event_claymore,303,77,,,person:밀크,확정
person:클레이,D1563,관계 상대,관계,event_claymore,303,77,,,person:베이,확정
person:클레이,E1372,떡밥,암시,event_claymore,303,77,,,,확정
person:클레이,E1374,떡밥,재언급,event_claymore,303,77,,,,확정
person:클레이,E1376,떡밥,암시,event_claymore,303,77,,,,확정
person:클레이,E1377,떡밥,재언급,event_claymore,303,77,,,,확정
person:클레이,F1497,사실,정의,event_claymore,303,77,,,,확정
person:클레이,F1498,사실,정의,event_claymore,303,77,,,,확정
person:클레이,F1499,사실,정의,event_claymore,303,77,,,,확정
person:클레이,F1500,사실,정의,event_claymore,303,77,,,,확정
person:클레이,F1503,사실,정의,event_claymore,303,77,,,,확정
person:클레이,O144,마무리,관계,event_claymore,303,77,H17,,,확정
person:클레이,D2112,변화,성격,char:551,304,77,,,,확정
person:클레이,D2113,변화,관계,char:551,304,77,,,person:지휘관,확정
person:클레이,F1504,사실,정의,char:551,304,77,,,,확정
person:클레이,F1505,사실,정의,char:551,304,77,,,,확정
person:클로이,D1608,관계 상대,관계,event_icedragonsaga1,347,94,,,person:길로틴,확정
person:클로이,D1609,관계 상대,관계,event_icedragonsaga1,347,94,,,person:길로틴,확정
person:클로이,D1610,관계 상대,관계,event_icedragonsaga1,347,94,,,person:길로틴,확정
person:클로이,E1403,떡밥,암시,event_icedragonsaga1,347,94,,,,확정
person:클로이,E1405,떡밥,암시,event_icedragonsaga1,347,94,,,,확정
person:클로이,E1406,떡밥,암시,event_icedragonsaga1,347,94,,,,확정
person:클로이,E1411,떡밥,암시,event_icedragonsaga1,347,94,,,,확정
person:클로이,F1730,사실,정의,event_icedragonsaga1,347,94,,,,확정
person:클로이,F1731,사실,정의,event_icedragonsaga1,347,94,,,,확정
person:클로이,F1735,사실,정의,event_icedragonsaga1,347,94,,,,확정
person:클로이,F1736,사실,정의,event_icedragonsaga1,347,94,,,,확정
person:키리,D301,기준,성격,event_freezeacpu,239,53,,,,확정
person:키리,D302,기준,관계,event_freezeacpu,239,53,,,person:지휘관,확정
person:키리,D303,변화,신념,event_freezeacpu,239,53,,,,확정
person:키리,E246,떡밥,암시,event_freezeacpu,239,53,,,,확정
person:키리,F1091,사실,정의,event_freezeacpu,239,53,,,,확정
person:키리,F1092,사실,정의,event_freezeacpu,239,53,,,,확정
person:키리,Q148,의문,정의,event_freezeacpu,239,53,열림,J3,,확정
person:키리,D2075,변화,관계,char:33,240,53,,,person:지휘관,확정
person:키리,D2076,기준,신념,char:33,240,53,,,,확정
person:키리,D2077,관계 상대,관계,char:33,240,53,,,person:폴리,확정
person:키리,F1091-2,사건,드러냄,char:33,240,53,,,,확정
person:키리,F1093,사실,정의,char:33,240,53,,,,확정
person:키리,F1094,사실,정의,char:33,240,53,,,,확정
person:키리,E1362,떡밥,재언급,event_onemoretime,289,71,,,,확정
person:키리,E1390,떡밥,재언급,event_phantomthiefvsdetective,328,87,,,,확정
person:키리,E1429,떡밥,재언급,event_foolburstday,369,106,,,,확정
person:키리,D838,변화,성격,fl:reborn_evil,407,124,,,,확정
person:키리,F2137,사실,정의,fl:reborn_evil,407,124,,,,확정
person:키리,F2143,사실,정의,fl:reborn_evil,407,124,,,,확정
person:키리,F2177,사실,정의,fl:go_ninja_thief,412,126,,,,확정
person:키리,F2178,사실,정의,fl:go_ninja_thief,412,126,,,,확정
person:키츠네,F849,사실,정의,char:282,185,32,,,,확정
person:키티,F899,사실,정의,sub:문구점_00,196,36,,,,확정
person:킬로,D443,기준,성격,event_lastkingdom1,295,73,,,,확정
person:킬로,D444,기준,관계,event_lastkingdom1,295,73,,,person:T.A.L.O.S.,확정
person:킬로,D445,변화,관계,event_lastkingdom1,295,73,,,person:T.A.L.O.S.,확정
person:킬로,D446,변화,성격,event_lastkingdom1,295,73,,,,확정
person:킬로,D447,변화,소속,event_lastkingdom1,295,73,,,,확정
person:킬로,D448,기준,관계,event_lastkingdom1,295,73,,,person:마리안,확정
person:킬로,D449,변화,관계,event_lastkingdom1,295,73,,,person:마리안,확정
person:킬로,D450,관계 상대,관계,event_lastkingdom1,295,73,,,person:마리안,확정
person:킬로,D451,관계 상대,관계,event_lastkingdom1,295,73,,,person:마리안,확정
person:킬로,D456,관계 상대,관계,event_lastkingdom1,295,73,,,person:크라운,확정
person:킬로,D468,관계 상대,관계,event_lastkingdom1,295,73,,,person:T.A.L.O.S.,확정
person:킬로,E392,떡밥,암시,event_lastkingdom1,295,73,,,,확정
person:킬로,E393,떡밥,암시,event_lastkingdom1,295,73,,,,확정
person:킬로,F1422,사실,정의,event_lastkingdom1,295,73,,,,확정
person:킬로,F1423,사실,정의,event_lastkingdom1,295,73,,,,확정
person:킬로,F1424,사실,정의,event_lastkingdom1,295,73,,,,확정
person:킬로,F1426,사실,정의,event_lastkingdom1,295,73,,,,확정
person:킬로,F1439,사실,정의,event_lastkingdom1,295,73,,,,확정
person:킬로,F1440,사실,정의,event_lastkingdom1,295,73,,,,확정
person:킬로,F1444,사실,정의,event_lastkingdom1,295,73,,,,확정
person:킬로,F1451,사실,정의,event_lastkingdom1,295,73,,,,확정
person:킬로,U222,생활상,기업 · 조직,event_lastkingdom1,295,73,,,,확정
person:킬로,D2105,기준,관계,char:361,297,73,,,person:지휘관,확정
person:킬로,F1460,사실,정의,char:361,297,73,,,,확정
person:킬로,F1461,사실,정의,char:361,297,73,,,,확정
person:킬로,F1462,사실,정의,char:361,297,73,,,,확정
person:킬로,F1463,사실,정의,char:361,297,73,,,,확정
person:킬로,F2174,사실,정의,side:eden_spear,411,126,,,,확정
person:킬로,D922,관계 상대,관계,event_goddessfall1,418,128,,,person:T.A.L.O.S.,확정
person:킬로,D936,기준,관계,event_goddessfall1,418,128,,,person:크라운,확정
person:킬로,F2271,사실,정의,event_goddessfall1,418,128,,,,확정
person:킬로,F2287,사실,정의,event_goddessfall1,418,128,,,,확정
person:킬로,O38,마무리,관계,event_goddessfall1,418,128,H5,,,확정
person:타키나,D1693,기준,성격,fl:lie_cause_recoil,438,138,,,,확정
person:타키나,D1694,기준,관계,fl:lie_cause_recoil,438,138,,,person:치사토,확정
person:타키나,D1696,관계 상대,관계,fl:lie_cause_recoil,438,138,,,person:프림,확정
person:타키나,D1697,관계 상대,관계,fl:lie_cause_recoil,438,138,,,person:프림,확정
person:타키나,F2468,사실,정의,fl:lie_cause_recoil,438,138,,,,확정
person:타키나,F2469,사실,정의,fl:lie_cause_recoil,438,138,,,,확정
person:타키나,F2470,사실,정의,fl:lie_cause_recoil,438,138,,,,확정
person:타키나,F2480,사실,정의,fl:lie_cause_recoil,438,138,,,,확정
person:타키나,F2483,사실,정의,fl:lie_cause_recoil,438,138,,,,확정
person:타키나,D2205,관계 상대,관계,char:861,441,139,,,person:밀크,확정
person:택티컬티택,F1323,사실,정의,sub:택틱컬틱택_00,244,54,,,,확정
person:택티컬티택,F1324,사실,정의,sub:택틱컬틱택_00,244,54,,,,확정
person:택티컬티택,F1326,사실,정의,sub:택틱컬틱택_01,245,54,,,,확정
person:테디,F262,사실,정의,sub:테디_00,63,13,,,,확정
person:테디,F263,사실,정의,sub:테디_00,63,13,,,,확정
person:테디,F264,사실,정의,sub:테디_00,63,13,,,,확정
person:토브,D1492,기준,성격,event_alonesurvivor,256,56,,,,확정
person:토브,D1493,기준,소속,event_alonesurvivor,256,56,,,,확정
person:토브,D1494,기준,관계,event_alonesurvivor,256,56,,,person:지휘관,확정
person:토브,D1495,변화,관계,event_alonesurvivor,256,56,,,person:지휘관,확정
person:토브,D1496,기준,신념,event_alonesurvivor,256,56,,,,확정
person:토브,D1497,변화,신념,event_alonesurvivor,256,56,,,,확정
person:토브,D1498,변화,소속,event_alonesurvivor,256,56,,,,확정
person:토브,D1499,관계 상대,관계,event_alonesurvivor,256,56,,,person:루드밀라,확정
person:토브,D1500,관계 상대,관계,event_alonesurvivor,256,56,,,person:루드밀라,확정
person:토브,F1202,사실,정의,event_alonesurvivor,256,56,,,,확정
person:토브,F1204,사실,정의,event_alonesurvivor,256,56,,,,확정
person:토브,F1206,사실,정의,event_alonesurvivor,256,56,,,,확정
person:토브,F1208,사실,정의,event_alonesurvivor,256,56,,,,확정
person:토브,D2078,변화,관계,char:192,257,56,,,person:루드밀라,확정
person:토브,D2079,변화,신념,char:192,257,56,,,,확정
person:토브,D2080,변화,관계,char:192,257,56,,,person:지휘관,확정
person:토브,D2081,관계 상대,관계,char:192,257,56,,,person:루드밀라,확정
person:토브,F1209,사실,정의,char:192,257,56,,,,확정
person:토브,F1211,사실,정의,char:192,257,56,,,,확정
person:토브,O124,마무리,관계,char:192,257,56,H15,,,확정
person:토브,O125,마무리,관계,char:192,257,56,H15,,,확정
person:토브,O126,마무리,성장,char:192,257,56,H15,,,확정
person:토브,F1212,사실,정의,event_neverland1,258,57,,,,확정
person:토브,F2025,사실,정의,fl:boom_the_ghost,393,116,,,,확정
person:토브,F2871,사실,정의,char:871,477,155,,,,확정
person:토커티브,F56,사실,정의,ch03,10,4,,J22,,확정
person:토커티브,F57,사실,정의,ch03,10,4,,,,확정
person:토커티브,F60,사실,정의,ch03,10,4,,,,확정
person:토커티브,Q12,의문,정의,ch03,10,4,일부,J15,,확정
person:토커티브,D65,기준,성격,ch04,15,5,,,,확정
person:토커티브,E25,떡밥,암시,ch04,15,5,,,,확정
person:토커티브,F70,사실,정의,ch04,15,5,,,,확정
person:토커티브,F71,사실,정의,ch04,15,5,,J15,,확정
person:토커티브,F72,사실,정의,ch04,15,5,,,,확정
person:토커티브,F73,사실,정의,ch04,15,5,,,,확정
person:토커티브,F74,사실,정의,ch04,15,5,,,,확정
person:토커티브,F85,사실,정의,ch04,15,5,,,,확정
person:토커티브,F93,사실,정의,ch04,15,5,,,,확정
person:토커티브,Q12-2,사건,회수,ch04,15,5,,,,확정
person:토커티브,Q13,의문,정의,ch04,15,5,일부,J3,,확정
person:토커티브,Q15,의문,정의,ch04,15,5,일부,J20,,확정
person:토커티브,E50,떡밥,암시,ch06,26,7,,,,확정
person:토커티브,F119,사실,정의,ch06,26,7,,,,확정
person:토커티브,F120,사실,정의,ch06,26,7,,J3,,확정
person:토커티브,F121,사실,정의,ch06,26,7,,,,확정
person:토커티브,F122,사실,정의,ch06,26,7,,,,확정
person:토커티브,F123,사실,정의,ch06,26,7,,J20,,확정
person:토커티브,F126,사실,정의,ch06,26,7,,,,확정
person:토커티브,Q13-2,사건,회수,ch06,26,7,,,,확정
person:토커티브,Q15-2,사건,회수,ch06,26,7,,,,확정
person:토커티브,Q27,의문,정의,ch06,26,7,풀림,J16,,확정
person:토커티브,Q29,의문,정의,ch06,26,7,일부,J1,,확정
person:토커티브,E56,떡밥,재언급,ch07,31,8,,,,확정
person:토커티브,F205,사실,정의,ch07,31,8,,,,확정
person:토커티브,Q48,의문,정의,ch09,43,10,열림,J4,,확정
person:토커티브,F325,사실,정의,ch12,59,13,,,,확정
person:토커티브,D105,변화,신체,ch13,64,14,,,,확정
person:토커티브,F331,사실,정의,ch13,64,14,,,,확정
person:토커티브,F338,사실,정의,ch13,64,14,,,,확정
person:토커티브,F341,사실,정의,ch13,64,14,,,,확정
person:토커티브,F342,사실,정의,ch13,64,14,,,,확정
person:토커티브,F376,사실,정의,ch14,69,15,,J1 J16,,확정
person:토커티브,Q27-2,사건,회수,ch14,69,15,,,,확정
person:토커티브,Q70,의문,정의,ch14,69,15,열림,J16,,확정
person:토커티브,F766,사실,정의,ch20,164,26,,J3,,확정
person:토커티브,Q13-3,사건,회수,ch20,164,26,,,,확정
person:토커티브,Q110,의문,정의,ch20,164,26,일부,J3,,확정
person:토커티브,E1303,떡밥,재언급,char:261,184,32,,,,확정
person:토커티브,F841,사실,정의,char:261,184,32,,,,확정
person:토커티브,F842,사실,정의,char:261,184,32,,,,확정
person:토커티브,E167,떡밥,재언급,ch22,195,36,,,,확정
person:토커티브,F376-2,사건,드러냄,ch22,195,36,,,,확정
person:토커티브,F897,사실,정의,ch22,195,36,,,,확정
person:토커티브,Q126,의문,정의,ch22,195,36,풀림,J15,,확정
person:토커티브,D299,기준,관계,ch24,219,44,,,person:퀸,확정
person:토커티브,E244,떡밥,암시,ch24,219,44,,,,확정
person:토커티브,F1032,사실,정의,ch24,219,44,,J15,,확정
person:토커티브,F1034,사실,정의,ch24,219,44,,J2,,확정
person:토커티브,F1038,사실,정의,ch24,219,44,,,,확정
person:토커티브,Q126-2,사건,회수,ch24,219,44,,,,확정
person:토커티브,F1101,사실,정의,ch25,241,54,,,,확정
person:토커티브,F1103,사실,정의,ch25,241,54,,,,확정
person:토커티브,D460,관계 상대,관계,event_lastkingdom1,295,73,,,person:인디빌리아,확정
person:토커티브,D463,변화,신체,event_lastkingdom1,295,73,,,,확정
person:토커티브,D464,변화,신체,event_lastkingdom1,295,73,,,,확정
person:토커티브,D465,변화,관계,event_lastkingdom1,295,73,,,person:마리안,확정
person:토커티브,E395,떡밥,암시,event_lastkingdom1,295,73,,,,확정
person:토커티브,E396,떡밥,암시,event_lastkingdom1,295,73,,,,확정
person:토커티브,E398,떡밥,암시,event_lastkingdom1,295,73,,,,확정
person:토커티브,F1429,사실,정의,event_lastkingdom1,295,73,,,,확정
person:토커티브,F1430,사실,정의,event_lastkingdom1,295,73,,,,확정
person:토커티브,F1431,사실,정의,event_lastkingdom1,295,73,,,,확정
person:토커티브,F1432,사실,정의,event_lastkingdom1,295,73,,,,확정
person:토커티브,F1433,사실,정의,event_lastkingdom1,295,73,,,,확정
person:토커티브,F1441,사실,정의,event_lastkingdom1,295,73,,,,확정
person:토커티브,F1443,사실,정의,event_lastkingdom1,295,73,,,,확정
person:토커티브,F1444,사실,정의,event_lastkingdom1,295,73,,,,확정
person:토커티브,F1452,사실,정의,event_lastkingdom1,295,73,,J1,,확정
person:토커티브,F1453,사실,정의,event_lastkingdom1,295,73,,,,확정
person:토커티브,Q29-2,사건,회수,event_lastkingdom1,295,73,,,,확정
person:토커티브,E473,떡밥,재언급,side:wordless,331,89,,,,확정
person:토커티브,F1617,사실,정의,side:wordless,331,89,,,,확정
person:토커티브,E486,떡밥,재언급,ch33,334,90,,,,확정
person:토커티브,E887,떡밥,재언급,side:eden_spear,411,126,,,,확정
person:토커티브,F1103-2,사건,드러냄,side:eden_spear,411,126,,,,확정
person:토커티브,F2161,사실,정의,side:eden_spear,411,126,,,,확정
person:토커티브,D905,변화,관계,event_goddessfall1,418,128,,,person:마리안,확정
person:토커티브,D941,변화,신체,event_goddessfall1,418,128,,,,확정
person:토커티브,D942,관계 상대,관계,event_goddessfall1,418,128,,,person:미러,확정
person:토커티브,E937,떡밥,재언급,event_goddessfall1,418,128,,,,확정
person:토커티브,F2272,사실,정의,event_goddessfall1,418,128,,,,확정
person:토커티브,F2275,사실,정의,event_goddessfall1,418,128,,,,확정
person:토커티브,F2276,사실,정의,event_goddessfall1,418,128,,,,확정
person:토커티브,F2284,사실,정의,event_goddessfall1,418,128,,,,확정
person:토커티브,F2287,사실,정의,event_goddessfall1,418,128,,,,확정
person:토커티브,F2306,사실,정의,event_goddessfall1,418,128,,,,확정
person:토커티브,F2307,사실,정의,event_goddessfall1,418,128,,,,확정
person:토커티브,F2308,사실,정의,event_goddessfall1,418,128,,,,확정
person:토커티브,F2891,사실,정의,event_goddessfall1,418,128,,J3,,확정
person:토커티브,Q110-2,사건,회수,event_goddessfall1,418,128,,,,확정
person:토커티브,Q301,의문,정의,event_goddessfall1,418,128,열림,J3,,확정
person:트레저_헌터,D46,기준,관계,sub:트레저_헌터_00,12,4,,,person:지휘관,확정
person:트레저_헌터,E30,떡밥,암시,sub:트레저_헌터_00,12,4,,,,확정
person:트레저_헌터,F143,사실,정의,sub:트레저_헌터_00,12,4,,,,확정
person:트레저_헌터,Q30,의문,정의,sub:트레저_헌터_00,12,4,풀림,J37,,확정
person:트레저_헌터,E31,떡밥,암시,sub:트레저_헌터_01,16,5,,,,확정
person:트레저_헌터,E32,떡밥,암시,sub:트레저_헌터_01,16,5,,,,확정
person:트레저_헌터,F145,사실,정의,sub:트레저_헌터_01,16,5,,,,확정
person:트레저_헌터,F146,사실,정의,sub:트레저_헌터_02,46,10,뒤집힘,J37,,확정
person:트레저_헌터,Q30-2,사건,회수,sub:트레저_헌터_02,46,10,,,,확정
person:트레저_헌터,D47,변화,관계,sub:트레저_헌터_03,83,17,,,person:지휘관,확정
person:트레저_헌터,E34,떡밥,재언급,sub:트레저_헌터_03,83,17,,,,확정
person:트레저_헌터,F146-2,사건,뒤집음,sub:트레저_헌터_03,83,17,,,,확정
person:트레저_헌터,F149,사실,정의,sub:트레저_헌터_03,83,17,,J37,,확정
person:트레저_헌터,F150,사실,정의,sub:트레저_헌터_03,83,17,,J37,,확정
person:트레저_헌터,Q30-3,사건,회수,sub:트레저_헌터_03,83,17,,,,확정
person:트로니,D393,기준,성격,event_boomsday,280,66,,,,확정
person:트로니,D394,기준,신념,event_boomsday,280,66,,,,확정
person:트로니,D395,변화,성격,event_boomsday,280,66,,,,확정
person:트로니,D396,기준,관계,event_boomsday,280,66,,,person:일레그,확정
person:트로니,D397,변화,관계,event_boomsday,280,66,,,person:일레그,확정
person:트로니,D398,변화,신념,event_boomsday,280,66,,,,확정
person:트로니,D399,관계 상대,관계,event_boomsday,280,66,,,person:일레그,확정
person:트로니,E343,떡밥,암시,event_boomsday,280,66,,,,확정
person:트로니,E344,떡밥,암시,event_boomsday,280,66,,,,확정
person:트로니,E345,떡밥,암시,event_boomsday,280,66,,,,확정
person:트로니,E346,떡밥,암시,event_boomsday,280,66,,,,확정
person:트로니,E347,떡밥,암시,event_boomsday,280,66,,,,확정
person:트로니,E348,떡밥,암시,event_boomsday,280,66,,,,확정
person:트로니,E350,떡밥,재언급,event_boomsday,280,66,,,,확정
person:트로니,E351,떡밥,재언급,event_boomsday,280,66,,,,확정
person:트로니,E352,떡밥,암시,event_boomsday,280,66,,,,확정
person:트로니,F1336,사실,정의,event_boomsday,280,66,,,,확정
person:트로니,F1337,사실,정의,event_boomsday,280,66,,,,확정
person:트로니,F1338,사실,정의,event_boomsday,280,66,,,,확정
person:트로니,F1339,사실,정의,event_boomsday,280,66,,J19,,확정
person:트로니,F1340,사실,정의,event_boomsday,280,66,,,,확정
person:트로니,F1341,사실,정의,event_boomsday,280,66,,,,확정
person:트로니,F1342,사실,정의,event_boomsday,280,66,,,,확정
person:트로니,F1380,사실,정의,ch29,291,72,,,,확정
person:트로니,F1382,사실,정의,ch29,291,72,,J11,,확정
person:트로니,F1391,사실,정의,ch29,291,72,,,,확정
person:트로니,E384,떡밥,암시,ch30,293,73,,,,확정
person:트로니,E391,떡밥,재언급,ch30,293,73,,,,확정
person:트로니,F1395,사실,정의,ch30,293,73,,,,확정
person:트로니,F1405,사실,정의,ch30,293,73,,,,확정
person:트로니,F1418,사실,정의,ch30,293,73,,,,확정
person:트로니,D469,변화,신념,event_darkhero,298,74,,,,확정
person:트로니,D470,변화,관계,event_darkhero,298,74,,,person:일레그,확정
person:트로니,D471,기준,관계,event_darkhero,298,74,,,person:메이든,확정
person:트로니,D472,변화,관계,event_darkhero,298,74,,,person:메이든,확정
person:트로니,D473,기준,관계,event_darkhero,298,74,,,person:지휘관,확정
person:트로니,D474,관계 상대,관계,event_darkhero,298,74,,,person:일레그,확정
person:트로니,D478,관계 상대,관계,event_darkhero,298,74,,,person:메이든,확정
person:트로니,E414,떡밥,암시,event_darkhero,298,74,,,,확정
person:트로니,E415,떡밥,암시,event_darkhero,298,74,,,,확정
person:트로니,E417,떡밥,재언급,event_darkhero,298,74,,,,확정
person:트로니,E422,떡밥,재언급,event_darkhero,298,74,,,,확정
person:트로니,E424,떡밥,재언급,event_darkhero,298,74,,,,확정
person:트로니,F1464,사실,정의,event_darkhero,298,74,,,,확정
person:트로니,F1465,사실,정의,event_darkhero,298,74,,,,확정
person:트로니,F1466,사실,정의,event_darkhero,298,74,,,,확정
person:트로니,F1468,사실,정의,event_darkhero,298,74,,,,확정
person:트로니,F1469,사실,정의,event_darkhero,298,74,,,,확정
person:트로니,F1471,사실,정의,event_darkhero,298,74,,,,확정
person:트로니,F1472,사실,정의,event_darkhero,298,74,,,,확정
person:트로니,F1473,사실,정의,event_darkhero,298,74,,,,확정
person:트로니,F1474,사실,정의,event_darkhero,298,74,,J19,,확정
person:트로니,F1475,사실,정의,event_darkhero,298,74,,,,확정
person:트로니,F1476,사실,정의,event_darkhero,298,74,,,,확정
person:트로니,F1477,사실,정의,event_darkhero,298,74,,,,확정
person:트로니,F1478,사실,정의,event_darkhero,298,74,,,,확정
person:트로니,O139,마무리,성장,event_darkhero,298,74,,,,확정
person:트로니,D2106,변화,관계,char:501,299,74,,,person:일레그,확정
person:트로니,D2107,변화,성격,char:501,299,74,,,,확정
person:트로니,D2108,관계 상대,관계,char:501,299,74,,,person:일레그,확정
person:트로니,F1479,사실,정의,char:501,299,74,,,,확정
person:트로니,F1480,사실,정의,char:501,299,74,,,,확정
person:트로니,O138,마무리,관계,char:501,299,74,,,,확정
person:트로니,F1505,사실,정의,char:551,304,77,,,,확정
person:트로니,E1409,떡밥,재언급,event_icedragonsaga1,347,94,,,,확정
person:트로니,E1415,떡밥,재언급,event_icedragonsaga1,347,94,,,,확정
person:트로니,D1627,변화,성격,event_romanticvalentine,355,99,,,,확정
person:트로니,F1780,사실,정의,event_romanticvalentine,355,99,,,,확정
person:트로니,F1782,사실,정의,event_romanticvalentine,355,99,,,,확정
person:트로니,D2152,관계 상대,관계,char:835,363,102,,,person:아스카,확정
person:트로니,F1823,사실,정의,char:835,363,102,,,,확정
person:트로니,F1342-2,사건,드러냄,char:502,395,117,,,,확정
person:트로니,F2580,사실,정의,ch45,450,143,,,,확정
person:트로니,F2581,사실,정의,ch45,450,143,,J19,,확정
person:트로니,F2582,사실,정의,ch45,450,143,,,,확정
person:트로니,F2606,사실,정의,ch45,450,143,,J19,,확정
person:트로니,E1180,떡밥,재언급,fl:ark_ranger,462,148,,,,확정
person:트로니,F1476-2,사건,드러냄,fl:ark_ranger,462,148,,,,확정
person:트로니,F2741,사실,정의,fl:ark_ranger,462,148,,,,확정
person:트로니,F2879,사실,정의,char:405,481,158,,,,확정
person:트리나,D1630,기준,성격,fl:for_rest,365,104,,,,확정
person:트리나,D1631,변화,신념,fl:for_rest,365,104,,,,확정
person:트리나,D1632,변화,신념,fl:for_rest,365,104,,,,확정
person:트리나,D1633,변화,관계,fl:for_rest,365,104,,,person:리타,확정
person:트리나,D1636,관계 상대,관계,fl:for_rest,365,104,,,person:플로라,확정
person:트리나,E1419,떡밥,암시,fl:for_rest,365,104,,,,확정
person:트리나,E1422,떡밥,암시,fl:for_rest,365,104,,,,확정
person:트리나,E1427,떡밥,암시,fl:for_rest,365,104,,,,확정
person:트리나,F1826,사실,정의,fl:for_rest,365,104,,,,확정
person:트리나,F1827,사실,정의,fl:for_rest,365,104,,,,확정
person:트리나,F1829,사실,정의,fl:for_rest,365,104,,,,확정
person:트리나,F1831,사실,정의,fl:for_rest,365,104,,,,확정
person:트리나,D2154,기준,관계,char:412,366,104,,,person:지휘관,확정
person:트리나,D2155,변화,관계,char:412,366,104,,,person:지휘관,확정
person:트리나,F1833,사실,정의,char:412,366,104,,,,확정
person:트리나,F2719,사실,정의,fl:b-side_idol,458,146,,,,확정
person:트리세라,D1462,관계 상대,관계,event_schooloflock,234,50,,,person:마르차나,확정
person:트리세라,D1463,기준,성격,event_schooloflock,234,50,,,,확정
person:트리세라,D1464,변화,신념,event_schooloflock,234,50,,,,확정
person:트리세라,D1465,관계 상대,관계,event_schooloflock,234,50,,,person:라이,확정
person:트리세라,F1073,사실,정의,event_schooloflock,234,50,,,,확정
person:트리세라,F1074,사실,정의,event_schooloflock,234,50,,,,확정
person:트리세라,F1077,사실,정의,event_schooloflock,234,50,,,,확정
person:트리세라,F2896,사실,정의,event_schooloflock,234,50,,,,확정
person:트리세라,E1384,떡밥,재언급,event_colorless,319,82,,,,확정
person:트리키_보이,F2202,사실,정의,ch41,414,127,,,,확정
person:트리키_보이,U337,생활상,일상 · 문화,ch41,414,127,,,,확정
person:트리키_보이,F2240,사실,정의,ch42,416,128,,,,확정
person:트윙클,F1306,사실,정의,sub:트윙클_00,273,65,,,,확정
person:티미,D1521,관계 상대,관계,event_lionheart,263,61,,,person:레오나,확정
person:티미,F1246,사실,정의,event_lionheart,263,61,,,,확정
person:티미,F1251,사실,정의,event_lionheart,263,61,,,,확정
person:티미,D2089,관계 상대,관계,char:382,264,61,,,person:레오나,확정
person:티미,F1253,사실,정의,char:382,264,61,,,,확정
person:티미,F1255,사실,정의,char:382,264,61,,,,확정
person:티미,O133,마무리,관계,char:382,264,61,,,,확정
person:티아,E1329,떡밥,암시,event_schooloflock,234,50,,,,확정
person:티아,D1470,기준,성격,event_dazzlingcupid,236,51,,,,확정
person:티아,D1472,기준,관계,event_dazzlingcupid,236,51,,,person:지휘관,확정
person:티아,D1474,관계 상대,관계,event_dazzlingcupid,236,51,,,person:나가,확정
person:티아,D1475,관계 상대,관계,event_dazzlingcupid,236,51,,,person:나가,확정
person:티아,D1476,변화,성격,event_dazzlingcupid,236,51,,,,확정
person:티아,D1477,변화,관계,event_dazzlingcupid,236,51,,,person:나가,확정
person:티아,D1478,관계 상대,관계,event_dazzlingcupid,236,51,,,person:나가,확정
person:티아,D1479,변화,관계,event_dazzlingcupid,236,51,,,person:나가,확정
person:티아,D1481,변화,관계,event_dazzlingcupid,236,51,,,person:지휘관,확정
person:티아,E1332,떡밥,암시,event_dazzlingcupid,236,51,,,,확정
person:티아,E1335,떡밥,암시,event_dazzlingcupid,236,51,,,,확정
person:티아,F1081,사실,정의,event_dazzlingcupid,236,51,,,,확정
person:티아,F1083,사실,정의,event_dazzlingcupid,236,51,,,,확정
person:티아,F1084,사실,정의,event_dazzlingcupid,236,51,,,,확정
person:티아,D2071,관계 상대,관계,char:450,237,51,,,person:나가,확정
person:티아,D2072,기준,관계,char:450,237,51,,,person:나가,확정
person:티아,F1086,사실,정의,char:450,237,51,,,,확정
person:티아,F1087,사실,정의,char:450,237,51,,,,확정
person:티아,F1088,사실,정의,char:450,237,51,,,,확정
person:티아,D2073,기준,신념,char:451,238,52,,,,확정
person:티아,D2074,변화,신념,char:451,238,52,,,,확정
person:티아,F1089,사실,정의,char:451,238,52,,,,확정
person:티아,F1090,사실,정의,char:451,238,52,,,,확정
person:티아,F1374,사실,정의,event_onemoretime,289,71,,,,확정
person:티아,E1380,떡밥,재언급,event_juveniledays,317,81,,,,확정
person:티아,F1851,사실,정의,event_trueflavor,371,107,,,,확정
person:티아,F2527,사실,정의,fl:2x2_love_2ch,445,141,,,,확정
person:티아,D1746,관계 상대,관계,fl:wave_to_you,464,149,,,person:마르차나,확정
person:티아,D1747,변화,관계,fl:wave_to_you,464,149,,,person:마르차나,확정
person:티아,D1749,관계 상대,관계,fl:wave_to_you,464,149,,,person:마르차나,확정
person:티아,E1547,떡밥,암시,fl:wave_to_you,464,149,,,,확정
person:티아,E1549,떡밥,재언급,fl:wave_to_you,464,149,,,,확정
person:티아,E1550,떡밥,암시,fl:wave_to_you,464,149,,,,확정
person:티아,E1551,떡밥,재언급,fl:wave_to_you,464,149,,,,확정
person:티아,F2748,사실,정의,fl:wave_to_you,464,149,,,,확정
person:티아,F2749,사실,정의,fl:wave_to_you,464,149,,,,확정
person:티아,F2757,사실,정의,fl:wave_to_you,464,149,,,,확정
person:티아,F2759,사실,정의,fl:wave_to_you,464,149,,,,확정
person:티아,F2761,사실,정의,fl:wave_to_you,464,149,,,,확정
person:티아,F2763,사실,정의,fl:wave_to_you,464,149,,,,확정
person:티아,F2765,사실,정의,fl:wave_to_you,464,149,,,,확정
person:티아,F2903,사실,정의,fl:wave_to_you,464,149,,,,확정
person:티아,F2767,사실,정의,char:322,466,150,,,,확정
person:파스칼,D2063,기준,성격,char:812,232,48,,,,확정
person:파워,D2007,기준,성격,char:801,179,30,,,,확정
person:파워,F821,사실,정의,char:801,179,30,,,,확정
person:파피용,D1912,관계 상대,관계,char:171,126,17,,,person:율하,확정
person:파피용,F628,사실,정의,char:171,126,17,,,,확정
person:파피용,D163,기준,관계,ch18,146,20,,,person:버닝엄,확정
person:파피용,F707,사실,정의,ch18,146,20,,,,확정
person:파피용,D180,기준,성격,ch19,159,25,,,,확정
person:파피용,D181,기준,관계,ch19,159,25,,,person:지휘관,확정
person:파피용,F743,사실,정의,ch19,159,25,,,,확정
person:파피용,F749,사실,정의,ch19,159,25,,,,확정
person:파피용,D198,기준,관계,ch20,164,26,,,person:도로시,확정
person:파피용,E148,떡밥,암시,ch20,164,26,,,,확정
person:파피용,F771,사실,정의,ch20,164,26,,J4,,확정
person:파피용,F772,사실,정의,ch20,164,26,,,,확정
person:파피용,D218,변화,소속,ch21,189,35,,,,확정
person:파피용,E157,떡밥,암시,ch21,189,35,,,,확정
person:파피용,F871,사실,정의,ch21,189,35,,,,확정
person:파피용,F983,사실,정의,ch23,214,43,,,,확정
person:파피용,F1132,사실,정의,ch26,246,55,,,,확정
person:파피용,F1629,사실,정의,ch33,334,90,,,,확정
person:파피용,D842,변화,관계,side:eden_spear,411,126,,,person:도로시,확정
person:파피용,E885,떡밥,재언급,side:eden_spear,411,126,,,,확정
person:파피용,F1132-2,사건,드러냄,side:eden_spear,411,126,,,,확정
person:파피용,F2152,사실,정의,side:eden_spear,411,126,,,,확정
person:파피용,F2165,사실,정의,side:eden_spear,411,126,,,,확정
person:파피용,F2166,사실,정의,side:eden_spear,411,126,,,,확정
person:파피용,D911,관계 상대,관계,event_goddessfall1,418,128,,,person:이사벨,확정
person:파피용,D912,변화,성격,event_goddessfall1,418,128,,,,확정
person:파피용,D926,기준,신념,event_goddessfall1,418,128,,,,확정
person:파피용,D927,관계 상대,관계,event_goddessfall1,418,128,,,person:이사벨,확정
person:파피용,D937,변화,신념,event_goddessfall1,418,128,,,,확정
person:파피용,D938,변화,관계,event_goddessfall1,418,128,,,person:도로시,확정
person:파피용,E950,떡밥,암시,event_goddessfall1,418,128,,,,확정
person:파피용,F2295,사실,정의,event_goddessfall1,418,128,,,,확정
person:파피용,F2298,사실,정의,event_goddessfall1,418,128,,,,확정
person:파피용,F2304,사실,정의,event_goddessfall1,418,128,,,,확정
person:파피용,F2314,사실,정의,event_goddessfall1,418,128,,,,확정
person:파피용,D1035,변화,소속,ch44,436,138,,,,확정
person:파피용,D1056,관계 상대,관계,ch44,436,138,,,person:버닝엄,확정
person:파피용,F2420,사실,정의,ch44,436,138,,,,확정
person:파피용,F2425,사실,정의,ch44,436,138,,,,확정
person:파피용,F2442,사실,정의,ch44,436,138,,,,확정
person:파피용,E1078,떡밥,재언급,ch45,450,143,,,,확정
person:파피용,F2804,사실,정의,ch47,470,153,,,,확정
person:파피용,D1335,변화,신념,ch48,472,154,,,,확정
person:파피용,E1229,떡밥,재언급,ch48,472,154,,,,확정
person:파피용,F2827,사실,정의,ch48,472,154,,,,확정
person:파피용,O108,마무리,성장,ch48,472,154,H12,,,확정
person:팔팔이,E788,떡밥,암시,fl:boom_the_ghost,393,116,,,,확정
person:팔팔이,F2026,사실,정의,fl:boom_the_ghost,393,116,,,,확정
person:팬텀,D1582,기준,성격,event_phantomthiefvsdetective,328,87,,,,확정
person:팬텀,D1583,기준,신념,event_phantomthiefvsdetective,328,87,,,,확정
person:팬텀,D1584,변화,신념,event_phantomthiefvsdetective,328,87,,,,확정
person:팬텀,D1585,변화,관계,event_phantomthiefvsdetective,328,87,,,person:퀀시 person:미란다,확정
person:팬텀,D1586,기준,관계,event_phantomthiefvsdetective,328,87,,,person:지휘관,확정
person:팬텀,D1587,관계 상대,관계,event_phantomthiefvsdetective,328,87,,,person:퀀시,확정
person:팬텀,D1588,관계 상대,관계,event_phantomthiefvsdetective,328,87,,,person:퀀시,확정
person:팬텀,D1589,관계 상대,관계,event_phantomthiefvsdetective,328,87,,,person:미란다,확정
person:팬텀,D1590,관계 상대,관계,event_phantomthiefvsdetective,328,87,,,person:노벨,확정
person:팬텀,E1392,떡밥,암시,event_phantomthiefvsdetective,328,87,,,,확정
person:팬텀,F1607,사실,정의,event_phantomthiefvsdetective,328,87,,,,확정
person:팬텀,F1608,사실,정의,event_phantomthiefvsdetective,328,87,,,,확정
person:팬텀,Q211,의문,정의,event_phantomthiefvsdetective,328,87,풀림,J56,,확정
person:팬텀,D2133,변화,관계,char:580,330,88,,,person:지휘관,확정
person:팬텀,E1614,떡밥,암시,char:580,330,88,,,,확정
person:팬텀,E1615,떡밥,암시,char:580,330,88,,,,확정
person:팬텀,F1610,사실,정의,char:580,330,88,,,,확정
person:팬텀,F1611,사실,정의,char:580,330,88,,,,확정
person:팬텀,F1612,사실,정의,char:580,330,88,,J56,,확정
person:팬텀,Q211-2,사건,회수,char:580,330,88,,,,확정
person:팬텀,Q212,의문,정의,char:580,330,88,풀림,J56,,확정
person:팬텀,D707,기준,관계,event_arcanearchive,383,111,,,person:아르카나,확정
person:팬텀,E728,떡밥,재언급,event_arcanearchive,383,111,,,,확정
person:팬텀,E729,떡밥,암시,event_arcanearchive,383,111,,,,확정
person:팬텀,F1927,사실,정의,event_arcanearchive,383,111,,,,확정
person:팬텀,Q212-2,사건,회수,event_arcanearchive,383,111,,,,확정
person:팬텀,F1943,사실,정의,char:581,384,111,,,,확정
person:팬텀,D1646,기준,관계,fl:go_ninja_thief,412,126,,,person:델타,확정
person:팬텀,E1442,떡밥,재언급,fl:go_ninja_thief,412,126,,,,확정
person:팬텀,F2176,사실,정의,fl:go_ninja_thief,412,126,,,,확정
person:팬텀,F2178,사실,정의,fl:go_ninja_thief,412,126,,,,확정
person:팬텀,F2179,사실,정의,char:23,413,126,,,,확정
person:팬텀,D1000,관계 상대,관계,fl:sin_editor,430,135,,,person:레이블,확정
person:팬텀,D1001,관계 상대,관계,fl:sin_editor,430,135,,,person:레이블,확정
person:팬텀,D1005,변화,기억,fl:sin_editor,430,135,,,,확정
person:팬텀,D1008,기준,관계,fl:sin_editor,430,135,,,person:레이블,확정
person:팬텀,D1009,변화,관계,fl:sin_editor,430,135,,,person:레이블,확정
person:팬텀,E996,떡밥,재언급,fl:sin_editor,430,135,,,,확정
person:팬텀,E1000,떡밥,재언급,fl:sin_editor,430,135,,,,확정
person:팬텀,E1001,떡밥,재언급,fl:sin_editor,430,135,,,,확정
person:팬텀,F2383,사실,정의,fl:sin_editor,430,135,,,,확정
person:팬텀,F2385,사실,정의,fl:sin_editor,430,135,,,,확정
person:팬텀,E1490,떡밥,재언급,fl:2x2_love_1ch,444,141,,,,확정
person:팬텀,E1559,떡밥,재언급,fl:persona_on_frontline,474,154,,,,확정
person:팬텀,E1569,떡밥,재언급,fl:persona_on_frontline,474,154,,,,확정
person:팬텀,E1578,떡밥,재언급,fl:persona_on_frontline,474,154,,,,확정
person:팬텀,E1583,떡밥,암시,fl:persona_on_frontline,474,154,,,,확정
person:팬텀,F2851,사실,정의,fl:persona_on_frontline,474,154,,,,확정
person:팬텀,F2863,사실,정의,fl:persona_on_frontline,474,154,,,,확정
person:팬텀,D2229,관계 상대,관계,char:870,476,154,,,person:퀸(마코토),확정
person:팬텀,E1634,떡밥,재언급,char:870,476,154,,,,확정
person:팬텀,F2870,사실,정의,char:870,476,154,,,,확정
person:페퍼,D1385,관계 상대,관계,char:130,100,17,,,person:메어리,확정
person:페퍼,D1386,관계 상대,관계,char:130,100,17,,,person:메어리,확정
person:페퍼,D1392,기준,기억,char:130,100,17,,,,확정
person:페퍼,D1393,기준,관계,char:130,100,17,,,person:메어리,확정
person:페퍼,E1267,떡밥,암시,char:130,100,17,,,,확정
person:페퍼,E1269,떡밥,재언급,char:130,100,17,,,,확정
person:페퍼,F533,사실,정의,char:130,100,17,,,,확정
person:페퍼,F537,사실,정의,char:130,100,17,,,,확정
person:페퍼,D1921,기준,관계,char:131,130,17,,,person:지휘관,확정
person:페퍼,D1922,기준,신념,char:131,130,17,,,,확정
person:페퍼,D1923,변화,관계,char:131,130,17,,,person:지휘관,확정
person:페퍼,F644,사실,정의,char:131,130,17,,,,확정
person:페퍼,F645,사실,정의,char:131,130,17,,,,확정
person:페퍼,F646,사실,정의,char:131,130,17,,,,확정
person:페퍼,D264,기준,성격,event_bluewaterisland,209,40,,,,확정
person:페퍼,E214,떡밥,암시,event_bluewaterisland,209,40,,,,확정
person:페퍼,E216,떡밥,암시,event_bluewaterisland,209,40,,,,확정
person:페퍼,E217,떡밥,재언급,event_bluewaterisland,209,40,,,,확정
person:페퍼,F537-2,사건,드러냄,event_bluewaterisland,209,40,,,,확정
person:페퍼,F969,사실,정의,event_bluewaterisland,209,40,,,,확정
person:페퍼,F970,사실,정의,event_bluewaterisland,209,40,,,,확정
person:페퍼,F971,사실,정의,event_bluewaterisland,209,40,,J14,,확정
person:페퍼,F972,사실,정의,event_bluewaterisland,209,40,,,,확정
person:페퍼,F976,사실,정의,char:132,210,40,,,,확정
person:페퍼,F1496,사실,정의,event_claymore,303,77,,,,확정
person:페퍼,F1822,사실,정의,char:836,362,102,,,,확정
person:페퍼,F2041,사실,정의,char:502,395,117,,,,확정
person:펭군_1호,F2753,사실,정의,fl:wave_to_you,464,149,,,,확정
person:펭군_1호,F2766,사실,정의,char:515,465,149,,,,확정
person:펭군_2호,F2753,사실,정의,fl:wave_to_you,464,149,,,,확정
person:펭군_2호,F2760,사실,정의,fl:wave_to_you,464,149,,,,확정
person:펭군_3호,F2753,사실,정의,fl:wave_to_you,464,149,,,,확정
person:펭군_4호,F2753,사실,정의,fl:wave_to_you,464,149,,,,확정
person:폴리,F435,사실,정의,char:180,85,17,,,,확정
person:폴리,D1821,관계 상대,관계,char:32,102,17,,,person:미란다,확정
person:폴리,D1822,관계 상대,관계,char:32,102,17,,,person:미란다,확정
person:폴리,D1823,기준,관계,char:32,102,17,,,person:미란다,확정
person:폴리,F546,사실,정의,char:32,102,17,,,,확정
person:폴리,F548,사실,정의,char:32,102,17,,,,확정
person:폴리,F553,사실,정의,char:61,103,17,,,,확정
person:폴리,F600,사실,정의,char:172,117,17,,,,확정
person:폴리,F605,사실,정의,char:191,118,17,,,,확정
person:폴리,F621,사실,정의,char:210,122,17,,,,확정
person:폴리,D1924,기준,관계,char:30,131,17,,,person:지휘관,확정
person:폴리,D1925,기준,기억,char:30,131,17,,,,확정
person:폴리,D1926,기준,관계,char:30,131,17,,,person:잉그리드,확정
person:폴리,D1927,기준,신념,char:30,131,17,,,,확정
person:폴리,D1928,관계 상대,관계,char:30,131,17,,,person:잉그리드,확정
person:폴리,D1929,변화,기억,char:30,131,17,,,,확정
person:폴리,D1930,변화,관계,char:30,131,17,,,person:잉그리드,확정
person:폴리,D1931,관계 상대,관계,char:30,131,17,,,person:잉그리드,확정
person:폴리,D1932,변화,관계,char:30,131,17,,,person:지휘관,확정
person:폴리,F647,사실,정의,char:30,131,17,,,,확정
person:폴리,F648,사실,정의,char:30,131,17,,,,확정
person:폴리,F649,사실,정의,char:30,131,17,,,,확정
person:폴리,F793,사실,정의,char:111,172,26,,,,확정
person:폴리,F822,사실,정의,char:802,180,30,,,,확정
person:폴리,F823,사실,정의,char:802,180,30,,,,확정
person:폴리,F827,사실,정의,char:381,182,31,,,,확정
person:폴리,F872,사실,정의,ch21,189,35,,,,확정
person:폴리,D225,기준,성격,ch22,195,36,,,,확정
person:폴리,E166,떡밥,암시,ch22,195,36,,,,확정
person:폴리,F881,사실,정의,ch22,195,36,,,,확정
person:폴리,F1000,사실,정의,ch23,214,43,,,,확정
person:폴리,F1027,사실,정의,ch24,219,44,,,,확정
person:폴리,F1091,사실,정의,event_freezeacpu,239,53,,,,확정
person:폴리,F1092,사실,정의,event_freezeacpu,239,53,,,,확정
person:폴리,D2077,기준,관계,char:33,240,53,,,person:키리,확정
person:폴리,F1091-2,사건,드러냄,char:33,240,53,,,,확정
person:폴리,F1093,사실,정의,char:33,240,53,,,,확정
person:폴리,F1271,사실,정의,char:281,266,62,,,,확정
person:폴리,F1374,사실,정의,event_onemoretime,289,71,,,,확정
person:폴리,F1375,사실,정의,event_onemoretime,289,71,,,,확정
person:폴리,F1376,사실,정의,event_onemoretime,289,71,,,,확정
person:폴리,F1609,사실,정의,char:403,329,87,,,,확정
person:폴리,F1833,사실,정의,char:412,366,104,,,,확정
person:폴리,E1429,떡밥,재언급,event_foolburstday,369,106,,,,확정
person:폴리,F2126,사실,정의,fl:reborn_evil,407,124,,,,확정
person:폴리,F2134,사실,정의,fl:reborn_evil,407,124,,J32,,확정
person:폴리,F2147,사실,정의,char:842,409,124,,,,확정
person:폴리,F2177,사실,정의,fl:go_ninja_thief,412,126,,,,확정
person:폴리,F2178,사실,정의,fl:go_ninja_thief,412,126,,,,확정
person:폴리,F2747,사실,정의,char:570,463,148,,,,확정
person:폴크방,D1933,기준,성격,char:242,132,17,,,,확정
person:폴크방,D1934,기준,관계,char:242,132,17,,,person:지휘관,확정
person:폴크방,D1935,기준,신념,char:242,132,17,,,,확정
person:폴크방,D1936,변화,신념,char:242,132,17,,,,확정
person:폴크방,D1937,변화,관계,char:242,132,17,,,person:지휘관,확정
person:폴크방,F650,사실,정의,char:242,132,17,,,,확정
person:폴크방,F1373,사실,정의,event_onemoretime,289,71,,,,확정
person:폴크방,F1378,사실,정의,char:550,290,71,,,,확정
person:폴크방,E1368,떡밥,재언급,event_goldencoinrush1,300,75,,,,확정
person:폴크방,E1369,떡밥,재언급,event_goldencoinrush1,300,75,,,,확정
person:폴크방,F1484,사실,정의,event_goldencoinrush1,300,75,,,,확정
person:폴크방,F1487,사실,정의,event_goldencoinrush1,300,75,,,,확정
person:폴크방,E1393,떡밥,재언급,event_lifeagain,332,89,,,,확정
person:폴크방,F1621,사실,정의,event_lifeagain,332,89,,,,확정
person:프레자일,D425,기준,성격,ch29,291,72,,,,확정
person:프레자일,D426,기준,관계,ch29,291,72,,,person:리버린,확정
person:프레자일,E368,떡밥,암시,ch29,291,72,,,,확정
person:프레자일,E369,떡밥,암시,ch29,291,72,,,,확정
person:프레자일,E372,떡밥,암시,ch29,291,72,,,,확정
person:프레자일,E375,떡밥,암시,ch29,291,72,,,,확정
person:프레자일,E377,떡밥,암시,ch29,291,72,,,,확정
person:프레자일,E378,떡밥,암시,ch29,291,72,,,,확정
person:프레자일,F1380,사실,정의,ch29,291,72,,,,확정
person:프레자일,F1381,사실,정의,ch29,291,72,,,,확정
person:프레자일,F1384,사실,정의,ch29,291,72,,,,확정
person:프레자일,F1392,사실,정의,ch29,291,72,,,,확정
person:프레자일,D431,변화,관계,ch30,293,73,,,person:리버린,확정
person:프레자일,D432,변화,관계,ch30,293,73,,,person:리버린,확정
person:프레자일,D433,관계 상대,관계,ch30,293,73,,,person:리버린,확정
person:프레자일,E383,떡밥,암시,ch30,293,73,,,,확정
person:프레자일,E389,떡밥,암시,ch30,293,73,,,,확정
person:프레자일,E390,떡밥,암시,ch30,293,73,,,,확정
person:프레자일,F1397,사실,정의,ch30,293,73,,,,확정
person:프레자일,F1398,사실,정의,ch30,293,73,,,,확정
person:프레자일,F1402,사실,정의,ch30,293,73,,,,확정
person:프레자일,F1413,사실,정의,ch30,293,73,,,,확정
person:프레자일,F1416,사실,정의,ch30,293,73,,,,확정
person:프레자일,F2239,사실,정의,ch42,416,128,,,,확정
person:프레자일,D1062,변화,관계,ch44,436,138,,,person:리버린,확정
person:프레자일,F1398-2,사건,드러냄,ch44,436,138,,,,확정
person:프레자일,F2451,사실,정의,ch44,436,138,,,,확정
person:프레자일,F2452,사실,정의,ch44,436,138,,,,확정
person:프레자일,F2453,사실,정의,ch44,436,138,,,,확정
person:프레자일,U375,생활상,경제,ch44,436,138,,,,확정
person:프레자일,D1145,변화,관계,ch45,450,143,,,person:리버린,확정
person:프레자일,F2602,사실,정의,ch45,450,143,,,,확정
person:프레자일,F2604,사실,정의,ch45,450,143,,,,확정
person:프레자일,O63,마무리,갈등,ch45,450,143,,,,확정
person:프로덕트_23,F2642,사실,정의,ch46,452,144,,,,확정
person:프리_랫,D1020,기준,관계,ch43,434,137,,,person:프린세스,확정
person:프리_랫,D1021,변화,관계,ch43,434,137,,,person:프린세스,확정
person:프리_랫,D1022,변화,관계,ch43,434,137,,,person:프린세스,확정
person:프리_랫,D1023,변화,신체,ch43,434,137,,,,확정
person:프리_랫,D1024,기준,관계,ch43,434,137,,,person:스톨_3세,확정
person:프리_랫,E1006,떡밥,암시,ch43,434,137,,,,확정
person:프리_랫,E1007,떡밥,암시,ch43,434,137,,,,확정
person:프리_랫,F2396,사실,정의,ch43,434,137,,,,확정
person:프리_랫,F2398,사실,정의,ch43,434,137,,,,확정
person:프리_랫,F2405,사실,정의,ch43,434,137,,,,확정
person:프리바티,D81,기준,관계,ch09,43,10,,,person:라피,확정
person:프리바티,F253,사실,정의,ch09,43,10,,,,확정
person:프리바티,D115,기준,신념,ch14,69,15,,,,확정
person:프리바티,D116,변화,관계,ch14,69,15,,,person:마리안,확정
person:프리바티,F374,사실,정의,ch14,69,15,,,,확정
person:프리바티,F602,사실,정의,char:172,117,17,,,,확정
person:프리바티,F627,사실,정의,char:171,126,17,,,,확정
person:프리바티,D1938,기준,성격,char:170,133,17,,,,확정
person:프리바티,D1939,기준,관계,char:170,133,17,,,person:지휘관,확정
person:프리바티,D1940,변화,관계,char:170,133,17,,,person:지휘관,확정
person:프리바티,D1941,변화,신념,char:170,133,17,,,,확정
person:프리바티,D1942,변화,관계,char:170,133,17,,,person:지휘관,확정
person:프리바티,D1943,관계 상대,관계,char:170,133,17,,,person:율하,확정
person:프리바티,F651,사실,정의,char:170,133,17,,,,확정
person:프리바티,F652,사실,정의,char:170,133,17,,,,확정
person:프리바티,F658,사실,정의,char:222,136,17,,,,확정
person:프리바티,F810,사실,정의,event_maidinvalentine,175,28,,,,확정
person:프리바티,F819,사실,정의,char:800,178,30,,,,확정
person:프리바티,E180,떡밥,재언급,sub:중앙정부_트라이앵글_00,218,43,,,,확정
person:프리바티,F900,사실,정의,sub:중앙정부_트라이앵글_00,218,43,,,,확정
person:프리바티,D1528,관계 상대,관계,event_perfectmaid,267,63,,,person:에이드,확정
person:프리바티,D1529,관계 상대,관계,event_perfectmaid,267,63,,,person:에이드,확정
person:프리바티,D1532,기준,관계,event_perfectmaid,267,63,,,person:에이드,확정
person:프리바티,D1533,변화,관계,event_perfectmaid,267,63,,,person:에이드,확정
person:프리바티,F651-2,사건,드러냄,event_perfectmaid,267,63,,,,확정
person:프리바티,F1274,사실,정의,event_perfectmaid,267,63,,,,확정
person:프리바티,F1275,사실,정의,event_perfectmaid,267,63,,,,확정
person:프리바티,F1277,사실,정의,event_perfectmaid,267,63,,,,확정
person:프리바티,F1278,사실,정의,event_perfectmaid,267,63,,,,확정
person:프리바티,D2091,변화,관계,char:313,268,63,,,person:지휘관,확정
person:프리바티,F1279,사실,정의,char:313,268,63,,,,확정
person:프리바티,F1280,사실,정의,char:313,268,63,,,,확정
person:프리바티,O201,마무리,관계,char:313,268,63,,,,확정
person:프리바티,D1577,기준,관계,event_colorless,319,82,,,person:츠바이,확정
person:프리바티,D1578,변화,관계,event_colorless,319,82,,,person:츠바이,확정
person:프리바티,F1584,사실,정의,event_colorless,319,82,,,,확정
person:프리바티,F1585,사실,정의,event_colorless,319,82,,,,확정
person:프리바티,F1590,사실,정의,event_colorless,319,82,,,,확정
person:프리바티,F1591,사실,정의,event_colorless,319,82,,,,확정
person:프리바티,F1595,사실,정의,char:390,320,82,,,,확정
person:프리바티,E1418,떡밥,재언급,event_romanticvalentine,355,99,,,,확정
person:프리바티,E1420,떡밥,재언급,fl:for_rest,365,104,,,,확정
person:프리바티,D1637,변화,성격,event_foolburstday,369,106,,,,확정
person:프리바티,D739,변화,신념,event_ce006,387,113,,,,확정
person:프리바티,D740,관계 상대,관계,event_ce006,387,113,,,person:일레그,확정
person:프리바티,D741,관계 상대,관계,event_ce006,387,113,,,person:아니스,확정
person:프리바티,D742,관계 상대,관계,event_ce006,387,113,,,person:아니스,확정
person:프리바티,E753,떡밥,암시,event_ce006,387,113,,,,확정
person:프리바티,F1981,사실,정의,event_ce006,387,113,,,,확정
person:프리바티,F1982,사실,정의,event_ce006,387,113,,,,확정
person:프리바티,F1983,사실,정의,event_ce006,387,113,,,,확정
person:프리바티,F1984,사실,정의,event_ce006,387,113,,,,확정
person:프리바티,F1987,사실,정의,event_ce006,387,113,,J8,,확정
person:프리바티,F1988,사실,정의,event_ce006,387,113,,,,확정
person:프리바티,F1993,사실,정의,event_ce006,387,113,,,,확정
person:프리바티,F1998,사실,정의,event_ce006,387,113,,,,확정
person:프리바티,F1999,사실,정의,event_ce006,387,113,,,,확정
person:프리바티,F2000,사실,정의,event_ce006,387,113,,,,확정
person:프리바티,F2002,사실,정의,event_ce006,387,113,,,,확정
person:프리바티,O61,마무리,성장,event_ce006,387,113,,,,확정
person:프리바티,D1703,변화,관계,fl:2x2_love_1ch,444,141,,,person:지휘관,확정
person:프리바티,D1704,변화,관계,fl:2x2_love_1ch,444,141,,,person:지휘관,확정
person:프리바티,D1705,변화,관계,fl:2x2_love_1ch,444,141,,,person:지휘관,확정
person:프리바티,D1706,변화,관계,fl:2x2_love_1ch,444,141,,,person:지휘관,확정
person:프리바티,D1707,변화,관계,fl:2x2_love_1ch,444,141,,,person:지휘관,확정
person:프리바티,D1708,변화,관계,fl:2x2_love_1ch,444,141,,,person:지휘관,확정
person:프리바티,E1482,떡밥,재언급,fl:2x2_love_1ch,444,141,,,,확정
person:프리바티,E1488,떡밥,재언급,fl:2x2_love_1ch,444,141,,,,확정
person:프리바티,E1492,떡밥,암시,fl:2x2_love_1ch,444,141,,,,확정
person:프리바티,E1493,떡밥,암시,fl:2x2_love_1ch,444,141,,,,확정
person:프리바티,E1498,떡밥,재언급,fl:2x2_love_1ch,444,141,,,,확정
person:프리바티,F2509,사실,정의,fl:2x2_love_1ch,444,141,,,,확정
person:프리바티,F2511,사실,정의,fl:2x2_love_1ch,444,141,,,,확정
person:프리바티,F2512,사실,정의,fl:2x2_love_1ch,444,141,,,,확정
person:프리바티,F2515,사실,정의,fl:2x2_love_1ch,444,141,,,,확정
person:프리바티,F2515-2,사건,드러냄,fl:2x2_love_1ch,444,141,,,,확정
person:프리바티,F2518,사실,정의,fl:2x2_love_1ch,444,141,,,,확정
person:프리바티,F2518-2,사건,드러냄,fl:2x2_love_1ch,444,141,,,,확정
person:프리바티,D1718,변화,관계,fl:2x2_love_2ch,445,141,,,person:지휘관,확정
person:프리바티,D1719,변화,관계,fl:2x2_love_2ch,445,141,,,person:지휘관,확정
person:프리바티,D1720,변화,관계,fl:2x2_love_2ch,445,141,,,person:지휘관,확정
person:프리바티,D1721,변화,신념,fl:2x2_love_2ch,445,141,,,,확정
person:프리바티,D1722,변화,관계,fl:2x2_love_2ch,445,141,,,person:지휘관,확정
person:프리바티,D1723,변화,관계,fl:2x2_love_2ch,445,141,,,person:지휘관,확정
person:프리바티,E1507,떡밥,재언급,fl:2x2_love_2ch,445,141,,,,확정
person:프리바티,E1512,떡밥,재언급,fl:2x2_love_2ch,445,141,,,,확정
person:프리바티,E1513,떡밥,재언급,fl:2x2_love_2ch,445,141,,,,확정
person:프리바티,E1516,떡밥,재언급,fl:2x2_love_2ch,445,141,,,,확정
person:프리바티,F2525,사실,정의,fl:2x2_love_2ch,445,141,,,,확정
person:프리바티,F2528,사실,정의,fl:2x2_love_2ch,445,141,,,,확정
person:프리바티,F2528-2,사건,드러냄,fl:2x2_love_2ch,445,141,,,,확정
person:프리바티,F2529,사실,정의,fl:2x2_love_2ch,445,141,,,,확정
person:프리바티,F2531,사실,정의,fl:2x2_love_2ch,445,141,,,,확정
person:프리바티,F2533,사실,정의,fl:2x2_love_2ch,445,141,,,,확정
person:프리시아,D353,기준,신념,event_redash,251,55,,,,확정
person:프리시아,E295,떡밥,암시,event_redash,251,55,,,,확정
person:프리시아,F1165,사실,정의,event_redash,251,55,,,,확정
person:프리시아,F1169,사실,정의,event_redash,251,55,,,,확정
person:프리시아,E480,떡밥,암시,ch33,334,90,,,,확정
person:프리시아,D981,기준,관계,fl:ark_guardian,428,133,,,person:오스왈드,확정
person:프리시아,D982,관계 상대,관계,fl:ark_guardian,428,133,,,person:오스왈드,확정
person:프리시아,D995,관계 상대,관계,fl:ark_guardian,428,133,,,person:오스왈드,확정
person:프리시아,F2361,사실,정의,fl:ark_guardian,428,133,,,,확정
person:프리시아,F2539,사실,정의,side:pretty_star,447,142,,,,확정
person:프리시아,F2540,사실,정의,side:pretty_star,447,142,,,,확정
person:프리시아,F2541,사실,정의,side:pretty_star,447,142,,,,확정
person:프리시아,F2543,사실,정의,side:pretty_star,447,142,,,,확정
person:프리시아,F2544,사실,정의,side:pretty_star,447,142,,,,확정
person:프리시아,F2545,사실,정의,side:pretty_star,447,142,,,,확정
person:프리시아,F2550,사실,정의,side:pretty_star,447,142,,,,확정
person:프리시아,F2553,사실,정의,side:pretty_star,447,142,,,,확정
person:프리시아,F2543-2,사건,드러냄,ch45,450,143,,,,확정
person:프리카,D1400,관계 상대,관계,char:12,115,17,,,person:아니스,확정
person:프리카,D663,기준,신념,ch38,375,109,,,,확정
person:프리카,D664,기준,관계,ch38,375,109,,,person:아니스,확정
person:프리카,D665,관계 상대,관계,ch38,375,109,,,person:아니스,확정
person:프리카,F1874,사실,정의,ch38,375,109,,,,확정
person:프리카,F1875,사실,정의,ch38,375,109,,,,확정
person:프리카,U272,생활상,일상 · 문화,ch38,375,109,,,,확정
person:프리카,D800,관계 상대,관계,ch40,398,119,,,person:아니스,확정
person:프리카,D801,변화,관계,ch40,398,119,,,person:아니스,확정
person:프리카,F2095,사실,정의,ch40,398,119,,,,확정
person:프리카,D859,관계 상대,관계,ch41,414,127,,,person:미세스_미스,확정
person:프리카,D866,기준,관계,ch41,414,127,,,person:아비스타,확정
person:프리카,E905,떡밥,재언급,ch41,414,127,,,,확정
person:프리카,F2198,사실,정의,ch41,414,127,,,,확정
person:프리카,F2201,사실,정의,ch41,414,127,,,,확정
person:프리카,F2460,사실,정의,ch44,436,138,,,,확정
person:프리카,D1178,변화,신체,event_staranis1,454,144,,,,확정
person:프리카,D1180,변화,관계,event_staranis1,454,144,,,person:아니스 person:민트,확정
person:프리카,D1181,관계 상대,관계,event_staranis1,454,144,,,person:한슨,확정
person:프리카,D1200,관계 상대,관계,event_staranis1,454,144,,,person:한슨,확정
person:프리카,D1209,변화,관계,event_staranis1,454,144,,,person:아니스 person:민트,확정
person:프리카,D1212,관계 상대,관계,event_staranis1,454,144,,,person:민트,확정
person:프리카,D1213,변화,신념,event_staranis1,454,144,,,,확정
person:프리카,D1214,관계 상대,관계,event_staranis1,454,144,,,person:아니스,확정
person:프리카,D1223,변화,신념,event_staranis1,454,144,,,,확정
person:프리카,D1235,변화,관계,event_staranis1,454,144,,,person:아니스,확정
person:프리카,E1140,떡밥,암시,event_staranis1,454,144,,,,확정
person:프리카,F2669,사실,정의,event_staranis1,454,144,,,,확정
person:프리카,F2672,사실,정의,event_staranis1,454,144,,,,확정
person:프리카,F2697,사실,정의,event_staranis1,454,144,,,,확정
person:프리카,F2705,사실,정의,event_staranis1,454,144,,J24,,확정
person:프리카,F2708,사실,정의,event_staranis1,454,144,,,,확정
person:프리카,E1525,떡밥,암시,fl:b-side_idol,458,146,,,,확정
person:프리카,E1532,떡밥,암시,fl:b-side_idol,458,146,,,,확정
person:프리카,F2716,사실,정의,fl:b-side_idol,458,146,,,,확정
person:프리카,F2720,사실,정의,char:600,459,146,,,,확정
person:프리카,D1739,기준,관계,fl:bitter_spice,460,147,,,person:지휘관,확정
person:프리카,D1740,변화,관계,fl:bitter_spice,460,147,,,person:지휘관,확정
person:프리카,D1741,변화,신념,fl:bitter_spice,460,147,,,,확정
person:프리카,D1742,변화,관계,fl:bitter_spice,460,147,,,person:민트,확정
person:프리카,D1743,관계 상대,관계,fl:bitter_spice,460,147,,,person:민트,확정
person:프리카,D1744,관계 상대,관계,fl:bitter_spice,460,147,,,person:아니스,확정
person:프리카,D1745,관계 상대,관계,fl:bitter_spice,460,147,,,person:머스탱,확정
person:프리카,E1533,떡밥,암시,fl:bitter_spice,460,147,,,,확정
person:프리카,E1535,떡밥,암시,fl:bitter_spice,460,147,,,,확정
person:프리카,E1536,떡밥,재언급,fl:bitter_spice,460,147,,,,확정
person:프리카,E1538,떡밥,재언급,fl:bitter_spice,460,147,,,,확정
person:프리카,E1539,떡밥,재언급,fl:bitter_spice,460,147,,,,확정
person:프리카,F2721,사실,정의,fl:bitter_spice,460,147,,,,확정
person:프리카,F2722,사실,정의,fl:bitter_spice,460,147,,,,확정
person:프리카,F2723,사실,정의,fl:bitter_spice,460,147,,,,확정
person:프리카,F2724,사실,정의,fl:bitter_spice,460,147,,,,확정
person:프리카,O81,마무리,관계,fl:bitter_spice,460,147,H10,,,확정
person:프리카,O82,마무리,관계,fl:bitter_spice,460,147,H10,,,확정
person:프리카,O83,마무리,성장,fl:bitter_spice,460,147,H10,,,확정
person:프리카,D2218,변화,성격,char:601,461,147,,,,확정
person:프리카,D2219,변화,관계,char:601,461,147,,,person:지휘관,확정
person:프리카,F2725,사실,정의,char:601,461,147,,,,확정
person:프리카,O209,마무리,관계,char:601,461,147,,,,확정
person:프리티,F1748,사실,정의,event_footstepwalkrun1,350,96,,J24,,확정
person:프리티,U249,생활상,방주 사회,event_footstepwalkrun1,350,96,,,,확정
person:프리티,D776,변화,신체,ch39,396,118,,,,확정
person:프리티,E808,떡밥,재언급,ch39,396,118,,,,확정
person:프리티,F2064,사실,정의,ch39,396,118,,,,확정
person:프리티,E824,떡밥,재언급,ch40,398,119,,,,확정
person:프리티,F2091,사실,정의,ch40,398,119,,,,확정
person:프리티,F2199,사실,정의,ch41,414,127,,,,확정
person:프리티,U334,생활상,방주 사회,ch41,414,127,,,,확정
person:프리티,E919,떡밥,재언급,ch42,416,128,,,,확정
person:프리티,F2242,사실,정의,ch42,416,128,,,,확정
person:프리티,F2244,사실,정의,ch42,416,128,,,,확정
person:프리티,F2443,사실,정의,ch44,436,138,,J17 J18,,확정
person:프리티,D1087,관계 상대,관계,side:pretty_star,447,142,,,person:오스왈드,확정
person:프리티,D1088,변화,신념,side:pretty_star,447,142,,,,확정
person:프리티,D1089,변화,관계,side:pretty_star,447,142,,,person:오스왈드,확정
person:프리티,D1090,변화,신체,side:pretty_star,447,142,,,,확정
person:프리티,D1095,관계 상대,관계,side:pretty_star,447,142,,,person:한슨,확정
person:프리티,D1096,변화,소속,side:pretty_star,447,142,,,,확정
person:프리티,D1098,관계 상대,관계,side:pretty_star,447,142,,,person:머스탱,확정
person:프리티,D1100,관계 상대,관계,side:pretty_star,447,142,,,person:한슨,확정
person:프리티,D1101,기준,관계,side:pretty_star,447,142,,,person:한슨,확정
person:프리티,D1102,변화,성격,side:pretty_star,447,142,,,,확정
person:프리티,D1103,관계 상대,관계,side:pretty_star,447,142,,,person:미세스_미스,확정
person:프리티,D1104,변화,관계,side:pretty_star,447,142,,,person:오스왈드,확정
person:프리티,D1105,변화,관계,side:pretty_star,447,142,,,person:오스왈드,확정
person:프리티,D1107,변화,신념,side:pretty_star,447,142,,,,확정
person:프리티,D1108,변화,관계,side:pretty_star,447,142,,,person:한슨,확정
person:프리티,D1109,관계 상대,관계,side:pretty_star,447,142,,,person:아니스,확정
person:프리티,D1110,변화,관계,side:pretty_star,447,142,,,person:오스왈드,확정
person:프리티,D1112,변화,신념,side:pretty_star,447,142,,,,확정
person:프리티,D1113,변화,신체,side:pretty_star,447,142,,,,확정
person:프리티,E1051,떡밥,암시,side:pretty_star,447,142,,,,확정
person:프리티,E1056,떡밥,재언급,side:pretty_star,447,142,,,,확정
person:프리티,E1059,떡밥,암시,side:pretty_star,447,142,,,,확정
person:프리티,E1064,떡밥,재언급,side:pretty_star,447,142,,,,확정
person:프리티,F1748-2,사건,드러냄,side:pretty_star,447,142,,,,확정
person:프리티,F2091-2,사건,드러냄,side:pretty_star,447,142,,,,확정
person:프리티,F2545,사실,정의,side:pretty_star,447,142,,,,확정
person:프리티,F2546,사실,정의,side:pretty_star,447,142,,J24,,확정
person:프리티,F2547,사실,정의,side:pretty_star,447,142,,,,확정
person:프리티,F2548,사실,정의,side:pretty_star,447,142,,J24,,확정
person:프리티,F2549,사실,정의,side:pretty_star,447,142,,,,확정
person:프리티,F2551,사실,정의,side:pretty_star,447,142,,,,확정
person:프리티,F2552,사실,정의,side:pretty_star,447,142,,,,확정
person:프리티,F2554,사실,정의,side:pretty_star,447,142,,,,확정
person:프리티,F2555,사실,정의,side:pretty_star,447,142,,,,확정
person:프리티,F2556,사실,정의,side:pretty_star,447,142,,J24,,확정
person:프리티,F2557,사실,정의,side:pretty_star,447,142,,,,확정
person:프리티,Q331,의문,정의,side:pretty_star,447,142,풀림,J24,,확정
person:프리티,Q332,의문,정의,side:pretty_star,447,142,열림,J24,,확정
person:프리티,U388,생활상,일상 · 문화,side:pretty_star,447,142,,,,확정
person:프리티,U390,생활상,일상 · 문화,side:pretty_star,447,142,,,,확정
person:프리티,E1071,떡밥,재언급,fl:good_world,448,142,,,,확정
person:프리티,F2563,사실,정의,fl:good_world,448,142,,,,확정
person:프리티,F2443-2,사건,드러냄,ch45,450,143,,,,확정
person:프리티,F2599,사실,정의,ch45,450,143,,,,확정
person:프리티,E1120,떡밥,재언급,event_staranis1,454,144,,,,확정
person:프리티,E1130,떡밥,재언급,event_staranis1,454,144,,,,확정
person:프리티,E1136,떡밥,재언급,event_staranis1,454,144,,,,확정
person:프리티,E1142,떡밥,재언급,event_staranis1,454,144,,,,확정
person:프리티,E1165,떡밥,재언급,event_staranis1,454,144,,,,확정
person:프리티,F2064-2,사건,드러냄,event_staranis1,454,144,,,,확정
person:프리티,F2669,사실,정의,event_staranis1,454,144,,,,확정
person:프리티,F2670,사실,정의,event_staranis1,454,144,,,,확정
person:프리티,F2672,사실,정의,event_staranis1,454,144,,,,확정
person:프리티,F2675,사실,정의,event_staranis1,454,144,,J24,,확정
person:프리티,F2676,사실,정의,event_staranis1,454,144,,,,확정
person:프리티,F2706,사실,정의,event_staranis1,454,144,,,,확정
person:프리티,Q331-2,사건,회수,event_staranis1,454,144,,,,확정
person:프린세스,E986,떡밥,암시,fl:ark_guardian,428,133,,,,확정
person:프린세스,D1010,기준,성격,ch43,434,137,,,,확정
person:프린세스,D1011,변화,성격,ch43,434,137,,,,확정
person:프린세스,D1012,기준,신념,ch43,434,137,,,,확정
person:프린세스,D1013,변화,신념,ch43,434,137,,,,확정
person:프린세스,D1014,기준,관계,ch43,434,137,,,person:스톨_3세,확정
person:프린세스,D1015,변화,관계,ch43,434,137,,,person:스톨_3세,확정
person:프린세스,D1016,변화,관계,ch43,434,137,,,person:스톨_3세,확정
person:프린세스,D1017,변화,신체,ch43,434,137,,,,확정
person:프린세스,D1018,관계 상대,관계,ch43,434,137,,,person:빅_마담,확정
person:프린세스,D1019,관계 상대,관계,ch43,434,137,,,person:빅_마담,확정
person:프린세스,D1020,관계 상대,관계,ch43,434,137,,,person:프리_랫,확정
person:프린세스,D1021,관계 상대,관계,ch43,434,137,,,person:프리_랫,확정
person:프린세스,D1022,관계 상대,관계,ch43,434,137,,,person:프리_랫,확정
person:프린세스,D1025,관계 상대,관계,ch43,434,137,,,person:스톨_3세,확정
person:프린세스,D1026,관계 상대,관계,ch43,434,137,,,person:스톨_3세,확정
person:프린세스,D1027,관계 상대,관계,ch43,434,137,,,person:스톨_3세,확정
person:프린세스,E1002,떡밥,암시,ch43,434,137,,,,확정
person:프린세스,E1003,떡밥,암시,ch43,434,137,,,,확정
person:프린세스,E1004,떡밥,암시,ch43,434,137,,,,확정
person:프린세스,E1009,떡밥,암시,ch43,434,137,,,,확정
person:프린세스,E1010,떡밥,암시,ch43,434,137,,,,확정
person:프린세스,E1014,떡밥,암시,ch43,434,137,,,,확정
person:프린세스,E1015,떡밥,암시,ch43,434,137,,,,확정
person:프린세스,E1017,떡밥,암시,ch43,434,137,,,,확정
person:프린세스,F2395,사실,정의,ch43,434,137,,,,확정
person:프린세스,F2396,사실,정의,ch43,434,137,,,,확정
person:프린세스,F2398,사실,정의,ch43,434,137,,,,확정
person:프린세스,F2400,사실,정의,ch43,434,137,,J5,,확정
person:프린세스,F2401,사실,정의,ch43,434,137,,,,확정
person:프린세스,F2402,사실,정의,ch43,434,137,,,,확정
person:프린세스,F2403,사실,정의,ch43,434,137,,,,확정
person:프린세스,F2404,사실,정의,ch43,434,137,,,,확정
person:프린세스,F2405,사실,정의,ch43,434,137,,,,확정
person:프린세스,F2406,사실,정의,ch43,434,137,,,,확정
person:프린세스,F2407,사실,정의,ch43,434,137,,,,확정
person:프린세스,F2415,사실,정의,ch43,434,137,,J18,,확정
person:프린세스,Q319,의문,정의,ch43,434,137,열림,J18,,확정
person:프린세스,D1731,관계 상대,관계,char:18,457,145,,,person:네온,확정
person:프린세스,E1523,떡밥,재언급,char:18,457,145,,,,확정
person:프린세스,E1524,떡밥,재언급,char:18,457,145,,,,확정
person:프린세스,F2714,사실,정의,char:18,457,145,,,,확정
person:프린세스,F2715,사실,정의,char:18,457,145,,,,확정
person:프림,F441,사실,정의,char:11,86,17,,,,확정
person:프림,D1944,기준,성격,char:142,134,17,,,,확정
person:프림,D1945,기준,관계,char:142,134,17,,,person:지휘관,확정
person:프림,D1946,변화,관계,char:142,134,17,,,person:지휘관,확정
person:프림,F654,사실,정의,char:142,134,17,,,,확정
person:프림,F969,사실,정의,event_bluewaterisland,209,40,,,,확정
person:프림,F1040,사실,정의,sub:해결사_카페_스위티_00,220,44,,,,확정
person:프림,F1042,사실,정의,event_goldenship,224,44,,,,확정
person:프림,F1045,사실,정의,event_goldenship,224,44,,,,확정
person:프림,F1094,사실,정의,char:33,240,53,,,,확정
person:프림,F1486,사실,정의,event_goldencoinrush1,300,75,,,,확정
person:프림,F1505,사실,정의,char:551,304,77,,,,확정
person:프림,D755,기준,신념,fl:boom_the_ghost,393,116,,,,확정
person:프림,F2887,사실,정의,fl:boom_the_ghost,393,116,,,,확정
person:프림,F2041,사실,정의,char:502,395,117,,,,확정
person:프림,E869,떡밥,재언급,fl:coins_in_rush,404,122,,,,확정
person:프림,D1696,기준,관계,fl:lie_cause_recoil,438,138,,,person:치사토 person:타키나 person:쿠루미,확정
person:프림,D1697,변화,관계,fl:lie_cause_recoil,438,138,,,person:치사토 person:타키나 person:쿠루미,확정
person:프림,D1698,변화,신념,fl:lie_cause_recoil,438,138,,,,확정
person:프림,E1481,떡밥,재언급,fl:lie_cause_recoil,438,138,,,,확정
person:프림,F2471,사실,정의,fl:lie_cause_recoil,438,138,,,,확정
person:프림,F2474,사실,정의,fl:lie_cause_recoil,438,138,,,,확정
person:플로라,F1300,사실,정의,ch27,270,65,,,,확정
person:플로라,D1600,기준,성격,event_secretgarden,345,93,,,,확정
person:플로라,D1601,기준,신념,event_secretgarden,345,93,,,,확정
person:플로라,D1602,변화,신념,event_secretgarden,345,93,,,,확정
person:플로라,D1603,기준,관계,event_secretgarden,345,93,,,person:지휘관,확정
person:플로라,D1604,변화,관계,event_secretgarden,345,93,,,person:지휘관,확정
person:플로라,D1606,관계 상대,관계,event_secretgarden,345,93,,,person:리안,확정
person:플로라,D1607,관계 상대,관계,event_secretgarden,345,93,,,person:리안,확정
person:플로라,F1722,사실,정의,event_secretgarden,345,93,,,,확정
person:플로라,F1723,사실,정의,event_secretgarden,345,93,,,,확정
person:플로라,F1724,사실,정의,event_secretgarden,345,93,,,,확정
person:플로라,D2137,변화,관계,char:411,346,93,,,person:지휘관,확정
person:플로라,F1725,사실,정의,char:411,346,93,,,,확정
person:플로라,F1726,사실,정의,char:411,346,93,,,,확정
person:플로라,F1824,사실,정의,char:834,364,103,,,,확정
person:플로라,D1636,기준,관계,fl:for_rest,365,104,,,person:트리나,확정
person:플로라,E1424,떡밥,재언급,fl:for_rest,365,104,,,,확정
person:플로라,E1427,떡밥,암시,fl:for_rest,365,104,,,,확정
person:플로라,F1829,사실,정의,fl:for_rest,365,104,,,,확정
person:플로라,F1832,사실,정의,fl:for_rest,365,104,,,,확정
person:피나,D239,관계 상대,관계,event_overzone,200,36,,,person:도로시,확정
person:피나,D240,관계 상대,관계,event_overzone,200,36,,,person:도로시,확정
person:피나,D244,기준,성격,event_overzone,200,36,,,,확정
person:피나,D245,기준,관계,event_overzone,200,36,,,person:도로시,확정
person:피나,D246,변화,신체,event_overzone,200,36,,,,확정
person:피나,E195,떡밥,암시,event_overzone,200,36,,,,확정
person:피나,E196,떡밥,암시,event_overzone,200,36,,,,확정
person:피나,E197,떡밥,암시,event_overzone,200,36,,,,확정
person:피나,F912,사실,정의,event_overzone,200,36,,,,확정
person:피나,F924,사실,정의,event_overzone,200,36,,,,확정
person:피나,F925,사실,정의,event_overzone,200,36,,,,확정
person:피나,E1311,떡밥,재언급,char:233,202,36,,,,확정
person:피나,F942,사실,정의,char:233,202,36,,,,확정
person:피나,D760,관계 상대,관계,fl:boom_the_ghost,393,116,,,person:도로시,확정
person:피나,E790,떡밥,재언급,fl:boom_the_ghost,393,116,,,,확정
person:피나,E794,떡밥,암시,fl:boom_the_ghost,393,116,,,,확정
person:피나,F2031,사실,정의,fl:boom_the_ghost,393,116,,,,확정
person:피나,F2033,사실,정의,fl:boom_the_ghost,393,116,,,,확정
person:피나,F2038,사실,정의,fl:boom_the_ghost,393,116,,,,확정
person:피나,F2886,사실,정의,fl:boom_the_ghost,393,116,,,,확정
person:피나,O29,마무리,관계,fl:boom_the_ghost,393,116,,,,확정
person:피나,E1618,떡밥,암시,char:234,394,116,,,,확정
person:피나,E1113,떡밥,재언급,ch46,452,144,,,,확정
person:피나,E1114,떡밥,재언급,ch46,452,144,,,,확정
person:피나,F2642,사실,정의,ch46,452,144,,,,확정
person:피나,F2649,사실,정의,ch46,452,144,,J6,,확정
person:피노키오,D782,기준,성격,ch40,398,119,,,,확정
person:피노키오,D783,기준,관계,ch40,398,119,,,person:랩칠리언,확정
person:피노키오,E816,떡밥,암시,ch40,398,119,,,,확정
person:피노키오,F2076,사실,정의,ch40,398,119,,J26,,확정
person:피노키오,F2077,사실,정의,ch40,398,119,,,,확정
person:피노키오,Q271,의문,정의,ch40,398,119,열림,J26,,확정
person:피노키오,D802,기준,관계,relic:어떤소녀의그림일기,399,119,,,person:나유타,확정
person:피노키오,E829,떡밥,재언급,relic:어떤소녀의그림일기,399,119,,,,확정
person:피노키오,F2096,사실,정의,relic:어떤소녀의그림일기,399,119,,,,확정
person:피노키오,E894,떡밥,암시,ch41,414,127,,,,확정
person:피노키오,F2246,사실,정의,ch42,416,128,,,,확정
person:피라,F1302,사실,정의,sub:피라_00,250,55,,,,확정
person:하란,E1250,떡밥,암시,char:232,88,17,,,,확정
person:하란,D1406,기준,성격,char:230,135,17,,,,확정
person:하란,D1407,기준,신념,char:230,135,17,,,,확정
person:하란,D1408,기준,관계,char:230,135,17,,,person:지휘관,확정
person:하란,D1409,변화,관계,char:230,135,17,,,person:지휘관,확정
person:하란,D1410,변화,관계,char:230,135,17,,,person:지휘관,확정
person:하란,E1281,떡밥,암시,char:230,135,17,,,,확정
person:하란,E1282,떡밥,암시,char:230,135,17,,,,확정
person:하란,E1283,떡밥,암시,char:230,135,17,,,,확정
person:하란,F656,사실,정의,char:230,135,17,,,,확정
person:하란,F657,사실,정의,char:230,135,17,,,,확정
person:하란,Q89,의문,정의,char:230,135,17,일부,J29,,확정
person:하란,F745,사실,정의,ch19,159,25,,J8,,확정
person:하란,F747,사실,정의,ch19,159,25,,,,확정
person:하란,F748,사실,정의,ch19,159,25,,,,확정
person:하란,F749,사실,정의,ch19,159,25,,,,확정
person:하란,F751,사실,정의,ch19,159,25,,,,확정
person:하란,D190,기준,관계,ch20,164,26,,,person:도로시,확정
person:하란,E146,떡밥,재언급,ch20,164,26,,,,확정
person:하란,F764,사실,정의,ch20,164,26,,,,확정
person:하란,D216,변화,관계,ch21,189,35,,,person:지휘관,확정
person:하란,F867,사실,정의,ch21,189,35,,,,확정
person:하란,D222,변화,관계,sub:에덴_Notice_02,192,35,,,person:지휘관,확정
person:하란,D845,변화,관계,side:eden_spear,411,126,,,person:도로시,확정
person:하란,E886,떡밥,암시,side:eden_spear,411,126,,,,확정
person:하란,F2153,사실,정의,side:eden_spear,411,126,,,,확정
person:하란,F2166,사실,정의,side:eden_spear,411,126,,,,확정
person:하란,F2167,사실,정의,side:eden_spear,411,126,,J8,,확정
person:하란,D917,기준,관계,event_goddessfall1,418,128,,,person:스노우_화이트,확정
person:하란,D918,변화,관계,event_goddessfall1,418,128,,,person:스노우_화이트,확정
person:하란,D919,변화,신념,event_goddessfall1,418,128,,,,확정
person:하란,D933,변화,관계,event_goddessfall1,418,128,,,person:지휘관,확정
person:하란,D934,변화,신체,event_goddessfall1,418,128,,,,확정
person:하란,E935,떡밥,암시,event_goddessfall1,418,128,,,,확정
person:하란,E953,떡밥,암시,event_goddessfall1,418,128,,,,확정
person:하란,F2153-2,사건,드러냄,event_goddessfall1,418,128,,,,확정
person:하란,F2261,사실,정의,event_goddessfall1,418,128,,,,확정
person:하란,F2262,사실,정의,event_goddessfall1,418,128,,,,확정
person:하란,F2265,사실,정의,event_goddessfall1,418,128,,,,확정
person:하란,F2297,사실,정의,event_goddessfall1,418,128,,,,확정
person:하란,F2299,사실,정의,event_goddessfall1,418,128,,,,확정
person:하란,F2302,사실,정의,event_goddessfall1,418,128,,,,확정
person:하란,F2315,사실,정의,event_goddessfall1,418,128,,,,확정
person:하란,O47,마무리,관계,event_goddessfall1,418,128,H5,,,확정
person:하란,O52,마무리,성장,event_goddessfall1,418,128,H5,,,확정
person:하란,D958,변화,신념,erelic:goddess_fall_mini,419,128,,,,확정
person:하란,D959,기준,관계,erelic:goddess_fall_mini,419,128,,,person:이사벨,확정
person:하란,D960,관계 상대,관계,erelic:goddess_fall_mini,419,128,,,person:이사벨,확정
person:하란,D962,관계 상대,관계,erelic:goddess_fall_mini,419,128,,,person:도로시,확정
person:하란,D963,관계 상대,관계,erelic:goddess_fall_mini,419,128,,,person:도로시,확정
person:하란,D965,기준,관계,erelic:goddess_fall_mini,419,128,,,person:노아,확정
person:하란,D969,관계 상대,관계,erelic:goddess_fall_mini,419,128,,,person:요한,확정
person:하란,D970,기준,관계,erelic:goddess_fall_mini,419,128,,,person:요한,확정
person:하란,D972,관계 상대,관계,erelic:goddess_fall_mini,419,128,,,person:세실,확정
person:하란,E959,떡밥,재언급,erelic:goddess_fall_mini,419,128,,,,확정
person:하란,E960,떡밥,재언급,erelic:goddess_fall_mini,419,128,,,,확정
person:하란,E962,떡밥,재언급,erelic:goddess_fall_mini,419,128,,,,확정
person:하란,E965,떡밥,재언급,erelic:goddess_fall_mini,419,128,,,,확정
person:하란,E968,떡밥,재언급,erelic:goddess_fall_mini,419,128,,,,확정
person:하란,F2325,사실,정의,erelic:goddess_fall_mini,419,128,,J29,,확정
person:하란,F2326,사실,정의,erelic:goddess_fall_mini,419,128,,,,확정
person:하란,F2328,사실,정의,erelic:goddess_fall_mini,419,128,,,,확정
person:하란,F2329,사실,정의,erelic:goddess_fall_mini,419,128,,,,확정
person:하란,F2330,사실,정의,erelic:goddess_fall_mini,419,128,,J29,,확정
person:하란,F2336,사실,정의,erelic:goddess_fall_mini,419,128,,,,확정
person:하란,F2338,사실,정의,erelic:goddess_fall_mini,419,128,,,,확정
person:하란,F2339,사실,정의,erelic:goddess_fall_mini,419,128,,,,확정
person:하란,Q89-2,사건,회수,erelic:goddess_fall_mini,419,128,,,,확정
person:하란,E970,떡밥,재언급,fl:ark_guardian,428,133,,,,확정
person:하란,E1177,떡밥,재언급,fl:ark_ranger,462,148,,,,확정
person:하란,F2734,사실,정의,fl:ark_ranger,462,148,,,,확정
person:하란,Q355,의문,정의,fl:ark_ranger,462,148,열림,J13,,확정
person:한슨,D1091,관계 상대,관계,side:pretty_star,447,142,,,person:머스탱,확정
person:한슨,D1092,기준,관계,side:pretty_star,447,142,,,person:머스탱,확정
person:한슨,D1094,기준,신념,side:pretty_star,447,142,,,,확정
person:한슨,D1095,기준,관계,side:pretty_star,447,142,,,person:프리티,확정
person:한슨,D1100,변화,관계,side:pretty_star,447,142,,,person:프리티,확정
person:한슨,D1101,관계 상대,관계,side:pretty_star,447,142,,,person:프리티,확정
person:한슨,D1106,변화,관계,side:pretty_star,447,142,,,person:머스탱,확정
person:한슨,D1108,관계 상대,관계,side:pretty_star,447,142,,,person:프리티,확정
person:한슨,D1115,변화,성격,side:pretty_star,447,142,,,,확정
person:한슨,E1049,떡밥,암시,side:pretty_star,447,142,,,,확정
person:한슨,E1054,떡밥,암시,side:pretty_star,447,142,,,,확정
person:한슨,E1058,떡밥,암시,side:pretty_star,447,142,,,,확정
person:한슨,F2542,사실,정의,side:pretty_star,447,142,,,,확정
person:한슨,F2544,사실,정의,side:pretty_star,447,142,,,,확정
person:한슨,F2556,사실,정의,side:pretty_star,447,142,,J24,,확정
person:한슨,D1181,기준,관계,event_staranis1,454,144,,,person:아니스 person:민트 person:프리카,확정
person:한슨,D1182,관계 상대,관계,event_staranis1,454,144,,,person:아니스,확정
person:한슨,D1183,변화,소속,event_staranis1,454,144,,,,확정
person:한슨,D1184,관계 상대,관계,event_staranis1,454,144,,,person:머스탱,확정
person:한슨,D1196,변화,관계,event_staranis1,454,144,,,person:머스탱,확정
person:한슨,D1197,관계 상대,관계,event_staranis1,454,144,,,person:머스탱,확정
person:한슨,D1200,변화,관계,event_staranis1,454,144,,,person:아니스 person:민트 person:프리카,확정
person:한슨,D1201,변화,성격,event_staranis1,454,144,,,,확정
person:한슨,D1205,관계 상대,관계,event_staranis1,454,144,,,person:아니스,확정
person:한슨,D1208,변화,소속,event_staranis1,454,144,,,,확정
person:한슨,D1216,변화,신념,event_staranis1,454,144,,,,확정
person:한슨,D1220,관계 상대,관계,event_staranis1,454,144,,,person:아니스,확정
person:한슨,D1227,관계 상대,관계,event_staranis1,454,144,,,person:머스탱,확정
person:한슨,D1228,변화,신념,event_staranis1,454,144,,,,확정
person:한슨,D1229,변화,소속,event_staranis1,454,144,,,,확정
person:한슨,D1231,변화,관계,event_staranis1,454,144,,,person:아니스,확정
person:한슨,D1233,관계 상대,관계,event_staranis1,454,144,,,person:아니스,확정
person:한슨,D1236,변화,관계,event_staranis1,454,144,,,person:아니스,확정
person:한슨,E1121,떡밥,암시,event_staranis1,454,144,,,,확정
person:한슨,E1122,떡밥,암시,event_staranis1,454,144,,,,확정
person:한슨,E1133,떡밥,재언급,event_staranis1,454,144,,,,확정
person:한슨,E1134,떡밥,암시,event_staranis1,454,144,,,,확정
person:한슨,E1141,떡밥,암시,event_staranis1,454,144,,,,확정
person:한슨,E1142,떡밥,재언급,event_staranis1,454,144,,,,확정
person:한슨,E1143,떡밥,암시,event_staranis1,454,144,,,,확정
person:한슨,E1144,떡밥,암시,event_staranis1,454,144,,,,확정
person:한슨,E1145,떡밥,암시,event_staranis1,454,144,,,,확정
person:한슨,E1149,떡밥,암시,event_staranis1,454,144,,,,확정
person:한슨,E1153,떡밥,암시,event_staranis1,454,144,,,,확정
person:한슨,E1154,떡밥,암시,event_staranis1,454,144,,,,확정
person:한슨,E1157,떡밥,암시,event_staranis1,454,144,,,,확정
person:한슨,E1164,떡밥,재언급,event_staranis1,454,144,,,,확정
person:한슨,F2669,사실,정의,event_staranis1,454,144,,,,확정
person:한슨,F2672,사실,정의,event_staranis1,454,144,,,,확정
person:한슨,F2673,사실,정의,event_staranis1,454,144,,,,확정
person:한슨,F2674,사실,정의,event_staranis1,454,144,,,,확정
person:한슨,F2675,사실,정의,event_staranis1,454,144,,J24,,확정
person:한슨,F2678,사실,정의,event_staranis1,454,144,,,,확정
person:한슨,F2680,사실,정의,event_staranis1,454,144,,,,확정
person:한슨,F2684,사실,정의,event_staranis1,454,144,,,,확정
person:한슨,F2685,사실,정의,event_staranis1,454,144,,,,확정
person:한슨,F2687,사실,정의,event_staranis1,454,144,,,,확정
person:한슨,F2688,사실,정의,event_staranis1,454,144,,,,확정
person:한슨,F2691,사실,정의,event_staranis1,454,144,,,,확정
person:한슨,F2693,사실,정의,event_staranis1,454,144,,,,확정
person:한슨,F2694,사실,정의,event_staranis1,454,144,,J24,,확정
person:한슨,F2700,사실,정의,event_staranis1,454,144,,,,확정
person:한슨,F2701,사실,정의,event_staranis1,454,144,,J24,,확정
person:한슨,F2703,사실,정의,event_staranis1,454,144,,,,확정
person:한슨,F2704,사실,정의,event_staranis1,454,144,,,,확정
person:한슨,F2705,사실,정의,event_staranis1,454,144,,J24,,확정
person:한슨,F2706,사실,정의,event_staranis1,454,144,,,,확정
person:한슨,F2707,사실,정의,event_staranis1,454,144,,,,확정
person:한슨,O75,마무리,성장,event_staranis1,454,144,H9,,,확정
person:한슨,Q348,의문,정의,event_staranis1,454,144,풀림,J24,,확정
person:한슨,Q348-2,사건,회수,event_staranis1,454,144,,,,확정
person:한슨,Q349,의문,정의,event_staranis1,454,144,풀림,J24,,확정
person:한슨,Q349-2,사건,회수,event_staranis1,454,144,,,,확정
person:할아범,D54,기준,관계,sub:할아범_00,42,9,,,person:지휘관,확정
person:할아범,F176,사실,정의,sub:할아범_00,42,9,,,,확정
person:할아범,U25,생활상,구시대,sub:할아범_00,42,9,,,,확정
person:할아범,E178,떡밥,재언급,sub:할아범_01,198,36,,,,확정
person:할아범,F904,사실,정의,sub:할아범_01,198,36,,,,확정
person:할아범,F905,사실,정의,sub:할아범_01,198,36,,,,확정
person:해머링,D378,기준,성격,ch27,270,65,,,,확정
person:해머링,D379,기준,관계,ch27,270,65,,,person:센티,확정
person:해머링,E329,떡밥,암시,ch27,270,65,,,,확정
person:해머링,F1291,사실,정의,ch27,270,65,,,,확정
person:해머링,F1292,사실,정의,ch27,270,65,,,,확정
person:해머링,F1296,사실,정의,ch27,270,65,,,,확정
person:해머링,F1297,사실,정의,ch27,270,65,,J11,,확정
person:해머링,F1299,사실,정의,ch27,270,65,,,,확정
person:해머링,U194,생활상,경제,ch27,270,65,,,,확정
person:해머링,D387,기준,신념,ch28,275,66,,,,확정
person:해머링,F1313,사실,정의,ch28,275,66,,,,확정
person:해머링,F1318,사실,정의,ch28,275,66,,,,확정
person:해머링,F1322,사실,정의,ch28,275,66,,,,확정
person:해머링,D422,관계 상대,관계,ch29,291,72,,,person:드릴리,확정
person:해머링,D427,기준,관계,ch29,291,72,,,person:지휘관,확정
person:해머링,F1383,사실,정의,ch29,291,72,,,,확정
person:해머링,F1385,사실,정의,ch29,291,72,,,,확정
person:해머링,F1388,사실,정의,ch29,291,72,,,,확정
person:해머링,F1390,사실,정의,ch29,291,72,,,,확정
person:해머링,D435,변화,신념,ch30,293,73,,,,확정
person:해머링,D436,변화,신체,ch30,293,73,,,,확정
person:해머링,F1412,사실,정의,ch30,293,73,,,,확정
person:해머링,F1414,사실,정의,ch30,293,73,,,,확정
person:해머링,F1415,사실,정의,ch30,293,73,,,,확정
person:해머링,E454,떡밥,재언급,ch32,310,81,,,,확정
person:해머링,F1659,사실,정의,ch34,336,91,,,,확정
person:해머링,U235,생활상,기술,ch34,336,91,,,,확정
person:해머링,D864,관계 상대,관계,ch41,414,127,,,person:리버린,확정
person:해머링,E903,떡밥,재언급,ch41,414,127,,,,확정
person:해머링,F2207,사실,정의,ch41,414,127,,J17,,확정
person:해머링,E923,떡밥,재언급,ch42,416,128,,,,확정
person:해머링,D1067,관계 상대,관계,ch44,436,138,,,person:리버린,확정
person:해머링,F2457,사실,정의,ch44,436,138,,,,확정
person:핸섬_커맨더,F1327,사실,정의,sub:핸섬_커맨더_00,276,66,,,,확정
person:헤르민,D729,기준,신념,event_ce006,387,113,,,,확정
person:헤르민,D730,기준,관계,event_ce006,387,113,,,,확정
person:헤르민,D731,변화,신념,event_ce006,387,113,,,,확정
person:헤르민,D732,변화,신념,event_ce006,387,113,,,,확정
person:헤르민,D733,변화,관계,event_ce006,387,113,,,,확정
person:헤르민,D734,변화,신체,event_ce006,387,113,,,,확정
person:헤르민,E752,떡밥,암시,event_ce006,387,113,,,,확정
person:헤르민,E758,떡밥,암시,event_ce006,387,113,,,,확정
person:헤르민,E759,떡밥,암시,event_ce006,387,113,,,,확정
person:헤르민,E761,떡밥,암시,event_ce006,387,113,,,,확정
person:헤르민,E764,떡밥,암시,event_ce006,387,113,,,,확정
person:헤르민,E766,떡밥,암시,event_ce006,387,113,,,,확정
person:헤르민,E768,떡밥,재언급,event_ce006,387,113,,,,확정
person:헤르민,F1985,사실,정의,event_ce006,387,113,,,,확정
person:헤르민,F1986,사실,정의,event_ce006,387,113,,,,확정
person:헤르민,F1987,사실,정의,event_ce006,387,113,,J8,,확정
person:헤르민,F1988,사실,정의,event_ce006,387,113,,,,확정
person:헤르민,F1989,사실,정의,event_ce006,387,113,,,,확정
person:헤르민,F1990,사실,정의,event_ce006,387,113,,,,확정
person:헤르민,F1991,사실,정의,event_ce006,387,113,,,,확정
person:헤르민,F1992,사실,정의,event_ce006,387,113,,,,확정
person:헤르민,F1993,사실,정의,event_ce006,387,113,,,,확정
person:헤르민,F1995,사실,정의,event_ce006,387,113,,J57,,확정
person:헤르민,F1998,사실,정의,event_ce006,387,113,,,,확정
person:헤르민,F1999,사실,정의,event_ce006,387,113,,,,확정
person:헤르민,F2000,사실,정의,event_ce006,387,113,,,,확정
person:헤르민,F2885,사실,정의,event_ce006,387,113,,,,확정
person:헤르민,U290,생활상,구시대,event_ce006,387,113,,,,확정
person:헨젤,F1572,사실,정의,sub:거울_공주_01,315,81,,,,확정
person:헨젤,Q207,의문,정의,sub:거울_공주_01,315,81,일부,J12,,확정
person:헨젤,Q207-2,사건,회수,ch34,336,91,,,,확정
person:헨젤,D568,기준,성격,event_oldtales1,338,91,,,,확정
person:헨젤,D569,기준,관계,event_oldtales1,338,91,,,person:신데렐라,확정
person:헨젤,D570,변화,관계,event_oldtales1,338,91,,,person:신데렐라,확정
person:헨젤,D571,변화,관계,event_oldtales1,338,91,,,person:신데렐라,확정
person:헨젤,D574,관계 상대,관계,event_oldtales1,338,91,,,person:신데렐라,확정
person:헨젤,D575,관계 상대,관계,event_oldtales1,338,91,,,person:신데렐라,확정
person:헨젤,D576,관계 상대,관계,event_oldtales1,338,91,,,person:신데렐라,확정
person:헨젤,E530,떡밥,암시,event_oldtales1,338,91,,,,확정
person:헨젤,E537,떡밥,암시,event_oldtales1,338,91,,,,확정
person:헨젤,F1665,사실,정의,event_oldtales1,338,91,,,,확정
person:헨젤,F1666,사실,정의,event_oldtales1,338,91,,,,확정
person:헨젤,F1668,사실,정의,event_oldtales1,338,91,,,,확정
person:헨젤,F1671,사실,정의,event_oldtales1,338,91,,,,확정
person:헨젤,F1683,사실,정의,event_oldtales1,338,91,,,,확정
person:헨젤,F1685,사실,정의,event_oldtales1,338,91,,,,확정
person:헨젤,F1687,사실,정의,event_oldtales1,338,91,,,,확정
person:헨젤,F1689,사실,정의,event_oldtales1,338,91,,,,확정
person:헨젤,F1690,사실,정의,event_oldtales1,338,91,,,,확정
person:헨젤,F1692,사실,정의,event_oldtales1,338,91,,,,확정
person:헨젤,E1616,떡밥,암시,char:511,343,91,,,,확정
person:헨젤,F1716,사실,정의,char:511,343,91,,,,확정
person:헨젤,Q207-3,사건,회수,ch35,358,101,,,,확정
person:헨젤,F1814,사실,정의,ch36,360,102,,,,확정
person:헨젤,Q207-4,사건,회수,ch36,360,102,,,,확정
person:헨젤,F1814-2,사건,드러냄,event_unbreakablesphere1,377,109,,,,확정
person:헨젤,F1896,사실,정의,event_unbreakablesphere1,377,109,,,,확정
person:헨젤,F1903,사실,정의,event_unbreakablesphere1,377,109,,J12,,확정
person:헨젤,Q207-5,사건,회수,event_unbreakablesphere1,377,109,,,,확정
person:헨젤,F1904,사실,정의,erelic:unbreakable_sphere_dialog,378,109,,,,확정
person:헨젤,F1905,사실,정의,erelic:unbreakable_sphere_dialog,378,109,,,,확정
person:헨젤,D1638,관계 상대,관계,char:513,380,109,,,person:세이렌,확정
person:헨젤,D1639,변화,관계,char:513,380,109,,,person:세이렌,확정
person:헨젤,F1911,사실,정의,char:513,380,109,,,,확정
person:헨젤,F1914,사실,정의,char:513,380,109,,,,확정
person:헨젤,E927,떡밥,재언급,ch42,416,128,,,,확정
person:헨젤,F2216,사실,정의,ch42,416,128,,,,확정
person:헨젤,F2250,사실,정의,ch42,416,128,,J12,,확정
person:헨젤,D1755,관계 상대,관계,fl:wave_to_you,464,149,,,person:신데렐라,확정
person:헨젤,F2750,사실,정의,fl:wave_to_you,464,149,,,,확정
person:헨젤,F2764,사실,정의,fl:wave_to_you,464,149,,,,확정
person:헬름,D1954,기준,성격,char:352,139,18,,,,확정
person:헬름,D1955,기준,관계,char:352,139,18,,,person:지휘관,확정
person:헬름,D1956,기준,신념,char:352,139,18,,,,확정
person:헬름,D1957,기준,관계,char:352,139,18,,,person:마스트 person:앵커,확정
person:헬름,D1958,변화,관계,char:352,139,18,,,person:지휘관,확정
person:헬름,D1960,관계 상대,관계,char:352,139,18,,,person:마스트,확정
person:헬름,D1963,관계 상대,관계,char:352,139,18,,,person:앵커,확정
person:헬름,E1599,떡밥,암시,char:352,139,18,,,,확정
person:헬름,F670,사실,정의,char:352,139,18,,,,확정
person:헬름,F672,사실,정의,char:352,139,18,,,,확정
person:헬름,F673,사실,정의,char:352,139,18,,,,확정
person:헬름,F674,사실,정의,char:352,139,18,,,,확정
person:헬름,E138,떡밥,암시,event_brandnewyear,157,23,,,,확정
person:헬름,F735,사실,정의,event_brandnewyear,157,23,,,,확정
person:헬름,F736,사실,정의,event_brandnewyear,157,23,,,,확정
person:헬름,F1043,사실,정의,event_goldenship,224,44,,,,확정
person:헬름,D1453,관계 상대,관계,event_seayouagain1,226,45,,,person:아니스,확정
person:헬름,D1454,변화,성격,event_seayouagain1,226,45,,,,확정
person:헬름,D1455,변화,관계,event_seayouagain1,226,45,,,person:아니스,확정
person:헬름,D1456,변화,신념,event_seayouagain1,226,45,,,,확정
person:헬름,D1457,변화,관계,event_seayouagain1,226,45,,,person:마스트 person:앵커,확정
person:헬름,E1318,떡밥,암시,event_seayouagain1,226,45,,,,확정
person:헬름,E1320,떡밥,재언급,event_seayouagain1,226,45,,,,확정
person:헬름,E1321,떡밥,암시,event_seayouagain1,226,45,,,,확정
person:헬름,E1322,떡밥,재언급,event_seayouagain1,226,45,,,,확정
person:헬름,F1048,사실,정의,event_seayouagain1,226,45,,,,확정
person:헬름,F1050,사실,정의,event_seayouagain1,226,45,,J50,,확정
person:헬름,F1051,사실,정의,event_seayouagain1,226,45,,,,확정
person:헬름,F1055,사실,정의,event_seayouagain1,226,45,,,,확정
person:헬름,F1056,사실,정의,event_seayouagain1,226,45,,,,확정
person:헬름,F1057,사실,정의,event_seayouagain1,226,45,,,,확정
person:헬름,Q147,의문,정의,event_seayouagain1,226,45,열림,J50,,확정
person:헬름,F1059,사실,정의,char:351,228,45,,,,확정
person:헬름,D2057,변화,신념,char:353,229,46,,,,확정
person:헬름,D2058,변화,관계,char:353,229,46,,,person:지휘관,확정
person:헬름,F1063,사실,정의,char:353,229,46,,,,확정
person:헬름,F1064,사실,정의,char:353,229,46,,,,확정
person:헬름,O120,마무리,관계,char:353,229,46,H14,,,확정
person:헬름,O121,마무리,성장,char:353,229,46,H14,,,확정
person:헬름,D2146,관계 상대,관계,char:354,356,99,,,person:마스트,확정
person:헬름,F1784,사실,정의,char:354,356,99,,,,확정
person:헬름,O159,마무리,관계,char:354,356,99,H19,,,확정
person:헬름,E647,떡밥,재언급,ch37,373,108,,,,확정
person:헬름,F1857,사실,정의,ch37,373,108,,,,확정
person:헬름,D658,기준,관계,ch38,375,109,,,person:맥스웰,확정
person:헬름,E658,떡밥,재언급,ch38,375,109,,,,확정
person:헬름,F1870,사실,정의,ch38,375,109,,,,확정
person:호프,E1167,떡밥,암시,fl:ark_ranger,462,148,,,,확정
person:호프,F2729,사실,정의,fl:ark_ranger,462,148,,,,확정
person:호프,F2739,사실,정의,fl:ark_ranger,462,148,,,,확정
person:홍련,F373,사실,정의,ch14,69,15,,,,확정
person:홍련,F494,사실,정의,char:221,94,17,,J6,,확정
person:홍련,D1411,기준,성격,char:222,136,17,,,,확정
person:홍련,D1412,기준,신념,char:222,136,17,,,,확정
person:홍련,D1413,기준,관계,char:222,136,17,,,person:지휘관,확정
person:홍련,D1414,기준,기억,char:222,136,17,,,,확정
person:홍련,D1415,변화,관계,char:222,136,17,,,person:지휘관,확정
person:홍련,E1284,떡밥,암시,char:222,136,17,,,,확정
person:홍련,E1285,떡밥,암시,char:222,136,17,,,,확정
person:홍련,E1286,떡밥,암시,char:222,136,17,,,,확정
person:홍련,F658,사실,정의,char:222,136,17,,,,확정
person:홍련,F659,사실,정의,char:222,136,17,,,,확정
person:홍련,F660,사실,정의,char:222,136,17,,,,확정
person:홍련,F661,사실,정의,char:222,136,17,,,,확정
person:홍련,F662,사실,정의,char:222,136,17,,,,확정
person:홍련,Q90,의문,정의,char:222,136,17,풀림,J30,,확정
person:홍련,F676,사실,정의,ch17,140,19,,,,확정
person:홍련,F678,사실,정의,ch17,140,19,,,,확정
person:홍련,F679,사실,정의,ch17,140,19,,,,확정
person:홍련,F680,사실,정의,ch17,140,19,,,,확정
person:홍련,F683,사실,정의,ch17,140,19,,J5,,확정
person:홍련,F382,사실,정의,sub:알콜러버_00,145,19,,,,확정
person:홍련,D251,변화,신념,event_overzone,200,36,,,,확정
person:홍련,E185,떡밥,암시,event_overzone,200,36,,,,확정
person:홍련,E188,떡밥,암시,event_overzone,200,36,,,,확정
person:홍련,E199,떡밥,재언급,event_overzone,200,36,,,,확정
person:홍련,F915,사실,정의,event_overzone,200,36,,,,확정
person:홍련,F916,사실,정의,event_overzone,200,36,,,,확정
person:홍련,F917,사실,정의,event_overzone,200,36,,,,확정
person:홍련,F923,사실,정의,event_overzone,200,36,,,,확정
person:홍련,F1065,사실,정의,event_firstaffection,230,47,,,,확정
person:홍련,F1125,사실,정의,ch26,246,55,,,,확정
person:홍련,E282,떡밥,암시,event_redash,251,55,,,,확정
person:홍련,E284,떡밥,암시,event_redash,251,55,,,,확정
person:홍련,E289,떡밥,암시,event_redash,251,55,,,,확정
person:홍련,F1144,사실,정의,event_redash,251,55,,,,확정
person:홍련,F1163,사실,정의,event_redash,251,55,,,,확정
person:홍련,F1172,사실,정의,event_redash,251,55,,,,확정
person:홍련,D354,기준,관계,erelic:red_ash_lost,252,55,,,person:도로시,확정
person:홍련,D355,관계 상대,관계,erelic:red_ash_lost,252,55,,,person:도로시,확정
person:홍련,E304,떡밥,암시,erelic:red_ash_lost,252,55,,,,확정
person:홍련,F1176,사실,정의,erelic:red_ash_lost,252,55,,,,확정
person:홍련,F1181,사실,정의,erelic:red_ash_lost,252,55,,J30,,확정
person:홍련,Q90-2,사건,회수,erelic:red_ash_lost,252,55,,,,확정
person:홍련,E307,떡밥,암시,erelic:red_ash_mini,253,55,,,,확정
person:홍련,F1193,사실,정의,char:470,254,55,,,,확정
person:홍련,F1196,사실,정의,char:470,254,55,,,,확정
person:홍련,E1339,떡밥,재언급,char:224,255,55,,,,확정
person:홍련,D359,관계 상대,관계,event_newyearnewsword,261,59,,,person:장화,확정
person:홍련,D360,관계 상대,관계,event_newyearnewsword,261,59,,,person:장화,확정
person:홍련,D361,기준,관계,event_newyearnewsword,261,59,,,person:장화,확정
person:홍련,D362,변화,관계,event_newyearnewsword,261,59,,,person:장화,확정
person:홍련,D364,변화,관계,event_newyearnewsword,261,59,,,person:지휘관,확정
person:홍련,E310,떡밥,암시,event_newyearnewsword,261,59,,,,확정
person:홍련,E311,떡밥,암시,event_newyearnewsword,261,59,,,,확정
person:홍련,E312,떡밥,재언급,event_newyearnewsword,261,59,,,,확정
person:홍련,E313,떡밥,암시,event_newyearnewsword,261,59,,,,확정
person:홍련,E315,떡밥,암시,event_newyearnewsword,261,59,,,,확정
person:홍련,F660-2,사건,드러냄,event_newyearnewsword,261,59,,,,확정
person:홍련,F915-2,사건,드러냄,event_newyearnewsword,261,59,,,,확정
person:홍련,F1181-2,사건,드러냄,event_newyearnewsword,261,59,,,,확정
person:홍련,F1228,사실,정의,event_newyearnewsword,261,59,,,,확정
person:홍련,F1229,사실,정의,event_newyearnewsword,261,59,,,,확정
person:홍련,F1230,사실,정의,event_newyearnewsword,261,59,,,,확정
person:홍련,F1232,사실,정의,event_newyearnewsword,261,59,,,,확정
person:홍련,F1234,사실,정의,event_newyearnewsword,261,59,,,,확정
person:홍련,F1238,사실,정의,event_newyearnewsword,261,59,,J30,,확정
person:홍련,F1239,사실,정의,event_newyearnewsword,261,59,,J30,,확정
person:홍련,F1240,사실,정의,event_newyearnewsword,261,59,,,,확정
person:홍련,F1241,사실,정의,event_newyearnewsword,261,59,,,,확정
person:홍련,F2882,사실,정의,event_newyearnewsword,261,59,,,,확정
person:홍련,O132,마무리,관계,event_newyearnewsword,261,59,,,,확정
person:홍련,Q90-3,사건,회수,event_newyearnewsword,261,59,,,,확정
person:홍련,D1511,변화,소속,char:225,262,60,,,,확정
person:홍련,D1512,기준,관계,char:225,262,60,,,person:릴리바이스,확정
person:홍련,D1513,관계 상대,관계,char:225,262,60,,,person:릴리바이스,확정
person:홍련,D1514,관계 상대,관계,char:225,262,60,,,person:레드_후드,확정
person:홍련,D1515,관계 상대,관계,char:225,262,60,,,person:도로시,확정
person:홍련,D1516,변화,신념,char:225,262,60,,,,확정
person:홍련,E1349,떡밥,재언급,char:225,262,60,,,,확정
person:홍련,F1241-2,사건,드러냄,char:225,262,60,,,,확정
person:홍련,F1242,사실,정의,char:225,262,60,,,,확정
person:홍련,F1243,사실,정의,char:225,262,60,,,,확정
person:홍련,F1244,사실,정의,char:225,262,60,,,,확정
person:홍련,F1245,사실,정의,char:225,262,60,,,,확정
person:홍련,D411,기준,관계,side:second_affection,288,71,,,person:마리안,확정
person:홍련,E361,떡밥,암시,side:second_affection,288,71,,,,확정
person:홍련,E362,떡밥,재언급,side:second_affection,288,71,,,,확정
person:홍련,F1358,사실,정의,side:second_affection,288,71,,,,확정
person:홍련,F1360,사실,정의,side:second_affection,288,71,,,,확정
person:홍련,F1361,사실,정의,side:second_affection,288,71,,,,확정
person:홍련,F1362,사실,정의,side:second_affection,288,71,,,,확정
person:홍련,E402,떡밥,재언급,event_lastkingdom1,295,73,,,,확정
person:홍련,E404,떡밥,재언급,event_lastkingdom1,295,73,,,,확정
person:홍련,F1435,사실,정의,event_lastkingdom1,295,73,,,,확정
person:홍련,F1449,사실,정의,event_lastkingdom1,295,73,,,,확정
person:홍련,F1984,사실,정의,event_ce006,387,113,,,,확정
person:홍련,F1996,사실,정의,event_ce006,387,113,,,,확정
person:홍련,F2003,사실,정의,event_ce006,387,113,,,,확정
person:홍련,E799,떡밥,재언급,ch39,396,118,,,,확정
person:홍련,F2048,사실,정의,ch39,396,118,,,,확정
person:홍련,F2079,사실,정의,ch40,398,119,,,,확정
person:홍련,D907,관계 상대,관계,event_goddessfall1,418,128,,,person:장화,확정
person:홍련,D928,변화,관계,event_goddessfall1,418,128,,,person:이사벨,확정
person:홍련,D952,변화,신체,event_goddessfall1,418,128,,,,확정
person:홍련,F2258,사실,정의,event_goddessfall1,418,128,,,,확정
person:홍련,F2261,사실,정의,event_goddessfall1,418,128,,,,확정
person:홍련,F2279,사실,정의,event_goddessfall1,418,128,,,,확정
person:홍련,F2303,사실,정의,event_goddessfall1,418,128,,,,확정
person:홍련,F2315,사실,정의,event_goddessfall1,418,128,,,,확정
person:홍련,F2321,사실,정의,event_goddessfall1,418,128,,,,확정
person:홍련,Q300,의문,정의,event_goddessfall1,418,128,일부,J30,,확정
person:홍련,D976,변화,관계,fl:ark_guardian,428,133,,,person:스노우_화이트,확정
person:홍련,D990,변화,성격,fl:ark_guardian,428,133,,,,확정
person:홍련,E976,떡밥,암시,fl:ark_guardian,428,133,,,,확정
person:홍련,F2357,사실,정의,fl:ark_guardian,428,133,,,,확정
person:홍련,F2362,사실,정의,fl:ark_guardian,428,133,,,,확정
person:홍련,F2372,사실,정의,fl:ark_guardian,428,133,,,,확정
person:홍련,F2374,사실,정의,fl:ark_guardian,428,133,,,,확정
person:홍련,F2892,사실,정의,fl:ark_guardian,428,133,,,,확정
person:홍련,Q312,의문,정의,fl:ark_guardian,428,133,일부,J8,,확정
person:홍련,F2357-2,사건,드러냄,ch44,436,138,,,,확정
person:홍련,F2420,사실,정의,ch44,436,138,,,,확정
person:홍련,Q312-2,사건,회수,ch44,436,138,,,,확정
person:홍련,E1089,떡밥,재언급,ch45,450,143,,,,확정
person:홍련,F2598,사실,정의,ch45,450,143,,,,확정
person:홍련,E1097,떡밥,재언급,ch46,452,144,,,,확정
person:홍련,E1110,떡밥,암시,ch46,452,144,,,,확정
person:홍련,F2619,사실,정의,ch46,452,144,,J30,,확정
person:홍련,F2629,사실,정의,ch46,452,144,,,,확정
person:홍련,Q300-2,사건,회수,ch46,452,144,,,,확정
person:홍련,Q312-3,사건,회수,ch46,452,144,,,,확정
person:홍련,E1215,떡밥,암시,ch47,470,153,,,,확정
person:홍련,F2806,사실,정의,ch47,470,153,,,,확정
person:홍련,F2807,사실,정의,ch47,470,153,,,,확정
person:홍련,F2808,사실,정의,ch47,470,153,,,,확정
person:홍련,F2809,사실,정의,ch47,470,153,,,,확정
person:홍련,Q363,의문,정의,ch47,470,153,풀림,J30,,확정
person:홍련,Q363-2,사건,회수,ch47,470,153,,,,확정
person:홍련,D1331,관계 상대,관계,ch48,472,154,,,person:장화,확정
person:홍련,D1332,변화,관계,ch48,472,154,,,person:장화,확정
person:홍련,D1333,변화,신념,ch48,472,154,,,,확정
person:홍련,D1334,변화,신체,ch48,472,154,,,,확정
person:홍련,D1349,관계 상대,관계,ch48,472,154,,,person:스노우_화이트,확정
person:홍련,D1350,관계 상대,관계,ch48,472,154,,,person:에고비스타,확정
person:홍련,E1230,떡밥,재언급,ch48,472,154,,,,확정
person:홍련,F2827,사실,정의,ch48,472,154,,,,확정
person:홍련,F2831,사실,정의,ch48,472,154,,,,확정
person:홍련,F2832,사실,정의,ch48,472,154,,,,확정
person:홍련,F2833,사실,정의,ch48,472,154,,,,확정
person:홍련,F2838,사실,정의,ch48,472,154,,J10,,확정
person:홍련,F2840,사실,정의,ch48,472,154,,,,확정
person:홍련,F2841,사실,정의,ch48,472,154,,,,확정
person:홍련,O102,마무리,관계,ch48,472,154,H12,,,확정
person:홍련,O103,마무리,관계,ch48,472,154,H12,,,확정
person:홍련,O109,마무리,성장,ch48,472,154,H12,,,확정
person:히메노,D2008,기준,성격,char:802,180,30,,,,확정
person:히메노,F822,사실,정의,char:802,180,30,,,,확정
person:히메노,F823,사실,정의,char:802,180,30,,,,확정
