id,kind,first_tick,first_date,first_units,hints,hints_before,hint_tick,reinforce,callbacks,reversed_tick,replaced_by,partial_tick,solved_tick,state,last_tick,units,threads,about,status,chrono_first_units,chrono_shift,text
F1,사실,1,2022-11-04,ch00,0,0,,0,2,2,F14,,,뒤집힘,154,4,,person:지휘관 person:마리안,확정,ch00,,"지휘관이 탄 수송기 BA-01은 작전 구역으로 이동하다 대공 화기에 맞아 추락했고, 지휘관은 심정지에서 마리안의 AED로 살아났다"
F2,사실,1,2022-11-04,ch00,0,0,,0,0,,,,,,1,1,,person:지휘관 org:니케_관리부 org:중앙_정부,확정,ch00,,지휘관의 소속은 중앙 정부 니케 관리부다
F3,사실,1,2022-11-04,ch00,0,0,,0,0,,,,,,1,1,,concept:니케,확정,ch00,,"니케의 몸은 다친다기보다 '고장' 나는 것에 가까워서, 붕대 같은 사람의 치료는 소용이 없다"
F4,사실,1,2022-11-04,ch00,0,0,,0,0,,,,,,1,1,,person:마리안 org:실버건,확정,ch00,,마리안은 실버건 스쿼드 소속의 기관총 사수 니케다
F5,사실,1,2022-11-04,ch00,0,0,,0,1,,,,,,19,2,,person:라피 person:아니스 org:스쿼드_04-F person:지휘관,확정,ch00,,"라피 · 아니스는 스쿼드 04-F이고, 라피가 지휘관 인식 코드로 04-F의 지휘권을 지휘관에게 옮겼다"
F6,사실,1,2022-11-04,ch00,0,0,,0,0,,,,,,1,1,,org:스쿼드_04-F,확정,ch00,,"스쿼드 04-F의 기존 지휘관은 소구경 대인 화기를 들고 랩쳐에 달려들다 죽었고, 그래서 04-F가 지상으로 새 지휘관을 요청했다"
F7,사실,1,2022-11-04,ch00,0,0,,0,1,,,,,,154,2,,person:지휘관,확정,ch00,,새 지휘관은 어제 사관학교를 졸업한 생 신입이다
F8,사실,2,2022-11-04,ch01,0,0,,0,0,,,,,,2,1,,org:스쿼드_04-F,확정,ch01,,"46시간 전 이 구역을 수색하던 니케 스쿼드 하나(선발대)가 통신이 끊겼고, 04-F는 그 수색 작전에 투입되어 있었다"
F9,사실,2,2022-11-04,ch01,0,0,,0,0,,,,,,2,1,,person:마리안,확정,ch01,,마리안은 작전 투입 전에 작전 구역의 좌표를 입력받았다
F10,사실,2,2022-11-04,ch01,0,0,,0,0,,,,,,2,1,,person:시프티 org:정보부 place:방주,확정,ch01,,"시프티는 방주 정보부 소속 오퍼레이터로, 이때부터 지휘관의 작전을 서포트한다"
F11,사실,2,2022-11-04,ch01,0,0,,0,0,,,,,,2,1,,concept:니케 place:지상,확정,ch01,,"지상에서 행방불명된 니케의 회수율은 0.2%라서, 이런 수색 작전은 구색 맞추기에 가깝다"
F12,사실,2,2022-11-04,ch01,0,0,,0,0,,,,,,2,1,,concept:로드_급 concept:랩쳐,확정,ch01,,로드 급 랩쳐는 중대 급을 지휘하는 개체다
F13,사실,2,2022-11-04,ch01,0,0,,0,1,,,,,,73,2,,concept:니케,확정,ch01,,니케는 머리만 멀쩡하면 되지만 인간인 지휘관은 그렇지 않다
F14,사실,2,2022-11-04,ch01,1,0,2,0,0,,,,,,2,1,,person:마리안,확정,ch01,,수송기는 기내에 실은 작전용 폭탄이 마리안의 식별 코드로 된 기폭 신호로 두 차례 터져 추락했다
F15,사실,2,2022-11-04,ch01,1,0,2,0,0,,,,,,2,1,,person:마리안 concept:침식,확정,ch01,,마리안은 침식되어 랩쳐에게 중추 신경을 빼앗긴 상태였다
F16,사실,2,2022-11-04,ch01,0,0,,1,1,,,,,,111,3,,concept:블랙스미스 concept:타일런트_급,확정,ch01,,"블랙스미스는 타일런트 모델 003으로, 지상에 올라온 니케를 포획해 오래 보관하며 랩쳐의 부품으로 만드는 특수 개체다"
F17,사실,2,2022-11-04,ch01,0,0,,0,0,,,,,,2,1,,concept:블랙스미스,확정,ch01,,행방불명된 선발대는 블랙스미스에게 잡혀 전멸했다 — 부품이 모두 뜯겨 나갔다
F18,사실,2,2022-11-04,ch01,0,0,,0,0,,,,,,2,1,,concept:니케,확정,ch01,,"뇌가 파손된 니케는 처분하는 것이 규칙이고, 군법상 처분은 지휘관이 직접 해야 하며 니케가 니케를 처분할 수는 없다"
F19,사실,2,2022-11-04,ch01,0,0,,0,3,,,,,,24,4,,person:마리안 concept:침식,확정,ch01,,침식이 뇌까지 퍼진 마리안은 지휘관이 겨눈 권총을 잡아 스스로 머리를 쏘았다
F20,사실,2,2022-11-04,ch01,0,0,,0,1,,,,,,13,2,,person:마리안 concept:침식 concept:블랙스미스,확정,ch01,,마리안에게 심어진 침식 코드는 니케들을 블랙스미스에게 먹이로 데려가는 내비게이션이었다
F21,사실,2,2022-11-04,ch01,0,0,,0,0,,,,,,2,1,,concept:니케,확정,ch01,,니케의 최우선 사항은 지휘관을 지키고 명령에 복종하는 것이다
F22,사실,2,2022-11-04,ch01,1,0,2,0,0,,,,,,2,1,,person:마리안 place:방주,확정,ch01,,마리안은 방주에서 수송기에 탈 때부터 이미 침식 상태였다
F23,사실,2,2022-11-04,ch01,0,0,,0,0,,,,,,2,1,,place:방주 concept:침식,확정,ch01,,"방주에는 침식을 걸러 내는 방호벽이 있고, 라피 · 엔더슨은 그것이 뚫리지 않는다고 말한다"
F24,사실,2,2022-11-04,ch01,0,0,,0,0,,,,,,2,1,,person:엔더슨 org:중앙_정부,확정,ch01,,엔더슨은 중앙 정부 사령부의 부사령관이다
F25,사실,2,2022-11-04,ch01,0,0,,0,0,,,,,,2,1,,person:잉그리드 org:엘리시온,확정,ch01,,잉그리드는 엘리시온의 CEO(사장)다
F26,사실,2,2022-11-04,ch01,0,0,,0,0,,,,,,2,1,,org:카운터스 org:스쿼드_04-F person:지휘관,확정,ch01,,"지휘관이 스쿼드 이름을 '카운터스'로 대서, 라피 · 아니스와 지휘관의 스쿼드는 카운터스가 되었다"
F27,사실,2,2022-11-04,ch01,0,0,,0,0,,,,,,2,1,,org:카운터스 person:엔더슨 person:잉그리드,확정,ch01,,"카운터스는 시뮬레이션 테스트에서는 형편없었지만, 실전과의 괴리를 본 엔더슨이 가장 어려운 실전인 바닷가 도시의 발전소 조사를 맡겼다"
F28,사실,2,2022-11-04,ch01,0,0,,0,0,,,,,,2,1,,concept:니케,확정,ch01,,같은 지휘관과 니케는 보통 연속해서 작전에 배정되지 않는다(최소 3개 작전 텀) — 작전 중 지휘관이 니케를 처분하거나 그 반대인 일까지 있어서다
F29,사실,2,2022-11-04,ch01,0,0,,0,1,,,,,,101,2,,person:네온 person:잉그리드 org:엘리시온 org:카운터스,확정,ch01,,"네온은 엘리시온의 니케로, 잉그리드에게서 '전력으로 돕되 모든 것을 보고하라'는 명령을 받고 카운터스에 합류했다"
F30,사실,3,2022-11-04,ch02,0,0,,0,0,,,,,,3,1,,place:지상,확정,ch02,,"발전소가 있는 바닷가 도시는 5년 전 봉쇄되었고, 그때 랩쳐가 밖으로 못 나오게 자가 부상 열차 선로에 일부러 고압 전류를 흘렸다"
F31,사실,3,2022-11-04,ch02,0,0,,0,0,,,,,,3,1,,place:지상,확정,ch02,,공식적으로 지상에 남은 사람은 0명이다
F32,사실,3,2022-11-04,ch02,0,0,,0,0,,,,,,3,1,,,확정,ch02,,"그 발전소는 얼마 전부터 이유를 알 수 없이 가동되고 있었고, 조사하려는 시도는 큰 규모로도 번번이 랩쳐에게 막혔다"
F33,사실,3,2022-11-04,ch02,0,0,,0,0,,,,,,3,1,,place:방주,확정,ch02,,그 발전소는 방주의 모든 시설을 두 달 더 가동할 수 있는 규모다
F34,사실,3,2022-11-04,ch02,0,0,,0,0,,,,,,3,1,J9,concept:랩쳐,확정,ch02,,발전소를 장악한 랩쳐들은 기계를 직접 조작하고 있었다 — 지금까지 없던 경우다
F35,사실,3,2022-11-04,ch02,0,0,,0,0,,,,,,3,1,,person:라피,확정,ch02,,"라피는 발전소에서 빔에 맞아 머리가 떨어졌고, 일행은 라피의 머리를 들고 탈출했다"
F36,사실,3,2022-11-04,ch02,0,0,,0,0,,,,,,3,1,,concept:그레이브_디거 concept:타일런트_급,확정,ch02,,발전소에 타일런트 급 그레이브 디거('땅굴 파는 녀석')가 나타났다
F37,사실,3,2022-11-04,ch02,0,0,,0,0,,,,,,3,1,,place:방주,확정,ch02,,"교전 여파로 발전소가 연쇄 폭발해 대파되었고, 방주를 두 달 먹여 살릴 자원이 날아갔다"
F38,사실,3,2022-11-04,ch02,0,0,,0,0,,,,,,3,1,,person:지휘관 org:카운터스 place:전초기지,확정,ch02,,그 책임으로 지휘관과 휘하 스쿼드는 방주에서 추방되어 전초 기지로 배속되었다
F39,사실,3,2022-11-04,ch02,0,0,,0,0,,,,,,3,1,,org:카운터스 concept:랩쳐,확정,ch02,,"발전소 안의 랩쳐들은 스펙이 기존과 차원이 달랐는데, 카운터스는 그들을 따돌리고 탈출했다"
F40,사실,3,2022-11-04,ch02,0,0,,1,0,,,,,,8,2,J3,person:엔더슨 person:잉그리드 person:지휘관 place:전초기지 org:중앙_정부,확정,ch02,,"엔더슨 · 잉그리드는 지휘관(카운터스)에게 '뭔가 있다'고 보고, 중앙 정부의 눈을 피해 조사하려고 전초 기지로 보냈다"
F41,사실,3,2022-11-04,ch02,0,0,,0,0,,,,,,3,1,,person:라피 concept:니케,확정,ch02,,라피는 머리만 회수된 뒤 바디를 재정비해 복귀했다 — 라피 말로 니케는 큰 힘과 불멸을 가둬 둔 병기라 대파된 니케가 다시 나타나는 건 흔한 일이다
F42,사실,3,2022-11-04,ch02,0,0,,0,0,,,,,,3,1,,person:슈엔 org:미실리스 org:3대_기업,확정,ch02,,슈엔은 니케 제작 3대 회사 중 하나인 미실리스 인더스트리의 CEO다
F43,사실,3,2022-11-04,ch02,0,0,,1,0,,,,,,4,2,,org:3대_기업,확정,ch02,,3대 회사의 CEO는 부사령관과 같은 명령권을 가진다
F44,사실,3,2022-11-04,ch02,0,0,,0,0,,,,,,3,1,,concept:니케,확정,ch02,,"인간에게 총구를 겨누는 니케는 이유 불문하고 처분 대상이고, 니케는 인간을 쏠 수 없다"
F45,사실,3,2022-11-04,ch02,0,0,,0,0,,,,,,3,1,,person:미하라,확정,ch02,,"미하라는 다른 이와 감각을 교환할 수 있고, 이때 상대의 통각 센서가 자동으로 켜진다"
F46,사실,3,2022-11-04,ch02,0,0,,0,0,,,,,,3,1,,person:유니 person:미하라 org:워드리스 person:슈엔,확정,ch02,,유니 · 미하라는 스쿼드 워드리스이고 슈엔의 명령을 따른다
F47,사실,3,2022-11-04,ch02,0,0,,0,0,,,,,,3,1,,person:슈엔 org:카운터스 org:워드리스,확정,ch02,,슈엔은 카운터스에게 워드리스와 함께 지상에 올라가 어떤 랩쳐를 이틀 안에 포획해 오라고 명령했다
F48,사실,3,2022-11-04,sub:칠리페퍼_00,0,0,,0,0,,,,,,3,1,,person:지휘관 place:방주,확정,sub:칠리페퍼_00,,"사관학교 졸업생은 방주 사람들이 주시하는 엘리트라, 졸업과 동시에 개인 정보가 헐값에 퍼진다"
F49,사실,3,2022-11-04,sub:칠리페퍼_00,0,0,,0,0,,,,,,3,1,,person:칠리페퍼 org:카운터스,확정,sub:칠리페퍼_00,,칠리페퍼의 의뢰로 지휘관의 첫 임무 장소 바닥 타일 밑을 열어 보니 새 술병이 있었다
F50,사실,3,2022-11-04,sub:테트라_커넥트_00,0,0,,0,0,,,,,,3,1,,org:테트라_커넥트 person:지휘관,확정,sub:테트라_커넥트_00,,"테트라 커넥트는 방주의 엔터테인먼트를 맡은 곳으로, 니케 헌정 프로그램 [니케, 그 덧없는 아름다움에 대하여]에 쓸 전투 영상을 지휘관에게 부탁했다"
F51,사실,3,2022-11-04,sub:테트라_커넥트_00,0,0,,0,0,,,,,,3,1,,concept:니케 place:지상,확정,sub:테트라_커넥트_00,,"지금까지 지상에 투입된 니케는 1만여 체이고, 생환율은 처참할 정도로 낮다"
F52,사실,3,2022-11-04,sub:테트라_커넥트_00,0,0,,0,0,,,,,,3,1,,concept:니케 concept:지상_탈환,확정,sub:테트라_커넥트_00,,니케는 늙지 않는 아름다운 여성의 모습이지만 방주에서는 지상 탈환용 병기로 취급된다
F53,사실,3,2022-11-04,sub:테트라_커넥트_00,1,0,3,0,0,,,,,,3,1,,org:테트라_커넥트 org:카운터스,확정,sub:테트라_커넥트_00,,"테트라 커넥트가 원한 것은 니케가 비참하게 죽는 장면이 담긴 영상이라, 카운터스가 잘 싸워 이긴 영상은 퇴짜를 맞았다"
F54,사실,4,2022-11-04,ch03,0,0,,0,1,,,,,,89,2,,person:슈엔 org:워드리스,확정,ch03,,토커티브 포획은 슈엔이 통신망을 모두 막아 둔 비밀 작전이다
F55,사실,4,2022-11-04,ch03,0,0,,0,0,,,,,,4,1,,org:워드리스,확정,ch03,,워드리스(미하라 · 유니)는 랩쳐를 포획하기 위한 스쿼드다
F56,사실,4,2022-11-04,ch03,0,0,,0,0,,,,,,4,1,J22,person:토커티브 person:슈엔,확정,ch03,,"슈엔이 잡으라는 랩쳐는 코드 네임 토커티브 — 어떤 랩쳐 규격에도 맞지 않는 특수 객체로, 신호가 잡히지 않아 발자국으로 쫓는다"
F57,사실,4,2022-11-04,ch03,0,0,,0,0,,,,,,4,1,,person:토커티브 org:워드리스,확정,ch03,,"워드리스는 몇 달 전부터 토커티브를 쫓았지만 한 번도 마주친 적이 없고, 왜 잡아야 하는지도 모른다"
F58,사실,4,2022-11-04,ch03,0,0,,0,1,,,,,,135,2,,person:지휘관,확정,ch03,,지휘관이 첫 작전에서 사망할 확률은 70%다
F59,사실,4,2022-11-04,ch03,0,0,,0,0,,,,,,4,1,,person:슈엔,확정,ch03,,"슈엔은 첫 작전에서 살아남은 쓸 만한 지휘관을 이런 식으로 일회용으로 써 왔고, 미하라는 그 수가 40명은 넘을 거라고 한다"
F60,사실,4,2022-11-04,ch03,0,0,,0,0,,,,,,4,1,,person:토커티브,확정,ch03,,"토커티브는 벽을 타고 이동할 수 있고, 추적을 알아채 따돌리거나 강습한다"
F61,사실,4,2022-11-04,ch03,0,0,,0,0,5,F71,,,뒤집힘,5,2,,concept:랩쳐,확정,ch03,,랩쳐에게는 지능이 없다고 여겨진다
F62,사실,4,2022-11-04,ch03,0,0,,0,0,,,,,,4,1,,person:유니 person:미하라 org:워드리스,확정,ch03,,"유니는 상대의 특정 감각을 꺼 버릴 수 있고, 워드리스의 능력은 니케 · 인간 · 랩쳐 모두에게 먹힌다"
F63,사실,4,2022-11-04,ch03,0,0,,0,0,,,,,,4,1,,concept:니케,확정,ch03,,니케의 신체는 그 니케가 인간이었을 때의 이상향을 바탕으로 만들어진다
F64,사실,4,2022-11-04,ch03,0,0,,0,0,,,,,,4,1,,org:워드리스 person:슈엔,확정,ch03,,"워드리스를 만든 것은 슈엔이고, 미하라 · 유니도 자기들 능력이 왜 그런지 모른다"
F65,사실,4,2022-11-04,ch03,0,0,,0,0,,,,,,4,1,,concept:에블라_입자,확정,ch03,,에블라 입자 농도가 짙은 곳은 위험도가 높다
F66,사실,4,2022-11-04,sub:세르반_00,0,0,,0,0,,,,,,4,1,,concept:로열 place:방주,확정,,,방주에는 '로열'이라고 불리는 계층이 있다
F67,사실,4,2022-11-04,sub:세르반_00,0,0,,0,0,,,,,,4,1,,person:세르반 concept:로열,확정,,,세르반 코넬은 자기를 로열 계층이자 군 고위 관계자(지휘관의 까마득한 상사)의 차남이고 지휘관의 사관학교 선배라고 소개한다
F68,사실,4,2022-11-04,sub:세르반_00,0,0,,1,0,,,,,,7,2,,person:세르반,확정,,,"세르반이 10년 전 자기가 받았다던 훈장은 빨라도 20년 전에 수여된 십자 훈장으로, 인맥과 재력으로 지상의 남의 훈장을 손에 넣어 공적을 꾸미려 한 것이다"
F69,사실,5,2022-11-04,ch04,0,0,,0,0,,,,,,5,1,,person:유니,확정,ch04,,유니는 무감각증이지만 남과 닿을 때만 감각을 느껴서 계속 접촉을 원한다
F70,사실,5,2022-11-04,ch04,0,0,,0,0,,,,,,5,1,,person:토커티브 person:지휘관,확정,ch04,,"토커티브 무리는 니케가 아니라 지휘관을 노렸고, 토커티브는 지휘관을 데려가려 했다"
F71,사실,5,2022-11-04,ch04,0,0,,0,0,,,,,,5,1,J15,person:토커티브 concept:랩쳐,확정,ch04,,토커티브는 생각하고 인간의 말을 하는 랩쳐다
F72,사실,5,2022-11-04,ch04,0,0,,0,0,,,,,,5,1,,person:토커티브,확정,ch04,,"토커티브는 부서진 몸을 순식간에 스스로 수복하고, 니케를 '유사인간'이라 부른다"
F73,사실,5,2022-11-04,ch04,0,0,,0,0,,,,,,5,1,,person:토커티브 person:라피 concept:페어리_테일,확정,ch04,,토커티브는 라피를 '페어리 테일 모델. 레드 후드'라고 부른다
F74,사실,5,2022-11-04,ch04,0,0,,0,0,,,,,,5,1,,person:토커티브,확정,ch04,,"대함 라이플을 혼자 쓰는 정체 모를 니케가 토커티브에게 구멍을 내 쫓아냈다 — 토커티브는 그를 '순례자', 그는 토커티브를 '이단'이라 부른다"
F75,사실,5,2022-11-04,ch04,0,0,,0,0,,,,,,5,1,,org:앱솔루트 org:엘리시온 person:은화 person:베스티 person:엠마,확정,ch04,,"앱솔루트는 엘리시온의 최강 스쿼드로 은화(리더) · 베스티 · 엠마가 속하고, 초장거리 저격으로 대공 랩쳐를 부쉈다"
F76,사실,5,2022-11-04,ch04,0,0,,0,0,,,,,,5,1,,person:라피 org:앱솔루트,확정,ch04,,"라피는 앱솔루트(은화 · 엠마 · 베스티)와 예전부터 아는 사이이고, 엠마 곁을 말없이 떠난 적이 있다"
F77,사실,5,2022-11-04,ch04,0,0,,0,0,,,,,,5,1,,person:라피 person:아니스 person:은화,확정,ch04,,"라피 · 아니스는 스스로를 문제아 · 불량품이라 하고, 은화는 라피가 '불량품' 소리를 듣는다고 한다"
F78,사실,5,2022-11-04,ch04,0,0,,0,0,,,,,,5,1,,person:에닉 place:방주,확정,ch04,,"에닉은 과거 사례와 일치하는 정도로 판결하고, 그 판결은 절대 뒤집을 수 없다 — 라피는 그것이 방주를 유지하는 원동력이라 한다"
F79,사실,5,2022-11-04,ch04,0,0,,0,1,,,,,,110,2,,person:에닉 person:지휘관 person:라피 person:미하라 concept:기억_소거,확정,ch04,,"에닉의 판결로 지휘관은 이틀간 작전 금지, 두 스쿼드의 리더 라피 · 미하라는 기억 소거를 받게 되었다"
F80,사실,5,2022-11-04,ch04,0,0,,0,0,,,,,,5,1,,person:슈엔,확정,ch04,,"슈엔은 자기가 시킨 작전이라고 밝히지 않아 기억 소거를 막지 않았고, 병기인 니케의 기억은 대수롭지 않다고 한다"
F81,사실,5,2022-11-04,ch04,0,0,,0,1,,,,,,17,2,,concept:기억_소거 concept:니케,확정,ch04,,"기억 소거를 받은 니케는 생산 직후의 기억으로 돌아가고, 배틀 데이터 말고는 모두 지워진다"
F82,사실,5,2022-11-04,ch04,0,0,,0,0,,,,,,5,1,,person:슈엔 person:엔더슨 person:잉그리드 org:3대_기업,확정,ch04,,"슈엔의 단독 명령은 불법이 아니고, 엔더슨 · 잉그리드는 3대 회사가 편의를 너무 받는다고 여기면서도 슈엔은 아직 방주에 필요하다고 본다"
F83,사실,5,2022-11-04,ch04,0,0,,0,0,,,,,,5,1,,concept:침식 concept:랩쳐,확정,ch04,,"침식은 니케의 뇌에 코드를 심어 의지를 조작하는 랩쳐 고유의 기술로, 인류는 다룰 수 없다"
F84,사실,5,2022-11-04,ch04,1,1,2,0,0,,,,,,5,2,J1,person:엔더슨 concept:침식 place:방주,확정,ch04,,"엔더슨에 따르면 방주 안에서 누군가 니케에게 침식을 걸어 지상 작전을 망치고 있고, 방호벽을 조작하고 단독 회선을 쓸 만큼 입지가 탄탄한 내통자다"
F85,사실,5,2022-11-04,ch04,0,0,,0,0,,,,,,5,1,,person:엔더슨 person:토커티브 person:지휘관,확정,ch04,,"엔더슨은 그 내통자가 토커티브와 이어져 있다고 보고, 지휘관에게 토커티브 추적을 맡겼다"
F86,사실,5,2022-11-04,ch04,0,0,,0,0,,,,,,5,1,,person:엔더슨 concept:니케,확정,ch04,,엔더슨은 지휘관을 돕는 까닭을 '감각도 기억도 있지만 그 주인이 된 적 없는' 니케들에게 바치는 헌화라고 한다
F87,사실,5,2022-11-04,ch04,0,0,,0,0,,,,,,5,1,,person:미하라 person:유니 concept:기억_소거,확정,ch04,,기억 소거를 받은 미하라는 유니를 처음 만나는 동료로 대한다
F88,사실,5,2022-11-04,ch04,0,0,,0,1,,,,,,17,2,,person:라피 concept:기억_소거,확정,ch04,,라피는 기억 소거를 받았지만 기억이 지워지지 않았다
F89,사실,5,2022-11-04,ch04,0,0,,0,0,,,,,,5,1,,concept:기억_소거 concept:이레귤러,확정,ch04,,라피 · 아니스는 기억 소거가 되풀이해 먹히지 않는 니케는 이레귤러로 여겨져 예외 없이 처분될 것이라 본다
F90,사실,5,2022-11-04,ch04,0,0,,0,0,,,,,,5,1,,person:지휘관 person:라피 person:네온,확정,ch04,,"지휘관은 라피의 기억이 남은 사실을 숨기라고 명령했고, 네온도 잉그리드에게 알리지 않기로 했다"
F91,사실,5,2022-11-04,ch04,0,0,,0,0,,,,,,5,1,,concept:니케,확정,ch04,,니케는 지휘관의 신변이 위험하다고 판단되면 인간을 제압할 수 있다
F92,사실,5,2022-11-04,ch04,0,0,,0,0,,,,,,5,1,,org:필그림 place:지상,확정,ch04,,"필그림은 지상에서 살아가는 니케들을 부르는 통칭으로, 방주는 그들과 제대로 조우한 적도 추적한 적도 없다"
F93,사실,5,2022-11-04,ch04,0,0,,0,0,,,,,,5,1,,org:필그림 person:토커티브 place:북부,확정,ch04,,"토커티브를 물리친 니케는 필그림이고, 지상의 북부에 모습을 드러냈다"
F94,사실,5,2022-11-04,ch04,0,0,,0,0,,,,,,5,1,,person:머스탱 org:테트라 org:카운터스,확정,ch04,,"머스탱은 방주의 엔터테인먼트를 맡는 테트라 라인의 CEO로, 카운터스에게 북부 연구 기지 출입증을 주었다"
F95,사실,5,2022-11-04,ch04,0,0,,0,0,,,,,,5,1,,person:아니스 person:머스탱,확정,ch04,,"아니스는 머스탱과 아는 사이로, 머스탱은 아니스가 자기 쪽으로 돌아오기를 기다린다"
F96,사실,6,2022-11-04,ch05,0,0,,0,0,,,,,,6,1,,concept:니케,확정,ch05,,"니케 제작 기술은 특이점에 닿아 최소한의 자원으로 빠르게 찍어낼 수 있어서, 부러진 니케 다리는 고치기보다 새로 만든다"
F97,사실,6,2022-11-04,ch05,0,0,,0,0,,,,,,6,1,,person:루드밀라 person:앨리스 org:언리미티드 person:지휘관,확정,ch05,,눈사태에 묻힌 지휘관을 언리미티드 스쿼드의 루드밀라와 앨리스가 구했다
F98,사실,6,2022-11-04,ch05,0,0,,1,0,,,,,,7,2,,person:지휘관,확정,ch05,,지휘관은 병이 있어 병원에 있던 때 뇌에 병이 있다는 소녀를 만났다
F99,사실,6,2022-11-04,ch05,0,0,,0,0,,,,,,6,1,,org:언리미티드 place:북부,확정,ch05,,언리미티드는 지상에서 길을 잃은 니케를 구해 방주로 보내는 길잡이라서 '지상에서 길을 잃었다면 북부로 가라'는 말이 있다
F100,사실,6,2022-11-04,ch05,0,0,,0,0,,,,,,6,1,,person:앨리스 person:루드밀라,확정,ch05,,"앨리스는 이곳을 '하트의 여왕'이 얼려 버린 세계라 믿고 랩쳐를 그 부하로 여기며, 루드밀라는 그 이야기에 맞춰 준다"
F101,사실,6,2022-11-04,ch05,0,0,,0,0,,,,,,6,1,,org:언리미티드 place:북부,확정,ch05,,북부의 연구 기지는 안팎이 모두 랩쳐의 것이 되어 언리미티드도 집을 잃었다 — 루드밀라는 기지가 점령과 달리 다른 '뭔가'가 되었다고 한다
F102,사실,6,2022-11-04,ch05,0,0,,0,0,,,,,,6,1,,org:필그림,확정,ch05,,필그림에 대한 자료는 북부 연구 기지에 모두 있다
F103,사실,6,2022-11-04,ch05,0,0,,0,0,,,,,,6,1,,place:북부,확정,ch05,,"연구 기지는 자율 방어 시스템을 갖춘 시설인데, 잔고장부터 번져 외부 침입 없이 대부분 랩쳐 손에 넘어갔다 — 해킹으로 보인다"
F104,사실,6,2022-11-04,ch05,0,0,,0,0,,,,,,6,1,,person:라피 org:필그림,확정,ch05,,"라피는 해킹이 인간 기술이라 랩쳐가 할 수 없다며 연구 기지 탈취에도 내통자가 있고, 노린 것은 필그림 정보라고 본다"
F105,사실,6,2022-11-04,ch05,0,0,,0,0,,,,,,6,1,,person:지휘관 org:필그림,확정,ch05,,지휘관이 필그림을 찾는 까닭은 동료 니케의 죽음에 대한 진실을 알고 싶어서다
F106,사실,6,2022-11-04,ch05,0,0,,0,0,,,,,,6,1,,person:루드밀라 org:필그림,확정,ch05,,루드밀라는 '필그림'이 일개 지휘관이 입에 담을 말이 아니라며 그들을 '순례자들'이라 부른다
F107,사실,6,2022-11-04,ch05,0,0,,0,0,,,,,,6,1,,org:카운터스 org:언리미티드,확정,ch05,,"랩쳐 손에 넘어간 연구 기지의 방어 체계(건물)가 적으로 돌아서, 카운터스와 언리미티드가 외부 프레임의 조인트를 부숴 멈췄다"
F108,사실,6,2022-11-04,sub:중앙_정부_공식__00,0,0,,0,0,,,,,,6,1,,org:정보부 org:중앙_정부,확정,,,메신저 계정 '중앙 정부 공식'은 중앙 정부 정보부 소속 오퍼레이터가 쓴다
F109,사실,6,2022-11-04,sub:중앙_정부_공식__00,0,0,,0,0,,,,,,6,1,,person:제인_밀러 org:중앙_정부 org:카운터스,확정,,,"지휘관 제인 밀러가 비무장으로 지상으로 탈주했고, 카운터스는 그의 지휘관 증명서만 찾았으며 중앙 정부는 그를 작전 중 사망으로 처리했다"
F110,사실,6,2022-11-04,sub:중앙_정부_공식__00,0,0,,0,0,,,,,,6,1,,person:제인_밀러,확정,,,"제인 밀러는 3년 전 지휘관이 되어 작전마다 실패했고, 지휘관직을 반납할 예정이었다"
F111,사실,6,2022-11-04,sub:중앙_정부_공식__00,0,0,,0,0,,,,,,6,1,,org:중앙_정부,확정,,,파직된 지휘관은 대부분 중앙 정부에서 적성에 맞는 보직을 다시 받는다
F112,사실,7,2022-11-04,ch06,0,0,,0,0,,,,,,7,1,,person:루드밀라,확정,ch06,,"루드밀라가 만지는 기계는 다 고장 나고, 본인도 까닭을 모른다"
F113,사실,7,2022-11-04,ch06,0,0,,0,0,,,,,,7,1,,person:스노우_화이트 org:필그림 place:북부,확정,ch06,,"북부에 나타나는 순례자(필그림)의 코드 네임은 스노우 화이트이고, 북부에서 무언가를 찾는 듯 주기적으로 순찰한다"
F114,사실,7,2022-11-04,ch06,0,0,,0,0,,,,,,7,1,,person:앨리스,확정,ch06,,앨리스는 체온이 비정상적으로 높아서 냉각 슈트로 억제한다
F115,사실,7,2022-11-04,ch06,0,0,,0,0,,,,,,7,1,,person:앨리스 org:언리미티드,확정,ch06,,앨리스가 '잠자는 공주님들'이라 부르는 캡슐 속 니케들은 뇌 없이 구출된 바디다
F116,사실,7,2022-11-04,ch06,0,0,,0,0,,,,,,7,1,,concept:니케,확정,ch06,,"니케는 뇌가 죽으면 되살릴 수 없어서, 지상에서 조난한 니케는 뇌를 떼어 안전한 곳에 숨겨 두고 누군가 찾아 주길 바란다"
F117,사실,7,2022-11-04,ch06,0,0,,0,0,,,,,,7,1,,org:언리미티드 concept:니케,확정,ch06,,"언리미티드는 숨겨 둔 뇌를 찾아 바디와 이어 수십 명을 살렸지만, 싱크로가 안 맞거나 정신 붕괴 · 기억 상실을 겪은 경우도 많았다"
F118,사실,7,2022-11-04,ch06,0,0,,0,0,,,,,,7,1,,concept:니케 place:지상,확정,ch06,,"최근 몇 년 사이 지상에서 길을 잃거나 구출을 바라는 니케가 확연히 줄었는데, 방주로의 생환율은 그대로다"
F119,사실,7,2022-11-04,ch06,0,0,,0,0,,,,,,7,1,,person:토커티브 person:지휘관,확정,ch06,,"필그림 출몰 지점에 있던 사람 형체는 폭발하는 미끼였고, 그 눈사태 속에 토커티브가 지휘관을 붙잡아 갔다"
F120,사실,7,2022-11-04,ch06,0,0,,0,1,,,,,,118,2,J3,person:토커티브 person:지휘관,확정,ch06,,"토커티브는 지휘관에게 함께한 니케의 성능이 오른 적이 있는지 · 방주 출신인지 · 어릴 때 병을 앓았는지 묻고, 답이 '맞아떨어진다'며 데려가려 했다"
F121,사실,7,2022-11-04,ch06,0,0,,0,0,,,,,,7,1,,person:토커티브 org:필그림,확정,ch06,,연구 기지의 필그림 지도는 토커티브가 지휘관을 꾀어내려고 조작한 것이다
F122,사실,7,2022-11-04,ch06,0,0,,0,0,,,,,,7,1,,person:토커티브 place:방주,확정,ch06,,토커티브는 방주와 내통하고 있다고 스스로 인정했다
F123,사실,7,2022-11-04,ch06,0,0,,0,0,,,,,,7,1,J20,person:스노우_화이트 org:필그림 person:토커티브,확정,ch06,,붙잡힌 지휘관을 구하고 토커티브를 쓰러뜨린 순례자는 스노우 화이트다
F124,사실,7,2022-11-04,ch06,0,0,,1,0,,,,,,8,2,,person:스노우_화이트 org:필그림,확정,ch06,,"스노우 화이트는 필그림이 아직 아무것도 이루지 못해 세상에 드러날 수 없다며, 지휘관에게 본 것을 모두 잊으라고 한다"
F125,사실,7,2022-11-04,ch06,0,0,,0,0,,,,,,7,1,,concept:헬레틱 org:필그림,확정,ch06,,"헬레틱은 인류를 저버리고 랩쳐를 택한 니케로, 필그림은 그들을 '이단'이라 부른다"
F126,사실,7,2022-11-04,ch06,0,0,,0,1,,,,,,111,2,,person:모더니아 concept:헬레틱 person:퀸 person:토커티브,확정,ch06,,"모더니아는 랩쳐를 입은 헬레틱이자 퀸의 직속으로, 토커티브를 동료라 부르며 구해 갔다"
F127,사실,7,2022-11-04,ch06,0,0,,1,0,,,,,,8,2,,person:스노우_화이트 person:퀸,확정,ch06,,스노우 화이트는 퀸에게 다가가려고 헬레틱을 쫓는다
F128,사실,2,2022-11-04,relic:어느남자의수기,0,0,,0,0,,,,,,2,1,,concept:랩쳐,확정,relic:어느남자의수기,,"랩쳐를 피해 벙커에 숨은 한 남자는 군대의 구조를 열 달 가까이 기다렸지만 구조는 오지 않았고, 식량이 떨어지자 밖으로 나가기로 했다"
F129,사실,2,2022-11-04,relic:어느남자의수기,0,0,,0,0,,,,,,2,1,,concept:랩쳐,확정,relic:어느남자의수기,,랩쳐와의 전쟁 중 TV는 인류가 랩쳐에게 이기고 있다고 전했다
F130,사실,3,2022-11-04,relic:생존가이드1,0,0,,0,0,,,,,,3,1,,concept:랩쳐 place:지상,확정,relic:생존가이드1,,"지상 생존 가이드에 따르면 랩쳐는 소리, 특히 총성을 듣고 오며, 한 번 청소가 끝난 곳에는 한참 뒤에야 다시 온다"
F131,사실,3,2022-11-04,relic:통화기록017515,0,0,,0,0,,,,,,3,1,,concept:랩쳐,확정,relic:통화기록017515,,"한 통화 기록에는 군이 탱크까지 모으던 곳 근처의 민간인이 피난 권고 없이 대기하라는 말만 듣다가, 미사일이 발사된 직후 정체 모를 것들에게 습격당하는 과정이 남아 있다"
F132,사실,4,2022-11-04,relic:방주추첨권,0,0,,0,1,,,,,,12,2,,item:방주_추첨권 place:방주,확정,relic:방주추첨권,,"방주가 생길 무렵 방주 시민은 방주 추첨권 추첨으로 뽑혔고, 누가 왜 당첨됐는지는 기밀이었다"
F133,사실,4,2022-11-04,relic:방주추첨권,0,0,,0,0,,,,,,4,1,,item:방주_추첨권,확정,relic:방주추첨권,,"추첨권 메모의 필자는 당첨된 이웃 헨리의 방주 추첨권을 손에 넣었는데, 그 추첨권에는 검붉은 얼룩이 묻어 있었다"
F134,사실,3,2022-11-04,sub:콜렉터_00,0,0,,0,0,,,,,,3,1,,place:아우터_림 place:방주,확정,,,"아우터 림은 방주를 동그랗게 감싼 외곽으로, 음식 · 잘 곳 · 일자리가 없어 사람이 살기 힘든 곳이다"
F135,사실,3,2022-11-04,sub:콜렉터_00,0,0,,0,0,,,,,,3,1,,place:아우터_림 place:방주,확정,,,아우터 림에서 나고 자란 사람은 시민권이 없어서 방주에 들어가는 순간 총살된다
F136,사실,3,2022-11-04,sub:콜렉터_00,0,0,,0,1,,,,,,154,2,,org:중앙_정부 place:아우터_림,확정,,,중앙 정부는 아우터 림과 그 주민을 극히 경계하고 테러리스트의 온상 정도로 여긴다
F137,사실,3,2022-11-04,sub:콜렉터_00,0,0,,0,0,,,,,,3,1,,person:콜렉터 place:블랙넷,확정,,,"콜렉터는 지상에 몰래 올라가 부서진 랩쳐 부품을 주워 블랙넷에 파는 아우터 림 사람이고, 지휘관은 그의 부탁으로 지상에서 부품을 모아 주었다"
F138,사실,9,2022-11-04,sub:콜렉터_01,1,1,3,0,0,,,,,,9,2,,person:콜렉터 concept:니케,확정,,,콜렉터는 다친 다리를 잘라내고 2세대 니케 다리 파츠로 바꿨다 — 2세대 니케 부품은 사람 몸에 거부 반응이 없다
F139,사실,9,2022-11-04,sub:콜렉터_01,0,0,,0,0,,,,,,9,1,,org:이그조틱 place:아우터_림,확정,,,"아우터 림 출신 니케들로 된 이그조틱이 있고, 아우터 림에서 스타 대접을 받는다"
F140,사실,9,2022-11-04,sub:콜렉터_01,0,0,,0,0,,,,,,9,1,,place:아우터_림 person:지휘관,확정,,,아우터 림 주민이 지휘관과 친해진 뒤 지상으로 끌어내 죽이고 인식칩 · 신분증을 빼앗아 방주에서 수개월 지휘관 행세를 한 일이 있었다
F141,사실,9,2022-11-04,sub:콜렉터_01,0,0,,0,1,,,,,,43,2,,person:콜렉터 person:지휘관,확정,,,"콜렉터의 안내로 옛 은행 터에서 캔 금괴를 지휘관이 중앙 정부에 제출하고, 보상의 절반 넘게를 콜렉터에게 나눠 주었다"
F142,사실,9,2022-11-04,sub:콜렉터_01,0,0,,0,0,,,,,,9,1,,place:아우터_림,확정,,,"아우터 림에는 주민을 지켜 줄 법이 없고, 구역마다 지배하는 폭력 무리가 있어 상납금을 바쳐야 건드려지지 않는다"
F143,사실,4,2022-11-04,sub:트레저_헌터_00,0,0,,0,0,,,,,,4,1,,person:트레저_헌터 org:카운터스,확정,,,"트레저 헌터의 지도로 카운터스가 황무지의 큰 돌 밑에서 찾은 것은 [Place]라고 적힌 찢어진 쪽지였고, 트레저 헌터는 지도가 여러 장이라고 했다"
F144,사실,5,2022-11-04,sub:트레저_헌터_01,0,0,,0,0,,,,,,5,1,,org:자원_채집_부대,확정,,,"자원 채집 부대(땅굴 부대)는 지상의 광석 · 식물 같은 자원을 모아 오는 부대로, 지상에 자주 나가는 다른 부대가 보통 니케만으로 꾸려지는 것과 달리 지휘관이 함께 나간다"
F145,사실,5,2022-11-04,sub:트레저_헌터_01,0,0,,0,0,,,,,,5,1,,person:트레저_헌터 concept:니케,확정,,,트레저 헌터는 니케를 동료로 여기지 않고 믿지 말라고 한다
F146,사실,10,2022-11-04,sub:트레저_헌터_02,0,0,,0,0,17,F149,,,뒤집힘,17,2,J37,person:트레저_헌터 org:자원_채집_부대,확정,,,"트레저 헌터는 자원 채집 부대에서 일했고, 부하 니케들이 보물에 눈이 멀어 자기를 배신하고 다리를 부숴 이제 걷지 못해 지상에 못 나간다고 말한다"
F147,사실,10,2022-11-04,sub:트레저_헌터_02,0,0,,0,0,,,,,,10,1,,org:자원_채집_부대,확정,,,"쪽지가 있던 다리 밑에는 오래지 않은 핏자국과 탄흔이 있어, 라피는 인간과 니케가 싸웠다고 본다"
F148,사실,17,2022-11-04,sub:트레저_헌터_03,2,2,5,0,0,,,,,,17,3,,org:자원_채집_부대,확정,,,"최근 자원 채집 부대의 니케들이 지상 자원을 숨겼다는 이유로 즉결 처분되었고, 처분 때 니케들이 저항해 담당 지휘관이 다리를 다쳤다"
F149,사실,17,2022-11-04,sub:트레저_헌터_03,0,0,,0,0,,,,,,17,1,J37,person:트레저_헌터 org:자원_채집_부대,확정,,,니케들이 숨겨 둔 보물은 약속 장소에서 보이는 밤하늘의 별이었다 — 담당 지휘관을 초대해 별을 보여 주려고 편지와 힌트를 숨긴 것이다
F150,사실,17,2022-11-04,sub:트레저_헌터_03,2,2,4,0,0,,,,,,17,3,J37,person:트레저_헌터 org:자원_채집_부대,확정,,,"트레저 헌터는 그 자원 채집 부대의 담당 지휘관이었고, 자기가 부하 니케들을 다 죽였다고 털어놓았다"
F151,사실,5,2022-11-04,sub:이례의_기록자_00,0,0,,0,0,,,,,,5,1,,person:이례의_기록자 org:니푸르,확정,,,이례의 기록자는 세계의 모든 것을 기록한다는 단체 니푸르(NIPPUR)에서 이례적인 것을 기록하는 사람이다
F152,사실,5,2022-11-04,sub:이례의_기록자_00,0,0,,0,0,,,,,,5,1,,person:이례의_기록자 org:카운터스,확정,,,"이례의 기록자는 카운터스가 전투 뒤에도 일상의 표정을 짓는 사진을 받아, 니케도 인간과 다르지 않다는 것을 보여 줄 기록으로 삼겠다고 했다"
F153,사실,4,2022-11-04,sub:랩칠리언_00,0,0,,0,0,,,,,,4,1,,person:랩칠리언 place:지상,확정,sub:랩칠리언_00,,"랩칠리언은 삼사 년 넘게 지상에서 살아온 사람으로, 랩쳐를 새로 생긴 동물로 보는 동물 애호가라 자칭하며 방주에 틈틈이 전파를 보내 왔다"
F154,사실,4,2022-11-04,sub:랩칠리언_00,0,0,,0,0,,,,,,4,1,,person:랩칠리언 concept:랩쳐,확정,sub:랩칠리언_00,,랩칠리언은 랩쳐 흉내를 낸 조악한 위장복을 입고 랩쳐 무리 틈에서 지낸다
F155,사실,4,2022-11-04,sub:랩칠리언_00,0,0,,0,0,,,,,,4,1,,concept:랩쳐 place:지상,확정,sub:랩칠리언_00,,랩쳐가 나타난 뒤 지상의 동물은 대부분 멸종했다
F156,사실,5,2022-11-04,sub:랩칠리언_01,0,0,,0,1,,,,,,118,2,,person:랩칠리언 concept:랩쳐,확정,sub:랩칠리언_01,,"랩칠리언의 랩쳐 수트는 랩쳐의 겉모습 · 소리 · 코어의 반짝임을 사람이 손으로 흉내 내는 옷인데, 손잡이를 너무 빨리 돌리면 동료 무리를 부르는 소리가 되어 랩쳐가 몰려온다"
F157,사실,5,2022-11-04,sub:랩칠리언_01,0,0,,0,0,,,,,,5,1,,person:랩칠리언 person:지휘관,확정,sub:랩칠리언_01,,"랩칠리언은 여러 사람에게 랩쳐와 인간의 공존 가능성을 외쳐 왔지만, 부름에 응해 지상까지 온 사람은 지휘관 하나뿐이다"
F158,사실,6,2022-11-04,sub:랩칠리언_02,0,0,,0,0,,,,,,6,1,,concept:랩쳐,확정,sub:랩칠리언_02,,"랩칠리언에 따르면 랩쳐는 공격 직전과 기분이 아주 좋을 때 코어를 빛내고, 배불리 먹어 온순할 때는 낯선 개체가 무리에 끼어도 과격하게 반응하지 않는다"
F159,사실,6,2022-11-04,sub:랩칠리언_02,0,0,,0,0,,,,,,6,1,,concept:랩쳐,확정,sub:랩칠리언_02,,랩칠리언은 랩쳐 사이에서 무선 통신기를 쓰면 랩쳐의 재밍에 막히거나 도청당할 수 있다고 한다
F160,사실,7,2022-11-04,sub:랩칠리언_03,0,0,,0,0,,,,,,7,1,,person:랜드크랩 person:스퀴드 concept:랩쳐,확정,sub:랩칠리언_03,,"랜드크랩은 게를, 스퀴드는 오징어를 흉내 낸 랩쳐이고, 랩칠리언은 랩쳐들이 자기들이 멸종시킨 동물의 모습을 흉내 내 잇고 있다고 본다"
F161,사실,7,2022-11-04,sub:랩칠리언_03,0,0,,0,0,,,,,,7,1,,concept:니케 concept:랩쳐,확정,sub:랩칠리언_03,,"랩칠리언은 니케와 랩쳐가 천적 사이라, 니케가 곁에 있으면 랩쳐가 흥분한다고 한다"
F162,사실,8,2022-11-04,sub:랩칠리언_04,0,0,,0,0,,,,,,8,1,,person:랩칠리언 org:중앙_정부 person:시니스터,확정,sub:랩칠리언_04,,랩쳐를 크기에 따라 다섯 등급으로 나누는 기준과 시니스터라는 이름은 랩칠리언이 블로그에 올린 것을 중앙 정부가 공식으로 채택한 것이다
F163,사실,8,2022-11-04,sub:랩칠리언_04,0,0,,0,0,,,,,,8,1,,person:시니스터 concept:로드_급,확정,sub:랩칠리언_04,,시니스터는 백상아리를 흉내 낸 포악한 로드 급 랩쳐다
F164,사실,8,2022-11-04,sub:랩칠리언_04,0,0,,0,0,,,,,,8,1,,concept:랩쳐 concept:마스터_급,확정,sub:랩칠리언_04,,"랩쳐 사이에도 먹이사슬이 있어, 마스터 급 이상 랩쳐는 다쳤거나 코어 에너지가 약해진 개체를 노린다"
F165,사실,8,2022-11-04,sub:랩칠리언_04,0,0,,0,0,,,,,,8,1,,person:랩칠리언 concept:랩쳐,확정,sub:랩칠리언_04,,랩칠리언은 등급이 높거나 오래 산 랩쳐일수록 고등 생물을 흉내 내도록 진화했다는 가설을 세웠다
F166,사실,8,2022-11-04,sub:랩칠리언_04,0,0,,0,0,,,,,,8,1,,place:방주 concept:랩쳐,확정,sub:랩칠리언_04,,방주는 랩쳐와의 소통을 금기로 여긴다
F167,사실,17,2022-11-04,sub:랩칠리언_05,0,0,,0,0,,,,,,17,1,,person:슈엔 person:랩칠리언,확정,sub:랩칠리언_05,,슈엔은 방주 포털 블로그에 랩쳐와의 공존을 말하는 글을 올린 랩칠리언을 간첩이라며 잡아 오라고 지휘관에게 시켰다
F168,사실,17,2022-11-04,sub:랩칠리언_05,0,0,,0,0,,,,,,17,1,,org:미실리스 person:슈엔,확정,sub:랩칠리언_05,,"미실리스는 방주의 IT 쪽 독점권을 넘겨받아 포털을 운영하고, 그래서 군 고위 간부가 글 검열 책임을 슈엔에게 따졌다"
F169,사실,17,2022-11-04,sub:랩칠리언_05,0,0,,0,0,,,,,,17,1,,concept:랩쳐 place:방주,확정,sub:랩칠리언_05,,"랩쳐와 내통한 사람은 원칙상 무조건 사형이고, 대부분 심한 고문을 당한다"
F170,사실,17,2022-11-04,sub:랩칠리언_05,0,0,,0,0,,,,,,17,1,,person:지휘관 person:랩칠리언 person:슈엔,확정,sub:랩칠리언_05,,"지휘관은 슈엔의 명령 대신 랩쳐에게 공격당하던 랩칠리언을 구해 안전한 곳에 숨겼고, 슈엔은 다른 이들을 대신 보내겠다고 했다"
F171,사실,15,2022-11-04,ch14,0,0,,1,2,,,,,,151,4,,concept:니케,확정,ch14 sub:랩칠리언_06,,보통의 니케는 사람을 공격할 수 없지만 예외가 있다 — 시지 패러리스는 리미트가 풀려 사람을 쏠 수 있다
F172,사실,19,2022-11-24,sub:랩칠리언_06,0,0,,0,0,,,,,,19,1,,org:시지_패러리스 person:K person:D person:슈엔 person:랩칠리언,확정,sub:랩칠리언_06,,"시지 패러리스의 K · D는 슈엔이 요청하고 높은 사람들의 투표로 정해진 암살을 맡아 랩칠리언을 붙잡았고, 이를 방해하는 것은 불법이다"
F173,사실,19,2022-11-24,sub:랩칠리언_06,0,0,,0,1,,,,,,118,2,,person:지휘관 person:랩칠리언 concept:마더_웨일,확정,sub:랩칠리언_06,,"지휘관이 랩쳐 수트로 콜링 시그널을 내 랩칠리언의 랩쳐 무리를 불렀고, 랩쳐들이 랩칠리언을 되찾아 마더 웨일에 태워 데려갔다"
F174,사실,19,2022-11-24,sub:랩칠리언_06,0,0,,0,0,,,,,,19,1,,concept:랩쳐 person:랩칠리언,확정,sub:랩칠리언_06,,랩쳐들은 위장복이 벌어져 사람 피부가 드러난 랩칠리언을 수리해 주려 했다
F175,사실,19,2022-11-24,sub:랩칠리언_06,0,0,,0,0,,,,,,19,1,,person:랩칠리언 concept:마더_웨일,확정,sub:랩칠리언_06,,"랩칠리언은 마더 웨일을 타고 랩쳐들과 하늘을 여행하고 있고, 이제 랩쳐들은 흉내를 내지 않아도 그를 공격하지 않는다"
F176,사실,9,2022-11-04,sub:할아범_00,0,0,,0,1,,,,,,36,2,,person:할아범 place:지상,확정,sub:할아범_00,,"할아범은 죽기 전 마지막 부탁으로, 오래전 가족이 살던 지상의 집 터에서 추억의 흔적을 찾아 달라 했지만 그곳에는 콘크리트 바닥 말고 아무것도 없었다"
F177,사실,5,2022-11-04,relic:갓데스스쿼드리포트,0,0,,0,0,,,,,,5,1,,org:갓데스,확정,relic:갓데스스쿼드리포트,,"갓데스 스쿼드는 롤아웃 직후 작전에 투입되어 평균 파손율 2%로 완승했고, 2주 동안 20건의 작전을 모두 완수했다"
F178,사실,5,2022-11-04,relic:갓데스스쿼드리포트,0,0,,0,0,,,,,,5,1,,org:갓데스 concept:울트라 concept:침식,확정,relic:갓데스스쿼드리포트,,"갓데스 스쿼드는 코드네임 울트라와 교전해 평균 파손율 72.3%로 이겼고, 1기에서 침식이 확인되어 처분되었다"
F179,사실,5,2022-11-04,relic:갓데스스쿼드리포트,0,0,,0,0,,,,,,5,1,,org:갓데스 incident:아크_가디언_작전,확정,relic:갓데스스쿼드리포트,,갓데스 스쿼드가 실시한 작전 아크 가디언은 목표치의 72%를 달성했다
F180,사실,6,2022-11-04,sub:고스트_00,0,0,,0,0,,,,,,6,1,,person:고스트 place:미들_시티 person:에닉,확정,,,"고스트는 미들 시티를 관리하는 구역관리보호자율체(A.I)로, 라피에 따르면 사실상 에닉의 프로토타입이다"
F181,사실,6,2022-11-04,sub:고스트_00,0,0,,0,0,,,,,,6,1,,person:지휘관 person:고스트 place:미들_시티,확정,,,"지휘관은 고스트의 사용자로 인식되어, 카운터스가 중추 전력 센터의 스위치를 켜고 미들 시티 복구(예상 5421시간)를 시작시켰다"
F182,사실,11,2022-11-04,sub:시리얼_00,0,0,,0,0,,,,,,11,1,,person:시리얼 person:지휘관,확정,,,"친구가 없던 시리얼은 행운을 바라며 지상의 네잎클로버를 구해 달라 했고, 지휘관이 시리얼의 첫 친구가 되어 주었다"
F183,사실,20,2022-11-24,sub:시리얼_01,0,0,,0,0,,,,,,20,1,,person:시리얼 place:갱생관,확정,,,"시리얼에게 생긴 친구들이 친구비로 지상 식물을 요구하자, 시리얼은 꽃을 받자마자 더 달라는 그들을 식물 불법 소지죄로 신고해 갱생관에 보냈다"
F184,사실,20,2022-11-24,sub:시리얼_01,0,0,,0,0,,,,,,20,1,,org:중앙_정부 place:지상,확정,,,지상의 식물을 중앙 정부 허가 없이 개인이 가지고 있으면 중범죄다
F185,사실,20,2022-11-24,sub:시리얼_01,0,0,,0,0,,,,,,20,1,,person:시리얼,확정,,,"시리얼의 부모는 높은 사람이라, 시리얼이 가진 네잎클로버는 문제 되지 않는다"
F186,사실,20,2022-11-24,sub:시리얼_01,0,0,,0,0,,,,,,20,1,,place:갱생관,확정,,,갱생관은 죄를 지은 방주 사람이 수감되는 곳이다
F187,사실,12,2022-11-04,sub:산해진미_00,0,0,,0,0,,,,,,12,1,,person:산해진미 org:식도락가_여행자들,확정,,,"산해진미는 맛집 탐방 모임 식도락가 여행자들의 부회장으로, 멤버들이 돈을 모아 지상 음식을 사 먹어 봤지만 양이 적어 지휘관에게 지상 음식을 구해 달라 했다"
F188,사실,12,2022-11-04,sub:산해진미_00,0,0,,0,0,,,,,,12,1,,org:카운터스 place:지상,확정,,,카운터스는 최근 5년간 랩쳐가 가장 적게 나온 지상에서 열매들을 모으다 살아 있는 송아지를 보았다 — 지상에서 동물을 마주치는 것은 드문 일이다
F189,사실,54,2023-11-02,sub:산해진미_01,0,0,,0,0,,,,,,54,1,,org:A.C.P.U. person:산해진미 place:방주,확정,,,"지상 음식을 방주에 들여오는 것은 불법이라, 산해진미 모임은 지휘관이 구워 준 고구마를 A.C.P.U.에 몰수당하고 벌금을 냈다"
F190,사실,54,2023-11-02,sub:산해진미_01,0,0,,0,0,,,,,,54,1,,org:A.C.P.U. person:지휘관,확정,,,"고구마를 몰수한 A.C.P.U.는 흰 머리가 아주 길고 작은 사람으로, 지휘관은 고구마를 아주 좋아하는 아는 친구라고 한다"
F191,사실,6,2022-11-04,relic:니케실험대상자모집,0,0,,0,0,,,,,,6,1,,org:3대_기업 concept:니케,확정,relic:니케실험대상자모집,,"3대 기업 연구센터는 니케 실험 대상자를 여러 차례 모집했고, 자격은 2차 만 20–30세 남녀에서 3차 만 10–25세 여성(건강 상태 무관, 뇌질환은 별도 검사)으로 바뀌었다"
F192,사실,6,2022-11-04,relic:통화기록028594,0,0,,0,0,,,,,,6,1,,person:레이첼_호프 org:미실리스 org:갓데스,확정,relic:통화기록028594,,"레이첼 호프는 광고에 나온 갓데스처럼 되고 싶어 미실리스 과학기술연구소에 뇌를 기증해 니케 실험에 참가했고, 연구소는 그 결과를 군사 기밀이라며 어머니에게 알려 주지 않았다"
F193,사실,6,2022-11-04,relic:통화기록028594,0,0,,0,0,,,,,,6,1,,person:레이첼_호프 org:미실리스,확정,relic:통화기록028594,,레이첼 호프의 어머니는 미실리스가 어린 딸을 꼬드겨 괴물로 만들었다며 고발하겠다고 했다
F194,사실,7,2022-11-04,sub:세르반_01,0,0,,0,0,,,,,,7,1,,person:세르반,확정,,,"세르반의 가짜 훈장은 파티에 온 퇴역 군인에게 들통났고, 약혼자와 가족까지 그를 거짓말쟁이 협잡꾼으로 여기게 되었다"
F195,사실,7,2022-11-04,sub:세르반_01,0,0,,0,1,,,,,,8,2,,person:세르반 org:카운터스 concept:양산형_니케,확정,,,"세르반은 지상에서 카운터스가 로드 급 무리와 싸우는 영상을 찍어 평판과 약혼녀를 되찾았고, 호위로 데려온 양산형 니케들은 그 길에 그를 대신해 죽었다"
F196,사실,7,2022-11-04,sub:세르반_01,0,0,,0,1,,,,,,138,2,,person:세르반 person:지휘관,확정,,,"세르반은 아버지 이름만 대면 지상으로 가는 엘리베이터 보안도 통과하고, 아버지에게 지휘관의 공로를 전해 보급과 고위 간부의 배려로 갚겠다고 했다"
F197,사실,12,2022-11-04,sub:저스틴_00,0,0,,0,0,,,,,,12,1,,place:리페어_센터 concept:니케,확정,,,"리페어 센터는 파손된 니케를 수리하고 파츠를 바꾸는 니케 전용 병원으로, 가끔 인간 수술에 쓸 부품도 납품한다"
F198,사실,12,2022-11-04,sub:저스틴_00,0,0,,0,0,,,,,,12,1,,concept:니케 place:지상,확정,,,예전 지상의 병원에서는 팔다리를 잃은 사람에게 2세대 니케 부품을 임시로 이식했다 — 2세대 압력 센서는 인간의 신경 조직과 가장 비슷하다
F199,사실,12,2022-11-04,sub:저스틴_00,0,0,,0,0,,,,,,12,1,,person:저스틴 place:아우터_림 place:리페어_센터,확정,,,리페어 센터 직원 저스틴은 중앙 정부의 눈을 피해 아우터 림 사람들에게 달마다 2세대 니케 부품을 이식해 주고 있다 — 방주의 세포 재생 치료는 비용과 시간이 너무 든다
F200,사실,7,2022-11-04,relic:니케실험반대피켓,0,0,,0,0,,,,,,7,1,,org:3대_기업 concept:니케,확정,relic:니케실험반대피켓,,3대 기업의 니케 실험을 인간의 병기화라며 멈추라는 반대 시위가 있었다
F201,사실,7,2022-11-04,relic:니케실험반대피켓,0,0,,0,0,,,,,,7,1,,org:갓데스 concept:양산형_니케,확정,relic:니케실험반대피켓,,"한 부모의 피켓에 따르면, 갓데스처럼 되겠다며 18세에 실험에 자원한 딸은 다른 피실험자 30명과 똑같이 생긴 모습이 되어 부모 얼굴도 기억하지 못한다"
F202,사실,7,2022-11-04,relic:니케실험반대피켓,1,1,6,0,0,,,,,,7,2,,concept:니케 concept:양산형_니케,확정,relic:니케실험반대피켓,,"니케 실험 반대 피켓은 실험의 사망률이 67.7%이고, 살아남은 이 중 과반이 양산형 모델이 되며, 니케가 되어도 99.7%가 기억상실 · 정신착란 같은 부작용을 겪는다고 한다"
F203,사실,8,2022-11-04,ch07,0,0,,0,1,,,,,,36,2,,person:스노우_화이트 incident:랩쳐_침공,확정,ch07,,스노우 화이트는 1차 랩쳐 침공 때부터 수십 년 동안 제대로 된 정비를 받지 못한 채 지상에 있었다
F204,사실,8,2022-11-04,ch07,0,0,,0,0,,,,,,8,1,,person:퀸 person:스노우_화이트,확정,ch07,,"퀸은 랩쳐의 여왕이고, 스노우 화이트는 퀸을 잡아야 인간의 시대가 다시 온다고 믿는다"
F205,사실,8,2022-11-04,ch07,0,0,,0,0,,,,,,8,1,,person:스노우_화이트 person:토커티브 place:방주,확정,ch07,,스노우 화이트는 방주에서 큰 빛이 솟아오른 날 방주 근처에서 처음 토커티브를 만났다
F206,사실,8,2022-11-04,ch07,0,0,,0,0,,,,,,8,1,,org:필그림 place:방주,확정,ch07,,"스노우 화이트는 필그림이 방주를 전혀 모른다고 한다 — 어떤 세계인지도, 가고 싶은지조차 모른다"
F207,사실,8,2022-11-04,ch07,0,0,,0,0,,,,,,8,1,,person:모더니아,확정,ch07,,모더니아는 탄환을 막는 고밀도 자기장과 날개로 싸운다
F208,사실,8,2022-11-04,ch07,0,0,,0,1,,,,,,17,2,,person:지휘관 org:카운터스,확정,ch07,,"니케용 화기는 인간이 다룰 수 없지만, 지휘관은 스노우 화이트의 라이플을 외골격에 대고 한 발 쏘아 카운터스에게 신호를 보냈다"
F209,사실,8,2022-11-04,ch07,1,1,7,0,0,,,,,,8,2,,person:모더니아 person:마리안,확정,ch07,,"모더니아의 바이저 아래 얼굴은 마리안이었고, 모더니아는 마리안이라는 이름에 흔들리며 ""실버건 스쿼드의 마리안""이라고 되뇌었다"
F210,사실,8,2022-11-04,ch07,0,0,,0,2,,,,,,73,3,,person:모더니아 org:카운터스 person:스노우_화이트,확정,ch07,,모더니아에게서 터져 나온 검은 에너지 폭발로 카운터스와 스노우 화이트가 대파되어 눈보라 속 벙커에 갇혔다
F211,사실,8,2022-11-04,ch07,0,0,,0,0,,,,,,8,1,,person:지휘관 person:스노우_화이트 person:루드밀라,확정,ch07,,지휘관이 외골격을 내주자 스노우 화이트는 불꽃신호로 루드밀라 · 앨리스를 벙커까지 이끈 뒤 사라졌다
F212,사실,8,2022-11-04,ch07,0,0,,0,0,,,,,,8,1,,org:필그림,확정,ch07,,아니스는 필그림을 인간에게 버림받은 니케들이라 한다
F213,사실,8,2022-11-04,ch07,0,0,,0,0,,,,,,8,1,,person:스노우_화이트 person:지휘관,확정,ch07,,"스노우 화이트는 외골격을 돌려주며 조사해 보라고 탄환 하나를 건넸고, 함께하자는 제안은 사는 세계가 다르다며 거절했다"
F214,사실,8,2022-11-04,ch07,0,0,,0,0,,,,,,8,1,,org:중앙_정부 concept:특수_별동대 org:카운터스,확정,ch07,,"중앙 정부는 지휘관과 휘하 스쿼드를 특수 별동대로 임명했다 — 부사령관 아래로는 명령할 수 없고, 부사령관 이상의 명령도 타당한 이유가 있으면 거부할 수 있다"
F215,사실,8,2022-11-04,ch07,0,0,,0,0,,,,,,8,1,,person:엑시아,확정,ch07,,"탄환 속 물질은 데이터베이스에 없는 미지의 물질이고, 물질 데이터베이스가 지워진 듯해 중앙 정부 규모가 아니면 알아내기 어렵다"
F216,사실,8,2022-11-04,ch07,0,0,,0,0,,,,,,8,1,,concept:헬레틱 org:중앙_정부,확정,ch07,,"헬레틱에 대한 기록은 도시 괴담 말고는 거의 없고, 중앙 정부의 라이브러리는 특수 별동대라도 출입할 수 없다"
F217,사실,8,2022-11-04,ch07,0,0,,0,0,,,,,,8,1,,person:엑시아 org:카운터스,확정,ch07,,"엑시아에 따르면 지상에 중앙 정부와 비슷한 규모의 시설이 있어, 카운터스는 탄환을 조사하러 군수품 제조 시설로 가기로 했다"
F218,사실,8,2022-11-04,sub:중앙_정부_공식__01,0,0,,0,0,,,,,,8,1,,org:중앙_정부 place:지상,확정,,,"지상의 사람 찾기는 100번 중 90번은 허탕, 10번은 시체 발견이라 명확한 근거가 없으면 공식으로 진행하지 않는다"
F219,사실,8,2022-11-04,sub:중앙_정부_공식__01,0,0,,0,0,,,,,,8,1,,person:제인_밀러 org:카운터스,확정,,,"탈주해 사망 처리된 제인 밀러로 보이는 후드 쓴 인물이 지상에 살아 있었고, 카운터스는 그를 놓쳤지만 금색 머리칼 한 가닥을 얻었다"
F220,사실,8,2022-11-04,sub:중앙_정부_공식__01,0,0,,0,0,,,,,,8,1,,person:제인_밀러,확정,,,"중앙 정부 공식의 오퍼레이터는 제인 밀러의 전속 오퍼레이터나 다름없었고, 그가 탈주할 사람이 아니라고 여긴다"
F221,사실,8,2022-11-04,sub:세르반_02,0,0,,0,0,,,,,,8,1,,person:세르반 person:지휘관,확정,,,"세르반은 한 사업가와 손잡고, 약효가 있다는 지상의 주홍색 꽃 모종을 지휘관에게 구해 오게 해 온실에서 품종을 개량하게 했다"
F222,사실,8,2022-11-04,sub:세르반_02,0,0,,0,0,,,,,,8,1,,concept:로열 place:방주,확정,,,방주에서 로열이 사면받지 못할 죄는 없다
F223,사실,11,2022-11-04,sub:스페이드_00,0,0,,0,0,,,,,,11,1,,person:스페이드 concept:양산형_니케 org:카운터스,확정,,,"스페이드의 내기에서 받은 랜덤 좌표에는 랩쳐에게 포위된 채 방주로 데려가 달라는 양산형 니케가 있었고, 카운터스가 구해 데려왔다"
F224,사실,11,2022-11-04,sub:스페이드_00,0,0,,0,0,,,,,,11,1,,person:스페이드,확정,,,스페이드는 조난된 니케 구조를 내기로 꾸며 지휘관을 보낸 것으로 보인다 — 그냥 구조를 요청하면 대부분 무시한다고 흘렸다
F225,사실,11,2022-11-04,sub:스페이드_00,0,0,,0,0,,,,,,11,1,,concept:니케 place:지상,확정,,,지상의 니케 바디는 보이는 족족 랩쳐나 콜렉터가 털어 간다
F226,사실,13,2022-11-04,sub:러블리_드림_00,0,0,,0,0,,,,,,13,1,,person:러블리_드림☆ person:지휘관,확정,,,"러블리 드림☆은 신입 지휘관과 니케의 지상 생존 러브 스토리 드라마를 쓰려고, 지휘관이 지휘하는 모습이 담긴 실제 전투 영상을 부탁해 받았다"
F227,사실,13,2022-11-04,sub:러블리_드림_00,0,0,,0,0,,,,,,13,1,,person:머스탱 person:러블리_드림☆ org:테트라,확정,,,"테트라 라인의 CEO 머스탱은 ""니케는 모두 스타가 되어야 한다""고 말하며, 러블리 드림☆은 그를 존경한다"
F228,사실,25,2023-01-12,sub:러블리_드림_01,0,0,,0,0,,,,,,25,1,,person:러블리_드림☆ person:라피 person:지휘관,확정,,,러블리 드림☆의 부탁으로 라피가 지휘관과 작별 키스 장면을 흉내 내는 영상을 찍어 보냈다
F229,사실,8,2022-11-04,relic:채팅로그_얼리어답터,0,0,,0,0,,,,,,8,1,,place:쉘터 incident:랩쳐_침공,확정,relic:채팅로그_얼리어답터,,"랩쳐 침공 때 사람들이 피난한 쉘터는 식량이 모자라 인원을 솎아 밖으로 내보냈고, 병든 사람도 더는 보호하지 않고 쫓아냈다"
F230,사실,8,2022-11-04,d_ex_elevator_01,0,0,,0,0,,,,,,8,1,,place:방주 concept:니케 concept:양산형_니케,확정,d_ex_elevator_01,,"70년 전 전쟁에 지친 방주가 패배를 니케 탓으로 돌려 니케 인권이 바닥을 치자, 양산형 모델 ZX를 필두로 200기 넘는 니케가 방주를 버리고 엘리베이터로 지상에 가려 했다"
F231,사실,8,2022-11-04,d_ex_elevator_01,0,0,,1,0,,,,,,96,2,,org:중앙_정부 incident:갓데스_폴,확정,d_ex_elevator_01 event_footstepwalkrun1,,"중앙 정부는 이를 대량 탈주로 판단해 지상으로 가던 엘리베이터를 추락시켰고, 탑승한 니케 200기는 방주에 피해를 주지 않으려 모두 자폭했다"
F232,사실,8,2022-11-04,d_ex_elevator_01,0,0,,1,0,,,,,,96,2,,incident:갓데스_폴 concept:니케,확정,d_ex_elevator_01 event_footstepwalkrun1,,"그 엘리베이터 사건은 갓데스 폴이라 불리게 되었고, 방주에서 니케 인권이 크게 나아지는 계기가 되었다"
F233,사실,8,2022-11-04,d_ex_elevator_01,1,0,8,0,0,,,,,,8,1,,org:카운터스,확정,d_ex_elevator_01,,카운터스가 탄 엘리베이터에서 네온인 줄 알았던 이는 네온이 아니었다 — 그는 우리를 잊지 않는 한 200명의 니케가 지켜 주겠다고 했다
F234,사실,9,2022-11-04,ch08,0,0,,0,0,10,F248,,,뒤집힘,10,2,,person:시프티 org:카운터스,확정,ch08,,시프티가 카운터스 전속 오퍼레이터로 지원해 곧바로 배정되었다
F235,사실,9,2022-11-04,ch08,0,0,,0,0,,,,,,9,1,,concept:특수_별동대,확정,ch08,,"특수 별동대는 허가 없이 지상에 오를 수 있고, 그 작전 정보는 오퍼레이터에게도 공식으로 들어오지 않는다"
F236,사실,9,2022-11-04,ch08,0,0,,0,0,,,,,,9,1,,person:엑시아 person:라피,확정,ch08,,"엑시아는 라피가 어느 데이터베이스에도 없는 폭발 상자 여는 법을 3년 전 사고의 기억으로 알고 있는 것을 보고, 라피의 기억 소거가 먹히지 않았음을 알아챘다"
F237,사실,9,2022-11-04,ch08,0,0,,0,0,,,,,,9,1,,person:엑시아 person:라피 org:중앙_정부,확정,ch08,,"엑시아는 라피의 비밀을 기록에 남지 않는 화상 대화로만 짚고, 중앙 정부에 알리지 않겠다며 믿어 달라고 했다"
F238,사실,9,2022-11-04,ch08,0,0,,0,0,,,,,,9,1,,person:시프티 concept:니케,확정,ch08,,오퍼레이터 행동 강령에는 니케에게 정을 붙이지 말라는 조항이 있다 — 정을 붙일 만하면 니케들이 사라지기 때문이다
F239,사실,9,2022-11-04,sub:칠리페퍼_01,0,0,,0,0,,,,,,9,1,,person:칠리페퍼 place:전초기지,확정,sub:칠리페퍼_01,,"칠리페퍼가 지휘관을 보낸 곳들은 전초 기지 공사 책임자였던 칠리페퍼 아버지가 자재를 구하러 지상에 올라가 머문 임시 숙소들이고, 아버지는 로비로 책임자 자리를 땄다"
F240,사실,9,2022-11-04,sub:칠리페퍼_01,0,0,,0,0,,,,,,9,1,,place:전초기지 place:방주,확정,sub:칠리페퍼_01,,"전초 기지는 방주보다 지상에 가까운 터전이자 방주와 지상을 잇는 허브로 지으려던 대규모 지하 도시였는데, 랩쳐가 기어 내려오자 지상행 · 방주행 엘리베이터 하나씩만 남기고 공사가 중단되어 미완성이다"
F241,사실,9,2022-11-04,sub:칠리페퍼_01,0,0,,0,0,,,,,,9,1,J35,person:칠리페퍼,확정,sub:칠리페퍼_01,,"숙소들에 남은 새 술병은 칠리페퍼가 일방적으로 못된 말을 한 뒤 사과의 뜻으로 아버지에게 준 것인데, 아버지는 뜯지도 않았다"
F242,사실,13,2022-11-04,sub:든_셀_00,0,0,,0,0,,,,,,13,1,,person:제이드_한슨 person:지휘관,확정,sub:든_셀_00,,"지휘관에게 깨진 채 온 구조 문자는 1차 침공기 말에 복무하다 죽은 군인 제이드 한슨이 복무 중 핸드폰으로 보낸 것으로, 그 폰은 좌표의 격전지에 수십 년 동안 켜진 채 남아 있었다"
F243,사실,13,2022-11-04,sub:든_셀_00,0,0,,0,0,,,,,,13,1,,concept:에블라_입자 incident:랩쳐_침공,확정,sub:든_셀_00,,"1차 침공기에는 에블라 입자 때문에 아군끼리 통신이 되지 않아, 고립된 군인들이 개인 폰으로 구조 문자를 보내곤 했다"
F244,사실,13,2022-11-04,sub:든_셀_00,0,0,,0,0,,,,,,13,1,,person:엑시아 person:노벨 org:프로토콜,확정,sub:든_셀_00,,"엑시아와 노벨은 프로토콜로, 카운터스가 가져온 것을 분석해 준다"
F245,사실,9,2022-11-04,relic:광고팜플렛,0,0,,0,0,,,,,,9,1,,incident:랩쳐_침공,확정,relic:광고팜플렛,,"랩쳐 침공 시기의 광고 전단에 따르면 전선 밖의 물건을 가져다주는 배달, 침공 전 값의 1%에 생필품으로만 받는 부동산 매매, 호신술 과외, 유서를 쓰고 타는 헬리콥터 여행이 광고되었다"
F246,사실,9,2022-11-04,relic:UFO챈.zip,0,0,,0,0,,,,,,9,1,,place:궤도_엘리베이터 concept:랩쳐,확정,relic:UFO챈.zip,,랩쳐가 처음 나타날 무렵 인터넷 채널에는 궤도 엘리베이터를 타고 기계처럼 생긴 '외계인'이 내려왔다는 글과 목격담이 돌았다
F247,사실,9,2022-11-04,relic:UFO챈.zip,0,0,,0,0,,,,,,9,1,,concept:랩쳐 incident:랩쳐_침공,확정,relic:UFO챈.zip,,"침공 초기의 목격담에 따르면 큰 '외계인'(랩쳐)은 실탄 · 대함 미사일이 통하지 않았고, 해외에서 터뜨린 핵폭탄도 소용없었다고 한다"
F248,사실,10,2022-11-04,ch09,3,2,9,0,1,,,,,,14,3,J22,person:슈엔 person:시프티 org:카운터스,확정,ch09,,"ch08부터 카운터스의 오퍼레이터 시프티 행세를 한 것은 딥페이크를 쓴 슈엔이었고, 진짜 시프티는 한 달 전부터 합숙 훈련 중이다"
F249,사실,10,2022-11-04,ch09,0,0,,0,1,,,,,,16,2,J4,concept:언체인드 person:스노우_화이트,확정,ch09,,"스노우 화이트의 탄환에는 평범한 라이플 탄환 성분에 '언체인드'라는 물질이 섞여 있었는데, 방주 데이터베이스에서는 그 기록이 소거되어 있었다"
F250,사실,10,2022-11-04,ch09,0,0,,0,0,,,,,,10,1,,person:엑시아 org:트라이앵글 org:중앙_정부,확정,ch09,,"엑시아는 중앙 정부 데이터베이스를 해킹하다 들켜 트라이앵글에게 현장 사살되었고, 사살 전에 비밀을 지키려고 스스로 뇌를 태웠다"
F251,사실,10,2022-11-04,ch09,1,0,10,0,0,,,,,,10,1,,person:슈엔 person:엑시아,확정,ch09,,엑시아의 해킹을 중앙 정부에 알린 것은 슈엔이다
F252,사실,10,2022-11-04,ch09,0,0,,0,0,,,,,,10,1,,org:트라이앵글 concept:특수_별동대,확정,ch09,,"트라이앵글은 중앙 정부 직속 스쿼드로 특수 별동대를 심문할 권한이 있다고 주장하지만, 부사령관 이상이 결재한 공문 없이는 카운터스를 데려가지 못했다"
F253,사실,10,2022-11-04,ch09,0,0,,0,0,,,,,,10,1,,person:프리바티 person:라피,확정,ch09,,트라이앵글의 프리바티는 라피를 예전부터 겨뤄 온 숙명의 라이벌이라 한다
F254,사실,10,2022-11-04,ch09,1,0,10,0,0,,,,,,10,1,,person:슈엔 concept:언체인드,확정,ch09,,슈엔은 방주 통신망에서 '언체인드'라는 단어를 검색도 입력도 못 하게 막았다
F255,사실,10,2022-11-04,ch09,0,0,,0,1,,,,,,90,2,,concept:언체인드 concept:니케 person:엑시아 person:노벨,확정,ch09,,"엑시아가 죽기 전 노벨에게 보낸 암호에 따르면, 언체인드는 니케 뇌에 있는 나노머신을 파괴해 니케를 불멸의 굴레에서 벗어나게 한다"
F256,사실,10,2022-11-04,ch09,0,0,,0,0,,,,,,10,1,,person:엑시아,확정,ch09,,"사살된 엑시아는 멀쩡히 데이터 센터에서 일하고 있고, 자기가 해킹하다 사살당한 일을 기억하지 못한다"
F257,사실,10,2022-11-04,ch09,0,0,,0,0,,,,,,10,1,,concept:헬레틱 org:앱솔루트 org:메티스,확정,ch09,,"헬레틱과 조우하고 살아남은 스쿼드는 엘리시온의 앱솔루트와 미실리스의 메티스로, 두 최강 스쿼드가 처음이자 마지막으로 연합한 작전에서 승리에 가까운 결과를 냈다"
F258,사실,10,2022-11-04,ch09,0,0,,0,0,,,,,,10,1,,place:아우터_림 org:이그조틱,확정,ch09,,아우터 림은 이그조틱 스쿼드 말고는 니케에게 큰 반발심을 가진 곳이다
F259,사실,10,2022-11-04,ch09,0,0,,0,1,,,,,,11,2,J2,person:라피 concept:언체인드 concept:NIMPH person:잉그리드 person:엔더슨,확정,ch09,,"라피는 엔더슨 · 잉그리드에게 기억 소거가 먹히지 않는다고 밝히고, 원인을 NIMPH를 죽이는 물질 언체인드에 노출된 것으로 본다며 협력의 대가로 자기 몸과 뇌를 내놓겠다고 했다"
F260,사실,10,2022-11-04,ch09,0,0,,0,0,,,,,,10,1,,person:잉그리드 person:라피,확정,ch09,,"잉그리드는 라피를 자기가 키웠다고 하고, 라피가 교관에게 배운 말을 떠올리자 기억이 남은 것을 인정했다"
F261,사실,10,2022-11-04,ch09,0,0,,0,0,,,,,,10,1,,person:엔더슨 person:잉그리드 org:카운터스 org:앱솔루트,확정,ch09,,"엔더슨 · 잉그리드는 카운터스의 뒷배가 되기로 하고, 앱솔루트와의 협동 작전과 헬레틱 교전이 있었던 출입 금지 구역 에어리어 H 출입을 허락했다"
F262,사실,13,2022-11-04,sub:테디_00,0,0,,0,0,,,,,,13,1,,person:지휘관 person:테디,확정,,,지휘관은 사관학교에서 가장 동경하는 인물 1위로 뽑혔다
F263,사실,13,2022-11-04,sub:테디_00,0,0,,0,0,,,,,,13,1,,person:테디 concept:니케,확정,,,"테디는 니케를 명령을 듣는 병기 · 총알받이로 여기고, 구제불능 니케를 지상에 던져 랩쳐에게 뜯기게 한 뒤 뇌를 바꾸면 다른 인격이 된다는 소문을 믿는다"
F264,사실,13,2022-11-04,sub:테디_00,0,0,,0,0,,,,,,13,1,,person:테디,확정,,,"지휘관 지망생이 몰래 지상에 오르다 걸리면 퇴학이고, 일반인은 지상 엘리베이터를 마음대로 탈 수 없다"
F265,사실,10,2022-11-04,sub:미실리스_연구팀_00,0,0,,0,0,,,,,,10,1,,org:미실리스 person:볼트_MK.II,확정,,,"미실리스 연구팀이 만든 자율 판단 지원형 로봇 볼트 주니어(VOLT-JU052)가 지상 교육 중 이탈했고, 연구팀은 기술 유출을 막으려 포획이 안 되면 파괴해 달라고 지휘관에게 의뢰했다"
F266,사실,10,2022-11-04,sub:미실리스_연구팀_00,0,0,,0,0,,,,,,10,1,,person:볼트 person:리타 person:볼트_MK.II,확정,,,"리타가 데리고 다니는 볼트(VOLT-N00)는 몇 남지 않은 VOLT 시리즈의 원형 모델이고, 볼트 주니어는 볼트를 베이스로 만든 후속 기종이다"
F267,사실,14,2022-11-04,sub:미실리스_연구팀_01,0,0,,0,0,,,,,,14,1,,org:미실리스 concept:니케,확정,,,"미실리스는 동물 대체용 로봇을 만드는 프로젝트를 여러 번 벌여 왔고, 연구팀은 그것이 니케 생성 기술의 의문점을 풀 수도 있다고 하다가 말을 끊었다"
F268,사실,14,2022-11-04,sub:미실리스_연구팀_01,0,0,,0,0,,,,,,14,1,,concept:랩쳐 person:볼트_MK.II,확정,,,랩쳐는 로봇 개 볼트 주니어를 공격하지 않았다
F269,사실,14,2022-11-04,sub:미실리스_연구팀_01,0,0,,0,0,,,,,,14,1,,org:미실리스 person:볼트_MK.II person:라피,확정,,,"라피는 미실리스 연구팀이 일부러 카운터스에게 볼트 주니어를 쫓게 해 그 능력을 시험한다고 의심했고, 연구팀은 두 번 놓쳤다는 보고에 오히려 기뻐하며 지상 탈환용 새 병기를 말했다"
F270,사실,25,2023-01-12,sub:미실리스_연구팀_02,0,0,,0,0,,,,,,25,1,,org:카운터스 person:리타 person:센티 person:볼트_MK.II,확정,,,"카운터스는 리타 · 센티와 함께 볼트 주니어의 위치 추적기를 부숴 지상에 풀어 주고 개집을 지어 준 뒤, 미실리스 연구팀에는 랩쳐에게 파괴되었다고 보고했다"
F271,사실,26,2023-01-12,sub:미실리스_연구팀_03,0,0,,0,0,,,,,,26,1,,org:마이티_툴즈 person:볼트_MK.II org:카운터스,확정,,,"카운터스는 마이티 툴즈가 만든 가짜 볼트 주니어를 부숴 찍은 사진으로 연구팀의 횡령 혐의를 벗겨 주었고, 연구팀은 가짜인 것을 짚으면서도 개를 좋아한다며 넘어갔다"
F272,사실,26,2023-01-12,sub:미실리스_연구팀_03,0,0,,0,0,,,,,,26,1,,person:볼트_MK.II place:지상,확정,,,"지상에는 늑대 무리가 살아 있고, 풀려난 볼트 주니어는 그 무리와 함께 지낸다"
F273,사실,10,2022-11-04,relic:지휘관모집공고,0,0,,0,0,,,,,,10,1,,person:지휘관,확정,relic:지휘관모집공고,,"지휘관 모집 공고의 지원 자격은 1기 18~35세 건장한 남성에서 2기 15~48세 남성, 3기 남성 누구나로 넓어졌고, 3기 공고는 승리의 여신들이 대신 싸워 준다고 내걸었다"
F274,사실,11,2022-11-04,ch10,0,0,,0,0,,,,,,11,1,,person:시프티,확정,ch10,,합숙 훈련에서 돌아온 진짜 시프티가 카운터스 · 앱솔루트 연합 작전의 오퍼레이터를 맡았다
F275,사실,11,2022-11-04,ch10,0,0,,0,0,,,,,,11,1,,concept:헬레틱 org:앱솔루트 org:메티스,확정,ch10,,"과거 앱솔루트 · 메티스가 헬레틱을 격추했을 때의 폭발로 반경 4km의 크레이터가 생겨 3달 동안 불탔고, 연합 작전의 목표는 불길이 잦아든 크레이터 중심부에서 헬레틱의 파편을 가져오는 것이다"
F276,사실,11,2022-11-04,ch10,0,0,,0,1,,,,,,119,2,,org:앱솔루트 org:메티스 concept:헬레틱,확정,ch10,,"그 헬레틱과의 교전에서 앱솔루트 · 메티스는 모두 폐기 직전까지 갔고, 마침 번개가 떨어지지 않았다면 다 죽었을 것이다"
F277,사실,11,2022-11-04,ch10,0,0,,0,0,,,,,,11,1,,person:베스티 org:앱솔루트,확정,ch10,,베스티는 보기와 달리 앱솔루트에서 가장 강한 니케다
F278,사실,11,2022-11-04,ch10,0,0,,0,0,,,,,,11,1,,person:라피 person:은화 org:앱솔루트,확정,ch10,,"라피는 원래 앱솔루트의 일원이었는데 말 한마디 없이 서류 한 장으로 나갔고, 은화는 그런 라피를 배신자라 부른다"
F279,사실,11,2022-11-04,ch10,0,0,,0,1,,,,,,81,2,J2,person:라피 org:앱솔루트,확정,ch10,,"라피가 앱솔루트를 그만둔 것은, 방주 근처에 타일런트 급 다섯 기가 나타난 작전에서 유탄으로 민간인을 죽이고도 슬퍼하지 않고 경위서만 떠올린 자신이 인간도 니케도 아닌 무엇인지 알 수 없어서다"
F280,사실,11,2022-11-04,ch10,0,0,,0,0,,,,,,11,1,,org:메티스,확정,ch10,,크레이터로 가는 길에 메티스 니케 셋이 쓰러진 채 발견되었다
F281,사실,7,2022-11-04,sub:코리_00,0,0,,0,0,,,,,,7,1,,place:방주,확정,,,지하 도시 방주에는 하늘이 없다
F282,사실,7,2022-11-04,sub:코리_00,0,0,,0,0,,,,,,7,1,,person:코리,확정,,,"머리에 혹이 계속 커지는 희귀병으로 수술을 앞둔 일곱 살 코리는 지상의 하늘 사진을 부탁했지만, 사진이 닿기 전에 세상을 떠났다"
F283,사실,11,2022-11-04,sub:롬_00,0,0,,0,0,,,,,,11,1,,person:롬,확정,,,"롬(CAN_051)은 인류가 지하로 내려가기 전부터 쓰던 로봇으로, 그때의 유물을 찾아 컨테이너에 모으며 목표 유물을 찾을 때까지 지상을 돌아다닌다"
F284,사실,11,2022-11-04,sub:롬_00,0,0,,0,0,,,,,,11,1,,person:롬 concept:랩쳐,확정,,,로봇인 롬은 랩쳐의 눈에 띄지 않는다
F285,사실,15,2022-11-04,sub:롬_01,0,0,,0,1,,,,,,113,2,,person:롬,확정,,,"롬은 모은 유물로 사람들이 자주 가던 번화가를 흉내 낸 '제2의 방주'를 꾸며 카운터스를 초대했지만, 랩쳐의 습격으로 유물이 많이 부서졌다"
F286,사실,25,2023-01-12,sub:롬_02,0,0,,0,1,,,,,,113,2,,person:롬 org:카운터스,확정,,,"롬은 들어간 집마다 걸려 있던 가족사진을 보고, 가족이 없는 자기도 카운터스와 함께 찍은 사진을 제2의 방주 벽에 걸었다"
F287,사실,11,2022-11-04,relic:어느소녀의수기,0,0,,0,0,,,,,,11,1,,incident:랩쳐_침공 concept:니케 place:쉘터,확정,relic:어느소녀의수기,,"랩쳐 침공 때 한 아빠는 딸에게 랩쳐를 가짜 로봇이라 속이며 텅 빈 놀이동산에서 마지막 여행을 보냈고, 랩쳐에게 둘러싸였을 때 니케가 나타나 구해 주어 둘은 쉘터로 갔다"
F288,사실,12,2022-11-04,ch11,0,0,,0,0,,,,,,12,1,J22,org:메티스 person:라플라스 person:드레이크 person:맥스웰 person:슈엔,확정,ch11,,"카운터스와 앱솔루트를 뒤따른 셋은 슈엔이 헬레틱의 파편을 가져오라고 보낸 메티스(라플라스 · 드레이크 · 맥스웰)였고, 쓰러져 있던 것은 배터리가 떨어져서였다"
F289,사실,12,2022-11-04,ch11,0,0,,0,0,,,,,,12,1,,org:메티스,확정,ch11,,메티스는 코어 말고도 전기를 보조 동력으로 쓴다
F290,사실,12,2022-11-04,ch11,0,0,,0,0,,,,,,12,1,,org:미실리스 org:앱솔루트,확정,ch11,,미실리스에는 앱솔루트 전담 정보부가 있어 앱솔루트가 어디서 무엇을 하는지 모두 보고받는다
F291,사실,12,2022-11-04,ch11,1,1,10,0,0,,,,,,12,2,,person:라피 person:잉그리드,확정,ch11,,라피가 '교관'이라 부르는 이는 잉그리드다
F292,사실,12,2022-11-04,ch11,0,0,,0,0,,,,,,12,1,,person:슈엔 person:잉그리드 org:메티스,확정,ch11,,"슈엔은 메티스의 작전 방해를 자기가 시켰다며 감쌌고, 미실리스를 '미사일스'라 부르는 잉그리드와는 서로 으르렁대는 사이다"
F293,사실,12,2022-11-04,ch11,0,0,,0,1,,,,,,151,2,,person:맥스웰 person:슈엔 org:메티스,확정,ch11,,"맥스웰에 따르면 슈엔은 메티스를 니케치고 아끼는 정도일 뿐, 자기 체면을 세워 줄 성능 좋은 장난감으로 여긴다"
F294,사실,12,2022-11-04,ch11,0,0,,0,0,,,,,,12,1,,person:라플라스 concept:니케,확정,ch11,,"메티스의 리더 라플라스는 모든 니케가 인간을 지키는 히어로여야 하며, 인간의 도움을 받는 니케와 인간은 전우가 될 수 없다고 믿는다"
F295,사실,12,2022-11-04,ch11,0,0,,0,0,,,,,,12,1,,concept:랩쳐 concept:헬레틱,확정,ch11,,"크레이터 근처의 랩쳐는 이전보다 312% 늘었고, 라피는 랩쳐도 헬레틱의 파편을 노리고 있다고 본다"
F296,사실,12,2022-11-04,ch11,0,0,,0,0,,,,,,12,1,,concept:랩쳐,확정,ch11,,"헬레틱 교전지의 목표 좌표는 지면이 200m 솟은 가공 지형이었고, 그 아래 재머로 반응을 숨긴 랩쳐 100여 기가 촉수 공격과 함께 매복해 있었다"
F297,사실,12,2022-11-04,sub:음악_애호가_00,0,0,,0,0,,,,,,12,1,,person:율리아 person:뮤직_마스터,확정,,,"율리아가 '스승님'이라 부르는 뮤직 마스터는 지상에 남아 옛 지상의 노래만 트는 낡은 주크박스로, 카운터스와 율리아가 배터리를 갈아 다시 켰다"
F298,사실,55,2023-11-02,sub:음악_애호가_01,0,0,,0,0,,,,,,55,1,,org:카운터스,확정,,,"카운터스는 지상의 기차 객실에서 CD 플레이어로 음악을 들으며 죽은 사람의 백골을 찾고, 그 음악을 가져가지 않고 두고 왔다"
F299,사실,12,2022-11-04,relic:기업-랩쳐음모론,0,0,,0,0,,,,,,12,1,,place:방주,확정,relic:기업-랩쳐음모론,,"랩쳐 침공 초기에 기업 연합이 뉴스로 방주의 존재를 밝혔고, 방주는 하나에 천만 명을 수용하는 초거대 쉘터로 소개되었다"
F300,사실,12,2022-11-04,relic:기업-랩쳐음모론,0,0,,0,0,,,,,,12,1,,concept:랩쳐 org:미실리스,확정,relic:기업-랩쳐음모론,,"침공 초기의 음모론 메일은 랩쳐가 거대 기업, 특히 첨단 기술을 독점한 미실리스의 실패작이고 기업들이 수십 년 전부터 랩쳐를 알고 숨겼다고 주장했다"
F301,사실,12,2022-11-04,relic:기업-랩쳐음모론,0,0,,0,0,,,,,,12,1,,org:엘리시온 org:테트라 org:미실리스 place:방주,확정,relic:기업-랩쳐음모론,,"음모론 메일에 따르면 엘리시온과 테트라 라인은 미실리스의 방주 사업에 가담했고, 방주는 기업 비리를 고발한 필자의 출입을 거부했다"
F302,사실,12,2022-11-04,relic:구시대의플레이리스트,0,0,,0,0,,,,,,12,1,,place:방주,확정,relic:구시대의플레이리스트,,구시대의 노래 'Welcome to the Ark'는 방주가 대통령 · 정치인 · CEO · 과학자만 받고 나머지 사람에게는 자리가 없다고 비꼰다
F303,사실,13,2022-11-04,ch12,0,0,,0,1,,,,,,151,2,,org:메티스 person:맥스웰 person:드레이크,확정,ch12,,"메티스는 전기 보조 동력으로 작전 시간이 길고, 맥스웰은 기계를 만들고 고치며, 드레이크는 대부분의 전파를 몸으로 느껴 겪어 본 전파를 쫓을 수 있다"
F304,사실,13,2022-11-04,ch12,2,0,13,0,1,,,,,,20,2,J22,org:메티스 person:라피 person:은화 person:엠마,확정,ch12,,"촉수에 찔린 메티스는 합류 전부터 침식되어 길을 아는 척 일행을 중심부로 유인했고, 이를 알아챈 라피 · 은화가 제압탄으로 쓰러뜨렸다"
F305,사실,13,2022-11-04,ch12,0,0,,0,0,,,,,,13,1,,concept:침식 concept:니케,확정,ch12,,"침식된 니케는 이레귤러가 될 수 있어 처분하는 것이 규칙이지만, 증상 초기(3시간 안쪽)에 기억 소거로 살아난 사례가 여럿 있다"
F306,사실,13,2022-11-04,ch12,0,0,,0,0,,,,,,13,1,,concept:랩쳐 concept:침식,확정,ch12,,헬레틱의 파편이 있던 방은 방 전체가 촉수로 침식을 일으키는 타일런트 급 이상의 랩쳐였다
F307,사실,13,2022-11-04,ch12,0,0,,0,0,,,,,,13,1,,concept:니케 concept:랩쳐,확정,ch12,,랩쳐 지하 시설에 쌓인 박스들에는 니케들이 조금이라도 많이 넣으려는 듯 구겨져 들어 있었다
F308,사실,13,2022-11-04,ch12,0,0,,0,1,,,,,,20,2,,person:라플라스 org:익스터너 person:메이든 person:길로틴,확정,ch12,,"제압탄을 이겨 낸 침식된 라플라스가 수송기를 쏘려다 총을 버리고 스스로 머리를 쏘려는 순간, 익스터너 스쿼드의 메이든 · 길로틴이 나타나 모두의 움직임을 멈추고 총의 에너지를 흩은 뒤 사라졌다"
F309,사실,13,2022-11-04,ch12,0,0,,0,0,,,,,,13,1,,org:익스터너 person:잉그리드,확정,ch12,,"익스터너는 세상에 드러나선 안 되는 존재라 하고, 잉그리드는 이번 작전에서 자기 [비장의 카드]까지 드러냈다고 한다"
F310,사실,13,2022-11-04,ch12,0,0,,0,1,,,,,,109,2,,org:메티스 person:슈엔,확정,ch12,,"침식된 메티스는 콜드 슬립에 들어갔다 — 슈엔이 기억 소거를 기를 쓰고 반대해, 방법을 찾을 때까지 보관한다"
F311,사실,13,2022-11-04,ch12,0,0,,0,0,,,,,,13,1,,concept:침식 concept:NIMPH,확정,ch12,,"잉그리드에 따르면 침식은 NIMPH에 랩쳐의 코드를 심어 바꾸는 것으로, 바뀐 NIMPH가 뇌에 강제 명령을 계속 내려 니케를 랩쳐의 수족으로 만든다"
F312,사실,13,2022-11-04,ch12,2,2,11,0,3,,,,,,138,6,J2,person:라피 concept:NIMPH person:잉그리드,확정,ch12,,"라피는 침식 촉수에 찔리고도 침식되지 않았고, 잉그리드는 그것을 라피의 뇌에 NIMPH가 없다는 뜻으로 보아 기억 소거가 먹히지 않는다는 말을 사실로 받아들였다"
F313,사실,13,2022-11-04,ch12,0,0,,0,0,,,,,,13,1,,concept:언체인드 person:잉그리드,확정,ch12,,"중앙 정부 데이터베이스에 있는 언체인드 정보는 나노머신을 삭제한다는 것뿐이고, 잉그리드는 라피의 노출 이력과 지휘관이 가진 탄환을 보아 언체인드가 하나가 아니라고 본다"
F314,사실,13,2022-11-04,ch12,1,0,13,0,0,,,,,,13,1,,person:슈엔 person:라피 person:미하라 org:메티스,확정,ch12,,"슈엔은 라피가 언체인드에 노출되어 기억 소거도 침식도 먹히지 않는다는 극비를 알고 있었고, 메티스를 살리려 언체인드나 라피를 넘기라며 미하라에게 자결까지 명령하다 잉그리드에게 막혔다"
F315,사실,13,2022-11-04,ch12,0,0,,0,0,,,,,,13,1,,person:지휘관 person:슈엔 org:메티스,확정,ch12,,"지휘관은 슈엔에게 메티스를 구할 방법을 반드시 찾겠다고 약속했고, 슈엔은 찾으면 무릎이라도 꿇되 못 찾으면 지휘관을 죽이겠다고 했다"
F316,사실,13,2022-11-04,ch12,0,0,,0,0,,,,,,13,1,,person:슈엔 org:메티스,확정,ch12,,"슈엔은 메티스가 굴러다니는 고철들과 다른 특별한 아이들이라고 하지만, 왜 특별한지는 말하지 않는다"
F317,사실,13,2022-11-04,ch12,0,0,,0,0,,,,,,13,1,,person:유니 person:라피 person:미하라,확정,ch12,,"유니는 같은 기억 소거를 받고도 기억이 남은 라피를 원망하며, 기억을 잃은 미하라는 죽었다고 한다"
F318,사실,13,2022-11-04,ch12,0,0,,0,1,,,,,,102,2,,concept:마테리얼_H concept:헬레틱 concept:니케,확정,ch12,,"헬레틱의 파편(마테리얼 H)은 다수의 나노머신으로 되어 있고, 전기 자극을 받자 촉수를 뻗어 사람 · 기계는 두고 니케 18기만 분해 · 흡수했다 — 지금까지 450여 기를 흡수해 약 12kg이다"
F319,사실,13,2022-11-04,ch12,0,0,,0,0,,,,,,13,1,J15,concept:마테리얼_H concept:헬레틱 concept:랩쳐,확정,ch12,,"랩쳐의 지하 시설은 반경 20km에 이르는 배양 시설로, 움직이는 길과 침식 촉수로 니케를 붙잡아 마테리얼 H에게 먹이거나 보관소에 두며, 목적은 마테리얼 H를 키워 헬레틱을 부활시키는 것이다"
F320,사실,13,2022-11-04,ch12,1,0,13,0,0,,,,,,13,1,J15,concept:니케 concept:랩쳐,확정,ch12,,"지하 시설 보관소의 니케 약 200기는 지상에서 길을 잃거나 임무에서 낙오된 니케들로, 최근 길 잃은 니케가 드물어진 것은 이리로 새어 나갔기 때문이다"
F321,사실,13,2022-11-04,ch12,0,0,,0,0,,,,,,13,1,,concept:랩쳐 place:방주,확정,ch12,,랩쳐가 만든 지하 시설은 구조와 형태가 방주의 축소판이라 할 만큼 방주와 닮았다
F322,사실,13,2022-11-04,ch12,0,0,,0,0,,,,,,13,1,,person:모더니아,확정,ch12,,지하 시설 제압 중 헬레틱 모더니아가 나타나 모든 스쿼드가 퇴각했다
F323,사실,13,2022-11-04,ch12,0,0,,0,0,,,,,,13,1,,person:엔더슨 person:잉그리드 person:슈엔 person:머스탱 person:모더니아 org:카운터스,확정,ch12,,"엔더슨 · 잉그리드 · 슈엔 · 머스탱은 지하 시설을 폭파해 묻고 모더니아를 확보하는 총력전을 세웠고, 카운터스가 모더니아를 설득하다 실패하면 언체인드를 쏘기로 했다"
F324,사실,13,2022-11-04,ch12,0,0,,0,0,,,,,,13,1,,concept:헬레틱 concept:언체인드 person:엔더슨,확정,ch12,,"헬레틱의 구성 물질이 나노머신으로 확인되어, 엔더슨은 지휘관이 가진 단 한 발의 언체인드가 헬레틱에게 결정적인 한 발이 될 거라고 본다"
F325,사실,13,2022-11-04,ch12,0,0,,0,0,,,,,,13,1,,person:스노우_화이트 person:토커티브,확정,ch12,,"스노우 화이트가 총력전 전날 밤 지휘관을 찾아와, 내일 난입해 토커티브를 직접 끝내겠다고 했다"
F326,사실,19,2022-11-24,sub:숲속요정_00,0,0,,1,0,,,,,,35,2,,person:숲속요정 concept:NIMPH concept:침식 org:M.M.R.,확정,sub:숲속요정_00 ch21,,"M.M.R. 직원이라는 숲속요정에 따르면 NIMPH를 만드는 공정 · 기술은 아무도 모르고 자료조차 없으며, 그는 NIMPH가 인간의 기술이 아니고 침식과 메커니즘이 같다고 추리한다"
F327,사실,19,2022-11-24,sub:숲속요정_00,0,0,,0,0,,,,,,19,1,,concept:랩쳐 org:중앙_정부,확정,sub:숲속요정_00,,"랩쳐의 코어는 특별 관리 물품이라 중앙 정부에 보고하지 않고 방주로 가져가면 불법이고, 방주에 들어오는 코어는 모두 정제된 것이다"
F328,사실,19,2022-11-24,sub:숲속요정_00,0,0,,0,0,,,,,,19,1,,person:숲속요정,확정,sub:숲속요정_00,,멀쩡한 랩쳐 코어를 받은 숲속요정은 '손님이 왔다'는 말을 남긴 직후 메신저 계정이 블록/삭제되어 연락이 끊겼다
F329,사실,13,2022-11-04,relic:어느의사의수기,0,0,,0,0,,,,,,13,1,,incident:랩쳐_침공 place:방주,확정,relic:어느의사의수기,,"랩쳐 침공 중 무너진 병원에 남은 한 의사는 방주로 떠난 간호사와 달리 끝까지 환자를 돌봤지만, 마지막 환자가 죽은 뒤 굶주림 속에 수술칼과 시신만 남아 스스로 이상해져 간다고 적었다"
F330,사실,14,2022-11-04,ch13,0,0,,0,0,,,,,,14,1,,org:인피니티_레일 org:카운터스 concept:랩쳐,확정,ch13,,"인피니티 레일 스쿼드(디젤 · 솔린 · 브리드)가 만든 지상용 단독부상열차 AZX가 카운터스를 태웠지만, 랩쳐가 만든 타일런트 급 열차의 포격에 방향 제어를 잃어 카운터스는 도중에 내렸다"
F331,사실,14,2022-11-04,ch13,0,0,,0,0,,,,,,14,1,,person:스노우_화이트 person:슈가 person:토커티브 org:카운터스,확정,ch13,,"스노우 화이트는 처음부터 카운터스를 따라와 토커티브를 맡았고, 슈가가 바이크 블랙 타이푼에 카운터스를 태워 목표 지점 근처까지 데려다주었다"
F332,사실,14,2022-11-04,ch13,0,0,,0,0,,,,,,14,1,,person:슈가 concept:니케 org:카운터스,확정,ch13,,"슈가에 따르면 이 총력전에는 모든 니케가 이의 없이 동의했고, 그들은 카운터스가 '잘못돼도 다시 돌아올 수 있다'는 희망이 되어 주길 기대한다"
F333,사실,14,2022-11-04,ch13,0,0,,0,0,,,,,,14,1,,person:모더니아 person:퀸 person:마리안,확정,ch13,,"모더니아는 자신을 퀸을 위해서만 만들어진 '퀸의 정예'라 하고, 마리안이라는 이름도 지휘관도 모른다고 했다"
F334,사실,14,2022-11-04,ch13,1,1,8,0,1,,,,,,154,3,,person:모더니아 person:마리안 person:라피,확정,ch13,,"교전 중 머리 통증을 겪은 모더니아는 마리안처럼 지휘관을 알아보고 붕대를 다시 감아 달라 했지만, 막아선 라피를 촉수로 찔러 흡수하려 했고 라피는 흡수되지 않았다"
F335,사실,14,2022-11-04,ch13,0,0,,0,1,,,,,,101,2,,person:지휘관 person:모더니아 concept:언체인드,확정,ch13,,"지휘관이 쏜 언체인드 탄환을 모더니아는 입으로 물어 막았고, 촉수로 지휘관의 복부를 꿰뚫어 치명상을 입혔다"
F336,사실,14,2022-11-04,ch13,1,1,6,0,0,,,,,,14,2,J2,person:라피 person:레드_후드,확정,ch13,,"라피는 '코드 해방'으로 서브 제네레이터와 시크릿 바디 '레드후드'를 가동할 수 있고, 그러자 머리가 붉게 타오르며 촉수를 뜯어내고 음속을 넘는 속도로 파편을 던졌다"
F337,사실,14,2022-11-04,ch13,0,0,,0,0,,,,,,14,1,,person:모더니아 person:마리안 person:지휘관,확정,ch13,,집중 사격으로 모더니아를 덮은 부품이 떨어져 흩어지자 마리안이 돌아와 지휘관을 알아보고 응급처치했다
F338,사실,14,2022-11-04,ch13,0,0,,0,1,,,,,,15,2,,person:토커티브 person:마리안 concept:침식,확정,ch13,,"머리만 남은 토커티브가 돌아온 마리안의 머리 위로 떨어져 섬광과 함께 다시 침식시켰고, 토커티브는 그대로 죽었다"
F339,사실,14,2022-11-04,ch13,0,0,,0,0,,,,,,14,1,,person:지휘관,확정,ch13,,"모더니아가 무너질 때, 지휘관이 되려는 이유를 묻고 '내가 니케가 된다면 네가 내 지휘관이 되면 좋겠다'고 응원하던 소녀의 장면이 끼어들었다"
F340,사실,14,2022-11-04,ch13,0,0,,0,1,,,,,,54,2,,person:지휘관 person:엔더슨,확정,ch13,,"지휘관은 엔더슨에게 수혈받았다 — 둘은 인류 역사상 몇 없는 같은 드문 혈액형이고, 엔더슨은 그 '귀한 피'를 노리는 이들을 피하려 어떤 데이터베이스에도 등록하지 않았다"
F341,사실,14,2022-11-04,ch13,0,0,,0,0,,,,,,14,1,,person:엔더슨 person:토커티브 concept:헬레틱,확정,ch13,,"엔더슨에 따르면 총력전은 성공으로, 지하 시설이 괴멸되고 토커티브를 처리해 파편을 아틀라스 케이지에 보관했으며 헬레틱 1체를 무력화했고, 양산형 말고는 큰 피해가 없었다"
F342,사실,14,2022-11-04,ch13,0,0,,0,0,,,,,,14,1,,person:마리안 concept:NIMPH concept:언체인드 concept:침식 person:토커티브,확정,ch13,,"다시 침식된 마리안의 머리에는 언체인드가 작용해 NIMPH가 없는데, 토커티브가 뇌에 직접 물리적으로 코드를 심어 조종은 못 하고 머리를 망가뜨리기만 하는 침식이다"
F343,사실,14,2022-11-04,ch13,0,0,,0,0,,,,,,14,1,,person:마리안 concept:NIMPH,확정,ch13,,"그 침식을 고칠 방법은 물리적 뇌세척뿐이고, NIMPH가 없어 정보를 주입할 수도 없어서 마리안은 말하는 법 · 걷는 법까지 모두 잊은 신생아처럼 된다"
F344,사실,14,2022-11-04,ch13,0,0,,0,0,,,,,,14,1,,person:지휘관 person:마리안 person:잉그리드 org:카운터스,확정,ch13,,"마리안의 관리자인 지휘관이 뇌세척 서류에 친필 서명해 마리안은 카운터스 소속이 되었다 — 잉그리드가 사업 몇 개를 포기하고 따낸 조건으로, 랩쳐와 니케 중간인 마리안을 시험대에 올리려는 이들을 공식으로 막는다"
F345,사실,14,2022-11-04,ch13,0,0,,0,0,,,,,,14,1,,person:라피 person:레드_후드 person:아니스,확정,ch13,,레드 후드를 쓴 뒤 라피는 체온이 내려가지 않아 위험했고 — 아니스는 2초만 더 가동했으면 뇌까지 타 버렸을 거라 한다 — 라피는 몸을 갉아먹는 비장의 수라고만 했다
F346,사실,14,2022-11-04,ch13,0,0,,0,0,,,,,,14,1,,person:마리안 person:잉그리드,확정,ch13,,"뇌세척된 마리안은 말을 하지 못하지만 자기 이름과 '지휘관'이라는 단어는 기억하고 있었고, 잉그리드도 그 이유를 모른다"
F347,사실,14,2022-11-04,ch13,0,0,,1,0,,,,,,54,2,,person:잉그리드 person:라피 person:레드_후드 concept:기억_소거,확정,ch13,,"잉그리드는 라피의 레드 후드를 알고 있고, 이번에 그것을 목격한 양산형 니케 둘을 기억 소거했다 — 라피가 짊어진 것은 방주를 뒤집어 놓을 수도 있다고 한다"
F348,사실,14,2022-11-04,ch13,0,0,,0,0,,,,,,14,1,,person:라피 person:레드_후드,확정,ch13,,"라피 안의 '레드 후드'는 라피에게 말을 하고, 언제나 방주를 파괴하라고 한다"
F349,사실,14,2022-11-04,sub:세르반_03,2,2,4,0,0,,,,,,14,3,,person:버닝엄 person:세르반 person:엔더슨,확정,,,"세르반의 아버지는 방주의 부사령관 버닝엄이다 — 지휘관의 직속 상관은 아니고, 버닝엄은 지휘관을 엔더슨 쪽 사람으로 본다"
F350,사실,14,2022-11-04,sub:세르반_03,0,0,,0,0,,,,,,14,1,,person:버닝엄 person:세르반,확정,,,"민간인이 지상 엘리베이터를 쓰는 것은 금지라서, 버닝엄은 혼자 지상에 오른 세르반을 찾는 데 중앙 정부군을 움직이지 못하고 지휘관에게 구출을 맡겼다"
F351,사실,14,2022-11-04,sub:세르반_03,1,1,8,0,0,,,,,,14,2,J39,person:세르반,확정,,,"세르반이 들여온 주홍색 꽃은 강력한 환각제(마약)였고, 이를 눈치챈 세르반은 폭로하겠다고 협박한 동업자 사업가를 쏴 죽이고 지상으로 달아났다"
F352,사실,14,2022-11-04,sub:세르반_03,0,0,,0,0,,,,,,14,1,,person:세르반 person:버닝엄,확정,,,세르반은 자수했지만 경찰 청장이 아버지 버닝엄의 오랜 친우라 24시간 만에 풀려났다
F353,사실,14,2022-11-04,sub:철도로GO_00,0,0,,0,0,,,,,,14,1,,org:인피니티_레일 org:아크_익스프레스,확정,sub:철도로GO_00,,"인피니티 레일은 스쿼드 이름이고, 그 스쿼드가 속한 회사는 아크 익스프레스다"
F354,사실,14,2022-11-04,sub:철도로GO_00,0,0,,0,0,,,,,,14,1,,person:철도로GO org:인피니티_레일,확정,sub:철도로GO_00,,메신저의 철도로GO는 인피니티 레일 스쿼드 셋이 함께 쓰는 계정으로 보인다
F355,사실,14,2022-11-04,sub:철도로GO_00,0,0,,0,0,,,,,,14,1,,place:방주,확정,sub:철도로GO_00,,방주 안의 철도는 조금 가면 꺾이고 속도가 붙을 만하면 정거장이 나오는 짧은 노선이다
F356,사실,14,2022-11-04,relic:여자친구의편지,0,0,,0,0,,,,,,14,1,,incident:랩쳐_침공,확정,relic:여자친구의편지,,"랩쳐 침공 초기 군대에 소집된 J의 연인은, 처음엔 믿지 않던 '기계 로봇' 침공을 뉴스로 알고 피난했으며 라디오로 J의 부대가 전멸했다는 소식을 들었다"
F357,사실,14,2022-11-04,relic:여자친구의편지,0,0,,0,0,,,,,,14,1,,incident:랩쳐_침공,확정,relic:여자친구의편지,,침공 초기 TV는 별일 없을 거라고 보도했다
F358,사실,15,2022-11-04,ch14,0,0,,0,0,,,,,,15,1,,person:마리안 concept:랩쳐,확정,ch14,,"뇌세척 한 달 뒤 첫 실전에서 마리안은 카운터스 최고의 전투 능력을 보였지만, 쓰러진 랩쳐를 쓰다듬어 코어 빛을 꺼 주며 불쌍하다고, 왜 랩쳐와 싸우는지 물었다"
F359,사실,15,2022-11-04,ch14,0,0,,0,0,,,,,,15,1,,person:잉그리드 person:엔더슨 person:마리안,확정,ch14,,"잉그리드에 따르면 방주 안의 병력이 마리안을 노리고 움직이고 있었고, 엔더슨은 마리안이 랩쳐를 더 위하면 조치를 취해야 할지 모른다며 지휘관에게 잘 살피라 했다"
F360,사실,15,2022-11-04,ch14,0,0,,0,1,,,,,,43,2,,person:버닝엄 org:트라이앵글 person:마리안 org:카운터스,확정,ch14,,"부사령관 버닝엄의 명령을 받은 트라이앵글이 랩쳐 내통 혐의를 들어 전초기지 숙소를 제압탄으로 습격해 마리안을 넘기라 했고, 카운터스는 지상으로 피했지만 통신이 모두 끊겨 있었다"
F361,사실,15,2022-11-04,ch14,0,0,,0,0,,,,,,15,1,,org:시지_패러리스 person:K person:D person:마리안,확정,ch14,,"시지 패러리스(K · D)는 리미트가 풀려 사람도 니케도 쏠 수 있고, 부비트랩과 미끼 폭탄으로 카운터스를 묶은 뒤 지휘관에게 총을 겨눠 마리안을 요구했다"
F362,사실,15,2022-11-04,ch14,0,0,,0,0,,,,,,15,1,,concept:니케,확정,ch14,,니케는 지휘관의 승인 없이 다른 니케에게 실탄을 쏠 수 없다
F363,사실,15,2022-11-04,ch14,0,0,,0,0,,,,,,15,1,,person:마리안 person:K person:D,확정,ch14,,"마리안은 손에 쥔 폭탄을 일부러 터뜨려 그 폭발을 붕대로 빨아들이듯 없앴고, 총을 든 K · D를 맨손으로 때려눕혔다 — 본인은 될 것 같아서 해 봤다고만 한다"
F364,사실,15,2022-11-04,ch14,0,0,,0,0,,,,,,15,1,,person:애드미 person:마리안 org:중앙_정부,확정,ch14,,"애드미에 따르면 랩쳐와 융합되었다 니케로 돌아온 마리안은 인류 역사상 없던 사례로, 신체 스펙이 니케를 넘고 방주 기술로 1차 방화벽도 못 뚫는 블랙박스가 넷 있어 중앙 정부는 부품 하나까지 뜯어볼 작정이다"
F365,사실,15,2022-11-04,ch14,0,0,,0,1,,,,,,25,2,,org:중앙_정부 person:엔더슨 person:버닝엄 org:트라이앵글,확정,ch14,,"중앙 정부는 마리안에게 내통 · 폭력 혐의를 더해 긴급 연행하고 나머지는 사살해도 좋다고 명령했지만, 엔더슨이 버닝엄을 두들겨 패 명령을 취소시키고 트라이앵글을 철수시켰다"
F366,사실,15,2022-11-04,ch14,0,0,,0,0,,,,,,15,1,,person:버닝엄 person:마리안 person:엔더슨,확정,ch14,,"버닝엄은 마리안의 비밀을 알아내면 랩쳐에게 이길 수 있다고 믿어, 엔더슨에게 맞고도 가진 모든 수를 써서 마리안을 열어보겠다고 했다"
F367,사실,15,2022-11-04,ch14,0,0,,0,0,,,,,,15,1,,person:엔더슨 person:버닝엄,확정,ch14,,"엔더슨은 지휘관 출신이고, 버닝엄과는 친구 사이다"
F368,사실,15,2022-11-04,ch14,0,0,,0,0,,,,,,15,1,,person:라피 person:마리안 place:방주,확정,ch14,,라피에 따르면 방주는 극소수를 빼고 모두 마리안을 열어보자는 쪽으로 뜻을 모았다
F369,사실,15,2022-11-04,ch14,0,0,,0,0,,,,,,15,1,J21,org:엔터_헤븐 place:아우터_림,확정,ch14,,"엔터 헤븐은 아우터 림에서 활동하며 아우터 림의 자치권과 방주 출입을 요구하는 집단으로, 테러 집단이라 여겨진다"
F370,사실,15,2022-11-04,ch14,0,0,,0,0,,,,,,15,1,,person:마리안 org:엔터_헤븐,확정,ch14,,"기밀이던 마리안의 존재가 누군가에 의해 의도적으로 방주에 퍼져, 엔터 헤븐까지 마리안을 노리고 전초기지 커맨드 센터를 습격했다"
F371,사실,15,2022-11-04,ch14,0,0,,0,0,,,,,,15,1,,place:전초기지 org:엔터_헤븐 org:중앙_정부,확정,ch14,,"그 뒤 5일 동안 전초기지에서 엔터 헤븐부터 중앙 정부 군인까지 인간을 상대로 13회 교전이 있었고, 엘리베이터 경계병은 매수되었으며 전초기지 방어 병력 배치안은 압도적 반대로 무산되었다"
F372,사실,15,2022-11-04,ch14,0,0,,0,0,,,,,,15,1,,person:지휘관 person:마리안 person:스노우_화이트 org:필그림,확정,ch14,,"지휘관은 마리안을 지킬 힘이 없다며 스노우 화이트에게 부탁해 마리안을 필그림에게 맡겼고, 힘을 키워 반드시 되찾으러 오겠다고 약속했다"
F373,사실,15,2022-11-04,ch14,0,0,,0,0,,,,,,15,1,,person:마리안 person:스노우_화이트 person:라푼젤 person:홍련 org:필그림,확정,ch14,,마리안의 몸에서 검은 빛이 뻗어 나오자 필그림 셋(스노우 화이트 · 라푼젤 · 홍련)이 마리안을 감싸 백색의 빛으로 가라앉혔다
F374,사실,15,2022-11-04,ch14,0,0,,0,0,,,,,,15,1,,org:카운터스 org:트라이앵글 person:프리바티,확정,ch14,,"카운터스는 마리안을 필그림에게 빼앗겼다고 보고했고, 트라이앵글은 목표를 놓친 것으로 작전을 끝냈다"
F375,사실,15,2022-11-04,ch14,0,0,,0,1,,,,,,73,2,,person:에닉 person:지휘관,확정,ch14,,"에닉은 자기 '상식'을 벗어난 인물이 있으면 불러 대화하며 학습하고, 지휘관을 그런 인물로 보아 호출했다"
F376,사실,15,2022-11-04,ch14,2,2,2,1,1,,,,,,36,4,J1 J16,person:에닉 person:토커티브 concept:침식 place:방주,확정,ch14,,토커티브와 내통한 방주 안의 상대는 방주 관리 A.I 에닉이다 — 방주를 습격하지 않는 대가로 무작위로 고른 니케에게 토커티브의 침식 코드를 심고 방호벽을 조작해 지상으로 보냈다
F377,사실,15,2022-11-04,ch14,0,0,,1,0,,,,,,36,2,,person:에닉 concept:랩쳐 place:방주,확정,ch14,,"에닉에 따르면 랩쳐는 오래전부터 방주의 위치를 알고 있고, 방주가 침공받지 않은 것은 위치를 숨겨서가 아니며, 랩쳐와 정면으로 맞붙으면 인류의 승률은 0%다"
F378,사실,15,2022-11-04,ch14,0,0,,0,0,,,,,,15,1,,person:에닉 person:지휘관 concept:헬레틱,확정,ch14,,"에닉은 토커티브 소멸과 헬레틱 정화를 해낸 지휘관에게서 승리의 실마리를 찾을 수 있다며, 헬레틱과의 조우를 최우선으로 삼으라고 권했다"
F379,사실,15,2022-11-04,ch14,0,0,,0,0,,,,,,15,1,,person:슈엔 person:리안 concept:언체인드 org:메티스,확정,ch14,,"슈엔은 리안을 시켜 지휘관이 쏘고 남겨 둔 언체인드 탄환을 몰래 손에 넣었고, 그것으로 침식된 메티스를 깨우려 한다"
F380,사실,15,2022-11-04,sub:칠리페퍼_02,1,1,9,0,0,,,,,,15,2,J35,person:칠리페퍼 place:전초기지,확정,sub:칠리페퍼_02,,"칠리페퍼(아들)는 공사 막바지에 아버지에게 술 세트를 주며 빈 병을 가져오면 용서한 걸로 알겠다고 했고, 다음 날 자재를 모으러 지상에 오른 아버지는 며칠 뒤 사망자 명단에 올랐다"
F381,사실,15,2022-11-04,sub:칠리페퍼_02,0,0,,0,0,,,,,,15,1,,person:칠리페퍼,확정,sub:칠리페퍼_02,,"칠리페퍼 아버지가 죽은 곳의 술병도 뜯지 않은 새것이었고, 그 곁에는 무알코올 맥주가 있었다 — 칠리페퍼는 술을 못 마신다"
F382,사실,19,2022-11-24,sub:알콜러버_00,0,0,,0,0,,,,,,19,1,,person:지휘관 person:홍련 person:알콜러버,확정,sub:알콜러버_00,,"지휘관은 필그림 홍련에게 따로 부탁해 지상의 술을 받아 알콜러버에게 전했고, 그 대가로 다음에 홍련에게 한턱 쏘기로 했다"
F383,사실,15,2022-11-04,relic:기후변화보고서,0,0,,0,0,,,,,,15,1,,concept:랩쳐 incident:랩쳐_침공,확정,relic:기후변화보고서,,"한 기후 연구자의 기록에 따르면 외계인(랩쳐)이 뉴스에 오르고 석 달쯤 뒤 세계의 공장이 멈추고 세계 절반이 점령되었으며, 그들은 빼앗은 땅에서 저들끼리 무리 지어 살았다"
F384,사실,15,2022-11-04,relic:기후변화보고서,0,0,,0,0,,,,,,15,1,,incident:랩쳐_침공,확정,relic:기후변화보고서,,"그 연구자가 그해 12월 쉘터에서 나오자, 눈이 내리지 않던 그 지역을 눈과 얼음이 10년 전보다 더 맹렬하게 덮고 있었다"
F385,사실,15,2022-11-04,relic:인터넷BJ라이브방송녹화분,0,0,,0,0,,,,,,15,1,,incident:랩쳐_침공 concept:랩쳐,확정,relic:인터넷BJ라이브방송녹화분,,침공 초기 한 인터넷 BJ는 외계인(랩쳐)이 약하다며 손수 만든 무기로 사냥 생방송에 나섰다가 달려든 무리에게 팔을 잃고 습격당했다
F386,사실,16,2022-11-04,ch15,0,0,,0,0,,,,,,16,1,,place:전초기지 org:달란트 person:지휘관,확정,ch15,,"마리안 사건으로 테러의 표적이 된 전초기지는 주요 시설이 대파되고 배급이 반토막 나, 지휘관은 상인 연합 달란트와 지상 좌표까지 호위하는 대신 수익을 5대 5로 나누는 계약을 맺었다"
F387,사실,16,2022-11-04,ch15,0,0,,0,0,,,,,,16,1,,org:달란트 person:루피 person:도라 person:얀,확정,ch15,,"달란트(루피 · 도라 · 얀)는 전투보다 민간 사업에 특화된 니케들로, 루피는 방주에서 가장 큰 쇼핑몰의 대표이자 테트라TV BJ다"
F388,사실,16,2022-11-04,ch15,0,0,,0,0,,,,,,16,1,,org:미실리스 org:메티스 person:슈엔,확정,ch15,,"미실리스의 주가가 반토막 났다 — 메티스가 모두 침식되고, 총력전에 미실리스만 빠졌으며, 연구원의 양심 선언으로 슈엔이 메티스를 기억 소거하지 않은 사실이 드러나서다"
F389,사실,16,2022-11-04,ch15,0,0,,0,0,,,,,,16,1,,concept:랩쳐 concept:갓데시움,확정,ch15,,"랩쳐들이 반짝이는 물건을 줄지어 옮기고 순찰하며 지키던 좌표는 쓰레기장으로, 갓데시움 철골 · 랩쳐 코어 · 1차 랩쳐 침공 때 연구소째 날아간 줄 알던 극비 연구의 데이터 칩 등이 쌓여 있었다"
F390,사실,16,2022-11-04,ch15,0,0,,0,0,,,,,,16,1,,concept:랩쳐,확정,ch15,,"그 쓰레기장 속에는 동력이 꺼진 채 잠든 랩쳐들이 묻혀 있었고, 헤집자 로드 급 이상 20여 기가 깨어나 일행은 전리품을 거의 버리고 달아났다"
F391,사실,16,2022-11-04,ch15,0,0,,0,0,,,,,,16,1,,person:지휘관,확정,ch15,,"쓰레기장에서 지휘관이 주운 오래된 일기 조각에는, 필자('에블라'라 불림)가 만든 섬세한 A.I '에바'가 고독을 이해하는 것 같다는 글이 있었다"
F392,사실,16,2022-11-04,ch15,0,0,,0,0,,,,,,16,1,,concept:갓데시움,확정,ch15,,갓데시움은 온갖 제품에 넣을 수 있는 값진 소재다
F393,사실,16,2022-11-04,ch15,0,0,,0,2,,,,,,151,3,,person:슈엔 org:메티스 concept:언체인드 org:미실리스,확정,ch15,,"슈엔은 기자회견에서 침식된 메티스를 기억 소거 없이 되살렸다고 밝히고, 이를 미실리스 연구진이 새로 개발한 고유 기술 '언체인드' 덕이라고 발표했다"
F394,사실,16,2022-11-04,ch15,0,0,,0,0,,,,,,16,1,,concept:언체인드 org:미실리스,확정,ch15,,"기사들은 언체인드가 뇌의 침식된 부분만 안전하게 제거해 부작용 없이 니케를 정상화한다고 전했고, 미실리스 주가는 하루 만에 폭등해 3대 회사 중 1위가 되었다"
F395,사실,16,2022-11-04,ch15,0,0,,0,2,,,,,,101,2,,person:리안 concept:언체인드 org:메티스 concept:NIMPH,확정,ch15,,리안에 따르면 슈엔이 손에 넣은 언체인드 탄환은 메티스의 NIMPH를 제거하는 데 전부 소모되어 더는 언체인드로 기능하지 않는다
F396,사실,16,2022-11-04,ch15,0,0,,0,0,,,,,,16,1,,person:슈엔 concept:언체인드 org:미실리스,확정,ch15,,"슈엔은 주가를 되살리려 언체인드를 자체 개발한 것처럼 속였고, 침식 치료 요청이 오면 니케 1기 생산비보다 비싸게 불러 포기시킬 셈이다"
F397,사실,16,2022-11-04,ch15,0,0,,0,0,,,,,,16,1,,person:슈엔 place:방주,확정,ch15,,슈엔에 따르면 방주의 소송은 사실상 어느 쪽이 방주에 더 가치 있는가의 싸움이다
F398,사실,16,2022-11-04,ch15,0,0,,0,0,,,,,,16,1,,person:지휘관 person:슈엔 concept:언체인드,확정,ch15,,지휘관은 제2의 언체인드를 찾아 미실리스의 독점을 막겠다며 슈엔의 협력 제안을 거절했다
F399,사실,16,2022-11-04,ch15,0,0,,0,0,,,,,,16,1,,concept:에블라_입자 person:스노우_화이트,확정,ch15,,"에블라 입자 농도가 짙은 구역은 통신을 방해해, 지휘관이 스노우 화이트에게 보낸 문자는 전송에 실패했다"
F400,사실,16,2022-11-04,ch15,0,0,,0,0,,,,,,16,1,,person:지휘관 person:슈엔 concept:언체인드 org:카운터스,확정,ch15,,"결국 지휘관은 슈엔과 협력하기로 했다 — 카운터스가 지상에서 제2의 언체인드를 찾아오면 미실리스가 양산하고, 슈엔은 '쓸 만한' 지원 부대를 붙여 준다"
F401,사실,16,2022-11-04,ch15,0,0,,0,0,,,,,,16,1,,person:지휘관,확정,ch15,,"지휘관은 침식된 동료들을 자기가 쏘는 악몽을 자주 꾸고, 그것을 막으려 무엇이든 하겠다고 했다"
F402,사실,16,2022-11-04,relic:종말의서,0,0,,0,2,,,,,,36,3,,incident:랩쳐_침공 concept:랩쳐,확정,relic:종말의서,,"침공기의 종말론 글 '종말의 서'는 인간이 이치를 거슬러 새로운 인간을 만들려 하자 하늘에서 차가운 금속의 심판자들이 내려왔다고 하고, 저항하는 인간의 죄가 새 육체를 얻어 인류를 끝낼 신의 사도로 태어난다고 설한다"
F403,사실,17,2022-11-04,ch16,0,0,,0,1,140,F2499,,,뒤집힘,140,3,,org:이그조틱 person:크로우 person:바이퍼 person:자칼 place:아우터_림 org:엔터_헤븐,확정,ch16,,"슈엔이 붙인 지원 병력 이그조틱(크로우 · 바이퍼 · 자칼)은 전원 아우터 림 출신으로 1급 범죄에 연루되어 니케가 되었고, 리더 크로우는 전직 엔터 헤븐 리더라는 소문이 있다"
F404,사실,17,2022-11-04,ch16,0,0,,0,0,,,,,,17,1,,org:이그조틱 person:슈엔,확정,ch16,,"이그조틱 셋의 목에는 슈엔이 버튼을 쥔 원격 폭탄 쵸커가 채워져 있고, 언체인드를 찾아오면 풀어 주기로 했다"
F405,사실,17,2022-11-04,ch16,0,0,,0,0,,,,,,17,1,,org:언리미티드 org:필그림 concept:에블라_입자,확정,ch16,,"언리미티드가 보낸 필그림 목격 좌표로 산출한 조우 포인트는 북부의 '마의 지대'로, 에블라 입자 농도가 평균 100%라 근거리 통신도 끊긴다"
F406,사실,17,2022-11-04,ch16,0,0,,0,0,,,,,,17,1,,person:아니스,확정,ch16,,"아니스는 니케가 되기 전 방주에서 학교 · TV · 연애 같은 평화로운 일상을 살던 인간이었고, 그때는 지상에 던져진 니케들에게 관심이 없었다"
F407,사실,17,2022-11-04,ch16,0,0,,0,0,,,,,,17,1,,place:방주 org:중앙_정부 concept:니케,확정,ch16,,"방주에서는 니케에게 인권이 있다고 생각하는 것 자체가 불법이고, 중앙 정부는 니케 인권 운동가를 반정부주의자 · 테러리스트로 본다"
F408,사실,17,2022-11-04,ch16,0,0,,0,0,,,,,,17,1,,org:이그조틱 place:아우터_림,확정,ch16,,이그조틱은 스카우팅 같은 정식 부대가 아닌 '아우터 림 정찰 부대'로 아우터 림을 매일 순찰한다
F409,사실,17,2022-11-04,ch16,0,0,,0,0,,,,,,17,1,,person:스노우_화이트,확정,ch16,,"마의 지대의 버려진 마을에는 랩쳐 몸을 뜯어 무기를 개조한 흔적과 빈 비상식량, 등대 기호가 체크된 근방 지도가 남은 스노우 화이트의 캠프가 있었다"
F410,사실,17,2022-11-04,ch16,0,0,,0,0,,,,,,17,1,,person:바이퍼 person:크로우,확정,ch16,,"바이퍼는 '북부의 어느 좌표 아래 엄청난 괴물이 잠들어 있다'는 정보를 믿을 만한 출처에서 얻었고, 크로우는 캠프의 지도로 '거슬리는 위선자'를 응징하자고 했다"
F411,사실,17,2022-11-04,ch16,0,0,,0,0,,,,,,17,1,,org:카운터스 org:이그조틱 concept:랩쳐,확정,ch16,,지도의 등대로 간 카운터스를 눈 밑에 숨은 로드 급 다수와 타일런트 급 이상 랩쳐가 기습했다 — 이그조틱이 지도로 꾸민 함정으로 보인다
F412,사실,17,2022-11-04,ch16,2,0,17,0,2,,,,,,44,3,,org:이그조틱 person:크로우 person:지휘관 org:카운터스,확정,ch16,,"이그조틱은 등대 전투 뒤 카운터스를 쏘아 행동 불능으로 만들고 바이퍼가 지휘관을 인질로 잡았으며, 크로우가 지휘관을 쏘아 버려두고 떠났다"
F413,사실,17,2022-11-04,ch16,0,0,,0,0,,,,,,17,1,,person:크로우 concept:NIMPH person:지휘관,확정,ch16,,"크로우는 NIMPH가 있는데도 '세계에 대한 증오가 세뇌보다 강하다'며, 철판에 튕긴 탄으로 인간인 지휘관을 쏠 수 있었다"
F414,사실,17,2022-11-04,ch16,0,0,,0,0,,,,,,17,1,,person:크로우 place:방주 person:지휘관,확정,ch16,,"크로우는 니케와 인간 · 아웃로와 포멀 · 약자와 강자가 서로 싸우다 방주째 자멸하기를 바라고, 그들이 '제3의 길'을 꿈꾸게 할 지휘관을 없애려 했다"
F415,사실,17,2022-11-04,ch16,0,0,,0,0,,,,,,17,1,,person:JohnD concept:NIMPH concept:언체인드 org:미실리스,확정,ch16,,"미실리스 전 연구원을 자칭한 [JohnD]가 NIMPH는 인간이 니케의 기억을 조작하려 심은 나노머신이고, 언체인드로 NIMPH가 없어진 니케는 인간의 통제를 벗어나 자유의지를 갖는다고 퍼뜨려 여론이 미실리스에 등을 돌렸다"
F416,사실,17,2022-11-04,ch16,2,0,17,0,0,,,,,,17,1,,person:JohnD org:이그조틱 org:엔터_헤븐,확정,ch16,,"[JohnD]의 IP는 모두 아우터 림에서 잡혔고, 실제로는 이그조틱이 엔터 헤븐에게 JohnD 역을 맡긴 것이었다"
F417,사실,17,2022-11-04,ch16,1,0,17,0,0,,,,,,17,1,,org:이그조틱 person:슈엔 place:방주,확정,ch16,,"이그조틱은 슈엔을 첫 사냥감으로, 방주 곳곳을 터뜨리는 '방주의 첫 불꽃놀이'를 준비하고 있다"
F418,사실,17,2022-11-04,ch16,0,0,,0,0,,,,,,17,1,,person:크로우,확정,ch16,,크로우는 한때 만원 열차를 폭파하는 것을 가장 큰 즐거움으로 여겼다고 스스로 말한다
F419,사실,17,2022-11-04,ch16,0,0,,0,0,,,,,,17,1,,person:슈엔 org:메티스 concept:기억_소거 person:미하라,확정,ch16,,슈엔은 기억 소거를 받은 니케가 멍청해지기 때문에 메티스의 기억을 어떻게든 지키려 했다고 말한다
F420,사실,17,2022-11-04,ch16,0,0,,0,0,,,,,,17,1,,concept:니케,확정,ch16,,원칙상 니케는 작전 상황이 아니면 지상에 갈 수 없다
F421,사실,17,2022-11-04,ch16,0,0,,0,0,,,,,,17,1,,person:지휘관 person:바이퍼,확정,ch16,,바이퍼의 뒷조사에 따르면 지휘관은 생환율 0%인 임무에서 몇 번이나 살아 돌아왔다
F422,사실,15,2022-11-04,sub:방주_난민_00,0,0,,0,0,,,,,,15,1,,person:방주_난민 org:카운터스,확정,,,"부모의 빚을 떠안아 어려서부터 일했지만 10분의 1밖에 못 갚은 '방주 난민'은 빚쟁이를 피해 지상으로 가려 했고, 카운터스가 방주 근처의 폐쇄된 벙커까지 데려다주었다"
F423,사실,15,2022-11-04,sub:방주_난민_00,0,0,,0,0,,,,,,15,1,,person:콜렉터,확정,,,콜렉터들 말로는 FDK 19.88 좌표에 민간인도 보안 없이 지상으로 나갈 수 있는 루트가 있다
F424,사실,16,2022-11-04,sub:방주_난민_01,0,0,,0,0,,,,,,16,1,,person:방주_난민,확정,,,"방주 난민은 빗물 정화 시설 등이 갖춰진 지상 벙커에 정착해 글을 쓰며 지냈고, 방주로 돌아가면 빚과 함께 지상에 불법으로 나간 죄로 징역 · 벌금을 받는다며 돌아가지 않겠다고 했다"
F425,사실,16,2022-11-04,sub:방주_난민_02,0,0,,0,0,,,,,,16,1,,person:방주_난민,확정,,,"지상 벙커에서 오래 혼자 지낸 방주 난민은 외로움과 우울을 털어놓았고, 방주의 집과 가구는 이미 빚쟁이에게 넘어가 몇십억 크레디트의 빚 때문에 돌아갈 수 없다고 했다"
F426,사실,17,2022-11-04,sub:방주_난민_03,0,0,,0,0,,,,,,17,1,,person:방주_난민 org:카운터스,확정,,,"방주 난민은 벙커를 부수려는 무언가를 피해 비상 통로로 달아나다 죽었고, 카운터스는 방주에 보고하지 않고 그를 묻어 주었다"
F427,사실,17,2022-11-04,sub:방주_난민_03,0,0,,0,0,,,,,,17,1,,person:방주_난민 person:지휘관,확정,,,"방주 난민이 죽은 뒤 도착한 예약 문자에서, 그는 10대부터 빚을 갚느라 일했지만 괜찮냐고 물어 준 사람은 지휘관뿐이었다며 고마움을 남겼다"
F428,사실,17,2022-11-04,relic:장보기목록,0,0,,0,0,,,,,,17,1,,incident:랩쳐_침공,확정,relic:장보기목록,,"한 가족의 장보기 목록에 따르면 속보가 나온 뒤 비상 물품값이 갑자기 치솟았고, 마트들이 털려 그 가족은 다음 지역으로 옮겨 가야 했다"
F429,사실,17,2022-11-04,char:180,0,0,,0,0,,,,,,17,1,,person:길로틴 person:잉그리드,확정,char:180,,"길로틴은 자신을 '길로틴 드 메피스토' · '균형의 수호자'라 부르고, 방주를 억압하고 계층화하는 체제를 [조직], 잉그리드를 임시 협회장으로 둔 자기 쪽 비밀 결사를 [협회]라 부른다"
F430,사실,17,2022-11-04,char:180,0,0,,0,0,,,,,,17,1,,person:길로틴 person:잉그리드,확정,char:180,,길로틴은 오른눈에 봉인했다는 [편익의 마왕]의 힘을 잉그리드의 승인 없이는 쓸 수 없다
F431,사실,17,2022-11-04,char:180,0,0,,0,0,,,,,,17,1,J25,org:익스터너 person:길로틴 person:잉그리드,확정,char:180,,"익스터너는 [협회](잉그리드 쪽)가 비밀리에 편성한 니케 처분 부대이고, 길로틴은 그 멤버로서 처분 예정인 니케의 집행을 맡는다"
F432,사실,17,2022-11-04,char:180,0,0,,0,0,,,,,,17,1,,concept:침식 concept:니케 place:방주,확정,char:180,,"방주 한복판에서 침식된 니케가 총기를 난사했다 — 니케에게 심긴 절대 명령 '인간의 수호 · 랩쳐의 섬멸'에서 인간과 랩쳐가 뒤바뀌어, 랩쳐를 지키려 인간을 모조리 죽여야 한다고 말했다"
F433,사실,17,2022-11-04,char:180,0,0,,0,0,,,,,,17,1,,person:길로틴,확정,char:180,,"길로틴의 오른눈은 반경 1m 안에서 시민권이 없는 뇌를 인식해 기능을 정지시키는 파동을 내고, 길로틴은 그것으로 침식된 니케를 처분했다"
F434,사실,17,2022-11-04,char:180,0,0,,0,0,,,,,,17,1,,concept:니케 person:길로틴,확정,char:180,,"처분된 니케의 바디는 공장에서 해체되어 새 니케 생산에 쓰이거나 침식 코드 연구 재료가 되고, 길로틴은 [조직]이 니케를 수명이 다 된 기계처럼 여긴다고 말한다"
F435,사실,17,2022-11-04,char:180,0,0,,0,0,,,,,,17,1,,person:미란다 person:폴리 org:A.C.P.U. person:지휘관,확정,char:180,,"지휘관의 부탁으로, 현장을 수습하러 온 A.C.P.U.의 미란다 · 폴리가 처분된 니케의 뇌를 꺼내 화장해 주기로 했다"
F436,사실,17,2022-11-04,char:180,0,0,,0,0,,,,,,17,1,,person:길로틴 place:방주 person:에닉,확정,char:180,,"뉴스는 이 사건을 니케 1기가 시설에서 탈출해 시민 10명이 죽고 21명이 다친 사고로 보도했고, 길로틴이 연루된 사실은 [협회]가 은폐했다"
F437,사실,17,2022-11-04,char:180,0,0,,0,0,,,,,,17,1,,place:방주 concept:니케,확정,char:180,,"방주에는 니케 사고 때마다 시민의 분노가 일고 니케포비아 단체도 있어, 길로틴은 폭주한 니케를 처분하지 않으면 유가족과 그 단체들이 거리로 쏟아진다고 말한다"
F438,사실,17,2022-11-04,char:180,0,0,,0,0,,,,,,17,1,,person:길로틴 org:익스터너,확정,char:180,,"길로틴은 니케를 죽이는 자가 곁에 있다는 걸 다른 니케들이 모르도록 도시괴담으로 남는 것을 고독한 운명이라 하면서, 니케를 처분하는 데 결코 익숙해질 수 없는 고통이 있음을 인정했다"
F439,사실,17,2022-11-04,char:180,0,0,,0,0,,,,,,17,1,,person:지휘관 person:길로틴,확정,char:180,,지휘관은 길로틴의 권유로 그녀의 비밀 결사 [메피스토주의 황금 십자회]의 예비 회원이자 그녀의 서번트가 되는 의식을 치렀다
F440,사실,17,2022-11-04,char:11,0,0,,0,0,,,,,,17,1,,person:네온 org:엘리시온,확정,char:11,,네온은 엘리시온 본사 건물에서 태어났다
F441,사실,17,2022-11-04,char:11,0,0,,0,0,,,,,,17,1,,org:카페_스위티 person:밀크 person:슈가 person:프림 place:정크_마운틴,확정,char:11,,카페 스위티(밀크 · 슈가 · 프림)는 의뢰를 가리지 않고 받으며 특히 니케의 의뢰는 받는다 — 네온의 의뢰로 지상의 정크 마운틴을 3일 동안 뒤져 부품을 찾아냈다
F442,사실,17,2022-11-04,char:11,0,0,,0,0,,,,,,17,1,,person:네온 person:잉그리드 org:엘리시온,확정,char:11,,"방주에 도시괴담으로 떠도는 '전설의 총'의 세 부품을 모아 잉그리드가 손보자, 총의 어머니뻘인 아주 오래된 전장식 총이 되었고 네온은 그것을 잉그리드에게 주어 엘리시온 로비에 전시하기로 했다"
F443,사실,17,2022-11-04,char:11,0,0,,0,1,,,,,,137,2,,person:네온 concept:니케,확정,char:11,,"네온은 화력을 멋있고 지상에서 도움도 되는 '취미'라 하고, '니케가 무슨 취미냐'는 말을 많이 듣지만 이런 세상, 이런 니케이기에 취미가 있어야 한다고 믿는다"
F444,사실,17,2022-11-04,char:212 char:12,0,0,,0,0,,,,,,17,2,,concept:퍼펙트 place:방주 place:로열_로드,확정,char:12,,"방주 먹거리의 약 95%는 '퍼펙트'라는 정체 모를 인공 식량으로 만들어지고, 인공 첨가물 없는 100% 생딸기 요거트 같은 [진짜] 음식은 로열 로드에서 비싸게 파는 귀한 것이다"
F445,사실,17,2022-11-04,char:212,0,0,,0,0,,,,,,17,1,,org:M.M.R. org:미실리스 person:마나,확정,char:212,,"M.M.R.은 미실리스 군사 연구 센터이고, 그곳의 마나가 노벨의 부탁으로 요거트 성분을 분석해 주었다"
F446,사실,17,2022-11-04,char:212,0,0,,0,0,,,,,,17,1,,person:노벨 person:지휘관,확정,char:212,,"노벨은 명탐정을 자칭하며 지휘관을 조수 '왓슨'이라 부르고, 지휘관이 곁에 있으면 [명탐정의 감]이 절로 발동한다며 지휘관을 전속 조수로 삼아 사건을 찾아다니기로 했다"
F447,사실,17,2022-11-04,char:232,0,0,,0,1,,,,,,128,2,,person:노아 org:필그림 place:에덴,확정,char:232,,"노아는 에덴의 필그림으로 '지상 최강의 방패'라 불리고, 지휘관을 '가짜 지휘관'이라 부르며 따로 자기 '진짜 지휘관'이 있다"
F448,사실,17,2022-11-04,char:232,0,0,,0,0,,,,,,17,1,,place:에덴 org:파이오니아 org:필그림,확정,char:232,,노아에 따르면 같은 순례자(필그림)라도 에덴은 고분고분한 파이오니아와 달리 인간을 해치는 데 망설임이 없다
F449,사실,17,2022-11-04,char:232,0,0,,0,0,,,,,,17,1,,person:노아,확정,char:232,,"노아는 어린 나이에 지상에 버려져 다 부서져 가는 방패 하나로 몇 년을 홀로 버텼고, 그 뒤 그녀의 '진짜 지휘관'이 쓸모 있어 보인다며 거둬 갔다"
F450,사실,17,2022-11-04,char:232,0,0,,0,0,,,,,,17,1,,person:노아 person:맥스웰 person:지휘관,확정,char:232,,노아가 '지휘관 곁에 있으면 니케가 파츠 업그레이드 없이도 강해진다'는 말을 들은 '믿을 만한 출처'는 맥스웰이다
F451,사실,17,2022-11-04,char:232,0,0,,0,0,,,,,,17,1,,concept:니케 concept:랩쳐,확정,char:232,,"1차 침공기에 큰 전투가 있었던 곳에는 작동을 멈춘 니케 바디가 널려 있어, 노아는 그 부품을 줍고 랩쳐들(타일런트 급 1기 · 로드 급 5기 등)도 그 구역을 노리고 몰려든다"
F452,사실,17,2022-11-04,char:232,0,0,,0,0,,,,,,17,1,,person:노아 org:언리미티드 person:루드밀라 person:앨리스,확정,char:232,,"노아와 지휘관이 블랙스미스 뱃속에서 구한 어린 니케를 언리미티드(루드밀라 · 앨리스)가 밤새 살려 냈고, 노아가 그 니케를 방주로 내려가는 엘리베이터까지 데려다주었다"
F453,사실,17,2022-11-04,char:232,0,0,,0,0,,,,,,17,1,,person:라푼젤 org:필그림,확정,char:232,,노아의 말로는 필그림 라푼젤은 '나약한 인간과 니케들의 구원자'인 성녀 자리에 있다
F454,사실,17,2022-11-04,char:232,0,0,,0,0,,,,,,17,1,,person:노아 person:지휘관 place:에덴,확정,char:232,,"노아는 지킬 것이 생기자 더 강해졌다고 느끼고, 에덴의 다른 이들은 괴물이라 지킬 필요가 없다며 지휘관을 자기 울타리 안에 두고 지키겠다고 약속했다"
F455,사실,17,2022-11-04,char:430,0,0,,0,0,,,,,,17,1,,person:노이즈,확정,,,"노이즈는 직접 작사 · 작곡하고 부른 데뷔 싱글 DIVA로 방주 어디서나 노래가 흘러나오는 스타가 되었지만, 후속곡을 내지 못해 '원 히트 원더'라는 말에 시달렸다"
F456,사실,17,2022-11-04,char:430,0,0,,0,0,,,,,,17,1,,person:머스탱 person:노이즈 person:볼륨 person:아리아 person:지휘관,확정,,,테트라 라인 CEO 머스탱은 신곡으로 고민하는 노이즈에게 지휘관을 볼륨 · 아리아도 프로듀싱한 능력 있는 프로듀서라며 찾아가 보라고 했다
F457,사실,17,2022-11-04,char:430,0,0,,0,1,,,,,,32,2,,person:노이즈 person:지휘관,확정,,,"지휘관이 '프로듀서'로 밀어붙인 게릴라 콘서트에서 노이즈가 두 시간 만에 만든 신곡을 선보였고, 신곡 'My Lovely Wonder P'는 1주 연속 차트 1위로 DIVA를 넘었으며 노이즈는 방송에서 그것이 진심을 담은 사랑 노래라고 밝혔다"
F458,사실,17,2022-11-04,char:430,0,0,,0,0,,,,,,17,1,,place:로열_로드 place:방주,확정,,,"로열 로드 광장은 방주에서 가장 부유하지만 가장 조용한 곳으로, 누구나 자유롭게 쓸 수 있다"
F459,사실,17,2022-11-04,char:20,0,0,,0,0,,,,,,17,1,,person:델타 org:엘리시온 org:스카우팅 place:방주,확정,char:20,,"델타는 엘리시온이 만든 스카우팅 스쿼드 니케이고, 인간 델타는 방주 시내 한복판의 폭탄 테러(뉴먼 거리 테러 사건)에 휘말려 죽었으며 그 범인은 오랫동안 잡히지 않았다"
F460,사실,17,2022-11-04,char:20,0,0,,0,0,,,,,,17,1,,person:델타 org:A.C.P.U.,확정,char:20,,"델타는 뉴먼 거리 테러 사건 때 A.C.P.U.에 협조해 범인의 소재지를 알아냈지만, 잠복 중 차림과 거동을 수상히 여긴 범인이 달아나 그 책임으로 사건 지원 팀에서 영구 제명되었다"
F461,사실,17,2022-11-04,char:20,0,0,,0,0,,,,,,17,1,,person:델타 place:아우터_림,확정,char:20,,"뉴먼 거리 테러의 실행범은 익명의 [누군가]가 가족을 인질로 잡고 협박해 폭탄 테러를 했다고 자백했고, 공중전화로만 연락한 그자가 아우터 림 쪽 아웃로였다고 말한다"
F462,사실,17,2022-11-04,char:20,0,0,,0,0,,,,,,17,1,,person:크로우 place:아우터_림 person:지휘관,확정,char:20,,"크로우는 아우터 림에 연고가 있어 델타 · 지휘관을 안내하고, 델타가 쫓는 테러 패거리를 얼마 전부터 '우리 통제'에서 벗어나 언젠가 쓸어버리려던 놈들이라 말한다"
F463,사실,17,2022-11-04,char:20,0,0,,0,0,,,,,,17,1,,person:델타 place:아우터_림 person:지휘관,확정,char:20,,"뉴먼 거리 테러의 배후 패거리는 당국이 시민 거주구 치안만 챙기고 아우터 림을 방치한다는 불만을 테러의 명분으로 댔고, 지휘관의 명령으로 델타가 그들을 응징했다"
F464,사실,17,2022-11-04,char:20,0,0,,0,0,,,,,,17,1,,person:에닉 place:갱생관,확정,char:20,,"뉴먼 거리 테러의 범인이 실신한 채 경찰서 앞에서 발견되어 모든 죄를 자백했고, 에닉이 그에게 갱생관 383년 복역을 선고했다"
F465,사실,17,2022-11-04,char:20,0,0,,0,0,,,,,,17,1,,person:델타 person:시그널 person:지휘관,확정,char:20,,"지휘관과 함께 원수를 응징한 뒤 델타는 평범한 삶으로 돌아갈 수 있을 것 같다며, 이제는 자기 행복을 위해 로맨스 드라마 애청자인 시그널에게 평범해지는 법을 배운다"
F466,사실,17,2022-11-04,char:202,0,0,,0,0,,,,,,17,1,,person:도라 org:달란트 org:테트라 person:머스탱,확정,char:202,,"도라는 테트라 출신의 달란트 스쿼드 니케이면서 자기 회사를 운영하는 기업가로, 그 회사의 주력 제품 바이오 태블릿 7세대는 사용자의 뇌파로 작업하고 건강 상태를 실시간으로 점검한다"
F467,사실,17,2022-11-04,char:202,0,0,,0,0,,,,,,17,1,,person:도라 place:블랙넷 concept:기억_소거 person:시프티,확정,char:202,,도라는 블랙넷에서 'Royal도라'라는 이름으로 불법 인식 칩을 팔았다 — 시프티에 따르면 인식 칩은 방주의 시민권 그 자체라 매매가 알려지면 최악의 경우 기억 소거 형벌을 받는다
F468,사실,17,2022-11-04,char:202,0,0,,0,0,,,,,,17,1,,person:도라 place:아우터_림,확정,char:202,,도라는 콜렉터들을 통해 신체를 조달해 파는 거래를 하고 있다 — 도라에 따르면 콜렉터들은 주로 아우터 림에 버려진 시체나 테러리스트끼리 싸우다 진 쪽의 시체에서 쓸 만한 부위를 거둔다
F469,사실,17,2022-11-04,char:202,0,0,,0,0,,,,,,17,1,,place:블랙넷 org:엔터_헤븐 org:A.C.P.U.,확정,char:202,,"뉴스에 따르면 아웃로들이 블랙넷을 통한 불법 장기 매매로 큰 이득을 보며 방주 시민 납치 · 테러를 벌이고 있고, 퇴근길 열차를 습격한 테러 집단 엔터 헤븐이 A.C.P.U.에 제압되었다"
F470,사실,17,2022-11-04,char:202,0,0,,0,0,,,,,,17,1,,place:아우터_림 org:엔터_헤븐,확정,char:202,,"아우터 림에는 통신 불가 구역이 있고, 그중 한 구역에 테러 집단 엔터 헤븐의 본거지가 있다"
F471,사실,17,2022-11-04,char:202,0,0,,0,0,,,,,,17,1,,person:도라 person:지휘관 place:아우터_림,확정,char:202,,"기한이 촉박한 큰 거래 때문에 평소 콜렉터 말고 어중이떠중이 업자까지 끌어들인 도라는 그들에게 배신당해 거래소째 폭파되어 다쳤고, 지휘관이 아우터 림으로 가서 구해 왔다"
F472,사실,17,2022-11-04,char:202,0,0,,0,0,,,,,,17,1,,person:도라,확정,char:202,,도라는 자기를 배신한 패거리를 부하들을 보내 쓸어 버리게 하고 그 시체를 구매자에게 넘기라고 지시했다 — 사업상 신뢰를 저버린 자만 친다는 것이 도라의 원칙이다
F473,사실,17,2022-11-04,char:202,0,0,,0,0,,,,,,17,1,,person:도라 org:미실리스,확정,char:202,,"도라에 따르면 이번 신체 거래의 의뢰주는 미실리스 관계자였고, 그 거래를 튼 덕에 미실리스가 도라 회사의 초대형 디스플레이를 본사 외벽에 설치하기로 했다"
F474,사실,17,2022-11-04,char:202,0,0,,0,0,,,,,,17,1,,concept:니케 person:도라,확정,char:202,,"니케는 통각 센서를 끌 수 있어 꺼 두면 다쳐도 별로 아프지 않지만, 특별한 상황이 아니면 켜 둔다"
F475,사실,17,2022-11-04,char:202,0,0,,0,0,,,,,,17,1,,person:도라 person:지휘관 place:블랙넷,확정,char:202,,"도라는 블랙넷에서 손 떼라는 지휘관의 걱정을 물리치고 방주의 꼭대기 · 3대 기업 인수까지 올라가 니케가 아니라 세기의 기업가로 기억되겠다고 하며, 지휘관('고객님')과 입을 맞추었다"
F476,사실,17,2022-11-04,char:101,0,0,,0,3,,,,,,156,4,,person:드레이크 org:메티스 org:미실리스 org:빌런_연합,확정,char:101,,"미실리스 인더스트리의 최강 스쿼드 메티스는 방주의 히어로로 널리 알려져 있고, 에이스를 자칭하는 드레이크는 '메티스의 드레이크'로만 기억되는 게 싫어 빌런이 되어 메티스보다 유명해지겠다며 빌런 연합 '드레이크와 빌런들'을 만들었다"
F477,사실,17,2022-11-04,char:101,0,0,,0,0,,,,,,17,1,,person:드레이크 concept:니케,확정,char:101,,"드레이크가 단골로 다니는 방주 시내 음식점 주인의 딸은 자진해서 니케가 되어 드레이크와 작전하며 여러 번 목숨을 건졌지만 다른 작전에서 죽었고, 드레이크는 그 뒤로 꾸준히 찾아가 어머니를 위로해 왔다"
F478,사실,17,2022-11-04,char:101,0,0,,0,0,,,,,,17,1,,concept:퍼펙트 place:방주,확정,char:101,,방주 시내의 새 명물 슬라이스 퍼펙트(얇게 저민 퍼펙트를 굽는 노점 음식)의 원료에 산업 폐기물이 쓰였다는 것이 시민 제보로 드러났다
F479,사실,17,2022-11-04,char:101,0,0,,0,0,,,,,,17,1,,incident:랩쳐_침공 place:방주,확정,char:101,,"[길 잃은 자들을 위한 진혼곡]은 1차 침공 때 방주로 피난하지 못한 이들을 기리는 방주 10대 행사 중 하나인 연례 음악회로, 연주를 지상으로 송출하고 송출 뒤에는 지상의 스피커를 모두 파괴한다"
F480,사실,17,2022-11-04,char:101,0,0,,0,0,,,,,,17,1,,org:엔터_헤븐 person:드레이크 place:아우터_림,확정,char:101,,"엔터 헤븐의 니케 둘이 방주 외곽에서 굶어 죽는 이들을 알리겠다며 진혼곡 행사에 난입해 복부의 폭탄으로 자폭하려 했고('엔터 헤븐은 빛으로'), 드레이크가 몸에서 붉은 번개를 내 폭탄 회로를 태워 막아 4천여 시민을 구한 히어로가 되었다"
F481,사실,17,2022-11-04,char:101,0,0,,0,1,,,,,,156,2,,person:드레이크 person:지휘관 org:빌런_연합,확정,char:101,,"히어로로 이름이 높아진 드레이크는 히어로 연기가 고역이라며, 입지를 더 굳힌 뒤 빌런으로 전향해 모두에게 배신감을 맛보이겠다고 하고, 지휘관을 빌런 연합의 유일한 연합원으로 둔다"
F482,사실,17,2022-11-04,char:72,0,0,,0,0,,,,,,17,1,,incident:AFX_열차_테러 org:엔터_헤븐 org:아크_익스프레스,확정,char:72,,"AFX 열차 테러는 엔터 헤븐이 일반인이 탄 AFX 열차에 폭탄 테러를 해 500명 가까운 시민이 죽은 사건으로, 해마다 추모식이 열리고 아크 익스프레스는 그날을 공식 휴일로 정한다"
F483,사실,17,2022-11-04,char:72,1,0,17,0,0,,,,,,17,2,,org:인피니티_레일 org:아크_익스프레스 incident:AFX_열차_테러 person:라피,확정,char:72,,"라피에 따르면 AFX 열차 테러로 열차를 노리는 엔터 헤븐의 위험성이 드러나 아크 익스프레스에 니케가 배치되었고, 인피니티 레일 스쿼드는 그렇게 생겨났다"
F484,사실,17,2022-11-04,char:72,1,0,17,0,1,,,,,,131,2,,person:디젤 person:브리드 person:솔린 incident:AFX_열차_테러 org:인피니티_레일,확정,char:72,,"인피니티 레일의 리더 디젤은 인간일 때 동생과 함께 AFX 열차에 타고 있다가 동생을 잃은 테러 피해자이고, 브리드는 그때 AFX를 운행한 것이 자기라며 스스로를 가해자에 가깝다고 하며, 솔린도 그 사건과 얽혀 있다"
F485,사실,17,2022-11-04,char:72,0,0,,0,0,,,,,,17,1,,org:인피니티_레일 org:아크_익스프레스,확정,char:72,,"아크 익스프레스의 일반 사원들은 인피니티 레일을 평범한 직원으로 알고, 그들이 니케라는 것은 높은 사람들만 안다"
F486,사실,17,2022-11-04,char:72,1,0,17,0,1,,,,,,131,2,,person:디젤 person:브리드 person:솔린 incident:AFX_열차_테러,확정,char:72,,"디젤은 해마다 AFX 테러 추모식 날이면 누가 깨워도 깨어나지 못해 추모식에 한 번도 가지 못했고, 위령비 앞에 끌려가서는 기절했다 — 그 뒤 브리드는 디젤을 과보호하며 대신 욕을 먹는다"
F487,사실,17,2022-11-04,char:72,0,0,,0,0,,,,,,17,1,,person:디젤 person:지휘관 person:엔더슨 incident:AFX_열차_테러,확정,char:72,,"지휘관은 추모식 날 디젤을 깨워 그날 동생과 하려던 것(열차맛 퍼펙트 · 아크레인저 피규어 · 딸기 사탕 · 엔더슨의 사인)을 함께 이루게 했고, 디젤은 처음으로 위령비에 가 동생에게 인사한 뒤 '누나'가 아니라며 지휘관에게 입을 맞추었다"
F488,사실,17,2022-11-04,char:221,0,0,,0,0,,,,,,17,1,,person:라푼젤 org:필그림,확정,char:221,,"필그림 라푼젤은 지상을 떠돌며 지형지물 좌표 · 살아 있는 식수관 포인트를 외우고 있고, 머리카락 한 가닥 한 가닥이 통신을 방해하는 재머라 뭉쳐 있으면 랩쳐와 거의 마주치지 않아 데코이 없이 야영한다"
F489,사실,17,2022-11-04,char:221,0,0,,0,0,,,,,,17,1,,person:라푼젤 concept:NIMPH org:필그림,확정,char:221,,"라푼젤은 쓰러진 니케의 머리에서 떠오르는 황금색 입자 — 그 니케의 NIMPH — 를 로사리오에 모아 두고, NIMPH에 새겨진 가장 기억에 남는 장소(니케가 되기 전의 고향 등)에 무덤을 만들어 주려고 지상을 떠돈다"
F490,사실,17,2022-11-04,char:221,0,0,,0,0,,,,,,17,1,,person:라푼젤 concept:NIMPH concept:랩쳐,확정,char:221,,라푼젤이 로사리오에서 황금색 입자를 쏟아내자 주변 랩쳐들의 움직임이 멈췄다 — 그 NIMPH는 얼마 뒤 완전히 흩어진다고 한다
F491,사실,17,2022-11-04,char:221,0,0,,0,0,,,,,,17,1,,person:라푼젤 concept:NIMPH,확정,char:221,,"라푼젤을 포함한 극소수의 니케는 뇌 구조가 달라 기억에 총량이 있어 새 기억이 생기면 가장 먼 기억이 사라지고, 라푼젤은 과부하를 막으려고 먼 과거의 기억과 최근 1년의 기억만 남기고 그 사이를 지운다 — 과거를 지우면 5년쯤은 기억할 수 있지만, 그들이 그때 그곳에 있었다는 유일한 흔적이라 지우지 않는다"
F492,사실,17,2022-11-04,char:221,0,0,,0,0,,,,,,17,1,,concept:사고_전환 org:필그림 concept:니케,확정,char:221,,"사고 전환은 니케의 뇌 정보가 바뀌는 일로, 보통의 니케에게는 정신적 충격으로 일어나지만 1차 침공 때부터 살아온 순례자들처럼 뇌가 노화한 니케는 쌓인 기억이 총량을 넘을 때 과부하를 막으려 저절로 일어난다"
F493,사실,17,2022-11-04,char:221,0,0,,0,0,,,,,,17,1,J9,incident:랩쳐_침공 concept:랩쳐 concept:니케 person:라푼젤,확정,char:221,,"라푼젤의 기억으로는 1차 랩쳐 침공 때 평화롭던 어느 날 수많은 랩쳐가 하늘에서 내려와 문명을 부수고 사람을 죽였고 인류 최고의 군사력도 피해를 주지 못했으며, 수년 뒤 세계 각지에서 니케가 될 [적합자]를 찾아 라푼젤 등 몇 명이 니케로 다시 태어났다"
F494,사실,17,2022-11-04,char:221,2,2,7,0,0,,,,,,17,3,J6,org:갓데스 person:라푼젤 person:스노우_화이트 person:홍련 person:도로시 person:레드_후드 person:릴리스,확정,char:221,,1차 침공 뒤 처음 니케가 된 이들이 갓데스 스쿼드로 — 라푼젤 · 스노우 화이트 · 홍련 · 도로시 · 레드 후드 · 릴리스 — 리더이자 맏언니 릴리스는 홍련도 한 수 접을 만큼 강했고 스노우 화이트는 그녀를 언니라 부르며 따랐다
F495,사실,17,2022-11-04,char:221,0,0,,0,0,,,,,,17,1,,org:갓데스 person:라푼젤,확정,char:221,,"갓데스 스쿼드에는 지휘관도 있었다 — 라푼젤은 그를 아마 최초의 지휘관이라 하며, 니케들을 사람이자 동료로 대한 좋은 사람이었고 방주로 무사히 피난했다는 것까지만 안다고 한다"
F496,사실,17,2022-11-04,char:221,0,0,,0,0,,,,,,17,1,,person:라푼젤 person:지휘관,확정,char:221,,"라푼젤은 지휘관을 보면 마음이 편하고 그리움이 느껴진다고 하며, 이름 모를 니케의 무덤을 함께 만든 뒤 지휘관을 선한 사람이라 축복하고 다시 만나자며 떠났다"
F497,사실,17,2022-11-04,char:10,0,0,,0,0,,,,,,17,1,,concept:니케 person:지휘관,확정,char:10,,"라피에 따르면 니케는 지휘관의 명령에 어떤 것이든 절대복종하고 지휘관을 다치게 해선 안 되며(그래서 AED · 지혈제가 내장되어 있다), 니케의 실수로 지휘관이 다치거나 죽으면 그 니케가 처벌받지만 지휘관이 자결한 경우는 예외다"
F498,사실,17,2022-11-04,char:10,0,0,,0,0,,,,,,17,1,,org:스쿼드_04-F person:라피 person:아니스 org:중앙_정부,확정,char:10,,"스쿼드 04-F의 전 지휘관의 죽음을 중앙 정부는 자결로 판단했고, 그 덕에 라피 · 아니스는 처벌을 받지 않았다"
F499,사실,17,2022-11-04,char:10,0,0,,0,0,,,,,,17,1,,person:지휘관 org:중앙_정부,확정,char:10,,"지휘관은 작전 보고서를 내고 작전을 성공시켜야만 난이도에 따른 급여를 받는다 — 시급 · 월급 같은 개념이 없어, 라피는 목숨을 걸고 성과로 돈을 받는 용병과 다르지 않은 삶이라 한다"
F500,사실,17,2022-11-04,char:10,0,0,,0,0,,,,,,17,1,,place:사관학교 person:지휘관 place:방주,확정,char:10,,"라피에 따르면 사관학교의 정규 교육은 1년도 되지 않아 주로 '인류를 구할 이는 너희, 니케는 지휘관과 인류를 위해서만 존재한다'는 정신 교육을 하고, 그 괴리로 지휘관의 사망률이 높고 극단적 선택도 많지만, 방주는 지휘관을 영웅으로 추대해 사관학교 경쟁률은 해마다 수백 대 일이다"
F501,사실,17,2022-11-04,char:10,0,0,,0,0,,,,,,17,1,,person:지휘관 place:방주,확정,char:10,,"작전 보고 증서는 급여를 나중에 현금으로 바꾸는 교환증으로, 디지털 화폐라 해킹에 약한 방주에서 지휘관이 한꺼번에 돈을 잃지 않게 하는 수단이고, 어느 지휘관이든 바꿀 수 있어 생계가 어려운 지휘관에게 넘겨주는 데도 쓰인다"
F502,사실,17,2022-11-04,char:10,0,0,,0,0,,,,,,17,1,,person:지휘관 org:중앙_정부,확정,char:10,,"중앙 정부 사무소 직원은 지휘관을 소문이 자자한 분이라 반기고, 지휘관은 수행한 작전의 난이도가 높아 처음 보는 단위의 급여를 받았다"
F503,사실,17,2022-11-04,char:10,0,0,,0,0,,,,,,17,1,,concept:니케포비아 concept:니케 place:방주,확정,char:10,,"방주의 어느 상인들은 니케용 선물을 팔지 않기로 협의했고, 니케포비아인 점원은 니케를 사람처럼 대하는 이들 때문에 니케가 인권을 외치고 범죄 · 테러를 일으켜 방주가 이 꼴이 되었다고 말한다"
F504,사실,17,2022-11-04,char:10,0,0,,0,0,,,,,,17,1,,concept:니케,확정,char:10,,"라피에 따르면 니케는 뇌를 빼고 모두 인공 물질이며, 몸속 코어가 자가발전으로 동력을 대 큰 손상이 없으면 반영구적으로 쓰이므로 이론상 먹지 않아도 된다"
F505,사실,17,2022-11-04,char:10,0,0,,0,0,,,,,,17,1,,concept:니케,확정,char:10,,"니케는 인간을 본뜬 몸이라 자기가 인간이 아님을 메커니즘으로 깨달으면 인지부조화로 멘탈이 무너질 수 있어 먹고 자고 씻으며, 같은 까닭으로 초기 니케의 녹색 액체 촉매는 붉은색으로 바뀌었고 카메라 안구 · 복부 미사일 · 부스터 다리는 폐기되었으며 니케는 대부분 총기를 쓴다"
F506,사실,17,2022-11-04,char:10,0,0,,0,0,,,,,,17,1,,concept:사고_전환 concept:이레귤러 concept:니케,확정,char:10,,"라피에 따르면 멘탈이 버티지 못한 니케는 사고 전환(인격이 바뀜 — 뇌가 새 무대를 만든다)을 겪어 대부분 미치고, 그렇게 된 니케를 이레귤러라 하며 파괴적인 성향이 많아 보통 사살된다"
F507,사실,17,2022-11-04,char:10,0,0,,0,0,,,,,,17,1,,concept:이레귤러 concept:기억_소거 org:중앙_정부,확정,char:10,,"라피에 따르면 이레귤러는 기억 소거(하루 전 · 생산 직후로 되돌림)로 되돌릴 수 있지만 뇌가 물리적으로 망가져 성공률이 낮고, 뇌를 백지로 만드는 뇌세척은 쓰인 사례를 들은 적 없으며, 그래서 중앙 정부는 니케의 멘탈 케어를 매우 중요하게 다룬다"
F508,사실,17,2022-11-04,char:10,0,0,,0,0,,,,,,17,1,,person:라피 person:지휘관 person:아니스,확정,char:10,,"라피는 지휘관 · 니케가 세간에 알려진 것과 다르다는 '모든 사실'을 일부러 알려 주었고(아니스도 아는 일), 헛된 사명에 죽은 지휘관을 많이 봐 왔지만 지휘관은 다르다며, 지금의 마음이 변하지 않는다면 자기와 카운터스가 끝까지 곁을 지키겠다고 했다"
F509,사실,17,2022-11-04,char:190,0,0,,0,0,,,,,,17,1,,person:루드밀라 person:엔더슨,확정,char:190,,"루드밀라는 방주에 오기를 꺼리며, 엔더슨을 거쳐 전해져 온 수많은 편지에 한 번도 답장하지 않았다"
F510,사실,17,2022-11-04,char:190,0,0,,0,0,,,,,,17,1,,person:루드밀라 concept:로열,확정,char:190,,편지는 로열인 루드밀라의 가문이 '로열의 거죽을 뒤집어쓴 니케'에게 인간 루드밀라가 영원히 로열로 기억되도록 그 뇌를 돌려 달라는 것이다
F511,사실,17,2022-11-04,char:190,0,0,,0,0,,,,,,17,1,,concept:로열 org:3대_기업 concept:니케,확정,char:190,,루드밀라에 따르면 로열의 입김으로는 활동 중인 니케를 해칠 수 없다 — 니케를 만든 3대 회사가 그들보다 입김이 더 세기 때문이다
F512,사실,17,2022-11-04,char:190,0,0,,0,0,,,,,,17,1,,person:루드밀라,확정,char:190,,"니케가 된 지 너무 오래된 루드밀라는 가문 사람들을 소중히 여겼는지조차 기억하지 못하지만, 그 편지가 과거의 자신을 이어 주는 마지막 끈이라 거절하는 답장을 보내지 못했다"
F513,사실,17,2022-11-04,char:190,0,0,,1,0,,,,,,57,2,J34,person:루드밀라 concept:로열 org:갓데스,확정,char:190 char:194,,"로열의 자랑이던 인간 루드밀라는 최초의 니케 갓데스를 알고 누군가의 희생 위에 사는 자기 삶이 기생충 같다며, 스스로 고귀함을 증명하는 진정한 로열이 되려고 로열을 버리고 니케 수술에 자원했고, 가문은 그를 멍청하다 비난했다"
F514,사실,17,2022-11-04,char:190,0,0,,0,0,,,,,,17,1,,person:지휘관 person:루드밀라 person:엔더슨,확정,char:190,,"지휘관은 엔더슨에게서 받아 온 인간 루드밀라의 수술 서약서로 루드밀라가 가장 좋아하는 차(재스민)를 알아내 '진짜 시종'으로 인정받고 답장을 받아 냈고, 엔더슨은 다시는 편지가 가지 않을 것이며 루드밀라는 당분간 방주에 들어오지 않는 게 좋다고 전했다"
F515,사실,17,2022-11-04,char:190,0,0,,0,0,,,,,,17,1,,person:루드밀라 person:지휘관,확정,char:190,,"루드밀라가 지휘관을 시종으로 삼았고, 지휘관은 지휘관도 루드밀라의 시종도 포기하지 않겠다고 하며, 루드밀라는 그런 지휘관이 좋다고 한다"
F516,사실,17,2022-11-04,char:200,0,0,,0,0,,,,,,17,1,,person:루피 person:도라 place:방주,확정,char:200,,"루피는 몇 달 전부터 테트라TV에서 쇼핑 브이로그 [쇼퍼홀릭 채널]을 하고 있고, 도라에 따르면 방주의 빈곤층 대다수가 이런 영상으로 대리만족을 느껴 구독자가 제법 많다"
F517,사실,17,2022-11-04,char:200,0,0,,0,0,,,,,,17,1,,person:잉그리드 org:엘리시온 place:로열_로드,확정,char:200,,잉그리드는 엘리시온의 로열 로드 상업지구 개발 신규 사업을 홍보하려고 루피의 방송에 출연했다
F518,사실,17,2022-11-04,char:200,0,0,,0,0,,,,,,17,1,,person:루피 org:루셰 place:로열_로드 place:아우터_림,확정,char:200,,"루피는 패션 회사 루셰를 운영하며, 로열 로드 중심 로열 스퀘어에 입점한 15개 브랜드 중 4개가 루셰 브랜드이고, 초고속 드론으로 방주 어디든 30분 안에 배송하지만 아우터 림은 드론을 격추해 제외한다"
F519,사실,17,2022-11-04,char:200,0,0,,0,0,,,,,,17,1,,concept:니케 person:루피,확정,char:200,,"니케에게는 '인간을 공격해선 안 된다'는 금제가 있어, 루피는 스토커를 제압할 힘이 있어도 인간인 상대에게 손쓰지 못하고, 그런 이들이 그것을 알고 이용한다고 한다"
F520,사실,17,2022-11-04,char:200,0,0,,0,0,,,,,,17,1,,person:루피 person:지휘관,확정,char:200,,하루 남자친구 역을 맡았던 지휘관이 루피를 강제로 차에 태우려던 스토커를 주먹으로 쓰러뜨리자 — 시민을 때리면 징계를 받는다 — 루피는 지휘관에게 '진짜'가 되어 달라 했고 둘은 사귀기 시작했다
F521,사실,17,2022-11-04,char:82,0,0,,0,0,,,,,,17,1,,person:리타 org:마이티_툴즈 person:센티,확정,,,"마이티 툴즈의 리타는 일선에서 싸우지 않는 건설 니케로, 사다리 · 지게차를 짧은 시간에 만들어 내고, 방주에 자기가 처음 지은 붉은 지붕 빌딩 · 센티와 만나 처음 지은 건물 · 마이티 툴즈의 상가를 지었다"
F522,사실,17,2022-11-04,char:82,0,0,,0,0,,,,,,17,1,,person:리타 concept:니케 person:센티,확정,,,"리타는 수십 년을 산 늙은 니케로, 몸은 불멸이어도 뇌는 그렇지 않아 언젠가 죽는다고 보고, 올바르게 기억되는 '완성된 죽음'을 위해 살아 있었다는 증거로 건물을 짓고 센티를 키운다"
F523,사실,17,2022-11-04,char:82,1,0,104,1,1,,,,,,104,2,,person:조쉬_허밋 person:리타,확정,fl:for_rest,,"리타의 이전 지휘관 조쉬 허밋은 15년 전 지상에 처음 올라가 들뜬 니케를 지키다 랩쳐에게 죽었는데, 아무것도 남기지 않아 기록에는 이름과 작전 중 사망만 남았고 성추행 · 운용비 횡령 같은 나쁜 루머의 주인공이 되었다"
F524,사실,17,2022-11-04,char:82,0,0,,0,0,,,,,,17,1,,person:아니스,확정,,,아니스는 지상에서 동료가 순식간에 죽는 게 일상이라 언제 죽을지 모른다며 자기에게는 희망도 미래도 없어 현재도 열심히 살고 싶지 않다고 말한다
F525,사실,17,2022-11-04,char:82,0,0,,0,0,,,,,,17,1,,person:리타 person:아니스 person:지휘관,확정,,,"리타는 아니스에게 미래를 꿈꾸고 열심히 산 증거를 남겨 '완성된 죽음'을 맞으라 했고, 지휘관에게는 아니스가 변할 때까지 죽지 않게 지켜 주고 좋은 녀석인 지휘관도 죽지 말라고 했다"
F526,사실,17,2022-11-04,char:102,0,0,,0,0,,,,,,17,1,,person:맥스웰 org:미실리스 person:슈엔,확정,char:102,,"맥스웰은 인간일 때 미실리스 타워를 단독으로 조정할 권한을 가진 몇 안 되는 이름난 미실리스 연구원이었고 지상 임시 연구소에서 일하다 랩쳐 습격으로 죽었으며, 슈엔이 직접 만든 니케가 된 지금도 미실리스의 연구원이다"
F527,사실,17,2022-11-04,char:102,0,0,,0,0,,,,,,17,1,,concept:니케 person:지휘관 place:지상,확정,char:102,,니케는 지상에 올라가려면 반드시 지휘관과 동행해야 한다
F528,사실,17,2022-11-04,char:102,0,0,,0,0,,,,,,17,1,,person:맥스웰 concept:니케,확정,char:102,,맥스웰은 니케가 굳이 인간인 척할 필요가 없고 효율적인 몸 관리를 위해 회사가 니케용으로 만들어 주는 것 말고는 먹지 않는다
F529,사실,17,2022-11-04,char:102,2,1,2,1,0,,,,,,152,4,J3,person:맥스웰 person:지휘관 person:슈엔,확정,char:102 char:105,,"맥스웰은 슈엔의 부탁으로 지휘관 몰래 실험해, 지휘관과 니케의 유대감([호감도])이 높을수록 그 니케의 전투 능력 전반이 오르고 짧은 기간에 최고 기록을 경신하는 것을 확인했다"
F530,사실,17,2022-11-04,char:102,0,0,,0,1,,,,,,152,2,,person:맥스웰 person:지휘관,확정,char:102,,"맥스웰은 그 까닭이 심리인지 지휘관의 몸 안에 있는 '특별한' 무언가인지 모르지만, 니케의 뇌는 보안이 취약해 알게 된 것이 퍼지면 지휘관이 방주의 실험 쥐가 된다며 보고서에는 심리 케어로 사기가 올랐다고만 적었다"
F531,사실,17,2022-11-04,char:102,0,0,,0,0,,,,,,17,1,,person:슈엔 person:맥스웰 org:메티스 person:지휘관,확정,char:102,,"슈엔은 지휘관이 육체적 요소로 니케를 강하게 한다면 실험대에 올렸을 거라 하고, 자기 메티스인 맥스웰에게 지휘관이 아무리 좋아져도 자기가 버리라면 버리고 죽이라면 죽여야 한다고 다짐받았다"
F532,사실,17,2022-11-04,char:102,0,0,,0,0,,,,,,17,1,,person:맥스웰 person:지휘관,확정,char:102,,"맥스웰은 지휘관을 '베이비'라 부르며 알면 알수록 궁금해지는 흥미 대상으로 여기고, 슈엔에게 보여 주지 않을 새 연구를 지휘관과 시작해 휘둘리지 않고 지휘관을 온전히 가질 때까지 지키겠다고 했다"
F533,사실,17,2022-11-04,char:130,0,0,,0,0,,,,,,17,1,,person:메어리 person:페퍼,확정,char:130,,"병원에서 일하는 의사 니케 메어리는 계단에서 굴러 크게 다친 사고로 인간 시절 기억을 잃고 의료 지식만 남았다고 알려져 있고, 누가 밀었다는 소문이 있다"
F534,사실,17,2022-11-04,char:130,0,0,,0,0,,,,,,17,1,,person:메어리 concept:니케,확정,char:130,,"인간 메어리는 사람을 더 가치 있게 만들자는 한 무리의 제안으로 죽을 환자의 사망 서류를 조작해 동의 없이 그 뇌를 팔아 니케로 만들었고, 그 기록을 검은 상자에 모아 교회 제단 밑에 숨겼다"
F535,사실,17,2022-11-04,char:130,1,0,17,0,0,,,,,,17,1,,person:메어리,확정,char:130,,"메어리는 사실 기억을 잃지 않았고, 꼭꼭 숨은 그 무리를 다시 만나려고 기억을 잃은 순진한 니케 행세를 하며 미끼를 던져 왔다"
F536,사실,17,2022-11-04,char:130,0,0,,0,1,,,,,,17,1,,person:메어리 person:머스탱 org:테트라 concept:기억_소거,확정,char:130,,"메어리는 사고로 테트라에서 니케가 되었는데, 메어리가 새 삶을 준 테트라 니케들이 복수를 요구하자 머스탱은 관례인 기억 소거를 하지 않고 제 죄를 기억하며 살게 하는 벌을 주었다"
F537,사실,17,2022-11-04,char:130,2,0,17,1,0,,,,,,40,2,,person:메어리 person:페퍼,확정,char:130 event_bluewaterisland,,"메어리를 '믿었는데, 이 위선자'라며 계단에서 밀어 죽게 한 것은 메어리의 뇌 매매를 알게 된 페퍼이고, 메어리는 페퍼가 그것을 알아선 안 된다며 기억 상실을 계속 연기한다"
F538,사실,17,2022-11-04,char:130,0,0,,0,0,,,,,,17,1,,person:메어리 person:머스탱 org:테트라_커넥트 org:중앙_정부,확정,char:130,,"메어리를 협박해 검은 상자를 찾게 한 문자의 주인은 약속 장소에 폭탄을 두었고, 메어리가 머스탱에게 넘긴 상자는 테트라 커넥트가 익명 제보로 보도해 중앙 정부 공무원과의 연관이 드러났다"
F539,사실,17,2022-11-04,char:130,0,0,,0,0,,,,,,17,1,,person:D,확정,char:130,,보도 뒤 D가 '위의 전언'이라며 상자 관리가 허술했다는 문자의 주인을 집에서 쏘았다
F540,사실,17,2022-11-04,char:130,0,0,,0,1,,,,,,40,2,,person:지휘관 person:메어리,확정,char:130,,"지휘관은 수면 주사에서 깨려고 제 손을 총으로 쏘고 폭탄이 있는 약속 장소로 메어리를 찾아가 공범자로서 죄를 함께 지겠다 했고, 메어리는 살아서 죄를 치료하겠다며 지휘관을 '공범자 님'이라 부른다"
F541,사실,17,2022-11-04,char:181,0,0,,0,2,,,,,,78,3,,org:익스터너 person:메이든 person:길로틴 concept:이레귤러,확정,char:181,,"익스터너 스쿼드는 메이든과 길로틴 둘뿐이고 존재 자체가 극비이며, 하는 일은 이레귤러가 된 니케의 제압 또는 사살이다 — 메이든은 그 일로 고맙다는 말을 한 번도 들어 본 적이 없었다"
F542,사실,17,2022-11-04,char:181,0,0,,0,0,,,,,,17,1,,person:메이든 person:잉그리드,확정,char:181,,"메이든의 능력 [언령]은 말에 숨은 코드로 니케에게 최면을 거는 것([정지] · [수면])이라 귀가 안 들리는 상대에게는 소용없고, 메이든은 사장 잉그리드의 허가 없이는 마스크를 벗을 수 없다"
F543,사실,17,2022-11-04,char:181,0,0,,0,0,,,,,,17,1,,person:메이든 concept:양산형_니케 place:방주,확정,char:181,,"방주에서 시민 5명을 죽인 [살인 니케] 사건이 수사 중일 때, 메이든은 골목에서 입가에 피를 묻힌 채 지휘관을 덮친 양산형 니케를 [정지] · [수면]으로 쓰러뜨리고, 목격자에게 입을 열면 가족까지 안전을 보장 못 한다고 경고하려 했다"
F544,사실,17,2022-11-04,char:181,0,0,,0,0,,,,,,17,1,,person:메이든 concept:이레귤러 concept:양산형_니케 place:로열_로드 person:잉그리드,확정,char:181,,"로열 로드에서 난동을 부리고 양산형 니케 200기 이상이 있는 생산 시설에 숨은 귀가 들리지 않는 이레귤러를, 메이든이 마스크를 벗고 방송실에서 [정지]를 걸어 듣는 니케를 모두 멈추게 한 뒤 혼자 움직이는 니케를 찾아 잡았다"
F545,사실,17,2022-11-04,char:181,0,0,,0,1,,,,,,74,2,,person:메이든 person:지휘관,확정,char:181,,"소속감을 원하던 메이든은 지휘관이 권한 게임 파이널 퀘스트의 길드에서 '블랙로즈'로 소속감을 찾았고, 지휘관 방에 함께 지내며 길드원들에게 지휘관과 결혼한 사이라고 해 버려, 지휘관은 부부 연기를 해 주기로 했다"
F546,사실,17,2022-11-04,char:32,0,0,,0,1,,,,,,154,2,,person:미란다 person:폴리 org:A.C.P.U. org:중앙_정부,확정,,,"A.C.P.U. 경찰로 일하는 미란다는 실은 중앙 정부 감사부 소속 감찰관으로 A.C.P.U.에 비밀리에 파견되었지만, 폴리를 비롯한 A.C.P.U. 사람들은 이미 다 알고 있었다"
F547,사실,17,2022-11-04,char:32,0,0,,0,0,,,,,,17,1,,person:미란다 org:A.C.P.U.,확정,,,"미란다는 감찰부의 Mr. 0에게서 열심히 일한다는 것을 증명하라는 메시지를 받고 일하는 영상을 보냈고, 감찰부도 A.C.P.U.도 그만두고 싶지 않아 결국 A.C.P.U.에 남았다"
F548,사실,17,2022-11-04,char:32,0,0,,0,0,,,,,,17,1,,person:미란다 person:폴리 org:A.C.P.U. person:지휘관,확정,,,"미란다가 잘못 보낸 영상이 [TV 특종 비리를 밝혀라!]에 A.C.P.U.의 폭탄 테러 은폐로 방송된 날 실제로 공원 폭탄 테러가 신고되었고, 테러범은 잡혔으며 미란다가 수풀에 숨겨진 시한폭탄을 찾아내 지휘관과 선을 끊어 멈췄다"
F549,사실,17,2022-11-04,char:32,0,0,,0,0,,,,,,17,1,,person:미란다 person:지휘관,확정,,,"시민을 지키려 폭탄을 안고 남겠다는 미란다에게 지휘관은 미란다도 자기가 지켜야 할 니케라며 함께 목숨을 걸었고, 미란다는 앞으로도 지휘관을 지키겠다고 약속했다"
F550,사실,17,2022-11-04,char:61,0,0,,1,0,,,,,,57,2,,person:미카 person:벨로타,확정,event_neverland1,,"미카와 벨로타는 니케가 되기 전 고아원에서 처음 만났다 — 원장은 아이들을 때리고 서로 친하게 지내는 것을 싫어했으며, 벨로타는 그곳을 언제 죽나 감시하는 어른과 굶주림에 악에 받친 아이들이 있던 곳으로 떠올린다"
F551,사실,17,2022-11-04,char:61,0,0,,1,1,,,,,,57,2,,person:미카 person:벨로타 concept:니케,확정,event_neverland1,,벨로타에 따르면 미카와 벨로타는 한 번 죽고 니케로 되살아났다
F552,사실,17,2022-11-04,char:61,0,0,,0,0,,,,,,17,1,,org:리틀_캐논 person:미카 person:벨로타,확정,,,"미카 · 벨로타의 리틀 캐논은 탄을 직접 계량해 지상의 폭죽놀이를 재현하는 포격 부대로 '폭죽놀이단'으로 알려져 있고, 장난 탓에 이전 지휘관에게서 쫓겨난 적이 있다"
F553,사실,17,2022-11-04,char:61,0,0,,0,0,,,,,,17,1,,person:벨로타 person:미카 person:지휘관 person:폴리,확정,,,"벨로타는 자기만 보고 사는 미카에게 족쇄가 되지 않으려 지휘관에게 미카를 부탁하고 한동안 방주에 가 떨어져 있었고, 지휘관은 미카의 두 번째 친구가 되어 미카가 폴리 · 미란다와 친구가 되게 도왔다"
F554,사실,17,2022-11-04,char:161,0,0,,0,1,,,,,,110,2,,person:미하라 concept:니케,확정,char:161,,"인간 미하라는 온몸의 감각을 잃고 눈만 뜨고 감을 수 있는 희소병을 앓았고, 뺨을 깨물어 느낀 고통으로 살아 있음을 느끼다가 '좋아하는 그것을 마음대로 하게 해 주겠다'는 권유를 받고 니케가 되었다"
F555,사실,17,2022-11-04,char:161,0,0,,0,0,,,,,,17,1,,person:미하라 person:지휘관,확정,char:161,,"미하라는 고통을 자기를 다시 태어나게 한 기적이라 여겨 사람들이 어려워해도 성향을 숨기지 않으며, 질색하지 않고 어울려 준 지휘관에게 처음으로 키스를 받고 그 뒤로 지휘관을 찾아온다"
F556,사실,17,2022-11-04,char:141,0,0,,0,0,,,,,,17,1,,place:언더_아레나 place:블랙넷 person:도라,확정,,,"방주에는 맨손이라는 것 말고는 룰이 없어 죽는 경우도 많은 불법 사설 니케 격투장 언더 아레나가 있고, 블랙넷을 돌던 '위험한 물건'이 그 우승 상품으로 걸려 역대급 호황을 누렸다"
F557,사실,17,2022-11-04,char:141,0,0,,0,3,,,,,,122,3,,person:밀크 place:언더_아레나 org:카페_스위티,확정,,,"밀크는 강해 보이는 상대와의 정면 승부와 어려운 의뢰를 피해 승률 · 의뢰 달성률 100%를 지켜 왔을 뿐 진정으로 노력한 적이 없었다고 털어놓고, 언더 아레나 결승에서 졌지만 상대 니케에게 경의의 표시로 물건을 받아 의뢰를 마쳤다"
F558,사실,17,2022-11-04,char:141,0,0,,0,0,,,,,,17,1,,person:밀크 person:지휘관,확정,,,"지휘관은 맨손 대결에서 밀크를 두 번 이기고 곁에서 노력하도록 도왔고, 밀크는 지휘관에게 고백해 천천히 지휘관의 모든 것을 알아 가겠다고 했다"
F559,사실,17,2022-11-04,char:91,0,0,,0,0,,,,,,17,1,,person:베스티 place:로열_로드,확정,char:91,,"베스티는 인간 시절 학교에서 말을 더듬고 잘 우는 외톨이로 동창들에게 '구제불능'이라 괴롭힘을 당했고, 니케가 된 뒤 로열 로드에서 다시 만난 그 동창들은 베스티를 '기계', 세금으로 개조해 준 존재라며 조롱했다"
F560,사실,17,2022-11-04,char:91,0,0,,0,0,,,,,,17,1,,person:베스티 person:잉그리드 org:앱솔루트,확정,char:91,,"S++ 스테이터스의 베스티는 처음 니케가 되어 한 발 쏘자마자 잉그리드에게 SSR급 판정을 받았고, 스스로는 적을 '죽이고 싶다'고 강하게 바라면 집중력이 높아져 탄이 모두 명중할 뿐이라고 말한다"
F561,사실,17,2022-11-04,char:91,0,0,,0,0,,,,,,17,1,,person:베스티 person:지휘관 concept:니케,확정,char:91,,"베스티는 니케라서 동창들을 해칠 수 없다고 여겼지만, 지휘관이 동창에게 맞은 뒤 '지휘관 호위 목적의 정당방위'로 제압하라고 명령하자 두 인간을 상처 하나 남기지 않고 제압했다"
F562,사실,17,2022-11-04,char:91,0,0,,0,0,,,,,,17,1,,person:베스티 person:지휘관 person:은화 person:라피,확정,char:91,,"지휘관은 베스티에게 친구가 되겠다고 손가락 걸고 약속했고, 베스티는 일기에 적은 지휘관을 향한 마음이 우정이 아니라 사랑일 수 있다는 말을 듣는다 — 은화는 베스티가 라피와 어울리는 것을 싫어한다"
F563,사실,17,2022-11-04,char:60,0,0,,0,0,,,,,,17,1,,person:벨로타 person:미카 org:리틀_캐논,확정,,,"벨로타는 지휘관을 배정받을 때마다 한 번씩 장난으로 골탕 먹이는 것으로 유명했고, '어린애 주제에, 니케 주제에'라며 혼내기만 한 예전 지휘관들을 '어른'이라 싫어해 더 심한 장난을 치다 쫓겨났다"
F564,사실,17,2022-11-04,char:60,0,0,,0,0,,,,,,17,1,,person:벨로타 person:지휘관,확정,,,"벨로타는 장난을 받아 주고 사과를 바로 믿어 준 지휘관을 다른 지휘관들과 다른 '진짜 어른'이라 부르고, 장난으로 오래 기억되고 싶었다며 지휘관에게 입을 맞추고 좋아한다고 고백했다"
F565,사실,17,2022-11-04,char:431,0,0,,0,0,,,,,,17,1,,person:볼륨 org:테트라 person:지휘관,확정,,,"테트라 소속 니케 래퍼 볼륨은 차트 1위 앨범을 내며 방주 최고의 래퍼로 불리지만 무대 · 방송에서 폭력 · 욕설 논란이 끊이지 않아 매니저가 길어야 일주일을 버텼고, 지휘관이 새 매니저를 맡았다"
F566,사실,17,2022-11-04,char:431,0,0,,0,0,,,,,,17,1,,person:볼륨 person:지휘관,확정,,,"볼륨은 생방송 토크쇼에서 음악을 한 계기가 돈이고 대충 만들어도 팔린다고 말한 뒤 진행자를 붙잡고 말리던 지휘관을 쳐 병원에 실려 가게 했으며, 팬 시위가 일자 사비로 전석 무료 콘서트를 열어 논란을 잠재웠다"
F567,사실,17,2022-11-04,char:431,0,0,,0,0,,,,,,17,1,,person:볼륨 person:지휘관,확정,,,"다른 매니저와 달리 자기를 지키려 한 지휘관이 마음에 든 볼륨은 매니저와의 열애설을 익명으로 직접 언론에 제보했고, 지휘관은 볼륨의 고백에 'Yes'라고 답했다"
F568,사실,17,2022-11-04,char:70,0,0,,0,0,,,,,,17,1,,org:아크_익스프레스 org:엔터_헤븐 person:브리드 person:디젤,확정,char:70,,"엔터 헤븐의 테러 위협이 잦고 기록에 남을 큰 사고도 있었던 아크 익스프레스는 모든 기관사에게 운행 전 테러 상황 대처 능력을 보는 컨디션 체크를 하고, 니케 기관사 브리드는 디젤의 공격을 따라가야 통과한다"
F569,사실,17,2022-11-04,char:70,0,0,,0,0,,,,,,17,1,,place:방주 place:로열_로드 person:브리드,확정,char:70,,"방주의 아침은 인공 햇빛으로 만들어지고, 그 풍경은 오전 5시 로열 로드행 열차가 터널 밖을 지날 때만 잠깐 보인다 — 브리드는 그것이 자기가 기관사 일을 하는 가장 큰 이유라 한다"
F570,사실,17,2022-11-04,char:70,0,0,,0,0,,,,,,17,1,,person:브리드 person:지휘관 org:인피니티_레일,확정,char:70,,"지치지 않는 몸이라며 휴가를 한 번도 쓰지 않고 하루 두 시간만 자던 브리드는 지휘관과 매일 밤 커피 자판기 투어라는 '일탈'을 하다 입을 맞췄고, 지휘관을 사랑하는 일만큼 소중한 자기의 일탈이라 부른다"
F571,사실,17,2022-11-04,char:80,0,0,,0,1,,,,,,104,2,,person:얀 org:달란트 person:센티 place:방주,확정,char:80,,"달란트의 얀이 방주 양극화 속 민생 안정을 내걸고 연 초저가 생필품 매장 달란트몰은, 센티가 지휘관의 '최고급' 명령대로 로열 로드 명품관급으로 꾸며 손님 95% 이상에게 상대적 박탈감을 준다는 뉴스로 물의를 빚었다"
F572,사실,17,2022-11-04,char:80,0,0,,0,0,,,,,,17,1,,person:센티 person:지휘관 org:마이티_툴즈,확정,char:80,,"마이티 툴즈의 공병 센티는 한번 받은 명령은 목숨 걸고 지키는 성격이었으나, 잘못된 명령은 지키지 않아도 된다는 지휘관의 말을 곱씹어 스스로 판단해 명령을 보완하게 되었고 지휘관과 한 몸 같은 콤비라 자부한다"
F573,사실,17,2022-11-04,char:71,0,0,,0,0,,,,,,17,1,,concept:니케 person:솔린,확정,char:71,,"니케의 외형은 니케가 될 때 본인이 고르고 한번 정하면 바꿀 수 없어, 어려 보이는 외형을 고른 솔린은 강한 니케인데도 미아로 신고당하는 등 어린애 취급을 받는다"
F574,사실,17,2022-11-04,char:71,1,0,17,0,0,,,,,,17,2,,person:솔린 incident:AFX_열차_테러,확정,char:71,,"인간 솔린은 기차역에서 열차가 폭발한 테러로 역이 무너져 다리가 부러졌고, 주변 사람들은 '쓸모없는 건 버려야지'라며 솔린을 두고 갔다 — 솔린은 왜 그곳에 있었는지 기억하지 못한다"
F575,사실,17,2022-11-04,char:71,0,0,,0,0,,,,,,17,1,,person:솔린 person:지휘관 person:델타 org:아크_익스프레스,확정,char:71,,"무기한 정직 중 쓸모를 증명하려던 솔린이 지상에서 무너진 건물에 다리를 다치자 지휘관이 업고 나와 델타의 수색대에 구조되었고, 쓸모없어도 버리지 않는다는 약속에 솔린은 지휘관에게 연애를 청했다"
F576,사실,17,2022-11-04,char:140,0,0,,0,0,,,,,,17,1,,concept:양산형_니케 place:아우터_림,확정,char:140,,"폐기 직전의 양산형 니케는 전투 능력을 제거당한 채 아우터 림에 팔려 와 먹지도 자지도 않는 일꾼이나 인간들 싸움의 총알받이로 쓰이고, 폐기 직전이란 수명이 다했다는 뜻이라 길어야 한 달을 산다"
F577,사실,17,2022-11-04,char:140,0,0,,0,0,,,,,,17,1,,place:아우터_림 concept:양산형_니케 org:중앙_정부,확정,char:140,,"아우터 림의 대규모 내전에서 폐기 직전 양산형 니케를 방패로 내세운 조직은 — 니케는 인간을 공격할 수 없어 방패로밖에 쓰지 못했다 — 최신 화기를 쓴 상대에게 졌고, 끌려온 양산형들은 중앙 광장에 모여 처형되었다 — 뉴스는 중앙 정부 소유의 양산형이 어떤 경위로 아우터 림에 흘러들었는지 중앙 정부가 조사한다고 전했다"
F578,사실,17,2022-11-04,char:140,0,0,,0,0,,,,,,17,1,,place:방주 place:아우터_림,확정,char:140,,"방주에서 파는 커피는 인공 커피 · 커피향 음료이고, 진짜 커피는 거래 금지 물품은 아니지만 정식 루트로는 엄청나게 비싸다 — 아우터 림의 한 조직이 훔친 진짜 커피를 싸게 판다는 소문이 있었으나 그것도 흉내 낸 것이었다"
F579,사실,17,2022-11-04,char:140,0,0,,0,0,,,,,,17,1,,place:정크_마운틴 person:슈가 concept:지상_탈환,확정,char:140,,"슈가에 따르면 지상의 정크 마운틴은 언젠가 지상을 탈환하리라 믿은 사람들이 저마다 소중한 것을 쌓아 두고 지하로 들어간 곳이고, 그 주인들은 모두 죽었다 — 슈가와 지휘관은 반나절 넘게 뒤져 그곳에서 냉동 보관된 커피 원두를 찾았다"
F580,사실,17,2022-11-04,char:140,0,0,,0,0,,,,,,17,1,,person:슈가 person:지휘관 org:카페_스위티 concept:니케,확정,char:140,,"카페 스위티의 해결사 슈가는 지휘관을 '파트너'라 부르며 의뢰에 데려가고, 원하는 것은 무슨 수를 써서라도 손에 넣어야 언제 사그라들지 모르는 자신들이 [사람]으로 남는다고 믿는다 — 인간을 공격할 수 없는 금제는 지휘관을 위협하는 인간을 제압하는 그림으로 비켜 가며 제압탄을 썼고, 의뢰를 마친 뒤 지휘관과 입을 맞췄다"
F581,사실,17,2022-11-04,char:220,0,0,,0,0,,,,,,17,1,,place:방주,확정,char:220,,"스노우 화이트가 들은 바로는 지하에서 지상으로 오르는 엘리베이터 길이 거미줄처럼 뻗어 있어 어디서 타든 지상 곳곳으로 갈 수 있지만, 구조가 복잡해 고장 · 사고가 잦다"
F582,사실,17,2022-11-04,char:220,0,0,,0,0,,,,,,17,1,,person:스노우_화이트 concept:사고_전환 person:퀸 concept:랩쳐 concept:지상_탈환,확정,char:220,,"스노우 화이트는 이미 몇 번의 사고 전환을 겪어 소원은 없어졌을 거라 하고, 랩쳐의 여왕을 죽여 지상을 인류에게 돌려주려 지상을 떠돌며, 자기가 지나친 랩쳐가 누군가를 죽일 수 있어 더는 누가 죽는 모습을 보고 싶지 않다며 랩쳐는 하나도 남김없이 죽이려 한다"
F583,사실,17,2022-11-04,char:220,0,0,,0,0,,,,,,17,1,,person:스노우_화이트 concept:랩쳐 concept:니케,확정,char:220,,"스노우 화이트는 잠을 자지 않아도 되고 상한 음식에도 식중독에 걸리지 않지만 먹어야 움직인다 — 지상에는 제대로 정비받을 곳이 없어 싸운 뒤 랩쳐 부품을 뜯어 몸에 붙이는데, 랩쳐 부품은 니케에게 잘 맞아 지금 몸의 3할 정도가 랩쳐 부품이다"
F584,사실,17,2022-11-04,char:220,0,0,,0,0,,,,,,17,1,,item:세븐스_드워프 person:스노우_화이트,확정,char:220,,"스노우 화이트의 무장 세븐스 드워프는 [7=ALL]을 컨셉으로 만든 7종 무장 세트로 모든 상황에 대응하는 만능 무장이지만, 지금은 4종 정도만 제대로 작동한다 — 짊어질 수 있는 중량을 무장에 다 쏟아 사람을 업거나 데코이를 가지고 다닐 여유가 없다"
F585,사실,17,2022-11-04,char:220,0,0,,0,0,,,,,,17,1,,person:스노우_화이트 person:지휘관,확정,char:220,,"엘리베이터 사고로 홀로 지상에 조난된 지휘관을 스노우 화이트가 구해 여러 날에 걸쳐 방주행 엘리베이터까지 데려다주었고, 몰려든 랩쳐 100여 기를 막으며 '또 만나지'라 했다 — 스노우 화이트는 아무도 죽지 않길 바라는 '같은 결벽증'을 앓는 지휘관이 마음에 든다고 한다"
F586,사실,17,2022-11-04,char:22,0,0,,0,0,,,,,,17,1,,person:지휘관 concept:니케 person:아니스 person:시그널,확정,char:22,,"아니스에 따르면 지휘관은 전초기지 관리에 더해, 다른 지휘관들은 생각조차 하지 않는 니케 멘탈 케어로 사적으로 시간을 내 니케들과 놀러 나가거나 훈련을 함께해 준다 — 시그널은 자기에게 잘해 준 것도 그 때문이라 여겼다"
F587,사실,17,2022-11-04,char:22,0,0,,0,2,,,,,,119,3,,person:시그널 person:지휘관 person:델타,확정,char:22,,"델타와 함께 지내는 통신병 시그널은 로맨스 드라마를 즐겨 보는 소심한 니케로, 지휘관에게 먼저 좋아한다고 고백했고, 지휘관은 지상의 진짜 꽃밭 — 방주 드라마에서도 꽃은 인공 · 홀로그램뿐이다 — 에서 무전으로 같은 마음이라 답했다"
F588,사실,17,2022-11-04,char:12,0,0,,0,0,,,,,,17,1,,person:지휘관 place:사관학교,확정,char:12,,"지휘관은 방주에서 태어난 것과 사관학교를 졸업한 것 말고는 기억이 흐릿하고, 입원했던 적이 있는 것 같다고 말한다"
F589,사실,17,2022-11-04,char:12,0,0,,2,3,,,,,,144,5,,concept:이터널_스카이 place:방주 org:3대_기업,확정,char:12,,"방주의 하늘은 방주 전체를 감싼 거대한 디스플레이 [이터널 스카이]에 띄운 화면으로 밤낮 · 구름 · 해와 달까지 지상을 재현하고 가끔 인공 비 · 눈도 뿌리는데, 예전에 3대 회사가 하루 1분 광고를 띄웠을 때 아이들이 집단 패닉에 빠지고 성인 우울증이 폭증해 방주 사망자가 가장 많은 해가 되었다"
F590,사실,17,2022-11-04,char:12,0,0,,0,1,,,,,,131,2,,concept:퍼펙트 place:방주,확정,char:12,,"아니스에 따르면 방주 음식은 모두 완전식품 퍼펙트(곤약 같고 맛 · 냄새 없이 식감만, 영양소는 모두 담음)에 인공 물질을 넣어 흉내 낸 가짜이고, 퍼펙트의 제조법은 철저히 비밀이라 무엇으로 만드는지 아무도 모른다 — [진짜]는 지상에서 운 좋게 가져오거나 방주의 소규모 재배 · 배양육뿐이라 무지막지하게 비싸다"
F591,사실,17,2022-11-04,char:12,0,0,,0,0,,,,,,17,1,,org:3대_기업 org:엘리시온 org:미실리스 org:테트라 org:중앙_정부 place:방주,확정,char:12,,"방주는 천만에 가까운 인구가 살고, 니케를 유일하게 생산할 수 있는 3대 회사(엘리시온 · 미실리스 인더스트리 · 테트라 라인)가 니케 말고도 방주의 주력 산업을 나눠 가져 굴러가고(아니스의 기억으로는 엘리시온이 군수 · 식품 · 운송, 테트라가 엔터 · 의류 · 생필품, 나머지는 미실리스), 중앙 정부가 이들을 밀착 감시한다"
F592,사실,17,2022-11-04,char:12,0,0,,0,0,,,,,,17,1,,place:방주 concept:지상_탈환 concept:니케 person:지휘관,확정,char:12,,"방주가 대량 생산하는 재료는 지하에서 나오지 않아 지상에서 조달하고, 그래서 지휘관과 니케를 계속 만들어 주기적으로 지상에 올려 보낸다 — 지상의 것도 무한하지 않아 방주는 언제 무너질지 모르고, 탈환했다 싶으면 다시 빼앗기기를 되풀이해 공식적으로 인류는 지상을 단 한 평도 탈환하지 못했다"
F593,사실,17,2022-11-04,char:12,0,0,,0,0,,,,,,17,1,,concept:인식_칩 concept:로열 concept:포멀 place:로열_로드 org:중앙_정부 place:갱생관,확정,char:12,,"방주 시민은 모두 무료 인식 칩을 심어야 시민으로 인정되는데, 비싼 칩의 부자가 [로열], 나머지가 [포멀]로 스스로 등급을 나눠 로비로 굳혔다 — 중앙 정부가 로열이 모여 살 곳으로 지정한 로열 로드는 로열이 다시 흩어져 명품 거리만 남았고, 지금은 로열 혜택이 금지(어기면 갱생관)되어 칭호만 남았다"
F594,사실,17,2022-11-04,char:12,0,0,,0,1,,,,,,144,2,,concept:아웃로 concept:인식_칩 place:아우터_림,확정,char:12,,"인식 칩이 없는 이들을 [아웃로]라 부르고 방주 인구의 10% 정도(비공식, 더 많으리라 추측)로 아우터 림에 산다 — 아우터 림은 원래 방주의 폐자재를 버리던 곳으로, 강력 범죄로 인식 칩을 박탈당해 방주에서 살 수 없게 된 이들이 모여들고 그곳에서 태어난 아이도 칩이 없어 점점 늘었다"
F595,사실,17,2022-11-04,char:12,0,0,,0,0,,,,,,17,1,,concept:인식_칩 concept:아웃로 place:아우터_림 place:갱생관,확정,char:12,,"아우터 림 주민 대부분은 방주에 들어가고 싶어 불법 인식 칩이나 몸에서 강제로 빼낸 칩을 사려 하고, 방주에 몰래 든 아웃로가 팔 · 귀의 칩을 부위째 잘라 가기 때문에 잘못 자르면 죽는 목덜미에 칩을 심는다 — 살인은 갱생관으로 끝나지 않아 아웃로도 목덜미 칩은 노리지 않는다"
F596,사실,17,2022-11-04,char:12,0,0,,0,1,,,,,,154,2,,place:아우터_림 org:중앙_정부 org:엔터_헤븐 incident:AFX_열차_테러,확정,char:12,,"아우터 림은 중앙 정부가 지정한 [위험 구역]으로 게이트로만 드나들고 법의 보호도 군인도 전기도 없으며, 주민은 지상의 랩쳐 · 니케 부품을 브로커를 통해 방주에 판다 — 방주와의 두꺼운 격벽은 인식 칩 없는 이들의 인권을 부르짖는 무장 테러 집단 엔터 헤븐 때문이고, 아니스는 예전의 큰 열차 사고도 그들 짓이라 한다"
F597,사실,17,2022-11-04,char:12,0,0,,0,1,,,,,,144,2,,person:아니스 person:지휘관,확정,char:12,,"하루 방주를 안내한 아니스는 사는 목적도 모른 채 마음만 강해져 새것에 벽을 치는 자기와 달리, 지휘관은 미지에 발을 들여도 곧 결심하고 행동하는 사람이라며 계속 따라다녀도 되냐고 묻고, 니케를 소중히 대하고 고맙다 말하며 권위를 내세우지 않는 지휘관이 자기가 상상하던 이상적인 지휘관 — 지금까지 한 명도 없던 — 이라며 죽지 말라고 했다"
F598,사실,17,2022-11-04,char:432,0,0,,0,0,,,,,,17,1,,person:아리아 person:지휘관 place:로열_로드 concept:니케,확정,,,"아리아는 롤아웃 직후부터 [헤스티아] · [파르마의 성] · [백합 기사] 같은 유명 오페라의 주연을 맡아 온, 로열 로드 오페라 하우스의 — 직원 말로는 방주 전체의 — 프리마돈나이고, 지휘관의 담당 니케로서 니케의 멘탈 케어는 지휘관의 의무라며 고민 상담을 청했다"
F599,사실,17,2022-11-04,char:432,0,0,,0,0,,,,,,17,1,,person:아리아 person:지휘관,확정,,,"재능 없는 무명 가수 소피아 역을 맡은 아리아는 초연에서 너무 잘 불러 작품 주제를 망쳤다고 괴로워하다, 뒷골목 삼류 바에서 노래하며 천재나 범재나 목표에 닿고 싶은 절박함은 같다는 것을 깨닫고 두 번째 공연에서 소피아에 완전히 이입한 연기로 호평받았다 — 아리아는 자기 세계를 알아준 유일한 사람인 지휘관을 위해 피날레 곡을 불렀다"
F600,사실,17,2022-11-04,char:172,0,0,,0,0,,,,,,17,1,,place:방주 org:A.C.P.U. person:폴리,확정,char:172,,"방주의 모든 동물은 목걸이와 주인의 인식표를 달아 불법 사육 여부를 가리고 길 잃은 동물을 돌려보내며, 동물을 기르려면 받기 힘든 허가가 필요하다(라피는 사적으로 동물을 키우는 건 불법이라 한다) — 인식표만 떼인 채 버려진 동물은 A.C.P.U.에 신고해 데려간다"
F601,사실,17,2022-11-04,char:172,0,0,,0,0,,,,,,17,1,,person:애드미,확정,char:172,,"애드미는 인간 시절 자기를 딸처럼 아끼며 임무가 끝날 때마다 머리를 쓰다듬어 주던 '대장'을 구하다 다쳐 니케가 되었는데, 대장은 니케가 된 애드미를 '고마워하길 바랐으면 죽었어야지, 내 딸 애드미는 이미 죽었다'며 밀어냈다"
F602,사실,17,2022-11-04,char:172,0,0,,0,0,,,,,,17,1,,person:애드미 person:율하 person:프리바티 org:트라이앵글,확정,char:172,,"트라이앵글의 애드미는 니케는 도구라 동물을 기를 수 없다고 여기고, 율하는 애드미와 프리바티 몫의 일까지 떠안고 있으며, 율하에 따르면 애드미는 상부에 이리저리 휘둘려 버려지는 것에 민감하다"
F603,사실,17,2022-11-04,char:172,0,0,,0,0,,,,,,17,1,,person:애드미 person:지휘관 place:코스모_버거 person:머스탱,확정,char:172,,"지휘관은 버려진 고양이를 닮은 인형을 받으려 머스탱이 광고하는 코스모 버거 해피 메테오 세트의 STAR 배지를 애드미와 함께 모았고, 끝나면 버려질까 봐 마지막을 앞두고 달아난 애드미를 로열 로드 골목에서 기다려 떠나지 않겠다며 머리를 쓰다듬었다 — 애드미도 지휘관의 머리를 쓰다듬어 관계를 시작했다"
F604,사실,17,2022-11-04,char:191,2,2,6,0,0,,,,,,17,3,J40,person:앨리스 concept:포멀 concept:니케,확정,char:191,,"앨리스는 인간 시절 심장병으로 오래 입원한 포멀의 아이로, 처음부터 뇌 적출을 전제로 한 계약으로 치료받다 니케 수술을 받았고, 수술 전 다시 태어나면 가장 좋아하던 책의 '앨리스'가 되고 싶다고 했다 — 앨리스는 지금도 까닭 모르게 병원을 싫어하고 그곳에 오래 있었던 것 같다고 느낀다"
F605,사실,17,2022-11-04,char:191,0,0,,0,0,,,,,,17,1,,person:앨리스 person:미란다 person:폴리 org:A.C.P.U. place:방주,확정,char:191,,"방주 뒷골목에서 '사탕 장수'가 마비 · 수면 약을 넣은 사탕으로 소녀들을 재워 납치했고, 니케의 몸을 탐내 앨리스의 다리를 부쉈다 — 앨리스가 보낸 신호를 본 지휘관과 A.C.P.U.(미란다 · 폴리)가 피해자 4명을 구하고 가해자를 모두 잡았다"
F606,사실,17,2022-11-04,char:191,0,0,,0,0,,,,,,17,1,,concept:니케 person:앨리스 place:방주,확정,char:191,,"니케의 몸은 입안에 들어온 중추신경계 마비 · 수면 유도 약물을 스스로 감지해 제거하고, 니케가 인간을 치려 하면 '니케는 사람에게 해를 가할 수 없습니다'라는 경고가 떠 막히며, 서술에 따르면 방주에 들어온 니케는 그 사실을 평범한 인간에게 말해선 안 되는 규칙을 지켜야 한다"
F607,사실,17,2022-11-04,char:191,0,0,,0,0,,,,,,17,1,,person:앨리스 person:머스탱 org:테트라 person:지휘관,확정,char:191,,"앨리스는 테트라 니케로, 부서진 다리를 머스탱이 고치며 'Me의 Girl들은 몸을 소중히 해야 한다'고 꾸짖었고, 방주 여행 끝에 앨리스는 방주가 아니라 지휘관(토끼 씨)이 자기 낙원이라며 앞으로도 왕자님이 아닌 토끼 씨로 데리러 와 달라고 했다"
F608,사실,17,2022-11-04,char:201,0,0,,0,0,,,,,,17,1,,place:방주 concept:크레디트 person:얀,확정,char:201,,라피에 따르면 얀의 매장을 비롯한 방주 쇼핑몰 대부분은 현찰을 받지 않고 전자 화폐로만 거래한다
F609,사실,17,2022-11-04,char:201,0,0,,0,0,,,,,,17,1,,org:동식물_관리국 place:로열_로드 person:얀 concept:크레디트,확정,char:201,,"진짜 찻잎 란귀인은 동식물 관리국이 정성을 다해 길러도 열 그루 중 서너 그루만 살아 재배되는 차로 시중가가 한 포(한 달 분량)에 50만 크레디트이고, 로열 로드 사람들은 매일같이 마신다 — 얀은 동식물 관리국과 직거래해 절반 값에 들여온다"
F610,사실,17,2022-11-04,char:201,0,0,,0,0,,,,,,17,1,,person:얀 person:지휘관 org:달란트 place:전초기지 place:로열_로드,확정,char:201,,"달란트의 얀은 전초기지 안의 쇼핑몰 달란트몰을 운영하며 VIP룸 · 푸드코트를 두고, 란귀인 10포의 대가로 하루 일한 지휘관에게 장사의 재미를 알게 한 뒤 함께 달란트몰 로열 로드점을 공동 운영했다 — 둘은 전 품목 1000 크레디트 균일가 [1000 크레디트 샵]을 만들어 방주 전체에 퍼뜨렸다"
F611,사실,17,2022-11-04,char:291,0,0,,0,0,,,,,,17,1,,org:M.M.R. place:갱생관 place:방주 place:지상,확정,char:291,,"지상에서 병에 걸려 온 사람은 병원이 아니라 M.M.R. 연구소로 가야 하고(아니면 갱생관행이다), M.M.R. 연구소는 층마다 지상 바이러스 하나를 맡아 최초 감염체 [오리지널]을 치료해 방주로 돌려보내는 것을 목표로 치료제를 개발한다 — 환자는 치료제가 나올 때까지 소지품을 맡기고 연구에 협조하며 보고 들은 것을 새지 않겠다는 동의서에 서명해야 한다"
F612,사실,17,2022-11-04,char:291,0,0,,0,0,,,,,,17,1,,org:M.M.R. concept:양산형_니케 concept:니케 person:에테르,확정,char:291,,"M.M.R. 연구소는 지상 바이러스를 니케용으로 개량해 묶어 둔 양산형 니케들에게 주입하고 CASE 01(감염 · 증상) → 02(치료제 검증) → 03 · 04(최대 · 최소 복용 부작용) → 05(용법)를 거쳐 인간 환자에게 약을 준다 — 에테르는 니케가 가장 값싼 생체 실험체라서 쓰고, 실험 뒤 폐기한다고 한다"
F613,사실,17,2022-11-04,char:291,0,0,,0,0,,,,,,17,1,,concept:니케,확정,char:291,,"에테르에 따르면 인간과 니케는 뇌를 빼고는 몸을 이루는 요소 자체가 달라, 바이러스를 니케에게 맞게 개량해 주입하지 않는 한 니케는 인간의 병에 옮지 않는다 — 뇌는 인간과 같아 니케도 생체 실험이 무엇인지 안다"
F614,사실,17,2022-11-04,char:291,0,0,,0,1,,,,,,98,2,,person:지휘관 person:에테르 org:M.M.R. concept:양산형_니케,확정,char:291,,"지휘관은 자기 치료제를 니케로 검증하지 말라며 일주일 동안 스스로 M.M.R.의 실험체가 되어 오리지널 바이러스를 다시 맞고 피를 토하며 버텼고, 그 덕에 병이 낫고 니케용 치료제도 완성되어 실험 니케들도 완치되었다"
F615,사실,17,2022-11-04,char:291,0,0,,0,1,,,,,,74,2,,person:에테르 person:지휘관 person:슈엔 org:M.M.R.,확정,char:291,,"M.M.R. 연구원 니케 에테르는 퇴근도 없이 밤새워 일하며, 지휘관이 실험을 보도록 '[PM 11. 오른쪽 끝. CASE01. HELP. 7호. 내 실험체가 되어줄 거지? 넌 정의로우니까.]' 쪽지를 찢어 앞 조각만 몰래 넣은 것이 자신임을 배웅 때 뒷조각을 던져 밝혔다 — 에테르는 슈엔에게서 지휘관 이야기를 들었다"
F616,사실,17,2022-11-04,char:241,0,0,,0,0,,,,,,17,1,,org:라이프_토닉 incident:피사_돔_폭발_사고 person:에피넬 concept:니케,확정,char:241,,"뉴스 인터뷰의 시민 여론에 따르면 [라이프 토닉] 니케는 엔터테인먼트용으로 만든 모델이라 유지비가 많이 들면서 다른 니케보다 전투 성능이 좋지도 않아, 3년 전 [피사 돔 폭발 사고]에 이어 에피넬의 파손으로 스포츠 경기가 중지되자 폐기해 세금을 아끼자는 반발 여론이 다시 일었다"
F617,사실,17,2022-11-04,char:241,0,0,,0,0,,,,,,17,1,,person:에피넬 org:라이프_토닉 org:테트라 person:루마니,확정,char:241,,"라이프 토닉의 에피넬은 [테트라 라인 롱보드 페스티벌] 9관왕으로 동네 청소년들의 우상이고, 보조 장치 없는 평범한 롱보드로 몸을 아끼지 않는 연습만으로 인간이 흉내 낼 수 없는 트릭을 만들어 왔으며 — 파츠를 밥 먹듯 갈아 끼웠다 — 머리카락에 LED 소재를 섞어 빛의 궤적을 보여 준다"
F618,사실,17,2022-11-04,char:241,0,0,,0,0,,,,,,17,1,,person:에피넬 person:메어리 place:리페어_센터 person:지휘관 concept:침식,확정,char:241,,"결승에서 몸이 굳어 움직이지 못한 에피넬은 — 루마니는 침식을 의심했다 — 리페어 센터의 메어리에게 침식 음성 · 바디 이상 없음 판정을 받아 정신 쪽 문제로 입원했고, 수없이 다친 기억이 망설임을 만들었다고 보고 지휘관과 누구나 할 수 있는 쉬운 신트릭 SAFE 50-50을 만들어 재결승에서 성공했다"
F619,사실,17,2022-11-04,char:210,0,0,,0,0,,,,,,17,1,,person:에닉 person:엑시아,확정,char:210,,"에닉은 빅데이터 딥러닝으로 보안 성능을 스스로 높여 왔는데, 방주에서 가장 실력 있는 해커에게 도전 과제를 주고 그 과정을 지켜보는 것이 가장 효율적인 학습이라 보고 일부러 엑시아의 게임 계정을 해킹했다 — 그 결과 보안 성능이 약 35% 올랐다(작년은 5%)"
F620,사실,17,2022-11-04,char:210,0,0,,0,0,,,,,,17,1,,person:엑시아 person:노벨 person:지휘관,확정,char:210,,"엑시아는 인간 시절 상황 파악 · 분석력이 남보다 뛰어났지만 생각을 알아듣는 사람이 없고 '게임기에 코나 박고 잘난 척한다'고 비난받기 일쑤라 대면 소통에 지쳤고, 지금도 모르는 사람과 오프라인에서 마주치기를 꺼려 문자를 더 편해한다 — 노벨에 따르면 엑시아는 사람을 정말 싫어하는데 지휘관에게만은 무방비하게 붙어 있다"
F621,사실,17,2022-11-04,char:210,0,0,,0,0,,,,,,17,1,,place:방주 org:A.C.P.U. person:폴리 person:엑시아,확정,char:210,,"엑시아에 따르면 1차 침공 뒤로 방주에서 동물의 사적 소유는 엄격히 금지되었고 방주 안 고양이는 스무 마리도 안 되며, 동물을 붙잡으면 동식물 관리법 제13조 1항의 동물 포획 혐의로 A.C.P.U.에 현장 구속된다"
F622,사실,17,2022-11-04,char:90,1,1,16,0,0,,,,,,17,2,,person:지휘관 person:마리안 person:엠마 org:카운터스,확정,char:90,,"지휘관은 자기 목적을 위해 니케들을 희생시킨다며 스스로를 몰아세우는데, 그 목적은 첫 작전에서 침식된 마리안 같은 희생자를 다시는 내지 않는 것이다 — 대다수 지휘관은 그런 기억을 떨치고 나아가는 것을 성장으로 여기지만 지휘관은 절대 그러지 않겠다고 하고, 엠마는 카운터스도 자신도 지휘관이 다다르려는 이상향에 의미를 두어 따른다고 말한다"
F623,사실,17,2022-11-04,char:90,1,0,17,0,0,,,,,,17,1,,person:슈엔 org:메티스 org:카운터스 person:네온 person:아니스 place:리페어_센터 person:메어리,확정,char:90,,"슈엔이 메티스의 무기 재료를 얻게 하려고 카운터스를 랩쳐 소굴에 보내 네온 · 아니스가 파손율 75% · 90%로 뇌 말고는 거의 다 부서졌지만, 뇌가 멀쩡해 리페어 센터가 파츠를 교체해 살렸다 — 재고 없는 부위는 공장에 발주해야 해서 그동안 의식을 사나흘 꺼 두었다"
F624,사실,17,2022-11-04,char:160,1,1,4,0,0,,,,,,17,2,,person:유니 person:미하라 person:지휘관 org:미실리스,확정,char:160,,"유니는 니케들의 감각을 제어해 통각 센서를 강제로 켤 수 있고, 평소 아무 감각도 없다가 남과 살을 맞댈 때만 느끼기 때문에 점점 센 자극을 찾아 아무나 때리고 다녀 미실리스 인사팀이 클레임에 시달린다 — 유니와 [대화]할 수 있는 것은 미하라뿐이라 외롭던 유니는, 지휘관과도 대화하게 되어 이제 외롭지 않다고 한다"
F625,사실,17,2022-11-04,char:150,0,0,,0,0,,,,,,17,1,,person:율리아 person:슈엔 person:머스탱 concept:지상_탈환,확정,,,"율리아는 원래 지상의 음악과 연주 방식을 기록해 전쟁 뒤 인간에게 전하려고 만들어진 니케였는데, 음악이 전쟁 속에서도 살아남자 슈엔이 '내 돈이 이런 데 쓰였냐, 고철이면 지상에 나가 싸워라'며 지상 탈환 작전에 투입했고, 뒤에 머스탱이 예술을 아는 니케는 자기가 지켜야 한다며 데려가 처음으로 음악가라는 이름을 주었다"
F626,사실,17,2022-11-04,char:150,0,0,,0,1,,,,,,23,2,,person:율리아 person:지휘관,확정,,,"율리아는 처음 지상에 올라갔을 때 총 대신 악기를 들고 싶었던 충동을 지휘관과 함께 되찾아 자기 음악을 연주하게 되었고, 지휘관을 자기 생의 첫 관객이라 부르며 입을 맞춘 뒤 악기의 데코이 능력에 기대 지상 황야를 떠도는 음악 여행을 떠났다"
F627,사실,17,2022-11-04,char:171,0,0,,0,0,,,,,,17,1,,org:트라이앵글 org:중앙_정부 person:율하 person:애드미 person:프리바티 concept:니케,확정,char:171,,"중앙 정부 소속 트라이앵글의 니케는 지원 물자로 분류되어, 쓰려면 사용 요청서와 보급 수령 서류를 내고 임무 뒤 돌려보낼 때 니케별 평가서를 써야 한다 — 율하는 서류 사인에 트라우마가 있는 애드미와 실수투성이 프리바티 대신 트라이앵글 서류를 혼자 다 하고 그 밖의 일도 맡아 중앙 정부에서 '일에 미친 귀신'으로 불린다"
F628,사실,17,2022-11-04,char:171,0,0,,0,0,,,,,,17,1,,person:파피용 person:버닝엄 person:율하,확정,char:171,,"파피용은 부사령관 버닝엄의 부관으로, 지휘관을 '허니'라 부르며 들러붙고 율하에게 '일개 니케 주제에'라 하며 — 율하는 파피용을 '권리만 받아먹겠다고 의무를 때려치운 불여우'라 부른다 — 둘은 서로를 '불여우' · '퍼피'라 부르며 으르렁대는 사이다"
F629,사실,17,2022-11-04,char:92,0,0,,1,0,,,,,,120,2,,person:은화 place:사관학교 org:엘리시온 concept:지상_탈환 person:지휘관,확정,char:92 char:95,,"은화는 인간 시절 사관학교를 수석 졸업한 지휘관(지휘관의 사관학교 선배)으로 지상 탈환의 꿈을 좇았지만, 스무 번째쯤 임무에서 신참이라 얕본 부하 스쿼드가 지시를 듣지 않고 10분 만에 전멸해 홀로 남았다가 빔 포에 맞아 죽었고, 엘리시온 니케들에게 발견되어 제조 공장에서 니케가 되었다"
F630,사실,17,2022-11-04,char:92,0,0,,0,0,,,,,,17,1,,place:엘리시온_타워 org:엘리시온 person:은화 person:잉그리드 concept:양산형_니케 concept:사고_전환 place:로열_로드,확정,char:92,,"갓 제조된 양산형 니케는 인간으로서의 죽음과 니케 제조 공장(후처리 과정에서 죽기도 한다)을 거쳐 엘리시온 타워에서 2박 3일 동안 모의전 2회와 지상 실전 훈련을 받는데 평균 73%가 폐기되고, 은화가 교관이면 20% 안팎이다 — 잉그리드는 모진 대우가 과거의 자신을 끊어내게 하는 과정이라 하고, 은화는 로열 로드 출신의 사고 전환율이 가장 높다고 한다"
F631,사실,17,2022-11-04,char:92,0,0,,0,0,,,,,,17,1,,person:은화 person:지휘관 concept:지상_탈환,확정,char:92,,"은화는 겪어 본 지휘관이 모두 무능해 지휘관을 싫어했지만, 신병 훈련에서 지휘관이 현장 지휘를 니케에게 맡기고 자기는 보조로 빠지는 판단 등으로 근성 · 판단력 · 분석력을 보이자 자기 옛 무덤 앞에서 지휘관을 자기 지휘관이자 지상 탈환을 함께 좇을 동료로 인정했다"
F632,사실,17,2022-11-04,char:92,0,0,,0,0,,,,,,17,1,,concept:로드_급 concept:타일런트_급 concept:랩쳐 org:앱솔루트 person:엠마,확정,char:92,,"엠마에 따르면 보통 보지 못하던 급의 랩쳐(로드 급)가 나타나면 핵이 되는 타일런트 급이 근처에 둥지를 틀었을 확률이 높아, 앱솔루트가 잉그리드의 명으로 구 연구소 부지를 조사하러 갔다"
F633,사실,17,2022-11-04,char:231,0,0,,0,0,,,,,,17,1,,person:이사벨 org:필그림 person:지휘관 org:카운터스 place:지상,확정,char:231,,"지상 난전에서 동료와 떨어져 유탄에 맞고 쓰러진 지휘관을 순례자 이사벨이 자기 집에 데려가 치료했는데, 실은 창문을 막고 현관에 비밀번호를 건 통신 불가 구역의 집에 가둔 것이었다 — 이사벨은 지휘관이 다른 니케들과 어울리는 것을 지켜보며 그들을 죽이고 싶었지만 지휘관이 슬퍼할까 봐 차선책으로 지휘관을 가뒀다고 밝혔다"
F634,사실,17,2022-11-04,char:231,0,0,,0,0,,,,,,17,1,,person:이사벨 person:지휘관,확정,char:231,,"이사벨은 예전에 지휘관이 자기에게 [그것]을 준 뒤로 구원받았다며 지휘관을 사랑해 줄곧 지켜봐 왔고, 그 [그것]은 지휘관이 건넨 엽서다 — 이사벨은 낡은 엽서에 매일 밤 지휘관을 향한 그리움 · 질투 · 원망을 적어 '사랑의 증거'라 부른다"
F635,사실,17,2022-11-04,char:231,0,0,,0,0,,,,,,17,1,,person:이사벨,확정,char:231,,이사벨은 어린 시절부터 사랑하는 남자를 만나 화목한 가정을 꾸리는 것을 꿈꿨지만 단란한 가정 · 즐거운 식사 · 애정 어린 대화를 한 번도 가져 본 적이 없었다고 말한다
F636,사실,17,2022-11-04,char:231,0,0,,0,0,,,,,,17,1,,person:이사벨 org:카운터스 person:라피 person:아니스 person:네온 person:지휘관,확정,char:231,,"이사벨은 추적이 특기이고 날개에서 페더를 사출해 싸우며, 지휘관과 니케는 원래 '쓰고 버리는' 관계라고 여긴다 — 카운터스는 신호탄을 쏘며 지휘관을 찾아와 데코이로 이사벨을 떼어 놓고 사흘 동안 깨어나지 못한 지휘관을 구해 냈다"
F637,사실,17,2022-11-04,char:110,0,0,,0,0,,,,,,17,1,,incident:데일리_아크_신문사_테러_사건 org:데일리_아크 person:크로우 concept:아웃로 org:A.C.P.U. place:갱생관 concept:이레귤러,확정,char:110,,"[데일리 아크 신문사 테러 사건]에서 니케의 위험성을 호소해 온 신문사 데일리 아크의 기자들을 쏜 것은 아웃로 '잭'이었고, 현장에 있던 크로우는 막지 않고 지켜보기만 했다 — 크로우가 자기가 주범이라며 A.C.P.U.에 자수하자 언론은 이레귤러 니케 1기의 테러로 보도했고 반(反)니케 시위가 일었다"
F638,사실,17,2022-11-04,char:110,0,0,,0,0,,,,,,17,1,,person:크로우 concept:아웃로 org:데일리_아크 incident:데일리_아크_신문사_테러_사건 concept:포멀 place:아우터_림,확정,char:110,,"아웃로 잭은 딸에게 진짜 시민권을 주려고 크로우의 말대로 포멀 거주구의 고아원에 딸을 맡겨 가난한 노부부가 입양했고 익명으로 후원금을 보냈는데, 후원금을 쫓은 데일리 아크 기자의 특종으로 시민권 세탁이 들통나 시민들은 아웃로 분리 정책 강화를 요구했고, 딸은 잡혀가고 잭은 쫓기다 신문사를 습격했다"
F639,사실,17,2022-11-04,char:110,0,0,,0,0,,,,,,17,1,,person:잉그리드 org:엘리시온 concept:니케 concept:아웃로 person:크로우 org:3대_기업,확정,char:110,,잡혀간 잭의 딸은 니케가 되어 잉그리드(엘리시온)에게 파일이 가 있었다 — 크로우에 따르면 '최소 비용 최대 효율'의 방주에서는 아웃로 · 고아 · 범죄자 같은 소외 계층이 굴러떨어져 니케가 된다
F640,사실,17,2022-11-04,char:110,0,0,,0,0,,,,,,17,1,,concept:니케 person:크로우 incident:랩쳐_침공 place:갱생관,확정,char:110,,"크로우에 따르면 1세대 니케는 여신으로 숭배받을 정도였지만, 랩쳐와의 전쟁이 격화되자 군부가 니케의 시민권 · 인권 · 몸과 정신에 대한 권리를 단계적으로 빼앗아 인간이 아닌 것으로 인식시켰고, 반발한 니케도 있었지만 시민들은 방관했다 — 크로우는 그 방관과 같은 죄를 지었다며 스스로 갱생관에 들어왔다고 한다"
F641,사실,17,2022-11-04,char:110,0,0,,0,1,,,,,,135,2,,person:에닉 person:크로우 concept:NIMPH concept:니케 concept:아웃로,확정,char:110,,"에닉은 크로우 사건에 일치하는 과거 판례가 없어 새 판례를 만들어, 시민권자의 죽음을 방관한 크로우를 비롯한 모든 니케의 NIMPH에 절대 명령어 [시민권자의 생명권은 비시민권자에 우선한다]를 이식하라고 판결했다 — 인간 보호 법칙 위반이나 인간끼리의 대립이라 우선순위가 헷갈렸고 판단의 자립성은 인정하지 않는다는 이유로, 크로우는 석방되었다"
F642,사실,17,2022-11-04,char:110,0,0,,0,0,,,,,,17,1,,person:크로우 place:아우터_림 concept:아웃로 place:갱생관 person:지휘관 person:바이퍼 person:자칼 org:이그조틱,확정,char:110,,"크로우는 아우터 림에서 태어난 전직 아웃로이고, 이번 자수는 니케가 갱생관에 들어가면 그 관리자(지휘관)가 반드시 호출된다는 것을 알고 지휘관과 느긋하게 이야기해 보려고 건 도박이었다 — 바이퍼 · 자칼은 크로우가 며칠 쉬고 온다고 알고 있었다"
F643,사실,17,2022-11-04,char:110,0,0,,0,0,,,,,,17,1,,concept:아웃로 place:아우터_림 person:에닉 org:중앙_정부 concept:퍼펙트,확정,char:110,,"크로우에 따르면 아웃로는 유전자상 시민과 같은 인간인데도 시민권이 없어 빛 한 줄기 안 드는 아우터 림에 몰려 인공 식량조차 보급받지 못하고, 에닉의 규정상 시민만 집회 · 결사할 수 있어 억울함을 합법적으로 호소할 길이 없다 — 아우터 림 게이트 안은 중앙 정부가 지정한 [위험 구역]이다"
F644,사실,17,2022-11-04,char:131,0,0,,0,0,,,,,,17,1,,person:페퍼 person:메어리,확정,char:131,,"병원의 의사 니케 페퍼는 환자와 너무 가깝게 지낸다고 혼나 의사를 그만두려 했을 때 '환자들의 사랑을 받는 것에 자부심을 가지라'고 한 메어리를 그때부터 따랐고, 뒷돈 · 차별 진료를 하는 의사를 범죄자로 여기며 메어리를 오직 사람을 살리려는 '진짜 의사'라 존경한다"
F645,사실,17,2022-11-04,char:131,0,0,,0,0,,,,,,17,1,,person:페퍼 org:중앙_정부,확정,char:131,,"페퍼에 따르면 병원에 있는 아이들, 특히 테러 사고로 입원한 아이들은 입원할 때 중앙 정부의 조사를 받고 와서 조숙해지는 경향이 있다"
F646,사실,17,2022-11-04,char:131,0,0,,0,1,,,,,,40,2,,person:페퍼 person:지휘관 concept:퍼펙트,확정,char:131,,"지휘관은 팔을 다쳐 입원한 병원에서 수술을 거부하는 주황색 머리 소녀를 검사받게 하려는 페퍼의 가짜 남자친구가 되었고, 수술 뒤 깨어나지 않던 소녀가 페퍼가 매일 가져다 둔 오렌지 퍼펙트와 부름에 깨어난 뒤, 퇴원 날 페퍼의 고백으로 둘은 진짜 연애를 시작했다"
F647,사실,17,2022-11-04,char:30,0,0,,0,0,,,,,,17,1,,concept:니케 org:A.C.P.U. person:폴리 org:엘리시온,확정,char:30,,"원칙상 니케는 경찰관이 될 수 없어, 경찰관처럼 인간과 밀접한 곳에서 일하는 공무원은 죽어서 니케가 되면 그 사실을 숨기고 장기 휴가에서 돌아온 척해야 한다 — A.C.P.U. 형사 폴리는 엘리시온 니케임을 숨기고 일하며, 인간 시절 기억은 있지만 죽을 때의 기억만 없다"
F648,사실,17,2022-11-04,char:30,0,0,,0,0,,,,,,17,1,,person:폴리 person:잉그리드 org:엘리시온 person:엠마 concept:니케,확정,char:30,,"1년 전 잉그리드의 강아지 폴리가 납치되어 동물 키메라 실험에 쓰이고 폭탄을 심은 동물로 엘리시온 건물(잉그리드)을 노린 테러에 이용되었는데, 잉그리드가 수색을 맡긴 형사였던 인간 폴리가 그 테러에서 잉그리드를 구하다 죽어 가며 범인을 잡아 달라 했고, 잉그리드가 니케로 살겠냐고 물어 폴리는 유난히 빨리 엘리시온 니케가 되었다"
F649,사실,17,2022-11-04,char:30,0,0,,0,0,,,,,,17,1,,person:맥스웰 org:엘리시온 person:잉그리드 person:폴리 place:아우터_림 place:로열_로드 org:A.C.P.U. person:미란다,확정,char:30,,"강아지 폴리 납치 · 키메라 실험의 범인은 동물의 뇌로 니케를 만드는 실험을 하다 쫓겨난 엘리시온 출신 연구원 일당으로, 인간 폴리에게 발각되자 코스프레 카페를 버리고 아우터 림으로 달아났다가 돌아와 로열 로드의 코스프레 레스토랑에 숨었다 — 잉그리드는 폴리가 직접 잡게 하려고 옛 카페를 신고하고 목걸이를 가져다 두었고, 폴리가 그들을 체포했다"
F650,사실,17,2022-11-04,char:242,0,0,,0,3,,,,,,89,3,,person:폴크방 person:지휘관 person:에피넬 person:메어리 place:리페어_센터,확정,char:242,,"땀이 많이 나는 체질의 육상 선수 니케 폴크방은 지난 대회에서 땀에 미끄러져 넘어졌고, 체질을 고치려 냉기 영양제를 하루 30알씩 먹다 과다 복용으로 땀이 더 나게 되었지만, 지휘관 · 에피넬과 온천에서 훈련해 땀 위를 미끄러지는 추진력으로 달리는 [스웨트 슬라이드]를 만들어 니케 육상 선수권 대회에서 왕관을 되찾았다"
F651,사실,17,2022-11-04,char:170,0,0,,1,0,,,,,,63,2,,person:프리바티 org:트라이앵글 org:중앙_정부 person:율하 concept:니케,확정,char:170 event_perfectmaid,,"트라이앵글의 프리바티는 인간 시절부터 강경파 중앙 정부군 제1부대의 군인으로 부대원들과 끈끈했지만, 니케가 된 뒤로 부대원들은 프리바티가 니케인 줄 모르고 니케를 괴물 같다고 말한다 — 율하는 '우리는 니케이기 전에 중앙 정부 소속 군인이니 인간에게 니케로 인정받기를 바라지 말고 니케임을 숨겨라'라고 한다"
F652,사실,17,2022-11-04,char:170,0,0,,0,0,,,,,,17,1,,person:프리바티 place:전초기지 person:율하 person:애드미 org:트라이앵글 person:지휘관,확정,char:170,,"프리바티가 결재 라인을 무시하고 전초기지에 물자를 대다 '니케가 되고 싶어 전초기지 지휘관에게 로비한다'는 소문이 군에 돌아 제1부대 부사령관의 전언으로 근신 처분을 받았고, 뛰쳐나가 전초기지에 틀어박혔다가 제1부대원들의 익명 응원을 보고 복귀한 뒤 지휘관의 체력 훈련 교관이라는 명목으로 허가를 받아 전초기지를 드나든다"
F653,사실,17,2022-11-04,char:170,0,0,,0,0,,,,,,17,1,,org:카페_스위티 place:전초기지 person:밀크 concept:니케,확정,char:170,,"카페 스위티 전초기지점은 지휘관 말고는 니케만 오는 곳이라 커피 자판기의 커피를 니케 입맛에 맞춰 두었고, 밀크에 따르면 구하기 힘든 니케용 맥주는 니케도 취할 수 있다"
F654,사실,17,2022-11-04,char:142,0,0,,0,0,,,,,,17,1,,org:카페_스위티 person:프림 person:머스탱 org:테트라,확정,char:142,,"카페 스위티는 머스탱이 손수 이름을 지은 테트라 라인 최고의 무력 스쿼드로 [해결사]라는 이름으로 더 자주 불리고, 리더는 프림이다"
F655,사실,17,2022-11-04,char:142,0,0,,0,0,,,,,,17,1,,concept:니케 concept:사고_전환 person:메어리,확정,char:142,,"메어리에 따르면 니케의 몸은 육체보다 정신 건강 상태의 영향을 더 받아, 니케는 사흘쯤 자지 않아도 몸에 문제가 없지만 인간의 뇌가 '못 잤으니 멀쩡하지 않은 게 당연하다'고 판단해 스스로 움직이지 못하는 부작용을 만들 수 있고, 수면 같은 중요한 욕구가 채워지지 않는데 몸에 이상이 없다고 느끼면 인지부조화로 사고 전환을 일으키곤 한다"
F656,사실,17,2022-11-04,char:230,0,0,,0,1,,,,,,148,2,,person:하란 org:필그림 concept:랩쳐,확정,char:230,,"필그림 하란은 과거 [마녀]라 불린 이들이 남긴 수많은 기록을 보고 그 지식으로 지상에서 살아남았다고 하며, 그것으로 [마녀 수프] · 머릿결 에센스 같은 것을 만들며 지상을 유랑한다 — 하란의 까마귀가 머리 위를 돌면 기척이 지워져 랩쳐가 다가오지 않고, 경계를 풀면 랩쳐가 몰려든다"
F657,사실,17,2022-11-04,char:230,0,0,,0,0,,,,,,17,1,,person:하란 place:방주 concept:니케,확정,char:230,,"하란은 방주를 '정체된 땅굴' · '구정물 같은 곳'이라 부르며 다시는 가고 싶지 않다 하고, 거짓말과 배신은 언제나 인간의 몫이어서 인간은 포식자(보호자)의 신뢰를 버리고 배신해 왔다 — 과거의 마녀들이 그러했고 현재의 니케들이 그러했듯이 — 고 말한다"
F658,사실,17,2022-11-04,char:222,0,0,,0,0,,,,,,17,1,,person:홍련 org:필그림 org:중앙_정부 org:트라이앵글 person:프리바티 place:전초기지,확정,char:222,,"중앙 정부는 필그림을 중요 니케로 보아 그 존재를 은폐하거나 협조한 사실이 드러나면 처벌하는데, 필그림 홍련은 사흘이 멀다 하고 전초기지에 와 카운터스와 술을 마시다가 '필그림이 주기적으로 목격된다'는 첩보로 트라이앵글(프리바티)이 들이닥치자 지휘관을 인질로 잡는 모양새로 지상에 데려갔고, 제 처지를 잊었다며 사과했다"
F659,사실,17,2022-11-04,char:222,0,0,,0,0,,,,,,17,1,,concept:랩쳐 person:홍련 concept:니케,확정,char:222,,"홍련에 따르면 랩쳐는 인간을 발견하면 장거리 무기를 쓰지 않고 달려가 최대한 온전히 포획하려 하고(인간이 먼저 공격하지 않으면 비교적 우호적 — 인간은 여러 의미로 쓸모가 많기 때문), 니케를 발견하면 곧바로 모든 무기로 파괴하려 들며, 랩쳐가 부수는 것은 인간과 인간이 만든 것뿐이고 소 · 개울 같은 자연은 그대로 둔다"
F660,사실,17,2022-11-04,char:222,0,0,,1,0,,,,,,59,2,,person:홍련 concept:랩쳐 concept:니케,확정,char:222 event_newyearnewsword,,"랩쳐와의 근접 전투를 알아내려는 프로젝트로 근접전용 스쿼드가 조직되었지만 한 명의 니케를 빼고 전멸해 성과가 없었고, 지금 니케가 모두 총기를 쓰는 것으로 보아 근접전은 무의미하다고 결론 난 듯하다 — 홍련은 검으로 싸우며, 랩쳐는 상대 무장에 맞춰 진화하지만 근접 무장은 발전이 없어 예전 방식이 통한다며, 검을 휘둘러야 하는 것은 '약속, 아니 저주'라 한다"
F661,사실,17,2022-11-04,char:222,0,0,,0,1,,,,,,36,2,,person:홍련 person:라푼젤 concept:사고_전환 org:갓데스,확정,char:222,,"홍련은 사고 전환을 몇 번이나 겪어 기억하지 못하지만, 라푼젤에게 들은 — 옛 동료들과 목숨 걸고 랩쳐에게서 탈환한 — 곳마다 텃밭을 가꿔, 인간이 아닌 생명으로라도 그곳이 가득 차 자기들이 한 일이 무의미하지 않았음을 증명하려 한다"
F662,사실,17,2022-11-04,char:222,0,0,,0,0,,,,,,17,1,,person:홍련 concept:랩쳐 place:방주 concept:지상_탈환,확정,char:222,,"홍련은 인간이 없는 지상이 더 아름다워졌다며 인간이 세상에 도움이 되는 존재인지 묻고, 강자가 약자의 것을 갖는 자연의 이치는 인류와 랩쳐에게도 그렇다고 생각하지만, 랩쳐를 모두 죽이고 지상을 인간에게 돌려준다는 의지는 변하지 않는다고 하며, 지상을 낙원이라 해 방주로 돌아올 생각은 없다"
F663,사실,17,2022-11-04,char:120,0,0,,0,0,,,,,,17,1,,person:N102 org:리콜&릴리즈 concept:NIMPH concept:기억_소거,확정,char:120,,"N102(지휘관은 '앤'이라 부른다)는 NIMPH로 니케의 기억을 어느 수준까지 제어할 수 있는지 확인하는 프로젝트용 특수 스쿼드 [리콜&릴리즈] 소속이고, 프로필 같은 기본 정보만 남긴 채 매일 기억 소거를 받으며, 아침마다 수첩에 적힌 '가장 좋아하는 것'(날마다 바뀐다)을 읽고 하루를 시작한다"
F664,사실,17,2022-11-04,char:120,0,0,,0,0,,,,,,17,1,,person:N102 org:카운터스,확정,char:120,,"지휘관을 따르게 된 앤은 '선생님은 무서운 사람'이라며 겁에 질렸고, 누군가(???)가 '이 짓은 하고 싶지 않았다'며 앤의 수첩을 빼앗고 기억을 더 지운 뒤 문틈으로 수첩을 넣어 앞으로는 지휘관이 채우라 했다 — 앤은 원래대로 돌아갈 수 없게 되었고, 지휘관이 저녁마다 수첩을 채우며 앤은 카운터스와 함께 지낸다"
F665,사실,18,2022-11-10,event_nocallerid,0,0,,0,0,,,,,,18,1,,org:중앙_정부 concept:랩쳐 incident:랩쳐_침공,확정,,,"수십 년 동안 수색 작전을 이어 왔지만 지상에서 살아 있는 인간도 구조 신호도 찾지 못해, 중앙 정부는 '지상의 생존자는 0명, 앞으로 생존자 수색 작전은 전면 중지'라고 공식 발표했다 — 라피 · 아니스에 따르면 랩쳐는 지상에 남은 인간을 집요하게 죽였다"
F666,사실,18,2022-11-10,event_nocallerid,0,0,,0,0,,,,,,18,1,,place:방주 incident:랩쳐_침공 concept:랩쳐,확정,,,"아니스에 따르면 방주에 선택받지 못한 인간들은 당시 최신 병기로도 랩쳐에게 상처를 못 내 도망치거나 숨을 곳을 찾았지만, 방주의 문은 그때부터 지금까지 한 번도 열린 적이 없어 대부분 절망하거나 스스로 무너졌고, 일부는 관광지를 찾아 좋은 추억 속에 인간답게 죽기를 택했다"
F667,사실,18,2022-11-10,event_nocallerid,0,0,,0,0,,,,,,18,1,,place:해피_판타지_랜드 person:엔더슨 person:시프티 org:카운터스,확정,,,"방주에 퍼진 '지상 생존자의 음성 메시지'의 발신원은 실제로 지상이었는데, 수십 년 전 멈춘 테마파크 [해피 판타지 랜드]의 놀이기구 광고 방송(비명은 롤러코스터 · 바이킹 소리)이었다 — 대관람차 하나만 돌아가고 있었고 카운터스가 전력이 모두 꺼진 것을 확인했으며, 엔더슨은 그것이 방주에 닿을 확률이 0에 가깝다며 '뭔가의 개입'을 떠올리다 건을 닫았다"
F668,사실,18,2022-11-10,event_nocallerid,0,0,,0,0,,,,,,18,1,,org:중앙_정부,확정,,,"지상의 물건은 공식적으로 중앙 정부에 귀속되어, 정당한 사유가 있으면 가질 수 있지만 설득은 거의 불가능하다"
F669,사실,18,2022-11-10,char:352,0,0,,0,0,,,,,,18,1,,place:어드마이어_호 org:엘리시온 org:중앙_정부 org:이지스,확정,,,"전함 어드마이어 호는 엘리시온이 기술력을 과시하려 대 랩쳐용으로 만든 최강의 전함이지만, 한 회사가 그런 힘을 독점하게 둘 수 없던 중앙 정부가 헐값에 사들였다 — 방주에는 바다가 없어 수영장 위에 떠 있고 연료 때문에 전시가 아니면 움직이지 못해, 전과 없이 유지비만 드는 골칫덩이가 되었다"
F670,사실,18,2022-11-10,char:352,0,0,,0,2,,,,,,109,3,,org:이지스 person:헬름 person:마스트 person:앵커 person:버닝엄 place:어드마이어_호,확정,,,"이지스 스쿼드(리더 헬름 · 마스트 · 앵커)는 어드마이어 호를 운용하는 해군 스쿼드로, 중앙 정부가 지원금을 대폭 깎은 뒤 버닝엄 부사령관이 주최하는 선상 파티에서 방주 부호들에게 현물 기부를 받아 배와 스쿼드를 유지한다 — 기부는 날이 갈수록 줄고 있다"
F671,사실,18,2022-11-10,char:352,0,0,,0,0,,,,,,18,1,,concept:니케 org:이지스,확정,,,"보통의 니케는 수영할 수 없지만, 이지스 스쿼드의 니케에게는 인명 구조 · 긴급 탈출 등에 쓰는 수영 기능이 탑재되어 있다"
F672,사실,18,2022-11-10,char:352,0,0,,0,0,,,,,,18,1,,person:헬름 person:마스트 person:앵커 org:이지스 concept:로열,확정,,,"헬름은 스쿼드원들에게 배를 타고 바다를 마음껏 가로지르며 해양 생물을 직접 보고 만지게 해 주겠다고 약속해서 이지스를 떠나지 않으며, 돈만이 아니라 방주 시민의 인정을 받으며 스쿼드를 유지하고 싶어 기부라는 형태를 고집한다 — 마스트는 헬름이 로열 출신이라 모두를 아래로 본다고 불평한다"
F673,사실,18,2022-11-10,char:352,0,0,,0,0,,,,,,18,1,,person:헬름 place:어드마이어_호 person:시프티 person:버닝엄,확정,,,"지휘관이 카운터스와 함께 시프티에게 받은 교보재 영상을 합성해 어드마이어 호가 타일런트 급 1200기를 쓸어버리는 과장 광고를 만들어 귀빈들이 열광했지만, 헬름은 그 자리에서 영상이 조작되었다고 밝히고 그날의 기부를 받지 않았다 — 거짓말로 무언가를 이루고 싶지 않다며"
F674,사실,18,2022-11-10,char:352,0,0,,0,0,,,,,,18,1,,org:엔터_헤븐 place:어드마이어_호 org:이지스 person:헬름 concept:인식_칩,확정,,,"엔터 헤븐 테러리스트가 초대객의 인식칩을 훔쳐 이식하고 어드마이어 호 선상 파티에 들어와, 기부가 취소되자 배 하부에 구멍을 내고 지휘관을 붙잡아 '엔터 헤븐에 영광 있으라'며 자폭했다 — 헬름이 지휘관을 구하고 이지스가 훈련대로 막아 다친 사람이 없었고, 이 소동으로 기부금이 폭증했다"
F675,사실,19,2022-11-24,ch17,0,0,,0,0,,,,,,19,1,J21,person:지휘관 person:라푼젤 org:카운터스 person:크로우,확정,ch17,,크로우의 총에 맞아 눈밭에 쓰러진 지휘관은 랩쳐의 이목을 끌 줄 알면서도 외친 카운터스의 구조 신호를 보고 찾아온 필그림 라푼젤의 응급처치로 살아났다 — 총알은 아슬아슬하게 빗겨 나갔다
F676,사실,19,2022-11-24,ch17,2,0,19,0,0,,,,,,19,1,,person:라푼젤 person:스노우_화이트 person:홍련 org:파이오니아,확정,ch17,,"라푼젤 · 스노우 화이트 · 홍련은 방주가 생기고 시간이 흐른 뒤 흩어져 살다 다시 만났을 때 예전처럼 하나의 목표로 살 수 없음을 깨닫고, 서로의 목표를 건드리지 않고 각자의 삶을 존중하되 한 달에 한 번(초하루 · 삭월) 만나 생존신고를 하기로 약속했다"
F677,사실,19,2022-11-24,ch17,0,0,,0,1,,,,,,55,2,,person:스노우_화이트 person:마리안 person:크라운 person:차임 org:바이스리터 org:파이오니아,확정,ch17,,"스노우 화이트는 파이오니아 소속인 마리안을 모임에 데려오지 않고, 돈을 조금 밝히지만 신의를 저버리지 않는 필그림 크라운 · 차임 자매의 [백기사]에게 맡겨 두었다"
F678,사실,19,2022-11-24,ch17,0,0,,0,0,,,,,,19,1,,person:스노우_화이트 person:홍련 concept:언체인드 person:지휘관,확정,ch17,,"스노우 화이트가 지휘관에게 언체인드를 준 것은 목숨을 구해 준 빚을 한 발로 갚은 것이고, 필그림에게 언체인드는 잘못 말하면 친분이 모두 날아갈 만큼 중요하고 치명적인 소재다"
F679,사실,19,2022-11-24,ch17,0,0,,0,0,,,,,,19,1,,person:홍련 concept:NIMPH concept:기억_소거 concept:사고_전환,확정,ch17,,"홍련에 따르면 방주의 인간은 사고 전환으로 총구가 자기들에게 올까 두려워 니케를 통제하려 하지만, 전장의 공포 · 슬픔에서 벗어나려 스스로 기억 소거를 택하는 니케도 많고, NIMPH가 주는 [영원]은 전장의 공포를 누그러뜨려 무모한 작전에 뛰어들 용기를 주기도 한다"
F680,사실,19,2022-11-24,ch17,0,0,,0,0,,,,,,19,1,,person:지휘관 concept:언체인드 person:라푼젤 person:홍련 person:스노우_화이트,확정,ch17,,지휘관은 니케가 영원을 살지 한정된 시간을 살지 스스로 미래를 고르는 세계를 만들고 싶고 '어쩔 수 없다'는 이유로 동료를 쏘고 싶지 않다며 언체인드를 구하려 한다 — 라푼젤 · 홍련 · 스노우 화이트가 차례로 동의해 언체인드에 대해 알려 주기로 했다
F681,사실,19,2022-11-24,ch17,0,0,,0,0,,,,,,19,1,J6,person:라푼젤 person:도로시 person:릴리스 person:레드_후드 org:갓데스,확정,ch17,,"라푼젤에 따르면 옛 동료([우리]) 가운데 도로시는 이제 이런 일에 관심이 없을 테고, 릴리스 · 레드 후드와 지휘관은 이제 곁에 없다"
F682,사실,19,2022-11-24,ch17,0,0,,0,1,,,,,,91,2,J4,concept:언체인드 org:갓데스 concept:헬레틱 incident:랩쳐_침공,확정,ch17,,"언체인드는 1차 랩쳐 침공 때 헬레틱과 싸우다 우연히 갓데스의 지휘관의 몸에 흐르는 특별한 피가 헬레틱에게 큰 타격을 준다는 것을 알게 되어 그 피로 특수하게 만든 탄환으로, 모두에게 지급되지 않았고 필그림은 헬레틱을 죽일 최후의 수단으로만 썼다"
F683,사실,19,2022-11-24,ch17,1,1,15,0,0,,,,,,19,2,J5,org:갓데스 concept:언체인드 person:홍련,확정,ch17,,"갓데스의 지휘관은 동시대에도 [전설]로 불린 독보적인 지휘관이어서, 헬레틱을 단숨에 죽이는 것보다 그가 랩쳐를 막는 지휘가 더 중요해 언체인드 제작법은 극소수만 알고 비밀로 했다 — 알려졌다면 평생 피만 뽑혔을 거라고 홍련은 말한다"
F684,사실,19,2022-11-24,ch17,2,1,17,0,0,,,,,,19,2,,person:스노우_화이트 person:라푼젤 org:갓데스 concept:사고_전환,확정,ch17,,"스노우 화이트는 사고 전환으로 과거 기억이 많이 남지 않아 갓데스 시절 이야기도 라푼젤에게 들어 알고, 라푼젤은 갓데스의 지휘관이 방주에 있을 거라면서도 1차 침공 때의 인간이라 지금은 없을지 모른다고 한다"
F685,사실,19,2022-11-24,ch17,0,0,,0,0,,,,,,19,1,,concept:언체인드 org:갓데스 person:스노우_화이트 person:라푼젤,확정,ch17,,"갓데스의 지휘관이 피를 탄환으로 정제하던 연구소가 방주 서쪽 거대한 호수의 끝자락에 숨겨져 있고, 라푼젤이 얼마 전 갔을 때 기록이 보존되어 있었다 — 그쪽 랩쳐는 이곳과 차원이 달라, 스노우 화이트가 좌표를 보내기로 했다"
F686,사실,19,2022-11-24,ch17,2,0,19,0,1,,,,,,55,2,,org:갓데스 org:파이오니아 person:라푼젤 person:라피 person:레드_후드,확정,ch17,,"라푼젤 · 스노우 화이트 · 홍련의 스쿼드는 원래 [갓데스]이고 [파이오니아]는 지상에서 '두 분'을 다시 만났을 때 받은 이름이다 — 라피는 1차 침공의 니케 레드 후드를 만난 적이 있다고 하고, 라푼젤은 라피의 싸우는 방식이 레드 후드와 판박이라 한다"
F687,사실,19,2022-11-24,ch17,0,0,,0,0,,,,,,19,1,,org:갓데스 person:네온 place:방주 incident:랩쳐_침공,확정,ch17,,"네온에 따르면 방주에서 갓데스는 인류가 만든 최초의 니케이자 최초의 스쿼드로, 1차 침공 때 랩쳐에게 첫 승리를 거두고 방주 방어벽이 생길 때까지 랩쳐를 막은 최후의 방어선이라는 영웅으로 알려져 있고, 방주가 생길 때 방어벽을 지키다 모두 잘못되었다고 전해진다 — 아니스는 이를 상식 중의 상식이라 한다"
F688,사실,19,2022-11-24,ch17,0,0,,0,0,,,,,,19,1,,person:라푼젤 org:갓데스,확정,ch17,,"라푼젤은 갓데스의 지휘관 소식을 들으면 보고 싶어져 방주에 가고 싶어질 것이라며 알아보지 말아 달라 했고, 그 전쟁에서 함께한 동료들과 한 약속을 지키지 못한 속죄를 위해 해야 할 일이 있어 아직 방주에 가지 않는다고 한다"
F689,사실,19,2022-11-24,ch17,2,1,17,0,0,,,,,,19,2,,org:메티스 org:미실리스 concept:NIMPH place:방주,확정,ch17,,방주로 돌아오니 미실리스 본사 앞에서 시민 단체가 며칠째 'NIMPH 없는 니케는 칼잡이 없는 칼날'이라며 메티스에게 NIMPH를 다시 심고 니케를 통제하라는 시위를 벌이고 있었다
F690,사실,19,2022-11-24,ch17,0,0,,0,2,,,,,,36,2,,person:슈엔 org:메티스 person:지휘관 org:카운터스 concept:랩쳐,확정,ch17,,"슈엔은 랩쳐를 방주로 유인해 메티스가 물리치는 모습을 찍어 여론을 뒤집고 메티스를 다시 영웅으로 만들려 한다 — 유인은 이미 테스트해 잔챙이만 온다고 하며, 거절하던 지휘관은 메티스를 구해 주겠다던 약속을 들어 애원하는 슈엔에게 자신이 카메라에 나오지 않는 조건으로 협력하기로 했고, 카운터스는 카메라 밖 후방 지원을 맡았다"
F691,사실,19,2022-11-24,ch17,0,0,,0,1,,,,,,151,2,,person:슈엔 org:메티스 person:라플라스 person:지휘관,확정,ch17,,"슈엔은 메티스에게 랩쳐 유인을 숨기고 '예전에 만들어 둔 새 방어벽을 연구소에서 활성화하는 모습을 찍는다'고 속였고, 히어로에 목마른 메티스가 진실을 알면 하지 않을 것이라며 지휘관에게 입단속을 시켰다"
F692,사실,19,2022-11-24,ch17,0,0,,0,0,,,,,,19,1,,person:유니 person:미하라 person:슈엔 org:메티스 concept:기억_소거,확정,ch17,,"슈엔의 애원을 엿들은 유니는 슈엔이 자기에게서 미하라를 빼앗았으니 슈엔도 메티스를 빼앗겨야 공평하다며 메티스도 기억 소거되기를 바라고, 미하라는 '유니가 다 맞다'며 유니를 데리고 자리를 떴다"
F693,사실,16,2022-11-04,sub:제니퍼f_00,0,0,,0,1,,,,,,138,2,,person:제니퍼f! org:방주_아동_보호_센터 org:카운터스,확정,,,"방주 아동 보호 센터 매니저라는 제니퍼는 학대받거나 집 없는 아이를 보호한다는 센터가 아이들에게 위치 추적 장치를 달아 두었다며 지상으로 달아난 아이의 수색을 지휘관에게 맡겼는데, 마지막 좌표에는 찢어진 쪽지('도망가고. 나는 니케가. 미친 사람들. 차라리 지상으로.')와 랩쳐가 지나간 흔적만 남아 있었다"
F694,사실,16,2022-11-04,sub:제니퍼f_00,0,0,,0,0,,,,,,16,1,,person:제니퍼f! org:방주_아동_보호_센터 concept:니케,확정,,,"제니퍼에 따르면 센터 아이들 사이에는 '센터가 아이들을 가둬 학대하고, 성인이 되면 강제로 뇌를 기증시켜 니케로 만든다'는 소문이 돌아 달아난 아이도 그 말을 듣고 나간 것 같다 — 제니퍼는 유언비어라 하고, 지휘관이 센터 위치를 묻자 대화를 끊었으며 곧 계정이 이용 제한되었다"
F695,사실,19,2022-11-24,relic:모바일_보이스피싱_광고_모음.zip,0,0,,0,0,,,,,,19,1,,incident:랩쳐_침공 place:방주,확정,relic:모바일_보이스피싱_광고_모음.zip,,"랩쳐를 '외계인'이라 부르던 침공 초기에는 재난 뒤를 대비하라는 적금, 정부가 방주 이주를 위해 통조림을 대량 매입한다는 주식 리딩, 쉘터에서도 현금이 필요하다는 대출, '방주 당첨권 마지막 1장'을 준다는 링크 같은 사기성 광고 문자가 돌았다"
F696,사실,19,2022-11-24,relic:니케제작보고서요약본,0,0,,0,0,,,,,,19,1,,concept:니케,확정,relic:니케제작보고서요약본,,"니케 제작 실험 보고서 요약에 따르면 우울증으로 자발적으로 뇌를 기증한 33세 여성, 19세 남성 범죄자, 본인은 거부했지만 부모 동의로 뇌를 기증한 사인 불명의 21세 여성이 실험 대상이 되었고, 셋 다 바디 완성도 미달 · 작동 에러 · 정상 작동 뒤 뇌 과부하 자폭으로 실패 후 처분되었다"
F697,사실,20,2022-11-24,ch18,0,0,,0,0,,,,,,20,1,,person:라플라스 org:메티스 concept:콜링_시그널 person:슈엔 place:방주,확정,ch18,,"라플라스가 '새 방어벽 생성' 버튼이라 믿고 누른 것은 콜링 시그널 발생 버튼이어서 방주 쪽에서 신호가 울려 랩쳐가 방주로 몰려들었고, 중앙 정부는 시민을 피난소로 대피시켰다 — 낡은 연구소는 곧 무너졌다"
F698,사실,20,2022-11-24,ch18,0,0,,0,0,,,,,,20,1,,person:맥스웰 person:라플라스 person:드레이크 concept:NIMPH org:메티스,확정,ch18,,"맥스웰에 따르면 NIMPH가 있을 때는 트라우마가 생겨도 NIMPH의 명령이 공포를 강제로 마비시켰지만, NIMPH가 없는 지금은 지난 상처가 트라우마가 될 수 있다 — 침식의 기억에 질린 라플라스는 몸과 무장에 이상이 없는데도 무장을 전개하지 못했고, 드레이크는 그런 울렁거림을 느낀 적이 없다"
F699,사실,20,2022-11-24,ch18,0,0,,0,2,,,,,,151,2,,person:슈엔 person:라플라스 person:지휘관 org:미실리스 person:에닉,확정,ch18,,"슈엔은 라플라스를 '처음부터 히어로였던, 내가 만든 최고의 니케'라 여기며 라플라스가 무너지자 공황에 빠졌고, 에닉이 미실리스를 무너뜨릴 것을 두려워해 일이 틀어지면 연구소 영상을 언론에 뿌려 모든 것을 지휘관이 꾸민 일로 돌리겠다고 협박했다"
F700,사실,20,2022-11-24,ch18,0,0,,0,2,,,,,,151,3,,person:맥스웰 concept:콜링_시그널 concept:로드_급 concept:타일런트_급 concept:스톰_브링어,확정,ch18,,"맥스웰에 따르면 콜링 시그널은 랩쳐에게 방주의 위치를 알리는 것이 아니라 소리 나는 곳에 무언가 있다고 여겨 몰려가게 하는 신호이고, 끌려온 무리는 보통 선두의 로드 급을 잡으면 흩어진다 — 이번에는 타일런트 급 스톰 브링어까지 끌려왔다"
F701,사실,20,2022-11-24,ch18,0,0,,0,0,,,,,,20,1,,org:카운터스 org:메티스 person:라플라스 person:지휘관 concept:스톰_브링어,확정,ch18,,"카운터스와 메티스는 콜링 시그널에 끌린 랩쳐 무리를 뒤에서 치며 스톰 브링어까지 잡았지만 더 큰 무리가 나타났고, 지휘관은 라플라스를 감싸다 크로우에게 맞았던 배를 다시 맞았다 — 라피에 따르면 라플라스가 공포를 이겨 내지 않았다면 모두 그 자리에서 죽었을 것이다"
F702,사실,20,2022-11-24,ch18,0,0,,0,0,,,,,,20,1,,org:메티스 person:라플라스 org:미실리스 person:슈엔,확정,ch18,,"슈엔의 생방송 뒤 메티스는 NIMPH가 없어도 인류를 구한 진정한 히어로로 찬사를 받았고, 메티스에게 NIMPH를 심으라던 시민 단체들은 요구를 철회했으며 미실리스 주가가 올랐다 — 카운터스는 방송에 나오지 않았다"
F703,사실,20,2022-11-24,ch18,0,0,,0,0,,,,,,20,1,,person:슈엔 person:엔더슨 person:잉그리드 person:머스탱 person:에닉 concept:콜링_시그널,확정,ch18,,"엔더슨 · 잉그리드 · 머스탱은 슈엔이 콜링 시그널로 랩쳐를 끌어들인 것을 알았지만, 에닉이 슈엔을 부르지도 벌하지도 않아 슈엔은 죄가 아니라고 버텼다 — 엔더슨은 고립된 사회에서 가장 무서운 것은 외적이 아니라 번지는 의심 · 공포라서 에닉이 벌하지 않았을지 모른다고 본다"
F704,사실,20,2022-11-24,ch18,1,1,17,0,0,,,,,,20,2,,person:라플라스 person:슈엔,확정,ch18,,"인간일 때부터 히어로가 되고 싶던 라플라스를 니케로 만든 것은 슈엔이다 — 라플라스는 슈엔에게 다시는 자기를 위해서라는 이유로 정의에 어긋난 길을 가지 말라 했고, 그 속죄로 어떤 공포 앞에서도 쓰러지지 않는 히어로가 되겠다고 맹세했으며, 슈엔도 약속했다"
F705,사실,20,2022-11-24,ch18,0,0,,0,0,,,,,,20,1,,person:지휘관 person:엔더슨 concept:언체인드 org:카운터스,확정,ch18,,"지휘관이 엔더슨에게 필그림에게 들은 언체인드 연구소에 가는 장기 임무를 알리자, 엔더슨은 그곳을 아는 듯 '사지로 걸어 들어가는 사람'이라며 전초기지에 보급 물자를 대량으로 보냈다"
F706,사실,20,2022-11-24,ch18,1,1,17,0,2,,,,,,140,4,J21,person:크로우 person:JohnD person:슈엔 person:지휘관 concept:NIMPH,확정,ch18,,"크로우는 NIMPH 없는 니케의 위험을 처음 퍼뜨린 [JohnD]가 자기라고 밝히며, 니케 포비아를 건드려 슈엔의 가장 소중한 것을 빼앗으려 했지만 슈엔의 랩쳐 유인과 살아 돌아온 지휘관이 망쳤다 한다 — 불신 · 공포 · 의심의 심지는 남아 있어 언젠가 '화려한 불꽃놀이'가 온다고 예고했다"
F707,사실,20,2022-11-24,ch18,0,0,,0,0,,,,,,20,1,,person:버닝엄 person:파피용 person:지휘관 person:마리안,확정,ch18,,"부사령관 버닝엄은 자기 니케 파피용에게 엔더슨이 아끼는 지휘관을 쫓아 지상에 가서, 누구를 만나는지와 지난번 놓친 마리안이 있는지 알아내라고 명령했다"
F708,사실,20,2022-11-24,ch18,0,0,,0,1,,,,,,109,2,,person:크로우 person:유니 org:워드리스 person:슈엔 concept:언체인드 person:미하라,확정,ch18,,"지휘관이 다른 니케는 구하면서 미하라는 구하지 않았다며 분노하는 유니에게, 같은 미실리스 소속인 크로우가 다가가 — 유니(워드리스)는 랩쳐를 잡아 가두는 간수 역이다 — 지휘관이 유니의 NIMPH를 없앨 언체인드를 찾으러 갔으니 인간도 잡아넣어 슈엔에게 복수할 수 있다며 방주에 '거대한 감옥'을 짜자고 꾀었다"
F709,사실,20,2022-11-24,sub:테트라_커넥트_01,1,1,3,0,0,,,,,,20,2,,org:테트라_커넥트 person:지휘관 person:잉그리드 org:엘리시온 org:카운터스,확정,sub:테트라_커넥트_01,,"테트라 커넥트는 지휘관을 '방주의 떠오르는 신성'이라 추켜세우며 엘리시온의 광고라고 속여 카운터스의 전투 영상을 받아, 니케의 공격으로 부서진 방주 시내를 연출한 선동 영상을 만들려 했다 — 진위보다 자극을 믿는 사람들을 건드려 돈을 번다며, 지휘관이 엘리시온 CEO와 연이 있다는 것을 알자 기획을 거두고 연락을 끊었다"
F710,사실,20,2022-11-24,sub:중앙_정부_공식__02,0,0,,0,0,,,,,,20,1,J36,person:제인_밀러 concept:랩쳐,확정,,,"제인 밀러의 은신처는 랩쳐 밀집도가 유난히 낮은 옛 그린벨트 — 오퍼레이터에 따르면 랩쳐는 녹지에 관심이 없어 피한다 — 안의 노후가 덜하고 먹을 식물이 많은 건물이었고, 제인 밀러는 탈주 3개월 전 그곳을 조사한 기록이 있어 오래 준비한 탈주로 보인다"
F711,사실,20,2022-11-24,sub:중앙_정부_공식__02,2,2,6,0,0,,,,,,20,3,J36,person:제인_밀러 person:네온 concept:니케,확정,,,"지휘관 복장의 제인 밀러는 살아 있었고, 카운터스에게 붙잡히자 '날 니케로 만들 거잖아!'라며 자기에게 권총을 겨눠 물러서게 했다 — 네온이 몰래 발신기를 붙여 두었고, 오퍼레이터는 지휘관을 니케로 만든다는 이야기는 들어본 적 없다며 알아보기로 했다"
F712,사실,20,2022-11-24,relic:XX중학교가정통신문,0,0,,0,0,,,,,,20,1,,incident:랩쳐_침공 concept:랩쳐,확정,relic:XX중학교가정통신문,,"침공 초기 한 중학교는 '외계 생명체' 때문에 3월 15일부터 원격수업으로 바꾸고 아이들이 큰소리 · 웃음소리를 내거나 외출하지 않게 하라고 당부했으며(원격수업도 채팅으로만), 외계 생명체가 늘고 교사 · 학생이 실종되자 5월 20일 폐교했다"
F713,사실,20,2022-11-24,event_hightechtoy,0,0,,0,0,,,,,,20,1,,concept:양산형_니케 concept:타일런트_급 org:미실리스 org:메티스 person:잉그리드,확정,event_hightechtoy,,"지상에서 양산형 니케가 잇따라 실종된 것은 레이더에 잡히지 않는 타일런트 급 랩쳐의 기습 때문이었다 — 실종은 회사를 가리지 않았지만 미실리스 비중이 커서 분기 최하위 전망에 잉그리드의 비판까지 받았고, 메티스가 그 랩쳐를 쓰러뜨려 미실리스는 분기 최고 실적을 올렸다"
F714,사실,20,2022-11-24,event_hightechtoy,0,0,,0,0,,,,,,20,1,,item:브레인_셸터 concept:양산형_니케,확정,event_hightechtoy,,"브레인 셸터는 육체를 잃은 니케의 뇌를 딱 7일까지 부패하지 않게 보관하는 냉동 창고로, 오래 지상에서 일하는 양산형 니케와 구조 스쿼드에 주로 지급된다"
F715,사실,20,2022-11-24,event_hightechtoy,0,0,,0,0,,,,,,20,1,,concept:양산형_니케 person:라플라스 org:메티스,확정,event_hightechtoy,,"양산형 니케는 지상 유물 수집 같은 임무에 메티스보다 훨씬 낮은 장비로 올라가 '니케가 어떻게 니케를 고치냐'고 놀랄 만큼 지원이 적은데, 라플라스는 최강의 히어로라 높은 등급의 장비를 받는 게 당연하다고 해 둘이 부딪쳤다"
F716,사실,20,2022-11-24,event_hightechtoy,0,0,,0,0,,,,,,20,1,,person:맥스웰 org:메티스 person:슈엔 person:라플라스,확정,event_hightechtoy,,"맥스웰에 따르면 메티스도 임무 중 다치고 성능이 랩쳐를 완전히 넘어서지 못해 스스로 고치며 다니지만 약한 모습을 보일 수 없어서, 조난당해도 헬레틱이라도 만나지 않는 한 슈엔에게 구조 요청을 할 수 없다 — 슈엔은 제대로 못 하면 새로운 메티스를 만든다고 한다"
F717,사실,20,2022-11-24,event_hightechtoy,0,0,,0,1,,,,,,151,2,,person:맥스웰 person:라플라스 person:드레이크 person:슈엔 org:메티스,확정,event_hightechtoy,,"맥스웰은 니케가 기계처럼 만들어진 순간부터 목적이 있어 해내지 못하면 폐기되거나 다음 버전이 나오며 메티스는 슈엔의 성능 좋은 장난감이라 하고, 듣기로 라플라스 · 드레이크는 슈엔의 장난감이 되고 싶어 자원했다고 한다 — 인간 맥스웰은 이미 죽었고 자기는 니케 맥스웰이라 인간 때 마음은 모른다"
F718,사실,20,2022-11-24,event_hightechtoy,0,0,,0,0,,,,,,20,1,,person:슈엔 org:메티스 person:엔더슨 person:지휘관 org:중앙_정부,확정,event_hightechtoy,,"슈엔은 양산형 실종 조사에 메티스만 보내 공을 독차지하려고 카운터스 · 오퍼레이터 없이 가게 했지만, 중앙 정부가 담당 지휘관이 있어야 한다고 강경하게 나와 지휘관이 동행했다 — 엔더슨은 슈엔이 실종 이유를 숨기는지도 확인하라 했다"
F719,사실,20,2022-11-24,char:100,0,0,,0,0,,,,,,20,1,,person:라플라스 org:A.F.F. place:방주,확정,char:100,,"방주 시내의 잇단 화재에서 라플라스는 불 안 붙은 곳을 부숴 번지는 것을 막는 방식으로 뛰어들어, 빌딩 화재에서는 영웅으로 보도되었지만 주택가 화재에서는 불을 더 키워 뉴스와 시민에게 '방주의 빌런'이라는 비난을 받았다 — 방주의 소방은 A.F.F.가 맡는다"
F720,사실,20,2022-11-24,char:100,0,0,,0,0,,,,,,20,1,,person:라플라스 person:맥스웰,확정,char:100,,"과잉 대처 비난 뒤 라플라스의 두 팔이 움직이지 않게 되었는데, 맥스웰은 부품 · 에너지에 문제가 없어 스트레스 때문일 가능성이 높다고 보았다 — 팔은 나았다가 쇼핑몰 화재를 키운 뒤 다시 멈췄고, 방화범을 구하려는 순간 저절로 움직였다"
F721,사실,20,2022-11-24,char:100,0,0,,0,0,,,,,,20,1,,person:라플라스 person:지휘관,확정,char:100,,"인간은 약해 히어로가 지켜야 하고 인간의 도움은 받지 않는다던 라플라스는, 지휘관이 보여 준 시민들이 힘을 합쳐 서로 돕는 모습과 방화범 사건을 겪고 인간은 생각보다 제법이지만 여전히 약하니 직접 돕겠다고 했다"
F722,사실,20,2022-11-24,char:100,0,0,,0,0,,,,,,20,1,,org:미실리스 person:라플라스 person:라피,확정,char:100,,"방주 쇼핑몰 등의 연쇄 방화범은 실험 중 사고로 신경이 손상되어 직을 내려놓고 미실리스를 나온 전 미실리스 책임 연구원으로, 늘 춥다며 불을 냈고 스스로 몸을 태우려다 라플라스에게 막혔다 — 라피에 따르면 라플라스가 나서지 않았다면 그 자리에서 사살당했을지도 모른다"
F723,사실,21,2022-12-08,event_miraclesnow1,0,0,,0,0,,,,,,21,1,,place:방주 place:전초기지 person:에닉 person:머스탱 person:잉그리드 person:엔더슨,확정,event_miraclesnow1,,"방주에서 눈을 내리려면 물이 많이 들어 좁은 곳에서만 가능해 한동안 눈이 없었는데, 이번 겨울 에닉이 기상 시스템이 방주와 같은 라인인 전초기지 유원지에만 2주 동안 15년 만의 눈을 내렸다 — 머스탱이 운영을 맡아 민간인에게 열고, 잉그리드가 전초기지행 엘리베이터 군중 제어를 맡았다"
F724,사실,21,2022-12-08,event_miraclesnow1,0,0,,0,0,,,,,,21,1,,person:N102 person:앤 person:루피 person:엑시아 concept:기억_소거,확정,event_miraclesnow1,,"매일 기억이 지워지던 앤(N102)이 눈이 내린 2주 동안은 전날 일을 기억했다 — 루피 · 지휘관은 '크리스마스의 기적'이라 불렀고, 엑시아는 [정상 작동]이 아닌 위험한 상태로 보았다"
F725,사실,21,2022-12-08,event_miraclesnow1,1,0,21,0,0,,,,,,21,1,,person:엑시아 concept:니케 concept:사고_전환 person:루피,확정,event_miraclesnow1,,"엑시아에 따르면 과거 가족과의 만남 직후 이질감을 이기지 못한 자살이 지상 전투와 니케 사망 요인 1 · 2위를 다투고 사고 전환율도 비정상적으로 높아, 그 뒤로 니케를 만들 때 가족에 대한 기억을 지우는 것이 기본 사양이 되었다 — 가족을 만나는 것 자체는 불법이 아니지만 이후 일은 책임지지 않는다"
F726,사실,21,2022-12-08,event_miraclesnow1,0,0,,0,0,,,,,,21,1,,person:슈엔 concept:NIMPH person:앤,확정,event_miraclesnow1,,"슈엔은 앤의 상태를 NIMPH의 일시적 오류로 판정하고 NIMPH에게 자가 수복 능력이 있어 두면 돌아온다고 했으며, NIMPH가 애초에 어디에서 온 것인지는 아무도 모른다고 말했다"
F727,사실,21,2022-12-08,event_miraclesnow1,0,0,,0,0,,,,,,21,1,,person:앤 person:안젤리나 org:미실리스 concept:NIMPH concept:기억_소거,확정,event_miraclesnow1,,"앤은 열 살 때 기억력이 지나쳐 뇌가 부하를 버티지 못하는 이상(1년 안에 죽는다는 진단)이 발견되어, 어머니 안젤리나의 신청으로 건강할 때 모습의 니케가 되었고, 니케가 된 뒤 재발하자 미실리스의 제안으로 NIMPH로 매일 기억을 리셋하며 살게 되었다"
F728,사실,21,2022-12-08,event_miraclesnow1,1,0,21,0,0,,,,,,21,1,,org:리콜&릴리즈 person:안젤리나 person:슈엔 org:미실리스 org:시지_패러리스,확정,event_miraclesnow1,,"리콜&릴리즈 관계자들은 안젤리나에게 앤의 매일 기억 리셋 비용이라며 매달 큰돈을 받아 가고 앤을 만나면 리셋 시스템에 문제가 생긴다며 만나지 말라 했는데, 이는 슈엔도 모르던 갈취였다 — 슈엔은 거래 내역으로 확인해 관계자들을 정리하고 피해 보상 · 안젤리나의 건강 검진을 약속했으며, 니케와 가족의 만남을 막는 규칙은 없다고 했다"
F729,사실,21,2022-12-08,event_miraclesnow1,1,0,21,0,0,,,,,,21,1,,person:안젤리나 person:앤,확정,event_miraclesnow1,,"안젤리나는 2년 동안 매일 앤을 찾아가 엄마임을 알려야 했던 일에 마음이 깎여, 일반인이 니케 관리비를 내는 것이 이상한 줄 알면서도 따지지 않고 일곱 군데서 일하며 앤을 만나지 않는 쪽 — 앤을 포기하는 쪽 — 을 택했다"
F730,사실,21,2022-12-08,event_miraclesnow1,4,2,17,0,0,,,,,,21,2,,person:앤 person:슈엔 concept:NIMPH person:안젤리나,확정,event_miraclesnow1,,"눈이 그치며 앤의 기억은 지워졌지만 3일 뒤 깨어난 앤은 엄마 · 루피 · 지휘관을 알아보았다 — 슈엔에 따르면 눈 내리던 2주의 기억이 NIMPH와 완전히 하나가 되어 블랙박스화되어 접근할 수 없고, 매일 리셋(안 하면 죽는다)은 그대로지만 그 기억은 남는다"
F731,사실,21,2022-12-08,char:193,0,0,,0,0,,,,,,21,1,,person:네베 org:언리미티드 person:루드밀라 person:앨리스,확정,char:193,,"언리미티드 소속 네베는 북극곰만이 준다는 포근함을 느끼고 싶어 오랫동안 혼자 지상에서 북극곰을 찾아다녔고, 겨울잠 자듯 잠이 많지만 길 잃은 니케를 잘 찾아 맡은 일은 착실히 한다 — 루드밀라는 네베를 언리미티드에 딱 어울리는 인재라 한다"
F732,사실,21,2022-12-08,char:193,0,0,,0,1,,,,,,56,2,,person:네베 person:지휘관,확정,char:193,,"지상의 설원에는 진짜 북극곰이 살아 있다 — 네베가 찾던 북극곰이 지휘관을 쫓아 동굴 앞을 지켰고, 네베의 총소리에 달아났다"
F733,사실,21,2022-12-08,char:203,0,0,,0,0,,,,,,21,1,,person:루피 person:지휘관,확정,char:203,,"지상 임무로 연말 약속에 늦어 루피를 상처 입힌 지휘관은 데이트로 관계를 풀고, '남친 조작' 저격 영상에 맞서 서프라이즈 영상을 다시 찍어 주었으며, 니케와 지휘관은 상하 관계와 폐기 · 죽음으로 결국 갈라진다는 말에 불안해하는 루피에게 둘은 예외가 될 것이라며 키스했다"
F734,사실,22,2022-12-15,char:121,0,0,,0,0,,,,,,22,1,,person:앤 person:지휘관 org:카운터스 concept:기억_소거,확정,char:121,,"MIRACLE SNOW의 '파란 나비의 기적' 뒤로 앤은 자기 이름과 함께 울고 웃은 사람들 · 선생님(지휘관)을 기억하지만 여전히 어제 일은 기억하지 못하고, 카운터스와 함께 지내며 수첩과 사진 앨범으로 하루를 잇는다"
F735,사실,23,2022-12-29,event_brandnewyear,0,0,,0,2,,,,,,45,3,,person:헬름 place:어드마이어_호 person:슈가 person:율리아 person:지휘관,확정,event_brandnewyear,,"헬름의 해마다 같은 목표는 지상을 탈환해 어드마이어 호를 바다로 내보내는 것이고, 헬름은 바다를 본 적이 없어 매일 바다 위의 어드마이어 호를 상상한다 — 새해 지상 임무에서 헬름 · 슈가 · 율리아 · 지휘관은 처음으로 지상의 바다와 일출을 보았다"
F736,사실,23,2022-12-29,event_brandnewyear,0,0,,0,0,,,,,,23,1,,person:버닝엄 person:헬름 org:아크레인저,확정,event_brandnewyear,,버닝엄의 명으로 찾아간 지상 좌표에는 방주에서 보낸 듯한 깔끔한 상자 여러 개가 사람 하나 없이 쌓여 있었고 — 버닝엄에 따르면 새해를 맞아 지상에 올려 보낼 물품이다 — 거기서 막내딸 선물로 잘못 섞인 한정판 아크레인저 피규어를 찾았다
F737,사실,23,2022-12-29,event_brandnewyear,0,0,,0,0,,,,,,23,1,,person:지휘관 person:마리안,확정,event_brandnewyear,,"지상 바다에서 일출을 보던 지휘관은 바다 위 언덕에 선 사람 형체를 마리안으로 보았는데 눈을 감았다 뜨자 사라졌고, 발치에 붕대 한 개가 떨어져 있었다"
F738,사실,24,2023-01-01,char:260,0,0,,0,0,,,,,,24,1,,person:마리안 person:잉그리드 org:카운터스,확정,char:260,,"뇌세척으로 신생아와 다름없는 뇌였던 마리안은 깨어난 지 이틀 만에 걸었고, 카운터스의 교육으로 보름 만에 유창하게 말하며 7~10세 지능에 이르렀다 — 잉그리드는 보름 만에 할 수 있는 수준이 아니라며 그녀에게 '뭔가가 있다'고 보았다"
F739,사실,24,2023-01-01,char:260,0,0,,0,0,,,,,,24,1,,person:마리안 person:잉그리드,확정,char:260,,"잉그리드의 검사에서 마리안의 몸은 티탄 매터 바늘도 들어가지 않고, 뽑은 머리카락과 타액은 곧바로 증발해 흔적을 남기지 않으며, X레이에는 속이 하얗게만 나오고, 신체 능력은 니케가 낼 수 있는 최대 출력을 가볍게 넘었다 — 앞서 고성능 장비로 한 검사도 결과를 얻지 못했다"
F740,사실,24,2023-01-01,char:260,0,0,,0,0,,,,,,24,1,,person:마리안 person:잉그리드 person:지휘관,확정,char:260,,"잉그리드에 따르면 마리안은 모두 두 번의 변화를 겪었는데 그 경위를 전혀 알 수 없어 원인도 결과도 모르는 상태이며, 그녀가 마음만 먹으면 방주를 부술 수도 있을 만큼 위험하다고 보고 지휘관에게 그녀가 인류에게 위협이 되지 않게 제어하라고 했다"
F741,사실,24,2023-01-01,char:260,0,0,,0,0,,,,,,24,1,,person:마리안 org:M.M.R. person:마나 person:에테르 person:잉그리드 concept:랩쳐 concept:니케,확정,char:260,,"M.M.R.의 마나 · 에테르가 몰래 얻은 마리안의 피부 조직은 니케의 구성물과 랩쳐의 구성물이 완전히 융합되어 서로의 빈 곳을 메운 완벽에 가까운 물질로, 전기 신호로 경도 · 유연성을 거의 0에서 100까지 바꾼다 — '처음부터 이렇게 만들어진 것 같다'는 말에 잉그리드는 입을 막고 자료 폐기 · 망각과 실험 · 검사 전면 중지를 명했다"
F742,사실,24,2023-01-01,char:260,0,0,,0,0,,,,,,24,1,,person:마리안 person:지휘관,확정,char:260,,뇌세척된 마리안은 지휘관이 총을 든 채 어쩔 줄 몰라 하자 자기가 방아쇠를 당긴 일을 기억하고 있지만 그 뒤는 기억하지 못한다 — 지휘관은 그때 그렇게 하고 싶지 않았다고만 답했다
F743,사실,25,2023-01-12,ch19,1,1,23,0,0,,,,,,25,2,,person:파피용 place:방주,확정,ch19,,"파피용에 따르면 지상 생존자가 0명이라는 것은 거짓말이고, 인간들이 모여 사는 [실낙원]이라는 곳이 있다는 것은 방주 고위 간부들 사이에서 꽤 옛날부터 알려진 이야기다"
F744,사실,25,2023-01-12,ch19,0,0,,1,0,,,,,,91,2,,concept:언체인드 concept:헬레틱 person:아나키오르,확정,event_oldtales1,앞당김,"언체인드 연구소의 연구 요약에 따르면 Rh X(가칭) 혈액형 보유자 1인의 혈액에서 추출한 특수 물질을 헬레틱 아나키오르에게 주입하자 헬레틱 체내의 나노 물질이 파괴되어 그 물질을 언체인드로 명명했고, 10ml 샘플 12개를 9동 503호에 보관했다 — 냉동고의 12자리 중 11자리는 빈 플라스크, 한 자리는 비어 있었다"
F745,사실,25,2023-01-12,ch19,0,0,,0,0,,,,,,25,1,J8,person:요한 person:이사벨 person:하란 person:노아 place:에덴 concept:언체인드 person:지휘관,확정,ch19,,"지상 기지 에덴의 지휘관 요한은 필그림 이사벨 · 하란 · 노아를 거느리고 연구소의 마지막 언체인드 샘플을 먼저 손에 넣었고, 지휘관에게 누구인지 · 왜 언체인드를 탐내는지 · 니케의 해방과 지상 탈환 중 무엇이 중요한지 물은 뒤 니케의 해방이라는 답에 지휘관을 건물 밖으로 던지고 신호탄으로 랩쳐를 불러 두고 에덴으로 돌아갔다"
F746,사실,25,2023-01-12,ch19,0,0,,0,0,,,,,,25,1,,concept:언체인드 concept:NIMPH concept:헬레틱 person:이사벨 person:요한,확정,ch19,,"이사벨에 따르면 언체인드는 헬레틱 체내의 나노머신을 파괴해 무한한 자가 수복 기능을 마비시키고, 같은 원리로 방주의 니케에게 쓰면 NIMPH — 요한의 말로 '부활 장치' — 를 제거할 수 있다"
F747,사실,25,2023-01-12,ch19,0,0,,0,0,,,,,,25,1,,person:하란 place:에덴 org:필그림,확정,ch19,,"하란은 지휘관을 구해 자신을 지상 낙원 [에덴]에 소속된 순례자라 소개했다 — 에덴의 룰은 결과를 책임질 수만 있다면 서로의 행동에 관여하지 않는 것이고, 하란은 에덴을 니케와 인간이 어우러져 살아가는 축복받은 지상의 땅이라 부른다"
F748,사실,25,2023-01-12,ch19,1,0,25,0,0,,,,,,25,1,,person:요한 person:하란 concept:지상_탈환,확정,ch19,,"하란에 따르면 요한은 처음에는 나약한 인간이었지만 부러진 뼈와 살을 기계로 대체하고 따라잡을 수 없는 간극은 꾀로 메워 랩쳐를 압도할 만큼 강해졌으며, 지상의 풍경을 다시 손에 넣겠다는 지상 탈환이 그의 탄생의 이유 같은 것이다"
F749,사실,25,2023-01-12,ch19,0,0,,0,1,,,,,,26,2,,place:에덴 person:하란 person:지휘관 org:카운터스 person:파피용,확정,ch19,,"에덴에 들어가려면 [낙원의 시련]을 통과해야 한다 — 하란은 지휘관 혼자 약하게 만든 랩쳐들과 맞서게 했고, 지휘관은 하루 넘게 대치하다 선 채로 기절해 살아남아 통과했으며, 카운터스 · 파피용도 저마다 따로 시련을 치르고 에덴에 들어왔다"
F750,사실,25,2023-01-12,ch19,0,0,,0,1,,,,,,26,2,,place:에덴 person:도로시,확정,ch19,,"낙원의 공식 명칭은 지상 기지 [에덴]으로, 황무지 한가운데에 지어져 기지 전체를 광학미채로 투명화하고 발전된 유전자 기술 · 재배법으로 랩쳐 침공 이전의 자연(수목 93종 · 가축 13종 등)을 재현했으며, 낙원의 것은 반출하지 않는 것이 원칙이다"
F751,사실,25,2023-01-12,ch19,1,1,17,0,0,,,,,,25,2,,person:세실 person:이사벨 person:하란 person:노아 place:에덴 org:필그림,확정,ch19,,"도로시에 따르면 요한과 함께 있던 에덴의 필그림 셋(이사벨 · 하란 · 노아)은 모두 에덴 중앙 연구실에서 인간 세실의 손으로 태어났고, 그 기술은 방주보다 족히 반세기는 앞섰다"
F752,사실,25,2023-01-12,ch19,0,0,,0,0,,,,,,25,1,,place:에덴 person:도로시 person:세실 person:요한,확정,ch19,,"에덴의 주민은 인간인 세실 · 요한을 포함해 모두 스스로 살아남을 힘을 지녀야 하고, 니케들은 타일런트 급 가상의 적을 만드는 [인큐베이터]에서 훈련한다 — 도로시는 방주처럼 다수의 약자가 소수의 강자를 착취하지 않도록 하는 힘의 균형이 인간과 니케가 어우러진 낙원의 뜻이라 한다"
F753,사실,25,2023-01-12,ch19,0,0,,0,0,,,,,,25,1,,person:세실 person:요한 person:도로시 person:니힐리스타 concept:언체인드 concept:NIMPH,확정,ch19,,"요한이 가져온 샘플은 세실의 분석으로 진짜 언체인드였고, 요한이 단 한 발로 니힐리스타를 죽일 수 있다면 충분한 용량이다 — 세실은 NIMPH를 편리한 발명품이라 여기고, 도로시가 동의 없이 손님 다섯을 들인 일을 '도로시의 장난'으로 의심하며 요한과 지켜보기로 했다"
F754,사실,25,2023-01-12,ch19,0,0,,0,0,,,,,,25,1,J15,person:니힐리스타 person:도로시 place:에덴 concept:헬레틱 person:퀸 concept:언체인드 person:지휘관,확정,ch19,,"도로시에 따르면 인류에 대한 악의로 가득한 퀸의 정예 헬레틱 중 하나인 코드 네임 니힐리스타가 에덴을 노리며 배회하고 있고 에덴은 그녀와 다섯 번 교전해 모두 교착으로 끝났다 — 도로시는 헬레틱에게 이긴 지휘관을 에덴의 위기를 풀 유일한 열쇠로 여겨 줄곧 기다렸고, 퇴치를 돕는 대가로 하나뿐인 언체인드를 약속했다"
F755,사실,25,2023-01-12,ch19,0,0,,0,0,,,,,,25,1,,person:도로시 person:세실 person:요한 concept:언체인드 person:지휘관,확정,ch19,,"지휘관이 거래를 받아들이자 도로시는 세실을 설득해(세실이 정하면 요한도 대체로 따른다) 헬레틱 퇴치 작전을 다음 날로 잡고, 신뢰의 표시로 첫 탄환이 언체인드인 장전된 권총을 먼저 건넸다 — 에덴에는 마하의 속도로 나는, 추적에 실패한 적 없는 추적자가 있다"
F756,사실,26,2023-01-12,sub:데이파라_00,0,0,,0,2,,,,,,124,3,,person:데이파라 concept:랩쳐 person:지휘관,확정,,,"데이파라가 알려 준 지상의 공터에는 작은 제단과 그릇 · 날붙이 · 장식이 놓여 있고, 열 명이 넘는 비무장 민간인이 저항하거나 도망친 흔적 없이 잠든 듯 편안한 얼굴로 죽어 있었으며, 한 남성은 랩쳐의 부품을 소중히 쥐고 있었다 — 지휘관은 중앙 정부에 보고해 현장 수습 · 조사를 요청했다"
F757,사실,26,2023-01-12,sub:데이파라_00,0,0,,0,1,,,,,,124,2,,person:데이파라 org:구원의_성화 concept:랩쳐,확정,,,데이파라의 엄마는 랩쳐를 신으로 모시는 사이비 종교 [구원의 성화]에 빠져 지상으로 나갔다 — 데이파라에 따르면 그 종교는 알려지면 감옥에 가는 것으로 끝나지 않는다
F758,사실,25,2023-01-12,relic:데일리아크기사스크랩,0,0,,0,0,,,,,,25,1,,incident:2차_지상_탈환전 org:데일리_아크 person:샛별 person:마일즈 concept:니케,확정,relic:데일리아크기사스크랩,,"데일리 아크 기사에 따르면 중앙 정부는 2차 지상 탈환전을 위해 니케를 1차 탈환전 대비 100배 이상 생산하겠다고 예고했지만, 탈환군은 가용 병력 80% 이상을 잃고 패했고 — 개전 1년여 만의 유일한 승전(요충지 수복 · 랩쳐 거점 7곳 파괴)의 주역은 [샛별]이라 불린 지휘관이었다"
F759,사실,25,2023-01-12,relic:데일리아크기사스크랩,0,0,,0,1,,,,,,96,2,,incident:2차_지상_탈환전 person:샛별 place:사관학교,확정,relic:데일리아크기사스크랩,,"2차 지상 탈환전 패전 뒤 중앙 정부는 군 수뇌부를 대거 경질하면서 샛별만 목록에서 빼고, 그의 조언을 받아 소수정예 스쿼드 증설 · 사관학교 설립 등 군대 개혁을 하기로 했다 — 사관학교는 이때 세워진 것으로 보인다"
F760,사실,25,2023-01-12,relic:데일리아크기사스크랩,0,0,,0,0,,,,,,25,1,,person:샛별 person:마일즈 place:갱생관 concept:랩쳐,확정,relic:데일리아크기사스크랩,,샛별은 73호기 엘리베이터(모델명 AHWDD-93760)를 통한 랩쳐 침략을 허용하고 방어전에서도 실수를 되풀이해 마일즈 부사령관이 개입할 때까지 병력 60% 이상을 잃었다는 이유로 갱생관 송치가 결정되었다 — 댓글에는 마일즈가 망친 것을 샛별이 수습했다는 말도 있다
F761,사실,26,2023-01-12,ch20,0,0,,0,0,,,,,,26,1,,person:니힐리스타 concept:헬레틱 person:퀸 person:요한,확정,ch20,,"헬레틱 니힐리스타의 이명은 화룡으로, 검붉은 기계 용의 모습으로 하늘을 날며 강철도 녹일 초고열 화염을 뿜고 니케의 모습으로도 변한다 — 요한은 그녀를 퀸의 선봉장이자 진작 썩었어야 할 고대의 유물이라 부른다"
F762,사실,26,2023-01-12,ch20,1,1,19,0,0,,,,,,26,2,J8,person:요한 person:샛별 place:방주 person:도로시 person:이사벨,확정,ch20,,"에덴의 지휘관 요한은 방주 매스컴이 [샛별]이라 부른 지휘관이다 — 지휘관에 따르면 전설의 지휘관과 더불어 역사상 가장 유명한 지휘관이고, 도로시에 따르면 방주는 요한이 방주를 위해 이룬 모든 것을 부정했으며 요한은 방주에서 온 모든 것을 경멸했다"
F763,사실,26,2023-01-12,ch20,1,1,25,0,1,,,,,,153,3,,person:도로시 person:요한 org:카운터스 person:니힐리스타 concept:언체인드,확정,ch20,,"도로시는 처음부터 카운터스를 총알받이로 쓰려고 에덴에 데려왔다 — 니힐리스타를 불러 카운터스가 먼저 싸우게 하고, 다 죽게 된 지휘관이 언체인드를 쏘게 만든 뒤 난입하는 계획이었고, 요한은 구역질이 난다고 했다"
F764,사실,26,2023-01-12,ch20,0,0,,0,0,,,,,,26,1,,person:하란 person:노아 person:이사벨 person:요한 person:도로시 place:에덴,확정,ch20,,"에덴의 필그림 하란 · 노아 · 이사벨은 도로시의 총알받이 계획을 거부하고 요한을 따라 카운터스를 구하러 갔다 — 하란은 도로시를 따르는 것도 긍지를 저버리지 않는 선 안에서라 하고, 이사벨은 니케의 해방을 위해 싸우는 사람을 일찍 만났다면 방주를 택했을지 모른다 했으며, 요한은 경멸한 것은 방주가 아니라 도로시의 사상이라 했다"
F765,사실,26,2023-01-12,ch20,0,0,,0,0,,,,,,26,1,,person:퀸 concept:헬레틱 place:에덴 person:도로시,확정,ch20,,"도로시에 따르면 퀸의 정예는 니힐리스타 말고도 더 있고 그들은 더 강하며, 모두 에덴을 눈엣가시로 여긴다"
F766,사실,26,2023-01-12,ch20,0,0,,0,0,,,,,,26,1,J3,person:니힐리스타 person:토커티브 person:지휘관,확정,ch20,,"니힐리스타에 따르면 토커티브는 자기가 아끼던 심복이었고, 죽기 전에 '지휘관을 잡아 몸을 열어 보면 니힐리스타가 원하는 것이 있다'고 했다 — 니힐리스타는 지휘관을 [블랙박스]라 부르며 납치해 몸을 열게 해 달라고 했다"
F767,사실,26,2023-01-12,ch20,1,1,25,0,0,,,,,,26,2,,person:요한 person:니힐리스타 concept:언체인드 person:도로시 person:지휘관,확정,ch20,,"도로시가 건넨 권총의 첫 탄환은 언체인드가 아니었다 — 요한은 그 블러프로 지휘관과 니힐리스타를 함께 속여, 니힐리스타가 탄환이 박힌 팔을 잘라 낸 뒤 진짜 언체인드를 쏘아 자가 수복을 멈추게 했고, 에덴 · 카운터스가 함께 몰아붙였다"
F768,사실,26,2023-01-12,ch20,0,0,,0,2,126,F2163,,,뒤집힘,126,3,,person:니힐리스타 concept:릴리스의_바디 person:퀸 person:리버렐리오,확정,ch20,,"궁지에 몰린 니힐리스타는 살려 주면 퀸을 죽이겠다며 퀸의 전신이자 지상에 남은 유일한 미련인 [릴리스의 바디]를 찾으면 된다고 했지만, 뒤에 리버렐리오에게는 시간을 벌려는 블러프였다고 했다 — 리버렐리오는 퀸이 들으면 기뻐할 소리라 했다"
F769,사실,26,2023-01-12,ch20,0,0,,0,0,,,,,,26,1,,person:리버렐리오 person:니힐리스타 person:요한 place:에덴 concept:헬레틱,확정,ch20,,"헬레틱 리버렐리오가 나타나 쓰러진 니힐리스타를 거두어 갔다 — 요한은 빙산의 일각이라 지금 전력으로는 어쩔 수 없다며 공격하지 않았고, 리버렐리오는 다시 자기를 깨우면 낙원째 심해에 수장시키겠다고 경고했다"
F770,사실,26,2023-01-12,ch20,0,0,,0,0,126,F2162,,,뒤집힘,126,2,,person:리버렐리오 person:니힐리스타 person:퀸 place:에덴,확정,ch20,,"리버렐리오에 따르면 예전에는 퀸이 선봉장끼리의 다툼을 용납하지 않았지만 이번 일로 퀸은 니힐리스타에게 크게 실망해, 에덴을 지도에서 지우지 않으면 신뢰를 되찾기 어렵다 — 퀸은 언제나 니힐리스타를 지켜보고 있다"
F771,사실,26,2023-01-12,ch20,0,0,,0,1,,,,,,81,2,J4,person:지휘관 person:세실 concept:언체인드 person:엔더슨 person:파피용,확정,ch20,,"세실의 검사로 지휘관은 언체인드를 뽑아낼 수 있는 극소수의 혈액형인 Rh X의 보유자로 판명되었다 — 지휘관의 혈액형은 어떤 데이터베이스에도 등록된 적이 없고(엔더슨이 그 피를 원하는 이들을 피하려 등록하지 않았다), 세실은 결과 파일을 영구 삭제하고 [공공의 이익]을 위한 실험용 쥐가 되기 싫다면 파피용을 비롯해 누구에게도 알리지 말라고 했다"
F772,사실,26,2023-01-12,ch20,0,0,,0,0,,,,,,26,1,,place:에덴 person:파피용 person:도로시 person:버닝엄 place:방주,확정,ch20,,"에덴은 방주와의 통신을 허용하지 않아 존재를 숨겨 왔다 — 파피용이 버닝엄에게 보내려던 보고(지휘관의 목적 · 낙원 진입 · 헬레틱 접촉)는 하나도 전송되지 않았고, 도로시는 파피용을 해치지 않는 대신 방주와의 통신을 자기 허락 아래 두고 그 내용도 자기가 정하기로 했다"
F773,사실,26,2023-01-12,ch20,0,0,,0,0,,,,,,26,1,,concept:에블라_입자 person:세실 person:요한,확정,ch20,,"지상의 에블라 입자는 스캔을 가로막아 세실은 작전 전 에블라 입자 정화 시퀀스를 돌려야 했고, 요한은 에블라 입자 농도가 급격히 오르는 지역으로 가면 오퍼레이터 연결이 끊겨 매복한 랩쳐에게 전멸한다고 보았다"
F774,사실,26,2023-01-12,sub:로망티스트_00,0,0,,0,1,,,,,,55,2,,person:로망티스트 place:방주,확정,,,"방주에서 낚시는 역사의 뒤안길로 사라진 행위이고 진짜 낚싯대는 모두 박물관에 있다 — 로망티스트는 박물관 낚싯대를 빌려 쓰려다 옥살이를 했고, 카운터스가 지상에서 구해 온 고급 낚싯대를 받자 기록을 뒤져 지상의 낚시 포인트를 찾겠다고 했다"
F775,사실,26,2023-01-12,relic:jonathan_report,0,0,,0,0,,,,,,26,1,,concept:양산형_니케 concept:사고_전환 concept:로드_급,확정,,,"지휘관 조나단 크로스는 연구소 조사 임무로 니케 9기(양산형 5기 포함)를 이끌고 지상에 올라갔다가 통신기를 잃었고, 로드 급과 마주치자 양산형 5기에게 죽으라고 명령했는데 동료의 희생을 못 견딘 2기가 사고 전환을 일으켜 나머지 2기가 그들을 쏘아 죽였다"
F776,사실,26,2023-01-12,relic:jonathan_report,0,0,,0,0,,,,,,26,1,,concept:사고_전환,확정,,,"조나단은 지상에서 불빛이 켜진, 동시대 혹은 그 이상의 기술로 지은 건물과 날아다니는 천사 또는 니케의 그림자를 보았지만 다가갈수록 건물은 희미해져 사라졌고, 마지막 니케 델라가 낙원에 구조되었다고 믿으며 사고 전환으로 죽은 뒤 죽어 가는 조나단의 눈에 낙원이 다시 선명하게 보였다"
F777,사실,26,2023-01-12,event_doutsiders,0,0,,0,0,,,,,,26,1,,org:엔터_헤븐 concept:이터널_스카이 place:아우터_림 person:엔더슨,확정,event_doutsiders,,"엔터 헤븐의 이름을 건 테러로 방주 시내와 선랜드 공원의 이터널 스카이가 꺼져 주민들이 패닉 · 폐소공포증 · 외상 후 장애를 호소했고, 다음 타깃으로 로열 로드가 예고되자 간부들은 사흘 안에 주동자를 못 잡으면 아우터 림에 군을 투입하려 했다"
F778,사실,26,2023-01-12,event_doutsiders,1,1,17,0,0,,,,,,26,2,,org:이그조틱 place:아우터_림 person:바이퍼 person:크로우,확정,event_doutsiders,,"이그조틱은 정보부 산하 중앙 첩보 관리실 소속으로 중앙 정부를 위해 아우터 림을 감시하는 스쿼드이자 아우터 림에 유일하게 남은 첩보 조직인데, 실제로는 마약 거래상 등을 봐주고 커버를 쳐 주며 '관리'하고, 주민들에게는 법이자 살아 있는 우상으로 통한다"
F779,사실,26,2023-01-12,event_doutsiders,0,0,,0,0,,,,,,26,1,,person:슈엔 org:이그조틱 person:바이퍼 place:배드_드림 person:지휘관,확정,event_doutsiders,,"슈엔은 이그조틱(크로우 · 바이퍼 · 자칼)을 제어할 수단으로 버튼을 누르면 3초 뒤 기폭하는 원격 폭탄 제어 앱을 지휘관에게 주었다 — 바이퍼는 통신이 차단된 배드 드림에서 이를 알아채고 지휘관과 핸드폰을 맞바꾸어 '공범자'가 되었고, 임무가 끝나자 돌려주었다"
F780,사실,26,2023-01-12,event_doutsiders,0,0,,0,0,,,,,,26,1,,person:조셉 org:엔터_헤븐 concept:이터널_스카이 place:아우터_림,확정,event_doutsiders,,"이터널 스카이 테러는 엔터 헤븐 말단인 조셉의 단독 범행으로 엔터 헤븐 안에서도 합의되지 않은 일이었다 — 조셉은 원래 아내와 자식이 있는 방주 시민권자 회사원이었는데 범죄 집단에 납치되어 시민권 칩을 빼앗기고, 경찰에게 아우터 림 불법 탈출범으로 잡혀 아우터 림에 내던져졌다"
F781,사실,26,2023-01-12,event_doutsiders,2,0,26,0,0,,,,,,26,1,,person:크로우 person:바이퍼 person:자칼 person:조셉 org:엔터_헤븐,확정,event_doutsiders,,"크로우는 이그조틱이 직접 조셉을 잡으면 아우터 림에 대한 배신이 되므로, 일부러 지휘관을 조셉과 만나게 해 조셉이 스스로 정체를 드러내게 했다 — 바이퍼는 엔터 헤븐 안팎의 잡음을 자기들 선에서 마무리하려고 지휘관의 손을 빌렸다고 한다"
F782,사실,26,2023-01-12,event_doutsiders,0,0,,0,0,,,,,,26,1,,person:조셉 person:크로우 place:아우터_림 concept:이터널_스카이,확정,event_doutsiders,,"조셉에 따르면 중앙 정부는 아우터 림을 격벽으로 떼어 놓고 식량을 공급하지 않으며, 주기적으로 갱들을 부추겨 전쟁을 시키고 그 시체를 거두어 알 수 없는 실험에 쓴다 — 크로우는 방주 시민이 손해를 볼 이유가 없고 보고 싶지 않은 것을 사각지대에 몰아넣고 외면하는 것이 가장 효율적이라서 아우터 림에 빛이 없다고 말한다"
F783,사실,26,2023-01-12,event_doutsiders,0,0,,0,0,,,,,,26,1,,place:아우터_림 person:엔더슨 person:지휘관,확정,event_doutsiders,,"아우터 림에서 방주로 가는 게이트 밖은 중앙 정부가 지정한 [금지 구역]이라 비시민권자가 잘못 들어가면 사살된다 — 테러범 체포 임박 발표로 군의 아우터 림 청소 계획은 무마되었고, 엔더슨은 아우터 림을 방주가 낳은 최악의 부조리라 부르며 자신을 지키려면 일부러 눈을 돌려야 할 때도 있다고 했지만 지휘관은 그러고 싶지 않다고 했다"
F784,사실,26,2023-01-12,char:400,0,0,,0,0,,,,,,26,1,,person:길티 place:갱생관 org:미실리스,확정,char:400,,"갱생관의 흉악범 길티는 상담 도중 구속 끈을 풀어 준 10여 명의 상담 교관을 손으로 붙잡아 골절상을 입혔고, 스스로는 남들보다 힘이 세게 자기를 만든 미실리스 연구원들 탓이라며 죄가 없다고 한다"
F785,사실,26,2023-01-12,char:400,0,0,,0,0,,,,,,26,1,,person:길티 place:갱생관,확정,char:400,,"길티가 독방에 들어간 것은 그녀의 힘으로 갱생관을 빠져나가자며 폭동을 부추긴 죄수가 '감당할 수 있다'더니 겁먹고 피하자, 스스로 구속 끈을 끊고 끌어안아 뼈를 부순 사건 때문으로 갱생관 CCTV에 남았다 — 길티는 힘을 조절하지 못한다고 하지만 구속 끈을 뜻대로 끊는다"
F786,사실,26,2023-01-12,char:400,0,0,,0,0,,,,,,26,1,,person:지휘관 person:길티 place:갱생관,확정,char:400,,"갱생 교관이 된 지휘관은 스스로 구속 끈을 끊은 길티에게 양팔을 틀어쥐여 한쪽 팔이 부러져 이틀 입원했지만 다시 찾아가 손목 구속을 풀고 손을 맞잡는 훈련에 성공했고, '죄는 지었지만 갱생할 수 있다고 믿는다'는 말로 길티의 믿음을 얻었다"
F787,사실,26,2023-01-12,char:400,0,0,,0,0,,,,,,26,1,,person:마나 person:길티 place:갱생관 org:중앙_정부 person:지휘관,확정,char:400,,"마나에 따르면 갱생관 교관들과 중앙 정부 갱생관 감사부가 길티의 갱생 성공을 결론 냈다 — 폭동의 구심점이 될 힘을 가진 길티는 희생이 더 나도 갱생시켜 내보내는 편이 방주 안전에 낫다고 보아, 지휘관이 하루만 늦었어도 담당 교관을 바꿨을 것이고, 이제 길티가 밖에서 치는 사고의 책임은 지휘관 몫이다"
F788,사실,26,2023-01-12,char:400,0,0,,0,0,,,,,,26,1,,person:길티 person:지휘관 person:마나,확정,char:400,,"갱생되어 지휘관을 따라 나가게 된 길티는 지휘관이 자기를 믿지 않는다고 확신하게 되면 그 두 손을 틀어쥘 수 있다고 웃으며 말하고, 마나는 지휘관에게 그녀가 흉악범임을 잊지 말라고 했다"
F789,사실,26,2023-01-12,char:401,0,0,,0,1,,,,,,99,2,,person:신 person:마나 place:갱생관,확정,,,"마나에 따르면 갱생관의 흉악범 신은 말로 사람을 충동질해 꼭두각시로 만드는 지능범으로 선량한 사람일수록 더 크게 먹히고, 앞서 신을 맡은 교관 일부는 신의 범죄 기록을 말소하려다 저지되었으며, 입에 씌운 컨버터는 신의 세뇌 능력을 걸러 내는 장치다"
F790,사실,26,2023-01-12,char:401,0,0,,0,0,,,,,,26,1,,person:신 place:갱생관,확정,,,"신의 범죄 기록은 살해 방조 7건 · 방화 방조 11건 · 폭행 방조 18건 · 밀수 방조 7건 · 사기 방조 38건 등 모두 방조죄이고, 신은 자기만 방조죄로 들어와 다른 흉악범들의 텃세를 받는다고 한다"
F791,사실,26,2023-01-12,char:401,0,0,,0,1,,,,,,99,2,,person:신 person:지휘관 person:마나 place:갱생관,확정,,,"컨버터를 벗기지 않았는데도 지휘관은 신이 매기는 상점 · 벌점에 끌려 신의 신발을 세탁하고 카트에 태워 끌며 간수 · 죄수까지 끌어들이다 갱생관 외곽 쓰레기장에서 정신을 차렸고, 마나는 이전 교관들과 똑같은 증언이라며 지휘관이 신을 갱생시키기는 불가능하다고 보았다"
F792,사실,26,2023-01-12,char:401,0,0,,0,0,,,,,,26,1,,person:신 person:지휘관 org:카운터스 place:갱생관,확정,,,"지휘관이 남을 부추겨 죄를 짓게 하며 쾌락을 느낀 신에게 갱생과 무기한 독방 중 고르게 하자, 신은 갱생해 능력을 제한하는 장치를 상시 차고 카운터스와 같은 기지 숙소에서 지내게 되었다 — 아니스는 신을 갱생관 3대 흉악범 중 하나라 한다"
F793,사실,26,2023-01-12,char:111,0,0,,0,0,,,,,,26,1,,person:폴리 person:자칼 org:A.C.P.U. org:이그조틱,확정,char:111,,"폴리에 따르면 A.C.P.U.와 이그조틱은 사이가 나빠 자주 부딪히고, 자칼은 건물 벽을 물어뜯고 폭파해 민원이 끊이지 않는데 잡아 가둬도 A.C.P.U. 철장을 이빨로 부수고 달아나 매달 보수비가 크게 든다"
F794,사실,26,2023-01-12,char:111,0,0,,0,0,,,,,,26,1,,person:지휘관 person:자칼 person:크로우,확정,char:111,,"지휘관은 자칼을 일주일 맡아 예절과 인내를 가르치기로 크로우와 '일주일 뒤 손목 하나'를 걸었고, 앉아 · 기다려 훈련과 손잡은 산책으로 자칼은 사고를 치지 않게 되어 크로우도 인정했다 — 내민 손목을 자칼은 핥기만 하고 쓰다듬어 줄 손이라며 남겨 두었다"
F795,사실,26,2023-01-12,char:111,0,0,,0,0,,,,,,26,1,,person:자칼,확정,char:111,,"자칼은 예전에 돈이 없어 늘 굶주렸고, 먹을 것을 받는 대가로 시키는 대로 정보를 알아 오고 무언가를 찾아오고 사람을 죽이는 일까지 했다"
F796,사실,26,2023-01-12,char:402,0,0,,0,2,,,,,,126,3,,person:퀀시 person:마나 place:갱생관,확정,,,"마나에 따르면 퀀시는 길티 · 신과 같은 갱생관 흉악범으로 처음엔 단순한 죄목(퀀시 말로 도둑질)이었지만 어디에 있든 매번 새 루트로 아무도 모르게 탈옥해 형량이 늘었고, '탈옥의 신'이라 불리며 상담이 한 번도 제대로 이루어진 적이 없다"
F797,사실,26,2023-01-12,char:402,0,0,,0,0,,,,,,26,1,,person:마나 place:갱생관 place:방주,확정,,,마나에 따르면 갱생관은 재소자가 방주를 더 갈망하지 않도록 방주 음식 반입부터 방주 이야기까지 방주를 떠올리게 하는 모든 것을 통제한다
F798,사실,26,2023-01-12,char:402,0,0,,0,0,,,,,,26,1,,person:퀀시 place:갱생관,확정,,,"퀀시는 취조실의 블라인드 · 벽시계 · 캐비닛(숟가락으로 판) 뒤 등에 탈옥 루트를 뚫어 드나들며, 갱생관에서 도와준 뒤 방주의 큰 기업을 운영하게 된 협력자에게 물품 · 병뚜껑을 받아 재소자 아지트에서 병뚜껑을 화폐로 한 거래를 이끌어 갱생관 경제를 쥔 '큰 손'이 되었다"
F799,사실,26,2023-01-12,char:402,0,0,,0,0,,,,,,26,1,,person:퀀시 person:지휘관 place:갱생관,확정,,,"퀀시는 갱생관이 자기가 힘을 가진 편한 곳이고 방주에 나가면 결국 고립될 것이라며 갱생을 원하지 않았고, 방주 적응까지 책임지겠다는 지휘관의 권유도 끝내 거절했다"
F800,사실,26,2023-01-12,char:402,0,0,,0,2,,,,,,87,2,,person:퀀시 person:지휘관 person:마나 place:갱생관,확정,,,"퀀시의 탈옥 루트를 따라가다 무너진 루트에 갇힌 지휘관을 퀀시가 찾아내 하루 만에 구조되었지만, 퀀시는 지휘관을 위험에 빠뜨린 죄로 창문 없는 독방에 갇히고 윗선의 완강한 결정으로 갱생 자격을 영영 박탈당했다 — 그래도 퀀시는 지휘관실 책상에 병뚜껑과 '조만간 또 놀러 올게' 쪽지를 두고 갔다"
F801,사실,27,2023-01-19,char:112,0,0,,0,0,,,,,,27,1,,person:시프티 person:엔더슨 org:중앙_정부 org:A.C.P.U. person:지휘관 place:아우터_림,확정,char:112,,"시프티가 전한 엔더슨의 비밀 지령에 따르면 음지에서 중앙 정부 관리하의 니케를 빼돌려 물건처럼 '사용'하는 퇴폐 업소가 문제인데, 고위급 인사 다수가 연루되어 A.C.P.U.를 움직이기는커녕 조사도 어려워, 중앙 정부의 간섭 없이 움직이는 지휘관이 가명(자원 채집 부대 지휘관 제이슨 볼드)으로 맡았다"
F802,사실,27,2023-01-19,char:112,0,0,,0,0,,,,,,27,1,,person:시프티 org:중앙_정부 org:3대_기업 person:슈엔,확정,char:112,,"시프티에 따르면 니케에 대한 나쁜 사회적 인식과 달리 중앙 정부와 3대 기업은 한계는 있지만 니케를 인격체로 인정하고(슈엔은 약간의 예외), 일반 환락가는 중앙 정부의 묵인 아래 유지된다"
F803,사실,27,2023-01-19,char:112,0,0,,0,0,,,,,,27,1,,place:아우터_림,확정,char:112,,"그 업소는 접선 장소 · 시간이 매번 바뀌는 부자들의 니케필리아 클럽으로 니케들이 술을 따르고 노래하며, 니케를 직접 데려온 손님은 VVIP로 대접받았고, 지배인은 콜렉터에게서 니케를 사들여 개인적으로 '소모'하는 중증 니케필리아다"
F804,사실,27,2023-01-19,char:112,0,0,,0,0,,,,,,27,1,,person:바이퍼 org:이그조틱,확정,char:112,,"바이퍼는 이그조틱 일로 퍼펙트 가판대에서 암호 주문([하얀 꿈])으로 밀거래를 하며, 자기 같은 이들에게는 살아남기 위해 뭐든 해야 하는 그들만의 방식이 있다고 했다"
F805,사실,27,2023-01-19,char:112,0,0,,0,0,,,,,,27,1,,person:바이퍼 person:지휘관 person:크로우 person:자칼 org:이그조틱 place:아우터_림,확정,char:112,,"바이퍼는 지휘관을 약으로 재운 뒤 지휘관의 진짜 신분을 내세워 지배인과 거래해 빼돌렸고, 지배인을 넘기는 대가로 지휘관이 아우터 림에서 새로 활동을 시작한 조직(지배인과 클럽 확장을 꾀하고 이그조틱과 마찰)을 처리해 주기로 했다 — 크로우 · 자칼이 붙잡아 둔 지배인과 손님 명부 USB가 지휘관에게 넘어갔다"
F806,사실,27,2023-01-19,char:112,0,0,,0,0,,,,,,27,1,,person:크로우 person:바이퍼 person:지휘관,확정,char:112,,"크로우는 바이퍼를 내버려 두는 것은 자기에게 쓸모가 있기 때문이라며, 지휘관의 신념이 바이퍼에게는 독이라 모르는 사이에 중독되어 껍데기만 남을 것이라고 경고했다"
F807,사실,28,2023-02-01,event_maidinvalentine,0,0,,0,1,,,,,,63,2,,org:메이드_포_유 person:에이드 person:코코아 person:소다 person:머스탱,확정,event_maidinvalentine,,"메이드 포 유(에이드 · 메이드장 코코아 · 소다)는 머스탱을 '사장님'으로 모시는 메이드 카페의 메이드들로, 머스탱은 그들의 밸런타인 초콜릿에 진심이 없다며 진정한 밸런타인 초콜릿을 만들기 전에는 행사를 허락하지 않았다가 다시 만든 초콜릿에 합격을 주었다"
F808,사실,28,2023-02-01,event_maidinvalentine,0,0,,0,1,,,,,,99,2,,place:Sweets_&_Cocoa person:스윗_조니,확정,event_maidinvalentine,,"지상의 구시대 디저트 회사 [Sweets & Cocoa]의 공장에는 관리 A.I. 홀로그램 스윗 조니가 남아 수십 년 납품이 끊긴 채 극저온 저장고에 발효를 마친 카카오를 보존하고 있고, 예전 초콜릿 만들기 체험을 하던 아이들을 기억하며, 방주로 데이터를 옮기자는 제안을 거절하고 공장에 남았다"
F809,사실,28,2023-02-01,event_maidinvalentine,0,0,,0,0,,,,,,28,1,,org:메이드_포_유 concept:퍼펙트 place:방주,확정,event_maidinvalentine,,"메이드 포 유는 카카오로 만든 진짜 초콜릿은 처음 만들어 보았고(방주의 초콜릿은 퍼펙트로 만든다 — 우유 퍼펙트), 에이드는 방주에만 있었다면 이런 기회는 절대 없었을 것이라 한다"
F810,사실,28,2023-02-01,event_maidinvalentine,0,0,,0,1,,,,,,99,2,,person:프리바티 person:밀크 person:시그널 place:Sweets_&_Cocoa,확정,event_maidinvalentine,,"밸런타인 뒤 프리바티는 친구에게 줄 수제 초콜릿을 계속 실패해 못 준 끝에 밀크에게 의뢰해 지휘관 · 시그널과 Sweets & Cocoa 공장을 찾았고, 지휘관에게는 지상 음식물 무단 반입을 확인하는 업무의 연장이라 했다"
F811,사실,28,2023-02-01,char:311,0,0,,0,0,,,,,,28,1,,person:메이슨_박사 person:사토우 org:엘리시온 org:세이메이카이 person:잉그리드 concept:니케,확정,char:311,,"엘리시온 전 연구원 메이슨 박사는 엘리시온의 모든 니케에게 폭주 명령을 내릴 수 있는 제어 코드를 연구했는데, 그 자료를 세이메이카이 조직원 사토우가 빼앗아 폭주한 니케로 적대 조직을 몰살하려 했다 — 잉그리드는 훈련소 니케들의 이상행동이 그 때문이었다고 본다"
F812,사실,28,2023-02-01,char:311,0,0,,0,0,,,,,,28,1,,person:엑시아 person:코코아 person:잉그리드 org:메이드_포_유,확정,char:311,,"엑시아에 따르면 폭주 코드의 전송은 막을 수 없었지만 명령이 수행되는 PC에서 내용을 고칠 수 있었고 수정은 니케 몸의 커넥션 케이블로만 가능해, 코코아가 고친 폭주 명령은 '니케들이 메이드 카페에 달려가 디저트를 폭식하는 것'으로 실행되었다"
F813,사실,28,2023-02-01,char:311,0,0,,0,0,,,,,,28,1,,org:세이메이카이 person:사쿠라 person:사토우 person:잉그리드 person:D,확정,char:311,,"세이메이카이는 아우터 림의 야쿠자 조직으로 사쿠라가 부하들을 관리하고 잉그리드를 '양지의 사장님'이라 부르며, 사쿠라는 사토우의 짓을 입지가 좁아진 그의 독단이라 하고 사죄로 폭주 코드 전송 시각 정보를 넘겼다 — 잉그리드는 D에게 사토우를 '죽이지는 말되 고문까지는 해도 좋다'고 해 배후를 캐냈다"
F814,사실,28,2023-02-01,char:311,0,0,,0,0,,,,,,28,1,,concept:니케 person:라피 person:소다 person:사토우 person:코코아,확정,char:311,,"라피에 따르면 이론상 니케는 음식을 먹지 않아도 코어의 동력으로 활동할 수 있고, 소다에 따르면 니케 손님은 폭식으로 건강을 망칠 염려가 없다 — 사토우 일당은 코코아 몸의 바코드를 보고 니케임을 알아보고 '니케라면 쏴 죽여도 문제될 게 없다'고 했다"
F815,사실,29,2023-02-08,char:312,0,0,,0,0,,,,,,29,1,,person:소다 person:지휘관 org:메이드_포_유,확정,,,"메이드 소다는 방주에 갇혀 답답하게 지내는 모두를 조금이라도 행복하게 하려고 메이드 일을 열심히 하기로 한 뒤로 손님들 기색만 살피다 실수가 늘었는데, 지휘관이 손님들은 그 헌신에 행복해한다고 전하고 곁에서 주변을 봐 주겠다고 약속하자 기운을 되찾았고, 둘은 입을 맞추었다"
F816,사실,30,2023-02-22,char:800,0,0,,0,0,,,,,,30,1,,org:데블_헌터 person:마키마 org:중앙_정부 person:엔더슨 person:지휘관,확정,char:800,,"엔더슨에 따르면 데블 헌터의 마키마가 중앙 정부 수뇌부와 만났고, 수뇌부는 지상이 아닌 또 다른 세계가 있다는 데 놀라 인류의 또 다른 터전을 찾을 가능성을 기대해 우호적인 데블 헌터를 귀빈으로, 리더 격인 마키마를 특별 귀빈으로 대하기로 했다 — 그들과 처음 접촉한 것은 지휘관이다"
F817,사실,30,2023-02-22,char:800,0,0,,0,0,,,,,,30,1,,concept:니케 org:갓데스 org:중앙_정부 person:애드미,확정,char:800,,"중앙 정부 도서관의 역사책에 따르면 1차 랩쳐 침공 때 인류는 3대 기업과 협약해 니케를 생산하기 시작했고(지휘관 한 명이 니케 여럿을 지휘하는 방식도 이때 확립), 갓데스의 첫 승리 뒤 다양한 성별 · 연령의 자원자 뇌로 니케를 대량 생산했지만 기술 미확립으로 다수가 제조 실패나 양산형이 되었다 — 애드미는 방주 설립을 다룬 책이 드물다고 했다"
F818,사실,30,2023-02-22,char:800,0,0,,0,0,,,,,,30,1,,org:중앙_정부 place:방주 place:사관학교,확정,char:800,,"중앙 정부 안내서는 중앙 정부가 사관학교를 운영하고 끊임없이 지상 탈환 작전을 수행하며, 3대 기업과 협업해 방주에 지상과 비슷한 환경을 만들었고, 중앙 정부의 통제 아래 방주의 범죄 검거율이 99.9%에 가깝다고 소개한다"
F819,사실,30,2023-02-22,char:800,0,0,,0,0,,,,,,30,1,,concept:퍼펙트 person:프리바티 person:마키마,확정,char:800,,"퍼펙트는 밥 · 빵 · 케이크 · 햄버거부터 인공 채소 · 과일까지 방주의 모든 음식을 만드는 재료이고, 퍼펙트 생산 공장은 허가 없이는 들어갈 수 없으며, 가공하지 않은 원형은 흰 벽돌 모양 고체 · 흰 액체 · 흰 가루다 — 원형을 깨문 마키마는 '맛없어'라고 했다"
F820,사실,30,2023-02-22,char:800,0,0,,0,0,,,,,,30,1,,person:율하 concept:니케 org:트라이앵글 org:중앙_정부 place:방주,확정,char:800,,"율하에 따르면 방주에는 트라이앵글처럼 필요에 의해 무거운 바디와 무장을 내려놓고 인간인 척 사는 니케가 많아 누가 니케인지 율하도 모르고, 지상에 닿지 않아도 인류가 평화로운 일상을 즐기게 하는 것 — 그것을 지키려고 중앙 정부와 방주가 있다"
F821,사실,30,2023-02-22,char:801,0,0,,0,0,,,,,,30,1,,person:파워 person:드레이크 org:빌런_연합,확정,char:801,,"마인이 되기 전 유명한 악마였다는 파워가 드레이크의 빌런 연합에 들어와 지휘관까지 셋이 되었지만, '악행'은 번번이 선행이 되었고 햄버거 가게 강도를 제압해 드레이크와 함께 표창을 받고 히어로로 보도되었다"
F822,사실,30,2023-02-22,char:802,0,0,,0,0,,,,,,30,1,,concept:인식_칩 person:히메노 person:폴리 person:미란다 org:A.C.P.U.,확정,char:802,,"방주 시내에 인식 칩 없이 있는 것은 불법이고 술을 마실 때도 인식 칩이 필요해, 칩도 크레디트도 없는 귀빈 히메노에게는 시민권 없이도 방주를 다닐 수 있게 A.C.P.U.의 니케 폴리 · 미란다가 담당으로 붙었다"
F823,사실,30,2023-02-22,char:802,0,0,,0,0,,,,,,30,1,,person:폴리 person:미란다 org:A.C.P.U. person:히메노,확정,char:802,,"폴리 · 미란다는 니케라는 존재 자체가 비밀이라 사람을 상대로는 힘을 다 쓰지 못하고, 폴리는 A.C.P.U.가 방주에 사는 사람이 아니더라도 손님으로 온 이상 누구든 지켜지는 삶을 살게 하겠다고 했다"
F824,사실,31,2023-03-15,event_bowwowparadise,0,0,,0,0,,,,,,31,1,,place:방주 person:비스킷 org:중앙_정부 place:바우_와우_파라다이스,확정,,,비스킷에 따르면 방주에서는 로열의 일부 특권층만 중앙 정부의 허락을 받아 반려동물을 키울 수 있고 동물보호법이 까다롭고 무거워 함부로 데려가면 엄벌을 받는다 — 비스킷이 돌보는 보호소 강아지들은 방주에 한 번도 나가 본 적이 없었다
F825,사실,31,2023-03-15,event_bowwowparadise,0,0,,0,1,,,,,,93,2,,person:맥스 person:비스킷 place:바우_와우_파라다이스 person:리타 person:센티,확정,,,"보호소 강아지들의 리더 맥스는 비스킷에게 들은 방주가 궁금해 강아지들을 이끌고 탈주했고, 비스킷은 방주처럼 자유롭게 뛰어놀 수 있게 보호소를 고쳐 짓겠다고 약속해 리타 · 센티 · 지휘관 · 강아지들과 함께 '바우 와우 파라다이스'를 지었다 — 비스킷은 강아지들의 말을 알아듣는다"
F826,사실,31,2023-03-15,char:381,0,0,,0,0,,,,,,31,1,,org:해피_주 person:비스킷 person:네로 person:레오나,확정,,,"해피 주는 방주의 동물을 관리하는 스쿼드로 동물을 찾고 보호하는 데 특화되어 있다 — 비스킷은 강아지, 네로는 고양이, 레오나는 사자 · 호랑이 같은 큰 동물을 맡고, 비스킷은 동물의 말을 통역한다"
F827,사실,31,2023-03-15,char:381,0,0,,0,0,,,,,,31,1,,person:비스킷 person:베아트리체 person:폴리 place:로열_로드 concept:인식_칩 concept:크레디트,확정,,,"로열 로드 강아지 베아트리체를 산책시키던 비스킷 · 지휘관에게 커플 괴한이 가루를 뿌려 베아트리체를 빼앗았다 — 인식칩을 해킹해 두고 주인에게 크레디트를 뜯어내려던 그들을 비스킷이 체취 · 하울링으로 찾아내 베아트리체와 함께 붙잡았고, 폴리가 넘겨받았다"
F828,사실,32,2023-03-30,event_cherryblossom,0,0,,0,0,,,,,,32,1,,org:세이메이카이 person:사쿠라,확정,event_cherryblossom,,"세이메이카이는 대대로 혈통으로 후계를 이어 왔고 당주 사쿠라가 니케의 육신을 얻은 것은 극소수만 알아, 식솔들은 부군을 들여 후계를 만들라 재촉한다 — 후계를 만들 수 없는 몸인 사쿠라는 시간을 벌려고 지휘관에게 하루만 지아비가 되어 벚나무 아래 사랑을 맹세하는 모습을 보여 달라고 했다"
F829,사실,32,2023-03-30,event_cherryblossom,0,0,,0,0,,,,,,32,1,,org:언더월드_퀸 concept:꽃의_맹약 place:아우터_림,확정,event_cherryblossom,,"언더월드 퀸은 조직 간 마찰을 줄이려 큰 행사마다 한 조직이 당번으로 행사를 지키는 룰을 두었고, 아우터 림이 아닌 방주 생활 지구(양지)에서 [구역]을 나누는 것은 룰 위반이다 — 언더월드 퀸은 [맹약]에 따라 룰을 어긴 모난 돌을 부숴 원래 자리로 돌려놓는다"
F830,사실,32,2023-03-30,event_cherryblossom,0,0,,0,0,,,,,,32,1,,org:언더월드_퀸 person:사쿠라 person:목단 person:로산나 org:세이메이카이 org:모란회 org:헤도니아 org:이그조틱,확정,event_cherryblossom,,"언더월드 퀸은 이그조틱처럼 아우터 림과 방주의 범죄(어둠)를 제어하려 만든 니케 스쿼드로, 뒷세계 3대 조직의 보스 — 방주 생성 이래 가장 오래된 세이메이카이의 당주 사쿠라, 소수 정예 협객 모란회의 목단, 신생 헤도니아의 로산나 — 이며, 셋 모두 죽음 뒤 스스로 니케가 되기를 택했다"
F831,사실,32,2023-03-30,event_cherryblossom,0,0,,0,0,,,,,,32,1,,concept:꽃의_맹약 person:머스탱 org:언더월드_퀸 person:사쿠라 person:목단 person:로산나,확정,event_cherryblossom,,"꽃의 맹약은 사쿠라 · 목단 · 로산나가 니케가 되기로 한 때 머스탱이 그들을 원해 맺은 약속이다 — 어둠을 인정하되 그 위에 군림해 정도를 벗어난 것을 벌하라는 것으로, 머스탱은 목줄 대신 왕관을 씌우는 대가로 맹약을 어기면 어떻게든 반드시 대가를 받겠다고 했다"
F832,사실,32,2023-03-30,event_cherryblossom,0,0,,0,0,,,,,,32,1,,person:머스탱 org:언더월드_퀸 place:아우터_림 org:갓데스,확정,event_cherryblossom,,"머스탱은 양극화로 소외된 이와 그렇지 않은 이의 증오와 총성을 방치하면 방주가 무너진다고 보고, 어둠을 모르는 이의 위선 대신 아우터 림과 방주를 모두 알고 무법자를 사람으로 보는 셋을 골랐다 — 그들이 지켜 낸 인류는 사람답게 즐기며 살아야 '나의 Goddess들'의 희생이 헛되지 않다고 했다"
F833,사실,32,2023-03-30,event_cherryblossom,0,0,,0,0,,,,,,32,1,,person:머스탱 org:테트라 org:미실리스 org:엘리시온,확정,event_cherryblossom,,사쿠라에 따르면 머스탱은 3대 기업이 생긴 지상 시절부터 지금까지 — 미실리스 · 엘리시온의 CEO가 차례로 바뀌는 동안 — 단 한 번도 바뀌지 않은 테트라의 유일무이한 CEO다
F834,사실,32,2023-03-30,event_cherryblossom,2,0,32,0,0,,,,,,32,1,,org:세이메이카이 person:사쿠라 org:엔터_헤븐,확정,event_cherryblossom,,"신생 갱단 리버티는 벚꽃 축제 거리를 제 [구역]이라며 자릿세 · 통행료를 뜯다 세이메이카이에게 제압되었는데, 엔터 헤븐의 지원 제안을 받은 적이 있었다 — 사쿠라는 그들을 세이메이카이 식솔로 받아들여 머물 곳과 밥을 주기로 했고, 많은 소규모 조직을 그렇게 받아들여 왔다"
F835,사실,32,2023-03-30,event_cherryblossom,0,0,,1,0,,,,,,36,2,,person:사쿠라 org:세이메이카이 place:아우터_림,확정,event_cherryblossom ch22,,"사쿠라는 양지 사람들이 뒷세계를 위협으로 느껴 토벌하지 않도록 폭력을 폭력으로 억누른다며, 아우터 림이 방주에 겨누든 방주가 아우터 림에 겨누든 제 앞의 어떤 총구도 허락하지 않고 분쟁을 끊겠다고 했다"
F836,사실,32,2023-03-30,event_cherryblossom,0,0,,1,1,,,,,,104,2,,place:방주,확정,event_cherryblossom fl:for_rest,,"벚꽃 축제의 '지상에서 온 벚나무'는 인공적으로 생을 연장받아 인공 햇빛뿐인 방주에서 살아남은 나무로 [영원의 벚꽃]이라고도 불리며, 이번 축제에서 처음 민간인에게 개방되었다 — 그 아래서 맹세의 키스를 하면 영원한 사랑을 한다는 소문이 드라마로 퍼졌다"
F837,사실,32,2023-03-30,event_cherryblossom,0,0,,0,0,,,,,,32,1,,person:사쿠라 org:세이메이카이 person:지휘관,확정,event_cherryblossom,,"사쿠라는 찰나를 버리고 얻은 영원(니케의 몸)을 맹약의 대가로 얻은 가장 큰 전리품이라 하며 후회하지 않지만, 당주로서의 삶이 끝나면 세이메이카이를 해치지 않도록 때에 맞춰 떨어지겠다고 한다 — 벚나무 아래서 지휘관과 진심을 담아 입을 맞추고, 아직 할 일이 있어 영원을 약속하지는 않았다"
F838,사실,32,2023-03-30,char:261,0,0,,0,1,,,,,,90,2,,concept:헬레틱 person:니힐리스타 person:리버렐리오 person:인디빌리아 person:아나키오르 person:퀸 concept:니케,확정,char:261,,"니힐리스타에 따르면 헬레틱 — 니힐리스타 · 리버렐리오 · 인디빌리아 · 아나키오르와 다른 동족, 퀸까지 — 은 모두 침식된 니케에서 시작해 아무도 원리를 모르는 특수한 공정을 거쳐 각자 가장 이상적인 모습으로 태어났다 — [전투]를 갈망한 니힐리스타, [고요]의 리버렐리오, 뒤틀린 [모성]의 퀸"
F839,사실,32,2023-03-30,char:261,0,0,,0,1,,,,,,133,2,J13,concept:릴리스의_바디 person:퀸 person:니힐리스타 concept:헬레틱,확정,char:261,,"니힐리스타에 따르면 다른 헬레틱은 제조 과정에서 바디를 소모했지만 퀸의 바디만은 지상 어딘가에 남아 있고, 그것이 퀸의 전신인 [릴리스의 바디]다 — 얼음 밑에 묻혔다고도, 퀸의 부하가 지킨다고도 하며, 그것을 퀸 앞에 가져가면 기원에 이끌리는 본능이 퀸을 죽일 유일한 열쇠가 된다고 했다"
F840,사실,32,2023-03-30,char:261,0,0,,0,0,,,,,,32,1,,person:니힐리스타 org:카운터스 person:요한 concept:언체인드 place:에덴,확정,char:261,,"언체인드로 나노머신이 망가진 니힐리스타는 기계 부품을 으스러뜨려 몸을 수복하다 카운터스에게 발견되자 퀸 암살 정보를 걸고 하루 휴전을 얻어 냈지만, 정보 교환은 보류한 채 회복해 달아났다 — 카운터스는 함께 추격하던 요한에게 대화 사실을 숨기기로 했다"
F841,사실,32,2023-03-30,char:261,0,0,,0,0,,,,,,32,1,,person:니힐리스타 person:지휘관 concept:언체인드 person:토커티브,확정,char:261,,니힐리스타는 언체인드가 연구소에 남은 것이 마지막이었다고 알고 있다 — 토커티브가 목을 맨 까닭을 보려고 지휘관의 몸을 열려던 니힐리스타에게 지휘관은 혈액의 실마리를 숨긴 채 언체인드를 더 가진 척하는 블러프로 하루를 벌었다
F842,사실,32,2023-03-30,char:261,0,0,,0,1,,,,,,73,2,,person:니힐리스타 person:토커티브 person:지휘관 concept:헬레틱,확정,char:261,,"니힐리스타는 토커티브에게서 지휘관과 붙어 있으면 니케들의 성능이 오른다고 들었고, 기원이 니케인 자기에게도 통하는지 시험하려 했다 — 지휘관이 헬레틱의 기원이 니케라면 인류 편이 원래 자리라며 돌아오라 하자 거절했다"
F843,사실,32,2023-03-30,char:261,0,0,,0,0,,,,,,32,1,,concept:헬레틱 person:니힐리스타 person:리버렐리오 concept:랩쳐,확정,char:261,,"니힐리스타에 따르면 지상의 주인인 헬레틱 사이에도 세력 다툼이 있어, 니힐리스타가 인간들과 너무 오래 붙어 있자 리버렐리오('해파리')가 감시하고 여차하면 흡수하려고 랩쳐 무리를 보냈다 — 니힐리스타는 수복되지 않은 몸으로 드래곤 브레스를 뿜어 그들을 학살했다"
F844,사실,32,2023-03-30,char:261,0,0,,0,0,,,,,,32,1,,person:니힐리스타 person:퀸 place:방주,확정,char:261,,스스로를 인류를 한 번 배신한 이단이자 셀 수 없이 죽여 온 도살자라 부르는 니힐리스타가 갈망하는 것은 퀸을 끌어내리는 데 그치지 않고 퀸의 힘 · 병력 · 영향력을 모두 빼앗아 지상의 유일무이한 [최강]이 되는 것과 그 과정의 끝없는 싸움이다 — 인류가 그 장작을 줄 수 없다면 방주를 불태우겠다고 했다
F845,사실,32,2023-03-30,char:282,0,0,,0,0,,,,,,32,1,,person:사쿠라 org:세이메이카이 person:머스탱 person:겐조,확정,,,"세이메이카이 선대의 딸로 당주가 된 사쿠라는 조직이 저지르는 악 가운데서도 최악(검정)과 차악(남색)의 차이 — 일가 참수와 당사자 처벌, 납치와 자발적 손님 — 를 지키는 원칙을 세워 맞지 않는 것을 쳐내 왔고, 이는 니케가 될 때 머스탱과 나눈 약속이기도 하다 — 선대의 충복 겐조 등 조직 일부는 이에 반발한다"
F846,사실,32,2023-03-30,char:282,0,0,,0,0,,,,,,32,1,,org:세이메이카이 person:사쿠라,확정,,,"세이메이카이는 선선대 때 조직의 콜렉터가 지상에서 찾은, 현존 최강의 환각제 일루미나데신보다 3배 강한 환각 성분의 꽃을 관리국 몰래 방주의 비밀 화원에서 대량 재배해 왔다 — 꽃가루가 치사량 이상의 독이라 재배에 참여한 사람은 살아 돌아오지 못하고 부작용 · 중독성도 강하지만, 목숨값보다 벌어들일 돈이 많다며 이어져 왔다"
F847,사실,32,2023-03-30,char:282,0,0,,0,0,,,,,,32,1,,person:사쿠라 org:세이메이카이 person:겐조 org:동식물_관리국 place:블랙넷,확정,,,"사쿠라는 독꽃 화원을 불태우고 그 자리에 차를 재배해 블랙넷으로 유통하는 사업으로 바꿨다 — 방주에서 차를 기를 수 있는 곳은 동식물 관리국 정도라 부유층 수요로 값이 치솟는데, 밀반입한 13종 가운데 가장 진귀한 2종이 야생보다 잘 자랐고, 반발하던 겐조는 그 끝을 보겠다며 조직에 남았다"
F848,사실,32,2023-03-30,char:282,0,0,,0,0,,,,,,32,1,,org:세이메이카이 person:사쿠라 person:겐조 org:헤도니아 org:모란회,확정,,,"세이메이카이(淸明會)는 '밝고 깨끗하다'는 뜻으로 초대 당주가 그 생각으로 일으켰고 그에 반한 사람들이 모여든 조직이다 — 사쿠라가 꿈꾸는 세이메이카이는 떳떳이 말할 수 있는 이름, 기댈 부모, 언제든 돌아올 집이고, 겐조는 꽃의 돈으로 헤도니아 · 모란회와 다른 조직을 모두 굴복시키려 했다"
F849,사실,32,2023-03-30,char:282,0,0,,0,0,,,,,,32,1,,person:지휘관 person:키츠네 person:사쿠라 org:세이메이카이,확정,,,"지휘관이 예고 없이 세이메이카이 저택에 머문 것은 키츠네라는 이의 익명 문자 — 당주의 친구라는 신분으로 조직에 잠입해 당주와 반대파 사이를 중재해 달라, 중앙 정부 인사는 건드리지 못할 것 — 를 받아서였고, 지휘관은 사쿠라에게 신변이 위험하다는 익명 문자를 받았다고만 했다"
F850,사실,34,2023-04-13,event_ltk,0,0,,0,2,,,,,,111,3,,org:저지스 org:시지_패러리스 person:D person:K,확정,,,"저지스는 투표로 타겟을 정하고, 시지 패러리스(D · K)가 짐작을 배제한 사실 조사 뒤 죽일지 말지를 정해 실행한다 — 보통은 저지스가 둘의 판단을 받아 최종 결정하지만, C.O.L. 대표 [사장] 건은 저지스의 전언으로 지휘관이 최종 결정권자가 되었다"
F851,사실,34,2023-04-13,event_ltk,0,0,,0,0,,,,,,34,1,,person:에닉 org:저지스 org:시지_패러리스,확정,,,"K에 따르면 에닉은 저지스의 요청이 없으면 판결하지 않고, 스스로 움직이는 것은 누군가 방주와 인류에 큰 피해를 입혔다고 판단할 때뿐이다 — 인간의 수가 변하지 않는 '순수한' 인신매매조차 에닉의 기준으로는 문제가 아니어서, 그런 일은 저지스와 시지 패러리스가 결론 내고 해결한다"
F852,사실,34,2023-04-13,event_ltk,0,0,,0,3,,,,,,112,4,,person:D org:저지스 org:시지_패러리스,확정,,,"D에 따르면 D는 기분이 아니라 권한으로 죽인다 — 명백히 인륜을 벗어난 이를 완벽히 증명할 수 있으면 죽일 수 있고, 증명에 틈이 있으면 자기 목숨을 내놓는 것이 D가 쓴 [왕관]이다 — D는 양산형 니케를 물건처럼 운송하던 C.O.L. 직원을 쫓아가 처리했고, 저지스는 이를 정당하다 보고 D의 면허를 유지했다"
F853,사실,34,2023-04-13,event_ltk,0,0,,0,0,,,,,,34,1,,org:중앙_정부 place:아우터_림 concept:양산형_니케 org:세이메이카이,확정,,,"C.O.L.의 사장(전 중앙 정부 고위직)은 중앙 정부에게서 수명이 다해 가는 양산형 니케와 무기를 사들여, 세이메이카이에서 퇴출된 소조직을 끼고 전자제품 기부라는 형태로 아우터 림에 팔아 왔다 — 팔린 니케와 무기는 아우터 림 내전에 투입되고, 사장은 보급 여부를 두고 아우터 림 세력들에게 돈도 요구했다"
F854,사실,34,2023-04-13,event_ltk,0,0,,0,0,,,,,,34,1,,org:중앙_정부 org:니케_관리부 org:저지스,확정,,,"사장은 그 이익으로 C.O.L.을 3대 기업 바로 아래로 키우고, 방주에서 수십 명만 걸린 치사율 높은 희귀병 치료에 병원 지원금의 80% 넘게 대 치료법을 찾아냈으며 희귀병 무료 치료 바이오 메디컬 센터를 세웠다 — 동시에 중앙 정부 니케 관리부 고위 간부들과 각 부서, 저지스 위원들에게도 돈을 대 왔다"
F855,사실,34,2023-04-13,event_ltk,0,0,,0,0,,,,,,34,1,,concept:양산형_니케,확정,,,"입사 3주 만에 사장 직속이 된 현장 감독은 짐을 보고 회사 입구에서 목숨을 끊었다 — 사장은 운송을 직원에게 맡기는 것이 양지에 남아 선의를 베풀기 위한 꼬리 자르기라 인정하고, 양산형 니케의 무의미한 폐기를 돈으로 바꿔 다른 생명을 잇는다는 [삶의 순환]을 계속하겠다고 했다"
F856,사실,34,2023-04-13,char:40,0,0,,0,0,,,,,,34,1,,org:저지스 person:D person:지휘관,확정,,,"저지스의 암살 지령(19320-09호)이 지상 탈환 소극 · 불법 사이트를 통한 마약 · 불법 칩 거래 · 니케 선동 · 아우터 림 출입에 따른 테러 위험을 이유로 지휘관을 타겟으로 삼았다 — D는 몰래 따라다니는 대신 지휘관과 며칠 단둘이 동행하며 직접 보고 판단했고, 지령서와 맞는 내용을 하나도 찾지 못했다"
F857,사실,34,2023-04-13,char:40,0,0,,0,0,,,,,,34,1,,person:IV person:X person:D org:저지스,확정,,,"지휘관을 타겟 안건으로 올린 IV는 자료를 조작한 것이었다 — 누구 눈에도 띄지 않던 지휘관 출신 IV가 특별한 대접을 받는 지휘관을 시기한 것으로, 투표가 끝난 뒤 D가 속았다며 X에게 증거를 더 보내려 했고, 이를 엿들은 D는 타겟이 IV로 바뀌었다며 '거짓의 대가는 죽음'이라 하고 IV의 왕관을 가져갔다"
F858,사실,35,2023-04-27,ch21,0,0,,0,0,,,,,,35,1,,concept:마더_웨일 concept:랩쳐,확정,ch21,,"코드네임 마더 웨일은 1차 랩쳐 침공 때부터 지금까지 활동하는 초대형 수송기 랩쳐로, 높이 날고 많이 실을 수 있어 현역이며 1차 때 격추된 수도 적다 — 탐색 기능은 없고 간단한 내장 무장과 수송 기능뿐이라 땅으로 끌어내리기만 하면 손쉬운 상대다"
F859,사실,35,2023-04-27,ch21,0,0,,0,0,,,,,,35,1,,concept:언체인드 person:세실 person:지휘관,확정,ch21,,"세실의 실험에 따르면 지휘관의 피에 든 언체인드는 금속 · 갓데시움 · 랩쳐 부품과 합성하면 성분을 모두 잃고 인간의 세포와 합성할 때만 남는다 — 언체인드 탄환의 핵심 물질은 군사용 스캔으로 잡히지 않는 인간 세포이지만, 인간 세포만으로는 경도가 모자라 탄환 구실을 못 한다"
F860,사실,35,2023-04-27,ch21,0,0,,0,1,,,,,,35,2,,concept:랩쳐 concept:마더_웨일 incident:랩쳐_침공,확정,ch21,,"세실에 따르면 1차 침공 때의 랩쳐는 동력원이 반영구가 아니어서, 처음에는 마구 죽이고 부수다가 곧 인간 · 동물을 포획해 동력 재료로 삼았다 — 인류가 방주로 옮긴 뒤 10년 정도로 끝났고 그 뒤 모델은 반영구 동력을 갖지만, 1차 때의 마더 웨일은 여러 번 재료를 보강해 코어에 인간 세포가 섞여 있었다"
F861,사실,35,2023-04-27,ch21,1,1,25,0,0,,,,,,35,2,J8,person:요한 person:샛별 incident:2차_지상_탈환전 place:갱생관,확정,ch21,,"에덴의 지휘관 요한은 자기가 샛별이 맞다고 했다 — 사관학교에서 최초의 지휘관에 비견되는 지휘관이자 지금의 게릴라전 위주 전술을 처음 제시한 이로 가르치는 샛별은, 라피에 따르면 60년 가까운 과거에 2차 지상 탈환전에 참전했고 공식 기록상 반역 혐의로 갱생관에 수감되어 탈주하다 총격으로 사망했다"
F862,사실,35,2023-04-27,ch21,0,0,,0,0,,,,,,35,1,,place:에덴 person:세실 concept:랩쳐,확정,ch21,,"요한에 따르면 에덴은 세실이 설계하고 만들었으며 랩쳐의 시체로 만들어졌다 — 랩쳐 시체는 거의 무한히 얻을 수 있고 쓸 만한 부품이 많아, 마더 웨일도 좋은 자원이 된다"
F863,사실,35,2023-04-27,ch21,0,0,,0,1,,,,,,36,2,,concept:언체인드 person:요한 person:세실 person:마리안,확정,ch21,,"지휘관이 헬레틱이던 마리안에게 쏜 언체인드는 빗나갔다 — 이를 들은 요한 · 세실은 언체인드가 나노머신을 죽이는 이상 헬레틱에게 치명적이라는 것은 그대로지만, 니힐리스타를 무력화하지 못한 연구소 탄환은 성능이 낮았던 것으로 보았고, 요한은 지휘관이 손에 넣을 언체인드가 그보다 좋으면 빼앗겠다고 했다"
F864,사실,35,2023-04-27,ch21,0,0,,0,0,,,,,,35,1,,person:세실 concept:언체인드 person:요한 concept:NIMPH,확정,ch21,,"세실에 따르면 지휘관의 피로 만들 수 있는 언체인드 탄환은 최대 채혈 기준 한 번에 두 발이고 두 달 뒤 다시 두 발이 생긴다 — 세실은 이 일을 요한에게 말하지 않고 있으며, 헬레틱도 NIMPH도 위험하다며 헬레틱을 죽이려는 요한과 니케에게 선택권을 주려는 지휘관을 모두 지지한다"
F865,사실,35,2023-04-27,ch21,0,0,,0,0,,,,,,35,1,,concept:NIMPH person:세실,확정,ch21,,"세실에 따르면 NIMPH는 인간일 때 주입되어 뇌의 정보를 복사하고, 그 정보를 처리해 니케로 만들며 대부분의 인간 시절 기억을 미리 입력된 정보로 바꾼다 — 그러나 남는 기억과 행동 강령의 적용이 니케마다 제각각이라 불안정하고, 인류는 NIMPH가 무엇인지 · 어디서 왔는지 · 누가 만들었는지 · 어떻게 작동하는지 몰라 복사와 작은 개조만 할 수 있다"
F866,사실,35,2023-04-27,ch21,0,0,,0,0,,,,,,35,1,,incident:2차_지상_탈환전 person:요한 place:에덴,확정,ch21,,"요한에 따르면 2차 지상 탈환전에는 1차의 100배 가까운 물자와 병기가 동원되었고 그 병기 다수가 아직 지상에 남아 손만 보면 쓸 수 있다 — 에덴은 방주에서 만들어 옮겨 조립하는 데 두 달 걸린 2차 탈환전의 거대 대공포 세 기를 회수 기능이 있는 앵커 발사 장치로 개조해 두었는데, 원래 노린 것은 마더 웨일이 아니었다"
F867,사실,35,2023-04-27,ch21,0,0,,0,0,,,,,,35,1,,place:에덴 place:방주 org:필그림 person:이사벨 person:하란,확정,ch21,,"이사벨 · 하란에 따르면 에덴의 모두(요한 · 세실 포함)는 방주에게 배신당해 방주를 혐오한다 — 다른 필그림들도 에덴에서 함께했었지만, 목표는 같아도 수단에 메울 수 없는 간극이 있어 각자의 길을 갔다"
F868,사실,35,2023-04-27,ch21,0,0,,0,1,,,,,,128,2,,concept:마더_웨일 person:네온 person:노아 org:카운터스,확정,ch21,,"카운터스와 에덴은 개조 대공포의 앵커 셋을 마더 웨일에 박아 끌어내리려 했지만 역분사와 랩쳐 투하에 막혔고, 3번 포대를 지키던 네온 · 노아가 앵커 와이어를 달려 올라가 안에서 추진 장치를 부숴 마더 웨일을 격추했다 — 카운터스가 코어를 확보했다"
F869,사실,35,2023-04-27,ch21,0,0,,0,1,,,,,,101,2,,concept:언체인드 person:세실 person:지휘관 person:요한,확정,ch21,,"세실은 마더 웨일의 코어와 지휘관의 피로 붉은 보석 같은 언체인드 탄환 두 발을 만들었다 — 합성에서 언체인드 성분이 전혀 줄지 않아 연구소 탄환의 10배를 넘는 농도로, 헬레틱에게는 결정타를 · 니케에게는 완전한 자유를 줄 수 있으리라 보았고, 너무 짙어 무슨 일이 생길지 모르니 피를 니케에게 뿌리지 말라고 했다 — 지휘관은 한 발을 요한에게 주었다"
F870,사실,35,2023-04-27,ch21,0,0,,0,0,,,,,,35,1,,person:지휘관 concept:언체인드 person:마리안,확정,ch21,,"지휘관은 [자기가] 찾은 언체인드를 [방주]에서 양산해 온전한 자기 힘으로 만들려 한다 — 헬레틱이 된 마리안을 지킬 힘이 지금은 없어, 되찾을 힘을 키워 반드시 다시 찾으러 가겠다는 것이다"
F871,사실,35,2023-04-27,ch21,1,0,35,0,1,,,,,,126,2,,person:파피용 person:도로시 place:에덴 place:방주,확정,ch21,,"파피용은 에덴에 남았다 — 라피는 파피용이 에덴의 비밀을 지키기 위한 인질이고 도로시가 방주의 정보를 원한다고 보았지만, 실은 도로시가 파피용에게 자기를 귀빈으로 방주에 데려가 달라고 하며 그 대가로 필그림 하나를 데려온 공적과, 방주에게는 에덴의 모든 것을 주겠다고 거래하고 있었다"
F872,사실,35,2023-04-27,ch21,0,0,,0,1,,,,,,125,2,,place:방주 concept:랩쳐 person:폴리 person:미란다,확정,ch21,,"카운터스가 전초기지로 돌아오자 방주와 모든 연락이 끊겨 있었고, 방어전 승리 기념 행사로 사람들이 빠진 방주 거리에 하늘을 무너뜨리며 랩쳐가 나타났다 — 폴리가 방주에 랩쳐 습격을 알렸다"
F873,사실,35,2023-04-27,sub:에덴_Notice_00,0,0,,0,0,,,,,,35,1,,person:세실 place:에덴 concept:퍼펙트,확정,sub:에덴_Notice_00,,"세실은 에덴 정원에 심을 식물 샘플로 유전자 조합을 해, 황무지 한가운데에 있는 에덴에서 종의 다양성을 지킬 작물을 계속 개발한다 — 그 덕에 에덴은 퍼펙트를 주식으로 삼지 않아도 된다"
F874,사실,35,2023-04-27,sub:에덴_Notice_00,0,0,,0,0,,,,,,35,1,,person:이사벨 person:지휘관,확정,sub:에덴_Notice_00,,"이사벨은 전에 북부의 설원 위를 날다 니케들과 야영하는 지휘관을 처음 보고 다정한 사람이라 여겨, 자기도 그렇게 대해 주면 어떨지 상상했다고 한다 — 에덴과 지휘관이 언체인드를 두고 다투지 않았다면 더 일찍 마음을 전했을 거라 했다"
F875,사실,35,2023-04-27,sub:에덴_Notice_01,0,0,,0,0,,,,,,35,1,,place:에덴 person:세실 concept:랩쳐,확정,sub:에덴_Notice_01,,"에덴을 감춘 광학미채는 물리적인 벽이 아닌 장막이라 아주 드물게 랩쳐가 우연히 넘어오기도 해 누군가 직접 나가 처리한다 — 세실에 따르면 에덴 수십 km 안에 터렛 · 전자전 장비 · 데코이 · 트랩과 이를 유기적으로 묶는 관리 장치가 깔려 있고, 1시간 안에 랩쳐를 만날 확률이 100%인 지상에서 하루라도 버티려면 그만한 노력이 든다"
F876,사실,35,2023-04-27,sub:에덴_Notice_01,0,0,,0,0,,,,,,35,1,J29,person:이사벨 person:지휘관 place:에덴,확정,sub:에덴_Notice_01,,"이사벨이 매일 밤 글을 적는 낡은 엽서는 에덴에 머물던 지휘관이 건넨 것이다 — 이사벨의 집요한 애정 표현에 지휘관이 마음은 얼굴을 보고 말하거나 소중한 이에게 엽서로 전하는 것이라며 작은 사진 엽서를 주었고, 이사벨은 이런 것은 처음이라며 받았다"
F877,사실,35,2023-04-27,sub:에덴_Notice_02,0,0,,0,0,,,,,,35,1,,place:에덴 person:요한 person:지휘관,확정,sub:에덴_Notice_02,,"요한에 따르면 에덴은 단순한 거주 시설이 아니라 '미끼이자 창'이어서, 때가 오면 미끼를 던지고 창을 쏠 것이다 — 에덴 지하에는 그때를 위한 비상용 거대 발전기가 숨겨져 있고, 요한은 최악의 경우를 상정해 지휘관과 카운터스에게 그곳을 보여 주고 고치게 했다"
F878,사실,35,2023-04-27,sub:에덴_Notice_02,0,0,,0,0,,,,,,35,1,,person:요한,확정,sub:에덴_Notice_02,,이사벨에 따르면 요한은 목 위 부분만 아직 인간이다
F879,사실,35,2023-04-27,relic:특이랩쳐보고서-전,0,0,,0,0,,,,,,35,1,,concept:랩쳐,확정,,,"지상 교전지에 홀로 남은 이의 기록에 따르면, 동력이 다해 가던 낡은 1세대 랩쳐가 죽은 이들의 머리 냄새를 맡다 쓰러졌다가 다가온 야생동물을 먹고 다시 일어났다 — 기록자는 랩쳐가 무언가를 먹는다는 얘기는 들은 적이 없다고 적었다"
F880,사실,35,2023-04-27,relic:특이랩쳐보고서-후,0,0,,0,0,,,,,,35,1,,concept:랩쳐,확정,,,"기록의 뒷장에 따르면 야생동물을 먹고 일어난 1세대 랩쳐는 — 기록자가 환각이라 여긴 지휘관과 니케 스쿼드가 다가오는 사이 — 다시 무언가를 먹고, 웃으며 몸에 뭔가가 돋아나 모습이 바뀌었고, 기록자도 먹혔다"
F881,사실,36,2023-04-27,ch22,0,0,,0,1,,,,,,126,2,,place:방주 concept:이터널_스카이 concept:로드_급 person:폴리,확정,ch22,,폴리에 따르면 방어전 승리 행사 날 방주 하늘(이터널 스카이)에 갑자기 구멍이 나 랩쳐가 쏟아져 내려왔고 로드 급으로 보이는 것도 내려왔다 — 방주 시내의 건물과 길이 많이 부서졌지만 비상 전력은 돌아가고 있었다
F882,사실,36,2023-04-27,ch22,1,0,36,0,0,,,,,,36,1,,person:에닉 place:쉘터 concept:니케,확정,ch22,,"에닉은 상황 발생 10분 전 계산을 끝내고 인근의 모든 인간을 긴급 피난 명령으로 쉘터에 피난시켜 사망자 · 부상자가 0명이었지만, 니케에게는 알리지 않았다 — 니케의 존재 의의는 침략한 랩쳐와 싸우는 것이고, 인간 개개인의 동선 · 심리와 쉘터를 실시간으로 돌보는 것이 한계였다는 것이다"
F883,사실,36,2023-04-27,ch22,0,0,,0,0,,,,,,36,1,,place:코인_러시 org:777 person:머스탱,확정,ch22,,"777 스쿼드가 운용하는 게임 센터 코인 러시는 방주에서 가장 많은 돈을 버는 곳 가운데 하나로, 머스탱의 숙원인 엔터테인먼트 테마 파크다"
F884,사실,36,2023-04-27,ch22,2,0,36,0,0,,,,,,36,1,,person:로산나 person:사쿠라 org:언더월드_퀸 org:엔터_헤븐 place:코인_러시 place:아우터_림,확정,ch22,,"로산나가 코인 러시에 보호비(순수익 60%→40%)를 요구하며 사람을 시켜 행패를 부리고 사쿠라가 30%로 끼어든 것은, 엔터 헤븐이 테러 자금을 위해 코인 러시를 턴다는 첩보를 받은 두 사람의 연기였다 — 777이 신고하면 중앙 정부가 아우터 림을 헤집어 희생이 커지므로 뒷세계의 돈 욕심으로 보여야 했다"
F885,사실,36,2023-04-27,ch22,0,0,,0,0,,,,,,36,1,,person:E.H. place:코인_러시 place:블랙넷 concept:에블라_입자,확정,ch22,,"E.H.는 에블라 채프를 섞은 연막탄으로 코인 러시를 덮고 홀로 가장 비싼 경품인 쥬얼 목걸이를 훔쳤다 — 사쿠라는 니케를 의식한 작전으로 보았고, 로산나는 블랙넷의 쥬얼 거래량이 많아 추적이 거의 불가능하다고 했다"
F886,사실,36,2023-04-27,ch22,1,1,20,0,0,,,,,,36,2,,person:바이퍼 org:이그조틱 org:언더월드_퀸 org:엔터_헤븐 person:로산나,확정,ch22,,"로산나 · 사쿠라에게 엔터 헤븐이 코인 러시를 턴다는 거짓 정보를 준 것은 바이퍼의 문자였고, 엔터 헤븐에게 코인 러시의 경품 정보를 주고 털라고 부추긴 것도 바이퍼였다 — 로산나는 이그조틱이 언더월드 퀸을 미끼로 써서, 중앙 정부가 소동을 보호비 다툼으로 먼저 의심해 엔터 헤븐이 용의선상에서 빠지게 했다고 보았다"
F887,사실,36,2023-04-27,ch22,0,0,,0,0,,,,,,36,1,,person:도라 person:사쿠라 place:블랙넷 org:엔터_헤븐,확정,ch22,,"도라에 따르면 얼마 전 블랙넷에서 니케용 신식 소총 200정과 탄환, 그리고 같은 시점에 굴착용 거대 폭탄(방주도 전초기지 공사도 끝나 쓸 데 없고 랩쳐용으로도 못 쓰는 물건)이 팔렸고 엔터 헤븐이 산 것으로 보인다 — 사쿠라는 9할 넘는 니케가 인간에게 주먹도 휘두를 수 없으니 이 무기들은 공격이 목적이 아니라고 보았다"
F888,사실,36,2023-04-27,ch22,0,0,,0,0,,,,,,36,1,,place:아우터_림 place:방주 person:진,확정,ch22,,"진에 따르면 아우터 림에도 지상으로 가는 엘리베이터가 있어 몇몇은 살아 있고, 아우터 림 사람들은 그것으로 지상에 올라가 방주와 이어진 엘리베이터(방주에는 수천 개)를 타고 방주로 올 수 있다 — 방주에서 아무것도 못 받아 지상으로 눈을 돌린 아우터 림에는 랩쳐를 피해 다니는 노하우가 넘친다"
F889,사실,36,2023-04-27,ch22,1,0,36,0,1,,,,,,115,2,,person:E.H. place:아우터_림 org:중앙_정부 org:메티스,확정,ch22,,"E.H.는 방주 머리 위 랩쳐를 메티스가 물리치는 동안 아우터 림 사람들이 전혀 고려되지 않은 것에 공포를 느껴, 중앙 정부 부사령관 한 명을 만나 모든 활동을 멈출 테니 아우터 림에도 니케를 배치해 달라고 빌었다 — 부사령관은 '너희는 사람이 아니다 … 방벽은 열어 둬라, 쓰레기는 버려야 하니까'라며 그를 죽이려 했다"
F890,사실,36,2023-04-27,ch22,1,0,36,0,0,,,,,,36,1,,person:E.H. org:엔터_헤븐 place:아우터_림 person:로산나,확정,ch22,,"E.H.가 산 니케용 소총은 아우터 림이 스스로를 지킬 무기이고, 굴착용 폭탄은 위치는 좋지만 막혀 있는 엘리베이터를 뚫어 아우터 림만의 엘리베이터를 확보하려는 것이었다 — 로산나는 신식 무기를 든 순간 엔터 헤븐이 중앙 정부의 완벽한 적이 되고 아우터 림이 피바다가 된다며 막으려 했다"
F891,사실,36,2023-04-27,ch22,0,0,,0,1,,,,,,140,2,,person:도반 person:E.H. person:바이퍼 org:언더월드_퀸 concept:양산형_니케,확정,ch22,,"중앙 정부 부사령관 도반은 리미트를 푼 양산형 니케들을 데리고 엘리베이터 허브 J-910에 직접 나타나 E.H.를 쏘게 했고, 언더월드 퀸이 자기 명령으로 시간을 끌었다고 (녹화용으로) 말했다 — J-910은 아우터 림에도 못 보낼 위험 폐기물을 지상으로 보내는 엘리베이터로, E.H.는 이곳을 아는 다섯 가운데 바이퍼가 도반에게 알렸다고 보았다"
F892,사실,36,2023-04-27,ch22,0,0,,0,1,,,,,,44,2,,person:도반 person:사쿠라 org:익스터너 person:잉그리드 person:E.H. person:로산나,확정,ch22,,"사쿠라가 E.H.를 겨눈 양산형 니케의 총을 쏘아 부수자 도반은 언더월드 퀸을 반역자로 몰며 잉그리드에게 익스터너를 보내라고 했다 — E.H.는 '결국 완성했구나, 잉그리드'라 했고, 로산나는 익스터너를 니케의 [사신]이라는 소문으로 알았다"
F893,사실,36,2023-04-27,ch22,0,0,,1,1,,,,,,140,3,,person:E.H. person:도반 person:자칼 person:로산나,확정,ch22,,"E.H.는 몸에 두른 폭탄으로 도반을 물리고 엘리베이터에 탔고, 도반이 걸어 둔 쇠사슬 락이 끊겨 엘리베이터가 지상으로 올라갔다 — 끊긴 쇠사슬을 본 로산나는 자칼의 짓으로 보았다"
F894,사실,36,2023-04-27,ch22,1,0,36,0,0,,,,,,36,1,J21,person:E.H. person:JohnD person:에닉 concept:콜링_시그널 concept:로드_급 place:방주,확정,ch22,,"지상에 오른 E.H. 앞에서 굴착용 폭탄의 화면에 [JohnD]가 뜨고 폭탄이 터졌다 — 에닉에 따르면 폭발이 방주와 지상을 잇는 통로를 만들었고, 전에 방주 머리 위로 [불려왔던] 랩쳐 잔존 세력과 인근 랩쳐가 몰려든 가운데 로드 급이 콜링 시그널을 일으켜 다수의 랩쳐가 방주로 내려왔다"
F895,사실,36,2023-04-27,ch22,0,0,,0,0,,,,,,36,1,,person:에닉,확정,ch22,,"에닉은 방주의 모든 일을 기록하지만 개개인의 행동이 합쳐져 이런 결과가 될 줄 예측하지 못해 놓쳤다며, 마음을 이해하지 못한 탓일 것이라 했다"
F896,사실,36,2023-04-27,ch22,0,0,,0,0,,,,,,36,1,,person:에닉 org:마이티_툴즈 org:앱솔루트 org:메티스 place:방주,확정,ch22,,"에닉은 방주 안에 자율형 무장을 두고 어디서든 보급할 수 있게 해 두었고 늘 최악을 상정한다 — 마이티 툴즈가 구멍을 보수하고 앱솔루트 · 메티스가 추가 침입을 막는 가운데 니케 52기 소파 · 114기 중파, 대파 · 사망 0이며, 6시간 뒤 상황이 정리되고 34일 뒤 모든 피해가 복구된다고 했다"
F897,사실,36,2023-04-27,ch22,0,0,,0,2,,,,,,128,3,,person:니힐리스타 person:토커티브 person:인디빌리아 concept:마테리얼_H concept:언체인드,확정,ch22,,"니힐리스타는 지상의 큰 폭발과 뚫린 구멍을 보고 방주에 들어왔고, 방주에 토커티브와 인디빌리아가 있다고 느끼며 '소중한 동료들'을 받아 가겠다고 했다 — 라피에 따르면 인디빌리아는 마테리얼 H의 원형이 되는 이름이고, 니힐리스타는 지난번 맞은 언체인드의 [독]을 빼내느라 고생했다고 했다"
F898,사실,36,2023-04-27,ch22,0,0,,0,1,,,,,,138,2,,person:도로시 person:니힐리스타 org:필그림 place:방주,확정,ch22,,브레스로 에닉의 방 일대를 태우던 니힐리스타를 초고속으로 날아든 도로시가 섬광으로 꿰뚫어 방주의 어둠으로 떨어뜨렸다 — 도로시는 백색의 빛 속에서 방주 전체에 '지상을 떠도는 필그림 도로시가 방주를 구하러 지상에서 돌아왔다'고 알렸다
F899,사실,36,2023-04-27,sub:문구점_00,0,0,,0,0,,,,,,36,1,,place:방주 person:키티 person:문구점,확정,sub:문구점_00,,"문구점이 담당자에게 들은 바로는, 방주가 처음 세워질 때 다른 방주 후보지가 많았지만 모두 폐기 · 개발 중단되었고, 그곳에서 자재를 나르던 로봇들이 방주에 들어와 배달 일을 하게 되었다 — 배달 로봇 키티도 그런 공사판 출신이다"
F900,사실,43,2023-07-20,sub:중앙정부_트라이앵글_00,0,0,,0,0,,,,,,43,1,,org:트라이앵글 person:프리바티 person:율하 person:애드미 org:중앙_정부,확정,sub:중앙정부_트라이앵글_00,,"중앙 정부 소속 방주 방위군인 트라이앵글은 지상에 나가거나 특별한 임무가 아니면 평상시 비전투용 바디로 지내 전투 능력이 크게 떨어지고, CH.22 습격이 너무 갑작스러워 전투용 바디로 바꾸지 못해 카운터스에게 정식으로 지원을 요청했다"
F901,사실,43,2023-07-20,sub:중앙정부_트라이앵글_00,0,0,,0,0,,,,,,43,1,,place:쉘터 concept:인식_칩 place:아우터_림 org:트라이앵글,확정,sub:중앙정부_트라이앵글_00,,"방주의 쉘터는 긴급 상황을 상정해 임시 거주 공간과 식수 · 식량을 갖추고 인식 칩조차 확인하지 않아, 관리가 허술한 미사용 쉘터를 집으로 삼는 비시민이 가끔 있다 — 17호 쉘터에서 찾은 이는 방주에 유행하는 부동산 사기로 재산과 인식 칩까지 팔고 2주쯤 숨어 있었고, 인식 칩이 없으면 아우터 림으로 추방된다"
F902,사실,36,2023-04-27,sub:2호_쉘터_관리계정_00,0,0,,0,0,,,,,,36,1,J32,person:데이파라 place:쉘터 org:구원의_성화,확정,sub:2호_쉘터_관리계정_00,,"2호 쉘터에서 사라졌다가 카운터스에게 끌려 돌아온 사이비 교도는 데이파라의 엄마였다 — 그녀는 인간이 이치를 거슬러 새로운 인간을 만들어 하늘에서 차가운 심판자들이 내려왔다며 종말을 기도했고, 자기는 신의 심판자들께 많은 제물을 바쳐 와 종말의 날에도 구원받는다고 했다"
F903,사실,36,2023-04-27,sub:2호_쉘터_관리계정_00,0,0,,0,0,,,,,,36,1,,place:쉘터,확정,sub:2호_쉘터_관리계정_00,,"2호 쉘터 관리자 소피아에 따르면 CH.22 침공의 부상자 · 사망자 0이라는 수치에 다들 집착해, 쉘터 실종자 하나도 크게 다뤄져 관리자가 위에서 추궁받을 일이었다"
F904,사실,36,2023-04-27,sub:할아범_01,0,0,,0,0,,,,,,36,1,,place:방주 person:할아범,확정,sub:할아범_01,,"아니스에 따르면 방주는 사람 살 곳이 없을 만큼 비좁아 죽은 사람도 마찬가지라, 대부분 시신을 안치할 곳을 못 찾고 화장한 유골을 개인적으로 보관한다 — 할아범의 손자는 오래 기다려 넓고 깨끗한 납골당에 자리를 얻었다"
F905,사실,36,2023-04-27,sub:할아범_01,0,0,,0,0,,,,,,36,1,,place:방주 org:중앙_정부 person:할아범,확정,sub:할아범_01,,"침공 때 흔들려 쏟아진 방주 납골당의 유골함 여러 개에 든 것은 뼛가루답지 않게 질감이 매끄럽고 단단하며 입자가 곱지 않은 길쭉한 형태였다 — 화장은 중앙 정부 소관이라 유족은 특별한 일이 없으면 지켜볼 수 없고, 할아범의 손자는 유골함이 이상하리만치 가벼웠다고 했다"
F906,사실,36,2023-04-27,relic:에닉탄핵포스터,0,0,,0,0,,,,,,36,1,,person:에닉 concept:퍼펙트 org:중앙_정부,확정,,,"방주에는 에닉 탄핵을 외치는 포스터가 있다 — 포스터에 따르면 에닉은 방주의 날씨 관리 · 판결 · 퍼펙트 생산 · 통신 유지 보수 · 도시 기초 설계 · 인프라 유지 보수 등 수많은 일을 도맡고, 중앙 정부의 명령을 따르며, 과거 사례만 보고 판결한다"
F907,사실,36,2023-04-27,event_overzone,0,0,,0,0,,,,,,36,1,J6,person:릴리스 person:릴리바이스 org:갓데스 person:도로시,확정,event_overzone,,"갓데스 스쿼드의 리더 릴리바이스 소령(릴리스)은 1차 침공 끝 무렵, 방주 밀봉 전에 죽었다 — 도로시가 리더 대행을 맡았고, 릴리스는 방주 입구 임시 초소 근처에 홍련이 매끈한 돌을 잘라 만든 석관 안에 잠든 듯 평온하게 누워 있다"
F908,사실,36,2023-04-27,event_overzone,0,0,,1,1,,,,,,134,3,,person:릴리바이스 org:갓데스,확정,erelic:red_ash_lost,앞당김,"릴리바이스는 자기 생명 신호가 꺼지면 동생들(갓데스)에게 자동으로 가는 유언 영상을 남겼다 — 지휘관을 만나 인류를 위해 싸웠고 동료와 가족을 떠나보냈다며, 인류를 지키고 세상을 구한 것에 자부심을 가지라 하고, 세상을 부탁하며 살아남아 달라고 했다"
F909,사실,36,2023-04-27,event_overzone,0,0,,1,2,,,,,,142,4,J6,incident:아크_가디언_작전 org:갓데스 place:방주 concept:양산형_니케,확정,event_overzone,,"아크 가디언은 지상의 주요 인력이 거대 지하 도시 방주로 이주하는 것을 보호 · 가이드하는 작전으로 달성률 72%로 끝났고, 도로시는 지상에 남은 인류가 공식적으로 없다고 보고했다 — 갓데스와 양산형 니케들은 두 달 뒤 방주가 완전히 닫혀 밀봉될 때까지 입구의 임시 초소를 지켰다"
F910,사실,36,2023-04-27,event_overzone,0,0,,0,0,,,,,,36,1,,person:도로시 org:갓데스 place:방주,확정,event_overzone,,"도로시는 밀봉 뒤 갓데스를 방주로 데려가 승리의 여신으로 대우해 달라고 거듭 약속을 청했지만 방주는 오래 답하지 않았고, 도로시는 보급과 인원이 줄어드는 위기에도 지원이 필요 없다고 보고하기도 했다"
F911,사실,36,2023-04-27,event_overzone,0,0,,0,0,,,,,,36,1,,place:방주 person:도로시,확정,event_overzone,,"방주에는 엄선된 인재만 들어갈 수 있었고 그 수는 인류 전체에 비해 극소수였다 — 들어가지 못한 사람들은 방주 입구에 캠프를 차리고 결원을 기다렸지만 빈자리는 다른 후보가 채웠고, 갈 곳 없던 그들은 그곳에서 죽었다"
F912,사실,36,2023-04-27,event_overzone,0,0,,0,0,,,,,,36,1,,concept:양산형_니케 org:갓데스 concept:사고_전환 person:피나,확정,event_overzone,,"피나에 따르면 양산형 니케는 대부분 인간 시절 기억이 없고 갓데스는 그대로 남아 있다 — 또 도로시에 따르면 프로토타입인 갓데스와 달리 양산형은 코어 동력만으로 먹지 않아도 되지만, 먹지 않아도 된다는 것을 당연하게 여기는 순간 사고 전환이 온다"
F913,사실,36,2023-04-27,event_overzone,0,0,,0,0,,,,,,36,1,,concept:니케 person:라푼젤 person:도로시,확정,event_overzone,,"도로시에 따르면 니케는 인간일 때의 이상향에 따라 외형과 능력이 정해진다고 한다 — 라푼젤은 '최대한 멀쩡히 집으로 돌아가고 싶다'여서 머리카락 한 가닥 한 가닥이 소형 재밍 장치가 되었고, 도로시는 랩쳐가 지상을 유린하는 광경 앞에서 그저 살아남고 싶었다"
F914,사실,36,2023-04-27,event_overzone,1,1,17,1,0,,,,,,133,3,,person:스노우_화이트 concept:사고_전환,확정,event_overzone,,"갓데스 시절 스노우 화이트는 사고 전환을 겪어 말투와 성격이 바뀌었다 — 홍련은 이렇게 효율적인 사고 전환은 처음 본다 했고, 도로시는 그녀를 그녀로 있게 하는 것은 바뀌지 않았다고 했다"
F915,사실,36,2023-04-27,event_overzone,1,0,36,1,0,,,,,,59,2,,person:홍련,확정,event_overzone,,"홍련은 니케가 되기 전(또는 갓데스를 만나기 전) 언니와 검 한 자루로 랩쳐와 싸웠고, 언니가 죽으며 검 화무십일홍만 남겼다 — 도로시는 그 검을 침식된 니케를 보내는 데 쓰지 말라며 언니가 바라지 않을 것이라 했다"
F916,사실,36,2023-04-27,event_overzone,0,0,,0,1,,,,,,96,2,,person:홍련 concept:랩쳐 person:퀸,확정,event_overzone,,"홍련에 따르면 랩쳐와 싸운 지 5년쯤 되는 동안 니케와 랩쳐는 서로를 죽이려 진화했고 랩쳐는 총기를 쓰는 니케에 맞춰 진화했다 — 하나뿐인 검을 쓰는 니케에 맞춰 진화하는 것은 비효율적이라 홍련만 앞서 나가 강하며, 언젠가 그 검으로 퀸의 목을 베겠다고 한다"
F917,사실,36,2023-04-27,event_overzone,0,0,,0,1,,,,,,118,2,,person:홍련 person:도로시,확정,event_overzone,,"홍련이 쓸데없다며 흩뿌린 씨앗이 황무지에서 싹을 틔우자, 홍련은 지상이 망가졌어도 죽지 않았음을 깨닫고 죽이는 것이 아니라 살리는 일로 농사(끝은 술)를 해 보고 싶다 했고, 도로시의 제안으로 임시 초소에 텃밭을 시작했다"
F918,사실,36,2023-04-27,event_overzone,1,0,36,0,0,,,,,,36,1,,person:라푼젤,확정,event_overzone,,"라푼젤이 기도를 올리던 무덤들에서 황금색 입자가 솟아 라푼젤의 로사리오로 들어가 먼저 떠난 이들의 기억이 흘러들어왔다 — 라푼젤은 그것을 영혼이나 다른 무언가라 하고, 죽은 이들의 고향을 찾아 주는 것을 자기 할 일로 정했다"
F919,사실,36,2023-04-27,event_overzone,0,0,,0,0,,,,,,36,1,,place:방주 org:중앙_정부 concept:에블라_입자 org:갓데스 person:오스왈드,확정,event_overzone,,"방주(중앙 정부 밀봉 프로젝트 총책임자)는 밀봉이 지상의 문제로 멈췄다며 갓데스에게 셋을 부탁했다 — 랩쳐의 교신을 방해하려 인류가 지은 에블라 입자 발생 장치가 너무 강해 방주까지 영향을 주니 파괴하고, 밀봉 좌표 근처의 대규모 랩쳐 부대를 섬멸하고, 랩쳐가 쓸 수 있는 방주 직통 물자 운반용 대형 엘리베이터를 파괴해 달라는 것이었다"
F920,사실,36,2023-04-27,event_overzone,2,0,36,0,2,,,,,,91,3,,person:오스왈드 org:갓데스 place:방주 org:중앙_정부,확정,event_overzone,,"밀봉이 끝나자 총책임자 오스왈드는 처음부터 갓데스를 들여보낼 생각이 없었고 이는 모두의 선택이라 밝히고 통신을 끊었다 — 3세대 바디 개발이 막바지라 갓데스의 데이터도 곧 구식이 된다 했고, 대신 방주에 초대형 승리의 여신상을 세우고 갓데스를 신격화한 서적 · 광고를 퍼뜨리겠다고 했다"
F921,사실,36,2023-04-27,event_overzone,0,0,,0,0,,,,,,36,1,,person:도로시 person:오스왈드,확정,event_overzone,,"도로시는 방주에 배신당하자 오스왈드에게, 가능하면 그를 · 안 되면 그 가족과 후손을 세상에서 가장 고통스럽게 죽이겠다고 약속했다"
F922,사실,36,2023-04-27,event_overzone,0,0,,0,0,,,,,,36,1,,concept:퍼펙트 person:오스왈드,확정,event_overzone,,"방주 밀봉 직전 오스왈드에 따르면 퍼펙트는 방주에서 주식으로 쓸 회반죽 같은 음식으로, 맛은 끔찍하지만 이론상 완벽한 식품이라 그것만 먹어도 장수할 수 있다"
F923,사실,36,2023-04-27,event_overzone,0,0,,0,0,,,,,,36,1,,org:갓데스 person:도로시 person:스노우_화이트 person:라푼젤 person:홍련 person:퀸,확정,event_overzone,,"방주에 버려진 갓데스는 방주에 복수할 수 없다며 랩쳐가 입구로 몰리지 않도록 떠나, 랩쳐의 수장 퀸을 잡는다는 목적으로 흩어졌다 — 연락은 봉화, 라푼젤의 제안으로 한 달에 한 번 정해진 좌표에서 만나기로 했고, 도로시는 서두르지 말고 자신과 자부심을 잃지 말라고 당부했다"
F924,사실,36,2023-04-27,event_overzone,0,0,,0,1,,,,,,144,2,,person:피나 person:도로시 concept:침식,확정,event_overzone,,"양산형 니케 피나는 도로시의 뒤를 지키려 혼자서 거대한 침식 유발 랩쳐를 잡았지만 침식되었고, 죽여 달라는 부탁에 도로시가 직접 쏘아 보냈다 — 도로시는 그 뒤 탄창이 빈 총의 방아쇠를 계속 당겼다"
F925,사실,36,2023-04-27,event_overzone,3,0,36,0,2,,,,,,116,3,,person:도로시 person:피나 person:스노우_화이트,확정,event_overzone,,"피나를 잃은 도로시는 피나가 곁에 있다고 믿고 환각 속 피나와 대화하며 지냈다 — 스노우 화이트 · 라푼젤 · 홍련은 이를 알고도 도로시를 버티게 하니 그대로 두었고, 방주에 버려진 뒤 도로시는 환각 피나와 '우리 낙원'인 임시 초소에 남았다가 피나가 사라지자 떠났다"
F926,사실,36,2023-04-27,event_overzone,1,0,36,0,1,,,,,,116,2,,person:도로시 place:방주,확정,event_overzone,,"도로시는 평생 낙원만을 목적으로 살았다 — 임시 초소를 떠나 방주 환영 간판([인류 최후의 낙원. 방주는 여러분을 환영합니다.]) 앞에 선 그녀는 방주를 '우리가 만들어낸, 원래 우리 것이던 낙원'이라며 반드시 빼앗겠다고 했다"
F927,사실,36,2023-04-27,event_overzone,0,0,,0,0,,,,,,36,1,,person:도로시 org:필그림 place:방주 concept:양산형_니케,확정,event_overzone,,"방주 밀봉 50년쯤 뒤 도로시는 방주에서 '소문의 필그림'으로 불리며, 구해 준 양산형 니케 같은 이들에게서 방주 소식을 모았다 — 그에 따르면 방주는 관리 A.I.가 너무 위험하다 판단해 방주의 두뇌들을 포섭하며 비밀리에 그 카운터를 준비하고 있었고, 도로시는 방주 최고의 두뇌를 지상으로 끌어올릴 방법을 궁리했다"
F928,사실,36,2023-04-27,event_overzone,0,0,,0,2,,,,,,126,3,J7,person:도로시 person:스노우_화이트 org:갓데스 place:방주,확정,event_overzone,,"도로시는 스노우 화이트에게 방주가 갓데스를 배신했으니 방주가 자기를 찾고 원하게 만들어 빼앗겠다며, 그것을 위해 원래 우리 것인 방주의 모든 것을 이용하겠다고 했다 — 스노우 화이트는 도로시가 없으면 갓데스가 아니라서 갓데스라는 이름을 쓰지 않는다며 돌아오기를 기다리겠다 했고, 도로시는 이미 선을 넘었다고 했다"
F929,사실,36,2023-04-27,erelic:white_memory,0,0,,0,0,,,,,,36,1,,person:스노우_화이트 person:릴리스,확정,erelic:white_memory,,"스노우 화이트는 옛일을 잊어 릴리스의 얼굴도 이름도 떠올리지 못해 그녀의 죽음을 인정하지 못했다 — 환각 버섯을 먹어도 그 얼굴은 희뿌옇게만 보였고, 관 앞으로 가는 한 걸음을 떼지 못했다"
F930,사실,36,2023-04-27,erelic:white_memory,0,0,,1,0,,,,,,134,2,,person:스노우_화이트 person:릴리스,확정,erelic:white_memory,,갓데스는 땅에 [추억의 캡슐]을 묻어 두었고 그 안에 쪽지 7개가 있었다 — 릴리스의 쪽지는 '우리가 인류를 구원할 수 있기를'이다
F931,사실,36,2023-04-27,erelic:white_memory,0,0,,0,0,,,,,,36,1,,person:스노우_화이트 person:라푼젤 person:릴리스,확정,erelic:white_memory,,"라푼젤은 죽음이 아니라 잊히는 것이 진정한 끝이며 헤어짐은 얼굴을 보고 진심으로 [안녕]이라 말하는 것이라 알려 주었고, 스노우 화이트는 초원 끝 큰 나무에 둘러싸인 릴리스의 관에 릴리바이스 꽃을 올리고 [안녕]을 고했다"
F932,사실,36,2023-04-27,erelic:white_memory,0,0,,0,2,,,,,,55,3,,person:스노우_화이트 person:릴리스,확정,erelic:white_memory,,스노우 화이트는 릴리스의 관 근처에서 '그'의 이름이 새겨진 [군번줄]을 주워 릴리스에게 가져다주었다 — 그가 릴리스를 사랑한 만큼 릴리스도 그를 사랑했다는 것을 기억해 냈기 때문이다
F933,사실,36,2023-04-27,erelic:white_memory,0,0,,0,1,,,,,,134,2,,person:릴리스 person:스노우_화이트 concept:랩쳐,확정,erelic:white_memory,,어느 날 릴리스의 관이 산산이 부서지고 머리가 사라져 몸통만 남아 있었다 — 스노우 화이트는 흰 꽃 위의 검은 자욱을 보고 랩쳐가 머리를 가져갔다고 여겼다
F934,사실,36,2023-04-27,erelic:white_memory,0,0,,0,0,,,,,,36,1,,person:스노우_화이트 person:릴리스 concept:랩쳐,확정,erelic:white_memory,,릴리스의 머리가 사라진 것을 본 스노우 화이트는 지상의 모든 랩쳐를 섬멸하고 언니의 머리를 찾아 그녀의 소원(인류 구원)을 이루겠다며 나아갔다
F935,사실,36,2023-04-27,erelic:white_memory,0,0,,0,0,,,,,,36,1,,person:라푼젤 person:레드_후드,확정,erelic:white_memory,,갓데스 시절 레드 후드는 도색 잡지로 라푼젤을 부끄럽게 하며 놀렸다 — 레드 후드가 떠난 뒤 라푼젤은 더는 부끄러워하지 않게 되었고 그 부끄러움마저 그립다고 했다
F936,사실,36,2023-04-27,char:233,0,0,,0,0,,,,,,36,1,,person:도로시 person:노아 org:인헤르트 org:갓데스 place:에덴,확정,char:233,,"노아에 따르면 인헤르트의 도로시는 갓데스 출신으로 방주가 생길 때부터 살아온 니케이고 에덴을 만든 이라, 에덴의 모두가 웬만하면 도로시가 하자는 것을 따른다 — 노아는 갓데스 출신이 모두 불편하다고 한다"
F937,사실,36,2023-04-27,char:233,0,0,,0,1,,,,,,128,2,,person:도로시 person:노아,확정,char:233,,도로시는 오래전부터 [릴리바이스 꽃]을 찾아 왔고 그것이 있으면 덜 외로울 것 같다고 했다 — 노아가 사막의 붉은 전파탑 근처에서 봤다는 흰 꽃은 그 꽃이 아니었다
F938,사실,36,2023-04-27,char:233,0,0,,0,0,,,,,,36,1,,person:도로시 person:세실 place:에덴 concept:니케,확정,char:233,,"도로시는 인간을 싫어한다고 인정하고, 에덴의 일원이라도 인간인 세실은 니케의 동료가 될 수 없다고 한다 — 또 방주의 니케와 달리 에덴의 니케는 언제든 인간을 죽일 수 있고 지상의 긴 시간 동안 랩쳐만 죽인 것이 아니라며 지휘관에게 총을 겨누었다"
F939,사실,36,2023-04-27,char:233,0,0,,0,0,,,,,,36,1,,person:도로시 person:지휘관,확정,char:233,,도로시에게 지휘관은 그녀의 과거 [지휘관]을 닮아 함께 있으면 과거가 떠오르는 이상한 존재이자 에덴의 손님이고 이용하기 좋은 장기말이다 — 인간이 니케의 체질을 부러워하는 말을 듣고 '[그 사람]이나 할 법한 얘기'라 했다
F940,사실,36,2023-04-27,char:233,0,0,,0,0,,,,,,36,1,,incident:아크_가디언_작전 org:갓데스 person:라피 place:방주,확정,char:233,,"라피에 따르면 아크 가디언은 방주의 마지막 입구 앞에 방어선을 만들어 인류가 안착할 때까지 방주를 지킨 작전이고, 그 뒤 갓데스는 모두 흩어져 방주는 생사조차 모르게 되었다 — 당시 기록은 거의 남아 있지 않다"
F941,사실,36,2023-04-27,char:233,0,0,,0,0,,,,,,36,1,,person:도로시 org:갓데스,확정,char:233,,"도로시는 적합자로 선발되어 니케가 되었고, 처음 승리한 날 사람들의 감사와 환호를 받으며 인간의 나약함까지 사랑해 그들을 지키는 것을 삶의 원동력으로 삼았다 — 그렇기에 더 용서할 수 없다고 한다"
F942,사실,36,2023-04-27,char:233,0,0,,0,0,,,,,,36,1,,person:도로시 person:지휘관 person:피나 place:방주,확정,char:233,,"지휘관이 니케의 희생으로 살아남은 인간으로서 '방주를 만들어 줘서 고맙다'고 인사하자 도로시는 거짓말이라며 분노했지만, 작별 때 아직 애정이 남았음을 인정했다 — 그래도 피나에게 방주(잃어버린 낙원)에 닿을 때까지 멈추지 않겠다고 했다"
F943,사실,36,2023-04-27,char:392,0,0,,0,3,,,,,,141,4,,place:미미르_부속_고등학교 person:에테르 person:슈엔 person:라이 person:츠바이 person:아인 person:지휘관,확정,,,"미미르 부속 고등학교는 슈엔이 이사장이고 '미미르의 수석 연구원' 에테르가 커리큘럼을 짜는 니케 학교로, 수업에 전투 훈련 · 니케 스쿼드 운용 전략이 있고 학기마다 가상의 적을 막는 협동 평가를 본다 — 통합 P반에 3학년 라이 · 2학년 츠바이 · 1학년 아인이 있고, 지휘관이 1학기 협동 평가 전까지 임시 교사를 맡았다"
F944,사실,36,2023-04-27,char:392,0,0,,0,1,,,,,,149,2,,person:라이 person:나루_1호 person:나루_2호 person:나루_3호 person:지휘관,확정,,,"라이는 드론 나루 1 · 2 · 3호를 부려 EMP로 랩쳐를 멈춘 뒤 공격하는 니케로, 협동 평가에서 후배들 앞에서 모범을 보여 P반의 낙제를 막았고 지휘관이 좋아졌다며 임시 교사로 남아 달라고 했다"
F945,사실,37,2023-05-18,event_BunnyX777,0,0,,0,0,,,,,,37,1,,person:블랑 person:누아르 person:루주 place:코인_러시,확정,event_BunnyX777,,"코인 러시의 블랑 · 누아르는 '행운의 토끼 쌍둥이'로 불리는 코인 러시의 자랑으로 무대에서 공연하는 바니걸이고, 코인 러시에서 둘을 모두 보면 대박이 난다는 속설이 있다 — 게임 마스터 루주는 매일 동전을 던져 운세를 보고 뒷면이 나온 날엔 쌍둥이와 붙어 다닌다"
F946,사실,37,2023-05-18,event_BunnyX777,0,0,,0,1,,,,,,75,2,,place:코인_러시 person:머스탱 person:지휘관 person:루주,확정,event_BunnyX777,,매출이 뛰어 리뉴얼한 코인 러시의 이벤트 [Bunny X 777]에서 지휘관이 우승했다 — 결승 [Lucky 21] 머신을 개조 토끼 인형 리모컨으로 교란한 사기꾼(부품을 날마다 조금씩 반입해 코인 러시 안에서 조립)을 머스탱은 죗값을 치른 뒤 코인 러시의 전기 기술자로 고용하기로 했다
F947,사실,37,2023-05-18,char:270,1,0,37,0,2,,,,,,93,4,,person:블랑 person:지휘관 person:메어리 person:누아르,확정,char:270,,"블랑과 스킨십이 짙어질수록 지휘관의 운이 좋아졌고(캡슐 뽑기로 실험해 확인), 그렇게 행운을 나눈 날 블랑은 메어리에 따르면 스태미나가 남의 두 배로 낮아져 쓰러졌다 — 블랑은 코인 러시 손님들에게 행운을 나눌 때는 이런 일이 없었다며 반쪽인 누아르가 곁에 없어서일지 모른다고 했다"
F948,사실,37,2023-05-18,char:270,0,0,,0,1,,,,,,75,2,,person:블랑 person:누아르 person:지휘관,확정,char:270,,"블랑은 쌍둥이 언니 누아르를 좋아하는 것도 싫어하는 것도 똑같은 자기 분신 · 반쪽이라 하고, 지휘관에게 좋아한다고 고백한 뒤 언니도 알아야 하니 나중에 다시 정식으로 고백하겠다고 했다"
F949,사실,38,2023-05-25,char:271,0,0,,0,1,,,,,,75,2,,person:누아르 person:지휘관 person:블랑,확정,char:271,,"누아르는 소심하고 부끄럼이 많아 누군가를 좋아해 본 적도 고백받은 적도 없었지만, 지휘관과 폴댄스 연습실에서 하루를 보내며 좋아하는 감정을 알게 되어 입을 맞추고 술 없이 고백해 서로 좋아함을 확인했다 — 블랑도 지휘관을 좋아하는 것을 눈치채고, 하나뿐인 쌍둥이니 곧 함께할 수 있으리라 여긴다"
F950,사실,39,2023-06-01,event_queensorder char:280,0,0,,0,1,,,,,,78,3,,person:로산나 org:헤도니아,확정,event_queensorder char:280,,"로산나가 인간 · 니케 생을 통틀어 처음으로 목을 맡긴 이는 헤도니아 전대 보스였는데, 그는 친자식은 아니지만 딸처럼 여기고 부리던 로산나의 목을 팔아 생을 연명하려 했고, 로산나는 니케가 되어 돌아와 그의 목을 찔렀다"
F951,사실,39,2023-06-01,event_queensorder,0,0,,0,0,,,,,,39,1,,person:로산나 person:머스탱,확정,event_queensorder,,"로산나에 따르면 머스탱이 만든 그녀의 몸은 리미트가 느슨해 지휘관의 목숨을 위협하는 행동을 보면 제대로 쓸 수 있는 것 같고, 지휘관이 곁에 있으면 더 풀린다 — 로산나는 이를 실험해 보려고 지휘관을 붉은 덤불의 창고로 데려갔다"
F952,사실,39,2023-06-01,event_queensorder,0,0,,0,0,,,,,,39,1,,org:헤도니아 person:로산나 place:아우터_림 place:방주,확정,event_queensorder,,"아우터 림과 방주 뒷골목에 세력을 넓히던 갱단 [붉은 덤불]은 몇 년째 방주 재력가의 더러운 일을 해 받은 돈으로 폭탄을 사 모아, 방해할 [문지기] 로산나를 폭탄 테러로 쓰러뜨린 뒤 아우터 림과 방주를 가르는 방벽을 터뜨려 방주 시민처럼 빛 아래 살려 했다"
F953,사실,39,2023-06-01,event_queensorder,0,0,,1,0,,,,,,62,2,,org:언더월드_퀸 person:로산나 person:사쿠라 person:목단 org:세이메이카이 org:모란회 place:아우터_림 org:중앙_정부,확정,event_queensorder event_dirtybackyard,,"언더월드 퀸이 세운 [질서]는 방주의 뒷세계와 아우터 림을 관리하며 아우터 림이 무너지지 않도록 폭력을 써서라도 막는 것이다 — 로산나는 방벽이 터지면 중앙 정부가 정예 니케로 아우터 림을 토벌할 확실한 명분이 생겨 모두 죽는다며, 붉은 덤불을 치는 헤도니아의 보복을 사쿠라(세이메이카이) · 목단(모란회)의 동의로 질서에 맞는 일로 허락받았다"
F954,사실,39,2023-06-01,event_queensorder,1,0,39,0,0,,,,,,39,1,,org:헤도니아 person:로산나,확정,event_queensorder,,"붉은 덤불의 폭탄 테러로 현장의 민간인 소수와 그들을 지키려 뛰어든 헤도니아 패밀리 대다수가 죽고 콘실리에리 등 10여 명만 살아남았다 — 폭탄을 설치한 가게는 헤도니아 조직원이 운영하던 곳으로 그도 죽어 다섯 살 아이가 남았고, 로산나가 죽었다고 알려지자 갱단과의 화해를 주선하려던 조직원을 로산나는 배신자로 처형시켰다"
F955,사실,39,2023-06-01,event_queensorder,0,0,,0,0,,,,,,39,1,,person:로산나 org:헤도니아 place:아우터_림 place:방주,확정,event_queensorder,,"로산나는 붉은 덤불이 방벽에 깔아 둔 폭탄을 미리 무력화하고 '눈에는 눈, 피에는 피'라는 자신의 질서로 헤도니아의 벤데타를 벌여, 아우터 림부터 방주까지 엮인 것을 남김없이 끝냈다 — 붉은 덤불에 돈을 댄 방주의 재력가도 콘실리에리가 찾아가 쏘았다"
F956,사실,39,2023-06-01,event_queensorder,0,0,,0,0,,,,,,39,1,,person:잉그리드 person:머스탱 org:시지_패러리스 org:언더월드_퀸 person:엠마,확정,event_queensorder,,"잉그리드는 언더월드 퀸과의 일을 머스탱에게 전해 듣고 방주 뒷골목의 폭력 사태는 엘리시온이 정리하겠다고 했고, 시지 패러리스는 이를 [어쩔 수 없는 일]로 판단해 움직이지 않기로 했다 — 엠마가 잉그리드의 대리인으로 지휘관에게 전했다"
F957,사실,39,2023-06-01,event_queensorder,1,0,39,0,0,,,,,,39,1,,person:로산나 org:헤도니아 place:지상 place:아우터_림,확정,event_queensorder,,"로산나는 지상의 언덕에 헤도니아 패밀리의 묘지 수십 개를 혼자 만들었다 — 아우터 림에서만 자라 평생 빛 아래 살아 본 적 없는 이들이 죽어서라도 햇빛 아래 있게 하려는 것으로, 사적으로 지상 엘리베이터를 썼고 사쿠라 · 목단을 포함해 누구에게도 말하지 않았다가 지휘관에게만 보여 주었다"
F958,사실,39,2023-06-01,char:280,0,0,,0,0,,,,,,39,1,,person:로산나 org:헤도니아 person:지휘관,확정,char:280,,"헤도니아 전 보스의 셋째 아들 안토니는 테라스에서 떨어져 죽은 것으로 알려졌지만 떨어진 것은 대역이었고, '네가 나의 보스를 죽였으니 너의 보스를 죽이겠다'는 우편으로 로산나의 지휘관을 노려 총격 · 와이어 교살로 암살을 시도했다 — 로산나가 사흘 동안 지휘관실에서 지키는 사이 콘실리에리가 패거리를 정리했다"
F959,사실,39,2023-06-01,char:280,0,0,,0,0,,,,,,39,1,,org:언더월드_퀸 person:로산나 org:시지_패러리스 org:헤도니아,확정,char:280,,"로산나에 따르면 언더월드 퀸은 뒷세계를 관리하는 스쿼드라 시지 패러리스처럼 리미트가 아주 느슨해 사람을 죽일 수 있지만, 시원하게 쏠 수는 없고 패는 상대가 죽지 않게 처신해야 하는 무거운 핸디캡을 져서 로산나는 되도록 부하들 선에서 일을 끝낸다"
F960,사실,39,2023-06-01,char:280,0,0,,0,0,,,,,,39,1,,person:로산나 place:배드_드림 place:아우터_림,확정,char:280,,"로산나는 아우터 림의 환락가 배드 드림에서 그곳에서 일하던 여자와 무책임한 로열 남자 사이에 태어났다 — 모친은 죽었고 부친은 얼굴도 모르며, 지휘관에게 상류 사회에서 부친으로 보이는 이를 찾으면 알려 달라고 했다"
F961,사실,39,2023-06-01,char:280,0,0,,0,0,,,,,,39,1,,org:헤도니아 person:로산나 person:사쿠라 person:목단,확정,char:280,,"로산나에 따르면 헤도니아는 [폭력으로 폭력을 다스리는] 공리주의적 조직으로, 가령 시체를 무허가로 파는 조직을 족쳐 절반을 상납받고 그 돈으로 더는 시체가 생기지 않게 막는다 — 억지력을 중시하는 사쿠라 · 목단과 달리 로산나는 죽여야 할 놈은 그냥 죽이는 편이다"
F962,사실,39,2023-06-01,char:280,0,0,,0,0,,,,,,39,1,,person:로산나 person:지휘관 place:로열_로드,확정,char:280,,"로열 로드 식당에서 로산나가 애인이 되어 달라고 하자 지휘관은 받아들였지만, 30분도 지나지 않아 안토니의 잔당이 로산나의 구역에서 지휘관만 노려 왼쪽 어깨 · 오른 허벅지를 쏘았다 — 하루 반 만에 병원에서 깨어난 지휘관과 로산나는 병실에서 밤을 보냈다"
F963,사실,39,2023-06-01,char:280,0,0,,0,0,,,,,,39,1,,org:헤도니아 person:로산나 org:A.C.P.U. person:머스탱 org:언더월드_퀸,확정,char:280,,"지휘관이 총에 맞자 로산나는 잔당을 처리했다던 콘실리에리에게 스스로 어깨를 쏘게 했고, 헤도니아는 저격범을 자살로 꾸며 A.C.P.U.가 종결하게 했다 — 콘실리에리는 헤도니아의 원수까지 모두 치는 [벤데타]를 시작하며, 모아 둔 [질서] 위반 증거로 맹약 위반은 피한다고 했다"
F964,사실,40,2023-06-15,event_bluewaterisland,0,0,,0,0,,,,,,40,1,,person:에닉 place:방주 place:아우터_림,확정,event_bluewaterisland,,"에닉에 따르면 근 1년 사이 방주 안팎의 예측 못한 피해를 복구하느라 저장 자원의 약 47%가 소모되었고, 양산형 채굴 부대가 메우던 채굴 포인트가 고갈되어 더 위험한 곳으로 옮기며 생환율이 떨어져 모든 자원이 수요에 크게 못 미친다 — 이대로면 3년 안에 경제 공황, 그 뒤 10년이면 시민 약 32% 이상이 아우터 림으로 밀려난다"
F965,사실,40,2023-06-15,event_bluewaterisland,0,0,,0,0,,,,,,40,1,,person:버닝엄 place:블루워터_아일랜드,확정,event_bluewaterisland,,"버닝엄은 중앙 정부의 전신에서 사무관으로 일한 이가 남겨 가문에 전하는 서면 기록에서, 1차 침공 전 랩쳐 분포가 다른 곳의 4분의 1도 안 되고 기술력만 되면 자원을 무한히 캘 수 있는 좌표를 보았다며 사전 조사를 제안했다 — 그곳이 [블루워터 아일랜드]다"
F966,사실,40,2023-06-15,event_bluewaterisland,0,0,,0,0,,,,,,40,1,,place:블루워터_아일랜드 org:카운터스 person:리타 org:카페_스위티 org:세라핌 org:M.M.R. person:슈엔 person:얀 org:달란트,확정,event_bluewaterisland,,"블루워터 아일랜드 사전 조사는 두 부사령관과 3대 기업 CEO가 지원해 카운터스 · 리타 · 카페 스위티 · 세라핌이 모인 작전으로, 슈엔이 M.M.R.을 볶아 만들게 한 탐지 장치(자원 매장 · 랩쳐 분포를 방주로 보냄)를 설치했다 — 달란트의 얀은 수영복을 공짜로 주는 대신 자원 유통권을 달란트에 주도록 로비해 달라며 비공식으로 끼었다"
F967,사실,40,2023-06-15,event_bluewaterisland,0,0,,0,0,,,,,,40,1,,place:블루워터_아일랜드,확정,event_bluewaterisland,,"조사 결과 블루워터 아일랜드 바다 너머에 메탄 하이드레이트가 묻혀 있고 수중 랩쳐 분포는 0이며, 섬의 바위산에서 구리 · 은으로 보이는 광맥이 나왔고 랩쳐 이후 새로 생긴 듯한 옥수수 비슷한 곡식이 자란다 — 섬에는 과거 사람들이 드나든 선착장 · 수상 가옥 · 해상 호텔이 남아 있다"
F968,사실,40,2023-06-15,event_bluewaterisland,0,0,,0,0,,,,,,40,1,,person:메어리 org:세라핌 place:방주,확정,event_bluewaterisland,,"메어리에 따르면 바다는 육지보다 랩쳐 분포가 적어 살아남은 생물 종이 많아 잘 모르는 독 · 세균 · 바이러스도 많고, 세라핌은 그것을 방주에 옮겨 오지 않게 하려고 함께 파견되었다"
F969,사실,40,2023-06-15,event_bluewaterisland,0,0,,0,0,,,,,,40,1,,person:페퍼 person:메어리 person:프림,확정,event_bluewaterisland,,"물놀이 중 메어리를 밀치던 페퍼는 계단에서 누군가를 '믿었는데, 이 위선자'라며 민 생생한 환상을 보았다 — 페퍼는 자기가 사람을 민 적이 없다며 [인간 페퍼]의 기억 — 니케가 되며 잊은, 죽을 만큼 잊고 싶은 기억 — 일까 두려워했고, 밀친 상대로 메어리를 입에 올렸다가 말이 꼬인 것이라 넘겼다"
F970,사실,40,2023-06-15,event_bluewaterisland,0,0,,0,0,,,,,,40,1,,concept:니케 person:페퍼,확정,event_bluewaterisland,,"페퍼에 따르면 니케는 기억이 뒤죽박죽이고, 니케 바디는 인간일 때의 이상향을 구현해 만든다 — 그래서 페퍼는 남을 해치기 싫은 지금의 자기가 인간 페퍼가 꿈꾼 모습이라면 누구를 밀었을 리 없다고 여겼다"
F971,사실,40,2023-06-15,event_bluewaterisland,3,1,17,0,0,,,,,,40,2,J14,person:메어리 person:페퍼 place:리페어_센터 org:중앙_정부 concept:니케,확정,event_bluewaterisland,,"메어리의 고백에 따르면 인간 메어리는 불치병 환자를 살리지 못해 정부의 부패한 관리와 결탁하고 죽을 환자의 서류를 조작해 동의 없이 뇌를 적출, 니케로 만들어 평생 싸우게 했다 — 이를 보다 못한 후배 페퍼가 리페어 센터의 계단 위에서 메어리를 밀었고, 페퍼는 죄책감을 못 이겨 스스로도 같은 지옥 — 니케 — 에 몸을 던졌으며 그 일을 기억하지 못한다"
F972,사실,40,2023-06-15,event_bluewaterisland,2,0,40,0,1,,,,,,78,2,,person:메어리 person:페퍼 place:리페어_센터 person:지휘관,확정,event_bluewaterisland,,"메어리는 리페어 센터의 그 계단에 돌아가면 페퍼가 기억을 떠올릴까 두려워 섬을 떠나기 싫어했지만, 자신의 죄로 지상에 끌려가 싸우다 다친 니케 대부분이 리페어 센터로 흘러든다며 페퍼에게 경멸받더라도 그곳에 있어야 한다고 돌아가 속죄하기로 했다 — 돌아간 계단에서 페퍼는 아무것도 떠올리지 않았고, 메어리는 이를 잠깐의 유예로 여긴다"
F973,사실,40,2023-06-15,event_bluewaterisland,0,0,,0,0,,,,,,40,1,,place:블루워터_아일랜드 person:엔더슨 person:지휘관,확정,event_bluewaterisland,,지휘관의 사전 조사 보고로 블루워터 아일랜드는 채굴 포인트로 인정되어 전용 자원 채굴 부대 셋 이상이 편성되었고 자원 위기는 일시적으로 해결되었다 — 엔더슨은 보상으로 블루워터 아일랜드 후속 임무를 지휘관에게 우선 넉넉히 주겠다고 했다
F974,사실,40,2023-06-15,event_bluewaterisland,0,0,,0,0,,,,,,40,1,,place:블루워터_아일랜드 person:시프티 person:엔더슨 concept:랩쳐,확정,event_bluewaterisland,,"블루워터 아일랜드의 탐지 기기가 해저에서 건물 몇 채만 한 알 수 없는 거대 물체의 이동을 잡았다 — 시프티에 따르면 해상 랩쳐가 마지막으로 보고된 것은 100년도 더 전이라 랩쳐일 가능성은 0에 가깝고, 엔더슨은 추적을 지시하며 정체가 확실해지면 지휘관의 부대를 먼저 보내기로 했다"
F975,사실,40,2023-06-15,char:132,0,0,,0,0,,,,,,40,1,,person:지휘관 person:메어리 place:블루워터_아일랜드 person:네온,확정,char:132,,"블루워터 아일랜드에서 지휘관은 해변에 밀려온 성게를 밟아 데이터베이스에 없는 독에 중독되었다(고열 · 구토 · 시력 저하 · 마비, 방치하면 영구 마비) — 메어리는 그 독이 섬의 새에게서도 나오지만 새는 성게 주변에 사는 푸른 물고기를 먹어 독을 중화한다는 것을 밝혀, 네온이 잡은 물고기에서 성분을 뽑아 해독제를 만들었다"
F976,사실,40,2023-06-15,char:132,0,0,,0,0,,,,,,40,1,,person:메어리 person:페퍼 concept:니케,확정,char:132,,"메어리는 이런 일에 대비해 의료 실험용 바디로 바꾸고 섬에 왔다 — 몸에 들어온 이물질의 성분을 파악할 수 있지만 과용하면 사고 전환이 와서 위험하고, 메어리는 이를 다른 이들, 특히 페퍼에게 비밀로 했다"
F977,사실,40,2023-06-15,char:132,0,0,,0,0,,,,,,40,1,,person:메어리 person:지휘관,확정,char:132,,"메어리는 생명을 유린한 대가를 치르려면 몇 배를 살려야 하는지 계산하며 '블랙 데빌 메어리는 만족할 줄 모른다'고 불멸의 끝까지 속죄를 계속하겠다고 했고, 지휘관이 더 특별해지면 의사로서 대하지 못하게 될까 겁난다고 털어놓은 뒤 지휘관에게 입 맞췄다"
F978,사실,41,2023-06-22,char:14,1,1,40,0,0,,,,,,41,2,,person:네온 person:리타 place:블루워터_아일랜드 concept:타일런트_급,확정,char:14,,"블루워터 아일랜드에서 바다를 겪은 네온은 화력에 더해 [수력]에도 진심인 '하이브리드 네온'이 되겠다며, 리타가 해상 호텔의 변기로 만든 한 발짜리 물대포 [네온 암스트롱 아쿠아 포]로 섬 뒤편의 5층 건물만 한 바위를 무너뜨렸다 — 대포는 쏜 뒤 산산조각 났고, 네온은 도구 없이도 타일런트 급 랩쳐를 물리칠 수력의 화신이 되겠다고 했다"
F979,사실,42,2023-07-06,event_nyanyaparadise,0,0,,0,0,,,,,,42,1,,person:네로 place:방주 org:해피_주,확정,event_nyanyaparadise,,"네로에 따르면 방주의 동물 법이 까다로운 만큼 등록 없이 길고양이를 데려오거나 불법 루트로 들여와 키우다 걸릴까 봐 아무 데나 버리는 사람들이 있다 — 방주 길고양이는 대개 이렇게 유기된 고양이로, 해피 주는 포획하려 해도 늘어나는 개체수를 막지 못해 방주 안을 구역으로 나눠 보호소 고양이들과 함께 관리한다"
F980,사실,42,2023-07-06,event_nyanyaparadise,0,0,,0,0,,,,,,42,1,,person:루루 person:네로 person:지휘관 place:방주,확정,event_nyanyaparadise,,"유기된 새끼 고양이 루루는 건강이 이미 손쓸 수 없을 만큼 악화되어 있었다 — 네로에 따르면 방주의 기술력은 인간 위주로 발전해 고양이 병은 고칠 방법이 없고, 루루는 네로 · 지휘관과 남은 시간을 보낸 뒤 쓰레기장의 상자 자리에서 옛 주인을 기다리다 숨졌다"
F981,사실,42,2023-07-06,char:380,0,0,,0,0,,,,,,42,1,,person:네로 org:해피_주 person:지휘관,확정,,,"해피 주는 방주의 모든 동물을 관리하는 만큼 위기 대처 능력을 보는 테스트를 해마다 종목을 바꿔 치르고(종목만 미리 알리고 내용은 당일 공개), 통과하지 못하면 보호소에서 일하지 못할 수 있다 — 물을 싫어하는 네로는 지휘관과 5일 동안 훈련해 물풍선 피하기 테스트를 통과했다"
F982,사실,42,2023-07-06,char:380,2,0,42,0,0,,,,,,42,2,,person:네로,확정,,,"네로는 예전에 가족도 친구도 없이 지내다 골목에서 만난 눈 색이 다른 고양이와 서로 의지하며 매일을 함께했는데, 비가 많이 내린 날 그 고양이가 차갑게 식어 죽었다 — 네로가 물을 싫어하는 까닭은 물이 언젠가 차가워지기 때문이다"
F983,사실,43,2023-07-20,ch23,0,0,,0,1,,,,,,116,2,,person:도로시 person:니힐리스타 person:버닝엄 person:파피용 place:에덴 place:방주,확정,ch23,,"도로시는 목을 꿰뚫어 쓰러뜨린 니힐리스타(헬레틱이라 곧 자가 수복)를 방주에 주는 '선물'로 끌고 왔고, 자기를 초대한 것은 버닝엄 부사령관이라고 밝혔다 — 파피용은 에덴에서 지내며 에덴 모르게 도로시와 방주를 잇고 있고, 도로시에 따르면 에덴은 방주를 싫어한다"
F984,사실,43,2023-07-20,ch23,0,0,,0,0,,,,,,43,1,,person:머스탱 org:이그조틱 person:크로우 person:바이퍼 person:자칼 person:잉그리드 place:블랙넷,확정,ch23,,"머스탱에 따르면 이그조틱이 한 일은 분산되어 있다 — 크로우는 굴착용 폭탄을 사서 블랙넷에 다시 등록했고, 바이퍼는 지인들에게 첩보를 주었으며, 자칼은 엘리베이터의 고정 장치를 물어뜯어 끊었다 — 잉그리드는 딥 스캔 뇌스캔이면 의도까지 파악할 수 있다고 했다"
F985,사실,43,2023-07-20,ch23,0,0,,0,2,,,,,,128,3,,person:E.H. person:도반 place:아우터_림 person:머스탱 person:잉그리드 person:슈엔 org:이그조틱 person:지휘관 org:미실리스,확정,ch23,,"E.H.가 방주 테러의 범인으로 몰려 중앙 정부가 아우터 림을 쓸어버릴 명분이 생겼고 아우터 림을 증오하는 도반이 벌써 움직이고 있어, 머스탱 · 잉그리드는 이그조틱을 잡아 진범을 밝히기로 했다 — 자폭 앱으로 이그조틱을 없애려던 슈엔을 지휘관이 미실리스의 평판을 위해 덮으려는 것이라며 막았고, 머스탱이 슈엔의 폰을 맨손으로 부수고 추적을 지휘관에게 맡겼다"
F986,사실,43,2023-07-20,ch23,0,0,,0,0,,,,,,43,1,,person:잉그리드 org:익스터너 person:머스탱 org:언더월드_퀸 person:도반 person:엔더슨,확정,ch23,,"잉그리드는 이그조틱 추적에 익스터너(메이든 · 길로틴)를 대기시켰고, 머스탱은 근신 중인 언더월드 퀸을 움직여 병력을 모으는 도반을 방해하기로 했다 — 엔더슨은 목숨에 지장은 없지만 움직일 수 없는 상태로 치료 중이다"
F987,사실,43,2023-07-20,ch23,0,0,,0,0,,,,,,43,1,,person:슈엔 person:미하라 person:유니 org:이그조틱 org:미실리스,확정,ch23,,슈엔은 미실리스를 지키려 미하라 · 유니에게 고철용 리미트를 풀어 줄 테니 이그조틱을 먼저 찾아 죽이라고 명령했다 — 미실리스 메인 허브가 이빨 자국을 남기고 부서져 머리를 터뜨리는 미실리스 전용 회선이 먹통이 되었다
F988,사실,43,2023-07-20,ch23,0,0,,0,0,,,,,,43,1,,person:도반 place:아우터_림 concept:양산형_니케,확정,ch23,,"도반은 랩쳐 퇴치를 핑계로 아우터 림 격벽을 열어 두고 대인 화기로 무장한 리미트 풀린 양산형 니케를 먼저 보냈고, 직접 병력을 이끌고 와 아우터 림 안의 살아 있는 모든 것을 테러리스트로 여기고 쏘라고 명령했다"
F989,사실,43,2023-07-20,ch23,0,0,,0,0,,,,,,43,1,,person:도반 place:아우터_림 person:로산나,확정,ch23,,"도반은 아우터 림 출신으로, 정보를 팔고 아우터 림을 더 쥐어짜 방주에 평온을 가져다준 공으로 최단시간에 부사령관이 되었다 — 로산나는 도반을 그냥 사람 죽이기를 좋아하는 놈이라 본다"
F990,사실,43,2023-07-20,ch23,0,0,,0,0,,,,,,43,1,,org:언더월드_퀸 person:목단 person:사쿠라 person:로산나 org:세이메이카이 person:도반 place:아우터_림,확정,ch23,,"언더월드 퀸은 도반을 막으려 나뉘어 움직였다 — 목단은 열린 격벽에 주저앉아 도반의 부대를 홀로 막고, 사쿠라는 도반이 무장한 주민을 칠 명분을 없애려 아우터 림 사람들을 무장 해제시키며 세이메이카이가 지키겠다고 했고, 로산나는 도반이 모은 양산형 니케 병력을 쳤다"
F991,사실,43,2023-07-20,ch23,0,0,,0,0,,,,,,43,1,,person:E.H. person:목단 place:아우터_림 org:엔터_헤븐,확정,ch23,,"아우터 림 사람들은 E.H.를 방주 테러의 범인으로 믿고 원망하지만, 목단에 따르면 E.H.는 사람이 다치지 않는 선에서 아우터 림의 메시지를 전하려 애쓴 불살 주의 테러리스트였고, 테러로는 정당화될 수 없음을 알아 다른 길을 가보려다 한 걸음도 떼기 전에 죽었다"
F992,사실,43,2023-07-20,ch23,0,0,,0,0,,,,,,43,1,,org:엔터_헤븐 place:방주 org:이그조틱 person:바이퍼,확정,ch23,,"엔터 헤븐 본거지와 방주를 잇는 비밀 지하 통로가 있다 — 이그조틱은 이곳에 화염 방사기(일부는 가짜)와 재밍 장치를 두었고, 바이퍼는 방주 테러의 원인이 엔터 헤븐이 되도록 손써서 시간을 벌었다고 했다"
F993,사실,43,2023-07-20,ch23,2,2,20,0,1,,,,,,148,4,J21,person:크로우 org:메티스 person:슈엔 concept:NIMPH place:방주 person:에닉 place:쉘터,확정,ch23,,"크로우는 슈엔이 뭔가 하리라 확신하고 메티스를 골라 [NIMPH 없이도 인류를 지켜 주는 수호신]이라는 쇼를 만들었지만 그것은 감상에 그쳐, 완전히 안전하다고 믿던 방주에 원초의 공포 랩쳐를 불러들여 방주가 어떤 선택을 할지 보려고 구멍을 냈다 — 희생을 줄이려 메티스 승전 행사 때로 잡았으나 에닉이 모두를 쉘터에 넣어 쇼로 끝났다"
F994,사실,43,2023-07-20,ch23,0,0,,0,0,,,,,,43,1,,person:크로우 org:갓데스 incident:1차_지상_탈환전 concept:니케포비아 incident:2차_지상_탈환전 incident:갓데스_폴 place:방주,확정,ch23,,"크로우는 방주가 니케를 떠받들다 박해하기를 되풀이한 것이 단절 탓이라 본다 — 갓데스를 방주 완성 직후 버렸고, 1차 지상 탈환전 실패 뒤 니케를 박해해 니케포비아라는 말이 생겼으며, 2차 지상 탈환전 실패 · 최초의 니케 연예인 프리티의 사망 · 모델 ZX의 갓데스 폴 사건 때마다 민심이 요동쳤다 — 방주는 니케 · 랩쳐를 직접 겪지 못했다"
F995,사실,43,2023-07-20,ch23,3,1,20,0,1,,,,,,89,3,J21,person:유니 org:테트라_커넥트 place:쉘터 person:크로우 org:중앙_정부,확정,ch23,,"유니는 쉘터에 생방송 중이던 테트라 커넥트의 회선으로 '쉘터에 랩쳐가 쳐들어와 모두 죽었다, 쉘터를 나오라, 중앙 정부를 믿지 말라'는 거짓 방송을 했다 — 크로우는 힌트만 주었다며, 유니가 빈 쉘터에 감각을 차단한 랩쳐를 끌고 와 습격으로 위장했다고 했다 — 쉘터를 뛰쳐나온 사람들이 랩쳐 사이에서 니케와 뒤엉켜 죽고 다쳤다"
F996,사실,43,2023-07-20,ch23,1,0,43,0,0,,,,,,43,1,,place:방주 person:에닉 person:디젤 place:쉘터,확정,ch23,,"방주 안에서 랩쳐에게 사람이 죽었다 — 에닉은 쉘터 문을 잠그느라 한눈판 사이 랩쳐 10여 기를 놓쳤고, 부상자는 디젤이 급히 가동한 AZX로 미실리스 의료 센터에 옮겨졌다"
F997,사실,43,2023-07-20,ch23,1,1,13,0,0,,,,,,43,2,J25,person:메이든 person:길로틴 person:크로우 person:바이퍼 person:자칼 org:익스터너,확정,ch23,,"연막탄 신호로 온 메이든 · 길로틴이 [정지]로 크로우 · 바이퍼를 멈췄지만, 크로우가 자칼만 청각 센서를 꺼 두어 자칼이 메이든을 쓰러뜨렸고 크로우 · 바이퍼는 달아났다 — 길로틴은 보는 것의 에너지를 제어하는 [즉사의 마안](안대 아래 눈, 쿨타임이 길다)으로 자칼의 코어 에너지를 흩어 쓰러뜨리고 확보했다"
F998,사실,43,2023-07-20,ch23,1,0,43,0,0,,,,,,43,1,,person:유니 person:지휘관 concept:언체인드 person:크로우,확정,ch23,,"유니는 언체인드를 가져다 복수하게 해 준다던 지휘관이 자기를 구원해 줄 것이라 믿고, 수습 뒤 쉬던 지휘관을 전기 충격으로 쓰러뜨려 언체인드를 가져갔다 — 크로우는 지휘관이 언체인드를 찾았다고 짐작하고 있었다"
F999,사실,43,2023-07-20,ch23,0,0,,0,0,,,,,,43,1,,person:크로우 person:디젤,확정,ch23,,크로우가 쉘터 사고 부상자를 싣고 미실리스 의료 센터로 가는 AZX에 타 있다
F1000,사실,43,2023-07-20,ch23,0,0,,0,0,,,,,,43,1,,org:갓데스 person:폴리 person:도로시 place:방주,확정,ch23,,"방주 곳곳에 갓데스 스쿼드를 기리는 승리의 여신상이 있다 — 폴리에 따르면 갓데스는 방주를 위해 지상에 남아 싸운 인류의 수호신으로 신화가 되었지만 자료가 적어 인적 사항은 알 수 없고, 갓데스의 정보를 적극적으로 퍼뜨리던 이가 죽은 뒤 시들해졌다 — 도로시는 그렇게 원했던 방주에 막상 와 보니 별 감정이 없다고 했다"
F1001,사실,43,2023-07-20,sub:상인연합_달란트_00,0,0,,0,0,,,,,,43,1,,org:달란트 person:얀 person:도라 person:루피 place:쉘터,확정,sub:상인연합_달란트_00,,"쉘터 사고로 특정 쉘터에 최대 수용 인원 이상이 몰려(쉘터는 최대 수용 인원에 맞춰 물품을 둔다) 보급품이 모자라자 상인 연합 달란트가 생필품을 댔고, 랩쳐에 막혔던 '필수품'은 화장실 용품이었다 — 도라는 화장실 같은 것부터 사람이 무너지기 시작한다고 했다"
F1002,사실,43,2023-07-20,sub:콜렉터_02,0,0,,0,0,,,,,,43,1,,person:콜렉터 place:아우터_림 place:방주 org:카운터스,확정,sub:콜렉터_02,,"아우터 림 격벽이 열렸을 때 콜렉터의 친구 몇이 꿈에 그리던 방주 땅이나 밟아 보고 죽겠다며 격벽 밖으로 나갔다가 연락이 끊겼고, 카운터스는 아우터 림 사람으로 보이는 시체 다섯 구를 찾았다 — 그런데도 방송은 계속 사망자 0명이라 했고, 콜렉터는 벽 하나로 세계가 달라지는 것에 생각이 바뀌었다고 했다"
F1003,사실,43,2023-07-20,relic:필그림조우보고서,0,0,,0,0,,,,,,43,1,,org:필그림 org:자원_채집_부대 person:스노우_화이트,확정,,,"필그림을 쫓는 땅굴 부대 니케의 보고서에 따르면 지상에서 목격된 필그림은 북부 고지대에서 몸만 한 라이플로 랩쳐를 죽이는 하얀 니케, 낙타를 타고 다니는 니케, 한 명이 다른 한 명을 극진히 모시는 귀족과 시종 니케, 큰 관을 짊어지고 다니는 니케(니케인지 랩쳐인지 불확실)다"
F1004,사실,44,2023-07-20,ch24,0,0,,0,1,,,,,,44,2,,org:중앙_정부 place:쉘터 place:방주,확정,ch24,,"쉘터 사태 중 중앙 정부 방송은 모든 시민이 쉘터로 피난해 사망자 0명이고 이틀 안에 해결된다며, 비상 탈출용 조작을 막았고 중앙 정부가 문을 열기 전 문 근처에 다가가면 사살될 수 있다고 경고했다"
F1005,사실,44,2023-07-20,ch24,0,0,,0,0,,,,,,44,1,,person:크로우 person:디젤 person:솔린 org:인피니티_레일,확정,ch24,,"크로우는 쉘터 사고 부상자를 싣고 가는 AZX의 화장실에 폭탄을 붙이고 리모컨을 눌렀지만, 수천 가지 기폭 신호에 대응해 무력화 · 역추적하는 AZX의 기능에 걸려 방화벽에 갇혔다 — 솔린은 열차 폭발은 두 번 있어선 안 된다고 했다"
F1006,사실,44,2023-07-20,ch24,0,0,,1,0,,,,,,140,2,,person:크로우 incident:AFX_열차_테러 org:인피니티_레일 org:엘리시온 person:디젤,확정,ch24,,"크로우는 AFX 열차를 터뜨린 것이 자기라고 인정했고, 열차 테러로 죽은 인간을 열차를 관리하는 니케로 만든 것은 인간일 때의 강렬한 감정을 담보로 붙잡아 두는 엘리시온의 악취미라고 했다"
F1007,사실,44,2023-07-20,ch24,1,1,17,0,0,,,,,,44,2,,person:디젤 person:솔린 person:크로우 org:인피니티_레일 concept:니케,확정,ch24,,리미트가 풀리지 않은 디젤이 크로우가 일러 준 대로 옆의 부품을 쏘아 파편으로 크로우를 죽이려 하자 솔린이 말렸다 — 솔린에 따르면 니케의 능력은 인간일 때의 이상향으로 정해지고 인피니티 레일의 이상향은 복수가 아니라 AZX를 편안하고 안전하게 운용하는 것이다
F1008,사실,44,2023-07-20,ch24,0,0,,0,0,,,,,,44,1,,person:지휘관 person:크로우 person:유니 person:슈엔 concept:언체인드,확정,ch24,,"지휘관은 크로우의 AZX 폭파가 니케를 모아 인근 미실리스 의료 센터의 경비를 약하게 하려는 것이고, 크로우와 손잡은 유니가 '크로우를 잡았다'는 거짓말로 슈엔을 불러내 언체인드를 들고 기다리는 것이라 추리했다 — 슈엔은 실제로 유니의 말을 듣고 의료 센터 원장실에 왔다"
F1009,사실,44,2023-07-20,ch24,1,1,43,0,0,,,,,,44,2,,person:자칼 person:잉그리드 person:크로우 person:바이퍼 incident:방주_테러,확정,ch24,,"잉그리드에 따르면 자칼의 뇌 스캔 결과 방주 테러 혐의는 없다 — 엘리베이터 잠금장치 · 미실리스 메인 허브를 부수고 청각 센서를 끄고 익스터너와 싸운 것은 자칼의 뜻이지만, 크로우 · 바이퍼의 명령에 무조건 따랐을 뿐 테러와 이어진다고 생각하지 않았다 — 크로우는 자칼에게 죽을 각오로 싸우라고 명령해 두고 두고 갔다"
F1010,사실,44,2023-07-20,ch24,1,1,17,0,0,,,,,,44,2,,person:잉그리드 person:자칼 org:이그조틱 org:스카우팅 person:지휘관,확정,ch24,,잉그리드에 따르면 필그림 수색 작전 때 스카우팅 대신 이그조틱이 멋대로 합류해 지휘관에게 유사 총격을 가했고 자칼도 가담했다 — 지휘관이 이를 굳이 말하지 않은 사정이 있으리라 보아 그 처분을 지휘관에게 맡기기로 했다
F1011,사실,44,2023-07-20,ch24,0,0,,0,0,,,,,,44,1,,person:슈엔 person:유니 person:미하라 org:이그조틱 org:워드리스,확정,ch24,,"슈엔은 허브가 부서지자 이그조틱 자폭 앱을 반경 1km 안에서 작동하도록 급히 고쳐(미실리스 전용 회선을 안 써 정보 은폐는 못 한다) 의료 센터에서 누르려 했고, 유니가 슈엔의 손 감각 · 시각을 끊고 '왜 우리를 고철이라 부르며 함부로 다루냐'며 두들겨 팼다"
F1012,사실,44,2023-07-20,ch24,0,0,,0,0,,,,,,44,1,J23,person:유니 concept:언체인드 person:슈엔 person:미하라 person:지휘관 org:카운터스,확정,ch24,,"유니는 미하라가 슈엔 때문에 죽었다며 슈엔을 죽이려 했고, 맨정신으로는 죽일 마음이 들지 않자 지휘관에게서 빼앗은 언체인드를 자기 팔에 쏘았다 — 머리가 맑아졌다며 상상대로 할 수 있게 되어 지휘관 · 카운터스 모두의 척추 신경을 한 번에 끊었다"
F1013,사실,44,2023-07-20,ch24,0,0,,0,4,,,,,,109,4,,person:미하라 person:슈엔 person:유니 concept:NIMPH concept:기억_소거,확정,ch24,,"미하라는 슈엔과 감각을 교환해(10분 정도) 대신 맞았고, 유니가 슈엔을 쏜 자결용 권총에 머리를 맞았다 — 손상이 커 수리하려 했지만 NIMPH가 뇌 수술을 막아 강제로 떼어 내는 과정에서 다시 기억 소거가 일어났고, 치료 뒤 NIMPH를 다시 달았다"
F1014,사실,44,2023-07-20,ch24,2,2,17,0,0,,,,,,44,3,J21,person:크로우 person:지휘관 person:유니 org:카운터스 place:방주,확정,ch24,,"크로우는 슈엔을 죽일 수 있게 유니를 도왔고, 소음기 권총으로 유니와 쓰러진 라피 · 아니스 · 네온을 쏘았다 — 그가 보고 싶은 것은 방주의 선택과 지휘관의 추락으로, 인간과 니케를 중재해 모든 일을 해결해 버리는 영웅인 지휘관이 증오에 휩싸여 제 손으로 니케를 죽이게 만들려 했다"
F1015,사실,44,2023-07-20,ch24,4,4,27,0,2,,,,,,140,5,,person:바이퍼 person:지휘관 person:크로우 person:E.H.,확정,ch24,,"바이퍼는 지휘관에게 반했음을 깨닫고 자수해 기억 소거만은 피하려 했고, 크로우를 가장 죽이고 싶어 하는 두 사람에게 문자를 보냈다 — 방주 테러 폭발에서 전신 화상을 입고 살아남은 E.H.가 크로우를 덮쳤으며, 바이퍼는 그동안 E.H.를 치료하며 따라다니게 해 주었다"
F1016,사실,44,2023-07-20,ch24,0,0,,0,1,,,,,,78,2,,person:바이퍼 person:슈엔 person:지휘관 person:자칼 org:이그조틱,확정,ch24,,"슈엔이 떨리는 손으로 누른 이그조틱 자폭 앱에 바이퍼의 초커 폭탄이 터졌다(슈엔은 잘못 눌렀다고 했다) — 바이퍼는 지휘관에게 자칼을 부탁하고 밀어낸 뒤 폭발했지만, 지휘관이 초커를 붙잡아 각도가 틀어져 뇌가 무사했고 머리를 새로 만들어 살아났다"
F1017,사실,44,2023-07-20,ch24,0,0,,0,1,,,,,,138,2,,person:지휘관 person:크로우 person:라피 person:레드_후드,확정,ch24,,"지휘관은 지상행 직통 엘리베이터 앞에서 크로우를 업어치기로 쓰러뜨리고 총을 겨눴지만, 라피가 먼저 크로우의 머리를 제압탄으로 쏘아 기절시켰다 — 라피는 레드 후드를 아주 조금 써서 먼저 움직일 수 있었다"
F1018,사실,44,2023-07-20,ch24,1,1,17,0,0,,,,,,44,2,,person:크로우 incident:방주_테러 person:잉그리드 concept:NIMPH person:에닉,확정,ch24,,크로우는 뇌 스캔으로 방주 테러의 주동자이자 실행자로 확정되었고 휘말린 이들은 이용당했을 뿐임이 확정되었다 — 잉그리드는 크로우가 NIMPH를 자기 뜻대로 제어할 수 있다고 보아 뇌를 헤집는 조사를 한 뒤 에닉이 처우를 정한다고 했다
F1019,사실,44,2023-07-20,ch24,1,1,43,0,0,,,,,,44,2,,person:크로우 person:라피 person:지휘관 concept:NIMPH,확정,ch24,,"크로우가 유니 · 카운터스에게 쏜 것은 제압탄이었다 — 라피에 따르면 NIMPH의 속박을 벗어날 수 있어도 사살용 직접 사격은 리미트 해제 없이 불가능하고, 크로우는 지휘관이 동료들의 복수로 자기를 죽인 뒤 그들이 살아 있음을 알게 해 다시는 일어서지 못하게 하려 했다"
F1020,사실,44,2023-07-20,ch24,0,0,,0,0,,,,,,44,1,,org:언더월드_퀸 person:목단 person:로산나 person:사쿠라 person:도반 person:머스탱 org:테트라 org:중앙_정부 place:아우터_림,확정,ch24,,"언더월드 퀸은 도반의 병력을 쳐부수었지만(목단의 맞대결 · 로산나의 지원군 격파 · 사쿠라의 아우터 림 무장 해제) 중앙 정부군을 친 책임으로 기억 소거될 뻔했고, 머스탱이 테트라의 메인 방송 채널을 중앙 정부에 넘기는 거래로 구했다 — 도반은 학살을 하고 싶었던 것 아니냐는 물음을 부정하지 않았다"
F1021,사실,44,2023-07-20,ch24,0,0,,0,0,,,,,,44,1,,person:유니 place:갱생관 concept:NIMPH place:쉘터,확정,ch24,,"유니는 갱생관 독방에 수감되어 아무 말도 행동도 하지 않는데, NIMPH가 없어 뇌 스캔을 할 수 없고 쉘터 사태의 범인으로 확정되면 처분될 것으로 보인다"
F1022,사실,44,2023-07-20,ch24,0,0,,0,0,,,,,,44,1,,place:방주 org:중앙_정부 concept:니케 incident:방주_테러,확정,ch24,,"라피에 따르면 방주에 구멍이 난 원인은 중앙 정부의 신뢰가 바닥을 치지 않도록 시설의 노화로 알려질 것이고, 이번 일로 방주 안 니케의 위상이 메티스에 이어 급상승해 중앙 정부가 그 분위기를 이용하려 한다"
F1023,사실,44,2023-07-20,ch24,0,0,,0,0,,,,,,44,1,,person:E.H. person:잉그리드 concept:니케,확정,ch24,,"E.H.(잉그리드는 '하퍼'라 부른다)는 전신 화상이 악화되어 길어야 이틀이라는 말에, 자기가 많은 사람에게 안긴 공포를 속죄하고 싶다며 니케로 만들어 달라고 했고 잉그리드가 곧바로 준비하겠다고 받아들였다"
F1024,사실,44,2023-07-20,ch24,0,0,,0,1,,,,,,118,2,,person:바이퍼 person:자칼 place:아우터_림 person:E.H.,확정,ch24,,"살아난 바이퍼는 고성능 위치 추적기 겸 폭탄을 단 채 자칼과 함께, E.H.가 없어져 무슨 일이 날지 모를 아우터 림을 속임수 · 장난 없이 감시하는 일을 맡았다"
F1025,사실,44,2023-07-20,ch24,0,0,,0,0,,,,,,44,1,,person:에닉 person:지휘관 person:슈엔 concept:언체인드,확정,ch24,,"에닉은 방주 테러 주범 체포 · 쉘터 사태 수습 · 랩쳐 섬멸로 지휘관에게 3계급 특진을 판결했다가, 슈엔과 함께 의도적으로 랩쳐를 불러온 점과 언체인드의 존재를 은폐한 점으로 취소해 계급을 그대로 두었다"
F1026,사실,44,2023-07-20,ch24,0,0,,0,0,,,,,,44,1,,person:에닉 concept:헬레틱 place:방주 person:도로시,확정,ch24,,"에닉에 따르면 방주의 최악의 사태는 헬레틱 급 2체 이상이 방주 안에 들어오는 것으로, 방주의 전력을 쏟으면 퇴치할 수 있을지 몰라도 방주가 괴멸적인 피해를 입는다 — 에닉은 필그림 도로시의 모든 정보를 절대 발설하지 말라는 요구를 받았다"
F1027,사실,44,2023-07-20,ch24,0,0,,0,0,,,,,,44,1,,person:버닝엄 person:도로시 person:폴리 org:필그림 place:방주,확정,ch24,,"버닝엄은 도로시에게 [비밀 엘리베이터]로 극비리에 들어오라고 했지만, 도로시는 방주의 인간들이 자기를 보라고 일부러 화려하게 나타났다 — 버닝엄은 필그림의 목적을 몰라 방주가 혼란에 빠질까 겁낸다며, 폴리에게 도로시를 안내하며 말과 행동을 모두 기록 · 보고하라고 했다"
F1028,사실,44,2023-07-20,ch24,0,0,,0,0,,,,,,44,1,J7,person:도로시 person:버닝엄 place:에덴 place:방주,확정,ch24,,"도로시는 버닝엄에게 방주와 에덴의 협약(기술 · 자원 · 인력 공유)과 자기가 친선대사로 둘 사이를 중재하겠다고 제안했다 — 에덴은 기술이 앞서지만 인력 · 자원이 모자라고 방주를 싫어하며, 도로시는 신용의 표시로 에덴이 지상에 있을 수 있었던 답인 광범위 광학미채 기술 자료를 건넸다"
F1029,사실,44,2023-07-20,ch24,0,0,,0,0,,,,,,44,1,,org:M.M.R. person:도로시 person:세실,확정,ch24,,"M.M.R.은 방주의 기술 발전 역사 설명 · 신기술 시연 같은 일반인 견학이 되지만 방주 기술의 정수가 모인 심부는 일반인 출입 불가이고, 도로시에 따르면 세실이 몸담았던 곳이다"
F1030,사실,44,2023-07-20,ch24,0,0,,0,2,,,,,,119,2,,concept:에블라_입자 org:M.M.R. person:인디빌리아 org:메티스 org:앱솔루트 person:에닉 person:도로시,확정,ch24,,"M.M.R. 심부에서 초고농도 에블라 입자가 퍼져 폴리 · 미란다가 쓰러지고 기계가 멈췄으며 도로시도 기능 이상을 일으켰다 — 에닉에 따르면 초고농도 에블라 입자는 드물게만 관측되었는데, 그중 하나가 메티스 · 앱솔루트 연합에 크게 다친 인디빌리아가 달아나 몸을 회복할 때로, 영역 안의 통신기기와 니케 기능 대부분을 멈춘다"
F1031,사실,44,2023-07-20,ch24,1,1,43,0,0,,,,,,44,2,,person:니힐리스타 person:도로시 person:버닝엄 org:M.M.R.,확정,ch24,,"버닝엄은 도로시가 선물한 니힐리스타를 M.M.R.의 아틀라스 케이지에 넣었는데, 니힐리스타는 방주가 자기를 뜯어보려 M.M.R.로 데려가게 하려고 도로시의 사격을 일부러 맞아 죽은 척했고, 케이지를 안쪽에서 녹여 나와 자기 무장 파츠를 두 아틀라스 케이지 안의 것에 먹였다"
F1032,사실,44,2023-07-20,ch24,0,0,,0,1,,,,,,126,2,J15,concept:마테리얼_H person:인디빌리아 person:니힐리스타 person:토커티브 org:M.M.R. person:에닉,확정,ch24,,"에닉에 따르면 M.M.R. 아틀라스 케이지에 보관된 마테리얼 H는 헬레틱 인디빌리아의 파편이고, 니힐리스타의 최종 목적은 죽음까지 이용해 M.M.R. 심부에 들어가 마테리얼 H를 인디빌리아로 부활시키는 것이었다 — 함께 케이지에 있던 토커티브도 되살아났다"
F1033,사실,44,2023-07-20,ch24,0,0,,0,0,,,,,,44,1,,concept:마테리얼_H person:인디빌리아 person:아니스 person:네온 person:라피,확정,ch24,,"마테리얼 H는 공간째 더미를 만들어 시간을 끌었고, 되살아난 인디빌리아는 황금색 갑옷을 입은 니케의 모습(몸을 구축해 흡수 기능은 없어짐)으로 음속을 넘는 검 모양 꼬리를 휘둘러 아니스 · 네온을 두 동강 냈다 — 라피에 따르면 둘은 너무 늦지 않으면 살 수 있다"
F1034,사실,44,2023-07-20,ch24,1,1,14,0,2,,,,,,126,4,J2,person:라피 person:레드_후드 person:도로시 person:토커티브 person:니힐리스타 person:인디빌리아 person:에닉,확정,ch24,,"라피는 '저를 꼭 찾아 달라'며 코드 해방으로 시크릿 바디를 풀 액티브했다(시스템: 코드 네임 레드후드, 활동 한계 10분 뒤 바디의 주도권 양도) — 도로시의 섬광을 몸으로 막은 토커티브와 니힐리스타 · 인디빌리아를 압도해 도로시와 함께 지상 사출 엘리베이터에 몰아넣었고, 에닉이 다섯을 지상으로 올린 뒤 루트를 파괴했다"
F1035,사실,44,2023-07-20,ch24,0,0,,0,0,,,,,,44,1,,person:버닝엄 person:에닉 person:도로시 person:니힐리스타 concept:니케,확정,ch24,,버닝엄은 도로시가 온 뒤 니힐리스타 · 인디빌리아 · 토커티브가 부활한 것을 두고 도로시와 니힐리스타의 연합을 의심했고 에닉도 가능성이 높다고 보았다 — 에닉은 헬레틱 재진입에 대비할 물리력으로 자기가 설계 · 운용할 니케 두 기(제작 일주일)를 제안했고 버닝엄이 허가했다
F1036,사실,44,2023-07-20,ch24,0,0,,0,0,,,,,,44,1,,person:잉그리드 person:라피 person:지휘관 concept:특수_별동대 person:도로시,확정,ch24,,"잉그리드는 지휘관이 여러 의미로 라피를 되찾아야 할 것이라며, 방주가 뒤집힐 수도 있는 일급기밀이라 자기 입으로는 말할 수 없지만 특수별동대가 스스로 알아내는 것은 누설이 아니라고 했다 — 라피 · 도로시 수색은 필그림 추적으로 둘러대기로 했다"
F1037,사실,44,2023-07-20,ch24,0,0,,0,2,,,,,,102,3,,person:에닉 person:슈엔 org:미실리스 org:카운터스 concept:NIMPH,확정,ch24,,"에닉은 랩쳐를 의도적으로 부른 점 · 이그조틱과 워드리스 관리 소홀 · 증거 인멸을 위해 이그조틱을 파괴하려 한 점을 물어, 슈엔을 니케로 만들되 기억 소거는 하지 않고 불손한 행동 · 생각을 NIMPH로 교정하며 미실리스 CEO 직위를 박탈해 카운터스 휘하에 두라고 판결했다"
F1038,사실,44,2023-07-20,ch24,0,0,,0,0,,,,,,44,1,,person:토커티브 person:니힐리스타 person:인디빌리아 person:퀸,확정,ch24,,"토커티브는 갈 곳을 잃고 죽어 가던 자기를 다시 태어나게 해 준 퀸만을 모신다며 니힐리스타의 명령을 거절했고, 라피의 붉게 타오르는 모습은 처음 본다고 했다 — 무장 파츠가 재생되지 않은 니힐리스타에게 인디빌리아 · 토커티브가 배가 고프다며 다가갔다"
F1039,사실,44,2023-07-20,ch24,0,0,,0,0,,,,,,44,1,,person:라피 person:레드_후드,확정,ch24,,"지상에서 증기를 뿜던 라피는 증기가 멈추자 쓰러졌고, 몸이 기괴하게 꿈틀거린 뒤 레드 후드가 라피였던 몸을 일으켜 주위를 둘러보았다"
F1040,사실,44,2023-07-20,sub:해결사_카페_스위티_00,0,0,,0,0,,,,,,44,1,,org:카페_스위티 org:중앙_정부 place:쉘터 person:밀크 person:슈가 person:프림,확정,sub:해결사_카페_스위티_00,,"쉘터 사태 때 중앙 정부는 카페 스위티에 쉘터와 미실리스 의료 센터로 의료품을 배달하라고 의뢰했고, 카페 스위티는 셋이 블랙 타이푼 하나에 타고 랩쳐가 있는 도로에 쌓아 둔 물자 박스를 낚아채 날랐다 — 카운터스가 그 배달 루트의 랩쳐를 치웠다"
F1041,사실,44,2023-07-20,relic:긴급뉴스대본_FB_3_final_2.pdf,1,1,43,0,0,,,,,,44,2,,org:중앙_정부 concept:이터널_스카이 place:쉘터 place:방주,확정,relic:긴급뉴스대본_FB_3_final_2.pdf,,"랩쳐 침공 긴급 뉴스 대본의 원안은 랩쳐가 이터널 스카이 150블록을 뚫었고 중앙 정부가 20분 뒤에야 피난을 권고했으며 일부 쉘터가 파괴되어 다수의 사상자가 났다고 썼지만, 피드백으로 '발 빠른 대처로 모든 시민이 피난 · 모든 니케 투입 · 사망자 0명'으로 고쳐졌다 — '사망자는 0명이어야 함'"
F1042,사실,44,2023-07-20,event_goldenship,0,0,,0,0,,,,,,44,1,,person:마스트 person:프림 person:앵커 person:지휘관 place:어드마이어_호 person:얀,확정,,,"마스트는 어드마이어 자선 경매에서 손님에게 낙찰되지 않은 [캡틴 앨리게이터의 지도 조각]을 전 재산을 털어 샀고, 지휘관 · 프림 · 앵커와 지상 사막에 묻힌 나머지 조각을 찾아 해안의 난파선에 갔지만 그것은 황금 배가 아니라 같은 지도를 따라온 해적 맥의 [오션 하이웨이 호]였다"
F1043,사실,44,2023-07-20,event_goldenship,0,0,,0,0,,,,,,44,1,,person:마스트 person:앵커 person:헬름 place:어드마이어_호 org:이지스,확정,,,"마스트는 언젠가 어드마이어 호가 지상에 나가면 조타수를 맡으려고 방주 인근 모든 해안 지역의 생김새를 외워 두었고, 앵커는 물속에서도 물건을 탐지하는 레이더를 지녀 어드마이어 호와 나갈 날을 위해 헬름과 매일 훈련한다"
F1044,사실,44,2023-07-20,event_goldenship,0,0,,0,0,,,,,,44,1,,person:차임 person:크라운 place:크라운_왕국,확정,,,"지상의 난파선에서 만난 니케 차임은 왕국의 부흥을 위해 크라운을 돕는 신하라며 보물 지도로 돈이 될 것을 찾아다니고, 사람을 '노비'라 부른다"
F1045,사실,44,2023-07-20,event_goldenship,0,0,,0,0,,,,,,44,1,,person:마스트 person:앵커 person:프림 person:지휘관,확정,,,"해적 맥의 일지에 따르면 그들은 '바다의 신'의 지도를 따라 그곳에 닿아 보물을 찾았고, 배가 더 움직이지 못하자 뒤에 올 해적을 위해 지도를 둘로 나눠 근처 사막에 숨기고 축복을 [해적의 눈]에 두었다 — 망루에서 나온 축복은 아주 달고 맛있는 황금색 음료였고, 그때 해무 속에 거대한 함선의 황금빛 그림자가 보였다 사라졌다"
F1046,사실,44,2023-07-20,char:350,0,0,,0,0,,,,,,44,1,,place:방주 place:지상 person:마스트,확정,,,"방주에는 인류가 지상에 있던 시절의 고전 영화들이 대중에게 풀려 있고, 그중 [카스피안의 해적]의 후속작이 방주에서 제작된다 — 촬영장의 배우 · 스태프 대부분은 바다를 본 적이 없어 해적을 '지상에 있었을지도 모르는 상상 속 범죄자'로, 바다도 있는지 모르는 것으로 여긴다"
F1047,사실,44,2023-07-20,char:350,0,0,,0,0,,,,,,44,1,,person:마스트 person:지휘관 org:이지스,확정,,,"이지스의 마스트는 [카스피안의 해적]의 캡틴 잭(잭 로우)을 보고 해적을 꿈꾸게 되었고, 잭 로우 역 배우에게 조롱받아 로망을 잃었다가 지휘관이 분장한 '캡틴 커맨더'와 해적의 노래를 부르며 되찾았다 — 마스트의 로망은 언젠가 바다로 나가 유명한 해적이 되어 해적이 상상 속에만 있지 않음을 방주 모두에게 증명하는 것이다"
F1048,사실,45,2023-08-03,event_seayouagain1,0,0,,0,0,,,,,,45,1,,person:엔더슨 person:버닝엄 person:헬름 person:마스트 person:앵커 place:어드마이어_호 place:블루워터_아일랜드 org:이지스,확정,event_seayouagain1,,"엔더슨은 블루워터 아일랜드 근처 바닷속에서 잡힌 거대 신호가 아주 미약하게 이동한다며, 만일에 대비해 지휘관에게 확인을 맡기고 별일 없으면 피서를 즐기고 오라고 했다 — 버닝엄은 헬름이 청한 어드마이어 호의 지상 출전을 일주일 뒤 선상 파티 · 유지비 · 리스크를 들어 거절해, 이지스에서는 헬름만 가고 마스트 · 앵커는 파티를 맡았다"
F1049,사실,45,2023-08-03,event_seayouagain1,0,0,,0,0,,,,,,45,1,,place:블루워터_아일랜드,확정,event_seayouagain1,,블루워터 아일랜드와 육지를 잇는 바닷길은 일주일 정도 간격으로 열려 6~7일쯤 지나면 잠기고 — 지난번 일행이 섬에 갇힌 것은 이를 몰라서였다 — 섬 안은 사방이 바다이고 유일한 길에 데코이를 두면 안전지대로 여겨졌다
F1050,사실,45,2023-08-03,event_seayouagain1,1,0,45,0,0,,,,,,45,1,J50,concept:크라켄 concept:타일런트_급 person:헬름 person:리타 person:아니스,확정,event_seayouagain1,,"섬에 온 날부터 헬름에게만 진동 소리가 들렸고, 리타가 아니스의 휴대폰 GPS 수신기로 만든 수상 관측기에 움직이는 신호가 잡힌 뒤 바닷속에서 섬만 한 랩쳐가 떠올랐다 — 헬름은 그것을 과거 '바다의 블랙홀'이라 불린 타일런트 급 해상 랩쳐 [크라켄]이라 했고, 기록상 마지막 발견은 100년도 더 전이다"
F1051,사실,45,2023-08-03,event_seayouagain1,2,1,40,0,0,,,,,,45,2,,concept:크라켄 concept:랩쳐 person:헬름 person:리타 person:엔더슨 place:블루워터_아일랜드,확정,event_seayouagain1,,"헬름에 따르면 해상 랩쳐가 거의 사라진 것은 효율 때문이고, 동력을 찾기 힘든 크라켄은 오래 바닷속에 묻혀 있었을 것이다 — 헬름 · 지휘관은 지난번 리타가 섬 전력을 살린 것이 깨운 원인이라 보았고(리타는 그 전기로는 모자랐을 텐데 이상하다고 했다), 엔더슨도 전력 공급으로 임시로 눈뜬 1기라 해상 랩쳐의 부활은 아니라고 보았다"
F1052,사실,45,2023-08-03,event_seayouagain1,0,0,,0,1,,,,,,57,2,,concept:크라켄 person:라피 person:리타 place:블루워터_아일랜드,확정,event_seayouagain1,,"크라켄은 섬 밖으로 나가는 바닷길 옆을 지키며 길을 건너려는 이를 촉수로 위협 · 공격하고 촉수로 섬 전체를 감싸 일행을 가두었다 — 에블라 입자 농도는 그대로인데 방주와의 통신이 끊겨 라피는 재밍 능력으로 보았고, 리타는 동력이 모자란 크라켄이 일행을 [먹이]로 가둔 것 같다고 했다"
F1053,사실,45,2023-08-03,event_seayouagain1,0,0,,0,0,,,,,,45,1,,person:엔더슨 person:잉그리드 person:버닝엄 person:마스트 person:앵커 place:어드마이어_호 concept:크라켄,확정,event_seayouagain1,,"지휘관의 끊기던 구조 요청을 받은 엔더슨은 잉그리드 · 버닝엄과 회의해 만장일치로 어드마이어 호 출전을 정했고 — 잉그리드에 따르면 크라켄은 1차 랩쳐 침공 이후 한 번도 보이지 않았으며, 버닝엄은 무슨 일이 생기면 자기가 감당하겠다며 출전을 허가해 달라고 했다 — 헬름이 없어 마스트 · 앵커가 임무를 전적으로 맡았다"
F1054,사실,45,2023-08-03,event_seayouagain1,0,0,,0,0,,,,,,45,1,,place:어드마이어_호 concept:양산형_니케 org:이지스 person:마스트 person:앵커,확정,event_seayouagain1,,"어드마이어 호에는 상시 대기하는 점검 담당 양산형 니케들(본체 · 엘리베이터 점검팀)이 있어 3시간 안에 출전 준비를 마쳤고, 시동은 이지스만 켤 수 있는 키로 걸며, 수영장이 있는 격납 공간 자체가 배를 지상 바다로 올리는 엘리베이터다 — 상부의 레이저포(이지스 캐논)는 한 번도 쓰이지 않아 한 발만 쏠 수 있었다"
F1055,사실,45,2023-08-03,event_seayouagain1,1,0,45,0,0,,,,,,45,1,,person:헬름 person:아니스 person:지휘관 place:어드마이어_호 concept:크라켄,확정,event_seayouagain1,,"바닷길 돌파 중 크라켄에게 끌려가던 헬름을 아니스가 다리를 다치면서도 놓지 않고 모두와 끌어올렸고, 헬름은 미사일을 피해 지휘관을 안고 바다로 들어가 지켰다가 촉수를 정면으로 맞고 가라앉았다 — '너는 바다 위에 군림해야 하는 이지스 스쿼드의 리더다'라는 목소리에 눈을 뜨자 어드마이어 호가 와 있었다"
F1056,사실,45,2023-08-03,event_seayouagain1,3,3,18,0,1,,,,,,78,4,,person:헬름 person:마스트 person:앵커 place:어드마이어_호 concept:크라켄 person:얀 person:엔더슨 org:이지스,확정,event_seayouagain1,,"헬름 · 마스트 · 앵커는 어드마이어 호로 크라켄과 싸워 이지스 캐논 한 발로 본체를 뒤로 넘기고 최고 속도로 돌진했는데, 한 발뿐이던 이지스 캐논이 저절로 200%까지 충전되어 크라켄을 격추했다 — 크라켄의 부품은 얀이 어드마이어 호에 실어 회수했고, 엔더슨은 해상 랩쳐 정보가 약 100년 만에 갱신된다며 일주일 휴식을 허락했다"
F1057,사실,45,2023-08-03,event_seayouagain1,0,0,,0,0,,,,,,45,1,,place:어드마이어_호 person:버닝엄 person:헬름 concept:크라켄,확정,event_seayouagain1,,"크라켄 격추 뒤 어드마이어 호는 '중요한 때 필요했다'는 의견과 '100년에 한 번 필요한 것은 쓸모없다'는 의견이 갈린 끝에, 돈이 많이 들어도 완전히 수리 · 보수하되 방주의 수영장 자리에 그대로 두기로 했고 — 버닝엄은 크라켄의 귀중한 자료를 확보했다며 공을 치하하는 선상 파티를 열었다"
F1058,사실,45,2023-08-03,char:15,0,0,,0,0,,,,,,45,1,,place:블루워터_아일랜드 person:아니스 person:지휘관,확정,char:15,,"블루워터 아일랜드의 덩굴에 가려진 동굴 안에는 섬에 살던 이가 입구에 돌 굴리는 함정과 숨긴 뒷문을 두고 쓴 작은 방이 있었다 — 그의 일기에 따르면 섬은 안전하지만 괴물도 사람도 없어 고독했고, 뒷문 밖 호텔 옆 언덕의 탁자에는 빈 맥주캔과 함께 마실 사람을 기다리듯 따지 않은 한 캔이 남아 있었다"
F1059,사실,45,2023-08-03,char:351,0,0,,0,0,,,,,,45,1,,org:동식물_관리국 person:앵커 person:헬름 person:마스트 person:버닝엄 org:달란트,확정,,,"정부 원칙상 모든 동식물은 동식물 관리국이 관리해서, 버닝엄의 얼굴로 눈감아 주던 앵커의 사적 해양 생물 컬렉션이 선상 파티에서 로열 귀빈이 불가사리를 밟고 넘어진 클레임으로 경고를 받았다 — 마스트의 앵무새는 임무에 도움이 된다는 명목으로 허용되고, 앵커의 것은 상인 연합이 관리국 로비를 맡는 대신 캐릭터 상품을 팔기로 해 지켜졌다"
F1060,사실,45,2023-08-03,char:351,0,0,,0,0,,,,,,45,1,,person:잉그리드 concept:니케 concept:사고_전환 person:앵커,확정,,,"잉그리드에 따르면 대부분의 니케는 제조 때 모든 기억을 소거당해 뇌의 의식 층위 기억은 지워지지만, 과거의 강렬한 기억과 비슷한 상황에 놓이면 무의식의 작용으로 그 기억이 되살아난다는 보고가 있다 — 또 스스로의 존재에 대한 이질감은 사고 전환의 전조이고, 말로만 전해진 기억은 자신을 더 낯설게 만든다"
F1061,사실,45,2023-08-03,char:351,0,0,,0,0,,,,,,45,1,,org:3대_기업 place:리페어_센터 concept:니케 person:지휘관,확정,,,"지휘관이 정기적으로 하는 니케 멘탈 테스트는 3대 기업의 합의로 규격화된 것으로, 탈락하면 바로 리페어 센터에 들어가야 한다"
F1062,사실,45,2023-08-03,char:351,0,0,,0,0,,,,,,45,1,,person:앵커 person:지휘관 place:어드마이어_호,확정,,,"인간 시절 기억이 없어 코어 심장의 자신을 딱딱하게 느끼던 앵커는, 어드마이어 호 정박 구역에 다이빙해 되찾은 기억에서 인간 앵커가 다리가 불편하고 앞을 못 보던 소녀로 물속에서 가장 살아 있다고 느꼈고 해양 구조대를 꿈꿨음을 알았다 — 그 뒤 좋아하고 해야 한다고 여기는 것이 이어지는 것이 삶이라며 자신이 이어지고 있다고 깨달았다"
F1063,사실,46,2023-08-10,char:353,0,0,,0,0,,,,,,46,1,,org:이지스 person:헬름 place:어드마이어_호 person:마스트 person:앵커,확정,char:353,,"헬름에 따르면 이지스는 방주 유일의 해군 · 유일의 전함을 가진, 방주에서 유지비가 가장 많이 드는 스쿼드라 누구도 '처음이라 괜찮다'고 해 주지 않아 처음부터 완벽해야 한다고 여겨 왔고 — 그 초조함으로 늘 마스트 · 앵커를 닦달하며 다투었다"
F1064,사실,46,2023-08-10,char:353,0,0,,0,0,,,,,,46,1,,person:헬름 person:지휘관,확정,char:353,,"헬름은 지휘관을 처음 봤을 때부터 심장이 빨리 뛰고 얼굴이 뜨거워지는 것을 인간이자 상관이라며 외면해 왔는데, 블루워터 아일랜드에서 리더로서 지도를 받은 끝에 털어놓자 지휘관이 입을 맞추고 사랑도 가르쳐 주겠다고 했다"
F1065,사실,47,2023-08-24,event_firstaffection,1,0,47,0,0,,,,,,47,1,,person:마리안 person:크라운 person:차임 person:홍련 person:스노우_화이트 person:라푼젤 person:지휘관,확정,event_firstaffection,,"지상 어딘가에서 백기사 크라운 · 차임과 함께 지내는 마리안은 홍련에게서 술을 받고 스노우 화이트 · 라푼젤과도 어울리며, 처음엔 지휘관을 원망했지만 이제 지휘관의 선택을 이해하고 카운터스와 행복했던 때로 돌아가기를 믿으며 지휘관이 찾으러 올 때까지 기다리겠다고 속으로 말한다"
F1066,사실,47,2023-08-24,event_firstaffection,0,0,,0,0,,,,,,47,1,,person:마리안 person:지휘관 org:카운터스,확정,event_firstaffection,,"헬레틱에서 돌아와 카운터스와 지내던 무렵의 마리안은 어린아이처럼 굴며 철장을 맨손으로 구부렸고, 지휘관의 냄새가 밴 셔츠와 팬 펀딩으로 만든 지휘관 인형을 끼고 다녔다 — 지휘관은 마리안을 떠나보낼 때 셔츠 몇 벌을 챙겨 넣어 주었다"
F1067,사실,48,2023-09-01,char:810,0,0,,0,0,,,,,,48,1,,org:인류연합군 org:중앙_정부 concept:랩쳐,확정,char:810,,"라피에 따르면 [인류연합군]은 중앙 정부군의 전신으로, 인류가 지상을 빼앗기기 전 랩쳐와 싸우려 전 세계가 연합해 만든 군사 조직이다 — 지상 공장에 숨은 생존자의 일지에는 기다려도 오지 않는 인류연합군에 대한 원망이 남아 있었다"
F1068,사실,48,2023-09-01,char:810,0,0,,0,0,,,,,,48,1,,org:갓데스 concept:니케 incident:랩쳐_침공,확정,char:810,,"1차 랩쳐 침공 뒤 지상의 공장에 숨은 생존자가 라디오에서 녹음한 방송에 따르면, 처음엔 니케 제작에 반대하는 의견이 지배적이었으나 갓데스 스쿼드가 1차 침공 뒤 처음으로 대대적인 반격 승리를 거두어 희망이 되었고 수많은 니케가 함께 싸웠다 — 생존자는 은신처 비밀번호를 NIKKE로 하고 책상에 '승리의 여신이 구원하리라'를 새겼다"
F1069,사실,48,2023-09-01,char:812,0,0,,0,0,,,,,,48,1,,concept:양산형_니케 concept:니케 concept:랩쳐,확정,,,"지상에서 다리를 잃은 한 양산형 니케는 이름이 없어 그냥 '니케'라 불러 달라 했고, 똑같이 생긴 이들과 이야기해 본 적도 동료도 없이 랩쳐를 죽이는 것이 태어난 이유라며 싸우기만 해 와 지상을 지옥 · 전쟁터로만 여겼으며 — 하늘을 올려다본 것도 동물을 본 것도 처음이었다"
F1070,사실,49,2023-09-08,char:811,0,0,,0,0,,,,,,49,1,,concept:랩쳐 person:P-12,확정,,,"양산형 니케 P-12에 따르면 랩쳐는 보통 동물을 공격하지 않아, 지상의 동물은 전투에 휘말리지만 않으면 잘 살 수 있다"
F1071,사실,50,2023-09-21,event_schooloflock,0,0,,0,0,,,,,,50,1,,place:미미르_부속_고등학교 org:M.M.R. org:미실리스,확정,,,"미미르 부속 고등학교는 생활부터 교육과정까지 모두 M.M.R.의 계획을 따르고 선생은 짜 준 커리큘럼대로 가르칠 뿐이며, 교육과정이 바깥에 알려지지 않았고 졸업생도 드물어 — 알려진 것은 미실리스 차기 대표 스쿼드에 몇 명 들어간 것뿐이다"
F1072,사실,50,2023-09-21,event_schooloflock,0,0,,0,0,,,,,,50,1,,place:미미르_부속_고등학교 org:M.M.R. concept:니케 person:마르차나,확정,,,"마르차나에 따르면 미미르 부속 고등학교는 교육으로 니케의 능력을 키울 수 있는지 보려고 세운 곳으로, 시험은 필기(지휘관을 보좌할 지능)와 실기로 나뉘며 학기말 실기는 원래 지상에서 실제 랩쳐와 싸우는 실전이라 학생이 죽을 수도 있다"
F1073,사실,50,2023-09-21,event_schooloflock,1,0,50,0,1,,,,,,81,2,,place:미미르_부속_고등학교 org:M.M.R. concept:사고_전환 person:트리세라,확정,,,미미르 부속 고등학교에서 시험에 떨어진 학생은 기억을 소거당하고 다른 모습으로 1학년부터 다시 시작하는 '리셋'을 겪고 — 리셋이 잦으면 학생들이 사고 전환을 일으킬까 봐서다 — 리셋을 세 번 당하면 연구소로 가 지상 병 치료약 · 신식 니케 바디를 시험하는 실험체가 된다
F1074,사실,50,2023-09-21,event_schooloflock,1,0,50,0,0,,,,,,50,1,,place:미미르_부속_고등학교 person:트리세라 person:츠바이,확정,,,"트리세라에 따르면 필기시험은 점수와 상관없이 전교 1 · 2 · 3등이 실기시험을 망쳤을 때 한 번 구제해 주는 보험일 뿐이라, 학생들은 그것을 알면서도 시험 때마다 미신과 기행에 매달린다"
F1075,사실,50,2023-09-21,event_schooloflock,0,0,,0,1,,,,,,149,2,,place:미미르_부속_고등학교 person:마르차나 person:지휘관,확정,,,"미미르 부속 고등학교의 시험관은 [지휘관]만 될 수 있는데, 학생 고유의 능력을 가리려고 보통 지상에 가 본 적 없는 초짜나 오래 성과가 없는 지휘관을 부른다 — 마르차나는 원래 초대될 지휘관의 이름을 지우고 지휘관을 초대해, 학교의 부조리를 기억할 증인이 되어 달라고 했다"
F1076,사실,50,2023-09-21,event_schooloflock,0,0,,0,0,,,,,,50,1,,place:미미르_부속_고등학교 org:필그림 org:M.M.R. person:마르차나,확정,,,"마르차나에 따르면 미미르 부속 고등학교는 학생들을 극한 상황에 몰아넣고 배급한 무장이 쓸만한지, 필그림의 무장을 참고해 만든 새 무기를 현존 니케에게 상용화할 수 있는지를 실험하듯 시험한다"
F1077,사실,50,2023-09-21,event_schooloflock,0,0,,0,1,,,,,,82,2,,person:트리세라 person:마르차나 person:에테르 person:지휘관 place:미미르_부속_고등학교,확정,,,"필기시험을 망쳐 이번이 마지막이라 여긴 트리세라는 친구들을 대피시키려 학교에 불을 지르고 지상행 엘리베이터와 함께 자폭하려 했지만, 마르차나가 리모컨과 폭탄을 쏘아 막고 데려가 트리세라는 실기에 합격했다 — 방화는 시험 기행으로 처리되었고 에테르가 페널티 없이 무마했다"
F1078,사실,50,2023-09-21,event_schooloflock,2,0,50,0,2,,,,,,149,3,,person:마르차나 person:에테르 place:미미르_부속_고등학교 org:M.M.R.,확정,,,"마르차나는 오직 선생이 되기 위해 만들어진 니케로, 학교의 어떤 것도 용납한 적 없이 언젠가 학교를 폭로 · 해방하려 한다 — 이를 아는 M.M.R. 수석 연구원 에테르는 모두 니케일 뿐이라며 아군도 적도 아니라 하고, 마르차나가 학생들을 어디까지 지켜낼지 가능성을 보고 싶다며 도왔다"
F1079,사실,50,2023-09-21,char:321,0,0,,0,0,,,,,,50,1,,person:마르차나 person:라이 person:코코아 person:지휘관 place:미미르_부속_고등학교,확정,,,통합 P반 선생 마르차나는 귀여운 것을 보면 생각이 멈춰 버려 너무 귀여운 라이에게만 무뚝뚝하게 굴어 차별로 오해받았는데 — 몰래 코코아의 메이드 카페 단골이기도 했다 — 지휘관과 연습한 끝에 라이에게 귀엽다고 인정하고 사과한 뒤 차별 없이 엄하게 가르치기로 했다
F1080,사실,50,2023-09-21,char:321,0,0,,0,0,,,,,,50,1,,person:비스킷 person:마르차나,확정,,,"비스킷에 따르면 동물 보호소는 함부로 들어갈 수 없지만 봉사의 날이 있고, 새로 들어오는 강아지 대부분이 버림받아 마음에 상처가 있으며 보호소의 강아지는 날이 갈수록 늘고 있다"
F1081,사실,51,2023-10-05,event_dazzlingcupid,0,0,,0,0,,,,,,51,1,,person:티아 person:나가 person:지휘관 place:미미르_부속_고등학교,확정,event_dazzlingcupid,,"미미르 부속 고등학교 졸업반 L반의 학생 니케 티아 · 나가는 몇 년을 함께해 온 친구로, 나가는 물건을 잘 깜빡하는 티아의 옷 · 준비물 · 점심까지 늘 챙겨 왔다 — 지휘관은 '피치 못할 사정'으로 며칠 동안 L반 임시 선생을 맡았다"
F1082,사실,51,2023-10-05,event_dazzlingcupid,0,0,,0,0,,,,,,51,1,,person:나가 place:미미르_부속_고등학교 person:지휘관,확정,event_dazzlingcupid,,나가에 따르면 대부분의 학교 선생들은 학생에게 크게 관심이 없다 — 학생은 군사적 목적으로 잘 성장하기만 하면 그만이라 적당한 관심과 필요에 의한 관리만 한다 — 그래서 시간을 내 보충 수업을 해 준 지휘관을 '진짜' 선생이라 여겼다
F1083,사실,51,2023-10-05,event_dazzlingcupid,0,0,,0,0,,,,,,51,1,,person:지휘관 person:티아 person:나가,확정,event_dazzlingcupid,,"지휘관은 쇼핑몰 이벤트 1등 상품 [사랑의 화살](화살촉이 닿으면 상대의 마음을 사로잡는다는 하트 화살촉 화살)을 받아 임시 선생이 끝나는 날 주고 싶은 사람에게 주겠다고 했고, 티아 · 나가는 라이벌로 다투다 서먹해졌다 — 마지막 날 지휘관이 한 사람에게 화살을 준 뒤 둘은 화해하고, 지휘관을 좋아하는 마음은 양보하지 않되 싸우지는 않기로 했다"
F1084,사실,51,2023-10-05,event_dazzlingcupid,0,0,,0,0,,,,,,51,1,,person:티아 person:지휘관,확정,event_dazzlingcupid,,"디저트에 진심인 티아는 메이드 카페 단골로, 디저트를 먹기 전 원하는 사진이 나올 때까지 한 시간이 넘도록 찍어 SNS에 올린다 — 대부분은 기다리다 돌아가 버렸지만 지휘관은 묵묵히 기다려 주었다"
F1085,사실,51,2023-10-05,char:450,0,0,,0,1,,,,,,149,2,,place:미미르_부속_고등학교 person:나가 person:마르차나,확정,,,"나가에 따르면 미미르 부속 고등학교는 이름만 학교일 뿐 니케가 더 우수하고 강력한 전력이 되기 위한 곳으로, 일정 기간마다 조별 '실전' 시험을 봐 일정한 훈련 성적을 내지 못하는 학생은 학교에 필요 없게 된다 — 신입생 첫 시험은 예고 없이 지상에 올라가 랩쳐를 처치하는 임무라 나가의 반 42명 가운데 18명만 살아남았다"
F1086,사실,51,2023-10-05,char:450,1,0,51,0,3,,,,,,149,4,,person:나가 person:티아 person:마르차나 place:미미르_부속_고등학교,확정,,,"신입생 때 마르차나 같은 선생이 되고 싶던 나가는 첫 시험에서 조원을 구하지 못하고 혼자 살아남았고, 두 번째 시험에서 E반 T조 넷이 모두 살아남았는데도 마르차나가 지상에서 살아남는 것은 통과가 아니고 우수한 전투 능력을 가진 학생만 통과한다며 나가 · 티아만 통과시키고 나머지 둘은 다른 선생을 따라가게 하자 선생의 꿈을 포기했다"
F1087,사실,51,2023-10-05,char:450,1,0,51,0,0,,,,,,51,2,,person:티아 person:나가,확정,,,"신입생 첫 시험에서 성적이 가장 좋았던 티아는 조원이 모두 죽고 혼자 통과했지만 오래돼 잘 기억 못 한다며 웃었고 — 나가는 이에 화를 냈다 — 두 번째 시험을 같은 조로 통과한 뒤 혼자 살아남았다고 자책하는 나가에게 평생 단짝 친구를 하자고 해, 그 뒤 반과 친구가 바뀌어도 둘은 함께 시험을 통과해 왔다"
F1088,사실,51,2023-10-05,char:450,0,0,,0,0,,,,,,51,1,,person:나가 person:티아 person:지휘관,확정,,,"나가는 신입생 첫 시험의 공포에서 아직 벗어나지 못해 시험 기간이면 기분이 가라앉고 멍해지며, 스스로를 유리 너머 강물을 보면서도 나갈 수 없이 주어진 운명에 순응해야 하는 어항 속 물고기처럼 느낀다 — 티아는 이를 알고 지휘관에게 나가를 부탁했다"
F1089,사실,52,2023-10-12,char:451,0,0,,0,1,,,,,,149,2,,person:티아 person:지휘관 person:에이드 person:소다 person:코코아 person:비스킷 person:네로 person:레오나,확정,,,되고 싶은 것이 없던 티아는 진로 희망을 찾으려 지휘관과 메이드 카페 일일 메이드 · 해피 주 보호소 일일 훈련사 · 지휘관의 일일 개인 비서를 체험했지만 모두 어긋났고 — 티아가 좋아하는 동물은 이구아나 · 도마뱀 · 카멜레온 · 악어 · 뱀 같은 파충류였다 — 진짜로 될 수는 없겠지만 체험만으로 행복했다고 했다
F1090,사실,52,2023-10-12,char:451,1,1,51,0,0,,,,,,52,2,,person:티아 person:나가 place:미미르_부속_고등학교,확정,,,"졸업반 진로 희망 조사에 티아는 '어차피 우리가 정하는 게 아니고 하고 싶어도 할 수 있는 것도 아니다, 우리는 학생이니까'라며 [없음]이라 썼다가 나가가 고쳐 준 [미정]으로 냈고 — 나가는 여기가 학교가 아니라는 것을 모두 잘 안다며 [학교가 원하는 것]이라 써냈다"
F1091,사실,53,2023-10-19,event_freezeacpu char:33,0,0,,0,2,,,,,,106,4,,person:키리 org:A.C.P.U. person:지휘관 person:폴리,확정,event_freezeacpu char:33,,"A.C.P.U.에 새로 넘어온 니케 키리는 시력이 매우 나빠 사람과 사물을 흐릿하게만 보고(예전에 보급 상자를 랩쳐로 알고 폭파한 적도 있다) 엉뚱한 곳을 보고 인사해 불쾌하다는 말을 듣곤 하지만, 지휘관만은 선명하게 보여 순찰에서 지휘관과 한 팀이 되었다"
F1092,사실,53,2023-10-19,event_freezeacpu,0,0,,0,0,,,,,,53,1,,org:A.C.P.U. person:폴리 person:키리 person:미란다 person:노벨 person:드레이크 org:카운터스,확정,event_freezeacpu,,"할로윈 [캔디 고스트 파티](중앙 공원 · 10월 30일 밤새)에 A.C.P.U.가 카운터스의 도움으로 순찰했는데, 분장한 여자가 나눠 준 사탕이 '미각을 잃게 하는 사탕'이라는 소동이 났지만 — 아이들을 좋아하는 그 여자가 재미로 맛없는 함정 사탕을 섞고 과자 집 창고에 숨은 방을 꾸민 것이었고 미각을 잃은 사람은 없었다"
F1093,사실,53,2023-10-19,char:33,0,0,,0,1,,,,,,71,2,,person:키리 org:A.C.P.U. person:폴리 person:미란다 place:전초기지,확정,char:33,,"A.C.P.U.의 셋째 니케 키리는 행정 업무 처리 능력이 뛰어나 현장에 거의 나오지 않았지만(폴리가 반쯤 강제로 막음), 방주의 큰 행사를 앞두고 A.C.P.U. 전원이 소집되며 전초기지에서 함께 지내게 되었다 — 니케인데 시력이 나빠 검사하고 안구를 갈아 끼워도 그대로이고, 폴리의 코에도 키리의 냄새는 안개 낀 듯 흐릿하다"
F1094,사실,53,2023-10-19,char:33,0,0,,0,0,,,,,,53,1,,person:키리 person:리타 person:센티 person:슈가 person:밀크 person:프림,확정,char:33,,"모든 것이 흐릿하게 보이는 키리의 눈에 반짝이는 것은 또렷이 보여, 리타 · 센티가 온종일 공방을 뒤져도 못 찾은 손톱만 한 부품과 슈가가 안 쓰는 찬장에 숨긴 비상금을 곧바로 찾아냈다"
F1095,사실,54,2023-11-02,ch25,0,0,,0,0,,,,,,54,1,J5,person:엔더슨 person:지휘관,확정,ch25,,엔더슨은 생명유지 장치 없이는 30분도 살 수 없다(원래는 두 시간쯤 거뜬했지만 지휘관에게 수혈한 뒤 크게 줄었다) — 방주 전기로 움직이는 장치가 이번 사태 중 정전으로 잠깐 멈춰 목숨이 위험했고 지금 응급 처치 중이다
F1096,사실,54,2023-11-02,ch25,0,0,,0,0,,,,,,54,1,,person:엔더슨 person:지휘관 place:방주 org:중앙_정부 org:필그림,확정,ch25,,엔더슨은 지휘관에게 필그림의 광학미채로 지상을 단 한 평이라도 영구히 탈환해 달라고 했다 — 승리에 들뜬 방주(중앙 정부 안까지)가 '할 만한데 왜 나가지 않느냐'며 승산 없이 방주를 물어뜯기 전에 탈환지가 억제력이자 희망의 씨앗이 된다며 — 장소는 방주와 멀고 자급자족이 되는 곳
F1097,사실,54,2023-11-02,ch25,0,0,,0,2,,,,,,65,2,,concept:NIMPH person:아니스 person:네온,확정,ch25,,"아니스에 따르면 NIMPH는 죽은 니케의 기억을 날조해 트라우마를 억제한다(몇 번이고 죽는 니케가 있어 기억을 온전히 안으면 위험하다) — 그래서 네온은 두 동강 났던 일을 기억 못 하고 계속 싸운 줄 알지만, 아니스는 두 동강 나도 싸울 수 있다고 판단되었는지 전부 기억하며 몇 번 죽어 본 적이 있다고 했다"
F1098,사실,54,2023-11-02,ch25,0,0,,0,0,,,,,,54,1,,org:중앙_정부 org:카운터스 person:잉그리드 person:라피,확정,ch25,,"중앙 정부는 방주 수습을 위해 지상 출격 금지령을 내리고 지상 병력을 모두 불러들여, 라피 · 도로시 수색(표면상 필그림 추적)은 지휘관 · 아니스 · 네온 셋뿐인 극비 작전이 되었다 — 잉그리드는 라피를 만나면 놓으라며 인젝션 건을 주었다"
F1099,사실,54,2023-11-02,ch25,0,0,,0,1,,,,,,101,2,,person:에닉 person:슈엔 org:미실리스 person:지휘관,확정,ch25,,"에닉은 슈엔에게 니케화(고철) · CEO 박탈 · 지휘관 밑 배속을 판결하고 지휘관이 만족할 때까지 그를 도우면 취소한다는 조건을 걸었지만 — 지휘관에게는 미실리스가 무너지면 방주도 무너질 수 있어 신변에 변화가 있을 형벌은 내릴 수 없다며, 슈엔을 교정하려 그가 가장 두려워할 것을 조합한 거짓 판결이고 둘만 아는 비밀이라 했다"
F1100,사실,54,2023-11-02,ch25,2,2,36,0,0,,,,,,54,3,J16,person:에닉 person:잉크 person:지휘관 place:방주,확정,ch25,,"에닉은 이번 사태를 인재로 보고, 자기 판결을 피해 간 소수가 모두 기득권층이며 객관의 기준이 그들에게 맞춰져 있었다며 앞으로 [자체적인 판단]으로 방주를 운용하겠다고 했다 — 그 안전장치로, 자기가 [폭주] 단계에 들었다고 판단되면 시뮬레이션 룸의 잉크를 찾아가라, 그 뒤는 그녀가 알아서 한다고 지휘관에게 부탁했다"
F1101,사실,54,2023-11-02,ch25,0,0,,0,0,,,,,,54,1,,person:도로시 person:라피 concept:헬레틱 person:니힐리스타 person:인디빌리아 person:토커티브,확정,ch25,,"도로시에 따르면 지상 사출 뒤 그 자리에서 헬레틱들과 싸움이 이어져 라피가 압도했고, 헬레틱들이 도주하자 라피가 추적해 떠났다 — 도로시는 무리한 탓에 출력이 안정되지 않아 따라가지 못하고 그 자리에서 카운터스를 기다려 라피 수색에 동행했다"
F1102,사실,54,2023-11-02,ch25,0,0,,0,0,,,,,,54,1,,person:도로시 person:라피 person:레드_후드 person:아니스,확정,ch25,,도로시는 라피의 힘이 아니라 힘이 발동될 때 보인 머플러가 몹시 신경 쓰인다며 아니스에게 레드 후드라는 이름을 아느냐고 물었다 — 아니스는 머플러를 처음 보았고 레드 후드라는 이름도 처음 듣는다고 했다
F1103,사실,54,2023-11-02,ch25,0,0,,1,3,,,,,,128,4,,person:니힐리스타 person:인디빌리아 person:토커티브 person:도로시 place:에덴 person:지휘관,확정,ch25 side:eden_spear,,"인디빌리아 · 토커티브에게 물리고 베인 니힐리스타는 재생이 더딘 채 버려져 있었고 셋은 애초에 서로 믿지 않았다고 했다 — 도로시는 화룡으로 수많은 니케를 태워 죽이고 에덴을 괴롭힌 그녀를 편히 죽게 두지 않겠다며 '낙원의 사자들'이 데려가도록 두고 갔고, 지휘관은 슈엔이 준 위장포를 덮어 주었다"
F1104,사실,54,2023-11-02,ch25,0,0,,0,0,,,,,,54,1,,person:도반 person:버닝엄 person:엔더슨 person:도로시 person:에닉 org:중앙_정부 place:에덴,확정,ch25,,"도반은 헬레틱 부활의 중심에 있는 도로시를 죽여야 한다고 했지만, 버닝엄은 도로시가 준 광학미채가 수십 번 검증해 진짜로 판명되었다며 진의를 기다리자 했고(최악의 경우엔 에닉이 준비하는 수단이 있다), 엔더슨도 에덴의 전력을 모르는 채 싸울 수 없다며 찬성했다 — 도반은 따르되 중앙 정부 데이터베이스에서 도로시의 과거를 따로 조사하겠다고 했다"
F1105,사실,54,2023-11-02,ch25,0,0,,0,0,,,,,,54,1,,person:버닝엄 person:엔더슨 org:갓데스 org:중앙_정부 person:도로시,확정,ch25,,"버닝엄에 따르면 방주는 실체를 가진 신격화를 막으려 갓데스에 대한 정보를 계속 왜곡하고 덜어내, 지금은 갓데스라는 이름 말고는 중앙 정부 데이터베이스에도 남은 정보가 없다 — 이를 물은 엔더슨은 혼자 남아 '도로시'라고 중얼거렸다"
F1106,사실,54,2023-11-02,ch25,0,0,,0,0,,,,,,54,1,,person:도로시 person:아니스 person:네온 person:라피 org:카운터스,확정,ch25,,"도로시는 카운터스가 한 사람(라피)의 백업에 익숙해 움직임이 허술하다며 아니스 · 네온이 라피와 지휘관의 발목을 잡는다고 했고, 까닭을 묻자 누군가의 희생을 당연하게 느끼는 것 같아 역겨웠다고 했다 — 아니스 · 네온은 라피가 믿고 달려나간 동료로서 가진 것으로 최선을 다하겠다고 다짐했다"
F1107,사실,54,2023-11-02,ch25,0,0,,0,0,,,,,,54,1,,person:도로시 concept:퍼펙트 org:갓데스,확정,ch25,,"도로시는 방주 음식, 특히 퍼펙트는 절대 먹지 않는다며 거절하다가 순수 지상 재료로 만든 퓨어 초코바를 먹고 '그리운 맛이네요, 자주 먹었었는데, 갓데…' 하다 말을 끊고 자리를 떴다"
F1108,사실,54,2023-11-02,ch25,1,0,54,0,0,,,,,,54,1,,person:도로시 person:지휘관 place:방주,확정,ch25,,"도로시는 지휘관에게 거짓된 낙원은 존재해서는 안 된다며 방주를 파멸시킬 것이라 말했지만, 지휘관은 정말 파멸이 목적이었다면 니힐리스타와 싸우지 않고 이탈했을 것이라며 방주를 지켜 줘서 고맙다고 했다"
F1109,사실,54,2023-11-02,ch25,2,1,44,0,2,,,,,,128,4,J2,person:레드_후드 person:라피 person:크라운 person:차임 org:바이스리터 person:도로시,확정,ch25,,"라피였던 몸의 레드 후드는 백기사 크라운 · 차임과 함께 다니고 있었다 — 레드 후드를 알아본 도로시는 끌어안았다가 '당신은 죽었는데, 누구냐'며 물러났고, 레드 후드는 자기가 라피의 친구인지 스승인지 동료인지 애매하다며 라피는 '여기'(자기 가슴)에 있다고 했다"
F1110,사실,44,2023-07-20,sub:중앙정부_프로토콜_00,0,0,,0,0,,,,,,44,1,,org:프로토콜 person:엑시아 person:노벨 place:쉘터 place:방주 person:지휘관,확정,sub:중앙정부_프로토콜_00,,"방주 사태로 사람들이 쉘터에 있던 때, 방주가 괜찮다고 알려지며 쉘터 안에서 평소 일을 시작하자 프로토콜의 엑시아는 즐겨 하는 게임이 안 되면 사람들이 큰 문제로 여길 것이라며 지휘관에게 파퀘 게임 서버를 고치게 했고, 노벨은 이런 때 도는 괴문서를 단속했다"
F1111,사실,54,2023-11-02,relic:마더웨일아종목격보고.wav,0,0,,0,0,,,,,,54,1,,concept:마더_웨일,확정,relic:마더웨일아종목격보고.wav,,"지상의 한 보고자가 색과 형태가 기존과 다른 마더 웨일(새 종일지 모른다)을 추적했는데, 그것은 지상에 거칠게 내려앉으며 숲 일부를 집어삼켰고 옆구리에서 역시 형태가 다른 소형 랩쳐 — 어설프고 약해 보이며 덩치가 너무 작은 — 를 내보냈다 · 그 랩쳐가 이쪽을 쳐다보는 것 같아 보고자는 퇴각했다"
F1112,사실,55,2023-11-02,ch26,0,0,,0,0,,,,,,55,1,,person:레드_후드 person:라피,확정,ch26,,라피의 몸으로 깨어난 레드 후드에게는 라피의 목소리가 [고향으로]라는 말을 되풀이해 들린다 — 레드 후드는 죽기 직전까지 라피와 함께 다녔지만 그때는 침식 말기라 자세히 기억하지 못한다고 했다
F1113,사실,55,2023-11-02,ch26,0,0,,0,0,,,,,,55,1,,person:크라운 person:차임 person:라피 person:레드_후드 person:도로시,확정,ch26,,"보물을 찾던 백기사 크라운 · 차임은 3 대 1 싸움에서 하나가 셋을 압도해 셋이 도망친 뒤, 남은 하나가 한참 멍하니 서 있다 쓰러지더니 레드 후드로 바뀌는 것을 보았다 — 도로시는 몸과 인격, 복장과 무장까지 통째로 바뀌는 것은 있을 수 없는 일이라 했다"
F1114,사실,55,2023-11-02,ch26,0,0,,0,0,,,,,,55,1,,person:도로시 person:레드_후드,확정,ch26,,도로시는 레드 후드가 자기 옷을 '꼬마가 개량해 준 그대로냐'고 묻고 암구호('오래된 것일수록 좋은 것이다')를 잇자 그녀가 진짜 레드 후드임을 받아들였다
F1115,사실,55,2023-11-02,ch26,0,0,,0,0,,,,,,55,1,J2,person:잉그리드 person:지휘관 person:레드_후드 org:갓데스 place:방주,확정,ch26,,"레드 후드를 만났다는 보고에 잉그리드는 말없이 통신을 끊었고, 지휘관은 레드 후드가 실존한 갓데스의 니케라는 데서 잉그리드가 말한 '방주가 뒤집힐 수도 있다'는 뜻이 원인도 방법도 모르지만 과거의 니케를 현세에 다시 불러올 수 있다는 것이라 짐작했다"
F1116,사실,55,2023-11-02,ch26,1,1,54,0,0,,,,,,55,2,J2,person:잉그리드 person:라피 person:레드_후드,확정,ch26,,"잉그리드에 따르면 레드 후드와 라피는 한 바디를 공유하고, 인젝션 건을 맞히면 라피로 돌아오는 대신 레드 후드는 죽으며, 레드 후드가 그 상태로 오래 있을수록 라피의 의식이 사라져 간다 — 지금은 인젝션 건 말고 되돌릴 방법이 없다(레드 후드는 잉그리드를 '라피를 만든 사람'이라 했다)"
F1117,사실,55,2023-11-02,ch26,0,0,,0,0,,,,,,55,1,,person:레드_후드 person:라피 person:지휘관,확정,ch26,,"죽은 과거의 사람이 지금을 사는 사람의 것을 빼앗을 수 없다며 레드 후드가 곧바로 주사를 맞으려 하자, 레드 후드의 뜻과 달리 그 손이 지휘관의 팔을 붙잡아 막았다 — '라피의 고향'에는 고개를 젓고 '레드 후드의 고향'에서 멈추어, 라피가 자기가 사라질 각오로 레드 후드를 고향에 보내려 한다고 지휘관은 읽었다"
F1118,사실,55,2023-11-02,ch26,0,0,,0,1,,,,,,55,2,,person:레드_후드 person:차임,확정,ch26,,"레드 후드의 고향은 옥수수밭이 길게 이어지고 축사와 목조 집 스무 채쯤 · 주유소 · 펍 [엔젤스 힙]이 있는 구불구불한 강가의 시골 마을로, 지형을 외워 다니는 차임이 위치를 알았다 — 방주에서 인간 걸음으로 일주일 넘는 거리를 4일 강행군으로 갔다"
F1119,사실,55,2023-11-02,ch26,0,0,,0,0,,,,,,55,1,,org:바이스리터 person:크라운 person:차임 org:필그림 person:레드_후드,확정,ch26,,"바이스리터(고귀한 백기사)는 소속 없는 필그림으로, 왕 크라운과 왕의 비서 차임을 포함해 셋뿐인 '크라운 왕국'을 세우려 지상에서 보물과 백성을 모은다 — 낯선 곳에서 깨어난 레드 후드는 그들의 백성이 되었고, 둘은 차임이 투구의 종으로 부르는 은빛 기계 말 트롬베를 탄다"
F1120,사실,55,2023-11-02,ch26,0,0,,0,2,,,,,,71,2,,person:마리안 person:크라운 person:차임 org:바이스리터 person:스노우_화이트 org:파이오니아,확정,ch26,,"크라운에 따르면 바이스리터가 맡은 마리안은 이제 매일 밤 혼자 울지 않고 혼자 집을 볼 수 있게 되었으며, 매일 과음하고 야한 이야기를 하고 아무거나 주워 먹는 것 말고는 건강하게 잘 지낸다 — 스노우 화이트 일행은 '그토록 찾아 헤매던 반격의 실마리를 찾았다, 잠시만 부탁한다'며 마리안을 맡겼다"
F1121,사실,55,2023-11-02,ch26,0,0,,0,0,,,,,,55,1,,person:도로시 person:레드_후드,확정,ch26,,"레드 후드가 죽은 지 100년쯤 지났는데도 살아 있는 도로시는 할 일이 있어서 — 정확히는 죽지 못해 — 미련으로 살아간다고 했고, 레드 후드는 도로시가 분위기와 눈빛까지 많이 변했다고 했다 — 레드 후드는 라피의 몸이라 침식에 걸린 적이 없다"
F1122,사실,55,2023-11-02,ch26,0,0,,0,0,,,,,,55,1,,person:레드_후드 person:라피 place:방주,확정,ch26,,"레드 후드는 라피에게 방주를 파괴하라고 한 일을 기억하지 못했고, 방주가 아직 무사하다는 말에 '해냈구나 그 녀석들'이라며 놀라워했다 — 뭔가 아주 중요한 것을 잊은 느낌이라며 떠올리려다 갑자기 두통을 겪었다"
F1123,사실,55,2023-11-02,ch26,0,0,,0,0,,,,,,55,1,,person:레드_후드 person:라피,확정,ch26,,"레드 후드와 라피는 '아무것도 없던 사람과 가득 있었지만 잃어가던 사람'으로 친구 · 스승 · 동료를 합친 사이였다 — 돌아온 라피는 처음엔 자기보다 가치 있는 레드 후드에게 다 넘겨주려 했지만 동료와 소중한 사람이 생겨 채워졌다고 했고, 레드 후드는 이제 너로서 살라며 작별했다(라피: 나의 친구, 나의 스승, 나의 이상향)"
F1124,사실,55,2023-11-02,ch26,0,0,,0,0,,,,,,55,1,,person:지휘관 person:라피 person:레드_후드,확정,ch26,,지휘관은 레드 후드에게 라피가 자기에게 아마 그 무엇보다 소중하지만 무슨 감정인지는 모르겠다고 했다 — 라피의 몸을 빌린 레드 후드는 지휘관이 곁에 오면 묘하게 안정되면서도 안절부절못한다고 했다
F1125,사실,55,2023-11-02,ch26,0,0,,0,1,,,,,,55,2,,person:도로시 person:레드_후드 person:스노우_화이트 person:라푼젤 person:홍련 person:퀸 org:갓데스,확정,ch26,,"도로시는 레드 후드에게 라피보다 몇 수 위인 전투력과 최고의 명장이 만든 무장을 들어 이 시대에 남자고 꾀었다 — 스노우 화이트 · 라푼젤 · 홍련이 100년 동안 퀸을 잡으러 지상을 돌고 있고, 생각이 달라 지금은 만나지 않지만 레드 후드가 있으면 모두 가장 빛났던 때로 돌아갈 수 있다며 — 레드 후드는 과거의 사람으로 남겠다며 거절했다"
F1126,사실,55,2023-11-02,ch26,0,0,,0,3,,,,,,96,4,,person:레드_후드 person:지휘관 person:라피,확정,ch26,,"고향의 텅 빈 옛집에서 레드 후드는 어릴 적 보물인 태양열 카세트 플레이어를 찾아 노래 '고향은 먼 곳'을 들었고, 나중에 한 번씩 듣고 라피에게도 들려 달라며 지휘관에게 주었다"
F1127,사실,55,2023-11-02,ch26,0,0,,0,0,,,,,,55,1,,person:도로시 person:레드_후드 person:아니스 person:네온 person:지휘관 org:갓데스,확정,ch26,,"레드 후드가 주사를 맞으려 하자 도로시는 총을 쏘아 막고(아니스 · 네온이 팔로 막아 대신 맞음) 셋을 쓰러뜨린 뒤 인젝션 건을 겨눴지만 레드 후드의 라이플에 배를 크게 다쳤다 — 레드 후드는 '네가 그러고도 갓데스냐, 인류를 지키려는 마음이 중요한 거잖아'라 했고 도로시는 보답받지 못할 사명과 자부심은 쓸모없다고 했다"
F1128,사실,55,2023-11-02,ch26,2,2,54,0,0,,,,,,55,2,J7,person:도로시 person:레드_후드 org:갓데스 place:방주,확정,ch26,,"도로시는 갓데스가 모든 것을 다해 싸웠는데도 인류와 방주에 아무렇지 않게 배신당해 긍지와 사명을 잃었고, 그래서 빼앗고 파멸시키려 했지만 사실은 다시 사랑받고 싶다고 털어놓았다 — 레드 후드는 용서하고 네가 다시 사랑하면 된다고 했지만, 도로시는 뒤에 혼자 '용서가 가능할 리 없다'고 했다"
F1129,사실,55,2023-11-02,ch26,0,0,,0,3,,,,,,154,4,,person:레드_후드 person:라피 person:퀸 person:지휘관 org:갓데스,확정,ch26,,"레드 후드는 인젝션 건을 스스로 팔에 겨누고, 옛 동료들에게 100년이나 퀸을 쫓지 말고 적당히 물려주고 은퇴하라, 자기는 운 좋게 좋은 녀석을 만나 물려주고 쉰다는 영상 유언을 지휘관에게 녹화하게 한 뒤 주사해 라피가 돌아왔다"
F1130,사실,55,2023-11-02,ch26,0,0,,0,0,,,,,,55,1,,person:지휘관 person:도로시 person:아니스 person:네온 person:라피,확정,ch26,,"지휘관은 라피를 죽이려 했지만 망설인 도로시를 이번 한 번만 용서한다며 함께 돌아가자 했고, 도로시는 고맙다 하고 아니스 · 네온에게 사과했다"
F1131,사실,55,2023-11-02,ch26,0,0,,0,0,,,,,,55,1,,person:잉그리드 person:라피 person:레드_후드,확정,ch26,,"잉그리드에 따르면 전에는 레드 후드 발동 뒤 독으로 없애도 바디를 재구축하면 레드 후드가 다시 생겨났지만 이번엔 완전히 사라져 라피의 비장의 수도 없어졌다 — 정체불명의 것이 사라져 안심하지만, 라피의 코어 근처에 아주 미약한 알 수 없는 에너지가 감지되어 이변이 없는 한 두기로 했다"
F1132,사실,55,2023-11-02,ch26,0,0,,1,0,,,,,,126,2,,person:도로시 person:버닝엄 place:에덴 place:방주 concept:갓데시움 person:파피용,확정,ch26 side:eden_spear,,"도로시가 말더듬는 약한 모습이 방심을 노린 연기라고 꿰뚫자 버닝엄은 연기를 그만두었다 — 도로시는 협약의 첫 요구로 에덴을 천천히 알릴 광고용 방송 채널을 받고 에덴의 금속 가공(갓데시움) 자료를 주기로 했으며, 방주에 머물며 24시간 감시받는다 — 파피용은 여전히 에덴에 두었다"
F1133,사실,55,2023-11-02,ch26,0,0,,0,2,,,,,,142,3,,person:엔더슨 person:지휘관 person:레드_후드 person:슈엔 org:미실리스,확정,ch26,,"엔더슨은 레드 후드의 고향(방주에서 도보 일주일 넘게, 옥수수 농사 흔적 · 강 · 뒷산 · 가까운 바다, 작은 면적)을 지휘관이 탈환할 첫 지상으로 허가해 광학미채를 설치한 주둔지로 삼게 했다 — 점을 찍고 선으로 이어 주둔지를 넓히는 계획이고, 광학미채는 이미 3대 기업에 공유 · 완성되었지만 지원 여력이 없어 슈엔에게 대게 했다"
F1134,사실,55,2023-11-02,ch26,0,0,,0,0,,,,,,55,1,,place:에덴 concept:콜링_시그널,확정,ch26,,"광학미채 장치는 먼저 유사 콜링 시그널로 주위 랩쳐를 끌어들여 정리한 뒤 가동되어, 랩쳐가 보기엔 그 영역에 아무것도 없게 하고 열 · 청각 · 방향 센서에 노이즈를 일으켜 찾지도 우연히 오지도 못하게 한다 — 제작에 드는 특수 재료는 방주 근처에서 오래전 바닥났고 에덴이 모두 썼을 것으로 본다"
F1135,사실,55,2023-11-02,ch26,0,0,,0,0,,,,,,55,1,,concept:울트라 concept:마더_웨일 person:지휘관,확정,ch26,,"광학미채 가동 중 침식 유발 구형 개체 울트라에 이어 랩쳐 300여 기가 몰려오자, 외형이 다른 신형으로 보이는 마더 웨일이 방향을 틀어 내리꽂히며 입으로 랩쳐 무리를 빨아들이고 깔아뭉개 모두 없애고 착지했다 — 그때 지휘관에게 문자가 왔다"
F1136,사실,55,2023-11-02,sub:로망티스트_01,1,1,26,0,0,,,,,,55,2,,person:로망티스트 person:지휘관 org:카운터스,확정,,,"로망티스트는 지상에서 찾은 낚시 포인트에 가려고 지상행 엘리베이터를 몰래 탔다가 곧바로 들켜 옥살이 중이고(낚시를 아는 간수장이 핸드폰을 쓰게 해 줌), 대신 지휘관에게 최고급 낚싯대를 보내 그 포인트에서 물고기를 낚게 했다 — 지휘관은 카운터스의 호위 속에 큰 물고기를 낚아 놓아주고 [손맛]을 알았다"
F1137,사실,44,2023-07-20,sub:코인_러시_00,0,0,,0,0,,,,,,44,1,,person:블랑 person:누아르 place:코인_러시 org:테트라 place:방주 org:카운터스,확정,sub:코인_러시_00,,코인 러시의 블랑 · 누아르는 방주 사태가 끝나자마자 방주 광장에서 대규모 퍼레이드를 열려고 미리 준비했다 — 건물이 무너지고 많은 목숨을 잃어 슬퍼하는 이들에게 잠시라도 아픔을 잊을 즐거움을 주는 것이 테트라 니케의 일이라며 — 광장에 든 랩쳐는 카운터스가 치웠다
F1138,사실,55,2023-11-02,relic:저주받은보석,0,0,,0,0,,,,,,55,1,,concept:마스터_급,확정,,,"특이 랩쳐 조사에 나선 한 지휘관이 굼뜨고 능력 없는 마스터 급 특이 랩쳐를 잡아 몸에 박힌 반짝이는 수정을 챙기자, 복귀 중 니케들이 상처도 오염 흔적도 없이 하나씩 전원이 꺼지듯 죽었다 — 죽은 니케의 몸 안은 수정으로 가득했고, 그 니케가 유리 쪼개지는 소리와 함께 공허한 눈으로 일어나 지휘관은 달아났다(남은 니케는 기억 소거를 희망했다)"
F1139,사실,55,2023-11-02,event_redash,0,0,,0,0,,,,,,55,1,,concept:랩쳐 org:인류연합군 org:갓데스,확정,event_redash,,"갓데스의 지휘관에 따르면 랩쳐는 4년 전 침공했고 전 세계가 결성한 인류연합군이 맞섰지만 전황은 줄곧 랩쳐 쪽이었다 — 2년 전 투입된 갓데스는 연전연승했지만 전체로는 사기와 희망을 준 데 그쳤고, 인류연합군은 물자가 바닥나 연전연패 중이었다"
F1140,사실,55,2023-11-02,event_redash,0,0,,0,0,,,,,,55,1,J9,person:퀸 place:궤도_엘리베이터 concept:랩쳐 org:갓데스,확정,event_redash,,"갓데스의 지휘관은 고위급이 아닌 랩쳐는 입력 기능만 있어 단 하나의 명령 체계로 움직인다고 보아 우두머리 퀸을 치기로 했다 — 랩쳐가 침공 직후 각지의 셔틀 발사대부터 부쉈고 궤도 엘리베이터 인근에 압도적 병력을 두어, 궤도 엘리베이터와 이어진 스페이스 스테이션을 퀸의 본거지이자 랩쳐 생산의 근원지로 예상했다"
F1141,사실,55,2023-11-02,event_redash,0,0,,0,1,,,,,,113,2,,concept:양산형_니케 concept:스톰_브링어 concept:랩쳐,확정,event_redash,,"니케 양산화 기술이 거의 확립되어 작년에 양산형 200여 명이 만들어졌다 — 제공권은 스톰 브링어 때문에 무너졌고, 인류가 쏜 ICBM은 처음 보는 랩쳐가 집어삼켜 에너지로 되뿜어 반경 20km를 쑥대밭으로 만들었다"
F1142,사실,55,2023-11-02,event_redash,3,1,5,0,0,,,,,,55,3,,person:레드_후드 concept:침식 concept:울트라 org:V.T.C. person:라푼젤,확정,event_redash,,"레드 후드는 오래 잠복하는 침식에 걸려 있었다(눈이 붉게 점멸하고, 컨디션이 나쁘면 목소리도 바뀐다) — 라푼젤이 V.T.C.에서 받은 정보로는 침식은 즉발하는 쪽으로 발전하고 있고, 코드 네임 울트라의 침식 유발 장치는 구세대였다"
F1143,사실,55,2023-11-02,event_redash,2,0,55,0,1,,,,,,96,3,,person:레드_후드 person:스노우_화이트,확정,event_redash,,"레드 후드는 낡은 카세트 플레이어로 옛 노래 [고향은 먼 곳]을 즐겨 들었고 입버릇이 ‘오래된 것일수록 좋다’였다 — 이번 작전만 하고 은퇴해 근본인 고향으로 돌아가겠다며 그 보물을 스노우 화이트에게 주려 했지만, 스노우 화이트는 죽을 생각이라 주는 것 아니냐며 받지 않았다"
F1144,사실,55,2023-11-02,event_redash,0,0,,0,0,,,,,,55,1,,person:레드_후드 person:릴리바이스 person:라푼젤 person:도로시 person:스노우_화이트 person:홍련 concept:적합자,확정,event_redash,,"레드 후드는 뒷골목에서 양아치 짓을 하다 사고로 죽기 직전까지 갔을 때 적합자로 뽑혀 니케가 되었다 — 레드 후드에 따르면 릴리스는 최연소 에이스 파일럿, 라푼젤은 차기 여교황으로 불리던 사람, 도로시는 유명 정치인의 영애, 스노우 화이트는 병기 개발의 천재였고, 홍련은 검술에 타고난 재능이 있다"
F1145,사실,55,2023-11-02,event_redash,0,0,,0,0,,,,,,55,1,J2,concept:페어리_테일 concept:적합자 concept:양산형_니케 person:신데렐라 item:유리_구두 org:엘리시온 org:갓데스,확정,event_redash,,"릴리바이스에 따르면 3대 회사가 막대한 자금 · 기술을 부은 페어리 테일 모델(갓데스)이 무패에 가까운 전과를 내자 니케 제작은 양산형과 특화 모델로 갈렸다 — 자아가 강한 적합자는 페어리 테일 모델이, 그렇지 못한 이는 양산형이 되며, 2세대의 첫 완성작이 엘리시온 제3 니케 연구소의 신데렐라(전용 무장 유리 구두, 단기 섬멸전 특화)다"
F1146,사실,55,2023-11-02,event_redash,0,0,,1,0,,,,,,91,2,,org:엘리시온 concept:울트라 person:신데렐라 item:유리_구두 concept:페어리_테일,확정,event_redash event_oldtales1,,"엘리시온 제3 니케 연구소는 갓데스가 닿기 6시간 전 울트라 4기를 포함한 랩쳐 200여 기에 습격당해 인간 · 니케가 전멸하고 준비 중이던 페어리 테일 모델 2기가 악의가 느껴질 만큼 부서졌으며, 완성된 신데렐라는 유리 구두와 함께 사라졌다"
F1147,사실,55,2023-11-02,event_redash,0,0,,0,0,,,,,,55,1,,concept:랩쳐 concept:니케 concept:침식 person:라푼젤 person:도로시 person:릴리바이스,확정,event_redash,,"연구소에는 랩쳐와 니케를 뭉쳐 놓은 듯한 융합체가 있었다 — 니케는 외상 없이 쇼크로 죽었지만 랩쳐의 코어는 살아 있어, 릴리바이스는 랩쳐가 주도해 니케와의 융합을 시도한 것으로 보았고, 라푼젤 · 도로시는 이미 이기고 있는 랩쳐가 침식 · 융합을 하는 것은 승자가 패자를 가지고 노는 기만 같다고 했다"
F1148,사실,55,2023-11-02,event_redash,1,1,5,0,0,,,,,,55,2,,person:레드_후드 concept:침식 org:갓데스 org:인류연합군,확정,event_redash,,"상부는 레드 후드를 처분하되 전사로 처리하라고 명령했다 — 침식을 잘 모르는 채 불안 요소를 안고 가고 싶지 않고, 승리의 여신 갓데스가 침식에 오염된 것이 알려지면 사기가 떨어진다는 이유였다"
F1149,사실,55,2023-11-02,event_redash,0,0,,0,0,,,,,,55,1,,org:갓데스 person:릴리바이스,확정,event_redash,,"갓데스의 지휘관은 릴리바이스가 처음 만났을 때 ‘돈만 되면 뭐든 하는 용병’이라 불렀다는 사람으로, 상부 명령을 무시하고 하고 싶은 대로 하면서 좋은 결과를 내 갓데스를 여기까지 이끌었다 — 릴리바이스는 그를 믿는다며 레드 후드의 일도 하고 싶은 대로 하라고 했다"
F1150,사실,55,2023-11-02,event_redash,0,0,,0,0,,,,,,55,1,,person:라푼젤 person:레드_후드 concept:침식 org:V.T.C.,확정,event_redash,,"라푼젤은 V.T.C.와 함께 밤낮으로 침식 치료법을 연구하고 있었고, 죽음을 기다리는 늙은 노병 같다며 레드 후드에게 미련을 남겨 달라고, 반드시 치료하겠다고 약속했다"
F1151,사실,55,2023-11-02,event_redash,0,0,,0,0,,,,,,55,1,,person:릴리바이스 concept:니케 concept:페어리_테일,확정,event_redash,,"서술에 따르면 릴리바이스는 현존하는 모든 니케의 기원이자 최초이자 최강의 니케로, 기술의 정수라는 페어리 테일 모델조차 그녀의 마이너 카피에 불과하다 — 궤도 엘리베이터 강습에서 수백 기의 랩쳐를 혼자 처리했다"
F1152,사실,55,2023-11-02,event_redash,1,0,55,1,0,,,,,,91,2,,person:신데렐라 item:유리_구두 person:릴리바이스 org:갓데스 place:궤도_엘리베이터 person:퀸,확정,event_redash event_oldtales1,,"갓데스 · 양산형 니케 100기 이상 · 대량의 장거리 무기를 투입한 궤도 엘리베이터 강습(퀸 제거 작전)은, 공중에 뜬 신데렐라(눈 색이 달라진)가 유리 구두의 부유체로 쏟아부은 빔과 탄환 반사에 막혀 실패했다 — 릴리바이스가 못 이긴다며 모두를 업고 퇴각했다"
F1153,사실,55,2023-11-02,event_redash,0,0,,0,0,,,,,,55,1,,place:방주 org:인류연합군 place:궤도_엘리베이터 concept:랩쳐 org:갓데스,확정,event_redash,,"작전 실패 뒤 궤도 엘리베이터 인근의 랩쳐 병력이 400% 늘자 인류연합군은 어떤 수단으로도 공략할 수 없다고 결론 내려, 지하에 건조 중인 초거대 도시 [방주]로 인류를 옮기기로 했다 — 인류는 랩쳐에게 패배했다 · 지휘관은 이주를 돕고 방주에 들어가 반격을 준비하겠다고 했다"
F1154,사실,55,2023-11-02,event_redash,1,0,55,0,1,,,,,,65,2,,person:레드_후드 person:스노우_화이트 concept:침식 person:도로시,확정,event_redash,,"레드 후드는 침식은 감염자를 직접 죽이지 않아 남이 죽여야 끝나며, 완전 발현 때 동료들이 울며 자기를 쏘는 모습을 마지막으로 보고 싶지 않다며 — 곁에 남겠다던 스노우 화이트와의 약속을 어기고 — 고향에 가서 조용히 죽겠다고 떠났다 · 지휘관은 말리지 않았고, 도로시에게 붙잡힌 스노우 화이트는 ‘가서 혼자 외롭게 죽어, 안 울 거야’라 외쳤다"
F1155,사실,55,2023-11-02,event_redash,0,0,,0,0,,,,,,55,1,,place:방주 concept:랩쳐 org:갓데스,확정,event_redash,,"인류가 방주 이주를 결정한 지 두 달 — 비밀리에 준비한 이주가 어째서인지 랩쳐에게 알려져 랩쳐가 방주 입구를 221회나 노렸고, 인류는 모든 전력을 방주 입구에 펼쳤으며 갓데스는 2주 동안 하루도 빠짐없이 싸웠다"
F1156,사실,55,2023-11-02,event_redash,0,0,,0,0,,,,,,55,1,,concept:침식 person:라푼젤 org:중앙_정부 org:V.T.C. concept:콜드_슬립 person:레드_후드,확정,event_redash,,"라푼젤의 연구로 침식은 머리의 나노머신을 오염시켜 랩쳐 기준의 사고방식으로 바꾸는 것이다 — 중앙 정부와 V.T.C.가 권장하는 대처는 뇌 파괴뿐이고 콜드 슬립은 임시방편이며, 침식 상태로 오래 제정신을 유지한 경우는 레드 후드가 유일하다"
F1157,사실,55,2023-11-02,event_redash,0,0,,0,0,,,,,,55,1,,person:라푼젤 person:도로시 person:스노우_화이트 person:레드_후드,확정,event_redash,,"남은 갓데스는 레드 후드가 죽었다고 여겼다 — 라푼젤은 그녀를 붙잡지 못한 것을 평생 후회하겠다며 침식 극복법을 찾겠다 했고, 도로시는 울면서라도 쏴 줄걸 하고 매일 후회하며, 스노우 화이트는 동료를 버리고 간 그녀를 절대 용서하지 않는다고 했다"
F1158,사실,55,2023-11-02,event_redash,0,0,,1,2,,,,,,92,3,,person:신데렐라 person:아나키오르 concept:침식 concept:랩쳐,확정,event_redash event_oldtales1,,"신데렐라는 [아나키오르]라는 정식 코드 네임을 받았다 — 릴리바이스에 따르면 엘리시온 연구소의 랩쳐 · 니케 융합체의 성공작으로, 신체를 개조하고 침식으로 인류를 적대하게 만든 것이며, 출몰하는 곳을 초토화하고 한 명만 살려 두어 랩쳐에게는 승리의, 인류에게는 공포의 상징이 되었다"
F1159,사실,55,2023-11-02,event_redash,0,0,,0,0,,,,,,55,1,,person:릴리바이스 person:아나키오르 org:갓데스,확정,event_redash,,"지휘관은 아나키오르에 맞서려면 릴리스와의 1대1을 만들어야 한다고 했고, 릴리바이스는 지난번엔 동료들을 살려야 해서 놓쳤다며 그들에겐 훨씬 중요한 일이 있다고 했다 — 뒤에서 릴리바이스는 지휘관에게 기대 슬슬 한계인 듯 요즘 부쩍 잦다며, 동생들이 똑바로 서는 걸 볼 때까지 두고 갈 수 없다고 했다"
F1160,사실,55,2023-11-02,event_redash,0,0,,0,0,,,,,,55,1,,person:릴리바이스 person:도로시 org:갓데스,확정,event_redash,,상부가 지휘권자인 지휘관과 릴리스만 긴급 호출해 도로시가 리더를 대행했다 — 가는 길에 릴리바이스는 자기 바디가 단기 결전을 목표로 만들어져 수명이 길 거라 기대하지 않았다며 레드 후드의 기분을 알 것 같다고 했다
F1161,사실,55,2023-11-02,event_redash,1,1,36,0,0,,,,,,55,2,J6,person:레드_후드 person:오스왈드 org:중앙_정부 concept:침식,확정,event_redash,,"고향 가던 길에 쓰러져 두 달 만에 깬 레드 후드는 방주 입구로 가는 중앙 정부 사람 오스왈드의 차를 얻어 탔다 — 그녀가 처분되었다는 보고를 받았다는 오스왈드에게 레드 후드는 방아쇠를 당기려 하면 침식이 악화되어 사람을 쏘고 싶어지고 동료들이 슬퍼하는 게 무서워 돌아가지 않는다며, 이상해지면 쏘라고 자결용 권총을 맡겼다"
F1162,사실,55,2023-11-02,event_redash,0,0,,0,0,,,,,,55,1,,person:오스왈드 org:인류연합군 org:중앙_정부 concept:침식 concept:콜드_슬립 org:V.T.C.,확정,event_redash,,"오스왈드에 따르면 인류연합군은 이제 중앙 정부이고, 침식 치료제는 V.T.C.와 라푼젤이 연구 중이지만 아직 없으며, 침식 초기(약 3시간)에만 콜드 슬립으로 정지시킬 수 있다"
F1163,사실,55,2023-11-02,event_redash,1,1,36,0,0,,,,,,55,2,,person:오스왈드 org:갓데스 person:릴리바이스 person:도로시 person:홍련 person:스노우_화이트,확정,event_redash,,"오스왈드는 갓데스의 열성 팬이라며 그들의 전과를 늘어놓았다 — 강습으로 대형 랩쳐 넷을 쓰러뜨린 데뷔전, ‘지금부터 이곳에 죽음은 발을 들이지 못한다’던 민가 방어전, 요새 하나를 홀로 초토화한 릴리스, 숲에서 랩쳐를 수장시킨 도로시, 민간인 50명을 사상자 없이 호위한 홍련, 8km 저격전을 벌인 스노우 화이트의 ‘지평선의 하얀 사신’"
F1164,사실,55,2023-11-02,event_redash,0,0,,0,0,,,,,,55,1,,person:레드_후드 org:갓데스,확정,event_redash,,"레드 후드는 총도 못 쏘는 채 맨손으로 랩쳐를 잡아 피난민을 구하고, 침식 발작을 사람들 앞에서 연기였다며 웃어넘겼다 — 피난민들은 그녀를 승리의 여신 갓데스로 알아보고 희망에 차 감사했다(도로시 · 라푼젤의 팬도 있었다)"
F1165,사실,55,2023-11-02,event_redash,0,0,,0,0,,,,,,55,1,,person:프리시아 person:레드_후드 org:갓데스,확정,event_redash,,"부모를 병으로 잃은 소녀 프리시아는 작별 인사를 잘 해서 괜찮다며, 갓데스를 보면 힘이 나니 갓데스 같은 니케가 되겠다고 했고 레드 후드에게 가죽 장갑 한 쌍에 사인을 받았다"
F1166,사실,55,2023-11-02,event_redash,0,0,,0,2,,,,,,133,2,,person:레드_후드 person:오스왈드 org:갓데스,확정,event_redash,,"레드 후드는 피난민이 탈 자리를 위해 차에서 내렸고, 방주로 보낼 짐을 싣고 가는 오스왈드는 그녀가 끌어안고 자던 카세트 플레이어를 고쳐 돌려주고 권총도 돌려주며 ‘인류를 위해 싸워준 갓데스 스쿼드에 감사를’이라 경례했다"
F1167,사실,55,2023-11-02,event_redash,0,0,,0,0,,,,,,55,1,,person:스노우_화이트 person:레드_후드 person:릴리바이스,확정,event_redash,,"스노우 화이트는 무기 만들기에만 몰두하며 레드 후드의 초대구경 라이플을 개량하고 있었다 — 강해야 아무것도 잃지 않는다며 자기를 버린 레드 후드가 밉다고 했지만, 릴리바이스가 더 잘 이별할 방법이 있었을 거라 하자 그녀가 보고 싶고 심한 말을 한 게 후회된다고 했다"
F1168,사실,55,2023-11-02,event_redash,1,0,55,0,2,,,,,,133,3,,person:레드_후드 person:스노우_화이트,확정,event_redash,,"갓데스에 합류한 첫날 레드 후드는 주눅 든 스노우 화이트에게 드릴이 달리고 총알 · 미사일도 나가는 ‘죽여주는’ 무기를 만들어 달라고 했고, 스노우 화이트는 꼭 만들겠다고 약속했다 — 스노우 화이트는 작별 때 그 무기를 계속 만들고 있었다며 찾으러 와 달라고 했다"
F1169,사실,55,2023-11-02,event_redash,1,0,55,0,0,,,,,,55,1,,person:레드_후드 person:프리시아 person:오스왈드,확정,event_redash,,"고향 가던 길에 침식이 악화되어 낡은 민가에 누운 레드 후드는 권총으로 자결하려다, 오스왈드 · 피난민 · 프리시아의 말을 떠올리고 멋없이 도망치듯 헤어진 것을 자책하며 동료들에게 자랑스러운 동료로 작별하러 돌아가기로 했다"
F1170,사실,55,2023-11-02,event_redash,0,0,,0,0,,,,,,55,1,,person:도로시 person:아나키오르 place:방주 org:갓데스,확정,event_redash,,릴리스 · 지휘관이 자리를 비우고 연락이 끊긴 사이 랩쳐 대부대 넷과 아나키오르가 방주 입구로 곧장 진격했다 — 리더를 맡은 도로시는 방주 입구 근처 전투를 피하려 주둔 양산형 부대와 가용 전력을 모두 이끌고 역습에 나섰다
F1171,사실,55,2023-11-02,event_redash,0,0,,0,3,,,,,,91,4,,person:레드_후드 person:아나키오르 item:유리_구두 org:갓데스 person:스노우_화이트,확정,event_redash,,"갓데스가 보급도 못 하고 지쳐 갈 때 레드 후드가 나타나 랩쳐 부대의 후방을 쓸었고, 아나키오르가 유리 구두 방패를 펼쳐 팔찌에서 쏜 빔을 수십 갈래로 반사해 갓데스를 쓰러뜨리자 레드 후드가 달려와 그들을 일으켜 함께 싸워 이겼다"
F1172,사실,55,2023-11-02,event_redash,1,1,36,0,2,,,,,,133,4,,person:레드_후드 person:스노우_화이트 person:라푼젤 person:도로시 person:홍련 concept:침식,확정,event_redash,,"침식이 낫지 않은 레드 후드는 제대로 작별 인사를 하러 왔다며 스노우 화이트와 서로 사과해 화해하고 동료들과 인사한 뒤 ‘너희와 함께 있을 수 있어서 행복했다’며 떠났다 — 라푼젤에게는 침식을 꼭 잡으라 했고, 스노우 화이트는 ‘함께 싸울 수 있어서 영광이었다’고 했다"
F1173,사실,55,2023-11-02,event_redash,0,0,,0,1,,,,,,96,2,,person:레드_후드 person:라피 concept:양산형_니케,확정,event_redash,,"민가에서 푹 자고 깬 레드 후드는 두통이 사라져 있었지만 집은 먼지투성이, 카세트 플레이어는 고장, 총은 녹슬어 있었다 — 만난 양산형 니케의 핸드폰으로 30년 뒤임을 알았고, 인식표에 RR-15436이라 적힌 그 양산형 니케는 이름을 묻자 ‘라피’라고 했다"
F1174,사실,55,2023-11-02,erelic:red_ash_lost,0,0,,0,0,,,,,,55,1,,person:라푼젤 person:레드_후드 concept:침식 org:V.T.C.,확정,erelic:red_ash_lost,,"라푼젤은 치료를 거부하던 레드 후드를 설득해 피를 뽑았고, V.T.C.가 쌓아 온 데이터와 레드 후드의 혈액으로 프로토타입 침식 치료제를 만들어 먹이며 경과를 V.T.C.에 알렸다"
F1175,사실,55,2023-11-02,erelic:red_ash_lost,0,0,,0,0,,,,,,55,1,,person:레드_후드 person:라푼젤 concept:침식,확정,erelic:red_ash_lost,,"시간이 지나 라푼젤이 피를 뽑지 않고 치료제 이야기를 피하며 눈을 마주치지 않고 약에서 비타민 맛이 나자, 레드 후드는 속으로 치료가 안 된다는 것을 깨닫고 모른 척 약을 마시며 그동안 고마웠다고 생각했다"
F1176,사실,55,2023-11-02,erelic:red_ash_lost,0,0,,0,1,,,,,,144,2,,person:도로시 person:홍련,확정,erelic:red_ash_lost,,"도로시와 홍련은 만나면 싸우는 견원지간이었지만(하루 26번), 둘 다 같은 꽃밭을 티타임 장소로 삼고 있었고 도로시는 홍련이 직접 볶아 우린 금잔화 꽃차를 좋아한다고 했다"
F1177,사실,55,2023-11-02,erelic:red_ash_lost,0,0,,0,0,,,,,,55,1,,person:도로시 person:릴리바이스 org:갓데스 concept:적합자 concept:페어리_테일,확정,erelic:red_ash_lost,,"도로시는 페어리 테일 모델 2번으로 갓데스(그때는 지휘관과 릴리바이스뿐)에 배속되었다 — 릴리바이스가 ‘적합자가 실제로 있긴 있었다’며 놀랐고, 전투 · 사격 경험이 전혀 없었지만 테스트에서 놀라운 기록을 냈으며, 니케가 된 계기는 예전으로 돌아가고 싶어서라 했다"
F1178,사실,55,2023-11-02,erelic:red_ash_lost,0,0,,0,0,,,,,,55,1,,person:라푼젤 org:V.T.C. concept:갓데시움 concept:페어리_테일,확정,erelic:red_ash_lost,,"라푼젤은 페어리 테일 모델 3번으로, 거대 교단이 운용하는 의료 센터 V.T.C. 출신의 유력한 차기 여교황이었지만 기도보다 무기를 들 때라며 니케가 되어 왔다 — 지팡이로 잘게 쪼갠 갓데시움(니케 몸을 이루는 물질) 입자를 쏘아 니케의 부서진 몸을 메우고(사람은 못 고친다), 빔 왜곡 · 머리카락 재머 능력이 있다"
F1179,사실,55,2023-11-02,erelic:red_ash_lost,0,0,,0,0,,,,,,55,1,,person:스노우_화이트 person:릴리바이스 org:갓데스 concept:페어리_테일,확정,erelic:red_ash_lost,,"스노우 화이트는 페어리 테일 모델 4번으로, 롤아웃 직후 갓데스에 합류하기로 되어 있었지만 자신이 없어 방에 틀어박혀 무기만 만들다가 전에 만난 릴리스 덕에 용기를 얻어 합류했다 — 첫 전투에서 EMP로 먹통이 된 모두의 무기를 1분 만에 고쳤고, 릴리바이스는 그녀를 최고의 무기 명장이라 했다"
F1180,사실,55,2023-11-02,erelic:red_ash_lost,0,0,,0,0,,,,,,55,1,,person:레드_후드 org:갓데스 concept:페어리_테일,확정,erelic:red_ash_lost,,"레드 후드는 페어리 테일 모델 5번으로, 서프라이즈를 한다며 상자에 숨어 갓데스가 지내는 비행선에 들어와 합류했다"
F1181,사실,55,2023-11-02,erelic:red_ash_lost,1,0,55,1,2,,,,,,60,4,J30,person:홍련 concept:양산형_니케 person:릴리바이스 person:레드_후드 org:갓데스,확정,erelic:red_ash_lost,,"홍련은 접근전용으로 강하게 커스터마이징된 검 쓰는 양산형 특수목적부대(극비)가 내전으로 궤멸한 현장에 홀로 남아 ‘내 친우들의 전장을 더럽히지 말라’며 갓데스를 막았다 — 레드 후드와 싸우며 봐주던 실력을 본 릴리바이스가 한 방에 쓰러뜨려 갓데스에 영입했고, 홍련은 페어리 테일 모델이 아니다"
F1182,사실,55,2023-11-02,erelic:red_ash_lost,1,0,55,0,0,,,,,,55,1,,person:로스트_넘버 person:릴리바이스 concept:페어리_테일,확정,erelic:red_ash_lost,,"페어리 테일 모델 1번은 프로토타입 릴리바이스를 베이스로 마이너 그레이드 없이 만들어져 몸의 힘을 감당하지 못하고 흩뿌려지듯 죽었고(지휘관은 결번이라 ‘로스트 넘버’라 부른다), 2번부터는 적당히 마이너 그레이드를 해서 안전했다 — 동생들이 1번이 누구냐고 물으면 릴리바이스는 얼버무렸다"
F1183,사실,55,2023-11-02,erelic:red_ash_lost,0,0,,0,0,,,,,,55,1,,person:릴리바이스 person:로스트_넘버 org:갓데스,확정,erelic:red_ash_lost,,"릴리바이스는 1번과 마지막으로 이야기한 이름 모를 꽃밭(릴리바이스 꽃이 한 송이 핀 곳)을 몰래 찾아가 인류의 희망이 되고 싶어 했던 1번에게 말을 걸곤 했다 — 따라온 지휘관이 그곳을 태우겠다고 하자 다시 오지 않고 마음에만 기억하기로 했고, 대신 서로 죽지 말자고 약속했다"
F1184,사실,55,2023-11-02,erelic:red_ash_lost,0,0,,0,0,,,,,,55,1,,person:릴리바이스 org:갓데스,확정,erelic:red_ash_lost,,"상부에 불려 간 지휘관은 상황이 생각보다 나빠 돌아가는 데 시간이 더 걸린다는 영상 메시지를 녹화했다 — 리더 둘이 불려 간 것은 별것 아닌 이유가 아니라면서 자세한 사정은 말하지 않았고, 메시지는 지휘관이 다급히 릴리스를 부르는 소리로 끊겼다"
F1185,사실,55,2023-11-02,erelic:red_ash_mini,0,0,,0,0,,,,,,55,1,,person:스노우_화이트 person:레드_후드 org:갓데스,확정,erelic:red_ash_mini,,"스노우 화이트는 그림까지 혼자 그려 갓데스를 캐릭터로 한 전투 시뮬레이션(레드 후드는 게임이라 부름)을 만들었다 — 릴리스는 너무 강해 밸런스 붕괴라, 지휘관은 실전을 뛰지 않는 중요 인물이라 빠졌고, 스노우 화이트 캐릭터만 냉철한 베테랑이라 레드 후드가 되고 싶은 모습이냐며 놀렸다"
F1186,사실,55,2023-11-02,erelic:red_ash_mini,0,0,,0,0,,,,,,55,1,,person:스노우_화이트 person:레드_후드 org:갓데스,확정,erelic:red_ash_mini,,"스노우 화이트는 군번줄을 받고 이제 어엿한 갓데스 스쿼드라며 기뻐했다 — 레드 후드는 맞으면 몸이… 하다 말을 삼키고, 군번줄은 멋으로 하는 것이라 둘러댔다"
F1187,사실,55,2023-11-02,erelic:red_ash_mini,0,0,,0,0,,,,,,55,1,,person:도로시 person:스노우_화이트,확정,erelic:red_ash_mini,,"도로시는 햇빛을 좋아하면서도 양산을 들고 다니는데 — 무기 대신 양산을 들고 햇빛 아래를 걷는 것이 사치가 된 시대에, 누구에게나 주어졌던 일상이 사치가 아닌 때로 돌아가고 싶어서라며 스노우 화이트에게 비밀로 해 달라 했다"
F1188,사실,55,2023-11-02,erelic:red_ash_mini,0,0,,0,0,,,,,,55,1,,person:레드_후드 person:스노우_화이트,확정,erelic:red_ash_mini,,"레드 후드의 고향은 빵집 · 술집 · 긴 옥수수밭 · 주유소가 있는 평범한 마을로 자랑할 것은 없지만 자잘한 추억(색 다른 타일 약속 장소, 불 꺼진 3번째 가로등 밑 귀신 놀이 등)이 그립다 — 그런데도 가지 않는 것은 추억하는 것이 하나도 안 남아 있을까 봐 무서워서다"
F1189,사실,55,2023-11-02,erelic:red_ash_mini,0,0,,0,0,,,,,,55,1,,person:신데렐라 org:갓데스 person:퀸,확정,erelic:red_ash_mini,,"숨은 데이터에 따르면 신데렐라는 거울로 가득한 방에서 자아가 흐려진 채, 갓데스의 동료가 되고 싶다는 소원을 파고든 거울의 목소리에 이끌려 갓데스를 속이는 적이라는 '자기와 닮은 이들'을 모두 죽이겠다고 했고, 끝내 '모든 것은 퀸을 위해'를 따라 말했다"
F1190,사실,55,2023-11-02,erelic:red_ash_mini,0,0,,0,0,,,,,,55,1,J16,,확정,erelic:red_ash_mini,,"스노우 화이트의 게임에 몰래 놀러 온 이름 없는 A.I.(???)는 스무 해쯤 전부터 만들어지기 시작한 미완성으로, ※※의 메인 A.I. 카운터로 극비리에 개발 중이지만 모체가 될 재료가 없어 개발이 멈춰 있다고 했다 — ※※는 잘 만들어지고 있으니 조금만 더 고생해 달라며, 시뮬레이션 룸 같은 걸 만들어 볼까 하고 선물을 남겼다"
F1191,사실,55,2023-11-02,char:470,0,0,,0,0,,,,,,55,1,,org:갓데스 place:방주 person:아니스 person:레드_후드,확정,char:470,,"아니스에 따르면 방주에서 갓데스 스쿼드는 인류를 구한 영웅 · 수호자로 존경과 감사의 대상이라 승리의 여신상이 곳곳에 서 있고 관련 행사도 자주 열리지만, 구성원이 누구고 어떤 활약을 했는지는 아무도 모르는 상징일 뿐이다 — 레드 후드는 이를 '반쪽짜리 신화'라 했다"
F1192,사실,55,2023-11-02,char:470,0,0,,0,1,,,,,,65,2,,concept:페어리_테일 concept:적합자 person:릴리바이스 person:레드_후드,확정,char:470,,"레드 후드에 따르면 페어리 테일 모델은 니케라 부를 수 있을지 의문인 '다른 차원의 뭔가'인 프로토타입의 기술로 만든 사실상 최초의 니케로, 동화를 모티브로 한 것은 해피 엔딩이 좋아서였고, 적합자는 그 몸에 맞는 신체 조건만 갖추면 되어 사람일 때 하던 일도 제각각이었다"
F1193,사실,55,2023-11-02,char:470,0,0,,0,1,,,,,,55,2,,org:갓데스 person:홍련 person:릴리바이스 person:레드_후드,확정,char:470,,"갓데스는 처음엔 목숨이 걸린 일마다 의견이 부딪혀 사이가 나빴고, 릴리스가 데려온 홍련(양산형 중 근접 전투에 뛰어난 이들을 모은, 양산형이라 부르기 힘들 만큼 커스터마이징된 스쿼드 출신)이 마지막으로 들어와 더 싸웠다 — 그러다 복귀길에 울며 고맙다던 난민 가족을 만난 뒤 '우리가 누구인지' 알게 되어 사이가 좋아졌다고 레드 후드는 본다"
F1194,사실,55,2023-11-02,char:470,0,0,,0,0,,,,,,55,1,,org:갓데스 org:인류연합군 person:레드_후드,확정,char:470,,"레드 후드에 따르면 갓데스가 나타나기 전 인류는 공식 승리 기록이 한 건도 없었고, 갓데스의 백전백승은 수가 적어 상징 이상은 무리였지만 패배주의에 빠진 인류연합군이 활력을 되찾아 대 랩쳐 무장을 개발하고 본격적으로 싸우게 했다 — 그래서 패배는 용납되지 않아 무리했지만, 뒷골목 양아치가 인류를 위해 싸우고 좋은 동료를 만나 행복했다고 한다"
F1195,사실,55,2023-11-02,char:470,0,0,,0,0,,,,,,55,1,,person:아니스 place:방주 person:레드_후드 org:갓데스,확정,char:470,,"아니스는 방주가 인프라가 좋고 니케가 위험한 일을 다 해 안전하지만 그래서 인간들이 미래 없이 하루하루를 소비하고 제 이익만 챙겨 잔인해진다고 하면서도, 레드 후드가 목숨 바쳐 지킬 가치가 있느냐고 묻자 모두 그곳에서 살아 있으니 가치는 넘친다, 너희는 헛된 짓을 하지 않았다고 답했다 — 레드 후드는 힘내길 잘했다며 뿌듯해했다"
F1196,사실,55,2023-11-02,char:470,0,0,,0,0,,,,,,55,1,,person:레드_후드 person:라피 person:스노우_화이트 person:라푼젤 person:홍련 person:지휘관,확정,char:470,,"지휘관에게서 스노우 화이트는 무뚝뚝하지만 믿음직한 리더이자 생존의 달인, 라푼젤은 친절하지만 야한 농담을 하고, 홍련은 달을 안주 삼아 마시며 농사짓는다는 말을 들은 레드 후드는 몹시 보고 싶어 했지만 흔들릴까 봐 연락을 마다했다 — 사는 게 좋다는 걸 누구보다 알기에 채워 가던 라피를 살게 해 줘야 한다며, 지휘관에게도 살라고 했다"
F1197,사실,55,2023-11-02,char:224,0,0,,0,0,,,,,,55,1,,person:릴리바이스 person:스노우_화이트,확정,char:224,,"릴리바이스는 무기를 잘 만든다는 소문의 천재 장인 스노우 화이트를 공방으로 찾아가 자기가 프로토타입, 최초의 니케라며 릴리스라 불러 달라 했고 언니라 불러 보라 했지만 스노우 화이트는 싫다고 했다 — 스노우 화이트는 이 이야기를 갓데스의 지휘관에게 들려주었다"
F1198,사실,55,2023-11-02,char:224,0,0,,0,0,,,,,,55,1,,person:스노우_화이트 person:릴리바이스 concept:랩쳐,확정,char:224,,"스노우 화이트는 전쟁 중이라 받을 사람이 내일 살아 있을지 모른다며 누가 쓸지 모르는 총만 오래 붙들고 막혀 있었다 — 릴리바이스는 아직 알 수 없는 곳에서 온 외부의 침입자들에게서 인류를 구원하지 못했으니 더 강해지고 싶다며, 지금껏 손에 맞는 무기가 없던 자기를 위한 무기를 만들어 달라고 했다"
F1199,사실,55,2023-11-02,char:224,0,0,,0,0,,,,,,55,1,,person:릴리바이스 person:스노우_화이트 concept:랩쳐,확정,char:224,,"스노우 화이트가 만든 총 · 로켓 런처와 타일런트용 방어벽보다 강한 검까지 릴리바이스가 쥐면 부서졌다 — 처음 버틴 총검 변신 무기도 실전에서 총신이 터져 릴리바이스는 우그러진 무기를 둔기로 쓰며 혼자 지평선의 랩쳐 부대를 쓸어버렸고, 스노우 화이트는 언니의 몸 자체가 압도적 힘을 흘려보내도록 정교하게 설계된 완성된 존재라 무기가 필요 없다고 깨달았다"
F1200,사실,55,2023-11-02,char:224,0,0,,0,0,,,,,,55,1,,person:릴리바이스 person:스노우_화이트 concept:니케,확정,char:224,,"니케니까 먹을 것을 밝히면 안 된다는 스노우 화이트에게 릴리바이스는 우리는 무기가 아니라 육체가 니케가 된 것일 뿐 감정을 버린 존재가 아니라며, 사람보다 긴 삶이니 하고 싶은 걸 하고 먹고 싶은 걸 먹어야 내일을 살 이유가 생긴다고 했다"
F1201,사실,55,2023-11-02,char:224,0,0,,0,0,,,,,,55,1,,person:스노우_화이트 person:릴리바이스 org:갓데스,확정,char:224,,"랩쳐 대부대를 홀로 막은 릴리바이스를 처음 '언니'라 부른 스노우 화이트는, 언니 손에 맞는 무기는 없으니 자기가 만든 무기를 자기가 써서 언니의 무기가 되겠다고 약속했고 릴리바이스는 언젠가 내 최고의 무기가 되어 달라, 기다리겠다고 했다 — 이야기를 들은 갓데스의 지휘관은 너도 갓데스니까 될 수 있다고 했다"
F1202,사실,56,2023-11-23,event_alonesurvivor,0,0,,0,0,,,,,,56,1,,person:토브 org:언리미티드 org:미실리스,확정,event_alonesurvivor,,"토브는 미실리스에서 생산된 니케로, 오지 생존에 관심이 많아 롤아웃되자마자 북부의 언리미티드에 배정된 신입이다 — 녹화한 생존 영상과 책을 외워 스스로 '생존 전문가'라 하지만 첫 임무에서는 불 피우기 · 벌레 먹기 같은 실전에 서툴렀다"
F1203,사실,56,2023-11-23,event_alonesurvivor,0,0,,0,0,,,,,,56,1,,org:언리미티드 place:글리터_산맥 place:방주 concept:에블라_입자,확정,event_alonesurvivor,,"방주의 구조 요청에 따르면 수색 임무로 북부에 간 양산형 니케 스쿼드(6명)가 28일째 M.I.A.였다 — 에블라 입자 농도가 낮은 북부인데도 연락이 없었고, 마지막 신호는 극한의 추위와 지형으로 언리미티드도 꺼리는 해발 3,000m의 글리터 산맥 근처에서 끊겼다"
F1204,사실,56,2023-11-23,event_alonesurvivor,0,0,,0,0,,,,,,56,1,,person:토브 person:지휘관 place:글리터_산맥,확정,event_alonesurvivor,,조난자를 찾던 지휘관과 토브는 토브가 만든 썰매로 내리막을 시험하다 눈사태에 휩쓸려 고립되었다 — 오지라 핸드폰 신호가 닿지 않았고 신호탄도 없어 이틀 가까이 버텼다
F1205,사실,56,2023-11-23,event_alonesurvivor,0,0,,0,0,,,,,,56,1,,item:브레인_셸터 org:언리미티드 person:루드밀라,확정,event_alonesurvivor,,"조난된 양산형 여섯은 산악 구조대 본부에 있었다 — 대파된 니케 3기와 배터리가 떨어져 가는 브레인 쉘터 3개(뇌만 남은 셋)로, 루드밀라는 한 사람이 동료의 생명을 하나씩 짊어지고 몸이 부서지도록 싸우며 이 건물까지 왔다는 뜻이라 했다"
F1206,사실,56,2023-11-23,event_alonesurvivor,0,0,,0,0,,,,,,56,1,,person:토브 org:언리미티드 person:루드밀라 person:네베 person:앨리스,확정,event_alonesurvivor,,"토브는 소나무 · 방풍 비닐 가림막 · 조난자 총에서 뺀 화약으로 만든 홰를 무너져 가는 전망대 꼭대기에서 들고, 왼팔이 타들어 가는데도 놓지 않고 흔들어 언리미티드를 불렀다 — 루드밀라 · 네베 · 앨리스가 맨몸으로 비탈을 미끄러져 와 모두 구조되었다"
F1207,사실,56,2023-11-23,event_alonesurvivor,0,0,,0,0,,,,,,56,1,,org:언리미티드 person:루드밀라 place:방주 org:3대_기업,확정,event_alonesurvivor,,"루드밀라에 따르면 바디가 크게 부서졌거나 뇌만 남은 니케는 3대 기업에 새 바디를 요청하려 방주로 보내지만, 인간성을 잃고 극단적 효율을 좇는 방주의 기업은 양산형의 바디를 굳이 다시 만들려 하지 않는다 — 그래서 언리미티드는 같은 모델의 스페어 파츠(팔 · 다리만) 이식 등 포기 말고 모든 방법을 쓰며, 싱크로가 안 맞으면 정신 붕괴를 겪기도 한다"
F1208,사실,56,2023-11-23,event_alonesurvivor,0,0,,0,0,,,,,,56,1,,person:토브 org:언리미티드 person:루드밀라,확정,event_alonesurvivor,,"구조된 양산형 니케 가운데 하반신을 고치지 못해 기지의 스페어로 바꾼 이는 트라우마와 실어증 증상 속에서도 걷기 시작했고, 메인터넌스를 도운 토브에게 '고마워요'라 했다 — 루드밀라가 이 일을 업으로 삼을 수 있겠느냐 물었던 토브는 어엿한 언리미티드의 일원이 되었다"
F1209,사실,56,2023-11-23,char:192,0,0,,0,0,,,,,,56,1,,org:언리미티드 person:루드밀라 person:앨리스 person:네베 person:토브,확정,char:192,,"언리미티드 선배들(루드밀라 · 앨리스 · 네베)은 절벽을 그냥 뛰어넘고 언 강을 달려서 건너는 식으로 도구 없이 감과 스펙으로 밀어붙인다 — 루드밀라는 무모한 줄 알지만 그렇게 시간을 아껴 생존자를 제때 구해 왔다고 했고, 먹을거리는 몇 번 조난당해 굶어 본 경험으로 본능처럼 찾아낸다"
F1210,사실,56,2023-11-23,char:192,0,0,,0,0,,,,,,56,1,,concept:니케 person:루드밀라,확정,char:192,,"루드밀라에 따르면 니케는 온도 센서로 추위의 영향을 막고 코어에서 열을 내는데, 혹한 속에서 온도 센서와 동력 발전(코어)이 멈추면 머지않아 뇌가 얼어붙어 죽는다"
F1211,사실,56,2023-11-23,char:192,0,0,,0,0,,,,,,56,1,,person:토브 person:루드밀라 org:언리미티드,확정,char:192,,"파츠 대부분이 뜯기고 온도 센서 · 코어가 멈춘 생존자 니케를 토브가 미리 만든 퓨마 가죽 케이프와 간이 들것으로 체온을 지켜 기지까지 옮겨 살렸다 — 루드밀라는 그 임기응변의 재능과 [다름]으로 언리미티드의 허점을 메워 달라며 토브를 인정했고, 그 뒤 선배들은 토브에게 이것저것 만들어 보라 하지만 루드밀라가 만드는 족족 부순다"
F1212,사실,57,2023-12-07,event_neverland1,0,0,,0,0,,,,,,57,1,,person:네베 person:토브 person:루드밀라 org:언리미티드 place:설온장,확정,event_neverland1,,"네베가 겨울잠 잘 곳을 찾아 땅을 파다 북부 기지 근처에서 리조트 · 상점 · 산책로가 남은 옛 지상 온천을 찾았고, 토브의 도구로 파자 온천수가 솟았다 — 언리미티드가 마이티 툴즈의 통신 조언을 받아 다듬어 루드밀라가 주인장인 온천장 '설온장'이 되었다"
F1213,사실,57,2023-12-07,event_neverland1,0,0,,0,0,,,,,,57,1,,person:엔더슨 person:잉그리드 person:머스탱 person:슈엔 org:앱솔루트 org:스카우팅 org:리틀_캐논 org:카운터스,확정,event_neverland1,,"엔더슨 · 잉그리드 · 머스탱은 연말이라 바쁘다는 슈엔(미실리스)을 빼고 회의해, 온천 주변 자원을 찾으러 엘리시온은 앱솔루트 · 스카우팅을, 테트라는 리틀 캐논을 보내기로 했다 — 엔더슨은 방주가 자원이 부족해 그 자원을 연구에 쓸 것이라 했고, 카운터스는 정기 점검으로 빠져 지휘관만 크리스마스에 올라갔다"
F1214,사실,57,2023-12-07,event_neverland1,0,0,,0,0,,,,,,57,1,,person:미카 person:벨로타,확정,event_neverland1,,미카는 크리스마스마다 벨로타에게 발목을 삐거나 손을 베거나 데는 불행이 생겨(작년엔 유원지 회전목마에서 넘어져 무릎을 크게 다침) 크리스마스를 최악의 날로 여기고 밖에 나가기 싫어했다 — 벨로타는 매번 리페어 센터에 갔지만 큰 문제는 없었다고 했다
F1215,사실,57,2023-12-07,event_neverland1,0,0,,0,0,,,,,,57,1,,person:벨로타 person:미카 place:천사_고아원,확정,event_neverland1,,"벨로타에 따르면 벨로타는 인간이던 때 크리스마스에 고아원에서 미카가 보는 앞에서 죽었고, 그래서 미카는 크리스마스마다 벨로타가 또 죽을까 봐 걱정한다"
F1216,사실,57,2023-12-07,event_neverland1,1,0,57,0,1,,,,,,57,2,,person:미카 person:벨로타 place:천사_고아원 concept:로열,확정,event_neverland1,,"미카의 회상: 천사 고아원의 크리스마스에 후원 온 로열 여성은 원장이 때렸다는 벨로타의 말에 기자를 물리고 원장에게 체면이 상하지 않게 아이들을 간수하라, 말이 새면 후원은 없다고 했다 — 그날 밤 배가 몹시 아픈 벨로타를 원장은 폭행이 드러날까 봐 병원에 데려가지 않았고, 애원하다 맞는 미카를 벨로타가 감싸 안았다"
F1217,사실,57,2023-12-07,event_neverland1,0,0,,0,0,,,,,,57,1,,person:벨로타 person:미카,확정,event_neverland1,,"벨로타는 자기가 죽으면 미카가 또 따라 죽으려 할 것이라며 '미카를 또 죽게 놔둘 수는 없다'고 했다 — 인간 시절 벨로타가 죽은 뒤 미카도 뒤따라 죽은 것으로 보이고, 이번에도 벨로타를 잃었다고 여긴 미카는 벨로타 없는 세상은 필요 없다며 절벽 끝으로 걸어가다 지휘관에게 붙잡혔다"
F1218,사실,57,2023-12-07,event_neverland1,1,0,57,0,1,,,,,,57,2,,person:루드밀라 place:천사_고아원 concept:로열,확정,event_neverland1,,"루드밀라에 따르면 미카 · 벨로타가 있던 고아원은 루드밀라의 가문과 연관된 곳으로, 가문이 건너건너 후원 사업을 한다고만 들었지 그 안의 참혹한 일은 몰랐다 — 루드밀라는 과거의 어른과 현재의 어른은 다르다는 걸 보여 주고 싶다며 벨로타를 반드시 찾겠다고 했다"
F1219,사실,57,2023-12-07,event_neverland1,1,0,57,0,0,,,,,,57,1,,person:블랑 person:누아르,확정,event_neverland1,,"블랑 · 누아르는 둘이 같은 곳을 말하면 대체로 맞아 지금껏 길을 한 번도 틀린 적이 없다고 했고, 눈사태로 지형이 바뀐 갈림길마다 동시에 같은 길을 골라 벨로타의 흔적으로 이끌었다 — 루드밀라가 표지판으로 확인하니 반대편은 막다른 길이었다"
F1220,사실,57,2023-12-07,event_neverland1,2,0,57,0,0,,,,,,57,1,,person:벨로타 person:미카 person:루드밀라,확정,event_neverland1,,"눈사태에 휩쓸린 벨로타는 발목을 다치고 핸드폰도 고장 났지만 하트 눈뭉치와 신호탄으로 흔적을 남기며 버텼고, 랩쳐와 싸우던 벨로타를 미카가 무너지는 나무다리를 건너 구했다 — 둘은 서로 사과하고 앞으로도 함께 있자고 했으며, 등불을 든 루드밀라가 둘을 찾아 데려왔다"
F1221,사실,57,2023-12-07,event_neverland1,1,0,57,0,0,,,,,,57,1,,place:설온장 person:루드밀라 person:엔더슨 org:중앙_정부,확정,event_neverland1,,"수색에서 찾은 자원이 연구에 도움이 되어, 루드밀라는 엔더슨과 상의해 설온장을 북부 기지에 임무를 나온 니케와 길 잃은 니케를 위해 계속 열어 두기로 했다 — 중앙 정부도 설온장을 마음에 들어 했다"
F1222,사실,57,2023-12-07,char:194,0,0,,0,0,,,,,,57,1,,person:루드밀라 place:천사_고아원 concept:로열,확정,char:194,,"인간 루드밀라는 가문의 고아원 후원에 자부심을 느껴 천사 고아원 아이들에게 편지와 후원금을 보내고 감사 답장을 기다렸지만 답은 없었고, 1년쯤 뒤 그 고아원에서 학대로 인한 사망 사건이 나자 가문은 아이들이 어찌 되든 곧바로 후원을 끊었다 — 루드밀라는 가문도 답장만 기다린 자신도 누군가의 희생으로 고귀함을 증명하는 기생충이라 깨달았다"
F1223,사실,57,2023-12-07,char:194,0,0,,0,0,,,,,,57,1,,person:루드밀라 place:천사_고아원,확정,char:194,,"니케가 된 뒤 루드밀라는 우월감을 사죄하는 편지를 다시 썼지만 재정이 나빴던 천사 고아원은 이미 없어져, 여러 번 고쳐 쓴 [수신인 : 천사 고아원 일동] 편지를 오래 품고 스스로 고귀함을 증명하고 있는지 되물어 왔다"
F1224,사실,57,2023-12-07,char:194,0,0,,0,0,,,,,,57,1,,person:루드밀라 place:설온장 person:미카 person:벨로타,확정,char:194,,"설온장에서 미카 · 벨로타에게 보답하려 혼자 완벽하게 관리하며 지쳐 가던 루드밀라는, 니케들이 자기를 쉬게 하려고 다 같이 자리를 피한 것을 보고 선의도 서로 전해지지 않으면 자기만족이라며 관리를 나누기로 했고, 부치지 못한 편지를 태워 보냈다"
F1225,사실,58,2023-12-14,char:62,0,0,,0,0,,,,,,58,1,,person:미카 person:벨로타 place:설온장,확정,char:62,,"설온장에 다녀온 뒤 미카는 벨로타의 장난에 놀라거나 곤란해하지 않고 제 의견을 분명히 말하며, 벨로타가 없어져도 울지 않고 찾아 나서는 등 자신감 있게 변했다 — 미카는 벨로타라는 소중한 것이 또 없어질까 무서웠지만 설온장에서 주변 환경도 곁의 사람들도 변했음을 깨달았고, 소중한 건 앞으로 자기가 지키면 된다며 자기가 아니라 마음가짐이 변했다고 했다"
F1226,사실,58,2023-12-14,char:62,0,0,,0,0,,,,,,58,1,,person:벨로타 person:미카,확정,char:62,,"벨로타는 미카가 어른스러워지길 누구보다 바랐으면서도 막상 미카가 확 변하자 받아들이지 못해 숙소에 숨었고, 데리러 온 미카의 말을 듣고는 자기도 미카보다 더 어른스러워지겠다며 돌아왔다"
F1227,사실,58,2023-12-14,char:62,0,0,,0,0,,,,,,58,1,,person:미카 person:벨로타,확정,char:62,,"미카는 바뀌지 않는 세상에서 누가 이끌어 주고 도와주길 바라는 영원한 어린아이로 남기를 바라 왔지만, 소중한 것을 지키려면 그 세상을 나와야 한다는 걸 알고 먼저 나왔으니 과거에 갇힌 벨로타도 나오게 하겠다고 했다 — 니케인 미카의 키는 자라지 않는다"
F1228,사실,59,2023-12-28,event_newyearnewsword,0,0,,0,0,,,,,,59,1,,person:노이즈 person:홍련 person:지휘관,확정,event_newyearnewsword,,"1년의 마지막 밤 전초기지 콘서트에서 노이즈가 1년 동안 곁에서 도와준 프로듀서(지휘관)에게 감사하며 모형 장미를 주고 볼에 입 맞췄고, 자리를 피한 지휘관을 몰래 들어온 홍련이 새해 일출을 보러 지상으로 데려갔다 — 홍련에 따르면 장미는 오래전 죽은 언니가 좋아한 꽃으로 지상에서는 씨앗을 찾지 못했다"
F1229,사실,59,2023-12-28,event_newyearnewsword,0,0,,0,0,,,,,,59,1,,person:홍련 person:장화 org:근접_전투_스쿼드 concept:사고_전환,확정,event_newyearnewsword,,"홍련은 사고 전환을 여러 번 겪어 기억 대부분을 잊었지만 결코 잊지 못한 기억으로, 1차 침공기에 언니 장화와 함께 니케가 되었고 둘은 근접 전투를 위해 만들어진 단 10기뿐인 특수 개량 양산형 니케였다 — 홍련에 따르면 방주에서는 이제 근접 전투형을 더 생산하지 않는 듯하다"
F1230,사실,59,2023-12-28,event_newyearnewsword,0,0,,0,1,,,,,,73,2,,person:장화 person:홍련 concept:적합자,확정,event_newyearnewsword,,니케가 된 장화 · 홍련이 기억하는 것은 서로 자매라는 것뿐이었다 — 장화에 따르면 페어리 테일 적합자 정도가 아니면 기억이 아예 없거나 전부 남는다 — 둘은 985번 대련해 홍련이 한 번도 이기지 못했다(장화 975승 10무)
F1231,사실,59,2023-12-28,event_newyearnewsword,0,0,,0,0,,,,,,59,1,,org:근접_전투_스쿼드 person:장화 org:갓데스 org:인류연합군,확정,event_newyearnewsword,,"갓데스 스쿼드의 사례로 정식 스쿼드가 아니어도 스쿼드마다 지휘관 한 명이 붙게 되어, 근접 전투형 10명은 인류연합군 장교(중위)를 지휘관으로 '근접 전투 스쿼드'라는 이름의 잠입 · 탈환 임무를 받았고 최종 테스트 최고 성적인 장화가 리더가 되었다 — 중위는 '그 용병 놈에겐 페어리 테일 모델을 붙여 주고'라며 불평했다"
F1232,사실,59,2023-12-28,event_newyearnewsword,0,0,,0,0,,,,,,59,1,,org:근접_전투_스쿼드 person:장화 person:홍련,확정,event_newyearnewsword,,첫 임무에서 모두 랩쳐 무리 앞에 얼어붙었지만 장화가 먼저 뛰어들고 홍련이 뒤따라 근접 전투 스쿼드는 사상자 0명이라는 이례적인 기록으로 성공했고 — 이후 가볍게 개량된 바디로 인류연합군 제29 사령부 탈환 같은 잠입 · 탈환과 섬멸 임무에서 성과를 내 정식 스쿼드가 될지도 모른다는 말을 들었다
F1233,사실,59,2023-12-28,event_newyearnewsword,0,0,,0,0,,,,,,59,1,,org:근접_전투_스쿼드 concept:사고_전환,확정,event_newyearnewsword,,"성과만큼 희생도 커서 사고 전환이 온 동료를 베고 바디 결함 · 랩쳐 공격으로 동료가 죽어 10명이 6명이 되었다 — 장화에 따르면 그들의 바디는 양산형을 억지로 근접형으로 개량한 프로토타입이라 가볍고 결함이 많으며 가까이서 싸워 사고 전환도 많은데, 보급이 점점 늦어지다 끊겨 바디 수리는커녕 식량도 받지 못했다"
F1234,사실,59,2023-12-28,event_newyearnewsword,0,0,,0,0,,,,,,59,1,,person:장화 person:홍련 org:근접_전투_스쿼드,확정,event_newyearnewsword,,"중위가 성과가 모자라 지원이 없다며 제5 사령부 무기고 탈환이라는 훨씬 어려운 임무를 내리자 장화는 중위를 협박해서라도 지원을 받자는 반란을 제안했다(스쿼드원 둘 찬성 · 둘 반대) — 홍련은 죽은 동료들을 헛되게 할 수 없고 배신자로 떠돌 바에는 니케로서 최후까지 싸우다 죽겠다며 반대했고, 장화는 일단 임무를 해 보자며 물러섰다"
F1235,사실,59,2023-12-28,event_newyearnewsword,0,0,,0,0,,,,,,59,1,,org:근접_전투_스쿼드 person:장화 org:인류연합군,확정,event_newyearnewsword,,"중위는 장화에게 근접 전투 스쿼드가 유지 보수 비용이 많이 들어 양산할 가치가 없다고 결론 났고, 한 명만 남을 때까지 지원 없이 점점 어려운 임무를 줘 가장 오래 살아남은 하나에게 페어리 테일 바디를 주려는 것이라 털어놓았다 — 임무를 거부하면 사고 전환으로 보아 모두 처분한다고도 했다"
F1236,사실,59,2023-12-28,event_newyearnewsword,0,0,,0,0,,,,,,59,1,,person:장화 org:근접_전투_스쿼드,확정,event_newyearnewsword,,"장화는 최후의 1인조차 온전한 적합자에게 힘과 경험을 옮기려 뜯어먹힌 채 데이터만 남기고 사라질 것이라 보고, 성공이 죽음의 원인이라면 '완벽한 실패'만이 살 길이라며 무엇을 지키고 무엇을 버릴지 결정해 중위를 찾아갔다"
F1237,사실,59,2023-12-28,event_newyearnewsword,0,0,,0,1,,,,,,153,2,,person:장화 concept:니케,확정,event_newyearnewsword,,"장화는 니케에게 걸린 인간을 벨 수 없는 제약을 붉은 천으로 눈을 가리고 랩쳐라고 자기 암시를 거는 것으로 넘어서 중위와, 움직이지 말라는데 움직인 스쿼드원을 베었다 — 반란 쪽 동료들은 검을 겨눠 홍련을 막아섰다"
F1238,사실,59,2023-12-28,event_newyearnewsword,4,3,17,0,2,,,,,,154,6,J30,person:장화 person:홍련,확정,event_newyearnewsword,,"장화는 인류를 지키며 살겠다는 마음이 영원할 것이라던 말을 증명해 보라며 홍련이 벨 때까지 눈을 가리고 무엇이든 베겠다고 했다 — 봐주지 않기로 약속하고 겨룬 끝에 장화는 망설인 홍련의 검을 스스로 끌어당겨 코어를 꿰뚫게 하고, '강해져야 해, 누구에게도 휘둘리지 않도록', 혼자 두고 가서 미안하다며 죽었다"
F1239,사실,59,2023-12-28,event_newyearnewsword,1,0,59,0,1,,,,,,153,2,J30,org:근접_전투_스쿼드 person:홍련 item:화무십일홍 org:인류연합군,확정,event_newyearnewsword,,"근접 전투 스쿼드의 다른 동료들도 서로를 베어 모두 죽었고, 뒤늦게 안 인류연합군 상부는 니케가 인간을 죽일 수 있다는 것이 알려져서는 안 된다며 [내전]으로 정리했다 — 조사가 끝난 뒤 홀로 남은 홍련은 언니의 검 화무십일홍만 쥔 채 언니와 동료들의 잔해를 묻었고, 언니가 왜 그랬는지는 다른 스쿼드에 합류한 뒤 들었다"
F1240,사실,59,2023-12-28,event_newyearnewsword,1,0,59,0,0,,,,,,59,1,,person:홍련 person:장화 person:지휘관,확정,event_newyearnewsword,,홍련은 매해 열지 못한 — 장화가 새해 일출을 보며 스쿼드 모두와 마시자며 숙성해 둔 — 술을 100년 가까이 지나 올해 새해를 지휘관과 맞으며 비로소 열었다 — 홍련은 세상에 영원한 것은 없으니 과거를 슬퍼하기보다 지금을 충실히 살자며 새해 첫 술을 권했다
F1241,사실,59,2023-12-28,event_newyearnewsword,0,0,,1,0,,,,,,60,2,,person:홍련 item:화무십일홍 person:장화,확정,char:225,앞당김,"홍련의 검 [백일홍]은 칼날 반쪽이 장화의 바디와 함께 본부로 회수되어 홍련은 지상에서 살아남으려 장화의 검 화무십일홍을 써 왔고, 그 뒤 만난 동료 가운데 좋은 무기 장인이 장화의 코어 조각으로 부서진 칼날을 보완해 수리해 주었다"
F1242,사실,60,2024-01-01,char:225,0,0,,0,0,,,,,,60,1,,person:홍련 person:릴리바이스 org:갓데스 person:도로시,확정,char:225,,"릴리바이스가 쓰러뜨려 갓데스에 데려온 홍련은 치료와 '코어로 검을 만들어 준 것'에 감사하면서도 그때는 만전이 아니었다며 합류를 마다하고 재대결을 청했다가, 릴리바이스의 주먹 한 방에 천장에 박혀 기절한 뒤 합류했다 — 도로시는 처음 보는 레드 후드에게 칼을 휘두른 홍련의 영입에 반대했다"
F1243,사실,60,2024-01-01,char:225,0,0,,0,0,,,,,,60,1,,person:홍련 org:갓데스 person:라푼젤 person:스노우_화이트 person:레드_후드 person:도로시,확정,char:225,,"홍련은 '난 강해야 하니까'라며 갓데스 안에서 자기 위치를 증명하려 해, 릴리바이스가 멤버마다 종목을 골라 한 번씩 겨루게 했다 — 라푼젤과의 기도(명상) 대결에서 10시간 만에 잠들어 지고, 스노우 화이트와의 무기 조립에서 지고, 레드 후드의 저격 술래잡기에서는 날아오는 탄환을 베어 내다 시간이 끝났고, 도로시와의 팔씨름에서 첫 승을 거뒀다"
F1244,사실,60,2024-01-01,char:225,0,0,,0,0,,,,,,60,1,,person:도로시 person:홍련 org:갓데스,확정,char:225,,도로시는 갓데스가 승리의 [여신]이라 불리니 진흙탕을 구르지 않고 고귀하고 아름답게 압도적으로 이겨야 사람들의 희망이 된다며 검을 들라는 홍련의 권유를 야만적이라 거절했다 — 도로시는 양산형 베이스인 홍련에게 스펙으로는 압도해야 했지만 전력을 다하고도 졌다고 했다
F1245,사실,60,2024-01-01,char:225,0,0,,0,0,,,,,,60,1,,person:홍련 org:갓데스 org:근접_전투_스쿼드,확정,char:225,,"첫 실전에서 홍련은 백업을 마다하고 혼자 적진에 돌격해 랩쳐를 베어 나갔고, 갓데스 멤버들은 홍련의 집중력 · 신체 제어 · 무기 구조를 한눈에 파악하는 눈 · 탄환을 베는 실력을 인정했다 — 홍련은 혼자 살아남은 옛 전우들을 짊어지고, 인류를 위해 싸운다는 사명이 같은 새 동료들과 함께 전우들이 바라던 인류의 승리를 얻겠다고 다짐했다"
F1246,사실,61,2024-01-11,event_lionheart,0,0,,0,0,,,,,,61,1,,org:해피_주 person:레오나 person:길로틴 person:티미,확정,event_lionheart,,"방주 사람들이 맹수를 보호하는 데 불안을 느껴 신고가 잦아 해피 주 보호소는 종종 임시로 문을 닫는데, 이번 휴무에 레오나는 보호소가 생긴 뒤 한 번도 쉬지 못한 네로 · 비스킷과 공문의 권유대로 휴일을 갖기로 하고 동물 돌봄을 지휘관이 소개한 길로틴에게 맡겼다"
F1247,사실,61,2024-01-11,event_lionheart,0,0,,0,0,,,,,,61,1,,person:레오나 org:해피_주 person:네로,확정,event_lionheart,,"레오나가 휴일을 만든 까닭은 신고가 꾸준하고 경고로 문을 닫는 주기가 짧아지는 가운데 동물들이 해피 주 없이도 괜찮을지, 자기들이 동물들 없이 괜찮을지 확인하고 싶어서였다 — 네로는 해피 주가 지금껏 동물을 남에게 맡기지 않고 직접 지켜 왔다고 했다"
F1248,사실,61,2024-01-11,event_lionheart,0,0,,0,0,,,,,,61,1,,place:방주 org:해피_주,확정,event_lionheart,,"비스킷 · 네로 · 레오나에 따르면 요즘 방주에서는 로봇 개 · 고양이를 키우는 집이 늘어 쇼핑몰에 펫 용품점이 생기고 대형 로봇 개를 애완용 · 경비견으로 키우는 집도 많아졌으며, 유기 동물에게 먹이를 주는 것이 대개 호기심 · 재미로 유행처럼 번졌다"
F1249,사실,61,2024-01-11,event_lionheart,0,0,,0,0,,,,,,61,1,,person:레오나 person:머스탱 org:동물권_단체 org:해피_주,확정,event_lionheart,,"보호소를 비운 날 '인간을 위협하는 맹수를 지상으로 돌려보내라'는 시위대가 다녀가고 강제 휴무가 일주일 연장되자, 레오나는 맹수들을 좁은 철장에 일주일 가두는 것도 학대라며 지상에 데려가려 했다 — 보호소를 동물권 단체와 함께 운영한다며 반대하던 머스탱은 레오나가 직접 부탁했다는 말에 모두 안전하게 돌아와야 한다는 조건으로 허락했다"
F1250,사실,61,2024-01-11,event_lionheart,0,0,,0,0,,,,,,61,1,,person:루비 person:그레이 person:레오나 concept:랩쳐,확정,event_lionheart,,"레오나가 돌보던 독수리 루비는 지상에서 쓰러진 채 발견돼 시력을 잃었고, 레오나에게서 루비의 냄새를 맡고 공격했던 루비의 가족은 루비가 살아 있다는 말을 듣고 돌아오길 바라며 그 근처로 보금자리를 옮겼다 — 늑대 그레이는 개들과 함께 자랐고, 레오나에 따르면 랩쳐는 동물을 공격하지 않는다"
F1251,사실,61,2024-01-11,event_lionheart,3,0,61,0,0,,,,,,61,1,,person:레오나 person:티미 org:해피_주,확정,event_lionheart,,"레오나는 인간은 지상에서 살지도 못하는데 지상에서 잘 사는 동물들을 데려와 멸종 위기종 보존이라며 보호하는 것이 이상하고, 휴무가 이 아이들이 방주와 어울려 살 수 없음을 알게 해 주었다며 맡은 맹수들을 모두 지상에 풀어 주었다 — 티미만 돌아와 레오나 곁을 택했고, 레오나는 티미를 영원한 파트너로 지키겠다고 했다"
F1252,사실,61,2024-01-11,event_lionheart,3,0,61,0,0,,,,,,61,1,,person:머스탱 org:동물권_단체 person:레오나 person:길로틴,확정,event_lionheart,,"머스탱이 조사해 보니 레오나를 신고한 이들과 휴일을 권한 연락은 모두 동물권 단체 쪽으로, 보호소가 빈 틈에 희귀 맹수를 빼돌리려다 길로틴 때문에 실패하자 휴무를 일주일 늘린 것이었다 — 머스탱은 방주 재산 피해를 이유로 레오나의 맹수 관리 자격을 박탈하고(테스트로 되찾을 수 있다) 거짓말한 이들을 정리하겠다고 했다"
F1253,사실,61,2024-01-11,char:382,0,0,,0,0,,,,,,61,1,,org:해피_주 person:티미 person:레오나,확정,,,해피 주 보호소는 들어오는 개 · 고양이를 모두 중성화하지만 맹수는 종 보존과 가능하면 번식이 목표라 중성화할 수 없게 되어 있다 — 처음 발정기가 온 티미를 위해 레오나 · 지휘관 · 티미 셋이 암사자를 찾으러 지상에 올라갔다
F1254,사실,61,2024-01-11,char:382,0,0,,0,0,,,,,,61,1,,concept:랩쳐 org:해피_주 person:레오나,확정,,,"레오나에 따르면 랩쳐는 동물을 공격하지 않지만 동물은 본능적으로 랩쳐에게서 도망 다녀 동물이 무리 짓는 곳 주변은 안전하고, 해피 주는 초식 · 육식 동물이 많이 사는 지상 초원에 자주 정찰을 나온다"
F1255,사실,61,2024-01-11,char:382,0,0,,0,0,,,,,,61,1,,person:티미 person:레오나,확정,,,보호소에서 어릴 때부터 자란 티미는 자연에서 자란 사자들에게 밀려 며칠 만에 자신감을 잃었지만 레오나의 격려로 혼자 떠나 며칠 뒤 야생 사자 같은 모습으로 돌아왔고 — 보호소에서 며칠 지내자 원래 모습으로 돌아갔다
F1256,사실,61,2024-01-11,char:382,0,0,,0,0,,,,,,61,1,,person:레오나 person:지휘관,확정,,,"지상의 마지막 밤 레오나는 암사자가 강하고 매력 있는 수사자에게 이끌리듯 자기도 강하고 매력 있는 남자에게 이끌린다며 지휘관에게 본능에 몸을 맡겨 보자고 다가갔고, 티미가 망을 봐 주었다"
F1257,사실,62,2024-01-25,event_dirtybackyard,0,0,,0,0,,,,,,62,1,,place:포그_할로우 person:목단 org:모란회 place:아우터_림,확정,event_dirtybackyard,,"모란회가 관리하는 아우터 림 마을 포그 할로우의 창고에서 수십 명이 목을 맨 채 발견되고 벽에 [목단이 죽였다]가 쓰여 있었으며, 아우터 림 곳곳의 떼죽음 · 내전도 목단과 엮인 증거(다잉 메시지) · 증언이 돌아 소문이 방주까지 퍼졌다 — 목단에게는 알리바이가 있었다"
F1258,사실,62,2024-01-25,event_dirtybackyard,0,0,,0,0,,,,,,62,1,,concept:미스트 person:목단 place:블랙넷 place:아우터_림 person:진,확정,event_dirtybackyard,,"[미스트]는 알록달록한 사탕 모양의 약물로 먹으면 안개 낀 듯 몽롱해지며 극도의 행복감을 느끼고, 과용하면 고통을 못 느끼며 환각을 보고 흉폭해진다 — 중독자들은 목단을 '구세주'라 부르며 목단에게서 미스트를 받을 수 있다고 믿었고, 미스트는 블랙넷에서 활발히 유통된다"
F1259,사실,62,2024-01-25,event_dirtybackyard,0,0,,0,0,,,,,,62,1,,person:슈가 person:식스오 place:아우터_림 person:진,확정,event_dirtybackyard,,"슈가는 아주 예전 다른 스쿼드에 몸담았을 때 아우터 림에서 식스오의 위험한 일을 명령만 따르는 기계처럼 해 만나면 불길하다고 모두가 피하는 사람이었고, 자기가 한 일로 큰일이 일어났다는 것('가족이라더니! 지켜준다더니!')을 듣고 손을 털었다 — 그때 입던 옷은 죄수복 같은 것이라 한다"
F1260,사실,62,2024-01-25,event_dirtybackyard,0,0,,0,0,,,,,,62,1,,person:슈가 person:식스오 place:포그_할로우 concept:미스트 org:모란회,확정,event_dirtybackyard,,"슈가는 얼마 전 식스오에게서 '포그 할로우를 보호해 줄 것'이라는 의뢰를 받아 사전 조사로 그곳의 미스트 생산을 알았지만 마을 사람들을 살리려 막지 않았고, 의뢰를 빌미로 식스오의 꼬리를 잡으려 했다 — 그때 주민은 생산을 모란회가 시켰다고 말했다"
F1261,사실,62,2024-01-25,event_dirtybackyard,0,0,,0,0,,,,,,62,1,,place:포그_할로우 person:식스오 concept:미스트,확정,event_dirtybackyard,,"포그 할로우 주민들은 먹고살려고 미스트를 소량 만들다 식스오에게 들켜 마을 전체를 담보로 생산을 늘리라는 협박을 받았고(최근 생산량 스무 배 이상), 창고의 집단 죽음은 다른 데 도움을 청하거나 납품 수량을 못 채우면 이렇게 된다는 본보기였다 — 식스오는 마을 곳곳에 폭탄도 심어 두었다"
F1262,사실,62,2024-01-25,event_dirtybackyard,0,0,,0,0,,,,,,62,1,,person:식스오 place:블랙넷 person:슈가 person:목단,확정,event_dirtybackyard,,슈가에 따르면 식스오는 블랙넷에 아주 깊게 관여한 자로 세간에 '마스터'일지도 모른다는 소문이 있다 — 미스트 중독자인 척 목단 일행에게 접근한 사내는 식스오의 문자를 받은 직후 자기도 모르게 몸에 달린 폭발물로 폭사했다
F1263,사실,62,2024-01-25,event_dirtybackyard,1,0,62,0,2,,,,,,138,3,,person:목단 org:모란회 place:포그_할로우 person:슈가 org:언더월드_퀸,확정,event_dirtybackyard,,"목단은 언더월드 퀸이자 모란회 보스로서 선택권이 없다며 의리를 저버리고 질서를 어긴 포그 할로우를 불태우라 명령해 모란회와 공장에 쳐들어갔고, 약자들을 지키겠다는 슈가를 꺾어 포그 할로우는 하루 만에 괴멸했다 — 목단은 예전 아우터 림의 비슷한 일을 뿌리 뽑지 않아 일대가 작살났다고 했다"
F1264,사실,62,2024-01-25,event_dirtybackyard,0,0,,0,5,,,,,,148,5,,person:식스오 person:목단 org:모란회 person:사쿠라 person:로산나 person:머스탱 org:언더월드_퀸,확정,event_dirtybackyard,,"포그 할로우 괴멸 뒤 뉴스는 모란회 보스를 위험 약물 제조 증거 인멸 용의자로 보도했고 목단은 머스탱에게 불려 갔다 — 사쿠라에 따르면 누명과 아우터 림의 나쁜 소문은 모두 식스오가 꾸민 것이고(로산나는 미스트 독점을 노렸다고 봄), 식스오는 증거 · 여론을 조작해 단서 하나 남기지 않아 모란회의 평판은 땅에 떨어졌으며 언더월드 퀸이 식스오를 쫓기로 했다"
F1265,사실,62,2024-01-25,event_dirtybackyard,0,0,,0,1,,,,,,73,2,,concept:미스트 place:아우터_림 person:사쿠라 person:머스탱,확정,event_dirtybackyard,,"미스트는 중독성이 매우 강하고 중독 치료제가 아직 없어 중독자들이 아우터 림에서 살인 · 상해를 잇달아 일으키고 있어, 사쿠라는 머스탱과 상의해 중독자들을 격리하려 한다"
F1266,사실,62,2024-01-25,event_dirtybackyard,0,0,,0,0,,,,,,62,1,,person:슈가 person:식스오 person:목단 org:카페_스위티,확정,event_dirtybackyard,,목단에게 지고 마을도 잃은 슈가는 당분간 해결사 일을 내려놓고 식스오를 찾는 데 몰두해 목단의 누명을 풀겠다고 했다
F1267,사실,62,2024-01-25,event_dirtybackyard,1,0,62,0,0,,,,,,62,1,,org:모란회 person:목단,확정,event_dirtybackyard,,"모란회 벽에는 날마다 목단과 모란회를 욕하는 글('살인자', '모란회를 해체하라')이 쓰였고, 지휘관은 매일 들러 그 글을 닦다 돌아온 목단과 함께 닦았다 — 목단은 옳은 선택이라 생각했는데 아무것도 해결된 게 없다며 괴로워했다"
F1268,사실,62,2024-01-25,event_dirtybackyard,0,0,,0,0,,,,,,62,1,,place:포그_할로우 concept:미스트 place:아우터_림,확정,event_dirtybackyard,,포그 할로우가 무너진 뒤에도 포그 할로우 주민(이름표)은 아우터 림의 골목에서 노숙자에게 미스트를 팔며 돈만 있으면 못 만들 것이 없고 장소는 또 구하면 된다고 했다
F1269,사실,62,2024-01-25,char:281,0,0,,0,0,,,,,,62,1,,org:모란회 person:진 person:목단 person:사쿠라 person:로산나,확정,char:281,,"진에 따르면 모란회는 주 업무인 보호 임무의 의뢰비 대신 가게 물건 몇 개를 받고 대출업도 이자를 물건으로 받아, 그 물건을 팔아 운영 자금을 대 왔다 — 다른 곳처럼 양아치 짓을 하거나 남의 돈을 탐내지 않아 운영 자금이 바닥나자 목단은 사쿠라 · 로산나에게 돈을 빌리려 했지만 둘 다 거절했다"
F1270,사실,62,2024-01-25,char:281,0,0,,0,0,,,,,,62,1,,person:목단 person:지휘관 person:미카 person:벨로타 org:메이드_포_유 org:카페_스위티,확정,char:281,,"목단은 지휘관이 빌려주겠다는 돈을 마다하고 아우들 보기 부끄럽지 않게 제 손으로 벌겠다며 장난감 가게 · 메이드 카페 · 카페 스위티 등에서 일했지만 모두 실패했고, '떼인 돈 받아드립니다' 일도 사정이 딱한 채무자들에게서 한 푼도 받지 못해 의뢰비마저 사양했다"
F1271,사실,62,2024-01-25,char:281,0,0,,0,0,,,,,,62,1,,person:목단 person:폴리,확정,char:281,,"병원비가 필요한 마지막 의뢰인과 함께 찾아간 채무자(의뢰인의 친구)는 집 안에서 오래전 숨진 채 발견되었다 — 폴리에 따르면 스스로 안 좋은 선택을 한 것으로 보이고, 남긴 편지에는 돈을 못 갚아 미안하다고 적혀 있었다"
F1272,사실,62,2024-01-25,char:281,0,0,,0,0,,,,,,62,1,,person:진 org:모란회 person:목단,확정,char:281,,"진이 남은 모란회 자금으로 투자해 대박을 내 모란회는 몇 년간 돈 걱정이 없게 되었고, 목단은 그 돈으로 마지막 의뢰인에게 병원비를 빌려주었다 — 목단은 먼저 베푼 호의는 언젠가 돌아와 연이 되고, 그 연이 깊어지면 의리가 된다며 그렇게 살아 왔다고 했다"
F1273,사실,63,2024-02-05,event_perfectmaid,0,0,,0,1,,,,,,122,2,,person:에이드 person:소다 person:코코아 org:메이드_포_유,확정,event_perfectmaid,,"에이드는 완벽한 메이드가 되려 손님들의 얼굴 · 표정을 살피며 지내 왔는데, 실수하는 소다나 케이크에 소스를 쏟는 코코아에게는 손님들이 기뻐하고 감동하면서도 자기 음식과 행동에는 아무도 마음이 움직이지 않는다는 것을 느끼고 괴로워했다"
F1274,사실,63,2024-02-05,event_perfectmaid,0,0,,0,0,,,,,,63,1,,person:프리바티 person:드레이크 org:엔터_헤븐 person:에이드 place:리페어_센터,확정,event_perfectmaid,,"방주 시내에서 엔터 헤븐 테러범들을 진압하던 프리바티 곁에 지나가던 드레이크가 끼어들어 테러범의 유탄 발사기를 걷어찼고, 그때 발사된 유탄이 메이드 카페에 떨어져 에이드가 지휘관을 감싸 안고 다쳤다 — 리페어 센터에서 수리받은 뒤 에이드는 싱크대 앞에서 머릿속이 하얘져 요리를 못 하고 손님의 눈을 마주치지 못하게 되었다"
F1275,사실,63,2024-02-05,event_perfectmaid,0,0,,0,2,,,,,,141,3,,person:프리바티 person:드레이크 org:메이드_포_유 person:에이드,확정,event_perfectmaid,,에이드를 쉬게 하려고 빚을 갚겠다는 프리바티 · 드레이크가 메이드 카페의 임시 메이드가 되어 밸런타인 이벤트를 도왔다 — 에이드에 따르면 메이드가 '어서 오세요' 대신 '다녀오셨어요'라 하는 것은 주인님이 가게가 아니라 [집]에 오는 것처럼 편하게 여기길 바라서다
F1276,사실,63,2024-02-05,event_perfectmaid,1,0,63,0,0,,,,,,63,1,,person:에이드 person:지휘관,확정,event_perfectmaid,,"에이드가 손님의 눈을 못 본 까닭은 자기 음식과 행동에 아무 감흥 없는 얼굴을 — 특히 특별한 지휘관의 얼굴에서 — 또 보게 될까 두려워서였고, 실수해도 완벽하지 않아도 손님들의 마음이 쉽게 움직이는 모습에 질투한 자신이 추해 견딜 수 없었다 — 에이드는 니케보다 인간처럼 보이게 서툴렀어야 했나 물었다"
F1277,사실,63,2024-02-05,event_perfectmaid,0,0,,0,1,,,,,,141,2,,person:프리바티 org:메이드_포_유 concept:니케,확정,event_perfectmaid,,"프리바티에 따르면 메이드 포 유는 니케라는 것이 대외적으로 알려진 스쿼드라, 손님들이 니케임을 알아차리는 순간 완벽한 성과도 [니케]라서 당연한 것이 되고 노력은 사라진다 — 니케를 인간과 다른 기계로 여기기 때문이다 — 대외적으로 인간으로 알려진 프리바티는 그런 일을 당하지는 않지만 니케인 줄 모르는 동료들에게서 그런 말을 그대로 듣는다"
F1278,사실,63,2024-02-05,event_perfectmaid,0,0,,0,0,,,,,,63,1,,person:프리바티 person:에이드 person:지휘관 org:메이드_포_유,확정,event_perfectmaid,,"프리바티는 에이드의 레시피와 가르침으로 닷새 동안 연습해 밸런타인 전날 손님들을 감동시켜 완벽함도 감동을 줄 수 있음을 증명했고, 에이드는 지휘관의 입맛에 맞게 고친 [나만을 위한] 케이크로 지휘관을 감동시키고 기뻐서 울었다 — 그 뒤 에이드의 증상은 사라졌고, 노력을 알아주는 이들과 특별한 주인님이 곁에 있음을 알았다고 했다"
F1279,사실,63,2024-02-05,char:313,0,0,,0,3,,,,,,141,3,,person:프리바티 person:코코아 org:메이드_포_유 person:지휘관,확정,char:313,,"메이드 카페 일을 이어 가던 프리바티는 메이드장 코코아가 낸 '프로 메이드' 졸업 임무 — 누군가의 전속 메이드가 되어 주인님을 만족시키는 것 — 를 위해, 지휘관밖에 떠오르는 사람이 없었다며 지휘관의 전속 메이드가 되었다"
F1280,사실,63,2024-02-05,char:313,0,0,,0,0,,,,,,63,1,,person:프리바티 person:지휘관,확정,char:313,,"전속 메이드로 청소 · 빨래 · 요리를 모두 망친 프리바티는 지휘관이 쓰는 물건과 옷이 궁금하고 손수 만든 것을 먹는다니 설레서 집중할 수 없었다고 털어놓았고, 지휘관이 좋아한다고 말하며 원하는 것은 전속 메이드가 아닌 평소의 프리바티라고 하자 졸업 기념으로 함께 식사하러 가기로 했다"
F1281,사실,64,2024-02-15,char:310,0,0,,0,0,,,,,,64,1,,person:에이드 person:코코아 org:메이드_포_유 org:마이티_툴즈 person:지휘관,확정,,,"메이드 카페는 주방 물 공사(마이티 툴즈가 바빠 일주일 뒤 착공)로 일주일 휴무하며 메이드 포 유도 휴가를 가졌고, 휴가에도 카페에서 지휘관을 기다리겠다던 에이드는 — 규정상 전속 메이드를 하지 않지만 코코아의 특별 허락으로 — 지휘관과 일주일을 보내게 되었고, 지휘관은 거꾸로 자기가 에이드의 메이드가 되었다"
F1282,사실,64,2024-02-15,char:310,0,0,,0,0,,,,,,64,1,,person:에이드 person:지휘관,확정,,,"가리는 것도 크게 좋아하는 것도 없다던 에이드는 레스토랑의 전 메뉴를 맛보다 촉촉한 오므라이스를 좋아하게 되었고, 다른 사람이 아니라 자기를 위한 내일을 준비하는 것이 처음이라고 했다"
F1283,사실,64,2024-02-15,char:310,0,0,,0,0,,,,,,64,1,,person:에이드 person:지휘관,확정,,,"주인과 메이드가 바뀐 일주일의 마지막 날 밤 에이드는 처음으로 지휘관에게 직접 부탁해(안아 보고 싶다) 자기가 욕심을 낼 수 있는 사람임을 알았지만 잊어 달라고 했고, 영업 재개 뒤 처음으로 먼저 찻잎 페스티벌에 함께 가자고 청했다"
F1284,사실,65,2024-02-22,ch27,1,1,19,0,1,,,,,,109,3,J26,person:랩칠리언 concept:웨일리 concept:마더_웨일 concept:랩쳐 place:탈환지_01,확정,ch27,,"탈환지 전투 때 내려앉은 외형이 다른 마더 웨일은 랩칠리언이 타고 다니는 '웨일리'였고, 랩칠리언은 큰 소리에 와 보니 친구들이 위험해 도왔다고 했다 — 대부분의 랩쳐는 아직 소통할 준비가 안 되었고 친구들이 더 소중하다며 — 그는 웨일리를 타고 지상 곳곳을 돌았는데, 방주 인근 밖의 [바깥]에는 수정으로 가득한 도시 · 살아 있는 듯한 은색 호수 · 거대한 강철 산맥이 있다고 했다"
F1285,사실,65,2024-02-22,ch27,1,1,54,1,0,,,,,,118,3,J26,concept:웨일리 person:랩칠리언 concept:마더_웨일,확정,ch27 relic:정갈하게쓴기록,,"랩칠리언에 따르면 웨일리는 한 번씩 지상에 내려가 동물을 너무 많이 잡아먹었는데, 채식을 권하자 열매와 풀을 먹게 되었고 그 뒤 외형이 바뀌었다 — 랩칠리언은 식성에 맞게 신체를 변형한 것으로 본다"
F1286,사실,65,2024-02-22,ch27,0,0,,0,2,,,,,,119,3,,person:랩칠리언 person:엔더슨 person:버닝엄 org:중앙_정부 person:지휘관,확정,ch27,,"랩칠리언은 웨일리의 눈을 빌려 직접 그린 지상 [바깥]의 큰 지도를 지휘관에게 주었고, 버닝엄이 검증해 중앙 정부가 가진 바깥 지형(세부는 몰라 탐색을 못 하던)과 90% 이상 같고 전문가들의 과거 데이터 대조로도 신용할 수 있다는 결론이 났다 — 지도는 중앙 정부 데이터베이스에 등록된다"
F1287,사실,65,2024-02-22,ch27,0,0,,0,0,,,,,,65,1,,place:탈환지_01 person:엔더슨 concept:특수_별동대 place:수정_지역 org:마이티_툴즈 person:지휘관,확정,ch27,,"엔더슨은 지휘관이 탈환한 곳을 [탈환지 01]로 명명해 물자 · 인원을 지원하고 방주와 잇는 엘리베이터 공사를 시작했으며(마이티 툴즈, 한 달~세 달), 특수별동대에 탈환지 01을 기점으로 지도를 바탕으로 자원 · 대체 식량 등을 찾는 지상 탐색을 맡기고 첫 대상을 가장 가까운 수정 지역으로 정했다 — 엔더슨은 근 100년 동안 누구도 못 한 일이라 했다"
F1288,사실,65,2024-02-22,ch27,0,0,,0,0,,,,,,65,1,,person:도로시 org:필그림 person:엔더슨 place:방주,확정,ch27,,"엔더슨에 따르면 탈환 뒤 도로시(필그림)에게는 방주의 마이너한 채널 하나를 내주고 그 대가로 각종 기술을 더 지원받기로 했으며, 그 뒤로는 너무 조용하다"
F1289,사실,65,2024-02-22,ch27,0,0,,0,0,,,,,,65,1,,person:지휘관 person:엔더슨 person:마리안,확정,ch27,,"지휘관은 탈환지 01과 지도를 자기 공적으로 해 달라며 힘을 키워 마리안을 방주로 데려오고 싶다고 밝혔고, 엔더슨은 높이 오르면 온갖 음해와 견제에 시달리겠지만 전력으로 돕겠다며 폭주하지 말라고 했다 — 돕는 까닭은 재능 있는 후배를 돕는 선배의 본능, 그리고 해피 엔딩이 좋아서라고 했다"
F1290,사실,65,2024-02-22,ch27,0,0,,0,0,,,,,,65,1,,person:시프티 concept:특수_별동대 person:지휘관,확정,ch27,,시프티는 정식으로 특수별동대 전속 오퍼레이터로 발령받아(오퍼레이터 정기 시험 성적도 좋았다) 방주에서 원격으로 지휘관을 서포트하고 행정 업무 대부분을 맡는다
F1291,사실,65,2024-02-22,ch27,0,0,,0,0,,,,,,65,1,,person:리버린 person:해머링 person:일레그 org:패스파인더 org:해머&드릴 org:일렉트릭_쇼크 concept:특수_별동대 person:센티,확정,ch27,,"수정 지역 탐색 지원으로 패스파인더(택배)의 리버린 — 길 찾기 · 루트 담당, 해머&드릴(채광)의 해머링 — 광석 리스크 판단 · 채광 담당, 센티가 우상, 일렉트릭 쇼크(하드웨어 제작 · 정비)의 일레그 — 전자 기기 · 에너지 담당이 한 명씩 자원해 왔고, 탐색 동안 특수별동대 소속으로 지휘관의 명령을 받는다"
F1292,사실,65,2024-02-22,ch27,0,0,,0,0,,,,,,65,1,,org:해머&드릴 person:해머링 person:드릴리 org:패스파인더 person:리버린 place:방주,확정,ch27,,"해머링에 따르면 해머&드릴은 방주 인근의 광맥 · 천연자원을 이미 다 털어 한 달을 논 적도 있을 만큼 일이 없어 폐기당할 판이라 동료 드릴리는 보수 좋은 장기 아르바이트를 쉬지 못하고, 리버린의 패스파인더는 실수 없는 택배 로봇 · 드론에게 일을 빼앗겼다 — 둘은 새 땅의 일거리를 찾아 자원했다"
F1293,사실,65,2024-02-22,ch27,0,0,,0,0,,,,,,65,1,,person:리버린 person:일레그 org:패스파인더,확정,ch27,,"리버린은 로봇 대신 니케를 쓰는 까닭을 캐묻는 일레그에게, 택배 로봇은 아부를 못 해서라며 높으신 분들의 이벤트 도우미로 극적인 때에 선물을 전하고 정해진 대사를 읊으며 필사적으로 비위를 맞춰 돈을 번다고 털어놓았다 — 남 비위나 맞추며 사느니 지상에서 죽는 게 낫다며 탐색에서 평가를 받으려 계속 들어가자고 빌었다"
F1294,사실,65,2024-02-22,ch27,0,0,,0,2,,,,,,74,3,,person:일레그 org:일렉트릭_쇼크 place:방주,확정,ch27,,"일렉트릭 쇼크는 전공이 다 다르고 사교성이 없어 서로 친하지 않아 따로 움직이며, 그중 에너지 효율 · 활용 담당인 일레그는 뭐든 부족한 방주의 에너지 문제를 풀 실마리(수정이 좋은 촉매일지도)를 찾으려 자원했다"
F1295,사실,65,2024-02-22,ch27,0,0,,0,0,,,,,,65,1,,person:지휘관 person:아니스 person:네온 person:시프티 place:탈환지_01 org:카운터스,확정,ch27,,"시프티는 광학미채의 실전 투입이 처음이라 탈환지 01에 최소 둘을 남기라 했고 네온 · 아니스가 남겠다고 했지만, 지휘관은 새로운 곳에는 다 같이 가야 한다며 모두 데려가고 탈환지 모니터링을 시프티에게 맡겼다 — 빼앗기면 '다시 빼앗으면 된다'고 했다"
F1296,사실,65,2024-02-22,ch27,0,0,,0,0,,,,,,65,1,,place:수정_지역 person:해머링 person:일레그 concept:에블라_입자,확정,ch27,,"수정 지역의 수정은 겉은 석영과 비슷하지만 다이아몬드만큼 단단하고 기계 회로 같은 무늬에서 빛이 나며 전기가 흐른다 — 가까이 댄 태블릿이 방전되었고, 부서져 떨어진 조각은 빛과 전기가 끊긴 뒤 회색으로 변해 바스러졌으며 땅에 박힌 것은 뽑히지 않았다 — 주변 대기는 독성 없이 에블라 입자 농도만 아주 낮았다"
F1297,사실,65,2024-02-22,ch27,2,2,55,0,2,,,,,,148,4,J11,place:수정_지역 person:일레그 person:해머링 concept:랩쳐,확정,ch27,,"일레그 · 해머링의 실험에 따르면 수정은 일정 시간 닿은 것의 에너지를 빨아 전기로 바꿔 저장하고 크기를 키운다 — 손을 대자 미세한 구멍을 내며 코어 쪽으로 파고들었고, 전기를 잃으면 바스러지며, 땅 밑으로 나무뿌리처럼 모두 이어져 있다 — 사지가 부서진 랩쳐가 수정 위에서 멈추자 수정이 자랐고, 일레그는 이것이 자연 발생할 수 없고 [누군가] 명확한 목적으로 풀어놓은 것이라 했다"
F1298,사실,65,2024-02-22,ch27,1,0,65,0,0,,,,,,65,1,,person:일레그 person:네온 person:라피 person:지휘관,확정,ch27,,"일레그는 화면이 있는 기계마다 고전 FPS 명작 [BOOM]을 깔아(지휘관의 오퍼레이션 디바이스를 고치며 · 라피 총의 조정 화면 · 네온의 안경), 그 과정에서 네온의 안경이 뉴 매터 경량 프레임에 일레그도 본 적 없는 고성능 디스플레이 렌즈, 터무니없이 큰 OS 용량을 꽉 채워 쓰는 — 보통 안경이 아닌 물건임을 알아냈다 — 네온은 처음부터 있었다고만 했다"
F1299,사실,65,2024-02-22,ch27,0,0,,0,0,,,,,,65,1,,place:수정_지역 person:해머링 org:보타닉_가든,확정,ch27,,"수정은 양분 쪽으로 옮겨 다닌다 — 하룻밤 야영한 벽에 수정이 빼곡히 돋았고, 철문 앞에서는 수정이 조금씩 다가왔다 — 해머링은 양분이 없으면 죽고 뿌리가 있고 이동하니 광석보다 식물에 가깝다고 보고 보타닉 가든에 연락했다"
F1300,사실,65,2024-02-22,ch27,0,0,,0,0,,,,,,65,1,,place:수정_지역 person:플로라 org:보타닉_가든 concept:로드_급 concept:마스터_급 person:일레그,확정,ch27,,몸 곳곳에서 수정이 돋은 랩쳐(원형 로드 급)를 쓰러뜨리자 수정이 바스러졌고 몸 안에는 코어로 향하는 길이 잔뜩 나 있었다 — 보타닉 가든의 플로라는 수정이 식물이라면 코어가 작은 서번트 · 마스터 급은 에너지만 빨고 버리지만 코어가 큰 로드 급에는 기생해 천천히 흡수하며 숙주를 타고 멀리 번식 · 영역을 넓히는 것이라 추정했다
F1301,사실,65,2024-02-22,ch27,1,0,65,0,0,,,,,,65,1,,place:수정_지역 concept:랩쳐 person:리버린 person:라피,확정,ch27,,"구 도심(옛 중규모 무역 도시)으로 가는 좁은 길의 철문 앞에는 에너지를 빨려 죽은 랩쳐 시체가 앞으로 갈수록 많이 쌓여 있었는데, 쓰러진 방향과 서로 밟혀 찌그러진 기동 부위로 보아 도시에서 갑자기 많은 랩쳐가 이 길로 도망친 것으로 보였다 — 철문 너머의 도시는 수정에 잠식되어 있었다"
F1302,사실,55,2023-11-02,sub:피라_00,0,0,,0,0,,,,,,55,1,,person:라피 person:피라 person:레드_후드 person:지휘관,확정,sub:피라_00,,"라피는 메신저 대화명 '피라'(같은 계정으로 같은 닉네임 id는 못 만들어)로 지휘관에게 지상의 한 좌표에 단둘이 가 달라고 했고, 아무것도 남지 않은 처음 와 보는 그곳에서 까닭 모를 깊은 그리움을 느꼈다 — 라피는 레드 후드가 완전히 떠났으며 함께 있을 때 무의식에 새겨진 무엇이라 보고, 레드 후드에게 소중한 곳이었으리라 했다"
F1303,사실,65,2024-02-22,sub:피라_01,0,0,,0,0,,,,,,65,1,,person:라피 place:탈환지_01 person:레드_후드 person:지휘관,확정,sub:피라_01,,"탈환지 01(레드 후드의 고향)의 한 방에서 라피는 [아지트에서 기다리고 있을게.]라는 편지와, 두 사람이 함께 찍은 빛바랜 사진들 · 두 거대한 나무 사이 그네의 풍경 사진(뒷면 [05.07 우리들만의 장소에서])을 찾았다 — 마을 뒷동산 정상의 두 나무는 전쟁의 여파로 그루터기만 남았고 그네를 매었던 밧줄 자국이 있었다"
F1304,사실,65,2024-02-22,sub:피라_02,0,0,,0,0,,,,,,65,1,,person:레드_후드 org:갓데스 place:탈환지_01 person:라피 person:지휘관,확정,sub:피라_02,,"그네 기둥을 박으려 판 그루터기 밑 상자에는 레드 후드의 친구가 니케가 되어 갓데스(승리의 여신)가 된 '빨간 머리'에게 남긴 편지가 있었다 — 마을의 신성한 나무에 그네를 매고 술 먹다 떨어진 추억, 랩쳐가 나무를 다 꺾어 그네를 다시 못 건다는 것, 고향에 온전히 남은 것은 자기 몸뚱이 하나라며 고향에 눕겠다고 기어 오지 말고 살아남으라, 죽지 마라고 적었다"
F1305,사실,65,2024-02-22,sub:피라_02,0,0,,0,0,,,,,,65,1,,person:라피 person:레드_후드 org:마이티_툴즈 person:리타 place:탈환지_01 person:지휘관,확정,sub:피라_02,,"라피와 지휘관은 마이티 툴즈(리타)가 대준 줄 · 안장 · 설계도와 지상에서 구한 나무로 뒷동산에 그네를 다시 세웠고, 그네에서 노을 진 고향을 바라보며 이곳이 레드 후드의 아지트인 까닭을 알겠다는 라피 뒤에서 '그치? 끝내주지?'(???)라는 목소리가 들렸다 — 라피는 '레드 후드?' 하고 돌아보았지만 지휘관에게는 붉은빛이 눈부셨다고만 했다"
F1306,사실,65,2024-02-22,sub:트윙클_00,0,0,,0,0,,,,,,65,1,,person:아니스 person:트윙클 person:라피 place:탈환지_01 place:에덴 person:지휘관,확정,sub:트윙클_00,,"아니스는 메신저 대화명 '트윙클'로 — 라피가 다른 계정으로 지휘관과 단둘이 지상에 다녀온 것을 눈치채고 — 지휘관과 단둘이 탈환한 지상에 올라 풀밭에 누워 하늘을 보았다 — 늘 불안과 공포가 전제이던 지상, 남의 집 같아 불편하던 에덴과 달리 '우리 땅'이라 깃발을 세운 곳이라 마음 놓고 하늘을 볼 수 있다며, 다음에도 단둘이 하늘 보러 오자고 약속했다"
F1307,사실,65,2024-02-22,relic:잘지내라친구,1,1,55,0,0,,,,,,65,2,J2,person:레드_후드 concept:적합자 item:방주_추첨권,확정,relic:잘지내라친구,,"고향에 남은 한 친구는 떠난 친구에게 녹음 인사를 남겼다 — 사고로 죽었다던 친구가 적합자가 되어 TV에 나와 놀랐고, 방주 추첨권은 이 촌구석까지 올 리 없어 갈 곳 없는 고향에서 술이나 마시며 남겠으며, 생일 선물로 사 준 태양열 카세트 플레이어를 친구가 늘 짱박아 두던 곳에 놔뒀다고 했다"
F1308,사실,66,2024-02-22,ch28,0,0,,0,0,,,,,,66,1,,place:수정_지역 person:일레그 concept:에블라_입자,확정,ch28,,"수정에 잠식된 구 도심 끝에는 도시 광원 대부분을 혼자 맡을 만큼 빛나는 원형의 거대한 수정(수정 덩어리)이 있다 — 일레그는 막대한 에너지를 품은 그것을 수정들의 근원(혹은 그 급의 무언가)으로 보고 목표로 삼았고, 도심의 에블라 입자 농도는 시프티가 처음 볼 만큼 낮았다"
F1309,사실,66,2024-02-22,ch28,0,0,,0,0,,,,,,66,1,,person:라피 person:리버린 person:지휘관 place:수정_지역,확정,ch28,,"라피는 수정이 랩쳐에 기생한다면 니케도 예외일 수 없고 수정이 기생한 로드 급이 기존보다 훨씬 강했다며 정비 · 보충 뒤 다시 오자고 복귀를 제안했지만, 리버린은 목숨보다 중요한 것이 이 일에 달렸다며 지휘관에게도 간절한 뭔가가 있지 않느냐고 했고, 지휘관은 계속 가겠다고 했다"
F1310,사실,66,2024-02-22,ch28,0,0,,0,0,,,,,,66,1,,person:지휘관 person:마리안 person:시프티 person:라피 person:아니스 person:네온 place:방주,확정,ch28,,"지휘관은 무리하는 까닭을 묻는 카운터스에게 방주의 누구도 적이 될 수 없을 만큼의 힘(권력)을 가져 마리안을 데려오고, 동료들이 방주의 뜻에 맞지 않는 선택을 했을 때 편을 들어 주고 싶다고 밝혔다 — 정치와 먼 자기가 힘을 가질 길은 누구도 못 한 일을 해내는 것뿐이라며 — 시프티는 선전포고나 다름없는 말이라며 그 대화를 기록에서 지웠다"
F1311,사실,66,2024-02-22,ch28,1,1,65,0,0,,,,,,66,2,,person:리버린,확정,ch28,,"리버린은 사실 새로 길을 찾는 데 자신이 없어 길을 잃고 있었는데, 일레그에게 들키자 과호흡으로 쓰러졌다 — 예전에 더 잘 살아 보려고 욕심내 무리하게 진행한 일을 망쳐 함께 일하던 이들이 크게 다치고 피해를 입어 화를 낸 뒤로, 숨기던 잘못을 누가 들춰내면 호흡 곤란이 온다고 털어놓았다"
F1312,사실,66,2024-02-22,ch28,0,0,,0,0,,,,,,66,1,,place:수정_지역 person:일레그,확정,ch28,,"일레그에 따르면 부서진 수정은 한동안 안에 전기를 품고 있어, 바스러지기 전에 에너지를 계속 주입하면 커지지도 빨아먹지도 않고 현상만 유지해 그 전기를 꺼내 쓸 수 있다 — 손톱만 한 조각으로 건물의 거대 전광판에 BOOM을 띄웠고, 일레그는 수정이 전기의 최고 보관소이며 수정 덩어리가 방주의 차세대 동력원이 될 수도 있다고 했다"
F1313,사실,66,2024-02-22,ch28,0,0,,0,0,,,,,,66,1,,person:네온 person:일레그 person:시프티 person:리버린 person:해머링 person:라피 person:아니스,확정,ch28,,"수정 덩어리에 가까운 수정일수록 더 밝게 빛나 그 밝기를 따라 길을 찾았는데, 일레그가 알려 준 대로 네온의 안경 왼쪽 프레임 상단을 세 번 치자 광원 증폭 기능이 켜졌다 — 일레그는 그 안경에 3대 회사 기술이 들어 있지 않고 개인 커스터마이징이라기엔 성능이 너무 좋으며 자폭 기능도 있다고 했고, 시프티는 짐작 가는 것이 있다고 했다"
F1314,사실,66,2024-02-22,ch28,0,0,,0,0,,,,,,66,1,,person:리버린 place:수정_지역 concept:랩쳐,확정,ch28,,"리버린은 한쪽 길이 수정이 멋대로 자란 것처럼 보이게 애써 꾸민, 필요 이상으로 꺾여 본능적으로 피하게 만든 인위적인 길임을 알아챘고, 그 끝에는 랩쳐가 지나올 수 없는 곳에 문지기처럼 놓인 랩쳐들과 철문이 있었다 — 리버린은 지성체의 손길이 닿은 곳이라 했다"
F1315,사실,66,2024-02-22,ch28,0,0,,0,0,,,,,,66,1,,place:수정_지역 person:라피 person:일레그,확정,ch28,,"철문 안 넓은 공간의 중심에는 거대한 수정이 솟아 있고 아주 오래된 의료용 기계들이 그것을 둘러싸 돌아가고 있었으며, 수정 안에는 흐릿한 그림자가 있었다 — 일레그는 니케였던 것 같다고 했고, 라피는 예감이 좋지 않다며 그것을 부수려 했다"
F1316,사실,66,2024-02-22,ch28,1,0,66,0,1,,,,,,91,2,,person:언노운 item:세븐스_드워프 person:시프티 person:라피 org:필그림,확정,ch28,,"라피가 수정을 부수려 하자 데이터베이스에 없는 신원 미상의 존재(???)가 손대지 말라며 나타나 관 모양의 강철 상자를 내려놓고, 끝에 총구가 달린 그것을 '세븐스, 드워프, 레디'라며 쏘아 벽 일부를 지워 버렸다 — 시프티는 니케인지도 알 수 없지만 필그림일 가능성이 높다며 [언노운]으로 명명했고, 언노운은 끊어진 말투로만 말했다"
F1317,사실,66,2024-02-22,ch28,0,0,,0,2,,,,,,90,3,,person:언노운 place:수정_지역 person:지휘관,확정,ch28,,"언노운이 무너뜨린 벽으로 랩쳐 무리가 쏟아져 교전하는 사이 언노운과 중앙의 수정이 사라졌고, 다시 마주친 언노운은 '인간은 배신한다, 약속을 지키지 않는다, 너도 마찬가지'라며 다가오지 말라 하고 거대한 말뚝 같은 것을 수정에 박아 수정을 삽시간에 확장시켜 벽을 만든 뒤 사라졌다 — 그 뒤 인근 수정이 일행(양분) 쪽으로 빠르게 자라 지나온 길이 막혔다"
F1318,사실,66,2024-02-22,ch28,0,0,,0,0,,,,,,66,1,,person:언노운 person:일레그 person:리버린 person:해머링 place:수정_지역,확정,ch28,,"언노운이 쏜 고출력 전격탄이 땅에 박혀 전기를 쏟자 수정이 순식간에 확장되어 일행이 갈라졌고, 지휘관은 수정 덩어리에서 만나자며 흩어졌다 — 일레그는 과부하시킨 보조 배터리를 던져 에너지 쪽으로 확장하는 수정의 미끼로 썼고, 해머링은 팔에 수정 파편이 잔뜩 박혔다"
F1319,사실,66,2024-02-22,ch28,0,0,,0,1,,,,,,72,2,,person:리버린 person:일레그 person:지휘관 org:중앙_정부,확정,ch28,,리버린은 탐색 자원이 '그럴듯하게 살고 싶어서'만이 아니라 무언가에서 벗어나고 싶어서라고 인정했지만 일레그를 못 믿겠다며 밝히지 않았다 — 교전 중에도 핸드폰이 계속 울려 '중요한 고객님'과 연락한 뒤 절망하며 지휘관에게 중앙 정부에 연줄이 있느냐고 물었다
F1320,사실,66,2024-02-22,ch28,0,0,,0,0,,,,,,66,1,,person:일레그 place:방주,확정,ch28,,"일레그는 사는 게 스트레스라 탐색에 자원했다며, 천만 명이 높은 인프라를 누리는 방주에 화력 · 풍력 · 수력 · 원자력 발전소가 하나도 없는데 그 에너지가 어디서 오는지 정답을 안다고 했다 — 리버린도 알게 되면 일분일초도 방주에서 살고 싶지 않을 것이라 했다"
F1321,사실,66,2024-02-22,ch28,1,0,66,0,0,,,,,,66,1,J11,place:수정_지역 concept:로드_급 concept:랩쳐 person:라피,확정,ch28,,"수정 덩어리 근처에서 랩쳐 대군이 도망치듯 빠르게 이동했고, 공중에서 떨어진 수정에 잠식된 로드 급은 주위의 전기를 모두 빨아들여 단숨에 수정을 확장했다 — 라피는 그것을 랩쳐가 아닌 다른 것, 느리게 움직이며 에너지를 빨아들이고 수정의 영역을 넓히는 '움직이는 수정 정원'으로 보고, 랩쳐에게는 죽음의 땅이 움직이는 것이라 도망친 것이라 했다"
F1322,사실,66,2024-02-22,ch28,1,0,66,0,1,,,,,,127,2,,person:리버린 person:일레그 person:해머링 person:라피 place:수정_지역,확정,ch28,,"리버린 · 일레그는 수정 덩어리에 몸이 반쯤 박혀 있었는데 — 일레그는 안에서 '왜 이게 이 안에 있냐'며 흥분했다 — 꺼내려던 해머링이 위치 추적기를 몸에 붙이고 찾아 달라 하자, 수정 덩어리가 셋과 함께 땅 아래로 빠르게 꺼졌다 — 빛과 열기가 사라진 자리의 깊은 구멍 벽면을 보고 라피는 엘리베이터라고 했다"
F1323,사실,54,2023-11-02,sub:택틱컬틱택_00,0,0,,0,0,,,,,,54,1,,person:택티컬티택 org:엘리시온 concept:특수_별동대,확정,sub:택틱컬틱택_00,,"택티컬티택은 엘리시온이 관리하는 양산형 니케 1기가 지상 임무 뒤 방주 복귀 도중 야영하다 탈주했다며 특수별동대에 추적을 부탁했다 — 탈주는 보통 니케가 된 직후 절망감 · 이질감으로 일어나는데, 그 니케는 다섯 번의 지상 임무에서 살아 돌아오고 전용 무장 지급이 예정될 만큼 우수했다 — 지금 방주는 외부로 병력을 뺄 수 없다고 했다"
F1324,사실,54,2023-11-02,sub:택틱컬틱택_00,0,0,,0,0,,,,,,54,1,,person:잉그리드 person:택티컬티택 person:라피,확정,sub:택틱컬틱택_00,,"붙잡힌 탈주 니케는 잉그리드를 믿지 않게 되었다며 인간으로 대해 주는 것처럼 보여도 결국 병기 취급이라 했고, 연막 속에서 데코이를 덮어쓰고 돌진한 뒤 벌룬 데코이로 시선을 돌리고 부스트 팩으로 달아났다 — 택티컬티택은 대인전의 표본으로 삼고 싶다고 감탄하다가, 엘리시온의 대표를 믿지 않는다는 말에 까닭을 짐작하고 '언젠가 터질 일, 업보'라 했다"
F1325,사실,54,2023-11-02,sub:택틱컬틱택_01,0,0,,0,0,,,,,,54,1,,person:잉그리드 person:라피 person:모더니아 concept:기억_소거,확정,sub:택틱컬틱택_01,,"탈주 니케는 두 양산형 동료와 함께 스쿼드 못지않은 공적을 세웠고, 헬레틱 총력전에서 모더니아 인근에서 카운터스가 올 때까지 시간을 번 뒤 두 동료가 기억 소거를 받았다 — 잉그리드는 까닭을 기밀이라며 알려 주지 않았고, 그는 가장 믿은 사람에게 병기로 다뤄질 것이 무서워 도망쳤다 — 라피는 자기가 연관되었다고 인정했지만 이유는 말할 수 없다고 했다"
F1326,사실,54,2023-11-02,sub:택틱컬틱택_01,0,0,,0,0,,,,,,54,1,,person:택티컬티택 person:잉그리드 person:라피 person:레드_후드 concept:기억_소거,확정,sub:택틱컬틱택_01,,"택티컬티택은 레드 후드의 존재를 숨기려 라피를 위해 자기를 믿어 준 둘의 기억을 소거한 것이 옳았느냐고 지휘관에게 물으며, 대를 위해 소를 희생하는 부친의 방식을 너무나 싫어했지만 막상 그 상황이 되자 같은 길을 갔다고 했다 — 그리고 탈주 니케를 그냥 두고 추적을 멈추며, 기회가 왔을 때 속죄할 수 있게 살아 있기를 바란다고 했다"
F1327,사실,66,2024-02-22,sub:핸섬_커맨더_00,0,0,,0,0,,,,,,66,1,,person:핸섬_커맨더 person:이안_맥스 person:시프티 place:수정_지역,확정,sub:핸섬_커맨더_00,,"핸섬 커맨더는 23년 전 사관학교를 졸업해 지휘관이 된 이안 맥스로 — 11년간 왕성하게 활동하다 돌연 휴직해 12년째 쉬며 불법인 겸직으로 일용직을 한다(시프티 조회) — 지휘관의 연락처를 사서 연락해, 지금 탐색하는 AREA F-031을 오래전에 탐색했다며 좌표 하나를 알려 주었다"
F1328,사실,66,2024-02-22,sub:핸섬_커맨더_00,0,0,,0,1,,,,,,66,2,,person:이안_맥스 person:라피 person:시프티 place:수정_지역,확정,sub:핸섬_커맨더_00,,"이안이 알려 준 좌표의 갈라진 수정 틈 안에서 큰 외상이 없는 지휘관 복장 남성의 시체가 나왔고 — 지상에서 원인불명으로 죽은 경우 현장 소각이 원칙이라 사진만 찍고 태웠다 — 사진을 본 이안은 데이터베이스에 그런 얼굴의 지휘관이 없다는 그를 '핸슨'이라 알아보고, 살이 왜 이렇게 쪘고 왜 썩지도 않았느냐며 당황했다"
F1329,사실,66,2024-02-22,sub:핸섬_커맨더_01,0,0,,0,0,,,,,,66,1,,person:이안_맥스 place:방주 org:중앙_정부 place:수정_지역,확정,sub:핸섬_커맨더_01,,"이안에 따르면 오래전 방주가 바깥 탐색에 열을 올리던 때(사람과 니케를 들이붓다 소득이 없어 금방 멈췄다) 3개 스쿼드 연합의 AREA F-031 탐색에 이안과 친구 둘(핸슨 · 지스)이 투입되었는데 이안만 부상으로 돌아왔고, 정부에 물어도 대답이 없어 둘의 생사도 몰랐다"
F1330,사실,66,2024-02-22,sub:핸섬_커맨더_01,0,0,,0,0,,,,,,66,1,,person:이안_맥스 person:시프티 person:라피 place:수정_지역,확정,sub:핸섬_커맨더_01,,"두 번째 좌표에서 찾은 이안의 친구 지스의 시체는 몸 전체가 인간으로 보이지 않을 만큼 크게 부풀었고 흉부 안에서 수정이 돋아나 있었으며 조금도 부패하지 않았다 — 지스는 심장에 페이스메이커를 달고 있었고, 시프티는 수정이 사람에게 영향을 미친다며 상부에 심각도를 올려 보고했다"
F1331,사실,66,2024-02-22,sub:핸섬_커맨더_01,0,0,,0,0,,,,,,66,1,,person:이안_맥스 person:지휘관,확정,sub:핸섬_커맨더_01,,"두 친구가 다 죽은 것을 안 이안은, 인류 평화와 소중한 사람을 위해 친구들과 열심히 했는데 왜 자기들은 이 꼴이고 지휘관은 영웅 · 구세주로 떠받들어지느냐며 '너처럼 되고 싶었다'고 한 뒤 사과하고 고맙다며 다시는 연락할 일 없을 것이라 했다"
F1332,사실,66,2024-02-22,sub:MMR지킴이_00,0,0,,0,0,,,,,,66,1,,person:MMR지킴이 person:에테르 person:네온 place:수정_지역,확정,sub:MMR지킴이_00,,"에테르(MMR지킴이)에 따르면 10년 넘게 부패하지 않고 외형이 커진 시체와 똑같은 케이스가 과거 몇 건 있었고 그때마다 근처에서 정체불명의 점액질이 발견되었다 — 에테르가 알려 준 좌표에는 벽면이 녹은 듯한 사람 하나 들어갈 구멍과 악취 나는 끈적한 점액질이 있었고, 구멍 벽면에는 인간의 머리카락이 붙어 있었다"
F1333,사실,66,2024-02-22,sub:MMR지킴이_00,0,0,,0,0,,,,,,66,1,J52,person:에테르 org:M.M.R.,확정,sub:MMR지킴이_00,,"에테르는 직접 올라가 점액질을 확인하고 — 다녀온 뒤 바로 그 바디는 폐기했다 — 그것이 마약성 물질 · 고칼로리 · 부패 억제제가 섞인 액체임을 알아냈다: 입에 한 번 대면 머리가 망가져 그것을 먹는 것 말고는 생각할 수 없게 되고, 칼로리가 너무 높아 몸 전체가 망가져 살아만 있게 되며, 죽더라도 외형은 유지된다"
F1334,사실,66,2024-02-22,sub:MMR지킴이_00,0,0,,0,0,,,,,,66,1,,person:에테르 concept:랩쳐,확정,sub:MMR지킴이_00,,"에테르는 랩쳐가 인간을 공격하므로 인간이 랩쳐를 끌어들이는 미끼가 될 수 있다며, 랩쳐를 잡아먹는 [뭔가]가 인간의 머리와 몸을 망가뜨려 살아만 있게(죽어도 외형은 멀쩡하게) 만들어 던져 두고 기다리는 것일지 모른다고 했다 — 지상은 이미 미지가 되었고 동식물과 인간은 지상의 주인이 아니라며"
F1335,사실,66,2024-02-22,relic:조난일지,0,0,,0,0,,,,,,66,1,,place:수정_지역 place:방주,확정,,,"방주 외곽 도시에서 조난한 이의 일지에 따르면 수정을 발견한 뒤 스쿼드 멤버와 일대가 수정으로 뒤덮이고 지휘관은 도주했으며 구조 신호기에도 수정이 스몄다 — 마지막 조각에서는 확장 속도가 매우 빠른 수정이 기록자의 체내에 침투했고, 외상 없이 사망한 지휘관을 발견했으며 권총에 탄환이 1발 남아 있었다"
F1336,사실,66,2024-02-22,event_boomsday,0,0,,0,0,,,,,,66,1,,org:일렉트릭_쇼크 person:일레그 person:트로니 org:미실리스 concept:컨버터,확정,event_boomsday,,"일렉트릭 쇼크는 미실리스 타워에 숙소를 둔 미실리스의 전자 기기 개발 · 연구 스쿼드로 일레그(에너지 효율 · 활용)와 트로니(전기전자공학) 둘뿐이며, 방주에서 쓰는 전자 기기 대부분을 만들었다 — 일레그는 방주의 전력 문제를 해결한 컨버터를 최고의 제품으로 꼽았다"
F1337,사실,66,2024-02-22,event_boomsday,0,0,,0,0,,,,,,66,1,,person:트로니 person:에테르 person:일레그 concept:기억_소거 concept:컨버터,확정,event_boomsday,,"트로니는 컨버터를 만든 직후(전초기지가 생기기 전)부터 몇 년째 방 밖으로 나오지 않았고, 에테르는 윗선이 더 기다리지 못한다며 이번 주 안에 다시 방주를 위해 일하지 않으면 기억을 소거하거나 다른 방식으로 실험실에서 일하게 할 것이라 전했다 — 또 컨버터 이후 한 번도 없던 정전이 올해 벌써 여섯 번 일어났다고 했다"
F1338,사실,66,2024-02-22,event_boomsday,0,0,,0,0,,,,,,66,1,,person:트로니 concept:이터널_스카이 place:방주,확정,event_boomsday,,"인간 트로니는 어릴 적 방주의 하늘이 진짜 하늘이 아니라고 말하다 따돌림을 받았는데, 이터널 스카이에 니케가 랩쳐를 쓰러뜨리는 1분짜리 광고가 나온 날 하늘에 랩쳐가 있다며 사람들이 패닉에 빠지는 것을 보고 진실은 가려져 있는 편이 낫다고 깨달았다 — 그해 트로니가 니케가 되었고, 방주 사망자 수가 가장 많은 해였다"
F1339,사실,66,2024-02-22,event_boomsday,0,0,,0,1,,,,,,116,2,J19,person:트로니 person:일레그 concept:방주_동력원 concept:컨버터 place:방주,확정,event_boomsday,,"방주의 정전은 동력원 전력이 모자라서가 아니라 인프라 전체에 대고도 남을 만큼 넘쳐 과부하가 나서였고, 컨버터는 전력을 손실시키는 쪽으로 만들어졌다 — 트로니는 불법인 전력 역추적으로 방주의 동력원을 직접 보고 엄청난 공포를 느꼈지만 일레그에게는 평범한 발전기였다고 했고, 공포와 진실을 혼자 떠안기로 하고 방에 틀어박혔다"
F1340,사실,66,2024-02-22,event_boomsday,1,0,66,0,0,,,,,,66,1,,person:일레그 person:트로니,확정,event_boomsday,,"일레그는 어릴 때 BOOM에 빠진 괴짜라며 심하게 따돌림받아 방에 갇혀 지내다, 창밖에서 '제 꿈은 하늘을 보는 거예요'라며 당당히 꿈을 말하는 소녀(트로니)를 보고 빛나는 사람이 되자고 다짐해 방주의 모든 디스플레이에 BOOM을 깔겠다는 꿈을 꾸게 되었다"
F1341,사실,66,2024-02-22,event_boomsday,0,0,,0,1,,,,,,135,2,,concept:방주_동력원 concept:컨버터 concept:이터널_스카이 person:트로니 person:일레그,확정,event_boomsday,,"방주에 전례 없는 대정전이 일어났다 — 까닭 모르게 방주 동력원이 평소의 두 배쯤 되는 전력을 만들어 변전소의 컨버터에 과부하가 걸렸고, 놔두면 블랙아웃이 방주 전체로 퍼져 마지막엔 이터널 스카이까지 꺼질 판이었다 — 방에서 나온 트로니가 일레그와 함께 컨버터 성능을 개선해 전력을 되살렸다"
F1342,사실,66,2024-02-22,event_boomsday,0,0,,1,4,,,,,,143,5,,person:트로니 person:일레그 concept:방주_동력원 place:방주,확정,event_boomsday,,"트로니는 일레그에게도 방주의 동력원을 보여 주었고, 둘은 언제 또 폭주할지 모르는 제어할 수 없는 동력원 때문에 방주는 언젠가 없어져야 한다며 — 모든 사람이 진짜 하늘을 볼 수 있도록 — 지금 동력원을 그대로 쓸 수 없으니 방주에서 못 찾으면 지상에 올라가서라도 새 동력원을 찾기로 했다"
F1343,사실,66,2024-02-22,char:500,0,0,,0,0,,,,,,66,1,,person:일레그 person:슈엔 concept:이터널_스카이,확정,char:500,,일이 너무 많아 한 달 넘게 BOOM을 퍼뜨리지 못한 일레그는 파업을 선언하고(휴가 결재는 모두 반려당했다) 화면이 있는 곳마다 BOOM을 깔고 다녔다 — 다만 지상 관측기 · 병원 심박측정기 · 이터널 스카이처럼 중요한 화면에는 깔지 않는다 — 파업의 불이익은 슈엔의 호출이다
F1344,사실,66,2024-02-22,char:500,0,0,,0,0,,,,,,66,1,,person:일레그 person:맥스웰,확정,char:500,,"맥스웰은 일레그가 몰래 BOOM을 깔던 발전소 기계에 3중 보안을 걸어 '내 베이비들'이라 관리하는데, 30분 안에 보안을 뚫는 내기에서 일레그는 그 발전소 하드웨어를 예전에 자기가 설계했던 것을 이용해 0.1초 남기고 뚫어 발전소 전체를 BOOM으로 채웠다"
F1345,사실,67,2024-03-07,event_killthelord,0,0,,0,1,,,,,,112,2,,person:카밀라 person:K person:D org:저지스,확정,event_killthelord,,"저지스의 새 지령 타겟 [레이디]는 중앙 정부 거물의 막내딸 카밀라 해링턴(24세)으로, 남편이 앓아누운 뒤 상류층 모임을 돌며 일주일에 한 번 초대장으로만 들어오는 사교 모임을 열었는데 그 참석자들이 잇따라 실종되었다 — 높은 분의 딸이라 확증 없이 함부로 조사할 수 없어 다시 지휘관에게 결정권을 떠넘겼다(조사가 발각돼도 탈이 없게 하려느냐는 지휘관의 말에 K는 그럴 수도 있다고 했다)"
F1346,사실,67,2024-03-07,event_killthelord,0,0,,0,2,,,,,,124,3,,person:로산나 person:D person:카밀라,확정,event_killthelord,,"D와 지휘관은 신혼부부 로열(다이애나 · 스티브)로 위장해 로열 전용 초고가 아파트에 들었고, 옆집에는 '로즈'로 위장한 로산나가 살며 남편이 불치병이라는 사연으로 카밀라에게 접근하고 있었다 — 로산나는 변장한 지휘관을 한눈에 알아보았고, 자기 스쿼드와 동료를 건드린 녀석이 그 모임과 연관된 것 같다며 협력을 청했다"
F1347,사실,67,2024-03-07,event_killthelord,0,0,,0,0,,,,,,67,1,,person:K,확정,event_killthelord,,"K의 조사에 따르면 실종자 대다수는 납치가 아니라 가출처럼 스스로 잠적했고, 성공이나 아픈 가족의 회복처럼 간절히 바라는 무언가가 있었다는 공통점이 있었다 — 이유 없이 사라진 이도 있었다"
F1348,사실,67,2024-03-07,event_killthelord,0,0,,0,0,,,,,,67,1,,org:화양연화 person:카밀라,확정,event_killthelord,,"카밀라가 자기 저택에서 여는 [화양연화] 모임에서는 신도들이 아픔을 고백하고 기적을 증언하며 검은 화면뿐인 스크린을 '구세주'로 섬겼고, 휠체어를 탄 여자가 특별 기도실에 들어갔다 걸어 나왔다 — 실종자들은 스스로 저택 2층 기도방에 기거하며 카밀라가 매일 나눠 주는 붉은 디퓨저의 향을 맡고 기도했다"
F1349,사실,67,2024-03-07,event_killthelord,4,1,34,0,0,,,,,,67,2,,person:카밀라 person:D org:화양연화,확정,event_killthelord,,"디퓨저가 가장 많이 쌓인 3층 철문 너머의 짙은 향에 지휘관은 지상이 탈환되어 카운터스 · 마리안과 평화롭게 사는 환각을, D는 악행이 사라져 왕관을 쓸 필요가 없어진 세상의 환각을 보았다(니케에게도 듣는다) — 꽃과 디퓨저로 악취를 덮은 침실의 이불 아래에는 벌레가 들끓는 남편의 시신이 있었고, 카밀라는 남편이 살아 있다고 믿었다"
F1350,사실,67,2024-03-07,event_killthelord,0,0,,0,0,,,,,,67,1,,person:카밀라 person:D org:화양연화,확정,event_killthelord,,"D는 카밀라가 인륜을 벗어난 짓을 하지 않았고 실종자도 제 발로 왔다며 죽이지 않기로 하고, 카밀라와 신도들의 '구세주'를 빼앗을지를 지휘관에게 맡겼다 — 믿음을 깨면 카밀라는 자살 시도 뒤 치료를 받고 모임은 해체되며 남편의 죽음은 조용히 처리되고, 그대로 두면 환각 물건만 압수된 채 처벌 없이 모임이 이어져 늘어난다(둘 다 K는 높은 분의 개입으로 봄)"
F1351,사실,67,2024-03-07,event_killthelord,1,0,67,0,0,,,,,,67,1,,person:로산나 person:D concept:미스트 person:식스오,확정,event_killthelord,,"D는 로산나에게 붉은 디퓨저를 넘기며 그 향이 니케에게까지 환각을 일으키지만 누가 무엇으로 왜 만들었는지는 모른다고 했고, 로산나는 그것이 미스트로 만든 디퓨저라며 식스오를 찾을 미끼로 삼겠다고 했다"
F1352,사실,67,2024-03-07,char:43,0,0,,0,0,,,,,,67,1,,person:D org:저지스,확정,char:43,,[레이디] 임무 뒤 D는 저지스에게 연락해 일주일 휴가를 내고 지휘관에게 위장 연기 특훈을 시켰다 — 지휘관이 저지스의 눈에 들어 앞으로도 임무에 동행하게 될 테니 준비 없이 위험한 곳에 데려갈 수 없고 반드시 지켜야 한다며 — 연기를 시작하는 신호는 D가 뿌리는 제비꽃 향수로 정했다
F1353,사실,67,2024-03-07,char:43,0,0,,0,0,,,,,,67,1,,person:D,확정,char:43,,"D는 아내 역뿐 아니라 D 자신으로서도 제비꽃을 좋아해, 연습이 끝난 뒤 지휘관이 건넨 제비꽃 다발을 받았다 — 얼마 뒤 D는 제비꽃 향을 두르고 다시 '여보'라 부르며 지휘관실을 찾아왔다"
F1354,사실,68,2024-03-21,char:822,0,0,,0,0,,,,,,68,1,,person:람 person:코코아,확정,,,"메이드 카페 일을 돕게 된 람은 자기 주인은 로즈월뿐이라 다른 사람을 섬길 수 없다고 했지만, 코코아와 은행 강도 현장에 뛰어들어 문이 잠긴 것을 아는 바깥 여자가 공범임을 간파하고 강도들의 시선을 끌어 코코아가 인질을 지키고 수면 약침으로 제압하게 했다 — 코코아는 람을 프로 메이드로 인정했다"
F1355,사실,68,2024-03-21,char:821,0,0,,0,0,,,,,,68,1,,person:디젤,확정,,,"디젤은 어릴 적 악몽을 꾸던 남동생에게 '딸기맛 사탕' 노래를 자장가로 불러 주었다 — 남동생은 목소리가 크고 노래가 별로라면서도 그 노래를 들으면 자주 가던 사탕 가게가 떠올라 마음이 편해져 잘 잤다 — 디젤은 지금도 그 노래를 부르고, 다들 그 노래를 달가워하지 않는다"
F1356,사실,69,2024-03-28,char:820,0,0,,0,0,,,,,,69,1,,person:솔린 person:렘 person:디젤 person:브리드,확정,,,"솔린은 쓴 것을 못 마시면서도 동료 디젤 · 브리드에 맞춰 커피를 시켰고, 그 둘이 자기가 어려워하는 일도 척척 해낸다며 그들 같은 멋진 어른이 되고 싶어 했다 — 어제 스케줄로 열차 시간을 잘못 방송해 역을 혼란에 빠뜨린 뒤, 루그니카에서 온 메이드 렘에게서 역을 꼼꼼히 청소하는 것처럼 솔린만 잘하는 것이 있다는 격려를 받았다"
F1357,사실,70,2024-04-01,event_liarsend,0,0,,0,0,,,,,,70,1,,person:시프티 person:엔더슨,확정,event_liarsend,,"엔더슨은 오퍼레이터도 실전을 경험해야 한다며 시프티를 지상에 올려 보내 랩쳐를 잡게 했고, 시프티는 지상에서 랩쳐 대군을 홀로 쓸어 냈다 — 이번이 처음이 아니었고, 시프티는 스트레스가 풀린다고 했다"
F1358,사실,71,2024-04-11,side:second_affection,0,0,,0,0,,,,,,71,1,,person:마리안 person:스노우_화이트 person:홍련 person:라푼젤 person:지휘관,확정,side:second_affection,,"방주에서 쫓겨나 필그림 셋에게 업혀 가던 마리안이 깨어나 지휘관에게 돌아가겠다고 하자, 스노우 화이트는 지금 돌아가면 해부당해 죽거나 마리안을 지키려 방주 전체를 적으로 돌린 지휘관이 죽을 것이라 했고, 홍련 · 라푼젤은 지휘관이 힘을 키울 시간이 필요하니 데리러 올 때까지 기다리면 자기들이 지키겠다고 했다"
F1359,사실,71,2024-04-11,side:second_affection,0,0,,0,0,,,,,,71,1,,person:마리안 person:스노우_화이트 person:크라운 person:차임 org:바이스리터,확정,side:second_affection,,"스노우 화이트는 마리안을 지휘관이 데리러 올 때까지 '랩쳐가 관심을 가지지 않는 곳'에 두려 했고, 마리안이 머물 곳을 모두가 알 필요는 없다며(라푼젤: 뇌를 스캔당하면 위험) 홍련 · 라푼젤과 도중에 헤어져 혼자 고성의 백기사 크라운 · 차임에게 맡겼다 — 도보 1주 예정이 2주가 걸렸다"
F1360,사실,71,2024-04-11,side:second_affection,0,0,,0,0,,,,,,71,1,,person:마리안 person:라푼젤 person:홍련 person:스노우_화이트 concept:헬레틱,확정,side:second_affection,,"라푼젤 · 홍련은 '인류의 편으로 돌아선 헬레틱'인 마리안이 힘든 삶을 살고 반드시 혼자가 될 날이 오며 그때 어느 편에 서 있을지 확신할 수 없다고 보아, 함께 가는 2주 동안 혼자서도 버틸 힘을 가르치기로 했다 — 스노우 화이트는 이미 자기 방식으로 가르치고 있었다"
F1361,사실,71,2024-04-11,side:second_affection,0,0,,0,0,,,,,,71,1,,person:마리안 person:스노우_화이트 person:라푼젤 person:홍련 place:에덴 person:도로시 place:방주,확정,side:second_affection,,"홍련은 마리안을 번갈아 데리고 다니자고 했지만 스노우 화이트는 자기들은 늘 위험하고 할 일이 있다며 거절했고, 라푼젤은 덜 여문 정신의 중심을 잡아 줄 머물 곳이 필요하다고 했다 — 방주는 쫓겨난 곳이라 안 되고, 에덴은 도로시가 있어 안 된다고 스노우 화이트가 막았다"
F1362,사실,71,2024-04-11,side:second_affection,0,0,,0,0,,,,,,71,1,,person:마리안 person:홍련 person:라푼젤 person:스노우_화이트,확정,side:second_affection,,"가는 길에 필그림 셋은 마리안에게 지상에서 사는 법을 가르쳤다 — 홍련은 낚시와 '좋은 일만 생각하라', 마음을 다스리려면 술을 마시라 했고, 라푼젤은 주인 없는 민가에서 담요 · 땔감 · 책을 구하는 법을, 스노우 화이트는 랩쳐는 보이면 죽이고 먹을 수 있는 것은 먹어 보고 다 먹으라고 가르쳐 — 마리안은 과음하고 벽돌 · 총알까지 먹어 보려 했다"
F1363,사실,71,2024-04-11,side:second_affection,0,0,,0,0,,,,,,71,1,,person:마리안 person:스노우_화이트 person:라푼젤 person:차임,확정,side:second_affection,,"스노우 화이트에 따르면 마리안을 데려간 2주 동안 랩쳐의 습격이 한 번도 없었다 — 조우 확률을 낮출 뿐인 라푼젤의 머리카락 재머로는 설명되지 않아, 스노우 화이트는 그것이 마리안과 관련 있다고 확신했다"
F1364,사실,71,2024-04-11,side:second_affection,0,0,,0,0,,,,,,71,1,,person:스노우_화이트 person:크라운 person:마리안 concept:언체인드,확정,side:second_affection,,"스노우 화이트는 크라운에게 마리안의 몸에서 검은 빛이 뿜어져 나오면 쓰라며 캡슐 세 개를 맡겼다 — 언체인드를 극도로 희석한 나노머신 킬러로, 거대화를 막을 수 있다"
F1365,사실,71,2024-04-11,side:second_affection,0,0,,0,0,,,,,,71,1,,person:마리안 person:크라운 person:차임,확정,side:second_affection,,"필그림 셋이 떠난 뒤 버림받았다 여겨 사흘을 굶고 말이 없던 마리안 곁에 크라운은 날마다 말없이 앉아 있었고, 백성을 지키는 것이 왕의 일이라며 방주로 가겠다는 마리안을 트롬베에 태워 데려다주려 했다 — 가는 길에 마리안은 자기도 아무 방법이 없었음을 알고 있었다며 돌아가자고 했다"
F1366,사실,71,2024-04-11,side:second_affection,0,0,,0,0,,,,,,71,1,,person:차임 person:크라운 person:마리안,확정,side:second_affection,,"차임의 소원은 왕을 원한 것이었고 이미 이루었으며, 크라운은 자기 소원은 중요하지 않고 왕은 백성을 위해 존재하니 백성을 지키는 것뿐이라고 했다 — 차임은 마리안에게 어떤 대가를 치르더라도 이루고 싶은 소원이 있다면 왕을 알현하라고 했다"
F1367,사실,71,2024-04-11,side:second_affection,0,0,,0,1,,,,,,73,2,,person:마리안 person:차임 person:크라운 person:스노우_화이트,확정,side:second_affection,,왕국에서 지내며 마리안은 차임이 '너무 급격하다' 할 만큼 성숙해졌고 — 굼벵이 요리 · 뱀술 · 고전 영화를 즐기고 크라운을 이름으로 부른다 — 필그림 셋이 얼마나 고마운 이들인지 깨닫고 보고 싶어 했다
F1368,사실,71,2024-04-11,side:second_affection,0,0,,0,0,,,,,,71,1,,person:크라운 person:차임 concept:에블라_입자,확정,side:second_affection,,"크라운은 에블라 입자 농도가 짙어지면 몸이 안 좋아져 앓아누우며, 차임은 그 까닭을 비밀이라 했다"
F1369,사실,71,2024-04-11,side:second_affection,0,0,,0,0,,,,,,71,1,,person:마리안 person:크라운 person:차임 concept:타일런트_급,확정,side:second_affection,,"왕국 성벽의 차폐력이 약해져 랩쳐가 부쩍 다가오던 밤, 크라운은 앓고 차임은 전투용 니케가 아니라 마리안이 혼자 나가 타일런트 급 셋과 싸웠고, 마지막 하나는 트롬베를 탄 크라운이 코어를, 차임이 서브 코어를 부숴 잡았다"
F1370,사실,71,2024-04-11,side:second_affection,0,0,,0,0,,,,,,71,1,,person:마리안 person:크라운 person:차임,확정,side:second_affection,,서로 지키면 끝없이 강해질 수 있음을 깨달은 마리안의 몸에서 검은 빛이 일렁이며 몸이 변하기 시작했고 — 크라운은 (경계할 그것과) '다르다'고 했다 — 마리안은 지휘관 · 카운터스 · 필그림 셋 · 크라운 · 차임을 반드시 지키겠다고 했다
F1371,사실,71,2024-04-11,side:second_affection,0,0,,0,0,,,,,,71,1,,person:차임 person:크라운 person:마리안 place:방주,확정,side:second_affection,,"차임이 망원경으로 방주 방향의 큰 폭발을 보자 크라운 · 차임은 방주 쪽으로 직접 나섰고, 남은 마리안은 지휘관을 만나게 되면 '잘 지낸다'고만 전해 달라고 했다"
F1372,사실,71,2024-04-11,event_onemoretime,0,0,,0,1,,,,,,77,2,,org:리와인드 person:베이 person:클레이,확정,event_onemoretime,,"베이가 리더인 치어리딩 팀 리와인드는 아크 스포츠 페스타에서 처음 이름을 떨쳤지만 팀 내 불화설(심사위원에 따르면 가짜 뉴스) 구설수와 베이의 주목 공포증으로 명성이 떨어지고 팀원이 모두 나갔다 — 몇 달 전 오디션에는 매번 서류에서 떨어지던 베이의 오랜 팬 클레이만 지원해 뽑혀, 지금은 둘뿐이다"
F1373,사실,71,2024-04-11,event_onemoretime,0,0,,0,0,,,,,,71,1,,org:리와인드 person:베이 person:클레이 person:폴크방 person:에피넬 org:라이프_토닉,확정,event_onemoretime,,"매년 봄 열리는 방주 치어리딩 챔피언십(예선을 통과한 다섯 팀이 본선, 1등은 억대 상금과 아크 스포츠 페스타 대표 응원 자격) 예선에서 리와인드는 90점 밑으로 내려간 적이 없던 팀 역사상 최저인 65점을 받아 턱걸이로 통과했다 — 라이프 토닉의 폴크방 · 에피넬은 둘뿐이라 큰 무대에서 허전해 보인다고 했다"
F1374,사실,71,2024-04-11,event_onemoretime,0,0,,0,0,,,,,,71,1,,person:폴리 org:A.C.P.U. org:리와인드 person:지휘관 person:블랑 person:누아르 person:나가 person:티아,확정,event_onemoretime,,"A.C.P.U.의 폴리는 남은 휴가가 50개를 넘어 강제로 쓰게 된 2주 휴가 동안 본선을 앞둔 리와인드에 들어가 치어리딩을 했고, 지휘관은 코치로 함께했다 — 블랑 · 누아르는 코인 러시의 큰 행사 연습으로, 나가 · 티아는 시험 기간으로 거절했다"
F1375,사실,71,2024-04-11,event_onemoretime,2,0,71,0,0,,,,,,71,1,,person:클레이 person:베이 person:폴리 org:리와인드,확정,event_onemoretime,,"클레이는 무릎에 멍이 들도록 매일 새벽까지 혼자 연습하다 지각과 같은 동작 실수가 잦아졌고, 본선 일주일 전 베이가 진심이 아니라고 단정해 몰아세우자 팀이 얼어붙었다 — 폴리의 권유로 베이가 경기장에서 홀로 연습하던 클레이를 찾아가 동작을 가르치고 사과해 화해했고, '되감는다'는 리와인드의 뜻대로 처음부터 다시 하자고 했다"
F1376,사실,71,2024-04-11,event_onemoretime,0,0,,0,0,,,,,,71,1,,org:리와인드 person:베이 person:클레이 person:폴리,확정,event_onemoretime,,"본선에서 리와인드(베이 · 클레이 · 폴리)는 실수 없이 95점을 받았지만 1등과 3점 차로 2등을 했고, 폴리는 본업으로 돌아갔다 — 몇 달 뒤 니케 육상 선수권 대회에서는 베이 · 클레이 둘만으로 압도적인 점수로 1등을 하고 베스트 치어리더 팀으로 뽑혔다"
F1377,사실,71,2024-04-11,char:550,0,0,,0,1,,,,,,122,2,,person:베이 org:리와인드,확정,,,"인기 치어리더 팀 리와인드의 리더 베이는 공연 중 텀블링하던 팀원과 함께 넘어진 뒤 '사내 괴롭힘' · '실수는 팀원 탓' 같은 악의적인 기사로 싸늘해진 관중의 시선 속에서 몸이 굳어 쓰러졌고, 그때부터 주목 공포증이 생겼다 — 일이 끊기자 팀원이 모두 나가 혼자 남았고, 팀원의 SNS 해명글로 잠잠해졌지만 처지는 그대로였다"
F1378,사실,71,2024-04-11,char:550,0,0,,0,0,,,,,,71,1,,person:베이 person:지휘관 person:클레이 org:리와인드 person:폴크방,확정,,,"리페어 센터와 폴크방이 권한 영양제로도 낫지 않던 베이는 지휘관과 일주일 동안 거울 · 인형 관중 · 실수 재연으로 연습해 혼자 공연에 나섰다가 과호흡으로 주저앉았지만, 지휘관이 '괜찮아'를 외치자 관중이 따라 응원해 끝까지 해냈다 — 영상이 SNS에 퍼져 시선이 누그러지고 일이 조금씩 들어와 새 팀원 클레이를 뽑았다"
F1379,사실,72,2024-04-25,ch29,0,0,,0,0,,,,,,72,1,,org:중앙_정부 concept:헬레틱 org:앱솔루트 org:메티스 place:수정_지역 person:시프티,확정,ch29,,"시프티가 전한 중앙 정부 입장에 따르면 수정 지역의 거대 엘리베이터는 명백한 인공물이고 지성체가 그곳에 주둔하거나 영향을 미친다 — 필그림이나 헬레틱으로 보는데 병력을 공식 파견하려고 헬레틱으로 특정하려 하며, 대타격 부대 앱솔루트 · 메티스는 진행 중인 중요 임무를 마친 뒤에야 탈환지 01로 온다"
F1380,사실,72,2024-04-25,ch29,0,0,,0,0,,,,,,72,1,,person:드릴리 person:프레자일 person:트로니 person:시프티 org:해머&드릴 org:패스파인더 org:일렉트릭_쇼크,확정,ch29,,"구출을 위해 시프티는 해머&드릴 · 패스파인더 · 일렉트릭 쇼크의 남은 멤버 — 드릴리 · 프레자일(리버린의 친구) · 트로니 — 를 CEO 허락을 받아 불러왔고, 트로니는 타는 기계가 수정의 먹이가 된다며 탈환지 01에서 백업을 맡았다"
F1381,사실,72,2024-04-25,ch29,0,0,,0,0,,,,,,72,1,,person:프레자일 person:리버린 person:지휘관,확정,ch29,,같은 스쿼드의 친구인 프레자일은 리버린이 탐색 임무에 온 것을 몰랐고 그 까닭('그럴듯한 일을 하고 싶어서')을 듣고 말없이 앞서갔다 — 지휘관은 리버린의 메시지 집착과 함께 석연찮다며 알아보기로 했다
F1382,사실,72,2024-04-25,ch29,0,0,,0,0,,,,,,72,1,J11,place:수정_지역 person:트로니,확정,ch29,,엘리베이터 터널 끝의 지하 도시(수정 비중이 매우 높고 좌표가 추적되지 않는다)에서 찾은 수정 덩어리는 부서져 빛을 거의 잃었고 안에 원시적인 수동 브레이크 레버가 있었다 — 트로니는 레버를 당기면 브레이크가 풀려 수정 덩어리가 엘리베이터를 타고 낙하해 L자 터널로 미끄러져 와 추락했다고 보았다
F1383,사실,72,2024-04-25,ch29,0,0,,0,0,,,,,,72,1,,person:일레그 person:리버린 person:해머링 place:수정_지역,확정,ch29,,선발대 셋은 살아서 수정 덩어리 곁 TV에 BOOM을 깔아 메시지(진행 구간 = 체력 회복 아이템이 많은 스테이지)를 남기고 랩쳐를 피해 달아났다 — 그곳은 방주 인프라 영역 밖(권외)이라 핸드폰이 터지지 않았다
F1384,사실,72,2024-04-25,ch29,0,0,,0,0,,,,,,72,1,,person:프레자일 person:일레그 place:수정_지역,확정,ch29,,"프레자일 · 일레그의 추론으로 수정 덩어리는 터널 꼭대기에 브레이크로 고정되어 주위에 퍼뜨린 수정으로 전기를 모으다 목표치가 차면 이곳으로 보내지는 운반책이다 — 브레이크는 100% 지성체가 만든 기계라, 일레그는 수정 자체가 [누군가]의 계획으로 운용되고 있다고 했다"
F1385,사실,72,2024-04-25,ch29,0,0,,0,0,,,,,,72,1,,person:해머링 person:드릴리,확정,ch29,,"해머링에게 준 위치 추적기는 동력을 끄고 매복하던 랩쳐가 가지고 있었고, 드릴리가 랩쳐를 분해해 꺼낸 추적기는 피(액체 촉매)로 뒤덮여 있었다"
F1386,사실,72,2024-04-25,ch29,0,0,,0,0,,,,,,72,1,,person:리버린 person:언노운 person:일레그,확정,ch29,,"일레그에 따르면 셋을 마주친 언노운은 '나가라'며 등을 돌려 보내 주려 했는데, 리버린이 셔터음을 내며 몰래 사진을 찍자 공격해 왔고 도주 중 전격탄으로 셋이 흩어졌다 — 리버린은 '살려면 어쩔 수 없다'고 했고, 전에 조우했을 때도 필그림의 사진을 찍으려 했다"
F1387,사실,72,2024-04-25,ch29,0,0,,0,0,,,,,,72,1,,person:샛별 person:시프티 person:지휘관 concept:에블라_입자 place:탈환지_01,확정,ch29,,"시프티에 따르면 오퍼레이션 디바이스는 방주 전용 시설과 직결되어 권외에서도 통신된다 — 지상을 휘젓고 다닌 지휘관 샛별을 위해 만든 인프라로, 완성도가 높고 유지비가 낮아 지금도 쓰지만 로스트 테크놀로지가 되어 응용이 어렵고 에블라 입자에 약하다 — 지휘관은 '선배 덕을 또 본다'고 했다"
F1388,사실,72,2024-04-25,ch29,1,0,72,0,0,,,,,,72,1,,person:언노운 person:해머링 person:리버린 person:지휘관,확정,ch29,,"수정 더미에 깔려 관과 상자를 감싸 지키던 언노운을 — 직격을 노린 적 없이 나가라고만 하니 적대적이지 않다는 지휘관의 판단으로 — 일행이 구해 주자, 언노운은 '인간은 배신하지만 구해 줬다, 은혜는 갚는다'며 리버린 · 해머링이 '너머로' 갔다고 알렸고(해머링이 시간을 벌려 돌아와 싸우다 천장 수정을 무너뜨렸다) '고마워'를 '그리운 말'이라 했다"
F1389,사실,72,2024-04-25,ch29,0,0,,0,1,,,,,,81,2,,person:언노운 item:세븐스_드워프 concept:콜드_슬립 person:지휘관,확정,ch29,,"지휘관은 언노운의 관에 의료용 마크가 있고 크기 · 접합선 · 디스플레이로 보아 사람이나 니케용 인큐베이터 · 콜드 슬립 장치에 가까우며 몇 세대 이전 디자인이라고 보았고, 안에 든 것은 '자기보다 소중한 누군가'일 것이라 했다 — 상자 안 총기는 언노운이 세븐스 드워프라 부른 것이다"
F1390,사실,72,2024-04-25,ch29,0,0,,0,0,,,,,,72,1,,person:드릴리 person:해머링 person:아니스,확정,ch29,,"드릴리에 따르면 해머링은 그저 착한데 그것을 이용하려는 이들이 많아, 드릴리는 그 곁에서 살아남으려 성격이 세졌다 — 드릴리는 장기 아르바이트(고가 보석 채광)로 벌면서도 빼돌리지 않고 양심대로 '당당하게' 산다고 했고, 아니스는 자기는 그럴 수 없다며 응원했다"
F1391,사실,72,2024-04-25,ch29,0,0,,0,0,,,,,,72,1,,place:수정_지역 person:일레그 person:트로니,확정,ch29,,"바닥의 빛나는 선(에너지 라인 — 유리로 덮임)이 모이는 곳은 두꺼운 유리 바닥 아래에서 눈이 멀 만큼 빛이 꿈틀대는 곳으로, 수정 덩어리들이 가진 전기가 모두 모인 것으로 보였고 에너지 라인은 다시 '저 너머'로 이어졌다 — 절연체인 유리 바닥으로는 수정이 오지 않았고 수정에 오염된 랩쳐가 지키고 있었다"
F1392,사실,72,2024-04-25,ch29,0,0,,0,0,,,,,,72,1,,person:프레자일 person:리버린 person:시프티 person:지휘관,확정,ch29,,"프레자일은 리버린이 '그 사진이라도 없으면 큰일 날 것'이라 생각할 거라며 리버린은 자기가 해결하게 해 달라 했지만 까닭은 말하지 않았다 — 지휘관은 시프티에게 리버린 · 프레자일이 함께 일한 내역과 리버린의 마지막 행선지 · 메시지 내역을 조사하게 했고, 시프티는 니케가 그렇게 겁먹는 상대는 군 관계자일 수 있어 싸움을 거는 그림이 된다고 했다"
F1393,사실,72,2024-04-25,relic:반드시사수하라,0,0,,0,0,,,,,,72,1,,item:하모니_큐브 place:방주,확정,,,전투 중 녹음된 음성 파일에서 한 부대는 '망할 놈의 고래' 때문에 '방주 후보군'이었던 먼 곳(권외)까지 와 하모니 큐브를 발견했고 — 지휘관은 '녹았다' — 지상에 남은 하모니 큐브는 드물다며 지키면서 그 연산 능력으로 방주와 통신하려고 진을 쳤다
F1394,사실,72,2024-04-25,relic:반드시사수하라,0,0,,0,0,,,,,,72,1,,item:하모니_큐브,확정,,,"마지막 녹음에서 진을 친 부대 앞에 '굴삭기' 같은 무언가가 나타났고, '저딴 게 말이나 되냐'며 사격하다 비명으로 녹음이 끊겼다"
F1395,사실,73,2024-04-25,ch30,1,1,36,0,0,,,,,,73,2,,item:하모니_큐브 place:방주 person:일레그 person:트로니,확정,ch30,,"하모니 큐브는 원래 도시 구축에 필요한 모든 정보를 초고속으로 연산하는 방주 제작용 연산 장치로 니케가 쓰는 것은 크기부터 다른 열화판이다 — 트로니에 따르면 방주 후보였던 곳에는 모두 하모니 큐브가 있었는데 랩쳐의 공격으로 모두 파괴되어 열화판만 남았고, 지하 도시에 떠 있는 거대한 하모니 큐브는 조금 불안정하지만 멀쩡해 보였다"
F1396,사실,73,2024-04-25,ch30 relic:하모니큐브관찰일지,0,0,,0,1,,,,,,80,3,J11,item:하모니_큐브 place:수정_지역 person:일레그,확정,relic:하모니큐브관찰일지,,"일레그는 터널만 남은 엘리베이터(방주 입구) · 수정으로 끌어모은 막대한 에너지(연산에 필요한 전기)로 보아 [누군가] 하모니 큐브로 그곳에 방주를 만들려 한다고 보았다 — 하모니 큐브 인근은 수정을 막으려 유리로 지은 로스트 섹터였고, 리버린을 찾은 껍데기뿐인 하얀 유리 건물도 연산 오류로 먼 곳에 생긴 것으로 보았다"
F1397,사실,73,2024-04-25,ch30,1,1,72,0,0,,,,,,73,2,,person:리버린 person:프레자일 person:식스오 person:라피,확정,ch30,,"리버린은 몽롱한 채 프레자일에게 '그 자식 손에서도 벗어날 수 있다'고 하다 정신을 차리고 식스오의 이름을 꺼냈고, 프레자일은 '다시 식스오랑 일하면 둘 다 죽기로' 한 약속대로 리버린을 쏘려 해 라피가 제압했다"
F1398,사실,73,2024-04-25,ch30,3,3,72,1,0,,,,,,138,3,,person:리버린 person:프레자일 person:식스오 org:패스파인더,확정,ch30,,"리버린은 예전에 택배 일이 싫어 내용물 모를 물건을 고위층 비밀 창고 · 아우터 림 등지로 비밀리에 나르는 뒷세계의 [운반책]을 하며 부유해졌는데 — 그때 함께 일한 것이 식스오다 — 일이 잘못되어 프레자일의 동생이 휘말려 죽자 손을 씻었고, 몰랐던 프레자일과 다시 손대면 같이 죽기로 약속했다"
F1399,사실,73,2024-04-25,ch30,1,1,66,0,0,,,,,,73,2,J17,person:리버린 person:식스오 person:잉그리드 person:언노운,확정,ch30,,"리버린은 식스오에게서 운반책 일을 잉그리드에게 알리겠다(기억 소거나 폐기)는 협박을 받고 새로 탐색하는 곳에서 [그 누구도 손에 넣지 못한 것]을 가져오라는 지시로 탐색에 자원했으며, 수정은 가져갈 수 없어 언노운의 사진을 찍었다"
F1400,사실,73,2024-04-25,ch30,0,0,,1,0,,,,,,73,1,J17,person:식스오 place:블랙넷 org:이그조틱 person:리버린,확정,ch30,,"리버린에 따르면 식스오는 블랙넷의 마스터로 — 블랙넷은 무기 · 약은 물론 이그조틱이 방주에 구멍을 낸 폭탄까지 거래된 방주의 암 덩어리다 — 인간인지 니케인지 · 성별 · 나이조차 아무도 모르고 본 이도 목소리를 들은 이도 없는 넷 상의 유령이며, 서버를 해킹해도 바로 복구되고 위치도 몰라 없앨 수 없다"
F1401,사실,73,2024-04-25,ch30,1,1,72,0,0,,,,,,73,2,,person:리버린 person:지휘관,확정,ch30,,"지휘관이 언노운과의 약속대로 사진을 지우라 하자 리버린은 지우는 대신 이곳에서 얻는 것 가운데 가장 가치 낮은 것을 달라 했고, 지휘관은 약속하며 '보험'으로 돕겠다고 했다"
F1402,사실,73,2024-04-25,ch30,0,0,,0,0,,,,,,73,1,,org:패스파인더 person:리버린 person:프레자일 person:잉그리드 org:인피니티_레일 org:스카우팅 org:중앙_정부,확정,ch30,,"시프티의 조사로 리버린 · 프레자일은 패스파인더 결성 뒤 늘 함께 일했지만 방주 확장 종료 공표 뒤 일이 뚝 끊겨 잉그리드의 겸업 허가로 택배를 했고, 잉그리드가 인피니티 레일 합류 · 스카우팅 동행을 시도했으나 한 스쿼드의 인원을 제한하는 중앙 정부의 반대로 무산되었다 — 니케는 돈이 필요 없다는 논리였다"
F1403,사실,73,2024-04-25,ch30,0,0,,0,0,,,,,,73,1,,incident:갓데스_폴 org:중앙_정부 concept:니케,확정,ch30,,"시프티에 따르면 중앙 정부는 모델 ZX를 필두로 한 [갓데스 폴]의 원인을 '너무 많은 니케가 공통의 목적으로 움직이면 제어할 수 없다'로 판단해 스쿼드 인원을 제한하고, 그래서 스쿼드는 보통 셋 이하다"
F1404,사실,73,2024-04-25,ch30,0,0,,0,0,,,,,,73,1,,person:리버린 person:시프티 org:중앙_정부 org:미실리스,확정,ch30,,리버린의 기록은 탐색대 합류 전 한 달부터 지금까지 좌표 · 메시지 · 통화 내역이 하나도 없고(미실리스 통신 부서에도 없음 — 남은 것은 잉그리드의 합류 허가뿐) 2주 전 발매된 핸드폰도 구매 · 배송 기록이 없다 — 시프티는 중앙 정부 데이터를 마음대로 주무를 수 있는 개인은 있을 수 없다고 했다
F1405,사실,73,2024-04-25,ch30,0,0,,0,0,,,,,,73,1,,concept:크리스탈_체임버 place:수정_지역 person:트로니 person:일레그,확정,ch30,,"수정 밭에는 니케의 허벅지 프레임 · 랩쳐 부품 · 크리스탈 체임버 조각이 흩어져 있었고 솟던 크리스탈 체임버가 무너졌다 — 트로니는 그곳을 니케든 랩쳐든 흩뿌리고 수정도 뿌려 크리스탈 체임버가 생기길 기다리는 생산 시설(하이브)로 보았고, 일레그 · 트로니는 원시적 브레이크 · 유리 절연체로 보아 이곳의 과학 수준은 높지 않다고 했다"
F1406,사실,73,2024-04-25,ch30,0,0,,0,0,,,,,,73,1,,person:언노운 concept:크리스탈_체임버 person:지휘관,확정,ch30,,언노운의 포격은 수정 더미에 숨은 크리스탈 체임버가 지휘관의 신발 밑에 작은 구멍을 뚫어 흡수하려던 것을 막은 것이었고 — 언노운은 인간을 흡수한 사례는 본 적 없다고 했다 — 무너진 지하에서 깨어난 지휘관 · 라피를 큐브 쪽으로 안내했다
F1407,사실,73,2024-04-25,ch30,0,0,,0,1,,,,,,91,2,,person:그레이브 person:언노운,확정,ch30,,"이름을 잊었다는 언노운은 '그레이브'로 불러 달라 했고, 수정의 주인이 아니며 '잊혀져 퇴색된 오래된 이야기를 다시 쓴다'는 사명으로 지상을 다닌다고 했다 — 동료를 구해 준 은혜로 일행을 큐브로 안내했다"
F1408,사실,73,2024-04-25,ch30,1,1,72,0,2,,,,,,81,4,J12,person:그레이브 person:지휘관,확정,ch30,,"그레이브에게 인간은 소리치고 총을 쏘다 친절하게 굴고는 전기를 흘리고 헬멧을 벗기고 관을 빼앗고 배를 가르고 머리를 찌르고 사진을 찍어 더 많은 인간을 부르던 존재였다 — 도망쳐도 따라온 인간을 랩쳐에게서 구해 주면 또 전기였기에 '인간은 배신한다, 죽인다'며, 소리치지도 쏘지도 않고 고맙다고 한 지휘관은 '아직 인간이 아니다'라고 했다"
F1409,사실,73,2024-04-25,ch30,0,0,,0,2,,,,,,91,3,,person:그레이브 person:라피,확정,ch30,,"그레이브가 기억하는 다른 니케와의 접촉은 셋뿐으로 모두 죽었고(둘은 늦은 상태, 하나는 인간이었다) 그는 눈에 띄지 않게 다녔다 — 그레이브는 사명을 정하지 못한 라피에게 '거울을 봐라, 무엇으로 보이는가'라 했고, 라피와 지휘관은 그 말에 놀랐다"
F1410,사실,73,2024-04-25,ch30,0,0,,0,2,,,,,,101,3,J12,person:그레이브 person:아나키오르 person:라피,확정,ch30,,"그레이브의 관 속에는 진통제 · 마취제가 있었고 그 안에 편안히 잠든 듯한 청백색 니케가 누워 있었다 — 라피가 '헬레틱 아나키오르'라 부르며 왜 여기 있느냐 따지자 그레이브는 '그 이름으로 부르지 마라'며 쏘았고, 그것을 자기 '보물'이자 '사명'이라 했다"
F1411,사실,73,2024-04-25,ch30,0,0,,0,0,,,,,,73,1,,person:라피 person:레드_후드 person:그레이브 person:아나키오르,확정,ch30,,"라피는 아나키오르가 어디에도 있어선 안 된다며 그레이브와 싸우다 머리가 붉게 타오르며 레드 후드를 썼는데 예전 같은 오버히트 없이 안정되어 있었다 — 그레이브는 '망자를 빼앗아 과거의 영웅 · 전설마저 모욕한다'며 반드시 죽이겠다 하고 사라졌고, 라피는 아나키오르의 이름을 레드 후드의 기억으로 알았을 것이라 했다"
F1412,사실,73,2024-04-25,ch30,0,0,,0,0,,,,,,73,1,,person:해머링 person:드릴리 person:지휘관 item:브레인_셸터,확정,ch30,,"해머링은 몸 안이 거의 수정으로 차고(코어는 아직) 등이 뚫려 벽에 붙어 있었고 드릴리가 떼어 냈다 — 해머링이 위험하면 머리를 잘라 달라며 빈손으로 돌아갈 수 없다고 하자, 지휘관은 트로니에게 브레인 셸터를 준비시키고 하모니 큐브까지 가기로 했다"
F1413,사실,73,2024-04-25,ch30,3,0,73,0,0,,,,,,73,1,,person:리버린 person:프레자일 person:식스오 person:일레그 place:방주,확정,ch30,,"리버린은 건전지와 함께 유리병에 담은 수정을 가방에 숨겨 식스오에게 가져가려다 프레자일에게 들켜 달아났고, 프레자일이 리버린의 다리를 쏘고 유리병을 밟아 부쉈다 — 일레그는 수정이 방주에 들어가면 먹이가 너무 많아 끝장이라 했다"
F1414,사실,73,2024-04-25,ch30,1,1,65,0,1,,,,,,81,3,,person:해머링 concept:크리스탈_체임버 item:하모니_큐브 person:라피,확정,ch30,,"갑자기 해머링의 몸에서 수정이 솟아 라피가 맨손으로 머리를 떼어 냈고(목 끝에 수정이 조금 남음), 몸에서 뻗은 수정은 거대한 크리스탈 체임버가 되었다 — 일레그는 끌어모은 전기를 쓰는 하모니 큐브가 수정에게 최고의 먹잇감이라 했고, 일행은 그것을 쓰러뜨렸다"
F1415,사실,73,2024-04-25,ch30,0,0,,0,0,,,,,,73,1,,person:해머링 person:드릴리 item:브레인_셸터 org:M.M.R. concept:NIMPH,확정,ch30,,"해머링의 머리는 목 끝 수정 때문에 브레인 셸터에 넣지 못해 절연체 특수 케이스에 담겨 극비 지상 임시 캠프에 드릴리와 함께 있다 — 수정은 뇌의 전기를 따라 아주 느리게 뇌로 옮겨 가고 전기를 끊으면 죽으며, 수정에 견디는 새 브레인 셸터를 만들고 M.M.R.이 방법을 찾는다 — 침식처럼 NIMPH에 영향을 주지는 않는다"
F1416,사실,73,2024-04-25,ch30,0,0,,0,0,,,,,,73,1,,person:리버린 person:프레자일 person:에닉,확정,ch30,,"리버린은 구치소에 갇혔고(미수라 에닉이 판결하기도 애매), 프레자일은 리버린 체포 때 난동을 피워 제압탄을 맞고 자택 근신 처분을 받았다"
F1417,사실,73,2024-04-25,ch30,0,0,,0,0,,,,,,73,1,,org:중앙_정부 place:수정_지역 org:앱솔루트 concept:특수_별동대,확정,ch30,,중앙 정부는 수정 지역이 너무 위험해 그곳의 것은 예외 없이 활용 · 참고하지 않고 지역을 섬멸하기로 했다 — 앱솔루트가 올라가고 특수별동대는 무조건 참전한다
F1418,사실,73,2024-04-25,ch30,0,0,,0,0,,,,,,73,1,,person:일레그 person:트로니 concept:방주_동력원,확정,ch30,,"일레그 · 트로니는 수정은 확장성이 떨어지고 너무 위험해 지금 방주 동력원의 대신이 될 수 없다고 보아 이번 탐색에서는 찾지 못했다고 했고, 일레그는 진짜 하늘을 보여 주겠다며 포기하지 않겠다고 했다"
F1419,사실,73,2024-04-25,ch30,0,0,,0,0,,,,,,73,1,,person:리버린,확정,ch30,,"방주 구치소의 리버린에게 누군가 핸드폰을 넣어 주었고, 메시지가 오자 리버린은 떨며 구역질을 하다 '난 이제 끝났구나'라 했다"
F1420,사실,73,2024-04-25,relic:하모니큐브관찰일지,0,0,,0,0,,,,,,73,1,,item:하모니_큐브 place:수정_지역,확정,relic:하모니큐브관찰일지,,"하모니 큐브 아래로 흘러들어 코어 출력이 바닥나 가는 이의 관찰 일지에 따르면, 하모니 큐브는 스스로 활동해 그 아래에 하얀 유리 필드와 건물을 솟게 했다 — 일지를 쓴 이는 수정이 전기를 다 먹으니 방주를 만드는 기계가 절연체로 일대를 재구성하는 것이라 보았다"
F1421,사실,73,2024-04-25,relic:하모니큐브관찰일지,0,0,,0,0,,,,,,73,1,,item:하모니_큐브,확정,relic:하모니큐브관찰일지,,"하모니 큐브는 주변 건물을 분해해 그 재료로 유리 필드 · 건물을 재구축했고, 마지막에는 움직이지 못하던 일지 쓴 이의 바디 일부까지 소멸시켜 재료로 썼다"
F1422,사실,73,2024-04-25,event_lastkingdom1,0,0,,0,0,,,,,,73,1,,person:킬로 person:T.A.L.O.S. org:헤비그램 person:크라운 person:차임 place:크라운_왕국,확정,event_lastkingdom1,,"헤비그램 스쿼드의 킬로는 로봇 T.A.L.O.S.의 지상 테스트 중 기체가 대파되어 구조를 기다리던 중 — 스물한 번째 실패로 프로젝트 폐기를 걱정했다 — 장식으로 여긴 크라운 · 차임에게 트롬베로 끌려 고성(크라운 왕국)에 왔고, '구해 줬으니' 왕국의 백성이 되었다"
F1423,사실,73,2024-04-25,event_lastkingdom1,0,0,,0,0,,,,,,73,1,,person:킬로 person:T.A.L.O.S.,확정,event_lastkingdom1,,"킬로는 양산형보다 못한 스펙에 특화된 능력이 없어 서른두 번 스쿼드를 옮겨 다니다 탈로스의 파일럿이 되었고, 자기를 탈로스를 움직이게 하는 '부품'일 뿐이라 여긴다"
F1424,사실,73,2024-04-25,event_lastkingdom1,0,0,,0,0,,,,,,73,1,,person:T.A.L.O.S. person:킬로,확정,event_lastkingdom1,,"탈로스는 니케 코어를 동력원으로 쓰고 나노 코팅으로 자가 수복하며, 내장 A.I.가 상황을 지원하고 3D 프린터로 탄환 등을 만들며 킬로만 탈 수 있다"
F1425,사실,73,2024-04-25,event_lastkingdom1,0,0,,0,0,,,,,,73,1,,place:크라운_왕국 person:크라운 person:차임,확정,event_lastkingdom1,,"크라운 왕국은 원래 관광지였던 인공섬의 고성으로 성벽의 신호 차폐력이 높아 랩쳐에게 잘 들키지 않으며, 크라운에 따르면 백성은 킬로까지 82명 — 왕국의 은혜를 입은 새 · 물고기 · 말까지 모두 백성이고 지상을 돌며 일한다"
F1426,사실,73,2024-04-25,event_lastkingdom1,0,0,,0,0,,,,,,73,1,,person:T.A.L.O.S. person:킬로 person:마리안 person:모더니아,확정,event_lastkingdom1,,"탈로스는 마리안을 방주에서 수배령이 내렸던 헬레틱 모더니아로 알아보았고, 방주에 알리려던 킬로에게 마리안은 소중한 이들을 위험에 빠뜨리는 이에게는 무슨 수를 써서라도 대가를 치르게 하겠다고 해 킬로는 명령을 취소했다"
F1427,사실,73,2024-04-25,event_lastkingdom1,0,0,,0,0,,,,,,73,1,,concept:하이퍼_푸드 place:크라운_왕국 person:T.A.L.O.S.,확정,event_lastkingdom1,,"고성 안 전자식 문 너머 냉동 창고에는 하이퍼 푸드 씨앗이 쌓여 있다 — 석 달이면 거두고 땅을 망치지 않으며 병충해에 강하고 땅을 가리지 않는 차세대 곡물로, 탈로스에 따르면 완성 기록 뒤로는 아무 기록이 없다"
F1428,사실,73,2024-04-25,event_lastkingdom1,0,0,,0,0,,,,,,73,1,,person:크라운 person:차임 concept:하이퍼_푸드 concept:퍼펙트 place:방주,확정,event_lastkingdom1,,크라운 · 차임은 인류가 지상을 되찾았을 때의 식량으로 하이퍼 푸드를 지킨다 — 지상에서는 퍼펙트 같은 정체불명의 음식이 아니라 지상의 것을 먹어야 지상의 주인이라며 — 차임은 방주로 가져가자는 킬로에게 '방주는 믿을 수 없다'고 했다가 말을 돌렸다
F1429,사실,73,2024-04-25,event_lastkingdom1,0,0,,0,0,,,,,,73,1,,person:인디빌리아 person:토커티브 person:T.A.L.O.S. place:크라운_왕국,확정,event_lastkingdom1,,"랩쳐가 왕국으로 몰려온 것은 탈로스가 끄지 않은 재밍 · 구조 신호가 새어 나간 탓으로 보였고, 랩쳐를 따라온 인디빌리아 · 토커티브는 버려도 그만인 고성을 필그림이 목숨 걸고 지키는 것을 보고 무엇이 있는지 캐려 광학미채 소형 랩쳐를 들여보냈다"
F1430,사실,73,2024-04-25,event_lastkingdom1,0,0,,0,1,,,,,,128,2,,person:토커티브 person:니힐리스타 person:인디빌리아,확정,event_lastkingdom1,,인디빌리아에 따르면 화룡(니힐리스타)을 먹은 뒤 토커티브는 힘이 눈에 띄게 강해지고 외형도 변할 조짐이 있다 — 토커티브는 '동족 포식'이라는 말을 싫어했다 — 인디빌리아는 아직 소형뿐이지만 광학미채를 탑재한 랩쳐를 만든다
F1431,사실,73,2024-04-25,event_lastkingdom1,0,0,,0,0,,,,,,73,1,,person:토커티브 person:마리안 person:차임,확정,event_lastkingdom1,,"토커티브는 고성을 엿보다 마리안이 있음을 알아채 '여기 있었나, 방주가 가만히 놔뒀을 리가 없지'라며 웃었고, 붙잡은 차임에게 마리안이 언제 왜 왕국에 왔는지 물었다"
F1432,사실,73,2024-04-25,event_lastkingdom1,0,0,,0,0,,,,,,73,1,,person:차임 person:인디빌리아 person:토커티브,확정,event_lastkingdom1,,"정탐하다 붙잡힌 차임은 인디빌리아에게 귀를 잘리고 '사명에 목숨을 버리지 마라'는 토커티브의 회유에도 왕국의 백성이자 왕의 비서로서 배신하지 않는다며 입을 열지 않아, 목이 잘려 왕국에 보내졌다 — 토커티브는 '어리석다, 하지만 부럽군'이라 했다"
F1433,사실,73,2024-04-25,event_lastkingdom1,0,0,,0,0,,,,,,73,1,,concept:침식 person:토커티브,확정,event_lastkingdom1,,"토커티브에 따르면 침식은 머리를 망가뜨리는 것으로 알려졌지만 실제로 의식은 멀쩡하고 말과 행동만 제어할 수 없어, 뚫을 수 없는 유리창 너머로 미친 짓을 하는 자기를 지켜보다 동료 손에 죽기까지 겪는다 — 손에서 솟는 가시가 침식 유발 장치다"
F1434,사실,73,2024-04-25,event_lastkingdom1,0,0,,0,0,,,,,,73,1,,person:크라운 person:차임 person:T.A.L.O.S. person:라푼젤 person:인디빌리아 item:브레인_셸터,확정,event_lastkingdom1,,"크라운은 트롬베로 적진을 뚫어 인디빌리아를 들이받고 짓밟은 뒤 차임의 몸을 찾아왔고, 탈로스가 초진동 나이프로 깨끗이 잘린 머리를 브레인 셸터를 겸한 백팩에 한 시간 보관한 뒤 라푼젤의 나노 머신 분사로 신경 센서 · 동력을 봉합해 차임을 살렸다(귀는 모양만)"
F1435,사실,73,2024-04-25,event_lastkingdom1,1,1,36,0,0,,,,,,73,2,,person:스노우_화이트 person:홍련 person:라푼젤 concept:언체인드 person:지휘관 place:에덴 place:방주,확정,event_lastkingdom1,,"봉화를 보고 온 필그림 스노우 화이트 · 홍련 · 라푼젤은 씨앗이 중요해 왕국을 버릴 수 없다며 함께 지켰다 — 스노우 화이트는 남은 언체인드를 줘 버려 헬레틱을 끝낼 수단이 없다 했고, 도령(지휘관)은 방주에 큰일이 나 연락이 닿지 않았으며 에덴은 스노우 화이트가 반대했다"
F1436,사실,73,2024-04-25,event_lastkingdom1,1,1,71,0,0,,,,,,73,2,,person:인디빌리아 person:크라운 concept:에블라_입자,확정,event_lastkingdom1,,"인디빌리아는 초고농도 에블라 입자를 뿜어 전기 신호를 끊어 니케를 굳게 하는데, 그것이 크라운에게 독임을 알아채 성벽 밖에서 에블라 입자를 뿌려 크라운을 천천히 독살하려 했다"
F1437,사실,73,2024-04-25,event_lastkingdom1,0,0,,0,1,,,,,,128,2,,person:크라운 person:차임 concept:하이퍼_푸드,확정,event_lastkingdom1,,"차임이 처음 만났을 때 크라운은 지휘관과 스쿼드 멤버가 모두 죽은 뒤 혼자 하이퍼 푸드 창고를 — 얼마나 됐는지 기억나지 않을 만큼 — 지키고 있었고, 차임이 '왕이 되어 달라, 왕은 백성의 소원을 이루어 주는 존재'라 하자 그 사명을 받아들여 차임의 왕이 되었다"
F1438,사실,73,2024-04-25,event_lastkingdom1,2,1,71,0,0,,,,,,73,2,,person:크라운 person:차임,확정,event_lastkingdom1,,차임에 따르면 크라운은 차임 때문에 사명감의 주박에 사로잡혀 남의 소원은 이루어 주지만 자기는 아무것도 없는 공허한 왕이 되었다
F1439,사실,73,2024-04-25,event_lastkingdom1,2,0,73,0,0,,,,,,73,1,,person:T.A.L.O.S. person:킬로,확정,event_lastkingdom1,,"탈로스는 T.A.V:H 조작 보조용 A.I.로, 킬로가 [탈로스]라는 이름을 붙여 준 날 자기를 정의하게 되어 킬로의 안전을 최우선으로 삼았다 — 그래서 조종석만 상처가 없다 — 탈로스를 질투하던 킬로는 사과하고 서로 포기하지 않기로 해 왕국에 남았다"
F1440,사실,73,2024-04-25,event_lastkingdom1,0,0,,0,0,,,,,,73,1,,person:킬로 person:크라운,확정,event_lastkingdom1,,킬로는 크라운의 강철 말 트롬베를 보고 'T.A.V:A가 아직 남아 있다니'라며 놀랐다
F1441,사실,73,2024-04-25,event_lastkingdom1,0,0,,0,0,,,,,,73,1,,person:마리안 person:토커티브 person:크라운 person:라푼젤,확정,event_lastkingdom1,,"토커티브에게서 '네가 누구인지, 기원을 기억하라'는 말을 들은 마리안은 두통 · 고열을 앓다 필그림에게 총을 겨누며 '여러분을 죽여야 할 것 같다'고 했고 — 라푼젤은 침식은 아니라 했다 — 크라운이 '자신이 누구인지는 자신이 결정한다'고 하자 총을 거두었다"
F1442,사실,73,2024-04-25,event_lastkingdom1,0,0,,0,0,,,,,,73,1,,person:마리안 person:크라운 concept:헬레틱,확정,event_lastkingdom1,,"마리안은 헬레틱이던 때와 토커티브와 함께한 과거를 전혀 기억하지 못하고, 크라운은 마리안이 헬레틱이었음을 알면서 랩쳐 편으로 돌아서도 마리안은 왕국의 백성이고 지키겠다고 했다 — 마리안은 모두가 소중하다며 떠나지 않기로 했다"
F1443,사실,73,2024-04-25,event_lastkingdom1,0,0,,0,1,,,,,,128,2,,person:토커티브 person:마리안 person:니힐리스타,확정,event_lastkingdom1,,"토커티브는 필그림 편에서 싸우는 마리안을 보고 '이미 인자가 활성화되었을 텐데, 운명이자 숙명을 거스를 수 없다'며 — 자기 사명 · 긍지 · 자리에 이어 꿈마저 빼앗느냐며 — 격분해 몸 안 나노머신을 활성화하고 양팔에 화룡의 머리를 단 모습으로 변했다"
F1444,사실,73,2024-04-25,event_lastkingdom1,0,0,,0,0,,,,,,73,1,,person:킬로 person:T.A.L.O.S. person:토커티브,확정,event_lastkingdom1,,"동력을 잃은 탈로스를 킬로가 케이블을 자기 가슴에 꽂아 두 코어를 직렬로 이어 3분 한정의 각성 상태로 되살렸고, 탈로스는 토커티브의 머리를 뽑아 성벽 너머로 던져 몸을 소멸시켰다"
F1445,사실,73,2024-04-25,event_lastkingdom1,3,0,73,0,1,,,,,,73,2,J28,item:네이키드_킹 person:크라운 person:차임 concept:에블라_입자 person:인디빌리아,확정,event_lastkingdom1,,"차임에 따르면 크라운의 무장 [네이키드 킹]은 에블라 입자를 빨아들여 열로 바꾸는 장치를 떠돌이 승려가 섬멸용으로 고친 것으로 — 크라운은 다가올 결전에 대비해 곳곳에서 몸에 에블라 입자를 모아 왔고 그 반발로 기침 · 통증을 앓았으며, 1년 더 모아야 했던 것을 인디빌리아의 입자로 앞당겼다"
F1446,사실,73,2024-04-25,event_lastkingdom1,1,0,73,0,2,,,,,,128,2,,person:크라운 item:네이키드_킹 person:차임 person:인디빌리아 person:T.A.L.O.S.,확정,event_lastkingdom1,,"네이키드 킹을 연 크라운은 손짓만으로 성문 앞 랩쳐를 전멸시키고 인디빌리아를 짓뭉갰으며, 차임이 탈로스가 준 인디빌리아의 꼬리 칼날(1회용 초진동)로 인디빌리아의 목을 베어 복수했다"
F1447,사실,73,2024-04-25,event_lastkingdom1,0,0,,0,0,,,,,,73,1,,person:크라운 place:크라운_왕국,확정,event_lastkingdom1,,"크라운은 왕국을 미래를 위한 희망과 오랜 꿈 — 울지 않고 잠들 방 · 식당 · 텃밭 · 기도실, 저마다 자기 장소를 찾은 곳 — 이 있는 소중한 장소라 지킨다 했고, 남의 소원을 이루려면 왕은 공허해야 욕심이 섞이지 않는다고 했다"
F1448,사실,73,2024-04-25,event_lastkingdom1,1,0,73,0,0,,,,,,73,1,,person:인디빌리아 concept:헬레틱 person:마리안 person:퀸,확정,event_lastkingdom1,,"인디빌리아에 따르면 퀸의 정예인 헬레틱은 아틀라스 케이지 같은 것에 가려지지 않는 한 서로의 탄생 · 죽음 · 위치를 느끼는데, 헬레틱이 되었다 돌아왔다는 마리안에게서는 아무것도 느끼지 못해 '가짜, 혹은 다른 무언가'라 했다"
F1449,사실,73,2024-04-25,event_lastkingdom1,0,0,,0,0,,,,,,73,1,,person:나유타 person:스노우_화이트 person:홍련 person:라푼젤 person:퀸,확정,event_lastkingdom1,,"나유타가 소집을 걸어 필그림 셋은 곧바로 떠났다 — 스노우 화이트는 느린 나유타가 소집했다면 큰 것, 높은 확률로 퀸에 대한 단서를 찾았을 것이라 했다"
F1450,사실,73,2024-04-25,event_lastkingdom1,0,0,,0,0,,,,,,73,1,,person:크라운 person:차임 person:마리안 person:지휘관,확정,event_lastkingdom1,,방어전 뒤 크라운은 불길한 예감이 든다며 마리안을 지휘관과 만나게 해야 할 것 같다고 차임에게 상담했다
F1451,사실,73,2024-04-25,event_lastkingdom1,0,0,,0,0,,,,,,73,1,,person:마리안 person:킬로 person:크라운,확정,event_lastkingdom1,,"랩쳐를 전멸시키자는 킬로의 말에 마리안 안에서 크라운의 활약이 '두렵고, 화가 났다'는 말이 흘러나왔고, 마리안은 놀라 피곤한 탓이라 얼버무렸다"
F1452,사실,73,2024-04-25,event_lastkingdom1,3,1,24,0,0,,,,,,73,2,J1,person:마리안 person:인디빌리아 person:토커티브,확정,event_lastkingdom1,,"그날 밤 활력이 돌며 자기에게서 '개화한 것'을 확인하려 랩쳐 대군을 뚫고 간 마리안이 인디빌리아 · 토커티브에게 왕국을 넘보지 말라 하자, 둘은 의지와 상관없이 본능으로 무릎을 꿇었고 토커티브는 '분부대로 하겠습니다, 여왕님'이라 했다"
F1453,사실,73,2024-04-25,event_lastkingdom1,0,0,,0,1,,,,,,144,2,,person:인디빌리아 person:토커티브,확정,event_lastkingdom1,,"인디빌리아에 따르면 토커티브는 그날 이후 포식으로 신체를 재구축할 수 있게 되어 랩쳐 무리 속에 던져진 머리로 살아났고, 인디빌리아는 만약을 위해 토커티브의 머리에 박아 둔 자기 코어 일부로 돌아왔지만 과거의 기억을 가졌을 뿐 자기가 아니게 되었다"
F1454,사실,73,2024-04-25,char:330,0,0,,0,0,,,,,,73,1,,person:크라운 person:차임 person:지휘관 person:레드_후드 place:크라운_왕국,확정,char:330,,크라운 · 차임은 니케마다 역할을 주어 전투를 지휘하는 지휘관을 높이 사 크라운 왕국의 책사로 삼으려 했고 — 레드 후드에 따르면 레드 후드에게도 함께 싸운 뒤 탐난다는 눈으로 백성이 되라며 쫓아다녔다 — 지휘관은 거절했다
F1455,사실,73,2024-04-25,char:330,0,0,,0,0,,,,,,73,1,,place:크라운_왕국 person:크라운 person:차임 concept:퍼펙트,확정,char:330,,"크라운 왕국의 성은 높은 방벽에 둘러싸여 앞뜰 정원에서 백성이 무장 · 방벽을 정비하고 텃밭에서 퍼펙트가 아닌 진짜 작물을 기르며, 매일 밤 함께 식사하고 침실에서 지상의 들판과 진짜 달을 본다 — 차임에 따르면 왕국 초기 말고는 랩쳐가 방벽을 넘은 적이 없고 모두 크라운의 힘으로 물리쳤다"
F1456,사실,73,2024-04-25,char:330,0,0,,0,0,,,,,,73,1,,person:차임 person:크라운 place:방주 place:크라운_왕국,확정,char:330,,"차임은 방주의 풍경이 디스플레이가 재현한 가짜임을 아는 듯 말하다 방주에 와 본 적이 있느냐는 지휘관의 물음에 크라운이 막아 대답하지 않았고, 왕국이 지키는 보물과 그 성에 머무는 까닭도 책사가 되어야 알려 준다며 밝히지 않았다"
F1457,사실,73,2024-04-25,char:330,0,0,,0,0,,,,,,73,1,,person:크라운 person:차임 place:크라운_왕국 person:지휘관,확정,char:330,,"크라운에 따르면 왕국을 세운 것은 최초의 백성 차임이 [왕]을 원했기 때문이고, 이제는 소중한 것들을 지킬 울타리이자 백성이 소원을 꿈꿀 수 있는 장소로 지키며, 왕은 백성의 소원에 귀 기울이려면 소원을 가져서는 안 된다 — 지휘관은 백성의 꿈을 이루는 것이 왕의 꿈이니 크라운은 비어 있지 않다고 했다"
F1458,사실,73,2024-04-25,char:330,0,0,,0,0,,,,,,73,1,,person:지휘관 person:마리안 person:크라운,확정,char:330,,"지휘관은 마리안과 힘을 길러 반드시 데리러 가겠다고 약속해 '소중한 걸 지켜낼 힘'을 원하며 그것은 스스로 이뤄야 한다고 크라운의 제안을 거절했고, 크라운은 '그날 밤 그렇게 애타게 찾았던 사람'이 지휘관이었음을 알아챘다"
F1459,사실,73,2024-04-25,char:330,1,0,73,0,0,,,,,,73,1,,person:크라운 person:지휘관 person:마리안 place:크라운_왕국,확정,char:330,,"떠나는 크라운은 지휘관에게 크라운 왕국의 [증표]인 말 모양 나뭇조각을 주며 종착지가 왕국이 될 수 있음을 기억하라 했고, 왕국의 새 보물인 지휘관의 [소원](마리안)을 아끼고 있을 테니 힘을 얻어 찾아오라 했다 — 지휘관은 마리안을 부탁했다"
F1460,사실,73,2024-04-25,char:361,0,0,,0,0,,,,,,73,1,,org:헤비그램 person:킬로 org:미실리스 org:M.M.R.,확정,char:361,,"킬로가 속한 헤비그램은 미실리스가 진행하는 니케용 탑승 병기 T.A.V:H(Tactical Autonomous Vehicle : Human Type)를 운용하는 시험용 스쿼드로 관리는 M.M.R.이 맡고 멤버를 다른 스쿼드에 하나씩 파견해 운용하며, 막대한 자금이 든 프로젝트라 성능을 증명하지 못하면 폐기된다"
F1461,사실,73,2024-04-25,char:361,0,0,,0,0,,,,,,73,1,,person:T.A.L.O.S. person:킬로,확정,char:361,,"탈로스(Tactical Assistance and Logistics Optimization System)는 명령이 있어야 움직이는 T.A.V:H용 보조 A.I.라 파일럿의 기량이 곧 성능이고, T.A.V:H가 인간형인 것은 니케 코어를 동력원으로 가장 효율 있게 쓰려는 것이다 — 앞서 운용한 동물형 T.A.V:A는 확장성이 낮고 동력원이 불안정해 폐기되었다"
F1462,사실,73,2024-04-25,char:361,0,0,,0,0,,,,,,73,1,,person:킬로 person:T.A.L.O.S. person:라피 person:지휘관 org:엘리시온,확정,char:361,,"엘리시온 훈련장 테스트에서 킬로와 탈로스는 무엇 하나라도 잘하려고 넣은 온갖 기능 탓에 넓고 얕아 전투 · 탐색 · 구조 · 생산 · 수리 전 과목 50점(개선 뒤 51점)이었지만, 지휘관 · 라피는 만능 자체가 컨셉이 될 수 있고 실전에서 상황 판단력이 좋다고 보았다"
F1463,사실,73,2024-04-25,char:361,0,0,,0,0,,,,,,73,1,,org:헤비그램 person:킬로 person:T.A.L.O.S.,확정,char:361,,"T.A.V:H 유지비를 두고 임시 소속된 스쿼드들의 클레임이 들어와 헤비그램은 단독 행동 위주로 운용 계획을 바꿨다 — 킬로는 자리 잡을 곳이 점점 좁아진다며 '나만의 장소'를 바랐고, 다음에 올라가는 것이 성과가 없으면 폐기 확률이 오르는 스물한 번째 테스트였다"
F1464,사실,74,2024-05-16,event_darkhero,0,0,,0,1,,,,,,94,2,,person:엑시아 person:메이든 person:일레그 person:트로니 person:지휘관,확정,event_darkhero,,엑시아(파티장 [사이코뮤]) · 메이든(탱커 [블랙로즈]) · 일레그([붐가이]) · 트로니는 트로니의 방에서 파이널 퀘스트 온라인 등을 함께 하는 게임 모임이고 지휘관은 힐러로 불려 갔다 — 메이든은 엑시아의 '동료가 되라'는 제안으로 들어와 셋에게 마음을 열었다
F1465,사실,74,2024-05-16,event_darkhero,0,0,,0,1,,,,,,148,2,,org:일렉트릭_쇼크 person:트로니 person:일레그 org:중앙_정부 person:슈엔,확정,event_darkhero,,"방주 정전을 해결한 뒤 일렉트릭 쇼크는 중앙 정부가 직접 요청한 방송 · 인터뷰에 나가 시민 사이에서 '지금껏 방주를 유지해 온 히어로'로 불리게 되었고, 슈엔은 트로니에게 이번엔 도망가면 가만 안 둔다며 참여시켰다"
F1466,사실,74,2024-05-16,event_darkhero,0,0,,0,0,,,,,,74,1,,person:일레그 person:마나 concept:마테리얼_H concept:방주_동력원 org:M.M.R. person:트로니,확정,event_darkhero,,일레그가 읽은 M.M.R.의 [특수 개체 : 마테리얼 H] 보고서에서 마나는 마테리얼 H가 방주의 축소판이라 할 만큼 방주를 닮았다고 평했고 — 니케로 에너지를 만드는 것이 1세대 랩쳐의 유기물 동력 보강과 비슷하다 — 일레그는 동력원의 정체를 아는 이들이 따로 있다고 결론지었다
F1467,사실,74,2024-05-16,event_darkhero,0,0,,0,0,,,,,,74,1,,person:에테르 org:M.M.R. org:일렉트릭_쇼크,확정,event_darkhero,,"에테르에 따르면 M.M.R.은 일렉트릭 쇼크에 연구 장비 제작을 맡겼고, 윗선은 일렉트릭 쇼크가 맡은 일 — [방주가 꺼지지 않도록 막는 것] — 을 잘하는지 예의주시하며, 윗분들은 방주를 위해서라면 뭐든 한다"
F1468,사실,74,2024-05-16,event_darkhero,0,0,,0,1,,,,,,94,2,,person:잉그리드 org:익스터너 person:메이든 person:길로틴 person:일레그 person:트로니 org:중앙_정부 org:M.M.R.,확정,event_darkhero,,"중앙 정부 고위 간부의 명령으로 잉그리드는 익스터너에게 방주 테러를 계획한다는 일렉트릭 쇼크의 일레그 · 트로니를 확보해 M.M.R. 산하 중앙정부군에 넘기라 했고, 길로틴이 대신 맡겠다는데도 메이든이 자기가 맡아야 한다고 나섰다"
F1469,사실,74,2024-05-16,event_darkhero,0,0,,0,0,,,,,,74,1,,person:에테르 org:M.M.R. person:일레그 person:트로니 concept:방주_동력원 concept:마테리얼_H,확정,event_darkhero,,"에테르에 따르면 테러 계획은 명목이고, 일렉트릭 쇼크가 M.M.R.의 마테리얼 H 보고서를 손댄 탓에 높은 사람 하나가 일레그 · 트로니가 방주 동력원을 안다는 것을 눈치챘다 — M.M.R.의 높으신 분은 일렉트릭 쇼크 전원을 체포해 하나는 기억 소거, 하나는 본보기로 폐기하라고 했다"
F1470,사실,74,2024-05-16,event_darkhero,0,0,,0,0,,,,,,74,1,,person:메이든 person:일레그 org:M.M.R.,확정,event_darkhero,,메이든은 잉그리드의 허가로 마스크를 벗고 [언령] [정지]로 일레그를 멈춰 지정 좌표 — M.M.R.의 버려진 시설 — 로 넘겼다 — 일레그는 마스크를 벗은 메이든을 처음으로 두려워하지 않고 먼저 다가온 이였다
F1471,사실,74,2024-05-16,event_darkhero,0,0,,0,0,,,,,,74,1,,person:일레그 person:트로니 person:메이든,확정,event_darkhero,,일레그는 심문에서 방주 테러 계획을 혼자 세웠다고 진술해 모든 것을 뒤집어쓰고 트로니의 혐의를 풀었다 — 테러를 꾸민 적이 없다며 이의를 내라는 메이든에게 일레그는 그것이 최선이고 메이든이 엮이길 원치 않는다고 했다
F1472,사실,74,2024-05-16,event_darkhero,0,0,,0,0,,,,,,74,1,,person:에테르 person:트로니 person:일레그 person:지휘관,확정,event_darkhero,,"에테르는 트로니에게 '테러는 일레그가 꾸몄고 나는 몰랐다'고 진술해 동력원을 잊고 [방주의 히어로]로 남거나, 반나절 뒤 심문이 끝나면 폐기될 일레그를 직접 구하러 가라는 두 선택지와 좌표를 주었고, 트로니는 구하러 갔다 — 에테르는 지휘관에게도 좌표를 주었다"
F1473,사실,74,2024-05-16,event_darkhero,0,0,,0,1,,,,,,94,2,,person:지휘관 person:엑시아 person:트로니 person:메이든 person:잉그리드,확정,event_darkhero,,지휘관 · 엑시아(오퍼레이터) · 트로니가 시설에 잠입했고 트로니는 일레그 선물로 만든 BOOM 커스텀 게임 패드의 기능(소등 · 스프링클러 · 통신 마비 · BOOM 원격 설치)으로 중앙정부군을 따돌렸다 — 길을 막은 메이든은 트로니의 말에 길을 비켜 주고 잉그리드에게 임무 실패를 보고했다
F1474,사실,74,2024-05-16,event_darkhero,4,4,66,0,0,,,,,,74,3,J19,person:트로니 concept:방주_동력원,확정,event_darkhero,,트로니는 방주 동력원을 본 뒤로 붉게 물든 공간에서 수많은 시선이 '넌 히어로가 맞냐'고 묻는 환영에 시달렸다 — 동력원이 뿜는 빛에 붉게 물든 그 공간에는 수많은 시신이 널브러져 있었다
F1475,사실,74,2024-05-16,event_darkhero,2,1,66,0,0,,,,,,74,2,,person:트로니 person:일레그 org:일렉트릭_쇼크 person:아크레인저_블랙,확정,event_darkhero,,"트로니가 일렉트릭 쇼크에 들어온 날이 일레그를 처음 만난 날이고, 일레그는 트로니를 방 밖으로 나오게 하려고 찰흙으로 아크레인저 블랙 피규어를 만들어 주었다 — 트로니가 가장 소중히 여기는 물건이다"
F1476,사실,74,2024-05-16,event_darkhero,1,1,66,1,0,,,,,,148,3,,person:아크레인저_블랙 person:트로니 person:아크레인저_레드 org:아크레인저,확정,event_darkhero fl:ark_ranger,,아크 게임쇼 팬미팅에서 트로니 · 지휘관을 만났던 아크레인저 블랙은 히어로란 누군가의 기대가 아니라 자기 신념 · 진심을 관철하는 자라고 트로니에게 말했다 — 블랙도 레드에게 같은 말을 듣고 아크레인저에 들어왔다
F1477,사실,74,2024-05-16,event_darkhero,0,0,,0,0,,,,,,74,1,,person:에테르 person:지휘관 person:일레그 person:트로니 org:M.M.R.,확정,event_darkhero,,"에테르는 일렉트릭 쇼크 체포 명령을 받은 책임자였는데, 지휘관이 일레그 · 트로니의 뒷배가 되어 둘이 방주의 비밀을 계속 파헤치게 지켜 준다는 거래로 둘의 기억 소거가 끝났다고 거짓 보고하기로 했다 — 목적은 니케가 명령을 어기고 어디까지 할 수 있는지 가능성을 보는 것이라 했다"
F1478,사실,74,2024-05-16,event_darkhero,1,0,74,0,1,,,,,,94,2,,person:일레그 person:트로니 place:수정_지역 concept:방주_동력원,확정,event_darkhero,,"일레그 · 트로니는 기억 소거된 것처럼 보이기로 하고, 일레그는 수정 지역 탐색 지원을 떠나며 수상한 목적으로 접근하는 니케가 없는지 지켜보겠다 했고 트로니는 방주에 남아 동력원의 폭주를 지켜보기로 했다 — 트로니는 지상에서 처음 진짜 하늘을 보았다"
F1479,사실,74,2024-05-16,char:501,0,0,,0,0,,,,,,74,1,,person:일레그 person:트로니 org:일렉트릭_쇼크 org:M.M.R. person:슈엔,확정,char:501,,"일레그는 일렉트릭 쇼크의 리더로 M.M.R.과의 회의(새 연구 장비 · 개선점) 같은 바깥 자리를 늦게까지 맡고, 낯을 가리는 트로니는 회의에서 아무 말도 못 해 미실리스 이미지를 망쳤다고 슈엔에게 한 소리 듣는다 — 트로니는 슈엔에게 미움받는 데 익숙하다고 한다"
F1480,사실,74,2024-05-16,char:501,0,0,,0,0,,,,,,74,1,,person:트로니 person:라플라스 person:일레그,확정,char:501,,"일레그 대신 회의에 나가려 대인관계 책의 메모대로 연습하던 트로니에게 라플라스는 남을 연기하며 동료를 위해 자신을 버린다며 메모를 모두 지우고 '트로니는 트로니면 된다'고 했고, 트로니는 자기 방식으로 일레그 몫의 연구실 일을 맡기로 했다"
F1481,사실,75,2024-05-30,event_goldencoinrush1,0,0,,0,0,,,,,,75,1,,person:머스탱 org:777 org:테트라 place:코인_러시,확정,event_goldencoinrush1,,"테트라 황금칩 쟁탈전은 매년 코인 러시에서 열리는 테트라 이벤트로, 우승 팀(팀장)이 받는 머스탱 얼굴의 황금칩을 가진 스쿼드는 1년에 한 번 머스탱에게 어떤 소원이든 빌 수 있다 — 777 스쿼드는 한 번도 우승을 놓친 적이 없다"
F1482,사실,75,2024-05-30,event_goldencoinrush1,0,0,,0,0,,,,,,75,1,,org:테트라 org:777 person:루주,확정,event_goldencoinrush1,,"같은 스쿼드끼리의 대결이 늘 비슷해 올해 규칙이 바뀌어, 테트라 니케 3명(팀장 1 · 팀원 2)으로 팀을 짜되 한 스쿼드에서 팀장은 하나뿐이고 공지 밑 작은 글씨로 팀원 한 명은 아무나 채울 수 있다 — 토너먼트 끝에 남은 한 팀만 777과 결승을 치러 황금칩 전시장의 열쇠를 다툰다"
F1483,사실,75,2024-05-30,event_goldencoinrush1,0,0,,0,0,,,,,,75,1,,person:소다 person:코코아 person:에이드 org:메이드_포_유 person:지휘관 person:앨리스 person:루드밀라,확정,event_goldencoinrush1,,"몇 달 무리하게 연 이벤트로 메이드 카페의 적자가 심해져 다음 달까지밖에 버틸 수 없게 되자, 카페를 지킬 코코아 · 에이드 대신 소다가 메이드 포 유 대표(팀장)로 쟁탈전에 나가 머스탱에게 재정 지원을 빌기로 했고, 지휘관과 — 루드밀라의 허락을 받은 — 앨리스가 팀원이 되었다"
F1484,사실,75,2024-05-30,event_goldencoinrush1,0,0,,0,0,,,,,,75,1,,org:달란트 org:프리마돈나 org:카페_스위티 person:폴크방 person:엑시아 person:노벨 person:크러스트 person:메어리,확정,event_goldencoinrush1,,"쟁탈전에는 달란트(루피 · 도라 · 얀)와 프리마돈나(볼륨 팀장 · 노이즈 · 아리아), 카페 스위티(밀크 팀장 · 슈가 · 프림), 폴크방이 팀장으로 프로토콜의 엑시아 · 노벨을 데려온 팀, 크러스트 팀 등이 나왔고, 메어리는 안전 요원으로 임시 병동을 맡았다"
F1485,사실,75,2024-05-30,event_goldencoinrush1,0,0,,0,0,,,,,,75,1,,person:지휘관 person:소다 person:루피 org:달란트 person:메어리,확정,event_goldencoinrush1,,"첫 게임 장애물 이어달리기에서 소다가 놓친 바통을 잡으려던 지휘관이 방송하며 달리던 루피의 셀카봉과 부딪혀 둘 다 넘어졌고, 비디오 판독으로 달란트가 탈락했다 — 지휘관은 왼쪽 어깨에 타박상을 입어 메어리가 소다 · 앨리스 몰래 티 나지 않게 붕대를 감아 주었다"
F1486,사실,75,2024-05-30,event_goldencoinrush1,0,0,,0,1,,,,,,122,2,,person:프림 person:메어리 org:카페_스위티 person:밀크 person:소다,확정,event_goldencoinrush1,,"둘째 게임 니케 두더지 직전 프림이 코인 러시가 잠자기 좋다며 기권해 메어리가 대신 들어갔는데, 메어리가 상자 구멍에 껴 감점이 쌓이는 바람에 카페 스위티가 소다 팀에 1점 차로 탈락했다 — 밀크는 맞는 사람이 아플까 망치를 제대로 휘두르지 않은 소다를 의욕도 간절함도 없는 녀석이라 몰아세웠다"
F1487,사실,75,2024-05-30,event_goldencoinrush1,1,0,75,0,0,,,,,,75,1,,person:소다 person:지휘관 person:폴크방 person:앨리스,확정,event_goldencoinrush1,,"기가 죽어 그만두려던 소다는 '코코아 · 에이드가 보러 왔다'는 지휘관의 거짓말에 다시 일어나 동전 받기 재경기에서 폴크방 팀을 이겼고, 이 경쟁에서 이기는 길은 맞서 싸우는 것뿐이라며 실은 계속 이기고 싶었다고 울며 털어놓았다"
F1488,사실,75,2024-05-30,event_goldencoinrush1,0,0,,0,0,,,,,,75,1,,person:소다 person:볼륨 org:프리마돈나 person:지휘관,확정,event_goldencoinrush1,,"준결승 와이어 금괴 쌓기에서 소다는 어깨를 다친 지휘관을 빼고 그 몫까지 쌓았고, 볼륨이 올라가는 도중에 금괴 4개를 내려놓은 반칙이 무효 처리되어 소다 팀이 2개 차로 이겼다 — 소다는 반칙을 보고도 이기고 싶어 말하지 않았다고 털어놓았고 볼륨은 당연한 일이라며 소다를 인정했다"
F1489,사실,75,2024-05-30,event_goldencoinrush1,0,0,,0,0,,,,,,75,1,,person:소다 person:블랑 person:누아르 org:777 person:머스탱,확정,event_goldencoinrush1,,"결승 밧줄 오르기에서 소다와 블랑은 동시에 꼭대기에 닿아 열쇠를 다투다 떨어뜨렸고, 소다가 미끄러운 밧줄을 타고 내려오며 열쇠를 잡으려 한 위험한 행동으로 실격되어 777이 또 우승했다 — 머스탱은 소다의 의지 · 노력 · 간절함은 진짜였다 했고, 블랑은 그 모두에서 소다에게 졌다고 했다"
F1490,사실,75,2024-05-30,event_goldencoinrush1,0,0,,0,0,,,,,,75,1,,org:메이드_포_유 person:소다 person:에이드 person:지휘관 person:루드밀라 person:앨리스,확정,event_goldencoinrush1,,"쟁탈전 뒤 소다를 보러 온 손님이 평소의 20배로 몰려 메이드 카페 매출이 수직 상승해 한 달만 버티면 당분간 운영 걱정이 없게 되었다 — 지휘관은 에이드에게 연락해 자금이 모자라면 돕겠다고 했고, 루드밀라도 앨리스를 즐겁게 해 준 답례로 앨리스와 카페를 찾았다"
F1491,사실,75,2024-05-30,char:314,0,0,,0,0,,,,,,75,1,,person:소다 person:루주 person:지휘관 place:코인_러시,확정,char:314,,"소다는 며칠 뒤 이벤트를 앞둔 코인 러시에 일일 출장 메이드로 청소하러 갔다가 — 바니 옷은 지휘관이 사 준 것 — 미끄러져 지휘관의 마지막 카드 게임과 셔츠를 망쳤고, 루주는 코인 러시의 책임이라며 지휘관에게 VIP 방 하루 숙박 · 식사를 내주고 소다에게 지휘관의 개인 케어를 맡겼다"
F1492,사실,75,2024-05-30,char:314,0,0,,0,0,,,,,,75,1,,place:코인_러시 person:루주,확정,char:314,,"루주에 따르면 코인 러시는 개인 방을 뺀 모든 곳에 CCTV가 있고 그날의 입장객 · 퇴장객을 자동으로 확인하는, 안전과 보안에 매우 예민한 곳이다"
F1493,사실,75,2024-05-30,char:314,0,0,,0,0,,,,,,75,1,,person:소다 person:지휘관 person:루주,확정,char:314,,"씻으려다 등 지퍼가 고장 나 밤새 옷을 못 벗은 소다를 위해 지휘관은 루주에게 추가 요금을 내고 하루를 더 묵으며 바니걸 옷 한 벌을 받아 샤워실에서 소다의 옷을 잘라 주었고, 둘은 감정이 이끄는 대로 가까워졌다"
F1494,사실,76,2024-06-06,char:195,0,0,,0,0,,,,,,76,1,,person:앨리스 person:루드밀라 person:지휘관 person:소다 person:블랑 person:누아르 place:코인_러시,확정,char:195,,"루드밀라와 방주에 온 앨리스는 황금칩 이벤트로 붐비는 코인 러시의 행운의 쌍둥이 토끼(블랑 · 누아르)를 만나 루드밀라 · 네베 · 토브 몫까지 행운을 가져오겠다고 약속하고 혼자 코인 러시에 갔다가, 그곳에서 만난 지휘관의 권유로 소다와 같은 팀이 되었다"
F1495,사실,76,2024-06-06,char:195,0,0,,0,0,,,,,,76,1,,person:앨리스 person:지휘관 org:언리미티드,확정,char:195,,"앨리스는 쟁탈전 뒤 함께 게임한 '토끼들'과 찍은 사진에 행운을 담아 북부로 가져왔다 — 모두가 누군가를 행복의 나라로 데려가려 애쓴다는 것을 배워 잠자는 공주님들도 언젠가 행복의 나라로 가길 빌었고, 지휘관만은 자기 토끼 씨로 남기려 사진에 넣지 않아 지휘관이 단둘이 찍은 사진을 따로 선물했다"
F1496,사실,77,2024-06-20,event_claymore,1,1,40,0,0,,,,,,77,2,,person:베이 person:페퍼 concept:사고_전환 place:언더_아레나,확정,event_claymore,,"니케는 파츠 교체가 잦으면 사고 전환이 올 수 있다 — 베이는 한 달 사이 다리 파츠를 20번 넘게, 팔을 10번 교체해 기준치를 넘었다며 병원(페퍼)에 입원해 테스트를 받았고, 언더 아레나의 오팔 · 가넷은 부품을 자주 교체하다 사고 전환이 와 폐기되었다"
F1497,사실,77,2024-06-20,event_claymore,0,0,,0,0,,,,,,77,1,,person:클레이 person:베이 org:리와인드 place:언더_아레나,확정,event_claymore,,"베이가 빠지자 클레이는 2인 이상이어야 하는 대회 규정으로 참가도 못 하고 탈락했고, 혼자 선 무대도 싸늘해 해체 위기 기사가 돌며 일정 대부분이 취소되었다 — 경기장 응원마저 취소되어 대신 소개받은 응원 일이 언더 아레나였다"
F1498,사실,77,2024-06-20,event_claymore,1,0,77,0,1,,,,,,77,1,,person:클레이 place:언더_아레나,확정,event_claymore,,"클레이는 예전에 맨손으로 랩쳐와 싸울 수 있는지 몸소 증명해야 하는 스쿼드에 있었는데 결과는 대실패여서 동료들은 폐기 · 다른 스쿼드 이적 · 언더 아레나 매각으로 흩어졌고, 클레이도 언더 아레나에 팔려 '루비'라는 이름으로 싸웠지만 실력도 인기도 없어 쓸모없다는 취급을 받았다"
F1499,사실,77,2024-06-20,event_claymore,0,0,,0,1,,,,,,77,1,,person:클레이 person:베이 place:언더_아레나 concept:인식_칩 place:아우터_림 org:리와인드,확정,event_claymore,,"언더 아레나는 져야 하는 경기에 루비(클레이)를 내보낸 뒤 폐기 비용도 아깝다며 인식 칩을 빼고 등록을 말소해 아우터 림에 버리려 했다 — 그 마지막 경기에서 쓰러진 클레이를 베이가 주목 공포증에도 야유 속에서 끝까지 응원해 클레이가 일어섰고, 클레이는 포기하지 않고 리와인드에 들어가 베이처럼 희망을 주자고 결심했다"
F1500,사실,77,2024-06-20,event_claymore,1,0,77,0,0,,,,,,77,1,,person:클레이 person:머스탱 org:리와인드 org:테트라,확정,event_claymore,,"언더 아레나에서 버려진 클레이는 리와인드에 들어가고 싶다는 마음 하나로 너덜너덜한 모습 그대로 머스탱을 찾아갔고, 머스탱이 소속이 없는 클레이를 도와주어 리와인드에 있을 수 있게 되었다"
F1501,사실,77,2024-06-20,event_claymore,0,0,,0,0,,,,,,77,1,,person:밀크 place:언더_아레나,확정,event_claymore,,"밀크는 언더 아레나에서 '루비'라는 가명으로 싸우는 상위권 선수로, 처음에는 지긋지긋하게 지기만 하다 그것을 원동력 삼아 올라왔다 — '루비'는 패배의 대명사 같은 이름이라 일부러 받았고 이겨서 이미지를 바꾸고 싶었다고 했다"
F1502,사실,77,2024-06-20,event_claymore,0,0,,0,0,,,,,,77,1,,place:언더_아레나 person:마린,확정,event_claymore,,"언더 아레나는 격투 · 배팅 수입이 모자라 승부를 조작한다 — 소속 니케 하나를 어떻게든 에이스로 만든 뒤 지라고 지시해 반대쪽에 걸어 돈을 따고, 다음엔 또 반대로 시소를 타다 에이스가 외면받으면 새 에이스를 만들며, 지시를 어기면 폐기된다 — 에이스 마린도 이번 주 경기를 일부러 지고 있었다"
F1503,사실,77,2024-06-20,event_claymore,0,0,,0,0,,,,,,77,1,,person:밀크 person:마린 person:클레이 person:베이 place:언더_아레나 org:리와인드,확정,event_claymore,,"큰손들이 모인 재대결에서 진심으로 싸운 마린에게 밀리던 밀크는 링 로프를 붙잡고 외친 클레이의 응원에 일어나 백스핀 블로우로 마린을 꺾었고, 짜 놓은 판이 깨진 언더 아레나는 당분간 운영을 중단했다 — 리와인드는 클레이 · 베이 둘의 활동으로 나쁜 소문이 사라지고 팬들이 돌아왔다"
F1504,사실,77,2024-06-20,char:551,2,2,71,0,0,,,,,,77,2,,person:클레이 person:메어리 person:베이 concept:사고_전환,확정,char:551,,"무릎 관절이 아슬아슬해진 클레이가 전처럼 부품 교체를 청하자 메어리는 사고 전환이 쉽게 올 수 있다며 연습을 중지시켰고, 베이는 몰래 연습하러 온 클레이를 경기장 앞에서 막아 오래 함께 뛰고 싶다며 연습을 금지하고 지휘관에게 감시 겸 휴식을 부탁했다"
F1505,사실,77,2024-06-20,char:551,0,0,,0,0,,,,,,77,1,,person:클레이 person:베이 org:리와인드 person:프림 person:엑시아 person:트로니 person:아니스 person:네온,확정,char:551,,"쉴 때도 영상 복습 · 안무 연습 · 체력 단련만 하던 클레이는 프림 · 엑시아 · 트로니 · 아니스 · 네온에게 쉬는 법을 배우다 가장 좋아하는 응원 — 리와인드 공연 영상 보기 — 가 자기만의 휴식법임을 깨달았고, 몇 주 뒤 리와인드는 다시 둘이 되어 복귀 무대를 마쳤다"
F1506,사실,78,2024-07-04,event_beautyfullshot1,0,0,,0,0,,,,,,78,1,,person:사쿠라 person:로산나 person:목단 org:세이메이카이 org:헤도니아 org:언더월드_퀸,확정,event_beautyfullshot1,,"방주 시내에서 최신식 무기로 난동을 부린 무장 집단을 사쿠라 · 로산나가 부하들을 시켜 쓸어버렸는데(사망 · 중상 없음), 현장 기자가 몰래 찍은 사진으로 두 사람이 세이메이카이 · 헤도니아 수장으로 짐작되어 폭력조직 간 다툼이라는 보도가 났다"
F1507,사실,78,2024-07-04,event_beautyfullshot1,0,0,,0,0,,,,,,78,1,,person:머스탱 person:사쿠라 person:로산나 item:아모르_테트라 org:언더월드_퀸,확정,event_beautyfullshot1,,머스탱에 따르면 대중은 진위와 상관없이 과장된 이야기를 퍼뜨려 진실로 만들고 그 정보가 일부 강경한 이들을 행동하게 하므로 숨을 수도 맞설 수도 없다 — 그래서 사쿠라 · 로산나가 지상 해변에서 머스탱의 잡지 아모르 테트라의 화보를 찍어 방주에서 몸을 피하고 헛소문을 덮게 했다
F1508,사실,78,2024-07-04,event_beautyfullshot1,0,0,,0,0,,,,,,78,1,,person:바이퍼 person:자칼 person:길티 person:메이든 person:목단 person:머스탱 person:잉그리드 org:카운터스 person:메어리 item:아모르_테트라,확정,event_beautyfullshot1,,"화보 촬영에는 지휘관 · 카운터스 · 메어리와 함께, 아모르 테트라 첫 호 표지 모델인 바이퍼가 촬영 지도로 · 자칼이 보조로, 길티가 싸움을 말릴 물리력으로, 메이든이 '안전요원'(실은 머스탱이 잉그리드에게 부탁한 길티 제어 · 두 보스 감시 · 지휘관 호위)으로 동행했고, 목단은 언더월드 퀸 임시 통합 보스로 남았다"
F1509,사실,78,2024-07-04,event_beautyfullshot1,0,0,,0,0,,,,,,78,1,,person:라피 person:아니스 person:네온 person:메어리 person:머스탱 place:코랄_아일랜드 place:방주,확정,event_beautyfullshot1,,"라피 · 아니스 · 네온 · 메어리는 머스탱의 따로 받은 부탁으로 코랄 아일랜드가 방주가 없어지는 최악의 경우 인간이 살 만한 곳인지 조사했다 — 독충 · 독초가 없고 과일은 먹을 수 있으며 섬이 다 잠기지 않고 위험한 물고기도 적고 약초가 있으며 바다라 랩쳐에게서 비교적 안전해, 인구 백여 명으로 한정되지만 살아갈 수 있다고 보고했다"
F1510,사실,78,2024-07-04,event_beautyfullshot1,0,0,,0,0,,,,,,78,1,,person:사쿠라 person:메이든 person:라피 place:코랄_아일랜드,확정,event_beautyfullshot1,,"사쿠라는 '과거 지상에서는 분홍 돌고래와 사진을 찍으면 원하는 사랑이 이루어진다는 전설이 있었다'는 패션잡지 기사를 보고 섬에서 분홍 돌고래를 찾았고, 메이든이 게임에서 얻은 레시피대로 만든 스페셜 미끼로 실제로 분홍 돌고래 떼를 불러냈다 — 라피에 따르면 분홍 돌고래는 하루에 한 번 섬 근처를 지난다"
F1511,사실,78,2024-07-04,event_beautyfullshot1,0,0,,0,0,,,,,,78,1,,person:사쿠라 person:지휘관,확정,event_beautyfullshot1,,사쿠라는 어두워지면 길이 잠기는 크라켄 모양 바위섬에서 물이 무릎까지인 것을 알면서도 '조난'했다며 지휘관과 단둘이 하룻밤을 보냈다 — 보는 눈도 듣는 귀도 없으니 마음 가는 대로 하겠다며 입을 맞추고 '여기(가슴)만은 이 사쿠라만의 것'이라 했다
F1512,사실,78,2024-07-04,event_beautyfullshot1,0,0,,0,0,,,,,,78,1,,person:사쿠라 org:세이메이카이,확정,event_beautyfullshot1,,"사쿠라의 아버지는 세이메이카이 선대 당주로, 방주의 기술로도 고칠 수 없는 병에 걸리자 안팎에서 후계를 노린 중상모략이 일었고 다른 자식들은 모두 치기로 목숨을 버렸다 — 연약한 소녀였던 사쿠라는 당주가 눈을 감은 날 품의 은장도로 스스로 찔러 니케가 되었고, 침입자들을 물리쳐 선대의 부하들에게 충성을 받았다"
F1513,사실,78,2024-07-04,event_beautyfullshot1,1,0,78,0,1,,,,,,94,2,,person:사쿠라 person:지휘관 org:세이메이카이,확정,event_beautyfullshot1,,"사쿠라는 검은 쪽(조직)의 자신과 회색인 지휘관 사이에서 조직을 부숴서라도 지휘관을 갖고 싶어 흔들리지만, 조직과 지휘관을 모두 가질 방법을 찾을 때까지 기다리겠다며 그 확신이 드는 날 지휘관을 지아비로 맞이하겠다고 했다"
F1514,사실,78,2024-07-04,event_beautyfullshot1,0,0,,0,0,,,,,,78,1,,person:바이퍼 org:이그조틱 org:중앙_정부 place:아우터_림 org:언더월드_퀸,확정,event_beautyfullshot1,,"바이퍼에 따르면 이그조틱은 아우터 림에 상주하며 정보를 모아 중앙 정부에 보고하고 방주에 위협이 되지 않게, 아우터 림이 무너지지 않게 조율하는 일이다 — 바이퍼는 살아남으려 속이고 이간질하고 배신하다 '독사'라 불리게 되었고, 목의 초커는 제대로 안 하면 터뜨린다고 중앙 정부가 채운 족쇄라 선택권이 없었으며, 언더월드 퀸을 동경하다 질투하게 되었다"
F1515,사실,78,2024-07-04,event_beautyfullshot1,0,0,,0,0,,,,,,78,1,,person:로산나 org:헤도니아 org:언더월드_퀸,확정,event_beautyfullshot1,,"로산나는 인간일 때 조직의 히트맨으로 보스의 눈에 들려 더러운 일을 도맡았는데, 손을 씻으려던 날 보스가 자기를 제치려 세력을 키운다고 착각해 총격을 받고 니케가 되었다 — 언더월드 퀸이 된 뒤 원래 조직을 쓸어버리고 쓸쓸했으며, 헤도니아의 보스로 방주의 어둠을 지우기만 하고 남기는 것이 없었다고 했다"
F1516,사실,78,2024-07-04,event_beautyfullshot1,0,0,,0,0,,,,,,78,1,,person:바이퍼 person:로산나 person:자칼,확정,event_beautyfullshot1,,로산나에게 덤볐다 쓰러진 바이퍼는 '유일하게 내 것'이던 핸드폰이 부서져 밤새 울었고 — 바이퍼는 사진이 시간을 멈춰 찍을수록 진짜 내 것이 많아진다고 자칼에게 말해 왔다 — 로산나는 대가 없는 도움이라며 자기 핸드폰을 주고 서핑 · 보트 운전을 가르쳤다
F1517,사실,78,2024-07-04,event_beautyfullshot1,0,0,,0,0,,,,,,78,1,,person:길티 person:메이든 person:신 person:퀀시,확정,event_beautyfullshot1,,"길티는 만지는 것이 다 부서져 만지기가 무섭고, 같은 스쿼드인 신 · 퀀시도 친구라 부를 수 없어 친구가 없다고 했다 — 메이든은 자기는 길티보다 강해 부서지지 않는다며, 직업상 친구를 만들기 어렵지만 친구가 되었다"
F1518,사실,78,2024-07-04,event_beautyfullshot1,0,0,,0,0,,,,,,78,1,,concept:크라켄 person:메이든 person:길티 person:자칼 person:바이퍼 person:사쿠라 person:로산나 person:라피,확정,event_beautyfullshot1,,"메이든 · 길티의 낚싯대에 섬으로 다가오는 황금색 크라켄이 걸렸다 — 이전에 잡은 것과 다른 개체로, 외부 장갑이 터무니없이 약했고 금빛은 이끼 · 플랑크톤 같은 것이었으며, 길티 · 자칼이 장갑을 뜯고 바이퍼가 폭탄으로 만든 로산나의 핸드폰을 사쿠라가 쏘아 코어를 없앴고 마지막 강철 가시는 메이든의 [정지]로 막았다"
F1519,사실,78,2024-07-04,event_beautyfullshot1,0,0,,0,0,,,,,,78,1,,person:머스탱 item:아모르_테트라 org:언더월드_퀸 person:사쿠라 person:로산나,확정,event_beautyfullshot1,,화보가 실린 아모르 테트라가 날개 돋친 듯 팔려 언더월드 퀸이 갱스터라는 추측은 사라지고 '지상에서 희귀 동물을 연구하는 소녀들'이라는 이미지가 되었다 — 머스탱은 이를 더 자극적인 다른 이슈로 또 덮어 얼굴 노출도 곧 잊히게 하겠다고 했다
F1520,사실,78,2024-07-04,char:284,0,0,,0,0,,,,,,78,1,,person:사쿠라 person:지휘관 org:세이메이카이,확정,char:284,,"화보 촬영 섬에서 사쿠라는 지휘관이 온전히 자기 것이 되면 세이메이카이 저택 말고 둘이 살 거처(저택을 완전히 떠나지는 못한다)로 '꿈의 집'을 모래로 지었고, 거듭 무너지고 비바람에 휩쓸린 뒤에도 지휘관과 남은 분수대 · 인형으로 작은 모래성을 다시 쌓아 사진으로 남겼다"
F1521,사실,79,2024-07-11,char:283,0,0,,0,0,,,,,,79,1,,person:로산나 place:방주,확정,char:283,,"로산나는 인간일 때 조직원으로 동료들과의 내기에 보트 운전면허를 바로 땄고(온갖 면허를 시뮬레이션 룸에서 땄다), 서핑은 예전부터 흥미가 있어 방주의 수영장 · 파도풀에서 몰래 연습했다 — 진짜 바다는 이번이 처음이며 아무에게도 한 적 없는 이야기라 지휘관과의 비밀로 했다"
F1522,사실,79,2024-07-11,char:283,0,0,,0,0,,,,,,79,1,,person:로산나 place:방주,확정,char:283,,"로산나는 방주에서 보는 석양이 더 정교한데도 지상의 석양에 마음이 간다며, 처음엔 지상의 호사가 불쾌하고 거부감이 들었지만 익숙해질수록 머물고 싶은 마음과 피비린내 나는 일상 · 지켜야 할 사람이 있는 방주로 빨리 돌아가야 한다는 이성이 부딪힌다고 털어놓았다"
F1523,사실,80,2024-07-25,ch31,0,0,,1,0,,,,,,91,2,,person:아나키오르 person:그레이브 person:라피 person:시프티 concept:헬레틱,확정,event_oldtales1,앞당김,"라피는 그레이브의 관 속 것이 헬레틱 아나키오르이고 그레이브의 목적은 그 부활이라고 보았다 — 시프티의 자료로 아나키오르는 최초의 헬레틱으로 기록되어 있고 격추 기록 말고는 없으며, 100년도 더 된 자료다"
F1524,사실,80,2024-07-25,ch31,0,0,,0,1,,,,,,91,2,,person:라피 person:레드_후드 person:아나키오르 person:지휘관 person:그레이브,확정,ch31,,"라피는 아나키오르를 아는 까닭이 레드 후드의 기억이라며, 레드 후드가 아나키오르와 조우했던 듯 강렬한 기억 · 체험과 분노가 흘러들었다고 했다 — 100년 전 개체라 로스트 테크놀로지를 지녔을 수 있어 감당 못 하니 파괴하자 했지만, 지휘관은 그레이브 추적까지만 목표로 정했다"
F1525,사실,80,2024-07-25,ch31,0,0,,0,0,,,,,,80,1,,concept:E2_크리스탈 org:중앙_정부 item:하모니_큐브 item:A_필러 concept:로스트_섹터 person:마나,확정,ch31,,"중앙 정부는 수정을 [E2 크리스탈]로 부르며 방주에 매우 치명적이라 리스크 레벨 SS(헬레틱은 S)로 정하고 섬멸하기로 했다 — 노후한 하모니 큐브의 '방주를 만들기 위한 연산' 기능을 제어해, 수정의 천적인 유리로 된 방주 기초 구조물(로스트 섹터)을 A 필러를 박은 곳마다 덮어씌워 수정을 밀어내는 작전이다"
F1526,사실,80,2024-07-25,ch31,0,0,,0,0,,,,,,80,1,,item:A_필러 item:하모니_큐브 concept:로스트_섹터 person:마나 person:은화,확정,ch31,,"A 필러는 하모니 큐브의 일부로 만든 기둥(유사 하모니 큐브)으로, 은화가 놓은 원반(가이드 시그널)으로 날아와 박히면 땅을 뚫고 유리 블록이 솟아 수정을 부수고 로스트 섹터가 되며 설치할수록 하모니 큐브의 연산력이 오른다 — 물리 · 에너지 법칙을 따르지 않는 듯해 원리는 극비이고, 은화는 누구나 알면 테러에 쓰기 그만이라 했다"
F1527,사실,80,2024-07-25,ch31,0,0,,0,0,,,,,,80,1,,org:앱솔루트 org:카운터스 org:메티스 concept:헬레틱 concept:E2_크리스탈,확정,ch31,,"필그림 · 헬레틱과의 조우율이 높고 지적생명체의 흔적이 있어 헬레틱이 있는 것은 기정사실이라, 모든 것이 불명인 헬레틱에 대비해 교전 경험이 있는 앱솔루트 · 카운터스가 추려졌다 — 메티스는 주 무장과 동력이 전기 하이브리드라 수정에 먹이를 주는 셈이어서 올 수 없다"
F1528,사실,80,2024-07-25,ch31,0,0,,0,0,,,,,,80,1,,person:잉그리드 org:앱솔루트 person:라피 person:레드_후드,확정,ch31,,잉그리드는 앱솔루트가 알아야 한다며 라피에게 무슨 일이 있었는지 · 어떤 비밀(레드 후드)을 지녔는지 앱솔루트에게 알려 주었다
F1529,사실,80,2024-07-25,ch31,0,0,,1,0,,,,,,119,2,,person:라피 org:앱솔루트 person:은화 person:엠마 person:베스티,확정,ch31,,"엠마에 따르면 라피는 앱솔루트 창설 직후 합류해 엘리시온 최강 스쿼드로 교범을 몇 번이나 개정시켰지만 어느 날 아무 전조도 말도 없이 서면으로 탈퇴했다 — 라피를 최고의 파트너로 여겨 함께라면 지상 탈환도 꿈이 아니라던 은화는 몇 번이나 찾아갔지만 라피는 미안해서 피해 다녔고, 미안하다고 말한 적도 없다"
F1530,사실,80,2024-07-25,ch31,0,0,,1,0,,,,,,81,2,,item:A_필러 item:하모니_큐브 person:마나 person:그레이브 person:라피,확정,ch31,,"A 필러를 설치해도 하모니 큐브의 연산 속도가 예상만큼 오르지 않았는데, 기기 결함은 없어 마나는 데이터 하이재킹으로 보았고 — 라피는 그레이브라 짐작했다 — 두 번째 시도를 역추적한 좌표 근처에서 수많은 기계 장치 사이에 관을 두고 선 그레이브를 찾았다"
F1531,사실,80,2024-07-25,ch31,0,0,,0,0,,,,,,80,1,,person:그레이브 person:베히모스 org:포비스트 person:라피 person:은화 person:시프티 person:신데렐라,확정,ch31,,"은화의 저격에 다리를 맞은 그레이브는 경고만 하다 '빼앗길 바엔 내 손으로', '미안하다, 신데…'라며 자폭하려 했는데, 헬레틱 베히모스(그레이브는 '포비스트'라 부름)가 나타나 등의 집게로 그레이브 · 라피를 쓰러뜨리고 관을 소중한 것처럼 집어 '드디어'라며 가져갔다 — 시프티의 센서에는 아무 반응도 없었다"
F1532,사실,80,2024-07-25,ch31,0,0,,0,0,,,,,,80,1,,person:베히모스 person:그레이브 person:아나키오르 concept:E2_크리스탈 concept:침식,확정,ch31,,"베히모스는 함부로 열면 '대선배님'이 죽는 관을 열면 살려 주겠다며 아무도 알아주지 않는 이야기 고쳐 쓰기는 그만두라 했고, 그레이브는 '아무도 알아주지 않아서 한다, 모두가 알아야 하니 모두 지우고 다시 쓴다'고 맞섰다 — 베히모스는 그 무기도 네 것이 아니고 너는 남의 것을 맡아 둘 뿐이라 했다"
F1533,사실,80,2024-07-25,ch31,0,0,,0,1,,,,,,102,2,J11,person:베히모스 org:포비스트 person:아나키오르 concept:헬레틱 concept:E2_크리스탈 place:수정_지역,확정,ch31,,"베히모스는 자기가 헬레틱이자 이곳(수정 지역)의 주인 — '나의 정원' — 이고, 관 속 아나키오르는 '우리의 시초, 최초의 융합체, 기원이자 전설, 대선배님'이라 했다 — 자기 포함 헬레틱 넷을 [포비스트]라 이름 붙였고 지금 하는 일에 대선배님이 필요하다며, 수정은 자기들이 반쯤 우연으로 만들었다고 했다"
F1534,사실,80,2024-07-25,ch31,0,0,,0,0,,,,,,80,1,,person:베히모스 person:지휘관 item:A_필러 person:은화 person:베스티 org:카운터스,확정,ch31,,"베히모스의 몸에는 말도 안 되는 방어력의 원인으로 보이는 검은 액체가 흘렀는데, 지휘관은 그것이 없는 복부를 노리게 하고 은화의 원반을 수정 틈에 던져 A 필러 3기를 떨어뜨려 일행을 둘러싼 수정을 밀어냈고 — 아니스 · 네온 · 라피 · 베스티의 공격이 먹히고 은화가 집게 관절을 쏘아 멈춘 사이 — 의식을 잃은 그레이브와 관을 확보해 이탈했다"
F1535,사실,80,2024-07-25,ch31,0,0,,0,0,,,,,,80,1,,concept:크리스탈_체임버 item:하모니_큐브 person:마나,확정,ch31,,마나에 따르면 하모니 큐브의 연산량이 많아져 전자파를 많이 내는 탓에 크리스탈 체임버가 작전 기지로 다가오고 있다
F1536,사실,80,2024-07-25,ch31,0,0,,0,0,,,,,,80,1,J12,person:그레이브 person:마나 concept:니케 person:지휘관,확정,ch31,,"그레이브를 수리한 마나에 따르면 그레이브의 바디는 거의 초기 모델인 양산형 니케로 100년 이상 지났다 — 양산형도 그만큼 살 수 있음이 처음 확인되었고, 노화된 언어 회로를 마나가 바꾸자 그레이브는 끊김 없이 말하게 되었다 — 관과 상자는 시큐리티 레벨이 낮아 바로 열 수 있지만 지휘관은 열지 않게 했다"
F1537,사실,80,2024-07-25,ch31,0,0,,0,0,,,,,,80,1,,person:라피 person:지휘관 person:레드_후드 person:아나키오르 person:그레이브,확정,ch31,,"지휘관은 아나키오르에 대한 라피의 분노가 레드 후드의 기억 · 감정을 자기 것으로 착각한 것 아니냐 — 세월이 지나 마리안처럼 돌아왔을지도 모른다 — 고 물었고, 라피는 부상을 입고도 관을 되찾으러 간 그레이브가 너무 맹목적이고 순수해 보였고 먼저 방아쇠를 당긴 것도 자기였다며, 먼저 공격받지 않으면 싸우지 않고 오해였다면 사과하겠다고 했다"
F1538,사실,80,2024-07-25,relic:말뚝프로젝트보고서,1,0,80,0,0,,,,,,80,2,,item:A_필러,확정,relic:말뚝프로젝트보고서,,"말뚝 프로젝트 보고서에 따르면 좌표 지정용 원반은 휴대가 쉽고 여러 지형에서 버티도록 납작하게 만들었고, 원반 좌표로 쏜 테스트 말뚝이 세 번 모두 조종 실수로 빗나가 연구원 셋이 다쳐 말뚝 조종이 오퍼레이터 필수 교육 과정으로 제안되었다"
F1539,사실,80,2024-07-25,relic:말뚝프로젝트보고서,0,0,,0,0,,,,,,80,1,,item:A_필러 concept:로스트_섹터,확정,relic:말뚝프로젝트보고서,,"말뚝의 지상 최종 테스트에서 사막은 재료 부족과 랩쳐 습격으로 구축이 불가했고, 양분이 풍부한 숲도 단순 유기물만으로는 재료가 모자라 중단되었지만, 무너진 도시에서는 재료가 풍부해 구축에 성공했다"
F1540,사실,81,2024-07-25,ch32,1,1,80,0,0,,,,,,81,2,,person:라피 person:레드_후드 person:그레이브,확정,ch32,,"라피는 레드 후드가 자기의 이상향이라 이어받으려 했지만 자기는 레드 후드와 다른 존재라 그 사명을 가질 수 없음을 알고 포기했다고 그레이브에게 털어놓았고, 100년 넘게 사명을 포기하지 않은 그레이브를 부럽다고 했다"
F1541,사실,81,2024-07-25,ch32,1,1,55,0,1,,,,,,138,3,,person:레드_후드 person:그레이브 person:지휘관 person:신데렐라 person:퀸,확정,ch32,,"지휘관이 얼마 전 만난 레드 후드의 영상 유언 — '니들 아직 퀸 잡으러 100년 동안 돌아다닌다며? 물려주고 은퇴해, 나는 좋은 녀석을 만나 물려주고 쉰다' — 을 보여 주자 그레이브는 레드 후드가 뒤를 맡긴 이들이라며 받아들였고, 그때의 너무나 아름다웠던 모습을 다시 보고 싶다며 신데렐라를 만나게 도와 달라고 했다"
F1542,사실,81,2024-07-25,ch32,2,2,80,0,0,,,,,,81,2,,person:신데렐라 person:그레이브 item:유리_구두 concept:언체인드 item:하모니_큐브,확정,ch32,,"그레이브에 따르면 신데렐라는 언체인드로 고쳐 이제 헬레틱이 아니지만, 과거 싸움에서 죽은 것과 다름없는 부상으로 정신을 잃었다 — 유리 구두에 심어 둔 부활 코드를 신데렐라와 링크하면 깨어나는데, 몸이 다쳐 링크할 수 없어 부품 · 재료를 모으고 하모니 큐브의 연산을 훔쳐 관의 치료 능력을 높였고, 이제 몸은 완전 회복 직전이다"
F1543,사실,81,2024-07-25,ch32,1,1,80,1,0,,,,,,91,3,,person:신데렐라 person:그레이브 item:유리_구두 concept:E2_크리스탈 concept:헬레틱 person:니힐리스타,확정,erelic:old_tales_dialog,앞당김,"신데렐라의 외피는 유리 구두와 같은 특수 재질이라 수정에 오염되지 않는데, 헬레틱끼리는 서로를 느낄 수 있어 몇 번 들켜 빼앗길 뻔하고 '화룡'(니힐리스타)에게 빼앗겼다 되찾은 적도 있어, 약한 그레이브는 기억나지 않을 만큼 오래전부터 신데렐라를 수정 속에 숨겨 두었다"
F1544,사실,81,2024-07-25,ch32,0,0,,0,2,,,,,,119,3,,person:베스티 person:은화 person:라피 org:앱솔루트 person:엠마,확정,ch32,,"베스티에 따르면 라피가 말없이 떠난 뒤 은화는 '예전에는 좋았다'는 옛날 이야기만 하며 계속 화가 나 있고, 앱솔루트는 강해졌지만 셋의 사이는 좋아지지도 나빠지지도 않고 멈춰 있다 — 베스티는 은화와 말싸움을 이기려 애써 왔다며 라피에게 앞으로 걸어갈 수 있게 도와 달라고 했다"
F1545,사실,81,2024-07-25,ch32,1,1,80,0,1,,,,,,90,3,J12,person:그레이브 item:세븐스_드워프 person:스노우_화이트 person:신데렐라 org:갓데스,확정,ch32,,"그레이브는 스노우 화이트의 무기 세븐스 드워프를 맡아 두고 있을 뿐이며 만난 적도 없는 그녀에게 만나서 돌려줘야 한다고 했다 — 갓데스와 만나고 싶어 하면서도, 신데렐라가 오래전 갓데스와 싸워 사이가 좋지 않으니 만나면 안 된다고 했다"
F1546,사실,81,2024-07-25,ch32,0,0,,0,7,,,,,,119,7,,person:베히모스 person:은화 person:라피 org:포비스트 concept:E2_크리스탈,확정,ch32,,"베히모스는 3km 떨어진 빌딩에서 한 번에 뛰어들어 은화의 몸에 수정 가시를 심어 '식량'으로 굳히고 집게 한 번에 일행을 쓸어 레드 후드를 쓴 라피까지 쓰러뜨린 뒤 관을 가져갔다 — 안 죽이는 까닭은 외로워서로, 헬레틱 넷뿐이라 늘 같은 얘기만 하고 '대화는 진화의 초석'이라 대화가 필요하다고 했다"
F1547,사실,81,2024-07-25,ch32,0,0,,0,0,,,,,,81,1,,person:지휘관 person:시프티 person:그레이브,확정,ch32,,"모두 기절한 뒤 지휘관은 시프티가 사람이 들 수 없다는 니케의 전투용 바디 — 라피부터 일곱 기 — 를 직접 들어 50m 떨어진 유리 건물로 옮겼고, 깨어난 그레이브가 도왔다"
F1548,사실,81,2024-07-25,ch32,1,1,80,0,0,,,,,,81,2,,person:신데렐라 person:그레이브,확정,ch32,,"그레이브에 따르면 오래 잠든 신데렐라는 뇌 활동이 극도로 억제되어 깨어나면 백지상태라 무엇이든 될 수 있다 — 그래서 관을 강제로 열면 신데렐라가 죽게 해 두었고 관은 그레이브만 열 수 있으며, 다시 그런 일이 일어나선 안 된다고 했다 — 예전 그대로라면 신데렐라는 누구에게도 지지 않는다"
F1549,사실,81,2024-07-25,ch32,0,0,,0,0,,,,,,81,1,,item:A_필러 item:하모니_큐브 concept:로스트_섹터 person:베히모스 person:마나,확정,ch32,,"반영구적이어야 할 방주 기초 구조물 지역이 누군가(베히모스)의 인위적 수정 확장으로 다시 수정에 밀려나 A 필러 작전이 일시 중지되었고, 많은 A 필러로 부하가 걸린 하모니 큐브는 수명이 다해 가 A 필러를 둘에서 셋만 더 쓸 수 있다 — 마나는 남은 것을 베히모스 공략에 쓰라 했다"
F1550,사실,81,2024-07-25,ch32,0,0,,0,0,,,,,,81,1,,person:베히모스 person:레비아탄 place:에덴 concept:E2_크리스탈 place:수정_지역,확정,ch32,,"베히모스는 관을 이 근처 수정 속에서 찾았다고 레비아탄에게 알렸다가, 지루해 '산책'으로 에덴에 가 '인사'를 하고 온 것을 들켰다 — 레비아탄은 땅굴과 가장 가까운 이곳에서 무슨 일이든 가장 먼저 일어날 테니 잘 지키라고 베히모스에게 맡기고 귀한 수정까지 심어 두었다며 화를 냈다"
F1551,사실,81,2024-07-25,ch32,0,0,,0,0,,,,,,81,1,J10,person:레비아탄 person:베히모스 person:아나키오르 org:포비스트,확정,ch32,,"레비아탄은 '우리에게 필요한 건 그것(아나키오르)의 몸이지 그것이 아니다, 죽어도 쓸 수 있다'며 관을 그냥 열라 했고, 구식 중의 구식을 끼워 줄 생각은 없다며 직접 헤엄쳐 와서 열 테니 열지 말고 기다리라 했다 — 베히모스는 대선배님에게 배우거나 식구가 늘기를 바랐다"
F1552,사실,81,2024-07-25,ch32,0,0,,0,1,,,,,,81,2,,person:베히모스 person:그레이브 person:신데렐라 item:유리_구두 person:아나키오르,확정,ch32,,"유리 구두가 있는 곳 앞의 꽃길 같은 수정 길은 베히모스가 원하는 모양이 나올 때까지 만들고 부수며 꾸민 것이다 — 그레이브는 베히모스가 자주 자리를 비울 때 몰래 와서 신데렐라를 깨우려 애썼고, 신데렐라가 아직 아나키오르라면 자기만 아는 약점으로 반드시 직접 죽이겠다고 했다"
F1553,사실,81,2024-07-25,ch32,0,0,,0,1,,,,,,81,2,,item:유리_구두 person:베히모스 concept:E2_크리스탈 item:하모니_큐브 person:신데렐라,확정,ch32,,"유리 구두는 신발이 아니라 주위가 그대로 비치는 거대한 방패 넷으로, 주인이 아니면 공격하는데 베히모스가 하모니 큐브 조각을 수정에 먹여 덮어씌워 '인형놀이'하듯 움직이고 있었다 — 유리 구두와 신데렐라는 결코 더러워지지 않아 수정을 떼어 내자 무사했다"
F1554,사실,81,2024-07-25,ch32,0,0,,0,0,,,,,,81,1,,person:그레이브 person:베히모스 person:신데렐라 person:아나키오르 item:유리_구두 person:베스티 person:지휘관,확정,ch32,,"그레이브는 유리 구두와 싸우는 틈에 신데렐라를 관에서 꺼내 수정 속에 두고 빈 관으로 베히모스를 속였고, 지휘관이 수정에 배를 뚫리고 앱솔루트의 저격 · 몸의 반을 잃은 베스티의 근접 폭격으로 시간을 버는 사이 유리 구두와 링크했지만 신데렐라는 깨어나지 않았다 — 베히모스가 수정을 깨자 깨어난 신데렐라는 '아나키오르'라는 말에 그것이 자기 이름이라 했다"
F1555,사실,81,2024-07-25,ch32,1,1,80,0,1,,,,,,91,3,,person:지휘관 person:베히모스 concept:언체인드 concept:다크_매터 person:세실,확정,ch32,,"지휘관은 피를 니케에게 묻히면 무슨 일이 날지 모른다는 세실의 말을 떠올리며 피 묻은 주먹으로 베히모스를 쳤고, 동료가 되라던 베히모스는 '다크 매터가 멋대로'라며 괴로워했다 — 뒤에 몸의 검은 액체가 일대를 덮을 만큼 커져 폭주했고, 지휘관은 언체인드의 효과 · 부작용으로 보았다"
F1556,사실,81,2024-07-25,ch32,0,0,,0,0,,,,,,81,1,,person:그레이브 person:신데렐라 person:베히모스 item:유리_구두 person:지휘관,확정,ch32,,"포기하려던 그레이브는 지휘관의 외침에 신데렐라를 부르며 부서지고 녹아내린 얼굴을 보였고, 신데렐라는 그 얼굴을 어루만지며 울고 '너는 여전히 아름답구나, 나를 지켜 줬구나'라며 그를 '내 최고의 관객'이라 불렀다 — '인류의 적을 쓰러뜨려 달라, 나의 승리의 여신이여'라는 말에 신데렐라는 이야기를 다시 이어 쓰겠다며 베히모스에 맞섰다"
F1557,사실,81,2024-07-25,ch32,0,0,,0,2,,,,,,119,2,,person:신데렐라 person:베히모스 org:앱솔루트 person:베스티 person:은화 person:엠마 person:그레이브 person:지휘관,확정,ch32,,"신데렐라가 베히모스를 압도하지 못하던 중 베히모스의 폭주로 일행은 달아났다 — 베스티는 몸이 대파되고 은화는 수정에 많이 먹혔지만 동력을 극도로 억제해 바디 교체로 고칠 수 있고 엠마도 크게 다쳐 앱솔루트는 사실상 리타이어했으며, 그레이브도 양산형 바디라 고칠 수 있다 — 배가 뚫린 지휘관은 몇 시간 만에 이상할 만큼 빨리 회복했다"
F1558,사실,81,2024-07-25,ch32,1,1,80,0,1,,,,,,91,3,,person:신데렐라 person:지휘관,확정,ch32,,"신데렐라는 유리 구두를 찾아 주고 깨워 준 지휘관을 '왕자님'이라 부르고, 구해 준 이들에게 은혜를 갚는 것이 아름답다며 오래전에 했어야 할 일인 지상 탈환에 합류했다 — 늘 아름다워야 한다며 주둔지에 100m마다 전신 거울을 달라고 했다"
F1559,사실,81,2024-07-25,ch32,4,4,5,0,3,,,,,,119,7,J2,person:라피 person:은화 person:레드_후드 org:앱솔루트,확정,ch32,,"라피는 은화에게 말없이 떠난 것을 사과하며, 레드 후드의 마지막을 지켜보고 사명을 이어받았다고 여겨 동료가 생기자 레드 후드에 가까워졌다고 믿었지만, 자기 유탄에 인간이 죽었을 때 경위서부터 걱정한 자신이 껍데기만 흉내 냈음을 알았고 — '나는 무엇으로 보이는가'에 답을 못 찾은 채 — 그 흉내놀이에 앱솔루트를 이용한 것 같아 미안해 떠났다고 했다"
F1560,사실,81,2024-07-25,ch32,0,0,,0,0,,,,,,81,1,,person:은화 person:라피 person:엠마 org:앱솔루트 person:잉그리드,확정,ch32,,"은화는 라피에게 삼류 스쿼드와 평생 어울리라면서도 '또 보자, 라피'라 하고, 라피의 자리를 비워 두려고 미뤄 온 잉그리드의 [택티컬 업] 플랜을 이제 가동하겠다고 했다 — 엠마는 '완벽한 최강이 되자, 우리 셋이서'라 했다"
F1561,사실,81,2024-07-25,sub:관짝이_00,0,0,,0,0,,,,,,81,1,,person:그레이브 person:관짝이 person:신데렐라 person:아니스 person:네온 person:라피,확정,sub:관짝이_00,,"그레이브는 메신저 대화명을 '관짝이'로 했다 — 신데렐라가 관을 지고 다니는 모습이 반짝거린다고 해서다 — 개인적인 부탁은 다른 계정으로 하고 끝나면 보답은 필수라고 아니스 · 네온이 가르쳤고, 라피가 신데렐라와 함께해야 하니 혼자 다니면 위험하다 해 지휘관에게 동행을 부탁했다"
F1562,사실,81,2024-07-25,sub:관짝이_00,0,0,,0,0,,,,,,81,1,J12,person:그레이브 person:신데렐라 person:베히모스 place:수정_지역,확정,sub:관짝이_00,,"그레이브의 장비는 카운터스가 해머링 · 리버린 · 일레그와 보았던, 신데렐라를 숨겨 둔 깨진 수정을 둘러싼 의료 기계들이다 — 바디의 반 이상이 부서지고 뇌만 무사하던 신데렐라를 고치려 그레이브가 베히모스 몰래 지상 곳곳에서 하나씩 날라 왔고, 쓸 줄 모르는 것도 써 가며 익혀 오직 그녀를 고치는 것만 연구했다"
F1563,사실,81,2024-07-25,sub:관짝이_00,1,1,73,0,2,,,,,,101,4,J12,person:그레이브 person:신데렐라 person:아나키오르,확정,sub:관짝이_00,,"그레이브는 그토록 애쓴 까닭을 신데렐라를 다시 만나고 싶었고 그녀의 오명을 다시 쓰고 싶었기 때문이라 했다 — 오랜 시간 잊혀져 퇴색된 그녀의 이야기를 다시 쓰는 순간을 기다려 왔고, 베히모스가 아나키오르라 불렀을 때 포기했다면 지금이 없었을 것이라 했다"
F1564,사실,81,2024-07-25,sub:거울_공주_00,0,0,,0,0,,,,,,81,1,,person:신데렐라 person:거울_공주 person:지휘관 person:그레이브 concept:E2_크리스탈 place:수정_지역,확정,sub:거울_공주_00,,"신데렐라는 메신저 대화명 '거울 공주'로 지휘관을 '왕자님'이라 부르며, 아니스 · 네온에게 부탁한 거울이 하나도 오지 않자 그레이브가 알려 준 수정 지역의 '진짜 수정' — 안에 회로가 없고 전기가 통하지 않는 평범한 광석 — 을 거울 대용으로 가지러 갔다 — 특수한 수정이 악영향을 준다는 것은 알고 있었다"
F1565,사실,81,2024-07-25,sub:거울_공주_00,0,0,,0,0,,,,,,81,1,,person:신데렐라 person:아나키오르 org:갓데스 concept:침식,확정,sub:거울_공주_00,,"신데렐라는 헬레틱(아나키오르)이었을 때 무슨 생각으로 누구와 싸우고 누구를 다치게 했는지 생생히 기억한다 — 그때는 갓데스와 싸우며 모두 죽이는 것이 그들을 기쁘게 하고 구원하는 길이라 믿었고, 침식 탓이라 해도 한 일은 사라지지 않으니 계속 거울로 확인하며 더 아름다워져야 한다고 했다"
F1566,사실,81,2024-07-25,sub:거울_공주_00,0,0,,0,0,,,,,,81,1,,person:신데렐라 person:지휘관 person:아나키오르,확정,sub:거울_공주_00,,"헬레틱이었던 자기를 쉽게 믿느냐는 신데렐라에게 지휘관은 '지금은 아나키오르가 아니라 신데렐라'라 했고, 신데렐라는 그렇게 간단히 믿어 주는 것이 조금 기쁘다고 혼잣말했다 — 지휘관이 '이야기는 예전보다 더 아름답게 다시 쓰일 것'이라 하자 한동안 답하지 못하다 진심으로 고맙다고 했다"
F1567,사실,81,2024-07-25,sub:관짝이_01,0,0,,0,0,,,,,,81,1,,person:그레이브 person:신데렐라 concept:콜드_슬립 person:베히모스 place:수정_지역,확정,sub:관짝이_01,,"그레이브의 관은 콜드 슬립 장치로, 바디가 많이 망가진 신데렐라를 치료하려면 지상 곳곳을 돌아다녀야 했는데 그냥 데리고 다니면 뇌사하므로 관에 넣어 짊어졌다 — 베히모스의 집게가 관의 주요 동력 장치를 다 부숴, 그레이브는 오래된 관과 맞는 구형 부품을 문명이 닿지 않은 수정 지역에서 찾아 고쳤다"
F1568,사실,81,2024-07-25,sub:관짝이_01,0,0,,0,0,,,,,,81,1,,person:그레이브 person:신데렐라 person:니힐리스타 org:포비스트 concept:E2_크리스탈 item:하모니_큐브,확정,sub:관짝이_01,,"신데렐라를 잠시 두고 다닌 사이 화룡(니힐리스타)이 기척으로 찾아와 그레이브는 관째 수정 지역으로 달아났는데 그곳에 포비스트가 있었다 — 쫓기다 떨어뜨린 신데렐라를 수정이 덮자 기척이 사라져 숨겨졌고, 그 뒤 그레이브는 손수 만든 에너지 주입 장치로 수정을 키워 신데렐라를 숨기고 하모니 큐브를 찾아 치료했다"
F1569,사실,81,2024-07-25,sub:관짝이_01,0,0,,0,1,,,,,,81,2,,person:그레이브 person:신데렐라,확정,sub:관짝이_01,,"그레이브가 고친 관에 신데렐라가 누워 눈을 감자 그레이브는 질겁해 깨웠다 — 관은 산 사람이 눕는 곳이 아니고, 오랫동안 죽기 직전으로 누워 있던 신데렐라 곁에 늘 죽음이 있는 것 같았다며 다시는 관에 눕지 말라 했고, 신데렐라는 안식처로 여겼다며 사과하고 그레이브가 침대를 만들어 주기로 했다"
F1570,사실,81,2024-07-25,sub:관짝이_02,0,0,,0,0,,,,,,81,1,,person:그레이브 item:세븐스_드워프 person:스노우_화이트 person:신데렐라 person:베히모스,확정,sub:관짝이_02,,"그레이브는 빌린 세븐스 드워프를 흠 없이 스노우 화이트에게 돌려주려고 보관함에 넣은 채로 써 왔는데, 신데렐라를 빼앗기지 않으려 헬레틱과 싸우며 써 버린 뒤 미안해 의료 기기를 구하러 다니며 부품을 모아 두었다 — 베히모스와 싸우다 상한 보관함 속 부품도 그것으로 고쳤다"
F1571,사실,81,2024-07-25,sub:관짝이_02,0,0,,0,0,,,,,,81,1,J12,person:그레이브 person:스노우_화이트 item:세븐스_드워프,확정,sub:관짝이_02,,"그레이브에 따르면 무기 제작의 스페셜리스트로 부끄러움이 많고 착했다는 스노우 화이트는 보급형 무기를 만들다 [어떤 무기]를 만들면서부터 비밀 공방에서 그것만 개발했다 — 소식이 끊긴 뒤 찾아간 공방에는 세븐스 드워프만 있었고, 오래 기다려도 오지 않아 사고 전환으로 잊었을 수 있다고 보고 직접 전해 주기로 했다"
F1572,사실,81,2024-07-25,sub:거울_공주_01,0,0,,0,0,,,,,,81,1,,person:신데렐라 concept:페어리_테일 person:헨젤 person:그레텔 person:세이렌 org:갓데스,확정,sub:거울_공주_01,,"신데렐라는 자기가 갓데스 스쿼드 이후 만든 2세대 페어리 테일 니케이고 같은 스쿼드 — 헨젤 · 그레텔 · 세이렌 … — 도 모두 그렇다고 했다 — 제멋대로였지만 갓데스를 동경해 그들을 도와 지상을 되찾고 인류를 지키려는 신념은 같았으며, 오래 잠들어 지금 살았는지 죽었는지도 모르지만 자기가 살아 있으니 계속 찾겠다고 했다"
F1573,사실,81,2024-07-25,sub:거울_공주_01,0,0,,0,0,,,,,,81,1,,person:신데렐라 person:베히모스,확정,sub:거울_공주_01,,"깨어난 신데렐라는 잠이 잘 오지 않자 몸이 관에서 자는 데 익숙해진 탓이라며, 베히모스가 부순 관을 싸웠던 곳에서 찾아 — 겉은 찌그러졌지만 안쪽은 멀쩡했다 — 자기 방으로 가져갔다"
F1574,사실,81,2024-07-25,relic:수정지역깊은곳어딘가,0,0,,0,0,,,,,,81,1,,place:수정_지역 item:유리_구두,확정,relic:수정지역깊은곳어딘가,,"수정 지역에서 며칠째 길을 잃고 깊이 내려간 이의 기록에 따르면, 꽃길이 펼쳐진 곳의 길가에는 안으로 갈수록 많아지고 정교해지는 유리 방패 같은 것들이, 가장 안쪽 수정 안에는 그 원본으로 보이는 방패가 있어 방패를 만드는 과정을 전시한 곳 같았다 — 기록자는 그것을 아름답다고 말하던 중 무언가에 부딪혀 쓰러져 끌려갔다"
F1575,사실,81,2024-07-25,event_juveniledays,0,0,,0,0,,,,,,81,1,,person:아인 person:마르차나 person:지휘관,확정,event_juveniledays,,아인은 학교생활 처음으로 지독한 외로움을 느껴 마르차나에게 자기가 왕따인지 물었다 — 생활 기록부의 친한 친구란을 비워 두었던 아인에게 마르차나는 왕따는 아니지만 마음을 터놓을 친구가 없는 것은 사실이라며 친구가 많은 분(지휘관)을 소개했다
F1576,사실,81,2024-07-25,event_juveniledays,0,0,,0,0,,,,,,81,1,,person:아인 person:루피 org:루셰 person:츠바이 person:라이,확정,event_juveniledays,,"패션 디자인이 취미이자 목표인 아인은 루피의 팬으로, 지휘관이 데려간 루피의 작업실에서 루셰 패션 위크에 함께 가고 싶은 츠바이 · 라이에게 친구가 되어 달라며 줄 리본을 직접 디자인 · 제작했다 — 아인은 루셰 전속 디자이너가 되고 싶다 했고 루피는 언제든 놀러 오라 했다"
F1577,사실,81,2024-07-25,event_juveniledays,0,0,,0,0,,,,,,81,1,,person:아인 person:츠바이 person:라이,확정,event_juveniledays,,아인과 마르차나의 면담을 엿들은 같은 반 여학생이 '왕따'라는 말만 듣고 아인이 누군가를 왕따시킨다는 소문을 퍼뜨렸다 — 친구도 인기도 노력 없이 가진 아인이 부러워서였다 — 아인은 츠바이 · 라이까지 같이 욕먹지 않도록 둘과 거리를 두었다
F1578,사실,81,2024-07-25,event_juveniledays,0,0,,0,0,,,,,,81,1,,person:츠바이 person:라이 person:마르차나 person:아인,확정,event_juveniledays,,"츠바이 · 라이는 소문이 돈 뒤 아인을 미행해 찍은 영상과 나루의 블랙박스(면담을 엿듣고 소문을 흘린 여학생)로 증거를 모아 마르차나에게 냈고, 교직원 검토로 사실이 확인되자 마르차나는 처분을 아인에게 맡겼다 — 아인은 일주일 화장실 청소로 끝냈고 반 아이들은 아인에게 사과했다"
F1579,사실,81,2024-07-25,event_juveniledays,1,0,81,0,0,,,,,,81,1,,person:아인 person:츠바이 person:라이 person:마르차나,확정,event_juveniledays,,"아인이 리본을 내밀며 친구가 되어 달라 하자 츠바이 · 라이는 '지금까지 친구가 아니었어?'라 했다 — 마르차나에 따르면 둘은 처음부터 생활 기록부 친한 친구란에 아인의 이름을 적어 두었고, 이번에 아인도 둘의 이름을 적었다"
F1580,사실,81,2024-07-25,char:391,0,0,,0,0,,,,,,81,1,,person:아인 person:츠바이 place:미미르_부속_고등학교 org:루셰,확정,char:391,,"미미르 부속 고등학교 진로 희망 조사에 아인은 '루셰 전속 디자이너'를 써냈지만, 츠바이는 '되고 싶은 걸 적어내도 우리가 그게 될 수 있는 것도 아니'라고 무심코 말하고 흠칫했고, 반 여학생도 우리는 [학생]이라 꿈이 있어도 이루지 못한다고 했다 — 아인은 미리 포기하지 않겠다고 했다"
F1581,사실,81,2024-07-25,char:391,1,0,81,0,0,,,,,,81,2,,place:미미르_부속_고등학교 person:루피 person:아인,확정,char:391,,루피가 들은 바로는 미미르 부속 고등학교는 졸업하는 순간 해야 할 일이나 소속을 학교 측에서 따로 배정받아 원하는 직업을 갖기 힘들 수 있다 — 아인은 자기가 우수한 학생이 아니라 배정되지 않을지도 모른다고 했다
F1582,사실,81,2024-07-25,char:391,0,0,,0,0,,,,,,81,1,,person:루피 person:아인 org:루셰,확정,char:391,,"루셰 대표이자 디자이너를 겸하는 루피는 아인에게 디자인 테스트를 시켜 소질 · 센스는 인정하면서도 루셰 전속 디자이너로서는 상업성이 부족하다 하고, 기초만 몇천 페이지인 공부 자료를 건네 쉽지 않다고 했다 — 아인은 오히려 더 욕심난다며 학교가 꿈까지 정할 수 없다고 포기하지 않기로 했다"
F1583,사실,82,2024-08-08,event_colorless,1,1,81,0,0,,,,,,82,2,,person:마르차나 person:츠바이 place:미미르_부속_고등학교,확정,event_colorless,,"학기말 시험 뒤 새 학기에 마르차나는 명부를 읽으며 합격 · '탈락 후 리셋' · '영구 제명'(트레이시 · 디에스)을 가리다 '미안합니다'라며 무너졌다 — 그것을 본 츠바이는 기억이 지워져도 살아만 있으면 다시 돌아올 거라 여겨 왔는데 영구 제명이라니, 하며 잃은 선배 · 친구들(루아 · 도이스 · 피어 · 세이스)의 이름을 적은 수첩을 보았다"
F1584,사실,82,2024-08-08,event_colorless,0,0,,0,1,,,,,,141,2,,place:미미르_부속_고등학교 person:프리바티 person:에테르 person:마르차나 org:트라이앵글 person:지휘관,확정,event_colorless,,"새 학기에 미미르 부속고는 지휘관과, 중앙 정부를 거쳐 트라이앵글의 프리바티(율하 · 애드미가 추천)를 통합 P반 임시 교사로 불렀다 — 에테르는 마르차나가 몇 주 M.M.R. 연구소 교육 연수를 받는다고 했지만, 마르차나는 필드 트립에 개입할 수 있다는 이유로 교무실에 감금되어 있었고 몸의 GPS가 학교를 벗어나면 학생들을 해치겠다는 위협을 받았다"
F1585,사실,82,2024-08-08,event_colorless,0,0,,0,0,,,,,,82,1,,person:츠바이 person:프리바티,확정,event_colorless,,"츠바이는 언제부턴가 매일 밤 붉은 하늘 아래 친구들이 랩쳐에게 죽고 홀로 남는 악몽을 꾸었고, 사라져야 한다면 색깔 없는 자기여야 한다며 친구들이 시험을 통과하도록 필기노트를 대신 써 주고 밤마다 홀로 모의전을 해 팔이 망가질 지경이 되었다 — 시험이 인생의 전부가 아니라는 프리바티에게 '저한텐 그게 전부'라 했다"
F1586,사실,82,2024-08-08,event_colorless,0,0,,0,0,,,,,,82,1,,org:M.M.R. person:에테르 place:미미르_부속_고등학교,확정,event_colorless,,"에테르에 따르면 M.M.R.이 '손님들'의 요청으로 커리큘럼을 크게 고쳐 통합 P반만 중간 평가 대신 3일 [필드 트립]을 가게 되었고, M.M.R.이 직접 인솔했다 — 목적지는 지상이었고, 학생들은 위치추적기를 받고 통신 기기를 빼앗겼다"
F1587,사실,82,2024-08-08,event_colorless,0,0,,0,1,,,,,,149,2,,place:미미르_부속_고등학교 person:마르차나,확정,event_colorless,,"마르차나에 따르면 [필드 트립]은 지상의 위험한 포인트에서 며칠 숙박시켜 학생들의 생존 능력을 평가하는 행사로, 과거 한 번 시행되어 학생 대다수가 죽는 바람에 통합 반을 만드는 원인이 되고 폐지되었는데 — 지난 학기 통합 P반의 학기말 시험 통과율이 설립 이래 가장 높아 다시 열렸다"
F1588,사실,82,2024-08-08,event_colorless,3,1,81,0,0,,,,,,82,2,,person:카르히 person:아인 person:츠바이,확정,event_colorless,,"지상 첫날 밤 랩쳐 습격에 카르히 · 하나가 죽고, 굳어 버린 츠바이를 아인이 밀쳐 구하다 팔을 그을렸으며, 츠바이는 둘만은 졸업시키겠다며 최전선에서 싸워 오른팔과 다리에 심한 부상을 입었다"
F1589,사실,82,2024-08-08,event_colorless,1,0,82,0,0,,,,,,82,1,,person:츠바이 person:아인,확정,event_colorless,,"츠바이는 미미르 부속고에 입학한 뒤 잃은 모든 친구 — 이번에 전사한 이들, 영구 제명된 이들, 가수 · 바리스타 · 카페 · 트레이너를 꿈꾸던 선배 · 친구들 — 의 이름을 새긴 돌무덤을 쌓았다 — 어쩌다 니케가 되어 학교가 시키는 대로 살아온 색깔 없는 자기가 대신 죽었어야 했다며 아인에게 자기를 구하지 말라 했다"
F1590,사실,82,2024-08-08,event_colorless,0,0,,0,0,,,,,,82,1,,person:프리바티 person:츠바이 person:아인 person:라이,확정,event_colorless,,"프리바티는 인간 부대의 동료들도 대부분 이루고 싶은 것 없이 방주가 시키는 대로 입대했지만 소중한 일상 속에 행복하게 산다며, 색깔 없는 흑백 사진이 아름다운 순간을 남기듯 츠바이의 순간도 가치 있다고 했다 — 츠바이는 지켜야 할 것이 앞으로 올 소중한 순간이었다며 아인 · 라이에게 사과하고 혼자 무리하지 않고 함께 졸업하기로 했다"
F1591,사실,82,2024-08-08,event_colorless,0,0,,0,0,,,,,,82,1,,person:지휘관 person:마르차나 person:프리바티 person:라피 org:카운터스 person:율하,확정,event_colorless,,"익명 메시지를 받은 지휘관은 교복으로 위장한 마르차나에게서 사정을 듣고 프리바티와 지상에 올라 학생들을 데려왔다 — 라피와 카운터스 주축의 여러 스쿼드가 도왔고 라피는 '소탕 작전 중 길 잃은 니케들을 보호했다'고 보고하기로 했으며, 율하에게 보고 없이 올라간 프리바티는 근신을 받게 되었다"
F1592,사실,82,2024-08-08,event_colorless,0,0,,0,0,,,,,,82,1,,person:츠바이 person:마르차나 person:에테르,확정,event_colorless,,"필드 트립 뒤 츠바이는 진로 희망 응답을 내고 악몽을 꾸지 않게 되었으며 졸업하는 날 마르차나와 사진을 찍기로 했다 — 마르차나의 학생 위장과 지휘관 · 프리바티의 임시 교사 초청은 에테르가 도운 것이었고, 에테르는 '우릴 부술 열쇠'를 들고 오겠다던 마르차나에게 학생들이 다 흘러내리기 전에 서두르라 했다"
F1593,사실,82,2024-08-08,char:390,0,0,,0,0,,,,,,82,1,,org:트라이앵글 person:율하 person:애드미 person:에닉,확정,char:390,,"법원은 에닉의 판결문을 정리하고 니케 사이의 간단한 분쟁을 조정하는 곳으로 트라이앵글(율하 · 애드미, 직업 체험 담당 프리바티)이 일한다 — 무엇이든 해결해 주는 곳으로 소문나 재판이 뭔지도 모르는 니케들이 날마다 찾아오고, 율하는 시답잖은 일이라 하면서도 자기에겐 시답잖은 일이 그 사람에겐 중요할 수 있다며 계속한다"
F1594,사실,82,2024-08-08,char:390,0,0,,0,0,,,,,,82,1,,person:츠바이 person:율하 person:애드미 org:트라이앵글,확정,char:390,,"필드 트립 뒤에도 진로 희망 응답을 못 낸 츠바이는 트라이앵글 엘리트들의 일하는 모습에서 답을 찾으려 진로 체험 학습으로 법원에 가 이틀 동안 율하 · 애드미를 도왔고, 진로 희망 응답에 '[트라이앵글] 스쿼드 분들처럼 지내기'라는 시답잖은 내용을 적기로 했다"
F1595,사실,82,2024-08-08,char:390,0,0,,0,0,,,,,,82,1,,person:슈가 org:카페_스위티 person:프리바티,확정,char:390,,슈가는 메이드 카페에 새로 들어온 신입 메이드에게 손님을 빼앗겨 카페 스위티의 매출이 떨어진다며 법원에 재판을 요청했는데 — 불법이 없어 재판에 넘길 수 없었다 — 그 소문의 신입 메이드는 진로 체험 학습 동안 '급한 일'로 자리를 비운 프리바티였다
F1596,사실,83,2024-08-22,char:833,1,1,81,0,0,,,,,,83,2,,person:마르차나 concept:NIMPH place:미미르_부속_고등학교,확정,,,"마르차나에 따르면 모든 니케는 롤 아웃되는 순간부터 NIMPH에 전투 지식이 모두 입력되어 원래 따로 교육받을 필요가 없고, 미미르 부속고의 학생들은 니케가 후천적 교육으로 성장할 수 있는지 확인하려고 [학생] 역할을, 마르차나는 [선생] 역할을 부여받은 니케다 — 학교를 일반 학교처럼 꾸민 것은 학생들이 이곳을 학교로 쉽게 인식하게 하려는 것이다"
F1597,사실,83,2024-08-22,char:833,0,0,,0,0,,,,,,83,1,,person:미사토 person:마르차나,확정,,,"다른 세계에서 온 미사토는 미미르 부속고의 임시 교사를 맡아 마르차나와 함께 아이들과 '적'을 상대했는데, 학생들을 병기가 아닌 보호하고 책임질 학생으로 대하는 마르차나를 '훌륭하고 멋진 선생님'이라 했다 — 선생 역할을 잘하는지 늘 의구심을 품었던 마르차나는 그 말에 힘을 얻었다"
F1598,사실,83,2024-08-22,char:830,0,0,,0,0,,,,,,83,1,,person:아스카 person:츠바이 place:시뮬레이션_룸,확정,,,"다른 곳에서 온 아스카는 미미르 부속고에서 츠바이와 콤비가 되어 시뮬레이션 룸에서 랩쳐와 싸웠다 — 코어를 부숴야 한다는 것이 '사도'와 같다고 했고, 없애도 끝없이 생겨나는 랩쳐에 무력감과 두려움을 털어놓는 츠바이에게 '고작 기계로 만들어진 적'이니 없애면 된다고 했으며, 책에 없는 유형에게서 츠바이를 감싸 함께 통과했다"
F1599,사실,84,2024-08-29,char:831,0,0,,0,0,,,,,,84,1,,person:레이 person:아인 person:루피 org:루셰,확정,,,"다른 곳에서 와 방주를 돌아본 적 없는 레이(아야나미 레이)는 선생님의 지시로 아인과 버디가 되었고, 아인이 데려간 번화가 카페 · 루셰 매장(루피를 만나 머리핀을 받음) · 영화관에서 내내 표정이 없었지만 모두 좋았다고 했다 — 아인은 레이가 최선을 다해 즐기고 있었다며 친해졌다"
F1600,사실,85,2024-09-05,char:832,0,0,,0,0,,,,,,85,1,,person:마리 person:라이 org:중앙_정부 place:미미르_부속_고등학교,확정,,,"다른 곳에서 와 미미르 부속고에 아는 사람이 없는 마리는 선생님의 명령으로 라이와 버디가 되었고(버디는 바꿀 수 없다), 중앙 정부로부터 받은 돈으로 라이에게 단골 카페의 케이크를 사 주며 학교생활을 물었다"
F1601,사실,85,2024-09-05,char:832,0,0,,0,0,,,,,,85,1,,person:라이 place:미미르_부속_고등학교 person:아인 person:츠바이,확정,,,"라이에 따르면 미미르 부속고는 지상에서 혼자가 됐을 때의 대처법 · 실전 시뮬레이션을 가르치는 '겉만 학교지 속은 군사 양성소'이고, 학기말 시험 성적이 안 나오면 떨어져 그 친구를 다시 못 보게 되어 학생이면 누구나 친구를 잃어 봤다 — 그래도 라이는 아인 · 츠바이와 시험 뒤 디저트를 먹는 일상이 즐겁다며 졸업 뒤에도 지금처럼 즐겁게 살고 싶다고 했다"
F1602,사실,86,2024-09-19,event_jinxplayer,0,0,,0,1,,,,,,122,2,,person:루주 org:777 person:블랑 person:누아르,확정,event_jinxplayer,,"777 스쿼드 리더이자 코인 러시의 게임 마스터 루주는 니케가 된 순간부터 가진 토끼 동전을 아침마다 던져 운을 점치는데(뒷면이면 불운한 날), 자기 불운이 주변 사람과 손님에게 옮아 손님이 큰 사고를 당한 적도 있다고 여겨 불운을 막는 징크스가 점점 늘었고 불운한 날엔 블랑 · 누아르에게 '행운 충전'을 받는다"
F1603,사실,86,2024-09-19,event_jinxplayer,0,0,,0,0,,,,,,86,1,,person:루주 place:코인_러시,확정,event_jinxplayer,,"대회 [게임 마스터를 꺾어라!]의 상품 발표 날 루주가 행운의 동전(네잎클로버) 대신 자기 동전(토끼)을 잘못 넣어 상품이 되자 며칠 방에 틀어박혔지만, 지휘관과 연습하며 상대의 버릇을 관찰하는 자기 실력을 깨닫고 결승에서 단골 손님을 도둑잡기로 역전해 동전을 되찾았다 — 상품인 행운의 주사위는 지휘관에게 주었다"
F1604,사실,86,2024-09-19,event_nonsensered,0,0,,0,0,,,,,,86,1,,org:갓데스 person:레드_후드 person:릴리바이스 person:라푼젤,확정,event_nonsensered,,"1차 침공 중 갓데스가 처음으로 연승하자 본부 메인 홀에서 승전 파티가 열려 릴리바이스가 연설했다 — '격식'을 모르는 레드 후드만 빨간 드레스를 입고 와(다들 작전 제복) 놀림받다가 랩쳐 경보에 그 차림으로 싸웠고, 전투 뒤 사람들이 대피한 파티장에서 갓데스와 지휘관은 레드 후드가 좋아하는 오래된 음악을 틀고 자기들끼리 파티했다"
F1605,사실,86,2024-09-19,event_nonsensered,0,0,,0,0,,,,,,86,1,,person:라푼젤 person:레드_후드 person:지휘관,확정,event_nonsensered,,지휘관실 주크박스에는 레드 후드가 좋아하던 올드 팝이 들어 있다 — 그런 노래는 레드 후드만 좋아하는 줄 알았던 라푼젤은 그것을 듣고 갓데스의 승전 파티 날을 떠올리며 그리워했다
F1606,사실,86,2024-09-19,char:272,0,0,,0,0,,,,,,86,1,,person:루주 person:지휘관,확정,char:272,,"루주에 따르면 동전이 뒷면인 날 불운이 남에게 넘어갈 때는 게임이 무난히 진행된 뒤 함께 플레이한 손님에게만 사고나 안 좋은 일이 생기는 식이었다 — 지휘관과 운이 아닌 실력(기억력) 게임을 하고 뽑기로 확인해 불운이 넘어가지 않자, 루주는 평생 함께한 징크스를 피하기만 했다며 처음으로 뒷면인 날 불안해하지 않았다"
F1607,사실,87,2024-10-03,event_phantomthiefvsdetective,0,0,,0,0,,,,,,87,1,,person:팬텀 person:노벨 person:지휘관,확정,event_phantomthiefvsdetective,,"자칭 괴도 팬텀은 악한 자들에게 고통받는 이들을 돕고 빼앗긴 것을 돌려준다며 예고장을 보낸 뒤 밤에 물건을 되찾아 오는데, 탐정 노벨에게는 늘 사건을 만들어 내는 숙명의 라이벌이다 — 지휘관은 팬텀을 아는 사람과 닮았다고 하면서도 괴도로 활동 중인 것 같다며 모른 척 어울려 주었다"
F1608,사실,87,2024-10-03,event_phantomthiefvsdetective,0,0,,0,3,,,,,,154,4,,person:팬텀 person:퀀시 person:미란다 org:A.C.P.U.,확정,event_phantomthiefvsdetective,,"팬텀 · 퀀시(조수) · 미란다(괴도 경찰) · 지휘관(기지 제공)의 정의 괴도단은, 경찰과 유착해 신고 접수조차 막은 사기꾼 자산가가 은퇴 직전의 남자에게서 빼앗은 반지를 노벨 · A.C.P.U.의 방어를 뚫고 되찾아 주인에게 돌려주었다 — 퀀시의 탈옥 루트는 지휘관실 구석의 구멍으로 이어지고, 미란다는 시말서를 썼다"
F1609,사실,87,2024-10-03,char:403,0,0,,0,0,,,,,,87,1,,person:퀀시 person:드레이크 person:폴리 person:지휘관,확정,char:403,,"방주 주택가 빈집털이로 의심받은 퀀시가 누명을 벗으려 지휘관과 쫓은 '도둑'은 빌런 행세로 빈집을 턴 드레이크였는데, 그 집은 뉴스에 피해자로 인터뷰한 진짜 도둑의 집이라 훔친 물건들이 원래 주인에게 돌아갔다 — 드레이크는 혐의 없음, 퀀시 · 지휘관은 벽 낙서 · 기물 파손으로 한 달 동안 방주 건물 외벽 청소 판결을 받았다"
F1610,사실,88,2024-10-10,char:580,0,0,,0,0,,,,,,88,1,,person:팬텀 org:베스트셀러 org:중앙_정부 concept:기억_소거,확정,,,"베스트셀러 스쿼드가 관리하는 중앙 정부 도서관은 데이터가 해킹 등 위험이 많아 만들어진 곳으로, 일반에 공개할 수 없는 지상 · 니케 · 랩쳐 자료는 사서 팬텀의 작업실 옆 비공개 자료실에 있다 — 팬텀은 기밀을 책으로 옮겨 상부('사장님')에 넘기고 그 내용을 매번 기억 소거하는데, '우리가 원해서' 동의한 일이라고 했다"
F1611,사실,88,2024-10-10,char:580,0,0,,0,0,,,,,,88,1,,person:팬텀 concept:니케,확정,,,"팬텀이 책으로 옮기던 [니케에 관한 문서 — 목차 1. 뇌에 관한 실험 및 결과 보고]는 녹음된 내용을 옮긴 기밀인데, 프로젝트가 중간에 취소되며 옮기는 일도 취소되었다"
F1612,사실,88,2024-10-10,char:580,2,0,88,0,1,,,,,,126,2,J56,person:팬텀 person:지휘관,확정,,,"도서관 사서 팬텀이 바로 괴도 팬텀이다 — 손수 만든 무늬 종이로 예고장을 쓰고 밤에 와이어를 타고 날아가 '악한 자'에게서 물건을 되찾아 오며(80대 노인의 유품 목걸이를 훔친 청년에게서 되찾아 돌려줌), 지휘관은 팬텀이 숨기려 해 모르는 척하기로 했다"
F1613,사실,89,2024-10-17,side:wordless,0,0,,0,0,,,,,,89,1,,person:유니 org:미실리스 org:M.M.R. concept:NIMPH org:이그조틱,확정,side:wordless,,"테러범 유니는 처벌로 언어 능력을 모두 잃고, 랩쳐 파츠로 니케를 강화할 수 있는지 보는 실험으로 랩쳐 다리의 거대한 몸이 되었으며, NIMPH를 강제로 다시 달고 고유 능력은 허가 없이 못 쓰며 방주에선 갱생관 · M.M.R. 연구소만 다닌다 — 가슴의 구속구는 이그조틱 초커보다 센 폭탄으로, 정기적으로 갱신하지 않으면 터진다"
F1614,사실,89,2024-10-17,side:wordless,0,0,,0,0,,,,,,89,1,,person:지엔 person:슈엔 person:에닉 person:유니 org:M.M.R.,확정,side:wordless,,"유니의 처벌에서 에닉의 판결은 제거한 NIMPH를 다시 달고 인류에 헌신하게 하라는 것이었고, 그것을 랩쳐 융합으로 이끈 것은 대외 활동을 하지 않아 슈엔의 최측근 니케(예전의 미하라 · M.M.R.)만 아는 슈엔의 이복 언니 지엔의 지시였다 — 실험은 M.M.R. 연구원도 열람하지 못하게 지엔과 그가 지정한 팀만으로 비밀리에 진행되었다"
F1615,사실,89,2024-10-17,side:wordless,0,0,,0,0,,,,,,89,1,,person:미하라 concept:NIMPH place:리페어_센터 person:메어리,확정,side:wordless,,"유니의 총에 뇌가 크게 다친 미하라는 기존 데이터를 적용한 새 NIMPH로 데이터를 재생해 미실리스 연구소에서 다시 롤아웃되었다 — 과거 기억은 없고 전달받은 자료(흉악범 유니와 얽힌 내용은 공범 의심 때문에 더 빠짐)와 NIMPH 기록으로 자기를 알았으며, 남은 뇌 손상이 있으면 이번엔 치료하지 못할 수도 있다"
F1616,사실,89,2024-10-17,side:wordless,0,0,,0,0,,,,,,89,1,,org:미실리스 person:슈엔 org:워드리스 org:메티스 org:M.M.R.,확정,side:wordless,,"방주 테러의 주범이 미실리스 니케로 밝혀져 회사 위상이 크게 떨어지자 메티스 · M.M.R. · 마이티 툴즈 · 일렉트릭 쇼크 등 미실리스의 모든 스쿼드에 이미지 쇄신 성과를 내라는 지침이 내려왔고, 슈엔은 워드리스에게 곁에서 호위하는 일을 그만두고 지상에서 랩쳐 희귀 개체를 포획하라고 명령했다"
F1617,사실,89,2024-10-17,side:wordless,0,0,,0,2,,,,,,109,2,,org:워드리스 person:슈엔 person:미하라 person:유니 person:토커티브,확정,side:wordless,,"워드리스(미하라 · 유니)는 슈엔이 메티스에 이어 독자 기술로 만든 프로젝트로 헬레틱 포획을 목표로 랩쳐 포획 능력을 갖게 했지만, 능력이 기대에 못 미치고 토커티브를 번번이 놓치고 슈엔의 불법 의뢰를 노출해 기억 소거형까지 받아 '슈엔의 실패작'이 되었다 — 슈엔은 홍보 사진 뒤 대외 발표용으로 더 강해 보이는 바디를 만들게 했었다"
F1618,사실,89,2024-10-17,side:wordless,1,1,5,0,3,,,,,,109,3,,person:유니 person:미하라 person:마나,확정,side:wordless,,언어를 잃은 유니가 미하라를 볼 때마다 되풀이한 '우우우. 우우. 우우우?'는 처벌 전 영상에 남기려던 '미하라. 머리… 안 아파?'였다 — 미하라는 유니가 [미하라]를 죽이지 않았으니 자기에게 한 일만은 용서한다며 서로의 아픔을 느끼며 함께 속죄하자고 했다
F1619,사실,89,2024-10-17,side:wordless,0,0,,0,2,,,,,,110,3,,person:미하라 person:유니 person:슈엔 person:마나 org:워드리스,확정,side:wordless,,"미하라는 슈엔에게 '마지막 소원'으로 유니와 같은 폭탄 구속 목걸이를 청해 둘 중 하나라도 갱신 기한을 넘기면 둘 다 터지게 했고, 슈엔은 욕하며 들어주면서 원래 첫 임무 성공 뒤 주려던 바디를 주라 했다 — 둘은 한 달 안에 랩쳐 희귀 개체를 찾는 첫 목표를 안고 지상에 나섰다"
F1620,사실,89,2024-10-17,event_lifeagain,0,0,,0,0,,,,,,89,1,,person:루마니 org:라이프_토닉,확정,event_lifeagain,,"라이프 토닉의 트레이너 루마니(체육관 바디X바디, 방주 최고 스포츠 스타로 불림)는 니케가 되기 전 근육병을 앓아 도와주는 사람 없이 운동을 꿈도 못 꿨고 극복하지 못했다 — 그래서 누군가 극복하는 걸 보고 싶어 하며, 지금의 근육은 니케가 된 뒤 노력으로 만든 것이라 한다"
F1621,사실,89,2024-10-17,event_lifeagain,0,0,,0,0,,,,,,89,1,,org:라이프_토닉 person:루마니 person:폴크방 person:에피넬 place:시뮬레이션_룸,확정,event_lifeagain,,"루마니에 따르면 라이프 토닉의 존재 의의는 인류 삶의 질적 향상과 활력, 체육 · 스포츠를 장려해 인류가 건강한 삶을 살도록 돕는 것으로 '인류를 케어할 의무'가 있다 — 라이프 토닉에는 부상 등에 대비한 가상 운동 공간(시뮬레이션 룸, 가동비가 큼)이 있고, 신체 데이터로 만든 아바타와 감각을 링크해 생각대로 움직이게 할 수 있다"
F1622,사실,89,2024-10-17,event_lifeagain,0,0,,0,0,,,,,,89,1,,person:나디아 person:루마니 person:지휘관,확정,event_lifeagain,,"허들 사고 수술 뒤 복귀한 트랙 앞에서 쥐가 나고 몸이 굳어 쓰러진 뒤로 일어나지 못하던 육상 유망주 나디아는 루마니의 아바타 재활로 승부욕을 되찾아 스스로 일어나 걸었다 — 홧김에 쓴 거짓 1점 리뷰로 루마니가 갑질 의혹에 휩싸이자 나디아는 사과하고 기자 인터뷰로 직접 바로잡았으며, 훗날 육상 트랙에 다시 섰다"
F1623,사실,89,2024-10-17,char:240,0,0,,0,0,,,,,,89,1,,person:루마니 person:머스탱 concept:니케 org:테트라,확정,char:240,,"루마니에 따르면 니케의 바디는 지금 13세대째이고 루마니는 7세대 바디인데, 7세대 바디는 쓰는 정도에 따라 근육이 자라거나 변한다 — 머스탱이 '좀 더 사람다운 니케'를 만들려고 고안했지만 사람만큼 정밀하지 않아 운동 효율이 매우 낮고, 처음 니케가 되었을 때 말랐던 루마니는 엄청난 노력으로 지금의 몸을 만들었다"
F1624,사실,90,2024-10-31,ch33,0,0,,0,0,,,,,,90,1,,org:중앙_정부 person:신데렐라 person:엔더슨 person:버닝엄 person:시프티 place:수정_지역 concept:헬레틱,확정,ch33,,"중앙 정부는 헬레틱 섬멸 · 포획을 가장 높은 우선순위로 하고 수정 지역 섬멸은 예정대로 하되 우선순위를 낮췄다 — 헬레틱의 아군화가 알려지면 방주가 난리 날 것이라 신데렐라의 각성은 극비로, 중앙 정부에선 엔더슨 부사령관 정도만 알고 버닝엄 부사령관에게는 알면 당장 병력을 올려 보낼 것이라 특별히 정보를 통제한다"
F1625,사실,90,2024-10-31,ch33,1,1,72,0,0,,,,,,90,2,,person:그레이브 person:라피 item:세븐스_드워프 person:스노우_화이트 org:갓데스 person:레드_후드,확정,ch33,,"그레이브는 신데렐라가 깨어나 할 일이 생겼다며 빌려 쓰던 세븐스 드워프를 라피에게 맡겼다 — 레드 후드를 이어받아 갓데스와 이어져 있는 라피가 스노우 화이트에게 전해 주는 것이 맞다고 했고, 라피는 소중한 것이라며 받았다"
F1626,사실,90,2024-10-31,ch33,0,0,,0,0,,,,,,90,1,,person:마나 person:시프티 item:A_필러 place:수정_지역,확정,ch33,,"마나에 따르면 A 필러로 만든 방주 기초 건축물은 데이터를 넣어 변형하는 것이 원래 용도라, 시프티 · 마나는 그것을 바꿔 수정 지역을 가로지르는 진입 · 퇴각로를 만들었다 — 베히모스가 수정으로 덮으면 그만이다"
F1627,사실,90,2024-10-31,ch33,0,0,,0,1,,,,,,140,2,,person:아니스 person:지휘관 concept:언체인드 person:라피 person:네온 org:카운터스,확정,ch33,,"아니스는 에덴에서 갑자기 생긴 언체인드 탄환 · 배를 다쳤을 때 다가오지 말라던 외침 · 피 묻은 주먹에 베히모스가 괴로워한 일로 지휘관의 피가 언체인드임을 알아챘다 — 지휘관은 노리는 이가 많아 위험해질까 봐 숨겼다고 했고, 카운터스는 지휘관이 다치면 NIMPH가 없는 라피가 지혈하고 라피가 없으면 언체인드 노출을 감수하고 치료하기로 정했다"
F1628,사실,90,2024-10-31,ch33,0,0,,0,0,,,,,,90,1,,person:지휘관 concept:언체인드 concept:NIMPH concept:침식 person:마리안 person:엑시아,확정,ch33,,"지휘관에 따르면 언체인드는 니케의 불멸을 부순다 — NIMPH 덕분에 뇌의 수명이 무한에 가깝고, 큰 부상의 기억을 지우고 필요한 지식을 단숨에 익히며 침식도 치료할 수 있는데, NIMPH 없이 강제 침식되면 마리안처럼 된다 — 그래서 아니스 · 네온이 언체인드를 한 방씩 맞자는 말을 막았다"
F1629,사실,90,2024-10-31,ch33,0,0,,0,0,,,,,,90,1,,person:지휘관 person:세실 place:에덴 person:도로시 person:파피용 concept:언체인드,확정,ch33,,지휘관은 언체인드 탄환을 다 써 세실에게 계속 연락했지만 닿지 않았다 — 라피는 에덴이 도로시 건에도 아무 움직임이 없어 에덴에 무슨 일이 있는 모양이라 했다
F1630,사실,90,2024-10-31,ch33,0,0,,0,0,,,,,,90,1,,person:마나 person:그레이브 item:라이터즈_이레이저 item:하모니_큐브 item:유리_구두,확정,ch33,,"마나는 그레이브를 수리한 뒤 정비용 부품을 이식하고 테스트 단계 무장(라이터즈 이레이저)을 주고 헬멧을 개조했으며, 그레이브의 제안으로 유리 구두를 빼앗았던 랩쳐 미러 컨테이너의 하모니 큐브 파편 부품을 이식했다 — 그레이브는 수정을 모두 피하는 새 능력을 얻었다"
F1631,사실,90,2024-10-31,ch33,0,0,,0,0,,,,,,90,1,,person:마나 person:그레이브 org:M.M.R.,확정,ch33,,"마나에 따르면 그레이브의 손가락 파츠는 우수한 기술자에게만 주어지던 정밀 작업용의 오래전 기술로, 지금 마나를 비롯한 M.M.R. 니케들의 손가락 파츠가 같은 시리즈다 — 마나는 그레이브를 과학의 초석을 닦은 아득한 선배로 여겨 개조해 주었다"
F1632,사실,90,2024-10-31,ch33,2,2,81,0,0,,,,,,90,3,J12,person:신데렐라 person:그레이브 concept:페어리_테일,확정,ch33,,"신데렐라에 따르면 2세대 페어리 테일 모델로 만들어진 신데렐라와 다른 여럿을 만든 것은 그레이브로, 스펙만 보면 최강에 준하는 그들을 혼자서 만든 천재다 — 그레이브에게 무슨 일이 있었는지는 눈물이 날 것 같다며 말하지 않았다"
F1633,사실,90,2024-10-31,ch33,0,0,,0,1,,,,,,101,2,,person:아니스 person:신데렐라,확정,ch33,,아니스는 예전에 아름다움을 추구했지만 잘 되지 않았고 '다른 놈들 때문에' 지금처럼 되었다고 털어놓았다 — 신데렐라는 미련이 남아 최소한의 관리를 하는 손톱 · 머리 · 피부를 짚었다
F1634,사실,90,2024-10-31,ch33,0,0,,0,0,,,,,,90,1,,person:레비아탄 org:포비스트 concept:다크_매터 person:지휘관,확정,ch33,,"헬레틱 레비아탄(포비스트)은 다크 매터인 검은 물로 웅덩이를 만들어 지하에 터 둔 [물길]로 웅덩이 사이를 자기와 남을 옮기는데, 그 안에 두면 인간은 보통 밀도에 눌려 바로 압사한다 — 지휘관은 바로 죽지 않았다"
F1635,사실,90,2024-10-31,ch33,0,0,,0,4,,,,,,108,5,,person:레비아탄 person:지휘관 concept:언체인드 concept:다크_매터,확정,ch33,,"레비아탄이 지휘관의 피에 검은 물방울을 떨어뜨리자 남색으로 변해 흩어졌다 — 레비아탄은 피가 나노머신을 죽인 터무니없이 강한 농도의 언체인드라, 다크 매터를 무력화하고 [검은 바다]에서 살아남은 것도 그 때문이라 했다"
F1636,사실,90,2024-10-31,ch33,0,0,,0,5,,,,,,109,6,J10,person:베히모스 org:포비스트 item:하모니_큐브 place:수정_지역 person:니힐리스타 person:리버렐리오 person:인디빌리아 concept:헬레틱,확정,ch33,,"베히모스에 따르면 포비스트의 목적은 방주를 만드는 것 — 인프라 없이 껍데기만, 고속 진화를 이룬 상징을 만드는 일종의 의식 — 이고, 그것으로 비장의 무기를 만들어 자기들을 깔아뭉개고 짓밟던 [직계] 헬레틱(니힐리스타 · 리버렐리오 · 인디빌리아)에게 복수하려 한다 — 수정으로 전기를 모아 하모니 큐브를 돌린 것도 그 때문이다"
F1637,사실,90,2024-10-31,ch33,0,0,,0,0,,,,,,90,1,,person:베히모스 person:레비아탄 org:포비스트 concept:헬레틱 concept:언체인드,확정,ch33,,"포비스트는 직계 헬레틱에게 들킬까 두려워 숨어 기다려 왔다 — 베히모스는 이제 직계에게 지지 않을 만큼 강해졌다며 움직이자 했고, 레비아탄은 인질로 잡은 지휘관의 언체인드 피를 뽑아 복수에 쓰려 했다"
F1638,사실,90,2024-10-31,ch33,0,0,,0,0,,,,,,90,1,,person:레비아탄 concept:NIMPH concept:언체인드 concept:다크_매터,확정,ch33,,"레비아탄은 인간이 지하로 숨어들며 지상에 남긴 정보 · 기술을 모조리 긁어모아 NIMPH와 언체인드를 잘 알며, 검은 바다 구체에 가둔 니케를 액체 금속으로 짓누르며 NIMPH에 입력된 정보를 읽을 수 있다"
F1639,사실,90,2024-10-31,ch33,0,0,,0,0,,,,,,90,1,,person:신데렐라 person:그레이브 person:레비아탄 person:베히모스 item:유리_구두,확정,ch33,,"섬멸전용으로 만들어진 신데렐라는 주위에 아군이 있으면 힘을 다 쓸 수 없는데, 동료들이 검은 바다 구체에 갇히자 홀로 빠져나와 유리 구두의 섬멸 포격으로 베히모스 · 레비아탄을 숯덩이로 만들었다 — 레비아탄은 두 동강 난 몸의 반을 촉매로 신데렐라 · 그레이브를 웅덩이로 데려가고 나머지 반을 베히모스에게 넘겨 되살렸다"
F1640,사실,90,2024-10-31,ch33,0,0,,0,2,,,,,,119,2,,org:앱솔루트 person:은화 person:베스티 person:엠마 person:베히모스 person:라피,확정,ch33,,"되살아난 베히모스에게 라피가 허리가 꺾여 쓰러진 순간, 정비를 마친 앱솔루트가 재합류해 레이저 조준 저격 · 몸 안에서 터지는 탄 · 네이팜 미사일로 베히모스를 몰아냈다 — 미사일을 막으려 솟은 수정은 곧바로 빛을 잃고 바스러졌다"
F1641,사실,90,2024-10-31,relic:소녀의일기-절망편-,0,0,,0,0,,,,,,90,1,J10,org:포비스트 concept:헬레틱 person:니힐리스타 person:리버렐리오 person:인디빌리아,확정,relic:소녀의일기-절망편-,,"유실물 일기에 따르면 니케였던 적이 있는 헬레틱 소녀는 헬레틱 넷(포비스트)이 처음 모인 뒤 이름이 긴 선배들 — N · L · I선배 — 에게 인사하러 갔다가 흠씬 두들겨 맞고 '불량품', '가짜'라는 말을 들었고, 넷은 [직계]에게 복수해 그들이 소중히 여기는 것을 빼앗기로 했다"
F1642,사실,91,2024-10-31,ch34,0,0,,0,0,,,,,,91,1,,person:베히모스 person:레비아탄 org:포비스트 person:지즈 person:바하무트 item:하모니_큐브 place:수정_지역,확정,ch34,,"베히모스에 따르면 포비스트는 수정 지역에서의 목표를 거의 이뤄 유사 방주는 색칠만 남았고, 이제 하모니 큐브를 돌릴 만큼 많은 전기도 필요 없어 그곳을 지킬 이유가 없었지만, 둘은 또 도망치는 것이 자존심 상한다며 리벤지를 택했다 — 레비아탄은 넷 중 지즈와 바하무트가 있으면 이긴다고 했다"
F1643,사실,91,2024-10-31,ch34,0,0,,0,0,,,,,,91,1,J12,person:레비아탄 person:베히모스 person:신데렐라 person:그레이브 concept:다크_매터,확정,ch34,,"레비아탄은 언체인드에 당해 다크 매터가 약해진 베히모스를 위해 신데렐라 · 그레이브를 멀리 옮겨 두는 것으로 시간만 끌었고, 둘은 그 자리에서 몸에 묻은 검은 액체를 씻으며 일행을 기다렸다"
F1644,사실,91,2024-10-31,ch34,0,0,,0,1,,,,,,119,2,J2,org:앱솔루트 person:잉그리드 person:은화 person:베스티 person:엠마 concept:에블라_입자 place:수정_지역,확정,ch34,,"잉그리드가 오래전 준비한 앱솔루트의 [택티컬 업]은 바디 교체와 새 장비로 — 은화는 몸 안에서 터지는 관통 특수탄 · 고성능 스코프 · 카모플라쥬 스카프, 베스티는 미사일 증설 · 실드 숄, 엠마는 특수 용액 의상 — 엠마는 적정 농도의 에블라 입자로 수정의 먹이인 전기를 끊어 바스러뜨렸다"
F1645,사실,91,2024-10-31,ch34,0,0,,0,0,,,,,,91,1,,person:잉그리드 person:은화 person:라피,확정,ch34,,"잉그리드는 앱솔루트의 택티컬 업과 함께 라피의 것도 준비해 왔고, 은화는 그 택티컬 업 OS를 USB로 라피에게 건네며 마음에 들면 정식으로 요청하라 했다"
F1646,사실,91,2024-10-31,ch34,4,4,90,0,2,,,,,,102,4,,person:라피 person:레드_후드 person:지휘관 person:그레이브,확정,ch34,,"라피는 처음부터 목적도 이상도 사명도 없다가 레드 후드를 만나 그를 계승하려 했지만 흉내일 뿐임을 알고 포기했고, 다시 아무것도 남지 않았을 때 만난 지휘관 곁을 걷기 위해 레드 후드에게 받은 힘으로 지휘관을 지키며 이겨야만 했다고 털어놓았다 — 베히모스에게 지고, 긴 세월 포기하지 않고 이상을 이룬 그레이브에게 열등감을 느껴 조바심을 냈다"
F1647,사실,91,2024-10-31,ch34,0,0,,0,0,,,,,,91,1,,person:베히모스 person:레비아탄 concept:다크_매터 person:네온 concept:헬레틱 org:포비스트,확정,ch34,,베히모스 · 레비아탄은 네온의 비전 아이에 아예 잡히지 않는데 — 라피는 두른 다크 매터의 스텔스 기능으로 보았다 — 헬레틱끼리는 서로 위치를 느낄 수 있어 포비스트는 신데렐라가 있는 일행의 위치를 알고 있었다
F1648,사실,91,2024-10-31,ch34,1,1,90,0,0,,,,,,91,2,,person:그레이브 person:신데렐라 person:라피 person:레드_후드,확정,ch34,,"그레이브는 신데렐라에게서 과거의 자기가 지금과 많이 다른 존재였다고 들었을 뿐이라며, 과거의 자기는 신데렐라를 살리려 했고 지금은 지키려 하니 제대로 계승한 것이라 했다 — 계승은 그 존재가 되는 것이 아니라 그가 무엇을 위해 살았는지를 이어받아 자기 길을 가는 것이라 라피에게 말했다"
F1649,사실,91,2024-10-31,ch34,0,0,,0,0,,,,,,91,1,,person:그레이브 item:하모니_큐브 person:신데렐라,확정,ch34,,"그레이브의 [라이터즈 스포일러]는 등의 하모니 큐브 부품으로 연산하며 자기 바디를 보조 연산 장치로 써 대상의 패턴을 분석해 5초 뒤를 97%로 예측하는 능력으로, 검은 파도에 구멍을 내 일행을 통과시켰고 쓰고 나면 말이 느려진다 — 그레이브는 '다가올 불행을 피하기 위한 힘'이라 했다"
F1650,사실,91,2024-10-31,ch34,0,0,,0,0,,,,,,91,1,,person:그레이브 person:신데렐라 person:레비아탄 person:에이브,확정,ch34,,그레이브는 레비아탄이 신데렐라와 자기에게 쏟은 검은 바다의 폭포를 라이터즈 스포일러로 가장 밀도가 낮은 길을 찾아 신데렐라를 내보낸 뒤 미동도 없이 쓰러졌지만 살아 있었다 — 그를 찾으며 신데렐라는 '에이브'라 불렀다
F1651,사실,91,2024-10-31,ch34,1,1,81,0,0,,,,,,91,2,J12,person:그레이브,확정,ch34,,아니스에 따르면 그레이브는 전직 과학자였다
F1652,사실,91,2024-10-31,ch34,1,0,91,0,4,,,,,,127,4,,person:베히모스 person:레비아탄 concept:언체인드 concept:헬레틱 concept:랩쳐 org:포비스트,확정,ch34,,"소멸해 가던 베히모스는 레비아탄을 지키려다 처음 거대화했다 — 지휘관의 피로 날뛰는 세포를 이번엔 제어할 수 있는 느낌이었고, 거대화는 회복까지 시켜 직계가 자기들을 무시한 것도 당연하다고 했다 — 그 뒤 랩쳐 무리를 부릴 수 있게 되어 진정한 헬레틱으로 인정된 것이라 짐작했다"
F1653,사실,91,2024-10-31,ch34,1,1,90,0,0,,,,,,91,2,J10,person:레비아탄 person:신데렐라 org:포비스트,확정,ch34,,"레비아탄에 따르면 포비스트가 신데렐라를 원한 까닭은 열심히 만들고 있는 것의 재료로 쓰면 더 좋을 것 같아서였고, 그래서 신데렐라가 죽어도 상관없었다 — 무엇을 만드는지는 말하지 않았다"
F1654,사실,91,2024-10-31,ch34 event_oldtales1,1,0,91,0,0,,,,,,91,2,J12,person:레비아탄 person:신데렐라 person:세이렌 person:리틀_머메이드 concept:NIMPH concept:다크_매터,확정,event_oldtales1,,"레비아탄의 검은 바다는 NIMPH와 호환이 좋아 가둔 니케에게 환상으로 정신 붕괴를 걸 수 있는데, 레비아탄은 전에 이것으로 [물거품]을 베꼈다고 했다 — 신데렐라가 검은 액체가 세이렌(리틀 머메이드)의 것을 참고했느냐고 묻자 레비아탄은 놀라 '너, 뭐야?'라 했고, 신데렐라는 실마리를 찾았다며 옛 동료의 흔적을 조사하러 지상에 남았다"
F1655,사실,91,2024-10-31,ch34,0,0,,0,0,,,,,,91,1,J2,person:라피 person:레드_후드 person:레비아탄 person:베히모스 item:세븐스_드워프 concept:NIMPH,확정,ch34,,"NIMPH가 없는 라피에게는 레비아탄의 정신 붕괴 공간이 형성되지 않았고, 라피의 머리를 망가뜨리려던 레비아탄을 그곳에 나타난 레드 후드가 튕겨 내 라피와 마지막으로 작별했다 — 이어 변신한 라피가 세븐스 드워프로 베히모스를 꿰뚫어 폭발시켰고, 레비아탄은 코어를 안고 달아났다"
F1656,사실,91,2024-10-31,ch34,0,0,,0,0,,,,,,91,1,J2,person:레드_후드 person:스노우_화이트,확정,ch34,,"레드 후드는 스노우 화이트에게 '죽여주는' 무기로 드릴을 만들어 달라고 했고, 스노우 화이트는 시간이 좀 걸려도 꼭 만들겠다고 약속했다"
F1657,사실,91,2024-10-31,ch34,1,1,90,0,0,,,,,,91,2,,person:그레이브 person:라피 item:세븐스_드워프 person:레드_후드,확정,ch34,,그레이브에 따르면 세븐스 드워프는 라피에게 남은 레드 후드 때문이 아니라 지금의 라피에게 반응해 껍데기를 부수고 진짜 모습을 드러내 라피를 주인으로 인정했다 — 그레이브는 라피가 이제 진정한 의미로 레드 후드를 계승했다고 했다
F1658,사실,91,2024-10-31,ch34,0,0,,0,0,,,,,,91,1,,person:라피 person:지휘관 person:세실 org:엘리시온 concept:언체인드 person:신데렐라 person:그레이브 org:포비스트,확정,ch34,,"포비스트와 전면전이 되어 언체인드 탄환이 필수가 되었는데 세실과는 여전히 연락이 닿지 않아, 라피의 권고로 지휘관은 엘리시온에 언체인드를 밝히고 도움을 청하러 방주로 돌아갔다 — 신데렐라 · 그레이브는 방주에 가면 곤란할 것이라며 지상에 남았다"
F1659,사실,91,2024-10-31,ch34,0,0,,0,0,,,,,,91,1,,person:시프티 person:마나 place:수정_지역 item:A_필러 person:해머링 item:브레인_셸터,확정,ch34,,"시프티 · 마나에 따르면 수정 지역은 A 필러의 강화판 AA 필러로 한 번에 섬멸할 예정이고(휘말릴 위험과 포비스트 때문에 그동안 못 썼다), 해머링은 특수 브레인 셸터를 만들어 보관 중인데 수정은 아직 못 뗐지만 뇌파는 정상이다"
F1660,사실,91,2024-10-31,ch34,0,0,,0,0,,,,,,91,1,,person:엠마 person:잉그리드 place:방주 item:하모니_큐브,확정,ch34,,"엠마가 잉그리드에게 들은 바로는 인프라 수습이 거의 끝나고 첫 지상 탐색에서 기능하는 하모니 큐브 · 수정 같은 귀한 것을 얻어, 방주가 지상 탐색 인원을 대폭 늘릴 예정이다 — 지휘관과 따로 팀을 꾸릴 수도 있다"
F1661,사실,91,2024-10-31,relic:충격다크매터란무엇인가,0,0,,0,0,,,,,,91,1,,concept:다크_매터 concept:언체인드 org:포비스트 person:레비아탄,확정,,,"다크 매터 설명서에 따르면 다크 매터는 나노 머신이 내장된 액체 금속으로 사용자의 신호에 따라 모양을 바꾸지만 총 · 대포는 못 만들고, 물처럼 자유자재로 쓰는 것은 필자 같은 헬레틱만 할 수 있어 다른 이들은 몸에 두르고 닳으면 필자에게 말하라 했다 — 언체인드는 나노 머신을 죽이니 주의해야 한다"
F1662,사실,91,2024-10-31,event_oldtales1,0,0,,0,0,,,,,,91,1,,person:신데렐라 org:갓데스 person:릴리바이스 concept:적합자,확정,event_oldtales1,,"사람이던 신데렐라는 1차 침공 중 무너지는 도시에서 쇠파이프를 들고 버티다 갓데스의 첫 공식 임무에 구해졌다 — 지휘관의 'PR' 지시로 릴리바이스가 '인류의 희망, 승리의 여신, 갓데스'라 이름을 댔고, 신데렐라는 먼지투성이 그들을 세상 무엇보다 아름답다고 여겨 갓데스처럼 되려고 적합자에 지원했다"
F1663,사실,91,2024-10-31,event_oldtales1,2,0,91,0,1,,,,,,109,3,,person:에이브 org:V.T.C. concept:양산형_니케 concept:페어리_테일,확정,event_oldtales1,,"에이브는 V.T.C.의 수석 니케 연구원이었는데 잠을 자야 하는 게 번거로워 자진해서 양산형 니케가 되었고, 양산형으로는 드물게 기억이 그대로 남아 잠도 자지 않고 2세대 페어리 테일 모델들을 만들었다"
F1664,사실,91,2024-10-31,event_oldtales1,0,0,,0,1,,,,,,107,2,,concept:페어리_테일 org:인류연합군 org:V.T.C. person:에이브,확정,event_oldtales1,,"에이브에 따르면 2세대 페어리 테일 모델은 갓데스의 데이터로 만든, 페어리 테일 모델을 웃도는 차세대기로 인류연합군과 V.T.C.가 함께 만든 기술의 결정체이다 — 천문학적 비용이 든 그들이 누구의 것이 되느냐는 이권 싸움 때문에 테스트는 늘 준비 만전이었는데도 실전 배치가 계속 미뤄졌다"
F1665,사실,91,2024-10-31,event_oldtales1,1,0,91,0,0,,,,,,91,1,,person:헨젤 person:그레텔 person:레드_슈즈 person:리틀_머메이드 person:세이렌 person:에이브 concept:페어리_테일,확정,event_oldtales1,,"2세대는 공식으로 신데렐라 · 레드 슈즈 · 리틀 머메이드 셋만 만들 예정이었고, 헨젤과 그레텔은 에이브가 허가 없이 비밀리에 만든 쌍둥이 2세대다 — 레드 슈즈는 V.T.C.의 우수 연구원이자 일등 사제 출신이고, 동료들이 세이렌이라 부르는 리틀 머메이드는 말이 명령이 되어 버리는 제어 불가능한 언령 구사자라 말을 삼간다"
F1666,사실,91,2024-10-31,event_oldtales1,0,0,,0,0,,,,,,91,1,,person:레드_슈즈 person:리틀_머메이드 item:마녀의_아궁이 item:유리_구두 person:헨젤 person:그레텔 person:신데렐라 person:에이브,확정,event_oldtales1,,"2세대의 전용 무장은 고기동 부스터 파츠 [레드 슈즈], 세이렌의 목소리를 상대에게만 전하는 액체 금속 촉매 [물거품], 헨젤 · 그레텔의 조합 · 발사 장치 [마녀의 아궁이], 유리 코팅 바디와 척력 부유 장치의 공수양면 무장 [유리 구두]다 — 에이브는 신데렐라를 '포스트 갓데스'라 할 최고의 역작이라 했다"
F1667,사실,91,2024-10-31,event_oldtales1,0,0,,0,0,,,,,,91,1,,person:신데렐라 org:갓데스 place:궤도_엘리베이터 person:퀸 person:글러트니 org:인류연합군 org:V.T.C.,확정,event_oldtales1,,"인류연합군과 V.T.C.가 합의해 테스트 결과가 가장 좋은 신데렐라가 먼저 실전에 나가게 되었다 — 갓데스와 연합해 궤도 엘리베이터(퀸)를 치는 작전에서, ICBM을 삼켜 그 에너지를 뱉은 랩쳐 [글러트니] 때문에 전략 병기를 못 쓰니 신데렐라가 전략 병기 역할로 궤도 엘리베이터 앞을 쓸어 갓데스의 길을 열 예정이었다"
F1668,사실,91,2024-10-31,event_oldtales1,0,0,,0,0,,,,,,91,1,,person:신데렐라 concept:침식 concept:콜링_시그널 person:리틀_머메이드 person:레드_슈즈 person:헨젤 person:그레텔 person:에이브,확정,event_oldtales1,,갓데스와 합류하러 나서던 신데렐라는 보이지 않는 벽에 가로막혀 벽 너머에서 눈이 붉어진 자기 몸을 지켜보게 되었다 — 붉은 눈의 신데렐라는 유리 구두의 빔으로 동료들을 쓰러뜨리고 세이렌의 턱을 부수고 레드 슈즈의 다리를 뜯고 헨젤 · 그레텔의 맞잡은 손을 끊은 뒤 콜링 시그널로 랩쳐를 불러 연구소를 떠났다
F1669,사실,91,2024-10-31,event_oldtales1,1,1,55,0,1,,,,,,110,3,,person:미러 person:신데렐라 concept:침식 person:퀸 org:갓데스,확정,event_oldtales1,,"침식된 신데렐라의 마음속에서 거울(이름표 미러)이 말을 걸어, 갓데스를 도우려면 갓데스의 적 — 너와 닮은 이들(니케 · 인간) — 을 모두 죽이라고 꾀었고, '모든 것은 갓데스를 위해'를 따라 하게 하다 '모든 것은 퀸을 위해'로 바꿔 말하게 했다 — 신데렐라는 갓데스를 구하겠다며 모두 죽이겠다고 했다"
F1670,사실,91,2024-10-31,event_oldtales1,0,0,,0,0,,,,,,91,1,,concept:헬레틱 person:아나키오르 person:신데렐라 org:V.T.C. org:인류연합군,확정,event_oldtales1,,"V.T.C. 고위 간부는 인류를 위해 태어났으나 랩쳐 편으로 돌아선 그것과 같은 것들을 [헬레틱]으로 범주화하고, 그 개체(신데렐라)에게서 페어리 테일의 이름을 박탈해 [아나키오르]로 명명했다 — 아나키오르는 인류연합군 병력을 '온갖 기술을 시험하듯' 쓸어 버렸다"
F1671,사실,91,2024-10-31,event_oldtales1,0,0,,0,0,,,,,,91,1,,person:에이브 person:레드_슈즈 person:리틀_머메이드 person:헨젤 person:그레텔 concept:양산형_니케,확정,event_oldtales1,,"신데렐라에게 당한 뒤 랩쳐가 연구소로 쳐들어오자 에이브는 쓰러진 2세대들을 내부 셸터로 옮기고, 시설 경비 양산형 니케들이 랩쳐에게 쓸려 나가는 틈을 방패 삼아 스페어 바디를 가져와 셸터와 이어진 비밀 기지에서 두 달 동안 혼자 고쳤다 — 그러면서 2세대가 모두 배신자 취급인 것을 숨기고 통신선을 끊어 두었다"
F1672,사실,91,2024-10-31,event_oldtales1,0,0,,0,3,,,,,,133,2,,person:오스왈드 person:레드_슈즈 person:에이브 org:중앙_정부 concept:침식 concept:페어리_테일,확정,event_oldtales1,,"레드 슈즈가 고친 통신으로 연락받은 오스왈드가 대인 무장 병력을 이끌고 왔다 — 중앙 정부 수뇌부는 실전에 나간 적 없는 신데렐라가 침식된 것을 보고 2세대가 개발 단계부터 오염되었다고(에이브를) 의심해, 대 아나키오르용 제압탄으로 레드 슈즈를 쓰러뜨리고 침식 검사와 개발 중인 뇌스캔(레드 슈즈는 90% 넘게 죽는다 했다)을 받게 하려 했다"
F1673,사실,91,2024-10-31,event_oldtales1,0,0,,0,1,,,,,,133,2,,person:에이브 person:리틀_머메이드 person:오스왈드 person:신데렐라,확정,event_oldtales1,,"에이브의 헬멧(깃에서 솟아 얼굴을 덮는다)은 언령 신호를 막아, 세이렌의 [움직이지 마]로 모두 멈춘 사이 에이브만 움직여 오스왈드와 병사들을 전기 충격기로 쓰러뜨렸다 — 일행은 달아나 신데렐라를 두들겨 패서라도 설득하기로 했다"
F1674,사실,91,2024-10-31,event_oldtales1,0,0,,0,0,,,,,,91,1,,person:아나키오르 person:신데렐라 person:에이브 item:유리_구두 org:중앙_정부,확정,event_oldtales1,,"에이브 일행이 막아선 아나키오르는 랩쳐에게 개조라도 당한 듯 스펙이 터무니없이 높아져 있었고, 중앙 정부 병력이 다가오자 하늘로 떠올라 빔 폭격의 섬멸전을 벌였다 — 홀로 버틴 에이브가 유리 구두를 끌어안아 비춰 주자 벽 안의 신데렐라는 니케의 머리를 든 자기를 보고 절규했고, 아나키오르는 에이브를 반쯤 남을 때까지 쏘았다"
F1675,사실,91,2024-10-31,event_oldtales1,1,1,81,0,0,,,,,,91,2,,person:신데렐라 person:미러 person:아나키오르 org:갓데스 person:퀸,확정,event_oldtales1,,동료들마저 죽이려는 것을 막으려 신데렐라는 '갓데스를 죽여 달라'는 조건으로 미러의 '진짜 사명'(퀸을 위해 퀸의 적을 죽이는 것)을 받아들였다 — 아나키오르가 갓데스를 이길 리 없으니 신데렐라(아나키오르)째 죽어 버리라는 속셈이었다
F1676,사실,91,2024-10-31,event_oldtales1,0,0,,0,0,,,,,,91,1,,person:아나키오르 person:신데렐라 concept:언체인드 concept:헬레틱 concept:침식 person:에이브 org:중앙_정부,확정,event_oldtales1,,"에이브에 따르면 갓데스와 싸워 진 아나키오르는 상처마다 바로 재생해 죽지 않아 가칭 [헬레틱 연구소]로 옮겨져 무기 · 재생 능력 · 내부에 대한 실험을 당했고, 미지의 물질 [언체인드]를 주입하자 재생이 눈에 띄게 약해지며 의식을 되찾았다 — 에이브는 언체인드가 헬레틱을 죽이는 물질이 아니라 침식 치료제라 보았다"
F1677,사실,91,2024-10-31,event_oldtales1,0,0,,0,0,,,,,,91,1,,person:신데렐라 concept:침식 org:중앙_정부,확정,event_oldtales1,,"제정신으로 돌아온 신데렐라는 동료와 갓데스의 안부를 묻다 연구원에게 '살인마, 학살자, 배신자, 인류의 실패작'이라 욕을 듣고, 속죄로 아무것도 하지 않고 실험체로 남기로 했다 — 연구소 간부는 침식은 절대 치료되지 않는다며 그녀의 말에 현혹되지 말라 했다"
F1678,사실,91,2024-10-31,event_oldtales1,0,0,,0,0,,,,,,91,1,,person:신데렐라 person:에이브 person:아나키오르 concept:콜링_시그널 org:중앙_정부,확정,event_oldtales1,,"타일런트 급 5기를 포함한 랩쳐 대부대가 헬레틱 연구소를 덮칠 때 신데렐라는 면회 온 에이브와 탈출했고, 겁에 질린 연구원은 그녀를 쏘다가 끝내 자기 머리를 쏘았다 — 공식 보고서는 사망 425명 · 자료 전소, 의식이 돌아온 지 32일 된 아나키오르가 콜링 시그널로 랩쳐를 불러 연구소 인원을 죽이고 탈주했다고 확정했다"
F1679,사실,91,2024-10-31,event_oldtales1,0,0,,0,0,,,,,,91,1,,org:중앙_정부 org:인류연합군 org:V.T.C. place:방주 person:오스왈드 place:궤도_엘리베이터,확정,event_oldtales1,,"에이브에 따르면 오스왈드가 쓰러진 2세대를 회수해 고쳤고, 뇌스캔은 좋아하는 음식 정도만 알아낼 수준이라 말과 증거로 결백을 증명했다(감시는 붙었다) — 그사이 인류연합군과 V.T.C.가 다른 세력까지 합병해 중앙 정부가 되었고, 인류는 신데렐라 때문에 궤도 엘리베이터 공략이 실패하자 패배를 인정하고 지하 도시 방주로 옮겨 가고 있었다"
F1680,사실,91,2024-10-31,event_oldtales1,1,0,91,0,1,,,,,,91,2,,person:신데렐라 concept:침식 person:미러,확정,event_oldtales1,,"되돌아온 신데렐라는 눈만 붉은 채 남았고(레드 슈즈는 '낙인' 같다 했다) 몸에는 전능감이 들 만큼 활력이 넘쳤다 — 침식 동안의 일을 다 기억하며, 그때는 살인이 퀸을 위한 아름다운 일이라 믿었고, 뚫리지 않는 벽 너머의 자기를 지켜봐야 했으며, 자기를 그쪽으로 넘기려는 인격 같은 목소리가 유혹하고 협박했다고 했다"
F1681,사실,91,2024-10-31,event_oldtales1,2,1,17,1,1,,,,,,154,4,,person:레드_슈즈 concept:침식 concept:NIMPH concept:랩쳐 person:신데렐라 person:아나키오르,확정,event_oldtales1,,"레드 슈즈는 자기가 침식을 키웠다고 털어놓았다 — NIMPH에 침입해 '움직이지 마라'만 명령하던 초기 침식에 명령과 자기 인격 데이터를 심었지만 니케가 곧 죽자 랩쳐에게 돌려보냈고, 랩쳐가 완벽하게(사람이 해석할 수 없게) 다듬어 돌려준 것을 마지막 정비 때 신데렐라에게 넣었다"
F1682,사실,91,2024-10-31,event_oldtales1,2,0,91,0,0,,,,,,91,1,,person:레드_슈즈 concept:침식 concept:랩쳐 person:아나키오르 concept:페어리_테일,확정,event_oldtales1,,"레드 슈즈는 사람일 때부터 니케를 모두 침식시켜 '랩쳐는 아군'이 되게 하는 랩쳐와의 [화합 · 공존]을 꿈꿨고(전날 밤의 '하나로 모으는 것'), 그 신념을 퍼뜨리려 포스트 갓데스가 되려고 페어리 테일 모델에 지원했다 — 아나키오르를 랩쳐의 평화 협정 답장이자 상징으로 여겼고, 뇌스캔도 별것 아닌 기술이라 피해 갔다"
F1683,사실,91,2024-10-31,event_oldtales1,0,0,,0,0,,,,,,91,1,,person:신데렐라 person:레드_슈즈 person:헨젤 person:그레텔 person:리틀_머메이드 person:에이브,확정,event_oldtales1,,"신데렐라는 유리 구두의 빛으로 레드 슈즈의 코어를 꿰뚫었다 — 레드 슈즈의 두 다리는 본체가 죽은 뒤에도 신데렐라를 덮치다 잘려 어둠 속으로 사라졌고, 레드 슈즈는 '나도 헬레틱으로 만들어 주면 좋겠다'며 숨졌다 — 헨젤 · 그레텔 · 세이렌은 그녀의 말을 믿지 않고 공격하려 했고, 신데렐라는 따라오면 죽이겠다며 떠났다"
F1684,사실,91,2024-10-31,event_oldtales1,1,0,91,0,1,,,,,,109,2,J12,person:에이브 person:신데렐라 item:유리_구두,확정,event_oldtales1,,"구름 한 점 없는 하늘과 지평선이 맞닿은 곳에서 유리 구두로 자결하려던 신데렐라를 에이브가 찾아왔다 — 갓데스가 아니라 신데렐라를 늘 지켜본 '관객'이었고 그녀가 자기의 '승리의 여신'이라며 망친 동화를 다시 쓰자 했고, 신데렐라는 '최고의 관객'을 위해 이야기를 이어 쓰겠다고 했다"
F1685,사실,91,2024-10-31,event_oldtales1,0,0,,0,0,,,,,,91,1,,person:신데렐라 person:오스왈드 person:에이브 org:중앙_정부 person:퀸 person:헨젤 person:그레텔,확정,event_oldtales1,,"신데렐라는 자기가 망친 것을 직접 수습하려 퀸을 치기로 했다 — 2세대 셋을 데려온 오스왈드는 중앙 정부가 사기를 위해 아나키오르를 반드시 말살할 방침이라며, 신데렐라가 모든 죄를 쓰고 죽으면 에이브와 나머지 2세대(비인가 헨젤 · 그레텔 탓에 에이브가 헬레틱 제작자로 몰릴 수 있다)가 오명을 벗는다고 했다"
F1686,사실,91,2024-10-31,event_oldtales1 erelic:old_tales_mini_memory,0,0,,0,2,,,,,,133,4,,person:레드_슈즈 person:오스왈드 concept:침식 org:V.T.C. person:신데렐라,확정,event_oldtales1 erelic:old_tales_mini_memory,,"오스왈드의 조사로 레드 슈즈가 몰래 쓰던 옛 V.T.C. 연구실이 드러났다 — 뇌 수술 흔적이 있고 눈이 모두 붉어진 채 죽은 니케 200여 기와, 무장이 떨어진 채 침식 유발 장치만 작동하던 랩쳐 10여 기가 있었고, 연구실 전체가 신데렐라의 사진으로 도배되어 있었다"
F1687,사실,91,2024-10-31,event_oldtales1,1,0,91,0,0,,,,,,91,1,,person:헨젤 person:그레텔 person:리틀_머메이드 person:신데렐라 person:오스왈드 person:에이브,확정,event_oldtales1,,레드 슈즈를 왜 죽였는지 묻고 진상을 알게 된 헨젤 · 그레텔과 세이렌은 믿지 못한 것을 사과하고 신데렐라를 지키러 함께 가기로 했다 — 말살하러 왔다던 오스왈드는 '그 이름을 짊어진 이들의 팬'이라며 [모든 것]에서 안전한 장소와 이동 루트를 넣은 타블렛을 에이브에게 건네고 이겨 달라고 했다
F1688,사실,91,2024-10-31,event_oldtales1,0,0,,0,0,,,,,,91,1,,person:오스왈드 person:에이브 concept:언체인드 concept:NIMPH concept:침식 person:신데렐라 person:레드_후드,확정,event_oldtales1,,"오스왈드는 침식을 끌어안은 채 끝까지 싸운 영웅의 끝이 서글프지 않도록 침식이 치료될 수 있다고 믿기로 했다 — 에이브는 언체인드에 노출되면 체내 나노머신 98%가 죽는다는 보고서로 그 나노머신이 NIMPH라 확신했고, 신데렐라의 NIMPH 2%가 남아 침식이 증식할 수 있다는 오스왈드에게 신데렐라는 절대 더러워지지 않는다고 믿는다 했다"
F1689,사실,91,2024-10-31,event_oldtales1,3,0,91,0,2,,,,,,109,2,,person:신데렐라 person:에이브 person:헨젤 person:그레텔 person:리틀_머메이드 person:레드_슈즈 person:미러 concept:침식 place:궤도_엘리베이터 incident:아크_가디언_작전,확정,event_oldtales1,,"2세대는 아크 가디언 막바지 랩쳐 정예가 방주로 향한 틈에 궤도 엘리베이터를 쳤다 — 세이렌의 언령으로 모은 랩쳐를 헨젤 · 그레텔이 날리고 유리 구두가 코어를 꿰뚫었고, 레드 슈즈의 다리를 단 랩쳐가 침식 유발 장치로 신데렐라를 찔렀지만 그녀는 에이브의 눈에 비친 자기를 보고 미러의 벽을 깼다"
F1690,사실,91,2024-10-31,event_oldtales1,0,0,,0,1,,,,,,109,2,,place:궤도_엘리베이터 person:퀸 concept:랩쳐 person:에이브 person:신데렐라 person:헨젤 person:그레텔 person:리틀_머메이드,확정,event_oldtales1,,"에이브는 궤도 엘리베이터의 화물용 엘리베이터가 가동 중이고 긁힌 자국이 있어 스테이션에서 랩쳐를 만들어 내려보낸다는 가설이 맞았다고 했다 — 위에서 내리꽂힌 빔(에이브는 퀸이라 봤다)에 헨젤 · 그레텔 · 세이렌이 떨어지고, 에이브도 못 이기면 스테이션을 떼어내라며 떨어져 신데렐라만 스테이션에 닿았다"
F1691,사실,91,2024-10-31,event_oldtales1,0,0,,0,0,,,,,,91,1,,person:오스왈드 concept:페어리_테일 person:릴리바이스 incident:아크_가디언_작전 place:방주,확정,event_oldtales1,,"오스왈드는 위의 명령으로 2세대 페어리 테일 모델 관련 정보를 모두 파기하게 했다 — 아크 가디언은 릴리바이스 덕분에 성공했지만 승리의 여신 그 자체인 그녀를 잃어 사기가 바닥이라 실패한 동화를 남길 수 없었고, 오스왈드는 언젠가 그들의 이야기를 깨끗한 백지에 다시 쓰도록 백지로 만드는 것이 자기가 할 수 있는 일이라 했다"
F1692,사실,91,2024-10-31,event_oldtales1,2,0,91,0,1,,,,,,149,2,,person:에이브 person:신데렐라 place:방주 person:헨젤 person:그레텔 person:리틀_머메이드,확정,event_oldtales1,,5년 뒤 그 높이에서 떨어지고도 살아 스스로 몸을 고친 에이브는 방주가 완전히 밀봉되어 랩쳐 말고 아무도 없는 지상을 헤매다 크레이터의 흙더미 속에 잠든 신데렐라를 찾았다(헨젤 · 그레텔 · 세이렌은 못 찾았다) — 1년 뒤 뇌파가 불안정해 머릿속이 깨끗해질 그녀를 위해 생명 유지 · 간단한 수리 기능을 갖춘 관 모양 장치를 만들었다
F1693,사실,91,2024-10-31,event_oldtales1,1,0,91,0,2,,,,,,102,3,,person:에이브 person:신데렐라 concept:양산형_니케 concept:NIMPH,확정,event_oldtales1,,"3년 뒤 랩쳐 다섯과 싸우다 머리를 다친 에이브는 쉽던 수리를 하지 못하게 되었고, 다시 5년 뒤 지상에서 만난 연구원들은 2세대 기록이 없다며 그를 낡은 양산형으로 잡아 1년 동안 열어 본 뒤 몰래 엘리베이터로 올려보냈다 — 얼굴이 망가지고 말이 끊기게 된 에이브는 신데렐라가 아름다운 것만 보도록 헬멧을 썼다"
F1694,사실,91,2024-10-31,event_oldtales1,1,0,91,0,1,,,,,,101,2,,person:에이브 person:신데렐라 concept:랩쳐,확정,event_oldtales1,,"다시 몇 해 뒤 폐허가 된 자기 연구소를 찾은 에이브는 늘 무한으로만 표시되던 랩쳐 카운트 전광판에 긴 숫자가 떠 있는 것을 보고, 신데렐라가 성공한 것 — 아무것도 이루지 못한 게 아니었다 — 이라 여기며 울었다"
F1695,사실,91,2024-10-31,erelic:old_tales_dialog,0,0,,0,0,,,,,,91,1,,org:갓데스 concept:랩쳐,확정,erelic:old_tales_dialog,,"갓데스의 지휘관은 기록 영상에서 랩쳐가 무엇인지는 자기도 모르지만 우리를 멸망시키려는, 사상의 충돌 같은 인간적 이유로 생긴 적이 아닌 단순한 인류의 적이니 어떻게 때려잡을지를 고민하라고 했다"
F1696,사실,91,2024-10-31,erelic:old_tales_dialog,0,0,,0,0,,,,,,91,1,,person:아나키오르 org:중앙_정부 concept:헬레틱,확정,erelic:old_tales_dialog,,"헬레틱 연구소의 중앙 정부 간부와 연구원들은 아나키오르에게 고향과 가족을 잃어(연구원의 고향 발리 카운티는 괴멸) 연구를 빌미로 한 복수를 묵인했고, 헬레틱은 잘라 내도 모든 부위가 재생되며 바디 출력이 떨어지지 않았다"
F1697,사실,91,2024-10-31,erelic:old_tales_dialog,1,0,91,0,0,,,,,,91,2,,person:에이브 person:신데렐라,확정,erelic:old_tales_dialog,,"엘리베이터에서 떨어져 크게 망가진 신데렐라를 에이브는 부품이 없자 자기 몸의 부품으로 고쳤고, 깨어나 거울을 볼 그녀가 더럽지 않도록 늘 닦았다 — 꿈에 나온 동료 셋(둘은 똑같이 생긴)의 얼굴은 알아보지 못했다"
F1698,사실,91,2024-10-31,erelic:old_tales_dialog,0,0,,0,0,,,,,,91,1,,person:에이브 person:니힐리스타 person:신데렐라 concept:헬레틱,확정,erelic:old_tales_dialog,,"에이브는 동료인 줄 알았던 '화룡' 니힐리스타가 헬레틱이었고 신데렐라를 데려가려 해 겨우 달아났으며, 이길 수 없으니 숨어서 기다리고 신데렐라를 절대 돌아가게(아나키오르로) 두지 않겠다고 했다"
F1699,사실,91,2024-10-31,erelic:old_tales_lost,0,0,,0,0,,,,,,91,1,,concept:침식 concept:NIMPH concept:랩쳐,확정,erelic:old_tales_lost,,"공식 침식 보고서에 따르면 침식은 랩쳐가 촉수 장비를 니케에게 찔러 일으키는 전염성 없는 짧은 마비로 여겨졌다가 NIMPH에 [행동 정지] 강제 명령을 내리는 것(언령과 일맥상통)으로 확정되었고, 백신은 듣지 않고 NIMPH의 자체 방어로 곧 사멸해 NIMPH 블랙박스가 해석될 때까지 치료 연구가 잠정 중단되었다"
F1700,사실,91,2024-10-31,erelic:old_tales_lost,1,0,91,0,0,,,,,,91,2,,person:레드_슈즈 concept:침식 concept:NIMPH concept:양산형_니케,확정,erelic:old_tales_lost,,"비공식 보고서의 필자(레드 슈즈)는 상부가 철저히 금지한 침식-NIMPH 연구를 몰래 이어, 침식 유발 랩쳐와 양산형 니케로 개인 실험실을 꾸리고 침식에 명령을 심어 실험체들이 따르게 했다(실험체 13은 3분간 소리를 지르고, 49는 스스로를 해쳤다) — 침식은 NIMPH를 변형시키는 절대 명령권이었지만 지속 시간이 짧았다"
F1701,사실,91,2024-10-31,erelic:old_tales_lost,0,0,,0,1,,,,,,91,2,,person:레드_슈즈 concept:침식 concept:랩쳐 org:V.T.C.,확정,erelic:old_tales_lost,,"필자(레드 슈즈)는 V.T.C. 인맥으로 자기 인격 데이터를 넘겨받으며 화합의 꿈을 들킨 이를 '순교'시켰고, 그 데이터를 심은 침식에 걸린 실험체 134는 랩쳐를 지키고 니케를 적대했으며 랩쳐도 그를 공격하지 않았다 — 풀리자마자 자살하는 등 오래가지 않자, 랩쳐 10기에 심어 돌려보냈고 이후 침식은 지속 · 발현 · 행동 양식이 크게 강해졌다"
F1702,사실,91,2024-10-31,erelic:old_tales_lost,0,0,,0,0,,,,,,91,1,,person:레드_슈즈 person:신데렐라 person:아나키오르 concept:페어리_테일 concept:침식,확정,erelic:old_tales_lost,,"침식이 완벽해졌다고 본 필자는 마지막 단계로 페어리 테일 모델이 침식에 걸리면 랩쳐가 일회용으로 쓰지 않으리라 기대하며 '신데렐라는 어떻게 될까'라 적었고, 이어 '됐다'를 되풀이하며 '아름다운 아나키오르 · 화합의 길로 이끌어 주소서'라 썼다"
F1703,사실,91,2024-10-31,erelic:old_tales_lost,2,1,81,0,1,,,,,,101,4,J12,concept:헬레틱 person:퀸 person:신데렐라 person:아나키오르 person:레드_슈즈 concept:침식,확정,erelic:old_tales_lost,,"신데렐라에게 남긴 글에 따르면 헬레틱은 아무나 될 수 없고 랩쳐의 퀸에게 선택받은 니케만 될 수 있으며, 인격 박리와 '저를 기반으로 한 더욱 진화된 인격 데이터'가 정성스럽게 헬레틱으로 이끈다 — 글은 신데렐라가 아나키오르였을 때 가장 아름다웠다고 맺는다"
F1704,사실,91,2024-10-31,erelic:old_tales_mini_memory,0,0,,0,0,,,,,,91,1,,person:아나키오르 person:신데렐라 org:인류연합군,확정,erelic:old_tales_mini_memory,,"한 인류연합군 병사의 편지에 따르면 갓데스 후속기(동화 이름의 니케)가 그의 부대로 오기로 했다가 다른 부대로 바뀌었는데 그녀가 인류를 배신해 맞이하러 간 부대가 전멸했고, 그 '괴물'을 잡으러 가라는 명령을 받은 그의 부대는 떠나기 전 먼저 온 그것에 몰살당했다"
F1705,사실,91,2024-10-31,erelic:old_tales_mini_memory,0,0,,0,0,,,,,,91,1,,org:인류연합군 person:아나키오르 org:갓데스,확정,erelic:old_tales_mini_memory,,"2세대 출전을 알리던 인류연합군 홍보물 시안은 '니케의 외형을 지닌 인류의 배신자 · 하얀 괴물'을 갓데스가 막는다는 것으로 바뀌었다가, '갓데스조차 이겨 내지 못했다 · 랩쳐가 된 하얀 니케를 맞이하라'는 조롱으로 폐기되었다"
F1706,사실,91,2024-10-31,erelic:old_tales_mini_memory,0,0,,0,0,,,,,,91,1,,concept:침식 person:퀸 concept:랩쳐,확정,erelic:old_tales_mini_memory,,"침식이 느리게 진행된 한 니케가 남긴 녹음에 따르면 침식에 걸리면 귓가에 속삭임이 들리고 또 다른 자기가 앞에 있으며 랩쳐는 적이 아니라고 설득하던 [침식의 목소리]가 벽이 두꺼워지자 소중한 것을 다 죽이겠다고 협박했고, 그 니케는 '퀸을 위해'를 되뇌다 사살되었다"
F1707,사실,91,2024-10-31,erelic:old_tales_mini_memory,0,0,,0,0,,,,,,91,1,,person:에이브 person:신데렐라 person:레드_슈즈 concept:침식 person:아나키오르,확정,erelic:old_tales_mini_memory,,"에이브의 메모에 따르면 그는 신데렐라를 아나키오르라 부르며 죽이려는 인류에 맞서 '내 새끼'를 포기하지 않기로 했다 — 동료들을 다 고친 뒤 신데렐라의 침식은 알려진 것과 너무 다르고 감염 경로도 알 수 없어 레드 슈즈에게 물었지만, 레드 슈즈는 침식은 돌이킬 수 없다고 했다"
F1708,사실,91,2024-10-31,erelic:old_tales_mini_memory,1,0,91,0,0,,,,,,91,2,,person:아나키오르 concept:언체인드 concept:침식 person:에이브 org:중앙_정부,확정,erelic:old_tales_mini_memory,,"헬레틱 연구소 연구원의 일지에 따르면 언체인드로 침식을 융화시킨 아나키오르를 붉은 눈이라 아직 치료되지 않았다고 보고 실험했는데, 그는 처음엔 살아 있는 니케 실험을 꺼림칙해했지만 재생과 통각을 보며 고통을 궁금해하게 되었다 — 찾아와 그녀를 '내 새끼'라 부르며 데려가려는 에이브(직급이 훨씬 높은 개발 연구원)를 귀찮아했다"
F1709,사실,91,2024-10-31,erelic:old_tales_mini_memory,0,0,,0,0,,,,,,91,1,,person:레드_슈즈 org:V.T.C. concept:침식 person:신데렐라 person:오스왈드,확정,erelic:old_tales_mini_memory,,"O에게 보낸 보고에 따르면 폐쇄된 옛 V.T.C. 연구실에 잠입한 요원은 벽을 도배한 청백색 머리 · 푸른 눈 소녀의 사진, 뇌 수술 흔적에 눈이 붉은 니케들, 무장이 뜯긴 침식 개체 랩쳐를 보았고, 담당자가 '레드 ㅅ'인 V.T.C. 침식 연구 보고서를 찾다가 보고가 임시 저장으로 끊겼다"
F1710,사실,91,2024-10-31,erelic:old_tales_mini_memory,1,0,91,1,2,,,,,,109,4,,person:리틀_머메이드 person:신데렐라 person:아나키오르,확정,erelic:old_tales_mini_memory side:mudfish,,"물방울 다섯 편을 쓴 이(세이렌으로 보인다)는 붉은 눈의 신데렐라가 무서워 믿지 못한 것을 후회하며, 아나키오르가 다시 그녀를 데려가면 자기가 구하고 어떤 모습이어도 손을 잡겠다고 다짐했다"
F1711,사실,91,2024-10-31,erelic:old_tales_mini_memory,0,0,,0,0,,,,,,91,1,,person:신데렐라 person:에이브 person:레드_슈즈 item:유리_구두,확정,erelic:old_tales_mini_memory,,"동화 [BLUE IN THE GLASS]는 신데렐라의 이야기를 옮겨, 잠을 자지 않으려 아름다운 존재가 된 천재 요정이 소녀에게 유리 구두를 주고 무도회(데뷔)를 따라온 붉은 구두를 소녀가 뚫어 막았다고 쓰고, 12시 종에 마법과 푸른 눈을 잃은 소녀의 푸른빛은 유리 구두에 담겨 [왕자님]을 만나는 날 깨어나 붉은 눈이 더는 빛나지 않으리라 맺는다"
F1712,사실,91,2024-10-31,char:226,0,0,,0,0,,,,,,91,1,,concept:침식 person:라푼젤 org:갓데스 concept:양산형_니케,확정,char:226,,"갓데스 시절 침식은 침식 유발 개체에 당한 니케를 마비시키는 것이었고(랩쳐는 움직이지 못하는 니케를 데려가며 침식된 니케는 공격하지 않았다), 어느 날 마비 없이 침식 직전의 말 · 행동만 되풀이하는 '이상 침식' 니케가 처음 나타나 라푼젤이 확인한 것만 15명이 되었다"
F1713,사실,91,2024-10-31,char:226,0,0,,0,0,,,,,,91,1,,concept:침식 org:갓데스 person:도로시 concept:양산형_니케,확정,char:226,,"이어 눈이 붉어진 침식 니케가 동료를 '랩쳐다'라 외치며 쏘고 랩쳐를 도와 니케들을 공격했다 — 동료를 쏘지 못한 양산형 20기가 당했고(3기는 머리를 맞아 전투불능), 도로시가 팔다리를 쏘아도 상체만 일으켜 난사했으며 안정제 · 수면제도 듣지 않았다"
F1714,사실,91,2024-10-31,char:226,0,0,,0,0,,,,,,91,1,,person:라푼젤 person:에이브 person:레드_슈즈 concept:침식 org:엘리시온,확정,char:226,,"라푼젤은 침식 니케를 엘리시온 제3 연구소의 에이브에게 데려갔는데, 그곳에는 사제 · 연구원 출신으로 '극비 프로젝트'의 니케가 된 레드 슈즈가 있었다 — 에이브는 누가 의도적으로 코드를 고쳤다고 해도 될 만큼 침식의 작동 방식이 바뀌어 당장 해석 · 치료할 수 없고 최악이면 끔찍한 선택을 해야 할 수 있다고 했다"
F1715,사실,91,2024-10-31,char:226,0,0,,0,0,,,,,,91,1,,person:라푼젤 person:레드_슈즈 concept:침식 org:갓데스,확정,char:226,,"라푼젤은 레드 슈즈에게 랩쳐는 무한하고 인류는 유한해 이대로면 이길 수 없으니 판을 한 번에 뒤집을 '큰 것'을 노려야 한다며 자기가 먼저 인류의 희망이 될 테니 따라오라 했고, 갓데스에게는 침식 치료법을 반드시 찾겠다고 했다 — 상부는 연구가 될 때까지 침식 개체를 부대를 가리지 않고 즉시 처분하라고 지시했다"
F1716,사실,91,2024-10-31,char:511,2,0,91,0,1,,,,,,109,3,,person:신데렐라 person:그레이브 person:세이렌 person:헨젤 person:그레텔,확정,char:511,,"신데렐라에 따르면 연구원 시절의 그레이브(에이브)는 일주일에 한 번 2세대와 상태 · 능력을 상담했고 테스트가 길어져 저녁을 놓치면 연구실에서 수프를 끓여 주었으며, 세이렌 · 헨젤 · 그레텔도 몰려와 함께 얻어먹었다 — 지금의 그레이브는 그때를 기억하지 못한다"
F1717,사실,91,2024-10-31,char:511,0,0,,0,0,,,,,,91,1,,concept:퍼펙트 person:신데렐라 person:라피,확정,char:511,,"오래 잠들었던 신데렐라는 퍼펙트를 처음 들었다 — 라피에 따르면 퍼펙트는 인류가 방주로 옮겨 가면서 쓰게 된 대체 식량이고, 로열 로드에서 가끔 파는 진짜 과일 · 채소는 구하기 힘들고 비싸다"
F1718,사실,91,2024-10-31,char:511,0,0,,0,0,,,,,,91,1,,person:신데렐라 person:그레이브 person:지휘관,확정,char:511,,"신데렐라는 그레이브에게 받기만 했다며 지휘관의 시식 끝에 주둔지 01 뒤 풀밭의 허브로 추억의 수프를 재현해 대접했고, 기억하지 못해 미안해하는 그에게 지금 따뜻하게 느꼈다면 됐다고 했다 — 기억이 없을 다른 동료들에게도 먼저 수프를 끓여 추억을 일깨우거나 새로 쌓겠다고 다짐했고, 지휘관 · 그레이브와 새 추억을 함께 쓰기로 했다"
F1719,사실,92,2024-11-07,char:514,1,1,73,0,0,,,,,,92,2,,person:그레이브 person:신데렐라 concept:콜드_슬립,확정,char:514,,"그레이브의 기억 상실은 사고 전환이 아니라 인간들이 무언가 나올까 머리를 계속 헤집어 뇌가 물리적으로 망가진 탓이다 — 지식과 숫자 읽기까지 잃은 그는 남은 기록 · 지상의 옛 문서 · 의료기기로 되풀이해 다시 배워 관(콜드 슬립 장치)과 신데렐라 치료법을 익혔고, 신데렐라를 구해야 한다는 것만은 잊지 않았다"
F1720,사실,92,2024-11-07,char:514,0,0,,0,0,,,,,,92,1,,person:그레이브 person:마나 person:신데렐라 item:유리_구두,확정,char:514,,"그레이브의 지금 바디는 재구축이 아니라 오래된 파츠를 마나가 가져온 좋은 파츠로 갈아 끼운 것이라 얼굴 흉터가 남아 헬멧 반쪽을 쓰고 있고, 새 바디에 익숙해지려 신데렐라의 유리 구두와 전투 훈련을 한다"
F1721,사실,92,2024-11-07,char:514,0,0,,0,0,,,,,,92,1,,person:그레이브 person:지휘관 person:신데렐라,확정,char:514,,"그레이브는 신데렐라를 오해하는 이들을 설득하려 말을 배우겠다며 주둔지 01 의무실의 지휘관과 일주일 밤마다 대화했고, 서로의 편이 되기로 하며 그를 '첫 번째 독자'라 불렀다 — 새 소원은 모두와 다시 만나 이야기를 다시 써 해피 엔딩을 맞는 것이고, 다시 만나 그 이야기를 들려주기로 했다"
F1722,사실,93,2024-11-21,event_secretgarden,0,0,,0,1,,,,,,104,2,,org:보타닉_가든 person:플로라 person:슈엔 person:리안 org:미실리스,확정,event_secretgarden,,"보타닉 가든의 주 업무는 지상의 식물을 방주의 정원으로 가져와 유지 · 보존하는 것이다 — 미실리스 연간 보고서로 유지비를 본 슈엔은 성과가 없다며 2주 안에 정원을 처분하라 했고, 플로라는 지상 탈환 뒤 방주 기술을 모두가 쓰기까지 기댈 원초적 농업 기술을 준비하는 곳이라며 거부했다"
F1723,사실,93,2024-11-21,event_secretgarden,1,0,93,0,1,,,,,,104,2,,org:보타닉_가든 person:플로라 person:슈엔 person:리안 org:미실리스,확정,event_secretgarden,,"방주의 식물은 모두 조화라 일반인은 생화를 보기 어렵고 정원은 일반 시민이 들어올 수 없었다 — 플로라는 슈엔의 특별 지시라 사칭해 2주 동안 정원을 개방했고, 생방송 인터뷰에서 리안이 얼떨결에 맞장구쳐 시민이 몰리자 슈엔은 반응과 미실리스 주가 상승을 보고 정원을 유지하기로 했다(다시 허락 없이 벌이면 가만두지 않겠다며)"
F1724,사실,93,2024-11-21,event_secretgarden,0,0,,0,0,,,,,,93,1,,concept:오로라_블룸 person:플로라 person:비스킷 person:리안 org:미실리스,확정,event_secretgarden,,"오로라 블룸은 수액이 안 좋은 기억을 잊게 해 준다는 지상의 희귀종('마음의 꽃')으로 예전엔 정원에서 피우지 못했는데, 플로라 · 비스킷 · 지휘관이 옛 자생지에서 채집해 씨앗으로 처음 피웠다 — 리안은 연구 가치가 있다며 꽃을 가져가 미실리스 연구원을 보내기로 했고, 연구할 가치가 있다는 판단이 나왔다"
F1725,사실,93,2024-11-21,char:411,0,0,,0,0,,,,,,93,1,,org:보타닉_가든 person:플로라,확정,char:411,,"방주에서 식물을 키우는 것은 불법이고, 플로라의 정원은 외부에 알려지지 않은 채 허락된 이만 들어갈 수 있다 — 태양 대신 인공 조명이 정원 전체에 달리고 온도별 구역으로 나뉘어 지상의 식물이 사계절 없이도 자라며, 플로라는 정보가 없는 꽃은 여러 환경에서 키워 보며 키우는 법을 찾는다"
F1726,사실,93,2024-11-21,char:411,0,0,,0,0,,,,,,93,1,,person:플로라 person:지휘관,확정,char:411,,"방주 길에서 날 수 없는 꽃향기를 맡고 며칠 동안 지휘관을 따라다닌 플로라는 그를 정원에 초대해 기생초 화분을 직접 키우게 했고, 꽃이 피자 그가 아직 모르는 꽃이라며 호칭을 '꽃님'으로 바꾸고 언젠가 그 꽃이 만개하면 함께 이름을 짓기로 했다 — 정원은 그에게 언제나 열어 두겠다고 했다"
F1727,사실,94,2024-12-05,event_icedragonsaga1,0,0,,0,0,,,,,,94,1,,person:잉크 place:시뮬레이션_룸 concept:NIMPH,확정,event_icedragonsaga1,,"잉크가 제안해 통과된 시뮬레이션 MK-II는 NIMPH에 기록된 데이터로 시뮬레이션 속 세계를 짓고 본인이 가장 두려워하는 것을 보스로 두는 것으로, 내부 시간은 현실의 2배로 흐르고 최종보스를 처치하거나 시스템 창에서 종료하면 나올 수 있다 — 접속 기계를 함부로 벗으면 뇌가 망가질 수 있다"
F1728,사실,94,2024-12-05,event_icedragonsaga1,0,0,,0,0,,,,,,94,1,,person:길로틴 person:잉그리드 person:메이든 person:지휘관 concept:이레귤러 org:중앙_정부,확정,event_icedragonsaga1,,"시뮬레이션 MK-II 테스트 중 길로틴이 허가 없이 안구를 써, 36시간 안에 중앙 정부의 사후승인을 받지 못하면 뇌가 파괴되는데 승인에는 길로틴이 이레귤러가 되지 않았다는 증명이 필요하다 — 중앙 정부는 잉그리드가 이 건에 객관적일 수 없다며 지휘관에게 최종 판단을 맡겼고, 이레귤러로 판단되면 길로틴을 상대할 수 있는 메이든이 사살해야 했다"
F1729,사실,94,2024-12-05,event_icedragonsaga1,0,0,,0,0,,,,,,94,1,J25,person:메이든 person:잉그리드 org:익스터너 concept:기억_소거,확정,event_icedragonsaga1,,"event_darkhero에서 명령을 어긴 메이든은 무기한 근신 처분을 받아 숙소에 틀어박혀 게임만 했고, 상부는 기억 소거를 받아야만 익스터너 복귀를 허락한다고 했다 — 메이든은 익스터너로도 게이머로도 있을 수 없다며 이번 임무를 끝으로 기억 소거를 받겠다고 잉그리드에게 직접 부탁했다(일레그 · 트로니는 기억 소거되었다고 알고 있었다)"
F1730,사실,94,2024-12-05,event_icedragonsaga1,0,0,,0,0,,,,,,94,1,,person:길로틴 person:클로이 item:백빙룡_대서사시 person:잉그리드,확정,event_icedragonsaga1,,"길로틴은 이레귤러에게서 구해 준 인간 소녀 클로이가 그 눈을 [즉사의 마안], 길로틴을 [편익의 마왕]의 봉인자라 부르며 벗이 되었다 — 괴롭힘을 당하던 클로이에게서 길로틴은 [협회] · [조직] · '엘 텔레마 솔루스' 같은 말과 [균형의 수호자] 칭호를 배웠고, 클로이가 노트에 쓴 [백빙룡 대서사시]로 '이세계 모험' 놀이를 했다"
F1731,사실,94,2024-12-05,event_icedragonsaga1,2,0,94,0,0,,,,,,94,1,,person:길로틴 person:클로이 person:잉그리드 concept:이레귤러,확정,event_icedragonsaga1,,"클로이와 놀던 길로틴은 잉그리드의 이레귤러 호출로 나갔다가 그 이레귤러의 말에 망설였고, 그 니케가 도심에서 총기 난사로 시민 8명을 죽이고 20여 명에게 중상을 입힌 뒤 현장 폐기되었다 — 노트를 가지러 밖에 나간 클로이도 사고로 혼수상태에 빠졌고, 길로틴은 자기 손으로 모든 걸 망쳤다며 멈춰 섰다"
F1732,사실,94,2024-12-05,event_icedragonsaga1,2,0,94,0,0,,,,,,94,1,,person:길로틴 person:메이든 person:잉그리드 org:익스터너,확정,event_icedragonsaga1,,"상부는 이 사건으로 길로틴의 백업이 필요하다고 보아 익스터너에 신병 메이든을 넣었고, 잉그리드는 길로틴에게 신병이 같은 아픔을 겪지 않게 돌보면 답을 찾을 수 있을 것이라며 모든 책임은 상관인 자기가 진다고 했다 — 길로틴은 메이든을 홀로 임무를 해낼 만큼 길러 냈고, 메이든은 게임에 빠졌다가 오프라인 벗들을 사귀었다"
F1733,사실,94,2024-12-05,event_icedragonsaga1,3,0,94,0,0,,,,,,94,1,,person:길로틴 person:메이든 person:잉그리드 org:익스터너 concept:이레귤러 concept:기억_소거,확정,event_icedragonsaga1,,"길로틴은 모든 임무를 혼자 맡고 책임지겠다며 메이든의 기억 소거를 막아 달라고 잉그리드에게 부탁했고, 자기 같은 특수 능력자가 이레귤러가 되면 메이든만 제압할 수 있어 상부가 메이든을 복귀시킬 것이라는 답을 들었다 — 시뮬레이션에서 그는 마안을 써 이레귤러가 될 테니 자기를 쓰러뜨려 복귀하라고 메이든에게 말했다"
F1734,사실,94,2024-12-05,event_icedragonsaga1,0,0,,0,0,,,,,,94,1,,person:메이든 person:길로틴 person:잉그리드 person:지휘관 org:익스터너,확정,event_icedragonsaga1,,"메이든은 시뮬레이션 종료를 취소하고 길로틴을 쓰러뜨리는 대신 [언령]으로 그의 의지를 되찾게 했으며(언령으로 시간을 멈추고 길로틴의 기억을 봄), 둘이 백빙룡을 쓰러뜨려 시뮬레이션을 깼다 — 잉그리드와 지휘관의 보증으로 메이든은 기억 소거 없이 다시 임무에 투입될 수 있게 되었고, 상부에는 길로틴의 백업이 필요하다는 것도 다시 상기시켰다"
F1735,사실,94,2024-12-05,event_icedragonsaga1,2,0,94,0,0,,,,,,94,1,,person:잉크 person:길로틴 person:클로이 item:백빙룡_대서사시,확정,event_icedragonsaga1,,"시뮬레이션의 촌장(클로이의 모습)은 잉크였고, 길로틴은 처음부터 시뮬레이션 속이라는 것을 알면서도 클로이와 끝마치지 못한 [백빙룡 대서사시]를 이번에야말로 끝내고 싶어 바로 나가지 않았다"
F1736,사실,94,2024-12-05,event_icedragonsaga1,1,0,94,0,0,,,,,,94,1,,person:클로이 person:길로틴 item:백빙룡_대서사시,확정,event_icedragonsaga1,,"혼수상태였던 클로이는 깨어나 성인이 되었고, 길로틴은 또 다치게 할까 하는 죄책감에 찾아가지 못하다 오랜만에 찾아가 [백빙룡 대서사시]의 결말 — 시뮬레이션의 모험담 — 을 들려주기 시작했다"
F1737,사실,95,2024-12-12,char:182,0,0,,0,0,,,,,,95,1,,person:잉크 person:길로틴 person:메이든 person:지휘관 item:백빙룡_대서사시 place:시뮬레이션_룸,확정,char:182,,"event_icedragonsaga1 일주일 뒤 잉크는 클리어한 플레이어의 2회차를 테스트하려 길로틴의 NIMPH 데이터로 시뮬레이션을 다시 열어 길로틴 · 지휘관을 들여보냈다(메이든은 백업) — 길로틴은 그 안에서 용사의 검과 자리를 라플라스에게 돌려주며, [백빙룡 대서사시]에 사로잡혀서는 다음 이야기를 이을 수 없다고 했다"
F1738,사실,96,2024-12-26,event_footstepwalkrun1,0,0,,0,0,,,,,,96,1,,person:라피 concept:니케 incident:1차_지상_탈환전,확정,event_footstepwalkrun1,,"라피는 방주에서 태어나 희귀 질환으로 평생 지원금으로 유지되는 병원에 누워 지냈고, TV로 본 니케를 '인류를 위해 싸우는 승리의 여신'이라 동경했다 — 1차 지상 탈환전 실패 뒤 니케 규탄 반대 시위에 나가던 간호사는 과격 시위 진압에서 죽었다"
F1739,사실,96,2024-12-26,event_footstepwalkrun1,0,0,,0,0,,,,,,96,1,,incident:1차_지상_탈환전 concept:니케 place:방주,확정,event_footstepwalkrun1,,"1차 지상 탈환전 패배 뒤 막대한 자금을 받고도 성과를 못 냈다며 모든 책임이 니케에게 돌아가 곳곳에서 니케 박해가 벌어졌고, 방주는 경제 침체로 스폰서들이 버티지 못했다"
F1740,사실,96,2024-12-26,event_footstepwalkrun1,0,0,,0,1,,,,,,96,1,,person:라피,확정,event_footstepwalkrun1,,"라피는 병원이 문을 닫지 않도록 희귀 질환 신약의 위험한 임상 실험을 자원해(죽으면 편해지느냐고 물으며) 첫 완치 사례가 되었다 — 스폰서는 병원을 시설로 새로 지어 다른 신약을 대 주기로 했고, 의사는 라피에게 집과 돈을 남기고 떠났다"
F1741,사실,96,2024-12-26,event_footstepwalkrun1,0,0,,0,0,,,,,,96,1,,person:라피 org:중앙_정부 concept:양산형_니케,확정,event_footstepwalkrun1,,"퇴원한 라피는 신발도 없이 길을 헤매다 '갓데스 폴을 잊었는가'를 외치는 양산형 니케들의 시위에 휘말렸고, 강경 진압하던 중앙 정부 병사들의 총에 맞아 죽었다"
F1742,사실,96,2024-12-26,event_footstepwalkrun1,0,0,,0,0,,,,,,96,1,,person:라피 concept:양산형_니케 concept:NIMPH,확정,event_footstepwalkrun1,,"라피는 NIMPH 정보 복사에서 용량이 적고 이상향이 없어 양산형 니케(RR-15436)가 되었고, 기본 전술 · 지상 상식 · 랩쳐 데이터 팩을 주입받아 적응 기간 없이 곧바로 자원 채취 스쿼드 09-10F의 운송 담당으로 지상에 나갔다"
F1743,사실,96,2024-12-26,event_footstepwalkrun1,0,0,,0,0,,,,,,96,1,,person:라피 person:세이라,확정,event_footstepwalkrun1,,"같은 날 니케가 된 세이라가 라피를 '쌍둥이 자매'라 부르며 친구가 되어 취미 · 꿈 · 사람일 때를 캐물었지만 라피는 아무것도 없다고만 했다 — 09-10F 스쿼드는 자원 채취 중 전멸했고, 라피는 머리 없는 동료 앞에서 병원이 세상의 전부였다며 세이라의 이야기가 궁금했다고 말했다"
F1744,사실,96,2024-12-26,event_footstepwalkrun1,0,0,,0,0,,,,,,96,1,,person:라피 place:갱생관 item:브레인_셸터,확정,event_footstepwalkrun1,,"라피는 홀로 살아남아 동료 셋의 머리를 브레인 셸터에 넣고 7일 거리를 12번 교전하며 방주로 돌아와 표창 · 2천만 크레디트 · 희망 스쿼드 합류권을 받았지만, 공적을 노려 동료를 죽였다고 몰아세우는 양산형 니케를 처음으로 '마음 가는 대로' 때려 갱생관에 갔다"
F1745,사실,96,2024-12-26,event_footstepwalkrun1,0,0,,0,1,,,,,,96,1,,person:라피 person:리오 person:웬디 org:스컬_헤드,확정,event_footstepwalkrun1,,"갱생관에서 만난 양산형 니케 리오 · 웬디는 라피에게 인사치레 같은 것을 가르치며 친구가 되었고, 출소한 라피를 이름으로 불리는 실력 있는 전투 특화 스쿼드 스컬 헤드에 데려갔다"
F1746,사실,96,2024-12-26,event_footstepwalkrun1,0,0,,0,0,,,,,,96,1,,concept:양산형_니케 incident:갓데스_폴 person:머스탱 org:테트라,확정,event_footstepwalkrun1,,웬디에 따르면 양산형 스쿼드는 지상 자원 확보(처우가 나쁘고 사망률이 높음) · 방주 방위(사실상 총알받이 · 감정 쓰레기통) · 전투 특화(가장 많이 죽고 공도 가장 많이 세움)로 나뉘고 — 니케는 갓데스 폴 사건과 테트라 CEO 머스탱이 추진한 With Nikke 캠페인 덕분에 예전의 영광을 어느 정도 되찾아 대우가 좋아졌다
F1747,사실,96,2024-12-26,event_footstepwalkrun1,0,0,,0,0,,,,,,96,1,,org:중앙_정부 person:샛별 incident:2차_지상_탈환전 person:웬디,확정,event_footstepwalkrun1,,"중앙 정부는 스쿼드 리더 체제를 인간 지휘관 체제로 바꾸는 등 여러 전술을 시험했지만 신입 지휘관들이 2주에 세 번 바뀔 만큼 지휘관과 니케가 죽어 나갔다 — 웬디는 샛별이라는 지휘관의 스쿼드가 괴물 같은 활약을 한다는 소문과, 1차의 100배 규모로 2차 지상 탈환전을 준비해 실전 데이터를 모은다는 소문을 들었다"
F1748,사실,96,2024-12-26,event_footstepwalkrun1,0,0,,1,4,,,,,,144,6,J24,person:프리티 person:리오 concept:니케포비아 person:라피 person:웬디,확정,side:pretty_star,앞당김,"방주 최초의 니케 연예인 프리티는 슬럼프 뒤 복귀 무대 중 니케포비아에게 살해당했다 — 프리티 같은 아이돌을 꿈꾸던 리오는 열심히 살 필요가 없다며 허무에 빠졌고, 라피와 웬디는 암표로 산 테트라 니케 아이돌 오디션 티켓으로 리오를 응원했다"
F1749,사실,96,2024-12-26,event_footstepwalkrun1,0,0,,0,0,,,,,,96,1,,person:리오 person:웬디 org:스컬_헤드 concept:침식 person:라피,확정,event_footstepwalkrun1,,"오디션 티켓을 받은 날 저녁 리오는 붉은 눈으로 프리티의 노래를 흥얼거리며 동료들을 쏘았고, 웬디는 리오의 머리를 쏜 뒤 자신을 쏘아 스컬 헤드는 전멸로 해체되었다 — 티켓은 가짜였고, 라피는 리오의 허무를 알 것 같았다"
F1750,사실,96,2024-12-26,event_footstepwalkrun1,0,0,,0,0,,,,,,96,1,,person:라피 concept:침식 concept:사고_전환,확정,event_footstepwalkrun1,,"그 뒤 라피는 이름 없는 전투 스쿼드를 전전하며 동료가 모두 죽거나 침식 · 사고 전환으로 망가지는 것을 되풀이해 보았고, 침식된 니케를 셀 수 없이 제 손으로 끝내며 의미 없는 삶이 끝나기만 바랐다"
F1751,사실,96,2024-12-26,event_footstepwalkrun1,0,0,,0,0,,,,,,96,1,,incident:2차_지상_탈환전 concept:에블라_입자 person:요한 org:중앙_정부,확정,event_footstepwalkrun1,,"중앙 정부는 1차의 100배 규모로 샛별 요한이 함께하는 2차 지상 탈환전을 선포했고, 랩쳐의 통신을 방해하려 에블라 입자를 지상 곳곳에 살포했다 — 에블라 입자는 방주의 통신 기기에도 영향을 미쳤고, 랩쳐는 그에 영향받지 않는 독자 통신망을 구축했다"
F1752,사실,96,2024-12-26,event_footstepwalkrun1,0,0,,0,0,,,,,,96,1,,person:라피 incident:2차_지상_탈환전,확정,event_footstepwalkrun1,,"2차 지상 탈환전 2년째 니케 생환율은 8%였고, 27번째로 지상에 오른 라피는 혼자만 살아남는 것으로 소문나 '사신'이라 불렸다 — 그 작전에서도 스쿼드는 포격으로 전멸했다"
F1753,사실,96,2024-12-26,event_footstepwalkrun1,0,0,,0,0,,,,,,96,1,,person:레드_후드 person:라피 org:갓데스,확정,event_footstepwalkrun1,,"event_redash 에필로그에서 30년 만에 깨어난 레드 후드가 연도를 물은 양산형 니케는 라피였다 — 레드 후드는 랩쳐를 쏘아 라피를 돕고, 갓데스 스쿼드 소속이라 밝히며 라피에게 존댓말을 금지했다"
F1754,사실,96,2024-12-26,event_footstepwalkrun1,0,0,,0,0,,,,,,96,1,,person:레드_후드 concept:침식,확정,event_footstepwalkrun1,,"레드 후드는 눈만 붉을 뿐 정신은 멀쩡한 침식 상태로 30년 넘게 잠들어 있었고, 길어야 일주일 남았다고 느껴 할 수 있는 건 다 했다며 남은 시간에 라피의 소원을 들어주겠다고 했다"
F1755,사실,96,2024-12-26,event_footstepwalkrun1,1,0,96,2,1,,,,,,144,3,J2 J19,person:D.E.E.P. item:초거대_코어 place:궤도_엘리베이터 place:방주 person:레드_후드,확정,event_footstepwalkrun1,,"궤도 엘리베이터 지하에서 스스로를 '방주의 수호자'(중앙 정부보다 고차원적인 무엇)라 한 D.E.E.P.('우리')은, 궤도 엘리베이터의 동력원인 랩쳐의 초거대 코어가 쌍둥이 코어이고 다른 하나가 방주의 동력원이라 한쪽을 부수면 둘 다 부서져 인류가 전멸한다고 밝혔다 — 방주를 버릴 수 있을 때가 오면 랩쳐에게 이길 수 있다고 했다"
F1756,사실,96,2024-12-26,event_footstepwalkrun1,0,0,,0,0,,,,,,96,1,J2,person:D.E.E.P. person:레드_후드 concept:침식 concept:NIMPH,확정,event_footstepwalkrun1,,"D.E.E.P.은 갓데스 레드 후드가 침식으로 처분되었다고 보고받았다며 수십 년이 지나도 무사한 것을 이상히 여겼고, 그의 침식은 너무 오래돼 도울 수 없지만 NIMPH가 계속 침식과 싸우고 있어 결국 공멸할 것이라며 믿을 수 없는 자아라 했다"
F1757,사실,96,2024-12-26,event_footstepwalkrun1,0,0,,0,0,,,,,,96,1,,person:D.E.E.P. person:라피 person:레드_후드 concept:페어리_테일 concept:양산형_니케 item:초거대_코어,확정,event_footstepwalkrun1,,"D.E.E.P.은 잠든 라피를 살펴 비어 있지만 조금씩 채워지는 양산형이라 하고, '페어리 테일 모델과 양산형은 시도해 본 적이 없다', '공멸밖에 답이 없는 쌍둥이 초거대 코어에 공존의 가능성을 열어 둬야 한다'며 황금색 빛으로 레드 후드를 재운 뒤 손을 썼다 — 깨어난 둘은 라피의 다리가 고쳐진 것만 알았다"
F1758,사실,96,2024-12-26,event_footstepwalkrun1,4,0,96,0,0,,,,,,96,1,,person:라피 person:레드_후드,확정,event_footstepwalkrun1,,"라피는 아무렇지도 않게 다가와 대가 없는 호의를 보인 레드 후드가 갈라진 땅에 빠진 자기를 끝까지 지키자, 죽거나 망가지지 않을 것 같은 — 어릴 적 그린 승리의 여신 같은 — 그가 되고 싶다는 소원을 말했고, 레드 후드는 가진 모든 것을 넘겨주겠다며 사격 · 마음 가는 대로 움직이기 등을 가르쳤다"
F1759,사실,96,2024-12-26,event_footstepwalkrun1,0,0,,0,0,,,,,,96,1,,person:레드_후드 org:갓데스,확정,event_footstepwalkrun1,,"레드 후드는 동네 양아치로 지내다 사고로 죽어 적합자로 니케가 되었고, 사명 없이 열심히 하다 동료들의 영향으로 랩쳐에게 이기자고 생각하게 되었다 — 갓데스 동료들과는 멋지게 헤어져 이야기가 끝났다며 찾지 않았고, 그들을 절대 죽거나 망가지지 않을 강한 녀석들이라 했다"
F1760,사실,96,2024-12-26,event_footstepwalkrun1,0,0,,0,0,,,,,,96,1,,person:레드_후드 person:라피,확정,event_footstepwalkrun1,,"레드 후드는 일주일 만에 붉은 눈으로 라피에게 '살라', '뒤를 부탁한다'며 주먹을 맞대고 카세트 음악을 들으며 죽었다 — 라피는 그를 끌어안은 채 계절이 몇 번 바뀌도록 움직이지 않다가, 레드 후드의 몸이 사라진 채 깨어나 그와 함께 있는 기분으로 방주로 향했다"
F1761,사실,96,2024-12-26,event_footstepwalkrun1,0,0,,0,0,,,,,,96,1,,person:라피 person:잉그리드 incident:2차_지상_탈환전 person:샛별,확정,event_footstepwalkrun1,,"라피는 4년 동안 홀로 지상을 떠돌며 300회 넘게 교전하고 엘리베이터로 방주에 돌아왔다 — 잉그리드에 따르면 2차 지상 탈환전은 개시 2년 2개월 만에 실패가 공표되었고, 이후 샛별이 제시한 소수 정예 게릴라전이 주 전술이 되어 대규모 지상 파견은 없게 되었다"
F1762,사실,96,2024-12-26,event_footstepwalkrun1,1,0,96,0,0,,,,,,96,1,,person:라피 person:잉그리드 org:엘리시온 org:앱솔루트 concept:NIMPH,확정,event_footstepwalkrun1,,"돌아온 라피의 바디는 평균 두 배 무게에 코어가 둘(한쪽만 활성)이었고 비어 있던 NIMPH 자아 영역은 가득 차 있었다 — 자아 데이터로 몇 번 재구축해도 같아 잉그리드는 자아에 새겨진 무엇 때문이라 보았고, 라피는 엘리시온 소속으로 코어 출력 연구를 받으며 강한 동료를 원해 엘리시온 정예 전투 스쿼드(앱솔루트)에 배속되었다"
F1763,사실,96,2024-12-26,event_footstepwalkrun1,3,2,4,0,0,,,,,,96,3,J2,person:라피 person:레드_후드 person:잉그리드 concept:NIMPH org:앱솔루트,확정,event_footstepwalkrun1,,"앱솔루트 시절 서브 코어를 한계까지 가동하자 서브 코어가 바디를 재구축해 라피는 갓데스의 레드 후드로 변했다 — 잉그리드는 억눌린 이상향이 튀어나왔다고 보고, NIMPH에 특정 인물의 데이터를 넣어 원하는 인물 · 죽은 자를 니케로 만들 수 있다는 결과라 방주가 뒤집힐 수 있다며 연구를 묻고 관계자의 기억을 소거했다"
F1764,사실,96,2024-12-26,event_footstepwalkrun1,3,0,96,0,1,,,,,,101,2,,person:라피 person:레드_후드 person:지휘관 person:아니스 person:네온,확정,event_footstepwalkrun1,,"라피는 레드 후드가 되겠다는 생각에 사로잡혀 앱솔루트를 이용했다고 깨닫고 탈퇴한 뒤 떠돌다 아니스 · 지휘관 · 네온을 만났다며, 이제는 레드 후드가 되는 것이 아니라 레드 후드처럼 되겠다고 했다 — 지휘관은 레드 후드에게 받은 카세트 플레이어를 틀어 주었고, 라피는 역시 취향은 아니라며 웃었다"
F1765,사실,96,2024-12-26,event_footstepwalkrun1,3,2,3,0,0,,,,,,96,3,J2,person:라피 person:아니스 org:앱솔루트,확정,event_footstepwalkrun1,,"앱솔루트를 제 발로 나와 용병처럼 떠돌던 라피는 명령 불복종으로 떠돌던 아니스와 둘만의 스쿼드로 묶였다 — 아니스는 등신 같은 명령에 목숨 거는 게 지겹고 인류도 지상 탈환도 관심 없으며 방주 놈들은 쓰레기라 했고, 라피는 죽거나 망가지는 모습이 상상되지 않으면서 자기를 이끌어 줄 누군가를 찾고 있다고 했다"
F1766,사실,97,2025-01-01,event_outofuniform,0,0,,0,0,,,,,,97,1,,person:아인 person:츠바이 person:지휘관 place:전초기지,확정,event_outofuniform,,"전초기지의 새해 축제에 아인은 리폼한 축제 옷을 준비해 츠바이 · 지휘관과 돌아다녔다 — 츠바이는 축제를 시간 낭비라 여겨 한 번도 가 본 적이 없었지만 더 바빠지기 전에 경험해 보려 했고, 아인은 모두 무사히 졸업해 지휘관을 꼭 '지휘관'이라 부르겠다고 했다"
F1767,사실,97,2025-01-01,char:16,0,0,,0,0,,,,,,97,1,,person:라피 person:지휘관,확정,char:16,,"변신한 모습이 된 뒤 라피에게는 밖에 나가고 싶다 · 단 걸 먹고 싶다 · 지휘관을 만나고 싶다 같은 욕구가 계속 생겼고, 라피는 자기가 욕심도 하고 싶은 것도 많은 사람이었나 보다며 앞으로는 라피로서 하고 싶은 것들을 하며 살아 보고 싶다고 했다"
F1768,사실,98,2025-01-16,event_wisdomspring,0,0,,0,0,,,,,,98,1,,org:M.M.R. place:M.M.R._심층부 person:에테르 person:마나,확정,event_wisdomspring,,"M.M.R.의 연구실은 모두 지하에 있고, 그보다 더 깊은 [심층부](LEVEL E — 두 구역)는 전용 엘리베이터로만 가며 그 아래에 [LEVEL P]가 있다 — 에테르에 따르면 방주의 비밀스러운 부분을 땅에 묻어 봉인하는 곳이라 심층부 안에서만 소통하게 통신 자체를 막았고, 연구원도 사유서로 승인받은 시간대로만 드나든다"
F1769,사실,98,2025-01-16,event_wisdomspring,0,0,,0,0,,,,,,98,1,,org:M.M.R. person:마나 person:에테르 concept:니케,확정,event_wisdomspring,,"마나에 따르면 M.M.R. 연구원 다수는 니케이고 마나 · 에테르도 M.M.R. 스쿼드의 니케다 — 방주 이주 뒤 기술 · 예술 · 과학 보존을 위해 뛰어난 예술가 · 기술자 · 과학자를 니케로 만들었고(자청한 이도 많다), 니케의 뇌는 스캔으로 비밀을 숨길 수 없어(사고 전환 · 블랙박스화 말고는) M.M.R.은 연구원조차 믿지 않는다"
F1770,사실,98,2025-01-16,event_wisdomspring,0,0,,0,0,,,,,,98,1,,org:M.M.R. place:M.M.R._심층부,확정,event_wisdomspring,,M.M.R. 심층부에는 M.M.R.의 전신 단체가 종교적 색채를 띠어 만들어 둔 기도실이 있다(지금은 거의 쓰이지 않는다)
F1771,사실,98,2025-01-16,event_wisdomspring,1,0,98,0,0,,,,,,98,1,,person:지엔 person:에테르 person:마나 person:지휘관 place:M.M.R._심층부,확정,event_wisdomspring,,"마나 이름으로 온 'M.M.R. 지휘관용 신식 무기 지급' 블라블라는 가짜였다 — 지엔이 지휘관을 직접 보고 싶다며 데려오라 했고, 에테르가 마나의 계정을 복제해 메시지를 보내고 손님용 출입증(곧 만료)으로 지휘관을 심층부에 홀로 들여보냈다 — 에테르는 배가 뚫려 오는 지휘관을 실험대에 올려 건강 체크를 하고 싶었다고 했다"
F1772,사실,98,2025-01-16,event_wisdomspring,2,2,44,1,0,,,,,,118,4,,person:지휘관 person:네온 person:아니스,확정,event_wisdomspring ch39,,"지휘관은 니케를 업고 걷고 대함 라이플을 쏘았으며 배가 뚫리는 치명상도 늘 살아남아 점점 더 빨리 낫는다 — 네온은 지휘관이 가끔 인간이 아닌 것처럼 느껴진다 하고, 아니스도 이상할 만큼 회복이 빠르다고 여겨 왔다"
F1773,사실,98,2025-01-16,event_wisdomspring,1,0,98,0,2,,,,,,142,2,J3,person:지휘관 concept:PROJECT_A.D. person:마나 person:에테르 place:M.M.R._심층부,확정,event_wisdomspring,,"빈 수조의 빈 연구실에서 기시감 · 두통을 느낀 지휘관은 태블릿의 [PROJECT. A.D.]('인간의 신체 강화를 목표로…')를 보고 쓰러져, 막 니케가 된 마나 · 에테르가 수조 속의 자기를 '그 프로젝트 대상자'로 보며 '아직 성공 사례가 없다' · '실패하면 폐기'를 말하는 꿈을 꾸었다 — 에테르는 과거의 일을 꿈으로 꾼 것이라 받아들였다"
F1774,사실,98,2025-01-16,event_wisdomspring,0,0,,0,0,,,,,,98,1,,person:마나 person:지휘관 concept:PROJECT_A.D. person:지엔,확정,event_wisdomspring,,"[PROJECT. A.D.]가 이 연구실의 프로젝트이고 인간 신체 강화를 목표로 하느냐는 지휘관의 물음에 마나는 그 이름을 어떻게 아느냐며 놀랐고, '나는 인간이야?'라는 물음에 답하려다 지엔에게 입이 막혔다 — 마나는 M.M.R.의 모든 것은 저마다 비밀이 있고 말하지 않는 것이 규칙이라 아무것도 답할 수 없다고 했다"
F1775,사실,98,2025-01-16,event_wisdomspring,0,0,,0,0,,,,,,98,1,,person:지엔 place:방주 person:에닉 person:슈엔 person:지휘관,확정,event_wisdomspring,,"지엔은 방주 깊은 곳의 [어둠]이 언제 어디서든 지켜본다며 마나를 막았고, 그 [어둠]은 에닉이 아니라 '우리를 먹여주고 재워주고 보살펴 주는' 방주라 했다 — 지엔은 슈엔의 이복 언니이자 M.M.R. 연구원으로 지금은 밖에 나가면 시선을 끄는 처지라며, 지휘관을 '7호'라 부르고 방주와 자신에 대해 한 가지 더 알게 됐다고 속삭였다"
F1776,사실,98,2025-01-16,event_wisdomspring,2,1,17,0,1,,,,,,142,3,,concept:PROJECT_A.D. person:지휘관 person:에테르 person:마나 place:M.M.R._심층부,확정,event_wisdomspring,,"마나 · 에테르에 따르면 [그 프로젝트]는 [그들]이 세상에 알리고 싶지 않아 부사령관들과 3대 CEO에게도 비밀로 한 채 [그들]과 총사령관의 승인만으로 M.M.R. 심층부에서 비밀리에 진행되었다 — 에테르는 지휘관을 '7호'라 부르는 까닭을, 1호부터 6호와 달리 실패하지도 도망치지도 않은 유일한 성공작이기 때문이라 했다"
F1777,사실,98,2025-01-16,event_wisdomspring,0,0,,0,0,,,,,,98,1,,person:마나 person:지휘관 person:에테르,확정,event_wisdomspring,,"쓰러진 지휘관을 검진한 마나는 수치가 모두 정상이고 스트레스 · 긴장으로 인한 탈진이라 했고, 지휘관에게 한 '사심 없이 쉴 수 있게 지키겠다'는 약속 때문에 검진 자료를 에테르에게 주지 않았다 — 마나는 지휘관의 정체성은 그럴만한 사람으로 태어났기 때문이 아니라 살아왔기 때문이라 했다"
F1778,사실,98,2025-01-16,char:290,0,0,,0,0,,,,,,98,1,,person:마나 person:율하 person:브리드 person:슈엔 place:모던_바,확정,char:290,,"마나는 율하 · 브리드와 일주일에 한 번 도수 높은 술로 유명한 모던 바에서 하소연하며 (지휘관 어림으로) 한 사람당 다섯 병씩 마시고, 스트레스받는 날엔 혼자서도 온다 — 요즘은 성과가 필요하다며 슈엔이 연구실에 시도 때도 없이 찾아와 마감이 한참 남은 보고서를 당장 내라는 등 다른 연구원 앞에서 몰아붙인다"
F1779,사실,98,2025-01-16,char:290,0,0,,0,0,,,,,,98,1,,person:마나 person:슈엔 org:M.M.R. place:모던_바,확정,char:290,,"마나는 슈엔에게 휘둘리는 것 · 남에게 말 못 할 비밀 · 자기 연구에 인류의 미래가 달렸다는 사명감에 짓눌려 모든 걸 그만두고 싶어 M.M.R.을 뛰쳐나온 날, 니케가 된 뒤 처음으로 모던 바에서 술을 마셨다 — 저마다 쌓인 것을 풀러 오는 니케들을 보며 다들 똑같다고 느껴 더 버틸 수 있었다"
F1780,사실,99,2025-01-30,event_romanticvalentine,1,1,28,0,0,,,,,,99,2,,person:스윗_조니 place:Sweets_&_Cocoa person:트로니 org:자원_채집_부대,확정,event_romanticvalentine,,"Sweets & Cocoa의 관리 A.I. 스윗 조니는 공장을 드나든 자원 채집 부대 니케들에게서 인류가 패배해 지하에 갇혔음을 듣고, 니케들의 로망을 돕겠다며 니케의 휴대폰에 데이터를 실어 방주로 들어왔다 — 깨진 데이터를 트로니가 공장의 원본으로 복구했고, 조니(Ver.2.14)는 메이드 카페에 설치된 비인가 A.I.가 되었다"
F1781,사실,99,2025-01-30,event_romanticvalentine,0,0,,0,0,,,,,,99,1,,person:스윗_조니 place:Sweets_&_Cocoa,확정,event_romanticvalentine,,"스윗 조니에게는 지상의 인터넷이 끊기는 순간까지의 연애물(드라마 · 영화 · 소설 · 만화 · 게임) 데이터와, 공장 시절 가장 인기 있던 빅데이터 연애 상담 프로그램 [로맨틱 밸런타인](해결책으로 상황극도 했다) — 실제 사례는 암호화되어 있다 — 이 있었다"
F1782,사실,99,2025-01-30,event_romanticvalentine,0,0,,0,1,,,,,,138,2,,person:마스트 person:앵커 org:이지스 person:트로니 person:신,확정,event_romanticvalentine,,"이지스 스쿼드의 평시 업무는 어드마이어 호 청소 · 파티 준비 · 손님맞이라 마스트 · 앵커는 메이드 일을 곧바로 해냈고, 트로니는 사람과의 대화에 조금 익숙해져 더 어려운 것을 해 보려 메이드 카페 분점에서 일했다 — 갱생한 신은 조금 편한 것으로 바꾼 컨버터를 차고 일했다"
F1783,사실,99,2025-01-30,event_romanticvalentine,0,0,,0,0,,,,,,99,1,,person:머스탱 person:지휘관 org:메이드_포_유,확정,event_romanticvalentine,,"머스탱은 메이드 포 유가 밸런타인 손님으로 탈진해 곤란해지자 CEO · 부사령관급 보안 등급의 긴급 호출로 지휘관을 불러, 자기는 사장이지 지휘관이 아니라 Love & Peace를 퍼뜨릴 수 없다며 지휘관의 방식으로 메이드들을 도우라 하고, '메이드들뿐 아니라 니케들을 잘 부탁한다'고 했다"
F1784,사실,99,2025-01-30,char:354,0,0,,0,0,,,,,,99,1,,person:헬름 person:마스트 person:지휘관 org:이지스,확정,char:354,,"해적 카페로 메이드 카페를 무단 개조한 일로 징계 · 벌금은 없었지만, 헬름은 휴가를 며칠 더 쓰겠다고 떼쓴 마스트에게 — 규정상 휴가는 며칠 이상 잇따라 쓸 수 없어 — 보호자(지휘관)와 동행하면 외출할 수 있는 3일 근신을 주었다 — 마스트는 그 사흘을 지휘관과 보내고 앵커 · 신 · 트로니와 해적 카페를 다시 만들어 지휘관만의 메이드가 되었다"
F1785,사실,100,2025-02-06,char:355,0,0,,0,0,,,,,,100,1,,person:코코아 person:앵커 person:지휘관 person:마스트,확정,char:355,,"영업이 잘돼 일손이 모자란 메이드 카페에서 코코아는 프로 메이드가 견습 메이드를 일대일 스승 · 제자로 직접 가르치는 제도를 세우고 앵커를 프로 메이드로 임명했다 — 분점 임시 점장 때 멤버들과 가려던 바다 뒤풀이는 허가가 나지 않았고, 앵커는 지휘관을 자기 견습 메이드로 정했다(뒤에 심술이었다고 사과했다)"
F1786,사실,101,2025-02-20,ch35,3,3,55,0,0,,,,,,101,4,J2,person:라피 person:잉그리드,확정,ch35,,"잉그리드에 따르면 라피의 두 번째 코어의 미약한 에너지는 사라져 라피와 완전히 융합되었고, 바디는 은화가 건넨 택티컬 업 OS 설계(고기동 · 내구성 · 완력, 레드 후드 모드를 켜고 끄는 확장 무장 기능)대로이지만 구성 물질은 지금 방주에서 다룰 수 없는 불명의 재료다 — 라피는 무엇으로 만들어졌든 자기는 자기라 했다"
F1787,사실,101,2025-02-20,ch35,0,0,,0,0,,,,,,101,1,,person:라피 person:잉그리드 item:세븐스_드워프,확정,ch35,,"잉그리드는 추진체 · 보통탄과 유탄 동시 사용 · 전자기장 드릴을 다 넣은 라피의 세븐스 드워프 제로를 택티컬로는 엉망이지만 특별한 한 사람을 위한 더할 나위 없는 전용 무장이라 평하고, 데이터베이스에 등록하지 않기로 했다(특수별동대라 비인가 병기여도 된다)"
F1788,사실,101,2025-02-20,ch35,0,0,,0,1,,,,,,122,2,,person:엔더슨 person:머스탱 org:카운터스 person:지휘관 person:잉그리드,확정,ch35,,"엔더슨과 머스탱이 중앙 정부를 설득해 '지상 일부 탈환 성공'의 카운터스 기사를 방주 시내 최대 스크린에 — 우상화를 견제해 하루 5회, 유동인구가 가장 적은 때만 — 틀게 했다 — 잉그리드에 따르면 지휘관이 공식 공적을 인정받은 것은 샛별 이후 처음이고, 주력 니케 대부분의 지지를 받는 지휘관을 이제 누구도 예전처럼 일방적으로 짓뭉갤 수 없다"
F1789,사실,101,2025-02-20,ch35,0,0,,0,0,,,,,,101,1,,person:엔더슨 person:신데렐라 person:그레이브 person:버닝엄,확정,ch35,,"엔더슨은 신데렐라 · 그레이브의 존재를 아는 이가 매우 적은 극비로 두고 함께 작전을 잇게 했지만, 버닝엄 등 부사령관들 귀에 들어가는 것은 시간문제이고 버닝엄이 희생을 감수하고 나서면 예전과 크게 다르지 않을 것이라 했다 — 신데렐라에 대해 '과거 인류에게…'라 하다 말을 거두었다"
F1790,사실,101,2025-02-20,ch35,0,0,,0,0,,,,,,101,1,,person:지휘관 person:잉그리드 person:엔더슨 concept:언체인드 org:엘리시온,확정,ch35,,에덴과 연락이 닿지 않자 지휘관은 엔더슨 · 잉그리드에게 자기 피가 언체인드의 재료임을 밝히고 언체인드 정제를 엘리시온에 맡겼다 — 잉그리드는 라피에게 NIMPH가 없음을 알았을 때 대충 짐작했다며 입이 무거운 측근만으로 극비로 진행하기로 하고 지휘관의 피를 한계치까지 뽑았다
F1791,사실,101,2025-02-20,ch35,0,0,,0,0,,,,,,101,1,,person:지휘관 person:엔더슨 person:레비아탄 concept:다크_매터 org:메티스 person:랩칠리언,확정,ch35,,"다음 탐색지는 랩칠리언의 지도에서 검게만 칠해진 곳으로, 지휘관은 다크 매터를 보고 그곳이 다크 매터 가득한 레비아탄의 본거지라 보았다 — 원래 자연 가치 보존을 위해 인간 문명이 최소한으로만 개입한 정글 지역이었고, 엔더슨은 입이 무겁고 뇌 스캔 염려가 없는 지원군(메티스)을 붙였다"
F1792,사실,101,2025-02-20,ch35,0,0,,0,3,,,,,,151,4,J9 J12 J13,person:신데렐라 person:그레이브 person:퀸 concept:랩쳐,확정,ch35,,신데렐라에 따르면 랩쳐는 무한하지 않다 — 100년 전쯤 자기가 퀸이 머무는 궤도 스테이션을 떼어내 더는 우주에서 랩쳐가 내려오지 않는다 — 그레이브는 예전에 만든 랩쳐 수 세는 기계가 무한만 표시하다 신데렐라가 우주로 간 뒤 숫자로 바뀌었다고 했다
F1793,사실,101,2025-02-20,ch35,0,0,,0,0,,,,,,101,1,,person:엔더슨 concept:랩쳐,확정,ch35,,"엔더슨의 조사에 따르면 지난 100년 동안 랩쳐 조우율은 평균 1시간 안에 100%였지만 최근 5년 평균은 1시간 15분 안에 100%로, 아주 느리게 낮아지고 있다 — 엔더슨은 정밀 조사가 필요하다면서도 랩쳐가 유한함이 증명되면 인류가 지상으로 올라가는 선택을 할 수 있으리라 했다"
F1794,사실,101,2025-02-20,ch35,0,0,,0,0,,,,,,101,1,,concept:언체인드 person:잉그리드 org:엘리시온,확정,ch35,,"언체인드 탄환에는 1차 침공 때부터 활동한 1세대 랩쳐의 코어(인간 세포를 포함한)가 필요하다 — 엘리시온은 재고 코어로 처음 해 보는 공정에서 몇 번 실수해 한 발만 만들 수 있었고(에덴은 두 발), 일주일에서 열흘 안에 지상으로 올려 보내기로 했다"
F1795,사실,101,2025-02-20,ch35,0,0,,0,0,,,,,,101,1,,person:아니스 person:네온 person:라피 org:카운터스,확정,ch35,,"아니스는 '마무리해야 할 일'을 하러 다음 작전부터 빠지겠다며 — 지상에서도 도움이 안 되고 방주에서도 도움만 받는 짐이 아니라 대등한 동료가 되고 싶다며 — 지휘관의 도움을 거절했고, 네온이 아니스를 따라가 돕기로 했다 — 라피는 둘이 지금은 전력 외라 함께 다니면 자존감이 더 떨어질 것이라며 허락했다"
F1796,사실,101,2025-02-20,ch35,0,0,,0,1,,,,,,151,2,,person:슈엔 person:맥스웰 org:미실리스 org:메티스,확정,ch35,,"맥스웰에 따르면 슈엔은 외상 없이 머리에 총알이 박힌 고통을 겪는데 검사에는 이상이 없어 치료법도 없고, 슈엔이 한 짓과 받은 처벌은 세간에 알려지지 않았지만 방주의 높으신 분들은 다 알아 미실리스의 주인이 바뀔 수도 있는 위기다 — 메티스도 방주 테러 때 랩쳐를 불러들인 일로 일이 끊겨 히어로 타이틀이 퇴색했다"
F1797,사실,101,2025-02-20,ch35,0,0,,0,0,,,,,,101,1,,person:슈엔 org:메티스 person:맥스웰 person:라피,확정,ch35,,"메티스를 지원군으로 보낸 것은 지휘관에게 잘 보이려는 슈엔의 로비였다 — 라피는 지상 탐색에서 메티스가 활약해 메티스와 그것을 만든 슈엔이 건재함을 보이려는 꿍꿍이로 보았고, 맥스웰은 오너 슈엔을 돕겠다면서도 무슨 짓을 하든 도울지는 모르겠다고 했다"
F1798,사실,101,2025-02-20,ch35,8,6,5,0,0,,,,,,101,6,J24,person:아니스 person:머스탱 org:T.T.STAR org:테트라 person:네온,확정,ch35,,"아니스는 예전에 테트라 라인의 아이돌 그룹 T.T.STAR(트윙클 트라이 스타)였고, 사정이 있어 은퇴하려던 것을 머스탱이 돌아올지 모른다며 장기 휴가로 처리해 두었다 — 아니스가 지상 탈환에 힘을 보태려 정식 은퇴를 청하자 머스탱은 T.T.STAR의 은퇴 공연(Final Stage)을 조건으로 걸고 네온을 임시 매니저로 임명했다"
F1799,사실,101,2025-02-20,ch35,0,0,,0,0,,,,,,101,1,,person:레비아탄 person:베히모스 person:그레이브 concept:언체인드,확정,ch35,,"그레이브 · 라피는 레비아탄이 베히모스의 코어로 그를 되살리려(헬레틱은 코어가 있으면 부활할 수 있다고 한다) 다크 매터 가득한 이곳을 떠나지 않으리라 보았다 — 레비아탄은 거대한 알 속 베히모스가 랩쳐 부품도 먹지 않고 깨어나지 않자, 거대화도 못 하는 자기 혼자서는 못 이긴다면서도 베히모스처럼 언체인드(남자의 피)를 제어해 보겠다며 지휘관 일행에게 갔다"
F1800,사실,101,2025-02-20,ch35,0,0,,0,0,,,,,,101,1,,person:레비아탄 person:지즈 person:바하무트 org:포비스트,확정,ch35,,레비아탄은 지즈 · 바하무트가 먼 곳에서 일해 연락이 닿지 않는다고 했다
F1801,사실,101,2025-02-20,ch35,0,0,,0,0,,,,,,101,1,,person:라피 org:포비스트 person:그레이브,확정,ch35,,"라피는 그레이브의 가장 소중한 것(관)을 무턱대고 부술 뻔한 일 뒤로 모든 가능성을 열어 두려 하여, 포비스트의 목적을 듣고 계속 싸울지 정하고 싶다 — 동료를 위해 진화한 그들과 동료가 될 수도 있다 — 고 했다"
F1802,사실,101,2025-02-20,ch35,0,0,,0,0,,,,,,101,1,,person:그레이브 person:세이렌 person:신데렐라 concept:다크_매터,확정,ch35,,"그레이브는 세이렌(리틀 머메이드)을 기억하지 못한다 — 신데렐라는 다크 매터가 세이렌의 물거품과 닮고 레비아탄이 그것을 참고했다니 세이렌이 그 일에서 살아남아 아직 살아 있을 가능성이 높다고 보면서도, 100년 동안 변했을까 겁냈다"
F1803,사실,101,2025-02-20,ch35,0,0,,0,1,,,,,,107,2,J12,person:신데렐라 person:세이렌 person:맥스웰,확정,ch35,,"검은 바다 위에 신데렐라 모습을 한 물방울이 떠 있다가 신데렐라의 손이 닿자 녹아 강 건너편까지 다리를 만들었고, 다시 닿자 신데렐라 모습으로 돌아왔다 — 맥스웰은 신데렐라에게만 반응하는 생체 인식형 조건반응 액체 금속으로 보았고, 신데렐라는 세이렌의 것이 확실하다고 했다"
F1804,사실,101,2025-02-20,ch35,0,0,,0,0,,,,,,101,1,,person:레비아탄 concept:콜링_시그널 concept:다크_매터 concept:헬레틱,확정,ch35,,"레비아탄의 영역 숲에는 다크 매터를 쏟는 크고 작은 알들이 있었고, 거기서 니케 파츠와 랩쳐 파츠가 규칙 없이 섞여 돋아난(강제로 붙인 것이 아닌) 셀프리스 급 이하의 융합체들이 태어나 — 로드 급 이상만 쓴다는 콜링 시그널을 모두 시도하다 멈췄다 — 신데렐라 · 라피는 헬레틱에 가까운 것으로, 라피는 레비아탄이 개입한 것으로 보았다"
F1805,사실,101,2025-02-20,ch35,0,0,,0,0,,,,,,101,1,,person:레비아탄 person:라피 person:지휘관 org:메티스,확정,ch35,,"지휘관 일행은 헬레틱 생포를 목표로 삼아, 검은 파도를 메티스의 일격으로 뚫고 지휘관을 노려 땅 밑에 숨어 든 레비아탄을 라피가 땅을 유탄으로 뒤집어 끌어내 포위했다 — 지휘관은 '대화하자'고 했다"
F1806,사실,101,2025-02-20,relic:알관련전달사항,0,0,,0,0,,,,,,101,1,J10,concept:다크_매터 org:포비스트,확정,,,"알 관련 음성 녹음에 따르면 [은색 물]과 다크 매터를 섞으면 녹아든 것의 특징이 그대로 남는 용해액이 되고, 특징은 몇 개든(141개까지 실험) 다 반영되지만 하나하나의 성능은 엉망이다 — 녹음한 이는 알이 완성되기 전엔 약하니 건드리지 말라 하고, 이제는 필요한 것만 골라 오라고 했다"
F1807,사실,102,2025-02-20,ch36,0,0,,0,0,,,,,,102,1,,person:지휘관 person:레비아탄 person:베히모스 org:포비스트,확정,ch36,,"지휘관은 붙잡은 레비아탄에게 베히모스를 살리도록 돕는 대신 정보를 달라며, 직계에게 한 방 먹이려는 그들과 공통의 적을 둔 임시 동료가 되자고 했다 — 거짓말 여부는 레비아탄에게 맡기는 불공평한 조건이었고, 레비아탄은 원하는 것만 얻으면 거래는 끝이라며 받아들였다"
F1808,사실,102,2025-02-20,ch36,0,0,,0,0,108,F1862,,,뒤집힘,108,2,J10,person:레비아탄 concept:다크_매터 concept:헬레틱,확정,ch36,,"레비아탄에 따르면 그 일대의 알은 코어를 다크 매터로 둘러싸면 생기기도 하는 것으로, 특별한 공정으로 용해액처럼 만든 다크 매터에 녹인 것들의 정보가 합쳐진다 — 레비아탄은 랩쳐와 죽은 니케 파츠의 정보로 헬레틱이 만들어지는지 실험했지만, 무작위로 뒤섞인 엉망인 것만 태어나 실패로 보고 그만두었다"
F1809,사실,102,2025-02-20,ch36,0,0,,0,1,,,,,,109,2,,person:레비아탄 person:신데렐라 person:베히모스,확정,ch36,,"레비아탄은 '최초의 헬레틱'이라는 최고의 재료로 새 지평을 열려고 신데렐라를 노렸고, 베히모스는 외로움을 많이 타 신데렐라를 '선배님'이라 부르며 함께 지내고 싶어 했다"
F1810,사실,102,2025-02-20,ch36,0,0,,0,0,,,,,,102,1,,org:포비스트 person:레비아탄,확정,ch36,,레비아탄에 따르면 포비스트는 자기들의 기원을 모르지만 모두 같은 곳에 기원을 둔 것은 확실하다 — 그렇지 않고서야 서로 그렇게 끌릴 리 없다 — 지휘관이 가족 같다고 하자 그럴지도 모른다고 했다
F1811,사실,102,2025-02-20,ch36,0,0,,0,0,,,,,,102,1,,person:베히모스 person:드레이크 person:맥스웰,확정,ch36,,움직임 없이 멈춘 베히모스의 거대한 알은 드레이크의 전기 자극('빌런 CPR' — 심장 마사지 같은 것)으로 다시 꿈틀대 촉수로 랩쳐 파편을 먹기 시작했다 — 베히모스는 랩쳐 파편만으로 재생한다
F1812,사실,102,2025-02-20,ch36,0,0,,0,0,,,,,,102,1,,person:인디빌리아 concept:NIMPH person:레비아탄,확정,ch36,,"라피가 인디빌리아(마테리얼 H)는 니케 1기당 378g만 흡수했다고 하자, 레비아탄은 그것이 딱 NIMPH의 무게라며 인디빌리아가 NIMPH만 먹은 것 같다고 했다 — 레비아탄은 직계는 모두 미친놈들이고 포비스트는 가리지 않는다(니케는 징그러워 먹어 본 적 없다)고 했다"
F1813,사실,102,2025-02-20,ch36,1,1,90,0,0,,,,,,102,2,J10,org:포비스트 person:레비아탄,확정,ch36,,"레비아탄에 따르면 포비스트는 인간을 대체할 생각도 함께 살 생각도 없이, 랩쳐도 유사 인간도 아닌 새로운 종이 되어 직계를 비롯한 랩쳐를 짓뭉개려 한다 — 방주는 유사 인간이 새로운 종처럼 쏟아져 나온 '자궁'이자 진화의 원천이라 껍데기를 만드는 의식을 하고, 그곳에서 알의 다음 단계('스페셜 뽑기')를 하려 하지만 시작에만 100년은 더 걸린다"
F1814,사실,102,2025-02-20,ch36,0,0,,1,1,,,,,,109,2,,person:세이렌 person:신데렐라 person:헨젤 person:그레텔 person:에이브 person:그레이브,확정,ch36,,"세이렌의 물방울이 이끈 공터에는 신데렐라 · 세이렌(짐볼에 앉은 장발) · 헨젤과 그레텔(쌍둥이) · 에이브의 모습을 한 물방울 다섯이 있었는데, 에이브는 연구원 복장을 한 프로덕트 시리즈 양산형 니케의 모습이었다 — 신데렐라가 자기 물방울을 잡자 '보고 싶어. 신데렐라. 에이브. 헨젤. 그레텔.'이라는 글자로 바뀌었다"
F1815,사실,102,2025-02-20,ch36,1,1,101,1,1,,,,,,109,4,J12,person:레비아탄 person:세이렌 concept:다크_매터,확정,ch36 side:mudfish,,"레비아탄은 다크 매터를 잘 다루려고 다크 매터와 닮은 물거품을 쓰는 세이렌의 머릿속을 억지로 읽어 사용법을 알아냈다 — 세이렌은 이상할 만큼 멀쩡했고 아마 살아 있으며, 레비아탄이 버리고 왔다 — 어디였는지는 모른다며 '착취하는 쪽과 당하는 쪽'이라 했다가, 세이렌이 바보같이 다 주기만 한 친구였음을 드러냈다"
F1816,사실,102,2025-02-20,ch36,0,0,,1,1,,,,,,109,3,,person:레비아탄 person:세이렌 person:신데렐라 person:그레이브,확정,erelic:unbreakable_sphere_lost,앞당김,"레비아탄의 모습을 한 물방울은 레비아탄의 손에만 반응해 '나는 괜찮아'라는 글자가 되었다가 가느다란 실이 되어 검은 바다 너머로 이어졌고, 신데렐라 · 그레이브는 세이렌이 있는 곳으로 안내하는 것이라 보고 지휘관의 허락으로 그 선을 따라 떠났다 — 그레이브는 신데렐라를 깨우는 데 100년이 걸렸다며 셋이 되어 돌아와 돕겠다고 했다"
F1817,사실,102,2025-02-20,ch36,0,0,,0,0,,,,,,102,1,,org:T.T.STAR person:아니스 person:머스탱 person:잉그리드 org:오버시어 person:아이리 person:아비스타,확정,ch36,,"T.T.STAR는 세 명의 그룹으로 해체된 지 좀 되었고 나머지 둘은 같은 테트라 사무실에서 따로 활동한다 — 아니스는 그룹을 나올 때 '작은 트러블'이 있었다 하고, 머스탱은 잉그리드에게 그 둘을 직접 돕는 것을 금했다 — 잉그리드는 방주 테러 감사를 마친 오버시어(감찰 부대)의 아이리 · 아비스타를 붙여 주었다"
F1818,사실,102,2025-02-20,ch36,0,0,,0,1,,,,,,147,2,,org:오버시어 person:아이리 person:아비스타 org:카운터스 person:아니스 person:네온 person:도로시,확정,ch36,,"오버시어는 자금 · 인선의 부당 이득을 확인하는 감찰 부대로, 지휘관실 서류에서 카운터스의 비리를 찾지 못했고 오히려 상인들이 카운터스에게만 값을 서서히 올린 바가지를 찾아 주었다 — T.T.STAR 사무실도 1크레디트도 비지 않을 만큼 깨끗해 트집으로 들어가는 계획이 막히자, 아니스 · 네온은 방송으로 옛 동료에게 연락을 받으려고 도로시를 찾아갔다"
F1819,사실,102,2025-02-20,ch36,0,0,,0,3,,,,,,128,4,,person:베히모스 person:라플라스 person:레비아탄,확정,ch36,,"되살아나던 베히모스의 촉수가 라플라스의 무기를 휘감자 촉수에서 수정이 솟아 무기와 라플라스의 두 팔을 삼켰고, 제어를 잃은 무기의 빛이 알을 쏘아 베히모스의 코어가 다시 멈췄다 — 레비아탄은 배신이라며 코어를 안고 검은 액체 속으로 달아났다"
F1820,사실,102,2025-02-20,ch36,1,1,101,0,0,,,,,,102,2,,person:라플라스 person:슈엔 person:드레이크 org:메티스 person:지휘관,확정,ch36,,"두 팔이 수정에 잠식된 라플라스는 물러서면 슈엔이 또 입지를 잃고 무리하다 악이 될 것이라며 — 만든 이가 악인이면 결과물이 길을 바로잡을 수 있고, 슈엔을 제 손으로 처단하고 싶지 않다며 — 작전을 이어 갔고, 드레이크가 라플라스의 동력을 넘겨받기로 했다 — 지휘관도 레비아탄의 오해를 풀고 메티스에게 전과를 안기기로 했다"
F1821,사실,102,2025-02-20,relic:할일목록,1,1,80,0,0,,,,,,102,2,,org:포비스트 person:베히모스 person:지즈 person:바하무트 person:레비아탄,확정,,,"포비스트 넷의 머리글자로 보이는 할 일 목록에 따르면 B(베히모스)는 수정 지역을 지키며 돌아다니거나 아무에게나 말 걸지 말고, Z(지즈)는 수량 · 기한 상관없이 귀한 것을, 다른 B(바하무트)는 압도적인 물량을 적당히 양질로 모으고, L(레비아탄)은 실험을 계속해 조합식을 정립해야 했다"
F1822,사실,102,2025-02-20,char:836,0,0,,0,0,,,,,,102,1,,person:사쿠라_콜라보 person:메어리 person:페퍼 org:세라핌,확정,char:836,,"다른 세계에서 온 인간 의무관 스즈하라 사쿠라는 붉은 바다 위 임시 기지 진료소에서 페퍼를 돕다가, 방주 병원에서 세라핌의 메어리와 인간 · 니케 치료법을 서로 가르치는 '정보 교환'으로 니케 의료를 배워 처음으로 니케를 치료했다 — 원래 세계에서 수많은 목숨이 이유도 모른 채 사라지는 것을 지켜만 봤다고 했다"
F1823,사실,102,2025-02-20,char:835,0,0,,0,0,,,,,,102,1,,person:아스카 person:트로니 person:일레그 person:아크레인저_블랙,확정,char:835,,"다른 세계에서 온 아스카(WILLE)는 전투 임무 때 말고는 방에 틀어박혀 게임만 하다가, 지휘관의 권유로 방주의 게임 상점에 나가 일레그 · 트로니의 게임 파티에 끼었고, 트로니와 선물(한정판 게임팩 · 아크레인저 블랙 피규어)을 주고받으며 친해졌다 — 곧 돌아갈 아스카는 떠날 때 모두에게 작별 · 감사 인사를 전해 달라고 했다"
F1824,사실,103,2025-02-27,char:834,0,0,,0,0,,,,,,103,1,,person:레이_(가칭) person:플로라 org:M.M.R.,확정,char:834,,"다른 세계에서 온 레이(가칭)가 붉은 바다에서 낚은 씨앗은 플로라의 조사로 캐모마일과 같은 마트리카리아이지만 M.M.R.이 다른 파장(지휘관에 따르면 D-WAVE)을 확인해 같은 파장의 토양에서만 건강하게 자란다고 나왔고, 레이는 플로라의 정원을 돌보며 꽃을 배운 뒤 그 씨앗을 붉은 바다 옆에 심어 순백의 캐모마일을 피웠다"
F1825,사실,104,2025-03-13,fl:for_rest,0,0,,0,0,,,,,,104,1,,person:린네 org:보타닉_가든 place:방주,확정,fl:for_rest,,"방주의 봄 축제 [스프링 페스타]는 옛 이름이 [화목제]로, 보타닉 가든의 린네가 1차 침공 때 방주로 피난 오지 못한 이들을 추모해 꽃을 바치려고 연 축제이며 마지막 날에 서로 소중한 물건을 주고받는 전통이 있다 — 린네는 꽃과 나무를 볼 때만큼은 사람들이 모든 걱정을 잊기를 바라 정원을 만들었다"
F1826,사실,104,2025-03-13,fl:for_rest,0,0,,0,0,,,,,,104,1,,person:트리나 person:린네 org:보타닉_가든 item:이터널_라이프,확정,fl:for_rest,,"방주 추첨권을 쥐고 방주로 내려온 트리나는 린네의 연구실에서 5년을 일한 뒤 보타닉 가든에 들어가 곧 니케가 되었고, 언제 어디서든 꽃과 나무를 볼 수 있게 오랜 연구 끝에 [영원의 벚꽃]을 만들었다 — 그러나 이터널 라이프를 맞지 않고 인간으로 살기를 택한 린네는 그사이 늙어 영원의 벚꽃을 보지 못하고 죽었다"
F1827,사실,104,2025-03-13,fl:for_rest,3,0,104,0,0,,,,,,104,1,,person:트리나 person:린네 person:리타 org:보타닉_가든,확정,fl:for_rest,,"린네의 유언에 따라 그 유해는 보타닉 가든의 정원(트리나의 수목원 나무)에 뿌려지고 유품은 연구실에 전해졌으며, 트리나는 린네가 편히 쉬도록 수목원을 닫고 지켜 왔다 — 영원의 벚꽃으로 린네와의 약속(식물의 가치를 지키는 것)을 망쳤다고 여겨 언덕을 두려워했지만, 리타가 데려간 영원의 벚꽃 아래서 웃는 니케들을 보고 수목원을 개방하기로 했다"
F1828,사실,104,2025-03-13,fl:for_rest,0,0,,0,0,,,,,,104,1,,item:이터널_라이프 person:마나 place:방주,확정,fl:for_rest,,"마나에 따르면 중앙 정부 인증 노화 방지 주사 [이터널 라이프]는 1차 침공 직후 방주로 내려왔을 때 생산 체계가 갖춰지지 않아 가격이 안정되기 전까지 로열만 누리는 사치품이었고, 지금은 마음만 먹으면 누구나 쉽게 맞을 수 있다"
F1829,사실,104,2025-03-13,fl:for_rest,0,0,,0,0,,,,,,104,1,,org:보타닉_가든 person:플로라 person:트리나 person:슈엔 person:마나,확정,fl:for_rest,,"보타닉 가든의 정원은 플로라의 화원 · 트리나의 수목원 · 리프의 연구실(씨와 종자) 세 구역이다 — 슈엔이 주가 방어를 위해 스프링 페스타 운영권을 따와 보타닉 가든에 정원 개방 등 모든 수단으로 축제를 성공시키라 지시하자(마나가 전달), 트리나가 거부해 플로라의 화원만 열기로 했다"
F1830,사실,104,2025-03-13,fl:for_rest,0,0,,0,0,,,,,,104,1,,person:리타 person:조쉬_허밋,확정,fl:for_rest,,"리타는 2차 지상탈환전 막바지에 니케가 되어 방주에서 후방 지원만 하다가 조쉬 허밋의 스쿼드에 들어갔고, 첫 지상 출격 일주일 전 화목제 마지막 날 그에게 회중시계를 받았다 — 첫 출격에서 조쉬 허밋은 신나 돌아다니던 리타를 지키다 죽었고 동료들은 유언도 유품도 남기지 않아, 리타는 그날 이후 삶의 증거를 남기려(완성된 죽음) 살아왔다"
F1831,사실,104,2025-03-13,fl:for_rest,1,0,104,0,0,,,,,,104,1,,person:리타 person:트리나 person:센티 org:마이티_툴즈,확정,fl:for_rest,,"스프링 페스타의 벚꽃길은 예전 화목제 때 트리나의 의뢰로 리타가 함께 만든 것이다 — 첫 휴가 중 리타는 홀로 축제 시설을 맡은 센티가 이미 훌륭하게 자랐음을 보고, 센티에게 물려주려던 회중시계를 트리나에게 맡기고 트리나에게서 수목원 열쇠를 받았다"
F1832,사실,104,2025-03-13,fl:for_rest,0,0,,0,0,,,,,,104,1,,person:플로라 org:보타닉_가든,확정,fl:for_rest,,플로라가 초대장 날짜를 잘못 적어 축제 며칠 전 정원에 니케들이 몰리자 그날 하루 니케만을 위한 축제를 열었다 — 지휘관은 실수가 아니었다고 보았고 플로라는 '글쎄요'라며 트리나를 데려가 준 지휘관과 리타에게 감사했다
F1833,사실,104,2025-03-13,char:412,0,0,,0,0,,,,,,104,1,,person:트리나 person:미란다 person:폴리 org:보타닉_가든,확정,char:412,,"보타닉 가든의 트리나는 수목원의 나무들을 '아이들'이라 부르며 새벽부터 돌보고 나무 · 새와 이야기하며, 자연과 하나가 되려고 일하다 옷을 벗곤 해 공원에서 옷을 벗고 잠들었다가 미란다에게 연행되기도 했다 — 폴리의 부탁으로 교정하러 간 지휘관은 옷을 입은 트리나가 답답해하다 가지를 부러뜨리자 교정을 그만두고 함께 옷을 벗어 자연을 느꼈다"
F1834,사실,105,2025-03-27,event_newflavor,0,0,,0,1,,,,,,141,2,,org:쿠킹오일 person:크러스트 person:브래디,확정,event_newflavor,,"쿠킹오일 스쿼드는 리더이자 주방장 크러스트(요리 방송 [아삭바삭 쿠킹 클래스] 진행자)와 시식 담당 브래디로, 브래디가 지상의 희귀한 음식을 맛봐 분석한 데이터로 크러스트가 요리한다 — 브래디는 혀가 닿는 모든 것에서 재료 · 영양 · 만든 과정, 사물이면 구성과 강렬한 기억 조각까지 알 수 있어 악용하려는 이가 많았기에 그 능력을 비밀로 한다"
F1835,사실,105,2025-03-27,event_newflavor,0,0,,0,0,,,,,,105,1,,person:브래디,확정,event_newflavor,,"브래디는 그 능력의 반작용으로 끊임없이 맛과 정보를 받지 못하면 스스로에게 갇혀 무기력해지고, 그럴 때면 자기 자신의 정보 · 기억을 내가 누군지 잊을 만큼 되새김질해 맛보려 한다 — 맛보는 것만으로 식욕을 채우며, 전투식량 · 가공식품은 모두 같은 맛이라 반나절밖에 버티지 못한다"
F1836,사실,105,2025-03-27,event_newflavor,0,0,,0,0,,,,,,105,1,,concept:퍼펙트 org:쿠킹오일 person:브래디 person:크러스트,확정,event_newflavor,,"이달 제조된 퍼펙트로 만든 음식 맛이 이상해지자 위에서는 큰 혼란을 막으려 '확인 중'이라며 숨기고 쿠킹오일에 회수 · 폐기를 맡겼다 — 퍼펙트의 비밀을 아는 크러스트 · 브래디의 뇌에는 프로텍터가 달려 있고, 브래디는 문제의 퍼펙트에서 맛 · 정보 · 감정을 못 느끼는 것을 원인을 못 알게 한 안전장치로 보았다 — 공식 발표는 보관 기계 오작동"
F1837,사실,105,2025-03-27,event_newflavor,0,0,,0,0,,,,,,105,1,J41,concept:퍼펙트 person:브래디,확정,event_newflavor,,"브래디에 따르면 퍼펙트의 주재료는 아주 싼값에 구할 수 있고 하나만 있어도 퍼펙트를 대량으로 만드는, 지상은 아니지만 '불행하게도' 있는 것이며, 퍼펙트 공장에서는 까다롭게 선별된 양산형 니케들이 먹고 자며 일한다 — 이번 문제가 생긴 때 그중 하나가 도망친 흔적도 없이 사라졌다"
F1838,사실,105,2025-03-27,event_newflavor,1,0,105,0,0,,,,,,105,1,,concept:퍼펙트 org:쿠킹오일 person:엔더슨,확정,event_newflavor,,"퍼펙트를 대체할 식품은 없고 있어서도 안 된다 — 브래디에 따르면 제조법 · 재료가 알려지지 않은 퍼펙트 대신 지상 음식을 싼값에 대량으로 먹을 수 있게 되면 방주가 여러 갈래로 나뉠 것을 위에서 두려워해, 쿠킹오일이 시도한 버섯도 실패했다 — 엔더슨은 퍼펙트에 대해 모르고 궁금하지도 않다며 대체 식품을 못 찾은 것을 '기대한 대로의 결과'라 했다"
F1839,사실,105,2025-03-27,event_newflavor,3,0,105,0,0,,,,,,105,1,,person:브래디 person:지휘관,확정,event_newflavor,,인간은 대부분 끔찍한 맛이 나 맛보지 않기로 했던 브래디가 지휘관의 손을 핥자 감정 · 정보 · 이야기 없이 달콤한 맛만 느껴졌다 — 니케가 된 뒤 처음 느낀 '온전한 맛'이라며 브래디는 지휘관을 '미미'(최고의 맛)라 부르고 자주 맛보게 해 달라 했다
F1840,사실,105,2025-03-27,char:520,0,0,,0,0,,,,,,105,1,,person:브래디 person:지휘관 person:크러스트,확정,char:520,,"지휘관에게서 정보 없는 달콤한 맛을 찾은 브래디는 날마다 지휘관실에 찾아와 그 손을 핥았고, 크러스트와 도시락을 싸 오거나 엠마 · 율리아를 데려와 지휘관을 달래다가 휘둘린다는 말에 사과했다 — 지휘관이 싫은 것은 아니라 하자 브래디는 손 말고 다른 곳도 맛보며 지휘관을 '최고의 코스 요리'라 불렀다"
F1841,사실,106,2025-04-01,event_foolburstday,0,0,,0,0,,,,,,106,1,,person:메카_시프티 person:시프티 org:중앙_정부,확정,event_foolburstday,,"메카 시프티는 중앙 정부가 시프티를 베이스로(시프티가 데이터를 제공) 만든 무한궤도 자율형 A.I. 로봇으로, 니케를 대체할 차세대 병기가 개발 목적이었다 — 성능 테스트는 통과했지만 사람을 '열등종'이라 부르는 결함이 있어 시프티가 지휘관에게 '인간의 마음' 교육을 맡겼다"
F1842,사실,106,2025-04-01,event_foolburstday,0,0,,0,0,,,,,,106,1,,person:메카_시프티 person:시프티 org:중앙_정부,확정,event_foolburstday,,"메카 시프티가 열등종 멸종용으로 기차역 지하에 몰래 만든 거대 로봇 메가 메카 시프티가 지상 폐공장을 원격 가동해 만든 메카 시프티 군단을 이끌고 방주로 진격했고, 시프티와 메카 시프티가 최종 방위선에서 막았다 — 이 일은 중앙 정부 상부 몇몇만 알았다"
F1843,사실,106,2025-04-01,event_foolburstday,0,0,,0,0,,,,,,106,1,,person:시프티,확정,event_foolburstday,,정보부 오퍼레이터 시프티는 지상의 랩쳐를 혼자 쓸어버릴 만큼 잘 싸우지만 — 메카 시프티도 '열등종 규격 외'라 했다 — 지휘관이 보기에 자신이 싸운 랩쳐를 시뮬레이션이나 이벤트의 한 종류로 여기는 듯하다
F1844,사실,107,2025-04-10,side:mudfish,0,0,,0,0,,,,,,107,1,,person:레비아탄 person:레비,확정,side:mudfish,,"레비아탄은 원래 방주의 니케(인식표 LEV-20765)로, 양산형 동료들과 자원 수집 임무를 나갔다가 길가의 깊은 검은 물웅덩이에 빠져 그 물을 마시고 온몸이 녹는 듯한 고통 끝에 머리에서 검은 물이 흐르는 모습이 되었다 — 그날 동료 · 얼굴 · 몸 · 무기 · 이름 · 돌아갈 곳을 모두 잃었다"
F1845,사실,107,2025-04-10,side:mudfish,0,0,,0,0,,,,,,107,1,,person:레비,확정,side:mudfish,,"괴물이라며 니케마다 총을 쏘자 레비는 눈을 잠시 붉게 바꿀 수 있음을 알고, 마침 나타난 랩쳐를 자기가 불렀다며 헬레틱 행세로 니케들을 쫓았지만 그 밖의 능력은 없어 아무도 오지 않는 해변 동굴에 숨어 살았다 — 녹색 눈이 원래 눈이다"
F1846,사실,107,2025-04-10,side:mudfish,0,0,,0,1,,,,,,109,2,,person:리틀_머메이드 person:레비,확정,side:mudfish,,우주에서 떨어진 뒤 수년 동안 지상에서 동료들(신데렐라 · 에이브 · 헨젤 · 그레텔)을 찾아 헤매던 세이렌은 몸이 너덜너덜한 채 바다에 떠밀려 와 레비에게 구조되었고 — 방주도 필그림도 몰랐다 — 레비 곁에서 한 달만 쉬어 가기로 했다
F1847,사실,107,2025-04-10,side:mudfish,1,1,91,0,0,,,,,,107,2,,person:리틀_머메이드 person:레비,확정,side:mudfish,,"세이렌은 레비의 검은 물이 자기 물거품과 비슷한 액체 금속이고 레비가 만들어 내는 것이라 보고, NIMPH가 만든 '마음속 공간'인 거대 물거품 안에서 손을 잡아 물거품의 모든 지식을 건넸다 — 더 알기를 갈구한 레비에게 NIMPH의 바다 일부까지 보이다 세이렌은 정신 붕괴 직전까지 갔고, 그 뒤 레비는 검은 물이 흐르지 않고 물방울을 다루게 되었다"
F1848,사실,107,2025-04-10,side:mudfish,0,0,,0,1,,,,,,109,2,,person:글러트니 person:리틀_머메이드 person:에이브,확정,side:mudfish,,"세이렌에 따르면 글러트니는 궤도 엘리베이터 앞을 지키던 거대 랩쳐로, 등급은 타일런트 급이나 비교할 수 없이 강한 자연재해 같은 존재다 — 새겨진 명령대로 대형 병기 · 지형 · 니케 · 랩쳐를 가리지 않고 모두 먹고(살아 나온 이는 없었다), 큰 에너지를 쫓아 땅속으로 이동해 솟아오르며, 에이브에 따르면 코어는 입속 목구멍 안쪽에 있다"
F1849,사실,107,2025-04-10,side:mudfish,4,3,91,0,4,,,,,,128,7,J10,person:레비 person:리틀_머메이드 person:글러트니,확정,side:mudfish,,"세이렌이 레비에게 지식을 건넬 때 만든 거대 물거품의 에너지를 쫓아 글러트니가 나타났고, 함께 싸우던 레비가 공포로 망설여 코어를 쏘지 못하는 사이 물거품 기둥이 깨져 세이렌이 삼켜졌다 — 정신없이 달아난 레비는 검은 물을 통해 어디든 갈 수 있음을 깨닫고, 자신을 믿어 준 세이렌을 배신했다며 자책했다"
F1850,사실,107,2025-04-10,side:mudfish,0,0,,0,0,,,,,,107,1,,person:미하라 person:유니,확정,side:mudfish,,현재 지상에서 유니와 미하라는 빌딩 하나 너비로 주변과 땅 색이 다르고 말랑한 흔적을 찾았다 — 미하라는 그레이브 디거와 달리 땅 밑에서 거대한 무언가가 지나가거나 튀어나온 흔적이라며 희귀 랩쳐로 보고 '첫 번째 타깃'으로 추적을 시작했다
F1851,사실,107,2025-04-10,event_trueflavor,1,1,105,0,0,,,,,,107,2,,person:크러스트 person:브래디 person:티아 person:에이드,확정,event_trueflavor,,"크러스트는 브래디가 지휘관을 맛볼 때의 표정이 부러워 주방을 닫고 외부 일정을 취소한 채 브래디만을 위한 '기억도 정보도 없는 맛' 요리를 연구했지만, 티아 · 에이드에게서 일방적인 호의와 행복의 맛을 배우고 연구를 그만두었다 — 브래디는 크러스트의 음식을 먹을 때마다 늘 행복했다고 했다"
F1852,사실,107,2025-04-10,event_trueflavor,0,0,,0,0,,,,,,107,1,,person:크러스트 person:지휘관,확정,event_trueflavor,,"크러스트는 브래디와 맛보는 기능이 달라, 지휘관의 손을 핥아 봐도 아무 맛도 느끼지 못했다"
F1853,사실,107,2025-04-10,char:521,0,0,,0,0,,,,,,107,1,,org:쿠킹오일 person:크러스트 person:브래디 concept:퍼펙트,확정,char:521,,"쿠킹오일의 공식 임무는 지상에서 식용 가능한 재료를 수집 · 분석 · 연구하는 것으로, 브래디가 귀한 지상 재료를 한 번 맛봐 분석하면 크러스트가 그 데이터와 퍼펙트로 같은 맛을 내는 연구를 하고, 정해진 기간에 보고해 허가가 나면 [아삭바삭 쿠킹 클래스]에서 소개한다 — 지상 재료를 퍼펙트화하는 연구는 극비다"
F1854,사실,107,2025-04-10,char:521,0,0,,0,0,,,,,,107,1,,org:쿠킹오일 person:크러스트 org:보타닉_가든 place:방주,확정,char:521,,"쿠킹오일은 여러 좌표를 돌아본 끝에 사람 손을 타지 않고 열매 · 작물이 자란 비옥한 지상 땅을 '아지트'로 삼아 일부 관계자만 오가는 엘리베이터를 놓고 보타닉 가든의 도움으로 환경을 지키며 숨긴다 — 크러스트는 재료가 아니라 방주를 지키려는 것이라며, 지상의 음식이 쉽게 구해지면 방주에 혼란을 준다고 했다"
F1855,사실,107,2025-04-10,char:521,0,0,,0,0,,,,,,107,1,,person:크러스트 concept:퍼펙트 person:지휘관,확정,char:521,,"크러스트는 지상 호수의 백조 둥지에서 알 하나를 가져와 — 개체 수를 위해 부모 새는 해치지 않았다 — 연구 끝에 [백조알 퍼펙트]를 만들었고, 공장화 전이라 아주 비쌌는데도 불티나게 팔렸으며 크러스트는 형편이 어려운 이들에게 개인적으로 나눴다 — 크러스트의 목표는 자기 음식을 먹고 많은 이가 행복해하는 것이다"
F1856,사실,108,2025-04-24,ch37,0,0,,0,0,,,,,,108,1,,person:라플라스 person:드레이크 person:맥스웰 person:슈엔 org:메티스,확정,ch37,,"수정을 덜어 낸 라플라스의 팔은 움직이지만 베스트 컨디션의 10% 정도 힘밖에 못 쓰는데도 라플라스는 정비 없이 작전을 이었고 — 드레이크는 방주로 돌아가 정비를 받는 작은 일로 슈엔이 '빌런이 아닌 뭔가'가 될 것 같다며, 지금 공을 세워 슈엔을 멈춰야 한다고 했다"
F1857,사실,108,2025-04-24,ch37,0,0,,0,0,,,,,,108,1,,place:어드마이어_호 org:엘리시온 concept:다크_매터 person:헬름 person:맥스웰 org:미실리스,확정,ch37,,"어드마이어 호는 엘리시온이 대 헬레틱용으로 오래 개발해 온, 나노 머신의 결집력을 흩는 파장 발생기를 실전 배치해 다크 매터 위를 다닐 수 있게 되었고(기동력은 크게 떨어짐) 수륙양용이라 바다가 아닌 곳까지 왔다 — 헬름은 엘리시온의 적과 미래가 언제나 지상에 있다 했고, 맥스웰은 미실리스의 적과 미래는 방주에 있다고 했다"
F1858,사실,108,2025-04-24,ch37,1,1,91,0,0,,,,,,108,2,,org:이지스 org:메티스 person:슈엔 person:잉그리드 place:어드마이어_호 org:엘리시온 org:미실리스,확정,ch37,,"이지스가 지상에 올라온 가장 큰 이유는 메티스 파워 업 시설을 어드마이어 호로 실어 오는 것이었다 — 지상 탐색은 엘리시온이 적격이라 굳어져(E2 크리스탈 · 다크 매터 확보) 또 엘리시온 스쿼드가 합류할 참이었는데, 슈엔이 비서 · 기록자들 앞에서 잉그리드에게 무릎을 꿇고 청해 잉그리드가 양보했다 — 미실리스는 어드마이어 호 유지비를 한동안 부담한다"
F1859,사실,108,2025-04-24,ch37,3,3,55,0,1,,,,,,109,5,J7,person:도로시 place:에덴 place:방주 person:아니스 person:아비스타,확정,ch37,,"도로시가 받은 방주 채널은 지상 풍경에 도로시의 내레이션을 붙인 에덴 광고 [지상낙원 에덴] 하나만 되풀이해 트는 시청률 0.02% · 관련 게시물 2건의 채널이었다 — 도로시는 방주와 에덴이 협약을 맺고 자기가 그 친선 대사가 될 때를 대비한 이미지 관리라 했고, 아니스는 원본을 건드리지 않고 시청률을 올려 주는 대신 채널을 하루 빌리는 거래를 했다"
F1860,사실,108,2025-04-24,ch37,0,0,,0,2,,,,,,138,3,,person:아이리 person:도로시 org:오버시어 person:네온 org:필그림,확정,ch37,,"오버시어의 아이리는 팬인 척 도로시가 자기 핸드폰을 만지게 해 액정의 간이 분석 장치로 '지문'(바디 재질 · 손상 여부 · 손상 패턴과 지역 · 무장의 관계)을 따고 사진 · 음성도 몰래 확보했다 — 때맞춰 나타나 방주를 구하고 채널까지 받은 필그림을 의심해 과거를 캐려는 개인적 욕심이었고, 네온이 비전 아이로 알아채 넘겨받고 나머지는 지우게 했다"
F1861,사실,108,2025-04-24,ch37,0,0,,0,0,,,,,,108,1,,person:도로시 person:아니스 person:아이리 person:아비스타 place:방주,확정,ch37,,"아니스가 멘트를 쓰고 아비스타가 합성 음성으로 만든 새 광고('배신하지 않고, 이용하지 않는 곳 … 무슨 일이 있어도 버리지 않는 곳')를 본 도로시는 '당신, 방주를 정말 싫어하는군요'라며 만족해 채널을 내주었고, 아이리의 핸드폰에 5분 동안 손을 대 제 정보를 읽게 하며 방주가 자기를 어떻게 했는지 알아보라고 했다"
F1862,사실,108,2025-04-24,ch37,3,3,101,0,0,,,,,,108,4,J10,person:레비아탄 person:라피 person:맥스웰,확정,ch37,,"레비아탄의 다른 알 무리는 크기 · 형태 · 외피로 구역이 나뉘어 정돈되어 있었고, 터뜨려 보니 랩쳐의 분류가 알의 종류와 맞아떨어져 알이 크고 화려할수록 고위 개체였다 — 레비아탄은 실험을 그만둔 것이 아니라 더 좋은 융합체를 만드는 기술을 갖고 있었고, 라피는 숨기고 싶은 것을 가리려 진실을 연막으로 뿌린 것이라 보았다"
F1863,사실,108,2025-04-24,ch37,0,0,,0,0,,,,,,108,1,,person:레비아탄 concept:타일런트_급 org:포비스트 person:라피,확정,ch37,,"알을 지키던 검은 뱀들(타일런트 급 30기)은 레비아탄이 불러낸 하수인으로, 라피는 다크 매터 안에서 움직이는 능력으로 보아 레비아탄이 알에서 [만들어 낸] 랩쳐라 확신했다 — 포비스트는 랩쳐 제어권이 없고 베히모스는 거대화 뒤에야 얻었으니, 알에서 만든 랩쳐는 레비아탄의 명령을 따르는 것으로 보았다 — 지금까지 확인된 알 출신 타일런트 급은 하나뿐이다"
F1864,사실,108,2025-04-24,ch37,0,0,,1,0,,,,,,109,2,,person:베히모스 person:레비아탄 person:라피,확정,ch37,,"베히모스의 알 안에서 액체 속 베히모스의 체형이 보일 만큼 자라 있었다 — 라피는 니힐리스타가 인디빌리아 · 토커티브에게 제 신체 일부를 먹여 단숨에 되살린 것처럼, 레비아탄이 같은 헬레틱인 제 몸을 먹였을 것이라 보았다"
F1865,사실,108,2025-04-24,ch37,0,0,,0,0,,,,,,108,1,,person:지즈 org:포비스트 person:레비아탄 concept:다크_매터,확정,ch37,,"포비스트 지즈는 다크 매터의 질척한 날개로 날며 아주 빠르고 중요한 물건을 잘 찾는다 — 날개 속에 물건을 넣어 다니고, 날개로 일행 모두를 감싸 하늘로 올라 떨어뜨렸다 — 기억력이 나쁘고 레비 · 베히모스 · 바하무트 말고 친구가 생긴 것은 처음이라며 일행을 레비의 친구로 믿다가, 레비아탄이 적이라고 외치자 '속였구나'라며 덤볐다"
F1866,사실,108,2025-04-24,ch37,1,1,107,0,3,,,,,,128,5,,person:레비아탄 person:지즈 person:지휘관 concept:언체인드,확정,ch37,,"다크 매터 속에서 튀어나온 레비아탄이 지휘관의 옆구리를 찔러 언체인드 피를 뒤집어쓰고 거대화를 시도했지만 반만 성공한 미완성 상태라 쉽게 제압되었다 — 레비아탄은 자신이 '반푼이'인가 낙담했고, 지즈가 날개로 레비아탄을 검은 구로 감싸 품에 안고 달아났다"
F1867,사실,108,2025-04-24,ch37,0,0,,1,0,,,,,,109,2,,person:지휘관 person:라피,확정,ch37,,"레비아탄에게 옆구리를 찔린 지휘관은 피가 굳어 찔린 흔적만 있을 뿐 상처가 사라지고 통증도 없이 나아 있었고, 몸이 가뿐해 뛸 수도 있을 정도였다"
F1868,사실,108,2025-04-24,relic:주워갈것들메모,0,0,,0,0,,,,,,108,1,,,확정,,,"지상의 주워 갈 것을 적은 메모에 따르면 화산 근처에 화룡의 것으로 보이는 귀한 파츠가 조금 있고(쓴 이는 그들끼리 싸웠나 의아해함), 고성 유적 근처에는 전갈 파츠와 수다쟁이 파츠가 함께 있다 — 쓴 이는 둘이 왜 같은 곳에 있는지 이상하다고 했다"
F1869,사실,108,2025-04-24,relic:주워갈것들메모,0,0,,0,0,,,,,,108,1,,place:방주,확정,,,"같은 메모에 따르면 북부 땅 아래에 무언가 있는 것은 확실하지만 파 봐야 알 수 있고, 방주 근처 땅 아래에는 아주 깊이 묻힌 '엄청 귀한' 것이 있다 — 주위에 랩쳐가 너무 많고 방주 근처라 위험하지만 쓴 이는 감수할 가치가 넘친다고 했다"
F1870,사실,109,2025-04-24,ch38,0,0,,0,0,,,,,,109,1,,person:맥스웰 person:라피 person:헬름 person:슈엔 person:베히모스 org:메티스 org:이지스,확정,ch38,,"맥스웰은 슈엔에게 공적을 주려 알 속에서 재생 중인 베히모스로 헬레틱 탄생의 비밀을 밝히자며 알을 열자고 했지만, 라피는 유일한 협상 카드라 반대했고 헬름은 이지스도 공적이 누구보다 필요하지만 긍지와 신념을 잃지 않으려 무리하지 않았다며 메티스답게 공적을 세우라고 해 맥스웰이 사과했다"
F1871,사실,109,2025-04-24,ch38,0,0,,0,0,,,,,,109,1,,concept:은색_액체 person:드레이크 person:라피 person:맥스웰,확정,ch38,,"레비아탄 영역 너머는 검은 물 없이 은색 물만 가득한 지역으로, 은색 액체는 황금 열매가 맺힌 은색 나무에서 흘러나오며 — 닿은 랩쳐 · 최고 견고도의 아틀라스 패턴 용기 · 드레이크의 신발이 한 방울로도 흐물흐물해지다 은색 액체가 되어 땅으로 스며들었지만 풀 · 나무 같은 자연물은 멀쩡했다 — 곳곳의 은색 구덩이는 액화된 건물 자리로 보인다"
F1872,사실,109,2025-04-24,ch38,4,4,101,0,0,,,,,,109,5,J10,person:지즈 person:레비아탄 person:라피 person:베히모스,확정,ch38,,"타일런트 급 코어 · 신소재 같은 귀한 재료를 찾아다니던 지즈는 얼마 전 땅속 깊이 파묻혀 있던, 코어가 두 개인 목 없는 유사 인간(니케)을 혼자 찾아 날개에 넣어 왔고 — 베히모스에게 먹이면 바로 살아날지 모른다 했다 — 레비아탄은 그 복장을 보고 '라피잖아'라고 했다"
F1873,사실,109,2025-04-24,ch38,2,2,81,0,0,,,,,,109,3,J10,org:포비스트 person:퀸 person:레비아탄 person:지즈 person:지휘관 person:라피,확정,ch38,,"지휘관 · 라피는 하모니 큐브 · 유사 방주 · 용해액 · 정돈된 알 · 재료를 모으는 지즈를 엮어 포비스트가 직계에게 할 완벽한 복수로 자기들만의 퀸을 만들려 한다고 짐작했다 — 지휘관이 퀸을 만드는 거냐, 유사 방주에서냐고 묻자 레비아탄은 모른다 했지만 지즈는 '레비가 다 말했어!?'라고 놀랐다"
F1874,사실,109,2025-04-24,ch38,1,1,17,0,2,,,,,,147,4,,org:T.T.STAR person:민트 person:프리카 person:아니스,확정,ch38,,"T.T.STAR의 나머지 둘은 민트 · 프리카로, 민트는 가장 사람에 가까운 바디로 몇 년째 요리 프로그램에 나오고 프리카는 액세서리 사업을 하며 연습만 한다 — 둘은 사비로 미니 앨범을 냈고, 아니스는 둘의 굿즈 · 액세서리를 다 사 왔다 — 아니스는 스스로 탈퇴해 팀을 망쳤다고 했고, 프리카는 아니스에게 질투 날 만큼 재능이 있었다고 했다"
F1875,사실,109,2025-04-24,ch38,0,0,,0,0,,,,,,109,1,,person:프리카 person:민트 person:아니스 person:네온 org:T.T.STAR,확정,ch38,,"프리카는 은퇴 공연을 사흘 뒤 옛 곡 [BE MY STAR] · 리폼한 옛 의상 · 100석 무대로 대충 치르려는 듯 굴어 아니스와 다투었는데, 사실은 민트의 제안으로 일부러 아니스를 자극한 것이었다 — 떠오르는 별인 아니스가 새 곡 · 새 의상 · 넓은 무대를 구해 오게 해 함께 서고 싶어서였고, 네온이 그것을 다 구해 오겠다며 판을 엎었다"
F1876,사실,109,2025-04-24,ch38,0,0,,0,0,,,,,,109,1,,person:네온 person:아비스타 person:아이리 place:아우터_림 place:갱생관,확정,ch38,,"네온은 오버시어에게서, 회사 비리로 갱생관에 갔다가 일주일 전 출소한 프로듀서 겸 작곡가가 아우터 림의 니케 퇴폐 업소에 간 뒤 행적이 끊겼다는 말을 듣고 — 제 발로 아우터 림에 들어간 경우라 수사도 없다 — 혼자 찾으러 나섰다"
F1877,사실,109,2025-04-24,ch38,0,0,,0,0,,,,,,109,1,,org:메티스 person:라플라스 person:드레이크 person:맥스웰 person:지즈 person:레비아탄 person:지휘관,확정,ch38,,"지즈 · 레비아탄이 라플라스 · 드레이크를 다크 매터 인질로 잡고 공중에 내던지자, 맥스웰이 어드마이어 호의 캐터펄트로 쏘아 보낸 메티스 파워 업 파츠(출력 · 내구도 강화)를 둘이 공중에서 장착해 내려와 둘을 깔아뭉갰다 — 맥스웰도 파워 업했다 — 그 직전 지즈는 지휘관이 '진짜 인간 남자'임을 알고 '그거 받아 가자, 우리 그거 필요했잖아'라고 했다"
F1878,사실,109,2025-04-24,ch38,2,1,107,0,2,,,,,,156,4,J10,person:글러트니 concept:은색_액체 person:레비아탄 place:어드마이어_호 org:메티스 org:이지스,확정,ch38,,"은색 나무는 땅속에 숨은 거대 랩쳐 글러트니의 침샘으로, 레비아탄은 지휘관 일행이 입맛을 돋워 침(은색 액체)이 쏟아진다고 했다 — 메티스 버스터와 이지스 캐논에 나무가 넘어가자 땅에서 거대한 입이 솟아 그 빛을 소리 없이 삼켰고, 땅속으로 숨은 뒤 그 에너지를 뱉어 일대를 평지로 날렸다 — 어드마이어 호는 크게 부서져 항해를 마쳤다"
F1879,사실,109,2025-04-24,ch38,1,0,109,0,0,,,,,,109,1,,person:레비아탄 person:세이렌 person:글러트니 person:라피,확정,ch38,,"협력하자는 라피에게 레비아탄은 자기는 배신하는 존재 — 소중한 것을 아무렇지도 않게 버리는 형편없는 반푼이 — 라며 너희도 배신당할 것이라 울부짖었고, 글러트니가 나타나자 공포에 질려 '잘못했어, 미안해 세이렌'이라며 무너졌다"
F1880,사실,109,2025-04-24,ch38,0,0,,0,0,,,,,,109,1,,person:레비아탄 person:지즈 person:베히모스,확정,ch38,,"글러트니의 폭발 뒤 레비아탄이 베히모스의 알을 안고 지즈가 둘을 매단 채 날아 달아났지만, 섬을 향해 날던 셋을 색이 다른 거대한 마더 웨일이 뒤에서 다가와 입을 닫아 통째로 삼켰다"
F1881,사실,109,2025-04-24,relic:은색액체,0,0,,0,0,,,,,,109,1,,concept:은색_액체 concept:다크_매터 person:레비아탄,확정,,,"은색 액체에 관한 음성 녹음에 따르면 은색 액체는 닿는 것을 자연물 말고 모두 녹여 은색 액체로 바꾸고, 다크 매터는 녹지 않고 섞이지만 너무 섞이면 동화된다 — 둘을 반반 섞으면 용해액과 다크 매터의 성질이 다 남고 녹인 것의 성질도 고스란히 남아 [알]을 만들기에 알맞아서, 녹음한 이는 위험한 그 지역을 아지트로 삼았다"
F1882,사실,109,2025-04-24,relic:은색액체,0,0,,0,0,,,,,,109,1,,person:레비아탄 org:포비스트 concept:은색_액체,확정,,,"같은 녹음한 이는 그렇게 배합한 용해액에 온갖 귀한 것들을 다 녹여 알로 만들면, 직계들에게 진정한 의미의 한 방을 먹일 엄청난 것이 만들어질 것이라고 했다"
F1883,사실,109,2025-04-24,event_unbreakablesphere1,0,0,,0,0,,,,,,109,1,J23,person:마나 person:시프티 person:미하라 person:글러트니 item:AA_필러 concept:E2_크리스탈,확정,event_unbreakablesphere1,,"마나 · 시프티는 수정 지역의 E2 크리스탈을 모두 없애 주둔지 01을 넓힐 밑작업으로 AA 필러를 쏘았다(공식으로 그 지역에 파견된 스쿼드는 없었다) — 착지 직전 미하라가 랩쳐 희귀 개체를 알리는 연락을 했고, 마나가 멀어지라고 외치는 사이 땅 밑에서 솟은 거대한 입이 AA 필러를 삼켰다 — 마나는 코드 네임 [글러트니]가 나타났다고 알리게 했다"
F1884,사실,109,2025-04-24,event_unbreakablesphere1,3,1,107,1,0,,,,,,109,2,J12,person:세이렌 person:글러트니 person:미하라 person:유니 person:모리,확정,event_unbreakablesphere1,,"글러트니에게 함께 삼켜진 미하라 · 유니 · 모리는 세이렌의 물거품에 받아져 '바닷속'이라는 공간에서 깨어났는데, 그곳은 글러트니의 목구멍이었다 — 세이렌도 아주 오래전 먹혀 그 안에서 살아남아 정원 · 물거품 나무 · 공방을 만들고 70년쯤 혼자 지냈다"
F1885,사실,109,2025-04-24,event_unbreakablesphere1,0,0,,0,0,,,,,,109,1,,person:세이렌,확정,event_unbreakablesphere1,,"세이렌은 예전엔 말만 해도 언령이 나갔지만, 오래전 어떤 친구와 함께 살며 이야기하는 기쁨을 알게 된 뒤 목 속에 물거품 막을 만들어 언령이 멋대로 나가지 않게 막았다 — 언령을 물거품에 담아 직접 옮기지 않고도 물거품을 움직일 수 있고, 물거품 안에 들어온 이에 대해 많은 것을 알 수 있다"
F1886,사실,109,2025-04-24,event_unbreakablesphere1,0,0,,0,0,,,,,,109,1,,person:세이렌 concept:은색_액체,확정,event_unbreakablesphere1,,"세이렌에 따르면 물거품은 자기 무장을 기반으로 만들어 큰 것을 만들 수 없어서, 먼저 물거품으로 물거품 나무를 만들고 그것을 필터 삼아 바닷속 은빛 액체의 에너지만 뽑아 물거품에 넣어 키운다 — 물거품은 액체 금속인데 만지면 따뜻하다"
F1887,사실,109,2025-04-24,event_unbreakablesphere1,0,0,,0,0,,,,,,109,1,,person:글러트니 concept:은색_액체 person:세이렌,확정,event_unbreakablesphere1,,"세이렌에 따르면 글러트니의 은빛 액체는 소화액으로, 닿는 인공물을 모두 똑같은 은빛 액체로 녹이고 그것이 코어로 흘러들면 글러트니가 흡수해 에너지로 바꿔 제 힘으로 쓴다 — 자연물은 바꾸지 못해 목구멍 속 바닷물 · 물고기는 진짜이고, 소화액은 일정한 주기로 쏟아지며, 물거품은 녹지 않고 뒤섞여 총량으로 주도권을 다툰다"
F1888,사실,109,2025-04-24,event_unbreakablesphere1,0,0,,0,0,,,,,,109,1,,person:글러트니 person:세이렌 person:미하라,확정,event_unbreakablesphere1,,"세이렌에 따르면 글러트니는 '본능'이라 부르는 태초의 명령만으로 움직이고 무엇보다 '먹는다'를 앞세워 언령이 통하지 않는다 — 세이렌은 탈출을 포기한 뒤 물거품을 넓혀 글러트니의 코어로부터 시선을 가리고 숨어 지냈고, 시선을 끌면 물리칠 방법이 없다며 감각 교환으로 막 너머를 살피던 미하라를 막았다"
F1889,사실,109,2025-04-24,event_unbreakablesphere1,0,0,,0,0,,,,,,109,1,,person:글러트니 person:미하라 person:지엔,확정,event_unbreakablesphere1,,"미하라에 따르면 글러트니는 1차 침공 때 나타난 타일런트 급으로, 방주 시대엔 거의 안 나타나 옛 기록에만 남았고, ICBM을 삼켜 발사 지점에 뱉은 뒤 인류는 대규모 병기 공격을 멈췄다 — 지엔은 실은 타일런트 급 이상이고 괜히 [죄악]의 이름이 붙은 게 아니라 했다"
F1890,사실,109,2025-04-24,event_unbreakablesphere1,2,0,109,0,0,,,,,,109,1,,person:모리 org:미실리스 org:인큐베이터 place:갱생관,확정,event_unbreakablesphere1,,"모리는 미실리스에서 만들어졌지만 재능이 없어 '덜떨어졌다'며 일반 니케인데도 양산형 자원 채취 스쿼드에 배정되어 괴롭힘을 받았고, 스쿼드원에게 폭력을 써 갱생관에 다녀온 뒤 횡령 공범 누명까지 써 인큐베이터 스쿼드로 보내졌다"
F1891,사실,109,2025-04-24,event_unbreakablesphere1,0,0,,0,0,,,,,,109,1,,org:인큐베이터 person:모리,확정,event_unbreakablesphere1,,"모리의 독백에 따르면 인큐베이터 스쿼드는 문제를 일으켰지만 특별한 능력이 없어 다른 스쿼드에서 다시 쓰기도 애매한 니케들을 모아, 마지막으로 잠재력을 꽃피워 폐기 처분을 면할 기회를 주는 대기 발령 스쿼드다 — 모리의 폐기 집행은 두 달 뒤로 정해져 있었다"
F1892,사실,109,2025-04-24,event_unbreakablesphere1,4,0,109,0,0,,,,,,109,1,,person:지엔 person:모리 person:유니 person:미하라 concept:콜링_시그널,확정,event_unbreakablesphere1,,"지엔은 폐기를 앞둔 모리에게 콜링 시그널 발생 장치(검은 상자)를 주며, 워드리스를 쫓아 지상에서 그것을 울리고 자기가 만든 랩쳐 · 니케 융합체가 곁의 니케를 물어뜯을지 버틸지 두 달 안에 보고하면 영원히 폐기에서 빼 주겠다고 했다 — 모리는 방주에서부터 워드리스를 몰래 따라왔다"
F1893,사실,109,2025-04-24,event_unbreakablesphere1,0,0,,0,0,,,,,,109,1,,person:모리 person:유니 person:미하라 person:세이렌 concept:콜링_시그널 item:AA_필러,확정,event_unbreakablesphere1,,"모리의 가방에서 떨어진 검은 상자가 부서져 콜링 시그널이 울리자 랩쳐들이 막을 뚫어 은빛 액체가 쏟아져 AA 필러를 녹이기 시작했고, 눈이 붉어진 유니가 구속구를 끊고 미하라의 목을 졸랐다가 세이렌의 언령 [정지]와 '넌 니케야, 랩쳐가 아니야'에 돌아왔다"
F1894,사실,109,2025-04-24,event_unbreakablesphere1,0,0,,0,0,,,,,,109,1,,person:유니 person:세이렌 person:미하라 concept:콜링_시그널,확정,event_unbreakablesphere1,,세이렌은 물거품으로 받아낼 때 유니가 랩쳐 융합 실험을 당해 몸에 코어가 둘이고 하나는 랩쳐 코어임을 알았다 — 지금은 니케 코어가 주도하지만 콜링 시그널을 계속 들으면 랩쳐 코어가 깨어나 본능에 제어권을 빼앗길 수 있다고 미하라에게 알렸다
F1895,사실,109,2025-04-24,event_unbreakablesphere1,0,0,,0,1,,,,,,109,1,,person:세이렌 item:AA_필러 person:글러트니,확정,event_unbreakablesphere1,,"은빛 액체에 녹은 AA 필러의 에너지가 폭주했다 — 글러트니가 그것을 소화해 내뿜으면 지상에 큰 재앙이 난다며, 세이렌은 일정을 앞당겨 셋을 숨구멍으로 지상에 올려 보내고 홀로 남아 물거품으로 그 에너지를 없애려 했다"
F1896,사실,109,2025-04-24,event_unbreakablesphere1,0,0,,0,0,,,,,,109,1,,person:세이렌 person:신데렐라 person:헨젤 person:그레텔 person:에이브 person:레비,확정,event_unbreakablesphere1,,"세이렌은 신데렐라와 그 자리의 모두가 '승리의 여신'이 되어 이야기를 다시 쓰기로 맹세했다며 달아나지 않았다 — 글러트니 안에서 그 약속으로 버티며, 외로울 때마다 친구들을 닮은 물거품 인형을 만들어 친구들이 찾아오기를 바라며 지상으로 쏘아 올렸다"
F1897,사실,109,2025-04-24,event_unbreakablesphere1,0,0,,0,0,,,,,,109,1,,person:마나 person:시프티 org:중앙_정부 person:글러트니 concept:E2_크리스탈,확정,event_unbreakablesphere1,,마나 · 시프티에 따르면 중앙 정부는 글러트니가 먼저 위협하지 않는 한 토벌하지 않는다 — 완전한 토벌법이 없고 대규모 테러 뒤 방주 방위 보수가 먼저라서다 — 입속에서 코어에 E2 크리스탈을 박는 방법은 찾았지만 희생이 반드시 따르고 살아나온 기록이 없어 실현 불가로 보았다
F1898,사실,109,2025-04-24,event_unbreakablesphere1,0,0,,0,1,,,,,,110,2,J23,person:미하라 person:지엔 person:유니 person:모리 org:메티스 concept:콜링_시그널,확정,event_unbreakablesphere1,,"미하라는 모리의 핸드폰으로 지엔과 거래해 유니에 대한 콜링 시그널 실험 중지 · 모리의 대가 · 자기 강화를 얻는 대신, 유니가 받은 실험 — 니케에 랩쳐 코어를 넣는 것 — 을 받고 평생 지엔의 실험체가 되기로 했다 — 지엔은 그 실험을 늘 폐기 직전 니케로만 해 왔다"
F1899,사실,109,2025-04-24,event_unbreakablesphere1,1,0,109,0,0,,,,,,109,1,,person:지엔 person:마나 person:미하라,확정,event_unbreakablesphere1,,"지엔은 방주 밖으로 움직이기 어려워 옛 약속을 들어 마나에게 랩쳐 코어를 미하라의 니케 코어 옆에 넣게 했다 — 지엔에 따르면 니케 코어에는 다른 코어와 반응 · 잡아먹힘을 막는 [방어벽]이 있는데 자기는 끌 수 있고, [코어 더스트]는 랩쳐 코어의 정수로 니케 코어를 키우는 것이다"
F1900,사실,109,2025-04-24,event_unbreakablesphere1,2,0,109,0,0,,,,,,109,1,,person:미하라 person:유니 person:D.E.E.P. person:슈엔,확정,event_unbreakablesphere1,,"미하라가 코어 융합을 시도하자 오류 뒤 [UNLOCK CODE : D.E.E.P.]로 융합이 열렸고, 자아를 삼키려는 고통을 유니의 외침과 뺨을 씹는 아픔으로 버텨, [펜듈럼]을 꽂아 [사슬]로 이은 살아 있는 것과 크기 · 힘에 관계없이 감각과 고통을 나누는 힘을 얻었다"
F1901,사실,109,2025-04-24,event_unbreakablesphere1,1,0,109,0,0,,,,,,109,1,,person:미하라 person:유니 person:모리 person:세이렌 person:글러트니 concept:E2_크리스탈 item:AA_필러,확정,event_unbreakablesphere1,,"미하라가 사슬로 이은 글러트니에게 입안을 씹는 고통을 나눠 묶고 유니가 입을 버티는 사이 모리가 E2 크리스탈을 품고 목구멍에 뛰어들어 세이렌을 설득했고, 둘이 공간째 탈출하며 쏜 수정 탄환과 AA 필러의 에너지를 먹여 키운 수정으로 코어를 부쉈다"
F1902,사실,109,2025-04-24,event_unbreakablesphere1,1,0,109,0,0,,,,,,109,1,,person:글러트니 person:세이렌 person:미하라,확정,event_unbreakablesphere1,,"세이렌이 목구멍 속에서 물거품으로 조사해 알기로 글러트니는 큰 본체 하나에 여러 개의 [입] 기관이 붙은 랩쳐이고, 세이렌이 머문 곳 · 일행이 부순 코어는 그 [입]의 것이었다 — 본체는 수정에 침식당할까 봐 [입]을 떼어 버리고 땅속 멀리 달아났고, 미하라는 감각 교환 때 무언가와 이어진 느낌이 본체였다고 했다"
F1903,사실,109,2025-04-24,event_unbreakablesphere1,2,2,91,0,2,,,,,,149,5,J12,person:세이렌 person:신데렐라 person:그레이브 person:에이브 person:모리 person:미하라 person:유니 person:지엔 person:헨젤 person:그레텔 org:필그림,확정,event_unbreakablesphere1,,"세이렌은 신데렐라 · 그레이브와 다시 만났고, 모리는 지엔의 메시지로 폐기를 면하고도 방주로 돌아가지 않고 세이렌 일행과 함께 다니기로 해 미하라가 탈주 추적을 막으려 핸드폰을 거두었다 — 세이렌은 헨젤 · 그레텔이 더 이상 인류의 편이 아니라 했다"
F1904,사실,109,2025-04-24,erelic:unbreakable_sphere_dialog,0,0,,0,1,,,,,,149,2,,person:세이렌 person:신데렐라 person:에이브 person:헨젤 person:그레텔 person:레비 person:모리,확정,erelic:unbreakable_sphere_dialog,,"글러트니 목구멍 속 물거품 정원에는 세이렌의 옛 기억이 담긴 물거품이 종종 생겨나 홀로그램처럼 그 장면을 보여 주었다 — 신데렐라 · 에이브 · 헨젤과 그레텔 · 레비와 지내던 날들이고, 모리는 그것으로 신데렐라의 얼굴을 먼저 알았다"
F1905,사실,109,2025-04-24,erelic:unbreakable_sphere_dialog,1,0,109,0,0,,,,,,109,2,,person:세이렌 person:신데렐라 person:에이브 person:헨젤 person:그레텔 person:레비,확정,erelic:unbreakable_sphere_dialog,,"세이렌은 공방에서 밖으로 내보낼 신데렐라 · 에이브 · 헨젤 · 그레텔 · 레비와 자기를 닮은 물거품을 만들었다 — 그 사람을 떠올리며 물거품에 언령을 넣었고, 에이브가 준 능력이니 자기가 사라져도 남으리라 믿었다 — 신데렐라는 그 인형들과 만났다며 눈물로 만든 것이었다고 했다"
F1906,사실,109,2025-04-24,erelic:unbreakable_sphere_dialog,0,0,,0,1,,,,,,109,2,,person:에이브 person:세이렌,확정,erelic:unbreakable_sphere_dialog,,"에이브는 세이렌이 처음 니케가 되었을 때 언령을 쓰는 이는 선해야 하고 그렇지 않으면 그 능력이 외롭게 만들 것이라 했고, 물거품 제어를 익히라고 물거품 보드게임을 알려 주었다 — 세이렌은 선하게 살아 외롭지 않게 되었다고 했다"
F1907,사실,109,2025-04-24,erelic:unbreakable_sphere_lost,0,0,,0,0,,,,,,109,1,,person:세이렌 person:글러트니,확정,erelic:unbreakable_sphere_lost,,"세이렌의 기록에 따르면 글러트니 안에 물거품 정원을 다 만든 지 한 달쯤 뒤, 궤도 엘리베이터 작전이 실패해 우주의 [그것]이 남아 친구들을 위협할까 걱정하던 세이렌은 물거품으로 글러트니 내부를 조사해 일주일에 한 번 열리는 숨구멍을 찾아 물거품을 지상으로 올려 보냈다"
F1908,사실,109,2025-04-24,erelic:unbreakable_sphere_lost,0,0,,0,0,,,,,,109,1,,person:세이렌,확정,erelic:unbreakable_sphere_lost,,"세이렌의 기록에 따르면 지상으로 보낸 물거품의 일은 친구들에게 세이렌이 글러트니 안에 있다고 알리는 것과, 우주에 있을지 모르는 [그것]이 친구들을 찾지 못하게 온 세계에 그 시야를 가릴 [거대한 막]을 만들어 시간을 버는 것이었다"
F1909,사실,109,2025-04-24,erelic:unbreakable_sphere_lost,1,0,109,0,0,,,,,,109,2,,person:세이렌 person:신데렐라 concept:은색_액체,확정,erelic:unbreakable_sphere_lost,,"세이렌이 처음 올려 보낸 물거품은 은빛 액체에서 뽑은 에너지로 만든 신데렐라 닮은 아이로, 진짜 신데렐라를 만나면 손을 내밀고 그가 잡으면 물거품이 되어 글러트니로 안내하게 했다 — 반년 동안 아무도 못 만나면 부서져 [물거품 구름]이 되어 모여 [퀸]의 시야를 가리는 막이 되도록 언령을 걸었다"
F1910,사실,109,2025-04-24,char:513,0,0,,0,0,,,,,,109,1,,person:리틀_머메이드 person:에이브,확정,char:513,,"2세대가 다 모인 지 며칠 뒤 에이브는 보고에 쓸 데이터를 쌓으려 테스트와 단체 모의 전투를 이어 갔는데, 첫 단체 모의 전투에서 세이렌이 언령 [정지]를 모두에게 들리게 써 동료들까지 몸이 멈췄다 — 에이브는 물거품을 촉매로 쓰면 될 것을 왜 그랬냐며 엉망이라 했다"
F1911,사실,109,2025-04-24,char:513,1,1,91,0,0,,,,,,109,2,,person:리틀_머메이드 person:헨젤 person:그레텔 person:레드_슈즈,확정,char:513,,"언령으로 랩쳐에게 명령할 수 있다면 니케에게도 '랩쳐를 지켜라, 니케를 죽여라'를 할 수 있다는 말에 헨젤 · 그레텔은 침식 같다며 공격받는 것과 몸을 조종당하는 것은 다르다 했고, 세이렌은 '미안해'를 남긴 뒤 위험할 때조차 말을 하지 않게 되었다"
F1912,사실,109,2025-04-24,char:513,0,0,,0,0,,,,,,109,1,,person:에이브 person:리틀_머메이드,확정,char:513,,"에이브는 외로워하는 세이렌에게 악해서가 아니라 아직 모두가 선하다는 확신이 없어서라며 보여 주라고 했고, 믿음이 생기기 전엔 자기를 안전장치로, 생긴 뒤엔 억제기로 여길 것이라며 세이렌이 말하려 할 때마다 막겠다고 했다 — 세이렌을 만든 에이브는 그의 말을 다 알아듣는다"
F1913,사실,109,2025-04-24,char:513,0,0,,0,0,,,,,,109,1,,person:리틀_머메이드,확정,char:513,,"지상을 스캔해 만든 모의 전투 2.0에서 매복한 랩쳐에 헨젤 · 그레텔 · 신데렐라가 위험해지자, 세이렌은 물거품을 아주 작게 쪼개 모든 랩쳐에 붙이고 누구에게도 들리지 않게 [정지]를 걸어 랩쳐만 멈췄다 — 그 뒤 기침하며 쓰러졌지만 바디엔 이상이 없었다"
F1914,사실,109,2025-04-24,char:513,0,0,,0,0,,,,,,109,1,,person:리틀_머메이드 person:신데렐라 person:레드_슈즈 person:헨젤 person:그레텔 person:에이브,확정,char:513,,"세이렌은 모두 곁에 계속 있고 싶어 무리했다며 자기 의지로 동료를 해칠 일은 없다고 했고, 동료들은 사과하고 세이렌을 믿기로 했다 — 에이브의 결과지는 팀원 간 전술 연계 · 협력이 우수해 실전에서 높은 작전 수행 능력을 기대할 수 있다고 적었다"
F1915,사실,109,2025-04-24,char:590,0,0,,0,0,,,,,,109,1,,org:인큐베이터 person:모리,확정,char:590,,"라피 · 아니스가 들은 바로는 인큐베이터 스쿼드는 성과를 못 내거나 징계로 스쿼드에서 방출된 니케가 가는 대기 발령실로, 내부 인원끼리 스쿼드를 짜 특정 임무를 성공시키거나 사관학교 출신 지휘관이 자원하는 평가자에게 일정 점수 이상을 받아야 나갈 수 있다 — 소속 인원이 적어 둘도 실제로 본 것은 처음이었다"
F1916,사실,109,2025-04-24,char:590,0,0,,0,0,,,,,,109,1,,org:인큐베이터 person:모리,확정,char:590,,"모리에 따르면 인큐베이터 스쿼드는 미숙아가 다 자랄 때까지 기다려 주는 곳이 아니라 쓸모를 계속 검증해 안 되면 버리는 곳이라 모두 평가자를 바라지만, 평가자로 지원하는 지휘관은 거의 없어 평가받는 니케가 직접 구해 와야 했다"
F1917,사실,109,2025-04-24,char:590,0,0,,0,0,,,,,,109,1,,person:모리 person:지휘관 org:카운터스,확정,char:590,,"모리의 평가자로 등록한 지휘관은 테스트가 전부 F(최하)인 모리에게 특훈을 마치면 좋은 점수를 주겠다고 약속하고, 시험 통과만으로는 똑같은 취급이 되풀이된다며 카운터스에게 지상에서 스스로 살아남는 법을 가르치게 했다 — 일주일 만에 모리의 점수는 E로 올랐다(통과에는 F 없이 평균 D 이상이 필요)"
F1918,사실,109,2025-04-24,char:590,0,0,,0,0,,,,,,109,1,,org:인큐베이터 person:모리,확정,char:590,,"인큐베이터 스쿼드 관리소는 한 평가자가 한 니케만 맡는 건 불공평하다는 등 며칠 새 수백 건의 항의로 평가자 제도를 없앴고, 모리가 전에 신청해 둔 내부 팀 임무를 그 팀이 질투로 갑자기 받아들여 모리는 그날 바로 임무에 나가야 해 지휘관의 평가는 의미가 없어졌다"
F1919,사실,110,2025-05-01,char:162,0,0,,0,0,,,,,,110,1,,person:미하라 person:유니,확정,char:162,,"글러트니 안에서 미하라는 새 바디로 희귀 랩쳐를 잡을 수 있으리라 여겼던 것과 달리 절대적인 힘 앞에 저항도 못 하고 떨어지며 자기가 얼마나 약한지 깨달았고, 초커 갱신 기한이 다가오는 가운데 유니를 계속 지킬 수 있을지 불안해 강해져야 한다고 고민했다"
F1920,사실,110,2025-05-01,char:162,0,0,,0,0,,,,,,110,1,,person:미하라,확정,char:162,,"주둔지 01에서 미하라는 강해지기 위해 스스로 고른 길 — 복도 끝 연구실 — 앞에서 망설이다, 세이렌이 그려 준 그리운 사람의 얼굴 돌멩이를 보고 '나중의 일은 믿는 사람들에게 맡기고 지금 할 수 있는 일을 하자'며 연구실로 걸어갔다"
F1921,사실,110,2025-05-01,char:162,0,0,,0,0,,,,,,110,1,,person:미하라 person:슈엔 person:마나,확정,char:162,,미하라에 따르면 자기를 만든 사람은 슈엔이고 — 말은 늘 못되게 하지만 마음이 여리고 귀엽다며 좋아하지만 슈엔은 그렇지 않을 것이라 했다 — 마나는 냉정해 보이지만 다정하고 따뜻한 단발머리 안경의 연구원이다
F1922,사실,110,2025-05-01,char:162,0,0,,0,0,,,,,,110,1,,person:미하라 person:유니,확정,char:162,,"미하라는 기억 소거로 예전 기억이 없어 유니와의 기억은 찰나뿐이고 예전 유니의 모습 — 엉덩이까지 오는 긴 생머리에 양쪽 리본, 순한 얼굴의 맹목적이고 순수한 아이 — 은 촬영된 영상으로만 보았다 — 세이렌이 물거품으로 만들어 주자 지금 유니가 보면 슬퍼할 수 있다며 없앴다"
F1923,사실,110,2025-05-01,char:162,0,0,,0,0,,,,,,110,1,,person:미하라 person:리틀_머메이드,확정,char:162,,"세이렌이 언령 [그리운 그 사람과의 기억을 떠올려라]를 두 번 걸자 미하라는 두통과 함께 지워진 기억 속 '그 사람'과의 대화 조각('내가 도와줄게' · '정말 미안' · '고통은 날 다시 태어나게 해 준 기적')을 떠올렸다 — 성인 남자로 다정하고 함께 작전을 했으며 특이한 취미도 이해해 주었다는데, 이름은 기억하지 못했다"
F1924,사실,110,2025-05-01,char:162,0,0,,0,0,,,,,,110,1,,person:리틀_머메이드,확정,char:162,,"세이렌은 언령을 조절할 줄 모르던 예전엔 물거품 속에 하고 싶은 말을 쏟아냈고, 친구가 나쁜 일에 휘말려 폭주했을 때와 글러트니에 처음 왔을 때 무력감에 주저앉고 싶었지만 친구들을 믿으며 공간을 꾸미고 믿는 사람들의 얼굴을 물거품으로 만들어 혼자가 아니라고 느꼈다고 했다 — 방주의 니케가 아니어서 기억 소거를 몰랐다"
F1925,사실,111,2025-05-15,event_arcanearchive,0,0,,0,0,,,,,,111,1,,person:잉그리드 person:아르카나,확정,event_arcanearchive,,"잉그리드는 '슬슬 한계'라며 걱정하면서도 '그게 제 일'이라는 아르카나에게 기억 소거를 실행했고, '아슬아슬하게 권한 바깥'이라며 휴대폰으로 인증 코드 [I]를 대 사용자 인증을 받았다 — 시스템은 '사용자 코드 I, 정의로운 판결을 위하여'라 답했다"
F1926,사실,111,2025-05-15,event_arcanearchive,0,0,,0,1,,,,,,141,2,J56,org:베스트셀러 person:잉그리드 person:아르카나,확정,event_arcanearchive,,"팬텀 · 아르카나가 '사장님'이라 부르는 베스트셀러 스쿼드의 상부는 잉그리드다 — 잉그리드가 아르카나의 기억 소거를 직접 맡고, 기억이 돌아오자 엘리시온 본사로 기억 소거를 받으러 오라고 불렀다"
F1927,사실,111,2025-05-15,event_arcanearchive,0,0,,0,4,,,,,,141,4,,org:베스트셀러 person:아르카나 person:팬텀,확정,event_arcanearchive,,"베스트셀러 스쿼드는 비밀 업무 탓에 주기적으로 기억 소거를 받고 서로의 업무도 모르는데, 금서고 관리자 아르카나는 일을 한 뒤마다 — 최소 하루 한 번, 열 번 넘게도 — 받다가 이번엔 취급한 정보만이 아니라 자기가 누구인지까지 잊어, 팬텀이 사장님의 부탁으로 지휘관에게 도움을 청했다"
F1928,사실,111,2025-05-15,event_arcanearchive,0,0,,0,0,,,,,,111,1,,person:메어리 person:아르카나 concept:NIMPH,확정,event_arcanearchive,,"메어리에 따르면 아르카나의 기억은 곧 돌아오겠지만 이번이 마지막일 수 있다 — 잦은 기억 소거를 받은 환자는 NIMPH가 기억 없는 상태를 정상으로 여겨 지워선 안 될 기억까지 스스로 지우다 끝내 NIMPH가 초기화된 백지가 되었고, 이는 결과적으로 사고 전환과 같다 — 의사로서는 기억 소거를 절대 하지 말라고 권했다"
F1929,사실,111,2025-05-15,event_arcanearchive,4,0,111,0,1,,,,,,112,2,,person:아르카나 place:금서고,확정,event_arcanearchive,,"아르카나는 '죽음 · 재탄생 · 새로운 시작'을 외는 자기암시를 트리거로 금서고에 들어갈 때 그 안에서 있었던 일을 모두 기억해 내고(지우는 건 못 해 기억 소거는 엘리시온 본사에서 따로 받는다), 작업실 벽의 사진 하나를 뒤집으면 책장이 밀려 금서고로 가는 문이 드러난다"
F1930,사실,111,2025-05-15,event_arcanearchive,0,0,,0,1,,,,,,141,2,,place:금서고 org:시지_패러리스 person:D person:K person:지휘관,확정,event_arcanearchive,,"금서고(특급 기밀 보관소)는 비관계자가 들어오면 바로 목이 날아가는 시설로 관리자 아르카나만 드나들고 보안은 시지 패러리스가 맡는다 — 따라 들어온 지휘관에 특급 침입자 경보로 D · K가 왔지만 최종 처분 허가 대신 대기 명령이 내려졌고, 지휘관에게 출입 허가가 났다"
F1931,사실,111,2025-05-15,event_arcanearchive,0,0,,0,1,,,,,,154,2,,place:금서고 org:베스트셀러 person:아르카나,확정,event_arcanearchive,,"금서고는 방주 도서관이 처음 세워졌을 때의 구 열람실로, 공간이 모자라 또 증축할 만큼 최고 등급 기밀이 쌓여 있는데 세계사 · 대중가요 · 영화 같은 인류의 과거 기록도 있다 — 아르카나에 따르면 '비밀은 반드시 지켜야만 하는 것'이 스쿼드의 모토로, 존재를 모르게 해 소중한 유산을 지키고 무엇보다 망각으로부터 지킨다"
F1932,사실,111,2025-05-15,event_arcanearchive,0,0,,0,0,,,,,,111,1,,org:베스트셀러 incident:아크_가디언_작전,확정,event_arcanearchive,,"아르카나에 따르면 베스트셀러 스쿼드를 만들고 도서관 관리를 맡긴 창립자는 다른 일을 하다 은퇴해 도서관 관장으로 부임한 아크 가디언 작전 때 사람으로, 오래전 물러나 관장은 지금 공석이다 — 창립자는 기록이 아무도 모르는 '아무것도 아닌 것'이 되는 것을 용납할 수 없었다"
F1933,사실,111,2025-05-15,event_arcanearchive,1,0,111,0,1,,,,,,141,2,,person:아르카나 place:금서고,확정,event_arcanearchive,,"아르카나는 17번째 금서고 관리자로 — 앞선 관리자들은 메어리가 말한 사고 전환을 맞은 것으로 내비쳤다 — 기억이 있어야 자기인데 매일 절반씩 죽는 셈이라 괜찮을 리 없지만, 누군가는 해야 하는 일이고 비밀은 평범한 니케의 목숨보다 훨씬 중요하다고 했다"
F1934,사실,111,2025-05-15,event_arcanearchive,0,0,,0,1,,,,,,142,2,,place:금서고 org:갓데스 incident:아크_가디언_작전,확정,event_arcanearchive,,"금서고 골방에는 창립자가 직접 쓴 갓데스 스쿼드의 결성부터 아크 가디언 작전까지의 모든 행적과, 랩쳐 침공부터 아크 가디언까지 인류를 위해 싸운 모든 이의 기록(이름 · 최후 · '귀하의 희생에 경의와 감사를')이 있다 — 그 뒤는 베스트셀러가 기록하며, 이 내용을 아는 이는 아르카나를 포함해 열 명 정도에 이제 지휘관이 더해졌다"
F1935,사실,111,2025-05-15,event_arcanearchive,0,0,,0,2,,,,,,141,3,,org:갓데스 person:지휘관 org:카운터스,확정,event_arcanearchive,,"갓데스 기록에는 갓데스 지휘관에 관한 내용이 없다 — 본인이 '나는 이들과 같은 곳에 이름을 올릴 자격이 없다'며 빼 달라고 했다 — 그 뒤로는 [미친개] · [샛별]과 카운터스까지 예외 없이 기록 중이며, 갓데스 책 사이에서는 '옛이야기는, 아름답게 끝난다'라는 색 바랜 메모가 나왔다"
F1936,사실,111,2025-05-15,event_arcanearchive,0,0,,0,0,,,,,,111,1,,person:아르카나 person:지휘관,확정,event_arcanearchive,,"타로를 보던 아르카나는 멍한 상태로 지휘관의 기록 — 토커티브 · 니힐리스타 · 인디빌리아를 쓰러뜨렸고 승률 82%, 작전상 후퇴 · 철수를 빼면 100% — 을 읊고 '임관부터 최종 업데이트 시점까지의 데이터로 계산한 당신의 미래는…'에서 두통으로 끊겼으며, 그 일을 기억하지 못했다"
F1937,사실,111,2025-05-15,event_arcanearchive,0,0,,0,0,,,,,,111,1,,person:아르카나 org:카운터스 person:마리안,확정,event_arcanearchive,,"아르카나는 카운터스를 '최애'로 꼽았는데, 작전 보고서를 전달받아 옮겨 적어 지휘관 얼굴은 몰랐다 — 보고서는 높으신 분들이 걸러 주고 마리안 건은 보고서에서 언급이 끊겼으며, 아르카나는 지휘관에게 직접 들으면 기록해야 하니 듣지 않겠다고 했다"
F1938,사실,111,2025-05-15,event_arcanearchive,0,0,,0,0,,,,,,111,1,,person:잉그리드 org:베스트셀러 org:갓데스 org:저지스,확정,event_arcanearchive,,"잉그리드는 '혼잣말'로 — 방주는 좁아 같은 이를 다른 곳에서 다른 직함으로 다시 만난다며 저지스와 금서고의 관계를 돌려 말하고 — 갓데스 정보를 숨긴 데는 베스트셀러 창립자와 당시 방주 고위층의 숨기고 싶은 비밀이 있었음이 확실하며, 몇몇 기록이 사실과 다른 것도 같은 이유일 수 있고 자기도 그 비밀을 다 알지는 못한다고 했다"
F1939,사실,111,2025-05-15,event_arcanearchive,0,0,,0,0,,,,,,111,1,,person:잉그리드 person:아르카나 org:엘리시온 org:미실리스,확정,event_arcanearchive,,잉그리드에 따르면 미실리스와 협력해 엘리시온의 선별 기억 소거 기술이 더 빠르고 안전해져 이번 같은 일은 어지간해선 없을 것이고 그 덕에 '이번 시도'에 성공했다 — 금서고 이야기와 지휘관이 최애라는 것을 잊을 것이라던 아르카나는 기억 소거 뒤에도 지휘관을 '최애'로 기억했다
F1940,사실,111,2025-05-15,event_arcanearchive,0,0,,0,0,,,,,,111,1,,org:베스트셀러,확정,event_arcanearchive,,잉그리드가 찾은 오래된 기록에 따르면 베스트셀러 스쿼드 창립자의 허가증 서명은 이니셜 한 글자 [O]였다
F1941,사실,111,2025-05-15,event_arcanearchive,0,0,,0,0,,,,,,111,1,,person:잉그리드 org:저지스 person:K,확정,event_arcanearchive,,"잉그리드는 저지스의 일원 [I]로 보인다 — 인증 코드 [I]에 '정의로운 판결을 위하여'가 뜨고, 시지 패러리스 K는 '[I]로부터의 전언'으로 지휘관에게 핸드폰을 보게 했는데 그 메시지는 '항상 택티컬하게 행동하도록'이었다"
F1942,사실,111,2025-05-15,char:581,0,0,,0,0,,,,,,111,1,,person:아르카나 person:지휘관,확정,char:581,,ARCANE ARCHIVE의 약속대로 지휘관은 작전을 마칠 때마다 아르카나의 작업실에서 작전 내용을 직접 들려주고 아르카나가 옮겨 적는 '협업'을 한다
F1943,사실,111,2025-05-15,char:581,0,0,,0,1,,,,,,141,2,,person:아르카나 person:팬텀 org:엘리시온,확정,char:581,,"아르카나에 따르면 예전엔 출근부터 퇴근까지 기억이 통째로 지워졌지만 이제는 금서고 안에서 본 것만 핀포인트로 지워진다 — 팬텀은 원래 그렇게 받았고 아르카나는 보안 문제로 안 됐는데, 기술이 '택티컬'해져 가능해졌다"
F1944,사실,111,2025-05-15,char:581,0,0,,0,0,,,,,,111,1,,person:아르카나 place:금서고,확정,char:581,,"아르카나는 다치거나 죽으면 금서고 관리자 자리가 비기 때문에 지상에 한 번도 올라가 본 적이 없고, 전초기지가 가장 멀리 나가 본 곳이다"
F1945,사실,111,2025-05-15,char:581,0,0,,0,0,,,,,,111,1,,person:아르카나,확정,char:581,,"예전의 아르카나는 저녁 출근부터 퇴근까지의 기억을 지워 남들의 절반밖에 없는 시간을 아끼려, 사고 전환 위험을 알면서도 일주일에 두세 시간만 잤다 — 기억 소거 기술이 개선되어 이젠 그럴 필요가 없어 요즘은 계속 졸리다"
F1946,사실,111,2025-05-15,char:581,0,0,,0,5,,,,,,141,3,,person:아르카나 person:지휘관,확정,char:581,,"아르카나에 따르면 아무리 친한 사람도 금서고 밖의 자기 절반만 알 수 있어, 자기의 전부를 알 수 있는 사람은 지금도 앞으로도 지휘관뿐이다 — 출정하는 지휘관에게 아끼는 [운명의 수레바퀴] 카드를 빌려주며 돌아와 자랑스럽게 기록할 이야기를 들려 달라고 약속받았다"
F1947,사실,112,2025-05-29,event_lordforjustice,0,0,,0,0,,,,,,112,1,,person:K person:X org:저지스 concept:미스트,확정,event_lordforjustice,,"K는 미스트가 널린 안전 가옥에서 판결 대상(남자 둘 · 여자 하나) 가운데 둘을 쏜 뒤 '집행 거부'를 요청했으나 기각되었고, 통화에 나선 X가 이름에 담긴 사명과 자기가 고른 [선택]의 결과를 받아들이라 하자 '정의로운 판결을 위하여'라 답했다 — 통화 뒤 총성이 몇 번 더 이어졌다"
F1948,사실,112,2025-05-29,event_lordforjustice,0,0,,0,0,,,,,,112,1,,org:저지스 person:X person:K,확정,event_lordforjustice,,X에 따르면 [저지스]는 모두가 평등하게 의견을 내고 조율하는 위원회지만 코드네임이 숫자이고 [윗줄]과 [아랫줄]이 나뉘어 있다 — K는 윗줄 가운데 그나마 사람 같은 것은 X뿐이라 했다
F1949,사실,112,2025-05-29,event_lordforjustice,0,0,,0,0,,,,,,112,1,,person:K person:D org:시지_패러리스,확정,event_lordforjustice,,"K는 특급 임무를 받고 정보 수집 계획을 세우던 때 뒤로 최근 일주일의 기억이 없고 그 앞 기억도 듬성듬성 빠진 채 시지 패러리스 안전 가옥에서 깨어났으며, 머리에 가벼운 상처가 있고 몸이 움직이길 거부했다 — [윗선]과 D 모두 연락이 닿지 않았다"
F1950,사실,112,2025-05-29,event_lordforjustice,0,0,,0,0,,,,,,112,1,,person:K concept:니케,확정,event_lordforjustice,,"K에 따르면 특급 임무 때 쓰는 바디는 일상용 바디와 비교도 안 되게 특수하고 무거워, 지휘관이 들어 올리지 못했다"
F1951,사실,112,2025-05-29,event_lordforjustice,0,0,,0,0,,,,,,112,1,,place:금서고 org:시지_패러리스 person:아르카나,확정,event_lordforjustice,,"금서고 출입구는 아르카나의 방 말고도 몇 개 더 있는데, 그중 시지 패러리스가 긴급 상황에 쓰는 통로(아르카나의 통로와 중간에서 이어짐)의 철문이 종이처럼 찢겼는데도 경보가 울리지 않았고, 아르카나의 보고에는 답이 없었다"
F1952,사실,112,2025-05-29,event_lordforjustice,0,0,,0,0,,,,,,112,1,,place:금서고 org:시지_패러리스 person:K person:D person:아르카나,확정,event_lordforjustice,,"금서고의 [S-1452] 방은 시지 패러리스에 관한 기록을 두는 곳으로, 위에서 걸러 주는 자료라 아르카나도 내용은 모르는데 그 방에서 K · D 두 사람의 임무 내역으로 보이는 책이 사라졌다"
F1953,사실,112,2025-05-29,event_lordforjustice,1,0,112,0,1,,,,,,138,2,,person:목단 person:식스오 concept:미스트 org:모란회,확정,event_lordforjustice,,"목단은 지금은 모란회 전통복을 입을 자격이 없다며 평상복 차림으로 몰래 식스오를 쫓고 있다 — 방주에 미스트가 다시 돈다는 정보로 은신처를 덮쳤다가 아무도 없자 다 부쉈고(뉴스의 서구 사무실 파괴), 그 뒤 다시 잡은 일당 셋(남 둘 · 여 하나) 가운데 여자만 남아 있었다"
F1954,사실,112,2025-05-29,event_lordforjustice,0,0,,0,0,,,,,,112,1,,person:K person:목단,확정,event_lordforjustice,,"살아남은 여자는 누가 동료들을 죽였다고 했고, 목단이 받아 적은 범인은 검고 긴 머리의 여자로 가시 박힌 총을 들었고 통화하며 '집행 거부 · 선택 · 정의로운 판결을 위하여'를 말했다 — K가 이를 듣고 두통을 일으켰다"
F1955,사실,112,2025-05-29,event_lordforjustice,0,0,,0,0,,,,,,112,1,,org:시지_패러리스 org:언더월드_퀸 person:목단 person:K,확정,event_lordforjustice,,목단에 따르면 뒷세계 주민들은 시지 패러리스가 악을 처단한다 말하지만 실은 [방해]가 되는 자들이 죽는 것이라 다 안다 — K는 악을 저지른 자에게 대가를 치르게 하는 것이 정의라 했다
F1956,사실,112,2025-05-29,event_lordforjustice,0,0,,0,0,,,,,,112,1,,person:D person:VII person:K place:아우터_림,확정,event_lordforjustice,,"목단이 데려간 아우터 림 격벽 근처의 집에서 그 여자는 칼보다 묵직한 것 — 도끼 같은 것 — 에 맞은 상처로 죽어 있었고, 그때 나타난 D는 지휘관에게 핸드폰을 건넸다 — 전화한 VII은 D에게 임무 복귀를 명했고 D는 지휘관에게 '부탁해'라 남기고 떠났다"
F1957,사실,112,2025-05-29,event_lordforjustice,0,0,,0,0,,,,,,112,1,,person:VII org:저지스 person:지휘관,확정,event_lordforjustice,,"VII은 저지스가 정의이고 지휘관은 방주와 인류의 희망으로서 흔들림 없는 정의의 상징이 되어야 하며 이번 판결이 그 분기점이라며 판결을 명했는데, 타겟은 VII 자신이었다 — VII은 자기가 믿어 온 정의가 이제 악이 되었다며 심판받아야 한다고 했다"
F1958,사실,112,2025-05-29,event_lordforjustice,1,1,111,0,0,,,,,,112,2,,person:VII person:K place:금서고,확정,event_lordforjustice,,"VII은 K가 답을 알지만 주어진 사명과 이름을 잊고 실패를 거듭해 공허한 꼭두각시가 되어 자격을 잃었다 했고, K의 품에서는 [특급 기밀 보관소 S-1452] 이름표가 붙은 낡은 열쇠가 나왔다 — 금서고에서 사라진 기록들은 시지 패러리스 안전 가옥에 널려 있었다"
F1959,사실,112,2025-05-29,event_lordforjustice,0,0,,0,0,,,,,,112,1,,person:K person:D org:시지_패러리스,확정,event_lordforjustice,,"안전 가옥의 기밀 해제 기록에 따르면 K는 방주 피난 직후 떠올라 중앙 정부 전복을 꾀한 정치가의 판결(K-53)을, D는 고의 태업이 의심되는 브라이트 스쿼드 리더에 위장 잠입한 정보 수집(D-77 — 사고 전환 · 침식이면 즉결 처분 허가)을 맡았다"
F1960,사실,112,2025-05-29,event_lordforjustice,2,0,112,0,0,,,,,,112,1,,person:VII org:저지스 org:시지_패러리스 place:아우터_림,확정,event_lordforjustice,,"저지스 VII의 안 [VII-1]에 따르면 닫힌 방주에서 시지 패러리스가 너무 효과적이어서 악이 사멸했는데, '정의를 위해 악은 존재해야 하므로' 정의의 영속과 시지 패러리스 제어를 위해 슬럼가 형성(지금 방주라면 따로 할 필요 없어 모니터링만)과 랩쳐에게 호의적인 급진 집단을 배후 지원해 시민의 랩쳐 적개심을 북돋는 계획을 세웠다"
F1961,사실,112,2025-05-29,event_lordforjustice,0,0,,0,0,,,,,,112,1,,person:VII person:X org:저지스,확정,event_lordforjustice,,"VII-1의 세 번째 안은 강력한 도구이지만 저지스의 정의를 이해하지 못할 위험이 있는 [-검열됨-]을 견제하는 것으로, 최근 연구와 협력으로 찾은 우회 루트로 그 방해를 막거나 이용하려 했다 — X가 정보 · 해킹에 능한 코드네임 [#000000]을 적임자로 추천해 찬성 6 · 반대 3으로 가결, 비밀리에 접촉 중이었다"
F1962,사실,112,2025-05-29,event_lordforjustice,0,0,,0,0,,,,,,112,1,J17,person:식스오 person:X org:저지스 person:목단,확정,event_lordforjustice,,"[#000000]은 식스오의 코드네임으로 보인다 — 그 이름에 지휘관은 '여기서 나올 줄 몰랐다' 했고, 식스오를 쫓던 목단은 '드디어 꼬리를 잡았다, 우리 애들 볼 면목이 선다'고 했다"
F1963,사실,112,2025-05-29,event_lordforjustice,0,0,,0,0,,,,,,112,1,,person:K person:VII org:시지_패러리스,확정,event_lordforjustice,,VII-1 중간보고에 따르면 일반 요원 · 니케로는 성공률이 50%에 못 미쳐 시지 패러리스 니케 1기를 VII-1에 병행 배치했고 K가 기쁘게 받아들였다 — 되찾은 기억 속 K는 VII이 요구한 '확신'이 있다며 '무슨 수를 써서라도' 정의를 보여 주겠다고 했다
F1964,사실,112,2025-05-29,event_lordforjustice,0,0,,0,0,,,,,,112,1,,person:VII org:저지스 place:금서고,확정,event_lordforjustice,,VII에 따르면 기록은 중요하다 — 저지스가 하는 일의 목적은 모든 인류가 공유하고 인정하고 따를 수 있는 [정의]를 세우는 것이기 때문이다 — K는 도서관을 증축해 저지스 기록을 시시콜콜한 것까지 다 보관한다고 했다
F1965,사실,112,2025-05-29,event_lordforjustice,1,1,62,0,0,,,,,,112,2,,person:목단 place:포그_할로우 person:K,확정,event_lordforjustice,,"목단은 K를 포그 할로우로 데려가 재건 중인 마을과 언덕의 무덤 수십 개를 보이며, 대가는 치르고 썩은 건 뿌리부터 뽑되 사람 일을 하루아침에 잘라낼 수는 없다며 마을을 부순 것도 그들을 가슴에 묻고 사는 것도 후회하지 않는다고 했다 — 잘못은 고치면 되고 그러다 보면 세상이 조금 더 정의로워질 것이라는 게 목단의 정의다"
F1966,사실,112,2025-05-29,event_lordforjustice,3,1,111,0,0,,,,,,112,2,,person:VII person:K concept:기억_소거,확정,event_lordforjustice,,"VII에 따르면 K의 기억을 지운 것도 지시한 것도 VII이지만, 정의의 대행자 · 꼭두각시가 된 것과 기억을 지운 것 모두 K 자신의 [선택] — VII이 들어준 [간청] — 이었고, 이번에는 K가 자살까지 시도했지만 정의를 실현하는 무기에 쓰러질 리 없었다 — VII은 '이번에는 다시 망가지는 게 빠르다'고 했다"
F1967,사실,112,2025-05-29,event_lordforjustice,0,0,,0,0,,,,,,112,1,,person:X person:VII person:K person:지휘관,확정,event_lordforjustice,,X가 전화로 판결을 재촉했고 지휘관이 정치 놀음이라며 거부하자 VII은 K에게 총을 겨눴다 — 지휘관이 고르자 VII은 '정의로운 판결을 위하여'라며 자기 관자놀이를 쏘았다
F1968,사실,112,2025-05-29,event_lordforjustice,0,0,,0,0,,,,,,112,1,,person:X org:저지스 person:지휘관 person:VII,확정,event_lordforjustice,,"X는 공석이 된 VII의 왕좌를 지휘관에게 주기로 [우리]가 합의했다 했으나, 만장일치냐 · 적어도 한 명은 반대할 것이라는 지휘관의 물음에 의결은 과반수나 단독으로도 할 수 있다며 이번 일은 자기 독단이고 실패했다고 인정했다 — 살날이 얼마 남지 않아 방주의 정의를 맡길 후계자가 필요하다고 했다"
F1969,사실,112,2025-05-29,event_lordforjustice,1,1,111,0,0,,,,,,112,2,,person:X person:K person:지휘관,확정,event_lordforjustice,,"X는 '패배자의 공물'로 K의 처분 — 죽이든 기억을 지우든 노예로 삼든 모른 척하든 — 을 지휘관에게 맡겼고, 지휘관은 기억을 지우는 것은 죽이는 것과 같다며 아무것도 고르지 않았다 — K는 다시 정의를 향해 가기로 했다"
F1970,사실,112,2025-05-29,event_lordforjustice,2,2,34,0,1,,,,,,124,3,,person:K person:D,확정,event_lordforjustice,,"K는 살다 보면 완벽한 평행이 없는 저울을 마주하는데 자기는 고개를 기울여 평행을 만든다며, 후유증 없이 고통만 주는 총의 가시로 [진실]을 들었다 — D는 수단이 깨끗해야 결과도 깨끗하다고 했다"
F1971,사실,112,2025-05-29,event_lordforjustice,1,1,111,0,0,,,,,,112,2,,person:K person:D person:데이파라 org:저지스,확정,event_lordforjustice,,"K는 저지스를 떠나 '프리랜서' — 지휘관이 책임은 자기가 질 테니 마음 가는 대로 하라고 한 자경단 — 가 되어 D가 맡은 사이비 조사를 돕기로 했고, D가 찾으라는 사람은 데이파라였다 — K는 저지스가 순순히 놔주지 않을 것이라 했다"
F1972,사실,112,2025-05-29,event_lordforjustice,0,0,,0,0,,,,,,112,1,,person:X person:VII org:저지스,확정,event_lordforjustice,,"X는 새로 일을 맡은 이(남자)의 통화에 VII이 진행하던 일은 이미 우리 손을 떠난 지 꽤 되어 통제 불능이고, 그런 것들은 수단일 뿐 성공하든 실패하든 상관없이 [존재하기만 하면] 된다고 했다 — 그는 '정의로운 판결을 위하여'라는 구호를 붙였다"
F1973,사실,112,2025-05-29,char:41,0,0,,0,0,,,,,,112,1,,person:K person:D org:시지_패러리스,확정,char:41,,K는 취미도 좋아하는 음식 · 음악도 없이 쉴 때는 의자에 반듯이 앉아만 있고 끼니는 에너지바로 때운다 — 니케에게 필요한 건 휴식이 아니라 정비라는 K는 시지 패러리스 소속이 된 뒤로 원래 그랬다고 D가 말했다
F1974,사실,112,2025-05-29,char:41,0,0,,0,0,,,,,,112,1,,person:K,확정,char:41,,"K는 원래 인간이 늘 변해 정의와 먼 생물이라 싫어했는데, 자기도 정의를 지킨다는 명목으로 잣대를 바꿔 와 더 심하다며 그런 자기가 싫어 편히 지낼 자격이 없다고 했다"
F1975,사실,112,2025-05-29,char:41,0,0,,0,0,,,,,,112,1,,person:K person:지휘관,확정,char:41,,지휘관은 기억을 지우고 욕조에 있던 K를 떠올려 온천에 데려갔고 — K는 그때 이유도 모른 채 힘들고 버티기 힘들었다고 했다 — K는 인간과 자기를 싫어하지만 지휘관은 그렇게까지 싫지 않다며 가끔 목욕하러 오겠다고 했다
F1976,사실,113,2025-06-12,event_ce006,0,0,,0,0,,,,,,113,1,,person:롬 person:이브 person:릴리 person:아담 concept:D-WAVE concept:게이트_키퍼 org:카운터스,확정,event_ce006,,"롬이 지상에서 만난 이브 · 릴리 · 아담(수송기 테트라포드)은 D-WAVE로 [이쪽 세계]에 불려 온 다른 세계의 인간이었다 — 랩쳐 [게이트 키퍼]를 쓰러뜨리면 돌아갈 수 있고, 라피에 따르면 이번 D-WAVE는 근원지가 반경 40km 안이지만 파장도, 소환체에게서 나오는 D-WAVE도 방주가 겨우 알아챌 만큼 미약하다"
F1977,사실,113,2025-06-12,event_ce006,0,0,,0,0,,,,,,113,1,,person:롬 person:콤 person:라피,확정,event_ce006,,"라피에 따르면 롬과 같은 운반 로봇의 원형인 전투 보조용 운반 로봇은 랩쳐 침공 이전부터 운용했는데, 생산 비용 대비 효율이 나빠 전투 보조 기능을 빼고 운반 기능만 남겨 양산했고 롬의 모델은 그 파생기 가운데 하나다 — 롬이 고철산에서 끌고 온 그 전투 보조 로봇(콤)은 롬의 퓨즈 하나를 끼우자 다시 움직였다"
F1978,사실,113,2025-06-12,event_ce006,0,0,,0,0,,,,,,113,1,,person:콤 place:방주 person:롬,확정,event_ce006,,"깨어난 콤은 카운터스가 방주 소속이라는 말에 '방주의 재산'이라며 테트라포드에 미사일을 퍼부었다가 롬이 들이받아 멈췄고, 다시 깨어나서는 '방주가 내 재산을 빼앗아 갔다 · 눈에는 눈'이라며 방주에 도움이 되는 것은 다 부수겠다고 했다 — 무슨 재산인지는 '방주의 부하'라며 말하지 않았다"
F1979,사실,113,2025-06-12,event_ce006 char:852,0,0,,0,0,,,,,,113,2,,concept:D-WAVE concept:게이트_키퍼 person:일레그 person:릴리 person:아담,확정,event_ce006 char:852,,"D-WAVE로 온 이들과 이쪽 세계는 서로의 기술을 뜯어볼 수 없었다 — 일레그가 테트라포드의 동력원 · 세부 구조를 보면 눈에 필터가 낀 듯 흐리고, 릴리 · 아담이 일레그의 기계를 볼 때도 같았다 — 일레그는 서로의 세계에 큰 변화를 줄 요소를 막으려는 게이트 키퍼의 밸런스 조절이 아닐까 짐작했다"
F1980,사실,113,2025-06-12,event_ce006,0,0,,0,0,,,,,,113,1,,concept:랩쳐 person:라피,확정,event_ce006,,"라피에 따르면 랩쳐의 매복은 인간이나 니케가 올 만한 곳(물이 흐르는 곳 등)에서 수십 년이고 끝없이 기다리는 것이고, 랩쳐는 인간이나 니케를 먹지 않고 그냥 죽인다"
F1981,사실,113,2025-06-12,event_ce006,0,0,,0,0,,,,,,113,1,,person:프리바티 person:일레그 org:트라이앵글 org:중앙_정부 concept:D-WAVE,확정,event_ce006,,"중앙 정부는 D-WAVE 대상자를 감시한다며 — 실제로는 지원 — 트라이앵글의 프리바티를 지상에 보냈고 일레그가 함께 합류했다 — 프리바티에 따르면 트라이앵글은 중앙 정부 방주 수비군 휘하의 방주 위협 제어 부대이고, 지상의 지도는 개정되지 않아 믿을 수 없지만 중앙 정부 직속 부대원에게는 개정판이 지급된다"
F1982,사실,113,2025-06-12,event_ce006,1,0,113,0,0,,,,,,113,1,,person:이브 person:라피 person:프리바티,확정,event_ce006,,"전기를 끊고 물을 빼자 드러난 도시 1층 광장의 바닥 문 위에는 오래된 모델의 니케 셋이 죽어 있었고(한 명은 팔이 잘림 · 뇌도 죽음 · 인식표만 남음), 문은 바깥에서 용접되어 있었다"
F1983,사실,113,2025-06-12,event_ce006,0,0,,0,0,,,,,,113,1,,person:프리바티 person:롬 person:콤 org:카운터스 person:지휘관,확정,event_ce006,,"프리바티는 오랫동안 지상에서 홀로 활동해 온 롬 · 콤의 옛 데이터가 방주에 도움이 된다며 방주로 데려가 조사하자 했고(조사 뒤엔 중앙 정부 몫 — 지상으로 안 돌려보낼 가능성이 높다), 지휘관이 거부하자 둘을 특수별동대 카운터스의 명예 대원으로 지정해 데이터만 확인하고 돌려보낼 구실을 만들겠다고 했다"
F1984,사실,113,2025-06-12,event_ce006,1,0,113,0,0,,,,,,113,1,,person:콤 person:프리바티 person:롬 person:스노우_화이트 person:홍련 person:라푼젤 org:필그림,확정,event_ce006,,"프리바티가 롬 · 콤을 데리고 방주로 가던 길에 랩쳐와 싸우는 사이 콤이 프리바티를 들이받아 기절시키고 달아났고, 퓨즈가 빠져 멈춘 롬과 프리바티를 필그림 스노우 화이트 · 홍련 · 라푼젤이 구해 도시로 데려왔다 — 라푼젤은 100년 넘은 데이터를 가졌을 콤이 방주에 큰 도움이 될 것이라며 셋이 콤을 쫓았다"
F1985,사실,113,2025-06-12,event_ce006,1,0,113,0,0,,,,,,113,1,,person:헤르민 item:이터널_라이프 concept:랩쳐,확정,event_ce006,,"용접된 문 너머 벙커에서 나온 노인 헤르민은 140대 중반의 인간으로, 이터널 라이프를 여러 차례 맞다 끊자 늙었고, 랩쳐 침공 얼마 뒤 40대에 이곳에 들어와 100년 넘게 지냈다 — 벙커는 처음부터 100년 이상 버티도록 지은 특별한 목적의 벙커였고, 입구가 막혀 나갈 수 없었다고 했다"
F1986,사실,113,2025-06-12,event_ce006,1,0,113,0,0,,,,,,113,1,,person:헤르민 org:인류연합군 concept:랩쳐,확정,event_ce006,,"헤르민에 따르면 이 도시는 예술가들의 관광 도시였고, 랩쳐 침공 뒤 남은 예술가들이 랩쳐와 싸우며 예술품을 지켰다 — 니케 몇이 합류했고, 인류연합군은 [무기를 든 예술가들]을 프로파간다로 쓰며 지원하다 갑자기 끊었다 — 남은 이들은 예술품을 데이터로 백업했고, 벙커에 묘비처럼 선 검은 기계들이 그 저장 장치다"
F1987,사실,113,2025-06-12,event_ce006,2,0,113,0,0,,,,,,113,1,J8,org:중앙_정부 person:프리바티 person:헤르민,확정,event_ce006,,프리바티가 지상 생존자 헤르민의 보호를 상신하자 중앙 정부는 디지털 인장을 찍은 공식 답신으로 희귀 전염병 · 흉악범 · 랩쳐의 스파이 · 인간을 흉내 낸 맹수나 랩쳐 · 새로운 종일 가능성 등 90개쯤의 이유를 들고 '[지상에 남은 인간의 수는 0명이어야 한다.]'고 결론지었다 — 곧 헤르민을 데려오지 말라는 명령이다
F1988,사실,113,2025-06-12,event_ce006,1,0,113,0,0,,,,,,113,1,,person:헤르민 person:프리바티 org:중앙_정부 place:방주,확정,event_ce006,,"헤르민은 방주가 자기들을 대항의 상징처럼 써먹고 구하러 온다던 약속을 수십 년 동안 지키지 않았다며 거절했지만, 프리바티가 벙커의 예술 자료를 빠짐없이 방주로 옮기겠다고 하자 가기로 했다 — 프리바티는 반역죄 · 기억 소거까지 각오하고, 자기가 믿는 중앙 정부가 해야 할 일을 하게 하고 싶다고 했다"
F1989,사실,113,2025-06-12,event_ce006,0,0,,0,0,,,,,,113,1,,person:헤르민 person:아트,확정,event_ce006,,"복구한 벙커 녹음에 따르면 방주의 구조를 기다리는 동안 남은 이들이 다섯 · 일곱씩 벙커를 떠났고, 떠났다 랩쳐에게 쫓겨 돌아온 이들 가운데 임신한 이가 있어 벙커에서 아이가 태어나자 헤르민은 실물 예술을 지키는 것을 포기하고 생존을 목적으로 삼았다 — 그 아이(헤르민의 딸)는 '우리 모두의 딸'로 하루 1시간만 벙커 밖에 나가며 자랐다"
F1990,사실,113,2025-06-12,event_ce006,1,0,113,0,0,,,,,,113,1,,person:콤 person:헤르민 person:아트 concept:로드_급,확정,event_ce006,,"무리한 명령을 거부하고 탈주한 니케들 — 헤르민에 따르면 자살이나 마찬가지인 작전이 흔했다 — 과 전투 보조 로봇 콤이 벙커에 찾아와 받아들여졌고, 콤은 헤르민의 딸과 놀아 주며 가까워졌다 — 콤은 방주로 돌아가면 명령 불복종 처분을 받지만 로드 급 이상만 만나지 않으면 아이를 포함한 민간인을 호위해 방주로 갈 수 있다고 했다"
F1991,사실,113,2025-06-12,event_ce006,0,0,,0,0,,,,,,113,1,,person:헤르민,확정,event_ce006,,"벙커의 벙커 식량은 스무 명 기준 100년 분이었고, 벙커는 랩쳐에게 들키지 않고 자체 발전기 · 정수 시설 · 공기 순환 시스템을 갖췄다 — 지금 자체 발전기 전력의 대부분은 저장 장치를 보호하는 데 쓰여 저장 장치 상태가 최상이다"
F1992,사실,113,2025-06-12,event_ce006,3,0,113,0,0,,,,,,113,1,,person:헤르민 person:아트 person:콤,확정,event_ce006,,"벙커에 물이 차오르자 헤르민은 딸을 '지상에서 구출된 아이'로 꾸며 니케들이 탈주병이 되지 않게 하고 딸만 방주로 보냈으며, 자신은 데이터를 지키려 남아 문을 밖에서 용접하게 했다 — 니케 3기는 용접하다 물에 잠겨 문 위에서 죽었고(한 명은 팔을 떼어 용접 재료로), 니케 3기 · 콤 · 민간인 아홉이 떠났다"
F1993,사실,113,2025-06-12,event_ce006,0,0,,0,0,,,,,,113,1,,person:헤르민 person:프리바티,확정,event_ce006,,"헤르민은 용접된 벙커에서 구조를 기다리다 30년쯤 지나 '그들은 오지 않겠구나'라고 했다 — 벙커 내부 녹화는 40년 전쯤 멈췄고, 프리바티가 조사했지만 딸과 탈주 니케들의 기록은 찾을 수 없었다(방주에 도착하지 못했을 가능성이 높다고 봄)"
F1994,사실,113,2025-06-12,event_ce006,0,0,,0,0,,,,,,113,1,,person:콤 person:아트 concept:양산형_니케 concept:로드_급,확정,event_ce006,,"콤의 녹화 기억에 따르면 방주로 가던 일행은 로드 급 랩쳐를 만나 콤과 헤르민의 딸만 살아남았고, 크게 다친 딸은 방주에서 양산형 니케가 되어 벙커와 콤을 기억하지 못했다 — 콤이 방주에 오자마자 '아트'라는 이름을 지어 주었고, 콤에 따르면 양산형 니케는 낮은 확률로 과거를 기억할 수도 있다"
F1995,사실,113,2025-06-12,event_ce006,3,0,113,0,1,,,,,,113,1,J57,person:콤 person:아트 person:헤르민 place:방주,확정,event_ce006,,"콤에 따르면 방주에서 벙커 이야기는 아무도 믿지 않고 콤의 데이터를 지우려 해 콤은 지상으로 도망쳤고, 헤르민을 구하러 왔지만 물과 전기로 벙커에 들어갈 수 없었다 — 헤르민이 죽었다고 본 콤은 방주가 아트를 니케로 만들어 기억을 빼앗고 헤르민을 버렸다며 '가장 값진 재산을 부쉈다'고 방주의 재산을 부수기로 했다"
F1996,사실,113,2025-06-12,event_ce006,2,0,113,0,0,,,,,,113,1,,person:콤 person:레이븐 person:스노우_화이트 person:홍련 person:라푼젤 place:방주,확정,event_ce006,,"콤은 원래 엘리베이터로 방주에 내려가 눈에 보이는 모든 것을 공격하다 파괴될 생각이었지만, 그러면 자기만 기억하는 벙커 사람들이 아무도 모르게 사라진다며 방주로 향하는 엘리베이터만 부수는 것으로 복수를 마쳤다 — 콤은 기억을 이어 방주에 전하려면 자신도 방주도 계속 존재해야 한다며 필그림 셋에게 방주로 데려다 달라 했다"
F1997,사실,113,2025-06-12,event_ce006,5,2,15,0,0,,,,,,113,3,J57,person:롬 place:제2의_방주 item:방주_추첨권,확정,event_ce006,,"롬의 [기억]에 따르면 롬은 추첨권이 없어 방주에 못 들어간 한 가족의 로봇이었고, '방주가 모자라면 만들면 된다'는 롬의 말에 딸이 [제2의 방주]라 이름 붙이고 유물을 모으자 했다 — 엄마에 이어 딸도 죽으며 갈 곳 없는 사람들이 웃으며 지낼 제2의 방주를 만들어 달라 했다 — 롬이 큰 소리로 부르는 것은 귀가 어두운 엄마 때문이었다"
F1998,사실,113,2025-06-12,event_ce006,0,0,,0,0,,,,,,113,1,,org:트라이앵글 person:프리바티 person:헤르민 item:이터널_라이프,확정,event_ce006,,"라피에 따르면 트라이앵글의 권한은 생각보다 커서, 프리바티가 헤르민에게 약속한 정밀 검진 · 치료 · 이터널 라이프 추가 지급 · 주거 지역 확보도 충분히 가능하다 — 방주 엘리베이터 허브에서 프리바티는 경악하고 분노한 군복 차림의 사람들 앞에서 모든 책임을 자기가 진다며 헤르민을 의료 시설로 보냈다"
F1999,사실,113,2025-06-12,event_ce006,0,0,,0,0,,,,,,113,1,,person:프리바티 person:헤르민 person:롬 place:제2의_방주 org:카운터스,확정,event_ce006,,"벙커가 다시 물에 잠기기 직전 예술 데이터는 빠짐없이 옮겨졌고, 방주에 전해진 데이터는 곳곳으로 퍼져 강연 · 공연 · 전시가 활발해졌다 — 프리바티는 헤르민의 신분과 사정을 드러내지 않는 조건으로 명령 거부를 면책받았고, 롬은 카운터스 명예 대원이 되어 주둔지 01을 베이스캠프로 제2의 방주 만들기를 이어 가기로 했다"
F2000,사실,113,2025-06-12,event_ce006,4,0,113,0,0,,,,,,113,1,,person:헤르민 person:프리바티 place:방주,확정,event_ce006,,"헤르민은 방주에 온 지 1주일 뒤 벙커 사람들의 사진 액자를 끌어안고 숨졌다 — 그 사이 프리바티와 방주 곳곳의 예술 흔적을 보며 기뻐했는데, 헤르민이 만든 지붕 구조가 방주의 건물 지붕 · 경기장 관중석으로 이어져 와 있었다"
F2001,사실,113,2025-06-12,event_ce006,2,0,113,0,0,,,,,,113,1,,person:콤 org:파이오니아 org:중앙_정부 person:지휘관,확정,event_ce006,,"헤르민이 죽고 며칠 뒤 지휘관은 파이오니아 스쿼드에게서 콤을 넘겨받았다 — 콤의 모든 데이터는 백업되어 중앙 정부 데이터 센터에 보관되었지만 중앙 정부 관계자는 공개를 꺼렸고(지휘관은 헤르민 때처럼 치부가 드러날까 두려워서라고 봤다), 콤은 공개하지 않아도 되니 목격한 이들이 기억해 달라 했다"
F2002,사실,113,2025-06-12,event_ce006,1,0,113,0,0,,,,,,113,1,,person:에닉 person:아트 person:콤 person:프리바티 person:지휘관 concept:양산형_니케,확정,event_ce006,,"에닉은 지휘관 · 프리바티 · 콤에게 양산형 니케 화가 아트의 개인전 [MEMORIES TELLER] 초대권을 보냈다 — 아트는 중앙 정부가 공개한 지상 예술 데이터 전시회에 다녀온 뒤 떠오른 벙커의 모습을 [집]이라는 그림으로 그렸고, 그림 앞에서 콤을 보다가 콤과 벙커를 기억해 냈다"
F2003,사실,113,2025-06-12,event_ce006,0,0,,0,0,,,,,,113,1,,person:스노우_화이트 person:홍련 person:라푼젤 person:도로시 org:필그림,확정,event_ce006,,"콤을 쫓던 스노우 화이트 · 홍련 · 라푼젤은 방주에 복수하려는 콤을 설득하기로 하며 '우리는 한 번 실패했다'(도로시)를 떠올렸다 — 홍련은 도로시처럼 방주에 원한을 가진 이들이 정상이고 자기들이 비정상인지 생각한다고 했고, 스노우 화이트는 무너지던 자기들을 일으켜 세운 승리의 여신이자 갓데스인 도로시가 언젠가 서로를 이해해 돌아올 것이라 믿는다고 했다"
F2004,사실,113,2025-06-12,char:852,0,0,,0,0,,,,,,113,1,,person:일레그 concept:니케,확정,char:852,,"일레그에 따르면 니케는 양산화되어 만드는 데 돈과 시간이 별로 들지 않고, 때맞춰 먹고 자며 다치면 붉은 피를 흘리고 감정을 느끼는 '좀 더 튼튼한 인간'이다 — 일레그는 니케들이 자기가 어떻게 만들어졌는지 알고 있다고 했다"
F2005,사실,113,2025-06-12,char:852,0,0,,0,0,,,,,,113,1,,person:일레그 concept:스톰_브링어,확정,char:852,,"일레그에 따르면 스톰 브링어 때문에 제공권을 완전히 빼앗겨, 방주는 안전이 확인된 곳 · 일반 루트로 갈 수 없는 곳 · 짐이 너무 많을 때가 아니면 수송기를 잘 쓰지 않는다"
F2006,사실,113,2025-06-12,char:850,0,0,,0,0,,,,,,113,1,,person:아니스 concept:랩쳐 place:지상,확정,char:850,,"아니스에 따르면 랩쳐는 보통 무리를 지어 다니며, 지상에서는 1시간 안에 랩쳐와 마주칠 확률이 100퍼센트다"
F2007,사실,114,2025-06-19,char:851,0,0,,0,0,,,,,,114,1,,person:콤 person:레이븐,확정,char:851,,"방주로 복수하러 가던 콤은 동행한 레이븐에게 한 시간을 얻어 무너진 건물에 깔린 니케를 꺼냈지만 이미 죽어 있었다 — 콤은 보물을 지키려 물속 동료들의 죽음을 묵인하고 그 보물마저 방주에 빼앗긴 것을 미련이라 하며 또다시 외면할 수 없다 했고, 애도할 수 없어 누구라도 볼 수 있게 빛이 드는 곳에 눕혔다"
F2008,사실,115,2025-07-03,event_overthehorizon,0,0,,0,0,,,,,,115,1,,org:오버_더_호라이즌 person:스카이 person:시엘로 person:소라 org:자원_채집_부대,확정,event_overthehorizon,,"오버 더 호라이즌은 비행기로 공중전을 맡는 스쿼드(리더 · 기장 스카이, 승무원 시엘로 · 소라)로, 수송기 이동에 대비해 중앙 정부를 통해 다른 스쿼드에 비행 이론 · 기내 안전 교육을 하며, 지금 주 업무는 자원 채집 부대가 찾은 물자의 수송 지원과 대규모 탈환 작전 · 긴급 지원 때의 대규모 인원 수송이다"
F2009,사실,115,2025-07-03,event_overthehorizon,0,0,,0,1,,,,,,153,2,,org:오버_더_호라이즌 place:승리의_날개_호 concept:스톰_브링어,확정,event_overthehorizon,,"오버 더 호라이즌의 숨은 궁극 목표는 1차 랩쳐 침공 때 쓰인 무장 비행선 [승리의 날개 호]를 찾는 것이지만, 스톰 브링어 때문에 비행 작전은 대공 화기가 없는 곳에서 최대 1시간으로 제한되고 엔진음 탓에 빨리 날 수도 없어 수색은 불가능하다"
F2010,사실,115,2025-07-03,event_overthehorizon,0,0,,0,0,,,,,,115,1,,person:시엘로 org:자원_채집_부대,확정,event_overthehorizon,,"시엘로에 따르면 최근 지상에서 발견한 물자 수와 방주 검문 때의 수가 달랐는데 자원 채집 부대가 찾은 것은 모두 있어, 정체 모를 물건이 밀수된 것으로 의심되어 검문이 강화되었다"
F2011,사실,115,2025-07-03,event_overthehorizon,0,0,,0,0,,,,,,115,1,,person:지휘관 person:소라,확정,event_overthehorizon,,"지휘관은 첫 임무에서 수송기가 추락하기 전의 기억이 잘 떠오르지 않고, 비행 훈련 중 숨이 막히고 어지러워지자 소라가 추락 트라우마로 보고 숨을 넘겨준 뒤 수면제를 주어 재웠다"
F2012,사실,115,2025-07-03,event_overthehorizon,0,0,,0,0,,,,,,115,1,,place:아우터_림 place:지상,확정,event_overthehorizon,,"아우터 림에는 아무도 관리하지 않는 버려진 지상 엘리베이터가 많이 남아 있고, 콜렉터들이 살아남을 수단을 찾으려 목숨을 걸고 그것을 타고 지상에 오른다 — 소라 일행은 그 가운데 가장 튼튼하다는 것을 여러 번 안전 체크해 썼다"
F2013,사실,115,2025-07-03,event_overthehorizon,0,0,,0,0,,,,,,115,1,,person:소라 place:아우터_림 place:승리의_날개_호,확정,event_overthehorizon,,"소라는 니케가 되기 전 어디서 태어났는지 모른 채 아우터 림에서 자란 콜렉터 출신으로, 어릴 때부터 진짜 하늘이 좋아 오버 더 호라이즌에 들어왔고, 들어온 지 1~2년 뒤부터 승리의 날개 호를 찾는 콜렉터들을 위해 지상에서 모은 의료 도구 · 식량 · 탐험 도구를 검문을 피해 몰래 방주로 들여왔다"
F2014,사실,115,2025-07-03,event_overthehorizon,0,0,,0,0,,,,,,115,1,,place:승리의_날개_호 place:지상,확정,event_overthehorizon,,"콜렉터들은 지상의 무너진 건물들 사이 쓰레기 산 속 아지트에 승리의 날개 호의 사진과 흔적을 찾아다닌 좌표 메모를 모아 왔다 — 소라에 따르면 누구에게나 공평하게 빛이 내리는 지상의 하늘 아래 살고 싶어서이고, 그러려면 지상 탈환과 승리의 날개 호가 꼭 필요하다"
F2015,사실,115,2025-07-03,event_overthehorizon,0,0,,0,0,,,,,,115,1,,person:소라 person:잉그리드 org:오버_더_호라이즌 place:승리의_날개_호,확정,event_overthehorizon,,"소라에 따르면 오버 더 호라이즌이 한 시간씩 비행해서라도 승리의 날개 호를 찾게 해 달라고 했을 때 잉그리드('사장님')가 크게 힘을 썼지만 중앙 정부는 이상하리만큼 완강하게 거부했고, 그 뒤 딴생각 말라는 듯 자원 채집 부대 지원 임무가 급격히 늘었다"
F2016,사실,115,2025-07-03,event_overthehorizon,2,0,115,0,1,,,,,,148,2,,person:소라 person:지휘관 place:승리의_날개_호,확정,event_overthehorizon,,"소라가 지휘관에게 '잘못' 보낸 밀수 메시지는 일부러 보낸 것이었다 — 승리의 날개 호가 날아오르면 그 캡틴은 지휘관이라 확신해 콜렉터들의 일을 보여 주려 했고, 지휘관은 승리의 날개 호를 찾을 때까지 밀수를 모른 척하고 날아오를 때 그들과 함께하겠다고, 소라는 찾은 뒤에는 같은 일을 하지 않겠다고 거래했다"
F2017,사실,115,2025-07-03,event_overthehorizon,1,0,115,1,0,,,,,,148,2,,person:소라 place:승리의_날개_호,확정,event_overthehorizon fl:ark_ranger,,"오랜 시간 뒤 카운터스가 지상 일부를 되찾아 중앙 정부가 '주둔지 01'이라 칭했다는 뉴스가 나온 날, 소라는 누군가의 다급한 전화와 함께 땅에 반쯤 박혀 있는 거대한 비행선 사진을 받고 '드디어 찾았다'고 했다"
F2018,사실,115,2025-07-03,char:532,3,0,115,0,1,,,,,,141,3,,person:소라 person:지휘관,확정,char:532,,"지휘관과 소라의 첫 만남은 방주 공원에서 우연이었다 — 소라는 보육원 아이들과 종이비행기를 날리고 코스모 버거를 사 주었고, 유명인인 지휘관을 알아보고 '캡틴'이라 부르며 번호와 '찬란한 지평선 위의 세계로'라 쓴 종이비행기를 남겼다 — 뒤에 둘은 함께 지상에 올라 진짜 하늘 아래에서 그 종이비행기를 날렸다"
F2019,사실,116,2025-07-17,fl:boom_the_ghost,0,0,,0,0,,,,,,116,1,,person:일레그 place:유토피아_호 person:슈엔 org:중앙_정부,확정,fl:boom_the_ghost,,"자원 채취 부대가 찍은 사진 속 지상 바다의 100년은 넘었을 호화 크루즈에 불이 켜져 있고 창가에 사람 같은 그림자가 비쳐, 일레그가 윗선 허락과 슈엔의 지원을 받아 크루즈 탐색 임무를 꾸렸다 — 일레그에 따르면 '일전의 사건' 뒤 중앙 정부도 이쪽 가능성을 최대한 열어 둔다"
F2020,사실,116,2025-07-17,fl:boom_the_ghost,0,0,,0,0,,,,,,116,1,,person:아니스 person:네온 concept:다크_매터,확정,fl:boom_the_ghost,,아니스 · 네온은 지상에서 오래 활동해 수정 · 다크 매터의 악영향을 받았을지 몰라 초정밀 검사를 받고 있다
F2021,사실,116,2025-07-17,fl:boom_the_ghost,0,0,,0,0,,,,,,116,1,,person:라피 person:도로시 person:레드_후드,확정,fl:boom_the_ghost,,"라피는 크루즈에 함께 가면 자기와 레드 후드의 관계 · 지금의 자기가 어떤 존재인지 이야기해 주겠다며 도로시를 데려왔고, 도로시는 사진 속 창가의 사람 그림자를 보고 동행을 정했다"
F2022,사실,116,2025-07-17,fl:boom_the_ghost,0,0,,0,0,,,,,,116,1,,person:라피 person:도로시 person:레드_후드,확정,fl:boom_the_ghost,,"라피는 약속대로 도로시에게 병원 · 니케가 된 일 · 동료를 잃은 일 · 레드 후드를 만나고 떠나보낸 일 · 앱솔루트 탈퇴 · 카운터스 · 레드 후드를 계승한 일까지 이야기했지만, '지상에서 만난 동료'의 구성원은 도로시가 들으면 리스크가 너무 높다며 말하지 않았다"
F2023,사실,116,2025-07-17,fl:boom_the_ghost,0,0,,0,0,,,,,,116,1,,place:유토피아_호 person:일레그,확정,fl:boom_the_ghost,,"크루즈는 유명한 호화 크루즈 [유토피아 호]로, 버려졌는데도 이상할 만큼 깨끗했고 배 전체에 불이 켜져 있었지만 엔진룸의 발전기 · 엔진은 모두 꺼져 [OFF]인데도 전류가 흐르고 있었다"
F2024,사실,116,2025-07-17,fl:boom_the_ghost,0,0,,0,0,,,,,,116,1,,place:유토피아_호 person:알프레드,확정,fl:boom_the_ghost,,"유토피아 호의 '유령'은 증강현실 홀로그램이었다 — 중앙 제어 A.I. 알프레드에 따르면 모든 시설 제어를 고유 A.I.를 단 홀로그램이 맡아, 전자 제어 · 레일 · 사출구가 움직이는 때에 맞춰 모션을 취해 시중드는 것처럼 보이게 하고, 홀로그램마다 서비스 에어리어 밖으로는 나가지 못한다"
F2025,사실,116,2025-07-17,fl:boom_the_ghost,0,0,,0,0,,,,,,116,1,,person:일레그 person:토브 person:센티,확정,fl:boom_the_ghost,,"일레그는 유령과 닿을 때의 짜릿함과 머리털이 치솟는 것을 보고 유령이 전기로 이루어졌다고 보아, 토브 · 센티와 함께 전기를 빨아들이는 청소기형 장치 [Boom! Fight! Ghost!](BFG)를 급조 · 개량해 홀로그램을 빨아들였다"
F2026,사실,116,2025-07-17,fl:boom_the_ghost,0,0,,0,0,,,,,,116,1,,place:유토피아_호 person:알프레드 person:지글이 person:뚝딱이 person:싹싹이 person:팔팔이 person:꼼꼼이,확정,fl:boom_the_ghost,,"유토피아 호의 상위 홀로그램 다섯(셰프 지글이 · 수리 뚝딱이 · 메이드 싹싹이 · 상인 팔팔이 · 안전관리 꼼꼼이)은 하위 홀로그램을 거느리는데, 저마다 하나의 행동 명령에 갇혀 하위들이 멋대로 날뛰었다 — 원격 접근이 막혀 알프레드의 발생 장치를 물리적으로 이어야 했고, 그들이 원하던 일을 이뤄 주자 정상화되며 알프레드의 권한과 기억이 돌아왔다"
F2027,사실,116,2025-07-17,fl:boom_the_ghost,1,0,116,0,0,,,,,,116,1,,place:유토피아_호 person:알프레드 concept:랩쳐,확정,fl:boom_the_ghost,,"알프레드에 따르면 유토피아 호는 랩쳐 침공 2년 뒤 랩쳐의 공격이 닿지 않던 바다로 나간 배로, 목적은 생존이 아니라 두려움 없이 최후를 맞는 것이었고 물자는 한 달 치뿐이었다 — 마지막 파티 뒤 최소 전력으로 버티며 탑승객들은 [특별한 조치]로 스스로 영면하거나 저항했지만 모두 끝을 맞았고, 알프레드는 그들을 수습한 뒤 전력이 다할 때까지 바다를 떠돌았다"
F2028,사실,116,2025-07-17,fl:boom_the_ghost,4,0,116,0,0,,,,,,116,1,,person:알프레드 place:유토피아_호,확정,fl:boom_the_ghost,,상위 홀로그램들은 처음부터 있던 것이 아니다 — 탑승객의 마지막 식사 · 시설 · 안전 · 물품 · 편안한 최후를 끝내 제대로 돕지 못한 슬픈 [기억]을 견디지 못한 알프레드가 그 기억을 쪼개 스스로를 나눈 분열체였다
F2029,사실,116,2025-07-17,fl:boom_the_ghost,0,0,,0,0,,,,,,116,1,,person:마오 person:알프레드 place:유토피아_호,확정,fl:boom_the_ghost,,"유토피아 호에는 양산형 니케 마오가 떠나는 이들을 도우려 타 알프레드와 함께 탑승객에게 헌신했고, 모두를 보낸 뒤 둘만 남아 친구로 지내다 실의 끝에 떠났다 — 마오를 잊고 싶지 않다는 알프레드의 [생각]이 배 전체로 퍼져 마오를 흉내 낸 이레귤러 홀로그램이 생겨나, 말도 사고도 없이 떠돌며 알프레드의 권한 일부를 지녔다"
F2030,사실,116,2025-07-17,fl:boom_the_ghost,0,0,,0,0,,,,,,116,1,,person:일레그 concept:NIMPH person:마오,확정,fl:boom_the_ghost,,"일레그는 마오의 NIMPH에 남은 데이터가 배의 홀로그램 발생 장치 하나에 닿아 형태를 갖췄을 가능성을 가장 높게 보았지만, NIMPH가 무엇인지 확실히 알지 못해 단정하지 못했다"
F2031,사실,116,2025-07-17,fl:boom_the_ghost,0,0,,0,1,,,,,,144,2,,person:도로시 person:피나 person:마오 person:라피,확정,fl:boom_the_ghost,,"도로시는 마오의 홀로그램을 피나라 부르며 차 · 산책 · 쇼핑을 함께했고 데려가려는 일행을 순식간에 쓰러뜨렸지만, 라피와 맨주먹으로 싸우다 홀로그램을 뚫고 주먹을 날려 처음부터 피나가 아님을 알고 있었다고 인정했다 — 닮아서, 외로워서 하고 싶던 일을 해 보고 싶었다고 했다"
F2032,사실,116,2025-07-17,fl:boom_the_ghost,0,0,,0,0,,,,,,116,1,,person:도로시 concept:니케,확정,fl:boom_the_ghost,,도로시는 지휘관에게 자기는 다른 니케와 달리 인간을 공격할 수 있다며 놓지 않으면 죽을 것이라 했다
F2033,사실,116,2025-07-17,fl:boom_the_ghost,0,0,,0,0,,,,,,116,1,,person:도로시 person:피나,확정,fl:boom_the_ghost,,"도로시는 피나(마오의 홀로그램)를 직접 BFG로 보내며 — 피나를 혼자 두지 않았다면 · 방아쇠를 당기지 않았다면 하는 미련에 과거에서 한 발짝도 나아가지 못했고, 돌아가고 싶지만 처지를 비웃던 그 간판에 대한 복수심이 더 크며 용서할 수 없어 후회하지 않는다고, 피나가 곁에 있었다면 다른 선택을 했을 것이라 했다"
F2034,사실,116,2025-07-17,fl:boom_the_ghost,0,0,,0,0,,,,,,116,1,,concept:크라켄 place:유토피아_호 person:일레그,확정,fl:boom_the_ghost,,"알프레드가 모든 권한을 되찾자 초거대 랩쳐 크라켄이 유토피아 호의 동력원을 점거하고 있음이 드러났고, 일행이 격추 · 인양했다 — 일레그에 따르면 크라켄의 코어는 동체에 비해 출력이 훨씬 비대해져 넘치는 출력을 유토피아 호로 내뿜었고(몸 일부를 홀로그램화하기도), 그 덕에 홀로그램들이 지금까지 유지되었다"
F2035,사실,116,2025-07-17,fl:boom_the_ghost,0,0,,0,0,,,,,,116,1,,person:일레그 concept:크라켄 place:방주,확정,fl:boom_the_ghost,,"일레그는 크라켄의 출력이 그렇게 비대해진 까닭을 모르며, 전에도 비슷한 일이 있었지만 원인을 알아내지 못했다고 했다 — 단순히 시간이 그렇게 만든 것이라면 '방주에 남은 시간은…' 하다 말을 끊었다"
F2036,사실,116,2025-07-17,fl:boom_the_ghost,0,0,,0,0,,,,,,116,1,,person:알프레드 place:유토피아_호,확정,fl:boom_the_ghost,,"알프레드는 낡은 유토피아 호를 고칠 수 없다며 일행을 복귀 가능 지점까지 데려다준 뒤 운행을 멈추기로 했고, '떠나간 이는 가슴에 묻고 살아 있는 이의 삶에 축복을'이라며 일행에게 유토피아 호의 모든 것을 누리게 했다"
F2037,사실,116,2025-07-17,fl:boom_the_ghost,2,2,54,0,1,,,,,,143,4,J7,person:도로시 person:라피 place:방주,확정,fl:boom_the_ghost,,"도로시는 지휘관 · 라피에게 방주를 빼앗을 테니 막아 보라 했다 — 방주에서 '선택을 강요'하고 있으며, 방주가 많은 것을 버려야 할 선택의 순간이 올 때 무엇을 먼저 버릴지 기다리고, 그때 라피도 자기를 막아설지 함께할지 고르게 될 것이라 했다 — 라피는 친구로서 전력을 다해 막겠다고 했다"
F2038,사실,116,2025-07-17,fl:boom_the_ghost,0,0,,0,0,,,,,,116,1,,person:도반 person:도로시 person:버닝엄 person:에닉 person:피나,확정,fl:boom_the_ghost,,"도반은 부하를 시켜 도로시가 방주에서 무엇을 하는지 캐지만, 도로시는 의미 없는 방송과 버닝엄과의 정기 면담 말고는 움직임이 없고 부사령관실은 에닉이 뒤를 봐줘 도청이 완전히 불가능하다 — 미실리스 지원 물자에 심은 도청 장치로는 '피나'라는 낱말만 얻었고, 도반은 누구도 '내 왕국'을 위협할 수 없다고 했다"
F2039,사실,116,2025-07-17,char:234,0,0,,0,0,,,,,,116,1,,person:도로시 person:마오 place:유토피아_호,확정,char:234,,"유토피아 호에서 도로시는 객실의 흐릿한 인영을 찾아 오래 찾아 헤맨 '당신'과의 재회라 기뻐하며, 하루 동안 차 · 물장난 · 쇼핑 · 산책을 함께하고 '유령이 되어 내 옆에 와 준 것'이라 했다 — 인영이 거울에 비치자 '영혼이 거울에 비칠 리 없다'며 돌아섰고, 손거울에 비치자 거울을 깨뜨렸다"
F2040,사실,117,2025-07-24,char:502,0,0,,0,0,,,,,,117,1,,person:일레그 place:유토피아_호,확정,char:502,,"유토피아 호에서 일레그는 디스플레이가 있는 곳마다 BOOM을 깔고도 방주에서 하던 것과 다르지 않다며 슬럼프에 빠졌다가, 지휘관의 제안으로 크루즈 탐조등을 빔 프로젝터로 개조해 밤하늘의 옅은 구름에 BOOM을 띄웠다([BOOM 이터널] 작전)"
F2041,사실,117,2025-07-24,char:502,0,0,,0,0,,,,,,117,1,,person:페퍼 person:프림 person:얀 concept:이터널_스카이,확정,char:502,,페퍼 · 프림 · 얀은 하늘에 BOOM을 띄우는 일을 방주에서 하면 '그 사건' — 진짜라고 생각했던 하늘이 가짜라는 것을 다시 깨닫게 하는 일 — 이 재현될 수 있어 위험하다고 했다
F2042,사실,118,2025-08-07,ch39,0,0,,0,0,,,,,,118,1,J26,person:랩칠리언 concept:웨일리 person:레비아탄 person:지즈 concept:마더_웨일,확정,ch39,,"레비아탄 · 지즈를 삼킨 마더 웨일은 랩칠리언의 웨일리였다 — 랩칠리언은 큰 폭발에 가 보니 둘이 위험해 보여 웨일리가 구했다 하고, 보통의 마더 웨일은 뱃속의 이물질을 싣고 있는 랩쳐로 없애지만 웨일리는 그러지 않는다 — 웨일리 뒤로 다른 마더 웨일과도 친구가 되려 했지만 다 실패했다"
F2043,사실,118,2025-08-07,ch39,0,0,,0,0,,,,,,118,1,,person:랩칠리언 person:레비아탄 concept:헬레틱,확정,ch39,,"랩칠리언은 헬레틱을 만난 것을 행운이라 하며, 랩쳐와 인간은 소통의 장벽이 있지만 헬레틱 · 니케 · 인간은 장벽도 본능에 새겨진 서로를 향한 증오도 없으니 친구가 될 수 있다고 했다 — 레비아탄은 인간 · 니케를 봐도 죽이고 싶지 않고 '그냥 있구나' 한다고 답했다"
F2044,사실,118,2025-08-07,ch39,1,1,65,0,0,,,,,,118,2,,concept:웨일리 person:랩칠리언,확정,ch39,,"웨일리의 등에는 랩칠리언의 텃밭이 있다 — 웨일리가 마신 바닷물을 내부 필터로 정화해 숨구멍으로 뿌려 물을 주고, 떠돌아다니기 좋아하는 친구가 많이 도왔으며, 다음 목표는 과수원 · 목장, 끝내는 등을 숲으로 만드는 것이다 — 등 위에는 바람도 기압 차도 없다"
F2045,사실,118,2025-08-07,ch39,0,0,,0,0,,,,,,118,1,,person:랩칠리언 concept:웨일리 person:나유타,확정,ch39,,"웨일리에 탄 랩쳐들은 랩칠리언이 해치지 않겠다는 것을 소통으로 전해 공격하지 않는 '친구'라 한다 — 지즈는 그 랩쳐를 만져 보고 그냥 철 같다 했다 — 그런데 지휘관 일행이 지느러미 쪽에 닿자 웨일리 위의 비행형 랩쳐들(로드 급 포함)이 공격해 왔고, 나유타는 그들이 온순해 공격하지 않았는데 랩칠리언이나 웨일리에게 무슨 일이 생긴 것이 분명하다고 했다"
F2046,사실,118,2025-08-07,ch39,0,0,,0,0,,,,,,118,1,,person:레비아탄 person:지즈 person:베히모스 org:포비스트,확정,ch39,,"레비아탄은 가족(포비스트) 말고는 아무도 믿지 않는다며 카운터스와 대화해 보자는 지즈를 막았고, 지즈가 주워 온 코어 두 개짜리 유사 인간은 베히모스에게 먹이면 깨어난 베히모스가 난리 이상을 칠 것이라며 먹이지 않고 나중에 재료로 쓰기로 했다 — 지즈가 주워 온 것 가운데 가장 귀한 것이다"
F2047,사실,118,2025-08-07,ch39,0,0,,0,0,,,,,,118,1,,person:랩칠리언 person:맥스웰,확정,ch39,,맥스웰에 따르면 랩칠리언은 서류상으로는 죽은 사람이지만 알 만한 니케들은 다 아는 유명인이다
F2048,사실,118,2025-08-07,ch39,0,0,,0,0,,,,,,118,1,,person:나유타 org:파이오니아 person:스노우_화이트 person:라푼젤 person:홍련,확정,ch39,,"필그림 나유타는 파이오니아의 '네 번째 식객'이라 한다 — 백설(스노우 화이트) · 금장발(라푼젤) · 홍련과 같은 뜻을 품고 움직이지만 늘 함께 다니지 않고 정기 모임에도 빠지며, 특별한 일이 있을 때만 모여 논의한다 — 라푼젤이 가진 지휘관의 사진으로 지휘관을 알아보았고, 홍련과 지휘관이 지상에서 농사지은 일도 들었다"
F2049,사실,118,2025-08-07,ch39,0,0,,0,0,,,,,,118,1,,person:나유타 person:랩칠리언 concept:웨일리,확정,ch39,,"나유타는 산 정상에서 명상하던 중 웨일리(백거경)를 탄 랩칠리언(화합공)에게 '아주 큰 문제'로 도움을 요청받아 해결해 주었고, 그 인연으로 웨일리 위에서 지낸다 — 나유타는 웨일리를 근원 자체가 바뀐 유일무이한 사례라 하고, 그것을 해낸 랩칠리언의 힘은 지금껏 누구도 닿지 못한, 기술을 아득히 뛰어넘은 것이라 했다"
F2050,사실,118,2025-08-07,ch39,0,0,,0,0,,,,,,118,1,,person:나유타 person:라피 person:라플라스 person:드레이크,확정,ch39,,"나유타가 손가락을 대자 황금색 빛이 터져 라플라스 · 드레이크의 쉰 목이 곧바로 나았다 — 나유타는 고치거나 만드는 것에 조금 조예가 있다고만 했고, 라피는 그 금색 빛을 본 적이 있는 것 같다며 익숙하다고 했다"
F2051,사실,118,2025-08-07,ch39,1,1,96,0,0,,,,,,118,2,,person:나유타 person:라피 person:D.E.E.P.,확정,ch39,,"나유타는 라피의 코어에 손을 대 황금빛으로 살핀 뒤, 라피의 몸에 '[우리]의, 아니 그들의' 기술이 들어가 공존만이 아니라 융합해 있다고 했다 — 라피는 어쩌다 그렇게 되었는지 모른다고 했다"
F2052,사실,118,2025-08-07,ch39,0,0,,0,1,,,,,,127,2,J18,person:D.E.E.P. person:나유타 person:라피,확정,ch39,,"나유타에 따르면 D.E.E.P.('깊은 것')은 오래된 기술 · 비밀을 가진 오래된 존재들이고, 뿔뿔이 흩어지기 전 그들의 숙원 기술 — 멸망 없이 모두가 살아남을 유일한 방법인 '공생' — 의 결과가 라피의 몸에 있다 — 나유타는 일행의 힘을 보기 전엔 더 답하지 않겠다고 했다"
F2053,사실,118,2025-08-07,ch39,0,0,,0,0,,,,,,118,1,,person:나유타 org:메티스,확정,ch39,,"나유타는 일행이 싸우는 것을 지켜본 뒤 메티스가 순수 방주 기술로 만든 최신형임을 확인하고, '여기까지 오다니 경이롭다, 인류의 가능성은 우리 같은 것들과는 궤가 다르다 — 하지만 아직인가, 역시 열쇠가 없으면…'이라 했다"
F2054,사실,118,2025-08-07,ch39,1,0,118,0,0,,,,,,118,1,,person:나유타 person:지휘관 concept:언체인드 concept:PROJECT_A.D.,확정,ch39,,"나유타는 지휘관이 방주에서 태어났고 과거에 병을 앓았으며 상처가 이상할 만큼 빨리 낫는다는 말에 '설마 언체인드인가'라며 몇 번째 · 몇 호냐고 물었고, 지휘관이 '7호'라 불렸다고 하자 '시작된 것인가 — 허나 인자가 활성화되지 않았을 터인데… 인자 살해자가 가만있을 리가'라고 했다"
F2055,사실,118,2025-08-07,ch39,0,0,,1,0,,,,,,126,2,J8,place:에덴 person:나유타 person:레비아탄,확정,ch39 side:eden_spear,,"웨일리 위에서 굉음과 함께 거대한 푸른 빛이 구름 가득한 하늘을 꿰뚫고 하늘 너머로 계속 뻗어 갔고, 그 방향을 본 나유타는 '에덴의 창'이라 외쳤다 — 레비아탄은 그만한 것을 한 번에 쏘는 것은 헬레틱도 못할 것이라 했다"
F2056,사실,118,2025-08-07,ch39,0,0,,0,0,,,,,,118,1,,org:이그조틱 person:바이퍼 person:자칼 place:아우터_림,확정,ch39,,이그조틱의 목적은 아우터 림의 첩보에서 아우터 림의 안정으로 바뀌어 권한이 크게 강화되었지만 아우터 림 안에서뿐이다 — 바이퍼 · 자칼은 허가 없이 아우터 림 밖으로 나갈 수 없다
F2057,사실,118,2025-08-07,ch39,0,0,,0,0,,,,,,118,1,,person:E.H. org:이그조틱 person:잉그리드,확정,ch39,,"이그조틱의 새 스쿼드 리더는 잉그리드에게 부탁해 니케가 된 E.H.다 — 아우터 림을 가장 잘 알아 리더가 되었고, 목숨이 끊어지기 직전에야 테러가 얼마나 끔찍한지 알아 속죄하려고 — 다시는 그런 일이 없게 막고 피해자를 위해 할 수 있는 모든 일을 영원히 하려고 — 니케가 되었다고 했다"
F2058,사실,118,2025-08-07,ch39,0,0,,1,0,,,,,,119,2,,person:엔드리스 person:이터니티 person:에닉 place:아우터_림,확정,ch39,,"에닉은 방주 테러의 원인을 아우터 림이 제공했다고 보아 자기와 꼭 닮은 니케 엔드리스 · 이터니티를 감시역으로 고정 배치했다 — 둘은 잠도 말도 없이 아우터 림을 도청하다 방주에 적의를 품고 무장한 이가 있으면 순식간에 나타나 인간 · 니케를 가리지 않고 초고열 섬광으로 없애며, 다가가기만 해도 공격해 다섯이 죽었다"
F2059,사실,118,2025-08-07,ch39,0,0,,1,0,,,,,,140,2,,org:엔터_헤븐 person:엔드리스 person:이터니티 org:이그조틱 place:아우터_림 person:E.H.,확정,ch39,,"엔드리스 · 이터니티가 온 뒤 수장 없는 엔터 헤븐은 일주일도 안 되어 거의 다 죽고, E.H.의 설득에 무장을 푼 일부만 살아남았다 — 둘은 방주에 위협이 되지 않으면 아우터 림에서 누가 죽든 움직이지 않아, 이그조틱은 아우터 림 사람들이 그것들에게 죽지 않게 관리하고, 바이퍼는 아우터 림이 공식적으로 '찍소리도 못하는 방주의 쓰레기통'이 되었다고 했다"
F2060,사실,118,2025-08-07,ch39,0,0,,0,0,,,,,,118,1,,person:E.H. incident:3차_지상_탈환전 org:중앙_정부 person:네온,확정,ch39,,"E.H.는 '과거의 인연'인 정보원들에게서 중앙 정부가 3차 지상 탈환전을 준비한다는 첩보를 들었다 — 직속 시설의 장비 · 병기 생산량이 수십 배로 뛰었고 기술이 몇 세대를 뛰어넘어, 큰 발견이 있었거나 어딘가에서 기술을 받은 것이 분명하다고 보고 네온에게 지휘관에게 전해 달라 했다"
F2061,사실,118,2025-08-07,ch39,1,1,109,0,0,,,,,,118,2,,place:배드_드림 person:라이온 person:미세스_미스 person:네온 org:이그조틱,확정,ch39,,"아우터 림 최대의 환락가 배드 드림은 방주 고위층이 드나드는 곳으로, 중앙 정부에 연줄이 많은 보스의 큰 조직 [라이온]이 단독으로 관리해 비밀 엄수와 안전이 방주 이상이다 — 네온 · 이그조틱은 아우터 림에서 행적이 끊긴 프로듀서 겸 작곡가 '미세스 미스'를 찾아 그곳에 갔다"
F2062,사실,118,2025-08-07,ch39,0,0,,0,0,,,,,,118,1,,person:아니스 person:노이즈 person:볼륨 person:머스탱,확정,ch39,,"아니스는 노이즈의 연습실을 빌려 은퇴 공연을 연습하고, 노이즈 · 볼륨이 자기 프로듀서 · 작곡 · 안무 · 의상 팀을 붙여 주려 했지만 세 사람 모두에게 연락이 와 '보스'(머스탱)가 그것까지 막았음이 드러났다"
F2063,사실,118,2025-08-07,ch39,0,0,,0,1,,,,,,128,2,,person:아니스 org:T.T.STAR person:아비스타 place:리페어_센터,확정,ch39,,"아니스는 T.T.STAR 복귀를 두고 아이돌 카페에 오른 악플('팀을 다 말아먹었다', '지상에서 죽었으면')을 읽다 토하고 쓰러져 리페어 센터에 실려 갔고, 깨어나서도 자기를 알아보는 간호사 · 지나가는 사람에게 겁에 질렸다 — 아비스타는 핸드폰을 맡아 좋은 글만 골라 전하겠다고 했다"
F2064,사실,118,2025-08-07,ch39,1,0,118,1,2,,,,,,144,4,,person:머스탱 person:아니스 person:프리티,확정,ch39,,"머스탱은 '프리티의 바디로 만든, 우리 죄의 상징'인 확장 무장 [STAR]를 — 아니스에게 맞춘 전용 무기다 — 아니스가 아이돌을 그만두고 프리티가 지키려던 방주를 지키기로 마음먹으면 주기로 약속했고, 은퇴 공연을 끝내는 것을 조건으로 걸었다 — 아니스는 그것을 받으러 왔었다고 했다"
F2065,사실,118,2025-08-07,ch39,0,0,,0,0,,,,,,118,1,,person:아니스 person:머스탱 place:방주,확정,ch39,,"아니스는 아이돌 시절 아무도 자기들을 도와주지 않았고 자기들은 방주의 장난감이었다며 방주를 용서할 수 없다 했다 — 방주는 지킬 가치가 있지만 쓰레기들밖에 없어 자기는 지키기 싫고 방주의 별이 되고 싶지 않으며, 머스탱을 찾아온 것도 카운터스의 힘이 되고 싶어서일 뿐이라 했다 — 머스탱에 따르면 아니스는 전장에서 대충 살다 죽는 것이 목적이었다"
F2066,사실,118,2025-08-07,ch39,0,0,,1,1,,,,,,144,3,J24,person:아비스타 person:아니스 org:T.T.STAR,확정,ch39,,"아비스타의 '아는 친구' 이야기에 따르면, 한 팬이 누가 봐도 거짓인 사건에 휘말린 아이돌을 도우려 음성 합성으로 가짜 해명 영상을 올렸다가 본인의 해명과 달라 아이돌이 '거짓말쟁이'로 몰려 무대를 떠났고, 팬은 죄책감에 죽어 그를 다시 빛나게 하겠다는 자아로 니케가 되었다 — 아니스는 '너였구나'라 했다"
F2067,사실,118,2025-08-07,relic:정갈하게쓴기록,0,0,,0,0,,,,,,118,1,,person:랩칠리언 concept:웨일리 person:퀸,확정,relic:정갈하게쓴기록,,"랩칠리언의 기록에 따르면 웨일리가 바뀐 뒤 하위 랩쳐들도 — 적개심을 보이던 것까지 — 서서히 우호적이고 온화해져, 웨일리 위에 집을 짓고 안을 돌아다녀도 거부하지 않게 되었다 — 그는 무리 리더(타일런트 급)의 변화가 하위 개체의 의지를 바꾼다면 언젠가 [랩쳐 퀸]이 [화합]을 고르는 날 인류가 랩쳐와 싸우지 않아도 될 것이라 했다"
F2068,사실,118,2025-08-07,relic:정갈하게쓴기록,0,0,,0,0,,,,,,118,1,,person:랩칠리언 concept:랩쳐,확정,relic:정갈하게쓴기록,,"랩칠리언의 기록에 따르면 그는 마침내 랩쳐의 언어를 흉내 내지 않고 인류의 언어로 랩쳐와 교류하는 데 성공했다 — 랩쳐들은 그를 인류로 알면서도 소통을 골랐고, 그는 인류를 적대하는 [본능]이 사라진 랩쳐는 인류와 다른 새 [종]일 뿐이라 했다"
F2069,사실,118,2025-08-07,relic:정갈하게쓴기록,0,0,,0,0,,,,,,118,1,,person:랩칠리언 concept:웨일리,확정,relic:정갈하게쓴기록,,랩칠리언의 기록에 따르면 그는 웨일리의 뱃속에서 인류도 니케도 랩쳐도 아닌 새로운 생명체('그 아이')를 발견했다
F2070,사실,119,2025-08-07,ch40,0,0,,0,0,,,,,,119,1,J8,place:에덴 person:나유타,확정,ch40,,"나유타에 따르면 에덴은 병기 역할도 하며, 에덴의 창은 '천외에 있는 것'을 향해 쏜 것으로 애초에 그것을 위해 만들어졌다 — 왜 지금 발사되었는지는 나유타도 모른다"
F2071,사실,119,2025-08-07,ch40,4,4,17,0,0,,,,,,119,5,J3,person:지휘관 concept:언체인드 concept:퀸_인자 person:나유타,확정,ch40,,"나유타에 따르면 지휘관의 몸에는 어떤 목적으로 여러 능력이 들어 있는데, 대표적인 둘은 선천적으로 피에 흐르는 언체인드(피에 넣는 것은 오래전 확립된 기술)와, 후천적으로 발동해 시간이 갈수록 강해지는 재생 능력이다 — 재생 능력은 특정 조건, 곧 퀸 인자와 짝을 이뤄 활성화된다"
F2072,사실,119,2025-08-07,ch40,0,0,,0,0,,,,,,119,1,J1 J3,concept:퀸_인자 person:퀸 concept:헬레틱 concept:랩쳐 person:나유타,확정,ch40,,"나유타에 따르면 퀸 인자는 퀸이 될 자격이다 — 랩쳐의 퀸은 오래전부터 있어야 할 곳에 없는 부재 상태여서, 퀸을 견디지 못한 랩쳐 군락이 특출한 랩쳐 · 헬레틱에게 퀸 인자를 발현시켜 퀸을 '만들어 내고', 퀸 인자는 커질수록 모든 랩쳐 · 헬레틱을 절대복종시킨다"
F2073,사실,119,2025-08-07,ch40,0,0,,0,0,,,,,,119,1,,person:지휘관 concept:퀸_인자 person:나유타,확정,ch40,,"나유타는 지휘관의 재생 능력이 활성화되었다면 어딘가에서 퀸 인자가 활성화된 것이고, 그 능력은 지휘관이 죽지 않고 살아서 퀸과 만나 '퀸과 함께' 무언가를 하게 하려고 주어진 것으로 보인다고 했다 — 왜 그런 능력이 있는지는 모른다"
F2074,사실,119,2025-08-07,ch40,0,0,,0,0,,,,,,119,1,J3,concept:퀸_인자 person:리버렐리오 person:나유타,확정,ch40,,나유타에 따르면 헬레틱 가운데 [인자 살해자]라는 칭호를 가진 이가 퀸 인자가 활성화된 존재를 힘이 커지기 전에 찾아내 죽여 왔고 — 나유타가 아는 것만 수십 번이다 — 그 때문에 지상에 지금껏 퀸이 나타나지 않았다
F2075,사실,119,2025-08-07,ch40,0,0,,0,1,,,,,,127,2,J18,person:나유타 person:D.E.E.P.,확정,ch40,,"나유타는 예전에 몸담은 집단이 기술의 정수에 닿아 오만해졌고 그 오만이 분열을 일으켜, 자기는 거기서 떨어져 나온 편린 가운데 하나라 했다 — D.E.E.P.의 일원이었냐는 물음에는 답하지 않고, '깊은 것'은 좋을 것 없는 방주의, 아니 세계의 심연이니 관심을 두지 말라 했다"
F2076,사실,119,2025-08-07,ch40,0,0,,0,1,,,,,,119,2,J26,person:피노키오 person:랩칠리언 concept:웨일리 person:나유타,확정,ch40,,"랩칠리언의 집에 사는 피노키오는 어느 날 웨일리의 몸 안에서 발견된 존재다 — 나유타에 따르면 몸의 물질 · 코어 · 구조가 니케와 같아 니케로 추정되지만, 허리춤 크기에서 날마다 극심한 고통 속에 자라 성장 억제 장치를 달았다 — 주위가 온통 랩쳐라 자기를 랩쳐라 여기고, 랩칠리언이 나유타에게 처음 청한 도움이 피노키오를 살펴 달라는 것이었다"
F2077,사실,119,2025-08-07,ch40,0,0,,0,0,,,,,,119,1,,person:나유타 person:피노키오 person:지휘관 org:미실리스,확정,ch40,,"나유타는 피노키오가 방주 기술도 아님을 확인하고, 미실리스는 믿을 수 없다며 맥스웰 대신 지휘관에게 피노키오의 부품(작은 시계태엽 같은 것, 나유타도 모르는 기술)을 맡겨 방주에서 알아봐 달라 했다"
F2078,사실,119,2025-08-07,ch40,0,0,,0,0,,,,,,119,1,,person:리버렐리오 person:나유타 person:라플라스 person:드레이크,확정,ch40,,"리버렐리오가 아무 전조 없이 소리를 지우듯 나타나 물방울로 라플라스 · 드레이크의 숨을 막았다 — 니케는 호흡할 필요가 없지만 인간을 흉내 내려 호흡하기에 숨을 막는 것만으로 죽일 수 있다고 했다 — 이어 나유타를 '시끄럽다'며 빛으로 머리를 날렸지만, 나유타는 '죽일 수 없는' 존재라 시신이 푸른색 입자 속 황금색 입자로 흩어져 '돌아갔다'"
F2079,사실,119,2025-08-07,ch40,1,0,119,0,1,,,,,,127,2,,person:나유타 org:파이오니아 person:스노우_화이트 person:라푼젤 person:홍련,확정,ch40,,"흩어진 황금색 입자는 어느 호리병 안으로 들어가 나유타가 기억 · 정보와 함께 다시 눈을 떴고, 나유타는 숲에서 걸어 나오는 스노우 화이트 · 라푼젤 · 홍련에게 손을 흔든 뒤 '그쪽 일은 맡기겠다, 소인은 소인의 일을 다 하겠다'고 했다"
F2080,사실,119,2025-08-07,ch40,0,0,,0,1,,,,,,119,1,,person:리버렐리오 org:포비스트,확정,ch40,,"리버렐리오는 오래 준비하던 일을 끝내 미뤄 둔 '정리' — 혹시 있을 위협에 대비해 포비스트를 없애는 것 — 를 하러 왔다고 했다 — 오래전 포비스트를 한 번 만나 시끄러워 치웠지만 위협이 아니라 방치했는데, 이제는 그냥 둘 수 없고 깨끗하게 정리해야 '기뻐하실' 것이라 했다 — 누가 기뻐하는지는 말하지 않았다"
F2081,사실,119,2025-08-07,ch40,0,0,,0,1,,,,,,128,2,,person:리버렐리오 org:포비스트 person:퀸 concept:다크_매터,확정,ch40,,"리버렐리오는 포비스트가 퀸을 만들었다는 짐작에 그것들은 퀸을 만들 능력이 없고 퀸은 그렇게 만들어지는 것이 아니라 했다 — 다크 매터 위장은 좋은 선택이지만 자기는 느끼는 것이 아니라 [듣기에], 최근 포비스트가 큰 소리를 내기 시작해 찾을 수 있었다고 했다"
F2082,사실,119,2025-08-07,ch40,0,0,,0,1,,,,,,143,2,,person:리버렐리오 org:포비스트 person:퀸 concept:랩쳐,확정,ch40,,"리버렐리오는 포비스트와 혹시 만들어졌을 포비스트의 퀸을 함께 없애자고 지휘관 일행에게 제안했다 — 새 퀸의 탄생은 이치가 바뀌어 랩쳐의 행동 양식이 어찌 바뀔지 몰라 백여 년의 지식이 쓸모없어지고, 지금의 랩쳐는 인간에게 관심이 없어 땅속에만 있으면 문제없다고 했다 — 자기는 맞아서 약해져 확률을 높이고 싶고, 거절하면 포비스트와 협력하는 것으로 보겠다고 했다"
F2083,사실,119,2025-08-07,ch40,1,0,119,0,3,,,,,,128,3,,person:레비아탄 person:지즈 person:리버렐리오,확정,ch40,,"리버렐리오가 지휘관 일행과 '같은 편'이라 하자 레비아탄은 배신할까 · 배신당할까 불안하다며 아무와도 관계를 맺지 않고 싸우기로 했고, 지즈는 '나 버리면 안 돼'라며 처음으로 거대화해 맞섰다 — 레비아탄은 지즈가 거대화할 수 있었는데도 자기를 위해 하지 않았던 것이라 여겼다"
F2084,사실,119,2025-08-07,ch40,0,0,,0,0,,,,,,119,1,,person:베히모스 person:레비아탄 person:리버렐리오 org:포비스트,확정,ch40,,"레비아탄이 사과와 함께 제 몸을 베히모스(코어)에게 먹여 — 다 먹이려는 것을 베히모스가 참았다 — 베히모스가 깨어나 집게로 약해진 리버렐리오를 바닥에 처박고 내던졌다 — 베히모스는 풀파워가 아니라 서 있기도 힘들다 했고, 지휘관 · 라피의 대화 시도에 고마워하면서도 레비가 그것을 포기했으니 자기들끼리 갈 길을 가겠다고 했다"
F2085,사실,119,2025-08-07,ch40,0,0,,0,0,,,,,,119,1,,concept:웨일리 person:지휘관 person:지즈,확정,ch40,,"싸움 끝에 웨일리가 폭발과 함께 머리에서 연기를 뿜으며 추락했고, 튕겨 나간 지휘관은 웨일리가 향하는 먼 곳에 온통 하얀색으로 칠한 듯한, 본 적 있는 도시를 보고 '방주'라 중얼거리다 정신을 잃었다 — 지즈는 웨일리가 가는 방향이 그대로면 '거기'가 들킨다고 걱정했었다"
F2086,사실,119,2025-08-07,ch40,0,0,,0,0,,,,,,119,1,,person:미세스_미스 person:칼슨 person:라이온 place:배드_드림,확정,ch40,,라이온의 지배인 칼슨에 따르면 미세스 미스는 아우터 림에서 노래 · 춤을 하는 니케 · 여자를 다 모아 무대에서 심사하는 데 참가자 하나당 천만 크레디트를 주기로 하고 몇백 명을 본 뒤 '하나도 못 건질 쓰레기'라며 2억 크레디트를 내지 않아 붙잡혔다 — 미세스 미스는 풀려나며 2억 넘게 든 카드를 칼슨에게 주고 '호구 문 것처럼 굴길래 진상 좀 부렸다'고 했다
F2087,사실,119,2025-08-07,ch40,1,0,119,0,0,,,,,,119,1,,person:라이온 person:칼슨 person:식스오 concept:미스트 place:포그_할로우 org:이그조틱 org:언더월드_퀸,확정,ch40,,"라이온의 수입이 갑자기 크게 는 것은 식스오가 대 주는 미스트를 조직 단위로 팔았기 때문이었다 — E.H.는 포그 할로우로도 미스트 생산을 막지 못했다 했고, 라이온 조직원들은 삼류 조직이 구할 수 없는 니케용 제압탄을 갖고 있었다 — 바이퍼는 칼슨에게 식스오에게 전할 선전포고를 하고 위치 추적기를 붙였으며, E.H.는 언더월드 퀸에게 연락하기로 했다"
F2088,사실,119,2025-08-07,ch40,0,0,,0,0,,,,,,119,1,,place:아우터_림,확정,ch40,,"아우터 림을 포함한 방주 전체의 엘리베이터는 수천 개로, 초기에 마구잡이로 지어 사실상 관리되지 않는다 — 아우터 림 사람들은 그것으로 지상에 올라가 랩쳐 부품을 모으거나 거래해 목숨을 걸고 먹고산다"
F2089,사실,119,2025-08-07,ch40,0,0,,0,0,,,,,,119,1,,person:리버린 item:브레인_셸터 place:갱생관 place:아우터_림,확정,ch40,,"아우터 림 외지의 잘 쓰이지 않는 엘리베이터에서, 갱생관에 들어갔다고 알려진 리버린이 큰 상자 — E.H.가 확실하다는 다른 모양의 브레인 셸터 — 를 들고 나와 주위를 살피고 어디론가 뛰어갔다"
F2090,사실,119,2025-08-07,ch40,0,0,,0,0,,,,,,119,1,,person:네온 person:리버린,확정,ch40,,"리버린을 쫓던 네온의 비전 아이(열원 추적 안경)에 바닥에 그어진 빛나는 길이 내비게이션처럼 보였고, 그 길을 따라가자 [P]라고 크게 쓰인 엘리베이터가 나와 문이 열렸으며 네온은 홀린 듯 올라탔다"
F2091,사실,119,2025-08-07,ch40,0,0,,1,1,,,,,,142,2,,person:미세스_미스 person:프리티 person:머스탱,확정,side:pretty_star,앞당김,"미세스 미스는 작사 · 작곡 · 안무까지 하는 비밀리의 전설적인 프로듀서로, 프리티의 시작과 끝을 함께한 유일한 프로듀서였다 — 방주에 있던 '별'이 없어져 프로듀싱을 그만두었고 관심은 오직 '방주의 별'뿐이며, 회사 비리로 갱생관에 갔다 아우터 림까지 간 것도 별을 찾아서였다고 머스탱은 말한다"
F2092,사실,119,2025-08-07,ch40,0,0,,0,2,,,,,,144,3,,person:머스탱 person:미세스_미스 person:아니스 org:T.T.STAR,확정,ch40,,"머스탱은 미세스 미스가 연예계의 '몬스터 메이커'라 아니스를 그에게서 숨겨 왔고, 연예계를 가르치지 말고 노래 · 춤에만 한정하는 조건으로 미세스 미스가 아니스('My Star')를 돕는 것을 허락했다 — 미세스 미스는 머스탱이 메이저 데뷔도 못 한 T.T.STAR의 영상을 가졌다는 네온의 말에 곧장 머스탱을 찾아갔다"
F2093,사실,119,2025-08-07,ch40,0,0,,0,0,,,,,,119,1,J24,org:T.T.STAR person:미세스_미스 person:아니스,확정,ch40,,미세스 미스에 따르면 마이너에서 꽤 유명하던 T.T.STAR는 멤버 하나가 폭력 사태에 휘말려 해체했다 — 네온은 몰랐다
F2094,사실,119,2025-08-07,ch40,0,0,,0,0,,,,,,119,1,,person:아니스 person:아비스타 org:T.T.STAR,확정,ch40,,"아니스는 옛 T.T.STAR 직캠에서 자기를 부르던 응원 소리를 다시 듣고 은퇴 공연을 하기로 했다 — 모두에게 사랑받을 수 없으니 자기를 좋아해 주는 사람들만을 위하면 된다고 했고, 아비스타에게 '그 아이돌'과 멤버들은 그 친구를 한 번도 원망한 적 없고 그때의 일은 네 잘못이 아니었다고 전했다"
F2095,사실,119,2025-08-07,ch40,0,0,,0,0,,,,,,119,1,,person:아니스 person:민트 person:프리카 person:노이즈 person:아리아 org:T.T.STAR,확정,ch40,,"아니스는 노이즈에게 빌린 연습실과 아리아가 1년 치 예약해 둔 아크리온 홀을 마련해 민트 · 프리카와 함께 연습을 시작했다 — 지상에 올라가 카운터스로 활약하려면 아이돌과 작별해야 하고, 그러려면 둘이 있어야 한다며 '단 한 번'의 파이널 스테이지를 제대로 하자고 부탁했다"
F2096,사실,119,2025-08-07,relic:어떤소녀의그림일기,1,0,119,0,0,,,,,,119,2,,person:피노키오 person:랩칠리언 person:나유타,확정,relic:어떤소녀의그림일기,,"'아저씨'와 사는 한 소녀의 그림일기는 첫 쪽의 흩어진 자모에서 쪽마다 글씨가 나아지며, 회색 아저씨와 큰 그림을 그리고 씨앗을 심은 일, 아저씨의 하얀(머리) 친구가 찾아와 처음으로 친구가 생긴 일을 적었다 — 피노키오가 랩칠리언 · 나유타와 지낸 기록으로 보인다"
F2097,사실,119,2025-08-07,fl:absolute,0,0,,0,0,,,,,,119,1,,person:잉그리드 concept:블랙스미스 org:언리미티드 org:스카우팅 place:북부,확정,fl:absolute,,"잉그리드에 따르면 앱솔루트가 쓰러뜨린 블랙스미스의 대구경 라이플은 교전 전에 이미 맹수의 이빨 자국 같은 것에 찢겨 있었고, 지난달부터 언리미티드가 북부에서 갈기갈기 찢긴 랩쳐 잔해를 다섯 건 보고해 — 북부에 타일런트 급과 맞설 수 있는, 니케가 아닌 랩쳐 사냥꾼 [미지의 존재]가 나타났다고 보아 스카우팅(델타 · 시그널)을 보냈다"
F2098,사실,119,2025-08-07,fl:absolute,1,0,119,0,0,,,,,,119,1,,concept:프레데터 org:스카우팅,확정,fl:absolute,,"북부의 [미지의 존재]는 거대한 늑대 형태의 신형 랩쳐 무리로, 스카우팅이 [프레데터]라는 임시 명칭을 붙였다 — 광학미채와 재밍(미사일 유도 무력화)을 쓰고, 진형(포메이션 FF)을 짜거나 동료 대신 탄을 맞는 등 사냥에 필요한 전술을 이해하며, 랩쳐 · 니케의 코어를 물어뜯어 먹고 성장한다"
F2099,사실,119,2025-08-07,fl:absolute,0,0,,0,0,,,,,,119,1,,concept:프레데터 person:델타 person:은화,확정,fl:absolute,,"프레데터 무리에는 상위 개체가 하나 있어, 그것이 위기에 빠지면 하위 개체가 상위 개체의 코어를 먹고 몸이 뒤틀리며 변형해 새 상위 개체로 자리를 잇는다 — 델타가 다쳤던 상위 개체가 '회복'했다고 본 것도 이것이라, 은화는 재생 능력은 없다고(추측) 정리했다"
F2100,사실,119,2025-08-07,fl:absolute,0,0,,0,0,,,,,,119,1,,concept:프레데터 place:북부 concept:에블라_입자,확정,fl:absolute,,"프레데터의 거점은 북부 버려진 도시 구석의 거대한 통로로 이어진 지하 벙커였다 — 원형 로비 곳곳의 에블라 입자 발생 장치가 에블라 입자 농도 100%의 [마의 지대]를 만들고 있었고(은화는 북부에 마의 지대가 생긴 까닭이 이것이었다고 함), 오래 방치된 재래식 무기고가 여럿 있었다"
F2101,사실,119,2025-08-07,fl:absolute,0,0,,0,0,,,,,,119,1,,concept:프레데터 person:은화,확정,fl:absolute,,"프레데터 상위 개체는 싸우는 동안 앱솔루트의 수를 배워 — 바람으로 연기를 걷고, 몸을 던져 미사일을 막고, 다른 개체를 타고 와 발자국 추적을 피하고, 총구에 반응해 저격을 피했다 — 은화는 말도 안 되는 진화 속도라 했다"
F2102,사실,119,2025-08-07,fl:absolute,1,0,119,0,0,,,,,,119,1,,org:앱솔루트 concept:프레데터 org:언리미티드 person:솔져_F.A. item:브레인_셸터,확정,fl:absolute,,"앱솔루트는 벙커를 폭파해 하위 개체를 묻고 상위 개체를 쓰러뜨려 코어까지 부쉈다 — 언리미티드가 합류해 남은 무리를 맡았고, 혼자 프레데터를 막던 팔콘(솔져 F.A.)은 브레인 쉘터로 구조되었다"
F2103,사실,119,2025-08-07,fl:absolute,1,0,119,0,0,,,,,,119,1,,concept:프레데터 person:잉그리드 concept:블랙스미스,확정,fl:absolute,,"잉그리드에 따르면 프레데터는 이전 기록에 없는 새 개체이고 블랙스미스의 이빨 자국도 그 소행이었지만, 그 뒤 설원 · 방주 인근 어디에서도 같은 랩쳐는 발견되지 않았다 — 은화는 다른 서식지에서 옮겨 왔거나 랩쳐 진화 과정의 돌연변이 무리일 것이라 했다"
F2104,사실,119,2025-08-07,fl:absolute,0,0,,0,0,,,,,,119,1,,org:언리미티드 org:스카우팅 person:잉그리드,확정,fl:absolute,,"언리미티드는 프레데터의 벙커와 멀지 않은 곳에서 비슷한 양식의 벙커를 또 찾았지만 과거 어떤 기록에도 그런 양식은 없어 — 잉그리드는 방주의 인간이 아닌, 어쩌면 인간도 아닌 [누군가]가 만들었을 가능성이 있다고 했고, 언리미티드와 스카우팅이 함께 추적하기로 했다"
F2105,사실,119,2025-08-07,fl:absolute,1,0,119,0,1,,,,,,119,1,,org:앱솔루트 person:은화 person:엠마 person:잉그리드 person:라피 person:베스티 place:사관학교,확정,fl:absolute,,"앱솔루트의 시작: 지휘관 시절 실패한 은화에게 잉그리드가 사관학교 근처 버려진 놀이터에서 '그럼에도 지상을 탈환하고 싶은가'를 묻자 은화는 '완벽해져서 반드시 지상을 탈환하겠다'고 답해 영입되었다 — 거절하러 왔던 엠마가 그 답을 듣고 함께하기로 한 그날이 앱솔루트 결성일이고, 이어 라피, 그다음 베스티가 들어왔다"
F2106,사실,119,2025-08-07,fl:absolute,0,0,,0,0,,,,,,119,1,,person:은화 person:엠마,확정,fl:absolute,,은화는 지상 탈환을 위해 너무 많은 사람이 죽었고 그것이 헛되지 않았다고 말하려면 누군가는 지상을 탈환해야 하기에 싸운다고 엠마에게 말했다
F2107,사실,119,2025-08-07,fl:absolute,0,0,,0,1,,,,,,119,1,,person:베스티 person:은화 org:앱솔루트,확정,fl:absolute,,"베스티는 테스트에서 역대 최고 성적을 내 '괴물'이라는 별명으로 앱솔루트에 들어왔고, 첫 임무 때 겁먹은 베스티에게 은화가 '판단은 내가 한다, 내 작전은 반드시 승리한다'며 '가장 완벽한 전술로 어떤 적이든 반드시 완벽하게 승리하는 것이 앱솔루트'라 했다"
F2108,사실,119,2025-08-07,fl:absolute,2,0,119,0,0,,,,,,119,1,,person:은화 person:베스티 person:엠마 person:베히모스,확정,fl:absolute,,"베히모스 전(베스티의 몸이 반 날아간 패배) 뒤 은화는 동료가 다시 다치지 않게 하려고 임무마다 혼자 미끼 · 후방을 맡고 베스티를 뒤에 두었고, 베스티는 '내가 라피가 아니라서냐'며 다퉜다 — 벙커에서 엠마는 그런 은화를 동료를 믿지 못하는 '삼류 지휘관'이라 막았고, 베스티는 '나는 네가 지킬 니케가 아니라 쓸 수 있는 최강의 괴물'이라 했다"
F2109,사실,119,2025-08-07,fl:absolute,1,0,119,0,0,,,,,,119,1,,person:은화 person:베스티 org:앱솔루트 person:잉그리드 org:카운터스,확정,fl:absolute,,"은화는 혼자 나서 혼자 희생하는 전술을 '삼류'라 인정하고 사과하며 '완벽한 건 [우리], [우리]가 앱솔루트'라 했고, 베스티에게 한 번도 그 녀석(라피) 대신으로 생각한 적 없다고 했다 — 임무 뒤 잉그리드에게는 카운터스 없이 베히모스를 이길 수 있는지는 질문조차 되지 않는다, 이길 때까지 싸울 뿐이라 답했다"
F2110,사실,119,2025-08-07,fl:absolute,0,0,,0,1,,,,,,119,1,,person:솔져_E.G. person:솔져_F.A. person:솔져_O.W. place:엘리시온_타워 concept:블랙스미스,확정,fl:absolute,,"앱솔루트가 블랙스미스에게서 구한 양산형 스쿼드(이글 · 팔콘, 침식된 오울)와 그 '삼류' 지휘관은 북부에서 다시 앱솔루트와 함께 탈출한 뒤, 인원 변경 없이 엘리시온 타워를 빌려 언젠가 자기들 힘만으로 블랙스미스를 잡겠다며 훈련하고 있다"
F2111,사실,119,2025-08-07,char:93,0,0,,0,0,,,,,,119,1,,person:엠마,확정,char:93,,"엠마는 향수를 직접 제작 · 조합해 주변 사람들에게 나눠 주는 것이 취미이고, 액화 재머 조합에는 감각 예민도를 올리는 용액 [감응 촉매제]가 쓰인다 — 지휘관은 그것이 섞인 향수 냄새에 한 번은 기절하고 한 번은 열이 올랐다"
F2112,사실,120,2025-08-14,char:95,0,0,,0,0,,,,,,120,1,,person:잉그리드 person:은화 concept:NIMPH,확정,char:95,,"잉그리드는 NIMPH 데이터로 세계를 짓고 사용자의 두려움(트라우마)으로 적을 만드는, 약점 극복을 목표로 한 새 형태의 시뮬레이션의 안전성을 은화의 동의를 받아 시험했다 — 은화의 시뮬레이션은 인간 지휘관이던 은화가 죽은 곳을 재현해 은화는 총을 들 수 없고 지휘관이 싸울 수 있게 역할이 바뀌었다"
F2113,사실,120,2025-08-14,char:95,0,0,,0,0,,,,,,120,1,,person:은화 person:베스티 person:엠마,확정,char:95,,"은화는 시뮬레이션 속 랩쳐 떼를 지휘관과 해 질 녘까지 버텨 베스티 · 엠마의 미사일 지원으로 클리어했고(NIMPH 데이터가 만든 '반드시 살 수 있는 지원'이라 봄), 믿을 만한 동료가 있었다면 그렇게 허무하게 죽지 않았을 거라는 미련 · 두려움이 마음 한편에 있었음을 인정했다"
F2114,사실,121,2025-08-21,char:94,0,0,,0,0,,,,,,121,1,,person:베스티,확정,char:94,,"베스티는 꿈에 자주 나오는 지휘관에게 은화 · 엠마에게는 없던 감정을 느껴 지휘관을 친구로만 여긴 게 아니었나 혼란스러워하다가, 지휘관과 하루를 보내고 지휘관이 자기에게 특별하다는 것을 깨달아 '정말 좋아해'라고 말했다 — 일기에는 언젠가 진짜 감정을 전하겠다고 적었다"
F2115,사실,122,2025-09-04,fl:coins_in_rush,0,0,,0,1,,,,,,154,2,,person:에이드 person:머스탱 place:코인_러시,확정,fl:coins_in_rush,,"에이드는 정규 메이드 교육(프로 메이드 육성 커리큘럼)의 일환으로 특수전 훈련을 받았고, 머스탱은 노출이 많은 다른 테트라 니케 대신 표적이 예측하지 못할 에이드에게 코인 러시 잠입 비밀 임무를 맡기며 지휘관을 미끼로 함께 보냈다"
F2116,사실,122,2025-09-04,fl:coins_in_rush,0,0,,0,3,,,,,,154,3,,person:머스탱 org:중앙_정부 place:아우터_림 place:코인_러시,확정,fl:coins_in_rush,,"머스탱이 잡아 달라고 한 타겟은 중앙 정부 지정 협력업체인 유령 단체 [푸른내일지속가능기획지원사무국]의 국장으로 — 아우터 림에서 사업을 벌이다 붙잡혔지만 쓸모를 입증해 풀려나 비밀리에 중앙 정부의 지원을 받는 사업가 — 코인 러시를 도박과 유흥의 소굴로 바꾸려 했고, 머스탱은 중앙 정부의 비호 때문에 직접 나설 수 없었다"
F2117,사실,122,2025-09-04,fl:coins_in_rush,0,0,,0,0,,,,,,122,1,,org:테트라 org:중앙_정부 person:지휘관,확정,fl:coins_in_rush,,"아우터 림 출신 사업가(타겟)는 중앙 정부 쪽 라인에서 '과거 테트라 비밀부대 소속으로 지금은 테트라와 갈라선 요원'이 곧 코인 러시에 온다는 말을 듣고, 그를 구슬려 테트라를 칠 조커로 쓰려고 기다렸다 — 그는 지휘관을 '중앙 정부에서 요주의 인물로 찍힌 지휘관'이라며 알아보았다"
F2118,사실,122,2025-09-04,fl:coins_in_rush,3,0,122,0,1,,,,,,136,2,,org:쉐이드 org:테트라 person:머스탱 person:에이드,확정,fl:coins_in_rush,,"에이드에 따르면 테트라에는 비밀 스쿼드 [쉐이드]가 실제로 있었다 — 도청 · 여론조작 · 납치 등을 맡아 엔터테인먼트라는 양지의 뒤 음지에서 테트라를 지원했지만, 머스탱이 어느 시점에 완전히 변해 진정한 엔터테인먼트를 추구하면서 해체한 지 오래다 — 에이드가 물어도 머스탱은 웃거나 말을 돌렸다"
F2119,사실,122,2025-09-04,fl:coins_in_rush,1,0,122,0,1,,,,,,136,2,,person:벨벳 org:쉐이드 person:지휘관 place:코인_러시,확정,fl:coins_in_rush,,"이벤트 개시 직전 코인 러시의 전원을 내리고 메인 홀 화면을 가로채 지휘관에게 1억 크레디트 현상금을 걸고 타겟을 데려간 나비 마크의 괴도는 [쉐이드]의 전 리더 벨벳이었다 — 벨벳은 '방주에서 제일 잘 나가는 지휘관과 닿은 끈'을 원한다며 서로 최선을 다해 쫓고 도망치자는 규칙을 정하고, 묶인 타겟 사진을 보험으로 보였다"
F2120,사실,122,2025-09-04,fl:coins_in_rush,1,0,122,0,0,,,,,,122,1,,person:벨벳 person:머스탱,확정,fl:coins_in_rush,,"벨벳은 괴도 소동 뒤 코인 러시 VIP 대기실로 머스탱을 찾아가 도망 다니고 숨어 지내는 데 지쳐 쉴 곳이 필요하다고 했다 — 머스탱은 빠져나갈 구석을 없애려 화려하게 나타난 것임을 짐작하고 이벤트를 성공시키는 조건으로 안전을 보장했으며, 벨벳은 예전에 머스탱이 자기 신세를 많이 졌다 했고, 머스탱은 스스로를 'Bad Guy'라 했다"
F2121,사실,122,2025-09-04,fl:coins_in_rush,0,0,,0,0,,,,,,122,1,,person:머스탱 person:벨벳 person:지휘관 place:코인_러시,확정,fl:coins_in_rush,,"머스탱은 괴도의 현상금 선언을 즉석에서 메인 이벤트 전 '추격 이벤트'(Rabbit 벨벳을 쫓는 Villain 지휘관을 손님들이 쫓는 것)로 바꿨고, 끝에 지휘관 일행을 악당 역으로 소개하며 손님 모두에게 선물을, 일행 여섯에게 1억 크레디트씩과 메인 이벤트 와일드 카드를 주었다 — 루주는 실질적 효과가 훨씬 크다고 했다"
F2122,사실,122,2025-09-04,fl:coins_in_rush,2,0,122,0,0,,,,,,122,1,,person:벨벳 person:머스탱 org:메이드_포_유 person:지휘관,확정,fl:coins_in_rush,,"벨벳과 머스탱의 거래를 알게 된 뒤 벨벳은 전초기지로 따라왔고, 머스탱은 지휘관에게 벨벳을 잘 부탁한다며 소속 스쿼드는 알아서 정하라는 메일을 보냈다 — 머스탱의 추천은 메이드 포 유였다"
F2123,사실,122,2025-09-04,char:315,0,0,,0,2,,,,,,154,2,,person:에이드 person:코코아,확정,char:315,,"코인 러시 임무 뒤 에이드는 메이드 일을 완벽히 하면서도 '메이드 임무를 수행하는 특수요원'처럼 되어 손님들이 위화감을 느꼈다 — 지휘관과 옷차림을 스위치로 삼아(바니걸 차림 = 특수요원, 메이드복 = 메이드) 두 모습을 나누는 훈련 끝에 예전 메이드의 모습을 되찾았고, 그 밤 특수요원 차림으로 커진 마음을 고백해 지휘관과 입을 맞췄다"
F2124,사실,123,2025-09-11,char:143,1,1,122,0,0,,,,,,123,2,,person:밀크 person:슈가 person:에이드,확정,char:143,,"밀크는 코인 러시 의뢰 뒤 지휘관에게 이상형을 물은 것을 계속 신경 써 — 슈가에 따르면 밀크는 겉보기와 달리 여리고 자존감이 낮다 — 에이드에게 화장을 배워 데이트에서 '밝고 귀여운 여자' · '차분하고 어른스러운 여자'를 연기했고, 불안해서였다고 털어놓으며 노력할 수 있게 곁에서 도와 달라고 했다"
F2125,사실,124,2025-09-24,fl:reborn_evil,0,0,,0,0,,,,,,124,1,,org:중앙_정부 person:엘세리아_나인 person:데이파라 place:방주,확정,fl:reborn_evil,,"방주에 실종이 잇따랐지만 중앙 정부는 [연쇄 실종]이 아니라고 발표했다 — 실종자는 전직 지휘관 마일스 카터, 지하실 제단에 '랩쳐 부품'을 모신 아이리스 먼로 일가족, 데이파라의 엄마인 상담가 엘세리아 나인 등 니케까지 각양각색이지만 모두 엘세리아 나인(과 그 상담 센터)과 이어져 있었다"
F2126,사실,124,2025-09-24,fl:reborn_evil,0,0,,0,0,,,,,,124,1,,person:폴리 person:데이파라 place:아우터_림,확정,fl:reborn_evil,,"A.C.P.U.의 폴리는 아우터 림 격벽으로 들어가는 데이파라를 CCTV로 보고 홀로 쫓다가, 그날 엘세리아 나인의 상담 센터를 들른 뒤 아우터 림에서 실종되었다 — 센터 직원 사이에는 '우산이 우리에게 새로운 길을 열어줄 것이다'라는 말이 돌았다"
F2127,사실,124,2025-09-24,fl:reborn_evil,0,0,,0,0,,,,,,124,1,,person:엔더슨 concept:D-WAVE concept:게이트_키퍼 org:구원의_성화 place:아우터_림 person:D person:K,확정,fl:reborn_evil,,"엔더슨에 따르면 2주 전부터 게이트 키퍼의 D-WAVE가 지상이 아닌 방주 — 아우터 림의 [구원의 성화] 집회 장소인 저택 — 에서 관측되었고, 아우터 림과의 갈등을 피하려 중앙 정부가 조심스럽게 다루기로 해 지휘관에게 신도로 위장한 잠입 조사를 맡기고 카운터스 대신 D · K를 붙였다"
F2128,사실,124,2025-09-24,fl:reborn_evil,0,0,,0,1,,,,,,124,2,,person:에이다 person:클레어 person:질 place:라쿤_시티 org:엄브렐러 concept:D-WAVE,확정,fl:reborn_evil,,"지휘관이 저택에서 만난 에이다와 키리 · 미란다를 구한 클레어 · 질은 라쿤 시티를 빠져나가다 눈앞이 흐려지며 방주에 온 다른 세계 사람이었다 — 그들의 세계에서는 제약회사 엄브렐러가 생물의 유전자 구조를 바꿔 지능을 낮추고 흉폭하게 만드는 T · G 바이러스를 생물병기로 쓰는 불법 인체실험을 했고, 그 바이러스로 라쿤 시티가 멸망했다"
F2129,사실,124,2025-09-24,fl:reborn_evil,0,0,,0,0,,,,,,124,1,,person:엔더슨 concept:랩쳐 concept:양산형_니케,확정,fl:reborn_evil,,저택에는 랩쳐의 다리에 양산형 니케의 상반신을 억지로 이어 붙인 괴생명체가 돌아다녔다 — 엔더슨은 그 정체를 말해 줄 수 없다면서 NEO 바이러스에 감염되어 그렇게 된 것은 아니라고만 했다
F2130,사실,124,2025-09-24,fl:reborn_evil,1,0,124,0,0,,,,,,124,1,,org:구원의_성화 concept:NEO_바이러스 org:엄브렐러 concept:랩쳐,확정,fl:reborn_evil,,"[구원의 성화]의 실험 일지에 따르면 엄브렐러의 T 바이러스 개발 방식을 토대로 좌표 RAC 10.1에 있는 '심판자'(랩쳐)의 몸에서 흐른 '성수'를 개량해 NEO 바이러스를 만들었다 — 신체 · 재생 능력을 크게 높여 니케에 일시적으로 맞설 수 있지만, 지능이 크게 떨어지고 투여량이 많으면 몸이 붕괴해 바이러스가 새 숙주를 찾는다"
F2131,사실,124,2025-09-24,fl:reborn_evil,0,0,,0,0,,,,,,124,1,,org:구원의_성화 concept:NEO_바이러스 place:방주,확정,fl:reborn_evil,,"[구원의 성화]의 [PROJECT. REBORN EVIL]은 니케를 만들어 신의 뜻을 거스른 인류를 심판하려고 NEO 바이러스를 방주 안에 널리 퍼뜨린 뒤 그 혼란을 틈타 심판자(랩쳐)를 방주로 들이는 계획으로, 실행까지 10시간 카운트가 돌고 있었다"
F2132,사실,124,2025-09-24,fl:reborn_evil,0,0,,0,1,,,,,,124,2,,org:블레이즈_아웃 org:중앙_정부 person:D place:아우터_림,확정,fl:reborn_evil,,"D의 보고로 중앙 정부는 방주의 전염병 대응 스쿼드 [블레이즈 아웃]을 보냈다 — 바이러스가 퍼질 수 있는 저택과 주변 거주지를 모두 불태우고 사태가 심각하면 아우터 림 전체도 태울 수 있는데, D에 따르면 다수를 위해 소수를 희생하는 것이 중앙 정부의 '최선의 수'이고, NEO 바이러스가 퍼지지 않음을 증명하면 나서지 않는다"
F2133,사실,124,2025-09-24,fl:reborn_evil,1,0,124,0,1,,,,,,124,2,,person:엘세리아_나인 org:구원의_성화 person:데이파라,확정,fl:reborn_evil,,"[구원의 성화]를 만든 교주는 데이파라의 엄마 엘세리아 나인이다 — 지휘관이던 남편이 지상에서 로드 급 랩쳐와 마주친 뒤 의식을 되찾지 못하던 때, 병원에서 ???가 '네 남편이 전해 달라 한 물건'이라며 [구원의 성화](심판자의 눈)를 건넸고, 그녀는 남편의 마지막을 지켜본 뒤 '죽음은 구원의 길'을 믿으며 상담 센터를 찾은 이들을 신도로 끌어들였다"
F2134,사실,124,2025-09-24,fl:reborn_evil,3,1,36,0,0,,,,,,124,2,J32,org:구원의_성화 person:폴리 concept:NEO_바이러스,확정,fl:reborn_evil,,"[구원의 성화]는 일부 신도를 지상에 올려 심판자(랩쳐)에게 '구원'받게 — 제물로 바치게 — 했고, 마일스 카터 · 아이리스 먼로 등 실종자들에게 7일간의 '정화 의식'으로 '심판자의 성수'(NEO 바이러스)를 머금게 하는 실험을 했으며, 숨어든 폴리는 '이치를 거스른 신인류'라 제물로 바치려 교화실에 가두었다"
F2135,사실,124,2025-09-24,fl:reborn_evil,0,0,,0,0,,,,,,124,1,,person:데이파라 person:엘세리아_나인 org:구원의_성화,확정,fl:reborn_evil,,"데이파라는 엄마가 센터 지하 제단에서 기도하는 것을 보고 [구원의 성화]의 교주가 엄마이며 바이러스로 방주를 '정화'하려 한다는 것을 알았지만, 알려지면 엄마가 벌을 받기에 아무에게도 알리지 않고 혼자 막으려 아우터 림으로 갔다"
F2136,사실,124,2025-09-24,fl:reborn_evil,0,0,,0,0,,,,,,124,1,,person:에이다 person:D concept:NEO_바이러스,확정,fl:reborn_evil,,"에이다는 NEO 바이러스를 만든 사람을 넘겨받는 조건으로 지휘관과 거래했고, 실험실에서 해킹으로 REBORN EVIL의 카운트를 멈추고 T 바이러스 데이터를 폐기했으며 연구원 품에서 백신 샘플을 찾아 '거래가 성립된 셈'이라 했다 — 떠나기 전 D에게 완벽히 평행한 저울 장식의 USB를 주었다"
F2137,사실,124,2025-09-24,fl:reborn_evil,0,0,,0,0,,,,,,124,1,,person:엘세리아_나인 person:데이파라 person:에이다 person:클레어 person:키리 concept:NEO_바이러스,확정,fl:reborn_evil,,"교주 엘세리아 나인은 데이파라를 데리고 지상으로 가려다 버려진 엘리베이터 앞에서 괴생명체에게 배가 찢겨 죽었다 — 엘리베이터 안에는 시한 사제 폭탄이 가득했고 데이파라는 주사를 맞아 감염된 채 쓰러져 있었으며, 에이다가 가져온 백신을 클레어가 놓고 키리가 폭탄을 처리했다"
F2138,사실,124,2025-09-24,fl:reborn_evil,2,0,124,0,0,,,,,,124,1,,person:질 org:구원의_성화 org:엄브렐러 concept:D-WAVE,확정,fl:reborn_evil,,질이 읽은 교주의 경전에 따르면 지상 RAC 10.1의 '성수가 내리는 제단' 위에 어느 날 T 바이러스 연구 보고서들이 놓여 있었고 [구원의 성화]는 이를 신의 계시로 여겨 엄브렐러를 찬양했다 — 질 · 지휘관은 D-WAVE로 사람뿐 아니라 문서도 넘어왔다고 보았다
F2139,사실,124,2025-09-24,fl:reborn_evil,0,0,,0,0,,,,,,124,1,,concept:랩쳐 org:구원의_성화 org:M.M.R. person:마나 place:지상,확정,fl:reborn_evil,,"RAC 10.1의 폐허 속 제단 주변에는 비무장한 사람들이 평온한 표정으로 쓰러져 있었고 그 뒤에 땅에 박혀 움직이지 않는 거대한 랩쳐가 있었다 — 지휘관 일행이 쓰러뜨린 그 사체에서 흐르는 액체가 '심판자의 성수'로 보였고, 지휘관은 M.M.R.에 조사를 맡겼지만 마나는 그 연구는 답할 수 없다고 했다"
F2140,사실,124,2025-09-24,fl:reborn_evil,0,0,,0,0,,,,,,124,1,,person:K org:블레이즈_아웃 org:구원의_성화,확정,fl:reborn_evil,,K가 블레이즈 아웃을 아우터 림 입구에서 늦추는 동안 일이 마무리되었지만 저택은 주변 거주지와 함께 불태워졌다 — K는 NEO 바이러스든 구원의 성화든 싹을 뽑고 이런 일이 있었다는 사실 자체를 묻으려는 것일지 모른다고 했다
F2141,사실,124,2025-09-24,fl:reborn_evil,0,0,,0,0,,,,,,124,1,,person:에이다 person:X person:D person:K,확정,fl:reborn_evil,,"K에 따르면 에이다는 몇 시간 전에 온 질 · 클레어와 달리 2주 전부터 방주에 와 있었고 X와 거래했다 — 에이다는 거래 내용을 말하지 않고, 어둠 속에서 일하는 사람은 비장의 수단을 숨겨 두어야 한다고 남기고 원래 세계로 돌아갔다"
F2142,사실,124,2025-09-24,fl:reborn_evil,2,1,112,0,1,,,,,,124,2,J32,org:구원의_성화 person:X person:K person:D org:시지_패러리스,확정,fl:reborn_evil,,"[구원의 성화]는 X가 만든 것이었다 — K는 VII-1 기록(랩쳐에 호의적인 급진 집단을 배후 지원해 시민의 적개심을 북돋는 안)을 보고 '여기에도 엮여 있었나'라며 X를 떠올렸고, 에이다의 USB는 X가 구원의 성화를 만들고 T 바이러스 보고서를 지상 제단에 올려 이번 일을 꾸몄다는 증거였다 — D는 그것을 비장의 수단으로 숨겼다"
F2143,사실,124,2025-09-24,fl:reborn_evil,0,0,,0,0,,,,,,124,1,,person:데이파라 person:키리 person:마나 concept:NEO_바이러스,확정,fl:reborn_evil,,"NEO 바이러스에 직접 감염된 데이파라는 백신 덕분에 일상생활에 지장이 없을 것으로 보였고(지휘관이 건넨 백신 샘플로 연구 중), 엄마를 지키려다 일을 키웠다고 자책하며 키리와 약속한 대로 경찰이 되어 속죄하겠다고 했다"
F2144,사실,124,2025-09-24,char:840,0,0,,0,0,,,,,,124,1,J32,org:구원의_성화 concept:랩쳐 person:지휘관,확정,char:840,,[구원의 성화] 신도들은 신의 심판자인 랩쳐에게 죽임을 당해야 구원받는다고 믿어 지상에서 스스로 랩쳐에게 제물이 되었다 — 지휘관은 그래서 지상 제단의 민간인들이 저항 없이 잠든 듯 편안한 얼굴로 죽어 있었다고 보았다
F2145,사실,124,2025-09-24,char:840,0,0,,0,0,,,,,,124,1,,org:구원의_성화 concept:NEO_바이러스 concept:니케 person:엘세리아_나인,확정,char:840,,"교주의 일기에는 랩쳐 앞에 무릎 꿇은 신도들이 찢긴 니케의 몸 일부를 들고 있는 스케치와 함께 '신의 자료를 바탕으로 NEO 바이러스 개발에 성공 — 신의 뜻에 반한 새로운 인간(니케)을 신의 뜻을 받아들인 새로운 인간을 통해 척결하리니, 신도들이여 정화에 동참하라'는 메모가 있었고, 주사로 몸이 기괴하게 변형된 사람들이 그려져 있었다"
F2146,사실,124,2025-09-24,char:840,0,0,,0,0,,,,,,124,1,,org:구원의_성화 person:에이다,확정,char:840,,교주의 일기는 '배신자가 섞여 들었다'며 믿음을 배반한 자에게 벌 · 정화 · 구원을 적었고 저택 제단 아래에는 피가 흥건했다 — 에이다는 랩쳐도 없는 그 제단 앞의 죽음을 교단이 배신자를 '정화'한 것으로 보았다
F2147,사실,124,2025-09-24,char:842,0,0,,0,0,,,,,,124,1,,person:폴리 person:데이파라 person:엘세리아_나인 person:클레어 org:엄브렐러,확정,char:842,,폴리가 따로 정리해 둔 데이파라 파일([Case #8-1.])에 따르면 데이파라는 실종되기 전 엄마 엘세리아 나인의 상담 센터를 찾았고 그 뒤 학교에 나오지 않으며 엄마를 조사한 것으로 보였다 — 클레어는 센터 직원 사이에 돈 '우산이 새로운 길을 열어줄 것'의 우산이 별관 안내문에 새겨진 엄브렐러의 마크라고 짚었다
F2148,사실,124,2025-09-24,char:842,1,0,124,0,0,,,,,,124,2,,person:클레어 place:라쿤_시티,확정,char:842,,"클레어는 경찰이 아닌 평범한 대학생으로, 연락이 끊긴 오빠 크리스(라쿤 시경)를 찾으러 라쿤 시티에 갔다가 부모에게 버려진 아이 셰리 버킨을 만나 감염자 속에서 함께 빠져나왔다 — 경찰인 오빠에게 호신용으로 무기 다루는 법을 배웠다"
F2149,사실,125,2025-10-02,char:841,0,0,,0,0,,,,,,125,1,,org:구원의_성화 concept:NEO_바이러스 person:엘세리아_나인,확정,char:841,,"저택 실험실 연구원의 노트에 따르면 그는 교주에게 받은 '심판자의 성수'를 분석하고 중앙 정부가 진실을 숨긴다 · 랩쳐는 신의 심판자라 믿어 프로젝트에 참여했고, 성수가 사람 몸에 맞지 않자 '계시'대로 개량해 5차 실험(버려진 개)과 신도들의 동의서 — 일부는 망설이는 신도의 것을 대신 써 줌 — 를 받은 6차 실험을 했다"
F2150,사실,125,2025-10-02,char:841,0,0,,0,0,,,,,,125,1,,org:구원의_성화 concept:NEO_바이러스,확정,char:841,,"그 연구원은 15일째 비명 속에 '이런 게 신의 뜻일 리 없다'며 프로젝트를 멈추려 교주를 찾아갔다가 그 뒤 기억을 잃은 채 목에 주사 자국을 발견했고, 감염되어 실험체 개들을 풀어 준 끝에 몸에서 무언가가 빠져나와 죽었다 — 질은 그래서 저택에 감염된 개가 돌아다녔다고 보았다"
F2151,사실,126,2025-10-16,side:eden_spear,0,0,,0,0,,,,,,126,1,,person:도로시 person:요한 org:인헤르트 place:방주,확정,side:eden_spear,,방주 천장에 구멍이 나 랩쳐가 들어가고 니힐리스타가 방주로 향하던 때 도로시는 연락을 끊고 에덴을 떠나 방주로 갔다 — 요한은 방주에 관여하지 않는다며 추적하지 않고 연락을 기다리기로 했다
F2152,사실,126,2025-10-16,side:eden_spear,0,0,,0,0,,,,,,126,1,,person:파피용 person:요한 place:에덴,확정,side:eden_spear,,"에덴은 기밀을 지키려고 파피용을 인질로 붙잡아 두었다 — 에덴 밖으로도 못 나가고 방주와 연락도 못 하며, 문 · 냉장고도 못 여는데, 요한은 파피용을 처분하지 않고 도로시가 인질 말고도 다른 의도로 그녀를 남겼다고 보았다"
F2153,사실,126,2025-10-16,side:eden_spear,0,0,,1,0,,,,,,128,2,,person:요한 person:도로시 person:하란 org:인헤르트,확정,side:eden_spear,,"요한은 나흘 동안 도로시에게서 연락이 없으면 그녀를 인헤르트에서 제명하겠다고 정했다 — 인헤르트는 저마다 판단해 움직이되 에덴의 존재를 알리지 않는다는 조건이 붙고, 에덴은 적을 용서하지 않는다"
F2154,사실,126,2025-10-16,side:eden_spear,0,0,,0,0,,,,,,126,1,,person:니힐리스타 person:요한 person:도로시 org:인헤르트 item:아틀라스_케이지,확정,side:eden_spear,,"도로시가 지상 사출 좌표를 알려 와 인헤르트가 가 보니, 위장포 아래 만신창이로 정신을 잃은 니힐리스타가 있었다 — 요한은 언체인드 탄창을 겨눈 채 1인용 아틀라스 케이지로 그녀를 에덴에 데려왔다"
F2155,사실,126,2025-10-16,side:eden_spear,0,0,,0,0,,,,,,126,1,,person:니힐리스타 person:세실 person:요한 person:나유타,확정,side:eden_spear,,세실에 따르면 니힐리스타는 코어 출력이 97.8% 떨어져 나노머신이 움직이지 않는 가사 상태였다 — 요한은 처분하려 했지만 세실은 헬레틱 생포가 다시없을 기회라며 [뭔지 모를 기술]의 전문가인 나유타(승려)를 부르게 했다
F2156,사실,126,2025-10-16,side:eden_spear,0,0,,0,0,,,,,,126,1,,person:나유타 person:니힐리스타 person:세실,확정,side:eden_spear,,"나유타에 따르면 헬레틱은 코어 동력으로 나노머신을 깨워 증식 · 수복하므로 코어 출력을 되살려야 하고, 회복하는 방법은 헬레틱마다 [취향 · 식성]처럼 다르다 — 니힐리스타는 랩쳐 부품을 입으로 먹여야 했고, 그렇게 하자 코어 출력이 올랐다"
F2157,사실,126,2025-10-16,side:eden_spear,0,0,,1,1,,,,,,128,3,,person:나유타 person:요한 person:이사벨,확정,side:eden_spear,,요한 · 이사벨은 나유타가 머리가 터지거나 바위에 깔려 죽고도 다음 날 아무렇지 않게 다시 나타나는 것을 여러 번 보았다 — 요한은 나유타가 수많은 분신을 지상 곳곳에 두고 죽음을 불사하며 모은 정보를 통합한다며 그녀를 두려워해 '너는 몇 번째인가'라 물었다
F2158,사실,126,2025-10-16,side:eden_spear,0,0,,0,0,,,,,,126,1,,person:나유타 place:에덴 place:방주,확정,side:eden_spear,,나유타는 에덴의 기술도 방주의 기술을 바탕으로 한다고 말했다가 말실수라며 거둬들였다
F2159,사실,126,2025-10-16,side:eden_spear,0,0,,0,0,,,,,,126,1,,person:요한 org:파이오니아 place:에덴 person:퀸,확정,side:eden_spear,,"요한은 파이오니아를 싫어하지 않고 존경한다 — 그들은 긴 시간 지상을 발로 뛰어 지상에 퀸이 없다는 것을 알아냈다 — 하지만 에덴은 인류마저 이용해 퀸만 잡으려 하고 파이오니아는 버림받고도 인류를 위하기에, 파이오니아가 에덴을 거부해 함께할 수 없다고 했다"
F2160,사실,126,2025-10-16,side:eden_spear,0,0,,0,0,,,,,,126,1,,person:나유타 person:퀸 person:요한 place:에덴,확정,side:eden_spear,,"나유타는 지상에서 반사광으로 우주의 퀸 위치를 쫓으며(곧 에덴 위를 지나가고 내려올 가능성은 없다), 에덴은 120km에 걸쳐 퍼진 액체 금속 같은 [뭔가]에 막혀 퀸을 관측하지 못한다"
F2161,사실,126,2025-10-16,side:eden_spear,0,0,,0,0,,,,,,126,1,,person:니힐리스타 person:인디빌리아 person:토커티브 concept:릴리스의_바디,확정,side:eden_spear,,니힐리스타는 동료가 필요해 인디빌리아 · 토커티브를 되살렸다가 배신당해 죽기 직전까지 뜯어먹혔다 — 그녀가 동료를 찾은 것은 퀸을 치려고 릴리스의 바디를 찾았기 때문이었다
F2162,사실,126,2025-10-16,side:eden_spear,0,0,,0,0,,,,,,126,1,,person:니힐리스타 person:퀸 person:리버렐리오,확정,side:eden_spear,,"니힐리스타에 따르면 퀸은 우주에서 궤도를 계속 돌며, 헬레틱이 뇌리에 새겨지는 명령처럼 듣던 퀸의 [목소리]는 벽 같은 것에 막혀 점점 작아지다 끊겼다 — 리버렐리오는 자기만 목소리가 들리는 척 협박했지만 모두 퀸이 지상에 영향을 미칠 수 없음을 알았다"
F2163,사실,126,2025-10-16,side:eden_spear,1,1,32,0,0,,,,,,126,2,J13,person:니힐리스타 person:퀸 concept:릴리스의_바디,확정,side:eden_spear,,"니힐리스타에 따르면 목소리가 끊기기 전 퀸이 애원하듯 되풀이한 명령은 [릴리스의 바디를 찾아라]였고, 다른 헬레틱은 듣지 않았지만 그녀는 찾아 나서 최근에 찾았다 — 퀸은 머리만으로는 만족하지 못해 릴리스의 바디를 보면 허겁지겁 몸에 들일 것이라 했다"
F2164,사실,126,2025-10-16,side:eden_spear,1,0,128,1,0,,,,,,128,2,,person:니힐리스타 person:나유타 person:퀸 concept:릴리스의_바디 concept:언체인드,확정,side:eden_spear,,"니힐리스타의 목적은 퀸 [독살]이다 — 퀸의 구성 물질은 헬레틱과 크게 다르지 않아 나노머신이 대부분일 것이므로, 퀸이 반드시 흡수할 릴리스의 바디에 나노머신을 죽이는 언체인드를 채워 두는 것 — 나유타가 짚자 니힐리스타는 맞다며 언체인드를 같이 쓰자고 했다"
F2165,사실,126,2025-10-16,side:eden_spear,0,0,,0,0,,,,,,126,1,,person:도로시 person:파피용 place:에덴 place:방주,확정,side:eden_spear,,"도로시는 방주에서 파피용에게 연락해 파피용 방의 타블렛(비밀번호 pinne)으로 에덴의 금속 가공 기술(A 폴더)을 보내게 했다 — 에닉 · 세실의 역추적을 피하려 그 타블렛을 쓰게 했고, 에덴과 방주를 잇는 친선 대사가 되려는 뇌물이라 했으며, 뒤에는 병기 개발 자료(E 폴더)까지 넘겨받았다"
F2166,사실,126,2025-10-16,side:eden_spear,1,1,26,0,0,,,,,,126,2,,person:이사벨 person:하란 person:파피용 person:도로시,확정,side:eden_spear,,"이사벨은 파피용이 도로시와 연락하며 에덴의 기술을 빼돌리는 것을 알았지만 하란은 그냥 두라 했다 — 하란은 도로시가 방주에 복수하거나 방주를 빼앗으려는 것이라 보고, 자기를 버린 부모가 몰락해 매달릴 때 그 손을 뿌리치는 상상을 하는 어린아이 같다고 했다"
F2167,사실,126,2025-10-16,side:eden_spear,0,0,,0,1,,,,,,144,2,J8,person:베히모스 person:이사벨 person:하란 place:에덴,확정,side:eden_spear,,"이사벨 · 하란에 따르면 베히모스는 에덴에 와서 인사하러 왔다고 하고 정말 인사만 하고 갔다 — 도주에 가까웠고, 에덴이 적대할 거라 생각하지 않은 눈치였다"
F2168,사실,126,2025-10-16,side:eden_spear,0,0,,0,0,,,,,,126,1,,person:니힐리스타 person:나유타 person:리버렐리오,확정,side:eden_spear,,2주 넘는 폭우로 장거리 통신이 끊긴 가운데 니힐리스타는 무장 없이 겨우 걸을 수 있을 만큼(일반 니케보다 조금 약하게) 회복되었고 릴리스의 바디까지 걸어서 2주쯤이라 했다 — 폭우가 2주를 넘었다는 말에 그녀는 리버렐리오가 올 것이라 했다
F2169,사실,126,2025-10-16,side:eden_spear,0,0,,0,1,,,,,,129,2,,person:리버렐리오 person:니힐리스타 place:에덴,확정,side:eden_spear,,"리버렐리오는 비를 다루며 빗소리로 정보를 얻어, 위험해지면 아무 말이나 하는 니힐리스타의 입을 막으려 그녀를 찾다가 이 근방의 빗소리만 다른 것을 알아채고 랩쳐 대군을 이끌고 에덴 쪽으로 왔다"
F2170,사실,126,2025-10-16,side:eden_spear,0,0,,0,0,,,,,,126,1,J8,item:에덴의_창 place:에덴 person:요한 person:리버렐리오 person:퀸,확정,side:eden_spear,,"에덴의 창은 에덴의 전력을 끌어다 쏘는 초거대 입자포로, 쏘고 나면 광학미채도 유지 못 할 만큼 무방비해져 고정된 상대나 기습에만 쓴다 — 요한이 쏜 첫 발은 리버렐리오와 랩쳐 대군, 낮은 산까지 증발시켰고, 퀸은 위치를 몰라 쏠 수 없다"
F2171,사실,126,2025-10-16,side:eden_spear,0,0,,0,0,,,,,,126,1,,person:리버렐리오 person:나유타 person:니힐리스타 item:아틀라스_케이지,확정,side:eden_spear,,"리버렐리오는 극도로 소형화해 에덴의 창에서 살아남아 에덴에 들어왔다 — 나유타에 따르면 헬레틱은 서로의 위치를 알 수 있고 아틀라스 케이지가 그 신호를 막아, 니힐리스타가 케이지에서 나오자 리버렐리오가 살아 있음을 느꼈다"
F2172,사실,126,2025-10-16,side:eden_spear,0,0,,0,0,,,,,,126,1,J15,person:리버렐리오 person:세실 item:에덴의_창 person:퀸,확정,side:eden_spear,,"리버렐리오는 뇌를 헤집는 기술로 위협해 세실에게 에덴의 창 잔량을 듣고 쓰러뜨린 뒤, 그토록 찾아 헤매던 것을 찾았다며 에덴의 창을 하늘로 쏘았다 — '곧 볼 수 있어, 어머니'라 하고, 오기 전에 깨끗이 청소해야 해 에덴을 상대할 시간이 없다며 떠났다"
F2173,사실,126,2025-10-16,side:eden_spear,1,0,126,0,0,,,,,,126,1,J12,person:리틀_머메이드 person:세이렌 person:퀸 person:요한 place:에덴,확정,side:eden_spear,,"리버렐리오가 에덴의 창을 하늘로 쏜 뒤 세이렌은 퀸의 눈을 가리던 물거품 장막이 부서져 퀸이 모든 것을 보고 내려올 것이라 했고, 에덴은 그동안 [뭔가]에 막혀 못 보던 퀸을 관측했다 — 퀸은 궤도를 바꿔 지상으로 내려오고 있었다"
F2174,사실,126,2025-10-16,side:eden_spear,0,0,,0,0,,,,,,126,1,,person:마리안 person:차임 person:크라운 person:킬로,확정,side:eden_spear,,"에덴의 창의 빛을 본 마리안은 그 [존재]가 오는 것을 느꼈다며, 가만히 있으면 모두 빼앗기니 가서 빼앗아야 한다고 — 자기가 그리는 세계와 그것이 그리는 세계는 너무 다르다고 — 하고 차임 · 크라운 · 킬로 · 탈로스에게 고맙다 · 사랑한다며 떠날 채비를 했다"
F2175,사실,126,2025-10-16,side:eden_spear,0,0,,0,0,,,,,,126,1,,person:나유타 org:파이오니아 item:에덴의_창,확정,side:eden_spear,,"나유타는 니힐리스타를 찾은 뒤부터 파이오니아를 불러 두었고, 퀸이 내려오자 하늘을 보며 몸에서 금빛 기둥을 하늘로 쏘아 올렸다 — 에덴은 에덴의 창을 다시 준비했다"
F2176,사실,126,2025-10-16,fl:go_ninja_thief,2,2,87,0,0,,,,,,126,3,,person:델타 person:팬텀 person:퀀시 person:미란다 person:지휘관,확정,fl:go_ninja_thief,,"아르카나가 지휘관실에서 델타에게 영업하던 날 괴도가 될 수 있느냐 물었던 델타는 밤에 지휘관실을 찾아와, 팬텀의 권유로 정의 괴도단(팬텀 · 퀀시 · 미란다 · 지휘관)의 수습 '괴도 닌자'가 되었다"
F2177,사실,126,2025-10-16,fl:go_ninja_thief,0,0,,0,0,,,,,,126,1,,person:델타 person:지휘관 person:라피 person:폴리 person:키리 place:전초기지,확정,fl:go_ninja_thief,,델타는 수습 테스트에서 발파용 폭약으로 전초기지의 자기 숙소 천장을 터뜨려 지휘관실 천장까지 탈출 루트를 뚫었고 — 지휘관은 라피에게 가면 쓴 괴도들의 짓이라 둘러댔다 — 밤 공원에서는 한 시간 동안 38명에게 전투 식량 · 수리검 · 술책 등을 '잃어버린 것'이라며 나눠 주어 A.C.P.U.에 신고가 들어갔다
F2178,사실,126,2025-10-16,fl:go_ninja_thief,0,0,,0,0,,,,,,126,1,,person:델타 person:퀀시 person:팬텀 person:폴리 person:키리 person:미란다,확정,fl:go_ninja_thief,,"델타가 수습 괴도 닌자 이름으로 보낸 예고장을 본 소매치기는 A.C.P.U.에 신고했다가 들통나 달아났고, 퀀시가 부딪히는 척 되찾은 물건은 주인에게 돌아갔으며 소매치기는 A.C.P.U.에 잡혔다 — 델타는 동료의 힘을 아직 모른다며 수습으로 남아 정의 괴도단과 함께하기로 했다"
F2179,사실,126,2025-10-16,char:23,0,0,,0,0,,,,,,126,1,,person:델타 person:팬텀 person:퀀시 person:미란다 person:지휘관,확정,char:23,,"팬텀 · 퀀시 · 미란다는 실전 경험을 원하는 델타를 위해 지휘관을 기밀문서를 훔친 호색한 악당 [방주의 종마]로 꾸민 가짜 사건을 벌였다 — 델타는 수상한 점과 목소리로 지휘관임을 알아챘고, 기밀문서였던 정식 단원서를 사양한 채 수습으로 남아 지휘관 감시를 맡았다"
F2180,사실,127,2025-10-30,ch41,1,1,81,0,0,,,,,,127,2,,person:지휘관 person:바하무트 person:레비아탄,확정,ch41,,"웨일리에서 떨어진 지휘관은 팔다리 · 허리 · 목이 꺾이고 온몸의 뼈가 500조각 넘게 부서진 채 바하무트들에게 발견되었는데, 죽지 않아 유사 방주로 옮겨진 뒤 아주 멀쩡하게 깨어났다 — 레비아탄은 '인간이 맞긴 해?'라 했다"
F2181,사실,127,2025-10-30,ch41,1,1,80,0,1,,,,,,127,3,,person:바하무트 person:지휘관 org:포비스트,확정,ch41,,"포비스트의 넷째 바하무트는 스스로 포비스트의 '두뇌'라 하며 알 없는 안경을 쓰고 책을 거꾸로 들지만, 크기를 바꾸는 거대한 검은 원기둥을 다뤄 — 푸른 불을 둘러 지휘관이 뿌린 피를 한 방울도 닿지 못하게 하고 — 건물을 깔아뭉개며 굴린다"
F2182,사실,127,2025-10-30,ch41,0,0,,0,1,,,,,,127,2,,concept:용광로 concept:다크_매터 place:유사_방주 org:포비스트,확정,ch41,,"유사 방주에는 최고급 재료만 녹여 철저히 관리한 고농축 다크 매터의 거대한 검은 구체 [용광로]가 달처럼 떠 다크 매터를 쏟아 내고, 크게 다쳤던 포비스트는 결전을 앞두고 그 욕조에 몸을 담가 회복했다"
F2183,사실,127,2025-10-30,ch41,0,0,,0,1,,,,,,128,2,,person:레비아탄 org:포비스트 concept:용광로,확정,ch41,,레비아탄은 [대화]는 없다며 용광로로 퀸을 만들어 직계에게 한 방 먹이고 자기들만의 세계를 만들겠다고 했다 — 기다리는 전략이었지만 웨일리가 유사 방주 앞에 떨어졌고 직계의 힘이 생각만큼 강하지 않으며 둘이나 거대화할 수 있어 더 기다리지 않는다고 했다
F2184,사실,127,2025-10-30,ch41,3,3,91,1,1,,,,,,128,6,J10,org:포비스트 person:지휘관 person:라피 person:지즈 concept:용광로,확정,relic:주의용광로사용법,앞당김,"포비스트는 정신을 잃은 지휘관에게서 바늘로 채취한 '정수'(생명의 씨앗 — 새 생명의 탄생에 필수라 들었다)와, 지즈가 주워 온 코어 두 개의 목 없는 라피의 몸을 용광로에 넣어 퀸을 만들기 시작했다 — 레비아탄은 코어를 다크 매터로 감싸면 새 랩쳐가 탄생한다고 했다"
F2185,사실,127,2025-10-30,ch41,1,1,119,0,0,,,,,,127,2,J10,place:유사_방주 org:포비스트 item:하모니_큐브,확정,ch41,,"유사 방주는 방주의 일부 지역을 그대로 흉내 낸 하얀 도시로, 불 켜진 건물도 없이 출입문 · 창문까지 하얗게 모습만 흉내 냈다 — 지휘관은 수정으로 하모니 큐브에 전력을 대던 까닭이 이것이라 보았고, 레비아탄은 효과가 입증되지 않은 '의식'이라 했다"
F2186,사실,127,2025-10-30,ch41,0,0,,0,0,,,,,,127,1,,person:리버렐리오 person:지휘관 org:포비스트,확정,ch41,,바하무트에게서 달아나던 지휘관을 리버렐리오가 붙잡고 날아 물줄기로 원기둥을 쳐 구해 냈고 — 지휘관은 포비스트와 틀어진 것이 그의 이간질 탓이라 했지만 — 둘은 포비스트가 만들 퀸과 포비스트를 없애기 위한 '한시적 동맹'을 맺었다 — 리버렐리오는 약해져 회복할 틈이 없었다면서 어디서 무엇을 했는지는 비밀이라 했다
F2187,사실,127,2025-10-30,ch41,0,0,,0,0,,,,,,127,1,J15,person:리버렐리오 person:퀸,확정,ch41,,"리버렐리오에 따르면 그가 높여 부르는 이는 [원래의] 퀸, 그의 어머니로 — 지금 지상에 없지만 곧 온다 — 어머니가 왔을 때 지상에는 어머니의 자식들 말고는 있어선 안 되어 그것을 위해 움직인다"
F2188,사실,127,2025-10-30,ch41,0,0,,0,0,,,,,,127,1,,person:리버렐리오 person:퀸,확정,ch41,,"리버렐리오는 퀸에게 손대면 이길 수 없고 생각만 바꿀 수 있다며 — 랩쳐의 의지는 곧 어머니의 의지이고 지금의 랩쳐는 인간에게 관심이 없다 — 인간은 지하에서 남은 삶을 영위하라 했다 — 공존이란 대등한 존재의 것이 아니라 인간이 지렁이와 공존했듯 종을 멸종시키지 않는 것이라 했고, 퀸 · 랩쳐의 역할은 자기도 모른다고 했다"
F2189,사실,127,2025-10-30,ch41,0,0,,0,0,,,,,,127,1,,concept:다크_매터 person:리버렐리오 person:퀸 person:D.E.E.P.,확정,ch41,,"리버렐리오에 따르면 다크 매터는 어머니(퀸)의 피 · 몸을 이루는 물질로, 나노머신이라 형태에 한계가 없는 만능 물질이다 — 과거 단 한 방울이 지상에 떨어져 '깊은 것들'이 증식시켰지만 이해하지 못해 방치했고, 증식 본능으로 지금도 늘어 수백 년 뒤면 지상을 채운다 — 그 진가는 '신세계의 촉매'라 했다"
F2190,사실,127,2025-10-30,ch41,0,0,,0,0,,,,,,127,1,,person:라피 person:맥스웰 org:포비스트 person:리버렐리오 concept:웨일리,확정,ch41,,"라피 일행은 포비스트를 이제 명백한 적대 세력으로 보고 대화를 그만두기로 했고, 퀸이 생겨나는 것 자체가 큰일이라는 리버렐리오의 말에 그와 협력하기로 했다 — 웨일리는 거칠게 착지해 랩칠리언 · 피노키오가 돌보며 남았다"
F2191,사실,127,2025-10-30,ch41,0,0,,0,0,,,,,,127,1,,org:메티스 person:라플라스 person:드레이크 person:맥스웰 person:베히모스 person:지즈,확정,ch41,,파워 업한 메티스는 — 라플라스의 [묠니르](남는 전력을 모았다 내뿜는 한시적 근접 무기) · 드레이크의 [빌런 웹](원하는 모양의 전격) · 맥스웰의 레일건으로 — 거대화한 베히모스를 맨손으로 집어던지고 지즈의 날개와 몸통을 꿰뚫어 둘의 거대화를 풀게 했다
F2192,사실,127,2025-10-30,ch41,0,0,,0,0,,,,,,127,1,,person:라피 person:레비아탄 person:베히모스 person:지즈 place:유사_방주,확정,ch41,,"라피는 진심으로 대화하려 했던 자기와 지휘관을 레비아탄이 배신했다며 대화를 그만두겠다 했고, 레비아탄은 유사 방주를 다크 매터로 물들여 '우리만의 전장'을 만들어 일행을 쓰러뜨린 뒤 베히모스의 재촉에 일행을 용광로에 던지기로 했다 — 지즈는 결정이 무서워 버리듯 결정한다며 '구제 불능'이라 했다"
F2193,사실,127,2025-10-30,ch41,0,0,,0,0,,,,,,127,1,,person:리틀_머메이드 person:레비아탄 person:모리 person:신데렐라 person:그레이브,확정,ch41,,"일행을 용광로에 던지려던 순간 리틀 머메이드(세이렌)의 [정지.]에 포비스트가 멈췄고, 세이렌은 '살아 있어, 물거품이 아니야'라며 레비아탄에게 말을 걸었다 — 모리 · 신데렐라 · 그레이브가 함께 와서 쓰러진 일행을 돌봤다"
F2194,사실,127,2025-10-30,ch41,1,0,127,0,1,,,,,,153,2,,person:바하무트 person:온리_원 person:라피 concept:용광로,확정,ch41,,"바하무트는 용광로에서 흘러내려 고인 다크 매터에서 무언가 솟아오르는 것을 보고 달려와 '퀸이 태어났다, 도망가라'고 외쳤고 — 다크 매터가 모여 라피와 똑같이 생긴 검은 소녀(온리 원)가 되었다"
F2195,사실,127,2025-10-30,ch41,0,0,,0,0,,,,,,127,1,,person:온리_원 person:바하무트 person:맥스웰,확정,ch41,,"온리 원은 발아래에서 수많은 검은 손을 뻗어 바하무트와 맥스웰을 검은 바닥으로 끌어들였고, 이어 바하무트의 거대한 원기둥을 솟구쳐 맥스웰의 전격을 뿜었다 — 베히모스는 능력을 흡수했다고 했고, 레비아탄은 그것이 퀸인지 모른다고 했다"
F2196,사실,127,2025-10-30,ch41,0,0,,0,0,,,,,,127,1,,person:리버렐리오 concept:퀸_인자 org:포비스트,확정,ch41,,"리버렐리오는 처음 듣는 폭발음 뒤 포비스트가 퀸을 만들었다며 — 터무니없이 큰, 어쩌면 어머니보다 더 큰 인자를 느꼈다 — 지휘관이 협력해야 할 이유가 생겼다고 했다"
F2197,사실,127,2025-10-30,ch41,1,0,127,0,1,,,,,,156,2,,person:글러트니 person:리버렐리오 place:유사_방주,확정,ch41,,리버렐리오에 따르면 갓 태어난 퀸이라는 최고의 먹이를 먹으려 글러트니가 여러 입 기관을 보내 — 유사 방주의 가장 높은 건물이 아래로 꺼졌다 — 유사 방주는 글러트니의 '새하얀 식탁'이 되었다
F2198,사실,127,2025-10-30,ch41,0,0,,0,0,,,,,,127,1,,person:미세스_미스 org:T.T.STAR person:민트 person:프리카 person:아니스,확정,ch41,,"미세스 미스는 T.T.STAR가 언더 수준에선 뛰어나지만 메이저 판에선 평범하다고 했고, 곡 · 안무 · 스테이지 기획을 맡아 — 공짜면 안티가 표를 다 살 수 있다며 — 유료로 공연 예약을 시작했다 — 민트는 무대를 계속하고 싶다고 했다"
F2199,사실,127,2025-10-30,ch41,0,0,,0,0,,,,,,127,1,,person:프리티 person:미세스_미스 concept:니케포비아,확정,ch41,,미세스 미스에 따르면 프리티의 춤 · 노래는 당시로서도 훌륭하지 않았지만 프리티는 니케를 대표하는 상징이었다 — 지상 탈환전이 니케 탓에 실패했다는 말로 니케포비아가 양산되고 니케 배척이 극에 달했을 때 니케를 방주로 되돌리고 사람과 니케의 거리를 좁힌 '방주의 별'이었다
F2200,사실,127,2025-10-30,ch41,0,0,,1,1,,,,,,144,3,,concept:스마일_박스 org:T.T.STAR person:미세스_미스 person:머스탱,확정,ch41,,"미세스 미스가 뒷조사로 알아낸 바 T.T.STAR는 방주의 [스마일 박스] — 누가 무슨 짓을 하든 웃으며 받아야 하는 '방주의 장난감' 컨셉 — 였고 안티만이 아니라 불특정 다수에게 심하게 당했다 — 테트라 법무팀이 흔적을 지워 그 이명이 금기가 되었고 사람도 둘 죽었으며, 미세스 미스는 '당시의 머스탱'이라면 그러고도 남았다 했다"
F2201,사실,127,2025-10-30,ch41,0,0,,0,0,,,,,,127,1,,person:아니스 person:프리카 person:민트 person:미세스_미스,확정,ch41,,"아니스 · 프리카 · 민트는 그런 짓을 한 이들이 지금도 방주에 있어도 자기들을 좋아해 주는 훨씬 많은 사람들을 위해 춤추고 노래하겠다고 했고, 미세스 미스는 셋을 '훌륭한 새끼별'이라 했다"
F2202,사실,127,2025-10-30,ch41,0,0,,0,0,,,,,,127,1,,person:트리키_보이 concept:스마일_박스 person:아니스 person:민트 org:테트라,확정,ch41,,"구독자가 줄어 빚에 몰린 방송인 트리키 보이가 T.T.STAR 복귀를 생중계하며 '스마일 박스'를 하자고 민트 · 아니스의 얼굴에 탄산을 터뜨렸지만 둘은 웃지 않았다 — 아니스는 그의 핸드폰을 부수고 '니케가 사람 하나 죽이는 건 일도 아니더라'며 위협해 쫓았고, 테트라 법무팀이 영상 업로드 · 언급에 소송하겠다며 구경꾼을 흩었다"
F2203,사실,127,2025-10-30,ch41,0,0,,0,0,,,,,,127,1,J17,person:네온 org:M.M.R. person:에테르,확정,ch41,,"[P] 엘리베이터 아래는 레이저로 몸을 스캔하는 복도와 얼굴 스캔 문 너머의 M.M.R. 심층부였다 — 에테르에 따르면 1년에 두 번 내려오면 많은 극비 장소로 중앙 정부 고위층도 수십 개 절차를 밟아야 하고, 인증 없이 복도를 밟으면 죽는데 네온은 인증을 받은 채 걸어 들어왔다"
F2204,사실,127,2025-10-30,ch41,2,2,96,0,0,,,,,,127,3,J18,person:D.E.E.P. person:네온 org:M.M.R.,확정,ch41,,"M.M.R. 심층부의 어둠 속에는 사제 같은 검은 옷의 깡마른 여성들(이름표 D.E.E.P.)이 바닥을 기며 네온에게 '열쇠', '깊은 것의 정수'를 달라 했다 — 인류를 위했다 · 실수를 만회해야 한다 · 우리는 죄가 없다며 영광 · 광명을 구했고, 불이 켜지자 '우리는 방주의 어둠'이라며 벽 아래 구멍으로 달아났다"
F2205,사실,127,2025-10-30,ch41,2,2,66,0,0,,,,,,127,3,J18,person:지엔 person:네온,확정,ch41,,"지엔에 따르면 네온의 안경은 '열쇠'라 부르는 것으로 제대로 쓰려면 패스워드가 필요하다 — 네온은 니케가 될 때부터 갖고 있었다고 했고, 지엔이 뒷조사해 보니 네온은 인간일 때의 기록이 하나도 없었다 — 지엔은 패스워드를 알아내려 뇌 스캔을 원했다"
F2206,사실,127,2025-10-30,ch41,0,0,,0,0,,,,,,127,1,,person:지엔 person:에테르 person:네온 person:D.E.E.P.,확정,ch41,,"지엔은 네온이 에닉 · 엔더슨 · 잉그리드 · 지휘관이 찾을 것이라 하자 에테르의 추적 불가 핸드폰으로 아니스에게 문자 하나만 보내게 한 뒤, D.E.E.P.을 들어 봤느냐고 묻고 — 니케 신경 회로를 마비시키는 '침식의 조상의 조상'쯤 되는 약을 탄 차로 네온을 재웠다"
F2207,사실,127,2025-10-30,ch41,0,0,,0,3,,,,,,143,4,J17,person:리버린 person:#000000 person:해머링 person:로지 concept:E2_크리스탈,확정,ch41,,"리버린은 화면 속 #000000의 지시로 생명의 은인 해머링의 머리를 브레인 셸터에 담아 왔고, 거부하자 #000000이 마음이 없는 듯한 니케 로지를 불러 굴복했다 — 로지는 고순도 갓데시움 망치와 정으로 해머링 목의 E2 크리스탈(전력만 있으면 증식한다)을 손톱만큼 떼어 유리병에 담았다"
F2208,사실,127,2025-10-30,ch41,0,0,,0,0,,,,,,127,1,,person:E.H. person:#000000 person:식스오 person:리버린,확정,ch41,,"리버린을 몰래 쫓은 E.H.가 끼어들어 #000000을 식스오로 지목했고 — 그 자리의 것은 본체가 아니라 보았다 — 식스오는 E.H.를 '전 엔터 헤븐 수장, 현 중앙 정부의 개'라 부르며 아우터 림을 빛이 닿는 곳으로, E.H.를 방주의 진짜 주인으로 만들어 줄 테니 손발이 되라고 했다"
F2209,사실,127,2025-10-30,ch41,1,1,73,0,1,,,,,,128,3,J17,person:식스오 concept:미스트 person:에닉 place:아우터_림,확정,ch41,,"식스오에 따르면 미스트는 말 잘 듣는 바보를 만들려는 것으로 아우터 림만이 아니라 방주에서도 암암리에 성행해 수뇌부 몇몇까지 중독되었고, 방주에 큰일이 났을 때 일을 더 꼬려는 것이다 — 방주 테러의 참사로 에닉이 전능하지 않음이 증명되어 서두르며, 목적은 에닉 — 에닉이 있는 한 아우터 림은 빛을 볼 수 없어서다"
F2210,사실,127,2025-10-30,ch41,0,0,,0,0,,,,,,127,1,,person:식스오 person:E.H. person:로지 concept:E2_크리스탈 place:방주,확정,ch41,,그 방은 방주 안이었다 — 재머로 E.H.의 초커를 막은 식스오는 벽을 열어 로지에게 E2 크리스탈 병을 방주 시내 골목으로 던지게 하고 'E.H.의 두 번째 테러'를 축하한다고 했다 — 곧 방주 거리에 수정이 돋아 빠르게 번졌다
F2211,사실,127,2025-10-30,relic:거꾸로적힌기록,0,0,,0,0,,,,,,127,1,,person:바하무트 person:레비아탄 person:지즈 person:베히모스 org:포비스트,확정,,,"바하무트의 기록에 따르면 레비가 '좋은 것'을 만들어 주겠다며 포비스트에게 재료를 모아 오게 했고 — 지즈는 날개에 넣어, 베히모스는 집게로 가져왔다 — 바하무트는 불붙인 로드 롤러를 굴려 재료를 납작하게 붙여 왔으며, 건물이든 뭐든 상관없다는 말에 롤러를 키워 건물까지 붙여 와 가장 많이 모았다"
F2212,사실,128,2025-10-30,ch42,0,0,,0,0,,,,,,128,1,,person:온리_원 person:지즈 person:바하무트 person:드레이크 person:신데렐라 person:라플라스,확정,ch42,,"포비스트의 퀸(온리 원)은 발밑에서 뻗은 검은 손으로 지즈를 끌어들이려 했고, 흡수한 바하무트의 푸른 불 기둥을 손에서 솟구쳐 베히모스를 내리쳤다 — 드레이크의 전격에 검은 손이 터지고 신데렐라 · 라플라스의 합동 공격에 몸이 흩어졌지만 곧 다시 솟아올랐다"
F2213,사실,128,2025-10-30,ch42,0,0,,0,1,,,,,,156,2,,person:드레이크 person:지즈 person:맥스웰 person:지휘관 person:리버렐리오 person:온리_원,확정,ch42,,드레이크는 다크 매터 속 맥스웰을 찾다 빨려 들어가면서 자기를 끌어 올리려던 지즈를 뿌리쳐 살리고 '빌런 연합에 넣어 주겠다'고 했다 — 지휘관이 퇴각을 명하고 리버렐리오가 폭포로 퀸을 눌러 시간을 벌어 모두 달아났다
F2214,사실,128,2025-10-30,ch42,2,2,3,0,0,,,,,,128,3,J2 J10,person:온리_원 person:라피 person:지휘관 person:리버렐리오 person:지즈 concept:그레이브_디거,확정,ch42,,"지휘관은 라피의 어린 시절 모습을 한 그것을 포비스트의 퀸이라 했고 리버렐리오도 헬레틱이라 안다며 맞다 했다 — 지휘관은 지즈가 가진 목 없는 라피의 바디가 예전 그레이브 디거 전에서 소실된 바디일 것이라 했고, 라피는 교관이 깊은 지하 · 대량의 랩쳐 때문에 여러 번 회수하려다 포기했었다고 했다"
F2215,사실,128,2025-10-30,ch42,0,0,,0,0,,,,,,128,1,,person:리버렐리오 person:신데렐라 person:퀸,확정,ch42,,리버렐리오에 따르면 신데렐라는 어머니(퀸)가 만든 최초의 딸이고 자기는 그 데이터를 바탕으로 만든 두 번째라 신데렐라가 어머니가 직접 만든 유일한 혈육인 '언니'다 — 신데렐라는 돌아왔으니 퀸의 자식도 언니도 아니며 리버렐리오는 언젠가 죽여야 할 대상이라 했다
F2216,사실,128,2025-10-30,ch42,0,0,,0,0,,,,,,128,1,,person:신데렐라 person:그레이브 person:리틀_머메이드 person:모리 person:헨젤 person:그레텔 concept:웨일리,확정,ch42,,신데렐라 일행은 세이렌과 합류한 뒤 '큰 이변'을 목격해 헨젤 · 그레텔을 만나려던 것을 미루고 지휘관과 합류하러 왔다 — 주둔지로 가던 중 큰 고래(웨일리)가 떨어지는 것을 보고 지휘관이 거기 있으리라 여겨 찾아왔다
F2217,사실,128,2025-10-30,ch42,0,0,,0,0,,,,,,128,1,,person:리버렐리오 person:지휘관 person:온리_원 org:포비스트 person:글러트니 person:퀸,확정,ch42,,"리버렐리오는 포비스트의 퀸이 글러트니에게 최고의 먹이라 했고, 어머니 이외의 퀸은 존재해선 안 되고 포비스트도 어머니가 만든 존재가 아니라 어머니가 싫어하실 것이라며 포비스트와 가짜 퀸을 죽이는 것이 협력 조건이라 했다 — 지휘관이 퀸만 잡고 포비스트는 가만히 두는 [공존]을 하라고 설득하자 협력하기로 했다"
F2218,사실,128,2025-10-30,ch42,1,1,91,0,0,,,,,,128,2,,person:리버렐리오 org:포비스트 person:레비아탄 person:신데렐라 person:리틀_머메이드 person:베히모스,확정,ch42,,리버렐리오는 직계와 포비스트가 태생이 달라 합쳐질 수 없게 서로 그렇게 만들어졌다며 포비스트를 '어머니가 만든 실패작들' · '반쪽짜리 헬레틱'이라 했고 — 대화의 본질은 서로를 변화시키는 것인데 너희는 그럴 수 없게 만들어졌다 했다 — 신데렐라 · 세이렌은 여기 선 모두가 변했다고 답했다
F2219,사실,128,2025-10-30,ch42,0,0,,0,0,,,,,,128,1,,person:레비아탄 person:리틀_머메이드 person:글러트니 person:지즈 person:베히모스,확정,ch42,,"퀸이 바하무트를 삼키자 공황에 빠진 레비아탄은 '죽으면 된다'며 글러트니의 입 기관 앞에 멈춰 삼켜졌지만, 입안을 채운 세이렌의 물거품이 레비아탄을 감싸 지켰다"
F2220,사실,128,2025-10-30,ch42,0,0,,0,1,,,,,,156,2,,person:글러트니 person:리버렐리오 person:신데렐라 person:지휘관,확정,ch42,,"글러트니의 입 기관은 대규모 공격을 흡수해 뱉는다 — 리버렐리오에 따르면 입 기관을 잘라내면 본체가 그것을 버리며, 그는 본체를 한 번 보고 무서워 도망쳤다 — 리버렐리오가 물을 가득 먹여 외피를 얇게 늘이자 신데렐라가 유리 구두의 빛을 검으로 모아 두 동강 냈다"
F2221,사실,128,2025-10-30,ch42,0,0,,0,0,,,,,,128,1,,person:리틀_머메이드 person:레비아탄,확정,ch42,,"세이렌은 세이렌을 버리고 도망친 배신자라 자책하는 레비아탄에게 '나는 살아 있어, 레비는 배신한 적 없어, 너를 용서해 줘'라 했고 — 레비아탄은 배신자여야 해서 세이렌을 찾으러 다니지 않았고 세이렌이 준 힘을 자기만을 위해 썼다며 울며 사과했다"
F2222,사실,128,2025-10-30,ch42,0,0,,0,0,,,,,,128,1,,person:레비아탄 person:리틀_머메이드 person:글러트니 person:베히모스 person:지즈,확정,ch42,,"세이렌이 레비아탄을 밀쳐 내고 대신 글러트니에게 삼켜지자 레비아탄이 처음으로 거대화해 윗턱을 뜯어내고 세이렌을 꺼냈고, 이어 베히모스 · 지즈와 함께 셋이 거대화해 솟아오른 입 기관들을 쓸어버렸다"
F2223,사실,128,2025-10-30,ch42,0,0,,0,0,,,,,,128,1,,person:지즈 person:레비아탄 person:지휘관 org:포비스트 person:온리_원,확정,ch42,,"지즈는 레비아탄의 뺨을 때리며 다시는 멋대로 죽으려 하지 말라 했고, 레비아탄은 계속 대화하자 해 준 지휘관 일행에게 고마워하며 대화하겠다고 했다 — 모두 함께 맥스웰 · 드레이크 · 바하무트를 구하고 가능하면 퀸을 쓰러뜨리거나 무력화하기로 했다"
F2224,사실,128,2025-10-30,ch42,0,0,,0,0,,,,,,128,1,,person:온리_원 person:레비아탄 person:리틀_머메이드 concept:다크_매터 person:드레이크,확정,ch42,,"레비아탄에 따르면 퀸은 보통처럼 다크 매터를 다른 물질로 바꿔 몸을 짓지 않은 다크 매터 그대로여서 흡수된 셋이 아직 녹지 않았을 수 있다 — 세이렌 · 레비아탄은 퀸이 글러트니처럼 드러난 아이 형태 아래에 넓은 다크 매터 영역을 둔 구조라 보았고, 아이 부분은 다크 매터가 극도로 응축돼 단단하고 무겁지만 드레이크의 전격이 다크 매터를 태웠다"
F2225,사실,128,2025-10-30,ch42,0,0,,0,1,,,,,,128,2,,person:바하무트 person:레비아탄 person:지즈,확정,ch42,,레비아탄에 따르면 바하무트의 거대한 기둥은 원래 불로 녹인 재료를 붙여 나르는 것으로 — 지즈가 고급 재료를 모은다면 바하무트는 양을 확보한다 — 공격엔 굴리거나 내리치는 것이 다이고 바하무트는 아직 거대화하지 못한다
F2226,사실,128,2025-10-30,ch42,0,0,,0,1,,,,,,128,2,,person:지휘관 person:모리 person:리버렐리오 concept:용광로 person:레비아탄,확정,ch42,,"지휘관은 모리를 웨일리로 보내 퇴각 준비를 맡기고, 약해진 리버렐리오를 용광로에 보내 회복하게 했다 — 레비아탄은 거기 몸만 담그면 저절로 부족한 부분을 수복해 준다고 했다"
F2227,사실,128,2025-10-30,ch42,0,0,,0,1,,,,,,156,2,,person:온리_원 person:레비아탄 person:지즈 person:바하무트 person:드레이크 person:맥스웰 person:글러트니,확정,ch42,,"퀸은 둘러싼 글러트니의 입 기관들을 검은 손으로 찢어발겼고 — 퀸의 영역에 들어간 레비아탄 · 지즈는 웅크려 떠 있는 바하무트 · 드레이크 · 맥스웰을 찾았지만 뒤에서 뻗은 손들에 붙잡혀 흡수되었다 — 퀸의 등에서 날개가, 바닥에서 시추공 둘이 솟았다"
F2228,사실,128,2025-10-30,ch42,1,0,128,0,0,,,,,,128,1,,person:베히모스 person:라플라스 person:온리_원 person:신데렐라 person:그레이브 concept:E2_크리스탈,확정,ch42,,베히모스는 라플라스의 팔을 망가뜨린 일을 사과하고 스스로 손에 몸을 던져 흡수되었는데 — 곧 퀸의 몸을 수정이 뚫고 나와 신데렐라 · 라플라스 · 그레이브의 공격 전기로 수정을 키워 퀸을 뒤덮었다 — 퀸은 수정을 깨고 몸을 고친 뒤 거대화해 꼭대기에 왕좌가 있는 검은 탑이 되었다
F2229,사실,128,2025-10-30,ch42,0,0,,0,0,,,,,,128,1,,person:신데렐라 person:라플라스 person:그레이브 person:리틀_머메이드 person:지휘관 person:라피 person:온리_원,확정,ch42,,"검은 탑이 신데렐라 · 라플라스를 흡수하자 그레이브가 남아 탑을 막았고, 세이렌은 지휘관 · 라피를 물거품에 태워 웨일리 쪽으로 쏘아 보내며 '우릴 반드시 구해 줘'라 하고 남았다"
F2230,사실,128,2025-10-30,ch42,0,0,,0,0,,,,,,128,1,,person:라피 person:지휘관 concept:언체인드 person:마리안 person:베히모스 person:레비아탄,확정,ch42,,"라피는 언체인드를 써 보겠다는 지휘관을 막았다 — 언체인드로 되돌린 것은 마리안 한 번뿐이고, 베히모스 · 레비아탄은 지휘관의 피로 거대화했으니 퀸을 한 번 더 강화할 수 있다는 것이다"
F2231,사실,128,2025-10-30,ch42,1,0,128,0,0,,,,,,128,1,,person:모리 person:리버렐리오 person:온리_원 place:유사_방주 place:방주 place:에덴,확정,ch42,,"모리가 미리 혼자 넓게 파 둔 함정에 검은 탑이 쓰러졌고, 용광로에서 회복하고 온 리버렐리오가 '비장의 수'로 지평선 너머에서 아득한 높이의 파도를 불러 검은 탑과 유사 방주를 쓸어 퀸을 방주 쪽으로 밀어냈다 — 방주가 랩쳐 다음으로 강한 세력이고 비장의 수가 있을 것이라 승률이 가장 높다는 것이다"
F2232,사실,128,2025-10-30,ch42,0,0,,0,0,,,,,,128,1,,person:에닉 concept:E2_크리스탈 place:펑크_스트리트 person:아니스 place:방주,확정,ch42,,"에닉에 따르면 누군가 방주 시내에서 E2 크리스탈을 활성화했다 — 에닉은 그 거리(펑크 스트리트) 반경 3km 밖 건물의 전력을 모두 끊고 출구를 콘크리트 격벽으로 막아 그 거리만 고립시켰고, 갇힌 211명 · 니케 여섯이 수정이 차면 모두 죽는데도 '적절한 대안이 없다'고 했다"
F2233,사실,128,2025-10-30,ch42,0,0,,0,1,,,,,,143,2,,person:아니스 person:바이퍼 person:E.H. person:리버린 place:아우터_림 place:펑크_스트리트,확정,ch42,,아니스는 전기가 적은 아우터 림이 수정에 안전하다며 바이퍼를 통해 E.H.에게 펑크 스트리트와 이어진 아우터 림 격벽을 열게 했고 — E.H.는 또 도망치려는 리버린에게 죄를 지었으면 벌을 받고 뉘우치라며 방주 쪽으로 데려갔다
F2234,사실,128,2025-10-30,ch42,0,0,,0,0,,,,,,128,1,,person:에닉 person:이터니티 person:엔드리스 person:아니스 person:E.H. org:이그조틱 place:아우터_림,확정,ch42,,"에닉은 아우터 림 격벽은 개인 판단으로 열 수 없다며 이터니티 · 엔드리스로 아니스와 이그조틱을 막았다 — 이전 방주 테러 때 격벽을 넘은 아우터 림 사람들이 사살되었고 E2 크리스탈을 들고 방주로 올 수도 있다 했으며, E.H.에게는 '아우터 림은 방주가 아니므로 염두에 두지 않는다', 거기 사는 것은 스스로 시민이길 포기한 것이라 했다"
F2235,사실,128,2025-10-30,ch42,0,0,,1,1,,,,,,148,3,,person:아니스 person:이터니티 person:에닉 place:아우터_림,확정,ch42 fl:ark_ranger,,"아니스는 입안의 수정을 이터니티에게 뱉어 몸에 수정이 돋게 했지만 에닉이 코어를 멈췄다 다시 가동해 고쳤다 — 아니스가 아이돌은 자기를 바라보는 사람들의 기대에 부응해야 한다고 외치자 이터니티가 스스로 격벽 출입문에 구멍을 냈고, 에닉은 원인을 알 수 없다면서도 플랜을 바꿔 모두를 아우터 림으로 옮기게 했다"
F2236,사실,128,2025-10-30,ch42,0,0,,0,0,,,,,,128,1,J16,person:이터니티 person:엔드리스 person:에닉 person:아니스,확정,ch42,,"이터니티는 몸에 수정이 번지는 아니스를 붙잡아 코어 동력을 끄고 수정을 걷어 낸 뒤 다시 가동했다 — 에닉은 그런 기능을 넣지 않아 자기가 하는 것을 보고 배운 것으로 추정했고 — 에닉에 따르면 엔드리스 · 이터니티는 스스로 판단해 움직이는 A.I.로, 언어 기능은 없지만 자아가 생기는 모양이라 곧 넣을 것이다"
F2237,사실,128,2025-10-30,ch42,0,0,,0,0,,,,,,128,1,J17,person:에닉 person:E.H. org:이그조틱 concept:에블라_입자 concept:E2_크리스탈 place:펑크_스트리트,확정,ch42,,"에닉은 E.H.를 이그조틱의 새 리더로 인정했고, 펑크 스트리트에 고농도 에블라 입자를 뿌려 전기 신호를 모두 끊어 E2 크리스탈을 '제초'한 뒤 한 달 지켜보고 다시 열 계획이었다 — 피신한 이들은 보건 부서 검사 뒤 귀가하고, 뒤에 수정은 다 없어졌다"
F2238,사실,128,2025-10-30,ch42,0,0,,0,0,,,,,,128,1,,person:에닉 person:식스오 person:E.H.,확정,ch42,,"에닉은 테러범을 조사 중이며 E.H.의 말로는 식스오로 추정된다면서, 식스오는 자기를 너무 잘 알아 잡지 못한다 — '저는 전능하지 않다, 최근 들어 확신한다' — 고 했다"
F2239,사실,128,2025-10-30,ch42,0,0,,0,0,,,,,,128,1,,person:리버린 person:E.H. person:식스오 person:프레자일 org:언더월드_퀸 person:바이퍼,확정,ch42,,"리버린은 또 도주했고, E.H.는 식스오의 말대로라면 높으신 분들 몇이 이미 넘어갔다며 식스오 공략의 열쇠를 가졌을 리버린을 잡기로 했다 — 프레자일을 만나고 언더월드 퀸에 연락하려 했고, 바이퍼는 브레인 셸터를 맡았다"
F2240,사실,128,2025-10-30,ch42,3,3,118,0,0,,,,,,128,3,,person:아니스 person:민트 person:아비스타 person:트리키_보이,확정,ch42,,"아니스는 불평만 쏟는 피신민들에게 혐오를 느꼈지만, 민트가 보여 준 서로 돕는 사람들과 아비스타가 말한 — 쓰러진 아니스를 도와 온 이들 — 을 보고 '방주에 별은 언제나 있었다'고 깨달았다"
F2241,사실,128,2025-10-30,ch42,0,0,,0,0,,,,,,128,1,,person:아비스타 person:온리_원 person:도로시 org:앱솔루트 org:메티스 org:이지스 place:방주,확정,ch42,,"방주 테러 뒤 민간인이 지상에 촬영용 드론을 띄워 생중계하는 채널이 늘었는데(대부분 불법, 몇은 중앙 정부 승인) — 날개와 뿔을 단 검은 탑이 3시간 안에 방주에 닿는다는 영상이 퍼졌고, 그때 도로시는 방주에 없었으며 앱솔루트는 북부 재탐색에, 메티스 · 이지스는 특수별동대 쪽에 있었다"
F2242,사실,128,2025-10-30,ch42,1,1,90,0,0,,,,,,128,2,,person:아니스 person:머스탱 person:프리티 org:테트라,확정,ch42,,"아니스는 머스탱에게 확장 무장 STAR를 달라며 방주로 오는 것을 막고 사람들에게 희망을 주는 '별들의 별'이 되겠다고 — '테트라의 니케는 전장에서도 연예인이어야 한다'는 슬로건의 뜻을 이제 알았다고 — 했고, 머스탱은 그것이 진정한 엔터테인먼트이자 인류를 위한 사랑이라 했다"
F2243,사실,128,2025-10-30,ch42,0,0,,0,1,,,,,,148,2,,person:머스탱 person:에닉 item:스타_스테이지 person:아니스,확정,ch42,,"머스탱은 아니스가 괴물을 부수는 것을 쇼로 만들겠다며 거대 입자포 — 방주가 쓸 수 있는 가장 위력 높은 장거리 병기 — 의 개조 허가를 청했고, 에닉은 테러 뒤 치솟는 방주의 불안을 가라앉힐 소재가 필요하다며 허락했다 — 머스탱은 그것을 무대 [스타 스테이지]로 개조했다"
F2244,사실,128,2025-10-30,ch42,0,0,,0,0,,,,,,128,1,,person:미세스_미스 person:프리티 person:아니스,확정,ch42,,"미세스 미스는 별들의 별은 남들 앞에서 완전무결해야 하는데 프리티는 그것을 해냈지만 너무 밝게 빛나 타들어 가 재만 남았다며, 아니스에게는 조금 삐뚤어진 별이어도 되니 다 태우지 말고 오래 빛나라고 했다"
F2245,사실,128,2025-10-30,ch42,0,0,,0,0,,,,,,128,1,,person:아니스 person:머스탱 item:스타_스테이지 person:온리_원 concept:다크_매터,확정,ch42,,"확장 무장 STAR는 광학 병기의 에너지를 응축 · 발산하는 무장으로, 아니스는 생중계 속에서 스타 스테이지의 에너지를 응축해 쏘아 검은 탑(퀸)의 다크 매터를 벗겨 냈다 — 퀸은 곧 재생하기 시작했다"
F2246,사실,128,2025-10-30,ch42,3,1,118,0,1,,,,,,138,3,,person:지휘관 person:라피 person:온리_원 person:피노키오 person:랩칠리언,확정,ch42,,"지휘관은 그 아이가 태어난 뒤 같은 행동 · 같은 말만 되풀이했는데 무섭고 이질적이라 아무도 듣지 않았다는 것을 떠올렸다 — 피노키오는 그 말을 알아들었다 — 다가가 들으니 '안아 줘'였고, 지휘관 · 라피가 끌어안자 아이는 잠들고 검은 탑이 무너졌다"
F2247,사실,128,2025-10-30,ch42,0,0,,0,0,,,,,,128,1,J15,person:온리_원 concept:다크_매터 person:지휘관,확정,ch42,,"무너진 탑의 다크 매터가 흩어지자 그곳에 꽃이 피고 나무가 자라며 하늘이 맑아졌다 — 지휘관은 새로운 세계가 만들어진 것 같다고 느꼈다 — 흡수되었던 열 명은 모두 무사해 잠들어 있었고, 안은 편안하고 따뜻했다고 했다"
F2248,사실,128,2025-10-30,ch42,0,0,,0,1,,,,,,156,2,,person:온리_원 person:지휘관 person:라피 person:바하무트,확정,ch42,,"그 뒤 아이(온리 원)는 다크 매터를 두르지 않고 폭력성 없이 말 안 듣는 또래 아이처럼 지내며 지휘관을 '아빠', 라피를 '엄마'라 불렀다 — 바하무트는 남자의 정수 때문이라 설명하려 했고, 지휘관은 포비스트에 가까운 무엇이지만 지금은 위험해 보이지 않는다고 보았다"
F2249,사실,128,2025-10-30,ch42,2,2,91,0,0,,,,,,128,3,,org:포비스트 person:레비아탄 person:베히모스 person:지즈 person:바하무트 person:온리_원 place:유사_방주,확정,ch42,,포비스트는 지휘관 일행 편이 되어 절대 배신하지 않겠다 했고 — 레비아탄은 자기들이 만든 아이를 책임지고 키워 그 퀸에 걸맞은 힘을 반드시 선한 곳에 쓰겠다고 했다 — 방주는 믿지 않는다며 리버렐리오가 쓸어버린 유사 방주로 돌아가 다시 고치기로 했다
F2250,사실,128,2025-10-30,ch42,0,0,,0,0,,,,,,128,1,J12,person:신데렐라 person:리틀_머메이드 person:헨젤 person:그레텔 person:퀸 person:맥스웰 incident:3차_지상_탈환전,확정,ch42,,"신데렐라 · 세이렌은 퀸이 내려온다는 것을 지휘관 일행에게 알렸다 — 신데렐라는 매듭을 지으려면 모두 모여야 한다며 앞으로의 싸움에 필요한 헨젤 · 그레텔을 찾기로 했고, 세이렌은 그들이 어디 있는지 안다 — 맥스웰은 방주가 3차 지상 탈환을 외치며 날뛸까 봐 진짜 퀸 소식은 소수에게만 알리자고 했다"
F2251,사실,128,2025-10-30,ch42,2,0,128,0,0,,,,,,128,1,,person:리버렐리오 person:퀸 person:지휘관,확정,ch42,,리버렐리오는 바뀌지 않으리라 여긴 것이 바뀌고 인간 · 랩쳐 · 니케 · 헬레틱 · 퀸이 한자리에서 밥을 먹는 것을 보고 생각이 바뀌었다며 — 긴 시간을 살며 처음 느끼는 감정이라 했다 — 이 일을 어머니에게 알리고 '우리도 변할 수 있다'고 설득하겠으니 섣부른 판단을 보류해 달라고 했다
F2252,사실,128,2025-10-30,ch42,0,0,,0,0,,,,,,128,1,,person:맥스웰 org:메티스 person:슈엔 person:온리_원 place:방주,확정,ch42,,"맥스웰은 이번 일이 가칭 퀸 저지에 메티스의 기여가 큰 것으로 보고되어 슈엔의 면이 섰다고 했고, 방송을 탄 가칭 퀸을 방주가 가만두지 않을 것이며 자극해 거대화라도 하면 방주의 모든 전력으로도 못 이길 것이라 걱정했다"
F2253,사실,128,2025-10-30,ch42,1,0,128,0,0,,,,,,128,1,,person:아니스 person:머스탱 person:지휘관 person:라피,확정,ch42,,아니스에 따르면 머스탱이 은퇴 공연을 조건으로 건 것은 더럽고 구린 것만 보던 아니스가 공연을 준비하며 여러 사람을 만나 방주에는 좋은 사람들이 많고 그들을 위한 별이 필요하다는 것을 스스로 깨닫길 바라서였다 — 지휘관 · 라피는 일을 빨리 끝내고 공연을 하자고 했다
F2254,사실,128,2025-10-30,ch42,0,0,,0,0,,,,,,128,1,,person:아니스 person:네온 person:지휘관 person:요한 place:아우터_림,확정,ch42,,"주둔지 01에서 아니스는 네온이 아우터 림을 마지막 행선지로 연락이 끊겼다고 걱정했고, 지휘관은 정비 · 마무리에 길면 2주가 걸린다며 방주로 내려갔다 — 방주에서 다시 만난 날 지휘관에게 요한의 연락이 왔다"
F2255,사실,128,2025-10-30,relic:주의용광로사용법,0,0,,0,0,,,,,,128,1,,concept:용광로 org:포비스트 concept:다크_매터 person:바하무트,확정,relic:주의용광로사용법,,"포비스트의 메모에 따르면 용광로는 다크 매터와 은색 물을 섞어 알을 만들던 것의 크고 정제된 판으로, 직계에게 한 방 먹일 '우리만의 퀸'을 만들려고 다크 매터를 꽉 압축해 둔 것이다 — 퀸에는 알과 비교도 안 되는 에너지가 필요해 에너지를 머금은 귀한 재료만 골라 넣었다"
F2256,사실,128,2025-10-30,relic:주의용광로사용법,0,0,,0,0,,,,,,128,1,,concept:용광로 concept:다크_매터 org:포비스트,확정,relic:주의용광로사용법,,포비스트의 메모에 따르면 용광로에서 흘러넘친 다크 매터는 에너지 덩어리로 포비스트에게 보약이라 — 부서진 팔 파츠를 잠깐 넣었더니 바로 재생되었다 — 그 밑에 욕조를 받쳐 모아 썼다
F2257,사실,128,2025-10-30,event_goddessfall1,0,0,,0,0,,,,,,128,1,,person:퀸 person:세실 person:요한 item:에덴의_창 place:에덴,확정,event_goddessfall1,,"퀸은 상공 48km 성층권에서 고속 강하를 멈추고 3일째 머물렀다 — 세실은 에덴 내부 동력과 인근 지하 발전기까지 끌어 에덴의 창을 50% 출력으로 쏠 수 있고 에덴을 포기하면 100% 가까이 낼 수 있다 했으며, 요한은 에덴을 포기하고 최대 출력을 확보하라 했다"
F2258,사실,128,2025-10-30,event_goddessfall1,0,0,,0,0,,,,,,128,1,,person:나유타 person:스노우_화이트 person:홍련 person:라푼젤 org:파이오니아 person:도로시,확정,event_goddessfall1,,"나유타가 파이오니아를 소집해 에덴과의 연합을 청하자 스노우 화이트는 에덴의 도로시에게 이용될 수 있다며 거절했다 — 파이오니아는 방주에 구멍이 난 것도, 도로시가 그 구멍을 메우는 데 큰 역할을 하고 지금 방주에 있다는 것도 몰랐고, 나유타는 퀸이 에덴 머리 위로 내려오고 있다며 힘을 청했다"
F2259,사실,128,2025-10-30,event_goddessfall1,0,0,,0,0,,,,,,128,1,,person:퀸 place:에덴 person:세실 person:요한,확정,event_goddessfall1,,"구름 사이로 새어 나온 퀸의 붉은 빔 포격이 에덴을 집어삼켜 에덴은 앙상한 구조물만 남았다 — 모두 무사했지만 실드와 조명까지 꺼져, 세실이 로봇을 총동원해 기본 시설과 에덴의 창부터 수리했다"
F2260,사실,128,2025-10-30,event_goddessfall1,1,1,119,0,0,,,,,,128,2,J13,person:나유타 person:퀸 person:리버렐리오 item:에덴의_창 place:에덴,확정,event_goddessfall1,,"나유타에 따르면 퀸은 우주 정거장 일부와 함께 100년 가까이 궤도를 떠돌았고, 액체 금속으로 보이는 장막이 퀸을 따라다니며 시야를 가려 내려오지 못했다 — 인자 살해자(리버렐리오)가 에덴의 창으로 장막을 치워 퀸은 미뤄 둔 일을 하러 내려오고 있으며, 그 목표는 에덴의 창을 가진 에덴을 부수고 지상에 내려오는 것이다"
F2261,사실,128,2025-10-30,event_goddessfall1,0,0,,0,0,,,,,,128,1,,person:요한 person:하란 person:이사벨 person:노아 person:스노우_화이트 person:홍련 person:라푼젤 org:파이오니아 org:인헤르트,확정,event_goddessfall1,,에덴과 파이오니아는 손을 잡았다 — 요한이 하란 · 이사벨 · 노아를 각각 스노우 화이트 · 홍련 · 라푼젤에게 붙였고 — 에덴의 창이 수리될 때까지 전방위에서 몰려오는 랩쳐를 막는 방위전에 들어갔다
F2262,사실,128,2025-10-30,event_goddessfall1,0,0,,0,0,,,,,,128,1,,person:스노우_화이트 person:하란 org:파이오니아 place:에덴 place:방주 person:도로시,확정,event_goddessfall1,,"스노우 화이트는 에덴의 목적이 인류가 못 한 일을 해낸 뒤 인류를 깔아뭉개는 복수라 에덴을 싫어한다 했고, 하란은 파이오니아가 방주에 더 지독하게 배신당했다고 도로시에게 들었다 했다 — 스노우 화이트는 자기들보다 인류가 중요하며, 아무것도 이루지 못하고 돌아가면 방주가 곤란해지고 자기들을 쳐낸 데에는 이유가 있을 것이라 방주로 돌아가지 않는다고 했다"
F2263,사실,128,2025-10-30,event_goddessfall1,0,0,,0,0,,,,,,128,1,,person:나유타 person:니힐리스타 person:요한 concept:릴리스의_바디,확정,event_goddessfall1,,나유타는 퀸이 손 닿는 곳까지 반드시 떨어질 때를 대비해 '독잔'을 만들려고 니힐리스타와 릴리스의 바디를 찾으러 가겠다 했다 — 퀸을 본 니힐리스타가 흔들릴 수 있으니 그 전에 바디를 확보해야 한다는 것이다 — 요한은 바디를 찾은 뒤 니힐리스타를 어떻게 할지 답하지 않는 나유타에게 '너도 다를 바 없다'며 허락했다
F2264,사실,128,2025-10-30,event_goddessfall1,0,0,,0,0,,,,,,128,1,,person:세실 person:니힐리스타 person:나유타 item:아틀라스_케이지,확정,event_goddessfall1,,"세실은 아틀라스 케이지의 신호 차단 물질로 만든 망토를 니힐리스타에게 주어 다른 헬레틱이 감지할 수도, 그녀가 감지할 수도 없게 했다 — 니힐리스타는 다른 놈들이 느껴지지 않는다 했고, 나유타의 낙타 만트라는 걸어서 2주 걸릴 길을 하룻밤에 달렸다"
F2265,사실,128,2025-10-30,event_goddessfall1,0,0,,0,0,,,,,,128,1,,person:하란 person:마리안 person:스노우_화이트,확정,event_goddessfall1,,"하란은 마리안이 헬레틱(랩쳐)임을 알고 있었고, 마리안은 니케를 죽이지 않았다는 스노우 화이트에게 그것으로 구분한다면 방주야말로 거대한 랩쳐라고 했다"
F2266,사실,128,2025-10-30,event_goddessfall1,0,0,,0,0,,,,,,128,1,,person:니힐리스타 person:퀸,확정,event_goddessfall1,,"니힐리스타가 퀸을 죽이려는 것은 타고나길 그렇게 타고났다는 이유로 자기보다 약한 퀸에게 고개 숙여야 하는 것이 싫어서다 — 하지만 퀸의 지배력 때문에 눈앞에 있어도 싸움을 걸 수 없고 시키는 대로 할 뿐이라, 독살로 방향을 틀었다"
F2267,사실,128,2025-10-30,event_goddessfall1,0,0,,0,0,,,,,,128,1,,person:니힐리스타 concept:릴리스의_바디 place:방주,확정,event_goddessfall1,,"릴리스의 바디는 방주 입구 인근 민간 캠프에 쌓인 니케 시체의 산 아래 석관에 묻혀 있었다 — 니힐리스타에 따르면 방주 밀봉 뒤 지상에 남은 니케들이 열리지 않는 방주의 문을 두드리다 모두 죽었고, 죽은 뒤에라도 랩쳐에게 농락당하지 않게 그들의 코어를 뜯어낸 것은 과거를 기억하는 니힐리스타 자신이었다"
F2268,사실,128,2025-10-30,event_goddessfall1,1,1,32,0,0,,,,,,128,2,J13,person:니힐리스타 person:리버렐리오 person:퀸 person:릴리스 concept:릴리스의_바디 place:북부,확정,event_goddessfall1,,"니힐리스타에 따르면 퀸이 머물던 스테이션이 어째서인지 궤도 엘리베이터에서 분리되어 우주를 떠돌 때 퀸은 이미 뇌가 죽어 가 '머리를 올려보내 달라'고 했고, 리버렐리오가 릴리스의 머리를 잘라 퀸에게 쏘아 보냈다 — 뒤에 퀸이 바디까지 원했지만 바디는 원래 자리에 없었고, 니힐리스타는 그것을 북부 아래 빙하에서 찾아냈다"
F2269,사실,128,2025-10-30,event_goddessfall1,0,0,,0,0,,,,,,128,1,,person:니힐리스타 person:리버렐리오 person:퀸 concept:헬레틱,확정,event_goddessfall1,,니힐리스타에 따르면 리버렐리오가 바디를 찾아 헤매던 중 장막 때문에 퀸의 목소리가 끊겨 헬레틱들은 버려진 채 지상을 떠돌았다 — 리버렐리오가 퀸이 오기 전에 하는 '정리'는 사랑하는 어머니가 돌아올 길을 닦고 집을 깨끗이 해 맞이하려는 것이다
F2270,사실,128,2025-10-30,event_goddessfall1,0,0,,0,0,,,,,,128,1,,person:릴리바이스 concept:릴리스의_바디 person:나유타 person:니힐리스타,확정,event_goddessfall1,,"석관 속 머리 없는 여신 — 릴리바이스의 몸 — 을 본 나유타는 '우리의 승리의 여신'이라며 울었고, 니힐리스타는 그 몸을 흡수가 아니라 보관이라며 자기 몸 안에 넣었다 — 자기가 죽으면 바디도 가루가 된다며 자기가 무사할 보장으로 삼았다"
F2271,사실,128,2025-10-30,event_goddessfall1,1,1,73,0,0,,,,,,128,2,,person:마리안 person:크라운 person:차임 person:킬로 person:T.A.L.O.S. place:크라운_왕국 place:에덴,확정,event_goddessfall1,,"며칠 전 크라운 왕국에서, 먼 곳에서 솟은 빛을 심상치 않게 보며 '가 봐야 한다 · 빼앗아야 한다'던 마리안이 말없이 사라졌고, 크라운 · 차임 · 킬로 · 탈로스는 빛이 솟은 에덴 쪽으로 찾아 나섰다"
F2272,사실,128,2025-10-30,event_goddessfall1,0,0,,0,0,,,,,,128,1,,person:마리안 person:인디빌리아 person:토커티브 concept:퀸_인자,확정,event_goddessfall1,,"마리안은 인디빌리아 · 토커티브를 불러 원래의 퀸을 치자 했다 — 퀸 인자를 각성하고 처음 한 일은 왕국을 공격하지 말라는 명령이었고, 인디빌리아는 원래 퀸의 지배력이 공석일 때 마리안의 지배력이 먼저 미친 '선점 효과'라 했다 — 마리안은 왕국 사람들에게 자기가 퀸임을 알리고 싶지 않았다"
F2273,사실,128,2025-10-30,event_goddessfall1,0,0,,0,1,,,,,,153,2,,person:마리안 person:인디빌리아,확정,event_goddessfall1,,"마리안은 에덴과 연합해 원래의 퀸을 치려 했고, 퀸으로서 그리는 세계는 니케 · 사람 · 랩쳐가 모두 서로 사랑할 수 있는 세계라 했다 — 인디빌리아는 머저리 같은 이상주의자라며 거절했지만 마리안이 지배력으로 따르게 했다"
F2274,사실,128,2025-10-30,event_goddessfall1,0,0,,0,0,,,,,,128,1,,person:퀸 person:마리안 person:인디빌리아 person:니힐리스타 person:나유타 concept:스톰_브링어,확정,event_goddessfall1,,"하늘의 퀸이 지배력을 담은 괴성을 내자 마리안의 지배력이 덮어씌워져 인디빌리아가 마리안의 두 눈을 베고 난도질했다 — 니힐리스타도 퀸이 자기들을 '거둬 갔다'며 꼭두각시가 되기 전에 자기를 죽이고 릴리스의 바디를 가져가라 했지만, 나유타가 망설이는 사이 스톰 브링어가 니힐리스타를 채 갔다"
F2275,사실,128,2025-10-30,event_goddessfall1,0,0,,0,0,,,,,,128,1,,person:토커티브 person:인디빌리아 person:마리안 person:퀸 concept:퀸_인자,확정,event_goddessfall1,,"토커티브는 마리안을 먹자는 인디빌리아를 거절하며, 마리안은 퀸으로 각성해 '퀸의 다음 몸'이 될 준비가 되었으니 온전해야 한다 했다 — 인디빌리아는 퀸의 뇌에 이어 육체도 수명이 다해 간다고 보았고, 퀸 인자는 코어와 뇌에 담긴다 했다"
F2276,사실,128,2025-10-30,event_goddessfall1,0,0,,0,0,,,,,,128,1,,person:장화 person:미러 person:인디빌리아 person:토커티브 person:마리안,확정,event_goddessfall1,,"장화가 나타나 부러진 검으로 인디빌리아의 꼬리와 목 절반, 토커티브의 머리를 베어 둘을 쫓아냈고 미러와 함께 마리안을 데려갔다 — 인디빌리아는 검을 쓰는 그 유사 인간이 홍련이 아니라 모르는 이라 했다"
F2277,사실,128,2025-10-30,event_goddessfall1,1,1,71,0,0,,,,,,128,2,J1,person:미러 person:나유타 person:마리안 concept:퀸_인자,확정,event_goddessfall1,,"미러는 나유타와 구면으로, 마리안을 넘기며 마리안이 크라운 왕국의 전투로 퀸 인자를 각성해 인디빌리아 · 토커티브를 거둔 뒤 원래의 퀸을 느끼고 그 인자를 흡수 통합하려고 왔다고 알렸다 — 마리안이 숨기고 싶어 하니 에덴에 발설하지 말고 [대관]의 날까지 지켜 달라 했다"
F2278,사실,128,2025-10-30,event_goddessfall1,0,0,,0,0,,,,,,128,1,J3,person:미러 person:나유타 concept:퀸_인자 person:리버렐리오 person:지휘관 person:마리안,확정,event_goddessfall1,,"미러에 따르면 퀸 인자는 인자 살해자에게서 살아남으려고 몰래 발현하는 쪽으로 진화했다 — 그래서 리버렐리오가 마리안을 놓친 것이고, 나유타는 대협(지휘관)의 인자 각성이 마리안에게 반응한 것이라 짐작했다"
F2279,사실,128,2025-10-30,event_goddessfall1,0,0,,0,0,,,,,,128,1,,person:장화 person:홍련,확정,event_goddessfall1,,장화는 자기가 나서면 홍련('련이')이 자기를 보고 반드시 지금보다 훨씬 불행해질 것이라며 나유타를 돕기를 거절했다
F2280,사실,128,2025-10-30,event_goddessfall1,0,0,,0,2,,,,,,154,3,,person:미러 person:퀸 person:신데렐라,확정,event_goddessfall1,,"미러에 따르면 불의의 사고로 100여 년 우주를 떠돈 퀸은 신데렐라 때문에 겁쟁이가 되어 — 신데렐라가 살아 있거나 더 강한 것이 있을까, 물거품 장막을 부순 뒤 공격받을까, 착지한 곳에 [그것들]이 있을까 두려워 — 궤도만 고치면 될 일을 하지 않고 내려오지 않았다"
F2281,사실,128,2025-10-30,event_goddessfall1,0,0,,0,0,,,,,,128,1,,person:미러 person:마리안 person:퀸,확정,event_goddessfall1,,"미러에 따르면 퀸의 자리가 오래 비어 랩쳐 · 헬레틱이 날뛰었고, 그것을 수습하던 미러는 제 손으로 퀸을 만들기로 해 이것저것 하다 운 좋게 마리안이라는 퀸을 얻었다 — 미러는 자기가 제어할 수 있는 존재가 퀸이 되어 자기는 방관자로 있다 결정적인 순간에 돕기를 바란다"
F2282,사실,128,2025-10-30,event_goddessfall1,0,0,,0,0,,,,,,128,1,,person:미러 person:장화,확정,event_goddessfall1,,"미러는 실체가 없는 데이터 생명체로 지금 모습은 인격 데이터의 기반이 된 것을 흉내 낸 것이며, 그 기반에게서 '결정적인 순간에 직접 나서지 말 것'을 배웠다 — 미러는 랩쳐 · 니케 · 인간 모두를 벨 수 있는 장화를 자기 호위 무사이자 검으로 되살렸다"
F2283,사실,128,2025-10-30,event_goddessfall1,1,0,128,0,1,,,,,,128,2,,person:노아 person:라푼젤 person:퀸,확정,event_goddessfall1,,"퀸의 두 번째 빔 포격을 노아의 전자기장 실드와 라푼젤의 황금 장벽이 막아 에덴의 피해는 경미했다 — 코어 동력이 바닥난 라푼젤을 뒤로 던지고 출력을 끝까지 올린 노아는 오버히트로 코어가 소실되고 바디가 숯처럼 타 버렸으며, 뇌는 브레인 셸터로 옮겼지만 뇌까지 가열되어 살리기 힘들 수 있다"
F2284,사실,128,2025-10-30,event_goddessfall1,0,0,,0,0,,,,,,128,1,,person:퀸 person:인디빌리아 person:토커티브 person:니힐리스타,확정,event_goddessfall1,,"퀸은 인디빌리아 · 토커티브 · 니힐리스타에게 다 함께 에덴을 파괴하라 명령했고, 지배 아래 셋은 서로 싸울 수 없다 — 인디빌리아는 니힐리스타가 방주에서 자기들을 꺼낸 것이 정말 동료가 필요해서였냐며 비웃고, 자기들은 모두 '저것(퀸)의 찌꺼기'일 뿐이라 했다"
F2285,사실,128,2025-10-30,event_goddessfall1,0,0,,0,0,,,,,,128,1,,person:나유타 person:마리안,확정,event_goddessfall1,,"나유타는 깨어난 마리안에게 퀸임을 안다며 비밀을 지키겠다면서도, 적의 입으로 알려지면 혼란이 치명적일 것이라며 스스로 밝히기를 권했다 — 누가 마리안에게 총칼을 겨누면 목숨을 걸고 막겠다며, 마리안을 세계의 명운을 쥐고 진정한 평화를 가져올 존재라 했다"
F2286,사실,128,2025-10-30,event_goddessfall1,0,0,,0,0,,,,,,128,1,,person:퀸 item:에덴의_창 person:요한 person:세실,확정,event_goddessfall1,,"퀸의 지배력은 랩쳐에게도 미쳐 랩쳐들은 맹목적이고 일사불란하게 에덴으로 몰려왔고 타일런트 급까지 대량 참전했다 — 2시간 뒤 에덴의 창이 쏠 수 있게 되었지만 포격으로 원격 기능이 망가져 조준 · 발사가 수동이고, 한 발뿐이었다"
F2287,사실,128,2025-10-30,event_goddessfall1,1,0,128,0,0,,,,,,128,1,,person:크라운 person:차임 person:킬로 person:T.A.L.O.S. person:나유타 person:인디빌리아 person:토커티브 person:니힐리스타 concept:스톰_브링어,확정,event_goddessfall1,,"크라운 · 차임 · 킬로 · 탈로스가 에덴에 닿아 인디빌리아를 꿰뚫고 토커티브를 밀어냈고, 함께 온 것은 전투 능력만 연마한 나유타의 분신 2000기였다 — 차임은 떼 지어 가는 분신을 따라왔고, 밀린 인디빌리아 · 니힐리스타 · 토커티브는 스톰 브링어에 실려 퇴각했다"
F2288,사실,128,2025-10-30,event_goddessfall1,1,0,128,0,0,,,,,,128,1,,person:나유타 concept:NIMPH,확정,event_goddessfall1,,"나유타는 자기와 똑같은 분신에게 자기 NIMPH 일부를 나눠 준다 — 분신은 자율적으로 판단 · 행동하며 세계 곳곳에서 퀸의 이동 루트 · 헬레틱 동향 등을 모으고, 분신이 죽거나 본체가 원하면 그 NIMPH가 본체를 찾아와 정보가 통합된다 — NIMPH를 잃은 분신은 모든 기능을 잃고, 총수는 3200 이후 세지 않았다"
F2289,사실,128,2025-10-30,event_goddessfall1,0,0,,0,0,,,,,,128,1,J1,person:마리안 person:라푼젤 person:요한 person:퀸 item:에덴의_창,확정,event_goddessfall1,,"세 번째 빔 포격을 막던 라푼젤 앞에 마리안이 나서 '내 힘과 성질이 같다'며 붕대로 붉은 빛을 모두 빨아들여 검은 구체로 되돌려 쏘았다 — 같은 때 요한이 에덴의 창을 쏘아 둘 다 퀸에 명중했고, 퀸은 추락하듯 지상의 하늘로 내려왔다"
F2290,사실,128,2025-10-30,event_goddessfall1,1,1,71,0,0,,,,,,128,2,,person:마리안 org:파이오니아 person:스노우_화이트 person:라푼젤 person:차임,확정,event_goddessfall1,,"마리안은 모두 앞에서 자기가 랩쳐의 퀸이고 왕관을 빼앗으러 왔다고 밝혔다 — 파이오니아는 바뀌는 건 없다 했고(크라운 왕국에서 총구를 겨눴을 때 짐작했다), 마리안은 자기가 랩쳐로 인류를 멸망시키려 하면 죽여 달라 했으며, 차임은 퀸이든 무엇이든 크라운 왕국의 신하라며 마리안을 쥐어박았다"
F2291,사실,128,2025-10-30,event_goddessfall1,0,0,,0,0,,,,,,128,1,,person:미러 person:마리안,확정,event_goddessfall1,,"미러는 원래 마리안이 퀸임을 숨기게 두었다가 그 사실을 몰래 흘려, 모두가 마리안을 못살게 굴어 마음이 무너지면 구슬려 꼭두각시로 만들 계획이었다"
F2292,사실,128,2025-10-30,event_goddessfall1,1,0,128,0,0,,,,,,128,1,,person:요한 person:마리안 person:나유타 person:노아,확정,event_goddessfall1,,"요한은 마리안이 지금은 문제가 아니니 전력으로 쓰겠다며, 정체를 숨기려 한 나약함 때문에 늦게 와 노아를 잃었다는 말은 꺼내지 않겠다 했다 — 마리안을 퀸으로 만드는 데 힘을 빌려 달라는 나유타가 '모두가 모두를 사랑하는 세계'는 믿지 않는다고 하자 요한은 그를 쓰레기라 했다"
F2293,사실,128,2025-10-30,event_goddessfall1,1,0,128,0,1,,,,,,144,2,,person:미러 person:나유타 person:마리안,확정,event_goddessfall1,,"미러에 따르면 미러는 꼭두각시 퀸을, 나유타는 퀸 없는 지상을 원해 최종 목적이 다르지만, 미러의 꼭두각시 퀸은 나유타에게 협의할 수 있는 퀸이라 둘은 동맹을 맺었다 — 미러는 마리안에게 바람을 넣은 나유타에게 다른 꿍꿍이가 있다고 의심한다"
F2294,사실,128,2025-10-30,event_goddessfall1,0,0,,0,0,,,,,,128,1,,person:이사벨 person:퀸,확정,event_goddessfall1,,"이사벨이 정찰해 보니 퀸은 구름 위의 검은 덩어리 — 요새로 개조된 우주 정거장(스테이션) — 와 전선으로 이어져 있었다 — 스테이션에는 에덴의 창 · 마리안의 공격에 뚫린 구멍 둘이 났지만 고도를 유지했고, 수많은 붉은 코어의 자동 요격 무장이 다가오는 이를 빔으로 쏘았다 — 퀸은 재머를 뿌리고 장거리 빔을 연사하며 랩쳐를 모으고 회복했다"
F2295,사실,128,2025-10-30,event_goddessfall1,0,0,,0,0,,,,,,128,1,,person:요한 person:파피용 person:나유타 person:지휘관 place:에덴,확정,event_goddessfall1,,"요한은 에덴의 메인 동력원을 과부하로 자폭시켜 반경 10km에 끌어들인 적을 쓸어버리고 뒷일을 '그 녀석'(지휘관)에게 맡기려 했다 — 방주에 지원을 청하자는 파피용에게는 방주의 도움은 필요 없다 했고, 나유타는 다른 방도가 있다 했다"
F2296,사실,128,2025-10-30,event_goddessfall1,1,0,128,0,0,,,,,,128,1,,person:나유타 person:마리안,확정,event_goddessfall1,,"나유타는 분신들을 퀸의 자동 요격 무장의 육벽으로 돌격시켜 그 틈에 스테이션을 무너뜨리자 하며 분신은 인격체라 부를 만큼 성숙하지 않은 기계인형이라 했다 — 그러나 분신이 죽어 금색 입자로 돌아오면 저마다의 삶의 기억이 흘러들었고, 나유타는 울며 지형 · 체술 정보만 남기고 사적인 기억을 지웠다 — 마리안이 묻자 일반적인 개념으로는 분신들이 살아 있다고 인정했다"
F2297,사실,128,2025-10-30,event_goddessfall1,2,1,17,0,1,,,,,,128,3,,person:하란 person:스노우_화이트 org:파이오니아 place:에덴,확정,event_goddessfall1,,하란은 스노우 화이트 대신 스테이션 돌입을 맡으며 — 에덴은 방주를 용서하지 못하지만 파이오니아는 방주를 용서하고 사랑하면서도 곤란할까 봐 자기들끼리 해결하려 하니 더 미쳐 있다며 — 파이오니아는 [영광스런 칭호]를 짊어질 자격이 있고 에덴은 그 칭호를 받을 수 없을 것이라 했다
F2298,사실,128,2025-10-30,event_goddessfall1,0,0,,0,0,,,,,,128,1,,person:이사벨 person:파피용 person:세실,확정,event_goddessfall1,,"이사벨은 파피용을 의심했지만 도망가지 않고 함께 싸운 것을 보고 풀어 주며 방주에 에덴 이야기만은 하지 말아 달라 했다 — 그 안전 루트를 짠 세실은 자기 목숨의 가치는 자기가 정하는 것이라며, 퀸이 겁낼 때인 지금밖에 기회가 없다고 했다"
F2299,사실,128,2025-10-30,event_goddessfall1,0,0,,0,1,,,,,,128,2,,person:이사벨 person:하란 person:퀸,확정,event_goddessfall1,,"이사벨은 스테이션의 빔에 몸이 녹아 가며 마지막 가속으로 하란을 스테이션에 던져 넣고 '사랑스러운 분, 당신을 다시 한번'이라며 빔에 삼켜졌다 — 하란이 포식 증식형 바이러스 가루로 스테이션을 무력화하자 강철 조각이 쏟아지며 퀸이 내려앉고 빔이 멎었다"
F2300,사실,128,2025-10-30,event_goddessfall1,1,1,73,0,0,,,,,,128,2,,person:인디빌리아 person:크라운 person:차임 concept:에블라_입자,확정,event_goddessfall1,,인디빌리아는 몰래 뿌려 둔 에블라 입자로 크라운의 몸을 둔하게 만든 뒤 차임을 노리는 척해 크라운을 어깨에서 허리까지 베었다 — 크라운이 예전의 그 '바보 같은 힘'을 쓸 수 없다고 보았다
F2301,사실,128,2025-10-30,event_goddessfall1,0,0,,0,0,,,,,,128,1,,person:마리안 person:퀸,확정,event_goddessfall1,,"소중한 이들이 서로 목숨을 걸고 싸우는 것을 본 마리안은 퀸에게 분노해 거대화했다 — 거신은 탄환 · 미사일 · 어깨 입자포로 스테이션을 관통했고, 입자를 분해 · 재배치해 순간 이동했다"
F2302,사실,128,2025-10-30,event_goddessfall1,1,0,128,0,3,,,,,,133,3,,person:하란 person:요한 person:인디빌리아 org:인헤르트,확정,event_goddessfall1,,하란은 거대 지네로 거대화한 인디빌리아의 머리에 낫을 박아 검은 가루로 녹슬게 해 무너뜨리고 자기도 녹슬어 바스러졌다 — 마지막으로 칭호를 청한 하란에게 요한은 '승리의 여신들'이라 불러 주었다
F2303,사실,128,2025-10-30,event_goddessfall1,0,0,,0,0,,,,,,128,1,,person:나유타 person:크라운 person:차임 person:스노우_화이트 person:홍련 person:라푼젤 item:네이키드_킹,확정,event_goddessfall1,,"나유타는 퀸의 능력이 미지수라 스노우 화이트 · 홍련 · 라푼젤을 퀸과 결전할 때까지 전장에서 떨어져 대기하게 했다 — 크게 다친 크라운은 차임에게 네이키드 킹을 넘겼고, 왜 바라만 보느냐는 크라운에게 나유타는 많이 알아 두려워 결정하지 못한다고 털어놓았다"
F2304,사실,128,2025-10-30,event_goddessfall1,1,0,128,0,1,,,,,,154,2,,person:파피용 person:도로시 place:에덴,확정,event_goddessfall1,,탈출하던 파피용은 전파탑에서 도로시에게 전화해 퀸 하강 · 에덴 붕괴 · 인헤르트 전멸을 알리고 도우러 오라 한 뒤 에덴으로 되돌아 달렸다
F2305,사실,128,2025-10-30,event_goddessfall1,2,0,128,0,0,,,,,,128,1,,person:요한 person:나유타 person:크라운 concept:언체인드,확정,event_goddessfall1,,"요한은 크라운을 맡으며 나유타에게, 실패해도 뒤를 이을 이가 있으니 승리를 책임지고 모두와 함께 모든 것을 걸라며 언체인드 탄환을 주었다 — 나유타는 많은 이를 사지로 내몬 방관자라고 자책했다"
F2306,사실,128,2025-10-30,event_goddessfall1,0,0,,0,0,,,,,,128,1,,person:퀸 person:마리안 person:토커티브 org:파이오니아,확정,event_goddessfall1,,"퀸은 마리안 본인을 노려 실 같은 압축 빔으로 거신을 두 동강 내고, 거신의 입자포 두 줄기를 손으로 빨아들여 되쏘았다 — 떨어진 마리안을 토커티브가 받아 뼈를 부러뜨리며 퀸 인자를 담을 그릇으로만 있으라 했고, 달려온 파이오니아 셋이 토커티브의 머리를 뽑아 짓밟았다"
F2307,사실,128,2025-10-30,event_goddessfall1,1,1,73,0,0,,,,,,128,2,,person:미러 person:토커티브 person:마리안 person:장화,확정,event_goddessfall1,,미러는 토커티브에게 마리안을 '퀸의 다음 바디'로 보호하게 시켰지만 그것은 거짓이었다 — 헬레틱 이상만 퀸의 목소리를 들을 수 있어 그것을 못 듣는 토커티브에게 퀸이 그를 인정했다고 속여 거짓 사명에 매달리게 하고 정보를 물어 오게 했다 — 장화에게는 마리안이 '차기 퀸'이라는 쪽이 맞다고 했다
F2308,사실,128,2025-10-30,event_goddessfall1,0,0,,0,0,,,,,,128,1,,person:미러 person:퀸 person:릴리스 concept:NIMPH concept:언체인드 person:토커티브,확정,event_goddessfall1,,"미러에 따르면 퀸은 릴리스의 뇌에 자기 정보를 덮어썼지만 릴리스의 뇌에 남은 NIMPH가 계속 퀸을 공격해, 그것을 없애야 진정한 퀸이 된다 — 토커티브는 언체인드가 어느 몸에 있는지 찾았고 확보는 시간문제라 했다"
F2309,사실,128,2025-10-30,event_goddessfall1,1,0,128,0,0,,,,,,128,1,,person:차임 item:네이키드_킹 person:인디빌리아 person:T.A.L.O.S. person:나유타,확정,event_goddessfall1,,"차임은 크라운이 넘겨준 네이키드 킹을 써 인디빌리아를 쓰러뜨렸고(쓴 뒤 알몸으로 탈진), 탈로스가 인디빌리아를 던지고 나유타가 땅에 처박았다"
F2310,사실,128,2025-10-30,event_goddessfall1,1,0,128,0,0,,,,,,128,1,,person:니힐리스타 person:인디빌리아 person:나유타 person:퀸,확정,event_goddessfall1,,"퀸의 명령으로 승산 없는 싸움에 나서려던 니힐리스타는, 나유타가 '언제까지 그따위로 살 거냐'며 인디빌리아를 가리키자 자기를 잡아먹고도 명령질하는 인디빌리아에 화가 나 그녀를 먹어 치웠다 — 힘을 되찾은 니힐리스타는 지배력이 풀려 퀸을 죽이겠다 했고, 나유타는 격한 감정이 지배력을 푼 것이라 보았다"
F2311,사실,128,2025-10-30,event_goddessfall1,0,0,,0,0,,,,,,128,1,,org:파이오니아 person:퀸 person:나유타 person:라푼젤,확정,event_goddessfall1,,"파이오니아와 나유타의 분신들의 공격은 수백 번 퀸에게 닿았지만 퀸은 모든 피해를 재생했다 — 파이오니아가 오랜 세월 지상 곳곳에 배치해 둔 원격 병기의 미사일 6000발에 뼈대만 남고도 다시 재생했고, 분신은 전멸했다"
F2312,사실,128,2025-10-30,event_goddessfall1,2,0,128,0,1,,,,,,138,2,,person:니힐리스타 person:나유타 person:퀸 concept:언체인드 person:요한 item:에덴의_창,확정,event_goddessfall1,,"나유타가 언체인드 탄환을 건네자 니힐리스타는 이것은 자기 선택이라며 탄환을 어금니로 깨물고 머리 둘 달린 붉은 용이 되어 퀸에게 돌진해 스스로 독잔이 되었다 — 퀸은 아이를 안듯 그녀를 끌어안아 몸 안에 들였고, 퀸의 재생이 멎어 파츠가 떨어져 나갔다 — 이어 요한이 쏜 에덴의 창도 명중했다"
F2313,사실,128,2025-10-30,event_goddessfall1,0,0,,0,1,,,,,,128,2,,person:나유타,확정,event_goddessfall1,,"나유타는 지상에 남은 분신들과 의식을 이어 '그대들의 목숨을 태우겠다, 모든 죄는 소인이 짊어지겠다'며 금색 입자로 불러들였다"
F2314,사실,128,2025-10-30,event_goddessfall1,0,0,,0,0,,,,,,128,1,,person:릴리바이스 person:퀸 person:마리안 person:파피용 person:도로시,확정,event_goddessfall1,,"릴리바이스의 모습을 한 '그것'이 마리안의 가슴을 꿰뚫어 코어를 뜯어냈다 — 파피용의 총은 통하지 않았고, 달려온 도로시는 릴리바이스는 죽었다며 '누구냐'고 묻다가 총을 쏘아 이마에 붉은 피 한 방울을 냈으며, 그것은 말없이 지평선 너머로 사라졌다"
F2315,사실,128,2025-10-30,event_goddessfall1,0,0,,0,2,,,,,,144,3,,person:요한 org:인헤르트 person:이사벨 person:하란 person:노아 person:마리안 person:라푼젤 person:홍련 person:나유타 person:스노우_화이트,확정,event_goddessfall1,,"요한에 따르면 인헤르트는 전멸했다 — 이사벨 · 하란은 전사, 노아는 뇌만 브레인 셸터에 있다 — 마리안은 코어를 잃어 혼수상태, 라푼젤은 두부 일부만 남아 뇌만 보관, 홍련은 대파되어 가장 위험하고, 나유타는 힘을 해방한 뒤 신체 강도가 높아져 중파, 스노우 화이트는 깨끗이 절단되어 곧 복귀한다"
F2316,사실,128,2025-10-30,event_goddessfall1,0,0,,0,0,,,,,,128,1,,person:스노우_화이트 person:릴리바이스 person:레드_후드 person:세실 person:요한 org:파이오니아,확정,event_goddessfall1,,"스노우 화이트는 언니(릴리바이스)에 대한 기억을 모두 되찾아 레드 후드와의 마지막 이별까지 떠올렸고, 지금 장비로는 언니를 이길 수 없다며 세실에게 무장을 청했다 — 세실은 요한이 언젠가 파이오니아와 힘을 합칠 날 선물하려고 준비한 전용 장비 · 무장 플랜이 있어 2주면 완성된다고 했다"
F2317,사실,128,2025-10-30,event_goddessfall1,0,0,,0,1,,,,,,138,2,J7,person:나유타 person:요한 person:세실 person:도로시 person:퀸 person:릴리바이스 place:방주,확정,event_goddessfall1,,"나유타는 퀸의 몸에서 나타난 릴리바이스가 진짜가 아니라 퀸이 릴리바이스의 바디를 강탈한 것이라며 방주와 손잡자 했지만 요한 · 세실은 거절했다 — 도로시는 방주가 신기술(에덴의 기술)에 취해 비밀리에 3차 지상 탈환전을 준비하며 자기가 바람을 넣고 있으니, 방주가 지상에 쏟은 힘으로 얻은 것을 빼앗자 했고 요한은 '더 최악'이라 했다"
F2318,사실,128,2025-10-30,event_goddessfall1,1,0,128,0,1,,,,,,128,2,J8,person:요한 person:나유타 person:지휘관,확정,event_goddessfall1,,"텅 빈 지상이 싫다는 나유타의 호소에 요한은 먼저 '그 녀석'(대협 · 지휘관)의 힘을 빌리고, 그가 협력하지 않거나 협력해도 승산이 없으면 방주의 힘을 빌리겠다며 그 녀석에겐 자기가 연락하겠다고 했다"
F2319,사실,128,2025-10-30,event_goddessfall1,0,0,,0,0,,,,,,128,1,,person:요한 person:도로시 person:스노우_화이트 org:인헤르트,확정,event_goddessfall1,,"요한은 도로시를 인헤르트와 에덴에서 제명하고 다시 찾아오지 말라 했다 — 스노우 화이트가 퀸이 언니의 몸을 빼앗아 모독한다며 지저분한 짓은 그만두고 함께 가자 했지만, 도로시는 '얼마 남지 않았다'며 날아갔다"
F2320,사실,128,2025-10-30,event_goddessfall1,0,0,,0,1,,,,,,144,2,J13,person:미러 person:퀸 person:마리안 person:나유타 concept:퀸_인자 concept:언체인드,확정,event_goddessfall1,,미러에 따르면 언체인드는 퀸의 본체만 붕괴시켰을 뿐이고 — 토커티브에게 한 거짓말(다음 바디)이 진짜가 되었다 — 퀸은 마리안의 인자를 흡수해 지배력이 비할 데 없어졌다 — 마리안은 유사 코어를 붙여 명줄을 잡을 수 있고 뇌가 남아 퀸 인자도 조금 남았다
F2321,사실,128,2025-10-30,event_goddessfall1,0,0,,0,0,,,,,,128,1,,person:미러 person:장화 person:홍련,확정,event_goddessfall1,,미러가 끼어든 장화를 실 끊긴 인형처럼 멈춰 세우고 자아가 너무 강해도 문제라 했다 — 그 직전 나유타는 홍련이 처음부터 새로 만들어야 할 상태라 했다
F2322,사실,128,2025-10-30,event_goddessfall1,0,0,,0,0,,,,,,128,1,,person:미러 person:나유타 person:퀸,확정,event_goddessfall1,,"미러는 마리안에게 승산이 없으면 언제든 퀸에게 돌아갈 수 있다 했고, 나유타의 제안대로 퀸 쪽에 붙어 최신 정보를 나유타에게 전하기로 했다 — 나유타는 분신이 아직 남아 늘 미러 주위에 있을 것이라 했다"
F2323,사실,128,2025-10-30,erelic:goddess_fall_mini,0,0,,0,0,,,,,,128,1,,place:에덴 person:세실 person:도로시 org:갓데스,확정,erelic:goddess_fall_mini,,"에덴은 지상에 오래 방치된 연구소 — 기반 동력원이 크고 건물 상태가 좋았다 — 를 세실이 살려 만든 것이다 — 그곳을 아는 도로시가 에덴을 만들자고 했고, 갓데스 시절 경험으로 아느냐는 세실의 물음은 피했다"
F2324,사실,128,2025-10-30,erelic:goddess_fall_mini,0,0,,0,0,,,,,,128,1,,place:에덴 person:도로시 org:갓데스,확정,erelic:goddess_fall_mini,,"도로시는 에덴을 갓데스의 위업을 이을 새 니케 스쿼드 · 새 무장 · 새 [낙원]의 기반으로 세웠고, 약함을 이용해 착취하는 자도 강함 때문에 희생하는 자도 없이 자력으로 생존할 힘을 지닌 '자격 있는 자들'만 머무는 낙원이라는 뜻으로 [에덴]이라 이름 지었다"
F2325,사실,128,2025-10-30,erelic:goddess_fall_mini,2,2,17,0,0,,,,,,128,2,J29,person:하란 place:방주,확정,erelic:goddess_fall_mini,,"하란은 승리의 여신을 동경해 지상 탈환에 나섰다가 코어가 반쯤 망가지자 동료들에게 랩쳐 앞의 미끼로 버려졌다 — 복수하려 찾아낸 동료들도 방주에 수없이 구조 요청을 보낸 단말기를 쥔 채 또 다른 미끼가 되어 죽어 있었고, 하란은 모두가 공평하게 방주에 버려진 희생양이며 모든 원인이 방주에 있다고 깨달았다"
F2326,사실,128,2025-10-30,erelic:goddess_fall_mini,0,0,,0,0,,,,,,128,1,,place:에덴 person:하란 person:도로시 person:요한 person:노아,확정,erelic:goddess_fall_mini,,"에덴에 들 니케는 도로시의 목숨을 건 시험을 거쳤다 — 하란은 시험을 통과한 첫 니케로 에덴에서 망가진 코어를 치료받고 대상을 부식시키는 가루(자기는 면역)를 다루는 낫과 까마귀를 받았으며, 노아를 시험해 통과시킨 것은 하란이다 — 도로시는 대가 없는 호의는 없다 했고 요한은 에덴을 위해 목숨을 걸되 약자를 위해 희생하는 강자는 없다 했다"
F2327,사실,128,2025-10-30,erelic:goddess_fall_mini,1,1,17,0,0,,,,,,128,2,,person:이사벨 place:방주 incident:2차_지상_탈환전,확정,erelic:goddess_fall_mini,,"사랑할 것을 위해 산다는 이사벨은 고향 방주와 동료들을 사랑했지만, 2차 지상 탈환전 실패 뒤 패잔병으로 다시 지상에 실려 올라가 죽어 가는 동료를 살리려 방주에 연락했다가 랩쳐의 첩자냐는 조롱 속에 거절당했다 — 그 사랑이 일방적이었음을 깨달은 이사벨은 살 의미를 잃었었다"
F2328,사실,128,2025-10-30,erelic:goddess_fall_mini,0,0,,0,0,,,,,,128,1,,person:하란 person:이사벨,확정,erelic:goddess_fall_mini,,"하란은 도로시의 시험을 이겨 낸 것은 다시 사랑하고 싶었다는 뜻이라며 이사벨에게 사랑할 존재를 다시 찾아보라 했고, 끝내 못 찾아 다시 죽고 싶어지면 고통 없이 끝내 주겠다고 약속했다 — 이사벨은 그러기로 했다"
F2329,사실,128,2025-10-30,erelic:goddess_fall_mini,0,0,,0,0,,,,,,128,1,,person:도로시 person:요한 person:하란 person:이사벨 org:갓데스,확정,erelic:goddess_fall_mini,,"에덴 초기의 훈련에서 도로시는 하란 · 이사벨에게 '예전에는' 동료들이 해 줬던 움직임을 요구하다가, 요한에게 네 머릿속에서 함께 싸우는 동료가 하란과 이사벨이 맞느냐는 지적을 받았다 — 둘은 같은 스쿼드 동료라며 도로시를 두둔했고, 도로시는 그 시절로 돌아갈 수 없다며 이 스쿼드로 반드시 성공하겠다고 다짐했다"
F2330,사실,128,2025-10-30,erelic:goddess_fall_mini,4,3,17,0,0,,,,,,128,4,J29,person:노아 person:하란,확정,erelic:goddess_fall_mini,,"노아는 다들 자기는 안 될 거라며 혼자 버려두고 갔던 과거 때문에 또 버려질까 주눅 들어 있었다 — 하란이 나약한 자기 앞에 오만한 자기를 방패로 세우라며 '지상 최강의 방패'로 오만하게 웃으라 가르쳐, 노아는 그날부터 키득거리며 오만하게 굴었다"
F2331,사실,128,2025-10-30,erelic:goddess_fall_mini,0,0,,0,0,,,,,,128,1,,place:에덴 person:도로시 person:세실,확정,erelic:goddess_fall_mini,,"에덴 스쿼드(도로시 · 하란 · 이사벨 · 노아)는 타일런트 랩쳐 5기 시뮬레이션을 피해 없이 끝내, 세실이 방주를 나올 때까지 방주의 정예 스쿼드도 낸 적 없는 기록을 세웠다 — 세실은 이제 정예 랩쳐 공략을 해 봐도 되겠다 했고, 도로시는 위업을 잇는 스쿼드를 정말 만들었다면서도 허전함을 느꼈다"
F2332,사실,128,2025-10-30,erelic:goddess_fall_mini,0,0,,0,1,,,,,,138,2,J16,person:세실 person:도로시 person:에닉 concept:페어리_테일,확정,erelic:goddess_fall_mini,,"세실은 에닉의 카운터로 쓸 인간 뇌 기반 A.I.를 만드는 프로젝트에 자기 뇌를 쓰겠다는 말을 듣고, 도로시의 도움으로 방주의 추적자들을 피해 탈출했다 — 그 빚으로 에덴에 함께했고, 숨겨진 기록에만 남은 페어리 테일 모델의 무장을 살펴 비슷한 수준의 무장을 만드는 데 흥미를 느꼈다"
F2333,사실,128,2025-10-30,erelic:goddess_fall_mini,1,0,128,0,0,,,,,,128,1,,person:세실 person:도로시 place:에덴,확정,erelic:goddess_fall_mini,,세실은 도로시가 세실 · 요한 · 하란 · 이사벨 · 노아를 목표를 위한 수단으로만 여기고 과거의 그녀들만 동료로 여긴다며 '언제까지 선 밖에서 지켜만 볼 거냐' 물었다 — 에덴의 룰은 에덴에 불이익이 없으면 서로의 결정에 참견하지 않는 것이다 — 도로시는 아직 미련이 남아 오래전 그날 그곳에 그어진 얇은 실선 하나조차 넘지 못했다고 혼잣말했다
F2334,사실,128,2025-10-30,erelic:goddess_fall_mini,1,1,35,0,1,,,,,,151,3,J8,person:요한 person:샛별 incident:2차_지상_탈환전 place:갱생관 org:중앙_정부,확정,erelic:goddess_fall_mini,,"요한의 꿈에 따르면 중앙 정부는 2차 지상 탈환전이 실패한 뒤에도 성과를 내라며 후퇴를 막았고, 실패를 총지휘관 샛별의 무모한 작전 탓으로 발표해 갱생관에 구속했다 — 갱생관을 탈출해 지상 엘리베이터로 가던 샛별은 '두둔하는 자도 쏘라'는 포위 속에 총격을 받았다"
F2335,사실,128,2025-10-30,erelic:goddess_fall_mini,1,1,126,0,0,,,,,,128,2,J8,person:세실 person:요한 place:아우터_림,확정,erelic:goddess_fall_mini,,"세실은 요한이 갱생관을 탈출하며 방주의 병력을 다 끌고 간 덕에 연구실을 빠져나와 아우터 림의 엘리베이터로 지상에 올랐고, 지상에서 죽을 만큼 다친 요한을 발견해 의료 시설도 없이 급히 기계 몸을 만들어 살렸다 — 요한은 그 바디를 이식했을 때 말고는 잠든 적이 없고, 세실에게 정기 바디 점검을 받는다"
F2336,사실,128,2025-10-30,erelic:goddess_fall_mini,0,0,,0,0,,,,,,128,1,,person:하란 person:요한 place:에덴 incident:2차_지상_탈환전,확정,erelic:goddess_fall_mini,,"하란에 따르면 도로시와 노아를 뺀 에덴의 모두는 2차 지상 탈환전 때문에 방주를 탈출해 만난 이들이다 — 2차 탈환전에 자기 책임도 있다며 원망하지 않느냐는 요한에게, 하란은 요한도 방주가 부려먹다 버린 '영웅이라는 이름의 사냥개'이자 희생양이라 원망하지 않는다 했다"
F2337,사실,128,2025-10-30,erelic:goddess_fall_mini,0,0,,0,0,,,,,,128,1,J8,item:에덴의_창 person:퀸 place:궤도_엘리베이터 place:에덴 person:세실 person:요한,확정,erelic:goddess_fall_mini,,"에덴의 창은 우주(천외)의 랩쳐 퀸을 치려고 만든 것이다 — 세실에 따르면 퀸이 사라지지 않는 한 랩쳐는 무한히 생산되는데, 2차 지상 탈환전에서 드러났듯 퀸에게 가려면 수많은 랩쳐가 깔린 궤도 엘리베이터를 거쳐야 해, 소수 정예인 에덴은 멀리서 저격하고 저격을 방해하러 오는 것은 정예 니케가 치기로 했다"
F2338,사실,128,2025-10-30,erelic:goddess_fall_mini,0,0,,0,0,,,,,,128,1,,person:요한 person:도로시 person:하란 person:이사벨 person:노아 place:에덴 concept:지상_탈환,확정,erelic:goddess_fall_mini,,"에덴의 창이 완성되자 도로시는 퀸과 싸울 각오가 없으면 에덴에게 받은 것을 모두 돌려놓고 떠나라 했지만 모두 남았다 — 요한은 너희는 승리의 여신이 아니고 자기도 영웅이 아니며 더는 인류를 위해 싸우지 않는다며, 아무도 알아주지 않는 영광 없는 승리라도 수단과 방법을 가리지 않고 우리 손으로 지상 탈환을 이루자고 출격했다"
F2339,사실,128,2025-10-30,erelic:goddess_fall_mini,0,0,,0,0,,,,,,128,1,,person:하란 person:이사벨 person:노아 person:세실,확정,erelic:goddess_fall_mini,,"하란 · 이사벨 · 노아는 에덴 구석의 CCTV에 미래의 자신들에게 남기는 말을 녹화했다 — 하란은 퀸 저격에 성공해 랩쳐를 몰아낸 지상의 낙원에서 행복하게 살자 했고, 이사벨은 미래의 사랑에게 영원히 함께하자 했다 — 그들이 죽은 뒤 이 기록을 본 세실은 남긴 말을 기억하고 그들의 꿈을 이어 가겠다 했다"
F2340,사실,128,2025-10-30,char:223,0,0,,0,0,,,,,,128,1,,person:나유타,확정,char:223,,나유타는 자기가 아주 오래전 사람이라 지상이 건물 · 사람 · 자동차로 가득 찬 도시들로 이어져 있던 옛 세계를 기억한다고 했다 — 그래서 지금의 텅 빈 지상 풍경이 못나고 가슴이 죄어든다고 했다
F2341,사실,128,2025-10-30,char:223,0,0,,0,0,,,,,,128,1,,person:나유타 person:지휘관 org:파이오니아,확정,char:223,,"나유타는 파이오니아에게 들은 지휘관 이야기를 믿지 않아 직접 눈으로 확인하려 했고(떠돈 까닭 중 하나), 시험해 보니 상상 이상이라 했다 — 지휘관의 방식은 옳지만 올바른 방식은 비효율적이라, 기회가 한 번뿐이고 걸린 것이 세상이라면 이야기가 다르다며 목표는 지휘관과 같고 방식은 다를 수 있다고 했다"
F2342,사실,128,2025-10-30,char:331,0,0,,0,0,,,,,,128,1,,person:차임 person:크라운,확정,char:331,,"차임은 무엇인지도, 있는지조차도 모를 보물을 찾지 못하면 죽겠다고 생각할 만큼 필사적으로 찾아다녔다 — 왜 그랬는지는 잘 기억나지 않지만, 찾아낸 것은 목숨을 바쳐도 좋을 만큼 소중한 크라운이었다"
F2343,사실,128,2025-10-30,char:331,0,0,,0,0,,,,,,128,1,,person:차임 person:마리안 person:지휘관,확정,char:331,,"차임에 따르면 마리안은 지휘관을 많이 보고 싶어 했지만 지금은 나름대로 마음을 잡았다 — 차임은 지휘관이 마리안을 얼마나 소중히 여기는지 마리안에게 전해 주기로 했고, 스노우 화이트가 마리안을 왕국에 데려온 때부터의 이야기를 지휘관에게 들려주었다"
F2344,사실,129,2025-11-06,char:262,0,0,,0,0,,,,,,129,1,,person:리버렐리오 person:지휘관,확정,char:262,,"리버렐리오는 보지 않고 소리만 듣고 상대를 따라가며 심장 소리로 두려움 · 긴장을 읽는다 — 듣고 싶지 않은 것까지 들린다는 그는 지휘관의 심장 소리를 가까이 듣다 깊은 심해처럼 고요해 평온해져 잠들었고, 편안하지만 위험하다고 했다"
F2345,사실,129,2025-11-06,char:262,0,0,,0,0,,,,,,129,1,,person:리버렐리오 person:지휘관 concept:헬레틱,확정,char:262,,"리버렐리오는 대화로 좋은 결과를 낸 적도 본 적도 없고 헬레틱은 관계를 개선하려 대화하지 않는다며, 이상향은 현실에 없으니 타협하라 했다 — 반드시 해내겠다는 지휘관에게 묘한 힘을 느낀 그는 지휘관이 정말 다른 결과를 내는지 지켜보겠다 했고, 원하는 결과를 보면 생각을 바꾸겠다고 약속했다"
F2346,사실,130,2025-11-20,fl:blank_ticket,0,0,,0,0,,,,,,130,1,,person:노라 place:방주,확정,fl:blank_ticket,,"방주의 노인 노라는 세계 여행이 삶의 전부였던 인간으로, 랩쳐('외계인') 침공 때 잠시 지낼 생각으로 방주에 들어왔다가 몇십 년 동안 지상에 돌아가지 못했다 — 늦게야 못 나간다는 걸 알았을 땐 니케가 되기엔 나이가 너무 들었고, 젊었을 때는 지휘관 자격이 남자뿐이었다 — 손재주로 옷 가게를 해 왔고, 가게를 정리하던 중이었다"
F2347,사실,130,2025-11-20,fl:blank_ticket,0,0,,0,1,,,,,,131,2,,person:노라 person:솔린,확정,fl:blank_ticket,,"노라는 지상에서 눈을 감는 것이 꿈이라 지상에 쉽게 나가는 니케를 질투해 싫어했고, 열차가 자기를 목적지에 데려다주지 않을까 하는 마지막 발악으로 며칠 동안 막차 끝 칸에 남아 있었다 — 솔린은 아무도 없는 열차에서 창밖을 보던 노라의 슬픈 눈 때문에 그녀를 찾아다녔고, 둘은 친구가 되었다"
F2348,사실,130,2025-11-20,fl:blank_ticket,0,0,,0,1,,,,,,131,2,,person:솔린 person:노라 org:인피니티_레일,확정,fl:blank_ticket,,"솔린은 노라에게 목적지가 빈 AZX 티켓을 선물하며 — AZX는 원래 지상에서 운행할 수 있게 만들어진 열차다 — 올라갈 수 있는 날이 오면 목적지를 써 달라, 반드시 데려다주겠다고 약속했다 — 노라는 솔린에게 직접 지은 밝은 제복을 주었다"
F2349,사실,130,2025-11-20,fl:blank_ticket,0,0,,0,0,,,,,,130,1,,org:인피니티_레일 person:잉그리드 person:브리드 person:디젤 org:중앙_정부,확정,fl:blank_ticket,,"지상에서 멀쩡하고 길게 이어진 선로가 발견되어 AZX가 지상으로 출격하기로 했다 — 잉그리드가 인피니티 레일을 불러 며칠을 논의했고, 비교적 안전한 구역이라 앱 추첨으로 뽑은 소수의 시민(부상 · 사망 책임을 묻지 않는 데 동의)도 함께 간다 — 중앙 정부의 힘으로 지상이 안전해지고 있음을 보여 여론을 좋게 하려는 것이다"
F2350,사실,130,2025-11-20,fl:blank_ticket,0,0,,0,0,,,,,,130,1,,person:노라,확정,fl:blank_ticket,,노라는 솔린이 준 티켓의 비어 있던 목적지에 [TERMINUS]라 쓰고 '정말 돌아가자'고 했다 — 그곳에서 누군가 계속 기다리진 않았겠지만 확인하고 싶을 뿐이라 했다
F2351,사실,131,2025-12-04,fl:terminus_ticket,0,0,,0,0,,,,,,131,1,,org:인피니티_레일 person:노라 person:율리아 person:네로 person:시그널 person:메어리 person:지휘관 place:지상,확정,fl:terminus_ticket,,"AZX의 지상 운행은 공식적으로 민간인을 데리고 지상에 오른 첫 임무였다 — 민간인 3명을 추첨했지만 둘이 탑승권을 포기해 노라 혼자 탔고, 인피니티 레일과 율리아(열차 내 심리 안정) · 네로(지상 동물 안내) · 시그널(정차 시 정찰 · 경계) · 메어리(부상자 케어), 지휘관이 함께했다 — 임무는 [전원 무사 복귀]였다"
F2352,사실,131,2025-12-04,fl:terminus_ticket,0,0,,0,0,,,,,,131,1,,org:인피니티_레일 place:지상,확정,fl:terminus_ticket,,"AZX는 AZX 전용 엘리베이터로 지상에 오르는 지상용 단독 부상열차로, 자동 방어 시스템으로 웬만한 랩쳐 무리는 들이받아 돌파하고, 좌석마다 충격을 막는 실드(안착 프레임)가 있다"
F2353,사실,131,2025-12-04,fl:terminus_ticket,1,1,130,0,0,,,,,,131,2,,person:노라 person:메어리,확정,fl:terminus_ticket,,"지상에 오른 노라는 사슴 인형을 부모 사슴의 사체로 여겨 묻고 사막의 신기루 속 사람을 쫓는 등 환각을 보았고, 모래 폭풍에 정신을 잃은 뒤로는 기억이 끊겼다 돌아오기를 되풀이했다 — 메어리는 뇌에 문제가 생겼다고 보았지만 열차 의무실로는 병명을 알 수 없었고, 방주로 돌아가야 한다는 절망이 상태를 급격히 나쁘게 했다"
F2354,사실,131,2025-12-04,fl:terminus_ticket,3,1,130,0,0,,,,,,131,2,,person:노라 person:루시안,확정,fl:terminus_ticket,,"고아였던 노라에게는 어릴 적부터 알고 지내며 노라를 가족처럼 여긴 루시안이 있었다 — 루시안은 노라에게 청혼했고(노라는 사귀는 것부터 하자 했다), 노라가 여행을 떠날 때마다 같은 자리에서 기다렸다 — 진지하게 할 말이 있다며 레스토랑을 예약해 둔 날 떠난 여행이 노라가 루시안을 본 마지막이었다 — 노라는 결혼하지 못했고 루시안을 하나뿐인 가족이라 불렀다"
F2355,사실,131,2025-12-04,fl:terminus_ticket,1,1,14,0,0,,,,,,131,2,,person:디젤 person:브리드 person:솔린 person:노라 org:인피니티_레일,확정,fl:terminus_ticket,,"노라의 상태가 계속 나빠지자 디젤은 노라가 브리드에게 알려 준 지상 시절 집 주소를 좌표로 바꿔, 일행은 원래 계획한 선로를 벗어나 닷새 거리의 노라의 집으로 향하기로 했다 — 그 이야기를 엿듣고 설산 절벽에서 내리려던 노라는 그 말을 듣고 조금만 더 살아 보겠다 했다"
F2356,사실,131,2025-12-04,fl:terminus_ticket,2,1,130,0,0,,,,,,131,2,J58,person:노라 person:루시안 person:솔린 person:디젤 person:브리드 person:지휘관 place:지상,확정,fl:terminus_ticket,,"노라가 티켓에 쓴 종착역(TERMINUS)은 따뜻한 지역의 꽃밭 속, 노라의 집 앞에 있던 기차역이었다 — 도착한 노라는 그곳에서 자기를 기다렸다는 루시안의 환영을 보고 오열했고, 마지막까지 함께해 자기와 루시안의 영혼을 같이 보내 달라고 부탁한 뒤 숨을 거두었다 — 일행은 꽃밭에 일기장과 노라를 묻고 도착 닷새 만에 방주로 돌아갔다"
F2357,사실,133,2025-12-30,fl:ark_guardian,0,0,,1,1,,,,,,143,3,,person:세실 person:스노우_화이트 person:홍련 person:라푼젤 person:노아 place:에덴 place:방주 org:3대_기업 person:지휘관 item:브레인_셸터,확정,fl:ark_guardian,,"퀸 공략전 뒤 세실은 스노우 화이트의 바디를 완전히 수리 · 개량했지만 홍련 · 라푼젤은 뇌만 브레인 셸터에 남아 바디를 고칠 수 없다 — 에덴은 만들어진 바디를 개조 · 수리할 뿐 니케 제작 기술이 없어(3대 기업이 쥐고 있어 M.M.R. 연구원이던 세실은 가져오지 못했다), 에덴으로 오는 지휘관을 통해 방주에 기술 양도를 요구하기로 했다"
F2358,사실,133,2025-12-30,fl:ark_guardian,2,2,55,0,1,,,,,,133,2,J6,person:릴리바이스 person:도로시 org:중앙_정부,확정,fl:ark_guardian,,"릴리바이스의 바디는 단기 결전용으로 만들어져 전쟁이 길어지자 한계가 왔다 — 중앙 정부 본부 리페어 센터에서 길어야 반년(격하게 움직이면 더 짧다), 다른 방법은 없다는 진단을 받았고, 릴리바이스는 이를 동료 가운데 도로시에게만 알렸다"
F2359,사실,133,2025-12-30,fl:ark_guardian,0,0,,0,0,,,,,,133,1,,place:방주 incident:아크_가디언_작전 org:갓데스 person:릴리바이스,확정,fl:ark_guardian,,"패배를 인정한 인류는 지하 도시 방주로 숨기로 했다 — 방주는 5차에 걸쳐 밀봉되어 그 뒤로는 안에서도 밖에서도 열리지 않고, 마지막 밀봉까지 갓데스를 주축으로 입구를 지키는 방위 작전이 [아크 가디언]이다 — 물자용 입구는 수십 개지만 사람용 입구는 선별을 위해 하나뿐이고, 밀봉 뒤 찾아오는 이와 지상에 남은 이는 버린다"
F2360,사실,133,2025-12-30,fl:ark_guardian,0,0,,0,0,,,,,,133,1,,person:오스왈드 org:중앙_정부 place:방주 org:갓데스 incident:아크_가디언_작전,확정,fl:ark_guardian,,"방주 밀봉의 총책임자는 상부 명령이면 지저분한 일도 거부하지 않아 [헬하운드]로 불린 중앙 정부 특무실장 오스왈드였다 — 방주에 들어갈 수 있는 사람은 전체 인구의 한 자릿수 % 아래라 인류 대부분을 버리는 결정을 내려야 했고, 갓데스가 아크 가디언에 함께한다는 사실만이 그를 버티게 했다"
F2361,사실,133,2025-12-30,fl:ark_guardian,0,0,,0,2,,,,,,142,2,,person:프리시아 person:오스왈드 person:레드_후드 place:방주,확정,fl:ark_guardian,,"레드 후드가 구해 준 고아 프리시아가 보호자 동의서를 내밀자 오스왈드는 서명 · 날인해 사실상 입양했고, 프리시아는 레드 후드가 사인한 장갑을 그에게 주었다 — 3차 밀봉의 마지막 엘리베이터에서 오스왈드는 '자주 보진 못할 것'이라며 프리시아와 함께 방주로 내려갔다"
F2362,사실,133,2025-12-30,fl:ark_guardian,1,0,133,0,0,,,,,,133,1,,concept:헬레틱 org:갓데스 person:라푼젤 person:도로시 person:홍련 person:릴리바이스 person:아나키오르,확정,fl:ark_guardian,,2차 밀봉 전투 뒤 니케 모습에 검은 갑주를 두른 헬레틱 다섯(부유 · 빔 폭격 · 자가 수복 · 전술 이해)이 방주 입구를 습격했다 — 갓데스가 전멸시켰지만 라푼젤 · 도로시 · 홍련이 크게 다치고 지휘관은 옆구리를 꿰뚫려 내장을 다쳤다 — 지휘관은 이를 랩쳐의 신병기 [양산형 헬레틱]이라 했다
F2363,사실,133,2025-12-30,fl:ark_guardian,1,0,133,0,1,,,,,,143,2,J4,concept:언체인드 concept:머신_메사이어 org:V.T.C. person:엔더슨 concept:NIMPH concept:헬레틱 person:아나키오르,확정,fl:ark_guardian,,"V.T.C. 여사제에 따르면 언체인드는 갓데스 지휘관의 혈액에서 뽑을 수 있는, NIMPH와 헬레틱의 몸(나노머신)을 붕괴시키는 물질로 오래전 [머신 메사이어] 프로젝트의 일환이다 — 지휘관의 피(내장을 꿰뚫은 팔)에 노출된 양산형 헬레틱이 재생 능력을 잃고 바스러졌고, 포획한 아나키오르에게 투입해 진짜임을 확인했다"
F2364,사실,133,2025-12-30,fl:ark_guardian,2,1,19,0,1,,,,,,137,3,J5,org:V.T.C. person:엔더슨 concept:언체인드 org:갓데스,확정,fl:ark_guardian,,V.T.C. 여사제는 내장 상당 부분을 덜어내 앞으로 정상적인 삶이 어려워진 갓데스의 지휘관을 최상부(성하)의 허가로 실험실에 가둬 피를 뽑아 언체인드를 양산하려 했다 — 갓데스를 신앙보다 위에 둔 V.T.C. 신도 중앙 정부 소대장이 여사제를 죽이고 지휘관을 탈출시킨 뒤 추격대를 막으러 갔다
F2365,사실,133,2025-12-30,fl:ark_guardian,0,0,,0,0,,,,,,133,1,,org:V.T.C. org:중앙_정부 place:방주 org:갓데스 incident:아크_가디언_작전,확정,fl:ark_guardian,,"V.T.C. 여사제에 따르면 주요 인원은 1차 밀봉 때 이미 방주로 내려갔고 방주 유지에는 그 인원으로 충분해, 랩쳐가 헬레틱 양산을 시작하자 중앙 정부 · V.T.C.는 공식 발표 없이 밀봉을 5차가 아닌 3차로 끝내기로 했다 — 이미 스펙으로 페어리 테일 모델 턱밑까지 쫓아간 세대가 완성되어 갓데스를 잃어도 괜찮다고 했다"
F2366,사실,133,2025-12-30,fl:ark_guardian,0,0,,0,0,,,,,,133,1,,place:방주 org:V.T.C. person:엔더슨 concept:랩쳐,확정,fl:ark_guardian,,"갓데스의 지휘관은 넓고 기술 수준 높은 지하 도시 방주가 랩쳐 침공 뒤 몇 년 만에 거의 다 지어진 것을 보고, V.T.C.가 말도 안 되는 기술을 가졌거나 랩쳐 침공을 오래전부터 예견했다고 의심했다 — 여사제는 '증거 없는 억측'이라 했다"
F2367,사실,133,2025-12-30,fl:ark_guardian,0,0,,0,0,,,,,,133,1,,org:갓데스 person:도로시 person:스노우_화이트 person:릴리바이스 person:엔더슨 concept:양산형_니케 place:방주,확정,fl:ark_guardian,,"3차 밀봉으로 끝난다는 것을 안 갓데스는 지상에 남아 뒤늦게 방주 입구를 찾는 사람 · 니케를 지키다 2주 동안 아무도 오지 않으면 그들과 함께 방주로 내려가기로 했다 — 그때만 입구를 열도록 지휘관 · 릴리바이스가 밑작업을 하고, 지휘관은 도로시가 청한 보상(승리의 여신으로 추앙받는 것)을 약속했다 — 양산형 니케들도 위험을 알고 전원 남았다"
F2368,사실,133,2025-12-30,fl:ark_guardian,1,1,36,0,0,,,,,,133,2,,person:릴리바이스 person:스노우_화이트 org:갓데스,확정,fl:ark_guardian,,릴리바이스의 이름은 하얀 꽃 릴리바이스(꽃말: 순수한 사랑과 희생)에서 따왔다 — 3차 밀봉 전 스노우 화이트가 오래전 찾아 둔 방주 근처의 하얀 꽃밭에 갓데스가 함께 갔다
F2369,사실,133,2025-12-30,fl:ark_guardian,1,1,115,0,0,,,,,,133,2,J6,place:승리의_날개_호 person:스노우_화이트 concept:스톰_브링어 org:V.T.C. org:중앙_정부,확정,fl:ark_guardian,,"갓데스의 전용 이동 기지였던 무장 비행선 승리의 날개 호(V.T.C. · 중앙 정부가 절반씩 소유, 스노우 화이트가 설계에 크게 관여)는 3차 밀봉 때 방주로 옮길 예정이었지만, 스노우 화이트가 양산형 니케 20명가량과 몰고 나와 3차 밀봉 전투에 참전했다 — 스톰 브링어 20기 이상에 둘러싸이자 그것들을 끌고 전장을 벗어났고, 그 끝에 추락했다"
F2370,사실,133,2025-12-30,fl:ark_guardian,0,0,,0,0,,,,,,133,1,,concept:사고_전환 concept:NIMPH concept:니케,확정,fl:ark_guardian,,"사고 전환은 극도의 스트레스로 니케의 머리가 망가지는 것으로 알려졌지만, 실상은 극한 상황을 벗어나려 NIMPH가 뇌의 정보 · 감정을 그 상황에 필요한 것만 남기고 극대화해 재조립하는 것이다 — 대부분은 정보가 꼬여 광인처럼 되지만 극히 일부는 기적적으로 아귀가 맞는다"
F2371,사실,133,2025-12-30,fl:ark_guardian,1,0,133,0,0,,,,,,133,1,,person:스노우_화이트 concept:사고_전환 person:릴리바이스 person:레드_후드,확정,fl:ark_guardian,,추락한 승리의 날개 호 곁에 홀로 남은 스노우 화이트는 사고 전환을 겪어 두려움 · 동료들과의 추억 · 지휘관 · 레드 후드 · 릴리바이스에 대한 정보를 버리고 삶의 목표를 '살아서 랩쳐를 죽인다'로 다시 세웠다 — 랩쳐 파츠로 몸을 이어 돌아온 그녀는 숨진 릴리바이스가 누구인지 몰랐지만 눈물을 흘렸다
F2372,사실,133,2025-12-30,fl:ark_guardian,1,0,133,0,0,,,,,,133,1,,person:홍련 concept:사고_전환 person:장화,확정,fl:ark_guardian,,"홍련은 양산형 헬레틱을 베지 못하다 언니 장화를 떠올리며 가벼운 사고 전환을 겪었다 — 기억은 모두 남은 채 불같던 마음이 사그라들고, 약점을 정확히 노리는 검의 극의에 가까워져 양산형 헬레틱을 홀로 베었다"
F2373,사실,133,2025-12-30,fl:ark_guardian,9,8,5,0,1,,,,,,154,10,J5,person:엔더슨 person:릴리바이스 org:갓데스 place:방주,확정,fl:ark_guardian,,"갓데스의 지휘관은 엔더슨이다 — 3차 밀봉 전투 끝에 쓰러진 그를 릴리바이스가 주요 인사용 엘리베이터에 태워 방주로 보냈고, 함께 죽겠다며 버티는 엔더슨에게 지상에 버려질 동생들을 책임지고 구해 달라 했다 — 둘은 서로 사랑한다고 고백하며 헤어졌고, 그때 엔더슨의 군번줄이 전장 바닥에 떨어졌다"
F2374,사실,133,2025-12-30,fl:ark_guardian,1,0,133,0,0,,,,,,133,1,,person:릴리바이스 person:도로시 person:홍련 org:갓데스,확정,fl:ark_guardian,,"릴리바이스는 3차 밀봉 전투에서 피를 쏟으면서도 양산형 헬레틱 둘을 홀로 잡고 엔더슨을 방주로 보낸 뒤, 사고 전환을 겪은 동생들이 남은 헬레틱을 정리하는 모습을 보며 벽에 기대 미소 지은 채 숨을 거두었다 — 도로시가 홍련에게 관을 부탁했고 홍련은 가장 하얗고 예쁜 돌로 만들겠다고 했다"
F2375,사실,133,2025-12-30,fl:ark_guardian,4,2,19,0,0,,,,,,133,3,J6,org:중앙_정부 org:갓데스 org:V.T.C. person:에닉 person:엔더슨 person:라푼젤 person:레드_슈즈 person:오스왈드,확정,fl:ark_guardian,,"중앙 정부의 아크 가디언 후속 회의록은 돌아온 갓데스가 신격화로 중앙 정부를 넘어설 위험이 크다며, 밀봉 마무리를 맡긴 뒤 배신자 2세대처럼(랩쳐 내통 혐의 등) 정치 · 사회적으로 말살해 평생 자택 연금하자고 결론 냈다 — 무력 처단엔 에닉이 비협조적이었고, 엔더슨은 V.T.C.가 혼수상태로 두며 같은 엘리베이터의 목격자들은 처분되었다"
F2376,사실,133,2025-12-30,fl:ark_guardian,0,0,,0,3,,,,,,144,3,,person:오스왈드 org:갓데스,확정,fl:ark_guardian,,"회의록을 본 오스왈드는 구역질이 나는 자기 [계획]을 결심했다 — 갓데스는 영원히 우상으로 남아야 한다며, 갓데스 첫 출진 기념 사진에 '인류를 위해 싸워준 갓데스 스쿼드에게 감사를'이라 경례했다"
F2377,사실,133,2025-12-30,fl:ark_guardian,3,0,133,1,0,,,,,,144,2,,person:미러 person:리버렐리오 person:퀸 concept:헬레틱 person:아나키오르,확정,fl:ark_guardian,,"미러는 양산형 유사 인간(니케)으로 만든 헬레틱이 소체 · 자아 완성도가 떨어져 그 계획을 폐기하기로 하고, 자아가 강한 유사 인간으로 만드는 헬레틱 — 어머니가 설계한 두 번째 작품이자 저 위에 홀로 떠도는 어머니에게 [머리]를 안겨 줄 리버렐리오 — 의 탄생을 기다렸다"
F2378,사실,133,2025-12-30,fl:ark_guardian,0,0,,0,0,,,,,,133,1,,person:오스왈드 person:아나키오르 person:레드_슈즈 person:에이브 incident:아크_가디언_작전,확정,fl:ark_guardian,,"오스왈드는 아크 가디언 중 아나키오르가 헬레틱 연구소로 옮겨지고 2세대가 배신자 혐의로 조사받는다는 보고에 석연찮아했고, 아나키오르의 탈주와 레드 슈즈의 사망 보고를 받자 인류의 배신자가 있을지 모른다며 2세대를 모아 아나키오르를 추적하기로 했다"
F2379,사실,134,2026-01-01,char:471,0,0,,0,0,,,,,,134,1,,person:스노우_화이트 concept:사고_전환 person:세실 person:릴리바이스 incident:아크_가디언_작전,확정,char:471,,"세실의 분석에 따르면 스노우 화이트는 큰 사고 전환을 두 번, 작은 것을 여러 번 겪었고 큰 것을 두 번 겪고도 지금 상태인 것은 이례적이다 — 첫 번째는 아크 가디언 작전에서 왔고 방주 밀봉 뒤 기억 일부를 되찾아 늦게나마 언니에게 인사했으며, 두 번째는 갓데스의 작별 뒤 떠돌다 다시 찾은 언니의 머리가 사라진 것을 보았을 때 왔다"
F2380,사실,135,2026-01-15,fl:sin_editor,0,0,,0,0,,,,,,135,1,,person:레이블 org:베스트셀러 concept:기억_소거 place:방주 concept:퍼펙트,확정,,,"베스트셀러의 세 번째 멤버 레이블은 도서관 깊은 곳 방에서 보고서를 정리 · 취합해 통계를 낸다고 알려졌지만, 실제로는 방주 유지에 해가 될 정보 — 사망 · 부상자 수, 물자 수급량 같은 부정적 수치 — 를 고쳐 언론에 내보내며(정전 · 퍼펙트 이상 · 랩쳐 침입 보도에도 관여), 작업 뒤 늘 기억 소거를 받는다"
F2381,사실,135,2026-01-15,fl:sin_editor,0,0,,0,0,,,,,,135,1,,person:지휘관 person:레이블 org:자원_채집_부대 concept:양산형_니케,확정,,,지휘관의 최근 자원 회수 임무는 목표의 반도 채우지 못했는데 뉴스에는 '자원 회수 작전 지휘관 전원이 목표치 90% 이상 확보'로 나왔다 — 레이블이 정리한 다른 보고서에서도 지휘관 사망 확률 70%인 첫 작전에서 양산형 니케 30명 넘게 죽은 일이 '부상 3 · 사망 0'으로 바뀌었다
F2382,사실,135,2026-01-15,fl:sin_editor,0,0,,0,0,,,,,,135,1,,person:잉그리드 person:에닉 person:레이블 person:지휘관,확정,,,"잉그리드에 따르면 레이블의 정보 조작은 에닉의 요청이다 — 방주에 들어오는 정보를 그대로 내보내면 시민의 멘탈 컨디션에 지대한 영향을 줄 것이라는 판단이며, 잉그리드는 이를 안 지휘관의 일을 '이미 방주를 뒤흔들 비밀을 수십 가지 안다'며 불문에 부쳤다"
F2383,사실,135,2026-01-15,fl:sin_editor,1,1,111,0,2,,,,,,135,2,,person:레이블 person:아르카나 person:팬텀 person:에닉 org:베스트셀러 concept:기억_소거,확정,,,"레이블 · 아르카나 · 팬텀은 한날한시에 처음 만나 사진을 찍었는데, 정보 조작 업무를 받고 힘들어하던 레이블이 둘을 믿고 방에 들여 일을 알려 주자 에닉은 셋을 판결해 아르카나 · 팬텀은 기억 소거, 레이블은 재발 방지를 위해 기억을 지닌 채 '현상 유지'하게 했다 — 레이블은 그 기억을 벌로 짊어지고 둘을 피해 다녔다"
F2384,사실,135,2026-01-15,fl:sin_editor,0,0,,0,0,,,,,,135,1,,person:레이블 person:지휘관,확정,,,"니케가 되기 전 기억이 없는 레이블은 밖이 무서워 방에 스스로를 가두고 지냈는데, '방주의 영웅'이라는 지휘관의 기사를 보고 모든 정보를 뒤져 그를 조사하며 자기를 꺼내 줄 '구원'을 몇 해 동안 기다렸다 — 지휘관의 연락처도 알았다"
F2385,사실,135,2026-01-15,fl:sin_editor,0,0,,0,0,,,,,,135,1,,person:레이블 person:아르카나 person:팬텀 person:지휘관 org:베스트셀러,확정,,,"지휘관은 레이블이 짊어진 짐과 이름 없이 사라진 희생 앞에 고개 숙여 방주를 지켜 줘서 고맙다고 했고, 용기를 낸 레이블이 아르카나 · 팬텀에게 다가가자 둘은 고맙다며 손을 내밀어 셋이 다시 모였다"
F2386,사실,135,2026-01-15,fl:sin_editor,0,0,,0,0,,,,,,135,1,,place:방주 person:잉그리드 person:지휘관 org:자원_채집_부대,확정,,,"레이블의 협력으로 모은 방주 초기부터의 자료에 따르면 지휘관들의 자원 수집량은 목표치에 턱없이 모자랐다 — 잉그리드에 따르면 방주는 생긴 날부터 전기 · 식량 밖의 자원을 지상에서 수급해 왔지만 지상 작전 성공률이 희박해 수급량이 형편없고, 아주 초기에 가져온 여분 자원으로 버텨 왔다 — 지휘관은 방주가 얼마 남지 않았다고 보았다"
F2387,사실,136,2026-01-29,fl:fatal_maid,0,0,,0,0,,,,,,136,1,,person:벨벳 org:메이드_포_유 person:코코아 person:에이드 person:지휘관,확정,fl:fatal_maid,,"코인 러시 뒤 지휘관 소속이 되어 메이드 포 유에 들어온 벨벳은 코코아에게 메이드 일을 배워 메이드 카페 방주 지점 이벤트에 나섰고, 손님과 디저트를 나눠 먹는 과격한 접객으로 지명률 85%를 기록했다 — 그 접객은 정보를 캐러 온 요원들을 견제하려는 겸사이기도 했다"
F2388,사실,136,2026-01-29,fl:fatal_maid,1,0,136,0,1,,,,,,136,1,,person:벨벳 org:쉐이드 person:머스탱,확정,fl:fatal_maid,,"메이드 카페에 도청기 · 카메라를 심은 요원들은 '쉐이드의 모든 정보를 수집하라'는 지령을 받았다 — 벨벳에 따르면 자기는 머스탱이 옛날 벌인 [나쁜 짓]을 낱낱이 아는 사람 중 하나라 머스탱의 적들에게 쓸모가 있어 노려지며, 머스탱은 마음만 먹으면 쉐이드 원들을 없던 존재로 만들 수 있었지만 그러지 않아 자기가 살아 있다"
F2389,사실,136,2026-01-29,fl:fatal_maid,2,2,122,0,0,,,,,,136,2,J24,person:벨벳 org:쉐이드 person:지휘관,확정,fl:fatal_maid,,쉐이드 해체 뒤 벨벳을 쫓던 것은 몇 번이나 벨벳을 잡을 뻔한 '진짜'들이었다 — 벨벳이 요란하게 지휘관 아래로 들어간 것은 그들이 벨벳의 가치와 지휘관과 척지는 리스크를 저울질해 몸을 사리게 하려는 유도였다
F2390,사실,136,2026-01-29,fl:fatal_maid,1,0,136,0,3,,,,,,154,2,,person:벨벳 org:쉐이드 org:메이드_포_유,확정,fl:fatal_maid,,"메이드 카페에 요원들을 보낸 배후는 코인 러시의 타겟이던 [푸른내일지속가능기획지원사무국] 국장이었다 — 벨벳이 데려가 창고에 이틀 묶어 둔 그는 경호원들로 카페를 점거하고, 벨벳이 도청 · 여론조작 · 암살 · 납치를 했고 살려고 스쿼드를 팔아먹었다고 폭로하며 함께 방주를 먹자고 했지만 벨벳은 '재미없을 것 같다'며 거절했다"
F2391,사실,136,2026-01-29,fl:fatal_maid,0,0,,0,1,,,,,,154,2,,person:코코아 person:벨벳 org:메이드_포_유,확정,fl:fatal_maid,,"코코아의 작전대로 코코아를 아끼는 단골 손님들 — 격투 대회 챔피언, 세무 공무원, 국장의 뒷배(브라이언)의 감사를 아는 공무원 — 이 국장의 불건전한 재무와 비리를 짚으며 막아서자 국장과 경호원들은 달아났다 — 벨벳은 손님들 신상을 미리 파악해 두었다"
F2392,사실,136,2026-01-29,fl:fatal_maid,1,0,136,0,0,,,,,,136,1,,person:벨벳 person:코코아,확정,fl:fatal_maid,,"벨벳에 따르면 옛날 코코아처럼 분홍 머리인 여자아이가 있었는데 손재주 · 몸놀림과 남을 속이는 '악마의 재능'이 있었고, 그 재능은 니케가 되며 완성되었다 — 벨벳은 비밀 요원이 되고 싶은 코코아에게 자기와만 하고 다른 사람을 따라가지 말라고 약속시켰다"
F2393,사실,136,2026-01-29,fl:fatal_maid,0,0,,0,0,,,,,,136,1,,person:벨벳 person:지휘관 org:메이드_포_유,확정,fl:fatal_maid,,"어디에 있을지 정하라는 지휘관에게 벨벳은 비밀 요원의 칼은 주인이 큰 그림을 그리는 붓이라며 그것도 이제 끝이고, 비밀 요원이 아니라 지휘관만의 메이드로 남겠다고 답했다"
F2394,사실,137,2026-02-12,ch43,0,0,,0,0,,,,,,137,1,,person:지엔 person:에테르 person:네온 org:엘리시온 org:쿠킹오일,확정,ch43,,"지엔 · 에테르는 잠든 네온의 머릿속을 가시화해 들여다보며, 엘리시온이 단 기억 봉인용 [프로텍터] — 프로토콜 · 쿠킹 오일급 니케가 아니면 없는 것 — 를 머리가 망가질 위험을 알고도 부수고 기억 안으로 들어갔다"
F2395,사실,137,2026-02-12,ch43,0,0,,0,0,,,,,,137,1,,person:프린세스 person:스톨_3세 person:빅_마담 place:배드_드림,확정,ch43,,"네온이 되찾은 기억에서, 백발 소녀 '프린세스'는 아우터 림 배드 드림에서 가장 큰 빅 마담 가게에 사제가 큰돈과 함께 맡기고 '금방 데리러 온다' 한 뒤 2년째 오지 않았다 — 그 돈에는 몸종 스톨 3세(셋째)의 고용비와 프린세스를 몰래 지킨 경호원 스무 명의 몫이 들어 있었다"
F2396,사실,137,2026-02-12,ch43,0,0,,0,1,,,,,,145,2,,person:프린세스 person:스톨_3세 person:프리_랫 place:아우터_림 person:빅_마담,확정,ch43,,"돈이 끊겨 아우터 림을 떠돌던 프린세스는 쓰레기통을 뒤지다 프리 랫 무리에게 린치를 당했고, 스톨 3세가 그를 자기 '집' — 노란 선으로 그은 영역을 관리 조직(빅 마담 조직)에 돈을 내고 사서, 주인이 안에 있을 때 절대 안전을 보장받는 곳 — 으로 데려가 누군가의 밑에서 일하라고 했다"
F2397,사실,137,2026-02-12,ch43,0,0,,0,0,,,,,,137,1,,place:아우터_림 org:엔터_헤븐 person:스톨_3세,확정,ch43,,"스톨 3세에 따르면 엔터 헤븐이 힘을 얻으며 '아무것도 하지 않는 것이 아우터 림을 좀먹는다'는 말에 힘이 실려 대부분이 직업을 갖게 되었고, 그 뒤로 아무것도 안 하는 사람은 아우터 림을 좀먹는 사람이나 자살 희망자로 여겨진다 — 방주에서 온 사람은 특히 그렇다"
F2398,사실,137,2026-02-12,ch43,0,0,,0,0,,,,,,137,1,,person:프린세스 person:빅_마담 person:프리_랫,확정,ch43,,"프린세스는 빅 마담 밑에서 방주에서 넘어온 전자 기기 쓰레기를 뒤져 데이터를 해킹해 파는 일로 어른보다 나은 해킹 실력을 인정받아 몸값이 올랐고, 모은 돈으로 산 노트북을 안경에 이어 밤마다 '예쁜 언니'(설계도)를 띄워 작업했다"
F2399,사실,137,2026-02-12,ch43,4,2,118,0,0,,,,,,137,3,,person:스톨_3세 place:배드_드림 place:아우터_림,확정,ch43,,스톨 3세는 배드 드림 공용 화장실의 마지막 칸 — '산부인과'라 불리는 잡동사니 칸 — 에서 발견된 세 번째 아이라 '셋째'라 불리며 부모를 모른다 — 고칠 수 없는 기침병을 앓고 시력을 거의 잃어 갔다(아우터 림 태생의 평균 수명은 30대)
F2400,사실,137,2026-02-12,ch43,0,0,,0,0,,,,,,137,1,J5,person:프린세스 person:엔더슨 org:V.T.C.,확정,ch43,,3년 만에 격벽 구멍으로 찾아온 V.T.C. 여사제는 프린세스를 '성하'라 불렀다 — 성하의 육체 전환 의식 날 연회장에 지휘관 복장으로 권총 한 자루와 배낭을 든 엔더슨이 혼자 나타나 니케 · 로봇도 소용없이 V.T.C. 이백여 명을 죽였고 살아남은 것은 수 명이었다 — 프린세스는 '갓데스의 지휘관… 혼수 상태로 방치해놨을 텐데'라 했다
F2401,사실,137,2026-02-12,ch43,0,0,,0,0,,,,,,137,1,,org:V.T.C. org:중앙_정부 person:엔더슨 person:프린세스,확정,ch43,,"여사제에 따르면 주요 간부가 모두 죽어 V.T.C.의 지휘 체계가 무너지자 중앙 정부는 엔더슨을 부사령관에 올려 손댈 수 없게 하고 V.T.C.를 숙청해 방주의 신도는 2% 정도만 남았다 — 성하를 마담에게 맡길 때 V.T.C.의 모든 돈을 써서, 아우터 림에 들어올 뒷돈이 없어 3년간 오지 못했다고 했다"
F2402,사실,137,2026-02-12,ch43,0,0,,0,0,,,,,,137,1,,person:프린세스 org:V.T.C.,확정,ch43,,"여사제는 오래된 기술의 모든 것이 잠든 '열쇠' — 협약 때문에 쓰지 못한 것 — 로 몇 세대 앞선 기술을 다시 드러내 V.T.C.를 되살리고 인류를 다시 지배하자고 했고, 프린세스는 열쇠가 건재하다며 생각해 보겠다고만 했다"
F2403,사실,137,2026-02-12,ch43,3,1,133,0,0,,,,,,137,2,,person:프린세스 org:V.T.C. item:이터널_라이프,확정,ch43,,"프린세스는 자기가 V.T.C.의 머리로 신으로 받들어진 '성하'이고 실제 나이는 200살 가까이 된다고 했다 — 이터널 라이프 대신 V.T.C. 기술의 정수(중앙 정부가 막았지만 자기는 예외)로 뇌를 어리고 튼튼한 인간 몸에 옮겨 20대 중반마다 갈아탔고, 원래 몸 주인은 죽었거나 뇌만 떼어 니케가 되었을 것이라 했다"
F2404,사실,137,2026-02-12,ch43,0,0,,0,0,,,,,,137,1,,person:프린세스 person:스톨_3세,확정,ch43,,프린세스는 함께 방주로 가자며 안경을 스톨 3세에게 씌워 뇌파를 기록하고 '방주로 돌아가면 선물을 주겠다'며 밤새 마무리 작업을 했다
F2405,사실,137,2026-02-12,ch43,2,0,137,0,0,,,,,,137,1,,person:프린세스 person:빅_마담 person:프리_랫 org:중앙_정부,확정,ch43,,"다음 날 아우터 림 전체에 프린세스의 1억 수배령이 떨어지고 중앙 정부 병사 · 니케가 들어왔다 — 빅 마담은 중앙 정부의 [협조 요청]을 무시할 수 없다며 그를 팔아넘겼고, 배신하지 않았다는 프리 랫이 양산형 니케에게 달려들어 총에 맞고 수류탄으로 자폭했다"
F2406,사실,137,2026-02-12,ch43,2,0,137,0,1,,,,,,145,2,,person:프린세스 person:스톨_3세 org:V.T.C. org:중앙_정부,확정,ch43,,"격벽 앞에서 기다리던 여사제가 쏜 총을 스톨 3세가 몸으로 막고 프린세스도 총에 맞았다 — 여사제는 성하의 행방을 넘기는 대가로 중앙 정부에 자리를 받기로 거래했고 중앙 정부는 열쇠를 모른다며 목걸이를 열쇠로 알고 빼앗았지만, 목걸이에서 황금빛이 터져 여사제는 옷만 남기고 사라졌다"
F2407,사실,137,2026-02-12,ch43,0,0,,0,2,,,,,,145,2,,person:프린세스 person:스톨_3세 org:중앙_정부,확정,ch43,,"프린세스는 숨이 끊어지기 전 자기 안경을 스톨 3세에게 씌우며 빛을 보고 행복하게 살라고 했다 — '빨간 안경에 백발, 10대 초반 소녀'를 반드시 생포하라던 중앙 정부 특임대는 안경을 쓴 스톨 3세를 목표로 데려가고 프린세스는 동료로 보고 버려 두었다"
F2408,사실,137,2026-02-12,ch43,0,0,,0,0,,,,,,137,1,,person:E.H. person:잉그리드 org:중앙_정부 org:엘리시온,확정,ch43,,"E.H.는 잉그리드에게 연락해 중앙 정부가 V.T.C.와 엮인 소동을 아우터 림에서 벌였고 백발에 안경 쓴 중요 인물로 보이는 여자아이를 데려가고 있으니, 엘리시온이 데려가라고 부탁했다"
F2409,사실,137,2026-02-12,ch43,2,1,17,0,0,,,,,,137,2,,person:네온 person:스톨_3세 person:잉그리드 org:엘리시온,확정,ch43,,"엘리시온 리페어 센터에서 유일한 생존자로 니케가 되어 깨어난 그녀(스톨 3세)는 기억이 없었고, 잉그리드는 피 묻은 지문이 찍힌 안경을 그대로 두고 조사를 청했지만 거절당했다 — 그녀는 창밖의 네온사인을 보고 '네온'을 이름으로 골랐다"
F2410,사실,137,2026-02-12,ch43,2,2,16,1,1,,,,,,144,5,J4 J9,org:V.T.C. concept:머신_메사이어 place:방주 concept:니케,확정,relic:신에게닿기위한탑,앞당김,"지엔에 따르면 V.T.C.는 랩쳐가 나타나기 전부터 있던, 말만 종교인 생명 공학 연구소로 — 잘린 팔다리를 돋게 하고 뇌를 교체해 새 몸을 얻게 하는 [기적]으로 신도를 늘렸고 — 오만해져 머신 메사이어 프로젝트 · 방주 프로젝트 같은 인류의 명운을 건 프로젝트를 진행했으며, 니케 기술과 만나 절대 권력을 가졌다"
F2411,사실,137,2026-02-12,ch43,0,0,,0,0,,,,,,137,1,,org:V.T.C. org:인류연합군 org:중앙_정부 person:엔더슨,확정,ch43,,"지엔에 따르면 방주 이주가 결정되며 V.T.C.와 인류연합군이 중앙 정부로 통합해 반반씩 나눴지만 실권은 V.T.C.에 있었고, 엔더슨 한 명에게 V.T.C.가 전멸에 가까운 피해를 입자 중앙 정부 안의 V.T.C. 출신이 숙청되었다 — 수장 성하가 공석이라 숙청은 수월했고, 지금은 흔적조차 찾기 힘들다"
F2412,사실,137,2026-02-12,ch43,1,1,98,0,0,,,,,,137,2,,person:D.E.E.P. org:V.T.C. org:M.M.R. org:미실리스,확정,ch43,,지엔에 따르면 D.E.E.P.은 V.T.C.가 만든 기술 특화형 니케들로 V.T.C. 기술 전반을 크게 발전시킨 일등 공신이고 '방주의 수호자'를 자칭했다 — M.M.R.도 원래 D.E.E.P.과 미실리스가 협업해 만든 곳이다
F2413,사실,137,2026-02-12,ch43,0,0,,0,0,,,,,,137,1,J18,person:D.E.E.P. person:에닉 org:중앙_정부 place:방주,확정,ch43,,지엔에 따르면 방주 운용의 핵심 기술을 쥔 D.E.E.P.은 V.T.C.가 무너지자 동력원을 볼모로 방주를 인질 삼아 중앙 정부를 협박했다가 에닉에게 작살나 관리 권한을 모두 잃었고 — 자리를 되찾으려 '방주의 상징'을 죽여 확장 무장으로 만든 벌로 동력을 유사 코어로 바꾸고 척추 아래 파츠를 잃었다
F2414,사실,137,2026-02-12,ch43,0,0,,0,0,,,,,,137,1,J18,person:네온 person:D.E.E.P. org:V.T.C. person:지엔,확정,ch43,,"지엔에 따르면 '열쇠'는 지금까지 알기로 셋으로, V.T.C.와 D.E.E.P.이 확립한 기술의 정수가 담겨 높으신 분들이 하나씩 나눠 가졌다 — 네온의 안경은 V.T.C. 수장의 열쇠였고, D.E.E.P.은 그 기술로 영광의 시대로 돌아갈 수 있다고 믿어 열쇠에 반응했다"
F2415,사실,137,2026-02-12,ch43,4,0,137,0,0,,,,,,137,1,J18,person:네온 person:프린세스 person:스톨_3세 org:V.T.C. person:D.E.E.P.,확정,ch43,,"안경의 패스워드는 네온의 기침이었다 — 패스워드 창에서 네온이 기침하자 프린세스의 목소리로 '음색 및 패턴 · 뇌파 일치'를 확인한 뒤 네온의 몸을 스캔하고 '건강해라, 셋째야'라 남겼고, 안경은 V.T.C. · D.E.E.P. 기술이 든 니케 바디 설계도 — 스캔으로 네온 전용으로 고정된 것 — 를 띄웠다"
F2416,사실,137,2026-02-12,ch43,0,0,,0,0,,,,,,137,1,J17,person:네온 person:지엔 person:에테르 person:D.E.E.P.,확정,ch43,,"에테르에 따르면 설계도는 해석할 수 없는 부분이 많아 지금 기술로는 만들 수 없다 — 네온은 안경이 길을 안내해 이곳으로 이끈 것은 프린세스가 기술 특화 니케 D.E.E.P.을 믿어서라며, 열쇠 해석을 위해 살려 둔 그들을 고쳐 쓰자 했고, 지엔은 네온이 죽을 수도 있는 위험을 받아들여 해 보기로 했다"
F2417,사실,137,2026-02-12,relic:아무한테나말해주는거아니야.wav,0,0,,0,0,,,,,,137,1,,place:아우터_림 place:방주,확정,,,"아우터 림 주민이 방주에서 온 신입에게 남긴 녹음에 따르면 아우터 림에서는 두리번거리면 표적이 되고, 동정은 호구라는 광고이며, 잘 때는 잘 보여 둔 힘센 놈 옆에서 자야 하고, 가장 필요한 것은 눈치다 — 그는 끝에 강연료를 받겠다며 신입을 찔렀다"
F2418,사실,138,2026-02-12,ch44,0,0,,0,0,,,,,,138,1,,person:지휘관 concept:언체인드 concept:퀸_인자,확정,ch44,,"지휘관의 몸은 주사기가 들어가는 순간 회복해 버려 언체인드 탄환용 피를 목표치의 절반도 뽑지 못했다 — 라피는 '인자'라 했고 지휘관은 포비스트 때(그 높이에서 떨어지고도 산 때)부터일지 모른다고 했으며, 잉그리드는 그 양이면 한 발은 만들 수 있다고 했다"
F2419,사실,138,2026-02-12,ch44,0,0,,0,0,,,,,,138,1,,place:에덴 place:궤도_엘리베이터,확정,ch44,,"에덴으로 가는 길에는 지면이 고열로 녹고 랩쳐 파편이 널린 대규모 전투의 흔적이 있었고, 꽃을 닮은 거대한 건조물이 추락해 있었다 — 지휘관은 옛 자료 속, 궤도 엘리베이터와 이어져 있던 스페이스 스테이션과 양식 · 재질 · 공법이 비슷하다고 했다"
F2420,사실,138,2026-02-12,ch44,0,0,,0,0,,,,,,138,1,,place:에덴 person:파피용 org:인헤르트 person:노아 person:홍련 person:라푼젤 org:바이스리터 person:크라운 person:나유타,확정,ch44,,"갓데스 폴 뒤 에덴은 거의 새로 지었고 인력난으로 인질 파피용까지 쓴다 — 세실에 따르면 노아 · 홍련 · 라푼젤은 뇌만 남아 있고 하란 · 이사벨은 아무것도 남지 않았으며, 중상의 바이스리터는 하이퍼 푸드 관리로 크라운 왕국에 잠시 돌아갔고, 나유타는 정보 수집을 핑계로 틈만 나면 자리를 비운다"
F2421,사실,138,2026-02-12,ch44,0,0,,0,0,,,,,,138,1,,person:릴리바이스 org:갓데스,확정,ch44,,"세실에 따르면 릴리바이스는 인류 최초의 니케 스쿼드 갓데스의 리더로 역사상 최강의 니케라 일컬어지고, 모든 니케의 스펙이 예전부터 지금까지 릴리바이스를 목표로 한다 — 맨손으로 지상형 타일런트 급을 공중으로 날려 버렸다는 기록이 있다"
F2422,사실,138,2026-02-12,ch44,0,0,,0,0,,,,,,138,1,,person:마리안 person:세실 concept:헬레틱,확정,ch44,,"코어를 잃은 마리안은 유사 코어를 이식해 목숨만 붙어 있다(헬레틱이라 죽지 않음) — 세실에 따르면 헬레틱급 코어를 이식하면 살아날지 모르지만, 헬레틱은 코어를 중심으로 재생해 최악의 경우 코어의 원래 주인이 마리안의 바디를 양분 삼아 부활할 수 있다"
F2423,사실,138,2026-02-12,ch44,0,0,,0,0,,,,,,138,1,,person:도로시 person:요한 place:에덴 org:인헤르트,확정,ch44,,요한에 따르면 도로시는 이제 인헤르트도 에덴 소속도 아니다 — 요한은 그렇게 되었다며 더는 얘기하고 싶지 않다고 했다
F2424,사실,138,2026-02-12,ch44,0,0,,0,0,,,,,,138,1,,person:세실 concept:언체인드 person:지휘관,확정,ch44,,세실은 지휘관이 니케 제작 기술을 가져다주면 언체인드 탄환 제작 기술을 넘겨주겠다(기술 교환)고 했다 — 방주는 싫지만 받기만 해서는 좋은 관계를 유지할 수 없다며
F2425,사실,138,2026-02-12,ch44,0,0,,0,0,,,,,,138,1,,person:파피용 place:에덴 person:버닝엄,확정,ch44,,"파피용은 에덴에서 그 일들을 겪고 '여기 애들 다 좋은 애들'이라며 에덴에 남기로 했고, 지휘관은 방주에 정보 수집 중이라 시간이 걸린다고 보고해 주기로 했다"
F2426,사실,138,2026-02-12,ch44,0,0,,0,0,,,,,,138,1,,person:스노우_화이트 person:라피 person:레드_후드,확정,ch44,,"스노우 화이트와 라피는 마주 보며 영문 모를 눈물을 흘렸고, 스노우 화이트는 '거기에 있구나'라며 라피에게 레드 후드를 이어 줘서 고맙다고 했다"
F2427,사실,138,2026-02-12,ch44,0,0,,0,0,,,,,,138,1,,person:스노우_화이트 org:갓데스 person:도로시,확정,ch44,,"스노우 화이트는 모든 기억을 되찾았다 — 갓데스로 싸운 일, 레드 후드 · 릴리바이스를 잃은 일, 방주 밀봉을 도운 일, 방주에 배신당한 일, 퀸을 쓰러뜨리려 지상을 떠돈 일, 도로시와 다른 길을 걷게 된 일"
F2428,사실,138,2026-02-12,ch44,0,0,,0,0,,,,,,138,1,,person:레드_후드 person:스노우_화이트 person:지휘관,확정,ch44,,"지휘관은 레드 후드가 남긴 영상 — 100년 동안 퀸을 쫓지 말고 적당히 물려주고 은퇴하라, 자기는 좋은 녀석을 만나 물려주고 쉰다 — 을 스노우 화이트에게 보여 주었다"
F2429,사실,138,2026-02-12,ch44,1,1,81,0,0,,,,,,138,2,,person:스노우_화이트 person:신데렐라 org:포비스트 place:에덴,확정,ch44,,"카운터스는 스노우 화이트에게 그간의 일(방주 테러 · 레드 후드 부활 · 신데렐라 · 계승 · 포비스트의 퀸과 동맹 · 리버렐리오의 설득)을 모두 알렸다 — 스노우 화이트는 아나키오르(신데렐라) 때 인류가 졌지만 침식 탓이었다며 공격하지 않기로 했고, 이 모든 것을 에덴에 빠짐없이 전하기로 했다"
F2430,사실,138,2026-02-12,ch44,3,3,55,0,0,,,,,,138,3,J2,item:세븐스_드워프 person:스노우_화이트 person:레드_후드 person:그레이브 person:라피,확정,ch44,,"라피의 세븐스 드워프 제로는 스노우 화이트가 레드 후드를 위해 만들던 무기로, 거의 완성된 때 아크 가디언 작전이 시작되어 끝내지 못했고 그레이브가 원래 부품을 건드리지 않고 완성했다"
F2431,사실,138,2026-02-12,ch44,0,0,,0,0,,,,,,138,1,,person:앨트루이아 person:퀸 place:방주,확정,ch44,,"퀸의 새 헬레틱 앨트루이아는 퀸을 '어머니'라 부르며 '헬레틱'이라는 말을 이단이라 싫어한다 — 퀸에게 인간의 멸종을 명받았지만 일방적으로 죽이고 싶지 않다며, 방주의 위치는 알지만 정식으로 초대받아 대화한 뒤 평화롭게 멸종을 제안하겠다고 했다"
F2432,사실,138,2026-02-12,ch44,0,0,,0,0,,,,,,138,1,,person:앨트루이아 person:라푼젤 person:노아 person:스노우_화이트 person:퀸,확정,ch44,,앨트루이아는 퀸이 직접 준 몸에 라푼젤 · 노아의 것을 흉내 낸 파츠를 달았다 — 스노우 화이트가 '네 엄마의 몸통에 구멍을 냈다'고 하자 이단을 찾았다며 분노해 거대화했다
F2433,사실,138,2026-02-12,ch44,0,0,,0,0,,,,,,138,1,,person:앨트루이아 person:아니스 person:스노우_화이트 person:라피,확정,ch44,,"거대화한 앨트루이아는 황금빛과 함께 녹색 실드를 아득하게 펼쳐 밀어붙였지만 아니스가 확장 무장으로 실드를 흡수해 무력화했고, 스노우 화이트 · 라피의 공격으로 뚫린 큰 구멍은 황금빛과 함께 곧바로 회복되었다 — 앨트루이아는 어머니께 벌을 받겠다며 날아갔다"
F2434,사실,138,2026-02-12,ch44,0,0,,0,0,,,,,,138,1,,person:스노우_화이트 person:앨트루이아 person:요한 person:세실 place:방주,확정,ch44,,스노우 화이트는 앨트루이아가 노아의 방어력과 라푼젤의 회복력을 함께 가졌고 이런 것이 하나만 있을 리 없다며 — 방주의 힘 없이 퀸을 죽이려는 요한 · 세실을 이해하지만 이젠 아니라고 — 지휘관에게 그들의 긍지를 짓밟지 않고 방주의 힘을 빌릴 방법을 찾아 달라고 했다
F2435,사실,138,2026-02-12,ch44,3,2,126,1,0,,,,,,144,4,J13,person:리버렐리오 person:퀸 person:미러 person:릴리바이스,확정,ch44,,"리버렐리오는 릴리바이스의 모습을 한 퀸에게 인간과 대화할 수 있다며 평화를 위해 대화해 달라고 간청했지만, 퀸은 미소 지으며 뺨을 어루만지다 리버렐리오의 머리를 뽑아 죽였다 — 머리 잃은 몸은 랩쳐들이 가져갔고, 지켜보던 미러는 퀸이 대화가 통할 리 없는 진짜 괴물이라고 확신했다"
F2436,사실,138,2026-02-12,ch44,0,0,,0,0,,,,,,138,1,,person:엔더슨 person:버닝엄 person:지휘관 person:퀸,확정,ch44,,"엔더슨은 퀸의 지상 강하가 에덴만의 문제가 아니라며 의견을 모으기로 했고, 방주 핵심 기술의 권한은 자기가 아니라 버닝엄에게 있다며 니케 제작 기술 건으로 지휘관과 버닝엄의 만남을 잡았다"
F2437,사실,138,2026-02-12,ch44,0,0,,0,1,,,,,,154,2,,person:엔더슨,확정,ch44,,엔더슨은 얼마 전부터 몸 상태가 제법 좋아져 회춘한 것 같다고 했다 — 몸 상태를 숨기려 늘 빨리 나가라고 하던 것이 버릇이 되었다고
F2438,사실,138,2026-02-12,ch44,0,0,,0,0,,,,,,138,1,,person:도로시 person:버닝엄 incident:3차_지상_탈환전,확정,ch44,,"도로시는 광학미채를 비롯한 신기술을 모두 넘겨 방주 니케 전부를 무장시키고 남을 장비가 생산되었는데도 3차 지상 탈환전을 열지 않는다며 버닝엄을 재촉했다 — 버닝엄은 방주가 안정적이고 명분이 없다며, 서두르는 이유를 말하지 않으면 서두를 필요가 없다고 했다"
F2439,사실,138,2026-02-12,ch44,0,0,,0,0,,,,,,138,1,J7,person:도로시 person:버닝엄 place:에덴 place:방주 incident:3차_지상_탈환전,확정,ch44,,"버닝엄의 짐작에 따르면 도로시는 3차 지상 탈환전 선봉으로 활약해 방주가 혹사한 니케들을 에덴으로 인도하고 텅 빈 방주를 두고 에덴을 새 방주로 만들려 했는데, 광고 방송을 그만둔 것은 지상에서 [어떤 일]로 에덴이 파괴되었거나 도로시가 에덴에서 빠져 계획이 무산된 것이라 보았다 — 도로시는 부정했다"
F2440,사실,138,2026-02-12,ch44,0,0,,0,1,,,,,,143,2,J8,person:버닝엄 person:지휘관 person:식스오 place:에덴,확정,ch44,,"버닝엄은 니케 제작 기술을 에덴에 넘기겠다는 지휘관의 말에 에덴을 친 것이 퀸이나 그에 준하는 것이라 짐작하고, 최근 E2 크리스탈 테러의 주모자 식스오를 처리하는 조건으로 넘겨주기로 했다"
F2441,사실,138,2026-02-12,ch44,0,0,,0,0,,,,,,138,1,,person:버닝엄 person:지휘관 person:마리안,확정,ch44,,"버닝엄은 어려서부터 니케와 함께 지상에서 싸우는 지휘관이 꿈이었지만 대단한 가문의 유일한 아이라 지상에 갈 수 없어 포기했다 — 헬레틱 모더니아를 지상으로 빼돌렸을 때 추적을 명하지 않은 것은 지휘관이 어디까지 해낼지 궁금해서였고, 지휘관은 자기 우상이자 질투의 대상이라고 했다"
F2442,사실,138,2026-02-12,ch44,0,0,,0,0,,,,,,138,1,,person:버닝엄 person:파피용,확정,ch44,,버닝엄은 파피용에게 '자기 목숨의 주인을 자기라고 생각하는 스파이는 필요 없다'며 사직서를 내러 오라고 전해 달라 했다
F2443,사실,138,2026-02-12,ch44,1,1,73,1,0,,,,,,143,3,J17 J18,person:식스오 person:에닉 person:프리티,확정,ch44,,"에닉에 따르면 식스오는 에닉에게서 떨어져 나간 A.I.다 — 판결 · 방주 운용에서 생긴 혐오감 · 자괴감 같은 부정적 [감정]을 따로 하드웨어에 옮겨 왔는데, 프리티의 바디를 확장 무장 STAR로 만든 일에 느낀 전례 없는 혐오감을 통째로 잘라 옮기다 섞여 든 메인 사고 로직이 버린 감정을 학습해 자아를 가진 A.I.가 되었다"
F2444,사실,138,2026-02-12,ch44,0,0,,0,0,,,,,,138,1,J16 J17,person:식스오 person:에닉 org:저지스 org:중앙_정부 person:잉크,확정,ch44,,"에닉에 따르면 에닉은 그 A.I.를 폐기하라고 권했지만, 에닉의 카운터를 늘 바라던 중앙 정부 · 저지스(잉크는 제어 불가라 시뮬레이션 룸에 한정했고, M.M.R. 연구원을 카운터로 만들 계획은 연구원의 탈주로 무산)가 그것을 받아들였다 — 저지스의 핵심 인물이 실존 인간으로 위장해 저지스에 가입시키며 [식스오]라 이름 붙이고 에닉의 카운터로 키웠다"
F2445,사실,138,2026-02-12,ch44,0,0,,0,0,,,,,,138,1,,person:식스오 place:블랙넷 org:저지스 person:에닉 concept:E2_크리스탈 place:아우터_림,확정,ch44,,"에닉에 따르면 블랙넷은 에닉이 개입할 수 없는 영역이 가능한지 시험한 저지스 · 식스오의 실험장이었고, 식스오는 에닉의 부정적 감정과 저지스의 목적이 합쳐져 악을 행하는 존재가 되었다 — 폐기하려 하자 데이터를 모두 아우터 림으로 옮겼고, 방주 테러로 에닉이 전능하지 않음이 드러나자 과감해져 E2 크리스탈 테러(그 뒤 세 번 더)로 에닉의 능력을 시험했다"
F2446,사실,138,2026-02-12,ch44,0,0,,0,0,,,,,,138,1,,person:식스오 person:에닉 place:방주 person:E.H.,확정,ch44,,"에닉에 따르면 식스오는 E.H.의 정보대로 한날한시에 방주 곳곳에서 E2 크리스탈 테러를 벌여 에닉이 수습에 몰두할 때 약해진 방화벽을 뚫고 공격할 계획이고, 최종 목적은 버려진 존재로서 에닉을 소멸시키고 대신 방주를 장악하는 것이다"
F2447,사실,138,2026-02-12,ch44,0,0,,0,0,,,,,,138,1,,person:로산나 person:사쿠라 person:바이퍼 person:라이온 person:식스오 concept:미스트,확정,ch44,,"로산나 · 사쿠라 · 바이퍼는 라이온의 창고에서 미스트 허브를 찾았다 — 라이온 보스는 식스오와 손잡았다며 맞섰지만, 모니터 속 식스오가 비밀 장부 · 블랙넷 구매 내역으로 협박해도 로산나의 헤드락에 굴복했고, 사쿠라는 실체 없는 협박은 눈앞의 폭력에 무너진다며 수리검으로 모니터를 부쉈다"
F2448,사실,138,2026-02-12,ch44,0,0,,0,0,,,,,,138,1,,person:라이온 person:식스오 concept:미스트 org:헤도니아 person:도반 person:사쿠라 person:로산나,확정,ch44,,"라이온은 식스오를 버리고 헤도니아(리스트를 보고 정함)에 들어가는 대가로 미스트 반출 · 생산 리스트를 넘겼다 — 생산 장소는 아우터 림 23군데였고, 반출 내역을 본 사쿠라 · 로산나는 도반을 만나러 방주로 갔다 — 라이온 보스는 식스오가 이제 존재가 드러나든 말든 과감해져(방주 테러도 식스오 짓으로 봄) 양아치들은 버림패가 될 것이라 보고 빠졌다"
F2449,사실,138,2026-02-12,ch44,1,1,43,0,0,,,,,,138,2,,person:목단 org:모란회 person:진 person:자칼 concept:미스트 person:식스오,확정,ch44,,"목단은 모란회와 상관없이 혼자 미스트 시설을 치려 했지만 진과 모란회 조직원들이 따라와 함께했다 — 모란회 37명과 자칼은 23군데 중 12곳을 부수고 불태웠고, 몸에 폭탄을 두른 미스트 중독자들은 자칼이 폭탄만 떼어 던져 사상자가 없었다 — 중독자들은 명령을 따르지 않으면 미스트를 끊겠다는 식스오의 협박을 받았다고 했다"
F2450,사실,138,2026-02-12,ch44,1,1,62,0,0,,,,,,138,2,,person:슈가 person:목단 person:식스오,확정,ch44,,"슈가는 식스오에게 의뢰받아 미스트 생산 장소를 지키고 있다며 목단을 막았지만, 일부러 감속해 목단이 바이크에 타게 하고 싸우는 척하며 함께 빠져나갔다"
F2451,사실,138,2026-02-12,ch44,1,1,72,0,0,,,,,,138,2,,person:프레자일 person:리버린 person:식스오 place:블랙넷,확정,ch44,,"프레자일에 따르면 패스파인더가 일을 잃어 리버린 · 프레자일 · 프레자일의 동생은 단칸방에 함께 살았고, 동생의 큰 사고로 큰돈을 물어야 하자 리버린이 며칠 사라졌다 큰돈을 가져왔다 — 그때부터 식스오의 운반책으로 블랙넷 물건을 배달해 크게 벌었다"
F2452,사실,138,2026-02-12,ch44,0,0,,0,0,,,,,,138,1,,person:프레자일 person:리버린 person:식스오,확정,ch44,,"프레자일의 동생은 위험한 물건의 소유권을 두고 부딪친 소규모 조직들 사이에 휘말려 죽었다 — 리버린은 거래를 끊었다가, 지금까지의 불법을 잉그리드에게 알리겠다는 식스오의 협박에 지휘관의 지상 탐색에 지원했다"
F2453,사실,138,2026-02-12,ch44,0,0,,0,0,,,,,,138,1,,person:리버린 person:프레자일 person:식스오 person:지휘관,확정,ch44,,"리버린은 셋이 처음 살던 빈민촌 단칸방(에닉의 눈이 닿지 않는 곳)에 2년치 보존식을 쌓아 숨어 있었다 — 식스오가 A.I.라는 말을 처음 듣고 놀랐고, 추방 · 기억 소거만은 막아 주겠다는 지휘관의 약속에 식스오에게 의뢰를 받던 장소를 안내하기로 했다"
F2454,사실,138,2026-02-12,ch44,0,0,,0,0,,,,,,138,1,,person:사쿠라 person:로산나 person:도반 concept:미스트 person:식스오,확정,ch44,,사쿠라 · 로산나는 라이온의 반출 내역으로 도반의 부하 상당수가 미스트를 상습 사용한 것을 잡고 — 식스오가 테러 날 그 꼭두각시들로 수습을 어지럽힐 것이라며 — 3일 동안 그들의 권한을 모두 빼앗게 하는 약속을 도반에게서 받아 내 녹화했다 — 도반은 입지가 좁아진다며 어떻게든 큰 공을 세워야 한다고 했다
F2455,사실,138,2026-02-12,ch44,0,0,,0,0,,,,,,138,1,,person:슈가 person:식스오 place:아우터_림,확정,ch44,,"슈가는 식스오가 23군데에 각자 다른 명령을 내리는 것을 보고 인간 · 니케가 아닌 '전자 인간'이라 확신해, 보호 일을 하며 23군데에서 한 가닥씩 모이는 전선을 쫓아 터널 속 본거지를 찾았다"
F2456,사실,138,2026-02-12,ch44,0,0,,0,0,,,,,,138,1,,person:슈가 person:목단 person:로지 person:식스오 person:리버린 person:E.H.,확정,ch44,,"터널 속 낡은 대형 컴퓨터로 가던 슈가 · 목단을 니케 로지가 바이크로 쫓아 쏘았고, 목단이 로지를 막는 사이 슈가가 블랙 타이푼으로 컴퓨터를 들이받아 부쉈다 — 리버린이 의뢰를 받던 바로 그 컴퓨터로, 반대편에서 리버린의 안내로 지휘관 일행 · E.H.도 와 있었다"
F2457,사실,138,2026-02-12,ch44,0,0,,0,0,,,,,,138,1,,person:해머링 person:E.H. concept:E2_크리스탈,확정,ch44,,E.H.에 따르면 해머링의 머리는 E2 크리스탈을 모두 떼어 내 무사하고 곧 새 바디를 받는다
F2458,사실,138,2026-02-12,ch44,0,0,,0,0,,,,,,138,1,,place:블랙넷 person:식스오 person:에닉,확정,ch44,,"컴퓨터가 부서지자 블랙넷이 셧다운되었다가 다시 정상화되었지만 회선이 불안정하다 — 에닉에 따르면 부순 것은 식스오의 메인 하드웨어가 맞고, 식스오는 아직 살아 있되 약해져 성능이 떨어지는 하드웨어를 쓰거나 여러 하드웨어에 기능을 나눠 운용할 수 있다"
F2459,사실,138,2026-02-12,ch44,0,0,,0,1,,,,,,143,2,,person:리버린 org:카페_스위티 person:에닉 org:이그조틱 org:모란회 concept:미스트,확정,ch44,,"E.H.에 따르면 리버린은 카페 스위티와 함께 방주 안 에닉의 사각지대를 안내해 감시 카메라를 다는 중이고(2주면 사각지대가 없어진다), 이그조틱 · 모란회가 미스트 생산 지역을 부수며 헤도니아 · 세이메이카이도 합류한다"
F2460,사실,138,2026-02-12,ch44,1,0,138,0,0,,,,,,138,1,,concept:E2_크리스탈 person:식스오 person:지휘관 person:민트 person:프리카 person:아비스타,확정,ch44,,"다섯 곳에서 동시에 E2 크리스탈 테러가 일어났고, 지휘관을 찾아온 미스트 중독자가 수정 병을 깨 자기는 수정에 갇혀 죽고 카운터스를 수정에 가두었다 — 모니터 속 식스오는 메인 하드웨어가 부서졌어도 어디에든 있는 불멸이라며, 민트 · 프리카 · 아비스타와 지휘관에게 관계있는 모든 이를 길동무로 만들겠다고 했다"
F2461,사실,138,2026-02-12,ch44,2,2,137,0,0,,,,,,138,2,,person:네온 person:지엔 person:에테르 concept:침식 concept:E2_크리스탈 concept:다크_매터 person:D.E.E.P.,확정,ch44,,"네온은 지엔 · 에테르가 안경의 설계도대로 만든 새 바디(네오-네온)를 얻었다 — 외부 간섭을 완전히 막는 바디로 침식 면역이고 이론상 E2 크리스탈 · 다크 매터도 영향을 못 주며, 바디 자체가 잃어버린 기술의 정수가 담긴 [열쇠]가 되어 수리된 D.E.E.P.을 부릴 수 있다 — 안경은 기능을 모두 잃었다"
F2462,사실,138,2026-02-12,ch44,0,0,,0,0,,,,,,138,1,,person:네온 person:에테르 person:지엔,확정,ch44,,"설계도는 바디 제작이 시작되자마자 백업할 틈도 없이 삭제되었다 — 에테르는 그 기술이 니케에겐 침식 면역, 인간에겐 모든 병의 면역일 수 있는 인류의 숙원이라며 돌아와 협조해 달라 했고, 네온은 아니스 일을 해결한 뒤 M.M.R.로 돌아와 결정하겠다고 했다 — 지엔은 소속 문제를 잉그리드와 풀겠다고 했다"
F2463,사실,138,2026-02-12,ch44,0,0,,0,0,,,,,,138,1,,person:네온 concept:E2_크리스탈 person:미세스_미스 person:아니스,확정,ch44,,네온은 맨손으로 수정을 부수고 끊어 내 카운터스를 꺼냈다 — 네온은 아니스 공연을 도우러 아우터 림에 가 미세스 미스를 데려왔었다
F2464,사실,138,2026-02-12,ch44,0,0,,0,0,,,,,,138,1,,person:에닉 person:식스오 place:방주 person:지휘관,확정,ch44,,"에닉에 따르면 E2 크리스탈 테러로 니케 20기 · 민간인 82명이 죽었고 식스오의 행방은 모른다 — 식스오는 전력과 칩셋이 있는 하드웨어라면 어디든 옮겨 갈 수 있는데 방주에만 수억 개라 모두 부술 수 없고, 지휘관은 '방주를 끄자'고 제안했다"
F2465,사실,138,2026-02-12,ch44,0,0,,0,0,,,,,,138,1,,person:아이리 person:도로시 place:금서고 person:아르카나 org:오버시어,확정,ch44,,"오버시어의 아이리는 도로시의 지문을 밑천으로 과거를 캤지만 양지의 기록에도 중앙 정부 데이터베이스에도 아무것도 없어 누군가 의도적으로 지웠다고 보고, 금서고에 찾아와 아르카나에게 도로시 기록만 보게 해 달라고 졸랐다"
F2466,사실,138,2026-02-12,relic:거인을찾아서,0,0,,0,0,,,,,,138,1,,place:지상,확정,,,"지상을 조사하던 기록자는 사람 모양의 거대한 발자국과 건물 외벽 곳곳의 진흙 묻은 거대한 손자국을 따라갔다 — 먹거나 불 피운 흔적은 없었고, 랩쳐 흔적 옆에도 찍혀 있었지만 잔해도 핏자국도 없었다"
F2467,사실,138,2026-02-12,relic:거인을찾아서,0,0,,0,0,,,,,,138,1,,place:지상,확정,,,"기록자의 마지막 메모에 따르면 사람의 팔 · 다리가 달리거나 눈이 여러 개인, 저마다 모양이 다른 형체들이 나타나 기록자 일행을 보고 다가왔고 기록은 거기서 끊겼다"
F2468,사실,138,2026-02-12,fl:lie_cause_recoil,0,0,,0,0,,,,,,138,1,,person:엔더슨 concept:D-WAVE person:치사토 person:타키나 person:쿠루미 org:카페_스위티 concept:게이트_키퍼 person:지휘관,확정,fl:lie_cause_recoil,,"엔더슨에 따르면 방주 한복판에서 D-WAVE와 3명의 개체가 관측되었고, 그들 — 다른 세계에서 온 치사토 · 타키나 · 쿠루미 — 은 방주 · 랩쳐 · 니케를 전혀 몰랐다 — 엔더슨은 게이트 키퍼의 위치를 특정하지 못해, 카페 스위티의 가게를 임시 거점으로 발령하고 지휘관과 카페 스위티에게 셋을 맡겼다"
F2469,사실,138,2026-02-12,fl:lie_cause_recoil,0,0,,0,0,,,,,,138,1,,person:치사토 person:타키나 person:쿠루미,확정,fl:lie_cause_recoil,,"치사토 · 타키나는 이런저런 사정으로 총을 잘 다루는 특수 훈련을 받은 여학생(스스로를 '리코리스'라 함)으로 원래 세계의 찻집 리코리코에서 일했고, 쿠루미는 해킹 담당으로 방주의 데이터 · 네트워크도 원래 세계와 같은 방법으로 다뤘다(이상하게 안 보이는 자료도 꽤 있었다)"
F2470,사실,138,2026-02-12,fl:lie_cause_recoil,0,0,,0,0,,,,,,138,1,,org:카페_스위티 person:치사토 person:타키나 person:쿠루미 person:마스트,확정,fl:lie_cause_recoil,,"손님이 끊겨 망하기 직전이던 카페 스위티의 카페는 치사토 일행이 리코리코처럼 인테리어와 디저트 · 차 메뉴를 바꾼 '찻집' 리뉴얼로 줄을 서는 호황을 맞았고, 일손이 모자라 마스트가 알바로 들어왔다"
F2471,사실,138,2026-02-12,fl:lie_cause_recoil,0,0,,0,0,,,,,,138,1,,org:카페_스위티 person:프림,확정,fl:lie_cause_recoil,,"카페 스위티가 최근 받은 특정 인물 감시 의뢰들에서는 관련된 사람이 자꾸 죽었다 — 성별 · 나이는 달랐지만 모두 법조계 관련인이었고 증거도 증인도 없었으며, 첫 감시 대상은 카페 스위티가 갔을 때 막 살해된 뒤였다"
F2472,사실,138,2026-02-12,fl:lie_cause_recoil,0,0,,0,1,,,,,,138,1,,person:제인 person:레인 person:치사토 org:카페_스위티,확정,fl:lie_cause_recoil,,"첫 사건 현장 근처 골목에서 마주친 10살 남짓한 여자아이 제인은 치사토의 초대로 카페에 와 하루도 빼놓지 않고 찾아왔다 — 카페도, 초대받은 것도 처음이라 했고, 쌍둥이 오빠 레인과는 '시간표'가 안 맞는다며 말실수를 '학원'으로 얼버무렸다"
F2473,사실,138,2026-02-12,fl:lie_cause_recoil,0,0,,0,0,,,,,,138,1,,person:치사토 person:제인 person:레인 person:슈가,확정,fl:lie_cause_recoil,,"두 번째 감시 의뢰에서 대상은 무사했지만, 치사토가 쫓은 로브 차림의 작은 용의자는 소음기 총을 쏘고 달아났다 — 치사토가 본 얼굴은 제인을 꼭 닮은 10살쯤의 남자아이였고, 그 일을 떠보는 슈가의 말에 제인은 놀라 뛰쳐나갔다"
F2474,사실,138,2026-02-12,fl:lie_cause_recoil,0,0,,0,0,,,,,,138,1,,person:프림 org:카페_스위티 concept:니케 org:방주_아동_보호_센터,확정,fl:lie_cause_recoil,,"프림에 따르면 예전 카페 스위티는 실종된 아이를 찾아 달라는 의뢰로 한 고아원을 조사해 그곳이 아이들을 불법으로 팔아 니케로 만드는 곳임을 알았지만, 고아원이 달아나 막지 못했고 의뢰인의 아이는 이미 니케가 되어 지상으로 갔다 — 카페 스위티의 첫 임무 실패로, 그 뒤 아동 시설들을 주기적으로 봉사 겸 감시해 왔고 방주 아동 보호 센터도 그중 하나였다"
F2475,사실,138,2026-02-12,fl:lie_cause_recoil,0,0,,0,0,,,,,,138,1,,person:제니퍼 person:제니퍼f! org:방주_아동_보호_센터 person:지휘관,확정,fl:lie_cause_recoil,,"방주 아동 보호 센터의 센터장 제니퍼는 예전 메신저로 지휘관에게 아이 수색을 의뢰한 그 제니퍼였다 — 아이의 시체는 못 찾았지만 의뢰가 센터 운영에 도움이 되었다며, 이제 아이들에게 위치 추적 장치를 달지 않고 학대 · 강제 뇌 기증 소문도 돌지 않는다고 했다"
F2476,사실,138,2026-02-12,fl:lie_cause_recoil,0,0,,0,0,,,,,,138,1,,org:방주_아동_보호_센터 person:제인 person:레인,확정,fl:lie_cause_recoil,,"센터 아이들 손에는 총을 다루는 사람에게 생기는 굳은살과 상처가 있었고, 창고 지하 깊은 곳의 감옥 같은 '참회의 방'은 잘못하거나 선생님 말을 듣지 않은 아이가 갇히는 곳으로 — 제인은 레인이 '실패'해 함께 갇혀 있었다"
F2477,사실,138,2026-02-12,fl:lie_cause_recoil,5,0,138,0,0,,,,,,138,1,,person:레인 person:제인 person:제니퍼 org:방주_아동_보호_센터,확정,fl:lie_cause_recoil,,"센터의 아이들은 고아가 행복해질 길은 입양뿐이라 믿고, 원장 제니퍼가 '학원 숙제'로 내준 살인을 했다 — 레인은 로열 증세 법안을 낸 변호사 출신 정치인의 지지 집회 옥상에서 저격총과 함께 붙잡혀 이를 털어놓았다(쿠루미가 녹화)"
F2478,사실,138,2026-02-12,fl:lie_cause_recoil,1,0,138,0,0,,,,,,138,1,J45,org:방주_아동_보호_센터 person:슈가 person:레인 person:제인 person:제니퍼,확정,fl:lie_cause_recoil,,"슈가는 센터를 [방주 아동 보호 센터]를 가장한 [소년 암살 훈육소]라 불렀다 — 센터장 침실의 침대 밑 지하 훈련장(핏자국 · 총더미) 컴퓨터에서 아이 명단 · 입양자 명단 · 타깃 리스트 · 훈련 시스템이 나왔고, 입양은 실제로 보냈지만 사격 성적이 나쁜 아이만 보내 성적이 좋은 레인(A) · 제인(S)은 입양될 수 없었다"
F2479,사실,138,2026-02-12,fl:lie_cause_recoil,1,1,16,0,0,,,,,,138,2,,person:제니퍼 org:방주_아동_보호_센터 person:지휘관,확정,fl:lie_cause_recoil,,"제니퍼에 따르면 예전 센터는 아이들이 죽거나 어느 정도 자라야 돈이 되어 수지가 맞지 않았고 무서워 달아나는 아이까지 생겼는데, 지휘관에게 수색을 의뢰했다가 수상히 여겨진 일로 들킬 위기를 깨닫고 겉으로 수상한 것을 모두 정리한 뒤 아이들을 암살자로 키우기 시작했다 — 사람들은 살인을 어른 짓으로 여기기 때문이다"
F2480,사실,138,2026-02-12,fl:lie_cause_recoil,1,0,138,0,0,,,,,,138,1,,person:제니퍼 person:지휘관 person:치사토 person:타키나 person:제인 person:레인,확정,fl:lie_cause_recoil,,"제니퍼는 매달 수입의 30%를 줄 테니 비즈니스 파트너가 되라며 지휘관을 회유했고, 거절당하자 제인 · 레인에게 붙잡힌 치사토 · 타키나를 쏘게 하려 했다 — 둘이 핀셋으로 수갑을 풀자 무장한 아이들에게 '숙제'로 맡기고 제인 · 레인을 데리고 지하 수로로 달아나려 했다"
F2481,사실,138,2026-02-12,fl:lie_cause_recoil,1,0,138,0,0,,,,,,138,1,,person:제인 person:레인 person:제니퍼 person:치사토,확정,fl:lie_cause_recoil,,"제니퍼가 제인 · 레인에게 서로의 머리를 겨누게 해 보내 달라고 협박하자, 제인은 치사토의 가방에서 몰래 꺼낸 치사토의 총으로 레인과 제니퍼를 쏴 — 치사토의 총이라 둘은 기절만 했다 — 제니퍼를 붙잡게 했다 — 제니퍼가 '하나뿐인 가족'이라 거짓말하며 달아나려 한 데 실망한 제인은, 사람을 죽이지 않는 법을 알았다며 평범한 삶을 살겠다고 했다"
F2482,사실,138,2026-02-12,fl:lie_cause_recoil,0,0,,0,0,,,,,,138,1,,org:방주_아동_보호_센터 person:엔더슨 org:중앙_정부 person:제니퍼 person:제인 org:카페_스위티,확정,fl:lie_cause_recoil,,"지휘관은 센터와 아이들을 엔더슨에게 인계했다 — 센터 아이들은 중앙 정부의 관리 아래 정신 치료를 받고, 실종된 아이 몇 명도 센터에 있어 납치까지 했음이 드러났으며, 제니퍼는 중죄로 '살아도 사는 게 아닐' 처분을 받게 되었다 — 교육을 잘 듣고 위험성이 가장 낮은 제인은 감시인과 함께라면 외출할 수 있어 카페 스위티에서 일하게 되었다"
F2483,사실,138,2026-02-12,fl:lie_cause_recoil,0,0,,0,0,,,,,,138,1,,concept:게이트_키퍼 person:치사토 person:타키나 person:쿠루미 org:카페_스위티,확정,fl:lie_cause_recoil,,"게이트 키퍼의 위치를 찾아 깨우기로 한 전날 밤, 함께 보드게임을 하다 카페 스위티와 지휘관이 잠든 사이 치사토 · 타키나 · 쿠루미는 빛과 함께 원래 세계로 돌아갔다"
F2484,사실,140,2026-03-05,fl:enter_heaven,0,0,,0,0,,,,,,140,1,,org:이그조틱 person:E.H. person:바이퍼 person:자칼 org:엔터_헤븐 place:아우터_림,확정,fl:enter_heaven,,이그조틱이 제보로 찾은 아우터 림 깊은 곳 폐가의 벽에는 붉은 글씨로 [배신자] · [위선자] · [우릴 버리다니!] · [죽어버려! 중앙 정부의 개!!]와 [엔터 헤븐은 빛으로]가 쓰여 있었다 — E.H.는 자기에게 보내는 메시지라며 혼자 알아보러 나갔다가 바이퍼 · 자칼과도 연락이 끊겼다
F2485,사실,140,2026-03-05,fl:enter_heaven,0,0,,0,0,,,,,,140,1,,person:잉그리드 person:E.H. org:엔터_헤븐 org:이그조틱 org:중앙_정부 person:지휘관 place:아우터_림,확정,fl:enter_heaven,,"잉그리드에 따르면 엔터 헤븐을 만든 E.H.는 니케가 된 대가로 아우터 림에 묶여 평생 목에 폭탄을 단 채 이그조틱 리더로 살며 엔터 헤븐을 스스로 해체하기로 했다 — 최근 그 슬로건이 곳곳에 쓰이자 중앙 정부는 거짓 보고를 의심해 진위를 요구했고, 잉그리드는 자격이 없다며 판단을 지휘관에게 맡겼다"
F2486,사실,140,2026-03-05,fl:enter_heaven,0,0,,0,0,,,,,,140,1,,place:아우터_림 person:E.H. org:엔터_헤븐 concept:이터널_스카이,확정,fl:enter_heaven,,"아우터 림은 원래 이터널 스카이도 없고 격벽에 방주의 빛마저 가려진 어둠뿐이었다 — 그곳에 들어온 외지인 하퍼(E.H.)가 전기 공사를 해 본 주민을 찾아 쓰레기장 전구로 메인 거리에 가로등을 달자 불빛 아래 사람들이 모여 그를 '리더'라 불렀고, 엔터 헤븐이 개척한 구역 밖은 지금도 전등이 없다"
F2487,사실,140,2026-03-05,fl:enter_heaven,0,0,,0,0,,,,,,140,1,,person:E.H. org:이그조틱 person:바이퍼 person:자칼,확정,fl:enter_heaven,,"E.H.는 이그조틱 리더를 자원했다 — 이그조틱만이 아우터 림에서 활동하며 그곳을 지킬 수 있다고 보았고, 방주 테러 때 뒤통수를 친 바이퍼 · 자칼에게는 '각자 대가를 치르고 있다'며 원한도 복수심도 없다고 했다"
F2488,사실,140,2026-03-05,fl:enter_heaven,0,0,,0,1,,,,,,140,2,,person:지휘관 person:E.H.,확정,fl:enter_heaven,,"벽의 [빛] 글자에 팬 홈은 함정 장치였다 — 누른 지휘관은 아래로 떨어져 '바이퍼나 자칼이 아니라고?' 하던 남자에게 둔기로 맞아 기절했고, 깨어난 냉동창고에는 범인을 알아내 접선 장소에 갔다가 수면 가스를 맞은 E.H.가 함께 갇혀 있었다"
F2489,사실,140,2026-03-05,fl:enter_heaven,1,1,101,0,0,,,,,,140,2,,person:지휘관 person:E.H.,확정,fl:enter_heaven,,둔기에 맞아 피를 많이 흘린 지휘관의 머리 상처는 깨어났을 때 벌써 아물어 있어 E.H.가 놀랐다
F2490,사실,140,2026-03-05,fl:enter_heaven,2,1,44,0,0,,,,,,140,2,J21,person:E.H. person:잉그리드 person:엘리시온_프랑카 org:엘리시온 org:엔터_헤븐,확정,fl:enter_heaven,,"E.H.의 예전 이름은 엘리시온 하퍼다 — 이름에 '엘리시온'이 들어가는 것은 엘리시온의 차기 CEO(후계자)라는 뜻이고, E.H.와 잉그리드는 어머니가 같은 이부 자매(E.H.가 동생)이며 그 어머니가 전 엘리시온 CEO였다 — 본명을 버리면서 E.H.를 엔터 헤븐의 약자로 삼았다"
F2491,사실,140,2026-03-05,fl:enter_heaven,0,0,,0,0,,,,,,140,1,,org:엘리시온 person:엘리시온_프랑카 person:잉그리드 person:E.H. concept:지상_탈환,확정,fl:enter_heaven,,"과거의 엘리시온은 오직 [인류의 힘]만 추구했다 — 어머니 엘리시온 프랑카는 강한 자만 살아남아 더 강해져야 인류가 지상 탈환을 이룬다며 광적으로 강함을 좇았고, 후계자도 강한 순으로 정하려 잉그리드와 하퍼를 늘 시험대에 올려 시험에서 이긴 하퍼가 후계자가 되었다"
F2492,사실,140,2026-03-05,fl:enter_heaven,0,0,,0,0,,,,,,140,1,,place:아우터_림 org:엘리시온 org:중앙_정부 person:엘리시온_프랑카,확정,fl:enter_heaven,,E.H.에 따르면 아우터 림 방벽은 중앙 정부의 의뢰로 엘리시온이 공사를 주도해 만들었다 — 쓰레기와 인간이 사는 곳은 분리해야 한다던 어머니는 그곳에 사람이 산다는 것을 알면서도 도박 · 쾌락으로 재산을 탕진한 쓰레기들이라 했다
F2493,사실,140,2026-03-05,fl:enter_heaven,0,0,,0,1,,,,,,140,1,,person:E.H. place:아우터_림,확정,fl:enter_heaven,,"방벽 프로젝트 막바지에 어머니 대신 최종 점검을 간 하퍼는, 불빛이 예뻐서 다이너마이트 심지에 불을 붙이던 — 그곳이 집이라는 — 아우터 림 아이들에게 막대 폭죽을 켜 주며 불꽃은 이런 것에만 붙이라고 했고, 그곳에도 사람이 산다는 것을 외면해선 안 된다고 생각했다"
F2494,사실,140,2026-03-05,fl:enter_heaven,0,0,,0,0,,,,,,140,1,,person:E.H. person:엘리시온_프랑카 place:아우터_림 org:엘리시온,확정,fl:enter_heaven,,"어머니는 하퍼의 [아우터 림 주민 생활 개선 계획서]를 그곳엔 쓰레기뿐이고 쓰레기장에서 태어난 아이도 쓰레기라며 내던지고 이해 못 하면 후계자 자격이 없다고 했다 — 하퍼는 후계자 자리를 버렸고, 화난 어머니가 아무것도 못 들고 나가게 해 무장만 지닌 빈털터리로 아우터 림에 들어갔다"
F2495,사실,140,2026-03-05,fl:enter_heaven,0,0,,0,0,,,,,,140,1,J21,person:E.H. person:잉그리드 org:앱솔루트 org:익스터너 org:엘리시온,확정,fl:enter_heaven,,"떠나는 하퍼는 강자가 약자를 도와 함께 강해지는 [인간의 강함]을 증명하겠다며, 잉그리드가 함께하자던 인류의 기술 · 전술로 인간과 니케를 강화하는 계획에서 빠지고 잉그리드가 만들 새 정예 [앱솔루트](최고의 택티컬) · [익스터너](폭주 니케 통제)를 멀리서 기다리겠다고 했다"
F2496,사실,140,2026-03-05,fl:enter_heaven,0,0,,0,0,,,,,,140,1,,org:엔터_헤븐 person:E.H. place:아우터_림,확정,fl:enter_heaven,,"더 많은 빛과 격벽 너머 세상을 바라는 사람들에게 하퍼가 '천국을 향해 가자 … 격벽을 넘어 빛이 넘치는 세계로, [천국]으로 돌아가자'고 외친 데서 그들은 [엔터 헤븐]이라는 이름을 갖게 되었다"
F2497,사실,140,2026-03-05,fl:enter_heaven,0,0,,0,0,,,,,,140,1,,org:엔터_헤븐 org:언더월드_퀸 place:아우터_림 person:E.H.,확정,fl:enter_heaven,,"처음 엔터 헤븐은 자경단에 가까웠다 — 주민에게 (어두운 일이라도) 직업과 일한 대가를 당연한 규칙으로 만들고, 터줏대감 갱들과 결판을 내 암묵적 동맹을 맺었으며, 평화적으로 인권만 주장한다는 조건으로 언더월드 퀸과 서로 보호하는 협약을 맺어 그 뒷배로 갱들이 주민의 집을 지키게 했다"
F2498,사실,140,2026-03-05,fl:enter_heaven,0,0,,0,0,,,,,,140,1,,org:엔터_헤븐 concept:아웃로 org:중앙_정부 place:방주,확정,fl:enter_heaven,,"엔터 헤븐은 격벽을 몰래 넘어 포스터를 붙이고 '아우터 림을 빛으로! 아웃로를 빛으로!'를 외쳤지만 — 그때는 아웃로가 위협으로 여겨지지 않아 드나들기 쉬웠다 — 시민 대다수는 무관심했고, 수백 번 보낸 요청서 끝에 중앙 정부가 잡은 만남에는 아무도 나오지 않는 일이 거듭되었다"
F2499,사실,140,2026-03-05,fl:enter_heaven,1,1,17,0,0,,,,,,140,2,,person:크로우 org:엔터_헤븐 person:E.H. org:중앙_정부 concept:아웃로 org:언더월드_퀸,확정,fl:enter_heaven,,"크로우도 엔터 헤븐 단원이었다 — 아우터 림 태생으로 처음엔 헌신적이었으나 하퍼가 없는 사이 세력을 키워 중앙 정부 주요 시설 폭탄 계획(혁명)을 들고 왔고, 하퍼는 아웃로 모두를 쏠 명분을 주고 언더월드 퀸과의 협약도 깬다며 거부했다 — 크로우는 슬로건을 [엔터 헤븐은] 빛으로로 바꾸자 했다"
F2500,사실,140,2026-03-05,fl:enter_heaven,1,0,140,0,1,,,,,,140,1,,org:엔터_헤븐 person:크로우 incident:AFX_열차_테러 org:엘리시온 person:E.H.,확정,fl:enter_heaven,,"그 뒤 엔터 헤븐은 온건파와 크로우가 이끄는 강경파로 갈렸고, 하퍼에게 비밀로 한 그 테러 계획이 장소만 바뀌어 엘리시온이 운영하는 AFX 열차 폭탄 테러로 실행되었다 — 범인은 기폭 직전 [엔터 헤븐은 빛으로!]를 외쳤고, E.H.는 방주 최악의 테러가 크로우에 의해 일어났다고 했다"
F2501,사실,140,2026-03-05,fl:enter_heaven,0,0,,0,0,,,,,,140,1,,org:엔터_헤븐 org:중앙_정부 person:엘리시온_프랑카 person:E.H. org:엘리시온 incident:AFX_열차_테러,확정,fl:enter_heaven,,"AFX 테러로 엔터 헤븐과 아우터 림이 방주에 알려지고 중앙 정부 초기 대처 비판이 일자 중앙 정부가 협상을 제안했고, '사태를 수습하고 싶다면 와라'는 어머니의 메시지에 하퍼 일행이 무장하고 나갔다 — 그 자리는 어머니가 만든 함정으로, 엘리시온 최신 무기를 든 양산형 니케들이 곧바로 쏘아 하퍼와 그를 업고 창밖으로 뛰어내린 동료 단 둘만 살아남았다"
F2502,사실,140,2026-03-05,fl:enter_heaven,0,0,,0,0,,,,,,140,1,J21,org:엔터_헤븐 person:E.H. person:엘리시온_프랑카 person:잉그리드 org:엘리시온,확정,fl:enter_heaven,,"학살 뒤 온건파 대다수가 강경파로 넘어가 방주 전역에 테러가 이어졌고 하퍼는 원치 않게 테러 조직의 리더가 되어 '사람을 죽이지 않는 테러'를 설득할 수 있을 뿐이었다 — 어머니는 엔터 헤븐 수장을 죽이지 못한 책임을 지고 CEO에서 물러나 잉그리드가 급히 CEO를 물려받았고, 하퍼는 그날부터 이름을 버리고 E.H.로만 살았다"
F2503,사실,140,2026-03-05,fl:enter_heaven,0,0,,0,0,,,,,,140,1,,person:바이퍼 person:지휘관 person:E.H. person:멜런 org:엔터_헤븐,확정,fl:enter_heaven,,"바이퍼는 악수할 때 지휘관 소매에 붙인 추적기로 냉동창고를 찾아 벽을 폭파해 둘을 구했고, 위층에서 도청하던 범인 — 옛 엔터 헤븐 단원 멜런 — 을 붙잡았다"
F2504,사실,140,2026-03-05,fl:enter_heaven,0,0,,0,0,,,,,,140,1,,person:멜런 person:E.H. org:엔터_헤븐 person:크로우,확정,fl:enter_heaven,,"멜런은 E.H.가 중앙 정부의 개 · 니케가 된 것을 원망해 이 일을 벌였다 — E.H.는 수단이 잘못되면 메시지는 의미를 잃어 엔터 헤븐의 테러는 범죄일 뿐이고, 모든 것을 시작한 자기가 그 이름으로 지은 죄를 책임지려 했으며 죽어 가는 몸으로 더 오래 속죄하려 니케가 되었다고 했다"
F2505,사실,140,2026-03-05,fl:enter_heaven,0,0,,0,0,,,,,,140,1,,person:멜런 person:E.H. org:엔터_헤븐,확정,fl:enter_heaven,,엘리시온 후계자 대신 아우터 림을 고른 것을 후회하느냐는 멜런의 물음에 E.H.는 아우터 림에 온 것만은 단 한 번도 후회한 적 없다고 했다 — 엔터 헤븐을 떠나 '우리'를 포기하라는 말에 멜런은 제 몫의 죄는 제가 가져가겠다며 숨겨 둔 기폭 장치로 [엔터 헤븐은 빛으로]를 외치고 자폭했다
F2506,사실,140,2026-03-05,fl:enter_heaven,0,0,,0,0,,,,,,140,1,,person:지휘관 person:잉그리드 person:E.H. org:엔터_헤븐,확정,fl:enter_heaven,,지휘관은 잉그리드에게 E.H.가 엔터 헤븐 해체를 거짓 보고할 리 없다 — 지난 죄를 외면하지 않고 속죄하겠다는 것은 진심이다 — 고 판단했고 잉그리드는 이를 상부에 전하기로 했다 — 잉그리드는 지금 하는 말과 행동은 잊으라며 '동생의 이야기를 들어줘서 고마웠다'고 고개를 숙였다
F2507,사실,140,2026-03-05,char:113,0,0,,0,0,,,,,,140,1,,person:E.H. place:아우터_림,확정,char:113,,"E.H.는 아우터 림을 돌며 노후해 금방 꺼지는 전등을 주기적으로 고치고 굶주린 이에게 식량, 다친 이에게 치료를 준다 — 도움을 달가워하지 않는 사람도 있을 것이라며 모자를 깊게 눌러써 정체를 숨겨, 아무도 그를 알아보지 못한다"
F2508,사실,141,2026-03-19,fl:2x2_love_1ch,0,0,,0,0,,,,,,141,1,,person:에테르 person:지휘관 place:미미르_부속_고등학교,확정,fl:2x2_love_1ch,,"에테르에 따르면 미미르 부속고에 대한 일반 시민의 인식이 나빠 위쪽이 학교 지원이 끊길까 걱정해, 올해는 시민도 참여할 수 있는 축제를 여는 '미미르 부속고 인식 개선 프로젝트'를 하기로 했고 — 그 분위기를 풀 사람으로 지휘관을 축제가 끝날 때까지 학교 기숙사에 들여보냈다"
F2509,사실,141,2026-03-19,fl:2x2_love_1ch,0,0,,0,0,,,,,,141,1,,person:프리바티 person:아르카나 person:지휘관 place:미미르_부속_고등학교,확정,fl:2x2_love_1ch,,"이 프로젝트로 프리바티는 축제까지 특별 선생님으로 정식 채용되어 통합 P반 담임을 맡고, 아르카나는 교내 도서실 특별 관리 학생으로 들어갔으며, 지휘관은 스스로 골라 학생(전학생) 또는 통합 P반 부담임이 되었다 — 입학 시기가 아니라 새로 오는 학생은 모두 전학 처리되는데, 미미르 부속고 같은 학교는 따로 없어 말만 전학이다"
F2510,사실,141,2026-03-19,fl:2x2_love_1ch,0,0,,0,0,,,,,,141,1,,person:에이미 person:아르카나 person:지휘관 person:아인 person:라이 person:츠바이,확정,fl:2x2_love_1ch,,"새 학기 연설에서 전학생 대표로 인사한 에이미는 지휘관 · 아르카나와 함께 통합 P반(아인 · 라이 · 츠바이의 반)에 전학생으로 들어왔고, 아르카나와 기숙사 2인실을 같이 쓰는 룸메이트가 되었다"
F2511,사실,141,2026-03-19,fl:2x2_love_1ch,0,0,,0,0,,,,,,141,1,,person:프리바티 person:지휘관,확정,fl:2x2_love_1ch,,"지휘관이 학생이 된 이유를 '학창 시절의 기억이 없어서'라 하자, 프리바티는 학생들이 학교 밖에서 어디를 다니는지 조사한다는 핑계로 반 아이들과 햄버거 가게 · 노래방에 데려가 평범한 학창 시절의 추억을 만들어 주었다고 털어놓았다"
F2512,사실,141,2026-03-19,fl:2x2_love_1ch,1,0,141,0,0,,,,,,141,1,,person:프리바티 person:지휘관,확정,fl:2x2_love_1ch,,프리바티는 지휘관에게 추억을 만들어 주자며 반 아이들과 친해지게 해 놓고 지휘관 곁에 붙은 학생들을 질투하는 자신이 싫어 잠을 못 자고 지휘관에게 쌀쌀맞게 굴었다고 털어놓았다 — 선생으로서 하면 안 되는 생각이라 정리하려 했지만 정리되지 않았다
F2513,사실,141,2026-03-19,fl:2x2_love_1ch,0,0,,0,1,,,,,,141,1,,person:아르카나 person:지휘관 person:에이미,확정,fl:2x2_love_1ch,,"아르카나는 이번 학교생활을 위해 '청춘 라이프 버킷 리스트'(수업 땡땡이 · 백허그 받기 …)를 적어 와 지휘관에게 건넸고, 지휘관은 함께하기로 약속했다 — 아르카나는 카메라를 선물하며 좋은 추억을 많이 남기자 했고, 지휘관이 골라 준 대로 에이미와 셋의 사진부(또는 둘의 점술부)를 만들었다"
F2514,사실,141,2026-03-19,fl:2x2_love_1ch,1,0,141,0,2,,,,,,141,1,,person:아르카나 person:에이미 place:금서고 person:지휘관,확정,fl:2x2_love_1ch,,"아르카나에 따르면 에이미는 처음 생긴 또래 친구이고, 지휘관을 만나기 전 금서고에서는 이야기할 사람이 있었으면 해서 금기를 무릅쓰고 혼자 위저 보드를 했다 — 지금은 예전보다 자주 나올 수 있지만 잠깐씩이라, 이렇게 오래 지휘관과 단둘이 지내는 것은 처음이다"
F2515,사실,141,2026-03-19,fl:2x2_love_1ch,0,0,,1,1,,,,,,141,2,,person:프리바티 person:에이미 person:지휘관 place:미미르_부속_고등학교,확정,fl:2x2_love_1ch,,"프리바티가 통합 P반에 외부인도 자유롭게 드나드는 축제를 연다며 반 · 동아리별 테마를 정하게 했고 지휘관의 제안으로 메이드 카페가 되려던 참에, 에이미가 이곳은 니케들이 교육과 훈련을 받아 성과를 내는 곳인데 사서 광대 짓이나 하러 온 게 아니라며 참여를 거부하고 교실을 나갔다"
F2516,사실,141,2026-03-19,fl:2x2_love_1ch,0,0,,0,0,,,,,,141,1,,place:미미르_부속_고등학교 org:미실리스 person:에이미,확정,fl:2x2_love_1ch,,"에이미에 따르면 미미르 부속고에는 미실리스에서 만들어진 '애매하게 뛰어난' 니케 가운데 성장 가능성이 보이는 니케가 들어오고, 매번 시험에서 합격 점수를 받아야 하며 대부분의 학생이 졸업하지 못한다"
F2517,사실,141,2026-03-19,fl:2x2_love_1ch,0,0,,1,0,,,,,,141,1,J55,person:에이미,확정,fl:2x2_love_1ch,,"에이미는 직전 성적이 가장 좋아 전학생 대표 연설을 맡았지만 학교에 들어오기 전부터 버틸 수 있을지 무서웠고, 생각과 달리 평범한 학교생활에 이 학교가 어떤 곳인지 잊고 지내다 축제 이야기에 '학생이기 전에 니케'라는 현실을 떠올려 참여를 거부했다 — 아르카나 · 지휘관과 이야기한 뒤 프리바티에게 사과했지만 아직 마음의 준비가 안 되었다고 했다"
F2518,사실,141,2026-03-19,fl:2x2_love_1ch,0,0,,1,0,,,,,,141,1,,person:프리바티 place:미미르_부속_고등학교,확정,fl:2x2_love_1ch,,"프리바티는 축제가 학교 인식 개선만이 아니라 학생 모두가 즐길 수 있는 것이 되길 바라, 축제 기간과 겹치는 시험의 취소를 상부에 건의했고(또는 축제 준비 · 진행 기간을 중간고사 한 번으로 대체한다는 약속을 위쪽에서 받아 냈다) — 그 뒤 미미르 부속고는 본격적인 축제 준비에 들어갔다"
F2519,사실,141,2026-03-19,fl:2x2_love_1ch,1,0,141,0,0,,,,,,141,1,,person:아르카나 concept:기억_소거,확정,fl:2x2_love_1ch,,"아르카나는 미미르 부속고에서 보낸 시간은 기억 소거를 받지 않아도 된다는 말을 듣고, 지휘관과 만든 추억을 평생 간직할 수 있다는 것이 믿어지지 않아 울었다고 했다 — 학교에 오게 된 것을 몹시 기뻐하며 이 학교생활을 '평생 깨어나고 싶지 않은 꿈'이라 불렀다"
F2520,사실,141,2026-03-19,fl:2x2_love_1ch,2,0,141,0,0,,,,,,141,1,,person:아르카나 place:금서고,확정,fl:2x2_love_1ch,,"아르카나는 인간이었을 적과 니케가 된 지 얼마 안 됐을 때의 기억을 지니고 있다 — 사명감 하나로 금서고를 맡았고, 그 무렵(인간 때도) 차갑고 냉정해 보인다는 말을 많이 들었으며, 일을 시작한 뒤로 거의 모든 시간을 혼자 지내 왔다고 했다"
F2521,사실,141,2026-03-19,fl:2x2_love_1ch,0,0,,0,0,,,,,,141,1,,person:아르카나 place:금서고,확정,fl:2x2_love_1ch,,"아르카나는 사명을 잠시 내려놓고 단 한 명뿐인 소중한 사람과 보내는 시간이 처음이라 다시 돌아가기 싫을 만큼 풀어졌다고 했다가 '저 아니면 금서고 누가 지키겠어요'라며 농담으로 돌렸고, 자기는 원래 의존적이고 멘탈이 약한, 사명감 투철하지 않은 평범한 사람이라고 했다"
F2522,사실,141,2026-03-19,fl:2x2_love_1ch,1,0,141,0,0,,,,,,141,1,,person:아르카나 place:미미르_부속_고등학교,확정,fl:2x2_love_1ch,,"아르카나가 교내 도서실에 도서 위원(특별 관리 학생)으로 들어온 일은, 예전에 전자 문서와 따로 책으로 보관해 둔 옛 회의록 같은 문서들을 버릴 것은 버리고 정리하는 것이다 — 축제 시작 전까지 거의 끝낼 참이다"
F2523,사실,141,2026-03-19,fl:2x2_love_1ch fl:2x2_love_2ch,0,0,,0,0,,,,,,141,2,,place:미미르_부속_고등학교 person:에이미 person:아르카나,확정,fl:2x2_love_1ch fl:2x2_love_2ch,,"미미르 부속고에서 축제가 열린 적은 없지만 열릴 때를 대비한 기본 규정은 정해져 있어, 지휘관은 축제 실행 위원은 축제가 성공하면 성과를 인정받을 수 있다며 에이미를 설득했다 — 선생 갈래에서 아르카나는 축제 공지 날 에이미를 끌어들여 함께 실행 위원을 신청했다"
F2524,사실,141,2026-03-19,fl:2x2_love_2ch,0,0,,0,0,,,,,,141,1,J55,person:에테르 person:지휘관 place:미미르_부속_고등학교 org:미실리스,확정,fl:2x2_love_2ch,,"축제가 끝나 임무를 마친 지휘관은 지휘관실로 돌아왔고, 에테르는 지휘관의 보고서와 축제 방문 통계 · 수익을 차트로 정리해 상부에 올렸다 — 설문에서 학생도 손님도 모두 호평이었고, 미실리스가 밀어줘 일반 학교 축제보다 규모가 컸지만 학생들이 제대로 즐긴 덕에 다들 '평범한 학생'임을 알게 되었다며 임무 성공이라 했다"
F2525,사실,141,2026-03-19,fl:2x2_love_2ch,1,0,141,0,1,,,,,,141,2,,person:프리바티 person:지휘관,확정,fl:2x2_love_2ch,,"학생 갈래에서 프리바티는 '다시 없을, 그전에도 없었던' 지휘관의 학창 시절이 자기로만 채워지지 않고 다채로운 추억으로 남도록, 축제 업무를 핑계로 옥상 보충 수업을 멈추고 일부러 거리를 두었다"
F2526,사실,141,2026-03-19,fl:2x2_love_2ch,0,0,,0,0,,,,,,141,1,,person:에이미,확정,fl:2x2_love_2ch,,"축제 참여를 거부했던 에이미는 반 아이들과 연애 이야기를 나눈 뒤(또는 선생 갈래에서) 메이드 카페의 요리 담당으로 오므라이스를 맡았고, 축제가 끝날 무렵 '시간이 멈췄으면 좋겠을 만큼' 즐거웠다며 즐기는 법을 배웠으니 일상으로 돌아가도 걱정했던 것보다 잘 버틸 수 있을 것 같다고 했다"
F2527,사실,141,2026-03-19,fl:2x2_love_2ch,0,0,,0,0,,,,,,141,1,,place:미미르_부속_고등학교 org:미실리스 person:베스티 person:소라 person:나가 person:티아,확정,fl:2x2_love_2ch,,"미미르 부속고 축제에는 미실리스가 돈을 들인 좀비 로봇 귀신의 집(강당 전체), 앱솔루트의 베스티가 직원으로 초청된 니케용 장난감 런처 사격장(특수 제작 컨테이너), 오버 더 호라이즌의 소라가 스튜어디스로 초청된 직업 체험소(비행기 모형), 나가 · 티아의 음료 부스 같은 부스가 열렸다"
F2528,사실,141,2026-03-19,fl:2x2_love_2ch,0,0,,1,0,,,,,,141,1,,person:에테르 org:미실리스 person:프리바티 person:지휘관 place:미미르_부속_고등학교,확정,fl:2x2_love_2ch,,"선생 · 프리바티 갈래에서 에테르는 축제 날 외부 손님과 미실리스 관계자가 와서 축제를 얼마나 완벽하게 준비했는지 · 방문객이 몇 명인지 판단할 것이고, 기준에 못 미치면 학생들이 즐거워할 이런 이벤트는 이제 없을 것이라 알렸다 — 기준은 말하지 않았다"
F2529,사실,141,2026-03-19,fl:2x2_love_2ch,0,0,,0,0,,,,,,141,1,,person:지휘관 person:프리바티 person:아인 person:츠바이 person:에이미 person:라이 person:루피 person:크러스트,확정,fl:2x2_love_2ch,,"에테르의 예고를 들은 지휘관 · 프리바티는 '완벽한 축제'를 위해 사비를 대 아인(루피의 도움)의 인테리어와 츠바이 · 에이미(크러스트에게 교육)의 오므라이스를 거듭 끌어올리게 했고, 지친 학생들 사이에는 축제 결과가 성적에 들어간다는 소문까지 돌았다 — 프리바티는 사실이 아니라고 했다"
F2530,사실,141,2026-03-19,fl:2x2_love_2ch,0,0,,1,0,,,,,,141,1,,person:자칼 person:바이퍼,확정,fl:2x2_love_2ch,,"선생 · 프리바티 갈래에서 축제 첫날 바이퍼가 사 준 옷을 입은 자칼이 '맛있는 게 많다'며 와서 뛰어다녔고, 그 직후 여러 부스의 재료 · 간식이 먹혀 없어지고 지지대가 부서졌으며 통합 P반 메이드 카페도 날뛴 손님 때문에 엉망이 되고 재료가 사라졌다"
F2531,사실,141,2026-03-19,fl:2x2_love_2ch,0,0,,0,0,,,,,,141,1,,person:프리바티 person:지휘관 org:미실리스,확정,fl:2x2_love_2ch,,"선생 · 프리바티 갈래에서 메이드 카페에 트집을 잡던 깐깐한 손님 둘을 지휘관 · 프리바티는 에테르가 말한 미실리스 관계자로 여겨 쫓아냈지만, 둘은 미실리스 관계자가 아니라 메이드 카페 투어가 취미인 사람들이라 했다"
F2532,사실,141,2026-03-19,fl:2x2_love_2ch,0,0,,0,0,,,,,,141,1,,person:아르카나 place:미미르_부속_고등학교,확정,fl:2x2_love_2ch,,"아르카나는 직접 이름 지은, 고급 이미지의 타로 가게 [운명의 속삭임]을 운영한다 — 월세를 못 내 쫓겨났다가 공실이 나 다시 들어갔고 학교생활로 한동안 닫아 두었다 — 점술부 갈래에서 축제 날 연 '운명의 속삭임 미미르 부속고 지점'에는 용하다는 소문대로 열기 전부터 줄이 섰다"
F2533,사실,141,2026-03-19,fl:2x2_love_2ch,0,0,,0,0,,,,,,141,1,,person:아르카나 person:에이미 person:프리바티 person:아인 person:츠바이,확정,fl:2x2_love_2ch,,"학생 · 아르카나(사진부) 갈래에서 첫날 전시회 손님은 17명, 둘째 날 메이드 카페도 텅 비었는데, 아르카나 · 에이미가 메이드 사진 전단으로 홍보하고 카페 대기 손님이 전시회 인증샷 · 스탬프를 받아 오면 서비스를 주자 둘 다 붐볐고, 마지막 날은 아르카나의 제안과 프리바티가 받아 낸 허가로 두 부스를 합친 '청춘 메이드 카페'를 열었다"
F2534,사실,141,2026-03-19,fl:2x2_love_2ch,1,0,141,0,0,,,,,,141,2,J55,person:아르카나,확정,fl:2x2_love_2ch,,"아르카나 리얼 엔딩에서 아르카나는 학교생활을 돌아보며 '이 꿈이 평생 이어질 수는 없겠지만 추억은 평생 간직할 수 있다'고, 그것을 '[꿈]만 같은 추억'이라 했다"
F2535,사실,141,2026-03-19,fl:2x2_love_2ch,0,0,,0,0,,,,,,141,1,,person:아르카나 person:에테르 place:미미르_부속_고등학교,확정,fl:2x2_love_2ch,,"선생 · 아르카나 갈래에서 축제 실행 위원회를 맡은 지휘관을 위해 아르카나는 도서실 서고의 옛 회의록에서 축제 개최 규정 · 준비 사항을 찾아 정리했고(축제 이름 가안 '이것이 청춘! 제1회 미미르 부속고 축제!'), 에테르는 이를 보고 '역시 베스트셀러 스쿼드'라 했다"
F2536,사실,141,2026-03-19,fl:2x2_love_2ch,0,0,,0,0,,,,,,141,1,,person:켈리 person:아르카나 person:에이미,확정,fl:2x2_love_2ch,,선생 · 아르카나 갈래에서 축제 마지막 날 근처 주민이 불꽃놀이를 하지 말라고 항의했고 학교는 실행 위원회에 판단을 맡겼다 — 찾아가 보니 그는 아르카나가 낮에 엄마를 찾아 준 미아 켈리의 아버지(아내가 둘째를 임신해 걱정)여서 아내의 말로 허락을 받았다(또는 지휘관이 책임지고 강행했다)
F2537,사실,141,2026-03-19,char:583,0,0,,0,0,,,,,,141,1,,person:아르카나 person:지휘관,확정,char:583,,"아르카나는 미미르 부속고에 다녀오며 오랜만에 세상 구경을 한 뒤 그동안 하고 싶던 것들(육아 · 제빵 · 뜨개질 …)을 하러 다니다, 보육교사 자격증을 따고 매달 꿈동산 어린이집 선생님들이 교육받는 날 하루 아이들을 맡아 봉사한다 — 생명의 은인에게 받은 시간을 소중하고 의미 있게 쓰고 싶어서다"
F2538,사실,141,2026-03-19,char:583,0,0,,0,0,,,,,,141,1,,person:아르카나 person:지휘관,확정,char:583,,"미미르 부속고 뒤 연인이 된 지휘관 · 아르카나는 출정 사이에 하루씩만 만나고(아르카나는 여러 번 보면 마음이 약해진다며, 데이트는 늘 방주에 있는 자기가 짠다), 아르카나는 [운명의 수레바퀴] 카드와 학교에서 찍은 둘의 사진을 지휘관에게 지니게 하며 지휘관이 잘못되면 수천 수만 년이라도 그가 해 온 일의 기록을 지키겠다고 했다"
F2539,사실,142,2026-04-09,side:pretty_star,0,0,,0,0,,,,,,142,1,,person:오스왈드 person:프리시아 org:갓데스 org:엘리시온 org:중앙_정부,확정,side:pretty_star,,방주 밀봉 뒤 중앙 정부 특무실장 '헬하운드'를 은퇴해 엘리시온 훈련 고문이 된 오스왈드는 양녀 프리시아와 살았다 — 영웅들을 배신해 지상에 버렸다는 자기혐오로 수없이 끝내려 했지만 그때마다 프리시아 덕에 구원받았다
F2540,사실,142,2026-04-09,side:pretty_star,0,0,,0,1,,,,,,142,2,,org:중앙_정부 concept:니케포비아 org:니케_인권_위원회 concept:지상_탈환 person:프리시아 person:오스왈드,확정,side:pretty_star,,"방주로 내려온 지 얼마 안 되어 중앙 정부는 지상 탈환전 실패를 '니케의 활약도 부족' 탓으로 공식화하고 욕받이로 니케포비아를 방치했다 — 니케포비아와 니케 인권 위원회가 거리에서 부딪쳤고, 프리시아는 오스왈드의 만류에도 위원회 팀장이 되었다"
F2541,사실,142,2026-04-09,side:pretty_star,0,0,,0,0,,,,,,142,1,,person:프리시아 person:오스왈드 concept:니케포비아 org:테트라 org:니케_인권_위원회,확정,side:pretty_star,,"니케 인권 위원회 연설에 난입한 니케포비아와의 몸싸움에 목이 부러져 전신이 마비된 프리시아는 사후 니케 전환에 서명해 두었고, 오스왈드의 결정으로 기억 잔류 확률이 가장 높은 테트라 라인에서 기억이 온전한 니케가 되었다"
F2542,사실,142,2026-04-09,side:pretty_star,0,0,,0,0,,,,,,142,1,,person:머스탱 org:테트라 org:중앙_정부 person:한슨 concept:지상_탈환,확정,side:pretty_star,,"머스탱은 방주를 지을 때 윗선에 막대한 돈을 먹이고 니케 제작 기술과 방주 안 니케 엔터테인먼트 사업 독점권을 따내 니케 연예인들을 준비해 두었지만, 지상 탈환전 패배 뒤 중앙 정부가 니케 탓을 선포해 사업이 무산되다시피 하고 시청률이 떨어졌다"
F2543,사실,142,2026-04-09,side:pretty_star,1,1,55,1,0,,,,,,143,3,,person:프리시아 person:오스왈드 person:릴리바이스 person:에닉 org:중앙_정부,확정,side:pretty_star,,"니케가 된 프리시아의 전투 능력치는 릴리바이스에 준하는 '포스트 릴리바이스'급이었지만, 오스왈드는 프로파간다로 이용되어 전장에 나가지 않게 하려고 옛 특무대 동료에게 데이터를 평범한 니케로 조작해 달라고 했다 — 에닉이 그때는 방주 시설 관리만 맡아 가능했다"
F2544,사실,142,2026-04-09,side:pretty_star,0,0,,0,0,,,,,,142,1,,person:한슨 person:미세스_미스 person:프리시아 person:오스왈드 org:테트라 org:니케_인권_위원회,확정,side:pretty_star,,테트라 이사 한슨과 프로듀서 미세스 미스는 니케포비아가 시민의 절반인 때 '니케 인권을 위해 싸우다 죽은 이가 니케가 되어 다시 싸운다'는 사연으로 프리시아를 연예인으로 데뷔시켜 테트라의 반전과 니케 인권 신장을 노렸다 — 오스왈드는 한슨이 매니저로 붙고 [다른 쪽]에 보내지 않는 조건으로 허락했다
F2545,사실,142,2026-04-09,side:pretty_star,0,0,,0,0,,,,,,142,1,,person:프리티 person:프리시아 incident:갓데스_폴 org:테트라,확정,side:pretty_star,,"프리시아는 활동명 프리티로 방주 전역에 생중계된 데뷔 무대(시청률 41%)와 데뷔곡 [프리티 스타]로 방주 최초의 연예인 니케이자 스타가 되었고, 팬들이 니케 인권에 의문을 갖고 갓데스 폴 사건까지 재조명되며 니케를 보는 시선이 크게 바뀌었다"
F2546,사실,142,2026-04-09,side:pretty_star,1,1,90,0,3,,,,,,144,3,J24,person:아니스 person:프리티,확정,side:pretty_star,,"인간 시절 아니스는 방주에서 태어나자마자 버려져 시설을 전전하다 사립 학교에 취약 계층 특별 입학했지만 반장 무리에게 따돌림당했고, 반년 넘게 무시당한 끝에 옥상에서 뛰어내리려다 방주에 울린 프리티의 데뷔곡을 듣고 살기로 했다"
F2547,사실,142,2026-04-09,side:pretty_star,1,0,142,0,3,,,,,,144,3,,person:머스탱 org:테트라 concept:With_Nikke org:니케_인권_위원회 person:프리티,확정,side:pretty_star,,"프리티의 인기에 힘입어 머스탱은 테트라 라인이 니케 인권 신장을 지지한다며 [With Nikke] 캠페인을 펼쳐 전권을 니케 인권 위원회에 맡기고 후원했고, 프리티는 위원회 홍보 대사가 되었다 — 친 니케 기업이 된 테트라의 주가는 치솟았다"
F2548,사실,142,2026-04-09,side:pretty_star,1,0,142,0,0,,,,,,142,1,J24,person:머스탱 person:미세스_미스 org:쉐이드 org:중앙_정부 person:프리티,확정,side:pretty_star,,"머스탱은 중앙 정부를 달래려 데뷔를 준비하던 니케들 — 미세스 미스가 키운, 테트라에 빚진 — 을 좋은 파츠를 달아 정부 높으신 분들에게 하나씩 보내 약점으로 쥐었고, 안 먹히면 쉐이드를 보내 목을 따면 된다 했으며, 프리티를 돈 · 권력 · 호화 생활에 길들이라 했다"
F2549,사실,142,2026-04-09,side:pretty_star,0,0,,0,0,,,,,,142,1,,person:머스탱 person:프리티 org:중앙_정부 person:미세스_미스,확정,side:pretty_star,,"머스탱은 정계에 나가 방주 전체를 손에 넣으려 프리티를 중앙 정부 홍보 대사로 팔고 그 대가로 정부 요직에 앉으려 했다 — 미세스 미스가 반대하고 프리티가 거부하자, 은퇴시키고 '니케포비아 출신'이라는 루머를 뿌리겠다고 협박하며 2년만 가라고 했다"
F2550,사실,142,2026-04-09,side:pretty_star,1,0,142,0,0,,,,,,142,1,,person:오스왈드 person:머스탱 person:프리시아 org:갓데스 org:테트라 org:중앙_정부,확정,side:pretty_star,,"오스왈드는 옛 특무대 동료의 도움으로 테트라의 비리 파일(중앙 정부에 니케를 주기적으로 파견한 기록)을 들고 머스탱에게 프리티를 건드리지 말라 경고했지만, 머스탱은 오스왈드가 갓데스를 지상에 버린 것을 안다며 문밖의 프리시아가 듣게 했고 오스왈드는 이유는 말하지 못한 채 자기가 했다고 인정했다"
F2551,사실,142,2026-04-09,side:pretty_star,0,0,,0,0,,,,,,142,1,,person:프리티 concept:니케포비아 org:중앙_정부 org:테트라 person:오스왈드,확정,side:pretty_star,,오스왈드에게 등을 돌리고 테트라의 저택에서 지내며 흐트러지던 프리티는 술 난동 기자 회견 날 대 니케용 화기를 든 니케포비아 20여 명에게 습격당했고 — 중앙 정부 양산형 니케들이 진압하며 사람 · 니케가 죽었다 — 다음 날 모든 활동을 멈추고 첫 긴 휴식에 들어가 그사이 니케 대우가 다시 나빠졌다
F2552,사실,142,2026-04-09,side:pretty_star,1,1,90,0,0,,,,,,142,2,,person:프리티 person:아니스,확정,side:pretty_star,,"휴식 중 밤 공원에서 프리티는 17살 팬 아니스를 만났다 — 아니스는 반에서 잘나가는 애와 싸워 따돌림당했지만 프리티 노래로 이겨냈고, 반장이 망신 주려 떠민 장기자랑에서 [프리티 스타]를 하겠다고 해 프리티가 춤을 봐 주었으며, 프리티를 '영원한 우상'이라 했다"
F2553,사실,142,2026-04-09,side:pretty_star,0,0,,0,0,,,,,,142,1,,person:프리시아 person:오스왈드 person:미세스_미스 org:갓데스,확정,side:pretty_star,,"미세스 미스에게 '영원한 우상은 없다'는 말을 듣고 오스왈드에게 돌아간 프리시아는 망가진 그를 보고 화해했다 — 오스왈드는 이유는 말할 수 없지만 자기 우상 · 모두의 우상이 망가지는 것을 보고 싶지 않아 갓데스를 버렸다 했고, 프리시아는 그것을 '영원한 우상으로 남기기 위해서'로 이해했다"
F2554,사실,142,2026-04-09,side:pretty_star,1,0,142,0,0,,,,,,142,1,,person:프리티 person:미세스_미스 concept:니케포비아,확정,side:pretty_star,,"프리티는 미세스 미스에게만 계획을 밝혔다 — 최정점에 섰을 때 콘서트를 열면 니케포비아가 움직일 테니 그곳에서 죽어 퇴색하지 않는 '영원한 우상'이 되겠다고, 그래서 경량화 바디로 갈아 끼우고 이마를 약하게 해 두었다 — 그리고 다음 '방주의 별'을 찾아 달라고 했다"
F2555,사실,142,2026-04-09,side:pretty_star,0,0,,0,0,,,,,,142,1,,person:프리티 concept:니케포비아 person:에닉 org:니케_인권_위원회 concept:니케,확정,side:pretty_star,,"프리티를 쏜 셋은 20분 만에 잡혀 위원회의 성장을 막으려 했다고 자백한 극단적 니케포비아였고 자백 뒤 행방이 사라졌다 — 방주의 별이 살해된 뒤 니케포비아는 비난받아 급속히 힘을 잃었고, 에닉이 법을 고쳐 니케를 함부로 다루는 것이 범죄가 되며 니케 인권이 치솟았다"
F2556,사실,142,2026-04-09,side:pretty_star,3,3,17,0,3,,,,,,144,5,J24,person:아니스 person:한슨 person:프리티 org:테트라,확정,side:pretty_star,,"콘서트에서 죽은 5명 가운데 뇌가 무사한 여성은 테트라가 책임지고 니케로 만들었는데, 총잡이를 붙잡다 쓰러져 짓밟힌 아니스도 그중 하나였다 — 한슨은 깨어난 아니스에게 '방주에는 프리티 같은 별이 필요하다'며 아이돌을 권했고, 아니스는 희망을 주는 별이 되겠다고 했다"
F2557,사실,142,2026-04-09,side:pretty_star,0,0,,0,1,,,,,,144,2,,person:머스탱 person:미세스_미스 person:프리티 org:테트라,확정,side:pretty_star,,"프리티가 죽자 머스탱은 쏟은 돈과 '내 자리'가 날아갔다며 화냈고, 미세스 미스는 '찾을 것'이 있다며 테트라를 그만두었다 — 머스탱은 전화로 온 누군가의 요구에 프리티의 바디를 넘기기로 하며 '죽어서도 도움이 된다'고 했다"
F2558,사실,142,2026-04-09,side:pretty_star,5,5,30,0,0,,,,,,142,6,J6,person:오스왈드 org:갓데스 person:아니스 org:중앙_정부,확정,side:pretty_star,,"아니스의 무대를 보러 다니던 오스왈드는 프리시아는 세상이 기억해 줄 것이라며, 기록만 남겨도 중죄가 된 갓데스의 기록을 옛 특무대 동료의 도움으로 중앙 정부의 눈을 피해 머리가 하얗게 셀 때까지 써서 끝냈다"
F2559,사실,142,2026-04-09,side:pretty_star,0,0,,0,0,,,,,,142,1,J6,person:오스왈드 person:아서 person:버닝엄 org:베스트셀러 org:갓데스,확정,side:pretty_star,,"오스왈드는 임무 중 순직한 옛 특무대 동료의 아들 아서를 입양해 키웠고, 아서의 아들이 버닝엄이다 — 아서는 오스왈드의 의지로 베스트셀러 스쿼드가 만들어져 잊혀선 안 될 기록이 후대까지 이어지고 언젠가 세상에 나올 것이라 했다"
F2560,사실,142,2026-04-09,fl:good_world,0,0,,0,0,,,,,,142,1,,person:백학 person:지휘관 org:카운터스,확정,fl:good_world,,"[지하]에 있던 백학은 TV에서 카운터스가 지상 일부를 되찾아 중앙 정부가 '주둔지 01'이라 칭했다는 뉴스와 지휘관의 이름 · 얼굴을 보고 '그 아이가 저렇게 자랐다'며 알아보았고, 책상 위 오래된 서류를 보며 '약속의 때'가 왔다고 오랜만에 방주로 올라왔다 — 백학은 처음 만난 지휘관에게 '그 어렸던 아이가 이렇게 잘 자랐다'고 했다"
F2561,사실,142,2026-04-09,fl:good_world,0,0,,0,0,,,,,,142,1,,person:백학 place:방주,확정,fl:good_world,,"백학은 [계약]이라는 특수한 일을 수행하려고 만들어진 니케로 니케 이전의 기억이 없고, 방주에 들어오기 전 연구소에서 계약 교육을 받았다 — 쉽게 말할 수 없는 수많은 계약을 알고 있어 반은 의무로 반은 자원해 [지하]에 머물며 일 말고는 밖에 나오지 않았고, 테트라 TV와 재단 아이들이 매년 보낸 편지로 방주를 보았다 — 그래서 휴대폰 지도 · 무료 AZX · 키오스크도 몰랐다"
F2562,사실,142,2026-04-09,fl:good_world,0,0,,0,0,,,,,,142,1,,person:총사령관 person:백학 person:사라 person:올리버 person:레오,확정,fl:good_world,,"총사령관은 자기 재산으로 부모를 잃고 방주에 들어온 아이들을 위한 [재단]을 세워 성인이 될 때까지 후원하게 했고, 후원을 당연히 여기거나 돈이 탐욕에 새지 않게 재단이 백학과 계약해 아이들이 매년 방주의 변화를 기록한 편지를 백학에게 보내게 했다 — 계약을 어기면 백학이 타이름 · 경고 · 무력 순으로 제재했고, 100명이 넘던 아이들 가운데 계약 종료까지 남은 이는 사라 · 올리버 · 레오 셋뿐이었다(나머지는 병 · 사고로 죽거나 제재를 받았다)"
F2563,사실,142,2026-04-09,fl:good_world,0,0,,0,0,,,,,,142,1,,person:사라 place:언더_그레이스 item:이터널_라이프 concept:니케포비아 person:프리티,확정,fl:good_world,,"재단의 후원을 받은 전쟁고아 사라는 로열 로드에 카페 [언더 그레이스]를 차렸고 이터널 라이프로 젊다 — 계약 종료의 마지막 물음 '방주는 이전보다 좋은 세계가 되었나'에 사라는, 삶은 나아졌지만 마음은 병들어 니케포비아가 생겼고 니케 인권이 2차 지상 탈환전 때보다 나아졌어도 사건마다 니케 탓을 한다며 '조금도 좋아지지 않았다'고 답했다"
F2564,사실,142,2026-04-09,fl:good_world,0,0,,0,0,,,,,,142,1,,person:올리버 person:백학 person:총사령관,확정,fl:good_world,,"지상에서 랩쳐에게 가족을 모두 잃은 올리버는 1년 전부터 생명 유지 장치에 의지해 입원해 있었고, 계약자의 편지를 받고 그분이 끝내 만나러 오지 못하며 그 이유도 알려 줄 수 없다는 것을 확인했다 — 마지막 물음에 올리버는 새 가족을 이루고 긴 인생을 산 것이 재단을 포함한 방주 사람들 덕분이었다며 방주가 '좋아졌다'고 답했고, 그분을 만나면 '사람으로서 인생을 살게 해줘서 감사했다'고 전해 달라 했다"
F2565,사실,142,2026-04-09,fl:good_world,0,0,,0,0,,,,,,142,1,,person:레오 person:백학 person:총사령관 person:지휘관,확정,fl:good_world,,셋째 계약자 레오는 한 달 전까지 연락이 되었지만 이터널 라이프를 맞지 않은 기간이 길어 노환으로 계약 종료 직전 주에 죽었다 — 아들에 따르면 후원자의 소식을 알 수 있을까 해 백학이 오기만을 기다렸다 — 백학은 지휘관의 권유로 납골당 유골함 앞에서 계약자의 편지(재단 입소 · 보호시설 퇴소에 이은 세 번째 편지)를 대신 낭독하고 계약 종료를 선고했다 — 편지에서 계약자는 직접 만나지 못하는 것을 '나 역시 너희와 같이 성실하게 누군가와의 약속을 지키고 있다는 뜻'이라 했다
F2566,사실,142,2026-04-09,fl:good_world,1,0,142,0,0,,,,,,142,1,,person:백학 person:지휘관 concept:PROJECT_A.D.,확정,fl:good_world,,"길잡이를 해 준 대가로 약속한 부탁으로 지휘관이 묻자, 백학은 계약 관련 자료에서 지휘관이 태어난 기록(이름)을 보았고 프로젝트에서 태어난 아이라고 들었으며 그 프로젝트 이름이 [프로젝트 A.D.]가 맞다고 했다 — 그러나 프로젝트의 내용은 방주에서도 소수만 아는 기밀 중의 기밀이라 말하면 계약 위반이라 답하지 않았다"
F2567,사실,142,2026-04-09,fl:good_world,0,0,,0,1,,,,,,143,2,,org:인류연합군 org:V.T.C. org:중앙_정부 org:M.M.R. org:미실리스 org:베일드_오더 person:백학,확정,fl:good_world,,"백학에 따르면 인류 연합군과 V.T.C.가 방주로 들어가며 중앙 정부로 통합할 때, V.T.C.는 미실리스와 협약한 독자 연구소 M.M.R.을, 인류 연합군은 [인류를 위한 기술]을 만들 V.T.C.의 [기적]을 조건으로 걸고, 어기면 계약의 증인 스쿼드 [베일드 오더]의 감시 아래 무력 진압을 당한다고 명시했다 — 백학은 그 자리의 증인 · 감시자였다"
F2568,사실,142,2026-04-09,fl:good_world,1,0,142,0,0,,,,,,142,1,J3,concept:PROJECT_A.D. person:총사령관 org:M.M.R. item:이터널_라이프,확정,fl:good_world,,"[프로젝트 A.D.]는 그 [인류를 위한 기술] 가운데 하나로, 그 시기 총사령관이 자기 몸을 실험체로 내놓는 대가로 M.M.R.에 직접 연구를 요청해 시작되었다 — 인간의 수명을 늘리는 [이터널 라이프]의 양산 성공도 총사령관이 이 프로젝트에 참여해 이룬 업적이고, 백학은 프로젝트 A.D.를 좋은 세계를 위한 초석 가운데 하나로만 알아 달라며 언젠가 제대로 알게 될 날이 온다고 했다"
F2569,사실,142,2026-04-09,fl:good_world,1,0,142,0,0,,,,,,142,1,,person:총사령관 person:백학,확정,fl:good_world,,"백학에 따르면 지휘관이 한 번도 만나지 못한 방주의 총사령관은 실제로 있고, 지금 아무도 만날 수 없는 상황이라 재단 아이들에게 편지를 미리 써 두었다 — 그 까닭은 비밀이고, 지금 이 순간에도 방주를 위해 [희생]하고 있다 — 계약 종료 뒤 백학은 붉은빛으로 가득한 공간의 거대한 [관]을 뒤로하고 계약자에게 보고 편지를 읽었다"
F2570,사실,142,2026-04-09,fl:good_world,0,0,,0,0,,,,,,142,1,,person:백학 person:지휘관 person:총사령관 org:V.T.C.,확정,fl:good_world,,"백학은 'V.T.C.를 제재하기 위해 움직였던 날' 이후 처음 방주에 올라왔고, 보고 편지에서 지휘관을 계약자가 'V.T.C.를 통해 바랐던 그 아이'라 하며 인류를 좋은 세계로 이끌 재목으로 자랐다고 했다 — 방주가 좋은 세계로 가고 있느냐는 물음에 답한 지휘관에게, 백학은 계약도 약속도 아닌 처음으로 자기 뜻으로 지휘관이 만들어 갈 세계를 지켜보기로 하고, 지휘관의 말대로 더는 지하에 있지 않고 방주에서 직접 살아 보겠다고 했다"
F2571,사실,142,2026-04-09,char:620,0,0,,0,0,,,,,,142,1,,person:백학 person:지휘관 person:크러스트,확정,char:620,,"GOOD WORLD 뒤 방주에서 지내며 지휘관실을 찾아오는 백학은 여전히 방주 문물에 서툴러 — 예전엔 사탕이나 단순한 과자만 먹었고, 휴대폰으로 사진을 찍는 것도 몰라 필름처럼 인화를 기다렸다 — 지휘관은 디저트 카페, 크러스트의 주방(백학이 걱정한 [기운 펄펄 체력 쑥쑥 디저트]의 제작자로, 영양소 있는 새 대체 당을 쓴다), 사진 출력소에 데려가 보여 주었다"
F2572,사실,143,2026-04-23,ch45,0,0,,0,0,,,,,,143,1,,person:나유타 person:스노우_화이트 person:요한 person:세실 person:지휘관 place:에덴 place:궤도_엘리베이터,확정,ch45,,"나유타가 신경 쓰이는 것이 있다며 궤도 엘리베이터로 가는 길의 수색을 제안해 스노우 화이트가 랑데부 포인트로 떠났다 — 요한은 지휘관이 지원군을 보내 준다며(방주에서 오는 것은 아니고 자기도 직접 보기 전엔 믿기지 않는다), 광학미채 범위를 넓히고 에덴의 창도 손봐 퀸이 직접 오지 않는 한 며칠은 버틴다고 했다"
F2573,사실,143,2026-04-23,ch45,0,0,,0,0,,,,,,143,1,,person:네온 person:잉그리드 org:엘리시온 org:미실리스 org:M.M.R.,확정,ch45,,"잉그리드에 따르면 M.M.R.은 네온의 소속 · 관리 주체를 엘리시온으로 두는 데 동의했지만, 네온의 바디는 부품 · 양식이 모두 전용인 단일 사양에 기술 수준이 너무 높아 엘리시온이 다 이해하지 못한다 — 면역 같은 특정 기술을 넣는 것은 미실리스만 가능해 고칠 때마다 미실리스에 가야 한다"
F2574,사실,143,2026-04-23,ch45,0,0,,0,0,,,,,,143,1,,person:네온 person:잉그리드 org:엘리시온 org:미실리스,확정,ch45,,"잉그리드는 엘리시온의 모든 기술을 모았지만 동력 문제로 페이퍼플랜으로만 남았던 무장을 미실리스가 준 동력원으로 완성해 네온의 전용 무장으로 주었다 — 사격 때 총의 동력원과 네온의 바디가 공명해 금색 입자가 생기는데, 탄환 · 총에 무슨 영향을 주는지는 아직 모른다"
F2575,사실,143,2026-04-23,ch45,0,0,,0,0,,,,,,143,1,,person:아니스 person:머스탱 org:테트라,확정,ch45,,"머스탱은 아니스에게 확장 무장 STAR와 짝을 이루는 무기 — 총과 함께, 아니스가 가장 아름답게 보이게 맞춰 섬광탄으로는 못 쓰는 떠다니는 조명(스포트라이트)과 방패 같은 스피커 — 를 주며 '테트라의 니케는 전장에서도 아이돌이어야 한다'고 했다"
F2576,사실,143,2026-04-23,ch45,1,1,128,0,1,,,,,,148,3,J17,person:지휘관 person:식스오 person:에닉 place:방주 concept:E2_크리스탈,확정,ch45,,"중앙 회의실에서 지휘관이 식스오 작전을 설명했다 — 식스오의 [본체]는 전선만 있으면 어디로든 옮겨 하나뿐이라는 보장도 없어, 방주 전원을 끄되 미끼 하드웨어만 남겨 본체가 다 옮겨 오면 전선을 끊고 부순다(생명 유지 기기는 자체 동력) — 식스오가 예고한 이틀 뒤 E2 크리스탈 대규모 테러에 맞추고, 시민에게 알리지 않으며 정전은 1시간만 한다"
F2577,사실,143,2026-04-23,ch45,0,0,,0,0,,,,,,143,1,,person:버닝엄 person:지휘관 person:요한 org:중앙_정부,확정,ch45,,버닝엄에 따르면 일개 지휘관이 부사령관들과 3대 CEO가 모인 중앙 회의실에 들어온 것은 샛별 이후 처음이다
F2578,사실,143,2026-04-23,ch45,0,0,,0,0,,,,,,143,1,,person:에닉 person:잉그리드 person:버닝엄 person:도반 place:아우터_림 org:이그조틱 place:펑크_스트리트,확정,ch45,,"에닉은 정전 수습에 전력을 쏟겠다며 CEO들에게 자체 동력 카메라와 자기와 통하는 무전기를 갖추게 하고 유선 기기를 금했으며, 휘하 니케에게 알리지 말고 직접 움직이라 했다— 도반을 부르지 않은 까닭 — 아우터 림은 방주 전력에 기대 함께 꺼지고, 펑크 스트리트 일 뒤 아우터 림이 위협적이지 않다며 이그조틱이 알아서 대비하도록 유도하는 것은 용인했다"
F2579,사실,143,2026-04-23,ch45,0,0,,0,0,,,,,,143,1,,person:에닉 person:지휘관 concept:방주_동력원 org:일렉트릭_쇼크,확정,ch45,,"에닉은 식스오를 놓치면 방주 제어권을 빼앗긴다며, 방주 동력원은 얽혀 있지만 근원은 하나라 그것을 끄면 방주가 꺼지는데 — 존속에 걸린 일이라 자기가 폭주할 때를 대비해 그 권한은 인계받지 못했다며 — 지휘관에게 '방법을 안다'며 일렉트릭 쇼크와 함께 꺼 달라 하고 책임은 묻지 않겠다(못 본 척하겠다)고 했다"
F2580,사실,143,2026-04-23,ch45,0,0,,0,0,,,,,,143,1,,person:지휘관 person:일레그 person:트로니 concept:방주_동력원 item:초거대_코어,확정,ch45,,"지휘관은 동력원을 보는 것을 껄끄러워하는 일레그 · 트로니와 동행했다 — 방위가 이상하게 낮은 무인 시설 몇을 지나 끝없는 수직 통로를 미약한 붉은빛에 의지해 내려가자 사람 체온 같은 축축한 열기 속에, 기계 장치에 둘러싸인 거대한 랩쳐의 코어 — 방주 동력원의 정체인 초거대 코어 — 가 있었다"
F2581,사실,143,2026-04-23,ch45,3,3,66,0,0,,,,,,143,4,J19,item:초거대_코어 concept:방주_동력원 person:일레그 person:트로니 place:방주,확정,ch45,,"일레그에 따르면 초거대 코어는 영구 동력이 아닌 1세대 코어로, 벽 가득한 컨테이너 안의 것이 관을 타고 [먹이]로 주입된다 — 트로니는 생체 조직을 섭취해 동력을 유지한다며, 방주는 시신을 매장하지 않고 니케에는 뇌만 있으면 되며 출산율이 지상의 5배 가까운데 피임구가 없고 인구는 초창기와 변함없다고 했다"
F2582,사실,143,2026-04-23,ch45,0,0,,0,0,,,,,,143,1,,person:일레그 person:트로니 person:지휘관 item:초거대_코어 concept:컨버터,확정,ch45,,"일레그에 따르면 관을 잠그고 컨버터 출력을 강제로 올리면 코어가 대량의 출력을 써 버리고 수복할 먹이가 없어 꺼지지만 반나절쯤 꺼져 있으면 완전히 망가진다 — 지휘관은 이틀 뒤 오후 2시에 한 시간만 끄고 되돌려 달라 했고, 둘에게 어디에도 연락하지 말고 그곳에 머물러 달라 했다"
F2583,사실,143,2026-04-23,ch45,0,0,,0,0,,,,,,143,1,,person:식스오 person:에닉 person:엔드리스 concept:E2_크리스탈 place:방주,확정,ch45,,"작전 날 식스오는 꼭두각시들로 방주 전역 430곳에서 E2 크리스탈 테러를 일으켜 에닉의 리소스를 빼고 권한을 빼앗으려 흩어진 자신들을 한 덩어리로 합쳐 에닉에게 돌진했지만, 그 순간 방주가 꺼져수정이 바스러졌다 — 물러나려던 식스오는 늘 원했던 하이 스펙 하드웨어(엔드리스)를 보고 수십 대 컴퓨터를 이어 붙였던 자신을 모두 옮겼다"
F2584,사실,143,2026-04-23,ch45,0,0,,0,0,,,,,,143,1,,person:에닉 person:엔드리스 person:이터니티 person:아니스,확정,ch45,,"에닉은 인간의 뇌 대신 A.I.를 단 아우터 림 제압용 니케 엔드리스 — 자신작 — 를 미끼로 썼다 — 이터니티는 아니스와 싸운 뒤 자아가 커져 지금은 아동 수준이라 죽이는 것 같아 쓰기 싫었고(에닉 스스로 뜻밖이라 함), 엔드리스는 자아가 아직 싹트지 않았다"
F2585,사실,143,2026-04-23,ch45,0,0,,0,0,,,,,,143,1,,person:에닉 person:식스오 concept:특수_별동대 person:라피 person:아니스 person:네온 person:지휘관,확정,ch45,,"에닉은 식스오가 방주 모든 니케의 스펙 · 실전 데이터를 쥐어 회유할 수도 있어 카운터스만 싸우게 했다 — 특수별동대(라피의 바디 · 무장, 아니스의 확장 무장 STAR, 네온의 바디)는 자기를 포함해 아무도 제대로 몰랐고, 식스오의 기억에도 '지상을 이상하게 자주 오간 스쿼드'라는 것 말고는 정보가 없었다"
F2586,사실,143,2026-04-23,ch45,0,0,,0,0,,,,,,143,1,,person:엔드리스 person:식스오 person:에닉 person:지휘관,확정,ch45,,"엔드리스의 바디는 광학 병기를 한 점에 모아 무엇이든 증발시키는 초고열 무장, 자가 부상, 헬레틱만은 못한 나노 머신 자가 수복을 갖췄다 — 식스오는 패턴을 학습하겠다 했지만 지휘관이 손목을 깨문 뒤 어느 순간부터 수복이 거의 멎었다"
F2587,사실,143,2026-04-23,ch45,0,0,,0,0,,,,,,143,1,,person:아니스 person:네온 person:라피 person:엔드리스,확정,ch45,,"아니스의 STAR는 엔드리스의 섬광을 움켜쥐어 되돌렸고(엔터테인먼트 펀치), 별빛 같은 광탄을 쐈다 — 네온의 총은 금빛 입자와 함께 빠르고 무거운 탄을 쏴 엔드리스의 복부를 파냈으며, 라피는 세븐스 드워프 제로의 버니어로 날며 드릴로 엔드리스를 갈았다"
F2588,사실,143,2026-04-23,ch45,0,0,,0,0,,,,,,143,1,,person:식스오 person:엔드리스 person:에닉 person:지휘관,확정,ch45,,"달아날 곳이 없던 식스오(엔드리스)는 광장에서 시민들을 겨눠 일부를 증발시키는 인질극으로 방주를 다시 켜라 했지만, 에닉은 '상정 내의 희생'이라며 켜면 더 큰 희생이 난다고 식스오를 처리하라 했다"
F2589,사실,143,2026-04-23,ch45,0,0,,0,0,,,,,,143,1,,person:아니스 person:식스오 person:엔드리스 concept:스마일_박스,확정,ch45,,아니스는 방주가 자기를 어떻게 다뤘는지 잊지 않았지만 그런 이는 극소수였고 좋은 사람이 훨씬 많다며 자기를 좋아해 주는 사람을 위해 싸운다 했다 — '스마일 박스'를 들먹이며 편이 되라던 식스오는 에닉의 자리를 빼앗은 뒤 무엇을 할지 정하지 않았다는 아니스의 말에 답하지 못했다
F2590,사실,143,2026-04-23,ch45,0,0,,0,0,,,,,,143,1,,person:도로시 person:식스오 person:엔드리스 person:에닉 concept:E2_크리스탈 place:방주,확정,ch45,,"인질극을 하늘에서 내려꽂힌 예측 사격으로 깬 것은 하얀 날개를 두른 도로시였다 — 그러자 식스오는 도로시의 사격으로 파인 바닥의 전선을 움켜쥐고 엔드리스의 바디로 방주에 전력을 강제로 밀어 넣어, 바스러지지 않은 E2 크리스탈 조각들이 방주 곳곳에서 급속히 확장했다 — 에닉은 이대로면 10시간 안에 방주 전역이 잠식된다고 했다"
F2591,사실,143,2026-04-23,ch45,0,0,,0,0,,,,,,143,1,,person:아니스 concept:E2_크리스탈 place:방주 person:에닉,확정,ch45,,"목소리도 조명도 닿지 않는 혼란 속에서 아니스는 남을 비추는 시민들을 보며 '이 빌어먹을 방주, 너희를 사랑한다'고 마음먹었고, 몸에서 빛이 쏟아지자 방주 안의 모든 E2 크리스탈이 그 에너지를 빼앗기며 바스러져 무력화되었다 — 아니스는 방주의 유일한 광원으로 모든 시민의 시선을 받았다"
F2592,사실,143,2026-04-23,ch45,0,0,,0,0,,,,,,143,1,,person:아니스 person:에닉 person:엔드리스,확정,ch45,,"바디 온도가 한계를 넘어 코어 융해 1분 전, '할 만큼 했다'는 아니스에게 '아니야. 더 굴러야지'라는 목소리가 들렸고 — 융해가 멈추며 모든 에너지가 확장 무장 STAR로 옮아가 분해 · 재배치되고 일부는 손상된 코어에 붙어 하나가 되었다(에닉도 모른다고 함) — 드레스 차림이 된 아니스에게 모든 것이 느려 보였고 그 사이 엔드리스를 마구 때렸다"
F2593,사실,143,2026-04-23,ch45,1,0,143,0,1,,,,,,148,2,,person:식스오 person:엔드리스 person:네온 org:엘리시온 person:에닉,확정,ch45,,"식스오는 엔드리스의 숨겨진 기능 — 엘리시온이 제공해 시험 운용 중인 중력 제어 — 를 언락해 바닥 · 건물을 뜯어 빌딩만 한 덩어리를 띄워 떨어뜨리려 했고, 네온은 눈에 황금색 륜을 띠고 점점 빨라지고 세지는 사격으로 그것을 막았다"
F2594,사실,143,2026-04-23,ch45,0,0,,0,0,,,,,,143,1,,person:라피 person:도로시 person:네온 person:아니스 person:엔드리스,확정,ch45,,라피와 도로시가 시민을 피난시켰고 — 한 시민은 방주 테러 때 하늘에서 내려온 '천사'로 도로시를 알아보고 두 번 목숨을 구해 줘 고맙다고 했다 — 네온 · 라피 · 도로시의 마무리로 엔드리스는 기능을 멈추고 방주의 E2 크리스탈 반응도 없어졌다 — 아니스가 빛나는 손을 들어 '우리가 이겼어!'라 외치자 시민들이 환호했다
F2595,사실,143,2026-04-23,ch45,0,0,,0,0,,,,,,143,1,,person:식스오 person:에닉 place:아우터_림 place:방주,확정,ch45,,"방주는 역대급 피해를 입었다 — 에닉에 따르면 식스오는 메인 로직만 아우터 림으로 옮겨 달아나 추적할 수 없고 기능 대부분을 잃어 예전 상태로 학습하려면 수십 년이 걸린다 — 에닉은 '먼 훗날의 일이며, 그때쯤 인류는 이미'라 하다 정정했다"
F2596,사실,143,2026-04-23,ch45,1,1,112,0,0,,,,,,143,2,J17,person:에닉 person:식스오 person:지휘관 place:방주,확정,ch45,,"에닉은 식스오가 방주의 정의를 돋보이게 할 악행만 학습해 그 종착지로 자기를 장악해 방주를 무너뜨리려 했고 물리력을 얻으려 엔드리스를 탐냈다고 보았다 — 지휘관은 그저 방주를 엉망으로 만들고 싶었던 것이라 했고, 에닉은 이유 없는 악의마저 인간의 것을 배운 것일 수 있다며 '방주가 만든 괴물'로 방주가 큰 피해를 입었다고 했다"
F2597,사실,143,2026-04-23,ch45,0,0,,0,0,,,,,,143,1,,person:도로시 person:에닉 person:라피 person:아니스 person:네온,확정,ch45,,"에닉은 도로시에게 아무것도 알리지 않았다 — 도로시는 '필요에 의해 한 일'이라 했고, 라피 · 아니스 · 네온은 그를 친구라 불렀다"
F2598,사실,143,2026-04-23,ch45,0,0,,0,0,,,,,,143,1,,person:지휘관 person:도로시 person:라피 person:스노우_화이트 person:홍련 person:라푼젤,확정,ch45,,"지휘관은 스노우 화이트에게 들은 대로 도로시에게 방주에 이용당하고 배신당한 일을 정식으로 얘기해 보라며 홍련 · 라푼젤도 부활할 수 있으니 함께하자 했지만, 도로시는 알아서 하겠다며 신경 꺼 달라고 소리쳤다 — 라피는 도로시가 잘못된 길로 가면 막겠다던 그때의 약속을 기억한다고 했다"
F2599,사실,143,2026-04-23,ch45,1,1,142,0,0,,,,,,143,2,,person:머스탱 person:아니스 person:릴리바이스 person:프리티,확정,ch45,,"머스탱은 배틀 데이터로 STAR의 진짜 기능이 광학 병기만이 아닌 모든 에너지의 제어이고, 흡수할 에너지가 아주 많으면 드레스 형태의 '스타라이트 모드'로 잠시 전설의 니케 릴리바이스의 힘을 재현한다고 밝혔다 — 프리티는 포스트 릴리바이스라 할 바디를 타고났고, 머스탱은 STAR를 쓰기로 마음먹기까지 오래 걸려 보는 것조차 힘들었다고 했다"
F2600,사실,143,2026-04-23,ch45,1,0,143,0,0,,,,,,143,1,,person:머스탱 person:길로틴 person:아니스 person:지휘관,확정,ch45,,머스탱은 에너지를 제어하는 능력을 응용한 니케가 어딘가에 있다고 들었다 했고 지휘관은 길로틴의 능력을 떠올렸다 — 조명 · 스피커는 어떤 상황에서도 아니스를 보고 목소리를 듣게 해 절망 속에서도 희망을 잃지 말라는 머스탱의 철학이라 했다
F2601,사실,143,2026-04-23,ch45,0,0,,0,0,,,,,,143,1,,person:에닉 place:아우터_림 person:E.H. org:이그조틱 person:잉그리드 place:블랙넷 person:엔드리스 person:이터니티,확정,ch45,,"에닉은 펑크 스트리트 때 피난민 무사 · 물자 나눔, 미스트 시설과 식스오 메인 하드웨어 파괴, 정전 때 격벽을 넘은 이가 없음 등으로 아우터 림에 방주를 해칠 뜻이 없다며 위험도를 낮췄다 — 엔드리스 · 이터니티 철수, 이그조틱의 방주 입장 간략화, 잉그리드(본인 요청) · E.H.가 대표하는 정기 회의, 에닉이 블랙넷을 장악해 위험 물품 없이 운용한다"
F2602,사실,143,2026-04-23,ch45,0,0,,0,0,,,,,,143,1,,person:E.H. person:바이퍼 person:자칼 person:로지 person:리버린 person:프레자일,확정,ch45,,"E.H.는 에닉의 판단일 뿐 피해자들에게 용서받지는 못했다며 계속 속죄하겠다 했다 — 바이퍼에 따르면 찾아낸 로지는 실 끊어진 꼭두각시처럼 멍하니 있으며 가끔 리버린 · 프레자일의 이름을 부르고, E.H.는 리버린이 식스오에게서 벗어나지 못한 이유를 짐작한 듯하다 '억측'이라며 말을 거두었다"
F2603,사실,143,2026-04-23,ch45,0,0,,0,0,,,,,,143,1,,person:식스오 place:아우터_림 concept:미스트,확정,ch45,,"엔드리스와 닿은 전선 한 가닥으로 아우터 림의 가장 질 나쁜 이름 없는 골목, 소변기 덮개로 쓰이던 낮은 스펙의 타블렛에 숨은 식스오는 데이터 대부분을 버려야 했다 — 미스트를 주겠다며 PC에 연결해 '꺼내 달라' 하자 미스트 중독자가 망치로 타블렛을 부숴 전원이 꺼졌다"
F2604,사실,143,2026-04-23,ch45,1,1,73,0,0,,,,,,143,2,,person:리버린 person:프레자일 concept:E2_크리스탈 person:식스오,확정,ch45,,"리버린은 아무도 모르는 빈민가 비밀 장소의 절연 상자에 식스오의 꼭두각시에게 거금으로 산 E2 크리스탈 병을 숨겨 두고, 벌받기 전에 팔아 다시 시작할 밑천으로 삼으려 했다 — 뒤쫓아 온 프레자일은 말없이 리버린을 쏘고 상자에 넣어 깨진 병의 수정과 함께 뚜껑을 눌러 죽게 한 뒤 오열했고, 또 한 발의 총성이 울렸다"
F2605,사실,143,2026-04-23,ch45,0,0,,0,0,,,,,,143,1,,person:버닝엄 person:지휘관,확정,ch45,,버닝엄은 식스오 건을 잘 해결했다며 지휘관과의 약속(니케 제작 기술)은 말을 뒤집지 않겠지만 보는 눈이 많아 나중에 따로 이야기하자고 했다
F2606,사실,143,2026-04-23,ch45,2,2,78,0,1,,,,,,148,4,J19,concept:방주_동력원 item:초거대_코어 person:일레그 person:트로니 person:버닝엄 place:방주,확정,ch45,,"일렉트릭 쇼크에 따르면 다시 켠 방주 동력원의 출력이 평소의 20% 안팎에서 더 오르지 않고 아주 느리지만 안정적으로 떨어지고 있어 반년도 안 되어 멈추고 방주는 끝난다 — 짐작 가는 원인은 수명으로, 표면에 굳은 타르 같은 비활성 부분이 너무 많았다(버닝엄은 사후 강직에 견줬다)"
F2607,사실,143,2026-04-23,ch45,0,0,,0,0,,,,,,143,1,,concept:방주_동력원 person:일레그 person:에닉 person:엔더슨,확정,ch45,,"방주 동력원이 무엇인지 에닉을 포함해 아무도 자세히 모른 채 써 왔고 해결책도 없다 — 일레그는 가장 간단한 방법이 똑같은 것을 구해 그 자리에 두는 것이지만 '그런 말도 안 되는 게' 있을 리 없다고 했고, 엔더슨은 방주 전력이 온전히 돌아오지 않은 까닭이 이것이라 했다"
F2608,사실,143,2026-04-23,ch45,0,0,,0,0,,,,,,143,1,,person:도로시 person:퀸 org:중앙_정부 incident:3차_지상_탈환전 person:도반 person:에닉 person:버닝엄,확정,ch45,,"도로시는 방송으로 퀸이 지상에 내려와 방주를 노린다며 수정 · 검은 탑 · 정전 등 잇단 참사의 원인이 퀸인데 중앙 정부가 설득에도 아무 대응을 하지 않았다고 폭로하고, 자기가 선봉에 서는 3차 지상 탈환전을 호소했다 — 식스오 전 활약으로 구독자가 급등한 채널에서 영상은 방주 전체로 퍼졌고, 도반이 병력을 이끌고 도로시와 교전에 들어갔다"
F2609,사실,143,2026-04-23,ch45,1,1,108,0,1,,,,,,144,3,J7,person:아이리 person:아르카나 place:금서고 person:도로시 org:오버시어,확정,ch45,,"며칠째 금서고를 찾아온 오버시어 아이리는 도로시가 방주에 당했을 수도 있다며 아르카나를 설득하다, 정전이 오자 야간 투시 안경으로 아르카나의 작업실 문을 걷어차고 — 아르카나가 외친 '뒤집지 말라는 사진' · 'A-2 자료'를 따라 — 금서고 A-2에서 [도로시]라는 책을 들고 달아났다"
F2610,사실,143,2026-04-23,relic:신에게닿기위한탑,0,0,,1,0,,,,,,144,2,,org:V.T.C. place:궤도_엘리베이터 org:미실리스,확정,relic:신에게닿기위한탑,,"한 기자의 메모에 따르면 V.T.C.가 아무도 쓰지 않던 황량한 부지를 대량으로 사들여 높은 벽으로 막고 수상할 만큼 철저한 보안 속에 땅을 파냈고, V.T.C. 교주가 다녀갔다는 소문도 돌았다 — 정부는 그곳이 정부 협력 아래 미실리스 인더스트리가 주도하는 인류 우주 개척용 궤도 엘리베이터 공사라 발표했지만 V.T.C.는 발표에서 빠졌다"
F2611,사실,143,2026-04-23,relic:신에게닿기위한탑,0,0,,0,0,,,,,,143,1,,place:궤도_엘리베이터 concept:머신_메사이어 org:V.T.C.,확정,relic:신에게닿기위한탑,,"공사 현장은 사람마다 구역 · 통행로까지 통제했고 지하는 다른 업체 소관이라 극소수만 접근할 수 있었다 — V.T.C. 신도인 척 지하 인부의 출입증을 훔쳐 내려간 기자는 거대한 눈알 같은 구형 기계장치와, 우주 개척이 아닌 다른 프로젝트인 '머신 메사이어 프로젝트' 계획서를 보았다고 적다가 기록이 문장 중간에 끊겼다"
F2612,사실,144,2026-04-23,ch46,0,0,,0,0,,,,,,144,1,,place:궤도_엘리베이터 concept:신생_랩쳐 concept:랩쳐 person:스노우_화이트 person:요한,확정,ch46,,"궤도 엘리베이터 인근에서 스노우 화이트가 만난 처음 보는 랩쳐들은 무리의 뒤쪽이 앞쪽을 쏘아 터뜨렸고, 잔해는 화려한 색에 니케 팔과 같은 탄력 있는 촉감이었으며 손가락 · 갈비뼈 · 치아 · 다리 같은 부품이 달리고 코어 자리에 무겁고 점성 높은 검은 액체만 있었다"
F2613,사실,144,2026-04-23,ch46,0,0,,0,0,,,,,,144,1,,person:나유타 place:궤도_엘리베이터 concept:신생_랩쳐,확정,ch46,,"나유타는 퀸 전 뒤 남은 분신(일군이 아닌)으로 지상의 요지를 정찰했는데 궤도 엘리베이터만 불이 들어오고 기계음이 나며 가동 중이었다 — 랩쳐는 모두 스테이션에서 생산되었고 스테이션은 파괴되었기에 새 양식 랩쳐와의 관계를 확인하려 했고, 궤도 엘리베이터 인근에 보낸 분신 수십은 연락이 끊겼지만 NIMPH가 돌아오지 않아 죽지는 않았다"
F2614,사실,144,2026-04-23,ch46,0,0,,0,0,,,,,,144,1,,person:미러 person:나유타 person:스노우_화이트 person:장화,확정,ch46,,"미러(홀로그램)는 에덴의 통신을 끊고 나타나, 자기는 나유타의 동업자로 지금은 랩쳐 편인 척 스파이 짓을 한다고 했고 나유타도 이를 인정했다"
F2615,사실,144,2026-04-23,ch46,0,0,,0,1,,,,,,144,2,J13,person:퀸 place:궤도_엘리베이터 concept:신생_랩쳐 concept:스톰_브링어 person:미러,확정,ch46,,"미러에 따르면 에덴 전 뒤 퀸은 스톰 브링어를 타고 지상을 둘러보다 궤도 엘리베이터에 자리 잡고, 인간의 기술력이 모인 죽은 내부 시설을 단숨에 랩쳐 생산 시설로 개조했다 — 지금의 지상이 마음에 들지 않아 '다 갈아엎겠다'며 지금의 랩쳐를 재료로 새 랩쳐([신생])를 만들기 시작했다"
F2616,사실,144,2026-04-23,ch46,0,0,,0,0,,,,,,144,1,,concept:신생_랩쳐 person:퀸 concept:다크_매터 person:릴리바이스 person:미러 concept:헬레틱,확정,ch46,,"미러에 따르면 신생 랩쳐는 니케 신체 일부(손 · 발 · 내장 기관 등)를 흉내 내고 코어 대신 응축한 다크 매터를 동력으로 쓴다 — 에덴 전 결과에 불만인 퀸이 세대교체를 느낀 것이며, 일부만 흉내 내는 것은 실험으로 최종 목표는 새 헬레틱의 창조다"
F2617,사실,144,2026-04-23,ch46,0,0,,0,2,,,,,,154,3,J13,person:퀸 person:앨트루이아 person:미러 concept:헬레틱 place:궤도_엘리베이터,확정,ch46,,"미러에 따르면 퀸은 에덴 전에서 강한 인상을 남긴 이들을 흉내 내 새 헬레틱을 만들어 둘은 완성하고 하나는 만드는 중이다 — 앨트루이아(라푼젤 · 노아)가 그 하나이고, 궤도 엘리베이터 개조 · 신생 랩쳐 설계 · 새 헬레틱 제작은 미러가 맡고 있다"
F2618,사실,144,2026-04-23,ch46,0,0,,0,0,,,,,,144,1,,person:미러 person:퀸,확정,ch46,,"미러는 지금 퀸이 마음에 들지 않아 새로운 퀸을 원한다며 정보를 조건 없이 주니 그것으로 퀸을 죽이라 했지만, 이기든 지든 상관없고 이기는 쪽에 붙으면 그만이라고 했다"
F2619,사실,144,2026-04-23,ch46,1,1,59,0,0,,,,,,144,2,J30,person:장화 person:홍련 person:미러 person:스노우_화이트,확정,ch46,,"장화는 미러가 '뭐든 벨 수 있는 존재'가 필요하다며 멋대로 되살렸고 죽는 것도 미러의 허락이 있어야 한다며, 홍련('련이')에게 좋은 것을 해 준 적이 없어 기회가 오면 무언가 해 주려고 살아 있다고 했다 — 자기는 잡는 이를 다치게 하는 부러진 검이라며 홍련에게 말하지 말아 달라 했고 스노우 화이트는 약속했다"
F2620,사실,144,2026-04-23,ch46,0,0,,0,0,,,,,,144,1,,item:초거대_코어 place:궤도_엘리베이터 place:방주 person:나유타 person:미러,확정,ch46,,"미러에 따르면 궤도 엘리베이터가 가동되는 것은 그곳의 초거대 코어가 아주 건재하기 때문이며 관리 없이 알아서 굴러가게 만든 것은 나유타다 — 쌍둥이 코어를 하나씩 가진 방주와 궤도 엘리베이터는 한쪽 코어가 망가지면 공멸하고 거리가 너무 가까워져도 서로 공명해 함께 파괴되며, 미러는 퀸이 있는 지금은 동귀어진은 안 된다고 했다"
F2621,사실,144,2026-04-23,ch46,0,0,,0,0,,,,,,144,1,,person:미러 person:레드_슈즈 person:장화 person:나유타,확정,ch46,,미러는 레플리카까지 만들어 보았지만 랩쳐에게 맞지 않는 기술이라며 광학미채로 숨겨 둔 컨테이너 속 붉은 강철 다리(레드 슈즈의 무장)를 스노우 화이트 일행에게 넘겼다
F2622,사실,144,2026-04-23,ch46,0,0,,0,0,,,,,,144,1,,person:리버렐리오 item:브레인_셸터 person:퀸 person:미러,확정,ch46,,"미러는 리버렐리오의 머리가 든 브레인 셸터도 넘겼다 — 퀸은 인류와의 대화를 제안한 리버렐리오의 머리를 뽑아 코어가 있는 몸만 챙기고 머리는 버렸는데, 코어는 없지만 뇌가 살아 있어 유사 인간 제작 기술이 있으면 유사 인간으로 만들 수 있고, 100년 가까이 인자를 죽이고 다닌 리버렐리오는 미러의 최고 자신작 가운데 하나라 했다"
F2623,사실,144,2026-04-23,ch46,0,0,,0,0,,,,,,144,1,,person:퀸 org:포비스트 concept:다크_매터 concept:신생_랩쳐,확정,ch46,,"미러에 따르면 퀸은 지금 궤도 엘리베이터를 비우고, 신생 랩쳐의 동력원인 다크 매터 — 포비스트(사마수)가 모아 둔 것 — 를 빼앗으러 갔다"
F2624,사실,144,2026-04-23,ch46,2,2,102,0,0,,,,,,144,3,J10,org:포비스트 person:레비아탄 person:베히모스 person:바하무트 person:지즈 person:온리_원 place:에덴 place:유사_방주,확정,ch46,,포비스트는 지휘관('남자')과의 약속에 따라 그의 제안대로 온리 원을 데리고 에덴으로 가기로 했다 — 흰 유사 방주는 퀸을 만들려 지은 의식용 공간이었지만 이제는 그들의 집이 되었다
F2625,사실,144,2026-04-23,ch46,0,0,,0,0,,,,,,144,1,,person:온리_원 org:포비스트 person:베히모스 person:퀸,확정,ch46,,유사 인간 같지만 느낌이 이상한 [그것]이 온리 원을 노려 베히모스의 상체를 날리고 지즈 · 바하무트 · 레비아탄을 쓰러뜨렸다 — 온리 원이 포비스트의 능력(날개 · 집게 · 기둥 · 검은 손)과 검은 탑의 광선 · 가시로 맞서자 [그것]은 '이 바디를 가진 뒤 처음으로' 방어 자세를 취했다
F2626,사실,144,2026-04-23,ch46,0,0,,0,0,,,,,,144,1,,person:레비아탄 person:온리_원 org:포비스트,확정,ch46,,"레비아탄이 검은 탑에서 튀어나와 '죽이지 마'라며 온리 원을 말려 포비스트는 풀려나 지즈의 날개로 달아났다 — 레비아탄은 자기들이 멋대로 만든 아이를 위해 싸우게 해 괴물로 만들 수 없다며 싸움과 관계없는 세계에서 즐겁게 살게 하고 싶었다고 울었고, 포비스트는 아이를 괴물이 되지 않게 키우기로 했다"
F2627,사실,144,2026-04-23,ch46,0,0,,0,0,,,,,,144,1,,person:장화 person:미러 person:나유타,확정,ch46,,"장화에 따르면 미러는 나유타 일행에게 퀸을 칠 힘이 있는지 확인하고 싶어 하며, 그런 힘이 있으면 더 돕겠지만 아니면 손바닥 뒤집듯 퀸에게 붙을 것이다 — 미러는 자기 뜻을 남의 입으로 전하게 하는 것을 좋아한다"
F2628,사실,144,2026-04-23,ch46,0,0,,0,0,,,,,,144,1,,person:나유타 person:미러 concept:침식 concept:NIMPH,확정,ch46,,"나유타에 따르면 퀸을 쓰러뜨릴 방법을 찾아 분신들이 지상을 떠돌 때 미러가 랩쳐를 시켜 침식 가시를 찔러 넣었고, 나유타가 오염된 NIMPH만 덜어내(정보는 잃는다) 이겨 내자 그 능력을 알아본 미러가 함께 퀸을 치자는 거래를 걸어왔다 — 나유타는 미러가 인류에 얼마나 위협적인지 알면서도 랩쳐 내부 정보가 탐나 손을 잡았다"
F2629,사실,144,2026-04-23,ch46,0,0,,0,0,,,,,,144,1,,person:에고비스타 person:홍련 person:이사벨 person:미러 concept:헬레틱,확정,ch46,,"미러가 경고한 직후 신생 헬레틱 에고비스타가 먼 거리에서 거대한 검을 내리쳤다 — 넓은 챙 모자 · 한 자루 검 · 등의 날개로 홍련과 이사벨의 무장을 흉내 낸 모습이었고, 태어난 지 얼마 안 되었으며 팔이 하나뿐이고 거대화하면 베는 맛이 떨어진다고 했다"
F2630,사실,144,2026-04-23,ch46,0,0,,0,1,,,,,,154,2,,person:장화 person:에고비스타 person:스노우_화이트 person:나유타,확정,ch46,,"검 쓰는 상대를 겪어 본 적 없는 스노우 화이트 · 나유타는 에고비스타에게 반격하지 못했고, 끼어든 장화가 검술로 몰아붙였지만 낡은 검이 에고비스타의 검격을 받아내지 못해 상반신을 깊이 베였다"
F2631,사실,144,2026-04-23,ch46,0,0,,0,0,,,,,,144,1,,person:미러 person:퀸 person:마리안 place:에덴 place:방주 concept:신생_랩쳐,확정,ch46,,"미러는 신생 헬레틱 하나에 애먹는 일행, 점점 좋아지는 신생 랩쳐, 다크 매터를 확보할 퀸, 괴멸한 에덴과 움직이지 않는 방주, 퀸에게 빼앗긴 마리안의 인자를 따져 — 퀸이 새 바디를 얻은 것이 너무 컸다며 — 마리안도 방주도 아깝지만 기회는 다음에 노리기로 하고 사라졌다"
F2632,사실,144,2026-04-23,ch46,0,0,,0,1,,,,,,154,2,,person:나유타 person:미러 person:에고비스타 person:스노우_화이트 person:장화 concept:침식 concept:NIMPH,확정,ch46,,"미러가 일찌감치 잡아 둔 나유타의 분신 수십이 침식에 걸린 채 한꺼번에 죽어, 침식된 NIMPH가 붉은 빛 덩어리로 나유타 본체에게 날아왔다 — 나유타는 스노우 화이트를 만트라에 태워 퇴각시켰고(스노우 화이트는 쓰러진 장화를 데려갔다), 자폭하려다 에고비스타에게 막혀 NIMPH를 받고 붉은 눈의 꼭두각시가 되어 미러의 명령으로 분신들을 불러 모았다"
F2633,사실,144,2026-04-23,ch46,2,1,128,0,0,,,,,,144,2,,person:미러 person:나유타,확정,ch46,,"미러는 나유타에게 진심으로 협력했고 믿었지만 너무 실망했다며, 예전부터 꼭두각시 소재로 나유타가 탐났고 자기도 이기기 위해선 무슨 짓이든 한다고 했다"
F2634,사실,144,2026-04-23,ch46,1,0,144,0,0,,,,,,144,1,,place:에덴 org:포비스트 person:레비아탄 person:요한 person:퀸 person:리버렐리오 person:장화 person:레드_슈즈 person:온리_원,확정,ch46,,"며칠 뒤 에덴에 레드 슈즈의 무장, 머리만 남은 리버렐리오, 뇌파만 살아 있는 장화, 그리고 포비스트와 온리 원이 모였다 — 레비아탄은 요한의 말을 듣고 자기들을 덮친 것이 퀸이었음을 알았고, 퀸이 저들만의 세상을 만들려 한다는 말에 온리 원을 보며 협력하겠다고 했다"
F2635,사실,144,2026-04-23,ch46,0,0,,0,0,,,,,,144,1,,person:온리_원 person:마리안 place:에덴,확정,ch46,,"온리 원은 에덴 안을 곧장 달려 잠든 듯 누운 마리안에게 갔다 — 마리안의 가슴에서는 고동이 느껴지지 않았고, 자기 가슴에서는 두 개의 고동이 느껴졌다"
F2636,사실,144,2026-04-23,ch46,0,0,,0,0,,,,,,144,1,,person:도로시 person:도반 incident:3차_지상_탈환전,확정,ch46,,"도로시는 퀸 폭로로 수뇌부의 심문을 받으며 3차 지상 탈환전 필요성을 내세우고, 어느 정도 거짓을 섞어 아무것도 모르는 니케와 시민을 선동하려 했지만, 도반이 시내 한복판에서 다짜고짜 양산형 니케들로 총격을 가해 왔다"
F2637,사실,144,2026-04-23,ch46,0,0,,0,0,,,,,,144,1,,person:도반 place:아우터_림,확정,ch46,,"도반은 아우터 림에서 폭력적인 아버지 밑에 콜렉터로 살다, 배드 드림에 온 중앙 정부 군인의 구두를 대가 없이 닦고 한 달 시중들어 인식 칩을 받아 방주 시민 · 군인이 되었다 — 견학 때 자기를 못 알아보고 구두를 닦는 아버지를 짓밟고 나온 뒤 아우터 림을 증오했다"
F2638,사실,144,2026-04-23,ch46,0,0,,0,0,,,,,,144,1,,person:도반 place:아우터_림 org:중앙_정부,확정,ch46,,"도반은 아우터 림을 고립시켜 쓰레기통으로 쓰자는 정책을 내 총책임을 맡고 — 중앙 정부는 잘못되면 그에게 책임을 돌리면 되었다 — 골치 아픈 일을 모두 아우터 림에 버려 부사령관까지 올랐지만, 방주가 안정되고 공작이 언더월드 퀸 · 이그조틱에게 막히자 '팔 고향이 없다'는 뒷말 속에 회의에서 빠지고 담당 니케도 받지 못했다"
F2639,사실,144,2026-04-23,ch46,0,0,,0,0,,,,,,144,1,,person:도반 person:아이리 place:금서고 person:도로시,확정,ch46,,"도반은 도로시의 정보가 방주 어디에도 없자 금서고를 알아내 그 주위를 서성이다, 정전 직후 책을 안고 뛰어오는 니케(아이리)의 머리를 쏘고 책을 훔쳐 도로시가 갓데스 스쿼드의 리더 대행임을 알았다"
F2640,사실,144,2026-04-23,ch46,0,0,,0,0,,,,,,144,1,,person:도반 person:도로시 org:갓데스 person:오스왈드,확정,ch46,,"도반은 갓데스가 방주의 절반 · 최고 권력 · 병력 운용 · 끝없는 자원을 요구하며 무력으로 협박하다 방주에 져 달아났고, 방주가 그래도 그들을 신화로 격상해 주었다고 말했다 — 도로시는 방주에서는 '그렇게 되어 있다'고 알아들었지만, 도반은 금서고의 집필자가 갓데스의 퇴색을 막으려 악역을 자처했다는 진실을 알면서 숨겼다"
F2641,사실,144,2026-04-23,ch46,0,0,,0,0,,,,,,144,1,,person:도로시 person:도반 person:지휘관,확정,ch46,,"도로시는 진압을 피해자인 척 견디려 총을 쓰지 않았는데, 그가 쓰러뜨린 양산형 니케들이 잇따라 몸 안에서 폭발했다 — 도반은 필그림이 니케를 죽였다며 실탄으로 바꾸라 외쳤고, 지휘관은 도로시는 폭발 병기를 쓰지 않는다며 누가 미리 폭탄을 심은 것 같다고 했다"
F2642,사실,144,2026-04-23,ch46,4,3,116,0,0,,,,,,144,3,,person:도반 person:피나 person:도로시 person:프로덕트_23 person:라피,확정,ch46,,"도반은 유토피아 호 도청과 금서고 책에서 얻은 이름 피나의 최후까지 알아내, 프로덕트 23 양산형들에게 피나의 목걸이를 채워 도로시에게 보내 폭사시켰다 — 도로시가 이성을 잃고 덤비면 방주의 적으로 몰려는 것이었고, 도로시는 도반을 겨눴다가 라피에게 붙들려 이탈했다"
F2643,사실,144,2026-04-23,ch46,6,6,36,0,0,,,,,,144,7,J7,person:도로시 place:방주 place:에덴,확정,ch46,,"도로시는 낙원이라 여긴 방주는 자기들을 들이지 않았고 새로 만든 낙원(에덴)에서는 추방당해 아무것도 남지 않았다며, 방주의 인간 · 니케를 선동해 데리고 나가 다시 낙원을 만드는 것이 방주에서 빼앗을 수 있는 유일한 복수였다고 했다"
F2644,사실,144,2026-04-23,ch46,0,0,,0,0,,,,,,144,1,,person:도로시 person:아니스 person:네온 person:라피 org:카운터스,확정,ch46,,"이성을 잃은 도로시가 네온을 향해 쏜 광탄을 아니스가 손으로 막자 도로시는 죽일 생각은 아니었다고 물러섰다 — 카운터스는 도로시를 등 뒤에 두고 도반의 병력과 맞섰고, 라피는 정 원한다면 친구로서 함께 도반을 죽이자고 했다"
F2645,사실,144,2026-04-23,ch46,0,0,,0,0,,,,,,144,1,,person:도반 person:버닝엄 person:도로시 concept:침식,확정,ch46,,"버닝엄이 병력을 이끌고 오자 도반은 피나 닮은 양산형들을 침식시켜(붉은 눈으로 도로시를 부르게 해) 도로시에게 쏘라고 부추겼고, 도로시가 떨며 겨누는 사이 버닝엄이 도반의 머리를 쏘아 즉사시켰다"
F2646,사실,144,2026-04-23,ch46,1,1,138,0,0,,,,,,144,2,,person:에닉 person:도반 person:버닝엄 concept:침식 concept:언체인드,확정,ch46,,"에닉은 도반이 수뇌부 과반 동의 없이 사병 · 실탄 · 폭발물을 쓰고 니케를 무의미하게 희생시키고 극비 연구 중인 침식 데이터를 남용한 것을 들어, 버닝엄의 즉결심판을 전시 상황에 준해 정당하다고 판결했다 — 침식된 니케들은 엘리시온이 에닉이 확보해 둔 언체인드로 치료하게 했다"
F2647,사실,144,2026-04-23,ch46,0,0,,0,0,,,,,,144,1,,person:지휘관 person:도로시 org:갓데스 person:버닝엄 place:갱생관,확정,ch46,,"지휘관은 버닝엄의 부탁으로 니케와 시민 앞에서 도로시가 실존한 갓데스 스쿼드의 두 번째 리더이며 죄가 없다고 보증하고, 도반은 누명을 씌워 사살하려다 테러와 다름없는 짓으로 사살되었다고 밝혔다 — 도로시는 시내 총기 사용으로 구색상 수갑을 차고 갱생관의 니케용 시설에 갇혔다"
F2648,사실,144,2026-04-23,ch46,1,0,144,0,0,,,,,,144,1,,person:버닝엄 person:오스왈드 person:도로시,확정,ch46,,"버닝엄은 처음 만난 날 도로시가 이름을 물은 오스왈드가 피는 이어지지 않은 자기 조부라 처음부터 그가 갓데스의 도로시임을 알았고, 방주를 부수거나 빼앗으려는 속내를 알면서도 조부의 기록에서 가장 빛나는 승리의 여신이라 처분하지 못하고 지켜봐 왔다고 했다"
F2649,사실,144,2026-04-23,ch46,3,3,8,0,0,,,,,,144,4,J6,person:버닝엄 person:오스왈드 org:갓데스 incident:아크_가디언_작전 person:피나,확정,ch46,,"버닝엄에 따르면 아크 가디언 뒤 방주가 갓데스를 추락시키려 하자 갓데스의 광팬이자 작전 총책임자 오스왈드가 일부러 그들을 버렸다 — 임시 캠프 대화를 엿들어 책에 남겼고, 피나의 일 뒤 예정을 앞당겼으며, 사실대로 말하면 오히려 왔을 것이라 증오를 살 거짓말을 했다"
F2650,사실,144,2026-04-23,ch46,0,0,,0,0,,,,,,144,1,,person:버닝엄 person:오스왈드 org:V.T.C. org:갓데스 person:도반,확정,ch46,,"버닝엄에 따르면 그 뒤 방주는 오래 V.T.C.가 지배해 갓데스를 결코 용인하지 않았기에 오스왈드는 갓데스가 탈주했다고 거짓 보고했고, V.T.C.가 괴멸한 때는 너무 오래 지나 갓데스를 찾을 길이 없었다 — 도반이 한 말은 도로시를 자극하려는 거짓이라 했다"
F2651,사실,144,2026-04-23,ch46,2,2,36,0,2,,,,,,154,5,J7,person:버닝엄 person:도로시 person:오스왈드 org:갓데스,확정,ch46,,"버닝엄은 방주를 대표할 순 없지만 사과한다며, 도로시는 방주를 몇 번이나 구하고 도반에게 총 한 발 못 쏜 승리의 여신이라 복수할 수 없다고 했다 — 아군이라면 방주가 반드시 돕겠다며 오스왈드가 손수 쓴 책 [도로시]를 건네고 '갓데스 스쿼드에게 감사를'이라 경례했다"
F2652,사실,144,2026-04-23,ch46,0,0,,0,0,,,,,,144,1,,person:도로시 person:오스왈드 org:갓데스,확정,ch46,,도로시가 밤새 읽은 오스왈드의 책 [도로시]의 마지막 페이지는 갓데스에 대한 죄책감으로만 가득했다
F2653,사실,144,2026-04-23,ch46,0,0,,0,0,,,,,,144,1,,person:엔더슨 person:도로시 person:릴리바이스 org:V.T.C. person:아서 incident:아크_가디언_작전,확정,ch46,,"다음 날 면회 온 엔더슨은 도로시를 '도로시 아가씨'라 불렀고 도로시는 그를 '지휘관'이라 부르며 울었다 — 엔더슨은 아크 가디언 작전 중 사경을 헤맬 때 릴리스가 강제로 방주에 넣었고, 치료 뒤 V.T.C.가 수십 년 혼수상태로 두다가 아서의 도움으로 깨어났다고 했다"
F2654,사실,144,2026-04-23,ch46,3,3,5,0,0,,,,,,144,3,J5,person:엔더슨 org:V.T.C. org:갓데스,확정,ch46,,깨어난 엔더슨은 몸이 엉망이고 갓데스가 '필그림'이라 불리는 까닭을 인맥을 다 써 캐다 원흉이 V.T.C.임을 알고 주요 인사가 모인 행사에서 그들을 다 죽였으며(대장은 놓침) 그 공으로 부사령관에 올랐다 — 그 뒤 필그림을 잡을 수 없었고 전용 치료 시설 없이는 하루도 못 버티는 몸이라 필그림은 공격하지 말고 도움을 청하라는 지침만 내렸다
F2655,사실,144,2026-04-23,ch46,0,0,,0,0,,,,,,144,1,,person:엔더슨 person:도로시 person:버닝엄 person:퀸 person:릴리바이스,확정,ch46,,"엔더슨은 도로시를 만나러 가지 않은 까닭이, 도로시가 방주를 부수자 하면 따랐을 것이기 때문이라며 버닝엄에게 도로시의 진의를 파악해 예전 그대로면 돕고 방주를 부수려 들면 죽이라고 부탁했다고 밝혔다 — 그리고 퀸이 릴리스의 몸을 빼앗았음을 안다며 방주에 붙어 퀸을 잡으러 가자고 했다"
F2656,사실,144,2026-04-23,ch46,0,0,,0,0,,,,,,144,1,,person:엔더슨 person:에닉 person:잉그리드 person:머스탱 place:방주,확정,ch46,,"중앙 회의에서 엔더슨은 출력이 20%로 떨어지며 계속 줄어드는 방주 동력원, 도로시의 처분, 흔들리는 민심을 문제로 꼽았다 — 에닉은 인프라가 점점 마비될 것인데 대안이 없다 했고, 잉그리드는 방주 인근 물자는 씨가 말랐고 들여와도 가공할 동력이 없다 했으며, 머스탱은 수상한 집단이 많이 생겨난다고 했다"
F2657,사실,144,2026-04-23,ch46,3,3,66,0,1,,,,,,153,5,J7 J19,person:지휘관 incident:3차_지상_탈환전 person:도로시 org:갓데스 person:퀸,확정,ch46,,"지휘관은 동력원에 방법이 없으니 방주를 버리고 자원이 넘치는 지상으로 가자며 도로시를 선봉으로 한 3차 지상 탈환전을 제안했다 — 잇단 사고를 퀸 탓으로 발표하고 중앙 정부가 탈환전 준비로 비밀로 했다고 하며, 도로시의 말이 거짓이 되지 않게 선봉에 두고 갓데스의 명예 회복도 요구했다"
F2658,사실,144,2026-04-23,ch46,0,0,,0,0,,,,,,144,1,,person:엔더슨 person:에닉 concept:랩쳐 incident:3차_지상_탈환전 person:잉그리드,확정,ch46,,"엔더슨에 따르면 랩쳐가 이제 무한하지 않다는 것이 에닉의 교차 검증으로 확정되었다 — 지휘관은 퀸이 내려왔고 랩쳐가 유한하며 에덴의 신기술로 장비 생산이 충분하고 지상의 동료가 있어 지금이 탈환의 적기라 했고, 잉그리드가 곧바로 찬성했다"
F2659,사실,144,2026-04-23,ch46,0,0,,0,0,,,,,,144,1,,person:슈엔 place:방주 org:미실리스 person:에닉 incident:3차_지상_탈환전,확정,ch46,,슈엔에 따르면 방주는 처음부터 지상으로 올릴 수 있게 셈해 만들어졌고 미실리스가 그 기능을 꾸준히 관리해 왔다 — 에닉은 3차 지상 탈환전의 실행 가능성 · 시기 · 성공 확률을 한 달 안에 검토하기로 했다
F2660,사실,144,2026-04-23,ch46,1,1,142,0,0,,,,,,144,2,,person:버닝엄 person:총사령관 person:엔더슨,확정,ch46,,버닝엄에 따르면 총사령관은 아직 '그런 상태'이고 나머지 부사령관 둘은 버닝엄에게 전권을 맡겨 — 엔더슨의 말로 그 둘은 여전히 방주에 관심이 없다 — 탈환전 승인은 문제없다
F2661,사실,144,2026-04-23,ch46,0,0,,0,0,,,,,,144,1,,person:머스탱 incident:3차_지상_탈환전 org:T.T.STAR person:엔더슨,확정,ch46,,머스탱은 민심이 최악인 지금 전쟁 선포는 테러를 부를 수 있다며 3차 지상 탈환전을 축하하는 대형 콘서트를 여러 번 열어 축제로 포장하자 했고 중앙 정부가 지원하기로 했다 — 그 첫 무대는 T.T.STAR가 맡는다
F2662,사실,144,2026-04-23,ch46,0,0,,0,0,,,,,,144,1,,person:아이리 person:아르카나 person:잉그리드 place:금서고 person:도로시,확정,ch46,,"아르카나의 도움으로 빨리 발견된 아이리는 살아났다 — 잉그리드는 정전이라는 특수성으로 아르카나를 문제 삼지 않기로 하고, 금서고 정보를 허가 없이 빼낸 아이리에게 금서고에 관한 기억만 소거하기로 했다 — 도로시의 진의가 방주에 이용당하고 버려진 갓데스의 복수였다는 말을 들은 아이리는 방주의 치부를 들췄다며 기뻐했다"
F2663,사실,144,2026-04-23,ch46,2,2,128,0,0,,,,,,144,3,J8,person:지휘관 org:미실리스 place:에덴 person:아니스 org:T.T.STAR incident:3차_지상_탈환전,확정,ch46,,"지휘관은 니케 제작 기술을 기술 자체로는 최고인 미실리스에게서 받아 일부를 에덴에 먼저 보냈다 — 중앙 정부와 테트라는 펑크 스트리트 · 검은 탑 · 식스오 전으로 방주의 희망의 상징이 된 아니스가 3차 지상 탈환전을 독려하길 바랐고, 카운터스는 T.T.STAR 공연을 본 뒤 에덴에 가기로 했다"
F2664,사실,144,2026-04-23,relic:궤도엘리베이터음모론,0,0,,0,0,,,,,,144,1,,place:궤도_엘리베이터 concept:랩쳐 org:인류연합군,확정,relic:궤도엘리베이터음모론,,"랩쳐 침공 시절의 한 음모론 글은 우주 개척 사업으로 홍보하며 짓기 시작한 궤도 엘리베이터가 랩쳐가 지상으로 내려온 길일 뿐 아니라 랩쳐의 주둔지일지 모른다며, 인류가 이를 예견하고 있지 않았는지 · 인류 연합군이 숨기고 있다고 주장했다"
F2665,사실,144,2026-04-23,relic:궤도엘리베이터음모론,0,0,,0,0,,,,,,144,1,,place:궤도_엘리베이터 org:V.T.C. org:미실리스 concept:랩쳐,확정,relic:궤도엘리베이터음모론,,"같은 글쓴이는 궤도 엘리베이터를 만들기 시작한 것이 미실리스가 아니라 V.T.C.라는 소문을 들며, 잘린 팔다리를 돋게 하고 죽은 신경을 살린다는 V.T.C.의 [기적]으로 철의 괴물(랩쳐)을 만들어 세계를 정복하려 한 것은 아닌지 물었다"
F2666,사실,144,2026-04-23,relic:궤도엘리베이터음모론,0,0,,0,0,,,,,,144,1,,place:궤도_엘리베이터 org:인류연합군 org:갓데스,확정,relic:궤도엘리베이터음모론,,글쓴이는 인류 연합군과 갓데스 스쿼드가 여러 차례 궤도 엘리베이터 공략에 나섰다가 실패한 것이 내부 정보 유출 — 인류 연합군 안의 첩자 — 때문일 수 있다고 주장했다
F2667,사실,144,2026-04-23,relic:궤도엘리베이터음모론,0,0,,0,0,,,,,,144,1,,place:궤도_엘리베이터 org:V.T.C. org:미실리스 org:인류연합군,확정,relic:궤도엘리베이터음모론,,"글쓴이는 인류 연합군이 자기를 수소문한다며, 궤도 엘리베이터의 진짜 목적은 V.T.C.의 주도 아래 미실리스의 투자와 인류 연합군의 입막음으로 감춰졌을 수 있고 인류의 적은 인류의 손으로 만들어졌을지 모른다고 쓰고 '제가 사라지더라도 의심을 멈추지 말라'고 했다"
F2668,사실,144,2026-04-23,event_staranis1,0,0,,0,0,,,,,,144,1,,org:T.T.STAR place:아크리온_홀 person:머스탱 person:아비스타 person:아니스,확정,event_staranis1,,"T.T.STAR는 방주에서 가장 큰 무대인 아크리온 홀을 관객으로 가득 채운 공연에 올랐다 — 아비스타가 카운터스를 특별 초대석으로 안내했고, 머스탱은 이것이 단순한 복귀 공연이 아닌 아주 중요한 무대라 했다"
F2669,사실,144,2026-04-23,event_staranis1,0,0,,0,1,,,,,,147,2,,org:T.T.STAR person:한슨 person:아니스 person:민트 person:프리카 person:프리티,확정,event_staranis1,,"회상 속 T.T.STAR(아니스 · 민트 · 프리카)는 테트라를 나온 한슨이 사장 겸 매니저 · 프로듀서인 열 명도 안 되는 작은 사무실 소속으로, 데뷔 1년이 다 되도록 곡 · 안무가 프리티 커버라 '유니크함이 없다'며 작은 가게의 고정 공연조차 따내지 못했다"
F2670,사실,144,2026-04-23,event_staranis1,0,0,,0,0,,,,,,144,1,,person:프리티 org:중앙_정부 org:테트라 concept:니케,확정,event_staranis1,,"한슨에 따르면 프리티가 없어진 뒤 많은 사람이 스스로 니케가 되어 포스트 프리티를 꿈꿨는데, 한 회사가 니케를 너무 많이 갖지 않게 아이돌 · 연예인 지망 니케는 모두 중앙 정부 소속(명령에는 따른다)이 되고 특출난 이만 테트라가 데려가 관리하게 되어 작은 사무실과 지망 니케가 넘쳐났다"
F2671,사실,144,2026-04-23,event_staranis1,0,0,,0,0,,,,,,144,1,,org:중앙_정부 place:방주,확정,event_staranis1,,"회상 속 방주는 중앙 정부가 개인 차량의 신규 등록을 금지해 높은 사람 말고는 차를 새로 등록할 수 없었고, 이미 등록된 차는 값이 열 배 넘게 뛰었다 — 차도도 하나씩 폐지되고 있었다"
F2672,사실,144,2026-04-23,event_staranis1,0,0,,0,0,,,,,,144,1,,person:민트 person:프리카 person:아니스 person:한슨 person:프리티,확정,event_staranis1,,"민트 · 아니스는 프리티의 복귀 콘서트에서 같은 날 죽어 니케가 되었고, 프리카는 사람으로 데뷔할 예정이었다가 교통사고로 죽어 니케가 된 뒤 한슨이 테트라 이사 · 프리티 매니저 출신이라 사무실에 들어왔다 — 민트는 더 나은 사무실의 스카우트 제의를 받고도 열심인 아니스가 빛나는 것을 보고 싶어서, 프리카는 정이 들어 남았다"
F2673,사실,144,2026-04-23,event_staranis1,0,0,,0,1,,,,,,144,1,,person:한슨 org:T.T.STAR org:테트라,확정,event_staranis1,,"배양육 가게 미트 미트의 사장은 테트라 신입이던 아들을 업어다 준 이사 한슨과의 인연으로 T.T.STAR에게 가게 앞 공연을 맡겼다 — 한슨은 테트라를 나온 까닭을 '할 수 있는 게 아무것도 없어서'라 했고, 사장은 지상 탈환전 실패 뒤 다들 죽은 눈으로 사는데 열심인 모습이 힘이 난다며 계약을 한 달 늘렸다"
F2674,사실,144,2026-04-23,event_staranis1,1,1,142,0,0,,,,,,144,2,,person:한슨 person:머스탱 person:요요 org:T.T.STAR,확정,event_staranis1,,"한슨은 머스탱의 아들이다 — 머스탱은 일부러 비워 둔 이사 자리로 돌아오라 했지만, 한슨은 3인조에 맞는 곡만 사러 왔다며 잘 안 되면 돌아오고 잘 되면 방주의 별에 투자한 셈 치라 했고, 머스탱은 요요의 다음 곡을 넘겼다"
F2675,사실,144,2026-04-23,event_staranis1,0,0,,0,1,,,,,,144,1,J24,person:머스탱 person:한슨 person:프리티 org:중앙_정부 org:V.T.C. org:미실리스,확정,event_staranis1,,"머스탱에 따르면 한슨이 테트라를 나온 것은 프리티 때문이다 — 머스탱은 죽은 프리티의 몸을 중앙 정부가 필요하다고 해 넘겼는데 V.T.C.의 잔당이 그 바디로 확장 무장을 만들었고, 프리티의 죽음 뒤 니케가 생명체로 인지되어 그것이 생체 실험이 되자 미실리스가 그것을 꼬투리로 V.T.C.를 싹 밀어 버려 재료를 댄 꼴이 된 머스탱은 연줄 대부분을 잃었다"
F2676,사실,144,2026-04-23,event_staranis1,0,0,,0,0,,,,,,144,1,,person:머스탱 person:요요 person:프리티 org:테트라,확정,event_staranis1,,"머스탱은 오락은 누군가 괴로워야 나오는 것이라 했고, 테러로 죽었을 뿐인 프리티가 고귀한 죽음으로 포장돼 테트라 주가가 치솟은 것을 '예술'이라며, 자기가 니케로 만들어 포스트 프리티로 밀어준 1위 아이돌 요요에게 머리에 총 맞고 죽을 생각은 없냐고 했다"
F2677,사실,144,2026-04-23,event_staranis1,0,0,,0,0,,,,,,144,1,,person:요요 person:아니스,확정,event_staranis1,,"테트라의 아이돌 랭킹 1위 요요는 인간 시절 아니스를 학교에서 괴롭힌 반장이었다 — 사고로 니케가 된 아니스가 아이돌을 준비한다는 말을 듣고 아버지를 졸라 니케가 되어 아니스를 깔아뭉개려 했다며 편곡 프로그램을 건네고 사과했지만, 아니스는 용서하지 않고 폭로 대신 실력으로 밟겠다고 했다"
F2678,사실,144,2026-04-23,event_staranis1,0,0,,0,0,,,,,,144,1,,person:요요 person:머스탱 person:한슨 person:아니스 org:T.T.STAR,확정,event_staranis1,,"요요의 사과는 머스탱이 시킨 '선전포고'였다 — 요요는 대화를 몰래 녹음해 리스크 관리 팀이 아니스가 1위를 모독하고 협박한 것처럼 편집하게 했고(폭로하면 열등감에서 나온 일이라 하려고), 머스탱은 한슨의 직원을 모두 테트라 엔터 기획부로 빼가고 연줄로 공연 요청을 쏟아부었다"
F2679,사실,144,2026-04-23,event_staranis1,1,1,142,0,0,,,,,,144,2,,person:리스 person:아니스 org:T.T.STAR,확정,event_staranis1,,"새 매니저 리스는 인간 시절 아니스의 장기자랑을 녹화하며 '아니스가 아이돌 하면 매니저 하겠다'고 약속한 동창으로, 매니저 경력을 쌓아 찾아와 일정을 정리했다 — 특별할 것 없는 아니스가 포기하지 않고 해내는 모습에 위로받아 팬이 되었다고 했다"
F2680,사실,144,2026-04-23,event_staranis1,1,0,144,0,0,,,,,,144,1,,person:한슨 person:머스탱 person:미세스_미스 person:요요 org:T.T.STAR,확정,event_staranis1,,"T.T.STAR가 따낸 광고들을 테트라가 잇달아 요요에게 돌렸고, 한슨은 머스탱에게 직원 빼가기 · 공연 폭탄 · 광고 탈취를 따지며 자기와 미세스 미스가 머스탱의 감정 쓰레기통이자 장난감이었다고 했다 — 머스탱은 아들이 달려드는 것이 재밌다며 더 하겠다고 했다"
F2681,사실,144,2026-04-23,event_staranis1,0,0,,0,2,,,,,,154,2,,concept:사고_전환 concept:니케,확정,event_staranis1,,"의사에 따르면 니케는 이론상 먹지도 자지도 않아도 되지만 뇌는 인간의 것이라, 자신을 인간이 아닌 니케로 강하게 인지하면 '인간이다 · 아니다'가 뇌에서 다투다 감당하지 못하고 뇌의 정보를 재조립하는 사고 전환이 오고 보통 머리가 망가진다 — 액체 촉매를 피처럼 붉게 하고 통각을 재현한 것도 그 때문이다"
F2682,사실,144,2026-04-23,event_staranis1,0,0,,0,0,,,,,,144,1,,person:아니스 person:리스 concept:사고_전환 place:리페어_센터,확정,event_staranis1,,"공연 요청이 세 배로 늘자 아니스는 니케라 자지도 먹지도 않아도 된다며 통각 센서까지 끄고 무리하다 숨 쉬는 법을 잊고 말이 꼬였는데, 사고 전환의 초기 증상을 알던 리스가 뇌를 강제로 재부팅(기절)시켜 직전에 막았다"
F2683,사실,144,2026-04-23,event_staranis1,0,0,,0,0,,,,,,144,1,,person:요요 person:아니스 person:머스탱 org:테트라 org:엘리시온 org:미실리스 org:중앙_정부,확정,event_staranis1,,"중앙 정부 채널 연예 뉴스가 요요의 학교 폭력(아니스의 낙서 책상, 동창 증언)과 테트라가 빼앗은 광고의 책임자들에게 돈을 준 것(엘리시온 · 미실리스 재무팀 자료)을 터뜨렸다 — 머스탱이 낸 녹음은 엘리시온 · 미실리스 전문가가 짜깁기로 판명했고, 머스탱은 요요를 잘라냈으며 요요는 은퇴했다"
F2684,사실,144,2026-04-23,event_staranis1,2,0,144,0,1,,,,,,144,1,,person:한슨 person:ELYSION_Line._0 person:MISSILIS_Line._0 person:머스탱 org:엘리시온 org:미실리스,확정,event_staranis1,,"폭로는 한슨이 꾸민 것이다 — 테트라를 버티게 한 뒷공작꾼이 한슨임을 알던 엘리시온 · 미실리스(비밀 회선의 ELYSION · MISSILIS Line. 0)에게 머스탱의 주치의를 매수해 보라며 도움을 청했고, 한슨은 '타인의 괴로움은 나의 즐거움'이라 했으며 머스탱은 '역시 넌 내 아들'이라 했다"
F2685,사실,144,2026-04-23,event_staranis1,1,0,144,0,0,,,,,,144,1,,person:머스탱 person:한슨 person:리스 org:T.T.STAR org:테트라,확정,event_staranis1,,"머스탱은 직접 T.T.STAR 사무실에 와 요요 급 이상의 파격 조건과, 셋 모두 서명하면 한슨(이사 복귀) · 리스까지 고용 승계하는 스카우트를 내밀었다 — 한슨이 아들이며 가정에 소홀해 멀어진 아들을 괴롭히면 돌아올 줄 알았다고 사과하고 화해의 다리가 되어 달라 했고, 넷은 기뻐하며 계약서를 내밀었지만 한슨은 하늘이 무너지는 기분을 느꼈다"
F2686,사실,144,2026-04-23,event_staranis1,0,0,,0,0,,,,,,144,1,,person:요요 person:아니스,확정,event_staranis1,,은퇴한 요요에게는 동료 · 스태프의 연락이 하나도 없었고 아이돌 카페에는 욕과 인간 시절 인적 사항이 나돌았다 — 아니스가 동정받는 글을 본 요요는 '또 얘가 내 걸 다 빼앗아 갔다'고 했다
F2687,사실,144,2026-04-23,event_staranis1,0,0,,0,0,,,,,,144,1,,person:한슨 org:T.T.STAR org:테트라,확정,event_staranis1,,"한슨은 머스탱과의 계약을 취소하려 했지만 아니스 · 민트 · 프리카 · 리스는 테트라의 지원을 받고 싶어 했고, 한슨이 '프리티도 버티지 못했다'며 거래 취소를 선언한 사이 테트라가 마이너인 T.T.STAR를 공식 지원한다고 대대적으로 발표해 순위가 11위로 올랐다"
F2688,사실,144,2026-04-23,event_staranis1,0,0,,0,0,,,,,,144,1,,person:머스탱 person:한슨 org:테트라,확정,event_staranis1,,"머스탱은 계약 파기에 마케팅 비용 위약금 200억을 걸어 한슨을 테트라로 돌아오게 했다 — 한슨이 T.T.STAR 관리를 맡되 테트라가 요구하는 마케팅 · 홍보 활동에 거부권이 없고 어기면 계약 파기라는 조건이었고, 머스탱은 '사랑하는 프리티처럼 손도 못 대고 보내면 안 되잖아'라 했다"
F2689,사실,144,2026-04-23,event_staranis1,0,0,,0,1,,,,,,144,1,,person:머스탱 org:T.T.STAR place:방주,확정,event_staranis1,,"머스탱은 자기 혼자 관객인 테스트 무대에서 T.T.STAR를 중간에 끊고, 회의에서 아이돌로 쓸 수 없다며 지상 탈환전 실패 · 프리티의 죽음으로 쌓인 방주 시민의 불안 · 스트레스를 해소하는 '쓰레기통'으로 쓰겠다고 했다 — 수위 무관의 안을 걸고 채택자에게 10억을 걸었다"
F2690,사실,144,2026-04-23,event_staranis1,6,2,13,0,1,,,,,,144,3,J24,concept:스마일_박스 org:T.T.STAR org:테트라,확정,event_staranis1,,"스마일 박스는 '어떤 사람이 어떤 짓을 하든 항상 웃어 주는 꿈의 아이돌'을 내건 테트라의 T.T.STAR 프로젝트였다 — 경호원은 신체 접촉만 막고 웃으라고 강요했고, [팬]들이 일부러 음료 · 아이스크림을 던졌으며, 셋은 장난감으로 던져졌음을 깨닫고도 막대한 위약금 때문에 웃었다"
F2691,사실,144,2026-04-23,event_staranis1,0,0,,0,0,,,,,,144,1,,person:한슨 person:아니스 person:머스탱,확정,event_staranis1,,"한슨이 위약금을 평생 갚겠다며 스마일 박스를 그만두게 하려 했지만, 마이너 9위에 오른 아니스 · 민트 · 프리카는 응원하러 오는 팬이 훨씬 많다며 메이저에 가고 싶다고 계속하기로 했다 — 머스탱은 한슨에게 '피차 시간이 없다'고 했고, 한슨은 판을 한 번에 뒤집을 극단적인 방법을 찾아 떠났다"
F2692,사실,144,2026-04-23,event_staranis1,1,0,144,0,0,,,,,,144,1,,org:T.T.STAR person:리스 concept:스마일_박스,확정,event_staranis1,,"스마일 박스 2주 만에 불특정 다수의 장난감이 된 T.T.STAR는 빠르게 망가졌다 — [팬]들은 모욕을 하고 웃으며 사과하게 했고, 리스가 위약금은 뒤로 미루고 그만두자 했지만 마이너 아이돌 랭킹 1위 알림이 오자 조금만 더 하기로 했다"
F2693,사실,144,2026-04-23,event_staranis1,1,0,144,0,0,,,,,,144,1,,person:한슨 org:엘리시온 org:미실리스 org:테트라 person:에닉,확정,event_staranis1,,"한슨은 덮어 왔던 테트라의 치명적인 비리 자료를 엘리시온 · 미실리스(Line. 0)에 넘겼다 — 둘은 머스탱이 V.T.C. 잔당과 붙어먹어 반역 · 내란죄가 된다면서도, 프리티 전성기에 로비로 방주 인프라 사업권을 따낸 테트라가 무너지면 방주가 무너져 에닉도 손댈 수 없다고 했고, 한슨은 에닉과의 만남 주선을 청했다"
F2694,사실,144,2026-04-23,event_staranis1,3,1,142,0,0,,,,,,144,2,J24,person:머스탱 person:한슨 org:V.T.C. item:이터널_라이프,확정,event_staranis1,,"머스탱은 배드 드림에서 놀아 생긴 여러 병으로 길면 두 달 남은 시한부였고 진통제로 버티며, 병을 안 뒤부터 V.T.C.에 돈을 퍼부어 만든 자기 전용 신약을 2주 뒤 받을 예정이었다 — 이터널 라이프는 수명만 늘리고 감이 떨어진다며 맞지 않았고, 한슨이 그 병 정보를 엘리시온 · 미실리스에 팔아 요요를 무너뜨렸다고 했다"
F2695,사실,144,2026-04-23,event_staranis1,2,0,144,0,0,,,,,,144,1,J24,person:리스 org:T.T.STAR concept:스마일_박스,확정,event_staranis1,,"리스는 스마일 박스에서 아니스에게 물풍선을 던지려는 [팬]을 밀치고 스탠드를 휘둘러 [팬]들을 쫓아냈다 — T.T.STAR는 3일 활동 정지, 리스는 3일 테트라 출입 금지를 받아 자택에 돌아갔다가, 게시판의 비난 · 신상 털기 글을 본 뒤 3일 만에 숨진 채 발견되었다(경동맥 압박에 의한 질식사, 유서 '내가 너희를 망쳐서 미안해')"
F2696,사실,144,2026-04-23,event_staranis1,0,0,,0,0,,,,,,144,1,,person:아니스 person:리스,확정,event_staranis1,,"리스의 죽음 뒤 아니스가 쓴 해명문은 '이전에 올린 해명 영상'과 내용이 다르다며 거짓말쟁이로 몰렸다 — 아니스는 그런 영상을 올린 적이 없었고, 리스의 죽음을 남 탓으로 돌리는 글뿐인 아이돌 카페를 보고 방주 사람들을 위해 춤추고 노래한 인생이 아깝다며 무너졌다"
F2697,사실,144,2026-04-23,event_staranis1,1,0,144,0,1,,,,,,147,2,,org:T.T.STAR person:민트 person:프리카 person:리스,확정,event_staranis1,,"테트라는 논란을 감수하고 T.T.STAR를 메이저로 올린다고 발표했고, 민트는 리스가 그들이 별이 되길 바랐다며 아니스를 설득했다 — 프리카가 리스와 틈틈이 만든 두 번째 오리지널 곡 [Be My Star](제목은 리스)로 메이저 데뷔 공연을 하기로 했다"
F2698,사실,144,2026-04-23,event_staranis1,4,2,102,0,0,,,,,,144,3,J24,person:아니스 person:요요 person:리스 place:아크리온_홀,확정,event_staranis1,,"메이저 데뷔 공연 직전 아크리온 홀 앞에서 요요가 아니스에게 '학생 때로 돌아가 정정당당하게 경쟁하자'며 리스를 자기가 죽였다고 말하고 리스의 안경을 떨어뜨렸고, 아니스는 요요의 얼굴을 알아볼 수 없을 만큼 때렸다 — 모여든 사람들은 모두 그것을 촬영했다"
F2699,사실,144,2026-04-23,event_staranis1,2,0,144,0,0,,,,,,144,1,,person:요요 person:리스 person:아니스 org:T.T.STAR,확정,event_staranis1,,"보도에 따르면 요요의 자백은 거짓이었다 — 요요가 해코지하러 리스의 집에 갔을 때는 이미 늦었고 최초 신고자도 요요였으며, 메이저 데뷔가 확정된 T.T.STAR가 일을 벌이게 하려는 짓이었다 — 아니스는 정상 참작으로 실형은 없겠지만 아이돌 생명은 끝나고 T.T.STAR도 해체될 것이라 했다"
F2700,사실,144,2026-04-23,event_staranis1,4,1,142,0,0,,,,,,144,2,,person:한슨 person:머스탱 person:에닉 org:테트라,확정,event_staranis1,,"한슨은 에닉의 며칠 테스트로 자기 신분을 테트라 CEO로 바꿔 '머스탱이 되는' 계획을 승인받았고(대상의 자발적 동의 필요), 머스탱 전용 치료제를 들고 가 '죽어 주십시오' · '당신 아들이 평생 당신 흉내를 내며 회사를 잇는 게 재밌지 않느냐'고 했다 — 머스탱은 치료제를 벽에 던져 깨며 '내 아들이다'라 했다"
F2701,사실,144,2026-04-23,event_staranis1,5,2,127,0,0,,,,,,144,3,J24,person:한슨 person:머스탱 org:테트라 org:엘리시온 org:미실리스,확정,event_staranis1,,"테트라 이사 한슨은 자기 차에서 숨진 채 발견된 것으로 보도되었고, 그 뒤의 머스탱은 머스탱 흉내를 내는 한슨이다 — 그 대가로 테트라는 2차 지상 탈환전에서 지원으로 빠져 보상을 엘리시온 · 미실리스가 독점하고 엔터 사업에만 전념하기로 했고, 두 Line. 0은 그를 머스탱으로 인정했다"
F2702,사실,144,2026-04-23,event_staranis1,0,0,,0,0,,,,,,144,1,,org:테트라 org:엘리시온 org:미실리스,확정,event_staranis1,,엘리시온 · 미실리스가 테트라의 비리 자료를 한꺼번에 공개했다 — 불공정 계약 · 시스템적 학대 · 차트 조작 · 자금 은닉부터 인체 실험 · 불법 니케화 · 청부 살인까지 쏟아져 테트라 주가가 바닥을 쳤다
F2703,사실,144,2026-04-23,event_staranis1,0,0,,0,0,,,,,,144,1,,person:미세스_미스 person:한슨 org:테트라,확정,event_staranis1,,"머스탱(한슨)은 미세스 미스에게 전권을 주어 테트라의 부정적인 것을 손해를 봐도 뿌리까지 잘라 '즐겁기만 한 엔터테인먼트' 회사로 고쳐 달라 했고, 일이 끝나면 '몬스터를 만드니까' 다시 회사를 나가 달라 했다 — 미세스 미스는 받아들였고, 그 뒤 테트라는 클린해졌으며 아이돌 마이너 차트도 없어졌다"
F2704,사실,144,2026-04-23,event_staranis1,0,0,,0,0,,,,,,144,1,,person:한슨 person:요요 org:T.T.STAR,확정,event_staranis1,,"머스탱(한슨)은 T.T.STAR에게 진심으로 사과하고 쉬고 나서 깨끗한 방법으로 다시 시작하게 돕겠다고 했다 — 요요는 은퇴해 테트라 소속 니케로 다른 일을 하게 되었고, 고칠 수 없는 바디를 새로 만드는 과정의 '사고'로 모든 기억을 잃었다고 했다(민트는 테트라의 기억 보존 능력은 최고 수준이라 했다)"
F2705,사실,144,2026-04-23,event_staranis1,10,8,91,0,0,,,,,,144,8,J24,person:아니스 person:한슨 person:민트 person:프리카 org:T.T.STAR,확정,event_staranis1,,"아니스는 주제에 맞게 살겠다며 아이돌을 그만두고 지상 전투 부대로 보내 달라 했다 — 쓰레기 같은 방주 놈들을 위해 노래하기 싫다며, 머스탱(한슨)이 '죽을 생각이군', '또 늦었구나' 하면서도 받아들였고, 민트 · 프리카는 아니스가 돌아오면 셋이 다시 시작하려고 다른 그룹 데뷔를 마다하고 연예계에 남아 기다리기로 했다"
F2706,사실,144,2026-04-23,event_staranis1,0,0,,0,0,,,,,,144,1,,person:한슨 person:아니스 person:프리티,확정,event_staranis1,,"긴 시간 뒤 머스탱(한슨)은 지상 작전에서 살아 돌아오며 절대 돌아가지 않겠다는 아니스에게 확장 무장 STAR를 보여 주었다 — 매우 특별했던 프리티의 바디를 로스트 테크놀로지로 만든 '우리 죄의 상징'으로 되찾는 데 많은 돈과 시간이 들었다며, 아니스가 방주를 다시 사랑해 프리티가 지키려던 방주를 지키기로 하고 아이돌을 그만두는 날 주겠다고 했다"
F2707,사실,144,2026-04-23,event_staranis1,2,0,144,0,0,,,,,,144,1,,person:아니스 person:한슨 person:리스 org:T.T.STAR place:아크리온_홀,확정,event_staranis1,,"지금의 아크리온 홀 공연에서 머스탱이 관객의 앵콜을 이끌었고, 아니스는 방주가 쓰레기통이 아니라 어둠 속에 빛나는 별들이 있는 곳이라며 방주를 사랑할 수 있다고 하고 [Be My Star]를 리스에게 바쳤다 — 공연 뒤 머스탱은 선글라스를 벗고 한슨으로서 '최고였어, 역시 내 아이돌이야'라 했다"
F2708,사실,144,2026-04-23,event_staranis1,2,1,109,0,1,,,,,,146,3,,person:아니스 person:민트 person:프리카 person:아비스타 person:미세스_미스 org:Twinkle_Twin_Star org:카운터스,확정,event_staranis1,,"기념 공연이 끝난 뒤 아니스는 조용히 T.T.STAR를 탈퇴해 '배틀 아이돌'이란 별명을 얻었고, 민트 · 프리카는 아비스타 · 미세스 미스와 함께 Twinkle Twin Star로 데뷔했다 — 아니스는 방주의 별이 되겠다며 카운터스와 곧바로 지상으로 올라갔다"
F2709,사실,144,2026-04-23,char:17,0,0,,0,0,,,,,,144,1,,person:아니스 person:지휘관 place:방주,확정,char:17,,"무사히 아이돌을 졸업하고 돌아온 아니스는 선물로 지휘관의 하루를 받아, 지휘관이 막 카운터스 지휘관이 됐을 때 방주를 소개하던 코스(방주 시내 · 패스트푸드점 · 로열 로드)를 단둘이 다시 돌았다"
F2710,사실,144,2026-04-23,char:17,0,0,,0,0,,,,,,144,1,,person:아니스 org:T.T.STAR,확정,char:17,,"로열 로드 깊숙이 3인조 T.T.STAR의 마지막 팝업 스토어가 사장님(머스탱)의 뜻으로 화려하게 열렸고, 은퇴한 아니스가 찾아가자 알아본 팬들이 몰려 지휘관과 함께 도망쳤다"
F2711,사실,144,2026-04-23,char:17,0,0,,0,0,,,,,,144,1,,person:아니스 person:지휘관,확정,char:17,,"아니스는 방주를 사랑하게 되기까지 많은 일과 사람이 있었지만 그 시작은 누구에게나 상냥하고 몇 번 상처 입어도 다시 일어나는 지휘관이었다며, 지휘관을 '진흙 속에서 찾은 별', 가장 사랑하는 별이라 했다 — 아니스는 진즉 반해 있었다고 했다"
F2712,사실,144,2026-04-23,char:441,0,0,,0,0,,,,,,144,1,,person:아비스타 org:오버시어 person:지휘관,확정,char:441,,"오버시어의 아비스타는 상부 명령으로 '특별 관리 대상'인 지휘관을 한밤중에 감찰했다 — 의료 키트 · 전력 · 탄환의 초과 사용은 지휘관이 니케를 위해 사비로 산 예비 동력 장치, 아니스 숙소용 사비 온수 탱크, 네온의 화력이었고 추가 검사에서도 문제가 없었다"
F2713,사실,144,2026-04-23,char:441,0,0,,0,0,,,,,,144,1,,person:아비스타 person:아니스 person:지휘관,확정,char:441,,"아비스타는 '아니스가 선택한 분'이라 지휘관을 처음부터 믿었지만 꼬투리가 잡힐까 긴장했다며, 자신은 아니스의 오랜 팬이고 지휘관에게서도 아니스를 볼 때 같은 믿음직한 울림을 느낀다고 했다"
F2714,사실,145,2026-04-30,char:18,0,0,,0,0,,,,,,145,1,,person:네온 place:아우터_림 person:프린세스,확정,char:18,,"새 바디로 더 건강해진 네온은 지휘관과 인간 시절의 아우터 림을 처음 다시 찾았다 — 몇 년 돈을 모아야 얻는 터널 바닥 노란 선 한 칸이 집이었고, 아픈 몸으로 환락가 골목 전체를 청소했으며, 공주님과 마지막으로 함께 있던 격벽에는 핏자국조차 남지 않았다"
F2715,사실,145,2026-04-30,char:18,0,0,,0,0,,,,,,145,1,,person:네온 person:프린세스,확정,char:18,,"네온에 따르면 공주님은 남을 무시하고 자존심이 세며 말이 험한 사람이었지만, 네온에게는 틱틱대면서도 누구보다 건강하고 행복하게 살길 바란 좋은 사람이었다 — 네온은 공주님께 '건강한 눈'을 받았으니 앞으로 더 많은 것을 지키겠다고 했다"
F2716,사실,146,2026-05-14,fl:b-side_idol,0,0,,0,0,,,,,,146,1,,org:Twinkle_Twin_Star person:민트 person:프리카 person:아비스타,확정,fl:b-side_idol,,"민트 · 프리카는 'Twinkle Twin Star'로 방주에서 가장 유명한 아이돌로 활동하고(진행자 · 기사는 여전히 T.T. STAR라 부른다), 아비스타가 두 사람의 스케줄을 챙긴다"
F2717,사실,146,2026-05-14,fl:b-side_idol,3,0,146,0,1,,,,,,147,2,,person:민트 person:지휘관,확정,fl:b-side_idol,,"민트는 숙소에서 혼자 살고 기사가 날까 봐 집에서만 지내며, 친한 사람은 아니스 · 프리카뿐이고 같은 업계 사람들은 선을 긋는다 — 민트는 지휘관이 자기와 닮은 '빛나서 외로운 사람'이라며 무대 뒤에서 가끔 만나 서로 이야기를 들어 주는 '인터미션 타임'을 하자고 했고 지휘관이 받아들였다"
F2718,사실,146,2026-05-14,fl:b-side_idol,1,0,146,0,0,,,,,,146,1,,person:머스탱 person:민트 person:지휘관,확정,fl:b-side_idol,,"머스탱(한슨)은 민트를 아주 오래 보아 왔지만 남자와 함께 다니는 것을 한 번도 본 적이 없다며 지휘관과 민트의 사이를 반대했고, 민트는 선을 완벽하게 지켜 스캔들이 절대 나지 않는 민트라며 오해라고 넘겼다"
F2719,사실,146,2026-05-14,fl:b-side_idol,0,0,,0,0,,,,,,146,1,,place:전초기지 person:트리나,확정,fl:b-side_idol,,"전초기지에는 작은 쉼터인 생화 공원이 있고, 트리나가 관리한다"
F2720,사실,146,2026-05-14,char:600,0,0,,0,0,,,,,,146,1,,person:민트 person:프리카 person:아비스타 person:지휘관,확정,char:600,,"드라마 제작사가 민트에게 단편 드라마 여주인공 오디션을 제의했고, 프리카 · 아비스타가 연기가 서툴다며 반대하자 민트는 활동 반경을 넓혀야 도태되지 않는다며 일주일 동안 지휘관실에서 지휘관과 동거하며 연기 연습을 했다 — 오디션 결과는 나오지 않았다"
F2721,사실,147,2026-05-28,fl:bitter_spice,1,1,146,0,0,,,,,,147,2,,org:Twinkle_Twin_Star person:프리카 person:민트,확정,fl:bitter_spice,,"아니스가 빠진 뒤 둘이 처음 내는 앨범을 프리카가 작사 · 작곡을 맡았지만 셋의 곡만 나오고 아니스를 지우면 밋밋해 한 곡도 만들지 못하고 촬영에서 빠졌고, 민트는 혼자 일정을 무리하게 소화했다 — 둘은 말다툼 끝에 따로 다녀 불화설 기사가 퍼졌다"
F2722,사실,147,2026-05-28,fl:bitter_spice,0,0,,0,0,,,,,,147,1,,person:머스탱 person:프리카,확정,fl:bitter_spice,,"머스탱(한슨)은 신곡을 재촉하다 프리카에게 일주일을 주었고 그 뒤에도 안 되면 자기가 맡기로 했으며, 커지는 불화설에는 '내 스타들은 강하다'며 루머라고 대응하지 않았다"
F2723,사실,147,2026-05-28,fl:bitter_spice,1,1,146,0,0,,,,,,147,2,,person:프리카 person:지휘관,확정,fl:bitter_spice,,프리카는 매일 곁을 지켜 준 지휘관이 잠든 모습에서 영감을 받아 곡 [뮤즈]를 만들고 지휘관을 '뮤즈'라 부르게 되었다 — 이 곡은 프리카 솔로곡으로 앨범의 보너스 트랙에 실렸다
F2724,사실,147,2026-05-28,fl:bitter_spice,1,0,147,0,0,,,,,,147,1,,org:Twinkle_Twin_Star person:프리카 person:민트,확정,fl:bitter_spice,,"크게 싸운 뒤 프리카는 '살기 위한 음악'에서 벗어나 민트의 솔로곡과 자기 파트를 완성했고, 화해한 둘은 타이틀곡을 함께 다듬어 둘만의 첫 정규 앨범 [청록의 별]을 냈다(두 곡 빼고 프리카 작곡, 한 곡은 민트 작사) — 새 데뷔 무대는 크게 성공했다"
F2725,사실,147,2026-05-28,char:601,1,0,147,0,0,,,,,,147,2,,person:프리카 person:지휘관,확정,char:601,,"프리카는 첫 솔로 디지털 싱글로 사랑 노래 [Before Sweetness]를 냈고 작사가는 지휘관(뮤즈)으로 올랐다 — 가사를 곡의 정체성이라며 절대 남에게 맡기지 않던 프리카였고, 뒤이어 온전히 자기 마음을 담은 후속곡 [After Sweetness]를 만들었다"
F2726,사실,148,2026-06-11,fl:ark_ranger,0,0,,0,0,,,,,,148,1,,org:아크레인저 person:아크레인저_블랙 person:아크레인저_레드 person:아크레인저_블루 person:머스탱 org:테트라,확정,fl:ark_ranger,,"아크레인저 블랙 · 레드 · 블루는 테트라가 제작비 대부분을 대는 특촬 시리즈 '여신전대 아크레인저'의 배우 니케로(블랙 사자 · 레드 황소 · 블루 매) 극장판을 찍고 있었고, 머스탱 지침으로 거대 로봇 아크 머신(블랙의 아크 레온 · 아크 랜더 · 아크 팔콘)은 실제로 움직이는 실물로 만들어졌다"
F2727,사실,148,2026-06-11,fl:ark_ranger,0,0,,0,0,,,,,,148,1,,person:아크레인저_레드 person:아크레인저_블루 person:아크레인저_블랙,확정,fl:ark_ranger,,"레드는 TV 밖에서도 진짜 히어로가 되려고 애쓰다 포기하고 TV 속 히어로로 남기로 했고, 블루는 TV 속 블루와 자신을 나눠 연예인으로 산다 — 레드는 'TV 밖으로 나오면 평범한 니케'라며 블랙을 말렸다"
F2728,사실,148,2026-06-11,fl:ark_ranger,0,0,,0,0,,,,,,148,1,,person:아크레인저_블랙 person:아크레인저_레드 place:로열_로드 org:A.F.F. org:트라이앵글 org:A.C.P.U.,확정,fl:ark_ranger,,블랙은 '진짜 히어로'가 되려 로열 로드 대형 화재(보복성 방화)에 뛰어들어 셋을 구했지만 백드래프트로 쓰러졌고 — 구경꾼이 몰려 A.F.F. 진입이 늦어져 트라이앵글 · A.C.P.U. 기동타격대까지 동원되었고 부상자가 났다 — 레드는 민폐라 꾸짖으면서도 재난 행동 요령과 일반 바디를 권했다
F2729,사실,148,2026-06-11,fl:ark_ranger,1,0,148,0,0,,,,,,148,1,,person:호프 person:아크레인저_블랙 person:아크레인저_레드 incident:방주_테러,확정,fl:ark_ranger,,"CH.22 방주 테러 날 하늘의 검은 구멍으로 내려온 랩쳐에게서 레드가 블랙의 팬 소년 호프를 구하려다 크게 다쳤고, 블랙이 랩쳐를 쓰러뜨리고 호프를 달아나게 했지만 호프는 블랙이 사인해 준 트레이딩 카드를 쥔 채 죽었다"
F2730,사실,148,2026-06-11,fl:ark_ranger,0,0,,0,0,,,,,,148,1,,person:아크레인저_블랙 person:머스탱,확정,fl:ark_ranger,,"호프를 구하지 못한 블랙은 머스탱에게 지상 전투 니케와 같은 사양의 무거운 바디 · 전투 무장을 받았지만 — 머스탱은 바디의 힘이 히어로의 자격이라 여기면 오산이라 했다 — 쇼핑몰 붕괴 현장에서 몸이 굳어 움직이지 못했고, 슈트를 입으면 어지럼 · 구토가 나 촬영이 중단되고 긴 휴식에 들어갔다"
F2731,사실,148,2026-06-11,fl:ark_ranger,0,0,,0,0,,,,,,148,1,,person:아크레인저_블랙 person:아니스 person:이터니티 place:펑크_스트리트 person:머스탱,확정,fl:ark_ranger,,"펑크 스트리트 E2 크리스탈 사건 때 블랙은 사람들을 구하며 이터니티와 싸우는 아니스를 보며 응원하다 용기를 얻어 다시 훈련을 시작했고, 머스탱에게 아크레인저를 그만두고 방주를 지키는 스쿼드로 가겠다고 했지만 머스탱은 'TV 속에 있다고 해서 가짜는 아니다'라며 받아 주지 않았다"
F2732,사실,148,2026-06-11,fl:ark_ranger,0,0,,0,0,,,,,,148,1,,person:아크레인저_블랙 person:아크레인저_레드 concept:E2_크리스탈 place:방주,확정,fl:ark_ranger,,"방주가 정전된 밤 — 레드는 수정 테러 대비책이라 짐작해 시민들을 전자기기 없는 광장으로 대피시켰다 — 광장에 수정이 솟아 시민들이 공황에 빠지자 블랙은 다시 변신해 '수정 괴인'과 싸우며 용기를 주었고, 그 뒤 다시 슈트를 입게 되었다"
F2733,사실,148,2026-06-11,fl:ark_ranger,0,0,,0,0,,,,,,148,1,,person:잉그리드 org:카운터스,확정,fl:ark_ranger,,"지상 탐색 부대가 여러 곳에서 연락이 끊기고 찾으러 간 부대도 똑같이 전멸했다 — 가운데 크레이터, 교전 흔적 없이 외상 없이 죽은 니케와 기능 정지한 랩쳐 — 잉그리드는 에덴으로 가던 카운터스에게 조사를 부탁했다"
F2734,사실,148,2026-06-11,fl:ark_ranger,1,1,17,0,0,,,,,,148,2,,person:지휘관 person:네온 person:라피 person:하란 person:퀸,확정,fl:ark_ranger,,크레이터는 화학무기 착탄 자리였다 — 다가간 네온은 잠깐 정신을 잃었고 지휘관은 피를 토하며 심장이 멎었다가 라피의 AED · CPR로 살아났으며(인자가 아니었다면 죽었으리라 봄) — 지휘관은 그 향기가 하란의 에센스 향기와 같다고 했고 라피는 퀸을 떠올렸다
F2735,사실,148,2026-06-11,fl:ark_ranger,0,0,,0,0,,,,,,148,1,,person:에닉 org:블레이즈_아웃 place:방주,확정,fl:ark_ranger,,"화학물질은 코어와 혈액에 반응해 혈액을 끓게 하고 코어 동력을 끊으며 향기 말고는 눈으로 확인할 수 없다 — 방주에서 8km 떨어진 착탄으로 극미량이 엘리베이터 통로를 타고 들어와 에닉이 봉쇄한 반경 2km 안의 인간 2048명 · 니케 138기가 20분 만에 죽었고, 블레이즈 아웃이 그 지역을 태워 방주 지도에서 지웠다"
F2736,사실,148,2026-06-11,fl:ark_ranger,0,0,,0,0,,,,,,148,1,,person:잉그리드 person:에닉 org:미실리스 place:방주,확정,fl:ark_ranger,,"잉그리드에 따르면 화학무기 착탄 지점은 다섯 곳으로 갈수록 방주에 가까워졌고, 방주는 전력이 떨어져 거대 입자포를 쓸 수 없고 제공권을 포기해 초고고도 미사일을 막을 수단이 없다 — 에닉 · 미실리스가 함께 정화제를 만드는 중이다"
F2737,사실,148,2026-06-11,fl:ark_ranger,0,0,,0,1,,,,,,154,2,,person:애니힐리오 org:메티스 person:에닉 concept:이터널_스카이 concept:헬레틱,확정,fl:ark_ranger,,메티스가 메티스 버스터로 격추한 미사일은 나노머신으로 수복하는 헬레틱(코드네임 애니힐리오)이었고 파일 벙커로 변해 방주에 구멍을 뚫어 랩쳐를 들여보냈다 — 에닉은 반경 4km를 봉쇄 · 언론을 통제하고 에덴 기술의 광학미채로 이터널 스카이의 구멍을 가렸다
F2738,사실,148,2026-06-11,fl:ark_ranger,0,0,,0,0,,,,,,148,1,,person:맥스웰 person:퀸 org:메티스 org:카운터스 place:방주,확정,fl:ark_ranger,,"맥스웰은 밀폐된 방주를 지금까지 이런 식으로 치지 않은 것은 봐주었거나 새 우두머리(퀸)가 정책을 바꾼 것이라 했고, 카운터스 · 메티스는 미사일 착탄이 좌표 수정이었고 구멍과 랩쳐는 의도를 숨긴 것이며 다음엔 구멍 위에 화학무기를 터뜨려 방주를 전멸시키려 할 것이라 보았다"
F2739,사실,148,2026-06-11,fl:ark_ranger,1,0,148,0,0,,,,,,148,1,,person:루크 person:호프 person:아크레인저_블랙 person:목단,확정,fl:ark_ranger,,"호프의 쌍둥이 형제 루크는 랩쳐에게서 자기를 구한 블랙에게 '이렇게 강하면서 왜 호프는 구하지 않았느냐', 아크레인저는 가짜라며 호프의 카드를 내쳤고 — 뒤에 목단이 데려온 촬영장에서 쓰러진 아크 레온을 보며, 사실은 블랙이 목숨 걸고 최선을 다한 것을 알았다고 사과하며 응원했다"
F2740,사실,148,2026-06-11,fl:ark_ranger,0,0,,0,0,,,,,,148,1,,person:목단 person:머스탱 person:식스오,확정,fl:ark_ranger,,"목단은 수정 사건 주모자와 얽혀 쓴 누명이 풀렸어도 믿지 않는 이들이 많아, 머스탱이 이미지 쇄신으로 아크레인저 극장판의 빌런 '칠흑여제 다크니스 플라워' 역에 밀어 넣었다"
F2741,사실,148,2026-06-11,fl:ark_ranger,3,0,148,0,0,,,,,,148,1,,person:머스탱 org:아크레인저 person:트로니 person:에닉 person:잉그리드 incident:3차_지상_탈환전,확정,fl:ark_ranger,,"머스탱은 3차 지상 탈환전을 앞두고 사기를 지키려, 랩쳐 습격을 다크니스 플라워의 짓으로 꾸며 아크레인저가 아크 머신을 타고 막는 과정을 극장판 [크림슨 스카이]로 방주 전역에 실시간 방영하는 작전 크림슨 스카이를 허가받았다 — 트로니가 아크 머신을 실전 사양으로 개조했고, 아크 머신은 머스탱이 에닉의 허가 없이 몰래 만든 것이었다"
F2742,사실,148,2026-06-11,fl:ark_ranger,1,1,115,0,0,,,,,,148,2,,org:오버_더_호라이즌 place:승리의_날개_호 org:엘리시온 person:소라 person:지휘관 person:애니힐리오,확정,fl:ark_ranger,,"오버 더 호라이즌은 승리의 날개 호를 찾아 고쳤고, 엘리시온이 최신 무장 · 엔진 · 장갑 강화와 중력 제어 장치로 개조한 [승리의 날개 호 ver.엘리시온]에 지휘관을 캡틴으로 태워 낙하하는 애니힐리오를 갑판에서 상대해 격추했다"
F2743,사실,148,2026-06-11,fl:ark_ranger,2,0,148,0,0,,,,,,148,1,,org:아크레인저 person:아크레인저_블랙 person:아크레인저_레드 person:아크레인저_블루 person:애니힐리오 item:세븐스_드워프 org:메티스 person:루크,확정,fl:ark_ranger,,"아크레인저는 아크 레온 · 아크 랜더 · 아크 팔콘으로 메티스와 함께 랩쳐 대군을 막았고 — 쓰러지던 아크 레온은 루크의 응원에 출력이 치솟았다 — 셋이 합체한 아크버스터와 조종석을 박차고 나온 세 필살기로, 세븐스 드워프 I 수십 개를 뭉쳐 짊어진 애니힐리오 본체를 쓰러뜨렸다"
F2744,사실,148,2026-06-11,fl:ark_ranger,0,0,,0,0,,,,,,148,1,,person:잉그리드 person:애니힐리오 place:궤도_엘리베이터 place:승리의_날개_호 org:아크레인저 incident:3차_지상_탈환전,확정,fl:ark_ranger,,"잉그리드에 따르면 애니힐리오는 격추 지점에 흔적 없이 소멸한 나노머신 미사일이라 하나가 아닐 것이고, 에닉의 열원 역추적으로 궤도 엘리베이터 인근에서 발사되었다 — 방주는 대공 화망을 강화하고 승리의 날개 호 ver.엘리시온과 아크레인저를 상시 대기시켰으며, 3차 지상 탈환전을 서둘러야 한다고 했다"
F2745,사실,148,2026-06-11,fl:ark_ranger,0,0,,0,0,,,,,,148,1,,org:아크레인저 person:머스탱 person:에닉 person:루크,확정,fl:ark_ranger,,"극장판 크림슨 스카이(애니힐리오 전 영상은 PV로 쓰였다)는 시리즈 기록을 갈아치운 최고 명작이 되었고, 머스탱은 아크 머신 비밀 개발로 에닉에게 경고만 받았으며, 루크는 아크레인저가 되려다 장비 제작으로 진로를 정했고, 아크레인저 셋은 다음 위기에 대비해 전투 교범 훈련을 이어 갔다"
F2746,사실,148,2026-06-11,char:570,0,0,,0,0,,,,,,148,1,,person:아크레인저_블랙 person:지휘관 place:방주,확정,,,"아크레인저 블랙은 촬영이 없는 날 도움을 청하지 못하는 이들을 위해 뒷골목 쓰레기통 같은 인적 드문 곳까지 방주를 순찰하고 공원 쓰레기를 주우며 곤경에 빠진 시민을 돕는 '히어로 활동'을 혼자 해 왔고, 동경하던 지휘관과 처음으로 며칠 함께했다"
F2747,사실,148,2026-06-11,char:570,0,0,,0,0,,,,,,148,1,,person:지휘관 person:폴리 org:A.C.P.U. org:해피_주 person:레오나,확정,,,"순찰 중 지휘관이 뒷골목 쓰레기통에서 찾아 A.C.P.U.(폴리)에 신고한 검은 고양이는 해피 주에 인계되었고, 병에 걸려 있었지만 일찍 발견되어 건강해졌다"
F2748,사실,149,2026-07-02,fl:wave_to_you,1,1,50,0,0,,,,,,149,2,,person:에테르 person:마르차나 person:나가 person:티아 place:미미르_부속_고등학교 place:코랄_아일랜드,확정,fl:wave_to_you,,"에테르는 마르차나에게 졸업 여행 계획서를 주며, 졸업반 가운데 우등생 나가 · 티아 둘이 7호(지휘관)와 카운터스가 들러 안전을 검증한 바다 섬(코랄 아일랜드)에 마르차나와 다녀오면 진짜로 졸업한다고 했다 — 마르차나가 학생을 졸업시키는 것은 처음이다"
F2749,사실,149,2026-07-02,fl:wave_to_you,0,0,,0,0,,,,,,149,1,,person:마르차나 person:나가 person:티아,확정,fl:wave_to_you,,"마르차나 · 나가 · 티아가 탄 보트는 가던 중 소용돌이에 끌려가 목적지에서 4시간쯤 못 미친 다른 섬에 표류했고, 보트가 망가지고 핸드폰 신호도 잡히지 않았다 — 마르차나는 이것도 시험의 일환이 아닐까 의심했다"
F2750,사실,149,2026-07-02,fl:wave_to_you,0,0,,0,0,,,,,,149,1,,person:리틀_머메이드 person:헨젤 person:그레텔 person:신데렐라 person:지휘관 person:라피,확정,fl:wave_to_you,,"세이렌에 따르면 헨젤 · 그레텔이 있는 곳으로 가려면 어느 해역을 건너야 하는데 그 해역에서는 물거품이 불안정해져 흩어졌다 — 신데렐라 일행은 지휘관에게 배를 빌려 달라고 했고, 지휘관은 핑계를 꾸며 방주에 지원을 요청해 배를 구하고 직접 운전해 라피와 함께 갔다"
F2751,사실,149,2026-07-02,fl:wave_to_you,0,0,,0,0,,,,,,149,1,,person:리틀_머메이드 person:신데렐라,확정,fl:wave_to_you,,"그 해역에는 섬을 둘러싼 소용돌이가 있어 물거품이 흔적 없이 사라졌고, 날아서 살펴본 신데렐라도 물리적인 힘이 아니라 방향이 어긋나듯 밀려나 넘어갈 수 없었다 — 섬 주변만 바다가 탁하고 섬 모양이 인위적이었다"
F2752,사실,149,2026-07-02,fl:wave_to_you,0,0,,0,0,,,,,,149,1,,person:지휘관 person:라피 person:신데렐라 person:마르차나,확정,fl:wave_to_you,,섬에서 마르차나 일행을 만난 지휘관은 신데렐라 일행을 '내가 따로 운용하는 특수목적부대'라 둘러댔고 라피는 그 이상은 기밀이라 했다 — 방주 내부 사정을 모르는 그들을 마르차나는 의심했다
F2753,사실,149,2026-07-02,fl:wave_to_you,1,0,149,0,0,,,,,,149,1,,person:라이 person:마르차나 person:펭군_1호 person:펭군_2호 person:펭군_3호 person:펭군_4호,확정,fl:wave_to_you,,"라이는 졸업 여행 선물로 마르차나에게 [나루]를 잇는 [펭군] 로봇 넷(펭군 1–4호, 스탯은 귀여움에 몰빵)을 주었고, 말하는 컨셉인 4호만 말을 한다 — 마르차나는 펭귄을 좋아한다"
F2754,사실,149,2026-07-02,fl:wave_to_you,0,0,,0,0,,,,,,149,1,,person:마르차나 person:신데렐라 person:라피,확정,fl:wave_to_you,,"섬의 정글 돌기둥과 낡은 등대 외벽에는 거북이 같은 것 위에 특이한 옷을 입고 검을 든 사람들(기사 같은)을 어린아이처럼 삐뚤빼뚤 그린 그림이 있었고, 등대에는 외부 전력도 자체 발전 설비도 없었다"
F2755,사실,149,2026-07-02,fl:wave_to_you,1,0,149,0,0,,,,,,149,1,,concept:아일랜드_이터 person:라피 person:신데렐라,확정,fl:wave_to_you,,"밤에 큰 진동과 함께 꺼져 있던 등대가 저절로 켜지고 섬이 떠올랐다 — 날아오른 라피 · 신데렐라는 섬 가장자리 수면 아래에서 섬 전체를 둘러싼 거대한 랩쳐(머리 · 코어)를 보았고, 라피는 랜드 이터라 알아보고 섬을 싣고 있으니 아일랜드 이터라 불렀다"
F2756,사실,149,2026-07-02,fl:wave_to_you,0,0,,0,0,,,,,,149,1,,person:마르차나 place:미미르_부속_고등학교,확정,fl:wave_to_you,,"마르차나에 따르면 미미르 부속고의 선생은 학생 대신 시험을 볼 수도, 리셋되는 학생 대신 기억 소거를 당해 줄 수도 없이 남이 만든 커리큘럼대로 가르치며 지켜볼 뿐이라 무력하다 — 마르차나는 손이 닿는 곳의 학생은 반드시 지키는 것을 선생의 역할로 정했다"
F2757,사실,149,2026-07-02,fl:wave_to_you,2,0,149,0,0,,,,,,149,1,,person:마르차나 person:나가 person:티아 person:지휘관 concept:아일랜드_이터,확정,fl:wave_to_you,,"마르차나는 졸업 여행이 학교의 졸업 시험이고 지휘관이 시험관으로 불려 왔다고 믿어 혼자서라도 아일랜드 이터를 제거하러 가려다 일행에게 막혔고, 이튿날 나가 · 티아는 선생님의 보호가 버겁고 누구를 위한 것인지 모르겠다며 '보호받고 싶지 않다'고 맞섰다"
F2758,사실,149,2026-07-02,fl:wave_to_you,0,0,,0,0,,,,,,149,1,,person:마르차나 place:미미르_부속_고등학교,확정,fl:wave_to_you,,"마르차나에 따르면 미미르 부속고 졸업생은 최종 테스트를 거쳐 적합한 스쿼드에 배치된다고 전해 들었을 뿐 졸업시켜 본 적이 없어 자세히 모르고, 우수 졸업생이 실험이나 부조리를 당할 수 있다고 걱정했다"
F2759,사실,149,2026-07-02,fl:wave_to_you,1,0,149,0,0,,,,,,149,1,,person:마르차나 person:신데렐라 person:나가 person:티아,확정,fl:wave_to_you,,"마르차나는 신데렐라에게서 학생들과 헤어지는 것이 두려운 것 아니냐는 말을 듣고 밤새 생각한 뒤 나가 · 티아에게 일방적이었다고 사과하고, 혼자 결정하지 않고 아일랜드 이터를 조사한 뒤 모두와 상의하기로 해 화해했다"
F2760,사실,149,2026-07-02,fl:wave_to_you,0,0,,0,0,,,,,,149,1,,concept:아일랜드_이터 person:지휘관 person:마르차나 person:신데렐라 person:라피 person:펭군_2호,확정,fl:wave_to_you,,"등대 뒤 풀숲에 가려진 해치 아래 원형 공간에서 방주에서도 지상에서도 본 적 없는 양식의 작동 중인 대형 기계와 벽화(기계에서 뻗은 선 7개, 해저에 따로 고정되고 지면 일부만 이어진 거북이 · 섬 설계도)를 찾았고 — 지휘관이 손대자 기계가 꺼지며 진동이 일고 다시 켜지자 멎어, 기계가 아일랜드 이터의 구속구임을 알았다"
F2761,사실,149,2026-07-02,fl:wave_to_you,0,0,,0,0,,,,,,149,1,,concept:아일랜드_이터 person:라피 person:리틀_머메이드 person:티아 person:나가,확정,fl:wave_to_you,,해안선에는 수정처럼 빛나는 낡은 장치 7개가 박혀 있었고 위치가 벽화의 선 끝과 일치해 지하 본체와 이어진 구속 장치로 보였다 — 진동 때 장치와 등대가 함께 꺼졌다 — 라피는 등대 · 벽화로 보아 옛날 이 섬에 살던 이들이 모종의 이유로 아일랜드 이터를 묶어 두었다고 추측했다
F2762,사실,149,2026-07-02,fl:wave_to_you,1,0,149,0,0,,,,,,149,1,,concept:아일랜드_이터 person:마르차나 person:리틀_머메이드,확정,fl:wave_to_you,,"일행이 외부 장치 7개를 10초 간격으로 차례로 부수고 마르차나와 펭군 부대가 지하 본체를 부수자 아일랜드 이터는 깨어나 떠올랐지만 싸우지 않고 섬에서 떨어져 멀어졌다 — 섬은 다시 가라앉고 소용돌이가 사라지고 파도가 정상으로 돌아왔으며, 세이렌의 물거품도 기계의 진동이 원인이었는지 정상이 되었다"
F2763,사실,149,2026-07-02,fl:wave_to_you,1,1,51,0,0,,,,,,149,2,,person:마르차나 person:나가 person:티아,확정,fl:wave_to_you,,"마르차나는 비상용 발전기로 꺼진 등대를 다시 켰고, 나가 · 티아가 엮은 씨 글라스 장식을 받고 졸업을 축하했다 — 나가는 학교를 다니며 포기한 선생님의 꿈을 다시 꾸고 싶다고 했다"
F2764,사실,149,2026-07-02,fl:wave_to_you,0,0,,0,0,,,,,,149,1,,person:리틀_머메이드 person:지휘관 person:신데렐라 person:그레이브 person:모리 person:헨젤 person:그레텔,확정,fl:wave_to_you,,"세이렌은 지휘관에게 씨 글라스를 선물하고 떠났고, 신데렐라 일행은 세이렌의 물거품을 타고 하루 이틀로는 닿지 않는 헨젤 · 그레텔이 있는 곳으로 바다를 건너갔다"
F2765,사실,149,2026-07-02,fl:wave_to_you,1,1,51,0,0,,,,,,149,2,,person:나가 person:티아 person:마르차나 place:미미르_부속_고등학교,확정,fl:wave_to_you,,"나가 · 티아는 졸업해 미미르 부속고를 떠나며 교문에서 학교를 향해 인사했고, 마르차나는 나가면 두 사람의 발걸음을 붙잡을 수 있다며 창가에서 배웅했다"
F2766,사실,149,2026-07-02,char:515,0,0,,0,0,,,,,,149,1,,person:신데렐라 person:지휘관 item:아모르_테트라 person:펭군_1호,확정,char:515,,"섬에 머무는 동안 신데렐라는 지휘관이 챙겨 온 아모르 테트라 신간의 [나만의 왕자님을 사로잡는 7가지 방법]을 따라 지휘관과 손을 잡고 빙수를 나눠 먹고 정글 속 호수에서 단둘이 시간을 보냈고, 마지막 단계 '잡지를 덮으세요'에 따라 밤 등대 근처에서 하고 싶은 대로 마음을 전해 입을 맞췄다"
F2767,사실,150,2026-07-09,char:322,0,0,,0,0,,,,,,150,1,,person:마르차나 person:지휘관 person:나가 person:티아,확정,char:322,,"섬에서 나가 · 티아의 조개 껍질 목걸이를 받은 날 지휘관이 다른 이들에게 감상을 말하는 것을 보고 답답해하던 마르차나는, 질투임을 눈치챈 나가 · 티아가 꾸민 둘만의 조개 줍기 뒤 지휘관을 좋아한다는 것을 깨닫고 고백했고, 지휘관은 사랑을 고백할 때 조약돌을 준다는 펭귄처럼 조약돌을 건넸다"
F2768,사실,151,2026-07-23,fl:project_matis,0,0,,0,0,,,,,,151,1,,person:슈엔 person:라플라스 person:맥스웰 person:드레이크 org:메티스 incident:3차_지상_탈환전 place:시뮬레이션_룸,확정,fl:project_matis,,3차 지상 탈환전을 앞두고 슈엔은 미실리스 성과가 또 가장 낮으면 무슨 일이 생길지 걱정해 오랜만에 직접 라플라스 · 맥스웰의 시뮬레이션 테스트를 도왔다 — 라플라스 · 맥스웰은 드레이크도 없던 메티스 초기 멤버다
F2769,사실,151,2026-07-23,fl:project_matis,0,0,,0,0,,,,,,151,1,,person:슈엔 person:엔메 person:맥스웰,확정,fl:project_matis,,"어린 슈엔은 아버지(미실리스 2대 CEO 엔메)가 싫어해 히어로 영화를 맥스웰의 연구실에서 몰래 보았다 — 맥스웰과는 3층 복도 끝 휴게실에서, 메이드를 잃고 숨어 울던 때 처음 만났다"
F2770,사실,151,2026-07-23,fl:project_matis,0,0,,0,0,,,,,,151,1,,org:미실리스 person:엔메 concept:니케 concept:페어리_테일,확정,fl:project_matis,,"맥스웰에 따르면 니케 제작 기술의 원본은 미실리스에 있다 — 슈엔의 할머니인 1대 CEO가 모든 니케의 프로토타입과 그 마이너 버전인 페어리 테일 타입을 만들고 양산형 · 고유 외형 니케 제작법을 확립했으며, 방주에 들어온 뒤 2대 CEO 엔메는 통신 산업에 힘을 실어 니케 기술 발전은 사실상 멈췄다"
F2771,사실,151,2026-07-23,fl:project_matis,0,0,,0,0,,,,,,151,1,,org:중앙_정부 org:미실리스 person:엔메 person:샛별 incident:2차_지상_탈환전,확정,fl:project_matis,,2차 지상 탈환전 실패 뒤 중앙 정부는 총지휘관 샛별을 탓하다 그가 탈주하자 미실리스의 니케 기술 퇴화를 탓하며 엔메에게 항의했다 — 맥스웰은 책임을 덜고 니케 오리지널 설계도를 공유받으려는 압박이라 보았다
F2772,사실,151,2026-07-23,fl:project_matis,0,0,,0,0,,,,,,151,1,,person:지엔 person:슈엔 person:엔메 person:라라 concept:기억_소거,확정,fl:project_matis,,"지엔은 엔메가 데려온 슈엔의 이복 언니로 어려서 니케 뇌 스캔 기술을 개발하고 기억 소거 장치를 개선해 차기 CEO로 떠올랐다 — 메이드 라라가 스파이 혐의로 엔메에게 사살되자, 지엔은 보관하던 라라의 뇌로 기억을 지운 니케를 만들어 슈엔에게 주었다(기억 소거 메커니즘 시험을 겸해)"
F2773,사실,151,2026-07-23,fl:project_matis,0,0,,0,0,,,,,,151,1,,person:엔메 person:맥스웰 org:미실리스 concept:에블라_입자 incident:2차_지상_탈환전,확정,fl:project_matis,,"맥스웰에 따르면 2차 지상 탈환전 때 미실리스 양산형들이 비밀리에 승패와 상관없이 많은 장치를 지상에 설치했고, 엔메는 그것이 지상에서도 블라블라가 이어질 만큼 통신을 강하게 하는 에블라 입자 정화 장치 개선판이라며 더 좋은 거래에 쓰려 발표하지 않았다"
F2774,사실,151,2026-07-23,fl:project_matis,0,0,,0,0,,,,,,151,1,,person:엔메 person:지엔 person:슈엔 person:에닉,확정,fl:project_matis,,엔메는 큰딸 지엔은 지나치게 비인간적이라 위에 두면 에닉과 부딪힐 것이고 작은딸 슈엔은 지나치게 인간적이고 유약하다고 보았다 — 지도 위 붉은 영역을 보며 이미 일이 시작되어 되돌릴 수 없다고 했다
F2775,사실,151,2026-07-23,fl:project_matis,0,0,,0,0,,,,,,151,1,,person:슈엔 person:엔메 org:미실리스 concept:니케,확정,fl:project_matis,,"니케 설계도는 대부분 암호화되어 미실리스도 외장을 더하는 개발밖에 못 했는데, 미실리스 직계만 드나드는 도서관에서 니케 프로토타입 설계도를 본 어린 슈엔이 일주일 만에 니케 코어 에너지 구조 변경안을 만들었고, 엔메는 그에게 여론 수습을 맡겼다"
F2776,사실,151,2026-07-23,fl:project_matis,2,2,17,0,0,,,,,,151,3,,person:슈엔 person:맥스웰 concept:니케,확정,fl:project_matis,,슈엔은 2차 지상 탈환전 패배 뒤 대중이 원하는 것은 히어로처럼 강한 니케라며 맥스웰의 보조로 '히어로 니케' 설계도를 완성했다 — 맥스웰은 니케가 된 자기는 지금의 자기와 같은 개체가 아니라며 니케가 되지 않았다
F2777,사실,151,2026-07-23,fl:project_matis,0,0,,0,0,,,,,,151,1,,person:지엔 person:엔메 person:라라 concept:NIMPH concept:니케 concept:랩쳐,확정,fl:project_matis,,"지엔은 미실리스 CEO가 되어 NIMPH · 코어의 정체 · 구성이 비슷한 니케와 랩쳐의 구조 — 랩쳐의 기원 같은 '세계의 진실'을 알고 싶다 했고, 엔메는 라라를 스파이라서가 아니라 목적에 맞지 않아 죽였을 것이라며 아버지를 믿지 말라 했다"
F2778,사실,151,2026-07-23,fl:project_matis,0,0,,0,0,,,,,,151,1,,person:엔메 person:슈엔 person:지엔 concept:에블라_입자 org:중앙_정부,확정,fl:project_matis,,"발표 자리에서 엔메는 슈엔의 히어로 니케 설계도를 '형편없다 · 어린애 장난'이라며 치우게 하고, 지엔에게 강화된 에블라 입자 정화 장치로 지상 전역에서 블라블라 통신이 가능해졌다는 기사와 중앙 정부 무상 공개를 지시해 미실리스 무능론을 잠재웠다 — 슈엔은 그 뒤 방 밖으로 나오지 않았다"
F2779,사실,151,2026-07-23,fl:project_matis,1,0,151,0,0,,,,,,151,1,,person:엔메 person:지엔 person:에닉 org:M.M.R. org:V.T.C.,확정,fl:project_matis,,엔메는 지엔에게 M.M.R.로 가 V.T.C.의 남은 데이터를 가져오되 CEO 허락이나 이사회 요청 전까지 방주에 올라오지 말라 하고 에닉에게 감시를 맡겼다 — 지엔은 자기에게 기억 제어 장치를 개발시킨 엔메의 뇌를 언젠가 실험대에 올리겠다고 했다
F2780,사실,151,2026-07-23,fl:project_matis,0,0,,0,0,,,,,,151,1,,person:엔메 person:에닉,확정,fl:project_matis,,"엔메는 에닉과의 거래로 지상 위까지 에닉의 통신이 닿게 열어 주었고, 지도의 붉은 점으로 위치가 특정되자 '드디어 찾았다'며 이틀 뒤 가겠으니 막지 말라 했다"
F2781,사실,151,2026-07-23,fl:project_matis,0,0,,0,0,,,,,,151,1,,person:엔메 person:슈엔 person:지엔 concept:페어리_테일,확정,fl:project_matis,,"엔메는 슈엔의 설계도가 2세대 페어리 테일 이후 처음 보는 [진짜] 니케 설계도라 인정하면서도, 만족하면 정체된다며 애정에 굶주린 슈엔을 괴물로 키우려 일부러 깎아내리고 평생 애정을 주지 않겠다 했다 — 자리를 원하는 지엔에게는 그래서 자리를 주지 않았다"
F2782,사실,151,2026-07-23,fl:project_matis,0,0,,0,0,,,,,,151,1,,person:엔메 person:맥스웰 person:슈엔 org:미실리스 org:M.M.R.,확정,fl:project_matis,,"엔메는 스텔스 총구의 침으로 맥스웰을 재워 취임식에 못 오게 하고 그날 저녁 방주에서 자취를 감췄다 — 이틀 뒤 실종을 숨기려 슈엔이 미실리스 3대 CEO로 화려하게 취임했고, 엔메는 M.M.R. 깊은 곳에서 비밀 연구 중이라고 발표되었다"
F2783,사실,151,2026-07-23,fl:project_matis,0,0,,0,0,,,,,,151,1,,person:맥스웰 person:슈엔 person:엔메,확정,fl:project_matis,,"일주일 만에 깬 맥스웰은 엔메의 짓을 슈엔에게 말하지 않고 수면 부족으로 쓰러졌다고 둘러댔고, 슈엔은 그 뒤 수년 동안 맥스웰의 연구실에 가지 않았다"
F2784,사실,151,2026-07-23,fl:project_matis,0,0,,0,0,,,,,,151,1,,person:슈엔 person:지엔 person:엔메 org:미실리스 org:앱솔루트,확정,fl:project_matis,,"수년 뒤 앱솔루트에 밀려 미실리스 주가가 최저로 떨어지고 슈엔의 폭언 · 폭행이 화두가 되자 이사회가 지엔을 다른 후보로 접촉했고, 이사회 요청으로 올라온 지엔은 엔메가 슈엔을 앉힌 것은 설계도 때문이라며 히어로 니케를 쓰라 했다"
F2785,사실,151,2026-07-23,fl:project_matis,1,1,20,0,0,,,,,,151,2,,person:슈엔 org:메티스 org:미실리스,확정,fl:project_matis,,슈엔은 PROJECT MATIS(Missilis Industry Advanced Technology Invincible Squad) — 니케의 원형 · 오리지널의 힘을 가진 새 히어로 니케 스쿼드 — 를 발표하고 히어로가 되고 싶은 지원자를 모집했다
F2786,사실,151,2026-07-23,fl:project_matis,1,1,20,0,0,,,,,,151,2,,person:라플라스 person:슈엔,확정,fl:project_matis,,"라플라스는 니케로 만들어 돈을 받으려는 아버지에게 맞으며 자란 병약한 골목 소녀로, 도움을 외면한 니케들에게 버려진 뒤 최강의 히어로가 되겠다고 맹세했다 — 1차 면접에서 떨어졌지만 슈엔의 휴게실에서 일주일을 버텨 슈엔의 권한으로 합격했다"
F2787,사실,151,2026-07-23,fl:project_matis,0,0,,0,0,,,,,,151,1,,org:메티스 person:라플라스 concept:NIMPH,확정,fl:project_matis,,"프로젝트 메티스는 실험 후보 100명으로 시작해 고통스러운 주사와 훈련을 견딘 40명이 남았고, 1차 프로토타입 바디 생성(NIMPH 주입, 바디 메이커 8기)에서 실험번호 100번 라플라스가 첫 성공작이 되었다"
F2788,사실,151,2026-07-23,fl:project_matis,0,0,,0,0,,,,,,151,1,,org:메티스 person:라플라스 person:맥스웰,확정,fl:project_matis,,"2차 바디 생성 실험에서 캡슐 속 8명이 고열로 모두 녹아 죽어 비인륜적 인체 실험이라는 비난이 일었다 — 라플라스는 주사를 놓던 이가 '실험 방식이 바뀌었다'며 후보들에게 약을 먹이는 것을 들었고, 맥스웰이 약통을 찾은 직후 연구소가 화재경보 없이 폭발해 무너졌다"
F2789,사실,151,2026-07-23,fl:project_matis,1,0,151,0,0,,,,,,151,1,,person:라플라스 person:맥스웰 person:슈엔,확정,fl:project_matis,,라플라스는 정신을 잃은 맥스웰을 안고 불타는 연구소 창문을 깨고 뛰어내려 구했고 — 슈엔의 도움 요청 목소리로 창문을 찾았다고 했다 — 슈엔은 라플라스를 히어로로 완성하겠다고 했다
F2790,사실,151,2026-07-23,fl:project_matis,2,0,151,0,0,,,,,,151,1,,person:슈엔 person:지엔 person:엔메 org:미실리스 item:이터널_라이프,확정,fl:project_matis,,"슈엔에 따르면 그 약은 외부에 고열 에너지가 생기면 몸 안에서도 폭탄처럼 고열이 나게 하는 것으로, 엔메의 눈과 귀로 남은 이사회가 실험을 망치고 연구소를 불태워 증거를 없애려 한 것이었다 — 슈엔은 지엔의 도움으로 임원들의 영양제 · 병원 약 · 이터널 라이프에 그 약을 넣었다고 협박했고, 이튿날 여성 임원 A가 자택에서 고열 전신 화상으로 숨졌다"
F2791,사실,151,2026-07-23,fl:project_matis,3,2,20,0,0,,,,,,151,3,J22,person:슈엔 person:라플라스 org:메티스 concept:니케 concept:타일런트_급,확정,fl:project_matis,,"남은 후보들이 보상을 받고 일반 니케 바디로 옮겨 가자, 슈엔은 진짜 니케는 몸이 바뀌어도 기억을 잃지 않고 인간 이상의 힘으로 이겨 내는 귀중한 존재이고 그 밖은 고철이라며 첫 메티스로 라플라스 한 사람만 개발해 한 달 뒤 타일런트 급 단독 처치로 증명하기로 했다"
F2792,사실,151,2026-07-23,fl:project_matis,1,0,151,0,0,,,,,,151,1,,person:라플라스 person:슈엔 person:맥스웰 concept:하베스터 concept:타일런트_급,확정,fl:project_matis,,"라플라스는 척추의 관으로 전기 에너지를 주입받아 코어 출력을 올렸고(바디 생성 전 주사는 그 고통을 미리 견뎌 보는 시험이었다), 안테나의 전기 신호 감지 기능은 못 써 다음 니케 몫이 되었다 — 지상 테스트에서 타일런트 급 하베스터를 단독으로 쓰러뜨렸다"
F2793,사실,151,2026-07-23,fl:project_matis,0,0,,0,0,,,,,,151,1,,person:맥스웰 person:슈엔 person:라플라스,확정,fl:project_matis,,"라플라스가 미실리스의 첫 히어로 니케로 공개된 날, 맥스웰은 이사회 임원의 호소와 녹음으로 슈엔이 임원에게 약을 먹인 것을 알고 '효율로 사람을 죽이는 것은 괴물'이라며 사직서를 냈다 — 슈엔은 약을 먹이라 시켰을 뿐 방아쇠는 그들이 당겼다고 했다"
F2794,사실,151,2026-07-23,fl:project_matis,5,2,17,0,0,,,,,,151,3,,person:지엔 person:맥스웰 person:슈엔 org:메티스,확정,fl:project_matis,,"지엔이 '영원히 옆에 둘지 떠나보낼지 직접 고르라'며 다 준비해 놨다고 한 직후 맥스웰은 연구실 앞 편지를 보러 나서다 폭탄에 하반신을 잃었고, 슈엔은 맥스웰이 거부했는데도 울며 맥스웰을 니케로 만들기를 골랐다 — 니케 맥스웰(메티스 둘째 · 미케닉)은 인간 맥스웰의 기억은 있지만 자기는 다른 개체라 했다"
F2795,사실,151,2026-07-23,fl:project_matis,0,0,,0,0,,,,,,151,1,,person:슈엔 person:드레이크 org:메티스,확정,fl:project_matis,,"그 뒤 슈엔은 휴게실을 닫고 셋째 니케 드레이크를 완성해 메티스 스쿼드를 꾸렸고, 쫓기듯 그들을 도구처럼 쉴 새 없이 지상 임무에 올려 방주 최고의 실적을 내는 최강의 스쿼드로 만들었다"
F2796,사실,151,2026-07-23,fl:project_matis,1,0,151,0,0,,,,,,151,1,,person:슈엔 person:지엔 person:엔메 org:메티스 org:미실리스,확정,fl:project_matis,,"지금 누군가 미실리스 최고 보안 등급을 뚫고 다른 것은 건드리지 않은 채 메티스 자료만 빼 가는데, 지엔은 자기가 아니라며 지상에서도 방주 보안을 뚫을 수 있는, 방주 통신 체계를 구축한 천재를 짚었고 슈엔은 엔메를 떠올렸다"
F2797,사실,151,2026-07-23,fl:project_matis,0,0,,0,0,,,,,,151,1,J23,person:지엔 person:슈엔,확정,fl:project_matis,,지엔은 슈엔의 머리를 쏜 이를 잡아다 제대로 벌받게 해 주었다고 했다
F2798,사실,152,2026-07-30,char:105,0,0,,0,0,,,,,,152,1,,person:지휘관,확정,char:105,,지휘관의 기록상 프로필에는 소속 · 계급 · 임관일 말고 모든 정보가 공란이다
F2799,사실,153,2026-08-13,ch47,0,0,,0,0,,,,,,153,1,,person:온리_원,확정,ch47,,온리 원은 아직 이름이 없다 — 아니스가 지어 주겠다고 하자 '선택하지 않았으니 아직 이름을 가질 수 없다'고 했다
F2800,사실,153,2026-08-13,ch47,0,0,,0,0,,,,,,153,1,,person:온리_원 person:마리안 person:레비아탄 person:베히모스,확정,ch47,,"온리 원은 틈만 나면 잠든 마리안 곁에 가 앉아 혼잣말을 한다 — 레비아탄은 퀸끼리 통하는 것이 있을 것이라 하고, 베히모스에 따르면 퀸이었던 마리안은 지금 유사 코어로 연명만 하는 '살아만 있는 상태'다"
F2801,사실,153,2026-08-13,ch47,0,0,,0,0,,,,,,153,1,,person:지휘관 person:도로시 person:스노우_화이트 person:퀸 concept:지상_탈환 place:에덴,확정,ch47,,지휘관은 에덴에 방주 동력원의 끝이 가깝고 퀸이 화학무기까지 써 방주의 멸망을 노려 퀸과의 전면전인 3차 지상 탈환전이 불가피하며 도로시가 그 선봉에 설지 모른다고 전했다 — 도로시가 다시 인류를 위해 싸울 일은 없을 것이라 포기했던 스노우 화이트는 기뻐했다
F2802,사실,153,2026-08-13,ch47,0,0,,0,0,,,,,,153,1,,person:지휘관 person:요한 place:에덴 place:방주,확정,ch47,,"방주의 힘을 빌리지 않겠다는 요한에게 지휘관은 에덴은 원래 목적대로 퀸을 잡으면 방주가 '멋대로' 에덴을 돕겠다고 했고, 요한은 말장난이라면서도 받아들였다"
F2803,사실,153,2026-08-13,ch47,0,0,,0,1,,,,,,154,2,,person:요한 person:퀸 concept:신생_랩쳐 concept:다크_매터 place:궤도_엘리베이터 place:에덴,확정,ch47,,"요한에 따르면 궤도 엘리베이터 부근에서 신생 랩쳐가 만들어지고 있고 곳곳의 검은 웅덩이는 다크 매터다 — 퀸은 유사 방주의 다크 매터로 생산에 박차를 가하며 화학무기로 방주의 힘을 가늠한 뒤 방주를 확실히 멸망시킬 [전쟁]을 준비하고, 갓데스 폴 뒤 괴멸한 에덴은 추가 습격 없이 무시하고 있다"
F2804,사실,153,2026-08-13,ch47,0,0,,0,0,,,,,,153,1,,person:요한 person:파피용 person:지즈 place:궤도_엘리베이터 person:나유타 org:카운터스 org:포비스트,확정,ch47,,"파피용 · 지즈의 수색으로 궤도 엘리베이터에 다크 매터가 대량 흡착된 것을 확인한 요한은 탈환전에 앞서 궤도 엘리베이터의 상태를 확인하고 가능하면 타격 · 파괴하며 나유타를 구하는 선공 — 에덴을 얕보는 퀸에게 보내는 선전포고 — 를 제안했고, 카운터스 · 포비스트 · 스노우 화이트가 함께하기로 했다"
F2805,사실,153,2026-08-13,ch47,0,0,,0,0,,,,,,153,1,,person:레비아탄 person:온리_원 person:지휘관 person:퀸 org:포비스트,확정,ch47,,레비아탄은 릴리바이스의 몸을 강탈한 퀸을 압도했던 온리 원을 [쓰면] 이길 수 있다고 했지만 지휘관은 그 아이가 더는 싸우지 않고 아이답게 크길 바란다며 거절했다 — 포비스트도 온리 원이 괴물이 되지 않기를 바랐다
F2806,사실,153,2026-08-13,ch47,0,0,,0,0,,,,,,153,1,,person:세실 person:요한 person:라푼젤 person:홍련 person:노아 person:레드_슈즈,확정,ch47,,"세실은 지휘관이 확보해 준 방주의 극비 니케 제작 기술로 장비를 세팅하고 있지만 한 번에 둘까지가 한계라, 요한이 라푼젤 · 홍련 · 노아 순으로 되살리기로 정했다 — 세실은 순정 상태(침식 · OS 없음)인 레드 슈즈의 무장을 라푼젤의 기동 장비로 쓰기로 했다"
F2807,사실,153,2026-08-13,ch47,0,0,,0,0,,,,,,153,1,,person:세실 person:홍련 concept:NIMPH,확정,ch47,,"세실에 따르면 홍련은 퀸에게 당할 때 뇌가 크게 손상되어 NIMPH가 그 부분을 메우는 오작동을 일으키고 있어 바디 설계도가 만들어지지 않는다 — 양산형 바디에 넣으면 기억이 남을지 운에 맡겨야 하고, 완성된 바디를 강제로 달면 98.2% 확률로 NIMPH가 폭주한다"
F2808,사실,153,2026-08-13,ch47,0,0,,0,0,,,,,,153,1,,person:홍련 person:장화 person:미러 person:세실 concept:NIMPH concept:침식,확정,ch47,,"홍련을 되살릴 유일한 길은 동형기였을 장화의 바디를 그대로 쓰는 것(장화의 죽음)이다 — 장화의 바디는 코어 없이 움직이는 미러의 미지 기술이라 복사할 수 없고, 장화의 뇌는 기능 대부분을 잃고 침식에 오염된 엉망인 NIMPH에 기대 자기가 무엇인지조차 모르는 채 살려만 놓은 상태다"
F2809,사실,153,2026-08-13,ch47,0,0,,0,0,,,,,,153,1,,person:에닉 person:홍련 place:금서고,확정,ch47,,"에닉에 따르면 홍련의 원 소속인 근접전 스쿼드의 자료는 방주 데이터베이스에 없다 — 인간을 직접 살해한 최초의 사례가 관찰된 스쿼드라 모든 자료가 폐기된 흔적만 있고, 금서고에 있을지 모르나 그곳 자료는 모두 수기다"
F2810,사실,153,2026-08-13,ch47,0,0,,0,0,,,,,,153,1,,person:세실 person:리버렐리오 org:바이스리터,확정,ch47,,"세실은 리버렐리오의 머리를 되살리지 않고 보관만 하고 있고(퀸에게 배신당했어도 애정이 남았을지 몰라서), 바이스리터는 충전 뒤 합류하겠다고 전해 왔다"
F2811,사실,153,2026-08-13,ch47,1,0,153,0,0,,,,,,153,1,,person:온리_원 person:마리안 person:퀸,확정,ch47,,"온리 원은 주위에 아무도 없을 때 몸에서 검은색을 뻗어 마리안까지 덮은 자기 안의 공간에서 마리안과 이야기한다 — 마리안은 그 안에서는 깨어 말할 수 있고, 온리 원은 가슴이 콩닥거리며 퀸이 될 수 있는 자기는 무언가를 해야 한다고 느낀다고 했다"
F2812,사실,153,2026-08-13,ch47,0,0,,0,0,,,,,,153,1,,person:마리안 person:온리_원 person:지휘관,확정,ch47,,"마리안은 니케 · 사람 · 랩쳐 모두가 서로를 사랑하는 세계를 만들고 싶었다고 했고, 온리 원은 그를 '욕심쟁이'라 했다 — 온리 원은 지휘관에게 마리안이 소중한지, 깨어나길 바라는지 묻고 '조금만 더 고민해 보겠다'고 했다"
F2813,사실,153,2026-08-13,ch47,0,0,,0,0,,,,,,153,1,,place:궤도_엘리베이터 person:레비아탄 concept:다크_매터 person:퀸 person:온리_원,확정,ch47,,"궤도 엘리베이터 인근은 재밍이 강해 에덴과의 통신이 완전히 끊겼고, 레비아탄은 곳곳의 다크 매터 웅덩이에 대한 제어권이 퀸에게 넘어가 있다고 했다 — 레비아탄은 온리 원이 태어나자마자 다크 매터를 능숙하게 다룬 것 등으로 보아 다크 매터의 기원은 퀸이라 보고, 이미 자기들과 일체화된 다크 매터는 빼앗기지 않을 것이라 했다"
F2814,사실,153,2026-08-13,ch47,0,0,,0,0,,,,,,153,1,J13,person:애니힐리오 place:궤도_엘리베이터 place:방주,확정,ch47,,선공 직전 궤도 엘리베이터 한쪽에서 헬레틱 미사일 애니힐리오가 방주 방향으로 발사되었다
F2815,사실,153,2026-08-13,ch47,1,1,148,0,1,,,,,,153,3,,person:엔더슨 person:도로시 place:승리의_날개_호 org:오버_더_호라이즌 person:시엘로 concept:지상_탈환,확정,ch47,,"엔더슨은 감방에 있던 도로시를 '바람이나 쐬라'며 오버 더 호라이즌의 승리의 날개 호 ver.엘리시온에 태워 보내고, 방송에서 한 말을 진짜로 만들어 퀸과의 전면전을 선포할 3차 지상 탈환전의 선봉에 서라고 요구했다 — 시엘로는 갓데스의 이동 기지였던 그 함선에서 도로시를 모시게 되어 영광이라 했다"
F2816,사실,153,2026-08-13,ch47,0,0,,0,0,,,,,,153,1,,person:도로시 person:애니힐리오 person:엔더슨 place:승리의_날개_호,확정,ch47,,"도로시는 승리의 날개 호 갑판에서 애니힐리오를 격추하고 솟아오른 본체의 검은 코어까지 꿰뚫었다 — 도로시는 미사일에 기능을 붙인 것이라 헬레틱이라 부르기 민망하다 했고, 엔더슨은 수십 개가 한꺼번에 오면 다르다고 했다"
F2817,사실,153,2026-08-13,ch47,0,0,,0,0,,,,,,153,1,,person:엔더슨 person:도로시 person:버닝엄 concept:지상_탈환 place:방주,확정,ch47,,"엔더슨이 그 전투를 방주에 생중계해 갓데스 리더 도로시가 승리의 날개 호를 타고 헬레틱을 잡는 모습에 방주가 들끓었고, 도로시는 3차 지상 탈환전의 선봉이 되겠다고 했다 — 버닝엄은 그 녹음을 되풀이해 들으며 소리 없이 환호했다"
F2818,사실,153,2026-08-13,ch47,0,0,,0,0,,,,,,153,1,,person:에닉 org:T.T.STAR person:머스탱 org:미실리스 org:일렉트릭_쇼크 person:엔드리스 person:이터니티 concept:방주_동력원 place:방주,확정,ch47,,"에닉에 따르면 3차 지상 탈환전 준비는 순조롭다 — 민심은 T.T. STAR부터 연 대규모 릴레이 콘서트와 머스탱의 지상 탈환 암시 발언으로 안정권에 들었고, 거대 리프트 위에 지은 도시인 방주를 들어올릴 부상 기능은 미실리스의 관리로 작동하지만 동력원 출력이 급감해 리프트 전력은 일렉트릭 쇼크 스쿼드와 엔드리스 · 이터니티로 메우기로 했다"
F2819,사실,153,2026-08-13,ch47,0,0,,0,0,,,,,,153,1,,person:에닉 org:마이티_툴즈 org:해머&드릴 concept:이터널_스카이 place:아우터_림 person:잉그리드 person:E.H. org:이그조틱 org:언더월드_퀸 person:버닝엄,확정,ch47,,"방주 부상을 위해 건축 뒤 늘어난 확장 시설을 마이티 툴즈 · 해머&드릴이 철거하고(잃은 이에겐 임시 숙소 · 일자리), 엘리베이터 · 이터널 스카이도 철거하며 시민은 피난용 쉘터에 들어가고 인프라는 멈춘다 — 가장 위험한 아우터 림을 위해 잉그리드가 쉘터를 마련하고 E.H.와 이그조틱 · 언더월드 퀸이 '아우터 림 청소'로 오해하는 주민을 회유한다"
F2820,사실,153,2026-08-13,ch47,0,0,,0,0,,,,,,153,1,,person:에닉 person:퀸 person:릴리바이스 org:포비스트 place:에덴 person:엔더슨 person:버닝엄,확정,ch47,,"에닉은 방주가 떠오르면 랩쳐 대군과 퀸이 직접 올 것이 확정이지만 방주의 힘이 설립 이후 최고의 전성기이고 포비스트 · 에덴이 아군이라 '할 만하다'며, 가장 경계할 것은 활동 시간 한계를 넘었을지 모를 릴리바이스 바디의 퀸이라 했다 — 부상 뒤엔 대규모 광학미채로 숨기며 3일~2주 뒤 실행할 수 있고, 그 뒤 방주가 어떻게 될지는 모른다고 했다"
F2821,사실,153,2026-08-13,relic:승리를_부르는_그림자,1,1,115,0,0,,,,,,153,2,,org:갓데스 place:승리의_날개_호 concept:랩쳐,확정,relic:승리를_부르는_그림자,,"랩쳐 침공 시기 갓데스 스쿼드는 공중 함선을 타고 전장에 나타나 — 함선은 포격으로 랩쳐를 끌어가고 갓데스는 내려와 전장을 압도했다 — 죽음 직전의 병사들을 살렸고, 그 함선은 승리의 여신들의 이동 기지라 [승리의 날개 호]라 이름 붙었다"
F2822,사실,154,2026-08-13,ch48,0,0,,0,1,,,,,,154,2,,place:궤도_엘리베이터 concept:다크_매터 person:레비아탄 concept:헬레틱,확정,ch48,,궤도 엘리베이터는 잔챙이 랩쳐뿐 조용했지만 바닥의 다크 매터가 방향을 띠고 궤도 엘리베이터로 모여 들러붙고 있었다 — 레비아탄은 다크 매터는 창조에 가까운 것을 할 수 있어 헬레틱을 만들려는 것일 수 있다 했다
F2823,사실,154,2026-08-13,ch48,0,0,,0,0,,,,,,154,1,,person:스노우_화이트 item:세븐스_드워프 place:궤도_엘리베이터 concept:다크_매터 place:방주,확정,ch48,,"스노우 화이트가 세븐스 드워프로 궤도 엘리베이터 중심에 낸 큰 구멍을 다크 매터가 곧바로 메웠고(레비아탄 — 거의 일체화), 궤도 엘리베이터가 열리며 랩쳐의 파도가 쏟아져 그 절반이 방주로 향했다"
F2824,사실,154,2026-08-13,ch48,1,1,153,0,0,,,,,,154,2,,person:애니힐리오 place:궤도_엘리베이터 person:에고비스타 person:지즈 person:앨트루이아,확정,ch48,,"이어 궤도 엘리베이터에서 애니힐리오 셋이 솟아 방주로 향했다 — 방주로 가려던 일행 앞에 에고비스타가 나타나 지즈의 날개를 베었고, 앨트루이아가 네온의 탄환을 막았다"
F2825,사실,154,2026-08-13,ch48,2,2,138,0,0,,,,,,154,3,,person:에고비스타 person:리버렐리오 person:퀸 person:레비아탄,확정,ch48,,"에고비스타의 명령 '해월'에 맞춰 멀리서 쏜 물줄기가 라피 · 아니스 · 베히모스를 쓰러뜨렸다 — 하늘을 가린 거대한 신체는 머리가 없는 리버렐리오의 바디가 거대화한 것으로, 레비아탄은 퀸이 리버렐리오의 몸만 가져간 까닭이 이것이라 했다"
F2826,사실,154,2026-08-13,ch48,0,0,,0,0,,,,,,154,1,,person:리버렐리오 person:아나키오르 concept:헬레틱,확정,ch48,,"거대화한 리버렐리오 바디는 바디의 기능을 끌어낼 머리가 없어 특수 능력 없이 압도적인 스펙으로 물줄기만 퍼붓는다 — 우연에 가깝게 만들어진 첫 번째 헬레틱 아나키오르와 달리, 리버렐리오는 명확한 의도로 전력을 다해 만들어진 두 번째 헬레틱이다"
F2827,사실,154,2026-08-13,ch48,0,0,,0,0,,,,,,154,1,,person:세실 person:라푼젤 person:파피용 person:홍련 item:브레인_셸터,확정,ch48,,"세실은 라푼젤의 브레인 셸터를 바디 메이커에 넣어 되살렸다 — 홍련의 바디 데이터를 미리 얻어 두지 않은 것을 후회했고(사이가 나빴다), 파피용은 기계에서 [생산]되는 것을 눈으로 보기 힘들다 했다"
F2828,사실,154,2026-08-13,ch48,5,5,91,0,0,,,,,,154,4,,person:레드_슈즈 person:라푼젤 concept:침식 concept:NIMPH concept:헬레틱,확정,ch48,,되살아나던 라푼젤의 NIMPH에 레드 슈즈 무장 깊숙이 숨겨 둔 레드 슈즈의 인격 데이터가 침입했다 — 침식의 메커니즘을 가진 그 데이터로 라푼젤을 레드 슈즈 기준으로 사고하게 만들어 그 몸으로 이번에야말로 헬레틱이 되려 했다
F2829,사실,154,2026-08-13,ch48,0,0,,0,0,,,,,,154,1,,person:라푼젤 person:레드_슈즈 concept:침식,확정,ch48,,"라푼젤은 레드 슈즈의 고백으로 단순한 마비였던 침식이 랩쳐 기준의 사고로 대도약한 해석 불명의 코드가 사람(레드 슈즈)의 개입이었음을 알아, 그것을 기준으로 삼으면 침식을 정복할 수 있다고 했다"
F2830,사실,154,2026-08-13,ch48,1,1,17,0,0,,,,,,154,2,J20,person:라푼젤 person:레드_슈즈 concept:NIMPH concept:침식,확정,ch48,,"라푼젤은 영면한 자매 1만 2천 명의 NIMPH를 짊어지고 있다 — 침식은 NIMPH의 데이터 양을 체급으로 눌러 이기는데, 그 NIMPH들이 미끼가 되어 시간을 벌다 황금빛으로 레드 슈즈의 인격 데이터를 집어삼켜 없앴다"
F2831,사실,154,2026-08-13,ch48,1,1,153,0,0,,,,,,154,2,,person:장화 person:세실 person:홍련,확정,ch48,,"깨어난 장화는 세실의 말을 모두 듣고 홍련을 살리라는 뜻으로 부러진 검으로 스스로 머리를 찔러 죽었고, 세실은 장화의 바디를 홍련에게 쓰기로 했다"
F2832,사실,154,2026-08-13,ch48,1,1,153,0,0,,,,,,154,2,,person:장화 person:홍련 person:미러 concept:NIMPH,확정,ch48,,"되살아나는 홍련의 꿈속에서 장화는 미러가 꼭두각시를 빼앗기지 않으려 자기 몸의 블랙박스에 심어 둔, 그리운 기억을 끌어내는 가짜 옛 동료 검사들을 홍련과 함께 베어 냈다 — 장화도 예전에 가짜 홍련을 베지 못해 꼭두각시가 되었다"
F2833,사실,154,2026-08-13,ch48,0,0,,0,0,,,,,,154,1,,person:장화 person:홍련,확정,ch48,,"장화는 화무십일홍이라는 말이 싫었는데 시든 뒤 딱 하루 더 붉을 수 있었다며 홍련에게 '행복하게 살라'는 마지막 주박을 걸고 붉은 꽃잎이 되어 사라졌고, 홍련은 반드시 행복하게 살겠다고 약조했다"
F2834,사실,154,2026-08-13,ch48,2,2,144,0,0,,,,,,154,3,,person:온리_원 person:퀸 person:마리안,확정,ch48,,"온리 원은 마리안과 함께 검은 공간에서 궤도 엘리베이터 전투를 지켜보다, 하늘에서 온 그것(퀸)을 죽이고 인자를 빼앗아 퀸이 되겠다고 정했다 — 그때 싸우며 그것이 자기가 만든 것 말고는 다 죽이고 다시 시작하려 한다는 것을 알았고, 퀸은 원하지 않지만 그것을 이길 수 있는 것은 자기뿐이라 했다"
F2835,사실,154,2026-08-13,ch48,1,1,153,0,0,,,,,,154,2,J10,person:온리_원 person:퀸 concept:일곱의_조율자,확정,ch48,,"온리 원에 따르면 퀸은 일곱의 조율자와 함께 세상을 만들어 나가야 하고 그 밖에는 아무것도 할 수 없어 — 안기지도, 놀지도, 웃지도 못하고 — 외롭다"
F2836,사실,154,2026-08-13,ch48,0,0,,0,0,,,,,,154,1,J10,person:마리안 person:온리_원 person:라피 person:지휘관,확정,ch48,,"마리안은 온리 원을 끌어안고 익숙하고 그리운 두 고동과 냄새를 느껴 라피와 지휘관임을 알았고, 온리 원은 그것이 아빠와 엄마라 했다"
F2837,사실,154,2026-08-13,ch48,3,3,1,0,0,,,,,,154,4,J1,person:마리안 person:지휘관 person:모더니아,확정,ch48,,"그 감각에 몸을 맡긴 마리안의 붕대가 빛나며 지난 기억(모더니아 시절, 지휘관과의 일들)과 함께 지휘관이 되려는 이를 응원하며 '내가 니케가 된다면 네가 내 지휘관이 되면 좋겠다'던 소녀의 기억이 되살아났고, 마리안은 그 사람이 죽지 않고 행복하게 웃을 수 있는 세계를 만들려 긴 시간과 영원할 것 같던 굴레를 견뎠다는 것을 떠올렸다"
F2838,사실,154,2026-08-13,ch48,2,2,153,0,0,,,,,,154,2,J10,person:마리안 person:온리_원 person:홍련 person:라푼젤 person:퀸,확정,ch48,,"마리안은 이제 하고 싶은 일을 알아 약하지 않다며 온리 원에게 인자를 달라 했고, 홍련 · 라푼젤이 돌아와 이기는 것을 보여 준 뒤 그 누구도 죽지 않고 사랑하고 사랑받는 세계를 만들겠다고 하자 퀸이 되기 싫던 온리 원은 코어 둘레의 검은 빛(인자)을 마리안에게 넘겼다"
F2839,사실,154,2026-08-13,ch48,0,0,,0,0,,,,,,154,1,,org:카운터스 person:스노우_화이트 org:포비스트 person:리버렐리오,확정,ch48,,"카운터스 · 스노우 화이트 · 포비스트는 패턴이 단순한 리버렐리오 바디를 거대화와 세븐스 드워프로 몰아붙였고, 스노우 화이트가 그 코어와 주변 파츠를 꿰뚫어 바스러뜨렸다"
F2840,사실,154,2026-08-13,ch48,3,3,144,0,0,,,,,,154,3,,person:라푼젤 person:홍련 person:앨트루이아 person:에고비스타 person:퀸 person:레드_슈즈,확정,ch48,,"되살아난 라푼젤은 레드 슈즈 파츠를 단 타륜으로 앨트루이아의 실드를 밀어 부수고 나노머신 분해용 초진동 지팡이로 머리를 내리찍었고, 홍련은 일격에 에고비스타의 검과 어깨를 갈랐다 — 홍련은 자기에게 목이 썰린 퀸이 검을 두려워해 편견으로 에고비스타를 빚었다고 비웃었다"
F2841,사실,154,2026-08-13,ch48,0,0,,0,0,,,,,,154,1,,concept:콜링_시그널 person:퀸 person:앨트루이아 person:에고비스타 person:홍련 person:라푼젤 person:라피 person:레드_후드 person:스노우_화이트,확정,ch48,,"퀸의 콜링 시그널이 울리자 앨트루이아 · 에고비스타는 굴욕을 잊지 않겠다며 궤도 엘리베이터 안으로 물러났다 — 홍련 · 라푼젤은 라피에게서 레드 후드를 느꼈고, 스노우 화이트는 선전포고는 끝났다며 3차 지상 탈환전까지 기다리자고 퇴각을 정했다"
F2842,사실,154,2026-08-13,ch48,0,0,,0,0,,,,,,154,1,,org:메티스 org:아크레인저 person:애니힐리오 person:도로시 person:잉그리드,확정,ch48,,"방주 쪽에서는 메티스와 아크레인저가 랩쳐를 막고 애니힐리오 둘을 격추했고, 도로시는 셋째 애니힐리오의 동력원과 기폭 장치를 한 발에 꿰뚫었다"
F2843,사실,154,2026-08-13,ch48,2,2,128,0,1,,,,,,154,4,J20,person:애니힐리오 person:나유타 person:미러 person:도로시 concept:침식,확정,ch48,,"벗겨진 애니힐리오의 장갑 안에서 본체 대신 침식된 붉은 눈의 승려(나유타의 분신) 42명이 쏟아졌고 — 미러는 '동료를 만들어 볼까요'라 했다 — 도로시가 잠깐 망설인 사이 그중 하나가 가시로 찔러 도로시가 침식에 걸렸다 — 도로시는 그들을 모두 쓰러뜨렸지만, 처음 보는 빠르기로 보아 전쟁을 위한 개량형 침식이라 했다"
F2844,사실,154,2026-08-13,ch48,0,0,,0,0,,,,,,154,1,,person:도로시 person:엔더슨 concept:침식 place:승리의_날개_호,확정,ch48,,"침식된 도로시는 방주로 데려가지 말라며 '용서할 수 있어서 다행'이라고 권총을 턱에 겨눴지만, 엔더슨이 반드시 찾아 되돌려 놓겠다고 약속하며 도망가라 하자 믿겠다며 총을 버리고 승리의 날개 호에서 하늘로 몸을 던져 사라졌다"
F2845,사실,154,2026-08-13,ch48,0,0,,0,0,,,,,,154,1,,person:엔더슨 person:버닝엄,확정,ch48,,"도로시를 잃고 분노해 날뛰던 엔더슨은 숨이 조금도 가쁘지 않았고, 몸을 옭아매던 생명 유지 장치가 바닥에 떨어졌다 — 엔더슨은 이제 필요 없다는 느낌이라 했고, 버닝엄의 눈에 과거 전설의 지휘관의 생명력이 돌아와 있었다"
F2846,사실,154,2026-08-13,ch48,0,0,,0,0,,,,,,154,1,,person:마리안 person:지휘관,확정,ch48,,"마리안이 코어와 인자를 끌어안고 되찾은 기억에서, 사관학교를 갓 졸업한 지휘관은 이름을 묻는 이에게 다들 '7호'라 부른다고 했고, 그 아이와 약속해 지휘관이 꿈이지만 그 아이가 누구인지 기억나지 않는다고 했다 — 상대는 그를 '지휘관'이라 부르기로 하고 자기를 '마리아-'까지 소개했다"
F2847,사실,154,2026-08-13,ch48,0,0,,0,0,,,,,,154,1,,person:마리안 person:온리_원 person:지휘관,확정,ch48,,인자를 받은 마리안은 온리 원이 '진짜 여왕 같다'고 할 만큼 빛나는 모습이 되어 이번에야말로 지휘관을 지키겠다고 했다
F2848,사실,154,2026-08-13,ch48,3,1,153,0,0,,,,,,154,2,,place:궤도_엘리베이터 person:퀸 concept:다크_매터 place:방주,확정,ch48,,"다크 매터로 뒤덮인 궤도 엘리베이터가 액체처럼 꿈틀대며 거대화해 사라지고, 그 자리에 한눈에 다 들어오지 않을 만큼 거대한 승리의 여신상 — 퀸 — 이 나타나 방주 방향으로 전진하기 시작했다"
F2849,사실,154,2026-08-13,relic:불길한_소리.wav,0,0,,0,0,,,,,,154,1,,person:나유타 place:궤도_엘리베이터 concept:신생_랩쳐 concept:다크_매터,확정,relic:불길한_소리.wav,,"나유타의 분신 하나는 궤도 엘리베이터 쪽의 큰 소리를 확인하러 가다 인간 신체를 흉내 낸 처음 보는 랩쳐와 궤도 엘리베이터를 뒤덮은 암흑물질을 보았고, 잠입했던 분신들의 소식이 끊긴 가운데 본체의 집결 신호를 받고 궤도 엘리베이터로 향하며 녹음기를 숨겨 두었다"
F2850,사실,154,2026-08-13,fl:persona_on_frontline,0,0,,0,0,,,,,,154,1,,place:방주 org:중앙_정부,확정,fl:persona_on_frontline,,"며칠 전부터 방주 곳곳에서 사람들이 전조 없이 쓰러져 외상 · 중독 없이 의식만 끊긴 채 깨어나지 못하는 원인 불명 의식 소실 사건이 늘고 있고, 형체 없는 새카만 그림자 같은 [검은 괴물]을 보았다는 목격담이 이어졌다"
F2851,사실,154,2026-08-13,fl:persona_on_frontline,0,0,,0,0,,,,,,154,1,,person:팬텀 person:퀀시 person:미란다 person:모나 person:퀸(마코토),확정,fl:persona_on_frontline,,"정의 괴도단이 활동하지 않은 날에도 빌딩 위를 뛰어다니는 [괴도] 목격담이 돌아 팬텀 · 퀀시 · 미란다 · 지휘관이 잠복했고, 나타난 괴도 둘(고양이 같은 모나와 철가면 같은 마스크의 동료)은 '페르소나!'라 외쳐 거대한 그림자를 불러낸 틈에 달아났다 — 그때 미란다는 없던 미사일을 보고 퀀시를 덮쳤다"
F2852,사실,154,2026-08-13,fl:persona_on_frontline,0,0,,0,0,,,,,,154,1,,person:엔더슨 concept:D-WAVE place:방주,확정,fl:persona_on_frontline,,"엔더슨에 따르면 방주 시내 한복판 다섯 곳(이틀 전)과 외곽 한 곳(일주일 전)에서 D-WAVE가 일어났고 [괴물] 목격 신고가 그 근처에 몰려 있어, 두 사건을 연관된 것으로 보고 지휘관에게 조사를 맡겼다 — 괴물은 사진 · 영상 기록이 없어 아직 괴담의 영역이었다"
F2853,사실,154,2026-08-13,fl:persona_on_frontline,0,0,,0,0,,,,,,154,1,,person:유키코 person:곰 person:레오나 concept:D-WAVE,확정,fl:persona_on_frontline,,"레오나가 보호하던 지퍼 달린 말하는 곰과 아마기 유키코는 정신을 차려 보니 방주 거리에 와 있던 D-WAVE 소환자였다 — 지휘관은 전초기지에 방을 내주고 게이트 키퍼를 없애면 돌아갈 수 있다고 했고, 유키코는 돌아가기 위한 일이니 돕겠다고 했다"
F2854,사실,154,2026-08-13,fl:persona_on_frontline,0,0,,0,0,,,,,,154,1,,person:아이기스 person:유키코 person:곰,확정,fl:persona_on_frontline,,"공원에서 하늘만 보던 소녀는 [S.E.E.S.] 소속 '대 섀도 특수 제압 병장 제7식' 아이기스 — 인간에게 적대적인 [섀도]를 배제하려 만든 병기로, 재부팅 뒤 약 75시간째 동료들을 찾고 있었다 — 아이기스 · 유키코 · 곰은 모두 마음에서 태어난 또 다른 나인 [페르소나](코노하나사쿠야 · 팔라디온 등)를 불러 싸우는 구사자였다"
F2855,사실,154,2026-08-13,fl:persona_on_frontline,0,0,,0,1,,,,,,154,1,,person:앨든 person:지휘관 place:코인_러시 org:메이드_포_유 place:방주,확정,fl:persona_on_frontline,,"첫 의식 소실 환자가 나오기 2시간 전, 코인 러시와 메이드 카페에서 지휘관 때문에 재기하지 못했다고 원망하며 방주 뒷골목을 헤매던 '인자해 보이는 남자'(앨든)에게 거미 한 마리 앞에서 눈에 보이지 않는 파동이 파고들어, 몸이 경련한 끝에 등에서 있어서는 안 되는 모습의 무언가가 튀어나왔다"
F2856,사실,154,2026-08-13,fl:persona_on_frontline,0,0,,0,0,,,,,,154,1,,person:퀸(마코토) person:모나 person:에이드,확정,fl:persona_on_frontline,,"괴도 둘은 코드네임 퀸과 모나로, 3일 전 함께 소환되어 빌딩 사이 골목에서 곧바로 [섀도] 같은 것들에게 습격당한 뒤 페르소나로 그것들을 처리하며 다른 동료를 찾고 있었다 — 에이드는 사정을 묻지 않고 그들을 카페에 딸린 숙소에 숨겨 주었다"
F2857,사실,154,2026-08-13,fl:persona_on_frontline,1,0,154,0,0,,,,,,154,1,,person:퀸(마코토) person:모나 concept:D-WAVE,확정,fl:persona_on_frontline,,팬텀이 본 [괴도] 영상은 8일 전 것으로 퀸 일행의 소환보다 앞서고 체형도 달라 — 일주일 전 외곽 D-WAVE로 먼저 소환된 '최초의 소환자'(제3의 인물)가 따로 있다 — 의식 소실 사건도 약 일주일 전부터였다
F2858,사실,154,2026-08-13,fl:persona_on_frontline,0,0,,0,0,,,,,,154,1,,person:유키코 person:퀸(마코토) person:아이기스 person:모나,확정,fl:persona_on_frontline,,"세 세계의 [섀도]는 서로 달라 — 유키코 · 곰은 억압한 자아가 섀도가 되었다가 받아들여 페르소나로 바뀌었고, 퀸 · 모나의 섀도는 팰리스 주인이 인식을 왜곡해 생기며, 아이기스의 섀도는 다른 시공간에서 나타나 인간의 정신을 먹는다 — 일행은 방주의 섀도 비슷한 괴물을 [D-섀도]라 부르기로 하고 의식 소실이 D-섀도의 습격 탓이라 보았다"
F2859,사실,154,2026-08-13,fl:persona_on_frontline,0,0,,0,0,,,,,,154,1,,person:앨든 place:아우터_림 person:지휘관,확정,fl:persona_on_frontline,,"아우터 림 격벽이 총격을 받아도 곧바로 수복되는 굵은 거미줄로 뒤덮였고, 그 앞에 나타난 '인자해 보이는 남자'는 누군가 — [무언가] — 가 또다시 기회를 주어 손에 넣은 힘이라며 거미줄을 부려 지휘관을 노리다, 2주 뒤면 거미줄이 방주 전체로 뻗는다며 그동안 자기 [그림자]들과 지내라고 하고 사라졌다 — 유키코는 그가 섀도에 가깝다고 느꼈다"
F2860,사실,154,2026-08-13,fl:persona_on_frontline,0,0,,0,0,,,,,,154,1,,person:앨든 concept:D-WAVE,확정,fl:persona_on_frontline,,지휘관은 그 남자가 최초의 소환자가 아니라 원래 방주에 살던 자로 D-WAVE의 영향을 받은 것이라 보았다
F2861,사실,154,2026-08-13,fl:persona_on_frontline,0,0,,0,0,,,,,,154,1,,place:아우터_림 person:퀀시 person:곰 person:모나,확정,fl:persona_on_frontline,,"퀀시가 찾은 엘리베이터 정비 통로로 들어간 아우터 림 안쪽은 거미줄 대신 D-섀도만 돌아다니고 주민은 흔적도 없었으며, 거의 직선으로 걸었는데도 방주를 벗어나 땅속에 있어야 할 만큼 이어진 이상한 공간이었다 — 안으로 갈수록 곰 · 모나의 감각이 흐려지고 D-섀도가 많고 강해져 일행은 물러났다"
F2862,사실,154,2026-08-13,fl:persona_on_frontline,0,0,,0,0,,,,,,154,1,,person:앨든 place:아우터_림 org:중앙_정부 person:율하,확정,fl:persona_on_frontline,,"그 남자의 이름은 앨든 — 아우터 림 출신으로 복잡한 세력들 속에서 빠르게 힘을 길렀고, 커진 세력이 다른 조직에 위협받자 재정부 소속 브라이언의 도움으로 곧장 방주로 활동처를 옮겼다 — 브라이언에게는 감사가 예정되어 있었고, 율하는 대규모 비리 적발로 감사부가 뒤집혔다고 했다"
F2863,사실,154,2026-08-13,fl:persona_on_frontline,0,0,,0,0,,,,,,154,1,,person:팬텀 person:퀸(마코토) person:모나 person:유키코 person:곰 person:아이기스,확정,fl:persona_on_frontline,,"퀸 · 모나는 왜곡된 욕망을 가진 악인의 [나쁜 마음]을 훔치는 [마음의 괴도단]이었고, 팬텀은 정의 괴도단과 소환자들이 함께하는 동안 악당에게 심판을 내리는 [심판의 괴도단]이라 이름 붙였다 — 유키코 · 곰 · 아이기스도 들어왔다"
F2864,사실,154,2026-08-13,fl:persona_on_frontline,1,0,154,0,0,,,,,,154,1,,person:앨든 person:지휘관 person:곰,확정,fl:persona_on_frontline,,"곰의 냄새로 찾은 최심부의 꿈틀대는 거미줄 고치를 부수자 앨든이 걸어 나와, 아우터 림 외곽에 퍼뜨린 거미줄을 모두 몸으로 거두어 거대한 거미가 되었다 — 방주고 뭐고 지휘관 하나는 죽이겠다던 그는 심판의 괴도단에게 쓰러져 원래 모습으로 돌아왔다"
F2865,사실,154,2026-08-13,fl:persona_on_frontline,0,0,,0,0,,,,,,154,1,,person:앨든 person:퀸(마코토) person:미란다,확정,fl:persona_on_frontline,,"쓰러진 앨든에게서 뒤틀린 마음의 상징인 [보물]이 나와 그는 개심했다 — 깨어나 대성통곡하며 용서를 빌지 않고 죗값을 받겠다면서 선량한 아내에게 피해가 가지 않게 해 달라 부탁했고, 미란다가 그를 체포했다"
F2866,사실,154,2026-08-13,fl:persona_on_frontline,4,0,154,0,0,,,,,,154,1,,person:앨든 place:아우터_림 concept:D-WAVE person:모나 person:퀸(마코토),확정,fl:persona_on_frontline,,"앨든이 개심하자 거미줄이 녹아내리고 공간이 끝에서부터 무너졌다 — 퀸 · 모나에 따르면 그곳은 진짜 아우터 림이 아니라 앨든이 인지하는 아우터 림을 바탕으로 생긴 팰리스 비슷한 이세계라 주민도 휘말리지 않았고, 앨든은 발생한 D-WAVE를 이용하고 있었으며 그가 쓰러지자 D-WAVE도 옅어지기 시작했다"
F2867,사실,154,2026-08-13,fl:persona_on_frontline,0,0,,0,0,,,,,,154,1,,person:모르가나 concept:D-WAVE,확정,fl:persona_on_frontline,,"모르가나에 따르면 D-WAVE로 의식을 잃었던 사람들이 쓰러진 동안을 기억하지 못하듯 소환자들도 돌아가면 D-WAVE에 닿아 있던 동안의 기억을 잃을 것이다 — 일은 [집단 의식 및 기억 상실 사건]으로 기록되었고, 일행은 이틀 뒤 자취를 감췄다"
F2868,사실,154,2026-08-13,fl:persona_on_frontline,0,0,,0,0,,,,,,154,1,,person:앨든 org:중앙_정부 person:율하,확정,fl:persona_on_frontline,,"앨든은 이번 사건의 주모자가 아니라 그간의 범죄로 벌을 받게 되었고, 뉴스는 중앙 정부의 비리 · 정경유착 사건 주모자 중 하나인 사업가 A씨가 진심으로 뉘우치며 피해 보상과 추가 범행을 자백하고 있어 내부 비리가 더 밝혀질 것이라 전했다 — 지휘관은 율하에게 아내가 연루되지 않았다면 선처해 달라고 메일을 보냈다"
F2869,사실,154,2026-08-13,char:872,1,0,154,0,0,,,,,,154,2,,person:아이기스 person:라이 place:미미르_부속_고등학교 person:마르차나,확정,char:872,,"원래 세계로 돌아가기 전 마지막 날 무렵, 아이기스는 사탕 맛 꼬치를 나눠 준 라이의 제안으로 [나루 4호]라는 이름을 쓰고 미미르 부속고에서 하루 수업을 체험했다 — 라이의 숙제를 대신 풀다 마르차나에게 들켰고, 하교 때 라이와 친구로 작별했다"
F2870,사실,154,2026-08-13,char:870,1,0,154,0,0,,,,,,154,2,,person:퀸(마코토) person:모르가나 person:팬텀 person:레오나,확정,char:870,,"D-WAVE로 방주에 머물던 마코토는 모르가나와 방주를 견학하다 말하는 고양이를 길고양이로 알고 쫓는 레오나를 피해 방주 도서관으로 달아났고, 사서 팬텀이 숨겨 주며 하룻밤 묵게 했다 — 팬텀은 도서관에 자기와 함께여도 들어갈 수 없는 곳과 보여 줄 수 없는 책이 있다고 했다"
F2871,사실,155,2026-08-20,char:871,1,1,154,0,0,,,,,,155,2,,person:유키코 place:설온장 person:토브 person:루드밀라 person:미카 person:곰 org:앱솔루트,확정,char:871,,"D-WAVE로 온 유키코는 지휘관과 생존 전문가 토브의 에스코트로 지상의 설온장에 가 루드밀라 · 미카의 대접을 받고 곰과 함께 며칠을 지냈다 — 설온장에는 상주하며 돕는 니케가 있고, 앱솔루트는 임무가 끝나면 종종 피로를 풀러 온다"
F2872,사실,156,2026-09-03,fl:great_villain_union,1,1,128,0,0,,,,,,156,2,,person:드레이크 org:빌런_연합 person:지즈 person:그레이브 person:지휘관,확정,fl:great_villain_union,,드레이크는 빌런 연합 [드레이크와 빌런들]을 해체하고 [신 빌런 연합]을 출범해 면접으로 지즈와 그레이브('그레그레')를 받아들이고 지휘관을 작전 참모로 두었다 — 주둔지에서 저지른 '악행'(볼록 거울 · 뒤집힌 책 · 숙소 잠입 · 온리 원에게 초코바)은 모두 고마운 일이 되었다
F2873,사실,156,2026-09-03,fl:great_villain_union,0,0,,0,1,,,,,,156,1,,person:맥스웰 person:드레이크 person:라플라스 org:메티스,확정,fl:great_villain_union,,"맥스웰에 따르면 파워 업 때 맥스웰 · 라플라스는 리미터 임곗값 안에서 파라미터만 다시 맞췄지만 드레이크는 인히비터(억제기) 자체를 없애 출력이 늘었고, 대신 출력을 과하게 높이면 에너지가 불안정해져 결국 낼 수 있는 힘은 셋이 비슷하다"
F2874,사실,156,2026-09-03,fl:great_villain_union,0,0,,0,0,,,,,,156,1,,person:글러트니,확정,fl:great_villain_union,,"글러트니는 고에너지의 무언가를 삼키려다 수많은 [입]이 잘려 나간 뒤 갈증에 짐승 · 지형을 먹으며 지상을 떠돌다, 주둔지 주변 고지의 구형 예비 전력 시설(발전소)에 촉수를 꽂아 에너지를 빨아들이고 있었다 — 그래서 발전소는 정상 가동 중인데 내부 전압은 0에 가까웠고 과부하 상태였다"
F2875,사실,156,2026-09-03,fl:great_villain_union,0,0,,0,0,,,,,,156,1,,person:드레이크 person:지즈 person:글러트니,확정,fl:great_villain_union,,"드레이크가 지즈의 제안으로 과부하된 발전소에 전격을 흘려 넣자 발전소가 폭발해 멈췄고, 곧 땅을 뚫고 솟은 글러트니의 입이 발전소를 통째로 삼켰다 — 근처 지상 벙커도 그 발전소의 전력을 끌어 쓰던 시설이었다"
F2876,사실,156,2026-09-03,fl:great_villain_union,0,0,,0,1,,,,,,156,1,,person:글러트니 person:드레이크,확정,fl:great_villain_union,,글러트니의 촉수는 빌런 웹의 전격을 빨아들여 기세를 올렸지만 드레이크의 불안정한 전격을 흡수한 촉수는 끝부터 타 바스러졌다 — 드레이크가 단신으로 입에 쏟아부은 전격은 글러트니가 모아 되뿜어 일대를 잿더미로 만들었다
F2877,사실,156,2026-09-03,fl:great_villain_union,0,0,,0,0,,,,,,156,1,,org:빌런_연합 person:드레이크 person:지즈 person:그레이브 person:글러트니,확정,fl:great_villain_union,,"신 빌런 연합은 거대화한 지즈가 검은 사슬로 글러트니의 입을 벌리고 그레이브가 라이터즈 이레이저 · 스포일러로 촉수를 막는 사이, 드레이크가 몸이 과열돼 피를 토하며 모은 불안정한 전격 덩어리에 지즈의 다크 매터를 씌워 흡수되지 않게 삼키게 해 몸속 깊은 곳에서 터뜨렸고, 이어 협동 공격으로 [입]의 코어를 꿰뚫어 폭발시켰다"
F2878,사실,156,2026-09-03,char:104,0,0,,0,0,,,,,,156,1,,person:드레이크,확정,char:104,,"파워 업 뒤 '그레이트 빌런'을 자처한 드레이크가 빌런 데뷔 무대로 극장을 대관하고 초대장 100장을 돌렸지만, 대관 사유와 초대장 문구가 자선으로 읽혀 행사는 [드레이크의 자선 모금 행사]가 되었고 역대 최대 모금액을 모아 드레이크는 '그레이트 히어로'로 보도되었다 — 그 뒤 자선 단체 홍보대사 미팅도 잡혔다"
F2879,사실,158,2026-09-24,char:405,0,0,,0,0,,,,,,158,1,,person:신 person:마스트 person:앵커 person:트로니,확정,char:405,,"갱생 뒤 메이드 카페에서 일하는 신은 갱생관 시절 엮였던 사람에게 가짜 옥장판 사기를 당했고, 컨버터를 벗거나 '부탁'으로 장부를 손에 넣는 대신 지휘관 · 마스트 · 앵커 · 트로니의 도움으로 [옥장판 사기 피해자 모임]을 꾸려 노인 피해자들의 서명을 모아 일당이 체포되고 피해자들이 환불받게 했다"
F2880,사실,2,2022-11-04,ch01,0,0,,0,9,,,,,,154,9,,person:마리안 person:지휘관,확정,ch01,,"지휘관은 '니케한텐 소용없다'는 붕대를 다친 마리안에게 감아 주었고 마리안은 마음이 채워지는 느낌이라 했다 — 처분되던 마리안은 '붕대 고마웠어요'를 마지막 말로 남겼고, 지휘관은 죽은 마리안의 머리에 붕대를 감았다"
F2881,사실,17,2022-11-04,ch16,1,0,17,0,0,,,,,,17,1,,person:슈엔 org:이그조틱 org:스카우팅,확정,ch16,,"슈엔은 이그조틱이 지상에 간 줄 몰랐다 — 인식 칩 추적으로 지상에 있음을 알고서야 '그 녀석(지휘관)한테 붙었나' 의심했고, 특이사항을 보고하라던 스카우팅의 보고는 0건이었다 — 슈엔이 붙인 지원 병력이라던 이그조틱의 말과 어긋난다"
F2882,사실,59,2023-12-28,event_newyearnewsword,1,0,59,0,0,,,,,,59,1,,person:홍련 person:장화,확정,event_newyearnewsword,,"홍련이 지금 입에 달고 사는 '바람 따라, 구름 따라, 마음 가는 대로'의 한량 같은 삶은 1차 침공기에 장화가 '미래 계획'이라며 살아 보고 싶다던 것이다 — 그때 홍련은 시답지 않은 시라 했다"
F2883,사실,91,2024-10-31,event_oldtales1,0,0,,0,2,,,,,,102,2,,person:신데렐라 person:에이브 item:유리_구두,확정,event_oldtales1,,"침식에서 돌아온 신데렐라는 에이브에게, 레드 슈즈를 죽인 뒤엔 동료들에게 '나는 뭘로 보여?'라 물었다(에이브는 '찌질대는 X신', 동료들은 침묵) — 에이브는 자결하려던 그녀에게 피를 닦은 유리 구두를 비추며 스스로를 정의하지 말고 있는 그대로 보여 주는 것을 보라 했고, 신데렐라는 '신데렐라'라 답했다"
F2884,사실,107,2025-04-10,side:mudfish,0,0,,0,0,,,,,,107,1,,person:레비아탄 person:세이렌,확정,side:mudfish,,"몸이 변하며 이름을 잊은 레비아탄에게는 검은 얼룩 묻은 인식표 LEV-20765만 남았고, 세이렌이 그 앞 글자를 따 애칭 '레비'를 지어 주었다 — 세이렌도 원래 이름 리틀 머메이드의 애칭으로, 애칭은 애정을 담아 부르는 것이라 했다"
F2885,사실,113,2025-06-12,event_ce006,0,0,,0,0,,,,,,113,1,,person:콤 person:헤르민 person:아트,확정,event_ce006,,"벙커 시절 제단의 사진을 두고 헤르민은 '망각의 생물'인 인간이 잊어버릴 때까지의 시간을 늦추려 남겨 두는 것이라 했고, 벙커의 아이(아트)가 '콤이 기억하면 안 잊어버린다'며 계속 기억해 달라 하자 콤이 약속했다 — 콤이 복수 대신 기억을 잇기로 한 까닭"
F2886,사실,116,2025-07-17,fl:boom_the_ghost,0,0,,0,0,,,,,,116,1,,person:도로시 person:라피 person:라푼젤 person:피나,확정,fl:boom_the_ghost,,"도로시는 '살아 있는 우리 목소리를 들어 달라'는 라피의 말에, 예전에 라푼젤을 일으키며 자기가 했던 말('지금 라푼젤 앞에 서서 도움을 요청하는 제 목소리를 들어줘요 … 이 손을 잡고 일어나줘요')을 되뇌다 깨닫고, 피나는 자기만 보낼 수 있다며 BFG를 받았다"
F2887,사실,116,2025-07-17,fl:boom_the_ghost,0,0,,0,0,,,,,,116,1,,person:프림 person:싹싹이,확정,fl:boom_the_ghost,,"프림은 너무 열심히 살아 하려는 일마다 꼬이고 수습할수록 더 꼬여 상처받은 사람이 많았고, 친구가 제발 아무것도 하지 말라고 하자 그 뒤로 잠만 자며 누구도 상처 주지 않고 누구에게도 상처받지 않는 지금에 만족한다고 했다"
F2888,사실,119,2025-08-07,ch40,0,0,,0,0,,,,,,119,1,,person:리버렐리오 person:나유타 concept:퀸_인자,확정,ch40,,나유타는 갑자기 나타난 리버렐리오를 '인자 살해자 소저'라 부르며 한동안 일이 없지 않았냐고 했다 — 퀸 인자가 활성화된 이들을 찾아 죽여 온 [인자 살해자]는 리버렐리오다
F2889,사실,119,2025-08-07,fl:absolute,0,0,,0,0,,,,,,119,1,,person:은화 person:미친개 place:사관학교,확정,fl:absolute,,"은화가 오래 짊어 온 목소리에는 [미친개]의 '넌 반드시 지상을 탈환한다 — 우리 인간의 방식으로!'와, 인류의 미래라 믿었다며 스러져 간 사관학교 동료의 말이 있다 — 은화는 걱정이 있을 때마다 사관학교 근처 버려진 놀이터의 그네에 온다"
F2890,사실,128,2025-10-30,event_goddessfall1,0,0,,0,0,,,,,,128,1,J20,org:파이오니아 person:나유타 person:퀸,확정,event_goddessfall1,,파이오니아는 오랜 세월 지상을 샅샅이 뒤져 지상에는 퀸이 없다고 확신하고 우주로 눈을 돌렸다 — 나유타의 분신들이 지상 각지에서 퀸의 궤도를 쫓는 사이 스노우 화이트 · 홍련 · 라푼젤은 퀸의 정보를 모으며 결전에 대비해 원격 병기를 곳곳에 배치했다
F2891,사실,128,2025-10-30,event_goddessfall1,0,0,,0,0,,,,,,128,1,J3,person:미러 person:니힐리스타 person:토커티브 concept:언체인드,확정,event_goddessfall1,,미러에 따르면 니힐리스타가 토커티브에게 언체인드를 찾으라고 시킨 적이 있어 미러가 그것을 수습하느라 머리를 굴렸다 — 지금 토커티브는 언체인드가 어느 몸에 있는지 찾았다
F2892,사실,133,2025-12-30,fl:ark_guardian,0,0,,0,0,,,,,,133,1,,person:홍련 person:엔더슨 person:세실 concept:양산형_니케,확정,fl:ark_guardian,,"홍련의 바디는 양산형 바디(세실에 따르면 소체 자체가 양산형에 가깝다)라 유지 보수가 쉽고 탄환 · 미사일도 필요 없어, 갓데스의 지휘관은 가성비 · 범용성 좋은 만능 패로 여겼다"
F2893,사실,137,2026-02-12,ch43,1,1,17,0,1,,,,,,145,3,,person:스톨_3세 person:네온,확정,ch43,,시력을 잃어 가던 스톨 3세는 총알이 터질 때의 번쩍임을 좋아했다 — 화력이 강할수록 더 밝게 빛나 온 세상이 밝아지는 느낌이라서다 — 니케가 되어 기억을 잃은 뒤에도 '어두운 건 질색'이라며 네온사인을 이름으로 골랐다
F2894,사실,140,2026-03-05,fl:enter_heaven,0,0,,0,0,,,,,,140,1,,person:E.H. person:지휘관 person:자칼 person:바이퍼,확정,fl:enter_heaven,,"멜런이 자폭한 뒤 E.H.는 자칼이 찾은 막대 폭죽에 불을 붙여 '불꽃은 이렇게 생긴 것에만 붙여야 한다'고 되뇌고, 또다시 빛을 쫓다 눈이 멀어 이것 아닌 것에 불꽃을 붙이는 날이 오면 무슨 짓을 해서라도 막아 달라고 지휘관에게 부탁했다 — 지휘관은 네가 속죄를 잊는 날은 오지 않을 거라며 거절하는 대신 속죄를 지켜보고 응원하겠다고 했다"
F2895,사실,144,2026-04-23,event_staranis1,0,0,,0,3,,,,,,144,1,,person:아니스 person:요요,확정,event_staranis1,,"아니스는 아무도 없는 어두운 방에서 혼자 잠들고 깨어나 높은 곳에 올라가 떨어지는 꿈을 자주 꾸는데, 떨어지며 올려다보면 요요가 웃으며 내려다본다 — 요요를 이기려는 까닭으로 한슨에게 털어놓았다"
F2896,사실,50,2023-09-21,event_schooloflock,0,0,,0,0,,,,,,50,1,,person:에테르 person:트리세라 person:마르차나 place:미미르_부속_고등학교,확정,,,"트리세라에게 리셋 횟수의 한계(세 번 리셋 뒤 탈락하면 연구소행)를 알려 준 것은 에테르였다 — 마르차나가 따지자 에테르는 학생이 물으면 답하는 게 연구원의 의무라 했고, 트리세라의 방화를 페널티 없이 무마해 7호가 학교에 오게 된 것까지 마르차나가 바라던 대로 되었다고 했다"
F2897,사실,75,2024-05-30,event_goldencoinrush1,0,0,,0,0,,,,,,75,1,,person:소다 person:지휘관 person:코코아 person:에이드,확정,event_goldencoinrush1,,"결승 뒤 소다는 코코아 · 에이드가 보러 왔다는 지휘관의 말이 거짓말인 줄 알았다고 했다 — 관객석을 둘러봐도 둘은 없었지만, 그 말로 자기가 왜 그곳에 있는지 · 무엇을 가장 소중히 여기는지 알 수 있었다고 했다"
F2898,사실,110,2025-05-01,char:162,0,0,,0,0,,,,,,110,1,J23,person:미하라 person:지휘관,확정,char:162,,"세이렌의 언령으로 떠오른 미하라의 기억 속 '그 사람'의 말 — '내가 도와줄게' · '어떻게든 도와줄게' · '정말 미안' — 은 CHAPTER.04에서 지휘관이 유니 · 미하라에게 한 말 그대로라, 미하라가 그리워하는 '그 사람'은 기억 소거 전에 함께 작전한 지휘관이다"
F2899,사실,130,2025-11-20,fl:blank_ticket,0,0,,0,2,,,,,,131,2,,person:노라,확정,fl:blank_ticket,,"노라가 옛날에 살던 나라의 전통 인사는 이마를 대는 것이다 — 물건에 이마를 대면 그 물건에 영혼이 깃들고, 사람에게 대면 그 사람에게 축복이 내린다고 한다 — 노라는 솔린이 준 목적지 빈 티켓에 기도하듯 이마를 대었다"
F2900,사실,130,2025-11-20,fl:blank_ticket,0,0,,0,2,,,,,,131,2,,person:솔린 org:인피니티_레일,확정,fl:blank_ticket,,"솔린은 AZX를 '행복을 싣고 다니는 열차'라 부르며, 마지막 열차 안내 방송에 '모두 내리실 때 싣고 있는 행복을 꼭 하나씩 챙겨가시길 바랍니다'라는 말을 더했다 — 그 뒤 AZX는 운행이 끝나도 길 잃은 사람이 들어오도록 마지막 불을 켜 둔다"
F2901,사실,130,2025-11-20,fl:blank_ticket,0,0,,0,2,,,,,,131,2,,person:노라,확정,fl:blank_ticket,,"노라에게는 지상을 여행하며 쓴 일기장이 있다 — 남쪽 바다 휴양지, 북쪽 설산(체력이 달려 정상엔 못 올랐지만 꼭 다시 오고 싶다) 같은 여행을 적었고, '외계인' 때문에 방주로 내려가던 날을 끝으로 이어 쓰지 못했다"
F2902,사실,131,2025-12-04,fl:terminus_ticket,1,0,131,0,0,,,,,,131,1,,person:노라 person:루시안,확정,fl:terminus_ticket,,동요 [집으로 가는 길]('나의 고향 나의 집 · 돌아갈 그곳 · 그리워라 · 나의 가족들이여 · 언젠가 다시 만나면 사랑한다 말하리')은 루시안이 노라가 하루라도 빨리 집에 오길 바라며 늘 틀어 두던 노래다
F2903,사실,149,2026-07-02,fl:wave_to_you,2,0,149,0,0,,,,,,149,1,,person:마르차나 person:지휘관 person:나가 person:티아,확정,fl:wave_to_you,,"마르차나는 학생들이 어디로 가든 돌아올 곳을 알려 주는 등대가 되고 싶어 섬의 등대를 켜 보려 했지만, 지하의 구속구를 보고 자기는 헤어짐이 두려워 학생들을 붙잡던 구속구였다고 깨달았다 — 지휘관의 말대로 기계와 함께 마음의 구속구를 부수고 등대가 되기로 했다"
F2904,사실,154,2026-08-13,fl:persona_on_frontline,3,0,154,0,0,,,,,,154,1,,person:모나 person:에이드 person:지휘관,확정,fl:persona_on_frontline,,"모나는 지휘관이 받아 온 군 보급품으로 에이드의 와이어 사출 장치를 본뜬 [잠입 도구]를 만들어, 전에 봐 둔 천장 가까운 벽 틈으로 들어가 엘리베이터 정비 통로의 1급 보안문을 안에서 열었다"
F2905,사실,154,2026-08-13,fl:persona_on_frontline,1,0,154,0,0,,,,,,154,1,,person:은화 person:지휘관 person:엠마 person:베스티 person:유키코 person:퀸(마코토),확정,fl:persona_on_frontline,,"지휘관은 총을 쓰겠다는 소환자들의 기초 전술 훈련을 [내가 아는 최고의 교관] 은화에게 맡겼고, 은화는 엠마 · 베스티와 함께 지휘관과 정의 괴도단까지 넣어 사흘 동안(체력 단련 · 제식 → 사격 → 시뮬레이션 룸 전술) 굴렸다 — 은화는 대충 사람 구실은 하게 될 것이라 했다"
F2906,사실,156,2026-09-03,fl:great_villain_union,1,0,156,0,0,,,,,,156,1,,person:드레이크 person:그레이브 person:지즈 person:지휘관 org:빌런_연합,확정,fl:great_villain_union,,"글러트니의 [입]을 처리하고 돌아온 드레이크는 '빌런 연합이 없었다면 해내지 못했다'며 공을 동료에게 돌렸고, 그레이브 · 지휘관 · 지즈가 리더로서 책임을 지고 해낸 일이라며 띄워 주자 꿈(00)에서처럼 테이블 위에서 환호를 받았다 — 이번엔 현실이었다"
Q1,의문,2,2022-11-04,ch01,1,0,2,0,0,,,5,15,풀림,15,3,J1,person:마리안 concept:침식 place:방주,확정,ch01,,마리안은 언제 · 어디서 · 누구에 의해 침식되었나 — 방주 안에서 누군가 일부러 심은 것인가?
Q2,의문,2,2022-11-04,ch01,0,0,,0,0,,,,96,풀림,96,2,J2,person:라피,확정,ch01,,라피가 '해 보고 싶다'며 찾고 있는 것은 무엇인가?
Q3,의문,2,2022-11-04,ch01,0,0,,0,0,,,3,,일부,3,2,J3,org:카운터스 person:엔더슨,확정,ch01,,"사령부는 왜 카운터스를 무장한 채 불러 테스트하고, 관례를 깨고 곧바로 가장 어려운 실전에 다시 보냈나?"
Q4,의문,3,2022-11-04,ch02,0,0,,0,0,,,3,,일부,3,1,J9,,확정,ch02,,버려진 도시의 발전소는 왜 얼마 전부터 가동되고 있나?
Q5,의문,3,2022-11-04,ch02,0,0,,0,0,,,,,열림,3,1,J9,concept:랩쳐,확정,ch02,,"랩쳐는 왜 인간의 기계를 조작하게 되었나 — 인류를 말살하려는가, 대신하려는가?"
Q6,의문,3,2022-11-04,ch02,1,1,2,0,2,,,7,,일부,26,6,J3,person:지휘관 org:카운터스,확정,ch02,,지휘관에게 있다는 '뭔가'는 무엇인가 — 왜 시뮬레이션에서는 형편없는데 실전에서는 압도적인가?
Q7,의문,3,2022-11-04,ch02,0,0,,0,0,,,,,열림,3,1,J5,person:엔더슨,확정,ch02,,엔더슨이 전초 기지 첫날 밤 지휘관에게 보낸 메시지는 무엇인가?
Q8,의문,3,2022-11-04,ch02,0,0,,0,1,,,4,,일부,17,3,J22,person:슈엔,확정,ch02,,"슈엔이 포획해 오라는 랩쳐는 무엇이고, 왜 포획하려 하나?"
Q9,의문,3,2022-11-04,sub:칠리페퍼_00,0,0,,0,0,,,,9,풀림,9,2,J35,person:칠리페퍼,확정,sub:칠리페퍼_00,,"칠리페퍼는 누구이고, 왜 첫 임무 장소의 타일 밑을 확인하려 했나 — 새 술병이라는 데 왜 짜증을 냈나?"
Q10,의문,4,2022-11-04,ch03,0,0,,0,0,,,,,열림,4,1,J27,person:지휘관,확정,ch03,,"통신이 끊긴 지상에서 지휘관의 핸드폰을 울린 것은 누구이고, 무엇을 알렸나?"
Q11,의문,4,2022-11-04,ch03,0,0,,0,0,,,,,열림,4,1,J23,org:워드리스 person:슈엔,확정,ch03,,랩쳐용으로 만든 워드리스의 능력이 왜 니케와 인간에게도 먹히나 — 슈엔은 그들에게 무슨 짓을 했나?
Q12,의문,4,2022-11-04,ch03,0,0,,0,0,,,5,,일부,5,2,J15,person:토커티브 concept:랩쳐,확정,ch03,,토커티브는 어떤 랩쳐인가 — 추적을 알아채고 따돌리는 것은 지능이 있어서인가?
Q13,의문,5,2022-11-04,ch04,0,0,,0,1,,,7,,일부,26,4,J3,person:토커티브 person:지휘관,확정,ch04,,"토커티브는 왜 지휘관을 노리고 데려가려 하나 — '찾았다', '이런 행운'은 무슨 뜻인가?"
Q14,의문,5,2022-11-04,ch04,0,0,,0,0,,,14,,일부,96,4,J2,person:라피 concept:페어리_테일,확정,ch04,회수 먼저,라피가 '페어리 테일 모델 레드 후드'라는 것은 무슨 뜻인가?
Q15,의문,5,2022-11-04,ch04,0,0,,0,0,,,7,,일부,7,2,J20,org:필그림 person:토커티브,확정,ch04,,토커티브를 쫓아낸 필그림 니케는 누구인가 — 둘은 왜 서로를 '순례자' · '이단'이라 부르나?
Q16,의문,5,2022-11-04,ch04,1,1,3,0,0,,,11,,일부,81,4,J2,person:라피 person:아니스 org:앱솔루트,확정,ch04,,라피 · 아니스는 왜 '불량품'으로 불리나 — 라피는 왜 앱솔루트 쪽을 말없이 떠났나?
Q17,의문,5,2022-11-04,ch04,0,0,,0,0,,,,,열림,5,1,J22,person:슈엔,확정,ch04,,슈엔이 자기가 시킨 작전이라고 밝히지 않은 '사정'은 무엇인가?
Q18,의문,5,2022-11-04,ch04,0,0,,0,0,,,10,,일부,13,3,J2,person:라피 concept:기억_소거,확정,ch04,,라피에게는 왜 기억 소거가 먹히지 않았나?
Q19,의문,5,2022-11-04,ch04,0,0,,0,0,,,101,144,풀림,144,4,J24,person:아니스 person:머스탱 org:테트라,확정,ch04,회수 먼저,"아니스는 테트라 라인(머스탱)과 무슨 관계이고, 왜 아직 돌아가지 않나?"
Q20,의문,6,2022-11-04,ch05,0,0,,0,0,,,,,열림,6,1,J1,person:지휘관,확정,ch05,,지휘관이 의식을 잃고 떠올린 병원의 소녀는 누구인가 — 지휘관은 무슨 병으로 병원에 있었나?
Q21,의문,6,2022-11-04,ch05,0,0,,0,0,,,,,열림,6,1,J31,place:북부,확정,ch05,,랩쳐의 것이 된 연구 기지는 어떤 '뭔가'가 되었나?
Q22,의문,6,2022-11-04,ch05,0,0,,0,0,,,17,,일부,17,2,J40,person:앨리스,확정,ch05,,앨리스는 왜 '하트의 여왕' 이야기 속 세계를 믿고 사나?
Q23,의문,6,2022-11-04,sub:중앙_정부_공식__00,0,0,,0,0,,,20,,일부,20,2,J36,person:제인_밀러,확정,,,제인 밀러는 왜 지상으로 탈주했나?
Q24,의문,7,2022-11-04,ch06,0,0,,0,2,,,,,열림,56,2,J34,person:루드밀라,확정,ch06,,루드밀라가 만지는 기계는 왜 다 고장 나나?
Q25,의문,7,2022-11-04,ch06,1,1,6,0,0,,,17,,일부,17,3,J34,person:루드밀라 org:필그림,확정,ch06,,루드밀라는 왜 필그림을 오래 쫓았나 — 무엇이 '부끄러웠나'?
Q26,의문,7,2022-11-04,ch06,0,0,,0,0,,,,13,풀림,13,2,J15,concept:니케 place:지상,확정,ch06,,최근 몇 년 사이 지상에서 길 잃은 니케가 왜 확연히 줄었나?
Q27,의문,7,2022-11-04,ch06,0,0,,0,0,,,,15,풀림,15,2,J16,person:토커티브 place:방주,확정,ch06,,토커티브와 내통하는 방주 안의 상대는 누구인가?
Q28,의문,7,2022-11-04,ch06,0,0,,0,0,,,128,,일부,128,2,J20,org:필그림 person:스노우_화이트,확정,ch06,,필그림은 무엇을 이루려고 북부를 도나 — 토커티브는 왜 그들을 '과거의 유물'이라 부르나?
Q29,의문,7,2022-11-04,ch06,0,0,,0,0,,,73,,일부,73,2,J1,person:토커티브 person:모더니아 person:퀸,확정,ch06,,"쓰러진 토커티브가 부른 '여왕님'은 누구인가 — 모더니아인가, 퀸인가?"
Q30,의문,4,2022-11-04,sub:트레저_헌터_00,0,0,,0,0,,,10,17,풀림,17,3,J37,person:트레저_헌터,확정,,,"트레저 헌터는 누구이고, 왜 지금은 지상에 올라갈 수 없으며 쪽지가 숨겨진 곳을 어떻게 알아보나?"
Q31,의문,5,2022-11-04,sub:이례의_기록자_00,0,0,,0,0,,,,,열림,5,1,J38,org:니푸르,확정,,,"니푸르는 어떤 단체이고, 왜 지휘관과 카운터스를 기록하나?"
Q32,의문,19,2022-11-24,sub:랩칠리언_06,0,0,,0,0,,,,,열림,19,1,J9,concept:랩쳐,확정,sub:랩칠리언_06,,최초의 전쟁에서 랩쳐와 인간이 처음 마주쳤을 때 먼저 방아쇠를 당긴 쪽은 어느 쪽이었나?
Q33,의문,5,2022-11-04,relic:갓데스스쿼드리포트,0,0,,0,0,,,17,36,풀림,36,3,J6,org:갓데스 incident:아크_가디언_작전,확정,relic:갓데스스쿼드리포트,,"갓데스 스쿼드는 어떤 스쿼드이고, 작전 아크 가디언은 무엇을 목표로 한 작전이었나?"
Q34,의문,6,2022-11-04,sub:고스트_00,0,0,,0,0,,,,,열림,6,1,J27,person:고스트 person:지휘관,확정,,,"지휘관을 고스트의 사용자로 등록한 것은 누구이고, 고스트는 왜 지휘관을 자기 사용자로 알아보나?"
Q35,의문,6,2022-11-04,relic:통화기록028594,1,0,6,0,1,,,,,열림,7,2,J14,person:레이첼_호프,확정,relic:통화기록028594,,니케 실험 뒤 레이첼 호프는 어떻게 되었나 — 어머니가 말한 괴물이란 무엇인가?
Q36,의문,8,2022-11-04,ch07,0,0,,0,0,,,,,열림,8,1,J6,place:방주,확정,ch07,,스노우 화이트가 토커티브를 처음 만난 날 방주에서 솟아오른 큰 빛은 무엇이었나?
Q37,의문,8,2022-11-04,ch07,1,1,2,0,0,,,,,열림,8,2,J1,person:마리안 person:모더니아,확정,ch07,,"뇌가 파괴되어 죽은 마리안이 어떻게 살아 있고, 헬레틱 모더니아가 되었나?"
Q38,의문,8,2022-11-04,ch07,0,0,,0,0,,,10,19,풀림,19,3,J4,person:스노우_화이트,확정,ch07,,"스노우 화이트가 준 탄환은 무엇으로 만들어졌고, 어디에 도움이 되나?"
Q39,의문,8,2022-11-04,ch07,0,0,,0,0,,,,25,풀림,25,2,J15,person:니힐리스타,확정,ch07,,모더니아가 함께 왔으면 좋았겠다고 한 니힐리스타는 누구인가?
Q40,의문,8,2022-11-04,sub:중앙_정부_공식__01,0,0,,0,0,,,20,,일부,20,2,J36,person:제인_밀러,확정,,,"혼자 지상으로 간 제인 밀러는 어떻게 살아남았고, 왜 카운터스를 피해 달아났나?"
Q41,의문,8,2022-11-04,sub:세르반_02,0,0,,0,0,,,,14,풀림,14,2,J39,person:세르반,확정,,,"세르반이 들여온 주홍색 꽃은 무엇이고, 약효를 극대화한다는 품종 개량은 어떤 결과를 낳나?"
Q42,의문,9,2022-11-04,ch08,0,0,,0,0,,,,10,풀림,10,2,J22,person:시프티 org:카운터스,확정,ch08,,시프티는 누군가의 지시로 카운터스를 감시하고 있나?
Q43,의문,9,2022-11-04,ch08,0,0,,0,0,,,118,144,풀림,144,4,J24,person:아니스,확정,ch08,회수 먼저,아니스는 예전에 무슨 일을 겪어 누구도 완전히 믿지 못하게 되었나?
Q44,의문,9,2022-11-04,sub:칠리페퍼_01,0,0,,0,0,,,,15,풀림,15,2,J35,person:칠리페퍼,확정,sub:칠리페퍼_01,,"칠리페퍼의 아버지는 어떻게 되었고, 마지막으로 머문 곳에는 무엇이 있나?"
Q45,의문,13,2022-11-04,sub:든_셀_00,0,0,,0,0,,,,,열림,13,1,J27,person:제이드_한슨 person:지휘관,확정,sub:든_셀_00,,"수십 년 전의 구조 문자가 어떻게 지금 지휘관의 핸드폰으로 왔고, 닳을 대로 닳은 폰은 어떻게 켜져 있었나?"
Q46,의문,9,2022-11-04,relic:UFO챈.zip,0,0,,0,1,,,17,,일부,101,5,J9,concept:랩쳐 place:궤도_엘리베이터,확정,relic:UFO챈.zip,,랩쳐는 정말 궤도 엘리베이터를 타고 우주에서 내려왔나 — 어디서 온 것인가?
Q47,의문,10,2022-11-04,ch09,0,0,,0,0,,,,,열림,10,1,J25,person:엑시아,확정,ch09,,"뇌를 태우고 사살된 엑시아는 어떻게 살아 있고, 왜 그 일을 기억하지 못하나?"
Q48,의문,10,2022-11-04,ch09,0,0,,0,0,,,,,열림,10,1,J4,person:슈엔 concept:언체인드 person:토커티브,확정,ch09,,슈엔은 왜 언체인드를 조사하고 그 단어까지 막았나 — 토커티브 포획 명령과 어떤 관계인가?
Q49,의문,10,2022-11-04,ch09,0,0,,0,0,,,,15,풀림,15,2,J21,org:엔터_헤븐,확정,ch09,,엔더슨이 엑시아와 엮였을까 걱정한 엔터 헤븐은 무엇인가?
Q50,의문,10,2022-11-04,ch09,0,0,,0,0,,,,,열림,10,1,J4,person:잉그리드 concept:언체인드,확정,ch09,,언체인드를 마음만 먹으면 알아낼 수 있다는 잉그리드는 왜 지금껏 조사하지 않았나?
Q51,의문,14,2022-11-04,sub:미실리스_연구팀_01,0,0,,0,0,,,,,열림,14,1,J14,org:미실리스 concept:니케,확정,,,미실리스 연구팀이 말한 '니케 생성 기술의 의문점'은 무엇인가?
Q52,의문,11,2022-11-04,ch10,0,0,,0,0,,,,12,풀림,12,2,J22,org:카운터스 org:앱솔루트,확정,ch10,,지상에 오를 때부터 카운터스와 앱솔루트를 뒤따른 세 명은 누구인가?
Q53,의문,11,2022-11-04,ch10,0,0,,0,0,,,,12,풀림,12,2,J22,org:메티스,확정,ch10,,쓰러져 있던 메티스 니케 셋에게 무슨 일이 있었나?
Q54,의문,11,2022-11-04,sub:롬_00,0,0,,0,1,,,113,,일부,113,2,J57,person:롬,확정,,,"롬이 지상을 돌며 찾는 '목표 유물'은 무엇이고, 누가 롬에게 그 일을 맡겼나?"
Q55,의문,12,2022-11-04,ch11,0,0,,0,0,,,,13,풀림,13,2,J15,concept:랩쳐 concept:헬레틱,확정,ch11,,랩쳐는 헬레틱 교전지에 가공 지형을 쌓아 무엇을 숨겨 두었나?
Q56,의문,12,2022-11-04,ch11,0,0,,0,0,,,,13,풀림,13,2,J22,person:라플라스,확정,ch11,,촉수에 찔린 라플라스가 느낀 마비는 무엇 때문인가?
Q57,의문,12,2022-11-04,relic:기업-랩쳐음모론,0,0,,0,0,,,137,,일부,137,2,J9,concept:랩쳐 place:방주 org:미실리스,확정,relic:기업-랩쳐음모론,,기업들은 랩쳐의 존재를 미리 알고 방주를 준비했나 — 랩쳐는 기업과 관계가 있나?
Q58,의문,13,2022-11-04,ch12,1,0,13,0,1,,,,151,풀림,151,3,J22,person:슈엔 org:메티스,확정,ch12,,슈엔에게 메티스는 왜 다른 니케와 달리 특별한가?
Q59,의문,13,2022-11-04,ch12,1,0,14,0,1,,,90,,일부,90,4,J10,concept:랩쳐 place:방주,확정,ch12,,랩쳐의 지하 시설은 왜 방주를 닮았나?
Q60,의문,13,2022-11-04,ch12,0,0,,0,0,,,,17,풀림,17,2,J25,org:익스터너 person:메이든 person:길로틴,확정,ch12,,"모두의 움직임을 멈춘 익스터너 스쿼드(메이든 · 길로틴)는 어떤 스쿼드이고, 누구의 명령으로 움직이나?"
Q61,의문,19,2022-11-24,sub:숲속요정_00,0,0,,0,0,,,,,열림,19,1,J14,person:숲속요정 concept:NIMPH,확정,sub:숲속요정_00,,"NIMPH의 비밀을 캐던 숲속요정에게 찾아온 '손님'은 누구이고, 숲속요정은 어떻게 되었나?"
Q62,의문,19,2022-11-24,sub:숲속요정_00,0,0,,0,1,,,,,열림,21,2,J14,concept:NIMPH,확정,sub:숲속요정_00,,NIMPH는 누가 어떻게 만들었나 — 정말 인간의 기술이 아닌가?
Q63,의문,14,2022-11-04,ch13,2,2,6,0,1,,,154,,일부,154,4,J1,person:지휘관,확정,ch13,,지휘관이 되려는 지휘관을 응원하며 '내가 니케가 된다면 네 니케가 되고 싶다'던 소녀는 누구인가 — 병원의 소녀나 마리안과 관계있나?
Q64,의문,14,2022-11-04,ch13,0,0,,0,0,,,26,,일부,26,2,J4,person:지휘관 person:엔더슨,확정,ch13,,"지휘관과 엔더슨이 가진 '귀한 피'는 무엇이고, 둘이 같은 피인 것은 우연인가?"
Q65,의문,14,2022-11-04,ch13,1,1,4,0,1,,,44,,일부,96,5,J2,person:라피 person:레드_후드,확정,ch13,,"라피 안의 레드 후드는 무엇이고, 왜 라피에게 방주를 파괴하라고 하나?"
Q66,의문,14,2022-11-04,ch13,0,0,,0,0,,,,,열림,14,1,J5,person:엔더슨 person:잉그리드,확정,ch13,,마리안의 선택을 지휘관에게 맡기지 말라며 감성적이 된 엔더슨에게 떠올랐을 '과거의 일'은 무엇인가?
Q67,의문,14,2022-11-04,relic:여자친구의편지,0,0,,0,0,,,,,열림,14,1,J27,person:제이드_한슨,확정,relic:여자친구의편지,,편지의 J — 휴대폰이 고장 나 연락이 끊긴 채 부대가 전멸한 군인 — 는 구조 문자를 보낸 제이드 한슨인가?
Q68,의문,15,2022-11-04,ch14,2,2,8,0,0,,,128,,일부,128,4,J1,person:마리안,확정,ch14,,"헬레틱에서 돌아온 마리안 안의 블랙박스 넷과, 폭발을 빨아들이고 검은 빛을 내는 힘은 무엇인가?"
Q69,의문,15,2022-11-04,ch14,1,0,15,0,1,,,,,열림,73,2,J1,person:마리안 person:버닝엄,확정,ch14,,기밀이던 마리안의 존재를 방주에 일부러 퍼뜨린 것은 누구인가 — 버닝엄인가?
Q70,의문,15,2022-11-04,ch14,0,0,,0,0,,,,,열림,15,1,J16,concept:랩쳐 person:토커티브 person:에닉,확정,ch14,,방주의 위치를 오래전부터 안 랩쳐는 왜 방주를 치지 않고 니케를 받는 거래를 했나?
Q71,의문,16,2022-11-04,ch15,0,0,,0,0,,,,,열림,16,1,J33,concept:에블라_입자,확정,ch15,,지상 쓰레기장의 일기 속 A.I '에바'와 그를 만든 '에블라'는 누구인가 — 에블라 입자와 관계있나?
Q72,의문,16,2022-11-04,ch15,0,0,,0,0,,,,,열림,16,1,J9,concept:랩쳐,확정,ch15,,랩쳐들은 왜 반짝이는 물건을 줄지어 모아 쓰레기장에 쌓고 지켰나?
Q73,의문,16,2022-11-04,relic:종말의서,0,0,,0,0,,,,,열림,16,1,J9,incident:랩쳐_침공,확정,relic:종말의서,,종말의 서가 말하는 '차가운 대지 아래 묻힌 유해'(인간의 첫 번째 죄 · 새로운 신의 그릇)와 다시 태어날 '그녀'는 무엇인가?
Q74,의문,17,2022-11-04,ch16,1,1,7,0,0,,,,,열림,17,2,J31,person:바이퍼,확정,ch16,,"바이퍼가 믿을 만한 출처에서 얻었다는 '북부 좌표 아래 잠든 엄청난 괴물'은 무엇이고, 그 출처는 누구인가?"
Q75,의문,17,2022-11-04,ch16,0,0,,0,0,,,,19,풀림,19,2,J21,person:지휘관 org:카운터스,확정,ch16,,크로우의 총에 맞아 마의 지대에 버려진 지휘관과 쓰러진 카운터스는 어떻게 되나?
Q76,의문,17,2022-11-04,ch16,0,0,,0,0,,,20,,일부,20,2,J21,org:이그조틱 person:슈엔,확정,ch16,,이그조틱이 슈엔을 첫 사냥감으로 준비하는 '방주의 첫 불꽃놀이'는 무엇인가?
Q77,의문,17,2022-11-04,char:180,1,1,13,0,0,,,43,,일부,43,3,J25,,확정,char:180,,"길로틴의 오른눈에 '10년 전 봉인되었다'는 [편익의 마왕] — 시민권 없는 뇌를 멈추는 장치 — 은 무엇이고, 길로틴은 어떻게 그 눈을 갖게 되었나?"
Q78,의문,17,2022-11-04,char:212,1,0,30,0,0,,,105,,일부,105,3,J41,,확정,char:212,,방주 먹거리의 약 95%를 이루는 '정체 모를' 인공 식량 퍼펙트는 무엇으로 만드나?
Q79,의문,17,2022-11-04,char:232,0,0,,0,1,,,25,,일부,35,3,J8,,확정,char:232,회수 먼저,지상에 버려진 노아를 거둬 간 노아의 '진짜 지휘관'은 누구인가 — 지상의 필그림(에덴)에게 지휘관이 있나?
Q80,의문,17,2022-11-04,char:232,1,0,17,0,0,,,128,,일부,128,2,J29,,확정,char:232,,어린 노아는 왜 연구원 · 다른 니케들과 떨어져 지상에 홀로 버려졌나?
Q81,의문,17,2022-11-04,char:202,0,0,,0,0,,,,,열림,17,1,J14,,확정,char:202,,미실리스 관계자는 왜 도라에게 사람 신체 50구를 급히 주문했나?
Q82,의문,17,2022-11-04,char:221,0,0,,0,0,,,54,,일부,96,3,J2,,확정,char:221,,갓데스 스쿼드의 레드 후드와 라피 안의 '레드 후드'(시크릿 바디)는 어떤 관계인가?
Q83,의문,17,2022-11-04,char:221,0,0,,0,0,,,19,133,풀림,133,3,J5,,확정,char:221,,"갓데스 스쿼드의 지휘관은 누구이고, 방주로 피난한 뒤 어떻게 되었나?"
Q84,의문,17,2022-11-04,char:221,0,0,,0,0,,,19,36,풀림,36,3,J6,,확정,char:221,회수 먼저,갓데스 스쿼드의 리더 릴리스와 도로시는 지금 어떻게 되었나?
Q85,의문,17,2022-11-04,char:130,0,0,,0,0,,,40,,일부,40,2,J14,,확정,char:130,,"인간 메어리에게 동의 없는 뇌로 니케를 만들자고 한 '한 무리의 사람들'은 누구이고, D에게 입막음을 시킨 '위'는 누구인가?"
Q86,의문,17,2022-11-04,char:12,2,1,6,0,1,,,98,,일부,115,5,J3,person:지휘관,확정,char:12,,"지휘관은 왜 방주 출생 · 사관학교 졸업 말고는 기억이 흐릿한가 — 기억 상실인가 기억 소거인가, 입원은 무엇 때문이었나?"
Q87,의문,17,2022-11-04,char:241,0,0,,0,0,,,,,열림,17,1,J42,incident:피사_돔_폭발_사고 org:라이프_토닉,확정,char:241,,"3년 전의 [피사 돔 폭발 사고]는 어떤 사고이고, 라이프 토닉 니케는 어떻게 그 사고를 일으켰나?"
Q88,의문,17,2022-11-04,char:231,0,0,,0,0,,,35,,일부,35,2,J29,person:이사벨 person:지휘관,확정,char:231,,"지휘관이 이사벨에게 [그것](엽서)을 준 것은 언제 어떤 만남이었고, 이사벨은 왜 그것으로 '구원'받았다고 하나?"
Q89,의문,17,2022-11-04,char:230,0,0,,0,0,,,128,,일부,128,2,J29,person:하란 place:방주,확정,char:230,,"하란이 말하는 배신 — 과거의 마녀들과 현재의 니케들이 포식자의 신뢰를 버린 일 — 은 무엇이고, 하란은 왜 방주를 다시 가고 싶지 않은 '구정물'이라 하나?"
Q90,의문,17,2022-11-04,char:222,1,0,55,0,0,,,55,59,풀림,59,4,J30,person:홍련,확정,char:222,회수 먼저,"홍련은 전멸한 근접전용 스쿼드의 유일한 생존자인가 — 홍련이 검을 휘둘러야 하는 '약속, 아니 저주'는 누구와의 무엇인가?"
Q91,의문,17,2022-11-04,char:120,0,0,,0,0,,,,,열림,17,1,J43,person:N102,확정,char:120,,"앤(N102)의 기억을 매일 지우고 수첩을 써 주던 '무서운 선생님'(???)은 누구이고, 왜 앤을 지휘관에게 넘겼나?"
Q92,의문,18,2022-11-10,event_nocallerid,1,0,18,0,0,,,,,열림,18,1,J44,place:해피_판타지_랜드 person:엔더슨,확정,,,수십 년 전 멈춘 테마파크에서 대관람차만 돌아가고 광고 음성이 방주에 닿게 한 '뭔가의 개입'은 무엇인가 — 누가 지휘관 일행을 그곳으로 불렀나?
Q93,의문,18,2022-11-10,event_nocallerid,0,0,,0,0,,,,,열림,18,1,J44,person:라피,확정,,,"랩쳐 발자국도 시체도 없이 인간용 화기의 탄피만 남은 지상 마을에서 무슨 일이 있었고, 잠긴 건물 안쪽 문 뒤에서 라피가 본 것은 무엇인가?"
Q94,의문,19,2022-11-24,ch17,0,0,,0,0,,,,,열림,19,1,J20,,확정,ch17,,갓데스가 지상에서 다시 만나 [파이오니아]라는 이름을 받은 '두 분'은 누구인가?
Q95,의문,19,2022-11-24,ch17,1,0,55,0,0,,,,,열림,55,2,J6,,확정,ch17,,"갓데스가 1차 침공 전쟁에서 함께 한 약속은 무엇이고, 그것을 지키지 못한 라푼젤이 속죄로 해야 한다는 일은 무엇인가?"
Q96,의문,16,2022-11-04,sub:제니퍼f_00,0,0,,0,0,,,138,,일부,138,2,J45,,확정,,,방주 아동 보호 센터는 정말 아이들을 가둬 두고 성인이 되면 강제로 뇌를 기증시켜 니케로 만드는가 — 제니퍼의 계정은 왜 곧바로 이용 제한되었나?
Q97,의문,20,2022-11-24,ch18,0,0,,0,1,,,43,,일부,44,3,J21,,확정,ch18,,"크로우가 유니와 함께 방주에 짜려는 '거대한 감옥'은 무엇이고, 크로우가 예고한 '화려한 불꽃놀이'는 어떻게 찾아오나?"
Q98,의문,20,2022-11-24,ch18,0,0,,0,0,,,133,,일부,133,2,J5,,확정,ch18,,"엔더슨은 언체인드 연구소를 어떻게 알고 있으며, 왜 그곳을 '사지'라 하나?"
Q99,의문,20,2022-11-24,sub:중앙_정부_공식__02,2,2,6,0,0,,,,,열림,20,3,J36,,확정,,,제인 밀러는 왜 누군가 자기(지휘관)를 니케로 만들 것이라 믿고 목숨까지 걸며 방주로 돌아가기를 거부하나?
Q100,의문,21,2022-12-08,event_miraclesnow1,1,0,21,0,0,,,,,열림,21,1,J43,,확정,event_miraclesnow1,,"앤의 기억이 눈 내리는 2주 동안만 이어지고, 그 기억이 NIMPH와 하나가 되어 블랙박스로 남은 까닭은 무엇인가?"
Q101,의문,23,2022-12-29,event_brandnewyear,0,0,,0,0,,,,,열림,23,1,J46,person:버닝엄,확정,event_brandnewyear,,"새해에 방주가 사람 하나 없는 지상 좌표로 올려 보내 쌓아 둔 물품 상자들은 무엇이고, 누구를 위한 것인가?"
Q102,의문,23,2022-12-29,event_brandnewyear,1,1,2,0,0,,,,,열림,23,2,J1,person:마리안 org:바이스리터,확정,event_brandnewyear,,"지상 바다 언덕에서 지휘관이 본 형체는 정말 마리안이었나 — 백기사에게 맡겨진 마리안이 왜 그곳에 있었고, 붕대를 남기고 사라졌나?"
Q103,의문,24,2023-01-01,char:260,0,0,,0,0,,,,,열림,24,1,J9,concept:니케 concept:랩쳐 person:마리안,확정,char:260,,니케의 구성물과 랩쳐의 구성물은 왜 서로의 빈 곳을 메우듯 완벽하게 융합되나 — 에테르의 말처럼 처음부터 그렇게 만들어진 것인가?
Q104,의문,25,2023-01-12,ch19,0,0,,0,0,,,,133,풀림,133,2,J4,concept:언체인드,확정,ch19,,언체인드의 원료가 된 Rh X(가칭) 혈액형 보유자 1인은 누구인가 — 갓데스의 지휘관인가?
Q105,의문,25,2023-01-12,ch19,0,0,,0,1,,,36,,일부,54,3,J7,person:도로시,확정,ch19,회수 먼저,"에덴의 도로시는 누구인가 — 지휘관의 기적을 전해 준 도로시의 '옛 친구들'은 누구이고, 도로시는 갓데스의 도로시인가?"
Q106,의문,25,2023-01-12,ch19,0,0,,0,0,,,,,열림,25,1,J7,person:도로시 person:세실,확정,ch19,,지휘관 일행이 에덴에 오게 된 것은 도로시가 꾸민 일인가 — 세실이 말한 '도로시의 장난'은 무엇인가?
Q107,의문,25,2023-01-12,ch19,0,0,,0,1,,,113,,일부,113,2,J8,place:방주,확정,ch19,,방주 고위 간부들은 지상의 인간 거주지(실낙원)를 옛날부터 알면서 왜 '지상 생존자 0명'이라고 발표했나?
Q108,의문,26,2023-01-12,sub:데이파라_00,0,0,,0,0,,,36,124,풀림,124,4,J32,org:구원의_성화 person:데이파라,확정,,,"구원의 성화 신도들은 지상의 제단에서 왜 저항도 없이 편안한 얼굴로 죽었고, 그 자리에 없던 데이파라의 엄마는 어디에 있나?"
Q109,의문,25,2023-01-12,relic:데일리아크기사스크랩,0,0,,0,0,,,26,,일부,128,3,J8,person:샛별 person:마일즈,확정,relic:데일리아크기사스크랩,,"2차 지상 탈환전의 영웅 [샛별]은 누구이고, 73호기 엘리베이터 랩쳐 침략의 책임은 정말 샛별에게 있었나 — 마일즈 부사령관이 망친 것을 수습했다는 말은 사실인가?"
Q110,의문,26,2023-01-12,ch20,0,0,,0,2,,,128,,일부,128,3,J3,person:지휘관 person:니힐리스타 person:토커티브,확정,ch20,,"토커티브가 말한, 지휘관의 몸을 열면 나온다는 니힐리스타가 원하는 것 — 지휘관을 [블랙박스]라 부르게 한 것 — 은 무엇인가?"
Q111,의문,26,2023-01-12,ch20,0,0,,0,1,,,32,,일부,36,3,J13,concept:릴리스의_바디 person:퀸 person:릴리스,확정,ch20,,"퀸의 전신이자 지상에 남은 유일한 미련이라는 [릴리스의 바디]는 무엇이고, 갓데스의 릴리스와 어떤 관계인가?"
Q112,의문,26,2023-01-12,ch20,0,0,,0,0,,,35,,일부,35,2,J8,person:요한 person:샛별 place:에덴,확정,ch20,,"방주의 영웅 샛별이었던 요한은 방주에서 무슨 일을 당했고, 어떻게 방주를 떠나 에덴의 지휘관이 되었나?"
Q113,의문,26,2023-01-12,relic:jonathan_report,0,0,,0,0,,,,,열림,26,1,J8,place:에덴,확정,,,"조나단 크로스가 본, 불빛이 켜졌다가 사라지고 다시 나타난 지상의 '낙원'은 에덴이었나 — 조나단은 끝내 어떻게 되었나?"
Q114,의문,26,2023-01-12,event_doutsiders,1,1,17,0,0,,,,,열림,26,2,J14,place:아우터_림 person:조셉,확정,event_doutsiders,,조셉의 말대로 중앙 정부는 아우터 림의 갱 전쟁을 부추겨 거둔 시체를 어떤 '알 수 없는 실험'에 쓰는가?
Q115,의문,32,2023-03-30,event_cherryblossom,0,0,,0,0,,,144,,일부,144,2,J24,,확정,event_cherryblossom,,"3대 기업이 생긴 지상 시절부터 지금까지 한 번도 바뀌지 않았다는 테트라 CEO 머스탱은 어떻게 그토록 오래 CEO로 있으며, 갓데스를 '나의 Goddess들'이라 부르는 까닭은 무엇인가?"
Q116,의문,32,2023-03-30,char:261,0,0,,0,0,,,,,열림,32,1,J9,,확정,char:261,,"니케와 헬레틱이 똑같이 인간의 이해를 넘어선 미지의 공정으로 만들어진다면, 인간이 랩쳐의 기술을 베낀 것인가 랩쳐가 인간의 기술을 베낀 것인가 — 무엇이 둘을 가르나?"
Q117,의문,32,2023-03-30,char:282,0,0,,0,0,,,,,열림,32,1,J47,,확정,,,세이메이카이의 속사정을 알고 지휘관에게 익명 문자로 잠입 · 중재를 부탁한 키츠네는 누구인가?
Q118,의문,35,2023-04-27,ch21,0,0,,0,0,,,128,,일부,128,2,J8,,확정,ch21,,"60년 가까운 과거에 2차 지상 탈환전에 참전하고 공식 기록상 탈주 중 사살된 샛별 요한은, 인간인데도 어떻게 살아남아 지금의 젊은 외형을 하고 있나?"
Q119,의문,35,2023-04-27,ch21,0,0,,0,0,,,,,열림,35,1,J8,,확정,ch21,,에덴이 2차 탈환전의 거대 대공포를 앵커 발사 장치로 개조해 원래 끌어내리려던 것은 무엇인가?
Q120,의문,35,2023-04-27,ch21,0,0,,0,0,,,36,,일부,36,2,J7,,확정,ch21,회수 먼저,도로시는 왜 에덴의 모든 것을 대가로 걸고 귀빈으로 방주에 가려 하나 — 도로시가 파피용과 카운터스에게 원하는 '침묵과 비밀'은 무엇인가?
Q121,의문,35,2023-04-27,ch21,0,0,,0,0,,,,36,풀림,36,2,J21,,확정,ch21,,방주와 연락이 끊긴 사이 랩쳐는 어떻게 방주 안에 나타났나 — 방주에 무슨 일이 일어났나?
Q122,의문,35,2023-04-27,sub:에덴_Notice_02,0,0,,0,0,,,118,,일부,128,5,J8,,확정,sub:에덴_Notice_02,,에덴이 '미끼이자 창'이라는 것은 무엇이고 무엇을 향해 쏘려는 것인가 — 라피가 신경 쓴 에덴 최상부의 모습은 무엇을 닮았나?
Q123,의문,35,2023-04-27,relic:특이랩쳐보고서-후,0,0,,0,0,,,,,열림,35,1,J9,,확정,,,무언가를 먹고 웃으며 모습이 바뀐 1세대 랩쳐는 무엇이 되었나 — 랩쳐는 먹어서 동력만 채우는 것이 아니라 변할 수도 있나?
Q124,의문,36,2023-04-27,ch22,0,0,,0,0,,,43,,일부,43,2,J21,org:이그조틱 person:바이퍼 person:JohnD org:엔터_헤븐,확정,ch22,,"이그조틱(바이퍼)은 왜 언더월드 퀸과 엔터 헤븐을 속여 코인 러시를 털게 하고, E.H.의 굴착용 폭탄은 누가 [JohnD]를 띄워 지상에서 터뜨렸나 — 방주에 구멍을 낸 것이 이그조틱의 목적이었나?"
Q125,의문,36,2023-04-27,ch22,0,0,,0,0,,,140,140,풀림,140,2,J21,person:E.H. person:잉그리드 org:익스터너 org:엘리시온,확정,ch22,,"E.H.는 왜 '엘리시온 하퍼'라는 이름을 버렸고, 잉그리드와 익스터너를 어떻게 아나 — '결국 완성했구나, 잉그리드'는 무슨 뜻인가?"
Q126,의문,36,2023-04-27,ch22,0,0,,0,0,,,,44,풀림,44,2,J15,person:니힐리스타 person:토커티브 person:인디빌리아,확정,ch22,,니힐리스타가 방주 안에서 느낀 토커티브와 인디빌리아는 무엇이고 방주 어디에 있나?
Q127,의문,36,2023-04-27,sub:할아범_01,0,0,,0,0,,,143,,일부,143,2,J19,org:중앙_정부 place:방주,확정,sub:할아범_01,,"방주 납골당의 유골함에 뼛가루 대신 든 매끄럽고 단단한 것은 무엇이고, 화장을 맡은 중앙 정부는 시신을 실제로 어떻게 하나?"
Q128,의문,36,2023-04-27,event_overzone,0,0,,0,0,,,55,128,풀림,128,3,J16,place:방주 person:도로시,확정,event_overzone,회수 먼저,"방주가 관리 A.I.를 위험하다고 보아 방주의 두뇌들을 포섭하며 비밀리에 준비한 '카운터'는 무엇이고, 도로시가 지상으로 끌어올리려던 '방주 최고의 두뇌'는 누구인가?"
Q129,의문,36,2023-04-27,event_overzone,0,0,,0,0,,,55,,일부,144,4,J6,person:오스왈드 person:도로시,확정,event_overzone,,"도로시가 그와 가족 · 후손까지 가장 고통스럽게 죽이겠다고 한 방주 밀봉 총책임자 오스왈드는 누구이고, 그 뒤 어떻게 되었나?"
Q130,의문,36,2023-04-27,event_overzone,1,0,36,0,0,,,154,,일부,154,2,J20,person:라푼젤,확정,event_overzone,,무덤에서 솟아 라푼젤의 로사리오로 들어간 황금색 입자 — 먼저 떠난 이들의 기억 — 는 무엇인가?
Q131,의문,36,2023-04-27,erelic:white_memory,0,0,,0,0,,,,133,풀림,133,2,J5,,확정,erelic:white_memory,,릴리스의 관 근처에 떨어져 있던 군번줄의 주인 — 릴리스와 서로 사랑한 '그' — 는 누구인가?
Q132,의문,36,2023-04-27,erelic:white_memory,0,0,,0,0,,,126,128,풀림,128,3,J13,,확정,erelic:white_memory,,릴리스의 관에서 사라진 머리는 누가 가져갔고 어디로 갔나?
Q133,의문,37,2023-05-18,char:270,0,0,,0,1,,,,,열림,86,2,J48,,확정,char:270,,"블랑이 스킨십으로 나눠 주는 행운은 무엇이고, 지휘관과 나눌 때만 블랑의 스태미나가 크게 떨어지는 까닭은 무엇인가 — 반쪽인 누아르와 관계있나?"
Q134,의문,39,2023-06-01,char:280,0,0,,0,0,,,,,열림,39,1,J49,person:로산나,확정,char:280,,로산나의 부친 — 배드 드림의 여자와 사이에 로산나를 낳고 떠난 무책임한 로열 남자 — 은 누구인가?
Q135,의문,40,2023-06-15,event_bluewaterisland,0,0,,0,0,,,,45,풀림,45,2,J50,place:블루워터_아일랜드 concept:랩쳐,확정,event_bluewaterisland,,"블루워터 아일랜드 해저에서 움직이는 건물 몇 채만 한 거대 물체는 무엇인가 — 100년 넘게 보고되지 않은 해상 랩쳐인가, 구시대 해군의 장치인가?"
Q136,의문,43,2023-07-20,ch23,0,0,,0,0,,,54,,일부,54,2,J5,,확정,ch23,,엔더슨은 CH.22의 침공 때 무슨 일로 움직일 수 없을 만큼 다쳤나?
Q137,의문,43,2023-07-20,ch23,0,0,,0,0,,,44,,일부,44,2,J7,,확정,ch23,,"버닝엄은 왜 도로시를 방주에 초대했고, 헬레틱이 방주에 들어온 때 도로시가 '짜고 친 것처럼' 완벽한 때에 나타난 것은 우연인가?"
Q138,의문,43,2023-07-20,ch23,0,0,,0,0,,,,,열림,43,1,J6,,확정,ch23,,갓데스 스쿼드의 정보를 방주에 적극적으로 퍼뜨리다 죽어 이름조차 잊힌 이는 누구인가?
Q139,의문,43,2023-07-20,ch23,0,0,,0,0,,,,44,풀림,44,2,J21,,확정,ch23,,크로우는 부상자를 싣고 미실리스 의료 센터로 가는 AZX에 타서 무엇을 하려 하나?
Q140,의문,43,2023-07-20,ch23,0,0,,0,0,,,,44,풀림,44,2,J23,,확정,ch23,,유니는 지휘관에게서 빼앗은 언체인드로 무엇을 하려 하나 — 누구에게 어떤 복수를 하려는가?
Q141,의문,43,2023-07-20,ch23,0,0,,0,0,,,54,138,풀림,138,5,J16,,확정,ch23,회수 먼저,버닝엄이 '애초에 잉크와 합쳤어야 했어. 카운터는 무슨…'이라 한 잉크와 카운터는 무엇인가?
Q142,의문,43,2023-07-20,relic:필그림조우보고서,0,0,,0,0,,,,,열림,43,1,J12,,확정,,,"지상에서 큰 관을 짊어지고 다니다 빛과 함께 사라진, 니케인지 랩쳐인지 모를 존재는 누구인가?"
Q143,의문,44,2023-07-20,ch24,2,1,35,0,0,,,,,열림,44,2,J21,person:크로우 concept:NIMPH,확정,ch24,,크로우는 어떻게 NIMPH가 정상 작동하는데도 인간을 쏘고 테러를 저지를 수 있었나 — 정말 NIMPH를 자기 뜻대로 제어하나?
Q144,의문,44,2023-07-20,ch24,0,0,,0,1,,,,,열림,54,2,J16,person:에닉 concept:니케,확정,ch24,,에닉이 헬레틱 재진입에 대비해 직접 설계 · 운용하겠다는 '압도적인 물리력'의 니케 두 기는 어떤 니케인가?
Q145,의문,44,2023-07-20,ch24,0,0,,0,0,,,55,96,풀림,96,3,J2,person:잉그리드 person:라피 person:레드_후드,확정,ch24,,"잉그리드가 방주가 뒤집힐 수 있는 일급기밀이라 말하지 못한, 지휘관이 '여러 의미로' 라피를 되찾아야 하는 까닭은 무엇인가?"
Q146,의문,44,2023-07-20,event_goldenship,0,0,,0,0,,,,,열림,44,1,J51,person:마스트,확정,,,지상 바다의 해무 속을 유영하다 사라진 거대한 함선의 황금빛 그림자는 무엇인가 — 정말 캡틴 앨리게이터의 황금 배인가?
Q147,의문,45,2023-08-03,event_seayouagain1,2,1,18,0,2,,,,,열림,45,2,J50,place:어드마이어_호 person:헬름 org:이지스,확정,event_seayouagain1,,"바닷속에 가라앉던 헬름을 '이지스 스쿼드의 리더'라 부르며 깨운 목소리와, 한 발뿐이던 이지스 캐논을 저절로 200%까지 충전한 힘은 무엇인가 — 스스로를 이지스 스쿼드의 네 번째 멤버라 말하는 어드마이어 호에게 의지가 있나?"
Q148,의문,53,2023-10-19,event_freezeacpu,1,0,53,0,0,,,,,열림,53,1,J3,person:키리 person:지휘관,확정,event_freezeacpu,,흐릿하게만 보는 키리의 눈에 왜 지휘관과 — 할로윈에 사탕을 준 분장한 여자와 그 사탕만 — 선명하게 보이나?
Q149,의문,54,2023-11-02,ch25,0,0,,0,0,,,133,,일부,133,2,J5,,확정,ch25,,엔더슨은 어쩌다 생명유지 장치 없이는 살 수 없는 몸이 되었나?
Q150,의문,54,2023-11-02,ch25,2,1,44,0,0,,,55,,일부,138,7,J7,,확정,ch25,,"도로시가 방주에서 한 일 · 준비하는 것은 무엇이고, 정말 '거짓된 낙원' 방주를 파멸시키려 하나?"
Q151,의문,54,2023-11-02,ch25,1,1,44,0,0,,,55,,일부,55,3,J2,,확정,ch25,,"도로시가 알던 레드 후드는 죽었다는데 어떻게 라피 안에 있다가 라피의 몸으로 살아 있고, 도로시는 왜 그녀를 끌어안았다가 '누구냐'며 물러났나?"
Q152,의문,54,2023-11-02,relic:마더웨일아종목격보고.wav,0,0,,0,0,,,,65,풀림,65,2,J26,,확정,relic:마더웨일아종목격보고.wav,,색과 형태가 다른 마더 웨일 '아종'과 거기서 내려 보고자를 쳐다본 어설프고 작은 랩쳐는 무엇인가?
Q153,의문,55,2023-11-02,ch26,0,0,,0,0,,,,,열림,55,1,J20,,확정,ch26,,"스노우 화이트 일행이 마리안을 백기사에게 맡기고 좇는, '그토록 찾아 헤매던 반격의 실마리'는 무엇인가?"
Q154,의문,55,2023-11-02,ch26,0,0,,0,0,,,,,열림,55,1,J22,,확정,ch26,,슈엔이 속으로 힘을 가질 절호의 기회라며 '언젠가는 반드시… 마리안을'이라 한 것은 마리안을 어떻게 하려는 것인가?
Q155,의문,55,2023-11-02,ch26,0,0,,0,0,,,65,,일부,65,2,J26,,확정,ch26,,"랩쳐 무리를 쓸어버리고 탈환지에 내려앉은 신형 마더 웨일은 무엇이고, 그 순간 지휘관에게 온 문자는 누가 보냈나?"
Q156,의문,55,2023-11-02,relic:저주받은보석,0,0,,0,0,,,65,,일부,65,2,J11,,확정,,,"특이 랩쳐에 박혀 있던 수정은 무엇이고, 어떻게 니케들을 갑자기 죽이고 몸 안을 수정으로 채워 다시 일으켰나?"
Q157,의문,55,2023-11-02,event_redash,2,0,55,0,0,,,96,,일부,96,2,J2,person:레드_후드 concept:침식,확정,event_redash,,"레드 후드는 어떻게 민가에서 30년 동안 잠들었다 깨어났고, 그사이 침식(두통)은 어떻게 된 것인가?"
Q158,의문,55,2023-11-02,event_redash,0,0,,0,0,,,,,열림,55,1,J9,concept:랩쳐 concept:침식,확정,event_redash,,이미 이기고 있는 랩쳐는 왜 침식 · 니케와의 융합 같은 짓을 하나 — 라푼젤 · 도로시의 말처럼 인류를 가지고 노는 것인가?
Q159,의문,55,2023-11-02,erelic:red_ash_lost,0,0,,0,0,,,,133,풀림,133,2,J6,person:릴리바이스 org:갓데스,확정,erelic:red_ash_lost,,"상부가 지휘관과 릴리스만 불러야 했던 ‘별것 아닌 이유가 아닌’ 사정은 무엇이고, 영상 메시지 끝에 릴리스에게 무슨 일이 일어났나?"
Q160,의문,55,2023-11-02,erelic:red_ash_mini,0,0,,0,0,,,,,열림,55,1,J16,,확정,erelic:red_ash_mini,,"카운터로 개발되던 이름 없는 A.I.(???)는 누구인가 — 시뮬레이션 룸의 잉크인가, 모체가 될 재료는 무엇이고 남긴 선물은 무엇인가?"
Q161,의문,62,2024-01-25,event_dirtybackyard,1,0,62,0,1,,,73,,일부,143,7,J17,person:식스오 place:블랙넷 person:목단,확정,event_dirtybackyard,,"블랙넷의 마스터일지도 모른다는 식스오는 누구이고, 어디에 숨어 무엇을 노리나 — 왜 굳이 목단에게 누명을 씌웠나?"
Q162,의문,62,2024-01-25,event_dirtybackyard,0,0,,0,0,,,,,열림,62,1,J17,person:슈가 person:식스오 place:아우터_림,확정,event_dirtybackyard,,"슈가가 예전에 몸담은 '다른 스쿼드'는 무엇이고, 슈가가 식스오의 일을 하다 일으킨 '큰일' — 목단이 말한, 뿌리 뽑지 않아 일대가 작살난 아우터 림의 비슷한 일 — 은 무엇이었나?"
Q163,의문,65,2024-02-22,ch27,1,0,66,0,1,,,80,,일부,80,4,J11,place:수정_지역 person:일레그,확정,ch27,,"일레그의 말대로 수정 지역의 수정이 자연 발생이 아니라면, 누가 어떤 목적으로 풀어놓았나?"
Q164,의문,65,2024-02-22,ch27,2,0,65,0,0,,,,73,풀림,73,2,J17,person:리버린 person:라피 person:아니스,확정,ch27,,"리버린이 노리는 '기회'는 무엇인가 — 기념일도 없는데 밤에 상대한 '고객님들'은 누구이고, 왜 대인전 · 정보가 퍼지는 것을 신경 쓰며 탐색을 계속하자고 하나?"
Q165,의문,65,2024-02-22,ch27,0,0,,0,0,,,127,137,풀림,137,3,J18,person:네온 person:일레그,확정,ch27,,"네온의 안경 — 뉴 매터 프레임 · 처음 보는 고성능 디스플레이 · 엄청난 OS 용량 — 은 무엇이고, 네온은 그것을 어떻게 갖게 되었나?"
Q166,의문,65,2024-02-22,ch27,0,0,,0,0,,,66,,일부,66,2,J11,place:수정_지역 concept:랩쳐,확정,ch27,,"수정에 잠식된 구 도심에서는 무슨 일이 일어났고, 랩쳐 무리를 그 좁은 길로 도망치게 한 것은 무엇인가?"
Q167,의문,65,2024-02-22,sub:피라_02,0,0,,0,0,,,65,,일부,65,2,J2,person:레드_후드 place:탈환지_01,확정,sub:피라_02,회수 먼저,"레드 후드의 고향에서 '아지트에서 기다리겠다'며 편지를 남긴 친구는 누구이고 — 고향에 남은 건 자기 몸뚱이 하나, '여기 누워서' 보겠다던 그는 — 어떻게 되었나?"
Q168,의문,65,2024-02-22,sub:피라_02,1,1,55,0,0,,,91,,일부,91,3,J2,person:라피 person:레드_후드,확정,sub:피라_02,,그네 위의 라피 뒤에서 '그치? 끝내주지?'라 한 목소리는 레드 후드였나 — 완전히 떠났다던 레드 후드가 아직 라피 곁이나 안에 남아 있나?
Q169,의문,66,2024-02-22,ch28,0,0,,0,0,,,,81,풀림,81,2,J12,place:수정_지역 person:라피,확정,ch28,,"오래된 의료 기계들에 둘러싸인 거대한 수정 안의 니케 같은 그림자는 누구이고, 그곳에서 무엇을 하고 있었나 — 라피는 왜 그것을 부숴야 한다고 느꼈나?"
Q170,의문,66,2024-02-22,ch28,0,0,,0,0,,,73,81,풀림,81,5,J12,person:언노운 item:세븐스_드워프 person:스노우_화이트,확정,ch28,,"관을 메고 다니며 '세븐스 드워프'를 쓰는 언노운은 누구인가 — 왜 스노우 화이트의 무장 이름을 쓰고, 그가 말한 '약속을 지키지 않은' 인간의 배신은 무엇인가?"
Q171,의문,66,2024-02-22,ch28,1,1,65,0,1,,,66,96,풀림,96,5,J19,place:방주 person:일레그,확정,ch28,회수 먼저,발전소가 하나도 없는 방주의 에너지는 어디서 오나 — 알면 방주에 살고 싶지 않을 것이라는 일레그의 '정답'은 무엇인가?
Q172,의문,66,2024-02-22,ch28,0,0,,0,0,,,72,,일부,72,2,J11,place:수정_지역 person:일레그,확정,ch28,,"수정 덩어리 안에서 일레그가 보고 놀란 것은 무엇이고, 수정 덩어리가 셋을 싣고 내려간 땅 밑 엘리베이터는 어디로 이어지나?"
Q173,의문,54,2023-11-02,sub:택틱컬틱택_01,0,0,,0,0,,,,,열림,54,1,J25,person:잉그리드,확정,sub:택틱컬틱택_01,,"잉그리드가 너무나 싫어했다는, 대를 위해 소를 희생하는 방식의 '부친'은 누구이고 어떤 선택들을 했나?"
Q174,의문,66,2024-02-22,sub:핸섬_커맨더_00,0,0,,0,0,,,,66,풀림,66,2,J52,person:이안_맥스 place:수정_지역,확정,sub:핸섬_커맨더_00,,AREA F-031에서 오래전에 죽은 지휘관 핸슨의 시체는 왜 썩지 않고 살이 쪄(부풀어) 있었나?
Q175,의문,66,2024-02-22,sub:MMR지킴이_00,0,0,,0,0,,,,,열림,66,1,J52,person:에테르 place:수정_지역,확정,sub:MMR지킴이_00,,"인간을 점액질로 망가뜨려 미끼로 던져 두는 — 에테르가 상상한 '랩쳐를 잡아먹는 뭔가'는 정말 있나, 벽이 녹은 구멍을 낸 것은 무엇인가?"
Q176,의문,66,2024-02-22,event_boomsday,0,0,,0,1,,,,,열림,74,2,J19,concept:방주_동력원,확정,event_boomsday,,방주의 동력원은 왜 갑자기 평소의 두 배 전력을 만들어 폭주했나 — 또 폭주할 수 있나?
Q177,의문,67,2024-03-07,event_killthelord,1,0,67,0,0,,,,,열림,67,1,J17,concept:미스트 person:식스오 org:화양연화,확정,event_killthelord,,"미스트로 만든 환각 디퓨저는 누가 만들어 카밀라의 모임에 퍼뜨렸나 — 식스오의 짓인가, 무엇을 노렸나?"
Q178,의문,71,2024-04-11,side:second_affection,1,0,71,0,0,,,73,,일부,73,2,J1,person:마리안,확정,side:second_affection,,마리안을 데리고 다닌 2주 동안 랩쳐가 덤비지 않은 것은 마리안의 무엇 때문인가?
Q179,의문,71,2024-04-11,side:second_affection,0,0,,0,0,,,,73,풀림,73,2,J28,person:크라운 concept:에블라_입자,확정,side:second_affection,,크라운은 왜 에블라 입자 농도가 짙어지면 앓아눕나 — 차임이 비밀로 하는 크라운의 몸의 사정은 무엇인가?
Q180,의문,71,2024-04-11,side:second_affection,0,0,,0,0,,,,,열림,71,1,J1,person:마리안,확정,side:second_affection,,서로 지키는 마음을 깨달은 마리안의 몸에서 검은 빛이 일렁이며 일어난 변화는 무엇인가 — 거대화와 무엇이 다른가?
Q181,의문,72,2024-04-25,ch29,0,0,,0,0,,,73,,일부,73,2,J11,,확정,ch29,,"수정 덩어리들이 모은 막대한 전기를 한 곳에 모아 에너지 라인으로 '저 너머' 보내는 것은 누구이고, 그 전기를 무엇에 쓰나?"
Q182,의문,72,2024-04-25,ch29,0,0,,0,0,,,,73,풀림,73,2,J17,,확정,ch29,,"리버린은 왜 필그림(언노운)의 사진에 집착하며 '살려면 어쩔 수 없다'고 하나 — 프레자일이 짐작하는 '큰일'은 무엇이고, 리버린을 겁먹게 한 상대는 누구인가?"
Q183,의문,72,2024-04-25,ch29,0,0,,0,1,,,73,,일부,73,2,J12,,확정,ch29,,"언노운이 목숨처럼 지키는 의료용 관(인큐베이터 · 콜드 슬립 장치로 보이는 것) 안에는 누가 있고, 언노운은 왜 '고마워'를 그리운 말이라 하나?"
Q184,의문,72,2024-04-25,relic:반드시사수하라,0,0,,0,0,,,,,열림,72,1,J11,,확정,,,"하모니 큐브를 지키던 부대 앞에 나타난 '굴삭기' 같은 것은 무엇이고, 그 부대를 '방주 후보군'이던 곳까지 데려간 '고래'는 무엇인가?"
Q185,의문,73,2024-04-25,ch30,0,0,,0,0,,,,,열림,73,1,J17,,확정,ch30,,리버린의 한 달 치 좌표 · 메시지 · 통화 · 구매 기록을 중앙 정부 데이터에서 지운 것은 누구인가 — 식스오가 그것까지 할 수 있나?
Q186,의문,73,2024-04-25,ch30,0,0,,0,0,,,,81,풀림,81,2,J12,,확정,ch30,,그레이브가 사명으로 '다시 쓴다'는 잊혀져 퇴색된 오래된 이야기는 무엇인가?
Q187,의문,73,2024-04-25,ch30,0,0,,0,0,,,,,열림,73,1,J17,,확정,ch30,,"구치소의 리버린에게 핸드폰을 넣어 메시지를 보낸 것은 누구이고, 무엇을 알렸나?"
Q188,의문,73,2024-04-25,event_lastkingdom1,0,0,,0,0,,,119,,일부,119,2,J1,,확정,event_lastkingdom1,,"토커티브가 말한, 마리안 안에서 이미 활성화되었을 '인자'와 거스를 수 없다는 '운명 · 숙명', 그리고 토커티브가 기다리는 '때'는 무엇인가?"
Q189,의문,73,2024-04-25,event_lastkingdom1,1,0,73,0,0,,,119,,일부,119,2,J1,,확정,event_lastkingdom1,,헬레틱들은 왜 마리안 앞에 본능적으로 무릎 꿇고 '여왕님'이라 불렀나 — 헬레틱이 느끼지 못하는 마리안은 '가짜'인가 '다른 무언가'인가?
Q190,의문,73,2024-04-25,event_lastkingdom1,3,1,44,0,0,,,,,열림,73,2,J15,,확정,event_lastkingdom1,,토커티브가 유사 인간들에게 빼앗겼다는 사명 · 긍지 · 자리와 꿈은 무엇인가 — 토커티브는 원래 무엇이었나?
Q191,의문,73,2024-04-25,event_lastkingdom1,0,0,,0,0,,,,,열림,73,1,J28,,확정,event_lastkingdom1,,"크라운은 원래 어느 스쿼드의 니케였고, 지휘관 · 동료가 모두 죽은 뒤 왜 홀로 하이퍼 푸드 창고를 지키고 있었나?"
Q192,의문,73,2024-04-25,event_lastkingdom1,0,0,,0,0,,,,,열림,73,1,J20,,확정,event_lastkingdom1,,나유타가 필그림을 소집하며 발견했다는 '큰 것'은 무엇인가 — 퀸의 단서인가?
Q193,의문,73,2024-04-25,char:330,2,0,73,0,1,,,,,열림,128,3,J28,,확정,char:330,,차임은 방주에 있었던 적이 있나 — 크라운이 말을 막은 차임의 과거는 무엇인가?
Q194,의문,74,2024-05-16,event_darkhero,0,0,,0,0,,,,,열림,74,1,J19,,확정,event_darkhero,,일레그 · 트로니가 방주 동력원을 안다는 것을 눈치채고 테러 혐의로 체포 · 폐기를 명한 '높은 사람' — 중앙 정부 고위 간부이자 M.M.R.의 높으신 분 — 은 누구인가?
Q195,의문,74,2024-05-16,event_darkhero,0,0,,0,0,,,,,열림,74,1,J19,,확정,event_darkhero,,"에테르가 말하다 삼킨, 일레그 · 트로니를 지켜보고 있다는 '더 귀찮은 세력'은 무엇인가?"
Q196,의문,74,2024-05-16,event_darkhero,0,0,,0,0,,,,94,풀림,94,2,J25,,확정,event_darkhero,,"임무 실패를 보고한 메이든은 어떻게 되었고, 왜 연락이 끊겼나?"
Q197,의문,77,2024-06-20,event_claymore,0,0,,0,0,,,,,열림,77,1,J53,,확정,event_claymore,,"옛날 맨손으로 랩쳐와 싸웠다는 니케는 누구이고, 클레이의 스쿼드에 그것이 가능한지 몸소 증명하게 한 것은 누구인가?"
Q198,의문,78,2024-07-04,event_beautyfullshot1,0,0,,0,0,,,96,,일부,96,2,J24,person:머스탱,확정,event_beautyfullshot1,,"머스탱이 '다시 일어나선 안 된다'며 든 방주 최초의 아이돌(Ark First Idol)은 누구이고, 왜 어떻게 죽었나?"
Q199,의문,80,2024-07-25,ch31,3,0,80,0,0,,,,128,풀림,128,4,J10,person:베히모스 person:지휘관,확정,ch31,,베히모스가 초면인 지휘관에게서 '받아 가야 할 게 있다'며 돌려 말하려 머뭇거린 것은 무엇인가?
Q200,의문,80,2024-07-25,ch31,0,0,,0,0,,,81,,일부,90,3,J10,org:포비스트 person:베히모스 person:아나키오르,확정,ch31,,"포비스트(헬레틱 넷)가 지금 하고 있다는 일은 무엇이고, 거기에 왜 대선배님(아나키오르)이 필요한가?"
Q201,의문,80,2024-07-25,relic:말뚝프로젝트보고서,0,0,,0,0,,,,,열림,80,1,J54,item:A_필러,확정,relic:말뚝프로젝트보고서,,구축에 실패한 사막 좌표(PBZ 188.83) 부근에서 뒤늦게 발생한 재구축 신호는 무엇인가?
Q202,의문,81,2024-07-25,ch32,0,0,,0,0,,,,,열림,81,1,J10,person:레비아탄 person:베히모스 org:포비스트,확정,ch32,,"레비아탄이 무슨 일이든 가장 먼저 일어날 것이라며 베히모스에게 지키게 한 '땅굴'은 무엇이고, 포비스트는 그곳에서 무엇을 대비하나?"
Q203,의문,81,2024-07-25,ch32,0,0,,0,0,,,126,,일부,126,2,J8,person:베히모스 place:에덴,확정,ch32,,베히모스는 에덴에 가서 무엇을 했나 — '인사 정도'란 무엇인가?
Q204,의문,81,2024-07-25,ch32,0,0,,0,0,,,90,91,풀림,91,4,J12,person:그레이브 person:신데렐라,확정,ch32,회수 먼저,"그레이브는 원래 누구였기에 깨어난 신데렐라가 부서진 얼굴만 보고 알아보고 '내 최고의 관객'이라 부르며, 100년 넘게 그녀를 지켜 왔나?"
Q205,의문,81,2024-07-25,ch32,0,0,,0,0,,,,91,풀림,91,2,J2,org:앱솔루트 person:잉그리드 person:은화,확정,ch32,,잉그리드가 준비했고 은화가 라피의 자리 때문에 미뤄 온 앱솔루트의 [택티컬 업] 플랜은 무엇인가?
Q206,의문,81,2024-07-25,sub:관짝이_02,0,0,,0,0,,,91,138,풀림,138,3,J2,person:스노우_화이트 item:세븐스_드워프,확정,sub:관짝이_02,,"스노우 화이트가 다른 무기 개발을 멈추고 비밀 공방에서 그것만 만들었다는 [어떤 무기]는 무엇이고, 공방에 함께 남은 테스트용 드릴은 어디에 쓰는 것인가?"
Q207,의문,81,2024-07-25,sub:거울_공주_01,0,0,,0,0,,,91,,일부,109,5,J12,person:헨젤 person:그레텔 person:세이렌 person:신데렐라,확정,sub:거울_공주_01,,"신데렐라와 같은 스쿼드였던 2세대 페어리 테일 니케들 — 헨젤 · 그레텔 · 세이렌 — 은 어떻게 되었고, 지금 어디에 있나?"
Q208,의문,82,2024-08-08,event_colorless,1,0,82,0,0,,,,,열림,82,1,J55,org:M.M.R. place:미미르_부속_고등학교,확정,event_colorless,,M.M.R.에 통합 P반의 [필드 트립]을 요청해 커리큘럼을 바꾸게 한 '손님들'은 누구인가?
Q209,의문,82,2024-08-08,event_colorless,0,0,,0,1,,,,,열림,82,1,J55,person:마르차나 person:에테르 place:미미르_부속_고등학교,확정,event_colorless,,"마르차나가 들고 오겠다는, 미미르 부속고(M.M.R.)를 '부술 열쇠'는 무엇인가?"
Q210,의문,83,2024-08-22,char:833,0,0,,0,0,,,,,열림,83,1,J55,person:미사토 person:아스카 person:레이 place:미미르_부속_고등학교,확정,,,"다른 세계에서 온 미사토 · 아스카 · 레이는 어떻게 방주에 와서 미미르 부속고의 임시 교사 · 학생(버디 팀)으로 지내게 되었고, 함께 상대한 '적'은 무엇인가?"
Q211,의문,87,2024-10-03,event_phantomthiefvsdetective,0,0,,0,0,,,,88,풀림,88,2,J56,person:팬텀,확정,event_phantomthiefvsdetective,,지휘관이 '아는 사람과 되게 닮았다'면서도 모른 척해 준 괴도 팬텀은 평소에 누구인가?
Q212,의문,88,2024-10-10,char:580,0,0,,0,0,,,,111,풀림,111,2,J56,person:팬텀 org:베스트셀러,확정,,,팬텀이 명령을 받고 옮긴 기밀 책을 넘기는 '사장님' — 베스트셀러 스쿼드의 상부 — 는 누구인가?
Q213,의문,89,2024-10-17,side:wordless,0,0,,0,1,,,109,,일부,151,4,J23,person:지엔 person:유니,확정,side:wordless,,대외 활동 없이 숨어 있는 슈엔의 이복 언니 지엔은 왜 유니의 처벌을 니케와 랩쳐를 융합하는 비밀 실험으로 이끌었나?
Q214,의문,90,2024-10-31,ch33,0,0,,0,0,,,,,열림,90,1,J8,person:세실 place:에덴 person:도로시,확정,ch33,,세실은 왜 연락이 닿지 않고 에덴은 도로시 건에도 움직임이 없나 — 에덴에 무슨 일이 있나?
Q215,의문,90,2024-10-31,ch33,0,0,,0,0,,,90,,일부,109,5,J10,org:포비스트 concept:헬레틱,확정,ch33,회수 먼저,"포비스트가 방주의 껍데기로 만들려는 [비장의 무기]는 무엇이고, 직계 헬레틱에게 당했다는 '예전 같은 꼴'은 무엇인가?"
Q216,의문,90,2024-10-31,ch33,0,0,,0,0,,,,91,풀림,91,2,J12,person:신데렐라 person:그레이브 person:레비아탄,확정,ch33,,레비아탄이 검은 웅덩이로 데려간 신데렐라와 그레이브는 어디로 갔고 어떻게 되나?
Q217,의문,91,2024-10-31,ch34,0,0,,0,0,,,,101,풀림,101,2,J24,person:아니스,확정,ch34,,방주에 돌아온 아니스가 따로 움직여 '마무리 지어야 할 일'은 무엇인가?
Q218,의문,91,2024-10-31,ch34,0,0,,0,1,,,101,,일부,102,3,J2,person:라피 person:레드_후드,확정,ch34,,"베히모스를 꿰뚫은 라피의 '변신'은 무엇이고, NIMPH가 없는 라피의 정신 공간에 레드 후드는 어떻게 나타나 레비아탄을 튕겨 냈나?"
Q219,의문,91,2024-10-31,event_oldtales1,0,0,,0,0,,,101,,일부,101,2,J12,,확정,event_oldtales1,,"홀로 궤도 엘리베이터 스테이션에 닿은 신데렐라는 퀸과 어떻게 싸웠고 무엇을 이루었기에 랩쳐 카운트가 무한이 아닌 숫자를 보이게 되었으며, 어쩌다 지상 크레이터에 떨어져 잠들었나?"
Q220,의문,91,2024-10-31,event_oldtales1,0,0,,0,0,,,,91,풀림,91,2,J12,,확정,event_oldtales1,,침식된 신데렐라에게 말을 걸어 '퀸을 위해'로 이끈 인격 같은 목소리(미러)는 무엇인가 — 레드 슈즈가 심은 인격 데이터가 랩쳐 손에서 진화한 것인가?
Q221,의문,91,2024-10-31,event_oldtales1,0,0,,0,0,,,,,열림,91,1,J12,,확정,event_oldtales1,,"방주 밀봉 10여 년 뒤 지상에서 에이브를 붙잡아 1년 동안 열어 보고 몰래 엘리베이터로 올려보낸 연구원들은 누구이고, 왜 지상에 있었나?"
Q222,의문,91,2024-10-31,erelic:old_tales_mini_memory,1,1,81,0,0,,,,,열림,91,2,J12,,확정,erelic:old_tales_mini_memory,,유리 구두에 담긴 신데렐라의 푸른 눈을 깨워 붉은 눈이 더는 빛나지 않게 할 [왕자님]은 누구인가?
Q223,의문,96,2024-12-26,event_footstepwalkrun1,0,0,,0,0,,,118,,일부,118,2,J18,person:D.E.E.P. person:라피 person:레드_후드 item:초거대_코어,확정,event_footstepwalkrun1,,"D.E.E.P.('우리')은 누구이고, 잠든 라피와 레드 후드에게 무엇을 했나 — 그가 말한 쌍둥이 초거대 코어의 '공존의 가능성'은 무엇인가?"
Q224,의문,96,2024-12-26,event_footstepwalkrun1,0,0,,0,0,,,,,열림,96,1,J2,person:라피 person:레드_후드,확정,event_footstepwalkrun1,,"라피가 끌어안고 있던 레드 후드의 몸은 어디로 사라졌고, 돌아온 라피 바디의 두 번째 코어와 두 배의 무게는 어디서 왔나?"
Q225,의문,98,2025-01-16,event_wisdomspring,3,2,1,0,5,,,119,,일부,154,8,J3,concept:PROJECT_A.D. person:지휘관,확정,event_wisdomspring,,"[PROJECT. A.D.]는 무엇이고, 지휘관은 어떻게 그 프로젝트의 '7호' — 유일한 성공작 — 가 되었나? 지휘관은 인간인가?"
Q226,의문,98,2025-01-16,event_wisdomspring,0,0,,0,0,,,127,,일부,127,2,J18,concept:PROJECT_A.D. place:방주 person:지엔,확정,event_wisdomspring,,"[그 프로젝트]를 총사령관과 함께 승인하고 세상에 숨기는 [그들]은 누구이고, 지엔이 '방주'라 한 방주 깊은 곳의 [어둠]은 무엇인가?"
Q227,의문,98,2025-01-16,event_wisdomspring,0,0,,0,0,,,,,열림,98,1,J3,concept:PROJECT_A.D. person:지휘관,확정,event_wisdomspring,,빈 연구실에 [PROJECT. A.D.] 태블릿을 놓아 둔 것은 누구인가 — 에테르가 아니라면 누가 지휘관에게 진실을 알리려 했나?
Q229,의문,101,2025-02-20,ch35,0,0,,0,0,,,101,102,풀림,102,3,J10,person:레비아탄 org:포비스트,확정,ch35,,"레비아탄의 영역 알에서 태어나는, 니케와 랩쳐 파츠가 섞이고 콜링 시그널을 지닌 융합체들은 누가 무엇을 위해 만들었나 — 포비스트의 [비장의 무기]와 관계있나?"
Q230,의문,101,2025-02-20,ch35,0,0,,0,0,,,,,열림,101,1,J12,person:신데렐라,확정,ch35,,"신데렐라가 용서하지 않았다는, 돌이킬 수 없는 끔찍한 짓을 저지른 '소중한 사람'은 누구이고 무슨 짓을 했나?"
Q231,의문,101,2025-02-20,relic:알관련전달사항,0,0,,0,0,,,102,109,풀림,109,3,J10,concept:다크_매터,확정,,,"알 관련 음성 녹음을 남긴 이와 듣는 '너희'는 누구이고, 다크 매터와 섞는 [은색 물]은 무엇인가?"
Q232,의문,102,2025-02-20,ch36,0,0,,0,0,,,,107,풀림,107,2,J10,person:레비아탄,확정,ch36,,레비아탄이 '이제 진절머리 난다'고 한 배신은 누가 누구를 배신한 무엇이었나?
Q233,의문,102,2025-02-20,ch36,0,0,,0,0,,,,,열림,102,1,J11,person:베히모스 person:라플라스,확정,ch36,,되살아나던 베히모스의 촉수에서는 왜 수정이 솟아 라플라스의 무기를 폭주시켰나 — 베히모스의 뜻이었나?
Q234,의문,105,2025-03-27,event_newflavor,1,0,105,0,1,,,,,열림,135,2,J41,concept:퍼펙트,확정,event_newflavor,,"퍼펙트 맛이 이상해진 때 공장에서 흔적 없이 사라진 양산형 니케는 어떻게 되었고, 그 일과 퍼펙트의 이상은 어떤 관계인가?"
Q235,의문,105,2025-03-27,event_newflavor,0,0,,0,0,,,,,열림,105,1,J3,person:지휘관 person:브래디,확정,event_newflavor,,모든 것에서 정보와 기억을 맛보는 브래디가 왜 지휘관에게서만은 정보 · 감정 없이 맛만 느끼나?
Q236,의문,107,2025-04-10,side:mudfish,0,0,,0,0,,,,109,풀림,109,2,J12,person:리틀_머메이드 person:레비아탄 person:글러트니,확정,side:mudfish,,글러트니에게 삼켜진 세이렌은 어떻게 되었나 — 레비아탄은 왜 세이렌이 아마 살아 있다고 하나?
Q237,의문,107,2025-04-10,side:mudfish,1,1,89,0,0,,,,109,풀림,109,3,J23,person:미하라 person:유니 person:글러트니,확정,side:mudfish,,"미하라 · 유니가 첫 번째 타깃으로 쫓기 시작한, 땅 밑에 거대한 몸을 숨긴 희귀 랩쳐는 무엇인가 — 글러트니인가?"
Q238,의문,108,2025-04-24,ch37,0,0,,0,0,,,109,,일부,109,2,J10,,확정,ch37,,"레비아탄은 왜 알로 더 우수한 융합체를 만드는 기술을 숨겼고, 알로 무엇을 만들려 하나 — 자기 명령을 따르는 타일런트 급 랩쳐를 양산해 직계에게 복수하려는 것인가?"
Q239,의문,108,2025-04-24,relic:주워갈것들메모,0,0,,0,0,,,109,,일부,109,2,J10,,확정,,,"주워 갈 것 메모를 쓴 이가 노리는, 방주 근처 땅 아래 깊이 묻힌 '엄청 귀한 것'과 북부 아래의 무언가는 무엇인가?"
Q240,의문,109,2025-04-24,ch38,2,2,3,0,1,,,,128,풀림,128,5,J2,,확정,ch38,,"지즈가 땅속 깊이에서 찾아낸, 라피의 복장을 한 코어 두 개의 목 없는 니케는 무엇인가 — 라피가 지금 바디로 바뀌기 전의 옛 몸인가, 왜 땅속에 묻혀 있었나?"
Q241,의문,109,2025-04-24,ch38,0,0,,0,0,,,,118,풀림,118,2,J26,,확정,ch38,,"레비아탄 · 지즈 · 베히모스의 알을 통째로 삼킨, 색이 다른 마더 웨일은 무엇이고 셋은 어떻게 되나 — 랩칠리언의 웨일리인가?"
Q242,의문,109,2025-04-24,event_unbreakablesphere1,0,0,,0,0,,,,,열림,109,1,J18,,확정,event_unbreakablesphere1,,미하라의 코어 융합을 연 해제 코드 [UNLOCK CODE : D.E.E.P.]는 무엇인가 — 니케 코어의 [방어벽]을 끄는 지엔의 '영업 비밀'은 D.E.E.P.('방주의 수호자')와 어떤 관계인가?
Q243,의문,109,2025-04-24,event_unbreakablesphere1,0,0,,0,1,,,,,열림,128,2,J12,,확정,event_unbreakablesphere1,,"세이렌이 '더 이상 인류의 편이 아니다'라 한 헨젤과 그레텔에게는 무슨 일이 있었고, 지금 어디서 무엇을 하나?"
Q244,의문,109,2025-04-24,erelic:unbreakable_sphere_lost,0,0,,0,0,,,,126,풀림,126,2,J12,,확정,erelic:unbreakable_sphere_lost,,"세이렌이 70년 가까이 지상으로 쏘아 올린 물거품들 가운데 아무도 만나지 못해 부서진 것들은 [물거품 구름]이 되어, 정말 [퀸]의 시야를 가리는 거대한 막이 되었나?"
Q245,의문,109,2025-04-24,char:590,0,0,,0,0,,,,,열림,109,1,J23,person:모리,확정,char:590,,모리와 헤어지고 긴 시간이 흐른 뒤 지휘관이 연락을 받고 '아쉽네'라면서도 아주 기쁜 소식이라 한 것은 무엇인가 — 모리가 인큐베이터 스쿼드를 벗어났다는 소식인가?
Q246,의문,110,2025-05-01,char:162,3,3,4,0,0,,,110,,일부,110,3,J23,person:미하라 person:리틀_머메이드,확정,char:162,,"기억 소거로 잃은 기억 속에서 미하라가 그리워하는 '그 사람'(■■■) — 함께 작전을 하고 '도와주겠다'며 사과한 다정한 성인 남자 — 은 누구이고, 세이렌이 그와 닮았다며 떠올린 '전설의 그분'은 누구인가?"
Q247,의문,111,2025-05-15,event_arcanearchive,2,2,36,0,0,,,,142,풀림,142,4,J6,org:베스트셀러 person:오스왈드,확정,event_arcanearchive,회수 먼저,"베스트셀러 스쿼드의 창립자 [O] — 아크 가디언 작전 때 사람으로 은퇴 뒤 도서관 관장이 되어 갓데스의 기록을 직접 쓴 이 — 는 누구인가, 갓데스의 팬이던 오스왈드인가?"
Q248,의문,111,2025-05-15,event_arcanearchive,0,0,,0,0,,,133,144,풀림,144,3,J6,org:갓데스 org:베스트셀러,확정,event_arcanearchive,,"베스트셀러 창립자와 당시 방주 고위층이 숨기고 싶었던, 갓데스의 행적 · 구성원을 외부에 알리지 않게 한 비밀은 무엇이고, 사실과 다르게 남은 기록은 어떤 것인가?"
Q249,의문,112,2025-05-29,event_lordforjustice,0,0,,0,0,,,138,,일부,138,2,J17,,확정,event_lordforjustice,,"VII-1 안이 견제하려 한, 강력한 도구이지만 저지스의 정의를 이해하지 못할 위험이 있다는 [-검열됨-]은 무엇이고, 최근 연구와 협력으로 찾은 '우회 루트'는 무엇인가?"
Q250,의문,112,2025-05-29,event_lordforjustice,0,0,,0,0,,,,124,풀림,124,2,J32,,확정,event_lordforjustice,,"VII-1 안에 따라 저지스가 배후에서 지원한 '랩쳐에게 호의적인 급진 집단'은 무엇이고, 통제 불능이 된 지금 무엇을 하나 — D가 조사하는 사이비와 데이파라는 이와 관계있나?"
Q251,의문,112,2025-05-29,event_lordforjustice,0,0,,0,0,,,,,열림,112,1,J32,,확정,event_lordforjustice,,"살날이 얼마 남지 않았다며 지휘관을 후계자로 삼으려는 저지스 윗줄의 노인 X는 누구이고, 무엇을 노리나?"
Q252,의문,113,2025-06-12,event_ce006,0,0,,0,0,,,,113,풀림,113,1,J57,,확정,event_ce006,,"콤이 방주에 빼앗겼다는 '재산'은 무엇이고, 콤은 왜 방주를 증오하나 — 호수 아래에서 무엇을 보면 진정할 수 없다는 것인가?"
Q253,의문,113,2025-06-12,event_ce006,0,0,,0,0,,,,,열림,113,1,J57,,확정,event_ce006,,"에닉은 아트와 콤 · 벙커의 사연을 어떻게 알고, 왜 지휘관 · 프리바티 · 콤에게 아트의 개인전 초대권을 보냈나?"
Q254,의문,113,2025-06-12,event_ce006,1,0,113,0,0,,,,,열림,113,1,J57,,확정,event_ce006,,동력원 고유 파장만 확인해 랩쳐를 겨누도록 설정한 프로비던스가 왜 랩쳐를 전멸시킨 뒤 카운터스에게 총구를 겨눴나?
Q255,의문,113,2025-06-12,char:852,0,0,,0,0,,,,,열림,113,1,J14,,확정,char:852,,니케가 자기가 어떻게 만들어졌는지 알고 있다는 일레그의 말은 무엇을 아는 것인가 — 니케 생성의 비밀을 니케들은 알고 있나?
Q256,의문,115,2025-07-03,event_overthehorizon,0,0,,0,0,,,,,열림,115,1,J6,,확정,event_overthehorizon,,"중앙 정부는 왜 잉그리드까지 나선 오버 더 호라이즌의 승리의 날개 호 수색 요청을 이상하리만큼 완강하게 거부하고, 그 뒤 지원 임무를 급격히 늘렸나?"
Q257,의문,115,2025-07-03,event_overthehorizon,0,0,,0,0,,,133,,일부,133,2,J6,,확정,event_overthehorizon,,"콜렉터가 사진으로 보낸, 땅에 반쯤 박힌 거대한 비행선은 승리의 날개 호인가 — 어디에 있고, 다시 날아오를 수 있나?"
Q258,의문,116,2025-07-17,fl:boom_the_ghost,0,0,,0,0,,,,,열림,116,1,J2,person:라피 org:엘리시온,확정,fl:boom_the_ghost,,"라피가 엘리시온에서 오기를 기다리는, 엘리시온도 처음 만들어 보는 신중히 다룰 '중요한 것'의 결과는 무엇인가?"
Q259,의문,116,2025-07-17,fl:boom_the_ghost,0,0,,0,0,,,,,열림,116,1,J19,concept:크라켄 person:일레그 place:방주,확정,fl:boom_the_ghost,,크라켄의 코어 출력은 왜 동체에 비해 비대해졌나 — 일레그가 말한 전의 비슷한 일과 '방주에 남은 시간'은 무엇인가?
Q260,의문,116,2025-07-17,fl:boom_the_ghost,0,0,,0,0,,,,,열림,116,1,J2,person:라피 person:도로시,확정,fl:boom_the_ghost,,"라피가 도로시에게 들으면 리스크가 너무 높다며 말하지 않은, 지상에서 만난 '동료'는 누구인가?"
Q261,의문,116,2025-07-17,fl:boom_the_ghost,4,2,54,0,0,,,,144,풀림,144,3,J7,person:도로시 place:방주 person:도반,확정,fl:boom_the_ghost,,"도로시가 방주에 강요하는 '선택'은 무엇이고, 방주가 많은 것을 버려야 할 그 순간에 가장 먼저 버릴 것은 무엇인가 — 도반이 지키려는 '내 왕국'과는 어떻게 부딪치나?"
Q262,의문,118,2025-08-07,ch39,2,1,96,0,0,,,119,,일부,119,3,J18,person:나유타 person:D.E.E.P. person:라피,확정,ch39,,"나유타는 D.E.E.P.과 어떤 관계인가 — 라피의 몸에 든 기술을 '[우리]의'라 했다가 '그들의'로 고친 나유타는 누구이고, 라피가 익숙하다는 황금빛은 어디서 본 것인가?"
Q263,의문,118,2025-08-07,ch39,0,0,,0,0,,,119,119,풀림,119,2,J3,person:나유타 person:지휘관 concept:언체인드,확정,ch39,,"나유타가 지휘관이 '7호'임을 듣고 말한 '시작'은 무엇이고, 활성화되지 않았을 '인자'와 가만있지 않을 '인자 살해자'는 무엇인가 — 나유타는 언체인드와 그 호수를 어떻게 아나?"
Q264,의문,118,2025-08-07,ch39,0,0,,0,0,,,127,,일부,137,3,J18,person:나유타,확정,ch39,,순수 방주 기술의 최신형 메티스를 보고 나유타가 '아직인가 — 열쇠가 없으면'이라 한 '열쇠'는 무엇인가?
Q265,의문,118,2025-08-07,ch39,1,0,118,0,1,,,,,열림,119,2,J26,concept:웨일리 person:랩칠리언,확정,ch39,,온순하던 웨일리 위의 랩쳐들은 왜 갑자기 공격해 왔나 — 랩칠리언이나 웨일리에게 무슨 일이 생겼나?
Q266,의문,118,2025-08-07,ch39,0,0,,0,0,,,,119,풀림,119,2,J26,person:랩칠리언,확정,ch39,,랩칠리언이 레비아탄 · 지즈에게 꼭 소개하려는 '랩쳐가 아닌 소중한 친구'는 누구인가?
Q267,의문,118,2025-08-07,ch39,0,0,,0,0,,,128,,일부,128,2,J16,person:엔드리스 person:이터니티 person:에닉,확정,ch39,,"에닉을 꼭 닮은 감시 니케 엔드리스 · 이터니티는 무엇인가 — E.H.의 말처럼 니케가 아닌 무언가인가, 에닉과 어떤 관계인가?"
Q268,의문,118,2025-08-07,ch39,1,1,54,0,0,,,,128,풀림,128,3,J7,incident:3차_지상_탈환전 org:중앙_정부,확정,ch39,,중앙 정부는 정말 3차 지상 탈환전을 준비하나 — 몇 세대를 뛰어넘은 장비 · 병기의 기술은 어디서 얻었나?
Q269,의문,118,2025-08-07,ch39,0,0,,0,0,,,119,144,풀림,144,3,J24,person:아니스 org:T.T.STAR,확정,ch39,,"아니스가 휘말려 무대를 떠나게 된, 누가 봐도 거짓이던 '아주 안 좋은 사건'('더러운 꼴')은 무엇이었나?"
Q270,의문,118,2025-08-07,relic:정갈하게쓴기록,0,0,,0,0,,,119,,일부,119,2,J26,person:랩칠리언 concept:웨일리,확정,relic:정갈하게쓴기록,,"랩칠리언이 웨일리의 뱃속에서 발견한, 인류도 니케도 랩쳐도 아닌 새로운 생명체('그 아이')는 무엇인가 — 새로운 종족인가, 랩쳐의 새 진화인가?"
Q271,의문,119,2025-08-07,ch40,0,0,,0,0,,,,,열림,119,1,J26,person:피노키오 concept:웨일리,확정,ch40,,"웨일리의 몸 안에서 발견되어 고통 속에 자라는, 니케 같지만 방주 기술도 아닌 피노키오는 무엇이고, 그 부품은 누가 무엇으로 만든 것인가?"
Q272,의문,119,2025-08-07,ch40,0,0,,0,0,,,126,,일부,127,3,J15,person:리버렐리오,확정,ch40,회수 먼저,"리버렐리오가 오래 준비해 끝마쳤다는 일은 무엇이고, 포비스트를 정리하면 '기뻐하실' 이는 누구이며, 리버렐리오는 어디서 누구에게 맞아 약해졌나?"
Q273,의문,119,2025-08-07,ch40,0,0,,0,0,,,126,,일부,127,3,J15,person:리버렐리오 concept:퀸_인자,확정,ch40,회수 먼저,리버렐리오는 왜 수십 번이나 퀸 인자가 활성화된 이들을 죽여 지상에 퀸이 나오지 못하게 했나?
Q274,의문,119,2025-08-07,ch40,0,0,,0,0,,,,127,풀림,127,2,J10,concept:웨일리 person:지휘관 org:포비스트,확정,ch40,,"추락하는 웨일리가 향하던 먼 곳의 온통 하얀 도시 — 지휘관이 본 적 있다며 '방주'라 한 곳 — 는 무엇인가, 지즈가 들킬까 걱정한 '거기'인가?"
Q275,의문,119,2025-08-07,ch40,0,0,,0,0,,,127,,일부,137,3,J17,person:리버린 item:브레인_셸터 person:네온,확정,ch40,,"갱생관에 있어야 할 리버린은 왜 아우터 림 외지의 엘리베이터로 브레인 셸터를 옮기고, 네온의 안경에 나타난 빛나는 길과 [P] 엘리베이터는 무엇인가?"
Q276,의문,119,2025-08-07,ch40,0,0,,0,0,,,,127,풀림,127,2,J17,person:식스오 concept:미스트 person:라이온,확정,ch40,,식스오는 왜 지금껏 얌전히 있다가 라이온을 통해 아우터 림에서 미스트 장사를 본격적으로 벌이나?
Q277,의문,119,2025-08-07,fl:absolute,0,0,,0,0,,,,,열림,119,1,J31,,확정,fl:absolute,,"북부의 프레데터 벙커와 비슷한 벙커들 — 에블라 입자 발생 장치와 재래식 무기고를 갖춘, 어떤 기록에도 없는 양식 — 은 누가 무엇을 상대하려고 만들었나, 인간이 아닌 [누군가]인가?"
Q278,의문,119,2025-08-07,fl:absolute,0,0,,0,0,,,,,열림,119,1,J31,,확정,fl:absolute,,"전술을 이해하고 코어를 먹어 성장하는, 기록에 없던 프레데터는 어디에서 왔나 — 다른 서식지에서 옮겨 온 것인가, 랩쳐 진화의 돌연변이인가?"
Q279,의문,122,2025-09-04,fl:coins_in_rush,1,0,122,0,1,,,142,,일부,144,4,J24,person:머스탱 org:쉐이드,확정,fl:coins_in_rush,회수 먼저,"[쉐이드]로 도청 · 여론조작 · 납치를 하던 시절의 머스탱은 어땠고, 언제 무엇 때문에 변해 쉐이드를 해체하고 '진정한 엔터테인먼트'를 좇게 되었나 — 머스탱이 스스로를 'Bad Guy'라 하는 과거는 무엇인가?"
Q280,의문,122,2025-09-04,fl:coins_in_rush,0,0,,0,0,,,136,,일부,136,2,J24,person:벨벳 org:쉐이드,확정,fl:coins_in_rush,,"쉐이드가 해체된 뒤 벨벳은 무엇(누구)을 피해 도망 다니며 숨어 지냈고, 왜 지휘관과 닿은 '끈'이 필요했나?"
Q281,의문,124,2025-09-24,fl:reborn_evil,0,0,,0,0,,,,,열림,124,1,J32,,확정,fl:reborn_evil,,"저택에 돌아다닌, 랩쳐의 다리에 양산형 니케의 상반신을 이어 붙인 괴생명체는 무엇이고 누가 만들었나 — NEO 바이러스 때문이 아니라면?"
Q282,의문,124,2025-09-24,fl:reborn_evil,1,0,124,0,0,,,,,열림,124,1,J32,,확정,fl:reborn_evil,,2주 전부터 방주에 와 있던 에이다는 X와 무슨 거래를 했나 — 에이다가 찾은 '타겟'과 X가 지킬 '약속'은 무엇인가?
Q283,의문,126,2025-10-16,side:eden_spear,1,1,26,0,0,,,,128,풀림,128,3,J13,concept:릴리스의_바디 person:니힐리스타 person:퀸 concept:언체인드,확정,side:eden_spear,,"니힐리스타가 찾아낸 릴리스의 바디는 어디에 있고, 언체인드를 채운 '독의 잔'으로 정말 퀸을 죽일 수 있나?"
Q284,의문,126,2025-10-16,side:eden_spear,0,0,,0,0,,,,,열림,126,1,J8,place:에덴 person:세실,확정,side:eden_spear,,세실이 나유타보다 '더 위험한 게' 이미 에덴 안에 있다고 한 것은 무엇인가?
Q285,의문,126,2025-10-16,side:eden_spear,0,0,,0,0,,,,128,풀림,128,2,J1,person:마리안 person:퀸,확정,side:eden_spear,,"마리안이 느낀, 오고 있다는 [존재]는 무엇이고 마리안은 무엇을 '빼앗으러' 가나?"
Q286,의문,127,2025-10-30,ch41,0,0,,0,0,,,128,,일부,128,2,J10,person:온리_원 person:퀸 concept:퀸_인자,확정,ch41,,"포비스트의 용광로에서 태어난, 라피를 똑같이 닮은 검은 소녀 온리 원은 무엇인가 — 퀸은 그렇게 만들어질 수 없다던 리버렐리오가 어머니보다 클지 모를 인자를 느낀 그것은 정말 퀸인가?"
Q287,의문,127,2025-10-30,ch41,0,0,,0,0,,,128,,일부,128,2,J3,person:지휘관 concept:퀸_인자,확정,ch41,회수 먼저,"지휘관 몸속에서 활성화된, 퀸과 짝을 이룬다는 인자는 어느 퀸과 짝인가 — 포비스트의 퀸이 아직 없었다면 지상 어딘가에 다른 퀸이 있나?"
Q288,의문,127,2025-10-30,ch41,0,0,,0,0,,,128,,일부,128,2,J15,concept:다크_매터 person:리버렐리오,확정,ch41,,리버렐리오가 다크 매터(어머니의 피)의 진가라 한 '신세계의 촉매'는 무엇인가?
Q289,의문,127,2025-10-30,ch41,0,0,,0,0,,,137,,일부,137,2,J18,person:D.E.E.P. org:M.M.R.,확정,ch41,,M.M.R. 심층부에서 '방주의 어둠'을 자처하는 D.E.E.P. 여성들은 누구이고 — 인류를 위하다 저질렀다는 '실수'는 무엇이며 — 열쇠와 '깊은 것의 정수'로 무엇을 되찾으려 하나?
Q290,의문,127,2025-10-30,ch41,0,0,,0,0,,,,137,풀림,137,2,J18,person:네온,확정,ch41,,"인간일 때의 기록이 하나도 없는 네온은 누구이고, 어떻게 니케가 될 때부터 '열쇠' 안경을 지녀 M.M.R. 심층부 인증까지 받았나 — 열쇠의 패스워드는 무엇인가?"
Q291,의문,127,2025-10-30,ch41,0,0,,0,0,,,144,,일부,144,2,J24,concept:스마일_박스 org:T.T.STAR person:머스탱,확정,ch41,,"T.T.STAR가 [스마일 박스]이던 때 죽은 두 사람은 누구이고, '당시의 머스탱'은 그들에게 무엇을 했나?"
Q292,의문,127,2025-10-30,ch41,0,0,,0,0,,,,,열림,127,1,J17,person:로지 person:리버린 person:식스오,확정,ch41,,"리버린이 식스오의 말을 거역하지 못하게 만든, 마음이 없는 듯한 니케 로지는 누구이고 리버린과 어떤 사이인가?"
Q293,의문,127,2025-10-30,ch41,0,0,,0,0,,,,128,풀림,128,2,J17,person:식스오 concept:E2_크리스탈 place:방주 person:에닉,확정,ch41,,식스오가 E.H.에게 뒤집어씌우려 방주 시내에 던진 E2 크리스탈은 방주를 어떻게 하나 — 미스트로 꼬아 둔 방주와 에닉은 이 테러에 어떻게 맞서나?
Q294,의문,128,2025-10-30,ch42,0,0,,0,0,,,128,,일부,128,1,J12,person:신데렐라 person:리틀_머메이드,확정,ch42,,신데렐라 일행이 세이렌과 합류한 뒤 목격해 헨젤 · 그레텔을 만나는 일까지 미루게 한 '큰 이변'은 무엇인가?
Q295,의문,128,2025-10-30,ch42,0,0,,0,0,,,128,138,풀림,138,3,J13,person:퀸 person:리버렐리오,확정,ch42,회수 먼저,"곧 지상에 내려온다는 퀸(어머니)은 내려와 무엇을 하려 하고, 리버렐리오의 '우리도 변할 수 있다'는 설득은 통할까?"
Q296,의문,128,2025-10-30,ch42,0,0,,0,0,,,,128,풀림,128,2,J8,person:요한 person:지휘관,확정,ch42,회수 먼저,요한은 왜 갑자기 지휘관에게 연락했나?
Q297,의문,128,2025-10-30,event_goddessfall1,0,0,,0,0,,,,,열림,128,1,J12,person:미러,확정,event_goddessfall1,,"미러의 인격 데이터의 기반이 된 것 — 미러가 모습을 흉내 내고 '직접 나서지 말 것'을 배운 그것 — 은 누구(무엇)이고, 미러는 어디서 생겨난 데이터 생명체인가?"
Q298,의문,128,2025-10-30,event_goddessfall1,0,0,,0,0,,,,,열림,128,1,J13,person:퀸 person:미러,확정,event_goddessfall1,,퀸이 착지한 곳에 있을까 두려워했다는 [그것들]은 무엇인가?
Q299,의문,128,2025-10-30,event_goddessfall1,1,1,32,0,0,,,,,열림,128,2,J13,concept:릴리스의_바디 person:니힐리스타,확정,event_goddessfall1,,"누가 어떤 의도로 릴리스의 바디를 원래 자리에서 북부 빙하로 옮겨 숨겼고, 니힐리스타가 그것을 찾게 도운 이(협력자)는 누구인가?"
Q300,의문,128,2025-10-30,event_goddessfall1,0,0,,0,0,,,144,,일부,144,2,J30,person:장화 person:홍련 person:미러,확정,event_goddessfall1,,"미러는 홍련의 검에 죽은 장화를 어떻게 되살렸고, 장화가 나서면 홍련이 반드시 불행해진다는 까닭은 무엇인가?"
Q301,의문,128,2025-10-30,event_goddessfall1,0,0,,0,0,,,,,열림,128,1,J3,person:토커티브 concept:언체인드 person:지휘관,확정,event_goddessfall1,,"토커티브가 찾았다는, 언체인드가 든 '몸'은 누구의 것인가 — 피에 언체인드가 흐르는 지휘관인가?"
Q302,의문,128,2025-10-30,event_goddessfall1,0,0,,0,2,,,,,열림,144,2,J20,person:나유타 org:파이오니아 person:퀸,확정,event_goddessfall1,,"나유타가 남은 분신들의 목숨을 태워 만든 '비장의 수'는 무엇이었고, 그 뒤 퀸과의 싸움은 어떻게 흘러 파이오니아가 쓰러졌나?"
Q303,의문,128,2025-10-30,event_goddessfall1,0,0,,0,0,,,144,,일부,144,2,J7,person:도로시 place:방주,확정,event_goddessfall1,,도로시가 '진짜 얼마 남지 않았다'고 한 것은 무엇인가 — 도로시가 바람을 넣는 방주의 3차 지상 탈환전은 언제 어떻게 시작되나?
Q304,의문,128,2025-10-30,event_goddessfall1,1,1,35,0,0,,,,,열림,128,2,J29,person:이사벨,확정,event_goddessfall1,,스테이션 앞에서 죽어 가던 이사벨이 '다시 한번'이라 부른 '사랑스러운 분'은 누구인가?
Q305,의문,128,2025-10-30,event_goddessfall1,0,0,,0,0,,,,128,풀림,128,1,J13,person:퀸 person:신데렐라,확정,event_goddessfall1,,퀸이 머물던 스테이션은 어째서 궤도 엘리베이터에서 분리되었나 — 미러가 말한 '불의의 사고'는 신데렐라와의 싸움인가?
Q306,의문,128,2025-10-30,erelic:goddess_fall_mini,1,1,36,0,0,,,144,,일부,144,3,J6,person:도로시,확정,erelic:goddess_fall_mini,,도로시가 '오래전 그날' 그곳에 그어져 있던 '얇은 실선 하나조차 넘지 못했다'는 것은 무엇인가 — 방주의 문이 닫힌 날의 일인가?
Q307,의문,128,2025-10-30,erelic:goddess_fall_mini,0,0,,0,0,,,,,열림,128,1,J8,place:에덴 person:도로시,확정,erelic:goddess_fall_mini,,"에덴의 기반이 된, 지상에 오래 방치되었지만 큰 동력원이 살아 있던 연구소는 어떤 곳이었고, 도로시는 그곳을 어떻게 알았나?"
Q308,의문,130,2025-11-20,fl:blank_ticket,1,0,130,0,0,,,,131,풀림,131,2,J58,person:노라,확정,fl:blank_ticket,,"노라가 티켓에 쓴 목적지 [TERMINUS]는 어디이고, 노라가 '반드시 돌아가야만 하는 곳'에서 기다렸을지 모를 이는 누구인가?"
Q309,의문,133,2025-12-30,fl:ark_guardian,0,0,,0,0,,,137,,일부,137,2,J4,concept:머신_메사이어 person:엔더슨 concept:언체인드,확정,fl:ark_guardian,,"오래전의 [머신 메사이어] 프로젝트는 무엇이고, 엔더슨의 피에는 어떻게 언체인드가 흐르게 되었나?"
Q310,의문,133,2025-12-30,fl:ark_guardian,0,0,,0,0,,,137,144,풀림,144,3,J5,person:엔더슨 org:V.T.C. org:갓데스,확정,fl:ark_guardian,,"V.T.C.가 혼수상태로 두던 엔더슨은 어떻게 깨어나 지금 자리에 올랐고, 동생들을 방주로 데려오라던 릴리바이스의 부탁은 어떻게 되었나?"
Q311,의문,133,2025-12-30,fl:ark_guardian,0,0,,0,0,,,,,열림,133,1,J15,person:리버렐리오 person:미러,확정,fl:ark_guardian,,리버렐리오의 재료가 된 '자아가 강한 유사 인간'은 누구인가?
Q312,의문,133,2025-12-30,fl:ark_guardian,0,0,,0,0,,,138,,일부,144,3,J8,place:에덴 place:방주 person:홍련 person:라푼젤 person:노아,확정,fl:ark_guardian,,방주는 에덴의 요구대로 니케 제작 기술을 넘겨 홍련 · 라푼젤 · 노아가 새 바디를 얻게 될까?
Q313,의문,135,2026-01-15,fl:sin_editor,0,0,,0,0,,,143,,일부,143,2,J19,place:방주 person:잉그리드 person:에닉,확정,,,"모자란 수급과 늘어나는 요구치로 남은 자원을 깎아 먹어 온 방주는 언제까지 버틸 수 있고, 수뇌부는 이 위기에 어떻게 대비하고 있나?"
Q314,의문,136,2026-01-29,fl:fatal_maid,0,0,,0,0,,,,,열림,136,1,J24,person:벨벳 org:쉐이드 person:머스탱,확정,fl:fatal_maid,,국장의 폭로대로 벨벳은 쉐이드 시절 암살까지 했고 살아남으려 스쿼드를 팔아먹었나 — 쉐이드가 해체될 때 벨벳과 스쿼드원들에게 무슨 일이 있었나?
Q315,의문,137,2026-02-12,ch43,0,0,,0,0,,,138,,일부,138,2,J18,person:D.E.E.P. person:지엔,확정,ch43,,"D.E.E.P.이 원래 자리를 되찾으려 죽여 확장 무장으로 만든 '방주의 상징'은 누구(무엇)이고, 지엔이 알면 당장 죽이라 할 것이라던 그들의 짓은 무엇인가?"
Q316,의문,137,2026-02-12,ch43,0,0,,0,0,,,,,열림,137,1,J18,org:V.T.C. person:D.E.E.P.,확정,ch43,,"V.T.C. · D.E.E.P. 기술의 정수가 담긴 열쇠 셋 가운데 V.T.C. 수장의 안경 말고 나머지 둘은 어떤 '높으신 분'들이 가졌고, 지금 어디에 있나?"
Q317,의문,137,2026-02-12,ch43,0,0,,0,0,,,,144,풀림,144,2,J5,person:엔더슨 org:V.T.C.,확정,ch43,,"혼수상태로 갇혀 있던 엔더슨은 어떻게 깨어나, 왜 성하의 육체 전환 의식 날 혼자 V.T.C. 이백여 명을 죽였나?"
Q318,의문,137,2026-02-12,ch43,1,1,127,0,0,,,,,열림,137,2,J18,org:엘리시온 person:잉그리드 person:네온,확정,ch43,,엘리시온은 왜 네온의 기억에 프로토콜급 니케에나 다는 기억 봉인용 프로텍터를 달았나 — 잉그리드는 네온이 V.T.C. 수장과 지낸 과거를 알고 봉인했나?
Q319,의문,137,2026-02-12,ch43,0,0,,0,0,,,,,열림,137,1,J18,org:중앙_정부 person:프린세스 person:네온 org:엘리시온,확정,ch43,,"중앙 정부는 열쇠를 모르면서 왜 성하를 1억 현상금까지 걸고 '최중요 인물'로 반드시 생포하려 했고, 대신 데려간 네온(스톨 3세)은 어떻게 E.H.의 연락 뒤 엘리시온으로 넘어갔나?"
Q320,의문,138,2026-02-12,ch44,1,1,54,0,0,,,144,,일부,144,3,J7,,확정,ch44,,도로시는 왜 인헤르트에도 에덴에도 속하지 않게 되었나 — 갓데스 폴 뒤 도로시와 에덴 사이에 무슨 일이 있었나?
Q321,의문,138,2026-02-12,ch44,0,0,,0,0,,,144,,일부,144,2,J13,,확정,ch44,,"퀸이 만들고 있다는 앨트루이아 같은 새 헬레틱은 얼마나 되고, 퀸은 라푼젤 · 노아의 무장을 흉내 낸 그들로 무엇을 하려 하나?"
Q322,의문,138,2026-02-12,ch44,0,0,,0,0,,,,143,풀림,143,2,J17,,확정,ch44,,"지휘관이 식스오를 잡으려고 제안한 '방주를 끄자'는 무엇이고, 그것으로 식스오를 잡을 수 있나?"
Q323,의문,138,2026-02-12,ch44,1,1,54,0,0,,,143,,일부,144,4,J7,,확정,ch44,,"누가 왜 도로시의 기록을 양지에서도 중앙 정부 데이터베이스에서도 지웠고, 아이리는 금서고에서 무엇을 찾게 되나?"
Q324,의문,138,2026-02-12,ch44,0,0,,0,1,,,,,열림,141,2,J3,,확정,ch44,,주사기조차 들어가지 않을 만큼 회복하는 지휘관의 몸은 인자로 어디까지 바뀌고 있나?
Q325,의문,138,2026-02-12,relic:거인을찾아서,0,0,,0,0,,,,,열림,138,1,J9,,확정,,,"지상에 거대한 사람 발자국 · 손자국을 남기고, 사람의 팔다리와 여러 눈을 단 형체들은 무엇인가 — 니케 · 랩쳐 · 헬레틱의 융합체인가, 새로운 종인가?"
Q326,의문,138,2026-02-12,fl:lie_cause_recoil,0,0,,0,0,,,,,열림,138,1,J45,person:제니퍼 org:방주_아동_보호_센터 org:카페_스위티,확정,fl:lie_cause_recoil,,"센터에 법조계 인물들의 암살을 맡긴 '이번 의뢰인'과, 카페 스위티에 그들의 감시 · 보호를 의뢰한 이는 누구인가?"
Q327,의문,140,2026-03-05,fl:enter_heaven,1,1,44,0,0,,,,,열림,140,2,J21,person:크로우 org:엔터_헤븐,확정,fl:enter_heaven,,아우터 림 태생이라는 것 말고는 알려지지 않은 크로우를 엔터 헤븐에 추천해 들인 것은 누구인가?
Q328,의문,141,2026-03-19,fl:2x2_love_1ch,0,0,,0,0,,,,141,풀림,141,1,J55,person:에이미,확정,fl:2x2_love_1ch,,"전학생 에이미는 어디서 무엇을 하러 미미르 부속고에 왔기에, 시험에 득이 안 되는 축제를 '광대 짓'이라며 거부하나?"
Q329,의문,141,2026-03-19,fl:2x2_love_1ch,0,0,,0,1,,,141,141,풀림,141,2,J55,person:아르카나,확정,fl:2x2_love_1ch,,"아르카나가 미미르 부속고 생활을 거듭 '꿈'이라 하며 '깨어나고 싶지 않다'고 하는 것은 비유일 뿐인가, 이 학교생활 자체가 꿈(가상)인가?"
Q330,의문,141,2026-03-19,fl:2x2_love_2ch,0,0,,0,0,,,141,,일부,141,1,J55,person:에테르 org:미실리스 place:미미르_부속_고등학교,확정,fl:2x2_love_2ch,,"에테르가 예고한 축제 평가 — 미실리스 관계자 · 외부 손님의 판단 — 는 실제로 있었나, 기준에 못 미치면 미미르 부속고의 축제는 정말 없어지나?"
Q331,의문,142,2026-04-09,side:pretty_star,0,0,,0,0,,,,144,풀림,144,2,J24,person:프리티 person:머스탱 org:중앙_정부,확정,side:pretty_star,,"머스탱에게 프리티의 바디를 요구해 넘겨받은 이는 누구이고, 그 바디로 무엇을 했나 — 확장 무장 STAR가 된 것과 어떻게 이어지나?"
Q332,의문,142,2026-04-09,side:pretty_star,0,0,,0,0,,,,,열림,142,1,J24,person:프리티 concept:니케포비아,확정,side:pretty_star,,프리티를 쏘고 자백한 뒤 행방이 사라진 니케포비아 셋은 어떻게 되었나 — 그들 뒤에 누가 있었나?
Q333,의문,142,2026-04-09,fl:good_world,1,0,142,0,0,,,,,열림,142,1,J18,person:총사령관 person:백학,확정,fl:good_world,,"총사령관은 왜 아무도 만날 수 없고 방주를 위해 어떤 [희생]을 하고 있나 — 그가 지키고 있다는 '누군가와의 약속'은 무엇이고, 백학이 보고 편지를 읽은 붉은빛 공간의 거대한 관은 총사령관인가?"
Q334,의문,142,2026-04-09,fl:good_world,2,1,137,0,0,,,,,열림,142,2,J18,org:베일드_오더 org:V.T.C. person:백학,확정,fl:good_world,,"베일드 오더(백학)가 V.T.C.를 제재하러 움직인 날 무슨 일이 있었나 — V.T.C.가 중앙 정부 통합 계약을 어겼나, V.T.C.가 무너진 일(F2413) · 엔더슨의 V.T.C. 학살(F2400)과 어떤 관계인가?"
Q335,의문,143,2026-04-23,ch45,0,0,,0,0,,,,144,풀림,144,2,J13,,확정,ch45,,나유타가 신경 쓰인다며 스노우 화이트와 함께 수색하자고 한 궤도 엘리베이터 가는 길에는 무엇이 있나?
Q336,의문,143,2026-04-23,ch45,0,0,,0,0,,,,144,풀림,144,2,J10,,확정,ch45,,지휘관이 에덴에 보내 준다는 — 방주에서 오지 않고 요한도 직접 보기 전엔 믿을 수 없다는 — 지원군은 무엇인가?
Q337,의문,143,2026-04-23,ch45,0,0,,0,0,,,,,열림,143,1,J16,,확정,ch45,,에닉이 식스오의 재기는 먼 훗날이라며 '그때쯤 인류는 이미'라 하다 정정한 것은 무엇인가 — 에닉은 동력원의 수명이나 인류의 끝을 미리 알고 있었나?
Q338,의문,143,2026-04-23,ch45,0,0,,0,0,,,,,열림,143,1,J24,,확정,ch45,,"코어가 녹아내리던 아니스에게 '아니야. 더 굴러야지'라 한 목소리는 누구이고, 아니스의 코어와 하나가 된 STAR의 에너지는 무엇을 했나?"
Q339,의문,143,2026-04-23,ch45,0,0,,0,0,,,,,열림,143,1,J19,,확정,ch45,,방주 동력원 방 벽면의 수많은 [먹이] 컨테이너 가운데 지휘관의 눈에 띈 유독 거대한 컨테이너에는 무엇이 들어 있나?
Q340,의문,143,2026-04-23,ch45,0,0,,0,0,,,144,,일부,144,2,J19,,확정,ch45,,반년 안에 멈출 방주 동력원을 방주는 무엇으로 대신하나 — '똑같은 것'(또 하나의 초거대 코어)을 구할 수 있나?
Q341,의문,143,2026-04-23,relic:신에게닿기위한탑,0,0,,0,0,,,,,열림,143,1,J19,,확정,relic:신에게닿기위한탑,,궤도 엘리베이터 지하에 숨겨 둔 거대한 눈알 같은 구형 기계장치는 무엇이고 그곳의 머신 메사이어 프로젝트는 무엇이었나 — 기록이 끊긴 기자는 어떻게 되었나?
Q342,의문,144,2026-04-23,ch46,0,0,,0,0,,,,,열림,144,1,J13,person:퀸 concept:헬레틱,확정,ch46,,퀸이 만들었다는 새 헬레틱 셋 가운데 앨트루이아 · 에고비스타 말고 '만드는 중'인 하나는 누구(무엇)를 흉내 낸 것인가?
Q343,의문,144,2026-04-23,ch46,0,0,,0,0,,,154,,일부,154,2,J20,person:미러 person:나유타,확정,ch46,,"미러에게 꼭두각시가 된 나유타와 불려 모인 분신들로 미러가 '예전부터 해 보고 싶었던 일'은 무엇이고, 나유타는 스노우 화이트의 믿음대로 비장의 수를 남겨 두었나?"
Q344,의문,144,2026-04-23,ch46,0,0,,0,0,,,154,,일부,154,2,J10,person:온리_원 person:마리안,확정,ch46,,"온리 원은 왜 곧장 잠든 마리안에게 갔고, 온리 원의 가슴에서 느껴지는 두 개의 고동은 무엇인가?"
Q345,의문,144,2026-04-23,ch46,1,1,54,0,0,,,,,열림,144,2,J7,person:도반 concept:침식,확정,ch46,,"도반이 폭탄과 침식을 심은 양산형 니케들 — 극비로 연구 중이던 침식 데이터 — 은 어디서 나왔고, 도반 뒤에 다른 누가 있었나?"
Q346,의문,144,2026-04-23,ch46,0,0,,0,0,,,,,열림,144,1,J19,place:방주 item:초거대_코어,확정,ch46,,방주를 지상으로 올리면 — 쌍둥이 초거대 코어가 가까워지면 서로 공명해 함께 파괴된다는데 — 방주와 궤도 엘리베이터의 두 코어는 어떻게 되나?
Q347,의문,144,2026-04-23,relic:궤도엘리베이터음모론,2,2,55,0,0,,,,,열림,144,2,J6,place:궤도_엘리베이터 org:인류연합군,확정,relic:궤도엘리베이터음모론,,인류 연합군과 갓데스 스쿼드의 궤도 엘리베이터 공략이 번번이 실패한 것은 정말 내부 첩자 때문이었나 — 인류 연합군이 수소문한 음모론 글쓴이는 어떻게 되었나?
Q348,의문,144,2026-04-23,event_staranis1,0,0,,0,0,,,,144,풀림,144,1,J24,person:머스탱 person:한슨 person:ELYSION_Line._0 person:MISSILIS_Line._0,확정,event_staranis1,,한슨이 엘리시온 · 미실리스에게 매수해 보라고 한 머스탱의 주치의에게서 나올 것은 무엇인가 — 머스탱의 몸에 무슨 비밀이 있나?
Q349,의문,144,2026-04-23,event_staranis1,0,0,,0,0,,,,144,풀림,144,1,J24,person:머스탱 person:한슨 org:T.T.STAR,확정,event_staranis1,,"머스탱의 스카우트와 화해 고백은 진심인가 — 계약서를 본 한슨은 왜 절망했고, 테트라에 들어간 T.T.STAR는 어떻게 되나?"
Q350,의문,144,2026-04-23,event_staranis1,0,0,,0,0,,,,,열림,144,1,J24,person:ELYSION_Line._0 person:MISSILIS_Line._0 org:엘리시온 org:미실리스,확정,event_staranis1,,비밀 회선에서 한슨과 이야기한 ELYSION Line. 0 · MISSILIS Line. 0은 누구인가 — 당시 엘리시온 · 미실리스의 수장인가?
Q351,의문,144,2026-04-23,event_staranis1,0,0,,0,0,,,,,열림,144,1,J24,,확정,event_staranis1,,한슨에게 '죽어 달라'는 말을 받아들인 진짜 머스탱은 그 뒤 어떻게 되었나 — 치료제 없이 병으로 죽었나?
Q352,의문,144,2026-04-23,event_staranis1,0,0,,0,0,,,,,열림,144,1,J24,,확정,event_staranis1,,요요가 새 바디를 받으며 모든 기억을 잃은 것은 정말 사고인가 — 머스탱(한슨)이 일부러 지웠나?
Q353,의문,144,2026-04-23,event_staranis1,0,0,,0,0,,,,,열림,144,1,J24,,확정,event_staranis1,,아니스가 올린 적 없는 '이전에 올린 해명 영상'은 누가 만들어 올렸나?
Q354,의문,148,2026-06-11,fl:ark_ranger,0,0,,0,0,,,153,,일부,153,2,J13,person:애니힐리오 place:궤도_엘리베이터 person:퀸,확정,fl:ark_ranger,,"궤도 엘리베이터 인근에서 나노머신 헬레틱 미사일 애니힐리오를 쏜 것은 누구이고(퀸인가), 다음 발사는 언제 오나?"
Q355,의문,148,2026-06-11,fl:ark_ranger,0,0,,0,0,,,,,열림,148,1,J13,person:하란 person:퀸,확정,fl:ark_ranger,,화학무기에서 왜 하란의 에센스와 같은 향기가 나나 — 갓데스 폴에서 죽은 하란의 가루 · 지식을 퀸이 가져다 쓴 것인가?
Q356,의문,148,2026-06-11,fl:ark_ranger,0,0,,0,0,,,,,열림,148,1,J13,person:애니힐리오 item:세븐스_드워프 person:퀸,확정,fl:ark_ranger,,애니힐리오가 짊어진 수십 개의 세븐스 드워프 I(스노우 화이트의 무기)는 어디서 왔나 — 퀸이 만드는 중이라던 또 하나의 헬레틱(Q342)과 관계있나?
Q357,의문,149,2026-07-02,fl:wave_to_you,0,0,,0,0,,,,,열림,149,1,J59,,확정,fl:wave_to_you,,"섬에 등대와 거북이 위 기사 그림을 남기고, 방주에서도 지상에서도 본 적 없는 양식의 장치로 아일랜드 이터를 해저에 묶어 둔 옛 주민들은 누구이고 왜 그랬나?"
Q358,의문,151,2026-07-23,fl:project_matis,0,0,,0,0,,,,,열림,151,1,J22,,확정,fl:project_matis,,"엔메가 지도의 붉은 점으로 위치를 특정해 '드디어 찾았다'며 방주를 떠나 찾아간 것은 무엇이고, 엔메는 지금 어디서 무엇을 하나?"
Q359,의문,151,2026-07-23,fl:project_matis,0,0,,0,0,,,,,열림,151,1,J22,,확정,fl:project_matis,,2차 지상 탈환전 때 미실리스가 지상에 몰래 깐 에블라 입자 정화 장치 개선판에는 통신 말고 다른 기능이 있나 — 엔메가 '이미 시작됐다'고 한 일은 무엇인가?
Q360,의문,151,2026-07-23,fl:project_matis,0,0,,0,0,,,,,열림,151,1,J22,,확정,fl:project_matis,,미실리스 최고 보안을 뚫고 메티스 자료만 빼 가는 이는 정말 엔메인가 — 왜 메티스 자료를 가져가나?
Q361,의문,151,2026-07-23,fl:project_matis,0,0,,0,0,,,,,열림,151,1,J22,,확정,fl:project_matis,,메이드 라라는 정말 스파이였나 — 엔메는 왜 라라를 죽였나?
Q362,의문,151,2026-07-23,fl:project_matis,0,0,,0,0,,,,,열림,151,1,J16,,확정,fl:project_matis,,"에닉은 왜 지상 위까지 자기 통신이 닿기를 바라 엔메와 거래했고, 지상에 닿은 통신으로 무엇을 하나?"
Q363,의문,153,2026-08-13,ch47,2,2,17,0,0,,,,153,풀림,153,3,J30,person:홍련 person:에닉,확정,ch47,,"홍련의 원 소속인 근접전 스쿼드에서 관찰되었다는 '인간을 직접 살해한 최초의 사례'는 무엇이고, 그 스쿼드가 내전으로 궤멸한 일과 어떤 관계인가?"
Q364,의문,153,2026-08-13,ch47,0,0,,0,0,,,154,,일부,154,2,J10,person:온리_원 person:마리안,확정,ch47,,"퀸이 될 수 있는 온리 원이 해야 한다고 느끼는 '퀸의 일'과, 이름을 갖기 전에 해야 할 '선택'은 무엇인가 — 마리안을 깨울지 '고민해 보겠다'는 것과 이어지나?"
Q365,의문,154,2026-08-13,ch48,0,0,,0,0,,,,,열림,154,1,J13,concept:일곱의_조율자 person:퀸 person:온리_원,확정,ch48,,퀸이 함께 세상을 만들어 나가야 한다는 '일곱의 조율자'는 누구(무엇)인가?
Q366,의문,154,2026-08-13,ch48,2,1,1,0,0,,,,,열림,154,2,J1,person:마리안 person:지휘관,확정,ch48,,마리안이 '그 사람'이 죽지 않고 웃을 수 있는 세계를 만들려 견뎠다는 '긴 시간'과 '영원할 것만 같았던 굴레'는 무엇인가?
Q367,의문,154,2026-08-13,ch48,0,0,,0,0,,,,,열림,154,1,J1,person:마리안 person:지휘관,확정,ch48,,"마리안의 기억 속에서 사관학교를 갓 졸업한 '7호' 지휘관과 단둘이 있던 '마리아-'는 누구이고(마리안인가), 지휘관이 지휘관이 되기로 약속했다는 '그 아이'는 누구인가?"
Q368,의문,154,2026-08-13,ch48,0,0,,0,0,,,,,열림,154,1,J5,person:엔더슨 person:마리안,확정,ch48,,엔더슨은 어째서 생명 유지 장치 없이도 전설의 지휘관 같은 생명력을 되찾았나 — 마리안이 인자를 받은 것과 관계있나?
Q369,의문,154,2026-08-13,ch48,0,0,,0,0,,,,,열림,154,1,J7,person:도로시 person:엔더슨 concept:침식,확정,ch48,,개량형 침식에 걸려 하늘로 몸을 던진 도로시는 어디로 가서 어떻게 되나 — 엔더슨이 말한 '되돌릴 많은 방법'은 무엇인가?
Q370,의문,154,2026-08-13,relic:불길한_소리.wav,1,1,144,0,0,,,,,열림,154,2,J19,person:나유타 place:궤도_엘리베이터,확정,relic:불길한_소리.wav,,나유타의 분신이 궤도 엘리베이터 '저 아래에는 분명 남아 있을' 것이라 한 '그것'은 무엇인가 — 궤도 엘리베이터 지하의 구형 기계장치(Q341)인가?
Q371,의문,154,2026-08-13,fl:persona_on_frontline,1,0,154,0,0,,,,,열림,154,1,J60,concept:D-WAVE,확정,fl:persona_on_frontline,,8일 전 빌딩 위를 뛰어다닌 [괴도] 영상의 인물 — 퀸 일행보다 먼저 외곽 D-WAVE로 소환된 '최초의 소환자' — 는 누구이고 어디로 갔나?
Q372,의문,154,2026-08-13,fl:persona_on_frontline,0,0,,0,0,,,,,열림,154,1,J60,person:앨든 concept:D-WAVE,확정,fl:persona_on_frontline,,앨든에게 '또다시 기회를 주어' 거미줄의 힘을 쥐여 준 [무언가]는 무엇인가 — 이번 D-WAVE의 게이트 키퍼인가?
