root,kind,record,stage,act,point,tick,date,order,unit,scene,rel,answer,confidence,status,chrono_place,chrono_lo,chrono_hi
F1,사실,F1,처음 밝혀짐,드러냄,,1,2022-11-04,1,ch00,d_main_01_01_s,동시,,확실,확정,ch00,17,17
F1,사실,F1-2,뒤집힘,뒤집음,,2,2022-11-04,2,ch01,d_main_01_07_s,뒤,F14,확실,확정,ch01,19,19
F1,사실,E770,재언급,재언급,F1,115,2025-07-03,391,event_overthehorizon,event_overthehorizon_02_e,뒤,,확실,확정,~ ch25–ch26 / ch26–ch27 ~,,
F1,사실,E1231,재언급,재언급,F1,154,2026-08-13,472,ch48,d_main_48_05,뒤,,확실,확정,ch48,113,113
F2,사실,F2,처음 밝혀짐,드러냄,,1,2022-11-04,1,ch00,d_main_01_01_s,동시,,확실,확정,ch00,17,17
F3,사실,F3,처음 밝혀짐,드러냄,,1,2022-11-04,1,ch00,d_main_01_01_e,동시,,확실,확정,ch00,17,17
F4,사실,F4,처음 밝혀짐,드러냄,,1,2022-11-04,1,ch00,d_main_01_03_s,동시,,확실,확정,ch00,17,17
F5,사실,F5,처음 밝혀짐,드러냄,,1,2022-11-04,1,ch00,d_main_01_03_s,동시,,확실,확정,ch00,17,17
F5,사실,E124,재언급,재언급,F5,19,2022-11-24,148,ch17,d_main_17_12,뒤,,확실,확정,ch17,51,51
F6,사실,F6,처음 밝혀짐,드러냄,,1,2022-11-04,1,ch00,d_main_01_03_e,동시,,확실,확정,ch00,17,17
F7,사실,F7,처음 밝혀짐,드러냄,,1,2022-11-04,1,ch00,d_main_01_03_e,동시,,확실,확정,ch00,17,17
F7,사실,E1242,재언급,재언급,F7,154,2026-08-13,472,ch48,d_main_48_07,뒤,,추정,확정,ch48,113,113
F8,사실,F8,처음 밝혀짐,드러냄,,2,2022-11-04,2,ch01,d_main_01_04_s,동시,,확실,확정,ch01,19,19
F9,사실,F9,처음 밝혀짐,드러냄,,2,2022-11-04,2,ch01,d_main_01_04_s,동시,,확실,확정,ch01,19,19
F10,사실,F10,처음 밝혀짐,드러냄,,2,2022-11-04,2,ch01,d_main_01_05,동시,,확실,확정,ch01,19,19
F11,사실,F11,처음 밝혀짐,드러냄,,2,2022-11-04,2,ch01,d_main_01_06_s,동시,,확실,확정,ch01,19,19
F12,사실,F12,처음 밝혀짐,드러냄,,2,2022-11-04,2,ch01,d_main_01_06_s,동시,,확실,확정,ch01,19,19
F13,사실,F13,처음 밝혀짐,드러냄,,2,2022-11-04,2,ch01,d_main_01_06_s,동시,,확실,확정,ch01,19,19
F13,사실,E401,재언급,재언급,F13,73,2024-04-25,295,event_lastkingdom1,event_lastkingdom2_01_s,뒤,,확실,확정,ch26–ch27 ~,70,
F14,사실,E4,암시,암시,F14,2,2022-11-04,2,ch01,d_main_01_05,동시,,확실,확정,ch01,19,19
F14,사실,F14,처음 밝혀짐,드러냄,,2,2022-11-04,2,ch01,d_main_01_07_s,동시,,확실,확정,ch01,19,19
F15,사실,E3,암시,암시,F15,2,2022-11-04,2,ch01,d_main_01_04_e,동시,,확실,확정,ch01,19,19
F15,사실,F15,처음 밝혀짐,드러냄,,2,2022-11-04,2,ch01,d_main_01_07_s,동시,,확실,확정,ch01,19,19
F16,사실,F16,처음 밝혀짐,드러냄,,2,2022-11-04,2,ch01,d_main_01_07_s,동시,,확실,확정,ch01,19,19
F16,사실,F16-2,보강,드러냄,,17,2022-11-04,96,char:232,ep:d_nikke_noah_02,뒤,,확실,확정,ch19–ch20 ~ ch40–ch41,56,98
F16,사실,E726,재언급,재언급,F16,111,2025-05-15,383,event_arcanearchive,event_arcanearchive_06_s,뒤,,확실,확정,ch26–ch27 ~,70,
F17,사실,F17,처음 밝혀짐,드러냄,,2,2022-11-04,2,ch01,d_main_01_07_e,동시,,확실,확정,ch01,19,19
F18,사실,F18,처음 밝혀짐,드러냄,,2,2022-11-04,2,ch01,d_main_01_07_e,동시,,확실,확정,ch01,19,19
F19,사실,F19,처음 밝혀짐,드러냄,,2,2022-11-04,2,ch01,d_main_01_07_e,동시,,확실,확정,ch01,19,19
F19,사실,E89,재언급,재언급,F19,14,2022-11-04,76,ch13,d_main_13_08_e,뒤,,확실,확정,ch13,43,43
F19,사실,E122,재언급,재언급,F19,19,2022-11-24,148,ch17,d_main_17_07,뒤,,확실,확정,ch17,51,51
F19,사실,E1296,재언급,재언급,F19,24,2023-01-01,164,char:260,ep:d_nikke_marian_p_01,뒤,,확실,확정,ch13–ch14,44,44
F20,사실,F20,처음 밝혀짐,드러냄,,2,2022-11-04,2,ch01,d_main_01af_01,동시,,추정,확정,ch01,19,19
F20,사실,E81,재언급,재언급,F20,13,2022-11-04,73,ch12,d_main_12_07_s,뒤,,확실,확정,ch12,41,41
F21,사실,F21,처음 밝혀짐,드러냄,,2,2022-11-04,2,ch01,d_main_01af_01,동시,,확실,확정,ch01,19,19
F22,사실,E3,암시,암시,F22,2,2022-11-04,2,ch01,d_main_01_04_e,동시,,확실,확정,ch01,19,19
F22,사실,F22,처음 밝혀짐,드러냄,,2,2022-11-04,2,ch01,d_main_01af_01,동시,,추정,확정,ch01,19,19
F23,사실,F23,처음 밝혀짐,드러냄,,2,2022-11-04,2,ch01,d_main_01af_01,동시,,확실,확정,ch01,19,19
F24,사실,F24,처음 밝혀짐,드러냄,,2,2022-11-04,2,ch01,d_main_01af_02,동시,,확실,확정,ch01,19,19
F25,사실,F25,처음 밝혀짐,드러냄,,2,2022-11-04,2,ch01,d_main_01af_03,동시,,확실,확정,ch01,19,19
F26,사실,F26,처음 밝혀짐,드러냄,,2,2022-11-04,2,ch01,d_main_01af_03,동시,,확실,확정,ch01,19,19
F27,사실,F27,처음 밝혀짐,드러냄,,2,2022-11-04,2,ch01,d_main_01af_04,동시,,확실,확정,ch01,19,19
F28,사실,F28,처음 밝혀짐,드러냄,,2,2022-11-04,2,ch01,d_main_01af_04,동시,,확실,확정,ch01,19,19
F29,사실,F29,처음 밝혀짐,드러냄,,2,2022-11-04,2,ch01,d_main_01af_05,동시,,확실,확정,ch01,19,19
F29,사실,E595,재언급,재언급,F29,101,2025-02-20,358,ch35,d_main_35bf_06,뒤,,확실,확정,ch35,87,87
F30,사실,F30,처음 밝혀짐,드러냄,,3,2022-11-04,3,ch02,d_main_02_01,동시,,확실,확정,ch02,21,21
F31,사실,F31,처음 밝혀짐,드러냄,,3,2022-11-04,3,ch02,d_main_02_05,동시,,확실,확정,ch02,21,21
F32,사실,F32,처음 밝혀짐,드러냄,,3,2022-11-04,3,ch02,d_main_02_05,동시,,확실,확정,ch02,21,21
F33,사실,F33,처음 밝혀짐,드러냄,,3,2022-11-04,3,ch02,d_main_02_05,동시,,확실,확정,ch02,21,21
F34,사실,F34,처음 밝혀짐,드러냄,,3,2022-11-04,3,ch02,d_main_02_08_s,동시,,확실,확정,ch02,21,21
F35,사실,F35,처음 밝혀짐,드러냄,,3,2022-11-04,3,ch02,d_main_02_08_s,동시,,확실,확정,ch02,21,21
F36,사실,F36,처음 밝혀짐,드러냄,,3,2022-11-04,3,ch02,d_main_02_08_s,동시,,확실,확정,ch02,21,21
F37,사실,F37,처음 밝혀짐,드러냄,,3,2022-11-04,3,ch02,d_main_02af_01,동시,,확실,확정,ch02,21,21
F38,사실,F38,처음 밝혀짐,드러냄,,3,2022-11-04,3,ch02,d_main_02af_01,동시,,확실,확정,ch02,21,21
F39,사실,F39,처음 밝혀짐,드러냄,,3,2022-11-04,3,ch02,d_main_02af_01,동시,,확실,확정,ch02,21,21
F40,사실,F40,처음 밝혀짐,드러냄,,3,2022-11-04,3,ch02,d_main_02af_01,동시,,확실,확정,ch02,21,21
F40,사실,F40-2,보강,드러냄,,8,2022-11-04,42,ch07,d_main_07af_03,뒤,,확실,확정,ch07,31,31
F41,사실,F41,처음 밝혀짐,드러냄,,3,2022-11-04,3,ch02,d_main_02af_04,동시,,확실,확정,ch02,21,21
F42,사실,F42,처음 밝혀짐,드러냄,,3,2022-11-04,3,ch02,d_main_02af_07,동시,,확실,확정,ch02,21,21
F43,사실,F43,처음 밝혀짐,드러냄,,3,2022-11-04,3,ch02,d_main_02af_07,동시,,확실,확정,ch02,21,21
F43,사실,F43-2,보강,드러냄,,4,2022-11-04,6,ch03,d_main_03_03,뒤,,확실,확정,ch03,23,23
F44,사실,F44,처음 밝혀짐,드러냄,,3,2022-11-04,3,ch02,d_main_02af_07,동시,,확실,확정,ch02,21,21
F45,사실,F45,처음 밝혀짐,드러냄,,3,2022-11-04,3,ch02,d_main_02af_07,동시,,확실,확정,ch02,21,21
F46,사실,F46,처음 밝혀짐,드러냄,,3,2022-11-04,3,ch02,d_main_02af_07,동시,,확실,확정,ch02,21,21
F47,사실,F47,처음 밝혀짐,드러냄,,3,2022-11-04,3,ch02,d_main_02af_07,동시,,확실,확정,ch02,21,21
F48,사실,F48,처음 밝혀짐,드러냄,,3,2022-11-04,4,sub:칠리페퍼_00,sub:칠리페퍼_00,동시,,확실,확정,ch01–ch02 ~,20,
F49,사실,F49,처음 밝혀짐,드러냄,,3,2022-11-04,4,sub:칠리페퍼_00,sub:칠리페퍼_00,동시,,확실,확정,ch01–ch02 ~,20,
F50,사실,F50,처음 밝혀짐,드러냄,,3,2022-11-04,5,sub:테트라_커넥트_00,sub:테트라_커넥트_00,동시,,확실,확정,ch01–ch02 ~,20,
F51,사실,F51,처음 밝혀짐,드러냄,,3,2022-11-04,5,sub:테트라_커넥트_00,sub:테트라_커넥트_00,동시,,확실,확정,ch01–ch02 ~,20,
F52,사실,F52,처음 밝혀짐,드러냄,,3,2022-11-04,5,sub:테트라_커넥트_00,sub:테트라_커넥트_00,동시,,확실,확정,ch01–ch02 ~,20,
F53,사실,E14,암시,암시,F53,3,2022-11-04,5,sub:테트라_커넥트_00,sub:테트라_커넥트_00,동시,,추정,확정,ch01–ch02 ~,20,
F53,사실,F53,처음 밝혀짐,드러냄,,3,2022-11-04,5,sub:테트라_커넥트_00,sub:테트라_커넥트_00,동시,,확실,확정,ch01–ch02 ~,20,
F54,사실,F54,처음 밝혀짐,드러냄,,4,2022-11-04,6,ch03,d_main_03_01,동시,,확실,확정,ch03,23,23
F54,사실,E473,재언급,재언급,F54,89,2024-10-17,331,side:wordless,side:wordless_13,뒤,,추정,확정,ch24–ch25 ~,66,
F55,사실,F55,처음 밝혀짐,드러냄,,4,2022-11-04,6,ch03,d_main_03_01,동시,,확실,확정,ch03,23,23
F56,사실,F56,처음 밝혀짐,드러냄,,4,2022-11-04,6,ch03,d_main_03_03,동시,,확실,확정,ch03,23,23
F57,사실,F57,처음 밝혀짐,드러냄,,4,2022-11-04,6,ch03,d_main_03_03,동시,,확실,확정,ch03,23,23
F58,사실,F58,처음 밝혀짐,드러냄,,4,2022-11-04,6,ch03,d_main_03_03,동시,,확실,확정,ch03,23,23
F58,사실,E998,재언급,재언급,F58,135,2026-01-15,430,fl:sin_editor,fl:sin_editor_07,뒤,,확실,확정,,,
F59,사실,F59,처음 밝혀짐,드러냄,,4,2022-11-04,6,ch03,d_main_03_03,동시,,확실,확정,ch03,23,23
F60,사실,F60,처음 밝혀짐,드러냄,,4,2022-11-04,6,ch03,d_main_03_04,동시,,확실,확정,ch03,23,23
F61,사실,F61,처음 밝혀짐,드러냄,,4,2022-11-04,6,ch03,d_main_03_04,동시,,확실,확정,ch03,23,23
F61,사실,F61-2,뒤집힘,뒤집음,,5,2022-11-04,8,ch04,d_main_04_03_s,뒤,F71,확실,확정,ch04,25,25
F62,사실,F62,처음 밝혀짐,드러냄,,4,2022-11-04,6,ch03,d_main_03_06,동시,,확실,확정,ch03,23,23
F63,사실,F63,처음 밝혀짐,드러냄,,4,2022-11-04,6,ch03,d_main_03_06,동시,,확실,확정,ch03,23,23
F64,사실,F64,처음 밝혀짐,드러냄,,4,2022-11-04,6,ch03,d_main_03_06,동시,,확실,확정,ch03,23,23
F65,사실,F65,처음 밝혀짐,드러냄,,4,2022-11-04,6,ch03,d_main_03_07,동시,,확실,확정,ch03,23,23
F66,사실,F66,처음 밝혀짐,드러냄,,4,2022-11-04,7,sub:세르반_00,sub:세르반_00,동시,,확실,확정,,,
F67,사실,F67,처음 밝혀짐,드러냄,,4,2022-11-04,7,sub:세르반_00,sub:세르반_00,동시,,확실,확정,,,
F68,사실,F68,처음 밝혀짐,드러냄,,4,2022-11-04,7,sub:세르반_00,sub:세르반_00,동시,,확실,확정,,,
F68,사실,F68-2,보강,드러냄,,7,2022-11-04,39,sub:세르반_01,sub:세르반_01,뒤,,확실,확정,,,
F69,사실,F69,처음 밝혀짐,드러냄,,5,2022-11-04,8,ch04,d_main_04_02,동시,,확실,확정,ch04,25,25
F70,사실,F70,처음 밝혀짐,드러냄,,5,2022-11-04,8,ch04,d_main_04_03_s,동시,,확실,확정,ch04,25,25
F71,사실,F71,처음 밝혀짐,드러냄,,5,2022-11-04,8,ch04,d_main_04_04_s,동시,,확실,확정,ch04,25,25
F72,사실,F72,처음 밝혀짐,드러냄,,5,2022-11-04,8,ch04,d_main_04_04_e,동시,,확실,확정,ch04,25,25
F73,사실,F73,처음 밝혀짐,드러냄,,5,2022-11-04,8,ch04,d_main_04_04_e,동시,,확실,확정,ch04,25,25
F74,사실,F74,처음 밝혀짐,드러냄,,5,2022-11-04,8,ch04,d_main_04_04_e,동시,,확실,확정,ch04,25,25
F75,사실,F75,처음 밝혀짐,드러냄,,5,2022-11-04,8,ch04,d_main_04_09_e,동시,,확실,확정,ch04,25,25
F76,사실,F76,처음 밝혀짐,드러냄,,5,2022-11-04,8,ch04,d_main_04_09_e,동시,,확실,확정,ch04,25,25
F77,사실,F77,처음 밝혀짐,드러냄,,5,2022-11-04,8,ch04,d_main_04_09_e,동시,,확실,확정,ch04,25,25
F78,사실,F78,처음 밝혀짐,드러냄,,5,2022-11-04,8,ch04,d_main_04af_01,동시,,확실,확정,ch04,25,25
F79,사실,F79,처음 밝혀짐,드러냄,,5,2022-11-04,8,ch04,d_main_04af_01,동시,,확실,확정,ch04,25,25
F79,사실,E1435,재언급,재언급,F79,110,2025-05-01,382,char:162,ep:d_nikke_mihara_bondingchain_03,뒤,,확실,확정,ch36–ch37 ~,90,
F80,사실,F80,처음 밝혀짐,드러냄,,5,2022-11-04,8,ch04,d_main_04af_02,동시,,확실,확정,ch04,25,25
F81,사실,F81,처음 밝혀짐,드러냄,,5,2022-11-04,8,ch04,d_main_04af_03,동시,,확실,확정,ch04,25,25
F81,사실,E34,재언급,재언급,F81,7,2022-11-04,21,sub:트레저_헌터_03,sub:트레저_헌터_03,뒤,,추정,확정,,,
F82,사실,F82,처음 밝혀짐,드러냄,,5,2022-11-04,8,ch04,d_main_04af_03,동시,,확실,확정,ch04,25,25
F83,사실,F83,처음 밝혀짐,드러냄,,5,2022-11-04,8,ch04,d_main_04af_04,동시,,확실,확정,ch04,25,25
F84,사실,E6,암시,암시,F84,2,2022-11-04,2,ch01,d_main_01af_02,앞,,확실,확정,ch01,19,19
F84,사실,F84,처음 밝혀짐,드러냄,,5,2022-11-04,8,ch04,d_main_04af_04,동시,,확실,확정,ch04,25,25
F85,사실,F85,처음 밝혀짐,드러냄,,5,2022-11-04,8,ch04,d_main_04af_04,동시,,확실,확정,ch04,25,25
F86,사실,F86,처음 밝혀짐,드러냄,,5,2022-11-04,8,ch04,d_main_04af_04,동시,,확실,확정,ch04,25,25
F87,사실,F87,처음 밝혀짐,드러냄,,5,2022-11-04,8,ch04,d_main_04af_04,동시,,확실,확정,ch04,25,25
F88,사실,F88,처음 밝혀짐,드러냄,,5,2022-11-04,8,ch04,d_main_04af_04,동시,,확실,확정,ch04,25,25
F88,사실,E113,재언급,재언급,F88,17,2022-11-04,87,ch16,d_main_16af_02,뒤,,추정,확정,ch16,49,49
F89,사실,F89,처음 밝혀짐,드러냄,,5,2022-11-04,8,ch04,d_main_04af_05,동시,,확실,확정,ch04,25,25
F90,사실,F90,처음 밝혀짐,드러냄,,5,2022-11-04,8,ch04,d_main_04af_05,동시,,확실,확정,ch04,25,25
F91,사실,F91,처음 밝혀짐,드러냄,,5,2022-11-04,8,ch04,d_main_04af_06,동시,,확실,확정,ch04,25,25
F92,사실,F92,처음 밝혀짐,드러냄,,5,2022-11-04,8,ch04,d_main_04af_07,동시,,확실,확정,ch04,25,25
F93,사실,F93,처음 밝혀짐,드러냄,,5,2022-11-04,8,ch04,d_main_04af_07,동시,,확실,확정,ch04,25,25
F94,사실,F94,처음 밝혀짐,드러냄,,5,2022-11-04,8,ch04,d_main_04af_08,동시,,확실,확정,ch04,25,25
F95,사실,F95,처음 밝혀짐,드러냄,,5,2022-11-04,8,ch04,d_main_04af_08,동시,,확실,확정,ch04,25,25
F96,사실,F96,처음 밝혀짐,드러냄,,6,2022-11-04,9,ch05,d_main_05_02,동시,,확실,확정,ch05,27,27
F97,사실,F97,처음 밝혀짐,드러냄,,6,2022-11-04,9,ch05,d_main_05_04_e,동시,,확실,확정,ch05,27,27
F98,사실,F98,처음 밝혀짐,드러냄,,6,2022-11-04,9,ch05,d_main_05_04_e,동시,,추정,확정,ch05,27,27
F98,사실,F98-2,보강,드러냄,,7,2022-11-04,11,ch06,d_main_06_07,뒤,,추정,확정,ch06,29,29
F99,사실,F99,처음 밝혀짐,드러냄,,6,2022-11-04,9,ch05,d_main_05_07,동시,,확실,확정,ch05,27,27
F100,사실,F100,처음 밝혀짐,드러냄,,6,2022-11-04,9,ch05,d_main_05_05,동시,,확실,확정,ch05,27,27
F101,사실,F101,처음 밝혀짐,드러냄,,6,2022-11-04,9,ch05,d_main_05_07,동시,,확실,확정,ch05,27,27
F102,사실,F102,처음 밝혀짐,드러냄,,6,2022-11-04,9,ch05,d_main_05_07,동시,,확실,확정,ch05,27,27
F103,사실,F103,처음 밝혀짐,드러냄,,6,2022-11-04,9,ch05,d_main_05_10,동시,,확실,확정,ch05,27,27
F104,사실,F104,처음 밝혀짐,드러냄,,6,2022-11-04,9,ch05,d_main_05_10,동시,,확실,확정,ch05,27,27
F105,사실,F105,처음 밝혀짐,드러냄,,6,2022-11-04,9,ch05,d_main_05_07,동시,,확실,확정,ch05,27,27
F106,사실,F106,처음 밝혀짐,드러냄,,6,2022-11-04,9,ch05,d_main_05_07,동시,,확실,확정,ch05,27,27
F107,사실,F107,처음 밝혀짐,드러냄,,6,2022-11-04,9,ch05,d_main_05_11_s,동시,,확실,확정,ch05,27,27
F108,사실,F108,처음 밝혀짐,드러냄,,6,2022-11-04,10,sub:중앙_정부_공식__00,sub:중앙_정부_공식__00,동시,,확실,확정,,,
F109,사실,F109,처음 밝혀짐,드러냄,,6,2022-11-04,10,sub:중앙_정부_공식__00,sub:중앙_정부_공식__00,동시,,확실,확정,,,
F110,사실,F110,처음 밝혀짐,드러냄,,6,2022-11-04,10,sub:중앙_정부_공식__00,sub:중앙_정부_공식__00,동시,,확실,확정,,,
F111,사실,F111,처음 밝혀짐,드러냄,,6,2022-11-04,10,sub:중앙_정부_공식__00,sub:중앙_정부_공식__00,동시,,확실,확정,,,
F112,사실,F112,처음 밝혀짐,드러냄,,7,2022-11-04,11,ch06,d_main_06_02,동시,,확실,확정,ch06,29,29
F113,사실,F113,처음 밝혀짐,드러냄,,7,2022-11-04,11,ch06,d_main_06_02,동시,,확실,확정,ch06,29,29
F114,사실,F114,처음 밝혀짐,드러냄,,7,2022-11-04,11,ch06,d_main_06_03,동시,,확실,확정,ch06,29,29
F115,사실,F115,처음 밝혀짐,드러냄,,7,2022-11-04,11,ch06,d_main_06_04,동시,,확실,확정,ch06,29,29
F116,사실,F116,처음 밝혀짐,드러냄,,7,2022-11-04,11,ch06,d_main_06_04,동시,,확실,확정,ch06,29,29
F117,사실,F117,처음 밝혀짐,드러냄,,7,2022-11-04,11,ch06,d_main_06_04,동시,,확실,확정,ch06,29,29
F118,사실,F118,처음 밝혀짐,드러냄,,7,2022-11-04,11,ch06,d_main_06_04,동시,,확실,확정,ch06,29,29
F119,사실,F119,처음 밝혀짐,드러냄,,7,2022-11-04,11,ch06,d_main_06_06,동시,,확실,확정,ch06,29,29
F120,사실,F120,처음 밝혀짐,드러냄,,7,2022-11-04,11,ch06,d_main_06_07,동시,,확실,확정,ch06,29,29
F120,사실,E803,재언급,재언급,F120,118,2025-08-07,396,ch39,d_main_39_11,뒤,,확실,확정,ch39,95,95
F121,사실,F121,처음 밝혀짐,드러냄,,7,2022-11-04,11,ch06,d_main_06_08_s,동시,,확실,확정,ch06,29,29
F122,사실,F122,처음 밝혀짐,드러냄,,7,2022-11-04,11,ch06,d_main_06_08_s,동시,,확실,확정,ch06,29,29
F123,사실,F123,처음 밝혀짐,드러냄,,7,2022-11-04,11,ch06,d_main_06_08_s,동시,,확실,확정,ch06,29,29
F124,사실,F124,처음 밝혀짐,드러냄,,7,2022-11-04,11,ch06,d_main_06_08_s,동시,,확실,확정,ch06,29,29
F124,사실,F124-2,보강,드러냄,,8,2022-11-04,42,ch07,d_main_07_05,뒤,,확실,확정,ch07,31,31
F125,사실,F125,처음 밝혀짐,드러냄,,7,2022-11-04,11,ch06,d_main_06_08_e,동시,,확실,확정,ch06,29,29
F126,사실,F126,처음 밝혀짐,드러냄,,7,2022-11-04,11,ch06,d_main_06_08_e,동시,,확실,확정,ch06,29,29
F126,사실,E726,재언급,재언급,F126,111,2025-05-15,383,event_arcanearchive,event_arcanearchive_06_s,뒤,,확실,확정,ch26–ch27 ~,70,
F127,사실,F127,처음 밝혀짐,드러냄,,7,2022-11-04,11,ch06,d_main_06_08_e,동시,,확실,확정,ch06,29,29
F127,사실,F127-2,보강,드러냄,,8,2022-11-04,42,ch07,d_main_07_02,뒤,,확실,확정,ch07,31,31
F128,사실,F128,처음 밝혀짐,드러냄,,7,2022-11-04,12,relic:어느남자의수기,relic:어느남자의수기_00,동시,,확실,확정,@랩쳐_침공–@갓데스_투입 ~ @아크_가디언_작전–@방주_밀봉,2,8
F129,사실,F129,처음 밝혀짐,드러냄,,7,2022-11-04,12,relic:어느남자의수기,relic:어느남자의수기_01,동시,,확실,확정,@랩쳐_침공–@갓데스_투입 ~ @아크_가디언_작전–@방주_밀봉,2,8
F130,사실,F130,처음 밝혀짐,드러냄,,7,2022-11-04,15,relic:생존가이드1,relic:생존가이드1_00,동시,,확실,확정,@랩쳐_침공–@갓데스_투입 ~,2,
F131,사실,F131,처음 밝혀짐,드러냄,,7,2022-11-04,16,relic:통화기록017515,relic:통화기록017515_00,동시,,확실,확정,@랩쳐_침공 전 ~ @랩쳐_침공–@갓데스_투입,0,2
F132,사실,F132,처음 밝혀짐,드러냄,,7,2022-11-04,17,relic:방주추첨권,relic:방주추첨권_00,동시,,확실,확정,@랩쳐_침공–@갓데스_투입 ~ @아크_가디언_작전–@방주_밀봉,2,8
F132,사실,E77,재언급,재언급,F132,12,2022-11-04,72,relic:구시대의플레이리스트,relic:구시대의플레이리스트_02,뒤,,추정,확정,@랩쳐_침공–@갓데스_투입 ~,2,
F133,사실,F133,처음 밝혀짐,드러냄,,7,2022-11-04,17,relic:방주추첨권,relic:방주추첨권_02,동시,,확실,확정,@랩쳐_침공–@갓데스_투입 ~ @아크_가디언_작전–@방주_밀봉,2,8
F134,사실,F134,처음 밝혀짐,드러냄,,7,2022-11-04,13,sub:콜렉터_00,sub:콜렉터_00,동시,,확실,확정,,,
F135,사실,F135,처음 밝혀짐,드러냄,,7,2022-11-04,13,sub:콜렉터_00,sub:콜렉터_00,동시,,확실,확정,,,
F136,사실,F136,처음 밝혀짐,드러냄,,7,2022-11-04,13,sub:콜렉터_00,sub:콜렉터_00,동시,,확실,확정,,,
F136,사실,E1569,재언급,재언급,F136,154,2026-08-13,474,fl:persona_on_frontline,fl:persona_on_frontline_14,뒤,,확실,확정,ch22–ch23 ~,62,
F137,사실,F137,처음 밝혀짐,드러냄,,7,2022-11-04,13,sub:콜렉터_00,sub:콜렉터_00,동시,,확실,확정,,,
F138,사실,E12,암시,암시,F138,7,2022-11-04,13,sub:콜렉터_00,sub:콜렉터_00,동시,,확실,확정,,,
F138,사실,F138,처음 밝혀짐,드러냄,,7,2022-11-04,14,sub:콜렉터_01,sub:콜렉터_01,동시,,확실,확정,,,
F139,사실,F139,처음 밝혀짐,드러냄,,7,2022-11-04,14,sub:콜렉터_01,sub:콜렉터_01,동시,,확실,확정,,,
F140,사실,F140,처음 밝혀짐,드러냄,,7,2022-11-04,14,sub:콜렉터_01,sub:콜렉터_01,동시,,확실,확정,,,
F141,사실,F141,처음 밝혀짐,드러냄,,7,2022-11-04,14,sub:콜렉터_01,sub:콜렉터_01,동시,,확실,확정,,,
F141,사실,E232,재언급,재언급,F141,43,2023-07-20,219,sub:콜렉터_02,sub:콜렉터_02,뒤,,확실,확정,ch23,63,63
F142,사실,F142,처음 밝혀짐,드러냄,,7,2022-11-04,14,sub:콜렉터_01,sub:콜렉터_01,동시,,확실,확정,,,
F143,사실,F143,처음 밝혀짐,드러냄,,7,2022-11-04,18,sub:트레저_헌터_00,sub:트레저_헌터_00,동시,,확실,확정,,,
F144,사실,F144,처음 밝혀짐,드러냄,,7,2022-11-04,19,sub:트레저_헌터_01,sub:트레저_헌터_01,동시,,확실,확정,,,
F145,사실,F145,처음 밝혀짐,드러냄,,7,2022-11-04,19,sub:트레저_헌터_01,sub:트레저_헌터_01,동시,,확실,확정,,,
F146,사실,F146,처음 밝혀짐,드러냄,,7,2022-11-04,20,sub:트레저_헌터_02,sub:트레저_헌터_02,동시,,확실,확정,,,
F146,사실,F146-2,뒤집힘,뒤집음,,7,2022-11-04,21,sub:트레저_헌터_03,sub:트레저_헌터_03,동시,F149,확실,확정,,,
F147,사실,F147,처음 밝혀짐,드러냄,,7,2022-11-04,20,sub:트레저_헌터_02,sub:트레저_헌터_02,동시,,확실,확정,,,
F148,사실,E32,암시,암시,F148,7,2022-11-04,19,sub:트레저_헌터_01,sub:트레저_헌터_01,동시,,추정,확정,,,
F148,사실,E33,암시,암시,F148,7,2022-11-04,20,sub:트레저_헌터_02,sub:트레저_헌터_02,동시,,추정,확정,,,
F148,사실,F148,처음 밝혀짐,드러냄,,7,2022-11-04,21,sub:트레저_헌터_03,sub:트레저_헌터_03,동시,,확실,확정,,,
F149,사실,F149,처음 밝혀짐,드러냄,,7,2022-11-04,21,sub:트레저_헌터_03,sub:트레저_헌터_03,동시,,확실,확정,,,
F150,사실,E30,암시,암시,F150,7,2022-11-04,18,sub:트레저_헌터_00,sub:트레저_헌터_00,동시,,추정,확정,,,
F150,사실,E31,암시,암시,F150,7,2022-11-04,19,sub:트레저_헌터_01,sub:트레저_헌터_01,동시,,확실,확정,,,
F150,사실,F150,처음 밝혀짐,드러냄,,7,2022-11-04,21,sub:트레저_헌터_03,sub:트레저_헌터_03,동시,,확실,확정,,,
F151,사실,F151,처음 밝혀짐,드러냄,,7,2022-11-04,22,sub:이례의_기록자_00,sub:이례의_기록자_00,동시,,확실,확정,,,
F152,사실,F152,처음 밝혀짐,드러냄,,7,2022-11-04,22,sub:이례의_기록자_00,sub:이례의_기록자_00,동시,,확실,확정,,,
F153,사실,F153,처음 밝혀짐,드러냄,,7,2022-11-04,23,sub:랩칠리언_00,sub:랩칠리언_00,동시,,확실,확정,~ ch26–ch27,,70
F154,사실,F154,처음 밝혀짐,드러냄,,7,2022-11-04,23,sub:랩칠리언_00,sub:랩칠리언_00,동시,,확실,확정,~ ch26–ch27,,70
F155,사실,F155,처음 밝혀짐,드러냄,,7,2022-11-04,23,sub:랩칠리언_00,sub:랩칠리언_00,동시,,확실,확정,~ ch26–ch27,,70
F156,사실,F156,처음 밝혀짐,드러냄,,7,2022-11-04,24,sub:랩칠리언_01,sub:랩칠리언_01,동시,,확실,확정,~ ch26–ch27,,70
F156,사실,E814,재언급,재언급,F156,118,2025-08-07,397,relic:정갈하게쓴기록,relic:정갈하게쓴기록_02,뒤,,확실,확정,ch02–ch03 ~ ch38–ch39,22,94
F157,사실,F157,처음 밝혀짐,드러냄,,7,2022-11-04,24,sub:랩칠리언_01,sub:랩칠리언_01,동시,,확실,확정,~ ch26–ch27,,70
F158,사실,F158,처음 밝혀짐,드러냄,,7,2022-11-04,25,sub:랩칠리언_02,sub:랩칠리언_02,동시,,확실,확정,~ ch26–ch27,,70
F159,사실,F159,처음 밝혀짐,드러냄,,7,2022-11-04,25,sub:랩칠리언_02,sub:랩칠리언_02,동시,,확실,확정,~ ch26–ch27,,70
F160,사실,F160,처음 밝혀짐,드러냄,,7,2022-11-04,26,sub:랩칠리언_03,sub:랩칠리언_03,동시,,확실,확정,~ ch26–ch27,,70
F161,사실,F161,처음 밝혀짐,드러냄,,7,2022-11-04,26,sub:랩칠리언_03,sub:랩칠리언_03,동시,,확실,확정,~ ch26–ch27,,70
F162,사실,F162,처음 밝혀짐,드러냄,,7,2022-11-04,27,sub:랩칠리언_04,sub:랩칠리언_04,동시,,확실,확정,~ ch26–ch27,,70
F163,사실,F163,처음 밝혀짐,드러냄,,7,2022-11-04,27,sub:랩칠리언_04,sub:랩칠리언_04,동시,,확실,확정,~ ch26–ch27,,70
F164,사실,F164,처음 밝혀짐,드러냄,,7,2022-11-04,27,sub:랩칠리언_04,sub:랩칠리언_04,동시,,확실,확정,~ ch26–ch27,,70
F165,사실,F165,처음 밝혀짐,드러냄,,7,2022-11-04,27,sub:랩칠리언_04,sub:랩칠리언_04,동시,,확실,확정,~ ch26–ch27,,70
F166,사실,F166,처음 밝혀짐,드러냄,,7,2022-11-04,27,sub:랩칠리언_04,sub:랩칠리언_04,동시,,확실,확정,~ ch26–ch27,,70
F167,사실,F167,처음 밝혀짐,드러냄,,7,2022-11-04,28,sub:랩칠리언_05,sub:랩칠리언_05,동시,,확실,확정,ch02–ch03 ~ ch26–ch27,22,70
F168,사실,F168,처음 밝혀짐,드러냄,,7,2022-11-04,28,sub:랩칠리언_05,sub:랩칠리언_05,동시,,확실,확정,ch02–ch03 ~ ch26–ch27,22,70
F169,사실,F169,처음 밝혀짐,드러냄,,7,2022-11-04,28,sub:랩칠리언_05,sub:랩칠리언_05,동시,,확실,확정,ch02–ch03 ~ ch26–ch27,22,70
F170,사실,F170,처음 밝혀짐,드러냄,,7,2022-11-04,28,sub:랩칠리언_05,sub:랩칠리언_05,동시,,확실,확정,ch02–ch03 ~ ch26–ch27,22,70
F171,사실,F171,처음 밝혀짐,드러냄,,7,2022-11-04,29,sub:랩칠리언_06,sub:랩칠리언_06,동시,,확실,확정,ch02–ch03 ~ ch26–ch27,22,70
F171,사실,F171-2,보강,드러냄,,15,2022-11-04,80,ch14,d_main_14_07,뒤,,확실,확정,ch14,45,45
F171,사실,E1161,재언급,재언급,F171,144,2026-04-23,454,event_staranis1,event_staranis2_05_s,뒤,,확실,확정,ch46–ch47 ~ ch47,110,111
F171,사실,E1193,재언급,재언급,F171,151,2026-07-23,467,fl:project_matis,fl:project_matis_14,뒤,,추정,확정,ch46–ch47 ~,110,
F172,사실,F172,처음 밝혀짐,드러냄,,7,2022-11-04,29,sub:랩칠리언_06,sub:랩칠리언_06,동시,,확실,확정,ch02–ch03 ~ ch26–ch27,22,70
F173,사실,F173,처음 밝혀짐,드러냄,,7,2022-11-04,29,sub:랩칠리언_06,sub:랩칠리언_06,동시,,확실,확정,ch02–ch03 ~ ch26–ch27,22,70
F173,사실,E812,재언급,재언급,F173,118,2025-08-07,397,relic:정갈하게쓴기록,relic:정갈하게쓴기록_00,뒤,,확실,확정,ch02–ch03 ~ ch38–ch39,22,94
F174,사실,F174,처음 밝혀짐,드러냄,,7,2022-11-04,29,sub:랩칠리언_06,sub:랩칠리언_06,동시,,확실,확정,ch02–ch03 ~ ch26–ch27,22,70
F175,사실,F175,처음 밝혀짐,드러냄,,7,2022-11-04,29,sub:랩칠리언_06,sub:랩칠리언_06,동시,,확실,확정,ch02–ch03 ~ ch26–ch27,22,70
F176,사실,F176,처음 밝혀짐,드러냄,,7,2022-11-04,30,sub:할아범_00,sub:할아범_00,동시,,확실,확정,~ ch22,,61
F176,사실,E178,재언급,재언급,F176,36,2023-04-27,201,sub:할아범_01,sub:할아범_01,뒤,,확실,확정,ch22,61,61
F177,사실,F177,처음 밝혀짐,드러냄,,7,2022-11-04,31,relic:갓데스스쿼드리포트,relic:갓데스스쿼드리포트_00,동시,,확실,확정,@아크_가디언_작전–@방주_밀봉 ~ @방주_밀봉,8,9
F178,사실,F178,처음 밝혀짐,드러냄,,7,2022-11-04,31,relic:갓데스스쿼드리포트,relic:갓데스스쿼드리포트_02,동시,,확실,확정,@아크_가디언_작전–@방주_밀봉 ~ @방주_밀봉,8,9
F179,사실,F179,처음 밝혀짐,드러냄,,7,2022-11-04,31,relic:갓데스스쿼드리포트,relic:갓데스스쿼드리포트_04,동시,,확실,확정,@아크_가디언_작전–@방주_밀봉 ~ @방주_밀봉,8,9
F180,사실,F180,처음 밝혀짐,드러냄,,7,2022-11-04,32,sub:고스트_00,sub:고스트_00,동시,,확실,확정,,,
F181,사실,F181,처음 밝혀짐,드러냄,,7,2022-11-04,32,sub:고스트_00,sub:고스트_00,동시,,확실,확정,,,
F182,사실,F182,처음 밝혀짐,드러냄,,7,2022-11-04,33,sub:시리얼_00,sub:시리얼_00,동시,,확실,확정,,,
F183,사실,F183,처음 밝혀짐,드러냄,,7,2022-11-04,34,sub:시리얼_01,sub:시리얼_01,동시,,확실,확정,,,
F184,사실,F184,처음 밝혀짐,드러냄,,7,2022-11-04,34,sub:시리얼_01,sub:시리얼_01,동시,,확실,확정,,,
F185,사실,F185,처음 밝혀짐,드러냄,,7,2022-11-04,34,sub:시리얼_01,sub:시리얼_01,동시,,확실,확정,,,
F186,사실,F186,처음 밝혀짐,드러냄,,7,2022-11-04,34,sub:시리얼_01,sub:시리얼_01,동시,,확실,확정,,,
F187,사실,F187,처음 밝혀짐,드러냄,,7,2022-11-04,35,sub:산해진미_00,sub:산해진미_00,동시,,확실,확정,,,
F188,사실,F188,처음 밝혀짐,드러냄,,7,2022-11-04,35,sub:산해진미_00,sub:산해진미_00,동시,,확실,확정,,,
F189,사실,F189,처음 밝혀짐,드러냄,,7,2022-11-04,36,sub:산해진미_01,sub:산해진미_01,동시,,확실,확정,,,
F190,사실,F190,처음 밝혀짐,드러냄,,7,2022-11-04,36,sub:산해진미_01,sub:산해진미_01,동시,,확실,확정,,,
F191,사실,F191,처음 밝혀짐,드러냄,,7,2022-11-04,37,relic:니케실험대상자모집,relic:니케실험대상자모집_00,동시,,확실,확정,@랩쳐_침공–@갓데스_투입 ~,2,
F192,사실,F192,처음 밝혀짐,드러냄,,7,2022-11-04,38,relic:통화기록028594,relic:통화기록028594_00,동시,,확실,확정,@갓데스_투입–@궤도_엘리베이터_강습 ~ @아크_가디언_작전–@방주_밀봉,4,8
F193,사실,F193,처음 밝혀짐,드러냄,,7,2022-11-04,38,relic:통화기록028594,relic:통화기록028594_02,동시,,확실,확정,@갓데스_투입–@궤도_엘리베이터_강습 ~ @아크_가디언_작전–@방주_밀봉,4,8
F194,사실,F194,처음 밝혀짐,드러냄,,7,2022-11-04,39,sub:세르반_01,sub:세르반_01,동시,,확실,확정,,,
F195,사실,F195,처음 밝혀짐,드러냄,,7,2022-11-04,39,sub:세르반_01,sub:세르반_01,동시,,확실,확정,,,
F195,사실,E59,재언급,재언급,F195,8,2022-11-04,44,sub:세르반_02,sub:세르반_02,뒤,,확실,확정,,,
F196,사실,F196,처음 밝혀짐,드러냄,,7,2022-11-04,39,sub:세르반_01,sub:세르반_01,동시,,확실,확정,,,
F196,사실,E1025,재언급,재언급,F196,138,2026-02-12,436,ch44,d_main_44_af_02,뒤,,확실,확정,ch44,105,105
F197,사실,F197,처음 밝혀짐,드러냄,,7,2022-11-04,40,sub:저스틴_00,sub:저스틴_00,동시,,확실,확정,,,
F198,사실,F198,처음 밝혀짐,드러냄,,7,2022-11-04,40,sub:저스틴_00,sub:저스틴_00,동시,,확실,확정,,,
F199,사실,F199,처음 밝혀짐,드러냄,,7,2022-11-04,40,sub:저스틴_00,sub:저스틴_00,동시,,확실,확정,,,
F200,사실,F200,처음 밝혀짐,드러냄,,7,2022-11-04,41,relic:니케실험반대피켓,relic:니케실험반대피켓_00,동시,,확실,확정,@갓데스_투입–@궤도_엘리베이터_강습 ~,4,
F201,사실,F201,처음 밝혀짐,드러냄,,7,2022-11-04,41,relic:니케실험반대피켓,relic:니케실험반대피켓_01,동시,,확실,확정,@갓데스_투입–@궤도_엘리베이터_강습 ~,4,
F202,사실,E47,암시,암시,F202,7,2022-11-04,38,relic:통화기록028594,relic:통화기록028594_02,동시,,추정,확정,@갓데스_투입–@궤도_엘리베이터_강습 ~ @아크_가디언_작전–@방주_밀봉,4,8
F202,사실,F202,처음 밝혀짐,드러냄,,7,2022-11-04,41,relic:니케실험반대피켓,relic:니케실험반대피켓_02,동시,,확실,확정,@갓데스_투입–@궤도_엘리베이터_강습 ~,4,
F203,사실,F203,처음 밝혀짐,드러냄,,8,2022-11-04,42,ch07,d_main_07_02,동시,,확실,확정,ch07,31,31
F203,사실,E207,재언급,재언급,F203,36,2023-04-27,203,event_overzone,event_overzone2_epilogue,뒤,,확실,확정,@2차_지상_탈환전–ch00,16,16
F204,사실,F204,처음 밝혀짐,드러냄,,8,2022-11-04,42,ch07,d_main_07_02,동시,,확실,확정,ch07,31,31
F205,사실,F205,처음 밝혀짐,드러냄,,8,2022-11-04,42,ch07,d_main_07_03,동시,,확실,확정,ch07,31,31
F206,사실,F206,처음 밝혀짐,드러냄,,8,2022-11-04,42,ch07,d_main_07_05,동시,,확실,확정,ch07,31,31
F207,사실,F207,처음 밝혀짐,드러냄,,8,2022-11-04,42,ch07,d_main_07_06_s,동시,,확실,확정,ch07,31,31
F208,사실,F208,처음 밝혀짐,드러냄,,8,2022-11-04,42,ch07,d_main_07_06_s,동시,,확실,확정,ch07,31,31
F208,사실,E1262,재언급,재언급,F208,17,2022-11-04,107,char:102,ep:d_nikke_maxwell_01,뒤,,확실,확정,ch15–ch16 ~,48,
F209,사실,E50,암시,암시,F209,7,2022-11-04,11,ch06,d_main_06_08_e,앞,,확실,확정,ch06,29,29
F209,사실,F209,처음 밝혀짐,드러냄,,8,2022-11-04,42,ch07,d_main_07_06_e,동시,,확실,확정,ch07,31,31
F210,사실,F210,처음 밝혀짐,드러냄,,8,2022-11-04,42,ch07,d_main_07_06_e,동시,,확실,확정,ch07,31,31
F210,사실,E87,재언급,재언급,F210,14,2022-11-04,76,ch13,d_main_13_08_s,뒤,,확실,확정,ch13,43,43
F210,사실,E409,재언급,재언급,F210,73,2024-04-25,295,event_lastkingdom1,event_lastkingdom2_04_e,뒤,,확실,확정,ch26–ch27 ~,70,
F211,사실,F211,처음 밝혀짐,드러냄,,8,2022-11-04,42,ch07,d_main_07_06_e,동시,,확실,확정,ch07,31,31
F212,사실,F212,처음 밝혀짐,드러냄,,8,2022-11-04,42,ch07,d_main_07_06_e,동시,,확실,확정,ch07,31,31
F213,사실,F213,처음 밝혀짐,드러냄,,8,2022-11-04,42,ch07,d_main_07af_02,동시,,확실,확정,ch07,31,31
F214,사실,F214,처음 밝혀짐,드러냄,,8,2022-11-04,42,ch07,d_main_07af_03,동시,,확실,확정,ch07,31,31
F215,사실,F215,처음 밝혀짐,드러냄,,8,2022-11-04,42,ch07,d_main_07af_04,동시,,확실,확정,ch07,31,31
F216,사실,F216,처음 밝혀짐,드러냄,,8,2022-11-04,42,ch07,d_main_07af_04,동시,,확실,확정,ch07,31,31
F217,사실,F217,처음 밝혀짐,드러냄,,8,2022-11-04,42,ch07,d_main_07af_04,동시,,확실,확정,ch07,31,31
F218,사실,F218,처음 밝혀짐,드러냄,,8,2022-11-04,43,sub:중앙_정부_공식__01,sub:중앙_정부_공식__01,동시,,확실,확정,,,
F219,사실,F219,처음 밝혀짐,드러냄,,8,2022-11-04,43,sub:중앙_정부_공식__01,sub:중앙_정부_공식__01,동시,,확실,확정,,,
F220,사실,F220,처음 밝혀짐,드러냄,,8,2022-11-04,43,sub:중앙_정부_공식__01,sub:중앙_정부_공식__01,동시,,확실,확정,,,
F221,사실,F221,처음 밝혀짐,드러냄,,8,2022-11-04,44,sub:세르반_02,sub:세르반_02,동시,,확실,확정,,,
F222,사실,F222,처음 밝혀짐,드러냄,,8,2022-11-04,44,sub:세르반_02,sub:세르반_02,동시,,확실,확정,,,
F223,사실,F223,처음 밝혀짐,드러냄,,8,2022-11-04,45,sub:스페이드_00,sub:스페이드_00,동시,,확실,확정,,,
F224,사실,F224,처음 밝혀짐,드러냄,,8,2022-11-04,45,sub:스페이드_00,sub:스페이드_00,동시,,추정,확정,,,
F225,사실,F225,처음 밝혀짐,드러냄,,8,2022-11-04,45,sub:스페이드_00,sub:스페이드_00,동시,,확실,확정,,,
F226,사실,F226,처음 밝혀짐,드러냄,,8,2022-11-04,46,sub:러블리_드림_00,sub:러블리_드림_00,동시,,확실,확정,,,
F227,사실,F227,처음 밝혀짐,드러냄,,8,2022-11-04,46,sub:러블리_드림_00,sub:러블리_드림_00,동시,,확실,확정,,,
F228,사실,F228,처음 밝혀짐,드러냄,,8,2022-11-04,47,sub:러블리_드림_01,sub:러블리_드림_01,동시,,확실,확정,,,
F229,사실,F229,처음 밝혀짐,드러냄,,8,2022-11-04,48,relic:채팅로그_얼리어답터,relic:채팅로그_얼리어답터_01,동시,,확실,확정,@랩쳐_침공–@갓데스_투입 ~ @갓데스_투입,2,3
F230,사실,F230,처음 밝혀짐,드러냄,,8,2022-11-04,49,d_ex_elevator_01,d_ex_elevator_01,동시,,확실,확정,@갓데스_폴 ~,13,
F231,사실,F231,처음 밝혀짐,드러냄,,8,2022-11-04,49,d_ex_elevator_01,d_ex_elevator_01,동시,,확실,확정,@갓데스_폴 ~,13,
F231,사실,F231-2,보강,드러냄,,96,2024-12-26,350,event_footstepwalkrun1,event_footstepwalkrun1_01_e,뒤,,확실,확정,ch34–ch35 ~ ch35,86,87
F232,사실,F232,처음 밝혀짐,드러냄,,8,2022-11-04,49,d_ex_elevator_01,d_ex_elevator_01,동시,,확실,확정,@갓데스_폴 ~,13,
F232,사실,F232-2,보강,드러냄,,96,2024-12-26,350,event_footstepwalkrun1,event_footstepwalkrun1_01_e,뒤,,확실,확정,ch34–ch35 ~ ch35,86,87
F233,사실,E62,암시,암시,F233,8,2022-11-04,49,d_ex_elevator_01,d_ex_elevator_01,동시,,확실,확정,@갓데스_폴 ~,13,
F233,사실,F233,처음 밝혀짐,드러냄,,8,2022-11-04,49,d_ex_elevator_01,d_ex_elevator_01,동시,,확실,확정,@갓데스_폴 ~,13,
F234,사실,F234,처음 밝혀짐,드러냄,,9,2022-11-04,50,ch08,d_main_08_01,동시,,확실,확정,ch08,33,33
F234,사실,F234-2,뒤집힘,뒤집음,,10,2022-11-04,55,ch09,d_main_09_06_s,뒤,F248,확실,확정,ch09,35,35
F235,사실,F235,처음 밝혀짐,드러냄,,9,2022-11-04,50,ch08,d_main_08_01,동시,,확실,확정,ch08,33,33
F236,사실,F236,처음 밝혀짐,드러냄,,9,2022-11-04,50,ch08,d_main_08_04,동시,,확실,확정,ch08,33,33
F237,사실,F237,처음 밝혀짐,드러냄,,9,2022-11-04,50,ch08,d_main_08_04,동시,,확실,확정,ch08,33,33
F238,사실,F238,처음 밝혀짐,드러냄,,9,2022-11-04,50,ch08,d_main_08_06,동시,,추정,확정,ch08,33,33
F239,사실,F239,처음 밝혀짐,드러냄,,9,2022-11-04,51,sub:칠리페퍼_01,sub:칠리페퍼_01,동시,,확실,확정,ch01–ch02 ~,20,
F240,사실,F240,처음 밝혀짐,드러냄,,9,2022-11-04,51,sub:칠리페퍼_01,sub:칠리페퍼_01,동시,,확실,확정,ch01–ch02 ~,20,
F241,사실,F241,처음 밝혀짐,드러냄,,9,2022-11-04,51,sub:칠리페퍼_01,sub:칠리페퍼_01,동시,,확실,확정,ch01–ch02 ~,20,
F242,사실,F242,처음 밝혀짐,드러냄,,9,2022-11-04,52,sub:든_셀_00,sub:든_셀_00,동시,,확실,확정,ch07–ch08 ~,32,
F243,사실,F243,처음 밝혀짐,드러냄,,9,2022-11-04,52,sub:든_셀_00,sub:든_셀_00,동시,,확실,확정,ch07–ch08 ~,32,
F244,사실,F244,처음 밝혀짐,드러냄,,9,2022-11-04,52,sub:든_셀_00,sub:든_셀_00,동시,,확실,확정,ch07–ch08 ~,32,
F245,사실,F245,처음 밝혀짐,드러냄,,9,2022-11-04,53,relic:광고팜플렛,relic:광고팜플렛_00,동시,,확실,확정,@랩쳐_침공–@갓데스_투입 ~ @아크_가디언_작전–@방주_밀봉,2,8
F246,사실,F246,처음 밝혀짐,드러냄,,9,2022-11-04,54,relic:UFO챈.zip,relic:UFO챈.zip_00,동시,,확실,확정,@랩쳐_침공–@갓데스_투입 ~ @갓데스_투입,2,3
F247,사실,F247,처음 밝혀짐,드러냄,,9,2022-11-04,54,relic:UFO챈.zip,relic:UFO챈.zip_01,동시,,확실,확정,@랩쳐_침공–@갓데스_투입 ~ @갓데스_투입,2,3
F248,사실,E63,암시,암시,F248,9,2022-11-04,50,ch08,d_main_08_01,앞,,확실,확정,ch08,33,33
F248,사실,E64,암시,암시,F248,9,2022-11-04,50,ch08,d_main_08_06,앞,,추정,확정,ch08,33,33
F248,사실,E66,암시,암시,F248,10,2022-11-04,55,ch09,d_main_09_01,동시,,확실,확정,ch09,35,35
F248,사실,F248,처음 밝혀짐,드러냄,,10,2022-11-04,55,ch09,d_main_09_06_s,동시,,확실,확정,ch09,35,35
F248,사실,E85,재언급,재언급,F248,14,2022-11-04,76,ch13,d_main_13_02,뒤,,확실,확정,ch13,43,43
F249,사실,F249,처음 밝혀짐,드러냄,,10,2022-11-04,55,ch09,d_main_09_02_e,동시,,확실,확정,ch09,35,35
F249,사실,E101,재언급,재언급,F249,16,2022-11-04,85,ch15,d_main_15af_05,뒤,,확실,확정,ch15,47,47
F250,사실,F250,처음 밝혀짐,드러냄,,10,2022-11-04,55,ch09,d_main_09_04,동시,,확실,확정,ch09,35,35
F251,사실,E68,암시,암시,F251,10,2022-11-04,55,ch09,d_main_09_04,동시,,확실,확정,ch09,35,35
F251,사실,F251,처음 밝혀짐,드러냄,,10,2022-11-04,55,ch09,d_main_09_06_s,동시,,확실,확정,ch09,35,35
F252,사실,F252,처음 밝혀짐,드러냄,,10,2022-11-04,55,ch09,d_main_09af_01,동시,,확실,확정,ch09,35,35
F253,사실,F253,처음 밝혀짐,드러냄,,10,2022-11-04,55,ch09,d_main_09af_01,동시,,확실,확정,ch09,35,35
F254,사실,E67,암시,암시,F254,10,2022-11-04,55,ch09,d_main_09_02_e,동시,,추정,확정,ch09,35,35
F254,사실,F254,처음 밝혀짐,드러냄,,10,2022-11-04,55,ch09,d_main_09af_02,동시,,확실,확정,ch09,35,35
F255,사실,F255,처음 밝혀짐,드러냄,,10,2022-11-04,55,ch09,d_main_09af_04,동시,,확실,확정,ch09,35,35
F255,사실,E477,재언급,재언급,F255,90,2024-10-31,334,ch33,d_main_33_02_s,뒤,,확실,확정,ch33,83,83
F256,사실,F256,처음 밝혀짐,드러냄,,10,2022-11-04,55,ch09,d_main_09af_04,동시,,확실,확정,ch09,35,35
F257,사실,F257,처음 밝혀짐,드러냄,,10,2022-11-04,55,ch09,d_main_09af_05,동시,,확실,확정,ch09,35,35
F258,사실,F258,처음 밝혀짐,드러냄,,10,2022-11-04,55,ch09,d_main_09af_05,동시,,확실,확정,ch09,35,35
F259,사실,F259,처음 밝혀짐,드러냄,,10,2022-11-04,55,ch09,d_main_09af_06,동시,,확실,확정,ch09,35,35
F259,사실,E71,재언급,재언급,F259,11,2022-11-04,62,ch10,d_main_10_01,뒤,,확실,확정,ch10,37,37
F260,사실,F260,처음 밝혀짐,드러냄,,10,2022-11-04,55,ch09,d_main_09af_06,동시,,확실,확정,ch09,35,35
F261,사실,F261,처음 밝혀짐,드러냄,,10,2022-11-04,55,ch09,d_main_09af_06,동시,,확실,확정,ch09,35,35
F262,사실,F262,처음 밝혀짐,드러냄,,10,2022-11-04,56,sub:테디_00,sub:테디_00,동시,,확실,확정,,,
F263,사실,F263,처음 밝혀짐,드러냄,,10,2022-11-04,56,sub:테디_00,sub:테디_00,동시,,확실,확정,,,
F264,사실,F264,처음 밝혀짐,드러냄,,10,2022-11-04,56,sub:테디_00,sub:테디_00,동시,,확실,확정,,,
F265,사실,F265,처음 밝혀짐,드러냄,,10,2022-11-04,57,sub:미실리스_연구팀_00,sub:미실리스_연구팀_00,동시,,확실,확정,,,
F266,사실,F266,처음 밝혀짐,드러냄,,10,2022-11-04,57,sub:미실리스_연구팀_00,sub:미실리스_연구팀_00,동시,,확실,확정,,,
F267,사실,F267,처음 밝혀짐,드러냄,,10,2022-11-04,58,sub:미실리스_연구팀_01,sub:미실리스_연구팀_01,동시,,확실,확정,,,
F268,사실,F268,처음 밝혀짐,드러냄,,10,2022-11-04,58,sub:미실리스_연구팀_01,sub:미실리스_연구팀_01,동시,,확실,확정,,,
F269,사실,F269,처음 밝혀짐,드러냄,,10,2022-11-04,58,sub:미실리스_연구팀_01,sub:미실리스_연구팀_01,동시,,추정,확정,,,
F270,사실,F270,처음 밝혀짐,드러냄,,10,2022-11-04,59,sub:미실리스_연구팀_02,sub:미실리스_연구팀_02,동시,,확실,확정,,,
F271,사실,F271,처음 밝혀짐,드러냄,,10,2022-11-04,60,sub:미실리스_연구팀_03,sub:미실리스_연구팀_03,동시,,확실,확정,,,
F272,사실,F272,처음 밝혀짐,드러냄,,10,2022-11-04,60,sub:미실리스_연구팀_03,sub:미실리스_연구팀_03,동시,,확실,확정,,,
F273,사실,F273,처음 밝혀짐,드러냄,,10,2022-11-04,61,relic:지휘관모집공고,relic:지휘관모집공고_00,동시,,확실,확정,@랩쳐_침공–@갓데스_투입 ~ @아크_가디언_작전–@방주_밀봉,2,8
F274,사실,F274,처음 밝혀짐,드러냄,,11,2022-11-04,62,ch10,d_main_10_01,동시,,확실,확정,ch10,37,37
F275,사실,F275,처음 밝혀짐,드러냄,,11,2022-11-04,62,ch10,d_main_10_02,동시,,확실,확정,ch10,37,37
F276,사실,F276,처음 밝혀짐,드러냄,,11,2022-11-04,62,ch10,d_main_10_02,동시,,확실,확정,ch10,37,37
F276,사실,E830,재언급,재언급,F276,119,2025-08-07,400,fl:absolute,fl:absolute_00,뒤,,확실,확정,ch34–ch35 ~,86,
F277,사실,F277,처음 밝혀짐,드러냄,,11,2022-11-04,62,ch10,d_main_10_03_s,동시,,확실,확정,ch10,37,37
F278,사실,F278,처음 밝혀짐,드러냄,,11,2022-11-04,62,ch10,d_main_10_02,동시,,확실,확정,ch10,37,37
F279,사실,F279,처음 밝혀짐,드러냄,,11,2022-11-04,62,ch10,d_main_10_06,동시,,확실,확정,ch10,37,37
F279,사실,E459,재언급,재언급,F279,81,2024-07-25,310,ch32,d_main_32_af_02,뒤,,확실,확정,ch32,81,81
F280,사실,F280,처음 밝혀짐,드러냄,,11,2022-11-04,62,ch10,d_main_10_06,동시,,확실,확정,ch10,37,37
F281,사실,F281,처음 밝혀짐,드러냄,,11,2022-11-04,63,sub:코리_00,sub:코리_00,동시,,확실,확정,,,
F282,사실,F282,처음 밝혀짐,드러냄,,11,2022-11-04,63,sub:코리_00,sub:코리_00,동시,,확실,확정,,,
F283,사실,F283,처음 밝혀짐,드러냄,,11,2022-11-04,64,sub:롬_00,sub:롬_00,동시,,확실,확정,,,
F284,사실,F284,처음 밝혀짐,드러냄,,11,2022-11-04,64,sub:롬_00,sub:롬_00,동시,,추정,확정,,,
F285,사실,F285,처음 밝혀짐,드러냄,,11,2022-11-04,65,sub:롬_01,sub:롬_01,동시,,확실,확정,,,
F285,사실,E749,재언급,재언급,F285,113,2025-06-12,387,event_ce006,event_ce006_1_03_e,뒤,,확실,확정,ch26–ch27 ~,70,
F286,사실,F286,처음 밝혀짐,드러냄,,11,2022-11-04,66,sub:롬_02,sub:롬_02,동시,,확실,확정,,,
F286,사실,E744,재언급,재언급,F286,113,2025-06-12,387,event_ce006,event_ce006_1_01_e,뒤,,확실,확정,ch26–ch27 ~,70,
F287,사실,F287,처음 밝혀짐,드러냄,,11,2022-11-04,67,relic:어느소녀의수기,relic:어느소녀의수기_01,동시,,확실,확정,@랩쳐_침공–@갓데스_투입 ~ @아크_가디언_작전–@방주_밀봉,2,8
F288,사실,F288,처음 밝혀짐,드러냄,,12,2022-11-04,68,ch11,d_main_11_01,동시,,확실,확정,ch11,39,39
F289,사실,F289,처음 밝혀짐,드러냄,,12,2022-11-04,68,ch11,d_main_11_01,동시,,확실,확정,ch11,39,39
F290,사실,F290,처음 밝혀짐,드러냄,,12,2022-11-04,68,ch11,d_main_11_01,동시,,확실,확정,ch11,39,39
F291,사실,E70,암시,암시,F291,10,2022-11-04,55,ch09,d_main_09af_06,앞,,확실,확정,ch09,35,35
F291,사실,F291,처음 밝혀짐,드러냄,,12,2022-11-04,68,ch11,d_main_11_04,동시,,확실,확정,ch11,39,39
F292,사실,F292,처음 밝혀짐,드러냄,,12,2022-11-04,68,ch11,d_main_11_04,동시,,확실,확정,ch11,39,39
F293,사실,F293,처음 밝혀짐,드러냄,,12,2022-11-04,68,ch11,d_main_11_04,동시,,확실,확정,ch11,39,39
F293,사실,E1205,재언급,재언급,F293,151,2026-07-23,467,fl:project_matis,fl:project_matis_26,뒤,,확실,확정,ch46–ch47 ~,110,
F294,사실,F294,처음 밝혀짐,드러냄,,12,2022-11-04,68,ch11,d_main_11_05,동시,,확실,확정,ch11,39,39
F295,사실,F295,처음 밝혀짐,드러냄,,12,2022-11-04,68,ch11,d_main_11_05,동시,,확실,확정,ch11,39,39
F296,사실,F296,처음 밝혀짐,드러냄,,12,2022-11-04,68,ch11,d_main_11_06_s,동시,,확실,확정,ch11,39,39
F297,사실,F297,처음 밝혀짐,드러냄,,12,2022-11-04,69,sub:음악_애호가_00,sub:음악_애호가_00,동시,,확실,확정,,,
F298,사실,F298,처음 밝혀짐,드러냄,,12,2022-11-04,70,sub:음악_애호가_01,sub:음악_애호가_01,동시,,확실,확정,,,
F299,사실,F299,처음 밝혀짐,드러냄,,12,2022-11-04,71,relic:기업-랩쳐음모론,relic:기업-랩쳐음모론_01,동시,,확실,확정,@랩쳐_침공–@갓데스_투입 ~ @갓데스_투입,2,3
F300,사실,F300,처음 밝혀짐,드러냄,,12,2022-11-04,71,relic:기업-랩쳐음모론,relic:기업-랩쳐음모론_00,동시,,확실,확정,@랩쳐_침공–@갓데스_투입 ~ @갓데스_투입,2,3
F301,사실,F301,처음 밝혀짐,드러냄,,12,2022-11-04,71,relic:기업-랩쳐음모론,relic:기업-랩쳐음모론_03,동시,,확실,확정,@랩쳐_침공–@갓데스_투입 ~ @갓데스_투입,2,3
F302,사실,F302,처음 밝혀짐,드러냄,,12,2022-11-04,72,relic:구시대의플레이리스트,relic:구시대의플레이리스트_02,동시,,확실,확정,@랩쳐_침공–@갓데스_투입 ~,2,
F303,사실,F303,처음 밝혀짐,드러냄,,13,2022-11-04,73,ch12,d_main_12_01,동시,,확실,확정,ch12,41,41
F303,사실,E1202,재언급,재언급,F303,151,2026-07-23,467,fl:project_matis,fl:project_matis_25,뒤,,추정,확정,ch46–ch47 ~,110,
F304,사실,E78,암시,암시,F304,13,2022-11-04,73,ch12,d_main_12_02_e,동시,,확실,확정,ch12,41,41
F304,사실,E80,암시,암시,F304,13,2022-11-04,73,ch12,d_main_12_05,동시,,확실,확정,ch12,41,41
F304,사실,F304,처음 밝혀짐,드러냄,,13,2022-11-04,73,ch12,d_main_12_07_s,동시,,확실,확정,ch12,41,41
F304,사실,E127,재언급,재언급,F304,20,2022-11-24,152,ch18,d_main_18_05,뒤,,확실,확정,ch18,53,53
F305,사실,F305,처음 밝혀짐,드러냄,,13,2022-11-04,73,ch12,d_main_12_07_s,동시,,확실,확정,ch12,41,41
F306,사실,F306,처음 밝혀짐,드러냄,,13,2022-11-04,73,ch12,d_main_12_07_s,동시,,확실,확정,ch12,41,41
F307,사실,F307,처음 밝혀짐,드러냄,,13,2022-11-04,73,ch12,d_main_12_07_e,동시,,확실,확정,ch12,41,41
F308,사실,F308,처음 밝혀짐,드러냄,,13,2022-11-04,73,ch12,d_main_12_07_e,동시,,확실,확정,ch12,41,41
F308,사실,E129,재언급,재언급,F308,20,2022-11-24,152,ch18,d_main_18_09,뒤,,확실,확정,ch18,53,53
F309,사실,F309,처음 밝혀짐,드러냄,,13,2022-11-04,73,ch12,d_main_12_07_e,동시,,확실,확정,ch12,41,41
F310,사실,F310,처음 밝혀짐,드러냄,,13,2022-11-04,73,ch12,d_main_12af_01,동시,,확실,확정,ch12,41,41
F310,사실,E699,재언급,재언급,F310,109,2025-04-24,377,event_unbreakablesphere1,event_unbreakablesphere2_03_s,뒤,,확실,확정,ch36–ch37 ~,90,
F311,사실,F311,처음 밝혀짐,드러냄,,13,2022-11-04,73,ch12,d_main_12af_01,동시,,확실,확정,ch12,41,41
F312,사실,E72,암시,암시,F312,11,2022-11-04,62,ch10,d_main_10_06,앞,,추정,확정,ch10,37,37
F312,사실,E75,암시,암시,F312,12,2022-11-04,68,ch11,d_main_11_06_s,앞,,확실,확정,ch11,39,39
F312,사실,F312,처음 밝혀짐,드러냄,,13,2022-11-04,73,ch12,d_main_12af_01,동시,,확실,확정,ch12,41,41
F312,사실,E513,재언급,재언급,F312,91,2024-10-31,336,ch34,d_main_34_09_e,뒤,,확실,확정,ch34,85,85
F312,사실,E590,재언급,재언급,F312,101,2025-02-20,358,ch35,d_main_35bf_03,뒤,,확실,확정,ch35,87,87
F312,사실,E1036,재언급,재언급,F312,138,2026-02-12,436,ch44,d_main_44_af_09,뒤,,확실,확정,ch44,105,105
F313,사실,F313,처음 밝혀짐,드러냄,,13,2022-11-04,73,ch12,d_main_12af_01,동시,,확실,확정,ch12,41,41
F314,사실,E84,암시,암시,F314,13,2022-11-04,73,ch12,d_main_12af_01,동시,,확실,확정,ch12,41,41
F314,사실,F314,처음 밝혀짐,드러냄,,13,2022-11-04,73,ch12,d_main_12af_02,동시,,확실,확정,ch12,41,41
F315,사실,F315,처음 밝혀짐,드러냄,,13,2022-11-04,73,ch12,d_main_12af_02,동시,,확실,확정,ch12,41,41
F316,사실,F316,처음 밝혀짐,드러냄,,13,2022-11-04,73,ch12,d_main_12af_02,동시,,확실,확정,ch12,41,41
F317,사실,F317,처음 밝혀짐,드러냄,,13,2022-11-04,73,ch12,d_main_12af_02,동시,,확실,확정,ch12,41,41
F318,사실,F318,처음 밝혀짐,드러냄,,13,2022-11-04,73,ch12,d_main_12af_03,동시,,확실,확정,ch12,41,41
F318,사실,E622,재언급,재언급,F318,102,2025-02-20,360,ch36,d_main_36_03_e,뒤,,확실,확정,ch36,89,89
F319,사실,F319,처음 밝혀짐,드러냄,,13,2022-11-04,73,ch12,d_main_12af_03,동시,,확실,확정,ch12,41,41
F320,사실,E79,암시,암시,F320,13,2022-11-04,73,ch12,d_main_12_04,동시,,확실,확정,ch12,41,41
F320,사실,F320,처음 밝혀짐,드러냄,,13,2022-11-04,73,ch12,d_main_12af_03,동시,,확실,확정,ch12,41,41
F321,사실,F321,처음 밝혀짐,드러냄,,13,2022-11-04,73,ch12,d_main_12af_03,동시,,확실,확정,ch12,41,41
F322,사실,F322,처음 밝혀짐,드러냄,,13,2022-11-04,73,ch12,d_main_12af_03,동시,,확실,확정,ch12,41,41
F323,사실,F323,처음 밝혀짐,드러냄,,13,2022-11-04,73,ch12,d_main_12af_04,동시,,확실,확정,ch12,41,41
F324,사실,F324,처음 밝혀짐,드러냄,,13,2022-11-04,73,ch12,d_main_12af_04,동시,,확실,확정,ch12,41,41
F325,사실,F325,처음 밝혀짐,드러냄,,13,2022-11-04,73,ch12,d_main_12af_05,동시,,확실,확정,ch12,41,41
F326,사실,F326,처음 밝혀짐,드러냄,,13,2022-11-04,74,sub:숲속요정_00,sub:숲속요정_00,동시,,추정,확정,ch12–ch13 ~,42,
F326,사실,F326-2,보강,드러냄,,35,2023-04-27,191,ch21,d_main_21_07_e,뒤,,확실,확정,ch21,59,59
F327,사실,F327,처음 밝혀짐,드러냄,,13,2022-11-04,74,sub:숲속요정_00,sub:숲속요정_00,동시,,확실,확정,ch12–ch13 ~,42,
F328,사실,F328,처음 밝혀짐,드러냄,,13,2022-11-04,74,sub:숲속요정_00,sub:숲속요정_00,동시,,확실,확정,ch12–ch13 ~,42,
F329,사실,F329,처음 밝혀짐,드러냄,,13,2022-11-04,75,relic:어느의사의수기,relic:어느의사의수기_01,동시,,확실,확정,@랩쳐_침공–@갓데스_투입 ~ @아크_가디언_작전–@방주_밀봉,2,8
F330,사실,F330,처음 밝혀짐,드러냄,,14,2022-11-04,76,ch13,d_main_13_04,동시,,확실,확정,ch13,43,43
F331,사실,F331,처음 밝혀짐,드러냄,,14,2022-11-04,76,ch13,d_main_13_06_e,동시,,확실,확정,ch13,43,43
F332,사실,F332,처음 밝혀짐,드러냄,,14,2022-11-04,76,ch13,d_main_13_07,동시,,확실,확정,ch13,43,43
F333,사실,F333,처음 밝혀짐,드러냄,,14,2022-11-04,76,ch13,d_main_13_03,동시,,확실,확정,ch13,43,43
F334,사실,E54,암시,암시,F334,8,2022-11-04,42,ch07,d_main_07_06_e,앞,,추정,확정,ch07,31,31
F334,사실,F334,처음 밝혀짐,드러냄,,14,2022-11-04,76,ch13,d_main_13_08_e,동시,,확실,확정,ch13,43,43
F334,사실,E1231,재언급,재언급,F334,154,2026-08-13,472,ch48,d_main_48_05,뒤,,확실,확정,ch48,113,113
F335,사실,F335,처음 밝혀짐,드러냄,,14,2022-11-04,76,ch13,d_main_13_08_e,동시,,확실,확정,ch13,43,43
F335,사실,E601,재언급,재언급,F335,101,2025-02-20,358,ch35,d_main_35_05_s,뒤,,확실,확정,ch35,87,87
F336,사실,E43,암시,암시,F336,6,2022-11-04,9,ch05,d_main_05_09,앞,,추정,확정,ch05,27,27
F336,사실,F336,처음 밝혀짐,드러냄,,14,2022-11-04,76,ch13,d_main_13_08_e,동시,,확실,확정,ch13,43,43
F337,사실,F337,처음 밝혀짐,드러냄,,14,2022-11-04,76,ch13,d_main_13_08_e,동시,,확실,확정,ch13,43,43
F338,사실,F338,처음 밝혀짐,드러냄,,14,2022-11-04,76,ch13,d_main_13_08_e,동시,,확실,확정,ch13,43,43
F338,사실,E98,재언급,재언급,F338,15,2022-11-04,80,ch14,d_main_14_14,뒤,,확실,확정,ch14,45,45
F339,사실,F339,처음 밝혀짐,드러냄,,14,2022-11-04,76,ch13,d_main_13_08_e,동시,,확실,확정,ch13,43,43
F340,사실,F340,처음 밝혀짐,드러냄,,14,2022-11-04,76,ch13,d_main_13af_01,동시,,확실,확정,ch13,43,43
F340,사실,E248,재언급,재언급,F340,54,2023-11-02,241,ch25,d_main_24af_04,뒤,,확실,확정,ch25,67,67
F341,사실,F341,처음 밝혀짐,드러냄,,14,2022-11-04,76,ch13,d_main_13af_01,동시,,확실,확정,ch13,43,43
F342,사실,F342,처음 밝혀짐,드러냄,,14,2022-11-04,76,ch13,d_main_13af_02,동시,,확실,확정,ch13,43,43
F343,사실,F343,처음 밝혀짐,드러냄,,14,2022-11-04,76,ch13,d_main_13af_02,동시,,확실,확정,ch13,43,43
F344,사실,F344,처음 밝혀짐,드러냄,,14,2022-11-04,76,ch13,d_main_13af_02,동시,,확실,확정,ch13,43,43
F345,사실,F345,처음 밝혀짐,드러냄,,14,2022-11-04,76,ch13,d_main_13af_04,동시,,확실,확정,ch13,43,43
F346,사실,F346,처음 밝혀짐,드러냄,,14,2022-11-04,76,ch13,d_main_13af_06,동시,,확실,확정,ch13,43,43
F347,사실,F347,처음 밝혀짐,드러냄,,14,2022-11-04,76,ch13,d_main_13af_07,동시,,확실,확정,ch13,43,43
F347,사실,F347-2,보강,드러냄,,66,2024-02-22,275,sub:택틱컬틱택_01,sub:택틱컬틱택_01,뒤,,확실,확정,ch24–ch25 ~,66,
F348,사실,F348,처음 밝혀짐,드러냄,,14,2022-11-04,76,ch13,d_main_13af_07,동시,,확실,확정,ch13,43,43
F349,사실,E21,암시,암시,F349,4,2022-11-04,7,sub:세르반_00,sub:세르반_00,앞,,확실,확정,,,
F349,사실,E51,암시,암시,F349,7,2022-11-04,39,sub:세르반_01,sub:세르반_01,앞,,확실,확정,,,
F349,사실,F349,처음 밝혀짐,드러냄,,14,2022-11-04,77,sub:세르반_03,sub:세르반_03,동시,,확실,확정,,,
F350,사실,F350,처음 밝혀짐,드러냄,,14,2022-11-04,77,sub:세르반_03,sub:세르반_03,동시,,확실,확정,,,
F351,사실,E60,암시,암시,F351,8,2022-11-04,44,sub:세르반_02,sub:세르반_02,앞,,추정,확정,,,
F351,사실,F351,처음 밝혀짐,드러냄,,14,2022-11-04,77,sub:세르반_03,sub:세르반_03,동시,,확실,확정,,,
F352,사실,F352,처음 밝혀짐,드러냄,,14,2022-11-04,77,sub:세르반_03,sub:세르반_03,동시,,확실,확정,,,
F353,사실,F353,처음 밝혀짐,드러냄,,14,2022-11-04,78,sub:철도로GO_00,sub:철도로GO_00,동시,,확실,확정,ch13–ch14 ~,44,
F354,사실,F354,처음 밝혀짐,드러냄,,14,2022-11-04,78,sub:철도로GO_00,sub:철도로GO_00,동시,,추정,확정,ch13–ch14 ~,44,
F355,사실,F355,처음 밝혀짐,드러냄,,14,2022-11-04,78,sub:철도로GO_00,sub:철도로GO_00,동시,,확실,확정,ch13–ch14 ~,44,
F356,사실,F356,처음 밝혀짐,드러냄,,14,2022-11-04,79,relic:여자친구의편지,relic:여자친구의편지_01,동시,,확실,확정,@랩쳐_침공–@갓데스_투입 ~ @갓데스_투입,2,3
F357,사실,F357,처음 밝혀짐,드러냄,,14,2022-11-04,79,relic:여자친구의편지,relic:여자친구의편지_00,동시,,확실,확정,@랩쳐_침공–@갓데스_투입 ~ @갓데스_투입,2,3
F358,사실,F358,처음 밝혀짐,드러냄,,15,2022-11-04,80,ch14,d_main_14_01_s,동시,,확실,확정,ch14,45,45
F359,사실,F359,처음 밝혀짐,드러냄,,15,2022-11-04,80,ch14,d_main_14_02,동시,,확실,확정,ch14,45,45
F360,사실,F360,처음 밝혀짐,드러냄,,15,2022-11-04,80,ch14,d_main_14_03,동시,,확실,확정,ch14,45,45
F360,사실,E180,재언급,재언급,F360,36,2023-04-27,199,sub:중앙정부_트라이앵글_00,sub:중앙정부_트라이앵글_00,뒤,,확실,확정,ch22,61,61
F361,사실,F361,처음 밝혀짐,드러냄,,15,2022-11-04,80,ch14,d_main_14_06,동시,,확실,확정,ch14,45,45
F362,사실,F362,처음 밝혀짐,드러냄,,15,2022-11-04,80,ch14,d_main_14_07,동시,,확실,확정,ch14,45,45
F363,사실,F363,처음 밝혀짐,드러냄,,15,2022-11-04,80,ch14,d_main_14_07,동시,,확실,확정,ch14,45,45
F364,사실,F364,처음 밝혀짐,드러냄,,15,2022-11-04,80,ch14,d_main_14_08,동시,,확실,확정,ch14,45,45
F365,사실,F365,처음 밝혀짐,드러냄,,15,2022-11-04,80,ch14,d_main_14_08,동시,,확실,확정,ch14,45,45
F365,사실,E142,재언급,재언급,F365,25,2023-01-12,165,ch19,d_main_19_01,뒤,,확실,확정,ch19,55,55
F366,사실,F366,처음 밝혀짐,드러냄,,15,2022-11-04,80,ch14,d_main_14_09,동시,,확실,확정,ch14,45,45
F367,사실,F367,처음 밝혀짐,드러냄,,15,2022-11-04,80,ch14,d_main_14_09,동시,,확실,확정,ch14,45,45
F368,사실,F368,처음 밝혀짐,드러냄,,15,2022-11-04,80,ch14,d_main_14_10,동시,,확실,확정,ch14,45,45
F369,사실,F369,처음 밝혀짐,드러냄,,15,2022-11-04,80,ch14,d_main_14_11,동시,,확실,확정,ch14,45,45
F370,사실,F370,처음 밝혀짐,드러냄,,15,2022-11-04,80,ch14,d_main_14_11,동시,,확실,확정,ch14,45,45
F371,사실,F371,처음 밝혀짐,드러냄,,15,2022-11-04,80,ch14,d_main_14_12,동시,,확실,확정,ch14,45,45
F372,사실,F372,처음 밝혀짐,드러냄,,15,2022-11-04,80,ch14,d_main_14_12,동시,,확실,확정,ch14,45,45
F373,사실,F373,처음 밝혀짐,드러냄,,15,2022-11-04,80,ch14,d_main_14_14,동시,,확실,확정,ch14,45,45
F374,사실,F374,처음 밝혀짐,드러냄,,15,2022-11-04,80,ch14,d_main_14af_01,동시,,확실,확정,ch14,45,45
F375,사실,F375,처음 밝혀짐,드러냄,,15,2022-11-04,80,ch14,d_main_14af_02,동시,,확실,확정,ch14,45,45
F375,사실,E387,재언급,재언급,F375,73,2024-04-25,293,ch30,d_main_30_07_s,뒤,,추정,확정,ch30,77,77
F376,사실,E6,암시,암시,F376,2,2022-11-04,2,ch01,d_main_01af_02,앞,,확실,확정,ch01,19,19
F376,사실,E25,암시,암시,F376,5,2022-11-04,8,ch04,d_main_04af_01,앞,,추정,확정,ch04,25,25
F376,사실,F376,처음 밝혀짐,드러냄,,15,2022-11-04,80,ch14,d_main_14af_03,동시,,확실,확정,ch14,45,45
F376,사실,E167,재언급,재언급,F376,36,2023-04-27,197,ch22,d_main_22_03,뒤,,확실,확정,ch22,61,61
F376,사실,F376-2,보강,드러냄,,36,2023-04-27,197,ch22,d_main_22_01_s,뒤,,확실,확정,ch22,61,61
F377,사실,F377,처음 밝혀짐,드러냄,,15,2022-11-04,80,ch14,d_main_14af_03,동시,,확실,확정,ch14,45,45
F377,사실,F377-2,보강,드러냄,,36,2023-04-27,197,ch22,d_main_22_01_s,뒤,,확실,확정,ch22,61,61
F378,사실,F378,처음 밝혀짐,드러냄,,15,2022-11-04,80,ch14,d_main_14af_03,동시,,확실,확정,ch14,45,45
F379,사실,F379,처음 밝혀짐,드러냄,,15,2022-11-04,80,ch14,d_main_14af_04,동시,,확실,확정,ch14,45,45
F380,사실,E65,암시,암시,F380,9,2022-11-04,51,sub:칠리페퍼_01,sub:칠리페퍼_01,앞,,추정,확정,ch01–ch02 ~,20,
F380,사실,F380,처음 밝혀짐,드러냄,,15,2022-11-04,81,sub:칠리페퍼_02,sub:칠리페퍼_02,동시,,확실,확정,ch01–ch02 ~,20,
F381,사실,F381,처음 밝혀짐,드러냄,,15,2022-11-04,81,sub:칠리페퍼_02,sub:칠리페퍼_02,동시,,확실,확정,ch01–ch02 ~,20,
F382,사실,F382,처음 밝혀짐,드러냄,,15,2022-11-04,82,sub:알콜러버_00,sub:알콜러버_00,동시,,확실,확정,ch14–ch15 ~,46,
F383,사실,F383,처음 밝혀짐,드러냄,,15,2022-11-04,83,relic:기후변화보고서,relic:기후변화보고서_02,동시,,확실,확정,@랩쳐_침공 전 ~ @랩쳐_침공–@갓데스_투입,0,2
F384,사실,F384,처음 밝혀짐,드러냄,,15,2022-11-04,83,relic:기후변화보고서,relic:기후변화보고서_00,동시,,확실,확정,@랩쳐_침공 전 ~ @랩쳐_침공–@갓데스_투입,0,2
F385,사실,F385,처음 밝혀짐,드러냄,,15,2022-11-04,84,relic:인터넷BJ라이브방송녹화분,relic:인터넷BJ라이브방송녹화분_01,동시,,확실,확정,@랩쳐_침공–@갓데스_투입 ~ @갓데스_투입,2,3
F386,사실,F386,처음 밝혀짐,드러냄,,16,2022-11-04,85,ch15,d_main_15_01,동시,,확실,확정,ch15,47,47
F387,사실,F387,처음 밝혀짐,드러냄,,16,2022-11-04,85,ch15,d_main_15_01,동시,,확실,확정,ch15,47,47
F388,사실,F388,처음 밝혀짐,드러냄,,16,2022-11-04,85,ch15,d_main_15_04,동시,,확실,확정,ch15,47,47
F389,사실,F389,처음 밝혀짐,드러냄,,16,2022-11-04,85,ch15,d_main_15_03,동시,,확실,확정,ch15,47,47
F390,사실,F390,처음 밝혀짐,드러냄,,16,2022-11-04,85,ch15,d_main_15_07_s,동시,,확실,확정,ch15,47,47
F391,사실,F391,처음 밝혀짐,드러냄,,16,2022-11-04,85,ch15,d_main_15_07_s,동시,,확실,확정,ch15,47,47
F392,사실,F392,처음 밝혀짐,드러냄,,16,2022-11-04,85,ch15,d_main_15af_01,동시,,확실,확정,ch15,47,47
F393,사실,F393,처음 밝혀짐,드러냄,,16,2022-11-04,85,ch15,d_main_15af_02,동시,,확실,확정,ch15,47,47
F393,사실,E598,재언급,재언급,F393,101,2025-02-20,358,ch35,d_main_35_02,뒤,,확실,확정,ch35,87,87
F393,사실,E1198,재언급,재언급,F393,151,2026-07-23,467,fl:project_matis,fl:project_matis_21,뒤,,추정,확정,ch46–ch47 ~,110,
F394,사실,F394,처음 밝혀짐,드러냄,,16,2022-11-04,85,ch15,d_main_15af_03,동시,,확실,확정,ch15,47,47
F395,사실,F395,처음 밝혀짐,드러냄,,16,2022-11-04,85,ch15,d_main_15af_04,동시,,확실,확정,ch15,47,47
F395,사실,E591,재언급,재언급,F395,101,2025-02-20,358,ch35,d_main_35bf_03,뒤,,확실,확정,ch35,87,87
F395,사실,E598,재언급,재언급,F395,101,2025-02-20,358,ch35,d_main_35_02,뒤,,확실,확정,ch35,87,87
F396,사실,F396,처음 밝혀짐,드러냄,,16,2022-11-04,85,ch15,d_main_15af_04,동시,,확실,확정,ch15,47,47
F397,사실,F397,처음 밝혀짐,드러냄,,16,2022-11-04,85,ch15,d_main_15af_04,동시,,확실,확정,ch15,47,47
F398,사실,F398,처음 밝혀짐,드러냄,,16,2022-11-04,85,ch15,d_main_15af_04,동시,,확실,확정,ch15,47,47
F399,사실,F399,처음 밝혀짐,드러냄,,16,2022-11-04,85,ch15,d_main_15af_05,동시,,확실,확정,ch15,47,47
F400,사실,F400,처음 밝혀짐,드러냄,,16,2022-11-04,85,ch15,d_main_15af_06,동시,,확실,확정,ch15,47,47
F401,사실,F401,처음 밝혀짐,드러냄,,16,2022-11-04,85,ch15,d_main_15af_06,동시,,확실,확정,ch15,47,47
F402,사실,F402,처음 밝혀짐,드러냄,,16,2022-11-04,86,relic:종말의서,relic:종말의서_00,동시,,확실,확정,@랩쳐_침공–@갓데스_투입 ~,2,
F402,사실,E143,재언급,재언급,F402,25,2023-01-12,166,sub:데이파라_00,sub:데이파라_00,뒤,,추정,확정,,,
F402,사실,E181,재언급,재언급,F402,36,2023-04-27,200,sub:2호_쉘터_관리계정_00,sub:2호_쉘터_관리계정_00,뒤,,확실,확정,ch22,61,61
F403,사실,F403,처음 밝혀짐,드러냄,,17,2022-11-04,87,ch16,d_main_16_01,동시,,확실,확정,ch16,49,49
F403,사실,E1278,재언급,재언급,F403,17,2022-11-04,137,char:110,ep:d_nikke_crow_01,동시,,확실,확정,ch16–ch17 ~ ch23–ch24,50,64
F403,사실,F403-2,뒤집힘,뒤집음,,140,2026-03-05,442,fl:enter_heaven,fl:enter_heaven_10,뒤,F2499,확실,확정,ch39–ch40 ~,96,
F404,사실,F404,처음 밝혀짐,드러냄,,17,2022-11-04,87,ch16,d_main_16_01,동시,,확실,확정,ch16,49,49
F405,사실,F405,처음 밝혀짐,드러냄,,17,2022-11-04,87,ch16,d_main_16_01,동시,,확실,확정,ch16,49,49
F406,사실,F406,처음 밝혀짐,드러냄,,17,2022-11-04,87,ch16,d_main_16_03,동시,,확실,확정,ch16,49,49
F407,사실,F407,처음 밝혀짐,드러냄,,17,2022-11-04,87,ch16,d_main_16_03,동시,,확실,확정,ch16,49,49
F408,사실,F408,처음 밝혀짐,드러냄,,17,2022-11-04,87,ch16,d_main_16_07,동시,,확실,확정,ch16,49,49
F409,사실,F409,처음 밝혀짐,드러냄,,17,2022-11-04,87,ch16,d_main_16_09_s,동시,,확실,확정,ch16,49,49
F410,사실,F410,처음 밝혀짐,드러냄,,17,2022-11-04,87,ch16,d_main_16_09_s,동시,,확실,확정,ch16,49,49
F411,사실,F411,처음 밝혀짐,드러냄,,17,2022-11-04,87,ch16,d_main_16_13_s,동시,,추정,확정,ch16,49,49
F412,사실,E106,암시,암시,F412,17,2022-11-04,87,ch16,d_main_16_09_e,동시,,확실,확정,ch16,49,49
F412,사실,E111,암시,암시,F412,17,2022-11-04,87,ch16,d_main_16_13_s,동시,,확실,확정,ch16,49,49
F412,사실,F412,처음 밝혀짐,드러냄,,17,2022-11-04,87,ch16,d_main_16_13_e,동시,,확실,확정,ch16,49,49
F412,사실,E223,재언급,재언급,F412,43,2023-07-20,217,ch23,d_main_23_05_s,뒤,,확실,확정,ch23,63,63
F412,사실,E237,재언급,재언급,F412,44,2023-07-20,221,ch24,d_main_24_06_s,뒤,,확실,확정,ch24,65,65
F413,사실,F413,처음 밝혀짐,드러냄,,17,2022-11-04,87,ch16,d_main_16_13_e,동시,,확실,확정,ch16,49,49
F414,사실,F414,처음 밝혀짐,드러냄,,17,2022-11-04,87,ch16,d_main_16_13_e,동시,,확실,확정,ch16,49,49
F415,사실,F415,처음 밝혀짐,드러냄,,17,2022-11-04,87,ch16,d_main_16_10,동시,,확실,확정,ch16,49,49
F416,사실,E105,암시,암시,F416,17,2022-11-04,87,ch16,d_main_16_09_s,동시,,확실,확정,ch16,49,49
F416,사실,E108,암시,암시,F416,17,2022-11-04,87,ch16,d_main_16_10,동시,,확실,확정,ch16,49,49
F416,사실,F416,처음 밝혀짐,드러냄,,17,2022-11-04,87,ch16,d_main_16af_02,동시,,확실,확정,ch16,49,49
F417,사실,E107,암시,암시,F417,17,2022-11-04,87,ch16,d_main_16_09_e,동시,,확실,확정,ch16,49,49
F417,사실,F417,처음 밝혀짐,드러냄,,17,2022-11-04,87,ch16,d_main_16af_03,동시,,확실,확정,ch16,49,49
F418,사실,F418,처음 밝혀짐,드러냄,,17,2022-11-04,87,ch16,d_main_16af_03,동시,,확실,확정,ch16,49,49
F419,사실,F419,처음 밝혀짐,드러냄,,17,2022-11-04,87,ch16,d_main_16af_02,동시,,확실,확정,ch16,49,49
F420,사실,F420,처음 밝혀짐,드러냄,,17,2022-11-04,87,ch16,d_main_16af_02,동시,,확실,확정,ch16,49,49
F421,사실,F421,처음 밝혀짐,드러냄,,17,2022-11-04,87,ch16,d_main_16af_03,동시,,확실,확정,ch16,49,49
F422,사실,F422,처음 밝혀짐,드러냄,,17,2022-11-04,88,sub:방주_난민_00,sub:방주_난민_00,동시,,확실,확정,,,
F423,사실,F423,처음 밝혀짐,드러냄,,17,2022-11-04,88,sub:방주_난민_00,sub:방주_난민_00,동시,,추정,확정,,,
F424,사실,F424,처음 밝혀짐,드러냄,,17,2022-11-04,89,sub:방주_난민_01,sub:방주_난민_01,동시,,확실,확정,,,
F425,사실,F425,처음 밝혀짐,드러냄,,17,2022-11-04,90,sub:방주_난민_02,sub:방주_난민_02,동시,,확실,확정,,,
F426,사실,F426,처음 밝혀짐,드러냄,,17,2022-11-04,91,sub:방주_난민_03,sub:방주_난민_03,동시,,확실,확정,,,
F427,사실,F427,처음 밝혀짐,드러냄,,17,2022-11-04,91,sub:방주_난민_03,sub:방주_난민_03,동시,,확실,확정,,,
F428,사실,F428,처음 밝혀짐,드러냄,,17,2022-11-04,92,relic:장보기목록,relic:장보기목록_02,동시,,확실,확정,@랩쳐_침공 전 ~ @랩쳐_침공–@갓데스_투입,0,2
F429,사실,F429,처음 밝혀짐,드러냄,,17,2022-11-04,93,char:180,ep:d_nikke_guillotine_02,동시,,확실,확정,ch12–ch13 ~,42,
F430,사실,F430,처음 밝혀짐,드러냄,,17,2022-11-04,93,char:180,ep:d_nikke_guillotine_02,동시,,확실,확정,ch12–ch13 ~,42,
F431,사실,F431,처음 밝혀짐,드러냄,,17,2022-11-04,93,char:180,ep:d_nikke_guillotine_03,동시,,확실,확정,ch12–ch13 ~,42,
F432,사실,F432,처음 밝혀짐,드러냄,,17,2022-11-04,93,char:180,ep:d_nikke_guillotine_03,동시,,확실,확정,ch12–ch13 ~,42,
F433,사실,F433,처음 밝혀짐,드러냄,,17,2022-11-04,93,char:180,ep:d_nikke_guillotine_04,동시,,확실,확정,ch12–ch13 ~,42,
F434,사실,F434,처음 밝혀짐,드러냄,,17,2022-11-04,93,char:180,ep:d_nikke_guillotine_04,동시,,확실,확정,ch12–ch13 ~,42,
F435,사실,F435,처음 밝혀짐,드러냄,,17,2022-11-04,93,char:180,ep:d_nikke_guillotine_04,동시,,확실,확정,ch12–ch13 ~,42,
F436,사실,F436,처음 밝혀짐,드러냄,,17,2022-11-04,93,char:180,ep:d_nikke_guillotine_05,동시,,확실,확정,ch12–ch13 ~,42,
F437,사실,F437,처음 밝혀짐,드러냄,,17,2022-11-04,93,char:180,ep:d_nikke_guillotine_04,동시,,확실,확정,ch12–ch13 ~,42,
F438,사실,F438,처음 밝혀짐,드러냄,,17,2022-11-04,93,char:180,ep:d_nikke_guillotine_05,동시,,확실,확정,ch12–ch13 ~,42,
F439,사실,F439,처음 밝혀짐,드러냄,,17,2022-11-04,93,char:180,ep:d_nikke_guillotine_05,동시,,확실,확정,ch12–ch13 ~,42,
F440,사실,F440,처음 밝혀짐,드러냄,,17,2022-11-04,94,char:11,ep:d_nikke_neon_03,동시,,확실,확정,ch15–ch16 ~,48,
F441,사실,F441,처음 밝혀짐,드러냄,,17,2022-11-04,94,char:11,ep:d_nikke_neon_02,동시,,확실,확정,ch15–ch16 ~,48,
F442,사실,F442,처음 밝혀짐,드러냄,,17,2022-11-04,94,char:11,ep:d_nikke_neon_03,동시,,확실,확정,ch15–ch16 ~,48,
F443,사실,F443,처음 밝혀짐,드러냄,,17,2022-11-04,94,char:11,ep:d_nikke_neon_05,동시,,확실,확정,ch15–ch16 ~,48,
F443,사실,E1008,재언급,재언급,F443,137,2026-02-12,434,ch43,d_main_43_08,뒤,,확실,확정,ch43,103,103
F444,사실,F444,처음 밝혀짐,드러냄,,17,2022-11-04,95,char:212,ep:d_nikke_novel_01,동시,,확실,확정,ch07–ch08 ~,32,
F444,사실,F444-2,처음 밝혀짐,드러냄,,17,2022-11-04,123,char:12,ep:d_nikke_anis_02,동시,,확실,확정,ch01–ch02 ~ ch02–ch03,20,22
F445,사실,F445,처음 밝혀짐,드러냄,,17,2022-11-04,95,char:212,ep:d_nikke_novel_04,동시,,확실,확정,ch07–ch08 ~,32,
F446,사실,F446,처음 밝혀짐,드러냄,,17,2022-11-04,95,char:212,ep:d_nikke_novel_01,동시,,확실,확정,ch07–ch08 ~,32,
F447,사실,F447,처음 밝혀짐,드러냄,,17,2022-11-04,96,char:232,ep:d_nikke_noah_01,동시,,확실,확정,ch19–ch20 ~ ch40–ch41,56,98
F447,사실,E962,재언급,재언급,F447,128,2025-10-30,419,erelic:goddess_fall_mini,erelic:goddess_fall_mini_05,뒤,,확실,확정,ch40–ch41,98,98
F448,사실,F448,처음 밝혀짐,드러냄,,17,2022-11-04,96,char:232,ep:d_nikke_noah_01,동시,,확실,확정,ch19–ch20 ~ ch40–ch41,56,98
F449,사실,F449,처음 밝혀짐,드러냄,,17,2022-11-04,96,char:232,ep:d_nikke_noah_02,동시,,확실,확정,ch19–ch20 ~ ch40–ch41,56,98
F450,사실,F450,처음 밝혀짐,드러냄,,17,2022-11-04,96,char:232,ep:d_nikke_noah_01,동시,,추정,확정,ch19–ch20 ~ ch40–ch41,56,98
F451,사실,F451,처음 밝혀짐,드러냄,,17,2022-11-04,96,char:232,ep:d_nikke_noah_01,동시,,확실,확정,ch19–ch20 ~ ch40–ch41,56,98
F452,사실,F452,처음 밝혀짐,드러냄,,17,2022-11-04,96,char:232,ep:d_nikke_noah_02,동시,,확실,확정,ch19–ch20 ~ ch40–ch41,56,98
F453,사실,F453,처음 밝혀짐,드러냄,,17,2022-11-04,96,char:232,ep:d_nikke_noah_03,동시,,추정,확정,ch19–ch20 ~ ch40–ch41,56,98
F454,사실,F454,처음 밝혀짐,드러냄,,17,2022-11-04,96,char:232,ep:d_nikke_noah_04,동시,,확실,확정,ch19–ch20 ~ ch40–ch41,56,98
F455,사실,F455,처음 밝혀짐,드러냄,,17,2022-11-04,97,char:430,ep:d_nikke_noise_01,동시,,확실,확정,,,
F456,사실,F456,처음 밝혀짐,드러냄,,17,2022-11-04,97,char:430,ep:d_nikke_noise_01,동시,,확실,확정,,,
F457,사실,F457,처음 밝혀짐,드러냄,,17,2022-11-04,97,char:430,ep:d_nikke_noise_04,동시,,확실,확정,,,
F457,사실,E156,재언급,재언급,F457,32,2023-03-30,185,event_cherryblossom,event_cherryblossom_02_s,뒤,,추정,확정,ch02–ch03 ~,22,
F458,사실,F458,처음 밝혀짐,드러냄,,17,2022-11-04,97,char:430,ep:d_nikke_noise_04,동시,,확실,확정,,,
F459,사실,F459,처음 밝혀짐,드러냄,,17,2022-11-04,98,char:20,ep:d_nikke_delta_02,동시,,확실,확정,ch16–ch17 ~ ch23–ch24,50,64
F460,사실,F460,처음 밝혀짐,드러냄,,17,2022-11-04,98,char:20,ep:d_nikke_delta_02,동시,,확실,확정,ch16–ch17 ~ ch23–ch24,50,64
F461,사실,F461,처음 밝혀짐,드러냄,,17,2022-11-04,98,char:20,ep:d_nikke_delta_03,동시,,확실,확정,ch16–ch17 ~ ch23–ch24,50,64
F462,사실,F462,처음 밝혀짐,드러냄,,17,2022-11-04,98,char:20,ep:d_nikke_delta_03,동시,,확실,확정,ch16–ch17 ~ ch23–ch24,50,64
F463,사실,F463,처음 밝혀짐,드러냄,,17,2022-11-04,98,char:20,ep:d_nikke_delta_05,동시,,확실,확정,ch16–ch17 ~ ch23–ch24,50,64
F464,사실,F464,처음 밝혀짐,드러냄,,17,2022-11-04,98,char:20,ep:d_nikke_delta_05,동시,,확실,확정,ch16–ch17 ~ ch23–ch24,50,64
F465,사실,F465,처음 밝혀짐,드러냄,,17,2022-11-04,98,char:20,ep:d_nikke_delta_05,동시,,확실,확정,ch16–ch17 ~ ch23–ch24,50,64
F466,사실,F466,처음 밝혀짐,드러냄,,17,2022-11-04,99,char:202,ep:d_nikke_dolla_01,동시,,확실,확정,ch15–ch16 ~ ch38–ch39,48,94
F467,사실,F467,처음 밝혀짐,드러냄,,17,2022-11-04,99,char:202,ep:d_nikke_dolla_02,동시,,확실,확정,ch15–ch16 ~ ch38–ch39,48,94
F468,사실,F468,처음 밝혀짐,드러냄,,17,2022-11-04,99,char:202,ep:d_nikke_dolla_03,동시,,확실,확정,ch15–ch16 ~ ch38–ch39,48,94
F469,사실,F469,처음 밝혀짐,드러냄,,17,2022-11-04,99,char:202,ep:d_nikke_dolla_04,동시,,확실,확정,ch15–ch16 ~ ch38–ch39,48,94
F470,사실,F470,처음 밝혀짐,드러냄,,17,2022-11-04,99,char:202,ep:d_nikke_dolla_04,동시,,확실,확정,ch15–ch16 ~ ch38–ch39,48,94
F471,사실,F471,처음 밝혀짐,드러냄,,17,2022-11-04,99,char:202,ep:d_nikke_dolla_04,동시,,확실,확정,ch15–ch16 ~ ch38–ch39,48,94
F472,사실,F472,처음 밝혀짐,드러냄,,17,2022-11-04,99,char:202,ep:d_nikke_dolla_05,동시,,확실,확정,ch15–ch16 ~ ch38–ch39,48,94
F473,사실,F473,처음 밝혀짐,드러냄,,17,2022-11-04,99,char:202,ep:d_nikke_dolla_05,동시,,확실,확정,ch15–ch16 ~ ch38–ch39,48,94
F474,사실,F474,처음 밝혀짐,드러냄,,17,2022-11-04,99,char:202,ep:d_nikke_dolla_05,동시,,추정,확정,ch15–ch16 ~ ch38–ch39,48,94
F475,사실,F475,처음 밝혀짐,드러냄,,17,2022-11-04,99,char:202,ep:d_nikke_dolla_05,동시,,확실,확정,ch15–ch16 ~ ch38–ch39,48,94
F476,사실,F476,처음 밝혀짐,드러냄,,17,2022-11-04,100,char:101,ep:d_nikke_drake_01,동시,,확실,확정,ch15–ch16 ~ ch38–ch39,48,94
F476,사실,E130,재언급,재언급,F476,20,2022-11-24,152,ch18,d_main_18_11,뒤,,추정,확정,ch18,53,53
F476,사실,E247,재언급,재언급,F476,53,2023-10-19,239,event_freezeacpu,event_freezeacpu_02_e,뒤,,확실,확정,ch15–ch16 ~,48,
F476,사실,E1585,재언급,재언급,F476,156,2026-09-03,478,fl:great_villain_union,fl:great_villain_union_01,뒤,,확실,확정,ch42–ch43 ~,102,
F477,사실,F477,처음 밝혀짐,드러냄,,17,2022-11-04,100,char:101,ep:d_nikke_drake_02,동시,,확실,확정,ch15–ch16 ~ ch38–ch39,48,94
F478,사실,F478,처음 밝혀짐,드러냄,,17,2022-11-04,100,char:101,ep:d_nikke_drake_03,동시,,확실,확정,ch15–ch16 ~ ch38–ch39,48,94
F479,사실,F479,처음 밝혀짐,드러냄,,17,2022-11-04,100,char:101,ep:d_nikke_drake_04,동시,,확실,확정,ch15–ch16 ~ ch38–ch39,48,94
F480,사실,F480,처음 밝혀짐,드러냄,,17,2022-11-04,100,char:101,ep:d_nikke_drake_04,동시,,확실,확정,ch15–ch16 ~ ch38–ch39,48,94
F481,사실,F481,처음 밝혀짐,드러냄,,17,2022-11-04,100,char:101,ep:d_nikke_drake_05,동시,,확실,확정,ch15–ch16 ~ ch38–ch39,48,94
F481,사실,E1586,재언급,재언급,F481,156,2026-09-03,478,fl:great_villain_union,fl:great_villain_union_02,뒤,,추정,확정,ch42–ch43 ~,102,
F482,사실,F482,처음 밝혀짐,드러냄,,17,2022-11-04,101,char:72,ep:d_nikke_diesel_01,동시,,확실,확정,ch13–ch14 ~,44,
F483,사실,E1252,암시,암시,F483,17,2022-11-04,99,char:202,ep:d_nikke_dolla_04,동시,,확실,확정,ch15–ch16 ~ ch38–ch39,48,94
F483,사실,F483,처음 밝혀짐,드러냄,,17,2022-11-04,101,char:72,ep:d_nikke_diesel_01,동시,,확실,확정,ch13–ch14 ~,44,
F484,사실,E1253,암시,암시,F484,17,2022-11-04,101,char:72,ep:d_nikke_diesel_01,동시,,확실,확정,ch13–ch14 ~,44,
F484,사실,F484,처음 밝혀짐,드러냄,,17,2022-11-04,101,char:72,ep:d_nikke_diesel_02,동시,,확실,확정,ch13–ch14 ~,44,
F484,사실,E1455,재언급,재언급,F484,131,2025-12-04,425,fl:terminus_ticket,fl:terminus_ticket_15,뒤,,확실,확정,ch13–ch14 ~,44,
F485,사실,F485,처음 밝혀짐,드러냄,,17,2022-11-04,101,char:72,ep:d_nikke_diesel_02,동시,,확실,확정,ch13–ch14 ~,44,
F486,사실,E1254,암시,암시,F486,17,2022-11-04,101,char:72,ep:d_nikke_diesel_01,동시,,확실,확정,ch13–ch14 ~,44,
F486,사실,F486,처음 밝혀짐,드러냄,,17,2022-11-04,101,char:72,ep:d_nikke_diesel_02,동시,,확실,확정,ch13–ch14 ~,44,
F486,사실,E1460,재언급,재언급,F486,131,2025-12-04,425,fl:terminus_ticket,fl:terminus_ticket_24,뒤,,확실,확정,ch13–ch14 ~,44,
F487,사실,F487,처음 밝혀짐,드러냄,,17,2022-11-04,101,char:72,ep:d_nikke_diesel_04,동시,,확실,확정,ch13–ch14 ~,44,
F488,사실,F488,처음 밝혀짐,드러냄,,17,2022-11-04,102,char:221,ep:d_nikke_rapunzel_01,동시,,확실,확정,ch06–ch07 ~ ch16–ch17,30,50
F489,사실,F489,처음 밝혀짐,드러냄,,17,2022-11-04,102,char:221,ep:d_nikke_rapunzel_03,동시,,확실,확정,ch06–ch07 ~ ch16–ch17,30,50
F490,사실,F490,처음 밝혀짐,드러냄,,17,2022-11-04,102,char:221,ep:d_nikke_rapunzel_05,동시,,확실,확정,ch06–ch07 ~ ch16–ch17,30,50
F491,사실,F491,처음 밝혀짐,드러냄,,17,2022-11-04,102,char:221,ep:d_nikke_rapunzel_03,동시,,확실,확정,ch06–ch07 ~ ch16–ch17,30,50
F492,사실,F492,처음 밝혀짐,드러냄,,17,2022-11-04,102,char:221,ep:d_nikke_rapunzel_04,동시,,확실,확정,ch06–ch07 ~ ch16–ch17,30,50
F493,사실,F493,처음 밝혀짐,드러냄,,17,2022-11-04,102,char:221,ep:d_nikke_rapunzel_04,동시,,확실,확정,ch06–ch07 ~ ch16–ch17,30,50
F494,사실,E49,암시,암시,F494,7,2022-11-04,11,ch06,d_main_06_08_s,앞,,추정,확정,ch06,29,29
F494,사실,E57,암시,암시,F494,8,2022-11-04,42,ch07,d_main_07_02,앞,,추정,확정,ch07,31,31
F494,사실,F494,처음 밝혀짐,드러냄,,17,2022-11-04,102,char:221,ep:d_nikke_rapunzel_04,동시,,확실,확정,ch06–ch07 ~ ch16–ch17,30,50
F495,사실,F495,처음 밝혀짐,드러냄,,17,2022-11-04,102,char:221,ep:d_nikke_rapunzel_04,동시,,확실,확정,ch06–ch07 ~ ch16–ch17,30,50
F496,사실,F496,처음 밝혀짐,드러냄,,17,2022-11-04,102,char:221,ep:d_nikke_rapunzel_04,동시,,확실,확정,ch06–ch07 ~ ch16–ch17,30,50
F497,사실,F497,처음 밝혀짐,드러냄,,17,2022-11-04,103,char:10,ep:d_nikke_rapi_01,동시,,확실,확정,ch01–ch02 ~ ch02–ch03,20,22
F498,사실,F498,처음 밝혀짐,드러냄,,17,2022-11-04,103,char:10,ep:d_nikke_rapi_01,동시,,확실,확정,ch01–ch02 ~ ch02–ch03,20,22
F499,사실,F499,처음 밝혀짐,드러냄,,17,2022-11-04,103,char:10,ep:d_nikke_rapi_01,동시,,확실,확정,ch01–ch02 ~ ch02–ch03,20,22
F500,사실,F500,처음 밝혀짐,드러냄,,17,2022-11-04,103,char:10,ep:d_nikke_rapi_02,동시,,확실,확정,ch01–ch02 ~ ch02–ch03,20,22
F501,사실,F501,처음 밝혀짐,드러냄,,17,2022-11-04,103,char:10,ep:d_nikke_rapi_02,동시,,확실,확정,ch01–ch02 ~ ch02–ch03,20,22
F502,사실,F502,처음 밝혀짐,드러냄,,17,2022-11-04,103,char:10,ep:d_nikke_rapi_02,동시,,확실,확정,ch01–ch02 ~ ch02–ch03,20,22
F503,사실,F503,처음 밝혀짐,드러냄,,17,2022-11-04,103,char:10,ep:d_nikke_rapi_03,동시,,확실,확정,ch01–ch02 ~ ch02–ch03,20,22
F504,사실,F504,처음 밝혀짐,드러냄,,17,2022-11-04,103,char:10,ep:d_nikke_rapi_04,동시,,확실,확정,ch01–ch02 ~ ch02–ch03,20,22
F505,사실,F505,처음 밝혀짐,드러냄,,17,2022-11-04,103,char:10,ep:d_nikke_rapi_04,동시,,확실,확정,ch01–ch02 ~ ch02–ch03,20,22
F506,사실,F506,처음 밝혀짐,드러냄,,17,2022-11-04,103,char:10,ep:d_nikke_rapi_04,동시,,확실,확정,ch01–ch02 ~ ch02–ch03,20,22
F507,사실,F507,처음 밝혀짐,드러냄,,17,2022-11-04,103,char:10,ep:d_nikke_rapi_04,동시,,확실,확정,ch01–ch02 ~ ch02–ch03,20,22
F508,사실,F508,처음 밝혀짐,드러냄,,17,2022-11-04,103,char:10,ep:d_nikke_rapi_05,동시,,확실,확정,ch01–ch02 ~ ch02–ch03,20,22
F509,사실,F509,처음 밝혀짐,드러냄,,17,2022-11-04,104,char:190,ep:d_nikke_ludmilla_01,동시,,확실,확정,ch06–ch07 ~,30,
F510,사실,F510,처음 밝혀짐,드러냄,,17,2022-11-04,104,char:190,ep:d_nikke_ludmilla_03,동시,,확실,확정,ch06–ch07 ~,30,
F511,사실,F511,처음 밝혀짐,드러냄,,17,2022-11-04,104,char:190,ep:d_nikke_ludmilla_03,동시,,확실,확정,ch06–ch07 ~,30,
F512,사실,F512,처음 밝혀짐,드러냄,,17,2022-11-04,104,char:190,ep:d_nikke_ludmilla_03,동시,,확실,확정,ch06–ch07 ~,30,
F513,사실,F513,처음 밝혀짐,드러냄,,17,2022-11-04,104,char:190,ep:d_nikke_ludmilla_04,동시,,확실,확정,ch06–ch07 ~,30,
F513,사실,F513-2,보강,드러냄,,57,2023-12-07,256,char:194,ep:d_nikke_ludmilla_winterowner_04,뒤,,확실,확정,ch22–ch23 ~,62,
F514,사실,F514,처음 밝혀짐,드러냄,,17,2022-11-04,104,char:190,ep:d_nikke_ludmilla_04,동시,,확실,확정,ch06–ch07 ~,30,
F515,사실,F515,처음 밝혀짐,드러냄,,17,2022-11-04,104,char:190,ep:d_nikke_ludmilla_01,동시,,확실,확정,ch06–ch07 ~,30,
F516,사실,F516,처음 밝혀짐,드러냄,,17,2022-11-04,105,char:200,ep:d_nikke_rupee_01,동시,,확실,확정,ch15–ch16 ~,48,
F517,사실,F517,처음 밝혀짐,드러냄,,17,2022-11-04,105,char:200,ep:d_nikke_rupee_01,동시,,확실,확정,ch15–ch16 ~,48,
F518,사실,F518,처음 밝혀짐,드러냄,,17,2022-11-04,105,char:200,ep:d_nikke_rupee_03,동시,,확실,확정,ch15–ch16 ~,48,
F519,사실,F519,처음 밝혀짐,드러냄,,17,2022-11-04,105,char:200,ep:d_nikke_rupee_04,동시,,확실,확정,ch15–ch16 ~,48,
F520,사실,F520,처음 밝혀짐,드러냄,,17,2022-11-04,105,char:200,ep:d_nikke_rupee_05,동시,,확실,확정,ch15–ch16 ~,48,
F521,사실,F521,처음 밝혀짐,드러냄,,17,2022-11-04,106,char:82,ep:d_nikke_liter_02,동시,,확실,확정,,,
F522,사실,F522,처음 밝혀짐,드러냄,,17,2022-11-04,106,char:82,ep:d_nikke_liter_02,동시,,확실,확정,,,
F523,사실,F523,처음 밝혀짐,드러냄,,17,2022-11-04,106,char:82,ep:d_nikke_liter_05,동시,,확실,확정,,,
F523,사실,E1425,암시,암시,F523-2,104,2025-03-13,365,fl:for_rest,fl:for_rest_06,뒤,,추정,확정,ch27–ch28 ~,72,
F523,사실,E1426,재언급,재언급,F523,104,2025-03-13,365,fl:for_rest,fl:for_rest_07,뒤,,확실,확정,ch27–ch28 ~,72,
F523,사실,F523-2,보강,드러냄,,104,2025-03-13,365,fl:for_rest,fl:for_rest_13,뒤,,확실,확정,ch27–ch28 ~,72,
F524,사실,F524,처음 밝혀짐,드러냄,,17,2022-11-04,106,char:82,ep:d_nikke_liter_03,동시,,확실,확정,,,
F525,사실,F525,처음 밝혀짐,드러냄,,17,2022-11-04,106,char:82,ep:d_nikke_liter_05,동시,,확실,확정,,,
F526,사실,F526,처음 밝혀짐,드러냄,,17,2022-11-04,107,char:102,ep:d_nikke_maxwell_01,동시,,확실,확정,ch15–ch16 ~,48,
F527,사실,F527,처음 밝혀짐,드러냄,,17,2022-11-04,107,char:102,ep:d_nikke_maxwell_01,동시,,확실,확정,ch15–ch16 ~,48,
F528,사실,F528,처음 밝혀짐,드러냄,,17,2022-11-04,107,char:102,ep:d_nikke_maxwell_02,동시,,확실,확정,ch15–ch16 ~,48,
F529,사실,E7,암시,암시,F529,2,2022-11-04,2,ch01,d_main_01af_04,앞,,확실,확정,ch01,19,19
F529,사실,E1249,암시,암시,F529,17,2022-11-04,96,char:232,ep:d_nikke_noah_01,동시,,확실,확정,ch19–ch20 ~ ch40–ch41,56,98
F529,사실,F529,처음 밝혀짐,드러냄,,17,2022-11-04,107,char:102,ep:d_nikke_maxwell_02,동시,,확실,확정,ch15–ch16 ~,48,
F529,사실,F529-2,보강,드러냄,,152,2026-07-30,469,char:105,ep:d_nikke_maxwell_mechanic_01,뒤,,확실,확정,ch37–ch38 ~,92,
F530,사실,F530,처음 밝혀짐,드러냄,,17,2022-11-04,107,char:102,ep:d_nikke_maxwell_03,동시,,확실,확정,ch15–ch16 ~,48,
F530,사실,E1633,재언급,재언급,F530,152,2026-07-30,469,char:105,ep:d_nikke_maxwell_mechanic_01,뒤,,확실,확정,ch37–ch38 ~,92,
F531,사실,F531,처음 밝혀짐,드러냄,,17,2022-11-04,107,char:102,ep:d_nikke_maxwell_05,동시,,확실,확정,ch15–ch16 ~,48,
F532,사실,F532,처음 밝혀짐,드러냄,,17,2022-11-04,107,char:102,ep:d_nikke_maxwell_03,동시,,확실,확정,ch15–ch16 ~,48,
F533,사실,F533,처음 밝혀짐,드러냄,,17,2022-11-04,108,char:130,ep:d_nikke_mary_01,동시,,확실,확정,ch13–ch14 ~,44,
F534,사실,F534,처음 밝혀짐,드러냄,,17,2022-11-04,108,char:130,ep:d_nikke_mary_03,동시,,확실,확정,ch13–ch14 ~,44,
F535,사실,E1266,암시,암시,F535,17,2022-11-04,108,char:130,ep:d_nikke_mary_01,동시,,추정,확정,ch13–ch14 ~,44,
F535,사실,F535,처음 밝혀짐,드러냄,,17,2022-11-04,108,char:130,ep:d_nikke_mary_03,동시,,확실,확정,ch13–ch14 ~,44,
F536,사실,E1269,재언급,재언급,F536,17,2022-11-04,108,char:130,ep:d_nikke_mary_05,동시,,추정,확정,ch13–ch14 ~,44,
F536,사실,F536,처음 밝혀짐,드러냄,,17,2022-11-04,108,char:130,ep:d_nikke_mary_04,동시,,확실,확정,ch13–ch14 ~,44,
F537,사실,E1267,암시,암시,F537,17,2022-11-04,108,char:130,ep:d_nikke_mary_01,동시,,추정,확정,ch13–ch14 ~,44,
F537,사실,F537,처음 밝혀짐,드러냄,,17,2022-11-04,108,char:130,ep:d_nikke_mary_04,동시,,확실,확정,ch13–ch14 ~,44,
F537,사실,E214,암시,암시,F537-2,40,2023-06-15,212,event_bluewaterisland,event_bluewaterisland2_01_s,뒤,,확실,확정,ch22–ch23 ~,62,
F537,사실,F537-2,보강,드러냄,,40,2023-06-15,212,event_bluewaterisland,event_bluewaterisland2_05_e,뒤,,확실,확정,ch22–ch23 ~,62,
F538,사실,F538,처음 밝혀짐,드러냄,,17,2022-11-04,108,char:130,ep:d_nikke_mary_02,동시,,확실,확정,ch13–ch14 ~,44,
F539,사실,F539,처음 밝혀짐,드러냄,,17,2022-11-04,108,char:130,ep:d_nikke_mary_05,동시,,확실,확정,ch13–ch14 ~,44,
F540,사실,F540,처음 밝혀짐,드러냄,,17,2022-11-04,108,char:130,ep:d_nikke_mary_04,동시,,확실,확정,ch13–ch14 ~,44,
F540,사실,E218,재언급,재언급,F540,40,2023-06-15,212,event_bluewaterisland,event_bluewaterisland2_05_e,뒤,,확실,확정,ch22–ch23 ~,62,
F541,사실,F541,처음 밝혀짐,드러냄,,17,2022-11-04,109,char:181,ep:d_nikke_maiden_01,동시,,확실,확정,ch12–ch13 ~,42,
F541,사실,E416,재언급,재언급,F541,74,2024-05-16,298,event_darkhero,event_darkhero_01_e,뒤,,확실,확정,ch26 ~ ch26–ch27,69,70
F541,사실,E431,재언급,재언급,F541,78,2024-07-04,305,event_beautyfullshot1,event_beautyfullshot2_05_e,뒤,,확실,확정,ch22–ch23 ~,62,
F542,사실,F542,처음 밝혀짐,드러냄,,17,2022-11-04,109,char:181,ep:d_nikke_maiden_01,동시,,확실,확정,ch12–ch13 ~,42,
F543,사실,F543,처음 밝혀짐,드러냄,,17,2022-11-04,109,char:181,ep:d_nikke_maiden_01,동시,,확실,확정,ch12–ch13 ~,42,
F544,사실,F544,처음 밝혀짐,드러냄,,17,2022-11-04,109,char:181,ep:d_nikke_maiden_04,동시,,확실,확정,ch12–ch13 ~,42,
F545,사실,F545,처음 밝혀짐,드러냄,,17,2022-11-04,109,char:181,ep:d_nikke_maiden_02,동시,,확실,확정,ch12–ch13 ~,42,
F545,사실,E420,재언급,재언급,F545,74,2024-05-16,298,event_darkhero,event_darkhero_intermission_01,뒤,,확실,확정,ch26 ~ ch26–ch27,69,70
F546,사실,F546,처음 밝혀짐,드러냄,,17,2022-11-04,110,char:32,ep:d_nikke_miranda_01,동시,,확실,확정,,,
F546,사실,E1574,재언급,재언급,F546,154,2026-08-13,474,fl:persona_on_frontline,fl:persona_on_frontline_19,뒤,,확실,확정,ch22–ch23 ~,62,
F547,사실,F547,처음 밝혀짐,드러냄,,17,2022-11-04,110,char:32,ep:d_nikke_miranda_01,동시,,확실,확정,,,
F548,사실,F548,처음 밝혀짐,드러냄,,17,2022-11-04,110,char:32,ep:d_nikke_miranda_02,동시,,확실,확정,,,
F549,사실,F549,처음 밝혀짐,드러냄,,17,2022-11-04,110,char:32,ep:d_nikke_miranda_04,동시,,확실,확정,,,
F550,사실,F550,처음 밝혀짐,드러냄,,17,2022-11-04,111,char:61,ep:d_nikke_mica_02,동시,,확실,확정,,,
F550,사실,F550-2,보강,드러냄,,57,2023-12-07,255,event_neverland1,event_neverland2_01_e,뒤,,확실,확정,ch22–ch23 ~,62,
F551,사실,F551,처음 밝혀짐,드러냄,,17,2022-11-04,111,char:61,ep:d_nikke_mica_04,동시,,확실,확정,,,
F551,사실,E1348,재언급,재언급,F551,57,2023-12-07,255,event_neverland1,event_neverland2_02_s,뒤,,확실,확정,ch22–ch23 ~,62,
F551,사실,F551-2,보강,드러냄,,57,2023-12-07,255,event_neverland1,event_neverland1_04_s,뒤,,확실,확정,ch22–ch23 ~,62,
F552,사실,F552,처음 밝혀짐,드러냄,,17,2022-11-04,111,char:61,ep:d_nikke_mica_01,동시,,확실,확정,,,
F553,사실,F553,처음 밝혀짐,드러냄,,17,2022-11-04,111,char:61,ep:d_nikke_mica_04,동시,,확실,확정,,,
F554,사실,F554,처음 밝혀짐,드러냄,,17,2022-11-04,112,char:161,ep:d_nikke_mihara_05,동시,,확실,확정,ch02–ch03 ~ ch23–ch24,22,64
F554,사실,E1432,재언급,재언급,F554,110,2025-05-01,382,char:162,ep:d_nikke_mihara_bondingchain_04,뒤,,확실,확정,ch36–ch37 ~,90,
F555,사실,F555,처음 밝혀짐,드러냄,,17,2022-11-04,112,char:161,ep:d_nikke_mihara_05,동시,,확실,확정,ch02–ch03 ~ ch23–ch24,22,64
F556,사실,F556,처음 밝혀짐,드러냄,,17,2022-11-04,113,char:141,ep:d_nikke_milk_02,동시,,확실,확정,,,
F557,사실,F557,처음 밝혀짐,드러냄,,17,2022-11-04,113,char:141,ep:d_nikke_milk_04,동시,,확실,확정,,,
F557,사실,E1373,재언급,재언급,F557,77,2024-06-20,303,event_claymore,event_claymore_02_s,뒤,,추정,확정,ch22–ch23 ~,62,
F557,사실,E1375,재언급,재언급,F557,77,2024-06-20,303,event_claymore,event_claymore_04_s,뒤,,확실,확정,ch22–ch23 ~,62,
F557,사실,E865,재언급,재언급,F557,122,2025-09-04,404,fl:coins_in_rush,fl:coins_in_rush_23,뒤,,확실,확정,ch22–ch23 ~,62,
F558,사실,F558,처음 밝혀짐,드러냄,,17,2022-11-04,113,char:141,ep:d_nikke_milk_03,동시,,확실,확정,,,
F559,사실,F559,처음 밝혀짐,드러냄,,17,2022-11-04,114,char:91,ep:d_nikke_vesti_03,동시,,확실,확정,ch04–ch05 ~ ch31–ch32,26,80
F560,사실,F560,처음 밝혀짐,드러냄,,17,2022-11-04,114,char:91,ep:d_nikke_vesti_02,동시,,확실,확정,ch04–ch05 ~ ch31–ch32,26,80
F561,사실,F561,처음 밝혀짐,드러냄,,17,2022-11-04,114,char:91,ep:d_nikke_vesti_03,동시,,확실,확정,ch04–ch05 ~ ch31–ch32,26,80
F562,사실,F562,처음 밝혀짐,드러냄,,17,2022-11-04,114,char:91,ep:d_nikke_vesti_03,동시,,확실,확정,ch04–ch05 ~ ch31–ch32,26,80
F563,사실,F563,처음 밝혀짐,드러냄,,17,2022-11-04,115,char:60,ep:d_nikke_belorta_02,동시,,확실,확정,,,
F564,사실,F564,처음 밝혀짐,드러냄,,17,2022-11-04,115,char:60,ep:d_nikke_belorta_04,동시,,확실,확정,,,
F565,사실,F565,처음 밝혀짐,드러냄,,17,2022-11-04,116,char:431,ep:d_nikke_volume_01,동시,,확실,확정,,,
F566,사실,F566,처음 밝혀짐,드러냄,,17,2022-11-04,116,char:431,ep:d_nikke_volume_03,동시,,확실,확정,,,
F567,사실,F567,처음 밝혀짐,드러냄,,17,2022-11-04,116,char:431,ep:d_nikke_volume_04,동시,,확실,확정,,,
F568,사실,F568,처음 밝혀짐,드러냄,,17,2022-11-04,117,char:70,ep:d_nikke_brid_03,동시,,확실,확정,ch13–ch14 ~,44,
F569,사실,F569,처음 밝혀짐,드러냄,,17,2022-11-04,117,char:70,ep:d_nikke_brid_05,동시,,확실,확정,ch13–ch14 ~,44,
F570,사실,F570,처음 밝혀짐,드러냄,,17,2022-11-04,117,char:70,ep:d_nikke_brid_01,동시,,확실,확정,ch13–ch14 ~,44,
F571,사실,F571,처음 밝혀짐,드러냄,,17,2022-11-04,118,char:80,ep:d_nikke_centi_03,동시,,확실,확정,ch15–ch16 ~,48,
F571,사실,E1428,재언급,재언급,F571,104,2025-03-13,365,fl:for_rest,fl:for_rest_10,뒤,,확실,확정,ch27–ch28 ~,72,
F572,사실,F572,처음 밝혀짐,드러냄,,17,2022-11-04,118,char:80,ep:d_nikke_centi_02,동시,,확실,확정,ch15–ch16 ~,48,
F573,사실,F573,처음 밝혀짐,드러냄,,17,2022-11-04,119,char:71,ep:d_nikke_soline_03,동시,,확실,확정,ch13–ch14 ~,44,
F574,사실,E1255,암시,암시,F574,17,2022-11-04,101,char:72,ep:d_nikke_diesel_02,동시,,추정,확정,ch13–ch14 ~,44,
F574,사실,F574,처음 밝혀짐,드러냄,,17,2022-11-04,119,char:71,ep:d_nikke_soline_04,동시,,확실,확정,ch13–ch14 ~,44,
F575,사실,F575,처음 밝혀짐,드러냄,,17,2022-11-04,119,char:71,ep:d_nikke_soline_01,동시,,확실,확정,ch13–ch14 ~,44,
F576,사실,F576,처음 밝혀짐,드러냄,,17,2022-11-04,120,char:140,ep:d_nikke_sugar_01,동시,,확실,확정,ch15–ch16 ~,48,
F577,사실,F577,처음 밝혀짐,드러냄,,17,2022-11-04,120,char:140,ep:d_nikke_sugar_05,동시,,확실,확정,ch15–ch16 ~,48,
F578,사실,F578,처음 밝혀짐,드러냄,,17,2022-11-04,120,char:140,ep:d_nikke_sugar_01,동시,,확실,확정,ch15–ch16 ~,48,
F579,사실,F579,처음 밝혀짐,드러냄,,17,2022-11-04,120,char:140,ep:d_nikke_sugar_03,동시,,확실,확정,ch15–ch16 ~,48,
F580,사실,F580,처음 밝혀짐,드러냄,,17,2022-11-04,120,char:140,ep:d_nikke_sugar_01,동시,,확실,확정,ch15–ch16 ~,48,
F581,사실,F581,처음 밝혀짐,드러냄,,17,2022-11-04,121,char:220,ep:d_nikke_snowwhite_01,동시,,확실,확정,ch06–ch07 ~ ch41,30,99
F582,사실,F582,처음 밝혀짐,드러냄,,17,2022-11-04,121,char:220,ep:d_nikke_snowwhite_02,동시,,확실,확정,ch06–ch07 ~ ch41,30,99
F583,사실,F583,처음 밝혀짐,드러냄,,17,2022-11-04,121,char:220,ep:d_nikke_snowwhite_02,동시,,확실,확정,ch06–ch07 ~ ch41,30,99
F584,사실,F584,처음 밝혀짐,드러냄,,17,2022-11-04,121,char:220,ep:d_nikke_snowwhite_03,동시,,확실,확정,ch06–ch07 ~ ch41,30,99
F585,사실,F585,처음 밝혀짐,드러냄,,17,2022-11-04,121,char:220,ep:d_nikke_snowwhite_01,동시,,확실,확정,ch06–ch07 ~ ch41,30,99
F586,사실,F586,처음 밝혀짐,드러냄,,17,2022-11-04,122,char:22,ep:d_nikke_signal_03,동시,,확실,확정,ch04–ch05 ~,26,
F587,사실,F587,처음 밝혀짐,드러냄,,17,2022-11-04,122,char:22,ep:d_nikke_signal_01,동시,,확실,확정,ch04–ch05 ~,26,
F587,사실,E1298,재언급,재언급,F587,28,2023-02-01,177,event_maidinvalentine,event_maidinvalentine_02_s,뒤,,확실,확정,ch09–ch10 ~,36,
F587,사실,E848,재언급,재언급,F587,119,2025-08-07,400,fl:absolute,fl:absolute_23,뒤,,추정,확정,ch34–ch35 ~,86,
F588,사실,F588,처음 밝혀짐,드러냄,,17,2022-11-04,123,char:12,ep:d_nikke_anis_01,동시,,확실,확정,ch01–ch02 ~ ch02–ch03,20,22
F589,사실,F589,처음 밝혀짐,드러냄,,17,2022-11-04,123,char:12,ep:d_nikke_anis_01,동시,,확실,확정,ch01–ch02 ~ ch02–ch03,20,22
F589,사실,E349,재언급,재언급,F589,66,2024-02-22,280,event_boomsday,event_boomsday_05_e,뒤,,확실,확정,ch07–ch08 ~ ch26–ch27,32,70
F589,사실,F589-2,보강,드러냄,,66,2024-02-22,280,event_boomsday,event_boomsday_intermission_01,뒤,,확실,확정,ch07–ch08 ~ ch26–ch27,32,70
F589,사실,E1619,재언급,재언급,F589-2,117,2025-07-24,395,char:502,ep:d_nikke_eleggboomandshock_05,뒤,,추정,확정,ch38–ch39 ~,94,
F589,사실,F589-3,보강,드러냄,,135,2026-01-15,430,fl:sin_editor,fl:sin_editor_12,뒤,,확실,확정,,,
F589,사실,E1631,재언급,재언급,F589,144,2026-04-23,455,char:17,ep:d_nikke_anis_star_02,뒤,,확실,확정,ch46–ch47 ~,110,
F590,사실,F590,처음 밝혀짐,드러냄,,17,2022-11-04,123,char:12,ep:d_nikke_anis_02,동시,,확실,확정,ch01–ch02 ~ ch02–ch03,20,22
F590,사실,E1461,재언급,재언급,F590,131,2025-12-04,425,fl:terminus_ticket,fl:terminus_ticket_25,뒤,,확실,확정,ch13–ch14 ~,44,
F591,사실,F591,처음 밝혀짐,드러냄,,17,2022-11-04,123,char:12,ep:d_nikke_anis_02,동시,,확실,확정,ch01–ch02 ~ ch02–ch03,20,22
F592,사실,F592,처음 밝혀짐,드러냄,,17,2022-11-04,123,char:12,ep:d_nikke_anis_02,동시,,확실,확정,ch01–ch02 ~ ch02–ch03,20,22
F593,사실,F593,처음 밝혀짐,드러냄,,17,2022-11-04,123,char:12,ep:d_nikke_anis_03,동시,,확실,확정,ch01–ch02 ~ ch02–ch03,20,22
F594,사실,F594,처음 밝혀짐,드러냄,,17,2022-11-04,123,char:12,ep:d_nikke_anis_03,동시,,확실,확정,ch01–ch02 ~ ch02–ch03,20,22
F594,사실,E1632,재언급,재언급,F594,144,2026-04-23,455,char:17,ep:d_nikke_anis_star_04,뒤,,확실,확정,ch46–ch47 ~,110,
F595,사실,F595,처음 밝혀짐,드러냄,,17,2022-11-04,123,char:12,ep:d_nikke_anis_04,동시,,확실,확정,ch01–ch02 ~ ch02–ch03,20,22
F596,사실,F596,처음 밝혀짐,드러냄,,17,2022-11-04,123,char:12,ep:d_nikke_anis_04,동시,,확실,확정,ch01–ch02 ~ ch02–ch03,20,22
F596,사실,E1569,재언급,재언급,F596,154,2026-08-13,474,fl:persona_on_frontline,fl:persona_on_frontline_14,뒤,,확실,확정,ch22–ch23 ~,62,
F597,사실,F597,처음 밝혀짐,드러냄,,17,2022-11-04,123,char:12,ep:d_nikke_anis_05,동시,,확실,확정,ch01–ch02 ~ ch02–ch03,20,22
F597,사실,E1631,재언급,재언급,F597,144,2026-04-23,455,char:17,ep:d_nikke_anis_star_02,뒤,,확실,확정,ch46–ch47 ~,110,
F598,사실,F598,처음 밝혀짐,드러냄,,17,2022-11-04,124,char:432,ep:d_nikke_aria_01,동시,,확실,확정,,,
F599,사실,F599,처음 밝혀짐,드러냄,,17,2022-11-04,124,char:432,ep:d_nikke_aria_03,동시,,확실,확정,,,
F600,사실,F600,처음 밝혀짐,드러냄,,17,2022-11-04,125,char:172,ep:d_nikke_admi_01,동시,,확실,확정,ch09–ch10 ~,36,
F601,사실,F601,처음 밝혀짐,드러냄,,17,2022-11-04,125,char:172,ep:d_nikke_admi_05,동시,,확실,확정,ch09–ch10 ~,36,
F602,사실,F602,처음 밝혀짐,드러냄,,17,2022-11-04,125,char:172,ep:d_nikke_admi_01,동시,,확실,확정,ch09–ch10 ~,36,
F603,사실,F603,처음 밝혀짐,드러냄,,17,2022-11-04,125,char:172,ep:d_nikke_admi_02,동시,,확실,확정,ch09–ch10 ~,36,
F604,사실,E41,암시,암시,F604,6,2022-11-04,9,ch05,d_main_05_06,앞,,확실,확정,ch05,27,27
F604,사실,E46,암시,암시,F604,7,2022-11-04,37,relic:니케실험대상자모집,relic:니케실험대상자모집_02,앞,,추정,확정,@랩쳐_침공–@갓데스_투입 ~,2,
F604,사실,F604,처음 밝혀짐,드러냄,,17,2022-11-04,126,char:191,ep:d_nikke_alice_04,동시,,확실,확정,ch05–ch06 ~,28,
F605,사실,F605,처음 밝혀짐,드러냄,,17,2022-11-04,126,char:191,ep:d_nikke_alice_03,동시,,확실,확정,ch05–ch06 ~,28,
F606,사실,F606,처음 밝혀짐,드러냄,,17,2022-11-04,126,char:191,ep:d_nikke_alice_03,동시,,확실,확정,ch05–ch06 ~,28,
F607,사실,F607,처음 밝혀짐,드러냄,,17,2022-11-04,126,char:191,ep:d_nikke_alice_05,동시,,추정,확정,ch05–ch06 ~,28,
F608,사실,F608,처음 밝혀짐,드러냄,,17,2022-11-04,127,char:201,ep:d_nikke_yan_03,동시,,확실,확정,ch15–ch16 ~,48,
F609,사실,F609,처음 밝혀짐,드러냄,,17,2022-11-04,127,char:201,ep:d_nikke_yan_03,동시,,확실,확정,ch15–ch16 ~,48,
F610,사실,F610,처음 밝혀짐,드러냄,,17,2022-11-04,127,char:201,ep:d_nikke_yan_03,동시,,확실,확정,ch15–ch16 ~,48,
F611,사실,F611,처음 밝혀짐,드러냄,,17,2022-11-04,128,char:291,ep:d_nikke_ether_01,동시,,확실,확정,ch02–ch03 ~,22,
F612,사실,F612,처음 밝혀짐,드러냄,,17,2022-11-04,128,char:291,ep:d_nikke_ether_02,동시,,확실,확정,ch02–ch03 ~,22,
F613,사실,F613,처음 밝혀짐,드러냄,,17,2022-11-04,128,char:291,ep:d_nikke_ether_01,동시,,확실,확정,ch02–ch03 ~,22,
F614,사실,F614,처음 밝혀짐,드러냄,,17,2022-11-04,128,char:291,ep:d_nikke_ether_04,동시,,확실,확정,ch02–ch03 ~,22,
F614,사실,E577,재언급,재언급,F614,98,2025-01-16,353,event_wisdomspring,event_wisdomspring_02_s,뒤,,확실,확정,ch34–ch35 ~,86,
F615,사실,F615,처음 밝혀짐,드러냄,,17,2022-11-04,128,char:291,ep:d_nikke_ether_01,동시,,확실,확정,ch02–ch03 ~,22,
F615,사실,E421,재언급,재언급,F615,74,2024-05-16,298,event_darkhero,event_darkhero_04_e,뒤,,확실,확정,ch26 ~ ch26–ch27,69,70
F616,사실,F616,처음 밝혀짐,드러냄,,17,2022-11-04,129,char:241,ep:d_nikke_epinel_02,동시,,확실,확정,ch13–ch14 ~,44,
F617,사실,F617,처음 밝혀짐,드러냄,,17,2022-11-04,129,char:241,ep:d_nikke_epinel_01,동시,,확실,확정,ch13–ch14 ~,44,
F618,사실,F618,처음 밝혀짐,드러냄,,17,2022-11-04,129,char:241,ep:d_nikke_epinel_01,동시,,확실,확정,ch13–ch14 ~,44,
F619,사실,F619,처음 밝혀짐,드러냄,,17,2022-11-04,130,char:210,ep:d_nikke_exia_05,동시,,확실,확정,ch09–ch10 ~,36,
F620,사실,F620,처음 밝혀짐,드러냄,,17,2022-11-04,130,char:210,ep:d_nikke_exia_03,동시,,확실,확정,ch09–ch10 ~,36,
F621,사실,F621,처음 밝혀짐,드러냄,,17,2022-11-04,130,char:210,ep:d_nikke_exia_02,동시,,확실,확정,ch09–ch10 ~,36,
F622,사실,E102,암시,암시,F622,16,2022-11-04,85,ch15,d_main_15af_06,앞,,확실,확정,ch15,47,47
F622,사실,F622,처음 밝혀짐,드러냄,,17,2022-11-04,131,char:90,ep:d_nikke_emma_03,동시,,확실,확정,ch11–ch12 ~,40,
F623,사실,E1595,암시,암시,F623,17,2022-11-04,131,char:90,ep:d_nikke_emma_01,동시,,추정,확정,ch11–ch12 ~,40,
F623,사실,F623,처음 밝혀짐,드러냄,,17,2022-11-04,131,char:90,ep:d_nikke_emma_02,동시,,확실,확정,ch11–ch12 ~,40,
F624,사실,E20,암시,암시,F624,4,2022-11-04,6,ch03,d_main_03_04,앞,,확실,확정,ch03,23,23
F624,사실,F624,처음 밝혀짐,드러냄,,17,2022-11-04,132,char:160,ep:d_nikke_yuni_01,동시,,확실,확정,ch09–ch10 ~ ch23–ch24,36,64
F625,사실,F625,처음 밝혀짐,드러냄,,17,2022-11-04,133,char:150,ep:d_nikke_julia_02,동시,,확실,확정,,,
F626,사실,F626,처음 밝혀짐,드러냄,,17,2022-11-04,133,char:150,ep:d_nikke_julia_04,동시,,확실,확정,,,
F626,사실,E137,재언급,재언급,F626,23,2022-12-29,163,event_brandnewyear,event_brandnewyear_03_e,뒤,,추정,확정,ch13–ch14 ~,44,
F627,사실,F627,처음 밝혀짐,드러냄,,17,2022-11-04,134,char:171,ep:d_nikke_yulha_03,동시,,확실,확정,ch09–ch10 ~ ch20–ch21,36,58
F628,사실,F628,처음 밝혀짐,드러냄,,17,2022-11-04,134,char:171,ep:d_nikke_yulha_03,동시,,확실,확정,ch09–ch10 ~ ch20–ch21,36,58
F629,사실,F629,처음 밝혀짐,드러냄,,17,2022-11-04,135,char:92,ep:d_nikke_eunhwa_03,동시,,확실,확정,ch04–ch05 ~,26,
F629,사실,F629-2,보강,드러냄,,120,2025-08-14,402,char:95,ep:d_nikke_eunhwa_tactical_03,뒤,,확실,확정,ch04–ch05 ~,26,
F630,사실,F630,처음 밝혀짐,드러냄,,17,2022-11-04,135,char:92,ep:d_nikke_eunhwa_01,동시,,확실,확정,ch04–ch05 ~,26,
F631,사실,F631,처음 밝혀짐,드러냄,,17,2022-11-04,135,char:92,ep:d_nikke_eunhwa_04,동시,,확실,확정,ch04–ch05 ~,26,
F632,사실,F632,처음 밝혀짐,드러냄,,17,2022-11-04,135,char:92,ep:d_nikke_eunhwa_05,동시,,확실,확정,ch04–ch05 ~,26,
F633,사실,F633,처음 밝혀짐,드러냄,,17,2022-11-04,136,char:231,ep:d_nikke_isabel_01,동시,,확실,확정,ch21–ch22 ~ ch40–ch41,60,98
F634,사실,F634,처음 밝혀짐,드러냄,,17,2022-11-04,136,char:231,ep:d_nikke_isabel_01,동시,,확실,확정,ch21–ch22 ~ ch40–ch41,60,98
F635,사실,F635,처음 밝혀짐,드러냄,,17,2022-11-04,136,char:231,ep:d_nikke_isabel_02,동시,,확실,확정,ch21–ch22 ~ ch40–ch41,60,98
F636,사실,F636,처음 밝혀짐,드러냄,,17,2022-11-04,136,char:231,ep:d_nikke_isabel_03,동시,,확실,확정,ch21–ch22 ~ ch40–ch41,60,98
F637,사실,F637,처음 밝혀짐,드러냄,,17,2022-11-04,137,char:110,ep:d_nikke_crow_01,동시,,확실,확정,ch16–ch17 ~ ch23–ch24,50,64
F638,사실,F638,처음 밝혀짐,드러냄,,17,2022-11-04,137,char:110,ep:d_nikke_crow_03,동시,,확실,확정,ch16–ch17 ~ ch23–ch24,50,64
F639,사실,F639,처음 밝혀짐,드러냄,,17,2022-11-04,137,char:110,ep:d_nikke_crow_04,동시,,확실,확정,ch16–ch17 ~ ch23–ch24,50,64
F640,사실,F640,처음 밝혀짐,드러냄,,17,2022-11-04,137,char:110,ep:d_nikke_crow_04,동시,,확실,확정,ch16–ch17 ~ ch23–ch24,50,64
F641,사실,F641,처음 밝혀짐,드러냄,,17,2022-11-04,137,char:110,ep:d_nikke_crow_05,동시,,확실,확정,ch16–ch17 ~ ch23–ch24,50,64
F641,사실,E997,재언급,재언급,F641,135,2026-01-15,430,fl:sin_editor,fl:sin_editor_00,뒤,,확실,확정,,,
F642,사실,F642,처음 밝혀짐,드러냄,,17,2022-11-04,137,char:110,ep:d_nikke_crow_02,동시,,확실,확정,ch16–ch17 ~ ch23–ch24,50,64
F643,사실,F643,처음 밝혀짐,드러냄,,17,2022-11-04,137,char:110,ep:d_nikke_crow_02,동시,,확실,확정,ch16–ch17 ~ ch23–ch24,50,64
F644,사실,F644,처음 밝혀짐,드러냄,,17,2022-11-04,138,char:131,ep:d_nikke_pepper_03,동시,,확실,확정,ch13–ch14 ~,44,
F645,사실,F645,처음 밝혀짐,드러냄,,17,2022-11-04,138,char:131,ep:d_nikke_pepper_03,동시,,확실,확정,ch13–ch14 ~,44,
F646,사실,F646,처음 밝혀짐,드러냄,,17,2022-11-04,138,char:131,ep:d_nikke_pepper_01,동시,,확실,확정,ch13–ch14 ~,44,
F646,사실,E217,재언급,재언급,F646,40,2023-06-15,212,event_bluewaterisland,event_bluewaterisland2_03_e,뒤,,확실,확정,ch22–ch23 ~,62,
F647,사실,F647,처음 밝혀짐,드러냄,,17,2022-11-04,139,char:30,ep:d_nikke_poli_02,동시,,확실,확정,ch11–ch12 ~,40,
F648,사실,F648,처음 밝혀짐,드러냄,,17,2022-11-04,139,char:30,ep:d_nikke_poli_03,동시,,확실,확정,ch11–ch12 ~,40,
F649,사실,F649,처음 밝혀짐,드러냄,,17,2022-11-04,139,char:30,ep:d_nikke_poli_03,동시,,확실,확정,ch11–ch12 ~,40,
F650,사실,F650,처음 밝혀짐,드러냄,,17,2022-11-04,140,char:242,ep:d_nikke_folkwang_01,동시,,확실,확정,ch13–ch14 ~,44,
F650,사실,E1368,재언급,재언급,F650,75,2024-05-30,300,event_goldencoinrush1,event_goldencoinrush2_b01_s,뒤,,확실,확정,ch22–ch23 ~,62,
F650,사실,E1369,재언급,재언급,F650,75,2024-05-30,300,event_goldencoinrush1,event_goldencoinrush2_b01_e,뒤,,확실,확정,ch22–ch23 ~,62,
F650,사실,E1393,재언급,재언급,F650,89,2024-10-17,332,event_lifeagain,event_lifeagain_intermission_01,뒤,,확실,확정,ch05–ch06 ~,28,
F651,사실,F651,처음 밝혀짐,드러냄,,17,2022-11-04,141,char:170,ep:d_nikke_privaty_02,동시,,확실,확정,ch09–ch10 ~,36,
F651,사실,F651-2,보강,드러냄,,63,2024-02-05,264,event_perfectmaid,event_perfectmaid_04_e,뒤,,확실,확정,ch15–ch16 ~,48,
F652,사실,F652,처음 밝혀짐,드러냄,,17,2022-11-04,141,char:170,ep:d_nikke_privaty_03,동시,,확실,확정,ch09–ch10 ~,36,
F653,사실,F653,처음 밝혀짐,드러냄,,17,2022-11-04,141,char:170,ep:d_nikke_privaty_01,동시,,확실,확정,ch09–ch10 ~,36,
F654,사실,F654,처음 밝혀짐,드러냄,,17,2022-11-04,142,char:142,ep:d_nikke_frima_01,동시,,확실,확정,ch13–ch14 ~,44,
F655,사실,F655,처음 밝혀짐,드러냄,,17,2022-11-04,142,char:142,ep:d_nikke_frima_03,동시,,확실,확정,ch13–ch14 ~,44,
F656,사실,F656,처음 밝혀짐,드러냄,,17,2022-11-04,143,char:230,ep:d_nikke_harran_01,동시,,확실,확정,ch19–ch20 ~ ch40–ch41,56,98
F656,사실,E1177,재언급,재언급,F656,148,2026-06-11,462,fl:ark_ranger,fl:ark_ranger_16,뒤,,확실,확정,~ ch21–ch22 / ch22 / ch42 / ch45 / ch46–ch47 ~ ch47,,111
F657,사실,F657,처음 밝혀짐,드러냄,,17,2022-11-04,143,char:230,ep:d_nikke_harran_04,동시,,확실,확정,ch19–ch20 ~ ch40–ch41,56,98
F658,사실,F658,처음 밝혀짐,드러냄,,17,2022-11-04,144,char:222,ep:d_nikke_hongryeon_01,동시,,확실,확정,ch17–ch18 ~ ch40–ch41,52,98
F659,사실,F659,처음 밝혀짐,드러냄,,17,2022-11-04,144,char:222,ep:d_nikke_hongryeon_02,동시,,확실,확정,ch17–ch18 ~ ch40–ch41,52,98
F660,사실,F660,처음 밝혀짐,드러냄,,17,2022-11-04,144,char:222,ep:d_nikke_hongryeon_02,동시,,확실,확정,ch17–ch18 ~ ch40–ch41,52,98
F660,사실,F660-2,보강,드러냄,,59,2023-12-28,258,event_newyearnewsword,event_newyearnewsword_06_e,뒤,,확실,확정,ch14–ch15 ~,46,
F661,사실,F661,처음 밝혀짐,드러냄,,17,2022-11-04,144,char:222,ep:d_nikke_hongryeon_03,동시,,확실,확정,ch17–ch18 ~ ch40–ch41,52,98
F661,사실,E199,재언급,재언급,F661,36,2023-04-27,203,event_overzone,event_overzone2_03_e,뒤,,확실,확정,@2차_지상_탈환전–ch00,16,16
F662,사실,F662,처음 밝혀짐,드러냄,,17,2022-11-04,144,char:222,ep:d_nikke_hongryeon_03,동시,,확실,확정,ch17–ch18 ~ ch40–ch41,52,98
F663,사실,F663,처음 밝혀짐,드러냄,,17,2022-11-04,145,char:120,ep:d_nikke_n102_01,동시,,확실,확정,ch07–ch08 ~,32,
F664,사실,F664,처음 밝혀짐,드러냄,,17,2022-11-04,145,char:120,ep:d_nikke_n102_04,동시,,확실,확정,ch07–ch08 ~,32,
F665,사실,F665,처음 밝혀짐,드러냄,,18,2022-11-10,146,event_nocallerid,event_nocallerid_01_s,동시,,확실,확정,,,
F666,사실,F666,처음 밝혀짐,드러냄,,18,2022-11-10,146,event_nocallerid,event_nocallerid_04_e,동시,,확실,확정,,,
F667,사실,F667,처음 밝혀짐,드러냄,,18,2022-11-10,146,event_nocallerid,event_nocallerid_01_s,동시,,확실,확정,,,
F668,사실,F668,처음 밝혀짐,드러냄,,18,2022-11-10,146,event_nocallerid,event_nocallerid_03_e,동시,,확실,확정,,,
F669,사실,F669,처음 밝혀짐,드러냄,,18,2022-11-10,147,char:352,ep:d_nikke_helm_01,동시,,확실,확정,,,
F670,사실,F670,처음 밝혀짐,드러냄,,18,2022-11-10,147,char:352,ep:d_nikke_helm_01,동시,,확실,확정,,,
F670,사실,E1319,재언급,재언급,F670,45,2023-08-03,226,event_seayouagain1,event_seayouagain1_02_s,뒤,,확실,확정,ch22–ch23 ~,62,
F670,사실,E658,재언급,재언급,F670,109,2025-04-24,375,ch38,d_main_38_01_s,뒤,,추정,확정,ch38,93,93
F671,사실,F671,처음 밝혀짐,드러냄,,18,2022-11-10,147,char:352,ep:d_nikke_helm_03,동시,,확실,확정,,,
F672,사실,F672,처음 밝혀짐,드러냄,,18,2022-11-10,147,char:352,ep:d_nikke_helm_02,동시,,확실,확정,,,
F673,사실,F673,처음 밝혀짐,드러냄,,18,2022-11-10,147,char:352,ep:d_nikke_helm_04,동시,,확실,확정,,,
F674,사실,F674,처음 밝혀짐,드러냄,,18,2022-11-10,147,char:352,ep:d_nikke_helm_05,동시,,확실,확정,,,
F675,사실,F675,처음 밝혀짐,드러냄,,19,2022-11-24,148,ch17,d_main_17_01_s,동시,,확실,확정,ch17,51,51
F676,사실,E115,암시,암시,F676,19,2022-11-24,148,ch17,d_main_17_02,동시,,확실,확정,ch17,51,51
F676,사실,E116,암시,암시,F676,19,2022-11-24,148,ch17,d_main_17_04,동시,,확실,확정,ch17,51,51
F676,사실,F676,처음 밝혀짐,드러냄,,19,2022-11-24,148,ch17,d_main_17_10,동시,,확실,확정,ch17,51,51
F677,사실,F677,처음 밝혀짐,드러냄,,19,2022-11-24,148,ch17,d_main_17_05_s,동시,,확실,확정,ch17,51,51
F677,사실,E266,재언급,재언급,F677,55,2023-11-02,244,ch26,d_main_26_03_s,뒤,,확실,확정,ch26,69,69
F678,사실,F678,처음 밝혀짐,드러냄,,19,2022-11-24,148,ch17,d_main_17_06,동시,,확실,확정,ch17,51,51
F679,사실,F679,처음 밝혀짐,드러냄,,19,2022-11-24,148,ch17,d_main_17_07,동시,,확실,확정,ch17,51,51
F680,사실,F680,처음 밝혀짐,드러냄,,19,2022-11-24,148,ch17,d_main_17_07,동시,,확실,확정,ch17,51,51
F681,사실,F681,처음 밝혀짐,드러냄,,19,2022-11-24,148,ch17,d_main_17_07,동시,,확실,확정,ch17,51,51
F682,사실,F682,처음 밝혀짐,드러냄,,19,2022-11-24,148,ch17,d_main_17_08,동시,,확실,확정,ch17,51,51
F682,사실,E535,재언급,재언급,F682,91,2024-10-31,338,event_oldtales1,event_oldtales2_02_e,뒤,,추정,확정,@갓데스_투입–@궤도_엘리베이터_강습 ~ @궤도_엘리베이터_강습–@아크_가디언_작전 / @궤도_엘리베이터_강습–@아크_가디언_작전 / @아크_가디언_작전–@방주_밀봉 ~ @방주_밀봉–@1차_지상_탈환전 / @방주_밀봉–@1차_지상_탈환전 ~ @1차_지상_탈환전–@갓데스_폴,4,12
F683,사실,E96,암시,암시,F683,15,2022-11-04,80,ch14,d_main_14_09,앞,,추정,확정,ch14,45,45
F683,사실,F683,처음 밝혀짐,드러냄,,19,2022-11-24,148,ch17,d_main_17_08,동시,,확실,확정,ch17,51,51
F684,사실,E1272,암시,암시,F684,17,2022-11-04,121,char:220,ep:d_nikke_snowwhite_03,앞,,추정,확정,ch06–ch07 ~ ch41,30,99
F684,사실,E117,암시,암시,F684,19,2022-11-24,148,ch17,d_main_17_05_e,동시,,확실,확정,ch17,51,51
F684,사실,F684,처음 밝혀짐,드러냄,,19,2022-11-24,148,ch17,d_main_17_08,동시,,확실,확정,ch17,51,51
F685,사실,F685,처음 밝혀짐,드러냄,,19,2022-11-24,148,ch17,d_main_17_08,동시,,확실,확정,ch17,51,51
F686,사실,E116,암시,암시,F686,19,2022-11-24,148,ch17,d_main_17_04,동시,,확실,확정,ch17,51,51
F686,사실,E118,암시,암시,F686,19,2022-11-24,148,ch17,d_main_17_07,동시,,확실,확정,ch17,51,51
F686,사실,F686,처음 밝혀짐,드러냄,,19,2022-11-24,148,ch17,d_main_17_11,동시,,확실,확정,ch17,51,51
F686,사실,E265,재언급,재언급,F686,55,2023-11-02,244,ch26,d_main_26_01_e,뒤,,확실,확정,ch26,69,69
F687,사실,F687,처음 밝혀짐,드러냄,,19,2022-11-24,148,ch17,d_main_17_11,동시,,확실,확정,ch17,51,51
F688,사실,F688,처음 밝혀짐,드러냄,,19,2022-11-24,148,ch17,d_main_17_11,동시,,확실,확정,ch17,51,51
F689,사실,E109,암시,암시,F689,17,2022-11-04,87,ch16,d_main_16_10,앞,,확실,확정,ch16,49,49
F689,사실,E121,암시,암시,F689,19,2022-11-24,148,ch17,d_main_17_08,동시,,확실,확정,ch17,51,51
F689,사실,F689,처음 밝혀짐,드러냄,,19,2022-11-24,148,ch17,d_main_17af_01,동시,,확실,확정,ch17,51,51
F690,사실,F690,처음 밝혀짐,드러냄,,19,2022-11-24,148,ch17,d_main_17af_02,동시,,확실,확정,ch17,51,51
F690,사실,E173,재언급,재언급,F690,36,2023-04-27,197,ch22,d_main_22_09,뒤,,확실,확정,ch22,61,61
F690,사실,E175,재언급,재언급,F690,36,2023-04-27,197,ch22,d_main_22_11,뒤,,확실,확정,ch22,61,61
F691,사실,F691,처음 밝혀짐,드러냄,,19,2022-11-24,148,ch17,d_main_17af_04,동시,,확실,확정,ch17,51,51
F691,사실,E1197,재언급,재언급,F691,151,2026-07-23,467,fl:project_matis,fl:project_matis_20,뒤,,추정,확정,ch46–ch47 ~,110,
F692,사실,F692,처음 밝혀짐,드러냄,,19,2022-11-24,148,ch17,d_main_17af_03,동시,,확실,확정,ch17,51,51
F693,사실,F693,처음 밝혀짐,드러냄,,19,2022-11-24,149,sub:제니퍼f_00,sub:제니퍼f_00,동시,,확실,확정,,,
F693,사실,E1476,재언급,재언급,F693,138,2026-02-12,438,fl:lie_cause_recoil,fl:lie_cause_recoil_12,뒤,,확실,확정,ch26–ch27 ~,70,
F694,사실,F694,처음 밝혀짐,드러냄,,19,2022-11-24,149,sub:제니퍼f_00,sub:제니퍼f_00,동시,,확실,확정,,,
F695,사실,F695,처음 밝혀짐,드러냄,,19,2022-11-24,150,relic:모바일_보이스피싱_광고_모음.zip,relic:모바일_보이스피싱_광고_모음.zip_00,동시,,확실,확정,@랩쳐_침공–@갓데스_투입 ~ @갓데스_투입,2,3
F696,사실,F696,처음 밝혀짐,드러냄,,19,2022-11-24,151,relic:니케제작보고서요약본,relic:니케제작보고서요약본_00,동시,,확실,확정,@랩쳐_침공–@갓데스_투입 ~,2,
F697,사실,F697,처음 밝혀짐,드러냄,,20,2022-11-24,152,ch18,d_main_18_05,동시,,확실,확정,ch18,53,53
F698,사실,F698,처음 밝혀짐,드러냄,,20,2022-11-24,152,ch18,d_main_18_06,동시,,확실,확정,ch18,53,53
F699,사실,F699,처음 밝혀짐,드러냄,,20,2022-11-24,152,ch18,d_main_18_07_e,동시,,확실,확정,ch18,53,53
F699,사실,E1190,재언급,재언급,F699,151,2026-07-23,467,fl:project_matis,fl:project_matis_08,뒤,,추정,확정,ch46–ch47 ~,110,
F699,사실,E1204,재언급,재언급,F699,151,2026-07-23,467,fl:project_matis,fl:project_matis_26,뒤,,추정,확정,ch46–ch47 ~,110,
F700,사실,F700,처음 밝혀짐,드러냄,,20,2022-11-24,152,ch18,d_main_18_10,동시,,확실,확정,ch18,53,53
F700,사실,E134,재언급,재언급,F700,20,2022-11-24,156,relic:XX중학교가정통신문,relic:XX중학교가정통신문_01,동시,,추정,확정,@랩쳐_침공 전 ~ @랩쳐_침공–@갓데스_투입,0,2
F700,사실,E1200,재언급,재언급,F700,151,2026-07-23,467,fl:project_matis,fl:project_matis_24,뒤,,추정,확정,ch46–ch47 ~,110,
F701,사실,F701,처음 밝혀짐,드러냄,,20,2022-11-24,152,ch18,d_main_18_12_e,동시,,확실,확정,ch18,53,53
F702,사실,F702,처음 밝혀짐,드러냄,,20,2022-11-24,152,ch18,d_main_18af_02,동시,,확실,확정,ch18,53,53
F703,사실,F703,처음 밝혀짐,드러냄,,20,2022-11-24,152,ch18,d_main_18af_01,동시,,확실,확정,ch18,53,53
F704,사실,E112,암시,암시,F704,17,2022-11-04,87,ch16,d_main_16af_01,앞,,확실,확정,ch16,49,49
F704,사실,F704,처음 밝혀짐,드러냄,,20,2022-11-24,152,ch18,d_main_18af_02,동시,,확실,확정,ch18,53,53
F705,사실,F705,처음 밝혀짐,드러냄,,20,2022-11-24,152,ch18,d_main_18af_03,동시,,확실,확정,ch18,53,53
F706,사실,E108,암시,암시,F706,17,2022-11-04,87,ch16,d_main_16_10,앞,,확실,확정,ch16,49,49
F706,사실,F706,처음 밝혀짐,드러냄,,20,2022-11-24,152,ch18,d_main_18af_04,동시,,확실,확정,ch18,53,53
F706,사실,E174,재언급,재언급,F706,36,2023-04-27,197,ch22,d_main_22_11,뒤,,확실,확정,ch22,61,61
F706,사실,E1039,재언급,재언급,F706,140,2026-03-05,442,fl:enter_heaven,fl:enter_heaven_09,뒤,,확실,확정,ch39–ch40 ~,96,
F707,사실,F707,처음 밝혀짐,드러냄,,20,2022-11-24,152,ch18,d_main_18af_06,동시,,확실,확정,ch18,53,53
F708,사실,F708,처음 밝혀짐,드러냄,,20,2022-11-24,152,ch18,d_main_18af_06,동시,,확실,확정,ch18,53,53
F708,사실,E705,재언급,재언급,F708,109,2025-04-24,377,event_unbreakablesphere1,event_unbreakablesphere2_04_s,뒤,,추정,확정,ch36–ch37 ~,90,
F709,사실,E14,암시,암시,F709,3,2022-11-04,5,sub:테트라_커넥트_00,sub:테트라_커넥트_00,앞,,추정,확정,ch01–ch02 ~,20,
F709,사실,F709,처음 밝혀짐,드러냄,,20,2022-11-24,153,sub:테트라_커넥트_01,sub:테트라_커넥트_01,동시,,확실,확정,ch01–ch02 ~,20,
F710,사실,F710,처음 밝혀짐,드러냄,,20,2022-11-24,154,sub:중앙_정부_공식__02,sub:중앙_정부_공식__02,동시,,확실,확정,,,
F711,사실,E44,암시,암시,F711,6,2022-11-04,10,sub:중앙_정부_공식__00,sub:중앙_정부_공식__00,앞,,추정,확정,,,
F711,사실,E45,암시,암시,F711,7,2022-11-04,37,relic:니케실험대상자모집,relic:니케실험대상자모집_01,앞,,추정,확정,@랩쳐_침공–@갓데스_투입 ~,2,
F711,사실,F711,처음 밝혀짐,드러냄,,20,2022-11-24,154,sub:중앙_정부_공식__02,sub:중앙_정부_공식__02,동시,,확실,확정,,,
F712,사실,F712,처음 밝혀짐,드러냄,,20,2022-11-24,156,relic:XX중학교가정통신문,relic:XX중학교가정통신문_00,동시,,확실,확정,@랩쳐_침공 전 ~ @랩쳐_침공–@갓데스_투입,0,2
F713,사실,F713,처음 밝혀짐,드러냄,,20,2022-11-24,157,event_hightechtoy,event_hightechtoy_prologue,동시,,확실,확정,ch15–ch16 ~,48,
F714,사실,F714,처음 밝혀짐,드러냄,,20,2022-11-24,157,event_hightechtoy,event_hightechtoy_02_e,동시,,확실,확정,ch15–ch16 ~,48,
F715,사실,F715,처음 밝혀짐,드러냄,,20,2022-11-24,157,event_hightechtoy,event_hightechtoy_03_e,동시,,확실,확정,ch15–ch16 ~,48,
F716,사실,F716,처음 밝혀짐,드러냄,,20,2022-11-24,157,event_hightechtoy,event_hightechtoy_03_s,동시,,확실,확정,ch15–ch16 ~,48,
F717,사실,F717,처음 밝혀짐,드러냄,,20,2022-11-24,157,event_hightechtoy,event_hightechtoy_06_e,동시,,확실,확정,ch15–ch16 ~,48,
F717,사실,E1203,재언급,재언급,F717,151,2026-07-23,467,fl:project_matis,fl:project_matis_26,뒤,,확실,확정,ch46–ch47 ~,110,
F718,사실,F718,처음 밝혀짐,드러냄,,20,2022-11-24,157,event_hightechtoy,event_hightechtoy_01_s,동시,,확실,확정,ch15–ch16 ~,48,
F719,사실,F719,처음 밝혀짐,드러냄,,20,2022-11-24,158,char:100,ep:d_nikke_laplace_01,동시,,확실,확정,ch15–ch16 ~,48,
F720,사실,F720,처음 밝혀짐,드러냄,,20,2022-11-24,158,char:100,ep:d_nikke_laplace_02,동시,,확실,확정,ch15–ch16 ~,48,
F721,사실,F721,처음 밝혀짐,드러냄,,20,2022-11-24,158,char:100,ep:d_nikke_laplace_03,동시,,확실,확정,ch15–ch16 ~,48,
F722,사실,F722,처음 밝혀짐,드러냄,,20,2022-11-24,158,char:100,ep:d_nikke_laplace_04,동시,,확실,확정,ch15–ch16 ~,48,
F723,사실,F723,처음 밝혀짐,드러냄,,21,2022-12-08,159,event_miraclesnow1,event_miraclesnow1_prologue,동시,,확실,확정,ch15–ch16 ~,48,
F724,사실,F724,처음 밝혀짐,드러냄,,21,2022-12-08,159,event_miraclesnow1,event_miraclesnow1_intermission_01,동시,,확실,확정,ch15–ch16 ~,48,
F725,사실,E1295,암시,암시,F725,21,2022-12-08,159,event_miraclesnow1,event_miraclesnow1_06_s,동시,,추정,확정,ch15–ch16 ~,48,
F725,사실,F725,처음 밝혀짐,드러냄,,21,2022-12-08,159,event_miraclesnow1,event_miraclesnow2_01_s,동시,,확실,확정,ch15–ch16 ~,48,
F726,사실,F726,처음 밝혀짐,드러냄,,21,2022-12-08,159,event_miraclesnow1,event_miraclesnow2_01_e,동시,,확실,확정,ch15–ch16 ~,48,
F727,사실,F727,처음 밝혀짐,드러냄,,21,2022-12-08,159,event_miraclesnow1,event_miraclesnow2_02_e,동시,,확실,확정,ch15–ch16 ~,48,
F728,사실,E1292,암시,암시,F728,21,2022-12-08,159,event_miraclesnow1,event_miraclesnow2_02_e,동시,,확실,확정,ch15–ch16 ~,48,
F728,사실,F728,처음 밝혀짐,드러냄,,21,2022-12-08,159,event_miraclesnow1,event_miraclesnow2_04_e,동시,,확실,확정,ch15–ch16 ~,48,
F729,사실,E1290,암시,암시,F729,21,2022-12-08,159,event_miraclesnow1,event_miraclesnow2_01_s,동시,,확실,확정,ch15–ch16 ~,48,
F729,사실,F729,처음 밝혀짐,드러냄,,21,2022-12-08,159,event_miraclesnow1,event_miraclesnow2_intermission_01,동시,,확실,확정,ch15–ch16 ~,48,
F730,사실,E1596,암시,암시,F730,17,2022-11-04,145,char:120,ep:d_nikke_n102_04,앞,,추정,확정,ch07–ch08 ~,32,
F730,사실,E1597,암시,암시,F730,17,2022-11-04,145,char:120,ep:d_nikke_n102_05,앞,,추정,확정,ch07–ch08 ~,32,
F730,사실,E1293,암시,암시,F730,21,2022-12-08,159,event_miraclesnow1,event_miraclesnow2_06_s,동시,,확실,확정,ch15–ch16 ~,48,
F730,사실,E1294,암시,암시,F730,21,2022-12-08,159,event_miraclesnow1,event_miraclesnow2_06_e,동시,,추정,확정,ch15–ch16 ~,48,
F730,사실,F730,처음 밝혀짐,드러냄,,21,2022-12-08,159,event_miraclesnow1,event_miraclesnow2_06_e,동시,,확실,확정,ch15–ch16 ~,48,
F731,사실,F731,처음 밝혀짐,드러냄,,21,2022-12-08,160,char:193,ep:d_nikke_neve_01,동시,,확실,확정,ch05–ch06 ~,28,
F732,사실,F732,처음 밝혀짐,드러냄,,21,2022-12-08,160,char:193,ep:d_nikke_neve_04,동시,,확실,확정,ch05–ch06 ~,28,
F732,사실,E1340,재언급,재언급,F732,56,2023-11-23,253,event_alonesurvivor,event_alonesurvivor_01_s,뒤,,확실,확정,ch05–ch06 ~,28,
F733,사실,F733,처음 밝혀짐,드러냄,,21,2022-12-08,161,char:203,ep:d_nikke_rupee_wintershopper_01,동시,,확실,확정,ch15 ~,47,
F734,사실,F734,처음 밝혀짐,드러냄,,22,2022-12-15,162,char:121,ep:d_nikke_anne_miraclefairy_05,동시,,확실,확정,ch15–ch16 ~,48,
F735,사실,F735,처음 밝혀짐,드러냄,,23,2022-12-29,163,event_brandnewyear,event_brandnewyear_01_s,동시,,확실,확정,ch13–ch14 ~,44,
F735,사실,E208,재언급,재언급,F735,40,2023-06-15,212,event_bluewaterisland,event_bluewaterisland1_01_s,뒤,,확실,확정,ch22–ch23 ~,62,
F735,사실,E1320,재언급,재언급,F735,45,2023-08-03,226,event_seayouagain1,event_seayouagain1_03_s,뒤,,확실,확정,ch22–ch23 ~,62,
F736,사실,F736,처음 밝혀짐,드러냄,,23,2022-12-29,163,event_brandnewyear,event_brandnewyear_intermission_01,동시,,확실,확정,ch13–ch14 ~,44,
F737,사실,F737,처음 밝혀짐,드러냄,,23,2022-12-29,163,event_brandnewyear,event_brandnewyear_06_e,동시,,확실,확정,ch13–ch14 ~,44,
F738,사실,F738,처음 밝혀짐,드러냄,,24,2023-01-01,164,char:260,ep:d_nikke_marian_p_02,동시,,확실,확정,ch13–ch14,44,44
F739,사실,F739,처음 밝혀짐,드러냄,,24,2023-01-01,164,char:260,ep:d_nikke_marian_p_03,동시,,확실,확정,ch13–ch14,44,44
F740,사실,F740,처음 밝혀짐,드러냄,,24,2023-01-01,164,char:260,ep:d_nikke_marian_p_03,동시,,확실,확정,ch13–ch14,44,44
F741,사실,F741,처음 밝혀짐,드러냄,,24,2023-01-01,164,char:260,ep:d_nikke_marian_p_04,동시,,확실,확정,ch13–ch14,44,44
F742,사실,F742,처음 밝혀짐,드러냄,,24,2023-01-01,164,char:260,ep:d_nikke_marian_p_05,동시,,확실,확정,ch13–ch14,44,44
F743,사실,E136,암시,암시,F743,23,2022-12-29,163,event_brandnewyear,event_brandnewyear_05_e,앞,,추정,확정,ch13–ch14 ~,44,
F743,사실,F743,처음 밝혀짐,드러냄,,25,2023-01-12,165,ch19,d_main_19_01,동시,,확실,확정,ch19,55,55
F744,사실,F744,처음 밝혀짐,드러냄,,25,2023-01-12,165,ch19,d_main_19_04,동시,,확실,확정,ch19,55,55
F744,사실,F744-2,보강,드러냄,,91,2024-10-31,338,event_oldtales1,event_oldtales2_01_s,뒤,,확실,확정,@갓데스_투입–@궤도_엘리베이터_강습 ~ @궤도_엘리베이터_강습–@아크_가디언_작전 / @궤도_엘리베이터_강습–@아크_가디언_작전 / @아크_가디언_작전–@방주_밀봉 ~ @방주_밀봉–@1차_지상_탈환전 / @방주_밀봉–@1차_지상_탈환전 ~ @1차_지상_탈환전–@갓데스_폴,4,12
F745,사실,F745,처음 밝혀짐,드러냄,,25,2023-01-12,165,ch19,d_main_19_05,동시,,확실,확정,ch19,55,55
F746,사실,F746,처음 밝혀짐,드러냄,,25,2023-01-12,165,ch19,d_main_19_05,동시,,확실,확정,ch19,55,55
F747,사실,F747,처음 밝혀짐,드러냄,,25,2023-01-12,165,ch19,d_main_19_06,동시,,확실,확정,ch19,55,55
F748,사실,E139,암시,암시,F748,25,2023-01-12,165,ch19,d_main_19_05,동시,,확실,확정,ch19,55,55
F748,사실,F748,처음 밝혀짐,드러냄,,25,2023-01-12,165,ch19,d_main_19_07,동시,,확실,확정,ch19,55,55
F749,사실,F749,처음 밝혀짐,드러냄,,25,2023-01-12,165,ch19,d_main_19_08_e,동시,,확실,확정,ch19,55,55
F749,사실,E146,재언급,재언급,F749,26,2023-01-12,168,ch20,d_main_20_10_e,뒤,,확실,확정,ch20,57,57
F750,사실,F750,처음 밝혀짐,드러냄,,25,2023-01-12,165,ch19,d_main_19af_01,동시,,확실,확정,ch19,55,55
F750,사실,E150,재언급,재언급,F750,26,2023-01-12,170,relic:jonathan_report,relic:jonathan_report_03,뒤,,추정,확정,,,
F751,사실,E1273,암시,암시,F751,17,2022-11-04,121,char:220,ep:d_nikke_snowwhite_04,앞,,추정,확정,ch06–ch07 ~ ch41,30,99
F751,사실,F751,처음 밝혀짐,드러냄,,25,2023-01-12,165,ch19,d_main_19af_01,동시,,확실,확정,ch19,55,55
F752,사실,F752,처음 밝혀짐,드러냄,,25,2023-01-12,165,ch19,d_main_19af_01,동시,,확실,확정,ch19,55,55
F753,사실,F753,처음 밝혀짐,드러냄,,25,2023-01-12,165,ch19,d_main_19af_01,동시,,확실,확정,ch19,55,55
F754,사실,F754,처음 밝혀짐,드러냄,,25,2023-01-12,165,ch19,d_main_19af_01,동시,,확실,확정,ch19,55,55
F755,사실,F755,처음 밝혀짐,드러냄,,25,2023-01-12,165,ch19,d_main_19af_02,동시,,확실,확정,ch19,55,55
F756,사실,F756,처음 밝혀짐,드러냄,,25,2023-01-12,166,sub:데이파라_00,sub:데이파라_00,동시,,확실,확정,,,
F756,사실,E183,재언급,재언급,F756,36,2023-04-27,200,sub:2호_쉘터_관리계정_00,sub:2호_쉘터_관리계정_00,뒤,,확실,확정,ch22,61,61
F756,사실,E872,재언급,재언급,F756,124,2025-09-24,407,fl:reborn_evil,fl:reborn_evil_02,뒤,,확실,확정,ch26–ch27 ~,70,
F757,사실,F757,처음 밝혀짐,드러냄,,25,2023-01-12,166,sub:데이파라_00,sub:데이파라_00,동시,,확실,확정,,,
F757,사실,E871,재언급,재언급,F757,124,2025-09-24,407,fl:reborn_evil,fl:reborn_evil_01,뒤,,확실,확정,ch26–ch27 ~,70,
F758,사실,F758,처음 밝혀짐,드러냄,,25,2023-01-12,167,relic:데일리아크기사스크랩,relic:데일리아크기사스크랩_00,동시,,확실,확정,@갓데스_폴–@2차_지상_탈환전 ~ @2차_지상_탈환전–ch00,14,16
F759,사실,F759,처음 밝혀짐,드러냄,,25,2023-01-12,167,relic:데일리아크기사스크랩,relic:데일리아크기사스크랩_03,동시,,확실,확정,@갓데스_폴–@2차_지상_탈환전 ~ @2차_지상_탈환전–ch00,14,16
F759,사실,E564,재언급,재언급,F759,96,2024-12-26,350,event_footstepwalkrun1,event_footstepwalkrun1_06_s,뒤,,추정,확정,ch34–ch35 ~ ch35,86,87
F760,사실,F760,처음 밝혀짐,드러냄,,25,2023-01-12,167,relic:데일리아크기사스크랩,relic:데일리아크기사스크랩_04,동시,,확실,확정,@갓데스_폴–@2차_지상_탈환전 ~ @2차_지상_탈환전–ch00,14,16
F761,사실,F761,처음 밝혀짐,드러냄,,26,2023-01-12,168,ch20,d_main_20_01,동시,,확실,확정,ch20,57,57
F762,사실,E125,암시,암시,F762,19,2022-11-24,148,ch17,d_main_17af_02,앞,,확실,확정,ch17,51,51
F762,사실,F762,처음 밝혀짐,드러냄,,26,2023-01-12,168,ch20,d_main_20af_01,동시,,확실,확정,ch20,57,57
F763,사실,E140,암시,암시,F763,25,2023-01-12,165,ch19,d_main_19af_01,앞,,확실,확정,ch19,55,55
F763,사실,F763,처음 밝혀짐,드러냄,,26,2023-01-12,168,ch20,d_main_20_06_s,동시,,확실,확정,ch20,57,57
F763,사실,E1218,재언급,재언급,F763,153,2026-08-13,470,ch47,d_main_47_04,뒤,,추정,확정,ch47,111,111
F764,사실,F764,처음 밝혀짐,드러냄,,26,2023-01-12,168,ch20,d_main_20_09,동시,,확실,확정,ch20,57,57
F765,사실,F765,처음 밝혀짐,드러냄,,26,2023-01-12,168,ch20,d_main_20_09,동시,,확실,확정,ch20,57,57
F766,사실,F766,처음 밝혀짐,드러냄,,26,2023-01-12,168,ch20,d_main_20_07,동시,,확실,확정,ch20,57,57
F767,사실,E141,암시,암시,F767,25,2023-01-12,165,ch19,d_main_19af_02,앞,,확실,확정,ch19,55,55
F767,사실,F767,처음 밝혀짐,드러냄,,26,2023-01-12,168,ch20,d_main_20_10_e,동시,,확실,확정,ch20,57,57
F768,사실,F768,처음 밝혀짐,드러냄,,26,2023-01-12,168,ch20,d_main_20_10_e,동시,,확실,확정,ch20,57,57
F768,사실,E1300,재언급,재언급,F768,32,2023-03-30,186,char:261,ep:d_nikke_nihilister_01,뒤,,확실,확정,ch20–ch21 ~ ch21,58,59
F768,사실,E890,재언급,재언급,F768,126,2025-10-16,411,side:eden_spear,side:eden_spear_07,뒤,,확실,확정,ch21–ch22 ~ ch22–ch23 / ch24–ch25 ~ ch25 / ch25–ch26 ~ ch39 / ch39,60,95
F768,사실,F768-2,뒤집힘,뒤집음,,126,2025-10-16,411,side:eden_spear,side:eden_spear_07,뒤,F2163,확실,확정,ch21–ch22 ~ ch22–ch23 / ch24–ch25 ~ ch25 / ch25–ch26 ~ ch39 / ch39,60,95
F769,사실,F769,처음 밝혀짐,드러냄,,26,2023-01-12,168,ch20,d_main_20_10_e,동시,,확실,확정,ch20,57,57
F770,사실,F770,처음 밝혀짐,드러냄,,26,2023-01-12,168,ch20,d_main_20af_02,동시,,확실,확정,ch20,57,57
F770,사실,F770-2,뒤집힘,뒤집음,,126,2025-10-16,411,side:eden_spear,side:eden_spear_08,뒤,F2162,확실,확정,ch21–ch22 ~ ch22–ch23 / ch24–ch25 ~ ch25 / ch25–ch26 ~ ch39 / ch39,60,95
F771,사실,F771,처음 밝혀짐,드러냄,,26,2023-01-12,168,ch20,d_main_20af_01,동시,,확실,확정,ch20,57,57
F771,사실,E457,재언급,재언급,F771,81,2024-07-25,310,ch32,d_main_32_09_e,뒤,,확실,확정,ch32,81,81
F772,사실,F772,처음 밝혀짐,드러냄,,26,2023-01-12,168,ch20,d_main_20af_02,동시,,확실,확정,ch20,57,57
F773,사실,F773,처음 밝혀짐,드러냄,,26,2023-01-12,168,ch20,d_main_20_01,동시,,확실,확정,ch20,57,57
F774,사실,F774,처음 밝혀짐,드러냄,,26,2023-01-12,169,sub:로망티스트_00,sub:로망티스트_00,동시,,확실,확정,,,
F774,사실,E276,재언급,재언급,F774,55,2023-11-02,245,sub:로망티스트_01,sub:로망티스트_01,뒤,,확실,확정,,,
F775,사실,F775,처음 밝혀짐,드러냄,,26,2023-01-12,170,relic:jonathan_report,relic:jonathan_report_00,동시,,확실,확정,,,
F776,사실,F776,처음 밝혀짐,드러냄,,26,2023-01-12,170,relic:jonathan_report,relic:jonathan_report_02,동시,,확실,확정,,,
F777,사실,F777,처음 밝혀짐,드러냄,,26,2023-01-12,171,event_doutsiders,event_doutsiders_prologue,동시,,확실,확정,~ ch23–ch24,,64
F778,사실,E1279,암시,암시,F778,17,2022-11-04,137,char:110,ep:d_nikke_crow_03,앞,,확실,확정,ch16–ch17 ~ ch23–ch24,50,64
F778,사실,F778,처음 밝혀짐,드러냄,,26,2023-01-12,171,event_doutsiders,event_doutsiders_01_s,동시,,확실,확정,~ ch23–ch24,,64
F779,사실,F779,처음 밝혀짐,드러냄,,26,2023-01-12,171,event_doutsiders,event_doutsiders_01_s,동시,,확실,확정,~ ch23–ch24,,64
F780,사실,F780,처음 밝혀짐,드러냄,,26,2023-01-12,171,event_doutsiders,event_doutsiders_intermission_01,동시,,확실,확정,~ ch23–ch24,,64
F781,사실,E151,암시,암시,F781,26,2023-01-12,171,event_doutsiders,event_doutsiders_04_s,동시,,확실,확정,~ ch23–ch24,,64
F781,사실,E152,암시,암시,F781,26,2023-01-12,171,event_doutsiders,event_doutsiders_01_e,동시,,확실,확정,~ ch23–ch24,,64
F781,사실,F781,처음 밝혀짐,드러냄,,26,2023-01-12,171,event_doutsiders,event_doutsiders_04_e,동시,,확실,확정,~ ch23–ch24,,64
F782,사실,F782,처음 밝혀짐,드러냄,,26,2023-01-12,171,event_doutsiders,event_doutsiders_05_s,동시,,확실,확정,~ ch23–ch24,,64
F783,사실,F783,처음 밝혀짐,드러냄,,26,2023-01-12,171,event_doutsiders,event_doutsiders_05_e,동시,,확실,확정,~ ch23–ch24,,64
F784,사실,F784,처음 밝혀짐,드러냄,,26,2023-01-12,172,char:400,ep:d_nikke_guilty_01,동시,,확실,확정,ch13–ch14 ~,44,
F785,사실,F785,처음 밝혀짐,드러냄,,26,2023-01-12,172,char:400,ep:d_nikke_guilty_03,동시,,확실,확정,ch13–ch14 ~,44,
F786,사실,F786,처음 밝혀짐,드러냄,,26,2023-01-12,172,char:400,ep:d_nikke_guilty_04,동시,,확실,확정,ch13–ch14 ~,44,
F787,사실,F787,처음 밝혀짐,드러냄,,26,2023-01-12,172,char:400,ep:d_nikke_guilty_05,동시,,확실,확정,ch13–ch14 ~,44,
F788,사실,F788,처음 밝혀짐,드러냄,,26,2023-01-12,172,char:400,ep:d_nikke_guilty_05,동시,,확실,확정,ch13–ch14 ~,44,
F789,사실,F789,처음 밝혀짐,드러냄,,26,2023-01-12,173,char:401,ep:d_nikke_sin_01,동시,,확실,확정,,,
F789,사실,E1417,재언급,재언급,F789,99,2025-01-30,355,event_romanticvalentine,event_romanticvalentine_01_e,뒤,,확실,확정,ch09–ch10 ~,36,
F790,사실,F790,처음 밝혀짐,드러냄,,26,2023-01-12,173,char:401,ep:d_nikke_sin_02,동시,,확실,확정,,,
F791,사실,F791,처음 밝혀짐,드러냄,,26,2023-01-12,173,char:401,ep:d_nikke_sin_04,동시,,확실,확정,,,
F791,사실,E1417,재언급,재언급,F791,99,2025-01-30,355,event_romanticvalentine,event_romanticvalentine_01_e,뒤,,확실,확정,ch09–ch10 ~,36,
F792,사실,F792,처음 밝혀짐,드러냄,,26,2023-01-12,173,char:401,ep:d_nikke_sin_05,동시,,확실,확정,,,
F793,사실,F793,처음 밝혀짐,드러냄,,26,2023-01-12,174,char:111,ep:d_nikke_jackal_01,동시,,확실,확정,ch16–ch17 ~ ch23–ch24,50,64
F794,사실,F794,처음 밝혀짐,드러냄,,26,2023-01-12,174,char:111,ep:d_nikke_jackal_01,동시,,확실,확정,ch16–ch17 ~ ch23–ch24,50,64
F795,사실,F795,처음 밝혀짐,드러냄,,26,2023-01-12,174,char:111,ep:d_nikke_jackal_04,동시,,확실,확정,ch16–ch17 ~ ch23–ch24,50,64
F796,사실,F796,처음 밝혀짐,드러냄,,26,2023-01-12,175,char:402,ep:d_nikke_quency_01,동시,,확실,확정,,,
F796,사실,E1389,재언급,재언급,F796,87,2024-10-03,328,event_phantomthiefvsdetective,event_phantomthiefvsdetective_01_s,뒤,,확실,확정,ch15–ch16 ~,48,
F796,사실,E1441,재언급,재언급,F796,126,2025-10-16,412,fl:go_ninja_thief,fl:go_ninja_thief_02,뒤,,확실,확정,ch26–ch27 ~,70,
F797,사실,F797,처음 밝혀짐,드러냄,,26,2023-01-12,175,char:402,ep:d_nikke_quency_02,동시,,확실,확정,,,
F798,사실,F798,처음 밝혀짐,드러냄,,26,2023-01-12,175,char:402,ep:d_nikke_quency_02,동시,,확실,확정,,,
F799,사실,F799,처음 밝혀짐,드러냄,,26,2023-01-12,175,char:402,ep:d_nikke_quency_03,동시,,확실,확정,,,
F800,사실,F800,처음 밝혀짐,드러냄,,26,2023-01-12,175,char:402,ep:d_nikke_quency_04,동시,,확실,확정,,,
F800,사실,E1388,재언급,재언급,F800,87,2024-10-03,328,event_phantomthiefvsdetective,event_phantomthiefvsdetective_prologue,뒤,,확실,확정,ch15–ch16 ~,48,
F800,사실,E1391,재언급,재언급,F800,87,2024-10-03,328,event_phantomthiefvsdetective,event_phantomthiefvsdetective_epilogue,뒤,,추정,확정,ch15–ch16 ~,48,
F801,사실,F801,처음 밝혀짐,드러냄,,27,2023-01-19,176,char:112,ep:d_nikke_viper_01,동시,,확실,확정,ch16–ch17 ~ ch23–ch24,50,64
F802,사실,F802,처음 밝혀짐,드러냄,,27,2023-01-19,176,char:112,ep:d_nikke_viper_01,동시,,확실,확정,ch16–ch17 ~ ch23–ch24,50,64
F803,사실,F803,처음 밝혀짐,드러냄,,27,2023-01-19,176,char:112,ep:d_nikke_viper_02,동시,,확실,확정,ch16–ch17 ~ ch23–ch24,50,64
F804,사실,F804,처음 밝혀짐,드러냄,,27,2023-01-19,176,char:112,ep:d_nikke_viper_02,동시,,확실,확정,ch16–ch17 ~ ch23–ch24,50,64
F805,사실,F805,처음 밝혀짐,드러냄,,27,2023-01-19,176,char:112,ep:d_nikke_viper_03,동시,,확실,확정,ch16–ch17 ~ ch23–ch24,50,64
F806,사실,F806,처음 밝혀짐,드러냄,,27,2023-01-19,176,char:112,ep:d_nikke_viper_05,동시,,확실,확정,ch16–ch17 ~ ch23–ch24,50,64
F807,사실,F807,처음 밝혀짐,드러냄,,28,2023-02-01,177,event_maidinvalentine,event_maidinvalentine_prologue,동시,,확실,확정,ch09–ch10 ~,36,
F807,사실,E1356,재언급,재언급,F807,63,2024-02-05,264,event_perfectmaid,event_perfectmaid_01_s,뒤,,확실,확정,ch15–ch16 ~,48,
F808,사실,F808,처음 밝혀짐,드러냄,,28,2023-02-01,177,event_maidinvalentine,event_maidinvalentine_02_e,동시,,확실,확정,ch09–ch10 ~,36,
F808,사실,E1416,재언급,재언급,F808,99,2025-01-30,355,event_romanticvalentine,event_romanticvalentine_02_e,뒤,,확실,확정,ch09–ch10 ~,36,
F809,사실,F809,처음 밝혀짐,드러냄,,28,2023-02-01,177,event_maidinvalentine,event_maidinvalentine_01_s,동시,,확실,확정,ch09–ch10 ~,36,
F810,사실,F810,처음 밝혀짐,드러냄,,28,2023-02-01,177,event_maidinvalentine,event_maidinvalentine_epilogue,동시,,확실,확정,ch09–ch10 ~,36,
F810,사실,E1418,재언급,재언급,F810,99,2025-01-30,355,event_romanticvalentine,event_romanticvalentine_epilogue,뒤,,확실,확정,ch09–ch10 ~,36,
F811,사실,F811,처음 밝혀짐,드러냄,,28,2023-02-01,178,char:311,ep:d_nikke_cocoa_03,동시,,확실,확정,ch07–ch08 ~,32,
F812,사실,F812,처음 밝혀짐,드러냄,,28,2023-02-01,178,char:311,ep:d_nikke_cocoa_04,동시,,확실,확정,ch07–ch08 ~,32,
F813,사실,F813,처음 밝혀짐,드러냄,,28,2023-02-01,178,char:311,ep:d_nikke_cocoa_04,동시,,확실,확정,ch07–ch08 ~,32,
F814,사실,F814,처음 밝혀짐,드러냄,,28,2023-02-01,178,char:311,ep:d_nikke_cocoa_01,동시,,확실,확정,ch07–ch08 ~,32,
F815,사실,F815,처음 밝혀짐,드러냄,,29,2023-02-08,179,char:312,ep:d_nikke_soda_04,동시,,확실,확정,,,
F816,사실,F816,처음 밝혀짐,드러냄,,30,2023-02-22,180,char:800,ep:d_nikke_c_1_01,동시,,확실,확정,ch09–ch10 ~,36,
F817,사실,F817,처음 밝혀짐,드러냄,,30,2023-02-22,180,char:800,ep:d_nikke_c_1_02,동시,,확실,확정,ch09–ch10 ~,36,
F818,사실,F818,처음 밝혀짐,드러냄,,30,2023-02-22,180,char:800,ep:d_nikke_c_1_02,동시,,확실,확정,ch09–ch10 ~,36,
F819,사실,F819,처음 밝혀짐,드러냄,,30,2023-02-22,180,char:800,ep:d_nikke_c_1_03,동시,,확실,확정,ch09–ch10 ~,36,
F820,사실,F820,처음 밝혀짐,드러냄,,30,2023-02-22,180,char:800,ep:d_nikke_c_1_04,동시,,확실,확정,ch09–ch10 ~,36,
F821,사실,F821,처음 밝혀짐,드러냄,,30,2023-02-22,181,char:801,ep:d_nikke_c_2_01,동시,,확실,확정,ch15–ch16 ~,48,
F822,사실,F822,처음 밝혀짐,드러냄,,30,2023-02-22,182,char:802,ep:d_nikke_c_3_01,동시,,확실,확정,ch15–ch16 ~,48,
F823,사실,F823,처음 밝혀짐,드러냄,,30,2023-02-22,182,char:802,ep:d_nikke_c_3_03,동시,,확실,확정,ch15–ch16 ~,48,
F824,사실,F824,처음 밝혀짐,드러냄,,31,2023-03-15,183,event_bowwowparadise,event_bowwowparadise_01_e,동시,,확실,확정,,,
F825,사실,F825,처음 밝혀짐,드러냄,,31,2023-03-15,183,event_bowwowparadise,event_bowwowparadise_03_e,동시,,확실,확정,,,
F825,사실,E1400,재언급,재언급,F825,93,2024-11-21,345,event_secretgarden,event_secretgarden_02_s,뒤,,추정,확정,ch27–ch28 ~,72,
F826,사실,F826,처음 밝혀짐,드러냄,,31,2023-03-15,184,char:381,ep:d_nikke_biscuit_05,동시,,확실,확정,,,
F827,사실,F827,처음 밝혀짐,드러냄,,31,2023-03-15,184,char:381,ep:d_nikke_biscuit_04,동시,,확실,확정,,,
F828,사실,F828,처음 밝혀짐,드러냄,,32,2023-03-30,185,event_cherryblossom,event_cherryblossom_01_s,동시,,확실,확정,ch02–ch03 ~,22,
F829,사실,F829,처음 밝혀짐,드러냄,,32,2023-03-30,185,event_cherryblossom,event_cherryblossom_02_s,동시,,확실,확정,ch02–ch03 ~,22,
F830,사실,F830,처음 밝혀짐,드러냄,,32,2023-03-30,185,event_cherryblossom,event_cherryblossom_intermission_01,동시,,확실,확정,ch02–ch03 ~,22,
F831,사실,F831,처음 밝혀짐,드러냄,,32,2023-03-30,185,event_cherryblossom,event_cherryblossom_intermission_01,동시,,확실,확정,ch02–ch03 ~,22,
F832,사실,F832,처음 밝혀짐,드러냄,,32,2023-03-30,185,event_cherryblossom,event_cherryblossom_intermission_01,동시,,확실,확정,ch02–ch03 ~,22,
F833,사실,F833,처음 밝혀짐,드러냄,,32,2023-03-30,185,event_cherryblossom,event_cherryblossom_intermission_01,동시,,확실,확정,ch02–ch03 ~,22,
F834,사실,E153,암시,암시,F834,32,2023-03-30,185,event_cherryblossom,event_cherryblossom_01_e,동시,,확실,확정,ch02–ch03 ~,22,
F834,사실,E154,암시,암시,F834,32,2023-03-30,185,event_cherryblossom,event_cherryblossom_02_e,동시,,추정,확정,ch02–ch03 ~,22,
F834,사실,F834,처음 밝혀짐,드러냄,,32,2023-03-30,185,event_cherryblossom,event_cherryblossom_03_s,동시,,확실,확정,ch02–ch03 ~,22,
F835,사실,F835,처음 밝혀짐,드러냄,,32,2023-03-30,185,event_cherryblossom,event_cherryblossom_04_e,동시,,확실,확정,ch02–ch03 ~,22,
F835,사실,F835-2,보강,드러냄,,36,2023-04-27,197,ch22,d_main_22_09,뒤,,확실,확정,ch22,61,61
F836,사실,F836,처음 밝혀짐,드러냄,,32,2023-03-30,185,event_cherryblossom,event_cherryblossom_06_e,동시,,확실,확정,ch02–ch03 ~,22,
F836,사실,E1420,재언급,재언급,F836,104,2025-03-13,365,fl:for_rest,fl:for_rest_00,뒤,,확실,확정,ch27–ch28 ~,72,
F836,사실,F836-2,보강,드러냄,,104,2025-03-13,365,fl:for_rest,fl:for_rest_07,뒤,,확실,확정,ch27–ch28 ~,72,
F837,사실,F837,처음 밝혀짐,드러냄,,32,2023-03-30,185,event_cherryblossom,event_cherryblossom_06_e,동시,,확실,확정,ch02–ch03 ~,22,
F838,사실,F838,처음 밝혀짐,드러냄,,32,2023-03-30,186,char:261,ep:d_nikke_nihilister_02,동시,,확실,확정,ch20–ch21 ~ ch21,58,59
F838,사실,E488,재언급,재언급,F838,90,2024-10-31,335,relic:소녀의일기-절망편-,relic:소녀의일기-절망편-_00,뒤,,확실,확정,~ ch32–ch33,,82
F839,사실,F839,처음 밝혀짐,드러냄,,32,2023-03-30,186,char:261,ep:d_nikke_nihilister_02,동시,,확실,확정,ch20–ch21 ~ ch21,58,59
F839,사실,E969,재언급,재언급,F839,133,2025-12-30,428,fl:ark_guardian,fl:ark_guardian_00,뒤,,확실,확정,ch40–ch41 ~ ch41,98,99
F840,사실,F840,처음 밝혀짐,드러냄,,32,2023-03-30,186,char:261,ep:d_nikke_nihilister_01,동시,,확실,확정,ch20–ch21 ~ ch21,58,59
F841,사실,F841,처음 밝혀짐,드러냄,,32,2023-03-30,186,char:261,ep:d_nikke_nihilister_03,동시,,확실,확정,ch20–ch21 ~ ch21,58,59
F842,사실,F842,처음 밝혀짐,드러냄,,32,2023-03-30,186,char:261,ep:d_nikke_nihilister_04,동시,,확실,확정,ch20–ch21 ~ ch21,58,59
F842,사실,E399,재언급,재언급,F842,73,2024-04-25,295,event_lastkingdom1,event_lastkingdom1_05_e,뒤,,추정,확정,ch26–ch27 ~,70,
F843,사실,F843,처음 밝혀짐,드러냄,,32,2023-03-30,186,char:261,ep:d_nikke_nihilister_04,동시,,확실,확정,ch20–ch21 ~ ch21,58,59
F844,사실,F844,처음 밝혀짐,드러냄,,32,2023-03-30,186,char:261,ep:d_nikke_nihilister_05,동시,,확실,확정,ch20–ch21 ~ ch21,58,59
F845,사실,F845,처음 밝혀짐,드러냄,,32,2023-03-30,187,char:282,ep:d_nikke_sakura_02,동시,,확실,확정,,,
F846,사실,F846,처음 밝혀짐,드러냄,,32,2023-03-30,187,char:282,ep:d_nikke_sakura_04,동시,,확실,확정,,,
F847,사실,F847,처음 밝혀짐,드러냄,,32,2023-03-30,187,char:282,ep:d_nikke_sakura_04,동시,,확실,확정,,,
F848,사실,F848,처음 밝혀짐,드러냄,,32,2023-03-30,187,char:282,ep:d_nikke_sakura_05,동시,,확실,확정,,,
F849,사실,F849,처음 밝혀짐,드러냄,,32,2023-03-30,187,char:282,ep:d_nikke_sakura_05,동시,,확실,확정,,,
F850,사실,F850,처음 밝혀짐,드러냄,,34,2023-04-13,189,event_ltk,event_ltk_01_s,동시,,확실,확정,,,
F850,사실,E358,재언급,재언급,F850,67,2024-03-07,282,event_killthelord,event_killthelord_intermission_01,뒤,,확실,확정,ch22–ch23 ~,62,
F850,사실,E720,재언급,재언급,F850,111,2025-05-15,383,event_arcanearchive,event_arcanearchive_04_s,뒤,,확실,확정,ch26–ch27 ~,70,
F851,사실,F851,처음 밝혀짐,드러냄,,34,2023-04-13,189,event_ltk,event_ltk_02_s,동시,,확실,확정,,,
F852,사실,F852,처음 밝혀짐,드러냄,,34,2023-04-13,189,event_ltk,event_ltk_04_e,동시,,확실,확정,,,
F852,사실,E360,재언급,재언급,F852,67,2024-03-07,282,event_killthelord,event_killthelord_06_e,뒤,,확실,확정,ch22–ch23 ~,62,
F852,사실,E720,재언급,재언급,F852,111,2025-05-15,383,event_arcanearchive,event_arcanearchive_04_s,뒤,,확실,확정,ch26–ch27 ~,70,
F852,사실,E740,재언급,재언급,F852,112,2025-05-29,385,event_lordforjustice,event_lordforjustice_epilogue,뒤,,확실,확정,ch26–ch27 ~,70,
F853,사실,F853,처음 밝혀짐,드러냄,,34,2023-04-13,189,event_ltk,event_ltk_01_s,동시,,확실,확정,,,
F854,사실,F854,처음 밝혀짐,드러냄,,34,2023-04-13,189,event_ltk,event_ltk_01_s,동시,,확실,확정,,,
F855,사실,F855,처음 밝혀짐,드러냄,,34,2023-04-13,189,event_ltk,event_ltk_03_s,동시,,확실,확정,,,
F856,사실,F856,처음 밝혀짐,드러냄,,34,2023-04-13,190,char:40,ep:d_nikke_d_01,동시,,확실,확정,,,
F857,사실,F857,처음 밝혀짐,드러냄,,34,2023-04-13,190,char:40,ep:d_nikke_d_05,동시,,확실,확정,,,
F858,사실,F858,처음 밝혀짐,드러냄,,35,2023-04-27,191,ch21,d_main_21_01_s,동시,,확실,확정,ch21,59,59
F859,사실,F859,처음 밝혀짐,드러냄,,35,2023-04-27,191,ch21,d_main_21_01_e,동시,,확실,확정,ch21,59,59
F860,사실,F860,처음 밝혀짐,드러냄,,35,2023-04-27,191,ch21,d_main_21_01_e,동시,,확실,확정,ch21,59,59
F860,사실,E165,재언급,재언급,F860,35,2023-04-27,195,relic:특이랩쳐보고서-전,relic:특이랩쳐보고서-전_04,동시,,확실,확정,,,
F861,사실,E144,암시,암시,F861,25,2023-01-12,167,relic:데일리아크기사스크랩,relic:데일리아크기사스크랩_03,앞,,확실,확정,@갓데스_폴–@2차_지상_탈환전 ~ @2차_지상_탈환전–ch00,14,16
F861,사실,F861,처음 밝혀짐,드러냄,,35,2023-04-27,191,ch21,d_main_21_02_e,동시,,확실,확정,ch21,59,59
F862,사실,F862,처음 밝혀짐,드러냄,,35,2023-04-27,191,ch21,d_main_21_04_s,동시,,확실,확정,ch21,59,59
F863,사실,F863,처음 밝혀짐,드러냄,,35,2023-04-27,191,ch21,d_main_21_04_s,동시,,확실,확정,ch21,59,59
F863,사실,E176,재언급,재언급,F863,36,2023-04-27,197,ch22,d_main_22_12_s,뒤,,확실,확정,ch22,61,61
F864,사실,F864,처음 밝혀짐,드러냄,,35,2023-04-27,191,ch21,d_main_21_04_e,동시,,확실,확정,ch21,59,59
F865,사실,F865,처음 밝혀짐,드러냄,,35,2023-04-27,191,ch21,d_main_21_07_e,동시,,확실,확정,ch21,59,59
F866,사실,F866,처음 밝혀짐,드러냄,,35,2023-04-27,191,ch21,d_main_21_03_s,동시,,확실,확정,ch21,59,59
F867,사실,F867,처음 밝혀짐,드러냄,,35,2023-04-27,191,ch21,d_main_21_06,동시,,확실,확정,ch21,59,59
F868,사실,F868,처음 밝혀짐,드러냄,,35,2023-04-27,191,ch21,d_main_21_08_s,동시,,확실,확정,ch21,59,59
F868,사실,E951,재언급,재언급,F868,128,2025-10-30,418,event_goddessfall1,event_goddessfall2_02_s,뒤,,확실,확정,ch40–ch41,98,98
F869,사실,F869,처음 밝혀짐,드러냄,,35,2023-04-27,191,ch21,d_main_21_10_e,동시,,확실,확정,ch21,59,59
F869,사실,E594,재언급,재언급,F869,101,2025-02-20,358,ch35,d_main_35bf_06,뒤,,확실,확정,ch35,87,87
F870,사실,F870,처음 밝혀짐,드러냄,,35,2023-04-27,191,ch21,d_main_21_10_e,동시,,확실,확정,ch21,59,59
F871,사실,E157,암시,암시,F871,35,2023-04-27,191,ch21,d_main_21_01_s,동시,,확실,확정,ch21,59,59
F871,사실,F871,처음 밝혀짐,드러냄,,35,2023-04-27,191,ch21,d_main_21af_01,동시,,확실,확정,ch21,59,59
F871,사실,E885,재언급,재언급,F871,126,2025-10-16,411,side:eden_spear,side:eden_spear_00,뒤,,확실,확정,ch21–ch22 ~ ch22–ch23 / ch24–ch25 ~ ch25 / ch25–ch26 ~ ch39 / ch39,60,95
F872,사실,F872,처음 밝혀짐,드러냄,,35,2023-04-27,191,ch21,d_main_21af_02,동시,,확실,확정,ch21,59,59
F872,사실,E1620,재언급,재언급,F872,125,2025-10-02,410,char:841,ep:d_nikke_ce007_02_02,뒤,,확실,확정,ch26–ch27 ~,70,
F873,사실,F873,처음 밝혀짐,드러냄,,35,2023-04-27,192,sub:에덴_Notice_00,sub:에덴_Notice_00,동시,,확실,확정,ch20–ch21 ~ ch21–ch22,58,60
F874,사실,F874,처음 밝혀짐,드러냄,,35,2023-04-27,192,sub:에덴_Notice_00,sub:에덴_Notice_00,동시,,확실,확정,ch20–ch21 ~ ch21–ch22,58,60
F875,사실,F875,처음 밝혀짐,드러냄,,35,2023-04-27,193,sub:에덴_Notice_01,sub:에덴_Notice_01,동시,,확실,확정,ch20–ch21 ~ ch21–ch22,58,60
F876,사실,F876,처음 밝혀짐,드러냄,,35,2023-04-27,193,sub:에덴_Notice_01,sub:에덴_Notice_01,동시,,확실,확정,ch20–ch21 ~ ch21–ch22,58,60
F877,사실,F877,처음 밝혀짐,드러냄,,35,2023-04-27,194,sub:에덴_Notice_02,sub:에덴_Notice_02,동시,,확실,확정,ch20–ch21 ~ ch21–ch22,58,60
F878,사실,F878,처음 밝혀짐,드러냄,,35,2023-04-27,194,sub:에덴_Notice_02,sub:에덴_Notice_02,동시,,확실,확정,ch20–ch21 ~ ch21–ch22,58,60
F879,사실,F879,처음 밝혀짐,드러냄,,35,2023-04-27,195,relic:특이랩쳐보고서-전,relic:특이랩쳐보고서-전_01,동시,,확실,확정,,,
F880,사실,F880,처음 밝혀짐,드러냄,,35,2023-04-27,196,relic:특이랩쳐보고서-후,relic:특이랩쳐보고서-후_00,동시,,확실,확정,,,
F881,사실,F881,처음 밝혀짐,드러냄,,36,2023-04-27,197,ch22,d_main_22_01_e,동시,,확실,확정,ch22,61,61
F881,사실,E884,재언급,재언급,F881,126,2025-10-16,411,side:eden_spear,side:eden_spear_00,뒤,,확실,확정,ch21–ch22 ~ ch22–ch23 / ch24–ch25 ~ ch25 / ch25–ch26 ~ ch39 / ch39,60,95
F882,사실,E166,암시,암시,F882,36,2023-04-27,197,ch22,d_main_22_01_e,동시,,추정,확정,ch22,61,61
F882,사실,F882,처음 밝혀짐,드러냄,,36,2023-04-27,197,ch22,d_main_22_03,동시,,확실,확정,ch22,61,61
F883,사실,F883,처음 밝혀짐,드러냄,,36,2023-04-27,197,ch22,d_main_22_05_s,동시,,확실,확정,ch22,61,61
F884,사실,E168,암시,암시,F884,36,2023-04-27,197,ch22,d_main_22_04_e,동시,,확실,확정,ch22,61,61
F884,사실,E169,암시,암시,F884,36,2023-04-27,197,ch22,d_main_22_05_s,동시,,확실,확정,ch22,61,61
F884,사실,F884,처음 밝혀짐,드러냄,,36,2023-04-27,197,ch22,d_main_22_05_e,동시,,확실,확정,ch22,61,61
F885,사실,F885,처음 밝혀짐,드러냄,,36,2023-04-27,197,ch22,d_main_22_05_e,동시,,확실,확정,ch22,61,61
F886,사실,E131,암시,암시,F886,20,2022-11-24,152,ch18,d_main_18af_01,앞,,추정,확정,ch18,53,53
F886,사실,F886,처음 밝혀짐,드러냄,,36,2023-04-27,197,ch22,d_main_22_06,동시,,확실,확정,ch22,61,61
F887,사실,F887,처음 밝혀짐,드러냄,,36,2023-04-27,197,ch22,d_main_22_07,동시,,확실,확정,ch22,61,61
F888,사실,F888,처음 밝혀짐,드러냄,,36,2023-04-27,197,ch22,d_main_22_08,동시,,확실,확정,ch22,61,61
F889,사실,E170,암시,암시,F889,36,2023-04-27,197,ch22,d_main_22_06,동시,,확실,확정,ch22,61,61
F889,사실,F889,처음 밝혀짐,드러냄,,36,2023-04-27,197,ch22,d_main_22_09,동시,,확실,확정,ch22,61,61
F889,사실,E780,재언급,재언급,F889,115,2025-07-03,391,event_overthehorizon,event_overthehorizon_06_e,뒤,,추정,확정,~ ch25–ch26 / ch26–ch27 ~,,
F890,사실,E171,암시,암시,F890,36,2023-04-27,197,ch22,d_main_22_07,동시,,확실,확정,ch22,61,61
F890,사실,F890,처음 밝혀짐,드러냄,,36,2023-04-27,197,ch22,d_main_22_09,동시,,확실,확정,ch22,61,61
F891,사실,F891,처음 밝혀짐,드러냄,,36,2023-04-27,197,ch22,d_main_22_10,동시,,확실,확정,ch22,61,61
F891,사실,E1045,재언급,재언급,F891,140,2026-03-05,442,fl:enter_heaven,fl:enter_heaven_11,뒤,,추정,확정,ch39–ch40 ~,96,
F892,사실,F892,처음 밝혀짐,드러냄,,36,2023-04-27,197,ch22,d_main_22_10,동시,,확실,확정,ch22,61,61
F892,사실,E235,재언급,재언급,F892,44,2023-07-20,221,ch24,d_main_24_04,뒤,,추정,확정,ch24,65,65
F893,사실,F893,처음 밝혀짐,드러냄,,36,2023-04-27,197,ch22,d_main_22_10,동시,,확실,확정,ch22,61,61
F893,사실,F893-2,보강,드러냄,,43,2023-07-20,217,ch23,d_main_23_02_s,뒤,,확실,확정,ch23,63,63
F893,사실,E1041,재언급,재언급,F893,140,2026-03-05,442,fl:enter_heaven,fl:enter_heaven_12,뒤,,확실,확정,ch39–ch40 ~,96,
F894,사실,E172,암시,암시,F894,36,2023-04-27,197,ch22,d_main_22_07,동시,,추정,확정,ch22,61,61
F894,사실,F894,처음 밝혀짐,드러냄,,36,2023-04-27,197,ch22,d_main_22_11,동시,,확실,확정,ch22,61,61
F895,사실,F895,처음 밝혀짐,드러냄,,36,2023-04-27,197,ch22,d_main_22_11,동시,,확실,확정,ch22,61,61
F896,사실,F896,처음 밝혀짐,드러냄,,36,2023-04-27,197,ch22,d_main_22_12_s,동시,,확실,확정,ch22,61,61
F897,사실,F897,처음 밝혀짐,드러냄,,36,2023-04-27,197,ch22,d_main_22_12_s,동시,,확실,확정,ch22,61,61
F897,사실,E884,재언급,재언급,F897,126,2025-10-16,411,side:eden_spear,side:eden_spear_00,뒤,,확실,확정,ch21–ch22 ~ ch22–ch23 / ch24–ch25 ~ ch25 / ch25–ch26 ~ ch39 / ch39,60,95
F897,사실,E944,재언급,재언급,F897,128,2025-10-30,418,event_goddessfall1,event_goddessfall1_05_e,뒤,,확실,확정,ch40–ch41,98,98
F898,사실,F898,처음 밝혀짐,드러냄,,36,2023-04-27,197,ch22,d_main_22_12_e,동시,,확실,확정,ch22,61,61
F898,사실,E1037,재언급,재언급,F898,138,2026-02-12,436,ch44,d_main_44_af_10,뒤,,확실,확정,ch44,105,105
F899,사실,F899,처음 밝혀짐,드러냄,,36,2023-04-27,198,sub:문구점_00,sub:문구점_00,동시,,확실,확정,ch22,61,61
F900,사실,F900,처음 밝혀짐,드러냄,,36,2023-04-27,199,sub:중앙정부_트라이앵글_00,sub:중앙정부_트라이앵글_00,동시,,확실,확정,ch22,61,61
F901,사실,F901,처음 밝혀짐,드러냄,,36,2023-04-27,199,sub:중앙정부_트라이앵글_00,sub:중앙정부_트라이앵글_00,동시,,확실,확정,ch22,61,61
F902,사실,F902,처음 밝혀짐,드러냄,,36,2023-04-27,200,sub:2호_쉘터_관리계정_00,sub:2호_쉘터_관리계정_00,동시,,확실,확정,ch22,61,61
F903,사실,F903,처음 밝혀짐,드러냄,,36,2023-04-27,200,sub:2호_쉘터_관리계정_00,sub:2호_쉘터_관리계정_00,동시,,확실,확정,ch22,61,61
F904,사실,F904,처음 밝혀짐,드러냄,,36,2023-04-27,201,sub:할아범_01,sub:할아범_01,동시,,확실,확정,ch22,61,61
F905,사실,F905,처음 밝혀짐,드러냄,,36,2023-04-27,201,sub:할아범_01,sub:할아범_01,동시,,확실,확정,ch22,61,61
F906,사실,F906,처음 밝혀짐,드러냄,,36,2023-04-27,202,relic:에닉탄핵포스터,relic:에닉탄핵포스터_01,동시,,확실,확정,,,
F907,사실,F907,처음 밝혀짐,드러냄,,36,2023-04-27,203,event_overzone,event_overzone1_01_e,동시,,확실,확정,@2차_지상_탈환전–ch00,16,16
F908,사실,F908,처음 밝혀짐,드러냄,,36,2023-04-27,203,event_overzone,event_overzone_prologue,동시,,확실,확정,@2차_지상_탈환전–ch00,16,16
F908,사실,F908-2,보강,드러냄,,55,2023-11-02,249,erelic:red_ash_lost,erelic:red_ash_lost_20,뒤,,확실,확정,@랩쳐_침공–@갓데스_투입 ~ @갓데스_투입–@궤도_엘리베이터_강습 / @궤도_엘리베이터_강습–@아크_가디언_작전 ~ @아크_가디언_작전–@방주_밀봉,2,8
F908,사실,E1629,재언급,재언급,F908,134,2026-01-01,429,char:471,ep:d_nikke_snowwhite_heavyarms_05,뒤,,확실,확정,ch40–ch41 ~,98,
F909,사실,F909,처음 밝혀짐,드러냄,,36,2023-04-27,203,event_overzone,event_overzone1_01_e,동시,,확실,확정,@2차_지상_탈환전–ch00,16,16
F909,사실,E964,재언급,재언급,F909,128,2025-10-30,419,erelic:goddess_fall_mini,erelic:goddess_fall_mini_11,뒤,,확실,확정,ch40–ch41,98,98
F909,사실,F909-2,보강,드러냄,,133,2025-12-30,428,fl:ark_guardian,fl:ark_guardian_26,뒤,,확실,확정,ch40–ch41 ~ ch41,98,99
F909,사실,E1057,재언급,재언급,F909-2,142,2026-04-09,447,side:pretty_star,side:pretty_star_08,뒤,,확실,확정,@갓데스_폴–@2차_지상_탈환전 / @갓데스_폴–@2차_지상_탈환전 ~ @2차_지상_탈환전–ch00,14,16
F910,사실,F910,처음 밝혀짐,드러냄,,36,2023-04-27,203,event_overzone,event_overzone1_01_e,동시,,확실,확정,@2차_지상_탈환전–ch00,16,16
F911,사실,F911,처음 밝혀짐,드러냄,,36,2023-04-27,203,event_overzone,event_overzone1_03_s,동시,,확실,확정,@2차_지상_탈환전–ch00,16,16
F912,사실,F912,처음 밝혀짐,드러냄,,36,2023-04-27,203,event_overzone,event_overzone1_03_s,동시,,확실,확정,@2차_지상_탈환전–ch00,16,16
F913,사실,F913,처음 밝혀짐,드러냄,,36,2023-04-27,203,event_overzone,event_overzone2_01_e,동시,,확실,확정,@2차_지상_탈환전–ch00,16,16
F914,사실,E1272,암시,암시,F914,17,2022-11-04,121,char:220,ep:d_nikke_snowwhite_03,앞,,추정,확정,ch06–ch07 ~ ch41,30,99
F914,사실,F914,처음 밝혀짐,드러냄,,36,2023-04-27,203,event_overzone,event_overzone1_01_s,동시,,확실,확정,@2차_지상_탈환전–ch00,16,16
F914,사실,F914-2,보강,드러냄,,133,2025-12-30,428,fl:ark_guardian,fl:ark_guardian_24,뒤,,확실,확정,ch40–ch41 ~ ch41,98,99
F915,사실,E185,암시,암시,F915,36,2023-04-27,203,event_overzone,event_overzone1_01_s,동시,,확실,확정,@2차_지상_탈환전–ch00,16,16
F915,사실,F915,처음 밝혀짐,드러냄,,36,2023-04-27,203,event_overzone,event_overzone1_05_e,동시,,확실,확정,@2차_지상_탈환전–ch00,16,16
F915,사실,F915-2,보강,드러냄,,59,2023-12-28,258,event_newyearnewsword,event_newyearnewsword_06_e,뒤,,확실,확정,ch14–ch15 ~,46,
F916,사실,F916,처음 밝혀짐,드러냄,,36,2023-04-27,203,event_overzone,event_overzone2_03_e,동시,,확실,확정,@2차_지상_탈환전–ch00,16,16
F916,사실,E563,재언급,재언급,F916,96,2024-12-26,350,event_footstepwalkrun1,event_footstepwalkrun1_06_s,뒤,,추정,확정,ch34–ch35 ~ ch35,86,87
F917,사실,F917,처음 밝혀짐,드러냄,,36,2023-04-27,203,event_overzone,event_overzone1_02_e,동시,,확실,확정,@2차_지상_탈환전–ch00,16,16
F917,사실,E799,재언급,재언급,F917,118,2025-08-07,396,ch39,d_main_39_06,뒤,,확실,확정,ch39,95,95
F918,사실,E189,암시,암시,F918,36,2023-04-27,203,event_overzone,event_overzone1_intermission_01,동시,,추정,확정,@2차_지상_탈환전–ch00,16,16
F918,사실,F918,처음 밝혀짐,드러냄,,36,2023-04-27,203,event_overzone,event_overzone2_02_e,동시,,확실,확정,@2차_지상_탈환전–ch00,16,16
F919,사실,F919,처음 밝혀짐,드러냄,,36,2023-04-27,203,event_overzone,event_overzone2_01_s,동시,,확실,확정,@2차_지상_탈환전–ch00,16,16
F920,사실,E186,암시,암시,F920,36,2023-04-27,203,event_overzone,event_overzone1_01_s,동시,,추정,확정,@2차_지상_탈환전–ch00,16,16
F920,사실,E188,암시,암시,F920,36,2023-04-27,203,event_overzone,event_overzone1_03_e,동시,,확실,확정,@2차_지상_탈환전–ch00,16,16
F920,사실,F920,처음 밝혀짐,드러냄,,36,2023-04-27,203,event_overzone,event_overzone2_04_e,동시,,확실,확정,@2차_지상_탈환전–ch00,16,16
F920,사실,E1310,재언급,재언급,F920,36,2023-04-27,205,char:233,ep:d_nikke_dorothy_04,동시,,추정,확정,ch20–ch21 ~ ch21–ch22,58,60
F920,사실,E527,재언급,재언급,F920,91,2024-10-31,338,event_oldtales1,event_oldtales1_04_s,뒤,,추정,확정,@갓데스_투입–@궤도_엘리베이터_강습 ~ @궤도_엘리베이터_강습–@아크_가디언_작전 / @궤도_엘리베이터_강습–@아크_가디언_작전 / @아크_가디언_작전–@방주_밀봉 ~ @방주_밀봉–@1차_지상_탈환전 / @방주_밀봉–@1차_지상_탈환전 ~ @1차_지상_탈환전–@갓데스_폴,4,12
F921,사실,F921,처음 밝혀짐,드러냄,,36,2023-04-27,203,event_overzone,event_overzone2_04_e,동시,,확실,확정,@2차_지상_탈환전–ch00,16,16
F922,사실,F922,처음 밝혀짐,드러냄,,36,2023-04-27,203,event_overzone,event_overzone2_04_s,동시,,확실,확정,@2차_지상_탈환전–ch00,16,16
F923,사실,F923,처음 밝혀짐,드러냄,,36,2023-04-27,203,event_overzone,event_overzone2_05_s,동시,,확실,확정,@2차_지상_탈환전–ch00,16,16
F924,사실,F924,처음 밝혀짐,드러냄,,36,2023-04-27,203,event_overzone,event_overzone1_06_e,동시,,확실,확정,@2차_지상_탈환전–ch00,16,16
F924,사실,E1114,재언급,재언급,F924,144,2026-04-23,452,ch46,d_main_46_af_04,뒤,,확실,확정,ch46,109,109
F925,사실,E195,암시,암시,F925,36,2023-04-27,203,event_overzone,event_overzone2_01_s,동시,,확실,확정,@2차_지상_탈환전–ch00,16,16
F925,사실,E196,암시,암시,F925,36,2023-04-27,203,event_overzone,event_overzone2_01_e,동시,,확실,확정,@2차_지상_탈환전–ch00,16,16
F925,사실,E197,암시,암시,F925,36,2023-04-27,203,event_overzone,event_overzone2_02_s,동시,,확실,확정,@2차_지상_탈환전–ch00,16,16
F925,사실,F925,처음 밝혀짐,드러냄,,36,2023-04-27,203,event_overzone,event_overzone2_intermission_01,동시,,확실,확정,@2차_지상_탈환전–ch00,16,16
F925,사실,E1311,재언급,재언급,F925,36,2023-04-27,205,char:233,ep:d_nikke_dorothy_05,동시,,확실,확정,ch20–ch21 ~ ch21–ch22,58,60
F925,사실,E790,재언급,재언급,F925,116,2025-07-17,393,fl:boom_the_ghost,fl:boom_the_ghost_21,뒤,,확실,확정,ch38–ch39 ~,94,
F926,사실,E187,암시,암시,F926,36,2023-04-27,203,event_overzone,event_overzone1_03_s,동시,,추정,확정,@2차_지상_탈환전–ch00,16,16
F926,사실,F926,처음 밝혀짐,드러냄,,36,2023-04-27,203,event_overzone,event_overzone2_06_e,동시,,확실,확정,@2차_지상_탈환전–ch00,16,16
F926,사실,E791,재언급,재언급,F926,116,2025-07-17,393,fl:boom_the_ghost,fl:boom_the_ghost_25,뒤,,확실,확정,ch38–ch39 ~,94,
F927,사실,F927,처음 밝혀짐,드러냄,,36,2023-04-27,203,event_overzone,event_overzone2_epilogue,동시,,확실,확정,@2차_지상_탈환전–ch00,16,16
F928,사실,F928,처음 밝혀짐,드러냄,,36,2023-04-27,203,event_overzone,event_overzone2_epilogue,동시,,확실,확정,@2차_지상_탈환전–ch00,16,16
F928,사실,E1312,재언급,재언급,F928,36,2023-04-27,205,char:233,ep:d_nikke_dorothy_05,동시,,확실,확정,ch20–ch21 ~ ch21–ch22,58,60
F928,사실,E888,재언급,재언급,F928,126,2025-10-16,411,side:eden_spear,side:eden_spear_05,뒤,,추정,확정,ch21–ch22 ~ ch22–ch23 / ch24–ch25 ~ ch25 / ch25–ch26 ~ ch39 / ch39,60,95
F929,사실,F929,처음 밝혀짐,드러냄,,36,2023-04-27,204,erelic:white_memory,erelic:white_memory_06,동시,,확실,확정,@아크_가디언_작전–@방주_밀봉 ~ @방주_밀봉–@1차_지상_탈환전 / @방주_밀봉–@1차_지상_탈환전 ~ ch05–ch06,8,28
F930,사실,F930,처음 밝혀짐,드러냄,,36,2023-04-27,204,erelic:white_memory,erelic:white_memory_12,동시,,확실,확정,@아크_가디언_작전–@방주_밀봉 ~ @방주_밀봉–@1차_지상_탈환전 / @방주_밀봉–@1차_지상_탈환전 ~ ch05–ch06,8,28
F930,사실,F930-2,보강,드러냄,,134,2026-01-01,429,char:471,ep:d_nikke_snowwhite_heavyarms_03,뒤,,확실,확정,ch40–ch41 ~,98,
F931,사실,F931,처음 밝혀짐,드러냄,,36,2023-04-27,204,erelic:white_memory,erelic:white_memory_04,동시,,확실,확정,@아크_가디언_작전–@방주_밀봉 ~ @방주_밀봉–@1차_지상_탈환전 / @방주_밀봉–@1차_지상_탈환전 ~ ch05–ch06,8,28
F932,사실,F932,처음 밝혀짐,드러냄,,36,2023-04-27,204,erelic:white_memory,erelic:white_memory_19,동시,,확실,확정,@아크_가디언_작전–@방주_밀봉 ~ @방주_밀봉–@1차_지상_탈환전 / @방주_밀봉–@1차_지상_탈환전 ~ ch05–ch06,8,28
F932,사실,E305,재언급,재언급,F932,55,2023-11-02,249,erelic:red_ash_lost,erelic:red_ash_lost_16,뒤,,추정,확정,@랩쳐_침공–@갓데스_투입 ~ @갓데스_투입–@궤도_엘리베이터_강습 / @궤도_엘리베이터_강습–@아크_가디언_작전 ~ @아크_가디언_작전–@방주_밀봉,2,8
F932,사실,E306,재언급,재언급,F932,55,2023-11-02,250,erelic:red_ash_mini,erelic:red_ash_mini_01,뒤,,추정,확정,@갓데스_투입–@궤도_엘리베이터_강습 ~ @궤도_엘리베이터_강습–@아크_가디언_작전,4,6
F933,사실,F933,처음 밝혀짐,드러냄,,36,2023-04-27,204,erelic:white_memory,erelic:white_memory_20,동시,,확실,확정,@아크_가디언_작전–@방주_밀봉 ~ @방주_밀봉–@1차_지상_탈환전 / @방주_밀봉–@1차_지상_탈환전 ~ ch05–ch06,8,28
F933,사실,E1628,재언급,재언급,F933,134,2026-01-01,429,char:471,ep:d_nikke_snowwhite_heavyarms_02,뒤,,확실,확정,ch40–ch41 ~,98,
F934,사실,F934,처음 밝혀짐,드러냄,,36,2023-04-27,204,erelic:white_memory,erelic:white_memory_20,동시,,확실,확정,@아크_가디언_작전–@방주_밀봉 ~ @방주_밀봉–@1차_지상_탈환전 / @방주_밀봉–@1차_지상_탈환전 ~ ch05–ch06,8,28
F935,사실,F935,처음 밝혀짐,드러냄,,36,2023-04-27,204,erelic:white_memory,erelic:white_memory_16,동시,,확실,확정,@아크_가디언_작전–@방주_밀봉 ~ @방주_밀봉–@1차_지상_탈환전 / @방주_밀봉–@1차_지상_탈환전 ~ ch05–ch06,8,28
F936,사실,F936,처음 밝혀짐,드러냄,,36,2023-04-27,205,char:233,ep:d_nikke_dorothy_01,동시,,확실,확정,ch20–ch21 ~ ch21–ch22,58,60
F937,사실,F937,처음 밝혀짐,드러냄,,36,2023-04-27,205,char:233,ep:d_nikke_dorothy_02,동시,,확실,확정,ch20–ch21 ~ ch21–ch22,58,60
F937,사실,E963,재언급,재언급,F937,128,2025-10-30,419,erelic:goddess_fall_mini,erelic:goddess_fall_mini_06,뒤,,추정,확정,ch40–ch41,98,98
F938,사실,F938,처음 밝혀짐,드러냄,,36,2023-04-27,205,char:233,ep:d_nikke_dorothy_02,동시,,확실,확정,ch20–ch21 ~ ch21–ch22,58,60
F939,사실,F939,처음 밝혀짐,드러냄,,36,2023-04-27,205,char:233,ep:d_nikke_dorothy_02,동시,,확실,확정,ch20–ch21 ~ ch21–ch22,58,60
F940,사실,F940,처음 밝혀짐,드러냄,,36,2023-04-27,205,char:233,ep:d_nikke_dorothy_04,동시,,확실,확정,ch20–ch21 ~ ch21–ch22,58,60
F941,사실,F941,처음 밝혀짐,드러냄,,36,2023-04-27,205,char:233,ep:d_nikke_dorothy_05,동시,,확실,확정,ch20–ch21 ~ ch21–ch22,58,60
F942,사실,F942,처음 밝혀짐,드러냄,,36,2023-04-27,205,char:233,ep:d_nikke_dorothy_04,동시,,확실,확정,ch20–ch21 ~ ch21–ch22,58,60
F943,사실,F943,처음 밝혀짐,드러냄,,36,2023-04-27,206,char:392,ep:d_nikke_rei_01,동시,,확실,확정,,,
F943,사실,E1324,재언급,재언급,F943,50,2023-09-21,234,event_schooloflock,event_schooloflock_01_s,뒤,,확실,확정,,,
F943,사실,E1485,재언급,재언급,F943,141,2026-03-19,444,fl:2x2_love_1ch,fl:2x2_love_1ch_04,뒤,,추정,확정,ch15 ~,47,
F943,사실,E1520,재언급,재언급,F943,141,2026-03-19,445,fl:2x2_love_2ch,fl:2x2_love_2ch_49,뒤,,확실,확정,ch16–ch17 ~,50,
F944,사실,F944,처음 밝혀짐,드러냄,,36,2023-04-27,206,char:392,ep:d_nikke_rei_02,동시,,확실,확정,,,
F944,사실,E1548,재언급,재언급,F944,149,2026-07-02,464,fl:wave_to_you,fl:wave_to_you_07,뒤,,확실,확정,ch42–ch43 ~,102,
F945,사실,F945,처음 밝혀짐,드러냄,,37,2023-05-18,207,event_BunnyX777,event_BunnyX777_prologue,동시,,확실,확정,ch22–ch23 ~,62,
F946,사실,F946,처음 밝혀짐,드러냄,,37,2023-05-18,207,event_BunnyX777,event_BunnyX777_01_s,동시,,확실,확정,ch22–ch23 ~,62,
F946,사실,E1367,재언급,재언급,F946,75,2024-05-30,300,event_goldencoinrush1,event_goldencoinrush1_02_e,뒤,,확실,확정,ch22–ch23 ~,62,
F947,사실,E1604,암시,암시,F947,37,2023-05-18,207,event_BunnyX777,event_BunnyX777_intermission_01,동시,,추정,확정,ch22–ch23 ~,62,
F947,사실,F947,처음 밝혀짐,드러냄,,37,2023-05-18,208,char:270,ep:d_nikke_blanc_03,동시,,확실,확정,ch22–ch23 ~,62,
F947,사실,E1330,재언급,재언급,F947,51,2023-10-05,236,event_dazzlingcupid,event_dazzlingcupid_01_e,뒤,,확실,확정,ch22–ch23 ~,62,
F947,사실,E1399,재언급,재언급,F947,93,2024-11-21,345,event_secretgarden,event_secretgarden_03_e,뒤,,확실,확정,ch27–ch28 ~,72,
F948,사실,F948,처음 밝혀짐,드러냄,,37,2023-05-18,208,char:270,ep:d_nikke_blanc_02,동시,,확실,확정,ch22–ch23 ~,62,
F948,사실,E1366,재언급,재언급,F948,75,2024-05-30,300,event_goldencoinrush1,event_goldencoinrush1_02_s,뒤,,추정,확정,ch22–ch23 ~,62,
F949,사실,F949,처음 밝혀짐,드러냄,,38,2023-05-25,209,char:271,ep:d_nikke_noir_01,동시,,확실,확정,ch22–ch23 ~,62,
F949,사실,E1366,재언급,재언급,F949,75,2024-05-30,300,event_goldencoinrush1,event_goldencoinrush1_02_s,뒤,,추정,확정,ch22–ch23 ~,62,
F950,사실,F950,처음 밝혀짐,드러냄,,39,2023-06-01,210,event_queensorder,event_queensorder_intermission_01,동시,,확실,확정,ch13–ch14 ~,44,
F950,사실,F950-2,처음 밝혀짐,드러냄,,39,2023-06-01,211,char:280,ep:d_nikke_rosanna_01,동시,,확실,확정,ch22–ch23 ~,62,
F950,사실,E428,재언급,재언급,F950,78,2024-07-04,305,event_beautyfullshot1,event_beautyfullshot2_intermission,뒤,,추정,확정,ch22–ch23 ~,62,
F951,사실,F951,처음 밝혀짐,드러냄,,39,2023-06-01,210,event_queensorder,event_queensorder_04_s,동시,,확실,확정,ch13–ch14 ~,44,
F952,사실,F952,처음 밝혀짐,드러냄,,39,2023-06-01,210,event_queensorder,event_queensorder_prologue,동시,,확실,확정,ch13–ch14 ~,44,
F953,사실,F953,처음 밝혀짐,드러냄,,39,2023-06-01,210,event_queensorder,event_queensorder_05_e,동시,,확실,확정,ch13–ch14 ~,44,
F953,사실,F953-2,보강,드러냄,,62,2024-01-25,262,event_dirtybackyard,event_dirtybackyard_06_s,뒤,,확실,확정,ch22–ch23 ~,62,
F954,사실,E1313,암시,암시,F954,39,2023-06-01,210,event_queensorder,event_queensorder_prologue,동시,,확실,확정,ch13–ch14 ~,44,
F954,사실,F954,처음 밝혀짐,드러냄,,39,2023-06-01,210,event_queensorder,event_queensorder_05_s,동시,,확실,확정,ch13–ch14 ~,44,
F955,사실,F955,처음 밝혀짐,드러냄,,39,2023-06-01,210,event_queensorder,event_queensorder_06_s,동시,,확실,확정,ch13–ch14 ~,44,
F956,사실,F956,처음 밝혀짐,드러냄,,39,2023-06-01,210,event_queensorder,event_queensorder_06_e,동시,,확실,확정,ch13–ch14 ~,44,
F957,사실,E1314,암시,암시,F957,39,2023-06-01,210,event_queensorder,event_queensorder_06_s,동시,,추정,확정,ch13–ch14 ~,44,
F957,사실,F957,처음 밝혀짐,드러냄,,39,2023-06-01,210,event_queensorder,event_queensorder_epilogue,동시,,확실,확정,ch13–ch14 ~,44,
F958,사실,F958,처음 밝혀짐,드러냄,,39,2023-06-01,211,char:280,ep:d_nikke_rosanna_01,동시,,확실,확정,ch22–ch23 ~,62,
F959,사실,F959,처음 밝혀짐,드러냄,,39,2023-06-01,211,char:280,ep:d_nikke_rosanna_04,동시,,확실,확정,ch22–ch23 ~,62,
F960,사실,F960,처음 밝혀짐,드러냄,,39,2023-06-01,211,char:280,ep:d_nikke_rosanna_04,동시,,확실,확정,ch22–ch23 ~,62,
F961,사실,F961,처음 밝혀짐,드러냄,,39,2023-06-01,211,char:280,ep:d_nikke_rosanna_04,동시,,확실,확정,ch22–ch23 ~,62,
F962,사실,F962,처음 밝혀짐,드러냄,,39,2023-06-01,211,char:280,ep:d_nikke_rosanna_04,동시,,확실,확정,ch22–ch23 ~,62,
F963,사실,F963,처음 밝혀짐,드러냄,,39,2023-06-01,211,char:280,ep:d_nikke_rosanna_05,동시,,확실,확정,ch22–ch23 ~,62,
F964,사실,F964,처음 밝혀짐,드러냄,,40,2023-06-15,212,event_bluewaterisland,event_bluewaterisland_prologue,동시,,확실,확정,ch22–ch23 ~,62,
F965,사실,F965,처음 밝혀짐,드러냄,,40,2023-06-15,212,event_bluewaterisland,event_bluewaterisland_prologue,동시,,확실,확정,ch22–ch23 ~,62,
F966,사실,F966,처음 밝혀짐,드러냄,,40,2023-06-15,212,event_bluewaterisland,event_bluewaterisland1_01_s,동시,,확실,확정,ch22–ch23 ~,62,
F967,사실,F967,처음 밝혀짐,드러냄,,40,2023-06-15,212,event_bluewaterisland,event_bluewaterisland1_06_s,동시,,확실,확정,ch22–ch23 ~,62,
F968,사실,F968,처음 밝혀짐,드러냄,,40,2023-06-15,212,event_bluewaterisland,event_bluewaterisland1_03_s,동시,,확실,확정,ch22–ch23 ~,62,
F969,사실,F969,처음 밝혀짐,드러냄,,40,2023-06-15,212,event_bluewaterisland,event_bluewaterisland1_06_e,동시,,확실,확정,ch22–ch23 ~,62,
F970,사실,F970,처음 밝혀짐,드러냄,,40,2023-06-15,212,event_bluewaterisland,event_bluewaterisland2_01_e,동시,,확실,확정,ch22–ch23 ~,62,
F971,사실,E1268,암시,암시,F971,17,2022-11-04,108,char:130,ep:d_nikke_mary_04,앞,,추정,확정,ch13–ch14 ~,44,
F971,사실,E211,암시,암시,F971,40,2023-06-15,212,event_bluewaterisland,event_bluewaterisland1_03_s,동시,,추정,확정,ch22–ch23 ~,62,
F971,사실,E216,암시,암시,F971,40,2023-06-15,212,event_bluewaterisland,event_bluewaterisland2_03_s,동시,,추정,확정,ch22–ch23 ~,62,
F971,사실,F971,처음 밝혀짐,드러냄,,40,2023-06-15,212,event_bluewaterisland,event_bluewaterisland2_05_e,동시,,확실,확정,ch22–ch23 ~,62,
F972,사실,E213,암시,암시,F972,40,2023-06-15,212,event_bluewaterisland,event_bluewaterisland1_05_e,동시,,추정,확정,ch22–ch23 ~,62,
F972,사실,E215,암시,암시,F972,40,2023-06-15,212,event_bluewaterisland,event_bluewaterisland2_02_s,동시,,추정,확정,ch22–ch23 ~,62,
F972,사실,F972,처음 밝혀짐,드러냄,,40,2023-06-15,212,event_bluewaterisland,event_bluewaterisland2_03_s,동시,,확실,확정,ch22–ch23 ~,62,
F972,사실,E426,재언급,재언급,F972,78,2024-07-04,305,event_beautyfullshot1,event_beautyfullshot1_05_e,뒤,,추정,확정,ch22–ch23 ~,62,
F973,사실,F973,처음 밝혀짐,드러냄,,40,2023-06-15,212,event_bluewaterisland,event_bluewaterisland2_epilogue,동시,,확실,확정,ch22–ch23 ~,62,
F974,사실,F974,처음 밝혀짐,드러냄,,40,2023-06-15,212,event_bluewaterisland,event_bluewaterisland2_epilogue,동시,,확실,확정,ch22–ch23 ~,62,
F975,사실,F975,처음 밝혀짐,드러냄,,40,2023-06-15,213,char:132,ep:d_nikke_Mary_BayGoddess_01,동시,,확실,확정,ch22–ch23 ~,62,
F976,사실,F976,처음 밝혀짐,드러냄,,40,2023-06-15,213,char:132,ep:d_nikke_Mary_BayGoddess_02,동시,,확실,확정,ch22–ch23 ~,62,
F977,사실,F977,처음 밝혀짐,드러냄,,40,2023-06-15,213,char:132,ep:d_nikke_Mary_BayGoddess_05,동시,,확실,확정,ch22–ch23 ~,62,
F978,사실,E209,암시,암시,F978,40,2023-06-15,212,event_bluewaterisland,event_bluewaterisland1_01_s,앞,,추정,확정,ch22–ch23 ~,62,
F978,사실,F978,처음 밝혀짐,드러냄,,41,2023-06-22,214,char:14,ep:d_nikke_neon_blueocean_01,동시,,확실,확정,ch22–ch23 ~,62,
F979,사실,F979,처음 밝혀짐,드러냄,,42,2023-07-06,215,event_nyanyaparadise,event_nyanyaparadise_01_s,동시,,확실,확정,ch09–ch10 ~,36,
F980,사실,F980,처음 밝혀짐,드러냄,,42,2023-07-06,215,event_nyanyaparadise,event_nyanyaparadise_04_e,동시,,확실,확정,ch09–ch10 ~,36,
F981,사실,F981,처음 밝혀짐,드러냄,,42,2023-07-06,216,char:380,ep:d_nikke_nero_01,동시,,확실,확정,,,
F982,사실,E1605,암시,암시,F982,42,2023-07-06,215,event_nyanyaparadise,event_nyanyaparadise_05_e,동시,,추정,확정,ch09–ch10 ~,36,
F982,사실,E1606,암시,암시,F982,42,2023-07-06,215,event_nyanyaparadise,event_nyanyaparadise_06_s,동시,,추정,확정,ch09–ch10 ~,36,
F982,사실,F982,처음 밝혀짐,드러냄,,42,2023-07-06,216,char:380,ep:d_nikke_nero_04,동시,,확실,확정,,,
F983,사실,F983,처음 밝혀짐,드러냄,,43,2023-07-20,217,ch23,d_main_23_01_e,동시,,확실,확정,ch23,63,63
F983,사실,E783,재언급,재언급,F983,116,2025-07-17,393,fl:boom_the_ghost,fl:boom_the_ghost_03,뒤,,확실,확정,ch38–ch39 ~,94,
F984,사실,F984,처음 밝혀짐,드러냄,,43,2023-07-20,217,ch23,d_main_23_02_s,동시,,확실,확정,ch23,63,63
F985,사실,F985,처음 밝혀짐,드러냄,,43,2023-07-20,217,ch23,d_main_23_02_s,동시,,확실,확정,ch23,63,63
F985,사실,E904,재언급,재언급,F985,127,2025-10-30,414,ch41,d_main_41_af_06,뒤,,확실,확정,ch41,99,99
F985,사실,E922,재언급,재언급,F985,128,2025-10-30,416,ch42,d_main_42_af_03,뒤,,확실,확정,ch42,101,101
F986,사실,F986,처음 밝혀짐,드러냄,,43,2023-07-20,217,ch23,d_main_23_02_s,동시,,확실,확정,ch23,63,63
F987,사실,F987,처음 밝혀짐,드러냄,,43,2023-07-20,217,ch23,d_main_23_02_e,동시,,확실,확정,ch23,63,63
F988,사실,F988,처음 밝혀짐,드러냄,,43,2023-07-20,217,ch23,d_main_23_04,동시,,확실,확정,ch23,63,63
F989,사실,F989,처음 밝혀짐,드러냄,,43,2023-07-20,217,ch23,d_main_23_07_e,동시,,확실,확정,ch23,63,63
F990,사실,F990,처음 밝혀짐,드러냄,,43,2023-07-20,217,ch23,d_main_23_07_s,동시,,확실,확정,ch23,63,63
F991,사실,F991,처음 밝혀짐,드러냄,,43,2023-07-20,217,ch23,d_main_23_03_e,동시,,확실,확정,ch23,63,63
F992,사실,F992,처음 밝혀짐,드러냄,,43,2023-07-20,217,ch23,d_main_23_05_s,동시,,확실,확정,ch23,63,63
F993,사실,E132,암시,암시,F993,20,2022-11-24,152,ch18,d_main_18af_04,앞,,확실,확정,ch18,53,53
F993,사실,E163,암시,암시,F993,35,2023-04-27,191,ch21,d_main_21af_03,앞,,확실,확정,ch21,59,59
F993,사실,F993,처음 밝혀짐,드러냄,,43,2023-07-20,217,ch23,d_main_23_08_s,동시,,확실,확정,ch23,63,63
F993,사실,E1170,재언급,재언급,F993,148,2026-06-11,462,fl:ark_ranger,fl:ark_ranger_07,뒤,,확실,확정,~ ch21–ch22 / ch22 / ch42 / ch45 / ch46–ch47 ~ ch47,,111
F994,사실,F994,처음 밝혀짐,드러냄,,43,2023-07-20,217,ch23,d_main_23_08_e,동시,,확실,확정,ch23,63,63
F995,사실,E133,암시,암시,F995,20,2022-11-24,153,sub:테트라_커넥트_01,sub:테트라_커넥트_01,앞,,추정,확정,ch01–ch02 ~,20,
F995,사실,E221,암시,암시,F995,43,2023-07-20,217,ch23,d_main_23_01_e,동시,,추정,확정,ch23,63,63
F995,사실,E227,암시,암시,F995,43,2023-07-20,217,ch23,d_main_23_08_s,동시,,확실,확정,ch23,63,63
F995,사실,F995,처음 밝혀짐,드러냄,,43,2023-07-20,217,ch23,d_main_23_08_e,동시,,확실,확정,ch23,63,63
F995,사실,E469,재언급,재언급,F995,89,2024-10-17,331,side:wordless,side:wordless_00,뒤,,확실,확정,ch24–ch25 ~,66,
F996,사실,E220,암시,암시,F996,43,2023-07-20,217,ch23,d_main_23_01_e,동시,,추정,확정,ch23,63,63
F996,사실,F996,처음 밝혀짐,드러냄,,43,2023-07-20,217,ch23,d_main_23af_02,동시,,확실,확정,ch23,63,63
F997,사실,E82,암시,암시,F997,13,2022-11-04,73,ch12,d_main_12_07_e,앞,,확실,확정,ch12,41,41
F997,사실,F997,처음 밝혀짐,드러냄,,43,2023-07-20,217,ch23,d_main_23_09_e,동시,,확실,확정,ch23,63,63
F998,사실,E228,암시,암시,F998,43,2023-07-20,217,ch23,d_main_23_08_s,동시,,확실,확정,ch23,63,63
F998,사실,F998,처음 밝혀짐,드러냄,,43,2023-07-20,217,ch23,d_main_23_11_e,동시,,확실,확정,ch23,63,63
F999,사실,F999,처음 밝혀짐,드러냄,,43,2023-07-20,217,ch23,d_main_23_11_e,동시,,확실,확정,ch23,63,63
F1000,사실,F1000,처음 밝혀짐,드러냄,,43,2023-07-20,217,ch23,d_main_23af_01,동시,,확실,확정,ch23,63,63
F1001,사실,F1001,처음 밝혀짐,드러냄,,43,2023-07-20,218,sub:상인연합_달란트_00,sub:상인연합_달란트_00,동시,,확실,확정,ch23–ch24 ~ ch24,64,65
F1002,사실,F1002,처음 밝혀짐,드러냄,,43,2023-07-20,219,sub:콜렉터_02,sub:콜렉터_02,동시,,확실,확정,ch23,63,63
F1003,사실,F1003,처음 밝혀짐,드러냄,,43,2023-07-20,220,relic:필그림조우보고서,relic:필그림조우보고서_01,동시,,확실,확정,,,
F1004,사실,F1004,처음 밝혀짐,드러냄,,44,2023-07-20,221,ch24,d_main_24_01,동시,,확실,확정,ch24,65,65
F1004,사실,E245,재언급,재언급,F1004,44,2023-07-20,223,relic:긴급뉴스대본_FB_3_final_2.pdf,relic:긴급뉴스대본_FB_3_final_2.pdf_03,동시,,확실,확정,ch24,65,65
F1005,사실,F1005,처음 밝혀짐,드러냄,,44,2023-07-20,221,ch24,d_main_24_01,동시,,확실,확정,ch24,65,65
F1006,사실,F1006,처음 밝혀짐,드러냄,,44,2023-07-20,221,ch24,d_main_24_02,동시,,확실,확정,ch24,65,65
F1006,사실,F1006-2,보강,드러냄,,140,2026-03-05,442,fl:enter_heaven,fl:enter_heaven_10,뒤,,확실,확정,ch39–ch40 ~,96,
F1007,사실,E1259,암시,암시,F1007,17,2022-11-04,102,char:221,ep:d_nikke_rapunzel_04,앞,,추정,확정,ch06–ch07 ~ ch16–ch17,30,50
F1007,사실,F1007,처음 밝혀짐,드러냄,,44,2023-07-20,221,ch24,d_main_24_02,동시,,확실,확정,ch24,65,65
F1008,사실,F1008,처음 밝혀짐,드러냄,,44,2023-07-20,221,ch24,d_main_24_03,동시,,확실,확정,ch24,65,65
F1009,사실,E222,암시,암시,F1009,43,2023-07-20,217,ch23,d_main_23_02_e,앞,,확실,확정,ch23,63,63
F1009,사실,F1009,처음 밝혀짐,드러냄,,44,2023-07-20,221,ch24,d_main_24_04,동시,,확실,확정,ch24,65,65
F1010,사실,E104,암시,암시,F1010,17,2022-11-04,87,ch16,d_main_16_07,앞,,추정,확정,ch16,49,49
F1010,사실,F1010,처음 밝혀짐,드러냄,,44,2023-07-20,221,ch24,d_main_24_04,동시,,확실,확정,ch24,65,65
F1011,사실,F1011,처음 밝혀짐,드러냄,,44,2023-07-20,221,ch24,d_main_24_05_s,동시,,확실,확정,ch24,65,65
F1012,사실,F1012,처음 밝혀짐,드러냄,,44,2023-07-20,221,ch24,d_main_24_05_s,동시,,확실,확정,ch24,65,65
F1013,사실,F1013,처음 밝혀짐,드러냄,,44,2023-07-20,221,ch24,d_main_24_06_s,동시,,확실,확정,ch24,65,65
F1013,사실,E470,재언급,재언급,F1013,89,2024-10-17,331,side:wordless,side:wordless_09,뒤,,확실,확정,ch24–ch25 ~,66,
F1013,사실,E606,재언급,재언급,F1013,101,2025-02-20,358,ch35,d_main_35_07,뒤,,확실,확정,ch35,87,87
F1013,사실,E700,재언급,재언급,F1013,109,2025-04-24,377,event_unbreakablesphere1,event_unbreakablesphere2_03_s,뒤,,확실,확정,ch36–ch37 ~,90,
F1013,사실,E701,재언급,재언급,F1013,109,2025-04-24,377,event_unbreakablesphere1,event_unbreakablesphere2_03_e,뒤,,확실,확정,ch36–ch37 ~,90,
F1014,사실,E114,암시,암시,F1014,17,2022-11-04,87,ch16,d_main_16af_03,앞,,확실,확정,ch16,49,49
F1014,사실,E230,암시,암시,F1014,43,2023-07-20,217,ch23,d_main_23_09_e,앞,,추정,확정,ch23,63,63
F1014,사실,F1014,처음 밝혀짐,드러냄,,44,2023-07-20,221,ch24,d_main_24_06_s,동시,,확실,확정,ch24,65,65
F1015,사실,E1601,암시,암시,F1015,27,2023-01-19,176,char:112,ep:d_nikke_viper_05,앞,,추정,확정,ch16–ch17 ~ ch23–ch24,50,64
F1015,사실,E224,암시,암시,F1015,43,2023-07-20,217,ch23,d_main_23_05_e,앞,,추정,확정,ch23,63,63
F1015,사실,E225,암시,암시,F1015,43,2023-07-20,217,ch23,d_main_23_06_s,앞,,추정,확정,ch23,63,63
F1015,사실,E231,암시,암시,F1015,43,2023-07-20,217,ch23,d_main_23_11_e,앞,,추정,확정,ch23,63,63
F1015,사실,F1015,처음 밝혀짐,드러냄,,44,2023-07-20,221,ch24,d_main_24_07_s,동시,,확실,확정,ch24,65,65
F1015,사실,E430,재언급,재언급,F1015,78,2024-07-04,305,event_beautyfullshot1,event_beautyfullshot2_05_s,뒤,,추정,확정,ch22–ch23 ~,62,
F1015,사실,E1042,재언급,재언급,F1015,140,2026-03-05,442,fl:enter_heaven,fl:enter_heaven_12,뒤,,확실,확정,ch39–ch40 ~,96,
F1016,사실,F1016,처음 밝혀짐,드러냄,,44,2023-07-20,221,ch24,d_main_24_08_s,동시,,확실,확정,ch24,65,65
F1016,사실,E429,재언급,재언급,F1016,78,2024-07-04,305,event_beautyfullshot1,event_beautyfullshot2_03_e,뒤,,확실,확정,ch22–ch23 ~,62,
F1017,사실,F1017,처음 밝혀짐,드러냄,,44,2023-07-20,221,ch24,d_main_24_08_e,동시,,확실,확정,ch24,65,65
F1017,사실,E1035,재언급,재언급,F1017,138,2026-02-12,436,ch44,d_main_44_af_09,뒤,,확실,확정,ch44,105,105
F1018,사실,E1280,암시,암시,F1018,17,2022-11-04,137,char:110,ep:d_nikke_crow_05,앞,,추정,확정,ch16–ch17 ~ ch23–ch24,50,64
F1018,사실,F1018,처음 밝혀짐,드러냄,,44,2023-07-20,221,ch24,d_main_24_09,동시,,확실,확정,ch24,65,65
F1019,사실,E229,암시,암시,F1019,43,2023-07-20,217,ch23,d_main_23_08_s,앞,,추정,확정,ch23,63,63
F1019,사실,F1019,처음 밝혀짐,드러냄,,44,2023-07-20,221,ch24,d_main_24_09,동시,,확실,확정,ch24,65,65
F1020,사실,F1020,처음 밝혀짐,드러냄,,44,2023-07-20,221,ch24,d_main_24_04,동시,,확실,확정,ch24,65,65
F1021,사실,F1021,처음 밝혀짐,드러냄,,44,2023-07-20,221,ch24,d_main_24_09,동시,,확실,확정,ch24,65,65
F1022,사실,F1022,처음 밝혀짐,드러냄,,44,2023-07-20,221,ch24,d_main_24_09,동시,,확실,확정,ch24,65,65
F1023,사실,F1023,처음 밝혀짐,드러냄,,44,2023-07-20,221,ch24,d_main_24_10,동시,,확실,확정,ch24,65,65
F1024,사실,F1024,처음 밝혀짐,드러냄,,44,2023-07-20,221,ch24,d_main_24_10,동시,,확실,확정,ch24,65,65
F1024,사실,E804,재언급,재언급,F1024,118,2025-08-07,396,ch39,d_main_39_af_02,뒤,,확실,확정,ch39,95,95
F1025,사실,F1025,처음 밝혀짐,드러냄,,44,2023-07-20,221,ch24,d_main_24_10,동시,,확실,확정,ch24,65,65
F1026,사실,F1026,처음 밝혀짐,드러냄,,44,2023-07-20,221,ch24,d_main_24_10,동시,,확실,확정,ch24,65,65
F1027,사실,F1027,처음 밝혀짐,드러냄,,44,2023-07-20,221,ch24,d_main_24_11,동시,,확실,확정,ch24,65,65
F1028,사실,F1028,처음 밝혀짐,드러냄,,44,2023-07-20,221,ch24,d_main_24_11,동시,,확실,확정,ch24,65,65
F1029,사실,F1029,처음 밝혀짐,드러냄,,44,2023-07-20,221,ch24,d_main_24_12,동시,,확실,확정,ch24,65,65
F1030,사실,F1030,처음 밝혀짐,드러냄,,44,2023-07-20,221,ch24,d_main_24_12,동시,,확실,확정,ch24,65,65
F1030,사실,E830,재언급,재언급,F1030,119,2025-08-07,400,fl:absolute,fl:absolute_00,뒤,,확실,확정,ch34–ch35 ~,86,
F1030,사실,E840,재언급,재언급,F1030,119,2025-08-07,400,fl:absolute,fl:absolute_09,뒤,,확실,확정,ch34–ch35 ~,86,
F1031,사실,E219,암시,암시,F1031,43,2023-07-20,217,ch23,d_main_23_01_e,앞,,확실,확정,ch23,63,63
F1031,사실,F1031,처음 밝혀짐,드러냄,,44,2023-07-20,221,ch24,d_main_24_11,동시,,확실,확정,ch24,65,65
F1032,사실,F1032,처음 밝혀짐,드러냄,,44,2023-07-20,221,ch24,d_main_24_13,동시,,확실,확정,ch24,65,65
F1032,사실,E887,재언급,재언급,F1032,126,2025-10-16,411,side:eden_spear,side:eden_spear_01,뒤,,확실,확정,ch21–ch22 ~ ch22–ch23 / ch24–ch25 ~ ch25 / ch25–ch26 ~ ch39 / ch39,60,95
F1033,사실,F1033,처음 밝혀짐,드러냄,,44,2023-07-20,221,ch24,d_main_24_14_e,동시,,확실,확정,ch24,65,65
F1034,사실,E92,암시,암시,F1034,14,2022-11-04,76,ch13,d_main_13af_07,앞,,추정,확정,ch13,43,43
F1034,사실,F1034,처음 밝혀짐,드러냄,,44,2023-07-20,221,ch24,d_main_24_14_e,동시,,확실,확정,ch24,65,65
F1034,사실,E486,재언급,재언급,F1034,90,2024-10-31,334,ch33,d_main_33_08,뒤,,확실,확정,ch33,83,83
F1034,사실,E887,재언급,재언급,F1034,126,2025-10-16,411,side:eden_spear,side:eden_spear_01,뒤,,확실,확정,ch21–ch22 ~ ch22–ch23 / ch24–ch25 ~ ch25 / ch25–ch26 ~ ch39 / ch39,60,95
F1035,사실,F1035,처음 밝혀짐,드러냄,,44,2023-07-20,221,ch24,d_main_24af_01,동시,,확실,확정,ch24,65,65
F1036,사실,F1036,처음 밝혀짐,드러냄,,44,2023-07-20,221,ch24,d_main_24af_01,동시,,확실,확정,ch24,65,65
F1037,사실,F1037,처음 밝혀짐,드러냄,,44,2023-07-20,221,ch24,d_main_24af_02,동시,,확실,확정,ch24,65,65
F1037,사실,E607,재언급,재언급,F1037,101,2025-02-20,358,ch35,d_main_35_07,뒤,,확실,확정,ch35,87,87
F1037,사실,E629,재언급,재언급,F1037,102,2025-02-20,360,ch36,d_main_36_04,뒤,,확실,확정,ch36,89,89
F1038,사실,F1038,처음 밝혀짐,드러냄,,44,2023-07-20,221,ch24,d_main_24af_03,동시,,확실,확정,ch24,65,65
F1039,사실,F1039,처음 밝혀짐,드러냄,,44,2023-07-20,221,ch24,d_main_24af_03,동시,,확실,확정,ch24,65,65
F1040,사실,F1040,처음 밝혀짐,드러냄,,44,2023-07-20,222,sub:해결사_카페_스위티_00,sub:해결사_카페_스위티_00,동시,,확실,확정,ch22–ch23 ~ ch24–ch25,62,66
F1041,사실,E233,암시,암시,F1041,43,2023-07-20,219,sub:콜렉터_02,sub:콜렉터_02,앞,,확실,확정,ch23,63,63
F1041,사실,F1041,처음 밝혀짐,드러냄,,44,2023-07-20,223,relic:긴급뉴스대본_FB_3_final_2.pdf,relic:긴급뉴스대본_FB_3_final_2.pdf_00,동시,,확실,확정,ch24,65,65
F1042,사실,F1042,처음 밝혀짐,드러냄,,44,2023-07-20,224,event_goldenship,event_goldenship_prologue,동시,,확실,확정,,,
F1043,사실,F1043,처음 밝혀짐,드러냄,,44,2023-07-20,224,event_goldenship,event_goldenship_03_e,동시,,확실,확정,,,
F1044,사실,F1044,처음 밝혀짐,드러냄,,44,2023-07-20,224,event_goldenship,event_goldenship_04_s,동시,,확실,확정,,,
F1045,사실,F1045,처음 밝혀짐,드러냄,,44,2023-07-20,224,event_goldenship,event_goldenship_05_e,동시,,확실,확정,,,
F1046,사실,F1046,처음 밝혀짐,드러냄,,44,2023-07-20,225,char:350,ep:d_nikke_mast_01,동시,,확실,확정,,,
F1047,사실,F1047,처음 밝혀짐,드러냄,,44,2023-07-20,225,char:350,ep:d_nikke_mast_03,동시,,확실,확정,,,
F1048,사실,F1048,처음 밝혀짐,드러냄,,45,2023-08-03,226,event_seayouagain1,event_seayouagain1_01_s,동시,,확실,확정,ch22–ch23 ~,62,
F1049,사실,F1049,처음 밝혀짐,드러냄,,45,2023-08-03,226,event_seayouagain1,event_seayouagain1_03_s,동시,,확실,확정,ch22–ch23 ~,62,
F1050,사실,E1317,암시,암시,F1050,45,2023-08-03,226,event_seayouagain1,event_seayouagain1_01_s,동시,,추정,확정,ch22–ch23 ~,62,
F1050,사실,F1050,처음 밝혀짐,드러냄,,45,2023-08-03,226,event_seayouagain1,event_seayouagain1_intermission_01,동시,,확실,확정,ch22–ch23 ~,62,
F1051,사실,E210,암시,암시,F1051,40,2023-06-15,212,event_bluewaterisland,event_bluewaterisland1_02_e,앞,,확실,확정,ch22–ch23 ~,62,
F1051,사실,E1318,암시,암시,F1051,45,2023-08-03,226,event_seayouagain1,event_seayouagain1_02_s,동시,,확실,확정,ch22–ch23 ~,62,
F1051,사실,F1051,처음 밝혀짐,드러냄,,45,2023-08-03,226,event_seayouagain1,event_seayouagain1_05_s,동시,,확실,확정,ch22–ch23 ~,62,
F1052,사실,F1052,처음 밝혀짐,드러냄,,45,2023-08-03,226,event_seayouagain1,event_seayouagain1_05_e,동시,,확실,확정,ch22–ch23 ~,62,
F1052,사실,E1341,재언급,재언급,F1052,57,2023-12-07,255,event_neverland1,event_neverland1_01_s,뒤,,추정,확정,ch22–ch23 ~,62,
F1053,사실,F1053,처음 밝혀짐,드러냄,,45,2023-08-03,226,event_seayouagain1,event_seayouagain1_06_s,동시,,확실,확정,ch22–ch23 ~,62,
F1054,사실,F1054,처음 밝혀짐,드러냄,,45,2023-08-03,226,event_seayouagain1,event_seayouagain2_01_s,동시,,확실,확정,ch22–ch23 ~,62,
F1055,사실,E1321,암시,암시,F1055,45,2023-08-03,226,event_seayouagain1,event_seayouagain1_06_s,동시,,확실,확정,ch22–ch23 ~,62,
F1055,사실,F1055,처음 밝혀짐,드러냄,,45,2023-08-03,226,event_seayouagain1,event_seayouagain2_04_s,동시,,확실,확정,ch22–ch23 ~,62,
F1056,사실,E1598,암시,암시,F1056,18,2022-11-10,147,char:352,ep:d_nikke_helm_04,앞,,추정,확정,,,
F1056,사실,E1599,암시,암시,F1056,18,2022-11-10,147,char:352,ep:d_nikke_helm_05,앞,,추정,확정,,,
F1056,사실,E138,암시,암시,F1056,23,2022-12-29,163,event_brandnewyear,event_brandnewyear_06_e,앞,,추정,확정,ch13–ch14 ~,44,
F1056,사실,F1056,처음 밝혀짐,드러냄,,45,2023-08-03,226,event_seayouagain1,event_seayouagain2_06_s,동시,,확실,확정,ch22–ch23 ~,62,
F1056,사실,E432,재언급,재언급,F1056,78,2024-07-04,305,event_beautyfullshot1,event_beautyfullshot2_06_s,뒤,,확실,확정,ch22–ch23 ~,62,
F1057,사실,F1057,처음 밝혀짐,드러냄,,45,2023-08-03,226,event_seayouagain1,event_seayouagain2_epilogue,동시,,확실,확정,ch22–ch23 ~,62,
F1058,사실,F1058,처음 밝혀짐,드러냄,,45,2023-08-03,227,char:15,ep:d_nikke_anis_sparklingsummer_02,동시,,확실,확정,ch22–ch23 ~,62,
F1059,사실,F1059,처음 밝혀짐,드러냄,,45,2023-08-03,228,char:351,ep:d_nikke_anchor_01,동시,,확실,확정,,,
F1060,사실,F1060,처음 밝혀짐,드러냄,,45,2023-08-03,228,char:351,ep:d_nikke_anchor_04,동시,,확실,확정,,,
F1061,사실,F1061,처음 밝혀짐,드러냄,,45,2023-08-03,228,char:351,ep:d_nikke_anchor_04,동시,,확실,확정,,,
F1062,사실,F1062,처음 밝혀짐,드러냄,,45,2023-08-03,228,char:351,ep:d_nikke_anchor_02,동시,,확실,확정,,,
F1063,사실,F1063,처음 밝혀짐,드러냄,,46,2023-08-10,229,char:353,ep:d_nikke_helm_aquamarine_03,동시,,확실,확정,ch22–ch23 ~,62,
F1064,사실,F1064,처음 밝혀짐,드러냄,,46,2023-08-10,229,char:353,ep:d_nikke_helm_aquamarine_05,동시,,확실,확정,ch22–ch23 ~,62,
F1065,사실,E1607,암시,암시,F1065,47,2023-08-24,230,event_firstaffection,event_firstaffection_07,동시,,확실,확정,ch17–ch18 ~,52,
F1065,사실,F1065,처음 밝혀짐,드러냄,,47,2023-08-24,230,event_firstaffection,event_firstaffection_08,동시,,확실,확정,ch17–ch18 ~,52,
F1066,사실,F1066,처음 밝혀짐,드러냄,,47,2023-08-24,230,event_firstaffection,event_firstaffection_02,동시,,확실,확정,ch17–ch18 ~,52,
F1067,사실,F1067,처음 밝혀짐,드러냄,,48,2023-09-01,231,char:810,ep:d_nikke_ce_02_01_04,동시,,확실,확정,@랩쳐_침공–@갓데스_투입 ~ @갓데스_투입–@궤도_엘리베이터_강습,2,4
F1068,사실,F1068,처음 밝혀짐,드러냄,,48,2023-09-01,231,char:810,ep:d_nikke_ce_02_01_05,동시,,확실,확정,@랩쳐_침공–@갓데스_투입 ~ @갓데스_투입–@궤도_엘리베이터_강습,2,4
F1069,사실,F1069,처음 밝혀짐,드러냄,,48,2023-09-01,232,char:812,ep:d_nikke_ce_02_03_02,동시,,확실,확정,,,
F1070,사실,F1070,처음 밝혀짐,드러냄,,49,2023-09-08,233,char:811,ep:d_nikke_ce_02_02_01,동시,,확실,확정,,,
F1071,사실,F1071,처음 밝혀짐,드러냄,,50,2023-09-21,234,event_schooloflock,event_schooloflock_03_s,동시,,확실,확정,,,
F1072,사실,F1072,처음 밝혀짐,드러냄,,50,2023-09-21,234,event_schooloflock,event_schooloflock_intermission_01,동시,,확실,확정,,,
F1073,사실,E1325,암시,암시,F1073,50,2023-09-21,234,event_schooloflock,event_schooloflock_prologue,동시,,추정,확정,,,
F1073,사실,F1073,처음 밝혀짐,드러냄,,50,2023-09-21,234,event_schooloflock,event_schooloflock_05_s,동시,,확실,확정,,,
F1073,사실,E1378,재언급,재언급,F1073,81,2024-07-25,317,event_juveniledays,event_juveniledays_01_s,뒤,,추정,확정,ch15–ch16 ~,48,
F1074,사실,E1326,암시,암시,F1074,50,2023-09-21,234,event_schooloflock,event_schooloflock_03_s,동시,,확실,확정,,,
F1074,사실,F1074,처음 밝혀짐,드러냄,,50,2023-09-21,234,event_schooloflock,event_schooloflock_05_s,동시,,확실,확정,,,
F1075,사실,F1075,처음 밝혀짐,드러냄,,50,2023-09-21,234,event_schooloflock,event_schooloflock_intermission_01,동시,,확실,확정,,,
F1075,사실,E1546,재언급,재언급,F1075,149,2026-07-02,464,fl:wave_to_you,fl:wave_to_you_06,뒤,,확실,확정,ch42–ch43 ~,102,
F1076,사실,F1076,처음 밝혀짐,드러냄,,50,2023-09-21,234,event_schooloflock,event_schooloflock_06_s,동시,,확실,확정,,,
F1077,사실,F1077,처음 밝혀짐,드러냄,,50,2023-09-21,234,event_schooloflock,event_schooloflock_05_s,동시,,확실,확정,,,
F1077,사실,E1384,재언급,재언급,F1077,82,2024-08-08,319,event_colorless,event_colorless_01_s,뒤,,확실,확정,ch15 ~,47,
F1078,사실,E1327,암시,암시,F1078,50,2023-09-21,234,event_schooloflock,event_schooloflock_03_s,동시,,확실,확정,,,
F1078,사실,E1328,암시,암시,F1078,50,2023-09-21,234,event_schooloflock,event_schooloflock_intermission_01,동시,,확실,확정,,,
F1078,사실,F1078,처음 밝혀짐,드러냄,,50,2023-09-21,234,event_schooloflock,event_schooloflock_epilogue,동시,,확실,확정,,,
F1078,사실,E1387,재언급,재언급,F1078,82,2024-08-08,319,event_colorless,event_colorless_epilogue,뒤,,확실,확정,ch15 ~,47,
F1078,사실,E1541,재언급,재언급,F1078,149,2026-07-02,464,fl:wave_to_you,fl:wave_to_you_00,뒤,,확실,확정,ch42–ch43 ~,102,
F1079,사실,F1079,처음 밝혀짐,드러냄,,50,2023-09-21,235,char:321,ep:d_nikke_marciana_01,동시,,확실,확정,,,
F1080,사실,F1080,처음 밝혀짐,드러냄,,50,2023-09-21,235,char:321,ep:d_nikke_marciana_04,동시,,확실,확정,,,
F1081,사실,F1081,처음 밝혀짐,드러냄,,51,2023-10-05,236,event_dazzlingcupid,event_dazzlingcupid_prologue,동시,,확실,확정,ch22–ch23 ~,62,
F1082,사실,F1082,처음 밝혀짐,드러냄,,51,2023-10-05,236,event_dazzlingcupid,event_dazzlingcupid_06_e,동시,,확실,확정,ch22–ch23 ~,62,
F1083,사실,F1083,처음 밝혀짐,드러냄,,51,2023-10-05,236,event_dazzlingcupid,event_dazzlingcupid_01_s,동시,,확실,확정,ch22–ch23 ~,62,
F1084,사실,F1084,처음 밝혀짐,드러냄,,51,2023-10-05,236,event_dazzlingcupid,event_dazzlingcupid_03_e,동시,,확실,확정,ch22–ch23 ~,62,
F1085,사실,F1085,처음 밝혀짐,드러냄,,51,2023-10-05,237,char:450,ep:d_nikke_naga_03,동시,,확실,확정,,,
F1085,사실,E1549,재언급,재언급,F1085,149,2026-07-02,464,fl:wave_to_you,fl:wave_to_you_09,뒤,,확실,확정,ch42–ch43 ~,102,
F1086,사실,E1331,암시,암시,F1086,51,2023-10-05,236,event_dazzlingcupid,event_dazzlingcupid_03_e,동시,,추정,확정,ch22–ch23 ~,62,
F1086,사실,F1086,처음 밝혀짐,드러냄,,51,2023-10-05,237,char:450,ep:d_nikke_naga_03,동시,,확실,확정,,,
F1086,사실,E1380,재언급,재언급,F1086,81,2024-07-25,317,event_juveniledays,event_juveniledays_01_e,뒤,,추정,확정,ch15–ch16 ~,48,
F1086,사실,E1554,재언급,재언급,F1086,149,2026-07-02,464,fl:wave_to_you,fl:wave_to_you_17,뒤,,추정,확정,ch42–ch43 ~,102,
F1086,사실,E1557,재언급,재언급,F1086,149,2026-07-02,464,fl:wave_to_you,fl:wave_to_you_26,뒤,,확실,확정,ch42–ch43 ~,102,
F1087,사실,E1332,암시,암시,F1087,51,2023-10-05,236,event_dazzlingcupid,event_dazzlingcupid_04_e,동시,,추정,확정,ch22–ch23 ~,62,
F1087,사실,F1087,처음 밝혀짐,드러냄,,51,2023-10-05,237,char:450,ep:d_nikke_naga_04,동시,,확실,확정,,,
F1088,사실,F1088,처음 밝혀짐,드러냄,,51,2023-10-05,237,char:450,ep:d_nikke_naga_02,동시,,확실,확정,,,
F1089,사실,F1089,처음 밝혀짐,드러냄,,52,2023-10-12,238,char:451,ep:d_nikke_tia_01,동시,,확실,확정,,,
F1089,사실,E1551,재언급,재언급,F1089,149,2026-07-02,464,fl:wave_to_you,fl:wave_to_you_09,뒤,,확실,확정,ch42–ch43 ~,102,
F1090,사실,E1333,암시,암시,F1090,51,2023-10-05,236,event_dazzlingcupid,event_dazzlingcupid_06_e,앞,,추정,확정,ch22–ch23 ~,62,
F1090,사실,F1090,처음 밝혀짐,드러냄,,52,2023-10-12,238,char:451,ep:d_nikke_tia_05,동시,,확실,확정,,,
F1091,사실,F1091,처음 밝혀짐,드러냄,,53,2023-10-19,239,event_freezeacpu,event_freezeacpu_01_e,동시,,확실,확정,ch15–ch16 ~,48,
F1091,사실,F1091-2,처음 밝혀짐,드러냄,,53,2023-10-19,240,char:33,ep:d_nikke_quiry_05,동시,,확실,확정,ch13–ch14 ~,44,
F1091,사실,E1390,재언급,재언급,F1091,87,2024-10-03,328,event_phantomthiefvsdetective,event_phantomthiefvsdetective_intermission_01,뒤,,확실,확정,ch15–ch16 ~,48,
F1091,사실,E1429,재언급,재언급,F1091,106,2025-04-01,369,event_foolburstday,event_foolburstday_03,뒤,,확실,확정,ch27–ch28 ~,72,
F1092,사실,F1092,처음 밝혀짐,드러냄,,53,2023-10-19,239,event_freezeacpu,event_freezeacpu_prologue,동시,,확실,확정,ch15–ch16 ~,48,
F1093,사실,F1093,처음 밝혀짐,드러냄,,53,2023-10-19,240,char:33,ep:d_nikke_quiry_01,동시,,확실,확정,ch13–ch14 ~,44,
F1093,사실,E1362,재언급,재언급,F1093,71,2024-04-11,289,event_onemoretime,event_onemoretime_03_s,뒤,,확실,확정,ch22–ch23 ~,62,
F1094,사실,F1094,처음 밝혀짐,드러냄,,53,2023-10-19,240,char:33,ep:d_nikke_quiry_03,동시,,확실,확정,ch13–ch14 ~,44,
F1095,사실,F1095,처음 밝혀짐,드러냄,,54,2023-11-02,241,ch25,d_main_24af_04,동시,,확실,확정,ch25,67,67
F1096,사실,F1096,처음 밝혀짐,드러냄,,54,2023-11-02,241,ch25,d_main_24af_04,동시,,확실,확정,ch25,67,67
F1097,사실,E250,재언급,재언급,F1097,54,2023-11-02,241,ch25,d_main_24af_06,동시,,추정,확정,ch25,67,67
F1097,사실,F1097,처음 밝혀짐,드러냄,,54,2023-11-02,241,ch25,d_main_24af_05,동시,,확실,확정,ch25,67,67
F1097,사실,E330,재언급,재언급,F1097,65,2024-02-22,267,ch27,d_main_27_08,뒤,,확실,확정,ch27,71,71
F1098,사실,F1098,처음 밝혀짐,드러냄,,54,2023-11-02,241,ch25,d_main_24af_06,동시,,확실,확정,ch25,67,67
F1099,사실,F1099,처음 밝혀짐,드러냄,,54,2023-11-02,241,ch25,d_main_24af_06,동시,,확실,확정,ch25,67,67
F1099,사실,E596,재언급,재언급,F1099,101,2025-02-20,358,ch35,d_main_35bf_07,뒤,,확실,확정,ch35,87,87
F1100,사실,E184,암시,암시,F1100,36,2023-04-27,202,relic:에닉탄핵포스터,relic:에닉탄핵포스터_04,앞,,추정,확정,,,
F1100,사실,E241,암시,암시,F1100,44,2023-07-20,221,ch24,d_main_24_10,앞,,추정,확정,ch24,65,65
F1100,사실,F1100,처음 밝혀짐,드러냄,,54,2023-11-02,241,ch25,d_main_24af_06,동시,,확실,확정,ch25,67,67
F1101,사실,F1101,처음 밝혀짐,드러냄,,54,2023-11-02,241,ch25,d_main_25_02_e,동시,,확실,확정,ch25,67,67
F1102,사실,F1102,처음 밝혀짐,드러냄,,54,2023-11-02,241,ch25,d_main_25_03_s,동시,,확실,확정,ch25,67,67
F1103,사실,F1103,처음 밝혀짐,드러냄,,54,2023-11-02,241,ch25,d_main_25_03_e,동시,,확실,확정,ch25,67,67
F1103,사실,E655,재언급,재언급,F1103,108,2025-04-24,374,relic:주워갈것들메모,relic:주워갈것들메모_00,뒤,,추정,확정,,,
F1103,사실,F1103-2,보강,드러냄,,126,2025-10-16,411,side:eden_spear,side:eden_spear_02,뒤,,확실,확정,ch21–ch22 ~ ch22–ch23 / ch24–ch25 ~ ch25 / ch25–ch26 ~ ch39 / ch39,60,95
F1103,사실,E943,재언급,재언급,F1103,128,2025-10-30,418,event_goddessfall1,event_goddessfall1_05_e,뒤,,확실,확정,ch40–ch41,98,98
F1103,사실,E956,재언급,재언급,F1103,128,2025-10-30,418,event_goddessfall1,event_goddessfall2_05_s,뒤,,확실,확정,ch40–ch41,98,98
F1104,사실,F1104,처음 밝혀짐,드러냄,,54,2023-11-02,241,ch25,d_main_25_04,동시,,확실,확정,ch25,67,67
F1105,사실,F1105,처음 밝혀짐,드러냄,,54,2023-11-02,241,ch25,d_main_25_04,동시,,확실,확정,ch25,67,67
F1106,사실,F1106,처음 밝혀짐,드러냄,,54,2023-11-02,241,ch25,d_main_25_05_s,동시,,확실,확정,ch25,67,67
F1107,사실,F1107,처음 밝혀짐,드러냄,,54,2023-11-02,241,ch25,d_main_25_07_s,동시,,확실,확정,ch25,67,67
F1108,사실,E254,암시,암시,F1108,54,2023-11-02,241,ch25,d_main_25_03_s,동시,,추정,확정,ch25,67,67
F1108,사실,F1108,처음 밝혀짐,드러냄,,54,2023-11-02,241,ch25,d_main_25_07_e,동시,,확실,확정,ch25,67,67
F1109,사실,E243,암시,암시,F1109,44,2023-07-20,221,ch24,d_main_24_14_e,앞,,추정,확정,ch24,65,65
F1109,사실,E262,암시,암시,F1109,54,2023-11-02,241,ch25,d_main_25_08_s,동시,,확실,확정,ch25,67,67
F1109,사실,F1109,처음 밝혀짐,드러냄,,54,2023-11-02,241,ch25,d_main_25_08_e,동시,,확실,확정,ch25,67,67
F1109,사실,E285,재언급,재언급,F1109,55,2023-11-02,248,event_redash,event_redash1_02_e,뒤,,추정,확정,@갓데스_투입 ~ @갓데스_투입–@궤도_엘리베이터_강습 / @궤도_엘리베이터_강습–@아크_가디언_작전 ~ @아크_가디언_작전–@방주_밀봉 / @2차_지상_탈환전–ch00,3,16
F1109,사실,E957,재언급,재언급,F1109,128,2025-10-30,418,event_goddessfall1,event_goddessfall2_06_e,뒤,,추정,확정,ch40–ch41,98,98
F1110,사실,F1110,처음 밝혀짐,드러냄,,54,2023-11-02,242,sub:중앙정부_프로토콜_00,sub:중앙정부_프로토콜_00,동시,,확실,확정,ch22–ch23 ~ ch24–ch25,62,66
F1111,사실,F1111,처음 밝혀짐,드러냄,,54,2023-11-02,243,relic:마더웨일아종목격보고.wav,relic:마더웨일아종목격보고.wav_00,동시,,확실,확정,ch02–ch03 ~,22,
F1112,사실,F1112,처음 밝혀짐,드러냄,,55,2023-11-02,244,ch26,d_main_26_01_s,동시,,확실,확정,ch26,69,69
F1113,사실,F1113,처음 밝혀짐,드러냄,,55,2023-11-02,244,ch26,d_main_26_01_s,동시,,확실,확정,ch26,69,69
F1114,사실,F1114,처음 밝혀짐,드러냄,,55,2023-11-02,244,ch26,d_main_26_01_s,동시,,확실,확정,ch26,69,69
F1115,사실,F1115,처음 밝혀짐,드러냄,,55,2023-11-02,244,ch26,d_main_26_01_e,동시,,확실,확정,ch26,69,69
F1116,사실,E251,암시,암시,F1116,54,2023-11-02,241,ch25,d_main_24af_06,앞,,추정,확정,ch25,67,67
F1116,사실,F1116,처음 밝혀짐,드러냄,,55,2023-11-02,244,ch26,d_main_26_02_s,동시,,확실,확정,ch26,69,69
F1117,사실,F1117,처음 밝혀짐,드러냄,,55,2023-11-02,244,ch26,d_main_26_02_s,동시,,확실,확정,ch26,69,69
F1118,사실,F1118,처음 밝혀짐,드러냄,,55,2023-11-02,244,ch26,d_main_26_02_e,동시,,확실,확정,ch26,69,69
F1118,사실,E308,재언급,재언급,F1118,55,2023-11-02,250,erelic:red_ash_mini,erelic:red_ash_mini_05,동시,,확실,확정,@갓데스_투입–@궤도_엘리베이터_강습 ~ @궤도_엘리베이터_강습–@아크_가디언_작전,4,6
F1119,사실,F1119,처음 밝혀짐,드러냄,,55,2023-11-02,244,ch26,d_main_26_03_s,동시,,확실,확정,ch26,69,69
F1120,사실,F1120,처음 밝혀짐,드러냄,,55,2023-11-02,244,ch26,d_main_26_03_s,동시,,확실,확정,ch26,69,69
F1120,사실,E362,재언급,재언급,F1120,71,2024-04-11,288,side:second_affection,side:second_affection_07,뒤,,확실,확정,ch14–ch15 ~ ch15,46,47
F1120,사실,E367,재언급,재언급,F1120,71,2024-04-11,288,side:second_affection,side:second_affection_16,뒤,,확실,확정,ch14–ch15 ~ ch15,46,47
F1121,사실,F1121,처음 밝혀짐,드러냄,,55,2023-11-02,244,ch26,d_main_26_03_e,동시,,확실,확정,ch26,69,69
F1122,사실,F1122,처음 밝혀짐,드러냄,,55,2023-11-02,244,ch26,d_main_26_04,동시,,확실,확정,ch26,69,69
F1123,사실,F1123,처음 밝혀짐,드러냄,,55,2023-11-02,244,ch26,d_main_26_04,동시,,확실,확정,ch26,69,69
F1124,사실,F1124,처음 밝혀짐,드러냄,,55,2023-11-02,244,ch26,d_main_26_04,동시,,확실,확정,ch26,69,69
F1125,사실,F1125,처음 밝혀짐,드러냄,,55,2023-11-02,244,ch26,d_main_26_05_e,동시,,확실,확정,ch26,69,69
F1125,사실,E302,재언급,재언급,F1125,55,2023-11-02,249,erelic:red_ash_lost,erelic:red_ash_lost_06,동시,,추정,확정,@랩쳐_침공–@갓데스_투입 ~ @갓데스_투입–@궤도_엘리베이터_강습 / @궤도_엘리베이터_강습–@아크_가디언_작전 ~ @아크_가디언_작전–@방주_밀봉,2,8
F1126,사실,F1126,처음 밝혀짐,드러냄,,55,2023-11-02,244,ch26,d_main_26_07_s,동시,,확실,확정,ch26,69,69
F1126,사실,E308,재언급,재언급,F1126,55,2023-11-02,250,erelic:red_ash_mini,erelic:red_ash_mini_05,동시,,확실,확정,@갓데스_투입–@궤도_엘리베이터_강습 ~ @궤도_엘리베이터_강습–@아크_가디언_작전,4,6
F1126,사실,E333,재언급,재언급,F1126,65,2024-02-22,272,relic:잘지내라친구,relic:잘지내라친구_03,뒤,,확실,확정,@갓데스_투입–@궤도_엘리베이터_강습 ~ @아크_가디언_작전–@방주_밀봉,4,8
F1126,사실,E575,재언급,재언급,F1126,96,2024-12-26,350,event_footstepwalkrun1,event_footstepwalkrun2_06_e,뒤,,확실,확정,ch34–ch35 ~ ch35,86,87
F1127,사실,F1127,처음 밝혀짐,드러냄,,55,2023-11-02,244,ch26,d_main_26_07_s,동시,,확실,확정,ch26,69,69
F1128,사실,E259,암시,암시,F1128,54,2023-11-02,241,ch25,d_main_25_05_e,앞,,추정,확정,ch25,67,67
F1128,사실,E260,암시,암시,F1128,54,2023-11-02,241,ch25,d_main_25_06,앞,,추정,확정,ch25,67,67
F1128,사실,F1128,처음 밝혀짐,드러냄,,55,2023-11-02,244,ch26,d_main_26_07_e,동시,,확실,확정,ch26,69,69
F1129,사실,F1129,처음 밝혀짐,드러냄,,55,2023-11-02,244,ch26,d_main_26_07_e,동시,,확실,확정,ch26,69,69
F1129,사실,E1337,재언급,재언급,F1129,55,2023-11-02,251,char:470,ep:d_nikke_RedHood_05,동시,,확실,확정,ch26,69,69
F1129,사실,E449,재언급,재언급,F1129,81,2024-07-25,310,ch32,d_main_32_01,뒤,,확실,확정,ch32,81,81
F1129,사실,E1236,재언급,재언급,F1129,154,2026-08-13,472,ch48,d_main_48_06_e,뒤,,확실,확정,ch48,113,113
F1130,사실,F1130,처음 밝혀짐,드러냄,,55,2023-11-02,244,ch26,d_main_26_07_e,동시,,확실,확정,ch26,69,69
F1131,사실,F1131,처음 밝혀짐,드러냄,,55,2023-11-02,244,ch26,d_main_26_08,동시,,확실,확정,ch26,69,69
F1132,사실,F1132,처음 밝혀짐,드러냄,,55,2023-11-02,244,ch26,d_main_26_09,동시,,확실,확정,ch26,69,69
F1132,사실,F1132-2,보강,드러냄,,126,2025-10-16,411,side:eden_spear,side:eden_spear_05,뒤,,확실,확정,ch21–ch22 ~ ch22–ch23 / ch24–ch25 ~ ch25 / ch25–ch26 ~ ch39 / ch39,60,95
F1133,사실,F1133,처음 밝혀짐,드러냄,,55,2023-11-02,244,ch26,d_main_26_10,동시,,확실,확정,ch26,69,69
F1133,사실,E779,재언급,재언급,F1133,115,2025-07-03,391,event_overthehorizon,event_overthehorizon_epilogue,뒤,,확실,확정,~ ch25–ch26 / ch26–ch27 ~,,
F1133,사실,E1067,재언급,재언급,F1133,142,2026-04-09,448,fl:good_world,fl:good_world_00,뒤,,확실,확정,ch26–ch27 ~,70,
F1134,사실,F1134,처음 밝혀짐,드러냄,,55,2023-11-02,244,ch26,d_main_26_12_s,동시,,확실,확정,ch26,69,69
F1135,사실,F1135,처음 밝혀짐,드러냄,,55,2023-11-02,244,ch26,d_main_26_12_s,동시,,확실,확정,ch26,69,69
F1136,사실,E149,암시,암시,F1136,26,2023-01-12,169,sub:로망티스트_00,sub:로망티스트_00,앞,,확실,확정,,,
F1136,사실,F1136,처음 밝혀짐,드러냄,,55,2023-11-02,245,sub:로망티스트_01,sub:로망티스트_01,동시,,확실,확정,,,
F1137,사실,F1137,처음 밝혀짐,드러냄,,55,2023-11-02,246,sub:코인_러시_00,sub:코인_러시_00,동시,,확실,확정,ch23–ch24 ~ ch24–ch25,64,66
F1138,사실,F1138,처음 밝혀짐,드러냄,,55,2023-11-02,247,relic:저주받은보석,relic:저주받은보석_01,동시,,확실,확정,,,
F1139,사실,F1139,처음 밝혀짐,드러냄,,55,2023-11-02,248,event_redash,event_redash1_01_s,동시,,확실,확정,@갓데스_투입 ~ @갓데스_투입–@궤도_엘리베이터_강습 / @궤도_엘리베이터_강습–@아크_가디언_작전 ~ @아크_가디언_작전–@방주_밀봉 / @2차_지상_탈환전–ch00,3,16
F1140,사실,F1140,처음 밝혀짐,드러냄,,55,2023-11-02,248,event_redash,event_redash1_01_s,동시,,확실,확정,@갓데스_투입 ~ @갓데스_투입–@궤도_엘리베이터_강습 / @궤도_엘리베이터_강습–@아크_가디언_작전 ~ @아크_가디언_작전–@방주_밀봉 / @2차_지상_탈환전–ch00,3,16
F1141,사실,F1141,처음 밝혀짐,드러냄,,55,2023-11-02,248,event_redash,event_redash1_01_e,동시,,확실,확정,@갓데스_투입 ~ @갓데스_투입–@궤도_엘리베이터_강습 / @궤도_엘리베이터_강습–@아크_가디언_작전 ~ @아크_가디언_작전–@방주_밀봉 / @2차_지상_탈환전–ch00,3,16
F1141,사실,E1437,재언급,재언급,F1141,113,2025-06-12,388,char:852,ep:d_nikke_ce006_03_04,뒤,,확실,확정,ch26–ch27 ~,70,
F1142,사실,E38,암시,암시,F1142,7,2022-11-04,31,relic:갓데스스쿼드리포트,relic:갓데스스쿼드리포트_02,앞,,확실,확정,@아크_가디언_작전–@방주_밀봉 ~ @방주_밀봉,8,9
F1142,사실,E274,암시,암시,F1142,55,2023-11-02,244,ch26,d_main_26_12_s,동시,,추정,확정,ch26,69,69
F1142,사실,E281,암시,암시,F1142,55,2023-11-02,248,event_redash,event_redash_prologue,동시,,추정,확정,@갓데스_투입 ~ @갓데스_투입–@궤도_엘리베이터_강습 / @궤도_엘리베이터_강습–@아크_가디언_작전 ~ @아크_가디언_작전–@방주_밀봉 / @2차_지상_탈환전–ch00,3,16
F1142,사실,F1142,처음 밝혀짐,드러냄,,55,2023-11-02,248,event_redash,event_redash1_01_e,동시,,확실,확정,@갓데스_투입 ~ @갓데스_투입–@궤도_엘리베이터_강습 / @궤도_엘리베이터_강습–@아크_가디언_작전 ~ @아크_가디언_작전–@방주_밀봉 / @2차_지상_탈환전–ch00,3,16
F1143,사실,E264,암시,암시,F1143,55,2023-11-02,244,ch26,d_main_26_01_s,동시,,확실,확정,ch26,69,69
F1143,사실,E269,암시,암시,F1143,55,2023-11-02,244,ch26,d_main_26_07_s,동시,,확실,확정,ch26,69,69
F1143,사실,F1143,처음 밝혀짐,드러냄,,55,2023-11-02,248,event_redash,event_redash_prologue,동시,,확실,확정,@갓데스_투입 ~ @갓데스_투입–@궤도_엘리베이터_강습 / @궤도_엘리베이터_강습–@아크_가디언_작전 ~ @아크_가디언_작전–@방주_밀봉 / @2차_지상_탈환전–ch00,3,16
F1143,사실,E571,재언급,재언급,F1143,96,2024-12-26,350,event_footstepwalkrun1,event_footstepwalkrun2_04_e,뒤,,확실,확정,ch34–ch35 ~ ch35,86,87
F1144,사실,F1144,처음 밝혀짐,드러냄,,55,2023-11-02,248,event_redash,event_redash1_03_s,동시,,확실,확정,@갓데스_투입 ~ @갓데스_투입–@궤도_엘리베이터_강습 / @궤도_엘리베이터_강습–@아크_가디언_작전 ~ @아크_가디언_작전–@방주_밀봉 / @2차_지상_탈환전–ch00,3,16
F1145,사실,F1145,처음 밝혀짐,드러냄,,55,2023-11-02,248,event_redash,event_redash1_02_s,동시,,확실,확정,@갓데스_투입 ~ @갓데스_투입–@궤도_엘리베이터_강습 / @궤도_엘리베이터_강습–@아크_가디언_작전 ~ @아크_가디언_작전–@방주_밀봉 / @2차_지상_탈환전–ch00,3,16
F1146,사실,F1146,처음 밝혀짐,드러냄,,55,2023-11-02,248,event_redash,event_redash1_intermission_01,동시,,확실,확정,@갓데스_투입 ~ @갓데스_투입–@궤도_엘리베이터_강습 / @궤도_엘리베이터_강습–@아크_가디언_작전 ~ @아크_가디언_작전–@방주_밀봉 / @2차_지상_탈환전–ch00,3,16
F1146,사실,F1146-2,보강,드러냄,,91,2024-10-31,338,event_oldtales1,event_oldtales1_03_e,뒤,,추정,확정,@갓데스_투입–@궤도_엘리베이터_강습 ~ @궤도_엘리베이터_강습–@아크_가디언_작전 / @궤도_엘리베이터_강습–@아크_가디언_작전 / @아크_가디언_작전–@방주_밀봉 ~ @방주_밀봉–@1차_지상_탈환전 / @방주_밀봉–@1차_지상_탈환전 ~ @1차_지상_탈환전–@갓데스_폴,4,12
F1147,사실,F1147,처음 밝혀짐,드러냄,,55,2023-11-02,248,event_redash,event_redash1_intermission_01,동시,,확실,확정,@갓데스_투입 ~ @갓데스_투입–@궤도_엘리베이터_강습 / @궤도_엘리베이터_강습–@아크_가디언_작전 ~ @아크_가디언_작전–@방주_밀봉 / @2차_지상_탈환전–ch00,3,16
F1148,사실,E39,암시,암시,F1148,7,2022-11-04,31,relic:갓데스스쿼드리포트,relic:갓데스스쿼드리포트_03,앞,,확실,확정,@아크_가디언_작전–@방주_밀봉 ~ @방주_밀봉,8,9
F1148,사실,F1148,처음 밝혀짐,드러냄,,55,2023-11-02,248,event_redash,event_redash1_04_s,동시,,확실,확정,@갓데스_투입 ~ @갓데스_투입–@궤도_엘리베이터_강습 / @궤도_엘리베이터_강습–@아크_가디언_작전 ~ @아크_가디언_작전–@방주_밀봉 / @2차_지상_탈환전–ch00,3,16
F1149,사실,F1149,처음 밝혀짐,드러냄,,55,2023-11-02,248,event_redash,event_redash1_04_s,동시,,확실,확정,@갓데스_투입 ~ @갓데스_투입–@궤도_엘리베이터_강습 / @궤도_엘리베이터_강습–@아크_가디언_작전 ~ @아크_가디언_작전–@방주_밀봉 / @2차_지상_탈환전–ch00,3,16
F1150,사실,F1150,처음 밝혀짐,드러냄,,55,2023-11-02,248,event_redash,event_redash1_04_e,동시,,확실,확정,@갓데스_투입 ~ @갓데스_투입–@궤도_엘리베이터_강습 / @궤도_엘리베이터_강습–@아크_가디언_작전 ~ @아크_가디언_작전–@방주_밀봉 / @2차_지상_탈환전–ch00,3,16
F1151,사실,F1151,처음 밝혀짐,드러냄,,55,2023-11-02,248,event_redash,event_redash1_05_e,동시,,확실,확정,@갓데스_투입 ~ @갓데스_투입–@궤도_엘리베이터_강습 / @궤도_엘리베이터_강습–@아크_가디언_작전 ~ @아크_가디언_작전–@방주_밀봉 / @2차_지상_탈환전–ch00,3,16
F1152,사실,E283,암시,암시,F1152,55,2023-11-02,248,event_redash,event_redash1_02_s,동시,,추정,확정,@갓데스_투입 ~ @갓데스_투입–@궤도_엘리베이터_강습 / @궤도_엘리베이터_강습–@아크_가디언_작전 ~ @아크_가디언_작전–@방주_밀봉 / @2차_지상_탈환전–ch00,3,16
F1152,사실,F1152,처음 밝혀짐,드러냄,,55,2023-11-02,248,event_redash,event_redash1_06_e,동시,,확실,확정,@갓데스_투입 ~ @갓데스_투입–@궤도_엘리베이터_강습 / @궤도_엘리베이터_강습–@아크_가디언_작전 ~ @아크_가디언_작전–@방주_밀봉 / @2차_지상_탈환전–ch00,3,16
F1152,사실,F1152-2,보강,드러냄,,91,2024-10-31,338,event_oldtales1,event_oldtales1_intermission_01,뒤,,확실,확정,@갓데스_투입–@궤도_엘리베이터_강습 ~ @궤도_엘리베이터_강습–@아크_가디언_작전 / @궤도_엘리베이터_강습–@아크_가디언_작전 / @아크_가디언_작전–@방주_밀봉 ~ @방주_밀봉–@1차_지상_탈환전 / @방주_밀봉–@1차_지상_탈환전 ~ @1차_지상_탈환전–@갓데스_폴,4,12
F1153,사실,F1153,처음 밝혀짐,드러냄,,55,2023-11-02,248,event_redash,event_redash1_06_e,동시,,확실,확정,@갓데스_투입 ~ @갓데스_투입–@궤도_엘리베이터_강습 / @궤도_엘리베이터_강습–@아크_가디언_작전 ~ @아크_가디언_작전–@방주_밀봉 / @2차_지상_탈환전–ch00,3,16
F1154,사실,E290,암시,암시,F1154,55,2023-11-02,248,event_redash,event_redash1_05_s,동시,,확실,확정,@갓데스_투입 ~ @갓데스_투입–@궤도_엘리베이터_강습 / @궤도_엘리베이터_강습–@아크_가디언_작전 ~ @아크_가디언_작전–@방주_밀봉 / @2차_지상_탈환전–ch00,3,16
F1154,사실,F1154,처음 밝혀짐,드러냄,,55,2023-11-02,248,event_redash,event_redash1_06_e,동시,,확실,확정,@갓데스_투입 ~ @갓데스_투입–@궤도_엘리베이터_강습 / @궤도_엘리베이터_강습–@아크_가디언_작전 ~ @아크_가디언_작전–@방주_밀봉 / @2차_지상_탈환전–ch00,3,16
F1154,사실,E332,재언급,재언급,F1154,65,2024-02-22,270,sub:피라_02,sub:피라_02,뒤,,추정,확정,ch26–ch27 ~,70,
F1155,사실,F1155,처음 밝혀짐,드러냄,,55,2023-11-02,248,event_redash,event_redash2_01_s,동시,,확실,확정,@갓데스_투입 ~ @갓데스_투입–@궤도_엘리베이터_강습 / @궤도_엘리베이터_강습–@아크_가디언_작전 ~ @아크_가디언_작전–@방주_밀봉 / @2차_지상_탈환전–ch00,3,16
F1156,사실,F1156,처음 밝혀짐,드러냄,,55,2023-11-02,248,event_redash,event_redash2_01_s,동시,,확실,확정,@갓데스_투입 ~ @갓데스_투입–@궤도_엘리베이터_강습 / @궤도_엘리베이터_강습–@아크_가디언_작전 ~ @아크_가디언_작전–@방주_밀봉 / @2차_지상_탈환전–ch00,3,16
F1157,사실,F1157,처음 밝혀짐,드러냄,,55,2023-11-02,248,event_redash,event_redash2_01_s,동시,,확실,확정,@갓데스_투입 ~ @갓데스_투입–@궤도_엘리베이터_강습 / @궤도_엘리베이터_강습–@아크_가디언_작전 ~ @아크_가디언_작전–@방주_밀봉 / @2차_지상_탈환전–ch00,3,16
F1158,사실,F1158,처음 밝혀짐,드러냄,,55,2023-11-02,248,event_redash,event_redash2_02_s,동시,,확실,확정,@갓데스_투입 ~ @갓데스_투입–@궤도_엘리베이터_강습 / @궤도_엘리베이터_강습–@아크_가디언_작전 ~ @아크_가디언_작전–@방주_밀봉 / @2차_지상_탈환전–ch00,3,16
F1158,사실,E534,재언급,재언급,F1158,91,2024-10-31,338,event_oldtales1,event_oldtales2_02_e,뒤,,확실,확정,@갓데스_투입–@궤도_엘리베이터_강습 ~ @궤도_엘리베이터_강습–@아크_가디언_작전 / @궤도_엘리베이터_강습–@아크_가디언_작전 / @아크_가디언_작전–@방주_밀봉 ~ @방주_밀봉–@1차_지상_탈환전 / @방주_밀봉–@1차_지상_탈환전 ~ @1차_지상_탈환전–@갓데스_폴,4,12
F1158,사실,F1158-2,보강,드러냄,,91,2024-10-31,338,event_oldtales1,event_oldtales1_04_s,뒤,,확실,확정,@갓데스_투입–@궤도_엘리베이터_강습 ~ @궤도_엘리베이터_강습–@아크_가디언_작전 / @궤도_엘리베이터_강습–@아크_가디언_작전 / @아크_가디언_작전–@방주_밀봉 ~ @방주_밀봉–@1차_지상_탈환전 / @방주_밀봉–@1차_지상_탈환전 ~ @1차_지상_탈환전–@갓데스_폴,4,12
F1158,사실,E1397,재언급,재언급,F1158,92,2024-11-07,344,char:514,ep:d_nikke_grave_01,뒤,,확실,확정,ch34–ch35 ~ ch36–ch37,86,90
F1159,사실,F1159,처음 밝혀짐,드러냄,,55,2023-11-02,248,event_redash,event_redash2_02_s,동시,,확실,확정,@갓데스_투입 ~ @갓데스_투입–@궤도_엘리베이터_강습 / @궤도_엘리베이터_강습–@아크_가디언_작전 ~ @아크_가디언_작전–@방주_밀봉 / @2차_지상_탈환전–ch00,3,16
F1160,사실,F1160,처음 밝혀짐,드러냄,,55,2023-11-02,248,event_redash,event_redash2_04_s,동시,,확실,확정,@갓데스_투입 ~ @갓데스_투입–@궤도_엘리베이터_강습 / @궤도_엘리베이터_강습–@아크_가디언_작전 ~ @아크_가디언_작전–@방주_밀봉 / @2차_지상_탈환전–ch00,3,16
F1161,사실,E206,암시,암시,F1161,36,2023-04-27,204,erelic:white_memory,erelic:white_memory_12,앞,,추정,확정,@아크_가디언_작전–@방주_밀봉 ~ @방주_밀봉–@1차_지상_탈환전 / @방주_밀봉–@1차_지상_탈환전 ~ ch05–ch06,8,28
F1161,사실,F1161,처음 밝혀짐,드러냄,,55,2023-11-02,248,event_redash,event_redash2_01_e,동시,,확실,확정,@갓데스_투입 ~ @갓데스_투입–@궤도_엘리베이터_강습 / @궤도_엘리베이터_강습–@아크_가디언_작전 ~ @아크_가디언_작전–@방주_밀봉 / @2차_지상_탈환전–ch00,3,16
F1162,사실,F1162,처음 밝혀짐,드러냄,,55,2023-11-02,248,event_redash,event_redash2_02_e,동시,,확실,확정,@갓데스_투입 ~ @갓데스_투입–@궤도_엘리베이터_강습 / @궤도_엘리베이터_강습–@아크_가디언_작전 ~ @아크_가디언_작전–@방주_밀봉 / @2차_지상_탈환전–ch00,3,16
F1163,사실,E194,암시,암시,F1163,36,2023-04-27,203,event_overzone,event_overzone2_01_s,앞,,추정,확정,@2차_지상_탈환전–ch00,16,16
F1163,사실,F1163,처음 밝혀짐,드러냄,,55,2023-11-02,248,event_redash,event_redash2_02_e,동시,,확실,확정,@갓데스_투입 ~ @갓데스_투입–@궤도_엘리베이터_강습 / @궤도_엘리베이터_강습–@아크_가디언_작전 ~ @아크_가디언_작전–@방주_밀봉 / @2차_지상_탈환전–ch00,3,16
F1164,사실,F1164,처음 밝혀짐,드러냄,,55,2023-11-02,248,event_redash,event_redash2_03_e,동시,,확실,확정,@갓데스_투입 ~ @갓데스_투입–@궤도_엘리베이터_강습 / @궤도_엘리베이터_강습–@아크_가디언_작전 ~ @아크_가디언_작전–@방주_밀봉 / @2차_지상_탈환전–ch00,3,16
F1165,사실,F1165,처음 밝혀짐,드러냄,,55,2023-11-02,248,event_redash,event_redash2_03_e,동시,,확실,확정,@갓데스_투입 ~ @갓데스_투입–@궤도_엘리베이터_강습 / @궤도_엘리베이터_강습–@아크_가디언_작전 ~ @아크_가디언_작전–@방주_밀봉 / @2차_지상_탈환전–ch00,3,16
F1166,사실,F1166,처음 밝혀짐,드러냄,,55,2023-11-02,248,event_redash,event_redash2_03_e,동시,,확실,확정,@갓데스_투입 ~ @갓데스_투입–@궤도_엘리베이터_강습 / @궤도_엘리베이터_강습–@아크_가디언_작전 ~ @아크_가디언_작전–@방주_밀봉 / @2차_지상_탈환전–ch00,3,16
F1166,사실,E987,재언급,재언급,F1166,133,2025-12-30,428,fl:ark_guardian,fl:ark_guardian_17,뒤,,추정,확정,ch40–ch41 ~ ch41,98,99
F1166,사실,E995,재언급,재언급,F1166,133,2025-12-30,428,fl:ark_guardian,fl:ark_guardian_26,뒤,,확실,확정,ch40–ch41 ~ ch41,98,99
F1167,사실,F1167,처음 밝혀짐,드러냄,,55,2023-11-02,248,event_redash,event_redash2_intermission_01,동시,,확실,확정,@갓데스_투입 ~ @갓데스_투입–@궤도_엘리베이터_강습 / @궤도_엘리베이터_강습–@아크_가디언_작전 ~ @아크_가디언_작전–@방주_밀봉 / @2차_지상_탈환전–ch00,3,16
F1168,사실,E286,암시,암시,F1168,55,2023-11-02,248,event_redash,event_redash1_02_e,동시,,추정,확정,@갓데스_투입 ~ @갓데스_투입–@궤도_엘리베이터_강습 / @궤도_엘리베이터_강습–@아크_가디언_작전 ~ @아크_가디언_작전–@방주_밀봉 / @2차_지상_탈환전–ch00,3,16
F1168,사실,F1168,처음 밝혀짐,드러냄,,55,2023-11-02,248,event_redash,event_redash2_04_e,동시,,확실,확정,@갓데스_투입 ~ @갓데스_투입–@궤도_엘리베이터_강습 / @궤도_엘리베이터_강습–@아크_가디언_작전 ~ @아크_가디언_작전–@방주_밀봉 / @2차_지상_탈환전–ch00,3,16
F1168,사실,E514,재언급,재언급,F1168,91,2024-10-31,336,ch34,d_main_34_09_e,뒤,,확실,확정,ch34,85,85
F1168,사실,E973,재언급,재언급,F1168,133,2025-12-30,428,fl:ark_guardian,fl:ark_guardian_02,뒤,,확실,확정,ch40–ch41 ~ ch41,98,99
F1169,사실,E288,암시,암시,F1169,55,2023-11-02,248,event_redash,event_redash1_03_s,동시,,추정,확정,@갓데스_투입 ~ @갓데스_투입–@궤도_엘리베이터_강습 / @궤도_엘리베이터_강습–@아크_가디언_작전 ~ @아크_가디언_작전–@방주_밀봉 / @2차_지상_탈환전–ch00,3,16
F1169,사실,F1169,처음 밝혀짐,드러냄,,55,2023-11-02,248,event_redash,event_redash2_04_e,동시,,확실,확정,@갓데스_투입 ~ @갓데스_투입–@궤도_엘리베이터_강습 / @궤도_엘리베이터_강습–@아크_가디언_작전 ~ @아크_가디언_작전–@방주_밀봉 / @2차_지상_탈환전–ch00,3,16
F1170,사실,F1170,처음 밝혀짐,드러냄,,55,2023-11-02,248,event_redash,event_redash2_05_s,동시,,확실,확정,@갓데스_투입 ~ @갓데스_투입–@궤도_엘리베이터_강습 / @궤도_엘리베이터_강습–@아크_가디언_작전 ~ @아크_가디언_작전–@방주_밀봉 / @2차_지상_탈환전–ch00,3,16
F1171,사실,F1171,처음 밝혀짐,드러냄,,55,2023-11-02,248,event_redash,event_redash2_05_e,동시,,확실,확정,@갓데스_투입 ~ @갓데스_투입–@궤도_엘리베이터_강습 / @궤도_엘리베이터_강습–@아크_가디언_작전 ~ @아크_가디언_작전–@방주_밀봉 / @2차_지상_탈환전–ch00,3,16
F1171,사실,E433,재언급,재언급,F1171,80,2024-07-25,308,ch31,d_main_31_01_s,뒤,,확실,확정,ch31,79,79
F1171,사실,E451,재언급,재언급,F1171,81,2024-07-25,310,ch32,d_main_32_05,뒤,,확실,확정,ch32,81,81
F1171,사실,E533,재언급,재언급,F1171,91,2024-10-31,338,event_oldtales1,event_oldtales2_01_s,뒤,,확실,확정,@갓데스_투입–@궤도_엘리베이터_강습 ~ @궤도_엘리베이터_강습–@아크_가디언_작전 / @궤도_엘리베이터_강습–@아크_가디언_작전 / @아크_가디언_작전–@방주_밀봉 ~ @방주_밀봉–@1차_지상_탈환전 / @방주_밀봉–@1차_지상_탈환전 ~ @1차_지상_탈환전–@갓데스_폴,4,12
F1172,사실,E192,암시,암시,F1172,36,2023-04-27,203,event_overzone,event_overzone1_05_s,앞,,추정,확정,@2차_지상_탈환전–ch00,16,16
F1172,사실,F1172,처음 밝혀짐,드러냄,,55,2023-11-02,248,event_redash,event_redash2_06_e,동시,,확실,확정,@갓데스_투입 ~ @갓데스_투입–@궤도_엘리베이터_강습 / @궤도_엘리베이터_강습–@아크_가디언_작전 ~ @아크_가디언_작전–@방주_밀봉 / @2차_지상_탈환전–ch00,3,16
F1172,사실,E1336,재언급,재언급,F1172,55,2023-11-02,251,char:470,ep:d_nikke_RedHood_03,동시,,확실,확정,ch26,69,69
F1172,사실,E972,재언급,재언급,F1172,133,2025-12-30,428,fl:ark_guardian,fl:ark_guardian_02,뒤,,확실,확정,ch40–ch41 ~ ch41,98,99
F1173,사실,F1173,처음 밝혀짐,드러냄,,55,2023-11-02,248,event_redash,event_redash2_epilogue,동시,,확실,확정,@갓데스_투입 ~ @갓데스_투입–@궤도_엘리베이터_강습 / @궤도_엘리베이터_강습–@아크_가디언_작전 ~ @아크_가디언_작전–@방주_밀봉 / @2차_지상_탈환전–ch00,3,16
F1173,사실,E565,재언급,재언급,F1173,96,2024-12-26,350,event_footstepwalkrun1,event_footstepwalkrun2_01_e,뒤,,확실,확정,ch34–ch35 ~ ch35,86,87
F1174,사실,F1174,처음 밝혀짐,드러냄,,55,2023-11-02,249,erelic:red_ash_lost,erelic:red_ash_lost_00,동시,,확실,확정,@랩쳐_침공–@갓데스_투입 ~ @갓데스_투입–@궤도_엘리베이터_강습 / @궤도_엘리베이터_강습–@아크_가디언_작전 ~ @아크_가디언_작전–@방주_밀봉,2,8
F1175,사실,F1175,처음 밝혀짐,드러냄,,55,2023-11-02,249,erelic:red_ash_lost,erelic:red_ash_lost_02,동시,,확실,확정,@랩쳐_침공–@갓데스_투입 ~ @갓데스_투입–@궤도_엘리베이터_강습 / @궤도_엘리베이터_강습–@아크_가디언_작전 ~ @아크_가디언_작전–@방주_밀봉,2,8
F1176,사실,F1176,처음 밝혀짐,드러냄,,55,2023-11-02,249,erelic:red_ash_lost,erelic:red_ash_lost_03,동시,,확실,확정,@랩쳐_침공–@갓데스_투입 ~ @갓데스_투입–@궤도_엘리베이터_강습 / @궤도_엘리베이터_강습–@아크_가디언_작전 ~ @아크_가디언_작전–@방주_밀봉,2,8
F1176,사실,E1116,재언급,재언급,F1176,144,2026-04-23,452,ch46,d_main_46_af_07,뒤,,확실,확정,ch46,109,109
F1177,사실,F1177,처음 밝혀짐,드러냄,,55,2023-11-02,249,erelic:red_ash_lost,erelic:red_ash_lost_06,동시,,확실,확정,@랩쳐_침공–@갓데스_투입 ~ @갓데스_투입–@궤도_엘리베이터_강습 / @궤도_엘리베이터_강습–@아크_가디언_작전 ~ @아크_가디언_작전–@방주_밀봉,2,8
F1178,사실,F1178,처음 밝혀짐,드러냄,,55,2023-11-02,249,erelic:red_ash_lost,erelic:red_ash_lost_07,동시,,확실,확정,@랩쳐_침공–@갓데스_투입 ~ @갓데스_투입–@궤도_엘리베이터_강습 / @궤도_엘리베이터_강습–@아크_가디언_작전 ~ @아크_가디언_작전–@방주_밀봉,2,8
F1179,사실,F1179,처음 밝혀짐,드러냄,,55,2023-11-02,249,erelic:red_ash_lost,erelic:red_ash_lost_08,동시,,확실,확정,@랩쳐_침공–@갓데스_투입 ~ @갓데스_투입–@궤도_엘리베이터_강습 / @궤도_엘리베이터_강습–@아크_가디언_작전 ~ @아크_가디언_작전–@방주_밀봉,2,8
F1180,사실,F1180,처음 밝혀짐,드러냄,,55,2023-11-02,249,erelic:red_ash_lost,erelic:red_ash_lost_09,동시,,확실,확정,@랩쳐_침공–@갓데스_투입 ~ @갓데스_투입–@궤도_엘리베이터_강습 / @궤도_엘리베이터_강습–@아크_가디언_작전 ~ @아크_가디언_작전–@방주_밀봉,2,8
F1181,사실,E284,암시,암시,F1181,55,2023-11-02,248,event_redash,event_redash1_02_s,동시,,추정,확정,@갓데스_투입 ~ @갓데스_투입–@궤도_엘리베이터_강습 / @궤도_엘리베이터_강습–@아크_가디언_작전 ~ @아크_가디언_작전–@방주_밀봉 / @2차_지상_탈환전–ch00,3,16
F1181,사실,F1181,처음 밝혀짐,드러냄,,55,2023-11-02,249,erelic:red_ash_lost,erelic:red_ash_lost_10,동시,,확실,확정,@랩쳐_침공–@갓데스_투입 ~ @갓데스_투입–@궤도_엘리베이터_강습 / @궤도_엘리베이터_강습–@아크_가디언_작전 ~ @아크_가디언_작전–@방주_밀봉,2,8
F1181,사실,E312,재언급,재언급,F1181,59,2023-12-28,258,event_newyearnewsword,event_newyearnewsword_03_e,뒤,,추정,확정,ch14–ch15 ~,46,
F1181,사실,F1181-2,보강,드러냄,,59,2023-12-28,258,event_newyearnewsword,event_newyearnewsword_06_e,뒤,,확실,확정,ch14–ch15 ~,46,
F1181,사실,E1349,재언급,재언급,F1181,60,2024-01-01,259,char:225,ep:d_nikke_hongryeon_blackshadow_05,뒤,,확실,확정,@갓데스_투입–@궤도_엘리베이터_강습 ~ @아크_가디언_작전–@방주_밀봉,4,8
F1182,사실,E303,암시,암시,F1182,55,2023-11-02,249,erelic:red_ash_lost,erelic:red_ash_lost_09,동시,,추정,확정,@랩쳐_침공–@갓데스_투입 ~ @갓데스_투입–@궤도_엘리베이터_강습 / @궤도_엘리베이터_강습–@아크_가디언_작전 ~ @아크_가디언_작전–@방주_밀봉,2,8
F1182,사실,F1182,처음 밝혀짐,드러냄,,55,2023-11-02,249,erelic:red_ash_lost,erelic:red_ash_lost_15,동시,,확실,확정,@랩쳐_침공–@갓데스_투입 ~ @갓데스_투입–@궤도_엘리베이터_강습 / @궤도_엘리베이터_강습–@아크_가디언_작전 ~ @아크_가디언_작전–@방주_밀봉,2,8
F1183,사실,F1183,처음 밝혀짐,드러냄,,55,2023-11-02,249,erelic:red_ash_lost,erelic:red_ash_lost_15,동시,,확실,확정,@랩쳐_침공–@갓데스_투입 ~ @갓데스_투입–@궤도_엘리베이터_강습 / @궤도_엘리베이터_강습–@아크_가디언_작전 ~ @아크_가디언_작전–@방주_밀봉,2,8
F1184,사실,F1184,처음 밝혀짐,드러냄,,55,2023-11-02,249,erelic:red_ash_lost,erelic:red_ash_lost_19,동시,,확실,확정,@랩쳐_침공–@갓데스_투입 ~ @갓데스_투입–@궤도_엘리베이터_강습 / @궤도_엘리베이터_강습–@아크_가디언_작전 ~ @아크_가디언_작전–@방주_밀봉,2,8
F1185,사실,F1185,처음 밝혀짐,드러냄,,55,2023-11-02,250,erelic:red_ash_mini,erelic:red_ash_mini_00,동시,,확실,확정,@갓데스_투입–@궤도_엘리베이터_강습 ~ @궤도_엘리베이터_강습–@아크_가디언_작전,4,6
F1186,사실,F1186,처음 밝혀짐,드러냄,,55,2023-11-02,250,erelic:red_ash_mini,erelic:red_ash_mini_01,동시,,확실,확정,@갓데스_투입–@궤도_엘리베이터_강습 ~ @궤도_엘리베이터_강습–@아크_가디언_작전,4,6
F1187,사실,F1187,처음 밝혀짐,드러냄,,55,2023-11-02,250,erelic:red_ash_mini,erelic:red_ash_mini_04,동시,,확실,확정,@갓데스_투입–@궤도_엘리베이터_강습 ~ @궤도_엘리베이터_강습–@아크_가디언_작전,4,6
F1188,사실,F1188,처음 밝혀짐,드러냄,,55,2023-11-02,250,erelic:red_ash_mini,erelic:red_ash_mini_05,동시,,확실,확정,@갓데스_투입–@궤도_엘리베이터_강습 ~ @궤도_엘리베이터_강습–@아크_가디언_작전,4,6
F1189,사실,F1189,처음 밝혀짐,드러냄,,55,2023-11-02,250,erelic:red_ash_mini,erelic:red_ash_mini_06,동시,,확실,확정,@갓데스_투입–@궤도_엘리베이터_강습 ~ @궤도_엘리베이터_강습–@아크_가디언_작전,4,6
F1190,사실,F1190,처음 밝혀짐,드러냄,,55,2023-11-02,250,erelic:red_ash_mini,erelic:red_ash_mini_07,동시,,확실,확정,@갓데스_투입–@궤도_엘리베이터_강습 ~ @궤도_엘리베이터_강습–@아크_가디언_작전,4,6
F1191,사실,F1191,처음 밝혀짐,드러냄,,55,2023-11-02,251,char:470,ep:d_nikke_RedHood_01,동시,,확실,확정,ch26,69,69
F1192,사실,F1192,처음 밝혀짐,드러냄,,55,2023-11-02,251,char:470,ep:d_nikke_RedHood_02,동시,,확실,확정,ch26,69,69
F1192,사실,E324,재언급,재언급,F1192,65,2024-02-22,267,ch27,d_main_26af_02,뒤,,추정,확정,ch27,71,71
F1193,사실,F1193,처음 밝혀짐,드러냄,,55,2023-11-02,251,char:470,ep:d_nikke_RedHood_02,동시,,확실,확정,ch26,69,69
F1193,사실,E1339,재언급,재언급,F1193,55,2023-11-02,252,char:224,ep:d_nikke_snowwhite_young_03,동시,,확실,확정,@랩쳐_침공–@갓데스_투입 ~ @갓데스_투입–@궤도_엘리베이터_강습,2,4
F1194,사실,F1194,처음 밝혀짐,드러냄,,55,2023-11-02,251,char:470,ep:d_nikke_RedHood_03,동시,,확실,확정,ch26,69,69
F1195,사실,F1195,처음 밝혀짐,드러냄,,55,2023-11-02,251,char:470,ep:d_nikke_RedHood_04,동시,,확실,확정,ch26,69,69
F1196,사실,F1196,처음 밝혀짐,드러냄,,55,2023-11-02,251,char:470,ep:d_nikke_RedHood_05,동시,,확실,확정,ch26,69,69
F1197,사실,F1197,처음 밝혀짐,드러냄,,55,2023-11-02,252,char:224,ep:d_nikke_snowwhite_young_01,동시,,확실,확정,@랩쳐_침공–@갓데스_투입 ~ @갓데스_투입–@궤도_엘리베이터_강습,2,4
F1198,사실,F1198,처음 밝혀짐,드러냄,,55,2023-11-02,252,char:224,ep:d_nikke_snowwhite_young_02,동시,,확실,확정,@랩쳐_침공–@갓데스_투입 ~ @갓데스_투입–@궤도_엘리베이터_강습,2,4
F1199,사실,F1199,처음 밝혀짐,드러냄,,55,2023-11-02,252,char:224,ep:d_nikke_snowwhite_young_03,동시,,확실,확정,@랩쳐_침공–@갓데스_투입 ~ @갓데스_투입–@궤도_엘리베이터_강습,2,4
F1200,사실,F1200,처음 밝혀짐,드러냄,,55,2023-11-02,252,char:224,ep:d_nikke_snowwhite_young_03,동시,,확실,확정,@랩쳐_침공–@갓데스_투입 ~ @갓데스_투입–@궤도_엘리베이터_강습,2,4
F1201,사실,F1201,처음 밝혀짐,드러냄,,55,2023-11-02,252,char:224,ep:d_nikke_snowwhite_young_05,동시,,확실,확정,@랩쳐_침공–@갓데스_투입 ~ @갓데스_투입–@궤도_엘리베이터_강습,2,4
F1202,사실,F1202,처음 밝혀짐,드러냄,,56,2023-11-23,253,event_alonesurvivor,event_alonesurvivor_01_s,동시,,확실,확정,ch05–ch06 ~,28,
F1203,사실,F1203,처음 밝혀짐,드러냄,,56,2023-11-23,253,event_alonesurvivor,event_alonesurvivor_01_s,동시,,확실,확정,ch05–ch06 ~,28,
F1204,사실,F1204,처음 밝혀짐,드러냄,,56,2023-11-23,253,event_alonesurvivor,event_alonesurvivor_intermission_01,동시,,확실,확정,ch05–ch06 ~,28,
F1205,사실,F1205,처음 밝혀짐,드러냄,,56,2023-11-23,253,event_alonesurvivor,event_alonesurvivor_05_e,동시,,확실,확정,ch05–ch06 ~,28,
F1206,사실,F1206,처음 밝혀짐,드러냄,,56,2023-11-23,253,event_alonesurvivor,event_alonesurvivor_06_s,동시,,확실,확정,ch05–ch06 ~,28,
F1207,사실,F1207,처음 밝혀짐,드러냄,,56,2023-11-23,253,event_alonesurvivor,event_alonesurvivor_06_e,동시,,확실,확정,ch05–ch06 ~,28,
F1208,사실,F1208,처음 밝혀짐,드러냄,,56,2023-11-23,253,event_alonesurvivor,event_alonesurvivor_epilogue,동시,,확실,확정,ch05–ch06 ~,28,
F1209,사실,F1209,처음 밝혀짐,드러냄,,56,2023-11-23,254,char:192,ep:d_nikke_tove_01,동시,,확실,확정,ch05–ch06 ~,28,
F1210,사실,F1210,처음 밝혀짐,드러냄,,56,2023-11-23,254,char:192,ep:d_nikke_tove_04,동시,,확실,확정,ch05–ch06 ~,28,
F1211,사실,F1211,처음 밝혀짐,드러냄,,56,2023-11-23,254,char:192,ep:d_nikke_tove_05,동시,,확실,확정,ch05–ch06 ~,28,
F1212,사실,F1212,처음 밝혀짐,드러냄,,57,2023-12-07,255,event_neverland1,event_neverland1_prologue,동시,,확실,확정,ch22–ch23 ~,62,
F1213,사실,F1213,처음 밝혀짐,드러냄,,57,2023-12-07,255,event_neverland1,event_neverland1_01_s,동시,,확실,확정,ch22–ch23 ~,62,
F1214,사실,F1214,처음 밝혀짐,드러냄,,57,2023-12-07,255,event_neverland1,event_neverland1_02_s,동시,,확실,확정,ch22–ch23 ~,62,
F1215,사실,F1215,처음 밝혀짐,드러냄,,57,2023-12-07,255,event_neverland1,event_neverland1_04_s,동시,,확실,확정,ch22–ch23 ~,62,
F1216,사실,E1346,암시,암시,F1216,57,2023-12-07,255,event_neverland1,event_neverland1_05_s,동시,,추정,확정,ch22–ch23 ~,62,
F1216,사실,F1216,처음 밝혀짐,드러냄,,57,2023-12-07,255,event_neverland1,event_neverland2_01_e,동시,,확실,확정,ch22–ch23 ~,62,
F1216,사실,E1610,재언급,재언급,F1216,57,2023-12-07,256,char:194,ep:d_nikke_ludmilla_winterowner_04,동시,,추정,확정,ch22–ch23 ~,62,
F1217,사실,F1217,처음 밝혀짐,드러냄,,57,2023-12-07,255,event_neverland1,event_neverland2_04_s,동시,,확실,확정,ch22–ch23 ~,62,
F1218,사실,E1345,암시,암시,F1218,57,2023-12-07,255,event_neverland1,event_neverland1_04_s,동시,,확실,확정,ch22–ch23 ~,62,
F1218,사실,F1218,처음 밝혀짐,드러냄,,57,2023-12-07,255,event_neverland1,event_neverland2_04_s,동시,,확실,확정,ch22–ch23 ~,62,
F1218,사실,E1611,재언급,재언급,F1218,57,2023-12-07,256,char:194,ep:d_nikke_ludmilla_winterowner_04,동시,,확실,확정,ch22–ch23 ~,62,
F1219,사실,E1347,암시,암시,F1219,57,2023-12-07,255,event_neverland1,event_neverland2_03_e,동시,,확실,확정,ch22–ch23 ~,62,
F1219,사실,F1219,처음 밝혀짐,드러냄,,57,2023-12-07,255,event_neverland1,event_neverland2_05_s,동시,,확실,확정,ch22–ch23 ~,62,
F1220,사실,E1342,암시,암시,F1220,57,2023-12-07,255,event_neverland1,event_neverland1_02_s,동시,,추정,확정,ch22–ch23 ~,62,
F1220,사실,E1343,암시,암시,F1220,57,2023-12-07,255,event_neverland1,event_neverland1_02_e,동시,,확실,확정,ch22–ch23 ~,62,
F1220,사실,F1220,처음 밝혀짐,드러냄,,57,2023-12-07,255,event_neverland1,event_neverland2_04_s,동시,,확실,확정,ch22–ch23 ~,62,
F1221,사실,E1344,암시,암시,F1221,57,2023-12-07,255,event_neverland1,event_neverland1_03_s,동시,,확실,확정,ch22–ch23 ~,62,
F1221,사실,F1221,처음 밝혀짐,드러냄,,57,2023-12-07,255,event_neverland1,event_neverland2_epilogue,동시,,확실,확정,ch22–ch23 ~,62,
F1222,사실,F1222,처음 밝혀짐,드러냄,,57,2023-12-07,256,char:194,ep:d_nikke_ludmilla_winterowner_04,동시,,확실,확정,ch22–ch23 ~,62,
F1223,사실,F1223,처음 밝혀짐,드러냄,,57,2023-12-07,256,char:194,ep:d_nikke_ludmilla_winterowner_04,동시,,확실,확정,ch22–ch23 ~,62,
F1224,사실,F1224,처음 밝혀짐,드러냄,,57,2023-12-07,256,char:194,ep:d_nikke_ludmilla_winterowner_03,동시,,확실,확정,ch22–ch23 ~,62,
F1225,사실,F1225,처음 밝혀짐,드러냄,,58,2023-12-14,257,char:62,ep:d_nikke_mica_snowbuddy_01,동시,,확실,확정,ch22–ch23 ~,62,
F1226,사실,F1226,처음 밝혀짐,드러냄,,58,2023-12-14,257,char:62,ep:d_nikke_mica_snowbuddy_04,동시,,확실,확정,ch22–ch23 ~,62,
F1227,사실,F1227,처음 밝혀짐,드러냄,,58,2023-12-14,257,char:62,ep:d_nikke_mica_snowbuddy_05,동시,,확실,확정,ch22–ch23 ~,62,
F1228,사실,F1228,처음 밝혀짐,드러냄,,59,2023-12-28,258,event_newyearnewsword,event_newyearnewsword_prologue,동시,,확실,확정,ch14–ch15 ~,46,
F1229,사실,F1229,처음 밝혀짐,드러냄,,59,2023-12-28,258,event_newyearnewsword,event_newyearnewsword_01_e,동시,,확실,확정,ch14–ch15 ~,46,
F1230,사실,F1230,처음 밝혀짐,드러냄,,59,2023-12-28,258,event_newyearnewsword,event_newyearnewsword_03_e,동시,,확실,확정,ch14–ch15 ~,46,
F1230,사실,E404,재언급,재언급,F1230,73,2024-04-25,295,event_lastkingdom1,event_lastkingdom2_02_s,뒤,,추정,확정,ch26–ch27 ~,70,
F1231,사실,F1231,처음 밝혀짐,드러냄,,59,2023-12-28,258,event_newyearnewsword,event_newyearnewsword_02_s,동시,,확실,확정,ch14–ch15 ~,46,
F1232,사실,F1232,처음 밝혀짐,드러냄,,59,2023-12-28,258,event_newyearnewsword,event_newyearnewsword_02_e,동시,,확실,확정,ch14–ch15 ~,46,
F1233,사실,F1233,처음 밝혀짐,드러냄,,59,2023-12-28,258,event_newyearnewsword,event_newyearnewsword_03_s,동시,,확실,확정,ch14–ch15 ~,46,
F1234,사실,F1234,처음 밝혀짐,드러냄,,59,2023-12-28,258,event_newyearnewsword,event_newyearnewsword_04_s,동시,,확실,확정,ch14–ch15 ~,46,
F1235,사실,F1235,처음 밝혀짐,드러냄,,59,2023-12-28,258,event_newyearnewsword,event_newyearnewsword_05_e,동시,,확실,확정,ch14–ch15 ~,46,
F1236,사실,F1236,처음 밝혀짐,드러냄,,59,2023-12-28,258,event_newyearnewsword,event_newyearnewsword_05_e,동시,,확실,확정,ch14–ch15 ~,46,
F1237,사실,F1237,처음 밝혀짐,드러냄,,59,2023-12-28,258,event_newyearnewsword,event_newyearnewsword_06_s,동시,,확실,확정,ch14–ch15 ~,46,
F1237,사실,E1217,재언급,재언급,F1237,153,2026-08-13,470,ch47,d_main_47_04,뒤,,추정,확정,ch47,111,111
F1238,사실,E1284,암시,암시,F1238,17,2022-11-04,144,char:222,ep:d_nikke_hongryeon_01,앞,,추정,확정,ch17–ch18 ~ ch40–ch41,52,98
F1238,사실,E282,암시,암시,F1238,55,2023-11-02,248,event_redash,event_redash1_01_s,앞,,추정,확정,@갓데스_투입 ~ @갓데스_투입–@궤도_엘리베이터_강습 / @궤도_엘리베이터_강습–@아크_가디언_작전 ~ @아크_가디언_작전–@방주_밀봉 / @2차_지상_탈환전–ch00,3,16
F1238,사실,E307,암시,암시,F1238,55,2023-11-02,250,erelic:red_ash_mini,erelic:red_ash_mini_02,앞,,추정,확정,@갓데스_투입–@궤도_엘리베이터_강습 ~ @궤도_엘리베이터_강습–@아크_가디언_작전,4,6
F1238,사실,E311,암시,암시,F1238,59,2023-12-28,258,event_newyearnewsword,event_newyearnewsword_02_s,동시,,확실,확정,ch14–ch15 ~,46,
F1238,사실,F1238,처음 밝혀짐,드러냄,,59,2023-12-28,258,event_newyearnewsword,event_newyearnewsword_06_s,동시,,확실,확정,ch14–ch15 ~,46,
F1238,사실,E1097,재언급,재언급,F1238,144,2026-04-23,452,ch46,d_main_46_06,뒤,,확실,확정,ch46,109,109
F1238,사실,E1230,재언급,재언급,F1238,154,2026-08-13,472,ch48,d_main_48_04,뒤,,확실,확정,ch48,113,113
F1239,사실,E314,암시,암시,F1239,59,2023-12-28,258,event_newyearnewsword,event_newyearnewsword_03_e,동시,,확실,확정,ch14–ch15 ~,46,
F1239,사실,F1239,처음 밝혀짐,드러냄,,59,2023-12-28,258,event_newyearnewsword,event_newyearnewsword_06_e,동시,,확실,확정,ch14–ch15 ~,46,
F1239,사실,E1217,재언급,재언급,F1239,153,2026-08-13,470,ch47,d_main_47_04,뒤,,추정,확정,ch47,111,111
F1240,사실,E313,암시,암시,F1240,59,2023-12-28,258,event_newyearnewsword,event_newyearnewsword_03_e,동시,,확실,확정,ch14–ch15 ~,46,
F1240,사실,F1240,처음 밝혀짐,드러냄,,59,2023-12-28,258,event_newyearnewsword,event_newyearnewsword_03_e,동시,,확실,확정,ch14–ch15 ~,46,
F1241,사실,F1241,처음 밝혀짐,드러냄,,59,2023-12-28,258,event_newyearnewsword,event_newyearnewsword_epilogue,동시,,확실,확정,ch14–ch15 ~,46,
F1241,사실,F1241-2,보강,드러냄,,60,2024-01-01,259,char:225,ep:d_nikke_hongryeon_blackshadow_01,뒤,,확실,확정,@갓데스_투입–@궤도_엘리베이터_강습 ~ @아크_가디언_작전–@방주_밀봉,4,8
F1242,사실,F1242,처음 밝혀짐,드러냄,,60,2024-01-01,259,char:225,ep:d_nikke_hongryeon_blackshadow_01,동시,,확실,확정,@갓데스_투입–@궤도_엘리베이터_강습 ~ @아크_가디언_작전–@방주_밀봉,4,8
F1243,사실,F1243,처음 밝혀짐,드러냄,,60,2024-01-01,259,char:225,ep:d_nikke_hongryeon_blackshadow_01,동시,,확실,확정,@갓데스_투입–@궤도_엘리베이터_강습 ~ @아크_가디언_작전–@방주_밀봉,4,8
F1244,사실,F1244,처음 밝혀짐,드러냄,,60,2024-01-01,259,char:225,ep:d_nikke_hongryeon_blackshadow_04,동시,,확실,확정,@갓데스_투입–@궤도_엘리베이터_강습 ~ @아크_가디언_작전–@방주_밀봉,4,8
F1245,사실,F1245,처음 밝혀짐,드러냄,,60,2024-01-01,259,char:225,ep:d_nikke_hongryeon_blackshadow_05,동시,,확실,확정,@갓데스_투입–@궤도_엘리베이터_강습 ~ @아크_가디언_작전–@방주_밀봉,4,8
F1246,사실,F1246,처음 밝혀짐,드러냄,,61,2024-01-11,260,event_lionheart,event_lionheart_prologue,동시,,확실,확정,ch12–ch13 ~,42,
F1247,사실,F1247,처음 밝혀짐,드러냄,,61,2024-01-11,260,event_lionheart,event_lionheart_02_e,동시,,확실,확정,ch12–ch13 ~,42,
F1248,사실,F1248,처음 밝혀짐,드러냄,,61,2024-01-11,260,event_lionheart,event_lionheart_02_s,동시,,확실,확정,ch12–ch13 ~,42,
F1249,사실,F1249,처음 밝혀짐,드러냄,,61,2024-01-11,260,event_lionheart,event_lionheart_03_s,동시,,확실,확정,ch12–ch13 ~,42,
F1250,사실,F1250,처음 밝혀짐,드러냄,,61,2024-01-11,260,event_lionheart,event_lionheart_04_e,동시,,확실,확정,ch12–ch13 ~,42,
F1251,사실,E1353,암시,암시,F1251,61,2024-01-11,260,event_lionheart,event_lionheart_02_s,동시,,추정,확정,ch12–ch13 ~,42,
F1251,사실,E1354,암시,암시,F1251,61,2024-01-11,260,event_lionheart,event_lionheart_03_e,동시,,확실,확정,ch12–ch13 ~,42,
F1251,사실,E1355,암시,암시,F1251,61,2024-01-11,260,event_lionheart,event_lionheart_04_s,동시,,추정,확정,ch12–ch13 ~,42,
F1251,사실,F1251,처음 밝혀짐,드러냄,,61,2024-01-11,260,event_lionheart,event_lionheart_06_s,동시,,확실,확정,ch12–ch13 ~,42,
F1252,사실,E1350,암시,암시,F1252,61,2024-01-11,260,event_lionheart,event_lionheart_01_s,동시,,확실,확정,ch12–ch13 ~,42,
F1252,사실,E1351,암시,암시,F1252,61,2024-01-11,260,event_lionheart,event_lionheart_03_s,동시,,확실,확정,ch12–ch13 ~,42,
F1252,사실,E1352,암시,암시,F1252,61,2024-01-11,260,event_lionheart,event_lionheart_intermission_01,동시,,확실,확정,ch12–ch13 ~,42,
F1252,사실,F1252,처음 밝혀짐,드러냄,,61,2024-01-11,260,event_lionheart,event_lionheart_epilogue,동시,,확실,확정,ch12–ch13 ~,42,
F1253,사실,F1253,처음 밝혀짐,드러냄,,61,2024-01-11,261,char:382,ep:d_nikke_leona_01,동시,,확실,확정,,,
F1254,사실,F1254,처음 밝혀짐,드러냄,,61,2024-01-11,261,char:382,ep:d_nikke_leona_02,동시,,확실,확정,,,
F1255,사실,F1255,처음 밝혀짐,드러냄,,61,2024-01-11,261,char:382,ep:d_nikke_leona_04,동시,,확실,확정,,,
F1256,사실,F1256,처음 밝혀짐,드러냄,,61,2024-01-11,261,char:382,ep:d_nikke_leona_05,동시,,확실,확정,,,
F1257,사실,F1257,처음 밝혀짐,드러냄,,62,2024-01-25,262,event_dirtybackyard,event_dirtybackyard_prologue,동시,,확실,확정,ch22–ch23 ~,62,
F1258,사실,F1258,처음 밝혀짐,드러냄,,62,2024-01-25,262,event_dirtybackyard,event_dirtybackyard_02_s,동시,,확실,확정,ch22–ch23 ~,62,
F1259,사실,F1259,처음 밝혀짐,드러냄,,62,2024-01-25,262,event_dirtybackyard,event_dirtybackyard_02_s,동시,,확실,확정,ch22–ch23 ~,62,
F1260,사실,F1260,처음 밝혀짐,드러냄,,62,2024-01-25,262,event_dirtybackyard,event_dirtybackyard_intermission_01,동시,,확실,확정,ch22–ch23 ~,62,
F1261,사실,F1261,처음 밝혀짐,드러냄,,62,2024-01-25,262,event_dirtybackyard,event_dirtybackyard_03_e,동시,,확실,확정,ch22–ch23 ~,62,
F1262,사실,F1262,처음 밝혀짐,드러냄,,62,2024-01-25,262,event_dirtybackyard,event_dirtybackyard_04_s,동시,,추정,확정,ch22–ch23 ~,62,
F1263,사실,E316,암시,암시,F1263,62,2024-01-25,262,event_dirtybackyard,event_dirtybackyard_03_e,동시,,확실,확정,ch22–ch23 ~,62,
F1263,사실,F1263,처음 밝혀짐,드러냄,,62,2024-01-25,262,event_dirtybackyard,event_dirtybackyard_05_e,동시,,확실,확정,ch22–ch23 ~,62,
F1263,사실,E736,재언급,재언급,F1263,112,2025-05-29,385,event_lordforjustice,event_lordforjustice_02_e,뒤,,추정,확정,ch26–ch27 ~,70,
F1263,사실,E1028,재언급,재언급,F1263,138,2026-02-12,436,ch44,d_main_44_af_04,뒤,,확실,확정,ch44,105,105
F1264,사실,F1264,처음 밝혀짐,드러냄,,62,2024-01-25,262,event_dirtybackyard,event_dirtybackyard_06_e,동시,,확실,확정,ch22–ch23 ~,62,
F1264,사실,E379,재언급,재언급,F1264,73,2024-04-25,293,ch30,d_main_30_02,뒤,,확실,확정,ch30,77,77
F1264,사실,E823,재언급,재언급,F1264,119,2025-08-07,398,ch40,d_main_40_af_02,뒤,,확실,확정,ch40,97,97
F1264,사실,E1029,재언급,재언급,F1264,138,2026-02-12,436,ch44,d_main_44_af_04,뒤,,확실,확정,ch44,105,105
F1264,사실,E1030,재언급,재언급,F1264,138,2026-02-12,436,ch44,d_main_44_af_05,뒤,,확실,확정,ch44,105,105
F1264,사실,E1175,재언급,재언급,F1264,148,2026-06-11,462,fl:ark_ranger,fl:ark_ranger_14,뒤,,확실,확정,~ ch21–ch22 / ch22 / ch42 / ch45 / ch46–ch47 ~ ch47,,111
F1265,사실,F1265,처음 밝혀짐,드러냄,,62,2024-01-25,262,event_dirtybackyard,event_dirtybackyard_06_e,동시,,확실,확정,ch22–ch23 ~,62,
F1265,사실,E379,재언급,재언급,F1265,73,2024-04-25,293,ch30,d_main_30_02,뒤,,확실,확정,ch30,77,77
F1266,사실,F1266,처음 밝혀짐,드러냄,,62,2024-01-25,262,event_dirtybackyard,event_dirtybackyard_epilogue,동시,,확실,확정,ch22–ch23 ~,62,
F1267,사실,E317,암시,암시,F1267,62,2024-01-25,262,event_dirtybackyard,event_dirtybackyard_05_e,동시,,추정,확정,ch22–ch23 ~,62,
F1267,사실,F1267,처음 밝혀짐,드러냄,,62,2024-01-25,262,event_dirtybackyard,event_dirtybackyard_epilogue,동시,,확실,확정,ch22–ch23 ~,62,
F1268,사실,F1268,처음 밝혀짐,드러냄,,62,2024-01-25,262,event_dirtybackyard,event_dirtybackyard_epilogue,동시,,확실,확정,ch22–ch23 ~,62,
F1269,사실,F1269,처음 밝혀짐,드러냄,,62,2024-01-25,263,char:281,ep:d_nikke_moran_01,동시,,확실,확정,ch22–ch23 ~,62,
F1270,사실,F1270,처음 밝혀짐,드러냄,,62,2024-01-25,263,char:281,ep:d_nikke_moran_02,동시,,확실,확정,ch22–ch23 ~,62,
F1271,사실,F1271,처음 밝혀짐,드러냄,,62,2024-01-25,263,char:281,ep:d_nikke_moran_04,동시,,확실,확정,ch22–ch23 ~,62,
F1272,사실,F1272,처음 밝혀짐,드러냄,,62,2024-01-25,263,char:281,ep:d_nikke_moran_05,동시,,확실,확정,ch22–ch23 ~,62,
F1273,사실,F1273,처음 밝혀짐,드러냄,,63,2024-02-05,264,event_perfectmaid,event_perfectmaid_prologue,동시,,확실,확정,ch15–ch16 ~,48,
F1273,사실,E866,재언급,재언급,F1273,122,2025-09-04,404,fl:coins_in_rush,fl:coins_in_rush_24,뒤,,추정,확정,ch22–ch23 ~,62,
F1274,사실,F1274,처음 밝혀짐,드러냄,,63,2024-02-05,264,event_perfectmaid,event_perfectmaid_01_s,동시,,확실,확정,ch15–ch16 ~,48,
F1275,사실,F1275,처음 밝혀짐,드러냄,,63,2024-02-05,264,event_perfectmaid,event_perfectmaid_02_s,동시,,확실,확정,ch15–ch16 ~,48,
F1275,사실,E1365,재언급,재언급,F1275,75,2024-05-30,300,event_goldencoinrush1,event_goldencoinrush1_01_s,뒤,,추정,확정,ch22–ch23 ~,62,
F1275,사실,E1498,재언급,재언급,F1275,141,2026-03-19,444,fl:2x2_love_1ch,fl:2x2_love_1ch_21,뒤,,확실,확정,ch15 ~,47,
F1276,사실,E1357,암시,암시,F1276,63,2024-02-05,264,event_perfectmaid,event_perfectmaid_01_s,동시,,확실,확정,ch15–ch16 ~,48,
F1276,사실,F1276,처음 밝혀짐,드러냄,,63,2024-02-05,264,event_perfectmaid,event_perfectmaid_intermission_01,동시,,확실,확정,ch15–ch16 ~,48,
F1277,사실,F1277,처음 밝혀짐,드러냄,,63,2024-02-05,264,event_perfectmaid,event_perfectmaid_04_e,동시,,확실,확정,ch15–ch16 ~,48,
F1277,사실,E1513,재언급,재언급,F1277,141,2026-03-19,445,fl:2x2_love_2ch,fl:2x2_love_2ch_23,뒤,,추정,확정,ch16–ch17 ~,50,
F1278,사실,F1278,처음 밝혀짐,드러냄,,63,2024-02-05,264,event_perfectmaid,event_perfectmaid_04_s,동시,,확실,확정,ch15–ch16 ~,48,
F1279,사실,F1279,처음 밝혀짐,드러냄,,63,2024-02-05,265,char:313,ep:d_nikke_privaty_unkindmaid_01,동시,,확실,확정,ch15–ch16 ~,48,
F1279,사실,E1488,재언급,재언급,F1279,141,2026-03-19,444,fl:2x2_love_1ch,fl:2x2_love_1ch_07,뒤,,확실,확정,ch15 ~,47,
F1279,사실,E1507,재언급,재언급,F1279,141,2026-03-19,445,fl:2x2_love_2ch,fl:2x2_love_2ch_17,뒤,,확실,확정,ch16–ch17 ~,50,
F1279,사실,E1516,재언급,재언급,F1279,141,2026-03-19,445,fl:2x2_love_2ch,fl:2x2_love_2ch_38,뒤,,추정,확정,ch16–ch17 ~,50,
F1280,사실,F1280,처음 밝혀짐,드러냄,,63,2024-02-05,265,char:313,ep:d_nikke_privaty_unkindmaid_03,동시,,확실,확정,ch15–ch16 ~,48,
F1281,사실,F1281,처음 밝혀짐,드러냄,,64,2024-02-15,266,char:310,ep:d_nikke_ade_01,동시,,확실,확정,,,
F1282,사실,F1282,처음 밝혀짐,드러냄,,64,2024-02-15,266,char:310,ep:d_nikke_ade_03,동시,,확실,확정,,,
F1283,사실,F1283,처음 밝혀짐,드러냄,,64,2024-02-15,266,char:310,ep:d_nikke_ade_05,동시,,확실,확정,,,
F1284,사실,E37,암시,암시,F1284,7,2022-11-04,29,sub:랩칠리언_06,sub:랩칠리언_06,앞,,확실,확정,ch02–ch03 ~ ch26–ch27,22,70
F1284,사실,F1284,처음 밝혀짐,드러냄,,65,2024-02-22,267,ch27,d_main_26af_01,동시,,확실,확정,ch27,71,71
F1284,사실,E675,재언급,재언급,F1284,109,2025-04-24,375,ch38,d_main_38_09_e,뒤,,추정,확정,ch38,93,93
F1285,사실,E263,암시,암시,F1285,54,2023-11-02,243,relic:마더웨일아종목격보고.wav,relic:마더웨일아종목격보고.wav_02,앞,,확실,확정,ch02–ch03 ~,22,
F1285,사실,F1285,처음 밝혀짐,드러냄,,65,2024-02-22,267,ch27,d_main_26af_01,동시,,확실,확정,ch27,71,71
F1285,사실,F1285-2,보강,드러냄,,118,2025-08-07,397,relic:정갈하게쓴기록,relic:정갈하게쓴기록_00,뒤,,확실,확정,ch02–ch03 ~ ch38–ch39,22,94
F1286,사실,F1286,처음 밝혀짐,드러냄,,65,2024-02-22,267,ch27,d_main_26af_01,동시,,확실,확정,ch27,71,71
F1286,사실,E828,재언급,재언급,F1286,119,2025-08-07,399,relic:어떤소녀의그림일기,relic:어떤소녀의그림일기_01,뒤,,추정,확정,ch02–ch03 ~ ch38–ch39,22,94
F1286,사실,E845,재언급,재언급,F1286,119,2025-08-07,400,fl:absolute,fl:absolute_18,뒤,,확실,확정,ch34–ch35 ~,86,
F1287,사실,F1287,처음 밝혀짐,드러냄,,65,2024-02-22,267,ch27,d_main_26af_02,동시,,확실,확정,ch27,71,71
F1288,사실,F1288,처음 밝혀짐,드러냄,,65,2024-02-22,267,ch27,d_main_26af_02,동시,,확실,확정,ch27,71,71
F1289,사실,F1289,처음 밝혀짐,드러냄,,65,2024-02-22,267,ch27,d_main_26af_02,동시,,확실,확정,ch27,71,71
F1290,사실,F1290,처음 밝혀짐,드러냄,,65,2024-02-22,267,ch27,d_main_26af_03,동시,,확실,확정,ch27,71,71
F1291,사실,F1291,처음 밝혀짐,드러냄,,65,2024-02-22,267,ch27,d_main_27_01_e,동시,,확실,확정,ch27,71,71
F1292,사실,F1292,처음 밝혀짐,드러냄,,65,2024-02-22,267,ch27,d_main_27_03_s,동시,,확실,확정,ch27,71,71
F1293,사실,F1293,처음 밝혀짐,드러냄,,65,2024-02-22,267,ch27,d_main_27_03_s,동시,,확실,확정,ch27,71,71
F1294,사실,F1294,처음 밝혀짐,드러냄,,65,2024-02-22,267,ch27,d_main_27_03_s,동시,,확실,확정,ch27,71,71
F1294,사실,E351,재언급,재언급,F1294,66,2024-02-22,280,event_boomsday,event_boomsday_epilogue,뒤,,확실,확정,ch07–ch08 ~ ch26–ch27,32,70
F1294,사실,E423,재언급,재언급,F1294,74,2024-05-16,298,event_darkhero,event_darkhero_epilogue,뒤,,확실,확정,ch26 ~ ch26–ch27,69,70
F1295,사실,F1295,처음 밝혀짐,드러냄,,65,2024-02-22,267,ch27,d_main_27_02,동시,,확실,확정,ch27,71,71
F1296,사실,F1296,처음 밝혀짐,드러냄,,65,2024-02-22,267,ch27,d_main_27_04_s,동시,,확실,확정,ch27,71,71
F1297,사실,E278,암시,암시,F1297,55,2023-11-02,247,relic:저주받은보석,relic:저주받은보석_01,앞,,추정,확정,,,
F1297,사실,E279,암시,암시,F1297,55,2023-11-02,247,relic:저주받은보석,relic:저주받은보석_02,앞,,확실,확정,,,
F1297,사실,F1297,처음 밝혀짐,드러냄,,65,2024-02-22,267,ch27,d_main_27_05,동시,,확실,확정,ch27,71,71
F1297,사실,E341,재언급,재언급,F1297,66,2024-02-22,279,relic:조난일지,relic:조난일지_03,뒤,,확실,확정,,,
F1297,사실,E1174,재언급,재언급,F1297,148,2026-06-11,462,fl:ark_ranger,fl:ark_ranger_13,뒤,,확실,확정,~ ch21–ch22 / ch22 / ch42 / ch45 / ch46–ch47 ~ ch47,,111
F1298,사실,E328,암시,암시,F1298,65,2024-02-22,267,ch27,d_main_27_04_e,동시,,확실,확정,ch27,71,71
F1298,사실,F1298,처음 밝혀짐,드러냄,,65,2024-02-22,267,ch27,d_main_27_07,동시,,확실,확정,ch27,71,71
F1299,사실,F1299,처음 밝혀짐,드러냄,,65,2024-02-22,267,ch27,d_main_27_07,동시,,확실,확정,ch27,71,71
F1300,사실,F1300,처음 밝혀짐,드러냄,,65,2024-02-22,267,ch27,d_main_27_09_e,동시,,확실,확정,ch27,71,71
F1301,사실,E321,암시,암시,F1301,65,2024-02-22,267,ch27,d_main_26af_01,동시,,추정,확정,ch27,71,71
F1301,사실,F1301,처음 밝혀짐,드러냄,,65,2024-02-22,267,ch27,d_main_27_08,동시,,확실,확정,ch27,71,71
F1302,사실,F1302,처음 밝혀짐,드러냄,,65,2024-02-22,268,sub:피라_00,sub:피라_00,동시,,확실,확정,ch26–ch27 ~,70,
F1303,사실,F1303,처음 밝혀짐,드러냄,,65,2024-02-22,269,sub:피라_01,sub:피라_01,동시,,확실,확정,ch26–ch27 ~,70,
F1304,사실,F1304,처음 밝혀짐,드러냄,,65,2024-02-22,270,sub:피라_02,sub:피라_02,동시,,확실,확정,ch26–ch27 ~,70,
F1305,사실,F1305,처음 밝혀짐,드러냄,,65,2024-02-22,270,sub:피라_02,sub:피라_02,동시,,확실,확정,ch26–ch27 ~,70,
F1306,사실,F1306,처음 밝혀짐,드러냄,,65,2024-02-22,271,sub:트윙클_00,sub:트윙클_00,동시,,확실,확정,ch26–ch27 ~,70,
F1307,사실,E280,암시,암시,F1307,55,2023-11-02,248,event_redash,event_redash_prologue,앞,,추정,확정,@갓데스_투입 ~ @갓데스_투입–@궤도_엘리베이터_강습 / @궤도_엘리베이터_강습–@아크_가디언_작전 ~ @아크_가디언_작전–@방주_밀봉 / @2차_지상_탈환전–ch00,3,16
F1307,사실,F1307,처음 밝혀짐,드러냄,,65,2024-02-22,272,relic:잘지내라친구,relic:잘지내라친구_01,동시,,확실,확정,@갓데스_투입–@궤도_엘리베이터_강습 ~ @아크_가디언_작전–@방주_밀봉,4,8
F1308,사실,F1308,처음 밝혀짐,드러냄,,66,2024-02-22,273,ch28,d_main_28_01_s,동시,,확실,확정,ch28,73,73
F1309,사실,F1309,처음 밝혀짐,드러냄,,66,2024-02-22,273,ch28,d_main_28_01_e,동시,,확실,확정,ch28,73,73
F1310,사실,F1310,처음 밝혀짐,드러냄,,66,2024-02-22,273,ch28,d_main_28_02,동시,,확실,확정,ch28,73,73
F1311,사실,E331,암시,암시,F1311,65,2024-02-22,267,ch27,d_main_27_08,앞,,추정,확정,ch27,71,71
F1311,사실,F1311,처음 밝혀짐,드러냄,,66,2024-02-22,273,ch28,d_main_28_03,동시,,확실,확정,ch28,73,73
F1312,사실,F1312,처음 밝혀짐,드러냄,,66,2024-02-22,273,ch28,d_main_28_04_e,동시,,확실,확정,ch28,73,73
F1313,사실,F1313,처음 밝혀짐,드러냄,,66,2024-02-22,273,ch28,d_main_28_04_e,동시,,확실,확정,ch28,73,73
F1314,사실,F1314,처음 밝혀짐,드러냄,,66,2024-02-22,273,ch28,d_main_28_05_e,동시,,확실,확정,ch28,73,73
F1315,사실,F1315,처음 밝혀짐,드러냄,,66,2024-02-22,273,ch28,d_main_28_08_s,동시,,확실,확정,ch28,73,73
F1316,사실,E336,암시,암시,F1316,66,2024-02-22,273,ch28,d_main_28_05_s,동시,,추정,확정,ch28,73,73
F1316,사실,F1316,처음 밝혀짐,드러냄,,66,2024-02-22,273,ch28,d_main_28_08_s,동시,,확실,확정,ch28,73,73
F1316,사실,E504,재언급,재언급,F1316,91,2024-10-31,336,ch34,d_main_34_06_e,뒤,,확실,확정,ch34,85,85
F1317,사실,F1317,처음 밝혀짐,드러냄,,66,2024-02-22,273,ch28,d_main_28_08_s,동시,,확실,확정,ch28,73,73
F1317,사실,E461,재언급,재언급,F1317,81,2024-07-25,313,sub:관짝이_01,sub:관짝이_01,뒤,,확실,확정,ch32–ch33,82,82
F1317,사실,E483,재언급,재언급,F1317,90,2024-10-31,334,ch33,d_main_33_05_e,뒤,,확실,확정,ch33,83,83
F1318,사실,F1318,처음 밝혀짐,드러냄,,66,2024-02-22,273,ch28,d_main_28_09_s,동시,,확실,확정,ch28,73,73
F1319,사실,F1319,처음 밝혀짐,드러냄,,66,2024-02-22,273,ch28,d_main_28_08_e,동시,,확실,확정,ch28,73,73
F1319,사실,E373,재언급,재언급,F1319,72,2024-04-25,291,ch29,d_main_29_05_e,뒤,,확실,확정,ch29,75,75
F1320,사실,F1320,처음 밝혀짐,드러냄,,66,2024-02-22,273,ch28,d_main_28_10,동시,,확실,확정,ch28,73,73
F1321,사실,E335,암시,암시,F1321,66,2024-02-22,273,ch28,d_main_28_01_e,동시,,추정,확정,ch28,73,73
F1321,사실,F1321,처음 밝혀짐,드러냄,,66,2024-02-22,273,ch28,d_main_28_11_s,동시,,추정,확정,ch28,73,73
F1322,사실,E334,암시,암시,F1322,66,2024-02-22,273,ch28,d_main_28_01_e,동시,,추정,확정,ch28,73,73
F1322,사실,F1322,처음 밝혀짐,드러냄,,66,2024-02-22,273,ch28,d_main_28_11_s,동시,,확실,확정,ch28,73,73
F1322,사실,E903,재언급,재언급,F1322,127,2025-10-30,414,ch41,d_main_41_af_05,뒤,,확실,확정,ch41,99,99
F1323,사실,F1323,처음 밝혀짐,드러냄,,66,2024-02-22,274,sub:택틱컬틱택_00,sub:택틱컬틱택_00,동시,,확실,확정,ch24–ch25 ~,66,
F1324,사실,F1324,처음 밝혀짐,드러냄,,66,2024-02-22,274,sub:택틱컬틱택_00,sub:택틱컬틱택_00,동시,,확실,확정,ch24–ch25 ~,66,
F1325,사실,F1325,처음 밝혀짐,드러냄,,66,2024-02-22,275,sub:택틱컬틱택_01,sub:택틱컬틱택_01,동시,,확실,확정,ch24–ch25 ~,66,
F1326,사실,F1326,처음 밝혀짐,드러냄,,66,2024-02-22,275,sub:택틱컬틱택_01,sub:택틱컬틱택_01,동시,,확실,확정,ch24–ch25 ~,66,
F1327,사실,F1327,처음 밝혀짐,드러냄,,66,2024-02-22,276,sub:핸섬_커맨더_00,sub:핸섬_커맨더_00,동시,,확실,확정,ch27–ch28 ~ ch28–ch29,72,74
F1328,사실,F1328,처음 밝혀짐,드러냄,,66,2024-02-22,276,sub:핸섬_커맨더_00,sub:핸섬_커맨더_00,동시,,확실,확정,ch27–ch28 ~ ch28–ch29,72,74
F1328,사실,E342,재언급,재언급,F1328,66,2024-02-22,279,relic:조난일지,relic:조난일지_03,동시,,추정,확정,,,
F1329,사실,F1329,처음 밝혀짐,드러냄,,66,2024-02-22,277,sub:핸섬_커맨더_01,sub:핸섬_커맨더_01,동시,,확실,확정,ch27–ch28 ~,72,
F1330,사실,F1330,처음 밝혀짐,드러냄,,66,2024-02-22,277,sub:핸섬_커맨더_01,sub:핸섬_커맨더_01,동시,,확실,확정,ch27–ch28 ~,72,
F1331,사실,F1331,처음 밝혀짐,드러냄,,66,2024-02-22,277,sub:핸섬_커맨더_01,sub:핸섬_커맨더_01,동시,,확실,확정,ch27–ch28 ~,72,
F1332,사실,F1332,처음 밝혀짐,드러냄,,66,2024-02-22,278,sub:MMR지킴이_00,sub:MMR지킴이_00,동시,,확실,확정,ch27–ch28 ~,72,
F1333,사실,F1333,처음 밝혀짐,드러냄,,66,2024-02-22,278,sub:MMR지킴이_00,sub:MMR지킴이_00,동시,,확실,확정,ch27–ch28 ~,72,
F1334,사실,F1334,처음 밝혀짐,드러냄,,66,2024-02-22,278,sub:MMR지킴이_00,sub:MMR지킴이_00,동시,,확실,확정,ch27–ch28 ~,72,
F1335,사실,F1335,처음 밝혀짐,드러냄,,66,2024-02-22,279,relic:조난일지,relic:조난일지_02,동시,,확실,확정,,,
F1336,사실,F1336,처음 밝혀짐,드러냄,,66,2024-02-22,280,event_boomsday,event_boomsday_01_s,동시,,확실,확정,ch07–ch08 ~ ch26–ch27,32,70
F1337,사실,F1337,처음 밝혀짐,드러냄,,66,2024-02-22,280,event_boomsday,event_boomsday_01_e,동시,,확실,확정,ch07–ch08 ~ ch26–ch27,32,70
F1338,사실,F1338,처음 밝혀짐,드러냄,,66,2024-02-22,280,event_boomsday,event_boomsday_intermission_01,동시,,확실,확정,ch07–ch08 ~ ch26–ch27,32,70
F1339,사실,F1339,처음 밝혀짐,드러냄,,66,2024-02-22,280,event_boomsday,event_boomsday_04_s,동시,,확실,확정,ch07–ch08 ~ ch26–ch27,32,70
F1339,사실,E792,재언급,재언급,F1339,116,2025-07-17,393,fl:boom_the_ghost,fl:boom_the_ghost_26,뒤,,추정,확정,ch38–ch39 ~,94,
F1340,사실,E343,암시,암시,F1340,66,2024-02-22,280,event_boomsday,event_boomsday_prologue,동시,,확실,확정,ch07–ch08 ~ ch26–ch27,32,70
F1340,사실,F1340,처음 밝혀짐,드러냄,,66,2024-02-22,280,event_boomsday,event_boomsday_04_e,동시,,확실,확정,ch07–ch08 ~ ch26–ch27,32,70
F1341,사실,F1341,처음 밝혀짐,드러냄,,66,2024-02-22,280,event_boomsday,event_boomsday_04_e,동시,,확실,확정,ch07–ch08 ~ ch26–ch27,32,70
F1341,사실,E999,재언급,재언급,F1341,135,2026-01-15,430,fl:sin_editor,fl:sin_editor_12,뒤,,추정,확정,,,
F1342,사실,F1342,처음 밝혀짐,드러냄,,66,2024-02-22,280,event_boomsday,event_boomsday_06_s,동시,,확실,확정,ch07–ch08 ~ ch26–ch27,32,70
F1342,사실,E391,재언급,재언급,F1342,73,2024-04-25,293,ch30,d_main_30_af_02,뒤,,확실,확정,ch30,77,77
F1342,사실,E417,재언급,재언급,F1342,74,2024-05-16,298,event_darkhero,event_darkhero_02_s,뒤,,확실,확정,ch26 ~ ch26–ch27,69,70
F1342,사실,E422,재언급,재언급,F1342,74,2024-05-16,298,event_darkhero,event_darkhero_06_s,뒤,,확실,확정,ch26 ~ ch26–ch27,69,70
F1342,사실,F1342-2,보강,드러냄,,117,2025-07-24,395,char:502,ep:d_nikke_eleggboomandshock_05,뒤,,확실,확정,ch38–ch39 ~,94,
F1342,사실,E1083,재언급,재언급,F1342,143,2026-04-23,450,ch45,d_main_45_03,뒤,,확실,확정,ch45,107,107
F1343,사실,F1343,처음 밝혀짐,드러냄,,66,2024-02-22,281,char:500,ep:d_nikke_elegg_01,동시,,확실,확정,ch30–ch31 ~,78,
F1344,사실,F1344,처음 밝혀짐,드러냄,,66,2024-02-22,281,char:500,ep:d_nikke_elegg_04,동시,,확실,확정,ch30–ch31 ~,78,
F1345,사실,F1345,처음 밝혀짐,드러냄,,67,2024-03-07,282,event_killthelord,event_killthelord_01_s,동시,,확실,확정,ch22–ch23 ~,62,
F1345,사실,E735,재언급,재언급,F1345,112,2025-05-29,385,event_lordforjustice,event_lordforjustice_01_e,뒤,,확실,확정,ch26–ch27 ~,70,
F1346,사실,F1346,처음 밝혀짐,드러냄,,67,2024-03-07,282,event_killthelord,event_killthelord_02_e,동시,,확실,확정,ch22–ch23 ~,62,
F1346,사실,E719,재언급,재언급,F1346,111,2025-05-15,383,event_arcanearchive,event_arcanearchive_04_s,뒤,,확실,확정,ch26–ch27 ~,70,
F1346,사실,E883,재언급,재언급,F1346,124,2025-09-24,407,fl:reborn_evil,fl:reborn_evil_03,뒤,,확실,확정,ch26–ch27 ~,70,
F1347,사실,F1347,처음 밝혀짐,드러냄,,67,2024-03-07,282,event_killthelord,event_killthelord_intermission_01,동시,,확실,확정,ch22–ch23 ~,62,
F1348,사실,F1348,처음 밝혀짐,드러냄,,67,2024-03-07,282,event_killthelord,event_killthelord_04_s,동시,,확실,확정,ch22–ch23 ~,62,
F1349,사실,E1307,암시,암시,F1349,34,2023-04-13,189,event_ltk,event_ltk_epilogue,앞,,추정,확정,,,
F1349,사실,E353,암시,암시,F1349,67,2024-03-07,282,event_killthelord,event_killthelord_prologue,동시,,확실,확정,ch22–ch23 ~,62,
F1349,사실,E356,암시,암시,F1349,67,2024-03-07,282,event_killthelord,event_killthelord_03_s,동시,,추정,확정,ch22–ch23 ~,62,
F1349,사실,E359,암시,암시,F1349,67,2024-03-07,282,event_killthelord,event_killthelord_05_e,동시,,확실,확정,ch22–ch23 ~,62,
F1349,사실,F1349,처음 밝혀짐,드러냄,,67,2024-03-07,282,event_killthelord,event_killthelord_06_s,동시,,확실,확정,ch22–ch23 ~,62,
F1350,사실,F1350,처음 밝혀짐,드러냄,,67,2024-03-07,282,event_killthelord,event_killthelord_06_s,동시,,확실,확정,ch22–ch23 ~,62,
F1351,사실,E355,암시,암시,F1351,67,2024-03-07,282,event_killthelord,event_killthelord_02_s,동시,,확실,확정,ch22–ch23 ~,62,
F1351,사실,F1351,처음 밝혀짐,드러냄,,67,2024-03-07,282,event_killthelord,event_killthelord_epilogue,동시,,확실,확정,ch22–ch23 ~,62,
F1352,사실,F1352,처음 밝혀짐,드러냄,,67,2024-03-07,283,char:43,ep:d_nikke_d_killerwife_01,동시,,확실,확정,ch22–ch23 ~,62,
F1353,사실,F1353,처음 밝혀짐,드러냄,,67,2024-03-07,283,char:43,ep:d_nikke_d_killerwife_04,동시,,확실,확정,ch22–ch23 ~,62,
F1354,사실,F1354,처음 밝혀짐,드러냄,,68,2024-03-21,284,char:822,ep:d_nikke_ce_003_03_02,동시,,확실,확정,,,
F1355,사실,F1355,처음 밝혀짐,드러냄,,68,2024-03-21,285,char:821,ep:d_nikke_ce_003_02_03,동시,,확실,확정,,,
F1356,사실,F1356,처음 밝혀짐,드러냄,,69,2024-03-28,286,char:820,ep:d_nikke_ce_003_01_03,동시,,확실,확정,,,
F1357,사실,F1357,처음 밝혀짐,드러냄,,70,2024-04-01,287,event_liarsend,event_liarsend_11,동시,,확실,확정,ch22–ch23 ~,62,
F1358,사실,F1358,처음 밝혀짐,드러냄,,71,2024-04-11,288,side:second_affection,side:second_affection_01,동시,,확실,확정,ch14–ch15 ~ ch15,46,47
F1359,사실,F1359,처음 밝혀짐,드러냄,,71,2024-04-11,288,side:second_affection,side:second_affection_02,동시,,확실,확정,ch14–ch15 ~ ch15,46,47
F1360,사실,F1360,처음 밝혀짐,드러냄,,71,2024-04-11,288,side:second_affection,side:second_affection_05,동시,,확실,확정,ch14–ch15 ~ ch15,46,47
F1361,사실,F1361,처음 밝혀짐,드러냄,,71,2024-04-11,288,side:second_affection,side:second_affection_06,동시,,확실,확정,ch14–ch15 ~ ch15,46,47
F1362,사실,F1362,처음 밝혀짐,드러냄,,71,2024-04-11,288,side:second_affection,side:second_affection_04,동시,,확실,확정,ch14–ch15 ~ ch15,46,47
F1363,사실,F1363,처음 밝혀짐,드러냄,,71,2024-04-11,288,side:second_affection,side:second_affection_10,동시,,확실,확정,ch14–ch15 ~ ch15,46,47
F1364,사실,F1364,처음 밝혀짐,드러냄,,71,2024-04-11,288,side:second_affection,side:second_affection_10,동시,,확실,확정,ch14–ch15 ~ ch15,46,47
F1365,사실,F1365,처음 밝혀짐,드러냄,,71,2024-04-11,288,side:second_affection,side:second_affection_11,동시,,확실,확정,ch14–ch15 ~ ch15,46,47
F1366,사실,F1366,처음 밝혀짐,드러냄,,71,2024-04-11,288,side:second_affection,side:second_affection_12,동시,,확실,확정,ch14–ch15 ~ ch15,46,47
F1367,사실,F1367,처음 밝혀짐,드러냄,,71,2024-04-11,288,side:second_affection,side:second_affection_13,동시,,확실,확정,ch14–ch15 ~ ch15,46,47
F1367,사실,E402,재언급,재언급,F1367,73,2024-04-25,295,event_lastkingdom1,event_lastkingdom2_01_s,뒤,,확실,확정,ch26–ch27 ~,70,
F1368,사실,F1368,처음 밝혀짐,드러냄,,71,2024-04-11,288,side:second_affection,side:second_affection_13,동시,,확실,확정,ch14–ch15 ~ ch15,46,47
F1369,사실,F1369,처음 밝혀짐,드러냄,,71,2024-04-11,288,side:second_affection,side:second_affection_14,동시,,확실,확정,ch14–ch15 ~ ch15,46,47
F1370,사실,F1370,처음 밝혀짐,드러냄,,71,2024-04-11,288,side:second_affection,side:second_affection_15,동시,,확실,확정,ch14–ch15 ~ ch15,46,47
F1371,사실,F1371,처음 밝혀짐,드러냄,,71,2024-04-11,288,side:second_affection,side:second_affection_16,동시,,확실,확정,ch14–ch15 ~ ch15,46,47
F1372,사실,F1372,처음 밝혀짐,드러냄,,71,2024-04-11,289,event_onemoretime,event_onemoretime_prologue,동시,,확실,확정,ch22–ch23 ~,62,
F1372,사실,E1371,재언급,재언급,F1372,77,2024-06-20,303,event_claymore,event_claymore_01_e,뒤,,확실,확정,ch22–ch23 ~,62,
F1373,사실,F1373,처음 밝혀짐,드러냄,,71,2024-04-11,289,event_onemoretime,event_onemoretime_prologue,동시,,확실,확정,ch22–ch23 ~,62,
F1374,사실,F1374,처음 밝혀짐,드러냄,,71,2024-04-11,289,event_onemoretime,event_onemoretime_03_s,동시,,확실,확정,ch22–ch23 ~,62,
F1375,사실,E1358,암시,암시,F1375,71,2024-04-11,289,event_onemoretime,event_onemoretime_03_e,동시,,확실,확정,ch22–ch23 ~,62,
F1375,사실,E1359,암시,암시,F1375,71,2024-04-11,289,event_onemoretime,event_onemoretime_intermission_01,동시,,확실,확정,ch22–ch23 ~,62,
F1375,사실,F1375,처음 밝혀짐,드러냄,,71,2024-04-11,289,event_onemoretime,event_onemoretime_04_s,동시,,확실,확정,ch22–ch23 ~,62,
F1376,사실,F1376,처음 밝혀짐,드러냄,,71,2024-04-11,289,event_onemoretime,event_onemoretime_06_e,동시,,확실,확정,ch22–ch23 ~,62,
F1377,사실,F1377,처음 밝혀짐,드러냄,,71,2024-04-11,290,char:550,ep:d_nikke_bay_01,동시,,확실,확정,,,
F1377,사실,E855,재언급,재언급,F1377,122,2025-09-04,404,fl:coins_in_rush,fl:coins_in_rush_04,뒤,,확실,확정,ch22–ch23 ~,62,
F1378,사실,F1378,처음 밝혀짐,드러냄,,71,2024-04-11,290,char:550,ep:d_nikke_bay_02,동시,,확실,확정,,,
F1379,사실,F1379,처음 밝혀짐,드러냄,,72,2024-04-25,291,ch29,d_main_28_af_01,동시,,확실,확정,ch29,75,75
F1380,사실,F1380,처음 밝혀짐,드러냄,,72,2024-04-25,291,ch29,d_main_28_af_01,동시,,확실,확정,ch29,75,75
F1381,사실,F1381,처음 밝혀짐,드러냄,,72,2024-04-25,291,ch29,d_main_29_01_s,동시,,확실,확정,ch29,75,75
F1382,사실,F1382,처음 밝혀짐,드러냄,,72,2024-04-25,291,ch29,d_main_29_02_s,동시,,확실,확정,ch29,75,75
F1383,사실,F1383,처음 밝혀짐,드러냄,,72,2024-04-25,291,ch29,d_main_29_02_s,동시,,확실,확정,ch29,75,75
F1384,사실,F1384,처음 밝혀짐,드러냄,,72,2024-04-25,291,ch29,d_main_29_02_e,동시,,추정,확정,ch29,75,75
F1385,사실,F1385,처음 밝혀짐,드러냄,,72,2024-04-25,291,ch29,d_main_29_03_s,동시,,확실,확정,ch29,75,75
F1386,사실,F1386,처음 밝혀짐,드러냄,,72,2024-04-25,291,ch29,d_main_29_05_e,동시,,확실,확정,ch29,75,75
F1387,사실,F1387,처음 밝혀짐,드러냄,,72,2024-04-25,291,ch29,d_main_29_06_s,동시,,확실,확정,ch29,75,75
F1388,사실,E371,암시,암시,F1388,72,2024-04-25,291,ch29,d_main_29_02_e,동시,,확실,확정,ch29,75,75
F1388,사실,F1388,처음 밝혀짐,드러냄,,72,2024-04-25,291,ch29,d_main_29_07_e,동시,,확실,확정,ch29,75,75
F1389,사실,F1389,처음 밝혀짐,드러냄,,72,2024-04-25,291,ch29,d_main_29_08_s,동시,,확실,확정,ch29,75,75
F1389,사실,E448,재언급,재언급,F1389,81,2024-07-25,310,ch32,d_main_32_01,뒤,,확실,확정,ch32,81,81
F1390,사실,F1390,처음 밝혀짐,드러냄,,72,2024-04-25,291,ch29,d_main_29_08_e,동시,,확실,확정,ch29,75,75
F1391,사실,F1391,처음 밝혀짐,드러냄,,72,2024-04-25,291,ch29,d_main_29_07_s,동시,,확실,확정,ch29,75,75
F1392,사실,F1392,처음 밝혀짐,드러냄,,72,2024-04-25,291,ch29,d_main_29_09_e,동시,,확실,확정,ch29,75,75
F1393,사실,F1393,처음 밝혀짐,드러냄,,72,2024-04-25,292,relic:반드시사수하라,relic:반드시사수하라_01,동시,,확실,확정,,,
F1394,사실,F1394,처음 밝혀짐,드러냄,,72,2024-04-25,292,relic:반드시사수하라,relic:반드시사수하라_04,동시,,확실,확정,,,
F1395,사실,E179,암시,암시,F1395,36,2023-04-27,198,sub:문구점_00,sub:문구점_00,앞,,추정,확정,ch22,61,61
F1395,사실,F1395,처음 밝혀짐,드러냄,,73,2024-04-25,293,ch30,d_main_30_01_s,동시,,확실,확정,ch30,77,77
F1396,사실,F1396,처음 밝혀짐,드러냄,,73,2024-04-25,293,ch30,d_main_30_01_s,동시,,추정,확정,ch30,77,77
F1396,사실,F1396-2,처음 밝혀짐,드러냄,,73,2024-04-25,294,relic:하모니큐브관찰일지,relic:하모니큐브관찰일지_01,동시,,추정,확정,~ ch29–ch30,,76
F1396,사실,E436,재언급,재언급,F1396,80,2024-07-25,308,ch31,d_main_31_03,뒤,,확실,확정,ch31,79,79
F1397,사실,E372,암시,암시,F1397,72,2024-04-25,291,ch29,d_main_29_04_s,앞,,추정,확정,ch29,75,75
F1397,사실,F1397,처음 밝혀짐,드러냄,,73,2024-04-25,293,ch30,d_main_30_01_e,동시,,확실,확정,ch30,77,77
F1398,사실,E368,암시,암시,F1398,72,2024-04-25,291,ch29,d_main_29_01_e,앞,,추정,확정,ch29,75,75
F1398,사실,E369,암시,암시,F1398,72,2024-04-25,291,ch29,d_main_29_02_e,앞,,추정,확정,ch29,75,75
F1398,사실,E375,암시,암시,F1398,72,2024-04-25,291,ch29,d_main_29_06_e,앞,,추정,확정,ch29,75,75
F1398,사실,F1398,처음 밝혀짐,드러냄,,73,2024-04-25,293,ch30,d_main_30_02,동시,,확실,확정,ch30,77,77
F1398,사실,F1398-2,보강,드러냄,,138,2026-02-12,436,ch44,d_main_44_af_06,뒤,,확실,확정,ch44,105,105
F1399,사실,E338,암시,암시,F1399,66,2024-02-22,273,ch28,d_main_28_08_s,앞,,확실,확정,ch28,73,73
F1399,사실,F1399,처음 밝혀짐,드러냄,,73,2024-04-25,293,ch30,d_main_30_02,동시,,확실,확정,ch30,77,77
F1400,사실,F1400,처음 밝혀짐,드러냄,,73,2024-04-25,293,ch30,d_main_30_02,동시,,추정,확정,ch30,77,77
F1400,사실,F1400-2,보강,드러냄,,73,2024-04-25,293,ch30,d_main_30_af_01,동시,,확실,확정,ch30,77,77
F1401,사실,E378,암시,암시,F1401,72,2024-04-25,291,ch29,d_main_29_09_e,앞,,추정,확정,ch29,75,75
F1401,사실,F1401,처음 밝혀짐,드러냄,,73,2024-04-25,293,ch30,d_main_30_02,동시,,확실,확정,ch30,77,77
F1402,사실,F1402,처음 밝혀짐,드러냄,,73,2024-04-25,293,ch30,d_main_30_03_e,동시,,확실,확정,ch30,77,77
F1403,사실,F1403,처음 밝혀짐,드러냄,,73,2024-04-25,293,ch30,d_main_30_03_e,동시,,확실,확정,ch30,77,77
F1404,사실,F1404,처음 밝혀짐,드러냄,,73,2024-04-25,293,ch30,d_main_30_03_e,동시,,확실,확정,ch30,77,77
F1405,사실,F1405,처음 밝혀짐,드러냄,,73,2024-04-25,293,ch30,d_main_30_04,동시,,추정,확정,ch30,77,77
F1406,사실,F1406,처음 밝혀짐,드러냄,,73,2024-04-25,293,ch30,d_main_30_05,동시,,확실,확정,ch30,77,77
F1407,사실,F1407,처음 밝혀짐,드러냄,,73,2024-04-25,293,ch30,d_main_30_06_e,동시,,확실,확정,ch30,77,77
F1407,사실,E543,재언급,재언급,F1407,91,2024-10-31,338,event_oldtales1,event_oldtales2_04_e,뒤,,확실,확정,@갓데스_투입–@궤도_엘리베이터_강습 ~ @궤도_엘리베이터_강습–@아크_가디언_작전 / @궤도_엘리베이터_강습–@아크_가디언_작전 / @아크_가디언_작전–@방주_밀봉 ~ @방주_밀봉–@1차_지상_탈환전 / @방주_밀봉–@1차_지상_탈환전 ~ @1차_지상_탈환전–@갓데스_폴,4,12
F1408,사실,E374,암시,암시,F1408,72,2024-04-25,291,ch29,d_main_29_07_e,앞,,확실,확정,ch29,75,75
F1408,사실,F1408,처음 밝혀짐,드러냄,,73,2024-04-25,293,ch30,d_main_30_06_e,동시,,확실,확정,ch30,77,77
F1408,사실,E450,재언급,재언급,F1408,81,2024-07-25,310,ch32,d_main_32_03,뒤,,확실,확정,ch32,81,81
F1408,사실,E463,재언급,재언급,F1408,81,2024-07-25,313,sub:관짝이_01,sub:관짝이_01,뒤,,추정,확정,ch32–ch33,82,82
F1409,사실,F1409,처음 밝혀짐,드러냄,,73,2024-04-25,293,ch30,d_main_30_07_s,동시,,확실,확정,ch30,77,77
F1409,사실,E495,재언급,재언급,F1409,91,2024-10-31,336,ch34,d_main_34_02,뒤,,확실,확정,ch34,85,85
F1409,사실,E544,재언급,재언급,F1409,91,2024-10-31,338,event_oldtales1,event_oldtales2_04_e,뒤,,추정,확정,@갓데스_투입–@궤도_엘리베이터_강습 ~ @궤도_엘리베이터_강습–@아크_가디언_작전 / @궤도_엘리베이터_강습–@아크_가디언_작전 / @아크_가디언_작전–@방주_밀봉 ~ @방주_밀봉–@1차_지상_탈환전 / @방주_밀봉–@1차_지상_탈환전 ~ @1차_지상_탈환전–@갓데스_폴,4,12
F1410,사실,F1410,처음 밝혀짐,드러냄,,73,2024-04-25,293,ch30,d_main_30_07_s,동시,,확실,확정,ch30,77,77
F1410,사실,E549,재언급,재언급,F1410,91,2024-10-31,338,event_oldtales1,event_oldtales2_epilogue,뒤,,확실,확정,@갓데스_투입–@궤도_엘리베이터_강습 ~ @궤도_엘리베이터_강습–@아크_가디언_작전 / @궤도_엘리베이터_강습–@아크_가디언_작전 / @아크_가디언_작전–@방주_밀봉 ~ @방주_밀봉–@1차_지상_탈환전 / @방주_밀봉–@1차_지상_탈환전 ~ @1차_지상_탈환전–@갓데스_폴,4,12
F1410,사실,E599,재언급,재언급,F1410,101,2025-02-20,358,ch35,d_main_35_02,뒤,,추정,확정,ch35,87,87
F1411,사실,F1411,처음 밝혀짐,드러냄,,73,2024-04-25,293,ch30,d_main_30_07_e,동시,,확실,확정,ch30,77,77
F1412,사실,F1412,처음 밝혀짐,드러냄,,73,2024-04-25,293,ch30,d_main_30_08_s,동시,,확실,확정,ch30,77,77
F1413,사실,E382,암시,암시,F1413,73,2024-04-25,293,ch30,d_main_30_02,동시,,추정,확정,ch30,77,77
F1413,사실,E389,암시,암시,F1413,73,2024-04-25,293,ch30,d_main_30_08_s,동시,,확실,확정,ch30,77,77
F1413,사실,E390,암시,암시,F1413,73,2024-04-25,293,ch30,d_main_30_08_e,동시,,추정,확정,ch30,77,77
F1413,사실,F1413,처음 밝혀짐,드러냄,,73,2024-04-25,293,ch30,d_main_30_09_s,동시,,확실,확정,ch30,77,77
F1414,사실,E329,암시,암시,F1414,65,2024-02-22,267,ch27,d_main_27_08,앞,,추정,확정,ch27,71,71
F1414,사실,F1414,처음 밝혀짐,드러냄,,73,2024-04-25,293,ch30,d_main_30_09_s,동시,,확실,확정,ch30,77,77
F1414,사실,E454,재언급,재언급,F1414,81,2024-07-25,310,ch32,d_main_32_06_s,뒤,,확실,확정,ch32,81,81
F1415,사실,F1415,처음 밝혀짐,드러냄,,73,2024-04-25,293,ch30,d_main_30_af_01,동시,,확실,확정,ch30,77,77
F1416,사실,F1416,처음 밝혀짐,드러냄,,73,2024-04-25,293,ch30,d_main_30_af_01,동시,,확실,확정,ch30,77,77
F1417,사실,F1417,처음 밝혀짐,드러냄,,73,2024-04-25,293,ch30,d_main_30_af_01,동시,,확실,확정,ch30,77,77
F1418,사실,F1418,처음 밝혀짐,드러냄,,73,2024-04-25,293,ch30,d_main_30_af_02,동시,,확실,확정,ch30,77,77
F1419,사실,F1419,처음 밝혀짐,드러냄,,73,2024-04-25,293,ch30,d_main_30_af_03,동시,,확실,확정,ch30,77,77
F1420,사실,F1420,처음 밝혀짐,드러냄,,73,2024-04-25,294,relic:하모니큐브관찰일지,relic:하모니큐브관찰일지_00,동시,,확실,확정,~ ch29–ch30,,76
F1421,사실,F1421,처음 밝혀짐,드러냄,,73,2024-04-25,294,relic:하모니큐브관찰일지,relic:하모니큐브관찰일지_02,동시,,확실,확정,~ ch29–ch30,,76
F1422,사실,F1422,처음 밝혀짐,드러냄,,73,2024-04-25,295,event_lastkingdom1,event_lastkingdom1_prologue,동시,,확실,확정,ch26–ch27 ~,70,
F1423,사실,F1423,처음 밝혀짐,드러냄,,73,2024-04-25,295,event_lastkingdom1,event_lastkingdom1_03_s,동시,,확실,확정,ch26–ch27 ~,70,
F1424,사실,F1424,처음 밝혀짐,드러냄,,73,2024-04-25,295,event_lastkingdom1,event_lastkingdom1_02_s,동시,,확실,확정,ch26–ch27 ~,70,
F1425,사실,F1425,처음 밝혀짐,드러냄,,73,2024-04-25,295,event_lastkingdom1,event_lastkingdom1_01_s,동시,,확실,확정,ch26–ch27 ~,70,
F1426,사실,F1426,처음 밝혀짐,드러냄,,73,2024-04-25,295,event_lastkingdom1,event_lastkingdom1_01_e,동시,,확실,확정,ch26–ch27 ~,70,
F1427,사실,F1427,처음 밝혀짐,드러냄,,73,2024-04-25,295,event_lastkingdom1,event_lastkingdom1_04_s,동시,,확실,확정,ch26–ch27 ~,70,
F1428,사실,F1428,처음 밝혀짐,드러냄,,73,2024-04-25,295,event_lastkingdom1,event_lastkingdom1_04_e,동시,,확실,확정,ch26–ch27 ~,70,
F1429,사실,F1429,처음 밝혀짐,드러냄,,73,2024-04-25,295,event_lastkingdom1,event_lastkingdom1_intermission,동시,,추정,확정,ch26–ch27 ~,70,
F1430,사실,F1430,처음 밝혀짐,드러냄,,73,2024-04-25,295,event_lastkingdom1,event_lastkingdom1_intermission,동시,,확실,확정,ch26–ch27 ~,70,
F1430,사실,E943,재언급,재언급,F1430,128,2025-10-30,418,event_goddessfall1,event_goddessfall1_05_e,뒤,,확실,확정,ch40–ch41,98,98
F1431,사실,F1431,처음 밝혀짐,드러냄,,73,2024-04-25,295,event_lastkingdom1,event_lastkingdom1_04_e,동시,,확실,확정,ch26–ch27 ~,70,
F1432,사실,F1432,처음 밝혀짐,드러냄,,73,2024-04-25,295,event_lastkingdom1,event_lastkingdom1_05_e,동시,,확실,확정,ch26–ch27 ~,70,
F1433,사실,F1433,처음 밝혀짐,드러냄,,73,2024-04-25,295,event_lastkingdom1,event_lastkingdom1_05_e,동시,,확실,확정,ch26–ch27 ~,70,
F1434,사실,F1434,처음 밝혀짐,드러냄,,73,2024-04-25,295,event_lastkingdom1,event_lastkingdom1_06_e,동시,,확실,확정,ch26–ch27 ~,70,
F1435,사실,E202,암시,암시,F1435,36,2023-04-27,203,event_overzone,event_overzone2_05_e,앞,,추정,확정,@2차_지상_탈환전–ch00,16,16
F1435,사실,F1435,처음 밝혀짐,드러냄,,73,2024-04-25,295,event_lastkingdom1,event_lastkingdom1_b03_e,동시,,확실,확정,ch26–ch27 ~,70,
F1436,사실,E365,암시,암시,F1436,71,2024-04-11,288,side:second_affection,side:second_affection_13,앞,,추정,확정,ch14–ch15 ~ ch15,46,47
F1436,사실,F1436,처음 밝혀짐,드러냄,,73,2024-04-25,295,event_lastkingdom1,event_lastkingdom2_03_s,동시,,확실,확정,ch26–ch27 ~,70,
F1437,사실,F1437,처음 밝혀짐,드러냄,,73,2024-04-25,295,event_lastkingdom1,event_lastkingdom1_05_s,동시,,확실,확정,ch26–ch27 ~,70,
F1437,사실,E1626,재언급,재언급,F1437,128,2025-10-30,421,char:331,ep:d_nikke_chime_04,뒤,,확실,확정,ch26,69,69
F1438,사실,E364,암시,암시,F1438,71,2024-04-11,288,side:second_affection,side:second_affection_12,앞,,확실,확정,ch14–ch15 ~ ch15,46,47
F1438,사실,E400,암시,암시,F1438,73,2024-04-25,295,event_lastkingdom1,event_lastkingdom1_06_e,동시,,추정,확정,ch26–ch27 ~,70,
F1438,사실,F1438,처음 밝혀짐,드러냄,,73,2024-04-25,295,event_lastkingdom1,event_lastkingdom2_04_s,동시,,확실,확정,ch26–ch27 ~,70,
F1439,사실,E392,암시,암시,F1439,73,2024-04-25,295,event_lastkingdom1,event_lastkingdom1_prologue,동시,,추정,확정,ch26–ch27 ~,70,
F1439,사실,E393,암시,암시,F1439,73,2024-04-25,295,event_lastkingdom1,event_lastkingdom1_02_e,동시,,확실,확정,ch26–ch27 ~,70,
F1439,사실,F1439,처음 밝혀짐,드러냄,,73,2024-04-25,295,event_lastkingdom1,event_lastkingdom2_intermission,동시,,확실,확정,ch26–ch27 ~,70,
F1440,사실,F1440,처음 밝혀짐,드러냄,,73,2024-04-25,295,event_lastkingdom1,event_lastkingdom1_06_s,동시,,확실,확정,ch26–ch27 ~,70,
F1441,사실,F1441,처음 밝혀짐,드러냄,,73,2024-04-25,295,event_lastkingdom1,event_lastkingdom2_02_e,동시,,확실,확정,ch26–ch27 ~,70,
F1442,사실,F1442,처음 밝혀짐,드러냄,,73,2024-04-25,295,event_lastkingdom1,event_lastkingdom2_02_e,동시,,확실,확정,ch26–ch27 ~,70,
F1443,사실,F1443,처음 밝혀짐,드러냄,,73,2024-04-25,295,event_lastkingdom1,event_lastkingdom2_05_s,동시,,확실,확정,ch26–ch27 ~,70,
F1443,사실,E937,재언급,재언급,F1443,128,2025-10-30,418,event_goddessfall1,event_goddessfall1_intermission_01,뒤,,확실,확정,ch40–ch41,98,98
F1444,사실,F1444,처음 밝혀짐,드러냄,,73,2024-04-25,295,event_lastkingdom1,event_lastkingdom2_05_e,동시,,확실,확정,ch26–ch27 ~,70,
F1445,사실,E403,암시,암시,F1445,73,2024-04-25,295,event_lastkingdom1,event_lastkingdom2_01_s,동시,,확실,확정,ch26–ch27 ~,70,
F1445,사실,E405,암시,암시,F1445,73,2024-04-25,295,event_lastkingdom1,event_lastkingdom2_03_s,동시,,추정,확정,ch26–ch27 ~,70,
F1445,사실,E406,암시,암시,F1445,73,2024-04-25,295,event_lastkingdom1,event_lastkingdom2_04_s,동시,,추정,확정,ch26–ch27 ~,70,
F1445,사실,F1445,처음 밝혀짐,드러냄,,73,2024-04-25,295,event_lastkingdom1,event_lastkingdom2_06_e,동시,,확실,확정,ch26–ch27 ~,70,
F1445,사실,E1364,재언급,재언급,F1445,73,2024-04-25,296,char:330,ep:d_nikke_crown_03,동시,,추정,확정,ch25–ch26 ~ ch26–ch27,68,70
F1446,사실,E408,암시,암시,F1446,73,2024-04-25,295,event_lastkingdom1,event_lastkingdom2_04_s,동시,,확실,확정,ch26–ch27 ~,70,
F1446,사실,F1446,처음 밝혀짐,드러냄,,73,2024-04-25,295,event_lastkingdom1,event_lastkingdom2_04_s,동시,,확실,확정,ch26–ch27 ~,70,
F1446,사실,E954,재언급,재언급,F1446,128,2025-10-30,418,event_goddessfall1,event_goddessfall2_03_e,뒤,,확실,확정,ch40–ch41,98,98
F1446,사실,E955,재언급,재언급,F1446,128,2025-10-30,418,event_goddessfall1,event_goddessfall2_05_s,뒤,,확실,확정,ch40–ch41,98,98
F1447,사실,F1447,처음 밝혀짐,드러냄,,73,2024-04-25,295,event_lastkingdom1,event_lastkingdom2_06_e,동시,,확실,확정,ch26–ch27 ~,70,
F1448,사실,E394,암시,암시,F1448,73,2024-04-25,295,event_lastkingdom1,event_lastkingdom1_03_e,동시,,추정,확정,ch26–ch27 ~,70,
F1448,사실,F1448,처음 밝혀짐,드러냄,,73,2024-04-25,295,event_lastkingdom1,event_lastkingdom2_06_s,동시,,확실,확정,ch26–ch27 ~,70,
F1449,사실,F1449,처음 밝혀짐,드러냄,,73,2024-04-25,295,event_lastkingdom1,event_lastkingdom2_epilogue,동시,,확실,확정,ch26–ch27 ~,70,
F1450,사실,F1450,처음 밝혀짐,드러냄,,73,2024-04-25,295,event_lastkingdom1,event_lastkingdom2_epilogue,동시,,확실,확정,ch26–ch27 ~,70,
F1451,사실,F1451,처음 밝혀짐,드러냄,,73,2024-04-25,295,event_lastkingdom1,event_lastkingdom2_epilogue,동시,,추정,확정,ch26–ch27 ~,70,
F1452,사실,E1297,암시,암시,F1452,24,2023-01-01,164,char:260,ep:d_nikke_marian_p_03,앞,,추정,확정,ch13–ch14,44,44
F1452,사실,E396,암시,암시,F1452,73,2024-04-25,295,event_lastkingdom1,event_lastkingdom1_04_e,동시,,추정,확정,ch26–ch27 ~,70,
F1452,사실,E411,암시,암시,F1452,73,2024-04-25,295,event_lastkingdom1,event_lastkingdom2_06_s,동시,,확실,확정,ch26–ch27 ~,70,
F1452,사실,F1452,처음 밝혀짐,드러냄,,73,2024-04-25,295,event_lastkingdom1,event_lastkingdom2_epilogue,동시,,확실,확정,ch26–ch27 ~,70,
F1453,사실,F1453,처음 밝혀짐,드러냄,,73,2024-04-25,295,event_lastkingdom1,event_lastkingdom2_epilogue,동시,,확실,확정,ch26–ch27 ~,70,
F1453,사실,E1099,재언급,재언급,F1453,144,2026-04-23,452,ch46,d_main_46_07,뒤,,확실,확정,ch46,109,109
F1454,사실,F1454,처음 밝혀짐,드러냄,,73,2024-04-25,296,char:330,ep:d_nikke_crown_01,동시,,확실,확정,ch25–ch26 ~ ch26–ch27,68,70
F1455,사실,F1455,처음 밝혀짐,드러냄,,73,2024-04-25,296,char:330,ep:d_nikke_crown_03,동시,,확실,확정,ch25–ch26 ~ ch26–ch27,68,70
F1456,사실,F1456,처음 밝혀짐,드러냄,,73,2024-04-25,296,char:330,ep:d_nikke_crown_03,동시,,확실,확정,ch25–ch26 ~ ch26–ch27,68,70
F1457,사실,F1457,처음 밝혀짐,드러냄,,73,2024-04-25,296,char:330,ep:d_nikke_crown_04,동시,,확실,확정,ch25–ch26 ~ ch26–ch27,68,70
F1458,사실,F1458,처음 밝혀짐,드러냄,,73,2024-04-25,296,char:330,ep:d_nikke_crown_04,동시,,확실,확정,ch25–ch26 ~ ch26–ch27,68,70
F1459,사실,E1363,암시,암시,F1459,73,2024-04-25,296,char:330,ep:d_nikke_crown_01,동시,,확실,확정,ch25–ch26 ~ ch26–ch27,68,70
F1459,사실,F1459,처음 밝혀짐,드러냄,,73,2024-04-25,296,char:330,ep:d_nikke_crown_05,동시,,확실,확정,ch25–ch26 ~ ch26–ch27,68,70
F1460,사실,F1460,처음 밝혀짐,드러냄,,73,2024-04-25,297,char:361,ep:d_nikke_kilo_02,동시,,확실,확정,ch26 ~,69,
F1461,사실,F1461,처음 밝혀짐,드러냄,,73,2024-04-25,297,char:361,ep:d_nikke_kilo_02,동시,,확실,확정,ch26 ~,69,
F1462,사실,F1462,처음 밝혀짐,드러냄,,73,2024-04-25,297,char:361,ep:d_nikke_kilo_03,동시,,확실,확정,ch26 ~,69,
F1463,사실,F1463,처음 밝혀짐,드러냄,,73,2024-04-25,297,char:361,ep:d_nikke_kilo_05,동시,,확실,확정,ch26 ~,69,
F1464,사실,F1464,처음 밝혀짐,드러냄,,74,2024-05-16,298,event_darkhero,event_darkhero_01_s,동시,,확실,확정,ch26 ~ ch26–ch27,69,70
F1464,사실,E1413,재언급,재언급,F1464,94,2024-12-05,347,event_icedragonsaga1,event_icedragonsaga2_epilogue,뒤,,추정,확정,ch26 ~,69,
F1465,사실,F1465,처음 밝혀짐,드러냄,,74,2024-05-16,298,event_darkhero,event_darkhero_01_s,동시,,확실,확정,ch26 ~ ch26–ch27,69,70
F1465,사실,E1180,재언급,재언급,F1465,148,2026-06-11,462,fl:ark_ranger,fl:ark_ranger_21,뒤,,확실,확정,~ ch21–ch22 / ch22 / ch42 / ch45 / ch46–ch47 ~ ch47,,111
F1466,사실,F1466,처음 밝혀짐,드러냄,,74,2024-05-16,298,event_darkhero,event_darkhero_02_s,동시,,확실,확정,ch26 ~ ch26–ch27,69,70
F1467,사실,F1467,처음 밝혀짐,드러냄,,74,2024-05-16,298,event_darkhero,event_darkhero_02_e,동시,,확실,확정,ch26 ~ ch26–ch27,69,70
F1468,사실,F1468,처음 밝혀짐,드러냄,,74,2024-05-16,298,event_darkhero,event_darkhero_02_e,동시,,확실,확정,ch26 ~ ch26–ch27,69,70
F1468,사실,E1415,재언급,재언급,F1468,94,2024-12-05,347,event_icedragonsaga1,event_icedragonsaga2_05_s,뒤,,확실,확정,ch26 ~,69,
F1469,사실,F1469,처음 밝혀짐,드러냄,,74,2024-05-16,298,event_darkhero,event_darkhero_04_s,동시,,확실,확정,ch26 ~ ch26–ch27,69,70
F1470,사실,F1470,처음 밝혀짐,드러냄,,74,2024-05-16,298,event_darkhero,event_darkhero_intermission_01,동시,,확실,확정,ch26 ~ ch26–ch27,69,70
F1471,사실,F1471,처음 밝혀짐,드러냄,,74,2024-05-16,298,event_darkhero,event_darkhero_05_e,동시,,확실,확정,ch26 ~ ch26–ch27,69,70
F1472,사실,F1472,처음 밝혀짐,드러냄,,74,2024-05-16,298,event_darkhero,event_darkhero_04_s,동시,,확실,확정,ch26 ~ ch26–ch27,69,70
F1473,사실,F1473,처음 밝혀짐,드러냄,,74,2024-05-16,298,event_darkhero,event_darkhero_05_s,동시,,확실,확정,ch26 ~ ch26–ch27,69,70
F1473,사실,E1409,재언급,재언급,F1473,94,2024-12-05,347,event_icedragonsaga1,event_icedragonsaga2_03_s,뒤,,확실,확정,ch26 ~,69,
F1474,사실,E344,암시,암시,F1474,66,2024-02-22,280,event_boomsday,event_boomsday_prologue,앞,,추정,확정,ch07–ch08 ~ ch26–ch27,32,70
F1474,사실,E346,암시,암시,F1474,66,2024-02-22,280,event_boomsday,event_boomsday_03_e,앞,,추정,확정,ch07–ch08 ~ ch26–ch27,32,70
F1474,사실,E348,암시,암시,F1474,66,2024-02-22,280,event_boomsday,event_boomsday_04_s,앞,,확실,확정,ch07–ch08 ~ ch26–ch27,32,70
F1474,사실,E384,암시,암시,F1474,73,2024-04-25,293,ch30,d_main_30_04,앞,,추정,확정,ch30,77,77
F1474,사실,F1474,처음 밝혀짐,드러냄,,74,2024-05-16,298,event_darkhero,event_darkhero_02_s,동시,,확실,확정,ch26 ~ ch26–ch27,69,70
F1475,사실,E345,암시,암시,F1475,66,2024-02-22,280,event_boomsday,event_boomsday_03_s,앞,,확실,확정,ch07–ch08 ~ ch26–ch27,32,70
F1475,사실,E415,암시,암시,F1475,74,2024-05-16,298,event_darkhero,event_darkhero_01_s,동시,,확실,확정,ch26 ~ ch26–ch27,69,70
F1475,사실,F1475,처음 밝혀짐,드러냄,,74,2024-05-16,298,event_darkhero,event_darkhero_03_s,동시,,확실,확정,ch26 ~ ch26–ch27,69,70
F1476,사실,E347,암시,암시,F1476,66,2024-02-22,280,event_boomsday,event_boomsday_03_e,앞,,추정,확정,ch07–ch08 ~ ch26–ch27,32,70
F1476,사실,F1476,처음 밝혀짐,드러냄,,74,2024-05-16,298,event_darkhero,event_darkhero_03_e,동시,,확실,확정,ch26 ~ ch26–ch27,69,70
F1476,사실,F1476-2,보강,드러냄,,148,2026-06-11,462,fl:ark_ranger,fl:ark_ranger_10,뒤,,확실,확정,~ ch21–ch22 / ch22 / ch42 / ch45 / ch46–ch47 ~ ch47,,111
F1477,사실,F1477,처음 밝혀짐,드러냄,,74,2024-05-16,298,event_darkhero,event_darkhero_06_e,동시,,확실,확정,ch26 ~ ch26–ch27,69,70
F1478,사실,E414,암시,암시,F1478,74,2024-05-16,298,event_darkhero,event_darkhero_prologue,동시,,확실,확정,ch26 ~ ch26–ch27,69,70
F1478,사실,F1478,처음 밝혀짐,드러냄,,74,2024-05-16,298,event_darkhero,event_darkhero_epilogue,동시,,확실,확정,ch26 ~ ch26–ch27,69,70
F1478,사실,E1413,재언급,재언급,F1478,94,2024-12-05,347,event_icedragonsaga1,event_icedragonsaga2_epilogue,뒤,,추정,확정,ch26 ~,69,
F1479,사실,F1479,처음 밝혀짐,드러냄,,74,2024-05-16,299,char:501,ep:d_nikke_trony_01,동시,,확실,확정,ch15–ch16 ~,48,
F1480,사실,F1480,처음 밝혀짐,드러냄,,74,2024-05-16,299,char:501,ep:d_nikke_trony_04,동시,,확실,확정,ch15–ch16 ~,48,
F1481,사실,F1481,처음 밝혀짐,드러냄,,75,2024-05-30,300,event_goldencoinrush1,event_goldencoinrush1_prologue,동시,,확실,확정,ch22–ch23 ~,62,
F1482,사실,F1482,처음 밝혀짐,드러냄,,75,2024-05-30,300,event_goldencoinrush1,event_goldencoinrush1_01_s,동시,,확실,확정,ch22–ch23 ~,62,
F1483,사실,F1483,처음 밝혀짐,드러냄,,75,2024-05-30,300,event_goldencoinrush1,event_goldencoinrush1_01_s,동시,,확실,확정,ch22–ch23 ~,62,
F1484,사실,F1484,처음 밝혀짐,드러냄,,75,2024-05-30,300,event_goldencoinrush1,event_goldencoinrush1_03_s,동시,,확실,확정,ch22–ch23 ~,62,
F1485,사실,F1485,처음 밝혀짐,드러냄,,75,2024-05-30,300,event_goldencoinrush1,event_goldencoinrush1_b01_e,동시,,확실,확정,ch22–ch23 ~,62,
F1486,사실,F1486,처음 밝혀짐,드러냄,,75,2024-05-30,300,event_goldencoinrush1,event_goldencoinrush1_05_e,동시,,확실,확정,ch22–ch23 ~,62,
F1486,사실,E869,재언급,재언급,F1486,122,2025-09-04,404,fl:coins_in_rush,fl:coins_in_rush_26,뒤,,확실,확정,ch22–ch23 ~,62,
F1487,사실,E1370,암시,암시,F1487,75,2024-05-30,300,event_goldencoinrush1,event_goldencoinrush1_06_e,동시,,확실,확정,ch22–ch23 ~,62,
F1487,사실,F1487,처음 밝혀짐,드러냄,,75,2024-05-30,300,event_goldencoinrush1,event_goldencoinrush2_02_s,동시,,확실,확정,ch22–ch23 ~,62,
F1488,사실,F1488,처음 밝혀짐,드러냄,,75,2024-05-30,300,event_goldencoinrush1,event_goldencoinrush2_b02_s,동시,,확실,확정,ch22–ch23 ~,62,
F1489,사실,F1489,처음 밝혀짐,드러냄,,75,2024-05-30,300,event_goldencoinrush1,event_goldencoinrush2_b03_e,동시,,확실,확정,ch22–ch23 ~,62,
F1490,사실,F1490,처음 밝혀짐,드러냄,,75,2024-05-30,300,event_goldencoinrush1,event_goldencoinrush2_epilogue,동시,,확실,확정,ch22–ch23 ~,62,
F1491,사실,F1491,처음 밝혀짐,드러냄,,75,2024-05-30,301,char:314,ep:d_nikke_soda_twinklingbunny_01,동시,,확실,확정,ch22–ch23 ~,62,
F1492,사실,F1492,처음 밝혀짐,드러냄,,75,2024-05-30,301,char:314,ep:d_nikke_soda_twinklingbunny_05,동시,,확실,확정,ch22–ch23 ~,62,
F1493,사실,F1493,처음 밝혀짐,드러냄,,75,2024-05-30,301,char:314,ep:d_nikke_soda_twinklingbunny_04,동시,,확실,확정,ch22–ch23 ~,62,
F1494,사실,F1494,처음 밝혀짐,드러냄,,76,2024-06-06,302,char:195,ep:d_nikke_alice_wonderlandbunny_02,동시,,확실,확정,ch22–ch23 ~,62,
F1495,사실,F1495,처음 밝혀짐,드러냄,,76,2024-06-06,302,char:195,ep:d_nikke_alice_wonderlandbunny_05,동시,,확실,확정,ch22–ch23 ~,62,
F1496,사실,E212,암시,암시,F1496,40,2023-06-15,212,event_bluewaterisland,event_bluewaterisland1_04_e,앞,,추정,확정,ch22–ch23 ~,62,
F1496,사실,F1496,처음 밝혀짐,드러냄,,77,2024-06-20,303,event_claymore,event_claymore_01_s,동시,,확실,확정,ch22–ch23 ~,62,
F1497,사실,F1497,처음 밝혀짐,드러냄,,77,2024-06-20,303,event_claymore,event_claymore_01_s,동시,,확실,확정,ch22–ch23 ~,62,
F1498,사실,E1372,암시,암시,F1498,77,2024-06-20,303,event_claymore,event_claymore_01_s,동시,,확실,확정,ch22–ch23 ~,62,
F1498,사실,E1374,재언급,재언급,F1498,77,2024-06-20,303,event_claymore,event_claymore_03_e,동시,,추정,확정,ch22–ch23 ~,62,
F1498,사실,F1498,처음 밝혀짐,드러냄,,77,2024-06-20,303,event_claymore,event_claymore_02_e,동시,,확실,확정,ch22–ch23 ~,62,
F1499,사실,E1377,재언급,재언급,F1499,77,2024-06-20,303,event_claymore,event_claymore_06_e,동시,,확실,확정,ch22–ch23 ~,62,
F1499,사실,F1499,처음 밝혀짐,드러냄,,77,2024-06-20,303,event_claymore,event_claymore_06_s,동시,,확실,확정,ch22–ch23 ~,62,
F1500,사실,E1376,암시,암시,F1500,77,2024-06-20,303,event_claymore,event_claymore_05_e,동시,,확실,확정,ch22–ch23 ~,62,
F1500,사실,F1500,처음 밝혀짐,드러냄,,77,2024-06-20,303,event_claymore,event_claymore_epilogue,동시,,확실,확정,ch22–ch23 ~,62,
F1501,사실,F1501,처음 밝혀짐,드러냄,,77,2024-06-20,303,event_claymore,event_claymore_03_s,동시,,확실,확정,ch22–ch23 ~,62,
F1502,사실,F1502,처음 밝혀짐,드러냄,,77,2024-06-20,303,event_claymore,event_claymore_05_s,동시,,확실,확정,ch22–ch23 ~,62,
F1503,사실,F1503,처음 밝혀짐,드러냄,,77,2024-06-20,303,event_claymore,event_claymore_06_e,동시,,확실,확정,ch22–ch23 ~,62,
F1504,사실,E1360,암시,암시,F1504,71,2024-04-11,289,event_onemoretime,event_onemoretime_04_e,앞,,추정,확정,ch22–ch23 ~,62,
F1504,사실,E1361,암시,암시,F1504,71,2024-04-11,289,event_onemoretime,event_onemoretime_05_s,앞,,추정,확정,ch22–ch23 ~,62,
F1504,사실,F1504,처음 밝혀짐,드러냄,,77,2024-06-20,304,char:551,ep:d_nikke_clay_01,동시,,확실,확정,ch26 ~,69,
F1505,사실,F1505,처음 밝혀짐,드러냄,,77,2024-06-20,304,char:551,ep:d_nikke_clay_01,동시,,확실,확정,ch26 ~,69,
F1506,사실,F1506,처음 밝혀짐,드러냄,,78,2024-07-04,305,event_beautyfullshot1,event_beautyfullshot1_01_s,동시,,확실,확정,ch22–ch23 ~,62,
F1507,사실,F1507,처음 밝혀짐,드러냄,,78,2024-07-04,305,event_beautyfullshot1,event_beautyfullshot1_01_e,동시,,확실,확정,ch22–ch23 ~,62,
F1508,사실,F1508,처음 밝혀짐,드러냄,,78,2024-07-04,305,event_beautyfullshot1,event_beautyfullshot1_02_s,동시,,확실,확정,ch22–ch23 ~,62,
F1509,사실,F1509,처음 밝혀짐,드러냄,,78,2024-07-04,305,event_beautyfullshot1,event_beautyfullshot1_03_e,동시,,확실,확정,ch22–ch23 ~,62,
F1510,사실,F1510,처음 밝혀짐,드러냄,,78,2024-07-04,305,event_beautyfullshot1,event_beautyfullshot1_intermission,동시,,확실,확정,ch22–ch23 ~,62,
F1511,사실,F1511,처음 밝혀짐,드러냄,,78,2024-07-04,305,event_beautyfullshot1,event_beautyfullshot1_06_e,동시,,확실,확정,ch22–ch23 ~,62,
F1512,사실,F1512,처음 밝혀짐,드러냄,,78,2024-07-04,305,event_beautyfullshot1,event_beautyfullshot2_02_s,동시,,확실,확정,ch22–ch23 ~,62,
F1513,사실,E427,암시,암시,F1513,78,2024-07-04,305,event_beautyfullshot1,event_beautyfullshot1_06_e,동시,,추정,확정,ch22–ch23 ~,62,
F1513,사실,F1513,처음 밝혀짐,드러냄,,78,2024-07-04,305,event_beautyfullshot1,event_beautyfullshot2_02_e,동시,,확실,확정,ch22–ch23 ~,62,
F1513,사실,E1412,재언급,재언급,F1513,94,2024-12-05,347,event_icedragonsaga1,event_icedragonsaga2_01_s,뒤,,확실,확정,ch26 ~,69,
F1514,사실,F1514,처음 밝혀짐,드러냄,,78,2024-07-04,305,event_beautyfullshot1,event_beautyfullshot2_03_e,동시,,확실,확정,ch22–ch23 ~,62,
F1515,사실,F1515,처음 밝혀짐,드러냄,,78,2024-07-04,305,event_beautyfullshot1,event_beautyfullshot2_intermission,동시,,확실,확정,ch22–ch23 ~,62,
F1516,사실,F1516,처음 밝혀짐,드러냄,,78,2024-07-04,305,event_beautyfullshot1,event_beautyfullshot2_03_e,동시,,확실,확정,ch22–ch23 ~,62,
F1517,사실,F1517,처음 밝혀짐,드러냄,,78,2024-07-04,305,event_beautyfullshot1,event_beautyfullshot2_05_e,동시,,확실,확정,ch22–ch23 ~,62,
F1518,사실,F1518,처음 밝혀짐,드러냄,,78,2024-07-04,305,event_beautyfullshot1,event_beautyfullshot2_05_e,동시,,확실,확정,ch22–ch23 ~,62,
F1519,사실,F1519,처음 밝혀짐,드러냄,,78,2024-07-04,305,event_beautyfullshot1,event_beautyfullshot2_epilogue,동시,,확실,확정,ch22–ch23 ~,62,
F1520,사실,F1520,처음 밝혀짐,드러냄,,78,2024-07-04,306,char:284,ep:d_nikke_sakura_bloominsummer_01,동시,,확실,확정,ch22–ch23 ~,62,
F1521,사실,F1521,처음 밝혀짐,드러냄,,79,2024-07-11,307,char:283,ep:d_nikke_rosanna_chicocean_04,동시,,확실,확정,ch22–ch23 ~,62,
F1522,사실,F1522,처음 밝혀짐,드러냄,,79,2024-07-11,307,char:283,ep:d_nikke_rosanna_chicocean_03,동시,,확실,확정,ch22–ch23 ~,62,
F1523,사실,F1523,처음 밝혀짐,드러냄,,80,2024-07-25,308,ch31,d_main_31_01_s,동시,,확실,확정,ch31,79,79
F1523,사실,F1523-2,보강,드러냄,,91,2024-10-31,338,event_oldtales1,event_oldtales1_04_s,뒤,,추정,확정,@갓데스_투입–@궤도_엘리베이터_강습 ~ @궤도_엘리베이터_강습–@아크_가디언_작전 / @궤도_엘리베이터_강습–@아크_가디언_작전 / @아크_가디언_작전–@방주_밀봉 ~ @방주_밀봉–@1차_지상_탈환전 / @방주_밀봉–@1차_지상_탈환전 ~ @1차_지상_탈환전–@갓데스_폴,4,12
F1524,사실,F1524,처음 밝혀짐,드러냄,,80,2024-07-25,308,ch31,d_main_31_01_s,동시,,확실,확정,ch31,79,79
F1524,사실,E515,재언급,재언급,F1524,91,2024-10-31,336,ch34,d_main_34_af_01,뒤,,추정,확정,ch34,85,85
F1525,사실,F1525,처음 밝혀짐,드러냄,,80,2024-07-25,308,ch31,d_main_31_01_e,동시,,확실,확정,ch31,79,79
F1526,사실,F1526,처음 밝혀짐,드러냄,,80,2024-07-25,308,ch31,d_main_31_03,동시,,확실,확정,ch31,79,79
F1527,사실,F1527,처음 밝혀짐,드러냄,,80,2024-07-25,308,ch31,d_main_31_04_e,동시,,확실,확정,ch31,79,79
F1528,사실,F1528,처음 밝혀짐,드러냄,,80,2024-07-25,308,ch31,d_main_31_04_s,동시,,확실,확정,ch31,79,79
F1529,사실,F1529,처음 밝혀짐,드러냄,,80,2024-07-25,308,ch31,d_main_31_05,동시,,확실,확정,ch31,79,79
F1529,사실,F1529-2,보강,드러냄,,119,2025-08-07,400,fl:absolute,fl:absolute_07,뒤,,확실,확정,ch34–ch35 ~,86,
F1530,사실,F1530,처음 밝혀짐,드러냄,,80,2024-07-25,308,ch31,d_main_31_04_s,동시,,확실,확정,ch31,79,79
F1530,사실,F1530-2,보강,드러냄,,81,2024-07-25,310,ch32,d_main_32_03,뒤,,확실,확정,ch32,81,81
F1531,사실,F1531,처음 밝혀짐,드러냄,,80,2024-07-25,308,ch31,d_main_31_06,동시,,확실,확정,ch31,79,79
F1532,사실,F1532,처음 밝혀짐,드러냄,,80,2024-07-25,308,ch31,d_main_31_07,동시,,확실,확정,ch31,79,79
F1533,사실,F1533,처음 밝혀짐,드러냄,,80,2024-07-25,308,ch31,d_main_31_08,동시,,확실,확정,ch31,79,79
F1533,사실,E627,재언급,재언급,F1533,102,2025-02-20,360,ch36,d_main_36_09_s,뒤,,확실,확정,ch36,89,89
F1534,사실,F1534,처음 밝혀짐,드러냄,,80,2024-07-25,308,ch31,d_main_31_08,동시,,확실,확정,ch31,79,79
F1535,사실,F1535,처음 밝혀짐,드러냄,,80,2024-07-25,308,ch31,d_main_31_09_s,동시,,확실,확정,ch31,79,79
F1536,사실,F1536,처음 밝혀짐,드러냄,,80,2024-07-25,308,ch31,d_main_31_09_e,동시,,확실,확정,ch31,79,79
F1537,사실,F1537,처음 밝혀짐,드러냄,,80,2024-07-25,308,ch31,d_main_31_09_e,동시,,확실,확정,ch31,79,79
F1538,사실,E435,암시,암시,F1538,80,2024-07-25,308,ch31,d_main_31_03,동시,,확실,확정,ch31,79,79
F1538,사실,F1538,처음 밝혀짐,드러냄,,80,2024-07-25,309,relic:말뚝프로젝트보고서,relic:말뚝프로젝트보고서_00,동시,,확실,확정,~ ch30–ch31,,78
F1539,사실,F1539,처음 밝혀짐,드러냄,,80,2024-07-25,309,relic:말뚝프로젝트보고서,relic:말뚝프로젝트보고서_02,동시,,확실,확정,~ ch30–ch31,,78
F1540,사실,E446,암시,암시,F1540,80,2024-07-25,308,ch31,d_main_31_08,앞,,추정,확정,ch31,79,79
F1540,사실,F1540,처음 밝혀짐,드러냄,,81,2024-07-25,310,ch32,d_main_32_01,동시,,확실,확정,ch32,81,81
F1541,사실,E270,암시,암시,F1541,55,2023-11-02,244,ch26,d_main_26_07_e,앞,,확실,확정,ch26,69,69
F1541,사실,F1541,처음 밝혀짐,드러냄,,81,2024-07-25,310,ch32,d_main_32_01,동시,,확실,확정,ch32,81,81
F1541,사실,E1021,재언급,재언급,F1541,138,2026-02-12,436,ch44,d_main_44_07,뒤,,확실,확정,ch44,105,105
F1542,사실,E438,암시,암시,F1542,80,2024-07-25,308,ch31,d_main_31_06,앞,,확실,확정,ch31,79,79
F1542,사실,E447,암시,암시,F1542,80,2024-07-25,308,ch31,d_main_31_09_e,앞,,확실,확정,ch31,79,79
F1542,사실,F1542,처음 밝혀짐,드러냄,,81,2024-07-25,310,ch32,d_main_32_03,동시,,확실,확정,ch32,81,81
F1543,사실,E443,암시,암시,F1543,80,2024-07-25,308,ch31,d_main_31_07,앞,,추정,확정,ch31,79,79
F1543,사실,F1543,처음 밝혀짐,드러냄,,81,2024-07-25,310,ch32,d_main_32_03,동시,,확실,확정,ch32,81,81
F1543,사실,F1543-2,보강,드러냄,,91,2024-10-31,339,erelic:old_tales_dialog,erelic:old_tales_dialog_18,뒤,,추정,확정,@방주_밀봉–@1차_지상_탈환전 ~ @1차_지상_탈환전–@갓데스_폴,10,12
F1544,사실,F1544,처음 밝혀짐,드러냄,,81,2024-07-25,310,ch32,d_main_32_04,동시,,확실,확정,ch32,81,81
F1544,사실,E499,재언급,재언급,F1544,91,2024-10-31,336,ch34,d_main_34_04,뒤,,확실,확정,ch34,85,85
F1544,사실,E839,재언급,재언급,F1544,119,2025-08-07,400,fl:absolute,fl:absolute_05,뒤,,확실,확정,ch34–ch35 ~,86,
F1545,사실,E442,암시,암시,F1545,80,2024-07-25,308,ch31,d_main_31_07,앞,,확실,확정,ch31,79,79
F1545,사실,F1545,처음 밝혀짐,드러냄,,81,2024-07-25,310,ch32,d_main_32_05,동시,,확실,확정,ch32,81,81
F1545,사실,E475,재언급,재언급,F1545,90,2024-10-31,334,ch33,d_main_33_01,뒤,,확실,확정,ch33,83,83
F1546,사실,F1546,처음 밝혀짐,드러냄,,81,2024-07-25,310,ch32,d_main_32_05,동시,,확실,확정,ch32,81,81
F1546,사실,E491,재언급,재언급,F1546,91,2024-10-31,336,ch34,d_main_34_01_s,뒤,,확실,확정,ch34,85,85
F1546,사실,E614,재언급,재언급,F1546,101,2025-02-20,358,ch35,d_main_35_09_e,뒤,,추정,확정,ch35,87,87
F1546,사실,E623,재언급,재언급,F1546,102,2025-02-20,360,ch36,d_main_36_05,뒤,,확실,확정,ch36,89,89
F1546,사실,E631,재언급,재언급,F1546,102,2025-02-20,361,relic:할일목록,relic:할일목록_00,뒤,,추정,확정,,,
F1546,사실,E670,재언급,재언급,F1546,109,2025-04-24,375,ch38,d_main_38_08,뒤,,추정,확정,ch38,93,93
F1546,사실,E842,재언급,재언급,F1546,119,2025-08-07,400,fl:absolute,fl:absolute_14,뒤,,확실,확정,ch34–ch35 ~,86,
F1546,사실,E849,재언급,재언급,F1546,119,2025-08-07,400,fl:absolute,fl:absolute_25,뒤,,확실,확정,ch34–ch35 ~,86,
F1547,사실,F1547,처음 밝혀짐,드러냄,,81,2024-07-25,310,ch32,d_main_32_05,동시,,확실,확정,ch32,81,81
F1548,사실,E441,암시,암시,F1548,80,2024-07-25,308,ch31,d_main_31_07,앞,,확실,확정,ch31,79,79
F1548,사실,F1548,처음 밝혀짐,드러냄,,81,2024-07-25,310,ch32,d_main_32_06_e,동시,,확실,확정,ch32,81,81
F1549,사실,F1549,처음 밝혀짐,드러냄,,81,2024-07-25,310,ch32,d_main_32_02_e,동시,,확실,확정,ch32,81,81
F1550,사실,F1550,처음 밝혀짐,드러냄,,81,2024-07-25,310,ch32,d_main_32_07,동시,,확실,확정,ch32,81,81
F1551,사실,F1551,처음 밝혀짐,드러냄,,81,2024-07-25,310,ch32,d_main_32_07,동시,,확실,확정,ch32,81,81
F1552,사실,F1552,처음 밝혀짐,드러냄,,81,2024-07-25,310,ch32,d_main_32_08_s,동시,,확실,확정,ch32,81,81
F1552,사실,E468,재언급,재언급,F1552,81,2024-07-25,316,relic:수정지역깊은곳어딘가,relic:수정지역깊은곳어딘가_02,동시,,확실,확정,~ ch31–ch32,,80
F1553,사실,F1553,처음 밝혀짐,드러냄,,81,2024-07-25,310,ch32,d_main_32_09_s,동시,,확실,확정,ch32,81,81
F1553,사실,E468,재언급,재언급,F1553,81,2024-07-25,316,relic:수정지역깊은곳어딘가,relic:수정지역깊은곳어딘가_02,동시,,확실,확정,~ ch31–ch32,,80
F1554,사실,F1554,처음 밝혀짐,드러냄,,81,2024-07-25,310,ch32,d_main_32_09_e,동시,,확실,확정,ch32,81,81
F1555,사실,E444,암시,암시,F1555,80,2024-07-25,308,ch31,d_main_31_08,앞,,확실,확정,ch31,79,79
F1555,사실,F1555,처음 밝혀짐,드러냄,,81,2024-07-25,310,ch32,d_main_32_09_e,동시,,확실,확정,ch32,81,81
F1555,사실,E505,재언급,재언급,F1555,91,2024-10-31,336,ch34,d_main_34_07_s,뒤,,확실,확정,ch34,85,85
F1556,사실,F1556,처음 밝혀짐,드러냄,,81,2024-07-25,310,ch32,d_main_32_09_e,동시,,확실,확정,ch32,81,81
F1557,사실,F1557,처음 밝혀짐,드러냄,,81,2024-07-25,310,ch32,d_main_32_af_01,동시,,확실,확정,ch32,81,81
F1557,사실,E831,재언급,재언급,F1557,119,2025-08-07,400,fl:absolute,fl:absolute_00,뒤,,확실,확정,ch34–ch35 ~,86,
F1557,사실,E841,재언급,재언급,F1557,119,2025-08-07,400,fl:absolute,fl:absolute_13,뒤,,확실,확정,ch34–ch35 ~,86,
F1558,사실,E445,암시,암시,F1558,80,2024-07-25,308,ch31,d_main_31_08,앞,,추정,확정,ch31,79,79
F1558,사실,F1558,처음 밝혀짐,드러냄,,81,2024-07-25,310,ch32,d_main_32_af_01,동시,,확실,확정,ch32,81,81
F1558,사실,E554,재언급,재언급,F1558,91,2024-10-31,341,erelic:old_tales_mini_memory,erelic:old_tales_mini_memory_39,뒤,,추정,확정,@궤도_엘리베이터_강습–@아크_가디언_작전 ~,6,
F1559,사실,E29,암시,암시,F1559,5,2022-11-04,8,ch04,d_main_04_09_e,앞,,추정,확정,ch04,25,25
F1559,사실,E99,암시,암시,F1559,15,2022-11-04,80,ch14,d_main_14af_03,앞,,추정,확정,ch14,45,45
F1559,사실,E1261,암시,암시,F1559,17,2022-11-04,103,char:10,ep:d_nikke_rapi_05,앞,,추정,확정,ch01–ch02 ~ ch02–ch03,20,22
F1559,사실,E437,암시,암시,F1559,80,2024-07-25,308,ch31,d_main_31_05,앞,,확실,확정,ch31,79,79
F1559,사실,F1559,처음 밝혀짐,드러냄,,81,2024-07-25,310,ch32,d_main_32_af_02,동시,,확실,확정,ch32,81,81
F1559,사실,E496,재언급,재언급,F1559,91,2024-10-31,336,ch34,d_main_34_02,뒤,,확실,확정,ch34,85,85
F1559,사실,E498,재언급,재언급,F1559,91,2024-10-31,336,ch34,d_main_34_03,뒤,,확실,확정,ch34,85,85
F1559,사실,E838,재언급,재언급,F1559,119,2025-08-07,400,fl:absolute,fl:absolute_05,뒤,,확실,확정,ch34–ch35 ~,86,
F1560,사실,F1560,처음 밝혀짐,드러냄,,81,2024-07-25,310,ch32,d_main_32_af_02,동시,,확실,확정,ch32,81,81
F1561,사실,F1561,처음 밝혀짐,드러냄,,81,2024-07-25,311,sub:관짝이_00,sub:관짝이_00,동시,,확실,확정,ch32–ch33,82,82
F1562,사실,F1562,처음 밝혀짐,드러냄,,81,2024-07-25,311,sub:관짝이_00,sub:관짝이_00,동시,,확실,확정,ch32–ch33,82,82
F1563,사실,E388,암시,암시,F1563,73,2024-04-25,293,ch30,d_main_30_07_s,앞,,확실,확정,ch30,77,77
F1563,사실,F1563,처음 밝혀짐,드러냄,,81,2024-07-25,311,sub:관짝이_00,sub:관짝이_00,동시,,확실,확정,ch32–ch33,82,82
F1563,사실,E506,재언급,재언급,F1563,91,2024-10-31,336,ch34,d_main_34_08,뒤,,확실,확정,ch34,85,85
F1563,사실,E600,재언급,재언급,F1563,101,2025-02-20,358,ch35,d_main_35_03,뒤,,확실,확정,ch35,87,87
F1564,사실,F1564,처음 밝혀짐,드러냄,,81,2024-07-25,312,sub:거울_공주_00,sub:거울_공주_00,동시,,확실,확정,ch32–ch33 ~ ch33–ch34,82,84
F1565,사실,F1565,처음 밝혀짐,드러냄,,81,2024-07-25,312,sub:거울_공주_00,sub:거울_공주_00,동시,,확실,확정,ch32–ch33 ~ ch33–ch34,82,84
F1566,사실,F1566,처음 밝혀짐,드러냄,,81,2024-07-25,312,sub:거울_공주_00,sub:거울_공주_00,동시,,확실,확정,ch32–ch33 ~ ch33–ch34,82,84
F1567,사실,F1567,처음 밝혀짐,드러냄,,81,2024-07-25,313,sub:관짝이_01,sub:관짝이_01,동시,,확실,확정,ch32–ch33,82,82
F1568,사실,F1568,처음 밝혀짐,드러냄,,81,2024-07-25,313,sub:관짝이_01,sub:관짝이_01,동시,,확실,확정,ch32–ch33,82,82
F1569,사실,F1569,처음 밝혀짐,드러냄,,81,2024-07-25,313,sub:관짝이_01,sub:관짝이_01,동시,,확실,확정,ch32–ch33,82,82
F1569,사실,E467,재언급,재언급,F1569,81,2024-07-25,315,sub:거울_공주_01,sub:거울_공주_01,동시,,확실,확정,ch32–ch33,82,82
F1570,사실,F1570,처음 밝혀짐,드러냄,,81,2024-07-25,314,sub:관짝이_02,sub:관짝이_02,동시,,확실,확정,ch32–ch33,82,82
F1571,사실,F1571,처음 밝혀짐,드러냄,,81,2024-07-25,314,sub:관짝이_02,sub:관짝이_02,동시,,확실,확정,ch32–ch33,82,82
F1572,사실,F1572,처음 밝혀짐,드러냄,,81,2024-07-25,315,sub:거울_공주_01,sub:거울_공주_01,동시,,확실,확정,ch32–ch33,82,82
F1573,사실,F1573,처음 밝혀짐,드러냄,,81,2024-07-25,315,sub:거울_공주_01,sub:거울_공주_01,동시,,확실,확정,ch32–ch33,82,82
F1574,사실,F1574,처음 밝혀짐,드러냄,,81,2024-07-25,316,relic:수정지역깊은곳어딘가,relic:수정지역깊은곳어딘가_00,동시,,확실,확정,~ ch31–ch32,,80
F1575,사실,F1575,처음 밝혀짐,드러냄,,81,2024-07-25,317,event_juveniledays,event_juveniledays_prologue,동시,,확실,확정,ch15–ch16 ~,48,
F1576,사실,F1576,처음 밝혀짐,드러냄,,81,2024-07-25,317,event_juveniledays,event_juveniledays_02_s,동시,,확실,확정,ch15–ch16 ~,48,
F1577,사실,F1577,처음 밝혀짐,드러냄,,81,2024-07-25,317,event_juveniledays,event_juveniledays_03_s,동시,,확실,확정,ch15–ch16 ~,48,
F1578,사실,F1578,처음 밝혀짐,드러냄,,81,2024-07-25,317,event_juveniledays,event_juveniledays_05_s,동시,,확실,확정,ch15–ch16 ~,48,
F1579,사실,E1379,암시,암시,F1579,81,2024-07-25,317,event_juveniledays,event_juveniledays_01_s,동시,,확실,확정,ch15–ch16 ~,48,
F1579,사실,F1579,처음 밝혀짐,드러냄,,81,2024-07-25,317,event_juveniledays,event_juveniledays_06_e,동시,,확실,확정,ch15–ch16 ~,48,
F1580,사실,F1580,처음 밝혀짐,드러냄,,81,2024-07-25,318,char:391,ep:d_nikke_ein_01,동시,,확실,확정,ch15–ch16 ~,48,
F1581,사실,E1381,암시,암시,F1581,81,2024-07-25,317,event_juveniledays,event_juveniledays_02_e,동시,,추정,확정,ch15–ch16 ~,48,
F1581,사실,F1581,처음 밝혀짐,드러냄,,81,2024-07-25,318,char:391,ep:d_nikke_ein_03,동시,,확실,확정,ch15–ch16 ~,48,
F1582,사실,F1582,처음 밝혀짐,드러냄,,81,2024-07-25,318,char:391,ep:d_nikke_ein_04,동시,,확실,확정,ch15–ch16 ~,48,
F1583,사실,E1382,암시,암시,F1583,81,2024-07-25,317,event_juveniledays,event_juveniledays_epilogue,앞,,추정,확정,ch15–ch16 ~,48,
F1583,사실,F1583,처음 밝혀짐,드러냄,,82,2024-08-08,319,event_colorless,event_colorless_01_s,동시,,확실,확정,ch15 ~,47,
F1584,사실,F1584,처음 밝혀짐,드러냄,,82,2024-08-08,319,event_colorless,event_colorless_02_s,동시,,확실,확정,ch15 ~,47,
F1584,사실,E1482,재언급,재언급,F1584,141,2026-03-19,444,fl:2x2_love_1ch,fl:2x2_love_1ch_01,뒤,,확실,확정,ch15 ~,47,
F1585,사실,F1585,처음 밝혀짐,드러냄,,82,2024-08-08,319,event_colorless,event_colorless_prologue,동시,,확실,확정,ch15 ~,47,
F1586,사실,F1586,처음 밝혀짐,드러냄,,82,2024-08-08,319,event_colorless,event_colorless_intermission_01,동시,,확실,확정,ch15 ~,47,
F1587,사실,F1587,처음 밝혀짐,드러냄,,82,2024-08-08,319,event_colorless,event_colorless_05_s,동시,,확실,확정,ch15 ~,47,
F1587,사실,E1540,재언급,재언급,F1587,149,2026-07-02,464,fl:wave_to_you,fl:wave_to_you_00,뒤,,확실,확정,ch42–ch43 ~,102,
F1588,사실,E1382,암시,암시,F1588,81,2024-07-25,317,event_juveniledays,event_juveniledays_epilogue,앞,,추정,확정,ch15–ch16 ~,48,
F1588,사실,E1383,암시,암시,F1588,82,2024-08-08,319,event_colorless,event_colorless_prologue,동시,,확실,확정,ch15 ~,47,
F1588,사실,E1386,암시,암시,F1588,82,2024-08-08,319,event_colorless,event_colorless_04_s,동시,,추정,확정,ch15 ~,47,
F1588,사실,F1588,처음 밝혀짐,드러냄,,82,2024-08-08,319,event_colorless,event_colorless_04_e,동시,,확실,확정,ch15 ~,47,
F1589,사실,E1386,암시,암시,F1589,82,2024-08-08,319,event_colorless,event_colorless_04_s,동시,,추정,확정,ch15 ~,47,
F1589,사실,F1589,처음 밝혀짐,드러냄,,82,2024-08-08,319,event_colorless,event_colorless_05_e,동시,,확실,확정,ch15 ~,47,
F1590,사실,F1590,처음 밝혀짐,드러냄,,82,2024-08-08,319,event_colorless,event_colorless_06_s,동시,,확실,확정,ch15 ~,47,
F1591,사실,F1591,처음 밝혀짐,드러냄,,82,2024-08-08,319,event_colorless,event_colorless_05_s,동시,,확실,확정,ch15 ~,47,
F1592,사실,F1592,처음 밝혀짐,드러냄,,82,2024-08-08,319,event_colorless,event_colorless_epilogue,동시,,확실,확정,ch15 ~,47,
F1593,사실,F1593,처음 밝혀짐,드러냄,,82,2024-08-08,320,char:390,ep:d_nikke_zwei_01,동시,,확실,확정,ch15 ~,47,
F1594,사실,F1594,처음 밝혀짐,드러냄,,82,2024-08-08,320,char:390,ep:d_nikke_zwei_01,동시,,확실,확정,ch15 ~,47,
F1595,사실,F1595,처음 밝혀짐,드러냄,,82,2024-08-08,320,char:390,ep:d_nikke_zwei_03,동시,,확실,확정,ch15 ~,47,
F1596,사실,E1612,암시,암시,F1596,81,2024-07-25,318,char:391,ep:d_nikke_ein_01,앞,,추정,확정,ch15–ch16 ~,48,
F1596,사실,F1596,처음 밝혀짐,드러냄,,83,2024-08-22,321,char:833,ep:d_nikke_ce004_04_02,동시,,확실,확정,,,
F1597,사실,F1597,처음 밝혀짐,드러냄,,83,2024-08-22,321,char:833,ep:d_nikke_ce004_04_01,동시,,확실,확정,,,
F1598,사실,F1598,처음 밝혀짐,드러냄,,83,2024-08-22,322,char:830,ep:d_nikke_ce004_01_02,동시,,확실,확정,,,
F1599,사실,F1599,처음 밝혀짐,드러냄,,84,2024-08-29,323,char:831,ep:d_nikke_ce004_02_01,동시,,확실,확정,,,
F1600,사실,F1600,처음 밝혀짐,드러냄,,85,2024-09-05,324,char:832,ep:d_nikke_ce004_03_01,동시,,확실,확정,,,
F1601,사실,F1601,처음 밝혀짐,드러냄,,85,2024-09-05,324,char:832,ep:d_nikke_ce004_03_02,동시,,확실,확정,,,
F1602,사실,F1602,처음 밝혀짐,드러냄,,86,2024-09-19,325,event_jinxplayer,event_jinxplayer_01_e,동시,,확실,확정,ch22–ch23 ~,62,
F1602,사실,E856,재언급,재언급,F1602,122,2025-09-04,404,fl:coins_in_rush,fl:coins_in_rush_06,뒤,,확실,확정,ch22–ch23 ~,62,
F1603,사실,F1603,처음 밝혀짐,드러냄,,86,2024-09-19,325,event_jinxplayer,event_jinxplayer_02_s,동시,,확실,확정,ch22–ch23 ~,62,
F1604,사실,F1604,처음 밝혀짐,드러냄,,86,2024-09-19,326,event_nonsensered,event_nonsensered_2,동시,,확실,확정,@갓데스_투입–@궤도_엘리베이터_강습 ~ @궤도_엘리베이터_강습–@아크_가디언_작전,4,6
F1605,사실,F1605,처음 밝혀짐,드러냄,,86,2024-09-19,326,event_nonsensered,event_nonsensered_1,동시,,확실,확정,@갓데스_투입–@궤도_엘리베이터_강습 ~ @궤도_엘리베이터_강습–@아크_가디언_작전,4,6
F1606,사실,F1606,처음 밝혀짐,드러냄,,86,2024-09-19,327,char:272,ep:d_nikke_rouge_03,동시,,확실,확정,ch22–ch23 ~,62,
F1607,사실,F1607,처음 밝혀짐,드러냄,,87,2024-10-03,328,event_phantomthiefvsdetective,event_phantomthiefvsdetective_01_s,동시,,확실,확정,ch15–ch16 ~,48,
F1608,사실,F1608,처음 밝혀짐,드러냄,,87,2024-10-03,328,event_phantomthiefvsdetective,event_phantomthiefvsdetective_prologue,동시,,확실,확정,ch15–ch16 ~,48,
F1608,사실,E728,재언급,재언급,F1608,111,2025-05-15,383,event_arcanearchive,event_arcanearchive_epilogue,뒤,,확실,확정,ch26–ch27 ~,70,
F1608,사실,E996,재언급,재언급,F1608,135,2026-01-15,430,fl:sin_editor,fl:sin_editor_01,뒤,,확실,확정,,,
F1608,사실,E1559,재언급,재언급,F1608,154,2026-08-13,474,fl:persona_on_frontline,fl:persona_on_frontline_01,뒤,,확실,확정,ch22–ch23 ~,62,
F1609,사실,F1609,처음 밝혀짐,드러냄,,87,2024-10-03,329,char:403,ep:d_nikke_quency_escapequeen_01,동시,,확실,확정,ch15–ch16 ~,48,
F1610,사실,F1610,처음 밝혀짐,드러냄,,88,2024-10-10,330,char:580,ep:d_nikke_phantom_01,동시,,확실,확정,,,
F1611,사실,F1611,처음 밝혀짐,드러냄,,88,2024-10-10,330,char:580,ep:d_nikke_phantom_02,동시,,확실,확정,,,
F1612,사실,E1614,암시,암시,F1612,88,2024-10-10,330,char:580,ep:d_nikke_phantom_01,동시,,확실,확정,,,
F1612,사실,E1615,암시,암시,F1612,88,2024-10-10,330,char:580,ep:d_nikke_phantom_02,동시,,확실,확정,,,
F1612,사실,F1612,처음 밝혀짐,드러냄,,88,2024-10-10,330,char:580,ep:d_nikke_phantom_03,동시,,확실,확정,,,
F1612,사실,E1442,재언급,재언급,F1612,126,2025-10-16,412,fl:go_ninja_thief,fl:go_ninja_thief_14,뒤,,확실,확정,ch26–ch27 ~,70,
F1613,사실,F1613,처음 밝혀짐,드러냄,,89,2024-10-17,331,side:wordless,side:wordless_02,동시,,확실,확정,ch24–ch25 ~,66,
F1614,사실,F1614,처음 밝혀짐,드러냄,,89,2024-10-17,331,side:wordless,side:wordless_03,동시,,확실,확정,ch24–ch25 ~,66,
F1615,사실,F1615,처음 밝혀짐,드러냄,,89,2024-10-17,331,side:wordless,side:wordless_01,동시,,확실,확정,ch24–ch25 ~,66,
F1616,사실,F1616,처음 밝혀짐,드러냄,,89,2024-10-17,331,side:wordless,side:wordless_02,동시,,확실,확정,ch24–ch25 ~,66,
F1617,사실,F1617,처음 밝혀짐,드러냄,,89,2024-10-17,331,side:wordless,side:wordless_08,동시,,확실,확정,ch24–ch25 ~,66,
F1617,사실,E698,재언급,재언급,F1617,109,2025-04-24,377,event_unbreakablesphere1,event_unbreakablesphere2_03_s,뒤,,확실,확정,ch36–ch37 ~,90,
F1617,사실,E704,재언급,재언급,F1617,109,2025-04-24,377,event_unbreakablesphere1,event_unbreakablesphere2_04_s,뒤,,확실,확정,ch36–ch37 ~,90,
F1618,사실,E24,암시,암시,F1618,5,2022-11-04,8,ch04,d_main_04_01,앞,,추정,확정,ch04,25,25
F1618,사실,E471,재언급,재언급,F1618,89,2024-10-17,331,side:wordless,side:wordless_09,동시,,확실,확정,ch24–ch25 ~,66,
F1618,사실,E472,재언급,재언급,F1618,89,2024-10-17,331,side:wordless,side:wordless_12,동시,,추정,확정,ch24–ch25 ~,66,
F1618,사실,F1618,처음 밝혀짐,드러냄,,89,2024-10-17,331,side:wordless,side:wordless_00,동시,,확실,확정,ch24–ch25 ~,66,
F1618,사실,E703,재언급,재언급,F1618,109,2025-04-24,377,event_unbreakablesphere1,event_unbreakablesphere2_04_s,뒤,,확실,확정,ch36–ch37 ~,90,
F1619,사실,F1619,처음 밝혀짐,드러냄,,89,2024-10-17,331,side:wordless,side:wordless_12,동시,,확실,확정,ch24–ch25 ~,66,
F1619,사실,E608,재언급,재언급,F1619,101,2025-02-20,358,ch35,d_main_35_07,뒤,,확실,확정,ch35,87,87
F1619,사실,E1433,재언급,재언급,F1619,110,2025-05-01,382,char:162,ep:d_nikke_mihara_bondingchain_01,뒤,,확실,확정,ch36–ch37 ~,90,
F1620,사실,F1620,처음 밝혀짐,드러냄,,89,2024-10-17,332,event_lifeagain,event_lifeagain_prologue,동시,,확실,확정,ch05–ch06 ~,28,
F1621,사실,F1621,처음 밝혀짐,드러냄,,89,2024-10-17,332,event_lifeagain,event_lifeagain_intermission_01,동시,,확실,확정,ch05–ch06 ~,28,
F1622,사실,F1622,처음 밝혀짐,드러냄,,89,2024-10-17,332,event_lifeagain,event_lifeagain_03_e,동시,,확실,확정,ch05–ch06 ~,28,
F1623,사실,F1623,처음 밝혀짐,드러냄,,89,2024-10-17,333,char:240,ep:d_nikke_rumani_03,동시,,확실,확정,ch13–ch14 ~,44,
F1624,사실,F1624,처음 밝혀짐,드러냄,,90,2024-10-31,334,ch33,d_main_33_01,동시,,확실,확정,ch33,83,83
F1625,사실,E376,암시,암시,F1625,72,2024-04-25,291,ch29,d_main_29_08_s,앞,,추정,확정,ch29,75,75
F1625,사실,F1625,처음 밝혀짐,드러냄,,90,2024-10-31,334,ch33,d_main_33_01,동시,,확실,확정,ch33,83,83
F1626,사실,F1626,처음 밝혀짐,드러냄,,90,2024-10-31,334,ch33,d_main_33_01,동시,,확실,확정,ch33,83,83
F1627,사실,F1627,처음 밝혀짐,드러냄,,90,2024-10-31,334,ch33,d_main_33_02_s,동시,,확실,확정,ch33,83,83
F1627,사실,E1040,재언급,재언급,F1627,140,2026-03-05,442,fl:enter_heaven,fl:enter_heaven_05,뒤,,확실,확정,ch39–ch40 ~,96,
F1628,사실,F1628,처음 밝혀짐,드러냄,,90,2024-10-31,334,ch33,d_main_33_02_s,동시,,확실,확정,ch33,83,83
F1629,사실,F1629,처음 밝혀짐,드러냄,,90,2024-10-31,334,ch33,d_main_33_02_s,동시,,확실,확정,ch33,83,83
F1630,사실,F1630,처음 밝혀짐,드러냄,,90,2024-10-31,334,ch33,d_main_33_02_e,동시,,확실,확정,ch33,83,83
F1631,사실,F1631,처음 밝혀짐,드러냄,,90,2024-10-31,334,ch33,d_main_33_02_e,동시,,확실,확정,ch33,83,83
F1632,사실,E465,암시,암시,F1632,81,2024-07-25,312,sub:거울_공주_00,sub:거울_공주_00,앞,,추정,확정,ch32–ch33 ~ ch33–ch34,82,84
F1632,사실,E462,암시,암시,F1632,81,2024-07-25,313,sub:관짝이_01,sub:관짝이_01,앞,,추정,확정,ch32–ch33,82,82
F1632,사실,F1632,처음 밝혀짐,드러냄,,90,2024-10-31,334,ch33,d_main_33_03,동시,,확실,확정,ch33,83,83
F1633,사실,F1633,처음 밝혀짐,드러냄,,90,2024-10-31,334,ch33,d_main_33_04,동시,,확실,확정,ch33,83,83
F1633,사실,E615,재언급,재언급,F1633,101,2025-02-20,358,ch35,d_main_35bf_05,뒤,,확실,확정,ch35,87,87
F1634,사실,F1634,처음 밝혀짐,드러냄,,90,2024-10-31,334,ch33,d_main_33_05_s,동시,,확실,확정,ch33,83,83
F1635,사실,F1635,처음 밝혀짐,드러냄,,90,2024-10-31,334,ch33,d_main_33_07,동시,,확실,확정,ch33,83,83
F1635,사실,E505,재언급,재언급,F1635,91,2024-10-31,336,ch34,d_main_34_07_s,뒤,,확실,확정,ch34,85,85
F1635,사실,E519,재언급,재언급,F1635,91,2024-10-31,337,relic:충격다크매터란무엇인가,relic:충격다크매터란무엇인가_03,뒤,,확실,확정,,,
F1635,사실,E609,재언급,재언급,F1635,101,2025-02-20,358,ch35,d_main_35_08_e,뒤,,확실,확정,ch35,87,87
F1635,사실,E647,재언급,재언급,F1635,108,2025-04-24,373,ch37,d_main_37_02_e,뒤,,확실,확정,ch37,91,91
F1636,사실,F1636,처음 밝혀짐,드러냄,,90,2024-10-31,334,ch33,d_main_33_07,동시,,확실,확정,ch33,83,83
F1636,사실,E489,재언급,재언급,F1636,90,2024-10-31,335,relic:소녀의일기-절망편-,relic:소녀의일기-절망편-_03,동시,,확실,확정,~ ch32–ch33,,82
F1636,사실,E508,재언급,재언급,F1636,91,2024-10-31,336,ch34,d_main_34_08,뒤,,확실,확정,ch34,85,85
F1636,사실,E604,재언급,재언급,F1636,101,2025-02-20,358,ch35,d_main_35_06,뒤,,확실,확정,ch35,87,87
F1636,사실,E651,재언급,재언급,F1636,108,2025-04-24,373,ch37,d_main_37_06_e,뒤,,확실,확정,ch37,91,91
F1636,사실,E677,재언급,재언급,F1636,109,2025-04-24,376,relic:은색액체,relic:은색액체_03,뒤,,확실,확정,,,
F1637,사실,F1637,처음 밝혀짐,드러냄,,90,2024-10-31,334,ch33,d_main_33_07,동시,,확실,확정,ch33,83,83
F1638,사실,F1638,처음 밝혀짐,드러냄,,90,2024-10-31,334,ch33,d_main_33_08,동시,,확실,확정,ch33,83,83
F1639,사실,F1639,처음 밝혀짐,드러냄,,90,2024-10-31,334,ch33,d_main_33_10_s,동시,,확실,확정,ch33,83,83
F1640,사실,F1640,처음 밝혀짐,드러냄,,90,2024-10-31,334,ch33,d_main_33_10_e,동시,,확실,확정,ch33,83,83
F1640,사실,E837,재언급,재언급,F1640,119,2025-08-07,400,fl:absolute,fl:absolute_04,뒤,,확실,확정,ch34–ch35 ~,86,
F1640,사실,E850,재언급,재언급,F1640,119,2025-08-07,400,fl:absolute,fl:absolute_26,뒤,,확실,확정,ch34–ch35 ~,86,
F1641,사실,F1641,처음 밝혀짐,드러냄,,90,2024-10-31,335,relic:소녀의일기-절망편-,relic:소녀의일기-절망편-_00,동시,,확실,확정,~ ch32–ch33,,82
F1642,사실,F1642,처음 밝혀짐,드러냄,,91,2024-10-31,336,ch34,d_main_34_01_s,동시,,확실,확정,ch34,85,85
F1643,사실,F1643,처음 밝혀짐,드러냄,,91,2024-10-31,336,ch34,d_main_34_01_s,동시,,확실,확정,ch34,85,85
F1644,사실,F1644,처음 밝혀짐,드러냄,,91,2024-10-31,336,ch34,d_main_34_01_e,동시,,확실,확정,ch34,85,85
F1644,사실,E844,재언급,재언급,F1644,119,2025-08-07,400,fl:absolute,fl:absolute_17,뒤,,확실,확정,ch34–ch35 ~,86,
F1645,사실,F1645,처음 밝혀짐,드러냄,,91,2024-10-31,336,ch34,d_main_34_04,동시,,확실,확정,ch34,85,85
F1646,사실,E478,암시,암시,F1646,90,2024-10-31,334,ch33,d_main_33_03,앞,,추정,확정,ch33,83,83
F1646,사실,E481,암시,암시,F1646,90,2024-10-31,334,ch33,d_main_33_05_s,앞,,추정,확정,ch33,83,83
F1646,사실,E484,암시,암시,F1646,90,2024-10-31,334,ch33,d_main_33_06,앞,,확실,확정,ch33,83,83
F1646,사실,E487,암시,암시,F1646,90,2024-10-31,334,ch33,d_main_33_10_e,앞,,추정,확정,ch33,83,83
F1646,사실,F1646,처음 밝혀짐,드러냄,,91,2024-10-31,336,ch34,d_main_34_02,동시,,확실,확정,ch34,85,85
F1646,사실,E574,재언급,재언급,F1646,96,2024-12-26,350,event_footstepwalkrun1,event_footstepwalkrun2_06_e,뒤,,확실,확정,ch34–ch35 ~ ch35,86,87
F1646,사실,E628,재언급,재언급,F1646,102,2025-02-20,360,ch36,d_main_36_09_e,뒤,,추정,확정,ch36,89,89
F1647,사실,F1647,처음 밝혀짐,드러냄,,91,2024-10-31,336,ch34,d_main_34_04,동시,,확실,확정,ch34,85,85
F1648,사실,E476,암시,암시,F1648,90,2024-10-31,334,ch33,d_main_33_01,앞,,확실,확정,ch33,83,83
F1648,사실,F1648,처음 밝혀짐,드러냄,,91,2024-10-31,336,ch34,d_main_34_05,동시,,확실,확정,ch34,85,85
F1649,사실,F1649,처음 밝혀짐,드러냄,,91,2024-10-31,336,ch34,d_main_34_06_e,동시,,확실,확정,ch34,85,85
F1650,사실,F1650,처음 밝혀짐,드러냄,,91,2024-10-31,336,ch34,d_main_34_07_e,동시,,확실,확정,ch34,85,85
F1651,사실,E460,암시,암시,F1651,81,2024-07-25,311,sub:관짝이_00,sub:관짝이_00,앞,,추정,확정,ch32–ch33,82,82
F1651,사실,F1651,처음 밝혀짐,드러냄,,91,2024-10-31,336,ch34,d_main_34_af_01,동시,,확실,확정,ch34,85,85
F1652,사실,E501,암시,암시,F1652,91,2024-10-31,336,ch34,d_main_34_04,동시,,확실,확정,ch34,85,85
F1652,사실,F1652,처음 밝혀짐,드러냄,,91,2024-10-31,336,ch34,d_main_34_08,동시,,확실,확정,ch34,85,85
F1652,사실,E589,재언급,재언급,F1652,101,2025-02-20,358,ch35,d_main_35bf_03,뒤,,확실,확정,ch35,87,87
F1652,사실,E605,재언급,재언급,F1652,101,2025-02-20,358,ch35,d_main_35_06,뒤,,확실,확정,ch35,87,87
F1652,사실,E653,재언급,재언급,F1652,108,2025-04-24,373,ch37,d_main_37_08_s,뒤,,확실,확정,ch37,91,91
F1652,사실,E892,재언급,재언급,F1652,127,2025-10-30,414,ch41,d_main_41_01,뒤,,확실,확정,ch41,99,99
F1653,사실,E482,암시,암시,F1653,90,2024-10-31,334,ch33,d_main_33_05_s,앞,,확실,확정,ch33,83,83
F1653,사실,F1653,처음 밝혀짐,드러냄,,91,2024-10-31,336,ch34,d_main_34_07_e,동시,,확실,확정,ch34,85,85
F1654,사실,E492,암시,암시,F1654,91,2024-10-31,336,ch34,d_main_34_01_s,동시,,확실,확정,ch34,85,85
F1654,사실,F1654,처음 밝혀짐,드러냄,,91,2024-10-31,336,ch34,d_main_34_07_e,동시,,확실,확정,ch34,85,85
F1654,사실,F1654-2,처음 밝혀짐,드러냄,,91,2024-10-31,338,event_oldtales1,event_oldtales1_06_s,동시,,확실,확정,@갓데스_투입–@궤도_엘리베이터_강습 ~ @궤도_엘리베이터_강습–@아크_가디언_작전 / @궤도_엘리베이터_강습–@아크_가디언_작전 / @아크_가디언_작전–@방주_밀봉 ~ @방주_밀봉–@1차_지상_탈환전 / @방주_밀봉–@1차_지상_탈환전 ~ @1차_지상_탈환전–@갓데스_폴,4,12
F1655,사실,F1655,처음 밝혀짐,드러냄,,91,2024-10-31,336,ch34,d_main_34_09_e,동시,,확실,확정,ch34,85,85
F1656,사실,F1656,처음 밝혀짐,드러냄,,91,2024-10-31,336,ch34,d_main_34_09_e,동시,,확실,확정,ch34,85,85
F1657,사실,E476,암시,암시,F1657,90,2024-10-31,334,ch33,d_main_33_01,앞,,확실,확정,ch33,83,83
F1657,사실,F1657,처음 밝혀짐,드러냄,,91,2024-10-31,336,ch34,d_main_34_af_01,동시,,확실,확정,ch34,85,85
F1658,사실,F1658,처음 밝혀짐,드러냄,,91,2024-10-31,336,ch34,d_main_34_af_01,동시,,확실,확정,ch34,85,85
F1659,사실,F1659,처음 밝혀짐,드러냄,,91,2024-10-31,336,ch34,d_main_34_af_01,동시,,확실,확정,ch34,85,85
F1660,사실,F1660,처음 밝혀짐,드러냄,,91,2024-10-31,336,ch34,d_main_34_af_02,동시,,확실,확정,ch34,85,85
F1661,사실,F1661,처음 밝혀짐,드러냄,,91,2024-10-31,337,relic:충격다크매터란무엇인가,relic:충격다크매터란무엇인가_00,동시,,확실,확정,,,
F1662,사실,F1662,처음 밝혀짐,드러냄,,91,2024-10-31,338,event_oldtales1,event_oldtales1_prologue,동시,,확실,확정,@갓데스_투입–@궤도_엘리베이터_강습 ~ @궤도_엘리베이터_강습–@아크_가디언_작전 / @궤도_엘리베이터_강습–@아크_가디언_작전 / @아크_가디언_작전–@방주_밀봉 ~ @방주_밀봉–@1차_지상_탈환전 / @방주_밀봉–@1차_지상_탈환전 ~ @1차_지상_탈환전–@갓데스_폴,4,12
F1663,사실,E502,암시,암시,F1663,91,2024-10-31,336,ch34,d_main_34_05,동시,,추정,확정,ch34,85,85
F1663,사실,E507,암시,암시,F1663,91,2024-10-31,336,ch34,d_main_34_08,동시,,확실,확정,ch34,85,85
F1663,사실,F1663,처음 밝혀짐,드러냄,,91,2024-10-31,338,event_oldtales1,event_oldtales1_01_e,동시,,확실,확정,@갓데스_투입–@궤도_엘리베이터_강습 ~ @궤도_엘리베이터_강습–@아크_가디언_작전 / @궤도_엘리베이터_강습–@아크_가디언_작전 / @아크_가디언_작전–@방주_밀봉 ~ @방주_밀봉–@1차_지상_탈환전 / @방주_밀봉–@1차_지상_탈환전 ~ @1차_지상_탈환전–@갓데스_폴,4,12
F1663,사실,E1431,재언급,재언급,F1663,109,2025-04-24,380,char:513,ep:d_nikke_littlemermaid_03,뒤,,확실,확정,@갓데스_투입–@궤도_엘리베이터_강습 ~ @궤도_엘리베이터_강습–@아크_가디언_작전,4,6
F1664,사실,F1664,처음 밝혀짐,드러냄,,91,2024-10-31,338,event_oldtales1,event_oldtales1_01_s,동시,,확실,확정,@갓데스_투입–@궤도_엘리베이터_강습 ~ @궤도_엘리베이터_강습–@아크_가디언_작전 / @궤도_엘리베이터_강습–@아크_가디언_작전 / @아크_가디언_작전–@방주_밀봉 ~ @방주_밀봉–@1차_지상_탈환전 / @방주_밀봉–@1차_지상_탈환전 ~ @1차_지상_탈환전–@갓데스_폴,4,12
F1664,사실,E641,재언급,재언급,F1664,107,2025-04-10,370,side:mudfish,side:mudfish_10,뒤,,확실,확정,ch24–ch25 ~,66,
F1665,사실,E530,암시,암시,F1665,91,2024-10-31,338,event_oldtales1,event_oldtales1_05_e,동시,,확실,확정,@갓데스_투입–@궤도_엘리베이터_강습 ~ @궤도_엘리베이터_강습–@아크_가디언_작전 / @궤도_엘리베이터_강습–@아크_가디언_작전 / @아크_가디언_작전–@방주_밀봉 ~ @방주_밀봉–@1차_지상_탈환전 / @방주_밀봉–@1차_지상_탈환전 ~ @1차_지상_탈환전–@갓데스_폴,4,12
F1665,사실,F1665,처음 밝혀짐,드러냄,,91,2024-10-31,338,event_oldtales1,event_oldtales2_05_e,동시,,확실,확정,@갓데스_투입–@궤도_엘리베이터_강습 ~ @궤도_엘리베이터_강습–@아크_가디언_작전 / @궤도_엘리베이터_강습–@아크_가디언_작전 / @아크_가디언_작전–@방주_밀봉 ~ @방주_밀봉–@1차_지상_탈환전 / @방주_밀봉–@1차_지상_탈환전 ~ @1차_지상_탈환전–@갓데스_폴,4,12
F1666,사실,F1666,처음 밝혀짐,드러냄,,91,2024-10-31,338,event_oldtales1,event_oldtales1_06_s,동시,,확실,확정,@갓데스_투입–@궤도_엘리베이터_강습 ~ @궤도_엘리베이터_강습–@아크_가디언_작전 / @궤도_엘리베이터_강습–@아크_가디언_작전 / @아크_가디언_작전–@방주_밀봉 ~ @방주_밀봉–@1차_지상_탈환전 / @방주_밀봉–@1차_지상_탈환전 ~ @1차_지상_탈환전–@갓데스_폴,4,12
F1667,사실,F1667,처음 밝혀짐,드러냄,,91,2024-10-31,338,event_oldtales1,event_oldtales1_01_e,동시,,확실,확정,@갓데스_투입–@궤도_엘리베이터_강습 ~ @궤도_엘리베이터_강습–@아크_가디언_작전 / @궤도_엘리베이터_강습–@아크_가디언_작전 / @아크_가디언_작전–@방주_밀봉 ~ @방주_밀봉–@1차_지상_탈환전 / @방주_밀봉–@1차_지상_탈환전 ~ @1차_지상_탈환전–@갓데스_폴,4,12
F1668,사실,F1668,처음 밝혀짐,드러냄,,91,2024-10-31,338,event_oldtales1,event_oldtales1_03_s,동시,,확실,확정,@갓데스_투입–@궤도_엘리베이터_강습 ~ @궤도_엘리베이터_강습–@아크_가디언_작전 / @궤도_엘리베이터_강습–@아크_가디언_작전 / @아크_가디언_작전–@방주_밀봉 ~ @방주_밀봉–@1차_지상_탈환전 / @방주_밀봉–@1차_지상_탈환전 ~ @1차_지상_탈환전–@갓데스_폴,4,12
F1669,사실,E309,암시,암시,F1669,55,2023-11-02,250,erelic:red_ash_mini,erelic:red_ash_mini_06,앞,,확실,확정,@갓데스_투입–@궤도_엘리베이터_강습 ~ @궤도_엘리베이터_강습–@아크_가디언_작전,4,6
F1669,사실,F1669,처음 밝혀짐,드러냄,,91,2024-10-31,338,event_oldtales1,event_oldtales1_intermission_01,동시,,확실,확정,@갓데스_투입–@궤도_엘리베이터_강습 ~ @궤도_엘리베이터_강습–@아크_가디언_작전 / @궤도_엘리베이터_강습–@아크_가디언_작전 / @아크_가디언_작전–@방주_밀봉 ~ @방주_밀봉–@1차_지상_탈환전 / @방주_밀봉–@1차_지상_탈환전 ~ @1차_지상_탈환전–@갓데스_폴,4,12
F1669,사실,E1436,재언급,재언급,F1669,110,2025-05-01,382,char:162,ep:d_nikke_mihara_bondingchain_02,뒤,,확실,확정,ch36–ch37 ~,90,
F1670,사실,F1670,처음 밝혀짐,드러냄,,91,2024-10-31,338,event_oldtales1,event_oldtales1_04_s,동시,,확실,확정,@갓데스_투입–@궤도_엘리베이터_강습 ~ @궤도_엘리베이터_강습–@아크_가디언_작전 / @궤도_엘리베이터_강습–@아크_가디언_작전 / @아크_가디언_작전–@방주_밀봉 ~ @방주_밀봉–@1차_지상_탈환전 / @방주_밀봉–@1차_지상_탈환전 ~ @1차_지상_탈환전–@갓데스_폴,4,12
F1671,사실,F1671,처음 밝혀짐,드러냄,,91,2024-10-31,338,event_oldtales1,event_oldtales1_04_e,동시,,확실,확정,@갓데스_투입–@궤도_엘리베이터_강습 ~ @궤도_엘리베이터_강습–@아크_가디언_작전 / @궤도_엘리베이터_강습–@아크_가디언_작전 / @아크_가디언_작전–@방주_밀봉 ~ @방주_밀봉–@1차_지상_탈환전 / @방주_밀봉–@1차_지상_탈환전 ~ @1차_지상_탈환전–@갓데스_폴,4,12
F1672,사실,F1672,처음 밝혀짐,드러냄,,91,2024-10-31,338,event_oldtales1,event_oldtales1_05_s,동시,,확실,확정,@갓데스_투입–@궤도_엘리베이터_강습 ~ @궤도_엘리베이터_강습–@아크_가디언_작전 / @궤도_엘리베이터_강습–@아크_가디언_작전 / @아크_가디언_작전–@방주_밀봉 ~ @방주_밀봉–@1차_지상_탈환전 / @방주_밀봉–@1차_지상_탈환전 ~ @1차_지상_탈환전–@갓데스_폴,4,12
F1672,사실,E983,재언급,재언급,F1672,133,2025-12-30,428,fl:ark_guardian,fl:ark_guardian_16,뒤,,확실,확정,ch40–ch41 ~ ch41,98,99
F1672,사실,E991,재언급,재언급,F1672,133,2025-12-30,428,fl:ark_guardian,fl:ark_guardian_19,뒤,,확실,확정,ch40–ch41 ~ ch41,98,99
F1672,사실,E994,재언급,재언급,F1672,133,2025-12-30,428,fl:ark_guardian,fl:ark_guardian_26,뒤,,확실,확정,ch40–ch41 ~ ch41,98,99
F1673,사실,F1673,처음 밝혀짐,드러냄,,91,2024-10-31,338,event_oldtales1,event_oldtales1_05_e,동시,,확실,확정,@갓데스_투입–@궤도_엘리베이터_강습 ~ @궤도_엘리베이터_강습–@아크_가디언_작전 / @궤도_엘리베이터_강습–@아크_가디언_작전 / @아크_가디언_작전–@방주_밀봉 ~ @방주_밀봉–@1차_지상_탈환전 / @방주_밀봉–@1차_지상_탈환전 ~ @1차_지상_탈환전–@갓데스_폴,4,12
F1673,사실,E977,재언급,재언급,F1673,133,2025-12-30,428,fl:ark_guardian,fl:ark_guardian_12,뒤,,확실,확정,ch40–ch41 ~ ch41,98,99
F1674,사실,F1674,처음 밝혀짐,드러냄,,91,2024-10-31,338,event_oldtales1,event_oldtales1_06_s,동시,,확실,확정,@갓데스_투입–@궤도_엘리베이터_강습 ~ @궤도_엘리베이터_강습–@아크_가디언_작전 / @궤도_엘리베이터_강습–@아크_가디언_작전 / @아크_가디언_작전–@방주_밀봉 ~ @방주_밀봉–@1차_지상_탈환전 / @방주_밀봉–@1차_지상_탈환전 ~ @1차_지상_탈환전–@갓데스_폴,4,12
F1675,사실,E455,암시,암시,F1675,81,2024-07-25,310,ch32,d_main_32_06_e,앞,,추정,확정,ch32,81,81
F1675,사실,F1675,처음 밝혀짐,드러냄,,91,2024-10-31,338,event_oldtales1,event_oldtales1_06_e,동시,,확실,확정,@갓데스_투입–@궤도_엘리베이터_강습 ~ @궤도_엘리베이터_강습–@아크_가디언_작전 / @궤도_엘리베이터_강습–@아크_가디언_작전 / @아크_가디언_작전–@방주_밀봉 ~ @방주_밀봉–@1차_지상_탈환전 / @방주_밀봉–@1차_지상_탈환전 ~ @1차_지상_탈환전–@갓데스_폴,4,12
F1676,사실,F1676,처음 밝혀짐,드러냄,,91,2024-10-31,338,event_oldtales1,event_oldtales2_02_e,동시,,확실,확정,@갓데스_투입–@궤도_엘리베이터_강습 ~ @궤도_엘리베이터_강습–@아크_가디언_작전 / @궤도_엘리베이터_강습–@아크_가디언_작전 / @아크_가디언_작전–@방주_밀봉 ~ @방주_밀봉–@1차_지상_탈환전 / @방주_밀봉–@1차_지상_탈환전 ~ @1차_지상_탈환전–@갓데스_폴,4,12
F1677,사실,F1677,처음 밝혀짐,드러냄,,91,2024-10-31,338,event_oldtales1,event_oldtales2_01_s,동시,,확실,확정,@갓데스_투입–@궤도_엘리베이터_강습 ~ @궤도_엘리베이터_강습–@아크_가디언_작전 / @궤도_엘리베이터_강습–@아크_가디언_작전 / @아크_가디언_작전–@방주_밀봉 ~ @방주_밀봉–@1차_지상_탈환전 / @방주_밀봉–@1차_지상_탈환전 ~ @1차_지상_탈환전–@갓데스_폴,4,12
F1678,사실,F1678,처음 밝혀짐,드러냄,,91,2024-10-31,338,event_oldtales1,event_oldtales2_01_e,동시,,확실,확정,@갓데스_투입–@궤도_엘리베이터_강습 ~ @궤도_엘리베이터_강습–@아크_가디언_작전 / @궤도_엘리베이터_강습–@아크_가디언_작전 / @아크_가디언_작전–@방주_밀봉 ~ @방주_밀봉–@1차_지상_탈환전 / @방주_밀봉–@1차_지상_탈환전 ~ @1차_지상_탈환전–@갓데스_폴,4,12
F1679,사실,F1679,처음 밝혀짐,드러냄,,91,2024-10-31,338,event_oldtales1,event_oldtales2_02_e,동시,,확실,확정,@갓데스_투입–@궤도_엘리베이터_강습 ~ @궤도_엘리베이터_강습–@아크_가디언_작전 / @궤도_엘리베이터_강습–@아크_가디언_작전 / @아크_가디언_작전–@방주_밀봉 ~ @방주_밀봉–@1차_지상_탈환전 / @방주_밀봉–@1차_지상_탈환전 ~ @1차_지상_탈환전–@갓데스_폴,4,12
F1680,사실,E529,암시,암시,F1680,91,2024-10-31,338,event_oldtales1,event_oldtales1_04_e,동시,,추정,확정,@갓데스_투입–@궤도_엘리베이터_강습 ~ @궤도_엘리베이터_강습–@아크_가디언_작전 / @궤도_엘리베이터_강습–@아크_가디언_작전 / @아크_가디언_작전–@방주_밀봉 ~ @방주_밀봉–@1차_지상_탈환전 / @방주_밀봉–@1차_지상_탈환전 ~ @1차_지상_탈환전–@갓데스_폴,4,12
F1680,사실,F1680,처음 밝혀짐,드러냄,,91,2024-10-31,338,event_oldtales1,event_oldtales2_03_e,동시,,확실,확정,@갓데스_투입–@궤도_엘리베이터_강습 ~ @궤도_엘리베이터_강습–@아크_가디언_작전 / @궤도_엘리베이터_강습–@아크_가디언_작전 / @아크_가디언_작전–@방주_밀봉 ~ @방주_밀봉–@1차_지상_탈환전 / @방주_밀봉–@1차_지상_탈환전 ~ @1차_지상_탈환전–@갓데스_폴,4,12
F1680,사실,E553,재언급,재언급,F1680,91,2024-10-31,341,erelic:old_tales_mini_memory,erelic:old_tales_mini_memory_12,동시,,확실,확정,@궤도_엘리베이터_강습–@아크_가디언_작전 ~,6,
F1681,사실,E1248,암시,암시,F1681,17,2022-11-04,93,char:180,ep:d_nikke_guillotine_04,앞,,추정,확정,ch12–ch13 ~,42,
F1681,사실,E523,암시,암시,F1681,91,2024-10-31,338,event_oldtales1,event_oldtales1_03_s,동시,,확실,확정,@갓데스_투입–@궤도_엘리베이터_강습 ~ @궤도_엘리베이터_강습–@아크_가디언_작전 / @궤도_엘리베이터_강습–@아크_가디언_작전 / @아크_가디언_작전–@방주_밀봉 ~ @방주_밀봉–@1차_지상_탈환전 / @방주_밀봉–@1차_지상_탈환전 ~ @1차_지상_탈환전–@갓데스_폴,4,12
F1681,사실,F1681,처음 밝혀짐,드러냄,,91,2024-10-31,338,event_oldtales1,event_oldtales2_03_e,동시,,확실,확정,@갓데스_투입–@궤도_엘리베이터_강습 ~ @궤도_엘리베이터_강습–@아크_가디언_작전 / @궤도_엘리베이터_강습–@아크_가디언_작전 / @아크_가디언_작전–@방주_밀봉 ~ @방주_밀봉–@1차_지상_탈환전 / @방주_밀봉–@1차_지상_탈환전 ~ @1차_지상_탈환전–@갓데스_폴,4,12
F1681,사실,E1394,재언급,재언급,F1681,91,2024-10-31,342,char:226,ep:d_nikke_rapunzel_puregrace_04,동시,,추정,확정,@갓데스_투입–@궤도_엘리베이터_강습 ~ @궤도_엘리베이터_강습–@아크_가디언_작전,4,6
F1681,사실,F1681-2,보강,드러냄,,154,2026-08-13,472,ch48,d_main_48_03,뒤,,확실,확정,ch48,113,113
F1682,사실,E521,암시,암시,F1682,91,2024-10-31,338,event_oldtales1,event_oldtales1_01_s,동시,,추정,확정,@갓데스_투입–@궤도_엘리베이터_강습 ~ @궤도_엘리베이터_강습–@아크_가디언_작전 / @궤도_엘리베이터_강습–@아크_가디언_작전 / @아크_가디언_작전–@방주_밀봉 ~ @방주_밀봉–@1차_지상_탈환전 / @방주_밀봉–@1차_지상_탈환전 ~ @1차_지상_탈환전–@갓데스_폴,4,12
F1682,사실,E522,암시,암시,F1682,91,2024-10-31,338,event_oldtales1,event_oldtales1_02_e,동시,,확실,확정,@갓데스_투입–@궤도_엘리베이터_강습 ~ @궤도_엘리베이터_강습–@아크_가디언_작전 / @궤도_엘리베이터_강습–@아크_가디언_작전 / @아크_가디언_작전–@방주_밀봉 ~ @방주_밀봉–@1차_지상_탈환전 / @방주_밀봉–@1차_지상_탈환전 ~ @1차_지상_탈환전–@갓데스_폴,4,12
F1682,사실,F1682,처음 밝혀짐,드러냄,,91,2024-10-31,338,event_oldtales1,event_oldtales2_intermission_01,동시,,확실,확정,@갓데스_투입–@궤도_엘리베이터_강습 ~ @궤도_엘리베이터_강습–@아크_가디언_작전 / @궤도_엘리베이터_강습–@아크_가디언_작전 / @아크_가디언_작전–@방주_밀봉 ~ @방주_밀봉–@1차_지상_탈환전 / @방주_밀봉–@1차_지상_탈환전 ~ @1차_지상_탈환전–@갓데스_폴,4,12
F1683,사실,F1683,처음 밝혀짐,드러냄,,91,2024-10-31,338,event_oldtales1,event_oldtales2_intermission_01,동시,,확실,확정,@갓데스_투입–@궤도_엘리베이터_강습 ~ @궤도_엘리베이터_강습–@아크_가디언_작전 / @궤도_엘리베이터_강습–@아크_가디언_작전 / @아크_가디언_작전–@방주_밀봉 ~ @방주_밀봉–@1차_지상_탈환전 / @방주_밀봉–@1차_지상_탈환전 ~ @1차_지상_탈환전–@갓데스_폴,4,12
F1684,사실,E524,암시,암시,F1684,91,2024-10-31,338,event_oldtales1,event_oldtales1_03_s,동시,,확실,확정,@갓데스_투입–@궤도_엘리베이터_강습 ~ @궤도_엘리베이터_강습–@아크_가디언_작전 / @궤도_엘리베이터_강습–@아크_가디언_작전 / @아크_가디언_작전–@방주_밀봉 ~ @방주_밀봉–@1차_지상_탈환전 / @방주_밀봉–@1차_지상_탈환전 ~ @1차_지상_탈환전–@갓데스_폴,4,12
F1684,사실,F1684,처음 밝혀짐,드러냄,,91,2024-10-31,338,event_oldtales1,event_oldtales2_04_s,동시,,확실,확정,@갓데스_투입–@궤도_엘리베이터_강습 ~ @궤도_엘리베이터_강습–@아크_가디언_작전 / @궤도_엘리베이터_강습–@아크_가디언_작전 / @아크_가디언_작전–@방주_밀봉 ~ @방주_밀봉–@1차_지상_탈환전 / @방주_밀봉–@1차_지상_탈환전 ~ @1차_지상_탈환전–@갓데스_폴,4,12
F1684,사실,E691,재언급,재언급,F1684,109,2025-04-24,377,event_unbreakablesphere1,event_unbreakablesphere1_05_e,뒤,,확실,확정,ch36–ch37 ~,90,
F1685,사실,F1685,처음 밝혀짐,드러냄,,91,2024-10-31,338,event_oldtales1,event_oldtales2_05_s,동시,,확실,확정,@갓데스_투입–@궤도_엘리베이터_강습 ~ @궤도_엘리베이터_강습–@아크_가디언_작전 / @궤도_엘리베이터_강습–@아크_가디언_작전 / @아크_가디언_작전–@방주_밀봉 ~ @방주_밀봉–@1차_지상_탈환전 / @방주_밀봉–@1차_지상_탈환전 ~ @1차_지상_탈환전–@갓데스_폴,4,12
F1686,사실,F1686,처음 밝혀짐,드러냄,,91,2024-10-31,338,event_oldtales1,event_oldtales2_05_e,동시,,확실,확정,@갓데스_투입–@궤도_엘리베이터_강습 ~ @궤도_엘리베이터_강습–@아크_가디언_작전 / @궤도_엘리베이터_강습–@아크_가디언_작전 / @아크_가디언_작전–@방주_밀봉 ~ @방주_밀봉–@1차_지상_탈환전 / @방주_밀봉–@1차_지상_탈환전 ~ @1차_지상_탈환전–@갓데스_폴,4,12
F1686,사실,E551,재언급,재언급,F1686,91,2024-10-31,340,erelic:old_tales_lost,erelic:old_tales_lost_06,동시,,확실,확정,@갓데스_투입–@궤도_엘리베이터_강습 ~ @방주_밀봉–@1차_지상_탈환전,4,10
F1686,사실,F1686-2,처음 밝혀짐,드러냄,,91,2024-10-31,341,erelic:old_tales_mini_memory,erelic:old_tales_mini_memory_25,동시,,확실,확정,@궤도_엘리베이터_강습–@아크_가디언_작전 ~,6,
F1686,사실,E994,재언급,재언급,F1686,133,2025-12-30,428,fl:ark_guardian,fl:ark_guardian_26,뒤,,확실,확정,ch40–ch41 ~ ch41,98,99
F1687,사실,E537,암시,암시,F1687,91,2024-10-31,338,event_oldtales1,event_oldtales2_03_s,동시,,확실,확정,@갓데스_투입–@궤도_엘리베이터_강습 ~ @궤도_엘리베이터_강습–@아크_가디언_작전 / @궤도_엘리베이터_강습–@아크_가디언_작전 / @아크_가디언_작전–@방주_밀봉 ~ @방주_밀봉–@1차_지상_탈환전 / @방주_밀봉–@1차_지상_탈환전 ~ @1차_지상_탈환전–@갓데스_폴,4,12
F1687,사실,F1687,처음 밝혀짐,드러냄,,91,2024-10-31,338,event_oldtales1,event_oldtales2_05_e,동시,,확실,확정,@갓데스_투입–@궤도_엘리베이터_강습 ~ @궤도_엘리베이터_강습–@아크_가디언_작전 / @궤도_엘리베이터_강습–@아크_가디언_작전 / @아크_가디언_작전–@방주_밀봉 ~ @방주_밀봉–@1차_지상_탈환전 / @방주_밀봉–@1차_지상_탈환전 ~ @1차_지상_탈환전–@갓데스_폴,4,12
F1688,사실,F1688,처음 밝혀짐,드러냄,,91,2024-10-31,338,event_oldtales1,event_oldtales2_06_s,동시,,확실,확정,@갓데스_투입–@궤도_엘리베이터_강습 ~ @궤도_엘리베이터_강습–@아크_가디언_작전 / @궤도_엘리베이터_강습–@아크_가디언_작전 / @아크_가디언_작전–@방주_밀봉 ~ @방주_밀봉–@1차_지상_탈환전 / @방주_밀봉–@1차_지상_탈환전 ~ @1차_지상_탈환전–@갓데스_폴,4,12
F1689,사실,E532,암시,암시,F1689,91,2024-10-31,338,event_oldtales1,event_oldtales1_06_e,동시,,추정,확정,@갓데스_투입–@궤도_엘리베이터_강습 ~ @궤도_엘리베이터_강습–@아크_가디언_작전 / @궤도_엘리베이터_강습–@아크_가디언_작전 / @아크_가디언_작전–@방주_밀봉 ~ @방주_밀봉–@1차_지상_탈환전 / @방주_밀봉–@1차_지상_탈환전 ~ @1차_지상_탈환전–@갓데스_폴,4,12
F1689,사실,E541,암시,암시,F1689,91,2024-10-31,338,event_oldtales1,event_oldtales2_intermission_01,동시,,확실,확정,@갓데스_투입–@궤도_엘리베이터_강습 ~ @궤도_엘리베이터_강습–@아크_가디언_작전 / @궤도_엘리베이터_강습–@아크_가디언_작전 / @아크_가디언_작전–@방주_밀봉 ~ @방주_밀봉–@1차_지상_탈환전 / @방주_밀봉–@1차_지상_탈환전 ~ @1차_지상_탈환전–@갓데스_폴,4,12
F1689,사실,E545,암시,암시,F1689,91,2024-10-31,338,event_oldtales1,event_oldtales2_04_e,동시,,확실,확정,@갓데스_투입–@궤도_엘리베이터_강습 ~ @궤도_엘리베이터_강습–@아크_가디언_작전 / @궤도_엘리베이터_강습–@아크_가디언_작전 / @아크_가디언_작전–@방주_밀봉 ~ @방주_밀봉–@1차_지상_탈환전 / @방주_밀봉–@1차_지상_탈환전 ~ @1차_지상_탈환전–@갓데스_폴,4,12
F1689,사실,F1689,처음 밝혀짐,드러냄,,91,2024-10-31,338,event_oldtales1,event_oldtales2_06_s,동시,,확실,확정,@갓데스_투입–@궤도_엘리베이터_강습 ~ @궤도_엘리베이터_강습–@아크_가디언_작전 / @궤도_엘리베이터_강습–@아크_가디언_작전 / @아크_가디언_작전–@방주_밀봉 ~ @방주_밀봉–@1차_지상_탈환전 / @방주_밀봉–@1차_지상_탈환전 ~ @1차_지상_탈환전–@갓데스_폴,4,12
F1689,사실,E695,재언급,재언급,F1689,109,2025-04-24,377,event_unbreakablesphere1,event_unbreakablesphere2_01_s,뒤,,확실,확정,ch36–ch37 ~,90,
F1689,사실,E706,재언급,재언급,F1689,109,2025-04-24,377,event_unbreakablesphere1,event_unbreakablesphere2_05_e,뒤,,확실,확정,ch36–ch37 ~,90,
F1690,사실,F1690,처음 밝혀짐,드러냄,,91,2024-10-31,338,event_oldtales1,event_oldtales2_06_e,동시,,확실,확정,@갓데스_투입–@궤도_엘리베이터_강습 ~ @궤도_엘리베이터_강습–@아크_가디언_작전 / @궤도_엘리베이터_강습–@아크_가디언_작전 / @아크_가디언_작전–@방주_밀봉 ~ @방주_밀봉–@1차_지상_탈환전 / @방주_밀봉–@1차_지상_탈환전 ~ @1차_지상_탈환전–@갓데스_폴,4,12
F1690,사실,E712,재언급,재언급,F1690,109,2025-04-24,379,erelic:unbreakable_sphere_lost,erelic:unbreakable_sphere_lost_00,뒤,,확실,확정,@1차_지상_탈환전–@갓데스_폴 ~ @갓데스_폴–@2차_지상_탈환전,12,14
F1691,사실,F1691,처음 밝혀짐,드러냄,,91,2024-10-31,338,event_oldtales1,event_oldtales2_06_e,동시,,확실,확정,@갓데스_투입–@궤도_엘리베이터_강습 ~ @궤도_엘리베이터_강습–@아크_가디언_작전 / @궤도_엘리베이터_강습–@아크_가디언_작전 / @아크_가디언_작전–@방주_밀봉 ~ @방주_밀봉–@1차_지상_탈환전 / @방주_밀봉–@1차_지상_탈환전 ~ @1차_지상_탈환전–@갓데스_폴,4,12
F1692,사실,E546,암시,암시,F1692,91,2024-10-31,338,event_oldtales1,event_oldtales2_05_s,동시,,추정,확정,@갓데스_투입–@궤도_엘리베이터_강습 ~ @궤도_엘리베이터_강습–@아크_가디언_작전 / @궤도_엘리베이터_강습–@아크_가디언_작전 / @아크_가디언_작전–@방주_밀봉 ~ @방주_밀봉–@1차_지상_탈환전 / @방주_밀봉–@1차_지상_탈환전 ~ @1차_지상_탈환전–@갓데스_폴,4,12
F1692,사실,E548,암시,암시,F1692,91,2024-10-31,338,event_oldtales1,event_oldtales2_06_e,동시,,확실,확정,@갓데스_투입–@궤도_엘리베이터_강습 ~ @궤도_엘리베이터_강습–@아크_가디언_작전 / @궤도_엘리베이터_강습–@아크_가디언_작전 / @아크_가디언_작전–@방주_밀봉 ~ @방주_밀봉–@1차_지상_탈환전 / @방주_밀봉–@1차_지상_탈환전 ~ @1차_지상_탈환전–@갓데스_폴,4,12
F1692,사실,F1692,처음 밝혀짐,드러냄,,91,2024-10-31,338,event_oldtales1,event_oldtales2_epilogue,동시,,확실,확정,@갓데스_투입–@궤도_엘리베이터_강습 ~ @궤도_엘리베이터_강습–@아크_가디언_작전 / @궤도_엘리베이터_강습–@아크_가디언_작전 / @아크_가디언_작전–@방주_밀봉 ~ @방주_밀봉–@1차_지상_탈환전 / @방주_밀봉–@1차_지상_탈환전 ~ @1차_지상_탈환전–@갓데스_폴,4,12
F1692,사실,E1553,재언급,재언급,F1692,149,2026-07-02,464,fl:wave_to_you,fl:wave_to_you_12,뒤,,확실,확정,ch42–ch43 ~,102,
F1693,사실,E531,암시,암시,F1693,91,2024-10-31,338,event_oldtales1,event_oldtales1_05_e,동시,,추정,확정,@갓데스_투입–@궤도_엘리베이터_강습 ~ @궤도_엘리베이터_강습–@아크_가디언_작전 / @궤도_엘리베이터_강습–@아크_가디언_작전 / @아크_가디언_작전–@방주_밀봉 ~ @방주_밀봉–@1차_지상_탈환전 / @방주_밀봉–@1차_지상_탈환전 ~ @1차_지상_탈환전–@갓데스_폴,4,12
F1693,사실,F1693,처음 밝혀짐,드러냄,,91,2024-10-31,338,event_oldtales1,event_oldtales2_epilogue,동시,,확실,확정,@갓데스_투입–@궤도_엘리베이터_강습 ~ @궤도_엘리베이터_강습–@아크_가디언_작전 / @궤도_엘리베이터_강습–@아크_가디언_작전 / @아크_가디언_작전–@방주_밀봉 ~ @방주_밀봉–@1차_지상_탈환전 / @방주_밀봉–@1차_지상_탈환전 ~ @1차_지상_탈환전–@갓데스_폴,4,12
F1693,사실,E593,재언급,재언급,F1693,101,2025-02-20,358,ch35,d_main_35bf_03,뒤,,확실,확정,ch35,87,87
F1693,사실,E620,재언급,재언급,F1693,102,2025-02-20,360,ch36,d_main_36_02,뒤,,추정,확정,ch36,89,89
F1694,사실,E520,암시,암시,F1694,91,2024-10-31,338,event_oldtales1,event_oldtales1_01_s,동시,,확실,확정,@갓데스_투입–@궤도_엘리베이터_강습 ~ @궤도_엘리베이터_강습–@아크_가디언_작전 / @궤도_엘리베이터_강습–@아크_가디언_작전 / @아크_가디언_작전–@방주_밀봉 ~ @방주_밀봉–@1차_지상_탈환전 / @방주_밀봉–@1차_지상_탈환전 ~ @1차_지상_탈환전–@갓데스_폴,4,12
F1694,사실,F1694,처음 밝혀짐,드러냄,,91,2024-10-31,338,event_oldtales1,event_oldtales2_epilogue,동시,,확실,확정,@갓데스_투입–@궤도_엘리베이터_강습 ~ @궤도_엘리베이터_강습–@아크_가디언_작전 / @궤도_엘리베이터_강습–@아크_가디언_작전 / @아크_가디언_작전–@방주_밀봉 ~ @방주_밀봉–@1차_지상_탈환전 / @방주_밀봉–@1차_지상_탈환전 ~ @1차_지상_탈환전–@갓데스_폴,4,12
F1694,사실,E592,재언급,재언급,F1694,101,2025-02-20,358,ch35,d_main_35bf_03,뒤,,확실,확정,ch35,87,87
F1695,사실,F1695,처음 밝혀짐,드러냄,,91,2024-10-31,339,erelic:old_tales_dialog,erelic:old_tales_dialog_01,동시,,확실,확정,@방주_밀봉–@1차_지상_탈환전 ~ @1차_지상_탈환전–@갓데스_폴,10,12
F1696,사실,F1696,처음 밝혀짐,드러냄,,91,2024-10-31,339,erelic:old_tales_dialog,erelic:old_tales_dialog_08,동시,,확실,확정,@방주_밀봉–@1차_지상_탈환전 ~ @1차_지상_탈환전–@갓데스_폴,10,12
F1697,사실,E500,암시,암시,F1697,91,2024-10-31,336,ch34,d_main_34_04,동시,,추정,확정,ch34,85,85
F1697,사실,F1697,처음 밝혀짐,드러냄,,91,2024-10-31,339,erelic:old_tales_dialog,erelic:old_tales_dialog_13,동시,,확실,확정,@방주_밀봉–@1차_지상_탈환전 ~ @1차_지상_탈환전–@갓데스_폴,10,12
F1698,사실,F1698,처음 밝혀짐,드러냄,,91,2024-10-31,339,erelic:old_tales_dialog,erelic:old_tales_dialog_18,동시,,확실,확정,@방주_밀봉–@1차_지상_탈환전 ~ @1차_지상_탈환전–@갓데스_폴,10,12
F1699,사실,F1699,처음 밝혀짐,드러냄,,91,2024-10-31,340,erelic:old_tales_lost,erelic:old_tales_lost_00,동시,,확실,확정,@갓데스_투입–@궤도_엘리베이터_강습 ~ @방주_밀봉–@1차_지상_탈환전,4,10
F1700,사실,E528,암시,암시,F1700,91,2024-10-31,338,event_oldtales1,event_oldtales1_04_e,동시,,추정,확정,@갓데스_투입–@궤도_엘리베이터_강습 ~ @궤도_엘리베이터_강습–@아크_가디언_작전 / @궤도_엘리베이터_강습–@아크_가디언_작전 / @아크_가디언_작전–@방주_밀봉 ~ @방주_밀봉–@1차_지상_탈환전 / @방주_밀봉–@1차_지상_탈환전 ~ @1차_지상_탈환전–@갓데스_폴,4,12
F1700,사실,F1700,처음 밝혀짐,드러냄,,91,2024-10-31,340,erelic:old_tales_lost,erelic:old_tales_lost_05,동시,,확실,확정,@갓데스_투입–@궤도_엘리베이터_강습 ~ @방주_밀봉–@1차_지상_탈환전,4,10
F1701,사실,F1701,처음 밝혀짐,드러냄,,91,2024-10-31,340,erelic:old_tales_lost,erelic:old_tales_lost_09,동시,,확실,확정,@갓데스_투입–@궤도_엘리베이터_강습 ~ @방주_밀봉–@1차_지상_탈환전,4,10
F1701,사실,E1395,재언급,재언급,F1701,91,2024-10-31,342,char:226,ep:d_nikke_rapunzel_puregrace_05,동시,,확실,확정,@갓데스_투입–@궤도_엘리베이터_강습 ~ @궤도_엘리베이터_강습–@아크_가디언_작전,4,6
F1702,사실,F1702,처음 밝혀짐,드러냄,,91,2024-10-31,340,erelic:old_tales_lost,erelic:old_tales_lost_12,동시,,확실,확정,@갓데스_투입–@궤도_엘리베이터_강습 ~ @방주_밀봉–@1차_지상_탈환전,4,10
F1703,사실,E466,암시,암시,F1703,81,2024-07-25,312,sub:거울_공주_00,sub:거울_공주_00,앞,,추정,확정,ch32–ch33 ~ ch33–ch34,82,84
F1703,사실,E539,암시,암시,F1703,91,2024-10-31,338,event_oldtales1,event_oldtales2_03_e,동시,,확실,확정,@갓데스_투입–@궤도_엘리베이터_강습 ~ @궤도_엘리베이터_강습–@아크_가디언_작전 / @궤도_엘리베이터_강습–@아크_가디언_작전 / @아크_가디언_작전–@방주_밀봉 ~ @방주_밀봉–@1차_지상_탈환전 / @방주_밀봉–@1차_지상_탈환전 ~ @1차_지상_탈환전–@갓데스_폴,4,12
F1703,사실,F1703,처음 밝혀짐,드러냄,,91,2024-10-31,340,erelic:old_tales_lost,erelic:old_tales_lost_14,동시,,추정,확정,@갓데스_투입–@궤도_엘리베이터_강습 ~ @방주_밀봉–@1차_지상_탈환전,4,10
F1703,사실,E610,재언급,재언급,F1703,101,2025-02-20,358,ch35,d_main_35_08_e,뒤,,추정,확정,ch35,87,87
F1704,사실,F1704,처음 밝혀짐,드러냄,,91,2024-10-31,341,erelic:old_tales_mini_memory,erelic:old_tales_mini_memory_00,동시,,확실,확정,@궤도_엘리베이터_강습–@아크_가디언_작전 ~,6,
F1705,사실,F1705,처음 밝혀짐,드러냄,,91,2024-10-31,341,erelic:old_tales_mini_memory,erelic:old_tales_mini_memory_05,동시,,확실,확정,@궤도_엘리베이터_강습–@아크_가디언_작전 ~,6,
F1706,사실,F1706,처음 밝혀짐,드러냄,,91,2024-10-31,341,erelic:old_tales_mini_memory,erelic:old_tales_mini_memory_10,동시,,확실,확정,@궤도_엘리베이터_강습–@아크_가디언_작전 ~,6,
F1707,사실,F1707,처음 밝혀짐,드러냄,,91,2024-10-31,341,erelic:old_tales_mini_memory,erelic:old_tales_mini_memory_15,동시,,확실,확정,@궤도_엘리베이터_강습–@아크_가디언_작전 ~,6,
F1708,사실,E550,암시,암시,F1708,91,2024-10-31,339,erelic:old_tales_dialog,erelic:old_tales_dialog_09,동시,,추정,확정,@방주_밀봉–@1차_지상_탈환전 ~ @1차_지상_탈환전–@갓데스_폴,10,12
F1708,사실,F1708,처음 밝혀짐,드러냄,,91,2024-10-31,341,erelic:old_tales_mini_memory,erelic:old_tales_mini_memory_20,동시,,확실,확정,@궤도_엘리베이터_강습–@아크_가디언_작전 ~,6,
F1709,사실,F1709,처음 밝혀짐,드러냄,,91,2024-10-31,341,erelic:old_tales_mini_memory,erelic:old_tales_mini_memory_25,동시,,확실,확정,@궤도_엘리베이터_강습–@아크_가디언_작전 ~,6,
F1710,사실,E538,암시,암시,F1710,91,2024-10-31,338,event_oldtales1,event_oldtales2_03_s,동시,,확실,확정,@갓데스_투입–@궤도_엘리베이터_강습 ~ @궤도_엘리베이터_강습–@아크_가디언_작전 / @궤도_엘리베이터_강습–@아크_가디언_작전 / @아크_가디언_작전–@방주_밀봉 ~ @방주_밀봉–@1차_지상_탈환전 / @방주_밀봉–@1차_지상_탈환전 ~ @1차_지상_탈환전–@갓데스_폴,4,12
F1710,사실,F1710,처음 밝혀짐,드러냄,,91,2024-10-31,341,erelic:old_tales_mini_memory,erelic:old_tales_mini_memory_30,동시,,확실,확정,@궤도_엘리베이터_강습–@아크_가디언_작전 ~,6,
F1710,사실,F1710-2,보강,드러냄,,107,2025-04-10,370,side:mudfish,side:mudfish_08,뒤,,확실,확정,ch24–ch25 ~,66,
F1710,사실,E688,재언급,재언급,F1710-2,109,2025-04-24,377,event_unbreakablesphere1,event_unbreakablesphere1_04_e,뒤,,확실,확정,ch36–ch37 ~,90,
F1710,사실,E707,재언급,재언급,F1710-2,109,2025-04-24,377,event_unbreakablesphere1,event_unbreakablesphere2_05_e,뒤,,추정,확정,ch36–ch37 ~,90,
F1711,사실,F1711,처음 밝혀짐,드러냄,,91,2024-10-31,341,erelic:old_tales_mini_memory,erelic:old_tales_mini_memory_35,동시,,확실,확정,@궤도_엘리베이터_강습–@아크_가디언_작전 ~,6,
F1712,사실,F1712,처음 밝혀짐,드러냄,,91,2024-10-31,342,char:226,ep:d_nikke_rapunzel_puregrace_01,동시,,확실,확정,@갓데스_투입–@궤도_엘리베이터_강습 ~ @궤도_엘리베이터_강습–@아크_가디언_작전,4,6
F1713,사실,F1713,처음 밝혀짐,드러냄,,91,2024-10-31,342,char:226,ep:d_nikke_rapunzel_puregrace_03,동시,,확실,확정,@갓데스_투입–@궤도_엘리베이터_강습 ~ @궤도_엘리베이터_강습–@아크_가디언_작전,4,6
F1714,사실,F1714,처음 밝혀짐,드러냄,,91,2024-10-31,342,char:226,ep:d_nikke_rapunzel_puregrace_04,동시,,확실,확정,@갓데스_투입–@궤도_엘리베이터_강습 ~ @궤도_엘리베이터_강습–@아크_가디언_작전,4,6
F1715,사실,F1715,처음 밝혀짐,드러냄,,91,2024-10-31,342,char:226,ep:d_nikke_rapunzel_puregrace_05,동시,,확실,확정,@갓데스_투입–@궤도_엘리베이터_강습 ~ @궤도_엘리베이터_강습–@아크_가디언_작전,4,6
F1716,사실,E525,암시,암시,F1716,91,2024-10-31,338,event_oldtales1,event_oldtales1_01_e,동시,,추정,확정,@갓데스_투입–@궤도_엘리베이터_강습 ~ @궤도_엘리베이터_강습–@아크_가디언_작전 / @궤도_엘리베이터_강습–@아크_가디언_작전 / @아크_가디언_작전–@방주_밀봉 ~ @방주_밀봉–@1차_지상_탈환전 / @방주_밀봉–@1차_지상_탈환전 ~ @1차_지상_탈환전–@갓데스_폴,4,12
F1716,사실,E536,암시,암시,F1716,91,2024-10-31,338,event_oldtales1,event_oldtales2_02_s,동시,,추정,확정,@갓데스_투입–@궤도_엘리베이터_강습 ~ @궤도_엘리베이터_강습–@아크_가디언_작전 / @궤도_엘리베이터_강습–@아크_가디언_작전 / @아크_가디언_작전–@방주_밀봉 ~ @방주_밀봉–@1차_지상_탈환전 / @방주_밀봉–@1차_지상_탈환전 ~ @1차_지상_탈환전–@갓데스_폴,4,12
F1716,사실,F1716,처음 밝혀짐,드러냄,,91,2024-10-31,343,char:511,ep:d_nikke_cinderella_02,동시,,확실,확정,ch31–ch32 ~ ch34–ch35,80,86
F1716,사실,E709,재언급,재언급,F1716,109,2025-04-24,377,event_unbreakablesphere1,event_unbreakablesphere2_epilogue,뒤,,확실,확정,ch36–ch37 ~,90,
F1717,사실,F1717,처음 밝혀짐,드러냄,,91,2024-10-31,343,char:511,ep:d_nikke_cinderella_02,동시,,확실,확정,ch31–ch32 ~ ch34–ch35,80,86
F1718,사실,F1718,처음 밝혀짐,드러냄,,91,2024-10-31,343,char:511,ep:d_nikke_cinderella_04,동시,,확실,확정,ch31–ch32 ~ ch34–ch35,80,86
F1719,사실,E386,암시,암시,F1719,73,2024-04-25,293,ch30,d_main_30_06_e,앞,,확실,확정,ch30,77,77
F1719,사실,F1719,처음 밝혀짐,드러냄,,92,2024-11-07,344,char:514,ep:d_nikke_grave_02,동시,,확실,확정,ch34–ch35 ~ ch36–ch37,86,90
F1720,사실,F1720,처음 밝혀짐,드러냄,,92,2024-11-07,344,char:514,ep:d_nikke_grave_03,동시,,확실,확정,ch34–ch35 ~ ch36–ch37,86,90
F1721,사실,F1721,처음 밝혀짐,드러냄,,92,2024-11-07,344,char:514,ep:d_nikke_grave_01,동시,,확실,확정,ch34–ch35 ~ ch36–ch37,86,90
F1722,사실,F1722,처음 밝혀짐,드러냄,,93,2024-11-21,345,event_secretgarden,event_secretgarden_prologue,동시,,확실,확정,ch27–ch28 ~,72,
F1722,사실,E1424,재언급,재언급,F1722,104,2025-03-13,365,fl:for_rest,fl:for_rest_03,뒤,,확실,확정,ch27–ch28 ~,72,
F1723,사실,E1401,암시,암시,F1723,93,2024-11-21,345,event_secretgarden,event_secretgarden_intermission_01,동시,,추정,확정,ch27–ch28 ~,72,
F1723,사실,F1723,처음 밝혀짐,드러냄,,93,2024-11-21,345,event_secretgarden,event_secretgarden_04_s,동시,,확실,확정,ch27–ch28 ~,72,
F1723,사실,E1424,재언급,재언급,F1723,104,2025-03-13,365,fl:for_rest,fl:for_rest_03,뒤,,확실,확정,ch27–ch28 ~,72,
F1724,사실,F1724,처음 밝혀짐,드러냄,,93,2024-11-21,345,event_secretgarden,event_secretgarden_01_s,동시,,확실,확정,ch27–ch28 ~,72,
F1725,사실,F1725,처음 밝혀짐,드러냄,,93,2024-11-21,346,char:411,ep:d_nikke_flora_01,동시,,확실,확정,ch27–ch28 ~,72,
F1726,사실,F1726,처음 밝혀짐,드러냄,,93,2024-11-21,346,char:411,ep:d_nikke_flora_01,동시,,확실,확정,ch27–ch28 ~,72,
F1727,사실,F1727,처음 밝혀짐,드러냄,,94,2024-12-05,347,event_icedragonsaga1,event_icedragonsaga1_02_e,동시,,확실,확정,ch26 ~,69,
F1728,사실,F1728,처음 밝혀짐,드러냄,,94,2024-12-05,347,event_icedragonsaga1,event_icedragonsaga1_02_e,동시,,확실,확정,ch26 ~,69,
F1729,사실,F1729,처음 밝혀짐,드러냄,,94,2024-12-05,347,event_icedragonsaga1,event_icedragonsaga1_02_e,동시,,확실,확정,ch26 ~,69,
F1730,사실,F1730,처음 밝혀짐,드러냄,,94,2024-12-05,347,event_icedragonsaga1,event_icedragonsaga2_04_e,동시,,확실,확정,ch26 ~,69,
F1731,사실,E1402,암시,암시,F1731,94,2024-12-05,347,event_icedragonsaga1,event_icedragonsaga1_02_s,동시,,확실,확정,ch26 ~,69,
F1731,사실,E1403,암시,암시,F1731,94,2024-12-05,347,event_icedragonsaga1,event_icedragonsaga2_01_s,동시,,확실,확정,ch26 ~,69,
F1731,사실,F1731,처음 밝혀짐,드러냄,,94,2024-12-05,347,event_icedragonsaga1,event_icedragonsaga2_04_e,동시,,확실,확정,ch26 ~,69,
F1732,사실,E1404,암시,암시,F1732,94,2024-12-05,347,event_icedragonsaga1,event_icedragonsaga2_01_s,동시,,확실,확정,ch26 ~,69,
F1732,사실,E1410,암시,암시,F1732,94,2024-12-05,347,event_icedragonsaga1,event_icedragonsaga2_03_e,동시,,확실,확정,ch26 ~,69,
F1732,사실,F1732,처음 밝혀짐,드러냄,,94,2024-12-05,347,event_icedragonsaga1,event_icedragonsaga2_05_s,동시,,확실,확정,ch26 ~,69,
F1733,사실,E1407,암시,암시,F1733,94,2024-12-05,347,event_icedragonsaga1,event_icedragonsaga1_06_s,동시,,추정,확정,ch26 ~,69,
F1733,사실,E1408,암시,암시,F1733,94,2024-12-05,347,event_icedragonsaga1,event_icedragonsaga2_02_e,동시,,확실,확정,ch26 ~,69,
F1733,사실,E1414,암시,암시,F1733,94,2024-12-05,347,event_icedragonsaga1,event_icedragonsaga1_02_e,동시,,추정,확정,ch26 ~,69,
F1733,사실,F1733,처음 밝혀짐,드러냄,,94,2024-12-05,347,event_icedragonsaga1,event_icedragonsaga2_05_s,동시,,확실,확정,ch26 ~,69,
F1734,사실,F1734,처음 밝혀짐,드러냄,,94,2024-12-05,347,event_icedragonsaga1,event_icedragonsaga2_04_s,동시,,확실,확정,ch26 ~,69,
F1735,사실,E1405,암시,암시,F1735,94,2024-12-05,347,event_icedragonsaga1,event_icedragonsaga1_04_e,동시,,확실,확정,ch26 ~,69,
F1735,사실,E1406,암시,암시,F1735,94,2024-12-05,347,event_icedragonsaga1,event_icedragonsaga2_02_s,동시,,확실,확정,ch26 ~,69,
F1735,사실,F1735,처음 밝혀짐,드러냄,,94,2024-12-05,347,event_icedragonsaga1,event_icedragonsaga2_06_e,동시,,확실,확정,ch26 ~,69,
F1736,사실,E1411,암시,암시,F1736,94,2024-12-05,347,event_icedragonsaga1,event_icedragonsaga2_03_s,동시,,확실,확정,ch26 ~,69,
F1736,사실,F1736,처음 밝혀짐,드러냄,,94,2024-12-05,347,event_icedragonsaga1,event_icedragonsaga2_epilogue,동시,,확실,확정,ch26 ~,69,
F1737,사실,F1737,처음 밝혀짐,드러냄,,95,2024-12-12,349,char:182,ep:d_nikke_guillotine_winterslayer_01,동시,,확실,확정,ch26 ~,69,
F1738,사실,F1738,처음 밝혀짐,드러냄,,96,2024-12-26,350,event_footstepwalkrun1,event_footstepwalkrun1_01_s,동시,,확실,확정,ch34–ch35 ~ ch35,86,87
F1739,사실,F1739,처음 밝혀짐,드러냄,,96,2024-12-26,350,event_footstepwalkrun1,event_footstepwalkrun1_01_s,동시,,확실,확정,ch34–ch35 ~ ch35,86,87
F1740,사실,E556,재언급,재언급,F1740,96,2024-12-26,350,event_footstepwalkrun1,event_footstepwalkrun1_02_e,동시,,추정,확정,ch34–ch35 ~ ch35,86,87
F1740,사실,F1740,처음 밝혀짐,드러냄,,96,2024-12-26,350,event_footstepwalkrun1,event_footstepwalkrun1_01_e,동시,,확실,확정,ch34–ch35 ~ ch35,86,87
F1741,사실,F1741,처음 밝혀짐,드러냄,,96,2024-12-26,350,event_footstepwalkrun1,event_footstepwalkrun1_02_e,동시,,확실,확정,ch34–ch35 ~ ch35,86,87
F1742,사실,F1742,처음 밝혀짐,드러냄,,96,2024-12-26,350,event_footstepwalkrun1,event_footstepwalkrun1_03_s,동시,,확실,확정,ch34–ch35 ~ ch35,86,87
F1743,사실,F1743,처음 밝혀짐,드러냄,,96,2024-12-26,350,event_footstepwalkrun1,event_footstepwalkrun1_03_e,동시,,확실,확정,ch34–ch35 ~ ch35,86,87
F1744,사실,F1744,처음 밝혀짐,드러냄,,96,2024-12-26,350,event_footstepwalkrun1,event_footstepwalkrun1_04_s,동시,,확실,확정,ch34–ch35 ~ ch35,86,87
F1745,사실,E572,재언급,재언급,F1745,96,2024-12-26,350,event_footstepwalkrun1,event_footstepwalkrun2_05_s,동시,,확실,확정,ch34–ch35 ~ ch35,86,87
F1745,사실,F1745,처음 밝혀짐,드러냄,,96,2024-12-26,350,event_footstepwalkrun1,event_footstepwalkrun1_04_e,동시,,확실,확정,ch34–ch35 ~ ch35,86,87
F1746,사실,F1746,처음 밝혀짐,드러냄,,96,2024-12-26,350,event_footstepwalkrun1,event_footstepwalkrun1_05_e,동시,,확실,확정,ch34–ch35 ~ ch35,86,87
F1747,사실,F1747,처음 밝혀짐,드러냄,,96,2024-12-26,350,event_footstepwalkrun1,event_footstepwalkrun1_06_s,동시,,확실,확정,ch34–ch35 ~ ch35,86,87
F1748,사실,F1748,처음 밝혀짐,드러냄,,96,2024-12-26,350,event_footstepwalkrun1,event_footstepwalkrun1_06_s,동시,,확실,확정,ch34–ch35 ~ ch35,86,87
F1748,사실,E808,재언급,재언급,F1748,118,2025-08-07,396,ch39,d_main_39_af_07,뒤,,확실,확정,ch39,95,95
F1748,사실,E824,재언급,재언급,F1748,119,2025-08-07,398,ch40,d_main_40_af_03,뒤,,확실,확정,ch40,97,97
F1748,사실,E919,재언급,재언급,F1748,128,2025-10-30,416,ch42,d_main_42_af_06,뒤,,확실,확정,ch42,101,101
F1748,사실,F1748-2,보강,드러냄,,142,2026-04-09,447,side:pretty_star,side:pretty_star_13,뒤,,확실,확정,@갓데스_폴–@2차_지상_탈환전 / @갓데스_폴–@2차_지상_탈환전 ~ @2차_지상_탈환전–ch00,14,16
F1748,사실,E1142,재언급,재언급,F1748-2,144,2026-04-23,454,event_staranis1,event_staranis2_01_e,뒤,,확실,확정,ch46–ch47 ~ ch47,110,111
F1749,사실,F1749,처음 밝혀짐,드러냄,,96,2024-12-26,350,event_footstepwalkrun1,event_footstepwalkrun1_06_s,동시,,확실,확정,ch34–ch35 ~ ch35,86,87
F1750,사실,F1750,처음 밝혀짐,드러냄,,96,2024-12-26,350,event_footstepwalkrun1,event_footstepwalkrun1_06_e,동시,,확실,확정,ch34–ch35 ~ ch35,86,87
F1751,사실,F1751,처음 밝혀짐,드러냄,,96,2024-12-26,350,event_footstepwalkrun1,event_footstepwalkrun1_06_e,동시,,확실,확정,ch34–ch35 ~ ch35,86,87
F1752,사실,F1752,처음 밝혀짐,드러냄,,96,2024-12-26,350,event_footstepwalkrun1,event_footstepwalkrun1_06_e,동시,,확실,확정,ch34–ch35 ~ ch35,86,87
F1753,사실,F1753,처음 밝혀짐,드러냄,,96,2024-12-26,350,event_footstepwalkrun1,event_footstepwalkrun1_06_e,동시,,확실,확정,ch34–ch35 ~ ch35,86,87
F1754,사실,F1754,처음 밝혀짐,드러냄,,96,2024-12-26,350,event_footstepwalkrun1,event_footstepwalkrun2_01_e,동시,,확실,확정,ch34–ch35 ~ ch35,86,87
F1755,사실,E567,암시,암시,F1755,96,2024-12-26,350,event_footstepwalkrun1,event_footstepwalkrun2_03_s,동시,,추정,확정,ch34–ch35 ~ ch35,86,87
F1755,사실,F1755,처음 밝혀짐,드러냄,,96,2024-12-26,350,event_footstepwalkrun1,event_footstepwalkrun2_intermission_01,동시,,확실,확정,ch34–ch35 ~ ch35,86,87
F1755,사실,E1093,재언급,재언급,F1755,143,2026-04-23,450,ch45,d_main_45_11,뒤,,확실,확정,ch45,107,107
F1755,사실,F1755-2,보강,드러냄,,143,2026-04-23,450,ch45,d_main_45_04,뒤,,확실,확정,ch45,107,107
F1755,사실,F1755-3,보강,드러냄,,144,2026-04-23,452,ch46,d_main_46_06,뒤,,확실,확정,ch46,109,109
F1756,사실,F1756,처음 밝혀짐,드러냄,,96,2024-12-26,350,event_footstepwalkrun1,event_footstepwalkrun2_intermission_01,동시,,확실,확정,ch34–ch35 ~ ch35,86,87
F1757,사실,F1757,처음 밝혀짐,드러냄,,96,2024-12-26,350,event_footstepwalkrun1,event_footstepwalkrun2_intermission_01,동시,,확실,확정,ch34–ch35 ~ ch35,86,87
F1758,사실,E555,암시,암시,F1758,96,2024-12-26,350,event_footstepwalkrun1,event_footstepwalkrun1_01_s,동시,,확실,확정,ch34–ch35 ~ ch35,86,87
F1758,사실,E560,암시,암시,F1758,96,2024-12-26,350,event_footstepwalkrun1,event_footstepwalkrun1_04_s,동시,,추정,확정,ch34–ch35 ~ ch35,86,87
F1758,사실,E561,암시,암시,F1758,96,2024-12-26,350,event_footstepwalkrun1,event_footstepwalkrun1_04_s,동시,,확실,확정,ch34–ch35 ~ ch35,86,87
F1758,사실,E562,암시,암시,F1758,96,2024-12-26,350,event_footstepwalkrun1,event_footstepwalkrun1_05_s,동시,,추정,확정,ch34–ch35 ~ ch35,86,87
F1758,사실,F1758,처음 밝혀짐,드러냄,,96,2024-12-26,350,event_footstepwalkrun1,event_footstepwalkrun2_03_e,동시,,확실,확정,ch34–ch35 ~ ch35,86,87
F1759,사실,F1759,처음 밝혀짐,드러냄,,96,2024-12-26,350,event_footstepwalkrun1,event_footstepwalkrun2_04_e,동시,,확실,확정,ch34–ch35 ~ ch35,86,87
F1760,사실,F1760,처음 밝혀짐,드러냄,,96,2024-12-26,350,event_footstepwalkrun1,event_footstepwalkrun2_05_e,동시,,확실,확정,ch34–ch35 ~ ch35,86,87
F1761,사실,F1761,처음 밝혀짐,드러냄,,96,2024-12-26,350,event_footstepwalkrun1,event_footstepwalkrun2_06_s,동시,,확실,확정,ch34–ch35 ~ ch35,86,87
F1762,사실,E557,암시,암시,F1762,96,2024-12-26,350,event_footstepwalkrun1,event_footstepwalkrun1_03_s,동시,,확실,확정,ch34–ch35 ~ ch35,86,87
F1762,사실,F1762,처음 밝혀짐,드러냄,,96,2024-12-26,350,event_footstepwalkrun1,event_footstepwalkrun2_06_s,동시,,확실,확정,ch34–ch35 ~ ch35,86,87
F1763,사실,E18,암시,암시,F1763,4,2022-11-04,6,ch03,d_main_03_06,앞,,추정,확정,ch03,23,23
F1763,사실,E301,암시,암시,F1763,55,2023-11-02,248,event_redash,event_redash2_epilogue,앞,,확실,확정,@갓데스_투입 ~ @갓데스_투입–@궤도_엘리베이터_강습 / @궤도_엘리베이터_강습–@아크_가디언_작전 ~ @아크_가디언_작전–@방주_밀봉 / @2차_지상_탈환전–ch00,3,16
F1763,사실,E559,암시,암시,F1763,96,2024-12-26,350,event_footstepwalkrun1,event_footstepwalkrun1_intermission_01,동시,,추정,확정,ch34–ch35 ~ ch35,86,87
F1763,사실,F1763,처음 밝혀짐,드러냄,,96,2024-12-26,350,event_footstepwalkrun1,event_footstepwalkrun2_06_e,동시,,확실,확정,ch34–ch35 ~ ch35,86,87
F1764,사실,E562,암시,암시,F1764,96,2024-12-26,350,event_footstepwalkrun1,event_footstepwalkrun1_05_s,동시,,추정,확정,ch34–ch35 ~ ch35,86,87
F1764,사실,E566,암시,암시,F1764,96,2024-12-26,350,event_footstepwalkrun1,event_footstepwalkrun2_02_e,동시,,확실,확정,ch34–ch35 ~ ch35,86,87
F1764,사실,E570,암시,암시,F1764,96,2024-12-26,350,event_footstepwalkrun1,event_footstepwalkrun2_04_s,동시,,확실,확정,ch34–ch35 ~ ch35,86,87
F1764,사실,F1764,처음 밝혀짐,드러냄,,96,2024-12-26,350,event_footstepwalkrun1,event_footstepwalkrun2_06_e,동시,,확실,확정,ch34–ch35 ~ ch35,86,87
F1764,사실,E585,재언급,재언급,F1764,101,2025-02-20,358,ch35,d_main_35bf_01,뒤,,추정,확정,ch35,87,87
F1765,사실,E11,암시,암시,F1765,3,2022-11-04,3,ch02,d_main_02_05,앞,,추정,확정,ch02,21,21
F1765,사실,E497,암시,암시,F1765,91,2024-10-31,336,ch34,d_main_34_03,앞,,추정,확정,ch34,85,85
F1765,사실,E558,암시,암시,F1765,96,2024-12-26,350,event_footstepwalkrun1,event_footstepwalkrun1_03_s,동시,,추정,확정,ch34–ch35 ~ ch35,86,87
F1765,사실,F1765,처음 밝혀짐,드러냄,,96,2024-12-26,350,event_footstepwalkrun1,event_footstepwalkrun2_epilogue,동시,,확실,확정,ch34–ch35 ~ ch35,86,87
F1766,사실,F1766,처음 밝혀짐,드러냄,,97,2025-01-01,351,event_outofuniform,event_outofuniform_01,동시,,확실,확정,ch15 ~,47,
F1767,사실,F1767,처음 밝혀짐,드러냄,,97,2025-01-01,352,char:16,ep:d_nikke_rapi_redhood_01,동시,,확실,확정,ch34–ch35 ~,86,
F1768,사실,F1768,처음 밝혀짐,드러냄,,98,2025-01-16,353,event_wisdomspring,event_wisdomspring_02_s,동시,,확실,확정,ch34–ch35 ~,86,
F1769,사실,F1769,처음 밝혀짐,드러냄,,98,2025-01-16,353,event_wisdomspring,event_wisdomspring_intermission_01,동시,,확실,확정,ch34–ch35 ~,86,
F1770,사실,F1770,처음 밝혀짐,드러냄,,98,2025-01-16,353,event_wisdomspring,event_wisdomspring_04_s,동시,,확실,확정,ch34–ch35 ~,86,
F1771,사실,E579,암시,암시,F1771,98,2025-01-16,353,event_wisdomspring,event_wisdomspring_02_e,동시,,확실,확정,ch34–ch35 ~,86,
F1771,사실,F1771,처음 밝혀짐,드러냄,,98,2025-01-16,353,event_wisdomspring,event_wisdomspring_03_e,동시,,확실,확정,ch34–ch35 ~,86,
F1772,사실,E238,암시,암시,F1772,44,2023-07-20,221,ch24,d_main_24_06_s,앞,,확실,확정,ch24,65,65
F1772,사실,E339,암시,암시,F1772,66,2024-02-22,273,ch28,d_main_28_09_e,앞,,추정,확정,ch28,73,73
F1772,사실,F1772,처음 밝혀짐,드러냄,,98,2025-01-16,353,event_wisdomspring,event_wisdomspring_01_s,동시,,확실,확정,ch34–ch35 ~,86,
F1772,사실,F1772-2,보강,드러냄,,118,2025-08-07,396,ch39,d_main_39_11,뒤,,확실,확정,ch39,95,95
F1773,사실,E580,암시,암시,F1773,98,2025-01-16,353,event_wisdomspring,event_wisdomspring_03_s,동시,,확실,확정,ch34–ch35 ~,86,
F1773,사실,F1773,처음 밝혀짐,드러냄,,98,2025-01-16,353,event_wisdomspring,event_wisdomspring_04_s,동시,,확실,확정,ch34–ch35 ~,86,
F1773,사실,E1069,재언급,재언급,F1773,142,2026-04-09,448,fl:good_world,fl:good_world_04,뒤,,확실,확정,ch26–ch27 ~,70,
F1773,사실,E1074,재언급,재언급,F1773,142,2026-04-09,448,fl:good_world,fl:good_world_11,뒤,,확실,확정,ch26–ch27 ~,70,
F1774,사실,F1774,처음 밝혀짐,드러냄,,98,2025-01-16,353,event_wisdomspring,event_wisdomspring_05_e,동시,,확실,확정,ch34–ch35 ~,86,
F1775,사실,F1775,처음 밝혀짐,드러냄,,98,2025-01-16,353,event_wisdomspring,event_wisdomspring_06_s,동시,,확실,확정,ch34–ch35 ~,86,
F1776,사실,E1594,암시,암시,F1776,17,2022-11-04,128,char:291,ep:d_nikke_ether_01,앞,,확실,확정,ch02–ch03 ~,22,
F1776,사실,E578,암시,암시,F1776,98,2025-01-16,353,event_wisdomspring,event_wisdomspring_02_s,동시,,추정,확정,ch34–ch35 ~,86,
F1776,사실,F1776,처음 밝혀짐,드러냄,,98,2025-01-16,353,event_wisdomspring,event_wisdomspring_epilogue,동시,,확실,확정,ch34–ch35 ~,86,
F1776,사실,E1075,재언급,재언급,F1776,142,2026-04-09,448,fl:good_world,fl:good_world_11,뒤,,확실,확정,ch26–ch27 ~,70,
F1777,사실,F1777,처음 밝혀짐,드러냄,,98,2025-01-16,353,event_wisdomspring,event_wisdomspring_06_e,동시,,확실,확정,ch34–ch35 ~,86,
F1778,사실,F1778,처음 밝혀짐,드러냄,,98,2025-01-16,354,char:290,ep:d_nikke_mana_02,동시,,확실,확정,ch34–ch35 ~,86,
F1779,사실,F1779,처음 밝혀짐,드러냄,,98,2025-01-16,354,char:290,ep:d_nikke_mana_04,동시,,확실,확정,ch34–ch35 ~,86,
F1780,사실,E1299,암시,암시,F1780,28,2023-02-01,177,event_maidinvalentine,event_maidinvalentine_05_e,앞,,추정,확정,ch09–ch10 ~,36,
F1780,사실,F1780,처음 밝혀짐,드러냄,,99,2025-01-30,355,event_romanticvalentine,event_romanticvalentine_prologue,동시,,확실,확정,ch09–ch10 ~,36,
F1781,사실,F1781,처음 밝혀짐,드러냄,,99,2025-01-30,355,event_romanticvalentine,event_romanticvalentine_03_s,동시,,확실,확정,ch09–ch10 ~,36,
F1782,사실,F1782,처음 밝혀짐,드러냄,,99,2025-01-30,355,event_romanticvalentine,event_romanticvalentine_02_s,동시,,확실,확정,ch09–ch10 ~,36,
F1782,사실,E1471,재언급,재언급,F1782,138,2026-02-12,438,fl:lie_cause_recoil,fl:lie_cause_recoil_04,뒤,,확실,확정,ch26–ch27 ~,70,
F1783,사실,F1783,처음 밝혀짐,드러냄,,99,2025-01-30,355,event_romanticvalentine,event_romanticvalentine_04_e,동시,,확실,확정,ch09–ch10 ~,36,
F1784,사실,F1784,처음 밝혀짐,드러냄,,99,2025-01-30,356,char:354,ep:d_nikke_mast_romanticmaid_01,동시,,확실,확정,ch09–ch10 ~,36,
F1785,사실,F1785,처음 밝혀짐,드러냄,,100,2025-02-06,357,char:355,ep:d_nikke_anchor_innocentmaid_01,동시,,확실,확정,ch15–ch16 ~,48,
F1786,사실,E271,암시,암시,F1786,55,2023-11-02,244,ch26,d_main_26_08,앞,,확실,확정,ch26,69,69
F1786,사실,E434,암시,암시,F1786,80,2024-07-25,308,ch31,d_main_31_02_e,앞,,추정,확정,ch31,79,79
F1786,사실,E517,암시,암시,F1786,91,2024-10-31,336,ch34,d_main_34_af_02,앞,,확실,확정,ch34,85,85
F1786,사실,F1786,처음 밝혀짐,드러냄,,101,2025-02-20,358,ch35,d_main_35bf_01,동시,,확실,확정,ch35,87,87
F1787,사실,F1787,처음 밝혀짐,드러냄,,101,2025-02-20,358,ch35,d_main_35bf_01,동시,,확실,확정,ch35,87,87
F1788,사실,F1788,처음 밝혀짐,드러냄,,101,2025-02-20,358,ch35,d_main_35bf_02,동시,,확실,확정,ch35,87,87
F1788,사실,E854,재언급,재언급,F1788,122,2025-09-04,404,fl:coins_in_rush,fl:coins_in_rush_00,뒤,,확실,확정,ch22–ch23 ~,62,
F1789,사실,F1789,처음 밝혀짐,드러냄,,101,2025-02-20,358,ch35,d_main_35bf_03,동시,,확실,확정,ch35,87,87
F1790,사실,F1790,처음 밝혀짐,드러냄,,101,2025-02-20,358,ch35,d_main_35bf_03,동시,,확실,확정,ch35,87,87
F1791,사실,F1791,처음 밝혀짐,드러냄,,101,2025-02-20,358,ch35,d_main_35bf_03,동시,,확실,확정,ch35,87,87
F1792,사실,F1792,처음 밝혀짐,드러냄,,101,2025-02-20,358,ch35,d_main_35bf_03,동시,,확실,확정,ch35,87,87
F1792,사실,E940,재언급,재언급,F1792,128,2025-10-30,418,event_goddessfall1,event_goddessfall1_04_e,뒤,,확실,확정,ch40–ch41,98,98
F1792,사실,E1019,재언급,재언급,F1792,138,2026-02-12,436,ch44,d_main_44_03,뒤,,추정,확정,ch44,105,105
F1792,사실,E1189,재언급,재언급,F1792,151,2026-07-23,467,fl:project_matis,fl:project_matis_08,뒤,,추정,확정,ch46–ch47 ~,110,
F1793,사실,F1793,처음 밝혀짐,드러냄,,101,2025-02-20,358,ch35,d_main_35bf_03,동시,,확실,확정,ch35,87,87
F1794,사실,F1794,처음 밝혀짐,드러냄,,101,2025-02-20,358,ch35,d_main_35bf_04,동시,,확실,확정,ch35,87,87
F1795,사실,F1795,처음 밝혀짐,드러냄,,101,2025-02-20,358,ch35,d_main_35bf_05,동시,,확실,확정,ch35,87,87
F1796,사실,F1796,처음 밝혀짐,드러냄,,101,2025-02-20,358,ch35,d_main_35_07,동시,,확실,확정,ch35,87,87
F1796,사실,E1201,재언급,재언급,F1796,151,2026-07-23,467,fl:project_matis,fl:project_matis_25,뒤,,추정,확정,ch46–ch47 ~,110,
F1797,사실,F1797,처음 밝혀짐,드러냄,,101,2025-02-20,358,ch35,d_main_35bf_07,동시,,확실,확정,ch35,87,87
F1798,사실,E28,암시,암시,F1798,5,2022-11-04,8,ch04,d_main_04af_08,앞,,확실,확정,ch04,25,25
F1798,사실,E76,암시,암시,F1798,12,2022-11-04,69,sub:음악_애호가_00,sub:음악_애호가_00,앞,,추정,확정,,,
F1798,사실,E1274,암시,암시,F1798,17,2022-11-04,123,char:12,ep:d_nikke_anis_01,앞,,추정,확정,ch01–ch02 ~ ch02–ch03,20,22
F1798,사실,E1275,암시,암시,F1798,17,2022-11-04,123,char:12,ep:d_nikke_anis_03,앞,,확실,확정,ch01–ch02 ~ ch02–ch03,20,22
F1798,사실,E277,암시,암시,F1798,55,2023-11-02,246,sub:코인_러시_00,sub:코인_러시_00,앞,,추정,확정,ch23–ch24 ~ ch24–ch25,64,66
F1798,사실,E516,암시,암시,F1798,91,2024-10-31,336,ch34,d_main_34_af_01,앞,,추정,확정,ch34,85,85
F1798,사실,E587,암시,암시,F1798,101,2025-02-20,358,ch35,d_main_35bf_02,동시,,추정,확정,ch35,87,87
F1798,사실,E597,암시,암시,F1798,101,2025-02-20,358,ch35,d_main_35bf_07,동시,,확실,확정,ch35,87,87
F1798,사실,F1798,처음 밝혀짐,드러냄,,101,2025-02-20,358,ch35,d_main_35_04,동시,,확실,확정,ch35,87,87
F1799,사실,F1799,처음 밝혀짐,드러냄,,101,2025-02-20,358,ch35,d_main_35_02,동시,,확실,확정,ch35,87,87
F1800,사실,F1800,처음 밝혀짐,드러냄,,101,2025-02-20,358,ch35,d_main_35_06,동시,,확실,확정,ch35,87,87
F1801,사실,F1801,처음 밝혀짐,드러냄,,101,2025-02-20,358,ch35,d_main_35_02,동시,,확실,확정,ch35,87,87
F1802,사실,F1802,처음 밝혀짐,드러냄,,101,2025-02-20,358,ch35,d_main_35_03,동시,,확실,확정,ch35,87,87
F1803,사실,F1803,처음 밝혀짐,드러냄,,101,2025-02-20,358,ch35,d_main_35_05_s,동시,,확실,확정,ch35,87,87
F1803,사실,E640,재언급,재언급,F1803,107,2025-04-10,370,side:mudfish,side:mudfish_00,뒤,,확실,확정,ch24–ch25 ~,66,
F1804,사실,F1804,처음 밝혀짐,드러냄,,101,2025-02-20,358,ch35,d_main_35_08_s,동시,,확실,확정,ch35,87,87
F1805,사실,F1805,처음 밝혀짐,드러냄,,101,2025-02-20,358,ch35,d_main_35_08_e,동시,,확실,확정,ch35,87,87
F1806,사실,F1806,처음 밝혀짐,드러냄,,101,2025-02-20,359,relic:알관련전달사항,relic:알관련전달사항_01,동시,,확실,확정,,,
F1807,사실,F1807,처음 밝혀짐,드러냄,,102,2025-02-20,360,ch36,d_main_36_01,동시,,확실,확정,ch36,89,89
F1808,사실,F1808,처음 밝혀짐,드러냄,,102,2025-02-20,360,ch36,d_main_36_02,동시,,확실,확정,ch36,89,89
F1808,사실,F1808-2,뒤집힘,뒤집음,,108,2025-04-24,373,ch37,d_main_37_06_s,뒤,F1862,확실,확정,ch37,91,91
F1809,사실,F1809,처음 밝혀짐,드러냄,,102,2025-02-20,360,ch36,d_main_36_03_s,동시,,확실,확정,ch36,89,89
F1809,사실,E661,재언급,재언급,F1809,109,2025-04-24,375,ch38,d_main_38_04,뒤,,확실,확정,ch38,93,93
F1810,사실,F1810,처음 밝혀짐,드러냄,,102,2025-02-20,360,ch36,d_main_36_03_s,동시,,확실,확정,ch36,89,89
F1811,사실,F1811,처음 밝혀짐,드러냄,,102,2025-02-20,360,ch36,d_main_36_03_e,동시,,확실,확정,ch36,89,89
F1812,사실,F1812,처음 밝혀짐,드러냄,,102,2025-02-20,360,ch36,d_main_36_05,동시,,확실,확정,ch36,89,89
F1813,사실,E485,암시,암시,F1813,90,2024-10-31,334,ch33,d_main_33_07,앞,,확실,확정,ch33,83,83
F1813,사실,F1813,처음 밝혀짐,드러냄,,102,2025-02-20,360,ch36,d_main_36_05,동시,,확실,확정,ch36,89,89
F1814,사실,F1814,처음 밝혀짐,드러냄,,102,2025-02-20,360,ch36,d_main_36_06,동시,,확실,확정,ch36,89,89
F1814,사실,E690,재언급,재언급,F1814,109,2025-04-24,377,event_unbreakablesphere1,event_unbreakablesphere1_05_e,뒤,,확실,확정,ch36–ch37 ~,90,
F1814,사실,F1814-2,보강,드러냄,,109,2025-04-24,377,event_unbreakablesphere1,event_unbreakablesphere2_01_s,뒤,,확실,확정,ch36–ch37 ~,90,
F1815,사실,E603,암시,암시,F1815,101,2025-02-20,358,ch35,d_main_35_05_s,앞,,추정,확정,ch35,87,87
F1815,사실,F1815,처음 밝혀짐,드러냄,,102,2025-02-20,360,ch36,d_main_36_07_s,동시,,확실,확정,ch36,89,89
F1815,사실,F1815-2,보강,드러냄,,107,2025-04-10,370,side:mudfish,side:mudfish_09,뒤,,확실,확정,ch24–ch25 ~,66,
F1815,사실,E710,재언급,재언급,F1815,109,2025-04-24,378,erelic:unbreakable_sphere_dialog,erelic:unbreakable_sphere_dialog_04,뒤,,추정,확정,ch36–ch37 ~,90,
F1816,사실,F1816,처음 밝혀짐,드러냄,,102,2025-02-20,360,ch36,d_main_36_07_e,동시,,확실,확정,ch36,89,89
F1816,사실,E694,재언급,재언급,F1816,109,2025-04-24,377,event_unbreakablesphere1,event_unbreakablesphere1_06_e,뒤,,확실,확정,ch36–ch37 ~,90,
F1816,사실,F1816-2,보강,드러냄,,109,2025-04-24,379,erelic:unbreakable_sphere_lost,erelic:unbreakable_sphere_lost_03,뒤,,추정,확정,@1차_지상_탈환전–@갓데스_폴 ~ @갓데스_폴–@2차_지상_탈환전,12,14
F1817,사실,F1817,처음 밝혀짐,드러냄,,102,2025-02-20,360,ch36,d_main_36_04,동시,,확실,확정,ch36,89,89
F1818,사실,F1818,처음 밝혀짐,드러냄,,102,2025-02-20,360,ch36,d_main_36_08_s,동시,,확실,확정,ch36,89,89
F1818,사실,E1534,재언급,재언급,F1818,147,2026-05-28,460,fl:bitter_spice,fl:bitter_spice_01,뒤,,추정,확정,ch46–ch47 ~,110,
F1819,사실,F1819,처음 밝혀짐,드러냄,,102,2025-02-20,360,ch36,d_main_36_09_s,동시,,확실,확정,ch36,89,89
F1819,사실,E646,재언급,재언급,F1819,108,2025-04-24,373,ch37,d_main_37_02_s,뒤,,확실,확정,ch37,91,91
F1819,사실,E669,재언급,재언급,F1819,109,2025-04-24,375,ch38,d_main_38_08,뒤,,확실,확정,ch38,93,93
F1819,사실,E917,재언급,재언급,F1819,128,2025-10-30,416,ch42,d_main_42_07,뒤,,확실,확정,ch42,101,101
F1820,사실,E612,암시,암시,F1820,101,2025-02-20,358,ch35,d_main_35_09_s,앞,,확실,확정,ch35,87,87
F1820,사실,F1820,처음 밝혀짐,드러냄,,102,2025-02-20,360,ch36,d_main_36_09_e,동시,,확실,확정,ch36,89,89
F1821,사실,E440,암시,암시,F1821,80,2024-07-25,308,ch31,d_main_31_06,앞,,추정,확정,ch31,79,79
F1821,사실,F1821,처음 밝혀짐,드러냄,,102,2025-02-20,361,relic:할일목록,relic:할일목록_00,동시,,확실,확정,,,
F1822,사실,F1822,처음 밝혀짐,드러냄,,102,2025-02-20,362,char:836,ep:d_nikke_ce005_03_01,동시,,확실,확정,ch27–ch28 ~,72,
F1823,사실,F1823,처음 밝혀짐,드러냄,,102,2025-02-20,363,char:835,ep:d_nikke_ce005_02_01,동시,,확실,확정,ch27–ch28 ~,72,
F1824,사실,F1824,처음 밝혀짐,드러냄,,103,2025-02-27,364,char:834,ep:d_nikke_ce005_01_01,동시,,확실,확정,ch27–ch28 ~,72,
F1825,사실,F1825,처음 밝혀짐,드러냄,,104,2025-03-13,365,fl:for_rest,fl:for_rest_05,동시,,확실,확정,ch27–ch28 ~,72,
F1826,사실,F1826,처음 밝혀짐,드러냄,,104,2025-03-13,365,fl:for_rest,fl:for_rest_01,동시,,확실,확정,ch27–ch28 ~,72,
F1827,사실,E1419,암시,암시,F1827,104,2025-03-13,365,fl:for_rest,fl:for_rest_00,동시,,확실,확정,ch27–ch28 ~,72,
F1827,사실,E1422,암시,암시,F1827,104,2025-03-13,365,fl:for_rest,fl:for_rest_01,동시,,확실,확정,ch27–ch28 ~,72,
F1827,사실,E1427,암시,암시,F1827,104,2025-03-13,365,fl:for_rest,fl:for_rest_09,동시,,확실,확정,ch27–ch28 ~,72,
F1827,사실,F1827,처음 밝혀짐,드러냄,,104,2025-03-13,365,fl:for_rest,fl:for_rest_12,동시,,확실,확정,ch27–ch28 ~,72,
F1828,사실,F1828,처음 밝혀짐,드러냄,,104,2025-03-13,365,fl:for_rest,fl:for_rest_01,동시,,확실,확정,ch27–ch28 ~,72,
F1829,사실,F1829,처음 밝혀짐,드러냄,,104,2025-03-13,365,fl:for_rest,fl:for_rest_01,동시,,확실,확정,ch27–ch28 ~,72,
F1830,사실,F1830,처음 밝혀짐,드러냄,,104,2025-03-13,365,fl:for_rest,fl:for_rest_02,동시,,확실,확정,ch27–ch28 ~,72,
F1831,사실,E1423,암시,암시,F1831,104,2025-03-13,365,fl:for_rest,fl:for_rest_02,동시,,확실,확정,ch27–ch28 ~,72,
F1831,사실,F1831,처음 밝혀짐,드러냄,,104,2025-03-13,365,fl:for_rest,fl:for_rest_07,동시,,확실,확정,ch27–ch28 ~,72,
F1832,사실,F1832,처음 밝혀짐,드러냄,,104,2025-03-13,365,fl:for_rest,fl:for_rest_09,동시,,추정,확정,ch27–ch28 ~,72,
F1833,사실,F1833,처음 밝혀짐,드러냄,,104,2025-03-13,366,char:412,ep:d_nikke_trina_01,동시,,확실,확정,ch27–ch28 ~,72,
F1834,사실,F1834,처음 밝혀짐,드러냄,,105,2025-03-27,367,event_newflavor,event_newflavor_01_s,동시,,확실,확정,ch04–ch05 ~,26,
F1834,사실,E1508,재언급,재언급,F1834,141,2026-03-19,445,fl:2x2_love_2ch,fl:2x2_love_2ch_18,뒤,,확실,확정,ch16–ch17 ~,50,
F1835,사실,F1835,처음 밝혀짐,드러냄,,105,2025-03-27,367,event_newflavor,event_newflavor_intermission_01,동시,,확실,확정,ch04–ch05 ~,26,
F1836,사실,F1836,처음 밝혀짐,드러냄,,105,2025-03-27,367,event_newflavor,event_newflavor_01_e,동시,,확실,확정,ch04–ch05 ~,26,
F1837,사실,F1837,처음 밝혀짐,드러냄,,105,2025-03-27,367,event_newflavor,event_newflavor_06_s,동시,,확실,확정,ch04–ch05 ~,26,
F1838,사실,E637,암시,암시,F1838,105,2025-03-27,367,event_newflavor,event_newflavor_04_s,동시,,확실,확정,ch04–ch05 ~,26,
F1838,사실,F1838,처음 밝혀짐,드러냄,,105,2025-03-27,367,event_newflavor,event_newflavor_05_e,동시,,확실,확정,ch04–ch05 ~,26,
F1839,사실,E634,암시,암시,F1839,105,2025-03-27,367,event_newflavor,event_newflavor_04_s,동시,,확실,확정,ch04–ch05 ~,26,
F1839,사실,E635,암시,암시,F1839,105,2025-03-27,367,event_newflavor,event_newflavor_06_s,동시,,확실,확정,ch04–ch05 ~,26,
F1839,사실,E636,암시,암시,F1839,105,2025-03-27,367,event_newflavor,event_newflavor_05_s,동시,,확실,확정,ch04–ch05 ~,26,
F1839,사실,F1839,처음 밝혀짐,드러냄,,105,2025-03-27,367,event_newflavor,event_newflavor_06_e,동시,,확실,확정,ch04–ch05 ~,26,
F1840,사실,F1840,처음 밝혀짐,드러냄,,105,2025-03-27,368,char:520,ep:d_nikke_bready_01,동시,,확실,확정,ch04–ch05 ~,26,
F1841,사실,F1841,처음 밝혀짐,드러냄,,106,2025-04-01,369,event_foolburstday,event_foolburstday_01,동시,,확실,확정,ch27–ch28 ~,72,
F1842,사실,F1842,처음 밝혀짐,드러냄,,106,2025-04-01,369,event_foolburstday,event_foolburstday_07,동시,,확실,확정,ch27–ch28 ~,72,
F1843,사실,F1843,처음 밝혀짐,드러냄,,106,2025-04-01,369,event_foolburstday,event_foolburstday_07,동시,,확실,확정,ch27–ch28 ~,72,
F1844,사실,F1844,처음 밝혀짐,드러냄,,107,2025-04-10,370,side:mudfish,side:mudfish_07,동시,,확실,확정,ch24–ch25 ~,66,
F1845,사실,F1845,처음 밝혀짐,드러냄,,107,2025-04-10,370,side:mudfish,side:mudfish_07,동시,,확실,확정,ch24–ch25 ~,66,
F1846,사실,F1846,처음 밝혀짐,드러냄,,107,2025-04-10,370,side:mudfish,side:mudfish_00,동시,,확실,확정,ch24–ch25 ~,66,
F1846,사실,E693,재언급,재언급,F1846,109,2025-04-24,377,event_unbreakablesphere1,event_unbreakablesphere1_06_s,뒤,,확실,확정,ch36–ch37 ~,90,
F1847,사실,E512,암시,암시,F1847,91,2024-10-31,336,ch34,d_main_34_09_e,앞,,추정,확정,ch34,85,85
F1847,사실,F1847,처음 밝혀짐,드러냄,,107,2025-04-10,370,side:mudfish,side:mudfish_06,동시,,확실,확정,ch24–ch25 ~,66,
F1848,사실,F1848,처음 밝혀짐,드러냄,,107,2025-04-10,370,side:mudfish,side:mudfish_12,동시,,확실,확정,ch24–ch25 ~,66,
F1848,사실,E674,재언급,재언급,F1848,109,2025-04-24,375,ch38,d_main_38_09_e,뒤,,확실,확정,ch38,93,93
F1849,사실,E493,암시,암시,F1849,91,2024-10-31,336,ch34,d_main_34_01_s,앞,,추정,확정,ch34,85,85
F1849,사실,E526,암시,암시,F1849,91,2024-10-31,338,event_oldtales1,event_oldtales1_02_s,앞,,추정,확정,@갓데스_투입–@궤도_엘리베이터_강습 ~ @궤도_엘리베이터_강습–@아크_가디언_작전 / @궤도_엘리베이터_강습–@아크_가디언_작전 / @아크_가디언_작전–@방주_밀봉 ~ @방주_밀봉–@1차_지상_탈환전 / @방주_밀봉–@1차_지상_탈환전 ~ @1차_지상_탈환전–@갓데스_폴,4,12
F1849,사실,E625,암시,암시,F1849,102,2025-02-20,360,ch36,d_main_36_07_e,앞,,추정,확정,ch36,89,89
F1849,사실,E642,암시,암시,F1849,107,2025-04-10,370,side:mudfish,side:mudfish_08,동시,,추정,확정,ch24–ch25 ~,66,
F1849,사실,F1849,처음 밝혀짐,드러냄,,107,2025-04-10,370,side:mudfish,side:mudfish_12,동시,,확실,확정,ch24–ch25 ~,66,
F1849,사실,E672,재언급,재언급,F1849,109,2025-04-24,375,ch38,d_main_38_09_s,뒤,,확실,확정,ch38,93,93
F1849,사실,E673,재언급,재언급,F1849,109,2025-04-24,375,ch38,d_main_38_09_s,뒤,,확실,확정,ch38,93,93
F1849,사실,E711,재언급,재언급,F1849,109,2025-04-24,378,erelic:unbreakable_sphere_dialog,erelic:unbreakable_sphere_dialog_12,뒤,,확실,확정,ch36–ch37 ~,90,
F1849,사실,E910,재언급,재언급,F1849,128,2025-10-30,416,ch42,d_main_42_03,뒤,,확실,확정,ch42,101,101
F1850,사실,F1850,처음 밝혀짐,드러냄,,107,2025-04-10,370,side:mudfish,side:mudfish_15,동시,,확실,확정,ch24–ch25 ~,66,
F1851,사실,E639,암시,암시,F1851,105,2025-03-27,367,event_newflavor,event_newflavor_epilogue,앞,,확실,확정,ch04–ch05 ~,26,
F1851,사실,F1851,처음 밝혀짐,드러냄,,107,2025-04-10,371,event_trueflavor,event_trueflavor_01_e,동시,,확실,확정,ch04–ch05 ~,26,
F1852,사실,F1852,처음 밝혀짐,드러냄,,107,2025-04-10,371,event_trueflavor,event_trueflavor_01_e,동시,,확실,확정,ch04–ch05 ~,26,
F1853,사실,F1853,처음 밝혀짐,드러냄,,107,2025-04-10,372,char:521,ep:d_nikke_crust_02,동시,,확실,확정,ch04–ch05 ~,26,
F1854,사실,F1854,처음 밝혀짐,드러냄,,107,2025-04-10,372,char:521,ep:d_nikke_crust_02,동시,,확실,확정,ch04–ch05 ~,26,
F1855,사실,F1855,처음 밝혀짐,드러냄,,107,2025-04-10,372,char:521,ep:d_nikke_crust_04,동시,,확실,확정,ch04–ch05 ~,26,
F1856,사실,F1856,처음 밝혀짐,드러냄,,108,2025-04-24,373,ch37,d_main_37_01,동시,,확실,확정,ch37,91,91
F1857,사실,F1857,처음 밝혀짐,드러냄,,108,2025-04-24,373,ch37,d_main_37_02_s,동시,,확실,확정,ch37,91,91
F1858,사실,E518,암시,암시,F1858,91,2024-10-31,336,ch34,d_main_34_af_02,앞,,추정,확정,ch34,85,85
F1858,사실,F1858,처음 밝혀짐,드러냄,,108,2025-04-24,373,ch37,d_main_37_05,동시,,확실,확정,ch37,91,91
F1859,사실,E275,암시,암시,F1859,55,2023-11-02,244,ch26,d_main_26_09,앞,,확실,확정,ch26,69,69
F1859,사실,E323,암시,암시,F1859,65,2024-02-22,267,ch27,d_main_26af_02,앞,,추정,확정,ch27,71,71
F1859,사실,E626,암시,암시,F1859,102,2025-02-20,360,ch36,d_main_36_08_e,앞,,확실,확정,ch36,89,89
F1859,사실,F1859,처음 밝혀짐,드러냄,,108,2025-04-24,373,ch37,d_main_37_03,동시,,확실,확정,ch37,91,91
F1859,사실,E663,재언급,재언급,F1859,109,2025-04-24,375,ch38,d_main_38_05_s,뒤,,확실,확정,ch38,93,93
F1860,사실,F1860,처음 밝혀짐,드러냄,,108,2025-04-24,373,ch37,d_main_37_04,동시,,확실,확정,ch37,91,91
F1860,사실,E811,재언급,재언급,F1860,118,2025-08-07,396,ch39,d_main_39_af_08,뒤,,확실,확정,ch39,95,95
F1860,사실,E1038,재언급,재언급,F1860,138,2026-02-12,436,ch44,d_main_44_af_10,뒤,,확실,확정,ch44,105,105
F1861,사실,F1861,처음 밝혀짐,드러냄,,108,2025-04-24,373,ch37,d_main_37_07,동시,,확실,확정,ch37,91,91
F1862,사실,E611,암시,암시,F1862,101,2025-02-20,358,ch35,d_main_35_08_e,앞,,추정,확정,ch35,87,87
F1862,사실,E617,암시,암시,F1862,101,2025-02-20,359,relic:알관련전달사항,relic:알관련전달사항_03,앞,,확실,확정,,,
F1862,사실,E633,암시,암시,F1862,102,2025-02-20,361,relic:할일목록,relic:할일목록_03,앞,,확실,확정,,,
F1862,사실,F1862,처음 밝혀짐,드러냄,,108,2025-04-24,373,ch37,d_main_37_06_s,동시,,확실,확정,ch37,91,91
F1863,사실,F1863,처음 밝혀짐,드러냄,,108,2025-04-24,373,ch37,d_main_37_02_s,동시,,추정,확정,ch37,91,91
F1864,사실,F1864,처음 밝혀짐,드러냄,,108,2025-04-24,373,ch37,d_main_37_08_s,동시,,확실,확정,ch37,91,91
F1864,사실,F1864-2,보강,드러냄,,109,2025-04-24,375,ch38,d_main_38_02,뒤,,확실,확정,ch38,93,93
F1865,사실,F1865,처음 밝혀짐,드러냄,,108,2025-04-24,373,ch37,d_main_37_08_s,동시,,확실,확정,ch37,91,91
F1866,사실,E643,암시,암시,F1866,107,2025-04-10,370,side:mudfish,side:mudfish_12,앞,,추정,확정,ch24–ch25 ~,66,
F1866,사실,F1866,처음 밝혀짐,드러냄,,108,2025-04-24,373,ch37,d_main_37_08_s,동시,,확실,확정,ch37,91,91
F1866,사실,E660,재언급,재언급,F1866,109,2025-04-24,375,ch38,d_main_38_02,뒤,,확실,확정,ch38,93,93
F1866,사실,E892,재언급,재언급,F1866,127,2025-10-30,414,ch41,d_main_41_01,뒤,,확실,확정,ch41,99,99
F1866,사실,E912,재언급,재언급,F1866,128,2025-10-30,416,ch42,d_main_42_05,뒤,,확실,확정,ch42,101,101
F1867,사실,F1867,처음 밝혀짐,드러냄,,108,2025-04-24,373,ch37,d_main_37_08_e,동시,,확실,확정,ch37,91,91
F1867,사실,F1867-2,보강,드러냄,,109,2025-04-24,375,ch38,d_main_38_01_s,뒤,,확실,확정,ch38,93,93
F1868,사실,F1868,처음 밝혀짐,드러냄,,108,2025-04-24,374,relic:주워갈것들메모,relic:주워갈것들메모_00,동시,,확실,확정,,,
F1869,사실,F1869,처음 밝혀짐,드러냄,,108,2025-04-24,374,relic:주워갈것들메모,relic:주워갈것들메모_02,동시,,확실,확정,,,
F1870,사실,F1870,처음 밝혀짐,드러냄,,109,2025-04-24,375,ch38,d_main_38_01_s,동시,,확실,확정,ch38,93,93
F1871,사실,F1871,처음 밝혀짐,드러냄,,109,2025-04-24,375,ch38,d_main_38_01_e,동시,,확실,확정,ch38,93,93
F1872,사실,E616,암시,암시,F1872,101,2025-02-20,359,relic:알관련전달사항,relic:알관련전달사항_02,앞,,추정,확정,,,
F1872,사실,E632,암시,암시,F1872,102,2025-02-20,361,relic:할일목록,relic:할일목록_01,앞,,추정,확정,,,
F1872,사실,E652,암시,암시,F1872,108,2025-04-24,373,ch37,d_main_37_08_s,앞,,확실,확정,ch37,91,91
F1872,사실,E656,암시,암시,F1872,108,2025-04-24,374,relic:주워갈것들메모,relic:주워갈것들메모_03,앞,,확실,확정,,,
F1872,사실,F1872,처음 밝혀짐,드러냄,,109,2025-04-24,375,ch38,d_main_38_02,동시,,확실,확정,ch38,93,93
F1873,사실,E456,암시,암시,F1873,81,2024-07-25,310,ch32,d_main_32_07,앞,,추정,확정,ch32,81,81
F1873,사실,E490,암시,암시,F1873,90,2024-10-31,335,relic:소녀의일기-절망편-,relic:소녀의일기-절망편-_03,앞,,추정,확정,~ ch32–ch33,,82
F1873,사실,F1873,처음 밝혀짐,드러냄,,109,2025-04-24,375,ch38,d_main_38_04,동시,,확실,확정,ch38,93,93
F1874,사실,E1275,암시,암시,F1874,17,2022-11-04,123,char:12,ep:d_nikke_anis_03,앞,,확실,확정,ch01–ch02 ~ ch02–ch03,20,22
F1874,사실,F1874,처음 밝혀짐,드러냄,,109,2025-04-24,375,ch38,d_main_38_05_s,동시,,확실,확정,ch38,93,93
F1874,사실,E1529,재언급,재언급,F1874,146,2026-05-14,458,fl:b-side_idol,fl:b-side_idol_09,뒤,,추정,확정,ch46–ch47 ~,110,
F1874,사실,E1539,재언급,재언급,F1874,147,2026-05-28,460,fl:bitter_spice,fl:bitter_spice_13,뒤,,추정,확정,ch46–ch47 ~,110,
F1875,사실,F1875,처음 밝혀짐,드러냄,,109,2025-04-24,375,ch38,d_main_38_05_e,동시,,확실,확정,ch38,93,93
F1876,사실,F1876,처음 밝혀짐,드러냄,,109,2025-04-24,375,ch38,d_main_38_07_e,동시,,확실,확정,ch38,93,93
F1877,사실,F1877,처음 밝혀짐,드러냄,,109,2025-04-24,375,ch38,d_main_38_08,동시,,확실,확정,ch38,93,93
F1878,사실,E644,암시,암시,F1878,107,2025-04-10,370,side:mudfish,side:mudfish_12,앞,,추정,확정,ch24–ch25 ~,66,
F1878,사실,E659,암시,암시,F1878,109,2025-04-24,375,ch38,d_main_38_01_e,동시,,확실,확정,ch38,93,93
F1878,사실,F1878,처음 밝혀짐,드러냄,,109,2025-04-24,375,ch38,d_main_38_09_s,동시,,확실,확정,ch38,93,93
F1878,사실,E676,재언급,재언급,F1878,109,2025-04-24,376,relic:은색액체,relic:은색액체_01,동시,,확실,확정,,,
F1878,사실,E1591,재언급,재언급,F1878,156,2026-09-03,478,fl:great_villain_union,fl:great_villain_union_13,뒤,,확실,확정,ch42–ch43 ~,102,
F1879,사실,E668,암시,암시,F1879,109,2025-04-24,375,ch38,d_main_38_08,동시,,추정,확정,ch38,93,93
F1879,사실,F1879,처음 밝혀짐,드러냄,,109,2025-04-24,375,ch38,d_main_38_09_s,동시,,확실,확정,ch38,93,93
F1880,사실,F1880,처음 밝혀짐,드러냄,,109,2025-04-24,375,ch38,d_main_38_09_e,동시,,확실,확정,ch38,93,93
F1881,사실,F1881,처음 밝혀짐,드러냄,,109,2025-04-24,376,relic:은색액체,relic:은색액체_01,동시,,확실,확정,,,
F1882,사실,F1882,처음 밝혀짐,드러냄,,109,2025-04-24,376,relic:은색액체,relic:은색액체_03,동시,,확실,확정,,,
F1883,사실,F1883,처음 밝혀짐,드러냄,,109,2025-04-24,377,event_unbreakablesphere1,event_unbreakablesphere1_prologue,동시,,확실,확정,ch36–ch37 ~,90,
F1884,사실,E645,암시,암시,F1884,107,2025-04-10,370,side:mudfish,side:mudfish_00,앞,,추정,확정,ch24–ch25 ~,66,
F1884,사실,E683,암시,암시,F1884-2,109,2025-04-24,377,event_unbreakablesphere1,event_unbreakablesphere1_02_e,동시,,확실,확정,ch36–ch37 ~,90,
F1884,사실,E684,암시,암시,F1884-2,109,2025-04-24,377,event_unbreakablesphere1,event_unbreakablesphere1_02_e,동시,,추정,확정,ch36–ch37 ~,90,
F1884,사실,F1884,처음 밝혀짐,드러냄,,109,2025-04-24,377,event_unbreakablesphere1,event_unbreakablesphere1_01_s,동시,,확실,확정,ch36–ch37 ~,90,
F1884,사실,F1884-2,보강,드러냄,,109,2025-04-24,377,event_unbreakablesphere1,event_unbreakablesphere1_intermission_01,동시,,확실,확정,ch36–ch37 ~,90,
F1885,사실,F1885,처음 밝혀짐,드러냄,,109,2025-04-24,377,event_unbreakablesphere1,event_unbreakablesphere1_01_e,동시,,확실,확정,ch36–ch37 ~,90,
F1886,사실,F1886,처음 밝혀짐,드러냄,,109,2025-04-24,377,event_unbreakablesphere1,event_unbreakablesphere1_03_e,동시,,확실,확정,ch36–ch37 ~,90,
F1887,사실,F1887,처음 밝혀짐,드러냄,,109,2025-04-24,377,event_unbreakablesphere1,event_unbreakablesphere1_05_s,동시,,확실,확정,ch36–ch37 ~,90,
F1888,사실,F1888,처음 밝혀짐,드러냄,,109,2025-04-24,377,event_unbreakablesphere1,event_unbreakablesphere1_03_e,동시,,확실,확정,ch36–ch37 ~,90,
F1889,사실,F1889,처음 밝혀짐,드러냄,,109,2025-04-24,377,event_unbreakablesphere1,event_unbreakablesphere2_01_e,동시,,확실,확정,ch36–ch37 ~,90,
F1890,사실,E680,암시,암시,F1890,109,2025-04-24,377,event_unbreakablesphere1,event_unbreakablesphere1_02_s,동시,,확실,확정,ch36–ch37 ~,90,
F1890,사실,E685,암시,암시,F1890,109,2025-04-24,377,event_unbreakablesphere1,event_unbreakablesphere1_03_s,동시,,확실,확정,ch36–ch37 ~,90,
F1890,사실,F1890,처음 밝혀짐,드러냄,,109,2025-04-24,377,event_unbreakablesphere1,event_unbreakablesphere1_04_s,동시,,확실,확정,ch36–ch37 ~,90,
F1891,사실,F1891,처음 밝혀짐,드러냄,,109,2025-04-24,377,event_unbreakablesphere1,event_unbreakablesphere1_04_s,동시,,확실,확정,ch36–ch37 ~,90,
F1892,사실,E678,암시,암시,F1892,109,2025-04-24,377,event_unbreakablesphere1,event_unbreakablesphere1_prologue,동시,,확실,확정,ch36–ch37 ~,90,
F1892,사실,E679,암시,암시,F1892,109,2025-04-24,377,event_unbreakablesphere1,event_unbreakablesphere1_01_s,동시,,확실,확정,ch36–ch37 ~,90,
F1892,사실,E681,암시,암시,F1892,109,2025-04-24,377,event_unbreakablesphere1,event_unbreakablesphere1_02_s,동시,,확실,확정,ch36–ch37 ~,90,
F1892,사실,E682,암시,암시,F1892,109,2025-04-24,377,event_unbreakablesphere1,event_unbreakablesphere1_02_e,동시,,확실,확정,ch36–ch37 ~,90,
F1892,사실,F1892,처음 밝혀짐,드러냄,,109,2025-04-24,377,event_unbreakablesphere1,event_unbreakablesphere1_intermission_01,동시,,확실,확정,ch36–ch37 ~,90,
F1893,사실,F1893,처음 밝혀짐,드러냄,,109,2025-04-24,377,event_unbreakablesphere1,event_unbreakablesphere1_intermission_01,동시,,확실,확정,ch36–ch37 ~,90,
F1894,사실,F1894,처음 밝혀짐,드러냄,,109,2025-04-24,377,event_unbreakablesphere1,event_unbreakablesphere1_05_s,동시,,확실,확정,ch36–ch37 ~,90,
F1895,사실,E692,재언급,재언급,F1895,109,2025-04-24,377,event_unbreakablesphere1,event_unbreakablesphere1_05_e,동시,,확실,확정,ch36–ch37 ~,90,
F1895,사실,F1895,처음 밝혀짐,드러냄,,109,2025-04-24,377,event_unbreakablesphere1,event_unbreakablesphere1_05_s,동시,,확실,확정,ch36–ch37 ~,90,
F1896,사실,F1896,처음 밝혀짐,드러냄,,109,2025-04-24,377,event_unbreakablesphere1,event_unbreakablesphere1_03_s,동시,,확실,확정,ch36–ch37 ~,90,
F1897,사실,F1897,처음 밝혀짐,드러냄,,109,2025-04-24,377,event_unbreakablesphere1,event_unbreakablesphere2_02_s,동시,,확실,확정,ch36–ch37 ~,90,
F1898,사실,F1898,처음 밝혀짐,드러냄,,109,2025-04-24,377,event_unbreakablesphere1,event_unbreakablesphere2_02_e,동시,,확실,확정,ch36–ch37 ~,90,
F1898,사실,E1434,재언급,재언급,F1898,110,2025-05-01,382,char:162,ep:d_nikke_mihara_bondingchain_01,뒤,,추정,확정,ch36–ch37 ~,90,
F1899,사실,E702,암시,암시,F1899,109,2025-04-24,377,event_unbreakablesphere1,event_unbreakablesphere2_03_e,동시,,추정,확정,ch36–ch37 ~,90,
F1899,사실,F1899,처음 밝혀짐,드러냄,,109,2025-04-24,377,event_unbreakablesphere1,event_unbreakablesphere2_04_s,동시,,확실,확정,ch36–ch37 ~,90,
F1900,사실,E696,암시,암시,F1900,109,2025-04-24,377,event_unbreakablesphere1,event_unbreakablesphere2_02_e,동시,,확실,확정,ch36–ch37 ~,90,
F1900,사실,E697,암시,암시,F1900,109,2025-04-24,377,event_unbreakablesphere1,event_unbreakablesphere2_02_e,동시,,추정,확정,ch36–ch37 ~,90,
F1900,사실,F1900,처음 밝혀짐,드러냄,,109,2025-04-24,377,event_unbreakablesphere1,event_unbreakablesphere2_04_s,동시,,확실,확정,ch36–ch37 ~,90,
F1901,사실,E689,암시,암시,F1901,109,2025-04-24,377,event_unbreakablesphere1,event_unbreakablesphere1_05_s,동시,,확실,확정,ch36–ch37 ~,90,
F1901,사실,F1901,처음 밝혀짐,드러냄,,109,2025-04-24,377,event_unbreakablesphere1,event_unbreakablesphere2_04_s,동시,,확실,확정,ch36–ch37 ~,90,
F1902,사실,E687,암시,암시,F1902,109,2025-04-24,377,event_unbreakablesphere1,event_unbreakablesphere1_03_e,동시,,확실,확정,ch36–ch37 ~,90,
F1902,사실,F1902,처음 밝혀짐,드러냄,,109,2025-04-24,377,event_unbreakablesphere1,event_unbreakablesphere2_06_e,동시,,확실,확정,ch36–ch37 ~,90,
F1903,사실,E1616,암시,암시,F1903,91,2024-10-31,343,char:511,ep:d_nikke_cinderella_04,앞,,추정,확정,ch31–ch32 ~ ch34–ch35,80,86
F1903,사실,E1398,암시,암시,F1903,92,2024-11-07,344,char:514,ep:d_nikke_grave_04,앞,,추정,확정,ch34–ch35 ~ ch36–ch37,86,90
F1903,사실,F1903,처음 밝혀짐,드러냄,,109,2025-04-24,377,event_unbreakablesphere1,event_unbreakablesphere2_06_e,동시,,확실,확정,ch36–ch37 ~,90,
F1903,사실,E1617,재언급,재언급,F1903,109,2025-04-24,381,char:590,ep:d_nikke_mori_05,동시,,추정,확정,~ ch33–ch34,,84
F1903,사실,E1555,재언급,재언급,F1903,149,2026-07-02,464,fl:wave_to_you,fl:wave_to_you_19,뒤,,확실,확정,ch42–ch43 ~,102,
F1904,사실,F1904,처음 밝혀짐,드러냄,,109,2025-04-24,378,erelic:unbreakable_sphere_dialog,erelic:unbreakable_sphere_dialog_01,동시,,확실,확정,ch36–ch37 ~,90,
F1904,사실,E1558,재언급,재언급,F1904,149,2026-07-02,464,fl:wave_to_you,fl:wave_to_you_05,뒤,,확실,확정,ch42–ch43 ~,102,
F1905,사실,E686,암시,암시,F1905,109,2025-04-24,377,event_unbreakablesphere1,event_unbreakablesphere1_03_s,동시,,추정,확정,ch36–ch37 ~,90,
F1905,사실,F1905,처음 밝혀짐,드러냄,,109,2025-04-24,378,erelic:unbreakable_sphere_dialog,erelic:unbreakable_sphere_dialog_11,동시,,확실,확정,ch36–ch37 ~,90,
F1906,사실,F1906,처음 밝혀짐,드러냄,,109,2025-04-24,378,erelic:unbreakable_sphere_dialog,erelic:unbreakable_sphere_dialog_13,동시,,확실,확정,ch36–ch37 ~,90,
F1906,사실,E1430,재언급,재언급,F1906,109,2025-04-24,380,char:513,ep:d_nikke_littlemermaid_03,동시,,확실,확정,@갓데스_투입–@궤도_엘리베이터_강습 ~ @궤도_엘리베이터_강습–@아크_가디언_작전,4,6
F1907,사실,F1907,처음 밝혀짐,드러냄,,109,2025-04-24,379,erelic:unbreakable_sphere_lost,erelic:unbreakable_sphere_lost_00,동시,,확실,확정,@1차_지상_탈환전–@갓데스_폴 ~ @갓데스_폴–@2차_지상_탈환전,12,14
F1908,사실,F1908,처음 밝혀짐,드러냄,,109,2025-04-24,379,erelic:unbreakable_sphere_lost,erelic:unbreakable_sphere_lost_02,동시,,확실,확정,@1차_지상_탈환전–@갓데스_폴 ~ @갓데스_폴–@2차_지상_탈환전,12,14
F1909,사실,E708,암시,암시,F1909,109,2025-04-24,377,event_unbreakablesphere1,event_unbreakablesphere2_06_e,동시,,확실,확정,ch36–ch37 ~,90,
F1909,사실,F1909,처음 밝혀짐,드러냄,,109,2025-04-24,379,erelic:unbreakable_sphere_lost,erelic:unbreakable_sphere_lost_03,동시,,확실,확정,@1차_지상_탈환전–@갓데스_폴 ~ @갓데스_폴–@2차_지상_탈환전,12,14
F1910,사실,F1910,처음 밝혀짐,드러냄,,109,2025-04-24,380,char:513,ep:d_nikke_littlemermaid_01,동시,,확실,확정,@갓데스_투입–@궤도_엘리베이터_강습 ~ @궤도_엘리베이터_강습–@아크_가디언_작전,4,6
F1911,사실,E552,암시,암시,F1911,91,2024-10-31,340,erelic:old_tales_lost,erelic:old_tales_lost_03,앞,,추정,확정,@갓데스_투입–@궤도_엘리베이터_강습 ~ @방주_밀봉–@1차_지상_탈환전,4,10
F1911,사실,F1911,처음 밝혀짐,드러냄,,109,2025-04-24,380,char:513,ep:d_nikke_littlemermaid_02,동시,,확실,확정,@갓데스_투입–@궤도_엘리베이터_강습 ~ @궤도_엘리베이터_강습–@아크_가디언_작전,4,6
F1912,사실,F1912,처음 밝혀짐,드러냄,,109,2025-04-24,380,char:513,ep:d_nikke_littlemermaid_03,동시,,확실,확정,@갓데스_투입–@궤도_엘리베이터_강습 ~ @궤도_엘리베이터_강습–@아크_가디언_작전,4,6
F1913,사실,F1913,처음 밝혀짐,드러냄,,109,2025-04-24,380,char:513,ep:d_nikke_littlemermaid_04,동시,,확실,확정,@갓데스_투입–@궤도_엘리베이터_강습 ~ @궤도_엘리베이터_강습–@아크_가디언_작전,4,6
F1914,사실,F1914,처음 밝혀짐,드러냄,,109,2025-04-24,380,char:513,ep:d_nikke_littlemermaid_05,동시,,확실,확정,@갓데스_투입–@궤도_엘리베이터_강습 ~ @궤도_엘리베이터_강습–@아크_가디언_작전,4,6
F1915,사실,F1915,처음 밝혀짐,드러냄,,109,2025-04-24,381,char:590,ep:d_nikke_mori_02,동시,,확실,확정,~ ch33–ch34,,84
F1916,사실,F1916,처음 밝혀짐,드러냄,,109,2025-04-24,381,char:590,ep:d_nikke_mori_03,동시,,확실,확정,~ ch33–ch34,,84
F1917,사실,F1917,처음 밝혀짐,드러냄,,109,2025-04-24,381,char:590,ep:d_nikke_mori_03,동시,,확실,확정,~ ch33–ch34,,84
F1918,사실,F1918,처음 밝혀짐,드러냄,,109,2025-04-24,381,char:590,ep:d_nikke_mori_05,동시,,확실,확정,~ ch33–ch34,,84
F1919,사실,F1919,처음 밝혀짐,드러냄,,110,2025-05-01,382,char:162,ep:d_nikke_mihara_bondingchain_01,동시,,확실,확정,ch36–ch37 ~,90,
F1920,사실,F1920,처음 밝혀짐,드러냄,,110,2025-05-01,382,char:162,ep:d_nikke_mihara_bondingchain_01,동시,,확실,확정,ch36–ch37 ~,90,
F1921,사실,F1921,처음 밝혀짐,드러냄,,110,2025-05-01,382,char:162,ep:d_nikke_mihara_bondingchain_03,동시,,확실,확정,ch36–ch37 ~,90,
F1922,사실,F1922,처음 밝혀짐,드러냄,,110,2025-05-01,382,char:162,ep:d_nikke_mihara_bondingchain_03,동시,,확실,확정,ch36–ch37 ~,90,
F1923,사실,F1923,처음 밝혀짐,드러냄,,110,2025-05-01,382,char:162,ep:d_nikke_mihara_bondingchain_04,동시,,확실,확정,ch36–ch37 ~,90,
F1924,사실,F1924,처음 밝혀짐,드러냄,,110,2025-05-01,382,char:162,ep:d_nikke_mihara_bondingchain_02,동시,,확실,확정,ch36–ch37 ~,90,
F1925,사실,F1925,처음 밝혀짐,드러냄,,111,2025-05-15,383,event_arcanearchive,event_arcanearchive_prologue,동시,,확실,확정,ch26–ch27 ~,70,
F1926,사실,F1926,처음 밝혀짐,드러냄,,111,2025-05-15,383,event_arcanearchive,event_arcanearchive_prologue,동시,,확실,확정,ch26–ch27 ~,70,
F1926,사실,E1504,재언급,재언급,F1926,141,2026-03-19,444,fl:2x2_love_1ch,fl:2x2_love_1ch_39,뒤,,추정,확정,ch15 ~,47,
F1927,사실,F1927,처음 밝혀짐,드러냄,,111,2025-05-15,383,event_arcanearchive,event_arcanearchive_01_s,동시,,확실,확정,ch26–ch27 ~,70,
F1927,사실,E734,재언급,재언급,F1927,112,2025-05-29,385,event_lordforjustice,event_lordforjustice_01_e,뒤,,확실,확정,ch26–ch27 ~,70,
F1927,사실,E1490,재언급,재언급,F1927,141,2026-03-19,444,fl:2x2_love_1ch,fl:2x2_love_1ch_11,뒤,,확실,확정,ch15 ~,47,
F1927,사실,E1509,재언급,재언급,F1927,141,2026-03-19,445,fl:2x2_love_2ch,fl:2x2_love_2ch_31,뒤,,확실,확정,ch16–ch17 ~,50,
F1927,사실,E1519,재언급,재언급,F1927,141,2026-03-19,445,fl:2x2_love_2ch,fl:2x2_love_2ch_47,뒤,,추정,확정,ch16–ch17 ~,50,
F1928,사실,F1928,처음 밝혀짐,드러냄,,111,2025-05-15,383,event_arcanearchive,event_arcanearchive_03_s,동시,,확실,확정,ch26–ch27 ~,70,
F1929,사실,E713,암시,암시,F1929,111,2025-05-15,383,event_arcanearchive,event_arcanearchive_02_s,동시,,확실,확정,ch26–ch27 ~,70,
F1929,사실,E714,암시,암시,F1929,111,2025-05-15,383,event_arcanearchive,event_arcanearchive_02_s,동시,,추정,확정,ch26–ch27 ~,70,
F1929,사실,E715,암시,암시,F1929,111,2025-05-15,383,event_arcanearchive,event_arcanearchive_02_e,동시,,확실,확정,ch26–ch27 ~,70,
F1929,사실,E716,암시,암시,F1929,111,2025-05-15,383,event_arcanearchive,event_arcanearchive_03_e,동시,,확실,확정,ch26–ch27 ~,70,
F1929,사실,F1929,처음 밝혀짐,드러냄,,111,2025-05-15,383,event_arcanearchive,event_arcanearchive_intermission_01,동시,,확실,확정,ch26–ch27 ~,70,
F1929,사실,E739,재언급,재언급,F1929,112,2025-05-29,385,event_lordforjustice,event_lordforjustice_epilogue,뒤,,확실,확정,ch26–ch27 ~,70,
F1930,사실,F1930,처음 밝혀짐,드러냄,,111,2025-05-15,383,event_arcanearchive,event_arcanearchive_04_s,동시,,확실,확정,ch26–ch27 ~,70,
F1930,사실,E1515,재언급,재언급,F1930,141,2026-03-19,445,fl:2x2_love_2ch,fl:2x2_love_2ch_36,뒤,,확실,확정,ch16–ch17 ~,50,
F1931,사실,F1931,처음 밝혀짐,드러냄,,111,2025-05-15,383,event_arcanearchive,event_arcanearchive_04_e,동시,,확실,확정,ch26–ch27 ~,70,
F1931,사실,E1634,재언급,재언급,F1931,154,2026-08-13,476,char:870,ep:d_nikke_ce009_01_05,뒤,,추정,확정,ch22–ch23 ~,62,
F1932,사실,F1932,처음 밝혀짐,드러냄,,111,2025-05-15,383,event_arcanearchive,event_arcanearchive_05_s,동시,,확실,확정,ch26–ch27 ~,70,
F1933,사실,E717,암시,암시,F1933,111,2025-05-15,383,event_arcanearchive,event_arcanearchive_03_s,동시,,추정,확정,ch26–ch27 ~,70,
F1933,사실,F1933,처음 밝혀짐,드러냄,,111,2025-05-15,383,event_arcanearchive,event_arcanearchive_05_s,동시,,확실,확정,ch26–ch27 ~,70,
F1933,사실,E1519,재언급,재언급,F1933,141,2026-03-19,445,fl:2x2_love_2ch,fl:2x2_love_2ch_47,뒤,,추정,확정,ch16–ch17 ~,50,
F1934,사실,F1934,처음 밝혀짐,드러냄,,111,2025-05-15,383,event_arcanearchive,event_arcanearchive_05_s,동시,,확실,확정,ch26–ch27 ~,70,
F1934,사실,E1065,재언급,재언급,F1934,142,2026-04-09,447,side:pretty_star,side:pretty_star_14,뒤,,확실,확정,@갓데스_폴–@2차_지상_탈환전 / @갓데스_폴–@2차_지상_탈환전 ~ @2차_지상_탈환전–ch00,14,16
F1935,사실,F1935,처음 밝혀짐,드러냄,,111,2025-05-15,383,event_arcanearchive,event_arcanearchive_05_e,동시,,확실,확정,ch26–ch27 ~,70,
F1935,사실,E852,재언급,재언급,F1935,119,2025-08-07,400,fl:absolute,fl:absolute_04,뒤,,추정,확정,ch34–ch35 ~,86,
F1935,사실,E1487,재언급,재언급,F1935,141,2026-03-19,444,fl:2x2_love_1ch,fl:2x2_love_1ch_06,뒤,,확실,확정,ch15 ~,47,
F1936,사실,F1936,처음 밝혀짐,드러냄,,111,2025-05-15,383,event_arcanearchive,event_arcanearchive_02_e,동시,,확실,확정,ch26–ch27 ~,70,
F1937,사실,F1937,처음 밝혀짐,드러냄,,111,2025-05-15,383,event_arcanearchive,event_arcanearchive_06_s,동시,,확실,확정,ch26–ch27 ~,70,
F1938,사실,F1938,처음 밝혀짐,드러냄,,111,2025-05-15,383,event_arcanearchive,event_arcanearchive_06_e,동시,,확실,확정,ch26–ch27 ~,70,
F1939,사실,F1939,처음 밝혀짐,드러냄,,111,2025-05-15,383,event_arcanearchive,event_arcanearchive_06_e,동시,,확실,확정,ch26–ch27 ~,70,
F1940,사실,F1940,처음 밝혀짐,드러냄,,111,2025-05-15,383,event_arcanearchive,event_arcanearchive_06_e,동시,,확실,확정,ch26–ch27 ~,70,
F1941,사실,F1941,처음 밝혀짐,드러냄,,111,2025-05-15,383,event_arcanearchive,event_arcanearchive_prologue,동시,,확실,확정,ch26–ch27 ~,70,
F1942,사실,F1942,처음 밝혀짐,드러냄,,111,2025-05-15,384,char:581,ep:d_nikke_arcana_01,동시,,확실,확정,ch26–ch27 ~,70,
F1943,사실,F1943,처음 밝혀짐,드러냄,,111,2025-05-15,384,char:581,ep:d_nikke_arcana_02,동시,,확실,확정,ch26–ch27 ~,70,
F1943,사실,E1521,재언급,재언급,F1943,141,2026-03-19,445,fl:2x2_love_2ch,fl:2x2_love_2ch_62,뒤,,확실,확정,ch16–ch17 ~,50,
F1944,사실,F1944,처음 밝혀짐,드러냄,,111,2025-05-15,384,char:581,ep:d_nikke_arcana_02,동시,,확실,확정,ch26–ch27 ~,70,
F1945,사실,F1945,처음 밝혀짐,드러냄,,111,2025-05-15,384,char:581,ep:d_nikke_arcana_04,동시,,확실,확정,ch26–ch27 ~,70,
F1946,사실,F1946,처음 밝혀짐,드러냄,,111,2025-05-15,384,char:581,ep:d_nikke_arcana_04,동시,,확실,확정,ch26–ch27 ~,70,
F1946,사실,E1484,재언급,재언급,F1946,141,2026-03-19,444,fl:2x2_love_1ch,fl:2x2_love_1ch_01,뒤,,확실,확정,ch15 ~,47,
F1946,사실,E1489,재언급,재언급,F1946,141,2026-03-19,444,fl:2x2_love_1ch,fl:2x2_love_1ch_11,뒤,,추정,확정,ch15 ~,47,
F1946,사실,E1497,재언급,재언급,F1946,141,2026-03-19,444,fl:2x2_love_1ch,fl:2x2_love_1ch_20,뒤,,확실,확정,ch15 ~,47,
F1946,사실,E1514,재언급,재언급,F1946,141,2026-03-19,445,fl:2x2_love_2ch,fl:2x2_love_2ch_34,뒤,,확실,확정,ch16–ch17 ~,50,
F1946,사실,E1518,재언급,재언급,F1946,141,2026-03-19,445,fl:2x2_love_2ch,fl:2x2_love_2ch_44,뒤,,추정,확정,ch16–ch17 ~,50,
F1947,사실,F1947,처음 밝혀짐,드러냄,,112,2025-05-29,385,event_lordforjustice,event_lordforjustice_prologue,동시,,확실,확정,ch26–ch27 ~,70,
F1948,사실,F1948,처음 밝혀짐,드러냄,,112,2025-05-29,385,event_lordforjustice,event_lordforjustice_prologue,동시,,확실,확정,ch26–ch27 ~,70,
F1949,사실,F1949,처음 밝혀짐,드러냄,,112,2025-05-29,385,event_lordforjustice,event_lordforjustice_01_e,동시,,확실,확정,ch26–ch27 ~,70,
F1950,사실,F1950,처음 밝혀짐,드러냄,,112,2025-05-29,385,event_lordforjustice,event_lordforjustice_01_s,동시,,확실,확정,ch26–ch27 ~,70,
F1951,사실,F1951,처음 밝혀짐,드러냄,,112,2025-05-29,385,event_lordforjustice,event_lordforjustice_01_e,동시,,확실,확정,ch26–ch27 ~,70,
F1952,사실,F1952,처음 밝혀짐,드러냄,,112,2025-05-29,385,event_lordforjustice,event_lordforjustice_02_s,동시,,확실,확정,ch26–ch27 ~,70,
F1953,사실,E732,암시,암시,F1953,112,2025-05-29,385,event_lordforjustice,event_lordforjustice_01_s,동시,,확실,확정,ch26–ch27 ~,70,
F1953,사실,F1953,처음 밝혀짐,드러냄,,112,2025-05-29,385,event_lordforjustice,event_lordforjustice_02_e,동시,,확실,확정,ch26–ch27 ~,70,
F1953,사실,E1031,재언급,재언급,F1953,138,2026-02-12,436,ch44,d_main_44_af_05,뒤,,확실,확정,ch44,105,105
F1954,사실,F1954,처음 밝혀짐,드러냄,,112,2025-05-29,385,event_lordforjustice,event_lordforjustice_02_e,동시,,확실,확정,ch26–ch27 ~,70,
F1955,사실,F1955,처음 밝혀짐,드러냄,,112,2025-05-29,385,event_lordforjustice,event_lordforjustice_02_e,동시,,확실,확정,ch26–ch27 ~,70,
F1956,사실,F1956,처음 밝혀짐,드러냄,,112,2025-05-29,385,event_lordforjustice,event_lordforjustice_03_s,동시,,확실,확정,ch26–ch27 ~,70,
F1957,사실,F1957,처음 밝혀짐,드러냄,,112,2025-05-29,385,event_lordforjustice,event_lordforjustice_03_e,동시,,확실,확정,ch26–ch27 ~,70,
F1958,사실,E721,암시,암시,F1958,111,2025-05-15,383,event_arcanearchive,event_arcanearchive_04_s,앞,,추정,확정,ch26–ch27 ~,70,
F1958,사실,F1958,처음 밝혀짐,드러냄,,112,2025-05-29,385,event_lordforjustice,event_lordforjustice_intermission_01,동시,,확실,확정,ch26–ch27 ~,70,
F1959,사실,F1959,처음 밝혀짐,드러냄,,112,2025-05-29,385,event_lordforjustice,event_lordforjustice_04_s,동시,,확실,확정,ch26–ch27 ~,70,
F1960,사실,E730,암시,암시,F1960,112,2025-05-29,385,event_lordforjustice,event_lordforjustice_prologue,동시,,추정,확정,ch26–ch27 ~,70,
F1960,사실,E737,암시,암시,F1960,112,2025-05-29,385,event_lordforjustice,event_lordforjustice_02_e,동시,,추정,확정,ch26–ch27 ~,70,
F1960,사실,F1960,처음 밝혀짐,드러냄,,112,2025-05-29,385,event_lordforjustice,event_lordforjustice_04_s,동시,,확실,확정,ch26–ch27 ~,70,
F1961,사실,F1961,처음 밝혀짐,드러냄,,112,2025-05-29,385,event_lordforjustice,event_lordforjustice_04_s,동시,,확실,확정,ch26–ch27 ~,70,
F1962,사실,F1962,처음 밝혀짐,드러냄,,112,2025-05-29,385,event_lordforjustice,event_lordforjustice_04_s,동시,,확실,확정,ch26–ch27 ~,70,
F1963,사실,F1963,처음 밝혀짐,드러냄,,112,2025-05-29,385,event_lordforjustice,event_lordforjustice_04_s,동시,,확실,확정,ch26–ch27 ~,70,
F1964,사실,F1964,처음 밝혀짐,드러냄,,112,2025-05-29,385,event_lordforjustice,event_lordforjustice_04_e,동시,,확실,확정,ch26–ch27 ~,70,
F1965,사실,E318,암시,암시,F1965,62,2024-01-25,262,event_dirtybackyard,event_dirtybackyard_06_s,앞,,확실,확정,ch22–ch23 ~,62,
F1965,사실,F1965,처음 밝혀짐,드러냄,,112,2025-05-29,385,event_lordforjustice,event_lordforjustice_05_s,동시,,확실,확정,ch26–ch27 ~,70,
F1966,사실,E718,암시,암시,F1966,111,2025-05-15,383,event_arcanearchive,event_arcanearchive_03_s,앞,,추정,확정,ch26–ch27 ~,70,
F1966,사실,E731,암시,암시,F1966,112,2025-05-29,385,event_lordforjustice,event_lordforjustice_prologue,동시,,추정,확정,ch26–ch27 ~,70,
F1966,사실,E733,암시,암시,F1966,112,2025-05-29,385,event_lordforjustice,event_lordforjustice_01_e,동시,,확실,확정,ch26–ch27 ~,70,
F1966,사실,F1966,처음 밝혀짐,드러냄,,112,2025-05-29,385,event_lordforjustice,event_lordforjustice_05_e,동시,,확실,확정,ch26–ch27 ~,70,
F1967,사실,F1967,처음 밝혀짐,드러냄,,112,2025-05-29,385,event_lordforjustice,event_lordforjustice_05_e,동시,,확실,확정,ch26–ch27 ~,70,
F1968,사실,F1968,처음 밝혀짐,드러냄,,112,2025-05-29,385,event_lordforjustice,event_lordforjustice_06_s,동시,,확실,확정,ch26–ch27 ~,70,
F1969,사실,E723,암시,암시,F1969,111,2025-05-15,383,event_arcanearchive,event_arcanearchive_05_s,앞,,추정,확정,ch26–ch27 ~,70,
F1969,사실,F1969,처음 밝혀짐,드러냄,,112,2025-05-29,385,event_lordforjustice,event_lordforjustice_06_s,동시,,확실,확정,ch26–ch27 ~,70,
F1970,사실,E1305,암시,암시,F1970,34,2023-04-13,189,event_ltk,event_ltk_02_e,앞,,확실,확정,,,
F1970,사실,E1306,암시,암시,F1970,34,2023-04-13,189,event_ltk,event_ltk_06_e,앞,,확실,확정,,,
F1970,사실,F1970,처음 밝혀짐,드러냄,,112,2025-05-29,385,event_lordforjustice,event_lordforjustice_06_e,동시,,확실,확정,ch26–ch27 ~,70,
F1970,사실,E881,재언급,재언급,F1970,124,2025-09-24,407,fl:reborn_evil,fl:reborn_evil_23,뒤,,추정,확정,ch26–ch27 ~,70,
F1971,사실,E727,암시,암시,F1971,111,2025-05-15,383,event_arcanearchive,event_arcanearchive_06_e,앞,,추정,확정,ch26–ch27 ~,70,
F1971,사실,F1971,처음 밝혀짐,드러냄,,112,2025-05-29,385,event_lordforjustice,event_lordforjustice_epilogue,동시,,확실,확정,ch26–ch27 ~,70,
F1972,사실,F1972,처음 밝혀짐,드러냄,,112,2025-05-29,385,event_lordforjustice,event_lordforjustice_epilogue,동시,,확실,확정,ch26–ch27 ~,70,
F1973,사실,F1973,처음 밝혀짐,드러냄,,112,2025-05-29,386,char:41,ep:d_nikke_k_01,동시,,확실,확정,ch26–ch27 ~,70,
F1974,사실,F1974,처음 밝혀짐,드러냄,,112,2025-05-29,386,char:41,ep:d_nikke_k_04,동시,,확실,확정,ch26–ch27 ~,70,
F1975,사실,F1975,처음 밝혀짐,드러냄,,112,2025-05-29,386,char:41,ep:d_nikke_k_05,동시,,확실,확정,ch26–ch27 ~,70,
F1976,사실,F1976,처음 밝혀짐,드러냄,,113,2025-06-12,387,event_ce006,event_ce006_1_prologue,동시,,확실,확정,ch26–ch27 ~,70,
F1977,사실,F1977,처음 밝혀짐,드러냄,,113,2025-06-12,387,event_ce006,event_ce006_1_02_e,동시,,확실,확정,ch26–ch27 ~,70,
F1978,사실,F1978,처음 밝혀짐,드러냄,,113,2025-06-12,387,event_ce006,event_ce006_1_03_s,동시,,확실,확정,ch26–ch27 ~,70,
F1979,사실,F1979,처음 밝혀짐,드러냄,,113,2025-06-12,387,event_ce006,event_ce006_1_05_e,동시,,확실,확정,ch26–ch27 ~,70,
F1979,사실,F1979-2,처음 밝혀짐,드러냄,,113,2025-06-12,388,char:852,ep:d_nikke_ce006_03_02,동시,,확실,확정,ch26–ch27 ~,70,
F1980,사실,F1980,처음 밝혀짐,드러냄,,113,2025-06-12,387,event_ce006,event_ce006_1_05_e,동시,,확실,확정,ch26–ch27 ~,70,
F1981,사실,F1981,처음 밝혀짐,드러냄,,113,2025-06-12,387,event_ce006,event_ce006_1_intermission_01,동시,,확실,확정,ch26–ch27 ~,70,
F1982,사실,E746,암시,암시,F1982,113,2025-06-12,387,event_ce006,event_ce006_1_03_s,동시,,확실,확정,ch26–ch27 ~,70,
F1982,사실,F1982,처음 밝혀짐,드러냄,,113,2025-06-12,387,event_ce006,event_ce006_1_05_s,동시,,확실,확정,ch26–ch27 ~,70,
F1983,사실,F1983,처음 밝혀짐,드러냄,,113,2025-06-12,387,event_ce006,event_ce006_1_05_s,동시,,확실,확정,ch26–ch27 ~,70,
F1984,사실,E756,암시,암시,F1984,113,2025-06-12,387,event_ce006,event_ce006_1_06_s,동시,,확실,확정,ch26–ch27 ~,70,
F1984,사실,F1984,처음 밝혀짐,드러냄,,113,2025-06-12,387,event_ce006,event_ce006_1_06_e,동시,,확실,확정,ch26–ch27 ~,70,
F1985,사실,E752,암시,암시,F1985,113,2025-06-12,387,event_ce006,event_ce006_1_04_e,동시,,확실,확정,ch26–ch27 ~,70,
F1985,사실,F1985,처음 밝혀짐,드러냄,,113,2025-06-12,387,event_ce006,event_ce006_1_06_e,동시,,확실,확정,ch26–ch27 ~,70,
F1986,사실,E758,암시,암시,F1986,113,2025-06-12,387,event_ce006,event_ce006_2_01_e,동시,,확실,확정,ch26–ch27 ~,70,
F1986,사실,F1986,처음 밝혀짐,드러냄,,113,2025-06-12,387,event_ce006,event_ce006_2_02_e,동시,,확실,확정,ch26–ch27 ~,70,
F1987,사실,E742,암시,암시,F1987,113,2025-06-12,387,event_ce006,event_ce006_1_01_s,동시,,확실,확정,ch26–ch27 ~,70,
F1987,사실,E757,암시,암시,F1987,113,2025-06-12,387,event_ce006,event_ce006_2_01_s,동시,,확실,확정,ch26–ch27 ~,70,
F1987,사실,F1987,처음 밝혀짐,드러냄,,113,2025-06-12,387,event_ce006,event_ce006_2_03_s,동시,,확실,확정,ch26–ch27 ~,70,
F1988,사실,E753,암시,암시,F1988,113,2025-06-12,387,event_ce006,event_ce006_1_04_e,동시,,추정,확정,ch26–ch27 ~,70,
F1988,사실,F1988,처음 밝혀짐,드러냄,,113,2025-06-12,387,event_ce006,event_ce006_2_intermission_01,동시,,확실,확정,ch26–ch27 ~,70,
F1989,사실,F1989,처음 밝혀짐,드러냄,,113,2025-06-12,387,event_ce006,event_ce006_2_05_s,동시,,확실,확정,ch26–ch27 ~,70,
F1990,사실,E762,암시,암시,F1990,113,2025-06-12,387,event_ce006,event_ce006_2_03_e,동시,,확실,확정,ch26–ch27 ~,70,
F1990,사실,F1990,처음 밝혀짐,드러냄,,113,2025-06-12,387,event_ce006,event_ce006_2_05_s,동시,,확실,확정,ch26–ch27 ~,70,
F1991,사실,F1991,처음 밝혀짐,드러냄,,113,2025-06-12,387,event_ce006,event_ce006_2_05_s,동시,,확실,확정,ch26–ch27 ~,70,
F1992,사실,E751,암시,암시,F1992,113,2025-06-12,387,event_ce006,event_ce006_1_03_e,동시,,확실,확정,ch26–ch27 ~,70,
F1992,사실,E759,암시,암시,F1992,113,2025-06-12,387,event_ce006,event_ce006_2_02_s,동시,,확실,확정,ch26–ch27 ~,70,
F1992,사실,E763,암시,암시,F1992,113,2025-06-12,387,event_ce006,event_ce006_3_02_s,동시,,확실,확정,ch26–ch27 ~,70,
F1992,사실,F1992,처음 밝혀짐,드러냄,,113,2025-06-12,387,event_ce006,event_ce006_2_05_s,동시,,확실,확정,ch26–ch27 ~,70,
F1993,사실,F1993,처음 밝혀짐,드러냄,,113,2025-06-12,387,event_ce006,event_ce006_2_05_s,동시,,확실,확정,ch26–ch27 ~,70,
F1994,사실,F1994,처음 밝혀짐,드러냄,,113,2025-06-12,387,event_ce006,event_ce006_3_03_s,동시,,확실,확정,ch26–ch27 ~,70,
F1995,사실,E746,암시,암시,F1995,113,2025-06-12,387,event_ce006,event_ce006_1_03_s,동시,,확실,확정,ch26–ch27 ~,70,
F1995,사실,E747,암시,암시,F1995,113,2025-06-12,387,event_ce006,event_ce006_1_03_s,동시,,확실,확정,ch26–ch27 ~,70,
F1995,사실,E756,암시,암시,F1995,113,2025-06-12,387,event_ce006,event_ce006_1_06_s,동시,,확실,확정,ch26–ch27 ~,70,
F1995,사실,E768,재언급,재언급,F1995,113,2025-06-12,387,event_ce006,event_ce006_3_epilogue,동시,,확실,확정,ch26–ch27 ~,70,
F1995,사실,F1995,처음 밝혀짐,드러냄,,113,2025-06-12,387,event_ce006,event_ce006_3_03_e,동시,,확실,확정,ch26–ch27 ~,70,
F1996,사실,E750,암시,암시,F1996,113,2025-06-12,387,event_ce006,event_ce006_1_03_e,동시,,확실,확정,ch26–ch27 ~,70,
F1996,사실,E765,암시,암시,F1996,113,2025-06-12,387,event_ce006,event_ce006_2_04_e,동시,,추정,확정,ch26–ch27 ~,70,
F1996,사실,F1996,처음 밝혀짐,드러냄,,113,2025-06-12,387,event_ce006,event_ce006_3_03_s,동시,,확실,확정,ch26–ch27 ~,70,
F1997,사실,E73,암시,암시,F1997,11,2022-11-04,65,sub:롬_01,sub:롬_01,앞,,추정,확정,,,
F1997,사실,E74,암시,암시,F1997,11,2022-11-04,66,sub:롬_02,sub:롬_02,앞,,추정,확정,,,
F1997,사실,E743,암시,암시,F1997,113,2025-06-12,387,event_ce006,event_ce006_1_01_e,동시,,확실,확정,ch26–ch27 ~,70,
F1997,사실,E748,암시,암시,F1997,113,2025-06-12,387,event_ce006,event_ce006_1_03_e,동시,,확실,확정,ch26–ch27 ~,70,
F1997,사실,E755,암시,암시,F1997,113,2025-06-12,387,event_ce006,event_ce006_1_05_e,동시,,확실,확정,ch26–ch27 ~,70,
F1997,사실,F1997,처음 밝혀짐,드러냄,,113,2025-06-12,387,event_ce006,event_ce006_2_04_e,동시,,확실,확정,ch26–ch27 ~,70,
F1998,사실,F1998,처음 밝혀짐,드러냄,,113,2025-06-12,387,event_ce006,event_ce006_2_intermission_01,동시,,확실,확정,ch26–ch27 ~,70,
F1999,사실,F1999,처음 밝혀짐,드러냄,,113,2025-06-12,387,event_ce006,event_ce006_2_06_s,동시,,확실,확정,ch26–ch27 ~,70,
F2000,사실,E758,암시,암시,F2000,113,2025-06-12,387,event_ce006,event_ce006_2_01_e,동시,,확실,확정,ch26–ch27 ~,70,
F2000,사실,E761,암시,암시,F2000,113,2025-06-12,387,event_ce006,event_ce006_2_03_e,동시,,확실,확정,ch26–ch27 ~,70,
F2000,사실,E764,암시,암시,F2000,113,2025-06-12,387,event_ce006,event_ce006_2_05_s,동시,,추정,확정,ch26–ch27 ~,70,
F2000,사실,E766,암시,암시,F2000,113,2025-06-12,387,event_ce006,event_ce006_2_06_s,동시,,확실,확정,ch26–ch27 ~,70,
F2000,사실,F2000,처음 밝혀짐,드러냄,,113,2025-06-12,387,event_ce006,event_ce006_2_06_e,동시,,확실,확정,ch26–ch27 ~,70,
F2001,사실,E754,암시,암시,F2001,113,2025-06-12,387,event_ce006,event_ce006_1_05_e,동시,,추정,확정,ch26–ch27 ~,70,
F2001,사실,E765,암시,암시,F2001,113,2025-06-12,387,event_ce006,event_ce006_2_04_e,동시,,추정,확정,ch26–ch27 ~,70,
F2001,사실,F2001,처음 밝혀짐,드러냄,,113,2025-06-12,387,event_ce006,event_ce006_3_epilogue,동시,,확실,확정,ch26–ch27 ~,70,
F2002,사실,E764,암시,암시,F2002,113,2025-06-12,387,event_ce006,event_ce006_2_05_s,동시,,추정,확정,ch26–ch27 ~,70,
F2002,사실,F2002,처음 밝혀짐,드러냄,,113,2025-06-12,387,event_ce006,event_ce006_3_epilogue,동시,,확실,확정,ch26–ch27 ~,70,
F2003,사실,F2003,처음 밝혀짐,드러냄,,113,2025-06-12,387,event_ce006,event_ce006_3_02_e,동시,,확실,확정,ch26–ch27 ~,70,
F2004,사실,F2004,처음 밝혀짐,드러냄,,113,2025-06-12,388,char:852,ep:d_nikke_ce006_03_04,동시,,확실,확정,ch26–ch27 ~,70,
F2005,사실,F2005,처음 밝혀짐,드러냄,,113,2025-06-12,388,char:852,ep:d_nikke_ce006_03_04,동시,,확실,확정,ch26–ch27 ~,70,
F2006,사실,F2006,처음 밝혀짐,드러냄,,113,2025-06-12,389,char:850,ep:d_nikke_ce006_01_05,동시,,확실,확정,ch26–ch27 ~,70,
F2007,사실,F2007,처음 밝혀짐,드러냄,,114,2025-06-19,390,char:851,ep:d_nikke_ce006_02_01,동시,,확실,확정,ch26–ch27 ~,70,
F2008,사실,F2008,처음 밝혀짐,드러냄,,115,2025-07-03,391,event_overthehorizon,event_overthehorizon_01_s,동시,,확실,확정,~ ch25–ch26 / ch26–ch27 ~,,
F2009,사실,F2009,처음 밝혀짐,드러냄,,115,2025-07-03,391,event_overthehorizon,event_overthehorizon_01_e,동시,,확실,확정,~ ch25–ch26 / ch26–ch27 ~,,
F2009,사실,E1224,재언급,재언급,F2009,153,2026-08-13,470,ch47,d_main_47_06,뒤,,확실,확정,ch47,111,111
F2010,사실,F2010,처음 밝혀짐,드러냄,,115,2025-07-03,391,event_overthehorizon,event_overthehorizon_01_e,동시,,확실,확정,~ ch25–ch26 / ch26–ch27 ~,,
F2011,사실,F2011,처음 밝혀짐,드러냄,,115,2025-07-03,391,event_overthehorizon,event_overthehorizon_01_s,동시,,확실,확정,~ ch25–ch26 / ch26–ch27 ~,,
F2012,사실,F2012,처음 밝혀짐,드러냄,,115,2025-07-03,391,event_overthehorizon,event_overthehorizon_06_s,동시,,확실,확정,~ ch25–ch26 / ch26–ch27 ~,,
F2013,사실,F2013,처음 밝혀짐,드러냄,,115,2025-07-03,391,event_overthehorizon,event_overthehorizon_06_s,동시,,확실,확정,~ ch25–ch26 / ch26–ch27 ~,,
F2014,사실,F2014,처음 밝혀짐,드러냄,,115,2025-07-03,391,event_overthehorizon,event_overthehorizon_06_s,동시,,확실,확정,~ ch25–ch26 / ch26–ch27 ~,,
F2015,사실,F2015,처음 밝혀짐,드러냄,,115,2025-07-03,391,event_overthehorizon,event_overthehorizon_06_e,동시,,확실,확정,~ ch25–ch26 / ch26–ch27 ~,,
F2016,사실,E772,암시,암시,F2016,115,2025-07-03,391,event_overthehorizon,event_overthehorizon_03_s,동시,,추정,확정,~ ch25–ch26 / ch26–ch27 ~,,
F2016,사실,E774,암시,암시,F2016,115,2025-07-03,391,event_overthehorizon,event_overthehorizon_05_s,동시,,확실,확정,~ ch25–ch26 / ch26–ch27 ~,,
F2016,사실,F2016,처음 밝혀짐,드러냄,,115,2025-07-03,391,event_overthehorizon,event_overthehorizon_06_e,동시,,확실,확정,~ ch25–ch26 / ch26–ch27 ~,,
F2016,사실,E1182,재언급,재언급,F2016,148,2026-06-11,462,fl:ark_ranger,fl:ark_ranger_25,뒤,,확실,확정,~ ch21–ch22 / ch22 / ch42 / ch45 / ch46–ch47 ~ ch47,,111
F2017,사실,E777,암시,암시,F2017-2,115,2025-07-03,391,event_overthehorizon,event_overthehorizon_06_e,동시,,확실,확정,~ ch25–ch26 / ch26–ch27 ~,,
F2017,사실,F2017,처음 밝혀짐,드러냄,,115,2025-07-03,391,event_overthehorizon,event_overthehorizon_epilogue,동시,,확실,확정,~ ch25–ch26 / ch26–ch27 ~,,
F2017,사실,F2017-2,보강,드러냄,,148,2026-06-11,462,fl:ark_ranger,fl:ark_ranger_25,뒤,,확실,확정,~ ch21–ch22 / ch22 / ch42 / ch45 / ch46–ch47 ~ ch47,,111
F2018,사실,E771,암시,암시,F2018,115,2025-07-03,391,event_overthehorizon,event_overthehorizon_01_s,동시,,확실,확정,~ ch25–ch26 / ch26–ch27 ~,,
F2018,사실,E773,암시,암시,F2018,115,2025-07-03,391,event_overthehorizon,event_overthehorizon_04_e,동시,,확실,확정,~ ch25–ch26 / ch26–ch27 ~,,
F2018,사실,E775,암시,암시,F2018,115,2025-07-03,391,event_overthehorizon,event_overthehorizon_06_e,동시,,확실,확정,~ ch25–ch26 / ch26–ch27 ~,,
F2018,사실,F2018,처음 밝혀짐,드러냄,,115,2025-07-03,392,char:532,ep:d_nikke_sora_01,동시,,확실,확정,~ ch25–ch26,,68
F2018,사실,E1510,재언급,재언급,F2018,141,2026-03-19,445,fl:2x2_love_2ch,fl:2x2_love_2ch_14,뒤,,확실,확정,ch16–ch17 ~,50,
F2019,사실,F2019,처음 밝혀짐,드러냄,,116,2025-07-17,393,fl:boom_the_ghost,fl:boom_the_ghost_01,동시,,확실,확정,ch38–ch39 ~,94,
F2020,사실,F2020,처음 밝혀짐,드러냄,,116,2025-07-17,393,fl:boom_the_ghost,fl:boom_the_ghost_01,동시,,확실,확정,ch38–ch39 ~,94,
F2021,사실,F2021,처음 밝혀짐,드러냄,,116,2025-07-17,393,fl:boom_the_ghost,fl:boom_the_ghost_02,동시,,확실,확정,ch38–ch39 ~,94,
F2022,사실,F2022,처음 밝혀짐,드러냄,,116,2025-07-17,393,fl:boom_the_ghost,fl:boom_the_ghost_11,동시,,확실,확정,ch38–ch39 ~,94,
F2023,사실,F2023,처음 밝혀짐,드러냄,,116,2025-07-17,393,fl:boom_the_ghost,fl:boom_the_ghost_04,동시,,확실,확정,ch38–ch39 ~,94,
F2024,사실,F2024,처음 밝혀짐,드러냄,,116,2025-07-17,393,fl:boom_the_ghost,fl:boom_the_ghost_13,동시,,확실,확정,ch38–ch39 ~,94,
F2025,사실,F2025,처음 밝혀짐,드러냄,,116,2025-07-17,393,fl:boom_the_ghost,fl:boom_the_ghost_09,동시,,확실,확정,ch38–ch39 ~,94,
F2026,사실,F2026,처음 밝혀짐,드러냄,,116,2025-07-17,393,fl:boom_the_ghost,fl:boom_the_ghost_15,동시,,확실,확정,ch38–ch39 ~,94,
F2027,사실,E789,암시,암시,F2027,116,2025-07-17,393,fl:boom_the_ghost,fl:boom_the_ghost_19,동시,,확실,확정,ch38–ch39 ~,94,
F2027,사실,F2027,처음 밝혀짐,드러냄,,116,2025-07-17,393,fl:boom_the_ghost,fl:boom_the_ghost_20,동시,,확실,확정,ch38–ch39 ~,94,
F2028,사실,E785,암시,암시,F2028,116,2025-07-17,393,fl:boom_the_ghost,fl:boom_the_ghost_15,동시,,확실,확정,ch38–ch39 ~,94,
F2028,사실,E786,암시,암시,F2028,116,2025-07-17,393,fl:boom_the_ghost,fl:boom_the_ghost_16,동시,,확실,확정,ch38–ch39 ~,94,
F2028,사실,E787,암시,암시,F2028,116,2025-07-17,393,fl:boom_the_ghost,fl:boom_the_ghost_17,동시,,확실,확정,ch38–ch39 ~,94,
F2028,사실,E788,암시,암시,F2028,116,2025-07-17,393,fl:boom_the_ghost,fl:boom_the_ghost_18,동시,,확실,확정,ch38–ch39 ~,94,
F2028,사실,F2028,처음 밝혀짐,드러냄,,116,2025-07-17,393,fl:boom_the_ghost,fl:boom_the_ghost_20,동시,,확실,확정,ch38–ch39 ~,94,
F2029,사실,F2029,처음 밝혀짐,드러냄,,116,2025-07-17,393,fl:boom_the_ghost,fl:boom_the_ghost_21,동시,,확실,확정,ch38–ch39 ~,94,
F2030,사실,F2030,처음 밝혀짐,드러냄,,116,2025-07-17,393,fl:boom_the_ghost,fl:boom_the_ghost_21,동시,,확실,확정,ch38–ch39 ~,94,
F2031,사실,F2031,처음 밝혀짐,드러냄,,116,2025-07-17,393,fl:boom_the_ghost,fl:boom_the_ghost_13,동시,,확실,확정,ch38–ch39 ~,94,
F2031,사실,E1113,재언급,재언급,F2031,144,2026-04-23,452,ch46,d_main_46_af_03,뒤,,확실,확정,ch46,109,109
F2032,사실,F2032,처음 밝혀짐,드러냄,,116,2025-07-17,393,fl:boom_the_ghost,fl:boom_the_ghost_23,동시,,확실,확정,ch38–ch39 ~,94,
F2033,사실,F2033,처음 밝혀짐,드러냄,,116,2025-07-17,393,fl:boom_the_ghost,fl:boom_the_ghost_25,동시,,확실,확정,ch38–ch39 ~,94,
F2034,사실,F2034,처음 밝혀짐,드러냄,,116,2025-07-17,393,fl:boom_the_ghost,fl:boom_the_ghost_25,동시,,확실,확정,ch38–ch39 ~,94,
F2035,사실,F2035,처음 밝혀짐,드러냄,,116,2025-07-17,393,fl:boom_the_ghost,fl:boom_the_ghost_26,동시,,확실,확정,ch38–ch39 ~,94,
F2036,사실,F2036,처음 밝혀짐,드러냄,,116,2025-07-17,393,fl:boom_the_ghost,fl:boom_the_ghost_26,동시,,확실,확정,ch38–ch39 ~,94,
F2037,사실,E253,암시,암시,F2037,54,2023-11-02,241,ch25,d_main_25_03_e,앞,,추정,확정,ch25,67,67
F2037,사실,E648,암시,암시,F2037,108,2025-04-24,373,ch37,d_main_37_03,앞,,추정,확정,ch37,91,91
F2037,사실,F2037,처음 밝혀짐,드러냄,,116,2025-07-17,393,fl:boom_the_ghost,fl:boom_the_ghost_27,동시,,확실,확정,ch38–ch39 ~,94,
F2037,사실,E1090,재언급,재언급,F2037,143,2026-04-23,450,ch45,d_main_45_09,뒤,,확실,확정,ch45,107,107
F2038,사실,F2038,처음 밝혀짐,드러냄,,116,2025-07-17,393,fl:boom_the_ghost,fl:boom_the_ghost_27,동시,,확실,확정,ch38–ch39 ~,94,
F2039,사실,F2039,처음 밝혀짐,드러냄,,116,2025-07-17,394,char:234,ep:d_nikke_dorothy_serendipity_01,동시,,확실,확정,ch38–ch39 ~,94,
F2040,사실,F2040,처음 밝혀짐,드러냄,,117,2025-07-24,395,char:502,ep:d_nikke_eleggboomandshock_01,동시,,확실,확정,ch38–ch39 ~,94,
F2041,사실,F2041,처음 밝혀짐,드러냄,,117,2025-07-24,395,char:502,ep:d_nikke_eleggboomandshock_05,동시,,확실,확정,ch38–ch39 ~,94,
F2042,사실,F2042,처음 밝혀짐,드러냄,,118,2025-08-07,396,ch39,d_main_39_01,동시,,확실,확정,ch39,95,95
F2043,사실,F2043,처음 밝혀짐,드러냄,,118,2025-08-07,396,ch39,d_main_39_01,동시,,확실,확정,ch39,95,95
F2044,사실,E322,암시,암시,F2044,65,2024-02-22,267,ch27,d_main_26af_01,앞,,추정,확정,ch27,71,71
F2044,사실,F2044,처음 밝혀짐,드러냄,,118,2025-08-07,396,ch39,d_main_39_04,동시,,확실,확정,ch39,95,95
F2045,사실,F2045,처음 밝혀짐,드러냄,,118,2025-08-07,396,ch39,d_main_39_08,동시,,확실,확정,ch39,95,95
F2046,사실,F2046,처음 밝혀짐,드러냄,,118,2025-08-07,396,ch39,d_main_39_01,동시,,확실,확정,ch39,95,95
F2047,사실,F2047,처음 밝혀짐,드러냄,,118,2025-08-07,396,ch39,d_main_39_04,동시,,확실,확정,ch39,95,95
F2048,사실,F2048,처음 밝혀짐,드러냄,,118,2025-08-07,396,ch39,d_main_39_05,동시,,확실,확정,ch39,95,95
F2049,사실,F2049,처음 밝혀짐,드러냄,,118,2025-08-07,396,ch39,d_main_39_07,동시,,확실,확정,ch39,95,95
F2050,사실,F2050,처음 밝혀짐,드러냄,,118,2025-08-07,396,ch39,d_main_39_06,동시,,확실,확정,ch39,95,95
F2051,사실,E569,암시,암시,F2051,96,2024-12-26,350,event_footstepwalkrun1,event_footstepwalkrun2_intermission_01,앞,,추정,확정,ch34–ch35 ~ ch35,86,87
F2051,사실,F2051,처음 밝혀짐,드러냄,,118,2025-08-07,396,ch39,d_main_39_07,동시,,확실,확정,ch39,95,95
F2052,사실,F2052,처음 밝혀짐,드러냄,,118,2025-08-07,396,ch39,d_main_39_07,동시,,확실,확정,ch39,95,95
F2052,사실,E895,재언급,재언급,F2052,127,2025-10-30,414,ch41,d_main_41_04,뒤,,추정,확정,ch41,99,99
F2053,사실,F2053,처음 밝혀짐,드러냄,,118,2025-08-07,396,ch39,d_main_39_10,동시,,확실,확정,ch39,95,95
F2054,사실,E801,암시,암시,F2054,118,2025-08-07,396,ch39,d_main_39_07,동시,,추정,확정,ch39,95,95
F2054,사실,F2054,처음 밝혀짐,드러냄,,118,2025-08-07,396,ch39,d_main_39_11,동시,,확실,확정,ch39,95,95
F2055,사실,F2055,처음 밝혀짐,드러냄,,118,2025-08-07,396,ch39,d_main_39_11,동시,,확실,확정,ch39,95,95
F2055,사실,F2055-2,보강,드러냄,,126,2025-10-16,411,side:eden_spear,side:eden_spear_12,뒤,,확실,확정,ch21–ch22 ~ ch22–ch23 / ch24–ch25 ~ ch25 / ch25–ch26 ~ ch39 / ch39,60,95
F2056,사실,F2056,처음 밝혀짐,드러냄,,118,2025-08-07,396,ch39,d_main_39_af_01,동시,,확실,확정,ch39,95,95
F2057,사실,F2057,처음 밝혀짐,드러냄,,118,2025-08-07,396,ch39,d_main_39_af_01,동시,,확실,확정,ch39,95,95
F2058,사실,F2058,처음 밝혀짐,드러냄,,118,2025-08-07,396,ch39,d_main_39_af_03,동시,,확실,확정,ch39,95,95
F2058,사실,F2058-2,보강,드러냄,,119,2025-08-07,398,ch40,d_main_40_af_03,뒤,,확실,확정,ch40,97,97
F2059,사실,F2059,처음 밝혀짐,드러냄,,118,2025-08-07,396,ch39,d_main_39_af_03,동시,,확실,확정,ch39,95,95
F2059,사실,F2059-2,보강,드러냄,,140,2026-03-05,442,fl:enter_heaven,fl:enter_heaven_01,뒤,,확실,확정,ch39–ch40 ~,96,
F2060,사실,F2060,처음 밝혀짐,드러냄,,118,2025-08-07,396,ch39,d_main_39_af_04,동시,,확실,확정,ch39,95,95
F2061,사실,E667,암시,암시,F2061,109,2025-04-24,375,ch38,d_main_38_07_e,앞,,확실,확정,ch38,93,93
F2061,사실,F2061,처음 밝혀짐,드러냄,,118,2025-08-07,396,ch39,d_main_39_af_01,동시,,확실,확정,ch39,95,95
F2062,사실,F2062,처음 밝혀짐,드러냄,,118,2025-08-07,396,ch39,d_main_39_af_05,동시,,확실,확정,ch39,95,95
F2063,사실,F2063,처음 밝혀짐,드러냄,,118,2025-08-07,396,ch39,d_main_39_af_05,동시,,확실,확정,ch39,95,95
F2063,사실,E918,재언급,재언급,F2063,128,2025-10-30,416,ch42,d_main_42_af_05,뒤,,확실,확정,ch42,101,101
F2064,사실,E806,암시,암시,F2064,118,2025-08-07,396,ch39,d_main_39_af_05,동시,,추정,확정,ch39,95,95
F2064,사실,F2064,처음 밝혀짐,드러냄,,118,2025-08-07,396,ch39,d_main_39_af_07,동시,,확실,확정,ch39,95,95
F2064,사실,E920,재언급,재언급,F2064,128,2025-10-30,416,ch42,d_main_42_af_06,뒤,,확실,확정,ch42,101,101
F2064,사실,E1026,재언급,재언급,F2064,138,2026-02-12,436,ch44,d_main_44_af_03,뒤,,확실,확정,ch44,105,105
F2064,사실,F2064-2,보강,드러냄,,144,2026-04-23,454,event_staranis1,event_staranis2_06_s,뒤,,확실,확정,ch46–ch47 ~ ch47,110,111
F2065,사실,F2065,처음 밝혀짐,드러냄,,118,2025-08-07,396,ch39,d_main_39_af_07,동시,,확실,확정,ch39,95,95
F2066,사실,F2066,처음 밝혀짐,드러냄,,118,2025-08-07,396,ch39,d_main_39_af_08,동시,,확실,확정,ch39,95,95
F2066,사실,E905,재언급,재언급,F2066,127,2025-10-30,414,ch41,d_main_41_af_07,뒤,,확실,확정,ch41,99,99
F2066,사실,F2066-2,보강,드러냄,,144,2026-04-23,454,event_staranis1,event_staranis2_intermission_01,뒤,,추정,확정,ch46–ch47 ~ ch47,110,111
F2067,사실,F2067,처음 밝혀짐,드러냄,,118,2025-08-07,397,relic:정갈하게쓴기록,relic:정갈하게쓴기록_01,동시,,확실,확정,ch02–ch03 ~ ch38–ch39,22,94
F2068,사실,F2068,처음 밝혀짐,드러냄,,118,2025-08-07,397,relic:정갈하게쓴기록,relic:정갈하게쓴기록_02,동시,,확실,확정,ch02–ch03 ~ ch38–ch39,22,94
F2069,사실,F2069,처음 밝혀짐,드러냄,,118,2025-08-07,397,relic:정갈하게쓴기록,relic:정갈하게쓴기록_03,동시,,확실,확정,ch02–ch03 ~ ch38–ch39,22,94
F2070,사실,F2070,처음 밝혀짐,드러냄,,119,2025-08-07,398,ch40,d_main_40_01,동시,,확실,확정,ch40,97,97
F2071,사실,E1263,암시,암시,F2071,17,2022-11-04,107,char:102,ep:d_nikke_maxwell_03,앞,,추정,확정,ch15–ch16 ~,48,
F2071,사실,E654,암시,암시,F2071,108,2025-04-24,373,ch37,d_main_37_08_e,앞,,확실,확정,ch37,91,91
F2071,사실,E657,암시,암시,F2071,109,2025-04-24,375,ch38,d_main_38_01_s,앞,,확실,확정,ch38,93,93
F2071,사실,E798,암시,암시,F2071,118,2025-08-07,396,ch39,d_main_39_03,앞,,추정,확정,ch39,95,95
F2071,사실,F2071,처음 밝혀짐,드러냄,,119,2025-08-07,398,ch40,d_main_40_01,동시,,확실,확정,ch40,97,97
F2072,사실,F2072,처음 밝혀짐,드러냄,,119,2025-08-07,398,ch40,d_main_40_02,동시,,확실,확정,ch40,97,97
F2073,사실,F2073,처음 밝혀짐,드러냄,,119,2025-08-07,398,ch40,d_main_40_02,동시,,확실,확정,ch40,97,97
F2074,사실,F2074,처음 밝혀짐,드러냄,,119,2025-08-07,398,ch40,d_main_40_02,동시,,확실,확정,ch40,97,97
F2075,사실,F2075,처음 밝혀짐,드러냄,,119,2025-08-07,398,ch40,d_main_40_03,동시,,확실,확정,ch40,97,97
F2075,사실,E895,재언급,재언급,F2075,127,2025-10-30,414,ch41,d_main_41_04,뒤,,추정,확정,ch41,99,99
F2076,사실,F2076,처음 밝혀짐,드러냄,,119,2025-08-07,398,ch40,d_main_40_04,동시,,확실,확정,ch40,97,97
F2076,사실,E829,재언급,재언급,F2076,119,2025-08-07,399,relic:어떤소녀의그림일기,relic:어떤소녀의그림일기_03,동시,,추정,확정,ch02–ch03 ~ ch38–ch39,22,94
F2077,사실,F2077,처음 밝혀짐,드러냄,,119,2025-08-07,398,ch40,d_main_40_04,동시,,확실,확정,ch40,97,97
F2078,사실,F2078,처음 밝혀짐,드러냄,,119,2025-08-07,398,ch40,d_main_40_06,동시,,확실,확정,ch40,97,97
F2079,사실,E818,암시,암시,F2079,119,2025-08-07,398,ch40,d_main_40_07,동시,,확실,확정,ch40,97,97
F2079,사실,F2079,처음 밝혀짐,드러냄,,119,2025-08-07,398,ch40,d_main_40_11,동시,,확실,확정,ch40,97,97
F2079,사실,E893,재언급,재언급,F2079,127,2025-10-30,414,ch41,d_main_41_03,뒤,,추정,확정,ch41,99,99
F2080,사실,E821,재언급,재언급,F2080,119,2025-08-07,398,ch40,d_main_40_11,동시,,확실,확정,ch40,97,97
F2080,사실,F2080,처음 밝혀짐,드러냄,,119,2025-08-07,398,ch40,d_main_40_07,동시,,확실,확정,ch40,97,97
F2081,사실,F2081,처음 밝혀짐,드러냄,,119,2025-08-07,398,ch40,d_main_40_08,동시,,확실,확정,ch40,97,97
F2081,사실,E939,재언급,재언급,F2081,128,2025-10-30,418,event_goddessfall1,event_goddessfall1_04_s,뒤,,확실,확정,ch40–ch41,98,98
F2082,사실,F2082,처음 밝혀짐,드러냄,,119,2025-08-07,398,ch40,d_main_40_08,동시,,확실,확정,ch40,97,97
F2082,사실,E1082,재언급,재언급,F2082,143,2026-04-23,450,ch45,d_main_45_03,뒤,,확실,확정,ch45,107,107
F2083,사실,E817,암시,암시,F2083,119,2025-08-07,398,ch40,d_main_40_05,동시,,확실,확정,ch40,97,97
F2083,사실,F2083,처음 밝혀짐,드러냄,,119,2025-08-07,398,ch40,d_main_40_10,동시,,확실,확정,ch40,97,97
F2083,사실,E896,재언급,재언급,F2083,127,2025-10-30,414,ch41,d_main_41_05,뒤,,확실,확정,ch41,99,99
F2083,사실,E897,재언급,재언급,F2083,127,2025-10-30,414,ch41,d_main_41_07,뒤,,확실,확정,ch41,99,99
F2083,사실,E911,재언급,재언급,F2083,128,2025-10-30,416,ch42,d_main_42_03,뒤,,확실,확정,ch42,101,101
F2084,사실,F2084,처음 밝혀짐,드러냄,,119,2025-08-07,398,ch40,d_main_40_11,동시,,확실,확정,ch40,97,97
F2085,사실,F2085,처음 밝혀짐,드러냄,,119,2025-08-07,398,ch40,d_main_40_11,동시,,확실,확정,ch40,97,97
F2086,사실,F2086,처음 밝혀짐,드러냄,,119,2025-08-07,398,ch40,d_main_40_af_01,동시,,확실,확정,ch40,97,97
F2087,사실,E822,암시,암시,F2087,119,2025-08-07,398,ch40,d_main_40_af_01,동시,,확실,확정,ch40,97,97
F2087,사실,F2087,처음 밝혀짐,드러냄,,119,2025-08-07,398,ch40,d_main_40_af_01,동시,,확실,확정,ch40,97,97
F2088,사실,F2088,처음 밝혀짐,드러냄,,119,2025-08-07,398,ch40,d_main_40_af_04,동시,,확실,확정,ch40,97,97
F2089,사실,F2089,처음 밝혀짐,드러냄,,119,2025-08-07,398,ch40,d_main_40_af_04,동시,,확실,확정,ch40,97,97
F2090,사실,F2090,처음 밝혀짐,드러냄,,119,2025-08-07,398,ch40,d_main_40_af_04,동시,,확실,확정,ch40,97,97
F2091,사실,F2091,처음 밝혀짐,드러냄,,119,2025-08-07,398,ch40,d_main_40_af_03,동시,,확실,확정,ch40,97,97
F2091,사실,E1060,재언급,재언급,F2091,142,2026-04-09,447,side:pretty_star,side:pretty_star_11,뒤,,확실,확정,@갓데스_폴–@2차_지상_탈환전 / @갓데스_폴–@2차_지상_탈환전 ~ @2차_지상_탈환전–ch00,14,16
F2091,사실,F2091-2,보강,드러냄,,142,2026-04-09,447,side:pretty_star,side:pretty_star_13,뒤,,확실,확정,@갓데스_폴–@2차_지상_탈환전 / @갓데스_폴–@2차_지상_탈환전 ~ @2차_지상_탈환전–ch00,14,16
F2092,사실,F2092,처음 밝혀짐,드러냄,,119,2025-08-07,398,ch40,d_main_40_af_03,동시,,확실,확정,ch40,97,97
F2092,사실,E1064,재언급,재언급,F2092,142,2026-04-09,447,side:pretty_star,side:pretty_star_13,뒤,,확실,확정,@갓데스_폴–@2차_지상_탈환전 / @갓데스_폴–@2차_지상_탈환전 ~ @2차_지상_탈환전–ch00,14,16
F2092,사실,E1163,재언급,재언급,F2092,144,2026-04-23,454,event_staranis1,event_staranis2_05_e,뒤,,확실,확정,ch46–ch47 ~ ch47,110,111
F2093,사실,F2093,처음 밝혀짐,드러냄,,119,2025-08-07,398,ch40,d_main_40_af_03,동시,,확실,확정,ch40,97,97
F2094,사실,F2094,처음 밝혀짐,드러냄,,119,2025-08-07,398,ch40,d_main_40_af_06,동시,,확실,확정,ch40,97,97
F2095,사실,F2095,처음 밝혀짐,드러냄,,119,2025-08-07,398,ch40,d_main_40_af_07,동시,,확실,확정,ch40,97,97
F2096,사실,E816,암시,암시,F2096,119,2025-08-07,398,ch40,d_main_40_04,동시,,추정,확정,ch40,97,97
F2096,사실,F2096,처음 밝혀짐,드러냄,,119,2025-08-07,399,relic:어떤소녀의그림일기,relic:어떤소녀의그림일기_00,동시,,추정,확정,ch02–ch03 ~ ch38–ch39,22,94
F2097,사실,F2097,처음 밝혀짐,드러냄,,119,2025-08-07,400,fl:absolute,fl:absolute_03,동시,,확실,확정,ch34–ch35 ~,86,
F2098,사실,E835,암시,암시,F2098,119,2025-08-07,400,fl:absolute,fl:absolute_02,동시,,확실,확정,ch34–ch35 ~,86,
F2098,사실,F2098,처음 밝혀짐,드러냄,,119,2025-08-07,400,fl:absolute,fl:absolute_15,동시,,확실,확정,ch34–ch35 ~,86,
F2099,사실,F2099,처음 밝혀짐,드러냄,,119,2025-08-07,400,fl:absolute,fl:absolute_13,동시,,확실,확정,ch34–ch35 ~,86,
F2100,사실,F2100,처음 밝혀짐,드러냄,,119,2025-08-07,400,fl:absolute,fl:absolute_13,동시,,확실,확정,ch34–ch35 ~,86,
F2101,사실,F2101,처음 밝혀짐,드러냄,,119,2025-08-07,400,fl:absolute,fl:absolute_25,동시,,확실,확정,ch34–ch35 ~,86,
F2102,사실,E843,암시,암시,F2102,119,2025-08-07,400,fl:absolute,fl:absolute_15,동시,,확실,확정,ch34–ch35 ~,86,
F2102,사실,F2102,처음 밝혀짐,드러냄,,119,2025-08-07,400,fl:absolute,fl:absolute_24,동시,,확실,확정,ch34–ch35 ~,86,
F2103,사실,E835,암시,암시,F2103,119,2025-08-07,400,fl:absolute,fl:absolute_02,동시,,확실,확정,ch34–ch35 ~,86,
F2103,사실,F2103,처음 밝혀짐,드러냄,,119,2025-08-07,400,fl:absolute,fl:absolute_27,동시,,확실,확정,ch34–ch35 ~,86,
F2104,사실,F2104,처음 밝혀짐,드러냄,,119,2025-08-07,400,fl:absolute,fl:absolute_27,동시,,확실,확정,ch34–ch35 ~,86,
F2105,사실,E833,암시,암시,F2105,119,2025-08-07,400,fl:absolute,fl:absolute_00,동시,,확실,확정,ch34–ch35 ~,86,
F2105,사실,E847,재언급,재언급,F2105,119,2025-08-07,400,fl:absolute,fl:absolute_22,동시,,확실,확정,ch34–ch35 ~,86,
F2105,사실,F2105,처음 밝혀짐,드러냄,,119,2025-08-07,400,fl:absolute,fl:absolute_14,동시,,확실,확정,ch34–ch35 ~,86,
F2106,사실,F2106,처음 밝혀짐,드러냄,,119,2025-08-07,400,fl:absolute,fl:absolute_14,동시,,확실,확정,ch34–ch35 ~,86,
F2107,사실,E846,재언급,재언급,F2107,119,2025-08-07,400,fl:absolute,fl:absolute_20,동시,,확실,확정,ch34–ch35 ~,86,
F2107,사실,F2107,처음 밝혀짐,드러냄,,119,2025-08-07,400,fl:absolute,fl:absolute_07,동시,,확실,확정,ch34–ch35 ~,86,
F2108,사실,E832,암시,암시,F2108,119,2025-08-07,400,fl:absolute,fl:absolute_00,동시,,확실,확정,ch34–ch35 ~,86,
F2108,사실,E834,암시,암시,F2108,119,2025-08-07,400,fl:absolute,fl:absolute_01,동시,,확실,확정,ch34–ch35 ~,86,
F2108,사실,F2108,처음 밝혀짐,드러냄,,119,2025-08-07,400,fl:absolute,fl:absolute_04,동시,,확실,확정,ch34–ch35 ~,86,
F2109,사실,E836,암시,암시,F2109,119,2025-08-07,400,fl:absolute,fl:absolute_03,동시,,확실,확정,ch34–ch35 ~,86,
F2109,사실,F2109,처음 밝혀짐,드러냄,,119,2025-08-07,400,fl:absolute,fl:absolute_22,동시,,확실,확정,ch34–ch35 ~,86,
F2110,사실,E851,재언급,재언급,F2110,119,2025-08-07,400,fl:absolute,fl:absolute_26,동시,,확실,확정,ch34–ch35 ~,86,
F2110,사실,F2110,처음 밝혀짐,드러냄,,119,2025-08-07,400,fl:absolute,fl:absolute_01,동시,,확실,확정,ch34–ch35 ~,86,
F2111,사실,F2111,처음 밝혀짐,드러냄,,119,2025-08-07,401,char:93,ep:d_nikke_emma_tactical_04,동시,,확실,확정,ch04–ch05 ~,26,
F2112,사실,F2112,처음 밝혀짐,드러냄,,120,2025-08-14,402,char:95,ep:d_nikke_eunhwa_tactical_01,동시,,확실,확정,ch04–ch05 ~,26,
F2113,사실,F2113,처음 밝혀짐,드러냄,,120,2025-08-14,402,char:95,ep:d_nikke_eunhwa_tactical_05,동시,,확실,확정,ch04–ch05 ~,26,
F2114,사실,F2114,처음 밝혀짐,드러냄,,121,2025-08-21,403,char:94,ep:d_nikke_vesti_tactical_02,동시,,확실,확정,ch15–ch16 ~,48,
F2115,사실,F2115,처음 밝혀짐,드러냄,,122,2025-09-04,404,fl:coins_in_rush,fl:coins_in_rush_00,동시,,확실,확정,ch22–ch23 ~,62,
F2115,사실,E1565,재언급,재언급,F2115,154,2026-08-13,474,fl:persona_on_frontline,fl:persona_on_frontline_11,뒤,,확실,확정,ch22–ch23 ~,62,
F2116,사실,F2116,처음 밝혀짐,드러냄,,122,2025-09-04,404,fl:coins_in_rush,fl:coins_in_rush_02,동시,,확실,확정,ch22–ch23 ~,62,
F2116,사실,E1469,재언급,재언급,F2116,136,2026-01-29,432,fl:fatal_maid,fl:fatal_maid_10,뒤,,확실,확정,ch22–ch23 ~,62,
F2116,사실,E1562,재언급,재언급,F2116,154,2026-08-13,474,fl:persona_on_frontline,fl:persona_on_frontline_07,뒤,,확실,확정,ch22–ch23 ~,62,
F2116,사실,E1566,재언급,재언급,F2116,154,2026-08-13,474,fl:persona_on_frontline,fl:persona_on_frontline_13,뒤,,확실,확정,ch22–ch23 ~,62,
F2117,사실,F2117,처음 밝혀짐,드러냄,,122,2025-09-04,404,fl:coins_in_rush,fl:coins_in_rush_09,동시,,확실,확정,ch22–ch23 ~,62,
F2118,사실,E859,암시,암시,F2118,122,2025-09-04,404,fl:coins_in_rush,fl:coins_in_rush_09,동시,,확실,확정,ch22–ch23 ~,62,
F2118,사실,E860,암시,암시,F2118,122,2025-09-04,404,fl:coins_in_rush,fl:coins_in_rush_10,동시,,확실,확정,ch22–ch23 ~,62,
F2118,사실,E861,암시,암시,F2118,122,2025-09-04,404,fl:coins_in_rush,fl:coins_in_rush_13,동시,,추정,확정,ch22–ch23 ~,62,
F2118,사실,F2118,처음 밝혀짐,드러냄,,122,2025-09-04,404,fl:coins_in_rush,fl:coins_in_rush_16,동시,,확실,확정,ch22–ch23 ~,62,
F2118,사실,E1466,재언급,재언급,F2118,136,2026-01-29,432,fl:fatal_maid,fl:fatal_maid_04,뒤,,확실,확정,ch22–ch23 ~,62,
F2119,사실,E858,암시,암시,F2119,122,2025-09-04,404,fl:coins_in_rush,fl:coins_in_rush_09,동시,,확실,확정,ch22–ch23 ~,62,
F2119,사실,F2119,처음 밝혀짐,드러냄,,122,2025-09-04,404,fl:coins_in_rush,fl:coins_in_rush_13,동시,,확실,확정,ch22–ch23 ~,62,
F2119,사실,E1468,재언급,재언급,F2119,136,2026-01-29,432,fl:fatal_maid,fl:fatal_maid_10,뒤,,확실,확정,ch22–ch23 ~,62,
F2120,사실,E863,암시,암시,F2120,122,2025-09-04,404,fl:coins_in_rush,fl:coins_in_rush_17,동시,,확실,확정,ch22–ch23 ~,62,
F2120,사실,F2120,처음 밝혀짐,드러냄,,122,2025-09-04,404,fl:coins_in_rush,fl:coins_in_rush_20,동시,,확실,확정,ch22–ch23 ~,62,
F2121,사실,F2121,처음 밝혀짐,드러냄,,122,2025-09-04,404,fl:coins_in_rush,fl:coins_in_rush_15,동시,,확실,확정,ch22–ch23 ~,62,
F2122,사실,E864,암시,암시,F2122,122,2025-09-04,404,fl:coins_in_rush,fl:coins_in_rush_21,동시,,추정,확정,ch22–ch23 ~,62,
F2122,사실,E868,암시,암시,F2122,122,2025-09-04,404,fl:coins_in_rush,fl:coins_in_rush_25,동시,,확실,확정,ch22–ch23 ~,62,
F2122,사실,F2122,처음 밝혀짐,드러냄,,122,2025-09-04,404,fl:coins_in_rush,fl:coins_in_rush_27,동시,,확실,확정,ch22–ch23 ~,62,
F2123,사실,F2123,처음 밝혀짐,드러냄,,122,2025-09-04,405,char:315,ep:d_nikke_ade_agentbunny_01,동시,,확실,확정,ch22–ch23 ~,62,
F2123,사실,E1565,재언급,재언급,F2123,154,2026-08-13,474,fl:persona_on_frontline,fl:persona_on_frontline_11,뒤,,확실,확정,ch22–ch23 ~,62,
F2123,사실,E1575,재언급,재언급,F2123,154,2026-08-13,474,fl:persona_on_frontline,fl:persona_on_frontline_19,뒤,,확실,확정,ch22–ch23 ~,62,
F2124,사실,E857,암시,암시,F2124,122,2025-09-04,404,fl:coins_in_rush,fl:coins_in_rush_07,앞,,추정,확정,ch22–ch23 ~,62,
F2124,사실,F2124,처음 밝혀짐,드러냄,,123,2025-09-11,406,char:143,ep:d_nikke_milk_bloomingbunny_01,동시,,확실,확정,ch22–ch23 ~,62,
F2125,사실,F2125,처음 밝혀짐,드러냄,,124,2025-09-24,407,fl:reborn_evil,fl:reborn_evil_00,동시,,확실,확정,ch26–ch27 ~,70,
F2126,사실,F2126,처음 밝혀짐,드러냄,,124,2025-09-24,407,fl:reborn_evil,fl:reborn_evil_00,동시,,확실,확정,ch26–ch27 ~,70,
F2127,사실,F2127,처음 밝혀짐,드러냄,,124,2025-09-24,407,fl:reborn_evil,fl:reborn_evil_01,동시,,확실,확정,ch26–ch27 ~,70,
F2128,사실,F2128,처음 밝혀짐,드러냄,,124,2025-09-24,407,fl:reborn_evil,fl:reborn_evil_09,동시,,확실,확정,ch26–ch27 ~,70,
F2128,사실,E1438,재언급,재언급,F2128,124,2025-09-24,408,char:840,ep:d_nikke_ce007_01_01,동시,,확실,확정,ch26–ch27 ~,70,
F2129,사실,F2129,처음 밝혀짐,드러냄,,124,2025-09-24,407,fl:reborn_evil,fl:reborn_evil_08,동시,,확실,확정,ch26–ch27 ~,70,
F2130,사실,E877,암시,암시,F2130,124,2025-09-24,407,fl:reborn_evil,fl:reborn_evil_13,동시,,추정,확정,ch26–ch27 ~,70,
F2130,사실,F2130,처음 밝혀짐,드러냄,,124,2025-09-24,407,fl:reborn_evil,fl:reborn_evil_16,동시,,확실,확정,ch26–ch27 ~,70,
F2131,사실,F2131,처음 밝혀짐,드러냄,,124,2025-09-24,407,fl:reborn_evil,fl:reborn_evil_16,동시,,확실,확정,ch26–ch27 ~,70,
F2132,사실,F2132,처음 밝혀짐,드러냄,,124,2025-09-24,407,fl:reborn_evil,fl:reborn_evil_10,동시,,확실,확정,ch26–ch27 ~,70,
F2132,사실,E1439,재언급,재언급,F2132,124,2025-09-24,408,char:840,ep:d_nikke_ce007_01_01,동시,,확실,확정,ch26–ch27 ~,70,
F2133,사실,E879,암시,암시,F2133,124,2025-09-24,407,fl:reborn_evil,fl:reborn_evil_14,동시,,확실,확정,ch26–ch27 ~,70,
F2133,사실,F2133,처음 밝혀짐,드러냄,,124,2025-09-24,407,fl:reborn_evil,fl:reborn_evil_17,동시,,확실,확정,ch26–ch27 ~,70,
F2133,사실,E1440,재언급,재언급,F2133,124,2025-09-24,408,char:840,ep:d_nikke_ce007_01_05,동시,,확실,확정,ch26–ch27 ~,70,
F2134,사실,E182,암시,암시,F2134,36,2023-04-27,200,sub:2호_쉘터_관리계정_00,sub:2호_쉘터_관리계정_00,앞,,확실,확정,ch22,61,61
F2134,사실,E876,암시,암시,F2134,124,2025-09-24,407,fl:reborn_evil,fl:reborn_evil_11,동시,,확실,확정,ch26–ch27 ~,70,
F2134,사실,E878,암시,암시,F2134,124,2025-09-24,407,fl:reborn_evil,fl:reborn_evil_14,동시,,추정,확정,ch26–ch27 ~,70,
F2134,사실,F2134,처음 밝혀짐,드러냄,,124,2025-09-24,407,fl:reborn_evil,fl:reborn_evil_17,동시,,확실,확정,ch26–ch27 ~,70,
F2135,사실,F2135,처음 밝혀짐,드러냄,,124,2025-09-24,407,fl:reborn_evil,fl:reborn_evil_14,동시,,확실,확정,ch26–ch27 ~,70,
F2136,사실,F2136,처음 밝혀짐,드러냄,,124,2025-09-24,407,fl:reborn_evil,fl:reborn_evil_10,동시,,확실,확정,ch26–ch27 ~,70,
F2137,사실,F2137,처음 밝혀짐,드러냄,,124,2025-09-24,407,fl:reborn_evil,fl:reborn_evil_21,동시,,확실,확정,ch26–ch27 ~,70,
F2138,사실,E870,암시,암시,F2138,124,2025-09-24,407,fl:reborn_evil,fl:reborn_evil_00,동시,,확실,확정,ch26–ch27 ~,70,
F2138,사실,E874,암시,암시,F2138,124,2025-09-24,407,fl:reborn_evil,fl:reborn_evil_03,동시,,확실,확정,ch26–ch27 ~,70,
F2138,사실,F2138,처음 밝혀짐,드러냄,,124,2025-09-24,407,fl:reborn_evil,fl:reborn_evil_25,동시,,확실,확정,ch26–ch27 ~,70,
F2139,사실,F2139,처음 밝혀짐,드러냄,,124,2025-09-24,407,fl:reborn_evil,fl:reborn_evil_25,동시,,확실,확정,ch26–ch27 ~,70,
F2140,사실,F2140,처음 밝혀짐,드러냄,,124,2025-09-24,407,fl:reborn_evil,fl:reborn_evil_25,동시,,확실,확정,ch26–ch27 ~,70,
F2141,사실,F2141,처음 밝혀짐,드러냄,,124,2025-09-24,407,fl:reborn_evil,fl:reborn_evil_26,동시,,확실,확정,ch26–ch27 ~,70,
F2142,사실,E741,암시,암시,F2142,112,2025-05-29,385,event_lordforjustice,event_lordforjustice_epilogue,앞,,추정,확정,ch26–ch27 ~,70,
F2142,사실,E873,암시,암시,F2142,124,2025-09-24,407,fl:reborn_evil,fl:reborn_evil_02,동시,,확실,확정,ch26–ch27 ~,70,
F2142,사실,E880,재언급,재언급,F2142,124,2025-09-24,407,fl:reborn_evil,fl:reborn_evil_17,동시,,추정,확정,ch26–ch27 ~,70,
F2142,사실,F2142,처음 밝혀짐,드러냄,,124,2025-09-24,407,fl:reborn_evil,fl:reborn_evil_13,동시,,확실,확정,ch26–ch27 ~,70,
F2143,사실,F2143,처음 밝혀짐,드러냄,,124,2025-09-24,407,fl:reborn_evil,fl:reborn_evil_27,동시,,확실,확정,ch26–ch27 ~,70,
F2144,사실,F2144,처음 밝혀짐,드러냄,,124,2025-09-24,408,char:840,ep:d_nikke_ce007_01_02,동시,,확실,확정,ch26–ch27 ~,70,
F2145,사실,F2145,처음 밝혀짐,드러냄,,124,2025-09-24,408,char:840,ep:d_nikke_ce007_01_03,동시,,확실,확정,ch26–ch27 ~,70,
F2146,사실,F2146,처음 밝혀짐,드러냄,,124,2025-09-24,408,char:840,ep:d_nikke_ce007_01_05,동시,,확실,확정,ch26–ch27 ~,70,
F2147,사실,F2147,처음 밝혀짐,드러냄,,124,2025-09-24,409,char:842,ep:d_nikke_ce007_03_02,동시,,확실,확정,ch26–ch27 ~,70,
F2148,사실,E882,암시,암시,F2148,124,2025-09-24,407,fl:reborn_evil,fl:reborn_evil_24,동시,,확실,확정,ch26–ch27 ~,70,
F2148,사실,F2148,처음 밝혀짐,드러냄,,124,2025-09-24,409,char:842,ep:d_nikke_ce007_03_04,동시,,확실,확정,ch26–ch27 ~,70,
F2149,사실,F2149,처음 밝혀짐,드러냄,,125,2025-10-02,410,char:841,ep:d_nikke_ce007_02_01,동시,,확실,확정,ch26–ch27 ~,70,
F2150,사실,F2150,처음 밝혀짐,드러냄,,125,2025-10-02,410,char:841,ep:d_nikke_ce007_02_03,동시,,확실,확정,ch26–ch27 ~,70,
F2151,사실,F2151,처음 밝혀짐,드러냄,,126,2025-10-16,411,side:eden_spear,side:eden_spear_00,동시,,확실,확정,ch21–ch22 ~ ch22–ch23 / ch24–ch25 ~ ch25 / ch25–ch26 ~ ch39 / ch39,60,95
F2152,사실,F2152,처음 밝혀짐,드러냄,,126,2025-10-16,411,side:eden_spear,side:eden_spear_00,동시,,확실,확정,ch21–ch22 ~ ch22–ch23 / ch24–ch25 ~ ch25 / ch25–ch26 ~ ch39 / ch39,60,95
F2153,사실,F2153,처음 밝혀짐,드러냄,,126,2025-10-16,411,side:eden_spear,side:eden_spear_01,동시,,확실,확정,ch21–ch22 ~ ch22–ch23 / ch24–ch25 ~ ch25 / ch25–ch26 ~ ch39 / ch39,60,95
F2153,사실,F2153-2,보강,드러냄,,128,2025-10-30,418,event_goddessfall1,event_goddessfall2_epilogue,뒤,,확실,확정,ch40–ch41,98,98
F2154,사실,F2154,처음 밝혀짐,드러냄,,126,2025-10-16,411,side:eden_spear,side:eden_spear_01,동시,,확실,확정,ch21–ch22 ~ ch22–ch23 / ch24–ch25 ~ ch25 / ch25–ch26 ~ ch39 / ch39,60,95
F2155,사실,F2155,처음 밝혀짐,드러냄,,126,2025-10-16,411,side:eden_spear,side:eden_spear_03,동시,,확실,확정,ch21–ch22 ~ ch22–ch23 / ch24–ch25 ~ ch25 / ch25–ch26 ~ ch39 / ch39,60,95
F2156,사실,F2156,처음 밝혀짐,드러냄,,126,2025-10-16,411,side:eden_spear,side:eden_spear_04,동시,,확실,확정,ch21–ch22 ~ ch22–ch23 / ch24–ch25 ~ ch25 / ch25–ch26 ~ ch39 / ch39,60,95
F2157,사실,F2157,처음 밝혀짐,드러냄,,126,2025-10-16,411,side:eden_spear,side:eden_spear_03,동시,,확실,확정,ch21–ch22 ~ ch22–ch23 / ch24–ch25 ~ ch25 / ch25–ch26 ~ ch39 / ch39,60,95
F2157,사실,F2157-2,보강,드러냄,,128,2025-10-30,418,event_goddessfall1,event_goddessfall1_06_e,뒤,,확실,확정,ch40–ch41,98,98
F2157,사실,E1622,재언급,재언급,F2157,128,2025-10-30,420,char:223,ep:d_nikke_nayuta_03,뒤,,추정,확정,ch39,95,95
F2158,사실,F2158,처음 밝혀짐,드러냄,,126,2025-10-16,411,side:eden_spear,side:eden_spear_06,동시,,확실,확정,ch21–ch22 ~ ch22–ch23 / ch24–ch25 ~ ch25 / ch25–ch26 ~ ch39 / ch39,60,95
F2159,사실,F2159,처음 밝혀짐,드러냄,,126,2025-10-16,411,side:eden_spear,side:eden_spear_06,동시,,확실,확정,ch21–ch22 ~ ch22–ch23 / ch24–ch25 ~ ch25 / ch25–ch26 ~ ch39 / ch39,60,95
F2160,사실,F2160,처음 밝혀짐,드러냄,,126,2025-10-16,411,side:eden_spear,side:eden_spear_04,동시,,확실,확정,ch21–ch22 ~ ch22–ch23 / ch24–ch25 ~ ch25 / ch25–ch26 ~ ch39 / ch39,60,95
F2161,사실,F2161,처음 밝혀짐,드러냄,,126,2025-10-16,411,side:eden_spear,side:eden_spear_07,동시,,추정,확정,ch21–ch22 ~ ch22–ch23 / ch24–ch25 ~ ch25 / ch25–ch26 ~ ch39 / ch39,60,95
F2162,사실,F2162,처음 밝혀짐,드러냄,,126,2025-10-16,411,side:eden_spear,side:eden_spear_08,동시,,확실,확정,ch21–ch22 ~ ch22–ch23 / ch24–ch25 ~ ch25 / ch25–ch26 ~ ch39 / ch39,60,95
F2163,사실,E1302,암시,암시,F2163,32,2023-03-30,186,char:261,ep:d_nikke_nihilister_02,앞,,확실,확정,ch20–ch21 ~ ch21,58,59
F2163,사실,F2163,처음 밝혀짐,드러냄,,126,2025-10-16,411,side:eden_spear,side:eden_spear_08,동시,,확실,확정,ch21–ch22 ~ ch22–ch23 / ch24–ch25 ~ ch25 / ch25–ch26 ~ ch39 / ch39,60,95
F2164,사실,F2164,처음 밝혀짐,드러냄,,126,2025-10-16,411,side:eden_spear,side:eden_spear_08,동시,,확실,확정,ch21–ch22 ~ ch22–ch23 / ch24–ch25 ~ ch25 / ch25–ch26 ~ ch39 / ch39,60,95
F2164,사실,E933,암시,암시,F2164-2,128,2025-10-30,418,event_goddessfall1,event_goddessfall1_01_e,뒤,,확실,확정,ch40–ch41,98,98
F2164,사실,F2164-2,보강,드러냄,,128,2025-10-30,418,event_goddessfall1,event_goddessfall2_06_s,뒤,,확실,확정,ch40–ch41,98,98
F2165,사실,F2165,처음 밝혀짐,드러냄,,126,2025-10-16,411,side:eden_spear,side:eden_spear_05,동시,,확실,확정,ch21–ch22 ~ ch22–ch23 / ch24–ch25 ~ ch25 / ch25–ch26 ~ ch39 / ch39,60,95
F2166,사실,E148,암시,암시,F2166,26,2023-01-12,168,ch20,d_main_20af_02,앞,,확실,확정,ch20,57,57
F2166,사실,F2166,처음 밝혀짐,드러냄,,126,2025-10-16,411,side:eden_spear,side:eden_spear_09,동시,,확실,확정,ch21–ch22 ~ ch22–ch23 / ch24–ch25 ~ ch25 / ch25–ch26 ~ ch39 / ch39,60,95
F2167,사실,F2167,처음 밝혀짐,드러냄,,126,2025-10-16,411,side:eden_spear,side:eden_spear_09,동시,,확실,확정,ch21–ch22 ~ ch22–ch23 / ch24–ch25 ~ ch25 / ch25–ch26 ~ ch39 / ch39,60,95
F2167,사실,E1102,재언급,재언급,F2167,144,2026-04-23,452,ch46,d_main_46_08,뒤,,확실,확정,ch46,109,109
F2168,사실,F2168,처음 밝혀짐,드러냄,,126,2025-10-16,411,side:eden_spear,side:eden_spear_10,동시,,확실,확정,ch21–ch22 ~ ch22–ch23 / ch24–ch25 ~ ch25 / ch25–ch26 ~ ch39 / ch39,60,95
F2169,사실,F2169,처음 밝혀짐,드러냄,,126,2025-10-16,411,side:eden_spear,side:eden_spear_10,동시,,확실,확정,ch21–ch22 ~ ch22–ch23 / ch24–ch25 ~ ch25 / ch25–ch26 ~ ch39 / ch39,60,95
F2169,사실,E1627,재언급,재언급,F2169,129,2025-11-06,422,char:262,ep:d_nikke_liberalio_05,뒤,,추정,확정,ch41,99,99
F2170,사실,F2170,처음 밝혀짐,드러냄,,126,2025-10-16,411,side:eden_spear,side:eden_spear_10,동시,,확실,확정,ch21–ch22 ~ ch22–ch23 / ch24–ch25 ~ ch25 / ch25–ch26 ~ ch39 / ch39,60,95
F2171,사실,F2171,처음 밝혀짐,드러냄,,126,2025-10-16,411,side:eden_spear,side:eden_spear_11,동시,,확실,확정,ch21–ch22 ~ ch22–ch23 / ch24–ch25 ~ ch25 / ch25–ch26 ~ ch39 / ch39,60,95
F2172,사실,F2172,처음 밝혀짐,드러냄,,126,2025-10-16,411,side:eden_spear,side:eden_spear_11,동시,,확실,확정,ch21–ch22 ~ ch22–ch23 / ch24–ch25 ~ ch25 / ch25–ch26 ~ ch39 / ch39,60,95
F2173,사실,E889,암시,암시,F2173,126,2025-10-16,411,side:eden_spear,side:eden_spear_06,동시,,확실,확정,ch21–ch22 ~ ch22–ch23 / ch24–ch25 ~ ch25 / ch25–ch26 ~ ch39 / ch39,60,95
F2173,사실,F2173,처음 밝혀짐,드러냄,,126,2025-10-16,411,side:eden_spear,side:eden_spear_12,동시,,확실,확정,ch21–ch22 ~ ch22–ch23 / ch24–ch25 ~ ch25 / ch25–ch26 ~ ch39 / ch39,60,95
F2174,사실,F2174,처음 밝혀짐,드러냄,,126,2025-10-16,411,side:eden_spear,side:eden_spear_12,동시,,확실,확정,ch21–ch22 ~ ch22–ch23 / ch24–ch25 ~ ch25 / ch25–ch26 ~ ch39 / ch39,60,95
F2175,사실,F2175,처음 밝혀짐,드러냄,,126,2025-10-16,411,side:eden_spear,side:eden_spear_12,동시,,확실,확정,ch21–ch22 ~ ch22–ch23 / ch24–ch25 ~ ch25 / ch25–ch26 ~ ch39 / ch39,60,95
F2176,사실,E1392,암시,암시,F2176,87,2024-10-03,328,event_phantomthiefvsdetective,event_phantomthiefvsdetective_epilogue,앞,,추정,확정,ch15–ch16 ~,48,
F2176,사실,E729,암시,암시,F2176,111,2025-05-15,383,event_arcanearchive,event_arcanearchive_epilogue,앞,,확실,확정,ch26–ch27 ~,70,
F2176,사실,F2176,처음 밝혀짐,드러냄,,126,2025-10-16,412,fl:go_ninja_thief,fl:go_ninja_thief_01,동시,,확실,확정,ch26–ch27 ~,70,
F2177,사실,F2177,처음 밝혀짐,드러냄,,126,2025-10-16,412,fl:go_ninja_thief,fl:go_ninja_thief_03,동시,,확실,확정,ch26–ch27 ~,70,
F2178,사실,F2178,처음 밝혀짐,드러냄,,126,2025-10-16,412,fl:go_ninja_thief,fl:go_ninja_thief_07,동시,,확실,확정,ch26–ch27 ~,70,
F2179,사실,F2179,처음 밝혀짐,드러냄,,126,2025-10-16,413,char:23,ep:d_nikke_delta_ninjathief_02,동시,,확실,확정,ch26–ch27 ~,70,
F2180,사실,E453,암시,암시,F2180,81,2024-07-25,310,ch32,d_main_32_05,앞,,추정,확정,ch32,81,81
F2180,사실,F2180,처음 밝혀짐,드러냄,,127,2025-10-30,414,ch41,d_main_41_01,동시,,확실,확정,ch41,99,99
F2181,사실,E440,암시,암시,F2181,80,2024-07-25,308,ch31,d_main_31_06,앞,,추정,확정,ch31,79,79
F2181,사실,F2181,처음 밝혀짐,드러냄,,127,2025-10-30,414,ch41,d_main_41_01,동시,,확실,확정,ch41,99,99
F2181,사실,E907,재언급,재언급,F2181,127,2025-10-30,415,relic:거꾸로적힌기록,relic:거꾸로적힌기록_02,동시,,확실,확정,,,
F2182,사실,F2182,처음 밝혀짐,드러냄,,127,2025-10-30,414,ch41,d_main_41_01,동시,,확실,확정,ch41,99,99
F2182,사실,E906,재언급,재언급,F2182,127,2025-10-30,415,relic:거꾸로적힌기록,relic:거꾸로적힌기록_00,동시,,추정,확정,,,
F2183,사실,F2183,처음 밝혀짐,드러냄,,127,2025-10-30,414,ch41,d_main_41_01,동시,,확실,확정,ch41,99,99
F2183,사실,E939,재언급,재언급,F2183,128,2025-10-30,418,event_goddessfall1,event_goddessfall1_04_s,뒤,,확실,확정,ch40–ch41,98,98
F2184,사실,E509,암시,암시,F2184,91,2024-10-31,336,ch34,d_main_34_09_e,앞,,확실,확정,ch34,85,85
F2184,사실,E671,암시,암시,F2184,109,2025-04-24,375,ch38,d_main_38_08,앞,,추정,확정,ch38,93,93
F2184,사실,E797,암시,암시,F2184,118,2025-08-07,396,ch39,d_main_39_01,앞,,확실,확정,ch39,95,95
F2184,사실,F2184,처음 밝혀짐,드러냄,,127,2025-10-30,414,ch41,d_main_41_01,동시,,확실,확정,ch41,99,99
F2184,사실,E928,재언급,재언급,F2184,128,2025-10-30,416,ch42,d_main_42_af_08,뒤,,확실,확정,ch42,101,101
F2184,사실,F2184-2,보강,드러냄,,128,2025-10-30,417,relic:주의용광로사용법,relic:주의용광로사용법_03,뒤,,확실,확정,~ ch40–ch41,,98
F2185,사실,E820,암시,암시,F2185,119,2025-08-07,398,ch40,d_main_40_09,앞,,확실,확정,ch40,97,97
F2185,사실,F2185,처음 밝혀짐,드러냄,,127,2025-10-30,414,ch41,d_main_41_02,동시,,확실,확정,ch41,99,99
F2186,사실,F2186,처음 밝혀짐,드러냄,,127,2025-10-30,414,ch41,d_main_41_02,동시,,확실,확정,ch41,99,99
F2187,사실,F2187,처음 밝혀짐,드러냄,,127,2025-10-30,414,ch41,d_main_41_04,동시,,확실,확정,ch41,99,99
F2188,사실,F2188,처음 밝혀짐,드러냄,,127,2025-10-30,414,ch41,d_main_41_04,동시,,확실,확정,ch41,99,99
F2189,사실,F2189,처음 밝혀짐,드러냄,,127,2025-10-30,414,ch41,d_main_41_04,동시,,확실,확정,ch41,99,99
F2190,사실,F2190,처음 밝혀짐,드러냄,,127,2025-10-30,414,ch41,d_main_41_03,동시,,확실,확정,ch41,99,99
F2191,사실,F2191,처음 밝혀짐,드러냄,,127,2025-10-30,414,ch41,d_main_41_05,동시,,확실,확정,ch41,99,99
F2192,사실,F2192,처음 밝혀짐,드러냄,,127,2025-10-30,414,ch41,d_main_41_07,동시,,확실,확정,ch41,99,99
F2193,사실,F2193,처음 밝혀짐,드러냄,,127,2025-10-30,414,ch41,d_main_41_07,동시,,확실,확정,ch41,99,99
F2194,사실,E894,암시,암시,F2194,127,2025-10-30,414,ch41,d_main_41_03,동시,,추정,확정,ch41,99,99
F2194,사실,F2194,처음 밝혀짐,드러냄,,127,2025-10-30,414,ch41,d_main_41_04,동시,,확실,확정,ch41,99,99
F2194,사실,E1222,재언급,재언급,F2194,153,2026-08-13,470,ch47,d_main_47_05,뒤,,확실,확정,ch47,111,111
F2195,사실,F2195,처음 밝혀짐,드러냄,,127,2025-10-30,414,ch41,d_main_41_08,동시,,확실,확정,ch41,99,99
F2196,사실,F2196,처음 밝혀짐,드러냄,,127,2025-10-30,414,ch41,d_main_41_09,동시,,확실,확정,ch41,99,99
F2197,사실,E894,암시,암시,F2197,127,2025-10-30,414,ch41,d_main_41_03,동시,,추정,확정,ch41,99,99
F2197,사실,F2197,처음 밝혀짐,드러냄,,127,2025-10-30,414,ch41,d_main_41_09,동시,,확실,확정,ch41,99,99
F2197,사실,E1589,재언급,재언급,F2197,156,2026-09-03,478,fl:great_villain_union,fl:great_villain_union_06,뒤,,추정,확정,ch42–ch43 ~,102,
F2198,사실,F2198,처음 밝혀짐,드러냄,,127,2025-10-30,414,ch41,d_main_41_af_01,동시,,확실,확정,ch41,99,99
F2199,사실,F2199,처음 밝혀짐,드러냄,,127,2025-10-30,414,ch41,d_main_41_af_01,동시,,확실,확정,ch41,99,99
F2200,사실,F2200,처음 밝혀짐,드러냄,,127,2025-10-30,414,ch41,d_main_41_af_01,동시,,확실,확정,ch41,99,99
F2200,사실,E1087,재언급,재언급,F2200,143,2026-04-23,450,ch45,d_main_45_07,뒤,,확실,확정,ch45,107,107
F2200,사실,F2200-2,보강,드러냄,,144,2026-04-23,454,event_staranis1,event_staranis2_02_s,뒤,,확실,확정,ch46–ch47 ~ ch47,110,111
F2201,사실,F2201,처음 밝혀짐,드러냄,,127,2025-10-30,414,ch41,d_main_41_af_01,동시,,확실,확정,ch41,99,99
F2202,사실,F2202,처음 밝혀짐,드러냄,,127,2025-10-30,414,ch41,d_main_41_af_02,동시,,확실,확정,ch41,99,99
F2203,사실,F2203,처음 밝혀짐,드러냄,,127,2025-10-30,414,ch41,d_main_41_af_03,동시,,확실,확정,ch41,99,99
F2204,사실,E568,암시,암시,F2204,96,2024-12-26,350,event_footstepwalkrun1,event_footstepwalkrun2_intermission_01,앞,,추정,확정,ch34–ch35 ~ ch35,86,87
F2204,사실,E581,암시,암시,F2204,98,2025-01-16,353,event_wisdomspring,event_wisdomspring_04_s,앞,,추정,확정,ch34–ch35 ~,86,
F2204,사실,F2204,처음 밝혀짐,드러냄,,127,2025-10-30,414,ch41,d_main_41_af_03,동시,,확실,확정,ch41,99,99
F2205,사실,E337,암시,암시,F2205,66,2024-02-22,273,ch28,d_main_28_05_e,앞,,추정,확정,ch28,73,73
F2205,사실,E826,암시,암시,F2205,119,2025-08-07,398,ch40,d_main_40_af_04,앞,,확실,확정,ch40,97,97
F2205,사실,F2205,처음 밝혀짐,드러냄,,127,2025-10-30,414,ch41,d_main_41_af_04,동시,,확실,확정,ch41,99,99
F2206,사실,F2206,처음 밝혀짐,드러냄,,127,2025-10-30,414,ch41,d_main_41_af_04,동시,,확실,확정,ch41,99,99
F2207,사실,F2207,처음 밝혀짐,드러냄,,127,2025-10-30,414,ch41,d_main_41_af_05,동시,,확실,확정,ch41,99,99
F2207,사실,E923,재언급,재언급,F2207,128,2025-10-30,416,ch42,d_main_42_af_03,뒤,,확실,확정,ch42,101,101
F2207,사실,E1033,재언급,재언급,F2207,138,2026-02-12,436,ch44,d_main_44_af_06,뒤,,확실,확정,ch44,105,105
F2207,사실,E1091,재언급,재언급,F2207,143,2026-04-23,450,ch45,d_main_45_10,뒤,,추정,확정,ch45,107,107
F2208,사실,F2208,처음 밝혀짐,드러냄,,127,2025-10-30,414,ch41,d_main_41_af_05,동시,,확실,확정,ch41,99,99
F2209,사실,E381,암시,암시,F2209,73,2024-04-25,293,ch30,d_main_30_02,앞,,추정,확정,ch30,77,77
F2209,사실,F2209,처음 밝혀짐,드러냄,,127,2025-10-30,414,ch41,d_main_41_af_06,동시,,확실,확정,ch41,99,99
F2209,사실,E924,재언급,재언급,F2209,128,2025-10-30,416,ch42,d_main_42_af_04,뒤,,확실,확정,ch42,101,101
F2210,사실,F2210,처음 밝혀짐,드러냄,,127,2025-10-30,414,ch41,d_main_41_af_06,동시,,확실,확정,ch41,99,99
F2211,사실,F2211,처음 밝혀짐,드러냄,,127,2025-10-30,415,relic:거꾸로적힌기록,relic:거꾸로적힌기록_00,동시,,확실,확정,,,
F2212,사실,F2212,처음 밝혀짐,드러냄,,128,2025-10-30,416,ch42,d_main_42_01,동시,,확실,확정,ch42,101,101
F2213,사실,F2213,처음 밝혀짐,드러냄,,128,2025-10-30,416,ch42,d_main_42_01,동시,,확실,확정,ch42,101,101
F2213,사실,E1587,재언급,재언급,F2213,156,2026-09-03,478,fl:great_villain_union,fl:great_villain_union_02,뒤,,확실,확정,ch42–ch43 ~,102,
F2214,사실,E10,암시,암시,F2214,3,2022-11-04,3,ch02,d_main_02_08_s,앞,,확실,확정,ch02,21,21
F2214,사실,E656,암시,암시,F2214,108,2025-04-24,374,relic:주워갈것들메모,relic:주워갈것들메모_03,앞,,확실,확정,,,
F2214,사실,F2214,처음 밝혀짐,드러냄,,128,2025-10-30,416,ch42,d_main_42_02,동시,,확실,확정,ch42,101,101
F2215,사실,F2215,처음 밝혀짐,드러냄,,128,2025-10-30,416,ch42,d_main_42_02,동시,,확실,확정,ch42,101,101
F2216,사실,F2216,처음 밝혀짐,드러냄,,128,2025-10-30,416,ch42,d_main_42_02,동시,,확실,확정,ch42,101,101
F2217,사실,F2217,처음 밝혀짐,드러냄,,128,2025-10-30,416,ch42,d_main_42_03,동시,,확실,확정,ch42,101,101
F2218,사실,E510,암시,암시,F2218,91,2024-10-31,336,ch34,d_main_34_09_e,앞,,추정,확정,ch34,85,85
F2218,사실,F2218,처음 밝혀짐,드러냄,,128,2025-10-30,416,ch42,d_main_42_03,동시,,확실,확정,ch42,101,101
F2219,사실,F2219,처음 밝혀짐,드러냄,,128,2025-10-30,416,ch42,d_main_42_03,동시,,확실,확정,ch42,101,101
F2220,사실,F2220,처음 밝혀짐,드러냄,,128,2025-10-30,416,ch42,d_main_42_03,동시,,확실,확정,ch42,101,101
F2220,사실,E1591,재언급,재언급,F2220,156,2026-09-03,478,fl:great_villain_union,fl:great_villain_union_13,뒤,,확실,확정,ch42–ch43 ~,102,
F2221,사실,F2221,처음 밝혀짐,드러냄,,128,2025-10-30,416,ch42,d_main_42_04,동시,,확실,확정,ch42,101,101
F2222,사실,F2222,처음 밝혀짐,드러냄,,128,2025-10-30,416,ch42,d_main_42_04,동시,,확실,확정,ch42,101,101
F2223,사실,F2223,처음 밝혀짐,드러냄,,128,2025-10-30,416,ch42,d_main_42_05,동시,,확실,확정,ch42,101,101
F2224,사실,F2224,처음 밝혀짐,드러냄,,128,2025-10-30,416,ch42,d_main_42_06,동시,,확실,확정,ch42,101,101
F2225,사실,F2225,처음 밝혀짐,드러냄,,128,2025-10-30,416,ch42,d_main_42_06,동시,,확실,확정,ch42,101,101
F2225,사실,E932,재언급,재언급,F2225,128,2025-10-30,417,relic:주의용광로사용법,relic:주의용광로사용법_01,동시,,확실,확정,~ ch40–ch41,,98
F2226,사실,F2226,처음 밝혀짐,드러냄,,128,2025-10-30,416,ch42,d_main_42_06,동시,,확실,확정,ch42,101,101
F2226,사실,E931,재언급,재언급,F2226,128,2025-10-30,417,relic:주의용광로사용법,relic:주의용광로사용법_02,동시,,확실,확정,~ ch40–ch41,,98
F2227,사실,F2227,처음 밝혀짐,드러냄,,128,2025-10-30,416,ch42,d_main_42_07,동시,,확실,확정,ch42,101,101
F2227,사실,E1589,재언급,재언급,F2227,156,2026-09-03,478,fl:great_villain_union,fl:great_villain_union_06,뒤,,추정,확정,ch42–ch43 ~,102,
F2228,사실,E913,암시,암시,F2228,128,2025-10-30,416,ch42,d_main_42_06,동시,,추정,확정,ch42,101,101
F2228,사실,F2228,처음 밝혀짐,드러냄,,128,2025-10-30,416,ch42,d_main_42_07,동시,,확실,확정,ch42,101,101
F2229,사실,F2229,처음 밝혀짐,드러냄,,128,2025-10-30,416,ch42,d_main_42_08,동시,,확실,확정,ch42,101,101
F2230,사실,F2230,처음 밝혀짐,드러냄,,128,2025-10-30,416,ch42,d_main_42_08,동시,,확실,확정,ch42,101,101
F2231,사실,E914,암시,암시,F2231,128,2025-10-30,416,ch42,d_main_42_06,동시,,확실,확정,ch42,101,101
F2231,사실,F2231,처음 밝혀짐,드러냄,,128,2025-10-30,416,ch42,d_main_42_08,동시,,확실,확정,ch42,101,101
F2232,사실,F2232,처음 밝혀짐,드러냄,,128,2025-10-30,416,ch42,d_main_42_af_01,동시,,확실,확정,ch42,101,101
F2233,사실,F2233,처음 밝혀짐,드러냄,,128,2025-10-30,416,ch42,d_main_42_af_01,동시,,확실,확정,ch42,101,101
F2233,사실,E1081,재언급,재언급,F2233,143,2026-04-23,450,ch45,d_main_45_03,뒤,,확실,확정,ch45,107,107
F2234,사실,F2234,처음 밝혀짐,드러냄,,128,2025-10-30,416,ch42,d_main_42_af_03,동시,,확실,확정,ch42,101,101
F2235,사실,F2235,처음 밝혀짐,드러냄,,128,2025-10-30,416,ch42,d_main_42_af_03,동시,,확실,확정,ch42,101,101
F2235,사실,E1085,재언급,재언급,F2235,143,2026-04-23,450,ch45,d_main_45_05,뒤,,확실,확정,ch45,107,107
F2235,사실,F2235-2,보강,드러냄,,148,2026-06-11,462,fl:ark_ranger,fl:ark_ranger_11,뒤,,확실,확정,~ ch21–ch22 / ch22 / ch42 / ch45 / ch46–ch47 ~ ch47,,111
F2236,사실,F2236,처음 밝혀짐,드러냄,,128,2025-10-30,416,ch42,d_main_42_af_03,동시,,확실,확정,ch42,101,101
F2237,사실,F2237,처음 밝혀짐,드러냄,,128,2025-10-30,416,ch42,d_main_42_af_04,동시,,확실,확정,ch42,101,101
F2238,사실,F2238,처음 밝혀짐,드러냄,,128,2025-10-30,416,ch42,d_main_42_af_04,동시,,확실,확정,ch42,101,101
F2239,사실,F2239,처음 밝혀짐,드러냄,,128,2025-10-30,416,ch42,d_main_42_af_04,동시,,확실,확정,ch42,101,101
F2240,사실,E807,암시,암시,F2240,118,2025-08-07,396,ch39,d_main_39_af_06,앞,,확실,확정,ch39,95,95
F2240,사실,E809,암시,암시,F2240,118,2025-08-07,396,ch39,d_main_39_af_07,앞,,확실,확정,ch39,95,95
F2240,사실,E827,암시,암시,F2240,119,2025-08-07,398,ch40,d_main_40_af_05,앞,,확실,확정,ch40,97,97
F2240,사실,F2240,처음 밝혀짐,드러냄,,128,2025-10-30,416,ch42,d_main_42_af_05,동시,,확실,확정,ch42,101,101
F2241,사실,F2241,처음 밝혀짐,드러냄,,128,2025-10-30,416,ch42,d_main_42_af_05,동시,,확실,확정,ch42,101,101
F2242,사실,E481,암시,암시,F2242,90,2024-10-31,334,ch33,d_main_33_05_s,앞,,추정,확정,ch33,83,83
F2242,사실,F2242,처음 밝혀짐,드러냄,,128,2025-10-30,416,ch42,d_main_42_af_06,동시,,확실,확정,ch42,101,101
F2243,사실,F2243,처음 밝혀짐,드러냄,,128,2025-10-30,416,ch42,d_main_42_af_06,동시,,확실,확정,ch42,101,101
F2243,사실,E1179,재언급,재언급,F2243,148,2026-06-11,462,fl:ark_ranger,fl:ark_ranger_17,뒤,,확실,확정,~ ch21–ch22 / ch22 / ch42 / ch45 / ch46–ch47 ~ ch47,,111
F2244,사실,F2244,처음 밝혀짐,드러냄,,128,2025-10-30,416,ch42,d_main_42_af_06,동시,,확실,확정,ch42,101,101
F2245,사실,F2245,처음 밝혀짐,드러냄,,128,2025-10-30,416,ch42,d_main_42_af_07,동시,,확실,확정,ch42,101,101
F2246,사실,E813,암시,암시,F2246,118,2025-08-07,397,relic:정갈하게쓴기록,relic:정갈하게쓴기록_01,앞,,추정,확정,ch02–ch03 ~ ch38–ch39,22,94
F2246,사실,E908,암시,암시,F2246,128,2025-10-30,416,ch42,d_main_42_01,동시,,확실,확정,ch42,101,101
F2246,사실,E909,암시,암시,F2246,128,2025-10-30,416,ch42,d_main_42_07,동시,,확실,확정,ch42,101,101
F2246,사실,F2246,처음 밝혀짐,드러냄,,128,2025-10-30,416,ch42,d_main_42_af_07,동시,,확실,확정,ch42,101,101
F2246,사실,E1023,재언급,재언급,F2246,138,2026-02-12,436,ch44,d_main_44_08_e,뒤,,추정,확정,ch44,105,105
F2247,사실,F2247,처음 밝혀짐,드러냄,,128,2025-10-30,416,ch42,d_main_42_af_07,동시,,확실,확정,ch42,101,101
F2248,사실,F2248,처음 밝혀짐,드러냄,,128,2025-10-30,416,ch42,d_main_42_af_08,동시,,확실,확정,ch42,101,101
F2248,사실,E1588,재언급,재언급,F2248,156,2026-09-03,478,fl:great_villain_union,fl:great_villain_union_04,뒤,,확실,확정,ch42–ch43 ~,102,
F2249,사실,E511,암시,암시,F2249,91,2024-10-31,336,ch34,d_main_34_09_e,앞,,추정,확정,ch34,85,85
F2249,사실,E618,암시,암시,F2249,102,2025-02-20,360,ch36,d_main_36_01,앞,,확실,확정,ch36,89,89
F2249,사실,F2249,처음 밝혀짐,드러냄,,128,2025-10-30,416,ch42,d_main_42_af_08,동시,,확실,확정,ch42,101,101
F2250,사실,F2250,처음 밝혀짐,드러냄,,128,2025-10-30,416,ch42,d_main_42_af_08,동시,,확실,확정,ch42,101,101
F2251,사실,E915,암시,암시,F2251,128,2025-10-30,416,ch42,d_main_42_06,동시,,추정,확정,ch42,101,101
F2251,사실,E916,암시,암시,F2251,128,2025-10-30,416,ch42,d_main_42_02,동시,,추정,확정,ch42,101,101
F2251,사실,F2251,처음 밝혀짐,드러냄,,128,2025-10-30,416,ch42,d_main_42_af_08,동시,,확실,확정,ch42,101,101
F2252,사실,F2252,처음 밝혀짐,드러냄,,128,2025-10-30,416,ch42,d_main_42_af_08,동시,,확실,확정,ch42,101,101
F2253,사실,E921,암시,암시,F2253,128,2025-10-30,416,ch42,d_main_42_af_06,동시,,추정,확정,ch42,101,101
F2253,사실,F2253,처음 밝혀짐,드러냄,,128,2025-10-30,416,ch42,d_main_42_af_09,동시,,확실,확정,ch42,101,101
F2254,사실,F2254,처음 밝혀짐,드러냄,,128,2025-10-30,416,ch42,d_main_42_af_08,동시,,확실,확정,ch42,101,101
F2255,사실,F2255,처음 밝혀짐,드러냄,,128,2025-10-30,417,relic:주의용광로사용법,relic:주의용광로사용법_00,동시,,확실,확정,~ ch40–ch41,,98
F2256,사실,F2256,처음 밝혀짐,드러냄,,128,2025-10-30,417,relic:주의용광로사용법,relic:주의용광로사용법_02,동시,,확실,확정,~ ch40–ch41,,98
F2257,사실,F2257,처음 밝혀짐,드러냄,,128,2025-10-30,418,event_goddessfall1,event_goddessfall1_prologue,동시,,확실,확정,ch40–ch41,98,98
F2258,사실,F2258,처음 밝혀짐,드러냄,,128,2025-10-30,418,event_goddessfall1,event_goddessfall1_prologue,동시,,확실,확정,ch40–ch41,98,98
F2259,사실,F2259,처음 밝혀짐,드러냄,,128,2025-10-30,418,event_goddessfall1,event_goddessfall1_prologue,동시,,확실,확정,ch40–ch41,98,98
F2260,사실,E815,암시,암시,F2260,119,2025-08-07,398,ch40,d_main_40_01,앞,,추정,확정,ch40,97,97
F2260,사실,F2260,처음 밝혀짐,드러냄,,128,2025-10-30,418,event_goddessfall1,event_goddessfall1_01_s,동시,,확실,확정,ch40–ch41,98,98
F2261,사실,F2261,처음 밝혀짐,드러냄,,128,2025-10-30,418,event_goddessfall1,event_goddessfall1_01_s,동시,,확실,확정,ch40–ch41,98,98
F2262,사실,F2262,처음 밝혀짐,드러냄,,128,2025-10-30,418,event_goddessfall1,event_goddessfall1_01_e,동시,,확실,확정,ch40–ch41,98,98
F2263,사실,F2263,처음 밝혀짐,드러냄,,128,2025-10-30,418,event_goddessfall1,event_goddessfall1_01_e,동시,,확실,확정,ch40–ch41,98,98
F2264,사실,F2264,처음 밝혀짐,드러냄,,128,2025-10-30,418,event_goddessfall1,event_goddessfall1_02_s,동시,,확실,확정,ch40–ch41,98,98
F2265,사실,F2265,처음 밝혀짐,드러냄,,128,2025-10-30,418,event_goddessfall1,event_goddessfall1_02_s,동시,,확실,확정,ch40–ch41,98,98
F2266,사실,F2266,처음 밝혀짐,드러냄,,128,2025-10-30,418,event_goddessfall1,event_goddessfall1_02_s,동시,,확실,확정,ch40–ch41,98,98
F2267,사실,F2267,처음 밝혀짐,드러냄,,128,2025-10-30,418,event_goddessfall1,event_goddessfall1_02_e,동시,,확실,확정,ch40–ch41,98,98
F2268,사실,E1301,암시,암시,F2268,32,2023-03-30,186,char:261,ep:d_nikke_nihilister_02,앞,,확실,확정,ch20–ch21 ~ ch21,58,59
F2268,사실,F2268,처음 밝혀짐,드러냄,,128,2025-10-30,418,event_goddessfall1,event_goddessfall1_02_e,동시,,확실,확정,ch40–ch41,98,98
F2269,사실,F2269,처음 밝혀짐,드러냄,,128,2025-10-30,418,event_goddessfall1,event_goddessfall1_02_e,동시,,확실,확정,ch40–ch41,98,98
F2270,사실,F2270,처음 밝혀짐,드러냄,,128,2025-10-30,418,event_goddessfall1,event_goddessfall1_02_e,동시,,확실,확정,ch40–ch41,98,98
F2271,사실,E412,암시,암시,F2271,73,2024-04-25,295,event_lastkingdom1,event_lastkingdom2_epilogue,앞,,추정,확정,ch26–ch27 ~,70,
F2271,사실,F2271,처음 밝혀짐,드러냄,,128,2025-10-30,418,event_goddessfall1,event_goddessfall1_03_s,동시,,확실,확정,ch40–ch41,98,98
F2272,사실,F2272,처음 밝혀짐,드러냄,,128,2025-10-30,418,event_goddessfall1,event_goddessfall1_03_s,동시,,확실,확정,ch40–ch41,98,98
F2273,사실,F2273,처음 밝혀짐,드러냄,,128,2025-10-30,418,event_goddessfall1,event_goddessfall1_03_e,동시,,확실,확정,ch40–ch41,98,98
F2273,사실,E1220,재언급,재언급,F2273,153,2026-08-13,470,ch47,d_main_47_05,뒤,,확실,확정,ch47,111,111
F2274,사실,F2274,처음 밝혀짐,드러냄,,128,2025-10-30,418,event_goddessfall1,event_goddessfall1_03_e,동시,,확실,확정,ch40–ch41,98,98
F2275,사실,F2275,처음 밝혀짐,드러냄,,128,2025-10-30,418,event_goddessfall1,event_goddessfall1_intermission_01,동시,,확실,확정,ch40–ch41,98,98
F2276,사실,F2276,처음 밝혀짐,드러냄,,128,2025-10-30,418,event_goddessfall1,event_goddessfall1_intermission_01,동시,,확실,확정,ch40–ch41,98,98
F2277,사실,E366,암시,암시,F2277,71,2024-04-11,288,side:second_affection,side:second_affection_15,앞,,추정,확정,ch14–ch15 ~ ch15,46,47
F2277,사실,F2277,처음 밝혀짐,드러냄,,128,2025-10-30,418,event_goddessfall1,event_goddessfall1_04_s,동시,,확실,확정,ch40–ch41,98,98
F2278,사실,F2278,처음 밝혀짐,드러냄,,128,2025-10-30,418,event_goddessfall1,event_goddessfall1_04_s,동시,,확실,확정,ch40–ch41,98,98
F2279,사실,F2279,처음 밝혀짐,드러냄,,128,2025-10-30,418,event_goddessfall1,event_goddessfall1_04_s,동시,,확실,확정,ch40–ch41,98,98
F2280,사실,F2280,처음 밝혀짐,드러냄,,128,2025-10-30,418,event_goddessfall1,event_goddessfall1_04_e,동시,,확실,확정,ch40–ch41,98,98
F2280,사실,E1210,재언급,재언급,F2280,153,2026-08-13,470,ch47,d_main_47_03,뒤,,추정,확정,ch47,111,111
F2280,사실,E1232,재언급,재언급,F2280,154,2026-08-13,472,ch48,d_main_48_06_e,뒤,,확실,확정,ch48,113,113
F2281,사실,F2281,처음 밝혀짐,드러냄,,128,2025-10-30,418,event_goddessfall1,event_goddessfall1_04_e,동시,,확실,확정,ch40–ch41,98,98
F2282,사실,F2282,처음 밝혀짐,드러냄,,128,2025-10-30,418,event_goddessfall1,event_goddessfall1_04_e,동시,,확실,확정,ch40–ch41,98,98
F2283,사실,E934,암시,암시,F2283,128,2025-10-30,418,event_goddessfall1,event_goddessfall1_01_e,동시,,확실,확정,ch40–ch41,98,98
F2283,사실,F2283,처음 밝혀짐,드러냄,,128,2025-10-30,418,event_goddessfall1,event_goddessfall1_05_s,동시,,확실,확정,ch40–ch41,98,98
F2283,사실,E967,재언급,재언급,F2283,128,2025-10-30,419,erelic:goddess_fall_mini,erelic:goddess_fall_mini_12,동시,,추정,확정,ch40–ch41,98,98
F2284,사실,F2284,처음 밝혀짐,드러냄,,128,2025-10-30,418,event_goddessfall1,event_goddessfall1_05_e,동시,,확실,확정,ch40–ch41,98,98
F2285,사실,F2285,처음 밝혀짐,드러냄,,128,2025-10-30,418,event_goddessfall1,event_goddessfall1_05_e,동시,,확실,확정,ch40–ch41,98,98
F2286,사실,F2286,처음 밝혀짐,드러냄,,128,2025-10-30,418,event_goddessfall1,event_goddessfall1_06_s,동시,,확실,확정,ch40–ch41,98,98
F2287,사실,E941,암시,암시,F2287,128,2025-10-30,418,event_goddessfall1,event_goddessfall1_05_s,동시,,확실,확정,ch40–ch41,98,98
F2287,사실,F2287,처음 밝혀짐,드러냄,,128,2025-10-30,418,event_goddessfall1,event_goddessfall1_06_s,동시,,확실,확정,ch40–ch41,98,98
F2288,사실,E945,암시,암시,F2288,128,2025-10-30,418,event_goddessfall1,event_goddessfall1_05_e,동시,,확실,확정,ch40–ch41,98,98
F2288,사실,F2288,처음 밝혀짐,드러냄,,128,2025-10-30,418,event_goddessfall1,event_goddessfall1_06_e,동시,,확실,확정,ch40–ch41,98,98
F2289,사실,F2289,처음 밝혀짐,드러냄,,128,2025-10-30,418,event_goddessfall1,event_goddessfall1_06_e,동시,,확실,확정,ch40–ch41,98,98
F2290,사실,E361,암시,암시,F2290,71,2024-04-11,288,side:second_affection,side:second_affection_04,앞,,추정,확정,ch14–ch15 ~ ch15,46,47
F2290,사실,F2290,처음 밝혀짐,드러냄,,128,2025-10-30,418,event_goddessfall1,event_goddessfall1_06_e,동시,,확실,확정,ch40–ch41,98,98
F2291,사실,F2291,처음 밝혀짐,드러냄,,128,2025-10-30,418,event_goddessfall1,event_goddessfall2_01_s,동시,,확실,확정,ch40–ch41,98,98
F2292,사실,E946,암시,암시,F2292,128,2025-10-30,418,event_goddessfall1,event_goddessfall1_05_e,동시,,추정,확정,ch40–ch41,98,98
F2292,사실,F2292,처음 밝혀짐,드러냄,,128,2025-10-30,418,event_goddessfall1,event_goddessfall2_01_e,동시,,확실,확정,ch40–ch41,98,98
F2293,사실,E946,암시,암시,F2293,128,2025-10-30,418,event_goddessfall1,event_goddessfall1_05_e,동시,,추정,확정,ch40–ch41,98,98
F2293,사실,F2293,처음 밝혀짐,드러냄,,128,2025-10-30,418,event_goddessfall1,event_goddessfall2_01_e,동시,,확실,확정,ch40–ch41,98,98
F2293,사실,E1109,재언급,재언급,F2293,144,2026-04-23,452,ch46,d_main_46_11,뒤,,확실,확정,ch46,109,109
F2294,사실,F2294,처음 밝혀짐,드러냄,,128,2025-10-30,418,event_goddessfall1,event_goddessfall2_01_e,동시,,확실,확정,ch40–ch41,98,98
F2295,사실,F2295,처음 밝혀짐,드러냄,,128,2025-10-30,418,event_goddessfall1,event_goddessfall2_02_s,동시,,확실,확정,ch40–ch41,98,98
F2296,사실,E949,암시,암시,F2296,128,2025-10-30,418,event_goddessfall1,event_goddessfall2_01_e,동시,,확실,확정,ch40–ch41,98,98
F2296,사실,F2296,처음 밝혀짐,드러냄,,128,2025-10-30,418,event_goddessfall1,event_goddessfall2_02_e,동시,,확실,확정,ch40–ch41,98,98
F2297,사실,E1286,암시,암시,F2297,17,2022-11-04,144,char:222,ep:d_nikke_hongryeon_05,앞,,추정,확정,ch17–ch18 ~ ch40–ch41,52,98
F2297,사실,E935,암시,암시,F2297,128,2025-10-30,418,event_goddessfall1,event_goddessfall1_01_e,동시,,확실,확정,ch40–ch41,98,98
F2297,사실,F2297,처음 밝혀짐,드러냄,,128,2025-10-30,418,event_goddessfall1,event_goddessfall2_03_s,동시,,확실,확정,ch40–ch41,98,98
F2297,사실,E960,재언급,재언급,F2297,128,2025-10-30,419,erelic:goddess_fall_mini,erelic:goddess_fall_mini_02,동시,,추정,확정,ch40–ch41,98,98
F2298,사실,F2298,처음 밝혀짐,드러냄,,128,2025-10-30,418,event_goddessfall1,event_goddessfall2_03_s,동시,,확실,확정,ch40–ch41,98,98
F2299,사실,F2299,처음 밝혀짐,드러냄,,128,2025-10-30,418,event_goddessfall1,event_goddessfall2_03_e,동시,,확실,확정,ch40–ch41,98,98
F2299,사실,E966,재언급,재언급,F2299,128,2025-10-30,419,erelic:goddess_fall_mini,erelic:goddess_fall_mini_12,동시,,추정,확정,ch40–ch41,98,98
F2300,사실,E413,암시,암시,F2300,73,2024-04-25,295,event_lastkingdom1,event_lastkingdom2_epilogue,앞,,추정,확정,ch26–ch27 ~,70,
F2300,사실,F2300,처음 밝혀짐,드러냄,,128,2025-10-30,418,event_goddessfall1,event_goddessfall2_03_e,동시,,확실,확정,ch40–ch41,98,98
F2301,사실,F2301,처음 밝혀짐,드러냄,,128,2025-10-30,418,event_goddessfall1,event_goddessfall2_03_e,동시,,확실,확정,ch40–ch41,98,98
F2302,사실,E953,암시,암시,F2302,128,2025-10-30,418,event_goddessfall1,event_goddessfall2_03_s,동시,,확실,확정,ch40–ch41,98,98
F2302,사실,F2302,처음 밝혀짐,드러냄,,128,2025-10-30,418,event_goddessfall1,event_goddessfall2_intermission_01,동시,,확실,확정,ch40–ch41,98,98
F2302,사실,E959,재언급,재언급,F2302,128,2025-10-30,419,erelic:goddess_fall_mini,erelic:goddess_fall_mini_02,동시,,추정,확정,ch40–ch41,98,98
F2302,사실,E965,재언급,재언급,F2302,128,2025-10-30,419,erelic:goddess_fall_mini,erelic:goddess_fall_mini_11,동시,,추정,확정,ch40–ch41,98,98
F2302,사실,E970,재언급,재언급,F2302,133,2025-12-30,428,fl:ark_guardian,fl:ark_guardian_00,뒤,,확실,확정,ch40–ch41 ~ ch41,98,99
F2303,사실,F2303,처음 밝혀짐,드러냄,,128,2025-10-30,418,event_goddessfall1,event_goddessfall2_intermission_01,동시,,확실,확정,ch40–ch41,98,98
F2304,사실,E950,암시,암시,F2304,128,2025-10-30,418,event_goddessfall1,event_goddessfall2_01_e,동시,,확실,확정,ch40–ch41,98,98
F2304,사실,F2304,처음 밝혀짐,드러냄,,128,2025-10-30,418,event_goddessfall1,event_goddessfall2_04_s,동시,,확실,확정,ch40–ch41,98,98
F2304,사실,E1229,재언급,재언급,F2304,154,2026-08-13,472,ch48,d_main_48_03,뒤,,확실,확정,ch48,113,113
F2305,사실,E938,암시,암시,F2305,128,2025-10-30,418,event_goddessfall1,event_goddessfall1_04_s,동시,,추정,확정,ch40–ch41,98,98
F2305,사실,E947,암시,암시,F2305,128,2025-10-30,418,event_goddessfall1,event_goddessfall1_06_s,동시,,확실,확정,ch40–ch41,98,98
F2305,사실,F2305,처음 밝혀짐,드러냄,,128,2025-10-30,418,event_goddessfall1,event_goddessfall2_04_s,동시,,확실,확정,ch40–ch41,98,98
F2306,사실,F2306,처음 밝혀짐,드러냄,,128,2025-10-30,418,event_goddessfall1,event_goddessfall2_04_e,동시,,확실,확정,ch40–ch41,98,98
F2307,사실,E398,암시,암시,F2307,73,2024-04-25,295,event_lastkingdom1,event_lastkingdom1_05_e,앞,,추정,확정,ch26–ch27 ~,70,
F2307,사실,F2307,처음 밝혀짐,드러냄,,128,2025-10-30,418,event_goddessfall1,event_goddessfall2_04_e,동시,,확실,확정,ch40–ch41,98,98
F2308,사실,F2308,처음 밝혀짐,드러냄,,128,2025-10-30,418,event_goddessfall1,event_goddessfall2_04_e,동시,,확실,확정,ch40–ch41,98,98
F2309,사실,E948,암시,암시,F2309,128,2025-10-30,418,event_goddessfall1,event_goddessfall2_01_e,동시,,확실,확정,ch40–ch41,98,98
F2309,사실,F2309,처음 밝혀짐,드러냄,,128,2025-10-30,418,event_goddessfall1,event_goddessfall2_05_s,동시,,확실,확정,ch40–ch41,98,98
F2310,사실,E936,암시,암시,F2310,128,2025-10-30,418,event_goddessfall1,event_goddessfall1_02_s,동시,,확실,확정,ch40–ch41,98,98
F2310,사실,F2310,처음 밝혀짐,드러냄,,128,2025-10-30,418,event_goddessfall1,event_goddessfall2_05_s,동시,,확실,확정,ch40–ch41,98,98
F2311,사실,F2311,처음 밝혀짐,드러냄,,128,2025-10-30,418,event_goddessfall1,event_goddessfall2_05_e,동시,,확실,확정,ch40–ch41,98,98
F2312,사실,E933,암시,암시,F2312,128,2025-10-30,418,event_goddessfall1,event_goddessfall1_01_e,동시,,확실,확정,ch40–ch41,98,98
F2312,사실,E952,암시,암시,F2312,128,2025-10-30,418,event_goddessfall1,event_goddessfall2_01_s,동시,,추정,확정,ch40–ch41,98,98
F2312,사실,F2312,처음 밝혀짐,드러냄,,128,2025-10-30,418,event_goddessfall1,event_goddessfall2_06_s,동시,,확실,확정,ch40–ch41,98,98
F2312,사실,E1020,재언급,재언급,F2312,138,2026-02-12,436,ch44,d_main_44_04,뒤,,확실,확정,ch44,105,105
F2313,사실,F2313,처음 밝혀짐,드러냄,,128,2025-10-30,418,event_goddessfall1,event_goddessfall2_06_e,동시,,확실,확정,ch40–ch41,98,98
F2313,사실,E1623,재언급,재언급,F2313,128,2025-10-30,420,char:223,ep:d_nikke_nayuta_03,동시,,추정,확정,ch39,95,95
F2314,사실,F2314,처음 밝혀짐,드러냄,,128,2025-10-30,418,event_goddessfall1,event_goddessfall2_06_e,동시,,확실,확정,ch40–ch41,98,98
F2315,사실,F2315,처음 밝혀짐,드러냄,,128,2025-10-30,418,event_goddessfall1,event_goddessfall2_06_e,동시,,확실,확정,ch40–ch41,98,98
F2315,사실,E968,재언급,재언급,F2315,128,2025-10-30,419,erelic:goddess_fall_mini,erelic:goddess_fall_mini_12,동시,,확실,확정,ch40–ch41,98,98
F2315,사실,E1095,재언급,재언급,F2315,144,2026-04-23,452,ch46,d_main_46_03,뒤,,확실,확정,ch46,109,109
F2316,사실,F2316,처음 밝혀짐,드러냄,,128,2025-10-30,418,event_goddessfall1,event_goddessfall2_06_e,동시,,확실,확정,ch40–ch41,98,98
F2317,사실,F2317,처음 밝혀짐,드러냄,,128,2025-10-30,418,event_goddessfall1,event_goddessfall2_epilogue,동시,,확실,확정,ch40–ch41,98,98
F2317,사실,E1020,재언급,재언급,F2317,138,2026-02-12,436,ch44,d_main_44_04,뒤,,확실,확정,ch44,105,105
F2318,사실,E947,암시,암시,F2318,128,2025-10-30,418,event_goddessfall1,event_goddessfall1_06_s,동시,,확실,확정,ch40–ch41,98,98
F2318,사실,F2318,처음 밝혀짐,드러냄,,128,2025-10-30,418,event_goddessfall1,event_goddessfall2_epilogue,동시,,확실,확정,ch40–ch41,98,98
F2318,사실,E1621,재언급,재언급,F2318,128,2025-10-30,420,char:223,ep:d_nikke_nayuta_02,동시,,추정,확정,ch39,95,95
F2319,사실,F2319,처음 밝혀짐,드러냄,,128,2025-10-30,418,event_goddessfall1,event_goddessfall2_epilogue,동시,,확실,확정,ch40–ch41,98,98
F2320,사실,F2320,처음 밝혀짐,드러냄,,128,2025-10-30,418,event_goddessfall1,event_goddessfall2_epilogue,동시,,확실,확정,ch40–ch41,98,98
F2320,사실,E1108,재언급,재언급,F2320,144,2026-04-23,452,ch46,d_main_46_11,뒤,,확실,확정,ch46,109,109
F2321,사실,F2321,처음 밝혀짐,드러냄,,128,2025-10-30,418,event_goddessfall1,event_goddessfall2_epilogue,동시,,확실,확정,ch40–ch41,98,98
F2322,사실,F2322,처음 밝혀짐,드러냄,,128,2025-10-30,418,event_goddessfall1,event_goddessfall2_epilogue,동시,,확실,확정,ch40–ch41,98,98
F2323,사실,F2323,처음 밝혀짐,드러냄,,128,2025-10-30,419,erelic:goddess_fall_mini,erelic:goddess_fall_mini_01,동시,,확실,확정,ch40–ch41,98,98
F2324,사실,F2324,처음 밝혀짐,드러냄,,128,2025-10-30,419,erelic:goddess_fall_mini,erelic:goddess_fall_mini_01,동시,,확실,확정,ch40–ch41,98,98
F2325,사실,E1281,암시,암시,F2325,17,2022-11-04,143,char:230,ep:d_nikke_harran_01,앞,,추정,확정,ch19–ch20 ~ ch40–ch41,56,98
F2325,사실,E1282,암시,암시,F2325,17,2022-11-04,143,char:230,ep:d_nikke_harran_04,앞,,추정,확정,ch19–ch20 ~ ch40–ch41,56,98
F2325,사실,F2325,처음 밝혀짐,드러냄,,128,2025-10-30,419,erelic:goddess_fall_mini,erelic:goddess_fall_mini_02,동시,,확실,확정,ch40–ch41,98,98
F2326,사실,F2326,처음 밝혀짐,드러냄,,128,2025-10-30,419,erelic:goddess_fall_mini,erelic:goddess_fall_mini_02,동시,,확실,확정,ch40–ch41,98,98
F2327,사실,E1277,암시,암시,F2327,17,2022-11-04,136,char:231,ep:d_nikke_isabel_04,앞,,추정,확정,ch21–ch22 ~ ch40–ch41,60,98
F2327,사실,F2327,처음 밝혀짐,드러냄,,128,2025-10-30,419,erelic:goddess_fall_mini,erelic:goddess_fall_mini_03,동시,,확실,확정,ch40–ch41,98,98
F2328,사실,F2328,처음 밝혀짐,드러냄,,128,2025-10-30,419,erelic:goddess_fall_mini,erelic:goddess_fall_mini_03,동시,,확실,확정,ch40–ch41,98,98
F2329,사실,F2329,처음 밝혀짐,드러냄,,128,2025-10-30,419,erelic:goddess_fall_mini,erelic:goddess_fall_mini_04,동시,,확실,확정,ch40–ch41,98,98
F2330,사실,E1250,암시,암시,F2330,17,2022-11-04,96,char:232,ep:d_nikke_noah_01,앞,,확실,확정,ch19–ch20 ~ ch40–ch41,56,98
F2330,사실,E160,암시,암시,F2330,35,2023-04-27,191,ch21,d_main_21_07_s,앞,,추정,확정,ch21,59,59
F2330,사실,E161,암시,암시,F2330,35,2023-04-27,191,ch21,d_main_21_09_s,앞,,추정,확정,ch21,59,59
F2330,사실,E942,암시,암시,F2330,128,2025-10-30,418,event_goddessfall1,event_goddessfall1_05_s,동시,,추정,확정,ch40–ch41,98,98
F2330,사실,F2330,처음 밝혀짐,드러냄,,128,2025-10-30,419,erelic:goddess_fall_mini,erelic:goddess_fall_mini_05,동시,,확실,확정,ch40–ch41,98,98
F2331,사실,F2331,처음 밝혀짐,드러냄,,128,2025-10-30,419,erelic:goddess_fall_mini,erelic:goddess_fall_mini_06,동시,,확실,확정,ch40–ch41,98,98
F2332,사실,F2332,처음 밝혀짐,드러냄,,128,2025-10-30,419,erelic:goddess_fall_mini,erelic:goddess_fall_mini_07,동시,,확실,확정,ch40–ch41,98,98
F2332,사실,E1027,재언급,재언급,F2332,138,2026-02-12,436,ch44,d_main_44_af_03,뒤,,확실,확정,ch44,105,105
F2333,사실,E961,암시,암시,F2333,128,2025-10-30,419,erelic:goddess_fall_mini,erelic:goddess_fall_mini_03,동시,,추정,확정,ch40–ch41,98,98
F2333,사실,F2333,처음 밝혀짐,드러냄,,128,2025-10-30,419,erelic:goddess_fall_mini,erelic:goddess_fall_mini_07,동시,,확실,확정,ch40–ch41,98,98
F2334,사실,E158,암시,암시,F2334,35,2023-04-27,191,ch21,d_main_21_02_e,앞,,추정,확정,ch21,59,59
F2334,사실,F2334,처음 밝혀짐,드러냄,,128,2025-10-30,419,erelic:goddess_fall_mini,erelic:goddess_fall_mini_09,동시,,확실,확정,ch40–ch41,98,98
F2334,사실,E1185,재언급,재언급,F2334,151,2026-07-23,467,fl:project_matis,fl:project_matis_01,뒤,,확실,확정,ch46–ch47 ~,110,
F2335,사실,E886,암시,암시,F2335,126,2025-10-16,411,side:eden_spear,side:eden_spear_01,앞,,확실,확정,ch21–ch22 ~ ch22–ch23 / ch24–ch25 ~ ch25 / ch25–ch26 ~ ch39 / ch39,60,95
F2335,사실,F2335,처음 밝혀짐,드러냄,,128,2025-10-30,419,erelic:goddess_fall_mini,erelic:goddess_fall_mini_09,동시,,확실,확정,ch40–ch41,98,98
F2336,사실,F2336,처음 밝혀짐,드러냄,,128,2025-10-30,419,erelic:goddess_fall_mini,erelic:goddess_fall_mini_10,동시,,확실,확정,ch40–ch41,98,98
F2337,사실,F2337,처음 밝혀짐,드러냄,,128,2025-10-30,419,erelic:goddess_fall_mini,erelic:goddess_fall_mini_11,동시,,확실,확정,ch40–ch41,98,98
F2338,사실,F2338,처음 밝혀짐,드러냄,,128,2025-10-30,419,erelic:goddess_fall_mini,erelic:goddess_fall_mini_11,동시,,확실,확정,ch40–ch41,98,98
F2339,사실,F2339,처음 밝혀짐,드러냄,,128,2025-10-30,419,erelic:goddess_fall_mini,erelic:goddess_fall_mini_12,동시,,확실,확정,ch40–ch41,98,98
F2340,사실,F2340,처음 밝혀짐,드러냄,,128,2025-10-30,420,char:223,ep:d_nikke_nayuta_02,동시,,확실,확정,ch39,95,95
F2341,사실,F2341,처음 밝혀짐,드러냄,,128,2025-10-30,420,char:223,ep:d_nikke_nayuta_03,동시,,확실,확정,ch39,95,95
F2342,사실,F2342,처음 밝혀짐,드러냄,,128,2025-10-30,421,char:331,ep:d_nikke_chime_03,동시,,확실,확정,ch26,69,69
F2343,사실,F2343,처음 밝혀짐,드러냄,,128,2025-10-30,421,char:331,ep:d_nikke_chime_05,동시,,확실,확정,ch26,69,69
F2344,사실,F2344,처음 밝혀짐,드러냄,,129,2025-11-06,422,char:262,ep:d_nikke_liberalio_01,동시,,확실,확정,ch41,99,99
F2345,사실,F2345,처음 밝혀짐,드러냄,,129,2025-11-06,422,char:262,ep:d_nikke_liberalio_03,동시,,확실,확정,ch41,99,99
F2346,사실,F2346,처음 밝혀짐,드러냄,,130,2025-11-20,423,fl:blank_ticket,fl:blank_ticket_00,동시,,확실,확정,ch13–ch14 ~,44,
F2347,사실,F2347,처음 밝혀짐,드러냄,,130,2025-11-20,423,fl:blank_ticket,fl:blank_ticket_10,동시,,확실,확정,ch13–ch14 ~,44,
F2347,사실,E1457,재언급,재언급,F2347,131,2025-12-04,425,fl:terminus_ticket,fl:terminus_ticket_17,뒤,,확실,확정,ch13–ch14 ~,44,
F2348,사실,F2348,처음 밝혀짐,드러냄,,130,2025-11-20,423,fl:blank_ticket,fl:blank_ticket_13,동시,,확실,확정,ch13–ch14 ~,44,
F2348,사실,E1449,재언급,재언급,F2348,131,2025-12-04,425,fl:terminus_ticket,fl:terminus_ticket_00,뒤,,확실,확정,ch13–ch14 ~,44,
F2349,사실,F2349,처음 밝혀짐,드러냄,,130,2025-11-20,423,fl:blank_ticket,fl:blank_ticket_03,동시,,확실,확정,ch13–ch14 ~,44,
F2350,사실,F2350,처음 밝혀짐,드러냄,,130,2025-11-20,423,fl:blank_ticket,fl:blank_ticket_14,동시,,확실,확정,ch13–ch14 ~,44,
F2351,사실,F2351,처음 밝혀짐,드러냄,,131,2025-12-04,425,fl:terminus_ticket,fl:terminus_ticket_01,동시,,확실,확정,ch13–ch14 ~,44,
F2352,사실,F2352,처음 밝혀짐,드러냄,,131,2025-12-04,425,fl:terminus_ticket,fl:terminus_ticket_03,동시,,확실,확정,ch13–ch14 ~,44,
F2353,사실,E1447,암시,암시,F2353,130,2025-11-20,423,fl:blank_ticket,fl:blank_ticket_02,앞,,추정,확정,ch13–ch14 ~,44,
F2353,사실,F2353,처음 밝혀짐,드러냄,,131,2025-12-04,425,fl:terminus_ticket,fl:terminus_ticket_08,동시,,확실,확정,ch13–ch14 ~,44,
F2354,사실,E1443,암시,암시,F2354,130,2025-11-20,423,fl:blank_ticket,fl:blank_ticket_05,앞,,확실,확정,ch13–ch14 ~,44,
F2354,사실,E1450,암시,암시,F2354,131,2025-12-04,425,fl:terminus_ticket,fl:terminus_ticket_04,동시,,추정,확정,ch13–ch14 ~,44,
F2354,사실,E1456,암시,암시,F2354,131,2025-12-04,425,fl:terminus_ticket,fl:terminus_ticket_16,동시,,확실,확정,ch13–ch14 ~,44,
F2354,사실,F2354,처음 밝혀짐,드러냄,,131,2025-12-04,425,fl:terminus_ticket,fl:terminus_ticket_18,동시,,확실,확정,ch13–ch14 ~,44,
F2355,사실,E93,암시,암시,F2355,14,2022-11-04,78,sub:철도로GO_00,sub:철도로GO_00,앞,,추정,확정,ch13–ch14 ~,44,
F2355,사실,F2355,처음 밝혀짐,드러냄,,131,2025-12-04,425,fl:terminus_ticket,fl:terminus_ticket_21,동시,,확실,확정,ch13–ch14 ~,44,
F2356,사실,E1448,암시,암시,F2356,130,2025-11-20,423,fl:blank_ticket,fl:blank_ticket_11,앞,,확실,확정,ch13–ch14 ~,44,
F2356,사실,E1451,암시,암시,F2356,131,2025-12-04,425,fl:terminus_ticket,fl:terminus_ticket_07,동시,,추정,확정,ch13–ch14 ~,44,
F2356,사실,F2356,처음 밝혀짐,드러냄,,131,2025-12-04,425,fl:terminus_ticket,fl:terminus_ticket_26,동시,,확실,확정,ch13–ch14 ~,44,
F2357,사실,F2357,처음 밝혀짐,드러냄,,133,2025-12-30,428,fl:ark_guardian,fl:ark_guardian_00,동시,,확실,확정,ch40–ch41 ~ ch41,98,99
F2357,사실,F2357-2,보강,드러냄,,138,2026-02-12,436,ch44,d_main_44_05,뒤,,확실,확정,ch44,105,105
F2357,사실,E1089,재언급,재언급,F2357,143,2026-04-23,450,ch45,d_main_45_09,뒤,,확실,확정,ch45,107,107
F2358,사실,E293,암시,암시,F2358,55,2023-11-02,248,event_redash,event_redash2_02_s,앞,,확실,확정,@갓데스_투입 ~ @갓데스_투입–@궤도_엘리베이터_강습 / @궤도_엘리베이터_강습–@아크_가디언_작전 ~ @아크_가디언_작전–@방주_밀봉 / @2차_지상_탈환전–ch00,3,16
F2358,사실,E297,암시,암시,F2358,55,2023-11-02,248,event_redash,event_redash2_intermission_01,앞,,추정,확정,@갓데스_투입 ~ @갓데스_투입–@궤도_엘리베이터_강습 / @궤도_엘리베이터_강습–@아크_가디언_작전 ~ @아크_가디언_작전–@방주_밀봉 / @2차_지상_탈환전–ch00,3,16
F2358,사실,E978,재언급,재언급,F2358,133,2025-12-30,428,fl:ark_guardian,fl:ark_guardian_13,동시,,확실,확정,ch40–ch41 ~ ch41,98,99
F2358,사실,F2358,처음 밝혀짐,드러냄,,133,2025-12-30,428,fl:ark_guardian,fl:ark_guardian_03,동시,,확실,확정,ch40–ch41 ~ ch41,98,99
F2359,사실,F2359,처음 밝혀짐,드러냄,,133,2025-12-30,428,fl:ark_guardian,fl:ark_guardian_05,동시,,확실,확정,ch40–ch41 ~ ch41,98,99
F2360,사실,F2360,처음 밝혀짐,드러냄,,133,2025-12-30,428,fl:ark_guardian,fl:ark_guardian_05,동시,,확실,확정,ch40–ch41 ~ ch41,98,99
F2361,사실,F2361,처음 밝혀짐,드러냄,,133,2025-12-30,428,fl:ark_guardian,fl:ark_guardian_06,동시,,확실,확정,ch40–ch41 ~ ch41,98,99
F2361,사실,E1056,재언급,재언급,F2361,142,2026-04-09,447,side:pretty_star,side:pretty_star_05,뒤,,확실,확정,@갓데스_폴–@2차_지상_탈환전 / @갓데스_폴–@2차_지상_탈환전 ~ @2차_지상_탈환전–ch00,14,16
F2361,사실,E1063,재언급,재언급,F2361,142,2026-04-09,447,side:pretty_star,side:pretty_star_13,뒤,,확실,확정,@갓데스_폴–@2차_지상_탈환전 / @갓데스_폴–@2차_지상_탈환전 ~ @2차_지상_탈환전–ch00,14,16
F2362,사실,E971,암시,암시,F2362,133,2025-12-30,428,fl:ark_guardian,fl:ark_guardian_01,동시,,확실,확정,ch40–ch41 ~ ch41,98,99
F2362,사실,F2362,처음 밝혀짐,드러냄,,133,2025-12-30,428,fl:ark_guardian,fl:ark_guardian_13,동시,,확실,확정,ch40–ch41 ~ ch41,98,99
F2363,사실,E979,암시,암시,F2363,133,2025-12-30,428,fl:ark_guardian,fl:ark_guardian_13,동시,,확실,확정,ch40–ch41 ~ ch41,98,99
F2363,사실,F2363,처음 밝혀짐,드러냄,,133,2025-12-30,428,fl:ark_guardian,fl:ark_guardian_16,동시,,확실,확정,ch40–ch41 ~ ch41,98,99
F2363,사실,E1086,재언급,재언급,F2363,143,2026-04-23,450,ch45,d_main_45_05,뒤,,확실,확정,ch45,107,107
F2364,사실,E119,암시,암시,F2364,19,2022-11-24,148,ch17,d_main_17_08,앞,,확실,확정,ch17,51,51
F2364,사실,E974,암시,암시,F2364,133,2025-12-30,428,fl:ark_guardian,fl:ark_guardian_04,동시,,확실,확정,ch40–ch41 ~ ch41,98,99
F2364,사실,F2364,처음 밝혀짐,드러냄,,133,2025-12-30,428,fl:ark_guardian,fl:ark_guardian_16,동시,,확실,확정,ch40–ch41 ~ ch41,98,99
F2364,사실,E1011,재언급,재언급,F2364,137,2026-02-12,434,ch43,d_main_43_11,뒤,,확실,확정,ch43,103,103
F2365,사실,F2365,처음 밝혀짐,드러냄,,133,2025-12-30,428,fl:ark_guardian,fl:ark_guardian_17,동시,,확실,확정,ch40–ch41 ~ ch41,98,99
F2366,사실,F2366,처음 밝혀짐,드러냄,,133,2025-12-30,428,fl:ark_guardian,fl:ark_guardian_16,동시,,확실,확정,ch40–ch41 ~ ch41,98,99
F2367,사실,F2367,처음 밝혀짐,드러냄,,133,2025-12-30,428,fl:ark_guardian,fl:ark_guardian_18,동시,,확실,확정,ch40–ch41 ~ ch41,98,99
F2368,사실,E1309,암시,암시,F2368,36,2023-04-27,205,char:233,ep:d_nikke_dorothy_03,앞,,추정,확정,ch20–ch21 ~ ch21–ch22,58,60
F2368,사실,F2368,처음 밝혀짐,드러냄,,133,2025-12-30,428,fl:ark_guardian,fl:ark_guardian_20,동시,,확실,확정,ch40–ch41 ~ ch41,98,99
F2369,사실,E778,암시,암시,F2369,115,2025-07-03,391,event_overthehorizon,event_overthehorizon_01_e,앞,,확실,확정,~ ch25–ch26 / ch26–ch27 ~,,
F2369,사실,F2369,처음 밝혀짐,드러냄,,133,2025-12-30,428,fl:ark_guardian,fl:ark_guardian_07,동시,,확실,확정,ch40–ch41 ~ ch41,98,99
F2370,사실,F2370,처음 밝혀짐,드러냄,,133,2025-12-30,428,fl:ark_guardian,fl:ark_guardian_24,동시,,확실,확정,ch40–ch41 ~ ch41,98,99
F2371,사실,E981,암시,암시,F2371,133,2025-12-30,428,fl:ark_guardian,fl:ark_guardian_14,동시,,추정,확정,ch40–ch41 ~ ch41,98,99
F2371,사실,F2371,처음 밝혀짐,드러냄,,133,2025-12-30,428,fl:ark_guardian,fl:ark_guardian_24,동시,,확실,확정,ch40–ch41 ~ ch41,98,99
F2372,사실,E976,암시,암시,F2372,133,2025-12-30,428,fl:ark_guardian,fl:ark_guardian_11,동시,,확실,확정,ch40–ch41 ~ ch41,98,99
F2372,사실,F2372,처음 밝혀짐,드러냄,,133,2025-12-30,428,fl:ark_guardian,fl:ark_guardian_25,동시,,확실,확정,ch40–ch41 ~ ch41,98,99
F2373,사실,E26,암시,암시,F2373,5,2022-11-04,8,ch04,d_main_04af_03,앞,,추정,확정,ch04,25,25
F2373,사실,E1256,암시,암시,F2373,17,2022-11-04,101,char:72,ep:d_nikke_diesel_03,앞,,추정,확정,ch13–ch14 ~,44,
F2373,사실,E1257,암시,암시,F2373,17,2022-11-04,102,char:221,ep:d_nikke_rapunzel_04,앞,,추정,확정,ch06–ch07 ~ ch16–ch17,30,50
F2373,사실,E120,암시,암시,F2373,19,2022-11-24,148,ch17,d_main_17_08,앞,,확실,확정,ch17,51,51
F2373,사실,E1308,암시,암시,F2373,36,2023-04-27,205,char:233,ep:d_nikke_dorothy_05,앞,,확실,확정,ch20–ch21 ~ ch21–ch22,58,60
F2373,사실,E257,암시,암시,F2373,54,2023-11-02,241,ch25,d_main_25_04,앞,,확실,확정,ch25,67,67
F2373,사실,E273,암시,암시,F2373,55,2023-11-02,244,ch26,d_main_26_10,앞,,추정,확정,ch26,69,69
F2373,사실,E588,암시,암시,F2373,101,2025-02-20,358,ch35,d_main_35bf_03,앞,,추정,확정,ch35,87,87
F2373,사실,E993,암시,암시,F2373,133,2025-12-30,428,fl:ark_guardian,fl:ark_guardian_22,동시,,추정,확정,ch40–ch41 ~ ch41,98,99
F2373,사실,F2373,처음 밝혀짐,드러냄,,133,2025-12-30,428,fl:ark_guardian,fl:ark_guardian_25,동시,,확실,확정,ch40–ch41 ~ ch41,98,99
F2373,사실,E1238,재언급,재언급,F2373,154,2026-08-13,472,ch48,d_main_48_07,뒤,,확실,확정,ch48,113,113
F2374,사실,E992,암시,암시,F2374,133,2025-12-30,428,fl:ark_guardian,fl:ark_guardian_20,동시,,추정,확정,ch40–ch41 ~ ch41,98,99
F2374,사실,F2374,처음 밝혀짐,드러냄,,133,2025-12-30,428,fl:ark_guardian,fl:ark_guardian_25,동시,,확실,확정,ch40–ch41 ~ ch41,98,99
F2375,사실,E123,암시,암시,F2375,19,2022-11-24,148,ch17,d_main_17_11,앞,,확실,확정,ch17,51,51
F2375,사실,E198,암시,암시,F2375,36,2023-04-27,203,event_overzone,event_overzone2_03_s,앞,,추정,확정,@2차_지상_탈환전–ch00,16,16
F2375,사실,E975,암시,암시,F2375,133,2025-12-30,428,fl:ark_guardian,fl:ark_guardian_09,동시,,추정,확정,ch40–ch41 ~ ch41,98,99
F2375,사실,E989,암시,암시,F2375,133,2025-12-30,428,fl:ark_guardian,fl:ark_guardian_18,동시,,추정,확정,ch40–ch41 ~ ch41,98,99
F2375,사실,F2375,처음 밝혀짐,드러냄,,133,2025-12-30,428,fl:ark_guardian,fl:ark_guardian_26,동시,,확실,확정,ch40–ch41 ~ ch41,98,99
F2376,사실,F2376,처음 밝혀짐,드러냄,,133,2025-12-30,428,fl:ark_guardian,fl:ark_guardian_26,동시,,확실,확정,ch40–ch41 ~ ch41,98,99
F2376,사실,E1057,재언급,재언급,F2376,142,2026-04-09,447,side:pretty_star,side:pretty_star_08,뒤,,확실,확정,@갓데스_폴–@2차_지상_탈환전 / @갓데스_폴–@2차_지상_탈환전 ~ @2차_지상_탈환전–ch00,14,16
F2376,사실,E1061,재언급,재언급,F2376,142,2026-04-09,447,side:pretty_star,side:pretty_star_11,뒤,,확실,확정,@갓데스_폴–@2차_지상_탈환전 / @갓데스_폴–@2차_지상_탈환전 ~ @2차_지상_탈환전–ch00,14,16
F2376,사실,E1115,재언급,재언급,F2376,144,2026-04-23,452,ch46,d_main_46_af_06,뒤,,확실,확정,ch46,109,109
F2377,사실,E971,암시,암시,F2377,133,2025-12-30,428,fl:ark_guardian,fl:ark_guardian_01,동시,,확실,확정,ch40–ch41 ~ ch41,98,99
F2377,사실,E980,암시,암시,F2377,133,2025-12-30,428,fl:ark_guardian,fl:ark_guardian_14,동시,,확실,확정,ch40–ch41 ~ ch41,98,99
F2377,사실,E982,암시,암시,F2377,133,2025-12-30,428,fl:ark_guardian,fl:ark_guardian_15,동시,,확실,확정,ch40–ch41 ~ ch41,98,99
F2377,사실,F2377,처음 밝혀짐,드러냄,,133,2025-12-30,428,fl:ark_guardian,fl:ark_guardian_26,동시,,확실,확정,ch40–ch41 ~ ch41,98,99
F2377,사실,F2377-2,보강,드러냄,,144,2026-04-23,452,ch46,d_main_46_07,뒤,,확실,확정,ch46,109,109
F2378,사실,F2378,처음 밝혀짐,드러냄,,133,2025-12-30,428,fl:ark_guardian,fl:ark_guardian_12,동시,,확실,확정,ch40–ch41 ~ ch41,98,99
F2379,사실,F2379,처음 밝혀짐,드러냄,,134,2026-01-01,429,char:471,ep:d_nikke_snowwhite_heavyarms_02,동시,,확실,확정,ch40–ch41 ~,98,
F2380,사실,F2380,처음 밝혀짐,드러냄,,135,2026-01-15,430,fl:sin_editor,fl:sin_editor_02,동시,,확실,확정,,,
F2381,사실,F2381,처음 밝혀짐,드러냄,,135,2026-01-15,430,fl:sin_editor,fl:sin_editor_02,동시,,확실,확정,,,
F2382,사실,F2382,처음 밝혀짐,드러냄,,135,2026-01-15,430,fl:sin_editor,fl:sin_editor_14,동시,,확실,확정,,,
F2383,사실,E722,암시,암시,F2383,111,2025-05-15,383,event_arcanearchive,event_arcanearchive_04_e,앞,,추정,확정,ch26–ch27 ~,70,
F2383,사실,E1000,재언급,재언급,F2383,135,2026-01-15,430,fl:sin_editor,fl:sin_editor_13,동시,,확실,확정,,,
F2383,사실,E1001,재언급,재언급,F2383,135,2026-01-15,430,fl:sin_editor,fl:sin_editor_13,동시,,확실,확정,,,
F2383,사실,F2383,처음 밝혀짐,드러냄,,135,2026-01-15,430,fl:sin_editor,fl:sin_editor_00,동시,,확실,확정,,,
F2384,사실,F2384,처음 밝혀짐,드러냄,,135,2026-01-15,430,fl:sin_editor,fl:sin_editor_04,동시,,확실,확정,,,
F2385,사실,F2385,처음 밝혀짐,드러냄,,135,2026-01-15,430,fl:sin_editor,fl:sin_editor_12,동시,,확실,확정,,,
F2386,사실,F2386,처음 밝혀짐,드러냄,,135,2026-01-15,430,fl:sin_editor,fl:sin_editor_14,동시,,확실,확정,,,
F2387,사실,F2387,처음 밝혀짐,드러냄,,136,2026-01-29,432,fl:fatal_maid,fl:fatal_maid_00,동시,,확실,확정,ch22–ch23 ~,62,
F2388,사실,E1465,암시,암시,F2388,136,2026-01-29,432,fl:fatal_maid,fl:fatal_maid_03,동시,,확실,확정,ch22–ch23 ~,62,
F2388,사실,E1470,재언급,재언급,F2388,136,2026-01-29,432,fl:fatal_maid,fl:fatal_maid_13,동시,,추정,확정,ch22–ch23 ~,62,
F2388,사실,F2388,처음 밝혀짐,드러냄,,136,2026-01-29,432,fl:fatal_maid,fl:fatal_maid_04,동시,,확실,확정,ch22–ch23 ~,62,
F2389,사실,E862,암시,암시,F2389,122,2025-09-04,404,fl:coins_in_rush,fl:coins_in_rush_17,앞,,확실,확정,ch22–ch23 ~,62,
F2389,사실,E867,암시,암시,F2389,122,2025-09-04,404,fl:coins_in_rush,fl:coins_in_rush_24,앞,,추정,확정,ch22–ch23 ~,62,
F2389,사실,F2389,처음 밝혀짐,드러냄,,136,2026-01-29,432,fl:fatal_maid,fl:fatal_maid_04,동시,,확실,확정,ch22–ch23 ~,62,
F2390,사실,E1467,암시,암시,F2390,136,2026-01-29,432,fl:fatal_maid,fl:fatal_maid_08,동시,,확실,확정,ch22–ch23 ~,62,
F2390,사실,F2390,처음 밝혀짐,드러냄,,136,2026-01-29,432,fl:fatal_maid,fl:fatal_maid_09,동시,,확실,확정,ch22–ch23 ~,62,
F2390,사실,E1562,재언급,재언급,F2390,154,2026-08-13,474,fl:persona_on_frontline,fl:persona_on_frontline_07,뒤,,확실,확정,ch22–ch23 ~,62,
F2390,사실,E1566,재언급,재언급,F2390,154,2026-08-13,474,fl:persona_on_frontline,fl:persona_on_frontline_13,뒤,,확실,확정,ch22–ch23 ~,62,
F2390,사실,E1580,재언급,재언급,F2390,154,2026-08-13,474,fl:persona_on_frontline,fl:persona_on_frontline_25,뒤,,확실,확정,ch22–ch23 ~,62,
F2391,사실,F2391,처음 밝혀짐,드러냄,,136,2026-01-29,432,fl:fatal_maid,fl:fatal_maid_11,동시,,확실,확정,ch22–ch23 ~,62,
F2391,사실,E1573,재언급,재언급,F2391,154,2026-08-13,474,fl:persona_on_frontline,fl:persona_on_frontline_19,뒤,,확실,확정,ch22–ch23 ~,62,
F2392,사실,E1464,암시,암시,F2392,136,2026-01-29,432,fl:fatal_maid,fl:fatal_maid_00,동시,,확실,확정,ch22–ch23 ~,62,
F2392,사실,F2392,처음 밝혀짐,드러냄,,136,2026-01-29,432,fl:fatal_maid,fl:fatal_maid_12,동시,,확실,확정,ch22–ch23 ~,62,
F2393,사실,F2393,처음 밝혀짐,드러냄,,136,2026-01-29,432,fl:fatal_maid,fl:fatal_maid_02,동시,,확실,확정,ch22–ch23 ~,62,
F2394,사실,F2394,처음 밝혀짐,드러냄,,137,2026-02-12,434,ch43,d_main_43_01,동시,,확실,확정,ch43,103,103
F2395,사실,F2395,처음 밝혀짐,드러냄,,137,2026-02-12,434,ch43,d_main_43_02,동시,,확실,확정,ch43,103,103
F2396,사실,F2396,처음 밝혀짐,드러냄,,137,2026-02-12,434,ch43,d_main_43_03,동시,,확실,확정,ch43,103,103
F2396,사실,E1522,재언급,재언급,F2396,145,2026-04-30,457,char:18,ep:d_nikke_neon_visioneye_02,뒤,,확실,확정,ch44–ch45 ~,106,
F2397,사실,F2397,처음 밝혀짐,드러냄,,137,2026-02-12,434,ch43,d_main_43_04,동시,,확실,확정,ch43,103,103
F2398,사실,F2398,처음 밝혀짐,드러냄,,137,2026-02-12,434,ch43,d_main_43_06,동시,,확실,확정,ch43,103,103
F2399,사실,E805,암시,암시,F2399,118,2025-08-07,396,ch39,d_main_39_af_04,앞,,추정,확정,ch39,95,95
F2399,사실,E825,암시,암시,F2399,119,2025-08-07,398,ch40,d_main_40_af_04,앞,,추정,확정,ch40,97,97
F2399,사실,E1005,암시,암시,F2399,137,2026-02-12,434,ch43,d_main_43_03,동시,,확실,확정,ch43,103,103
F2399,사실,E1007,암시,암시,F2399,137,2026-02-12,434,ch43,d_main_43_05,동시,,확실,확정,ch43,103,103
F2399,사실,F2399,처음 밝혀짐,드러냄,,137,2026-02-12,434,ch43,d_main_43_10,동시,,확실,확정,ch43,103,103
F2400,사실,F2400,처음 밝혀짐,드러냄,,137,2026-02-12,434,ch43,d_main_43_11,동시,,확실,확정,ch43,103,103
F2401,사실,F2401,처음 밝혀짐,드러냄,,137,2026-02-12,434,ch43,d_main_43_11,동시,,확실,확정,ch43,103,103
F2402,사실,F2402,처음 밝혀짐,드러냄,,137,2026-02-12,434,ch43,d_main_43_11,동시,,확실,확정,ch43,103,103
F2403,사실,E986,암시,암시,F2403,133,2025-12-30,428,fl:ark_guardian,fl:ark_guardian_17,앞,,추정,확정,ch40–ch41 ~ ch41,98,99
F2403,사실,E1002,암시,암시,F2403,137,2026-02-12,434,ch43,d_main_43_02,동시,,확실,확정,ch43,103,103
F2403,사실,E1003,암시,암시,F2403,137,2026-02-12,434,ch43,d_main_43_03,동시,,확실,확정,ch43,103,103
F2403,사실,F2403,처음 밝혀짐,드러냄,,137,2026-02-12,434,ch43,d_main_43_12,동시,,확실,확정,ch43,103,103
F2404,사실,F2404,처음 밝혀짐,드러냄,,137,2026-02-12,434,ch43,d_main_43_12,동시,,확실,확정,ch43,103,103
F2405,사실,E1006,암시,암시,F2405,137,2026-02-12,434,ch43,d_main_43_05,동시,,확실,확정,ch43,103,103
F2405,사실,E1013,암시,암시,F2405,137,2026-02-12,434,ch43,d_main_43_11,동시,,추정,확정,ch43,103,103
F2405,사실,F2405,처음 밝혀짐,드러냄,,137,2026-02-12,434,ch43,d_main_43_12,동시,,확실,확정,ch43,103,103
F2406,사실,E1010,암시,암시,F2406,137,2026-02-12,434,ch43,d_main_43_11,동시,,확실,확정,ch43,103,103
F2406,사실,E1014,암시,암시,F2406,137,2026-02-12,434,ch43,d_main_43_12,동시,,추정,확정,ch43,103,103
F2406,사실,F2406,처음 밝혀짐,드러냄,,137,2026-02-12,434,ch43,d_main_43_13,동시,,확실,확정,ch43,103,103
F2406,사실,E1523,재언급,재언급,F2406,145,2026-04-30,457,char:18,ep:d_nikke_neon_visioneye_04,뒤,,확실,확정,ch44–ch45 ~,106,
F2407,사실,F2407,처음 밝혀짐,드러냄,,137,2026-02-12,434,ch43,d_main_43_13,동시,,확실,확정,ch43,103,103
F2407,사실,E1523,재언급,재언급,F2407,145,2026-04-30,457,char:18,ep:d_nikke_neon_visioneye_04,뒤,,확실,확정,ch44–ch45 ~,106,
F2407,사실,E1524,재언급,재언급,F2407,145,2026-04-30,457,char:18,ep:d_nikke_neon_visioneye_05,뒤,,확실,확정,ch44–ch45 ~,106,
F2408,사실,F2408,처음 밝혀짐,드러냄,,137,2026-02-12,434,ch43,d_main_43_13,동시,,확실,확정,ch43,103,103
F2409,사실,E1592,암시,암시,F2409,17,2022-11-04,94,char:11,ep:d_nikke_neon_03,앞,,추정,확정,ch15–ch16 ~,48,
F2409,사실,E1016,암시,암시,F2409,137,2026-02-12,434,ch43,d_main_43_12,동시,,추정,확정,ch43,103,103
F2409,사실,F2409,처음 밝혀짐,드러냄,,137,2026-02-12,434,ch43,d_main_43_14,동시,,확실,확정,ch43,103,103
F2410,사실,E103,암시,암시,F2410,16,2022-11-04,86,relic:종말의서,relic:종말의서_00,앞,,추정,확정,@랩쳐_침공–@갓데스_투입 ~,2,
F2410,사실,E984,암시,암시,F2410,133,2025-12-30,428,fl:ark_guardian,fl:ark_guardian_16,앞,,확실,확정,ch40–ch41 ~ ch41,98,99
F2410,사실,F2410,처음 밝혀짐,드러냄,,137,2026-02-12,434,ch43,d_main_43_15,동시,,확실,확정,ch43,103,103
F2410,사실,F2410-2,보강,드러냄,,143,2026-04-23,451,relic:신에게닿기위한탑,relic:신에게닿기위한탑_03,뒤,,추정,확정,~ @랩쳐_침공 전,,0
F2410,사실,E1117,재언급,재언급,F2410,144,2026-04-23,453,relic:궤도엘리베이터음모론,relic:궤도엘리베이터음모론_01,뒤,,확실,확정,@갓데스_투입–@궤도_엘리베이터_강습 ~ @아크_가디언_작전–@방주_밀봉,4,8
F2411,사실,F2411,처음 밝혀짐,드러냄,,137,2026-02-12,434,ch43,d_main_43_15,동시,,확실,확정,ch43,103,103
F2412,사실,E581,암시,암시,F2412,98,2025-01-16,353,event_wisdomspring,event_wisdomspring_04_s,앞,,추정,확정,ch34–ch35 ~,86,
F2412,사실,F2412,처음 밝혀짐,드러냄,,137,2026-02-12,434,ch43,d_main_43_15,동시,,확실,확정,ch43,103,103
F2413,사실,F2413,처음 밝혀짐,드러냄,,137,2026-02-12,434,ch43,d_main_43_15,동시,,확실,확정,ch43,103,103
F2414,사실,F2414,처음 밝혀짐,드러냄,,137,2026-02-12,434,ch43,d_main_43_15,동시,,확실,확정,ch43,103,103
F2415,사실,E1004,암시,암시,F2415,137,2026-02-12,434,ch43,d_main_43_02,동시,,확실,확정,ch43,103,103
F2415,사실,E1009,암시,암시,F2415,137,2026-02-12,434,ch43,d_main_43_10,동시,,확실,확정,ch43,103,103
F2415,사실,E1015,암시,암시,F2415,137,2026-02-12,434,ch43,d_main_43_12,동시,,확실,확정,ch43,103,103
F2415,사실,E1017,암시,암시,F2415,137,2026-02-12,434,ch43,d_main_43_13,동시,,확실,확정,ch43,103,103
F2415,사실,F2415,처음 밝혀짐,드러냄,,137,2026-02-12,434,ch43,d_main_43_15,동시,,확실,확정,ch43,103,103
F2416,사실,F2416,처음 밝혀짐,드러냄,,137,2026-02-12,434,ch43,d_main_43_15,동시,,확실,확정,ch43,103,103
F2417,사실,F2417,처음 밝혀짐,드러냄,,137,2026-02-12,435,relic:아무한테나말해주는거아니야.wav,relic:아무한테나말해주는거아니야.wav_00,동시,,확실,확정,,,
F2418,사실,F2418,처음 밝혀짐,드러냄,,138,2026-02-12,436,ch44,d_main_44_01,동시,,확실,확정,ch44,105,105
F2419,사실,F2419,처음 밝혀짐,드러냄,,138,2026-02-12,436,ch44,d_main_44_03,동시,,확실,확정,ch44,105,105
F2420,사실,F2420,처음 밝혀짐,드러냄,,138,2026-02-12,436,ch44,d_main_44_04,동시,,확실,확정,ch44,105,105
F2421,사실,F2421,처음 밝혀짐,드러냄,,138,2026-02-12,436,ch44,d_main_44_04,동시,,확실,확정,ch44,105,105
F2422,사실,F2422,처음 밝혀짐,드러냄,,138,2026-02-12,436,ch44,d_main_44_05,동시,,확실,확정,ch44,105,105
F2423,사실,F2423,처음 밝혀짐,드러냄,,138,2026-02-12,436,ch44,d_main_44_05,동시,,확실,확정,ch44,105,105
F2424,사실,F2424,처음 밝혀짐,드러냄,,138,2026-02-12,436,ch44,d_main_44_06,동시,,확실,확정,ch44,105,105
F2425,사실,F2425,처음 밝혀짐,드러냄,,138,2026-02-12,436,ch44,d_main_44_06,동시,,확실,확정,ch44,105,105
F2426,사실,F2426,처음 밝혀짐,드러냄,,138,2026-02-12,436,ch44,d_main_44_06,동시,,확실,확정,ch44,105,105
F2427,사실,F2427,처음 밝혀짐,드러냄,,138,2026-02-12,436,ch44,d_main_44_07,동시,,확실,확정,ch44,105,105
F2428,사실,F2428,처음 밝혀짐,드러냄,,138,2026-02-12,436,ch44,d_main_44_07,동시,,확실,확정,ch44,105,105
F2429,사실,E464,암시,암시,F2429,81,2024-07-25,314,sub:관짝이_02,sub:관짝이_02,앞,,추정,확정,ch32–ch33,82,82
F2429,사실,F2429,처음 밝혀짐,드러냄,,138,2026-02-12,436,ch44,d_main_44_07,동시,,확실,확정,ch44,105,105
F2430,사실,E296,암시,암시,F2430,55,2023-11-02,248,event_redash,event_redash2_intermission_01,앞,,추정,확정,@갓데스_투입 ~ @갓데스_투입–@궤도_엘리베이터_강습 / @궤도_엘리베이터_강습–@아크_가디언_작전 ~ @아크_가디언_작전–@방주_밀봉 / @2차_지상_탈환전–ch00,3,16
F2430,사실,E300,암시,암시,F2430,55,2023-11-02,248,event_redash,event_redash2_06_e,앞,,추정,확정,@갓데스_투입 ~ @갓데스_투입–@궤도_엘리베이터_강습 / @궤도_엘리베이터_강습–@아크_가디언_작전 ~ @아크_가디언_작전–@방주_밀봉 / @2차_지상_탈환전–ch00,3,16
F2430,사실,E586,암시,암시,F2430,101,2025-02-20,358,ch35,d_main_35bf_01,앞,,확실,확정,ch35,87,87
F2430,사실,F2430,처음 밝혀짐,드러냄,,138,2026-02-12,436,ch44,d_main_44_07,동시,,확실,확정,ch44,105,105
F2431,사실,F2431,처음 밝혀짐,드러냄,,138,2026-02-12,436,ch44,d_main_44_08_s,동시,,확실,확정,ch44,105,105
F2432,사실,F2432,처음 밝혀짐,드러냄,,138,2026-02-12,436,ch44,d_main_44_08_s,동시,,확실,확정,ch44,105,105
F2433,사실,F2433,처음 밝혀짐,드러냄,,138,2026-02-12,436,ch44,d_main_44_08_e,동시,,확실,확정,ch44,105,105
F2434,사실,F2434,처음 밝혀짐,드러냄,,138,2026-02-12,436,ch44,d_main_44_08_e,동시,,확실,확정,ch44,105,105
F2435,사실,E891,암시,암시,F2435,126,2025-10-16,411,side:eden_spear,side:eden_spear_12,앞,,추정,확정,ch21–ch22 ~ ch22–ch23 / ch24–ch25 ~ ch25 / ch25–ch26 ~ ch39 / ch39,60,95
F2435,사실,E929,암시,암시,F2435,128,2025-10-30,416,ch42,d_main_42_af_08,앞,,추정,확정,ch42,101,101
F2435,사실,E1022,암시,암시,F2435,138,2026-02-12,436,ch44,d_main_44_08_s,동시,,확실,확정,ch44,105,105
F2435,사실,F2435,처음 밝혀짐,드러냄,,138,2026-02-12,436,ch44,d_main_44_08_e,동시,,확실,확정,ch44,105,105
F2435,사실,F2435-2,보강,드러냄,,144,2026-04-23,452,ch46,d_main_46_07,뒤,,확실,확정,ch46,109,109
F2436,사실,F2436,처음 밝혀짐,드러냄,,138,2026-02-12,436,ch44,d_main_44_af_01,동시,,확실,확정,ch44,105,105
F2437,사실,F2437,처음 밝혀짐,드러냄,,138,2026-02-12,436,ch44,d_main_44_af_01,동시,,확실,확정,ch44,105,105
F2437,사실,E1239,재언급,재언급,F2437,154,2026-08-13,472,ch48,d_main_48_07,뒤,,확실,확정,ch48,113,113
F2438,사실,F2438,처음 밝혀짐,드러냄,,138,2026-02-12,436,ch44,d_main_44_af_02,동시,,확실,확정,ch44,105,105
F2439,사실,F2439,처음 밝혀짐,드러냄,,138,2026-02-12,436,ch44,d_main_44_af_02,동시,,확실,확정,ch44,105,105
F2440,사실,F2440,처음 밝혀짐,드러냄,,138,2026-02-12,436,ch44,d_main_44_af_02,동시,,확실,확정,ch44,105,105
F2440,사실,E1078,재언급,재언급,F2440,143,2026-04-23,450,ch45,d_main_45_01,뒤,,확실,확정,ch45,107,107
F2441,사실,F2441,처음 밝혀짐,드러냄,,138,2026-02-12,436,ch44,d_main_44_af_02,동시,,확실,확정,ch44,105,105
F2442,사실,F2442,처음 밝혀짐,드러냄,,138,2026-02-12,436,ch44,d_main_44_af_02,동시,,확실,확정,ch44,105,105
F2443,사실,E380,암시,암시,F2443,73,2024-04-25,293,ch30,d_main_30_02,앞,,추정,확정,ch30,77,77
F2443,사실,F2443,처음 밝혀짐,드러냄,,138,2026-02-12,436,ch44,d_main_44_af_03,동시,,확실,확정,ch44,105,105
F2443,사실,F2443-2,보강,드러냄,,143,2026-04-23,450,ch45,d_main_45_07,뒤,,확실,확정,ch45,107,107
F2444,사실,F2444,처음 밝혀짐,드러냄,,138,2026-02-12,436,ch44,d_main_44_af_03,동시,,확실,확정,ch44,105,105
F2445,사실,F2445,처음 밝혀짐,드러냄,,138,2026-02-12,436,ch44,d_main_44_af_03,동시,,확실,확정,ch44,105,105
F2446,사실,F2446,처음 밝혀짐,드러냄,,138,2026-02-12,436,ch44,d_main_44_af_03,동시,,확실,확정,ch44,105,105
F2447,사실,F2447,처음 밝혀짐,드러냄,,138,2026-02-12,436,ch44,d_main_44_af_04,동시,,확실,확정,ch44,105,105
F2448,사실,F2448,처음 밝혀짐,드러냄,,138,2026-02-12,436,ch44,d_main_44_af_04,동시,,확실,확정,ch44,105,105
F2449,사실,E226,암시,암시,F2449,43,2023-07-20,217,ch23,d_main_23_07_s,앞,,추정,확정,ch23,63,63
F2449,사실,F2449,처음 밝혀짐,드러냄,,138,2026-02-12,436,ch44,d_main_44_af_05,동시,,확실,확정,ch44,105,105
F2450,사실,E319,암시,암시,F2450,62,2024-01-25,262,event_dirtybackyard,event_dirtybackyard_epilogue,앞,,추정,확정,ch22–ch23 ~,62,
F2450,사실,F2450,처음 밝혀짐,드러냄,,138,2026-02-12,436,ch44,d_main_44_af_05,동시,,확실,확정,ch44,105,105
F2451,사실,E377,암시,암시,F2451,72,2024-04-25,291,ch29,d_main_29_08_e,앞,,추정,확정,ch29,75,75
F2451,사실,F2451,처음 밝혀짐,드러냄,,138,2026-02-12,436,ch44,d_main_44_af_06,동시,,확실,확정,ch44,105,105
F2452,사실,F2452,처음 밝혀짐,드러냄,,138,2026-02-12,436,ch44,d_main_44_af_06,동시,,확실,확정,ch44,105,105
F2453,사실,F2453,처음 밝혀짐,드러냄,,138,2026-02-12,436,ch44,d_main_44_af_06,동시,,확실,확정,ch44,105,105
F2454,사실,F2454,처음 밝혀짐,드러냄,,138,2026-02-12,436,ch44,d_main_44_af_07,동시,,확실,확정,ch44,105,105
F2455,사실,F2455,처음 밝혀짐,드러냄,,138,2026-02-12,436,ch44,d_main_44_af_08,동시,,확실,확정,ch44,105,105
F2456,사실,F2456,처음 밝혀짐,드러냄,,138,2026-02-12,436,ch44,d_main_44_af_08,동시,,확실,확정,ch44,105,105
F2457,사실,F2457,처음 밝혀짐,드러냄,,138,2026-02-12,436,ch44,d_main_44_af_08,동시,,확실,확정,ch44,105,105
F2458,사실,F2458,처음 밝혀짐,드러냄,,138,2026-02-12,436,ch44,d_main_44_af_08,동시,,확실,확정,ch44,105,105
F2459,사실,F2459,처음 밝혀짐,드러냄,,138,2026-02-12,436,ch44,d_main_44_af_09,동시,,확실,확정,ch44,105,105
F2459,사실,E1092,재언급,재언급,F2459,143,2026-04-23,450,ch45,d_main_45_10,뒤,,확실,확정,ch45,107,107
F2460,사실,E1032,암시,암시,F2460,138,2026-02-12,436,ch44,d_main_44_af_05,동시,,추정,확정,ch44,105,105
F2460,사실,F2460,처음 밝혀짐,드러냄,,138,2026-02-12,436,ch44,d_main_44_af_09,동시,,확실,확정,ch44,105,105
F2461,사실,E1009,암시,암시,F2461,137,2026-02-12,434,ch43,d_main_43_10,앞,,확실,확정,ch43,103,103
F2461,사실,E1017,암시,암시,F2461,137,2026-02-12,434,ch43,d_main_43_13,앞,,확실,확정,ch43,103,103
F2461,사실,F2461,처음 밝혀짐,드러냄,,138,2026-02-12,436,ch44,d_main_44_af_09,동시,,확실,확정,ch44,105,105
F2462,사실,F2462,처음 밝혀짐,드러냄,,138,2026-02-12,436,ch44,d_main_44_af_09,동시,,확실,확정,ch44,105,105
F2463,사실,F2463,처음 밝혀짐,드러냄,,138,2026-02-12,436,ch44,d_main_44_af_09,동시,,확실,확정,ch44,105,105
F2464,사실,F2464,처음 밝혀짐,드러냄,,138,2026-02-12,436,ch44,d_main_44_af_09,동시,,확실,확정,ch44,105,105
F2465,사실,F2465,처음 밝혀짐,드러냄,,138,2026-02-12,436,ch44,d_main_44_af_10,동시,,확실,확정,ch44,105,105
F2466,사실,F2466,처음 밝혀짐,드러냄,,138,2026-02-12,437,relic:거인을찾아서,relic:거인을찾아서_00,동시,,확실,확정,,,
F2467,사실,F2467,처음 밝혀짐,드러냄,,138,2026-02-12,437,relic:거인을찾아서,relic:거인을찾아서_03,동시,,확실,확정,,,
F2468,사실,F2468,처음 밝혀짐,드러냄,,138,2026-02-12,438,fl:lie_cause_recoil,fl:lie_cause_recoil_01,동시,,확실,확정,ch26–ch27 ~,70,
F2469,사실,F2469,처음 밝혀짐,드러냄,,138,2026-02-12,438,fl:lie_cause_recoil,fl:lie_cause_recoil_02,동시,,확실,확정,ch26–ch27 ~,70,
F2470,사실,F2470,처음 밝혀짐,드러냄,,138,2026-02-12,438,fl:lie_cause_recoil,fl:lie_cause_recoil_03,동시,,확실,확정,ch26–ch27 ~,70,
F2471,사실,F2471,처음 밝혀짐,드러냄,,138,2026-02-12,438,fl:lie_cause_recoil,fl:lie_cause_recoil_05,동시,,확실,확정,ch26–ch27 ~,70,
F2472,사실,E1481,재언급,재언급,F2472,138,2026-02-12,438,fl:lie_cause_recoil,fl:lie_cause_recoil_20,동시,,확실,확정,ch26–ch27 ~,70,
F2472,사실,F2472,처음 밝혀짐,드러냄,,138,2026-02-12,438,fl:lie_cause_recoil,fl:lie_cause_recoil_06,동시,,확실,확정,ch26–ch27 ~,70,
F2473,사실,F2473,처음 밝혀짐,드러냄,,138,2026-02-12,438,fl:lie_cause_recoil,fl:lie_cause_recoil_09,동시,,확실,확정,ch26–ch27 ~,70,
F2474,사실,F2474,처음 밝혀짐,드러냄,,138,2026-02-12,438,fl:lie_cause_recoil,fl:lie_cause_recoil_13,동시,,확실,확정,ch26–ch27 ~,70,
F2475,사실,F2475,처음 밝혀짐,드러냄,,138,2026-02-12,438,fl:lie_cause_recoil,fl:lie_cause_recoil_14,동시,,확실,확정,ch26–ch27 ~,70,
F2476,사실,F2476,처음 밝혀짐,드러냄,,138,2026-02-12,438,fl:lie_cause_recoil,fl:lie_cause_recoil_15,동시,,확실,확정,ch26–ch27 ~,70,
F2477,사실,E1472,암시,암시,F2477,138,2026-02-12,438,fl:lie_cause_recoil,fl:lie_cause_recoil_06,동시,,추정,확정,ch26–ch27 ~,70,
F2477,사실,E1473,암시,암시,F2477,138,2026-02-12,438,fl:lie_cause_recoil,fl:lie_cause_recoil_06,동시,,확실,확정,ch26–ch27 ~,70,
F2477,사실,E1475,암시,암시,F2477,138,2026-02-12,438,fl:lie_cause_recoil,fl:lie_cause_recoil_11,동시,,확실,확정,ch26–ch27 ~,70,
F2477,사실,E1477,암시,암시,F2477,138,2026-02-12,438,fl:lie_cause_recoil,fl:lie_cause_recoil_12,동시,,확실,확정,ch26–ch27 ~,70,
F2477,사실,E1478,암시,암시,F2477,138,2026-02-12,438,fl:lie_cause_recoil,fl:lie_cause_recoil_15,동시,,추정,확정,ch26–ch27 ~,70,
F2477,사실,F2477,처음 밝혀짐,드러냄,,138,2026-02-12,438,fl:lie_cause_recoil,fl:lie_cause_recoil_17,동시,,확실,확정,ch26–ch27 ~,70,
F2478,사실,E1474,암시,암시,F2478,138,2026-02-12,438,fl:lie_cause_recoil,fl:lie_cause_recoil_08,동시,,추정,확정,ch26–ch27 ~,70,
F2478,사실,F2478,처음 밝혀짐,드러냄,,138,2026-02-12,438,fl:lie_cause_recoil,fl:lie_cause_recoil_19,동시,,확실,확정,ch26–ch27 ~,70,
F2479,사실,E126,암시,암시,F2479,19,2022-11-24,149,sub:제니퍼f_00,sub:제니퍼f_00,앞,,추정,확정,,,
F2479,사실,F2479,처음 밝혀짐,드러냄,,138,2026-02-12,438,fl:lie_cause_recoil,fl:lie_cause_recoil_22,동시,,확실,확정,ch26–ch27 ~,70,
F2480,사실,E1480,암시,암시,F2480,138,2026-02-12,438,fl:lie_cause_recoil,fl:lie_cause_recoil_19,동시,,확실,확정,ch26–ch27 ~,70,
F2480,사실,F2480,처음 밝혀짐,드러냄,,138,2026-02-12,438,fl:lie_cause_recoil,fl:lie_cause_recoil_22,동시,,확실,확정,ch26–ch27 ~,70,
F2481,사실,E1479,암시,암시,F2481,138,2026-02-12,438,fl:lie_cause_recoil,fl:lie_cause_recoil_17,동시,,확실,확정,ch26–ch27 ~,70,
F2481,사실,F2481,처음 밝혀짐,드러냄,,138,2026-02-12,438,fl:lie_cause_recoil,fl:lie_cause_recoil_25,동시,,확실,확정,ch26–ch27 ~,70,
F2482,사실,F2482,처음 밝혀짐,드러냄,,138,2026-02-12,438,fl:lie_cause_recoil,fl:lie_cause_recoil_26,동시,,확실,확정,ch26–ch27 ~,70,
F2483,사실,F2483,처음 밝혀짐,드러냄,,138,2026-02-12,438,fl:lie_cause_recoil,fl:lie_cause_recoil_26,동시,,확실,확정,ch26–ch27 ~,70,
F2484,사실,F2484,처음 밝혀짐,드러냄,,140,2026-03-05,442,fl:enter_heaven,fl:enter_heaven_00,동시,,확실,확정,ch39–ch40 ~,96,
F2485,사실,F2485,처음 밝혀짐,드러냄,,140,2026-03-05,442,fl:enter_heaven,fl:enter_heaven_01,동시,,확실,확정,ch39–ch40 ~,96,
F2486,사실,F2486,처음 밝혀짐,드러냄,,140,2026-03-05,442,fl:enter_heaven,fl:enter_heaven_03,동시,,확실,확정,ch39–ch40 ~,96,
F2487,사실,F2487,처음 밝혀짐,드러냄,,140,2026-03-05,442,fl:enter_heaven,fl:enter_heaven_03,동시,,확실,확정,ch39–ch40 ~,96,
F2488,사실,F2488,처음 밝혀짐,드러냄,,140,2026-03-05,442,fl:enter_heaven,fl:enter_heaven_04,동시,,확실,확정,ch39–ch40 ~,96,
F2488,사실,E1630,재언급,재언급,F2488,140,2026-03-05,443,char:113,ep:d_nikke_eh_01,동시,,확실,확정,ch39–ch40 ~,96,
F2489,사실,E602,암시,암시,F2489,101,2025-02-20,358,ch35,d_main_35_05_s,앞,,추정,확정,ch35,87,87
F2489,사실,F2489,처음 밝혀짐,드러냄,,140,2026-03-05,442,fl:enter_heaven,fl:enter_heaven_05,동시,,확실,확정,ch39–ch40 ~,96,
F2490,사실,E240,암시,암시,F2490,44,2023-07-20,221,ch24,d_main_24_10,앞,,확실,확정,ch24,65,65
F2490,사실,E1043,암시,암시,F2490,140,2026-03-05,442,fl:enter_heaven,fl:enter_heaven_01,동시,,확실,확정,ch39–ch40 ~,96,
F2490,사실,F2490,처음 밝혀짐,드러냄,,140,2026-03-05,442,fl:enter_heaven,fl:enter_heaven_06,동시,,확실,확정,ch39–ch40 ~,96,
F2491,사실,F2491,처음 밝혀짐,드러냄,,140,2026-03-05,442,fl:enter_heaven,fl:enter_heaven_06,동시,,확실,확정,ch39–ch40 ~,96,
F2492,사실,F2492,처음 밝혀짐,드러냄,,140,2026-03-05,442,fl:enter_heaven,fl:enter_heaven_06,동시,,확실,확정,ch39–ch40 ~,96,
F2493,사실,E1046,재언급,재언급,F2493,140,2026-03-05,442,fl:enter_heaven,fl:enter_heaven_13,동시,,확실,확정,ch39–ch40 ~,96,
F2493,사실,F2493,처음 밝혀짐,드러냄,,140,2026-03-05,442,fl:enter_heaven,fl:enter_heaven_06,동시,,확실,확정,ch39–ch40 ~,96,
F2494,사실,F2494,처음 밝혀짐,드러냄,,140,2026-03-05,442,fl:enter_heaven,fl:enter_heaven_07,동시,,확실,확정,ch39–ch40 ~,96,
F2495,사실,F2495,처음 밝혀짐,드러냄,,140,2026-03-05,442,fl:enter_heaven,fl:enter_heaven_07,동시,,확실,확정,ch39–ch40 ~,96,
F2496,사실,F2496,처음 밝혀짐,드러냄,,140,2026-03-05,442,fl:enter_heaven,fl:enter_heaven_08,동시,,확실,확정,ch39–ch40 ~,96,
F2497,사실,F2497,처음 밝혀짐,드러냄,,140,2026-03-05,442,fl:enter_heaven,fl:enter_heaven_09,동시,,확실,확정,ch39–ch40 ~,96,
F2498,사실,F2498,처음 밝혀짐,드러냄,,140,2026-03-05,442,fl:enter_heaven,fl:enter_heaven_09,동시,,확실,확정,ch39–ch40 ~,96,
F2499,사실,E110,암시,암시,F2499,17,2022-11-04,87,ch16,d_main_16_11,앞,,추정,확정,ch16,49,49
F2499,사실,F2499,처음 밝혀짐,드러냄,,140,2026-03-05,442,fl:enter_heaven,fl:enter_heaven_09,동시,,확실,확정,ch39–ch40 ~,96,
F2500,사실,E1044,암시,암시,F2500,140,2026-03-05,442,fl:enter_heaven,fl:enter_heaven_10,동시,,확실,확정,ch39–ch40 ~,96,
F2500,사실,E1047,재언급,재언급,F2500,140,2026-03-05,442,fl:enter_heaven,fl:enter_heaven_13,동시,,추정,확정,ch39–ch40 ~,96,
F2500,사실,F2500,처음 밝혀짐,드러냄,,140,2026-03-05,442,fl:enter_heaven,fl:enter_heaven_10,동시,,확실,확정,ch39–ch40 ~,96,
F2501,사실,F2501,처음 밝혀짐,드러냄,,140,2026-03-05,442,fl:enter_heaven,fl:enter_heaven_11,동시,,확실,확정,ch39–ch40 ~,96,
F2502,사실,F2502,처음 밝혀짐,드러냄,,140,2026-03-05,442,fl:enter_heaven,fl:enter_heaven_11,동시,,확실,확정,ch39–ch40 ~,96,
F2503,사실,F2503,처음 밝혀짐,드러냄,,140,2026-03-05,442,fl:enter_heaven,fl:enter_heaven_12,동시,,확실,확정,ch39–ch40 ~,96,
F2504,사실,F2504,처음 밝혀짐,드러냄,,140,2026-03-05,442,fl:enter_heaven,fl:enter_heaven_12,동시,,확실,확정,ch39–ch40 ~,96,
F2505,사실,F2505,처음 밝혀짐,드러냄,,140,2026-03-05,442,fl:enter_heaven,fl:enter_heaven_12,동시,,확실,확정,ch39–ch40 ~,96,
F2506,사실,F2506,처음 밝혀짐,드러냄,,140,2026-03-05,442,fl:enter_heaven,fl:enter_heaven_14,동시,,확실,확정,ch39–ch40 ~,96,
F2507,사실,F2507,처음 밝혀짐,드러냄,,140,2026-03-05,443,char:113,ep:d_nikke_eh_03,동시,,확실,확정,ch39–ch40 ~,96,
F2508,사실,F2508,처음 밝혀짐,드러냄,,141,2026-03-19,444,fl:2x2_love_1ch,fl:2x2_love_1ch_01,동시,,확실,확정,ch15 ~,47,
F2509,사실,F2509,처음 밝혀짐,드러냄,,141,2026-03-19,444,fl:2x2_love_1ch,fl:2x2_love_1ch_01,동시,,확실,확정,ch15 ~,47,
F2510,사실,F2510,처음 밝혀짐,드러냄,,141,2026-03-19,444,fl:2x2_love_1ch,fl:2x2_love_1ch_03,동시,,확실,확정,ch15 ~,47,
F2511,사실,F2511,처음 밝혀짐,드러냄,,141,2026-03-19,444,fl:2x2_love_1ch,fl:2x2_love_1ch_05,동시,,확실,확정,ch15 ~,47,
F2512,사실,E1492,암시,암시,F2512,141,2026-03-19,444,fl:2x2_love_1ch,fl:2x2_love_1ch_13,동시,,확실,확정,ch15 ~,47,
F2512,사실,F2512,처음 밝혀짐,드러냄,,141,2026-03-19,444,fl:2x2_love_1ch,fl:2x2_love_1ch_16,동시,,확실,확정,ch15 ~,47,
F2513,사실,E1499,재언급,재언급,F2513,141,2026-03-19,444,fl:2x2_love_1ch,fl:2x2_love_1ch_26,동시,,확실,확정,ch15 ~,47,
F2513,사실,F2513,처음 밝혀짐,드러냄,,141,2026-03-19,444,fl:2x2_love_1ch,fl:2x2_love_1ch_06,동시,,확실,확정,ch15 ~,47,
F2514,사실,E1483,암시,암시,F2514,141,2026-03-19,444,fl:2x2_love_1ch,fl:2x2_love_1ch_01,동시,,확실,확정,ch15 ~,47,
F2514,사실,E1496,재언급,재언급,F2514,141,2026-03-19,444,fl:2x2_love_1ch,fl:2x2_love_1ch_20,동시,,확실,확정,ch15 ~,47,
F2514,사실,E1502,재언급,재언급,F2514,141,2026-03-19,444,fl:2x2_love_1ch,fl:2x2_love_1ch_33,동시,,확실,확정,ch15 ~,47,
F2514,사실,F2514,처음 밝혀짐,드러냄,,141,2026-03-19,444,fl:2x2_love_1ch,fl:2x2_love_1ch_15,동시,,확실,확정,ch15 ~,47,
F2515,사실,F2515,처음 밝혀짐,드러냄,,141,2026-03-19,444,fl:2x2_love_1ch,fl:2x2_love_1ch_21,동시,,확실,확정,ch15 ~,47,
F2515,사실,F2515-2,보강,드러냄,,141,2026-03-19,444,fl:2x2_love_1ch,fl:2x2_love_1ch_46,동시,,확실,확정,ch15 ~,47,
F2515,사실,E1517,재언급,재언급,F2515,141,2026-03-19,445,fl:2x2_love_2ch,fl:2x2_love_2ch_43,동시,,확실,확정,ch16–ch17 ~,50,
F2516,사실,F2516,처음 밝혀짐,드러냄,,141,2026-03-19,444,fl:2x2_love_1ch,fl:2x2_love_1ch_24,동시,,확실,확정,ch15 ~,47,
F2517,사실,F2517,처음 밝혀짐,드러냄,,141,2026-03-19,444,fl:2x2_love_1ch,fl:2x2_love_1ch_24,동시,,확실,확정,ch15 ~,47,
F2517,사실,F2517-2,보강,드러냄,,141,2026-03-19,444,fl:2x2_love_1ch,fl:2x2_love_1ch_49,동시,,확실,확정,ch15 ~,47,
F2518,사실,F2518,처음 밝혀짐,드러냄,,141,2026-03-19,444,fl:2x2_love_1ch,fl:2x2_love_1ch_23,동시,,확실,확정,ch15 ~,47,
F2518,사실,F2518-2,보강,드러냄,,141,2026-03-19,444,fl:2x2_love_1ch,fl:2x2_love_1ch_49,동시,,확실,확정,ch15 ~,47,
F2519,사실,E1495,암시,암시,F2519,141,2026-03-19,444,fl:2x2_love_1ch,fl:2x2_love_1ch_19,동시,,추정,확정,ch15 ~,47,
F2519,사실,F2519,처음 밝혀짐,드러냄,,141,2026-03-19,444,fl:2x2_love_1ch,fl:2x2_love_1ch_26,동시,,확실,확정,ch15 ~,47,
F2520,사실,E1494,암시,암시,F2520,141,2026-03-19,444,fl:2x2_love_1ch,fl:2x2_love_1ch_19,동시,,확실,확정,ch15 ~,47,
F2520,사실,E1501,암시,암시,F2520,141,2026-03-19,444,fl:2x2_love_1ch,fl:2x2_love_1ch_28,동시,,추정,확정,ch15 ~,47,
F2520,사실,F2520,처음 밝혀짐,드러냄,,141,2026-03-19,444,fl:2x2_love_1ch,fl:2x2_love_1ch_39,동시,,확실,확정,ch15 ~,47,
F2521,사실,F2521,처음 밝혀짐,드러냄,,141,2026-03-19,444,fl:2x2_love_1ch,fl:2x2_love_1ch_40,동시,,확실,확정,ch15 ~,47,
F2522,사실,E1503,암시,암시,F2522,141,2026-03-19,444,fl:2x2_love_1ch,fl:2x2_love_1ch_39,동시,,확실,확정,ch15 ~,47,
F2522,사실,F2522,처음 밝혀짐,드러냄,,141,2026-03-19,444,fl:2x2_love_1ch,fl:2x2_love_1ch_53,동시,,확실,확정,ch15 ~,47,
F2523,사실,F2523,처음 밝혀짐,드러냄,,141,2026-03-19,444,fl:2x2_love_1ch,fl:2x2_love_1ch_47,동시,,확실,확정,ch15 ~,47,
F2523,사실,F2523-2,처음 밝혀짐,드러냄,,141,2026-03-19,445,fl:2x2_love_2ch,fl:2x2_love_2ch_07,동시,,확실,확정,ch16–ch17 ~,50,
F2524,사실,F2524,처음 밝혀짐,드러냄,,141,2026-03-19,445,fl:2x2_love_2ch,fl:2x2_love_2ch_01,동시,,확실,확정,ch16–ch17 ~,50,
F2525,사실,E1493,암시,암시,F2525,141,2026-03-19,444,fl:2x2_love_1ch,fl:2x2_love_1ch_13,동시,,추정,확정,ch15 ~,47,
F2525,사실,E1512,재언급,재언급,F2525,141,2026-03-19,445,fl:2x2_love_2ch,fl:2x2_love_2ch_15,동시,,확실,확정,ch16–ch17 ~,50,
F2525,사실,F2525,처음 밝혀짐,드러냄,,141,2026-03-19,445,fl:2x2_love_2ch,fl:2x2_love_2ch_03,동시,,확실,확정,ch16–ch17 ~,50,
F2526,사실,F2526,처음 밝혀짐,드러냄,,141,2026-03-19,445,fl:2x2_love_2ch,fl:2x2_love_2ch_07,동시,,확실,확정,ch16–ch17 ~,50,
F2527,사실,F2527,처음 밝혀짐,드러냄,,141,2026-03-19,445,fl:2x2_love_2ch,fl:2x2_love_2ch_11,동시,,확실,확정,ch16–ch17 ~,50,
F2528,사실,F2528,처음 밝혀짐,드러냄,,141,2026-03-19,445,fl:2x2_love_2ch,fl:2x2_love_2ch_18,동시,,확실,확정,ch16–ch17 ~,50,
F2528,사실,F2528-2,보강,드러냄,,141,2026-03-19,445,fl:2x2_love_2ch,fl:2x2_love_2ch_50,동시,,확실,확정,ch16–ch17 ~,50,
F2529,사실,F2529,처음 밝혀짐,드러냄,,141,2026-03-19,445,fl:2x2_love_2ch,fl:2x2_love_2ch_18,동시,,확실,확정,ch16–ch17 ~,50,
F2530,사실,F2530,처음 밝혀짐,드러냄,,141,2026-03-19,445,fl:2x2_love_2ch,fl:2x2_love_2ch_22,동시,,확실,확정,ch16–ch17 ~,50,
F2530,사실,F2530-2,보강,드러냄,,141,2026-03-19,445,fl:2x2_love_2ch,fl:2x2_love_2ch_56,동시,,확실,확정,ch16–ch17 ~,50,
F2531,사실,F2531,처음 밝혀짐,드러냄,,141,2026-03-19,445,fl:2x2_love_2ch,fl:2x2_love_2ch_25,동시,,확실,확정,ch16–ch17 ~,50,
F2532,사실,F2532,처음 밝혀짐,드러냄,,141,2026-03-19,445,fl:2x2_love_2ch,fl:2x2_love_2ch_35,동시,,확실,확정,ch16–ch17 ~,50,
F2533,사실,F2533,처음 밝혀짐,드러냄,,141,2026-03-19,445,fl:2x2_love_2ch,fl:2x2_love_2ch_36,동시,,확실,확정,ch16–ch17 ~,50,
F2534,사실,E1491,암시,암시,F2534,141,2026-03-19,444,fl:2x2_love_1ch,fl:2x2_love_1ch_11,동시,,추정,확정,ch15 ~,47,
F2534,사실,F2534,처음 밝혀짐,드러냄,,141,2026-03-19,445,fl:2x2_love_2ch,fl:2x2_love_2ch_47,동시,,확실,확정,ch16–ch17 ~,50,
F2535,사실,F2535,처음 밝혀짐,드러냄,,141,2026-03-19,445,fl:2x2_love_2ch,fl:2x2_love_2ch_49,동시,,확실,확정,ch16–ch17 ~,50,
F2536,사실,F2536,처음 밝혀짐,드러냄,,141,2026-03-19,445,fl:2x2_love_2ch,fl:2x2_love_2ch_58,동시,,확실,확정,ch16–ch17 ~,50,
F2537,사실,F2537,처음 밝혀짐,드러냄,,141,2026-03-19,446,char:583,ep:d_nikke_arcana_fortunemate_02,동시,,확실,확정,ch16–ch17 ~,50,
F2538,사실,F2538,처음 밝혀짐,드러냄,,141,2026-03-19,446,char:583,ep:d_nikke_arcana_fortunemate_04,동시,,확실,확정,ch16–ch17 ~,50,
F2539,사실,F2539,처음 밝혀짐,드러냄,,142,2026-04-09,447,side:pretty_star,side:pretty_star_00,동시,,확실,확정,@갓데스_폴–@2차_지상_탈환전 / @갓데스_폴–@2차_지상_탈환전 ~ @2차_지상_탈환전–ch00,14,16
F2540,사실,F2540,처음 밝혀짐,드러냄,,142,2026-04-09,447,side:pretty_star,side:pretty_star_00,동시,,확실,확정,@갓데스_폴–@2차_지상_탈환전 / @갓데스_폴–@2차_지상_탈환전 ~ @2차_지상_탈환전–ch00,14,16
F2540,사실,E1071,재언급,재언급,F2540,142,2026-04-09,448,fl:good_world,fl:good_world_06,동시,,확실,확정,ch26–ch27 ~,70,
F2541,사실,F2541,처음 밝혀짐,드러냄,,142,2026-04-09,447,side:pretty_star,side:pretty_star_00,동시,,확실,확정,@갓데스_폴–@2차_지상_탈환전 / @갓데스_폴–@2차_지상_탈환전 ~ @2차_지상_탈환전–ch00,14,16
F2542,사실,F2542,처음 밝혀짐,드러냄,,142,2026-04-09,447,side:pretty_star,side:pretty_star_01,동시,,확실,확정,@갓데스_폴–@2차_지상_탈환전 / @갓데스_폴–@2차_지상_탈환전 ~ @2차_지상_탈환전–ch00,14,16
F2543,사실,E295,암시,암시,F2543,55,2023-11-02,248,event_redash,event_redash2_03_e,앞,,확실,확정,@갓데스_투입 ~ @갓데스_투입–@궤도_엘리베이터_강습 / @궤도_엘리베이터_강습–@아크_가디언_작전 ~ @아크_가디언_작전–@방주_밀봉 / @2차_지상_탈환전–ch00,3,16
F2543,사실,F2543,처음 밝혀짐,드러냄,,142,2026-04-09,447,side:pretty_star,side:pretty_star_01,동시,,확실,확정,@갓데스_폴–@2차_지상_탈환전 / @갓데스_폴–@2차_지상_탈환전 ~ @2차_지상_탈환전–ch00,14,16
F2543,사실,F2543-2,보강,드러냄,,143,2026-04-23,450,ch45,d_main_45_09,뒤,,확실,확정,ch45,107,107
F2544,사실,F2544,처음 밝혀짐,드러냄,,142,2026-04-09,447,side:pretty_star,side:pretty_star_01,동시,,확실,확정,@갓데스_폴–@2차_지상_탈환전 / @갓데스_폴–@2차_지상_탈환전 ~ @2차_지상_탈환전–ch00,14,16
F2545,사실,F2545,처음 밝혀짐,드러냄,,142,2026-04-09,447,side:pretty_star,side:pretty_star_04,동시,,확실,확정,@갓데스_폴–@2차_지상_탈환전 / @갓데스_폴–@2차_지상_탈환전 ~ @2차_지상_탈환전–ch00,14,16
F2546,사실,E479,암시,암시,F2546,90,2024-10-31,334,ch33,d_main_33_04,앞,,추정,확정,ch33,83,83
F2546,사실,F2546,처음 밝혀짐,드러냄,,142,2026-04-09,447,side:pretty_star,side:pretty_star_02,동시,,확실,확정,@갓데스_폴–@2차_지상_탈환전 / @갓데스_폴–@2차_지상_탈환전 ~ @2차_지상_탈환전–ch00,14,16
F2546,사실,E1124,재언급,재언급,F2546,144,2026-04-23,454,event_staranis1,event_staranis1_03_e,뒤,,확실,확정,ch46–ch47 ~ ch47,110,111
F2546,사실,E1131,재언급,재언급,F2546,144,2026-04-23,454,event_staranis1,event_staranis1_05_e,뒤,,추정,확정,ch46–ch47 ~ ch47,110,111
F2546,사실,E1160,재언급,재언급,F2546,144,2026-04-23,454,event_staranis1,event_staranis2_04_e,뒤,,확실,확정,ch46–ch47 ~ ch47,110,111
F2547,사실,E1055,암시,암시,F2547,142,2026-04-09,447,side:pretty_star,side:pretty_star_04,동시,,확실,확정,@갓데스_폴–@2차_지상_탈환전 / @갓데스_폴–@2차_지상_탈환전 ~ @2차_지상_탈환전–ch00,14,16
F2547,사실,F2547,처음 밝혀짐,드러냄,,142,2026-04-09,447,side:pretty_star,side:pretty_star_05,동시,,확실,확정,@갓데스_폴–@2차_지상_탈환전 / @갓데스_폴–@2차_지상_탈환전 ~ @2차_지상_탈환전–ch00,14,16
F2547,사실,E1071,재언급,재언급,F2547,142,2026-04-09,448,fl:good_world,fl:good_world_06,동시,,확실,확정,ch26–ch27 ~,70,
F2547,사실,E1130,재언급,재언급,F2547,144,2026-04-23,454,event_staranis1,event_staranis1_05_e,뒤,,추정,확정,ch46–ch47 ~ ch47,110,111
F2547,사실,E1136,재언급,재언급,F2547,144,2026-04-23,454,event_staranis1,event_staranis1_06_s,뒤,,확실,확정,ch46–ch47 ~ ch47,110,111
F2548,사실,E1053,암시,암시,F2548,142,2026-04-09,447,side:pretty_star,side:pretty_star_03,동시,,확실,확정,@갓데스_폴–@2차_지상_탈환전 / @갓데스_폴–@2차_지상_탈환전 ~ @2차_지상_탈환전–ch00,14,16
F2548,사실,F2548,처음 밝혀짐,드러냄,,142,2026-04-09,447,side:pretty_star,side:pretty_star_05,동시,,확실,확정,@갓데스_폴–@2차_지상_탈환전 / @갓데스_폴–@2차_지상_탈환전 ~ @2차_지상_탈환전–ch00,14,16
F2549,사실,F2549,처음 밝혀짐,드러냄,,142,2026-04-09,447,side:pretty_star,side:pretty_star_07,동시,,확실,확정,@갓데스_폴–@2차_지상_탈환전 / @갓데스_폴–@2차_지상_탈환전 ~ @2차_지상_탈환전–ch00,14,16
F2550,사실,E1048,암시,암시,F2550,142,2026-04-09,447,side:pretty_star,side:pretty_star_00,동시,,확실,확정,@갓데스_폴–@2차_지상_탈환전 / @갓데스_폴–@2차_지상_탈환전 ~ @2차_지상_탈환전–ch00,14,16
F2550,사실,F2550,처음 밝혀짐,드러냄,,142,2026-04-09,447,side:pretty_star,side:pretty_star_08,동시,,확실,확정,@갓데스_폴–@2차_지상_탈환전 / @갓데스_폴–@2차_지상_탈환전 ~ @2차_지상_탈환전–ch00,14,16
F2551,사실,F2551,처음 밝혀짐,드러냄,,142,2026-04-09,447,side:pretty_star,side:pretty_star_09,동시,,확실,확정,@갓데스_폴–@2차_지상_탈환전 / @갓데스_폴–@2차_지상_탈환전 ~ @2차_지상_탈환전–ch00,14,16
F2552,사실,E480,암시,암시,F2552,90,2024-10-31,334,ch33,d_main_33_04,앞,,확실,확정,ch33,83,83
F2552,사실,F2552,처음 밝혀짐,드러냄,,142,2026-04-09,447,side:pretty_star,side:pretty_star_09,동시,,확실,확정,@갓데스_폴–@2차_지상_탈환전 / @갓데스_폴–@2차_지상_탈환전 ~ @2차_지상_탈환전–ch00,14,16
F2553,사실,F2553,처음 밝혀짐,드러냄,,142,2026-04-09,447,side:pretty_star,side:pretty_star_11,동시,,확실,확정,@갓데스_폴–@2차_지상_탈환전 / @갓데스_폴–@2차_지상_탈환전 ~ @2차_지상_탈환전–ch00,14,16
F2554,사실,E1059,암시,암시,F2554,142,2026-04-09,447,side:pretty_star,side:pretty_star_10,동시,,확실,확정,@갓데스_폴–@2차_지상_탈환전 / @갓데스_폴–@2차_지상_탈환전 ~ @2차_지상_탈환전–ch00,14,16
F2554,사실,F2554,처음 밝혀짐,드러냄,,142,2026-04-09,447,side:pretty_star,side:pretty_star_13,동시,,확실,확정,@갓데스_폴–@2차_지상_탈환전 / @갓데스_폴–@2차_지상_탈환전 ~ @2차_지상_탈환전–ch00,14,16
F2555,사실,F2555,처음 밝혀짐,드러냄,,142,2026-04-09,447,side:pretty_star,side:pretty_star_13,동시,,확실,확정,@갓데스_폴–@2차_지상_탈환전 / @갓데스_폴–@2차_지상_탈환전 ~ @2차_지상_탈환전–ch00,14,16
F2556,사실,E1276,암시,암시,F2556,17,2022-11-04,123,char:12,ep:d_nikke_anis_05,앞,,추정,확정,ch01–ch02 ~ ch02–ch03,20,22
F2556,사실,E479,암시,암시,F2556,90,2024-10-31,334,ch33,d_main_33_04,앞,,추정,확정,ch33,83,83
F2556,사실,E503,암시,암시,F2556,91,2024-10-31,336,ch34,d_main_34_05,앞,,추정,확정,ch34,85,85
F2556,사실,F2556,처음 밝혀짐,드러냄,,142,2026-04-09,447,side:pretty_star,side:pretty_star_13,동시,,확실,확정,@갓데스_폴–@2차_지상_탈환전 / @갓데스_폴–@2차_지상_탈환전 ~ @2차_지상_탈환전–ch00,14,16
F2556,사실,E1119,재언급,재언급,F2556,144,2026-04-23,454,event_staranis1,event_staranis1_01_e,뒤,,확실,확정,ch46–ch47 ~ ch47,110,111
F2556,사실,E1133,재언급,재언급,F2556,144,2026-04-23,454,event_staranis1,event_staranis1_05_e,뒤,,확실,확정,ch46–ch47 ~ ch47,110,111
F2556,사실,E1165,재언급,재언급,F2556,144,2026-04-23,454,event_staranis1,event_staranis2_06_s,뒤,,추정,확정,ch46–ch47 ~ ch47,110,111
F2557,사실,F2557,처음 밝혀짐,드러냄,,142,2026-04-09,447,side:pretty_star,side:pretty_star_13,동시,,확실,확정,@갓데스_폴–@2차_지상_탈환전 / @갓데스_폴–@2차_지상_탈환전 ~ @2차_지상_탈환전–ch00,14,16
F2557,사실,E1120,재언급,재언급,F2557,144,2026-04-23,454,event_staranis1,event_staranis1_03_s,뒤,,확실,확정,ch46–ch47 ~ ch47,110,111
F2558,사실,E1602,암시,암시,F2558,30,2023-02-22,180,char:800,ep:d_nikke_c_1_05,앞,,추정,확정,ch09–ch10 ~,36,
F2558,사실,E205,암시,암시,F2558,36,2023-04-27,204,erelic:white_memory,erelic:white_memory_12,앞,,추정,확정,@아크_가디언_작전–@방주_밀봉 ~ @방주_밀봉–@1차_지상_탈환전 / @방주_밀봉–@1차_지상_탈환전 ~ ch05–ch06,8,28
F2558,사실,E294,암시,암시,F2558,55,2023-11-02,248,event_redash,event_redash2_02_e,앞,,추정,확정,@갓데스_투입 ~ @갓데스_투입–@궤도_엘리베이터_강습 / @궤도_엘리베이터_강습–@아크_가디언_작전 ~ @아크_가디언_작전–@방주_밀봉 / @2차_지상_탈환전–ch00,3,16
F2558,사실,E724,암시,암시,F2558,111,2025-05-15,383,event_arcanearchive,event_arcanearchive_05_s,앞,,추정,확정,ch26–ch27 ~,70,
F2558,사실,E990,암시,암시,F2558,133,2025-12-30,428,fl:ark_guardian,fl:ark_guardian_18,앞,,추정,확정,ch40–ch41 ~ ch41,98,99
F2558,사실,F2558,처음 밝혀짐,드러냄,,142,2026-04-09,447,side:pretty_star,side:pretty_star_14,동시,,확실,확정,@갓데스_폴–@2차_지상_탈환전 / @갓데스_폴–@2차_지상_탈환전 ~ @2차_지상_탈환전–ch00,14,16
F2559,사실,F2559,처음 밝혀짐,드러냄,,142,2026-04-09,447,side:pretty_star,side:pretty_star_14,동시,,확실,확정,@갓데스_폴–@2차_지상_탈환전 / @갓데스_폴–@2차_지상_탈환전 ~ @2차_지상_탈환전–ch00,14,16
F2560,사실,F2560,처음 밝혀짐,드러냄,,142,2026-04-09,448,fl:good_world,fl:good_world_00,동시,,확실,확정,ch26–ch27 ~,70,
F2561,사실,F2561,처음 밝혀짐,드러냄,,142,2026-04-09,448,fl:good_world,fl:good_world_08,동시,,확실,확정,ch26–ch27 ~,70,
F2562,사실,F2562,처음 밝혀짐,드러냄,,142,2026-04-09,448,fl:good_world,fl:good_world_06,동시,,확실,확정,ch26–ch27 ~,70,
F2563,사실,F2563,처음 밝혀짐,드러냄,,142,2026-04-09,448,fl:good_world,fl:good_world_05,동시,,확실,확정,ch26–ch27 ~,70,
F2564,사실,F2564,처음 밝혀짐,드러냄,,142,2026-04-09,448,fl:good_world,fl:good_world_07,동시,,확실,확정,ch26–ch27 ~,70,
F2565,사실,F2565,처음 밝혀짐,드러냄,,142,2026-04-09,448,fl:good_world,fl:good_world_10,동시,,확실,확정,ch26–ch27 ~,70,
F2566,사실,E1068,암시,암시,F2566,142,2026-04-09,448,fl:good_world,fl:good_world_03,동시,,확실,확정,ch26–ch27 ~,70,
F2566,사실,F2566,처음 밝혀짐,드러냄,,142,2026-04-09,448,fl:good_world,fl:good_world_04,동시,,확실,확정,ch26–ch27 ~,70,
F2567,사실,F2567,처음 밝혀짐,드러냄,,142,2026-04-09,448,fl:good_world,fl:good_world_12,동시,,확실,확정,ch26–ch27 ~,70,
F2567,사실,E1094,재언급,재언급,F2567,143,2026-04-23,451,relic:신에게닿기위한탑,relic:신에게닿기위한탑_01,뒤,,추정,확정,~ @랩쳐_침공 전,,0
F2568,사실,E1070,암시,암시,F2568,142,2026-04-09,448,fl:good_world,fl:good_world_06,동시,,확실,확정,ch26–ch27 ~,70,
F2568,사실,F2568,처음 밝혀짐,드러냄,,142,2026-04-09,448,fl:good_world,fl:good_world_12,동시,,확실,확정,ch26–ch27 ~,70,
F2569,사실,E1072,암시,암시,F2569,142,2026-04-09,448,fl:good_world,fl:good_world_07,동시,,확실,확정,ch26–ch27 ~,70,
F2569,사실,F2569,처음 밝혀짐,드러냄,,142,2026-04-09,448,fl:good_world,fl:good_world_13,동시,,확실,확정,ch26–ch27 ~,70,
F2570,사실,F2570,처음 밝혀짐,드러냄,,142,2026-04-09,448,fl:good_world,fl:good_world_14,동시,,확실,확정,ch26–ch27 ~,70,
F2571,사실,F2571,처음 밝혀짐,드러냄,,142,2026-04-09,449,char:620,ep:d_nikke_snowcrane_01,동시,,확실,확정,ch26–ch27 ~,70,
F2572,사실,F2572,처음 밝혀짐,드러냄,,143,2026-04-23,450,ch45,d_main_45_01,동시,,확실,확정,ch45,107,107
F2573,사실,F2573,처음 밝혀짐,드러냄,,143,2026-04-23,450,ch45,d_main_45_01,동시,,확실,확정,ch45,107,107
F2574,사실,F2574,처음 밝혀짐,드러냄,,143,2026-04-23,450,ch45,d_main_45_01,동시,,확실,확정,ch45,107,107
F2575,사실,F2575,처음 밝혀짐,드러냄,,143,2026-04-23,450,ch45,d_main_45_02,동시,,확실,확정,ch45,107,107
F2576,사실,E925,암시,암시,F2576,128,2025-10-30,416,ch42,d_main_42_af_04,앞,,추정,확정,ch42,101,101
F2576,사실,F2576,처음 밝혀짐,드러냄,,143,2026-04-23,450,ch45,d_main_45_03,동시,,확실,확정,ch45,107,107
F2576,사실,E1173,재언급,재언급,F2576,148,2026-06-11,462,fl:ark_ranger,fl:ark_ranger_13,뒤,,확실,확정,~ ch21–ch22 / ch22 / ch42 / ch45 / ch46–ch47 ~ ch47,,111
F2577,사실,F2577,처음 밝혀짐,드러냄,,143,2026-04-23,450,ch45,d_main_45_03,동시,,확실,확정,ch45,107,107
F2578,사실,F2578,처음 밝혀짐,드러냄,,143,2026-04-23,450,ch45,d_main_45_03,동시,,확실,확정,ch45,107,107
F2579,사실,F2579,처음 밝혀짐,드러냄,,143,2026-04-23,450,ch45,d_main_45_03,동시,,확실,확정,ch45,107,107
F2580,사실,F2580,처음 밝혀짐,드러냄,,143,2026-04-23,450,ch45,d_main_45_04,동시,,확실,확정,ch45,107,107
F2581,사실,E348,암시,암시,F2581,66,2024-02-22,280,event_boomsday,event_boomsday_04_s,앞,,확실,확정,ch07–ch08 ~ ch26–ch27,32,70
F2581,사실,E419,암시,암시,F2581,74,2024-05-16,298,event_darkhero,event_darkhero_02_e,앞,,확실,확정,ch26 ~ ch26–ch27,69,70
F2581,사실,E583,암시,암시,F2581,98,2025-01-16,353,event_wisdomspring,event_wisdomspring_06_s,앞,,추정,확정,ch34–ch35 ~,86,
F2581,사실,F2581,처음 밝혀짐,드러냄,,143,2026-04-23,450,ch45,d_main_45_04,동시,,확실,확정,ch45,107,107
F2582,사실,F2582,처음 밝혀짐,드러냄,,143,2026-04-23,450,ch45,d_main_45_04,동시,,확실,확정,ch45,107,107
F2583,사실,F2583,처음 밝혀짐,드러냄,,143,2026-04-23,450,ch45,d_main_45_05,동시,,확실,확정,ch45,107,107
F2584,사실,F2584,처음 밝혀짐,드러냄,,143,2026-04-23,450,ch45,d_main_45_05,동시,,확실,확정,ch45,107,107
F2585,사실,F2585,처음 밝혀짐,드러냄,,143,2026-04-23,450,ch45,d_main_45_05,동시,,확실,확정,ch45,107,107
F2586,사실,F2586,처음 밝혀짐,드러냄,,143,2026-04-23,450,ch45,d_main_45_05,동시,,확실,확정,ch45,107,107
F2587,사실,F2587,처음 밝혀짐,드러냄,,143,2026-04-23,450,ch45,d_main_45_05,동시,,확실,확정,ch45,107,107
F2588,사실,F2588,처음 밝혀짐,드러냄,,143,2026-04-23,450,ch45,d_main_45_07,동시,,확실,확정,ch45,107,107
F2589,사실,F2589,처음 밝혀짐,드러냄,,143,2026-04-23,450,ch45,d_main_45_07,동시,,확실,확정,ch45,107,107
F2590,사실,F2590,처음 밝혀짐,드러냄,,143,2026-04-23,450,ch45,d_main_45_07,동시,,확실,확정,ch45,107,107
F2591,사실,F2591,처음 밝혀짐,드러냄,,143,2026-04-23,450,ch45,d_main_45_08,동시,,확실,확정,ch45,107,107
F2592,사실,F2592,처음 밝혀짐,드러냄,,143,2026-04-23,450,ch45,d_main_45_08,동시,,확실,확정,ch45,107,107
F2593,사실,E1079,암시,암시,F2593,143,2026-04-23,450,ch45,d_main_45_01,동시,,확실,확정,ch45,107,107
F2593,사실,F2593,처음 밝혀짐,드러냄,,143,2026-04-23,450,ch45,d_main_45_08,동시,,확실,확정,ch45,107,107
F2593,사실,E1181,재언급,재언급,F2593,148,2026-06-11,462,fl:ark_ranger,fl:ark_ranger_25,뒤,,확실,확정,~ ch21–ch22 / ch22 / ch42 / ch45 / ch46–ch47 ~ ch47,,111
F2594,사실,F2594,처음 밝혀짐,드러냄,,143,2026-04-23,450,ch45,d_main_45_08,동시,,확실,확정,ch45,107,107
F2595,사실,F2595,처음 밝혀짐,드러냄,,143,2026-04-23,450,ch45,d_main_45_09,동시,,확실,확정,ch45,107,107
F2596,사실,E738,암시,암시,F2596,112,2025-05-29,385,event_lordforjustice,event_lordforjustice_04_s,앞,,추정,확정,ch26–ch27 ~,70,
F2596,사실,F2596,처음 밝혀짐,드러냄,,143,2026-04-23,450,ch45,d_main_45_09,동시,,확실,확정,ch45,107,107
F2597,사실,F2597,처음 밝혀짐,드러냄,,143,2026-04-23,450,ch45,d_main_45_09,동시,,확실,확정,ch45,107,107
F2598,사실,F2598,처음 밝혀짐,드러냄,,143,2026-04-23,450,ch45,d_main_45_09,동시,,확실,확정,ch45,107,107
F2599,사실,E1051,암시,암시,F2599,142,2026-04-09,447,side:pretty_star,side:pretty_star_01,앞,,확실,확정,@갓데스_폴–@2차_지상_탈환전 / @갓데스_폴–@2차_지상_탈환전 ~ @2차_지상_탈환전–ch00,14,16
F2599,사실,F2599,처음 밝혀짐,드러냄,,143,2026-04-23,450,ch45,d_main_45_09,동시,,확실,확정,ch45,107,107
F2600,사실,E1080,암시,암시,F2600,143,2026-04-23,450,ch45,d_main_45_02,동시,,확실,확정,ch45,107,107
F2600,사실,F2600,처음 밝혀짐,드러냄,,143,2026-04-23,450,ch45,d_main_45_09,동시,,확실,확정,ch45,107,107
F2601,사실,F2601,처음 밝혀짐,드러냄,,143,2026-04-23,450,ch45,d_main_45_10,동시,,확실,확정,ch45,107,107
F2602,사실,F2602,처음 밝혀짐,드러냄,,143,2026-04-23,450,ch45,d_main_45_10,동시,,확실,확정,ch45,107,107
F2603,사실,F2603,처음 밝혀짐,드러냄,,143,2026-04-23,450,ch45,d_main_45_10,동시,,확실,확정,ch45,107,107
F2604,사실,E383,암시,암시,F2604,73,2024-04-25,293,ch30,d_main_30_03_s,앞,,추정,확정,ch30,77,77
F2604,사실,F2604,처음 밝혀짐,드러냄,,143,2026-04-23,450,ch45,d_main_45_10,동시,,확실,확정,ch45,107,107
F2605,사실,F2605,처음 밝혀짐,드러냄,,143,2026-04-23,450,ch45,d_main_45_11,동시,,확실,확정,ch45,107,107
F2606,사실,E425,암시,암시,F2606,78,2024-07-04,305,event_beautyfullshot1,event_beautyfullshot1_03_e,앞,,추정,확정,ch22–ch23 ~,62,
F2606,사실,E793,암시,암시,F2606,116,2025-07-17,393,fl:boom_the_ghost,fl:boom_the_ghost_26,앞,,추정,확정,ch38–ch39 ~,94,
F2606,사실,F2606,처음 밝혀짐,드러냄,,143,2026-04-23,450,ch45,d_main_45_11,동시,,확실,확정,ch45,107,107
F2606,사실,E1178,재언급,재언급,F2606,148,2026-06-11,462,fl:ark_ranger,fl:ark_ranger_17,뒤,,확실,확정,~ ch21–ch22 / ch22 / ch42 / ch45 / ch46–ch47 ~ ch47,,111
F2607,사실,F2607,처음 밝혀짐,드러냄,,143,2026-04-23,450,ch45,d_main_45_11,동시,,확실,확정,ch45,107,107
F2608,사실,F2608,처음 밝혀짐,드러냄,,143,2026-04-23,450,ch45,d_main_45_11,동시,,확실,확정,ch45,107,107
F2609,사실,E650,암시,암시,F2609,108,2025-04-24,373,ch37,d_main_37_04,앞,,확실,확정,ch37,91,91
F2609,사실,F2609,처음 밝혀짐,드러냄,,143,2026-04-23,450,ch45,d_main_45_06,동시,,확실,확정,ch45,107,107
F2609,사실,E1111,재언급,재언급,F2609,144,2026-04-23,452,ch46,d_main_46_af_02,뒤,,확실,확정,ch46,109,109
F2610,사실,F2610,처음 밝혀짐,드러냄,,143,2026-04-23,451,relic:신에게닿기위한탑,relic:신에게닿기위한탑_00,동시,,확실,확정,~ @랩쳐_침공 전,,0
F2610,사실,F2610-2,보강,드러냄,,144,2026-04-23,453,relic:궤도엘리베이터음모론,relic:궤도엘리베이터음모론_01,뒤,,추정,확정,@갓데스_투입–@궤도_엘리베이터_강습 ~ @아크_가디언_작전–@방주_밀봉,4,8
F2611,사실,F2611,처음 밝혀짐,드러냄,,143,2026-04-23,451,relic:신에게닿기위한탑,relic:신에게닿기위한탑_02,동시,,확실,확정,~ @랩쳐_침공 전,,0
F2612,사실,F2612,처음 밝혀짐,드러냄,,144,2026-04-23,452,ch46,d_main_46_01,동시,,확실,확정,ch46,109,109
F2613,사실,F2613,처음 밝혀짐,드러냄,,144,2026-04-23,452,ch46,d_main_46_03,동시,,확실,확정,ch46,109,109
F2614,사실,F2614,처음 밝혀짐,드러냄,,144,2026-04-23,452,ch46,d_main_46_04,동시,,확실,확정,ch46,109,109
F2615,사실,F2615,처음 밝혀짐,드러냄,,144,2026-04-23,452,ch46,d_main_46_05,동시,,확실,확정,ch46,109,109
F2615,사실,E1118,재언급,재언급,F2615,144,2026-04-23,453,relic:궤도엘리베이터음모론,relic:궤도엘리베이터음모론_00,동시,,추정,확정,@갓데스_투입–@궤도_엘리베이터_강습 ~ @아크_가디언_작전–@방주_밀봉,4,8
F2616,사실,F2616,처음 밝혀짐,드러냄,,144,2026-04-23,452,ch46,d_main_46_05,동시,,확실,확정,ch46,109,109
F2617,사실,F2617,처음 밝혀짐,드러냄,,144,2026-04-23,452,ch46,d_main_46_05,동시,,확실,확정,ch46,109,109
F2617,사실,E1209,재언급,재언급,F2617,153,2026-08-13,470,ch47,d_main_47_03,뒤,,확실,확정,ch47,111,111
F2617,사실,E1234,재언급,재언급,F2617,154,2026-08-13,472,ch48,d_main_48_06_e,뒤,,확실,확정,ch48,113,113
F2618,사실,F2618,처음 밝혀짐,드러냄,,144,2026-04-23,452,ch46,d_main_46_05,동시,,확실,확정,ch46,109,109
F2619,사실,E315,암시,암시,F2619,59,2023-12-28,258,event_newyearnewsword,event_newyearnewsword_epilogue,앞,,추정,확정,ch14–ch15 ~,46,
F2619,사실,F2619,처음 밝혀짐,드러냄,,144,2026-04-23,452,ch46,d_main_46_06,동시,,확실,확정,ch46,109,109
F2620,사실,F2620,처음 밝혀짐,드러냄,,144,2026-04-23,452,ch46,d_main_46_06,동시,,확실,확정,ch46,109,109
F2621,사실,F2621,처음 밝혀짐,드러냄,,144,2026-04-23,452,ch46,d_main_46_07,동시,,확실,확정,ch46,109,109
F2622,사실,F2622,처음 밝혀짐,드러냄,,144,2026-04-23,452,ch46,d_main_46_07,동시,,확실,확정,ch46,109,109
F2623,사실,F2623,처음 밝혀짐,드러냄,,144,2026-04-23,452,ch46,d_main_46_07,동시,,확실,확정,ch46,109,109
F2624,사실,E621,암시,암시,F2624,102,2025-02-20,360,ch36,d_main_36_03_s,앞,,추정,확정,ch36,89,89
F2624,사실,E662,암시,암시,F2624,109,2025-04-24,375,ch38,d_main_38_04,앞,,추정,확정,ch38,93,93
F2624,사실,F2624,처음 밝혀짐,드러냄,,144,2026-04-23,452,ch46,d_main_46_08,동시,,확실,확정,ch46,109,109
F2625,사실,F2625,처음 밝혀짐,드러냄,,144,2026-04-23,452,ch46,d_main_46_08,동시,,확실,확정,ch46,109,109
F2626,사실,F2626,처음 밝혀짐,드러냄,,144,2026-04-23,452,ch46,d_main_46_09,동시,,확실,확정,ch46,109,109
F2627,사실,F2627,처음 밝혀짐,드러냄,,144,2026-04-23,452,ch46,d_main_46_10,동시,,확실,확정,ch46,109,109
F2628,사실,F2628,처음 밝혀짐,드러냄,,144,2026-04-23,452,ch46,d_main_46_10,동시,,확실,확정,ch46,109,109
F2629,사실,F2629,처음 밝혀짐,드러냄,,144,2026-04-23,452,ch46,d_main_46_10,동시,,확실,확정,ch46,109,109
F2630,사실,F2630,처음 밝혀짐,드러냄,,144,2026-04-23,452,ch46,d_main_46_11,동시,,확실,확정,ch46,109,109
F2630,사실,E1235,재언급,재언급,F2630,154,2026-08-13,472,ch48,d_main_48_06_e,뒤,,확실,확정,ch48,113,113
F2631,사실,F2631,처음 밝혀짐,드러냄,,144,2026-04-23,452,ch46,d_main_46_11,동시,,확실,확정,ch46,109,109
F2632,사실,F2632,처음 밝혀짐,드러냄,,144,2026-04-23,452,ch46,d_main_46_11,동시,,확실,확정,ch46,109,109
F2632,사실,E1245,재언급,재언급,F2632,154,2026-08-13,473,relic:불길한_소리.wav,relic:불길한_소리.wav_01,뒤,,추정,확정,ch45–ch46 ~ ch46–ch47,108,110
F2633,사실,E1624,암시,암시,F2633,128,2025-10-30,420,char:223,ep:d_nikke_nayuta_05,앞,,추정,확정,ch39,95,95
F2633,사실,E1106,암시,암시,F2633,144,2026-04-23,452,ch46,d_main_46_10,동시,,추정,확정,ch46,109,109
F2633,사실,F2633,처음 밝혀짐,드러냄,,144,2026-04-23,452,ch46,d_main_46_11,동시,,확실,확정,ch46,109,109
F2634,사실,E1103,암시,암시,F2634,144,2026-04-23,452,ch46,d_main_46_08,동시,,확실,확정,ch46,109,109
F2634,사실,F2634,처음 밝혀짐,드러냄,,144,2026-04-23,452,ch46,d_main_46_af_01,동시,,확실,확정,ch46,109,109
F2635,사실,F2635,처음 밝혀짐,드러냄,,144,2026-04-23,452,ch46,d_main_46_af_01,동시,,확실,확정,ch46,109,109
F2636,사실,F2636,처음 밝혀짐,드러냄,,144,2026-04-23,452,ch46,d_main_46_af_02,동시,,확실,확정,ch46,109,109
F2637,사실,F2637,처음 밝혀짐,드러냄,,144,2026-04-23,452,ch46,d_main_46_af_02,동시,,확실,확정,ch46,109,109
F2638,사실,F2638,처음 밝혀짐,드러냄,,144,2026-04-23,452,ch46,d_main_46_af_02,동시,,확실,확정,ch46,109,109
F2639,사실,F2639,처음 밝혀짐,드러냄,,144,2026-04-23,452,ch46,d_main_46_af_02,동시,,확실,확정,ch46,109,109
F2640,사실,F2640,처음 밝혀짐,드러냄,,144,2026-04-23,452,ch46,d_main_46_af_02,동시,,확실,확정,ch46,109,109
F2641,사실,F2641,처음 밝혀짐,드러냄,,144,2026-04-23,452,ch46,d_main_46_af_02,동시,,확실,확정,ch46,109,109
F2642,사실,E794,암시,암시,F2642,116,2025-07-17,393,fl:boom_the_ghost,fl:boom_the_ghost_27,앞,,확실,확정,ch38–ch39 ~,94,
F2642,사실,E795,암시,암시,F2642,116,2025-07-17,393,fl:boom_the_ghost,fl:boom_the_ghost_24,앞,,추정,확정,ch38–ch39 ~,94,
F2642,사실,E1618,암시,암시,F2642,116,2025-07-17,394,char:234,ep:d_nikke_dorothy_serendipity_04,앞,,추정,확정,ch38–ch39 ~,94,
F2642,사실,E1107,암시,암시,F2642,144,2026-04-23,452,ch46,d_main_46_10,동시,,추정,확정,ch46,109,109
F2642,사실,F2642,처음 밝혀짐,드러냄,,144,2026-04-23,452,ch46,d_main_46_af_03,동시,,확실,확정,ch46,109,109
F2643,사실,E177,암시,암시,F2643,36,2023-04-27,197,ch22,d_main_22_12_e,앞,,추정,확정,ch22,61,61
F2643,사실,E204,암시,암시,F2643,36,2023-04-27,203,event_overzone,event_overzone2_06_e,앞,,확실,확정,@2차_지상_탈환전–ch00,16,16
F2643,사실,E242,암시,암시,F2643,44,2023-07-20,221,ch24,d_main_24_11,앞,,추정,확정,ch24,65,65
F2643,사실,E252,암시,암시,F2643,54,2023-11-02,241,ch25,d_main_25_03_e,앞,,추정,확정,ch25,67,67
F2643,사실,E272,암시,암시,F2643,55,2023-11-02,244,ch26,d_main_26_09,앞,,추정,확정,ch26,69,69
F2643,사실,E1088,암시,암시,F2643,143,2026-04-23,450,ch45,d_main_45_09,앞,,확실,확정,ch45,107,107
F2643,사실,F2643,처음 밝혀짐,드러냄,,144,2026-04-23,452,ch46,d_main_46_af_04,동시,,확실,확정,ch46,109,109
F2644,사실,F2644,처음 밝혀짐,드러냄,,144,2026-04-23,452,ch46,d_main_46_af_04,동시,,확실,확정,ch46,109,109
F2645,사실,F2645,처음 밝혀짐,드러냄,,144,2026-04-23,452,ch46,d_main_46_af_04,동시,,확실,확정,ch46,109,109
F2646,사실,E1034,암시,암시,F2646,138,2026-02-12,436,ch44,d_main_44_af_07,앞,,추정,확정,ch44,105,105
F2646,사실,F2646,처음 밝혀짐,드러냄,,144,2026-04-23,452,ch46,d_main_46_af_05,동시,,확실,확정,ch46,109,109
F2647,사실,F2647,처음 밝혀짐,드러냄,,144,2026-04-23,452,ch46,d_main_46_af_05,동시,,확실,확정,ch46,109,109
F2648,사실,E1112,암시,암시,F2648,144,2026-04-23,452,ch46,d_main_46_af_02,동시,,추정,확정,ch46,109,109
F2648,사실,F2648,처음 밝혀짐,드러냄,,144,2026-04-23,452,ch46,d_main_46_af_06,동시,,확실,확정,ch46,109,109
F2649,사실,E58,암시,암시,F2649,8,2022-11-04,42,ch07,d_main_07_06_e,앞,,추정,확정,ch07,31,31
F2649,사실,E201,암시,암시,F2649,36,2023-04-27,203,event_overzone,event_overzone2_04_e,앞,,확실,확정,@2차_지상_탈환전–ch00,16,16
F2649,사실,E725,암시,암시,F2649,111,2025-05-15,383,event_arcanearchive,event_arcanearchive_05_e,앞,,추정,확정,ch26–ch27 ~,70,
F2649,사실,F2649,처음 밝혀짐,드러냄,,144,2026-04-23,452,ch46,d_main_46_af_06,동시,,확실,확정,ch46,109,109
F2650,사실,F2650,처음 밝혀짐,드러냄,,144,2026-04-23,452,ch46,d_main_46_af_06,동시,,확실,확정,ch46,109,109
F2651,사실,E193,암시,암시,F2651,36,2023-04-27,203,event_overzone,event_overzone1_06_s,앞,,추정,확정,@2차_지상_탈환전–ch00,16,16
F2651,사실,E1066,암시,암시,F2651,142,2026-04-09,447,side:pretty_star,side:pretty_star_14,앞,,확실,확정,@갓데스_폴–@2차_지상_탈환전 / @갓데스_폴–@2차_지상_탈환전 ~ @2차_지상_탈환전–ch00,14,16
F2651,사실,F2651,처음 밝혀짐,드러냄,,144,2026-04-23,452,ch46,d_main_46_af_06,동시,,확실,확정,ch46,109,109
F2651,사실,E1208,재언급,재언급,F2651,153,2026-08-13,470,ch47,d_main_47_03,뒤,,확실,확정,ch47,111,111
F2651,사실,E1237,재언급,재언급,F2651,154,2026-08-13,472,ch48,d_main_48_07,뒤,,확실,확정,ch48,113,113
F2652,사실,F2652,처음 밝혀짐,드러냄,,144,2026-04-23,452,ch46,d_main_46_af_06,동시,,확실,확정,ch46,109,109
F2653,사실,F2653,처음 밝혀짐,드러냄,,144,2026-04-23,452,ch46,d_main_46_af_07,동시,,확실,확정,ch46,109,109
F2654,사실,E27,암시,암시,F2654,5,2022-11-04,8,ch04,d_main_04af_07,앞,,추정,확정,ch04,25,25
F2654,사실,E985,암시,암시,F2654,133,2025-12-30,428,fl:ark_guardian,fl:ark_guardian_16,앞,,확실,확정,ch40–ch41 ~ ch41,98,99
F2654,사실,E988,암시,암시,F2654,133,2025-12-30,428,fl:ark_guardian,fl:ark_guardian_18,앞,,확실,확정,ch40–ch41 ~ ch41,98,99
F2654,사실,F2654,처음 밝혀짐,드러냄,,144,2026-04-23,452,ch46,d_main_46_af_07,동시,,확실,확정,ch46,109,109
F2655,사실,F2655,처음 밝혀짐,드러냄,,144,2026-04-23,452,ch46,d_main_46_af_07,동시,,확실,확정,ch46,109,109
F2656,사실,F2656,처음 밝혀짐,드러냄,,144,2026-04-23,452,ch46,d_main_46_af_08,동시,,확실,확정,ch46,109,109
F2657,사실,E352,암시,암시,F2657,66,2024-02-22,280,event_boomsday,event_boomsday_epilogue,앞,,추정,확정,ch07–ch08 ~ ch26–ch27,32,70
F2657,사실,E425,암시,암시,F2657,78,2024-07-04,305,event_beautyfullshot1,event_beautyfullshot1_03_e,앞,,추정,확정,ch22–ch23 ~,62,
F2657,사실,E1084,암시,암시,F2657,143,2026-04-23,450,ch45,d_main_45_04,앞,,추정,확정,ch45,107,107
F2657,사실,F2657,처음 밝혀짐,드러냄,,144,2026-04-23,452,ch46,d_main_46_af_08,동시,,확실,확정,ch46,109,109
F2657,사실,E1223,재언급,재언급,F2657,153,2026-08-13,470,ch47,d_main_47_06,뒤,,확실,확정,ch47,111,111
F2658,사실,F2658,처음 밝혀짐,드러냄,,144,2026-04-23,452,ch46,d_main_46_af_08,동시,,확실,확정,ch46,109,109
F2659,사실,F2659,처음 밝혀짐,드러냄,,144,2026-04-23,452,ch46,d_main_46_af_08,동시,,확실,확정,ch46,109,109
F2660,사실,E1077,암시,암시,F2660,142,2026-04-09,448,fl:good_world,fl:good_world_13,앞,,추정,확정,ch26–ch27 ~,70,
F2660,사실,F2660,처음 밝혀짐,드러냄,,144,2026-04-23,452,ch46,d_main_46_af_08,동시,,확실,확정,ch46,109,109
F2661,사실,F2661,처음 밝혀짐,드러냄,,144,2026-04-23,452,ch46,d_main_46_af_08,동시,,확실,확정,ch46,109,109
F2662,사실,F2662,처음 밝혀짐,드러냄,,144,2026-04-23,452,ch46,d_main_46_af_09,동시,,확실,확정,ch46,109,109
F2663,사실,E930,암시,암시,F2663,128,2025-10-30,416,ch42,d_main_42_af_09,앞,,확실,확정,ch42,101,101
F2663,사실,E1018,암시,암시,F2663,138,2026-02-12,436,ch44,d_main_44_02,앞,,확실,확정,ch44,105,105
F2663,사실,F2663,처음 밝혀짐,드러냄,,144,2026-04-23,452,ch46,d_main_46_af_10,동시,,확실,확정,ch46,109,109
F2664,사실,F2664,처음 밝혀짐,드러냄,,144,2026-04-23,453,relic:궤도엘리베이터음모론,relic:궤도엘리베이터음모론_00,동시,,확실,확정,@갓데스_투입–@궤도_엘리베이터_강습 ~ @아크_가디언_작전–@방주_밀봉,4,8
F2665,사실,F2665,처음 밝혀짐,드러냄,,144,2026-04-23,453,relic:궤도엘리베이터음모론,relic:궤도엘리베이터음모론_01,동시,,확실,확정,@갓데스_투입–@궤도_엘리베이터_강습 ~ @아크_가디언_작전–@방주_밀봉,4,8
F2666,사실,F2666,처음 밝혀짐,드러냄,,144,2026-04-23,453,relic:궤도엘리베이터음모론,relic:궤도엘리베이터음모론_02,동시,,확실,확정,@갓데스_투입–@궤도_엘리베이터_강습 ~ @아크_가디언_작전–@방주_밀봉,4,8
F2667,사실,F2667,처음 밝혀짐,드러냄,,144,2026-04-23,453,relic:궤도엘리베이터음모론,relic:궤도엘리베이터음모론_03,동시,,확실,확정,@갓데스_투입–@궤도_엘리베이터_강습 ~ @아크_가디언_작전–@방주_밀봉,4,8
F2668,사실,F2668,처음 밝혀짐,드러냄,,144,2026-04-23,454,event_staranis1,event_staranis1_prologue,동시,,확실,확정,ch46–ch47 ~ ch47,110,111
F2669,사실,F2669,처음 밝혀짐,드러냄,,144,2026-04-23,454,event_staranis1,event_staranis1_01_s,동시,,확실,확정,ch46–ch47 ~ ch47,110,111
F2669,사실,E1538,재언급,재언급,F2669,147,2026-05-28,460,fl:bitter_spice,fl:bitter_spice_09,뒤,,추정,확정,ch46–ch47 ~,110,
F2670,사실,F2670,처음 밝혀짐,드러냄,,144,2026-04-23,454,event_staranis1,event_staranis1_01_s,동시,,확실,확정,ch46–ch47 ~ ch47,110,111
F2671,사실,F2671,처음 밝혀짐,드러냄,,144,2026-04-23,454,event_staranis1,event_staranis1_01_s,동시,,확실,확정,ch46–ch47 ~ ch47,110,111
F2672,사실,F2672,처음 밝혀짐,드러냄,,144,2026-04-23,454,event_staranis1,event_staranis1_01_e,동시,,확실,확정,ch46–ch47 ~ ch47,110,111
F2673,사실,E1147,재언급,재언급,F2673,144,2026-04-23,454,event_staranis1,event_staranis2_02_s,동시,,확실,확정,ch46–ch47 ~ ch47,110,111
F2673,사실,F2673,처음 밝혀짐,드러냄,,144,2026-04-23,454,event_staranis1,event_staranis1_02_s,동시,,확실,확정,ch46–ch47 ~ ch47,110,111
F2674,사실,E1054,암시,암시,F2674,142,2026-04-09,447,side:pretty_star,side:pretty_star_04,앞,,추정,확정,@갓데스_폴–@2차_지상_탈환전 / @갓데스_폴–@2차_지상_탈환전 ~ @2차_지상_탈환전–ch00,14,16
F2674,사실,F2674,처음 밝혀짐,드러냄,,144,2026-04-23,454,event_staranis1,event_staranis1_03_s,동시,,확실,확정,ch46–ch47 ~ ch47,110,111
F2675,사실,E1152,재언급,재언급,F2675,144,2026-04-23,454,event_staranis1,event_staranis2_03_s,동시,,확실,확정,ch46–ch47 ~ ch47,110,111
F2675,사실,F2675,처음 밝혀짐,드러냄,,144,2026-04-23,454,event_staranis1,event_staranis1_03_s,동시,,확실,확정,ch46–ch47 ~ ch47,110,111
F2676,사실,F2676,처음 밝혀짐,드러냄,,144,2026-04-23,454,event_staranis1,event_staranis1_03_s,동시,,확실,확정,ch46–ch47 ~ ch47,110,111
F2677,사실,F2677,처음 밝혀짐,드러냄,,144,2026-04-23,454,event_staranis1,event_staranis1_03_e,동시,,확실,확정,ch46–ch47 ~ ch47,110,111
F2678,사실,F2678,처음 밝혀짐,드러냄,,144,2026-04-23,454,event_staranis1,event_staranis1_intermission_01,동시,,확실,확정,ch46–ch47 ~ ch47,110,111
F2679,사실,E1062,암시,암시,F2679,142,2026-04-09,447,side:pretty_star,side:pretty_star_12,앞,,확실,확정,@갓데스_폴–@2차_지상_탈환전 / @갓데스_폴–@2차_지상_탈환전 ~ @2차_지상_탈환전–ch00,14,16
F2679,사실,F2679,처음 밝혀짐,드러냄,,144,2026-04-23,454,event_staranis1,event_staranis1_04_s,동시,,확실,확정,ch46–ch47 ~ ch47,110,111
F2680,사실,E1127,암시,암시,F2680,144,2026-04-23,454,event_staranis1,event_staranis1_04_e,동시,,추정,확정,ch46–ch47 ~ ch47,110,111
F2680,사실,F2680,처음 밝혀짐,드러냄,,144,2026-04-23,454,event_staranis1,event_staranis1_05_s,동시,,확실,확정,ch46–ch47 ~ ch47,110,111
F2681,사실,F2681,처음 밝혀짐,드러냄,,144,2026-04-23,454,event_staranis1,event_staranis1_05_e,동시,,확실,확정,ch46–ch47 ~ ch47,110,111
F2681,사실,E1561,재언급,재언급,F2681,154,2026-08-13,474,fl:persona_on_frontline,fl:persona_on_frontline_05,뒤,,추정,확정,ch22–ch23 ~,62,
F2681,사실,E1578,재언급,재언급,F2681,154,2026-08-13,474,fl:persona_on_frontline,fl:persona_on_frontline_23,뒤,,추정,확정,ch22–ch23 ~,62,
F2682,사실,F2682,처음 밝혀짐,드러냄,,144,2026-04-23,454,event_staranis1,event_staranis1_05_e,동시,,확실,확정,ch46–ch47 ~ ch47,110,111
F2683,사실,F2683,처음 밝혀짐,드러냄,,144,2026-04-23,454,event_staranis1,event_staranis1_06_s,동시,,확실,확정,ch46–ch47 ~ ch47,110,111
F2684,사실,E1121,암시,암시,F2684,144,2026-04-23,454,event_staranis1,event_staranis1_03_s,동시,,추정,확정,ch46–ch47 ~ ch47,110,111
F2684,사실,E1134,암시,암시,F2684,144,2026-04-23,454,event_staranis1,event_staranis1_05_e,동시,,추정,확정,ch46–ch47 ~ ch47,110,111
F2684,사실,E1150,재언급,재언급,F2684,144,2026-04-23,454,event_staranis1,event_staranis2_02_e,동시,,확실,확정,ch46–ch47 ~ ch47,110,111
F2684,사실,F2684,처음 밝혀짐,드러냄,,144,2026-04-23,454,event_staranis1,event_staranis1_06_s,동시,,확실,확정,ch46–ch47 ~ ch47,110,111
F2685,사실,E1125,암시,암시,F2685,144,2026-04-23,454,event_staranis1,event_staranis1_intermission_01,동시,,확실,확정,ch46–ch47 ~ ch47,110,111
F2685,사실,F2685,처음 밝혀짐,드러냄,,144,2026-04-23,454,event_staranis1,event_staranis1_06_e,동시,,확실,확정,ch46–ch47 ~ ch47,110,111
F2686,사실,F2686,처음 밝혀짐,드러냄,,144,2026-04-23,454,event_staranis1,event_staranis1_06_e,동시,,확실,확정,ch46–ch47 ~ ch47,110,111
F2687,사실,F2687,처음 밝혀짐,드러냄,,144,2026-04-23,454,event_staranis1,event_staranis2_01_s,동시,,확실,확정,ch46–ch47 ~ ch47,110,111
F2688,사실,F2688,처음 밝혀짐,드러냄,,144,2026-04-23,454,event_staranis1,event_staranis2_01_e,동시,,확실,확정,ch46–ch47 ~ ch47,110,111
F2689,사실,E1162,재언급,재언급,F2689,144,2026-04-23,454,event_staranis1,event_staranis2_05_s,동시,,확실,확정,ch46–ch47 ~ ch47,110,111
F2689,사실,F2689,처음 밝혀짐,드러냄,,144,2026-04-23,454,event_staranis1,event_staranis2_01_e,동시,,확실,확정,ch46–ch47 ~ ch47,110,111
F2690,사실,E61,암시,암시,F2690,8,2022-11-04,46,sub:러블리_드림_00,sub:러블리_드림_00,앞,,추정,확정,,,
F2690,사실,E901,암시,암시,F2690,127,2025-10-30,414,ch41,d_main_41_af_02,앞,,추정,확정,ch41,99,99
F2690,사실,E1122,암시,암시,F2690,144,2026-04-23,454,event_staranis1,event_staranis1_03_s,동시,,추정,확정,ch46–ch47 ~ ch47,110,111
F2690,사실,E1126,암시,암시,F2690,144,2026-04-23,454,event_staranis1,event_staranis1_04_s,동시,,추정,확정,ch46–ch47 ~ ch47,110,111
F2690,사실,E1128,암시,암시,F2690,144,2026-04-23,454,event_staranis1,event_staranis1_05_s,동시,,추정,확정,ch46–ch47 ~ ch47,110,111
F2690,사실,E1140,암시,암시,F2690,144,2026-04-23,454,event_staranis1,event_staranis2_01_s,동시,,추정,확정,ch46–ch47 ~ ch47,110,111
F2690,사실,E1164,재언급,재언급,F2690,144,2026-04-23,454,event_staranis1,event_staranis2_05_e,동시,,확실,확정,ch46–ch47 ~ ch47,110,111
F2690,사실,F2690,처음 밝혀짐,드러냄,,144,2026-04-23,454,event_staranis1,event_staranis2_02_s,동시,,확실,확정,ch46–ch47 ~ ch47,110,111
F2691,사실,F2691,처음 밝혀짐,드러냄,,144,2026-04-23,454,event_staranis1,event_staranis2_02_s,동시,,확실,확정,ch46–ch47 ~ ch47,110,111
F2692,사실,E1141,암시,암시,F2692,144,2026-04-23,454,event_staranis1,event_staranis2_01_s,동시,,확실,확정,ch46–ch47 ~ ch47,110,111
F2692,사실,F2692,처음 밝혀짐,드러냄,,144,2026-04-23,454,event_staranis1,event_staranis2_02_e,동시,,확실,확정,ch46–ch47 ~ ch47,110,111
F2693,사실,E1149,암시,암시,F2693,144,2026-04-23,454,event_staranis1,event_staranis2_02_s,동시,,확실,확정,ch46–ch47 ~ ch47,110,111
F2693,사실,F2693,처음 밝혀짐,드러냄,,144,2026-04-23,454,event_staranis1,event_staranis2_03_s,동시,,확실,확정,ch46–ch47 ~ ch47,110,111
F2694,사실,E1050,암시,암시,F2694,142,2026-04-09,447,side:pretty_star,side:pretty_star_01,앞,,확실,확정,@갓데스_폴–@2차_지상_탈환전 / @갓데스_폴–@2차_지상_탈환전 ~ @2차_지상_탈환전–ch00,14,16
F2694,사실,E1123,암시,암시,F2694,144,2026-04-23,454,event_staranis1,event_staranis1_03_s,동시,,추정,확정,ch46–ch47 ~ ch47,110,111
F2694,사실,E1148,암시,암시,F2694,144,2026-04-23,454,event_staranis1,event_staranis2_02_s,동시,,추정,확정,ch46–ch47 ~ ch47,110,111
F2694,사실,F2694,처음 밝혀짐,드러냄,,144,2026-04-23,454,event_staranis1,event_staranis2_03_s,동시,,확실,확정,ch46–ch47 ~ ch47,110,111
F2695,사실,E1122,암시,암시,F2695,144,2026-04-23,454,event_staranis1,event_staranis1_03_s,동시,,추정,확정,ch46–ch47 ~ ch47,110,111
F2695,사실,E1146,암시,암시,F2695,144,2026-04-23,454,event_staranis1,event_staranis2_01_e,동시,,추정,확정,ch46–ch47 ~ ch47,110,111
F2695,사실,F2695,처음 밝혀짐,드러냄,,144,2026-04-23,454,event_staranis1,event_staranis2_03_e,동시,,확실,확정,ch46–ch47 ~ ch47,110,111
F2696,사실,F2696,처음 밝혀짐,드러냄,,144,2026-04-23,454,event_staranis1,event_staranis2_intermission_01,동시,,확실,확정,ch46–ch47 ~ ch47,110,111
F2697,사실,E1129,암시,암시,F2697,144,2026-04-23,454,event_staranis1,event_staranis1_05_s,동시,,추정,확정,ch46–ch47 ~ ch47,110,111
F2697,사실,F2697,처음 밝혀짐,드러냄,,144,2026-04-23,454,event_staranis1,event_staranis2_intermission_01,동시,,확실,확정,ch46–ch47 ~ ch47,110,111
F2697,사실,E1536,재언급,재언급,F2697,147,2026-05-28,460,fl:bitter_spice,fl:bitter_spice_05,뒤,,확실,확정,ch46–ch47 ~,110,
F2698,사실,E630,암시,암시,F2698,102,2025-02-20,360,ch36,d_main_36_04,앞,,확실,확정,ch36,89,89
F2698,사실,E900,암시,암시,F2698,127,2025-10-30,414,ch41,d_main_41_af_02,앞,,추정,확정,ch41,99,99
F2698,사실,E1132,암시,암시,F2698,144,2026-04-23,454,event_staranis1,event_staranis1_05_e,동시,,추정,확정,ch46–ch47 ~ ch47,110,111
F2698,사실,E1155,암시,암시,F2698,144,2026-04-23,454,event_staranis1,event_staranis2_03_s,동시,,추정,확정,ch46–ch47 ~ ch47,110,111
F2698,사실,F2698,처음 밝혀짐,드러냄,,144,2026-04-23,454,event_staranis1,event_staranis2_04_s,동시,,확실,확정,ch46–ch47 ~ ch47,110,111
F2699,사실,E1139,암시,암시,F2699,144,2026-04-23,454,event_staranis1,event_staranis1_06_s,동시,,추정,확정,ch46–ch47 ~ ch47,110,111
F2699,사실,E1151,암시,암시,F2699,144,2026-04-23,454,event_staranis1,event_staranis2_02_e,동시,,추정,확정,ch46–ch47 ~ ch47,110,111
F2699,사실,F2699,처음 밝혀짐,드러냄,,144,2026-04-23,454,event_staranis1,event_staranis2_05_s,동시,,확실,확정,ch46–ch47 ~ ch47,110,111
F2700,사실,E1058,암시,암시,F2700,142,2026-04-09,447,side:pretty_star,side:pretty_star_09,앞,,추정,확정,@갓데스_폴–@2차_지상_탈환전 / @갓데스_폴–@2차_지상_탈환전 ~ @2차_지상_탈환전–ch00,14,16
F2700,사실,E1145,암시,암시,F2700,144,2026-04-23,454,event_staranis1,event_staranis2_01_e,동시,,추정,확정,ch46–ch47 ~ ch47,110,111
F2700,사실,E1149,암시,암시,F2700,144,2026-04-23,454,event_staranis1,event_staranis2_02_s,동시,,확실,확정,ch46–ch47 ~ ch47,110,111
F2700,사실,E1153,암시,암시,F2700,144,2026-04-23,454,event_staranis1,event_staranis2_03_s,동시,,확실,확정,ch46–ch47 ~ ch47,110,111
F2700,사실,F2700,처음 밝혀짐,드러냄,,144,2026-04-23,454,event_staranis1,event_staranis2_04_e,동시,,확실,확정,ch46–ch47 ~ ch47,110,111
F2701,사실,E898,암시,암시,F2701,127,2025-10-30,414,ch41,d_main_41_af_01,앞,,추정,확정,ch41,99,99
F2701,사실,E1049,암시,암시,F2701,142,2026-04-09,447,side:pretty_star,side:pretty_star_01,앞,,추정,확정,@갓데스_폴–@2차_지상_탈환전 / @갓데스_폴–@2차_지상_탈환전 ~ @2차_지상_탈환전–ch00,14,16
F2701,사실,E1137,암시,암시,F2701,144,2026-04-23,454,event_staranis1,event_staranis1_06_e,동시,,추정,확정,ch46–ch47 ~ ch47,110,111
F2701,사실,E1143,암시,암시,F2701,144,2026-04-23,454,event_staranis1,event_staranis2_01_e,동시,,추정,확정,ch46–ch47 ~ ch47,110,111
F2701,사실,E1154,암시,암시,F2701,144,2026-04-23,454,event_staranis1,event_staranis2_03_s,동시,,추정,확정,ch46–ch47 ~ ch47,110,111
F2701,사실,F2701,처음 밝혀짐,드러냄,,144,2026-04-23,454,event_staranis1,event_staranis2_05_s,동시,,확실,확정,ch46–ch47 ~ ch47,110,111
F2702,사실,F2702,처음 밝혀짐,드러냄,,144,2026-04-23,454,event_staranis1,event_staranis2_05_s,동시,,확실,확정,ch46–ch47 ~ ch47,110,111
F2703,사실,F2703,처음 밝혀짐,드러냄,,144,2026-04-23,454,event_staranis1,event_staranis2_05_e,동시,,확실,확정,ch46–ch47 ~ ch47,110,111
F2704,사실,F2704,처음 밝혀짐,드러냄,,144,2026-04-23,454,event_staranis1,event_staranis2_05_e,동시,,확실,확정,ch46–ch47 ~ ch47,110,111
F2705,사실,E503,암시,암시,F2705,91,2024-10-31,336,ch34,d_main_34_05,앞,,추정,확정,ch34,85,85
F2705,사실,E576,암시,암시,F2705,96,2024-12-26,350,event_footstepwalkrun1,event_footstepwalkrun2_epilogue,앞,,확실,확정,ch34–ch35 ~ ch35,86,87
F2705,사실,E649,암시,암시,F2705,108,2025-04-24,373,ch37,d_main_37_04,앞,,추정,확정,ch37,91,91
F2705,사실,E664,암시,암시,F2705,109,2025-04-24,375,ch38,d_main_38_05_s,앞,,추정,확정,ch38,93,93
F2705,사실,E665,암시,암시,F2705,109,2025-04-24,375,ch38,d_main_38_06,앞,,추정,확정,ch38,93,93
F2705,사실,E810,암시,암시,F2705,118,2025-08-07,396,ch39,d_main_39_af_07,앞,,확실,확정,ch39,95,95
F2705,사실,E899,암시,암시,F2705,127,2025-10-30,414,ch41,d_main_41_af_01,앞,,추정,확정,ch41,99,99
F2705,사실,E1052,암시,암시,F2705,142,2026-04-09,447,side:pretty_star,side:pretty_star_02,앞,,추정,확정,@갓데스_폴–@2차_지상_탈환전 / @갓데스_폴–@2차_지상_탈환전 ~ @2차_지상_탈환전–ch00,14,16
F2705,사실,E1156,암시,암시,F2705,144,2026-04-23,454,event_staranis1,event_staranis2_03_e,동시,,확실,확정,ch46–ch47 ~ ch47,110,111
F2705,사실,E1157,암시,암시,F2705,144,2026-04-23,454,event_staranis1,event_staranis2_03_e,동시,,추정,확정,ch46–ch47 ~ ch47,110,111
F2705,사실,F2705,처음 밝혀짐,드러냄,,144,2026-04-23,454,event_staranis1,event_staranis2_05_e,동시,,확실,확정,ch46–ch47 ~ ch47,110,111
F2706,사실,F2706,처음 밝혀짐,드러냄,,144,2026-04-23,454,event_staranis1,event_staranis2_06_s,동시,,확실,확정,ch46–ch47 ~ ch47,110,111
F2707,사실,E1144,암시,암시,F2707,144,2026-04-23,454,event_staranis1,event_staranis2_01_e,동시,,추정,확정,ch46–ch47 ~ ch47,110,111
F2707,사실,E1158,암시,암시,F2707,144,2026-04-23,454,event_staranis1,event_staranis2_04_s,동시,,추정,확정,ch46–ch47 ~ ch47,110,111
F2707,사실,F2707,처음 밝혀짐,드러냄,,144,2026-04-23,454,event_staranis1,event_staranis2_05_e,동시,,확실,확정,ch46–ch47 ~ ch47,110,111
F2708,사실,E666,암시,암시,F2708,109,2025-04-24,375,ch38,d_main_38_07_s,앞,,추정,확정,ch38,93,93
F2708,사실,E1159,암시,암시,F2708,144,2026-04-23,454,event_staranis1,event_staranis2_04_s,동시,,추정,확정,ch46–ch47 ~ ch47,110,111
F2708,사실,F2708,처음 밝혀짐,드러냄,,144,2026-04-23,454,event_staranis1,event_staranis2_epilogue,동시,,확실,확정,ch46–ch47 ~ ch47,110,111
F2708,사실,E1531,재언급,재언급,F2708,146,2026-05-14,458,fl:b-side_idol,fl:b-side_idol_14,뒤,,확실,확정,ch46–ch47 ~,110,
F2709,사실,F2709,처음 밝혀짐,드러냄,,144,2026-04-23,455,char:17,ep:d_nikke_anis_star_01,동시,,확실,확정,ch46–ch47 ~,110,
F2710,사실,F2710,처음 밝혀짐,드러냄,,144,2026-04-23,455,char:17,ep:d_nikke_anis_star_04,동시,,확실,확정,ch46–ch47 ~,110,
F2711,사실,F2711,처음 밝혀짐,드러냄,,144,2026-04-23,455,char:17,ep:d_nikke_anis_star_05,동시,,확실,확정,ch46–ch47 ~,110,
F2712,사실,F2712,처음 밝혀짐,드러냄,,144,2026-04-23,456,char:441,ep:d_nikke_avistar_01,동시,,확실,확정,ch44–ch45 ~,106,
F2713,사실,F2713,처음 밝혀짐,드러냄,,144,2026-04-23,456,char:441,ep:d_nikke_avistar_05,동시,,확실,확정,ch44–ch45 ~,106,
F2714,사실,F2714,처음 밝혀짐,드러냄,,145,2026-04-30,457,char:18,ep:d_nikke_neon_visioneye_01,동시,,확실,확정,ch44–ch45 ~,106,
F2715,사실,F2715,처음 밝혀짐,드러냄,,145,2026-04-30,457,char:18,ep:d_nikke_neon_visioneye_04,동시,,확실,확정,ch44–ch45 ~,106,
F2716,사실,F2716,처음 밝혀짐,드러냄,,146,2026-05-14,458,fl:b-side_idol,fl:b-side_idol_01,동시,,확실,확정,ch46–ch47 ~,110,
F2717,사실,E1526,암시,암시,F2717,146,2026-05-14,458,fl:b-side_idol,fl:b-side_idol_01,동시,,추정,확정,ch46–ch47 ~,110,
F2717,사실,E1527,암시,암시,F2717,146,2026-05-14,458,fl:b-side_idol,fl:b-side_idol_04,동시,,확실,확정,ch46–ch47 ~,110,
F2717,사실,E1528,암시,암시,F2717,146,2026-05-14,458,fl:b-side_idol,fl:b-side_idol_10,동시,,확실,확정,ch46–ch47 ~,110,
F2717,사실,F2717,처음 밝혀짐,드러냄,,146,2026-05-14,458,fl:b-side_idol,fl:b-side_idol_11,동시,,확실,확정,ch46–ch47 ~,110,
F2717,사실,E1537,재언급,재언급,F2717,147,2026-05-28,460,fl:bitter_spice,fl:bitter_spice_07,뒤,,확실,확정,ch46–ch47 ~,110,
F2718,사실,E1525,암시,암시,F2718,146,2026-05-14,458,fl:b-side_idol,fl:b-side_idol_01,동시,,확실,확정,ch46–ch47 ~,110,
F2718,사실,F2718,처음 밝혀짐,드러냄,,146,2026-05-14,458,fl:b-side_idol,fl:b-side_idol_12,동시,,확실,확정,ch46–ch47 ~,110,
F2719,사실,F2719,처음 밝혀짐,드러냄,,146,2026-05-14,458,fl:b-side_idol,fl:b-side_idol_07,동시,,확실,확정,ch46–ch47 ~,110,
F2720,사실,F2720,처음 밝혀짐,드러냄,,146,2026-05-14,459,char:600,ep:d_nikke_mint_01,동시,,확실,확정,ch46–ch47 ~,110,
F2721,사실,E1530,암시,암시,F2721,146,2026-05-14,458,fl:b-side_idol,fl:b-side_idol_12,앞,,확실,확정,ch46–ch47 ~,110,
F2721,사실,F2721,처음 밝혀짐,드러냄,,147,2026-05-28,460,fl:bitter_spice,fl:bitter_spice_01,동시,,확실,확정,ch46–ch47 ~,110,
F2722,사실,F2722,처음 밝혀짐,드러냄,,147,2026-05-28,460,fl:bitter_spice,fl:bitter_spice_08,동시,,확실,확정,ch46–ch47 ~,110,
F2723,사실,E1532,암시,암시,F2723,146,2026-05-14,458,fl:b-side_idol,fl:b-side_idol_14,앞,,추정,확정,ch46–ch47 ~,110,
F2723,사실,F2723,처음 밝혀짐,드러냄,,147,2026-05-28,460,fl:bitter_spice,fl:bitter_spice_06,동시,,확실,확정,ch46–ch47 ~,110,
F2724,사실,E1533,암시,암시,F2724,147,2026-05-28,460,fl:bitter_spice,fl:bitter_spice_01,동시,,확실,확정,ch46–ch47 ~,110,
F2724,사실,F2724,처음 밝혀짐,드러냄,,147,2026-05-28,460,fl:bitter_spice,fl:bitter_spice_07,동시,,확실,확정,ch46–ch47 ~,110,
F2725,사실,E1535,암시,암시,F2725,147,2026-05-28,460,fl:bitter_spice,fl:bitter_spice_04,동시,,추정,확정,ch46–ch47 ~,110,
F2725,사실,F2725,처음 밝혀짐,드러냄,,147,2026-05-28,461,char:601,ep:d_nikke_prika_01,동시,,확실,확정,ch46–ch47 ~,110,
F2726,사실,F2726,처음 밝혀짐,드러냄,,148,2026-06-11,462,fl:ark_ranger,fl:ark_ranger_00,동시,,확실,확정,~ ch21–ch22 / ch22 / ch42 / ch45 / ch46–ch47 ~ ch47,,111
F2727,사실,F2727,처음 밝혀짐,드러냄,,148,2026-06-11,462,fl:ark_ranger,fl:ark_ranger_01,동시,,확실,확정,~ ch21–ch22 / ch22 / ch42 / ch45 / ch46–ch47 ~ ch47,,111
F2728,사실,F2728,처음 밝혀짐,드러냄,,148,2026-06-11,462,fl:ark_ranger,fl:ark_ranger_03,동시,,확실,확정,~ ch21–ch22 / ch22 / ch42 / ch45 / ch46–ch47 ~ ch47,,111
F2729,사실,E1167,암시,암시,F2729,148,2026-06-11,462,fl:ark_ranger,fl:ark_ranger_01,동시,,확실,확정,~ ch21–ch22 / ch22 / ch42 / ch45 / ch46–ch47 ~ ch47,,111
F2729,사실,F2729,처음 밝혀짐,드러냄,,148,2026-06-11,462,fl:ark_ranger,fl:ark_ranger_06,동시,,확실,확정,~ ch21–ch22 / ch22 / ch42 / ch45 / ch46–ch47 ~ ch47,,111
F2730,사실,F2730,처음 밝혀짐,드러냄,,148,2026-06-11,462,fl:ark_ranger,fl:ark_ranger_08,동시,,확실,확정,~ ch21–ch22 / ch22 / ch42 / ch45 / ch46–ch47 ~ ch47,,111
F2731,사실,F2731,처음 밝혀짐,드러냄,,148,2026-06-11,462,fl:ark_ranger,fl:ark_ranger_10,동시,,확실,확정,~ ch21–ch22 / ch22 / ch42 / ch45 / ch46–ch47 ~ ch47,,111
F2732,사실,F2732,처음 밝혀짐,드러냄,,148,2026-06-11,462,fl:ark_ranger,fl:ark_ranger_12,동시,,확실,확정,~ ch21–ch22 / ch22 / ch42 / ch45 / ch46–ch47 ~ ch47,,111
F2733,사실,F2733,처음 밝혀짐,드러냄,,148,2026-06-11,462,fl:ark_ranger,fl:ark_ranger_13,동시,,확실,확정,~ ch21–ch22 / ch22 / ch42 / ch45 / ch46–ch47 ~ ch47,,111
F2734,사실,E1283,암시,암시,F2734,17,2022-11-04,143,char:230,ep:d_nikke_harran_05,앞,,확실,확정,ch19–ch20 ~ ch40–ch41,56,98
F2734,사실,F2734,처음 밝혀짐,드러냄,,148,2026-06-11,462,fl:ark_ranger,fl:ark_ranger_16,동시,,확실,확정,~ ch21–ch22 / ch22 / ch42 / ch45 / ch46–ch47 ~ ch47,,111
F2735,사실,F2735,처음 밝혀짐,드러냄,,148,2026-06-11,462,fl:ark_ranger,fl:ark_ranger_17,동시,,확실,확정,~ ch21–ch22 / ch22 / ch42 / ch45 / ch46–ch47 ~ ch47,,111
F2736,사실,F2736,처음 밝혀짐,드러냄,,148,2026-06-11,462,fl:ark_ranger,fl:ark_ranger_17,동시,,확실,확정,~ ch21–ch22 / ch22 / ch42 / ch45 / ch46–ch47 ~ ch47,,111
F2737,사실,F2737,처음 밝혀짐,드러냄,,148,2026-06-11,462,fl:ark_ranger,fl:ark_ranger_19,동시,,확실,확정,~ ch21–ch22 / ch22 / ch42 / ch45 / ch46–ch47 ~ ch47,,111
F2737,사실,E1227,재언급,재언급,F2737,154,2026-08-13,472,ch48,d_main_48_01,뒤,,확실,확정,ch48,113,113
F2738,사실,F2738,처음 밝혀짐,드러냄,,148,2026-06-11,462,fl:ark_ranger,fl:ark_ranger_18,동시,,확실,확정,~ ch21–ch22 / ch22 / ch42 / ch45 / ch46–ch47 ~ ch47,,111
F2739,사실,E1168,암시,암시,F2739,148,2026-06-11,462,fl:ark_ranger,fl:ark_ranger_01,동시,,확실,확정,~ ch21–ch22 / ch22 / ch42 / ch45 / ch46–ch47 ~ ch47,,111
F2739,사실,F2739,처음 밝혀짐,드러냄,,148,2026-06-11,462,fl:ark_ranger,fl:ark_ranger_20,동시,,확실,확정,~ ch21–ch22 / ch22 / ch42 / ch45 / ch46–ch47 ~ ch47,,111
F2740,사실,F2740,처음 밝혀짐,드러냄,,148,2026-06-11,462,fl:ark_ranger,fl:ark_ranger_14,동시,,확실,확정,~ ch21–ch22 / ch22 / ch42 / ch45 / ch46–ch47 ~ ch47,,111
F2741,사실,E1166,암시,암시,F2741,148,2026-06-11,462,fl:ark_ranger,fl:ark_ranger_00,동시,,확실,확정,~ ch21–ch22 / ch22 / ch42 / ch45 / ch46–ch47 ~ ch47,,111
F2741,사실,E1171,암시,암시,F2741,148,2026-06-11,462,fl:ark_ranger,fl:ark_ranger_08,동시,,추정,확정,~ ch21–ch22 / ch22 / ch42 / ch45 / ch46–ch47 ~ ch47,,111
F2741,사실,E1176,암시,암시,F2741,148,2026-06-11,462,fl:ark_ranger,fl:ark_ranger_15,동시,,확실,확정,~ ch21–ch22 / ch22 / ch42 / ch45 / ch46–ch47 ~ ch47,,111
F2741,사실,F2741,처음 밝혀짐,드러냄,,148,2026-06-11,462,fl:ark_ranger,fl:ark_ranger_20,동시,,확실,확정,~ ch21–ch22 / ch22 / ch42 / ch45 / ch46–ch47 ~ ch47,,111
F2742,사실,E776,암시,암시,F2742,115,2025-07-03,391,event_overthehorizon,event_overthehorizon_06_e,앞,,확실,확정,~ ch25–ch26 / ch26–ch27 ~,,
F2742,사실,F2742,처음 밝혀짐,드러냄,,148,2026-06-11,462,fl:ark_ranger,fl:ark_ranger_22,동시,,확실,확정,~ ch21–ch22 / ch22 / ch42 / ch45 / ch46–ch47 ~ ch47,,111
F2743,사실,E1169,암시,암시,F2743,148,2026-06-11,462,fl:ark_ranger,fl:ark_ranger_04,동시,,추정,확정,~ ch21–ch22 / ch22 / ch42 / ch45 / ch46–ch47 ~ ch47,,111
F2743,사실,E1172,암시,암시,F2743,148,2026-06-11,462,fl:ark_ranger,fl:ark_ranger_12,동시,,추정,확정,~ ch21–ch22 / ch22 / ch42 / ch45 / ch46–ch47 ~ ch47,,111
F2743,사실,F2743,처음 밝혀짐,드러냄,,148,2026-06-11,462,fl:ark_ranger,fl:ark_ranger_23,동시,,확실,확정,~ ch21–ch22 / ch22 / ch42 / ch45 / ch46–ch47 ~ ch47,,111
F2744,사실,F2744,처음 밝혀짐,드러냄,,148,2026-06-11,462,fl:ark_ranger,fl:ark_ranger_26,동시,,확실,확정,~ ch21–ch22 / ch22 / ch42 / ch45 / ch46–ch47 ~ ch47,,111
F2745,사실,F2745,처음 밝혀짐,드러냄,,148,2026-06-11,462,fl:ark_ranger,fl:ark_ranger_27,동시,,확실,확정,~ ch21–ch22 / ch22 / ch42 / ch45 / ch46–ch47 ~ ch47,,111
F2746,사실,F2746,처음 밝혀짐,드러냄,,148,2026-06-11,463,char:570,ep:d_nikke_arkrangerblack_01,동시,,확실,확정,,,
F2747,사실,F2747,처음 밝혀짐,드러냄,,148,2026-06-11,463,char:570,ep:d_nikke_arkrangerblack_02,동시,,확실,확정,,,
F2748,사실,E1329,암시,암시,F2748,50,2023-09-21,234,event_schooloflock,event_schooloflock_epilogue,앞,,추정,확정,,,
F2748,사실,F2748,처음 밝혀짐,드러냄,,149,2026-07-02,464,fl:wave_to_you,fl:wave_to_you_00,동시,,확실,확정,ch42–ch43 ~,102,
F2749,사실,F2749,처음 밝혀짐,드러냄,,149,2026-07-02,464,fl:wave_to_you,fl:wave_to_you_00,동시,,확실,확정,ch42–ch43 ~,102,
F2750,사실,F2750,처음 밝혀짐,드러냄,,149,2026-07-02,464,fl:wave_to_you,fl:wave_to_you_01,동시,,확실,확정,ch42–ch43 ~,102,
F2751,사실,F2751,처음 밝혀짐,드러냄,,149,2026-07-02,464,fl:wave_to_you,fl:wave_to_you_04,동시,,확실,확정,ch42–ch43 ~,102,
F2752,사실,F2752,처음 밝혀짐,드러냄,,149,2026-07-02,464,fl:wave_to_you,fl:wave_to_you_06,동시,,확실,확정,ch42–ch43 ~,102,
F2753,사실,E1543,암시,암시,F2753,149,2026-07-02,464,fl:wave_to_you,fl:wave_to_you_00,동시,,확실,확정,ch42–ch43 ~,102,
F2753,사실,F2753,처음 밝혀짐,드러냄,,149,2026-07-02,464,fl:wave_to_you,fl:wave_to_you_07,동시,,확실,확정,ch42–ch43 ~,102,
F2754,사실,F2754,처음 밝혀짐,드러냄,,149,2026-07-02,464,fl:wave_to_you,fl:wave_to_you_08,동시,,확실,확정,ch42–ch43 ~,102,
F2755,사실,E1545,암시,암시,F2755,149,2026-07-02,464,fl:wave_to_you,fl:wave_to_you_04,동시,,확실,확정,ch42–ch43 ~,102,
F2755,사실,F2755,처음 밝혀짐,드러냄,,149,2026-07-02,464,fl:wave_to_you,fl:wave_to_you_13,동시,,확실,확정,ch42–ch43 ~,102,
F2756,사실,F2756,처음 밝혀짐,드러냄,,149,2026-07-02,464,fl:wave_to_you,fl:wave_to_you_14,동시,,확실,확정,ch42–ch43 ~,102,
F2757,사실,E1547,암시,암시,F2757,149,2026-07-02,464,fl:wave_to_you,fl:wave_to_you_06,동시,,확실,확정,ch42–ch43 ~,102,
F2757,사실,E1550,암시,암시,F2757,149,2026-07-02,464,fl:wave_to_you,fl:wave_to_you_09,동시,,확실,확정,ch42–ch43 ~,102,
F2757,사실,F2757,처음 밝혀짐,드러냄,,149,2026-07-02,464,fl:wave_to_you,fl:wave_to_you_15,동시,,확실,확정,ch42–ch43 ~,102,
F2758,사실,F2758,처음 밝혀짐,드러냄,,149,2026-07-02,464,fl:wave_to_you,fl:wave_to_you_19,동시,,확실,확정,ch42–ch43 ~,102,
F2759,사실,E1542,암시,암시,F2759,149,2026-07-02,464,fl:wave_to_you,fl:wave_to_you_00,동시,,확실,확정,ch42–ch43 ~,102,
F2759,사실,F2759,처음 밝혀짐,드러냄,,149,2026-07-02,464,fl:wave_to_you,fl:wave_to_you_19,동시,,확실,확정,ch42–ch43 ~,102,
F2760,사실,F2760,처음 밝혀짐,드러냄,,149,2026-07-02,464,fl:wave_to_you,fl:wave_to_you_21,동시,,확실,확정,ch42–ch43 ~,102,
F2761,사실,F2761,처음 밝혀짐,드러냄,,149,2026-07-02,464,fl:wave_to_you,fl:wave_to_you_22,동시,,확실,확정,ch42–ch43 ~,102,
F2762,사실,E1544,암시,암시,F2762,149,2026-07-02,464,fl:wave_to_you,fl:wave_to_you_04,동시,,확실,확정,ch42–ch43 ~,102,
F2762,사실,F2762,처음 밝혀짐,드러냄,,149,2026-07-02,464,fl:wave_to_you,fl:wave_to_you_24,동시,,확실,확정,ch42–ch43 ~,102,
F2763,사실,E1334,암시,암시,F2763,51,2023-10-05,236,event_dazzlingcupid,event_dazzlingcupid_06_e,앞,,추정,확정,ch22–ch23 ~,62,
F2763,사실,F2763,처음 밝혀짐,드러냄,,149,2026-07-02,464,fl:wave_to_you,fl:wave_to_you_26,동시,,확실,확정,ch42–ch43 ~,102,
F2764,사실,F2764,처음 밝혀짐,드러냄,,149,2026-07-02,464,fl:wave_to_you,fl:wave_to_you_26,동시,,확실,확정,ch42–ch43 ~,102,
F2765,사실,E1335,암시,암시,F2765,51,2023-10-05,236,event_dazzlingcupid,event_dazzlingcupid_epilogue,앞,,추정,확정,ch22–ch23 ~,62,
F2765,사실,F2765,처음 밝혀짐,드러냄,,149,2026-07-02,464,fl:wave_to_you,fl:wave_to_you_27,동시,,확실,확정,ch42–ch43 ~,102,
F2766,사실,F2766,처음 밝혀짐,드러냄,,149,2026-07-02,465,char:515,ep:d_nikke_cinderella_crystalwave_01,동시,,확실,확정,ch42–ch43 ~,102,
F2767,사실,F2767,처음 밝혀짐,드러냄,,150,2026-07-09,466,char:322,ep:d_nikke_marciana_marinestudy_01,동시,,확실,확정,ch42–ch43 ~,102,
F2768,사실,F2768,처음 밝혀짐,드러냄,,151,2026-07-23,467,fl:project_matis,fl:project_matis_00,동시,,확실,확정,ch46–ch47 ~,110,
F2769,사실,F2769,처음 밝혀짐,드러냄,,151,2026-07-23,467,fl:project_matis,fl:project_matis_01,동시,,확실,확정,ch46–ch47 ~,110,
F2770,사실,F2770,처음 밝혀짐,드러냄,,151,2026-07-23,467,fl:project_matis,fl:project_matis_01,동시,,확실,확정,ch46–ch47 ~,110,
F2771,사실,F2771,처음 밝혀짐,드러냄,,151,2026-07-23,467,fl:project_matis,fl:project_matis_01,동시,,확실,확정,ch46–ch47 ~,110,
F2772,사실,F2772,처음 밝혀짐,드러냄,,151,2026-07-23,467,fl:project_matis,fl:project_matis_02,동시,,확실,확정,ch46–ch47 ~,110,
F2773,사실,F2773,처음 밝혀짐,드러냄,,151,2026-07-23,467,fl:project_matis,fl:project_matis_02,동시,,확실,확정,ch46–ch47 ~,110,
F2774,사실,F2774,처음 밝혀짐,드러냄,,151,2026-07-23,467,fl:project_matis,fl:project_matis_02,동시,,확실,확정,ch46–ch47 ~,110,
F2775,사실,F2775,처음 밝혀짐,드러냄,,151,2026-07-23,467,fl:project_matis,fl:project_matis_03,동시,,확실,확정,ch46–ch47 ~,110,
F2776,사실,E1264,암시,암시,F2776,17,2022-11-04,107,char:102,ep:d_nikke_maxwell_03,앞,,추정,확정,ch15–ch16 ~,48,
F2776,사실,E1289,암시,암시,F2776,20,2022-11-24,157,event_hightechtoy,event_hightechtoy_epilogue,앞,,확실,확정,ch15–ch16 ~,48,
F2776,사실,F2776,처음 밝혀짐,드러냄,,151,2026-07-23,467,fl:project_matis,fl:project_matis_04,동시,,확실,확정,ch46–ch47 ~,110,
F2777,사실,F2777,처음 밝혀짐,드러냄,,151,2026-07-23,467,fl:project_matis,fl:project_matis_06,동시,,확실,확정,ch46–ch47 ~,110,
F2778,사실,F2778,처음 밝혀짐,드러냄,,151,2026-07-23,467,fl:project_matis,fl:project_matis_07,동시,,확실,확정,ch46–ch47 ~,110,
F2779,사실,E1187,암시,암시,F2779,151,2026-07-23,467,fl:project_matis,fl:project_matis_02,동시,,확실,확정,ch46–ch47 ~,110,
F2779,사실,F2779,처음 밝혀짐,드러냄,,151,2026-07-23,467,fl:project_matis,fl:project_matis_08,동시,,확실,확정,ch46–ch47 ~,110,
F2780,사실,F2780,처음 밝혀짐,드러냄,,151,2026-07-23,467,fl:project_matis,fl:project_matis_08,동시,,확실,확정,ch46–ch47 ~,110,
F2781,사실,F2781,처음 밝혀짐,드러냄,,151,2026-07-23,467,fl:project_matis,fl:project_matis_08,동시,,확실,확정,ch46–ch47 ~,110,
F2782,사실,F2782,처음 밝혀짐,드러냄,,151,2026-07-23,467,fl:project_matis,fl:project_matis_08,동시,,확실,확정,ch46–ch47 ~,110,
F2783,사실,F2783,처음 밝혀짐,드러냄,,151,2026-07-23,467,fl:project_matis,fl:project_matis_09,동시,,확실,확정,ch46–ch47 ~,110,
F2784,사실,F2784,처음 밝혀짐,드러냄,,151,2026-07-23,467,fl:project_matis,fl:project_matis_10,동시,,확실,확정,ch46–ch47 ~,110,
F2785,사실,E1288,암시,암시,F2785,20,2022-11-24,157,event_hightechtoy,event_hightechtoy_epilogue,앞,,확실,확정,ch15–ch16 ~,48,
F2785,사실,F2785,처음 밝혀짐,드러냄,,151,2026-07-23,467,fl:project_matis,fl:project_matis_12,동시,,확실,확정,ch46–ch47 ~,110,
F2786,사실,E1600,암시,암시,F2786,20,2022-11-24,158,char:100,ep:d_nikke_laplace_05,앞,,추정,확정,ch15–ch16 ~,48,
F2786,사실,F2786,처음 밝혀짐,드러냄,,151,2026-07-23,467,fl:project_matis,fl:project_matis_14,동시,,확실,확정,ch46–ch47 ~,110,
F2787,사실,F2787,처음 밝혀짐,드러냄,,151,2026-07-23,467,fl:project_matis,fl:project_matis_16,동시,,확실,확정,ch46–ch47 ~,110,
F2788,사실,F2788,처음 밝혀짐,드러냄,,151,2026-07-23,467,fl:project_matis,fl:project_matis_18,동시,,확실,확정,ch46–ch47 ~,110,
F2789,사실,E1196,암시,암시,F2789,151,2026-07-23,467,fl:project_matis,fl:project_matis_19,동시,,확실,확정,ch46–ch47 ~,110,
F2789,사실,F2789,처음 밝혀짐,드러냄,,151,2026-07-23,467,fl:project_matis,fl:project_matis_20,동시,,확실,확정,ch46–ch47 ~,110,
F2790,사실,E1192,암시,암시,F2790,151,2026-07-23,467,fl:project_matis,fl:project_matis_09,동시,,추정,확정,ch46–ch47 ~,110,
F2790,사실,E1195,암시,암시,F2790,151,2026-07-23,467,fl:project_matis,fl:project_matis_18,동시,,추정,확정,ch46–ch47 ~,110,
F2790,사실,F2790,처음 밝혀짐,드러냄,,151,2026-07-23,467,fl:project_matis,fl:project_matis_21,동시,,확실,확정,ch46–ch47 ~,110,
F2791,사실,E128,암시,암시,F2791,20,2022-11-24,152,ch18,d_main_18_07_e,앞,,확실,확정,ch18,53,53
F2791,사실,E613,암시,암시,F2791,101,2025-02-20,358,ch35,d_main_35_09_s,앞,,추정,확정,ch35,87,87
F2791,사실,E1186,암시,암시,F2791,151,2026-07-23,467,fl:project_matis,fl:project_matis_02,동시,,확실,확정,ch46–ch47 ~,110,
F2791,사실,F2791,처음 밝혀짐,드러냄,,151,2026-07-23,467,fl:project_matis,fl:project_matis_21,동시,,확실,확정,ch46–ch47 ~,110,
F2792,사실,E1194,암시,암시,F2792,151,2026-07-23,467,fl:project_matis,fl:project_matis_16,동시,,확실,확정,ch46–ch47 ~,110,
F2792,사실,F2792,처음 밝혀짐,드러냄,,151,2026-07-23,467,fl:project_matis,fl:project_matis_22,동시,,확실,확정,ch46–ch47 ~,110,
F2793,사실,F2793,처음 밝혀짐,드러냄,,151,2026-07-23,467,fl:project_matis,fl:project_matis_25,동시,,확실,확정,ch46–ch47 ~,110,
F2794,사실,E1265,암시,암시,F2794,17,2022-11-04,107,char:102,ep:d_nikke_maxwell_05,앞,,추정,확정,ch15–ch16 ~,48,
F2794,사실,E1289,암시,암시,F2794,20,2022-11-24,157,event_hightechtoy,event_hightechtoy_epilogue,앞,,확실,확정,ch15–ch16 ~,48,
F2794,사실,E1188,암시,암시,F2794,151,2026-07-23,467,fl:project_matis,fl:project_matis_05,동시,,확실,확정,ch46–ch47 ~,110,
F2794,사실,E1191,암시,암시,F2794,151,2026-07-23,467,fl:project_matis,fl:project_matis_08,동시,,확실,확정,ch46–ch47 ~,110,
F2794,사실,E1199,암시,암시,F2794,151,2026-07-23,467,fl:project_matis,fl:project_matis_22,동시,,확실,확정,ch46–ch47 ~,110,
F2794,사실,F2794,처음 밝혀짐,드러냄,,151,2026-07-23,467,fl:project_matis,fl:project_matis_25,동시,,확실,확정,ch46–ch47 ~,110,
F2795,사실,F2795,처음 밝혀짐,드러냄,,151,2026-07-23,467,fl:project_matis,fl:project_matis_26,동시,,확실,확정,ch46–ch47 ~,110,
F2796,사실,E1184,암시,암시,F2796,151,2026-07-23,467,fl:project_matis,fl:project_matis_00,동시,,추정,확정,ch46–ch47 ~,110,
F2796,사실,F2796,처음 밝혀짐,드러냄,,151,2026-07-23,467,fl:project_matis,fl:project_matis_27,동시,,확실,확정,ch46–ch47 ~,110,
F2797,사실,F2797,처음 밝혀짐,드러냄,,151,2026-07-23,467,fl:project_matis,fl:project_matis_27,동시,,확실,확정,ch46–ch47 ~,110,
F2798,사실,F2798,처음 밝혀짐,드러냄,,152,2026-07-30,469,char:105,ep:d_nikke_maxwell_mechanic_01,동시,,확실,확정,ch37–ch38 ~,92,
F2799,사실,F2799,처음 밝혀짐,드러냄,,153,2026-08-13,470,ch47,d_main_47_02,동시,,확실,확정,ch47,111,111
F2800,사실,F2800,처음 밝혀짐,드러냄,,153,2026-08-13,470,ch47,d_main_47_01,동시,,확실,확정,ch47,111,111
F2801,사실,F2801,처음 밝혀짐,드러냄,,153,2026-08-13,470,ch47,d_main_47_03,동시,,확실,확정,ch47,111,111
F2802,사실,F2802,처음 밝혀짐,드러냄,,153,2026-08-13,470,ch47,d_main_47_03,동시,,확실,확정,ch47,111,111
F2803,사실,F2803,처음 밝혀짐,드러냄,,153,2026-08-13,470,ch47,d_main_47_03,동시,,확실,확정,ch47,111,111
F2803,사실,E1244,재언급,재언급,F2803,154,2026-08-13,473,relic:불길한_소리.wav,relic:불길한_소리.wav_01,뒤,,추정,확정,ch45–ch46 ~ ch46–ch47,108,110
F2804,사실,F2804,처음 밝혀짐,드러냄,,153,2026-08-13,470,ch47,d_main_47_03,동시,,확실,확정,ch47,111,111
F2805,사실,F2805,처음 밝혀짐,드러냄,,153,2026-08-13,470,ch47,d_main_47_03,동시,,확실,확정,ch47,111,111
F2806,사실,F2806,처음 밝혀짐,드러냄,,153,2026-08-13,470,ch47,d_main_47_03,동시,,확실,확정,ch47,111,111
F2807,사실,F2807,처음 밝혀짐,드러냄,,153,2026-08-13,470,ch47,d_main_47_04,동시,,확실,확정,ch47,111,111
F2808,사실,F2808,처음 밝혀짐,드러냄,,153,2026-08-13,470,ch47,d_main_47_04,동시,,확실,확정,ch47,111,111
F2809,사실,F2809,처음 밝혀짐,드러냄,,153,2026-08-13,470,ch47,d_main_47_04,동시,,확실,확정,ch47,111,111
F2810,사실,F2810,처음 밝혀짐,드러냄,,153,2026-08-13,470,ch47,d_main_47_04,동시,,확실,확정,ch47,111,111
F2811,사실,E1206,암시,암시,F2811,153,2026-08-13,470,ch47,d_main_47_01,동시,,확실,확정,ch47,111,111
F2811,사실,F2811,처음 밝혀짐,드러냄,,153,2026-08-13,470,ch47,d_main_47_05,동시,,확실,확정,ch47,111,111
F2812,사실,F2812,처음 밝혀짐,드러냄,,153,2026-08-13,470,ch47,d_main_47_05,동시,,확실,확정,ch47,111,111
F2813,사실,F2813,처음 밝혀짐,드러냄,,153,2026-08-13,470,ch47,d_main_47_05,동시,,확실,확정,ch47,111,111
F2814,사실,F2814,처음 밝혀짐,드러냄,,153,2026-08-13,470,ch47,d_main_47_05,동시,,확실,확정,ch47,111,111
F2815,사실,E1183,암시,암시,F2815,148,2026-06-11,462,fl:ark_ranger,fl:ark_ranger_26,앞,,추정,확정,~ ch21–ch22 / ch22 / ch42 / ch45 / ch46–ch47 ~ ch47,,111
F2815,사실,F2815,처음 밝혀짐,드러냄,,153,2026-08-13,470,ch47,d_main_47_06,동시,,확실,확정,ch47,111,111
F2815,사실,E1226,재언급,재언급,F2815,153,2026-08-13,471,relic:승리를_부르는_그림자,relic:승리를_부르는_그림자_02,동시,,확실,확정,@갓데스_투입–@궤도_엘리베이터_강습 ~ @아크_가디언_작전–@방주_밀봉,4,8
F2816,사실,F2816,처음 밝혀짐,드러냄,,153,2026-08-13,470,ch47,d_main_47_06,동시,,확실,확정,ch47,111,111
F2817,사실,F2817,처음 밝혀짐,드러냄,,153,2026-08-13,470,ch47,d_main_47_07,동시,,확실,확정,ch47,111,111
F2818,사실,F2818,처음 밝혀짐,드러냄,,153,2026-08-13,470,ch47,d_main_47_07,동시,,확실,확정,ch47,111,111
F2819,사실,F2819,처음 밝혀짐,드러냄,,153,2026-08-13,470,ch47,d_main_47_07,동시,,확실,확정,ch47,111,111
F2820,사실,F2820,처음 밝혀짐,드러냄,,153,2026-08-13,470,ch47,d_main_47_07,동시,,확실,확정,ch47,111,111
F2821,사실,E778,암시,암시,F2821,115,2025-07-03,391,event_overthehorizon,event_overthehorizon_01_e,앞,,확실,확정,~ ch25–ch26 / ch26–ch27 ~,,
F2821,사실,F2821,처음 밝혀짐,드러냄,,153,2026-08-13,471,relic:승리를_부르는_그림자,relic:승리를_부르는_그림자_00,동시,,확실,확정,@갓데스_투입–@궤도_엘리베이터_강습 ~ @아크_가디언_작전–@방주_밀봉,4,8
F2822,사실,F2822,처음 밝혀짐,드러냄,,154,2026-08-13,472,ch48,d_main_48_01,동시,,확실,확정,ch48,113,113
F2822,사실,E1246,재언급,재언급,F2822,154,2026-08-13,473,relic:불길한_소리.wav,relic:불길한_소리.wav_03,동시,,확실,확정,ch45–ch46 ~ ch46–ch47,108,110
F2823,사실,F2823,처음 밝혀짐,드러냄,,154,2026-08-13,472,ch48,d_main_48_01,동시,,확실,확정,ch48,113,113
F2824,사실,E1225,암시,암시,F2824,153,2026-08-13,470,ch47,d_main_47_07,앞,,추정,확정,ch47,111,111
F2824,사실,F2824,처음 밝혀짐,드러냄,,154,2026-08-13,472,ch48,d_main_48_02,동시,,확실,확정,ch48,113,113
F2825,사실,E1024,암시,암시,F2825,138,2026-02-12,436,ch44,d_main_44_08_e,앞,,확실,확정,ch44,105,105
F2825,사실,E1101,암시,암시,F2825,144,2026-04-23,452,ch46,d_main_46_07,앞,,확실,확정,ch46,109,109
F2825,사실,F2825,처음 밝혀짐,드러냄,,154,2026-08-13,472,ch48,d_main_48_02,동시,,확실,확정,ch48,113,113
F2826,사실,F2826,처음 밝혀짐,드러냄,,154,2026-08-13,472,ch48,d_main_48_05,동시,,확실,확정,ch48,113,113
F2827,사실,F2827,처음 밝혀짐,드러냄,,154,2026-08-13,472,ch48,d_main_48_03,동시,,확실,확정,ch48,113,113
F2828,사실,E540,암시,암시,F2828,91,2024-10-31,338,event_oldtales1,event_oldtales2_intermission_01,앞,,추정,확정,@갓데스_투입–@궤도_엘리베이터_강습 ~ @궤도_엘리베이터_강습–@아크_가디언_작전 / @궤도_엘리베이터_강습–@아크_가디언_작전 / @아크_가디언_작전–@방주_밀봉 ~ @방주_밀봉–@1차_지상_탈환전 / @방주_밀봉–@1차_지상_탈환전 ~ @1차_지상_탈환전–@갓데스_폴,4,12
F2828,사실,E542,암시,암시,F2828,91,2024-10-31,338,event_oldtales1,event_oldtales2_intermission_01,앞,,확실,확정,@갓데스_투입–@궤도_엘리베이터_강습 ~ @궤도_엘리베이터_강습–@아크_가디언_작전 / @궤도_엘리베이터_강습–@아크_가디언_작전 / @아크_가디언_작전–@방주_밀봉 ~ @방주_밀봉–@1차_지상_탈환전 / @방주_밀봉–@1차_지상_탈환전 ~ @1차_지상_탈환전–@갓데스_폴,4,12
F2828,사실,E547,암시,암시,F2828,91,2024-10-31,338,event_oldtales1,event_oldtales2_06_s,앞,,추정,확정,@갓데스_투입–@궤도_엘리베이터_강습 ~ @궤도_엘리베이터_강습–@아크_가디언_작전 / @궤도_엘리베이터_강습–@아크_가디언_작전 / @아크_가디언_작전–@방주_밀봉 ~ @방주_밀봉–@1차_지상_탈환전 / @방주_밀봉–@1차_지상_탈환전 ~ @1차_지상_탈환전–@갓데스_폴,4,12
F2828,사실,E1396,암시,암시,F2828,91,2024-10-31,342,char:226,ep:d_nikke_rapunzel_puregrace_05,앞,,추정,확정,@갓데스_투입–@궤도_엘리베이터_강습 ~ @궤도_엘리베이터_강습–@아크_가디언_작전,4,6
F2828,사실,E1213,암시,암시,F2828,153,2026-08-13,470,ch47,d_main_47_04,앞,,추정,확정,ch47,111,111
F2828,사실,F2828,처음 밝혀짐,드러냄,,154,2026-08-13,472,ch48,d_main_48_03,동시,,확실,확정,ch48,113,113
F2829,사실,F2829,처음 밝혀짐,드러냄,,154,2026-08-13,472,ch48,d_main_48_03,동시,,확실,확정,ch48,113,113
F2830,사실,E1258,암시,암시,F2830,17,2022-11-04,102,char:221,ep:d_nikke_rapunzel_05,앞,,확실,확정,ch06–ch07 ~ ch16–ch17,30,50
F2830,사실,F2830,처음 밝혀짐,드러냄,,154,2026-08-13,472,ch48,d_main_48_03,동시,,확실,확정,ch48,113,113
F2831,사실,E1215,암시,암시,F2831,153,2026-08-13,470,ch47,d_main_47_04,앞,,확실,확정,ch47,111,111
F2831,사실,F2831,처음 밝혀짐,드러냄,,154,2026-08-13,472,ch48,d_main_48_03,동시,,확실,확정,ch48,113,113
F2832,사실,E1216,암시,암시,F2832,153,2026-08-13,470,ch47,d_main_47_04,앞,,확실,확정,ch47,111,111
F2832,사실,F2832,처음 밝혀짐,드러냄,,154,2026-08-13,472,ch48,d_main_48_04,동시,,확실,확정,ch48,113,113
F2833,사실,F2833,처음 밝혀짐,드러냄,,154,2026-08-13,472,ch48,d_main_48_04,동시,,확실,확정,ch48,113,113
F2834,사실,E1104,암시,암시,F2834,144,2026-04-23,452,ch46,d_main_46_09,앞,,확실,확정,ch46,109,109
F2834,사실,E1212,암시,암시,F2834,153,2026-08-13,470,ch47,d_main_47_03,앞,,추정,확정,ch47,111,111
F2834,사실,F2834,처음 밝혀짐,드러냄,,154,2026-08-13,472,ch48,d_main_48_05,동시,,확실,확정,ch48,113,113
F2835,사실,E1219,암시,암시,F2835,153,2026-08-13,470,ch47,d_main_47_05,앞,,추정,확정,ch47,111,111
F2835,사실,F2835,처음 밝혀짐,드러냄,,154,2026-08-13,472,ch48,d_main_48_05,동시,,확실,확정,ch48,113,113
F2836,사실,F2836,처음 밝혀짐,드러냄,,154,2026-08-13,472,ch48,d_main_48_05,동시,,확실,확정,ch48,113,113
F2837,사실,E2,암시,암시,F2837,1,2022-11-04,1,ch00,d_main_01_01_s,앞,,추정,확정,ch00,17,17
F2837,사실,E5,암시,암시,F2837,2,2022-11-04,2,ch01,d_main_01_06_e,앞,,추정,확정,ch01,19,19
F2837,사실,E91,암시,암시,F2837,14,2022-11-04,76,ch13,d_main_13af_06,앞,,추정,확정,ch13,43,43
F2837,사실,F2837,처음 밝혀짐,드러냄,,154,2026-08-13,472,ch48,d_main_48_05,동시,,확실,확정,ch48,113,113
F2838,사실,E1207,암시,암시,F2838,153,2026-08-13,470,ch47,d_main_47_01,앞,,추정,확정,ch47,111,111
F2838,사실,E1221,암시,암시,F2838,153,2026-08-13,470,ch47,d_main_47_05,앞,,확실,확정,ch47,111,111
F2838,사실,F2838,처음 밝혀짐,드러냄,,154,2026-08-13,472,ch48,d_main_48_05,동시,,확실,확정,ch48,113,113
F2839,사실,F2839,처음 밝혀짐,드러냄,,154,2026-08-13,472,ch48,d_main_48_06_s,동시,,확실,확정,ch48,113,113
F2840,사실,E1100,암시,암시,F2840,144,2026-04-23,452,ch46,d_main_46_07,앞,,확실,확정,ch46,109,109
F2840,사실,E1110,암시,암시,F2840,144,2026-04-23,452,ch46,d_main_46_11,앞,,추정,확정,ch46,109,109
F2840,사실,E1214,암시,암시,F2840,153,2026-08-13,470,ch47,d_main_47_04,앞,,확실,확정,ch47,111,111
F2840,사실,F2840,처음 밝혀짐,드러냄,,154,2026-08-13,472,ch48,d_main_48_06_e,동시,,확실,확정,ch48,113,113
F2841,사실,F2841,처음 밝혀짐,드러냄,,154,2026-08-13,472,ch48,d_main_48_06_e,동시,,확실,확정,ch48,113,113
F2842,사실,F2842,처음 밝혀짐,드러냄,,154,2026-08-13,472,ch48,d_main_48_07,동시,,확실,확정,ch48,113,113
F2843,사실,E958,암시,암시,F2843,128,2025-10-30,418,event_goddessfall1,event_goddessfall2_epilogue,앞,,추정,확정,ch40–ch41,98,98
F2843,사실,E1225,암시,암시,F2843,153,2026-08-13,470,ch47,d_main_47_07,앞,,추정,확정,ch47,111,111
F2843,사실,F2843,처음 밝혀짐,드러냄,,154,2026-08-13,472,ch48,d_main_48_07,동시,,확실,확정,ch48,113,113
F2843,사실,E1247,재언급,재언급,F2843,154,2026-08-13,473,relic:불길한_소리.wav,relic:불길한_소리.wav_03,동시,,추정,확정,ch45–ch46 ~ ch46–ch47,108,110
F2844,사실,F2844,처음 밝혀짐,드러냄,,154,2026-08-13,472,ch48,d_main_48_07,동시,,확실,확정,ch48,113,113
F2845,사실,F2845,처음 밝혀짐,드러냄,,154,2026-08-13,472,ch48,d_main_48_07,동시,,확실,확정,ch48,113,113
F2846,사실,F2846,처음 밝혀짐,드러냄,,154,2026-08-13,472,ch48,d_main_48_07,동시,,확실,확정,ch48,113,113
F2847,사실,F2847,처음 밝혀짐,드러냄,,154,2026-08-13,472,ch48,d_main_48_07,동시,,확실,확정,ch48,113,113
F2848,사실,E1211,암시,암시,F2848,153,2026-08-13,470,ch47,d_main_47_03,앞,,추정,확정,ch47,111,111
F2848,사실,E1228,암시,암시,F2848,154,2026-08-13,472,ch48,d_main_48_01,동시,,추정,확정,ch48,113,113
F2848,사실,E1233,암시,암시,F2848,154,2026-08-13,472,ch48,d_main_48_06_e,동시,,추정,확정,ch48,113,113
F2848,사실,F2848,처음 밝혀짐,드러냄,,154,2026-08-13,472,ch48,d_main_48_07,동시,,확실,확정,ch48,113,113
F2849,사실,F2849,처음 밝혀짐,드러냄,,154,2026-08-13,473,relic:불길한_소리.wav,relic:불길한_소리.wav_00,동시,,확실,확정,ch45–ch46 ~ ch46–ch47,108,110
F2850,사실,F2850,처음 밝혀짐,드러냄,,154,2026-08-13,474,fl:persona_on_frontline,fl:persona_on_frontline_00,동시,,확실,확정,ch22–ch23 ~,62,
F2851,사실,F2851,처음 밝혀짐,드러냄,,154,2026-08-13,474,fl:persona_on_frontline,fl:persona_on_frontline_01,동시,,확실,확정,ch22–ch23 ~,62,
F2852,사실,F2852,처음 밝혀짐,드러냄,,154,2026-08-13,474,fl:persona_on_frontline,fl:persona_on_frontline_02,동시,,확실,확정,ch22–ch23 ~,62,
F2853,사실,F2853,처음 밝혀짐,드러냄,,154,2026-08-13,474,fl:persona_on_frontline,fl:persona_on_frontline_03,동시,,확실,확정,ch22–ch23 ~,62,
F2854,사실,F2854,처음 밝혀짐,드러냄,,154,2026-08-13,474,fl:persona_on_frontline,fl:persona_on_frontline_05,동시,,확실,확정,ch22–ch23 ~,62,
F2855,사실,E1564,재언급,재언급,F2855,154,2026-08-13,474,fl:persona_on_frontline,fl:persona_on_frontline_11,동시,,추정,확정,ch22–ch23 ~,62,
F2855,사실,F2855,처음 밝혀짐,드러냄,,154,2026-08-13,474,fl:persona_on_frontline,fl:persona_on_frontline_07,동시,,확실,확정,ch22–ch23 ~,62,
F2856,사실,F2856,처음 밝혀짐,드러냄,,154,2026-08-13,474,fl:persona_on_frontline,fl:persona_on_frontline_09,동시,,확실,확정,ch22–ch23 ~,62,
F2857,사실,E1560,암시,암시,F2857,154,2026-08-13,474,fl:persona_on_frontline,fl:persona_on_frontline_02,동시,,확실,확정,ch22–ch23 ~,62,
F2857,사실,F2857,처음 밝혀짐,드러냄,,154,2026-08-13,474,fl:persona_on_frontline,fl:persona_on_frontline_09,동시,,확실,확정,ch22–ch23 ~,62,
F2858,사실,F2858,처음 밝혀짐,드러냄,,154,2026-08-13,474,fl:persona_on_frontline,fl:persona_on_frontline_10,동시,,확실,확정,ch22–ch23 ~,62,
F2859,사실,F2859,처음 밝혀짐,드러냄,,154,2026-08-13,474,fl:persona_on_frontline,fl:persona_on_frontline_13,동시,,확실,확정,ch22–ch23 ~,62,
F2860,사실,F2860,처음 밝혀짐,드러냄,,154,2026-08-13,474,fl:persona_on_frontline,fl:persona_on_frontline_13,동시,,확실,확정,ch22–ch23 ~,62,
F2861,사실,F2861,처음 밝혀짐,드러냄,,154,2026-08-13,474,fl:persona_on_frontline,fl:persona_on_frontline_16,동시,,확실,확정,ch22–ch23 ~,62,
F2862,사실,F2862,처음 밝혀짐,드러냄,,154,2026-08-13,474,fl:persona_on_frontline,fl:persona_on_frontline_19,동시,,확실,확정,ch22–ch23 ~,62,
F2863,사실,F2863,처음 밝혀짐,드러냄,,154,2026-08-13,474,fl:persona_on_frontline,fl:persona_on_frontline_23,동시,,확실,확정,ch22–ch23 ~,62,
F2864,사실,E1563,암시,암시,F2864,154,2026-08-13,474,fl:persona_on_frontline,fl:persona_on_frontline_07,동시,,추정,확정,ch22–ch23 ~,62,
F2864,사실,F2864,처음 밝혀짐,드러냄,,154,2026-08-13,474,fl:persona_on_frontline,fl:persona_on_frontline_25,동시,,확실,확정,ch22–ch23 ~,62,
F2865,사실,F2865,처음 밝혀짐,드러냄,,154,2026-08-13,474,fl:persona_on_frontline,fl:persona_on_frontline_26,동시,,확실,확정,ch22–ch23 ~,62,
F2866,사실,E1568,암시,암시,F2866,154,2026-08-13,474,fl:persona_on_frontline,fl:persona_on_frontline_13,동시,,추정,확정,ch22–ch23 ~,62,
F2866,사실,E1571,암시,암시,F2866,154,2026-08-13,474,fl:persona_on_frontline,fl:persona_on_frontline_16,동시,,확실,확정,ch22–ch23 ~,62,
F2866,사실,E1572,암시,암시,F2866,154,2026-08-13,474,fl:persona_on_frontline,fl:persona_on_frontline_18,동시,,추정,확정,ch22–ch23 ~,62,
F2866,사실,E1579,암시,암시,F2866,154,2026-08-13,474,fl:persona_on_frontline,fl:persona_on_frontline_25,동시,,확실,확정,ch22–ch23 ~,62,
F2866,사실,F2866,처음 밝혀짐,드러냄,,154,2026-08-13,474,fl:persona_on_frontline,fl:persona_on_frontline_26,동시,,추정,확정,ch22–ch23 ~,62,
F2867,사실,F2867,처음 밝혀짐,드러냄,,154,2026-08-13,474,fl:persona_on_frontline,fl:persona_on_frontline_27,동시,,확실,확정,ch22–ch23 ~,62,
F2868,사실,F2868,처음 밝혀짐,드러냄,,154,2026-08-13,474,fl:persona_on_frontline,fl:persona_on_frontline_27,동시,,확실,확정,ch22–ch23 ~,62,
F2869,사실,E1581,암시,암시,F2869,154,2026-08-13,474,fl:persona_on_frontline,fl:persona_on_frontline_27,동시,,확실,확정,ch22–ch23 ~,62,
F2869,사실,F2869,처음 밝혀짐,드러냄,,154,2026-08-13,475,char:872,ep:d_nikke_ce009_03_01,동시,,확실,확정,ch22–ch23 ~,62,
F2870,사실,E1583,암시,암시,F2870,154,2026-08-13,474,fl:persona_on_frontline,fl:persona_on_frontline_27,동시,,확실,확정,ch22–ch23 ~,62,
F2870,사실,F2870,처음 밝혀짐,드러냄,,154,2026-08-13,476,char:870,ep:d_nikke_ce009_01_01,동시,,확실,확정,ch22–ch23 ~,62,
F2871,사실,E1582,암시,암시,F2871,154,2026-08-13,474,fl:persona_on_frontline,fl:persona_on_frontline_27,앞,,확실,확정,ch22–ch23 ~,62,
F2871,사실,F2871,처음 밝혀짐,드러냄,,155,2026-08-20,477,char:871,ep:d_nikke_ce009_02_01,동시,,확실,확정,ch22–ch23 ~,62,
F2872,사실,E926,암시,암시,F2872,128,2025-10-30,416,ch42,d_main_42_af_08,앞,,확실,확정,ch42,101,101
F2872,사실,F2872,처음 밝혀짐,드러냄,,156,2026-09-03,478,fl:great_villain_union,fl:great_villain_union_01,동시,,확실,확정,ch42–ch43 ~,102,
F2873,사실,E1590,재언급,재언급,F2873,156,2026-09-03,478,fl:great_villain_union,fl:great_villain_union_12,동시,,확실,확정,ch42–ch43 ~,102,
F2873,사실,F2873,처음 밝혀짐,드러냄,,156,2026-09-03,478,fl:great_villain_union,fl:great_villain_union_08,동시,,확실,확정,ch42–ch43 ~,102,
F2874,사실,F2874,처음 밝혀짐,드러냄,,156,2026-09-03,478,fl:great_villain_union,fl:great_villain_union_06,동시,,확실,확정,ch42–ch43 ~,102,
F2875,사실,F2875,처음 밝혀짐,드러냄,,156,2026-09-03,478,fl:great_villain_union,fl:great_villain_union_07,동시,,확실,확정,ch42–ch43 ~,102,
F2876,사실,E1590,재언급,재언급,F2876,156,2026-09-03,478,fl:great_villain_union,fl:great_villain_union_12,동시,,확실,확정,ch42–ch43 ~,102,
F2876,사실,F2876,처음 밝혀짐,드러냄,,156,2026-09-03,478,fl:great_villain_union,fl:great_villain_union_08,동시,,확실,확정,ch42–ch43 ~,102,
F2877,사실,F2877,처음 밝혀짐,드러냄,,156,2026-09-03,478,fl:great_villain_union,fl:great_villain_union_12,동시,,확실,확정,ch42–ch43 ~,102,
F2878,사실,F2878,처음 밝혀짐,드러냄,,156,2026-09-03,479,char:104,ep:d_nikke_drake_greatvillain_01,동시,,확실,확정,ch38–ch39 ~,94,
F2879,사실,F2879,처음 밝혀짐,드러냄,,158,2026-09-24,481,char:405,ep:d_nikke_sin_swiftbunny_01,동시,,확실,확정,ch09–ch10 ~,36,
F2880,사실,F2880,처음 밝혀짐,드러냄,,2,2022-11-04,2,ch01,d_main_01_06_e,동시,,확실,확정,ch01,19,19
F2880,사실,E16,재언급,재언급,F2880,4,2022-11-04,6,ch03,d_main_03_02,뒤,,확실,확정,ch03,23,23
F2880,사실,E53,재언급,재언급,F2880,8,2022-11-04,42,ch07,d_main_07_06_e,뒤,,확실,확정,ch07,31,31
F2880,사실,E69,재언급,재언급,F2880,10,2022-11-04,55,ch09,d_main_09_05_s,뒤,,확실,확정,ch09,35,35
F2880,사실,E88,재언급,재언급,F2880,14,2022-11-04,76,ch13,d_main_13_08_e,뒤,,확실,확정,ch13,43,43
F2880,사실,E95,재언급,재언급,F2880,15,2022-11-04,80,ch14,d_main_14_07,뒤,,확실,확정,ch14,45,45
F2880,사실,E97,재언급,재언급,F2880,15,2022-11-04,80,ch14,d_main_14_14,뒤,,확실,확정,ch14,45,45
F2880,사실,E122,재언급,재언급,F2880,19,2022-11-24,148,ch17,d_main_17_07,뒤,,확실,확정,ch17,51,51
F2880,사실,E135,재언급,재언급,F2880,23,2022-12-29,163,event_brandnewyear,event_brandnewyear_06_e,뒤,,확실,확정,ch13–ch14 ~,44,
F2880,사실,E1231,재언급,재언급,F2880,154,2026-08-13,472,ch48,d_main_48_05,뒤,,확실,확정,ch48,113,113
F2881,사실,E104,암시,암시,F2881,17,2022-11-04,87,ch16,d_main_16_07,동시,,추정,확정,ch16,49,49
F2881,사실,F2881,처음 밝혀짐,드러냄,,17,2022-11-04,87,ch16,d_main_16af_02,동시,,확실,확정,ch16,49,49
F2882,사실,E310,암시,암시,F2882,59,2023-12-28,258,event_newyearnewsword,event_newyearnewsword_01_s,동시,,확실,확정,ch14–ch15 ~,46,
F2882,사실,F2882,처음 밝혀짐,드러냄,,59,2023-12-28,258,event_newyearnewsword,event_newyearnewsword_03_e,동시,,확실,확정,ch14–ch15 ~,46,
F2883,사실,E544,재언급,재언급,F2883,91,2024-10-31,338,event_oldtales1,event_oldtales2_04_e,동시,,추정,확정,@갓데스_투입–@궤도_엘리베이터_강습 ~ @궤도_엘리베이터_강습–@아크_가디언_작전 / @궤도_엘리베이터_강습–@아크_가디언_작전 / @아크_가디언_작전–@방주_밀봉 ~ @방주_밀봉–@1차_지상_탈환전 / @방주_밀봉–@1차_지상_탈환전 ~ @1차_지상_탈환전–@갓데스_폴,4,12
F2883,사실,F2883,처음 밝혀짐,드러냄,,91,2024-10-31,338,event_oldtales1,event_oldtales2_02_e,동시,,확실,확정,@갓데스_투입–@궤도_엘리베이터_강습 ~ @궤도_엘리베이터_강습–@아크_가디언_작전 / @궤도_엘리베이터_강습–@아크_가디언_작전 / @아크_가디언_작전–@방주_밀봉 ~ @방주_밀봉–@1차_지상_탈환전 / @방주_밀봉–@1차_지상_탈환전 ~ @1차_지상_탈환전–@갓데스_폴,4,12
F2883,사실,E624,재언급,재언급,F2883,102,2025-02-20,360,ch36,d_main_36_07_s,뒤,,확실,확정,ch36,89,89
F2884,사실,F2884,처음 밝혀짐,드러냄,,107,2025-04-10,370,side:mudfish,side:mudfish_04,동시,,확실,확정,ch24–ch25 ~,66,
F2885,사실,F2885,처음 밝혀짐,드러냄,,113,2025-06-12,387,event_ce006,event_ce006_3_03_e,동시,,확실,확정,ch26–ch27 ~,70,
F2886,사실,F2886,처음 밝혀짐,드러냄,,116,2025-07-17,393,fl:boom_the_ghost,fl:boom_the_ghost_25,동시,,확실,확정,ch38–ch39 ~,94,
F2887,사실,F2887,처음 밝혀짐,드러냄,,116,2025-07-17,393,fl:boom_the_ghost,fl:boom_the_ghost_19,동시,,확실,확정,ch38–ch39 ~,94,
F2888,사실,F2888,처음 밝혀짐,드러냄,,119,2025-08-07,398,ch40,d_main_40_07,동시,,확실,확정,ch40,97,97
F2889,사실,F2889,처음 밝혀짐,드러냄,,119,2025-08-07,400,fl:absolute,fl:absolute_04,동시,,확실,확정,ch34–ch35 ~,86,
F2890,사실,F2890,처음 밝혀짐,드러냄,,128,2025-10-30,418,event_goddessfall1,event_goddessfall2_05_e,동시,,확실,확정,ch40–ch41,98,98
F2891,사실,F2891,처음 밝혀짐,드러냄,,128,2025-10-30,418,event_goddessfall1,event_goddessfall2_05_s,동시,,확실,확정,ch40–ch41,98,98
F2892,사실,F2892,처음 밝혀짐,드러냄,,133,2025-12-30,428,fl:ark_guardian,fl:ark_guardian_00,동시,,확실,확정,ch40–ch41 ~ ch41,98,99
F2893,사실,E1593,암시,암시,F2893,17,2022-11-04,94,char:11,ep:d_nikke_neon_05,앞,,추정,확정,ch15–ch16 ~,48,
F2893,사실,F2893,처음 밝혀짐,드러냄,,137,2026-02-12,434,ch43,d_main_43_08,동시,,확실,확정,ch43,103,103
F2893,사실,E1524,재언급,재언급,F2893,145,2026-04-30,457,char:18,ep:d_nikke_neon_visioneye_05,뒤,,확실,확정,ch44–ch45 ~,106,
F2894,사실,F2894,처음 밝혀짐,드러냄,,140,2026-03-05,442,fl:enter_heaven,fl:enter_heaven_13,동시,,확실,확정,ch39–ch40 ~,96,
F2895,사실,E1135,재언급,재언급,F2895,144,2026-04-23,454,event_staranis1,event_staranis1_06_s,동시,,확실,확정,ch46–ch47 ~ ch47,110,111
F2895,사실,E1138,재언급,재언급,F2895,144,2026-04-23,454,event_staranis1,event_staranis1_06_e,동시,,추정,확정,ch46–ch47 ~ ch47,110,111
F2895,사실,E1160,재언급,재언급,F2895,144,2026-04-23,454,event_staranis1,event_staranis2_04_e,동시,,확실,확정,ch46–ch47 ~ ch47,110,111
F2895,사실,F2895,처음 밝혀짐,드러냄,,144,2026-04-23,454,event_staranis1,event_staranis1_05_e,동시,,확실,확정,ch46–ch47 ~ ch47,110,111
F2896,사실,F2896,처음 밝혀짐,드러냄,,50,2023-09-21,234,event_schooloflock,event_schooloflock_epilogue,동시,,확실,확정,,,
F2897,사실,F2897,처음 밝혀짐,드러냄,,75,2024-05-30,300,event_goldencoinrush1,event_goldencoinrush2_06_e,동시,,확실,확정,ch22–ch23 ~,62,
F2898,사실,F2898,처음 밝혀짐,드러냄,,110,2025-05-01,382,char:162,ep:d_nikke_mihara_bondingchain_04,동시,,확실,확정,ch36–ch37 ~,90,
F2899,사실,F2899,처음 밝혀짐,드러냄,,130,2025-11-20,423,fl:blank_ticket,fl:blank_ticket_13,동시,,확실,확정,ch13–ch14 ~,44,
F2899,사실,E1452,재언급,재언급,F2899,131,2025-12-04,425,fl:terminus_ticket,fl:terminus_ticket_08,뒤,,확실,확정,ch13–ch14 ~,44,
F2899,사실,E1462,재언급,재언급,F2899,131,2025-12-04,425,fl:terminus_ticket,fl:terminus_ticket_26,뒤,,확실,확정,ch13–ch14 ~,44,
F2900,사실,F2900,처음 밝혀짐,드러냄,,130,2025-11-20,423,fl:blank_ticket,fl:blank_ticket_12,동시,,확실,확정,ch13–ch14 ~,44,
F2900,사실,E1458,재언급,재언급,F2900,131,2025-12-04,425,fl:terminus_ticket,fl:terminus_ticket_21,뒤,,확실,확정,ch13–ch14 ~,44,
F2900,사실,E1463,재언급,재언급,F2900,131,2025-12-04,425,fl:terminus_ticket,fl:terminus_ticket_27,뒤,,확실,확정,ch13–ch14 ~,44,
F2901,사실,F2901,처음 밝혀짐,드러냄,,130,2025-11-20,423,fl:blank_ticket,fl:blank_ticket_00,동시,,확실,확정,ch13–ch14 ~,44,
F2901,사실,E1453,재언급,재언급,F2901,131,2025-12-04,425,fl:terminus_ticket,fl:terminus_ticket_09,뒤,,확실,확정,ch13–ch14 ~,44,
F2901,사실,E1459,재언급,재언급,F2901,131,2025-12-04,425,fl:terminus_ticket,fl:terminus_ticket_22,뒤,,확실,확정,ch13–ch14 ~,44,
F2902,사실,E1454,암시,암시,F2902,131,2025-12-04,425,fl:terminus_ticket,fl:terminus_ticket_09,동시,,확실,확정,ch13–ch14 ~,44,
F2902,사실,F2902,처음 밝혀짐,드러냄,,131,2025-12-04,425,fl:terminus_ticket,fl:terminus_ticket_18,동시,,확실,확정,ch13–ch14 ~,44,
F2903,사실,E1552,암시,암시,F2903,149,2026-07-02,464,fl:wave_to_you,fl:wave_to_you_10,동시,,확실,확정,ch42–ch43 ~,102,
F2903,사실,E1556,암시,암시,F2903,149,2026-07-02,464,fl:wave_to_you,fl:wave_to_you_23,동시,,확실,확정,ch42–ch43 ~,102,
F2903,사실,F2903,처음 밝혀짐,드러냄,,149,2026-07-02,464,fl:wave_to_you,fl:wave_to_you_25,동시,,확실,확정,ch42–ch43 ~,102,
F2904,사실,E1570,암시,암시,F2904,154,2026-08-13,474,fl:persona_on_frontline,fl:persona_on_frontline_16,동시,,확실,확정,ch22–ch23 ~,62,
F2904,사실,E1576,암시,암시,F2904,154,2026-08-13,474,fl:persona_on_frontline,fl:persona_on_frontline_19,동시,,확실,확정,ch22–ch23 ~,62,
F2904,사실,E1577,암시,암시,F2904,154,2026-08-13,474,fl:persona_on_frontline,fl:persona_on_frontline_21,동시,,확실,확정,ch22–ch23 ~,62,
F2904,사실,F2904,처음 밝혀짐,드러냄,,154,2026-08-13,474,fl:persona_on_frontline,fl:persona_on_frontline_24,동시,,확실,확정,ch22–ch23 ~,62,
F2905,사실,E1567,암시,암시,F2905,154,2026-08-13,474,fl:persona_on_frontline,fl:persona_on_frontline_13,동시,,확실,확정,ch22–ch23 ~,62,
F2905,사실,F2905,처음 밝혀짐,드러냄,,154,2026-08-13,474,fl:persona_on_frontline,fl:persona_on_frontline_22,동시,,확실,확정,ch22–ch23 ~,62,
F2906,사실,E1584,암시,암시,F2906,156,2026-09-03,478,fl:great_villain_union,fl:great_villain_union_00,동시,,확실,확정,ch42–ch43 ~,102,
F2906,사실,F2906,처음 밝혀짐,드러냄,,156,2026-09-03,478,fl:great_villain_union,fl:great_villain_union_14,동시,,확실,확정,ch42–ch43 ~,102,
Q1,의문,E6,암시,암시,Q1,2,2022-11-04,2,ch01,d_main_01af_02,동시,,확실,확정,ch01,19,19
Q1,의문,Q1,제기,제기,,2,2022-11-04,2,ch01,d_main_01af_01,동시,,확실,확정,ch01,19,19
Q1,의문,Q1-2,일부 회수,회수,,5,2022-11-04,8,ch04,d_main_04af_04,뒤,F84,확실,확정,ch04,25,25
Q1,의문,Q1-3,회수,회수,,15,2022-11-04,80,ch14,d_main_14af_03,뒤,F376,확실,확정,ch14,45,45
Q2,의문,Q2,제기,제기,,2,2022-11-04,2,ch01,d_main_01_07_s,동시,,추정,확정,ch01,19,19
Q2,의문,Q2-2,회수,회수,,96,2024-12-26,350,event_footstepwalkrun1,event_footstepwalkrun2_epilogue,뒤,F1765,확실,확정,ch34–ch35 ~ ch35,86,87
Q3,의문,Q3,제기,제기,,2,2022-11-04,2,ch01,d_main_01af_01,동시,,추정,확정,ch01,19,19
Q3,의문,Q3-2,일부 회수,회수,,3,2022-11-04,3,ch02,d_main_02af_01,뒤,F40,추정,확정,ch02,21,21
Q4,의문,Q4,제기,제기,,3,2022-11-04,3,ch02,d_main_02_05,동시,,확실,확정,ch02,21,21
Q4,의문,Q4-2,일부 회수,회수,,3,2022-11-04,3,ch02,d_main_02_08_s,동시,F34,확실,확정,ch02,21,21
Q5,의문,Q5,제기,제기,,3,2022-11-04,3,ch02,d_main_02af_01,동시,,확실,확정,ch02,21,21
Q6,의문,E7,암시,암시,Q6,2,2022-11-04,2,ch01,d_main_01af_04,앞,,확실,확정,ch01,19,19
Q6,의문,Q6,제기,제기,,3,2022-11-04,3,ch02,d_main_02af_01,동시,,확실,확정,ch02,21,21
Q6,의문,Q6-2,일부 회수,회수,,7,2022-11-04,11,ch06,d_main_06_07,뒤,F120,추정,확정,ch06,29,29
Q6,의문,E35,재언급,재언급,Q6,7,2022-11-04,22,sub:이례의_기록자_00,sub:이례의_기록자_00,뒤,,확실,확정,,,
Q6,의문,Q6-3,일부 회수,회수,,17,2022-11-04,107,char:102,ep:d_nikke_maxwell_03,뒤,F529,추정,확정,ch15–ch16 ~,48,
Q6,의문,E145,재언급,재언급,Q6,26,2023-01-12,168,ch20,d_main_20_05,뒤,,추정,확정,ch20,57,57
Q7,의문,Q7,제기,제기,,3,2022-11-04,3,ch02,d_main_02af_04,동시,,추정,확정,ch02,21,21
Q8,의문,Q8,제기,제기,,3,2022-11-04,3,ch02,d_main_02af_07,동시,,확실,확정,ch02,21,21
Q8,의문,Q8-2,일부 회수,회수,,4,2022-11-04,6,ch03,d_main_03_03,뒤,F56,확실,확정,ch03,23,23
Q8,의문,E36,재언급,재언급,Q8,7,2022-11-04,28,sub:랩칠리언_05,sub:랩칠리언_05,뒤,,추정,확정,ch02–ch03 ~ ch26–ch27,22,70
Q9,의문,Q9,제기,제기,,3,2022-11-04,4,sub:칠리페퍼_00,sub:칠리페퍼_00,동시,,추정,확정,ch01–ch02 ~,20,
Q9,의문,Q9-2,회수,회수,,9,2022-11-04,51,sub:칠리페퍼_01,sub:칠리페퍼_01,뒤,F241,확실,확정,ch01–ch02 ~,20,
Q10,의문,Q10,제기,제기,,4,2022-11-04,6,ch03,d_main_03_07,동시,,확실,확정,ch03,23,23
Q11,의문,Q11,제기,제기,,4,2022-11-04,6,ch03,d_main_03_06,동시,,확실,확정,ch03,23,23
Q12,의문,Q12,제기,제기,,4,2022-11-04,6,ch03,d_main_03_04,동시,,확실,확정,ch03,23,23
Q12,의문,Q12-2,일부 회수,회수,,5,2022-11-04,8,ch04,d_main_04_04_s,뒤,F71,확실,확정,ch04,25,25
Q13,의문,Q13,제기,제기,,5,2022-11-04,8,ch04,d_main_04_04_s,동시,,확실,확정,ch04,25,25
Q13,의문,Q13-2,일부 회수,회수,,7,2022-11-04,11,ch06,d_main_06_07,뒤,F120,확실,확정,ch06,29,29
Q13,의문,E56,재언급,재언급,Q13,8,2022-11-04,42,ch07,d_main_07_02,뒤,,확실,확정,ch07,31,31
Q13,의문,Q13-3,일부 회수,회수,,26,2023-01-12,168,ch20,d_main_20_07,뒤,F766,확실,확정,ch20,57,57
Q14,의문,Q14,제기,제기,,5,2022-11-04,8,ch04,d_main_04_04_e,동시,,확실,확정,ch04,25,25
Q14,의문,Q14-2,일부 회수,회수,,14,2022-11-04,76,ch13,d_main_13_08_e,뒤,F336,확실,확정,ch13,43,43
Q14,의문,Q14-3,일부 회수,회수,,55,2023-11-02,248,event_redash,event_redash1_02_s,뒤,F1145,확실,확정,@갓데스_투입 ~ @갓데스_투입–@궤도_엘리베이터_강습 / @궤도_엘리베이터_강습–@아크_가디언_작전 ~ @아크_가디언_작전–@방주_밀봉 / @2차_지상_탈환전–ch00,3,16
Q14,의문,Q14-4,일부 회수,회수,,96,2024-12-26,350,event_footstepwalkrun1,event_footstepwalkrun2_06_e,뒤,F1763,확실,확정,ch34–ch35 ~ ch35,86,87
Q15,의문,Q15,제기,제기,,5,2022-11-04,8,ch04,d_main_04_04_e,동시,,확실,확정,ch04,25,25
Q15,의문,Q15-2,일부 회수,회수,,7,2022-11-04,11,ch06,d_main_06_08_s,뒤,F123,확실,확정,ch06,29,29
Q16,의문,E11,암시,암시,Q16,3,2022-11-04,3,ch02,d_main_02_05,앞,,추정,확정,ch02,21,21
Q16,의문,Q16,제기,제기,,5,2022-11-04,8,ch04,d_main_04_09_e,동시,,확실,확정,ch04,25,25
Q16,의문,Q16-2,일부 회수,회수,,11,2022-11-04,62,ch10,d_main_10_06,뒤,F279,확실,확정,ch10,37,37
Q16,의문,Q16-3,일부 회수,회수,,81,2024-07-25,310,ch32,d_main_32_af_02,뒤,F1559,확실,확정,ch32,81,81
Q17,의문,Q17,제기,제기,,5,2022-11-04,8,ch04,d_main_04af_02,동시,,확실,확정,ch04,25,25
Q18,의문,Q18,제기,제기,,5,2022-11-04,8,ch04,d_main_04af_04,동시,,확실,확정,ch04,25,25
Q18,의문,Q18-2,일부 회수,회수,,10,2022-11-04,55,ch09,d_main_09af_06,뒤,F259,추정,확정,ch09,35,35
Q18,의문,Q18-3,일부 회수,회수,,13,2022-11-04,73,ch12,d_main_12af_01,뒤,F312,확실,확정,ch12,41,41
Q19,의문,Q19,제기,제기,,5,2022-11-04,8,ch04,d_main_04af_08,동시,,확실,확정,ch04,25,25
Q19,의문,Q19-2,일부 회수,회수,,101,2025-02-20,358,ch35,d_main_35_04,뒤,F1798,확실,확정,ch35,87,87
Q19,의문,Q19-3,일부 회수,회수,,142,2026-04-09,447,side:pretty_star,side:pretty_star_13,뒤,F2556,확실,확정,@갓데스_폴–@2차_지상_탈환전 / @갓데스_폴–@2차_지상_탈환전 ~ @2차_지상_탈환전–ch00,14,16
Q19,의문,Q19-4,회수,회수,,144,2026-04-23,454,event_staranis1,event_staranis2_05_e,뒤,F2705,확실,확정,ch46–ch47 ~ ch47,110,111
Q20,의문,Q20,제기,제기,,6,2022-11-04,9,ch05,d_main_05_04_e,동시,,확실,확정,ch05,27,27
Q21,의문,Q21,제기,제기,,6,2022-11-04,9,ch05,d_main_05_07,동시,,확실,확정,ch05,27,27
Q22,의문,Q22,제기,제기,,6,2022-11-04,9,ch05,d_main_05_07,동시,,확실,확정,ch05,27,27
Q22,의문,Q22-2,일부 회수,회수,,17,2022-11-04,126,char:191,ep:d_nikke_alice_04,뒤,F604,추정,확정,ch05–ch06 ~,28,
Q23,의문,Q23,제기,제기,,6,2022-11-04,10,sub:중앙_정부_공식__00,sub:중앙_정부_공식__00,동시,,확실,확정,,,
Q23,의문,Q23-2,일부 회수,회수,,20,2022-11-24,154,sub:중앙_정부_공식__02,sub:중앙_정부_공식__02,뒤,F711,추정,확정,,,
Q24,의문,Q24,제기,제기,,7,2022-11-04,11,ch06,d_main_06_02,동시,,확실,확정,ch06,29,29
Q24,의문,E1608,재언급,재언급,Q24,56,2023-11-23,254,char:192,ep:d_nikke_tove_03,뒤,,확실,확정,ch05–ch06 ~,28,
Q24,의문,E1609,재언급,재언급,Q24,56,2023-11-23,254,char:192,ep:d_nikke_tove_05,뒤,,확실,확정,ch05–ch06 ~,28,
Q25,의문,E42,암시,암시,Q25,6,2022-11-04,9,ch05,d_main_05_07,앞,,확실,확정,ch05,27,27
Q25,의문,Q25,제기,제기,,7,2022-11-04,11,ch06,d_main_06_03,동시,,확실,확정,ch06,29,29
Q25,의문,Q25-2,일부 회수,회수,,17,2022-11-04,104,char:190,ep:d_nikke_ludmilla_04,뒤,F513,추정,확정,ch06–ch07 ~,30,
Q26,의문,Q26,제기,제기,,7,2022-11-04,11,ch06,d_main_06_04,동시,,확실,확정,ch06,29,29
Q26,의문,Q26-2,회수,회수,,13,2022-11-04,73,ch12,d_main_12af_03,뒤,F320,확실,확정,ch12,41,41
Q27,의문,Q27,제기,제기,,7,2022-11-04,11,ch06,d_main_06_08_s,동시,,확실,확정,ch06,29,29
Q27,의문,Q27-2,회수,회수,,15,2022-11-04,80,ch14,d_main_14af_03,뒤,F376,확실,확정,ch14,45,45
Q28,의문,Q28,제기,제기,,7,2022-11-04,11,ch06,d_main_06_08_s,동시,,확실,확정,ch06,29,29
Q28,의문,Q28-2,일부 회수,회수,,128,2025-10-30,418,event_goddessfall1,event_goddessfall2_05_e,뒤,F2890,추정,확정,ch40–ch41,98,98
Q29,의문,Q29,제기,제기,,7,2022-11-04,11,ch06,d_main_06_08_e,동시,,확실,확정,ch06,29,29
Q29,의문,Q29-2,일부 회수,회수,,73,2024-04-25,295,event_lastkingdom1,event_lastkingdom2_epilogue,뒤,F1452,추정,확정,ch26–ch27 ~,70,
Q30,의문,Q30,제기,제기,,7,2022-11-04,18,sub:트레저_헌터_00,sub:트레저_헌터_00,동시,,추정,확정,,,
Q30,의문,Q30-2,일부 회수,회수,,7,2022-11-04,20,sub:트레저_헌터_02,sub:트레저_헌터_02,동시,F146,확실,확정,,,
Q30,의문,Q30-3,회수,회수,,7,2022-11-04,21,sub:트레저_헌터_03,sub:트레저_헌터_03,동시,F150,확실,확정,,,
Q31,의문,Q31,제기,제기,,7,2022-11-04,22,sub:이례의_기록자_00,sub:이례의_기록자_00,동시,,확실,확정,,,
Q32,의문,Q32,제기,제기,,7,2022-11-04,29,sub:랩칠리언_06,sub:랩칠리언_06,동시,,확실,확정,ch02–ch03 ~ ch26–ch27,22,70
Q33,의문,Q33,제기,제기,,7,2022-11-04,31,relic:갓데스스쿼드리포트,relic:갓데스스쿼드리포트_00,동시,,확실,확정,@아크_가디언_작전–@방주_밀봉 ~ @방주_밀봉,8,9
Q33,의문,Q33-2,일부 회수,회수,,17,2022-11-04,102,char:221,ep:d_nikke_rapunzel_04,뒤,F494,확실,확정,ch06–ch07 ~ ch16–ch17,30,50
Q33,의문,Q33-3,회수,회수,,36,2023-04-27,203,event_overzone,event_overzone1_01_e,뒤,F909,확실,확정,@2차_지상_탈환전–ch00,16,16
Q34,의문,Q34,제기,제기,,7,2022-11-04,32,sub:고스트_00,sub:고스트_00,동시,,확실,확정,,,
Q35,의문,E47,암시,암시,Q35,7,2022-11-04,38,relic:통화기록028594,relic:통화기록028594_02,동시,,추정,확정,@갓데스_투입–@궤도_엘리베이터_강습 ~ @아크_가디언_작전–@방주_밀봉,4,8
Q35,의문,Q35,제기,제기,,7,2022-11-04,38,relic:통화기록028594,relic:통화기록028594_02,동시,,확실,확정,@갓데스_투입–@궤도_엘리베이터_강습 ~ @아크_가디언_작전–@방주_밀봉,4,8
Q35,의문,E52,재언급,재언급,Q35,7,2022-11-04,41,relic:니케실험반대피켓,relic:니케실험반대피켓_01,동시,,추정,확정,@갓데스_투입–@궤도_엘리베이터_강습 ~,4,
Q36,의문,Q36,제기,제기,,8,2022-11-04,42,ch07,d_main_07_03,동시,,확실,확정,ch07,31,31
Q37,의문,E8,암시,암시,Q37,2,2022-11-04,2,ch01,d_main_01_07_e,앞,,확실,확정,ch01,19,19
Q37,의문,Q37,제기,제기,,8,2022-11-04,42,ch07,d_main_07af_04,동시,,확실,확정,ch07,31,31
Q38,의문,Q38,제기,제기,,8,2022-11-04,42,ch07,d_main_07af_02,동시,,확실,확정,ch07,31,31
Q38,의문,Q38-2,일부 회수,회수,,10,2022-11-04,55,ch09,d_main_09_02_e,뒤,F249,확실,확정,ch09,35,35
Q38,의문,Q38-3,회수,회수,,19,2022-11-24,148,ch17,d_main_17_08,뒤,F682,확실,확정,ch17,51,51
Q39,의문,Q39,제기,제기,,8,2022-11-04,42,ch07,d_main_07_06_e,동시,,확실,확정,ch07,31,31
Q39,의문,Q39-2,회수,회수,,25,2023-01-12,165,ch19,d_main_19af_01,뒤,F754,확실,확정,ch19,55,55
Q40,의문,Q40,제기,제기,,8,2022-11-04,43,sub:중앙_정부_공식__01,sub:중앙_정부_공식__01,동시,,추정,확정,,,
Q40,의문,Q40-2,일부 회수,회수,,20,2022-11-24,154,sub:중앙_정부_공식__02,sub:중앙_정부_공식__02,뒤,F710,확실,확정,,,
Q41,의문,Q41,제기,제기,,8,2022-11-04,44,sub:세르반_02,sub:세르반_02,동시,,추정,확정,,,
Q41,의문,Q41-2,회수,회수,,14,2022-11-04,77,sub:세르반_03,sub:세르반_03,뒤,F351,확실,확정,,,
Q42,의문,Q42,제기,제기,,9,2022-11-04,50,ch08,d_main_08_02,동시,,추정,확정,ch08,33,33
Q42,의문,Q42-2,회수,회수,,10,2022-11-04,55,ch09,d_main_09_06_s,뒤,F248,확실,확정,ch09,35,35
Q43,의문,Q43,제기,제기,,9,2022-11-04,50,ch08,d_main_08_08,동시,,확실,확정,ch08,33,33
Q43,의문,Q43-2,일부 회수,회수,,118,2025-08-07,396,ch39,d_main_39_af_08,뒤,F2066,확실,확정,ch39,95,95
Q43,의문,Q43-3,일부 회수,회수,,142,2026-04-09,447,side:pretty_star,side:pretty_star_02,뒤,F2546,추정,확정,@갓데스_폴–@2차_지상_탈환전 / @갓데스_폴–@2차_지상_탈환전 ~ @2차_지상_탈환전–ch00,14,16
Q43,의문,Q43-4,회수,회수,,144,2026-04-23,454,event_staranis1,event_staranis2_02_s,뒤,F2690,확실,확정,ch46–ch47 ~ ch47,110,111
Q44,의문,Q44,제기,제기,,9,2022-11-04,51,sub:칠리페퍼_01,sub:칠리페퍼_01,동시,,추정,확정,ch01–ch02 ~,20,
Q44,의문,Q44-2,회수,회수,,15,2022-11-04,81,sub:칠리페퍼_02,sub:칠리페퍼_02,뒤,F380,확실,확정,ch01–ch02 ~,20,
Q45,의문,Q45,제기,제기,,9,2022-11-04,52,sub:든_셀_00,sub:든_셀_00,동시,,확실,확정,ch07–ch08 ~,32,
Q46,의문,Q46,제기,제기,,9,2022-11-04,54,relic:UFO챈.zip,relic:UFO챈.zip_00,동시,,확실,확정,@랩쳐_침공–@갓데스_투입 ~ @갓데스_투입,2,3
Q46,의문,Q46-2,일부 회수,회수,,17,2022-11-04,102,char:221,ep:d_nikke_rapunzel_04,뒤,F493,확실,확정,ch06–ch07 ~ ch16–ch17,30,50
Q46,의문,Q46-3,일부 회수,회수,,55,2023-11-02,248,event_redash,event_redash1_01_e,뒤,F1140,확실,확정,@갓데스_투입 ~ @갓데스_투입–@궤도_엘리베이터_강습 / @궤도_엘리베이터_강습–@아크_가디언_작전 ~ @아크_가디언_작전–@방주_밀봉 / @2차_지상_탈환전–ch00,3,16
Q46,의문,E1338,재언급,재언급,Q46,55,2023-11-02,252,char:224,ep:d_nikke_snowwhite_young_02,뒤,,추정,확정,@랩쳐_침공–@갓데스_투입 ~ @갓데스_투입–@궤도_엘리베이터_강습,2,4
Q46,의문,Q46-4,일부 회수,회수,,101,2025-02-20,358,ch35,d_main_35bf_03,뒤,F1792,확실,확정,ch35,87,87
Q47,의문,Q47,제기,제기,,10,2022-11-04,55,ch09,d_main_09af_05,동시,,확실,확정,ch09,35,35
Q48,의문,Q48,제기,제기,,10,2022-11-04,55,ch09,d_main_09_06_e,동시,,확실,확정,ch09,35,35
Q49,의문,Q49,제기,제기,,10,2022-11-04,55,ch09,d_main_09af_02,동시,,확실,확정,ch09,35,35
Q49,의문,Q49-2,회수,회수,,15,2022-11-04,80,ch14,d_main_14_11,뒤,F369,확실,확정,ch14,45,45
Q50,의문,Q50,제기,제기,,10,2022-11-04,55,ch09,d_main_09af_06,동시,,확실,확정,ch09,35,35
Q51,의문,Q51,제기,제기,,10,2022-11-04,58,sub:미실리스_연구팀_01,sub:미실리스_연구팀_01,동시,,확실,확정,,,
Q52,의문,Q52,제기,제기,,11,2022-11-04,62,ch10,d_main_10_04,동시,,확실,확정,ch10,37,37
Q52,의문,Q52-2,회수,회수,,12,2022-11-04,68,ch11,d_main_11_01,뒤,F288,확실,확정,ch11,39,39
Q53,의문,Q53,제기,제기,,11,2022-11-04,62,ch10,d_main_10_06,동시,,확실,확정,ch10,37,37
Q53,의문,Q53-2,회수,회수,,12,2022-11-04,68,ch11,d_main_11_01,뒤,F288,확실,확정,ch11,39,39
Q54,의문,Q54,제기,제기,,11,2022-11-04,64,sub:롬_00,sub:롬_00,동시,,추정,확정,,,
Q54,의문,E745,재언급,재언급,Q54,113,2025-06-12,387,event_ce006,event_ce006_1_02_e,뒤,,확실,확정,ch26–ch27 ~,70,
Q54,의문,Q54-2,일부 회수,회수,,113,2025-06-12,387,event_ce006,event_ce006_2_04_e,뒤,F1997,확실,확정,ch26–ch27 ~,70,
Q55,의문,Q55,제기,제기,,12,2022-11-04,68,ch11,d_main_11_06_s,동시,,확실,확정,ch11,39,39
Q55,의문,Q55-2,회수,회수,,13,2022-11-04,73,ch12,d_main_12af_03,뒤,F319,확실,확정,ch12,41,41
Q56,의문,Q56,제기,제기,,12,2022-11-04,68,ch11,d_main_11_06_e,동시,,추정,확정,ch11,39,39
Q56,의문,Q56-2,회수,회수,,13,2022-11-04,73,ch12,d_main_12_07_s,뒤,F304,확실,확정,ch12,41,41
Q57,의문,Q57,제기,제기,,12,2022-11-04,71,relic:기업-랩쳐음모론,relic:기업-랩쳐음모론_01,동시,,확실,확정,@랩쳐_침공–@갓데스_투입 ~ @갓데스_투입,2,3
Q57,의문,Q57-2,일부 회수,회수,,137,2026-02-12,434,ch43,d_main_43_15,뒤,F2410,추정,확정,ch43,103,103
Q58,의문,E83,암시,암시,Q58,13,2022-11-04,73,ch12,d_main_12af_01,동시,,추정,확정,ch12,41,41
Q58,의문,Q58,제기,제기,,13,2022-11-04,73,ch12,d_main_12af_02,동시,,확실,확정,ch12,41,41
Q58,의문,E100,재언급,재언급,Q58,16,2022-11-04,85,ch15,d_main_15_04,뒤,,확실,확정,ch15,47,47
Q58,의문,Q58-2,회수,회수,,151,2026-07-23,467,fl:project_matis,fl:project_matis_21,뒤,F2791,확실,확정,ch46–ch47 ~,110,
Q59,의문,Q59,제기,제기,,13,2022-11-04,73,ch12,d_main_12af_03,동시,,확실,확정,ch12,41,41
Q59,의문,E86,암시,암시,Q59,14,2022-11-04,76,ch13,d_main_13_03,뒤,,추정,확정,ch13,43,43
Q59,의문,E418,재언급,재언급,Q59,74,2024-05-16,298,event_darkhero,event_darkhero_02_e,뒤,,확실,확정,ch26 ~ ch26–ch27,69,70
Q59,의문,Q59-2,일부 회수,회수,,90,2024-10-31,334,ch33,d_main_33_07,뒤,F1636,추정,확정,ch33,83,83
Q60,의문,Q60,제기,제기,,13,2022-11-04,73,ch12,d_main_12_07_e,동시,,확실,확정,ch12,41,41
Q60,의문,Q60-2,회수,회수,,17,2022-11-04,93,char:180,ep:d_nikke_guillotine_04,뒤,F431,확실,확정,ch12–ch13 ~,42,
Q61,의문,Q61,제기,제기,,13,2022-11-04,74,sub:숲속요정_00,sub:숲속요정_00,동시,,확실,확정,ch12–ch13 ~,42,
Q62,의문,Q62,제기,제기,,13,2022-11-04,74,sub:숲속요정_00,sub:숲속요정_00,동시,,추정,확정,ch12–ch13 ~,42,
Q62,의문,E1291,재언급,재언급,Q62,21,2022-12-08,159,event_miraclesnow1,event_miraclesnow2_01_e,뒤,,확실,확정,ch15–ch16 ~,48,
Q63,의문,E40,암시,암시,Q63,6,2022-11-04,9,ch05,d_main_05_04_e,앞,,추정,확정,ch05,27,27
Q63,의문,E46,암시,암시,Q63,7,2022-11-04,37,relic:니케실험대상자모집,relic:니케실험대상자모집_02,앞,,추정,확정,@랩쳐_침공–@갓데스_투입 ~,2,
Q63,의문,Q63,제기,제기,,14,2022-11-04,76,ch13,d_main_13_08_e,동시,,확실,확정,ch13,43,43
Q63,의문,E1241,재언급,재언급,Q63,154,2026-08-13,472,ch48,d_main_48_07,뒤,,추정,확정,ch48,113,113
Q63,의문,Q63-2,일부 회수,회수,,154,2026-08-13,472,ch48,d_main_48_05,뒤,F2837,추정,확정,ch48,113,113
Q64,의문,Q64,제기,제기,,14,2022-11-04,76,ch13,d_main_13af_01,동시,,확실,확정,ch13,43,43
Q64,의문,Q64-2,일부 회수,회수,,26,2023-01-12,168,ch20,d_main_20af_01,뒤,F771,확실,확정,ch20,57,57
Q65,의문,E18,암시,암시,Q65,4,2022-11-04,6,ch03,d_main_03_06,앞,,추정,확정,ch03,23,23
Q65,의문,Q65,제기,제기,,14,2022-11-04,76,ch13,d_main_13af_07,동시,,확실,확정,ch13,43,43
Q65,의문,Q65-2,일부 회수,회수,,44,2023-07-20,221,ch24,d_main_24_14_e,뒤,F1034,확실,확정,ch24,65,65
Q65,의문,E268,재언급,재언급,Q65,55,2023-11-02,244,ch26,d_main_26_04,뒤,,확실,확정,ch26,69,69
Q65,의문,Q65-3,일부 회수,회수,,96,2024-12-26,350,event_footstepwalkrun1,event_footstepwalkrun2_intermission_01,뒤,F1755,확실,확정,ch34–ch35 ~ ch35,86,87
Q66,의문,Q66,제기,제기,,14,2022-11-04,76,ch13,d_main_13af_02,동시,,확실,확정,ch13,43,43
Q67,의문,Q67,제기,제기,,14,2022-11-04,79,relic:여자친구의편지,relic:여자친구의편지_03,동시,,추정,확정,@랩쳐_침공–@갓데스_투입 ~ @갓데스_투입,2,3
Q68,의문,E55,암시,암시,Q68,8,2022-11-04,42,ch07,d_main_07_06_e,앞,,추정,확정,ch07,31,31
Q68,의문,E90,암시,암시,Q68,14,2022-11-04,76,ch13,d_main_13_08_e,앞,,추정,확정,ch13,43,43
Q68,의문,Q68,제기,제기,,15,2022-11-04,80,ch14,d_main_14_08,동시,,확실,확정,ch14,45,45
Q68,의문,Q68-2,일부 회수,회수,,128,2025-10-30,418,event_goddessfall1,event_goddessfall1_06_e,뒤,F2289,추정,확정,ch40–ch41,98,98
Q69,의문,E94,암시,암시,Q69,15,2022-11-04,80,ch14,d_main_14_07,동시,,추정,확정,ch14,45,45
Q69,의문,Q69,제기,제기,,15,2022-11-04,80,ch14,d_main_14_11,동시,,확실,확정,ch14,45,45
Q69,의문,E410,재언급,재언급,Q69,73,2024-04-25,295,event_lastkingdom1,event_lastkingdom1_01_e,뒤,,확실,확정,ch26–ch27 ~,70,
Q70,의문,Q70,제기,제기,,15,2022-11-04,80,ch14,d_main_14af_03,동시,,확실,확정,ch14,45,45
Q71,의문,Q71,제기,제기,,16,2022-11-04,85,ch15,d_main_15_07_s,동시,,추정,확정,ch15,47,47
Q72,의문,Q72,제기,제기,,16,2022-11-04,85,ch15,d_main_15_03,동시,,확실,확정,ch15,47,47
Q73,의문,Q73,제기,제기,,16,2022-11-04,86,relic:종말의서,relic:종말의서_02,동시,,추정,확정,@랩쳐_침공–@갓데스_투입 ~,2,
Q74,의문,E48,암시,암시,Q74,7,2022-11-04,11,ch06,d_main_06_03,앞,,추정,확정,ch06,29,29
Q74,의문,Q74,제기,제기,,17,2022-11-04,87,ch16,d_main_16_09_s,동시,,확실,확정,ch16,49,49
Q75,의문,Q75,제기,제기,,17,2022-11-04,87,ch16,d_main_16_13_e,동시,,확실,확정,ch16,49,49
Q75,의문,Q75-2,회수,회수,,19,2022-11-24,148,ch17,d_main_17_01_s,뒤,F675,확실,확정,ch17,51,51
Q76,의문,Q76,제기,제기,,17,2022-11-04,87,ch16,d_main_16af_03,동시,,확실,확정,ch16,49,49
Q76,의문,Q76-2,일부 회수,회수,,20,2022-11-24,152,ch18,d_main_18af_04,뒤,F706,추정,확정,ch18,53,53
Q77,의문,E82,암시,암시,Q77,13,2022-11-04,73,ch12,d_main_12_07_e,앞,,확실,확정,ch12,41,41
Q77,의문,Q77,제기,제기,,17,2022-11-04,93,char:180,ep:d_nikke_guillotine_02,동시,,추정,확정,ch12–ch13 ~,42,
Q77,의문,Q77-2,일부 회수,회수,,43,2023-07-20,217,ch23,d_main_23_10_e,뒤,F997,확실,확정,ch23,63,63
Q78,의문,Q78,제기,제기,,17,2022-11-04,95,char:212,ep:d_nikke_novel_01,동시,,추정,확정,ch07–ch08 ~,32,
Q78,의문,E1603,암시,암시,Q78,30,2023-02-22,180,char:800,ep:d_nikke_c_1_05,뒤,,추정,확정,ch09–ch10 ~,36,
Q78,의문,Q78-2,일부 회수,회수,,105,2025-03-27,367,event_newflavor,event_newflavor_06_s,뒤,F1837,확실,확정,ch04–ch05 ~,26,
Q79,의문,Q79,제기,제기,,17,2022-11-04,96,char:232,ep:d_nikke_noah_02,동시,,확실,확정,ch19–ch20 ~ ch40–ch41,56,98
Q79,의문,Q79-2,일부 회수,회수,,25,2023-01-12,165,ch19,d_main_19_05,뒤,F745,추정,확정,ch19,55,55
Q79,의문,E164,재언급,재언급,Q79,35,2023-04-27,192,sub:에덴_Notice_00,sub:에덴_Notice_00,뒤,,확실,확정,ch20–ch21 ~ ch21–ch22,58,60
Q80,의문,E1251,암시,암시,Q80,17,2022-11-04,96,char:232,ep:d_nikke_noah_03,동시,,확실,확정,ch19–ch20 ~ ch40–ch41,56,98
Q80,의문,Q80,제기,제기,,17,2022-11-04,96,char:232,ep:d_nikke_noah_05,동시,,추정,확정,ch19–ch20 ~ ch40–ch41,56,98
Q80,의문,Q80-2,일부 회수,회수,,128,2025-10-30,419,erelic:goddess_fall_mini,erelic:goddess_fall_mini_05,뒤,F2330,확실,확정,ch40–ch41,98,98
Q81,의문,Q81,제기,제기,,17,2022-11-04,99,char:202,ep:d_nikke_dolla_03,동시,,추정,확정,ch15–ch16 ~ ch38–ch39,48,94
Q82,의문,Q82,제기,제기,,17,2022-11-04,102,char:221,ep:d_nikke_rapunzel_04,동시,,추정,확정,ch06–ch07 ~ ch16–ch17,30,50
Q82,의문,Q82-2,일부 회수,회수,,54,2023-11-02,241,ch25,d_main_25_08_e,뒤,F1109,확실,확정,ch25,67,67
Q82,의문,Q82-3,일부 회수,회수,,96,2024-12-26,350,event_footstepwalkrun1,event_footstepwalkrun2_06_e,뒤,F1763,확실,확정,ch34–ch35 ~ ch35,86,87
Q83,의문,Q83,제기,제기,,17,2022-11-04,102,char:221,ep:d_nikke_rapunzel_04,동시,,확실,확정,ch06–ch07 ~ ch16–ch17,30,50
Q83,의문,Q83-2,일부 회수,회수,,19,2022-11-24,148,ch17,d_main_17_08,뒤,F683,확실,확정,ch17,51,51
Q83,의문,Q83-3,회수,회수,,133,2025-12-30,428,fl:ark_guardian,fl:ark_guardian_26,뒤,F2373,확실,확정,ch40–ch41 ~ ch41,98,99
Q84,의문,Q84,제기,제기,,17,2022-11-04,102,char:221,ep:d_nikke_rapunzel_04,동시,,추정,확정,ch06–ch07 ~ ch16–ch17,30,50
Q84,의문,Q84-2,일부 회수,회수,,19,2022-11-24,148,ch17,d_main_17_07,뒤,F681,확실,확정,ch17,51,51
Q84,의문,Q84-3,회수,회수,,36,2023-04-27,203,event_overzone,event_overzone1_01_e,뒤,F907,확실,확정,@2차_지상_탈환전–ch00,16,16
Q85,의문,Q85,제기,제기,,17,2022-11-04,108,char:130,ep:d_nikke_mary_03,동시,,확실,확정,ch13–ch14 ~,44,
Q85,의문,Q85-2,일부 회수,회수,,40,2023-06-15,212,event_bluewaterisland,event_bluewaterisland2_05_e,뒤,F971,확실,확정,ch22–ch23 ~,62,
Q86,의문,E40,암시,암시,Q86,6,2022-11-04,9,ch05,d_main_05_04_e,앞,,추정,확정,ch05,27,27
Q86,의문,E1260,암시,암시,Q86,17,2022-11-04,103,char:10,ep:d_nikke_rapi_01,동시,,추정,확정,ch01–ch02 ~ ch02–ch03,20,22
Q86,의문,Q86,제기,제기,,17,2022-11-04,123,char:12,ep:d_nikke_anis_01,동시,,확실,확정,ch01–ch02 ~ ch02–ch03,20,22
Q86,의문,Q86-2,일부 회수,회수,,98,2025-01-16,353,event_wisdomspring,event_wisdomspring_04_e,뒤,F1773,확실,확정,ch34–ch35 ~,86,
Q86,의문,E769,재언급,재언급,Q86,115,2025-07-03,391,event_overthehorizon,event_overthehorizon_01_s,뒤,,확실,확정,~ ch25–ch26 / ch26–ch27 ~,,
Q87,의문,Q87,제기,제기,,17,2022-11-04,129,char:241,ep:d_nikke_epinel_02,동시,,추정,확정,ch13–ch14 ~,44,
Q88,의문,Q88,제기,제기,,17,2022-11-04,136,char:231,ep:d_nikke_isabel_01,동시,,추정,확정,ch21–ch22 ~ ch40–ch41,60,98
Q88,의문,Q88-2,일부 회수,회수,,35,2023-04-27,193,sub:에덴_Notice_01,sub:에덴_Notice_01,뒤,F876,확실,확정,ch20–ch21 ~ ch21–ch22,58,60
Q89,의문,Q89,제기,제기,,17,2022-11-04,143,char:230,ep:d_nikke_harran_04,동시,,추정,확정,ch19–ch20 ~ ch40–ch41,56,98
Q89,의문,Q89-2,일부 회수,회수,,128,2025-10-30,419,erelic:goddess_fall_mini,erelic:goddess_fall_mini_02,뒤,F2325,확실,확정,ch40–ch41,98,98
Q90,의문,Q90,제기,제기,,17,2022-11-04,144,char:222,ep:d_nikke_hongryeon_02,동시,,추정,확정,ch17–ch18 ~ ch40–ch41,52,98
Q90,의문,E289,암시,암시,Q90,55,2023-11-02,248,event_redash,event_redash1_04_s,뒤,,추정,확정,@갓데스_투입 ~ @갓데스_투입–@궤도_엘리베이터_강습 / @궤도_엘리베이터_강습–@아크_가디언_작전 ~ @아크_가디언_작전–@방주_밀봉 / @2차_지상_탈환전–ch00,3,16
Q90,의문,Q90-2,일부 회수,회수,,55,2023-11-02,249,erelic:red_ash_lost,erelic:red_ash_lost_10,뒤,F1181,추정,확정,@랩쳐_침공–@갓데스_투입 ~ @갓데스_투입–@궤도_엘리베이터_강습 / @궤도_엘리베이터_강습–@아크_가디언_작전 ~ @아크_가디언_작전–@방주_밀봉,2,8
Q90,의문,Q90-3,회수,회수,,59,2023-12-28,258,event_newyearnewsword,event_newyearnewsword_06_s,뒤,F1238,확실,확정,ch14–ch15 ~,46,
Q91,의문,Q91,제기,제기,,17,2022-11-04,145,char:120,ep:d_nikke_n102_04,동시,,추정,확정,ch07–ch08 ~,32,
Q92,의문,E1287,암시,암시,Q92,18,2022-11-10,146,event_nocallerid,event_nocallerid_01_s,동시,,추정,확정,,,
Q92,의문,Q92,제기,제기,,18,2022-11-10,146,event_nocallerid,event_nocallerid_epilogue,동시,,추정,확정,,,
Q93,의문,Q93,제기,제기,,18,2022-11-10,146,event_nocallerid,event_nocallerid_03_s,동시,,추정,확정,,,
Q94,의문,Q94,제기,제기,,19,2022-11-24,148,ch17,d_main_17_11,동시,,확실,확정,ch17,51,51
Q95,의문,Q95,제기,제기,,19,2022-11-24,148,ch17,d_main_17_11,동시,,확실,확정,ch17,51,51
Q95,의문,E292,암시,암시,Q95,55,2023-11-02,248,event_redash,event_redash2_01_s,뒤,,추정,확정,@갓데스_투입 ~ @갓데스_투입–@궤도_엘리베이터_강습 / @궤도_엘리베이터_강습–@아크_가디언_작전 ~ @아크_가디언_작전–@방주_밀봉 / @2차_지상_탈환전–ch00,3,16
Q96,의문,Q96,제기,제기,,19,2022-11-24,149,sub:제니퍼f_00,sub:제니퍼f_00,동시,,추정,확정,,,
Q96,의문,Q96-2,일부 회수,회수,,138,2026-02-12,438,fl:lie_cause_recoil,fl:lie_cause_recoil_19,뒤,F2478,확실,확정,ch26–ch27 ~,70,
Q97,의문,Q97,제기,제기,,20,2022-11-24,152,ch18,d_main_18af_06,동시,,확실,확정,ch18,53,53
Q97,의문,Q97-2,일부 회수,회수,,43,2023-07-20,217,ch23,d_main_23_09_s,뒤,F995,확실,확정,ch23,63,63
Q97,의문,E236,재언급,재언급,Q97,44,2023-07-20,221,ch24,d_main_24_04,뒤,,확실,확정,ch24,65,65
Q98,의문,Q98,제기,제기,,20,2022-11-24,152,ch18,d_main_18af_03,동시,,확실,확정,ch18,53,53
Q98,의문,Q98-2,일부 회수,회수,,133,2025-12-30,428,fl:ark_guardian,fl:ark_guardian_16,뒤,F2364,추정,확정,ch40–ch41 ~ ch41,98,99
Q99,의문,E44,암시,암시,Q99,6,2022-11-04,10,sub:중앙_정부_공식__00,sub:중앙_정부_공식__00,앞,,추정,확정,,,
Q99,의문,E45,암시,암시,Q99,7,2022-11-04,37,relic:니케실험대상자모집,relic:니케실험대상자모집_01,앞,,추정,확정,@랩쳐_침공–@갓데스_투입 ~,2,
Q99,의문,Q99,제기,제기,,20,2022-11-24,154,sub:중앙_정부_공식__02,sub:중앙_정부_공식__02,동시,,확실,확정,,,
Q100,의문,E1294,암시,암시,Q100,21,2022-12-08,159,event_miraclesnow1,event_miraclesnow2_06_e,동시,,추정,확정,ch15–ch16 ~,48,
Q100,의문,Q100,제기,제기,,21,2022-12-08,159,event_miraclesnow1,event_miraclesnow2_epilogue,동시,,확실,확정,ch15–ch16 ~,48,
Q101,의문,Q101,제기,제기,,23,2022-12-29,163,event_brandnewyear,event_brandnewyear_05_e,동시,,추정,확정,ch13–ch14 ~,44,
Q102,의문,E5,암시,암시,Q102,2,2022-11-04,2,ch01,d_main_01_06_e,앞,,추정,확정,ch01,19,19
Q102,의문,Q102,제기,제기,,23,2022-12-29,163,event_brandnewyear,event_brandnewyear_06_e,동시,,확실,확정,ch13–ch14 ~,44,
Q103,의문,Q103,제기,제기,,24,2023-01-01,164,char:260,ep:d_nikke_marian_p_04,동시,,확실,확정,ch13–ch14,44,44
Q104,의문,Q104,제기,제기,,25,2023-01-12,165,ch19,d_main_19_04,동시,,추정,확정,ch19,55,55
Q104,의문,Q104-2,회수,회수,,133,2025-12-30,428,fl:ark_guardian,fl:ark_guardian_16,뒤,F2363,확실,확정,ch40–ch41 ~ ch41,98,99
Q105,의문,Q105,제기,제기,,25,2023-01-12,165,ch19,d_main_19af_01,동시,,추정,확정,ch19,55,55
Q105,의문,Q105-2,일부 회수,회수,,36,2023-04-27,203,event_overzone,event_overzone2_epilogue,뒤,F928,확실,확정,@2차_지상_탈환전–ch00,16,16
Q105,의문,E261,재언급,재언급,Q105,54,2023-11-02,241,ch25,d_main_25_07_s,뒤,,확실,확정,ch25,67,67
Q106,의문,Q106,제기,제기,,25,2023-01-12,165,ch19,d_main_19af_01,동시,,추정,확정,ch19,55,55
Q107,의문,Q107,제기,제기,,25,2023-01-12,165,ch19,d_main_19_01,동시,,추정,확정,ch19,55,55
Q107,의문,E760,재언급,재언급,Q107,113,2025-06-12,387,event_ce006,event_ce006_2_03_e,뒤,,확실,확정,ch26–ch27 ~,70,
Q107,의문,Q107-2,일부 회수,회수,,113,2025-06-12,387,event_ce006,event_ce006_2_03_s,뒤,F1987,추정,확정,ch26–ch27 ~,70,
Q108,의문,Q108,제기,제기,,25,2023-01-12,166,sub:데이파라_00,sub:데이파라_00,동시,,확실,확정,,,
Q108,의문,Q108-2,일부 회수,회수,,36,2023-04-27,200,sub:2호_쉘터_관리계정_00,sub:2호_쉘터_관리계정_00,뒤,F902,확실,확정,ch22,61,61
Q108,의문,Q108-3,일부 회수,회수,,124,2025-09-24,407,fl:reborn_evil,fl:reborn_evil_17,뒤,F2134,확실,확정,ch26–ch27 ~,70,
Q108,의문,Q108-4,회수,회수,,124,2025-09-24,408,char:840,ep:d_nikke_ce007_01_02,뒤,F2144,확실,확정,ch26–ch27 ~,70,
Q109,의문,Q109,제기,제기,,25,2023-01-12,167,relic:데일리아크기사스크랩,relic:데일리아크기사스크랩_04,동시,,추정,확정,@갓데스_폴–@2차_지상_탈환전 ~ @2차_지상_탈환전–ch00,14,16
Q109,의문,Q109-2,일부 회수,회수,,26,2023-01-12,168,ch20,d_main_20af_01,뒤,F762,확실,확정,ch20,57,57
Q109,의문,Q109-3,일부 회수,회수,,128,2025-10-30,419,erelic:goddess_fall_mini,erelic:goddess_fall_mini_09,뒤,F2334,추정,확정,ch40–ch41,98,98
Q110,의문,Q110,제기,제기,,26,2023-01-12,168,ch20,d_main_20_07,동시,,추정,확정,ch20,57,57
Q110,의문,E1303,재언급,재언급,Q110,32,2023-03-30,186,char:261,ep:d_nikke_nihilister_03,뒤,,확실,확정,ch20–ch21 ~ ch21,58,59
Q110,의문,E1304,재언급,재언급,Q110,32,2023-03-30,186,char:261,ep:d_nikke_nihilister_05,뒤,,확실,확정,ch20–ch21 ~ ch21,58,59
Q110,의문,Q110-2,일부 회수,회수,,128,2025-10-30,418,event_goddessfall1,event_goddessfall2_05_s,뒤,F2891,추정,확정,ch40–ch41,98,98
Q111,의문,Q111,제기,제기,,26,2023-01-12,168,ch20,d_main_20_10_e,동시,,추정,확정,ch20,57,57
Q111,의문,Q111-2,일부 회수,회수,,32,2023-03-30,186,char:261,ep:d_nikke_nihilister_02,뒤,F839,확실,확정,ch20–ch21 ~ ch21,58,59
Q111,의문,E190,재언급,재언급,Q111,36,2023-04-27,203,event_overzone,event_overzone1_intermission_01,뒤,,추정,확정,@2차_지상_탈환전–ch00,16,16
Q112,의문,Q112,제기,제기,,26,2023-01-12,168,ch20,d_main_20_06_s,동시,,확실,확정,ch20,57,57
Q112,의문,Q112-2,일부 회수,회수,,35,2023-04-27,191,ch21,d_main_21_02_e,뒤,F861,확실,확정,ch21,59,59
Q113,의문,Q113,제기,제기,,26,2023-01-12,170,relic:jonathan_report,relic:jonathan_report_04,동시,,추정,확정,,,
Q114,의문,E1270,암시,암시,Q114,17,2022-11-04,120,char:140,ep:d_nikke_sugar_05,앞,,추정,확정,ch15–ch16 ~,48,
Q114,의문,Q114,제기,제기,,26,2023-01-12,171,event_doutsiders,event_doutsiders_05_s,동시,,추정,확정,~ ch23–ch24,,64
Q115,의문,Q115,제기,제기,,32,2023-03-30,185,event_cherryblossom,event_cherryblossom_intermission_01,동시,,확실,확정,ch02–ch03 ~,22,
Q115,의문,Q115-2,일부 회수,회수,,144,2026-04-23,454,event_staranis1,event_staranis2_05_s,뒤,F2701,확실,확정,ch46–ch47 ~ ch47,110,111
Q116,의문,Q116,제기,제기,,32,2023-03-30,186,char:261,ep:d_nikke_nihilister_02,동시,,확실,확정,ch20–ch21 ~ ch21,58,59
Q117,의문,Q117,제기,제기,,32,2023-03-30,187,char:282,ep:d_nikke_sakura_05,동시,,추정,확정,,,
Q118,의문,Q118,제기,제기,,35,2023-04-27,191,ch21,d_main_21_02_e,동시,,확실,확정,ch21,59,59
Q118,의문,Q118-2,일부 회수,회수,,128,2025-10-30,419,erelic:goddess_fall_mini,erelic:goddess_fall_mini_09,뒤,F2335,확실,확정,ch40–ch41,98,98
Q119,의문,Q119,제기,제기,,35,2023-04-27,191,ch21,d_main_21_07_e,동시,,확실,확정,ch21,59,59
Q120,의문,Q120,제기,제기,,35,2023-04-27,191,ch21,d_main_21af_01,동시,,확실,확정,ch21,59,59
Q120,의문,Q120-2,일부 회수,회수,,36,2023-04-27,203,event_overzone,event_overzone2_epilogue,뒤,F928,확실,확정,@2차_지상_탈환전–ch00,16,16
Q121,의문,Q121,제기,제기,,35,2023-04-27,191,ch21,d_main_21af_02,동시,,확실,확정,ch21,59,59
Q121,의문,Q121-2,회수,회수,,36,2023-04-27,197,ch22,d_main_22_11,뒤,F894,확실,확정,ch22,61,61
Q122,의문,Q122,제기,제기,,35,2023-04-27,194,sub:에덴_Notice_02,sub:에덴_Notice_02,동시,,확실,확정,ch20–ch21 ~ ch21–ch22,58,60
Q122,의문,Q122-2,일부 회수,회수,,118,2025-08-07,396,ch39,d_main_39_11,뒤,F2055,추정,확정,ch39,95,95
Q122,의문,Q122-3,일부 회수,회수,,119,2025-08-07,398,ch40,d_main_40_01,뒤,F2070,확실,확정,ch40,97,97
Q122,의문,Q122-4,일부 회수,회수,,126,2025-10-16,411,side:eden_spear,side:eden_spear_11,뒤,F2170,확실,확정,ch21–ch22 ~ ch22–ch23 / ch24–ch25 ~ ch25 / ch25–ch26 ~ ch39 / ch39,60,95
Q122,의문,Q122-5,일부 회수,회수,,128,2025-10-30,419,erelic:goddess_fall_mini,erelic:goddess_fall_mini_11,뒤,F2337,확실,확정,ch40–ch41,98,98
Q123,의문,Q123,제기,제기,,35,2023-04-27,196,relic:특이랩쳐보고서-후,relic:특이랩쳐보고서-후_02,동시,,확실,확정,,,
Q124,의문,Q124,제기,제기,,36,2023-04-27,197,ch22,d_main_22_06,동시,,확실,확정,ch22,61,61
Q124,의문,Q124-2,일부 회수,회수,,43,2023-07-20,217,ch23,d_main_23_08_s,뒤,F993,확실,확정,ch23,63,63
Q125,의문,Q125,제기,제기,,36,2023-04-27,197,ch22,d_main_22_09,동시,,확실,확정,ch22,61,61
Q125,의문,Q125-2,일부 회수,회수,,140,2026-03-05,442,fl:enter_heaven,fl:enter_heaven_06,뒤,F2490,확실,확정,ch39–ch40 ~,96,
Q125,의문,Q125-3,일부 회수,회수,,140,2026-03-05,442,fl:enter_heaven,fl:enter_heaven_11,뒤,F2502,확실,확정,ch39–ch40 ~,96,
Q125,의문,Q125-4,회수,회수,,140,2026-03-05,442,fl:enter_heaven,fl:enter_heaven_07,뒤,F2495,확실,확정,ch39–ch40 ~,96,
Q126,의문,Q126,제기,제기,,36,2023-04-27,197,ch22,d_main_22_12_s,동시,,추정,확정,ch22,61,61
Q126,의문,Q126-2,회수,회수,,44,2023-07-20,221,ch24,d_main_24_13,뒤,F1032,확실,확정,ch24,65,65
Q127,의문,Q127,제기,제기,,36,2023-04-27,201,sub:할아범_01,sub:할아범_01,동시,,확실,확정,ch22,61,61
Q127,의문,Q127-2,일부 회수,회수,,143,2026-04-23,450,ch45,d_main_45_04,뒤,F2581,추정,확정,ch45,107,107
Q128,의문,Q128,제기,제기,,36,2023-04-27,203,event_overzone,event_overzone2_epilogue,동시,,확실,확정,@2차_지상_탈환전–ch00,16,16
Q128,의문,Q128-2,일부 회수,회수,,55,2023-11-02,250,erelic:red_ash_mini,erelic:red_ash_mini_07,뒤,F1190,추정,확정,@갓데스_투입–@궤도_엘리베이터_강습 ~ @궤도_엘리베이터_강습–@아크_가디언_작전,4,6
Q128,의문,Q128-3,회수,회수,,128,2025-10-30,419,erelic:goddess_fall_mini,erelic:goddess_fall_mini_07,뒤,F2332,확실,확정,ch40–ch41,98,98
Q129,의문,Q129,제기,제기,,36,2023-04-27,203,event_overzone,event_overzone2_04_e,동시,,확실,확정,@2차_지상_탈환전–ch00,16,16
Q129,의문,Q129-2,일부 회수,회수,,55,2023-11-02,248,event_redash,event_redash2_02_e,뒤,F1161,확실,확정,@갓데스_투입 ~ @갓데스_투입–@궤도_엘리베이터_강습 / @궤도_엘리베이터_강습–@아크_가디언_작전 ~ @아크_가디언_작전–@방주_밀봉 / @2차_지상_탈환전–ch00,3,16
Q129,의문,Q129-3,일부 회수,회수,,142,2026-04-09,447,side:pretty_star,side:pretty_star_00,뒤,F2558,확실,확정,@갓데스_폴–@2차_지상_탈환전 / @갓데스_폴–@2차_지상_탈환전 ~ @2차_지상_탈환전–ch00,14,16
Q129,의문,Q129-4,일부 회수,회수,,144,2026-04-23,452,ch46,d_main_46_af_06,뒤,F2649,확실,확정,ch46,109,109
Q130,의문,E191,암시,암시,Q130,36,2023-04-27,203,event_overzone,event_overzone1_05_s,동시,,추정,확정,@2차_지상_탈환전–ch00,16,16
Q130,의문,Q130,제기,제기,,36,2023-04-27,203,event_overzone,event_overzone2_02_e,동시,,확실,확정,@2차_지상_탈환전–ch00,16,16
Q130,의문,Q130-2,일부 회수,회수,,154,2026-08-13,472,ch48,d_main_48_03,뒤,F2830,확실,확정,ch48,113,113
Q131,의문,Q131,제기,제기,,36,2023-04-27,204,erelic:white_memory,erelic:white_memory_19,동시,,확실,확정,@아크_가디언_작전–@방주_밀봉 ~ @방주_밀봉–@1차_지상_탈환전 / @방주_밀봉–@1차_지상_탈환전 ~ ch05–ch06,8,28
Q131,의문,Q131-2,회수,회수,,133,2025-12-30,428,fl:ark_guardian,fl:ark_guardian_25,뒤,F2373,확실,확정,ch40–ch41 ~ ch41,98,99
Q132,의문,Q132,제기,제기,,36,2023-04-27,204,erelic:white_memory,erelic:white_memory_20,동시,,확실,확정,@아크_가디언_작전–@방주_밀봉 ~ @방주_밀봉–@1차_지상_탈환전 / @방주_밀봉–@1차_지상_탈환전 ~ ch05–ch06,8,28
Q132,의문,Q132-2,일부 회수,회수,,126,2025-10-16,411,side:eden_spear,side:eden_spear_08,뒤,F2163,확실,확정,ch21–ch22 ~ ch22–ch23 / ch24–ch25 ~ ch25 / ch25–ch26 ~ ch39 / ch39,60,95
Q132,의문,Q132-3,회수,회수,,128,2025-10-30,418,event_goddessfall1,event_goddessfall1_02_e,뒤,F2268,확실,확정,ch40–ch41,98,98
Q133,의문,Q133,제기,제기,,37,2023-05-18,208,char:270,ep:d_nikke_blanc_05,동시,,추정,확정,ch22–ch23 ~,62,
Q133,의문,E1613,재언급,재언급,Q133,86,2024-09-19,325,event_jinxplayer,event_jinxplayer_05_e,뒤,,추정,확정,ch22–ch23 ~,62,
Q134,의문,Q134,제기,제기,,39,2023-06-01,211,char:280,ep:d_nikke_rosanna_04,동시,,추정,확정,ch22–ch23 ~,62,
Q135,의문,Q135,제기,제기,,40,2023-06-15,212,event_bluewaterisland,event_bluewaterisland2_epilogue,동시,,확실,확정,ch22–ch23 ~,62,
Q135,의문,Q135-2,회수,회수,,45,2023-08-03,226,event_seayouagain1,event_seayouagain1_05_s,뒤,F1050,확실,확정,ch22–ch23 ~,62,
Q136,의문,Q136,제기,제기,,43,2023-07-20,217,ch23,d_main_23_02_s,동시,,확실,확정,ch23,63,63
Q136,의문,Q136-2,일부 회수,회수,,54,2023-11-02,241,ch25,d_main_24af_04,뒤,F1095,확실,확정,ch25,67,67
Q137,의문,Q137,제기,제기,,43,2023-07-20,217,ch23,d_main_23_01_e,동시,,확실,확정,ch23,63,63
Q137,의문,Q137-2,일부 회수,회수,,44,2023-07-20,221,ch24,d_main_24_11,뒤,F1028,확실,확정,ch24,65,65
Q138,의문,Q138,제기,제기,,43,2023-07-20,217,ch23,d_main_23af_01,동시,,확실,확정,ch23,63,63
Q139,의문,Q139,제기,제기,,43,2023-07-20,217,ch23,d_main_23_11_e,동시,,확실,확정,ch23,63,63
Q139,의문,Q139-2,회수,회수,,44,2023-07-20,221,ch24,d_main_24_06_s,뒤,F1014,확실,확정,ch24,65,65
Q140,의문,Q140,제기,제기,,43,2023-07-20,217,ch23,d_main_23_11_e,동시,,확실,확정,ch23,63,63
Q140,의문,Q140-2,회수,회수,,44,2023-07-20,221,ch24,d_main_24_05_s,뒤,F1012,확실,확정,ch24,65,65
Q141,의문,Q141,제기,제기,,43,2023-07-20,217,ch23,d_main_23af_02,동시,,확실,확정,ch23,63,63
Q141,의문,Q141-2,일부 회수,회수,,54,2023-11-02,241,ch25,d_main_24af_06,뒤,F1100,추정,확정,ch25,67,67
Q141,의문,Q141-3,일부 회수,회수,,55,2023-11-02,250,erelic:red_ash_mini,erelic:red_ash_mini_07,뒤,F1190,추정,확정,@갓데스_투입–@궤도_엘리베이터_강습 ~ @궤도_엘리베이터_강습–@아크_가디언_작전,4,6
Q141,의문,Q141-4,일부 회수,회수,,128,2025-10-30,419,erelic:goddess_fall_mini,erelic:goddess_fall_mini_07,뒤,F2332,확실,확정,ch40–ch41,98,98
Q141,의문,Q141-5,회수,회수,,138,2026-02-12,436,ch44,d_main_44_af_03,뒤,F2444,확실,확정,ch44,105,105
Q142,의문,Q142,제기,제기,,43,2023-07-20,220,relic:필그림조우보고서,relic:필그림조우보고서_04,동시,,추정,확정,,,
Q143,의문,E162,암시,암시,Q143,35,2023-04-27,191,ch21,d_main_21_07_e,앞,,추정,확정,ch21,59,59
Q143,의문,E234,암시,암시,Q143,44,2023-07-20,221,ch24,d_main_24_02,동시,,추정,확정,ch24,65,65
Q143,의문,Q143,제기,제기,,44,2023-07-20,221,ch24,d_main_24_09,동시,,확실,확정,ch24,65,65
Q144,의문,Q144,제기,제기,,44,2023-07-20,221,ch24,d_main_24af_01,동시,,확실,확정,ch24,65,65
Q144,의문,E258,재언급,재언급,Q144,54,2023-11-02,241,ch25,d_main_25_04,뒤,,추정,확정,ch25,67,67
Q145,의문,Q145,제기,제기,,44,2023-07-20,221,ch24,d_main_24af_01,동시,,확실,확정,ch24,65,65
Q145,의문,Q145-2,일부 회수,회수,,55,2023-11-02,244,ch26,d_main_26_01_e,뒤,F1115,확실,확정,ch26,69,69
Q145,의문,Q145-3,회수,회수,,96,2024-12-26,350,event_footstepwalkrun1,event_footstepwalkrun2_06_e,뒤,F1763,확실,확정,ch34–ch35 ~ ch35,86,87
Q146,의문,Q146,제기,제기,,44,2023-07-20,224,event_goldenship,event_goldenship_06_e,동시,,추정,확정,,,
Q147,의문,E1598,암시,암시,Q147,18,2022-11-10,147,char:352,ep:d_nikke_helm_04,앞,,추정,확정,,,
Q147,의문,E1316,암시,암시,Q147,45,2023-08-03,226,event_seayouagain1,event_seayouagain1_prologue,동시,,추정,확정,ch22–ch23 ~,62,
Q147,의문,E1322,재언급,재언급,Q147,45,2023-08-03,226,event_seayouagain1,event_seayouagain2_06_s,동시,,확실,확정,ch22–ch23 ~,62,
Q147,의문,E1323,재언급,재언급,Q147,45,2023-08-03,226,event_seayouagain1,event_seayouagain2_epilogue,동시,,추정,확정,ch22–ch23 ~,62,
Q147,의문,Q147,제기,제기,,45,2023-08-03,226,event_seayouagain1,event_seayouagain2_05_e,동시,,확실,확정,ch22–ch23 ~,62,
Q148,의문,E246,암시,암시,Q148,53,2023-10-19,239,event_freezeacpu,event_freezeacpu_03_e,동시,,확실,확정,ch15–ch16 ~,48,
Q148,의문,Q148,제기,제기,,53,2023-10-19,239,event_freezeacpu,event_freezeacpu_intermission_01,동시,,추정,확정,ch15–ch16 ~,48,
Q149,의문,Q149,제기,제기,,54,2023-11-02,241,ch25,d_main_24af_04,동시,,확실,확정,ch25,67,67
Q149,의문,Q149-2,일부 회수,회수,,133,2025-12-30,428,fl:ark_guardian,fl:ark_guardian_16,뒤,F2364,확실,확정,ch40–ch41 ~ ch41,98,99
Q150,의문,E242,암시,암시,Q150,44,2023-07-20,221,ch24,d_main_24_11,앞,,추정,확정,ch24,65,65
Q150,의문,Q150,제기,제기,,54,2023-11-02,241,ch25,d_main_25_07_e,동시,,확실,확정,ch25,67,67
Q150,의문,E267,암시,암시,Q150,55,2023-11-02,244,ch26,d_main_26_03_e,뒤,,추정,확정,ch26,69,69
Q150,의문,Q150-2,일부 회수,회수,,55,2023-11-02,244,ch26,d_main_26_07_e,뒤,F1128,확실,확정,ch26,69,69
Q150,의문,Q150-3,일부 회수,회수,,108,2025-04-24,373,ch37,d_main_37_03,뒤,F1859,추정,확정,ch37,91,91
Q150,의문,Q150-4,일부 회수,회수,,116,2025-07-17,393,fl:boom_the_ghost,fl:boom_the_ghost_27,뒤,F2037,확실,확정,ch38–ch39 ~,94,
Q150,의문,Q150-5,일부 회수,회수,,128,2025-10-30,418,event_goddessfall1,event_goddessfall2_epilogue,뒤,F2317,확실,확정,ch40–ch41,98,98
Q150,의문,Q150-6,일부 회수,회수,,138,2026-02-12,436,ch44,d_main_44_af_02,뒤,F2439,확실,확정,ch44,105,105
Q151,의문,E243,암시,암시,Q151,44,2023-07-20,221,ch24,d_main_24_14_e,앞,,추정,확정,ch24,65,65
Q151,의문,Q151,제기,제기,,54,2023-11-02,241,ch25,d_main_25_08_e,동시,,확실,확정,ch25,67,67
Q151,의문,Q151-2,일부 회수,회수,,55,2023-11-02,244,ch26,d_main_26_02_s,뒤,F1116,확실,확정,ch26,69,69
Q152,의문,Q152,제기,제기,,54,2023-11-02,243,relic:마더웨일아종목격보고.wav,relic:마더웨일아종목격보고.wav_03,동시,,추정,확정,ch02–ch03 ~,22,
Q152,의문,Q152-2,회수,회수,,65,2024-02-22,267,ch27,d_main_26af_01,뒤,F1285,추정,확정,ch27,71,71
Q153,의문,Q153,제기,제기,,55,2023-11-02,244,ch26,d_main_26_03_s,동시,,확실,확정,ch26,69,69
Q154,의문,Q154,제기,제기,,55,2023-11-02,244,ch26,d_main_26_11,동시,,확실,확정,ch26,69,69
Q155,의문,Q155,제기,제기,,55,2023-11-02,244,ch26,d_main_26_12_e,동시,,확실,확정,ch26,69,69
Q155,의문,Q155-2,일부 회수,회수,,65,2024-02-22,267,ch27,d_main_26af_01,뒤,F1284,확실,확정,ch27,71,71
Q156,의문,Q156,제기,제기,,55,2023-11-02,247,relic:저주받은보석,relic:저주받은보석_04,동시,,확실,확정,,,
Q156,의문,Q156-2,일부 회수,회수,,65,2024-02-22,267,ch27,d_main_27_06,뒤,F1297,추정,확정,ch27,71,71
Q157,의문,E287,암시,암시,Q157,55,2023-11-02,248,event_redash,event_redash1_02_e,동시,,추정,확정,@갓데스_투입 ~ @갓데스_투입–@궤도_엘리베이터_강습 / @궤도_엘리베이터_강습–@아크_가디언_작전 ~ @아크_가디언_작전–@방주_밀봉 / @2차_지상_탈환전–ch00,3,16
Q157,의문,E299,암시,암시,Q157,55,2023-11-02,248,event_redash,event_redash2_06_e,동시,,추정,확정,@갓데스_투입 ~ @갓데스_투입–@궤도_엘리베이터_강습 / @궤도_엘리베이터_강습–@아크_가디언_작전 ~ @아크_가디언_작전–@방주_밀봉 / @2차_지상_탈환전–ch00,3,16
Q157,의문,Q157,제기,제기,,55,2023-11-02,248,event_redash,event_redash2_epilogue,동시,,확실,확정,@갓데스_투입 ~ @갓데스_투입–@궤도_엘리베이터_강습 / @궤도_엘리베이터_강습–@아크_가디언_작전 ~ @아크_가디언_작전–@방주_밀봉 / @2차_지상_탈환전–ch00,3,16
Q157,의문,Q157-2,일부 회수,회수,,96,2024-12-26,350,event_footstepwalkrun1,event_footstepwalkrun2_intermission_01,뒤,F1756,확실,확정,ch34–ch35 ~ ch35,86,87
Q158,의문,Q158,제기,제기,,55,2023-11-02,248,event_redash,event_redash1_intermission_01,동시,,확실,확정,@갓데스_투입 ~ @갓데스_투입–@궤도_엘리베이터_강습 / @궤도_엘리베이터_강습–@아크_가디언_작전 ~ @아크_가디언_작전–@방주_밀봉 / @2차_지상_탈환전–ch00,3,16
Q159,의문,Q159,제기,제기,,55,2023-11-02,249,erelic:red_ash_lost,erelic:red_ash_lost_19,동시,,확실,확정,@랩쳐_침공–@갓데스_투입 ~ @갓데스_투입–@궤도_엘리베이터_강습 / @궤도_엘리베이터_강습–@아크_가디언_작전 ~ @아크_가디언_작전–@방주_밀봉,2,8
Q159,의문,Q159-2,회수,회수,,133,2025-12-30,428,fl:ark_guardian,fl:ark_guardian_03,뒤,F2358,확실,확정,ch40–ch41 ~ ch41,98,99
Q160,의문,Q160,제기,제기,,55,2023-11-02,250,erelic:red_ash_mini,erelic:red_ash_mini_07,동시,,추정,확정,@갓데스_투입–@궤도_엘리베이터_강습 ~ @궤도_엘리베이터_강습–@아크_가디언_작전,4,6
Q161,의문,E320,암시,암시,Q161,62,2024-01-25,262,event_dirtybackyard,event_dirtybackyard_epilogue,동시,,확실,확정,ch22–ch23 ~,62,
Q161,의문,Q161,제기,제기,,62,2024-01-25,262,event_dirtybackyard,event_dirtybackyard_04_e,동시,,확실,확정,ch22–ch23 ~,62,
Q161,의문,E357,재언급,재언급,Q161,67,2024-03-07,282,event_killthelord,event_killthelord_03_e,뒤,,확실,확정,ch22–ch23 ~,62,
Q161,의문,Q161-2,일부 회수,회수,,73,2024-04-25,293,ch30,d_main_30_02,뒤,F1400,추정,확정,ch30,77,77
Q161,의문,Q161-3,일부 회수,회수,,112,2025-05-29,385,event_lordforjustice,event_lordforjustice_04_s,뒤,F1962,확실,확정,ch26–ch27 ~,70,
Q161,의문,Q161-4,일부 회수,회수,,127,2025-10-30,414,ch41,d_main_41_af_06,뒤,F2209,확실,확정,ch41,99,99
Q161,의문,Q161-5,일부 회수,회수,,138,2026-02-12,436,ch44,d_main_44_af_03,뒤,F2443,확실,확정,ch44,105,105
Q161,의문,Q161-6,일부 회수,회수,,143,2026-04-23,450,ch45,d_main_45_09,뒤,F2596,확실,확정,ch45,107,107
Q162,의문,Q162,제기,제기,,62,2024-01-25,262,event_dirtybackyard,event_dirtybackyard_05_e,동시,,확실,확정,ch22–ch23 ~,62,
Q163,의문,Q163,제기,제기,,65,2024-02-22,267,ch27,d_main_27_06,동시,,확실,확정,ch27,71,71
Q163,의문,E340,암시,암시,Q163,66,2024-02-22,273,ch28,d_main_28_11_s,뒤,,추정,확정,ch28,73,73
Q163,의문,E370,재언급,재언급,Q163,72,2024-04-25,291,ch29,d_main_29_02_e,뒤,,확실,확정,ch29,75,75
Q163,의문,Q163-2,일부 회수,회수,,80,2024-07-25,308,ch31,d_main_31_08,뒤,F1533,확실,확정,ch31,79,79
Q164,의문,E325,암시,암시,Q164,65,2024-02-22,267,ch27,d_main_27_03_s,동시,,추정,확정,ch27,71,71
Q164,의문,E326,암시,암시,Q164,65,2024-02-22,267,ch27,d_main_27_03_e,동시,,추정,확정,ch27,71,71
Q164,의문,Q164,제기,제기,,65,2024-02-22,267,ch27,d_main_27_05,동시,,확실,확정,ch27,71,71
Q164,의문,Q164-2,회수,회수,,73,2024-04-25,293,ch30,d_main_30_02,뒤,F1399,확실,확정,ch30,77,77
Q165,의문,Q165,제기,제기,,65,2024-02-22,267,ch27,d_main_27_07,동시,,확실,확정,ch27,71,71
Q165,의문,Q165-2,일부 회수,회수,,127,2025-10-30,414,ch41,d_main_41_af_04,뒤,F2205,확실,확정,ch41,99,99
Q165,의문,Q165-3,회수,회수,,137,2026-02-12,434,ch43,d_main_43_15,뒤,F2414,확실,확정,ch43,103,103
Q166,의문,Q166,제기,제기,,65,2024-02-22,267,ch27,d_main_27_09_s,동시,,확실,확정,ch27,71,71
Q166,의문,Q166-2,일부 회수,회수,,66,2024-02-22,273,ch28,d_main_28_11_s,뒤,F1321,추정,확정,ch28,73,73
Q167,의문,Q167,제기,제기,,65,2024-02-22,270,sub:피라_02,sub:피라_02,동시,,확실,확정,ch26–ch27 ~,70,
Q167,의문,Q167-2,일부 회수,회수,,65,2024-02-22,272,relic:잘지내라친구,relic:잘지내라친구_02,동시,F1307,추정,확정,@갓데스_투입–@궤도_엘리베이터_강습 ~ @아크_가디언_작전–@방주_밀봉,4,8
Q168,의문,E271,암시,암시,Q168,55,2023-11-02,244,ch26,d_main_26_08,앞,,확실,확정,ch26,69,69
Q168,의문,Q168,제기,제기,,65,2024-02-22,270,sub:피라_02,sub:피라_02,동시,,확실,확정,ch26–ch27 ~,70,
Q168,의문,Q168-2,일부 회수,회수,,91,2024-10-31,336,ch34,d_main_34_09_e,뒤,F1655,추정,확정,ch34,85,85
Q169,의문,Q169,제기,제기,,66,2024-02-22,273,ch28,d_main_28_08_s,동시,,확실,확정,ch28,73,73
Q169,의문,Q169-2,회수,회수,,81,2024-07-25,311,sub:관짝이_00,sub:관짝이_00,뒤,F1562,확실,확정,ch32–ch33,82,82
Q170,의문,Q170,제기,제기,,66,2024-02-22,273,ch28,d_main_28_08_s,동시,,확실,확정,ch28,73,73
Q170,의문,Q170-2,일부 회수,회수,,73,2024-04-25,293,ch30,d_main_30_06_e,뒤,F1408,확실,확정,ch30,77,77
Q170,의문,Q170-3,일부 회수,회수,,80,2024-07-25,308,ch31,d_main_31_09_e,뒤,F1536,확실,확정,ch31,79,79
Q170,의문,Q170-4,일부 회수,회수,,81,2024-07-25,310,ch32,d_main_32_05,뒤,F1545,확실,확정,ch32,81,81
Q170,의문,Q170-5,회수,회수,,81,2024-07-25,314,sub:관짝이_02,sub:관짝이_02,뒤,F1571,확실,확정,ch32–ch33,82,82
Q171,의문,E327,암시,암시,Q171,65,2024-02-22,267,ch27,d_main_27_03_e,앞,,추정,확정,ch27,71,71
Q171,의문,Q171,제기,제기,,66,2024-02-22,273,ch28,d_main_28_10,동시,,확실,확정,ch28,73,73
Q171,의문,E350,재언급,재언급,Q171,66,2024-02-22,280,event_boomsday,event_boomsday_06_s,동시,,확실,확정,ch07–ch08 ~ ch26–ch27,32,70
Q171,의문,Q171-2,일부 회수,회수,,66,2024-02-22,280,event_boomsday,event_boomsday_04_s,동시,F1339,확실,확정,ch07–ch08 ~ ch26–ch27,32,70
Q171,의문,Q171-3,일부 회수,회수,,74,2024-05-16,298,event_darkhero,event_darkhero_06_e,뒤,F1474,확실,확정,ch26 ~ ch26–ch27,69,70
Q171,의문,Q171-4,회수,회수,,96,2024-12-26,350,event_footstepwalkrun1,event_footstepwalkrun2_intermission_01,뒤,F1755,확실,확정,ch34–ch35 ~ ch35,86,87
Q172,의문,Q172,제기,제기,,66,2024-02-22,273,ch28,d_main_28_11_s,동시,,확실,확정,ch28,73,73
Q172,의문,Q172-2,일부 회수,회수,,72,2024-04-25,291,ch29,d_main_29_02_s,뒤,F1382,추정,확정,ch29,75,75
Q173,의문,Q173,제기,제기,,66,2024-02-22,275,sub:택틱컬틱택_01,sub:택틱컬틱택_01,동시,,확실,확정,ch24–ch25 ~,66,
Q174,의문,Q174,제기,제기,,66,2024-02-22,276,sub:핸섬_커맨더_00,sub:핸섬_커맨더_00,동시,,확실,확정,ch27–ch28 ~ ch28–ch29,72,74
Q174,의문,Q174-2,회수,회수,,66,2024-02-22,278,sub:MMR지킴이_00,sub:MMR지킴이_00,동시,F1333,추정,확정,ch27–ch28 ~,72,
Q175,의문,Q175,제기,제기,,66,2024-02-22,278,sub:MMR지킴이_00,sub:MMR지킴이_00,동시,,확실,확정,ch27–ch28 ~,72,
Q176,의문,Q176,제기,제기,,66,2024-02-22,280,event_boomsday,event_boomsday_05_e,동시,,확실,확정,ch07–ch08 ~ ch26–ch27,32,70
Q176,의문,E424,재언급,재언급,Q176,74,2024-05-16,298,event_darkhero,event_darkhero_epilogue,뒤,,확실,확정,ch26 ~ ch26–ch27,69,70
Q177,의문,E354,암시,암시,Q177,67,2024-03-07,282,event_killthelord,event_killthelord_prologue,동시,,추정,확정,ch22–ch23 ~,62,
Q177,의문,Q177,제기,제기,,67,2024-03-07,282,event_killthelord,event_killthelord_epilogue,동시,,확실,확정,ch22–ch23 ~,62,
Q178,의문,E363,암시,암시,Q178,71,2024-04-11,288,side:second_affection,side:second_affection_09,동시,,추정,확정,ch14–ch15 ~ ch15,46,47
Q178,의문,Q178,제기,제기,,71,2024-04-11,288,side:second_affection,side:second_affection_10,동시,,확실,확정,ch14–ch15 ~ ch15,46,47
Q178,의문,Q178-2,일부 회수,회수,,73,2024-04-25,295,event_lastkingdom1,event_lastkingdom2_epilogue,뒤,F1452,추정,확정,ch26–ch27 ~,70,
Q179,의문,Q179,제기,제기,,71,2024-04-11,288,side:second_affection,side:second_affection_13,동시,,확실,확정,ch14–ch15 ~ ch15,46,47
Q179,의문,Q179-2,회수,회수,,73,2024-04-25,295,event_lastkingdom1,event_lastkingdom2_06_e,뒤,F1445,확실,확정,ch26–ch27 ~,70,
Q180,의문,Q180,제기,제기,,71,2024-04-11,288,side:second_affection,side:second_affection_15,동시,,확실,확정,ch14–ch15 ~ ch15,46,47
Q181,의문,Q181,제기,제기,,72,2024-04-25,291,ch29,d_main_29_07_s,동시,,확실,확정,ch29,75,75
Q181,의문,Q181-2,일부 회수,회수,,73,2024-04-25,293,ch30,d_main_30_01_s,뒤,F1396,추정,확정,ch30,77,77
Q182,의문,Q182,제기,제기,,72,2024-04-25,291,ch29,d_main_29_05_e,동시,,확실,확정,ch29,75,75
Q182,의문,Q182-2,회수,회수,,73,2024-04-25,293,ch30,d_main_30_02,뒤,F1399,확실,확정,ch30,77,77
Q183,의문,Q183,제기,제기,,72,2024-04-25,291,ch29,d_main_29_07_e,동시,,확실,확정,ch29,75,75
Q183,의문,E385,재언급,재언급,Q183,73,2024-04-25,293,ch30,d_main_30_06_s,뒤,,확실,확정,ch30,77,77
Q183,의문,Q183-2,일부 회수,회수,,73,2024-04-25,293,ch30,d_main_30_07_s,뒤,F1410,확실,확정,ch30,77,77
Q184,의문,Q184,제기,제기,,72,2024-04-25,292,relic:반드시사수하라,relic:반드시사수하라_04,동시,,확실,확정,,,
Q185,의문,Q185,제기,제기,,73,2024-04-25,293,ch30,d_main_30_03_e,동시,,확실,확정,ch30,77,77
Q186,의문,Q186,제기,제기,,73,2024-04-25,293,ch30,d_main_30_06_e,동시,,확실,확정,ch30,77,77
Q186,의문,Q186-2,회수,회수,,81,2024-07-25,311,sub:관짝이_00,sub:관짝이_00,뒤,F1563,확실,확정,ch32–ch33,82,82
Q187,의문,Q187,제기,제기,,73,2024-04-25,293,ch30,d_main_30_af_03,동시,,확실,확정,ch30,77,77
Q188,의문,Q188,제기,제기,,73,2024-04-25,295,event_lastkingdom1,event_lastkingdom2_02_e,동시,,확실,확정,ch26–ch27 ~,70,
Q188,의문,Q188-2,일부 회수,회수,,119,2025-08-07,398,ch40,d_main_40_02,뒤,F2072,추정,확정,ch40,97,97
Q189,의문,E394,암시,암시,Q189,73,2024-04-25,295,event_lastkingdom1,event_lastkingdom1_03_e,동시,,추정,확정,ch26–ch27 ~,70,
Q189,의문,Q189,제기,제기,,73,2024-04-25,295,event_lastkingdom1,event_lastkingdom2_06_s,동시,,확실,확정,ch26–ch27 ~,70,
Q189,의문,Q189-2,일부 회수,회수,,119,2025-08-07,398,ch40,d_main_40_02,뒤,F2072,추정,확정,ch40,97,97
Q190,의문,E244,암시,암시,Q190,44,2023-07-20,221,ch24,d_main_24af_03,앞,,추정,확정,ch24,65,65
Q190,의문,E395,암시,암시,Q190,73,2024-04-25,295,event_lastkingdom1,event_lastkingdom1_intermission,동시,,추정,확정,ch26–ch27 ~,70,
Q190,의문,E398,암시,암시,Q190,73,2024-04-25,295,event_lastkingdom1,event_lastkingdom1_05_e,동시,,추정,확정,ch26–ch27 ~,70,
Q190,의문,Q190,제기,제기,,73,2024-04-25,295,event_lastkingdom1,event_lastkingdom2_05_e,동시,,확실,확정,ch26–ch27 ~,70,
Q191,의문,Q191,제기,제기,,73,2024-04-25,295,event_lastkingdom1,event_lastkingdom1_05_s,동시,,확실,확정,ch26–ch27 ~,70,
Q192,의문,Q192,제기,제기,,73,2024-04-25,295,event_lastkingdom1,event_lastkingdom2_epilogue,동시,,확실,확정,ch26–ch27 ~,70,
Q193,의문,E397,암시,암시,Q193,73,2024-04-25,295,event_lastkingdom1,event_lastkingdom1_04_e,동시,,추정,확정,ch26–ch27 ~,70,
Q193,의문,E407,암시,암시,Q193,73,2024-04-25,295,event_lastkingdom1,event_lastkingdom2_04_s,동시,,추정,확정,ch26–ch27 ~,70,
Q193,의문,Q193,제기,제기,,73,2024-04-25,296,char:330,ep:d_nikke_crown_03,동시,,확실,확정,ch25–ch26 ~ ch26–ch27,68,70
Q193,의문,E1625,재언급,재언급,Q193,128,2025-10-30,421,char:331,ep:d_nikke_chime_02,뒤,,추정,확정,ch26,69,69
Q194,의문,Q194,제기,제기,,74,2024-05-16,298,event_darkhero,event_darkhero_02_e,동시,,확실,확정,ch26 ~ ch26–ch27,69,70
Q195,의문,Q195,제기,제기,,74,2024-05-16,298,event_darkhero,event_darkhero_06_e,동시,,확실,확정,ch26 ~ ch26–ch27,69,70
Q196,의문,Q196,제기,제기,,74,2024-05-16,298,event_darkhero,event_darkhero_06_s,동시,,확실,확정,ch26 ~ ch26–ch27,69,70
Q196,의문,Q196-2,회수,회수,,94,2024-12-05,347,event_icedragonsaga1,event_icedragonsaga1_02_e,뒤,F1729,확실,확정,ch26 ~,69,
Q197,의문,Q197,제기,제기,,77,2024-06-20,303,event_claymore,event_claymore_02_e,동시,,확실,확정,ch22–ch23 ~,62,
Q198,의문,Q198,제기,제기,,78,2024-07-04,305,event_beautyfullshot1,event_beautyfullshot1_01_e,동시,,확실,확정,ch22–ch23 ~,62,
Q198,의문,Q198-2,일부 회수,회수,,96,2024-12-26,350,event_footstepwalkrun1,event_footstepwalkrun1_06_s,뒤,F1748,확실,확정,ch34–ch35 ~ ch35,86,87
Q199,의문,E439,암시,암시,Q199,80,2024-07-25,308,ch31,d_main_31_06,동시,,추정,확정,ch31,79,79
Q199,의문,Q199,제기,제기,,80,2024-07-25,308,ch31,d_main_31_08,동시,,확실,확정,ch31,79,79
Q199,의문,E452,암시,암시,Q199,81,2024-07-25,310,ch32,d_main_32_05,뒤,,확실,확정,ch32,81,81
Q199,의문,E509,암시,암시,Q199,91,2024-10-31,336,ch34,d_main_34_09_e,뒤,,확실,확정,ch34,85,85
Q199,의문,Q199-2,회수,회수,,128,2025-10-30,417,relic:주의용광로사용법,relic:주의용광로사용법_03,뒤,F2184,추정,확정,~ ch40–ch41,,98
Q200,의문,Q200,제기,제기,,80,2024-07-25,308,ch31,d_main_31_08,동시,,확실,확정,ch31,79,79
Q200,의문,Q200-2,일부 회수,회수,,81,2024-07-25,310,ch32,d_main_32_07,뒤,F1551,확실,확정,ch32,81,81
Q200,의문,Q200-3,일부 회수,회수,,90,2024-10-31,334,ch33,d_main_33_08,뒤,F1636,확실,확정,ch33,83,83
Q201,의문,Q201,제기,제기,,80,2024-07-25,309,relic:말뚝프로젝트보고서,relic:말뚝프로젝트보고서_03,동시,,추정,확정,~ ch30–ch31,,78
Q202,의문,Q202,제기,제기,,81,2024-07-25,310,ch32,d_main_32_07,동시,,추정,확정,ch32,81,81
Q203,의문,Q203,제기,제기,,81,2024-07-25,310,ch32,d_main_32_07,동시,,추정,확정,ch32,81,81
Q203,의문,Q203-2,일부 회수,회수,,126,2025-10-16,411,side:eden_spear,side:eden_spear_09,뒤,F2167,확실,확정,ch21–ch22 ~ ch22–ch23 / ch24–ch25 ~ ch25 / ch25–ch26 ~ ch39 / ch39,60,95
Q204,의문,Q204,제기,제기,,81,2024-07-25,310,ch32,d_main_32_09_e,동시,,확실,확정,ch32,81,81
Q204,의문,Q204-2,일부 회수,회수,,90,2024-10-31,334,ch33,d_main_33_03,뒤,F1632,확실,확정,ch33,83,83
Q204,의문,Q204-3,일부 회수,회수,,91,2024-10-31,336,ch34,d_main_34_af_01,뒤,F1651,확실,확정,ch34,85,85
Q204,의문,Q204-4,회수,회수,,91,2024-10-31,338,event_oldtales1,event_oldtales2_04_e,뒤,F1684,확실,확정,@갓데스_투입–@궤도_엘리베이터_강습 ~ @궤도_엘리베이터_강습–@아크_가디언_작전 / @궤도_엘리베이터_강습–@아크_가디언_작전 / @아크_가디언_작전–@방주_밀봉 ~ @방주_밀봉–@1차_지상_탈환전 / @방주_밀봉–@1차_지상_탈환전 ~ @1차_지상_탈환전–@갓데스_폴,4,12
Q205,의문,Q205,제기,제기,,81,2024-07-25,310,ch32,d_main_32_af_02,동시,,확실,확정,ch32,81,81
Q205,의문,Q205-2,회수,회수,,91,2024-10-31,336,ch34,d_main_34_01_e,뒤,F1644,확실,확정,ch34,85,85
Q206,의문,Q206,제기,제기,,81,2024-07-25,314,sub:관짝이_02,sub:관짝이_02,동시,,확실,확정,ch32–ch33,82,82
Q206,의문,Q206-2,일부 회수,회수,,91,2024-10-31,336,ch34,d_main_34_09_e,뒤,F1656,확실,확정,ch34,85,85
Q206,의문,Q206-3,회수,회수,,138,2026-02-12,436,ch44,d_main_44_07,뒤,F2430,추정,확정,ch44,105,105
Q207,의문,Q207,제기,제기,,81,2024-07-25,315,sub:거울_공주_01,sub:거울_공주_01,동시,,확실,확정,ch32–ch33,82,82
Q207,의문,Q207-2,일부 회수,회수,,91,2024-10-31,336,ch34,d_main_34_07_e,뒤,F1654,확실,확정,ch34,85,85
Q207,의문,Q207-3,일부 회수,회수,,101,2025-02-20,358,ch35,d_main_35_05_s,뒤,F1803,확실,확정,ch35,87,87
Q207,의문,Q207-4,일부 회수,회수,,102,2025-02-20,360,ch36,d_main_36_07_s,뒤,F1815,확실,확정,ch36,89,89
Q207,의문,Q207-5,일부 회수,회수,,109,2025-04-24,377,event_unbreakablesphere1,event_unbreakablesphere2_epilogue,뒤,F1903,확실,확정,ch36–ch37 ~,90,
Q208,의문,E1385,암시,암시,Q208,82,2024-08-08,319,event_colorless,event_colorless_03_e,동시,,추정,확정,ch15 ~,47,
Q208,의문,Q208,제기,제기,,82,2024-08-08,319,event_colorless,event_colorless_intermission_01,동시,,확실,확정,ch15 ~,47,
Q209,의문,E1387,재언급,재언급,Q209,82,2024-08-08,319,event_colorless,event_colorless_epilogue,동시,,확실,확정,ch15 ~,47,
Q209,의문,Q209,제기,제기,,82,2024-08-08,319,event_colorless,event_colorless_epilogue,동시,,확실,확정,ch15 ~,47,
Q210,의문,Q210,제기,제기,,83,2024-08-22,321,char:833,ep:d_nikke_ce004_04_01,동시,,확실,확정,,,
Q211,의문,Q211,제기,제기,,87,2024-10-03,328,event_phantomthiefvsdetective,event_phantomthiefvsdetective_01_s,동시,,확실,확정,ch15–ch16 ~,48,
Q211,의문,Q211-2,회수,회수,,88,2024-10-10,330,char:580,ep:d_nikke_phantom_04,뒤,F1612,확실,확정,,,
Q212,의문,Q212,제기,제기,,88,2024-10-10,330,char:580,ep:d_nikke_phantom_01,동시,,확실,확정,,,
Q212,의문,Q212-2,회수,회수,,111,2025-05-15,383,event_arcanearchive,event_arcanearchive_06_s,뒤,F1926,확실,확정,ch26–ch27 ~,70,
Q213,의문,Q213,제기,제기,,89,2024-10-17,331,side:wordless,side:wordless_03,동시,,확실,확정,ch24–ch25 ~,66,
Q213,의문,E584,재언급,재언급,Q213,98,2025-01-16,353,event_wisdomspring,event_wisdomspring_06_s,뒤,,추정,확정,ch34–ch35 ~,86,
Q213,의문,Q213-2,일부 회수,회수,,109,2025-04-24,377,event_unbreakablesphere1,event_unbreakablesphere2_03_s,뒤,F1898,추정,확정,ch36–ch37 ~,90,
Q213,의문,Q213-3,일부 회수,회수,,151,2026-07-23,467,fl:project_matis,fl:project_matis_27,뒤,F2797,추정,확정,ch46–ch47 ~,110,
Q214,의문,Q214,제기,제기,,90,2024-10-31,334,ch33,d_main_33_02_s,동시,,확실,확정,ch33,83,83
Q215,의문,Q215,제기,제기,,90,2024-10-31,334,ch33,d_main_33_08,동시,,확실,확정,ch33,83,83
Q215,의문,Q215-2,일부 회수,회수,,90,2024-10-31,335,relic:소녀의일기-절망편-,relic:소녀의일기-절망편-_02,동시,F1641,확실,확정,~ ch32–ch33,,82
Q215,의문,Q215-3,일부 회수,회수,,91,2024-10-31,336,ch34,d_main_34_07_e,뒤,F1653,확실,확정,ch34,85,85
Q215,의문,Q215-4,일부 회수,회수,,102,2025-02-20,360,ch36,d_main_36_05,뒤,F1813,확실,확정,ch36,89,89
Q215,의문,Q215-5,일부 회수,회수,,109,2025-04-24,375,ch38,d_main_38_09_s,뒤,F1873,확실,확정,ch38,93,93
Q216,의문,Q216,제기,제기,,90,2024-10-31,334,ch33,d_main_33_10_e,동시,,확실,확정,ch33,83,83
Q216,의문,Q216-2,회수,회수,,91,2024-10-31,336,ch34,d_main_34_01_s,뒤,F1643,확실,확정,ch34,85,85
Q217,의문,Q217,제기,제기,,91,2024-10-31,336,ch34,d_main_34_af_02,동시,,확실,확정,ch34,85,85
Q217,의문,Q217-2,회수,회수,,101,2025-02-20,358,ch35,d_main_35_04,뒤,F1798,확실,확정,ch35,87,87
Q218,의문,Q218,제기,제기,,91,2024-10-31,336,ch34,d_main_34_09_e,동시,,확실,확정,ch34,85,85
Q218,의문,Q218-2,일부 회수,회수,,101,2025-02-20,358,ch35,d_main_35bf_01,뒤,F1786,확실,확정,ch35,87,87
Q218,의문,E619,재언급,재언급,Q218,102,2025-02-20,360,ch36,d_main_36_02,뒤,,확실,확정,ch36,89,89
Q219,의문,Q219,제기,제기,,91,2024-10-31,338,event_oldtales1,event_oldtales2_06_e,동시,,확실,확정,@갓데스_투입–@궤도_엘리베이터_강습 ~ @궤도_엘리베이터_강습–@아크_가디언_작전 / @궤도_엘리베이터_강습–@아크_가디언_작전 / @아크_가디언_작전–@방주_밀봉 ~ @방주_밀봉–@1차_지상_탈환전 / @방주_밀봉–@1차_지상_탈환전 ~ @1차_지상_탈환전–@갓데스_폴,4,12
Q219,의문,Q219-2,일부 회수,회수,,101,2025-02-20,358,ch35,d_main_35bf_03,뒤,F1792,확실,확정,ch35,87,87
Q220,의문,Q220,제기,제기,,91,2024-10-31,338,event_oldtales1,event_oldtales1_04_s,동시,,추정,확정,@갓데스_투입–@궤도_엘리베이터_강습 ~ @궤도_엘리베이터_강습–@아크_가디언_작전 / @궤도_엘리베이터_강습–@아크_가디언_작전 / @아크_가디언_작전–@방주_밀봉 ~ @방주_밀봉–@1차_지상_탈환전 / @방주_밀봉–@1차_지상_탈환전 ~ @1차_지상_탈환전–@갓데스_폴,4,12
Q220,의문,Q220-2,회수,회수,,91,2024-10-31,340,erelic:old_tales_lost,erelic:old_tales_lost_14,동시,F1703,추정,확정,@갓데스_투입–@궤도_엘리베이터_강습 ~ @방주_밀봉–@1차_지상_탈환전,4,10
Q221,의문,Q221,제기,제기,,91,2024-10-31,338,event_oldtales1,event_oldtales2_epilogue,동시,,확실,확정,@갓데스_투입–@궤도_엘리베이터_강습 ~ @궤도_엘리베이터_강습–@아크_가디언_작전 / @궤도_엘리베이터_강습–@아크_가디언_작전 / @아크_가디언_작전–@방주_밀봉 ~ @방주_밀봉–@1차_지상_탈환전 / @방주_밀봉–@1차_지상_탈환전 ~ @1차_지상_탈환전–@갓데스_폴,4,12
Q222,의문,E458,암시,암시,Q222,81,2024-07-25,310,ch32,d_main_32_af_01,앞,,추정,확정,ch32,81,81
Q222,의문,Q222,제기,제기,,91,2024-10-31,341,erelic:old_tales_mini_memory,erelic:old_tales_mini_memory_39,동시,,추정,확정,@궤도_엘리베이터_강습–@아크_가디언_작전 ~,6,
Q223,의문,Q223,제기,제기,,96,2024-12-26,350,event_footstepwalkrun1,event_footstepwalkrun2_intermission_01,동시,,확실,확정,ch34–ch35 ~ ch35,86,87
Q223,의문,Q223-2,일부 회수,회수,,118,2025-08-07,396,ch39,d_main_39_07,뒤,F2052,확실,확정,ch39,95,95
Q224,의문,Q224,제기,제기,,96,2024-12-26,350,event_footstepwalkrun1,event_footstepwalkrun2_06_s,동시,,확실,확정,ch34–ch35 ~ ch35,86,87
Q225,의문,E1,암시,암시,Q225,1,2022-11-04,1,ch00,d_main_01_03_s,앞,,추정,확정,ch00,17,17
Q225,의문,E1271,암시,암시,Q225,17,2022-11-04,120,char:140,ep:d_nikke_sugar_03,앞,,추정,확정,ch15–ch16 ~,48,
Q225,의문,E582,암시,암시,Q225,98,2025-01-16,353,event_wisdomspring,event_wisdomspring_06_s,동시,,추정,확정,ch34–ch35 ~,86,
Q225,의문,Q225,제기,제기,,98,2025-01-16,353,event_wisdomspring,event_wisdomspring_05_e,동시,,확실,확정,ch34–ch35 ~,86,
Q225,의문,Q225-2,일부 회수,회수,,119,2025-08-07,398,ch40,d_main_40_02,뒤,F2071,확실,확정,ch40,97,97
Q225,의문,E1486,재언급,재언급,Q225,141,2026-03-19,444,fl:2x2_love_1ch,fl:2x2_love_1ch_05,뒤,,추정,확정,ch15 ~,47,
Q225,의문,E1487,재언급,재언급,Q225,141,2026-03-19,444,fl:2x2_love_1ch,fl:2x2_love_1ch_06,뒤,,확실,확정,ch15 ~,47,
Q225,의문,E1500,재언급,재언급,Q225,141,2026-03-19,444,fl:2x2_love_1ch,fl:2x2_love_1ch_27,뒤,,추정,확정,ch15 ~,47,
Q225,의문,E1511,재언급,재언급,Q225,141,2026-03-19,445,fl:2x2_love_2ch,fl:2x2_love_2ch_15,뒤,,추정,확정,ch16–ch17 ~,50,
Q225,의문,Q225-3,일부 회수,회수,,142,2026-04-09,448,fl:good_world,fl:good_world_12,뒤,F2568,확실,확정,ch26–ch27 ~,70,
Q225,의문,E1240,재언급,재언급,Q225,154,2026-08-13,472,ch48,d_main_48_07,뒤,,확실,확정,ch48,113,113
Q226,의문,Q226,제기,제기,,98,2025-01-16,353,event_wisdomspring,event_wisdomspring_06_s,동시,,확실,확정,ch34–ch35 ~,86,
Q226,의문,Q226-2,일부 회수,회수,,127,2025-10-30,414,ch41,d_main_41_af_03,뒤,F2204,확실,확정,ch41,99,99
Q227,의문,Q227,제기,제기,,98,2025-01-16,353,event_wisdomspring,event_wisdomspring_04_s,동시,,확실,확정,ch34–ch35 ~,86,
Q229,의문,Q229,제기,제기,,101,2025-02-20,358,ch35,d_main_35_08_e,동시,,확실,확정,ch35,87,87
Q229,의문,Q229-2,일부 회수,회수,,101,2025-02-20,359,relic:알관련전달사항,relic:알관련전달사항_02,동시,F1806,확실,확정,,,
Q229,의문,Q229-3,회수,회수,,102,2025-02-20,360,ch36,d_main_36_02,뒤,F1808,확실,확정,ch36,89,89
Q230,의문,Q230,제기,제기,,101,2025-02-20,358,ch35,d_main_35_09_s,동시,,확실,확정,ch35,87,87
Q231,의문,Q231,제기,제기,,101,2025-02-20,359,relic:알관련전달사항,relic:알관련전달사항_00,동시,,확실,확정,,,
Q231,의문,Q231-2,일부 회수,회수,,102,2025-02-20,360,ch36,d_main_36_03_s,뒤,F1808,확실,확정,ch36,89,89
Q231,의문,Q231-3,회수,회수,,109,2025-04-24,375,ch38,d_main_38_03,뒤,F1878,추정,확정,ch38,93,93
Q232,의문,Q232,제기,제기,,102,2025-02-20,360,ch36,d_main_36_05,동시,,확실,확정,ch36,89,89
Q232,의문,Q232-2,회수,회수,,107,2025-04-10,370,side:mudfish,side:mudfish_14,뒤,F1849,확실,확정,ch24–ch25 ~,66,
Q233,의문,Q233,제기,제기,,102,2025-02-20,360,ch36,d_main_36_09_s,동시,,추정,확정,ch36,89,89
Q234,의문,E638,암시,암시,Q234,105,2025-03-27,367,event_newflavor,event_newflavor_06_s,동시,,추정,확정,ch04–ch05 ~,26,
Q234,의문,Q234,제기,제기,,105,2025-03-27,367,event_newflavor,event_newflavor_06_s,동시,,확실,확정,ch04–ch05 ~,26,
Q234,의문,E999,재언급,재언급,Q234,135,2026-01-15,430,fl:sin_editor,fl:sin_editor_12,뒤,,추정,확정,,,
Q235,의문,Q235,제기,제기,,105,2025-03-27,367,event_newflavor,event_newflavor_06_e,동시,,확실,확정,ch04–ch05 ~,26,
Q236,의문,Q236,제기,제기,,107,2025-04-10,370,side:mudfish,side:mudfish_14,동시,,확실,확정,ch24–ch25 ~,66,
Q236,의문,Q236-2,회수,회수,,109,2025-04-24,377,event_unbreakablesphere1,event_unbreakablesphere1_05_s,뒤,F1884,확실,확정,ch36–ch37 ~,90,
Q237,의문,E474,암시,암시,Q237,89,2024-10-17,331,side:wordless,side:wordless_13,앞,,확실,확정,ch24–ch25 ~,66,
Q237,의문,Q237,제기,제기,,107,2025-04-10,370,side:mudfish,side:mudfish_15,동시,,확실,확정,ch24–ch25 ~,66,
Q237,의문,Q237-2,회수,회수,,109,2025-04-24,377,event_unbreakablesphere1,event_unbreakablesphere1_prologue,뒤,F1883,추정,확정,ch36–ch37 ~,90,
Q238,의문,Q238,제기,제기,,108,2025-04-24,373,ch37,d_main_37_06_e,동시,,확실,확정,ch37,91,91
Q238,의문,Q238-2,일부 회수,회수,,109,2025-04-24,375,ch38,d_main_38_04,뒤,F1873,확실,확정,ch38,93,93
Q239,의문,Q239,제기,제기,,108,2025-04-24,374,relic:주워갈것들메모,relic:주워갈것들메모_02,동시,,확실,확정,,,
Q239,의문,Q239-2,일부 회수,회수,,109,2025-04-24,375,ch38,d_main_38_02,뒤,F1872,추정,확정,ch38,93,93
Q240,의문,E10,암시,암시,Q240,3,2022-11-04,3,ch02,d_main_02_08_s,앞,,확실,확정,ch02,21,21
Q240,의문,E573,암시,암시,Q240,96,2024-12-26,350,event_footstepwalkrun1,event_footstepwalkrun2_06_s,앞,,추정,확정,ch34–ch35 ~ ch35,86,87
Q240,의문,Q240,제기,제기,,109,2025-04-24,375,ch38,d_main_38_02,동시,,확실,확정,ch38,93,93
Q240,의문,E796,재언급,재언급,Q240,118,2025-08-07,396,ch39,d_main_39_01,뒤,,확실,확정,ch39,95,95
Q240,의문,Q240-2,회수,회수,,128,2025-10-30,416,ch42,d_main_42_02,뒤,F2214,확실,확정,ch42,101,101
Q241,의문,Q241,제기,제기,,109,2025-04-24,375,ch38,d_main_38_09_e,동시,,확실,확정,ch38,93,93
Q241,의문,Q241-2,회수,회수,,118,2025-08-07,396,ch39,d_main_39_01,뒤,F2042,확실,확정,ch39,95,95
Q242,의문,Q242,제기,제기,,109,2025-04-24,377,event_unbreakablesphere1,event_unbreakablesphere2_04_s,동시,,확실,확정,ch36–ch37 ~,90,
Q243,의문,Q243,제기,제기,,109,2025-04-24,377,event_unbreakablesphere1,event_unbreakablesphere2_epilogue,동시,,확실,확정,ch36–ch37 ~,90,
Q243,의문,E927,재언급,재언급,Q243,128,2025-10-30,416,ch42,d_main_42_af_08,뒤,,확실,확정,ch42,101,101
Q244,의문,Q244,제기,제기,,109,2025-04-24,379,erelic:unbreakable_sphere_lost,erelic:unbreakable_sphere_lost_03,동시,,추정,확정,@1차_지상_탈환전–@갓데스_폴 ~ @갓데스_폴–@2차_지상_탈환전,12,14
Q244,의문,Q244-2,회수,회수,,126,2025-10-16,411,side:eden_spear,side:eden_spear_12,뒤,F2173,확실,확정,ch21–ch22 ~ ch22–ch23 / ch24–ch25 ~ ch25 / ch25–ch26 ~ ch39 / ch39,60,95
Q245,의문,Q245,제기,제기,,109,2025-04-24,381,char:590,ep:d_nikke_mori_05,동시,,추정,확정,~ ch33–ch34,,84
Q246,의문,E17,암시,암시,Q246,4,2022-11-04,6,ch03,d_main_03_02,앞,,확실,확정,ch03,23,23
Q246,의문,E22,암시,암시,Q246,5,2022-11-04,8,ch04,d_main_04_07,앞,,확실,확정,ch04,25,25
Q246,의문,E23,암시,암시,Q246,5,2022-11-04,8,ch04,d_main_04af_03,앞,,확실,확정,ch04,25,25
Q246,의문,Q246,제기,제기,,110,2025-05-01,382,char:162,ep:d_nikke_mihara_bondingchain_04,동시,,확실,확정,ch36–ch37 ~,90,
Q246,의문,Q246-2,일부 회수,회수,,110,2025-05-01,382,char:162,ep:d_nikke_mihara_bondingchain_04,동시,F2898,확실,확정,ch36–ch37 ~,90,
Q247,의문,E200,암시,암시,Q247,36,2023-04-27,203,event_overzone,event_overzone2_04_e,앞,,추정,확정,@2차_지상_탈환전–ch00,16,16
Q247,의문,E294,암시,암시,Q247,55,2023-11-02,248,event_redash,event_redash2_02_e,앞,,추정,확정,@갓데스_투입 ~ @갓데스_투입–@궤도_엘리베이터_강습 / @궤도_엘리베이터_강습–@아크_가디언_작전 ~ @아크_가디언_작전–@방주_밀봉 / @2차_지상_탈환전–ch00,3,16
Q247,의문,Q247,제기,제기,,111,2025-05-15,383,event_arcanearchive,event_arcanearchive_06_e,동시,,추정,확정,ch26–ch27 ~,70,
Q247,의문,Q247-2,회수,회수,,142,2026-04-09,447,side:pretty_star,side:pretty_star_14,뒤,F2559,추정,확정,@갓데스_폴–@2차_지상_탈환전 / @갓데스_폴–@2차_지상_탈환전 ~ @2차_지상_탈환전–ch00,14,16
Q248,의문,Q248,제기,제기,,111,2025-05-15,383,event_arcanearchive,event_arcanearchive_06_e,동시,,확실,확정,ch26–ch27 ~,70,
Q248,의문,Q248-2,일부 회수,회수,,133,2025-12-30,428,fl:ark_guardian,fl:ark_guardian_26,뒤,F2375,추정,확정,ch40–ch41 ~ ch41,98,99
Q248,의문,Q248-3,회수,회수,,144,2026-04-23,452,ch46,d_main_46_af_02,뒤,F2649,확실,확정,ch46,109,109
Q249,의문,Q249,제기,제기,,112,2025-05-29,385,event_lordforjustice,event_lordforjustice_04_s,동시,,확실,확정,ch26–ch27 ~,70,
Q249,의문,Q249-2,일부 회수,회수,,138,2026-02-12,436,ch44,d_main_44_af_03,뒤,F2444,추정,확정,ch44,105,105
Q250,의문,Q250,제기,제기,,112,2025-05-29,385,event_lordforjustice,event_lordforjustice_04_s,동시,,확실,확정,ch26–ch27 ~,70,
Q250,의문,Q250-2,회수,회수,,124,2025-09-24,407,fl:reborn_evil,fl:reborn_evil_13,뒤,F2142,확실,확정,ch26–ch27 ~,70,
Q251,의문,Q251,제기,제기,,112,2025-05-29,385,event_lordforjustice,event_lordforjustice_06_s,동시,,확실,확정,ch26–ch27 ~,70,
Q252,의문,Q252,제기,제기,,113,2025-06-12,387,event_ce006,event_ce006_1_03_e,동시,,확실,확정,ch26–ch27 ~,70,
Q252,의문,Q252-2,회수,회수,,113,2025-06-12,387,event_ce006,event_ce006_3_03_s,동시,F1995,확실,확정,ch26–ch27 ~,70,
Q253,의문,Q253,제기,제기,,113,2025-06-12,387,event_ce006,event_ce006_3_epilogue,동시,,확실,확정,ch26–ch27 ~,70,
Q254,의문,E767,암시,암시,Q254,113,2025-06-12,387,event_ce006,event_ce006_2_06_e,동시,,추정,확정,ch26–ch27 ~,70,
Q254,의문,Q254,제기,제기,,113,2025-06-12,387,event_ce006,event_ce006_2_06_s,동시,,확실,확정,ch26–ch27 ~,70,
Q255,의문,Q255,제기,제기,,113,2025-06-12,388,char:852,ep:d_nikke_ce006_03_05,동시,,추정,확정,ch26–ch27 ~,70,
Q256,의문,Q256,제기,제기,,115,2025-07-03,391,event_overthehorizon,event_overthehorizon_06_e,동시,,확실,확정,~ ch25–ch26 / ch26–ch27 ~,,
Q257,의문,Q257,제기,제기,,115,2025-07-03,391,event_overthehorizon,event_overthehorizon_epilogue,동시,,확실,확정,~ ch25–ch26 / ch26–ch27 ~,,
Q257,의문,Q257-2,일부 회수,회수,,133,2025-12-30,428,fl:ark_guardian,fl:ark_guardian_22,뒤,F2369,추정,확정,ch40–ch41 ~ ch41,98,99
Q258,의문,Q258,제기,제기,,116,2025-07-17,393,fl:boom_the_ghost,fl:boom_the_ghost_01,동시,,추정,확정,ch38–ch39 ~,94,
Q259,의문,Q259,제기,제기,,116,2025-07-17,393,fl:boom_the_ghost,fl:boom_the_ghost_26,동시,,확실,확정,ch38–ch39 ~,94,
Q260,의문,Q260,제기,제기,,116,2025-07-17,393,fl:boom_the_ghost,fl:boom_the_ghost_11,동시,,확실,확정,ch38–ch39 ~,94,
Q261,의문,E253,암시,암시,Q261,54,2023-11-02,241,ch25,d_main_25_03_e,앞,,추정,확정,ch25,67,67
Q261,의문,E255,암시,암시,Q261,54,2023-11-02,241,ch25,d_main_25_04,앞,,추정,확정,ch25,67,67
Q261,의문,E782,암시,암시,Q261,116,2025-07-17,393,fl:boom_the_ghost,fl:boom_the_ghost_02,동시,,추정,확정,ch38–ch39 ~,94,
Q261,의문,E784,암시,암시,Q261,116,2025-07-17,393,fl:boom_the_ghost,fl:boom_the_ghost_03,동시,,추정,확정,ch38–ch39 ~,94,
Q261,의문,Q261,제기,제기,,116,2025-07-17,393,fl:boom_the_ghost,fl:boom_the_ghost_27,동시,,확실,확정,ch38–ch39 ~,94,
Q261,의문,Q261-2,회수,회수,,144,2026-04-23,452,ch46,d_main_46_af_04,뒤,F2643,확실,확정,ch46,109,109
Q262,의문,E569,암시,암시,Q262,96,2024-12-26,350,event_footstepwalkrun1,event_footstepwalkrun2_intermission_01,앞,,추정,확정,ch34–ch35 ~ ch35,86,87
Q262,의문,E800,암시,암시,Q262,118,2025-08-07,396,ch39,d_main_39_06,동시,,확실,확정,ch39,95,95
Q262,의문,Q262,제기,제기,,118,2025-08-07,396,ch39,d_main_39_07,동시,,확실,확정,ch39,95,95
Q262,의문,Q262-2,일부 회수,회수,,119,2025-08-07,398,ch40,d_main_40_03,뒤,F2075,추정,확정,ch40,97,97
Q263,의문,Q263,제기,제기,,118,2025-08-07,396,ch39,d_main_39_11,동시,,확실,확정,ch39,95,95
Q263,의문,Q263-2,일부 회수,회수,,119,2025-08-07,398,ch40,d_main_40_02,뒤,F2072,확실,확정,ch40,97,97
Q263,의문,Q263-3,회수,회수,,119,2025-08-07,398,ch40,d_main_40_02,뒤,F2074,확실,확정,ch40,97,97
Q264,의문,Q264,제기,제기,,118,2025-08-07,396,ch39,d_main_39_11,동시,,확실,확정,ch39,95,95
Q264,의문,Q264-2,일부 회수,회수,,127,2025-10-30,414,ch41,d_main_41_af_04,뒤,F2205,확실,확정,ch41,99,99
Q264,의문,Q264-3,일부 회수,회수,,137,2026-02-12,434,ch43,d_main_43_15,뒤,F2414,추정,확정,ch43,103,103
Q265,의문,E802,암시,암시,Q265,118,2025-08-07,396,ch39,d_main_39_09,동시,,확실,확정,ch39,95,95
Q265,의문,Q265,제기,제기,,118,2025-08-07,396,ch39,d_main_39_10,동시,,확실,확정,ch39,95,95
Q265,의문,E819,재언급,재언급,Q265,119,2025-08-07,398,ch40,d_main_40_09,뒤,,확실,확정,ch40,97,97
Q266,의문,Q266,제기,제기,,118,2025-08-07,396,ch39,d_main_39_11,동시,,확실,확정,ch39,95,95
Q266,의문,Q266-2,회수,회수,,119,2025-08-07,398,ch40,d_main_40_04,뒤,F2076,추정,확정,ch40,97,97
Q267,의문,Q267,제기,제기,,118,2025-08-07,396,ch39,d_main_39_af_03,동시,,확실,확정,ch39,95,95
Q267,의문,Q267-2,일부 회수,회수,,128,2025-10-30,416,ch42,d_main_42_af_04,뒤,F2236,확실,확정,ch42,101,101
Q268,의문,E249,암시,암시,Q268,54,2023-11-02,241,ch25,d_main_24af_04,앞,,추정,확정,ch25,67,67
Q268,의문,Q268,제기,제기,,118,2025-08-07,396,ch39,d_main_39_af_04,동시,,확실,확정,ch39,95,95
Q268,의문,Q268-2,회수,회수,,128,2025-10-30,418,event_goddessfall1,event_goddessfall2_epilogue,뒤,F2317,확실,확정,ch40–ch41,98,98
Q269,의문,Q269,제기,제기,,118,2025-08-07,396,ch39,d_main_39_af_08,동시,,확실,확정,ch39,95,95
Q269,의문,Q269-2,일부 회수,회수,,119,2025-08-07,398,ch40,d_main_40_af_03,뒤,F2093,확실,확정,ch40,97,97
Q269,의문,Q269-3,회수,회수,,144,2026-04-23,454,event_staranis1,event_staranis2_04_e,뒤,F2698,확실,확정,ch46–ch47 ~ ch47,110,111
Q270,의문,Q270,제기,제기,,118,2025-08-07,397,relic:정갈하게쓴기록,relic:정갈하게쓴기록_03,동시,,확실,확정,ch02–ch03 ~ ch38–ch39,22,94
Q270,의문,Q270-2,일부 회수,회수,,119,2025-08-07,398,ch40,d_main_40_04,뒤,F2076,추정,확정,ch40,97,97
Q271,의문,Q271,제기,제기,,119,2025-08-07,398,ch40,d_main_40_04,동시,,확실,확정,ch40,97,97
Q272,의문,Q272,제기,제기,,119,2025-08-07,398,ch40,d_main_40_07,동시,,확실,확정,ch40,97,97
Q272,의문,Q272-2,일부 회수,회수,,126,2025-10-16,411,side:eden_spear,side:eden_spear_12,뒤,F2172,추정,확정,ch21–ch22 ~ ch22–ch23 / ch24–ch25 ~ ch25 / ch25–ch26 ~ ch39 / ch39,60,95
Q272,의문,Q272-3,일부 회수,회수,,127,2025-10-30,414,ch41,d_main_41_04,뒤,F2187,확실,확정,ch41,99,99
Q273,의문,Q273,제기,제기,,119,2025-08-07,398,ch40,d_main_40_02,동시,,확실,확정,ch40,97,97
Q273,의문,Q273-2,일부 회수,회수,,126,2025-10-16,411,side:eden_spear,side:eden_spear_11,뒤,F2172,추정,확정,ch21–ch22 ~ ch22–ch23 / ch24–ch25 ~ ch25 / ch25–ch26 ~ ch39 / ch39,60,95
Q273,의문,Q273-3,일부 회수,회수,,127,2025-10-30,414,ch41,d_main_41_04,뒤,F2187,확실,확정,ch41,99,99
Q274,의문,Q274,제기,제기,,119,2025-08-07,398,ch40,d_main_40_11,동시,,확실,확정,ch40,97,97
Q274,의문,Q274-2,회수,회수,,127,2025-10-30,414,ch41,d_main_41_01,뒤,F2185,확실,확정,ch41,99,99
Q275,의문,Q275,제기,제기,,119,2025-08-07,398,ch40,d_main_40_af_04,동시,,확실,확정,ch40,97,97
Q275,의문,Q275-2,일부 회수,회수,,127,2025-10-30,414,ch41,d_main_41_af_03,뒤,F2203,확실,확정,ch41,99,99
Q275,의문,Q275-3,일부 회수,회수,,127,2025-10-30,414,ch41,d_main_41_af_05,뒤,F2207,확실,확정,ch41,99,99
Q275,의문,Q275-4,일부 회수,회수,,137,2026-02-12,434,ch43,d_main_43_15,뒤,F2416,추정,확정,ch43,103,103
Q276,의문,Q276,제기,제기,,119,2025-08-07,398,ch40,d_main_40_af_02,동시,,확실,확정,ch40,97,97
Q276,의문,Q276-2,회수,회수,,127,2025-10-30,414,ch41,d_main_41_af_06,뒤,F2209,확실,확정,ch41,99,99
Q277,의문,Q277,제기,제기,,119,2025-08-07,400,fl:absolute,fl:absolute_16,동시,,확실,확정,ch34–ch35 ~,86,
Q278,의문,Q278,제기,제기,,119,2025-08-07,400,fl:absolute,fl:absolute_18,동시,,확실,확정,ch34–ch35 ~,86,
Q279,의문,E853,암시,암시,Q279,122,2025-09-04,404,fl:coins_in_rush,fl:coins_in_rush_00,동시,,확실,확정,ch22–ch23 ~,62,
Q279,의문,Q279,제기,제기,,122,2025-09-04,404,fl:coins_in_rush,fl:coins_in_rush_16,동시,,확실,확정,ch22–ch23 ~,62,
Q279,의문,E1466,재언급,재언급,Q279,136,2026-01-29,432,fl:fatal_maid,fl:fatal_maid_04,뒤,,확실,확정,ch22–ch23 ~,62,
Q279,의문,Q279-2,일부 회수,회수,,142,2026-04-09,447,side:pretty_star,side:pretty_star_05,뒤,F2548,확실,확정,@갓데스_폴–@2차_지상_탈환전 / @갓데스_폴–@2차_지상_탈환전 ~ @2차_지상_탈환전–ch00,14,16
Q279,의문,Q279-3,일부 회수,회수,,144,2026-04-23,454,event_staranis1,event_staranis2_05_s,뒤,F2701,추정,확정,ch46–ch47 ~ ch47,110,111
Q280,의문,Q280,제기,제기,,122,2025-09-04,404,fl:coins_in_rush,fl:coins_in_rush_20,동시,,확실,확정,ch22–ch23 ~,62,
Q280,의문,Q280-2,일부 회수,회수,,136,2026-01-29,432,fl:fatal_maid,fl:fatal_maid_04,뒤,F2389,확실,확정,ch22–ch23 ~,62,
Q281,의문,Q281,제기,제기,,124,2025-09-24,407,fl:reborn_evil,fl:reborn_evil_09,동시,,확실,확정,ch26–ch27 ~,70,
Q282,의문,E875,암시,암시,Q282,124,2025-09-24,407,fl:reborn_evil,fl:reborn_evil_03,동시,,확실,확정,ch26–ch27 ~,70,
Q282,의문,Q282,제기,제기,,124,2025-09-24,407,fl:reborn_evil,fl:reborn_evil_26,동시,,확실,확정,ch26–ch27 ~,70,
Q283,의문,E147,암시,암시,Q283,26,2023-01-12,168,ch20,d_main_20_10_e,앞,,추정,확정,ch20,57,57
Q283,의문,Q283,제기,제기,,126,2025-10-16,411,side:eden_spear,side:eden_spear_08,동시,,확실,확정,ch21–ch22 ~ ch22–ch23 / ch24–ch25 ~ ch25 / ch25–ch26 ~ ch39 / ch39,60,95
Q283,의문,Q283-2,회수,회수,,128,2025-10-30,418,event_goddessfall1,event_goddessfall1_02_e,뒤,F2320,확실,확정,ch40–ch41,98,98
Q284,의문,Q284,제기,제기,,126,2025-10-16,411,side:eden_spear,side:eden_spear_03,동시,,확실,확정,ch21–ch22 ~ ch22–ch23 / ch24–ch25 ~ ch25 / ch25–ch26 ~ ch39 / ch39,60,95
Q285,의문,Q285,제기,제기,,126,2025-10-16,411,side:eden_spear,side:eden_spear_12,동시,,확실,확정,ch21–ch22 ~ ch22–ch23 / ch24–ch25 ~ ch25 / ch25–ch26 ~ ch39 / ch39,60,95
Q285,의문,Q285-2,회수,회수,,128,2025-10-30,418,event_goddessfall1,event_goddessfall1_04_s,뒤,F2277,확실,확정,ch40–ch41,98,98
Q286,의문,Q286,제기,제기,,127,2025-10-30,414,ch41,d_main_41_08,동시,,확실,확정,ch41,99,99
Q286,의문,Q286-2,일부 회수,회수,,128,2025-10-30,416,ch42,d_main_42_02,뒤,F2214,확실,확정,ch42,101,101
Q287,의문,Q287,제기,제기,,127,2025-10-30,414,ch41,d_main_41_01,동시,,확실,확정,ch41,99,99
Q287,의문,Q287-2,일부 회수,회수,,128,2025-10-30,418,event_goddessfall1,event_goddessfall1_04_s,뒤,F2278,추정,확정,ch40–ch41,98,98
Q288,의문,Q288,제기,제기,,127,2025-10-30,414,ch41,d_main_41_04,동시,,확실,확정,ch41,99,99
Q288,의문,Q288-2,일부 회수,회수,,128,2025-10-30,416,ch42,d_main_42_af_07,뒤,F2247,추정,확정,ch42,101,101
Q289,의문,Q289,제기,제기,,127,2025-10-30,414,ch41,d_main_41_af_03,동시,,확실,확정,ch41,99,99
Q289,의문,Q289-2,일부 회수,회수,,137,2026-02-12,434,ch43,d_main_43_15,뒤,F2413,확실,확정,ch43,103,103
Q290,의문,Q290,제기,제기,,127,2025-10-30,414,ch41,d_main_41_af_04,동시,,확실,확정,ch41,99,99
Q290,의문,Q290-2,회수,회수,,137,2026-02-12,434,ch43,d_main_43_15,뒤,F2415,확실,확정,ch43,103,103
Q291,의문,Q291,제기,제기,,127,2025-10-30,414,ch41,d_main_41_af_01,동시,,확실,확정,ch41,99,99
Q291,의문,Q291-2,일부 회수,회수,,144,2026-04-23,454,event_staranis1,event_staranis2_03_e,뒤,F2695,추정,확정,ch46–ch47 ~ ch47,110,111
Q292,의문,Q292,제기,제기,,127,2025-10-30,414,ch41,d_main_41_af_05,동시,,확실,확정,ch41,99,99
Q293,의문,Q293,제기,제기,,127,2025-10-30,414,ch41,d_main_41_af_06,동시,,확실,확정,ch41,99,99
Q293,의문,Q293-2,회수,회수,,128,2025-10-30,416,ch42,d_main_42_af_01,뒤,F2237,확실,확정,ch42,101,101
Q294,의문,Q294,제기,제기,,128,2025-10-30,416,ch42,d_main_42_02,동시,,확실,확정,ch42,101,101
Q294,의문,Q294-2,일부 회수,회수,,128,2025-10-30,416,ch42,d_main_42_af_08,동시,F2250,추정,확정,ch42,101,101
Q295,의문,Q295,제기,제기,,128,2025-10-30,416,ch42,d_main_42_af_08,동시,,추정,확정,ch42,101,101
Q295,의문,Q295-2,일부 회수,회수,,128,2025-10-30,418,event_goddessfall1,event_goddessfall1_01_s,동시,F2260,추정,확정,ch40–ch41,98,98
Q295,의문,Q295-3,회수,회수,,138,2026-02-12,436,ch44,d_main_44_08_e,뒤,F2435,확실,확정,ch44,105,105
Q296,의문,Q296,제기,제기,,128,2025-10-30,416,ch42,d_main_42_af_09,동시,,확실,확정,ch42,101,101
Q296,의문,Q296-2,회수,회수,,128,2025-10-30,418,event_goddessfall1,event_goddessfall2_epilogue,동시,F2318,확실,확정,ch40–ch41,98,98
Q297,의문,Q297,제기,제기,,128,2025-10-30,418,event_goddessfall1,event_goddessfall1_04_e,동시,,확실,확정,ch40–ch41,98,98
Q298,의문,Q298,제기,제기,,128,2025-10-30,418,event_goddessfall1,event_goddessfall1_04_e,동시,,확실,확정,ch40–ch41,98,98
Q299,의문,E1301,암시,암시,Q299,32,2023-03-30,186,char:261,ep:d_nikke_nihilister_02,앞,,확실,확정,ch20–ch21 ~ ch21,58,59
Q299,의문,Q299,제기,제기,,128,2025-10-30,418,event_goddessfall1,event_goddessfall1_02_e,동시,,확실,확정,ch40–ch41,98,98
Q300,의문,Q300,제기,제기,,128,2025-10-30,418,event_goddessfall1,event_goddessfall1_04_s,동시,,확실,확정,ch40–ch41,98,98
Q300,의문,Q300-2,일부 회수,회수,,144,2026-04-23,452,ch46,d_main_46_06,뒤,F2619,확실,확정,ch46,109,109
Q301,의문,Q301,제기,제기,,128,2025-10-30,418,event_goddessfall1,event_goddessfall2_04_e,동시,,추정,확정,ch40–ch41,98,98
Q302,의문,Q302,제기,제기,,128,2025-10-30,418,event_goddessfall1,event_goddessfall2_06_e,동시,,확실,확정,ch40–ch41,98,98
Q302,의문,E1096,재언급,재언급,Q302,144,2026-04-23,452,ch46,d_main_46_03,뒤,,확실,확정,ch46,109,109
Q302,의문,E1105,재언급,재언급,Q302,144,2026-04-23,452,ch46,d_main_46_10,뒤,,확실,확정,ch46,109,109
Q303,의문,Q303,제기,제기,,128,2025-10-30,418,event_goddessfall1,event_goddessfall2_epilogue,동시,,확실,확정,ch40–ch41,98,98
Q303,의문,Q303-2,일부 회수,회수,,144,2026-04-23,452,ch46,d_main_46_af_08,뒤,F2657,확실,확정,ch46,109,109
Q304,의문,E159,암시,암시,Q304,35,2023-04-27,191,ch21,d_main_21_02_e,앞,,추정,확정,ch21,59,59
Q304,의문,Q304,제기,제기,,128,2025-10-30,418,event_goddessfall1,event_goddessfall2_03_e,동시,,추정,확정,ch40–ch41,98,98
Q305,의문,Q305,제기,제기,,128,2025-10-30,418,event_goddessfall1,event_goddessfall1_02_e,동시,,확실,확정,ch40–ch41,98,98
Q305,의문,Q305-2,회수,회수,,128,2025-10-30,418,event_goddessfall1,event_goddessfall1_04_e,동시,F1792,확실,확정,ch40–ch41,98,98
Q306,의문,E203,암시,암시,Q306,36,2023-04-27,203,event_overzone,event_overzone2_06_e,앞,,확실,확정,@2차_지상_탈환전–ch00,16,16
Q306,의문,Q306,제기,제기,,128,2025-10-30,419,erelic:goddess_fall_mini,erelic:goddess_fall_mini_07,동시,,추정,확정,ch40–ch41,98,98
Q306,의문,Q306-2,일부 회수,회수,,144,2026-04-23,452,ch46,d_main_46_af_06,뒤,F2649,추정,확정,ch46,109,109
Q307,의문,Q307,제기,제기,,128,2025-10-30,419,erelic:goddess_fall_mini,erelic:goddess_fall_mini_01,동시,,추정,확정,ch40–ch41,98,98
Q308,의문,E1444,암시,암시,Q308,130,2025-11-20,423,fl:blank_ticket,fl:blank_ticket_05,동시,,확실,확정,ch13–ch14 ~,44,
Q308,의문,Q308,제기,제기,,130,2025-11-20,423,fl:blank_ticket,fl:blank_ticket_00,동시,,확실,확정,ch13–ch14 ~,44,
Q308,의문,Q308-2,회수,회수,,131,2025-12-04,425,fl:terminus_ticket,fl:terminus_ticket_26,뒤,F2356,확실,확정,ch13–ch14 ~,44,
Q309,의문,Q309,제기,제기,,133,2025-12-30,428,fl:ark_guardian,fl:ark_guardian_16,동시,,확실,확정,ch40–ch41 ~ ch41,98,99
Q309,의문,Q309-2,일부 회수,회수,,137,2026-02-12,434,ch43,d_main_43_15,뒤,F2410,확실,확정,ch43,103,103
Q310,의문,Q310,제기,제기,,133,2025-12-30,428,fl:ark_guardian,fl:ark_guardian_26,동시,,확실,확정,ch40–ch41 ~ ch41,98,99
Q310,의문,Q310-2,일부 회수,회수,,137,2026-02-12,434,ch43,d_main_43_11,뒤,F2400,확실,확정,ch43,103,103
Q310,의문,Q310-3,회수,회수,,144,2026-04-23,452,ch46,d_main_46_af_07,뒤,F2654,확실,확정,ch46,109,109
Q311,의문,Q311,제기,제기,,133,2025-12-30,428,fl:ark_guardian,fl:ark_guardian_26,동시,,확실,확정,ch40–ch41 ~ ch41,98,99
Q312,의문,Q312,제기,제기,,133,2025-12-30,428,fl:ark_guardian,fl:ark_guardian_00,동시,,확실,확정,ch40–ch41 ~ ch41,98,99
Q312,의문,Q312-2,일부 회수,회수,,138,2026-02-12,436,ch44,d_main_44_af_02,뒤,F2440,확실,확정,ch44,105,105
Q312,의문,Q312-3,일부 회수,회수,,144,2026-04-23,452,ch46,d_main_46_af_10,뒤,F2663,확실,확정,ch46,109,109
Q313,의문,Q313,제기,제기,,135,2026-01-15,430,fl:sin_editor,fl:sin_editor_14,동시,,확실,확정,,,
Q313,의문,Q313-2,일부 회수,회수,,143,2026-04-23,450,ch45,d_main_45_11,뒤,F2606,확실,확정,ch45,107,107
Q314,의문,Q314,제기,제기,,136,2026-01-29,432,fl:fatal_maid,fl:fatal_maid_10,동시,,확실,확정,ch22–ch23 ~,62,
Q315,의문,Q315,제기,제기,,137,2026-02-12,434,ch43,d_main_43_15,동시,,확실,확정,ch43,103,103
Q315,의문,Q315-2,일부 회수,회수,,138,2026-02-12,436,ch44,d_main_44_af_03,뒤,F2443,추정,확정,ch44,105,105
Q316,의문,Q316,제기,제기,,137,2026-02-12,434,ch43,d_main_43_15,동시,,확실,확정,ch43,103,103
Q317,의문,Q317,제기,제기,,137,2026-02-12,434,ch43,d_main_43_11,동시,,확실,확정,ch43,103,103
Q317,의문,Q317-2,회수,회수,,144,2026-04-23,452,ch46,d_main_46_af_07,뒤,F2654,확실,확정,ch46,109,109
Q318,의문,E902,암시,암시,Q318,127,2025-10-30,414,ch41,d_main_41_af_04,앞,,추정,확정,ch41,99,99
Q318,의문,Q318,제기,제기,,137,2026-02-12,434,ch43,d_main_43_01,동시,,확실,확정,ch43,103,103
Q319,의문,Q319,제기,제기,,137,2026-02-12,434,ch43,d_main_43_13,동시,,확실,확정,ch43,103,103
Q320,의문,E252,암시,암시,Q320,54,2023-11-02,241,ch25,d_main_25_03_e,앞,,추정,확정,ch25,67,67
Q320,의문,Q320,제기,제기,,138,2026-02-12,436,ch44,d_main_44_05,동시,,확실,확정,ch44,105,105
Q320,의문,Q320-2,일부 회수,회수,,144,2026-04-23,452,ch46,d_main_46_af_04,뒤,F2643,확실,확정,ch46,109,109
Q321,의문,Q321,제기,제기,,138,2026-02-12,436,ch44,d_main_44_08_e,동시,,확실,확정,ch44,105,105
Q321,의문,Q321-2,일부 회수,회수,,144,2026-04-23,452,ch46,d_main_46_05,뒤,F2617,확실,확정,ch46,109,109
Q322,의문,Q322,제기,제기,,138,2026-02-12,436,ch44,d_main_44_af_09,동시,,확실,확정,ch44,105,105
Q322,의문,Q322-2,회수,회수,,143,2026-04-23,450,ch45,d_main_45_03,뒤,F2576,확실,확정,ch45,107,107
Q323,의문,E256,암시,암시,Q323,54,2023-11-02,241,ch25,d_main_25_04,앞,,확실,확정,ch25,67,67
Q323,의문,Q323,제기,제기,,138,2026-02-12,436,ch44,d_main_44_af_10,동시,,확실,확정,ch44,105,105
Q323,의문,Q323-2,일부 회수,회수,,143,2026-04-23,450,ch45,d_main_45_06,뒤,F2609,확실,확정,ch45,107,107
Q323,의문,Q323-3,일부 회수,회수,,144,2026-04-23,452,ch46,d_main_46_af_02,뒤,F2651,확실,확정,ch46,109,109
Q324,의문,Q324,제기,제기,,138,2026-02-12,436,ch44,d_main_44_01,동시,,확실,확정,ch44,105,105
Q324,의문,E1505,재언급,재언급,Q324,141,2026-03-19,444,fl:2x2_love_1ch,fl:2x2_love_1ch_44,뒤,,확실,확정,ch15 ~,47,
Q325,의문,Q325,제기,제기,,138,2026-02-12,437,relic:거인을찾아서,relic:거인을찾아서_00,동시,,확실,확정,,,
Q326,의문,Q326,제기,제기,,138,2026-02-12,438,fl:lie_cause_recoil,fl:lie_cause_recoil_07,동시,,추정,확정,ch26–ch27 ~,70,
Q327,의문,E239,암시,암시,Q327,44,2023-07-20,221,ch24,d_main_24_07_e,앞,,추정,확정,ch24,65,65
Q327,의문,Q327,제기,제기,,140,2026-03-05,442,fl:enter_heaven,fl:enter_heaven_10,동시,,추정,확정,ch39–ch40 ~,96,
Q328,의문,Q328,제기,제기,,141,2026-03-19,444,fl:2x2_love_1ch,fl:2x2_love_1ch_21,동시,,추정,확정,ch15 ~,47,
Q328,의문,Q328-2,회수,회수,,141,2026-03-19,444,fl:2x2_love_1ch,fl:2x2_love_1ch_24,동시,F2517,확실,확정,ch15 ~,47,
Q329,의문,E1506,재언급,재언급,Q329,141,2026-03-19,444,fl:2x2_love_1ch,fl:2x2_love_1ch_51,동시,,확실,확정,ch15 ~,47,
Q329,의문,Q329,제기,제기,,141,2026-03-19,444,fl:2x2_love_1ch,fl:2x2_love_1ch_25,동시,,추정,확정,ch15 ~,47,
Q329,의문,Q329-2,일부 회수,회수,,141,2026-03-19,445,fl:2x2_love_2ch,fl:2x2_love_2ch_01,동시,F2524,추정,확정,ch16–ch17 ~,50,
Q329,의문,Q329-3,회수,회수,,141,2026-03-19,445,fl:2x2_love_2ch,fl:2x2_love_2ch_47,동시,F2534,확실,확정,ch16–ch17 ~,50,
Q330,의문,Q330,제기,제기,,141,2026-03-19,445,fl:2x2_love_2ch,fl:2x2_love_2ch_18,동시,,확실,확정,ch16–ch17 ~,50,
Q330,의문,Q330-2,일부 회수,회수,,141,2026-03-19,445,fl:2x2_love_2ch,fl:2x2_love_2ch_01,동시,F2524,추정,확정,ch16–ch17 ~,50,
Q331,의문,Q331,제기,제기,,142,2026-04-09,447,side:pretty_star,side:pretty_star_13,동시,,확실,확정,@갓데스_폴–@2차_지상_탈환전 / @갓데스_폴–@2차_지상_탈환전 ~ @2차_지상_탈환전–ch00,14,16
Q331,의문,Q331-2,회수,회수,,144,2026-04-23,454,event_staranis1,event_staranis1_03_s,뒤,F2675,추정,확정,ch46–ch47 ~ ch47,110,111
Q332,의문,Q332,제기,제기,,142,2026-04-09,447,side:pretty_star,side:pretty_star_13,동시,,추정,확정,@갓데스_폴–@2차_지상_탈환전 / @갓데스_폴–@2차_지상_탈환전 ~ @2차_지상_탈환전–ch00,14,16
Q333,의문,E1073,암시,암시,Q333,142,2026-04-09,448,fl:good_world,fl:good_world_10,동시,,확실,확정,ch26–ch27 ~,70,
Q333,의문,Q333,제기,제기,,142,2026-04-09,448,fl:good_world,fl:good_world_13,동시,,확실,확정,ch26–ch27 ~,70,
Q334,의문,E1012,암시,암시,Q334,137,2026-02-12,434,ch43,d_main_43_11,앞,,추정,확정,ch43,103,103
Q334,의문,E1076,암시,암시,Q334,142,2026-04-09,448,fl:good_world,fl:good_world_12,동시,,추정,확정,ch26–ch27 ~,70,
Q334,의문,Q334,제기,제기,,142,2026-04-09,448,fl:good_world,fl:good_world_14,동시,,추정,확정,ch26–ch27 ~,70,
Q335,의문,Q335,제기,제기,,143,2026-04-23,450,ch45,d_main_45_01,동시,,확실,확정,ch45,107,107
Q335,의문,Q335-2,회수,회수,,144,2026-04-23,452,ch46,d_main_46_03,뒤,F2615,확실,확정,ch46,109,109
Q336,의문,Q336,제기,제기,,143,2026-04-23,450,ch45,d_main_45_01,동시,,확실,확정,ch45,107,107
Q336,의문,Q336-2,회수,회수,,144,2026-04-23,452,ch46,d_main_46_08,뒤,F2624,확실,확정,ch46,109,109
Q337,의문,Q337,제기,제기,,143,2026-04-23,450,ch45,d_main_45_09,동시,,추정,확정,ch45,107,107
Q338,의문,Q338,제기,제기,,143,2026-04-23,450,ch45,d_main_45_08,동시,,확실,확정,ch45,107,107
Q339,의문,Q339,제기,제기,,143,2026-04-23,450,ch45,d_main_45_04,동시,,확실,확정,ch45,107,107
Q340,의문,Q340,제기,제기,,143,2026-04-23,450,ch45,d_main_45_11,동시,,확실,확정,ch45,107,107
Q340,의문,Q340-2,일부 회수,회수,,144,2026-04-23,452,ch46,d_main_46_af_08,뒤,F2657,확실,확정,ch46,109,109
Q341,의문,Q341,제기,제기,,143,2026-04-23,451,relic:신에게닿기위한탑,relic:신에게닿기위한탑_03,동시,,확실,확정,~ @랩쳐_침공 전,,0
Q342,의문,Q342,제기,제기,,144,2026-04-23,452,ch46,d_main_46_05,동시,,확실,확정,ch46,109,109
Q343,의문,Q343,제기,제기,,144,2026-04-23,452,ch46,d_main_46_11,동시,,확실,확정,ch46,109,109
Q343,의문,Q343-2,일부 회수,회수,,154,2026-08-13,472,ch48,d_main_48_07,뒤,F2843,추정,확정,ch48,113,113
Q344,의문,Q344,제기,제기,,144,2026-04-23,452,ch46,d_main_46_af_01,동시,,확실,확정,ch46,109,109
Q344,의문,Q344-2,일부 회수,회수,,154,2026-08-13,472,ch48,d_main_48_05,뒤,F2836,확실,확정,ch48,113,113
Q345,의문,E255,암시,암시,Q345,54,2023-11-02,241,ch25,d_main_25_04,앞,,추정,확정,ch25,67,67
Q345,의문,Q345,제기,제기,,144,2026-04-23,452,ch46,d_main_46_af_05,동시,,추정,확정,ch46,109,109
Q346,의문,Q346,제기,제기,,144,2026-04-23,452,ch46,d_main_46_af_08,동시,,추정,확정,ch46,109,109
Q347,의문,E291,암시,암시,Q347,55,2023-11-02,248,event_redash,event_redash2_01_s,앞,,추정,확정,@갓데스_투입 ~ @갓데스_투입–@궤도_엘리베이터_강습 / @궤도_엘리베이터_강습–@아크_가디언_작전 ~ @아크_가디언_작전–@방주_밀봉 / @2차_지상_탈환전–ch00,3,16
Q347,의문,E298,암시,암시,Q347,55,2023-11-02,248,event_redash,event_redash2_05_s,앞,,추정,확정,@갓데스_투입 ~ @갓데스_투입–@궤도_엘리베이터_강습 / @궤도_엘리베이터_강습–@아크_가디언_작전 ~ @아크_가디언_작전–@방주_밀봉 / @2차_지상_탈환전–ch00,3,16
Q347,의문,Q347,제기,제기,,144,2026-04-23,453,relic:궤도엘리베이터음모론,relic:궤도엘리베이터음모론_02,동시,,추정,확정,@갓데스_투입–@궤도_엘리베이터_강습 ~ @아크_가디언_작전–@방주_밀봉,4,8
Q348,의문,Q348,제기,제기,,144,2026-04-23,454,event_staranis1,event_staranis1_06_s,동시,,확실,확정,ch46–ch47 ~ ch47,110,111
Q348,의문,Q348-2,회수,회수,,144,2026-04-23,454,event_staranis1,event_staranis2_03_s,동시,F2694,확실,확정,ch46–ch47 ~ ch47,110,111
Q349,의문,Q349,제기,제기,,144,2026-04-23,454,event_staranis1,event_staranis1_06_e,동시,,추정,확정,ch46–ch47 ~ ch47,110,111
Q349,의문,Q349-2,회수,회수,,144,2026-04-23,454,event_staranis1,event_staranis2_01_e,동시,F2690,확실,확정,ch46–ch47 ~ ch47,110,111
Q350,의문,Q350,제기,제기,,144,2026-04-23,454,event_staranis1,event_staranis1_06_s,동시,,추정,확정,ch46–ch47 ~ ch47,110,111
Q351,의문,Q351,제기,제기,,144,2026-04-23,454,event_staranis1,event_staranis2_05_s,동시,,추정,확정,ch46–ch47 ~ ch47,110,111
Q352,의문,Q352,제기,제기,,144,2026-04-23,454,event_staranis1,event_staranis2_05_e,동시,,추정,확정,ch46–ch47 ~ ch47,110,111
Q353,의문,Q353,제기,제기,,144,2026-04-23,454,event_staranis1,event_staranis2_intermission_01,동시,,확실,확정,ch46–ch47 ~ ch47,110,111
Q354,의문,Q354,제기,제기,,148,2026-06-11,462,fl:ark_ranger,fl:ark_ranger_26,동시,,확실,확정,~ ch21–ch22 / ch22 / ch42 / ch45 / ch46–ch47 ~ ch47,,111
Q354,의문,Q354-2,일부 회수,회수,,153,2026-08-13,470,ch47,d_main_47_05,뒤,F2814,추정,확정,ch47,111,111
Q355,의문,Q355,제기,제기,,148,2026-06-11,462,fl:ark_ranger,fl:ark_ranger_16,동시,,확실,확정,~ ch21–ch22 / ch22 / ch42 / ch45 / ch46–ch47 ~ ch47,,111
Q356,의문,Q356,제기,제기,,148,2026-06-11,462,fl:ark_ranger,fl:ark_ranger_26,동시,,추정,확정,~ ch21–ch22 / ch22 / ch42 / ch45 / ch46–ch47 ~ ch47,,111
Q357,의문,Q357,제기,제기,,149,2026-07-02,464,fl:wave_to_you,fl:wave_to_you_23,동시,,확실,확정,ch42–ch43 ~,102,
Q358,의문,Q358,제기,제기,,151,2026-07-23,467,fl:project_matis,fl:project_matis_02,동시,,확실,확정,ch46–ch47 ~,110,
Q359,의문,Q359,제기,제기,,151,2026-07-23,467,fl:project_matis,fl:project_matis_02,동시,,추정,확정,ch46–ch47 ~,110,
Q360,의문,Q360,제기,제기,,151,2026-07-23,467,fl:project_matis,fl:project_matis_27,동시,,확실,확정,ch46–ch47 ~,110,
Q361,의문,Q361,제기,제기,,151,2026-07-23,467,fl:project_matis,fl:project_matis_02,동시,,추정,확정,ch46–ch47 ~,110,
Q362,의문,Q362,제기,제기,,151,2026-07-23,467,fl:project_matis,fl:project_matis_08,동시,,추정,확정,ch46–ch47 ~,110,
Q363,의문,E1285,암시,암시,Q363,17,2022-11-04,144,char:222,ep:d_nikke_hongryeon_01,앞,,추정,확정,ch17–ch18 ~ ch40–ch41,52,98
Q363,의문,E304,암시,암시,Q363,55,2023-11-02,249,erelic:red_ash_lost,erelic:red_ash_lost_10,앞,,추정,확정,@랩쳐_침공–@갓데스_투입 ~ @갓데스_투입–@궤도_엘리베이터_강습 / @궤도_엘리베이터_강습–@아크_가디언_작전 ~ @아크_가디언_작전–@방주_밀봉,2,8
Q363,의문,Q363,제기,제기,,153,2026-08-13,470,ch47,d_main_47_04,동시,,확실,확정,ch47,111,111
Q363,의문,Q363-2,회수,회수,,153,2026-08-13,470,ch47,d_main_47_04,동시,F1239,추정,확정,ch47,111,111
Q364,의문,Q364,제기,제기,,153,2026-08-13,470,ch47,d_main_47_02,동시,,확실,확정,ch47,111,111
Q364,의문,Q364-2,일부 회수,회수,,154,2026-08-13,472,ch48,d_main_48_05,뒤,F2835,확실,확정,ch48,113,113
Q364,의문,Q364-3,일부 회수,회수,,154,2026-08-13,472,ch48,d_main_48_06_e,뒤,F2838,추정,확정,ch48,113,113
Q365,의문,Q365,제기,제기,,154,2026-08-13,472,ch48,d_main_48_05,동시,,확실,확정,ch48,113,113
Q366,의문,E2,암시,암시,Q366,1,2022-11-04,1,ch00,d_main_01_01_s,앞,,추정,확정,ch00,17,17
Q366,의문,E1243,암시,암시,Q366,154,2026-08-13,472,ch48,d_main_48_07,동시,,추정,확정,ch48,113,113
Q366,의문,Q366,제기,제기,,154,2026-08-13,472,ch48,d_main_48_05,동시,,확실,확정,ch48,113,113
Q367,의문,Q367,제기,제기,,154,2026-08-13,472,ch48,d_main_48_07,동시,,확실,확정,ch48,113,113
Q368,의문,Q368,제기,제기,,154,2026-08-13,472,ch48,d_main_48_07,동시,,확실,확정,ch48,113,113
Q369,의문,Q369,제기,제기,,154,2026-08-13,472,ch48,d_main_48_07,동시,,확실,확정,ch48,113,113
Q370,의문,E1098,암시,암시,Q370,144,2026-04-23,452,ch46,d_main_46_06,앞,,추정,확정,ch46,109,109
Q370,의문,Q370,제기,제기,,154,2026-08-13,473,relic:불길한_소리.wav,relic:불길한_소리.wav_03,동시,,확실,확정,ch45–ch46 ~ ch46–ch47,108,110
Q371,의문,E1560,암시,암시,Q371,154,2026-08-13,474,fl:persona_on_frontline,fl:persona_on_frontline_02,동시,,확실,확정,ch22–ch23 ~,62,
Q371,의문,Q371,제기,제기,,154,2026-08-13,474,fl:persona_on_frontline,fl:persona_on_frontline_09,동시,,확실,확정,ch22–ch23 ~,62,
Q372,의문,Q372,제기,제기,,154,2026-08-13,474,fl:persona_on_frontline,fl:persona_on_frontline_13,동시,,확실,확정,ch22–ch23 ~,62,
