target,name,order,unit,lines,polite,plain,other,polite_ratio,labels,address,flags
person:#000000,#000000,414,ch41,104,69,11,24,0.86,#000000 104,당신 7,
person:2B,2B,231,char:810,69,0,42,16,0.00,2B 69,지휘관 1,
person:6000-D,6000-D,231,char:810,1,0,0,0,,6000-D 1,,
person:9S,9S,231,char:810,18,14,3,6,0.82,9S 18,,
person:A2,A2,233,char:811,47,0,28,4,0.00,A2 47,,
person:B-0006,B-0006,231,char:810,1,0,0,0,,B-0006 1,,
person:C-1002,C-1002,231,char:810,1,0,0,0,,C-1002 1,,
person:D,D,29,sub:랩칠리언_06,7,0,2,2,0.00,D 7,,
person:D,D,80,ch14,7,0,4,1,0.00,D 7,,
person:D,D,108,char:130,3,0,2,0,0.00,D 3,,
person:D,D,178,char:311,4,0,2,2,0.00,D 4,,
person:D,D,189,event_ltk,258,49,155,53,0.24,D 258,여보 1,
person:D,D,190,char:40,261,0,173,78,0.00,D 261,지휘관 1,
person:D,D,282,event_killthelord,503,111,301,106,0.27,D 503,여보 7 · 보스 6 · 당신 1,
person:D,D,283,char:43,341,86,148,116,0.37,D 341,여보 21 · 지휘관 2 · 당신 2,
person:D,D,383,event_arcanearchive,16,1,7,5,0.13,D 16,여보 3,
person:D,D,385,event_lordforjustice,40,0,25,7,0.00,D 40,,
person:D,D,386,char:41,14,3,8,2,0.27,D 14,여보 1,
person:D,D,407,fl:reborn_evil,247,20,144,68,0.12,D 247,지휘관 6 · 여보 3,호칭 여보→지휘관
person:D,D,408,char:840,8,0,5,6,0.00,D 8,,
person:D.E.E.P.,D.E.E.P.,350,event_footstepwalkrun1,74,1,74,14,0.01,D.E.E.P. 74,,
person:D.E.E.P.,D.E.E.P.,414,ch41,21,2,10,27,0.17,D.E.E.P. 21,,
person:E.H.,E.H.,197,ch22,87,0,65,30,0.00,E.H. 87,,
person:E.H.,E.H.,221,ch24,38,0,25,21,0.00,E.H. 38,,
person:E.H.,E.H.,396,ch39,115,0,97,31,0.00,E.H. 115,지휘관 2,
person:E.H.,E.H.,398,ch40,97,1,103,27,0.01,E.H. 97,,
person:E.H.,E.H.,414,ch41,50,0,29,17,0.00,E.H. 50,,
person:E.H.,E.H.,416,ch42,63,0,73,12,0.00,E.H. 63,,
person:E.H.,E.H.,434,ch43,13,0,16,4,0.00,E.H. 13,,
person:E.H.,E.H.,436,ch44,62,0,61,15,0.00,E.H. 62,,
person:E.H.,E.H.,442,fl:enter_heaven,421,0,290,138,0.00,E.H. 421,지휘관 1,
person:E.H.,E.H.,443,char:113,167,0,127,43,0.00,E.H. 167,지휘관 1,
person:E.H.,E.H.,450,ch45,32,0,29,11,0.00,E.H. 32,,
person:ELYSION_Line._0,ELYSION Line. 0,454,event_staranis1,49,1,45,12,0.02,ELYSION Line. 0 49,,
person:IV,IV,190,char:40,20,8,3,8,0.73,IV 20,,
person:K,K,29,sub:랩칠리언_06,10,0,10,7,0.00,K 10,,
person:K,K,80,ch14,25,0,36,8,0.00,K 25,지휘관 5,
person:K,K,189,event_ltk,244,1,231,78,0.00,K 244,,
person:K,K,282,event_killthelord,122,1,106,30,0.01,K 122,보스 1,
person:K,K,383,event_arcanearchive,35,0,20,19,0.00,K 35,,
person:K,K,385,event_lordforjustice,269,0,177,105,0.00,K 269,,
person:K,K,386,char:41,190,0,129,50,0.00,K 190,,
person:K,K,407,fl:reborn_evil,87,0,69,25,0.00,K 87,지휘관 2,
person:K,K,408,char:840,5,0,4,2,0.00,K 5,,
person:MISSILIS_Line._0,MISSILIS Line. 0,454,event_staranis1,36,0,41,10,0.00,MISSILIS Line. 0 36,,
person:MMR지킴이,MMR지킴이,278,sub:MMR지킴이_00,78,0,64,16,0.00,MMR지킴이 78,,
person:N102,N102,145,char:120,289,158,73,146,0.68,N102 289,선생님 41 · 당신 1,
person:N102,N102,159,event_miraclesnow1,92,84,32,33,0.72,N102 92,선생님 4,
person:P-12,P-12,233,char:811,129,72,41,31,0.64,P-12 129,,
person:T.A.L.O.S.,T.A.L.O.S.,295,event_lastkingdom1,199,165,16,79,0.91,T.A.L.O.S. 199,,
person:T.A.L.O.S.,T.A.L.O.S.,297,char:361,18,13,0,11,1.00,T.A.L.O.S. 18,,
person:T.A.L.O.S.,T.A.L.O.S.,418,event_goddessfall1,39,34,5,16,0.87,T.A.L.O.S. 39,,
person:T.Rony,T.Rony,280,event_boomsday,30,0,26,9,0.00,T.Rony 30,,
person:VII,VII,385,event_lordforjustice,98,2,70,21,0.03,VII 96 · ???(코드) 2,,
person:X,X,385,event_lordforjustice,104,0,104,35,0.00,X 104,,
person:거울_공주,거울 공주,312,sub:거울_공주_00,70,0,47,23,0.00,거울 공주 70,,
person:거울_공주,거울 공주,315,sub:거울_공주_01,54,0,42,12,0.00,거울 공주 54,,
person:겐조,겐조,187,char:282,74,30,12,38,0.71,겐조 74,당신 1,
person:고스트,고스트,32,sub:고스트_00,36,17,0,19,1.00,고스트 36,,
person:곰,곰,474,fl:persona_on_frontline,157,0,15,197,0.00,곰 157,지휘관 5 · 선생님 1 · 주인님 1,
person:곰,곰,477,char:871,41,0,2,38,0.00,곰 41,지휘관 2,
person:관짝이,관짝이,311,sub:관짝이_00,59,0,43,14,0.00,관짝이 59,,
person:관짝이,관짝이,313,sub:관짝이_01,69,1,56,11,0.02,관짝이 69,,
person:관짝이,관짝이,314,sub:관짝이_02,71,1,61,7,0.02,관짝이 71,,
person:그레그레,그레그레,478,fl:great_villain_union,4,0,2,2,0.00,그레그레 4,,
person:그레이,그레이,260,event_lionheart,9,0,0,9,,그레이 9,,
person:그레이브,그레이브,273,ch28,24,0,18,3,0.00,???(코드) 24,,
person:그레이브,그레이브,291,ch29,48,0,27,6,0.00,???(코드) 48,,
person:그레이브,그레이브,293,ch30,147,2,95,43,0.02,그레이브 130 · ???(코드) 17,,이름표 그레이브
person:그레이브,그레이브,308,ch31,55,1,27,32,0.04,그레이브 55,,
person:그레이브,그레이브,310,ch32,263,4,204,93,0.02,그레이브 263,,
person:그레이브,그레이브,311,sub:관짝이_00,60,0,47,9,0.00,그레이브 60,,
person:그레이브,그레이브,313,sub:관짝이_01,107,4,94,12,0.04,그레이브 107,,
person:그레이브,그레이브,314,sub:관짝이_02,44,1,37,8,0.03,그레이브 44,,
person:그레이브,그레이브,334,ch33,76,0,56,21,0.00,그레이브 76,,
person:그레이브,그레이브,336,ch34,148,2,97,67,0.02,그레이브 148,,
person:그레이브,그레이브,343,char:511,58,1,46,24,0.02,그레이브 58,,
person:그레이브,그레이브,344,char:514,377,8,309,67,0.03,그레이브 377,,
person:그레이브,그레이브,358,ch35,114,6,91,28,0.06,그레이브 114,,
person:그레이브,그레이브,360,ch36,54,2,41,21,0.05,그레이브 54,,
person:그레이브,그레이브,377,event_unbreakablesphere1,10,1,8,3,0.11,그레이브 10,,
person:그레이브,그레이브,378,erelic:unbreakable_sphere_dialog,22,0,17,5,0.00,그레이브 22,,
person:그레이브,그레이브,414,ch41,4,1,2,3,0.33,그레이브 4,,
person:그레이브,그레이브,416,ch42,33,2,32,7,0.06,그레이브 33,,
person:그레이브,그레이브,464,fl:wave_to_you,121,2,96,16,0.02,그레이브 121,,
person:그레이브,그레이브,465,char:515,5,0,4,1,0.00,그레이브 5,,
person:그레이브,그레이브,466,char:322,1,0,1,0,0.00,그레이브 1,,
person:그레이브,그레이브,478,fl:great_villain_union,168,5,99,46,0.05,그레이브 168,,
person:그레텔,그레텔,338,event_oldtales1,12,0,3,8,0.00,그레텔 12,,
person:그레텔,그레텔,339,erelic:old_tales_dialog,2,0,2,0,0.00,그레텔 2,,
person:그레텔,그레텔,380,char:513,3,0,1,3,0.00,그레텔 3,,
person:길로틴,길로틴,73,ch12,13,0,12,8,0.00,길로틴 13,,
person:길로틴,길로틴,93,char:180,359,0,283,186,0.00,길로틴 359,마스터 4,
person:길로틴,길로틴,100,char:101,7,0,4,7,0.00,길로틴 7,,
person:길로틴,길로틴,217,ch23,51,0,38,20,0.00,길로틴 51,,
person:길로틴,길로틴,260,event_lionheart,58,0,46,24,0.00,길로틴 58,,
person:길로틴,길로틴,298,event_darkhero,12,0,11,3,0.00,길로틴 12,,
person:길로틴,길로틴,347,event_icedragonsaga1,902,2,628,393,0.00,길로틴 902,보스 2,
person:길로틴,길로틴,348,char:183,17,0,5,16,0.00,길로틴 17,,
person:길로틴,길로틴,349,char:182,169,0,126,72,0.00,길로틴 169,,
person:길로틴,길로틴,403,char:94,20,0,29,8,0.00,길로틴 20,,
person:길티,길티,172,char:400,350,0,330,203,0.00,길티 350,,
person:길티,길티,305,event_beautyfullshot1,132,0,92,64,0.00,길티 132,,
person:길티,길티,306,char:284,6,0,4,6,0.00,길티 6,,
person:길티,길티,480,char:404,169,0,105,203,0.00,길티 169,지휘관 1,
person:김작가,김작가,155,sub:김작가_00,38,0,29,12,0.00,김작가 38,지휘관 4,
person:꼼꼼이,꼼꼼이,393,fl:boom_the_ghost,13,0,0,14,,꼼꼼이 13,,
person:나가,나가,234,event_schooloflock,14,1,12,6,0.08,나가 14,선생님 8,
person:나가,나가,236,event_dazzlingcupid,389,2,287,167,0.01,나가 389,선생님 96,
person:나가,나가,237,char:450,216,3,174,90,0.02,나가 216,선생님 28,
person:나가,나가,238,char:451,71,0,57,18,0.00,나가 71,선생님 7,
person:나가,나가,289,event_onemoretime,8,0,7,1,0.00,나가 8,,
person:나가,나가,299,char:501,9,0,9,2,0.00,나가 9,선생님 1,
person:나가,나가,317,event_juveniledays,13,0,7,8,0.00,나가 13,선생님 1,
person:나가,나가,345,event_secretgarden,9,0,10,2,0.00,나가 9,선생님 4,
person:나가,나가,351,event_outofuniform,114,3,91,35,0.03,나가 114,선생님 9,
person:나가,나가,371,event_trueflavor,23,0,16,9,0.00,나가 23,선생님 1,
person:나가,나가,445,fl:2x2_love_2ch,8,0,7,1,0.00,나가 8,,
person:나가,나가,458,fl:b-side_idol,11,1,7,6,0.13,나가 11,선생님 2,
person:나가,나가,464,fl:wave_to_you,270,56,151,68,0.27,나가 270,선생님 41,
person:나가,나가,466,char:322,62,41,15,9,0.73,나가 62,선생님 18,
person:나가,나가,475,char:872,10,0,9,2,0.00,나가 10,,존댓말 73%→0%
person:나디아,나디아,332,event_lifeagain,366,242,73,71,0.77,나디아 366,선생님 9,
person:나루_1호,나루 1호,206,char:392,6,0,0,5,,나루 1호 6,,
person:나루_1호,나루 1호,234,event_schooloflock,1,0,0,1,,나루 1호 1,,
person:나루_1호,나루 1호,235,char:321,1,0,0,1,,나루 1호 1,,
person:나루_1호,나루 1호,317,event_juveniledays,2,0,0,2,,나루 1호 2,,
person:나루_1호,나루 1호,324,char:832,2,0,0,2,,나루 1호 2,,
person:나루_1호,나루 1호,371,event_trueflavor,1,0,0,1,,나루 1호 1,,
person:나루_1호,나루 1호,444,fl:2x2_love_1ch,1,0,0,1,,나루 1호 1,,
person:나루_1호,나루 1호,475,char:872,3,0,1,2,0.00,나루 1호 3,,
person:나루_2호,나루 2호,206,char:392,6,0,0,4,,나루 2호 6,,
person:나루_2호,나루 2호,235,char:321,1,0,0,1,,나루 2호 1,,
person:나루_2호,나루 2호,317,event_juveniledays,2,0,1,1,0.00,나루 2호 2,,
person:나루_2호,나루 2호,324,char:832,1,0,0,1,,나루 2호 1,,
person:나루_2호,나루 2호,371,event_trueflavor,2,0,0,2,,나루 2호 2,,
person:나루_2호,나루 2호,444,fl:2x2_love_1ch,1,0,0,1,,나루 2호 1,,
person:나루_2호,나루 2호,475,char:872,3,0,0,3,,나루 2호 3,,
person:나루_3호,나루 3호,206,char:392,9,5,3,4,0.63,나루 3호 9,,
person:나루_3호,나루 3호,235,char:321,1,0,0,1,,나루 3호 1,,
person:나루_3호,나루 3호,317,event_juveniledays,2,1,0,2,1.00,나루 3호 2,,
person:나루_3호,나루 3호,324,char:832,1,1,0,0,1.00,나루 3호 1,,
person:나루_3호,나루 3호,371,event_trueflavor,1,1,0,0,1.00,나루 3호 1,,
person:나루_3호,나루 3호,444,fl:2x2_love_1ch,1,1,0,0,1.00,나루 3호 1,,
person:나루_3호,나루 3호,475,char:872,3,3,0,0,1.00,나루 3호 3,,
person:나유타,나유타,396,ch39,174,14,80,153,0.15,나유타 165 · ???(코드) 9,,
person:나유타,나유타,398,ch40,158,10,73,113,0.12,나유타 158,,
person:나유타,나유타,411,side:eden_spear,241,11,88,166,0.11,나유타 241,,
person:나유타,나유타,418,event_goddessfall1,607,64,193,480,0.25,나유타 607,,
person:나유타,나유타,420,char:223,219,8,98,160,0.08,나유타 219,지휘관 1,
person:나유타,나유타,452,ch46,155,13,48,121,0.21,나유타 155,,
person:네로,네로,183,event_bowwowparadise,7,0,0,8,,네로 7,,
person:네로,네로,215,event_nyanyaparadise,415,6,50,368,0.11,네로 415,,
person:네로,네로,216,char:380,263,0,35,219,0.00,네로 263,,
person:네로,네로,238,char:451,10,0,1,11,0.00,네로 10,,
person:네로,네로,260,event_lionheart,91,0,11,91,0.00,네로 91,,
person:네로,네로,345,event_secretgarden,66,0,2,74,0.00,네로 66,,
person:네로,네로,425,fl:terminus_ticket,83,0,4,78,0.00,네로 83,,
person:네베,네베,160,char:193,154,111,48,68,0.70,네베 154,,
person:네베,네베,253,event_alonesurvivor,47,30,9,22,0.77,네베 47,,
person:네베,네베,254,char:192,19,12,5,3,0.71,네베 19,,
person:네베,네베,255,event_neverland1,18,11,7,5,0.61,네베 18,,
person:네베,네베,302,char:195,10,4,3,10,0.57,네베 10,지휘관 1,
person:네베,네베,400,fl:absolute,1,1,0,1,1.00,네베 1,,
person:네온,네온,2,ch01,10,8,3,4,0.73,네온 10,,
person:네온,네온,3,ch02,85,68,13,33,0.84,네온 85,지휘관 3,
person:네온,네온,4,sub:칠리페퍼_00,6,4,0,3,1.00,네온 6,,
person:네온,네온,5,sub:테트라_커넥트_00,8,7,0,3,1.00,네온 8,,
person:네온,네온,6,ch03,15,13,0,9,1.00,네온 15,,
person:네온,네온,7,sub:세르반_00,7,6,1,0,0.86,네온 7,,
person:네온,네온,8,ch04,66,45,14,22,0.76,네온 66,선배 1,
person:네온,네온,9,ch05,57,39,14,22,0.74,네온 57,,
person:네온,네온,10,sub:중앙_정부_공식__00,3,2,1,1,0.67,네온 3,,
person:네온,네온,11,ch06,18,14,1,9,0.93,네온 18,,
person:네온,네온,13,sub:콜렉터_00,1,2,0,0,1.00,네온 1,,
person:네온,네온,14,sub:콜렉터_01,7,5,1,2,0.83,네온 7,,
person:네온,네온,18,sub:트레저_헌터_00,7,5,0,4,1.00,네온 7,,
person:네온,네온,19,sub:트레저_헌터_01,6,5,2,0,0.71,네온 6,,
person:네온,네온,20,sub:트레저_헌터_02,7,3,1,1,0.75,네온 7,,
person:네온,네온,21,sub:트레저_헌터_03,9,2,1,6,0.67,네온 9,,
person:네온,네온,22,sub:이례의_기록자_00,9,7,2,2,0.78,네온 9,,
person:네온,네온,23,sub:랩칠리언_00,5,4,0,0,1.00,네온 5,,
person:네온,네온,24,sub:랩칠리언_01,6,5,1,0,0.83,네온 6,,
person:네온,네온,25,sub:랩칠리언_02,1,1,0,0,1.00,네온 1,,
person:네온,네온,27,sub:랩칠리언_04,4,4,0,1,1.00,네온 4,,
person:네온,네온,28,sub:랩칠리언_05,6,5,0,2,1.00,네온 6,,
person:네온,네온,29,sub:랩칠리언_06,9,5,3,1,0.63,네온 9,,
person:네온,네온,30,sub:할아범_00,4,2,2,0,0.50,네온 4,,
person:네온,네온,32,sub:고스트_00,4,4,0,0,1.00,네온 4,,
person:네온,네온,33,sub:시리얼_00,5,4,2,0,0.67,네온 5,,
person:네온,네온,34,sub:시리얼_01,3,2,0,1,1.00,네온 3,,
person:네온,네온,35,sub:산해진미_00,7,6,0,1,1.00,네온 7,,
person:네온,네온,36,sub:산해진미_01,13,8,7,1,0.53,네온 13,,
person:네온,네온,39,sub:세르반_01,2,2,0,0,1.00,네온 2,,
person:네온,네온,40,sub:저스틴_00,3,3,0,0,1.00,네온 3,,
person:네온,네온,42,ch07,31,20,5,13,0.80,네온 31,,
person:네온,네온,43,sub:중앙_정부_공식__01,5,3,0,2,1.00,네온 5,,
person:네온,네온,44,sub:세르반_02,4,3,1,1,0.75,네온 4,,
person:네온,네온,45,sub:스페이드_00,7,6,1,3,0.86,네온 7,,
person:네온,네온,46,sub:러블리_드림_00,5,3,1,0,0.75,네온 5,,
person:네온,네온,47,sub:러블리_드림_01,4,5,0,0,1.00,네온 4,,
person:네온,네온,49,d_ex_elevator_01,24,17,7,8,0.71,네온 24,,
person:네온,네온,50,ch08,50,39,6,16,0.87,네온 50,,
person:네온,네온,51,sub:칠리페퍼_01,3,3,0,0,1.00,네온 3,,
person:네온,네온,52,sub:든_셀_00,6,5,1,1,0.83,네온 6,,
person:네온,네온,55,ch09,43,24,7,19,0.77,네온 43,,
person:네온,네온,56,sub:테디_00,6,5,0,1,1.00,네온 6,지휘관 1,
person:네온,네온,57,sub:미실리스_연구팀_00,16,11,2,6,0.85,네온 16,,
person:네온,네온,58,sub:미실리스_연구팀_01,22,18,5,5,0.78,네온 22,,
person:네온,네온,59,sub:미실리스_연구팀_02,7,6,2,0,0.75,네온 7,,
person:네온,네온,60,sub:미실리스_연구팀_03,5,4,0,1,1.00,네온 5,,
person:네온,네온,62,ch10,21,16,3,10,0.84,네온 21,,
person:네온,네온,63,sub:코리_00,3,3,0,0,1.00,네온 3,,
person:네온,네온,64,sub:롬_00,5,4,1,0,0.80,네온 5,,
person:네온,네온,65,sub:롬_01,16,16,2,2,0.89,네온 16,,
person:네온,네온,66,sub:롬_02,13,14,1,1,0.93,네온 13,,
person:네온,네온,68,ch11,4,1,1,1,0.50,네온 4,,
person:네온,네온,69,sub:음악_애호가_00,9,6,0,3,1.00,네온 9,,
person:네온,네온,70,sub:음악_애호가_01,6,4,0,2,1.00,네온 6,,
person:네온,네온,73,ch12,35,22,7,17,0.76,네온 35,,
person:네온,네온,74,sub:숲속요정_00,6,7,1,0,0.88,네온 6,,
person:네온,네온,76,ch13,58,43,9,26,0.83,네온 58,,
person:네온,네온,77,sub:세르반_03,2,1,0,1,1.00,네온 2,,
person:네온,네온,78,sub:철도로GO_00,4,4,1,0,0.80,네온 4,,
person:네온,네온,80,ch14,60,41,7,24,0.85,네온 60,,
person:네온,네온,81,sub:칠리페퍼_02,10,9,5,0,0.64,네온 10,,
person:네온,네온,82,sub:알콜러버_00,6,6,0,0,1.00,네온 6,,
person:네온,네온,85,ch15,67,48,12,24,0.80,네온 67,,
person:네온,네온,87,ch16,41,30,8,16,0.79,네온 41,,
person:네온,네온,88,sub:방주_난민_00,1,0,0,0,,네온 1,,
person:네온,네온,89,sub:방주_난민_01,2,1,0,0,1.00,네온 2,,
person:네온,네온,90,sub:방주_난민_02,3,4,0,0,1.00,네온 3,,
person:네온,네온,91,sub:방주_난민_03,5,2,1,1,0.67,네온 5,,
person:네온,네온,94,char:11,277,204,42,109,0.83,네온 277,,
person:네온,네온,95,char:212,41,24,4,16,0.86,네온 41,,
person:네온,네온,97,char:430,11,7,2,1,0.78,네온 11,,
person:네온,네온,100,char:101,7,5,3,2,0.63,네온 7,,
person:네온,네온,101,char:72,3,3,0,0,1.00,네온 3,,
person:네온,네온,102,char:221,5,3,1,6,0.75,네온 5,,
person:네온,네온,103,char:10,4,3,1,2,0.75,네온 4,,
person:네온,네온,106,char:82,39,24,5,14,0.83,네온 39,,
person:네온,네온,109,char:181,1,2,0,0,1.00,네온 1,,
person:네온,네온,112,char:161,25,15,5,6,0.75,네온 25,,
person:네온,네온,114,char:91,36,23,15,19,0.61,네온 36,선생님 2 · 당신 1,
person:네온,네온,115,char:60,11,7,4,2,0.64,네온 11,,
person:네온,네온,116,char:431,13,14,3,5,0.82,네온 13,,
person:네온,네온,118,char:80,4,3,0,1,1.00,네온 4,,
person:네온,네온,120,char:140,8,5,3,4,0.63,네온 8,,
person:네온,네온,121,char:220,6,4,0,2,1.00,네온 6,,
person:네온,네온,122,char:22,18,13,1,10,0.93,네온 18,,
person:네온,네온,123,char:12,12,13,1,2,0.93,네온 12,,
person:네온,네온,124,char:432,19,16,4,2,0.80,네온 19,,
person:네온,네온,125,char:172,1,1,1,0,0.50,네온 1,,
person:네온,네온,127,char:201,35,27,5,8,0.84,네온 35,,
person:네온,네온,131,char:90,15,11,4,6,0.73,네온 15,,
person:네온,네온,132,char:160,59,36,10,33,0.78,네온 59,,
person:네온,네온,133,char:150,30,26,6,7,0.81,네온 30,,
person:네온,네온,134,char:171,5,4,0,5,1.00,네온 5,,
person:네온,네온,136,char:231,4,2,3,0,0.40,네온 4,,
person:네온,네온,138,char:131,2,2,0,1,1.00,네온 2,,
person:네온,네온,141,char:170,15,14,3,5,0.82,네온 15,,
person:네온,네온,144,char:222,17,13,3,6,0.81,네온 17,,
person:네온,네온,145,char:120,8,7,1,1,0.88,네온 8,,
person:네온,네온,146,event_nocallerid,65,55,14,20,0.80,네온 65,,
person:네온,네온,147,char:352,6,4,1,4,0.80,네온 5 · 네온의 목소리 1,,이름표 네온의 목소리
person:네온,네온,148,ch17,66,46,27,27,0.63,네온 66,,
person:네온,네온,149,sub:제니퍼f_00,4,3,0,1,1.00,네온 4,,
person:네온,네온,152,ch18,40,26,14,12,0.65,네온 40,,
person:네온,네온,153,sub:테트라_커넥트_01,4,2,2,2,0.50,네온 4,,
person:네온,네온,154,sub:중앙_정부_공식__02,16,13,2,5,0.87,네온 16,,
person:네온,네온,155,sub:김작가_00,6,5,0,0,1.00,네온 6,,
person:네온,네온,158,char:100,31,34,5,8,0.87,네온 31,,
person:네온,네온,161,char:203,5,4,0,1,1.00,네온 5,,
person:네온,네온,162,char:121,33,28,5,13,0.85,네온 33,,
person:네온,네온,164,char:260,79,62,11,28,0.85,네온 79,선생님 1,
person:네온,네온,165,ch19,34,23,5,19,0.82,네온 34,,
person:네온,네온,166,sub:데이파라_00,14,13,2,1,0.87,네온 14,,
person:네온,네온,168,ch20,37,33,3,15,0.92,네온 37,,
person:네온,네온,169,sub:로망티스트_00,7,5,0,4,1.00,네온 7,,
person:네온,네온,172,char:400,5,5,1,2,0.83,네온 5,,
person:네온,네온,173,char:401,4,2,0,0,1.00,네온 4,,
person:네온,네온,174,char:111,34,23,5,2,0.82,네온 34,,
person:네온,네온,178,char:311,13,9,1,6,0.90,네온 13,,
person:네온,네온,181,char:801,3,3,0,2,1.00,네온 3,,
person:네온,네온,186,char:261,30,19,3,9,0.86,네온 30,,
person:네온,네온,188,event_fullfoolday,23,17,2,10,0.89,네온 23,,
person:네온,네온,191,ch21,128,107,26,50,0.80,네온 128,선배님 1,
person:네온,네온,194,sub:에덴_Notice_02,1,1,0,0,1.00,네온 1,,
person:네온,네온,197,ch22,22,18,6,10,0.75,네온 22,,
person:네온,네온,198,sub:문구점_00,5,3,1,1,0.75,네온 5,,
person:네온,네온,199,sub:중앙정부_트라이앵글_00,5,3,3,0,0.50,네온 5,,
person:네온,네온,200,sub:2호_쉘터_관리계정_00,3,2,1,0,0.67,네온 3,,
person:네온,네온,201,sub:할아범_01,8,5,1,2,0.83,네온 8,,
person:네온,네온,212,event_bluewaterisland,445,269,80,184,0.77,네온 445,당신 4 · 마스터 2,
person:네온,네온,213,char:132,51,45,12,31,0.79,네온 51,,
person:네온,네온,214,char:14,265,156,37,119,0.81,네온 265,당신 1,
person:네온,네온,217,ch23,49,41,4,20,0.91,네온 49,,
person:네온,네온,218,sub:상인연합_달란트_00,2,1,0,1,1.00,네온 2,,
person:네온,네온,221,ch24,33,20,8,9,0.71,네온 33,,
person:네온,네온,222,sub:해결사_카페_스위티_00,10,8,1,1,0.89,네온 10,,
person:네온,네온,226,event_seayouagain1,166,115,26,37,0.82,네온 166,마스터 1,
person:네온,네온,230,event_firstaffection,27,22,1,9,0.96,네온 27,,
person:네온,네온,231,char:810,6,4,0,2,1.00,네온 6,,
person:네온,네온,234,event_schooloflock,19,12,3,7,0.80,네온 19,,
person:네온,네온,239,event_freezeacpu,106,73,10,27,0.88,네온 106,,
person:네온,네온,241,ch25,168,145,22,59,0.87,네온 168,,
person:네온,네온,242,sub:중앙정부_프로토콜_00,3,3,1,1,0.75,네온 3,,
person:네온,네온,244,ch26,89,66,8,34,0.89,네온 89,,
person:네온,네온,245,sub:로망티스트_01,8,5,2,4,0.71,네온 8,,
person:네온,네온,246,sub:코인_러시_00,8,7,1,5,0.88,네온 8,,
person:네온,네온,251,char:470,43,33,14,7,0.70,네온 43,,
person:네온,네온,258,event_newyearnewsword,3,1,0,2,1.00,네온 3,,
person:네온,네온,267,ch27,77,73,6,23,0.92,네온 77,,
person:네온,네온,273,ch28,104,88,15,52,0.85,네온 104,,
person:네온,네온,274,sub:택틱컬틱택_00,9,9,0,1,1.00,네온 9,,
person:네온,네온,275,sub:택틱컬틱택_01,1,0,0,1,,네온 1,,
person:네온,네온,276,sub:핸섬_커맨더_00,11,4,2,5,0.67,네온 11,,
person:네온,네온,277,sub:핸섬_커맨더_01,3,3,0,1,1.00,네온 3,,
person:네온,네온,278,sub:MMR지킴이_00,14,6,1,7,0.86,네온 14,,
person:네온,네온,283,char:43,6,5,1,6,0.83,네온 6,,
person:네온,네온,287,event_liarsend,13,10,1,5,0.91,네온 13,,
person:네온,네온,291,ch29,88,65,18,38,0.78,네온 88,,
person:네온,네온,293,ch30,37,30,2,13,0.94,네온 37,,
person:네온,네온,296,char:330,25,21,2,6,0.91,네온 25,,
person:네온,네온,297,char:361,61,47,9,23,0.84,네온 61,,
person:네온,네온,304,char:551,25,19,6,17,0.76,네온 25,,
person:네온,네온,305,event_beautyfullshot1,77,77,15,36,0.84,네온 77,마스터 2,
person:네온,네온,306,char:284,2,0,1,1,0.00,네온 2,,
person:네온,네온,307,char:283,4,4,0,0,1.00,네온 4,,
person:네온,네온,308,ch31,66,53,11,27,0.83,네온 66,,
person:네온,네온,310,ch32,41,37,4,9,0.90,네온 41,,
person:네온,네온,311,sub:관짝이_00,16,15,3,4,0.83,네온 16,,
person:네온,네온,312,sub:거울_공주_00,15,12,4,2,0.75,네온 15,,
person:네온,네온,313,sub:관짝이_01,11,12,1,2,0.92,네온 11,,
person:네온,네온,314,sub:관짝이_02,13,12,2,1,0.86,네온 13,,
person:네온,네온,315,sub:거울_공주_01,9,8,1,3,0.89,네온 9,,
person:네온,네온,329,char:403,17,11,3,6,0.79,네온 17,,
person:네온,네온,333,char:240,17,13,1,10,0.93,네온 17,,
person:네온,네온,334,ch33,64,47,9,34,0.84,네온 64,마스터 1,
person:네온,네온,336,ch34,92,71,10,33,0.88,네온 92,마스터 2 · 지휘관 1,
person:네온,네온,343,char:511,24,24,2,4,0.92,네온 24,,
person:네온,네온,350,event_footstepwalkrun1,21,17,3,6,0.85,네온 21,,
person:네온,네온,351,event_outofuniform,1,0,1,0,0.00,네온 1,,
person:네온,네온,352,char:16,19,15,2,8,0.88,네온 19,선배 1,
person:네온,네온,353,event_wisdomspring,16,10,3,6,0.77,네온 16,,
person:네온,네온,358,ch35,70,49,11,31,0.82,네온 70,지휘관 1,
person:네온,네온,360,ch36,70,57,19,24,0.75,네온 70,,
person:네온,네온,367,event_newflavor,6,5,0,3,1.00,네온 6,,
person:네온,네온,369,event_foolburstday,6,4,2,1,0.67,네온 6,,
person:네온,네온,373,ch37,44,35,5,20,0.88,네온 44,,
person:네온,네온,375,ch38,91,78,14,31,0.85,네온 91,,
person:네온,네온,381,char:590,32,27,4,9,0.87,네온 32,마스터 1,
person:네온,네온,387,event_ce006,129,114,22,47,0.84,네온 129,,
person:네온,네온,389,char:850,19,19,2,1,0.90,네온 19,,
person:네온,네온,391,event_overthehorizon,26,18,5,6,0.78,네온 26,선생님 1,
person:네온,네온,396,ch39,128,113,15,36,0.88,네온 128,,
person:네온,네온,398,ch40,122,114,30,34,0.79,네온 122,,
person:네온,네온,408,char:840,4,3,1,1,0.75,네온 4,,
person:네온,네온,414,ch41,71,52,22,22,0.70,네온 71,지휘관 1,
person:네온,네온,421,char:331,23,18,3,9,0.86,네온 23,,
person:네온,네온,434,ch43,48,29,4,16,0.88,네온 48,,
person:네온,네온,436,ch44,53,40,7,22,0.85,네온 53,,
person:네온,네온,450,ch45,93,56,16,51,0.78,네온 93,당신 3,
person:네온,네온,452,ch46,24,20,4,11,0.83,네온 24,,
person:네온,네온,454,event_staranis1,34,28,3,15,0.90,네온 34,,
person:네온,네온,456,char:441,19,17,2,3,0.89,네온 19,,
person:네온,네온,457,char:18,286,204,49,64,0.81,네온 286,아저씨 1,
person:네온,네온,462,fl:ark_ranger,50,37,5,29,0.88,네온 50,,
person:네온,네온,470,ch47,52,53,7,18,0.88,네온 52,,
person:네온,네온,472,ch48,10,8,1,3,0.89,네온 10,,
person:네온,네온,474,fl:persona_on_frontline,18,14,1,2,0.93,네온 18,,
person:네온,네온,480,char:404,6,4,3,6,0.57,네온 6,,
person:노라,노라,423,fl:blank_ticket,291,11,203,88,0.05,노라 291,지휘관 3,
person:노라,노라,425,fl:terminus_ticket,818,1,537,242,0.00,노라 668 · 어린 노라 150,지휘관 5,이름표 어린 노라
person:노란_올빼미,노란 올빼미,135,char:92,16,4,3,13,0.57,노란 올빼미 16,,
person:노벨,노벨,55,ch09,56,49,8,21,0.86,노벨 56,,
person:노벨,노벨,95,char:212,247,144,32,117,0.82,노벨 247,당신 10,
person:노벨,노벨,98,char:20,3,3,0,3,1.00,노벨 3,,
person:노벨,노벨,112,char:161,18,14,4,7,0.78,노벨 18,,
person:노벨,노벨,130,char:210,13,10,3,4,0.77,노벨 13,,
person:노벨,노벨,239,event_freezeacpu,82,48,11,31,0.81,노벨 82,당신 1,
person:노벨,노벨,242,sub:중앙정부_프로토콜_00,4,4,0,0,1.00,노벨 4,,
person:노벨,노벨,300,event_goldencoinrush1,69,43,16,23,0.73,노벨 69,,
person:노벨,노벨,320,char:390,1,1,0,1,1.00,노벨 1,,
person:노벨,노벨,328,event_phantomthiefvsdetective,186,124,41,66,0.75,노벨 186,당신 1,
person:노벨,노벨,347,event_icedragonsaga1,14,9,0,7,1.00,노벨 14,,
person:노아,노아,96,char:232,333,10,263,181,0.04,노아 330 · 어린 노아 3,지휘관 5,
person:노아,노아,165,ch19,7,1,4,5,0.20,노아 7,,
person:노아,노아,168,ch20,22,1,18,15,0.05,노아 22,,
person:노아,노아,191,ch21,72,5,51,30,0.09,노아 72,지휘관 1,
person:노아,노아,192,sub:에덴_Notice_00,4,0,1,3,0.00,노아 4,,
person:노아,노아,193,sub:에덴_Notice_01,2,0,1,1,0.00,노아 2,,
person:노아,노아,194,sub:에덴_Notice_02,14,0,9,5,0.00,노아 14,,
person:노아,노아,205,char:233,44,0,47,10,0.00,노아 44,,
person:노아,노아,411,side:eden_spear,64,0,54,42,0.00,노아 64,,
person:노아,노아,418,event_goddessfall1,67,1,59,32,0.02,노아 67,지휘관 1,
person:노아,노아,419,erelic:goddess_fall_mini,157,0,122,65,0.00,노아 157,지휘관 4,
person:노이즈,노이즈,97,char:430,340,37,273,121,0.12,노이즈 340,,
person:노이즈,노이즈,185,event_cherryblossom,30,0,25,12,0.00,노이즈 30,,
person:노이즈,노이즈,258,event_newyearnewsword,16,0,14,5,0.00,노이즈 16,,
person:노이즈,노이즈,300,event_goldencoinrush1,29,0,30,7,0.00,노이즈 29,,
person:노이즈,노이즈,365,fl:for_rest,12,8,1,4,0.89,노이즈 12,,존댓말 0%→89%
person:노이즈,노이즈,396,ch39,39,0,28,12,0.00,노이즈 39,,존댓말 89%→0%
person:노이즈,노이즈,398,ch40,2,0,2,0,0.00,노이즈 2,,
person:누아르,누아르,197,ch22,18,6,12,10,0.33,누아르 18,,
person:누아르,누아르,207,event_BunnyX777,119,68,25,27,0.73,누아르 119,당신 3,
person:누아르,누아르,209,char:271,360,206,79,95,0.72,누아르 360,선생님 2,
person:누아르,누아르,236,event_dazzlingcupid,10,7,2,2,0.78,누아르 10,선생님 1,
person:누아르,누아르,246,sub:코인_러시_00,29,14,4,10,0.78,누아르 29,,
person:누아르,누아르,255,event_neverland1,53,37,17,22,0.69,누아르 53,,
person:누아르,누아르,287,event_liarsend,5,2,0,4,1.00,누아르 5,,
person:누아르,누아르,289,event_onemoretime,14,5,4,8,0.56,누아르 14,,
person:누아르,누아르,300,event_goldencoinrush1,16,8,4,5,0.67,누아르 16,,
person:누아르,누아르,325,event_jinxplayer,86,26,41,37,0.39,누아르 86,,
person:누아르,누아르,327,char:272,12,5,4,3,0.56,누아르 12,,
person:니힐리스타,니힐리스타,168,ch20,115,0,92,60,0.00,니힐리스타 115,,
person:니힐리스타,니힐리스타,186,char:261,362,0,246,148,0.00,니힐리스타 362,지휘관 1,
person:니힐리스타,니힐리스타,197,ch22,32,0,26,10,0.00,니힐리스타 32,지휘관 1,
person:니힐리스타,니힐리스타,221,ch24,53,3,57,26,0.05,니힐리스타 53,,
person:니힐리스타,니힐리스타,241,ch25,27,1,16,20,0.06,니힐리스타 27,,
person:니힐리스타,니힐리스타,411,side:eden_spear,145,0,129,49,0.00,니힐리스타 145,,
person:니힐리스타,니힐리스타,418,event_goddessfall1,230,1,215,82,0.00,니힐리스타 230,,
person:데이파라,데이파라,166,sub:데이파라_00,56,32,8,16,0.80,데이파라 56,,
person:데이파라,데이파라,407,fl:reborn_evil,136,72,39,29,0.65,데이파라 136,지휘관 1,
person:델타,델타,98,char:20,269,187,49,114,0.79,델타 269,지휘관 26 · 당신 1,
person:델타,델타,111,char:61,9,4,3,3,0.57,델타 9,,
person:델타,델타,119,char:71,7,7,2,3,0.78,델타 7,,
person:델타,델타,122,char:22,24,13,2,4,0.87,델타 24,지휘관 2,
person:델타,델타,255,event_neverland1,21,21,1,2,0.95,델타 21,,
person:델타,델타,287,event_liarsend,28,20,1,8,0.95,델타 28,지휘관 3,
person:델타,델타,383,event_arcanearchive,16,5,1,7,0.83,델타 16,,
person:델타,델타,400,fl:absolute,32,18,7,9,0.72,델타 32,,
person:델타,델타,412,fl:go_ninja_thief,284,213,9,46,0.96,델타 284,지휘관 5 · 선배님 1 · 당신 1,
person:델타,델타,413,char:23,172,103,22,37,0.82,델타 172,지휘관 15 · 당신 8,
person:도라,도라,85,ch15,64,0,50,24,0.00,도라 64,,
person:도라,도라,99,char:202,260,7,249,112,0.03,도라 260,지휘관 25 · 당신 1,
person:도라,도라,105,char:200,21,0,16,7,0.00,도라 21,지휘관 2 · 오빠 1,
person:도라,도라,113,char:141,27,1,21,13,0.05,도라 27,,
person:도라,도라,120,char:140,10,0,10,3,0.00,도라 10,,
person:도라,도라,188,event_fullfoolday,17,0,16,4,0.00,도라 17,,
person:도라,도라,197,ch22,33,0,32,11,0.00,도라 33,,
person:도라,도라,218,sub:상인연합_달란트_00,18,0,13,5,0.00,도라 18,,
person:도라,도라,263,char:281,1,0,2,0,0.00,도라 1,,
person:도라,도라,300,event_goldencoinrush1,20,0,17,6,0.00,도라 20,,
person:도로시,도로시,165,ch19,120,86,11,49,0.89,도로시 120,지휘관 1,
person:도로시,도로시,168,ch20,104,72,13,38,0.85,도로시 104,지휘관 11 · 당신 8,
person:도로시,도로시,191,ch21,21,12,2,8,0.86,도로시 21,당신 1,
person:도로시,도로시,193,sub:에덴_Notice_01,1,1,0,0,1.00,도로시 1,,
person:도로시,도로시,197,ch22,4,3,1,3,0.75,도로시 4,,
person:도로시,도로시,203,event_overzone,950,712,132,368,0.84,도로시 950,당신 10 · 지휘관 1,
person:도로시,도로시,205,char:233,285,145,56,76,0.72,도로시 285,당신 17,
person:도로시,도로시,217,ch23,56,51,10,15,0.84,도로시 56,,
person:도로시,도로시,221,ch24,95,65,21,33,0.76,도로시 95,당신 3,
person:도로시,도로시,241,ch25,247,177,33,72,0.84,도로시 247,당신 19 · 지휘관 1,
person:도로시,도로시,244,ch26,235,153,31,90,0.83,도로시 235,당신 21,
person:도로시,도로시,248,event_redash,210,162,14,66,0.92,도로시 210,지휘관 4 · 당신 3,
person:도로시,도로시,249,erelic:red_ash_lost,153,93,22,33,0.81,도로시 153,당신 2,
person:도로시,도로시,250,erelic:red_ash_mini,25,20,2,10,0.91,도로시 25,,
person:도로시,도로시,259,char:225,67,60,6,15,0.91,도로시 67,당신 4,
person:도로시,도로시,326,event_nonsensered,38,32,6,7,0.84,도로시 38,당신 1,
person:도로시,도로시,338,event_oldtales1,8,8,2,3,0.80,도로시 8,당신 1,
person:도로시,도로시,342,char:226,25,20,2,2,0.91,도로시 25,,
person:도로시,도로시,373,ch37,111,79,12,29,0.87,도로시 111,당신 9,
person:도로시,도로시,393,fl:boom_the_ghost,356,228,35,88,0.87,도로시 356,당신 35,
person:도로시,도로시,394,char:234,208,128,24,50,0.84,도로시 208,당신 27,
person:도로시,도로시,395,char:502,43,39,3,7,0.93,도로시 43,당신 2,
person:도로시,도로시,411,side:eden_spear,57,38,4,14,0.90,도로시 57,당신 8,
person:도로시,도로시,418,event_goddessfall1,59,28,6,20,0.82,도로시 59,당신 5,
person:도로시,도로시,419,erelic:goddess_fall_mini,175,81,32,49,0.72,도로시 175,당신 6,
person:도로시,도로시,428,fl:ark_guardian,289,207,16,76,0.93,도로시 289,지휘관 8 · 당신 5,
person:도로시,도로시,429,char:471,6,3,1,3,0.75,도로시 6,지휘관 1,
person:도로시,도로시,436,ch44,35,21,1,7,0.95,도로시 35,당신 3,
person:도로시,도로시,450,ch45,87,65,7,22,0.90,도로시 87,당신 5,
person:도로시,도로시,452,ch46,210,108,39,79,0.73,도로시 210,당신 16 · 지휘관 6,
person:도로시,도로시,470,ch47,47,35,6,6,0.85,도로시 47,지휘관 1,
person:도로시,도로시,472,ch48,37,17,3,22,0.85,도로시 37,지휘관 3,
person:도반,도반,197,ch22,34,0,36,15,0.00,도반 34,,
person:도반,도반,217,ch23,14,0,10,9,0.00,도반 14,,
person:도반,도반,221,ch24,32,0,26,17,0.00,도반 32,,
person:도반,도반,241,ch25,43,0,40,10,0.00,도반 43,지휘관 1,
person:도반,도반,393,fl:boom_the_ghost,29,0,22,12,0.00,도반 29,,
person:도반,도반,436,ch44,35,0,30,19,0.00,도반 35,,
person:도반,도반,452,ch46,79,0,69,46,0.00,도반 79,,
person:드레이크,드레이크,68,ch11,27,0,26,14,0.00,드레이크 27,,
person:드레이크,드레이크,73,ch12,9,0,12,0,0.00,드레이크 9,,
person:드레이크,드레이크,85,ch15,2,0,1,2,0.00,드레이크 2,,
person:드레이크,드레이크,87,ch16,3,0,2,2,0.00,드레이크 3,,
person:드레이크,드레이크,94,char:11,32,0,29,19,0.00,드레이크 32,,
person:드레이크,드레이크,100,char:101,295,5,290,111,0.02,드레이크 295,,
person:드레이크,드레이크,148,ch17,5,0,4,2,0.00,드레이크 5,,
person:드레이크,드레이크,152,ch18,64,0,52,26,0.00,드레이크 64,,
person:드레이크,드레이크,157,event_hightechtoy,39,0,46,10,0.00,드레이크 39,,
person:드레이크,드레이크,181,char:801,170,1,155,75,0.01,드레이크 170,,
person:드레이크,드레이크,188,event_fullfoolday,32,0,23,16,0.00,드레이크 32,,
person:드레이크,드레이크,239,event_freezeacpu,110,2,95,12,0.02,드레이크 110,,
person:드레이크,드레이크,264,event_perfectmaid,62,1,61,23,0.02,드레이크 62,,
person:드레이크,드레이크,329,char:403,51,0,50,23,0.00,드레이크 51,,
person:드레이크,드레이크,347,event_icedragonsaga1,65,0,53,23,0.00,드레이크 65,,
person:드레이크,드레이크,358,ch35,81,0,83,48,0.00,드레이크 81,,
person:드레이크,드레이크,360,ch36,29,1,35,12,0.03,드레이크 29,,
person:드레이크,드레이크,369,event_foolburstday,4,0,4,2,0.00,드레이크 4,,
person:드레이크,드레이크,373,ch37,62,0,64,27,0.00,드레이크 62,,
person:드레이크,드레이크,375,ch38,47,1,42,27,0.02,드레이크 47,,
person:드레이크,드레이크,396,ch39,43,1,34,20,0.03,드레이크 43,,
person:드레이크,드레이크,398,ch40,13,0,12,7,0.00,드레이크 13,,
person:드레이크,드레이크,414,ch41,38,0,26,24,0.00,드레이크 38,,
person:드레이크,드레이크,416,ch42,18,0,17,10,0.00,드레이크 18,,
person:드레이크,드레이크,432,fl:fatal_maid,4,0,4,3,0.00,드레이크 4,,
person:드레이크,드레이크,462,fl:ark_ranger,37,0,42,14,0.00,드레이크 37,,
person:드레이크,드레이크,469,char:105,12,0,6,5,0.00,드레이크 12,,
person:드레이크,드레이크,478,fl:great_villain_union,554,20,346,206,0.05,드레이크 554,지휘관 1,
person:드레이크,드레이크,479,char:104,216,2,165,68,0.01,드레이크 216,,
person:드릴리,드릴리,291,ch29,170,0,141,49,0.00,드릴리 170,선배 1,
person:드릴리,드릴리,293,ch30,116,0,85,35,0.00,드릴리 116,선배 1,
person:든?셀,든?셀,52,sub:든_셀_00,7,0,0,6,,든?셀 7,,
person:디젤,디젤,76,ch13,23,23,6,12,0.79,디젤 23,,
person:디젤,디젤,101,char:72,274,173,103,89,0.63,디젤 274,지휘관 30 · 오빠 1,
person:디젤,디젤,117,char:70,51,45,19,25,0.70,디젤 51,지휘관 8,
person:디젤,디젤,217,ch23,20,19,1,4,0.95,디젤 20,지휘관 2,
person:디젤,디젤,221,ch24,62,32,4,34,0.89,디젤 62,당신 5 · 지휘관 1,
person:디젤,디젤,281,char:500,6,5,2,1,0.71,디젤 6,지휘관 1,
person:디젤,디젤,285,char:821,76,47,12,33,0.80,디젤 76,,
person:디젤,디젤,286,char:820,9,7,3,1,0.70,디젤 9,,
person:디젤,디젤,289,event_onemoretime,8,6,1,5,0.86,디젤 8,,
person:디젤,디젤,351,event_outofuniform,28,23,3,8,0.88,디젤 28,,
person:디젤,디젤,354,char:290,8,6,2,1,0.75,디젤 8,지휘관 2,
person:디젤,디젤,423,fl:blank_ticket,58,36,7,17,0.84,디젤 58,지휘관 1,
person:디젤,디젤,425,fl:terminus_ticket,292,186,43,92,0.81,디젤 292,지휘관 10,
person:디젤,디젤,426,char:75,223,120,39,72,0.75,디젤 223,지휘관 36 · 마스터 1 · 당신 1,
person:디젤,디젤,427,char:73,5,4,0,4,1.00,디젤 5,지휘관 1,
person:뚝딱이,뚝딱이,393,fl:boom_the_ghost,31,1,3,37,0.25,뚝딱이 31,,
person:라라,라라,467,fl:project_matis,6,6,0,1,1.00,라라 6,,
person:라이,라이,206,char:392,284,1,209,201,0.00,라이 284,선생님 31 · 선배 9 · 지휘관 1,
person:라이,라이,234,event_schooloflock,96,0,91,48,0.00,라이 96,선생님 15,
person:라이,라이,235,char:321,94,0,50,44,0.00,라이 94,선생님 11,
person:라이,라이,317,event_juveniledays,78,0,57,22,0.00,라이 78,선생님 3,
person:라이,라이,318,char:391,10,0,10,1,0.00,라이 10,,
person:라이,라이,319,event_colorless,98,2,72,57,0.03,라이 98,선생님 2,
person:라이,라이,320,char:390,10,0,5,8,0.00,라이 10,선생님 2,
person:라이,라이,324,char:832,115,0,88,45,0.00,라이 115,선생님 4,
person:라이,라이,365,fl:for_rest,3,0,1,3,0.00,라이 3,선생님 1,
person:라이,라이,371,event_trueflavor,16,0,12,6,0.00,라이 16,,
person:라이,라이,444,fl:2x2_love_1ch,124,0,88,55,0.00,라이 124,선생님 17 · 주인님 4 · 선배 2 · 지휘관 1,
person:라이,라이,445,fl:2x2_love_2ch,184,0,120,82,0.00,라이 184,주인님 12 · 선생님 5 · 지휘관 1 · 선배 1,호칭 선생님→주인님
person:라이,라이,475,char:872,114,0,65,70,0.00,라이 114,선배 1 · 선생님 1,
person:라이온,라이온,436,ch44,76,0,79,21,0.00,라이온 76,보스 1,
person:라푼젤,라푼젤,80,ch14,1,0,0,1,,라푼젤 1,,
person:라푼젤,라푼젤,102,char:221,338,241,61,135,0.80,라푼젤 338,지휘관 4,
person:라푼젤,라푼젤,148,ch17,220,167,57,89,0.75,라푼젤 220,지휘관 5,
person:라푼젤,라푼젤,203,event_overzone,259,190,16,118,0.92,라푼젤 259,지휘관 1,
person:라푼젤,라푼젤,244,ch26,7,6,4,2,0.60,라푼젤 7,,
person:라푼젤,라푼젤,248,event_redash,193,128,24,99,0.84,라푼젤 193,지휘관 3 · 보스 1,
person:라푼젤,라푼젤,249,erelic:red_ash_lost,261,130,49,98,0.73,라푼젤 261,당신 2 · 지휘관 2,
person:라푼젤,라푼젤,250,erelic:red_ash_mini,25,15,4,13,0.79,라푼젤 25,,
person:라푼젤,라푼젤,259,char:225,31,32,2,10,0.94,라푼젤 31,,
person:라푼젤,라푼젤,288,side:second_affection,137,119,5,54,0.96,라푼젤 137,마스터 1,
person:라푼젤,라푼젤,295,event_lastkingdom1,64,55,4,22,0.93,라푼젤 64,당신 1,
person:라푼젤,라푼젤,326,event_nonsensered,86,24,42,33,0.36,라푼젤 86,지휘관 1,존댓말 93%→36%
person:라푼젤,라푼젤,338,event_oldtales1,24,23,2,6,0.92,라푼젤 24,,존댓말 36%→92%
person:라푼젤,라푼젤,342,char:226,169,107,18,47,0.86,라푼젤 169,지휘관 1,
person:라푼젤,라푼젤,387,event_ce006,69,55,4,33,0.93,라푼젤 69,,
person:라푼젤,라푼젤,418,event_goddessfall1,110,82,11,55,0.88,라푼젤 110,,
person:라푼젤,라푼젤,428,fl:ark_guardian,135,97,13,49,0.88,라푼젤 135,지휘관 3,
person:라푼젤,라푼젤,429,char:471,6,4,0,3,1.00,라푼젤 6,,
person:라푼젤,라푼젤,472,ch48,119,100,8,40,0.93,라푼젤 119,당신 10,
person:라플라스,라플라스,68,ch11,69,3,62,38,0.05,라플라스 69,지휘관 3,
person:라플라스,라플라스,73,ch12,48,1,46,39,0.02,라플라스 48,,
person:라플라스,라플라스,85,ch15,6,0,4,2,0.00,라플라스 6,,
person:라플라스,라플라스,87,ch16,6,0,4,2,0.00,라플라스 6,,
person:라플라스,라플라스,100,char:101,13,0,12,9,0.00,라플라스 13,,
person:라플라스,라플라스,148,ch17,24,0,15,19,0.00,라플라스 24,지휘관 1,
person:라플라스,라플라스,152,ch18,250,5,169,149,0.03,라플라스 250,,
person:라플라스,라플라스,157,event_hightechtoy,131,1,133,57,0.01,라플라스 131,,
person:라플라스,라플라스,158,char:100,173,4,152,77,0.03,라플라스 173,,
person:라플라스,라플라스,162,char:121,39,0,29,20,0.00,라플라스 39,,
person:라플라스,라플라스,208,char:270,7,0,5,5,0.00,라플라스 7,,
person:라플라스,라플라스,299,char:501,68,1,54,20,0.02,라플라스 68,,
person:라플라스,라플라스,347,event_icedragonsaga1,7,0,1,6,0.00,라플라스 7,,
person:라플라스,라플라스,349,char:182,57,2,41,12,0.05,라플라스 57,,
person:라플라스,라플라스,358,ch35,94,0,83,48,0.00,라플라스 94,,
person:라플라스,라플라스,360,ch36,57,0,52,28,0.00,라플라스 57,,
person:라플라스,라플라스,373,ch37,53,0,28,42,0.00,라플라스 53,,
person:라플라스,라플라스,375,ch38,48,0,32,32,0.00,라플라스 48,,
person:라플라스,라플라스,396,ch39,37,0,33,14,0.00,라플라스 37,,
person:라플라스,라플라스,398,ch40,14,0,17,8,0.00,라플라스 14,,
person:라플라스,라플라스,403,char:94,18,0,13,13,0.00,라플라스 18,,
person:라플라스,라플라스,414,ch41,45,0,34,38,0.00,라플라스 45,,
person:라플라스,라플라스,416,ch42,52,0,45,31,0.00,라플라스 52,,
person:라플라스,라플라스,462,fl:ark_ranger,46,0,46,17,0.00,라플라스 46,,
person:라플라스,라플라스,467,fl:project_matis,261,2,207,96,0.01,라플라스 261,,
person:라플라스,라플라스,468,char:103,183,1,124,73,0.01,라플라스 183,선배 1,
person:라플라스,라플라스,478,fl:great_villain_union,14,0,8,5,0.00,라플라스 14,,
person:라피,라피,1,ch00,23,10,10,7,0.50,라피 23,지휘관 2 · 당신 1,
person:라피,라피,2,ch01,105,40,49,42,0.45,라피 105,지휘관 11 · 당신 1,
person:라피,라피,3,ch02,88,37,26,40,0.59,라피 88,지휘관 15,
person:라피,라피,4,sub:칠리페퍼_00,3,1,1,3,0.50,라피 3,지휘관 2,
person:라피,라피,5,sub:테트라_커넥트_00,3,1,2,1,0.33,라피 3,,
person:라피,라피,6,ch03,48,10,29,16,0.26,라피 48,지휘관 3,
person:라피,라피,7,sub:세르반_00,4,4,0,1,1.00,라피 4,,
person:라피,라피,8,ch04,141,59,64,59,0.48,라피 141,지휘관 21,
person:라피,라피,9,ch05,78,15,43,38,0.26,라피 78,지휘관 9,
person:라피,라피,10,sub:중앙_정부_공식__00,4,4,1,0,0.80,라피 4,지휘관 1,
person:라피,라피,11,ch06,38,11,14,17,0.44,라피 38,지휘관 6,
person:라피,라피,13,sub:콜렉터_00,4,4,0,2,1.00,라피 4,지휘관 1,
person:라피,라피,14,sub:콜렉터_01,13,6,1,4,0.86,라피 13,지휘관 4,
person:라피,라피,18,sub:트레저_헌터_00,7,3,1,3,0.75,라피 7,지휘관 1,
person:라피,라피,19,sub:트레저_헌터_01,12,6,2,4,0.75,라피 12,지휘관 2,
person:라피,라피,20,sub:트레저_헌터_02,11,4,1,4,0.80,라피 11,,
person:라피,라피,21,sub:트레저_헌터_03,8,6,0,1,1.00,라피 8,지휘관 1,
person:라피,라피,22,sub:이례의_기록자_00,8,3,1,1,0.75,라피 8,,
person:라피,라피,23,sub:랩칠리언_00,6,1,3,1,0.25,라피 6,,
person:라피,라피,24,sub:랩칠리언_01,4,2,2,3,0.50,라피 4,지휘관 1,
person:라피,라피,25,sub:랩칠리언_02,1,0,0,0,,라피 1,,
person:라피,라피,27,sub:랩칠리언_04,2,0,3,1,0.00,라피 2,,
person:라피,라피,28,sub:랩칠리언_05,10,2,6,2,0.25,라피 10,지휘관 1,존댓말 75%→25%
person:라피,라피,29,sub:랩칠리언_06,10,2,5,2,0.29,라피 10,,
person:라피,라피,30,sub:할아범_00,5,3,1,0,0.75,라피 5,,
person:라피,라피,32,sub:고스트_00,6,1,4,3,0.20,라피 6,,
person:라피,라피,33,sub:시리얼_00,2,0,2,1,0.00,라피 2,,
person:라피,라피,34,sub:시리얼_01,5,4,0,3,1.00,라피 5,지휘관 1,
person:라피,라피,35,sub:산해진미_00,6,0,2,2,0.00,라피 6,지휘관 1,
person:라피,라피,36,sub:산해진미_01,3,2,0,2,1.00,라피 3,지휘관 2,
person:라피,라피,39,sub:세르반_01,2,1,0,2,1.00,라피 2,,
person:라피,라피,40,sub:저스틴_00,6,2,2,3,0.50,라피 6,지휘관 1,
person:라피,라피,42,ch07,49,26,13,18,0.67,라피 49,지휘관 12,
person:라피,라피,43,sub:중앙_정부_공식__01,8,4,3,5,0.57,라피 8,지휘관 2,
person:라피,라피,45,sub:스페이드_00,5,0,3,1,0.00,라피 5,,
person:라피,라피,46,sub:러블리_드림_00,9,4,2,3,0.67,라피 9,지휘관 4,
person:라피,라피,47,sub:러블리_드림_01,8,4,2,3,0.67,라피 8,지휘관 2,
person:라피,라피,49,d_ex_elevator_01,21,8,10,9,0.44,라피 21,지휘관 1,
person:라피,라피,50,ch08,31,1,13,16,0.07,라피 31,지휘관 2,
person:라피,라피,51,sub:칠리페퍼_01,4,3,1,2,0.75,라피 4,지휘관 1,
person:라피,라피,52,sub:든_셀_00,5,4,0,3,1.00,라피 5,지휘관 2,
person:라피,라피,55,ch09,88,23,44,33,0.34,라피 88,지휘관 6,
person:라피,라피,56,sub:테디_00,7,2,0,4,1.00,라피 7,지휘관 2,
person:라피,라피,57,sub:미실리스_연구팀_00,6,1,4,1,0.20,라피 6,,
person:라피,라피,58,sub:미실리스_연구팀_01,22,9,9,6,0.50,라피 22,지휘관 3,
person:라피,라피,59,sub:미실리스_연구팀_02,7,1,4,4,0.20,라피 7,지휘관 1,
person:라피,라피,60,sub:미실리스_연구팀_03,5,1,3,0,0.25,라피 5,,
person:라피,라피,62,ch10,38,0,22,22,0.00,라피 38,,존댓말 50%→0%
person:라피,라피,63,sub:코리_00,2,0,3,1,0.00,라피 2,,
person:라피,라피,64,sub:롬_00,4,1,1,3,0.50,라피 4,,
person:라피,라피,65,sub:롬_01,7,2,4,1,0.33,라피 7,지휘관 1,
person:라피,라피,66,sub:롬_02,7,0,4,4,0.00,라피 7,,
person:라피,라피,68,ch11,42,9,13,26,0.41,라피 42,지휘관 4,
person:라피,라피,69,sub:음악_애호가_00,1,0,0,0,,라피 1,,
person:라피,라피,70,sub:음악_애호가_01,6,2,3,3,0.40,라피 6,지휘관 1,
person:라피,라피,73,ch12,78,22,39,27,0.36,라피 78,지휘관 3,
person:라피,라피,74,sub:숲속요정_00,11,5,2,4,0.71,라피 11,지휘관 1,
person:라피,라피,76,ch13,115,25,49,60,0.34,라피 115,지휘관 12,
person:라피,라피,77,sub:세르반_03,1,0,1,0,0.00,라피 1,,
person:라피,라피,78,sub:철도로GO_00,2,1,0,0,1.00,라피 2,,
person:라피,라피,80,ch14,124,14,80,51,0.15,라피 124,지휘관 7,
person:라피,라피,81,sub:칠리페퍼_02,7,1,4,1,0.20,라피 7,,
person:라피,라피,82,sub:알콜러버_00,2,1,0,1,1.00,라피 2,지휘관 1,
person:라피,라피,85,ch15,61,13,26,24,0.33,라피 61,지휘관 8,
person:라피,라피,87,ch16,64,16,33,34,0.33,라피 64,지휘관 3,
person:라피,라피,88,sub:방주_난민_00,3,1,1,1,0.50,라피 3,,
person:라피,라피,89,sub:방주_난민_01,2,0,1,0,0.00,라피 2,,
person:라피,라피,90,sub:방주_난민_02,3,2,0,0,1.00,라피 3,,
person:라피,라피,91,sub:방주_난민_03,4,1,2,0,0.33,라피 4,,
person:라피,라피,94,char:11,12,2,6,3,0.25,라피 12,지휘관 1,
person:라피,라피,97,char:430,11,0,7,4,0.00,라피 11,지휘관 2,
person:라피,라피,101,char:72,8,4,3,2,0.57,라피 8,,
person:라피,라피,102,char:221,6,1,2,4,0.33,라피 6,지휘관 3,
person:라피,라피,103,char:10,309,230,30,85,0.88,라피 309,지휘관 47 · 당신 7,존댓말 25%→88%
person:라피,라피,106,char:82,42,13,13,18,0.50,라피 42,지휘관 2,
person:라피,라피,112,char:161,13,2,3,4,0.40,라피 13,지휘관 3,
person:라피,라피,115,char:60,14,10,3,2,0.77,라피 14,지휘관 5,
person:라피,라피,116,char:431,5,2,0,1,1.00,라피 5,지휘관 1,
person:라피,라피,118,char:80,3,1,0,2,1.00,라피 3,지휘관 1,
person:라피,라피,120,char:140,11,1,6,4,0.14,라피 11,지휘관 1,
person:라피,라피,121,char:220,4,2,2,1,0.50,라피 4,지휘관 1,
person:라피,라피,122,char:22,7,5,2,3,0.71,라피 7,지휘관 1,
person:라피,라피,123,char:12,17,7,5,2,0.58,라피 17,지휘관 1,
person:라피,라피,124,char:432,4,0,2,2,0.00,라피 4,,
person:라피,라피,125,char:172,6,3,0,2,1.00,라피 6,지휘관 1,
person:라피,라피,127,char:201,29,7,10,15,0.41,라피 29,지휘관 5,
person:라피,라피,128,char:291,4,2,1,3,0.67,라피 4,지휘관 1,
person:라피,라피,131,char:90,22,10,4,12,0.71,라피 22,지휘관 5,
person:라피,라피,132,char:160,6,1,1,2,0.50,라피 6,,
person:라피,라피,133,char:150,13,3,7,4,0.30,라피 13,,
person:라피,라피,134,char:171,9,4,4,4,0.50,라피 9,지휘관 3,
person:라피,라피,136,char:231,7,1,4,5,0.20,라피 7,,
person:라피,라피,138,char:131,4,3,1,0,0.75,라피 4,,
person:라피,라피,141,char:170,44,12,14,16,0.46,라피 44,지휘관 4,
person:라피,라피,144,char:222,23,10,5,11,0.67,라피 23,지휘관 1,
person:라피,라피,145,char:120,5,1,4,1,0.20,라피 5,지휘관 1,
person:라피,라피,146,event_nocallerid,115,62,37,39,0.63,라피 115,지휘관 7,
person:라피,라피,147,char:352,7,5,1,2,0.83,라피 6 · 라피의 목소리 1,,이름표 라피의 목소리
person:라피,라피,148,ch17,79,21,32,28,0.40,라피 79,지휘관 13,
person:라피,라피,149,sub:제니퍼f_00,5,2,1,1,0.67,라피 5,,
person:라피,라피,152,ch18,55,17,23,21,0.42,라피 55,지휘관 7,
person:라피,라피,153,sub:테트라_커넥트_01,6,5,0,2,1.00,라피 6,지휘관 1,
person:라피,라피,154,sub:중앙_정부_공식__02,13,5,1,11,0.83,라피 13,지휘관 2,
person:라피,라피,155,sub:김작가_00,4,1,2,1,0.33,라피 4,지휘관 1,
person:라피,라피,158,char:100,14,10,5,8,0.67,라피 14,지휘관 4,
person:라피,라피,161,char:203,1,1,0,1,1.00,라피 1,,
person:라피,라피,162,char:121,20,3,10,7,0.23,라피 20,지휘관 2,
person:라피,라피,164,char:260,59,14,33,13,0.30,라피 59,지휘관 3,
person:라피,라피,165,ch19,24,2,12,12,0.14,라피 24,지휘관 1,
person:라피,라피,166,sub:데이파라_00,15,6,7,1,0.46,라피 15,지휘관 1,
person:라피,라피,168,ch20,25,3,12,14,0.20,라피 25,지휘관 5,
person:라피,라피,169,sub:로망티스트_00,4,2,2,1,0.50,라피 4,,
person:라피,라피,172,char:400,13,8,3,3,0.73,라피 13,지휘관 4,존댓말 20%→73%
person:라피,라피,173,char:401,4,0,2,1,0.00,라피 4,,
person:라피,라피,174,char:111,20,6,6,4,0.50,라피 20,지휘관 4,
person:라피,라피,178,char:311,8,1,2,7,0.33,라피 8,지휘관 1,
person:라피,라피,181,char:801,6,4,4,2,0.50,라피 6,지휘관 2,
person:라피,라피,186,char:261,53,13,20,21,0.39,라피 53,지휘관 4,
person:라피,라피,188,event_fullfoolday,16,4,5,6,0.44,라피 16,지휘관 2,
person:라피,라피,191,ch21,104,36,44,48,0.45,라피 104,지휘관 14,
person:라피,라피,194,sub:에덴_Notice_02,4,0,2,1,0.00,라피 4,,
person:라피,라피,197,ch22,39,16,15,16,0.52,라피 39,지휘관 5,
person:라피,라피,199,sub:중앙정부_트라이앵글_00,8,4,4,3,0.50,라피 8,지휘관 2,
person:라피,라피,200,sub:2호_쉘터_관리계정_00,5,2,1,2,0.67,라피 5,지휘관 1,
person:라피,라피,201,sub:할아범_01,8,4,1,3,0.80,라피 8,지휘관 1,
person:라피,라피,205,char:233,20,13,2,7,0.87,라피 20,지휘관 2,
person:라피,라피,208,char:270,11,9,1,3,0.90,라피 11,지휘관 1,
person:라피,라피,212,event_bluewaterisland,68,25,24,18,0.51,라피 68,지휘관 1,
person:라피,라피,213,char:132,45,0,39,11,0.00,라피 45,지휘관 2,존댓말 51%→0%
person:라피,라피,217,ch23,72,31,33,31,0.48,라피 72,지휘관 10,
person:라피,라피,218,sub:상인연합_달란트_00,4,1,3,1,0.25,라피 4,지휘관 1,
person:라피,라피,219,sub:콜렉터_02,8,5,0,2,1.00,라피 8,지휘관 1,
person:라피,라피,221,ch24,90,46,29,36,0.61,라피 90,지휘관 14,
person:라피,라피,222,sub:해결사_카페_스위티_00,6,4,2,2,0.67,라피 6,지휘관 2,
person:라피,라피,225,char:350,8,5,0,5,1.00,라피 8,,
person:라피,라피,226,event_seayouagain1,149,58,53,34,0.52,라피 149,지휘관 22,
person:라피,라피,230,event_firstaffection,31,5,18,14,0.22,라피 31,지휘관 2,
person:라피,라피,231,char:810,115,5,61,36,0.08,라피 115,지휘관 1,
person:라피,라피,234,event_schooloflock,17,5,9,6,0.36,라피 17,지휘관 3,
person:라피,라피,239,event_freezeacpu,57,6,31,13,0.16,라피 57,지휘관 5,
person:라피,라피,242,sub:중앙정부_프로토콜_00,2,1,1,1,0.50,라피 2,지휘관 1,
person:라피,라피,244,ch26,58,10,30,35,0.25,라피 58,지휘관 5,
person:라피,라피,245,sub:로망티스트_01,11,11,0,1,1.00,라피 11,,존댓말 25%→100%
person:라피,라피,246,sub:코인_러시_00,3,1,1,0,0.50,라피 3,,
person:라피,라피,258,event_newyearnewsword,3,1,1,1,0.50,라피 3,지휘관 1,
person:라피,라피,267,ch27,132,34,75,53,0.31,라피 132,지휘관 10,존댓말 100%→31%
person:라피,라피,268,sub:피라_00,19,14,1,6,0.93,라피 19,지휘관 1,존댓말 31%→93%
person:라피,라피,269,sub:피라_01,37,20,4,10,0.83,라피 37,지휘관 4,
person:라피,라피,270,sub:피라_02,46,24,6,16,0.80,라피 46,지휘관 3,
person:라피,라피,273,ch28,170,49,78,62,0.39,라피 170,지휘관 12,
person:라피,라피,274,sub:택틱컬틱택_00,21,6,13,5,0.32,라피 21,지휘관 1,
person:라피,라피,275,sub:택틱컬틱택_01,7,0,4,1,0.00,라피 7,,
person:라피,라피,276,sub:핸섬_커맨더_00,13,9,2,2,0.82,라피 13,지휘관 2 · 선배 1,존댓말 32%→82%
person:라피,라피,277,sub:핸섬_커맨더_01,9,6,2,2,0.75,라피 9,지휘관 1,
person:라피,라피,278,sub:MMR지킴이_00,10,9,1,3,0.90,라피 10,지휘관 2,
person:라피,라피,283,char:43,12,3,3,7,0.50,라피 12,지휘관 2 · 여보 1,
person:라피,라피,287,event_liarsend,9,0,3,4,0.00,라피 9,지휘관 1,
person:라피,라피,291,ch29,91,25,42,40,0.37,라피 91,지휘관 6,존댓말 90%→37%
person:라피,라피,293,ch30,136,35,60,47,0.37,라피 136,지휘관 10,
person:라피,라피,297,char:361,134,14,100,47,0.12,라피 134,지휘관 3,
person:라피,라피,305,event_beautyfullshot1,78,35,27,32,0.56,라피 78,지휘관 5,
person:라피,라피,308,ch31,120,16,53,50,0.23,라피 120,지휘관 9,
person:라피,라피,310,ch32,160,13,109,59,0.11,라피 160,지휘관 4,
person:라피,라피,311,sub:관짝이_00,7,0,7,1,0.00,라피 7,,
person:라피,라피,312,sub:거울_공주_00,8,0,6,1,0.00,라피 8,,
person:라피,라피,313,sub:관짝이_01,9,0,6,2,0.00,라피 9,,
person:라피,라피,314,sub:관짝이_02,5,0,4,1,0.00,라피 5,,
person:라피,라피,315,sub:거울_공주_01,5,1,2,3,0.33,라피 5,지휘관 1,
person:라피,라피,319,event_colorless,24,10,5,6,0.67,라피 24,,존댓말 11%→67%
person:라피,라피,329,char:403,15,5,3,7,0.63,라피 15,지휘관 3,
person:라피,라피,330,char:580,22,14,1,9,0.93,라피 22,지휘관 4,
person:라피,라피,333,char:240,37,11,16,11,0.41,라피 37,지휘관 9,존댓말 93%→41%
person:라피,라피,334,ch33,94,13,49,28,0.21,라피 94,지휘관 5,
person:라피,라피,336,ch34,327,85,139,136,0.38,라피 327,지휘관 24,
person:라피,라피,343,char:511,25,3,17,10,0.15,라피 25,지휘관 2,
person:라피,라피,350,event_footstepwalkrun1,736,180,368,202,0.33,라피 736,지휘관 6 · 선생님 3 · 당신 3,
person:라피,라피,351,event_outofuniform,1,0,0,0,,라피 1,,
person:라피,라피,352,char:16,264,154,26,68,0.86,라피 264,지휘관 37,존댓말 33%→86%
person:라피,라피,353,event_wisdomspring,9,9,0,4,1.00,라피 9,,
person:라피,라피,358,ch35,252,116,111,83,0.51,라피 252,지휘관 17,
person:라피,라피,360,ch36,80,12,49,33,0.20,라피 80,지휘관 11,
person:라피,라피,367,event_newflavor,30,20,7,7,0.74,라피 30,지휘관 7,존댓말 20%→74%
person:라피,라피,369,event_foolburstday,4,1,1,2,0.50,라피 4,,
person:라피,라피,373,ch37,154,59,65,60,0.48,라피 154,지휘관 12,
person:라피,라피,375,ch38,155,48,80,52,0.38,라피 155,지휘관 4,
person:라피,라피,381,char:590,52,21,15,22,0.58,라피 52,지휘관 6,
person:라피,라피,387,event_ce006,189,49,116,78,0.30,라피 189,지휘관 11 · 당신 2,
person:라피,라피,389,char:850,34,3,21,9,0.13,라피 34,지휘관 2,
person:라피,라피,391,event_overthehorizon,36,12,13,14,0.48,라피 36,지휘관 9,
person:라피,라피,393,fl:boom_the_ghost,434,91,273,135,0.25,라피 434,지휘관 23,
person:라피,라피,395,char:502,22,5,18,5,0.22,라피 22,지휘관 1,
person:라피,라피,396,ch39,96,31,48,35,0.39,라피 96,지휘관 11,
person:라피,라피,398,ch40,90,30,37,44,0.45,라피 90,지휘관 15 · 아저씨 1,
person:라피,라피,400,fl:absolute,5,0,6,0,0.00,라피 5,,
person:라피,라피,408,char:840,2,0,3,0,0.00,라피 2,,
person:라피,라피,412,fl:go_ninja_thief,29,23,2,3,0.92,라피 29,지휘관 5,
person:라피,라피,414,ch41,104,0,87,41,0.00,라피 104,지휘관 5,존댓말 92%→0%
person:라피,라피,416,ch42,155,35,104,51,0.25,라피 155,지휘관 11 · 여보 1,
person:라피,라피,420,char:223,2,0,1,1,0.00,라피 2,,
person:라피,라피,436,ch44,168,33,95,66,0.26,라피 168,지휘관 14,
person:라피,라피,442,fl:enter_heaven,14,12,1,2,0.92,라피 14,지휘관 1,존댓말 26%→92%
person:라피,라피,450,ch45,71,10,49,33,0.17,라피 71,지휘관 5,존댓말 92%→17%
person:라피,라피,452,ch46,48,4,37,21,0.10,라피 48,지휘관 1,
person:라피,라피,454,event_staranis1,29,4,24,12,0.14,라피 29,지휘관 1,
person:라피,라피,456,char:441,27,10,11,8,0.48,라피 27,지휘관 4,
person:라피,라피,462,fl:ark_ranger,98,43,39,33,0.52,라피 98,지휘관 7,
person:라피,라피,464,fl:wave_to_you,254,92,109,54,0.46,라피 254,지휘관 18,
person:라피,라피,465,char:515,7,0,5,2,0.00,라피 7,지휘관 2,
person:라피,라피,466,char:322,8,7,0,1,1.00,라피 8,지휘관 2,
person:라피,라피,470,ch47,60,2,58,22,0.03,라피 60,지휘관 6,
person:라피,라피,472,ch48,29,1,21,13,0.05,라피 29,지휘관 3,
person:라피,라피,474,fl:persona_on_frontline,18,2,7,9,0.22,라피 18,지휘관 2,
person:라피,라피,478,fl:great_villain_union,12,6,2,4,0.75,라피 12,지휘관 3 · 여보 1,존댓말 22%→75%
person:라피,라피,480,char:404,7,3,6,2,0.33,라피 7,지휘관 3,
person:람,람,284,char:822,60,3,65,16,0.04,람 60,지휘관 1 · 당신 1,
person:랜드크랩,랜드크랩,26,sub:랩칠리언_03,2,0,0,2,,랜드크랩 2,,
person:랜드크랩,랜드크랩,28,sub:랩칠리언_05,1,0,0,1,,랜드크랩 1,,
person:랩칠리언,랩칠리언,23,sub:랩칠리언_00,63,0,39,28,0.00,랩칠리언 63,,
person:랩칠리언,랩칠리언,24,sub:랩칠리언_01,60,0,42,23,0.00,랩칠리언 60,지휘관 2,
person:랩칠리언,랩칠리언,25,sub:랩칠리언_02,63,0,38,28,0.00,랩칠리언 63,지휘관 1,
person:랩칠리언,랩칠리언,26,sub:랩칠리언_03,75,0,47,29,0.00,랩칠리언 75,,
person:랩칠리언,랩칠리언,27,sub:랩칠리언_04,91,1,57,38,0.02,랩칠리언 91,마스터 1 · 지휘관 1,
person:랩칠리언,랩칠리언,28,sub:랩칠리언_05,2,0,0,1,,랩칠리언 2,,
person:랩칠리언,랩칠리언,29,sub:랩칠리언_06,45,0,28,18,0.00,랩칠리언 45,,
person:랩칠리언,랩칠리언,267,ch27,67,0,63,30,0.00,랩칠리언 67,,
person:랩칠리언,랩칠리언,396,ch39,98,0,107,26,0.00,랩칠리언 98,,
person:랩칠리언,랩칠리언,398,ch40,30,0,38,7,0.00,랩칠리언 30,,
person:랩칠리언,랩칠리언,414,ch41,14,0,21,1,0.00,랩칠리언 14,,
person:랩칠리언,랩칠리언,416,ch42,23,0,29,7,0.00,랩칠리언 23,,
person:러블리_드림☆,러블리 드림☆,46,sub:러블리_드림_00,105,42,15,54,0.74,러블리 드림☆ 105,지휘관 8 · 당신 3,
person:러블리_드림☆,러블리 드림☆,47,sub:러블리_드림_01,49,30,6,15,0.83,러블리 드림☆ 49,지휘관 15,
person:레드_슈즈,레드 슈즈,338,event_oldtales1,348,283,58,147,0.83,레드 슈즈 348,당신 10,
person:레드_슈즈,레드 슈즈,339,erelic:old_tales_dialog,11,7,3,6,0.70,레드 슈즈 11,당신 2,
person:레드_슈즈,레드 슈즈,342,char:226,29,20,3,7,0.87,레드 슈즈 29,,
person:레드_슈즈,레드 슈즈,380,char:513,51,34,8,13,0.81,레드 슈즈 51,,
person:레드_슈즈,레드 슈즈,472,ch48,46,42,5,13,0.89,레드 슈즈 46,당신 1,
person:레드_후드,레드 후드,241,ch25,38,0,30,16,0.00,레드 후드 38,,
person:레드_후드,레드 후드,244,ch26,353,2,300,130,0.01,레드 후드 353,,
person:레드_후드,레드 후드,248,event_redash,720,9,648,367,0.01,레드 후드 720,아저씨 1,
person:레드_후드,레드 후드,249,erelic:red_ash_lost,259,4,231,98,0.02,레드 후드 259,,
person:레드_후드,레드 후드,250,erelic:red_ash_mini,82,0,83,37,0.00,레드 후드 82,,
person:레드_후드,레드 후드,251,char:470,226,0,200,93,0.00,레드 후드 226,,
person:레드_후드,레드 후드,259,char:225,59,1,65,25,0.02,레드 후드 59,,
person:레드_후드,레드 후드,296,char:330,8,0,7,2,0.00,레드 후드 8,,
person:레드_후드,레드 후드,310,ch32,14,1,10,6,0.09,레드 후드 14,,
person:레드_후드,레드 후드,326,event_nonsensered,102,1,88,46,0.01,레드 후드 102,,
person:레드_후드,레드 후드,336,ch34,7,0,7,3,0.00,레드 후드 7,,
person:레드_후드,레드 후드,338,event_oldtales1,13,1,20,3,0.05,레드 후드 13,,
person:레드_후드,레드 후드,342,char:226,56,0,43,22,0.00,레드 후드 56,,
person:레드_후드,레드 후드,350,event_footstepwalkrun1,454,4,442,172,0.01,레드 후드 454,당신 1,
person:레드_후드,레드 후드,428,fl:ark_guardian,4,0,5,2,0.00,레드 후드 4,,
person:레드_후드,레드 후드,429,char:471,11,1,9,3,0.10,레드 후드 11,,
person:레드_후드,레드 후드,436,ch44,14,1,10,6,0.09,레드 후드 14,,
person:레비,레비,370,side:mudfish,558,1,410,180,0.00,레비 558,,
person:레비아탄,레비아탄,310,ch32,52,1,51,21,0.02,레비아탄 52,,
person:레비아탄,레비아탄,334,ch33,174,1,127,94,0.01,레비아탄 174,,
person:레비아탄,레비아탄,336,ch34,191,0,168,103,0.00,레비아탄 191,,
person:레비아탄,레비아탄,358,ch35,47,0,36,20,0.00,레비아탄 47,,
person:레비아탄,레비아탄,360,ch36,325,0,252,135,0.00,레비아탄 325,,
person:레비아탄,레비아탄,370,side:mudfish,13,0,8,2,0.00,레비아탄 13,,
person:레비아탄,레비아탄,373,ch37,23,0,21,21,0.00,레비아탄 23,,
person:레비아탄,레비아탄,375,ch38,141,0,103,85,0.00,레비아탄 141,,
person:레비아탄,레비아탄,378,erelic:unbreakable_sphere_dialog,8,0,7,1,0.00,레비아탄 8,,
person:레비아탄,레비아탄,396,ch39,91,1,70,31,0.01,레비아탄 91,,
person:레비아탄,레비아탄,398,ch40,67,0,48,36,0.00,레비아탄 67,,
person:레비아탄,레비아탄,414,ch41,117,0,105,46,0.00,레비아탄 117,,
person:레비아탄,레비아탄,416,ch42,229,1,196,112,0.01,레비아탄 229,,
person:레비아탄,레비아탄,452,ch46,125,0,102,66,0.00,레비아탄 125,,
person:레비아탄,레비아탄,470,ch47,70,1,65,28,0.02,레비아탄 70,선생님 2,
person:레비아탄,레비아탄,472,ch48,41,0,39,12,0.00,레비아탄 41,,
person:레비아탄,레비아탄,478,fl:great_villain_union,46,0,37,16,0.00,레비아탄 46,,
person:레오나,레오나,215,event_nyanyaparadise,26,0,26,3,0.00,레오나 26,,
person:레오나,레오나,238,char:451,10,0,8,5,0.00,레오나 10,,
person:레오나,레오나,260,event_lionheart,558,14,425,165,0.03,레오나 558,당신 1 · 지휘관 1,
person:레오나,레오나,261,char:382,248,0,200,97,0.00,레오나 248,,
person:레오나,레오나,331,side:wordless,67,0,56,22,0.00,레오나 67,,
person:레오나,레오나,345,event_secretgarden,91,0,83,24,0.00,레오나 91,,
person:레오나,레오나,463,char:570,28,0,23,7,0.00,레오나 28,,
person:레오나,레오나,474,fl:persona_on_frontline,26,0,25,10,0.00,레오나 26,,
person:레오나,레오나,476,char:870,22,0,18,7,0.00,레오나 22,,
person:레이,레이,323,char:831,33,0,8,15,0.00,레이 33,,
person:레이_(가칭),레이 (가칭),364,char:834,94,0,39,48,0.00,레이 (가칭) 94,,
person:레이븐,레이븐,387,event_ce006,178,0,135,73,0.00,레이븐 178,,
person:레이븐,레이븐,390,char:851,124,0,85,37,0.00,레이븐 124,,
person:레이블,레이블,430,fl:sin_editor,425,115,95,158,0.55,레이블 425,당신 51,
person:레이블,레이블,431,char:582,393,177,165,256,0.52,레이블 393,당신 24,
person:레인,레인,438,fl:lie_cause_recoil,56,7,24,17,0.23,레인 56,선생님 6,
person:렘,렘,284,char:822,7,5,2,3,0.71,렘 7,,
person:렘,렘,286,char:820,102,92,17,22,0.84,렘 102,,
person:로망티스트,로망티스트,169,sub:로망티스트_00,52,6,6,43,0.50,로망티스트 52,지휘관 2,
person:로망티스트,로망티스트,245,sub:로망티스트_01,32,8,6,21,0.57,로망티스트 32,,
person:로밍오,로밍오,122,char:22,1,0,0,2,,로밍오 1,당신 1,
person:로산나,로산나,185,event_cherryblossom,13,0,11,2,0.00,로산나 13,당신 1 · 보스 1,
person:로산나,로산나,197,ch22,185,1,178,85,0.01,로산나 185,,
person:로산나,로산나,210,event_queensorder,530,0,397,190,0.00,로산나 530,보스 5 · 지휘관 1,
person:로산나,로산나,211,char:280,439,0,336,153,0.00,로산나 439,보스 6 · 지휘관 2,
person:로산나,로산나,217,ch23,37,0,42,15,0.00,로산나 37,,
person:로산나,로산나,221,ch24,11,2,12,2,0.14,로산나 11,,
person:로산나,로산나,262,event_dirtybackyard,28,0,26,4,0.00,로산나 28,,
person:로산나,로산나,263,char:281,3,0,3,0,0.00,로산나 3,,
person:로산나,로산나,282,event_killthelord,134,21,97,32,0.18,로산나 134,보스 1,
person:로산나,로산나,287,event_liarsend,7,0,4,3,0.00,로산나 7,,
person:로산나,로산나,305,event_beautyfullshot1,315,0,277,101,0.00,로산나 315,보스 6,
person:로산나,로산나,307,char:283,203,0,122,83,0.00,로산나 203,,
person:로산나,로산나,347,event_icedragonsaga1,11,0,7,5,0.00,로산나 11,,
person:로산나,로산나,349,char:182,7,0,3,4,0.00,로산나 7,,
person:로산나,로산나,436,ch44,71,1,90,25,0.01,로산나 71,,
person:로잘린,로잘린,122,char:22,24,8,15,10,0.35,로잘린 24,선배 6 · 지휘관 1,
person:로키,로키,183,event_bowwowparadise,1,0,0,3,,로키 1,,
person:롬,롬,64,sub:롬_00,39,0,20,27,0.00,롬 39,지휘관 2,
person:롬,롬,65,sub:롬_01,36,0,19,30,0.00,롬 36,지휘관 3,
person:롬,롬,66,sub:롬_02,58,2,35,43,0.05,롬 58,지휘관 6,
person:롬,롬,387,event_ce006,283,4,205,195,0.02,롬 283,지휘관 9 · 선배 1,
person:롬,롬,389,char:850,9,0,6,9,0.00,롬 9,지휘관 1,
person:루드밀라,루드밀라,9,ch05,128,0,136,63,0.00,루드밀라 128,지휘관 4,
person:루드밀라,루드밀라,11,ch06,113,0,119,36,0.00,루드밀라 113,,
person:루드밀라,루드밀라,42,ch07,25,0,23,9,0.00,루드밀라 25,,
person:루드밀라,루드밀라,96,char:232,16,0,13,4,0.00,루드밀라 16,,
person:루드밀라,루드밀라,104,char:190,336,1,210,153,0.00,루드밀라 336,지휘관 2,
person:루드밀라,루드밀라,126,char:191,30,0,24,11,0.00,루드밀라 30,,
person:루드밀라,루드밀라,132,char:160,1,0,0,1,,루드밀라 1,,
person:루드밀라,루드밀라,160,char:193,67,0,76,23,0.00,루드밀라 67,,
person:루드밀라,루드밀라,253,event_alonesurvivor,193,0,127,79,0.00,루드밀라 193,지휘관 1,
person:루드밀라,루드밀라,254,char:192,93,0,58,40,0.00,루드밀라 93,,
person:루드밀라,루드밀라,255,event_neverland1,375,1,302,138,0.00,루드밀라 375,,
person:루드밀라,루드밀라,256,char:194,201,1,135,52,0.01,루드밀라 201,,
person:루드밀라,루드밀라,300,event_goldencoinrush1,4,0,4,0,0.00,루드밀라 4,,
person:루드밀라,루드밀라,302,char:195,37,0,32,7,0.00,루드밀라 37,,
person:루드밀라,루드밀라,400,fl:absolute,68,0,53,21,0.00,루드밀라 68,,
person:루드밀라,루드밀라,477,char:871,25,0,23,2,0.00,루드밀라 25,,
person:루루,루루,215,event_nyanyaparadise,140,0,3,112,0.00,루루 140,,
person:루마니,루마니,112,char:161,30,9,19,9,0.32,루마니 30,,
person:루마니,루마니,129,char:241,33,22,12,12,0.65,루마니 33,,
person:루마니,루마니,140,char:242,12,8,7,1,0.53,루마니 12,,
person:루마니,루마니,332,event_lifeagain,663,291,338,135,0.46,루마니 663,여보 3 · 선생님 1,
person:루마니,루마니,333,char:240,259,169,74,104,0.70,루마니 259,당신 1,
person:루마니,루마니,369,event_foolburstday,23,10,5,7,0.67,루마니 23,,
person:루비,루비,260,event_lionheart,6,0,0,6,,루비 6,,
person:루시안,루시안,425,fl:terminus_ticket,115,1,94,28,0.01,루시안 115,,
person:루주,루주,207,event_BunnyX777,223,161,25,46,0.87,루주 223,당신 1,
person:루주,루주,300,event_goldencoinrush1,86,53,25,26,0.68,루주 86,마스터 1,
person:루주,루주,301,char:314,65,52,15,11,0.78,루주 65,,
person:루주,루주,302,char:195,9,4,2,3,0.67,루주 9,,
person:루주,루주,325,event_jinxplayer,727,345,240,216,0.59,루주 727,마스터 8,
person:루주,루주,327,char:272,320,159,72,102,0.69,루주 320,마스터 6,
person:루주,루주,404,fl:coins_in_rush,196,141,30,38,0.82,루주 196,지휘관 2 · 마스터 1,
person:루크,루크,462,fl:ark_ranger,69,3,52,27,0.05,루크 69,,
person:루피,루피,85,ch15,59,0,43,28,0.00,루피 59,오빠 5 · 지휘관 4,
person:루피,루피,105,char:200,251,11,214,128,0.05,루피 251,오빠 28 · 지휘관 4,
person:루피,루피,120,char:140,6,0,5,4,0.00,루피 6,지휘관 1,
person:루피,루피,127,char:201,34,2,23,23,0.08,루피 34,지휘관 1 · 오빠 1,
person:루피,루피,159,event_miraclesnow1,477,2,402,196,0.00,루피 477,오빠 28 · 지휘관 4,
person:루피,루피,161,char:203,269,7,180,134,0.04,루피 269,오빠 46 · 지휘관 3,
person:루피,루피,188,event_fullfoolday,13,0,14,5,0.00,루피 13,오빠 5,
person:루피,루피,207,event_BunnyX777,27,0,20,11,0.00,루피 27,오빠 4,
person:루피,루피,218,sub:상인연합_달란트_00,13,0,9,4,0.00,루피 13,,
person:루피,루피,263,char:281,1,0,0,1,,루피 1,,
person:루피,루피,281,char:500,2,0,2,0,0.00,루피 2,,
person:루피,루피,283,char:43,5,0,5,2,0.00,루피 5,여보 1 · 오빠 1,
person:루피,루피,287,event_liarsend,5,0,3,1,0.00,루피 5,오빠 2,
person:루피,루피,300,event_goldencoinrush1,136,0,117,66,0.00,루피 136,오빠 13,
person:루피,루피,317,event_juveniledays,95,0,82,41,0.00,루피 95,오빠 5,
person:루피,루피,318,char:391,86,0,73,34,0.00,루피 86,오빠 2,
person:루피,루피,323,char:831,12,0,9,4,0.00,루피 12,,
person:루피,루피,345,event_secretgarden,30,0,32,21,0.00,루피 30,오빠 8,
person:루피,루피,346,char:411,17,0,15,7,0.00,루피 17,오빠 1,
person:루피,루피,365,fl:for_rest,10,0,6,9,0.00,루피 10,,
person:리버렐리오,리버렐리오,168,ch20,28,0,18,23,0.00,리버렐리오 28,,
person:리버렐리오,리버렐리오,398,ch40,132,0,116,31,0.00,리버렐리오 132,,
person:리버렐리오,리버렐리오,411,side:eden_spear,59,0,44,16,0.00,리버렐리오 59,,
person:리버렐리오,리버렐리오,414,ch41,122,0,109,36,0.00,리버렐리오 122,,
person:리버렐리오,리버렐리오,416,ch42,145,0,142,42,0.00,리버렐리오 145,,
person:리버렐리오,리버렐리오,422,char:262,167,0,110,47,0.00,리버렐리오 167,,
person:리버렐리오,리버렐리오,436,ch44,31,17,15,4,0.53,리버렐리오 31,,존댓말 0%→53%
person:리버렐리오,리버렐리오,450,ch45,4,0,4,1,0.00,리버렐리오 4,,
person:리버린,리버린,267,ch27,211,197,45,79,0.81,리버린 211,당신 1 · 지휘관님 1,
person:리버린,리버린,273,ch28,275,201,49,137,0.80,리버린 275,지휘관님 9 · 지휘관 1,
person:리버린,리버린,291,ch29,39,28,4,18,0.88,리버린 39,,
person:리버린,리버린,293,ch30,193,101,74,101,0.58,리버린 193,마스터 2 · 지휘관님 1,
person:리버린,리버린,414,ch41,41,31,3,29,0.91,리버린 41,,
person:리버린,리버린,416,ch42,17,6,7,6,0.46,리버린 17,,
person:리버린,리버린,436,ch44,104,41,51,61,0.45,리버린 104,지휘관님 3,
person:리버린,리버린,450,ch45,26,0,22,15,0.00,리버린 26,,
person:리스,리스,454,event_staranis1,233,52,183,124,0.22,리스 233,,
person:리안,리안,80,ch14,11,8,3,5,0.73,리안 11,,
person:리안,리안,85,ch15,4,1,1,2,0.50,리안 4,,
person:리안,리안,87,ch16,18,9,7,8,0.56,리안 18,,
person:리안,리안,152,ch18,17,7,5,8,0.58,리안 17,,
person:리안,리안,159,event_miraclesnow1,7,4,3,2,0.57,리안 7,,
person:리안,리안,345,event_secretgarden,93,60,21,27,0.74,리안 93,,
person:리오,리오,350,event_footstepwalkrun1,160,3,140,62,0.02,리오 160,지휘관 4,
person:리타,리타,59,sub:미실리스_연구팀_02,21,0,24,6,0.00,리타 21,,
person:리타,리타,60,sub:미실리스_연구팀_03,31,0,31,6,0.00,리타 31,,
person:리타,리타,106,char:82,291,0,265,108,0.00,리타 291,지휘관 3,
person:리타,리타,112,char:161,7,0,4,9,0.00,리타 7,,
person:리타,리타,183,event_bowwowparadise,42,0,48,11,0.00,리타 42,,
person:리타,리타,184,char:381,5,0,7,2,0.00,리타 5,,
person:리타,리타,212,event_bluewaterisland,192,1,159,74,0.01,리타 192,지휘관 1,
person:리타,리타,213,char:132,3,0,3,1,0.00,리타 3,,
person:리타,리타,214,char:14,83,2,71,21,0.03,리타 83,,
person:리타,리타,226,event_seayouagain1,90,1,87,15,0.01,리타 90,,
person:리타,리타,227,char:15,7,0,7,0,0.00,리타 7,,
person:리타,리타,229,char:353,23,0,23,6,0.00,리타 23,,
person:리타,리타,240,char:33,53,0,48,16,0.00,리타 53,,
person:리타,리타,349,char:182,1,0,1,0,0.00,리타 1,,
person:리타,리타,365,fl:for_rest,301,1,249,56,0.00,리타 301,,
person:리틀_머메이드,리틀 머메이드,338,event_oldtales1,118,0,54,60,0.00,리틀 머메이드 118,,
person:리틀_머메이드,리틀 머메이드,339,erelic:old_tales_dialog,3,0,2,2,0.00,리틀 머메이드 3,,
person:리틀_머메이드,리틀 머메이드,370,side:mudfish,469,0,203,241,0.00,리틀 머메이드 469,,
person:리틀_머메이드,리틀 머메이드,377,event_unbreakablesphere1,770,0,488,380,0.00,리틀 머메이드 770,,
person:리틀_머메이드,리틀 머메이드,378,erelic:unbreakable_sphere_dialog,164,0,101,74,0.00,리틀 머메이드 164,,
person:리틀_머메이드,리틀 머메이드,380,char:513,106,0,37,61,0.00,리틀 머메이드 106,,
person:리틀_머메이드,리틀 머메이드,382,char:162,178,0,132,89,0.00,리틀 머메이드 178,,
person:리틀_머메이드,리틀 머메이드,411,side:eden_spear,14,0,8,4,0.00,리틀 머메이드 14,,
person:리틀_머메이드,리틀 머메이드,414,ch41,13,0,9,7,0.00,리틀 머메이드 13,,
person:리틀_머메이드,리틀 머메이드,416,ch42,95,0,60,56,0.00,리틀 머메이드 95,,
person:리틀_머메이드,리틀 머메이드,464,fl:wave_to_you,328,0,227,106,0.00,리틀 머메이드 328,,
person:리틀_머메이드,리틀 머메이드,466,char:322,7,0,3,4,0.00,리틀 머메이드 7,,
person:리틀_머메이드,리틀 머메이드,478,fl:great_villain_union,12,0,9,4,0.00,리틀 머메이드 12,,
person:린네,린네,365,fl:for_rest,72,0,56,19,0.00,린네 72,,
person:릴리,릴리,183,event_bowwowparadise,1,0,1,1,0.00,릴리 1,,
person:릴리,릴리,387,event_ce006,253,214,69,98,0.76,릴리 253,,
person:릴리,릴리,388,char:852,133,82,26,37,0.76,릴리 133,당신 1,
person:릴리,릴리,389,char:850,13,12,1,2,0.92,릴리 13,,
person:릴리바이스,릴리바이스,203,event_overzone,28,0,24,14,0.00,릴리바이스 28,지휘관 1,
person:릴리바이스,릴리바이스,248,event_redash,275,54,192,111,0.22,릴리바이스 275,지휘관 14,
person:릴리바이스,릴리바이스,249,erelic:red_ash_lost,199,50,125,79,0.29,릴리바이스 199,지휘관 19,
person:릴리바이스,릴리바이스,252,char:224,225,4,181,80,0.02,릴리바이스 225,,
person:릴리바이스,릴리바이스,259,char:225,72,3,65,31,0.04,릴리바이스 72,,
person:릴리바이스,릴리바이스,326,event_nonsensered,56,1,46,22,0.02,릴리바이스 56,,
person:릴리바이스,릴리바이스,338,event_oldtales1,25,6,14,12,0.30,릴리바이스 25,지휘관 2,
person:릴리바이스,릴리바이스,342,char:226,30,7,21,8,0.25,릴리바이스 30,지휘관 3,
person:릴리바이스,릴리바이스,428,fl:ark_guardian,409,139,238,163,0.37,릴리바이스 409,지휘관 20 · 당신 1,
person:릴리바이스,릴리바이스,429,char:471,23,3,18,12,0.14,릴리바이스 23,지휘관 1,
person:마나,마나,73,ch12,36,29,9,13,0.76,마나 36,,
person:마나,마나,76,ch13,13,8,0,6,1.00,마나 13,,
person:마나,마나,95,char:212,5,2,1,4,0.67,마나 5,당신 1,
person:마나,마나,164,char:260,9,5,0,6,1.00,마나 9,,
person:마나,마나,172,char:400,61,44,7,23,0.86,마나 61,지휘관 8,
person:마나,마나,173,char:401,59,41,5,12,0.89,마나 59,지휘관 6,
person:마나,마나,175,char:402,56,52,9,13,0.85,마나 56,지휘관 8,
person:마나,마나,297,char:361,5,5,0,1,1.00,마나 5,,
person:마나,마나,308,ch31,93,81,7,29,0.92,마나 93,,
person:마나,마나,310,ch32,21,21,1,7,0.95,마나 21,,
person:마나,마나,331,side:wordless,198,137,23,40,0.86,마나 198,당신 24,
person:마나,마나,334,ch33,42,39,3,11,0.93,마나 42,당신 7 · 선배 1,
person:마나,마나,336,ch34,3,3,0,0,1.00,마나 3,,
person:마나,마나,344,char:514,7,6,1,1,0.86,마나 7,,
person:마나,마나,353,event_wisdomspring,333,174,74,114,0.70,마나 333,지휘관 40 · 당신 1,
person:마나,마나,354,char:290,167,92,32,40,0.74,마나 167,지휘관 3,
person:마나,마나,365,fl:for_rest,38,21,7,11,0.75,마나 38,당신 1,
person:마나,마나,377,event_unbreakablesphere1,123,69,21,47,0.77,마나 123,당신 3,
person:마나,마나,407,fl:reborn_evil,10,7,1,2,0.88,마나 10,지휘관 1,
person:마나,마나,480,char:404,16,12,5,10,0.71,마나 16,지휘관 7,
person:마르차나,마르차나,234,event_schooloflock,434,287,41,129,0.88,마르차나 434,지휘관님 23 · 당신 20 · 지휘관 9 · 선생님 1,
person:마르차나,마르차나,235,char:321,258,124,56,81,0.69,마르차나 258,지휘관님 10,
person:마르차나,마르차나,237,char:450,27,25,6,1,0.81,마르차나 27,선생님 1 · 당신 1,
person:마르차나,마르차나,317,event_juveniledays,94,57,18,28,0.76,마르차나 94,지휘관님 1,
person:마르차나,마르차나,318,char:391,3,2,1,1,0.67,마르차나 3,,
person:마르차나,마르차나,319,event_colorless,95,57,16,27,0.78,마르차나 95,지휘관님 5 · 당신 3,
person:마르차나,마르차나,321,char:833,84,53,13,26,0.80,마르차나 84,선생님 3 · 당신 1,호칭 지휘관님→선생님
person:마르차나,마르차나,371,event_trueflavor,8,5,2,2,0.71,마르차나 8,지휘관님 1,
person:마르차나,마르차나,464,fl:wave_to_you,633,379,62,125,0.86,마르차나 633,지휘관님 10 · 당신 9,호칭 선생님→지휘관님
person:마르차나,마르차나,466,char:322,209,143,32,54,0.82,마르차나 209,지휘관님 32 · 당신 2 · 선생님 1,
person:마르차나,마르차나,475,char:872,8,5,0,4,1.00,마르차나 8,,
person:마리,마리,324,char:832,106,3,93,40,0.03,마리 106,선생님 1,
person:마리안,마리안,1,ch00,75,46,20,28,0.70,마리안 75,지휘관 9 · 당신 1,
person:마리안,마리안,2,ch01,55,46,6,25,0.88,마리안 55,지휘관 7 · 당신 1,
person:마리안,마리안,42,ch07,7,7,2,7,0.78,마리안 7,당신 1 · 지휘관 1,
person:마리안,마리안,76,ch13,28,8,7,38,0.53,마리안 28,지휘관 6,
person:마리안,마리안,80,ch14,107,90,5,31,0.95,마리안 107,지휘관 12,
person:마리안,마리안,148,ch17,3,2,2,5,0.50,마리안 3,,
person:마리안,마리안,230,event_firstaffection,71,50,16,40,0.76,마리안 71,지휘관 14,
person:마리안,마리안,288,side:second_affection,326,195,54,116,0.78,마리안 326,지휘관 17 · 당신 1,
person:마리안,마리안,295,event_lastkingdom1,245,176,32,95,0.85,마리안 245,지휘관 1,
person:마리안,마리안,411,side:eden_spear,25,13,5,5,0.72,마리안 25,,
person:마리안,마리안,418,event_goddessfall1,128,63,17,49,0.79,마리안 128,당신 3,
person:마리안,마리안,470,ch47,22,11,2,13,0.85,마리안 22,당신 1,
person:마리안,마리안,472,ch48,70,45,7,30,0.87,마리안 70,당신 7 · 지휘관 5,
person:마린,마린,303,event_claymore,35,0,19,14,0.00,마린 35,,
person:마스트,마스트,147,char:352,49,8,20,26,0.29,마스트 49,,
person:마스트,마스트,163,event_brandnewyear,12,2,7,7,0.22,마스트 12,,
person:마스트,마스트,224,event_goldenship,403,62,164,225,0.27,마스트 403,지휘관 2,
person:마스트,마스트,225,char:350,291,56,95,146,0.37,마스트 291,당신 2,
person:마스트,마스트,226,event_seayouagain1,225,37,75,98,0.33,마스트 225,,
person:마스트,마스트,228,char:351,1,0,0,2,,마스트 1,,
person:마스트,마스트,355,event_romanticvalentine,338,73,128,239,0.36,마스트 338,주인님 3,
person:마스트,마스트,356,char:354,253,56,83,192,0.40,마스트 253,,
person:마스트,마스트,357,char:355,45,14,23,35,0.38,마스트 45,,
person:마스트,마스트,373,ch37,30,6,14,22,0.30,마스트 30,,
person:마스트,마스트,375,ch38,21,4,13,11,0.24,마스트 21,,
person:마스트,마스트,432,fl:fatal_maid,17,4,3,9,0.57,마스트 17,,
person:마스트,마스트,438,fl:lie_cause_recoil,44,12,22,14,0.35,마스트 44,,
person:마스트,마스트,481,char:405,34,6,11,22,0.35,마스트 34,,
person:마키마,마키마,180,char:800,17,0,9,5,0.00,마키마 17,,
person:맥스,맥스,183,event_bowwowparadise,72,0,2,55,0.00,맥스 72,,
person:맥스,맥스,215,event_nyanyaparadise,5,0,0,5,,맥스 5,,
person:맥스,맥스,238,char:451,5,0,0,6,,맥스 5,,
person:맥스,맥스,345,event_secretgarden,8,0,0,8,,맥스 8,,
person:맥스웰,맥스웰,68,ch11,83,2,76,38,0.03,맥스웰 83,지휘관 2,
person:맥스웰,맥스웰,73,ch12,38,0,46,17,0.00,맥스웰 38,,
person:맥스웰,맥스웰,85,ch15,1,0,1,0,0.00,맥스웰 1,,
person:맥스웰,맥스웰,87,ch16,9,0,4,6,0.00,맥스웰 9,,
person:맥스웰,맥스웰,94,char:11,16,0,14,8,0.00,맥스웰 16,,
person:맥스웰,맥스웰,100,char:101,13,0,15,6,0.00,맥스웰 13,,
person:맥스웰,맥스웰,107,char:102,390,1,301,150,0.00,맥스웰 390,지휘관 15,
person:맥스웰,맥스웰,131,char:90,1,0,1,1,0.00,맥스웰 1,,
person:맥스웰,맥스웰,132,char:160,1,0,0,1,,맥스웰 1,,
person:맥스웰,맥스웰,139,char:30,21,0,19,12,0.00,맥스웰 21,지휘관 1,
person:맥스웰,맥스웰,148,ch17,14,0,14,6,0.00,맥스웰 14,,
person:맥스웰,맥스웰,152,ch18,181,0,167,87,0.00,맥스웰 181,,
person:맥스웰,맥스웰,157,event_hightechtoy,201,0,222,83,0.00,맥스웰 201,지휘관 2,
person:맥스웰,맥스웰,158,char:100,11,0,14,9,0.00,맥스웰 11,,
person:맥스웰,맥스웰,281,char:500,65,0,39,26,0.00,맥스웰 65,,
person:맥스웰,맥스웰,348,char:183,57,0,46,24,0.00,맥스웰 57,,
person:맥스웰,맥스웰,358,ch35,251,1,235,93,0.00,맥스웰 251,,
person:맥스웰,맥스웰,360,ch36,68,0,65,31,0.00,맥스웰 68,,
person:맥스웰,맥스웰,373,ch37,108,0,105,48,0.00,맥스웰 108,,
person:맥스웰,맥스웰,375,ch38,133,0,122,56,0.00,맥스웰 133,,
person:맥스웰,맥스웰,396,ch39,101,1,104,44,0.01,맥스웰 101,,
person:맥스웰,맥스웰,398,ch40,55,1,48,34,0.02,맥스웰 55,,
person:맥스웰,맥스웰,414,ch41,51,1,48,26,0.02,맥스웰 51,,
person:맥스웰,맥스웰,416,ch42,21,0,16,10,0.00,맥스웰 21,,
person:맥스웰,맥스웰,420,char:223,2,0,1,2,0.00,맥스웰 2,,
person:맥스웰,맥스웰,462,fl:ark_ranger,91,1,85,50,0.01,맥스웰 91,,
person:맥스웰,맥스웰,467,fl:project_matis,907,61,700,298,0.08,맥스웰 907,당신 5,
person:맥스웰,맥스웰,469,char:105,298,1,215,88,0.00,맥스웰 298,지휘관 1,
person:맥스웰,맥스웰,478,fl:great_villain_union,56,3,44,12,0.06,맥스웰 56,,
person:머스탱,머스탱,8,ch04,34,3,14,15,0.18,머스탱 34,,
person:머스탱,머스탱,11,ch06,4,0,3,1,0.00,머스탱 4,,
person:머스탱,머스탱,73,ch12,2,0,1,0,0.00,머스탱 2,,
person:머스탱,머스탱,108,char:130,13,5,4,6,0.56,머스탱 13,당신 2,
person:머스탱,머스탱,125,char:172,6,0,4,7,0.00,머스탱 6,,
person:머스탱,머스탱,126,char:191,8,0,4,4,0.00,머스탱 8,,
person:머스탱,머스탱,129,char:241,14,0,8,11,0.00,머스탱 14,,존댓말 56%→0%
person:머스탱,머스탱,133,char:150,8,2,3,2,0.40,머스탱 8,당신 2,
person:머스탱,머스탱,152,ch18,7,0,2,6,0.00,머스탱 7,,
person:머스탱,머스탱,159,event_miraclesnow1,5,0,3,0,0.00,머스탱 5,,
person:머스탱,머스탱,177,event_maidinvalentine,34,0,20,12,0.00,머스탱 34,,
person:머스탱,머스탱,185,event_cherryblossom,50,7,29,27,0.19,머스탱 50,,
person:머스탱,머스탱,207,event_BunnyX777,65,3,34,31,0.08,머스탱 65,당신 2,
person:머스탱,머스탱,212,event_bluewaterisland,6,0,1,4,0.00,머스탱 6,,
person:머스탱,머스탱,217,ch23,38,3,28,9,0.10,머스탱 38,,
person:머스탱,머스탱,221,ch24,34,1,21,15,0.05,머스탱 34,,
person:머스탱,머스탱,255,event_neverland1,21,0,7,9,0.00,머스탱 21,,
person:머스탱,머스탱,260,event_lionheart,56,5,29,32,0.15,머스탱 56,,
person:머스탱,머스탱,287,event_liarsend,2,0,0,2,,머스탱 2,,
person:머스탱,머스탱,300,event_goldencoinrush1,322,1,179,172,0.01,머스탱 322,,
person:머스탱,머스탱,302,char:195,1,0,0,0,,머스탱 1,,
person:머스탱,머스탱,305,event_beautyfullshot1,60,18,41,25,0.31,머스탱 60,보스 1,
person:머스탱,머스탱,347,event_icedragonsaga1,66,0,35,22,0.00,머스탱 66,,
person:머스탱,머스탱,355,event_romanticvalentine,20,1,9,10,0.10,머스탱 20,지휘관 5,
person:머스탱,머스탱,358,ch35,46,2,18,16,0.10,머스탱 46,,
person:머스탱,머스탱,396,ch39,41,3,22,21,0.12,머스탱 41,,
person:머스탱,머스탱,398,ch40,17,2,11,3,0.15,머스탱 17,당신 1,
person:머스탱,머스탱,404,fl:coins_in_rush,221,3,133,61,0.02,머스탱 221,지휘관 1,
person:머스탱,머스탱,416,ch42,52,0,25,23,0.00,머스탱 52,,
person:머스탱,머스탱,447,side:pretty_star,353,26,315,134,0.08,머스탱 353,아저씨 2,
person:머스탱,머스탱,450,ch45,58,1,37,25,0.03,머스탱 58,,
person:머스탱,머스탱,452,ch46,21,0,15,8,0.00,머스탱 21,,
person:머스탱,머스탱,454,event_staranis1,569,35,475,213,0.07,머스탱 569,,
person:머스탱,머스탱,458,fl:b-side_idol,69,1,33,11,0.03,머스탱 69,,
person:머스탱,머스탱,460,fl:bitter_spice,17,1,9,2,0.10,머스탱 17,,
person:머스탱,머스탱,462,fl:ark_ranger,110,3,57,36,0.05,머스탱 110,,
person:머스탱,머스탱,480,char:404,1,0,0,0,,머스탱 1,,
person:메어리,메어리,76,ch13,18,14,3,8,0.82,메어리 18,지휘관 2,
person:메어리,메어리,108,char:130,305,188,81,90,0.70,메어리 305,지휘관 28 · 지휘관님 1,
person:메어리,메어리,129,char:241,17,12,6,5,0.67,메어리 17,지휘관 2,
person:메어리,메어리,131,char:90,13,10,1,6,0.91,메어리 13,지휘관 1,
person:메어리,메어리,138,char:131,51,42,14,13,0.75,메어리 51,지휘관 6,
person:메어리,메어리,140,char:242,34,19,13,14,0.59,메어리 34,지휘관 1,
person:메어리,메어리,142,char:142,52,40,16,20,0.71,메어리 52,지휘관 1,
person:메어리,메어리,168,ch20,1,1,0,2,1.00,메어리 1,,
person:메어리,메어리,172,char:400,8,7,5,1,0.58,메어리 8,지휘관 2,
person:메어리,메어리,207,event_BunnyX777,9,7,3,2,0.70,메어리 9,지휘관 1,
person:메어리,메어리,208,char:270,9,11,2,1,0.85,메어리 9,,
person:메어리,메어리,210,event_queensorder,14,11,0,5,1.00,메어리 14,지휘관 3,
person:메어리,메어리,212,event_bluewaterisland,710,398,156,241,0.72,메어리 710,지휘관 38 · 선배 3 · 당신 1,
person:메어리,메어리,213,char:132,337,278,49,105,0.85,메어리 337,지휘관 28,
person:메어리,메어리,214,char:14,10,5,3,4,0.63,메어리 10,,
person:메어리,메어리,226,event_seayouagain1,49,40,4,10,0.91,메어리 49,지휘관 1,
person:메어리,메어리,263,char:281,1,1,0,0,1.00,메어리 1,,
person:메어리,메어리,287,event_liarsend,4,1,1,1,0.50,메어리 4,지휘관 1,
person:메어리,메어리,300,event_goldencoinrush1,121,91,27,30,0.77,메어리 121,지휘관 3,
person:메어리,메어리,304,char:551,7,7,1,1,0.88,메어리 7,,
person:메어리,메어리,305,event_beautyfullshot1,75,75,12,33,0.86,메어리 75,지휘관 2,
person:메어리,메어리,306,char:284,18,14,3,2,0.82,메어리 18,지휘관 4,
person:메어리,메어리,331,side:wordless,36,30,4,10,0.88,메어리 36,,
person:메어리,메어리,333,char:240,12,10,5,3,0.67,메어리 12,,
person:메어리,메어리,362,char:836,73,79,13,33,0.86,메어리 73,지휘관 10 · 당신 2,
person:메어리,메어리,383,event_arcanearchive,48,30,9,21,0.77,메어리 48,지휘관 2,
person:메어리,메어리,425,fl:terminus_ticket,122,89,15,18,0.86,메어리 122,지휘관 5,
person:메이든,메이든,73,ch12,8,4,1,10,0.80,메이든 8,,
person:메이든,메이든,109,char:181,302,179,57,106,0.76,메이든 302,지휘관 20 · 당신 2,
person:메이든,메이든,159,event_miraclesnow1,43,31,15,14,0.67,메이든 43,,
person:메이든,메이든,217,ch23,20,13,3,4,0.81,메이든 20,지휘관 3,
person:메이든,메이든,298,event_darkhero,145,107,20,35,0.84,메이든 145,지휘관 5 · 당신 3 · 보스 1,
person:메이든,메이든,305,event_beautyfullshot1,189,159,33,57,0.83,메이든 189,지휘관 5 · 보스 2 · 당신 1,
person:메이든,메이든,306,char:284,1,1,0,0,1.00,메이든 1,,
person:메이든,메이든,347,event_icedragonsaga1,576,403,91,148,0.82,메이든 576,지휘관 29 · 당신 14 · 보스 3 · 마스터 1,
person:메이든,메이든,348,char:183,205,127,38,61,0.77,메이든 205,지휘관 17 · 당신 2,
person:메이든,메이든,349,char:182,8,6,4,1,0.60,메이든 8,지휘관 1,
person:메이슨_박사,메이슨 박사,178,char:311,16,7,3,11,0.70,메이슨 박사 16,당신 1,
person:메카_시프티,메카 시프티,369,event_foolburstday,284,226,37,114,0.86,메카 시프티 284,지휘관 13 · 당신 7,
person:멜런,멜런,442,fl:enter_heaven,30,0,19,7,0.00,멜런 30,당신 4,
person:모건,모건,224,event_goldenship,5,0,6,4,0.00,모건 5,,
person:모건,모건,225,char:350,6,0,6,6,0.00,모건 6,,
person:모나,모나,474,fl:persona_on_frontline,205,0,205,90,0.00,모나 205,지휘관 6,
person:모더니아,모더니아,11,ch06,9,9,0,6,1.00,모더니아 9,당신 3,
person:모더니아,모더니아,42,ch07,33,18,4,19,0.82,모더니아 33,당신 4,
person:모더니아,모더니아,76,ch13,95,55,19,51,0.74,모더니아 95,지휘관 16 · 당신 1,
person:모더니아,모더니아,164,char:260,129,88,27,53,0.77,모더니아 129,지휘관 15,
person:모더니아,모더니아,472,ch48,4,4,0,4,1.00,모더니아 4,지휘관 1,
person:모르가나,모르가나,474,fl:persona_on_frontline,15,0,15,4,0.00,모르가나 15,지휘관 2,
person:모르가나,모르가나,476,char:870,52,0,45,14,0.00,모르가나 52,,
person:모리,모리,377,event_unbreakablesphere1,915,4,709,434,0.01,모리 915,,
person:모리,모리,378,erelic:unbreakable_sphere_dialog,45,0,31,19,0.00,모리 45,,
person:모리,모리,381,char:590,181,58,71,102,0.45,모리 181,,
person:모리,모리,414,ch41,13,0,14,9,0.00,모리 13,,
person:모리,모리,416,ch42,71,13,41,56,0.24,모리 71,,
person:모리,모리,464,fl:wave_to_you,152,3,109,47,0.03,모리 152,,
person:모리,모리,466,char:322,1,0,1,0,0.00,모리 1,,
person:모리,모리,478,fl:great_villain_union,9,3,7,2,0.30,모리 9,,
person:목단,목단,185,event_cherryblossom,143,0,116,77,0.00,목단 143,,
person:목단,목단,197,ch22,98,0,90,40,0.00,목단 98,,
person:목단,목단,210,event_queensorder,23,0,18,4,0.00,목단 23,,
person:목단,목단,217,ch23,127,0,121,57,0.00,목단 127,,
person:목단,목단,221,ch24,22,1,27,7,0.04,목단 22,,
person:목단,목단,262,event_dirtybackyard,419,0,319,130,0.00,목단 419,보스 1,
person:목단,목단,263,char:281,286,1,224,123,0.00,목단 286,지휘관 1,
person:목단,목단,305,event_beautyfullshot1,53,0,43,23,0.00,목단 53,보스 1,
person:목단,목단,347,event_icedragonsaga1,10,0,9,1,0.00,목단 10,,
person:목단,목단,385,event_lordforjustice,150,0,149,56,0.00,목단 150,,
person:목단,목단,436,ch44,150,0,135,65,0.00,목단 150,,
person:목단,목단,462,fl:ark_ranger,134,3,134,46,0.02,목단 134,보스 1,
person:문구점,문구점,198,sub:문구점_00,39,17,8,10,0.68,문구점 39,지휘관님 2,
person:뮤직_마스터,뮤직 마스터,69,sub:음악_애호가_00,12,4,5,12,0.44,뮤직 마스터 12,선배 1,
person:미란다,미란다,93,char:180,5,3,3,3,0.50,미란다 5,지휘관님 1,
person:미란다,미란다,110,char:32,267,193,89,117,0.68,미란다 267,지휘관 25,
person:미란다,미란다,111,char:61,13,11,2,7,0.85,미란다 13,지휘관 1,
person:미란다,미란다,112,char:161,5,3,3,6,0.50,미란다 5,당신 1,
person:미란다,미란다,126,char:191,6,5,1,2,0.83,미란다 6,지휘관 2,
person:미란다,미란다,130,char:210,8,4,1,5,0.80,미란다 8,,
person:미란다,미란다,139,char:30,42,21,14,19,0.60,미란다 42,,
person:미란다,미란다,159,event_miraclesnow1,4,4,0,0,1.00,미란다 4,,
person:미란다,미란다,174,char:111,16,13,3,4,0.81,미란다 16,지휘관 2,
person:미란다,미란다,181,char:801,2,2,0,0,1.00,미란다 2,,
person:미란다,미란다,182,char:802,70,48,23,33,0.68,미란다 70,지휘관 3,
person:미란다,미란다,183,event_bowwowparadise,20,15,4,8,0.79,미란다 20,,
person:미란다,미란다,184,char:381,3,3,1,3,0.75,미란다 3,,
person:미란다,미란다,188,event_fullfoolday,1,0,0,2,,미란다 1,지휘관 1,
person:미란다,미란다,191,ch21,16,10,3,10,0.77,미란다 16,,
person:미란다,미란다,197,ch22,44,34,10,24,0.77,미란다 44,지휘관 2,
person:미란다,미란다,217,ch23,16,15,6,3,0.71,미란다 16,,
person:미란다,미란다,221,ch24,12,10,3,6,0.77,미란다 12,,
person:미란다,미란다,230,event_firstaffection,8,8,0,3,1.00,미란다 8,,
person:미란다,미란다,239,event_freezeacpu,101,82,10,18,0.89,미란다 101,,
person:미란다,미란다,240,char:33,28,21,6,8,0.78,미란다 28,지휘관 3,
person:미란다,미란다,287,event_liarsend,32,24,5,11,0.83,미란다 32,지휘관 6,
person:미란다,미란다,289,event_onemoretime,17,13,4,5,0.76,미란다 17,,
person:미란다,미란다,328,event_phantomthiefvsdetective,325,259,53,104,0.83,미란다 325,지휘관 6,
person:미란다,미란다,329,char:403,24,20,2,10,0.91,미란다 24,지휘관 1,
person:미란다,미란다,347,event_icedragonsaga1,20,18,2,1,0.90,미란다 20,당신 1,
person:미란다,미란다,349,char:182,5,5,1,0,0.83,미란다 5,,
person:미란다,미란다,352,char:16,27,25,5,4,0.83,미란다 27,지휘관 3,
person:미란다,미란다,366,char:412,41,31,9,12,0.78,미란다 41,지휘관 4,
person:미란다,미란다,369,event_foolburstday,6,9,0,0,1.00,미란다 6,,
person:미란다,미란다,383,event_arcanearchive,3,3,0,0,1.00,미란다 3,지휘관 1,
person:미란다,미란다,407,fl:reborn_evil,139,99,18,36,0.85,미란다 139,,
person:미란다,미란다,410,char:841,63,32,16,14,0.67,미란다 63,,
person:미란다,미란다,412,fl:go_ninja_thief,165,121,14,45,0.90,미란다 165,지휘관 1,
person:미란다,미란다,413,char:23,55,33,5,19,0.87,미란다 55,지휘관 9,
person:미란다,미란다,448,fl:good_world,33,20,7,6,0.74,미란다 33,지휘관 3,
person:미란다,미란다,474,fl:persona_on_frontline,125,140,6,24,0.96,미란다 125,지휘관 6 · 당신 1,
person:미란다,미란다,477,char:871,3,3,0,0,1.00,미란다 3,,
person:미러,미러,338,event_oldtales1,62,0,63,9,0.00,미러 62,,
person:미러,미러,339,erelic:old_tales_dialog,9,0,9,1,0.00,미러 9,,
person:미러,미러,418,event_goddessfall1,244,209,59,68,0.78,미러 244,당신 7,존댓말 0%→78%
person:미러,미러,428,fl:ark_guardian,12,8,3,4,0.73,미러 12,당신 2,
person:미러,미러,452,ch46,201,153,54,65,0.74,미러 201,당신 19,
person:미러,미러,472,ch48,2,1,0,1,1.00,미러 2,,
person:미사토,미사토,321,char:833,107,1,76,41,0.01,미사토 107,선생님 8,
person:미세스_미스,미세스 미스,398,ch40,132,0,120,37,0.00,미세스 미스 132,,
person:미세스_미스,미세스 미스,414,ch41,91,0,98,23,0.00,미세스 미스 91,,
person:미세스_미스,미세스 미스,416,ch42,36,0,33,13,0.00,미세스 미스 36,,
person:미세스_미스,미세스 미스,447,side:pretty_star,154,1,146,39,0.01,미세스 미스 154,,
person:미세스_미스,미세스 미스,454,event_staranis1,60,0,57,16,0.00,미세스 미스 60,,
person:미친개,미친개,400,fl:absolute,4,0,3,2,0.00,미친개 4,,
person:미카,미카,111,char:61,286,130,140,96,0.48,미카 286,아저씨 26 · 지휘관님 3 · 지휘관 1,
person:미카,미카,115,char:60,33,22,9,8,0.71,미카 33,아저씨 10 · 지휘관님 1,
person:미카,미카,159,event_miraclesnow1,1,0,1,0,0.00,미카 1,,
person:미카,미카,188,event_fullfoolday,23,7,13,18,0.35,미카 23,아저씨 3,
person:미카,미카,207,event_BunnyX777,11,10,4,1,0.71,미카 11,아저씨 1,
person:미카,미카,228,char:351,20,17,4,10,0.81,미카 20,아저씨 2,
person:미카,미카,230,event_firstaffection,8,5,2,2,0.71,미카 8,아저씨 2,
person:미카,미카,255,event_neverland1,537,188,249,262,0.43,미카 537,아저씨 20 · 선생님 4,
person:미카,미카,256,char:194,13,8,2,5,0.80,미카 13,아저씨 3,
person:미카,미카,257,char:62,210,108,93,83,0.54,미카 210,아저씨 22,
person:미카,미카,263,char:281,5,4,0,2,1.00,미카 5,아저씨 1,
person:미카,미카,287,event_liarsend,8,3,0,7,1.00,미카 8,아저씨 1,
person:미카,미카,351,event_outofuniform,12,7,9,4,0.44,미카 12,,
person:미카,미카,477,char:871,35,29,5,9,0.85,미카 35,아저씨 1,
person:미하라,미하라,3,ch02,13,3,8,7,0.27,미하라 13,,
person:미하라,미하라,6,ch03,73,0,68,41,0.00,미하라 73,지휘관 3,
person:미하라,미하라,8,ch04,95,0,88,43,0.00,미하라 95,지휘관 6,
person:미하라,미하라,73,ch12,10,1,12,4,0.08,미하라 10,,
person:미하라,미하라,87,ch16,6,1,4,4,0.20,미하라 6,,
person:미하라,미하라,112,char:161,225,0,188,122,0.00,미하라 225,지휘관 16,
person:미하라,미하라,131,char:90,2,0,1,1,0.00,미하라 2,,
person:미하라,미하라,132,char:160,60,0,52,33,0.00,미하라 60,지휘관 7,
person:미하라,미하라,148,ch17,12,0,11,4,0.00,미하라 12,,
person:미하라,미하라,185,event_cherryblossom,27,0,27,5,0.00,미하라 27,지휘관 4,
person:미하라,미하라,217,ch23,22,9,14,2,0.39,미하라 22,,
person:미하라,미하라,221,ch24,22,0,17,7,0.00,미하라 22,,
person:미하라,미하라,331,side:wordless,469,34,339,154,0.09,미하라 469,선생님 4 · 지휘관 1,호칭 지휘관→선생님
person:미하라,미하라,370,side:mudfish,21,0,15,5,0.00,미하라 21,,
person:미하라,미하라,377,event_unbreakablesphere1,773,40,569,308,0.07,미하라 773,,
person:미하라,미하라,378,erelic:unbreakable_sphere_dialog,39,0,40,5,0.00,미하라 39,,
person:미하라,미하라,382,char:162,269,0,206,104,0.00,미하라 269,당신 1,
person:민트,민트,375,ch38,90,5,72,48,0.06,민트 90,,
person:민트,민트,398,ch40,57,1,37,31,0.03,민트 57,,
person:민트,민트,414,ch41,47,11,23,20,0.32,민트 47,,
person:민트,민트,416,ch42,27,0,14,20,0.00,민트 27,,
person:민트,민트,454,event_staranis1,358,82,288,121,0.22,민트 358,,
person:민트,민트,458,fl:b-side_idol,559,267,154,134,0.63,민트 559,지휘관님 4 · 지휘관 3 · 오빠 1,
person:민트,민트,459,char:600,258,142,71,43,0.67,민트 258,,
person:민트,민트,460,fl:bitter_spice,201,49,105,56,0.32,민트 201,,
person:민트,민트,461,char:601,14,3,13,6,0.19,민트 14,,
person:밀크,밀크,94,char:11,39,0,39,23,0.00,밀크 39,,
person:밀크,밀크,98,char:20,3,0,3,2,0.00,밀크 3,,
person:밀크,밀크,111,char:61,2,0,2,2,0.00,밀크 2,,
person:밀크,밀크,113,char:141,301,0,261,113,0.00,밀크 301,지휘관 1,
person:밀크,밀크,141,char:170,26,0,23,14,0.00,밀크 26,지휘관 2,
person:밀크,밀크,142,char:142,99,0,95,44,0.00,밀크 99,,
person:밀크,밀크,159,event_miraclesnow1,2,0,2,1,0.00,밀크 2,,
person:밀크,밀크,177,event_maidinvalentine,17,0,15,10,0.00,밀크 17,,
person:밀크,밀크,188,event_fullfoolday,23,0,9,13,0.00,밀크 23,,
person:밀크,밀크,207,event_BunnyX777,7,0,5,3,0.00,밀크 7,,
person:밀크,밀크,222,sub:해결사_카페_스위티_00,31,0,19,12,0.00,밀크 31,,
person:밀크,밀크,240,char:33,36,0,31,13,0.00,밀크 36,,
person:밀크,밀크,263,char:281,3,0,2,1,0.00,밀크 3,,
person:밀크,밀크,300,event_goldencoinrush1,109,0,82,44,0.00,밀크 109,,
person:밀크,밀크,303,event_claymore,231,1,198,82,0.01,밀크 231,,
person:밀크,밀크,355,event_romanticvalentine,21,0,19,17,0.00,밀크 21,,
person:밀크,밀크,404,fl:coins_in_rush,473,6,371,222,0.02,밀크 473,,
person:밀크,밀크,406,char:143,174,0,111,84,0.00,밀크 174,오빠 2,
person:밀크,밀크,438,fl:lie_cause_recoil,306,0,240,76,0.00,밀크 306,,
person:밀크,밀크,439,char:860,12,0,9,5,0.00,밀크 12,,
person:밀크,밀크,441,char:861,99,0,84,27,0.00,밀크 99,,
person:바비,바비,183,event_bowwowparadise,1,0,0,3,,바비 1,,
person:바이퍼,바이퍼,87,ch16,69,0,68,26,0.00,바이퍼 69,,
person:바이퍼,바이퍼,137,char:110,5,0,8,0,0.00,바이퍼 5,,
person:바이퍼,바이퍼,171,event_doutsiders,154,0,146,75,0.00,바이퍼 154,,
person:바이퍼,바이퍼,176,char:112,260,7,242,117,0.03,바이퍼 260,지휘관 2,
person:바이퍼,바이퍼,207,event_BunnyX777,22,0,17,10,0.00,바이퍼 22,,
person:바이퍼,바이퍼,217,ch23,104,0,87,48,0.00,바이퍼 104,,
person:바이퍼,바이퍼,221,ch24,131,0,117,41,0.00,바이퍼 131,,
person:바이퍼,바이퍼,305,event_beautyfullshot1,372,2,337,163,0.01,바이퍼 372,보스 1,
person:바이퍼,바이퍼,307,char:283,7,0,3,5,0.00,바이퍼 7,,
person:바이퍼,바이퍼,396,ch39,150,3,147,53,0.02,바이퍼 150,보스 1,
person:바이퍼,바이퍼,398,ch40,106,0,120,44,0.00,바이퍼 106,,
person:바이퍼,바이퍼,416,ch42,36,0,43,13,0.00,바이퍼 36,,
person:바이퍼,바이퍼,436,ch44,30,0,33,13,0.00,바이퍼 30,보스 1,
person:바이퍼,바이퍼,442,fl:enter_heaven,158,0,134,72,0.00,바이퍼 158,,
person:바이퍼,바이퍼,443,char:113,73,0,65,23,0.00,바이퍼 73,지휘관 1,
person:바이퍼,바이퍼,450,ch45,24,0,23,9,0.00,바이퍼 24,,
person:바하무트,바하무트,414,ch41,108,1,108,24,0.01,바하무트 108,,
person:바하무트,바하무트,416,ch42,14,1,16,3,0.06,바하무트 14,선생님 1,
person:바하무트,바하무트,452,ch46,26,0,29,9,0.00,바하무트 26,,
person:바하무트,바하무트,470,ch47,39,3,42,15,0.07,바하무트 39,선생님 1,
person:바하무트,바하무트,472,ch48,17,0,15,10,0.00,바하무트 17,,
person:바하무트,바하무트,478,fl:great_villain_union,14,0,12,3,0.00,바하무트 14,,
person:방주_난민,방주 난민,88,sub:방주_난민_00,62,42,9,12,0.82,방주 난민 62,지휘관 1,
person:방주_난민,방주 난민,89,sub:방주_난민_01,70,41,3,25,0.93,방주 난민 69 · 방주난민 1,지휘관님 5,이름표 방주난민
person:방주_난민,방주 난민,90,sub:방주_난민_02,73,43,12,19,0.78,방주 난민 73,지휘관님 5 · 지휘관 1,
person:방주_난민,방주 난민,91,sub:방주_난민_03,41,16,8,16,0.67,방주 난민 41,지휘관님 1,
person:백학,백학,448,fl:good_world,775,478,193,192,0.71,백학 775,당신 4 · 지휘관 2 · 선생님 1,
person:백학,백학,449,char:620,226,167,53,64,0.76,백학 226,,
person:버닝엄,버닝엄,77,sub:세르반_03,24,0,16,8,0.00,버닝엄 24,,
person:버닝엄,버닝엄,80,ch14,20,0,17,11,0.00,버닝엄 20,지휘관 1,
person:버닝엄,버닝엄,147,char:352,25,11,16,12,0.41,버닝엄 25,,
person:버닝엄,버닝엄,152,ch18,11,1,6,7,0.14,버닝엄 11,지휘관 1,
person:버닝엄,버닝엄,163,event_brandnewyear,18,0,16,4,0.00,버닝엄 18,,
person:버닝엄,버닝엄,212,event_bluewaterisland,10,0,10,1,0.00,버닝엄 10,,
person:버닝엄,버닝엄,217,ch23,44,1,35,23,0.03,버닝엄 44,지휘관 1,
person:버닝엄,버닝엄,221,ch24,83,0,67,29,0.00,버닝엄 83,,
person:버닝엄,버닝엄,226,event_seayouagain1,46,0,33,16,0.00,버닝엄 46,,
person:버닝엄,버닝엄,241,ch25,30,0,29,10,0.00,버닝엄 30,지휘관 1,
person:버닝엄,버닝엄,244,ch26,34,0,26,11,0.00,버닝엄 34,,
person:버닝엄,버닝엄,436,ch44,141,1,132,37,0.01,버닝엄 141,지휘관 6,
person:버닝엄,버닝엄,447,side:pretty_star,5,3,0,2,1.00,버닝엄 5,,
person:버닝엄,버닝엄,450,ch45,38,0,23,15,0.00,버닝엄 38,,
person:버닝엄,버닝엄,452,ch46,139,2,119,48,0.02,버닝엄 139,당신 1,
person:버닝엄,버닝엄,470,ch47,26,0,21,3,0.00,버닝엄 26,,
person:버닝엄,버닝엄,472,ch48,7,0,3,5,0.00,버닝엄 7,,
person:버디,버디,183,event_bowwowparadise,2,0,2,4,0.00,버디 2,,
person:버디,버디,238,char:451,3,0,0,4,,버디 3,,
person:베스티,베스티,8,ch04,7,0,8,4,0.00,베스티 7,지휘관님 1,
person:베스티,베스티,62,ch10,41,0,25,28,0.00,베스티 41,,
person:베스티,베스티,68,ch11,2,0,1,0,0.00,베스티 2,,
person:베스티,베스티,73,ch12,5,0,4,4,0.00,베스티 5,,
person:베스티,베스티,76,ch13,4,0,5,2,0.00,베스티 4,,
person:베스티,베스티,114,char:91,283,0,223,155,0.00,베스티 283,지휘관님 29 · 지휘관 3,
person:베스티,베스티,127,char:201,17,0,17,8,0.00,베스티 17,지휘관님 1 · 지휘관 1,
person:베스티,베스티,132,char:160,2,0,0,2,,베스티 2,지휘관 1,
person:베스티,베스티,135,char:92,5,0,6,1,0.00,베스티 5,지휘관 2,
person:베스티,베스티,255,event_neverland1,67,1,54,33,0.02,베스티 67,지휘관님 3,
person:베스티,베스티,308,ch31,52,0,33,32,0.00,베스티 52,지휘관님 1,
person:베스티,베스티,310,ch32,67,0,55,38,0.00,베스티 67,지휘관님 2,
person:베스티,베스티,334,ch33,1,0,1,2,0.00,베스티 1,지휘관님 1,
person:베스티,베스티,336,ch34,53,0,45,21,0.00,베스티 53,,
person:베스티,베스티,347,event_icedragonsaga1,52,0,36,23,0.00,베스티 52,마스터 1,
person:베스티,베스티,348,char:183,15,0,8,16,0.00,베스티 15,,
person:베스티,베스티,349,char:182,37,0,30,18,0.00,베스티 37,,
person:베스티,베스티,400,fl:absolute,385,0,262,169,0.00,베스티 385,,
person:베스티,베스티,403,char:94,290,0,270,163,0.00,베스티 290,지휘관님 80,
person:베스티,베스티,445,fl:2x2_love_2ch,34,0,24,12,0.00,베스티 34,지휘관님 2,
person:베스티,베스티,474,fl:persona_on_frontline,10,0,3,9,0.00,베스티 10,지휘관님 1,
person:베스티,베스티,477,char:871,11,0,6,7,0.00,베스티 11,지휘관님 1,
person:베아트리체,베아트리체,184,char:381,39,0,0,38,,베아트리체 39,,
person:베이,베이,289,event_onemoretime,550,0,419,181,0.00,베이 550,,
person:베이,베이,290,char:550,277,0,178,108,0.00,베이 277,,
person:베이,베이,303,event_claymore,67,0,43,22,0.00,베이 67,,
person:베이,베이,304,char:551,20,0,17,9,0.00,베이 20,,
person:베이,베이,369,event_foolburstday,15,0,10,3,0.00,베이 15,,
person:베이,베이,404,fl:coins_in_rush,131,0,93,52,0.00,베이 131,,
person:베히모스,베히모스,308,ch31,120,0,99,55,0.00,베히모스 120,지휘관 1,
person:베히모스,베히모스,310,ch32,151,0,134,69,0.00,베히모스 151,,
person:베히모스,베히모스,334,ch33,165,0,143,92,0.00,베히모스 165,,
person:베히모스,베히모스,336,ch34,165,0,144,96,0.00,베히모스 165,,
person:베히모스,베히모스,398,ch40,27,1,25,14,0.04,베히모스 27,선배님 1,
person:베히모스,베히모스,400,fl:absolute,1,0,2,0,0.00,베히모스 1,,
person:베히모스,베히모스,414,ch41,88,0,75,39,0.00,베히모스 88,,
person:베히모스,베히모스,416,ch42,63,0,47,37,0.00,베히모스 63,,
person:베히모스,베히모스,452,ch46,41,0,47,17,0.00,베히모스 41,,
person:베히모스,베히모스,470,ch47,31,0,34,16,0.00,베히모스 31,,
person:베히모스,베히모스,472,ch48,18,0,19,10,0.00,베히모스 18,,
person:베히모스,베히모스,478,fl:great_villain_union,2,0,2,0,0.00,베히모스 2,,
person:벨로타,벨로타,111,char:61,105,2,80,49,0.02,벨로타 105,아저씨 13,
person:벨로타,벨로타,115,char:60,232,2,182,91,0.01,벨로타 232,아저씨 53 · 지휘관 4,
person:벨로타,벨로타,159,event_miraclesnow1,1,0,0,1,,벨로타 1,,
person:벨로타,벨로타,188,event_fullfoolday,41,1,32,19,0.03,벨로타 41,아저씨 9,
person:벨로타,벨로타,228,char:351,35,0,32,15,0.00,벨로타 35,아저씨 1,
person:벨로타,벨로타,230,event_firstaffection,11,0,7,4,0.00,벨로타 11,아저씨 3,
person:벨로타,벨로타,255,event_neverland1,397,1,360,214,0.00,벨로타 397,아저씨 27 · 선생님 1,
person:벨로타,벨로타,257,char:62,126,1,99,59,0.01,벨로타 126,아저씨 12,
person:벨로타,벨로타,263,char:281,10,0,11,4,0.00,벨로타 10,아저씨 1,
person:벨로타,벨로타,325,event_jinxplayer,44,0,40,13,0.00,벨로타 44,아저씨 3,
person:벨로타,벨로타,351,event_outofuniform,28,1,27,7,0.04,벨로타 28,,
person:벨벳,벨벳,404,fl:coins_in_rush,183,1,140,84,0.01,벨벳 183,지휘관 3,
person:벨벳,벨벳,432,fl:fatal_maid,408,16,275,184,0.05,벨벳 408,주인님 21 · 선배님 4 · 선배 1,호칭 지휘관→주인님
person:벨벳,벨벳,433,char:316,238,6,174,87,0.03,벨벳 238,주인님 50 · 여보 1,
person:보라_올빼미,보라 올빼미,135,char:92,14,5,5,12,0.50,보라 올빼미 14,,
person:볼륨,볼륨,116,char:431,205,2,211,56,0.01,볼륨 205,,
person:볼륨,볼륨,300,event_goldencoinrush1,97,0,65,19,0.00,볼륨 97,,
person:볼륨,볼륨,347,event_icedragonsaga1,35,0,21,5,0.00,볼륨 35,,
person:볼륨,볼륨,349,char:182,14,0,6,3,0.00,볼륨 14,,
person:볼륨,볼륨,396,ch39,33,0,31,7,0.00,볼륨 33,보스 1,
person:볼륨,볼륨,426,char:75,16,0,9,5,0.00,볼륨 16,,
person:볼트,볼트,59,sub:미실리스_연구팀_02,4,0,0,3,,볼트 4,,
person:볼트,볼트,60,sub:미실리스_연구팀_03,5,0,0,3,,볼트 5,,
person:볼트,볼트,106,char:82,11,0,0,11,,볼트 11,,
person:볼트,볼트,112,char:161,2,0,0,2,,볼트 2,,
person:볼트,볼트,183,event_bowwowparadise,3,0,0,3,,볼트 3,,
person:볼트,볼트,184,char:381,7,0,0,7,,볼트 7,,
person:볼트,볼트,212,event_bluewaterisland,17,0,0,19,,볼트 17,,
person:볼트,볼트,213,char:132,8,0,0,7,,볼트 8,,
person:볼트,볼트,214,char:14,1,0,0,1,,볼트 1,,
person:볼트,볼트,226,event_seayouagain1,2,0,0,2,,볼트 2,,
person:볼트,볼트,240,char:33,1,0,0,2,,볼트 1,,
person:볼트,볼트,365,fl:for_rest,7,0,0,7,,볼트 7,,
person:볼트_MK.II,볼트 MK.II,57,sub:미실리스_연구팀_00,3,0,0,2,,볼트 MK.II 3,,
person:볼트_MK.II,볼트 MK.II,58,sub:미실리스_연구팀_01,8,0,0,8,,볼트 MK.II 8,,
person:볼트_MK.II,볼트 MK.II,59,sub:미실리스_연구팀_02,10,0,0,17,,볼트 MK.II 10,,
person:부부,부부,183,event_bowwowparadise,2,0,1,4,0.00,부부 2,,
person:브래디,브래디,367,event_newflavor,580,3,368,207,0.01,브래디 580,지휘관 17,
person:브래디,브래디,368,char:520,216,0,150,56,0.00,브래디 216,,
person:브래디,브래디,371,event_trueflavor,283,0,192,79,0.00,브래디 283,지휘관 1,
person:브래디,브래디,372,char:521,40,0,28,15,0.00,브래디 40,,
person:브루스,브루스,468,char:103,22,0,0,24,,브루스 22,,
person:브리드,브리드,76,ch13,10,9,0,4,1.00,브리드 10,,
person:브리드,브리드,101,char:72,30,24,3,7,0.89,브리드 30,지휘관 1,
person:브리드,브리드,117,char:70,277,190,54,83,0.78,브리드 277,지휘관 28,
person:브리드,브리드,285,char:821,2,2,0,0,1.00,브리드 2,,
person:브리드,브리드,286,char:820,3,3,1,0,0.75,브리드 3,,
person:브리드,브리드,351,event_outofuniform,14,13,1,0,0.93,브리드 14,,
person:브리드,브리드,354,char:290,2,0,0,1,,브리드 2,,
person:브리드,브리드,423,fl:blank_ticket,42,34,2,5,0.94,브리드 42,,
person:브리드,브리드,424,char:74,41,27,2,9,0.93,브리드 41,지휘관 3,
person:브리드,브리드,425,fl:terminus_ticket,207,139,9,38,0.94,브리드 207,당신 1,
person:브리드,브리드,426,char:75,20,13,1,2,0.93,브리드 20,지휘관 1,
person:브리드,브리드,427,char:73,176,98,35,58,0.74,브리드 176,지휘관 22,
person:블랑,블랑,197,ch22,36,22,10,7,0.69,블랑 36,,
person:블랑,블랑,207,event_BunnyX777,156,99,35,45,0.74,블랑 156,당신 3,
person:블랑,블랑,208,char:270,303,230,65,82,0.78,블랑 303,,
person:블랑,블랑,209,char:271,7,0,7,2,0.00,블랑 7,,
person:블랑,블랑,236,event_dazzlingcupid,12,10,2,4,0.83,블랑 12,선생님 1,
person:블랑,블랑,246,sub:코인_러시_00,24,13,4,8,0.76,블랑 24,,
person:블랑,블랑,255,event_neverland1,115,78,49,33,0.61,블랑 115,,
person:블랑,블랑,287,event_liarsend,7,6,0,3,1.00,블랑 7,,
person:블랑,블랑,289,event_onemoretime,14,11,4,7,0.73,블랑 14,,
person:블랑,블랑,300,event_goldencoinrush1,67,34,29,15,0.54,블랑 67,,
person:블랑,블랑,325,event_jinxplayer,117,33,62,43,0.35,블랑 117,마스터 3,
person:블랑,블랑,327,char:272,13,3,6,7,0.33,블랑 13,,
person:비스킷,비스킷,183,event_bowwowparadise,385,159,217,180,0.42,비스킷 385,,
person:비스킷,비스킷,184,char:381,275,124,160,155,0.44,비스킷 275,주인님 1,
person:비스킷,비스킷,208,char:270,8,5,3,5,0.63,비스킷 8,,
person:비스킷,비스킷,215,event_nyanyaparadise,30,11,12,12,0.48,비스킷 30,,
person:비스킷,비스킷,235,char:321,44,33,12,5,0.73,비스킷 44,,
person:비스킷,비스킷,238,char:451,9,5,5,2,0.50,비스킷 9,,
person:비스킷,비스킷,260,event_lionheart,238,129,81,67,0.61,비스킷 238,,
person:비스킷,비스킷,261,char:382,24,13,6,8,0.68,비스킷 24,,
person:비스킷,비스킷,345,event_secretgarden,278,173,85,149,0.67,비스킷 278,당신 1,
person:비스킷,비스킷,365,fl:for_rest,15,13,2,3,0.87,비스킷 15,,
person:비스킷,비스킷,468,char:103,48,26,20,18,0.57,비스킷 48,,
person:빅_마담,빅 마담,434,ch43,55,0,51,22,0.00,빅 마담 55,,
person:빨간_올빼미,빨간 올빼미,135,char:92,13,7,4,9,0.64,빨간 올빼미 13,,
person:사라,사라,448,fl:good_world,55,34,9,17,0.79,사라 55,선생님 9,
person:사쿠라,사쿠라,178,char:311,18,11,5,7,0.69,사쿠라 18,,
person:사쿠라,사쿠라,185,event_cherryblossom,492,313,87,141,0.78,사쿠라 492,당신 15 · 보스 6,
person:사쿠라,사쿠라,187,char:282,350,198,76,88,0.72,사쿠라 350,지휘관 2,
person:사쿠라,사쿠라,197,ch22,121,95,15,38,0.86,사쿠라 121,당신 1,
person:사쿠라,사쿠라,210,event_queensorder,86,55,15,18,0.79,사쿠라 86,당신 8,
person:사쿠라,사쿠라,217,ch23,28,27,1,6,0.96,사쿠라 28,당신 3,
person:사쿠라,사쿠라,221,ch24,13,8,1,7,0.89,사쿠라 13,당신 2,
person:사쿠라,사쿠라,262,event_dirtybackyard,23,14,4,7,0.78,사쿠라 23,,
person:사쿠라,사쿠라,263,char:281,10,5,1,6,0.83,사쿠라 10,,
person:사쿠라,사쿠라,305,event_beautyfullshot1,509,350,75,128,0.82,사쿠라 509,당신 1,
person:사쿠라,사쿠라,306,char:284,218,125,26,40,0.83,사쿠라 218,,
person:사쿠라,사쿠라,347,event_icedragonsaga1,18,12,2,6,0.86,사쿠라 18,,
person:사쿠라,사쿠라,436,ch44,86,61,14,24,0.81,사쿠라 86,당신 10 · 보스 1,
person:사쿠라_콜라보,사쿠라,362,char:836,130,104,20,47,0.84,사쿠라(코드) 130,지휘관 9 · 선생님 1,
person:사토우,사토우,178,char:311,27,0,22,13,0.00,사토우 27,,
person:산해진미,산해진미,35,sub:산해진미_00,44,0,2,43,0.00,산해진미 44,지휘관 1,
person:산해진미,산해진미,36,sub:산해진미_01,59,0,9,49,0.00,산해진미 59,지휘관 3,
person:세르반,세르반,7,sub:세르반_00,60,37,9,13,0.80,세르반 60,당신 5 · 지휘관 2 · 선생님 1,
person:세르반,세르반,39,sub:세르반_01,82,52,10,23,0.84,세르반 82,당신 6 · 선생님 1,
person:세르반,세르반,44,sub:세르반_02,45,28,6,11,0.82,세르반 45,당신 5,
person:세르반,세르반,77,sub:세르반_03,68,43,9,16,0.83,세르반 68,당신 6 · 지휘관 1,
person:세실,세실,165,ch19,25,17,5,11,0.77,세실 25,당신 5 · 지휘관 2,
person:세실,세실,168,ch20,86,60,11,41,0.85,세실 86,당신 12 · 지휘관 1,
person:세실,세실,186,char:261,30,20,4,6,0.83,세실 30,당신 1,
person:세실,세실,191,ch21,230,189,33,77,0.85,세실 230,당신 19,
person:세실,세실,192,sub:에덴_Notice_00,35,20,9,8,0.69,세실 35,당신 4,
person:세실,세실,193,sub:에덴_Notice_01,47,26,6,15,0.81,세실 47,당신 1,
person:세실,세실,194,sub:에덴_Notice_02,5,5,0,0,1.00,세실 5,,
person:세실,세실,411,side:eden_spear,165,139,11,31,0.93,세실 165,당신 3,
person:세실,세실,418,event_goddessfall1,127,127,5,38,0.96,세실 127,당신 8,
person:세실,세실,419,erelic:goddess_fall_mini,212,124,38,62,0.77,세실 212,당신 17,
person:세실,세실,428,fl:ark_guardian,74,73,6,15,0.92,세실 74,당신 6 · 지휘관 1,
person:세실,세실,436,ch44,53,52,4,12,0.93,세실 53,당신 4,
person:세실,세실,450,ch45,11,10,1,3,0.91,세실 11,,
person:세실,세실,452,ch46,38,31,2,22,0.94,세실 38,,
person:세실,세실,470,ch47,97,91,12,26,0.88,세실 97,당신 3,
person:세실,세실,472,ch48,41,25,5,8,0.83,세실 41,당신 2,
person:세이라,세이라,350,event_footstepwalkrun1,88,10,70,54,0.13,세이라 88,,
person:센티,센티,59,sub:미실리스_연구팀_02,14,1,15,5,0.06,센티 14,선배님 1,
person:센티,센티,60,sub:미실리스_연구팀_03,6,1,5,2,0.17,센티 6,,
person:센티,센티,106,char:82,8,0,6,4,0.00,센티 8,선배 3 · 선배님 2,
person:센티,센티,118,char:80,258,0,235,72,0.00,센티 258,,
person:센티,센티,142,char:142,10,0,11,4,0.00,센티 10,,
person:센티,센티,183,event_bowwowparadise,12,0,15,3,0.00,센티 12,선배님 1,
person:센티,센티,263,char:281,1,0,1,0,0.00,센티 1,,
person:센티,센티,349,char:182,2,0,2,1,0.00,센티 2,선배님 1,
person:센티,센티,365,fl:for_rest,73,3,65,11,0.04,센티 73,선배 16,
person:센티,센티,393,fl:boom_the_ghost,106,6,109,32,0.05,센티 106,선배 3,
person:소다,소다,177,event_maidinvalentine,91,54,24,58,0.69,소다 91,주인님 12,
person:소다,소다,178,char:311,12,8,7,4,0.53,소다 12,주인님 2,
person:소다,소다,179,char:312,232,89,66,146,0.57,소다 232,주인님 22,
person:소다,소다,188,event_fullfoolday,6,1,3,9,0.25,소다 6,주인님 1,
person:소다,소다,208,char:270,12,7,2,11,0.78,소다 12,주인님 3,
person:소다,소다,238,char:451,11,2,3,9,0.40,소다 11,,
person:소다,소다,263,char:281,8,1,4,9,0.20,소다 8,주인님 1,
person:소다,소다,264,event_perfectmaid,96,43,29,92,0.60,소다 96,주인님 8,
person:소다,소다,265,char:313,2,1,0,1,1.00,소다 2,,
person:소다,소다,266,char:310,15,9,3,7,0.75,소다 15,주인님 4,
person:소다,소다,281,char:500,1,0,0,1,,소다 1,,
person:소다,소다,285,char:821,28,12,3,27,0.80,소다 28,주인님 1,
person:소다,소다,286,char:820,26,9,2,23,0.82,소다 26,주인님 2,
person:소다,소다,287,event_liarsend,14,2,3,15,0.40,소다 14,주인님 3,
person:소다,소다,300,event_goldencoinrush1,1009,269,238,642,0.53,소다 1009,주인님 35,
person:소다,소다,301,char:314,196,25,52,162,0.32,소다 196,주인님 23,
person:소다,소다,302,char:195,42,22,8,16,0.73,소다 42,주인님 3,
person:소다,소다,355,event_romanticvalentine,2,2,0,1,1.00,소다 2,주인님 1,
person:소다,소다,357,char:355,11,4,3,8,0.57,소다 11,주인님 2,
person:소다,소다,369,event_foolburstday,5,3,1,4,0.75,소다 5,,
person:소다,소다,404,fl:coins_in_rush,14,1,3,11,0.25,소다 14,주인님 2,
person:소다,소다,406,char:143,9,2,2,7,0.50,소다 9,주인님 1,
person:소다,소다,432,fl:fatal_maid,31,3,3,24,0.50,소다 31,,
person:소다,소다,458,fl:b-side_idol,3,2,0,1,1.00,소다 3,주인님 2,
person:소라,소라,391,event_overthehorizon,452,250,143,148,0.64,소라 452,오빠 1 · 당신 1,
person:소라,소라,392,char:532,183,94,51,57,0.65,소라 183,오빠 7,
person:소라,소라,445,fl:2x2_love_2ch,38,28,12,3,0.70,소라 38,,
person:소라,소라,462,fl:ark_ranger,28,23,3,11,0.88,소라 28,,
person:소라,소라,470,ch47,7,2,2,3,0.50,소라 7,,
person:소라,소라,472,ch48,9,7,2,6,0.78,소라 9,,
person:솔린,솔린,76,ch13,6,0,5,6,0.00,솔린 6,,
person:솔린,솔린,101,char:72,16,0,14,6,0.00,솔린 16,지휘관 3,
person:솔린,솔린,117,char:70,39,0,46,15,0.00,솔린 39,지휘관 4,
person:솔린,솔린,119,char:71,439,2,378,188,0.01,솔린 439,지휘관 28,
person:솔린,솔린,221,ch24,38,0,36,12,0.00,솔린 38,,
person:솔린,솔린,285,char:821,3,0,3,1,0.00,솔린 3,,
person:솔린,솔린,286,char:820,124,4,75,58,0.05,솔린 124,,
person:솔린,솔린,423,fl:blank_ticket,596,18,374,211,0.05,솔린 596,지휘관 12 · 아저씨 1,
person:솔린,솔린,424,char:74,307,0,201,137,0.00,솔린 307,지휘관 33,
person:솔린,솔린,425,fl:terminus_ticket,293,0,198,100,0.00,솔린 293,지휘관 6,
person:솔린,솔린,426,char:75,42,0,30,9,0.00,솔린 42,지휘관 3,
person:솔린,솔린,427,char:73,4,0,2,2,0.00,솔린 4,지휘관 1,
person:솔져_E.G.,솔져 E.G.,178,char:311,2,2,0,1,1.00,솔져 E.G. 2,,
person:솔져_E.G.,솔져 E.G.,400,fl:absolute,63,14,18,30,0.44,솔져 E.G. 63,지휘관 6,
person:솔져_F.A.,솔져 F.A.,178,char:311,2,2,0,2,1.00,솔져 F.A. 2,,
person:솔져_F.A.,솔져 F.A.,400,fl:absolute,10,2,3,4,0.40,솔져 F.A. 10,,
person:숲속요정,숲속요정,74,sub:숲속요정_00,50,0,41,8,0.00,숲속요정 50,지휘관 1,
person:슈가,슈가,76,ch13,32,0,19,14,0.00,슈가 32,,
person:슈가,슈가,94,char:11,15,0,12,8,0.00,슈가 15,,
person:슈가,슈가,95,char:212,7,0,4,4,0.00,슈가 7,,
person:슈가,슈가,100,char:101,8,0,6,4,0.00,슈가 8,,
person:슈가,슈가,113,char:141,41,0,33,14,0.00,슈가 41,,
person:슈가,슈가,120,char:140,277,0,253,89,0.00,슈가 277,마스터 4 · 지휘관 1,
person:슈가,슈가,132,char:160,1,0,0,0,,슈가 1,,
person:슈가,슈가,141,char:170,11,0,9,5,0.00,슈가 11,,
person:슈가,슈가,142,char:142,60,0,49,17,0.00,슈가 60,,
person:슈가,슈가,159,event_miraclesnow1,13,1,14,6,0.07,슈가 13,,
person:슈가,슈가,161,char:203,3,0,3,0,0.00,슈가 3,,
person:슈가,슈가,163,event_brandnewyear,139,0,121,44,0.00,슈가 139,,
person:슈가,슈가,188,event_fullfoolday,19,0,16,8,0.00,슈가 19,,
person:슈가,슈가,212,event_bluewaterisland,34,0,30,12,0.00,슈가 34,,
person:슈가,슈가,222,sub:해결사_카페_스위티_00,1,0,0,1,,슈가 1,,
person:슈가,슈가,240,char:33,39,0,29,11,0.00,슈가 39,,
person:슈가,슈가,262,event_dirtybackyard,293,0,206,77,0.00,슈가 293,보스 3 · 마스터 1,호칭 마스터→보스
person:슈가,슈가,281,char:500,11,0,9,3,0.00,슈가 11,,
person:슈가,슈가,287,event_liarsend,5,0,3,6,0.00,슈가 5,,
person:슈가,슈가,300,event_goldencoinrush1,47,0,41,10,0.00,슈가 47,,
person:슈가,슈가,320,char:390,32,0,22,9,0.00,슈가 32,,
person:슈가,슈가,406,char:143,36,0,24,11,0.00,슈가 36,,
person:슈가,슈가,436,ch44,87,0,83,34,0.00,슈가 87,,
person:슈가,슈가,438,fl:lie_cause_recoil,282,1,210,71,0.00,슈가 282,,
person:슈가,슈가,439,char:860,47,0,35,11,0.00,슈가 47,,
person:슈가,슈가,441,char:861,13,0,12,3,0.00,슈가 13,,
person:슈엔,슈엔,3,ch02,68,0,64,28,0.00,슈엔 68,,
person:슈엔,슈엔,8,ch04,29,0,26,23,0.00,슈엔 29,,
person:슈엔,슈엔,28,sub:랩칠리언_05,60,1,40,16,0.02,슈엔 60,,
person:슈엔,슈엔,55,ch09,41,2,44,20,0.04,슈엔 41,,
person:슈엔,슈엔,68,ch11,14,1,17,7,0.06,슈엔 14,,
person:슈엔,슈엔,73,ch12,43,0,42,13,0.00,슈엔 43,,
person:슈엔,슈엔,80,ch14,18,0,13,4,0.00,슈엔 18,,
person:슈엔,슈엔,85,ch15,67,0,45,39,0.00,슈엔 67,지휘관 1,
person:슈엔,슈엔,87,ch16,29,1,27,19,0.04,슈엔 29,지휘관 1,
person:슈엔,슈엔,107,char:102,23,0,17,7,0.00,슈엔 23,지휘관 1,
person:슈엔,슈엔,133,char:150,8,0,9,3,0.00,슈엔 8,,
person:슈엔,슈엔,148,ch17,148,0,161,58,0.00,슈엔 148,지휘관 2,
person:슈엔,슈엔,152,ch18,185,0,186,78,0.00,슈엔 185,,
person:슈엔,슈엔,157,event_hightechtoy,32,0,35,12,0.00,슈엔 32,,
person:슈엔,슈엔,159,event_miraclesnow1,116,2,116,44,0.02,슈엔 116,여보 1,
person:슈엔,슈엔,212,event_bluewaterisland,13,0,15,0,0.00,슈엔 13,,
person:슈엔,슈엔,217,ch23,60,0,48,30,0.00,슈엔 60,,
person:슈엔,슈엔,221,ch24,74,0,45,75,0.00,슈엔 74,,
person:슈엔,슈엔,241,ch25,49,0,35,37,0.00,슈엔 49,,
person:슈엔,슈엔,244,ch26,24,1,24,5,0.04,슈엔 24,,
person:슈엔,슈엔,287,event_liarsend,65,0,63,22,0.00,슈엔 65,,
person:슈엔,슈엔,298,event_darkhero,3,0,1,2,0.00,슈엔 3,,
person:슈엔,슈엔,331,side:wordless,85,0,51,40,0.00,슈엔 85,,
person:슈엔,슈엔,347,event_icedragonsaga1,15,0,14,3,0.00,슈엔 15,,
person:슈엔,슈엔,450,ch45,28,0,34,10,0.00,슈엔 28,,
person:슈엔,슈엔,452,ch46,15,0,18,6,0.00,슈엔 15,,
person:슈엔,슈엔,467,fl:project_matis,1139,11,864,388,0.01,슈엔 1132 · 어린 슈엔 7,,이름표 어린 슈엔
person:슈엔,슈엔,480,char:404,1,0,0,1,,슈엔 1,,
person:슈퍼_그레이트_히어로,슈퍼 그레이트 히어로,467,fl:project_matis,21,0,19,8,0.00,슈퍼 그레이트 히어로 21,,
person:스노우_화이트,스노우 화이트,11,ch06,24,1,16,13,0.06,스노우 화이트 24,,
person:스노우_화이트,스노우 화이트,42,ch07,127,0,118,38,0.00,스노우 화이트 127,지휘관 1,
person:스노우_화이트,스노우 화이트,73,ch12,6,0,6,0,0.00,스노우 화이트 6,,
person:스노우_화이트,스노우 화이트,76,ch13,14,0,16,3,0.00,스노우 화이트 14,,
person:스노우_화이트,스노우 화이트,80,ch14,20,0,17,4,0.00,스노우 화이트 20,,
person:스노우_화이트,스노우 화이트,121,char:220,325,1,293,60,0.00,스노우 화이트 325,지휘관 1,
person:스노우_화이트,스노우 화이트,148,ch17,97,0,80,31,0.00,스노우 화이트 97,지휘관 1,
person:스노우_화이트,스노우 화이트,203,event_overzone,241,0,197,59,0.00,스노우 화이트 241,,
person:스노우_화이트,스노우 화이트,244,ch26,3,0,2,2,0.00,스노우 화이트 3,,
person:스노우_화이트,스노우 화이트,248,event_redash,358,205,71,156,0.74,스노우 화이트 358,지휘관 5,존댓말 0%→74%
person:스노우_화이트,스노우 화이트,249,erelic:red_ash_lost,78,50,13,32,0.79,스노우 화이트 78,,
person:스노우_화이트,스노우 화이트,250,erelic:red_ash_mini,88,63,15,30,0.81,스노우 화이트 88,지휘관 2,
person:스노우_화이트,스노우 화이트,252,char:224,224,86,54,112,0.61,스노우 화이트 224,당신 2 · 지휘관 1,
person:스노우_화이트,스노우 화이트,259,char:225,24,20,1,9,0.95,스노우 화이트 24,지휘관 1,
person:스노우_화이트,스노우 화이트,288,side:second_affection,163,6,138,25,0.04,스노우 화이트 163,,존댓말 95%→4%
person:스노우_화이트,스노우 화이트,295,event_lastkingdom1,96,0,94,16,0.00,스노우 화이트 96,,
person:스노우_화이트,스노우 화이트,326,event_nonsensered,30,19,9,11,0.68,스노우 화이트 30,지휘관 1,존댓말 0%→68%
person:스노우_화이트,스노우 화이트,336,ch34,7,6,1,4,0.86,스노우 화이트 7,,
person:스노우_화이트,스노우 화이트,338,event_oldtales1,11,11,3,4,0.79,스노우 화이트 11,,
person:스노우_화이트,스노우 화이트,342,char:226,24,16,3,7,0.84,스노우 화이트 24,,
person:스노우_화이트,스노우 화이트,387,event_ce006,53,0,49,9,0.00,스노우 화이트 53,,존댓말 84%→0%
person:스노우_화이트,스노우 화이트,418,event_goddessfall1,167,2,118,44,0.02,스노우 화이트 167,,
person:스노우_화이트,스노우 화이트,428,fl:ark_guardian,321,119,137,112,0.46,스노우 화이트 321,지휘관 3,
person:스노우_화이트,스노우 화이트,429,char:471,230,5,149,92,0.03,스노우 화이트 230,지휘관 2,
person:스노우_화이트,스노우 화이트,436,ch44,140,1,133,34,0.01,스노우 화이트 140,,
person:스노우_화이트,스노우 화이트,450,ch45,10,0,7,5,0.00,스노우 화이트 10,,
person:스노우_화이트,스노우 화이트,452,ch46,153,0,131,40,0.00,스노우 화이트 153,,
person:스노우_화이트,스노우 화이트,470,ch47,52,0,51,12,0.00,스노우 화이트 52,,
person:스노우_화이트,스노우 화이트,472,ch48,55,0,45,14,0.00,스노우 화이트 55,,
person:스윗_조니,스윗 조니,177,event_maidinvalentine,81,2,66,39,0.03,관리자 스윗 조니 81,,
person:스윗_조니,스윗 조니,355,event_romanticvalentine,176,7,142,76,0.05,스윗 조니 Ver.2.14 110 · 관리자 스윗 조니 66,,이름표 스윗 조니 Ver.2.14
person:스카이,스카이,391,event_overthehorizon,60,35,15,25,0.70,스카이 60,,
person:스카이,스카이,462,fl:ark_ranger,15,8,8,12,0.50,스카이 15,,
person:스카이,스카이,470,ch47,7,5,1,5,0.83,스카이 7,,
person:스카이,스카이,472,ch48,6,2,0,4,1.00,스카이 6,,
person:스퀴드,스퀴드,26,sub:랩칠리언_03,3,0,0,4,,스퀴드 3,,
person:스톨_3세,스톨 3세,434,ch43,314,12,269,158,0.04,스톨 3세 314,아저씨 2,
person:스페이드,스페이드,45,sub:스페이드_00,45,25,8,10,0.76,스페이드 45,당신 4 · 지휘관 1 · 선배 1,
person:시그널,시그널,111,char:61,8,7,0,4,1.00,시그널 8,,
person:시그널,시그널,122,char:22,298,142,121,126,0.54,시그널 298,지휘관 28,
person:시그널,시그널,161,char:203,4,4,1,0,0.80,시그널 4,,
person:시그널,시그널,177,event_maidinvalentine,35,17,14,12,0.55,시그널 35,지휘관 1,
person:시그널,시그널,255,event_neverland1,51,38,14,13,0.73,시그널 51,지휘관 3 · 당신 2,
person:시그널,시그널,283,char:43,5,3,2,3,0.60,시그널 5,지휘관 1 · 여보 1,
person:시그널,시그널,400,fl:absolute,88,50,19,27,0.72,시그널 88,,
person:시그널,시그널,425,fl:terminus_ticket,72,48,18,10,0.73,시그널 72,지휘관 7,
person:시니스터,시니스터,27,sub:랩칠리언_04,4,0,0,4,,시니스터 4,,
person:시리얼,시리얼,33,sub:시리얼_00,43,0,28,15,0.00,시리얼 43,지휘관 3,
person:시리얼,시리얼,34,sub:시리얼_01,49,0,32,17,0.00,시리얼 49,지휘관 5,
person:시엘로,시엘로,391,event_overthehorizon,80,44,25,36,0.64,시엘로 73 · ???(코드) 7,선생님 1,
person:시엘로,시엘로,462,fl:ark_ranger,18,18,1,7,0.95,시엘로 18,,
person:시엘로,시엘로,470,ch47,25,22,3,4,0.88,시엘로 25,,
person:시엘로,시엘로,472,ch48,9,5,2,8,0.71,시엘로 9,,
person:시프티,시프티,2,ch01,66,54,15,30,0.78,시프티 66,지휘관 5,
person:시프티,시프티,3,ch02,48,39,8,30,0.83,시프티 48,,
person:시프티,시프티,8,ch04,15,13,2,3,0.87,시프티 15,,
person:시프티,시프티,9,ch05,22,28,2,9,0.93,시프티 22,,
person:시프티,시프티,50,ch08,47,38,3,32,0.93,시프티 47,,
person:시프티,시프티,55,ch09,32,21,6,15,0.78,시프티 32,,
person:시프티,시프티,62,ch10,37,34,8,17,0.81,시프티 37,지휘관 2,
person:시프티,시프티,68,ch11,32,21,8,14,0.72,시프티 32,지휘관 1,
person:시프티,시프티,73,ch12,57,50,13,32,0.79,시프티 57,지휘관 1,
person:시프티,시프티,76,ch13,48,31,7,36,0.82,시프티 48,지휘관 1,
person:시프티,시프티,80,ch14,2,3,0,2,1.00,시프티 2,,
person:시프티,시프티,99,char:202,69,51,12,30,0.81,시프티 69,지휘관 12,
person:시프티,시프티,131,char:90,4,3,0,3,1.00,시프티 4,,
person:시프티,시프티,146,event_nocallerid,4,1,1,1,0.50,시프티 4,,
person:시프티,시프티,148,ch17,3,2,0,1,1.00,시프티 3,지휘관 1,
person:시프티,시프티,152,ch18,1,1,0,1,1.00,시프티 1,,
person:시프티,시프티,172,char:400,9,8,3,0,0.73,시프티 9,지휘관 1,
person:시프티,시프티,176,char:112,26,28,6,5,0.82,시프티 26,지휘관 5,
person:시프티,시프티,188,event_fullfoolday,59,44,13,27,0.77,시프티 59,지휘관 8,
person:시프티,시프티,212,event_bluewaterisland,12,9,1,4,0.90,시프티 12,지휘관 1,
person:시프티,시프티,267,ch27,114,103,22,52,0.82,시프티 114,지휘관 7,
person:시프티,시프티,273,ch28,61,62,3,30,0.95,시프티 61,지휘관 3,
person:시프티,시프티,276,sub:핸섬_커맨더_00,16,16,0,1,1.00,시프티 16,지휘관 4,
person:시프티,시프티,277,sub:핸섬_커맨더_01,4,4,0,0,1.00,시프티 4,,
person:시프티,시프티,287,event_liarsend,16,9,3,9,0.75,시프티 16,지휘관 3,
person:시프티,시프티,291,ch29,103,84,19,44,0.82,시프티 103,지휘관 10,
person:시프티,시프티,293,ch30,125,103,21,39,0.83,시프티 125,,
person:시프티,시프티,308,ch31,37,29,5,23,0.85,시프티 37,,
person:시프티,시프티,310,ch32,30,26,1,20,0.96,시프티 30,지휘관 4,
person:시프티,시프티,334,ch33,23,15,5,13,0.75,시프티 23,지휘관 1,
person:시프티,시프티,336,ch34,7,7,1,2,0.88,시프티 7,,
person:시프티,시프티,343,char:511,15,9,4,4,0.69,시프티 15,지휘관 1,
person:시프티,시프티,369,event_foolburstday,136,98,19,76,0.84,시프티 136,지휘관 7,
person:시프티,시프티,377,event_unbreakablesphere1,44,23,17,23,0.57,시프티 44,지휘관 1,
person:시프티,시프티,474,fl:persona_on_frontline,4,5,2,2,0.71,시프티 4,지휘관 1,
person:식스오,식스오,436,ch44,37,39,9,9,0.81,식스오 37,당신 4 · 보스 1,
person:식스오,식스오,450,ch45,19,15,1,3,0.94,식스오 19,당신 2,
person:신,신,173,char:401,331,2,257,121,0.01,신 331,,
person:신,신,355,event_romanticvalentine,157,9,133,57,0.06,신 157,주인님 1,
person:신,신,357,char:355,33,0,33,15,0.00,신 33,,
person:신,신,432,fl:fatal_maid,13,0,10,3,0.00,신 13,,
person:신,신,480,char:404,1,0,1,1,0.00,신 1,,
person:신,신,481,char:405,141,10,104,60,0.09,신 141,주인님 4,
person:신데렐라,신데렐라,310,ch32,34,0,27,15,0.00,신데렐라 34,,
person:신데렐라,신데렐라,312,sub:거울_공주_00,63,0,44,17,0.00,신데렐라 63,,
person:신데렐라,신데렐라,313,sub:관짝이_01,31,0,25,10,0.00,신데렐라 31,,
person:신데렐라,신데렐라,315,sub:거울_공주_01,46,0,29,18,0.00,신데렐라 46,,
person:신데렐라,신데렐라,334,ch33,183,0,174,49,0.00,신데렐라 183,,
person:신데렐라,신데렐라,336,ch34,133,0,109,56,0.00,신데렐라 133,,
person:신데렐라,신데렐라,338,event_oldtales1,755,12,531,313,0.02,신데렐라 755,당신 1,
person:신데렐라,신데렐라,339,erelic:old_tales_dialog,37,0,34,18,0.00,신데렐라 37,,
person:신데렐라,신데렐라,343,char:511,307,0,225,129,0.00,신데렐라 307,,
person:신데렐라,신데렐라,358,ch35,180,0,135,64,0.00,신데렐라 180,,
person:신데렐라,신데렐라,360,ch36,106,0,82,44,0.00,신데렐라 106,선배님 1,
person:신데렐라,신데렐라,377,event_unbreakablesphere1,22,0,17,8,0.00,신데렐라 22,,
person:신데렐라,신데렐라,378,erelic:unbreakable_sphere_dialog,50,0,34,16,0.00,신데렐라 50,,
person:신데렐라,신데렐라,380,char:513,83,0,42,24,0.00,신데렐라 83,,
person:신데렐라,신데렐라,411,side:eden_spear,12,0,9,4,0.00,신데렐라 12,,
person:신데렐라,신데렐라,414,ch41,4,0,8,0,0.00,신데렐라 4,,
person:신데렐라,신데렐라,416,ch42,95,0,77,37,0.00,신데렐라 95,,
person:신데렐라,신데렐라,464,fl:wave_to_you,360,0,301,63,0.00,신데렐라 360,선생님 1,
person:신데렐라,신데렐라,465,char:515,167,0,117,52,0.00,신데렐라 167,,
person:신데렐라,신데렐라,466,char:322,6,0,3,3,0.00,신데렐라 6,,
person:신데렐라,신데렐라,478,fl:great_villain_union,45,0,39,9,0.00,신데렐라 45,,
person:실리아,실리아,122,char:22,20,1,21,10,0.05,실리아 20,선배 3 · 지휘관 1,
person:싹싹이,싹싹이,393,fl:boom_the_ghost,15,13,0,4,1.00,싹싹이 15,,
person:아나키오르,아나키오르,248,event_redash,6,0,0,0,,아나키오르 6,,
person:아나키오르,아나키오르,310,ch32,12,0,8,4,0.00,아나키오르 12,,
person:아나키오르,아나키오르,338,event_oldtales1,5,0,0,0,,아나키오르 5,,
person:아니스,아니스,1,ch00,33,1,30,15,0.03,아니스 33,지휘관 3 · 지휘관님 2,
person:아니스,아니스,2,ch01,97,1,85,57,0.01,아니스 97,지휘관님 12 · 지휘관 2,호칭 지휘관→지휘관님
person:아니스,아니스,3,ch02,128,1,122,64,0.01,아니스 128,지휘관님 5 · 지휘관 1,
person:아니스,아니스,4,sub:칠리페퍼_00,10,0,9,2,0.00,아니스 10,,
person:아니스,아니스,5,sub:테트라_커넥트_00,9,1,5,7,0.17,아니스 9,,
person:아니스,아니스,6,ch03,20,1,19,7,0.05,아니스 20,지휘관님 2,
person:아니스,아니스,7,sub:세르반_00,11,0,7,5,0.00,아니스 11,,
person:아니스,아니스,8,ch04,148,4,132,71,0.03,아니스 148,지휘관님 7 · 지휘관 3 · 아저씨 1,
person:아니스,아니스,9,ch05,64,1,48,38,0.02,아니스 64,지휘관님 12,
person:아니스,아니스,10,sub:중앙_정부_공식__00,5,0,5,2,0.00,아니스 5,지휘관 1,
person:아니스,아니스,11,ch06,28,0,24,15,0.00,아니스 28,,
person:아니스,아니스,13,sub:콜렉터_00,6,0,3,4,0.00,아니스 6,지휘관님 2,
person:아니스,아니스,14,sub:콜렉터_01,21,0,12,9,0.00,아니스 21,지휘관님 2,
person:아니스,아니스,18,sub:트레저_헌터_00,9,0,10,1,0.00,아니스 9,,
person:아니스,아니스,19,sub:트레저_헌터_01,14,0,12,3,0.00,아니스 14,,
person:아니스,아니스,20,sub:트레저_헌터_02,15,0,11,7,0.00,아니스 15,,
person:아니스,아니스,21,sub:트레저_헌터_03,7,0,8,4,0.00,아니스 7,,
person:아니스,아니스,22,sub:이례의_기록자_00,9,0,10,4,0.00,아니스 9,지휘관님 1,
person:아니스,아니스,23,sub:랩칠리언_00,8,0,8,2,0.00,아니스 8,,
person:아니스,아니스,24,sub:랩칠리언_01,6,0,5,4,0.00,아니스 6,지휘관님 1,
person:아니스,아니스,25,sub:랩칠리언_02,2,0,2,1,0.00,아니스 2,,
person:아니스,아니스,27,sub:랩칠리언_04,4,0,3,2,0.00,아니스 4,,
person:아니스,아니스,28,sub:랩칠리언_05,11,0,8,4,0.00,아니스 11,지휘관님 1,
person:아니스,아니스,29,sub:랩칠리언_06,13,0,10,7,0.00,아니스 13,지휘관님 1,
person:아니스,아니스,30,sub:할아범_00,6,0,4,2,0.00,아니스 6,,
person:아니스,아니스,32,sub:고스트_00,7,0,5,5,0.00,아니스 7,,
person:아니스,아니스,33,sub:시리얼_00,14,0,9,6,0.00,아니스 14,,
person:아니스,아니스,34,sub:시리얼_01,6,0,7,1,0.00,아니스 6,,
person:아니스,아니스,35,sub:산해진미_00,17,0,17,1,0.00,아니스 17,,
person:아니스,아니스,36,sub:산해진미_01,11,1,14,0,0.07,아니스 11,,
person:아니스,아니스,39,sub:세르반_01,5,0,3,3,0.00,아니스 5,,
person:아니스,아니스,40,sub:저스틴_00,3,0,3,0,0.00,아니스 3,,
person:아니스,아니스,42,ch07,47,1,47,20,0.02,아니스 47,지휘관님 4,
person:아니스,아니스,43,sub:중앙_정부_공식__01,10,0,8,5,0.00,아니스 10,,
person:아니스,아니스,44,sub:세르반_02,11,0,8,5,0.00,아니스 11,,
person:아니스,아니스,45,sub:스페이드_00,8,0,7,1,0.00,아니스 8,,
person:아니스,아니스,46,sub:러블리_드림_00,6,0,5,2,0.00,아니스 6,,
person:아니스,아니스,47,sub:러블리_드림_01,10,0,8,4,0.00,아니스 10,지휘관님 1,
person:아니스,아니스,49,d_ex_elevator_01,34,0,22,15,0.00,아니스 34,,
person:아니스,아니스,50,ch08,81,0,65,33,0.00,아니스 81,지휘관님 1,
person:아니스,아니스,51,sub:칠리페퍼_01,5,0,4,2,0.00,아니스 5,,
person:아니스,아니스,52,sub:든_셀_00,15,0,16,5,0.00,아니스 15,지휘관님 1 · 지휘관 1,
person:아니스,아니스,55,ch09,69,0,56,25,0.00,아니스 69,지휘관님 1,
person:아니스,아니스,56,sub:테디_00,13,0,13,0,0.00,아니스 13,지휘관님 4,
person:아니스,아니스,57,sub:미실리스_연구팀_00,18,0,13,5,0.00,아니스 18,,
person:아니스,아니스,58,sub:미실리스_연구팀_01,31,0,33,9,0.00,아니스 31,지휘관님 2,
person:아니스,아니스,59,sub:미실리스_연구팀_02,9,0,11,4,0.00,아니스 9,,
person:아니스,아니스,60,sub:미실리스_연구팀_03,13,0,11,3,0.00,아니스 13,,
person:아니스,아니스,62,ch10,65,1,53,34,0.02,아니스 65,,
person:아니스,아니스,63,sub:코리_00,5,0,4,2,0.00,아니스 5,,
person:아니스,아니스,64,sub:롬_00,8,0,7,3,0.00,아니스 8,,
person:아니스,아니스,65,sub:롬_01,17,0,17,4,0.00,아니스 17,,
person:아니스,아니스,66,sub:롬_02,16,0,24,3,0.00,아니스 16,,
person:아니스,아니스,68,ch11,13,0,7,7,0.00,아니스 13,,
person:아니스,아니스,69,sub:음악_애호가_00,9,0,8,3,0.00,아니스 9,,
person:아니스,아니스,70,sub:음악_애호가_01,4,0,4,1,0.00,아니스 4,,
person:아니스,아니스,73,ch12,57,0,55,29,0.00,아니스 57,지휘관님 1,
person:아니스,아니스,74,sub:숲속요정_00,12,0,13,4,0.00,아니스 12,,
person:아니스,아니스,76,ch13,125,0,101,77,0.00,아니스 125,지휘관님 5,
person:아니스,아니스,77,sub:세르반_03,6,0,5,1,0.00,아니스 6,,
person:아니스,아니스,78,sub:철도로GO_00,6,0,5,2,0.00,아니스 6,지휘관님 1,
person:아니스,아니스,80,ch14,106,1,93,45,0.01,아니스 106,아저씨 3 · 지휘관님 1,호칭 지휘관님→아저씨
person:아니스,아니스,81,sub:칠리페퍼_02,11,0,10,2,0.00,아니스 11,,
person:아니스,아니스,82,sub:알콜러버_00,11,0,6,6,0.00,아니스 11,지휘관님 3,호칭 아저씨→지휘관님
person:아니스,아니스,85,ch15,79,0,60,33,0.00,아니스 79,지휘관 2 · 지휘관님 1,
person:아니스,아니스,87,ch16,102,0,81,56,0.00,아니스 102,지휘관 8,호칭 지휘관님→지휘관
person:아니스,아니스,88,sub:방주_난민_00,11,0,6,3,0.00,아니스 11,지휘관님 1,
person:아니스,아니스,89,sub:방주_난민_01,4,0,4,0,0.00,아니스 4,,
person:아니스,아니스,90,sub:방주_난민_02,7,1,3,6,0.25,아니스 7,,
person:아니스,아니스,91,sub:방주_난민_03,9,0,4,3,0.00,아니스 9,지휘관님 1,
person:아니스,아니스,94,char:11,35,1,29,16,0.03,아니스 35,,
person:아니스,아니스,97,char:430,27,0,25,14,0.00,아니스 27,지휘관님 2 · 지휘관 1 · 마스터 1,
person:아니스,아니스,98,char:20,29,0,34,13,0.00,아니스 29,지휘관님 2,
person:아니스,아니스,100,char:101,8,0,9,5,0.00,아니스 8,,
person:아니스,아니스,101,char:72,6,0,6,0,0.00,아니스 6,지휘관 1,
person:아니스,아니스,102,char:221,7,0,4,8,0.00,아니스 7,,
person:아니스,아니스,103,char:10,14,0,9,5,0.00,아니스 14,,
person:아니스,아니스,106,char:82,131,0,106,57,0.00,아니스 131,지휘관님 1 · 지휘관 1,
person:아니스,아니스,109,char:181,11,0,8,4,0.00,아니스 11,,
person:아니스,아니스,112,char:161,37,0,36,11,0.00,아니스 37,지휘관님 1,
person:아니스,아니스,114,char:91,6,0,7,3,0.00,아니스 6,,
person:아니스,아니스,115,char:60,8,0,8,4,0.00,아니스 8,지휘관님 4 · 지휘관 1,호칭 지휘관→지휘관님
person:아니스,아니스,116,char:431,15,0,17,7,0.00,아니스 15,지휘관님 2,
person:아니스,아니스,118,char:80,15,0,16,7,0.00,아니스 15,지휘관님 2,
person:아니스,아니스,120,char:140,15,0,13,5,0.00,아니스 15,,
person:아니스,아니스,121,char:220,5,0,7,3,0.00,아니스 5,,
person:아니스,아니스,122,char:22,22,0,15,16,0.00,아니스 22,지휘관님 3 · 지휘관 2,
person:아니스,아니스,123,char:12,400,6,344,165,0.02,아니스 400,지휘관님 21 · 지휘관 2,
person:아니스,아니스,124,char:432,49,0,38,20,0.00,아니스 49,지휘관님 1,
person:아니스,아니스,125,char:172,1,0,1,1,0.00,아니스 1,,
person:아니스,아니스,127,char:201,60,0,55,19,0.00,아니스 60,지휘관님 7 · 지휘관 1,
person:아니스,아니스,128,char:291,3,0,3,1,0.00,아니스 3,지휘관님 2,
person:아니스,아니스,131,char:90,12,0,7,6,0.00,아니스 12,지휘관 1,
person:아니스,아니스,132,char:160,87,2,65,43,0.03,아니스 87,지휘관님 10,
person:아니스,아니스,133,char:150,25,0,20,9,0.00,아니스 25,지휘관 1,
person:아니스,아니스,134,char:171,12,0,12,8,0.00,아니스 12,지휘관 3,호칭 지휘관님→지휘관
person:아니스,아니스,136,char:231,16,0,14,7,0.00,아니스 16,지휘관님 4,호칭 지휘관→지휘관님
person:아니스,아니스,138,char:131,2,0,2,1,0.00,아니스 2,지휘관 1,
person:아니스,아니스,141,char:170,18,0,21,9,0.00,아니스 18,지휘관 1,
person:아니스,아니스,144,char:222,34,0,31,10,0.00,아니스 34,지휘관님 1,
person:아니스,아니스,145,char:120,7,0,10,0,0.00,아니스 7,,
person:아니스,아니스,146,event_nocallerid,112,0,101,47,0.00,아니스 112,지휘관님 4,
person:아니스,아니스,147,char:352,6,0,5,8,0.00,아니스 5 · 아니스의 목소리 1,지휘관님 2 · 당신 1,이름표 아니스의 목소리
person:아니스,아니스,148,ch17,128,1,109,62,0.01,아니스 128,지휘관님 12 · 지휘관 2,
person:아니스,아니스,149,sub:제니퍼f_00,13,0,10,3,0.00,아니스 13,지휘관님 1,
person:아니스,아니스,152,ch18,61,1,53,25,0.02,아니스 61,지휘관님 2 · 지휘관 1,
person:아니스,아니스,153,sub:테트라_커넥트_01,12,0,15,5,0.00,아니스 12,지휘관님 2,
person:아니스,아니스,154,sub:중앙_정부_공식__02,16,0,13,6,0.00,아니스 16,,
person:아니스,아니스,155,sub:김작가_00,13,0,10,2,0.00,아니스 13,지휘관님 1,
person:아니스,아니스,158,char:100,59,0,82,24,0.00,아니스 59,지휘관님 1,
person:아니스,아니스,161,char:203,21,0,17,9,0.00,아니스 21,지휘관님 1,
person:아니스,아니스,162,char:121,46,0,46,26,0.00,아니스 46,지휘관님 3,
person:아니스,아니스,164,char:260,97,2,88,31,0.02,아니스 97,지휘관님 4 · 지휘관 1,
person:아니스,아니스,165,ch19,60,1,53,28,0.02,아니스 60,지휘관님 6 · 지휘관 1,
person:아니스,아니스,166,sub:데이파라_00,12,1,14,0,0.07,아니스 12,지휘관 1,
person:아니스,아니스,168,ch20,49,0,46,19,0.00,아니스 49,지휘관님 5 · 지휘관 1,
person:아니스,아니스,169,sub:로망티스트_00,10,0,8,5,0.00,아니스 10,지휘관님 1,
person:아니스,아니스,172,char:400,7,0,4,7,0.00,아니스 7,지휘관님 2,
person:아니스,아니스,173,char:401,8,0,6,2,0.00,아니스 8,,
person:아니스,아니스,174,char:111,40,0,34,10,0.00,아니스 40,지휘관님 4,
person:아니스,아니스,178,char:311,12,0,8,7,0.00,아니스 12,,
person:아니스,아니스,181,char:801,6,0,8,2,0.00,아니스 6,지휘관님 4,
person:아니스,아니스,186,char:261,76,0,57,23,0.00,아니스 76,지휘관님 1,
person:아니스,아니스,188,event_fullfoolday,24,0,23,14,0.00,아니스 24,지휘관님 4,
person:아니스,아니스,191,ch21,144,2,130,87,0.02,아니스 144,지휘관님 8 · 선배 1 · 오빠 1,
person:아니스,아니스,194,sub:에덴_Notice_02,1,0,2,0,0.00,아니스 1,,
person:아니스,아니스,197,ch22,49,0,52,19,0.00,아니스 49,지휘관님 1,
person:아니스,아니스,198,sub:문구점_00,10,0,7,5,0.00,아니스 10,,
person:아니스,아니스,199,sub:중앙정부_트라이앵글_00,11,0,9,5,0.00,아니스 11,지휘관님 1,
person:아니스,아니스,200,sub:2호_쉘터_관리계정_00,4,0,2,2,0.00,아니스 4,지휘관님 1,
person:아니스,아니스,201,sub:할아범_01,24,0,22,3,0.00,아니스 24,지휘관님 1,
person:아니스,아니스,207,event_BunnyX777,28,0,22,12,0.00,아니스 28,지휘관님 3,
person:아니스,아니스,212,event_bluewaterisland,103,0,77,46,0.00,아니스 103,지휘관님 9,
person:아니스,아니스,217,ch23,58,0,51,26,0.00,아니스 58,지휘관님 5,
person:아니스,아니스,218,sub:상인연합_달란트_00,10,0,7,4,0.00,아니스 10,,
person:아니스,아니스,219,sub:콜렉터_02,3,0,2,1,0.00,아니스 3,지휘관님 1,
person:아니스,아니스,221,ch24,52,0,46,26,0.00,아니스 52,지휘관님 4,
person:아니스,아니스,222,sub:해결사_카페_스위티_00,11,0,14,1,0.00,아니스 11,,
person:아니스,아니스,225,char:350,11,0,11,5,0.00,아니스 11,지휘관님 1,
person:아니스,아니스,226,event_seayouagain1,586,4,438,194,0.01,아니스 586,지휘관님 21 · 지휘관 1 · 아저씨 1,
person:아니스,아니스,227,char:15,333,0,224,120,0.00,아니스 333,지휘관님 39,
person:아니스,아니스,229,char:353,13,0,7,14,0.00,아니스 13,지휘관님 2,
person:아니스,아니스,230,event_firstaffection,53,0,56,23,0.00,아니스 53,지휘관님 3,
person:아니스,아니스,231,char:810,7,0,7,3,0.00,아니스 7,,
person:아니스,아니스,234,event_schooloflock,29,0,25,11,0.00,아니스 29,지휘관님 3,
person:아니스,아니스,239,event_freezeacpu,150,0,114,49,0.00,아니스 150,지휘관님 4,
person:아니스,아니스,240,char:33,9,0,7,4,0.00,아니스 9,지휘관님 2,
person:아니스,아니스,241,ch25,274,1,261,123,0.00,아니스 274,지휘관님 13,
person:아니스,아니스,242,sub:중앙정부_프로토콜_00,3,0,2,3,0.00,아니스 3,지휘관님 1,
person:아니스,아니스,244,ch26,151,1,130,50,0.01,아니스 151,지휘관님 7,
person:아니스,아니스,245,sub:로망티스트_01,12,0,8,10,0.00,아니스 12,지휘관님 4,
person:아니스,아니스,246,sub:코인_러시_00,13,0,16,3,0.00,아니스 13,지휘관님 1,
person:아니스,아니스,251,char:470,73,0,65,25,0.00,아니스 73,지휘관님 2,
person:아니스,아니스,258,event_newyearnewsword,6,1,6,2,0.14,아니스 6,,
person:아니스,아니스,267,ch27,110,0,115,36,0.00,아니스 110,지휘관님 1,
person:아니스,아니스,271,sub:트윙클_00,48,0,30,21,0.00,아니스 48,지휘관님 4,
person:아니스,아니스,273,ch28,145,1,130,67,0.01,아니스 145,지휘관님 12 · 지휘관 1,
person:아니스,아니스,274,sub:택틱컬틱택_00,12,0,14,4,0.00,아니스 12,,
person:아니스,아니스,275,sub:택틱컬틱택_01,2,0,1,1,0.00,아니스 2,지휘관님 1,
person:아니스,아니스,276,sub:핸섬_커맨더_00,10,0,8,2,0.00,아니스 10,지휘관님 1 · 선배 1,
person:아니스,아니스,277,sub:핸섬_커맨더_01,4,0,2,3,0.00,아니스 4,지휘관님 1 · 선배 1,
person:아니스,아니스,278,sub:MMR지킴이_00,8,0,5,3,0.00,아니스 8,,
person:아니스,아니스,283,char:43,12,0,11,3,0.00,아니스 12,지휘관님 3 · 여보 2,
person:아니스,아니스,287,event_liarsend,29,1,28,7,0.03,아니스 29,지휘관님 3,
person:아니스,아니스,291,ch29,137,4,133,43,0.03,아니스 137,지휘관님 3,
person:아니스,아니스,293,ch30,46,0,39,22,0.00,아니스 46,지휘관님 1,
person:아니스,아니스,296,char:330,44,0,37,22,0.00,아니스 44,지휘관님 5,
person:아니스,아니스,297,char:361,73,0,70,26,0.00,아니스 73,지휘관님 1,
person:아니스,아니스,304,char:551,33,0,43,26,0.00,아니스 33,지휘관님 5,
person:아니스,아니스,305,event_beautyfullshot1,67,0,72,41,0.00,아니스 67,지휘관님 1 · 보스 1,
person:아니스,아니스,306,char:284,4,0,1,6,0.00,아니스 4,지휘관님 1,
person:아니스,아니스,307,char:283,7,0,6,1,0.00,아니스 7,,
person:아니스,아니스,308,ch31,99,1,92,45,0.01,아니스 99,지휘관님 2,
person:아니스,아니스,310,ch32,86,0,71,40,0.00,아니스 86,지휘관님 4,
person:아니스,아니스,311,sub:관짝이_00,30,0,33,5,0.00,아니스 30,,
person:아니스,아니스,312,sub:거울_공주_00,14,0,11,3,0.00,아니스 14,,
person:아니스,아니스,313,sub:관짝이_01,14,0,12,3,0.00,아니스 14,,
person:아니스,아니스,314,sub:관짝이_02,9,0,5,6,0.00,아니스 9,,
person:아니스,아니스,315,sub:거울_공주_01,10,0,8,2,0.00,아니스 10,,
person:아니스,아니스,329,char:403,14,0,19,4,0.00,아니스 14,,
person:아니스,아니스,333,char:240,40,0,44,20,0.00,아니스 40,지휘관님 6,
person:아니스,아니스,334,ch33,175,0,158,63,0.00,아니스 175,지휘관님 12 · 마스터 1,
person:아니스,아니스,336,ch34,155,2,128,53,0.02,아니스 155,지휘관님 3,
person:아니스,아니스,343,char:511,29,1,29,10,0.03,아니스 29,지휘관님 1,
person:아니스,아니스,350,event_footstepwalkrun1,57,1,47,23,0.02,아니스 57,,
person:아니스,아니스,351,event_outofuniform,1,0,0,1,,아니스 1,,
person:아니스,아니스,352,char:16,48,1,45,18,0.02,아니스 48,지휘관님 3 · 선배 1,
person:아니스,아니스,353,event_wisdomspring,21,0,20,7,0.00,아니스 21,지휘관님 5,
person:아니스,아니스,358,ch35,126,22,90,69,0.20,아니스 126,지휘관님 7,
person:아니스,아니스,360,ch36,83,0,78,34,0.00,아니스 83,지휘관님 3,
person:아니스,아니스,367,event_newflavor,13,0,13,3,0.00,아니스 13,지휘관님 1,
person:아니스,아니스,369,event_foolburstday,8,0,10,2,0.00,아니스 8,지휘관님 2,
person:아니스,아니스,372,char:521,18,1,15,6,0.06,아니스 18,지휘관님 1,
person:아니스,아니스,373,ch37,89,4,80,38,0.05,아니스 89,지휘관님 1,
person:아니스,아니스,375,ch38,155,0,130,69,0.00,아니스 155,,
person:아니스,아니스,381,char:590,68,2,69,21,0.03,아니스 68,지휘관님 2 · 지휘관 2,
person:아니스,아니스,387,event_ce006,222,6,232,80,0.03,아니스 222,지휘관님 3,
person:아니스,아니스,389,char:850,35,1,26,11,0.04,아니스 35,,
person:아니스,아니스,391,event_overthehorizon,36,0,32,16,0.00,아니스 36,지휘관님 4,
person:아니스,아니스,396,ch39,215,36,120,116,0.23,아니스 215,,
person:아니스,아니스,398,ch40,147,1,122,47,0.01,아니스 147,,
person:아니스,아니스,408,char:840,2,0,2,0,0.00,아니스 2,,
person:아니스,아니스,414,ch41,72,0,54,25,0.00,아니스 72,,
person:아니스,아니스,416,ch42,308,22,252,160,0.08,아니스 308,지휘관님 5 · 아저씨 1,
person:아니스,아니스,421,char:331,20,0,13,8,0.00,아니스 20,지휘관님 3,
person:아니스,아니스,436,ch44,191,0,167,79,0.00,아니스 191,지휘관님 6 · 보스 1,
person:아니스,아니스,438,fl:lie_cause_recoil,4,0,3,1,0.00,아니스 4,,
person:아니스,아니스,447,side:pretty_star,225,71,101,88,0.41,아니스 225,선생님 4,호칭 지휘관님→선생님
person:아니스,아니스,450,ch45,144,16,117,76,0.12,아니스 144,지휘관님 1,
person:아니스,아니스,452,ch46,42,0,42,18,0.00,아니스 42,,
person:아니스,아니스,454,event_staranis1,908,220,608,384,0.27,아니스 908,당신 2 · 지휘관님 1,
person:아니스,아니스,455,char:17,277,6,211,76,0.03,아니스 277,지휘관님 36 · 지휘관 1,호칭 선생님→지휘관님
person:아니스,아니스,456,char:441,16,0,16,8,0.00,아니스 16,지휘관님 3,
person:아니스,아니스,460,fl:bitter_spice,60,0,46,20,0.00,아니스 60,지휘관님 3,
person:아니스,아니스,462,fl:ark_ranger,79,0,80,30,0.00,아니스 79,지휘관님 2,
person:아니스,아니스,470,ch47,76,0,77,46,0.00,아니스 76,지휘관님 1,
person:아니스,아니스,472,ch48,22,0,23,5,0.00,아니스 22,지휘관님 1,
person:아니스,아니스,474,fl:persona_on_frontline,19,0,12,12,0.00,아니스 19,지휘관님 3,
person:아니스,아니스,480,char:404,11,0,19,7,0.00,아니스 11,지휘관님 5,
person:아담,아담,387,event_ce006,178,12,175,57,0.06,아담 178,,
person:아담,아담,388,char:852,39,0,26,15,0.00,아담 39,,
person:아담,아담,389,char:850,15,0,12,3,0.00,아담 15,,
person:아르카나,아르카나,383,event_arcanearchive,672,346,200,299,0.63,아르카나 672,지휘관 6 · 지휘관님 5 · 당신 4 · 선생님 2 · 여보 1 · 선배님 1,
person:아르카나,아르카나,384,char:581,294,181,94,136,0.66,아르카나 294,지휘관 2 · 지휘관님 1,
person:아르카나,아르카나,385,event_lordforjustice,47,34,10,21,0.77,아르카나 47,,
person:아르카나,아르카나,412,fl:go_ninja_thief,1,0,0,1,,아르카나 1,,
person:아르카나,아르카나,430,fl:sin_editor,139,65,36,46,0.64,아르카나 139,당신 3,
person:아르카나,아르카나,444,fl:2x2_love_1ch,2024,1006,532,780,0.65,아르카나 2024,선생님 128 · 선배 50 · 지휘관 9 · 당신 1,호칭 지휘관→선생님
person:아르카나,아르카나,445,fl:2x2_love_2ch,1459,725,350,638,0.67,아르카나 1459,선배 75 · 선생님 47 · 지휘관 4 · 오빠 3 · 당신 2 · 여보 1 · 주인님 1,호칭 선생님→선배
person:아르카나,아르카나,446,char:583,259,130,70,154,0.65,아르카나 259,오빠 2 · 아저씨 1 · 선생님 1,
person:아르카나,아르카나,450,ch45,42,32,5,14,0.86,아르카나 42,,
person:아리아,아리아,124,char:432,260,18,174,90,0.09,아리아 260,당신 15 · 마스터 1,
person:아리아,아리아,300,event_goldencoinrush1,32,0,28,4,0.00,아리아 32,,
person:아비스타,아비스타,360,ch36,22,20,6,5,0.77,아비스타 22,,
person:아비스타,아비스타,373,ch37,27,17,2,17,0.89,아비스타 27,,
person:아비스타,아비스타,375,ch38,8,7,2,3,0.78,아비스타 8,,
person:아비스타,아비스타,396,ch39,137,112,11,32,0.91,아비스타 137,,
person:아비스타,아비스타,398,ch40,23,16,2,10,0.89,아비스타 23,,
person:아비스타,아비스타,414,ch41,24,16,1,15,0.94,아비스타 24,당신 1,
person:아비스타,아비스타,416,ch42,52,34,6,25,0.85,아비스타 52,,
person:아비스타,아비스타,454,event_staranis1,11,13,0,2,1.00,아비스타 11,,
person:아비스타,아비스타,456,char:441,176,122,22,49,0.85,아비스타 176,지휘관 1,
person:아비스타,아비스타,458,fl:b-side_idol,8,7,1,0,0.88,아비스타 8,,
person:아비스타,아비스타,459,char:600,14,10,0,4,1.00,아비스타 14,,
person:아비스타,아비스타,460,fl:bitter_spice,73,47,10,12,0.82,아비스타 73,,
person:아비스타,아비스타,461,char:601,11,6,5,4,0.55,아비스타 11,,
person:아서,아서,447,side:pretty_star,27,19,5,9,0.79,아서 27,,
person:아스카,아스카,322,char:830,103,0,87,20,0.00,아스카 103,,
person:아스카,아스카,363,char:835,184,0,170,50,0.00,아스카 184,지휘관 1 · 보스 1,
person:아이기스,아이기스,474,fl:persona_on_frontline,132,140,18,25,0.89,아이기스 132,지휘관 8,
person:아이기스,아이기스,475,char:872,134,136,11,46,0.93,아이기스 134,당신 6 · 선생님 3 · 지휘관 2,호칭 지휘관→선생님
person:아이리,아이리,360,ch36,49,45,11,17,0.80,아이리 49,,
person:아이리,아이리,373,ch37,63,55,5,19,0.92,아이리 63,,
person:아이리,아이리,375,ch38,16,14,3,3,0.82,아이리 16,,
person:아이리,아이리,436,ch44,34,33,6,8,0.85,아이리 34,,
person:아이리,아이리,450,ch45,39,26,9,13,0.74,아이리 39,,
person:아이리,아이리,452,ch46,28,19,6,12,0.76,아이리 28,,
person:아인,아인,206,char:392,65,32,32,30,0.50,아인 65,선배 14 · 쌤 11,
person:아인,아인,234,event_schooloflock,64,41,20,19,0.67,아인 64,쌤 16 · 선배 11 · 지휘관 2,호칭 선배→쌤
person:아인,아인,235,char:321,28,10,12,11,0.45,아인 28,선배 10 · 쌤 4,호칭 쌤→선배
person:아인,아인,317,event_juveniledays,556,245,195,188,0.56,아인 556,선배 53 · 쌤 29,
person:아인,아인,318,char:391,180,108,49,55,0.69,아인 180,쌤 14 · 선배 5,호칭 선배→쌤
person:아인,아인,319,event_colorless,208,143,57,64,0.71,아인 208,선배 48 · 쌤 6 · 선생님 1,호칭 쌤→선배
person:아인,아인,320,char:390,27,14,9,8,0.61,아인 27,선배 6,
person:아인,아인,323,char:831,145,7,111,47,0.06,아인 145,쌤 1 · 선배 1,존댓말 61%→6%
person:아인,아인,351,event_outofuniform,189,99,54,76,0.65,아인 189,선배 24 · 쌤 16 · 당신 1 · 지휘관 1,존댓말 6%→65%
person:아인,아인,365,fl:for_rest,20,21,4,12,0.84,아인 20,선배 2 · 쌤 2,
person:아인,아인,371,event_trueflavor,8,4,2,4,0.67,아인 8,선배 4 · 쌤 1,
person:아인,아인,444,fl:2x2_love_1ch,259,164,60,85,0.73,아인 259,쌤 59 · 선배 10 · 지휘관 1 · 선생님 1,호칭 선배→쌤
person:아인,아인,445,fl:2x2_love_2ch,398,225,92,122,0.71,아인 398,쌤 51 · 선배 16 · 주인님 3 · 지휘관 1 · 선생님 1,
person:아인,아인,475,char:872,30,24,7,5,0.77,아인 30,선배 5 · 선생님 1,호칭 쌤→선배
person:아크레인저_레드,아크레인저 레드,462,fl:ark_ranger,320,2,268,140,0.01,아크레인저 레드 320,선배 2,
person:아크레인저_블랙,아크레인저 블랙,298,event_darkhero,86,0,64,31,0.00,아크레인저 블랙 81 · ???(코드) 5,,
person:아크레인저_블랙,아크레인저 블랙,462,fl:ark_ranger,500,7,344,207,0.02,아크레인저 블랙 500,,
person:아크레인저_블랙,아크레인저 블랙,463,char:570,226,4,176,48,0.02,아크레인저 블랙 226,,
person:아크레인저_블루,아크레인저 블루,462,fl:ark_ranger,210,168,28,74,0.86,아크레인저 블루 210,,
person:아트,아트,387,event_ce006,50,36,14,20,0.72,아트 50,,
person:안젤리나,안젤리나,159,event_miraclesnow1,199,93,55,76,0.63,안젤리나 199,당신 2 · 선생님 1,
person:알콜러버,알콜러버,82,sub:알콜러버_00,30,16,4,10,0.80,알콜러버 30,지휘관님 2,
person:알프레드,알프레드,393,fl:boom_the_ghost,269,0,20,265,0.00,알프레드 269,,
person:애니힐리오,애니힐리오,462,fl:ark_ranger,5,0,0,4,,애니힐리오 5,,
person:애드미,애드미,55,ch09,5,3,0,4,1.00,애드미 5,,
person:애드미,애드미,80,ch14,15,13,1,5,0.93,애드미 15,지휘관 1,
person:애드미,애드미,112,char:161,4,3,0,0,1.00,애드미 4,,
person:애드미,애드미,125,char:172,270,142,55,104,0.72,애드미 270,지휘관 26,
person:애드미,애드미,134,char:171,17,12,4,6,0.75,애드미 17,지휘관 5,
person:애드미,애드미,141,char:170,21,8,3,5,0.73,애드미 21,,
person:애드미,애드미,180,char:800,36,24,16,10,0.60,애드미 36,지휘관 2,
person:애드미,애드미,199,sub:중앙정부_트라이앵글_00,7,6,0,2,1.00,애드미 7,지휘관 1,
person:애드미,애드미,215,event_nyanyaparadise,22,15,3,8,0.83,애드미 22,지휘관 3,
person:애드미,애드미,264,event_perfectmaid,6,2,1,3,0.67,애드미 6,,
person:애드미,애드미,320,char:390,24,10,4,12,0.71,애드미 24,지휘관 2,
person:애드미,애드미,476,char:870,19,15,2,5,0.88,애드미 19,,
person:앤,앤,159,event_miraclesnow1,222,164,45,95,0.78,앤 222,선생님 17,
person:앤,앤,162,char:121,207,116,83,79,0.58,앤 207,선생님 24,
person:앨리스,앨리스,9,ch05,58,48,12,31,0.80,앨리스 58,당신 1,
person:앨리스,앨리스,11,ch06,27,23,0,21,1.00,앨리스 27,,
person:앨리스,앨리스,42,ch07,4,5,0,2,1.00,앨리스 4,,
person:앨리스,앨리스,96,char:232,5,4,2,3,0.67,앨리스 5,,
person:앨리스,앨리스,104,char:190,27,11,12,12,0.48,앨리스 27,,존댓말 100%→48%
person:앨리스,앨리스,126,char:191,204,107,71,68,0.60,앨리스 204,,
person:앨리스,앨리스,160,char:193,25,24,11,18,0.69,앨리스 25,,
person:앨리스,앨리스,253,event_alonesurvivor,23,15,2,13,0.88,앨리스 23,,
person:앨리스,앨리스,254,char:192,34,24,5,17,0.83,앨리스 34,,
person:앨리스,앨리스,255,event_neverland1,4,4,2,0,0.67,앨리스 4,,
person:앨리스,앨리스,300,event_goldencoinrush1,426,288,135,122,0.68,앨리스 426,당신 1,
person:앨리스,앨리스,302,char:195,188,137,37,47,0.79,앨리스 188,,
person:앨리스,앨리스,400,fl:absolute,16,8,7,8,0.53,앨리스 16,,
person:앨트루이아,앨트루이아,436,ch44,46,26,17,27,0.60,앨트루이아 46,당신 2,
person:앨트루이아,앨트루이아,472,ch48,29,19,4,8,0.83,앨트루이아 29,당신 3,
person:앵커,앵커,147,char:352,31,0,18,14,0.00,앵커 31,,
person:앵커,앵커,163,event_brandnewyear,3,0,1,2,0.00,앵커 3,,
person:앵커,앵커,224,event_goldenship,158,0,134,62,0.00,앵커 158,,
person:앵커,앵커,226,event_seayouagain1,113,0,76,33,0.00,앵커 113,,
person:앵커,앵커,228,char:351,191,0,133,79,0.00,앵커 191,,
person:앵커,앵커,238,char:451,3,0,0,3,,앵커 3,,
person:앵커,앵커,355,event_romanticvalentine,91,0,69,42,0.00,앵커 91,오라버니 11 · 주인님 8 · 아저씨 4,
person:앵커,앵커,357,char:355,134,1,83,77,0.01,앵커 134,주인님 35,호칭 오라버니→주인님
person:앵커,앵커,373,ch37,26,0,23,12,0.00,앵커 26,,
person:앵커,앵커,375,ch38,17,0,16,7,0.00,앵커 17,,
person:앵커,앵커,432,fl:fatal_maid,15,0,9,6,0.00,앵커 15,,
person:앵커,앵커,481,char:405,11,0,10,1,0.00,앵커 11,아저씨 1,
person:얀,얀,85,ch15,56,0,41,25,0.00,얀 56,,
person:얀,얀,105,char:200,12,0,14,3,0.00,얀 12,,
person:얀,얀,118,char:80,33,3,21,15,0.13,얀 33,,
person:얀,얀,120,char:140,13,0,19,5,0.00,얀 13,,
person:얀,얀,127,char:201,180,1,161,78,0.01,얀 180,지휘관 1,
person:얀,얀,188,event_fullfoolday,22,0,21,8,0.00,얀 22,,
person:얀,얀,209,char:271,8,0,6,2,0.00,얀 8,,
person:얀,얀,212,event_bluewaterisland,114,0,105,52,0.00,얀 114,,
person:얀,얀,213,char:132,23,0,24,8,0.00,얀 23,,
person:얀,얀,218,sub:상인연합_달란트_00,21,1,15,5,0.06,얀 21,,
person:얀,얀,224,event_goldenship,10,5,1,6,0.83,얀 10,아저씨 1,
person:얀,얀,226,event_seayouagain1,63,1,41,28,0.02,얀 63,,
person:얀,얀,229,char:353,29,0,18,15,0.00,얀 29,,
person:얀,얀,263,char:281,1,0,0,1,,얀 1,,
person:얀,얀,281,char:500,3,0,2,2,0.00,얀 3,,
person:얀,얀,300,event_goldencoinrush1,32,0,16,25,0.00,얀 32,,
person:얀,얀,357,char:355,11,0,7,8,0.00,얀 11,,
person:얀,얀,365,fl:for_rest,13,0,7,6,0.00,얀 13,,
person:얀,얀,393,fl:boom_the_ghost,139,0,130,57,0.00,얀 139,,
person:얀,얀,395,char:502,15,1,15,6,0.06,얀 15,,
person:에고비스타,에고비스타,452,ch46,27,0,20,19,0.00,에고비스타 27,,
person:에고비스타,에고비스타,472,ch48,40,0,36,24,0.00,에고비스타 40,,
person:에닉,에닉,8,ch04,18,5,3,20,0.63,에닉 18,지휘관 1,
person:에닉,에닉,80,ch14,52,42,1,19,0.98,에닉 52,당신 8,
person:에닉,에닉,130,char:210,33,22,2,11,0.92,에닉 33,당신 1,
person:에닉,에닉,137,char:110,15,3,3,15,0.50,에닉 15,,
person:에닉,에닉,159,event_miraclesnow1,7,6,1,5,0.86,에닉 7,,
person:에닉,에닉,197,ch22,76,62,3,32,0.95,에닉 76,당신 6,
person:에닉,에닉,212,event_bluewaterisland,22,9,3,12,0.75,에닉 22,,
person:에닉,에닉,217,ch23,21,20,1,4,0.95,에닉 21,당신 2,
person:에닉,에닉,221,ch24,103,69,14,56,0.83,에닉 103,당신 3,
person:에닉,에닉,241,ch25,43,37,2,14,0.95,에닉 43,당신 5,
person:에닉,에닉,416,ch42,137,130,3,29,0.98,에닉 137,당신 13 · 지휘관 1,
person:에닉,에닉,430,fl:sin_editor,29,9,4,23,0.69,에닉 29,,
person:에닉,에닉,436,ch44,106,90,15,29,0.86,에닉 106,당신 3,
person:에닉,에닉,450,ch45,217,180,14,71,0.93,에닉 217,당신 5 · 지휘관 1,
person:에닉,에닉,452,ch46,23,13,1,12,0.93,에닉 23,,
person:에닉,에닉,454,event_staranis1,22,23,1,3,0.96,에닉 22,당신 3,
person:에닉,에닉,467,fl:project_matis,7,5,0,3,1.00,에닉 7,,
person:에닉,에닉,470,ch47,68,65,5,16,0.93,에닉 68,,
person:에밀리아,에밀리아,285,char:821,111,5,101,45,0.05,에밀리아 111,,
person:에이다,에이다,407,fl:reborn_evil,166,0,130,44,0.00,에이다 166,당신 5 · 지휘관 2,
person:에이다,에이다,408,char:840,106,0,71,36,0.00,에이다 106,당신 2,
person:에이드,에이드,177,event_maidinvalentine,135,78,40,59,0.66,에이드 135,주인님 31,
person:에이드,에이드,178,char:311,8,3,7,5,0.30,에이드 8,주인님 3,
person:에이드,에이드,179,char:312,25,13,13,8,0.50,에이드 25,주인님 6,
person:에이드,에이드,236,event_dazzlingcupid,4,4,1,2,0.80,에이드 4,주인님 1,
person:에이드,에이드,238,char:451,8,6,1,4,0.86,에이드 8,주인님 2,
person:에이드,에이드,264,event_perfectmaid,314,169,59,139,0.74,에이드 314,주인님 54,
person:에이드,에이드,265,char:313,5,4,1,0,0.80,에이드 5,주인님 1,
person:에이드,에이드,266,char:310,207,108,47,60,0.70,에이드 207,주인님 29 · 당신 1,
person:에이드,에이드,281,char:500,15,12,4,1,0.75,에이드 15,주인님 1,
person:에이드,에이드,285,char:821,20,8,9,5,0.47,에이드 20,,
person:에이드,에이드,286,char:820,12,7,5,2,0.58,에이드 12,,
person:에이드,에이드,287,event_liarsend,12,6,2,5,0.75,에이드 12,주인님 3,
person:에이드,에이드,300,event_goldencoinrush1,63,1,56,15,0.02,에이드 63,주인님 1,존댓말 75%→2%
person:에이드,에이드,355,event_romanticvalentine,48,26,8,29,0.76,에이드 48,주인님 13,존댓말 2%→76%
person:에이드,에이드,367,event_newflavor,55,42,6,21,0.88,에이드 55,주인님 5,
person:에이드,에이드,369,event_foolburstday,7,1,7,1,0.13,에이드 7,,존댓말 88%→13%
person:에이드,에이드,371,event_trueflavor,76,51,13,20,0.80,에이드 76,주인님 3,존댓말 13%→80%
person:에이드,에이드,404,fl:coins_in_rush,307,170,38,125,0.82,에이드 307,주인님 50 · 당신 3,
person:에이드,에이드,405,char:315,252,164,40,89,0.80,에이드 252,주인님 52 · 지휘관 1,
person:에이드,에이드,406,char:143,50,29,8,27,0.78,에이드 50,주인님 7,
person:에이드,에이드,432,fl:fatal_maid,116,53,26,38,0.67,에이드 116,주인님 11 · 당신 1,
person:에이드,에이드,458,fl:b-side_idol,6,3,1,2,0.75,에이드 6,주인님 1,
person:에이드,에이드,474,fl:persona_on_frontline,53,31,9,20,0.78,에이드 53,주인님 7,
person:에이드,에이드,476,char:870,8,7,1,0,0.88,에이드 8,,
person:에이드,에이드,481,char:405,10,6,5,5,0.55,에이드 10,주인님 1,
person:에이미,에이미,444,fl:2x2_love_1ch,291,186,52,62,0.78,에이미 291,선생님 13 · 선배 5 · 지휘관 3,
person:에이미,에이미,445,fl:2x2_love_2ch,301,182,72,61,0.72,에이미 301,선배 14 · 선생님 14 · 지휘관 1 · 여보 1,호칭 선생님→선배
person:에이브,에이브,338,event_oldtales1,936,3,837,343,0.00,에이브 936,,
person:에이브,에이브,339,erelic:old_tales_dialog,73,0,61,18,0.00,에이브 73,,
person:에이브,에이브,342,char:226,43,0,37,12,0.00,에이브 43,,
person:에이브,에이브,370,side:mudfish,32,0,24,9,0.00,에이브 32,,
person:에이브,에이브,378,erelic:unbreakable_sphere_dialog,23,0,24,5,0.00,에이브 23,,
person:에이브,에이브,380,char:513,125,0,101,35,0.00,에이브 125,,
person:에테르,에테르,128,char:291,380,4,397,187,0.01,에테르 380,,
person:에테르,에테르,164,char:260,15,0,13,2,0.00,에테르 15,,
person:에테르,에테르,206,char:392,26,0,26,16,0.00,에테르 26,지휘관 1 · 선생님 1,
person:에테르,에테르,234,event_schooloflock,107,1,75,48,0.01,에테르 107,선생님 4 · 지휘관 1,
person:에테르,에테르,280,event_boomsday,32,0,32,14,0.00,에테르 32,,
person:에테르,에테르,298,event_darkhero,129,1,120,40,0.01,에테르 129,,
person:에테르,에테르,319,event_colorless,87,0,70,34,0.00,에테르 87,선생님 1,
person:에테르,에테르,348,char:183,17,0,20,5,0.00,에테르 17,,
person:에테르,에테르,353,event_wisdomspring,201,0,183,52,0.00,에테르 201,지휘관 1,
person:에테르,에테르,354,char:290,30,0,24,12,0.00,에테르 30,,
person:에테르,에테르,414,ch41,35,5,32,15,0.14,에테르 35,,
person:에테르,에테르,434,ch43,28,25,4,9,0.86,에테르 28,,존댓말 14%→86%
person:에테르,에테르,436,ch44,34,3,30,15,0.09,에테르 34,,존댓말 86%→9%
person:에테르,에테르,444,fl:2x2_love_1ch,40,5,24,12,0.17,에테르 40,,
person:에테르,에테르,445,fl:2x2_love_2ch,91,0,71,21,0.00,에테르 91,,
person:에테르,에테르,464,fl:wave_to_you,32,0,25,12,0.00,에테르 32,선생님 1,
person:에피넬,에피넬,129,char:241,226,0,146,116,0.00,에피넬 226,,
person:에피넬,에피넬,140,char:242,31,0,28,22,0.00,에피넬 31,,
person:에피넬,에피넬,289,event_onemoretime,32,0,29,9,0.00,에피넬 32,,
person:에피넬,에피넬,332,event_lifeagain,25,0,21,7,0.00,에피넬 25,,
person:엑시아,엑시아,42,ch07,5,1,0,3,1.00,엑시아 5,,
person:엑시아,엑시아,50,ch08,52,39,5,23,0.89,엑시아 52,,
person:엑시아,엑시아,52,sub:든_셀_00,35,0,19,15,0.00,엑시아 35,,존댓말 89%→0%
person:엑시아,엑시아,55,ch09,89,49,19,29,0.72,엑시아 89,,존댓말 0%→72%
person:엑시아,엑시아,93,char:180,27,10,6,25,0.63,엑시아 27,,
person:엑시아,엑시아,94,char:11,18,12,2,7,0.86,엑시아 18,지휘관 1,
person:엑시아,엑시아,95,char:212,66,36,17,27,0.68,엑시아 66,,
person:엑시아,엑시아,112,char:161,17,6,9,2,0.40,엑시아 17,,
person:엑시아,엑시아,114,char:91,16,10,3,5,0.77,엑시아 16,,
person:엑시아,엑시아,130,char:210,263,111,53,124,0.68,엑시아 263,당신 2 · 보스 1 · 지휘관 1,
person:엑시아,엑시아,131,char:90,1,1,0,1,1.00,엑시아 1,,
person:엑시아,엑시아,132,char:160,1,0,0,1,,엑시아 1,,
person:엑시아,엑시아,145,char:120,21,6,6,10,0.50,엑시아 21,,
person:엑시아,엑시아,159,event_miraclesnow1,79,51,12,26,0.81,엑시아 79,,
person:엑시아,엑시아,162,char:121,16,4,3,13,0.57,엑시아 16,,
person:엑시아,엑시아,178,char:311,24,7,7,17,0.50,엑시아 24,당신 1,
person:엑시아,엑시아,207,event_BunnyX777,9,6,2,0,0.75,엑시아 9,,
person:엑시아,엑시아,242,sub:중앙정부_프로토콜_00,45,0,27,16,0.00,엑시아 45,,존댓말 75%→0%
person:엑시아,엑시아,280,event_boomsday,41,29,1,11,0.97,엑시아 41,,존댓말 0%→97%
person:엑시아,엑시아,298,event_darkhero,111,67,20,20,0.77,엑시아 111,보스 1 · 당신 1,
person:엑시아,엑시아,300,event_goldencoinrush1,49,29,12,16,0.71,엑시아 49,,
person:엑시아,엑시아,304,char:551,29,18,2,9,0.90,엑시아 29,,
person:엑시아,엑시아,347,event_icedragonsaga1,29,14,5,10,0.74,엑시아 29,당신 4,
person:엑시아,엑시아,349,char:182,8,4,1,3,0.80,엑시아 8,,
person:엑시아,엑시아,369,event_foolburstday,13,6,3,4,0.67,엑시아 13,,
person:엑시아,엑시아,404,fl:coins_in_rush,233,138,18,75,0.88,엑시아 233,아저씨 1,
person:엑시아,엑시아,440,char:862,27,15,2,11,0.88,엑시아 27,당신 1,
person:엔더슨,엔더슨,2,ch01,54,0,48,26,0.00,엔더슨 54,지휘관 3,
person:엔더슨,엔더슨,3,ch02,23,0,25,9,0.00,엔더슨 23,,
person:엔더슨,엔더슨,8,ch04,68,0,73,19,0.00,엔더슨 68,지휘관 1,
person:엔더슨,엔더슨,42,ch07,33,0,30,11,0.00,엔더슨 33,지휘관 2,
person:엔더슨,엔더슨,55,ch09,30,0,28,10,0.00,엔더슨 30,,
person:엔더슨,엔더슨,73,ch12,45,0,38,14,0.00,엔더슨 45,,
person:엔더슨,엔더슨,76,ch13,48,0,46,10,0.00,엔더슨 48,,
person:엔더슨,엔더슨,80,ch14,58,0,48,18,0.00,엔더슨 58,,
person:엔더슨,엔더슨,101,char:72,5,0,6,1,0.00,엔더슨 5,,
person:엔더슨,엔더슨,104,char:190,32,0,29,7,0.00,엔더슨 32,,
person:엔더슨,엔더슨,146,event_nocallerid,37,0,34,8,0.00,엔더슨 37,,
person:엔더슨,엔더슨,147,char:352,9,0,12,3,0.00,엔더슨 9,,
person:엔더슨,엔더슨,152,ch18,55,0,37,28,0.00,엔더슨 55,지휘관 1,
person:엔더슨,엔더슨,157,event_hightechtoy,12,0,12,2,0.00,엔더슨 12,,
person:엔더슨,엔더슨,159,event_miraclesnow1,16,0,14,11,0.00,엔더슨 16,,
person:엔더슨,엔더슨,168,ch20,2,0,3,0,0.00,엔더슨 2,,
person:엔더슨,엔더슨,171,event_doutsiders,37,0,25,13,0.00,엔더슨 37,,
person:엔더슨,엔더슨,180,char:800,52,0,42,15,0.00,엔더슨 52,,
person:엔더슨,엔더슨,188,event_fullfoolday,16,0,17,2,0.00,엔더슨 16,,
person:엔더슨,엔더슨,212,event_bluewaterisland,37,0,30,9,0.00,엔더슨 37,,
person:엔더슨,엔더슨,226,event_seayouagain1,70,0,62,16,0.00,엔더슨 70,,
person:엔더슨,엔더슨,241,ch25,100,0,104,27,0.00,엔더슨 100,,
person:엔더슨,엔더슨,244,ch26,33,0,26,11,0.00,엔더슨 33,,
person:엔더슨,엔더슨,255,event_neverland1,40,0,38,8,0.00,엔더슨 40,,
person:엔더슨,엔더슨,267,ch27,76,0,68,24,0.00,엔더슨 76,선배 1,
person:엔더슨,엔더슨,287,event_liarsend,2,0,2,0,0.00,엔더슨 2,,
person:엔더슨,엔더슨,358,ch35,85,0,86,24,0.00,엔더슨 85,,
person:엔더슨,엔더슨,367,event_newflavor,26,0,23,3,0.00,엔더슨 26,,
person:엔더슨,엔더슨,407,fl:reborn_evil,60,1,46,13,0.02,엔더슨 60,,
person:엔더슨,엔더슨,428,fl:ark_guardian,6,0,2,7,0.00,엔더슨 6,,
person:엔더슨,엔더슨,436,ch44,52,0,51,11,0.00,엔더슨 52,,
person:엔더슨,엔더슨,438,fl:lie_cause_recoil,20,0,18,2,0.00,엔더슨 20,,
person:엔더슨,엔더슨,450,ch45,13,0,13,6,0.00,엔더슨 13,지휘관 1,
person:엔더슨,엔더슨,452,ch46,155,1,164,58,0.01,엔더슨 155,지휘관 2,
person:엔더슨,엔더슨,470,ch47,69,0,65,16,0.00,엔더슨 69,,
person:엔더슨,엔더슨,472,ch48,27,0,23,14,0.00,엔더슨 27,지휘관 1,
person:엔더슨,엔더슨,474,fl:persona_on_frontline,23,0,23,2,0.00,엔더슨 23,,
person:엔드리스,엔드리스,450,ch45,100,71,15,30,0.83,엔드리스 100,당신 14,
person:엔메,엔메,467,fl:project_matis,211,1,183,51,0.01,엔메 211,,
person:엘리시온_프랑카,엘리시온 프랑카,442,fl:enter_heaven,28,0,24,6,0.00,엘리시온 프랑카 28,,
person:엘리시온_하퍼,엘리시온 하퍼,442,fl:enter_heaven,130,7,80,43,0.08,엘리시온 하퍼 130,당신 2,
person:엘세리아_나인,엘세리아 나인,407,fl:reborn_evil,64,4,30,29,0.12,엘세리아 나인 64,당신 4 · 지휘관 1,
person:엠마,엠마,8,ch04,14,1,14,8,0.07,엠마 14,,
person:엠마,엠마,62,ch10,61,0,48,44,0.00,엠마 61,,
person:엠마,엠마,68,ch11,6,0,5,3,0.00,엠마 6,,
person:엠마,엠마,73,ch12,16,0,10,8,0.00,엠마 16,,
person:엠마,엠마,76,ch13,5,0,5,3,0.00,엠마 5,당신 1,
person:엠마,엠마,95,char:212,42,0,35,19,0.00,엠마 42,지휘관 1,
person:엠마,엠마,114,char:91,12,0,7,8,0.00,엠마 12,지휘관 2,
person:엠마,엠마,120,char:140,14,1,10,8,0.09,엠마 14,,
person:엠마,엠마,122,char:22,11,0,12,8,0.00,엠마 11,지휘관 3,
person:엠마,엠마,131,char:90,224,1,204,149,0.00,엠마 224,지휘관 32,
person:엠마,엠마,132,char:160,1,0,1,1,0.00,엠마 1,,
person:엠마,엠마,135,char:92,30,0,24,18,0.00,엠마 30,지휘관 5,
person:엠마,엠마,139,char:30,20,0,19,10,0.00,엠마 20,,
person:엠마,엠마,159,event_miraclesnow1,40,7,38,22,0.16,엠마 40,지휘관 1,
person:엠마,엠마,162,char:121,38,0,37,20,0.00,엠마 38,,
person:엠마,엠마,188,event_fullfoolday,10,0,9,6,0.00,엠마 10,지휘관 2,
person:엠마,엠마,210,event_queensorder,25,0,18,10,0.00,엠마 25,지휘관 6,
person:엠마,엠마,255,event_neverland1,108,1,117,43,0.01,엠마 108,지휘관 7,
person:엠마,엠마,308,ch31,76,0,65,47,0.00,엠마 76,,
person:엠마,엠마,310,ch32,51,0,44,28,0.00,엠마 51,,
person:엠마,엠마,334,ch33,1,0,1,1,0.00,엠마 1,,
person:엠마,엠마,336,ch34,68,0,66,30,0.00,엠마 68,지휘관 2,
person:엠마,엠마,347,event_icedragonsaga1,31,0,23,14,0.00,엠마 31,,
person:엠마,엠마,348,char:183,6,0,8,0,0.00,엠마 6,,
person:엠마,엠마,349,char:182,7,0,5,2,0.00,엠마 7,,
person:엠마,엠마,367,event_newflavor,38,0,31,15,0.00,엠마 38,지휘관 2,
person:엠마,엠마,368,char:520,12,0,7,7,0.00,엠마 12,지휘관 2,
person:엠마,엠마,400,fl:absolute,453,0,361,169,0.00,엠마 453,지휘관 3,
person:엠마,엠마,401,char:93,200,0,157,72,0.00,엠마 200,지휘관 33,
person:엠마,엠마,403,char:94,26,0,26,15,0.00,엠마 26,지휘관 8,
person:엠마,엠마,458,fl:b-side_idol,9,0,6,5,0.00,엠마 9,지휘관 2,
person:엠마,엠마,474,fl:persona_on_frontline,14,0,12,6,0.00,엠마 14,,
person:엠마,엠마,477,char:871,29,0,30,6,0.00,엠마 29,지휘관 3,
person:오스왈드,오스왈드,203,event_overzone,15,16,0,4,1.00,오스왈드 15,당신 3,
person:오스왈드,오스왈드,248,event_redash,105,80,11,25,0.88,오스왈드 105,,
person:오스왈드,오스왈드,338,event_oldtales1,181,134,22,52,0.86,오스왈드 181,당신 7,
person:오스왈드,오스왈드,428,fl:ark_guardian,127,77,21,26,0.79,오스왈드 127,당신 9,
person:오스왈드,오스왈드,447,side:pretty_star,310,110,160,42,0.41,오스왈드 310,당신 2,
person:온리_원,온리 원,414,ch41,5,0,4,0,0.00,온리 원 5,,
person:온리_원,온리 원,416,ch42,22,0,19,6,0.00,온리 원 22,,
person:온리_원,온리 원,452,ch46,54,0,36,24,0.00,온리 원 54,,
person:온리_원,온리 원,470,ch47,64,0,54,30,0.00,온리 원 64,,
person:온리_원,온리 원,472,ch48,80,0,66,17,0.00,온리 원 80,,
person:온리_원,온리 원,478,fl:great_villain_union,25,0,13,13,0.00,온리 원 25,,
person:올란도,올란도,122,char:22,5,0,6,4,0.00,올란도 5,,
person:올리버,올리버,448,fl:good_world,32,18,3,12,0.86,올리버 32,선생님 4,
person:요요,요요,454,event_staranis1,205,73,111,57,0.40,요요 205,당신 1 · 여보 1,
person:요한,요한,165,ch19,32,0,23,9,0.00,요한 32,지휘관 2,
person:요한,요한,168,ch20,138,0,91,45,0.00,요한 138,지휘관 2,
person:요한,요한,186,char:261,2,0,0,2,,요한 2,지휘관 1,
person:요한,요한,191,ch21,214,3,217,29,0.01,요한 214,지휘관 4 · 선배 2,
person:요한,요한,193,sub:에덴_Notice_01,10,0,7,2,0.00,요한 10,지휘관 2,
person:요한,요한,194,sub:에덴_Notice_02,46,1,42,5,0.02,요한 46,지휘관 2,
person:요한,요한,411,side:eden_spear,317,1,260,72,0.00,요한 317,,
person:요한,요한,418,event_goddessfall1,308,3,279,60,0.01,요한 308,,
person:요한,요한,419,erelic:goddess_fall_mini,131,3,83,31,0.03,요한 131,,
person:요한,요한,436,ch44,37,2,34,4,0.06,요한 37,,
person:요한,요한,450,ch45,12,0,14,1,0.00,요한 12,,
person:요한,요한,452,ch46,103,1,81,24,0.01,요한 103,,
person:요한,요한,470,ch47,111,1,101,21,0.01,요한 111,,
person:웬디,웬디,350,event_footstepwalkrun1,149,0,128,74,0.00,웬디 149,지휘관 5,
person:유니,유니,3,ch02,3,0,0,3,,유니 3,,
person:유니,유니,6,ch03,19,0,19,14,0.00,유니 19,,
person:유니,유니,8,ch04,56,1,48,27,0.02,유니 56,지휘관 11,
person:유니,유니,73,ch12,18,0,17,6,0.00,유니 18,,
person:유니,유니,87,ch16,4,0,3,0,0.00,유니 4,,
person:유니,유니,131,char:90,5,0,4,6,0.00,유니 5,지휘관 1,
person:유니,유니,132,char:160,168,1,105,106,0.01,유니 168,지휘관 34,
person:유니,유니,148,ch17,21,0,14,12,0.00,유니 21,,
person:유니,유니,152,ch18,35,0,26,18,0.00,유니 35,지휘관 5,
person:유니,유니,185,event_cherryblossom,13,0,14,8,0.00,유니 13,지휘관 5,
person:유니,유니,217,ch23,39,12,18,23,0.40,유니 39,지휘관 6,
person:유니,유니,221,ch24,99,0,79,52,0.00,유니 99,지휘관 8,
person:유니,유니,331,side:wordless,141,10,27,91,0.27,유니 141,,
person:유니,유니,370,side:mudfish,4,0,0,4,,유니 4,,
person:유니,유니,377,event_unbreakablesphere1,136,0,1,125,0.00,유니 136,,
person:유니,유니,378,erelic:unbreakable_sphere_dialog,24,0,0,21,,유니 24,,
person:유진,유진,458,fl:b-side_idol,6,5,1,1,0.83,유진 6,선배님 1,
person:유키코,유키코,474,fl:persona_on_frontline,249,25,186,140,0.12,유키코 249,지휘관 20 · 지휘관님 1 · 아저씨 1,
person:유키코,유키코,477,char:871,120,46,60,45,0.43,유키코 120,지휘관 9,
person:율리아,율리아,69,sub:음악_애호가_00,6,6,2,2,0.75,율리아 6,당신 1,
person:율리아,율리아,133,char:150,262,118,77,102,0.61,율리아 262,당신 6,
person:율리아,율리아,163,event_brandnewyear,83,71,16,17,0.82,율리아 83,,
person:율리아,율리아,368,char:520,6,4,1,1,0.80,율리아 6,,
person:율리아,율리아,425,fl:terminus_ticket,24,15,4,3,0.79,율리아 24,,
person:율하,율하,55,ch09,14,0,10,9,0.00,율하 14,,
person:율하,율하,80,ch14,12,0,11,6,0.00,율하 12,,
person:율하,율하,112,char:161,5,0,4,2,0.00,율하 5,,
person:율하,율하,125,char:172,32,0,25,13,0.00,율하 32,,
person:율하,율하,134,char:171,250,1,170,126,0.01,율하 250,지휘관 2,
person:율하,율하,141,char:170,42,0,29,14,0.00,율하 42,지휘관 2,
person:율하,율하,180,char:800,51,0,39,16,0.00,율하 51,,
person:율하,율하,199,sub:중앙정부_트라이앵글_00,10,0,7,3,0.00,율하 10,,
person:율하,율하,207,event_BunnyX777,8,0,4,2,0.00,율하 8,,
person:율하,율하,264,event_perfectmaid,11,0,12,7,0.00,율하 11,,
person:율하,율하,287,event_liarsend,5,0,3,1,0.00,율하 5,,
person:율하,율하,320,char:390,89,0,66,29,0.00,율하 89,,
person:율하,율하,347,event_icedragonsaga1,33,0,28,10,0.00,율하 33,,
person:율하,율하,348,char:183,22,0,19,7,0.00,율하 22,,
person:율하,율하,354,char:290,12,0,5,13,0.00,율하 12,,
person:율하,율하,474,fl:persona_on_frontline,23,0,23,5,0.00,율하 23,,
person:율하,율하,476,char:870,15,0,15,1,0.00,율하 15,,
person:은화,은화,8,ch04,24,0,14,16,0.00,은화 24,,
person:은화,은화,62,ch10,76,1,71,26,0.01,은화 76,,
person:은화,은화,68,ch11,11,0,12,1,0.00,은화 11,,
person:은화,은화,73,ch12,34,0,29,10,0.00,은화 34,,
person:은화,은화,76,ch13,12,0,11,5,0.00,은화 12,,
person:은화,은화,114,char:91,16,0,9,6,0.00,은화 16,,
person:은화,은화,131,char:90,1,0,0,3,,은화 1,,
person:은화,은화,132,char:160,1,0,0,0,,은화 1,,
person:은화,은화,135,char:92,330,0,253,126,0.00,은화 330,지휘관 11 · 선배 1,
person:은화,은화,181,char:801,10,0,8,5,0.00,은화 10,,
person:은화,은화,255,event_neverland1,52,0,34,20,0.00,은화 52,,
person:은화,은화,287,event_liarsend,7,0,3,4,0.00,은화 7,,
person:은화,은화,289,event_onemoretime,8,0,6,1,0.00,은화 8,,
person:은화,은화,299,char:501,22,0,15,8,0.00,은화 22,,
person:은화,은화,308,ch31,128,0,97,49,0.00,은화 128,지휘관 1,
person:은화,은화,310,ch32,90,0,63,28,0.00,은화 90,지휘관 1,
person:은화,은화,334,ch33,4,0,3,2,0.00,은화 4,,
person:은화,은화,336,ch34,140,0,121,46,0.00,은화 140,,
person:은화,은화,347,event_icedragonsaga1,21,0,16,5,0.00,은화 21,,
person:은화,은화,349,char:182,1,0,0,0,,은화 1,,
person:은화,은화,400,fl:absolute,774,0,517,260,0.00,은화 774,지휘관 2,
person:은화,은화,402,char:95,324,0,251,122,0.00,은화 324,지휘관 1,
person:은화,은화,403,char:94,32,0,30,8,0.00,은화 32,,
person:은화,은화,474,fl:persona_on_frontline,50,0,36,24,0.00,은화 50,지휘관 1,
person:은화,은화,477,char:871,17,0,14,1,0.00,은화 17,,
person:음악_애호가,음악 애호가,69,sub:음악_애호가_00,35,18,5,11,0.78,음악 애호가 35,당신 4,
person:음악_애호가,음악 애호가,70,sub:음악_애호가_01,36,14,7,15,0.67,음악 애호가 36,,
person:이례의_기록자,이례의 기록자,22,sub:이례의_기록자_00,57,0,37,19,0.00,이례의 기록자 57,지휘관 5,
person:이브,이브,387,event_ce006,240,0,204,99,0.00,이브 240,지휘관 2 · 당신 2,
person:이브,이브,389,char:850,80,0,58,19,0.00,이브 80,,
person:이사벨,이사벨,136,char:231,289,193,58,70,0.77,이사벨 289,당신 58 · 지휘관 2,
person:이사벨,이사벨,165,ch19,5,3,0,3,1.00,이사벨 5,지휘관 1,
person:이사벨,이사벨,168,ch20,17,3,5,12,0.38,이사벨 17,지휘관 7 · 당신 1,
person:이사벨,이사벨,191,ch21,50,40,7,19,0.85,이사벨 50,지휘관 7 · 당신 3,
person:이사벨,이사벨,192,sub:에덴_Notice_00,51,31,8,8,0.79,이사벨 51,당신 12 · 지휘관 1,
person:이사벨,이사벨,193,sub:에덴_Notice_01,41,22,3,8,0.88,이사벨 41,당신 4,
person:이사벨,이사벨,194,sub:에덴_Notice_02,13,9,0,4,1.00,이사벨 13,지휘관 1,
person:이사벨,이사벨,411,side:eden_spear,67,11,32,22,0.26,이사벨 67,지휘관 3,존댓말 100%→26%
person:이사벨,이사벨,418,event_goddessfall1,144,9,96,58,0.09,이사벨 144,지휘관 3 · 당신 1,
person:이사벨,이사벨,419,erelic:goddess_fall_mini,103,13,46,37,0.22,이사벨 103,지휘관 2,
person:인디빌리아,인디빌리아,221,ch24,24,15,1,6,0.94,인디빌리아 24,당신 1,
person:인디빌리아,인디빌리아,295,event_lastkingdom1,282,202,49,128,0.80,인디빌리아 282,당신 45,
person:인디빌리아,인디빌리아,418,event_goddessfall1,220,160,45,102,0.78,인디빌리아 220,당신 27,
person:일레그,일레그,267,ch27,252,44,229,87,0.16,일레그 252,지휘관 1,
person:일레그,일레그,273,ch28,242,38,218,95,0.15,일레그 242,지휘관 1 · 당신 1,
person:일레그,일레그,280,event_boomsday,497,59,372,167,0.14,일레그 497,지휘관 17,
person:일레그,일레그,281,char:500,219,30,149,68,0.17,일레그 219,지휘관 7,
person:일레그,일레그,291,ch29,145,16,148,62,0.10,일레그 145,지휘관 4,
person:일레그,일레그,293,ch30,79,7,65,32,0.10,일레그 79,지휘관 1,
person:일레그,일레그,298,event_darkhero,198,32,140,66,0.19,일레그 198,지휘관 4,
person:일레그,일레그,299,char:501,40,8,32,14,0.20,일레그 40,,
person:일레그,일레그,355,event_romanticvalentine,16,3,11,4,0.21,일레그 16,지휘관 2,
person:일레그,일레그,363,char:835,23,12,17,13,0.41,일레그 23,지휘관 2 · 당신 1,
person:일레그,일레그,369,event_foolburstday,17,0,17,10,0.00,일레그 17,지휘관 3,
person:일레그,일레그,387,event_ce006,175,36,166,81,0.18,일레그 175,지휘관 3,
person:일레그,일레그,388,char:852,121,15,82,47,0.15,일레그 121,,
person:일레그,일레그,393,fl:boom_the_ghost,495,82,332,201,0.20,일레그 495,지휘관 25,
person:일레그,일레그,395,char:502,298,31,238,125,0.12,일레그 298,지휘관 22,
person:일레그,일레그,450,ch45,72,18,50,25,0.26,일레그 72,지휘관 4,
person:잉그리드,잉그리드,2,ch01,22,0,22,7,0.00,잉그리드 22,,
person:잉그리드,잉그리드,3,ch02,9,0,10,3,0.00,잉그리드 9,,
person:잉그리드,잉그리드,8,ch04,9,0,9,3,0.00,잉그리드 9,,
person:잉그리드,잉그리드,55,ch09,26,0,20,8,0.00,잉그리드 26,,
person:잉그리드,잉그리드,68,ch11,17,0,16,8,0.00,잉그리드 17,,
person:잉그리드,잉그리드,73,ch12,61,0,62,19,0.00,잉그리드 61,,
person:잉그리드,잉그리드,76,ch13,64,1,60,20,0.02,잉그리드 64,지휘관 1,
person:잉그리드,잉그리드,80,ch14,40,1,38,10,0.03,잉그리드 40,,
person:잉그리드,잉그리드,94,char:11,64,0,60,16,0.00,잉그리드 64,,
person:잉그리드,잉그리드,105,char:200,4,0,2,2,0.00,잉그리드 4,,
person:잉그리드,잉그리드,109,char:181,33,0,30,5,0.00,잉그리드 33,,
person:잉그리드,잉그리드,132,char:160,1,0,0,0,,잉그리드 1,,
person:잉그리드,잉그리드,135,char:92,70,0,51,32,0.00,잉그리드 70,지휘관 3,
person:잉그리드,잉그리드,139,char:30,51,0,41,9,0.00,잉그리드 51,,
person:잉그리드,잉그리드,148,ch17,2,0,3,0,0.00,잉그리드 2,,
person:잉그리드,잉그리드,152,ch18,9,0,5,3,0.00,잉그리드 9,,
person:잉그리드,잉그리드,153,sub:테트라_커넥트_01,8,0,5,4,0.00,잉그리드 8,,
person:잉그리드,잉그리드,159,event_miraclesnow1,8,0,6,4,0.00,잉그리드 8,,
person:잉그리드,잉그리드,164,char:260,113,3,89,27,0.03,잉그리드 113,,
person:잉그리드,잉그리드,178,char:311,24,2,17,13,0.11,잉그리드 24,,
person:잉그리드,잉그리드,212,event_bluewaterisland,7,0,4,3,0.00,잉그리드 7,,
person:잉그리드,잉그리드,217,ch23,52,1,51,9,0.02,잉그리드 52,,
person:잉그리드,잉그리드,221,ch24,82,0,75,22,0.00,잉그리드 82,지휘관 1,
person:잉그리드,잉그리드,226,event_seayouagain1,12,0,8,5,0.00,잉그리드 12,,
person:잉그리드,잉그리드,228,char:351,88,0,55,34,0.00,잉그리드 88,,
person:잉그리드,잉그리드,244,ch26,29,0,27,6,0.00,잉그리드 29,,
person:잉그리드,잉그리드,255,event_neverland1,8,0,8,0,0.00,잉그리드 8,,
person:잉그리드,잉그리드,298,event_darkhero,7,0,7,1,0.00,잉그리드 7,,
person:잉그리드,잉그리드,347,event_icedragonsaga1,196,0,127,74,0.00,잉그리드 196,,
person:잉그리드,잉그리드,350,event_footstepwalkrun1,119,0,106,27,0.00,잉그리드 119,지휘관 1,
person:잉그리드,잉그리드,358,ch35,123,2,121,33,0.02,잉그리드 123,지휘관 1,
person:잉그리드,잉그리드,360,ch36,37,0,37,9,0.00,잉그리드 37,,
person:잉그리드,잉그리드,383,event_arcanearchive,59,0,42,19,0.00,잉그리드 59,,
person:잉그리드,잉그리드,400,fl:absolute,141,0,96,48,0.00,잉그리드 141,지휘관 1,
person:잉그리드,잉그리드,402,char:95,44,0,37,13,0.00,잉그리드 44,,
person:잉그리드,잉그리드,423,fl:blank_ticket,10,0,6,4,0.00,잉그리드 10,,
person:잉그리드,잉그리드,430,fl:sin_editor,38,0,26,10,0.00,잉그리드 38,,
person:잉그리드,잉그리드,434,ch43,32,1,31,5,0.03,잉그리드 32,,
person:잉그리드,잉그리드,442,fl:enter_heaven,89,0,65,37,0.00,잉그리드 89,지휘관 1,
person:잉그리드,잉그리드,450,ch45,70,1,70,15,0.01,잉그리드 70,,
person:잉그리드,잉그리드,452,ch46,45,0,45,10,0.00,잉그리드 45,,
person:잉그리드,잉그리드,462,fl:ark_ranger,83,0,82,30,0.00,잉그리드 83,,
person:잉그리드,잉그리드,470,ch47,10,0,11,2,0.00,잉그리드 10,,
person:잉그리드,잉그리드,472,ch48,4,0,4,1,0.00,잉그리드 4,,
person:잉그리드,잉그리드,480,char:404,1,0,1,0,0.00,잉그리드 1,,
person:잉크,잉크,347,event_icedragonsaga1,78,0,73,23,0.00,잉크 46 · 여신(코드) 32,오빠 2 · 보스 1,
person:잉크,잉크,349,char:182,18,0,14,8,0.00,잉크 18,오빠 1,
person:자칼,자칼,87,ch16,56,1,52,34,0.02,자칼 56,지휘관 3,
person:자칼,자칼,137,char:110,5,0,2,4,0.00,자칼 5,지휘관 1,
person:자칼,자칼,171,event_doutsiders,30,0,35,21,0.00,자칼 30,지휘관 5,
person:자칼,자칼,174,char:111,246,1,188,117,0.01,자칼 246,지휘관 30,
person:자칼,자칼,176,char:112,14,0,14,9,0.00,자칼 14,지휘관 5,
person:자칼,자칼,217,ch23,22,0,26,28,0.00,자칼 22,지휘관 3,
person:자칼,자칼,221,ch24,32,0,22,20,0.00,자칼 32,,
person:자칼,자칼,305,event_beautyfullshot1,107,0,116,73,0.00,자칼 107,지휘관 4,
person:자칼,자칼,306,char:284,13,0,9,7,0.00,자칼 13,지휘관 1,
person:자칼,자칼,307,char:283,9,0,7,5,0.00,자칼 9,지휘관 1,
person:자칼,자칼,396,ch39,18,0,19,16,0.00,자칼 18,,
person:자칼,자칼,398,ch40,34,0,33,27,0.00,자칼 34,,
person:자칼,자칼,416,ch42,16,0,17,7,0.00,자칼 16,,
person:자칼,자칼,436,ch44,27,0,25,22,0.00,자칼 27,,
person:자칼,자칼,442,fl:enter_heaven,42,0,41,39,0.00,자칼 42,지휘관 8,
person:자칼,자칼,443,char:113,35,0,36,17,0.00,자칼 35,지휘관 7,
person:자칼,자칼,445,fl:2x2_love_2ch,25,0,25,21,0.00,자칼 25,지휘관 3,
person:자칼,자칼,450,ch45,12,0,13,8,0.00,자칼 12,,
person:장화,장화,258,event_newyearnewsword,415,47,279,185,0.14,장화 415,지휘관 4,
person:장화,장화,418,event_goddessfall1,58,0,47,27,0.00,장화 58,,
person:장화,장화,428,fl:ark_guardian,2,0,1,1,0.00,장화 2,,
person:장화,장화,452,ch46,79,0,70,24,0.00,장화 79,,
person:장화,장화,472,ch48,38,0,33,13,0.00,장화 38,,
person:잭_로우,잭 로우,225,char:350,11,0,8,3,0.00,잭 로우 11,,
person:저스틴,저스틴,40,sub:저스틴_00,47,42,6,5,0.88,저스틴 47,지휘관님 5,
person:점프만이살길,점프만이살길,109,char:181,2,3,0,0,1.00,점프만이살길 2,,
person:제니퍼,제니퍼,438,fl:lie_cause_recoil,232,118,77,45,0.61,제니퍼 232,지휘관님 15 · 선생님 6 · 지휘관 2 · 오빠 2,
person:제니퍼f!,제니퍼f!,149,sub:제니퍼f_00,41,32,6,2,0.84,제니퍼f! 41,지휘관님 2,
person:제인,제인,438,fl:lie_cause_recoil,180,91,45,45,0.67,제인 180,오빠 16 · 선생님 7 · 아저씨 1,
person:제인_밀러,제인 밀러,154,sub:중앙_정부_공식__02,11,0,11,5,0.00,제인 밀러 11,,
person:조셉,조셉,171,event_doutsiders,116,88,21,56,0.81,조셉 116,선생님 6 · 당신 5,
person:조쉬_허밋,조쉬 허밋,365,fl:for_rest,65,2,42,20,0.05,조쉬 허밋 65,선배 2 · 지휘관 1,
person:조이,조이,183,event_bowwowparadise,1,0,1,2,0.00,조이 1,,
person:쥴니엣,쥴니엣,122,char:22,3,2,0,4,1.00,쥴니엣 3,당신 2,
person:지글이,지글이,393,fl:boom_the_ghost,22,0,0,34,,지글이 22,,
person:지엔,지엔,353,event_wisdomspring,90,48,36,38,0.57,지엔 69 · ???(코드) 21,당신 2,
person:지엔,지엔,377,event_unbreakablesphere1,191,100,81,55,0.55,지엔 191,당신 9,
person:지엔,지엔,414,ch41,76,48,28,29,0.63,지엔 76,당신 4,
person:지엔,지엔,434,ch43,130,102,30,53,0.77,지엔 130,,
person:지엔,지엔,436,ch44,20,20,3,8,0.87,지엔 20,,
person:지엔,지엔,467,fl:project_matis,353,154,133,119,0.54,지엔 353,당신 7,
person:지즈,지즈,373,ch37,77,2,73,49,0.03,지즈 77,,
person:지즈,지즈,375,ch38,122,0,93,98,0.00,지즈 122,,
person:지즈,지즈,396,ch39,86,0,80,63,0.00,지즈 86,,
person:지즈,지즈,398,ch40,69,0,54,52,0.00,지즈 69,,
person:지즈,지즈,414,ch41,55,0,37,42,0.00,지즈 55,,
person:지즈,지즈,416,ch42,79,0,58,52,0.00,지즈 79,,
person:지즈,지즈,452,ch46,34,0,26,25,0.00,지즈 34,,
person:지즈,지즈,470,ch47,24,0,25,17,0.00,지즈 24,,
person:지즈,지즈,472,ch48,17,0,14,9,0.00,지즈 17,,
person:지즈,지즈,478,fl:great_villain_union,202,8,129,89,0.06,지즈 202,,
person:진,진,197,ch22,24,23,1,9,0.96,진 24,,
person:진,진,217,ch23,20,16,3,5,0.84,진 20,형님 1,
person:진,진,221,ch24,17,16,6,5,0.73,진 17,형님 1,
person:진,진,262,event_dirtybackyard,82,63,11,14,0.85,진 82,,
person:진,진,263,char:281,61,40,13,27,0.75,진 61,형님 1,
person:진,진,385,event_lordforjustice,2,1,1,1,0.50,진 2,,
person:진,진,436,ch44,78,65,20,25,0.76,진 78,보스 3,
person:질,질,407,fl:reborn_evil,149,78,33,32,0.70,질 149,당신 3,
person:질,질,410,char:841,66,36,12,16,0.75,질 66,,
person:차임,차임,224,event_goldenship,17,1,17,7,0.06,차임 17,,
person:차임,차임,230,event_firstaffection,14,5,9,2,0.36,차임 14,,
person:차임,차임,241,ch25,23,8,12,15,0.40,차임 23,,
person:차임,차임,244,ch26,76,13,63,33,0.17,차임 76,,
person:차임,차임,288,side:second_affection,153,30,106,50,0.22,차임 153,,
person:차임,차임,295,event_lastkingdom1,438,96,331,169,0.22,차임 438,지휘관 2 · 당신 1,
person:차임,차임,296,char:330,109,10,74,50,0.12,차임 109,,
person:차임,차임,411,side:eden_spear,14,0,13,10,0.00,차임 14,,
person:차임,차임,418,event_goddessfall1,127,37,84,63,0.31,차임 127,,
person:차임,차임,421,char:331,166,4,140,50,0.03,차임 166,,
person:철도로GO,철도로GO,78,sub:철도로GO_00,68,31,12,26,0.72,철도로GO 68,지휘관 2,
person:총술사상향좀,총술사상향좀,109,char:181,2,3,1,0,0.75,총술사상향좀 2,,
person:츠바이,츠바이,206,char:392,37,15,14,10,0.52,츠바이 37,선배 9 · 선생님 2,
person:츠바이,츠바이,234,event_schooloflock,78,45,15,36,0.75,츠바이 78,선생님 16 · 선배 7 · 지휘관 5,호칭 선배→선생님
person:츠바이,츠바이,235,char:321,15,5,7,3,0.42,츠바이 15,선생님 3 · 선배 2,
person:츠바이,츠바이,317,event_juveniledays,96,18,51,34,0.26,츠바이 96,선배 3 · 선생님 2,호칭 선생님→선배
person:츠바이,츠바이,318,char:391,11,0,4,5,0.00,츠바이 11,선배 1,
person:츠바이,츠바이,319,event_colorless,341,72,153,124,0.32,츠바이 341,선배 19 · 선생님 14,
person:츠바이,츠바이,320,char:390,161,73,45,49,0.62,츠바이 161,선생님 10,호칭 선배→선생님
person:츠바이,츠바이,322,char:830,86,52,10,35,0.84,츠바이 86,,
person:츠바이,츠바이,351,event_outofuniform,121,38,53,26,0.42,츠바이 121,선생님 8 · 선배 4 · 당신 1,
person:츠바이,츠바이,365,fl:for_rest,6,0,2,3,0.00,츠바이 6,,
person:츠바이,츠바이,371,event_trueflavor,1,1,0,0,1.00,츠바이 1,선배 1,
person:츠바이,츠바이,444,fl:2x2_love_1ch,101,46,19,24,0.71,츠바이 101,선생님 12 · 선배 3,
person:츠바이,츠바이,445,fl:2x2_love_2ch,219,106,60,46,0.64,츠바이 219,선생님 14 · 주인님 3 · 선배 2 · 지휘관 1,
person:츠바이,츠바이,475,char:872,12,7,4,3,0.64,츠바이 12,선배 2,
person:치사토,치사토,438,fl:lie_cause_recoil,393,27,280,127,0.09,치사토 393,오빠 1 · 선생님 1,
person:치사토,치사토,439,char:860,84,5,64,29,0.07,치사토 84,,
person:치유하는바람,치유하는바람,109,char:181,3,5,0,1,1.00,치유하는바람 3,,
person:칠리페퍼,칠리페퍼,4,sub:칠리페퍼_00,55,0,37,15,0.00,칠리페퍼 55,지휘관 1,
person:칠리페퍼,칠리페퍼,51,sub:칠리페퍼_01,58,0,43,14,0.00,칠리페퍼 58,,
person:칠리페퍼,칠리페퍼,81,sub:칠리페퍼_02,60,0,43,17,0.00,칠리페퍼 60,,
person:카르히,카르히,319,event_colorless,2,0,2,1,0.00,카르히 2,,
person:카밀라,카밀라,282,event_killthelord,160,108,32,50,0.77,카밀라 160,당신 7 · 여보 2,
person:칼리아,칼리아,350,event_footstepwalkrun1,35,0,30,15,0.00,칼리아 35,,
person:칼슨,칼슨,398,ch40,107,4,102,55,0.04,칼슨 107,,
person:칼슨,칼슨,436,ch44,27,8,6,21,0.57,칼슨 27,보스 3,존댓말 4%→57%
person:켈리,켈리,445,fl:2x2_love_2ch,6,1,3,2,0.25,켈리 6,,
person:코리,코리,63,sub:코리_00,36,27,2,6,0.93,코리 36,지휘관님 3 · 지휘관 1,
person:코코,코코,183,event_bowwowparadise,1,0,1,1,0.00,코코 1,,
person:코코아,코코아,177,event_maidinvalentine,92,0,37,79,0.00,코코아 92,,
person:코코아,코코아,178,char:311,185,4,81,121,0.05,코코아 185,,
person:코코아,코코아,179,char:312,24,0,16,21,0.00,코코아 24,,
person:코코아,코코아,235,char:321,25,0,13,12,0.00,코코아 25,,
person:코코아,코코아,238,char:451,12,0,5,10,0.00,코코아 12,,
person:코코아,코코아,263,char:281,10,0,10,8,0.00,코코아 10,,
person:코코아,코코아,264,event_perfectmaid,126,1,54,121,0.02,코코아 126,마스터 1,
person:코코아,코코아,265,char:313,7,0,1,7,0.00,코코아 7,,
person:코코아,코코아,266,char:310,31,0,15,18,0.00,코코아 31,,
person:코코아,코코아,281,char:500,6,0,2,5,0.00,코코아 6,,
person:코코아,코코아,284,char:822,95,0,42,63,0.00,코코아 95,,
person:코코아,코코아,285,char:821,13,0,7,6,0.00,코코아 13,,
person:코코아,코코아,286,char:820,2,0,0,3,,코코아 2,,
person:코코아,코코아,287,event_liarsend,32,0,15,34,0.00,코코아 32,,
person:코코아,코코아,300,event_goldencoinrush1,66,0,45,31,0.00,코코아 66,,
person:코코아,코코아,351,event_outofuniform,12,0,4,8,0.00,코코아 12,,
person:코코아,코코아,355,event_romanticvalentine,3,0,1,2,0.00,코코아 3,,
person:코코아,코코아,357,char:355,29,0,20,20,0.00,코코아 29,,
person:코코아,코코아,369,event_foolburstday,22,0,7,22,0.00,코코아 22,,
person:코코아,코코아,405,char:315,33,0,20,20,0.00,코코아 33,,
person:코코아,코코아,432,fl:fatal_maid,83,0,29,60,0.00,코코아 83,선배님 5,
person:코코아,코코아,445,fl:2x2_love_2ch,19,0,10,10,0.00,코코아 19,주인님 1,
person:코코아,코코아,468,char:103,52,0,12,43,0.00,코코아 52,,
person:콜렉터,콜렉터,13,sub:콜렉터_00,59,36,4,17,0.90,콜렉터 59,지휘관님 4,
person:콜렉터,콜렉터,14,sub:콜렉터_01,96,72,12,21,0.86,콜렉터 96,지휘관님 12,
person:콜렉터,콜렉터,219,sub:콜렉터_02,62,35,12,14,0.74,콜렉터 62,지휘관님 5,
person:콤,콤,387,event_ce006,387,1,302,88,0.00,콤 387,,
person:콤,콤,390,char:851,148,8,106,16,0.07,콤 148,,
person:쿠루미,쿠루미,438,fl:lie_cause_recoil,152,0,119,29,0.00,쿠루미 152,,
person:쿠루미,쿠루미,440,char:862,88,0,73,15,0.00,쿠루미 88,,
person:퀀시,퀀시,175,char:402,261,1,320,154,0.00,퀀시 261,,
person:퀀시,퀀시,328,event_phantomthiefvsdetective,246,3,198,115,0.01,퀀시 246,,
person:퀀시,퀀시,329,char:403,268,1,209,118,0.00,퀀시 268,,
person:퀀시,퀀시,383,event_arcanearchive,4,0,5,1,0.00,퀀시 4,,
person:퀀시,퀀시,412,fl:go_ninja_thief,118,0,99,50,0.00,퀀시 118,,
person:퀀시,퀀시,413,char:23,37,0,38,14,0.00,퀀시 37,지휘관 1,
person:퀀시,퀀시,474,fl:persona_on_frontline,166,0,142,64,0.00,퀀시 166,,
person:퀀시,퀀시,477,char:871,2,0,3,0,0.00,퀀시 2,,
person:퀸(마코토),퀸(마코토),474,fl:persona_on_frontline,203,1,209,67,0.00,퀸(마코토) 203,지휘관 16,
person:퀸(마코토),퀸(마코토),476,char:870,113,20,78,31,0.20,퀸(마코토) 113,지휘관 6,
person:크라운,크라운,230,event_firstaffection,10,6,2,4,0.75,크라운 10,,
person:크라운,크라운,241,ch25,14,11,2,1,0.85,크라운 14,,
person:크라운,크라운,244,ch26,48,30,7,16,0.81,크라운 48,당신 2,
person:크라운,크라운,288,side:second_affection,90,74,12,22,0.86,크라운 90,당신 3,
person:크라운,크라운,295,event_lastkingdom1,503,381,49,177,0.89,크라운 503,당신 16 · 지휘관 2,
person:크라운,크라운,296,char:330,185,103,33,62,0.76,크라운 185,당신 18,
person:크라운,크라운,418,event_goddessfall1,83,65,22,50,0.75,크라운 83,당신 1,
person:크라운,크라운,421,char:331,15,10,5,5,0.67,크라운 15,,
person:크러스트,크러스트,367,event_newflavor,364,155,125,158,0.55,크러스트 364,지휘관님 5,
person:크러스트,크러스트,368,char:520,41,0,44,11,0.00,크러스트 41,,존댓말 55%→0%
person:크러스트,크러스트,371,event_trueflavor,644,260,225,266,0.54,크러스트 644,선생님 2 · 당신 1,존댓말 0%→54%
person:크러스트,크러스트,372,char:521,212,135,50,80,0.73,크러스트 212,,
person:크러스트,크러스트,449,char:620,44,31,4,19,0.89,크러스트 44,,
person:크로우,크로우,87,ch16,201,0,156,85,0.00,크로우 201,지휘관 5,
person:크로우,크로우,98,char:20,33,0,32,18,0.00,크로우 33,지휘관 1,
person:크로우,크로우,123,char:12,8,0,5,2,0.00,크로우 8,,
person:크로우,크로우,137,char:110,328,3,265,109,0.01,크로우 328,지휘관 3,
person:크로우,크로우,152,ch18,76,0,63,32,0.00,크로우 76,지휘관 2,
person:크로우,크로우,171,event_doutsiders,64,0,52,28,0.00,크로우 64,지휘관 1,
person:크로우,크로우,174,char:111,54,0,34,13,0.00,크로우 54,,
person:크로우,크로우,176,char:112,17,0,14,6,0.00,크로우 17,지휘관 1,
person:크로우,크로우,217,ch23,154,0,114,62,0.00,크로우 154,,
person:크로우,크로우,221,ch24,177,1,147,57,0.01,크로우 177,,
person:크로우,크로우,442,fl:enter_heaven,89,0,65,29,0.00,크로우 89,,
person:클레어,클레어,407,fl:reborn_evil,191,106,38,56,0.74,클레어 191,오빠 2 · 당신 2,
person:클레어,클레어,409,char:842,137,74,37,38,0.67,클레어 137,오빠 2,
person:클레이,클레이,289,event_onemoretime,344,1,21,425,0.05,클레이 344,,
person:클레이,클레이,290,char:550,6,0,0,10,,클레이 6,,
person:클레이,클레이,303,event_claymore,605,0,83,658,0.00,클레이 605,당신 2,
person:클레이,클레이,304,char:551,201,0,21,282,0.00,클레이 201,,
person:클레이,클레이,369,event_foolburstday,8,0,2,7,0.00,클레이 8,,
person:클로이,클로이,347,event_icedragonsaga1,178,1,130,74,0.01,클로이 126 · 촌장(코드) 52,,
person:키리,키리,239,event_freezeacpu,301,165,62,91,0.73,키리 301,지휘관 21 · 당신 3,
person:키리,키리,240,char:33,198,104,54,65,0.66,키리 198,지휘관 12,
person:키리,키리,287,event_liarsend,25,19,10,9,0.66,키리 25,지휘관 3,
person:키리,키리,289,event_onemoretime,13,12,7,0,0.63,키리 13,,
person:키리,키리,328,event_phantomthiefvsdetective,106,67,39,31,0.63,키리 106,지휘관 9,
person:키리,키리,347,event_icedragonsaga1,12,6,6,2,0.50,키리 12,,
person:키리,키리,349,char:182,2,1,0,1,1.00,키리 2,,
person:키리,키리,369,event_foolburstday,16,15,1,9,0.94,키리 16,,
person:키리,키리,407,fl:reborn_evil,135,63,36,30,0.64,키리 135,당신 1,
person:키리,키리,409,char:842,95,42,26,27,0.62,키리 95,오빠 2,
person:키리,키리,412,fl:go_ninja_thief,58,29,24,14,0.55,키리 58,지휘관 1,
person:키츠네,키츠네,187,char:282,4,0,2,2,0.00,키츠네 4,,
person:키티,키티,198,sub:문구점_00,5,0,0,5,,키티 5,,
person:킬로,킬로,295,event_lastkingdom1,652,248,290,354,0.46,킬로 652,지휘관 1,
person:킬로,킬로,297,char:361,209,130,67,96,0.66,킬로 209,지휘관 1,
person:킬로,킬로,418,event_goddessfall1,65,25,29,40,0.46,킬로 65,,
person:타키나,타키나,438,fl:lie_cause_recoil,199,132,20,25,0.87,타키나 199,선생님 1,
person:타키나,타키나,439,char:860,7,8,0,1,1.00,타키나 7,,
person:타키나,타키나,441,char:861,89,66,12,16,0.85,타키나 89,,
person:택티컬티택,택티컬티택,274,sub:택틱컬틱택_00,59,0,41,18,0.00,택티컬티택 59,지휘관 1,
person:택티컬티택,택티컬티택,275,sub:택틱컬틱택_01,39,0,30,9,0.00,택티컬티택 39,지휘관 1,
person:테디,테디,56,sub:테디_00,73,36,23,16,0.61,테디 73,선배님 18 · 지휘관 7,
person:토브,토브,253,event_alonesurvivor,646,346,158,258,0.69,토브 646,선배님 8 · 보스 1,
person:토브,토브,254,char:192,326,178,87,134,0.67,토브 326,선배님 25,
person:토브,토브,255,event_neverland1,17,11,8,4,0.58,토브 17,,
person:토브,토브,302,char:195,41,24,14,14,0.63,토브 41,,
person:토브,토브,332,event_lifeagain,26,20,8,10,0.71,토브 26,,
person:토브,토브,393,fl:boom_the_ghost,132,108,15,51,0.88,토브 132,,
person:토브,토브,400,fl:absolute,32,22,6,9,0.79,토브 32,,
person:토브,토브,477,char:871,12,10,1,5,0.91,토브 12,,
person:토커티브,토커티브,8,ch04,25,0,21,18,0.00,토커티브 25,,
person:토커티브,토커티브,11,ch06,51,0,46,24,0.00,토커티브 51,,
person:토커티브,토커티브,76,ch13,20,0,10,17,0.00,토커티브 20,,
person:토커티브,토커티브,221,ch24,26,1,18,8,0.05,토커티브 26,,
person:토커티브,토커티브,295,event_lastkingdom1,170,2,140,78,0.01,토커티브 170,,
person:토커티브,토커티브,418,event_goddessfall1,60,7,42,21,0.14,토커티브 60,,
person:트레저_헌터,트레저 헌터,18,sub:트레저_헌터_00,54,25,16,18,0.61,트레저 헌터 54,지휘관님 6,
person:트레저_헌터,트레저 헌터,19,sub:트레저_헌터_01,42,18,19,12,0.49,트레저 헌터 42,지휘관님 4 · 지휘관 2,
person:트레저_헌터,트레저 헌터,20,sub:트레저_헌터_02,50,20,18,12,0.53,트레저 헌터 50,지휘관님 3,
person:트레저_헌터,트레저 헌터,21,sub:트레저_헌터_03,65,10,34,19,0.23,트레저 헌터 65,지휘관님 1 · 지휘관 1,
person:트로니,트로니,280,event_boomsday,161,1,97,67,0.01,트로니 161,,
person:트로니,트로니,291,ch29,92,0,72,48,0.00,트로니 92,지휘관 1,
person:트로니,트로니,293,ch30,39,0,33,20,0.00,트로니 39,,
person:트로니,트로니,298,event_darkhero,311,4,187,161,0.02,트로니 311,지휘관 18,
person:트로니,트로니,299,char:501,201,0,122,95,0.00,트로니 201,지휘관 10,
person:트로니,트로니,304,char:551,20,0,20,20,0.00,트로니 20,지휘관 1,
person:트로니,트로니,355,event_romanticvalentine,182,1,131,126,0.01,트로니 182,지휘관 3 · 주인님 3 · 아저씨 1,
person:트로니,트로니,357,char:355,24,0,20,16,0.00,트로니 24,,
person:트로니,트로니,363,char:835,54,0,39,34,0.00,트로니 54,지휘관 2,
person:트로니,트로니,432,fl:fatal_maid,8,0,6,2,0.00,트로니 8,지휘관 1,
person:트로니,트로니,440,char:862,23,0,15,9,0.00,트로니 23,지휘관 2,
person:트로니,트로니,450,ch45,39,11,24,19,0.31,트로니 39,지휘관 2,
person:트로니,트로니,462,fl:ark_ranger,60,17,24,43,0.41,트로니 60,,
person:트로니,트로니,481,char:405,8,0,4,7,0.00,트로니 8,,
person:트리나,트리나,365,fl:for_rest,276,150,53,64,0.74,트리나 276,지휘관 1,
person:트리나,트리나,366,char:412,158,80,41,77,0.66,트리나 158,,
person:트리나,트리나,458,fl:b-side_idol,8,7,1,4,0.88,트리나 8,,
person:트리세라,트리세라,234,event_schooloflock,109,46,46,51,0.50,트리세라 109,선생님 14,
person:트리세라,트리세라,319,event_colorless,9,1,6,4,0.14,트리세라 9,,
person:트리키_보이,트리키 보이,414,ch41,41,22,25,29,0.47,트리키 보이 41,형님 5,
person:트리키_보이,트리키 보이,416,ch42,16,4,22,8,0.15,트리키 보이 16,,
person:트윙클,트윙클,271,sub:트윙클_00,76,0,38,37,0.00,트윙클 76,지휘관님 10,
person:티미,티미,215,event_nyanyaparadise,5,0,0,4,,티미 5,,
person:티미,티미,238,char:451,2,0,0,2,,티미 2,,
person:티미,티미,260,event_lionheart,14,0,0,16,,티미 14,,
person:티미,티미,261,char:382,33,0,1,37,0.00,티미 33,,
person:티미,티미,331,side:wordless,3,0,0,3,,티미 3,,
person:티미,티미,345,event_secretgarden,13,0,0,13,,티미 13,,
person:티미,티미,463,char:570,2,0,0,2,,티미 2,,
person:티미,티미,474,fl:persona_on_frontline,2,0,0,2,,티미 2,,
person:티미,티미,476,char:870,3,0,0,3,,티미 3,,
person:티아,티아,234,event_schooloflock,10,0,9,9,0.00,티아 10,선생님 4,
person:티아,티아,236,event_dazzlingcupid,390,7,287,222,0.02,티아 390,선생님 67 · 당신 2,
person:티아,티아,237,char:450,126,0,81,95,0.00,티아 126,선생님 9,
person:티아,티아,238,char:451,227,7,141,145,0.05,티아 227,선생님 25 · 지휘관 1,
person:티아,티아,289,event_onemoretime,19,0,6,19,0.00,티아 19,,
person:티아,티아,299,char:501,10,0,8,6,0.00,티아 10,선생님 1,
person:티아,티아,317,event_juveniledays,69,0,50,41,0.00,티아 69,,
person:티아,티아,345,event_secretgarden,12,0,10,8,0.00,티아 12,선생님 2,
person:티아,티아,351,event_outofuniform,34,0,20,21,0.00,티아 34,,
person:티아,티아,371,event_trueflavor,100,8,34,86,0.19,티아 100,선생님 6,
person:티아,티아,445,fl:2x2_love_2ch,11,0,6,6,0.00,티아 11,,
person:티아,티아,458,fl:b-side_idol,8,0,5,3,0.00,티아 8,,
person:티아,티아,464,fl:wave_to_you,266,30,160,113,0.16,티아 266,선생님 35,
person:티아,티아,466,char:322,46,7,19,21,0.27,티아 46,선생님 6,
person:티아,티아,475,char:872,13,0,10,8,0.00,티아 13,,
person:파란_올빼미,파란 올빼미,135,char:92,8,2,1,10,0.67,파란 올빼미 8,,
person:파스칼,파스칼,232,char:812,120,84,17,25,0.83,파스칼 120,당신 2,
person:파워,파워,181,char:801,109,2,90,42,0.02,파워 109,,
person:파피용,파피용,134,char:171,36,1,40,17,0.02,파피용 36,지휘관 1,
person:파피용,파피용,152,ch18,7,6,1,2,0.86,파피용 7,당신 3,
person:파피용,파피용,165,ch19,83,4,75,52,0.05,파피용 83,지휘관 1,
person:파피용,파피용,168,ch20,56,0,57,20,0.00,파피용 56,지휘관 1,
person:파피용,파피용,191,ch21,12,0,9,2,0.00,파피용 12,,
person:파피용,파피용,411,side:eden_spear,161,0,143,41,0.00,파피용 161,,
person:파피용,파피용,418,event_goddessfall1,201,0,185,108,0.00,파피용 201,,
person:파피용,파피용,436,ch44,36,0,41,17,0.00,파피용 36,,
person:파피용,파피용,450,ch45,13,0,13,4,0.00,파피용 13,,
person:파피용,파피용,452,ch46,9,0,11,8,0.00,파피용 9,,
person:파피용,파피용,470,ch47,22,1,24,14,0.04,파피용 22,,
person:파피용,파피용,472,ch48,22,0,19,12,0.00,파피용 22,,
person:팔팔이,팔팔이,393,fl:boom_the_ghost,22,0,0,28,,팔팔이 22,,
person:팬텀,팬텀,328,event_phantomthiefvsdetective,360,27,86,258,0.24,팬텀 360,당신 14,
person:팬텀,팬텀,330,char:580,254,29,64,195,0.31,팬텀 254,,
person:팬텀,팬텀,383,event_arcanearchive,93,10,10,79,0.50,팬텀 93,,
person:팬텀,팬텀,412,fl:go_ninja_thief,255,10,35,211,0.22,팬텀 255,당신 4,
person:팬텀,팬텀,413,char:23,97,8,35,60,0.19,팬텀 97,선배 1,
person:팬텀,팬텀,430,fl:sin_editor,123,13,31,69,0.30,팬텀 123,,
person:팬텀,팬텀,474,fl:persona_on_frontline,259,24,45,236,0.35,팬텀 259,,
person:팬텀,팬텀,476,char:870,72,4,8,67,0.33,팬텀 72,,
person:팬텀,팬텀,477,char:871,3,1,1,2,0.50,팬텀 3,,
person:페퍼,페퍼,76,ch13,7,2,2,5,0.50,페퍼 7,선배 1 · 지휘관 1,
person:페퍼,페퍼,108,char:130,64,33,19,28,0.63,페퍼 64,선배 19 · 지휘관 3,
person:페퍼,페퍼,138,char:131,229,123,93,90,0.57,페퍼 229,지휘관 30 · 선배 9 · 아저씨 3,호칭 선배→지휘관
person:페퍼,페퍼,142,char:142,16,16,2,9,0.89,페퍼 16,지휘관 3 · 선배 2,
person:페퍼,페퍼,168,ch20,1,1,0,1,1.00,페퍼 1,선배 1 · 지휘관 1,
person:페퍼,페퍼,212,event_bluewaterisland,304,181,86,138,0.68,페퍼 304,선배 43 · 지휘관 9,호칭 지휘관→선배
person:페퍼,페퍼,226,event_seayouagain1,27,20,4,4,0.83,페퍼 27,선배 2,
person:페퍼,페퍼,303,event_claymore,15,12,2,2,0.86,페퍼 15,,
person:페퍼,페퍼,331,side:wordless,27,20,6,8,0.77,페퍼 27,,
person:페퍼,페퍼,393,fl:boom_the_ghost,95,73,16,29,0.82,페퍼 95,,
person:페퍼,페퍼,395,char:502,13,13,2,3,0.87,페퍼 13,,
person:펭군_1호,펭군 1호,464,fl:wave_to_you,32,0,0,32,,펭군 1호 32,,
person:펭군_1호,펭군 1호,465,char:515,19,0,0,19,,펭군 1호 19,,
person:펭군_2호,펭군 2호,464,fl:wave_to_you,17,0,0,17,,펭군 2호 17,,
person:펭군_3호,펭군 3호,464,fl:wave_to_you,14,0,0,10,,펭군 3호 14,,
person:펭군_4호,펭군 4호,464,fl:wave_to_you,37,0,0,36,,펭군 4호 37,,
person:폴리,폴리,93,char:180,3,0,3,1,0.00,폴리 3,지휘관 1,
person:폴리,폴리,98,char:20,3,0,0,5,,폴리 3,지휘관 1,
person:폴리,폴리,110,char:32,120,26,97,82,0.21,폴리 120,지휘관 11,
person:폴리,폴리,111,char:61,23,7,11,17,0.39,폴리 23,지휘관 1,
person:폴리,폴리,112,char:161,12,0,2,13,0.00,폴리 12,지휘관 2,
person:폴리,폴리,125,char:172,4,0,1,6,0.00,폴리 4,,
person:폴리,폴리,126,char:191,12,0,9,7,0.00,폴리 12,지휘관 2,
person:폴리,폴리,130,char:210,7,0,5,4,0.00,폴리 7,지휘관 1,
person:폴리,폴리,139,char:30,365,69,187,231,0.27,폴리 365,지휘관 22,
person:폴리,폴리,159,event_miraclesnow1,7,0,0,9,,폴리 7,,
person:폴리,폴리,174,char:111,40,1,5,41,0.17,폴리 40,지휘관 4,
person:폴리,폴리,181,char:801,10,0,0,16,,폴리 10,,
person:폴리,폴리,182,char:802,166,9,44,193,0.17,폴리 166,지휘관 12,
person:폴리,폴리,183,event_bowwowparadise,37,4,5,40,0.44,폴리 37,지휘관 3,
person:폴리,폴리,184,char:381,22,9,1,27,0.90,폴리 22,지휘관 3,
person:폴리,폴리,188,event_fullfoolday,3,0,0,6,,폴리 3,,
person:폴리,폴리,191,ch21,16,0,1,24,0.00,폴리 16,,
person:폴리,폴리,197,ch22,82,0,11,108,0.00,폴리 82,지휘관 3,존댓말 90%→0%
person:폴리,폴리,207,event_BunnyX777,13,0,1,16,0.00,폴리 13,지휘관 1,
person:폴리,폴리,217,ch23,40,0,6,52,0.00,폴리 40,지휘관 2,
person:폴리,폴리,221,ch24,28,1,5,40,0.17,폴리 28,,
person:폴리,폴리,230,event_firstaffection,22,1,4,26,0.20,폴리 22,지휘관 1,
person:폴리,폴리,239,event_freezeacpu,222,9,34,208,0.21,폴리 222,지휘관 7,
person:폴리,폴리,240,char:33,81,4,16,83,0.20,폴리 81,지휘관 8,
person:폴리,폴리,257,char:62,16,0,2,23,0.00,폴리 16,지휘관 1,
person:폴리,폴리,263,char:281,7,0,0,9,,폴리 7,지휘관 1,
person:폴리,폴리,289,event_onemoretime,144,0,11,174,0.00,폴리 144,지휘관 4,
person:폴리,폴리,328,event_phantomthiefvsdetective,86,1,11,97,0.08,폴리 86,지휘관 2,
person:폴리,폴리,329,char:403,37,0,4,43,0.00,폴리 37,지휘관 2,
person:폴리,폴리,347,event_icedragonsaga1,39,0,4,44,0.00,폴리 39,,
person:폴리,폴리,349,char:182,10,0,0,10,,폴리 10,,
person:폴리,폴리,366,char:412,27,0,4,33,0.00,폴리 27,지휘관 2,
person:폴리,폴리,369,event_foolburstday,37,0,0,45,,폴리 37,지휘관 2,
person:폴리,폴리,381,char:590,8,1,1,12,0.50,폴리 8,지휘관 2,
person:폴리,폴리,404,fl:coins_in_rush,6,0,1,8,0.00,폴리 6,지휘관 1,
person:폴리,폴리,407,fl:reborn_evil,63,0,11,52,0.00,폴리 63,지휘관 3,
person:폴리,폴리,412,fl:go_ninja_thief,89,1,2,81,0.33,폴리 89,당신 1,
person:폴리,폴리,423,fl:blank_ticket,52,1,2,50,0.33,폴리 52,지휘관 1,
person:폴리,폴리,463,char:570,2,0,0,2,,폴리 2,,
person:폴리,폴리,474,fl:persona_on_frontline,7,0,0,10,,폴리 7,지휘관 1,
person:폴크방,폴크방,140,char:242,266,160,114,149,0.58,폴크방 266,,
person:폴크방,폴크방,188,event_fullfoolday,12,10,7,1,0.59,폴크방 12,,
person:폴크방,폴크방,283,char:43,2,1,2,1,0.33,폴크방 2,여보 1,
person:폴크방,폴크방,287,event_liarsend,6,1,5,2,0.17,폴크방 6,,
person:폴크방,폴크방,289,event_onemoretime,55,40,16,15,0.71,폴크방 55,,
person:폴크방,폴크방,300,event_goldencoinrush1,95,68,22,36,0.76,폴크방 95,,
person:폴크방,폴크방,332,event_lifeagain,64,54,19,19,0.74,폴크방 64,,
person:프레자일,프레자일,291,ch29,152,68,32,97,0.68,프레자일 152,지휘관님 5,
person:프레자일,프레자일,293,ch30,83,13,34,46,0.28,프레자일 83,,
person:프레자일,프레자일,436,ch44,112,56,53,52,0.51,프레자일 112,지휘관님 4,
person:프리_랫,프리 랫,434,ch43,130,1,127,54,0.01,프리 랫 130,,
person:프리바티,프리바티,55,ch09,21,14,4,17,0.78,프리바티 21,당신 5,
person:프리바티,프리바티,80,ch14,77,50,7,31,0.88,프리바티 77,당신 2 · 지휘관 2,
person:프리바티,프리바티,112,char:161,7,5,1,3,0.83,프리바티 7,당신 1,
person:프리바티,프리바티,125,char:172,13,8,3,9,0.73,프리바티 13,,
person:프리바티,프리바티,130,char:210,8,4,3,3,0.57,프리바티 8,지휘관 1,
person:프리바티,프리바티,132,char:160,1,2,0,0,1.00,프리바티 1,,
person:프리바티,프리바티,134,char:171,25,14,6,16,0.70,프리바티 25,지휘관 5,
person:프리바티,프리바티,141,char:170,268,140,64,97,0.69,프리바티 268,지휘관 11 · 당신 4,
person:프리바티,프리바티,144,char:222,16,9,2,8,0.82,프리바티 16,지휘관 1,
person:프리바티,프리바티,177,event_maidinvalentine,35,26,7,12,0.79,프리바티 35,지휘관 5,
person:프리바티,프리바티,180,char:800,57,36,17,14,0.68,프리바티 57,지휘관 4,
person:프리바티,프리바티,199,sub:중앙정부_트라이앵글_00,53,39,2,15,0.95,프리바티 53,지휘관 2,
person:프리바티,프리바티,264,event_perfectmaid,464,260,94,213,0.73,프리바티 464,주인님 24 · 당신 11 · 지휘관 2,호칭 지휘관→주인님
person:프리바티,프리바티,265,char:313,299,157,46,142,0.77,프리바티 299,주인님 22 · 지휘관 7,
person:프리바티,프리바티,287,event_liarsend,13,8,3,4,0.73,프리바티 13,지휘관 1,
person:프리바티,프리바티,319,event_colorless,207,141,35,74,0.80,프리바티 207,지휘관 14 · 당신 4 · 선생님 3,호칭 주인님→지휘관
person:프리바티,프리바티,320,char:390,6,3,0,2,1.00,프리바티 6,,
person:프리바티,프리바티,347,event_icedragonsaga1,42,30,15,14,0.67,프리바티 42,당신 2,
person:프리바티,프리바티,348,char:183,8,4,1,5,0.80,프리바티 8,,
person:프리바티,프리바티,349,char:182,9,5,4,2,0.56,프리바티 9,당신 1,
person:프리바티,프리바티,354,char:290,4,4,0,0,1.00,프리바티 4,,
person:프리바티,프리바티,355,event_romanticvalentine,46,36,6,17,0.86,프리바티 46,지휘관 3 · 주인님 2 · 당신 2,
person:프리바티,프리바티,356,char:354,5,2,3,3,0.40,프리바티 5,,
person:프리바티,프리바티,365,fl:for_rest,7,4,1,3,0.80,프리바티 7,,
person:프리바티,프리바티,369,event_foolburstday,28,23,6,14,0.79,프리바티 28,주인님 3 · 당신 1 · 지휘관 1,호칭 지휘관→주인님
person:프리바티,프리바티,387,event_ce006,337,253,52,131,0.83,프리바티 337,당신 15 · 지휘관 14,호칭 주인님→지휘관
person:프리바티,프리바티,432,fl:fatal_maid,11,7,2,1,0.78,프리바티 11,,
person:프리바티,프리바티,444,fl:2x2_love_1ch,1686,1025,264,352,0.80,프리바티 1686,지휘관 104 · 선생님 66 · 당신 7,
person:프리바티,프리바티,445,fl:2x2_love_2ch,935,563,130,181,0.81,프리바티 935,지휘관 29 · 선생님 23 · 주인님 7 · 당신 2,
person:프리바티,프리바티,476,char:870,15,11,1,1,0.92,프리바티 15,지휘관 3 · 당신 2,
person:프리시아,프리시아,248,event_redash,26,0,31,9,0.00,프리시아 26,,
person:프리시아,프리시아,428,fl:ark_guardian,96,2,87,32,0.02,프리시아 96,아저씨 19 · 오빠 1,
person:프리시아,프리시아,447,side:pretty_star,523,158,316,184,0.33,프리시아 523,아저씨 34 · 선생님 1,
person:프리카,프리카,375,ch38,87,0,83,32,0.00,프리카 87,,
person:프리카,프리카,398,ch40,49,0,31,22,0.00,프리카 49,,
person:프리카,프리카,414,ch41,40,8,19,12,0.30,프리카 40,,
person:프리카,프리카,416,ch42,19,0,11,8,0.00,프리카 19,,
person:프리카,프리카,454,event_staranis1,265,41,208,86,0.16,프리카 265,,
person:프리카,프리카,458,fl:b-side_idol,28,3,15,9,0.17,프리카 28,,
person:프리카,프리카,459,char:600,20,0,18,1,0.00,프리카 20,,
person:프리카,프리카,460,fl:bitter_spice,462,27,269,130,0.09,프리카 462,지휘관 2 · 여보 1,
person:프리카,프리카,461,char:601,146,1,92,83,0.01,프리카 146,,
person:프린세스,프린세스,434,ch43,426,2,333,159,0.01,프린세스 426,지휘관 1,
person:프림,프림,94,char:11,5,0,1,7,0.00,프림 5,,
person:프림,프림,113,char:141,26,1,5,35,0.17,프림 26,,
person:프림,프림,127,char:201,14,0,5,13,0.00,프림 14,,
person:프림,프림,141,char:170,2,0,0,1,,프림 2,,
person:프림,프림,142,char:142,211,4,72,236,0.05,프림 211,,
person:프림,프림,159,event_miraclesnow1,1,0,0,1,,프림 1,,
person:프림,프림,188,event_fullfoolday,13,0,4,13,0.00,프림 13,주인님 1,
person:프림,프림,212,event_bluewaterisland,58,0,26,84,0.00,프림 58,,
person:프림,프림,213,char:132,18,0,2,13,0.00,프림 18,,
person:프림,프림,222,sub:해결사_카페_스위티_00,10,0,0,7,,프림 10,,
person:프림,프림,224,event_goldenship,114,3,69,142,0.04,프림 114,,
person:프림,프림,226,event_seayouagain1,47,1,11,71,0.08,프림 47,,
person:프림,프림,229,char:353,18,0,5,29,0.00,프림 18,,
person:프림,프림,240,char:33,7,0,3,8,0.00,프림 7,,
person:프림,프림,263,char:281,2,0,1,1,0.00,프림 2,,
person:프림,프림,300,event_goldencoinrush1,9,0,4,14,0.00,프림 9,,
person:프림,프림,304,char:551,43,1,17,61,0.06,프림 43,,
person:프림,프림,347,event_icedragonsaga1,9,0,2,10,0.00,프림 9,,
person:프림,프림,393,fl:boom_the_ghost,110,0,43,61,0.00,프림 110,,
person:프림,프림,395,char:502,11,0,3,21,0.00,프림 11,,
person:프림,프림,406,char:143,17,0,9,18,0.00,프림 17,,
person:프림,프림,438,fl:lie_cause_recoil,203,11,99,268,0.10,프림 203,선생님 2,
person:프림,프림,439,char:860,2,0,0,5,,프림 2,,
person:프림,프림,440,char:862,34,1,13,48,0.07,프림 34,,
person:프림,프림,441,char:861,8,0,3,13,0.00,프림 8,,
person:플로라,플로라,267,ch27,29,35,2,11,0.95,플로라 29,마스터 1,
person:플로라,플로라,345,event_secretgarden,482,387,44,79,0.90,플로라 482,,
person:플로라,플로라,346,char:411,271,186,41,78,0.82,플로라 259 · ???(코드) 12,당신 7,이름표 ???(코드)
person:플로라,플로라,364,char:834,96,93,17,36,0.85,플로라 96,,
person:플로라,플로라,365,fl:for_rest,132,87,19,29,0.82,플로라 132,,
person:플로라,플로라,366,char:412,35,24,5,11,0.83,플로라 35,,
person:피나,피나,203,event_overzone,207,163,23,102,0.88,피나 207,당신 5,
person:피나,피나,428,fl:ark_guardian,10,8,1,3,0.89,피나 10,,
person:피노키오,피노키오,398,ch40,27,0,30,7,0.00,피노키오 27,아저씨 8,
person:피노키오,피노키오,414,ch41,12,0,13,2,0.00,피노키오 12,아저씨 3,
person:피노키오,피노키오,416,ch42,32,0,42,10,0.00,피노키오 32,아저씨 4,
person:피라,피라,268,sub:피라_00,25,20,2,5,0.91,피라 25,지휘관 3,
person:피라,피라,269,sub:피라_01,39,19,8,12,0.70,피라 39,지휘관 4,
person:피라,피라,270,sub:피라_02,27,13,5,11,0.72,피라 27,지휘관 3,
person:하란,하란,143,char:230,322,0,321,88,0.00,하란 322,,
person:하란,하란,165,ch19,147,0,116,52,0.00,하란 147,지휘관 4,
person:하란,하란,168,ch20,15,0,11,5,0.00,하란 15,,
person:하란,하란,191,ch21,45,0,49,16,0.00,하란 45,지휘관 1,
person:하란,하란,193,sub:에덴_Notice_01,2,0,2,0,0.00,하란 2,,
person:하란,하란,194,sub:에덴_Notice_02,20,0,17,3,0.00,하란 20,,
person:하란,하란,411,side:eden_spear,114,0,117,23,0.00,하란 114,지휘관 4,
person:하란,하란,418,event_goddessfall1,150,0,163,28,0.00,하란 150,지휘관 2,
person:하란,하란,419,erelic:goddess_fall_mini,249,0,196,54,0.00,하란 249,지휘관 2,
person:하야카와_아키,하야카와 아키,182,char:802,3,3,1,0,0.75,하야카와 아키 3,,
person:한슨,한슨,447,side:pretty_star,218,83,109,51,0.43,한슨 218,,
person:한슨,한슨,454,event_staranis1,503,158,348,139,0.31,한슨 503,당신 14,
person:할아범,할아범,30,sub:할아범_00,29,0,23,6,0.00,할아범 29,지휘관 1,
person:할아범,할아범,201,sub:할아범_01,63,29,15,19,0.66,할아범 63,지휘관님 4 · 지휘관 1,존댓말 0%→66%
person:해머링,해머링,267,ch27,158,8,170,35,0.04,해머링 158,선배 2 · 지휘관 1,
person:해머링,해머링,273,ch28,129,7,135,22,0.05,해머링 129,,
person:해머링,해머링,291,ch29,19,4,20,3,0.17,해머링 19,선배 1 · 선배님 1,
person:해머링,해머링,293,ch30,44,4,47,29,0.08,해머링 44,,
person:핸섬_커맨더,핸섬 커맨더,276,sub:핸섬_커맨더_00,58,0,37,21,0.00,핸섬 커맨더 58,선배 5 · 지휘관 4 · 선배님 1,
person:핸섬_커맨더,핸섬 커맨더,277,sub:핸섬_커맨더_01,85,0,58,28,0.00,핸섬 커맨더 85,지휘관 2 · 선배 1,
person:헤르민,헤르민,387,event_ce006,362,232,135,152,0.63,헤르민 192 · 중년 헤르민 121 · 젊은 헤르민 49,당신 5,
person:헨젤,헨젤,338,event_oldtales1,188,0,143,48,0.00,헨젤 188,,
person:헨젤,헨젤,339,erelic:old_tales_dialog,3,0,3,0,0.00,헨젤 3,,
person:헨젤,헨젤,378,erelic:unbreakable_sphere_dialog,9,0,9,1,0.00,헨젤 9,,
person:헨젤,헨젤,380,char:513,72,0,58,16,0.00,헨젤 72,,
person:헬름,헬름,147,char:352,322,43,240,126,0.15,헬름 322,,
person:헬름,헬름,163,event_brandnewyear,147,0,133,64,0.00,헬름 147,,
person:헬름,헬름,226,event_seayouagain1,648,14,412,202,0.03,헬름 648,,
person:헬름,헬름,228,char:351,75,4,47,37,0.08,헬름 75,,
person:헬름,헬름,229,char:353,426,0,306,157,0.00,헬름 426,지휘관 1,
person:헬름,헬름,355,event_romanticvalentine,14,0,18,2,0.00,헬름 14,오라버니 1,
person:헬름,헬름,356,char:354,23,0,19,8,0.00,헬름 23,,
person:헬름,헬름,373,ch37,63,0,55,19,0.00,헬름 63,,
person:헬름,헬름,375,ch38,51,0,42,33,0.00,헬름 51,,
person:호프,호프,462,fl:ark_ranger,32,0,18,29,0.00,호프 32,,
person:홍련,홍련,80,ch14,1,0,1,1,0.00,홍련 1,,
person:홍련,홍련,144,char:222,387,0,339,144,0.00,홍련 387,지휘관 1,
person:홍련,홍련,148,ch17,84,0,71,47,0.00,홍련 84,지휘관 5,
person:홍련,홍련,203,event_overzone,313,0,264,152,0.00,홍련 313,,
person:홍련,홍련,244,ch26,1,0,3,0,0.00,홍련 1,,
person:홍련,홍련,248,event_redash,172,0,131,70,0.00,홍련 172,,
person:홍련,홍련,249,erelic:red_ash_lost,107,0,65,35,0.00,홍련 107,,
person:홍련,홍련,250,erelic:red_ash_mini,26,0,30,3,0.00,홍련 26,,
person:홍련,홍련,258,event_newyearnewsword,447,0,263,211,0.00,홍련 447,지휘관 2,
person:홍련,홍련,259,char:225,169,0,143,58,0.00,홍련 169,,
person:홍련,홍련,288,side:second_affection,146,0,143,37,0.00,홍련 146,,
person:홍련,홍련,295,event_lastkingdom1,84,0,84,36,0.00,홍련 84,,
person:홍련,홍련,326,event_nonsensered,20,0,21,6,0.00,홍련 20,,
person:홍련,홍련,338,event_oldtales1,2,0,4,0,0.00,홍련 2,,
person:홍련,홍련,387,event_ce006,81,0,70,36,0.00,홍련 81,,
person:홍련,홍련,418,event_goddessfall1,95,0,68,47,0.00,홍련 95,,
person:홍련,홍련,428,fl:ark_guardian,264,1,181,125,0.01,홍련 264,지휘관 1,
person:홍련,홍련,429,char:471,5,0,5,0,0.00,홍련 5,,
person:홍련,홍련,472,ch48,89,0,69,42,0.00,홍련 89,,
person:회색_올빼미,회색 올빼미,135,char:92,23,3,9,18,0.25,회색 올빼미 23,,
person:히메노,히메노,182,char:802,93,0,78,44,0.00,히메노 93,,
