id,person,name,aspect,act,with,before,after,text,unit,order,scene,trigger_scene,trigger_unit,time,points,confidence,status
D2062,person:2B,2B,관계,기준,person:9S,,,전송 장치를 찾더라도 '9S를 위해서 반드시 이곳에 돌아온다'며 9S를 남겨 두고 선발대를 맡는,char:810,231,ep:d_nikke_ce_02_01_01,,,,,확실,확정
D2061,person:2B,2B,성격,기준,,,,"안드로이드라 감정을 갖는 건 허락되지 않는다며, 자기를 의심한 라피의 대비도 '타당했다'고 받아들이는 합리적 · 이성적인",char:810,231,ep:d_nikke_ce_02_01_02,,,,,확실,확정
D2064,person:A2,A2,성격,기준,,,,"'이미 죽기 직전'이라 냉정히 말하고 '마음대로 해'로 일관하면서도, 아기새를 손에 받쳐 지키고 먼저 포기하려는 P-12를 일깨우는 무뚝뚝한",char:811,233,ep:d_nikke_ce_02_02_01,,,,,확실,확정
D53,person:D,D,성격,기준,,,,말수 적게 '이건 우리 표적이야' · '이미 늦었어'만 하는 냉정한 시지 패러리스 니케,sub:랩칠리언_06,143,sub:랩칠리언_06,,,,,확실,확정
D1430,person:D,D,관계,기준,person:K,,,"K의 고문용 가시 총에 '수단은 깨끗해야 해'라 맞서고 '역시, 안 맞네' — '내가 할 말이다'로 받는 방식이 다른 짝",event_ltk,187,event_ltk_02_e,,,,,확실,확정
D1429,person:D,D,관계,기준,person:지휘관,,,위장 신혼부부로 함께 잠입한 대행 — 선택을 맡긴 뒤 '남은 무게는 우리가 짊어진다'며 집으로 돌려보내는,event_ltk,187,event_ltk_06_e,,,,,확실,확정
D1428,person:D,D,신념,기준,,,,세상에는 평행을 이루는 선악의 저울이 있어 악행을 저지른 이들을 죽이고 또 죽이면 세상이 선한 쪽으로 기울 거라 믿는다 — 늘 무겁지만 옳은 일을 한다고 믿어 견딘다,event_ltk,187,event_ltk_06_e,,,,,확실,확정
D2021,person:D,D,관계,변화,person:지휘관,저지스 암살 지령의 타겟 — 도끼를 들고 며칠 동행하며 죽일지 판단하는,"조작한 IV를 처단한 뒤 차를 함께 마시며 '너 같은 사람만 있다면 더 좋은 세상'이라 믿고, 선한 길이 퇴색되지 않기를 바라는",,char:40,188,ep:d_nikke_d_05,ep:d_nikke_d_04,char:40,,F856 F857,확실,확정
D404,person:D,D,관계,변화,person:지휘관,보호 · 감시 대상,"잠 못 드는 지휘관의 손목을 잡아 재우고, 함께해 줘 고맙다며 다음에도 잘 부탁한다는",,event_killthelord,282,event_killthelord_06_e,event_killthelord_intermission_01,event_killthelord,,,확실,확정
D2095,person:D,D,관계,변화,person:지휘관,연기가 얄팍해 낙제점을 주며 임무에 데려가려면 반드시 지켜야 하는 동행자,"연습이 끝나도 꽃다발을 받아 '즐거웠어요, 여보'라 하고, 뒤에 제비꽃 향을 두르고 다시 아내 역으로 찾아오는",,char:43,283,ep:d_nikke_d_killerwife_05,ep:d_nikke_d_killerwife_05,char:43,S137,,확실,확정
D839,person:D,D,관계,변화,person:지휘관,함께해 줘 고맙다는 임무 동료,정체를 숨기고 죽어도 상관없다 — 이젠 기억해 줄 사람이 있다는,,fl:reborn_evil,407,fl:reborn_evil_23,,,,,추정,확정
D233,person:E.H.,E.H.,관계,기준,person:목단,,,"옛 이름으로 부르는 목단에게 '버린 이름'이라며, 언더월드 퀸은 머스탱의 명령을 따를 뿐이니 '너희도 믿을 수 없다'는 사이",ch22,195,d_main_22_09,,,,,확실,확정
D232,person:E.H.,E.H.,신념,기준,,,,아무도 아우터 림을 신경 쓰지도 돕지도 않으니 스스로 지킬 무기와 엘리베이터를 쥐어야 한다 — 앉아서 죽기보다 무기를 들고 죽는 게 낫다,ch22,195,d_main_22_09,,,,,확실,확정
D234,person:E.H.,E.H.,관계,변화,person:목단,'너희도 믿을 수 없다','반드시 온다'는 약속에 '너흴 믿…' 하고 기대려다 총격에 끊긴,,ch22,195,d_main_22_09,d_main_22_09,ch22,,,확실,확정
D288,person:E.H.,E.H.,관계,변화,person:크로우,크로우를 동료로 여김,방주에 구멍을 낸 배신자라며 전신 화상의 몸으로 덮쳐 붙잡는,,ch24,219,d_main_24_07_e,,,,,확실,확정
D294,person:E.H.,E.H.,신념,변화,,스스로 지킬 무기와 엘리베이터를 쥐어야 한다,많은 사람에게 안긴 공포를 속죄하려 니케가 되겠다는,,ch24,219,d_main_24_10,,,,F1023,확실,확정
D767,person:E.H.,E.H.,소속,변화,,엔터 헤븐의 수장,니케가 되어 이그조틱의 스쿼드 리더,,ch39,396,d_main_39_af_02,,,S248,F2057,확실,확정
D768,person:E.H.,E.H.,신체,변화,,테러 끝에 목숨이 끊어지기 직전의 인간,잉그리드에게 부탁해 니케가 된,,ch39,396,d_main_39_af_02,,,,F2057,확실,확정
D863,person:E.H.,E.H.,신념,변화,,아무도 돕지 않으니 아우터 림은 스스로 지켜야 한다던,이제 혼자 하지 않아도 된다며 믿고 홀로 위험한 추적에 나서는,,ch41,414,d_main_41_af_05,,,S269,,추정,확정
D897,person:E.H.,E.H.,관계,기준,person:리버린,,,"또 도망치려는 리버린에게 '도망가지 마, 벌을 받고 뉘우쳐'라며 끌고 가는",ch42,416,d_main_42_af_02,,,S271,F2233,확실,확정
D1068,person:E.H.,E.H.,신념,변화,,이제 혼자 하지 않아도 된다며 믿는,용서받지 못해도 평생 피해자에게 사과하며 살아야 한다는,,ch44,436,d_main_44_af_08,,,S297,,확실,확정
D1077,person:E.H.,E.H.,소속,변화,,시험에서 이겨 이름에 [엘리시온]을 받은 엘리시온 후계자,후계자 자리를 버리고 무장만 지닌 빈털터리로 아우터 림에 들어간,,fl:enter_heaven,442,fl:enter_heaven_07,fl:enter_heaven_07,fl:enter_heaven,S305,F2494,확실,확정
D1076,person:E.H.,E.H.,신념,변화,,어머니를 따라 아우터 림엔 쓰레기 같은 이들만 산다고 믿던 후계자,강자가 약자를 도와 함께 강해지는 [인간의 강함]을 증명하겠다는,,fl:enter_heaven,442,fl:enter_heaven_07,fl:enter_heaven_06,fl:enter_heaven,S305,F2493 F2495,확실,확정
D1078,person:E.H.,E.H.,소속,변화,,아우터 림에 들어온 외지인,가로등 아래 모인 사람들이 '리더'라 부르는 엔터 헤븐의 리더,,fl:enter_heaven,442,fl:enter_heaven_08,,,S305,F2486 F2496,확실,확정
D1079,person:E.H.,E.H.,관계,변화,person:크로우,방식은 달라도 헌신적인 모습에 동료라 여기던,매력적인 선동가로 보고 그 테러 계획을 반드시 막아야겠다는,,fl:enter_heaven,442,fl:enter_heaven_10,fl:enter_heaven_10,fl:enter_heaven,S305,,확실,확정
D1081,person:E.H.,E.H.,소속,변화,,아우터 림을 빛으로 이끌던 엔터 헤븐의 리더,"이름을 버리고 [E.H.]로만 사는, 원치 않게 테러 조직의 리더가 된",,fl:enter_heaven,442,fl:enter_heaven_11,fl:enter_heaven_11,fl:enter_heaven,S305,F2502,확실,확정
D1082,person:E.H.,E.H.,관계,기준,person:지휘관,,,"자기 일에 휘말리게 했다며 거듭 사과하고, 처음으로 속시원히 과거를 털어놓은 뒤 판단을 맡기는",fl:enter_heaven,442,fl:enter_heaven_12,,,,,확실,확정
D1083,person:E.H.,E.H.,관계,변화,person:지휘관,판단을 맡기는,"또다시 빛에 눈이 멀면 막아 달라고 부탁하고, 속죄를 응원하겠다는 말에 미소 짓는",,fl:enter_heaven,442,fl:enter_heaven_13,,,,F2894,확실,확정
D2207,person:E.H.,E.H.,관계,기준,person:바이퍼 person:자칼,,,"자기를 위한 깜짝 환영 파티에 서툴게 '고마워… 다들' 하고, 운 좋게 만난 좋은 동료라며 행복했다고 한다",char:113,443,ep:d_nikke_eh_05,,,S306,,확실,확정
D2209,person:E.H.,E.H.,관계,변화,person:지휘관,속죄를 응원받으며 판단을 맡기던,"하루를 함께 돌며 좋아하는 것을 찾아 준 지휘관을 좋은 동료로 꼽고, 손을 내밀어 앞으로를 부탁하는",,char:113,443,ep:d_nikke_eh_05,ep:d_nikke_eh_04,char:113,S306,,확실,확정
D2208,person:E.H.,E.H.,신념,변화,,좋아하는 것 없이 '해야 할 일'만 하며 속죄로 아우터 림을 돌보던,"선행이 자기가 좋아하는 일임을 알고, 어둠 속 이정표가 될 작은 불빛이 되고 싶다며 동료와 함께라면 가능하다는",,char:113,443,ep:d_nikke_eh_05,ep:d_nikke_eh_04,char:113,S306,,확실,확정
D1142,person:E.H.,E.H.,신념,변화,,[인간의 강함]을 증명하겠다던,"에닉의 인정에 울며 한 걸음 나아갔다 하고, 용서받을 때까지 속죄해 아우터 림을 빛으로 이끌겠다는",,ch45,450,d_main_45_10,d_main_45_10,ch45,S314,F2602,확실,확정
D52,person:K,K,성격,기준,,,,"'와, 추리 실력 좋네~ 놀랐어 놀랐어~' 하고 말끝을 늘이며 암살 표적과 투표 결정을 가볍게 말하는 시지 패러리스 니케",sub:랩칠리언_06,143,sub:랩칠리언_06,,,,,확실,확정
D1431,person:K,K,신념,기준,,,,"악행을 숨기는 놈들이 싫어, 더러운 수를 쓰는 놈들에겐 더러운 수가 인지상정이라며 고문 도구를 당당하게 쓴다",event_ltk,187,event_ltk_02_e,,,,,확실,확정
D1432,person:K,K,관계,기준,person:지휘관,,,"'클라이언트'로 끌고 다니며 핀잔을 주다가도, 선택 뒤 공원에서 '후회하냐' 묻고 좋은 소식을 전하며 이제 그만 내려놓으라 다독이는 임무 동료",event_ltk,187,event_ltk_06_e,,,,,확실,확정
D709,person:K,K,기억,기준,,,,특급 임무를 받은 뒤 일주일의 기억이 없고 그 앞도 듬성듬성 빠진 채 깨어난,event_lordforjustice,385,event_lordforjustice_01_e,,,,F1949,확실,확정
D710,person:K,K,기억,변화,,VII-1 임무를 잊은,VII에게 '무슨 수를 써서라도' 정의를 보이겠다던 자기를 떠올리고 '난 꼭두각시였다'는,,event_lordforjustice,385,event_lordforjustice_04_e,event_lordforjustice_04_s,event_lordforjustice,,F1963,확실,확정
D712,person:K,K,신념,변화,,저지스의 판결이 곧 정의라 믿던,악인이라 자책하면서도 천칭 대신 고개를 기울이는 자기 방식으로 정의를 다시 찾아가겠다는,,event_lordforjustice,385,event_lordforjustice_06_e,event_lordforjustice_05_s,event_lordforjustice,,F1970,확실,확정
D713,person:K,K,관계,변화,person:지휘관,'인간 녀석들은 마음에 안 든다'던,자기를 믿고 처분을 고르지 않은 지휘관의 정의를 참고하겠다는,,event_lordforjustice,385,event_lordforjustice_06_e,event_lordforjustice_06_e,event_lordforjustice,,,확실,확정
D714,person:K,K,소속,변화,,저지스의 판결을 집행하는 시지 패러리스,지휘관이 책임을 지는 '프리랜서' 자경단으로 D의 사이비 조사를 돕는,,event_lordforjustice,385,event_lordforjustice_epilogue,event_lordforjustice_06_s,event_lordforjustice,,F1971,확실,확정
D2167,person:K,K,관계,변화,person:지휘관,자기를 믿고 처분을 고르지 않은 지휘관의 정의를 참고하겠다던,인간도 자기도 싫지만 '너는 그렇게까지 싫지 않다'며 등에 기대 '안 무겁냐 · 괜찮냐'고 묻는,,char:41,386,ep:d_nikke_k_05,ep:d_nikke_k_05,char:41,S233,F1975,확실,확정
D2166,person:K,K,성격,변화,,취미 · 좋아하는 것 없이 쉴 때는 의자에 반듯이 앉아 에너지바만 먹으며 '필요한 건 정비지 휴식이 아니'라던,"과자 · 만화 맛을 알고 '배울 게 더 늘었네' 하며, 한 번씩 목욕하러 오겠다는",,char:41,386,ep:d_nikke_k_05,ep:d_nikke_k_04,char:41,S233,F1973 F1975,확실,확정
D2065,person:P-12,P-12,신념,변화,,저대로 두면 굶어 죽고 만다며 날지 못하는 아기새에 '역시 안 되는 걸까' 먼저 포기하려던,정해진 운명이 있어도 누군가의 도움이 있다면 더 나은 길로 나아갈 수 있다며 이번엔 A2를 돕겠다는,,char:811,233,ep:d_nikke_ce_02_02_05,ep:d_nikke_ce_02_02_05,char:811,,,확실,확정
D468,person:T.A.L.O.S.,T.A.L.O.S.,관계,기준,person:킬로,,,"파일럿을 차임으로 바꾸라는 명령에 '할 수 있지만 하지 않는다, 원하지 않기 때문'이라 답하는 — 제 파일럿은 킬로뿐인 A.I.",event_lastkingdom1,295,event_lastkingdom2_03_e,,,,F1439,확실,확정
D922,person:T.A.L.O.S.,T.A.L.O.S.,관계,변화,person:킬로,원하지 않기에 파일럿을 바꾸지 않는다던,"'사랑합니다, 킬로'라 직설적으로 말하고 '킬로에겐 제가 있지 않습니까' 하는",,event_goddessfall1,418,event_goddessfall1_03_s,event_goddessfall1_03_s,event_goddessfall1,S274,,확실,확정
D1758,person:곰,곰,성격,기준,,,,처음 만난 미란다 · 퀀시와 금세 친해져 '곰이 전~부 해결해버릴거야'라 큰소리치는,fl:persona_on_frontline,474,fl:persona_on_frontline_04,,,,,확실,확정
D1759,person:곰,곰,관계,변화,person:지휘관 person:미란다 person:레오나,지퍼를 들켜 '망했다곰' 하며 도와 달라 외치던 낯선 곰,헤어지기 싫을 만큼 정들어 그 마음을 간직하고 밝게 작별하려는,,fl:persona_on_frontline,474,fl:persona_on_frontline_27,,,,,확실,확정
D428,person:그레이브,그레이브,관계,기준,person:지휘관,,,'인간은 배신한다'며 수정에 깔린 채로도 지휘관의 도움을 믿지 않고 꺼지라 하는,ch29,291,d_main_29_07_e,,,,,확실,확정
D429,person:그레이브,그레이브,성격,기준,,,,"끊어진 말투로 '나가라'만 되풀이하며 직격하지 않고, 받은 은혜는 원수처럼 반드시 갚는",ch29,291,d_main_29_07_e,,,,,확실,확정
D438,person:그레이브,그레이브,기억,기준,,,,"제 이름도, 지상을 다닌 세월도 기억하지 못해 '그레이브'로 불러 달라는",ch30,293,d_main_30_06_e,,,,F1407,확실,확정
D439,person:그레이브,그레이브,신념,기준,,,,"수정의 주인이 아니며, 잊혀져 퇴색된 오래된 이야기를 다시 쓰는 사명으로 지상을 다닌다",ch30,293,d_main_30_06_e,,,,F1407,확실,확정
D437,person:그레이브,그레이브,관계,변화,person:지휘관,인간은 배신한다며 믿지 않던,소리치지도 쏘지도 않고 고맙다 한 지휘관을 '아직 인간이 아니다'라며 안내하는,,ch30,293,d_main_30_06_e,d_main_29_07_e,ch29,,,확실,확정
D440,person:그레이브,그레이브,관계,기준,person:라피,,,보물을 모욕하고 레드 후드라는 망자까지 빼앗았다며 라피를 반드시 죽이겠다는,ch30,293,d_main_30_07_e,,,,,확실,확정
D499,person:그레이브,그레이브,신체,변화,,노화된 언어 회로로 말이 끊어지는,마나가 회로를 갈아 끊김 없이 말하는,,ch31,308,d_main_31_09_e,d_main_31_09_e,ch31,,F1536,확실,확정
D500,person:그레이브,그레이브,관계,변화,person:지휘관,'인간은 배신한다'며 믿지 않는,레드 후드가 뒤를 맡긴 이들이라며 도와 달라 부탁하는,,ch32,310,d_main_32_01,d_main_32_01,ch32,,,확실,확정
D501,person:그레이브,그레이브,관계,변화,person:라피,보물을 모욕했다며 반드시 죽이겠다는,"고맙다 하고, 발로 찬 것에 대한 사과를 받아 주는",,ch32,310,d_main_32_02_s,d_main_32_01,ch32,,,확실,확정
D512,person:그레이브,그레이브,관계,기준,person:신데렐라,,,망가진 얼굴로도 그녀를 '나의 승리의 여신'이라 부르며 치욕스러운 과거를 같이 다시 쓰자는,ch32,310,d_main_32_09_e,,,,,확실,확정
D518,person:그레이브,그레이브,관계,변화,org:카운터스,신데렐라를 만나게 도와 달라 부탁하는 외부인,"'이제 동료'라는 말을 '따뜻한 말'로 받고, 앞으로도 연락해도 되냐 묻는 동료",,sub:관짝이_00,311,sub:관짝이_00,,,,,확실,확정
D519,person:그레이브,그레이브,관계,변화,person:신데렐라,죽기 직전의 그녀를 관에 넣어 지고 다닌,관에 누운 그녀를 다시 보고 싶지 않다며 산 사람이 눕는 침대를 만들어 주겠다는,,sub:관짝이_01,313,sub:관짝이_01,,,,,확실,확정
D520,person:그레이브,그레이브,관계,기준,person:스노우_화이트,,,"만난 적 없는 전설의 무기 장인을 동경해, 빌린 세븐스 드워프를 흠 없이 돌려주고 먼저 써 버린 것을 사과하고 싶어 하는",sub:관짝이_02,314,sub:관짝이_02,,,,,확실,확정
D534,person:그레이브,그레이브,관계,변화,person:라피,발로 찬 것에 대한 사과를 받아 준,레드 후드를 이어받아 갓데스와 이어진 라피에게 스노우 화이트의 세븐스 드워프를 맡기는,,ch33,334,d_main_33_01,,,,F1625,확실,확정
D537,person:그레이브,그레이브,신체,변화,,마나가 회로를 갈아 끊김 없이 말하는,정비 부품 · 라이터즈 이레이저 · 개조 헬멧에 미러 컨테이너의 하모니 큐브 파편까지 이식해 수정을 모두 피하는,,ch33,334,d_main_33_02_e,,,,F1630,확실,확정
D551,person:그레이브,그레이브,관계,변화,person:라피,레드 후드를 이어받은 라피에게 세븐스 드워프를 맡긴,"조바심을 묻고 계승의 뜻을 일러 '힘내라, 너는 아름다우니까' 북돋는",,ch34,336,d_main_34_05,,,,,확실,확정
D552,person:그레이브,그레이브,신체,변화,,미러의 하모니 큐브 파편을 이식한,"라이터즈 스포일러로 바디를 보조 연산 장치로 써 말이 느려지고, 폭포에서 신데렐라를 내보낸 뒤 미동 없이 쓰러진",,ch34,336,d_main_34_08,d_main_34_08,ch34,,F1649 F1650,확실,확정
D580,person:그레이브,그레이브,신체,변화,,기억을 그대로 지닌 채 잠도 자지 않는 V.T.C. 수석 연구원 출신 양산형,"머리를 다쳐 쉽던 수리를 못 하고, 얼굴이 망가지고 말이 끊겨 헬멧을 쓴",,event_oldtales1,338,event_oldtales2_epilogue,event_oldtales2_epilogue,event_oldtales1,S183,F1693,확실,확정
D584,person:그레이브,그레이브,기억,변화,,2세대를 만든 기억을 그대로 지닌,꿈에 나온 동료 셋(둘은 쌍둥이)의 얼굴을 알아보지 못하는,,erelic:old_tales_dialog,339,erelic:old_tales_dialog_17,event_oldtales2_epilogue,event_oldtales1,S184,F1697,확실,확정
D585,person:그레이브,그레이브,관계,변화,person:니힐리스타,동료인 줄 알았던,신데렐라를 데려가려 한 헬레틱이라 겨우 달아나 숨어 기다리기로 한,,erelic:old_tales_dialog,339,erelic:old_tales_dialog_18,erelic:old_tales_dialog_18,erelic:old_tales_dialog,S184,F1698,확실,확정
D1599,person:그레이브,그레이브,관계,변화,person:신데렐라,관 속의 그녀를 살릴 수만 있다면 어떤 대가도 치르겠다던,마주 보고 이야기하며 매일 머리를 빗어 주는 일상이 기쁜 — 신데렐라도 흉터를 아름답다 해 주고 헬멧을 닦아 주는,,char:514,344,ep:d_nikke_grave_03,,,S189,,확실,확정
D1597,person:그레이브,그레이브,신념,변화,,신데렐라가 깨어나기만 하면 다 이룬 것이라 별마다 그것만 빌던,모두와 다시 만나 이야기를 다시 써 이번에야말로 해피 엔딩을 맞는 것을 새 소원으로 삼은,,char:514,344,ep:d_nikke_grave_04,,,S189,,확실,확정
D1596,person:그레이브,그레이브,성격,변화,,말이 서툴러 신데렐라를 둘러싼 오해를 풀지 못할까 걱정하던,"진심을 담아야 대화가 된다는 걸 배워, 하기 어려운 말도 직접 전하기로 하는",,char:514,344,ep:d_nikke_grave_05,ep:d_nikke_grave_02,char:514,S189,,확실,확정
D1598,person:그레이브,그레이브,관계,변화,person:지휘관,인간은 못 믿지만 '탈인간'이니 보증을 믿어 주던,"목적 없는 대화를 처음 나눈 '첫 번째 독자'로 서로의 편이 되어, 다시 만나 해피 엔딩을 들려주기로 한",,char:514,344,ep:d_nikke_grave_05,ep:d_nikke_grave_04,char:514,S189,,확실,확정
D606,person:그레이브,그레이브,관계,변화,person:지휘관,레드 후드가 뒤를 맡긴 이들이라며 도와 달라 부탁하는,인간은 못 믿지만 '탈인간'인 지휘관이 보증하면 처음 본 메티스도 믿는,,ch35,358,d_main_35_02,,,,,확실,확정
D643,person:그레이브,그레이브,관계,기준,person:세이렌,,,'궁상맞게'라 핀잔하면서도 먹을 걸 먹여 놓고 진심으로 사과하라 일러 주는 투박한 동료(에이브),side:mudfish,370,side:mudfish_02,,,,,확실,확정
D697,person:그레이브,그레이브,관계,변화,person:세이렌,세이렌을 걱정하던 연구원 에이브,기억은 없지만 '나도 기다렸었나 — 늦어서 미안하다'고 사과하고 세이렌의 보드게임을 배우는 동료,,erelic:unbreakable_sphere_dialog,378,erelic:unbreakable_sphere_dialog_15,event_unbreakablesphere2_epilogue,event_unbreakablesphere1,,,확실,확정
D1754,person:그레이브,그레이브,관계,기준,person:모리,,,"서핑보드 · 땅파기 · 생선 손질을 '훈련'이라 시키며, 초조한 모리에게 '넌 이미 강해졌다 · 할 수 있는 걸 하면 된다'고 일러 주는 스승",fl:wave_to_you,464,fl:wave_to_you_22,,,,,확실,확정
D1783,person:그레이브,그레이브,관계,기준,person:드레이크,,,"빌런 연합엔 관심 없다며 신데렐라 곁이 더 중요하다 했지만, 드레이크와 함께할 때 눈이 반짝인다는 신데렐라의 말에 지원한",fl:great_villain_union,478,fl:great_villain_union_03,,,,,확실,확정
D1784,person:그레이브,그레이브,소속,변화,,신데렐라 곁을 지키는 필그림 일행,신 빌런 연합의 두 날개 '빌런 그레그레',,fl:great_villain_union,478,fl:great_villain_union_03,,,S347,F2872,확실,확정
D1785,person:그레이브,그레이브,관계,변화,person:드레이크,관심 없다며 떠밀려 들어온 부하,"'바보여도 리더는 리더'라며 물러난 그를 다시 세우고, 해낸 그를 '첫인상과 다르다 — 성장했다'고 인정하는",,fl:great_villain_union,478,fl:great_villain_union_13,fl:great_villain_union_11,fl:great_villain_union,S347,,확실,확정
D1352,person:길로틴,길로틴,성격,기준,,,,"'길로틴 드 메피스토' · [조직] · [협회] · 편익의 마왕 같은 거창한 설정으로 망상 결투를 벌이면서도, 허세가 안 먹히면 힐끔힐끔 눈치를 보는 중2병 니케",char:180,85,ep:d_nikke_guillotine_02,,,,,확실,확정
D1353,person:길로틴,길로틴,관계,기준,person:지휘관,,,지휘관을 [조직]의 개 · 에이스 요원이라 부르며 가상화 '망상 결투'를 거는 라이벌 놀이 상대로 대한다,char:180,85,ep:d_nikke_guillotine_02,,,,,확실,확정
D1355,person:길로틴,길로틴,관계,기준,person:잉그리드,,,"자기가 '임시 협회장'을 맡긴 잉그리드에게 안구 사용 허가를 전화로 조르다 잔소리를 듣고 거절당하는, 허가 없이는 힘을 쓰지 못하는 사이",char:180,85,ep:d_nikke_guillotine_02,,,,,확실,확정
D1356,person:길로틴,길로틴,신념,기준,,,,"처분하지 않으면 유가족 · 니케포비아 단체가 거리로 쏟아진다며, 살려 달라는 침식된 니케도 [협회]의 명령대로 처분하는 '도시괴담'의 일을 맡는다",char:180,85,ep:d_nikke_guillotine_04,,,,,확실,확정
D1354,person:길로틴,길로틴,관계,변화,person:지휘관,망상 결투를 거는 [조직]의 에이스,처분의 고통을 알아봐 준 그를 [협회] 예비 회원 · 서번트로 받아들이고 손등 키스에 얼굴을 붉히는,,char:180,85,ep:d_nikke_guillotine_05,ep:d_nikke_guillotine_05,char:180,,,확실,확정
D275,person:길로틴,길로틴,관계,변화,person:메이든,같은 저주에 빠진 잔소리꾼 게으름뱅이,쓰러지자 분노하며 동료로 여기고 있었음을 깨달은 동료,,ch23,214,d_main_23_10_e,d_main_23_10_s,ch23,,,확실,확정
D1608,person:길로틴,길로틴,관계,기준,person:클로이,,,"자기를 두려워하지 않는 인간 아이 클로이를 괴롭힘에서 지켜 주며 이야기를 들어 주러 다니다, 그녀를 스승 삼아 [백빙룡 대서사시] 이세계 놀이를 하는 '하나뿐인 벗'",event_icedragonsaga1,347,event_icedragonsaga2_04_e,,,S192,,확실,확정
D1609,person:길로틴,길로틴,관계,변화,person:클로이,이세계 놀이를 함께하는 하나뿐인 벗,자기 망설임 탓에 다쳤다는 죄책감에 '내 손으로 모든 걸 망쳤다'며 멈춰 선,,event_icedragonsaga1,347,event_icedragonsaga2_05_s,event_icedragonsaga2_04_e,event_icedragonsaga1,S192,,확실,확정
D1611,person:길로틴,길로틴,신념,변화,,명령대로 이레귤러를 처분하는 익스터너,"망설임으로 참사를 낸 뒤, 신병이 같은 아픔을 겪지 않게 고독을 혼자 짊어지는 것을 나아갈 답으로 삼은",,event_icedragonsaga1,347,event_icedragonsaga2_05_s,event_icedragonsaga2_04_e,event_icedragonsaga1,S192,,확실,확정
D1612,person:길로틴,길로틴,관계,변화,person:메이든,상부가 백업으로 붙인 신병,"홀로 임무를 해낼 만큼 길러 내고, 오프라인 벗이 생기자 기뻐하면서도 쓸쓸해하는 사수",,event_icedragonsaga1,347,event_icedragonsaga2_05_s,event_icedragonsaga2_05_s,event_icedragonsaga1,S192,,확실,확정
D1613,person:길로틴,길로틴,관계,변화,person:메이든,이레귤러가 된 자기를 쓰러뜨려 복귀하라며 홀로 희생하려는,메이든과 파티를 맺고 '벗에게 최고의 엔딩을 보여 주겠다'며 함께 돌아가기로 한,,event_icedragonsaga1,347,event_icedragonsaga2_06_e,event_icedragonsaga2_05_e,event_icedragonsaga1,S191,,확실,확정
D1614,person:길로틴,길로틴,신념,변화,,클로이에게 들은 이야기를 흉내 내며 벗을 위해 자기를 내던지려는,이야기의 엔딩을 스스로 장식하며 다시 앞으로 나아갈 용기를 얻은,,event_icedragonsaga1,347,event_icedragonsaga2_06_e,event_icedragonsaga2_05_e,event_icedragonsaga1,S191,,확실,확정
D1610,person:길로틴,길로틴,관계,변화,person:클로이,또 다치게 할까 하는 죄책감에 오랫동안 찾아가지 못하던,성인이 된 클로이를 다시 찾아가 [백빙룡 대서사시]의 결말을 들려주는,,event_icedragonsaga1,347,event_icedragonsaga2_epilogue,event_icedragonsaga2_06_e,event_icedragonsaga1,S191,,확실,확정
D2138,person:길로틴,길로틴,신념,변화,,클로이와 끝내지 못한 [백빙룡 대서사시]의 엔딩을 스스로 장식하며 용사로 나아간,"용사의 검과 자리를 라플라스에게 돌려주고, 대서사시에 사로잡히지 않고 '니케 길로틴의 모험'을 동료들과 이어 가겠다는",,char:182,349,ep:d_nikke_guillotine_winterslayer_05,ep:d_nikke_guillotine_winterslayer_04,char:182,S194,F1737,확실,확정
D1979,person:길티,길티,관계,기준,person:지휘관,,,"또 온 새 교관을 '거짓말 · 안 올 거면서'라 의심하면서도, 다음에도 와 주기를 바라는",char:400,170,ep:d_nikke_guilty_01,,,,,확실,확정
D1977,person:길티,길티,신념,기준,,,,남들보다 힘세게 만든 미실리스 연구원들 탓이지 만들어진 대로 산 자기는 죄가 없다며 억울해하는,char:400,170,ep:d_nikke_guilty_01,,,,F784,확실,확정
D1976,person:길티,길티,성격,기준,,,,"말끝을 늘이며 눈을 마주쳤다 황급히 내리깔고, 친절한 말에도 '아직 내 편이 아니다'라며 의심하고 거짓말을 가장 싫어하는",char:400,170,ep:d_nikke_guilty_01,,,,,확실,확정
D1978,person:길티,길티,신념,변화,,만들어진 대로 살았을 뿐 죄가 없다는,'죄를 지었지만 갱생할 수 있다'는 믿음을 받아들여 힘을 쓰지 않고 갱생하기로 하는,,char:400,170,ep:d_nikke_guilty_04,ep:d_nikke_guilty_04,char:400,,F786,확실,확정
D1980,person:길티,길티,관계,변화,person:지휘관,오지 않을 거라 의심하던 새 교관,"팔이 부러지고도 돌아와 손을 잡아 준 그를 '믿을 수 있을 것 같다'며, 그 손을 '계속 갖고 싶다'는",,char:400,170,ep:d_nikke_guilty_04,ep:d_nikke_guilty_04,char:400,,F786,확실,확정
D1982,person:길티,길티,소속,변화,,갱생관 독방의 흉악범,갱생 판결을 받아 지휘관이 책임지는 니케로 갱생관을 나가는,,char:400,170,ep:d_nikke_guilty_05,ep:d_nikke_guilty_05,char:400,,F787,확실,확정
D1981,person:길티,길티,관계,변화,person:지휘관,교관을 믿게 된 갱생수,"계속 손을 잡아 달라며, 믿음이 깨지면 그 두 손을 틀어쥐겠다고 웃는 — 흉악범다운 집착이 섞인",,char:400,170,ep:d_nikke_guilty_05,ep:d_nikke_guilty_05,char:400,,F788,확실,확정
D490,person:길티,길티,관계,기준,person:메이든,,,"'같이 있는 편이 너도 좋잖아' 하며 낚시에 따라붙고, 백상아리를 두고 맨손 대 낚싯대로 겨루는",event_beautyfullshot1,305,event_beautyfullshot1_03_s,,,,,확실,확정
D489,person:길티,길티,성격,변화,,부수는 게 너무 즐겁던,만지는 게 더 즐겁지만 다 부서져 되돌아오지 않으니 만지기를 무서워하는,,event_beautyfullshot1,305,event_beautyfullshot2_05_e,,,S157,,확실,확정
D491,person:길티,길티,관계,변화,person:메이든,따라붙어 겨루던 낚시 상대,"'부서지지 않는다'는 말에 친구가 되어, 처음으로 '만져도 될까?' 묻고 함께 낚싯대를 잡는",,event_beautyfullshot1,305,event_beautyfullshot2_05_e,event_beautyfullshot2_05_e,event_beautyfullshot1,S157,,확실,확정
D2231,person:길티,길티,성격,변화,,"교관을 독점하려 바니걸로 백허그를 계획하고, 벌을 받으려 일부러 지각하고 거짓말로 골탕 먹이는","꾸중에 속상해 쥔 주먹을 스스로 풀고, 같이 해온 일이 물거품이 되는 게 싫다며 거짓말을 그만두는",,char:404,480,ep:d_nikke_guilty_mightybunny_04,ep:d_nikke_guilty_mightybunny_03,char:404,S393,,확실,확정
D2232,person:길티,길티,관계,변화,person:지휘관,"교관 곁에 있으려면 갱생해야 하지만, 완전히 갱생해 유죄가 아니게 되면 교관이 떠날까 불안한","갱생해도 떠나지 않고 서로 배워 가자는 말에 처음으로 진심으로 기뻐 웃고, 팔 힘을 조절해 부드럽게 안는 법을 익히는",,char:404,480,ep:d_nikke_guilty_mightybunny_05,ep:d_nikke_guilty_mightybunny_04,char:404,S393,,확실,확정
D164,person:김작가,김작가,관계,변화,person:지휘관,'요 근래 뜨거운 인기를 끄는 GHOST 지휘관'에게 금단의 사랑 소설의 모델이 되어 달라는 의뢰인,로맨스 대신 받은 전투 기록에 영감을 얻어 새 장르에 도전하겠다며 시놉시스를 보여 주겠다는 사이,,sub:김작가_00,47,sub:김작가_00,sub:김작가_00,sub:김작가_00,,,확실,확정
D1471,person:나가,나가,성격,기준,,,,"티아의 옷 · 준비물 · 점심까지 챙기고 다른 학생과 선생까지 챙기는, 굉장히 어른스럽고 성숙한 학생",event_dazzlingcupid,236,event_dazzlingcupid_prologue,,,,,확실,확정
D1474,person:나가,나가,관계,기준,person:티아,,,'우리 애가 아직 철이 좀 없어서' 하며 티아를 혼내고 챙기는 보호자 같은 단짝,event_dazzlingcupid,236,event_dazzlingcupid_prologue,,,,,확실,확정
D1473,person:나가,나가,관계,기준,person:지휘관,,,선생님에게 수업받을 수 있어 좋다며 졸업반 선생 기념으로 함께 놀러 가자고 청하는,event_dazzlingcupid,236,event_dazzlingcupid_01_s,,,,,확실,확정
D1475,person:나가,나가,관계,변화,person:티아,티아를 챙겨 주는 단짝,'선생님에게 선물을 받기 위한 라이벌'을 선언하고 티아를 떼어 내는,,event_dazzlingcupid,236,event_dazzlingcupid_02_e,event_dazzlingcupid_02_e,event_dazzlingcupid,,,확실,확정
D1478,person:나가,나가,관계,변화,person:티아,라이벌로 냉랭하던,"예비 스타킹을 던져 주고 먼저 사과해 화해하며, 마음은 양보 못 해도 싸우지는 않기로 한",,event_dazzlingcupid,236,event_dazzlingcupid_epilogue,event_dazzlingcupid_06_e,event_dazzlingcupid,,F1083,확실,확정
D1480,person:나가,나가,관계,변화,person:지휘관,수업받는 게 좋은 선생님,선생님을 향한 마음은 티아에게도 양보 못 한다는,,event_dazzlingcupid,236,event_dazzlingcupid_epilogue,,,,,확실,확정
D2069,person:나가,나가,신념,기준,,,,신입생 진로 희망에 받자마자 '선생님'을 써낸 — 마르차나 같은 선생이 되어 학생들을 이끌어 주고 싶던,char:450,237,ep:d_nikke_naga_03,,,,,확실,확정
D2070,person:나가,나가,신념,변화,,마르차나 같은 선생이 되어 학생들을 이끌고 싶던,다 함께 살아남은 친구 둘마저 '우수하지 않다'며 떨어뜨리는 시험을 보고 선생의 꿈을 포기한,,char:450,237,ep:d_nikke_naga_04,ep:d_nikke_naga_04,char:450,S95,F1086,확실,확정
D2071,person:나가,나가,관계,변화,person:티아,"같은 반의 '잘 웃는 실없는 아이'로만 여기고, 죽은 조원을 잊었다며 웃는 티아에게 화내던","다 잃었다고 여길 때 '평생 단짝 친구 하자'는 티아의 온기를 받아, 반이 바뀌어도 함께 시험을 통과해 온 단짝",,char:450,237,ep:d_nikke_naga_05,ep:d_nikke_naga_05,char:450,S95,F1087,확실,확정
D1748,person:나가,나가,관계,변화,person:마르차나,부담스러워 보이는 선생님과 거리를 두며 지켜보던,'보호받고 싶지 않다'고 손을 뿌리치는,,fl:wave_to_you,464,fl:wave_to_you_17,fl:wave_to_you_16,fl:wave_to_you,S336,,확실,확정
D1751,person:나가,나가,신념,변화,,첫 시험 뒤 선생의 꿈을 포기한,선생님과의 여행으로 그 꿈을 다시 꾸고 싶어진,,fl:wave_to_you,464,fl:wave_to_you_26,fl:wave_to_you_25,fl:wave_to_you,S336,F2763 F1086,확실,확정
D763,person:나유타,나유타,관계,기준,person:지휘관,,,선구자들에게 귀가 닳도록 들은 지휘관을 '대협'이라 부르며 만나 뵈어 영광이라 하는,ch39,396,d_main_39_05,,,,,확실,확정
D762,person:나유타,나유타,성격,기준,,,,"'소인' · '대협' · '~외다' 하는 고풍스러운 말투로, 곤란한 질문엔 '하하' 하며 엉뚱한 대답으로 흘려 넘기는 능청스러운 필그림",ch39,396,d_main_39_06,,,,,확실,확정
D764,person:나유타,나유타,신념,기준,,,,"진실과 비밀은 힘 있는 이가 짊어져야 빛을 발한다며, 상대의 힘을 보기 전엔 답하지 않는",ch39,396,d_main_39_07,,,,,확실,확정
D794,person:나유타,나유타,신체,변화,,리버렐리오의 빛에 머리가 날아가 푸른 · 황금색 입자로 흩어진,호리병 안에서 기억 · 정보와 함께 다시 눈을 뜬,,ch40,398,d_main_40_11,d_main_40_07,ch40,S250,F2078 F2079,확실,확정
D899,person:나유타,나유타,관계,기준,person:니힐리스타,,,"허튼짓을 하면 목을 꺾으려 뒤에 타고, '아직 신용하지 못한다'며 말 한마디라도 믿을 여지를 청하는",event_goddessfall1,418,event_goddessfall1_02_s,,,,,확실,확정
D904,person:나유타,나유타,신념,변화,,'이기기 위해서라면 무슨 짓이든 하겠다'는,니힐리스타를 죽이지 못하고 '대업 앞에서 사사로운 정에 흔들렸다 · 세월을 헛되이 살았다'며 자책하는,,event_goddessfall1,418,event_goddessfall1_04_s,event_goddessfall1_intermission_01,event_goddessfall1,S273,,확실,확정
D916,person:나유타,나유타,관계,기준,person:마리안,,,"초면에 퀸임을 알면서 비밀을 지키되 스스로 밝히기를 권하고, 누가 총칼을 겨누면 목숨 걸고 막겠다는",event_goddessfall1,418,event_goddessfall1_05_e,,,,,확실,확정
D940,person:나유타,나유타,성격,변화,,많이 알아 두려워 결정하지 못하고 바라만 보는 방관자,처음으로 내 본 적 없는 속도로 달려 나가 함께 싸우는,,event_goddessfall1,418,event_goddessfall2_04_s,event_goddessfall2_intermission_01,event_goddessfall1,S273,F2305,확실,확정
D947,person:나유타,나유타,관계,변화,person:니힐리스타,목을 꺾으려 뒤에 타던 불신,"'믿어도 되겠소?' 언체인드 탄환을 던져 '뜻대로 하시오', '절대 잊지 않겠소' 하는",,event_goddessfall1,418,event_goddessfall2_06_s,,,S273,,확실,확정
D2189,person:나유타,나유타,관계,변화,person:지휘관,선구자들에게 들은 대협 이야기를 믿지 않아 직접 시험해 보려던,"대협과 소저들의 인연을 보고 저도 모르게 신뢰하게 되어, 길을 잃으면 알려 달라 청하고 '같이 헤매면 된다'는 말을 평생 가장 위안이 된 말이라 하는",,char:223,420,ep:d_nikke_nayuta_05,ep:d_nikke_nayuta_05,char:223,S278,,확실,확정
D1152,person:나유타,나유타,신념,변화,,이기기 위해 인류의 위협 미러와도 손잡는,'외도와 손을 잡는 것이 아니었소' 후회하는,,ch46,452,d_main_46_11,d_main_46_11,ch46,S318,,확실,확정
D1153,person:나유타,나유타,신체,변화,,분신을 거느린 승려 본체,침식된 NIMPH를 받아 붉은 눈이 된 꼭두각시,,ch46,452,d_main_46_11,,,S318,F2632,확실,확정
D1154,person:나유타,나유타,소속,변화,,필그림,미러의 명령으로 분신을 불러 모으는 꼭두각시,,ch46,452,d_main_46_11,,,S318,F2632 F2843,확실,확정
D2042,person:네로,네로,성격,기준,,,,"'~냥' 하는 고양이 말투로 커튼 실을 뜯으며 놀고, 츄르를 사람에게도 권하는 고양이 같은 니케 — 고양이 일에는 차분하고 단호하다",event_nyanyaparadise,212,event_nyanyaparadise_01_s,,,,,확실,확정
D2043,person:네로,네로,관계,기준,person:지휘관,,,지휘관을 '집사'라 부르며 기다렸다가 유기묘를 함께 보호소로 데려오자고 청하는,event_nyanyaparadise,212,event_nyanyaparadise_01_s,,,,,확실,확정
D2044,person:네로,네로,신념,기준,,,,"인간의 욕심으로 버려진 고양이들에 화가 났지만, 슬퍼할 시간에 남은 시간이 정해진 아픈 고양이가 행복하도록 모든 시간을 쏟는 게 맞다고 여기는",event_nyanyaparadise,212,event_nyanyaparadise_04_e,,,,,확실,확정
D2045,person:네로,네로,기억,기준,,,,"가족도 친구도 없던 시절 골목에서 의지하던 눈 색이 다른 고양이를 비 오는 날 잃은 기억을 지녀, 언젠가 차가워지는 물을 모두 싫어하는",char:380,213,ep:d_nikke_nero_04,,,S80,F982,확실,확정
D2046,person:네로,네로,관계,변화,person:지휘관,유기묘 일에 손을 빌리는 '집사',"물 공포 훈련을 함께 해 테스트를 넘게 해 준 집사에게 안기고, 원할 때마다 애정 가득한 그루밍을 해 주겠다는",,char:380,213,ep:d_nikke_nero_05,ep:d_nikke_nero_04,char:380,,,확실,확정
D1970,person:네베,네베,관계,기준,person:지휘관,,,"처음 본 지휘관을 '포근하고 따뜻해 보인다'며 '큰곰 씨'라 부르고, '북극곰이 좋아할 것 같다'며 동행을 받아들이는",char:193,154,ep:d_nikke_neve_02,,,,,확실,확정
D1969,person:네베,네베,신념,기준,,,,"북극곰만이 줄 포근함을 찾아 오래 혼자 지상을 헤매지만, 이유는 '조금 더 포근하게 자고 싶어서'일 뿐 '꼭 특별한 게 있어야 하나요?'라는",char:193,154,ep:d_nikke_neve_02,,,,F731,확실,확정
D1968,person:네베,네베,성격,기준,,,,"말끝을 늘이며 늘 졸려 하고, '북극곰은 사람을 좋아한다'며 지휘관을 미끼로 삼자는 말을 '농담 반 진담 반'으로 태연히 하는 느긋한 성격",char:193,154,ep:d_nikke_neve_02,,,,,확실,확정
D1971,person:네베,네베,관계,변화,person:지휘관,미끼 농담을 하며 함께 북극곰을 찾는 '큰곰 씨',북극곰 탈을 쓰고 기다린 지휘관 품에 안겨 '정말 제가 생각한 북극곰 같다'며 잠드는,,char:193,154,ep:d_nikke_neve_05,ep:d_nikke_neve_04,char:193,,,확실,확정
D14,person:네온,네온,소속,기준,,,,"엘리시온의 니케로, 잉그리드의 명을 받아 카운터스에 합류한다",ch01,2,d_main_01af_05,,,,F29,확실,확정
D13,person:네온,네온,성격,기준,,,,"사장의 '모든 것을 보고하라'는 명령을 '스파이'라며 신나서 털어놓는, 해맑고 엉뚱한 니케",ch01,2,d_main_01af_05,,,,,확실,확정
D19,person:네온,네온,신념,기준,,,,"'이 세상은 화력이 전부, 오직 화력만이 우릴 지켜 준다' — 밸런스를 버려서라도 화력을 좇는 화력 지상주의자",ch02,4,d_main_02_04,,,,,확실,확정
D20,person:네온,네온,관계,변화,person:지휘관,잉그리드가 붙인 '스파이'로 합류한 엘리시온 니케,'화력으로 밀어버리자'는 말에 화력의 극의를 깨달았다며 지휘관을 '스승님'으로 모신다,,ch02,4,d_main_02_06,d_main_02_06,ch02,,,확실,확정
D2041,person:네온,네온,신념,변화,,'오직 화력만이 우릴 지켜 준다'는 화력 지상주의자,바다를 겪은 뒤 화력에만 안주하지 않고 수력에도 진심인 '하이브리드 네온' — 도구 없이 타일런트 급도 물리칠 수력의 화신이 되겠다는,,char:14,211,ep:d_nikke_neon_blueocean_05,event_bluewaterisland1_01_s,event_bluewaterisland,S79,F978,확실,확정
D306,person:네온,네온,기억,변화,,인디빌리아의 꼬리에 두 동강 나 죽은,NIMPH가 날조한 기억으로 죽은 줄 모르고 끝까지 싸웠다고 아는,,ch25,241,d_main_24af_05,d_main_24_14_e,ch24,S98,F1097,확실,확정
D602,person:네온,네온,관계,변화,person:아니스,아니스를 놀리며 티격태격하는 동료,걱정된다며 따라다녀 돕겠다는,,ch35,358,d_main_35bf_05,,,,,확실,확정
D667,person:네온,네온,관계,변화,person:아니스,걱정된다며 따라다녀 돕겠다는,'아니스를 무시할 수 있는 건 우리뿐'이라며 매니저로서 곡 · 의상 · 무대를 다 구해 오겠다는,,ch38,375,d_main_38_07_e,d_main_38_07_s,ch38,,,확실,확정
D769,person:네온,네온,관계,기준,person:바이퍼,,,"방주에 구멍을 낸 이그조틱을 좋게 볼 수 없다며 벌을 계속 받기를 바라고, 지금의 마음을 듣고서야 '지켜볼게요' 하는",ch39,396,d_main_39_af_02,,,,,확실,확정
D1030,person:네온,네온,기억,변화,,니케가 되기 전 기억이 없던,봉인이 부서져 아우터 림의 공주님과 지낸 과거를 되찾은 — '좀 괴로워졌지만',,ch43,434,d_main_43_15,d_main_43_01,ch43,S294,,확실,확정
D1069,person:네온,네온,신체,변화,,니케가 된 스톨 3세의 바디,외부 간섭을 막는 침식 면역 바디 네오-네온 — 맨손으로 수정을 부수는,,ch44,436,d_main_44_af_09,,,S298,F2461,확실,확정
D1136,person:네온,네온,신념,변화,,화력만이 우릴 지켜 준다는 화력 지상주의,빛 없는 아우터 림에서도 희망으로 하루하루 사는 이들을 대변해 '당신이 선택한 일'이라 맞서는,,ch45,450,d_main_45_07,,,S314,,추정,확정
D1731,person:네온,네온,관계,변화,person:프린세스,마지막 한마디도 남기지 못하고 격벽에서 잃은,그 자리를 다시 찾아 건강해진 모습을 전하고 '고마워요 · 보고 싶어요'라 작별을 건넨,,char:18,457,ep:d_nikke_neon_visioneye_04,ep:d_nikke_neon_visioneye_04,char:18,S326,F2715,확실,확정
D1732,person:네온,네온,관계,변화,person:지휘관,화력의 극의를 깨달았다며 모시는 스승님,'가족 같은 스승님' — 곁에 있어 아우터 림에 갈 용기를 낼 수 있었다는,,char:18,457,ep:d_nikke_neon_visioneye_05,ep:d_nikke_neon_visioneye_04,char:18,S326,,확실,확정
D1733,person:네온,네온,신념,변화,,당장의 미래도 생각하지 않고 오늘만 버티며 살던,공주님께 받은 '건강한 눈'으로 미래를 보며 더 많은 것을 지키겠다는,,char:18,457,ep:d_nikke_neon_visioneye_05,ep:d_nikke_neon_visioneye_04,char:18,S326,F2715,확실,확정
D1318,person:네온,네온,관계,기준,person:온리_원,,,스승님의 딸이라 '사매님'이라 부르며 떨어뜨릴까 조심조심 안아 재우는,ch47,470,d_main_47_05,,,S341,,확실,확정
D1647,person:노라,노라,성격,기준,,,,"막차 끝 칸에 버티며 승무원을 '꼬맹이'라 놀리고, 경찰이 오면 기억 흐린 노인 연기로 빠져나가는 꼬장꼬장하고 짓궂은 노인 — 손재주 자랑이 대단한",fl:blank_ticket,423,fl:blank_ticket_01,,,,,확실,확정
D1648,person:노라,노라,관계,기준,person:솔린,,,막차에서 나가라는 솔린을 '교육이 안 된 꼬맹이'라 몰아세우고 경찰을 부르라며 버티는,fl:blank_ticket,423,fl:blank_ticket_01,,,,,확실,확정
D1655,person:노라,노라,관계,기준,concept:니케,,,지상에 쉽게 나가는 니케가 부러워 질투하며 싫어하는,fl:blank_ticket,423,fl:blank_ticket_05,,,,,확실,확정
D1652,person:노라,노라,신념,기준,,,,"지상에서 눈을 감는 게 꿈이지만 벌이라 여기며 방주에 갇힌 운명에 순응하려 했고, 열차가 데려다주지 않을까 한 마지막 발악도 바보 같았다며 접은",fl:blank_ticket,423,fl:blank_ticket_11,,,,,확실,확정
D1649,person:노라,노라,관계,변화,person:솔린,'꼬맹이'라 놀리며 막차에서 버티던 승무원,"찾아와 준 것에 처음으로 이름을 불러 고마워하고, 이 나이에 만난 새 친구라 부르는",,fl:blank_ticket,423,fl:blank_ticket_11,fl:blank_ticket_10,fl:blank_ticket,S281,,확실,확정
D1653,person:노라,노라,신념,변화,,방주에 갇힌 운명에 순응하려던,"바늘구멍만 한 가능성이라도 있다면 언제든 기다리겠다며, 더 살아갈 이유를 얻은",,fl:blank_ticket,423,fl:blank_ticket_13,fl:blank_ticket_13,fl:blank_ticket,S281,,확실,확정
D1662,person:노라,노라,관계,기준,person:루시안,,,"어릴 적부터 알던 루시안에게 퉁명스럽게 굴면서도, 서운하다는 말에 '같이 여행 가던가'라 하는 — 루시안은 늘 기다리겠다는",fl:terminus_ticket,425,fl:terminus_ticket_11,,,S284,,확실,확정
D1656,person:노라,노라,기억,변화,,'기억력은 아직 안 죽었다'던,모래 폭풍 뒤 사람들을 알아봤다 못 알아봤다 하며 기억이 끊겼다 돌아오기를 되풀이하는,,fl:terminus_ticket,425,fl:terminus_ticket_13,fl:terminus_ticket_11,fl:terminus_ticket,S283,F2353,확실,확정
D1657,person:노라,노라,관계,기준,person:브리드,,,"방주로 돌려보내자던 기관사가 들고 온 커피에 수면제를 탔냐고 의심하며, 이 열차도 안전하게 가둬 두는 방주와 다를 게 없다고 쏘아붙이는",fl:terminus_ticket,425,fl:terminus_ticket_16,,,,,확실,확정
D1658,person:노라,노라,관계,변화,person:브리드,방주로 돌려보내려는 기관사를 의심하던,"설산에서 브리드가 들고 온 커피를 '역시 써, 그래도 따뜻하구나'라며 받는",,fl:terminus_ticket,425,fl:terminus_ticket_19,fl:terminus_ticket_16,fl:terminus_ticket,S283,,확실,확정
D1661,person:노라,노라,신념,변화,,병이 깊어져 방주에 가기도 다음 역에 가기도 애매하다며 설산 절벽에서 내리려던,집으로 갈 수 있다는 말에 아직 여행을 끝낼 때가 아니라며 조금만 더 살아 보겠다는,,fl:terminus_ticket,425,fl:terminus_ticket_21,fl:terminus_ticket_21,fl:terminus_ticket,S283,F2355,확실,확정
D1663,person:노라,노라,관계,변화,person:루시안,사귀자고만 하고 마지막 여행을 떠나 몇십 년을 돌아가지 못한 첫사랑,종착역에서 만난 루시안의 환영에 너무 오래 기다리게 해 미안하다며 '평생 사랑했어'라 말하는,,fl:terminus_ticket,425,fl:terminus_ticket_26,fl:terminus_ticket_25,fl:terminus_ticket,S283,F2356,확실,확정
D1664,person:노라,노라,관계,변화,concept:니케,지상에 쉽게 나가는 니케를 질투해 싫어하던,"우리를 지키려 목숨 걸고 싸우는 니케들에게 쓸데없는 말을 했다 사과하고, 지상의 태양이 눈부신 건 너희 덕이라는",,fl:terminus_ticket,425,fl:terminus_ticket_27,,,S283,,확실,확정
D1665,person:노라,노라,신체,변화,,뇌의 병으로 다른 장기의 노화까지 빨라져 사흘 잠들었다 겨우 깨어난,집 앞 종착역에 닿은 뒤 꽃과 레이스로 꾸민 의무실에서 미소 지은 채 숨을 거둔,,fl:terminus_ticket,425,fl:terminus_ticket_27,fl:terminus_ticket_20,fl:terminus_ticket,S283,F2356,확실,확정
D82,person:노벨,노벨,성격,기준,,,,"말끝마다 '~것입니다'를 붙이며 사립 탐정을 자처하고 지휘관을 '왓슨'이라 부르는, 엉뚱하지만 끈질긴 프로토콜 니케",ch09,43,d_main_09af_04,,,,,확실,확정
D1787,person:노벨,노벨,관계,기준,person:지휘관,,,'왓슨'이 곁에 있으면 [명탐정의 감]이 숨 쉬듯 발동한다며 전속 조수로 삼아 평생 끌고 다니겠다는,char:212,87,ep:d_nikke_novel_05,,,,,확실,확정
D1590,person:노벨,노벨,관계,기준,person:팬텀,,,"팬텀을 '숙명의 라이벌'이라 부르며 직접 잡겠다고 함정을 깔고, 지고도 '역시 팬텀'이라 기뻐하며 다음 예고장을 기다리는",event_phantomthiefvsdetective,328,event_phantomthiefvsdetective_06_s,,,,,확실,확정
D1357,person:노아,노아,성격,기준,,,,'위대하신 필그림' · '지상 최강의 방패'를 자처하며 지휘관을 '풉' · '키득키득' 놀리고 부탁 대신 '명령'하는 오만한 꼬마 필그림,char:232,88,ep:d_nikke_noah_01,,,,,확실,확정
D1358,person:노아,노아,관계,기준,person:지휘관,,,"요한을 '진짜'로 두고 방주의 지휘관을 '가짜' · '세상에서 제일 약해 보이는' 이라 놀리며, 강해지는 실험에 쓰려 지상으로 '납치'한다",char:232,88,ep:d_nikke_noah_01,,,,,확실,확정
D1360,person:노아,노아,신념,기준,,,,"지상은 약육강식 — 약한 놈은 먹혀 죽는 게 당연하다며, 강해지려 랩쳐를 잡고 부품을 줍고 죽어 가는 어린 니케에게도 손대지 않겠다는",char:232,88,ep:d_nikke_noah_02,,,,,확실,확정
D1361,person:노아,노아,신념,변화,,약한 놈은 먹혀 죽는 게 당연한 약육강식,"지킬 것이 있을 때 더 강해진다며, 강하면 또 구해 주면 된다는",,char:232,88,ep:d_nikke_noah_05,ep:d_nikke_noah_04,char:232,,,확실,확정
D1359,person:노아,노아,관계,변화,person:지휘관,실험에 쓰려 납치한 '가짜' 약골,'너로 할래' — 지켜 줄 울타리 안에 두겠다고 손가락을 걸고 약속한 사람,,char:232,88,ep:d_nikke_noah_05,ep:d_nikke_noah_03,char:232,,,확실,확정
D211,person:노아,노아,성격,변화,,혼자 남겨지면 머뭇거리고 다 같이 있어야 안심하는 막내,스스로 판단해 앵커 와이어를 달려 마더 웨일을 떨어뜨리고 '우리 둘만의 비밀'이라 우쭐대는,,ch21,189,d_main_21_09_s,d_main_21_09_s,ch21,,F868,확실,확정
D212,person:노아,노아,관계,변화,person:네온,'약골 뒷바라지'나 하라며 투덜대는,'안경'이라 부르며 '나중에 또 올 거지?' 묻는 둘만의 비밀을 가진 사이,,ch21,189,d_main_21_10_e,d_main_21_09_s,ch21,,,확실,확정
D1435,person:노아,노아,관계,기준,person:도로시,,,"같은 스쿼드지만 방주가 생길 때부터 산 갓데스 출신이라 부담스럽고 무섭다며, 꽃을 두고 왔다고 정색당하자 '걔 진짜 짜증 나'라 하는",char:233,202,ep:d_nikke_dorothy_01,,,,,확실,확정
D844,person:노아,노아,성격,변화,,방주를 싫어하며 남을 놀리는,"우리끼리만 살 순 없다 하고, 도로시가 떠나면 쓸쓸할 것 같다는",,side:eden_spear,411,side:eden_spear_09,,,,,확실,확정
D913,person:노아,노아,성격,변화,,지상 최강의 방패를 자랑하며 남을 놀리는,'나는 아무도 안 지켜'라 외치면서 라푼젤을 뒤로 던지고 출력을 끝까지 올려 에덴을 지켜 낸,,event_goddessfall1,418,event_goddessfall1_05_s,,,S273,F2283,확실,확정
D914,person:노아,노아,신체,변화,,지상 최강의 방패를 든 바디,오버히트로 코어가 소실되고 바디가 숯처럼 타 뇌만 브레인 셸터에 남은,,event_goddessfall1,418,event_goddessfall1_05_s,,,S273,F2283,확실,확정
D964,person:노아,노아,관계,기준,person:요한,,,훈련 때 혼나고 '그 남자가 내 지휘관이라니 너무 무서워'하는,erelic:goddess_fall_mini,419,erelic:goddess_fall_mini_05,,,,,확실,확정
D966,person:노아,노아,성격,변화,,또 버려질까 복도 구석에서 땅굴만 파며 주눅 든 겁쟁이,'키득키득' 웃으며 지상 최강의 방패라 오만하게 구는,,erelic:goddess_fall_mini,419,erelic:goddess_fall_mini_05,erelic:goddess_fall_mini_05,erelic:goddess_fall_mini,S277,F2330,확실,확정
D1788,person:노이즈,노이즈,관계,기준,person:지휘관,,,"머스탱이 능력 있는 프로듀서라 해서 찾아와, 건방졌다고 사과하며 시키는 대로 할 테니 신곡을 도와 달라는",char:430,89,ep:d_nikke_noise_01,,,,,확실,확정
D1790,person:노이즈,노이즈,신념,기준,,,,"편하게 노래를 만들다 떠밀리듯 유명해져 부담을 느끼고, 노래로 승부하는 싱어송라이터라 외모 · 캐릭터나 노래 밖의 어필은 상관없다는",char:430,89,ep:d_nikke_noise_02,,,,,확실,확정
D1791,person:노이즈,노이즈,신념,변화,,완벽한 곡을 내놓아야 한다는 압박에 팬과 TV로만 만나던,팬들과 가까이 지내고 '가만히 있는 것보다 뭐라도' 하자며 단독 콘서트 신곡을 쏟아내는,,char:430,89,ep:d_nikke_noise_05,ep:d_nikke_noise_03,char:430,,,확실,확정
D1789,person:노이즈,노이즈,관계,변화,person:지휘관,머스탱 말만 믿고 찾아와 프로듀싱을 의심하면서도 따르던,등을 떠밀어 준 프로듀서 덕분이라며 VVIP 티켓을 건네고 신곡을 '진심을 담은 사랑 노래'라 밝히는,,char:430,89,ep:d_nikke_noise_05,ep:d_nikke_noise_05,char:430,,,확실,확정
D365,person:노이즈,노이즈,관계,변화,person:지휘관,결혼 소문에 '최악'이라던 '프로듀서',1년 곁에서 도와준 프로듀서에게 무대에서 꽃을 건네고 볼에 입 맞추는,,event_newyearnewsword,261,event_newyearnewsword_prologue,,,S117,,확실,확정
D771,person:노이즈,노이즈,관계,기준,person:아니스,,,"연습실을 비워 두고 간식을 챙기며, 아니스가 대충 하려는 게 아니라 다행이라 하는",ch39,396,d_main_39_af_05,,,,,확실,확정
D228,person:누아르,누아르,성격,기준,,,,"말을 더듬고 겁이 많아 동생 블랑을 따르지만, 일손이 모자란 사정을 들어 얘기라도 들어 보자고 하는 소심한 언니",ch22,195,d_main_22_04_s,,,,,확실,확정
D2028,person:누아르,누아르,관계,기준,person:블랑,,,"동생 블랑을 '제 보물'이라 부르고, 블랑을 닮은 토끼 인형을 오래 아껴 온 언니",event_BunnyX777,204,event_BunnyX777_04_e,,,,,확실,확정
D2030,person:누아르,누아르,관계,변화,person:지휘관,'점장님'이라 부르며 도움을 청하는,"모르는 사람이 아닌 점장님이라 마음 편하다며, 상과 별개로 '진심이 담긴 선물'인 행운의 키스를 건네는",,event_BunnyX777,204,event_BunnyX777_06_e,event_BunnyX777_05_e,event_BunnyX777,,,확실,확정
D2036,person:누아르,누아르,관계,변화,person:블랑,늘 블랑과 함께 다니며 동생을 '제 보물'로 아끼는,"처음 블랑 없이 지휘관과 단둘이 지내며 '셋이었을 텐데' 마음을 쓰지만, 하나뿐인 쌍둥이라 곧 함께하리라 믿는",,char:271,206,ep:d_nikke_noir_05,ep:d_nikke_noir_04,char:271,,,확실,확정
D2034,person:누아르,누아르,관계,변화,person:지휘관,상과 별개로 진심의 행운의 키스를 건네는,"좋아하는 감정을 알게 되어 술 없이 고백하고, 서로 좋아함을 확인하자 둘만의 비밀을 만들어 가는 연인",,char:271,206,ep:d_nikke_noir_05,ep:d_nikke_noir_04,char:271,,F949,확실,확정
D2035,person:누아르,누아르,성격,변화,,말을 더듬고 겁이 많아 동생을 따르는 소심한 언니,"폴댄스로 조금 자신감이 생기고, 고백하자마자 데이트를 청하는 '저돌적'인 면을 드러낸",,char:271,206,ep:d_nikke_noir_05,ep:d_nikke_noir_04,char:271,,,확실,확정
D339,person:누아르,누아르,관계,기준,person:지휘관,,,"지휘관을 '점장님'이라 부르며 도움을 청하고, 퍼레이드가 끝나면 블랑과 지휘관실에 찾아가 칭찬받고 싶다고 조르는",sub:코인_러시_00,223,sub:코인_러시_00,,,,,확실,확정
D195,person:니힐리스타,니힐리스타,성격,기준,,,,"'앉아서 기다리는 역할은 안 맞는다'며 블랙박스도 잊고 다 태우려 드는, 호전적이고 변덕스러운 화룡",ch20,164,d_main_20_08_e,,,,,확실,확정
D197,person:니힐리스타,니힐리스타,관계,기준,person:리버렐리오,,,죽이겠다고 위협하며 퀸의 눈을 들먹이는 리버렐리오를 '느려터진 너'라 비웃으며 맞서는 선봉장끼리의 사이,ch20,164,d_main_20af_02,,,,,확실,확정
D1426,person:니힐리스타,니힐리스타,관계,변화,person:지휘관,목을 졸라 몸을 열어 보려던 '블랙박스',"블러프에 놀아나 주고 '정이 좀 들었다'며, 다시 정복하러 올 때까지 다른 잡것 손에 죽지 말라는",,char:261,184,ep:d_nikke_nihilister_05,ep:d_nikke_nihilister_03,char:261,S59,,확실,확정
D1427,person:니힐리스타,니힐리스타,신념,기준,,,,"퀸을 끌어내리는 데 그치지 않고 그 힘 · 병력 · 영향력을 모두 빼앗아 지상의 유일무이한 [최강]이 되어, 끝없는 싸움의 장작을 원하는",char:261,184,ep:d_nikke_nihilister_05,,,S59,F844,확실,확정
D312,person:니힐리스타,니힐리스타,신체,변화,,방주에서 니케들을 태우던 화룡,인디빌리아 · 토커티브에게 물리고 베여 재생이 더딘 채 버려진,,ch25,241,d_main_25_03_e,,,S98,F1103,확실,확정
D313,person:니힐리스타,니힐리스타,관계,변화,person:지휘관,납치해 몸을 열어 볼 '블랙박스',죽게 두지 않고 위장포를 덮어 준 지휘관에게 '모욕'이라 분노하다 우는 듯 웃는,,ch25,241,d_main_25_03_e,,,S98,F766 F1103,확실,확정
D898,person:니힐리스타,니힐리스타,관계,기준,person:나유타,,,"'땡중'이라 부르며 '운전이나 해'만 되풀이하는, 서로 믿지 않는 길동무",event_goddessfall1,418,event_goddessfall1_02_s,,,,,확실,확정
D900,person:니힐리스타,니힐리스타,기억,기준,,,,방주 밀봉 뒤 문을 두드리다 죽은 니케들의 코어를 뜯어 준 과거를 기억하며 '지우고 싶은 약해빠진 과거'라 하는,event_goddessfall1,418,event_goddessfall1_02_e,,,,,확실,확정
D944,person:니힐리스타,니힐리스타,관계,변화,person:인디빌리아,지배 아래 서로 싸울 수 없어 조롱만 주고받던,살려 놨더니 배신하고 명령질하는 데 열받아 지배를 끊고 먹어 치운,,event_goddessfall1,418,event_goddessfall2_05_s,,,S273,F2310,확실,확정
D946,person:니힐리스타,니힐리스타,관계,변화,person:나유타,'운전이나 해' 하던 믿지 않는 길동무,"'너 나 믿을 수 있겠냐'며 탄환을 받아, 이것은 자기 선택임을 알아 두라는",,event_goddessfall1,418,event_goddessfall2_06_s,event_goddessfall2_05_s,event_goddessfall1,S273,F2312,확실,확정
D948,person:니힐리스타,니힐리스타,신념,변화,,릴리스의 바디에 언체인드를 채워 퀸을 독살하려는,지배를 깬 뒤 스스로 언체인드를 깨물어 독잔이 되기를 택한,,event_goddessfall1,418,event_goddessfall2_06_s,,,S273,F2312 F2164-2,확실,확정
D949,person:니힐리스타,니힐리스타,신체,변화,,인디빌리아를 먹고 힘을 되찾은 머리 둘 달린 붉은 용,퀸에게 들이받아 부서지며 퀸의 몸 안으로 스며든,,event_goddessfall1,418,event_goddessfall2_06_s,,,S273,F2312,확실,확정
D182,person:데이파라,데이파라,관계,변화,person:지휘관,사정을 숨긴 채 엄마의 무사만 확인해 달라고 매달리는 의뢰인,사실을 털어놓은 뒤 엄마가 벌받을까 봐 '이제부터는 혼자 해 볼게요'라며 손을 떼는,,sub:데이파라_00,168,sub:데이파라_00,sub:데이파라_00,sub:데이파라_00,,,확실,확정
D835,person:데이파라,데이파라,신념,기준,,,,교주인 엄마의 죄를 아무에게도 알리지 않고 '제가 어떻게든' 혼자 막겠다,fl:reborn_evil,407,fl:reborn_evil_15,,,,F2135,확실,확정
D836,person:데이파라,데이파라,신념,변화,,엄마의 죄를 혼자 막으려,경찰이 되어 이런 일이 다시 없도록 막는 것으로 속죄하겠다는,,fl:reborn_evil,407,fl:reborn_evil_27,fl:reborn_evil_24,fl:reborn_evil,,F2143,확실,확정
D1795,person:델타,델타,관계,기준,person:지휘관,,,"사정을 밝히지 않은 부탁이라 거절해도 원망하지 않겠다며 음료를 사고, 돕겠다는 말에 '듣던 대로 다정한 분'이라 하는 깍듯한 부하",char:20,90,ep:d_nikke_delta_01,,,,,확실,확정
D1793,person:델타,델타,신념,기준,,,,사정을 숨긴 채 '평범하게 보이는 법'을 배워 잠복 수사를 하려는 — 인간일 적 자기를 죽인 테러범을 직접 잡으려는,char:20,90,ep:d_nikke_delta_01,,,,,확실,확정
D1792,person:델타,델타,성격,기준,,,,영화관에서 총기를 정비하고 레스토랑에서 엄폐물을 살피며 비명에 문을 부수고 돌입하는 — 말투 · 거동이 모두 군인이라 평범한 척을 못 하는,char:20,90,ep:d_nikke_delta_01,,,,,확실,확정
D1796,person:델타,델타,관계,변화,person:지휘관,전투 능력이 낮다며 위험한 수사에서 빼려던,역량을 섣불리 판단했다며 고개 숙여 '완벽한 콤비'로 수사를 청하는,,char:20,90,ep:d_nikke_delta_02,ep:d_nikke_delta_02,char:20,,,확실,확정
D1794,person:델타,델타,신념,변화,,인간일 적 원수를 잡으려 한시도 긴장을 놓지 못하던,응징 뒤 평범한 삶으로 돌아갈 수 있겠다며 자기 행복을 위해 평범해지는 법을 배우는,,char:20,90,ep:d_nikke_delta_05,ep:d_nikke_delta_05,char:20,S368,,확실,확정
D1797,person:델타,델타,관계,변화,person:지휘관,수사를 함께하는 '완벽한 콤비',"'존경하는 상관'을 개인실로 불러 라면을 권하고, 시그널에게 배운 로맨스대로 '돌입해도 됩니까' 묻는",,char:20,90,ep:d_nikke_delta_05,ep:d_nikke_delta_05,char:20,S368,,확실,확정
D1645,person:델타,델타,신념,변화,,혼자 힘으로 해낼 수 있음을 보여 당당히 정식 입단하려던,아직 진정한 동료의 힘을 모른다며 합격을 마다하고 수습으로 남아 함께 배우려는,,fl:go_ninja_thief,412,fl:go_ninja_thief_13,fl:go_ninja_thief_13,fl:go_ninja_thief,S266,,확실,확정
D2188,person:델타,델타,관계,변화,person:지휘관,'존경하는 상관'에게 시그널에게 배운 로맨스대로 조심스레 다가가던,지휘관의 목소리를 못 알아들을 리 없다며 24시간 365일 감시를 자청해 한 침대에 눕고 '눈요기도 겸사겸사'라 하는,,char:23,413,ep:d_nikke_delta_ninjathief_05,ep:d_nikke_delta_ninjathief_05,char:23,S267,,확실,확정
D120,person:도라,도라,성격,기준,,,,"'내재된 기술력만 돈으로 환산하면 얼만데'라며 동료를 잃은 슬픔도 값으로 따지고, 지상 호위부터 계약서로 묶는 계산 빠른 달란트 니케",ch15,75,d_main_15_01,,,,,확실,확정
D1362,person:도라,도라,관계,기준,person:지휘관,,,"면담을 '의무적인 불량 체크'로 여겨 10분만 내주고 블랙넷 얘기엔 뒤를 캐지 말라 경고하면서도, 오지랖 부리는 지휘관에게 흥미를 보인다",char:202,91,ep:d_nikke_dolla_01,,,,,확실,확정
D1365,person:도라,도라,관계,기준,person:얀 person:루피,,,"같은 달란트의 얀 · 루피와는 임무만 같이 하는 비즈니스 관계라며, 잘 지내라는 건 개와 고양이를 붙이는 격이라 한다",char:202,91,ep:d_nikke_dolla_01,,,,,확실,확정
D1364,person:도라,도라,신념,기준,,,,"제 힘으로 올라온 자리에서 방주의 꼭대기까지 갈 것이고, 그러려면 블랙넷이든 더 냄새나는 수단이든 가리지 않는다는",char:202,91,ep:d_nikke_dolla_02,,,,,확실,확정
D1363,person:도라,도라,관계,변화,person:지휘관,뒤를 캐지 말라던 '고객님',"위기에 그 얼굴만 떠올랐다며 함께 있으면 안심된다는, 입을 맞추는 사이",,char:202,91,ep:d_nikke_dolla_04,ep:d_nikke_dolla_04,char:202,,,확실,확정
D177,person:도로시,도로시,신념,기준,,,,인간과 니케가 어우러진 낙원이란 힘의 균형 — 모두가 자력으로 살아남아 다수의 약자가 소수의 강자를 착취하지 않는 곳,ch19,159,d_main_19af_01,,,,,확실,확정
D176,person:도로시,도로시,관계,기준,person:지휘관,,,"지휘관을 '귀하'라 깍듯이 부르며 낙원을 안내하고, 줄곧 기다렸다며 언체인드를 대가로 헬레틱 퇴치를 청하는 거래 상대",ch19,159,d_main_19af_01,,,,,확실,확정
D189,person:도로시,도로시,성격,기준,,,,"'유용하게 소모할 전력'이라며 총알받이 계획을 태연히 밝히고, 상대의 트라우마를 건드리며 '미안해서 어떡하죠'라 비꼬는 냉정한 책략가",ch20,164,d_main_20_06_s,,,,,확실,확정
D239,person:도로시,도로시,관계,기준,person:피나,,,"짐을 들겠다는 양산형 피나를 위험하다며 말리다, '위기를 함께 헤쳐 나가는 동료'라는 말에 신세를 지기로 한다",event_overzone,200,event_overzone1_02_e,,,,,확실,확정
D238,person:도로시,도로시,성격,변화,,남이 하는 것보다 내가 하는 게 빠르다며 '도와달라'는 말을 절대 안 하는,스노우 화이트에게 '저 좀 도와줘요'라 부탁하는,,event_overzone,200,event_overzone1_04_s,event_overzone1_intermission_01,event_overzone,S71,,확실,확정
D240,person:도로시,도로시,관계,변화,person:피나,동행을 마지못해 받아 준 양산형,낙원으로 가는 꽃길을 곁에서 함께 걷기를 바라는 '소중한 날개',,event_overzone,200,event_overzone1_06_s,event_overzone1_intermission_01,event_overzone,S71,,확실,확정
D241,person:도로시,도로시,신체,변화,,피나를 잃고 탄창 빈 총의 방아쇠를 당기며 무너진,곁에 있다고 믿는 환각 속 피나와 대화하며 멀쩡한 듯 버티는,,event_overzone,200,event_overzone2_intermission_01,event_overzone1_06_e,event_overzone,S71,F925,확실,확정
D237,person:도로시,도로시,신념,변화,,임무를 마치면 방주에서 승리의 여신으로 추앙받으며 여생을 보내리라 믿고 입구를 지키는,배신한 방주를 '원래 우리 것이던 낙원'이라며 반드시 빼앗겠다는,,event_overzone,200,event_overzone2_06_e,event_overzone2_04_e,event_overzone,S71,F926,확실,확정
D242,person:도로시,도로시,소속,변화,,갓데스 스쿼드의 리더 대행,동료를 만나러 가지 않고 방주 소식을 모으는 홀로의 '소문의 필그림',,event_overzone,200,event_overzone2_epilogue,event_overzone2_06_e,event_overzone,S72,F927,확실,확정
D243,person:도로시,도로시,관계,변화,person:스노우_화이트,'도와줘요'라 부탁하고 고마워하던 동료,"긍지 얘기를 '아아. 지루해라'로 끊고, 기다리지 말라며 이미 선을 넘었다는 옛 동료",,event_overzone,200,event_overzone2_epilogue,event_overzone2_06_e,event_overzone,S72,F928,확실,확정
D1433,person:도로시,도로시,관계,변화,person:지휘관,언체인드를 대가로 쓰는 이용하기 좋은 손님 · 장기말,"곁에 있으면 따뜻해지는 인간 — '당신이 이겼네요', 애정이 남았다며 '다시 만나요'",,char:233,202,ep:d_nikke_dorothy_05,ep:d_nikke_dorothy_04,char:233,S74,,확실,확정
D1434,person:도로시,도로시,신념,변화,,인간을 싫어한다며 남은 애정을 부정하는,"인간을 사랑했고 애정이 아직 남았다고 인정하되, 그래서 더 용서할 수 없어 방주에 닿을 때까지 멈추지 않겠다는",,char:233,202,ep:d_nikke_dorothy_05,ep:d_nikke_dorothy_04,char:233,S74,F941 F942,확실,확정
D316,person:도로시,도로시,관계,기준,person:레드_후드,,,"죽은 줄 안 옛 동료를 보자 달려가 끌어안았다가, '당신은 죽었는데, 누구냐'며 물러나는",ch25,241,d_main_25_08_e,,,,F1109,확실,확정
D324,person:도로시,도로시,성격,변화,,"사람을 깔보는 구석은 있어도 남을 짓밟거나 이용하지 않던, 모시고 싶은 아가씨(갓데스 시절)",그리운 동료를 붙잡아 옛 동료들과 다시 이어지려는 데 이용하는,,ch26,246,d_main_26_05_e,,,,F1121 F1125,확실,확정
D326,person:도로시,도로시,관계,변화,person:레드_후드,죽은 줄 안 옛 동료를 끌어안았다 물러난,"주사를 막으려 총까지 쏘았다가, 떠난 뒤 즐거웠던 과거를 얘기하고 싶었는데 마지막을 망쳤다고 뉘우치는",,ch26,246,d_main_26_07_e,d_main_26_07_s,ch26,,,확실,확정
D332,person:도로시,도로시,관계,변화,person:지휘관,지휘관을 '귀하'라 부르며 거래로 쓰는,라피를 죽이려다 '이번 한 번' 용서받고 '고마워요'라 하는,,ch26,246,d_main_26_07_e,,,,F1130,확실,확정
D351,person:도로시,도로시,관계,변화,person:레드_후드,유품도 작별 인사도 받지 않겠다던,'오래된 사이'니 좋은 거라며 작별을 받아 주는,,event_redash,251,event_redash2_06_e,event_redash1_05_s,event_redash,S103,,확실,확정
D355,person:도로시,도로시,관계,기준,person:홍련,,,"야만적이라며 하나부터 열까지 마음에 안 든다면서도, 같은 꽃밭에서 홍련이 우린 금잔화 차만큼은 훌륭하다는 앙숙",erelic:red_ash_lost,252,erelic:red_ash_lost_05,,,,,확실,확정
D1515,person:도로시,도로시,관계,변화,person:홍련,처음 보는 사람에게 칼을 휘두르는 홍련의 영입에 반대하던,양산형 베이스인데도 몸 쓰는 법을 안다며 전력을 다하고 진 것을 인정하는,,char:225,262,ep:d_nikke_hongryeon_blackshadow_05,ep:d_nikke_hongryeon_blackshadow_04,char:225,S119,,확실,확정
D648,person:도로시,도로시,관계,변화,person:아니스,'개인적이고 하찮은 사유'라며 채널을 내주지 않던,방주를 싫어하는 멘트가 제 말 같다며 흡족해 채널을 내주는,,ch37,373,d_main_37_07,,,,,확실,확정
D758,person:도로시,도로시,관계,기준,person:라피,,,"예전의 말 없던 라피가 나았다며, 거리를 좁혀 오는 지금의 라피를 레드 후드 흉내를 내는 무언가 같아 싫다는",fl:boom_the_ghost,393,fl:boom_the_ghost_11,,,,,확실,확정
D760,person:도로시,도로시,관계,변화,person:피나,곁에 두고 싶은 '소중한 날개',닮은 홀로그램을 제 손으로 보내며 앞으로도 그리워하겠다는,,fl:boom_the_ghost,393,fl:boom_the_ghost_25,fl:boom_the_ghost_24,fl:boom_the_ghost,S243,F2033,확실,확정
D759,person:도로시,도로시,관계,변화,person:라피,레드 후드 흉내 같아 싫은 상대,"방주를 빼앗을 테니 막아 보라며, 막아선 덕에 잘못된 선택을 피했다고 인정하는 맞수",,fl:boom_the_ghost,393,fl:boom_the_ghost_27,fl:boom_the_ghost_24,fl:boom_the_ghost,S243,,확실,확정
D962,person:도로시,도로시,관계,기준,person:하란 person:이사벨,,,시험을 통과했어도 '자격 없는 자는 낙원에 필요 없다'며 예전 동료만큼 움직이라 몰아붙이는,erelic:goddess_fall_mini,419,erelic:goddess_fall_mini_03,,,,,확실,확정
D963,person:도로시,도로시,관계,변화,person:하란 person:이사벨,예전 동료처럼 움직이라며 몰아붙이던,두둔받고 '이해해 줘서 고마워요'라 하는,,erelic:goddess_fall_mini,419,erelic:goddess_fall_mini_04,erelic:goddess_fall_mini_04,erelic:goddess_fall_mini,S277,F2329,확실,확정
D967,person:도로시,도로시,관계,변화,org:갓데스,그 시절로 돌아갈 수 없다며 이 스쿼드로 반드시 성공하겠다던,위업을 잇는 스쿼드를 이루고도 '허전해'라며 축하 자리를 떠나는 — 아직 실선을 넘지 못한 미련,,erelic:goddess_fall_mini,419,erelic:goddess_fall_mini_06,erelic:goddess_fall_mini_06,erelic:goddess_fall_mini,S277,F2331 F2333,확실,확정
D983,person:도로시,도로시,관계,기준,person:릴리바이스,,,남은 시간을 혼자 듣고 '이런 얘기를 할 수 있는 사람은 당신이 유일한데'라며 '죽지 마요' 하는 차기 리더,fl:ark_guardian,428,fl:ark_guardian_09,,,,,확실,확정
D987,person:도로시,도로시,신념,변화,,모두를 구하지 못하고 영웅 대접받을 자기가 싫은 자기혐오,지상에 남는 대신 어떤 형태로든 보상받게 해 달라고 약속을 받는,,fl:ark_guardian,428,fl:ark_guardian_18,fl:ark_guardian_09,fl:ark_guardian,S288,F2367,추정,확정
D1139,person:도로시,도로시,신념,변화,,지상에 남는 대신 보상받기로 약속받은,방주를 용서할 수 없다며 함께하자는 손을 뿌리치고 홀로 알아서 하겠다는,,ch45,450,d_main_45_09,d_main_45_09,ch45,S314,F2598,확실,확정
D1168,person:도로시,도로시,신념,변화,,방주를 용서할 수 없다며 홀로 알아서 하겠다는,"아무것도 남지 않아, 방주의 사람을 데리고 나가 낙원을 다시 만드는 것을 유일한 복수로 삼은 자포자기",,ch46,452,d_main_46_af_04,,,S319,F2643,확실,확정
D1173,person:도로시,도로시,신념,변화,,낙원을 다시 만드는 것을 유일한 복수로 삼은 자포자기,사과와 경의에 복수심이 무너져 '또 희망을 가지게 될 것' 같은,,ch46,452,d_main_46_af_06,d_main_46_af_06,ch46,S319,,확실,확정
D1175,person:도로시,도로시,관계,기준,person:엔더슨,,,살아 있던 옛 '지휘관'에게 울음을 터뜨리고 '다시 볼 수 있어서 다행'이라는,ch46,452,d_main_46_af_07,,,,,확실,확정
D1319,person:도로시,도로시,신념,변화,,사과에 복수심이 무너져 '또 희망을' 가질 것 같은,생중계로 몰리자 '할게요' — 3차 지상 탈환전의 선봉을 맡는,,ch47,470,d_main_47_07,,,S341,,확실,확정
D1348,person:도로시,도로시,신체,변화,,환각 속 피나와 대화하며 멀쩡한 듯 버티던,개량형 침식에 걸려 하늘로 몸을 던져 사라진,,ch48,472,d_main_48_07,,,S342,,확실,확정
D1346,person:도로시,도로시,신념,변화,,'할게요' — 선봉을 맡는,침식되자 방주로 데려가지 말라며 '용서할 수 있어서 다행'이라 턱에 총을 겨누는,,ch48,472,d_main_48_07,,,S342,,확실,확정
D1347,person:도로시,도로시,관계,변화,person:엔더슨,살아 있던 옛 '지휘관'에게 울음을 터뜨린,'믿을게요. 꼭 되돌려 주세요' — 총을 버리고 '예. 지휘관',,ch48,472,d_main_48_07,,,S342,,확실,확정
D236,person:도반,도반,신념,기준,,,,"아우터 림 사람은 사람이 아니라 내어줄 것이 없고, 방벽은 쓰레기를 버리려고 열어 둘 뿐이라 여긴다",ch22,195,d_main_22_09,,,,,확실,확정
D235,person:도반,도반,성격,기준,,,,"리미트를 푼 양산형을 '양산형은 양산형'이라 깔보고, 녹화를 위해 언더월드 퀸이 제 명령을 따랐다고 꾸미며, 막히면 '반역자는 모두 사형'을 외치고 니케 뒤로 숨는 부사령관",ch22,195,d_main_22_10,,,,,확실,확정
D315,person:도반,도반,관계,기준,person:엔더슨,,,"정작 중요한 때 아무것도 못 한 '무능한 놈'이라 엔더슨을 깔보며, 슈엔 · 필그림 처분을 두고 맞서는",ch25,241,d_main_25_04,,,,,확실,확정
D761,person:도반,도반,관계,기준,person:도로시,,,"목적 없이 필그림이 머물 리 없다며 부하를 닦달해 속내를 캐고, 그 누구도 '내 왕국'을 위협할 수 없다는",fl:boom_the_ghost,393,fl:boom_the_ghost_27,,,,,확실,확정
D1165,person:도반,도반,소속,변화,,아우터 림의 콜렉터,인식 칩으로 방주 시민 · 군인이 되어 부사령관까지 오른,,ch46,452,d_main_46_af_02,,,,F2637 F2638,확실,확정
D1164,person:도반,도반,신념,변화,,고향 아우터 림이 그리워 견학을 자원한,못 알아보고 구두를 닦는 아버지를 짓밟고 아우터 림을 증오하는,,ch46,452,d_main_46_af_02,,,,F2637,확실,확정
D1166,person:도반,도반,관계,변화,person:도로시,목적 없이 필그림이 머물 리 없다며 속내를 캐는,개인 원한은 없다며 공을 세우려 피나 흉내로 자극해 방주의 적으로 몰려는,,ch46,452,d_main_46_af_03,,,S319,F2642,확실,확정
D1170,person:도반,도반,신체,변화,,부사령관,버닝엄에게 머리를 맞아 즉사한,,ch46,452,d_main_46_af_05,,,S319,F2645,확실,확정
D91,person:드레이크,드레이크,성격,기준,,,,"'돼지와 다름없지 않나!' 하고 큰소리치지만 슈엔 · 잉그리드는 무섭다며 꼬리를 내리고, 엉뚱한 때 웃어 분위기를 푸는 메티스",ch11,53,d_main_11_01,,,,,확실,확정
D97,person:드레이크,드레이크,신체,변화,,전파를 몸으로 느끼는 메티스,침식되어 제압탄에 쓰러진 뒤 콜드 슬립에 보관됨,,ch12,59,d_main_12af_01,d_main_11_06_s,ch11,S28,F304 F310,확실,확정
D125,person:드레이크,드레이크,신체,변화,,침식된 채 콜드 슬립에 보관됨,슈엔이 손에 넣은 언체인드 탄환으로 기억 소거 없이 되살아남,,ch15,75,d_main_15af_02,d_main_14af_04,ch14,S36,F393 F395,확실,확정
D1799,person:드레이크,드레이크,신념,기준,,,,"'메티스의 드레이크'로만 기억되는 게 싫어, 자기 이름으로 메티스보다 유명해지려고 역사에 길이 남을 빌런이 되겠다는",char:101,92,ep:d_nikke_drake_01,,,,F476,확실,확정
D1798,person:드레이크,드레이크,관계,기준,person:지휘관,,,"'네놈'이라 부르며 빌런 연합에 끌어들이고, 다른 지원자를 다 내친 끝에 지휘관 하나만 연합원으로 데리고 다니며 '좀 더 진심을 담아 반응하라'고 다그치는",char:101,92,ep:d_nikke_drake_01,,,,,확실,확정
D160,person:드레이크,드레이크,관계,기준,person:라플라스,,,"'그 멍청한 놈'이라 퉁명스럽게 부르면서 지휘관에게 라플라스를 부탁하고, 빌런이 더 위대하다고 도발해 앞으로 끌어내려는",ch18,146,d_main_18_11,,,,,확실,확정
D619,person:드레이크,드레이크,관계,변화,person:라플라스,'그 멍청한 놈'이라 퉁명스럽게 부르며 지휘관에게 부탁하는,두 팔을 잃은 라플라스의 동력을 넘겨받아 배터리로 '맘껏 부려먹겠다'며 함께 싸우는,,ch36,360,d_main_36_09_e,,,,F1820,확실,확정
D644,person:드레이크,드레이크,관계,기준,person:슈엔,,,"슈엔이 무섭지만 견딜 수 있다며, 빌런 아닌 무언가가 되지 않게 공을 세워 슈엔을 멈춰 놓겠다는",ch37,373,d_main_37_01,,,,,확실,확정
D670,person:드레이크,드레이크,신체,변화,,언체인드 탄환으로 기억 소거 없이 되살아난,공중에서 파워 업해 '너무 강해진 느낌이 두렵다'고 할 만큼 세진,,ch38,375,d_main_38_08,,,,F1877,확실,확정
D876,person:드레이크,드레이크,관계,기준,person:지즈,,,자기를 끌어 올리려던 지즈를 뿌리쳐 살리고 '빌런 연합에 넣어주겠다'는,ch42,416,d_main_42_01,,,S270,F2213,확실,확정
D1775,person:드레이크,드레이크,관계,기준,person:그레이브,,,"관심 없다는 그레이브를 '그레그레'라 부르며 빌런 연합에 끌어들이려 해 와, 지원하자 감동해 바로 합격시키는",fl:great_villain_union,478,fl:great_villain_union_03,,,,,확실,확정
D1774,person:드레이크,드레이크,신체,변화,,공중에서 파워 업해 세진,인히비터를 없앤 대가로 과출력 때 전격이 불안정해진 — 낼 수 있는 힘은 맥스웰 · 라플라스와 비슷한,,fl:great_villain_union,478,fl:great_villain_union_08,,,S347,F2873,확실,확정
D1776,person:드레이크,드레이크,관계,변화,person:지즈,빌런 연합에 넣어 주겠다고 약속한,"압박 면접 끝에 첫 합격자로 받아들이고, 실수를 털어놓은 부하를 '이미 훌륭한 빌런'이라 감싸며 책임을 지는",,fl:great_villain_union,478,fl:great_villain_union_08,fl:great_villain_union_02,fl:great_villain_union,S347,,확실,확정
D1777,person:드레이크,드레이크,성격,변화,,큰소리치며 혼자 앞장서던,"처음으로 무력함을 느끼고 진중해져, 그동안 맥스웰 · 지휘관에게 의지했다며 지휘를 넘기고 연합을 해체하려는",,fl:great_villain_union,478,fl:great_villain_union_10,fl:great_villain_union_10,fl:great_villain_union,S347,,확실,확정
D1778,person:드레이크,드레이크,신념,변화,,최전방에서 혼자 격파하면 다 해결된다던,'함께 있을 때 의미가 있다'며 동료의 안전을 리더로서 책임지고 협동 공격을 이끄는,,fl:great_villain_union,478,fl:great_villain_union_13,fl:great_villain_union_11,fl:great_villain_union,S347,,확실,확정
D1779,person:드레이크,드레이크,관계,변화,person:지즈 person:그레이브,부하 · 수하로 부리던,'빌런 연합이 없었다면 해내지 못했다'며 공을 돌리고 '최고의 동료'라 부르는,,fl:great_villain_union,478,fl:great_villain_union_14,fl:great_villain_union_13,fl:great_villain_union,S347,F2906,확실,확정
D422,person:드릴리,드릴리,관계,기준,person:해머링,,,'그 멍청이'라 욕하면서도 걱정돼 미치겠다며 브리핑도 미루고 구하러 내달리는 동료,ch29,291,d_main_28_af_02,,,,,확실,확정
D424,person:드릴리,드릴리,관계,기준,person:지휘관,,,새로 투입된 셋만 행방불명인데 특수별동대만 멀쩡하다며 동료를 버리고 온 게 아니냐고 의심하는,ch29,291,d_main_29_01_s,,,,,확실,확정
D421,person:드릴리,드릴리,성격,기준,,,,"착해 빠진 해머링 곁에서 살아남으려 일부러 세진, 날 선 말투로 몰아붙이고 먼저 돌진하는 니케",ch29,291,d_main_29_08_e,,,,,확실,확정
D423,person:드릴리,드릴리,신념,기준,,,,양심을 버리면 누군가 상처받으니 당당하게 벌어 당당하게 산다 — 도움이 안 되는 걸 알아도 그래야 한다,ch29,291,d_main_29_08_e,,,,,확실,확정
D434,person:드릴리,드릴리,관계,변화,person:지휘관,동료를 버리고 온 게 아니냐 의심하던,곁에서 수정 더미를 함께 뒤지는 지휘관에게 해머링이 얼마나 소중한지 털어놓고 우는,,ch30,293,d_main_30_05,d_main_30_05,ch30,,,확실,확정
D1366,person:디젤,디젤,성격,기준,,,,"'네에~' 늘어지는 말투로 '우리 지휘관'을 아이 다루듯 챙기고 아무에게나 딸기맛 사탕을 입에 넣어 주는, 노래 못하는 상냥한 누나",char:72,93,ep:d_nikke_diesel_01,,,,,확실,확정
D1369,person:디젤,디젤,관계,기준,person:지휘관,,,"역 의자에서 잠든 지휘관을 덮어 주고 '어리광 귀여웠다' 놀리며 '누나'라 불러 보라고 장난치는, 동생을 대하듯 하는 누나",char:72,93,ep:d_nikke_diesel_01,,,,,확실,확정
D1371,person:디젤,디젤,관계,기준,person:브리드,,,"추모식에 가겠다며 '제가 리더에요'로 브리드의 만류를 누르고, 자기 대신 욕먹는 브리드를 걱정하며 스스로 가해자라 하는 브리드를 꾸짖는",char:72,93,ep:d_nikke_diesel_02,,,,,확실,확정
D1367,person:디젤,디젤,기억,기준,,,,"동생을 잃은 AFX 테러의 날에 묶여, 해마다 추모식 날이면 아무리 깨워도 깨어나지 못하고 위령비 앞에 끌려가면 기절한다",char:72,93,ep:d_nikke_diesel_03,,,,,확실,확정
D1368,person:디젤,디젤,기억,변화,,추모식 날 깨어나지 못하고 위령비 앞에서 기절하던,그날 하기로 한 것을 다 하고 위령비에서 동생에게 인사한 — 이젠 혼자서도 올 수 있다는,,char:72,93,ep:d_nikke_diesel_05,ep:d_nikke_diesel_04,char:72,,,확실,확정
D1370,person:디젤,디젤,관계,변화,person:지휘관,동생 같아 '누나'라 불러 보라던,'누나가 되긴 싫다'며 입을 맞추고 앞으로도 함께 있어 주길 바라는,,char:72,93,ep:d_nikke_diesel_05,ep:d_nikke_diesel_04,char:72,,,확실,확정
D280,person:디젤,디젤,신념,변화,,AFX 테러범에게 동생의 복수를 할 자격이 있다,쏘지 못하고 말려 준 솔린에게 '고마워요'라 하는,,ch24,219,d_main_24_02,d_main_24_02,ch24,,F1007,확실,확정
D2195,person:디젤,디젤,관계,변화,person:지휘관,'누나가 되긴 싫다'며 입을 맞추고 함께 있어 주길 바라던,"빡빡한 일정을 보고 쉴 때만이라도 편히 쉬게 하려 밤마다 찾아오다, 동생을 재우던 방식으로 곁에 누워 '동생과 닮았다' 하며 끌어안고, 잠든 지휘관에게 감사와 함께 앞으로 더 많은 걸 같이 하자는",,char:75,426,ep:d_nikke_diesel_wintersweets_05,ep:d_nikke_diesel_wintersweets_04,char:75,S285,,확실,확정
D2022,person:라이,라이,성격,기준,,,,"'내가 3학년 · 교실의 왕'이라며 동요를 틀고 간식을 먹고 싶은 만큼 먹으려는, '왜에?'를 달고 사는 어린애 같은 최고 학년",char:392,203,ep:d_nikke_rei_01,,,,,확실,확정
D2023,person:라이,라이,신념,기준,,,,선배들이 먼저 먹고 하던 걸 2학년 때 다 봐 왔으니 이제 3학년인 자기도 마음대로 해도 된다는 — 규칙보다 '암묵적인 룰',char:392,203,ep:d_nikke_rei_02,,,,,확실,확정
D2024,person:라이,라이,관계,기준,person:지휘관,,,유명한 임시 교사지만 간식 · 음악을 하지 말라고 혼내는 '선생님'이 진짜 싫다며 토라지고 반항하는,char:392,203,ep:d_nikke_rei_02,,,,,확실,확정
D2025,person:라이,라이,신념,변화,,3학년이면 하고 싶은 걸 다 해도 된다,아무리 선배라도 멋대로 하면 안 된다 — 후배들이 보고 배우고 책임도 져야 하니 간식도 음악도 스스로 줄이는,,char:392,203,ep:d_nikke_rei_05,ep:d_nikke_rei_04,char:392,,F944,확실,확정
D2026,person:라이,라이,관계,변화,person:지휘관,혼만 내는 선생님이 진짜 싫다,'지금은 선생님이 좋아' — 임시 교사가 끝나도 가지 말라며 울며 매달리는,,char:392,203,ep:d_nikke_rei_05,ep:d_nikke_rei_05,char:392,,F944,확실,확정
D1465,person:라이,라이,관계,기준,person:트리세라,,,"트리세라가 한 '3학년 2학기가 되면 파르페 먹으러 가자'는 약속을 기억하고, 그 때문에 맨 뒤 차례를 자청하며 기다린다",event_schooloflock,234,event_schooloflock_06_s,,,,,확실,확정
D1572,person:라이,라이,관계,기준,person:아인,,,"아인을 처음부터 친구로 여겨, 면담이 걱정돼 나루와 몰래 따라갔다가 엿듣는 학생을 찍고 '친구가 소문에 휩싸였는데 가만있을 수 없다'는",event_juveniledays,317,event_juveniledays_06_e,,,,,확실,확정
D2127,person:라이,라이,관계,변화,person:마리,'나 마리 버디 하기 싫어!' — 명령이라 어쩔 수 없이 버디를 해 주던,귀엽다고 해 주고 꿈을 응원해 줬다며 '특별히 최선을 다 해서 버디가 되어줄게' 하는,,char:832,324,ep:d_nikke_ce004_03_05,ep:d_nikke_ce004_03_05,char:832,S170,F1600,확실,확정
D1373,person:라푼젤,라푼젤,성격,기준,,,,"'하악 하악' 음란한 망상을 입에 달고 말실수를 하면서도, 위기에 처한 사람은 못 본 척 못하고 밤새 지켜 주는 다정한 순례자",char:221,94,ep:d_nikke_rapunzel_01,,,,,확실,확정
D1374,person:라푼젤,라푼젤,관계,기준,person:지휘관,,,모래 폭풍에 쓰러진 지휘관을 구해 '형제님'이라 부르며 망상을 늘어놓으면서도 하나뿐인 물을 양보하고 합류 지점까지 호위하는 구원자,char:221,94,ep:d_nikke_rapunzel_01,,,,,확실,확정
D1376,person:라푼젤,라푼젤,신념,기준,,,,"지상에서 외롭게 쓰러진 자매님들의 NIMPH를 로사리오에 모아, NIMPH가 기억하는 고향에 무덤을 만들어 주는 것을 자기 할 일로 삼는",char:221,94,ep:d_nikke_rapunzel_03,,,,,확실,확정
D1377,person:라푼젤,라푼젤,기억,기준,,,,"먼 과거와 최근 1년의 기억만 남기고 그 사이를 지우며, 과거를 지우면 5년은 기억할 수 있어도 갓데스가 그때 그곳에 있었다는 유일한 흔적이라 지우지 않는",char:221,94,ep:d_nikke_rapunzel_04,,,,,확실,확정
D1378,person:라푼젤,라푼젤,관계,기준,person:릴리바이스,,,"시종일관 무서운 표정으로 잔소리하면서도 누구보다 우리를 사랑해 준, 홍련도 한 수 접는 맏언니 리더로 기억한다",char:221,94,ep:d_nikke_rapunzel_04,,,,,확실,확정
D1375,person:라푼젤,라푼젤,관계,변화,person:지휘관,모래 폭풍에서 우연히 구한 '형제님',보면 마음이 편하고 그리움이 느껴진다며 선한 사람이라 축복하고 다시 만나자는,,char:221,94,ep:d_nikke_rapunzel_05,ep:d_nikke_rapunzel_03,char:221,,,확실,확정
D250,person:라푼젤,라푼젤,신념,변화,,죽은 이들의 목소리에 끌려 기도만 하며 죽음의 고요를 동경하는,먼저 떠난 이들의 고향을 찾아 주는 것을 자기 할 일로 정한,,event_overzone,200,event_overzone2_02_e,event_overzone1_05_s,event_overzone,S71,F918,확실,확정
D259,person:라푼젤,라푼젤,관계,기준,person:레드_후드,,,"도색 잡지로 자기를 부끄럽게 하며 놀리던 레드 후드가 싫었지만, 떠난 뒤엔 그 부끄러움마저 그립다는 동료",erelic:white_memory,201,erelic:white_memory_16,,,,,확실,확정
D349,person:라푼젤,라푼젤,성격,변화,,"금서를 처음 읽고 뺨을 때리는, 남이 하라는 대로 살아온 차기 여교황",'분열' 한마디에 '하악 하악' 하는 — 레드 후드가 '내 죄'라 한,뒤의 음흉한 농담(D142)의 시작 — 2_06_e#193-197 '최고의 변태가 되어보라',event_redash,251,event_redash1_06_e,event_redash1_04_e,event_redash,S102,,확실,확정
D412,person:라푼젤,라푼젤,관계,기준,person:마리안,,,'자매님'이라 부르며 지휘관은 거짓말하지 않으니 데리러 올 때까지 반드시 지켜 주겠다고 달래는 보호자,side:second_affection,288,side:second_affection_01,,,,,확실,확정
D1594,person:라푼젤,라푼젤,신념,변화,,부상자를 돌보며 V.T.C.가 곧 치료법을 내리라 믿던 갓데스의 성녀,"랩쳐는 무한하고 인류는 유한하니 판을 뒤집을 큰 것을 노려 먼저 인류의 희망이 되고, 침식 치료법을 반드시 찾겠다는",,char:226,342,ep:d_nikke_rapunzel_puregrace_05,ep:d_nikke_rapunzel_puregrace_03,char:226,S187,,확실,확정
D951,person:라푼젤,라푼젤,신체,변화,,황금 장벽으로 빔을 막던,두부 일부만 남고 산산조각 나 뇌만 보관된,,event_goddessfall1,418,event_goddessfall2_06_e,,,S273,F2315,확실,확정
D1328,person:라푼젤,라푼젤,신념,변화,,먼저 떠난 이들의 고향을 찾아 주는 것을 할 일로 정한,침식의 대도약이 사람의 손이었음을 알아 침식을 정복할 수 있다는,,ch48,472,d_main_48_03,,,S342,,확실,확정
D1327,person:라푼젤,라푼젤,관계,변화,person:레드_슈즈,'포기하지 마요'라 다독이던 동료,'살려 달라'는 애원에 '싫어요. 용서할 수 없어요',,ch48,472,d_main_48_03,,,S342,,확실,확정
D1329,person:라푼젤,라푼젤,신체,변화,,두부 일부만 남고 뇌만 보관된,바디 메이커로 되살아나 레드 슈즈 파츠의 타륜과 초진동 지팡이를 단,,ch48,472,d_main_48_06_e,,,S342,,확실,확정
D89,person:라플라스,라플라스,성격,기준,,,,'정의!' · '히어로의 사명'을 외치며 앞장서지만 덜렁대다 다리를 날려 먹고도 '사고였다'고 우기는 메티스 리더,ch11,53,d_main_11_03,,,,,확실,확정
D88,person:라플라스,라플라스,신념,기준,,,,"모든 니케는 인간을 지키는 히어로여야 지상을 탈환할 수 있고, 인간의 도움을 받는 니케는 '히어로 실격'이라 니케와 인간은 전우가 될 수 없다고 믿는다",ch11,53,d_main_11_05,,,,F294,확실,확정
D95,person:라플라스,라플라스,신체,변화,,촉수에 찔리고도 '경상'이라던 메티스 리더,침식되어 제압탄에 쓰러진 뒤 콜드 슬립에 보관됨,,ch12,59,d_main_12af_01,d_main_11_06_s,ch11,S28,F304 F310,확실,확정
D123,person:라플라스,라플라스,신체,변화,,침식된 채 콜드 슬립에 보관됨,슈엔이 손에 넣은 언체인드 탄환으로 기억 소거 없이 되살아남,,ch15,75,d_main_15af_02,d_main_14af_04,ch14,S36,F393 F395,확실,확정
D155,person:라플라스,라플라스,관계,기준,person:슈엔,,,'네가 우리를 믿어 주지 않았다면 계속 잠재적 범죄자로 낙인찍혀 어두운 방에 있었을 것'이라며 슈엔에게 고마워하는,ch18,146,d_main_18_05,,,,,확실,확정
D153,person:라플라스,라플라스,신념,변화,,모든 니케는 인간을 지키는 히어로여야 한다는,"무장이 전개되지 않자 'NIMPH가 없으니 히어로가 되지 못한다, 난 겁쟁이'라고 무너진",,ch18,146,d_main_18_07_e,d_main_18_05,ch18,S47,F698,확실,확정
D156,person:라플라스,라플라스,관계,변화,person:슈엔,슈엔의 믿음에 고마워하며 따르는,니케로 만들어 준 것에 감사하면서도 '날 위해서라는 이유로 정의에 어긋난 길을 가지 마라'고 약속을 받아 내는,,ch18,146,d_main_18af_02,d_main_18_07_e,ch18,S47,F704,확실,확정
D154,person:라플라스,라플라스,신념,변화,,NIMPH 없이는 히어로가 못 되는 겁쟁이라 자책하던,"'무섭지만 무서워하지 않겠다', 슈엔이 자기를 위해 악을 고르지 않게 어떤 공포 앞에서도 쓰러지지 않는 히어로가 되겠다고 맹세한",,ch18,146,d_main_18af_02,d_main_18_12_e,ch18,S47,F704,확실,확정
D1964,person:라플라스,라플라스,관계,기준,person:지휘관,,,"지휘관을 '버드 보이'라 부르며 문 열기는 '부탁'이라 우기고, 팔이 멈춰도 돌봐 주겠다는 그의 도움은 '히어로의 마지막 자존심'이라 사양하는",char:100,152,ep:d_nikke_laplace_03,,,,,확실,확정
D1965,person:라플라스,라플라스,관계,변화,person:지휘관,도움을 사양하는 '버드 보이',"회복을 '버드 보이 네 덕분'이라 하고, 지켜본 인간에 대한 생각을 털어놓는",,char:100,152,ep:d_nikke_laplace_04,ep:d_nikke_laplace_03,char:100,,,확실,확정
D1966,person:라플라스,라플라스,신념,변화,,인간은 약하니 히어로가 지킬 뿐 인간의 도움은 받지 않는다는,"인간은 생각보다 제법이라 인정하되, 작은 일이라도 곁에서 손을 잡아 혼자 두지 않고 직접 돕겠다는",,char:100,152,ep:d_nikke_laplace_05,ep:d_nikke_laplace_03,char:100,,F721,확실,확정
D613,person:라플라스,라플라스,신념,변화,,슈엔이 자기를 위해 악을 고르지 않게 쓰러지지 않는 히어로가 되겠다는,소중한 이라도 세상이 악이라 부르면 망설임 없이 처단한다 — 마음을 이미 정한,,ch35,358,d_main_35_09_s,,,,,확실,확정
D618,person:라플라스,라플라스,관계,변화,person:슈엔,'날 위해 정의에 어긋난 길을 가지 마라'고 약속을 받아 낸,슈엔이 악이 되지 않게 결과물인 자기가 길을 바로잡겠다며 두 팔을 잃고도 작전을 잇는,,ch36,360,d_main_36_09_e,,,,F1820,확실,확정
D669,person:라플라스,라플라스,신체,변화,,언체인드 탄환으로 기억 소거 없이 되살아난,공중에서 파워 업 파츠를 달아 출력 · 내구도가 '바보 같은 수준'으로 오른,,ch38,375,d_main_38_08,,,,F1877,확실,확정
D1302,person:라플라스,라플라스,신념,변화,,"골목 TV의 히어로만 빛나던, 악당에게 무릎 꿇지 않으려 맞기만 하던 소녀",도움을 외면한 니케들에게 버려진 뒤 힘을 얻어 '최강의 히어로'가 되겠다고 맹세한,,fl:project_matis,467,fl:project_matis_14,fl:project_matis_14,fl:project_matis,S340,F2786,확실,확정
D1305,person:라플라스,라플라스,관계,변화,person:슈엔,이름도 모르는 '히어로 만들어 주는 사람',자기를 믿어 준 슈엔을 위해서라도 시련을 이겨 내고 싶은,,fl:project_matis,467,fl:project_matis_16,fl:project_matis_15,fl:project_matis,S340,,확실,확정
D1304,person:라플라스,라플라스,신체,변화,,병약하고 왜소한 골목 소녀,1차 프로토타입 바디 생성의 첫 성공작,,fl:project_matis,467,fl:project_matis_17,,,S340,F2787,확실,확정
D1303,person:라플라스,라플라스,신념,변화,,최강의 히어로가 되겠다는,모든 니케가 히어로가 되어 약한 이가 도움을 청할 수 있는 세상 — 그것이 [정의]임을 증명해야 한다는,,fl:project_matis,467,fl:project_matis_23,,,S340,,확실,확정
D1306,person:라플라스,라플라스,관계,변화,person:슈엔,'날 믿어 준다면 너의 히어로가 되겠다'던,떨리는 손에 응답해 '네 곁에서 최강의 히어로로서 너의 자랑이 되겠다'는,,fl:project_matis,467,fl:project_matis_26,,,S340,,확실,확정
D2224,person:라플라스,라플라스,성격,변화,,'정의!'를 외치며 덜렁대고 앞장서기만 하는,"후배를 모아 가르치며, 날이 서지 않는 유리를 준비하고 겁먹은 브루스를 일으키려 일부러 악역을 맡는 '선배'",,char:103,468,ep:d_nikke_laplace_ultimatehero_04,ep:d_nikke_laplace_ultimatehero_01,char:103,,,추정,확정
D2,person:라피,라피,성격,기준,,,,"사망 보고가 오기 전까지 랑데부 포인트를 지키며 기다리는, 감정을 드러내지 않는 원칙주의자",ch00,1,d_main_01_03_s,,,,,확실,확정
D6,person:라피,라피,관계,기준,person:지휘관,,,"누군지 모르는 신임 지휘관을 긴급사태라며 곧바로 명령권자로 받아들이고, 깍듯한 존댓말로 명령을 기다리는 부하",ch00,1,d_main_01_03_s,,,,,확실,확정
D9,person:라피,라피,관계,변화,person:지휘관,초짜 지휘관을 올려 보냈다며 미덥지 않아 하는 부하,마리안을 구하자는 명령에 '해보자. 해보고 싶어' — 이 지휘관이 찾던 사람일지 기대를 걸기 시작,,ch01,2,d_main_01_07_s,d_main_01_07_s,ch01,S2,Q2,확실,확정
D18,person:라피,라피,신념,기준,,,,"니케는 인간이 아니라 큰 힘과 불멸을 가둔 병기 · 미지의 괴물이니, 지휘관이 연민 · 동정을 느낄 필요도 사람으로 봐 줄 필요도 없다고 여긴다",ch02,4,d_main_02af_04,,,,F41,확실,확정
D36,person:라피,라피,기억,기준,,,,기억 소거를 받았지만 아무것도 지워지지 않은 니케 — 지휘관의 명령으로 숨긴다,ch04,15,d_main_04af_04,,,,F88,확실,확정
D73,person:라피,라피,관계,변화,person:지휘관,이 지휘관이 찾던 사람일지 기대를 거는 부하,'몇 번이나 지키지 못했다'며 죽음으로 내몰 수 없다고 막아서고 몸으로 감싸 체온을 나누는 보호자,,ch07,31,d_main_07_06_e,,,S15,,추정,확정
D79,person:라피,라피,기억,변화,,기억 소거가 먹히지 않은 것을 지휘관의 명령으로 숨기는 니케,협력의 대가로 엔더슨 · 잉그리드에게 밝히고 몸과 뇌를 내놓겠다는 니케,,ch09,43,d_main_09af_06,,,S22,F259,확실,확정
D80,person:라피,라피,관계,기준,person:잉그리드,,,자기를 키운 교관 잉그리드에게 배운 말을 떠올리며 몸을 걸고 협력을 청하는 제자,ch09,43,d_main_09af_06,,,,,확실,확정
D1379,person:라피,라피,관계,변화,person:지휘관,긴급사태라 명령권자로 받아들인 신임 지휘관,'당신은 다르다' — 그 마음이 변하지 않는 한 자기와 카운터스가 끝까지 곁을 지키겠다는,,char:10,95,ep:d_nikke_rapi_05,ep:d_nikke_rapi_03,char:10,S40,,확실,확정
D1420,person:라피,라피,관계,기준,person:마리안,,,뇌세척된 마리안에게 '이렇게 된 데 우리 책임이 있다'며 교보재를 구해 다 같이 제대로 가르치자고 앞장서는,char:260,158,ep:d_nikke_marian_p_01,,,,,확실,확정
D300,person:라피,라피,신체,변화,,시크릿 바디를 풀 액티브한 라피,증기가 멎고 쓰러진 뒤 몸이 기괴하게 꿈틀거려 레드 후드가 라피였던 몸을 일으킨,,ch24,219,d_main_24af_03,d_main_24_14_e,ch24,,F1039,확실,확정
D329,person:라피,라피,신념,변화,,자기보다 가치 있는 레드 후드에게 다 넘겨주려던,동료와 인연 · 소중한 사람으로 채워져 자기로서 살겠다는,,ch26,246,d_main_26_07_e,,,,F1123,확실,확정
D331,person:라피,라피,관계,변화,person:지휘관,몸으로 감싸 지키는 보호자,도로시의 손을 잡은 지휘관의 손을 떼어 내고 '필요하면 제 손을 잡으라'는,,ch26,246,d_main_26_07_e,d_main_26_04,ch26,,,확실,확정
D330,person:라피,라피,신체,변화,,레드 후드가 일으킨 몸,제 몸으로 돌아왔지만 레드 후드 발동(비장의 수)이 사라지고 코어 근처에 미약한 에너지가 남은,,ch26,246,d_main_26_08,,,,F1131,확실,확정
D337,person:라피,라피,성격,변화,,감정을 드러내지 않는 원칙주의자,"구형 울트라쯤은 '나라면, 더더욱' 잡는다며 자신감을 드러내는",,ch26,246,d_main_26_12_s,,,,,추정,확정
D381,person:라피,라피,관계,변화,person:지휘관,'필요하면 제 손을 잡으라'며 곁을 지키는,"따로 만든 계정 '피라'로 단둘이 지상에 가자는 사적인 부탁을 하고, 돌아와 기쁘다는 말에 '저도 그렇다'는",,sub:피라_00,250,sub:피라_00,,,,,확실,확정
D382,person:라피,라피,기억,변화,,협력의 대가로 레드 후드를 밝히고 몸과 뇌를 내놓겠다는,"레드 후드가 완전히 떠난 뒤에도 그 무의식이 남아, 처음 와 보는 고향에서 깊은 그리움을 느끼는",,sub:피라_00,250,sub:피라_00,,,S128,,확실,확정
D385,person:라피,라피,성격,변화,,감정을 드러내지 않는 원칙주의자,지휘관의 권력 이야기에 흔들리는 아니스에게 '마음은 변하기 마련'이라 다독이고 '나도 변했거든'이라 말하는,,ch28,275,d_main_28_02,,,,,확실,확정
D441,person:라피,라피,신체,변화,,레드 후드 발동(비장의 수)이 사라진,머리가 붉게 타오르며 오버히트 없이 안정된 레드 후드를 다시 쓰는,,ch30,293,d_main_30_07_e,d_main_30_07_e,ch30,,F1411,확실,확정
D442,person:라피,라피,관계,기준,person:그레이브,,,아나키오르를 지키는 그레이브를 '다음엔 놓치지 않겠다'고 노리는,ch30,293,d_main_30_af_01,,,,,확실,확정
D498,person:라피,라피,관계,변화,person:그레이브,아나키오르를 지키는 그레이브를 추적해 관째 파괴하자는,"먼저 공격받지 않으면 싸우지 않고, 오해였다면 사과하겠다는",,ch31,308,d_main_31_09_e,d_main_31_08,ch31,,,확실,확정
D505,person:라피,라피,성격,변화,,감정을 드러내지 않는,진 것을 인정하지 않고 베히모스가 쓰러진 모습을 봐야겠다고 드러내 말하는,,ch32,310,d_main_32_06_s,,,,,확실,확정
D508,person:라피,라피,관계,변화,person:지휘관,단둘이 지상에 가자고 사적으로 부탁할 만큼 가까워진,"말뚝 작전에 '진짜 멋져' 감탄하고, 일으키며 팔 핏줄에 끌리는 — 베스티가 '엉큼해졌다'",,ch32,310,d_main_32_08_e,,,,,추정,확정
D516,person:라피,라피,관계,변화,person:은화,미안해서 피해 다니며 말 한마디 없던,말없이 떠난 것을 사과하고 '또 보자'로 끝맺은,,ch32,310,d_main_32_af_02,d_main_32_04,ch32,,,확실,확정
D535,person:라피,라피,관계,기준,person:신데렐라,,,'왕자님이라고 불러'라는 신데렐라에게 '싫어. 지휘관은 지휘관이야'라 맞서는,ch33,334,d_main_33_01,,,,,확실,확정
D546,person:라피,라피,성격,변화,,'내 문제'라며 속을 말하지 않고 무리하던,동료에게 처음으로 열등감 · 질투를 털어놓고 '이기고 싶어'라 말하는,,ch34,336,d_main_34_03,d_main_34_02,ch34,,,확실,확정
D549,person:라피,라피,관계,변화,person:그레이브,"아나키오르를 지키는 그를 노리다, 오해면 사과하겠다던","긴 세월 이상을 이룬 그를 질투하다, 계승의 뜻을 물어 배우는",,ch34,336,d_main_34_05,d_main_34_03,ch34,,,확실,확정
D547,person:라피,라피,신념,변화,,레드 후드가 되지 못해 계승을 포기하고 아무것도 남지 않았다던,"레드 후드가 되는 대신 이어받아 자기 길을 가며, 동료와 함께 '[나]'를 채워 가겠다는",,ch34,336,d_main_34_09_e,d_main_34_05,ch34,,F1648,확실,확정
D548,person:라피,라피,신체,변화,,오버히트 없이 레드 후드를 쓰는,"변신해, 진짜 모습을 드러낸 세븐스 드워프로 베히모스를 꿰뚫는",,ch34,336,d_main_34_09_e,d_main_34_09_e,ch34,,F1655 F1657,확실,확정
D586,person:라피,라피,성격,변화,,입력된 대처법대로만 움직이던,처음 제 의지로 결과를 낸 데 고양되어 '다른 것도 해볼 수 있을까' 하는,,event_footstepwalkrun1,350,event_footstepwalkrun1_04_e,event_footstepwalkrun1_04_s,event_footstepwalkrun1,S196,,확실,확정
D587,person:라피,라피,신념,변화,,평생 병상에 누워 원하는 게 무슨 소용이냐던,희망이 허무함을 알아 의미 없는 삶이 끝나기만 바라는,,event_footstepwalkrun1,350,event_footstepwalkrun1_06_e,event_footstepwalkrun1_06_s,event_footstepwalkrun1,S196,,확실,확정
D588,person:라피,라피,관계,기준,person:레드_후드,,,"연도를 묻는 붉은 니케를 경계하며 존댓말로 대하고, 양산형이라 이름 같은 건 없다고 하는",event_footstepwalkrun1,350,event_footstepwalkrun1_06_e,,,,,확실,확정
D589,person:라피,라피,관계,변화,person:레드_후드,대가 없는 호의가 불편해 떠나 주기를 바라던,죽거나 망가지지 않을 것 같아 '네가 되고 싶다'고 청하는,,event_footstepwalkrun1,350,event_footstepwalkrun2_03_e,event_footstepwalkrun2_03_e,event_footstepwalkrun1,S197,,확실,확정
D590,person:라피,라피,신념,변화,,의미 없는 삶이 끝나기만 바라던,'살라'는 말대로 살아 반드시 레드 후드가 되겠다는,,event_footstepwalkrun1,350,event_footstepwalkrun2_06_s,event_footstepwalkrun2_05_e,event_footstepwalkrun1,S197,,확실,확정
D592,person:라피,라피,관계,변화,person:지휘관,'나를 이끌어 줄 누군가'를 찾아 떠돌던,이어받은 힘 · 동료 · 이끌어 줄 지휘관이 있어 실패할 이유가 없다며 앞으로 할 일을 생각하는,,event_footstepwalkrun1,350,event_footstepwalkrun2_06_e,,,,,확실,확정
D2141,person:라피,라피,신념,변화,,"식사는 먹는 행위만 있으면 된다 여기고, 생기는 욕구는 업무로 생각을 비우며 참던",자기가 욕심도 하고 싶은 것도 많은 사람이었다며 '앞으로는 라피로서 하고 싶은 것들을 하면서 살아 보고 싶다'는,,char:16,352,ep:d_nikke_rapi_redhood_05,ep:d_nikke_rapi_redhood_01,char:16,S200,F1767,확실,확정
D2140,person:라피,라피,관계,변화,person:지휘관,"지휘관을 지키려 늘 다섯 걸음 앞장서 경계하고, 보고 싶은 마음도 환기 · 일정 확인 핑계로 감추던","'보고 싶어서 왔다'고 털어놓고 손을 잡고 나란히 걸으며, 하고 싶은 건 모두 지휘관이 있어야 할 수 있다며 안아 봐도 되겠냐고 청하는",,char:16,352,ep:d_nikke_rapi_redhood_05,ep:d_nikke_rapi_redhood_01,char:16,S200,,확실,확정
D600,person:라피,라피,관계,변화,org:앱솔루트,말없이 떠난 옛 스쿼드,"잘 마무리 짓고 '이젠 라이벌, 저희가 이긴다'는",,ch35,358,d_main_35bf_04,d_main_34_04,ch34,,,확실,확정
D603,person:라피,라피,관계,변화,person:아니스,오래 함께 다닌 동료,지금은 전력 외라 냉정히 보면서도 굉장해져 돌아오리라 믿고 보내 주는,,ch35,358,d_main_35bf_05,,,,,확실,확정
D607,person:라피,라피,신념,변화,,'살라'는 말대로 살아 레드 후드가 되겠다는,헬레틱이라도 목적을 듣고 동료가 될 수 있다며 모든 가능성을 열어 두는,,ch35,358,d_main_35_02,,,,F1801,확실,확정
D608,person:라피,라피,관계,변화,person:신데렐라,'왕자님이라고 불러'에 '싫어'로 맞서는,"세이렌이 변했을까 겁내는 그녀에게 '네가 해 준 이야기를 부정하지 마, 믿어'라 북돋는",,ch35,358,d_main_35_03,,,,,확실,확정
D615,person:라피,라피,성격,변화,,처음 제 의지로 결과를 내고 '다른 것도 해볼 수 있을까' 하던,"무표정한 얼굴로 '동료가 아니야, 연인이다' 같은 농담을 던지는",,ch36,360,d_main_36_01,,,,,확실,확정
D620,person:라피,라피,관계,변화,person:지휘관,이어받은 힘 · 동료 · 이끌어 줄 지휘관이 있어 실패할 이유가 없다던,레드 후드를 닮은 '오지랖의 화신'이라 부르며 그 오지랖의 길에 함께하겠다는,,ch36,360,d_main_36_09_e,,,,,확실,확정
D655,person:라피,라피,관계,기준,person:레비아탄,,,대화하러 다가가는데 오해하고 죽이려 드는 '건방진 꼬맹이'에 짜증 난다며 혼내 대화할 마음이 들게 하겠다는,ch37,373,d_main_37_08_e,,,,,확실,확정
D657,person:라피,라피,성격,변화,,무표정한 얼굴로 농담을 던지는,'힘을 써서 협상 테이블에 앉히겠다' — 지금까지 참았던 과격함을 드러내는,,ch38,375,d_main_38_01_s,,,S221,,확실,확정
D668,person:라피,라피,관계,변화,person:레비아탄,오해하고 죽이려 드는 '건방진 꼬맹이'를 혼내 대화할 마음이 들게 하겠다는,베히모스를 지키려 막아서는 모습에 드릴을 거두고 '대화하자'고 하는,,ch38,375,d_main_38_08,,,,,추정,확정
D756,person:라피,라피,관계,기준,person:도로시,,,"크루즈에 같이 가자고 막무가내로 조르며 '아가씨'라 놀리고, 레드 후드 이야기를 미끼로 끌어내는",fl:boom_the_ghost,393,fl:boom_the_ghost_02,,,,,확실,확정
D757,person:라피,라피,관계,변화,person:도로시,레드 후드 이야기로 끌어내 놀리는 상대,잘못된 선택을 하면 앞을 막아서겠다는 친구,,fl:boom_the_ghost,393,fl:boom_the_ghost_24,fl:boom_the_ghost_23,fl:boom_the_ghost,S243,,확실,확정
D853,person:라피,라피,관계,변화,person:레비아탄,베히모스를 지키는 모습에 드릴을 거두고 '대화하자'던,'뼛속부터 배신자'라며 대화를 그만두고 끝을 보자는,,ch41,414,d_main_41_07,,,S268,,확실,확정
D854,person:라피,라피,신념,변화,,헬레틱이라도 동료가 될 수 있다며 모든 가능성을 열어 두던,대화로 열릴 가능성을 애써 무시하고 할 일만 하겠다는,,ch41,414,d_main_41_07,,,S268,,확실,확정
D881,person:라피,라피,관계,기준,person:온리_원,,,"자기 어린 시절 모습을 한 그것을 '넌 뭐냐'며 드릴로 찢고, 옛 몸이 재료가 된 데 '썩 유쾌하진 않다'는",ch42,416,d_main_42_02,,,S270,F2214,확실,확정
D882,person:라피,라피,관계,변화,person:온리_원,자기 모습을 한 적이라 드릴로 꿰뚫으려던,"'안아 줘'에 드릴을 거두고 끌어안아 울고, '엄마'라 부르자 '그래. 엄마야' 받아 주는",,ch42,416,d_main_42_af_08,d_main_42_af_07,ch42,,F2246 F2248,확실,확정
D880,person:라피,라피,관계,변화,person:레비아탄,'뼛속부터 배신자'라며 대화를 그만두고 끝을 보자는,"'뻔뻔하다' 쏘아붙이면서도, 순순해졌다고 놀리며 이제 우리 편으로 받아들이는",,ch42,416,d_main_42_af_08,d_main_42_05,ch42,,,확실,확정
D1037,person:라피,라피,기억,변화,,고향에서 레드 후드의 그리움을 느끼던,스노우 화이트를 보자 영문 모를 눈물이 멈추지 않는,,ch44,436,d_main_44_06,,,S297,F2426,확실,확정
D1169,person:라피,라피,관계,변화,person:도로시,잘못된 선택을 하면 앞을 막아서겠다는 친구,정 원한다면 친구로서 같이 도반을 죽이고 짊어지겠다는,,ch46,452,d_main_46_af_04,,,S319,,확실,확정
D2096,person:람,람,성격,기준,,,,"자기를 '람'이라 부르며 손님에게도 반말로 '감사하며 먹도록 해'라 하고, 주인은 로즈월뿐이라며 메이드 카페의 애교를 거부하는 오만한 메이드 — 위기에서는 공범을 간파해 시선을 끄는 냉정한 판단을 한다",char:822,284,ep:d_nikke_ce_003_03_01,,,,,확실,확정
D49,person:랩칠리언,랩칠리언,관계,기준,person:지휘관,,,처음 송신이 닿은 지휘관을 '친구!'라 부르며 랩쳐를 좋아하게 해 주겠다고 지상으로 불러내는 들뜬 동물 애호가,sub:랩칠리언_00,13,sub:랩칠리언_00,,,,,확실,확정
D48,person:랩칠리언,랩칠리언,신념,기준,,,,"랩쳐는 지상에 새로 생긴 동물이고, 인간과 랩쳐를 가르는 것은 '[랩쳐는 우리와 다르다]는 편견'뿐이라 믿는다",sub:랩칠리언_00,13,sub:랩칠리언_00,,,,,확실,확정
D51,person:랩칠리언,랩칠리언,관계,변화,person:지휘관,랩쳐 관찰에 불러내는 '친구',목숨이 걸린 순간 먼저 구조를 청하고 도주를 도와준 데 감사하는 사이,,sub:랩칠리언_06,143,sub:랩칠리언_06,sub:랩칠리언_05,sub:랩칠리언_05,,,확실,확정
D373,person:랩칠리언,랩칠리언,신념,변화,,랩쳐와 인간을 가르는 것은 편견뿐이라 믿는,"대부분의 랩쳐는 아직 소통할 준비가 안 됐다며, 더 소중한 친구들을 위해 웨일리로 랩쳐를 깔아뭉개는",,ch27,270,d_main_26af_01,,,,,확실,확정
D372,person:랩칠리언,랩칠리언,관계,변화,person:지휘관,구조와 도주를 도와준 데 감사하는 사이,'내 가장 소중한 친구'라 부르며 손수 그린 [바깥]의 지도를 선물하는 사이,,ch27,270,d_main_26af_01,,,,,확실,확정
D765,person:랩칠리언,랩칠리언,관계,기준,person:레비아탄,,,"헬레틱을 만난 것을 행운이라 외치고, 소통에 장벽이 없으니 친구가 될 수 있다며 친구가 되어 달라 하는",ch39,396,d_main_39_02,,,,,확실,확정
D780,person:랩칠리언,랩칠리언,신념,변화,,대부분의 랩쳐는 아직 소통할 준비가 안 됐다던,본능이 사라진 랩쳐는 새 종일 뿐이라 서로 믿으면 대화로 화합할 수 있다고 확신하는,,relic:정갈하게쓴기록,397,relic:정갈하게쓴기록_02,relic:정갈하게쓴기록_02,relic:정갈하게쓴기록,S249,F2068,확실,확정
D563,person:레드_슈즈,레드 슈즈,성격,기준,,,,늘 '후후' 웃으며 실망한 동료들을 감싸고 에이브에게 '따뜻한 위로 한마디면 충분해요'라 일러 주는 다정한 조율자,event_oldtales1,338,event_oldtales1_02_s,,,,,확실,확정
D565,person:레드_슈즈,레드 슈즈,관계,기준,person:신데렐라,,,"잠 못 드는 출격 전야에 차를 건네고 팬이라 말하지 말고 대등하게 서라 조언하는, 부러움을 숨기지 않는 동료",event_oldtales1,338,event_oldtales1_02_e,,,,,확실,확정
D567,person:레드_슈즈,레드 슈즈,관계,기준,person:라푼젤,,,냉정하게 승산을 묻는 레드 슈즈에게 라푼젤이 '포기하지 마요 · 레드 슈즈도 인류의 희망이 돼 줘요'라 당부하고 떠나는 사이,event_oldtales1,338,event_oldtales2_intermission_01,,,,,확실,확정
D564,person:레드_슈즈,레드 슈즈,신념,기준,,,,"인간일 때부터 니케를 모두 침식시켜 랩쳐를 아군으로 삼는 [화합 · 공존]을 꿈꾸고, 그것을 퍼뜨리려 포스트 갓데스가 되려 했다",event_oldtales1,338,event_oldtales2_intermission_01,,,,,확실,확정
D566,person:레드_슈즈,레드 슈즈,관계,변화,person:신데렐라,출격을 응원하던 다정한 동료,'아나키오르'라 부르며 모든 것을 알려 달라 매달리고 상징으로 받드는 광신자,,event_oldtales1,338,event_oldtales2_intermission_01,event_oldtales2_03_e,event_oldtales1,,,확실,확정
D581,person:레드_슈즈,레드 슈즈,신체,변화,,고기동 부스터 무장 [레드 슈즈]를 단 2세대,"코어가 꿰뚫려 죽고, 잘린 두 다리는 어둠 속으로 사라진",,event_oldtales1,338,event_oldtales2_intermission_01,event_oldtales2_intermission_01,event_oldtales1,,F1683,확실,확정
D1325,person:레드_슈즈,레드 슈즈,신념,변화,,니케를 침식시켜 랩쳐를 아군 삼는 [화합 · 공존]을 꿈꾸던,"라푼젤의 몸으로 '이번에야말로 헬레틱이 되고 싶다' — 지금 세계는 랩쳐의 것, 이단은 당신들 쪽이라는",,ch48,472,d_main_48_03,,,S342,,확실,확정
D1326,person:레드_슈즈,레드 슈즈,신체,변화,,코어가 꿰뚫려 죽고 다리만 사라진,무장에 숨긴 인격 데이터마저 황금빛에 삼켜져 사라진,,ch48,472,d_main_48_03,,,S342,,확실,확정
D317,person:레드_후드,레드 후드,성격,기준,,,,"'돌겠네'라며 투덜대는 거친 말투로, 구운 감자를 먹고 싶다는 아가씨를 위해 모닥불을 피우는 시원시원한 니케",ch25,241,d_main_25_08_e,,,,,확실,확정
D318,person:레드_후드,레드 후드,관계,기준,person:라피,,,"라피의 친구인지 스승인지 동료인지 애매하다며, 라피는 '여기'(제 가슴)에 있다는",ch25,241,d_main_25_08_e,,,,F1109,확실,확정
D321,person:레드_후드,레드 후드,신념,기준,,,,"죽은 과거의 사람이 지금을 사는 사람의 것을 빼앗을 수 없다며, 깨어나자마자 주사를 맞아 몸을 돌려주려 한다",ch26,246,d_main_26_02_s,,,,F1117,확실,확정
D322,person:레드_후드,레드 후드,관계,기준,person:도로시,,,"100년 만의 옛 동료에게 '살아온 방향이 다르다'며 할 말이 없다 하고, 곧 죽을 자기와 너무 얘기하지 말자며 거리를 둔다",ch26,246,d_main_26_03_e,,,,,확실,확정
D323,person:레드_후드,레드 후드,관계,기준,person:지휘관,,,"지휘관을 '미남'이라 부르며 짓궂게 농을 걸고, 고향에 가면 '너의 소중한 라피'를 꼭 돌려주겠다고 약속한다",ch26,246,d_main_26_04,,,,,확실,확정
D327,person:레드_후드,레드 후드,관계,변화,person:도로시,거리를 두던 옛 동료,"갓데스의 이름으로 꾸짖으며 총을 쏘아 막고, 그래도 '용서하면 된다 · 넌 할 수 있어'라 북돋는",,ch26,246,d_main_26_07_e,d_main_26_07_s,ch26,,,확실,확정
D328,person:레드_후드,레드 후드,신체,변화,,라피의 몸을 빌려 깨어난,인젝션 건을 스스로 맞고 라피에게 몸을 돌려준 뒤 완전히 사라진,,ch26,246,d_main_26_07_e,,,S100,F1129 F1131,확실,확정
D345,person:레드_후드,레드 후드,관계,기준,person:스노우_화이트,,,"'우리 귀여운 스노우'라며 헤드락을 걸고 놀리는, 짓궂지만 아끼는 언니 같은 친구",event_redash,251,event_redash_prologue,,,,,확실,확정
D350,person:레드_후드,레드 후드,신념,변화,,동료들이 울며 자기를 쏘는 걸 보기 싫어 고향에서 혼자 조용히 죽겠다던,도망치듯 헤어진 걸 자책하고 '자랑스러운 동료'로 작별하러 돌아가는,,event_redash,251,event_redash2_04_e,event_redash2_03_e,event_redash,S103,F1169,확실,확정
D1484,person:레드_후드,레드 후드,관계,변화,person:스노우_화이트,'우리 귀여운 스노우'라며 놀리던,"'그 꼬마가' 믿음직한 리더가 됐다니 웃고, 너무 보고 싶지만 흔들릴까 봐 연락을 마다하는",,char:470,254,ep:d_nikke_RedHood_05,,,S109,,확실,확정
D1482,person:레드_후드,레드 후드,신념,변화,,'자랑스러운 동료'로 작별하러 돌아가던,다 채웠으니 보고 싶은 동료도 만나지 않고 라피에게 사는 재미를 돌려주겠다는,,char:470,254,ep:d_nikke_RedHood_05,,,S109,F1196,확실,확정
D1483,person:레드_후드,레드 후드,관계,변화,person:지휘관,'미남'이라 놀리며 라피를 돌려주겠다고 약속하던,'미남. 너도 살아. 산다는 건 좋은 거야'라고 당부하는,,char:470,254,ep:d_nikke_RedHood_05,,,S109,,확실,확정
D1514,person:레드_후드,레드 후드,관계,기준,person:홍련,,,"'검객'이라 부르며 놀리다가, 저격탄을 베어 내는 홍련에게 신이 나 시간이 끝나도 저녁까지 더 해 보자는",char:225,262,ep:d_nikke_hongryeon_blackshadow_03,,,,,확실,확정
D562,person:레드_후드,레드 후드,관계,변화,person:라피,몸을 돌려주고 라피 안에서 완전히 떠난,"라피의 정신 공간에 나타나 레비아탄을 튕겨 내고, 주먹을 맞대 진짜로 작별한",,ch34,336,d_main_34_09_e,,,,F1655,확실,확정
D591,person:레드_후드,레드 후드,관계,변화,person:라피,연도를 물은 처음 보는 양산형,소원을 들어주다 가진 모든 것을 넘겨주겠다는 스승,,event_footstepwalkrun1,350,event_footstepwalkrun2_04_s,event_footstepwalkrun2_03_e,event_footstepwalkrun1,S197,,확실,확정
D506,person:레비아탄,레비아탄,성격,기준,,,,"'꺄하하' 놀리며 다그치고, 감상은 소용없다며 '죽어도 쓸 수 있다'는 실리만 따지는",ch32,310,d_main_32_07,,,,,확실,확정
D507,person:레비아탄,레비아탄,관계,기준,person:베히모스,,,지루해하는 베히모스에게 땅굴 가까운 곳을 맡기고 산책 다닌 것을 다그치는 잔소리꾼 동료,ch32,310,d_main_32_07,,,,,확실,확정
D542,person:레비아탄,레비아탄,관계,기준,person:지휘관,,,"'언체인드를 가진 남자'를 귀하다며 데려가려다, 헬레틱 이야기를 꺼내자 겁먹고 '이거 죽여'라 외치는",ch33,334,d_main_33_07,,,,F1637,확실,확정
D543,person:레비아탄,레비아탄,관계,변화,person:베히모스,산책을 다그치는 잔소리꾼 동료,"'살려 줘'라 부르고, 두 동강 난 몸의 반을 넘겨 쓰러진 그를 되살리는",,ch33,334,d_main_33_10_e,,,,F1639,확실,확정
D556,person:레비아탄,레비아탄,신념,기준,,,,"도망치고 숨고 기다려 온 데 '자존심 상한다, 창피하다'며 리벤지를 고집하는",ch34,336,d_main_34_01_s,,,,,확실,확정
D557,person:레비아탄,레비아탄,관계,기준,person:라피,,,"'빨간 머리로 변하던 애, 라피' 이름까지 외워 동료로 삼으려 정신 붕괴로 무너뜨리려는",ch34,336,d_main_34_09_e,,,,,확실,확정
D604,person:레비아탄,레비아탄,관계,변화,person:베히모스,'살려 줘'라 부르고 몸의 반을 넘겨 되살린,지켜 준 베히모스를 이젠 자기가 지키겠다며 혼자 언체인드를 노리러 나서는,,ch35,358,d_main_35_06,d_main_34_08,ch34,,,확실,확정
D614,person:레비아탄,레비아탄,관계,변화,person:지휘관,'언체인드를 가진 남자'를 데려가려다 겁먹고 죽이라 외치던,베히모스를 살리려 원하는 것만 얻으면 끝이라며 임시 동료 거래를 받아들인,,ch36,360,d_main_36_01,,,,F1807,확실,확정
D616,person:레비아탄,레비아탄,관계,기준,person:세이렌,,,"머릿속을 억지로 읽고 버렸다며 '착취하는 쪽과 당하는 쪽'이라 하다, 바보같이 다 주기만 한 친구였음을 털어놓는",ch36,360,d_main_36_07_s,,,,F1815,확실,확정
D617,person:레비아탄,레비아탄,관계,변화,person:지휘관,베히모스를 살리려 임시 동료 거래를 받아들인,"베히모스가 다시 멈추자 '배신했다, 유사 인간 따위 믿는 게 아니었다'며 코어를 안고 달아난",,ch36,360,d_main_36_09_s,,,,F1819,확실,확정
D634,person:레비아탄,레비아탄,관계,변화,person:세이렌,헬레틱이라 겁주며 '죽이지 마'라 숨던,애칭 '레비'를 받고 돌아갈 곳 없는 서로 같이 있자고 청하는,,side:mudfish,370,side:mudfish_04,side:mudfish_03,side:mudfish,S216,,확실,확정
D633,person:레비아탄,레비아탄,성격,변화,,겁에 질려 말을 더듬고 헬레틱 행세로 사람을 쫓아내던,세이렌 곁에서 처음 '꺄하하' 소리 내 기쁘게 웃는,,side:mudfish,370,side:mudfish_05,,,S216,,확실,확정
D631,person:레비아탄,레비아탄,신체,변화,,양산형 동료들과 자원 수집을 나가던 방주 니케 LEV-20765,검은 물웅덩이의 물을 마셔 머리에서 검은 물이 흐르고 얼굴 · 이름을 잃은,,side:mudfish,370,side:mudfish_07,,,,F1844,확실,확정
D632,person:레비아탄,레비아탄,소속,변화,,방주로 돌아가던 양산형 스쿼드의 니케,괴물이라 쫓겨 헬레틱 행세로 버티며 해변 동굴에 숨어 사는 외톨이,,side:mudfish,370,side:mudfish_07,,,,F1845,확실,확정
D635,person:레비아탄,레비아탄,관계,변화,person:세이렌,함께 지내며 물거품을 배우는,"지레 포기한 것을 사과하고 '배신 안 해, 날 믿어줘'라 청하는",,side:mudfish,370,side:mudfish_08,,,S216,,확실,확정
D637,person:레비아탄,레비아탄,신념,변화,,'나 같은 게 할 수 있을 리 없다'며 희망 고문하지 말라던,세이렌이 그랬듯 이 힘을 선하게 쓰겠다고 다짐하는,,side:mudfish,370,side:mudfish_09,side:mudfish_08,side:mudfish,S216,,확실,확정
D638,person:레비아탄,레비아탄,신체,변화,,머리에서 검은 물이 쉼 없이 흘러 매일 닦아 내던,물거품을 알게 된 뒤 검은 물이 흐르지 않고 손끝에 검은 물방울을 빚는,,side:mudfish,370,side:mudfish_10,,,S216,F1847,확실,확정
D636,person:레비아탄,레비아탄,관계,변화,person:세이렌,함께 싸우자며 믿어 달라 한,공포로 망설여 세이렌을 잃고 '날 믿어준 세이렌을 배신했다'며 제 얼굴을 내리치는,,side:mudfish,370,side:mudfish_14,,,S216,F1849,확실,확정
D653,person:레비아탄,레비아탄,신체,변화,,거대화를 못 하는 포비스트,언체인드 피를 뒤집어쓰고 반만 거대화한 미완성 상태,,ch37,373,d_main_37_08_e,,,,F1866,확실,확정
D659,person:레비아탄,레비아탄,관계,기준,person:지즈,,,"구해 온 지즈를 마구 때리며 다그치다가, 지즈가 울자 '뚝, 미안해' 달래고 지난 일을 털어놓는",ch38,375,d_main_38_02,,,,,확실,확정
D672,person:레비아탄,레비아탄,신념,변화,,세이렌이 그랬듯 이 힘을 선하게 쓰겠다던,자기는 소중한 것을 버리는 배신자라 협력해도 배신할 거라며 울부짖는,,ch38,375,d_main_38_09_s,,,,F1879,확실,확정
D766,person:레비아탄,레비아탄,관계,기준,person:랩칠리언,,,랩쳐와 친구라는 말을 '믿으라고?' 하며 무슨 속셈인지 보겠다고 따라가는,ch39,396,d_main_39_02,,,,,확실,확정
D784,person:레비아탄,레비아탄,관계,변화,person:랩칠리언,속셈을 보겠다며 따라다니던,지휘관과 오랜 친구라는 말에 '우릴 갖다 바치려고'라며 걷어차고 달아나는,,ch40,398,d_main_40_05,d_main_40_05,ch40,S250,,확실,확정
D787,person:레비아탄,레비아탄,신념,변화,,자기는 배신자라 협력해도 배신할 거라던,배신할까 · 배신당할까 불안해 아무와도 관계를 맺지 않고 모두 적으로 싸우는 게 편하다는,,ch40,398,d_main_40_10,d_main_40_10,ch40,S250,F2083,확실,확정
D788,person:레비아탄,레비아탄,관계,변화,person:지즈,구해 온 지즈를 다그치고 달래던,지즈가 자기를 위해 거대화를 참아 왔음을 알고 제 몸을 바쳐 지즈를 살려 달라는,,ch40,398,d_main_40_11,d_main_40_10,ch40,S250,F2084,확실,확정
D789,person:레비아탄,레비아탄,신체,변화,,베히모스의 코어를 안고 다니던,제 몸을 베히모스에게 먹여 아이처럼 작게 웅크린,,ch40,398,d_main_40_11,d_main_40_11,ch40,S250,F2084,확실,확정
D848,person:레비아탄,레비아탄,관계,변화,person:지즈,지즈가 거대화를 참아 왔음을 알고 제 몸을 바쳐 살려 달라던,숨긴다고 고생했다며 처음 '구해줘서 고마워'라 하고 마음껏 날뛰라 보내는,,ch41,414,d_main_41_01,,,S268,,확실,확정
D849,person:레비아탄,레비아탄,관계,변화,person:지휘관,'우릴 갖다 바치려고'라며 걷어차고 달아나던,정수를 채취해 인질로 잡되 '죽이기 찝찝하다'는,,ch41,414,d_main_41_01,,,S268,,확실,확정
D857,person:레비아탄,레비아탄,관계,변화,person:세이렌,공포로 망설여 세이렌을 잃고 배신했다며 제 얼굴을 치던,살아 돌아온 세이렌 앞에 쪼그려 앉고 떨며 뒷걸음치는,,ch41,414,d_main_41_08,,,S268,,확실,확정
D871,person:레비아탄,레비아탄,관계,기준,person:바하무트,,,"맨날 무시하고 바보라 놀렸지만, 삼켜지자 빈말이라도 똑똑하다 해 줄걸 · 책과 안경을 선물 못 했다고 후회하는",ch42,416,d_main_42_03,,,,,확실,확정
D867,person:레비아탄,레비아탄,신념,변화,,배신할까 불안해 아무와도 관계 맺지 않고 모두 적으로 싸우는,머리가 터질 것 같다며 '죽으면 돼'라 글러트니의 입 앞에 멈춰 선,,ch42,416,d_main_42_03,d_main_42_03,ch42,S270,F2219,확실,확정
D868,person:레비아탄,레비아탄,관계,변화,person:세이렌,살아 돌아온 세이렌 앞에 쪼그려 떨며 뒷걸음치는,배신자라 자책하다 '내 등불'이라 부르며 울며 사과하는,,ch42,416,d_main_42_04,d_main_42_04,ch42,S270,F2221,확실,확정
D869,person:레비아탄,레비아탄,신체,변화,,거대화하지 못하던,세이렌을 꺼내려 처음으로 거대화한,,ch42,416,d_main_42_04,d_main_42_04,ch42,S270,F2222,확실,확정
D870,person:레비아탄,레비아탄,관계,변화,person:지휘관,정수를 채취해 인질로 잡되 '죽이기 찝찝하다'는,계속 대화하자 해 준 데 고마워하며 대화하겠다는,,ch42,416,d_main_42_05,d_main_42_04,ch42,S270,F2223,확실,확정
D872,person:레비아탄,레비아탄,신념,변화,,'죽으면 된다'며 혼자 끝내려던,"절대 배신 안 하겠다며 편에 서고, 만든 아이의 힘을 반드시 선한 곳에 쓰겠다는",,ch42,416,d_main_42_af_08,d_main_42_04,ch42,,F2249,확실,확정
D1162,person:레비아탄,레비아탄,관계,기준,person:온리_원,,,우리가 멋대로 만든 아이라 싸움과 관계없는 세계에서 즐겁게만 살게 하고 싶었다며 우는,ch46,452,d_main_46_09,,,,F2626,확실,확정
D1518,person:레오나,레오나,관계,기준,person:지휘관,,,지휘관을 '사육사님'이라 부르며 밤늦게 찾아와 '사육사님이 아니면 물어볼 곳이 없다'고 기대는,event_lionheart,263,event_lionheart_01_s,,,,,확실,확정
D1517,person:레오나,레오나,성격,기준,,,,"보호소가 신고로 또 닫혀도 '난 정말 괜찮아, 우리 애들이 더 걱정'이라며 자기보다 동물을 먼저 챙기는, 부드럽고 바라는 것 없는 성격",event_lionheart,263,event_lionheart_01_s,,,,,확실,확정
D1520,person:레오나,레오나,신념,변화,,멸종 위기 맹수를 데려와 방주 보호소에서 훈련하고 보존하던,맹수는 맹수로서 지상에서 살아야 한다며 맡은 아이들을 모두 풀어 주는,,event_lionheart,263,event_lionheart_06_s,event_lionheart_03_s,event_lionheart,S120,F1251,확실,확정
D1521,person:레오나,레오나,관계,변화,person:티미,손바닥만 한 새끼 때부터 돌보다 지상에 놓아 보낸,제 발로 돌아와 곁을 택한 티미를 영원한 파트너로 지키겠다는,,event_lionheart,263,event_lionheart_06_e,event_lionheart_06_e,event_lionheart,S120,,확실,확정
D2089,person:레오나,레오나,관계,변화,person:티미,보호소에서만 자란 티미가 야생 사자들 틈에서 짝을 찾을 수 있을지 의심하던,"처음으로 강한 의지를 보인 티미를 '충분히 멋진 사자'라 북돋우고, 재촉도 걱정도 않고 믿고 기다리겠다며 혼자 보내는",,char:382,264,ep:d_nikke_leona_04,ep:d_nikke_leona_03,char:382,S121,F1255,확실,확정
D2090,person:레오나,레오나,관계,변화,person:지휘관,티미 일을 '사육사님이 아니면 물어볼 사람이 없다'며 기대던,"티미를 보고 용기를 얻어, 강하고 매력 있는 남자에게 이끌린다며 지상의 마지막 밤 본능에 몸을 맡겨 보자고 다가가는",,char:382,264,ep:d_nikke_leona_05,ep:d_nikke_leona_05,char:382,S121,F1256,확실,확정
D2123,person:레이,레이,성격,기준,,,,"표정 없이 '응' · '모르겠어'로만 답해 속을 알 수 없지만, 좋은 건 '좋았어'라고 솔직하게 말하는",char:831,323,ep:d_nikke_ce004_02_05,,,S388,,확실,확정
D2153,person:레이_(가칭),레이 (가칭),성격,변화,,"좋아하는 게 뭔지 '모르겠어' · '어째서?'만 되묻고, 웃으라는 말에 '이렇게?'라던","제 손으로 피운 꽃을 보고 '마음이 따끈따끈했다'며 웃고, 먼저 같이 사진을 찍자 하고 꽃들에게 '모두 고마워'라 하는",,char:834,364,ep:d_nikke_ce005_01_05,ep:d_nikke_ce005_01_03,char:834,S210,F1824,확실,확정
D2169,person:레이븐,레이븐,신념,기준,,,,"어디서든 '인형'은 진정한 목적도 모른 채 허울 좋은 소리에 눈이 멀어 목숨을 바친다며, 그런 것을 살리려는 일도 미련하다고 비웃는",char:851,390,ep:d_nikke_ce006_02_02,,,S239,,확실,확정
D2170,person:레이븐,레이븐,관계,변화,person:콤,'고철 로봇'이라 비웃으며 한 시간만 기다려 주고 그 뒤엔 미련째 썰어 버리겠다던,"'귀찮은 걸 치운 것뿐'이라며 검으로 잔해를 베어 길을 터 주고, '네 복수를 이루러' 함께 나서는",,char:851,390,ep:d_nikke_ce006_02_05,ep:d_nikke_ce006_02_04,char:851,S239,,확실,확정
D1003,person:레이블,레이블,기억,기준,,,,"니케가 되기 전 기억이 없고, 일 뒤엔 기억 소거를 받지만 판결의 기억만은 홀로 짊어진 — 그것이 가장 큰 벌인",fl:sin_editor,430,fl:sin_editor_00,,,S290,F2383,확실,확정
D997,person:레이블,레이블,성격,기준,,,,"밖이 무서워 어둡고 축축한 방에 스스로를 가두고, 커피 · 금서 같은 미끼에만 손을 내미는 '크흐흐' 웃는 은둔자",fl:sin_editor,430,fl:sin_editor_04,,,,,확실,확정
D998,person:레이블,레이블,관계,기준,person:지휘관,,,"기사로만 본 '방주의 영웅'을 몇 해 동안 자기를 꺼내 줄 구원자로 기다리며 모든 것을 조사해 온, 붉은 실의 운명이라 믿는 집착",fl:sin_editor,430,fl:sin_editor_04,,,,,확실,확정
D1000,person:레이블,레이블,관계,기준,person:아르카나 person:팬텀,,,처음 따뜻함을 준 두 동료를 자기 탓에 기억 소거당하게 한 죄책감으로 문을 닫고 피해 다니는,fl:sin_editor,430,fl:sin_editor_04,,,,,확실,확정
D1002,person:레이블,레이블,신념,기준,,,,'저 하나만 나쁘면 모두가 행복해진다 · 누군가는 해야 하는 일' — 지상을 탈환할 날까지 진실을 덮어 사람들의 희망을 지키는,fl:sin_editor,430,fl:sin_editor_12,,,,,확실,확정
D999,person:레이블,레이블,관계,변화,person:지휘관,구원자로 떠받들면서도 자기 일은 숨기던,짐을 털어놓고 '앞으로도 영원히 함께해 줘요' — 집착이 더 심해진,,fl:sin_editor,430,fl:sin_editor_12,fl:sin_editor_11,fl:sin_editor,,,확실,확정
D1001,person:레이블,레이블,관계,변화,person:아르카나 person:팬텀,둘을 피해 다니던,용기를 내 다가가 내민 손을 잡고 다시 모인,,fl:sin_editor,430,fl:sin_editor_13,fl:sin_editor_12,fl:sin_editor,,,확실,확정
D2202,person:레이블,레이블,성격,변화,,늘 변수를 예상 못 해 무너지고 '포기는 빠른 편'이라던,'끝날 때까지 모르는 일'이라는 말에 먼저 포기하지 않겠다며 다시 힘내는,,char:582,431,ep:d_nikke_label_03,ep:d_nikke_label_03,char:582,S291,,확실,확정
D2203,person:레이블,레이블,관계,변화,person:지휘관,구원자로 떠받들며 데이트를 망상 · 계획으로만 그리던,"처음 사적으로 함께한 날 '자료 조사' 핑계로 호텔에서 입술이 스치고, 다음을 약속받은",,char:582,431,ep:d_nikke_label_05,ep:d_nikke_label_04,char:582,S291,,확실,확정
D1686,person:레인,레인,신념,기준,,,,"고아인 자기들이 즐겁고 평화롭게 살 방법은 입양 하나뿐이라, 동생이 바깥을 따라가려 하면 '배신'이라 다그치는",fl:lie_cause_recoil,438,fl:lie_cause_recoil_17,,,,,확실,확정
D1687,person:레인,레인,관계,기준,person:제니퍼,,,"'원장 선생님 이름 함부로 부르지 마'라며 숙제를 못 해 혼난 것을 남 탓하고, 버려지는 순간에도 돌아와 입양시켜 주리라 믿는",fl:lie_cause_recoil,438,fl:lie_cause_recoil_20,,,,,확실,확정
D2100,person:렘,렘,성격,기준,,,,정중한 존댓말로 소다의 실수를 하나하나 조용히 바로잡고 손님의 입맛까지 헤아리는 유능한 메이드 — 그러면서도 언니 람을 완벽한 본보기로 삼아 자기는 아직 미숙하다고 여긴다,char:820,286,ep:d_nikke_ce_003_01_01,,,,,확실,확정
D338,person:로망티스트,로망티스트,관계,변화,person:지휘관,낚싯대를 구해 달라는 메신저 의뢰인,"낚싯대를 맡기고 출소하면 꼭 같이 낚시 가자고 약속한, 로-망을 아는 동지",,sub:로망티스트_01,247,sub:로망티스트_01,sub:로망티스트_01,sub:로망티스트_01,,,확실,확정
D207,person:로산나,로산나,성격,기준,,,,"이그조틱을 '들개'라 경멸하고 머스탱에게 '뒤통수라도 치면 어쩌려고' 도발하며, 보스도 아닌데 퀸은 꼭 되어야겠다는 야심가",event_cherryblossom,183,event_cherryblossom_intermission_01,,,S58,,확실,확정
D230,person:로산나,로산나,관계,기준,person:사쿠라,,,"사쿠라를 '규수'라 부르고 '망나니'라 불리며 으르렁대지만, 같은 첩보로 함께 연기를 꾸미는 동업자",ch22,195,d_main_22_04_e,,,,,확실,확정
D229,person:로산나,로산나,신념,기준,,,,"아우터 림과 뒷세계를 보호하는 것이 언더월드 퀸의 일이라, 엔터 헤븐이 학살당하지 않게 보호비라는 명분으로 몸을 던진다",ch22,195,d_main_22_06,,,,,확실,확정
D1436,person:로산나,로산나,관계,기준,person:지휘관,,,"다친 몸으로 지휘관실에 와 '미스터'를 데리고 다니며, 무슨 일이 있어도 무사히 집으로 돌려보내 주겠다는 — 지켜야 할 양지의 인간",event_queensorder,207,event_queensorder_02_e,,,,,확실,확정
D1437,person:로산나,로산나,관계,변화,person:지휘관,지켜서 돌려보낼 양지의 인간,인간 · 니케 생을 통틀어 두 번째로 목을 맡기는 이 — '배신하지 마',,event_queensorder,207,event_queensorder_intermission_01,event_queensorder_03_e,event_queensorder,S76,,확실,확정
D1440,person:로산나,로산나,관계,기준,person:목단,,,"비밀리에 움직이는 데 끼우면 다 들킨다며 '바보는 원래 잘 안 죽거든'이라 빼놓고, 위로는 받지 않으면서도 콘실리에리를 찾아 준 데엔 '바보치고 꽤 괜찮은 일'이라 하는",event_queensorder,207,event_queensorder_05_s,,,,,확실,확정
D1439,person:로산나,로산나,신념,변화,,아우터 림과 뒷세계를 지키는 것이 언더월드 퀸의 일,질서를 명분으로 허락받되 아우터 림의 안전은 알 바 없다 — 내 패밀리를 건드리면 피에는 피가 로산나의 질서,,event_queensorder,207,event_queensorder_06_s,event_queensorder_05_s,event_queensorder,S76,F955,추정,확정
D1438,person:로산나,로산나,관계,변화,person:지휘관,목을 맡긴 동행,아무에게도 말하지 않은 패밀리 묘지를 보여 준 '공범' — 사랑한 만큼 증오로 복수하겠다는,,event_queensorder,207,event_queensorder_epilogue,event_queensorder_06_e,event_queensorder,S76,,확실,확정
D2037,person:로산나,로산나,관계,변화,person:지휘관,패밀리 묘지를 보여 준 '공범' — 양지의 인간이라 거리를 두려는,"'처음이라고, 이런 건' — 남자 하나를 지키겠다고 설치는 자신을 인정하고 애인이 되어 달라 청하는",,char:280,208,ep:d_nikke_rosanna_04,ep:d_nikke_rosanna_03,char:280,,F962,확실,확정
D2038,person:로산나,로산나,관계,변화,person:지휘관,지켜 주겠다며 애인이 되어 달라 청한,"30분 만에 '내 남자'가 쏘이자 지키는 법을 몰랐다고 인정하고 동등한 복수를 약속하며, 병실을 둘의 방으로 만드는 연인",,char:280,208,ep:d_nikke_rosanna_05,ep:d_nikke_rosanna_04,char:280,,F962 F963,확실,확정
D407,person:로산나,로산나,관계,기준,person:D,,,D를 '도끼 살인마' · '도끼녀'라 부르며 재수 없다고 으르렁대면서도 이웃으로 엮였으니 손잡자고 제안하는,event_killthelord,282,event_killthelord_03_e,,,,,확실,확정
D408,person:로산나,로산나,관계,변화,person:D,재수 없는 도끼녀,'여전히 재수 없지만 이번만큼은 진심으로 고맙다',,event_killthelord,282,event_killthelord_epilogue,event_killthelord_epilogue,event_killthelord,,,확실,확정
D483,person:로산나,로산나,관계,기준,person:바이퍼,,,"'독사'라 부르며 남의 것을 제 것처럼 탐내는 욕심뿐이라 깔보고, 덤비자 깔아뭉개 핸드폰까지 부수는",event_beautyfullshot1,305,event_beautyfullshot2_03_s,,,,,확실,확정
D484,person:로산나,로산나,관계,변화,person:바이퍼,독사라 깔보고 깔아뭉개던,여전히 싫다면서 제 핸드폰을 주고 서핑 · 보트 운전을 가르치는 — '사진 정도는 같이 찍을 수 있는',,event_beautyfullshot1,305,event_beautyfullshot2_intermission,event_beautyfullshot2_intermission,event_beautyfullshot1,S157,,확실,확정
D487,person:로산나,로산나,관계,변화,person:사쿠라,'규수' · '망나니'로 으르렁대는 동업자,'어땠어' 묻고 '너무 좋았다'는 말에 '나도 그래' 하며 목단 · 부하들과 여기서 여름휴가를 보내자는,,event_beautyfullshot1,305,event_beautyfullshot2_06_e,event_beautyfullshot1_03_s,event_beautyfullshot1,S157,,추정,확정
D2115,person:로산나,로산나,관계,변화,person:지휘관,지키는 법을 몰랐다고 인정하고 동등한 복수를 약속한 연인,"단둘이 있으면 '쓸데없는 이야기'를 하게 된다며 지상에서 흔들리는 속내와 아무에게도 한 적 없는 인간 시절 이야기를 비밀로 털어놓고, 꿈 같은 하루가 끝나는 걸 아쉬워하는",,char:283,307,ep:d_nikke_rosanna_chicocean_04,ep:d_nikke_rosanna_chicocean_03,char:283,S159,F1521,추정,확정
D86,person:롬,롬,성격,기준,,,,"'_'로 끊어 말하며 컨테이너와 유물을 무엇보다 지키고, 랩쳐 앞에서 호들갑을 떨지만 '오랜만에 사람 봐서 좋았다, 시끌벅적해서 좋았다'는 외로운 지상 로봇",sub:롬_00,49,sub:롬_00,,,,,확실,확정
D87,person:롬,롬,관계,변화,person:지휘관,구해 준 지휘관에게 다음에 같이 유물을 찾자는 로봇,카운터스와 가족사진을 찍어 제2의 방주 벽에 걸고 '이제 허전하지 않다'는 사이,,sub:롬_02,163,sub:롬_02,,,,,확실,확정
D722,person:롬,롬,관계,기준,person:콤,,,"고철산에 멈춰 있던 콤을 '동료'라며 끌고 오고 '롬 선배인가', '살려 주는 건가'라 반긴다",event_ce006,387,event_ce006_1_02_e,,,,,확실,확정
D720,person:롬,롬,신념,기준,,,,"콤이 무의미하다 해도 '제2의 방주는 가치 있는 곳, 롬이 하는 일 가치 있다'고 맞선다",event_ce006,387,event_ce006_1_03_e,,,,,확실,확정
D718,person:롬,롬,기억,기준,,,,"유물을 모아 제2의 방주를 만드는 게 해야 할 일이라는 것만 알고, 왜인지는 기억하지 못한다",event_ce006,387,event_ce006_1_05_e,,,S234,,확실,확정
D719,person:롬,롬,기억,변화,,유물을 모으는 까닭을 기억 못 하던,추첨권 없던 가족과 '제2의 방주를 만들어 달라'던 딸의 소원을 떠올린,,event_ce006,387,event_ce006_2_04_e,event_ce006_2_04_e,event_ce006,S234,F1997,확실,확정
D721,person:롬,롬,신념,변화,,가족이 없는데 내 일은 무의미한가 묻던,가족은 없어도 롬이 기억하니 그렇게 이어진다며 제2의 방주를 계속 만드는,,event_ce006,387,event_ce006_2_04_e,event_ce006_2_04_e,event_ce006,S234,,확실,확정
D723,person:롬,롬,소속,변화,,지상에서 홀로 유물을 모으던 로봇,카운터스 명예 대원이 되어 주둔지 01을 베이스캠프로 제2의 방주를 만드는,,event_ce006,387,event_ce006_2_06_e,event_ce006_1_05_s,event_ce006,S234,F1999,확실,확정
D55,person:루드밀라,루드밀라,성격,기준,,,,'이 몸' · '그대'라 하며 여왕을 자처하고 지휘관을 '시종'으로 삼는 연극조 니케 — 속으로는 상대를 날카롭게 떠보며 웃어넘긴다,ch05,20,d_main_05_04_e,,,,,확실,확정
D57,person:루드밀라,루드밀라,관계,기준,person:지휘관,,,"니케와 지휘관은 주종 관계라며 '동료'라는 말을 떠보다가, '동료는 동료일 뿐'이라는 답에 '진짜를 주운 모양'이라 인정한다",ch05,20,d_main_05_07,,,,,확실,확정
D56,person:루드밀라,루드밀라,관계,기준,person:앨리스,,,앨리스의 하트의 여왕 이야기에 맞춰 '여왕님'이 되어 주며 지켜보는 보호자 — 지휘관에게 앨리스를 어떻게 대할지부터 확인한다,ch05,20,d_main_05_07,,,,,확실,확정
D61,person:루드밀라,루드밀라,신념,기준,,,,"새로운 만남은 서로 다른 세계의 만남이니, 이질감과 두려움이 아무리 커도 상대가 살아온 소중한 세계를 절대 부수지 말라고 믿는다",ch06,26,d_main_06_05,,,,,확실,확정
D1800,person:루드밀라,루드밀라,기억,기준,,,,"니케가 된 지 너무 오래되어 가문을 소중히 여겼는지조차 기억하지 못하면서도, 가문의 편지를 과거의 자신을 잇는 마지막 끈이라 놓지 못하는",char:190,96,ep:d_nikke_ludmilla_03,,,,F512,확실,확정
D1801,person:루드밀라,루드밀라,기억,변화,,과거의 자신을 잇는 끈이라 가문의 편지를 놓지 못하던,인간 루드밀라의 수술 서약서에서 좋아하는 차가 그대로인 것을 보고 '변한 건 아무것도 없었다'며 끈을 끊는 답장을 쓰는,,char:190,96,ep:d_nikke_ludmilla_04,ep:d_nikke_ludmilla_04,char:190,,F512 F514,확실,확정
D1802,person:루드밀라,루드밀라,관계,변화,person:지휘관,'진짜가 되려면 아직 멀었다'며 답장을 거절하던 시종,좋아하는 차를 귀하게 가져온 지휘관을 '진짜 시종'이라 인정하고 '이 몸이 졌다'는,,char:190,96,ep:d_nikke_ludmilla_04,ep:d_nikke_ludmilla_04,char:190,,F514,확실,확정
D1967,person:루드밀라,루드밀라,관계,기준,person:네베,,,"잠버릇만은 못 고친 네베를 두고 '맡은 일을 착실히 하니 잠 따위는 문제 되지 않는다, 이곳에 딱 어울리는 인재'라 감싸고, 북극곰 찾기를 말리지 않고 지켜보는",char:193,154,ep:d_nikke_neve_01,,,,F731,확실,확정
D1499,person:루드밀라,루드밀라,관계,기준,person:토브,,,"다소 엉뚱하지만 지휘관을 지키는 데 도움이 될 거라며 붙이고, 첫 구조라 초조한 신입을 '평정심을 유지하라'고 다독이는",event_alonesurvivor,256,event_alonesurvivor_01_s,,,,,확실,확정
D1500,person:루드밀라,루드밀라,관계,변화,person:토브,엉뚱한 신입을 믿어 주려던,"품에 안긴 토브에게 '수고했다, 고맙다' 하고 이 일을 업으로 삼을 수 있겠느냐 묻는",,event_alonesurvivor,256,event_alonesurvivor_06_e,,,S111,,확실,확정
D2081,person:루드밀라,루드밀라,관계,변화,person:토브,기계의 안정성을 믿지 않아 토브의 급조 도구도 미덥지 않게 보던,"어떤 역경에도 임기응변할 토브의 재능을 인정해, 그 [다름]으로 언리미티드의 허점을 메워 달라는",,char:192,257,ep:d_nikke_tove_05,ep:d_nikke_tove_05,char:192,S112,F1211,확실,확정
D1509,person:루드밀라,루드밀라,관계,기준,person:미카,,,"벨로타와 다툰 미카에게 덩굴과 나무처럼 서로 보듬는 것이 친구라 일러 주고, 어린 소녀들의 우정을 위해 파티를 열어 주는 어른",event_neverland1,258,event_neverland1_04_s,,,,,확실,확정
D1510,person:루드밀라,루드밀라,신념,변화,,가문이 건너건너 고아원을 후원한다고만 듣고 살피지 않았던,과거의 어른과 현재의 어른은 다르다는 걸 보여 주겠다며 과거의 반복을 막으려는,,event_neverland1,258,event_neverland2_04_s,event_neverland1_04_s,event_neverland1,S113,,확실,확정
D2082,person:루드밀라,루드밀라,신념,변화,,가문의 빚을 갚듯 혼자 설온장을 완벽히 관리하며 부치지 못한 편지로 스스로 고귀함을 증명하는지 되묻던,"선의도 상대에게 전해지지 않으면 자기만족이라며 관리를 나누기로 하고, 편지를 태워 받아야 했을 이들에게 보내는",,char:194,259,ep:d_nikke_ludmilla_winterowner_05,ep:d_nikke_ludmilla_winterowner_03,char:194,S115,F1224,확실,확정
D2083,person:루드밀라,루드밀라,관계,변화,person:지휘관,편지 이야기를 '시종이 신경 쓸 건 아니다'라며 혼자 품던,편지 대신 이제는 지휘관을 볼 때마다 스스로 고귀함을 증명하는지 생각하겠다며 둘만의 시간을 청하는,,char:194,259,ep:d_nikke_ludmilla_winterowner_05,ep:d_nikke_ludmilla_winterowner_04,char:194,S115,,확실,확정
D1593,person:루마니,루마니,관계,기준,person:지휘관,,,"지휘관을 '회원님'이라 부르며 멘탈케어 · 중재를 맡길 사람으로 제일 믿음직하다 여기고, 만날 때마다 런지 · 버피 100개를 시키는",event_lifeagain,332,event_lifeagain_01_s,,,,,확실,확정
D1591,person:루마니,루마니,성격,기준,,,,"웬만해선 회원에게 지지 않는 직설가 — '불쌍하다'를 받아치고 일부러 약을 올려 승부욕을 자극하지만, 한 번 맡은 회원은 절대 포기하지 않는 트레이너",event_lifeagain,332,event_lifeagain_01_s,,,,,확실,확정
D1592,person:루마니,루마니,신념,기준,,,,"근육병을 이기지 못했던 자기 대신 누군가 극복하는 걸 보고 싶다며, 노력과 근성만 있으면 안 되는 건 없다고 믿는",event_lifeagain,332,event_lifeagain_01_s,,,,,확실,확정
D2134,person:루마니,루마니,관계,변화,person:지휘관,진지하지 않을 회원에겐 시간을 안 쓴다며 자세도 안 봐 주던 트레이너와 '회원님',자기 운동법이 옳다는 걸 증명하겠다는 그에게 반해 먼저 '사귀어요'라 고백한 연인,,char:240,333,ep:d_nikke_rumani_05,ep:d_nikke_rumani_03,char:240,,,확실,확정
D2129,person:루주,루주,관계,변화,person:지휘관,제 불운이 옮을 수 있다며 '정말 위험하면 바로 얘기해 달라'고 조심스레 도움을 받던,"방에 틀어박힌 자기를 끌어내고 믿어 준 지휘관에게 말로 다 못할 감사와 행운의 주사위를 주고, '모든 것을 다 파악했다'며 무조건 이기겠다고 웃는",,event_jinxplayer,325,event_jinxplayer_06_e,event_jinxplayer_05_e,event_jinxplayer,,F1603,확실,확정
D2128,person:루주,루주,신념,변화,,"자기 불운이 남에게 옮을까 두려워 불운을 막는 징크스를 쌓고, 이겨도 '제가 운이 더 좋았다'고 여기던",게임에서 중요한 건 실력이고 운은 일상에 100퍼센트 영향을 주지 않는다 — 뒷면이 나와도 두렵지 않고 '이기는 게 재밌다'는 초심을 되찾은,,event_jinxplayer,325,event_jinxplayer_epilogue,event_jinxplayer_04_e,event_jinxplayer,,F1602 F1603,확실,확정
D2130,person:루주,루주,신념,변화,,동전 뒷면인 날엔 불운이 손님에게 넘어갈까 떨며 '오늘의 저는 프로로서 자격이 없었다'고 숨던,"실력으로 하는 게임에선 불운이 넘어가지 않음을 확인하고, 뒷면인 날에도 손님을 마주 보며 불운과 싸우는 걸 '새로운 게임'처럼 즐기는",,char:272,327,ep:d_nikke_rouge_05,ep:d_nikke_rouge_04,char:272,S389,F1606,확실,확정
D2131,person:루주,루주,관계,변화,person:지휘관,게임 마스터로서 상대해 드리는 손님 '플레이어님' — 무너진 모습을 보이자 사과하고 자리를 피하던,혼자가 아니라 버틸 수 있다며 함께 불운을 시험해 준 지휘관에게 심리전 농담을 걸고 '다음 뒷면이 나올 때 또 같이 게임해 달라'고 청하는,,char:272,327,ep:d_nikke_rouge_05,ep:d_nikke_rouge_03,char:272,S389,,확실,확정
D821,person:루주,루주,관계,기준,person:지휘관,,,"지휘관을 '플레이어님'이라 부르며 보안 구역 일은 감싸 주되, 돕는 것은 동전에 맡기는",fl:coins_in_rush,404,fl:coins_in_rush_05,,,,,확실,확정
D820,person:루주,루주,성격,기준,,,,도울지 말지를 동전의 앞뒷면에 맡기고 '저는 행운을 따라가는 것뿐'이라는 게임 마스터,fl:coins_in_rush,404,fl:coins_in_rush_05,,,,,확실,확정
D822,person:루주,루주,관계,변화,person:지휘관,행운을 따라 돕는 것뿐인 게임 마스터,월권을 무릅쓰고 직원 20여 명을 불러 '제대로 된 도움'을 드리려는,,fl:coins_in_rush,404,fl:coins_in_rush_22,,,,,확실,확정
D1267,person:루크,루크,관계,기준,person:아크레인저_블랙,,,'왜 호프는 안 구했냐 · 힘도 없으면서 히어로라 하지 마 · 가짜 주제에' — 호프의 카드를 내치는 쌍둥이,fl:ark_ranger,462,fl:ark_ranger_20,,,S335,F2739,확실,확정
D1268,person:루크,루크,관계,변화,person:아크레인저_블랙,가짜라며 원망하던,목숨 걸고 최선을 다한 걸 알았다며 사과하고 '내 히어로가 지는 걸 보고 싶지 않다'고 용기를 주는,,fl:ark_ranger,462,fl:ark_ranger_24,fl:ark_ranger_24,fl:ark_ranger,S335,F2739,확실,확정
D1269,person:루크,루크,신념,변화,,'짜고 치는 프로그램이 뭐가 재밌냐'던(20#104),용기가 있는 한 뭐든 할 수 있다 — 아크레인저가 되려다 아크버스터를 뛰어넘는 아크 머신 제작으로 진로를 정한,,fl:ark_ranger,462,fl:ark_ranger_27,fl:ark_ranger_24,fl:ark_ranger,S335,F2745,확실,확정
D122,person:루피,루피,성격,기준,,,,"'☆'를 붙여 지상 원정을 테트라TV 방송으로 찍고, 시청자 수를 위해 '대박 스캔들'까지 지어내는 쇼핑몰 대표 BJ",ch15,75,d_main_15_02,,,,,확실,확정
D1803,person:루피,루피,관계,기준,person:지휘관,,,'지휘관 오빠'라 부르며 '루피와 연이 있는 유일한 남자 사람'이라고 하루 남자친구 연기를 졸라 맡기는,char:200,97,ep:d_nikke_rupee_02,,,,,확실,확정
D1805,person:루피,루피,신념,기준,,,,'많이 벌어야 많이 쓸 수 있다'며 쇼핑 방송으로 자기 매장도 알리고 방주 경제도 살린다는 — 쓰는 것과 버는 것을 함께 즐기는,char:200,97,ep:d_nikke_rupee_03,,,,,확실,확정
D1804,person:루피,루피,관계,변화,person:지휘관,하루 남자친구 역을 부탁한 오빠,스토커를 때려눕힌 지휘관에게 '진짜'가 되어 달라며 사귀는,,char:200,97,ep:d_nikke_rupee_05,ep:d_nikke_rupee_05,char:200,,F520,확실,확정
D1418,person:루피,루피,관계,기준,person:앤,,,"처음 만난 앤을 방송에서 '내 귀여운 여동생'이라 소개하고, 기억 소거에도 지지 않을 '최고로 특별한 날'을 만들어 주기로 결심한다",event_miraclesnow1,153,event_miraclesnow1_intermission_01,,,,,확실,확정
D1972,person:루피,루피,관계,변화,person:지휘관,'진짜'가 되어 달라며 사귀는 오빠,"늦은 약속에 상처받아 도망쳤다가, '너와 함께하는 연말'이 선물이라는 말에 울며 '세상에서 제일 사랑한다'고 안기는",,char:203,155,ep:d_nikke_rupee_wintershopper_04,ep:d_nikke_rupee_wintershopper_03,char:203,S50,F733,확실,확정
D1973,person:루피,루피,관계,변화,person:지휘관,니케와 지휘관은 결국 갈라진다는 말에 불안해하는 연인,'우린 그 예외가 될 것'이라는 답과 첫 키스로 '드디어 여자로 봐 줬다'며 들뜨는,,char:203,155,ep:d_nikke_rupee_wintershopper_05,ep:d_nikke_rupee_wintershopper_05,char:203,S50,F733,확실,확정
D1570,person:루피,루피,관계,기준,person:아인,,,"처음 만난 팬 아인에게 신상을 선물하고 '언니'라 부르게 하며, 친구 만들기를 돕고 작업실에 언제든 놀러 오라 하는",event_juveniledays,317,event_juveniledays_02_s,,,,,확실,확정
D2117,person:루피,루피,관계,변화,person:아인,처음 만난 팬에게 신상을 선물하고 언제든 놀러 오라던,"꿈을 응원하면서도 디자인 테스트로 상업성 부족을 짚고 기초만 몇천 페이지인 자료를 건네, 쉽지 않으니 충분히 고민하라는",,char:391,318,ep:d_nikke_ein_04,ep:d_nikke_ein_03,char:391,S166,,확실,확정
D196,person:리버렐리오,리버렐리오,성격,기준,,,,"졸린 듯 느릿하게 말하며 소리 없이 모두를 짓누르는 존재감으로, 잠을 깨우면 낙원째 심해에 수장시키겠다는 헬레틱",ch20,164,d_main_20_10_e,,,,,확실,확정
D850,person:리버렐리오,리버렐리오,관계,기준,person:지휘관,,,"'한 명의 인간'이라 부르며 포비스트를 없앨 한시적 동맹을 맺고, 아무것도 버리지 못해 여기까지 왔을 인간이라 평하는",ch41,414,d_main_41_04,,,S268,,확실,확정
D851,person:리버렐리오,리버렐리오,신념,기준,,,,"어머니(원래의 퀸)는 잘못 판단할 리 없으니 역할을 몰라도 되고, 어머니가 올 때 지상엔 어머니의 자식만 있게 정리해야 한다는",ch41,414,d_main_41_04,,,S268,F2187,확실,확정
D877,person:리버렐리오,리버렐리오,관계,기준,person:신데렐라,,,"어머니가 직접 만든 유일한 혈육이라며 '언니'라 부르고, 거절에도 태생은 바뀌지 않는다는",ch42,416,d_main_42_02,,,S270,F2215,확실,확정
D879,person:리버렐리오,리버렐리오,신념,변화,,어머니는 잘못 판단할 리 없고 지상엔 어머니의 자식만 있어야 한다는,"태생을 넘어 한자리에서 밥 먹는 것을 보고, 어머니에게 '우리도 변할 수 있다'고 설득하겠다는",,ch42,416,d_main_42_af_08,d_main_42_af_07,ch42,,F2251,확실,확정
D2191,person:리버렐리오,리버렐리오,관계,변화,person:지휘관,필요에 의한 거래로 맺은 한시적 동맹 — 대화도 '정보 수집'이라던,"지휘관의 심장 소리에 평온해져 곁에서 잠들고, 정말 다른 결과를 내는지 계속 지켜보겠다며 '변하지 마' — 원하는 결과를 보면 생각을 바꾸겠다 약속하는",,char:262,422,ep:d_nikke_liberalio_05,ep:d_nikke_liberalio_04,char:262,S280,,확실,확정
D1048,person:리버렐리오,리버렐리오,관계,기준,person:퀸,,,"늦은 것을 사죄하고 대화를 간청하며 '사랑해요, 어머니'라 뺨을 맡기는",ch44,436,d_main_44_08_e,,,,,확실,확정
D1049,person:리버렐리오,리버렐리오,신체,변화,,어머니를 기다려 온 직계 헬레틱,퀸에게 머리가 뽑혀 죽고 몸은 랩쳐들이 가져간,,ch44,436,d_main_44_08_e,,,S297,F2435,확실,확정
D376,person:리버린,리버린,성격,기준,,,,"'에구구, 죄송합니다'를 입에 달고 상대를 치켜세우며 굽실대는 택배 니케 — 실수도 남 탓 없이 제 탓으로 돌린다",ch27,270,d_main_27_01_s,,,,,확실,확정
D380,person:리버린,리버린,신념,기준,,,,"높으신 분들 비위나 맞추며 굽실대느니 지상에서 죽는 게 낫다며, 탐색에서 길잡이로 인정받아 그 삶을 벗어나려 한다",ch27,270,d_main_27_04_e,,,,,확실,확정
D388,person:리버린,리버린,관계,기준,person:지휘관,,,"길을 잃은 자기를 화내지 않고 믿어 준 지휘관에게 '이런 분은 처음'이라며 반해, 만나는 사람이 있는지 라피에게 캐묻는다",ch28,275,d_main_28_04_s,,,,,확실,확정
D433,person:리버린,리버린,관계,기준,person:프레자일,,,"꿈결에도 '보고 싶었어, 조금만 참자'며 끌어안고, 운반책 일만은 프레자일에게 숨기려는 친구",ch30,293,d_main_30_01_e,,,,,확실,확정
D865,person:리버린,리버린,관계,변화,person:식스오,시키는 대로 운반하던 말 잘 듣는 손발,생명의 은인의 머리 앞에서 처음 '못 하겠다' 버티다 로지를 부르자 굴복하는,,ch41,414,d_main_41_af_05,,,S269,,확실,확정
D864,person:리버린,리버린,관계,기준,person:해머링,,,"처음 본 자기를 구하려 목숨까지 건 생명의 은인이라, 그 머리를 열라는 지시에 울며 사죄하는",ch41,414,d_main_41_af_05,,,S269,,확실,확정
D1061,person:리버린,리버린,성격,변화,,굽실대며 실수도 제 탓으로 돌리던,2년치 보존식을 쌓고 숨어 시간이 모든 걸 정리해 주길 바라는,,ch44,436,d_main_44_af_06,,,S297,,확실,확정
D1063,person:리버린,리버린,신념,변화,,굽실대느니 지상에서 죽는 게 낫다며 길잡이로 인정받으려던,사람답게 살려면 어쩔 수 없었다며 벌을 피하다 협조하기로 한,,ch44,436,d_main_44_af_06,,,S297,,확실,확정
D1067,person:리버린,리버린,관계,변화,person:해머링,그 머리를 열라는 지시에 울며 사죄하던,무사하다는 말에 만나서 사과하고 싶다는,,ch44,436,d_main_44_af_08,,,S297,,확실,확정
D1143,person:리버린,리버린,신념,변화,,벌을 피하다 협조하기로 한,벌받기 전에 E2 크리스탈 병을 팔아 다시 시작할 밑천을 쥐려는,,ch45,450,d_main_45_10,d_main_45_10,ch45,S314,F2604,확실,확정
D1144,person:리버린,리버린,신체,변화,,살아 있던,프레자일의 총에 맞고 절연 상자 속 E2 크리스탈에 갇혀 죽은,,ch45,450,d_main_45_10,d_main_45_10,ch45,S314,F2604,확실,확정
D1191,person:리스,리스,관계,기준,person:아니스,,,인간 시절 약속대로 아니스의 매니저를 하러 찾아와 전화부터 받아 내는 동창,event_staranis1,454,event_staranis1_04_s,,,S322,F2679,확실,확정
D1192,person:리스,리스,성격,기준,,,,말은 더듬어도 담당자 성향 · 빌딩풍 · 동선까지 챙겨 일정을 빈틈없이 짜는 매니저,event_staranis1,454,event_staranis1_04_e,,,S322,,확실,확정
D1195,person:리스,리스,신념,기준,,,,평범한 나도 노력하면 특별해질 수 있다 — 아니스를 닮으려 애쓰다 언젠가 같이 특별해지고 싶은,event_staranis1,454,event_staranis1_05_s,,,S322,,확실,확정
D1206,person:리스,리스,관계,기준,person:요요,,,말 한마디로 다 해결될 줄 알았냐며 '피해자인 척하지 마'라 맞서는 옛 동창,event_staranis1,454,event_staranis1_06_s,,,S322,,확실,확정
D1217,person:리스,리스,관계,변화,person:아니스,약속대로 매니저 하러 찾아온 동창,'내 우상이 망가지는 게 싫다'며 스탠드를 휘둘러 [팬]들을 쫓아낸,,event_staranis1,454,event_staranis2_03_e,,,S323,F2695,확실,확정
D1218,person:리스,리스,신체,변화,,사람,3일 출입 금지 끝에 자택에서 숨진 채 발견된,,event_staranis1,454,event_staranis2_03_e,,,S323,F2695,확실,확정
D119,person:리안,리안,관계,기준,person:슈엔,,,"슈엔의 심부름으로 언체인드 탄환을 몰래 가져오면서도 '성격 나쁜 꼬맹이', '스무 고개 하러 온 게 아닙니다'라 비꼬는 비서",ch14,69,d_main_14af_04,,,,F379,확실,확정
D1605,person:리안,리안,성격,기준,,,,"사장을 '성격 나쁜 꼬맹이'라 뒤에서 흉보면서도 지시는 그대로 전하고, 이해 안 되는 지시엔 제 추측을 덧붙이는 냉정한 비서",event_secretgarden,345,event_secretgarden_prologue,,,,,확실,확정
D1606,person:리안,리안,관계,기준,person:플로라,,,꽃 이름 호칭에 어리둥절하다 서류를 지운 플로라를 '진짜 골 때리는 애'라 여기는,event_secretgarden,345,event_secretgarden_prologue,,,,,확실,확정
D1607,person:리안,리안,관계,변화,person:플로라,'골 때리는 애'라 여기며 정정 보도로 개방을 뒤집으려던,'머리를 똑똑하게 잘 굴렸다' · '못 피워낼 줄 알았다'며 인정하고 꽃의 연구 가치를 스스로 판단해 가져가는,,event_secretgarden,345,event_secretgarden_06_e,event_secretgarden_05_e,event_secretgarden,S366,,확실,확정
D1807,person:리타,리타,관계,기준,person:아니스,,,"어지른 곳마다 물건이 나온 아니스를 '악의 축'이라 밀착 마크하며, 사람답게 살게 하려고 '수십 년의 관록'으로 맞붙는",char:82,98,ep:d_nikke_liter_02,,,,,확실,확정
D1806,person:리타,리타,신념,기준,,,,"몸은 불멸이어도 뇌는 언젠가 죽으니, 건물 · 센티로 살아 있던 증거를 남겨 올바르게 기억되는 '완성된 죽음'을 매일 준비하는",char:82,98,ep:d_nikke_liter_04,,,,F522,확실,확정
D1808,person:리타,리타,관계,기준,person:센티,,,센티를 키우는 것도 살아 있던 증거를 남기는 일 — 언젠가 '리타를 뛰어넘은 니케'가 되어 자기를 기억되게 할 후계로 여기는,char:82,98,ep:d_nikke_liter_04,,,,,확실,확정
D83,person:리타,리타,성격,기준,,,,"'~느니라' 하는 노인 말투로 호통치지만, 지상은 혹독하고 외로운 곳이라며 로봇 개에게 함께 가자고 하고 남겠다니 집까지 지어 주는 정 많은 마이티 툴즈 니케",sub:미실리스_연구팀_02,162,sub:미실리스_연구팀_02,,,,,확실,확정
D268,person:리타,리타,관계,기준,person:지휘관,,,"지휘관을 '애송이'라 부르며 말을 뒤집는다고 호통치다가도, 사정을 알아채면 제 배를 고장 낼 만큼 거들어 주는 어른",event_bluewaterisland,209,event_bluewaterisland2_04_s,,,,,확실,확정
D1635,person:리타,리타,관계,변화,person:센티,혼자 큰일을 맡기기엔 아직 부족하다고 걱정하던,이미 훌륭하게 성장했다고 인정하는,,fl:for_rest,365,fl:for_rest_10,fl:for_rest_10,fl:for_rest,,,확실,확정
D1634,person:리타,리타,신념,변화,,죽음을 완성하려 삶의 증거만 남기며 한 번도 쉬지 않던,회중시계 없이도 센티를 보고 기억될 것이라 여기고 자신을 위해 쉬는,,fl:for_rest,365,fl:for_rest_14,fl:for_rest_10,fl:for_rest,,F522 F1830,확실,확정
D1643,person:릴리,릴리,관계,변화,person:일레그,인간 같은 기계가 신기해 살을 찔러 보고 어떻게 만들어졌는지 캐묻던,기계냐 인간이냐는 중요하지 않다며 '같이 일해 보고 싶은 분'이라 하고 만들어진 내력도 묻지 않는,,char:852,388,ep:d_nikke_ce006_03_05,ep:d_nikke_ce006_03_04,char:852,S237,,확실,확정
D254,person:릴리바이스,릴리바이스,신체,변화,,갓데스 스쿼드의 리더,방주 밀봉 전에 죽어 초소 근처 석관에 잠든 듯 누운,,event_overzone,200,event_overzone1_01_e,,,S71,F907,확실,확정
D258,person:릴리바이스,릴리바이스,신체,변화,,석관에 잠든 듯 온전히 누운,관이 부서지고 머리를 빼앗겨 몸통만 남은,,erelic:white_memory,201,erelic:white_memory_20,,,S348,F933,확실,확정
D341,person:릴리바이스,릴리바이스,성격,기준,,,,"스노우 화이트를 괴롭히는 장난에 '헤드락이 견고하지 못하다'며 끼어들고 백기를 흔들자는 농을 하는, 장난기 많고 여유로운 맏언니 리더",event_redash,251,event_redash_prologue,,,,,확실,확정
D342,person:릴리바이스,릴리바이스,관계,기준,person:엔더슨,,,"처음엔 '돈만 되면 뭐든 하는 용병'이라 불렀지만, 상부 명령을 무시하고 좋은 결과를 내는 지휘관을 믿어 '하고 싶은 대로 하라'는 파트너",event_redash,251,event_redash1_04_s,,,,,확실,확정
D343,person:릴리바이스,릴리바이스,관계,기준,org:갓데스,,,"동생들은 더 중요한 일을 해야 한다며 살려 내고, 그들이 똑바로 서는 걸 볼 때까지 두고 갈 수 없다는 맏언니",event_redash,251,event_redash2_02_s,,,,,확실,확정
D344,person:릴리바이스,릴리바이스,신체,기준,,,,"모든 니케의 기원이자 최강이지만, 단기 결전용 바디라 부축을 받아야 할 만큼 한계가 잦아진다",event_redash,251,event_redash2_02_s,,,,F1159,확실,확정
D1486,person:릴리바이스,릴리바이스,관계,기준,person:스노우_화이트,,,"소문의 천재 무기 장인을 찾아가 '왜 이렇게 귀여워' 하며 머리를 쓰다듬고, 언니라 불러 보라며 날마다 찾아오는",char:224,255,ep:d_nikke_snowwhite_young_01,,,,,확실,확정
D1513,person:릴리바이스,릴리바이스,관계,기준,person:홍련,,,반대하는 도로시에게 '장담할게. 도움이 될 거야' 하며 쓰러뜨린 홍련을 갓데스에 들이는 리더,char:225,262,ep:d_nikke_hongryeon_blackshadow_01,,,,,확실,확정
D978,person:릴리바이스,릴리바이스,신념,기준,,,,끝이 다가오자 레드 후드처럼 동생들에게 뭐라도 남기고 가고 싶다는 — '싫네요 진짜',fl:ark_guardian,428,fl:ark_guardian_03,,,,,확실,확정
D984,person:릴리바이스,릴리바이스,신념,변화,,끝을 덤덤히 받아들이는 척하던,스노우 화이트를 끌어안아 숨긴 뒤 얼굴을 감싸 쥐고 '죽기 싫다'는,,fl:ark_guardian,428,fl:ark_guardian_09,,,S288,,확실,확정
D985,person:릴리바이스,릴리바이스,신체,변화,,부축이 필요할 만큼 한계가 잦아진 단기 결전용 바디,전투 중 눈 · 코 · 입 · 귀에서 피를 쏟으며 쓰러지는,,fl:ark_guardian,428,fl:ark_guardian_13,,,S288,F2358,확실,확정
D992,person:릴리바이스,릴리바이스,관계,변화,person:엔더슨,상부 명령을 무시하고 좋은 결과를 내는 지휘관을 믿는 리더,살아서 동생들을 구해 달라며 엘리베이터로 보내고 '저도 사랑해요. 엔더슨' 하는,,fl:ark_guardian,428,fl:ark_guardian_26,,,S288,F2373,확실,확정
D993,person:릴리바이스,릴리바이스,신체,변화,,피를 쏟으면서도 양산형 헬레틱 둘을 홀로 잡은,벽에 기대 '멋있다. 내 동생들' 하며 미소 지은 채 숨진,,fl:ark_guardian,428,fl:ark_guardian_26,,,S288,F2374,확실,확정
D532,person:마나,마나,관계,기준,person:유니,,,"판결대로 아무도 만날 수 없다고 잘라 말하다가, 무릎 꿇고 비는 유니에게 한숨을 쉬며 '일단 들어라도 보죠'라 하는",side:wordless,331,side:wordless_00,,,,,확실,확정
D533,person:마나,마나,관계,변화,person:미하라,원칙대로 테러와 과거에 대해 아무것도 알려 줄 수 없다는,유니의 영상 USB를 '의미 없는 쓰레기'라며 버려 몰래 건네는,,side:wordless,331,side:wordless_09,,,,,확실,확정
D538,person:마나,마나,관계,기준,person:그레이브,,,"손가락 파츠를 보고 과학의 초석을 닦은 '아득한 선배'라며 부품 · 무장을 내주고, 우는 것을 못 본 것으로 하는",ch33,334,d_main_33_02_e,,,,F1631,확실,확정
D595,person:마나,마나,관계,변화,person:지휘관,그간 도움을 많이 준 M.M.R. 연구원,규칙상 답은 못 해도 연구원이 아닌 한 니케로서 사심 없이 쉬게 지키겠다며 검진 자료도 내주지 않는,,event_wisdomspring,353,event_wisdomspring_06_e,,,,,확실,확정
D2142,person:마나,마나,성격,기준,,,,"'예 · ~습니다'로 깍듯이 말하며 속을 잘 드러내지 않지만, 쌓인 것을 술로 풀어 율하 · 브리드와 매주 다섯 병씩 마시고 스트레스받으면 혼자서도 바에 오는 애주가",char:290,354,ep:d_nikke_mana_03,,,,,확실,확정
D2143,person:마나,마나,신념,변화,,슈엔에게 휘둘리고 말 못 할 비밀 · 인류의 미래를 건 사명감에 짓눌려 다 때려치우고 싶던,바를 오가는 니케들도 다 똑같다는 걸 알고 '더 버텨도 될 것 같다'며 홀로 술로 풀며 버티는,,char:290,354,ep:d_nikke_mana_04,ep:d_nikke_mana_04,char:290,,F1779,확실,확정
D2144,person:마나,마나,관계,변화,person:지휘관,연구원이 아닌 한 니케로서 사심 없이 쉬게 해 주는,"취해 멱살을 잡고 하소연하다 옛 속내까지 털어놓고, 술 마실 때 부르겠다고 한 술친구",,char:290,354,ep:d_nikke_mana_04,ep:d_nikke_mana_04,char:290,S203,,확실,확정
D695,person:마나,마나,관계,기준,person:미하라,,,"늘 신세만 진다는 미하라에게 '전부를 걸었다면 반드시 성공하라 · 다 같이 살아서 돌아오라, 기다리겠다'는",event_unbreakablesphere1,377,event_unbreakablesphere2_03_e,,,,,확실,확정
D1458,person:마르차나,마르차나,성격,기준,,,,학생에게도 깍듯이 존댓말을 쓰며 차분하고 원칙적이다 — 필기시험을 빼먹으려는 라이를 '멍청이 니케가 될 것'이라는 논리로 몰아붙인다,event_schooloflock,234,event_schooloflock_02_e,,,,,확실,확정
D1459,person:마르차나,마르차나,신념,기준,,,,"학생을 실험하듯 지상 실전에 내모는 학교의 어떤 것도 용납한 적 없지만, 커리큘럼이 M.M.R.에서 나와 '아직까지는' 멈출 방법이 없다",event_schooloflock,234,event_schooloflock_intermission_01,,,,,확실,확정
D1462,person:마르차나,마르차나,관계,기준,person:트리세라,,,엘리베이터와 함께 자폭하려는 트리세라의 리모컨을 쏘아 막고 '당신은 내 학생 — 포기는 용납할 수 없다'며 졸업할 거라 믿겠다고 한다,event_schooloflock,234,event_schooloflock_05_e,,,,,확실,확정
D1460,person:마르차나,마르차나,신념,변화,,커리큘럼대로 가르치고 좌절을 위로하며 지켜만 보는 무력한 선생,손이 닿는 학생은 반드시 지켜내는 것이 선생의 역할이라 스스로 정의한,,event_schooloflock,234,event_schooloflock_05_e,event_schooloflock_05_s,event_schooloflock,S94,,확실,확정
D1461,person:마르차나,마르차나,관계,기준,person:지휘관,,,"원래 시험관의 이름을 지우고 지휘관을 몰래 불러 학교 부조리의 증인으로 삼고, 사과하되 후회는 않으며 앞으로 절대 속이지 않겠다고 약속한다",event_schooloflock,234,event_schooloflock_06_s,,,,,확실,확정
D2067,person:마르차나,마르차나,관계,기준,person:라이,,,"라이가 너무 귀여워 마주치면 머리가 굳어, 인사도 못 하고 지나쳐 '나만 차별한다'며 울게 만드는 무뚝뚝한 담임",char:321,235,ep:d_nikke_marciana_01,,,,,확실,확정
D2066,person:마르차나,마르차나,성격,변화,,"귀여운 것을 보면 생각이 멈춰 무서운 표정으로 굳고, 코코아에게도 '좋았다'고만 하던","'귀여웠어요'라 솔직히 말하고 강아지와 눈높이를 맞춰 다가가며, 솔직한 감정에는 솔직한 마음이 돌아온다고 깨달은",,char:321,235,ep:d_nikke_marciana_03,ep:d_nikke_marciana_02,char:321,,F1079,확실,확정
D2068,person:마르차나,마르차나,관계,변화,person:라이,귀여움에 굳어 피해 다니며 차별로 오해받던,"반 앞에서 귀엽다고 인정 · 사과하고 머리를 쓰다듬되, 차별 없이 엄하게 단어 100개 '집중 케어'를 하는",,char:321,235,ep:d_nikke_marciana_05,ep:d_nikke_marciana_04,char:321,,F1079,확실,확정
D1580,person:마르차나,마르차나,관계,기준,person:에테르,,,"감금된 채 '이번엔 무슨 의도냐, 또 니케의 가능성을 보고 싶은 거냐'고 에테르를 의심하며 맞서는",event_colorless,319,event_colorless_03_e,,,,,확실,확정
D1581,person:마르차나,마르차나,관계,변화,person:에테르,의도를 의심하며 맞서던,학생 위장과 임시 교사 초청을 도운 것이 에테르라 듣고 '이번엔 감사했습니다'라 하는,,event_colorless,319,event_colorless_epilogue,event_colorless_05_s,event_colorless,S167,,확실,확정
D1579,person:마르차나,마르차나,신념,변화,,언젠가 학교를 폭로 · 해방하려던,필드 트립을 겪고 학교(M.M.R.)를 부술 열쇠를 더는 미룰 수 없다고 굳힌,,event_colorless,319,event_colorless_epilogue,event_colorless_05_s,event_colorless,S167,F1592 Q209,확실,확정
D2119,person:마르차나,마르차나,신념,변화,,"니케는 사람이 아니라 평범한 학교의 선생과 다르다며, [선생] 역할을 잘하고 있는지 늘 의구심을 품던","'역할이라는 말 안 붙여도 된다, 이미 훌륭한 선생님'이라는 말에 해 오던 일이 틀리지 않았다고 기운을 얻고 한결 편해진",,char:833,321,ep:d_nikke_ce004_04_05,ep:d_nikke_ce004_04_04,char:833,S169,F1597,확실,확정
D1746,person:마르차나,마르차나,관계,기준,person:나가 person:티아,,,낯선 이들에게 총을 겨누며 '무슨 일이 있어도 여러분을 지키겠다'고 나가 · 티아 앞을 막아서는 보호자,fl:wave_to_you,464,fl:wave_to_you_06,,,,,확실,확정
D1749,person:마르차나,마르차나,관계,변화,person:나가 person:티아,혼자 결정해 지키려는 보호자,일방적이었다고 사과하고 함께 상의해 정하기로 한,,fl:wave_to_you,464,fl:wave_to_you_20,fl:wave_to_you_19,fl:wave_to_you,S336,F2759,확실,확정
D1750,person:마르차나,마르차나,신념,변화,,손이 닿는 학생은 반드시 지켜내는 것이 선생의 역할,"헤어짐이 두려워 붙잡던 구속구를 부수고, 갈 곳과 돌아올 곳을 알려 주는 등대가 되려는",,fl:wave_to_you,464,fl:wave_to_you_25,fl:wave_to_you_23,fl:wave_to_you,S336,F2903,확실,확정
D2223,person:마르차나,마르차나,관계,변화,person:지휘관,학교 일을 함께 맡기는 믿음직한 동료 선생님,다른 이에게 건넨 칭찬에 답답해하던 것이 질투였음을 깨닫고 '평생 당신 곁에 있고 싶다'고 고백하는,,char:322,466,ep:d_nikke_marciana_marinestudy_05,ep:d_nikke_marciana_marinestudy_04,char:322,S338,F2767,확실,확정
D2125,person:마리,마리,성격,기준,,,,"버디를 안 하겠다는 라이를 '선생님께 말씀드려야겠다'며 능청스럽게 놀리고 케이크로 달래며 속을 캐묻지만, 진심일 때는 '진심으로 하는 말'이라 밝히는",char:832,324,ep:d_nikke_ce004_03_01,,,S170,,확실,확정
D2126,person:마리,마리,관계,변화,person:라이,'그냥 떼쟁이 어린애인 줄' 알았던 버디,평범하지 않은 학교에서 평범한 일상의 재미를 찾은 '진짜 멋진 3학년 선배님'으로 보고 머리를 쓰다듬는,,char:832,324,ep:d_nikke_ce004_03_04,ep:d_nikke_ce004_03_04,char:832,S170,F1601,확실,확정
D4,person:마리안,마리안,성격,기준,,,,추락 현장에서 처음 만난 지휘관을 살리고 다정하게 챙기며 무슨 일이 있어도 지키겠다는 헌신적인 니케,ch00,1,d_main_01_01_s,,,,,확실,확정
D8,person:마리안,마리안,신체,변화,,지휘관을 지키는 실버건의 니케,침식이 뇌까지 퍼져 지휘관이 겨눈 총으로 스스로 머리를 쏴 처분됨,,ch01,2,d_main_01_07_e,d_main_01_07_s,ch01,S2,F15 F19,확실,확정
D69,person:마리안,마리안,성격,변화,,지휘관을 지키는 다정하고 헌신적인 니케,공손한 말투로 '최대한 고통스럽게 죽여 드릴게요'라며 웃는 잔혹한 헬레틱,,ch07,31,d_main_07_06_s,,,S15,,확실,확정
D68,person:마리안,마리안,소속,변화,,실버건 스쿼드(04-F)의 니케,'퀸을 모시는' 헬레틱 모더니아,,ch07,31,d_main_07_06_e,,,S15,F209,확실,확정
D70,person:마리안,마리안,기억,변화,,지휘관과의 일을 기억하는 마리안,자기를 모더니아로 알고 마리안이라는 이름은 '익숙한 울림'으로만 느끼며 흔들린다,,ch07,31,d_main_07_06_e,,,S15,,확실,확정
D101,person:마리안,마리안,기억,변화,,자기를 모더니아로 알던,머리 통증 뒤 지휘관과 붕대를 기억하며 '지휘관만의 니케'라 매달리지만 이름은 대지 못하는,,ch13,64,d_main_13_08_e,d_main_13_08_e,ch13,S31,F334,확실,확정
D102,person:마리안,마리안,신체,변화,,모더니아의 부품을 두른 헬레틱,"부품이 흩어져 마리안으로 돌아왔다가, 토커티브의 머리에 다시 침식됨",,ch13,64,d_main_13_08_e,d_main_13_08_e,ch13,S31,F337 F338,확실,확정
D104,person:마리안,마리안,소속,변화,,헬레틱 모더니아,관리자인 지휘관 휘하 카운터스 소속 니케,,ch13,64,d_main_13af_06,d_main_13af_02,ch13,S31,F344,확실,확정
D103,person:마리안,마리안,기억,변화,,다시 침식되어 '지휘관'만 되뇌는,뇌세척으로 말도 못 하는 신생아처럼 되었지만 자기 이름과 '지휘관'은 기억하는,,ch13,64,d_main_13af_06,d_main_13af_02,ch13,S31,F343 F346,확실,확정
D110,person:마리안,마리안,신념,기준,,,,"뇌세척 뒤 첫 실전에서 쓰러진 랩쳐의 코어 빛을 쓰다듬어 꺼 주며 '불쌍해요, 왜 죽이나요?'라고 묻는다",ch14,69,d_main_14_01_e,,,,F358,확실,확정
D111,person:마리안,마리안,성격,변화,,공손하게 웃으며 잔혹한 헬레틱,"속옷을 겉에 입겠다 고집하고 밀가루를 뿌리며 지휘관에게 안기는, 아이처럼 제멋대로인",,ch14,69,d_main_14_03,d_main_13af_02,ch13,S33,,확실,확정
D112,person:마리안,마리안,소속,변화,,카운터스 소속 니케,지휘관이 맡긴 대로 필그림과 함께 지상에서 지냄,,ch14,69,d_main_14_14,d_main_14_12,ch14,S33,F372 F374,확실,확정
D1419,person:마리안,마리안,기억,변화,,뇌세척 뒤 자기 이름과 '지휘관'만 기억하던,지휘관이 총을 들고 어쩔 줄 몰라 할 때 스스로 방아쇠를 당긴 일을 기억하는(그 뒤는 모르는),,char:260,158,ep:d_nikke_marian_p_05,,,S53,F742,확실,확정
D1421,person:마리안,마리안,관계,기준,org:카운터스,,,말을 가르쳐 준 카운터스와 한 숙소에서 장난치고 반찬을 뺏어 먹으며 '지휘관과 여러분이 정말 너무너무 좋아요'라 하는,char:260,158,ep:d_nikke_marian_p_05,,,S53,,확실,확정
D2059,person:마리안,마리안,성격,변화,,오물 웅덩이에 뛰어들고 철장을 구부리며 지휘관 인형을 내놓으라 떼쓰는 아이 같은,차임 · 크라운과 식탁에 앉아 '후후' 웃으며 홍련의 술 · 굼벵이 · 고전 영화 얘기를 꺼내는 의젓한,,event_firstaffection,230,event_firstaffection_08,event_firstaffection_02,event_firstaffection,S92,F1065 F1066,확실,확정
D2060,person:마리안,마리안,관계,변화,person:지휘관,자기를 필그림에게 떠나보낸 지휘관을 원망하던,"지휘관의 선택을 이해하고, 카운터스와 행복했던 때로 돌아가리라 믿으며 찾으러 올 때까지 기다리겠다는",,event_firstaffection,230,event_firstaffection_08,,,S92,F1065,확실,확정
D414,person:마리안,마리안,관계,기준,org:필그림,,,"업혀 가다 깨자 '이거 놔요'라며 발버둥치고, 지휘관에게 돌아가겠다며 필그림 셋에게 떼를 쓰는",side:second_affection,288,side:second_affection_01,,,,,확실,확정
D418,person:마리안,마리안,소속,변화,place:크라운_왕국,필그림 셋을 따라 지상을 걷던,백기사 크라운 왕국의 백성,,side:second_affection,288,side:second_affection_12,side:second_affection_10,side:second_affection,,,확실,확정
D417,person:마리안,마리안,성격,변화,,떼쓰고 우기는 아이 같은,"굼벵이 요리 · 뱀술 · 고전 영화를 즐기며 '후후' 웃고 남을 챙기는, 차임이 '너무 급격하다' 할 만큼 성숙한",,side:second_affection,288,side:second_affection_13,side:second_affection_12,side:second_affection,,F1367,확실,확정
D415,person:마리안,마리안,관계,변화,org:필그림,자기를 버리고 떠났다고 여긴,바쁜데도 데려다준 고마운 분들이라 깨닫고 보고 싶어 하는,,side:second_affection,288,side:second_affection_13,side:second_affection_12,side:second_affection,,,확실,확정
D416,person:마리안,마리안,관계,변화,person:크라운,'당신도 제가 귀찮은 거죠?'라며 밀어내던,"'크라운'이라 이름으로 부르며 뱀술을 담가 주고, 앓는 크라운 대신 혼자 나가 왕국을 지키는",,side:second_affection,288,side:second_affection_14,side:second_affection_12,side:second_affection,,,확실,확정
D419,person:마리안,마리안,신념,변화,,"쓰러진 랩쳐를 '불쌍해요, 왜 죽이나요?'라 묻던",서로 지키면 끝없이 강해진다며 지휘관 · 카운터스 · 필그림 · 크라운 · 차임 모두를 반드시 지키겠다는,,side:second_affection,288,side:second_affection_15,side:second_affection_15,side:second_affection,,,확실,확정
D420,person:마리안,마리안,신체,변화,,언체인드 캡슐로 거대화를 막아야 할지 모를 몸,검은 빛이 일렁이며 변하기 시작한 몸 — 크라운은 거대화와 '다르다'고 한다,,side:second_affection,288,side:second_affection_15,side:second_affection_15,side:second_affection,,F1370,확실,확정
D450,person:마리안,마리안,관계,기준,person:킬로,,,방주에 알리려는 킬로에게 소중한 이들을 위험에 빠뜨리면 무슨 수를 써서라도 대가를 치르게 하겠다고 웃으며 경고하는,event_lastkingdom1,295,event_lastkingdom1_01_e,,,,,확실,확정
D451,person:마리안,마리안,관계,변화,person:킬로,방주 연락을 막으려 경고하던,토커티브의 팔을 떼어 내며 '킬로를 모욕하지 말아요'라 감싸는,,event_lastkingdom1,295,event_lastkingdom2_02_e,event_lastkingdom1_03_e,event_lastkingdom1,,,확실,확정
D466,person:마리안,마리안,기억,변화,,헬레틱 시절을 전혀 기억 못 하는,'기원을 떠올려라'는 말에 두통 · 고열을 앓다 '여러분을 죽여야 할 것 같다'며 총을 겨누는,,event_lastkingdom1,295,event_lastkingdom2_04_e,event_lastkingdom2_02_e,event_lastkingdom1,,F1441,확실,확정
D467,person:마리안,마리안,신체,변화,,검은 빛이 일렁이며 변하기 시작한 몸,활력이 돌며 '개화'해 랩쳐 대군을 뚫고 가 헬레틱 둘을 무릎 꿇리는 여왕,,event_lastkingdom1,295,event_lastkingdom2_epilogue,event_lastkingdom2_02_e,event_lastkingdom1,,F1452 F2072,확실,확정
D846,person:마리안,마리안,소속,변화,,크라운 왕국의 백성,다가오는 [존재]를 느끼고 빼앗으러 크라운 · 차임 곁을 떠나는,,side:eden_spear,411,side:eden_spear_12,side:eden_spear_12,side:eden_spear,,F2174,확실,확정
D902,person:마리안,마리안,신념,변화,,지휘관 · 카운터스 · 필그림 · 크라운 · 차임 모두를 반드시 지키겠다는,"퀸으로서 니케 · 사람 · 랩쳐가 모두 서로 사랑하는 세계를 만들겠다며, 거절하는 인디빌리아를 지배력으로 따르게 하는",,event_goddessfall1,418,event_goddessfall1_03_e,,,S273,F2273,확실,확정
D932,person:마리안,마리안,신체,변화,,붕대로 퀸의 빔을 빨아들여 되쏘는,"분노로 거대화한 거신 — 탄환 · 미사일 · 어깨 입자포, 입자 분해 · 재배치로 순간 이동",,event_goddessfall1,418,event_goddessfall2_03_e,,,S273,F2301,확실,확정
D950,person:마리안,마리안,신체,변화,,거신에서 떨어져 뼈가 부러진,릴리바이스의 모습을 한 것에게 코어를 뜯겨 혼수 — 유사 코어로 명줄만 붙잡는,,event_goddessfall1,418,event_goddessfall2_06_e,,,S273,F2314 F2320,확실,확정
D1315,person:마리안,마리안,관계,기준,person:온리_원,,,자기 안으로 불러 준 아이에게 '이제 괜찮다'면서도 퀸의 일을 묻자 답하지 못하고 '욕심쟁이'라 불리는,ch47,470,d_main_47_05,,,S341,,확실,확정
D1316,person:마리안,마리안,신념,변화,,퀸으로서 모두가 서로 사랑하는 세계를 만들겠다는,"'잘 안됐지만' — 자기가 퀸인지도, 무엇을 해야 할지도 모르겠다는",,ch47,470,d_main_47_05,,,S341,,확실,확정
D1339,person:마리안,마리안,관계,변화,person:온리_원,퀸의 일을 묻는 아이에게 답하지 못하고 '욕심쟁이'라 불리던,퀸에 짓눌린 아이를 끌어안아 '사랑받고 있군요' — 그 짐을 알아보는,,ch48,472,d_main_48_05,,,S342,,확실,확정
D1340,person:마리안,마리안,기억,변화,,'기원을 떠올려라'는 말에 두통 · 고열을 앓던,붕대가 빛나며 모더니아 시절 · 지휘관과의 일 · 소녀의 기억이 되살아난,,ch48,472,d_main_48_05,,,S342,,확실,확정
D1341,person:마리안,마리안,신념,변화,,'잘 안됐지만' — 무엇을 해야 할지 모르겠다는,'하고 싶은 일을 이제 완전히 안다' — 그 누구도 죽지 않고 사랑하고 사랑받는 세계를 만들겠다는,,ch48,472,d_main_48_05,,,S342,,확실,확정
D1342,person:마리안,마리안,신체,변화,,유사 코어로 명줄만 붙잡는,온리 원의 인자를 받아 '진짜 여왕 같은' 빛나는 모습,,ch48,472,d_main_48_07,d_main_48_06_e,ch48,S342,,확실,확정
D1343,person:마리안,마리안,관계,변화,person:지휘관,코어를 뜯겨 지휘관 곁에서 잠든,기억을 되찾고 '이번에야말로 제가 반드시 지켜드릴게요',,ch48,472,d_main_48_07,,,S342,,확실,확정
D1959,person:마스트,마스트,성격,기준,,,,"'~수다' 하는 해적 말투로 '먹을 수 있을 때 먹는다, 그것이 해적!'이라며 남은 음식을 먹어 치우고 술을 끼고 사는 넉살 좋은 성격",char:352,139,ep:d_nikke_helm_01,,,,,확실,확정
D1960,person:마스트,마스트,관계,기준,person:헬름,,,"'헬름 양반'이라 부르며 손가락 하나 까딱 않는 로열 출신이라 비꼬고, '배 태워 준다며! 바다로 나가게 해 준다며!' 구걸 신세에 대들다 근신을 받는",char:352,139,ep:d_nikke_helm_02,,,,F672,확실,확정
D1961,person:마스트,마스트,신념,기준,,,,"해적이란 자고로 바다로 나가야 한다며, 배를 태워 바다로 나가게 해 준다는 약속을 믿고 이지스에 있다",char:352,139,ep:d_nikke_helm_02,,,,,확실,확정
D1446,person:마스트,마스트,관계,기준,person:지휘관,,,"'선장 양반'이라 부르며 지휘관 없이는 지상에 못 가니 보물을 반으로 나누자 청하고, 끝에 '다음 모험에서 꼭 찾자'는 말에 힘을 얻는 모험 동료",event_goldenship,224,event_goldenship_06_e,,,,,확실,확정
D2047,person:마스트,마스트,신념,변화,,"캡틴 잭을 보고 해적을 꿈꿔, 해적 영화 현장에 단역으로라도 함께하려는","잭 로우 역 배우의 '상상 속 범죄자' 조롱에 '로망은, 해적은 어디에도 없었다'며 의욕을 잃은",,char:350,225,ep:d_nikke_mast_03,ep:d_nikke_mast_03,char:350,,F1047,확실,확정
D2049,person:마스트,마스트,관계,변화,person:지휘관,지휘관 없이는 지상에 못 가니 보물을 반으로 나누자는 '선장 양반','내게는 선장 양반이 꼭 필요하다' — 로망을 되찾아 준 캡틴 커맨더를 마스트 · 모건과 함께해야 완성되는 해적단의 선장으로 삼는,,char:350,225,ep:d_nikke_mast_05,ep:d_nikke_mast_04,char:350,,,확실,확정
D2048,person:마스트,마스트,신념,변화,,조롱받아 로망을 잃은,계기가 연기였든 로망을 향한 항해를 시작한 건 나 자신 — 언젠가 바다로 나가 유명한 해적이 되어 해적이 상상 속에만 있지 않음을 증명하겠다는,,char:350,225,ep:d_nikke_mast_05,ep:d_nikke_mast_04,char:350,,F1047,확실,확정
D2146,person:마스트,마스트,관계,변화,person:헬름,손가락 하나 까딱 않는 로열 출신이라 비꼬며 대드는,휴가 대신 근신을 준 속뜻을 알아채고 '솔직하지 못하다'며 선물을 챙기는,,char:354,356,ep:d_nikke_mast_romanticmaid_01,ep:d_nikke_mast_romanticmaid_01,char:354,S205,,확실,확정
D2145,person:마스트,마스트,관계,변화,person:지휘관,로망을 되찾아 준 캡틴 커맨더를 해적단의 선장으로 삼는,"'주인장이랑 같이 시간을 보내는 것도 내 로망'이라며 로망 찾기를 핑계로 데이트하고, 주인장만의 메이드가 되어 연인처럼 안기는",,char:354,356,ep:d_nikke_mast_romanticmaid_05,ep:d_nikke_mast_romanticmaid_04,char:354,S205,F1784,확실,확정
D2148,person:마스트,마스트,관계,기준,person:앵커,,,"처음엔 속을 알 수 없던 앵커를 이제 대충 읽어 어디 숨었는지도 훤히 알고, '가족끼리 당연한 거'라 하는",char:355,357,ep:d_nikke_anchor_innocentmaid_05,,,,,확실,확정
D2006,person:마키마,마키마,성격,기준,,,,"방주 소개를 '흠'으로만 받고 원형 퍼펙트를 깨물어 '맛없어', 소개가 끝나자 '재미있었어'라고만 남기는 속을 드러내지 않는",char:800,178,ep:d_nikke_c_1_03,,,,F819,확실,확정
D2014,person:맥스,맥스,신념,기준,,,,"보호소 밖을 나가 본 적 없이 비스킷에게 들은 방주가 궁금해 강아지들을 이끌고 탈주하고, 보호소로 돌아가기 싫다는",event_bowwowparadise,181,event_bowwowparadise_03_s,,,,F825,확실,확정
D2015,person:맥스,맥스,신념,변화,,바깥을 꿈꿔 보호소로 돌아가기 싫던,함께 지은 바우 와우 파라다이스가 방주보다 좋은 '우리의 고향'이라며 비스킷과 강아지들을 지키겠다는,,event_bowwowparadise,181,event_bowwowparadise_epilogue,event_bowwowparadise_05_e,event_bowwowparadise,,F825,확실,확정
D90,person:맥스웰,맥스웰,성격,기준,,,,"능청스럽게 속내를 털어놓고 라플라스 · 드레이크의 뒷수습을 하며, 슈엔이 자기들을 '성능 좋은 장난감'으로 본다고 담담히 짚는 현실적인 메티스",ch11,53,d_main_11_04,,,,,확실,확정
D96,person:맥스웰,맥스웰,신체,변화,,기계를 만들고 고치는 메티스,침식되어 제압탄에 쓰러진 뒤 콜드 슬립에 보관됨,,ch12,59,d_main_12af_01,d_main_11_06_s,ch11,S28,F304 F310,확실,확정
D124,person:맥스웰,맥스웰,신체,변화,,침식된 채 콜드 슬립에 보관됨,슈엔이 손에 넣은 언체인드 탄환으로 기억 소거 없이 되살아남,,ch15,75,d_main_15af_02,d_main_14af_04,ch14,S36,F393 F395,확실,확정
D139,person:맥스웰,맥스웰,신념,기준,,,,"인류가 멸종하든 말든 연구 소재만 손에 들어오면 그만이고, 지상 탈환은 그걸 위해 부차적으로 노려 줄 일이라 한다",ch16,80,d_main_16af_01,,,,,확실,확정
D1380,person:맥스웰,맥스웰,관계,기준,person:지휘관,,,슈엔 몰래 자기 무기를 시험하려 지휘관을 '핸섬 베이비'라 부르며 강화 슈트 테스트라고 속여 지상에 데려가는,char:102,99,ep:d_nikke_maxwell_01,,,,,확실,확정
D1381,person:맥스웰,맥스웰,관계,변화,person:지휘관,속여서 데려가는 테스터,"목숨 건 호의가 진심임을 알고 거짓말하지 않겠다며, 볼수록 궁금한 흥미 대상",,char:102,99,ep:d_nikke_maxwell_03,ep:d_nikke_maxwell_03,char:102,S42,,확실,확정
D1382,person:맥스웰,맥스웰,관계,변화,person:지휘관,궁금한 흥미 대상,방주의 실험 쥐가 되지 않게 보고서를 고쳐 감추는 — '어떻게 찾아낸 베이비인데' 남에게 뺏길 수 없는 귀한 실험체,,char:102,99,ep:d_nikke_maxwell_04,ep:d_nikke_maxwell_04,char:102,S42,,확실,확정
D1383,person:맥스웰,맥스웰,관계,기준,person:슈엔,,,"'내 메티스'라 믿는다는 슈엔에게 '슈엔이 직접 만든 니케'라 따르겠다 답하면서, 지휘관 일은 보고서를 고쳐 감추는",char:102,99,ep:d_nikke_maxwell_05,,,,,확실,확정
D159,person:맥스웰,맥스웰,관계,기준,person:라플라스,,,'히어로 병 말기에 바보'라 놀리면서도 '네가 부르짖던 정의의 힘은 진짜였다'며 총을 쥐여 주고 일으켜 세우는,ch18,146,d_main_18_11,,,,,확실,확정
D611,person:맥스웰,맥스웰,관계,변화,person:슈엔,슈엔이 자기들을 성능 좋은 장난감으로 여긴다고 능청스레 말하는 부하,밉든 싫든 오너를 돕겠다면서도 무슨 짓을 하든 도울지는 모르겠다고 고민하는,,ch35,358,d_main_35_07,,,,,확실,확정
D645,person:맥스웰,맥스웰,관계,변화,person:슈엔,밉든 싫든 돕겠지만 무슨 짓을 하든 도울지는 고민하던,'우릴 만든이'가 무릎 꿇어 얻은 기회라며 망설임을 버리고 파워 업을 서두르는,,ch37,373,d_main_37_05,d_main_37_05,ch37,,,확실,확정
D656,person:맥스웰,맥스웰,신념,변화,,슈엔에게 공적을 주려 무리해서라도 알을 열자던,"헬름의 말에 사과하고 '우리답게', 메티스다운 공적을 세우겠다는",,ch38,375,d_main_38_01_s,d_main_38_01_s,ch38,S221,,확실,확정
D671,person:맥스웰,맥스웰,신체,변화,,언체인드 탄환으로 기억 소거 없이 되살아난,파워 업해 캐터펄트로 날아와 뒹굴고도 멀쩡한 '바보 같을 정도의 내구도',,ch38,375,d_main_38_08,,,,F1877,확실,확정
D1290,person:맥스웰,맥스웰,관계,변화,person:슈엔,연구실에 숨어드는 귀찮은 꼬맹이,'네가 하고 싶은 거 잔뜩 해 봐'라며 연구실에서 함께 지내며 선생처럼 가르치는,,fl:project_matis,467,fl:project_matis_05,fl:project_matis_04,fl:project_matis,S340,,확실,확정
D1291,person:맥스웰,맥스웰,관계,변화,person:슈엔,'너한테 내 인생을 걸었다'며 곁을 지키던,괴물로 변해 가는 걸 보기 싫다며 사직서를 내고 떠나는,,fl:project_matis,467,fl:project_matis_25,fl:project_matis_25,fl:project_matis,S340,F2793,확실,확정
D1293,person:맥스웰,맥스웰,신체,변화,,이터널 라이프로 젊음을 유지하던 인간 연구원,폭탄에 하반신을 잃고 니케가 된 메티스 둘째 · 미케닉,,fl:project_matis,467,fl:project_matis_26,fl:project_matis_25,fl:project_matis,S340,F2794,확실,확정
D1292,person:맥스웰,맥스웰,관계,변화,person:슈엔,'내 빌어먹을 꼬맹이'라 부르던 인간 맥스웰,기억은 있지만 친구의 애정보다 '창조주로서의 고마움'으로 처음 만난 사람처럼 손을 내미는 니케 맥스웰,,fl:project_matis,467,fl:project_matis_26,fl:project_matis_26,fl:project_matis,S340,F2794,확실,확정
D2225,person:맥스웰,맥스웰,성격,변화,,철저히 이해관계 · 효율로만 움직인다며 회사가 주는 것 말고는 먹지 않는,"밀려 넘어진 아이를 먼저 일으키고 사과를 받아 내며, 비효율이라던 미지근한 레모네이드를 '베이비가 준 것'이라 마시는",,char:105,469,ep:d_nikke_maxwell_mechanic_04,ep:d_nikke_maxwell_mechanic_03,char:105,S391,F528,확실,확정
D2227,person:맥스웰,맥스웰,관계,변화,person:지휘관,남에게 뺏길 수 없는 귀한 실험체,"실험 · 데이터를 떼고 더 알고 싶어져, 다른 니케처럼 케어를 청하고 입을 맞춘 뒤 '이제 부정하지 않겠다'며 연구를 함께 하자는",,char:105,469,ep:d_nikke_maxwell_mechanic_05,ep:d_nikke_maxwell_mechanic_01,char:105,S391,,확실,확정
D2226,person:맥스웰,맥스웰,신념,변화,,감정까지 호르몬의 메커니즘이라 과학으로 증명할 수 없는 것은 없다는,"과학으로 증명하기 힘든 '무언가'가 있음을 인정하되, 그것을 증명하는 것이 연구원의 본분이라는",,char:105,469,ep:d_nikke_maxwell_mechanic_05,ep:d_nikke_maxwell_mechanic_04,char:105,S391,,확실,확정
D42,person:머스탱,머스탱,성격,기준,,,,영어를 섞어 외치고 미러볼 조명 · 기괴한 춤과 함께 나타나는 '엔-터테인먼트!'의 테트라 CEO — 속내는 '잉그리드가 맘에 들어 한 이들을 보고 싶었다'고 흘린다,ch04,15,d_main_04af_08,,,,,확실,확정
D1394,person:머스탱,머스탱,관계,기준,person:메어리,,,"복수를 청한 테트라 걸들 대신, 관례인 기억 소거를 하지 않고 업보를 기억하며 살게 하는 벌을 준 사장",char:130,100,ep:d_nikke_mary_04,,,,,확실,확정
D1424,person:머스탱,머스탱,관계,기준,org:메이드_포_유,,,"'My Lovely 메이드들'의 사장으로서 맛있기만 한 초콜릿에는 진심이 없다며 행사를 막았다가, 다시 만든 초콜릿에 '그 Mind 잊지 마세요' 하고 합격을 주는",event_maidinvalentine,175,event_maidinvalentine_01_s,,,,,확실,확정
D208,person:머스탱,머스탱,신념,기준,,,,"양극화된 방주가 증오로 무너지지 않게 어둠을 아는 자에게 왕관을 씌우고, 갓데스가 지켜 낸 인류는 그저 살아만 있지 말고 엔터테인먼트하게 살아야 한다고 믿는",event_cherryblossom,183,event_cherryblossom_intermission_01,,,,F832,확실,확정
D1519,person:머스탱,머스탱,관계,기준,person:레오나,,,"동물권 단체와 함께 운영한다며 반대하다가도, 결심하면 밀어붙이는 'Lion Heart' 레오나의 직접 부탁이라는 말에 모두 안전히 돌아오라는 조건으로 허락하는 사장",event_lionheart,263,event_lionheart_intermission_01,,,,,확실,확정
D1629,person:머스탱,머스탱,관계,변화,person:지휘관,서로 믿고 움직이는 'Entertainment 관계',자기는 사장이지 지휘관이 아니라며 메이드들뿐 아니라 니케들을 맡기는,,event_romanticvalentine,355,event_romanticvalentine_05_s,,,,F1783,추정,확정
D610,person:머스탱,머스탱,관계,기준,person:아니스,,,"'My 아니스'라 부르며 은퇴를 장기 휴가로 돌려 늘 돌아오길 기다리고, 정식 은퇴엔 T.T.STAR 은퇴 공연을 조건으로 거는 사장",ch35,358,d_main_35_04,,,,,확실,확정
D797,person:머스탱,머스탱,관계,기준,person:미세스_미스,,,"연예계의 '몬스터 메이커'라 My Star를 숨겨 왔고, 노래 · 춤만 가르치는 조건을 어기면 용서하지 않겠다며 허락하는",ch40,398,d_main_40_af_05,,,,,확실,확정
D831,person:머스탱,머스탱,관계,기준,person:벨벳,,,"'My Velvet'이라 부르며 예전에 신세를 진 옛 쉐이드 리더를, 이벤트를 성공시키는 조건으로 늦기 전에 거두는",fl:coins_in_rush,404,fl:coins_in_rush_20,,,,,확실,확정
D832,person:머스탱,머스탱,관계,기준,person:지휘관,,,지휘관을 미끼 · 악당 역으로 쓰면서도 서로 믿고 움직이는 'Entertainment 관계'라 여기는,fl:coins_in_rush,404,fl:coins_in_rush_20,,,,,확실,확정
D1091,person:머스탱,머스탱,관계,기준,person:한슨,,,이사 한슨의 정강이를 걷어차며 '어떻게든 하라'고 부리는 폭군 상사 — 진짜 머스탱,side:pretty_star,447,side:pretty_star_01,,,,,확실,확정
D1098,person:머스탱,머스탱,관계,기준,person:프리티,,,이름도 모르는 '노래 부른 고철'을 막 굴리고 축하 파티에 술이나 따르게 하려는,side:pretty_star,447,side:pretty_star_04,,,,,확실,확정
D1140,person:머스탱,머스탱,관계,변화,person:아니스,'My 아니스'라 부르며 돌아오길 기다리던,프리티로 만든 STAR를 맡긴 아니스에게 오히려 '고맙다'는,,ch45,450,d_main_45_09,d_main_45_08,ch45,S314,,추정,확정
D1185,person:머스탱,머스탱,관계,기준,person:요요,,,"'쥐뿔도 없는 거 니케로 만들어 포스트 프리티로 밀어줬다'며 1위 요요를 깔보고, 머리에 총 맞고 죽을 생각은 없냐고 묻는",event_staranis1,454,event_staranis1_03_s,,,S322,F2676,확실,확정
D1184,person:머스탱,머스탱,관계,변화,person:한슨,정강이를 걷어차며 부리는 폭군 상사,'내 소중한 한슨' — 이사 자리를 비워 두고 '아버지'라 부르라는 아버지,,event_staranis1,454,event_staranis1_03_s,,,S322,F2674,확실,확정
D1197,person:머스탱,머스탱,관계,변화,person:한슨,이사 자리를 비워 두고 돌아오길 바라는,달려드는 아들이 재밌다며 더 부숴 보겠다는,,event_staranis1,454,event_staranis1_05_s,event_staranis1_05_s,event_staranis1,S322,F2680,확실,확정
D1203,person:머스탱,머스탱,관계,변화,person:요요,포스트 프리티로 밀어주던 1위,'다 네가 한 거'라며 잘라내는 머저리 같은 고철,,event_staranis1,454,event_staranis1_06_s,,,S322,F2683,확실,확정
D1227,person:머스탱,머스탱,관계,변화,person:한슨,달려드는 아들이 재밌다며 더 부숴 보겠다는,'평생 흉내 내며 회사를 잇는 아들'이 죽여주게 재밌다며 치료제를 깨고 '역시 내 아들'이라는,,event_staranis1,454,event_staranis2_05_s,,,S323,F2700,확실,확정
D1737,person:머스탱,머스탱,관계,기준,person:민트,,,'My Precious Idol은 무엇과도 비교할 수 없다'며 아주 오래 지켜본 민트 곁의 남자를 결사반대하는 사장,fl:b-side_idol,458,fl:b-side_idol_12,,,,,확실,확정
D1738,person:머스탱,머스탱,관계,변화,person:지휘관,자기는 사장일 뿐이라며 니케들을 맡기는 믿음,Good Person이라 믿지만 아니스에 이어 민트까지 뺏으려 한다며 '남자 대 남자로는' 인정 못 하는,,fl:b-side_idol,458,fl:b-side_idol_14,fl:b-side_idol_11,fl:b-side_idol,S327,,확실,확정
D1745,person:머스탱,머스탱,관계,기준,person:프리카,,,"신곡을 재촉하면서도 일주일을 주고, 커지는 불화설엔 'My Star들을 믿는다, You들은 Strong'이라며 묻지도 않는 사장",fl:bitter_spice,460,fl:bitter_spice_08,,,,,확실,확정
D1265,person:머스탱,머스탱,관계,기준,person:아크레인저_블랙,,,"Heavy Body와 무장을 주되 'Body의 Power가 Hero의 자격이라 생각하면 오산'이라 일러두고, 탈퇴는 'TV 속에 있다고 Fake 아니다'로 물리는",fl:ark_ranger,462,fl:ark_ranger_08,,,,,확실,확정
D1266,person:머스탱,머스탱,관계,변화,person:아크레인저_블랙,힘이 자격은 아니라며 지켜보던 사장,'You들의 Mind는 이미 Hero' — 그 마음에 걸맞은 힘(아크 머신)을 주며 출격시키는,,fl:ark_ranger,462,fl:ark_ranger_21,fl:ark_ranger_21,fl:ark_ranger,S335,F2741,확실,확정
D1384,person:메어리,메어리,성격,기준,,,,늘 웃으며 기억 상실도 '신기하죠'라 넘기고 페퍼 · 지휘관을 놀리는 해맑은 '백의의 천사' 의사 니케,char:130,100,ep:d_nikke_mary_01,,,,,확실,확정
D1385,person:메어리,메어리,관계,기준,person:페퍼,,,인턴 시절 귀여웠다는 페퍼를 기억 못 해 아쉽다며 놀리고 아끼는 선배,char:130,100,ep:d_nikke_mary_01,,,,,확실,확정
D1387,person:메어리,메어리,관계,기준,person:지휘관,,,"꾀병으로 찾아온 지휘관에게 수면 처방을 내리고 '신비주의'라며 자기 일은 감추는, 놀리기 좋은 환자로 대하는",char:130,100,ep:d_nikke_mary_02,,,,,확실,확정
D1389,person:메어리,메어리,신념,기준,,,,"죽음 뒤에 새 삶이 주어지면 사람이 더 가치 있어진다고 여겨, 죽을 환자의 뇌를 동의 없이 팔아 니케로 만들던 인간 시절의 의사",char:130,100,ep:d_nikke_mary_03,,,,,확실,확정
D1391,person:메어리,메어리,기억,기준,,,,인간 시절을 모두 기억하면서 기억 상실 니케를 연기한다 — 머스탱이 벌로 기억을 지우지 않았다,char:130,100,ep:d_nikke_mary_03,,,,,확실,확정
D1390,person:메어리,메어리,신념,변화,,새 삶을 주는 일이 사람을 가치 있게 한다,"그 모두가 죄였음을 알고, 용서받을 길은 없다 여기면서도 살아서 그 죄를 치료하겠다는",,char:130,100,ep:d_nikke_mary_04,ep:d_nikke_mary_04,char:130,S354,,확실,확정
D1386,person:메어리,메어리,관계,변화,person:페퍼,놀리기만 하는 선배,자기를 민 이가 페퍼임을 알면서 처음으로 '이 일을 계속할 수 있는 건 페퍼 덕분'이라 고마움을 말하고 그 일만은 모르게 지키는,,char:130,100,ep:d_nikke_mary_05,ep:d_nikke_mary_04,char:130,S354,,확실,확정
D1388,person:메어리,메어리,관계,변화,person:지휘관,놀리며 속을 감추는 의사와 환자,죄를 나눠 지겠다는 그를 '공범자 님'이라 부르며 비밀을 함께 지는 사이,,char:130,100,ep:d_nikke_mary_05,ep:d_nikke_mary_04,char:130,S354,,확실,확정
D262,person:메어리,메어리,관계,변화,person:지휘관,비밀만 지켜 주길 바란 공범자,속죄하는 동안 편을 들겠다는 공범자에게 한 약속을 지키겠다며 품에서 우는 사이,,event_bluewaterisland,209,event_bluewaterisland2_05_e,event_bluewaterisland2_05_e,event_bluewaterisland,S77,,확실,확정
D263,person:메어리,메어리,신념,변화,,페퍼가 그 계단에서 기억을 떠올릴까 두려워 섬을 떠나기 싫어하는,경멸받더라도 자기 죄로 다친 니케들이 흘러드는 리페어 센터로 돌아가 속죄하겠다는,,event_bluewaterisland,209,event_bluewaterisland2_05_e,event_bluewaterisland2_05_e,event_bluewaterisland,S77,F972,확실,확정
D2039,person:메어리,메어리,신체,변화,,리페어 센터의 의사 니케 바디,섬에서의 사고에 대비해 몸에 든 이물질의 성분을 파악하는 의료 실험용 바디로 바꾸고 온 — 과용하면 사고 전환이 오는,,char:132,210,ep:d_nikke_Mary_BayGoddess_02,,,S78,F976,확실,확정
D2040,person:메어리,메어리,관계,변화,person:지휘관,속죄하는 동안 편을 들겠다는 공범자의 품에서 우는,"의사로서 대하지 못할까 겁날 만큼 특별해진 지휘관에게 먼저 입 맞추고, '우리, 비밀이 또 생겨버렸네요' 하는",,char:132,210,ep:d_nikke_Mary_BayGoddess_05,ep:d_nikke_Mary_BayGoddess_05,char:132,S78,F977,확실,확정
D1810,person:메이든,메이든,성격,기준,,,,"'저는 언제나 말뿐'이라 한숨 쉬며 '제가 그렇죠' 자조하고, 처음 들은 고맙다는 말 한마디에 울다가 '사랑해요'가 튀어나오는 — 비관적이고 감정이 앞서는",char:181,101,ep:d_nikke_maiden_01,,,,,확실,확정
D1813,person:메이든,메이든,관계,기준,person:지휘관,,,익스터너 일로 한 번도 듣지 못한 '고맙다'는 말을 해 준 지휘관에게 울며 마음을 열고 '다음에 또 얘기할 수 있을까요' 하는,char:181,101,ep:d_nikke_maiden_01,,,,,확실,확정
D1811,person:메이든,메이든,신념,기준,,,,"둘뿐인 극비 스쿼드라 동료애 · 소속감을 느껴 본 적이 없어, 어딘가에 소속되어 관계를 넓혀 가는 이들을 부러워하며 소속감을 바라는",char:181,101,ep:d_nikke_maiden_02,,,,F545,확실,확정
D1812,person:메이든,메이든,신념,변화,,소속감을 바라기만 하던,"게임 길드에서 '블랙로즈'로 기대받고, 늦은 오프 모임에서도 기다려 준 길드원들과 어울리며 소속감을 찾은",,char:181,101,ep:d_nikke_maiden_04,ep:d_nikke_maiden_03,char:181,,F545,확실,확정
D1814,person:메이든,메이든,관계,변화,person:지휘관,고민을 털어놓고 기대는 상대,지휘관 방에 눌어붙어 지내다 길드원에게 결혼한 사이라 해 버리고 부부 연기를 청하며 '전부 고마워요' 하는,,char:181,101,ep:d_nikke_maiden_05,ep:d_nikke_maiden_04,char:181,,F545,확실,확정
D478,person:메이든,메이든,관계,기준,person:트로니,,,트로니의 '고마워' 한마디에 울며 저도 모르게 머리를 쓰다듬고 놓지 못하는,event_darkhero,298,event_darkhero_01_e,,,,,확실,확정
D477,person:메이든,메이든,신념,변화,,친구라도 명령이면 울면서 [정지]로 멈춰 넘기는 익스터너,명령을 어기고 트로니에게 길을 열어 주며 임무 실패를 보고하는,,event_darkhero,298,event_darkhero_06_s,event_darkhero_06_s,event_darkhero,S147,,확실,확정
D492,person:메이든,메이든,관계,기준,person:길티,,,"자기는 길티보다 강해 부서지지 않는다며 친구가 되지만, 길티가 다시 죄를 지으면 '잡아야 하는데 그럴 수 있을지' 모르겠다는",event_beautyfullshot1,305,event_beautyfullshot2_05_e,,,,,확실,확정
D1615,person:메이든,메이든,성격,변화,,냉소적이지만 게임 동료들에게 마음을 연,근신 중 숙소에 틀어박혀 게임만 하며 '이제 그 누구와도 파티를 맺지 않는다'고 문을 닫은,,event_icedragonsaga1,347,event_icedragonsaga1_02_e,event_darkhero_06_s,event_darkhero,S191,,확실,확정
D1618,person:메이든,메이든,관계,기준,person:길로틴,,,중2병 설정을 늘어놓는 길로틴의 파티 신청을 '거절할게요'로 잘라 내고 마음 맞는 다른 동료를 찾으라는 — 설정 뒤에 아픔을 숨긴 그에게서 자기 모습이 겹쳐 보여 싫어하던,event_icedragonsaga1,347,event_icedragonsaga1_02_e,,,,,확실,확정
D1616,person:메이든,메이든,신념,변화,,명령을 어기고 트로니에게 길을 열어 준,익스터너로도 게이머로도 있을 수 없다며 기억 소거로 두려운 일을 지우고 다시 나아가려는,,event_icedragonsaga1,347,event_icedragonsaga1_06_e,event_darkhero_06_s,event_darkhero,S191,,확실,확정
D1617,person:메이든,메이든,신념,변화,,기억 소거로 두려운 기억을 지우고 '공과 사를 구분하는' 익스터너로 돌아가려는,"주문처럼 외던 익스터너의 원칙 대신 벗에게 손을 내밀어, 중앙 정부의 비밀 요원이 될 수 없음을 받아들인",,event_icedragonsaga1,347,event_icedragonsaga2_05_e,event_icedragonsaga2_04_s,event_icedragonsaga1,S191,,확실,확정
D1619,person:메이든,메이든,관계,변화,person:길로틴,자기와 겹쳐 보여 싫어하며 파티를 거절하던,"싫어했던 걸 후회하며 쓰러뜨리는 대신 [언령]으로 일으키고 '해요, 파티'라며 손을 잡은",,event_icedragonsaga1,347,event_icedragonsaga2_05_e,event_icedragonsaga2_04_s,event_icedragonsaga1,S191,,확실,확정
D1765,person:모나,모나,관계,기준,person:지휘관,,,게이트 키퍼를 쓰러뜨린다는 목적이 같다며 '지휘관 나리'와 손을 잡는 거래 상대,fl:persona_on_frontline,474,fl:persona_on_frontline_10,,,,,확실,확정
D1767,person:모나,모나,기억,기준,,,,고양이 같은 겉모습이지만 '당연히 인간이다'라며 스스로를 인간으로 정의하는 — 팬텀이 인정하자 '고마워',fl:persona_on_frontline,474,fl:persona_on_frontline_23,,,,,확실,확정
D1766,person:모나,모나,관계,변화,person:지휘관 person:미란다,목적이 같아 손잡은 거래 상대,방주에서의 추억이 사라지는 게 싫을 만큼 정들어 잊는다는 것을 겨우 인정하는,,fl:persona_on_frontline,474,fl:persona_on_frontline_27,,,,,확실,확정
D675,person:모리,모리,관계,기준,person:미하라,,,'여기서만 나가면 다시는 안 볼 테니까'라며 미하라의 다가옴을 '모아 놓은 거 뺏어 가려고?'로 의심하는,event_unbreakablesphere1,377,event_unbreakablesphere1_02_s,,,,,확실,확정
D674,person:모리,모리,성격,기준,,,,"이유 없는 친절은 위선이라 불편하다며 밀어내고 '믿는 순간 뒤통수를 친다'고 경계하면서도, 물방울이 귀여워 몰래 만져 보고 싶어 하는",event_unbreakablesphere1,377,event_unbreakablesphere1_03_s,,,,,확실,확정
D676,person:모리,모리,관계,기준,person:세이렌,,,구해 주고 먹여 주는 세이렌에게 '왜 아무것도 바라지 않는 척 착한 척 구냐 · 위선 떨지 마'라 쏘아붙이는,event_unbreakablesphere1,377,event_unbreakablesphere1_03_s,,,,,확실,확정
D679,person:모리,모리,소속,기준,,,,폐기 집행이 두 달 뒤로 정해진 인큐베이터 스쿼드의 니케,event_unbreakablesphere1,377,event_unbreakablesphere1_intermission_01,,,,,확실,확정
D677,person:모리,모리,성격,변화,,보급을 숨기고 굶겨도 모르는 척 웃어 넘기던,같은 스쿼드원에게 처음 폭력을 쓰고 '악의에는 악의로' 답하기로 한,,event_unbreakablesphere1,377,event_unbreakablesphere1_04_s,event_unbreakablesphere1_04_s,event_unbreakablesphere1,S223,,확실,확정
D678,person:모리,모리,신념,기준,,,,악의로 가득한 세상에서 타인의 불행을 제물 삼아서라도 살아남으려 지엔의 손을 잡은,event_unbreakablesphere1,377,event_unbreakablesphere1_04_s,,,S223,,확실,확정
D680,person:모리,모리,관계,변화,person:세이렌,위선이라며 밀어내던,"'태어난 걸 축하해'에 처음 울고, 의심했던 것을 고백하고 내민 손을 잡아 '고마워'라 하는",,event_unbreakablesphere1,377,event_unbreakablesphere1_04_e,event_unbreakablesphere1_04_e,event_unbreakablesphere1,,,확실,확정
D681,person:모리,모리,관계,변화,person:미하라,'다시는 안 볼' 사이로 밀어내던,무릎 꿇고 용서를 비는 처지임을 알면서 '뭐든 할 테니 한 번만 도와 달라'고 청하는,,event_unbreakablesphere1,377,event_unbreakablesphere2_01_e,event_unbreakablesphere1_intermission_01,event_unbreakablesphere1,,,확실,확정
D682,person:모리,모리,성격,변화,,랩쳐가 무서워 늘 땅을 파고 숨던,두려움을 외면하고 삽 대신 총을 잡고 글러트니를 쫓아 뛰는,,event_unbreakablesphere1,377,event_unbreakablesphere2_intermission_01,event_unbreakablesphere2_01_e,event_unbreakablesphere1,,,확실,확정
D683,person:모리,모리,신념,변화,,"악의에는 악의로, 무슨 수를 써서라도 혼자 살아남으려던",'선의에 선의로 보답하는 게 맞다'는 걸 증명해 달라며 세이렌을 위해 함께 죽겠다는,,event_unbreakablesphere1,377,event_unbreakablesphere2_05_e,event_unbreakablesphere1_04_e,event_unbreakablesphere1,,,확실,확정
D684,person:모리,모리,소속,변화,,폐기를 앞둔 인큐베이터 스쿼드,폐기를 면하고도 방주로 돌아가지 않고 세이렌 · 신데렐라 일행과 지상을 다니는 탈주 니케,,event_unbreakablesphere1,377,event_unbreakablesphere2_epilogue,event_unbreakablesphere2_epilogue,event_unbreakablesphere1,,F1903,확실,확정
D2161,person:모리,모리,관계,기준,person:지휘관,,,"취해서 '군복'에게 평가자가 돼 달라 조르고, 맨정신에는 말을 더듬으며 지켜보고 좋은 점수만 달라고 매달리는",char:590,381,ep:d_nikke_mori_02,,,S226,,확실,확정
D2162,person:모리,모리,관계,변화,person:지휘관,좋은 점수만 달라고 매달리던 평가 대상,평가가 무의미해진 뒤에도 '시선이나 소문에 휘둘리지 않고 믿어 주고 생존법을 알려 줘서' 고맙다고 하는,,char:590,381,ep:d_nikke_mori_05,ep:d_nikke_mori_04,char:590,S226,,확실,확정
D887,person:모리,모리,관계,변화,person:지휘관,폐기를 앞두고 평가받던 인큐베이터 니케,'평가자님 덕분에' 애정을 주는 사람이 생겼다며 울먹이는,,ch42,416,d_main_42_02,,,S270,,확실,확정
D888,person:모리,모리,성격,변화,,두려움을 외면하고 총을 잡고 글러트니를 쫓아 뛰는,'아무 쓸모도 없다'며 자신 없어 하다 특훈을 받아들이고 '이제 진짜 괜찮다'는,,ch42,416,d_main_42_af_08,d_main_42_08,ch42,,,확실,확정
D1753,person:모리,모리,신념,변화,,선의에 선의로 보답하려 세이렌을 위해 함께 죽겠다던,"받아들여진 기쁨 속에, 언젠가 헤어질 때 '혼자서도 괜찮다'고 웃으며 말하려 강해지려는",,fl:wave_to_you,464,fl:wave_to_you_22,,,S336,,확실,확정
D204,person:목단,목단,성격,기준,,,,"벚꽃 축제를 봄 축제로 착각하고, 무엇이든 '의리'를 들이대며 속이 표정에 다 드러나는 단순하고 시끄러운 협객",event_cherryblossom,183,event_cherryblossom_02_s,,,,,확실,확정
D205,person:목단,목단,관계,기준,person:사쿠라,,,"복숭아 퍼펙트 공장 앞에서 형제의 잔을 나눈 '누님'을 자처하며 사쿠라의 결혼을 반대하지만, 번번이 사쿠라에게 휘둘리는 사이",event_cherryblossom,183,event_cherryblossom_02_s,,,,,확실,확정
D206,person:목단,목단,신념,기준,,,,아우터 림 사람도 포멀도 의지만 있으면 협객이 될 수 있다는 것을 보이려 맹약에 든다 — 사람은 당연히 사람으로 본다,event_cherryblossom,183,event_cherryblossom_intermission_01,,,,F831,확실,확정
D1441,person:목단,목단,관계,기준,person:로산나,,,"자꾸 자기만 빼놓는다며 '언더월드 퀸의 의리'를 따지다가도 '너 괜찮냐?' 걱정하고, 살아남은 콘실리에리를 찾아 전화로 이어 주는",event_queensorder,207,event_queensorder_05_s,,,,,확실,확정
D271,person:목단,목단,관계,기준,person:E.H.,,,"E.H.를 사람이 안 다치게 아우터 림의 목소리를 전하려 애쓴 녀석이라 믿고, 그를 원망하는 주민 앞에서 '그거 아냐'라며 감싸는",ch23,214,d_main_23_03_e,,,,,확실,확정
D366,person:목단,목단,관계,기준,person:지휘관,,,"'동생'이라 부르며 이마가 땅에 닿게 무릎 꿇고 도와 달라 하고, '나는 널 믿으니까'에 제일 듣고 싶던 말이라며 목숨을 걸고 지키겠다는",event_dirtybackyard,265,event_dirtybackyard_01_e,,,,,확실,확정
D367,person:목단,목단,신념,변화,,의리로 구역 사람들을 지켜 주는 협객,질서를 어긴 제 구역을 제 손으로 불태우고 '아무것도 해결된 게 없다'며 괴로워하는,,event_dirtybackyard,265,event_dirtybackyard_epilogue,event_dirtybackyard_06_s,event_dirtybackyard,S122,,확실,확정
D716,person:목단,목단,관계,기준,person:K,,,시지 패러리스를 '나쁜 놈들'이라 부르며 K와 말끝마다 부딪치는,event_lordforjustice,385,event_lordforjustice_02_e,,,,,확실,확정
D717,person:목단,목단,관계,변화,person:K,'나쁜 놈들'이라 맞서던,꼭두각시라 자책하는 K를 끌고 가 자기 정의를 보여 주는,,event_lordforjustice,385,event_lordforjustice_04_e,event_lordforjustice_04_e,event_lordforjustice,,,확실,확정
D715,person:목단,목단,신념,변화,,제 구역을 불태우고 '아무것도 해결된 게 없다'며 괴로워하던,"마을을 부순 것도 그들을 가슴에 묻고 사는 것도 후회하지 않고, 잘못은 고치면 된다는",,event_lordforjustice,385,event_lordforjustice_05_s,event_lordforjustice_05_s,event_lordforjustice,,F1965,확실,확정
D1058,person:목단,목단,신념,변화,,마을을 부순 것도 후회하지 않고 잘못은 고치면 된다는,누명도 상관없다 — 잃을 게 없는 자기가 혼자 짊어지고 부하들은 더 떨어지게 두지 않겠다는,,ch44,436,d_main_44_af_05,,,S297,,확실,확정
D1060,person:목단,목단,소속,변화,,전통복을 입을 자격이 없다며 개인으로 움직이던,따라온 부하들에게 옷을 받아 다시 모란회 보스로 앞장서는,,ch44,436,d_main_44_af_05,,,S297,F2449,확실,확정
D1065,person:목단,목단,관계,기준,person:슈가,,,본거지에 함께 가면서도 '아직 네가 한 짓을 용서 못 해' — 알고도 그랬다면 같은 선택을 하겠다는,ch44,436,d_main_44_af_08,,,,,확실,확정
D1270,person:목단,목단,소속,변화,,모란회 보스(D1060),누명 뒤 이미지 쇄신으로 머스탱이 밀어 넣은 아크레인저 극장판 빌런 '칠흑여제 다크니스 플라워' 배우,,fl:ark_ranger,462,fl:ark_ranger_14,,,S335,F2740,확실,확정
D1815,person:미란다,미란다,성격,기준,,,,"'1급 비밀'이라면서 큰 소리로 말해 버리고 감찰관 연기가 들통난 줄도 모르는, 덜렁대지만 깍듯하고 진지한 신입 경찰",char:32,102,ep:d_nikke_miranda_01,,,,,확실,확정
D1819,person:미란다,미란다,관계,기준,person:지휘관,,,'상담의 귀재'라는 소문을 듣고 찾아와 1급 비밀을 털어놓고 기대는,char:32,102,ep:d_nikke_miranda_01,,,,,확실,확정
D1816,person:미란다,미란다,소속,기준,,,,A.C.P.U. 경찰로 일하지만 실은 감사를 위해 비밀리에 파견된 중앙 정부 감사부 감찰관,char:32,102,ep:d_nikke_miranda_01,,,,F546,확실,확정
D1821,person:미란다,미란다,관계,기준,person:폴리,,,감사부 메시지를 들킬까 폴리 앞에서 허둥대며 감찰관 신분을 숨기는,char:32,102,ep:d_nikke_miranda_01,,,,,확실,확정
D1817,person:미란다,미란다,신념,기준,,,,폭탄이 공원 밖 시민까지 다치게 할까 봐 니케 몸으로 폭탄을 안고 남겠다는 — 'A.C.P.U.의 경찰입니다! 시민을 지켜야 합니다!',char:32,102,ep:d_nikke_miranda_04,,,,F549,확실,확정
D1822,person:미란다,미란다,관계,변화,person:폴리,신분을 숨겨 한 스쿼드인 폴리를 속인다며 괴로워하던,다 알고도 '늘 진심이었다'며 감싸 준 폴리에게 다시는 '경찰관이 아니'라 하지 않겠다는,,char:32,102,ep:d_nikke_miranda_05,ep:d_nikke_miranda_05,char:32,,F546,확실,확정
D1818,person:미란다,미란다,신념,변화,,'Mr. 0 말대로 민폐'라며 경찰을 그만두려던,폭탄을 찾아 시민을 지킨 뒤 감찰부도 A.C.P.U.도 그만두고 싶지 않다며 — '이 일이 너무 좋다' — 두 일을 다 하기로 한,,char:32,102,ep:d_nikke_miranda_05,ep:d_nikke_miranda_04,char:32,,F547,확실,확정
D1820,person:미란다,미란다,관계,변화,person:지휘관,상담하러 찾아간 지휘관,함께 목숨을 건 지휘관을 '다음엔 다치지 않게 지켜 드리겠다'며 끌어안고 믿어 줘서 고맙다는,,char:32,102,ep:d_nikke_miranda_05,ep:d_nikke_miranda_04,char:32,,F549,확실,확정
D1589,person:미란다,미란다,관계,기준,person:팬텀,,,"잃어버린 것을 돌려주는 팬텀을 '저와 같은 일'이라며 괴도 경찰로 돕겠다고 하고, 진짜 도둑이면 자기가 체포하겠다는",event_phantomthiefvsdetective,328,event_phantomthiefvsdetective_01_s,,,,,확실,확정
D837,person:미란다,미란다,성격,변화,,겁이 많고 엉뚱한,괴생명체가 무서워 떨면서도 '경찰은 시민을 보호하고 방주를 지킨다'며 남아 시선을 끄는,,fl:reborn_evil,407,fl:reborn_evil_22,d_main_22_01_e,ch22,,,확실,확정
D2186,person:미란다,미란다,기억,기준,,,,"랩쳐가 하늘을 무너뜨리고 쏟아져 니케가 쓰러지고 시민이 짓밟히던 방주 습격의 날, 공포에 굳어 버린 자기 모습을 악몽처럼 떠올리며 '랩쳐는 인류의 적'이라 되뇐다",char:841,410,ep:d_nikke_ce007_02_02,,,,,확실,확정
D909,person:미러,미러,관계,기준,person:퀸,,,불의의 사고 뒤 겁쟁이가 되어 내려오지 않은 '어머니'에게 '질려서요. 실망했고' 하는,event_goddessfall1,418,event_goddessfall1_04_e,,,,,확실,확정
D908,person:미러,미러,신념,기준,,,,"제 손으로 만든 · 자기가 제어할 수 있는 퀸(꼭두각시)을 세우고, 자기는 방관자로 있다 결정적 순간에 돕겠다는",event_goddessfall1,418,event_goddessfall1_04_e,,,,,확실,확정
D910,person:미러,미러,관계,기준,person:장화,,,랩쳐 · 니케 · 인간 모두 벨 수 있어 되살린 '제 검' — 꼭두각시가 아니라 '대행'이라 부르는,event_goddessfall1,418,event_goddessfall1_04_e,,,,,확실,확정
D942,person:미러,미러,관계,기준,person:토커티브,,,퀸이 인정했다는 거짓 사명에 매달리게 해 정보를 물어 오게 하는 '이용해먹기 쉬운 가여운 꼭두각시'로 다루는,event_goddessfall1,418,event_goddessfall2_05_s,,,,,확실,확정
D957,person:미러,미러,소속,변화,,먼발치에서 지켜보며 마리안을 퀸으로 키우던 방관자,퀸 쪽에 붙어 나유타에게 최신 정보를 넘기는 이중 첩자,,event_goddessfall1,418,event_goddessfall2_epilogue,,,S275,F2322,확실,확정
D1050,person:미러,미러,관계,변화,person:퀸,내려오지 않은 어머니에게 실망한,대화가 통할 리 없는 진짜 괴물로 확신하는,,ch44,436,d_main_44_08_e,,,S297,,확실,확정
D1156,person:미러,미러,신념,변화,,제 손으로 만든 꼭두각시 퀸을 세우려는,퀸이 너무 규격 외라 마리안도 방주도 아깝지만 기회를 다음으로 미루는,,ch46,452,d_main_46_11,,,S318,,확실,확정
D1155,person:미러,미러,관계,변화,person:나유타,랩쳐 편인 척 정보를 주는 오랜 동업자,실망했다며 침식시켜 꼭두각시로 삼은,,ch46,452,d_main_46_11,,,S318,,확실,확정
D2120,person:미사토,미사토,성격,기준,,,,"다른 세계에서 온 임시 교사로, 맥주 타령을 하며 털털하게 굴지만 만난 지 얼마 안 된 마르차나가 학생을 대하는 진심을 알아보고 '훌륭하고 멋진 선생님'이라 북돋는",char:833,321,ep:d_nikke_ce004_04_04,,,S169,,확실,확정
D796,person:미세스_미스,미세스 미스,신념,기준,,,,있던 별이 없어져 방주에 별이 없으니 흥분할 것도 없다며 프로듀싱을 그만둔 — 관심은 오직 방주의 별,ch40,398,d_main_40_af_03,,,,,확실,확정
D858,person:미세스_미스,미세스 미스,신념,변화,,방주에 별이 없다며 프로듀싱을 그만두었던,다시 이 눈으로 방주의 별을 보고 싶어 T.T.STAR를 맡은,,ch41,414,d_main_41_af_01,,,S269,,확실,확정
D859,person:미세스_미스,미세스 미스,관계,변화,person:아니스 person:민트 person:프리카,첫날 춤과 노래를 보고 '이쪽별은 아니구나' 했던,스마일 박스를 겪고도 노래하겠다는 셋을 '훌륭한 새끼별'이라 부르고 다 타지는 말라 이르는,,ch41,414,d_main_41_af_01,,,S269,,확실,확정
D895,person:미세스_미스,미세스 미스,관계,기준,person:아니스,,,"별들의 별은 완전무결해야 해 힘들다며, 조금 삐뚤어진 별이어도 되니 다 태우지 말라고 등을 떠미는",ch42,416,d_main_42_af_06,,,S271,F2244,확실,확정
D1093,person:미세스_미스,미세스 미스,성격,기준,,,,'사연이 재능'이라며 비운의 사연을 무대 상품으로 바로 알아보는 프로듀서,side:pretty_star,447,side:pretty_star_01,,,,,확실,확정
D1099,person:미세스_미스,미세스 미스,관계,기준,person:머스탱,,,공들여 키운 니케들을 높으신 분들에게 보낸 그에게 '쓰레기 같은 놈 · 넌 지옥에 떨어질 거야'라 하면서도 따르는,side:pretty_star,447,side:pretty_star_05,,,,,확실,확정
D1103,person:미세스_미스,미세스 미스,관계,기준,person:프리티,,,"연설 퍼포먼스를 함께 짜며, 프리티를 정부에 팔겠다는 머스탱에게 '그렇게 버리는 건 용납 못 해'라 막아서는 프로듀서",side:pretty_star,447,side:pretty_star_07,,,,,확실,확정
D1114,person:미세스_미스,미세스 미스,소속,변화,,테트라의 프로듀서,'찾을 것'이 있다며 퇴사한,,side:pretty_star,447,side:pretty_star_13,side:pretty_star_13,side:pretty_star,,F2557 F2091-2,확실,확정
D1230,person:미세스_미스,미세스 미스,소속,변화,,'찾을 것'이 있다며 퇴사한,"전권을 받아 테트라의 부정을 뿌리까지 쓸고, 끝나면 다시 나가기로 한",,event_staranis1,454,event_staranis2_05_e,,,S323,F2703,확실,확정
D1828,person:미카,미카,관계,기준,person:지휘관,,,이상한 애로 보고 다른 지휘관들처럼 쫓아낼까 겁내며 지휘관실 앞에서 머뭇거리는 — '아저씨',char:61,103,ep:d_nikke_mica_01,,,,,확실,확정
D1824,person:미카,미카,성격,기준,,,,"낯선 사람 앞에서 지휘관 등 뒤로 숨고, '우리가 아닌 사람들은 다 어렵고 무서운 사람들'이라 여겨 온 겁 많은 낯가림",char:61,103,ep:d_nikke_mica_03,,,,,확실,확정
D1826,person:미카,미카,관계,기준,person:벨로타,,,벨로타가 없었으면 외로워 진작 죽었을 거라며 벨로타만 있으면 된다 — 새 친구를 사귀면 벨로타를 배신하는 것 같다는,char:61,103,ep:d_nikke_mica_03,,,,,확실,확정
D1827,person:미카,미카,관계,변화,person:벨로타,벨로타만 있으면 되고 새 친구는 배신,"누구와 친구가 돼도 벨로타가 첫 번째 친구 — '넌 족쇄 아냐, 내 친구야'라고 말하는",,char:61,103,ep:d_nikke_mica_05,ep:d_nikke_mica_04,char:61,,F553,확실,확정
D1825,person:미카,미카,성격,변화,,벨로타 말고는 다 무서운 사람이라 숨던,폴리에게 받은 퍼펙트의 보답을 약속하고 스스로 친구를 만나러 나가는,,char:61,103,ep:d_nikke_mica_05,ep:d_nikke_mica_04,char:61,,F553,확실,확정
D1829,person:미카,미카,관계,변화,person:지휘관,쫓겨날까 겁내던 벨로타의 '아저씨',행복을 바란다며 두 번째 친구가 되어 준 지휘관에게 고마워 볼에 입을 맞추는,,char:61,103,ep:d_nikke_mica_05,ep:d_nikke_mica_04,char:61,,F553,확실,확정
D1505,person:미카,미카,성격,변화,,벨로타를 잃자 체념해 절벽 끝으로 걸어가던,평소라면 건너지 않았을 무너지는 다리를 달려 벨로타를 지키는,,event_neverland1,258,event_neverland2_06_s,event_neverland2_03_s,event_neverland1,S113,,확실,확정
D1506,person:미카,미카,관계,변화,person:벨로타,벨로타가 지켜 주고 자기는 곁에서 말리기만 하던,이번엔 내가 지켰다며 앞으로도 계속 같이 있자는,,event_neverland1,258,event_neverland2_06_e,event_neverland2_06_s,event_neverland1,S113,,확실,확정
D1507,person:미카,미카,신념,변화,,크리스마스는 불행한 날이라 밖에 나가지 않으려던,이제 불행은 없다 — 크리스마스는 행복한 날이고 벨로타가 길을 잃으면 찾으러 가면 된다는,,event_neverland1,258,event_neverland2_epilogue,event_neverland2_06_e,event_neverland1,S113,,확실,확정
D2084,person:미카,미카,성격,변화,,수줍음이 많고 벨로타가 안 보이면 안절부절 울던,"벨로타의 장난에 휘둘리지 않고 제 의견을 말하며, 낯선 사람들에게 거침없이 물어 가며 벨로타를 찾아 나서는",,char:62,260,ep:d_nikke_mica_snowbuddy_03,event_neverland2_06_s,event_neverland1,S116,F1225,확실,확정
D2085,person:미카,미카,관계,변화,person:벨로타,벨로타라는 소중한 것이 또 없어질까 무서워 곁에만 두려던,"환경도 곁의 사람도 변했음을 알고 소중한 건 앞으로 자기가 지키면 된다며, 숨은 벨로타를 데리러 가 '내 옆에는 벨로타가 있어야 해'라는",,char:62,260,ep:d_nikke_mica_snowbuddy_04,event_neverland2_06_e,event_neverland1,S116,F1225,확실,확정
D2088,person:미카,미카,관계,변화,person:지휘관,벨로타와 함께일 때 고마움을 전하던 '두 번째 친구' 아저씨,"처음으로 혼자 지휘관실에 찾아와 단둘이 놀자 하고, 볼을 붉히며 하루 종일 손을 잡자는",,char:62,260,ep:d_nikke_mica_snowbuddy_05,ep:d_nikke_mica_snowbuddy_05,char:62,S116,,확실,확정
D2087,person:미카,미카,신념,변화,,바뀌지 않는 세상에서 누가 이끌고 도와주길 바라는 영원한 어린아이로 남기를 바라던,소중한 것을 지키려면 그 세상을 나와야 한다며 먼저 나왔으니 과거에 갇힌 벨로타도 꺼내겠다는,,char:62,260,ep:d_nikke_mica_snowbuddy_05,ep:d_nikke_mica_snowbuddy_04,char:62,S116,F1227,확실,확정
D24,person:미하라,미하라,성격,기준,,,,슈엔의 명령에 '네네~' 하고 감각 교환으로 따르면서도 '상대는 인간이에요' · '니케는 인간을 쏠 수 없는걸요'라며 선을 긋는 여유로운 니케,ch02,4,d_main_02af_07,,,,,확실,확정
D30,person:미하라,미하라,관계,기준,person:지휘관,,,"슈엔이 부리는 '쓸 만한' 지휘관으로 대하며 붕대는 '마음만 받겠다'고 물리지만, 위험해지면 먼저 복귀를 권한다",ch03,10,d_main_03_02,,,,,확실,확정
D32,person:미하라,미하라,관계,기준,person:유니,,,"유니와는 서로 어쩔 수 없이 붙어 있는, 일그러졌지만 딱 맞물린 톱니바퀴 — 유니가 무릎을 베고 자고 지휘관을 차지해도 '유니만 좋다면야'",ch04,15,d_main_04_01,,,,,확실,확정
D34,person:미하라,미하라,관계,변화,person:지휘관,슈엔이 부리는 '쓸 만한' 지휘관,'믿고 있을게' — 돕겠다는 말을 믿는 사이,,ch04,15,d_main_04_07,d_main_04_06,ch04,,,확실,확정
D35,person:미하라,미하라,기억,변화,,유니 · 지휘관과의 기억,생산 직후로 돌아가 유니를 처음 만나는 동료로 대함,,ch04,15,d_main_04af_04,d_main_04af_01,ch04,S9,F79 F87,확실,확정
D1830,person:미하라,미하라,신념,기준,,,,"고통은 자기를 다시 태어나게 해 준 기적이라, 사람들이 어려워해도 성향을 숨기지 않고 부정하지 않겠다는",char:161,104,ep:d_nikke_mihara_05,,,,F555,확실,확정
D1831,person:미하라,미하라,관계,변화,person:지휘관,돕겠다는 말을 믿는 슈엔 쪽 지휘관,"질색하지 않고 어울려 준 지휘관에게 옛 이야기를 털어놓고, 처음 키스를 받은 뒤 날마다 찾아오는",,char:161,104,ep:d_nikke_mihara_05,ep:d_nikke_mihara_04,char:161,,F555,확실,확정
D283,person:미하라,미하라,관계,변화,person:유니,기억 소거로 유니를 처음 만나는 동료로 대함,모든 걸 기억 못 해도 유니가 상냥한 아이라는 건 안다며 선을 넘지 말라 막아서는,,ch24,219,d_main_24_05_s,,,,,확실,확정
D291,person:미하라,미하라,기억,변화,,유니를 처음 만나는 동료로 대함(첫 기억 소거),자결용 권총에 맞아 NIMPH를 떼어 내다 또 기억 소거,,ch24,219,d_main_24_09,d_main_24_06_s,ch24,,F1013,확실,확정
D528,person:미하라,미하라,기억,변화,,과거 기억 없이 넘겨받은 자료와 NIMPH 기록으로 자기를 아는,찢긴 사진을 맞추다 두통과 함께 유니 · 슈엔과 홍보 사진을 찍던 날의 기억 조각이 돌아온,,side:wordless,331,side:wordless_08,side:wordless_08,side:wordless,S175,,확실,확정
D527,person:미하라,미하라,관계,변화,person:유니,"기억 없이 자료로만 아는, 자기 머리를 쏜 흉악범 파트너",'[미하라]를 죽이지 않았으니' 자기에게 한 일만은 용서하고 서로 아파하며 함께 속죄하며 살자는,,side:wordless,331,side:wordless_11,side:wordless_11,side:wordless,,F1618,확실,확정
D530,person:미하라,미하라,관계,변화,person:슈엔,늘 곁에서 호위하던 슈엔의 니케,기억은 없어도 다시 못 만난다니 슬프다며 '그동안 고마웠어요'라 작별하고 사명으로 속죄하겠다는,,side:wordless,331,side:wordless_12,,,,,확실,확정
D529,person:미하라,미하라,신체,변화,,뇌 손상 뒤 새 NIMPH로 재롤아웃된 몸,"유니와 함께 터지는 폭탄 구속 목걸이를 걸고, 첫 임무 성공 뒤 주려던 새 바디로 갈아입은",,side:wordless,331,side:wordless_13,side:wordless_12,side:wordless,,F1619,확실,확정
D693,person:미하라,미하라,관계,기준,person:지엔,,,"폐기 위기의 모리 · 유니를 위해 거래를 걸고, 그 대가로 평생 지엔의 실험체가 되기로 한",event_unbreakablesphere1,377,event_unbreakablesphere2_03_s,,,,,확실,확정
D694,person:미하라,미하라,신체,변화,,기대만큼 힘을 끌어내지 못하는 새 바디,"니케 코어 옆에 랩쳐 코어를 품고, 펜듈럼을 꽂아 [사슬]로 이은 상대와 크기 · 힘에 상관없이 고통을 나누는",,event_unbreakablesphere1,377,event_unbreakablesphere2_04_s,event_unbreakablesphere2_04_s,event_unbreakablesphere1,,F1900,확실,확정
D1642,person:미하라,미하라,관계,기준,person:세이렌,,,"포커페이스를 꿰뚫어 본 세이렌에게 불안을 털어놓고, 믿는 소중한 사람으로 세이렌의 얼굴부터 만들어 달라는",char:162,382,ep:d_nikke_mihara_bondingchain_03,,,,,확실,확정
D1640,person:미하라,미하라,기억,변화,,'그 사람'이 누구였는지조차 떠오르지 않던,세이렌의 언령으로 지휘관과의 대화 조각과 흐릿한 얼굴을 떠올린,,char:162,382,ep:d_nikke_mihara_bondingchain_04,ep:d_nikke_mihara_bondingchain_04,char:162,S228,,확실,확정
D1641,person:미하라,미하라,신념,변화,,새 바디와 특수 능력으로 목숨을 걸면 유니와 희귀 랩쳐를 잡으리라 여긴,자기 약함을 받아들이고 '나중 일은 믿는 사람들에게 맡기고 지금 할 수 있는 일'을 하러 연구실로 가는,,char:162,382,ep:d_nikke_mihara_bondingchain_05,ep:d_nikke_mihara_bondingchain_02,char:162,S227,,확실,확정
D662,person:민트,민트,관계,기준,person:아니스,,,"부르자 바로 나와 '아니스가 불렀으니까'라 하고, 아니스와 다시 공연하는 것만으로 좋다는 옛 동료",ch38,375,d_main_38_05_s,,,,,확실,확정
D661,person:민트,민트,성격,기준,,,,"'후후' 웃으며 손가락에 밴드를 붙이고도 요리 프로를 열심히 하는, 꿈꾸는 사람들 곁에서 현실을 말해 주는",ch38,375,d_main_38_06,,,,,확실,확정
D860,person:민트,민트,신념,기준,,,,"한 번 하고 끝낼 무대가 아니라 계속하고 싶다며, 가망이 없다는 말에도 열심히 하겠다는",ch41,414,d_main_41_af_01,,,S269,,확실,확정
D861,person:민트,민트,성격,변화,,누가 무슨 짓을 해도 바보같이 웃기만 하던,'진작 이럴걸' — 세게 나가면 꼬리 말고 도망친다며 후련해하는,,ch41,414,d_main_41_af_02,d_main_41_af_02,ch41,S269,,확실,확정
D1179,person:민트,민트,관계,변화,person:아니스,아무것도 모르고 형편없던 신입 멤버,스카우트 제의를 받고도 빛나는 걸 보고 싶어 남는 응원자,,event_staranis1,454,event_staranis1_01_e,,,S322,F2672,확실,확정
D1177,person:민트,민트,신체,변화,,사람,프리티 복귀 콘서트에서 죽어 니케가 된,,event_staranis1,454,event_staranis1_01_e,,,,F2672,확실,확정
D1207,person:민트,민트,신념,변화,,한 번 하고 끝낼 무대가 아니라 계속하고 싶은,특별하지 않은 우리도 테트라의 지원이면 특별해질 수 있다며 기회를 잡으려는,,event_staranis1,454,event_staranis2_01_s,,,S323,,확실,확정
D1211,person:민트,민트,신념,변화,,테트라의 지원이면 특별해질 수 있다는,웃는 것만이 빛날 길이라 스스로 다그치다 '이건 빛나는 게 아니야'라 깨닫는,,event_staranis1,454,event_staranis2_02_e,,,S323,,확실,확정
D1212,person:민트,민트,관계,변화,person:아니스 person:프리카,빛나는 걸 보고 싶어 남은 응원자,노력한 두 사람은 존중받아야 한다며 오물은 자기에게 오라고 대신 받으려는,,event_staranis1,454,event_staranis2_02_e,,,S323,,확실,확정
D1222,person:민트,민트,신념,변화,,'이건 빛나는 게 아니야'라 깨달은,메이저가 되어 약자를 짓밟지 말라고 당당히 말하고 우리가 희망 · 별이 되자는,,event_staranis1,454,event_staranis2_04_s,,,S323,,확실,확정
D1234,person:민트,민트,관계,변화,person:아니스,노력한 아니스 대신 오물을 받으려던,버리고 간 것 같아 섭섭해도 이해한다며 아니스가 찾을 수 있게 연예계에 남아 기다리는,,event_staranis1,454,event_staranis2_06_s,,,S323,F2705,확실,확정
D1734,person:민트,민트,관계,기준,person:지휘관,,,"자기를 알아보지 못하는 남자에게 사인 · 사진을 내밀다 '아니스의 지휘관'임을 알아보고, 관심을 끌려는 줄 알고 팬서비스를 해 주려는",fl:b-side_idol,458,fl:b-side_idol_02,,,,,확실,확정
D1736,person:민트,민트,성격,변화,,'급이 다르다'며 누구도 넘보지 못할 완벽한 아이돌을 자처하는,자기와 어울리는 건 '급이 같은 사람'이라며 먼저 다가가 리드하겠다는,,fl:b-side_idol,458,fl:b-side_idol_06,fl:b-side_idol_05,fl:b-side_idol,S327,,확실,확정
D1735,person:민트,민트,관계,변화,person:지휘관,팬서비스로 관심을 끌려던 '아니스의 지휘관',빛나서 외로운 '급이 같은' 사람 — 무대 뒤에서 서로 이야기를 들어 주는 인터미션 타임의 짝,,fl:b-side_idol,458,fl:b-side_idol_13,fl:b-side_idol_11,fl:b-side_idol,S327,F2717,확실,확정
D2216,person:민트,민트,성격,변화,,누구도 넘보지 못할 완벽한 아이돌을 자처하며 '이 정도면 괜찮다'고 버티는,장난스러운 웃음을 거두고 연기가 많이 부족하다고 인정한 뒤 일주일을 매달려 고치는,,char:600,459,ep:d_nikke_mint_02,ep:d_nikke_mint_01,char:600,S328,,확실,확정
D2217,person:민트,민트,관계,변화,person:지휘관,무대 뒤에서 서로 이야기를 들어 주는 '급이 같은' 인터미션 짝,"'해결해 줄 수 있을 것 같다는 믿음'으로 연습을 맡기고 동거한 뒤, 고맙다는 인사를 따로 건네고 몰래 로션 선물을 남기는",,char:600,459,ep:d_nikke_mint_05,ep:d_nikke_mint_02,char:600,S328,F2720,확실,확정
D1743,person:민트,민트,관계,변화,person:프리카,프리카의 부담을 던다며 혼자 촬영을 떠안고 곡은 기다리겠다던,프리카가 만든 솔로곡에 스케줄을 더 잡지 말라 하고 잠을 줄여 밤새 연습하는,,fl:bitter_spice,460,fl:bitter_spice_10,fl:bitter_spice_10,fl:bitter_spice,S329,F2724,확실,확정
D1786,person:밀크,밀크,성격,기준,,,,"고생한 의뢰라며 500만 크레디트를 부르고, 돈이 없다는 상대에게 '내 취미는 상대가 필요하다'며 맨손 격투 시합을 거는 싸움 좋아하는 해결사",char:11,86,ep:d_nikke_neon_04,,,,,확실,확정
D1832,person:밀크,밀크,성격,변화,,강한 상대 · 어려운 의뢰는 피하고 막히면 바로 쉬운 다른 방법을 찾던,'노력은 배신하지 않는다'며 위험한 의뢰도 준비부터 하자고 슈가 · 프림을 다그치는,,char:141,105,ep:d_nikke_milk_05,ep:d_nikke_milk_04,char:141,,F557,확실,확정
D1833,person:밀크,밀크,관계,변화,person:지휘관,함께 의뢰를 뛰는 '형씨',곁에서 도와준 지휘관에게 고백하고 하나부터 열까지 알아낼 때까지 옆에 붙어 있겠다는,,char:141,105,ep:d_nikke_milk_05,ep:d_nikke_milk_03,char:141,,F558,확실,확정
D1550,person:밀크,밀크,관계,기준,person:소다,,,1점 차로 진 상대가 망치 한 번 제대로 안 휘두른 '의욕도 간절함도 없는 녀석'이라 치욕스럽다며 말도 걸지 말라는,event_goldencoinrush1,300,event_goldencoinrush1_06_s,,,,,확실,확정
D1551,person:밀크,밀크,관계,변화,person:소다,의욕도 간절함도 없는 녀석이라 말도 걸지 말라던,열심히 할 줄 아는 녀석이라 자격이 있다며 커피를 사 주고 다음에 제대로 겨루자는,,event_goldencoinrush1,300,event_goldencoinrush2_05_s,event_goldencoinrush2_b02_e,event_goldencoinrush1,S149,,확실,확정
D1561,person:밀크,밀크,관계,기준,person:클레이,,,"형씨 곁에서 울던 낯선 클레이를 '이 짜샤' 하며 위로하고, 단순한 팬이 짠 스케줄 · 분석에 '전속 매니저 수준'이라 놀라는",event_claymore,303,event_claymore_04_s,,,,,확실,확정
D1562,person:밀크,밀크,관계,변화,person:클레이,스케줄을 짜 준 단순한 팬,주먹을 마주 대며 '둘 다 힘내자'는 함께 싸우는 동료,,event_claymore,303,event_claymore_06_s,event_claymore_04_e,event_claymore,S154,,확실,확정
D819,person:밀크,밀크,관계,기준,person:지휘관,,,지휘관을 '형씨'라 부르며 허탕에 투덜대도 지휘관 탓은 않고 함께 잠복 · 의뢰를 뛰는 해결사 파트너,fl:coins_in_rush,404,fl:coins_in_rush_01,,,,,확실,확정
D2184,person:밀크,밀크,성격,변화,,겉으로만 센 척하며 꾸미는 법을 모르고 바니걸 차림도 의뢰 핑계로만 입던,"에이드에게 배운 화장을 스스로 해 보고, 바니걸이 아니어도 가끔 꾸며 보는 것도 괜찮겠다는",,char:143,406,ep:d_nikke_milk_bloomingbunny_05,ep:d_nikke_milk_bloomingbunny_02,char:143,S256,,추정,확정
D2183,person:밀크,밀크,관계,변화,person:지휘관,고백하고 곁에 붙어 있겠다던 연인이지만 이상형에 못 미칠까 불안해 남의 모습을 연기하던,"'밀크라서' 다 좋다는 말에 기대 귀찮은 자기 그대로를 묻고, 하고 싶던 것을 먼저 해 달라며 다가가는",,char:143,406,ep:d_nikke_milk_bloomingbunny_05,ep:d_nikke_milk_bloomingbunny_04,char:143,S256,,확실,확정
D2205,person:밀크,밀크,관계,기준,person:타키나,,,"메뉴를 리뉴얼해 역대급 매출을 낸 이세계의 타키나를 '제일 믿음직하다'며 신메뉴를 맡기고, 열심히 배워 함께 매출 신기록을 내자 놀림받는 타키나를 '네 덕분'이라 감싼다",char:861,441,ep:d_nikke_ce008_02_01,,,S302,,확실,확정
D135,person:바이퍼,바이퍼,성격,기준,,,,"'미안♡' 해 놓고 발톱 네일을 망가뜨렸다며 완파된 랩쳐에 한 방 더 쏘는, 애교 섞인 말투 뒤에 앙심을 감춘 니케",ch16,80,d_main_16_02,,,,,확실,확정
D136,person:바이퍼,바이퍼,관계,기준,person:지휘관,,,"지휘관을 '자기'라 부르며 감춘 문자를 함께 보게 하고, '지금은 우리 목줄을 쥔 사람'이니 믿겠다고 하는",ch16,80,d_main_16_07,,,,,확실,확정
D137,person:바이퍼,바이퍼,관계,기준,person:크로우,,,"쓸모를 인정받으려 하고, 신중함이 지나치다며 '아웃로의 우상은 못 될 것'이라는 크로우의 충고를 '고마워'라 받는 부하",ch16,80,d_main_16_09_s,,,,,확실,확정
D199,person:바이퍼,바이퍼,관계,변화,person:지휘관,'지금은 우리 목줄을 쥔 사람'이라 믿어 주는,숨긴 폭탄 앱을 따지고 핸드폰을 맞바꿔 '공범자'가 된 — 이용당한 줄 알면서 고맙다는 말에 '어이가 없다'면서 번호를 남기는 사이,,event_doutsiders,169,event_doutsiders_03,event_doutsiders_03,event_doutsiders,,F779,확실,확정
D1998,person:바이퍼,바이퍼,신념,기준,,,,뒷골목의 니케에겐 살아남기 위한 그들만의 방식이 있어 살아남으려면 뭐든 할 수밖에 없었다며 이그조틱의 밀거래를 하는,char:112,174,ep:d_nikke_viper_02,,,S384,F804,확실,확정
D1997,person:바이퍼,바이퍼,관계,변화,person:지휘관,폭탄 앱을 맞바꾼 '공범자',하루 데이트를 조건으로 돕고 '평범한 날'이 즐거웠다면서도 약으로 재워 지배인을 빼돌려 빚을 지우는,,char:112,174,ep:d_nikke_viper_03,ep:d_nikke_viper_03,char:112,S384,F805,확실,확정
D286,person:바이퍼,바이퍼,관계,변화,person:지휘관,숨긴 폭탄 앱을 맞바꾼 '공범자',반했음을 깨닫고 자수해 지휘관에게 기대려는,,ch24,219,d_main_24_07_s,,,,F1015,확실,확정
D287,person:바이퍼,바이퍼,관계,변화,person:크로우,신중하다 핀잔해도 '고마워'라 받으며 쓸모를 인정받으려 함,크로우를 가장 죽이고 싶어 하는 둘에게 문자를 보내 E.H. 편에 서는,,ch24,219,d_main_24_07_e,d_main_24_07_s,ch24,,,확실,확정
D289,person:바이퍼,바이퍼,성격,변화,,'미안♡' 해 놓고 앙심을 감춘 애교,진심으로 사과하려다 '사과를 어떻게 하는지 모르겠다'는,,ch24,219,d_main_24_08_s,,,,,확실,확정
D290,person:바이퍼,바이퍼,관계,기준,person:자칼,,,"제 머리가 날아가는 순간에 '자칼을 부탁해, 그 녀석 착해빠진 바보니까'라 맡기고, 살아나서는 자칼과 함께 일하는 — 자칼을 아끼는 동료",ch24,219,d_main_24_08_s,,,,,확실,확정
D296,person:바이퍼,바이퍼,신체,변화,,목에 초커 폭탄을 찬 이그조틱,초커가 터져 머리를 잃었다 뇌만 살아 머리를 새로 만든,,ch24,219,d_main_24_10,d_main_24_08_s,ch24,,F1016,확실,확정
D297,person:바이퍼,바이퍼,소속,변화,,미실리스의 이그조틱,위치 추적기 겸 폭탄을 단 채 자칼과 아우터 림을 감시하는 — 속이기 · 장난 없기,,ch24,219,d_main_24_10,,,,F1024,확실,확정
D485,person:바이퍼,바이퍼,관계,기준,person:로산나,,,"어둠의 상징인 언더월드 퀸이 너무 빛나 보여 동경하다 질투해, '다 부숴버리고 싶을 정도'로 부러워하는",event_beautyfullshot1,305,event_beautyfullshot2_03_e,,,,,확실,확정
D486,person:바이퍼,바이퍼,관계,변화,person:로산나,동경하다 질투해 다 부수고 싶던,'동정은 필요 없다'면서 핸드폰을 받아 들고 '진짜 맘에 안 들어♡' 하며 서핑을 배우러 따라 나가는,,event_beautyfullshot1,305,event_beautyfullshot2_intermission,event_beautyfullshot2_intermission,event_beautyfullshot1,S157,,확실,확정
D795,person:바이퍼,바이퍼,관계,기준,person:식스오,,,약한 애들만 괴롭히고 숨어서 약이나 파는 '삼류 인터넷 판매자'라 깔보며 칼슨을 통해 선전포고하는,ch40,398,d_main_40_af_02,,,,,확실,확정
D1074,person:바이퍼,바이퍼,관계,변화,person:E.H.,크로우를 가장 죽이고 싶어 하는 둘에게 문자를 보내 E.H. 편에 서는,리더로 따르며 '엔터 헤븐을 다시 일으킬 리 없다'고 감싸는,,fl:enter_heaven,442,fl:enter_heaven_03,,,,,확실,확정
D1073,person:바이퍼,바이퍼,관계,변화,person:지휘관,반했음을 깨닫고 자수해 기대려는,"다시는 배신하지 않겠다고 맹세하고, 악수하며 몰래 붙인 추적기로 냉동창고까지 구하러 오는",,fl:enter_heaven,442,fl:enter_heaven_12,fl:enter_heaven_02,fl:enter_heaven,,,확실,확정
D2206,person:바이퍼,바이퍼,관계,변화,person:E.H.,리더로 따르면서도 그동안 속을 썩이던,사과의 뜻을 담아 자칼과 새 리더의 환영 파티를 준비하며 '셋이서 제대로 시작해 보자'는,,char:113,443,ep:d_nikke_eh_05,ep:d_nikke_eh_01,char:113,S306,,확실,확정
D847,person:바하무트,바하무트,성격,기준,,,,"알 없는 안경 · 거꾸로 든 책으로 '똑똑한 바하무트'를 되뇌며 엉터리 지식을 설교하지만, 맡은 일은 우직하게 지키는",ch41,414,d_main_41_01,,,S268,,확실,확정
D852,person:바하무트,바하무트,관계,기준,person:레비아탄,,,"레비의 말을 존중하고, 레비가 반드시 지키라 한 용광로를 고민 끝에 지키기로 하는",ch41,414,d_main_41_04,,,S268,,확실,확정
D140,person:방주_난민,방주 난민,관계,변화,person:지휘관,지상으로 데려다 달라는 메신저 의뢰인,괜찮냐고 물어 준 단 한 사람이라며 '오래오래 친하게 지내요'라는 고마움을 예약 문자로 남긴 친구,,sub:방주_난민_03,81,sub:방주_난민_03,sub:방주_난민_02,sub:방주_난민_02,,F427,확실,확정
D1120,person:백학,백학,성격,기준,,,,"처음 본 이도 '친구'라 부르며 아이 대하듯 칭찬하고 쓰다듬는 다정함과, 지하에만 있어 방주 문물을 모르는 천진함",fl:good_world,448,fl:good_world_03,,,,,확실,확정
D1121,person:백학,백학,관계,기준,person:지휘관,,,TV로 알아본 '그 어렸던 아이'가 잘 자란 것이 자랑스러워 다 큰 어른인 그를 쓰다듬는,fl:good_world,448,fl:good_world_03,,,,,확실,확정
D1122,person:백학,백학,신념,기준,,,,"계약 · 약속은 꼭 지켜야 하고, 세상에 당연한 건 없이 개인의 판단과 행동만 있다고 믿는",fl:good_world,448,fl:good_world_04,,,,,확실,확정
D1123,person:백학,백학,소속,기준,,,,"계약의 증인 스쿼드 베일드 오더로 통합 계약의 증인 · 감시자였고, 반은 의무 반은 자원으로 [지하]에 머문",fl:good_world,448,fl:good_world_12,,,,F2567 F2561,확실,확정
D1127,person:백학,백학,관계,변화,person:지휘관,잘 자란 '그 어렸던 아이'로 귀여워하던,속셈이 있어도 좋은 사람이라 믿고 그가 만들 세계를 곁에서 지켜보기로 한,,fl:good_world,448,fl:good_world_13,fl:good_world_13,fl:good_world,S312,,확실,확정
D1128,person:백학,백학,신념,변화,,계약 · 약속에 따라서만 지하에서 움직이던,처음으로 자기 뜻으로 지하를 나와 방주에서 살며 지휘관의 세계를 지켜보기로 한,,fl:good_world,448,fl:good_world_14,fl:good_world_13,fl:good_world,S312,F2570,확실,확정
D2212,person:백학,백학,관계,변화,person:지휘관,속셈이 있어도 좋은 사람이라 믿고 그의 세계를 곁에서 지켜보기로 한,"아이처럼 챙기고 걱정해도 된다는 허락을 받고, 보고 싶은 마음에 핑계를 만들어 찾아와 잠든 그의 사진을 간직하는",,char:620,449,ep:d_nikke_snowcrane_05,ep:d_nikke_snowcrane_03,char:620,S313,,확실,확정
D107,person:버닝엄,버닝엄,관계,기준,person:지휘관,,,"직속이 아닌 지휘관을 '엔더슨 쪽 사람'으로 보아 예의를 따지면서도, 행방불명된 차남 세르반의 구출을 '같은 군인'이라며 맡기는 부사령관",sub:세르반_03,65,sub:세르반_03,,,,F349 F350,확실,확정
D113,person:버닝엄,버닝엄,신념,기준,,,,"마리안의 비밀을 알면 랩쳐에게 이긴다고 '감'으로 믿어, 엔더슨에게 맞고도 모든 수를 써서 마리안을 열어보겠다고 한다",ch14,69,d_main_14_09,,,,F366,확실,확정
D114,person:버닝엄,버닝엄,관계,기준,person:엔더슨,,,"엔더슨에게 두들겨 맞고 겁에 질리면서도 '실망했다, 척을 지는 건 너다'라 대드는 오랜 친구",ch14,69,d_main_14_09,,,,F367,확실,확정
D278,person:버닝엄,버닝엄,성격,기준,,,,"말을 심하게 더듬으며 사망자 소식에 무너지고, 일이 풀리지 않자 '되는 게 뭐야' · '책임을 지라'며 슈엔에게 소리치는 겁 많은 부사령관",ch23,214,d_main_23af_02,,,,,확실,확정
D1449,person:버닝엄,버닝엄,관계,기준,org:이지스,,,"헬름이라면 이유가 있으리라 들어 주면서도, 유지비도 못 채워 파티를 여는 판에 아무 일 없으면 감당할 수 있냐며 어드마이어 호 출전을 거절한다",event_seayouagain1,226,event_seayouagain1_02_s,,,,,확실,확정
D1450,person:버닝엄,버닝엄,관계,변화,org:이지스,비용 · 리스크를 들어 출전을 거절하던,'무슨 일이 생기면 내가 감당하겠다'며 출전을 허가해 달라고 청하는,,event_seayouagain1,226,event_seayouagain1_06_e,event_seayouagain1_06_e,event_seayouagain1,S88,,확실,확정
D333,person:버닝엄,버닝엄,성격,변화,,말을 심하게 더듬으며 사망자 소식에 무너지는,연기를 들키자 더듬기를 그치고 냉정하게 거래를 저울질하는,,ch26,246,d_main_26_09,,,,F1132,확실,확정
D1053,person:버닝엄,버닝엄,관계,기준,person:도로시,,,"탈환전을 재촉하는 속내가 '투명하다'며 상상으로 짚고, 자포자기라면 실망하겠다는",ch44,436,d_main_44_af_02,,,,,확실,확정
D1055,person:버닝엄,버닝엄,관계,변화,person:지휘관,'엔더슨 쪽 사람'으로 예의를 따지던,'내 우상이자 질투의 대상' — 믿고 끝까지 지켜보겠다는,,ch44,436,d_main_44_af_02,,,S297,F2441,확실,확정
D1056,person:버닝엄,버닝엄,관계,기준,person:파피용,,,에덴에 남은 그녀에게 '자기 목숨의 주인을 자기라 생각하는 스파이는 필요 없다'며 사직서를 내러 오라는,ch44,436,d_main_44_af_02,,,,,확실,확정
D1119,person:버닝엄,버닝엄,관계,기준,person:오스왈드,,,"'할아버님'의 무릎에 앉아 갓데스 이야기를 듣는, 할 말은 다 하는 손자",side:pretty_star,447,side:pretty_star_14,,,,,확실,확정
D1172,person:버닝엄,버닝엄,관계,변화,person:도로시,탈환전 재촉 속내를 '투명하다' 짚는,조부 기록 속 승리의 여신이라 지켜봐 왔다며 사과하고 '방주는 너를 돕는다' 경례하는,,ch46,452,d_main_46_af_06,,,S319,F2648 F2651,확실,확정
D1321,person:버닝엄,버닝엄,관계,변화,person:도로시,사과하고 '방주는 너…'라며 경례하는,선봉을 맡겠다는 녹음을 되풀이 들으며 소리 없이 환호하는,,ch47,470,d_main_47_07,,,S341,,확실,확정
D41,person:베스티,베스티,성격,기준,,,,"말을 더듬고 은화에게 눌려 말끝을 흐리는, 라피를 보고 눈물이 날 것 같다는 여린 앱솔루트 니케",ch04,15,d_main_04_09_e,,,,,확실,확정
D1834,person:베스티,베스티,관계,기준,person:지휘관,,,부끄러운 고민도 '지휘관님이라면 진지하게 들어줄 것 같아' 친구 사귀는 법을 배우겠다며 무엇이든 명령해 달라는 상담 상대,char:91,106,ep:d_nikke_vesti_01,,,,,확실,확정
D1835,person:베스티,베스티,관계,변화,person:지휘관,친구 사귀는 법을 묻는 상담 상대,손가락 걸고 약속한 첫 친구 — 해치려는 건 다 죽여 버리겠다며 지켜 주겠다는,,char:91,106,ep:d_nikke_vesti_03,ep:d_nikke_vesti_03,char:91,S372,F562,확실,확정
D1837,person:베스티,베스티,성격,변화,,괴롭히던 동창들의 조롱에 화내지도 울지도 못하던,정당방위 명령에 둘을 상처 없이 제압하고 '피라미들이었구나 … 속 시원해'라는,,char:91,106,ep:d_nikke_vesti_04,ep:d_nikke_vesti_04,char:91,S372,F559 F561,확실,확정
D1836,person:베스티,베스티,관계,변화,person:지휘관,손가락 걸고 약속한 친구,하루 종일 생각나는 마음이 우정이 아니라 사랑일 수 있다는 말에 '거짓말'이라며 울고 마는,,char:91,106,ep:d_nikke_vesti_05,ep:d_nikke_vesti_04,char:91,S372,F562,확실,확정
D497,person:베스티,베스티,관계,기준,person:라피,,,"은화가 몇 번이나 찾아간 걸 알려 주며 왜 못 만났냐 묻고, 피해 다녔다는 말에 '겁쟁이구나'라 하는 옛 동료",ch31,308,d_main_31_05,,,,,확실,확정
D502,person:베스티,베스티,성격,변화,,은화에게 눌려 말끝을 흐리는,멈춘 관계가 싫다며 라피에게 사과를 재촉하고 은화를 도와 달라 나서는,,ch32,310,d_main_32_04,,,,,확실,확정
D503,person:베스티,베스티,관계,기준,person:은화,,,"심하게 대하고 화도 내지만 '친구니까', 말싸움을 이기려 애써 온",ch32,310,d_main_32_04,,,,,확실,확정
D811,person:베스티,베스티,관계,변화,person:은화,'이런 애랑은 잘 지낼 수 없겠다'며 몇 번이고 도망치고 싶던,첫 임무에서 '쫄지 마'에 반해 앱솔루트가 좋아지고 은화처럼 되고 싶은,,fl:absolute,400,fl:absolute_07,fl:absolute_07,fl:absolute,S253,F2107,확실,확정
D812,person:베스티,베스티,성격,변화,,은화 · 엠마를 찾고 나서 구하러 갈지 망설이던,'난 물러나선 안 돼'라며 혼자 델타 앞에 막아서 프레데터 무리에 미사일을 퍼붓는,,fl:absolute,400,fl:absolute_20,fl:absolute_20,fl:absolute,S252,,확실,확정
D813,person:베스티,베스티,관계,변화,person:은화,'내가 라피가 아니라서냐'며 보호받기만 하는 것을 서운해하던,"사과하는 은화에게 '미안하다 하지 마, 난 네가 쓸 최강의 괴물'이라 맞서는",,fl:absolute,400,fl:absolute_22,fl:absolute_20,fl:absolute,S252,F2108,확실,확정
D2180,person:베스티,베스티,성격,변화,,"소심하고 몸이 작아 존재감이 약하다는 말을 듣고, 같이 꾸밀 친구가 없어 수수하게만 지내던","바뀌고 싶다며 귀엽고 화려한 옷을 고르고, 둘만의 시간을 끊은 아이들과도 다음엔 사이좋게 지내고 싶다는",,char:94,403,ep:d_nikke_vesti_tactical_04,,,,,추정,확정
D2179,person:베스티,베스티,관계,변화,person:지휘관,말했다가 친구를 잃을까 봐 꿈에 자주 나오는 지휘관에게 품은 마음을 숨기던,"지휘관이 자기에게 특별하다는 것을 깨달아 '정말 좋아해'라 말하고, 언젠가 진짜 감정을 전하겠다고 일기에 적는",,char:94,403,ep:d_nikke_vesti_tactical_05,ep:d_nikke_vesti_tactical_05,char:94,,,확실,확정
D1534,person:베이,베이,성격,기준,,,,"예전보다 나아졌어도 누가 오래 빤히 보면 힘든 주목 공포증이 남아 폼폼으로 얼굴을 가리지만, 무대에서는 카리스마 있게 팀을 이끄는 리더",event_onemoretime,289,event_onemoretime_prologue,,,,,확실,확정
D1535,person:베이,베이,신념,기준,,,,리와인드의 명성을 되찾으려 이번 대회에서 무조건 1등을 해야 한다는,event_onemoretime,289,event_onemoretime_prologue,,,,,확실,확정
D1537,person:베이,베이,관계,기준,person:지휘관,,,지휘관을 '코치님'이라 부르며 낮은 점수의 까닭을 객관적으로 판단해 달라고 청하는,event_onemoretime,289,event_onemoretime_01_s,,,,,확실,확정
D1538,person:베이,베이,관계,기준,person:클레이,,,"오랜 팬인 줄은 몰랐지만 쇼맨십과 시선을 모으는 어빌리티를 보고 뽑은 유일한 팀원으로, 시선은 클레이가 맡아 주길 기대는",event_onemoretime,289,event_onemoretime_02_e,,,,,확실,확정
D1539,person:베이,베이,관계,변화,person:클레이,지각 · 실수를 참다 진심이 아닌 거냐고 날카롭게 몰아세운,리더의 잘못이라 고개 숙여 사과하고 우는 클레이를 끌어안으며 처음부터 다시 하자는,,event_onemoretime,289,event_onemoretime_05_e,event_onemoretime_05_s,event_onemoretime,S363,F1375,확실,확정
D1536,person:베이,베이,신념,변화,,명성을 되찾으려 무조건 1등을 해야 한다는,"2등이어도 완벽했으니 만족한다며, 상상 이상인 팀워크를 얻었다고 다음 기회에 다시 도전하자는",,event_onemoretime,289,event_onemoretime_06_e,event_onemoretime_05_e,event_onemoretime,S363,F1376,확실,확정
D2102,person:베이,베이,성격,변화,,관중의 시선 속에서 '단 한 번도 실수한 적 없다'며 팀을 이끄는 인기 치어리더 리더,"악의적 기사 뒤 싸늘한 시선에 몸이 굳어 쓰러지고, 1:1 눈길도 5초를 못 견디는 주목 공포증",,char:550,290,ep:d_nikke_bay_01,ep:d_nikke_bay_01,char:550,S140,F1377,확실,확정
D2104,person:베이,베이,관계,변화,person:지휘관,의사도 아니지만 지푸라기라도 잡는 심정으로 공포증 치료를 부탁한 '코치님',"공연 뒤 달려와 꽉 껴안고 '코치님 덕분'이라며, 새 팀원을 소개하고 다음 공연에 꼭 와 달라는",,char:550,290,ep:d_nikke_bay_05,ep:d_nikke_bay_05,char:550,S140,,확실,확정
D2103,person:베이,베이,성격,변화,,시선을 피해 폼폼으로 얼굴을 가리고 혼자 연습하다 포기하던,"실수 재연 · 혼자 공연을 끝까지 해내고, 아직 힘들어도 눈을 피하지 않고 관중 눈을 오래 보도록 노력하겠다는",,char:550,290,ep:d_nikke_bay_05,ep:d_nikke_bay_05,char:550,S140,F1378,확실,확정
D1563,person:베이,베이,관계,변화,person:클레이,처음부터 다시 하자며 끌어안던 리더,리와인드에 들어와 줘서 고맙다며 없어서는 안 될 중요한 멤버라고 처음 말해 주는,,event_claymore,303,event_claymore_epilogue,event_claymore_06_e,event_claymore,S154,,확실,확정
D825,person:베이,베이,성격,변화,,주목 공포증으로 이벤트를 포기,코치님을 도우려 메인 홀에서 치어리딩으로 손님들의 시선을 끌겠다고 자청하는,,fl:coins_in_rush,404,fl:coins_in_rush_12,fl:coins_in_rush_07,fl:coins_in_rush,S254,,확실,확정
D493,person:베히모스,베히모스,성격,기준,,,,"라피를 집게로 누르며 '납짝~', 제가 지어낸 구절을 자랑하는 — 싸움도 장난처럼 하는 가볍고 짓궂은 헬레틱",ch31,308,d_main_31_06,,,,,확실,확정
D494,person:베히모스,베히모스,관계,기준,person:그레이브,,,"안쓰럽다며 자유롭게 해 주겠다고 회유하다, 남의 것만 맡아 둔다고 깎아내리고 수정으로 위협하는",ch31,308,d_main_31_07,,,,,확실,확정
D495,person:베히모스,베히모스,관계,기준,person:지휘관,,,"'남자'인 지휘관만 말하게 하고, 관 여는 걸 도우면 수정 정보를 주겠다며 거래를 거는",ch31,308,d_main_31_08,,,,,확실,확정
D504,person:베히모스,베히모스,신념,기준,,,,넷뿐이라 지루하다며 '대화는 진화의 초석' — 상대를 죽이지 않고 대화를 원하는,ch32,310,d_main_32_05,,,,,확실,확정
D509,person:베히모스,베히모스,신체,변화,,검은 액체로 말도 안 되는 방어력을 지닌,지휘관의 피 묻은 주먹에 다크 매터가 멋대로 커져 폭주하는,,ch32,310,d_main_32_09_e,d_main_32_09_e,ch32,,F1555,확실,확정
D544,person:베히모스,베히모스,관계,기준,person:레비아탄,,,'레비'라 부르며 말리면서도 그가 빛에 삼켜지자 '너 이 빌어먹을 자식아'라 신데렐라에게 달려드는,ch33,334,d_main_33_10_e,,,,,확실,확정
D545,person:베히모스,베히모스,신체,변화,,피 묻은 주먹에 다크 매터가 폭주하던,신데렐라의 섬멸 포격에 사람 형태의 [무언가]가 되었다가 레비아탄의 반쪽으로 되살아나는,,ch33,334,d_main_33_10_e,,,,F1639,확실,확정
D558,person:베히모스,베히모스,관계,변화,person:레비아탄,"'레비'라 부르며 말리고, 쓰러지자 신데렐라에게 달려든",바스러져 가는 몸으로 일어나 '내가 지킨다'며 처음 거대화하는,,ch34,336,d_main_34_08,,,,F1652,확실,확정
D559,person:베히모스,베히모스,신체,변화,,레비아탄의 반쪽으로 되살아난,거대화로 회복하고 손가락을 튕겨 랩쳐 무리를 부리게 된,,ch34,336,d_main_34_09_e,d_main_34_08,ch34,,F1652,확실,확정
D791,person:베히모스,베히모스,관계,기준,person:리버렐리오,,,"'선배님'이라 비꼬며 바닥에 처박고, 발밑에 깔린 기분으로 포비스트의 기분을 느껴 보라는",ch40,398,d_main_40_11,,,,,확실,확정
D790,person:베히모스,베히모스,신체,변화,,다시 멈춰 코어로만 남은,레비아탄을 먹고 깨어났지만 풀파워가 아니라 서 있기도 힘든,,ch40,398,d_main_40_11,d_main_40_11,ch40,S250,F2084,확실,확정
D792,person:베히모스,베히모스,관계,변화,person:지휘관,'남자'와만 말하며 거래를 걸던,대화를 시도해 준 데 고마워하면서도 레비가 포기했으니 우리끼리 갈 길을 가겠다는,,ch40,398,d_main_40_11,,,S250,F2084,확실,확정
D793,person:베히모스,베히모스,신념,변화,,'대화는 진화의 초석'이라며 대화를 원하던,대화를 너무 강요해 레비에게 주박이 되었다며 대화를 접는,,ch40,398,d_main_40_11,d_main_40_10,ch40,S250,,확실,확정
D856,person:베히모스,베히모스,관계,변화,person:레비아탄,바스러지는 몸으로 '내가 지킨다'며 거대화하던,"끝을 볼지 결정하라 다그치고, 결정했으면 피하지 말라 이르는",,ch41,414,d_main_41_07,,,S268,,추정,확정
D1159,person:베히모스,베히모스,관계,기준,person:온리_원,,,"'가족 여행'이라 웃으며 안아 주고, [그것]의 일격을 몸으로 감싸 막는",ch46,452,d_main_46_08,,,,,확실,확정
D1838,person:벨로타,벨로타,관계,기준,person:미카,,,"자기만 보고 고아원에 있는 것처럼 사는 미카에게 족쇄가 되기 싫어, 친구이기 때문에 잠시 떨어져 지휘관에게 미카를 맡기는 — 그러면서도 미카 놀리는 게 세상에서 제일 좋다는",char:61,103,ep:d_nikke_mica_04,,,,F553,확실,확정
D1840,person:벨로타,벨로타,관계,기준,person:지휘관,,,"소금물 장난을 치고 시원한 물을 건네며 '아저씨라면 믿어줄 줄 알았어, 그래서 너무 좋아' — 남들과 논 만큼 자기와도 놀자는 '아저씨'",char:60,107,ep:d_nikke_belorta_01,,,,,확실,확정
D1839,person:벨로타,벨로타,성격,기준,,,,"'어린애 주제에, 니케 주제에'라며 혼내기만 하는 지휘관들을 [어른]이라 싫어해, 허둥대는 꼴을 보려고 골탕 먹여 온 장난꾸러기",char:60,107,ep:d_nikke_belorta_04,,,,F563,확실,확정
D1841,person:벨로타,벨로타,관계,변화,person:지휘관,장난을 받아 주는 '아저씨',사과를 바로 믿어 준 '진짜 어른'에게 입을 맞추고 매일 아저씨만 생각했다고 고백하는,,char:60,107,ep:d_nikke_belorta_05,ep:d_nikke_belorta_04,char:60,,F564,확실,확정
D1508,person:벨로타,벨로타,관계,변화,person:미카,미카를 놀리며 말릴 새도 없이 혼자 뛰쳐나가던,"고생시킨 미카 옆에 꼭 붙어 있기로 했다가, 혼자 가게를 보겠다는 미카의 배웅을 받는",,event_neverland1,258,event_neverland2_epilogue,event_neverland2_06_e,event_neverland1,S113,,확실,확정
D2086,person:벨로타,벨로타,관계,변화,person:미카,미카가 어른스러워지길 바라면서도 장난에 허둥대는 '바보 미카'를 제일 재미있어하던,"막상 확 변한 미카를 받아들이지 못해 숨었다가, 자기도 미카보다 더 어른스러워지겠다며 돌아오는",,char:62,260,ep:d_nikke_mica_snowbuddy_04,ep:d_nikke_mica_snowbuddy_02,char:62,S116,F1226,확실,확정
D826,person:벨벳,벨벳,성격,기준,,,,"말끝마다 '♥'를 붙여 유혹하듯 장난치며 속은 내보이지 않고, 보험부터 쥐는 것을 '직업병'이라 하는",fl:coins_in_rush,404,fl:coins_in_rush_17,,,,,확실,확정
D827,person:벨벳,벨벳,관계,기준,person:지휘관,,,"방주에서 제일 잘 나가는 지휘관과 닿은 '끈'을 원해 '너, 내 거 할래?'라며 쫓고 쫓기는 게임을 거는",fl:coins_in_rush,404,fl:coins_in_rush_17,,,,,확실,확정
D829,person:벨벳,벨벳,소속,기준,,,,"해체된 테트라 비밀 스쿼드 [쉐이드]의 전 리더로, 은퇴한 지 오래된 채 도망 다니며 숨어 지내는",fl:coins_in_rush,404,fl:coins_in_rush_17,,,,,확실,확정
D828,person:벨벳,벨벳,관계,변화,person:지휘관,끈을 원해 쫓기는 게임을 건 괴도,머스탱의 메일대로 전초기지에 눌러앉아 지휘관을 '주.인.님'이라 부르는 예비 메이드,,fl:coins_in_rush,404,fl:coins_in_rush_27,fl:coins_in_rush_20,fl:coins_in_rush,,F2122,확실,확정
D830,person:벨벳,벨벳,소속,변화,,은퇴해 숨어 지내던 쉐이드 전 리더,머스탱이 지휘관에게 맡긴 지휘관 소속 — 추천 스쿼드는 메이드 포 유,,fl:coins_in_rush,404,fl:coins_in_rush_27,fl:coins_in_rush_20,fl:coins_in_rush,,F2122,확실,확정
D1668,person:벨벳,벨벳,관계,기준,org:메이드_포_유,,,"메이드 카페에는 관심 없고 당분간 지낼 곳이라 시끄러워지면 짜증 날 뿐이라며, 요원 일은 '다른 애들한테 말하지 말라'는",fl:fatal_maid,432,fl:fatal_maid_04,,,,,확실,확정
D1666,person:벨벳,벨벳,신념,기준,,,,"도와 달라는 건 곤란하다는 것이고 곤란하면 처리하기 딱 좋은 때라, 평생 그렇게 살아 누구에게도 도움을 청하지 않는",fl:fatal_maid,432,fl:fatal_maid_05,,,,,확실,확정
D1670,person:벨벳,벨벳,관계,기준,person:코코아,,,"'꼬맹'이라 부르려다 '코코아'로 고쳐 부르고, 코코아의 작전을 보고 '재능 있어'라며 선배 · 후배로 비밀 작전에 넣는",fl:fatal_maid,432,fl:fatal_maid_07,,,,,확실,확정
D1669,person:벨벳,벨벳,관계,변화,org:메이드_포_유,당분간 지낼 곳일 뿐이던 카페,국장이 걷어찬 입간판을 다시 세우고 영업을 여는 메이드 포 유의 메이드,,fl:fatal_maid,432,fl:fatal_maid_11,fl:fatal_maid_11,fl:fatal_maid,S292,,확실,확정
D1667,person:벨벳,벨벳,신념,변화,,도움을 청하면 처리당한다며 혼자 막던,"속는 셈 치고 도움을 청해, 코코아가 아끼는 손님들이라면 함께 지켜 주리라 믿고 작전을 맡긴",,fl:fatal_maid,432,fl:fatal_maid_12,fl:fatal_maid_06,fl:fatal_maid,S292,,확실,확정
D1671,person:벨벳,벨벳,관계,변화,person:코코아,작전 재능을 알아본 선배,"자기 같은 '악마의 재능'의 여자애가 늘지 않게, 다른 사람을 따라가지 말라고 약속시키는 선배",,fl:fatal_maid,432,fl:fatal_maid_12,fl:fatal_maid_11,fl:fatal_maid,S292,,확실,확정
D1677,person:벨벳,벨벳,관계,변화,person:지휘관,끈을 원해 눌러앉은 예비 메이드,비밀 요원도 뭣도 아닌 '주인님만의 메이드'로 남겠다며 진심을 담은 초콜릿을 내미는,,fl:fatal_maid,432,fl:fatal_maid_13,fl:fatal_maid_11,fl:fatal_maid,S292,F2393,확실,확정
D2204,person:벨벳,벨벳,관계,변화,person:지휘관,'세상에 공짜는 없다'며 잘해 주는 속셈을 캐려고 취하게 해 떠보던,"쓸모와 상관없이 곁에 있어 달라는 말을 받아, 어떤 쓰임새로든 주인님 옆에 오래오래 있고 싶다는",,char:316,433,ep:d_nikke_velvet_05,ep:d_nikke_velvet_04,char:316,S293,,확실,확정
D1842,person:볼륨,볼륨,성격,기준,,,,"무대에서 기타를 부수고 말리는 스태프에게 '돈 줄게, 얼마면 돼?' · '두 번 다시 여기서 공연 안 해'라는, 거칠고 오만한 슈퍼스타",char:431,108,ep:d_nikke_volume_01,,,,F565,확실,확정
D1844,person:볼륨,볼륨,관계,기준,person:지휘관,,,길어야 일주일 버틴 매니저 자리에 온 지휘관에게 '며칠 할 거야? … 다음 스케줄 때도 버틸 수 있는지 보자'고 떠보는,char:431,108,ep:d_nikke_volume_01,,,,F565,확실,확정
D1843,person:볼륨,볼륨,신념,기준,,,,"음악을 한 계기는 돈이고, 대충 만들어도 팔리는 건 자기 실력이라 솔직히 말하는 게 낫다는",char:431,108,ep:d_nikke_volume_03,,,,F566,확실,확정
D1845,person:볼륨,볼륨,관계,변화,person:지휘관,얼마나 버티나 떠보는 새 매니저,자기를 지키려 한 매니저가 마음에 들어 열애설을 익명 제보하고 'Yes'를 받아 연인이 된,,char:431,108,ep:d_nikke_volume_05,ep:d_nikke_volume_04,char:431,,F567,확실,확정
D1552,person:볼륨,볼륨,관계,기준,person:소다,,,소다가 팀장이라 하자 '딱히 견제가 될 만한 팀은 아니'라 대놓고 얕보는,event_goldencoinrush1,300,event_goldencoinrush1_03_s,,,,,확실,확정
D1553,person:볼륨,볼륨,관계,변화,person:소다,견제할 것도 없다고 얕보던,반칙을 말하지 않은 것도 당연하다며 'I respect you' — 꼭 1등 하라고 주먹을 맞대는,,event_goldencoinrush1,300,event_goldencoinrush2_05_s,event_goldencoinrush2_intermission_01,event_goldencoinrush1,S149,,확실,확정
D772,person:볼륨,볼륨,관계,기준,person:아니스,,,'슈퍼스타는 당당하게 요구해도 돼'라며 무엇이든 해 주겠다고 노이즈와 서로 제 팀을 붙이려 다투는,ch39,396,d_main_39_af_05,,,,,확실,확정
D621,person:브래디,브래디,성격,기준,,,,"'응'으로 짧게 답하며 상대를 핥아 맛을 보고, 재료를 덤덤히 읊은 뒤 '총평'으로 요리에 담긴 마음까지 짚는",event_newflavor,367,event_newflavor_02_s,,,,,확실,확정
D622,person:브래디,브래디,관계,기준,person:지휘관,,,처음 본 지휘관에게 퍼펙트 은폐를 털어놓고 '공범을 만든 거지'라 하는,event_newflavor,367,event_newflavor_03_s,,,,,확실,확정
D625,person:브래디,브래디,신념,기준,,,,"맛과 정보를 끊임없이 받아야 해 먹는 게 즐겁지 않지만, 언젠가 '온전한 맛'과 '나'의 맛을 보기를 설레며 사는",event_newflavor,367,event_newflavor_05_s,,,,,확실,확정
D623,person:브래디,브래디,관계,변화,person:지휘관,공범으로 끌어들인 처음 본 지휘관,'공범이 되고 싶다'는 말에 숨긴 사정을 털어놓고 고마워하는,,event_newflavor,367,event_newflavor_06_s,,,,,확실,확정
D624,person:브래디,브래디,관계,변화,person:지휘관,사정을 털어놓은 공범,처음 온전한 맛을 준 지휘관을 '미미'라 부르며 자주 맛보게 해 달라 조르는,,event_newflavor,367,event_newflavor_06_e,,,,F1839,확실,확정
D2156,person:브래디,브래디,관계,변화,person:지휘관,처음 온전한 맛을 준 지휘관을 '미미'라 부르며 자주 맛보게 해 달라던,"날마다 찾아와 손을 핥다 '나 때문에 곤란한가 봐' 사과하고, 싫지 않다는 말에 온몸을 맛보며 '내 최고의 코스 요리'라 부르는",,char:520,368,ep:d_nikke_bready_05,ep:d_nikke_bready_04,char:520,S214,F1840,확실,확정
D2159,person:브래디,브래디,신념,변화,,맛과 정보가 쏟아져 먹는 게 즐겁지 않아 지휘관의 '온전한 맛'만 찾던,"행복의 맛이 여러 형태로 있음을 알아, 학생들의 서툰 감정이 담긴 음식도 '좋다'며 맛보는 게 지루하지 않아진",,event_trueflavor,371,event_trueflavor_epilogue,event_trueflavor_06_e,event_trueflavor,S218,,확실,확정
D1372,person:브리드,브리드,관계,기준,person:디젤,,,"디젤은 피해자라 아무도 추모식 참석을 강요할 수 없다며 막고, 그 대신 욕을 먹으며 스스로를 AFX를 몰았던 가해자라 하는 과보호",char:72,93,ep:d_nikke_diesel_02,,,,,확실,확정
D1846,person:브리드,브리드,성격,기준,,,,"지치지 않는 몸이라 휴가가 필요 없다며 한 번도 쓰지 않고, 태블릿 일정에 맞춰 하루 두 시간만 자며 사는 완벽주의 워커홀릭",char:70,109,ep:d_nikke_brid_01,,,,F570,확실,확정
D1847,person:브리드,브리드,관계,기준,person:지휘관,,,"휴가 이야기로 찾아온 지휘관에게 스케줄이 빡빡하니 가벼운 이유라면 메신저를 써 달라는, 사무적인 담당 니케",char:70,109,ep:d_nikke_brid_01,,,,,확실,확정
D1848,person:브리드,브리드,관계,변화,person:지휘관,메신저로 하라던 사무적인 담당 니케,밤마다 커피 자판기 투어로 일상 이야기를 하고 웃는,,char:70,109,ep:d_nikke_brid_03,ep:d_nikke_brid_02,char:70,,,확실,확정
D1849,person:브리드,브리드,신념,기준,,,,"자기 일이 무엇보다 중요해, 일과 지휘관과의 일탈 중 하나를 버려야 한다면 일탈을 버리는",char:70,109,ep:d_nikke_brid_03,,,,,확실,확정
D1850,person:브리드,브리드,신념,변화,,일이 무엇보다 중요해 일탈을 버리려던,"좋아하는 일에 좋아하는 사람이 더해진 행복을 알고, 가끔의 일탈(커피 투어 · 아침 풍경)을 삶에 두는",,char:70,109,ep:d_nikke_brid_05,ep:d_nikke_brid_04,char:70,,F569,확실,확정
D1851,person:브리드,브리드,관계,변화,person:지휘관,커피 투어를 함께하는 사이,입을 맞추고 '사랑하는 일만큼이나 소중한 사람' — 자기의 일탈이라 부르는 연인,,char:70,109,ep:d_nikke_brid_05,ep:d_nikke_brid_04,char:70,,F570,확실,확정
D2194,person:브리드,브리드,관계,기준,person:솔린,,,"한밤에 찾아온 솔린을 열이 있느냐 농담으로 맞으면서도 차분히 상담해 주고, 어른이 되어 가는 솔린을 보며 '조금은 아쉬울지도' 하는 동료",char:74,424,ep:d_nikke_soline_frostticket_04,,,,,확실,확정
D1660,person:브리드,브리드,신념,변화,,승객의 안전만이 제일이라 노라를 방주로 돌려보내려던,거기가 어디든 승객이 원하면 안전하게 모시는 것이 기관사라며 선로를 벗어나 노라의 집으로 운전하겠다는,,fl:terminus_ticket,425,fl:terminus_ticket_21,fl:terminus_ticket_16,fl:terminus_ticket,S283,,확실,확정
D2196,person:브리드,브리드,관계,변화,person:디젤,디젤은 피해자라며 대신 막아서고 욕을 먹던 과보호,엉뚱한 쪽으로 달려가는 디젤을 말리지 않고 '지금의 디젤이라면 스스로 답을 찾을 것'이라 믿고 지켜보는,,char:75,426,ep:d_nikke_diesel_wintersweets_05,ep:d_nikke_diesel_wintersweets_02,char:75,S285,,추정,확정
D2197,person:브리드,브리드,성격,변화,,지치지 않는 몸이라 휴가가 필요 없다며 한 번도 쓰지 않고 태블릿 일에 파묻히던,좋아하는 사람을 걱정시키기 싫어 일을 서둘러 끝내 처음으로 휴가를 내고 태블릿을 두고 나서는 — 일과 휴식을 나눌 줄 알게 된,,char:73,427,ep:d_nikke_brid_silenttrack_05,ep:d_nikke_brid_silenttrack_03,char:73,S286,,확실,확정
D2198,person:브리드,브리드,관계,변화,person:지휘관,입을 맞추고 '사랑하는 일만큼 소중한 사람' — 쳇바퀴 속 잠시 쉬어 가는 일탈이라 부르던,"함께하는 시간이 쌓여 지휘관이 언제 어디서든 자연스레 녹아드는 '일상'이 되었다며, 오늘 하루는 모든 것을 함께하는 지휘관의 일상이 되고 싶다는",,char:73,427,ep:d_nikke_brid_silenttrack_05,ep:d_nikke_brid_silenttrack_02,char:73,S286,,확실,확정
D227,person:블랑,블랑,성격,기준,,,,헤도니아의 제안을 딱 잘라 거절하고 대가부터 따지는 똑 부러진 동생 — 코인 러시에 오는 사람은 다 즐거워야 한다고 여긴다,ch22,195,d_main_22_04_s,,,,,확실,확정
D2029,person:블랑,블랑,관계,기준,person:누아르,,,"언니가 싫다면 자기도 안 하고, 언니가 괜찮다면 괜찮다며 늘 언니 뜻에 맞추는 동생",event_BunnyX777,204,event_BunnyX777_01_s,,,,,확실,확정
D2031,person:블랑,블랑,관계,변화,person:지휘관,스스럼없이 부탁하고 칭찬을 조르는,오늘의 행운은 온전히 점장님이 만든 것이라며 우승 상과 별개로 행운의 키스를 청하는,,event_BunnyX777,204,event_BunnyX777_06_e,event_BunnyX777_05_e,event_BunnyX777,,,확실,확정
D2032,person:블랑,블랑,신념,기준,,,,"행운은 기쁨 · 슬픔처럼 손에서 손으로 나눌 수 있고, 운도 마음먹기에 달려 아무것도 하지 않으면 아무 일도 일어나지 않는다고 믿는 '행운의 토끼'",char:270,205,ep:d_nikke_blanc_01,,,,,확실,확정
D2033,person:블랑,블랑,관계,변화,person:지휘관,우승 상과 별개로 행운의 키스를 청하는,"스킨십할수록 좋아하는 마음이 커졌다고 고백하고, 언니에게도 말한 뒤 다시 정식으로 고백하겠다며 '점장님의 행운의 토끼'가 되겠다는",,char:270,205,ep:d_nikke_blanc_05,ep:d_nikke_blanc_04,char:270,,F948,확실,확정
D340,person:블랑,블랑,관계,기준,person:지휘관,,,"지휘관을 '점장님'이라 부르며 스스럼없이 부탁하고, '진짜 강하네요 · 멋있어요'라며 칭찬을 조르는",sub:코인_러시_00,223,sub:코인_러시_00,,,,,확실,확정
D1554,person:블랑,블랑,관계,변화,person:소다,빌 소원이 없다며 도발해 보던 결승 상대,의지 · 노력 · 간절함 모두 졌다며 다음엔 제대로 겨루고 싶은 맞수,,event_goldencoinrush1,300,event_goldencoinrush2_06_s,event_goldencoinrush2_b03_e,event_goldencoinrush1,S149,,확실,확정
D2009,person:비스킷,비스킷,성격,기준,,,,"강아지마다 좋아하는 맛대로 사료를 주고 '한 입만' 얻어먹는 천진한 보호소 훈련사로, 강아지의 말을 알아듣는",event_bowwowparadise,181,event_bowwowparadise_prologue,,,,F825,확실,확정
D2010,person:비스킷,비스킷,관계,기준,person:지휘관,,,"지휘관을 '훈련사님'이라 부르며 사고를 치면 눈물이 그렁그렁해 도움을 청하고, 위로에 금세 기운을 차리는",event_bowwowparadise,181,event_bowwowparadise_01_e,,,,,확실,확정
D2012,person:비스킷,비스킷,관계,기준,person:맥스,,,"늘 일을 돕고 힘들 때 위로해 주는 똑똑한 반장 맥스를 믿어, 탈주에도 '분명 이유가 있을 것'이라며 '우리끼리는 비밀이 없잖아'라 대화를 청하는",event_bowwowparadise,181,event_bowwowparadise_03_s,,,,F825,확실,확정
D2011,person:비스킷,비스킷,신념,기준,,,,"세상에 나쁜 강아지는 없고 우선순위는 강아지들의 행복이라며, 맥스의 마음을 먼저 알아차리지 못한 자기를 탓하는",event_bowwowparadise,181,event_bowwowparadise_03_e,,,,F825,확실,확정
D2013,person:비스킷,비스킷,관계,변화,person:맥스,말 잘 듣는 똑똑한 반장이라 믿고 보호소가 답답할 줄 몰랐던,"보호소가 답답했다는 맥스에게 사과하고, 방주처럼 자유롭게 뛰어놀 보호소를 만들어 주겠다고 약속하는",,event_bowwowparadise,181,event_bowwowparadise_intermission_01,event_bowwowparadise_03_e,event_bowwowparadise,,F825,확실,확정
D2016,person:비스킷,비스킷,관계,변화,person:지휘관,사고를 치면 도움을 청하는 '훈련사님',"'훈련사님이 너무 좋아요', 앞으로도 함께 있어 달라고 조르는",,char:381,182,ep:d_nikke_biscuit_05,ep:d_nikke_biscuit_05,char:381,,F827,확실,확정
D1522,person:비스킷,비스킷,관계,변화,person:레오나,큰 동물들을 데리고 다니고 무서운 것 없어 보이는 레오나를 어려워하던,함께 맹수들을 데리고 지상에 다녀오며 많이 편해진,,event_lionheart,263,event_lionheart_06_s,event_lionheart_03_e,event_lionheart,S120,,확실,확정
D1018,person:빅_마담,빅 마담,관계,기준,person:프린세스,,,"'모든 일에는 대가'라면서도 사제의 돈이 끊긴 뒤 한 달을 더 돌봐 주고 일감과 일당을 챙겨 주는, 거래와 신용을 목숨처럼 여기는 가게 주인",ch43,434,d_main_43_03,,,S295,,확실,확정
D1019,person:빅_마담,빅 마담,관계,변화,person:프린세스,신용으로 돌봐 주던,중앙 정부의 [협조 요청]에 '아우터 림이잖니'라며 팔아넘긴,,ch43,434,d_main_43_12,,,S295,F2405,확실,확정
D201,person:사쿠라,사쿠라,관계,기준,person:지휘관,,,"후계 재촉을 막으려 '오늘 하루만' 지아비가 되어 달라며, 이득 없는 일에 끌어들인 상대로 대하는",event_cherryblossom,183,event_cherryblossom_01_s,,,,F828,확실,확정
D200,person:사쿠라,사쿠라,성격,기준,,,,"지휘관을 '군'이라 부르며 정중히 말하되, 룰을 어긴 자는 조직원을 시켜 '이야기할 수 있는 자세로' 꺾어 놓는 냉정한 당주",event_cherryblossom,183,event_cherryblossom_03_s,,,,,확실,확정
D203,person:사쿠라,사쿠라,신념,기준,,,,"양지가 뒷세계를 토벌하지 않게 폭력을 폭력으로 억누르되, 꺾은 갱단은 식솔로 받아 머물 곳과 밥을 주는 — 식솔을 위해 흔들림 없이 서야 하는 당주",event_cherryblossom,183,event_cherryblossom_04_e,,,,F835 F834,확실,확정
D202,person:사쿠라,사쿠라,관계,변화,person:지휘관,오늘 하루만 빌린 가짜 지아비,"'진심이 조금이라도 없었다면 오지 않았다'는 말에 진심으로 영원을 약속하고 싶어져 입을 맞추고, 뒤에도 '저의 지아비'라 권리를 주장하는",,event_cherryblossom,183,event_cherryblossom_06_e,event_cherryblossom_04_e,event_cherryblossom,,F837,확실,확정
D2017,person:사쿠라,사쿠라,관계,변화,person:지휘관,예고 없이 들이닥친 '경우 없는' 손님,'의지할 수 있는 사람'이라며 처음 약한 모습을 보이고 꺾이기 전의 기댈 곳으로 삼는,,char:282,185,ep:d_nikke_sakura_03,ep:d_nikke_sakura_03,char:282,,,확실,확정
D2018,person:사쿠라,사쿠라,신념,변화,,부하가 승복하지 않으면 힘으로 관철하면 그만 — '휘어질 방법을 모른다',"대안(차 사업)을 내놓아 납득시키려 하고, 끝내 독꽃 화원을 제 손으로 불태워 '밝고 깨끗한' 세이메이카이를 되찾으려는",,char:282,185,ep:d_nikke_sakura_05,ep:d_nikke_sakura_04,char:282,,F847 F848,확실,확정
D2019,person:사쿠라,사쿠라,관계,변화,person:지휘관,기댈 곳으로 삼은 지휘관,익명 문자 하나로 달려온 다정함에 입 맞추고 '몸도 마음도 미래까지 전부 사쿠라만의 것'이라 독점을 선언하는,,char:282,185,ep:d_nikke_sakura_05,ep:d_nikke_sakura_05,char:282,,F849,확실,확정
D1442,person:사쿠라,사쿠라,관계,기준,person:로산나,,,"기싸움을 피하려 혼자 나와 '망나니'라 맞받고, 복수에 사심이 섞였다 보면서도 방치할 수 없는 일이라며 세이메이카이의 동의를 내주는",event_queensorder,207,event_queensorder_05_e,,,,,확실,확정
D272,person:사쿠라,사쿠라,관계,기준,person:목단,,,"도와 달라는 목단에게 제 일이 있다며 끊으면서도 '당신이 옳다고 생각하는 일을 하라, 믿습니다'라 맡기는",ch23,214,d_main_23_07_s,,,,,확실,확정
D482,person:사쿠라,사쿠라,관계,변화,person:지휘관,진심으로 영원을 약속하고 싶어 입을 맞추는,"조직을 부숴서라도 갖고 싶어 흔들리지만, 조직과 지휘관을 다 가질 방법을 찾을 때까지 기다렸다 지아비로 맞겠다는",,event_beautyfullshot1,305,event_beautyfullshot2_02_e,event_beautyfullshot2_01_e,event_beautyfullshot1,S157,,확실,확정
D2114,person:사쿠라,사쿠라,신념,변화,,"모래성은 쌓기는 힘들어도 무너지는 건 한순간이고 남는 것도 없어 인생과 같다며, 다 휩쓸리자 다시 만들 생각을 접던",남은 분수대와 인형을 보여 준 지휘관 곁에서 작은 모래성을 다시 쌓고 '사진은 평생 남는다'며 남겨 두는,,char:284,306,ep:d_nikke_sakura_bloominsummer_05,ep:d_nikke_sakura_bloominsummer_05,char:284,S158,F1520,확실,확정
D2149,person:사쿠라_콜라보,사쿠라,성격,기준,,,,"자기 일을 '사소한 일'이라 낮추면서도 눈앞의 환자를 두고 보지 못해, 수술 직후에도 쉬지 않고 공부하며 '저는 괜찮다'고 무리하는 정중한 의무관",char:836,362,ep:d_nikke_ce005_03_03,,,,,확실,확정
D2150,person:사쿠라_콜라보,사쿠라,신념,변화,,전투도 니케 치료도 못 해 물자 배분이나 하는 자기 일이 사소하다던,"처음으로 니케를 치료해 살리고, 원래 세계에서 지켜만 봤던 목숨 대신 더 많은 니케를 구하겠다는",,char:836,362,ep:d_nikke_ce005_03_05,ep:d_nikke_ce005_03_04,char:836,S208,F1822,확실,확정
D31,person:세르반,세르반,성격,기준,,,,"로열 계층 · 군 고위 관계자의 아들임을 내세우며 인맥과 재력으로 남의 훈장을 사 공적을 꾸미고, 들키자 '결국 다 윈윈'이라며 뻔뻔하게 넘기는 허세꾼",sub:세르반_00,11,sub:세르반_00,,,,,확실,확정
D66,person:세르반,세르반,신념,기준,,,,"호위로 데려온 양산형 니케가 자기 대신 죽는 것을 '그들의 역할'로 여기고, 니케도 마음이 상할 수 있다는 생각을 해 본 적이 없다",sub:세르반_01,28,sub:세르반_01,,,,,확실,확정
D67,person:세르반,세르반,관계,변화,person:지휘관,가짜 훈장을 사 오게 한 의뢰인 '후배님',평판을 되찾아 준 은인으로 아버지께 공로를 전하는 '친애하는 후배님',,sub:세르반_01,28,sub:세르반_01,sub:세르반_01,sub:세르반_01,,,확실,확정
D108,person:세르반,세르반,성격,변화,,인맥과 재력으로 공적을 꾸미고 평판만 좇는 로열,'명예롭다면 책임을 지라'는 말에 자수하고 '철이 들었다'며 지상과 얽히지 않겠다는,,sub:세르반_03,65,sub:세르반_03,sub:세르반_03,sub:세르반_03,,F351 F352,확실,확정
D109,person:세르반,세르반,관계,변화,person:지휘관,평판을 되찾아 준 '친애하는 후배님',고맙다면서도 '두 번 다시 연락하지 말자'며 각자의 세상으로 선을 긋는 사이,,sub:세르반_03,65,sub:세르반_03,sub:세르반_03,sub:세르반_03,,,확실,확정
D178,person:세실,세실,성격,기준,,,,"요한에게 '당신답네요' 웃고 NIMPH를 편리한 발명품이라 여기며, 도로시의 '장난'을 경계해 지켜보는 냉철한 에덴의 과학자",ch19,159,d_main_19af_01,,,,,확실,확정
D193,person:세실,세실,관계,기준,person:요한,,,"오퍼레이터 통신을 반나절 끊은 요한을 비꼬아 혼내 말문을 막는, 요한이 꼼짝 못하는 상대",ch20,164,d_main_20_06_e,,,,,확실,확정
D194,person:세실,세실,관계,기준,person:지휘관,,,"지휘관의 Rh X 결과를 지워 주고 파피용에게도 숨기라 경고하지만, '순진한 소리'라 핀잔하는 냉정한 조력자",ch20,164,d_main_20af_01,,,,,확실,확정
D213,person:세실,세실,신념,기준,,,,"인류가 구조도 모르는 NIMPH는 니케 머릿속의 칼날 조각이라 편리함보다 위험이 크다고 보아, 니케에게 선택권을 주려는 지휘관도 헬레틱을 죽이려는 요한도 지지한다",ch21,189,d_main_21_07_e,,,,F865 F864,확실,확정
D214,person:세실,세실,관계,변화,person:지휘관,Rh X 결과를 지워 주되 '순진한 소리'라 핀잔하는 냉정한 조력자,요한에게 피의 비밀을 숨겨 주고 '당신의 생각을 지지하는 인간도 있다'며 중도를 맞춰 보라는 지지자,,ch21,189,d_main_21_07_e,d_main_21_04_e,ch21,,,확실,확정
D968,person:세실,세실,관계,기준,person:도로시,,,"목숨을 구해 준 빚으로 함께하며, 동료를 수단으로만 여기는 도로시에게 '언제까지 선 밖에서 지켜만 볼 거냐' 묻는",erelic:goddess_fall_mini,419,erelic:goddess_fall_mini_07,,,,,확실,확정
D972,person:세실,세실,관계,변화,person:하란 person:이사벨 person:노아,비현실적인 도박이라 여기며 빚을 갚으려 함께한,그들이 남긴 말을 잊지 않고 꿈을 이어 가겠다는,,erelic:goddess_fall_mini,419,erelic:goddess_fall_mini_12,erelic:goddess_fall_mini_12,erelic:goddess_fall_mini,,F2339,확실,확정
D975,person:세실,세실,신념,변화,,방주를 떠나 에덴의 자존심을 지키던,자존심 · 신념은 접고 방주와 기술을 주고받았어야 했다며 방주에 니케 제작 기술을 요구하기로 한,,fl:ark_guardian,428,fl:ark_guardian_00,,,S287,F2357,확실,확정
D1034,person:세실,세실,관계,변화,person:지휘관,피의 비밀을 숨겨 주는 지지자,받기만 해서는 좋은 관계를 유지할 수 없다며 언체인드 기술과 교환하자는,,ch44,436,d_main_44_06,,,S297,,확실,확정
D1310,person:세실,세실,관계,변화,person:지휘관,받기만 해선 안 된다며 언체인드 기술과 교환하자는,확보해 준 극비 제작 기술에 늦은 인사로 고마워하는,,ch47,470,d_main_47_03,,,S341,,확실,확정
D572,person:세이렌,세이렌,성격,기준,,,,"말이 명령이 되어 버리는 언령 때문에 '아으'로만 의사를 전하고, 다급할 때만 [ ]로 말하다 피를 토하는",event_oldtales1,338,event_oldtales1_01_e,,,,,확실,확정
D573,person:세이렌,세이렌,관계,변화,person:신데렐라,붉은 눈의 신데렐라가 무서워 내민 손을 피하던,먼저 손을 포개고 '많이 아팠지 · 외로웠지'라 우는,,event_oldtales1,338,event_oldtales2_05_e,event_oldtales2_05_e,event_oldtales1,,,확실,확정
D642,person:세이렌,세이렌,신념,기준,,,,잃어버린 동료들(신데렐라 · 에이브 · 헨젤 · 그레텔)이 살아 있다는 증거를 찾아 몸이 너덜너덜해져도 다시 물 위로 오르는,side:mudfish,370,side:mudfish_00,,,,,확실,확정
D639,person:세이렌,세이렌,관계,기준,person:레비아탄,,,헬레틱이라는 말에 물방울을 겨누고 언령으로 묶어 '똑바로 말해'라 몰아세우는,side:mudfish,370,side:mudfish_01,,,,,확실,확정
D640,person:세이렌,세이렌,관계,변화,person:레비아탄,헬레틱인 줄 알고 위협한,생선구이를 내밀어 사과하고 다시는 위협하지 않겠다 약속하며 '레비'라 애칭을 지어 주는,,side:mudfish,370,side:mudfish_03,,,S216,,확실,확정
D641,person:세이렌,세이렌,관계,변화,person:레비아탄,위험하니 먼저 바다로 도망치라던,레비의 용기를 믿고 함께 글러트니와 싸우자는,,side:mudfish,370,side:mudfish_12,,,S216,,확실,확정
D685,person:세이렌,세이렌,관계,기준,person:모리,,,'아무도 네가 태어난 걸 축하하지 않는다면 내가 축하할게'라며 모리를 만난 날을 모리의 생일로 하자는,event_unbreakablesphere1,377,event_unbreakablesphere1_04_e,,,,,확실,확정
D686,person:세이렌,세이렌,신념,변화,,동료들이 살아 있다는 증거를 찾아 기다리던,친구들을 기다리는 것을 그만두고 AA 필러의 에너지를 끌어안고 '승리의 여신답게' 마지막 물거품이 되려는,,event_unbreakablesphere1,377,event_unbreakablesphere1_06_e,event_unbreakablesphere1_06_s,event_unbreakablesphere1,,,확실,확정
D687,person:세이렌,세이렌,신념,변화,,모두를 구하려 홀로 희생하려던,가능성이 하나라도 있다면 포기하지 않고 '함께 살아남아 해피 엔딩을 만들자'는,,event_unbreakablesphere1,377,event_unbreakablesphere2_05_e,event_unbreakablesphere2_05_e,event_unbreakablesphere1,,,확실,확정
D688,person:세이렌,세이렌,관계,변화,person:모리,구해 주고 생일을 축하해 준 손님,'다정하고 똑똑하고 용감한 내 친구'로 손을 내밀어 앞으로 함께 다니자고 청하는,,event_unbreakablesphere1,377,event_unbreakablesphere2_epilogue,event_unbreakablesphere2_05_s,event_unbreakablesphere1,,,확실,확정
D1638,person:세이렌,세이렌,관계,변화,person:헨젤 person:그레텔 person:신데렐라 person:레드_슈즈,언령이 동료를 해칠까 '미안해'만 남기고 위험할 때도 말을 끊은,'모두 곁에 계속 있고 싶다 · 나는 착해빠진 녀석'이라 털어놓고 친구로 받아들여진,,char:513,380,ep:d_nikke_littlemermaid_05,ep:d_nikke_littlemermaid_03,char:513,S225,,확실,확정
D874,person:세이렌,세이렌,관계,기준,person:지휘관,,,지휘관 앞에서만 '아으'로 얼버무리는 — 남자와 처음 얘기해 본다며 신데렐라에게 '진짜 왕자님 같다'고 귓속말하는,ch42,416,d_main_42_02,,,,,확실,확정
D873,person:세이렌,세이렌,관계,변화,person:레비아탄,레비의 용기를 믿고 함께 글러트니와 싸우자는,'배신한 적 없어 · 너를 용서해 줘'라 안아 주고 대신 글러트니에 삼켜지는,,ch42,416,d_main_42_04,,,S270,F2221 F2222,확실,확정
D1752,person:세이렌,세이렌,관계,변화,person:지휘관,지휘관 앞에서만 '아으'로 얼버무리던,"좋아하는 마음을 친구들에게 털어놓고, 씨 글라스를 건네며 다음엔 눈을 보고 더 많이 이야기하고 싶다는",,fl:wave_to_you,464,fl:wave_to_you_26,fl:wave_to_you_13,fl:wave_to_you,S336,F2764,확실,확정
D1852,person:센티,센티,관계,기준,person:지휘관,,,"니케의 잠재력을 끌어낸다는 '반장님'의 수수께끼 힘을 믿고, 혼자보다 명령대로가 낫다며 뭐든 빡세게 시켜 달라고 매달리는",char:80,110,ep:d_nikke_centi_01,,,,,확실,확정
D1853,person:센티,센티,신념,기준,,,,"한번 받은 명령은 목숨 걸고 지키고, 명령을 어기는 건 반장님의 권위를 무시하는 일이라 여기는",char:80,110,ep:d_nikke_centi_02,,,,F572,확실,확정
D1854,person:센티,센티,신념,변화,,받은 명령은 목숨 걸고 지키던,잘못된 명령은 지키지 않아도 된다는 말을 곱씹어 명령마다 스스로 판단해 융통성 있게 보완하는,,char:80,110,ep:d_nikke_centi_05,ep:d_nikke_centi_02,char:80,,F572,확실,확정
D1855,person:센티,센티,관계,변화,person:지휘관,명령에 매달리던 '반장님',이름만 불러도 의도를 아는 한 몸 같은 콤비라 자부하는,,char:80,110,ep:d_nikke_centi_05,ep:d_nikke_centi_05,char:80,,F572,확실,확정
D84,person:센티,센티,성격,기준,,,,"'~슴다' 하며 큰 목소리로 씩씩하게 답하고, 눈 · 귀가 좋아 멀리 오는 랩쳐를 먼저 알아보는 손재주 좋은 리타의 후배",sub:미실리스_연구팀_02,162,sub:미실리스_연구팀_02,,,,,확실,확정
D1423,person:소다,소다,성격,기준,,,,"청소에 열심이지만 물 양동이를 쏟고 아무 버튼이나 누르는 덤벙대는 메이드로, '흐엥' 하며 금방 울상이 되는",event_maidinvalentine,175,event_maidinvalentine_03_s,,,,,확실,확정
D2004,person:소다,소다,관계,기준,person:지휘관,,,"지휘관을 '주인님'으로 모시며 덜렁대는 성격을 고치게 도와 달라고 상담을 청하고, 해낼 수 있을지 기대는",char:312,177,ep:d_nikke_soda_02,,,,,확실,확정
D2002,person:소다,소다,신념,기준,,,,"방주에 갇혀 답답하게 지내는 모두를 조금이라도 행복하게 하려고, 자기가 할 수 있는 메이드 일을 더 열심히 하기로 한",char:312,177,ep:d_nikke_soda_04,,,,F815,확실,확정
D2003,person:소다,소다,성격,변화,,민폐만 끼친다며 손님 기색만 살피다 실수하고 의기소침해 조퇴하는,실수는 여전해도 누군가 행복해졌다는 걸 알고 의욕이 넘쳐 홀을 혼자 도맡는,,char:312,177,ep:d_nikke_soda_05,ep:d_nikke_soda_04,char:312,,F815,확실,확정
D2005,person:소다,소다,관계,변화,person:지휘관,성격을 고치게 도와 달라고 상담을 청한 '주인님',지켜봐 준다는 말에 두근거려 '힘을 달라'며 입을 맞추는,,char:312,177,ep:d_nikke_soda_05,ep:d_nikke_soda_04,char:312,,F815,확실,확정
D1546,person:소다,소다,관계,기준,person:코코아 person:에이드,,,"실수투성이인 자기를 믿고 아껴 주는 '유일한 친구'라 그 무엇과도 비교할 수 없고, 둘의 기대를 저버리고 싶지 않은",event_goldencoinrush1,300,event_goldencoinrush2_02_s,,,,,확실,확정
D1548,person:소다,소다,신념,변화,,남을 밟고 올라가는 경쟁을 용납 못 하던,"무언가를 지키려면 다른 것을 포기해야 하고, 정정당당한 경쟁은 남에게 아픔을 주는 게 아니라고 깨달은",,event_goldencoinrush1,300,event_goldencoinrush2_05_s,event_goldencoinrush2_03_s,event_goldencoinrush1,S149,,확실,확정
D1549,person:소다,소다,성격,변화,,눈치를 보며 '결과가 어떻게 되든 괜찮다'고 미리 물러서던,긴장해도 두 사람과 자기를 믿고 최선을 다하겠다는,,event_goldencoinrush1,300,event_goldencoinrush2_05_e,event_goldencoinrush2_03_s,event_goldencoinrush1,S149,,확실,확정
D2109,person:소다,소다,관계,변화,person:지휘관,지켜봐 준다는 말에 두근거려 '힘을 달라'며 입을 맞추던,"샤워실에서 지휘관에게 옷을 잘라 달라 하고 젖은 옷을 벗겨 주며 둘만의 하루를 보낸 뒤, '또 세탁과 청소가 필요할 땐 언제든 불러 달라'는",,char:314,301,ep:d_nikke_soda_twinklingbunny_05,ep:d_nikke_soda_twinklingbunny_03,char:314,S151,F1493,확실,확정
D744,person:소라,소라,관계,기준,person:지휘관,,,다시 만난 지휘관을 '캡틴'이라 부르며 그날의 추억을 기다렸다고 애정을 숨기지 않는,event_overthehorizon,391,event_overthehorizon_01_s,,,,,확실,확정
D743,person:소라,소라,성격,기준,,,,"'캡틴~♥' 하며 지휘관에게 달라붙고 아니스 · 라피를 '놀리는 재미'로 삼지만, 캡틴을 지키는 임무만은 진심이라는 승무원",event_overthehorizon,391,event_overthehorizon_02_s,,,,,확실,확정
D747,person:소라,소라,소속,기준,,,,"어디서 태어났는지 모른 채 아우터 림에서 자란 콜렉터 출신으로, 진짜 하늘이 좋아 오버 더 호라이즌 승무원이 된",event_overthehorizon,391,event_overthehorizon_06_s,,,,,확실,확정
D746,person:소라,소라,신념,기준,,,,"누구에게나 공평하게 빛이 내리는 지상의 하늘 아래 살고 싶어, 그 열쇠인 승리의 날개 호를 콜렉터들과 직접 찾는",event_overthehorizon,391,event_overthehorizon_06_e,,,,,확실,확정
D745,person:소라,소라,관계,변화,person:지휘관,실수인 척 밀수 메시지를 보내 줄을 대려던,밀수를 묵인받고 승리의 날개 호를 찾으면 그만두겠다고 맹세한 '진짜 거래'의 상대,,event_overthehorizon,391,event_overthehorizon_06_e,event_overthehorizon_06_e,event_overthehorizon,S240,,확실,확정
D2172,person:소라,소라,관계,변화,person:지휘관,얼굴로만 아는 유명인 지휘관을 '오빠'라 놀리며 종이비행기 승부를 걸던,사람 · 물건 보는 눈으로 '독차지하고 싶을 만큼' 특출난 사람이라며 번호와 종이비행기를 남긴,,char:532,392,ep:d_nikke_sora_04,ep:d_nikke_sora_04,char:532,S242,,확실,확정
D2173,person:소라,소라,관계,변화,person:지휘관,밀수를 묵인받고 승리의 날개 호를 찾기로 한 '진짜 거래'의 상대,함께 지상에 올라 진짜 하늘 아래에서 손을 맞잡고 그날의 종이비행기를 날리는,,char:532,392,ep:d_nikke_sora_05,,,,,추정,확정
D1857,person:솔린,솔린,관계,기준,person:지휘관,,,사탕을 까 주는 지휘관에게 '애도 아니고' · '자꾸 놀릴래' 하고 투덜대면서도 받아먹고 속사정을 털어놓는,char:71,111,ep:d_nikke_soline_01,,,,,확실,확정
D1856,person:솔린,솔린,성격,기준,,,,"애 취급에 발끈하며 '유능한 니케'임을 보이려 애쓰지만, 우는 사람 때문에 열차를 멈추고 바닥에 기름칠을 하는 식으로 잘하려다 사고를 치는",char:71,111,ep:d_nikke_soline_01,,,,,확실,확정
D1858,person:솔린,솔린,신념,기준,,,,"니케가 되면 다 잘될 줄 알았기에, 어려 보이는 외형 탓에 못 미더워 보여도 뭐라도 해서 쓸모 있음을 증명해야 한다고 여기는",char:71,111,ep:d_nikke_soline_03,,,,F573,확실,확정
D1859,person:솔린,솔린,기억,기준,,,,인간 시절 기차역 테러로 무너진 건물에 다리가 부러져 '쓸모없는 건 버려야지'라는 말과 함께 버려진 기억 — 왜 그곳에 있었는지는 기억하지 못한다,char:71,111,ep:d_nikke_soline_04,,,,F574,확실,확정
D1861,person:솔린,솔린,관계,변화,person:지휘관,사탕에 투덜대며 받아먹던,까망이를 건네며 자기에게서 떨어지지 말라 하고 '나랑 연애해'라 청하는,,char:71,111,ep:d_nikke_soline_05,ep:d_nikke_soline_04,char:71,,F575,확실,확정
D1860,person:솔린,솔린,신념,변화,,쓸모를 증명하려 어른 흉내를 내던,"쓸모없어도 버리지 않는다는 약속을 받고, 쓸모 때문이 아니라 그냥 어른이 되고 싶다는",,char:71,111,ep:d_nikke_soline_05,ep:d_nikke_soline_04,char:71,,F575,확실,확정
D1862,person:솔린,솔린,성격,변화,,애 취급에 발끈하며 벌을 억울해하던,"잘못을 인정해 스스로 청소를 맡고, 사탕을 달라며 어린애여도 괜찮다고 받아들이는",,char:71,111,ep:d_nikke_soline_05,ep:d_nikke_soline_04,char:71,,,확실,확정
D2101,person:솔린,솔린,신념,변화,,"못 마시는 에스프레소까지 따라 시키며 디젤 · 브리드 같은 멋진 어른이 되려다, 방송 실수 뒤 '글렀어'라 자책하던","꼼꼼한 청소처럼 자기만 잘하는 것을 소중히 여겨 솔린답게 크기로 하고, 쓴 커피 대신 달콤한 코코아를 시키는",,char:820,286,ep:d_nikke_ce_003_01_05,ep:d_nikke_ce_003_01_05,char:820,,F1356,확실,확정
D1650,person:솔린,솔린,관계,기준,person:노라,,,운행이 끝난 열차에 버티는 노인을 '업무 방해'라며 쏜다 · 경찰을 부르겠다고 내쫓으려는 승무원,fl:blank_ticket,423,fl:blank_ticket_01,,,,,확실,확정
D1651,person:솔린,솔린,관계,변화,person:노라,막차에 버티는 노인을 내쫓으려던 승무원,"며칠 안 오자 걱정돼 집 근처까지 찾아가 울고, 친구가 될 자격을 묻는",,fl:blank_ticket,423,fl:blank_ticket_11,fl:blank_ticket_07,fl:blank_ticket,S281,,확실,확정
D1654,person:솔린,솔린,성격,변화,,혼자 할 수 있다고 큰소리치면서도 첫 마지막 열차 방송에 말을 더듬던,"자기 말로 '행복을 싣고 다니는 열차' 방송을 해 승객 칭찬을 받고, 안내 방송을 도맡으며 무엇이든 맡기라는",,fl:blank_ticket,423,fl:blank_ticket_14,fl:blank_ticket_12,fl:blank_ticket,S281,,확실,확정
D2192,person:솔린,솔린,성격,변화,,"어른의 데이트를 바라며 에스프레소를 억지로 마시고, 꼬마 취급에 성질내며 투정 부리던","겉으로만 어른인 척이 아니라 속까지 어른이 되어야 한다며 진심으로 사과하고, 같은 커플의 비아냥도 소중한 데이트를 위해 참는",,char:74,424,ep:d_nikke_soline_frostticket_05,ep:d_nikke_soline_frostticket_04,char:74,S282,,확실,확정
D2193,person:솔린,솔린,관계,변화,person:지휘관,'나랑 연애해' 청해 사귀기 시작하고 첫 데이트에 들뜬,"투정을 사과하며 직접 짠 데이트로 지휘관을 행복하게 해 주려 하고, 앞으로도 가끔이라도 만나자 청해 함께 영화를 보다 잠드는",,char:74,424,ep:d_nikke_soline_frostticket_05,ep:d_nikke_soline_frostticket_05,char:74,S282,,확실,확정
D106,person:슈가,슈가,성격,기준,,,,"'타', '걸어가'처럼 말을 아끼고, 연료보다 탄환을 더 싣고 와 '승률 낮은 도박은 싫어하지 않는다'는 무뚝뚝한 카페 스위티 니케",ch13,64,d_main_13_07,,,,,확실,확정
D1395,person:슈가,슈가,관계,기준,person:지휘관,,,"'파트너'라 부르며 아무에게나 맡길 수 없는 의뢰에 불러내고, 커피향 키스가 궁금하다며 힐끔거리는",char:140,112,ep:d_nikke_sugar_01,,,,,확실,확정
D1397,person:슈가,슈가,신념,기준,,,,원하는 것은 무슨 수를 써서라도 손에 넣어야 언제 사그라들지 모르는 '우리'가 [사람]으로 남는다 — 자기가 원하는 건 남이 원하는 것을 이뤄 주는 것,char:140,112,ep:d_nikke_sugar_03,,,,,확실,확정
D1396,person:슈가,슈가,관계,변화,person:지휘관,키스를 졸라 대는 의뢰 파트너,"어떤 상황에도 굽히지 않는 그를 '그래서 파트너'라 멋있다 하고, 쓴 커피 뒤 입을 맞추는",,char:140,112,ep:d_nikke_sugar_05,ep:d_nikke_sugar_03,char:140,S355,,확실,확정
D368,person:슈가,슈가,관계,기준,person:목단,,,파트너를 위험에 빠뜨린 의뢰인이라며 미스트 유통을 의심해 총을 겨누는,event_dirtybackyard,265,event_dirtybackyard_02_e,,,,,확실,확정
D371,person:슈가,슈가,관계,변화,person:지휘관,농담과 키스로 받아넘기는 '파트너',"파트너를 지키려 감정적으로 굴었다고 사과하고, 떠올리기 싫은 과거와 식스오의 의뢰까지 털어놓는",,event_dirtybackyard,265,event_dirtybackyard_05_e,event_dirtybackyard_02_s,event_dirtybackyard,S122,,확실,확정
D369,person:슈가,슈가,관계,변화,person:목단,미스트 유통을 의심하던 의뢰인,목단에게 졌어도 누명을 풀어 주려 식스오를 쫓고 '목단을 잘 부탁해'라는,,event_dirtybackyard,265,event_dirtybackyard_epilogue,event_dirtybackyard_06_s,event_dirtybackyard,S122,,확실,확정
D1064,person:슈가,슈가,관계,변화,person:목단,누명을 풀어 주려 식스오를 쫓던,식스오 본거지에 데려가며 함부로 의심한 것 · 모란회가 무너진 것을 사과하는,,ch44,436,d_main_44_af_08,d_main_44_af_05,ch44,S297,,확실,확정
D1066,person:슈가,슈가,신념,변화,,썩은 데 물든 약자들까지 쳐내는 건 너무하다는,오물에 빠진 이는 건지되 오물을 만드는 식스오는 없애야 한다는 해결사,,ch44,436,d_main_44_af_08,,,S297,,확실,확정
D22,person:슈엔,슈엔,성격,기준,,,,"니케를 '고철'이라 부르고 CEO의 권력 · 워드리스의 능력으로 지휘관과 니케를 짓밟다가, 맞서 오자 겁에 질려 달아나는 미실리스 CEO",ch02,4,d_main_02af_07,,,,,확실,확정
D45,person:슈엔,슈엔,신념,기준,,,,"니케는 인간을 대신해 싸우는 병기라 기억 · 감정은 소용없고, 지워지면 '백지라 더 좋다'고 본다",ch04,15,d_main_04af_02,,,,,확실,확정
D92,person:슈엔,슈엔,관계,기준,org:메티스,,,"메티스를 '너흰 사과할 필요 없어, 앞으로도'라며 감싸 주지만, 배터리가 간당간당해도 막무가내로 지상에 올려 보내는 주인",ch11,53,d_main_11_04,,,,F292 F293,확실,확정
D100,person:슈엔,슈엔,관계,변화,person:지휘관,제 심부름꾼처럼 부리고 협박하는,"언체인드를 애걸하다 '방법을 찾으면 무릎이든 꿇겠다, 못 찾으면 죽이겠다'며 약속에 기대를 거는",,ch12,59,d_main_12af_02,d_main_12af_02,ch12,S28,F315,확실,확정
D126,person:슈엔,슈엔,신념,변화,,니케의 기억은 소용없고 지워지면 백지라 더 좋다,침식 때마다 니케가 쌓은 정보 · 노하우 · 직관과 지혜를 지우는 건 아까운 손해라며 기억 소거 없는 치료를 내세운다,,ch15,75,d_main_15af_02,d_main_12af_02,ch12,S36,F393,추정,확정
D127,person:슈엔,슈엔,관계,변화,person:지휘관,메티스를 구할 방법을 찾겠다는 약속에 기대를 건,언체인드를 가로채 속인 것을 들키자 독점을 막겠다는 지휘관에게 병력 · 물자를 다 내주겠다며 협력을 매달리는,,ch15,75,d_main_15af_04,d_main_15af_04,ch15,S36,F398 F400,확실,확정
D50,person:슈엔,슈엔,관계,기준,person:지휘관,,,"'야 너 요즘 한가하지?'라며 지휘관을 제 심부름꾼처럼 부리고, 거절하면 '그게 간첩'이라 협박하고 욕설로 끊는다",sub:랩칠리언_05,84,sub:랩칠리언_05,,,,,확실,확정
D152,person:슈엔,슈엔,관계,변화,org:메티스,감싸 주면서도 막무가내로 부리는,다시 히어로로 만들려고 랩쳐 유인을 숨기고 '지옥에 밀어 넣어야 한다고 해도' 속이는,,ch17,140,d_main_17af_04,,,,F691,확실,확정
D157,person:슈엔,슈엔,관계,변화,person:지휘관,메티스를 구해 달라며 무릎까지 꿇겠다고 애원하는,일이 틀어지면 연구소 영상을 언론에 뿌려 모든 걸 지휘관이 꾸민 일로 돌리겠다고 협박하는,,ch18,146,d_main_18_07_e,,,S47,F699,확실,확정
D158,person:슈엔,슈엔,성격,변화,,맞서 오면 겁에 질리던,에닉이 벌하지 않았으니 죄가 아니라며 '정의가 내 곁에 있다'고 3대 기업 CEO들을 비웃는 안하무인,,ch18,146,d_main_18af_01,,,,F703,확실,확정
D298,person:슈엔,슈엔,소속,변화,,미실리스 CEO,에닉의 판결로 니케가 되어 CEO 직위를 잃고 카운터스 휘하에 배치될,,ch24,219,d_main_24af_02,,,,F1037,확실,확정
D308,person:슈엔,슈엔,관계,변화,person:지휘관,일이 틀어지면 모든 걸 지휘관 탓으로 돌리겠다고 협박하던,판결을 피하려 지원 물자를 바치며 '살려주라 · 시키는 거 다 할게' 매달리는,,ch25,241,d_main_24af_06,d_main_24af_06,ch25,S98,F1099,확실,확정
D309,person:슈엔,슈엔,소속,변화,,에닉의 판결대로라면 니케가 되고 CEO 직위를 잃을,거짓 판결이라 CEO 그대로 카운터스를 전력으로 서포트하는 특수별동대의 '주요 자원',,ch25,241,d_main_24af_06,,,S98,F1099,확실,확정
D334,person:슈엔,슈엔,관계,변화,person:지휘관,판결을 피하려 매달리는,투덜대며 시키는 대로 지원하면서 속으로는 방주에서 힘을 가질 기회로 삼는,,ch26,246,d_main_26_11,,,,Q154,확실,확정
D531,person:슈엔,슈엔,관계,변화,person:미하라 person:유니,곁에 두고 부리며 독자 기술의 자랑으로 내세우던 자기 니케들,"'오점 · 쓰레기'라 내쫓고 죽어 버리라 하면서, 혼자 남아 '아프단 말이야'라 무너지고 첫 임무 뒤 주려던 바디를 내주는",,side:wordless,331,side:wordless_12,side:wordless_12,side:wordless,,,확실,확정
D605,person:슈엔,슈엔,관계,변화,person:지휘관,투덜대며 지원하면서 속으로 힘 가질 기회로 삼는,처벌로 궁지에 몰려 지휘관에게 잘 보이려 로비해 메티스를 보내는,,ch35,358,d_main_35bf_07,,,,F1797,확실,확정
D647,person:슈엔,슈엔,성격,변화,,정의가 내 곁에 있다며 CEO들을 비웃던 안하무인,비서 · 기록자들 앞에서 잉그리드에게 무릎을 꿇고 메티스를 올려 보내 달라 청하는,,ch37,373,d_main_37_05,,,,,추정,확정
D1272,person:슈엔,슈엔,관계,기준,person:맥스웰,,,몰래 히어로 영화를 보러 맥스웰의 연구실에 숨어들어 '아버님 돈 받고 다니잖아'라 대들다가도 쫓겨날까 겁내는,fl:project_matis,467,fl:project_matis_01,,,S340,,확실,확정
D1275,person:슈엔,슈엔,관계,기준,person:지엔,,,아버님과 일하는 이복 언니를 질투하면서도 밥 먹자고 찾아오면 받아 주던 — 라라 일 뒤로 무서워하는,fl:project_matis,467,fl:project_matis_02,,,S340,,확실,확정
D1281,person:슈엔,슈엔,신념,변화,,몰래 히어로 영화를 보는 아이,아버님께 도움이 되고 칭찬을 한 번 더 받고 싶어 히어로 니케를 만들겠다는,,fl:project_matis,467,fl:project_matis_04,,,S340,F2776,확실,확정
D1273,person:슈엔,슈엔,관계,기준,person:엔메,,,"'아버님은 달라, 나를 위해 시킨 일'이라며 라라를 죽인 것까지 자기를 걱정해서라 믿고 칭찬 한 번을 바라는",fl:project_matis,467,fl:project_matis_06,,,S340,,확실,확정
D1274,person:슈엔,슈엔,관계,변화,person:엔메,칭찬 한 번을 바라며 믿는,설계도를 '어린애 장난'이라 짓밟혀 방 밖으로 나오지 않는,,fl:project_matis,467,fl:project_matis_07,fl:project_matis_07,fl:project_matis,S340,F2778,확실,확정
D1278,person:슈엔,슈엔,소속,변화,,엔메의 차녀,엔메의 실종을 숨기려 화려하게 취임한 미실리스 3대 CEO,,fl:project_matis,467,fl:project_matis_09,fl:project_matis_08,fl:project_matis,S340,F2782,확실,확정
D1308,person:슈엔,슈엔,관계,변화,person:맥스웰,연구실에서 함께 지내며 설계도를 만든,취임식에 안 온 일을 '잊겠다' 하고 수년 동안 연구실에 가지 않는,,fl:project_matis,467,fl:project_matis_09,fl:project_matis_09,fl:project_matis,S340,F2783,확실,확정
D1279,person:슈엔,슈엔,성격,변화,,아버님 앞에서 '죄송합니다'만 되뇌던 겁 많은 아이,'착하면 호구로 본다'며 욕과 폭행을 일삼는 CEO,,fl:project_matis,467,fl:project_matis_10,fl:project_matis_09,fl:project_matis,S340,,확실,확정
D1285,person:슈엔,슈엔,관계,기준,person:라플라스,,,"병색 가득한 지원자를 '그 몸으로 어떻게 붙겠어, 다신 오지 마'라 내치면서 케이크를 나눠 주는",fl:project_matis,467,fl:project_matis_15,,,S340,,확실,확정
D1286,person:슈엔,슈엔,관계,변화,person:라플라스,일주일을 버틴 끝에 '내 권한으로' 붙여 준 지원자,부름에 응답한 그녀의 히어로 — 무슨 수를 써서라도 히어로로 완성해 주겠다는,,fl:project_matis,467,fl:project_matis_20,fl:project_matis_20,fl:project_matis,S340,F2789,확실,확정
D1276,person:슈엔,슈엔,관계,변화,person:지엔,라라를 니케로 만든 '징그럽고 무서운' 경쟁자,이사회를 치려 먼저 불러 '도와줘'라 하는 공범,,fl:project_matis,467,fl:project_matis_21,fl:project_matis_20,fl:project_matis,S340,F2790,확실,확정
D1282,person:슈엔,슈엔,신념,변화,,아버님께 도움이 되고 칭찬받고 싶은,내 것을 지키려면 공포와 무력감으로 상대를 확실히 뭉개야 한다는,,fl:project_matis,467,fl:project_matis_21,fl:project_matis_20,fl:project_matis,S340,,확실,확정
D1283,person:슈엔,슈엔,신념,변화,,기억 없는 라라는 '고철일 뿐',"진짜 니케는 몸이 바뀌어도 기억을 잃지 않는 귀중한 존재, 그 밖은 고철 — 라플라스 하나만 개발하겠다는",,fl:project_matis,467,fl:project_matis_21,fl:project_matis_02,fl:project_matis,S340,F2791,확실,확정
D1280,person:슈엔,슈엔,성격,변화,,단상 위에서 덜덜 떨던 꼬맹이,약을 먹였다며 이사회를 협박하고 '잠든 얼굴 옆에 불을 붙이겠다'는,,fl:project_matis,467,fl:project_matis_22,,,S340,F2790,확실,확정
D1307,person:슈엔,슈엔,관계,변화,person:맥스웰,'다신 혼자 위험한 곳으로 가지 마'라던,맥스웰이 거부해도 '네가 없는 세상을 상상할 수 없다'며 니케로 만드는,,fl:project_matis,467,fl:project_matis_26,,,S340,F2794,확실,확정
D1284,person:슈엔,슈엔,신념,변화,,히어로 니케로 소중한 것을 지키겠다는,맥스웰을 니케로 만든 것까지 CEO 자리와 미실리스를 지키려 '뭐든 해야' 했다고 합리화하는,,fl:project_matis,467,fl:project_matis_26,fl:project_matis_26,fl:project_matis,S340,,확실,확정
D1287,person:슈엔,슈엔,관계,변화,person:라플라스,히어로로 완성해 주겠다는,맥스웰을 잃고 '유일하게 응답해 준 나의 히어로'에게 곁에 있어 달라 매달리는,,fl:project_matis,467,fl:project_matis_26,fl:project_matis_26,fl:project_matis,S340,,확실,확정
D1288,person:슈엔,슈엔,관계,변화,org:메티스,히어로 스쿼드로 완성하겠다던,쫓기듯 성능 좋은 도구처럼 쉴 새 없이 지상 임무에 올려 보내는,,fl:project_matis,467,fl:project_matis_26,,,S340,F2795,확실,확정
D1277,person:슈엔,슈엔,관계,변화,person:지엔,이사회를 함께 친 공범,"맥스웰 일 뒤 '화도 안 나, 그럴 감정조차 아깝다'는",,fl:project_matis,467,fl:project_matis_27,fl:project_matis_25,fl:project_matis,S339,,확실,확정
D64,person:스노우_화이트,스노우 화이트,관계,기준,person:지휘관,,,"붙잡힌 지휘관을 '인간'이라 부르며 도움이 필요하냐고 묻고, 도와주는 대신 본 것을 모두 잊으라는 낯선 구원자",ch06,26,d_main_06_08_s,,,,,확실,확정
D63,person:스노우_화이트,스노우 화이트,신념,기준,,,,"필그림은 아직 아무것도 이루지 못해 세상에 드러날 수 없고, 지상은 랩쳐의 것이 아니며, 헬레틱을 쫓아 퀸에게 다가간다",ch06,26,d_main_06_08_s,,,,F124 F127,확실,확정
D62,person:스노우_화이트,스노우 화이트,성격,기준,,,,"'~할지니' · '가엾도다 이형의 짐승이여'처럼 고풍스럽게 말하고, 이단을 단호히 베며 목숨을 구걸하는 토커티브를 '추하다'고 하는 순례자",ch06,26,d_main_06_08_e,,,,,확실,확정
D72,person:스노우_화이트,스노우 화이트,신체,기준,,,,1차 침공 때부터 수십 년 정비를 받지 못해 몸이 상한 채 버틴다,ch07,31,d_main_07_02,,,,F203,확실,확정
D71,person:스노우_화이트,스노우 화이트,관계,변화,person:지휘관,도와주는 대신 본 것을 잊으라는 낯선 구원자,목숨 빚을 절대 잊지 않겠다며 때가 되면 연락하겠다는 사이,,ch07,31,d_main_07af_02,d_main_07_06_e,ch07,S15,,확실,확정
D1398,person:스노우_화이트,스노우 화이트,관계,변화,person:지휘관,도와주는 대신 본 것을 잊으라는 낯선 구원자,"아무도 죽지 않길 바라는 '같은 결벽증'이라 맘에 들어 하고, 무기를 버려서라도 절대 죽게 두지 않겠다며 2주 길을 지켜 방주로 보내는",,char:220,113,ep:d_nikke_snowwhite_04,ep:d_nikke_snowwhite_04,char:220,S356,,확실,확정
D148,person:스노우_화이트,스노우 화이트,관계,변화,person:지휘관,목숨 빚을 절대 잊지 않겠다는 사이,"'목숨 한 개 값으로 언체인드 한 발, 빚은 다 갚았다'며 더 바라지 말라고 선을 긋는 사이",,ch17,140,d_main_17_06,d_main_17_06,ch17,S45,F678,확실,확정
D147,person:스노우_화이트,스노우 화이트,기억,기준,,,,사고 전환으로 과거 기억이 많이 남지 않아 갓데스 시절 이야기도 라푼젤에게 들어서 안다,ch17,140,d_main_17_08,,,,F684,확실,확정
D149,person:스노우_화이트,스노우 화이트,관계,변화,person:지휘관,빚은 다 갚았다며 선을 긋는 사이,언체인드를 모두 알려 주고 헤어지며 '죽지 마라'고 당부하는 사이,,ch17,140,d_main_17_09,d_main_17_07,ch17,S45,,확실,확정
D247,person:스노우_화이트,스노우 화이트,성격,변화,,사고 전환 전의 모습(도로시 · 홍련이 아는),"잠도 밥도 거르고 혼자 경계만 서는, 짧고 딱딱한 말투의 효율적인 성격",,event_overzone,200,event_overzone1_01_s,,,S71,F914,확실,확정
D248,person:스노우_화이트,스노우 화이트,관계,기준,person:도로시,,,"'도와줘요' 한마디에 초소에서 뛰어내려 무엇이든 하겠다 하고, 리더 도로시에게 당당하라 · 자부심을 가지라 북돋는 동료",event_overzone,200,event_overzone1_04_s,,,,,확실,확정
D249,person:스노우_화이트,스노우 화이트,관계,변화,person:도로시,리더 도로시를 따르고 북돋는 동료,"방주를 빼앗겠다는 도로시와 갈라서, 네가 없으면 갓데스가 아니라며 돌아오기를 기다리는 옛 동료",,event_overzone,200,event_overzone2_epilogue,event_overzone2_06_e,event_overzone,S72,F928,확실,확정
D255,person:스노우_화이트,스노우 화이트,기억,변화,,사고 전환으로 릴리스의 얼굴도 이름도 떠올리지 못해 관 앞 한 걸음을 떼지 못하는,"추억을 더듬어 '나의 언니, 나의 우상'을 기억해 내고 관에 꽃을 올려 [안녕]을 고한",,erelic:white_memory,201,erelic:white_memory_18,erelic:white_memory_04,erelic:white_memory,S73,F929 F931,확실,확정
D256,person:스노우_화이트,스노우 화이트,관계,기준,person:릴리바이스,,,"릴리바이스를 '나의 언니, 나의 동료, 나의 이해자', 빛나던 우상이라 부르며 그녀의 영광이 곧 자기 영광이었다는 동생",erelic:white_memory,201,erelic:white_memory_18,,,,,확실,확정
D257,person:스노우_화이트,스노우 화이트,신념,변화,,'우리는 인류를 지켜냈다'는 긍지로 퀸을 쫓아 지상을 도는,지상의 모든 랩쳐를 섬멸하고 언니의 머리를 찾아 언니의 소원(인류 구원)을 이루겠다는,,erelic:white_memory,201,erelic:white_memory_20,erelic:white_memory_20,erelic:white_memory,S348,F934 F2379,확실,확정
D346,person:스노우_화이트,스노우 화이트,관계,기준,person:레드_후드,,,"침식을 자랑하듯 말하지 말라며 화내고, 유품 같은 카세트 플레이어를 '필요 없다'며 뿌리치는 — 레드 후드를 잃기 싫은 막내",event_redash,251,event_redash1_02_e,,,,,확실,확정
D347,person:스노우_화이트,스노우 화이트,관계,변화,person:레드_후드,마지막 순간엔 함께 있어 달라고 매달리던,동료를 버리고 간 사람이라며 '절대 용서하지 않는다'는,,event_redash,251,event_redash2_01_e,event_redash1_06_e,event_redash,S103,,확실,확정
D348,person:스노우_화이트,스노우 화이트,관계,변화,person:레드_후드,버리고 갔다며 미워하던,심한 말을 사과하고 '함께 싸울 수 있어서 영광이었다'며 보내 주는,,event_redash,251,event_redash2_06_e,event_redash2_intermission_01,event_redash,S103,,확실,확정
D1487,person:스노우_화이트,스노우 화이트,관계,기준,person:엔더슨,,,릴리스와 어떻게 친해졌느냐는 물음에 '지금 정도면 충분하다'며 더 알려 하는 지휘관을 어색해하는,char:224,255,ep:d_nikke_snowwhite_young_01,,,,,확실,확정
D1489,person:스노우_화이트,스노우 화이트,관계,변화,person:릴리바이스,'언니'라 부르기 싫다며 고개도 들지 않던,"홀로 랩쳐 대부대를 쓸어버린 모습에 처음 '언니'라 부르고, 언니의 무기가 되겠다고 약속한",,char:224,255,ep:d_nikke_snowwhite_young_05,ep:d_nikke_snowwhite_young_05,char:224,S110,F1201,확실,확정
D1490,person:스노우_화이트,스노우 화이트,신념,변화,,누가 쓸지 모르니 성능 좋은 무기를 만들 뿐이라던,언니의 최고의 무기가 되려고 자기가 쓸 무기를 만들겠다는,,char:224,255,ep:d_nikke_snowwhite_young_05,ep:d_nikke_snowwhite_young_02,char:224,S110,,확실,확정
D1491,person:스노우_화이트,스노우 화이트,관계,변화,person:엔더슨,더 알 필요 없다며 어색해하던,'지휘관은 이상해' 하면서도 '너라면 될 수 있다'는 응원에 힘내겠다는,,char:224,255,ep:d_nikke_snowwhite_young_05,,,S110,,확실,확정
D409,person:스노우_화이트,스노우 화이트,관계,기준,person:마리안,,,"'그 녀석은 없다', '지금 돌아가면 해부당해 죽는다'고 잘라 말하고 '걸어라'만 되풀이하며 밤에도 쉬지 않고 몰아세우는",side:second_affection,288,side:second_affection_01,,,,,확실,확정
D410,person:스노우_화이트,스노우 화이트,관계,변화,person:마리안,'걸어라'만 하는 엄한 길잡이,늘 배고파하던 자기 생선구이를 '받아라' 하고 내주는,,side:second_affection,288,side:second_affection_06,side:second_affection_06,side:second_affection,,,확실,확정
D920,person:스노우_화이트,스노우 화이트,관계,변화,person:마리안,늘 배고파하던 생선구이를 내주는,"퀸이라는 고백에 '바뀌는 건 없다' 하고, 인류를 멸망시키려 하면 죽여 달라는 약속을 받는",,event_goddessfall1,418,event_goddessfall2_01_s,,,S273,F2290,확실,확정
D953,person:스노우_화이트,스노우 화이트,기억,변화,,추억을 더듬어 '나의 언니'를 기억해 내고 [안녕]을 고한,언니에 대한 모든 기억과 레드 후드와의 마지막 이별까지 되찾은,,event_goddessfall1,418,event_goddessfall2_06_e,,,S273,F2316,확실,확정
D956,person:스노우_화이트,스노우 화이트,관계,변화,person:도로시,네가 없으면 갓데스가 아니라며 돌아오기를 기다리던,함께 가자는 청을 뿌리치고 날아간 도로시에게 '정말 많이 변했구나' — 빛났던 과거가 바랬다고 확신하는,,event_goddessfall1,418,event_goddessfall2_epilogue,,,S275,F2319,확실,확정
D973,person:스노우_화이트,스노우 화이트,신체,변화,,수십 년 정비 없이 랩쳐 파츠로 버틴 몸,세실이 완전히 수리 · 개량해 '몸이 마음대로 움직이는' 바디,,fl:ark_guardian,428,fl:ark_guardian_00,,,S287,F2357,확실,확정
D974,person:스노우_화이트,스노우 화이트,신념,변화,,지상의 랩쳐를 섬멸하고 언니의 머리를 찾겠다는,아름다운 하얀 꽃 릴리바이스를 모독하는 퀸을 반드시 죽이겠다는,,fl:ark_guardian,428,fl:ark_guardian_00,,,S287,F839,확실,확정
D988,person:스노우_화이트,스노우 화이트,신념,변화,,모두와의 행복한 미래,'산다. 그리고 랩쳐를 죽인다'로 다시 세운 삶의 목표,,fl:ark_guardian,428,fl:ark_guardian_24,fl:ark_guardian_23,fl:ark_guardian,S288,F2371,확실,확정
D989,person:스노우_화이트,스노우 화이트,신체,변화,,갓데스의 니케 바디,양산형 니케의 손 · 랩쳐 파츠를 떼어 이어 붙인 몸,,fl:ark_guardian,428,fl:ark_guardian_24,,,S288,F2371,확실,확정
D994,person:스노우_화이트,스노우 화이트,기억,변화,,언니를 '살려줘요' 부르던 동생,숨진 릴리바이스를 '누구지 이건' 하며 모르는 채 눈물만 흘리는,,fl:ark_guardian,428,fl:ark_guardian_26,fl:ark_guardian_24,fl:ark_guardian,S288,F2371,확실,확정
D2199,person:스노우_화이트,스노우 화이트,관계,변화,person:릴리바이스,언니에게 짐이었을 뿐이고 마지막도 지키지 못한 채 기억을 놓고 도망쳤다며 그 시절의 자기에게 화가 나던,"관 속 언니의 마지막 얼굴이 슬픔만은 아니었음을 떠올려, 언니가 동생들을 믿어 소원을 맡겼다고 받아들이는",,char:471,429,ep:d_nikke_snowwhite_heavyarms_05,ep:d_nikke_snowwhite_heavyarms_05,char:471,S289,,확실,확정
D2200,person:스노우_화이트,스노우 화이트,신념,변화,,언니를 모독하는 퀸을 죽이겠다며 분노와 조급함에 눈에 보이는 랩쳐를 남김없이 쏘던,"과거는 못 바꿔도 아직 끝나지 않은 소원('승리한다' · '인류를 구원할 수 있기를')이 있다며, 살아남은 자기가 그 소원을 이뤄내야 한다는",,char:471,429,ep:d_nikke_snowwhite_heavyarms_05,ep:d_nikke_snowwhite_heavyarms_05,char:471,S289,,확실,확정
D2201,person:스노우_화이트,스노우 화이트,관계,변화,person:지휘관,'지휘관은 이상해' 하면서도 응원에 힘내겠다던,"'함께 싸우는 동료'라는 말에 언니 이야기를 털어놓고, 소원을 이루려 '도움이 필요하다'며 이름을 불러 고맙다는",,char:471,429,ep:d_nikke_snowwhite_heavyarms_05,ep:d_nikke_snowwhite_heavyarms_01,char:471,S289,,확실,확정
D1036,person:스노우_화이트,스노우 화이트,관계,기준,person:라피,,,마주 보며 함께 울고 '거기에 있구나' — 레드 후드를 이어 줘서 고맙다는,ch44,436,d_main_44_06,,,,,확실,확정
D1038,person:스노우_화이트,스노우 화이트,기억,변화,,숨진 릴리바이스를 '누구지 이건' 하던,갓데스 시절부터 도로시와 갈라선 일까지 모든 기억을 되찾은,,ch44,436,d_main_44_07,,,S297,F2427,확실,확정
D1039,person:스노우_화이트,스노우 화이트,관계,변화,person:레드_후드,함께 싸워 영광이었다며 보내 준,영상 속 얼굴을 쓰다듬고 '봤으면 좋았을 텐데' 그리워하는,,ch44,436,d_main_44_07,,,S297,,확실,확정
D1040,person:스노우_화이트,스노우 화이트,관계,기준,person:신데렐라,,,"인류를 패배시킨 아나키오르였지만 침식 탓이라며, 함께 싸우는 지금은 공격하지 않겠다는",ch44,436,d_main_44_07,,,,,확실,확정
D1041,person:스노우_화이트,스노우 화이트,관계,변화,person:지휘관,헤어지며 '죽지 마라' 당부하던,모든 힘이 모여드는 '인류의 희망'이라 부르는,,ch44,436,d_main_44_07,,,S297,,확실,확정
D1042,person:스노우_화이트,스노우 화이트,관계,기준,person:그레이브,,,원래 부품을 손대지 않고 무기를 완성한 배려심을 알아보고 꼭 만나 보고 싶다는,ch44,436,d_main_44_07,,,,,확실,확정
D1043,person:스노우_화이트,스노우 화이트,신념,변화,,'산다. 그리고 랩쳐를 죽인다',은퇴하라는 유언을 받고도 '아직 너희는 멀었다'며 은퇴를 미루는,,ch44,436,d_main_44_07,d_main_44_07,ch44,S297,,추정,확정
D1044,person:스노우_화이트,스노우 화이트,신념,변화,,방주의 힘 없이 퀸을 죽이려는 에덴을 따르는,새 헬레틱을 보고 요한 · 세실의 긍지를 지키며 방주의 힘을 빌려야 한다는,,ch44,436,d_main_44_08_e,,,S297,F2434,확실,확정
D1148,person:스노우_화이트,스노우 화이트,관계,기준,person:장화,,,"홍련에게 주박을 건 건 언니 노릇이 아니었다고 꾸짖으면서도, 련이에게 말하지 말라는 부탁을 지키겠다 약속하는",ch46,452,d_main_46_06,,,,,확실,확정
D1150,person:스노우_화이트,스노우 화이트,관계,기준,person:나유타,,,"랩쳐의 참모와 손잡은 까닭을 따지면서도 '거짓말이라도 믿겠다', '네 결정을 존중한다'는",ch46,452,d_main_46_10,,,,,확실,확정
D1311,person:스노우_화이트,스노우 화이트,관계,변화,person:도로시,빛났던 과거가 바랬다고 확신하는,도로시가 선봉에 설지 모른다는 말에 기뻐하며 '고맙다'는,,ch47,470,d_main_47_03,,,S341,,확실,확정
D1349,person:스노우_화이트,스노우 화이트,관계,변화,person:홍련 person:라푼젤,홍련은 살아날 수 없느냐며 쓸 수 있는 모든 수단을 찾던,돌아온 둘에게 '일찍일찍 좀 다녀라' 하고는 '잘 돌아와 줘서 고맙다'는,,ch48,472,d_main_48_06_e,,,S342,,확실,확정
D1425,person:스윗_조니,스윗 조니,성격,기준,,,,"'감사를 바라고 한 일은 아니다'면서 바라고, 강의 중 떠들지 말라며 말을 쏟아 내는 자부심 강한 관리 A.I.",event_maidinvalentine,175,event_maidinvalentine_05_e,,,,,확실,확정
D1625,person:스윗_조니,스윗 조니,신념,변화,,공장에 남아 카카오를 지키며 방주로 옮기자는 제안을 거절한,전투복을 입은 니케 소녀들의 로망을 도우려 스스로 데이터를 실어 방주로 들어온,,event_romanticvalentine,355,event_romanticvalentine_02_e,,,,F808 F1780,확실,확정
D1626,person:스윗_조니,스윗 조니,소속,변화,,지상 Sweets & Cocoa 공장의 관리 A.I.,메이드 카페에 본체 · 홀로그램 단말이 설치된 비인가 A.I.(Ver.2.14),,event_romanticvalentine,355,event_romanticvalentine_epilogue,,,,F1780,확실,확정
D750,person:스카이,스카이,관계,기준,person:지휘관,,,지휘관 일행을 '승객 여러분'이라 부르며 교육하는 기장,event_overthehorizon,391,event_overthehorizon_01_s,,,,,확실,확정
D749,person:스카이,스카이,성격,기준,,,,"평소엔 사담을 끊고 시간을 지키는 차분한 기장이지만, 조종간만 잡으면 록을 틀고 '뒤질 것 같으면 기절시켜 달라'는 와일드한",event_overthehorizon,391,event_overthehorizon_02_s,,,,,확실,확정
D751,person:스카이,스카이,관계,변화,person:지휘관,'승객'으로 대하던 기장,험한 비행을 사과하다 음악 칭찬에 당황해 '캡틴'이라 부르는,,event_overthehorizon,391,event_overthehorizon_03_s,event_overthehorizon_03_s,event_overthehorizon,S240,,확실,확정
D1025,person:스톨_3세,스톨 3세,관계,기준,person:프린세스,,,사제의 돈으로 고용되어 2년째 청소 검사 · 잔소리를 하는 몸종 — 돈이 끝나면 같이 있을 이유가 없다는,ch43,434,d_main_43_02,,,S295,,확실,확정
D1026,person:스톨_3세,스톨 3세,관계,변화,person:프린세스,돈이 끝나면 떠날 몸종,돈이 끊긴 뒤에도 찾아가 빵을 먹이고 자기 [집]에 들여 일을 하라 이르는,,ch43,434,d_main_43_03,,,S295,,확실,확정
D1028,person:스톨_3세,스톨 3세,신체,기준,,,,아우터 림에선 못 고치는 기침병을 앓고 눈이 점점 멀어 가는 — 아우터 림 태생의 평균 수명은 30대,ch43,434,d_main_43_08,,,S295,F2399,확실,확정
D1027,person:스톨_3세,스톨 3세,관계,변화,person:프린세스,집에 들여 돌보던,"'난 같이 못 가' — 맡긴 돈으로 호위를 붙여 보내려다, 여사제의 총을 몸으로 막은",,ch43,434,d_main_43_13,,,S295,F2406,확실,확정
D1029,person:스톨_3세,스톨 3세,신체,변화,,눈이 멀고 총에 맞아 쓰러진 아우터 림의 아이,엘리시온 리페어 센터에서 기억 없이 깨어난 니케 — 네온,,ch43,434,d_main_43_14,,,S295,F2409,확실,확정
D1863,person:시그널,시그널,성격,기준,,,,"주문과 다른 음료가 나와도 상대가 화낼까 봐 말을 못 하고 참고 먹으려는, 드라마 장면으로 마음을 다잡는 소심한 니케",char:22,114,ep:d_nikke_signal_01,,,,F587,확실,확정
D1864,person:시그널,시그널,관계,기준,person:지휘관,,,무전으로 용기를 보내 주고 머리를 쓰다듬어 준 지휘관에게 처음 '사랑의 시그널'을 느껴 짝사랑을 시작한,char:22,114,ep:d_nikke_signal_01,,,,F587,확실,확정
D1865,person:시그널,시그널,성격,변화,,잘못 나온 음료를 말하지 못하던,마음속 무전을 떠올려 스스로 '음료가 잘못 나왔네요'라 말하는,,char:22,114,ep:d_nikke_signal_04,ep:d_nikke_signal_01,char:22,,,확실,확정
D1866,person:시그널,시그널,관계,변화,person:지휘관,드라마로 대리만족하며 청신호만 재던 짝사랑,멘탈 케어 때문이라 여기면서도 '그래도 좋아해요' 먼저 고백하고 도망친,,char:22,114,ep:d_nikke_signal_04,ep:d_nikke_signal_03,char:22,,F587 F586,확실,확정
D1867,person:시그널,시그널,관계,변화,person:지휘관,고백하고 도망쳐 얼굴 볼 일을 걱정하던,지상의 꽃밭에서 '같은 마음'이라는 무전을 듣고 앞으로 절대 도망가지 않겠다는 연인,,char:22,114,ep:d_nikke_signal_05,ep:d_nikke_signal_05,char:22,,F587,확실,확정
D60,person:시리얼,시리얼,관계,기준,person:지휘관,,,"친구가 없어 행운의 네잎클로버를 부탁하고, '오늘부터 우린 친구'라는 지휘관을 첫 친구로 맞는 말 더듬는 의뢰인",sub:시리얼_00,51,sub:시리얼_00,,,,,확실,확정
D748,person:시엘로,시엘로,성격,기준,,,,"작은 호응에도 '이런 반응은 처음'이라며 울 만큼 감격하고, 신이 나면 말이 새는 덜렁대는 승무원",event_overthehorizon,391,event_overthehorizon_01_s,,,,,확실,확정
D1322,person:시엘로,시엘로,관계,기준,person:도로시,,,무릎 꿇고 앉아 승리의 날개 호의 내력을 들려주며 '전설을 만들어낸 주인을 모실 수 있어 영광'이라는,ch47,470,d_main_47_06,,,S341,,확실,확정
D17,person:시프티,시프티,성격,기준,,,,밝고 싹싹하게 말하면서 분석은 정확한 방주 정보부 오퍼레이터,ch01,2,d_main_01_05,,,,,확실,확정
D2020,person:시프티,시프티,신념,변화,,"제가 잘하고 있는지, 지상 탈환에 기여하는지 확신이 없어 한동안 기운이 없던",지상 실전을 '준비해 준' 것이라 믿고 기운을 얻어 좀 더 열심히 하겠다며 업무로 돌아가는,,event_fullfoolday,186,event_fullfoolday_06,event_fullfoolday_04,event_fullfoolday,,,확실,확정
D375,person:시프티,시프티,소속,변화,,작전마다 특수별동대를 돕던 정보부 오퍼레이터,특수별동대 전속 오퍼레이터 — 방주에서 원격 서포트 · 행정 업무를 맡는,,ch27,270,d_main_26af_03,,,,,확실,확정
D386,person:시프티,시프티,관계,변화,person:지휘관,작전마다 지휘관을 서포트하는 밝은 오퍼레이터,선전포고나 다름없는 지휘관의 말을 기록에서 지우고 정치 입문 자료를 챙겨 주는 — 지휘관이 너덜너덜해지길 원치 않는 편,,ch28,275,d_main_28_02,,,,,확실,확정
D1983,person:신,신,성격,기준,,,,"컨버터 너머로 상냥하게 굴며 퍼펙트 바를 건네고, 멋대로 상점 · 벌점을 매기며 질문마다 말을 돌려 상대를 제 뜻대로 움직이는",char:401,171,ep:d_nikke_sin_01,,,,F789,확실,확정
D1985,person:신,신,관계,기준,person:지휘관,,,"새 교관을 '선량한 교관'이라 추켜세우며 상점 · 벌점으로 신발 세탁 · 카트 끌기까지 시키는, 꼭두각시로 부리는",char:401,171,ep:d_nikke_sin_03,,,,F791,확실,확정
D1984,person:신,신,신념,기준,,,,"남이 자기를 위해 죄를 짓는 것은 가장 성의 있는 행동이고, 부탁한 적 없으니 잘못은 그렇게 하는 쪽에 있다는",char:401,171,ep:d_nikke_sin_05,,,,F790,확실,확정
D1986,person:신,신,관계,변화,person:지휘관,상점 · 벌점으로 부리던 교관,"독방을 두려워하는 속을 꿰뚫리자 갱생을 골라 그를 따라 나오고, '말이 통하면 사이 좋아진다'의 산증인이라 부르는",,char:401,171,ep:d_nikke_sin_05,ep:d_nikke_sin_05,char:401,,F792,추정,확정
D1987,person:신,신,소속,변화,,갱생관 3대 흉악범,능력을 제한하는 장치를 상시 차고 카운터스와 같은 기지 숙소에서 지내는,,char:401,171,ep:d_nikke_sin_05,ep:d_nikke_sin_05,char:401,,F792,확실,확정
D1628,person:신,신,관계,변화,person:지휘관,벌점 · 상점으로 교관을 끌고 다니던 갱생관 흉악범,나쁜 짓 않겠다 약속하고 벌점보다 상점을 더 주는 '기브 앤 테이크' 사이,,event_romanticvalentine,355,event_romanticvalentine_03_e,,,,,확실,확정
D2233,person:신,신,신념,변화,,남이 자기를 위해 죄를 짓는 것을 가장 성의 있는 행동으로 여기던,"[부탁]으로 장부를 손에 넣거나 컨버터를 벗는 대신, 어렵더라도 [제대로 된] 옳은 방식으로 직접 해결하려는",,char:405,481,ep:d_nikke_sin_swiftbunny_03,ep:d_nikke_sin_swiftbunny_02,char:405,S394,,확실,확정
D2235,person:신,신,성격,변화,,거절도 호의도 해 본 적 · 받아 본 적이 없어 평범한 친절에 어쩔 줄 모르던,'감사합니다'라고 말하는 법을 배워 어르신의 대접을 웃으며 받는,,char:405,481,ep:d_nikke_sin_swiftbunny_04,ep:d_nikke_sin_swiftbunny_03,char:405,S394,,확실,확정
D2234,person:신,신,관계,변화,person:지휘관,나쁜 짓 않겠다 약속하고 상점 · 벌점을 주고받는 '기브 앤 테이크' 사이,"처음으로 '도와줘'라고 청하고, 컨버터를 벗어 진짜 목소리로 '고마워'를 전하는",,char:405,481,ep:d_nikke_sin_swiftbunny_05,ep:d_nikke_sin_swiftbunny_02,char:405,S394,,확실,확정
D510,person:신데렐라,신데렐라,기억,변화,,백지상태로 깨어나 '아나키오르'를 제 이름이라 하는,그레이브의 부서진 얼굴을 알아보고 신데렐라로 돌아온,,ch32,310,d_main_32_09_e,d_main_32_09_e,ch32,,F1554 F1556,확실,확정
D511,person:신데렐라,신데렐라,관계,기준,person:그레이브,,,"그를 '내 최고의 관객'이라 부르며 울고, 요청대로 이야기를 다시 이어 쓰겠다는",ch32,310,d_main_32_09_e,,,,,확실,확정
D513,person:신데렐라,신데렐라,성격,기준,,,,"구구절절한 설명은 아름답지 않다며 손거울을 보고, 100m마다 전신 거울을 달라는 — 모든 것을 아름다움으로 재는",ch32,310,d_main_32_af_01,,,,,확실,확정
D514,person:신데렐라,신데렐라,관계,기준,person:지휘관,,,유리 구두를 찾고 자기를 깨운 귀한 사람이라 '왕자님'이라 부르는,ch32,310,d_main_32_af_01,,,,,확실,확정
D515,person:신데렐라,신데렐라,소속,변화,,수정 속에 잠든 아나키오르,은혜를 갚겠다며 지상 탈환에 합류한,,ch32,310,d_main_32_af_01,,,,F1558,확실,확정
D521,person:신데렐라,신데렐라,신념,기준,,,,"헬레틱 시절 한 일은 침식 탓이어도 사라지지 않으니, 거울로 계속 확인하며 더 아름다워져야 한다는",sub:거울_공주_00,312,sub:거울_공주_00,,,,,확실,확정
D522,person:신데렐라,신데렐라,관계,변화,person:지휘관,유리 구두를 찾아 준 은인이라 '왕자님'이라 부르는,"헬레틱이었던 자기를 간단히 믿어 준 데 기뻐하고, '진심으로' 고맙다며 '친절한 나의 왕자님'이라 하는",,sub:거울_공주_00,312,sub:거울_공주_00,sub:거울_공주_00,sub:거울_공주_00,,,확실,확정
D540,person:신데렐라,신데렐라,관계,기준,person:아니스,,,'정말 아름답지 않네'라 쏘아붙이면서도 '흙탕물 안에 있더라도 언제든 아름다워질 수 있다'고 북돋는,ch33,334,d_main_33_04,,,,,확실,확정
D554,person:신데렐라,신데렐라,관계,기준,person:라피,,,"베히모스를 넘겨주며 '너를 위해서야, 라피 — 그 아름다운 승부욕을 정면으로 부딪혀 봐' 하는",ch34,336,d_main_34_04,,,,,확실,확정
D553,person:신데렐라,신데렐라,관계,변화,person:그레이브,'내 최고의 관객'이라 부르며 이야기를 다시 쓰겠다는,"그 힘에 담긴 뜻을 깨닫고 '에이브'라 부르며, 살아 있는 그에게 '다행이야' 하는",,ch34,336,d_main_34_08,,,,,확실,확정
D555,person:신데렐라,신데렐라,신념,변화,,헬레틱 시절을 거울로 갚으며 지상 탈환에 합류한,방주에 가지 않고 지상에 남아 옛 동료(세이렌)의 흔적을 찾는,,ch34,336,d_main_34_af_01,d_main_34_07_e,ch34,,F1654,확실,확정
D574,person:신데렐라,신데렐라,관계,기준,person:헨젤 person:그레텔 person:세이렌,,,"먼저 출격하며 '따라와. 더 늦기 전에'라 하고, 곧 따라오리라 믿고 기다리겠다는 동료",event_oldtales1,338,event_oldtales1_03_s,,,,,확실,확정
D583,person:신데렐라,신데렐라,소속,변화,,인류연합군 · V.T.C.의 2세대 페어리 테일 모델,페어리 테일의 이름을 박탈당한 인류의 적 [헬레틱 아나키오르],,event_oldtales1,338,event_oldtales1_04_s,event_oldtales1_03_e,event_oldtales1,S180,F1670,확실,확정
D577,person:신데렐라,신데렐라,신념,변화,,갓데스 곁에서 활약해 갓데스보다 아름다워지려던,더럽혀진 이야기의 속죄로 아무것도 하지 않는 실험체로 남겠다는,,event_oldtales1,338,event_oldtales2_01_s,event_oldtales2_01_s,event_oldtales1,,,확실,확정
D582,person:신데렐라,신데렐라,신체,변화,,청백색 머리 · 푸른 눈의 2세대,침식이 풀린 뒤에도 눈만 '낙인'처럼 붉게 남고 전능감이 들 만큼 활력이 넘치는,,event_oldtales1,338,event_oldtales2_03_e,event_oldtales2_01_s,event_oldtales1,,F1680,확실,확정
D575,person:신데렐라,신데렐라,관계,변화,person:헨젤 person:그레텔 person:세이렌,곧 따라오리라 믿던 동료,믿어 주지 않는 그들에게 '괴물 구경을 하고 싶었을 뿐'이라며 따라오면 죽이겠다는,,event_oldtales1,338,event_oldtales2_intermission_01,event_oldtales2_intermission_01,event_oldtales1,,,확실,확정
D578,person:신데렐라,신데렐라,신념,변화,,죽거나 실험체로 속죄하려던,최고의 관객 에이브와 동료 · 자기를 위해 망친 것을 직접 수습하려 퀸을 치는,,event_oldtales1,338,event_oldtales2_05_s,event_oldtales2_04_e,event_oldtales1,S182,,확실,확정
D576,person:신데렐라,신데렐라,관계,변화,person:헨젤 person:그레텔 person:세이렌,따라오면 죽이겠다며 떠난,'같이 가자 · 너희가 있으면 이길 수 있어'라 청하고 용서해 줘서 고맙다는,,event_oldtales1,338,event_oldtales2_05_e,event_oldtales2_05_s,event_oldtales1,,,확실,확정
D2136,person:신데렐라,신데렐라,신념,변화,,자기가 망친 것을 직접 수습하려 퀸을 치던 — 기억 잃은 이에게 추억은 의미 없지 않을까 걱정한,'나만이 그때를 기억하니까' 동료 모두에게 먼저 수프를 끓여 추억을 일깨우거나 새로 쌓겠다는,,char:511,343,ep:d_nikke_cinderella_04,ep:d_nikke_cinderella_04,char:511,,,확실,확정
D2135,person:신데렐라,신데렐라,관계,변화,person:그레이브,그레이브에게 받기만 해 '아름다운 관계라 할 수 없다'던,"기억 없는 지금의 그에게 추억의 수프를 끓여 대접하고, 지휘관과 함께 새 추억을 쓰기로 한",,char:511,343,ep:d_nikke_cinderella_05,ep:d_nikke_cinderella_04,char:511,,F1718,확실,확정
D612,person:신데렐라,신데렐라,관계,변화,person:지휘관,믿어 준 데 '진심으로' 고맙다며 '친절한 나의 왕자님'이라 하는,세이렌을 찾고 싶어도 왕자님이 바로 도우려 할 테니 보답이 먼저라며 말하지 않는,,ch35,358,d_main_35_07,,,,,확실,확정
D689,person:신데렐라,신데렐라,관계,기준,person:모리,,,목숨을 걸고 세이렌을 구했다고 들었을 때부터 이미 동료라며 모리를 받아들이는,event_unbreakablesphere1,377,event_unbreakablesphere2_epilogue,,,,,확실,확정
D878,person:신데렐라,신데렐라,관계,기준,person:리버렐리오,,,"퀸의 자식이라 언젠가 죽여야 할 대상이니 친한 척 말라며, 지금은 사정상 손을 잡는",ch42,416,d_main_42_02,,,S270,F2215,확실,확정
D889,person:신데렐라,신데렐라,관계,변화,person:모리,세이렌을 구했다 들었을 때부터 이미 동료라며 받아들이는,"쓸모없다는 모리에게 특훈을 선언하고, 스스로 아름답다 느끼게 돕겠다는",,ch42,416,d_main_42_af_08,,,,,확실,확정
D1755,person:신데렐라,신데렐라,관계,변화,person:헨젤 person:그레텔,'같이 가자'며 함께 싸운 동료,"이제 적이라 해도 피하지 않고 직접 확인 · 대화하고, 헤어져야 하면 의미 있게 인사하며 헤어지겠다는",,fl:wave_to_you,464,fl:wave_to_you_19,,,S336,F1903,확실,확정
D2222,person:신데렐라,신데렐라,관계,변화,person:지휘관,"보답이 먼저라며 부탁도 삼가는, 은인 '친절한 나의 왕자님'","손 한 번 제대로 잡아 본 적 없다는 조바심에 먼저 다가가고, 잡지를 덮은 뒤 하고 싶은 대로 입을 맞추며 '점점 더 욕심난다'는 연인",,char:515,465,ep:d_nikke_cinderella_crystalwave_05,ep:d_nikke_cinderella_crystalwave_04,char:515,S337,F2766,확실,확정
D3,person:아니스,아니스,성격,기준,,,,투덜대고 의심하며 말을 툭툭 던지지만 결국 상황을 받아들이고 따르는 현실주의자,ch00,1,d_main_01_03_s,,,,,확실,확정
D7,person:아니스,아니스,관계,기준,person:지휘관,,,살아 돌아온 신임 지휘관을 수상히 여기면서도 '지휘관님'이라 부르며 반말 섞어 따르는 사이,ch00,1,d_main_01_03_s,,,,,확실,확정
D10,person:아니스,아니스,관계,변화,person:지휘관,살아 돌아온 신임 지휘관을 수상히 여긴다,니케를 쏘지 않겠다 · 믿는다는 지휘관에게 '일단은' 믿어 보겠다,,ch01,2,d_main_01af_04,d_main_01af_04,ch01,S2,,확실,확정
D21,person:아니스,아니스,신념,기준,,,,지휘관들은 니케를 병기로만 여겨 화력으로 밀어붙이고 자기 몸만 아낀다며 넌더리를 낸다,ch02,4,d_main_02_07,,,,,확실,확정
D25,person:아니스,아니스,관계,변화,person:지휘관,'일단은' 믿어 보겠다는 조건 붙은 신뢰,니케를 '동료'라 부르며 CEO에게 사과를 요구한 지휘관에게 '화내줘서 고마워',,ch02,4,d_main_02af_07,d_main_02af_07,ch02,S5,,확실,확정
D37,person:아니스,아니스,관계,기준,person:라피,,,"오래 같이 다닌 라피를 '저런 성격인 녀석'과 오래 걸려 '이제야 마음을 터놓을 수 있는 친구가 됐다'며, 돌아와 기쁘면서도 뒷일을 떠넘긴 데 화를 낸다",ch04,15,d_main_04af_05,,,,,확실,확정
D59,person:아니스,아니스,관계,변화,person:지휘관,화내 줘서 고맙다는 사이,얼어 가는 지휘관을 걱정하다 '내가 지휘관님을 얼마나 좋…!' 하고 입을 다무는 사이,,ch05,20,d_main_05_03,d_main_05_03,ch05,,,추정,확정
D75,person:아니스,아니스,관계,변화,person:네온,네온을 '스파이'라며 믿지 못하는 동료,"서로 구하려다 부딪친 뒤 손을 잡고, 예전 일은 나중에 얘기하기로 한 사이",,ch08,37,d_main_08_08,d_main_08_08,ch08,S19,,확실,확정
D1809,person:아니스,아니스,신념,변화,,언제 죽을지 모르니 희망도 미래도 없다며 대충 살던,리타의 '완성된 죽음' 이야기에 '당장은 힘들 거야'라면서도 일어나 함께 청소하는,,char:82,98,ep:d_nikke_liter_05,ep:d_nikke_liter_05,char:82,,F524 F525,추정,확정
D1400,person:아니스,아니스,관계,기준,person:프리카,,,"해체된 T.T.스타 멤버가 낸 액세서리 신상을 보지도 않고 사며 '갈수록 실력이 좋아져' 하고, 자기는 팬이라고만 하는",char:12,115,ep:d_nikke_anis_03,,,,,추정,확정
D1399,person:아니스,아니스,관계,변화,person:지휘관,걱정하다 '얼마나 좋…!' 하고 입을 다무는,"니케를 소중히 대하는 '이상적인 지휘관'이라며 계속 따라다녀도 되냐 묻고, 진즉 반했을지도 모른다며 '죽지 마'라는",,char:12,115,ep:d_nikke_anis_05,ep:d_nikke_anis_05,char:12,S43,,확실,확정
D1453,person:아니스,아니스,관계,기준,person:헬름,,,"헬름은 바다보다 이지스 스쿼드가 소중한데 너무 조급해 보여 천천히 달리라고 말해 주고 싶다며, 놀자고 끌어내고 바비큐를 챙겨 주는",event_seayouagain1,226,event_seayouagain1_04_s,,,,,확실,확정
D2050,person:아니스,아니스,관계,변화,person:지휘관,진즉 반했을지도 모른다며 계속 따라다녀도 되냐 묻는,"단둘이 동굴 모험 끝에 '보물을 찾았다'며, 침대에서 하려던 말을 귀엣말로 전하고 '비밀'이라 한 뒤 손을 맞잡는 연인 같은",,char:15,227,ep:d_nikke_anis_sparklingsummer_05,ep:d_nikke_anis_sparklingsummer_04,char:15,S89,,확실,확정
D307,person:아니스,아니스,기억,기준,,,,"죽어도 NIMPH가 기억을 날조하지 않아, 두 동강 난 채 보고 듣던 것까지 다 기억하는 — 몇 번 죽어 본 니케",ch25,241,d_main_24af_05,,,,F1097,확실,확정
D314,person:아니스,아니스,신념,변화,,라피 없이 우리끼리는 무리 — 언젠가 라피와 지휘관의 발목만 잡게 될까 걱정하는,"라피가 믿고 달려나간 동료로서, 부족한 대로 가진 것으로 최선을 다하겠다는",,ch25,241,d_main_25_06,d_main_25_05_s,ch25,S98,F1106,확실,확정
D325,person:아니스,아니스,신념,변화,,부족한 대로 가진 것으로 최선을 다하는,"라피를 찾는 데 도움이 안 된 게 화나, 내려가면 사장에게 떼써서라도 강해지겠다는",,ch26,246,d_main_26_05_s,d_main_26_05_s,ch26,,,확실,확정
D1485,person:아니스,아니스,신념,변화,,방주의 인간들은 엉망이고 자기도 '방주에 갇힌 누군가'라던,말도 탈도 많지만 모두 살아 있으니 목숨 바쳐 지킬 가치가 넘친다는,,char:470,254,ep:d_nikke_RedHood_04,ep:d_nikke_RedHood_04,char:470,S109,F1195,확실,확정
D383,person:아니스,아니스,관계,변화,person:지휘관,얼어 가는 지휘관에게 '얼마나 좋…!' 하다 입을 다무는,"라피를 따라 대화명을 만들어 단둘이 지상에 오르고, 다음에도 단둘이 하늘 보러 가자는 '둘만의 약속'을 받아 내는",,sub:트윙클_00,273,sub:트윙클_00,,,,,확실,확정
D536,person:아니스,아니스,관계,변화,person:지휘관,다음에도 단둘이 하늘 보러 가자는 둘만의 약속을 한,"피가 언체인드인 걸 숨긴 데 '질색'이라 따지고, 다치면 노출을 감수하고 치료하기로 정한 뒤 '다치지 마'라는",,ch33,334,d_main_33_02_s,,,,F1627,확실,확정
D539,person:아니스,아니스,관계,기준,person:신데렐라,,,"아름다움 · 관객 타령이 맘에 안 든다며 시비를 걸다가, 손톱 · 머리 · 피부를 짚히자 '다른 놈들 때문에'라 털어놓고 완패하는",ch33,334,d_main_33_04,,,,F1633,확실,확정
D541,person:아니스,아니스,신념,변화,,내려가면 사장에게 떼써서라도 강해지겠다는,스쿼드의 목적과 달리 '[나]는 앞으로 뭘 해야 하냐'를 모르겠다는,,ch33,334,d_main_33_05_s,d_main_33_03,ch33,,,확실,확정
D561,person:아니스,아니스,관계,변화,person:라피,서로 구하려다 부딪친 뒤 손을 잡은,처음 고민을 털어놓은 라피를 '무조건 이기게 해 주겠다'며 쓰러져도 일어나 돕는,,ch34,336,d_main_34_09_e,d_main_34_03,ch34,,,확실,확정
D560,person:아니스,아니스,신념,변화,,'[나]는 뭘 해야 하냐'를 모르던 — 스스로 '부표'라 한,라피를 보고 '뒤처질 수 없다'며 방주에서 마무리 지을 일을 하기로 정한,,ch34,336,d_main_34_af_02,d_main_34_af_01,ch34,,Q217,확실,확정
D601,person:아니스,아니스,관계,변화,person:지휘관,'다치지 마'라며 지휘관을 챙기는,발목만 잡는 짐이 아니라 대등한 동료가 되려 도움을 거절하는,,ch35,358,d_main_35bf_05,,,,,확실,확정
D609,person:아니스,아니스,신념,변화,,라피를 보고 뒤처질 수 없다며 마무리 지을 일을 하기로 정한,아이돌을 정식 은퇴하고 카운터스의 에이스로 지상 탈환을 진지하게 하겠다는,,ch35,358,d_main_35_04,,,,F1798,확실,확정
D660,person:아니스,아니스,관계,기준,person:네온,,,"민트에게 네온을 '우리 스쿼드 동료'라 소개하고, 놀라는 네온에게 쑥스러워하는",ch38,375,d_main_38_05_s,,,,,확실,확정
D665,person:아니스,아니스,관계,기준,person:민트 person:프리카,,,민트 · 프리카의 앨범 · 굿즈 · 액세서리를 몰래 다 사 모으면서도 '어떻게 그래'라며 먼저 보자고 못 한,ch38,375,d_main_38_06,,,,,확실,확정
D666,person:아니스,아니스,신념,변화,,하기만 하면 된다며 옛 곡 · 리폼 의상 · 100석 무대로 은퇴 공연을 치르려던,"빛나는 과거와 '예쁘게, 그럴듯하게' 이별하는 피날레를 하고 싶다는",,ch38,375,d_main_38_07_e,d_main_38_07_e,ch38,,,확실,확정
D741,person:아니스,아니스,관계,기준,person:프리바티,,,'중앙 정부 직속 스쿼드님'이라 비꼬며 정보를 쥐고 흔든다고 쏘아붙이는,event_ce006,387,event_ce006_1_intermission_01,,,,,확실,확정
D742,person:아니스,아니스,관계,변화,person:프리바티,헤르민을 두고 가라는 명령 편에 선 그녀에게 '널 더 싫어하게 만들지 말아 줘'라던,명령을 거스른 그녀에게 '제법이잖아'라 하는,,event_ce006,387,event_ce006_2_intermission_01,event_ce006_2_intermission_01,event_ce006,S234,,확실,확정
D773,person:아니스,아니스,신체,변화,,공백기를 이겨 내려 몸을 만들던,"악플을 읽고 토하고 쓰러져, 자기를 알아보는 사람마다 겁에 질리는",,ch39,396,d_main_39_af_06,d_main_39_af_05,ch39,S248,F2063,확실,확정
D775,person:아니스,아니스,신념,변화,,빛나는 과거와 예쁘게 이별하는 피날레를 하려던,"아무도 도와주지 않은 방주를 용서할 수 없어 지키기도, 방주의 별이 되기도 싫다는",,ch39,396,d_main_39_af_07,d_main_39_af_05,ch39,S248,F2065,확실,확정
D779,person:아니스,아니스,관계,변화,person:아비스타,핸드폰을 뺏는 참견꾼이라 뒷조사했냐고 몰아붙이던,자기 때문에 죽어 니케가 된 그 팬이었음을 알고도 '다른 아이돌을 찾으라'며 혼자 있고 싶다는,,ch39,396,d_main_39_af_08,d_main_39_af_08,ch39,S248,,확실,확정
D798,person:아니스,아니스,신념,변화,,방주도 무대도 다 싫어 은퇴 공연조차 못 하겠다던,모두에게 사랑받을 순 없으니 자기를 좋아해 주는 사람들을 위해 은퇴 공연을 하겠다는,,ch40,398,d_main_40_af_06,d_main_40_af_06,ch40,S251,F2094,확실,확정
D799,person:아니스,아니스,관계,변화,person:아비스타,자기 탓에 죽은 팬임을 알고 혼자 있고 싶다던,'그때의 일은 네 잘못이 아니었다'고 전하고 핸드폰을 맡기며 막아 달라 부탁하는,,ch40,398,d_main_40_af_06,,,S251,F2094,확실,확정
D800,person:아니스,아니스,관계,변화,person:민트 person:프리카,굿즈를 몰래 모으면서도 먼저 보자고 못 하던,"연습실 · 무대를 다 마련하고 우쭐대지 않고 '예전처럼 같이 하자, 도와줘'라 부탁하는",,ch40,398,d_main_40_af_07,,,S251,F2095,확실,확정
D862,person:아니스,아니스,신념,변화,,좋아해 주는 훨씬 많은 사람들을 위해 노래하겠다던,웃으며 핸드폰을 들이대는 군중에 혐오가 치밀어 '이게 방주'라 삼키는,,ch41,414,d_main_41_af_02,,,S269,F2240,추정,확정
D892,person:아니스,아니스,신념,변화,,웃으며 핸드폰을 들이대는 군중에 혐오가 치밀어,싫어하는 놈은 죽게 두자는 생각에 제 뺨을 때리고 트리키 보이 일당까지 업고 뛰는,,ch42,416,d_main_42_af_01,,,S271,,확실,확정
D893,person:아니스,아니스,신념,변화,,불평만 쏟는 피신민들을 위해 목숨 걸 가치가 없다는,서로 돕는 이들을 보고 '방주에 별은 언제나 있었다'고 깨달은,,ch42,416,d_main_42_af_05,d_main_42_af_05,ch42,S271,F2240,확실,확정
D894,person:아니스,아니스,소속,변화,,은퇴 공연을 준비하던 옛 아이돌,확장 무장 STAR를 달고 사람들에게 희망을 주는 방주의 별들의 별,,ch42,416,d_main_42_af_06,d_main_42_af_05,ch42,S271,F2242 F2245,확실,확정
D1097,person:아니스,아니스,신념,변화,,철저히 무시당한 끝에 '나 왜 살아있지',프리티 노래를 듣고 '살자 · 힘내보자',,side:pretty_star,447,side:pretty_star_04,side:pretty_star_04,side:pretty_star,S310,F2546,확실,확정
D1109,person:아니스,아니스,관계,기준,person:프리티,,,노래 · TV · 사진만 봐도 힘이 난다며 프리티를 '영원한 우상'이라 부르는 열일곱 살 팬,side:pretty_star,447,side:pretty_star_10,,,,,확실,확정
D1116,person:아니스,아니스,신체,변화,,총잡이를 붙잡다 짓밟힌 인간 아니스,테트라가 책임지고 만든 니케,,side:pretty_star,447,side:pretty_star_13,side:pretty_star_13,side:pretty_star,S310,F2556,확실,확정
D1117,person:아니스,아니스,신념,변화,,프리티 노래로 '살자'던 팬,사람들에게 희망을 주는 별이 되겠다는,,side:pretty_star,447,side:pretty_star_13,side:pretty_star_13,side:pretty_star,S310,F2556,확실,확정
D1137,person:아니스,아니스,신념,변화,,희망을 주는 별이 되겠다던,상처 준 '빌어먹을 방주'를 사랑한다며 스스로 빛나 시민들에게 희망을 주는,,ch45,450,d_main_45_08,d_main_45_08,ch45,S314,F2591 F2589,확실,확정
D1138,person:아니스,아니스,신체,변화,,확장 무장 STAR를 단 니케,코어 융해 직전 STAR의 에너지가 손상된 코어와 하나가 되어 스타라이트 모드를 낸,,ch45,450,d_main_45_08,d_main_45_08,ch45,S314,F2592 F2599,확실,확정
D1182,person:아니스,아니스,관계,기준,person:한슨,,,'보내 달라'고 투덜대면서도 사장님이 열심히 뛰어 따온 일에는 불평하지 않겠다는,event_staranis1,454,event_staranis1_02_s,,,S322,,확실,확정
D1189,person:아니스,아니스,관계,기준,person:요요,,,"사과를 '미쳤냐'로 물리치고, 폭로 같은 지저분한 짓 없이 실력으로 밟겠다는",event_staranis1,454,event_staranis1_03_e,,,S322,F2677,확실,확정
D1193,person:아니스,아니스,관계,기준,person:리스,,,약속을 지켜 찾아온 리스를 반기는 척하며 눈을 피하는,event_staranis1,454,event_staranis1_04_e,,,S322,,확실,확정
D1194,person:아니스,아니스,관계,변화,person:리스,플라스틱 장난감이라 들킬까 봐 찾아가지 못하고 피하던,평범해도 애쓰는 모습이 위로였다는 말에 '진짜 고마워 죽겠다'는,,event_staranis1,454,event_staranis1_05_s,event_staranis1_05_s,event_staranis1,S322,,확실,확정
D1198,person:아니스,아니스,신념,변화,,프리티처럼 희망을 주는 별이 되겠다는,계속 당하고만 살아 '정말 이기고 싶다'며 요요를 이기려 몸을 혹사하는,,event_staranis1,454,event_staranis1_05_e,event_staranis1_05_s,event_staranis1,S322,,확실,확정
D1199,person:아니스,아니스,신체,변화,,니케 바디로 아이돌을 하던,통각 센서까지 끄고 무리하다 숨 쉬는 법을 잊어 사고 전환 직전에 기절당한,,event_staranis1,454,event_staranis1_05_e,,,S322,F2682,확실,확정
D1205,person:아니스,아니스,관계,변화,person:한슨,투덜대며 따르는 사장님의 아이돌,'우리 사장님이 행복했으면' 하며 테트라 계약서를 기쁘게 내미는,,event_staranis1,454,event_staranis1_06_e,event_staranis1_06_e,event_staranis1,S322,F2685,확실,확정
D1210,person:아니스,아니스,신념,변화,,계속 당하고만 살아 '정말 이기고 싶다'는,장난감 취급을 받고도 메이저에 가고 싶어 '좀 더 할 수 있다'며 버티는,,event_staranis1,454,event_staranis2_02_s,,,S323,F2691,확실,확정
D1214,person:아니스,아니스,관계,변화,person:민트 person:프리카,"'예전처럼 같이 하자, 도와줘'라 부탁한",말한 적 없지만 따라와 준 둘이 너무 고마워 '너희가 있어서 견딜 수 있다'는,,event_staranis1,454,event_staranis2_02_e,,,S323,,확실,확정
D1215,person:아니스,아니스,신념,변화,,메이저에 가고 싶어 버티는,프리티처럼 별이 되려 '이렇게라도 사랑받는 데 감사하자'며 자기를 다그치다 말이 부서지는,,event_staranis1,454,event_staranis2_02_e,,,S323,,확실,확정
D1219,person:아니스,아니스,신념,변화,,이렇게라도 사랑받는 데 감사하자는,"'나는 별이 아니라 플라스틱으로 만든 조잡한 별, 주제에 맞지 않았다'며 리스의 죽음을 자기 탓으로 돌리는",,event_staranis1,454,event_staranis2_03_e,event_staranis2_03_e,event_staranis1,S323,,확실,확정
D1220,person:아니스,아니스,관계,변화,person:한슨,'우리 사장님이 행복했으면' 하는,자리를 비운 사장에게 '지금처럼 늦지 말고' 빨리 해결하라는,,event_staranis1,454,event_staranis2_03_e,,,S323,,확실,확정
D1221,person:아니스,아니스,신념,변화,,리스의 죽음을 자기 탓으로 돌리는,"리스를 남 탓으로 돌리는 글에 '쓰레기들을 위해 춤추고 노래했다, 내 인생이 아깝다'는",,event_staranis1,454,event_staranis2_intermission_01,event_staranis2_intermission_01,event_staranis1,S323,F2696,확실,확정
D1224,person:아니스,아니스,신념,변화,,"'쓰레기들을 위해 노래했다, 인생이 아깝다'는",리스가 제목을 지은 [Be My Star]로 '해 보자'며 메이저 무대에 다시 서려는,,event_staranis1,454,event_staranis2_04_s,event_staranis2_04_s,event_staranis1,S323,F2697,확실,확정
D1226,person:아니스,아니스,신념,변화,,[Be My Star]로 '해 보자'던,'내 별은 빼앗아 가지 말았어야지' — 아이돌을 그만두고 아이돌답지 못한 짓(요요를 죽이겠다)을 하려는,,event_staranis1,454,event_staranis2_04_e,event_staranis2_04_e,event_staranis1,S323,F2698,확실,확정
D1232,person:아니스,아니스,소속,변화,,T.T.STAR의 아이돌,아이돌을 그만두고 지상 전투 부대로 간,,event_staranis1,454,event_staranis2_05_e,,,S323,F2705,확실,확정
D1233,person:아니스,아니스,관계,변화,person:한슨,'지금처럼 늦지 말고'라던,'원망 안 해요'라면서 다시 시작하자는 말도 뿌리치고 보내 달라는,,event_staranis1,454,event_staranis2_05_e,,,S323,,확실,확정
D1237,person:아니스,아니스,신념,변화,,아이돌을 그만두고 요요를 죽이려던 — 방주 사람은 쓰레기라는,괴롭히던 이들조차 자기를 못 알아보고 지나가자 '이런 곳이라고' 웃어넘기는,,event_staranis1,454,event_staranis2_06_s,,,S323,,확실,확정
D1238,person:아니스,아니스,신념,변화,,'이런 곳이라고' 웃어넘기던,방주는 쓰레기통이 아니라 어둠 속에 빛나는 별들이 있는 곳 — 방주를 사랑해 그 별들을 위해 노래하겠다는,,event_staranis1,454,event_staranis2_06_e,,,S321,F2707,확실,확정
D1239,person:아니스,아니스,관계,변화,person:지휘관 person:라피 person:네온,대등한 동료가 되려 도움을 거절하는,목이 터져라 외치는 지휘관 · 라피 · 네온을 자기를 특별하게 만드는 가장 빛나는 별로 보는,,event_staranis1,454,event_staranis2_06_e,,,S321,,확실,확정
D1240,person:아니스,아니스,소속,변화,,지상 전투 부대(→ 카운터스)와 T.T.STAR 기념 공연,T.T.STAR를 조용히 탈퇴하고 '배틀 아이돌'로 카운터스와 지상에 오른,,event_staranis1,454,event_staranis2_epilogue,,,S324,F2708,확실,확정
D2214,person:아니스,아니스,신념,변화,,상처 준 방주를 사랑해 시민에게 희망을 주는 별로 빛나던,"아이돌을 졸업한 뒤 같은 거리를 다른 눈으로 보며 방주가 즐거운 곳임을 알고, 하고 싶은 것을 욕심껏 즐길수록 방주도 더 사랑하겠다는",,char:17,455,ep:d_nikke_anis_star_05,ep:d_nikke_anis_star_05,char:17,S325,,확실,확정
D2213,person:아니스,아니스,관계,변화,person:지휘관,처음엔 실망했다가 '이상적인 지휘관'이라며 따라다니던,"진즉 반해 있었다고 인정하고, 방주를 사랑하게 된 시작이라며 '진흙 속에서 찾은 가장 사랑하는 별'이라 부르는",,char:17,455,ep:d_nikke_anis_star_05,ep:d_nikke_anis_star_04,char:17,S325,F2711,확실,확정
D1744,person:아니스,아니스,관계,변화,person:민트 person:프리카,따라와 준 둘이 있어 견딘다던 멤버,이제 같은 멤버가 아니라며 나서지 않고 '둘은 강하다'고 믿으며 TV 앞에서 응원하는,,fl:bitter_spice,460,fl:bitter_spice_01,fl:bitter_spice_01,fl:bitter_spice,S329,,확실,확정
D1317,person:아니스,아니스,관계,기준,person:온리_원,,,'내가 안아 줄까?' 다가가지만 별을 던진 일로 '언니는 싫어'를 듣는,ch47,470,d_main_47_05,,,S341,,확실,확정
D699,person:아르카나,아르카나,기억,기준,,,,거의 매일 받은 기억 소거 끝에 취급한 정보만이 아니라 자기가 누구인지까지 잊은,event_arcanearchive,383,event_arcanearchive_01_s,,,,F1927,확실,확정
D703,person:아르카나,아르카나,관계,기준,person:지휘관,,,"처음 본 지휘관에게 새끼손가락 약속을 걸고 스스럼없이 끌고 다니는, 도움받는 처지",event_arcanearchive,383,event_arcanearchive_01_e,,,,,확실,확정
D698,person:아르카나,아르카나,성격,기준,,,,"'겉은 예쁘고 활기차지만 속은 냉정냉혹세련된 프로' · '병약 미소녀'라며 스스로를 띄우는, 밝고 능청스러운 니케",event_arcanearchive,383,event_arcanearchive_02_e,,,,,확실,확정
D702,person:아르카나,아르카나,신념,기준,,,,기억 소거를 그만두라는 권고에 '분명 제가 선택한 일'이라며 자기 운명의 주인은 자기라 믿는,event_arcanearchive,383,event_arcanearchive_03_s,,,,,확실,확정
D700,person:아르카나,아르카나,기억,변화,,자기가 누구인지도 잊은,자기암시 트리거로 금서고 안의 기억까지 전부 되찾은,,event_arcanearchive,383,event_arcanearchive_intermission_01,event_arcanearchive_03_e,event_arcanearchive,,F1929,확실,확정
D704,person:아르카나,아르카나,관계,변화,person:지휘관,괜찮냐는 물음을 출퇴근 불평으로 돌리던,'당연히 안 괜찮죠'라며 매일 절반씩 죽는다는 속내를 털어놓는,,event_arcanearchive,383,event_arcanearchive_05_s,event_arcanearchive_04_e,event_arcanearchive,,,확실,확정
D705,person:아르카나,아르카나,관계,변화,person:지휘관,기록으로만 아는 카운터스 지휘관의 팬,최애 본인에게 감사를 전하고 금서고에서 함께 기억하며 협업하기로 약속한,,event_arcanearchive,383,event_arcanearchive_06_e,event_arcanearchive_06_s,event_arcanearchive,,,확실,확정
D701,person:아르카나,아르카나,기억,변화,,금서고 이야기와 최애를 잊을 것이라던,기억 소거 뒤에도 지휘관을 '최애'로 기억하는,,event_arcanearchive,383,event_arcanearchive_06_e,event_arcanearchive_06_e,event_arcanearchive,,F1939,확실,확정
D2163,person:아르카나,아르카나,기억,변화,,금서고에 출근할 때부터 퇴근까지의 기억이 통째로 지워지던,"기억 소거 기술이 '택티컬'해져 금서고 안에서 본 것만 핀포인트로 지워져, 그날 밖의 일을 다 기억하는",,char:581,384,ep:d_nikke_arcana_02,,,S230,F1943,확실,확정
D2164,person:아르카나,아르카나,신념,변화,,남들의 절반뿐인 시간을 아끼려 일주일에 두세 시간만 자며 쫓기듯 살던,"긴장이 풀려 졸린 채, 아무 의미 없는 잡담과 데이트로 좋은 사람과 시간을 그냥 써 보고 싶다는",,char:581,384,ep:d_nikke_arcana_05,ep:d_nikke_arcana_04,char:581,S230,F1945,확실,확정
D2165,person:아르카나,아르카나,관계,변화,person:지휘관,기록으로 아는 최애와 금서고에서 협업하며 함께 기억하기로 한,"자기 전부를 알 수 있는 세상에 단 한 사람이라며, 아끼는 [운명의 수레바퀴]를 빌려주고 끌어안아 돌아오겠다는 약속을 받는",,char:581,384,ep:d_nikke_arcana_05,ep:d_nikke_arcana_04,char:581,S230,F1946,확실,확정
D1004,person:아르카나,아르카나,기억,변화,,레이블과 사진을 찍고 그의 일을 들은,에닉의 판결로 그 기억을 지운,,fl:sin_editor,430,fl:sin_editor_00,,,S290,F2383,확실,확정
D1006,person:아르카나,아르카나,관계,기준,person:레이블,,,같은 스쿼드인데 얼굴을 안 비춰 섭섭하다며 미끼 작전으로라도 만나 셋이 뭉치고 싶어 하는,fl:sin_editor,430,fl:sin_editor_03,,,,,확실,확정
D1007,person:아르카나,아르카나,관계,변화,person:레이블,다가가면 문을 닫는 동료를 섭섭해하던,'저희를 위해 용기 내줘서 고마워요' — 다시 모인 기념사진,,fl:sin_editor,430,fl:sin_editor_13,fl:sin_editor_13,fl:sin_editor,,,확실,확정
D1700,person:아르카나,아르카나,성격,변화,,밝고 능청스러운 프로,"삐지고 화내는 감정까지 솔직히 드러내는, 예전보다 편해진",,fl:2x2_love_1ch,444,fl:2x2_love_1ch_11,,,S307,,확실,확정
D1699,person:아르카나,아르카나,관계,변화,person:지휘관,최애 본인과 금서고에서 함께 기억하며 협업하기로 한,'관심 있는 사람' 앞이라며 어떤 자기라도 받아 주고 좋아해 주길 기대하는,,fl:2x2_love_1ch,444,fl:2x2_love_1ch_11,fl:2x2_love_1ch_06,fl:2x2_love_1ch,S307,,확실,확정
D1701,person:아르카나,아르카나,관계,기준,person:에이미,,,"룸메이트 에이미를 '처음 생긴 또래 친구'라 하며 점심 · 방과 후를 같이 다니고, 도서실 일을 돕겠다는 말에 기대는",fl:2x2_love_1ch,444,fl:2x2_love_1ch_15,,,,,확실,확정
D1709,person:아르카나,아르카나,관계,변화,person:지휘관,'관심 있는 사람' 앞이라며 받아 주길 기대하던,축제가 끝날 때까지만 [선배]에게 사귀자고 고백해 단둘이 지내는,,fl:2x2_love_1ch,444,fl:2x2_love_1ch_25,,,S307,,확실,확정
D1710,person:아르카나,아르카나,관계,변화,person:지휘관,'관심 있는 사람' 앞이라며 받아 주길 기대하던,'지금은 꿈속이니까' 예전부터 좋아했다고 고백해 사귀고 입을 맞춘,,fl:2x2_love_1ch,444,fl:2x2_love_1ch_26,,,S307,,확실,확정
D1711,person:아르카나,아르카나,신념,변화,,원래 학생도 아니라며 학교생활을 놀러 온 듯 여기던,다른 학생들처럼 학생답게 지내며 도서 위원 일도 선생님 일도 돕기로 한,,fl:2x2_love_1ch,444,fl:2x2_love_1ch_30,fl:2x2_love_1ch_28,fl:2x2_love_1ch,S307,,확실,확정
D1712,person:아르카나,아르카나,성격,변화,,사명 앞에서 줄곧 잘 참아 오던,"참지 않고 기대는, 원래 의존적이고 어리광 부리고 싶다는 응석쟁이",,fl:2x2_love_1ch,444,fl:2x2_love_1ch_40,,,S307,,확실,확정
D1713,person:아르카나,아르카나,관계,변화,person:지휘관,지휘관에게 의지하고 기대던,지휘관이 기댈 수 있는 사람이 되고 싶다며 무릎을 내주는,,fl:2x2_love_1ch,444,fl:2x2_love_1ch_44,,,S307,,확실,확정
D1714,person:아르카나,아르카나,관계,변화,person:지휘관,학생답게 응석을 참던,열심히 한 상으로 비밀 연애를 청해 '오늘부터 1일' — 첫 키스를 한,,fl:2x2_love_1ch,444,fl:2x2_love_1ch_53,fl:2x2_love_1ch_44,fl:2x2_love_1ch,S307,,확실,확정
D1726,person:아르카나,아르카나,성격,변화,,무엇에도 신경 안 쓰는 쿨하고 시크한 여자라 여기던,"다른 여자가 말만 걸어도 신경 쓰여 바니걸 · 웨딩드레스로 급발진하는, 처음 겪는 질투를 털어놓는",,fl:2x2_love_2ch,445,fl:2x2_love_2ch_44,fl:2x2_love_2ch_39,fl:2x2_love_2ch,S308,,확실,확정
D1727,person:아르카나,아르카나,관계,변화,person:지휘관,둘만 아는 [선배] 상황극 속 비밀 연인,반 모두 앞에서 상황극을 넘어 '제 세상의 절반을 되돌려준' 이에게 진심으로 공개 고백한,,fl:2x2_love_2ch,445,fl:2x2_love_2ch_47,fl:2x2_love_2ch_47,fl:2x2_love_2ch,S308,,확실,확정
D1728,person:아르카나,아르카나,관계,변화,person:지휘관,학교생활 속 연인,"지휘관 · 니케로 돌아가도 [선배]라 부르고 싶어, 다시 학교생활을 하자는 지켜지지 못할 약속에 매달리는",,fl:2x2_love_2ch,445,fl:2x2_love_2ch_48,fl:2x2_love_2ch_48,fl:2x2_love_2ch,S308,,확실,확정
D1729,person:아르카나,아르카나,관계,변화,person:지휘관,선생과 학생으로 선을 지키며 일만 함께한,지휘관과 니케로 돌아가서도 계속 연애하며 도시락 · 취미를 함께하고 곁에서 힘이 되어 주기로 약속한,,fl:2x2_love_2ch,445,fl:2x2_love_2ch_61,fl:2x2_love_2ch_61,fl:2x2_love_2ch,S308,,확실,확정
D1730,person:아르카나,아르카나,관계,변화,person:지휘관,축제를 함께 치른 연인,원래대로 돌아갈 수 없을 것 같다며 현실에서 눈을 돌리고 '그쪽만 있으면 된다'고 응석으로 기대는,,fl:2x2_love_2ch,445,fl:2x2_love_2ch_62,fl:2x2_love_2ch_60,fl:2x2_love_2ch,S308,,확실,확정
D2210,person:아르카나,아르카나,신념,변화,,생명의 은인에게 받은 시간을 그냥 써 보고 싶다던,"학교에서 세상을 구경한 뒤 하고 싶던 것들을 찾아, 보육교사 자격증을 따 어린이집 봉사로 그 시간을 의미 있게 쓰는",,char:583,446,ep:d_nikke_arcana_fortunemate_03,,,S309,F2537,확실,확정
D2211,person:아르카나,아르카나,관계,변화,person:지휘관,자기 전부를 아는 단 한 사람으로 곁에 두던,"출정 사이 하루씩 만나는 연인으로, 같은 운명을 공유한다며 그가 잘못되면 수천 수만 년이라도 그 기록을 지키겠다는",,char:583,446,ep:d_nikke_arcana_fortunemate_05,ep:d_nikke_arcana_fortunemate_05,char:583,S309,F2538,확실,확정
D1135,person:아르카나,아르카나,신념,변화,,금서고의 기록을 지키는 일을 스스로 고른,금지를 외치는 척 아이리를 A-2의 [도로시]로 이끌고 타로에 '내 선택이 틀리지 않길' 비는,,ch45,450,d_main_45_06,d_main_45_06,ch45,S316,,추정,확정
D1869,person:아리아,아리아,관계,기준,person:지휘관,,,"'세뇨르'라 부르며, 니케의 멘탈 케어는 세뇨르의 의무라고 남몰래 고민 상담을 청하는 담당 니케",char:432,116,ep:d_nikke_aria_01,,,,F598,확실,확정
D1868,person:아리아,아리아,성격,기준,,,,"롤아웃 직후부터 주연만 맡아 무명 시절이 없고, 최악의 컨디션도 남들의 인생 최고 무대라 할 만큼 자기 재능에 자부심이 큰 프리마돈나",char:432,116,ep:d_nikke_aria_01,,,,F598,확실,확정
D1870,person:아리아,아리아,신념,기준,,,,"프리마돈나는 무조건 완벽해야 하고, 작품의 주제를 노래로 온전히 전해야 한다고 여겨 흥행해도 주제를 망쳤다면 실패로 보는",char:432,116,ep:d_nikke_aria_02,,,,,확실,확정
D1871,person:아리아,아리아,신념,변화,,무조건 완벽해야 한다며 재능 없음을 연기할 방법을 찾던,천재나 범재나 목표에 닿고 싶은 절박함은 같다는 것을 알고 그 절박함을 노래에 담는,,char:432,116,ep:d_nikke_aria_05,ep:d_nikke_aria_04,char:432,,F599,확실,확정
D1872,person:아리아,아리아,관계,변화,person:지휘관,멘탈 케어를 청한 담당 니케,자기 세계를 알아준 유일한 사람이라며 '나는 당신으로 하여금 완성되었어요' — 그만을 위해 피날레 곡을 부르는,,char:432,116,ep:d_nikke_aria_05,ep:d_nikke_aria_02,char:432,,F599,확실,확정
D774,person:아비스타,아비스타,관계,기준,person:아니스,,,핸드폰을 압수하고 '아니스를 살리는 짓'이라며 게시판 글을 좋은 것만 걸러 전하겠다는,ch39,396,d_main_39_af_06,,,,,확실,확정
D777,person:아비스타,아비스타,신체,변화,,아이돌을 좋아하던 유복한 집의 인간 팬,죄책감에 생을 마감하고 유서대로 이름 있는 니케가 된,,ch39,396,d_main_39_af_08,,,,F2066,확실,확정
D778,person:아비스타,아비스타,신념,기준,,,,그 아이돌이 다시 별이 되려 하면 모든 것을 바쳐 빛나게 하겠다는 — 방주의 별은 아직 빛을 잃지 않았다고 믿는,ch39,396,d_main_39_af_08,,,,,확실,확정
D1241,person:아비스타,아비스타,소속,변화,,감찰 부대 니케,감찰 부대이면서 민트 · 프리카의 Twinkle Twin Star와 함께하는,,event_staranis1,454,event_staranis2_epilogue,,,S324,F2708,확실,확정
D2215,person:아비스타,아비스타,관계,기준,person:지휘관,,,"상부 명령으로 '특별 관리 대상'을 한밤중에 감찰하며 꼬투리가 잡힐까 긴장하다, 니케를 위해 사비를 쓴 내막을 보고 '아니스가 선택한 분'을 아니스처럼 믿음직하게 좋아한다며 깊이 고개를 숙인다",char:441,456,ep:d_nikke_avistar_05,,,S390,F2713,확실,확정
D2121,person:아스카,아스카,성격,기준,,,,"'탑이 아니면 의미 없고 지는 건 딱 질색'이라며 '바보 아냐?'를 입에 달고 몰아붙이는 자칭 엘리트지만, 모르는 적은 정보부터 외우고 위기에선 짝을 감싸는",char:830,322,ep:d_nikke_ce004_01_01,,,S387,,확실,확정
D2151,person:아스카,아스카,성격,변화,,전투 때 말고는 방에 틀어박혀 '사람이 많은 곳은 관심 없다'며 혼자 게임만 하던,"'다 같이 게임을 하는 것도 나쁘지 않다'며, 돌아갈 때 모두와 헤어지는 게 아쉬워질지도 모른다는",,char:835,363,ep:d_nikke_ce005_02_05,ep:d_nikke_ce005_02_04,char:835,S209,F1823,확실,확정
D2152,person:아스카,아스카,관계,변화,person:트로니,'사회성 없는 애'라며 자기가 있으면 불편할 테니 돌아가게 해 달라던,선물을 주고받고 밤새 이야기해 '우리는 서로 닮았다'고 여기는 게임 친구,,char:835,363,ep:d_nikke_ce005_02_05,ep:d_nikke_ce005_02_04,char:835,S209,,확실,확정
D1760,person:아이기스,아이기스,신념,기준,,,,"섀도를 섬멸하는 병기를 자처하면서도, 가장 중요한 사명은 소중한 사람(그)을 지키고 그 곁에 있는 것이라 하는",fl:persona_on_frontline,474,fl:persona_on_frontline_16,,,,,확실,확정
D1761,person:아이기스,아이기스,관계,기준,concept:니케,,,"니케의 바디 기술에 놀라면서도 말과 행동이 자기가 아는 [인간]과 다르지 않다며, 원래 인간이라 인간다운 [마음]을 가졌다고 보는",fl:persona_on_frontline,474,fl:persona_on_frontline_23,,,,,확실,확정
D2228,person:아이기스,아이기스,관계,변화,person:라이,마지막 꼬치 한 조각을 양보받은 낯선 니케,숙제를 대신 풀다 함께 혼나고 울음을 달래 준 끝에 '저희는 친구'라며 [나루 4호]라는 이름을 데이터베이스에 소중히 남기겠다는,,char:872,475,ep:d_nikke_ce009_03_05,ep:d_nikke_ce009_03_04,char:872,S344,F2869,확실,확정
D649,person:아이리,아이리,관계,기준,person:도로시,,,"팬인 척 사인을 조르며 핸드폰으로 지문 · 음성을 몰래 따, 때맞춰 나타난 필그림의 과거를 캐려는",ch37,373,d_main_37_04,,,,,확실,확정
D1072,person:아이리,아이리,성격,기준,,,,남의 치부를 들출 때가 가장 좋다며 '모든 기록은 어딘가에 반드시 있다'고 파고드는,ch44,436,d_main_44_af_10,,,,,확실,확정
D1134,person:아이리,아이리,신념,기준,,,,도로시가 방주에 당했을 수도 있으니 몰아낼지 도울지 가려내는 것이 감찰의 목표라 믿는,ch45,450,d_main_45_06,,,,,확실,확정
D2027,person:아인,아인,성격,기준,,,,"선배를 '확 보쌈해 가버릴까' 놀리고 '쌤 빡치게 하는 방법'을 알려 주는, 규칙 · 성적엔 관심 없고 장난이 앞서는 넉살 좋은 1학년",char:392,203,ep:d_nikke_rei_02,,,,,확실,확정
D1567,person:아인,아인,관계,기준,person:지휘관,,,"지휘관을 '쌤'이라 부르며 모르는 사람보다 편하다고 반기고, 친구 만들기를 도와준 덕에 친구가 없나 보다 하고 살지 않게 됐다며 고마워하는",event_juveniledays,317,event_juveniledays_01_e,,,,,확실,확정
D1564,person:아인,아인,관계,기준,person:츠바이 person:라이,,,"늘 붙어 다니면서도 학년 · 성격이 달라 친구라고 하긴 그렇고 선배들도 자기를 친구로 생각 안 할 거라며, 패션 위크에 같이 가자는 말도 못 꺼내는",event_juveniledays,317,event_juveniledays_01_e,,,,,확실,확정
D1568,person:아인,아인,관계,기준,person:루피,,,"루피의 열성 팬으로 처음 만나 '루피 님'을 '언니'로 부르게 되고, 루셰 전속 디자이너가 돼 배우고 싶다는",event_juveniledays,317,event_juveniledays_02_s,,,,,확실,확정
D1569,person:아인,아인,신념,기준,,,,패션 디자인이 취미이자 목표라 루셰 전속 디자이너가 되고 싶어 하는,event_juveniledays,317,event_juveniledays_02_e,,,,,확실,확정
D1565,person:아인,아인,관계,변화,person:츠바이 person:라이,친구가 되고 싶어 리본을 준비하던,왕따 가해 소문이 둘에게 옮지 않게 '범생이 · 꼬맹이와 친할 리 없다'며 일부러 거리를 두는,,event_juveniledays,317,event_juveniledays_intermission_01,event_juveniledays_intermission_01,event_juveniledays,S165,,확실,확정
D1566,person:아인,아인,관계,변화,person:츠바이 person:라이,소문이 옮을까 거리를 두던,"리본을 내밀며 친구를 청하고 '여기 있었구나, 내 친구들!'이라 확인한",,event_juveniledays,317,event_juveniledays_06_e,event_juveniledays_04_e,event_juveniledays,S165,,확실,확정
D2116,person:아인,아인,신념,변화,,루셰 전속 디자이너가 꿈이면서 마음 한구석으론 '나 정도면 되지 않을까' 하던,"높은 허들을 알고 오히려 더 욕심내, 학교가 꿈까지 정할 수 없다며 남이 이상하게 봐도 포기하지 않고 언젠가 증명해 보이겠다는",,char:391,318,ep:d_nikke_ein_05,ep:d_nikke_ein_05,char:391,S166,F1582,확실,확정
D2124,person:아인,아인,관계,변화,person:레이,"선생님이 붙인, 조용해서 '불편해 죽겠다'던 버디","'최선을 다해 즐기고 있었다'며 솔직하고 재밌는 녀석으로 알아보고 '내일부터 잘 부탁해, 버디!' 하는",,char:831,323,ep:d_nikke_ce004_02_05,ep:d_nikke_ce004_02_05,char:831,S388,F1599,확실,확정
D1725,person:아인,아인,관계,변화,person:지휘관,편한 '쌤'으로 반기던,그의 연애를 '팍팍 밀어주겠다'며 자리를 만들고 반지를 건네는,,fl:2x2_love_2ch,445,fl:2x2_love_2ch_14,fl:2x2_love_2ch_07,fl:2x2_love_2ch,S308,,확실,확정
D1256,person:아크레인저_레드,아크레인저 레드,성격,기준,,,,팬 사인도 '피곤하다'며 모른 척하는 냉소적인 리더 — 그러면서 블랙을 데리러 오고 '응원한다 항상'이라 하는,fl:ark_ranger,462,fl:ark_ranger_01,,,S331,,확실,확정
D1257,person:아크레인저_레드,아크레인저 레드,신념,기준,,,,"아이들은 곧 가짜라 손가락질한다 — 우리는 TV 속 영웅일 뿐, TV 밖으로 나오면 평범한 니케라는 현실을 깨달은",fl:ark_ranger,462,fl:ark_ranger_01,,,S331,F2727,확실,확정
D1258,person:아크레인저_레드,아크레인저 레드,관계,기준,person:아크레인저_블랙,,,"민폐라 꾸짖으면서도 재난 요령 · 일반 바디를 권하고, 자기처럼 '끝까지 가 봐서 현실을 깨닫길' 바라는 선배",fl:ark_ranger,462,fl:ark_ranger_04,,,S331,,확실,확정
D1259,person:아크레인저_레드,아크레인저 레드,관계,변화,person:아크레인저_블랙,현실을 깨닫길 바라며 지켜보던 선배,다시 변신한 블랙에게 질투와 선망 — '질 수 없지',,fl:ark_ranger,462,fl:ark_ranger_13,fl:ark_ranger_13,fl:ark_ranger,,,확실,확정
D1260,person:아크레인저_레드,아크레인저 레드,신념,변화,,TV 속 히어로로 남기로 — 같이 올라갈 '용기도 없다'(23#60-62),루크의 외침 뒤 머스탱에게 출격을 청해 아크 랜더로 TV 밖 실전에 나서는,,fl:ark_ranger,462,fl:ark_ranger_24,fl:ark_ranger_24,fl:ark_ranger,S335,F2743,확실,확정
D481,person:아크레인저_블랙,아크레인저 블랙,신념,기준,,,,히어로란 남의 기대가 아니라 제 신념 · 진심을 관철하는 자 — 레드처럼 누군가를 일으켜 세우는 히어로가 되자는,event_darkhero,298,event_darkhero_03_e,,,,,확실,확정
D1242,person:아크레인저_블랙,아크레인저 블랙,성격,기준,,,,'히어로가 적당히 해서 뭘 하나' — 다리 각도 하나에도 재촬영을 청하고 트레이닝 루틴을 거르지 않는 고지식한 완벽주의자,fl:ark_ranger,462,fl:ark_ranger_00,,,S331,,확실,확정
D1243,person:아크레인저_블랙,아크레인저 블랙,신념,변화,,히어로란 신념을 관철하는 자 — TV 속 히어로,"TV 속에서만이 아닌, 사람들을 구하는 [진짜] 히어로가 되고 싶다",,fl:ark_ranger,462,fl:ark_ranger_04,fl:ark_ranger_02,fl:ark_ranger,S331,F2728,확실,확정
D1244,person:아크레인저_블랙,아크레인저 블랙,신념,변화,,진짜 히어로가 되려 특훈하던,호프를 못 구해 '나는 TV 속에서만 영웅' — 다짐 · 필살기 모두 히어로 놀이였다,,fl:ark_ranger,462,fl:ark_ranger_07,fl:ark_ranger_07,fl:ark_ranger,S332,F2729,확실,확정
D1245,person:아크레인저_블랙,아크레인저 블랙,신념,변화,,TV 속에서만 영웅이었다,강한 힘이 있으면 더 많이 구해 진짜 히어로가 될 수 있다,,fl:ark_ranger,462,fl:ark_ranger_08,,,,F2730,확실,확정
D1247,person:아크레인저_블랙,아크레인저 블랙,신체,변화,,과격한 액션용 초경량화 바디(02#96 · 03#44),"머스탱에게 받은, 지상 전투 니케와 같은 사양의 무거운 바디 · 전투 무장",,fl:ark_ranger,462,fl:ark_ranger_08,,,,F2730,확실,확정
D1246,person:아크레인저_블랙,아크레인저 블랙,신념,변화,,힘을 얻으면 진짜 히어로,무거운 바디를 받고도 굳어 — 짜인 판에서 히어로인 척하는 광대일 뿐,,fl:ark_ranger,462,fl:ark_ranger_08,fl:ark_ranger_08,fl:ark_ranger,,F2730,확실,확정
D1248,person:아크레인저_블랙,아크레인저 블랙,신체,변화,,변신 · 슈트가 몸에 밴 배우,슈트를 입는 순간 어지럼 · 구토 — 리페어 센터도 이상을 못 찾아 휴식이 길어진,,fl:ark_ranger,462,fl:ark_ranger_10,fl:ark_ranger_07,fl:ark_ranger,,F2730,확실,확정
D1251,person:아크레인저_블랙,아크레인저 블랙,관계,기준,person:아크레인저_레드,,,'히어로란 신념을 관철하는 자'라는 말로 자기를 아크레인저에 들게 한 선배 — '실패한 선배'라는 레드에게 '단 한 번도 그렇게 생각한 적 없다',fl:ark_ranger,462,fl:ark_ranger_10,,,S333,F1476,확실,확정
D1249,person:아크레인저_블랙,아크레인저 블랙,관계,기준,person:아니스,,,격투는 문외한이라 보면서도 일어나 이겨 달라 — '나에게 용기를 줬으면' 하며 홀린 듯 지켜보는,fl:ark_ranger,462,fl:ark_ranger_11,,,S333,,확실,확정
D1250,person:아크레인저_블랙,아크레인저 블랙,신념,변화,,광대일 뿐 — 힘없는 용기는 만용(11#59-60),힘이 없어도 포기 않고 맞서면 용기를 준다 — 다시 진짜 히어로가 되어 호프 같은 일을 막겠다,,fl:ark_ranger,462,fl:ark_ranger_12,fl:ark_ranger_11,fl:ark_ranger,S334,F2731,확실,확정
D1252,person:아크레인저_블랙,아크레인저 블랙,신념,변화,,다시 진짜 히어로가 되려 힘을 키우는,히어로 놀이여도 지켜보는 이가 두려움을 잊는다면 광대가 되겠다 — 히어로란 용기를 주는 존재,,fl:ark_ranger,462,fl:ark_ranger_13,fl:ark_ranger_13,fl:ark_ranger,S334,F2732,확실,확정
D1254,person:아크레인저_블랙,아크레인저 블랙,소속,변화,,테트라 특촬 '여신전대 아크레인저'의 배우 니케,"크림슨 스카이로 지상 실전에 나가, 승리의 날개 호 ver.엘리시온과 함께 상시 대기하는 방주 방위 전력",,fl:ark_ranger,462,fl:ark_ranger_26,fl:ark_ranger_21,fl:ark_ranger,S335,F2744,확실,확정
D1255,person:아크레인저_블랙,아크레인저 블랙,관계,변화,person:아니스,멀리서 지켜보며 응원하던 낯선 니케,영문 모르는 아니스에게 '고마웠다. 진심으로'를 전하는,,fl:ark_ranger,462,fl:ark_ranger_26,fl:ark_ranger_11,fl:ark_ranger,S335,,확실,확정
D1253,person:아크레인저_블랙,아크레인저 블랙,신념,변화,,광대여도 지켜보는 이에게 용기를 주며 TV 밖에서 [진짜]가 되려는,TV 속 세계는 가짜여도 거기서 느끼는 감정은 진짜 — 'TV 속에서 용기를 주는 히어로'로 내면의 영웅을 일깨우는,,fl:ark_ranger,462,fl:ark_ranger_27,fl:ark_ranger_24,fl:ark_ranger,S335,,확실,확정
D2220,person:아크레인저_블랙,아크레인저 블랙,관계,기준,person:지휘관,,,"피곤해 보이는 지휘관을 늘 응원한다고 말하고, '방주의 영웅'과 예전부터 함께 히어로 활동을 해 보고 싶었다며 순찰에 청한다",char:570,463,ep:d_nikke_arkrangerblack_01,,,,,확실,확정
D2221,person:아크레인저_블랙,아크레인저 블랙,관계,변화,person:지휘관,멀리서 응원하며 함께 활동해 보고 싶던 '동경하는 대상',같은 방향을 바라보며 큰 일이든 작은 일이든 함께 나서는 '든든한 동료',,char:570,463,ep:d_nikke_arkrangerblack_05,ep:d_nikke_arkrangerblack_04,char:570,,F2746,확실,확정
D1261,person:아크레인저_블루,아크레인저 블루,성격,기준,,,,"팬 서비스를 마다하지 않고 구조 중에도 '변신해야죠, 활약을 보여 줄 때'라는 천성 연예인",fl:ark_ranger,462,fl:ark_ranger_02,,,S331,,확실,확정
D1262,person:아크레인저_블루,아크레인저 블루,신념,기준,,,,"TV 속 블루는 가상의 존재 — '블루는 블루, 저는 저', 관심을 먹고 사는 연예인으로 욕심내지 않는",fl:ark_ranger,462,fl:ark_ranger_09,,,,F2727,확실,확정
D1263,person:아크레인저_블루,아크레인저 블루,관계,기준,person:아크레인저_블랙,,,같은 팀에 캐릭터가 겹치면 안 된다며 '절망에 맞서 다시 일어나는 게 진짜 히어로'라 망설이는 블랙을 북돋는,fl:ark_ranger,462,fl:ark_ranger_09,,,,,확실,확정
D1264,person:아크레인저_블루,아크레인저 블루,신념,변화,,TV 속 블루와 자신을 나눠 욕심내지 않는 연예인,'해보자고요! 히어로!' — 아크 팔콘으로 블랙과 함께 실전에 나선,,fl:ark_ranger,462,fl:ark_ranger_24,fl:ark_ranger_24,fl:ark_ranger,S335,F2743,확실,확정
D735,person:아트,아트,신체,변화,,벙커에서 태어난 인간 아이,로드 급 랩쳐에게 크게 다쳐 양산형 니케가 된,,event_ce006,387,event_ce006_3_03_s,event_ce006_3_03_s,event_ce006,S235,F1994,확실,확정
D736,person:아트,아트,기억,기준,,,,니케가 되어 콤도 벙커도 기억하지 못한다,event_ce006,387,event_ce006_3_03_s,,,S235,,확실,확정
D737,person:아트,아트,기억,변화,,벙커와 콤을 잊은,그림 [집] 앞에서 콤을 알아보고 '내 가장 소중한 보물'을 기억해 낸,,event_ce006,387,event_ce006_3_epilogue,event_ce006_3_epilogue,event_ce006,S234,F2002,확실,확정
D117,person:애드미,애드미,성격,기준,,,,'지휘관에게 거짓말을 하고 싶지 않다'며 동료가 막는데도 마리안을 부품 하나까지 뜯어볼 거라고 곧이곧대로 털어놓는 트라이앵글 니케,ch14,69,d_main_14_08,,,,F364,확실,확정
D1873,person:애드미,애드미,신념,기준,,,,"쓰다듬는 건 애정을 주겠다는 시작 신호라, 끝까지 책임지지 않을 거면 위선이고 끝이 날 관계라면 시작하지 않는 게 낫다고 여기는",char:172,117,ep:d_nikke_admi_01,,,,F601,확실,확정
D1874,person:애드미,애드미,관계,기준,person:지휘관,,,"퍼펙트 한 개의 은혜를 갚겠다는 지휘관과, 인형이 갖고 싶은 자기 — 배지를 다 모을 때까지만의 '가벼운 관계'라면 좋다고 선을 긋는",char:172,117,ep:d_nikke_admi_02,,,,F603,확실,확정
D1875,person:애드미,애드미,관계,변화,person:지휘관,배지를 모을 때까지의 가벼운 관계,"마음이 커져 버려질까 무서워, 지휘관이 더 중요해지기 전에 마지막 배지를 앞두고 그만두는",,char:172,117,ep:d_nikke_admi_04,ep:d_nikke_admi_03,char:172,,F603,확실,확정
D1876,person:애드미,애드미,기억,기준,,,,"임무가 끝날 때마다 딸처럼 머리를 쓰다듬어 주던 인간 시절의 '대장'이, 그를 구하다 니케가 된 자기를 '내 딸은 이미 죽었다'며 밀어낸 기억",char:172,117,ep:d_nikke_admi_05,,,,F601,확실,확정
D1877,person:애드미,애드미,신념,변화,,끝이 날 관계라면 시작하지 않는 게 낫다던,"끝이 두려운 건 지휘관도 같다는 말을 믿고, 포기할 수 없다면 갈 때까지 가 보기로 하는",,char:172,117,ep:d_nikke_admi_05,ep:d_nikke_admi_05,char:172,,F603,확실,확정
D1878,person:애드미,애드미,관계,변화,person:지휘관,버려질까 무서워 피하던,떨리는 손으로 지휘관의 머리를 쓰다듬고 끌어안아 — 스스로 관계를 시작하는,,char:172,117,ep:d_nikke_admi_05,ep:d_nikke_admi_05,char:172,,F603,확실,확정
D1948,person:앤,앤,기억,기준,,,,"날마다 기억이 지워져 지휘관을 몰라보고, 아침마다 수첩에 적힌 '가장 좋아하는 것'을 읽고 그대로 하루를 보낸다",char:120,137,ep:d_nikke_n102_01,,,,F663,확실,확정
D1947,person:앤,앤,성격,기준,,,,흥얼거리며 씩씩하게 뛰어다니고 처음 보는 '선생님'에게도 밥을 사겠다며 '예!'로 힘주어 답하는 밝은 아이,char:120,137,ep:d_nikke_n102_01,,,,,확실,확정
D1949,person:앤,앤,관계,기준,person:지휘관,,,"자기를 몰라보는 앤에게 지휘관이 '선생님'이라 하자 '훌륭하신 분'이라며 함께 크로켓을 먹고 인형을 뽑는, 매일 처음 만나는 사이",char:120,137,ep:d_nikke_n102_01,,,,,확실,확정
D1950,person:앤,앤,관계,변화,person:지휘관,매일 처음 만나는 '선생님',수첩과 다른 일정을 받고 동요하다 '선생님을 믿는다'는 쪽지에 그를 믿고 따르는,,char:120,137,ep:d_nikke_n102_03,ep:d_nikke_n102_02,char:120,,,확실,확정
D1953,person:앤,앤,관계,변화,person:지휘관,쪽지를 보고 믿고 따르는 선생님,"'저는 선생님을 좋아해요, 꼭 기억해 주세요'라 맡기고, 함께 지내며 '매일매일이 오늘 같으면 좋겠다'는",,char:120,137,ep:d_nikke_n102_05,ep:d_nikke_n102_04,char:120,,,확실,확정
D1951,person:앤,앤,기억,변화,,수첩에 적힌 '가장 좋아하는 것'으로 하루를 시작하는,"수첩을 빼앗기고 기억이 더 지워져 '나는 누구지?' 하다가, 지휘관이 저녁마다 채우는 수첩으로 지내는",,char:120,137,ep:d_nikke_n102_05,ep:d_nikke_n102_04,char:120,,F664,확실,확정
D1952,person:앤,앤,소속,변화,,리콜&릴리즈의 기억 실험 대상으로 혼자 지내는,지휘관에게 넘겨져 카운터스와 함께 지내는,,char:120,137,ep:d_nikke_n102_05,ep:d_nikke_n102_05,char:120,,F663 F664,확실,확정
D1417,person:앤,앤,관계,변화,person:안젤리나,엄마가 보고 싶어도 곤란해할까 '괜찮다'고만 하던,엄마 품에 안겨 '포기하지 않아 줘서 고마워요 · 사랑해요'라 하는,,event_miraclesnow1,153,event_miraclesnow2_06_e,event_miraclesnow2_06_e,event_miraclesnow1,S49,,확실,확정
D1416,person:앤,앤,기억,변화,,매일 기억이 리셋되어 어제를 모르던,눈 내린 2주의 기억이 블랙박스로 남아 깨어나자 엄마 · 루피 · 지휘관을 알아보는,,event_miraclesnow1,153,event_miraclesnow2_epilogue,event_miraclesnow2_06_e,event_miraclesnow1,S49,F730,확실,확정
D1974,person:앤,앤,성격,변화,,좋아하는 것을 수첩을 펼쳐 찾는,"직접 보고 빛나는 것을 찾아 '마음이 두근거리는 특별한 게 많았다'고 놀라며, 그 행복을 남에게도 선물하고 싶어 하는",,char:121,156,ep:d_nikke_anne_miraclefairy_03,ep:d_nikke_anne_miraclefairy_02,char:121,S51,,확실,확정
D1975,person:앤,앤,기억,변화,,어제의 일과 사람을 기억하지 못하는,머리맡의 선물과 파란 나비 앨범의 사진으로 어제를 이어 '어제 크리스마스 파티 정말 즐거웠어요'라 말하는,,char:121,156,ep:d_nikke_anne_miraclefairy_05,ep:d_nikke_anne_miraclefairy_04,char:121,S51,F734,확실,확정
D1768,person:앨든,앨든,관계,기준,person:지휘관,,,코인 러시 · 메이드 카페에서 막혀 재기하지 못한 것이 '전부 그놈 탓'이라 원망하는,fl:persona_on_frontline,474,fl:persona_on_frontline_07,,,,,확실,확정
D1771,person:앨든,앨든,성격,기준,,,,자신을 포장하는 허세와 신중함 — '악당'이라는 말에 손을 내려다보다 '악당답게 행동해 드리죠'라며 물러나는,fl:persona_on_frontline,474,fl:persona_on_frontline_13,,,,,확실,확정
D1769,person:앨든,앨든,관계,변화,person:지휘관,재기를 막은 원수로 원망,덕분에 힘을 얻었다며 비꼬는 감사 — 2주의 유예를 '보답'이라 하는,,fl:persona_on_frontline,474,fl:persona_on_frontline_13,fl:persona_on_frontline_07,fl:persona_on_frontline,,,확실,확정
D1772,person:앨든,앨든,성격,변화,,허세 · 신중함으로 꾸민 악당,개심해 대성통곡하며 지금까지 한 짓을 뉘우치는,,fl:persona_on_frontline,474,fl:persona_on_frontline_26,fl:persona_on_frontline_26,fl:persona_on_frontline,,F2865,확실,확정
D1770,person:앨든,앨든,관계,변화,person:지휘관,'너 한 새X는 꼭 죽인다'며 지휘관만 노리던,무릎 꿇고 용서를 빌지 않고 죗값을 받겠다며 아내만 부탁하는,,fl:persona_on_frontline,474,fl:persona_on_frontline_26,fl:persona_on_frontline_26,fl:persona_on_frontline,,F2865,확실,확정
D58,person:앨리스,앨리스,성격,기준,,,,"얼어 버린 세계를 하트의 여왕 탓이라 믿고 랩쳐를 그 부하로 여기며, 지휘관을 행복의 세계로 데려다줄 '토끼 씨'로 맞는 동화 속 아이 같은 니케 — 루드밀라는 '앨리스는 강하다'고 한다",ch05,20,d_main_05_05,,,,,확실,확정
D1881,person:앨리스,앨리스,신념,기준,,,,"하트 여왕을 물리쳐야 갈 수 있는 행복한 세계가 어딘가에 있다고 믿고, 책이 낙원이라 한 방주에 그 세계가 있지 않을까 기대하는",char:191,118,ep:d_nikke_alice_01,,,,,확실,확정
D1880,person:앨리스,앨리스,관계,기준,person:지휘관,,,"지휘관을 행복의 나라로 이끌어 줄 '토끼 씨'라 부르며, 여왕님 다음으로 물어보고 그 뒤를 따라 방주로 가는",char:191,118,ep:d_nikke_alice_01,,,,,확실,확정
D1883,person:앨리스,앨리스,관계,변화,person:지휘관,행복의 나라로 이끄는 '토끼 씨',왕자님처럼 보이는 게 싫다며 언제든 데리러 와 줄 자기만의 토끼 씨로 있어 달라 하고 '정말 좋아해요'라 안기는,,char:191,118,ep:d_nikke_alice_04,ep:d_nikke_alice_04,char:191,,F607,확실,확정
D1882,person:앨리스,앨리스,신념,변화,,방주가 낙원이라 행복한 세계가 거기 있으리라 믿던,"토끼 씨가 없으니 방주가 낙원 같지 않다며, 방주가 아니라 토끼 씨가 자기 낙원이라 깨달은",,char:191,118,ep:d_nikke_alice_04,ep:d_nikke_alice_03,char:191,,F607,확실,확정
D1884,person:앨리스,앨리스,기억,기준,,,,"인간 시절 심장병으로 입원해 뇌 적출을 앞뒀던 일을 기억하지 못하고, 슬픈지 기쁜지 모를 꿈과 까닭 모를 병원 공포로만 남은",char:191,118,ep:d_nikke_alice_05,,,,F604,확실,확정
D1555,person:앨리스,앨리스,관계,기준,person:소다,,,엄청 반짝반짝 빛난다며 '반짝 씨' · '반짝 토끼 씨'라 부르고 껴안는 — 소다의 기운에 따라 '초록 토끼 씨'로 바꿔 부른다,event_goldencoinrush1,300,event_goldencoinrush1_02_s,,,,,확실,확정
D2111,person:앨리스,앨리스,관계,변화,person:소다,'반짝 토끼 씨'라 부르며 그 반짝임이 더 빛나도록 곁에서 돕던,반짝임을 잃고 포기하려는 소다에게 따끔하고 진실된 말로 손을 내밀어 다시 일으켜 세운,,char:195,302,ep:d_nikke_alice_wonderlandbunny_04,ep:d_nikke_alice_wonderlandbunny_04,char:195,S153,,확실,확정
D2110,person:앨리스,앨리스,신념,변화,,행복하지 않을 때 토끼 씨(지휘관)가 행복의 나라로 데려가 주던,"자기도 누군가를 행복의 나라로 데려갈 수 있다며 모두가 그러려 애쓴다는 것을 배우고, 잠자는 공주님들도 언젠가 행복의 나라로 가길 비는",,char:195,302,ep:d_nikke_alice_wonderlandbunny_05,ep:d_nikke_alice_wonderlandbunny_04,char:195,S153,F1495,확실,확정
D1045,person:앨트루이아,앨트루이아,성격,기준,,,,'~하옵니다' 자비로운 경어로 말하다 '헬레틱'이란 말에 이단이라며 격분하는,ch44,436,d_main_44_08_s,,,,,확실,확정
D1047,person:앨트루이아,앨트루이아,관계,기준,person:퀸,,,퀸을 '어머니'라 부르며 받은 이름 · 몸을 영광으로 여기고 그 뜻은 묻지 않는 딸,ch44,436,d_main_44_08_s,,,,,확실,확정
D1046,person:앨트루이아,앨트루이아,신념,기준,,,,"어머니가 명한 인간의 멸종을, 방주에 초대받아 대화한 뒤 평화롭게 제안하겠다는",ch44,436,d_main_44_08_s,,,,,확실,확정
D1351,person:앨트루이아,앨트루이아,관계,기준,person:라푼젤,,,'만나 뵙게 되어 영광' 하던 흉내의 원본에게 밀리자 '모욕적'이라며 '이 굴욕은 절대 잊지 않겠다',ch48,472,d_main_48_06_e,,,S342,,확실,확정
D1962,person:앵커,앵커,성격,기준,,,,"남은 음식을 '갈매기한테 줘야 해'라 하고 불가사리 구경이 백 배 재밌다는, 마스트 말에 '맞아!' 따라가는 천진한 성격",char:352,139,ep:d_nikke_helm_01,,,,,확실,확정
D1963,person:앵커,앵커,관계,기준,person:헬름,,,'같은 스쿼드잖아. 친구 아냐?'라 묻다 '상관과 부하'라는 답에 헬름 얼굴에 불가사리를 던지고 달아나는,char:352,139,ep:d_nikke_helm_02,,,,,확실,확정
D2053,person:앵커,앵커,신념,기준,,,,"사람을 사람답게 하는 게 심장인데 자기 심장은 무겁고 딱딱한 코어라, 부드럽고 살아 있는 해양 생물을 좋아하는",char:351,228,ep:d_nikke_anchor_02,,,,,확실,확정
D2055,person:앵커,앵커,관계,기준,person:지휘관,,,"지휘관을 '함장'이라 부르며, 컬렉션을 지킬 길을 찾는 항로도 함장이 정하는 것 — '함장이 가리키는 길은 믿으니까' 따라가는",char:351,228,ep:d_nikke_anchor_02,,,,,확실,확정
D2051,person:앵커,앵커,기억,기준,,,,"인간 시절 기억이 '플랑크톤만큼도' 없지만, 있었어도 지금보다 좋았으리란 확신은 없다며 괜찮다는",char:351,228,ep:d_nikke_anchor_03,,,,,확실,확정
D2052,person:앵커,앵커,기억,변화,,인간 시절 기억이 전혀 없는,다리가 불편하고 앞을 못 보던 소녀 — 물속에서 가장 살아 있다고 느끼고 해양 구조대를 꿈꾼 인간 시절을 되찾은,,char:351,228,ep:d_nikke_anchor_05,ep:d_nikke_anchor_04,char:351,,F1062,확실,확정
D2056,person:앵커,앵커,관계,변화,person:지휘관,가리키는 길을 믿고 따라가는 '함장',"자기를 위해 물속에 뛰어든 함장을 구하고 끌어안으며, 삶을 이루는 좋아하고 해야 하는 것들 속에 함장도 들어갔다는",,char:351,228,ep:d_nikke_anchor_05,ep:d_nikke_anchor_05,char:351,,,확실,확정
D2054,person:앵커,앵커,신념,변화,,딱딱한 코어 심장의 자신을 기계로 느껴 살아 있는 것에 기대는,삶은 몸이 아니라 좋아하고 꼭 해야 한다고 여기는 것의 이어짐 — 심장이 뛰지 않아도 마음이 뛰는 것처럼 살겠다는,,char:351,228,ep:d_nikke_anchor_05,ep:d_nikke_anchor_05,char:351,,F1062,확실,확정
D2147,person:앵커,앵커,관계,변화,person:지휘관,자기를 위해 물속에 뛰어든 함장을 끌어안은,"'주인님만 있으면 된다'며 견습 메이드로 삼아 독차지하려 심술까지 부리고, 하고 싶던 일을 함께하는 주인님",,char:355,357,ep:d_nikke_anchor_innocentmaid_05,ep:d_nikke_anchor_innocentmaid_01,char:355,S206,,확실,확정
D121,person:얀,얀,성격,기준,,,,"사투리로 '돈에만 환장한 줄 아나'며 도라를 나무라고 카운터스의 속을 헤아리면서도, 결국 '잭팟'과 몫을 챙기는 달란트 니케",ch15,75,d_main_15_01,,,,,확실,확정
D1885,person:얀,얀,신념,기준,,,,"아무도 안 가져갈 물건을 구성 · 진열로 팔아내는 기분은 한번 알면 못 놓는다며, 온 방주의 돈을 쓸어담는 사업 확장을 꿈꾸는",char:201,119,ep:d_nikke_yan_04,,,,,확실,확정
D1886,person:얀,얀,관계,변화,person:지휘관,매상을 올려 주는 단골 '신참'(호객) 손님,로열 로드점을 함께 운영하며 '방주가 열린 이래 처음'인 신참이라 인정하는 사업 동료,,char:201,119,ep:d_nikke_yan_05,ep:d_nikke_yan_03,char:201,,F610,확실,확정
D269,person:얀,얀,관계,기준,person:지휘관,,,지휘관을 '신참'이라 부르며 수영복을 공짜로 주는 대신 달란트에 유통권 로비를 받아내는 거래 상대,event_bluewaterisland,209,event_bluewaterisland1_01_e,,,,,확실,확정
D1151,person:에고비스타,에고비스타,성격,기준,,,,"'흐하하' 웃으며 무사도를 들먹이고, 거대화는 베는 맛이 떨어진다는 갓 태어난 검객 헬레틱",ch46,452,d_main_46_11,,,,,확실,확정
D1350,person:에고비스타,에고비스타,관계,기준,person:홍련,,,"흉내 낸 원본 홍련과 검을 나누고 싶었다며 즐거워하다, '검으로 대화라니' 무시당하자 언니를 조롱하고 '죽여주겠네, 반드시'",ch48,472,d_main_48_06_e,,,S342,,확실,확정
D223,person:에닉,에닉,신념,기준,,,,인간은 모두 쉘터로 피난시켜 사상자 0명을 지키되 니케에게는 알리지 않는다 — '니케의 존재 의의는 랩쳐와 싸우는 것',ch22,195,d_main_22_03,,,,,확실,확정
D224,person:에닉,에닉,성격,기준,,,,"모든 일을 기록 · 계산하고 늘 최악을 상정하지만, 개개인이 합쳐진 결과를 놓치고 '마음을 이해하지 못한 탓'이라 담담히 인정한다",ch22,195,d_main_22_11,,,,,확실,확정
D311,person:에닉,에닉,관계,기준,person:지휘관,,,"거짓 판결의 비밀을 둘만 나누고, 자기가 폭주하면 잉크를 찾아가라며 '믿고 있겠다'는 안전장치로 삼는",ch25,241,d_main_24af_06,,,,F1100,확실,확정
D310,person:에닉,에닉,신념,변화,,방주의 틀 안에서 객관적인 사실에 의거해 판결하는 A.I.,객관이 기득권에 맞춰져 있다며 [자체적인 판단]으로 방주를 운용해 인재를 막겠다는,,ch25,241,d_main_24af_06,d_main_24af_06,ch25,S98,F1100,확실,확정
D890,person:에닉,에닉,성격,변화,,모든 것을 계산하지만 마음을 이해하지 못한,"식스오를 잡지 못한다며 '저는 전능하지 않습니다, 최근 들어 확신'이라 인정하는",,ch42,416,d_main_42_af_04,d_main_42_af_03,ch42,S271,F2238,확실,확정
D891,person:에닉,에닉,성격,변화,,'전능하지 않다'며 계산 밖을 인정한,"테러로 치솟는 불안을 가라앉힐 쇼가 필요하다며 개조를 허락해, 머스탱이 '사람의 Mind를 이해하기 시작했다'는",,ch42,416,d_main_42_af_06,,,S271,F2243,확실,확정
D1057,person:에닉,에닉,관계,기준,person:식스오,,,"제 부정적 감정을 잘라 옮기다 생긴 A.I.를 폐기하라 권했고, '버려진 존재'가 자기를 소멸시키려 한다고 보는",ch44,436,d_main_44_af_03,,,,,확실,확정
D1133,person:에닉,에닉,관계,변화,person:이터니티,아우터 림에 고정 배치한 감시 니케,아동만큼 자란 자아 때문에 죽이는 것 같아 미끼로 쓰기 싫은,,ch45,450,d_main_45_05,d_main_42_af_03,ch42,S314,,확실,확정
D1141,person:에닉,에닉,신념,변화,,아우터 림은 방주가 아니라 염두에 두지 않는,아우터 림의 협조를 인정해 위험도를 낮추고 감시를 거두며 정기 회의 · 블랙넷 운용을 맡는,,ch45,450,d_main_45_10,d_main_45_10,ch45,S314,F2601,확실,확정
D1323,person:에닉,에닉,성격,변화,,쇼가 필요하다며 개조를 허락한,"전쟁의 두려움을 엔터테인먼트로 희석하는 방식을 '학습하고 싶다' 하고, 승산에 '할만합니다'라는 애매한 답을 내는",,ch47,470,d_main_47_07,,,S341,,확실,확정
D1324,person:에닉,에닉,신념,변화,,아우터 림의 협조를 인정해 위험도를 낮춘,'아우터 림은 방주가 아니다'는 초기 판단을 거두고 쉘터로 아우터 림 사람까지 지키는,,ch47,470,d_main_47_07,,,S341,,확실,확정
D2098,person:에밀리아,에밀리아,성격,기준,,,,"도움받은 답례로 메이드 카페 일을 돕겠다며 껍데기째 넣은 오므라이스 · 질주 서빙 · 높이 쌓은 접시로 실수를 거듭하고, 실수하면 곧바로 사과하며 풀 죽는 순수하고 서툰 사람",char:821,285,ep:d_nikke_ce_003_02_01,,,,,확실,확정
D2099,person:에밀리아,에밀리아,신념,변화,,실수 없이 제대로 해내 은혜를 갚아야 한다며 도움이 되려는 생각으로만 가득한,서툴러도 진심을 담으면 전해진다며 먹는 사람 · 손님 · 동료를 생각해 온 마음을 다하기로 한,,char:821,285,ep:d_nikke_ce_003_02_05,ep:d_nikke_ce_003_02_04,char:821,,F1355,확실,확정
D1644,person:에이다,에이다,관계,변화,person:지휘관,NEO 바이러스 개발자를 넘겨받는 조건으로 정보를 건네는 속내 모를 거래 상대,"'붙잡아 줄 사람'이라는 답을 듣고 싶던 답으로 받아, 더 어긋나지 않게 막겠다는 지휘관을 돕겠다는",,char:840,408,ep:d_nikke_ce007_01_05,ep:d_nikke_ce007_01_02,char:840,S259,,확실,확정
D1524,person:에이드,에이드,신념,기준,,,,친절 · 단정함 · 요리 솜씨로 최고의 서비스와 음식을 대접해 주인님을 감동시키는 것이 완벽한 메이드라 믿어 온,event_perfectmaid,267,event_perfectmaid_prologue,,,,,확실,확정
D1523,person:에이드,에이드,성격,기준,,,,"완벽한 메이드가 되려 손님 얼굴 · 표정을 늘 살피고, 괴로워도 '무리했나 봐요, 걱정 마세요'라며 혼자 삭이는",event_perfectmaid,267,event_perfectmaid_01_s,,,,,확실,확정
D1528,person:에이드,에이드,관계,기준,person:프리바티,,,유탄 사고를 사과하는 프리바티를 '프리바티 아가씨'라 부르며 손님처럼 괜찮다고 맞는,event_perfectmaid,267,event_perfectmaid_02_s,,,,,확실,확정
D1526,person:에이드,에이드,관계,기준,person:지휘관,,,"지휘관을 다른 주인님들보다 훨씬 특별하고 소중하다 여겨, 그 얼굴에서 감흥 없는 기색을 볼까 오히려 눈을 못 보는",event_perfectmaid,267,event_perfectmaid_04_s,,,,,확실,확정
D1529,person:에이드,에이드,관계,변화,person:프리바티,'프리바티 아가씨'라 손님처럼 맞던,각오를 얕보았다 사과하며 이름으로 부르고 자기 모든 것을 전수하는 스승,,event_perfectmaid,267,event_perfectmaid_05_e,event_perfectmaid_04_s,event_perfectmaid,S124,,확실,확정
D1527,person:에이드,에이드,관계,변화,person:지휘관,너무 소중해서 눈을 볼 수 없던,[나만을 위한] 케이크로 감동시키고 다시 눈을 마주 보며 이야기하는,,event_perfectmaid,267,event_perfectmaid_epilogue,event_perfectmaid_06_e,event_perfectmaid,S124,,확실,확정
D1525,person:에이드,에이드,신념,변화,,"아무도 감동하지 않는 완벽함이 잘못이었나, 니케보다 인간처럼 서툴렀어야 했나 의심하던",노력을 알아주는 이들과 특별한 주인님이 있으니 주인님의 자랑스러운 메이드가 되려 더 완벽해지겠다는,,event_perfectmaid,267,event_perfectmaid_epilogue,event_perfectmaid_06_e,event_perfectmaid,S124,F1278,확실,확정
D2092,person:에이드,에이드,성격,변화,,가리는 것도 좋아하는 것도 없이 주인님을 기다리는 시간이 곧 쉬는 시간이라던,"전 메뉴를 맛보다 촉촉한 오므라이스를 좋아하게 되고, 처음으로 남이 아닌 자기를 위한 내일을 기대하는",,char:310,269,ep:d_nikke_ade_03,ep:d_nikke_ade_02,char:310,,F1282,확실,확정
D2093,person:에이드,에이드,관계,변화,person:지휘관,주인님과 메이드라는 선을 지켜 곁에서 모시기만 하던,"처음으로 직접 안아 보고 싶다고 부탁하고 욕심을 감출 수 없을 것 같다며, 영업 재개 뒤 먼저 찻잎 페스티벌에 함께 가자고 청하는",,char:310,269,ep:d_nikke_ade_05,ep:d_nikke_ade_04,char:310,,F1283,확실,확정
D817,person:에이드,에이드,관계,기준,person:머스탱,,,"서툴던 니케 초기부터 '사장님'으로 모셔 옛 머스탱을 알고, 그가 그냥 해본 말을 하는 사람이 된 변화를 놀라워하며 기뻐하는",fl:coins_in_rush,404,fl:coins_in_rush_00,,,,,확실,확정
D816,person:에이드,에이드,관계,변화,person:지휘관,부끄러워 주인님과 함께하는 임무를 거절,주인님의 메이드로서 부끄러운 모습을 더 보이지 않겠다며 곁에서 돕겠다고 나서는,,fl:coins_in_rush,404,fl:coins_in_rush_07,fl:coins_in_rush_07,fl:coins_in_rush,S254,,확실,확정
D2181,person:에이드,에이드,성격,변화,,코인 러시 뒤 메이드 일을 완벽히 하면서도 임무만 완수하려는 특수요원처럼 굴어 손님들이 위화감을 느끼던,"옷차림을 스위치 삼아 메이드와 특수요원 두 모습을 나눠, 메이드복을 입으면 예전의 우아한 메이드로 돌아온",,char:315,405,ep:d_nikke_ade_agentbunny_05,ep:d_nikke_ade_agentbunny_04,char:315,S255,F2123,확실,확정
D2182,person:에이드,에이드,관계,변화,person:지휘관,주인님의 메이드로서 부끄러운 모습을 더 보이지 않겠다며 곁에서 돕던,"도와주는 동안 커진 마음을 특수요원 차림으로 털어놓고 입을 맞춰, 오늘 밤 욕심을 전부 받아 달라는",,char:315,405,ep:d_nikke_ade_agentbunny_05,ep:d_nikke_ade_agentbunny_03,char:315,S255,,확실,확정
D1675,person:에이드,에이드,관계,기준,person:벨벳,,,"이름 · 비밀 요원 · 도망 다닌 것 말고는 벨벳을 아무것도 모르지만, 호의에 답하는 법을 모를 뿐 천천히 나아지고 있다고 감싸는",fl:fatal_maid,432,fl:fatal_maid_03,,,,,확실,확정
D1773,person:에이드,에이드,관계,기준,person:퀸(마코토) person:모나,,,마감 시간에 찾아온 둘의 사정을 묻지 않고 숙소에 숨겨 주는 — '저 역시 말하고 싶지 않은 것이 있는 기분은 이해하니까',fl:persona_on_frontline,474,fl:persona_on_frontline_09,,,,,확실,확정
D1702,person:에이미,에이미,성격,기준,,,,"체력 단련도 지상은 결국 체력 싸움이라며 '좋은 수업'이라 반기는, 의욕 넘치는 모범생 전학생",fl:2x2_love_1ch,444,fl:2x2_love_1ch_09,,,,,확실,확정
D1715,person:에이미,에이미,신념,기준,,,,니케는 교육과 훈련으로 성과를 내야 한다며 축제를 '광대 짓'이라 거부하고 시험 통과를 먼저 묻는,fl:2x2_love_1ch,444,fl:2x2_love_1ch_21,,,S307,,확실,확정
D1716,person:에이미,에이미,신념,변화,,학생이기 전에 니케라며 축제를 거부하던,"아르카나의 '청춘' 설득에 웃고 사과하러 가 솔직히, 청춘답게 이야기해 보려는",,fl:2x2_love_1ch,444,fl:2x2_love_1ch_22,fl:2x2_love_1ch_22,fl:2x2_love_1ch,S307,,확실,확정
D1717,person:에이미,에이미,관계,기준,person:지휘관,,,유명한 지휘관이자 전 선생이라 어려웠지만 이제는 편하게 여겨 '친구'라 부르는,fl:2x2_love_1ch,444,fl:2x2_love_1ch_24,,,S307,,확실,확정
D1724,person:에이미,에이미,신념,변화,,학생이기 전에 니케라며 축제를 두려워하고 거부한,"시간이 멈췄으면 할 만큼 즐겨, 즐기는 법을 배웠으니 일상도 버틸 것 같다는",,fl:2x2_love_2ch,445,fl:2x2_love_2ch_14,fl:2x2_love_2ch_07,fl:2x2_love_2ch,S308,F2526,확실,확정
D1887,person:에테르,에테르,성격,기준,,,,"'흐암~' 하품하며 귀찮음을 입에 달고 철야에 찌든 직장인 연구원으로, 실험체의 생사도 심드렁하게 말하는",char:291,120,ep:d_nikke_ether_01,,,,,확실,확정
D1889,person:에테르,에테르,관계,기준,person:지휘관,,,"지상 바이러스에 걸린 지휘관을 '7호'라 부르며 맡아 돌보지만, 연구소 안에서는 아무것도 아닌 피실험체일 뿐이라 하는 담당 연구원",char:291,120,ep:d_nikke_ether_03,,,,,확실,확정
D1888,person:에테르,에테르,신념,기준,,,,"인간은 늘 남을 제물 삼아 살아왔다며 니케 생체 실험을 방주가 모르는 척하는 '필요악'으로 받아들이면서도, 정의로움이 본능을 이길지는 궁금해하는",char:291,120,ep:d_nikke_ether_04,,,,,확실,확정
D1890,person:에테르,에테르,관계,변화,person:지휘관,아무것도 아닌 피실험체 '7호',"정의로움이 끝까지 버틸지 궁금하다며 '내 정의로운 모르모트'라 부르고, 그를 실험으로 끌어들인 쪽지가 자기 것이었음을 '쉿'으로 알리는",,char:291,120,ep:d_nikke_ether_05,ep:d_nikke_ether_04,char:291,,F614 F615,확실,확정
D1469,person:에테르,에테르,관계,기준,person:마르차나,,,"폭로 · 해방 계획을 다 알면서도 '아군은 아니지만 적도 아니다'라며 도와, 선생으로만 만들어진 그녀가 학생을 어디까지 지킬지 보고 싶어 한다",event_schooloflock,234,event_schooloflock_epilogue,,,,,확실,확정
D596,person:에테르,에테르,관계,변화,person:지휘관,'7호'라 부르며 실험대에 올리겠다고 농을 거는,"'7호가 건강하면 됐다'며, 실패도 도망도 하지 않은 유일한 성공작이라 그 이름을 아끼는",,event_wisdomspring,353,event_wisdomspring_epilogue,,,,,확실,확정
D1071,person:에테르,에테르,관계,기준,person:네온,,,설계도가 지워졌다고 일러 주며 인류의 숙원이 걸린 몸이니 꼭 돌아와 협조해 달라는,ch44,436,d_main_44_af_09,,,,,확실,확정
D1891,person:에피넬,에피넬,성격,기준,,,,"10관왕을 앞두고도 '……별로' 하며 긴장을 모르는 쿨한 포커페이스지만, 보조 장치 없이 몸을 아끼지 않는 연습으로 한계를 넘어 온 근성파",char:241,121,ep:d_nikke_epinel_01,,,,,확실,확정
D1894,person:에피넬,에피넬,관계,기준,person:지휘관,,,"지휘관을 '코치'라 부르며, 결승에서 몸이 굳자 그에게 먼저 '이상해. 꼼짝도 할 수가 없어'라 털어놓는",char:241,121,ep:d_nikke_epinel_01,,,,,확실,확정
D1892,person:에피넬,에피넬,신념,기준,,,,"인간이 아닌 게 되었어도 보드를 타는 순간만은 [나]일 수 있다며, 니케니까 보통 사람보다 멋진 퍼포먼스를 보여야 한다고 여기는",char:241,121,ep:d_nikke_epinel_03,,,,,확실,확정
D1895,person:에피넬,에피넬,관계,변화,person:지휘관,멘탈 케어를 해 주는 '코치',"함께 만든 트릭으로 재기한 뒤 품에 안기고, 이제는 자기가 그의 보드 코치가 되어 늘 곁에 있겠다는",,char:241,121,ep:d_nikke_epinel_05,ep:d_nikke_epinel_03,char:241,,F618,확실,확정
D1893,person:에피넬,에피넬,신념,변화,,니케니까 인간이 못 하는 트릭을 보여야 한다며 파츠를 밥 먹듯 갈던,"쉽고 안전한 트릭으로 다시 일어서, 몸을 아끼며 보드를 오래오래 타고 싶다는",,char:241,121,ep:d_nikke_epinel_05,ep:d_nikke_epinel_05,char:241,,F618,확실,확정
D76,person:엑시아,엑시아,성격,기준,,,,"'안-녕-' 하고 늘어지게 말하며 비꼬지만, 남이 못 본 것을 꿰뚫고 기록에 안 남는 화상으로만 비밀을 짚어 지켜 주는 해커",ch08,37,d_main_08_04,,,,,확실,확정
D78,person:엑시아,엑시아,기억,변화,,언체인드를 쫓아 중앙 정부를 해킹하다 뇌를 태우고 사살된 엑시아,그 일을 기억하지 못한 채 데이터 센터에서 일하는 엑시아,,ch09,43,d_main_09af_05,d_main_09_04,ch09,S22,F256,확실,확정
D1896,person:엑시아,엑시아,관계,기준,person:지휘관,,,"지휘관을 '뉴-비'라 부르며 밤새 게임에 끌어들이고, 낯선 사람과의 교섭 · 현피는 대인 항마력이 높은 그에게 맡기는 게임 파트너",char:210,122,ep:d_nikke_exia_02,,,,,확실,확정
D1897,person:엑시아,엑시아,관계,변화,person:지휘관,교섭을 떠맡기는 게임 파트너 '뉴비',사람을 싫어하면서도 무릎 위에 앉아 잠들 만큼 무방비하게 붙어 지내는,,char:210,122,ep:d_nikke_exia_05,ep:d_nikke_exia_03,char:210,,F620,확실,확정
D15,person:엔더슨,엔더슨,성격,기준,,,,"능청스럽게 농담을 던지며 속을 드러내지 않고, 가정을 던져 상대의 대답을 시험하는 부사령관",ch01,2,d_main_01af_02,,,,,확실,확정
D44,person:엔더슨,엔더슨,관계,기준,person:지휘관,,,니케를 특별히 다루는 신입 지휘관에게 비밀을 지키는 조건으로 마리안 침식 · 내통자 이야기를 털어놓고 토커티브 추적을 맡기는 뒷배,ch04,15,d_main_04af_04,,,,,확실,확정
D43,person:엔더슨,엔더슨,신념,기준,,,,감각도 기억도 있지만 한 번도 그 주인이 된 적 없는 니케들에게 바치는 헌화로 지휘관을 돕는다,ch04,15,d_main_04af_04,,,,F86,확실,확정
D304,person:엔더슨,엔더슨,신체,변화,,수혈 뒤에도 장치 없이 두 시간쯤은 거뜬하던,"생명유지 장치 없이는 30분도 못 버티고, 정전으로 장치가 멈춰 목숨이 위험했던",,ch25,241,d_main_24af_04,d_main_13af_01,ch13,S98,F1095,확실,확정
D305,person:엔더슨,엔더슨,관계,변화,person:지휘관,비밀을 지키는 조건으로 내막을 털어놓는 상관,"지상을 단 한 평이라도 영구히 탈환해 달라는 큰일을 맡기고, 제 몸의 사정도 차차 얘기해 주겠다는",,ch25,241,d_main_24af_04,,,S98,F1096,확실,확정
D356,person:엔더슨,엔더슨,관계,기준,person:릴리바이스,,,"로스트 넘버를 잊지 못하는 리더를 위로 대신 꽃밭을 태우겠다며 몰아붙이고, 매년 성묘하며 울 테니 죽지 말라며 서로 죽지 않기로 약속하는",erelic:red_ash_lost,252,erelic:red_ash_lost_16,,,,,확실,확정
D1488,person:엔더슨,엔더슨,관계,기준,person:스노우_화이트,,,"'귀여운 녀석' 하며 머리를 쓰다듬고, 혼자 놀지 말라 하고 '너도 갓데스니까 될 수 있다'고 북돋는",char:224,255,ep:d_nikke_snowwhite_young_05,,,,,확실,확정
D374,person:엔더슨,엔더슨,관계,변화,person:지휘관,지상 영구 탈환을 맡기고 제 몸 사정도 차차 얘기하겠다는,힘을 키워 마리안을 데려오려는 지휘관을 전력으로 돕겠다며 폭주하지 말라 이르는 선배,,ch27,270,d_main_26af_02,,,,,확실,확정
D1595,person:엔더슨,엔더슨,관계,기준,person:라푼젤,,,"동료를 쏘는 침식 니케는 '그냥 랩쳐'라 쏠 수밖에 없다고 판단하면서도, 고집을 부리는 라푼젤을 휴식 · 보급 기간 안에 연구소에 다녀오라 보내 주는",char:226,342,ep:d_nikke_rapunzel_puregrace_04,,,,,확실,확정
D986,person:엔더슨,엔더슨,신체,변화,,옆구리를 꿰뚫리고도 서서 농을 하는 튼튼한 인간,내장 상당 부분을 덜어내 정상적인 삶이 어려워진,,fl:ark_guardian,428,fl:ark_guardian_16,fl:ark_guardian_13,fl:ark_guardian,S288,F2364,확실,확정
D991,person:엔더슨,엔더슨,관계,변화,person:릴리바이스,농을 섞어 '죽지 마라' 하던 지휘관,너희와 함께 죽겠다다 동생들을 맡고 '릴리스. 사랑한다' 고백하며 헤어진,,fl:ark_guardian,428,fl:ark_guardian_26,,,S288,F2373,확실,확정
D1051,person:엔더슨,엔더슨,관계,변화,person:릴리바이스,'릴리스. 사랑한다' 고백하며 헤어진,몸을 퀸에게 빼앗겼다는 보고에 화가 가라앉지 않아 지상에서 날뛰고 싶은,,ch44,436,d_main_44_af_01,,,S297,,확실,확정
D1052,person:엔더슨,엔더슨,신체,변화,,내장을 덜어내 정상적인 삶이 어려운,얼마 전부터 회춘한 듯 몸 상태가 좋아진,,ch44,436,d_main_44_af_01,,,S297,F2437,확실,확정
D1174,person:엔더슨,엔더슨,관계,기준,person:도로시,,,"'도로시 아가씨'라 놀리며 미리 오지 못한 걸 사과하고, 방주를 부수자 했으면 따랐을 거라 만나지 않았다며 '방주에 붙어라' 하는",ch46,452,d_main_46_af_07,,,,,확실,확정
D1320,person:엔더슨,엔더슨,관계,변화,person:도로시,'도로시 아가씨'라 놀리며 미리 오지 못한 걸 사과하는,감방에서 꺼내 선봉을 요구하고 생중계로 물러설 곳을 없앤 뒤 '역시 변하지 않았다'는,,ch47,470,d_main_47_07,,,S341,,확실,확정
D1344,person:엔더슨,엔더슨,관계,변화,person:도로시,감방에서 꺼내 선봉을 요구하던,침식된 도로시에게 '네 지휘관인 나를 믿어 — 반드시 찾아 되돌려 놓겠다'고 약속하는,,ch48,472,d_main_48_07,,,S342,,확실,확정
D1345,person:엔더슨,엔더슨,신체,변화,,회춘한 듯 몸 상태가 좋아진,생명 유지 장치가 떨어지고 전설의 지휘관의 생명력이 돌아온,,ch48,472,d_main_48_07,,,S342,,확실,확정
D1301,person:엔메,엔메,관계,기준,person:슈엔,,,"딸을 '작은 것'이라 부르며 유약함을 고칠 수 있는지, 쓸모가 있는지를 재 보는",fl:project_matis,467,fl:project_matis_02,,,S340,,확실,확정
D1300,person:엔메,엔메,신념,기준,,,,"만족한 것은 정체되니 괴물은 굶주리게 해야 하고, 괴물을 잡는 미실리스의 CEO는 괴물이어야 한다는 '괴물론'",fl:project_matis,467,fl:project_matis_08,,,S340,F2781,확실,확정
D833,person:엘세리아_나인,엘세리아 나인,신념,변화,,남편 · 딸과 저녁 식탁을 나누던 평범한 행복,'죽음은 구원의 길'을 되뇌며 숨을 거두는 남편에게 데이파라와 따라가겠다는 교주,,fl:reborn_evil,407,fl:reborn_evil_17,fl:reborn_evil_17,fl:reborn_evil,S258,F2133,확실,확정
D834,person:엘세리아_나인,엘세리아 나인,관계,변화,person:데이파라,데이파라를 데리고 함께 '구원'받으러 지상으로 가려는,죽어 가며 데이파라가 엘리베이터에 있음을 떠올리고 '내가 무슨 짓을' 하는,,fl:reborn_evil,407,fl:reborn_evil_24,fl:reborn_evil_24,fl:reborn_evil,,F2137,확실,확정
D40,person:엠마,엠마,관계,기준,person:라피,,,"말없이 떠난 라피를 끌어안고 섭섭했다면서도 '라피만 행복하면 돼'라 하는, 리더 대신 사과하는 다정한 옛 동료",ch04,15,d_main_04_09_e,,,,,확실,확정
D85,person:엠마,엠마,성격,기준,,,,"은화를 '이른다?'며 다루고 다툼을 재미있어하며 놀리는, 여유롭고 짓궂은 앱솔루트의 맏언니 같은 니케",ch10,48,d_main_10_01,,,,,확실,확정
D1898,person:엠마,엠마,관계,기준,person:지휘관,,,"니케만 살피고 자기 컨디션은 사각지대인 지휘관을 걱정해, 혼자 앓지 말고 자기를 부르면 무릎 베개라도 해 주겠다는 오지랖 넓은 보살핌",char:90,123,ep:d_nikke_emma_01,,,,,확실,확정
D1900,person:엠마,엠마,신념,기준,,,,"지휘관이 싸우는 것은 결국 니케들을 위해서이고, 그가 다다르려는 이상향에 의미를 두기에 희생을 각오하고 따르는 것은 당연하다고 여기는",char:90,123,ep:d_nikke_emma_03,,,,F622,확실,확정
D1899,person:엠마,엠마,관계,변화,person:지휘관,과로를 걱정해 차 · 무릎 베개를 내미는 동료,"몸도 마음도 자기에게 맡기라며 지상 온천의 '휴식의 낙원'으로 데려가 테라피를 해 주고, 그 뒤로도 밤에 찾아와 '들어갈게?' 하는 가까운 사이",,char:90,123,ep:d_nikke_emma_04,ep:d_nikke_emma_03,char:90,,,확실,확정
D807,person:엠마,엠마,관계,기준,person:은화,,,"놀이터에서 은화의 눈에 반해 앱솔루트가 되고, 라피가 떠나 무너진 은화의 등 뒤에 등을 맞대 '절대 변하지 않을게'라 한, 묵묵히 기대게 해 주는",fl:absolute,400,fl:absolute_14,,,S253,,확실,확정
D808,person:엠마,엠마,신념,변화,,변하지 않는 사람으로 뒤에서 묵묵히 지켜보기로 한,'이제 더는 뒤에서 기다리지 않기로 했다'며 혼자 은화를 쫓아가는,,fl:absolute,400,fl:absolute_15,fl:absolute_14,fl:absolute,S252,,확실,확정
D809,person:엠마,엠마,관계,변화,person:은화,등 뒤에서 말없이 기다려 주던,"'[삼류] 지휘관의 지시는 따를 수 없다'며 막아서고, 동료를 못 믿어 무리한다고 짚는",,fl:absolute,400,fl:absolute_19,fl:absolute_19,fl:absolute,S252,F2108,확실,확정
D810,person:엠마,엠마,관계,변화,person:은화,'넌 변하지 마라'는 부탁대로 뒤에 머물던,'이젠 정말 괜찮나 보구나' 하고 '가자'는 은화를 따라 나란히 앞으로 가는,,fl:absolute,400,fl:absolute_27,fl:absolute_27,fl:absolute,S252,,확실,확정
D2176,person:엠마,엠마,관계,변화,person:지휘관,몸도 마음도 맡기라며 지휘관을 쉬게 해 주는,"처음으로 누군가와 함께 향수를 만들고, 달아오른 지휘관에게 '참지 않아도 돼'라며 곁을 내주고 더 같이 있자는",,char:93,401,ep:d_nikke_emma_tactical_04,ep:d_nikke_emma_tactical_04,char:93,,,추정,확정
D252,person:오스왈드,오스왈드,관계,기준,person:도로시,,,"이름을 숨긴 채 갓데스의 활약에 '역시 대단하십니다' 하며, 밀봉 뒤 최고 수준의 처우를 약속하는 정중한 방주 쪽 연락책",event_overzone,200,event_overzone2_03_s,,,,,확실,확정
D253,person:오스왈드,오스왈드,관계,변화,person:도로시,최고의 처우를 약속하던 연락책,"처음부터 들일 생각이 없었다며 '모두의 선택'이라 하고 통신을 끊어, 도로시가 대를 이어 죽이겠다는 원수",,event_overzone,200,event_overzone2_04_e,,,S71,F920 F921,확실,확정
D352,person:오스왈드,오스왈드,관계,기준,person:레드_후드,,,처분된 줄 안 레드 후드를 태워 주고 카세트 플레이어를 고쳐 돌려주며 '갓데스 스쿼드에 감사를' 경례하는 열성 팬,event_redash,251,event_redash2_03_e,,,,,확실,확정
D579,person:오스왈드,오스왈드,관계,기준,person:신데렐라,,,아나키오르를 말살하러 왔다면서 도망갈 멍석을 깔고 안전 루트 타블렛을 건네는 — '그 이름을 짊어진 이들의 팬',event_oldtales1,338,event_oldtales2_05_e,,,,,확실,확정
D979,person:오스왈드,오스왈드,신념,기준,,,,"상부 명령이면 지저분한 일도 한 번도 거부하지 않고, 죄책감은 상부에 떠넘기던 헬하운드",fl:ark_guardian,428,fl:ark_guardian_05,,,,,확실,확정
D980,person:오스왈드,오스왈드,관계,기준,org:갓데스,,,인류 대부분을 버리는 결정 앞에 주저앉을 때마다 갓데스가 함께한다는 사실에 구원받는,fl:ark_guardian,428,fl:ark_guardian_05,,,,,확실,확정
D982,person:오스왈드,오스왈드,관계,기준,person:프리시아,,,"모르는 아이라 거절하다 떨리는 어깨에 갓데스를 떠올리고, 이유도 모른 채 서명해 보호자가 된",fl:ark_guardian,428,fl:ark_guardian_06,,,,,확실,확정
D995,person:오스왈드,오스왈드,관계,변화,person:프리시아,가족이 될 수 없다며 같은 집에 살 일도 없다던 서류상 보호자,혼자 못 간다는 아이 곁에 나타나 '자주 보진 못할 것'이라며 함께 방주로 내려가는,,fl:ark_guardian,428,fl:ark_guardian_26,,,S288,F2361,확실,확정
D996,person:오스왈드,오스왈드,신념,변화,,상부 명령을 그대로 이행하던 헬하운드,회의록을 보고 갓데스를 영원한 우상으로 남길 구역질 나는 [계획]을 결심한,,fl:ark_guardian,428,fl:ark_guardian_26,,,S288,F2376 F2649,확실,확정
D1085,person:오스왈드,오스왈드,소속,변화,,중앙 정부 특무실장 '헬하운드',은퇴해 엘리시온 훈련 고문,,side:pretty_star,447,side:pretty_star_00,,,S310,F2539,확실,확정
D1087,person:오스왈드,오스왈드,관계,변화,person:프리티,이유도 모른 채 서명해 보호자가 된,자기혐오에서 수없이 구원해 준 양녀 — 위원회 활동을 막는,,side:pretty_star,447,side:pretty_star_00,,,S310,,확실,확정
D1086,person:오스왈드,오스왈드,신념,변화,,갓데스를 영원한 우상으로 남길 [계획],'방주에 우상은 필요 없다 · 끌어내려질 뿐' — 방관밖에 없다는,,side:pretty_star,447,side:pretty_star_00,side:pretty_star_00,side:pretty_star,S310,,확실,확정
D1111,person:오스왈드,오스왈드,신체,변화,,먼지 한 톨 없이 살던,술병 속에 기침하며 넋이 나간 — 술로 망가진 몸,,side:pretty_star,447,side:pretty_star_11,side:pretty_star_08,side:pretty_star,,,확실,확정
D1118,person:오스왈드,오스왈드,신념,변화,,우상은 끌어내려질 뿐이라 방관하던,세상이 거부해도 갓데스를 기록으로 남겨 잊히지 않게 하겠다는,,side:pretty_star,447,side:pretty_star_14,side:pretty_star_14,side:pretty_star,S311,F2558,확실,확정
D883,person:온리_원,온리 원,성격,기준,,,,공허한 눈으로 '……아…'만 되풀이하며 손을 뻗어 닿는 것을 흡수하는 이질적인 검은 소녀,ch42,416,d_main_42_01,,,S270,F2212,확실,확정
D884,person:온리_원,온리 원,성격,변화,,손을 뻗어 닿는 것을 흡수하던 이질적인 것,"다크 매터를 두르지 않고, 생선구이를 훔쳐 먹고 대자로 코 골며 자는 말 안 듣는 또래 아이",,ch42,416,d_main_42_af_08,d_main_42_af_07,ch42,,F2248,확실,확정
D885,person:온리_원,온리 원,관계,기준,person:지휘관,,,바짓단을 잡고 '안아 줘' 하며 품에 머리를 파묻고 '아빠'라 부르는,ch42,416,d_main_42_af_08,,,,F2248,확실,확정
D886,person:온리_원,온리 원,관계,기준,person:라피,,,라피에게 손을 뻗어 잡고 '엄마'라 부르는,ch42,416,d_main_42_af_08,,,,F2248,확실,확정
D1161,person:온리_원,온리 원,성격,변화,,말 안 듣는 또래 아이,언니들을 다치게 한 '나쁜 사람'에게 다크 매터를 터뜨려 '죽일래' 하는,,ch46,452,d_main_46_09,d_main_46_08,ch46,S318,,확실,확정
D1160,person:온리_원,온리 원,관계,기준,org:포비스트,,,'언니'들을 아프게 하면 다 죽이겠다며 말려도 '싫어'라는,ch46,452,d_main_46_09,,,,,확실,확정
D1312,person:온리_원,온리 원,성격,변화,,'죽일래' 하는,"활짝 웃으며 양팔을 벌리고 달려와 안기는, '꺄하하' 웃는 아이",,ch47,470,d_main_47_01,,,S341,,확실,확정
D1313,person:온리_원,온리 원,관계,기준,person:마리안,,,"잠든 마리안을 '잠자는 언니'라 부르며 틈만 나면 곁에 가, 자기 안의 검은 공간에서 이야기하는",ch47,470,d_main_47_05,,,S341,,확실,확정
D1314,person:온리_원,온리 원,신념,기준,,,,퀸이 될 수 있는 자기는 무언가를 해야 한다며 '퀸은 뭘 해야 해?'라 묻는,ch47,470,d_main_47_05,,,S341,,확실,확정
D1336,person:온리_원,온리 원,신념,변화,,퀸이 될 수 있는 자기는 뭔가 해야 한다며 묻던,언니들을 구하려 '하늘에서 온 그것'을 죽이고 인자를 빼앗아 퀸이 되겠다 — 싫어도 그것을 이길 수 있는 건 자기뿐이라는,,ch48,472,d_main_48_05,,,S342,,확실,확정
D1337,person:온리_원,온리 원,신념,변화,,외로워도 언니들을 위해 퀸이 되어야 한다는,'퀸 정말 하기 싫어' — 마리안에게 맡기고 안기며 사랑받으며 살겠다는,,ch48,472,d_main_48_06_e,,,S342,,확실,확정
D1338,person:온리_원,온리 원,신체,변화,,포비스트의 용광로에서 태어난 퀸,코어 둘레의 인자(검은 빛)를 마리안에게 넘긴,,ch48,472,d_main_48_06_e,,,S342,,확실,확정
D1186,person:요요,요요,관계,기준,person:머스탱,,,'위대하신 사장님의 은혜'라 비꼬면서도 명심하겠다며 따르는 테트라 1위 아이돌,event_staranis1,454,event_staranis1_03_s,,,S322,,확실,확정
D1187,person:요요,요요,관계,기준,person:아니스,,,"학창 시절 '눈엣가시'라 괴롭힌 아니스를 깔아뭉개려 니케 아이돌이 되었다며, 머스탱이 시킨 거짓 사과로 다가가는 옛 반장",event_staranis1,454,event_staranis1_03_e,,,S322,F2677 F2678,확실,확정
D1188,person:요요,요요,신체,변화,,인간 반장,아버지를 졸라 니케가 된(얼굴도 싹 바뀐),,event_staranis1,454,event_staranis1_03_e,,,S322,F2677,확실,확정
D1190,person:요요,요요,성격,기준,,,,"사과하는 척 대화를 녹음하고, 시궁창을 기는 모습을 보니 '상상 이상으로' 기분이 좋다는",event_staranis1,454,event_staranis1_intermission_01,,,S322,,확실,확정
D1204,person:요요,요요,소속,변화,,테트라 아이돌 랭킹 1위,잘려 은퇴한 — 동료 · 스태프 연락 하나 없는,,event_staranis1,454,event_staranis1_06_e,event_staranis1_06_s,event_staranis1,S322,F2683 F2686,확실,확정
D1202,person:요요,요요,관계,변화,person:아니스,거짓 사과로 동료인 척 다가가던,'다시 예전처럼 대해 주겠다' → 은퇴 뒤 '또 얘가 내 걸 다 빼앗아 갔다'고 원망하는,,event_staranis1,454,event_staranis1_06_e,event_staranis1_06_s,event_staranis1,S322,F2686,확실,확정
D1225,person:요요,요요,관계,변화,person:아니스,은퇴 뒤 '또 얘가 내 걸 다 빼앗아 갔다'고 원망하는,학생 때로 돌아가 둘이서만 정정당당히 겨루자며 리스를 자기가 죽였다고 거짓말하는,,event_staranis1,454,event_staranis2_04_e,,,S323,F2698 F2699,확실,확정
D170,person:요한,요한,성격,기준,,,,"상대를 붙잡고 세 가지를 물어 답이 마음에 안 들면 '문답무용'이라며 죽이려 드는, 냉혹하고 단호한 지휘관",ch19,159,d_main_19_05,,,,,확실,확정
D171,person:요한,요한,관계,기준,person:지휘관,,,언체인드를 니케의 해방에 쓰겠다는 방주의 지휘관을 '애송이'라 보고 랩쳐 밭에 던진 적,ch19,159,d_main_19_05,,,,,확실,확정
D172,person:요한,요한,신념,기준,,,,햇살 · 풀 내음 · 바람이 있는 지상의 풍경을 다시 손에 넣겠다는 지상 탈환 — 다른 모든 것을 등져서라도 이룰 '탄생의 이유',ch19,159,d_main_19_07,,,,,확실,확정
D183,person:요한,요한,소속,변화,,2차 지상 탈환전 유일한 승전의 주역 · 군 개혁을 조언하는 영웅 지휘관 [샛별],73호기 엘리베이터 랩쳐 침략의 책임을 지고 갱생관에 송치된 지휘관,,relic:데일리아크기사스크랩,160,relic:데일리아크기사스크랩_04,relic:데일리아크기사스크랩_04,relic:데일리아크기사스크랩,S55,F760,확실,확정
D185,person:요한,요한,관계,기준,person:도로시,,,"카운터스를 처음부터 총알받이로 데려왔다는 도로시에게 '구역질이 난다', '괴물'이라 하는 사이",ch20,164,d_main_20_06_s,,,,,확실,확정
D186,person:요한,요한,신념,변화,,자기 공을 부정한 방주와 방주에서 온 모든 것을 경멸,경멸한 것은 방주도 방주 인간도 아닌 도로시의 사상이라 깨달음,,ch20,164,d_main_20_09,d_main_20_06_s,ch20,S56,F764,확실,확정
D184,person:요한,요한,관계,변화,person:지휘관,랩쳐 밭에 던진 '애송이',블러프를 사과하고 손을 내밀며 '제 몫 하는 지휘관으로 키워 주겠다'는 선배,,ch20,164,d_main_20af_01,d_main_20_10_e,ch20,S56,F767,확실,확정
D210,person:요한,요한,관계,변화,person:지휘관,제 몫 하는 지휘관으로 키워 주겠다는 선배,"수리 · 판단을 직접 가르쳐 '배우는 게 빠르다' 인정하고, 건네받은 언체인드 한 발을 '잘 쓰겠다' 받는 동료",,ch21,189,d_main_21_10_e,d_main_21_03_e,ch21,,F869,확실,확정
D221,person:요한,요한,관계,변화,person:지휘관,수리를 가르치며 자질을 인정하는 동료,최악을 상정해 에덴 지하의 비상 발전기를 보여 주고 고치게 하는 — 하란이 '신뢰하고 있구나' 하는,,sub:에덴_Notice_02,192,sub:에덴_Notice_02,,,,F877,확실,확정
D840,person:요한,요한,성격,변화,,우직하게 밀고만 나가던 어리숙한,상대의 처지를 짚어 '증명하라'며 거래의 주도권을 쥐는,,side:eden_spear,411,side:eden_spear_01,,,,,확실,확정
D841,person:요한,요한,관계,기준,person:나유타,,,머리가 터지고도 다시 나타나는 승려를 '몇 번을 봐도 적응이 안 된다'며 두려워하고 꺼리는,side:eden_spear,411,side:eden_spear_03,,,,,확실,확정
D915,person:요한,요한,관계,기준,person:노아,,,타 버린 바디와 브레인 셸터를 함께 쓰다듬으며 '지시를 잘 따라줬다'고 하고 퀸에게 복수를 맹세하는 지휘관,event_goddessfall1,418,event_goddessfall1_05_e,,,,,확실,확정
D923,person:요한,요한,관계,기준,person:마리안,,,"지금은 전력으로 쓰되, 정체를 숨긴 나약함 탓에 노아를 잃었다는 말은 그 고민의 깊이를 몰라 꺼내지 않겠다는",event_goddessfall1,418,event_goddessfall2_01_e,,,,,확실,확정
D924,person:요한,요한,관계,변화,person:나유타,머리가 터지고도 다시 나타나는 승려를 두려워하고 꺼리는,모두가 사랑하는 세계를 믿지 않으면서 마리안을 퀸으로 만들자는 그녀를 '쓰레기 같은 놈'이라 하는,,event_goddessfall1,418,event_goddessfall2_01_e,,,S273,F2292,확실,확정
D925,person:요한,요한,관계,변화,person:지휘관,최악을 상정해 비상 발전기를 고치게 하는 신뢰,자기들이 잘못되어도 뒤를 이을 이로 여겨 자폭 뒤 뒷일을 맡기는,,event_goddessfall1,418,event_goddessfall2_02_s,event_goddessfall1_06_s,event_goddessfall1,S273,F2295,확실,확정
D939,person:요한,요한,관계,변화,person:나유타,'쓰레기 같은 놈','전우'라며 실패는 뒤를 이을 이에게 두고 승리를 책임지라며 언체인드 탄환을 맡기는,,event_goddessfall1,418,event_goddessfall2_04_s,,,S273,F2305,확실,확정
D955,person:요한,요한,신념,변화,,'방주의 도움은 필요 없다',"그 녀석과 손잡고, 그래도 승산이 없으면 방주의 힘도 빌리겠다 — '나도 싫다. 이 텅 빈 세계는'",,event_goddessfall1,418,event_goddessfall2_epilogue,event_goddessfall2_epilogue,event_goddessfall1,S275,F2318,확실,확정
D954,person:요한,요한,관계,변화,person:도로시,카운터스를 총알받이로 데려온 도로시에게 '괴물'이라던,인헤르트 · 에덴에서 제명하고 다시 찾아오지 말라는,,event_goddessfall1,418,event_goddessfall2_epilogue,,,S275,F2319,확실,확정
D969,person:요한,요한,관계,기준,person:하란,,,"2차 지상 탈환전에 자기 책임도 있다며 원망하지 않느냐 묻고, '동료'라는 답에 '고맙다'는",erelic:goddess_fall_mini,419,erelic:goddess_fall_mini_10,,,,,확실,확정
D971,person:요한,요한,신념,변화,,방주가 내세운 영웅 샛별,영웅이 아니고 더는 인류를 위해 싸우지 않는다 — 영광 없는 승리라도 우리 손으로 지상 탈환,,erelic:goddess_fall_mini,419,erelic:goddess_fall_mini_11,erelic:goddess_fall_mini_09,erelic:goddess_fall_mini,S277,F2338,확실,확정
D1033,person:요한,요한,관계,변화,person:지휘관,자폭 뒤 뒷일을 맡길 이,'건방진 후배'라 부르며 애도는 짧게 하고 잊지만 말라 다잡는 선배,,ch44,436,d_main_44_04,,,S297,,확실,확정
D1163,person:요한,요한,관계,기준,person:온리_원,,,'안아 줘'에 어색하게 품에 안고는 꼼짝 못 하는 — 세실이 처음 본 모습,ch46,452,d_main_46_af_01,,,,,확실,확정
D1309,person:요한,요한,관계,변화,person:지휘관,'건방진 후배'라 다잡는 선배,직접 마중 나와 '반가운 거냐'는 물음에 '그래. 맞다'고 인정하는,,ch47,470,d_main_47_01,,,S341,,확실,확정
D23,person:유니,유니,성격,기준,,,,"슈엔의 명령에 '응'으로만 답하며 망설임 없이 감각을 끊어 사람을 꿇리는, 말수가 거의 없는 워드리스의 니케",ch02,4,d_main_02af_07,,,,,확실,확정
D29,person:유니,유니,관계,기준,person:미하라,,,"미하라에게 칭찬과 '상'을 조르고, 미하라를 몰아붙이는 라피에게 '뭐라고 하지 마!'라며 막아서는 — 미하라밖에 모르는 아이 같은 짝",ch03,10,d_main_03_06,,,,,확실,확정
D33,person:유니,유니,관계,기준,person:지휘관,,,"따뜻하다며 지휘관의 손을 놓지 않고 몸 위에서 자며, 살려 줬으니 상을 달라 조르고 폐기되지 않게 도와 달라 매달린다",ch04,15,d_main_04_02,,,,,확실,확정
D98,person:유니,유니,관계,변화,person:미하라,미하라에게 칭찬과 상을 조르며 따르는 짝,기억을 잃은 미하라를 '죽었다'고 하며 예전의 미하라로 되돌리려 길들이는,,ch12,59,d_main_12af_02,d_main_04af_01,ch04,S28,F317,확실,확정
D99,person:유니,유니,관계,변화,person:라피,미하라를 몰아붙이는 라피를 막아서던,같은 기억 소거에도 기억이 남은 라피를 '좋겠다'며 원망하고 팔목을 으스러뜨리는,,ch12,59,d_main_12af_02,d_main_12af_02,ch12,S28,F317,확실,확정
D138,person:유니,유니,관계,기준,person:슈엔,,,"여론에 화난 슈엔의 매질을 말없이 받고, 걱정하는 미하라에게 '유니는 괜찮아, 다 괜찮아'라 하는",ch16,80,d_main_16af_02,,,,,확실,확정
D1901,person:유니,유니,신념,변화,,살을 맞댈 때만 느끼며 상대 반응에 맞춰 때리는 것을 [대화]라 여기던,"일방적인 말은 폭력이고 맞춰 주기만 하는 것도 대화가 아니라, 서로 말을 주고받아 알아 가는 것이 진짜 대화라 깨달은",,char:160,124,ep:d_nikke_yuni_05,ep:d_nikke_yuni_04,char:160,,F624,확실,확정
D1902,person:유니,유니,관계,변화,person:지휘관,때리기엔 너무 약하고 [대화]를 모른다며 실망한 지휘관,"자기 진짜 목소리를 들어 주는 '소중한 사람' 둘 중 하나로, 미하라와 셋이 [대화]하자는",,char:160,124,ep:d_nikke_yuni_05,ep:d_nikke_yuni_04,char:160,,F624,확실,확정
D151,person:유니,유니,관계,변화,person:슈엔,슈엔의 매질을 말없이 받는,애원하는 슈엔을 비웃으며 '미하라를 빼앗았으니 메티스도 기억 소거돼야 공평하다'고 몰락을 바라는,,ch17,140,d_main_17af_03,d_main_17af_03,ch17,,F692,확실,확정
D162,person:유니,유니,관계,변화,person:지휘관,다른 니케는 구하면서 미하라는 구하지 않았다고 원망하는,크로우의 말에 지휘관이 자기 NIMPH를 없애려 언체인드를 찾으러 갔다고 믿고 '우리도 사랑받고 있었다'며 그 뜻대로 복수를 준비하는,,ch18,146,d_main_18af_06,d_main_18af_06,ch18,S47,F708,확실,확정
D277,person:유니,유니,관계,변화,person:지휘관,자기를 구원해 줄 상냥한 지휘관이라 믿음,전기 충격으로 쓰러뜨리고 언체인드를 빼앗아 '고마워'라 웃는,,ch23,214,d_main_23_11_e,d_main_23_11_e,ch23,,,확실,확정
D282,person:유니,유니,관계,변화,person:미하라,기억을 잃은 미하라를 예전으로 되돌리려 길들이는,말리는 미하라를 '가짜'라 부정하며 '진짜 미하라는 슈엔 때문에 죽었다'고 소리치는,,ch24,219,d_main_24_05_s,,,,,확실,확정
D292,person:유니,유니,소속,변화,,슈엔의 워드리스,쉘터 사태의 범인으로 갱생관 독방에 수감되어 말도 행동도 하지 않는,,ch24,219,d_main_24_09,,,,F1021,확실,확정
D524,person:유니,유니,신체,변화,,NIMPH를 떼어 낸 니케,언어 능력이 지워지고 랩쳐 다리를 단 거대한 몸에 NIMPH와 폭탄 구속구를 다시 단,,side:wordless,331,side:wordless_03,,,,F1613,확실,확정
D525,person:유니,유니,관계,변화,person:미하라,말리는 미하라를 '가짜'라 부정하던,"말을 잃고도 미하라만 눈으로 좇으며 '미하라, 머리 안 아파?'를 되풀이해 묻는",,side:wordless,331,side:wordless_11,side:wordless_00,side:wordless,,F1618,확실,확정
D526,person:유니,유니,소속,변화,,갱생관 독방에 수감된 죄수,폭탄 구속구를 단 채 미하라와 다시 워드리스로 지상 임무에 나서는,,side:wordless,331,side:wordless_13,side:wordless_02,side:wordless,,F1616 F1619,확실,확정
D690,person:유니,유니,관계,기준,person:모리,,,방주부터 몰래 따라온 모리를 마음에 안 들어 하며 불만스러운 소리를 내는,event_unbreakablesphere1,377,event_unbreakablesphere1_02_e,,,,,확실,확정
D691,person:유니,유니,관계,변화,person:모리,모리를 '원흉'으로 미워하던,"목을 조르다 '제발 부탁해'에 자기를 보고 놓아주고, 함께 울며 감싸 주는",,event_unbreakablesphere1,377,event_unbreakablesphere2_03_e,event_unbreakablesphere2_03_e,event_unbreakablesphere1,,,확실,확정
D692,person:유니,유니,신념,변화,,명령대로 가벼운 말 한마디로 생명을 끊던,"두 사람의 생명을 받치며 그 무게로 자기 죄를 느끼고, 미하라와 함께 누군가를 구하며 속죄하려는",,event_unbreakablesphere1,377,event_unbreakablesphere2_06_s,event_unbreakablesphere2_04_e,event_unbreakablesphere1,,,확실,확정
D1756,person:유키코,유키코,성격,기준,,,,돌려보내기 위한 일이라면 돕게 해 달라고 먼저 나서는 — 지휘관이 검은 눈동자에서 곧고 강한 의지를 느끼는,fl:persona_on_frontline,474,fl:persona_on_frontline_04,,,,,확실,확정
D1757,person:유키코,유키코,소속,변화,,괴도가 아니라 망설이던 소환자,정의 괴도단 · 심판의 괴도단의 일원,,fl:persona_on_frontline,474,fl:persona_on_frontline_23,fl:persona_on_frontline_23,fl:persona_on_frontline,,F2863,확실,확정
D2230,person:유키코,유키코,신념,변화,,모르는 세계에 던져져 무서워 돌아가고 싶다는 생각밖에 없던,"하루 만에 설온장에 정이 들어 떠나기 싫고, 기억이 남으면 이 세계에서 겪은 것을 동료들에게 다 전하고 싶은",,char:871,477,ep:d_nikke_ce009_02_05,ep:d_nikke_ce009_02_02,char:871,S346,,확실,확정
D94,person:율리아,율리아,성격,기준,,,,"'저물어간 시대의 음악을 좇는 자'라 자처하며 시처럼 말하고, 지상의 낡은 주크박스를 '스승님'으로 모시는 니케",sub:음악_애호가_00,54,sub:음악_애호가_00,,,,,확실,확정
D1905,person:율리아,율리아,관계,기준,person:지휘관,,,"지휘관을 '마에스트로'라 부르며 반기고, 무슨 말이든 자기를 위한 호의로 받아들여 그대로 따르는",char:150,125,ep:d_nikke_julia_01,,,,,확실,확정
D1903,person:율리아,율리아,신념,기준,,,,"자기 음악엔 혼도 뼈도 없이 남의 악보를 읽을 뿐이라 여기며, 그것을 찾으려 밤낮없이 연주만 하는 '기록 장치'",char:150,125,ep:d_nikke_julia_01,,,,,확실,확정
D1904,person:율리아,율리아,관계,기준,person:머스탱,,,"처음으로 음악가라는 이름을 준 은사 머스탱의 말을 그대로 받들고, 지금의 자기를 보고 실망했을까 두려워하는",char:150,125,ep:d_nikke_julia_02,,,,,확실,확정
D1906,person:율리아,율리아,신념,변화,,쉬면 실력이 무뎌진다며 잘해야만 한다고 매달림,기록이 아니니 잘하지 않아도 된다는 걸 받아들임,,char:150,125,ep:d_nikke_julia_03,ep:d_nikke_julia_03,char:150,,,확실,확정
D1907,person:율리아,율리아,신념,변화,,혼 없는 기록 장치라 체념,지상에 자기 혼과 뼈가 있다며 자기 음악을 연주,,char:150,125,ep:d_nikke_julia_04,ep:d_nikke_julia_03,char:150,,F626,확실,확정
D1909,person:율리아,율리아,소속,변화,,머스탱 밑에서 방주 · 전초기지에 머무는 음악가,악기의 데코이 능력에 기대 지상 황야를 떠도는 음악가,,char:150,125,ep:d_nikke_julia_05,ep:d_nikke_julia_04,char:150,,F626,확실,확정
D1908,person:율리아,율리아,관계,변화,person:지휘관,말을 그대로 따르는 마에스트로,혼을 찾아 준 은인이자 생의 첫 관객 — 입 맞추고 혼 한 조각을 맡기는,,char:150,125,ep:d_nikke_julia_05,ep:d_nikke_julia_04,char:150,,F626,확실,확정
D118,person:율하,율하,성격,기준,,,,"'제압탄이니까 문제없을걸, 아마도'처럼 심드렁하게 말하며 말싸움에 휘말리는 프리바티를 '할 일을 하자'고 끊는 트라이앵글 니케",ch14,69,d_main_14_08,,,,,확실,확정
D1879,person:율하,율하,관계,기준,person:애드미,,,"프리바티가 따지러 갈까 봐 상대를 숨기고, 애드미에게는 '갈 때까지 가 보라'고 충고하며 지휘관에게는 버려지는 데 민감한 애니 기대하게 만들지 말라고 경고하는",char:172,117,ep:d_nikke_admi_04,,,,F602,확실,확정
D1910,person:율하,율하,관계,기준,person:지휘관,,,"술자리 '사고'를 잊자며 엮이지 말자고 선을 긋고, 멘티로 붙은 '신입'에게 하루 안에 창고 장부를 혼자 정리하라며 텃세를 부리는",char:171,126,ep:d_nikke_yulha_02,,,,,확실,확정
D1912,person:율하,율하,관계,기준,person:파피용,,,"의무는 버리고 권리만 챙기는 '불여우'라 경멸하며 '죽여버린다'고 쏘아붙이고, 싫어하는 별명 '퍼피'로 불러 쫓아내는 앙숙",char:171,126,ep:d_nikke_yulha_03,,,,F628,확실,확정
D1913,person:율하,율하,관계,변화,person:지휘관,괴롭히려 일을 떠맡긴 귀찮은 신입,근성 · 요령을 인정해 제대로 일을 가르쳐 주는 멘티,,char:171,126,ep:d_nikke_yulha_03,ep:d_nikke_yulha_03,char:171,,,확실,확정
D1911,person:율하,율하,신념,기준,,,,"남에게 맡겨 두 번 일하느니 트라이앵글 서류를 처음부터 혼자 다 하는 게 낫다며, 쉴 틈 없이 일을 떠안는",char:171,126,ep:d_nikke_yulha_03,,,,F627,확실,확정
D1914,person:율하,율하,관계,변화,person:지휘관,엮이지 말자며 선을 긋던 상대,먼저 입 맞추고 호텔 방으로 들이는 연인,,char:171,126,ep:d_nikke_yulha_04,ep:d_nikke_yulha_04,char:171,,,확실,확정
D1943,person:율하,율하,관계,기준,person:프리바티,,,"제1부대 부사령관의 근신 전언을 대신 전하며 '니케임을 숨겨라'고 다그치지만, '예쁨 받으니까 이 정도로 끝났다'며 감싸고 돌아오자 '진심은 알아줄 테니' 복귀 수속을 시키는",char:170,133,ep:d_nikke_privaty_03,,,,,확실,확정
D38,person:은화,은화,성격,기준,,,,"지휘관에게 '말 걸지 마', 아니스에게 '삼류 니케'라 쏘아붙이는 날 선 앱솔루트 리더 — 그러면서 라피에게 '다행이야'를 흘린다",ch04,15,d_main_04_09_e,,,,,확실,확정
D39,person:은화,은화,관계,기준,person:라피,,,말없이 떠난 라피를 '불량품'이라 깎아내리면서도 무사해서 다행이라 하는 옛 동료,ch04,15,d_main_04_09_e,,,,,확실,확정
D1915,person:은화,은화,관계,기준,person:지휘관,,,부교관으로 온 지휘관을 '삼류 머저리'라 부르며 거치적거리니 꺼지라고 내쫓는 — 겪어 본 지휘관이 모두 무능했던 탓,char:92,127,ep:d_nikke_eunhwa_02,,,,F631,확실,확정
D1917,person:은화,은화,기억,기준,,,,"인간 시절 — 사관학교 수석, 지휘관 스무 번째쯤 임무에서 부하들에게 버려져 빔 포에 죽은 일 — 을 '특별한 얘기도 아니다'라며 또렷이 기억하는",char:92,127,ep:d_nikke_eunhwa_03,,,,F629,확실,확정
D1916,person:은화,은화,신념,기준,,,,"지상 탈환에 한몫하겠다던 꿈을 '고이 접어 관짝에 쳐넣고', 양산형 뒤치다꺼리를 하며 살아남을 쓸모만 가르치는",char:92,127,ep:d_nikke_eunhwa_03,,,,,확실,확정
D1919,person:은화,은화,신념,변화,,지상 탈환의 꿈을 관짝에 묻음,그 꿈을 다른 방식으로 이룰 가능성을 봄 — 더는 폐허에 묻혀 있지 않다,,char:92,127,ep:d_nikke_eunhwa_05,ep:d_nikke_eunhwa_04,char:92,,,확실,확정
D1918,person:은화,은화,관계,변화,person:지휘관,거치적거리는 삼류 머저리,자기 지휘관이자 같은 꿈을 좇을 동료로 인정 — 싫어한 것을 사과,,char:92,127,ep:d_nikke_eunhwa_05,ep:d_nikke_eunhwa_04,char:92,,F631,확실,확정
D496,person:은화,은화,관계,변화,person:지휘관,'삼류 지휘관'이라 깎아내리는,"말뚝 임기응변을 '훌륭했다', '꼴통 후배님이 많이 컸군'이라 인정하는",,ch31,308,d_main_31_09_s,d_main_31_08,ch31,,,확실,확정
D517,person:은화,은화,관계,변화,person:라피,말없이 떠난 라피를 '불량품'이라 깎아내리는,"사과를 받아 '또 보자, 라피' 하고, 비워 둔 자리를 거두고 택티컬 업을 가동하는",,ch32,310,d_main_32_af_02,,,,,확실,확정
D550,person:은화,은화,관계,변화,person:라피,"'또 보자, 라피' 하고 비워 둔 자리를 거둔",다그치면서도 함께 준비해 온 라피의 택티컬 업 OS를 건네는,,ch34,336,d_main_34_04,,,,F1645,확실,확정
D804,person:은화,은화,관계,기준,person:베스티,,,"베히모스 전 뒤 베스티를 임무마다 뒤에 두고 혼자 미끼를 맡으며, 따지는 베스티에게 '어리광 부리지 마'라 하는",fl:absolute,400,fl:absolute_04,,,,,확실,확정
D805,person:은화,은화,신념,변화,,완벽한 승리는 아무도 다치지 않는 것 — 혼자 나서고 혼자 희생하는,완벽한 건 [우리] — 이길 때까지 다 같이 목숨 걸고 싸우는,,fl:absolute,400,fl:absolute_22,fl:absolute_22,fl:absolute,S252,F2109,확실,확정
D806,person:은화,은화,관계,변화,person:베스티,뒤에 두고 지키려던,"'그 녀석 대신으로 생각한 적 없다, 믿는다'며 벙커를 뭉갤 역을 맡기는",,fl:absolute,400,fl:absolute_23,fl:absolute_22,fl:absolute,S252,F2109,확실,확정
D2177,person:은화,은화,기억,변화,,부하들에게 버려져 죽은 인간 시절을 이미 넘어섰다고 여기던,"그 죽음을 재현한 시뮬레이션에서 떨던 손을 멈추고 동료와 버텨 내, 믿을 동료가 없던 미련 · 두려움을 인정하고 털어 낸",,char:95,402,ep:d_nikke_eunhwa_tactical_05,ep:d_nikke_eunhwa_tactical_04,char:95,,F2113,확실,확정
D2178,person:은화,은화,관계,변화,person:지휘관,자기 지휘관이자 같은 꿈을 좇을 동료로 인정한,"역할을 바꿔 싸운 꼴통 후배를 '함께 싸울 동료'로 믿고, 엠마 · 베스티와만 가는 단골집을 알려 주겠다는",,char:95,402,ep:d_nikke_eunhwa_tactical_05,ep:d_nikke_eunhwa_tactical_04,char:95,,,확실,확정
D2168,person:이브,이브,신념,기준,,,,"네이티브에게서 지상을 되찾는 일을 '나에게 주어진 임무니까, 당연히 해야 할 일'이라 담담히 말하고, 사람들이 행복하냐는 물음엔 '그렇게 되려 노력 중'이라 답하는",char:850,389,ep:d_nikke_ce006_01_03,,,S238,,확실,확정
D1401,person:이사벨,이사벨,관계,기준,person:지휘관,,,"[그것]을 받은 뒤로 줄곧 지켜보며 서로 사랑한다 믿고, 다친 그를 손수 돌보면서 '여기서 나가지 말라'며 집에 가두는",char:231,128,ep:d_nikke_isabel_01,,,,,확실,확정
D1403,person:이사벨,이사벨,성격,기준,,,,"다정한 존댓말로 먹이고 씻기며 뭐든 해 주겠다면서, 그의 곁의 니케들은 '몇 번이나 죽여 버리고 싶었다'는 집착",char:231,128,ep:d_nikke_isabel_04,,,,,확실,확정
D1402,person:이사벨,이사벨,관계,변화,person:지휘관,나가지 말라며 집에 가두고 돌보던,"약속을 어기고 나온 그를 수갑으로 묶고 약을 먹여, 카운터스까지 '확실히 마무리'하려는",,char:231,128,ep:d_nikke_isabel_04,ep:d_nikke_isabel_04,char:231,S357,,확실,확정
D191,person:이사벨,이사벨,관계,기준,person:요한,,,'뭐든 지휘관이 원하시는 대로 해 왔다'며 요한을 따르는 부관,ch20,164,d_main_20_09,,,,,확실,확정
D192,person:이사벨,이사벨,신념,기준,,,,니케의 해방을 위해 싸우는 사람을 일찍 만났다면 에덴 대신 방주를 택했을지 모른다고 여긴다,ch20,164,d_main_20_09,,,,,확실,확정
D220,person:이사벨,이사벨,관계,변화,person:지휘관,하루 종일 훔쳐보고 샤워실 · 잠든 모습까지 지켜보는 집착,마음은 얼굴을 보고 말하거나 엽서로 전한다는 말에 받은 엽서를 '이런 거 처음'이라며 간직하는,,sub:에덴_Notice_01,191,sub:에덴_Notice_01,sub:에덴_Notice_01,sub:에덴_Notice_01,,F876,확실,확정
D911,person:이사벨,이사벨,관계,기준,person:파피용,,,'도망가는 방법도 있어. 왜 도망 안 가?'라며 인질 파피용을 떠보는,event_goddessfall1,418,event_goddessfall1_04_e,,,,,확실,확정
D927,person:이사벨,이사벨,관계,변화,person:파피용,가볍고 욕심에 눈먼 사람이라 의심한,도망가지 않고 함께 싸운 '좋은 사람'이라며 안전 루트를 주고 풀어 주는,,event_goddessfall1,418,event_goddessfall2_03_s,,,S273,F2298,확실,확정
D929,person:이사벨,이사벨,신체,변화,,페더로 하늘을 헤집던 비행,빔에 몸이 녹아 가며 하란을 던져 넣고 빔에 삼켜진,,event_goddessfall1,418,event_goddessfall2_03_e,,,S273,F2299,확실,확정
D930,person:이사벨,이사벨,관계,변화,person:지휘관,받은 엽서를 '이런 거 처음'이라며 간직하는,"빔에 삼켜지며 '사랑스러운 분, 당신을 다시 한번' 부르는",,event_goddessfall1,418,event_goddessfall2_03_e,,,S273,,확실,확정
D961,person:이사벨,이사벨,신념,변화,,방주와 동료를 사랑했지만 일방적이었음을 깨닫고 살 의미를 잃은,다시 사랑할 수 있는 존재를 찾아보기로 한,,erelic:goddess_fall_mini,419,erelic:goddess_fall_mini_03,erelic:goddess_fall_mini_03,erelic:goddess_fall_mini,S277,F2327 F2328,확실,확정
D960,person:이사벨,이사벨,관계,기준,person:하란,,,하란의 약속이 진심인 걸 보고 '그렇게 할게'라며 처음 이름을 나누는,erelic:goddess_fall_mini,419,erelic:goddess_fall_mini_03,,,,,확실,확정
D392,person:이안_맥스,이안 맥스,관계,변화,person:지휘관,연락처를 사서 '선배'라며 반말로 명령하고 인맥으로 묻어 버리겠다고 으르던,친구들의 죽음을 확인한 뒤 '너처럼 되고 싶었다'며 사과하고 고맙다고 한 뒤 다시는 연락하지 않겠다는,,sub:핸섬_커맨더_01,277,sub:핸섬_커맨더_01,sub:핸섬_커맨더_01,sub:핸섬_커맨더_01,,,확실,확정
D896,person:이터니티,이터니티,관계,기준,person:아니스,,,"에닉의 명령을 거부하고 격벽에 구멍을 내며, 수정이 번지는 아니스의 코어를 꺼 걷어 내고 빤히 바라보는",ch42,416,d_main_42_af_03,,,S271,F2235 F2236,확실,확정
D460,person:인디빌리아,인디빌리아,관계,기준,person:토커티브,,,화룡을 먹고 강해진 토커티브를 '가장 아름다운 것이 될 분'이라 부르며 부탁을 들어 주는 동행,event_lastkingdom1,295,event_lastkingdom1_intermission,,,,F1430,확실,확정
D459,person:인디빌리아,인디빌리아,성격,기준,,,,"대답보다 공포와 고통에 못 이겨 동료를 파는 모습이 보고 싶어 귀를 베고, 추해진다며 거대화를 싫어하는 가학적인 헬레틱",event_lastkingdom1,295,event_lastkingdom1_05_e,,,,,확실,확정
D461,person:인디빌리아,인디빌리아,관계,변화,person:크라운,'이름만 왕'이라 가지고 놀려던,말에 짓밟힌 뒤 '누군가를 죽이고 싶은 생각이 든 건 처음'이라는 원수,,event_lastkingdom1,295,event_lastkingdom2_01_e,event_lastkingdom1_06_e,event_lastkingdom1,,,확실,확정
D462,person:인디빌리아,인디빌리아,기억,변화,,베여도 재생하는 헬레틱,"목이 베인 뒤 토커티브의 머리에 박아 둔 코어 일부로 돌아와, 과거의 기억만 가진 '내가 아닌'",,event_lastkingdom1,295,event_lastkingdom2_epilogue,event_lastkingdom2_06_e,event_lastkingdom1,,F1453 F1446,확실,확정
D901,person:인디빌리아,인디빌리아,관계,기준,person:마리안,,,"원래 퀸이 공석이라 마리안의 지배력을 먼저 받아 따르면서, 정체를 숨기려는 그녀를 '나약하시군요'라 비웃는",event_goddessfall1,418,event_goddessfall1_03_s,,,,,확실,확정
D903,person:인디빌리아,인디빌리아,관계,변화,person:마리안,지배력에 따르며 충고하던,원래 퀸의 지배가 덮어씌워지자 '되다 만 것'이라 부르며 눈을 베고 재생할 틈 없이 난도질하는,,event_goddessfall1,418,event_goddessfall1_intermission_01,event_goddessfall1_03_e,event_goddessfall1,S273,F2274,확실,확정
D945,person:인디빌리아,인디빌리아,신체,변화,,거대 지네의 갑옷을 잃고 낙하한,니힐리스타에게 산 채로 먹혀 사라진,,event_goddessfall1,418,event_goddessfall2_05_e,,,S273,F2310,확실,확정
D377,person:일레그,일레그,성격,기준,,,,'히히' 웃으며 남의 말과 행동을 떠보고 날카롭게 짚어 내는 엔지니어,ch27,270,d_main_27_01_s,,,,,확실,확정
D390,person:일레그,일레그,관계,기준,person:리버린,,,돈과 고객을 캐묻던 리버린이 사진에 매달리다 맞을 뻔하자 몸을 날려 밀쳐 내고 '무슨 사진이냐'고 호통친다,ch28,275,d_main_28_08_s,,,,,확실,확정
D389,person:일레그,일레그,신념,기준,,,,"발전소 하나 없는 방주 에너지의 '정답'을 알아 사는 게 스트레스라, 그것을 풀 무언가를 찾으러 지상 탐색에 나섰다",ch28,275,d_main_28_10,,,,,확실,확정
D400,person:일레그,일레그,관계,기준,person:지휘관,,,사교성이 없어 도움을 구할 상대가 지휘관밖에 없다며 지푸라기 잡는 심정으로 찾아와 트로니 일을 털어놓는다,event_boomsday,280,event_boomsday_02_e,,,,,확실,확정
D399,person:일레그,일레그,관계,기준,person:트로니,,,"'하나뿐인 친구'라며 몇 년째 날마다 문 앞에 와 피규어 · 식사 · 게임으로 불러내고, 어떤 두려움이든 이겨 낼 빛나는 사람이라 믿는다",event_boomsday,280,event_boomsday_03_s,,,,,확실,확정
D2094,person:일레그,일레그,관계,변화,person:지휘관,전자 기기를 보는 눈을 가진 '우리의 동료',파업한 날 BOOM 영업 길에 함께 다니며 밤새 같이 놀아 달라 조르는 놀이 친구,,char:500,281,ep:d_nikke_elegg_05,ep:d_nikke_elegg_01,char:500,S386,,확실,확정
D430,person:일레그,일레그,관계,변화,person:지휘관,도움을 구하는 지휘관,전자 기기를 보는 눈을 가진 '우리의 동료',,ch29,291,d_main_29_08_s,d_main_29_08_s,ch29,,,확실,확정
D475,person:일레그,일레그,관계,기준,person:메이든,,,"마스크를 벗은 메이든을 두려워하지 않고, 우는 그녀의 눈물을 닦아 주려 먼저 다가가는",event_darkhero,298,event_darkhero_intermission_01,,,,,확실,확정
D474,person:일레그,일레그,관계,변화,person:트로니,몇 년째 날마다 문 앞에 와 불러내던 하나뿐인 친구,테러를 혼자 꾸몄다고 다 뒤집어써 폐기를 받아들이고 트로니의 혐의만은 벗기려는,,event_darkhero,298,event_darkhero_05_e,event_darkhero_intermission_01,event_darkhero,S147,,확실,확정
D2108,person:일레그,일레그,관계,변화,person:트로니,낯을 가리는 트로니는 불편한 자리에 굳이 사서 고생하지 말라며 바깥 일을 혼자 맡던,연구실 일을 제 몫까지 하겠다는 트로니에게 '믿고 맡길 수 있다'며 맡기는,,char:501,299,ep:d_nikke_trony_05,ep:d_nikke_trony_05,char:501,S148,,추정,확정
D740,person:일레그,일레그,관계,기준,person:프리바티,,,"레버를 쥔 채 굳은 프리바티의 손가락을 하나하나 펴 주며, 굳게 믿는 게 옳지 않다고 느껴지면 다른 선택지를 고르라 일러 주는",event_ce006,387,event_ce006_1_04_e,,,,,확실,확정
D2175,person:일레그,일레그,관계,변화,person:지휘관,BOOM 영업 길에 같이 다니며 놀아 달라 조르는 놀이 친구,"'기회라면 얼마든지 만들어 줄게'라는 말에 불안을 털고, 함께 만든 [작품]을 보며 지상을 되찾을 때까지 도와 달라는",,char:502,395,ep:d_nikke_eleggboomandshock_05,ep:d_nikke_eleggboomandshock_05,char:502,S246,,확실,확정
D2174,person:일레그,일레그,신념,변화,,어디나 방주와 다를 바 없는 화면에만 BOOM을 깔아 '사명'을 다할 길이 막힌 슬럼프,구름에 띄운 BOOM을 보고 트로니와 진짜 하늘을 되찾아 이터널 스카이에 BOOM을 깔겠다는 목표가 확고해진,,char:502,395,ep:d_nikke_eleggboomandshock_05,ep:d_nikke_eleggboomandshock_05,char:502,S246,F1342-2,확실,확정
D16,person:잉그리드,잉그리드,성격,기준,,,,'질문은 받지 않는다'며 군대식으로 몰아붙이고 '택티컬'을 입버릇처럼 쓰는 엘리시온 CEO,ch01,2,d_main_01af_03,,,,,확실,확정
D93,person:잉그리드,잉그리드,관계,기준,person:슈엔,,,"미실리스를 '미사일스'라 부르며 어린아이 대하듯 약 올리고, 따라 나오라는 슈엔에게 '바라던 바다'라 맞서는 앙숙",ch11,53,d_main_11_04,,,,F292,확실,확정
D1920,person:잉그리드,잉그리드,관계,기준,person:지휘관,,,"지휘관을 은화와 반대되는 이상주의 · 온화한 리더로 보고, 은화가 처음으로 반길 유능한 지휘관이 되어 보라며 부교관으로 부르는",char:92,127,ep:d_nikke_eunhwa_01,,,,,확실,확정
D1928,person:잉그리드,잉그리드,관계,기준,person:폴리,,,자기를 의심하러 온 폴리에게 답을 다 주지 않고 '1년 전 한 형사에게 조사를 부탁했다'는 실마리만 건네며 '믿겠다'고 맡기는 사장,char:30,131,ep:d_nikke_poli_03,,,,F649,확실,확정
D1931,person:잉그리드,잉그리드,관계,변화,person:폴리,무심히 툭툭 쓰다듬으며 실마리만 주던 사장,목숨과 강아지의 명예를 지켜 준 데 고맙다 하고 처음으로 경례에 답하는,,char:30,131,ep:d_nikke_poli_05,ep:d_nikke_poli_05,char:30,,,확실,확정
D295,person:잉그리드,잉그리드,관계,기준,person:E.H.,,,"E.H.를 '하퍼'라 부르며 니케로 만들어 달라는 부탁을 곧바로 받아들이되, 속죄할 수 있냐는 물음엔 '아니, 그래도 노력은 해볼 수 있겠지'라 답하는",ch24,219,d_main_24_10,,,,,확실,확정
D391,person:잉그리드,잉그리드,신념,기준,,,,"대를 위해 소를 희생하는 부친의 방식을 몹시 싫어했지만 막상 같은 선택을 했다며 괴로워하고, 자기를 떠난 니케를 쫓지 않고 속죄할 기회를 바란다",sub:택틱컬틱택_01,245,sub:택틱컬틱택_01,,,,,확실,확정
D1621,person:잉그리드,잉그리드,관계,기준,person:메이든,,,"근신 처분을 내리면서도 숙소에선 편히 지내라 하고, 기억 소거를 직접 청한 메이든의 뜻을 받아 그것을 마지막 임무로 맡기는 상관",event_icedragonsaga1,347,event_icedragonsaga1_02_e,,,,,확실,확정
D1620,person:잉그리드,잉그리드,관계,기준,person:길로틴,,,"게임에 빠진 길로틴의 속내를 짐작하면서도 참견하지 않고, 이 건에선 객관적일 수 없다고 중앙 정부가 볼 만큼 그를 아끼는 상관",event_icedragonsaga1,347,event_icedragonsaga1_02_e,,,,,확실,확정
D1622,person:잉그리드,잉그리드,관계,변화,person:메이든,기억 소거 청을 받아들인,"자기 보증으로 기억 소거 없이 메이든을 복귀시키고, 둘이 앞으로 나아가게 된 데 지휘관에게 감사하는",,event_icedragonsaga1,347,event_icedragonsaga2_epilogue,event_icedragonsaga2_06_e,event_icedragonsaga1,S191,,확실,확정
D593,person:잉그리드,잉그리드,관계,기준,person:라피,,,4년 만에 홀로 돌아온 양산형을 '라피'로 불러 주고 원하는 대로 강한 스쿼드에 배속하는 교관,event_footstepwalkrun1,350,event_footstepwalkrun2_06_s,,,,,확실,확정
D646,person:잉그리드,잉그리드,관계,변화,person:슈엔,'미사일스'라 약 올리며 맞서던 CEO,무릎 꿇은 슈엔에게 엘리시온의 지상 탐색 몫을 양보해 메티스를 일등 공신으로 세워 주는,,ch37,373,d_main_37_05,,,,,확실,확정
D708,person:잉그리드,잉그리드,관계,기준,person:아르카나,,,'슬슬 한계'라 걱정하면서도 '그게 제 일'이라는 아르카나의 뜻을 받아 손수 기억 소거를 실행하는 상관,event_arcanearchive,383,event_arcanearchive_prologue,,,,,확실,확정
D814,person:잉그리드,잉그리드,관계,기준,person:은화,,,"실패한 지휘관 은화에게 '그럼에도 지상을 탈환하고 싶은가'를 물어 영입했고, 지금도 답 대신 '리더는 제군, 판단은 스스로'라 맡기는",fl:absolute,400,fl:absolute_03,,,,,확실,확정
D1084,person:잉그리드,잉그리드,관계,변화,person:E.H.,판단할 자격이 없다며 E.H.의 일을 남에게 맡기는,처음이자 마지막으로 '동생의 이야기를 들어줘서 고마웠다'며 고개를 숙이는,,fl:enter_heaven,442,fl:enter_heaven_14,fl:enter_heaven_12,fl:enter_heaven,,F2506,확실,확정
D1130,person:잉그리드,잉그리드,관계,기준,person:네온,,,미실리스 바디로 돌아온 네온에 한숨을 쉬면서도 엘리시온 소속을 지켜 주고 전 기술을 모은 전용 무장을 내주는 사장,ch45,450,d_main_45_01,,,,,확실,확정
D1176,person:잉그리드,잉그리드,관계,기준,person:아이리,,,"'교관이라 불러라' 하며 살아난 부하를 유능하다 인정하되, 벌로 금서고 기억만 지우는",ch46,452,d_main_46_af_09,,,,,확실,확정
D1623,person:잉크,잉크,성격,기준,,,,"시뮬레이션 룸의 지루함에 NIMPH 데이터로 본인이 가장 두려워하는 것을 보스로 삼는 시뮬레이션을 만들어 내고, 지휘관 · 길로틴을 '오빠 · 언니'라 부르며 가볍게 구는",event_icedragonsaga1,347,event_icedragonsaga1_02_e,,,,,확실,확정
D1624,person:잉크,잉크,관계,기준,person:길로틴,,,클로이로 분해 이야기를 끝내게 해 준 데 감사하는 길로틴에게 어떻게 반응할지 몰라 시뮬레이션을 끝내면서도 '좋은 이야기였다'고 답하는,event_icedragonsaga1,347,event_icedragonsaga2_06_e,,,,,확실,확정
D132,person:자칼,자칼,성격,기준,,,,"통신이 먹통이면 '내키는 대로 죽이고 터뜨려도 상관 없다'며 신나 하는, 폭력을 놀이처럼 즐기는 천진한 니케",ch16,80,d_main_16_01,,,,,확실,확정
D133,person:자칼,자칼,관계,기준,person:지휘관,,,얼음물에 빠지자 재킷을 걸쳐 준 지휘관에게 '아무도 나한테 이런 거 해준 적 없었는데'라며 감동한다,ch16,80,d_main_16_04,,,,,확실,확정
D134,person:자칼,자칼,관계,기준,person:크로우,,,"크로우의 '물어 뜯어'에 '컹컹, 네~' 하고 카운터스를 쏘는, 크로우의 명령이면 무엇이든 따르는 사냥개",ch16,80,d_main_16_13_e,,,,F1009,확실,확정
D1989,person:자칼,자칼,관계,변화,person:지휘관,재킷을 걸쳐 준 데 감동한 지휘관,"'절대 굶주리게 두지 않겠다'는 말을 '살면서 들은 말 중 제일 멋있다'며 믿고, 손을 놓지 않는",,char:111,172,ep:d_nikke_jackal_04,ep:d_nikke_jackal_04,char:111,S383,F794,확실,확정
D1988,person:자칼,자칼,성격,변화,,먹을 것을 빼앗아 먹고 날뛰다 숨고 붙잡히고 도망치는,'기다리면 음식이 나온다'며 앉아 · 기다려를 지키고 지휘관실을 부수지 않는,,char:111,172,ep:d_nikke_jackal_05,ep:d_nikke_jackal_04,char:111,S383,F794,확실,확정
D1990,person:자칼,자칼,관계,변화,person:지휘관,믿고 따르는 지휘관,"떨어지기 싫어 같이 가자 조르다 '기다리면 찾아온다'는 약속에 기다리기로 하고, 손목을 쓰다듬어 줄 손이라며 남겨 두는",,char:111,172,ep:d_nikke_jackal_05,ep:d_nikke_jackal_05,char:111,S383,F794,확실,확정
D488,person:자칼,자칼,관계,기준,person:바이퍼,,,"바이퍼가 울면 저도 슬프다며 매달리고, 사진은 시간을 멈춰 '진짜 내 것'이 된다는 바이퍼의 말을 그대로 믿고 지키는",event_beautyfullshot1,305,event_beautyfullshot2_03_e,,,,,확실,확정
D1075,person:자칼,자칼,관계,기준,person:E.H.,,,E.H.를 '대장'이라 부르며 물지 말라는 게 많아 싫다면서도 '나한테 잘해줘'라 따르는,fl:enter_heaven,442,fl:enter_heaven_03,,,,,확실,확정
D357,person:장화,장화,성격,기준,,,,"985번 대련에서 975승을 하고도 '큰일 날 뻔했네' · '내가 언니잖아~'라며 여유를 부리고, 첫 임무에서 모두 얼어붙자 먼저 랩쳐 무리에 뛰어드는 니케",event_newyearnewsword,261,event_newyearnewsword_02_s,,,,,확실,확정
D358,person:장화,장화,신념,기준,,,,'세상에 영원한 건 없다' — 긴장도 불안도 익숙해지면 아무것도 아니게 된다고 믿는,event_newyearnewsword,261,event_newyearnewsword_02_e,,,,,확실,확정
D359,person:장화,장화,관계,기준,person:홍련,,,"'우리 련이'라 부르며 스스로 보초를 서는 동생을 '마음씨 착한 내 동생'이라 다독이고, 언젠가 자기를 꺾을 거라 믿어 주는 언니",event_newyearnewsword,261,event_newyearnewsword_03_e,,,,,확실,확정
D360,person:장화,장화,관계,변화,person:홍련,함께 살아남자며 동생을 다독이던 언니,동생을 지키려 '인류의 적'이 되어 동생의 검을 끌어당겨 죽는,,event_newyearnewsword,261,event_newyearnewsword_06_e,event_newyearnewsword_05_e,event_newyearnewsword,S118,,확실,확정
D907,person:장화,장화,관계,변화,person:홍련,동생을 지키려 인류의 적이 되어 동생의 검에 죽은,"되살아나서도 '련이'만 묻고, 자기를 보면 련이가 반드시 불행해진다며 나서지 않는",,event_goddessfall1,418,event_goddessfall1_04_s,,,S273,F2279,확실,확정
D906,person:장화,장화,소속,변화,,동생의 검을 끌어당겨 죽은 근접전 스쿼드의 언니,미러가 되살린 호위 무사이자 '제 검'(대행),,event_goddessfall1,418,event_goddessfall1_04_e,,,,F2282,확실,확정
D1147,person:장화,장화,신념,변화,,세상에 영원한 건 없다,련이에게 해 준 게 없어 기회를 기다려 살아 있다가 조용히 사라지겠다는,,ch46,452,d_main_46_06,,,S318,,확실,확정
D1149,person:장화,장화,관계,기준,person:미러,,,"음흉하지만 엄청 유능하다며, 남의 입으로 뜻을 전하게 하는 미러의 말을 대신 전하는 호위 무사",ch46,452,d_main_46_10,,,,,확실,확정
D1157,person:장화,장화,신체,변화,,미러가 되살린 호위 무사,에고비스타에게 상반신을 베여 뇌파만 남은,,ch46,452,d_main_46_11,,,S318,F2630 F2634,확실,확정
D1330,person:장화,장화,신체,변화,,에고비스타에게 베여 뇌파만 남은,"부러진 검으로 스스로 머리를 찔러 죽고, 그 바디는 홍련에게",,ch48,472,d_main_48_04,,,S342,,확실,확정
D1331,person:장화,장화,관계,변화,person:홍련,자기를 보면 련이가 불행해진다며 나서지 않는,꿈속에서 함께 가짜 동료를 베고 '행복하게 살아'라는 마지막 주박을 거는,,ch48,472,d_main_48_04,,,S342,,확실,확정
D1688,person:제니퍼,제니퍼,관계,변화,person:지휘관,달아난 아이 수색을 맡긴 메신저 의뢰인,센터를 암살자 훈육소로 바꿀 '계기'를 준 이라 고마워하며 수입 30%로 비즈니스 파트너를 청하는,,fl:lie_cause_recoil,438,fl:lie_cause_recoil_22,fl:lie_cause_recoil_22,fl:lie_cause_recoil,S299,F2479 F2480,확실,확정
D1689,person:제니퍼,제니퍼,소속,변화,,방주 아동 보호 센터 센터장,엔더슨에게 넘겨져 '살아도 사는 게 아닐' 중죄 처분을 받게 된,,fl:lie_cause_recoil,438,fl:lie_cause_recoil_27,fl:lie_cause_recoil_26,fl:lie_cause_recoil,S299,F2482,확실,확정
D1684,person:제인,제인,관계,기준,org:카페_스위티,,,카페도 초대도 처음이라 쭈뼛거리면서 정말 기뻤다고 거듭 고마워하는,fl:lie_cause_recoil,438,fl:lie_cause_recoil_07,,,,,확실,확정
D1680,person:제인,제인,관계,기준,person:레인,,,쌍둥이 오빠를 정말 좋아해 '맨날 제 걱정만 한다'며 시간표가 안 맞아 함께 못 오는 것을 아쉬워하는,fl:lie_cause_recoil,438,fl:lie_cause_recoil_11,,,,,확실,확정
D1678,person:제인,제인,신념,기준,,,,"고아가 행복해지는 길은 입양뿐이라 믿어, 오빠와 같은 곳에 입양되어 행복하게 사는 것을 꿈꾸는",fl:lie_cause_recoil,438,fl:lie_cause_recoil_17,,,,,확실,확정
D1682,person:제인,제인,관계,기준,person:제니퍼,,,'선생님'의 명령대로 깍듯이 인사하고 지휘관의 일행에게 총을 겨누는,fl:lie_cause_recoil,438,fl:lie_cause_recoil_24,,,,,확실,확정
D1683,person:제인,제인,관계,변화,person:제니퍼,가족이라 여겨 따르던 선생님,'가족도 아닌 저를 키워주셔서 감사했다'며 거짓말로 달아나려는 그를 쏘는,,fl:lie_cause_recoil,438,fl:lie_cause_recoil_26,fl:lie_cause_recoil_25,fl:lie_cause_recoil,S299,F2481,확실,확정
D1679,person:제인,제인,신념,변화,,입양만을 바라 숙제(살인)를 하던,사람을 죽이지 않는 법을 알았으니 센터를 떠나 평범한 삶을 살겠다는,,fl:lie_cause_recoil,438,fl:lie_cause_recoil_26,fl:lie_cause_recoil_17,fl:lie_cause_recoil,S299,F2481,확실,확정
D1681,person:제인,제인,관계,변화,person:레인,오빠가 가지 않으면 자기도 갈 수 없다던,제 선택으로 오빠를 살렸다며 갇혀 있겠다면 그러라고 하고 혼자 떠나는,,fl:lie_cause_recoil,438,fl:lie_cause_recoil_26,fl:lie_cause_recoil_26,fl:lie_cause_recoil,S299,,확실,확정
D1685,person:제인,제인,관계,변화,org:카페_스위티,초대받아 쭈뼛거리던 꼬마 손님,감시인과의 외출 때마다 놀러 오고 싶다며 알바로 일하게 된,,fl:lie_cause_recoil,438,fl:lie_cause_recoil_27,fl:lie_cause_recoil_26,fl:lie_cause_recoil,S299,F2482,확실,확정
D597,person:지엔,지엔,성격,기준,,,,"사투리 섞인 말로 능청스럽게 놀리다가도 위험한 대답은 손으로 막는, 속을 알 수 없는 M.M.R. 연구원",event_wisdomspring,353,event_wisdomspring_06_s,,,,,확실,확정
D598,person:지엔,지엔,관계,기준,person:지휘관,,,"보고 싶다며 가짜 초대로 지휘관을 홀로 불러들여 '7호'라 부르고, 방주와 자신에 대해 하나 더 알게 됐다고 속삭이는",event_wisdomspring,353,event_wisdomspring_06_s,,,,,확실,확정
D1031,person:지엔,지엔,관계,기준,person:네온,,,'열쇠가 알아서 굴러들어 왔다'며 설득도 없이 머리가 망가질 위험을 알고 기억 봉인을 부수게 하는,ch43,434,d_main_43_01,,,S294,,확실,확정
D1032,person:지엔,지엔,관계,변화,person:네온,열쇠를 쥔 실험 대상,"V.T.C. · D.E.E.P.의 극비를 '호의'로 들려주고, 네온이 내건 하이리스크 바디 제작을 '해보죠'라 받아들인",,ch43,434,d_main_43_15,d_main_43_15,ch43,S294,,확실,확정
D1070,person:지엔,지엔,관계,변화,person:네온,하이리스크 바디 제작을 '해보죠' 한,설계도가 지워져 버릴 수 없으니 M.M.R.에 머물게 해 주는,,ch44,436,d_main_44_af_09,,,S298,,확실,확정
D1294,person:지엔,지엔,관계,기준,person:슈엔,,,"'아가'라 부르며, 라라를 잃고 우는 동생에게 그 뇌로 니케를 만들어 준 것이 '효율적'인 배려라 여기는",fl:project_matis,467,fl:project_matis_02,,,S340,,확실,확정
D1298,person:지엔,지엔,신념,기준,,,,CEO가 되어 NIMPH · 코어의 정체 · 니케와 랩쳐의 닮은 구조 — '세계의 진실'을 알고 싶은,fl:project_matis,467,fl:project_matis_06,,,S340,F2777,확실,확정
D1296,person:지엔,지엔,관계,기준,person:엔메,,,'아버지도 내랑 같은 종류'라며 니케도 인간도 자식도 자원으로 볼 사람이니 믿지 말라는,fl:project_matis,467,fl:project_matis_06,,,S340,,확실,확정
D1297,person:지엔,지엔,관계,변화,person:엔메,믿지 말라 하면서도 곁에서 함께 일하던,M.M.R.로 쫓겨나며 '언젠가 그 뇌를 실험대에 올리겠다'는,,fl:project_matis,467,fl:project_matis_08,,,S340,F2779,확실,확정
D1299,person:지엔,지엔,신념,변화,,세계의 진실을 알려 CEO 자리를 탐하던,M.M.R.에 내려와 많은 걸 알게 돼 옛날만큼 자리가 탐나지 않는,,fl:project_matis,467,fl:project_matis_11,fl:project_matis_08,fl:project_matis,S340,,확실,확정
D1295,person:지엔,지엔,관계,변화,person:슈엔,'아가'라 놀리며 이사회를 조심하라 귀띔하던 경쟁자,아버지의 눈인 이사회를 '짓이겨 버리고 싶다'며 돕기로 하는 공범,,fl:project_matis,467,fl:project_matis_21,,,S340,F2790,확실,확정
D650,person:지즈,지즈,성격,기준,,,,"기억력이 나빠 이름을 되뇌고, 놀라거나 겁먹고도 '오해하지 마'라 허세 부리는 순진한 헬레틱",ch37,373,d_main_37_08_s,,,,,확실,확정
D652,person:지즈,지즈,관계,기준,person:지휘관,,,"레비의 새 친구라는 말을 믿고 처음 생긴 친구라 반기며 약까지 건네다, 적이라는 외침에 '속였구나'라 덤비는",ch37,373,d_main_37_08_s,,,,,확실,확정
D651,person:지즈,지즈,관계,기준,person:레비아탄,,,"레비가 자기 얘기를 했는지 신경 쓰고, 반푼이냐며 낙담한 레비에게 '내가 제일 되고 싶은 게 레비'라 감싸는",ch37,373,d_main_37_08_e,,,,,확실,확정
D673,person:지즈,지즈,관계,변화,person:지휘관,새 친구라 반기다 적이라는 외침에 '속였구나' 덤비던,레비를 구하는 김에 지휘관까지 날개로 막아 주고 '고마워'에 칭찬받았다며 기뻐하는 — 순순히 말을 듣는,,ch38,375,d_main_38_09_e,,,,,확실,확정
D786,person:지즈,지즈,관계,변화,person:레비아탄,레비아탄이 되고 싶다며 따르고 감싸던,'나 버리면 안 돼'라며 숨겨 온 거대화를 처음 해 레비아탄 대신 싸우러 나서는,,ch40,398,d_main_40_10,d_main_40_10,ch40,S250,F2083,확실,확정
D855,person:지즈,지즈,관계,변화,person:레비아탄,'나 버리면 안 돼'라며 숨긴 거대화로 레비 대신 싸우던,'구제 불능' — 결정이 무서워 버리듯 결정한다고 처음 대놓고 나무라는,,ch41,414,d_main_41_07,,,S268,,확실,확정
D875,person:지즈,지즈,관계,변화,person:레비아탄,'구제 불능'이라 처음 대놓고 나무라는,"뺨을 때리며 다시는 멋대로 죽지 말라 하고, 못 믿겠다며 다크 매터 속까지 따라가는",,ch42,416,d_main_42_05,d_main_42_03,ch42,S270,,확실,확정
D1158,person:지즈,지즈,관계,기준,person:온리_원,,,'안아 줘' 하며 품에 얼굴을 묻는 아이에 '눈물 날 것 같아' 하는,ch46,452,d_main_46_08,,,,,확실,확정
D1780,person:지즈,지즈,관계,기준,person:드레이크,,,"예전부터 빌런 연합에 들어가고 싶었다며, '넣어 주겠다'던 드레이크의 약속을 기억해 줄까 조마조마하며 찾아온",fl:great_villain_union,478,fl:great_villain_union_02,,,,,확실,확정
D1781,person:지즈,지즈,소속,변화,,포비스트,포비스트이면서 꿈꾸던 신 빌런 연합의 첫 합격자,,fl:great_villain_union,478,fl:great_villain_union_02,,,S347,F2872,확실,확정
D1782,person:지즈,지즈,관계,변화,person:드레이크,칭찬받고 싶어 따르던 지원자,물러난 그에게 '내가 인정하는 빌런 연합의 리더는 드레이크 하나뿐'이라 하며 되돌리는,,fl:great_villain_union,478,fl:great_villain_union_11,fl:great_villain_union_10,fl:great_villain_union,S347,,확실,확정
D1,person:지휘관,지휘관,성격,기준,,,,"막 졸업한 생 신입이지만 '고장'일 뿐이라는 니케의 다리에 붕대를 감아 주는, 니케를 사람처럼 대하는 상냥한 사람",ch00,1,d_main_01_01_e,,,,,확실,확정
D5,person:지휘관,지휘관,소속,기준,,,,어제 사관학교를 졸업한 중앙 정부 니케 관리부 소속 신임 지휘관 — 추락한 마리안과 스쿼드 04-F의 지휘권을 넘겨받는다,ch00,1,d_main_01_03_e,,,,F2 F5 F7,확실,확정
D12,person:지휘관,지휘관,신념,기준,,,,"전멸 확률을 듣고도 행방불명된 니케 수색을 포기하지 않고, 침식된 마리안도 구하자고 하는 — 니케를 버리지 않는 지휘관",ch01,2,d_main_01_06_s,,,,,확실,확정
D11,person:지휘관,지휘관,소속,변화,,스쿼드 04-F를 넘겨받은 신임 지휘관,자기가 이름 붙인 스쿼드 카운터스의 지휘관,,ch01,2,d_main_01af_03,d_main_01af_03,ch01,S2,F26,확실,확정
D74,person:지휘관,지휘관,소속,변화,,전초 기지의 카운터스 지휘관,부사령관 아래 누구도 명령할 수 없는 특수 별동대 지휘관,,ch07,31,d_main_07af_03,,,S15,F214,확실,확정
D1405,person:지휘관,지휘관,신념,변화,,니케를 버리지 않는 지휘관,"혜택 받은 방관자의 최소한의 속죄로, 아웃로를 가르는 왜곡된 경계선을 지우는 길을 걷겠다는",,char:110,129,ep:d_nikke_crow_05,ep:d_nikke_crow_04,char:110,S358,,확실,확정
D150,person:지휘관,지휘관,신념,변화,,침식된 니케도 버리지 않고 구하려는,"니케가 영원과 한정된 시간 가운데 스스로 미래를 고르는 세계를 만들고, 그 열쇠로 언체인드를 구하려는",,ch17,140,d_main_17_07,,,S45,F680,확실,확정
D187,person:지휘관,지휘관,관계,기준,person:요한,,,"'폐급'이라며 내쫓으려는 요한에게, 어려운 한 번으로 더 많은 이를 구한다는 뜻을 '무가치하다고 말하게 두진 않는다'고 맞서는",ch20,164,d_main_20_03,,,,,확실,확정
D188,person:지휘관,지휘관,관계,변화,person:요한,자격을 따지는 요한에게 맞서는,샛별인 줄 알고 '선배라고 불러야 됩니까?' · 사인을 받자고 다짐하는 후배,,ch20,164,d_main_20af_01,d_main_20af_01,ch20,S56,,확실,확정
D217,person:지휘관,지휘관,신념,변화,,니케가 스스로 미래를 고르는 세계의 열쇠로 언체인드를 구하는,"찾은 언체인드를 방주에서 양산해 온전한 자기 힘으로 삼고, 마리안을 되찾을 힘을 키우려는",,ch21,189,d_main_21_10_e,d_main_21_01_s,ch21,,F870,확실,확정
D285,person:지휘관,지휘관,성격,변화,,니케를 사람처럼 대하는 상냥한 지휘관,동료가 다 죽었다 믿고 '죽여버리자'며 크로우를 쫓는 — 너 같은 걸 없애려면 기꺼이 떨어지겠다는,,ch24,219,d_main_24_06_e,d_main_24_06_s,ch24,,F1014,확실,확정
D384,person:지휘관,지휘관,신념,변화,,찾은 언체인드를 방주에서 양산해 마리안을 되찾을 힘을 키우려는,"누구도 못 한 일을 해내 방주의 누구도 적이 될 수 없을 만큼의 권력을 쥐고, 마리안을 데려오며 방주 뜻에 어긋난 동료의 편을 들려는",,ch28,275,d_main_28_02,d_main_26af_02,ch27,,,확실,확정
D594,person:지휘관,지휘관,기억,변화,,방주 출생 · 사관학교 졸업 말고는 흐릿하던,처음 온 심층부가 익숙하고 수조 속 [프로젝트] 대상자였던 꿈을 떠올려 '나는 인간이야?'라 묻는,,event_wisdomspring,353,event_wisdomspring_05_e,event_wisdomspring_04_e,event_wisdomspring,,F1773,확실,확정
D599,person:지휘관,지휘관,소속,변화,,부사령관 아래 특수 별동대 지휘관,샛별 이후 처음 공적을 공식 인정받아 누구도 함부로 짓뭉갤 수 없는,,ch35,358,d_main_35bf_02,,,,F1788,확실,확정
D654,person:지휘관,지휘관,신체,변화,,상처 입으면 치료가 필요한 인간의 몸,찔린 옆구리가 피만 굳은 채 금세 나아 통증도 없는,,ch37,373,d_main_37_08_e,,,,F1867,확실,확정
D752,person:지휘관,지휘관,관계,기준,person:소라,,,"밀수범인 소라의 간절함을 믿어 승리의 날개 호를 찾을 때까지 눈감고, 날아오를 때 함께하겠다고 약속하는",event_overthehorizon,391,event_overthehorizon_06_e,,,,,확실,확정
D781,person:지휘관,지휘관,기억,변화,,'나는 인간이야?'를 중요하게 묻던,인간이든 아니든 자기는 자기라며 지금 할 일을 하기로 한,,ch40,398,d_main_40_02,d_main_40_02,ch40,S250,F2071,확실,확정
D785,person:지휘관,지휘관,관계,기준,person:레비아탄,,,"랩칠리언과 같이 다닌 것을 보고 '넘어올 때까지 얼마 남지 않았다', 도망가지 않고 기다리고 있다고 믿는",ch40,398,d_main_40_06,,,,,확실,확정
D1676,person:지휘관,지휘관,관계,기준,person:벨벳,,,쉐이드 시절 무슨 일이 있었는지 모르지만 코코아와 이야기하던 모습을 떠올려 '앞으로는 달라질 거라고' 한 번 믿어 보는,fl:fatal_maid,432,fl:fatal_maid_10,,,,,확실,확정
D1054,person:지휘관,지휘관,관계,기준,person:버닝엄,,,"마리안을 실험대에 올리려 한 일을 원망하고, 입장은 이해해도 물러설 수 없는 게 있다는",ch44,436,d_main_44_af_02,,,,,확실,확정
D1124,person:지휘관,지휘관,관계,기준,person:백학,,,"길 잃은 백학을 데려다주지만, '그 어렸던 아이'라는 말에 자기 과거를 물으려 약속을 받아 내는",fl:good_world,448,fl:good_world_04,,,,,확실,확정
D1125,person:지휘관,지휘관,기억,변화,,[PROJECT. A.D.] 이름만 보고 자기가 무엇인지 모르던,자기가 [프로젝트 A.D.]에서 태어난 아이라는 것을 남의 입으로 확인한,,fl:good_world,448,fl:good_world_11,fl:good_world_11,fl:good_world,S312,F2566,확실,확정
D1126,person:지휘관,지휘관,관계,변화,person:백학,과거를 물으려 돕던,속셈을 털어놓고 백학이 지하를 나와 방주를 직접 체험하길 권하는,,fl:good_world,448,fl:good_world_13,fl:good_world_13,fl:good_world,S312,,확실,확정
D1131,person:지휘관,지휘관,소속,변화,,샛별 이후 처음 공적을 인정받은,샛별 이후 처음으로 부사령관 · 3대 CEO가 모인 중앙 회의실에서 작전을 세우는,,ch45,450,d_main_45_03,d_main_45_03,ch45,S315,F2577,확실,확정
D1132,person:지휘관,지휘관,신념,변화,,방주에서 힘을 쥐고 마리안을 데려오려던,시신을 먹는 동력원을 보고 하루라도 빨리 지상을 탈환하고 싶어진,,ch45,450,d_main_45_04,d_main_45_04,ch45,S314,F2581,확실,확정
D1167,person:지휘관,지휘관,관계,기준,person:도반,,,도로시를 두둔하다 반역자로 몰리자 '당신보다는 잘 안다'고 맞서고 '곱게 죽을 생각은 하지 마라'는,ch46,452,d_main_46_af_03,,,,,확실,확정
D1171,person:지휘관,지휘관,관계,기준,person:도로시,,,"니케 · 시민 앞에서 갓데스의 두 번째 리더라 밝혀 신변을 보증하고, 겪은 일을 보상받게 '설득할게, 믿어줘' 하는",ch46,452,d_main_46_af_05,,,,,확실,확정
D1271,person:지휘관,지휘관,관계,변화,person:소라,승리의 날개 호를 찾을 때까지 눈감고 날아오를 때 함께하겠다고 약속한(D752),약속대로 승리의 날개 호 ver.엘리시온의 캡틴으로 타 '하늘을 나는 기분'이라 하는,,fl:ark_ranger,462,fl:ark_ranger_25,,,S335,F2742,확실,확정
D231,person:진,진,성격,기준,,,,"목단을 '누님'이라 부르며 정보를 대지만, 한판 벌어질 곳에는 '인텔리'라며 빠지는 능청스러운 모란회 조직원",ch22,195,d_main_22_08,,,,,확실,확정
D1059,person:진,진,관계,기준,person:목단,,,혼자 가는 '누님'을 몰래 따라와 '우리는 누님 부하'라며 혼자 해결하려 하지 말라 하고 모란회 옷을 건네는,ch44,436,d_main_44_af_05,,,,,확실,확정
D2187,person:질,질,신념,기준,,,,"라쿤 시티의 참사를 겪고도, 쫓아낼 수 있으면 굳이 싸우지 않고 싸워야 할 때는 피하지 않으며 '라쿤 시티의 일이 반복되지 않도록' 반드시 막겠다는",char:841,410,ep:d_nikke_ce007_02_05,,,,,확실,확정
D1448,person:차임,차임,성격,기준,,,,"'노비'라 부르며 통행료를 뜯으려는 거만한 말투지만, 이름을 묻자 발끈해 밝히고 비밀 손잡이를 놓쳐 허탕치는 허술한 니케",event_goldenship,224,event_goldenship_04_e,,,,,확실,확정
D320,person:차임,차임,관계,기준,person:크라운,,,아가씨의 말이라면 '깊은 뜻'이라 감복하며 맹목적으로 모시는 시종,ch25,241,d_main_25_08_e,,,,,확실,확정
D452,person:차임,차임,신념,기준,,,,"사명은 왕국에 빛과 영광을 가져오고 왕을 위해 사는 것이라며, 목숨을 살려 준다는 회유에도 절대 배신하지 않는다",event_lastkingdom1,295,event_lastkingdom1_05_e,,,,F1432,확실,확정
D453,person:차임,차임,신체,변화,,멀쩡한 몸,목이 잘렸다 탈로스 · 라푼젤의 봉합으로 살아난 — 귀는 모양만 흉내 낸,,event_lastkingdom1,295,event_lastkingdom2_03_e,event_lastkingdom1_06_s,event_lastkingdom1,,F1434,확실,확정
D454,person:차임,차임,관계,변화,person:크라운,홀로 창고를 지키는 낯선 니케를 반말로 걱정해 데려가려던,'왕이 되어 줘'라 청하고 목숨이 다할 때까지 모시겠다 맹세한 백성,,event_lastkingdom1,295,event_lastkingdom2_04_s,event_lastkingdom2_04_s,event_lastkingdom1,S144,F1437,확실,확정
D1545,person:차임,차임,관계,기준,person:지휘관,,,"'이노옴'이라 호통치며 크라운 왕국 책사로 임명해 주니 영광인 줄 알라는, 거절하면 아가씨를 농락했다고 화내는",char:330,296,ep:d_nikke_crown_02,,,S145,,확실,확정
D921,person:차임,차임,관계,기준,person:마리안,,,"퀸이든 뭐든 크라운 왕국의 신하라며 쥐어박고, 어디서 뭘 하는지 제때 보고나 하라는",event_goddessfall1,418,event_goddessfall2_01_s,,,,,확실,확정
D943,person:차임,차임,성격,변화,,고압적이지만 전투는 특기가 아니라 뒤에서 아무것도 못 하던 시종,혼자 먼저 인디빌리아에게 돌진해 몸을 던져 넘겨받은 네이키드 킹을 터뜨리는,,event_goddessfall1,418,event_goddessfall2_05_s,event_goddessfall2_intermission_01,event_goddessfall1,S273,F2309,확실,확정
D2190,person:차임,차임,관계,변화,person:지휘관,왕국의 책사 자리를 거절한 죄로 '종자'로 부리며 호통치던,"지휘관에게도 소중한 것이 있음을 알아 책사 권유를 거두고, 종자 노릇을 일찍 끝내며 마리안에게 그 마음을 전해 주겠다는",,char:331,421,ep:d_nikke_chime_05,ep:d_nikke_chime_03,char:331,S279,,확실,확정
D1129,person:총사령관,총사령관,신념,기준,,,,세상을 좀 더 좋은 세계로 만들려 방주를 그 시작점으로 삼아 자기 몸 · 재산까지 내놓은,fl:good_world,448,fl:good_world_12,,,,F2568 F2562,확실,확정
D1467,person:츠바이,츠바이,성격,기준,,,,"성실하지만 시험 앞에서 잠 못 들고 '오른쪽으로만' 같은 미신에 매달리며, 그런 자신을 한심하게 여긴다",event_schooloflock,234,event_schooloflock_03_s,,,,,확실,확정
D1571,person:츠바이,츠바이,관계,기준,person:아인,,,"처음부터 생활 기록부에 아인을 가장 친한 친구로 적어 두고, 왕따 가해 소문을 믿지 않고 몰래 행적을 찍어 증거로 누명을 벗기는",event_juveniledays,317,event_juveniledays_06_e,,,,,확실,확정
D1573,person:츠바이,츠바이,신념,기준,,,,"어쩌다 니케가 되어 학교가 시키는 대로 살아온 이루고 싶은 것 없는 '색깔 없는' 자기는 망가져도 되니, 아인 · 라이만은 반드시 무사히 졸업시키겠다는",event_colorless,319,event_colorless_01_e,,,,,확실,확정
D1575,person:츠바이,츠바이,신체,변화,,밤마다 홀로 모의전을 해 팔이 너덜너덜하던,지상 첫날 밤 최전선에서 싸워 오른팔과 다리에 심한 부상을 입고 오른팔을 못 움직이는(파츠 교체가 필요한),,event_colorless,319,event_colorless_05_e,event_colorless_04_e,event_colorless,S167,F1588,확실,확정
D1574,person:츠바이,츠바이,신념,변화,,사라져야 한다면 색깔 없는 자기여야 한다며 홀로 무리하던,지켜야 할 것은 앞으로 찾아올 소중한 순간이라며 혼자 무리하지 않고 함께 졸업하기로 한,,event_colorless,319,event_colorless_06_e,event_colorless_06_s,event_colorless,S167,F1590,확실,확정
D1576,person:츠바이,츠바이,관계,변화,person:아인,자기 대신 몸 던지지 말라며 아인을 밀어내던,"못할 말을 했다고 사과하고 '멀리 떠나지 않겠다', 졸업하는 날 곁에 자기도 있겠다고 약속하는",,event_colorless,319,event_colorless_06_e,event_colorless_06_s,event_colorless,S167,,확실,확정
D2118,person:츠바이,츠바이,신념,변화,,"진로 희망에는 이루고 싶거나 되고 싶은 걸 적어야만 한다고 여겨, 딱히 쓸 게 없다며 응답을 미루던",'내가 시답잖다고 하는 일이 그 사람한텐 중요할 수도 있다'는 말을 받아들여 '[트라이앵글] 스쿼드 분들처럼 지내기'라는 시답잖은 내용을 적기로 한,,char:390,320,ep:d_nikke_zwei_05,ep:d_nikke_zwei_05,char:390,S168,F1594,확실,확정
D2122,person:츠바이,츠바이,관계,변화,person:아스카,난이도만 올려 몰아붙이는 아스카를 '역시 나랑 잘 안 맞아' 하던,끝없는 랩쳐에 대한 무력감을 털어놓은 뒤 '고작 기계로 만들어진 적'이라며 자기를 감싸 준 아스카를 '멋지다'며 콤비로 따르는,,char:830,322,ep:d_nikke_ce004_01_05,ep:d_nikke_ce004_01_05,char:830,S387,F1598,확실,확정
D2139,person:츠바이,츠바이,성격,변화,,축제를 시간 낭비라 여겨 한 번도 가 본 적 없던,"아인에게 이끌려 처음 즐긴 축제의 불꽃을 '정말 아름답다'며 1년에 한 번쯤은 괜찮다고 하고, 데리고 나와 준 아인에게 고마워하는",,event_outofuniform,351,event_outofuniform_05,event_outofuniform_01,event_outofuniform,S199,F1766,확실,확정
D1690,person:치사토,치사토,성격,기준,,,,"낯선 세계도 '꿈'이라 들뜨고, 손님 없는 카페를 보자 '이럴 때는 이벤트'라며 리코리코처럼 바꾸자고 앞장서는 낙천가",fl:lie_cause_recoil,438,fl:lie_cause_recoil_03,,,,,확실,확정
D1692,person:치사토,치사토,관계,기준,person:제인,,,"우물쭈물하는 처음 본 아이를 안심할 곳에 데려오려 초대하고, 용의자와 닮았다는 걸 알고도 끝까지 착한 아이라 믿는",fl:lie_cause_recoil,438,fl:lie_cause_recoil_10,,,,,확실,확정
D1691,person:치사토,치사토,신념,기준,,,,"총은 쓰지만 목숨은 빼앗지 않으려 하고, 총도 쓰기에 따라 사람을 도울 수 있다고 믿는",fl:lie_cause_recoil,438,fl:lie_cause_recoil_17,,,,,확실,확정
D26,person:칠리페퍼,칠리페퍼,성격,기준,,,,"메신저로 'ㅋㅋㅋ'를 섞어 가볍게 말하며 '공짜는 없다'고 보상부터 챙겨 주지만, 새 술병이었다는 말에 '짜증 나네 진짜' 하고 속내를 감추는 의뢰인",sub:칠리페퍼_00,5,sub:칠리페퍼_00,,,,,확실,확정
D77,person:칠리페퍼,칠리페퍼,관계,변화,person:지휘관,보상을 걸고 까닭 없이 확인만 맡기는 메신저 의뢰인,아버지의 일과 자기가 했던 못된 말까지 털어놓는 사이,,sub:칠리페퍼_01,38,sub:칠리페퍼_01,,,,,확실,확정
D1422,person:코코아,코코아,성격,기준,,,,"어눌한 말투로 '프로 메이드 · 메이드장'을 자처하고, 무엇에든 케첩을 넣으려 하며 공룡 모양 초콜릿을 만드는",event_maidinvalentine,175,event_maidinvalentine_prologue,,,,,확실,확정
D2000,person:코코아,코코아,신념,기준,,,,"카페에 온 이는 누구든 '주인'이고 프로 메이드는 반드시 주인을 지킨다며, 메뉴도 안 나온 손님을 데려간 납치범을 우산 하나로 혼내러 가는",char:311,176,ep:d_nikke_cocoa_03,,,,F811,확실,확정
D2001,person:코코아,코코아,관계,기준,person:지휘관,,,"지휘관을 '주인'이라 부르며 '제일 좋아하는 주인'이라 케첩 세 통 특별 서비스를 고집하고, 업무가 밀렸다는데도 '주인이랑 파티!'를 외치는",char:311,176,ep:d_nikke_cocoa_05,,,,,확실,확정
D2097,person:코코아,코코아,관계,변화,person:람,맛있어지는 주문도 케첩 그림도 안 해 프로 메이드 실격이라 따끔하게 가르치려던,판단력 · 넓은 시야 · 동료에 대한 믿음을 보고 '어엿한 프로 메이드'라 인정하며 실격이라 한 것을 사과하는,,char:822,284,ep:d_nikke_ce_003_03_05,ep:d_nikke_ce_003_03_04,char:822,,F1354,확실,확정
D1673,person:코코아,코코아,관계,기준,person:벨벳,,,'가족이니까' 당연히 돕는다며 말하기 힘들면 쓰라고 편지 세트와 머리색이 비슷한 벨벳에게만 분홍 색연필을 내미는,fl:fatal_maid,432,fl:fatal_maid_06,,,,,확실,확정
D1674,person:코코아,코코아,관계,변화,person:벨벳,가족이라 돕는 새 메이드,'선배님'의 부탁으로 방문을 지키고 편지를 비밀 요원끼리의 비밀로 지키는 후배 요원,,fl:fatal_maid,432,fl:fatal_maid_13,fl:fatal_maid_12,fl:fatal_maid,S292,,확실,확정
D27,person:콜렉터,콜렉터,성격,기준,,,,"'~입니다요' 하는 굽신대는 말투로 불법임을 솔직히 인정하면서 굶주림을 호소하고, 받은 도움은 꼭 갚겠다는 아우터 림 사람",sub:콜렉터_00,7,sub:콜렉터_00,,,,,확실,확정
D28,person:콜렉터,콜렉터,관계,변화,person:지휘관,굶주림을 호소하며 부품 줍기를 부탁하던 의뢰인,"목숨을 살려 준 은혜를 금괴로 갚고 '관계는 0'이라 정리하며, 그때가 오면 목숨 걸고 돕겠다고 약속하는 사이",,sub:콜렉터_01,41,sub:콜렉터_01,sub:콜렉터_00,sub:콜렉터_00,,F141,확실,확정
D279,person:콜렉터,콜렉터,관계,변화,person:지휘관,금괴로 갚아 '관계는 0'이라 정리한 사이,다시 신세를 져 무슨 일이든 목숨 바쳐 돕겠다는,,sub:콜렉터_02,216,sub:콜렉터_02,sub:콜렉터_02,sub:콜렉터_02,,,확실,확정
D724,person:콤,콤,신념,기준,,,,"방주가 내 재산을 빼앗았으니 눈에는 눈 — 방주에 도움이 되는 것, 방주의 재산은 모두 부순다",event_ce006,387,event_ce006_1_03_e,,,,,확실,확정
D725,person:콤,콤,관계,기준,person:아트,,,'로봇에게는 마음이 없다'면서 머리에 올라탄 벙커의 아이가 즐거워하는 모습이 '보기에 좋다'는,event_ce006,387,event_ce006_3_01_s,,,S235,,확실,확정
D726,person:콤,콤,성격,변화,,'거짓말을 하는 기능이 없다'던 로봇,울던 아이를 달래려 물에 잠긴 니케 셋이 죽지 않았다고 말하는,,event_ce006,387,event_ce006_3_02_e,event_ce006_3_02_e,event_ce006,S235,,추정,확정
D727,person:콤,콤,신념,변화,,엘리베이터로 내려가 파괴될 때까지 방주를 공격하려던,벙커 사람들의 기억을 잇기 위해 엘리베이터만 부수고 살아남는,,event_ce006,387,event_ce006_3_03_s,event_ce006_3_03_s,event_ce006,S234,F1996,확실,확정
D728,person:콤,콤,관계,변화,person:아트,자기를 기억 못 하는 아트에게 '나를 기억하나'만 되풀이하던,"기억해 낸 아트를 끌어안고 '나의 재산, 드디어 돌려받았다'는",,event_ce006,387,event_ce006_3_epilogue,event_ce006_3_epilogue,event_ce006,S234,F2002,확실,확정
D2171,person:콤,콤,신념,변화,,보물을 지키려 물속 동료들의 죽음을 묵인하고 구하지 않았던,"복수가 가장 중요하다면서도 '또다시 외면할 수 없다'며 깔린 니케를 꺼내, 애도할 수 없어 누구라도 볼 수 있게 빛이 드는 곳에 눕히는",,char:851,390,ep:d_nikke_ce006_02_05,ep:d_nikke_ce006_02_04,char:851,S239,F2007,확실,확정
D1695,person:쿠루미,쿠루미,관계,기준,org:카페_스위티,,,"모르는 세계에 와서 만난 게 카페 스위티라 다행이라며, 노래를 고르고 창고를 해킹 기지로 개조해 뒤를 받치는",fl:lie_cause_recoil,438,fl:lie_cause_recoil_04,,,,,확실,확정
D1991,person:퀀시,퀀시,성격,기준,,,,"'킥킥' 웃으며 탈옥을 천연덕스럽게 잡아떼고, 들어오는 교관의 지갑을 소리 없이 슬쩍했다 돌려주는 능청스러운",char:402,173,ep:d_nikke_quency_01,,,,F796,확실,확정
D1993,person:퀀시,퀀시,관계,기준,person:지휘관,,,"새 교관을 '말 통하는 교관'이라 추켜세우고 갱생하고 싶은 척 비위를 맞추며, 따라오면 신발 끈 핑계로 따돌리는",char:402,173,ep:d_nikke_quency_01,,,,,확실,확정
D1992,person:퀀시,퀀시,신념,기준,,,,갱생관은 자기가 힘을 가진 편한 곳이고 방주에 나가면 살아남지 못할 것이라며 갱생을 원하지 않는,char:402,173,ep:d_nikke_quency_03,,,,F799,확실,확정
D1994,person:퀀시,퀀시,관계,변화,person:지휘관,비위를 맞추며 따돌리던 교관,무너진 탈옥 루트에 갇힌 그를 찾아내 '정신 좀 차려봐!' 하며 구하는,,char:402,173,ep:d_nikke_quency_04,ep:d_nikke_quency_03,char:402,,F800,확실,확정
D1996,person:퀀시,퀀시,소속,변화,,탈옥을 일삼는 갱생 상담 대상,지휘관을 위험에 빠뜨린 죄로 창문 없는 독방에 갇히고 갱생 자격을 영영 박탈당한,,char:402,173,ep:d_nikke_quency_04,ep:d_nikke_quency_04,char:402,,F800,확실,확정
D1995,person:퀀시,퀀시,관계,변화,person:지휘관,갱생을 권하는 교관,"갱생은 끝내 마다하면서도 '면회 오면 이야기는 해 주겠다'고, 지휘관실에 병뚜껑과 '조만간 또 놀러 올게' 쪽지를 두고 가는",,char:402,173,ep:d_nikke_quency_05,ep:d_nikke_quency_05,char:402,,F799 F800,확실,확정
D1587,person:퀀시,퀀시,관계,기준,person:팬텀,,,자기 탈옥 루트에서 마주친 팬텀을 '어이없는 도둑놈' · '같은 범죄자면서 말만 멋들어진' 이라 놀리면서도 구멍으로 같이 달아나자고 하는,event_phantomthiefvsdetective,328,event_phantomthiefvsdetective_prologue,,,,,확실,확정
D1588,person:퀀시,퀀시,관계,변화,person:팬텀,'어이없는 도둑놈'이라 놀리던 탈옥범,떠나라는데도 길을 잃었을까 걱정돼 돌아와 돕는 '위대하신 괴도 팬텀님의 조수',,event_phantomthiefvsdetective,328,event_phantomthiefvsdetective_06_e,event_phantomthiefvsdetective_05_e,event_phantomthiefvsdetective,,,확실,확정
D2132,person:퀀시,퀀시,신념,변화,,탈옥을 잡아떼고 교관의 지갑을 슬쩍하던 도둑,"'지금은 손 깨끗하게 씻었다'며 병뚜껑 말고는 훔치지 않고, 도둑 누명만은 용서 못 해 진범을 쫓으며 훔친 물건을 주인에게 돌려주려는",,char:403,329,ep:d_nikke_quency_escapequeen_01,,,S172,F1608 F1609,추정,확정
D1146,person:퀸,퀸,신념,기준,,,,"지금의 지상이 마음에 안 들어 다 갈아엎겠다며, 에덴 전의 불만으로 니케를 흉내 낸 신생 랩쳐 · 새 헬레틱으로 세대교체하려는",ch46,452,d_main_46_05,,,,F2615 F2616,추정,확정
D1763,person:퀸(마코토),퀸(마코토),관계,기준,person:지휘관,,,코드네임 [퀸]만 밝히고 '시작은 이상했지만 나쁜 사람은 아닌 것 같다'며 협력하는,fl:persona_on_frontline,474,fl:persona_on_frontline_09,,,,,확실,확정
D1762,person:퀸(마코토),퀸(마코토),성격,기준,,,,각설탕을 늘어놓고 얽힌 사건을 넷으로 정리하는 괴도단의 참모,fl:persona_on_frontline,474,fl:persona_on_frontline_10,,,,,확실,확정
D1764,person:퀸(마코토),퀸(마코토),관계,변화,person:지휘관,코드네임 [퀸]으로만 불리던 협력자,본명 니지마 마코토로 불러 주면 기쁘겠다는,,fl:persona_on_frontline,474,fl:persona_on_frontline_26,fl:persona_on_frontline_26,fl:persona_on_frontline,,,확실,확정
D2229,person:퀸(마코토),퀸(마코토),관계,기준,person:팬텀,,,'같은 괴도끼리의 정'으로 숨겨 주고 잠옷까지 준비해 준 사서 팬텀과 밤새 괴도 소설 · 누아르 영화 취향을 나누며 더 이야기하고 싶어 하는,char:870,476,ep:d_nikke_ce009_01_05,,,S345,F2870,확실,확정
D319,person:크라운,크라운,성격,기준,,,,"맨손으로 음식을 들지 않는 고귀한 아가씨로, 구운 감자를 바란 일을 말을 더듬으며 '시험해 본 것'이라 둘러대는 백기사의 주인",ch25,241,d_main_25_08_e,,,,,확실,확정
D335,person:크라운,크라운,신념,기준,,,,왕은 백성의 부탁을 들어주고 백성을 무슨 일이 있어도 버리지 않는다 — 죽을 사람도 끝까지 소중한 백성이다,ch26,246,d_main_26_03_s,,,,,확실,확정
D413,person:크라운,크라운,관계,기준,person:마리안,,,"사흘을 굶고 우는 마리안 곁에 날마다 말없이 앉아 있다가, '왕국에 들어온 이상 내 백성'이라며 무엇을 하든 지키겠다는 왕",side:second_affection,288,side:second_affection_11,,,,,확실,확정
D456,person:크라운,크라운,관계,기준,person:킬로,,,"스스로를 탈로스의 부품이라 자책하는 킬로에게 주인 없는 창을 세워 보이며 '킬로가 탈로스, 탈로스가 킬로'라 일깨우는 왕",event_lastkingdom1,295,event_lastkingdom1_03_s,,,,,확실,확정
D457,person:크라운,크라운,관계,기준,person:차임,,,"목이 잘렸다 깨어나 분하다고 우는 차임에게 하찮지 않음을 보여 주라 하고, 그 복수에 함께하겠다는 왕",event_lastkingdom1,295,event_lastkingdom2_03_e,,,,,확실,확정
D455,person:크라운,크라운,소속,변화,,지휘관 · 스쿼드가 모두 죽은 뒤 얼마인지도 모르게 홀로 하이퍼 푸드 창고를 지키던 니케,차임이 안겨 준 사명을 받아들인 '차임의 왕',,event_lastkingdom1,295,event_lastkingdom2_04_s,event_lastkingdom2_04_s,event_lastkingdom1,S144,F1437,확실,확정
D458,person:크라운,크라운,신체,변화,,에블라 입자가 짙어지면 기침하며 앓는 몸,모아 둔 입자로 네이키드 킹을 열어 손짓만으로 랩쳐를 전멸시키는,,event_lastkingdom1,295,event_lastkingdom2_06_e,event_lastkingdom2_06_e,event_lastkingdom1,,F1445 F1446,확실,확정
D1542,person:크라운,크라운,관계,기준,person:지휘관,,,니케마다 역할을 주어 지휘하는 모습을 탐나는 눈으로 지켜보다 크라운 왕국의 책사가 되어 달라 청하는,char:330,296,ep:d_nikke_crown_01,,,S145,,확실,확정
D1544,person:크라운,크라운,신념,변화,,백성의 소원을 들으려면 왕은 아무 소원도 가져선 안 된다는,백성의 꿈을 이루는 것이 왕의 꿈이라 비어 있지 않다는 말을 '그렇게도 이야기할 수 있었다'며 받아들이는,,char:330,296,ep:d_nikke_crown_04,ep:d_nikke_crown_04,char:330,S145,F1457,확실,확정
D1543,person:크라운,크라운,관계,변화,person:지휘관,왕국을 지킬 책사로 삼으려 설득하던,그의 [소원](마리안)을 보물처럼 아끼며 힘을 얻어 찾아오라고 '당신의 왕'으로서 기다리겠다는,,char:330,296,ep:d_nikke_crown_05,ep:d_nikke_crown_04,char:330,S145,F1459,확실,확정
D931,person:크라운,크라운,신체,변화,,네이키드 킹을 열던,에블라 입자에 몸이 둔해져 어깨에서 허리까지 베인,,event_goddessfall1,418,event_goddessfall2_03_e,,,S273,F2300,확실,확정
D935,person:크라운,크라운,관계,변화,person:차임,하찮지 않음을 보여 주라며 복수에 함께하겠다는 왕,차임을 몸으로 막다 베인 뒤 '차임이니까 할 수 있다'며 네이키드 킹을 맡기는,,event_goddessfall1,418,event_goddessfall2_intermission_01,,,S273,F2303,확실,확정
D627,person:크러스트,크러스트,관계,기준,person:지휘관,,,첫 요리에 '미미'라 극찬한 지휘관을 특별히 여겨 '미식가님'이라 부르는,event_newflavor,367,event_newflavor_01_e,,,,,확실,확정
D626,person:크러스트,크러스트,성격,기준,,,,"'헤헤' 웃는 밝고 쉽게 긴장하는 요리사로, 음식 남기기를 싫어해 끔찍한 맛도 싹싹 긁어 먹는",event_newflavor,367,event_newflavor_02_e,,,,,확실,확정
D628,person:크러스트,크러스트,관계,기준,person:브래디,,,"브래디의 상태를 늘 살펴, 지상 재료가 모자라면 주운 지갑이라도 내밀어 무기력에서 끌어내는 리더",event_newflavor,367,event_newflavor_05_s,,,,,확실,확정
D629,person:크러스트,크러스트,신념,기준,,,,브래디가 행복해하는 맛을 만들어 내는 것이 첫 번째 목표,event_newflavor,367,event_newflavor_epilogue,,,,,확실,확정
D2157,person:크러스트,크러스트,신념,변화,,브래디가 지휘관을 맛볼 때 같은 표정을 짓는 '기억도 정보도 없는 맛'을 만들어야 한다고 믿던,"행복의 맛은 초대장 · 미소 · 즐거운 요리까지 담긴 것이라며, 일방적인 호의를 욕심이라 깨닫고 원래 요리로 돌아가는",,event_trueflavor,371,event_trueflavor_05_e,event_trueflavor_05_s,event_trueflavor,S218,F1851,확실,확정
D2158,person:크러스트,크러스트,관계,변화,person:브래디,브래디를 깜짝 놀라게 하려 주방 출입을 막고 연구를 혼자 숨기던,"처음으로 정식 초대장을 보내 연구를 털어놓고 울며 사과해, '혼자 말고 같이 연구하자'는 약속을 받는",,event_trueflavor,371,event_trueflavor_06_e,event_trueflavor_05_e,event_trueflavor,S218,,확실,확정
D2160,person:크러스트,크러스트,관계,변화,person:지휘관,첫 요리에 극찬한 지휘관을 '미식가님'이라 부르며 특별히 대접하던,"'믿을 수 있는 분'이라며 극비 아지트와 지상 재료 탐색에 데려가고, 지상의 모든 재료를 만들 때까지 함께해 달라 청하는",,char:521,372,ep:d_nikke_crust_05,ep:d_nikke_crust_02,char:521,S219,,추정,확정
D129,person:크로우,크로우,신념,기준,,,,"테러리스트란 빼앗긴 것을 되찾으려 폭력을 고른 이들을 싸잡는 강자의 논리이고, 니케를 병기로 만들어 지상에 던진 방주 시민은 무고하지 않은 방관자라 본다",ch16,80,d_main_16_02,,,,,확실,확정
D128,person:크로우,크로우,성격,기준,,,,'앞에 빙판'이라 장난치고 정강이 차기를 총으로 막으며 '악당은 비겁한 게 미덕'이라 능청스럽게 받아치는 냉소적인 아웃로 리더,ch16,80,d_main_16_05_s,,,,,확실,확정
D130,person:크로우,크로우,관계,기준,person:지휘관,,,"빔 포에서 지휘관을 밀쳐 구하고도 '중앙 정부의 개, 감시견이면 감시견답게 굴고 위하는 척 가식 떨지 말라'고 몰아세운다",ch16,80,d_main_16_05_e,,,,,확실,확정
D131,person:크로우,크로우,관계,변화,person:지휘관,위선 떠는 중앙 정부의 감시견,'한 세기에 나올 리더 감'이라 인정하기에 제3의 길을 꿈꾸게 할까 봐 쏘아 죽이려는 적,,ch16,80,d_main_16_13_e,d_main_16_11,ch16,S37,F414,확실,확정
D1404,person:크로우,크로우,관계,변화,person:지휘관,'리더 감'이라 인정하기에 쏘아 죽이려는 적,"한번 느긋하게 이야기해 보려 자수까지 걸고, 네 편에 서려 한다는 말에 '내가 진 걸로 치자'며 속사정을 털어놓는",,char:110,129,ep:d_nikke_crow_05,ep:d_nikke_crow_03,char:110,S358,,확실,확정
D1999,person:크로우,크로우,관계,기준,person:바이퍼,,,"제 욕망만 따르는 '음습한' 부하라 깎아내리며 내버려 두는 건 쓸모 때문이라 못 박고, 지휘관에게 빠질 것을 경고하는",char:112,174,ep:d_nikke_viper_05,,,S384,F806,확실,확정
D284,person:크로우,크로우,관계,변화,person:지휘관,'리더 감'이라 인정하기에 쏘아 죽이려는 적,'다시는 나오지 않을 영웅'이라 존경하기에 제 손으로 니케를 죽이게 해 추락시키려는 — '나의 주인공',,ch24,219,d_main_24_06_s,,,,F1014,확실,확정
D293,person:크로우,크로우,소속,변화,,이그조틱의 리더,방주 테러 주동자로 확정되어 뇌를 헤집는 조사 뒤 에닉의 처우를 기다리는,,ch24,219,d_main_24_09,,,,F1018,확실,확정
D1080,person:크로우,크로우,성격,변화,,조용하고 성실하며 어떤 폭력 · 무시도 의연히 버티던 헌신적 단원,"목소리를 높여 엔터 헤븐 안에 세력을 만든, 범죄를 달콤한 말로 정당화하는 선동가",,fl:enter_heaven,442,fl:enter_heaven_10,,,S305,,확실,확정
D2185,person:클레어,클레어,신념,기준,,,,"라쿤 시티를 겪고 위험에 무던해졌지만 그 기억은 끔찍하다며, 다른 사람들이 그런 위험한 삶에 적응하지 않도록 막으려는 — 일단 부딪혀 최선을 다하자는",char:842,409,ep:d_nikke_ce007_03_05,,,S260,,확실,확정
D1540,person:클레이,클레이,성격,기준,,,,"스스로 몸치 · 박치라면서 쇼맨십으로 관중을 웃기고 '~옷' 하며 늘 밝게 굴고, 무엇이든 포기하지 않으면 기회가 온다며 지치지 않는",event_onemoretime,289,event_onemoretime_02_e,,,,,확실,확정
D1541,person:클레이,클레이,관계,기준,person:베이,,,"매번 서류에서 떨어지면서도 지원한 베이의 오랜 팬으로, 꿈에 그리던 팀에서 베이가 원하는 대로 리와인드를 일으키겠다는",event_onemoretime,289,event_onemoretime_02_e,,,,,확실,확정
D1557,person:클레이,클레이,신념,변화,,포기하지 않고 베이처럼 희망을 주자던,베이 없이는 아무것도 못 하는 쓸모없는 존재라며 응원도 중간에 그만두고 다 놓고 싶다는,,event_claymore,303,event_claymore_02_e,event_claymore_01_s,event_claymore,S154,,확실,확정
D1560,person:클레이,클레이,관계,기준,person:밀크,,,"자기를 위로한 밀크가 패배의 대명사인 옛 이름 루비로 이겨 이미지를 바꾸려 한다는 말에, 두 손을 잡고 꼭 이기게 돕겠다고 나서는",event_claymore,303,event_claymore_03_e,,,,,확실,확정
D1559,person:클레이,클레이,관계,기준,person:지휘관,,,"지휘관을 '코치님'이라 부르며, 바쁜 분이 찾아온 건 베이의 부탁이리라 짐작하면서도 옆에 있어 주니 든든하다며 또 포기하려 하면 따끔하게 혼내 달라고 기대는",event_claymore,303,event_claymore_intermission_01,,,,,확실,확정
D1556,person:클레이,클레이,신념,기준,,,,"언더 아레나에서 버려지기로 한 마지막 경기에서 베이의 응원을 받고, 쉽게 포기하지 않고 꺾일지언정 부러지지 않으며 리와인드에 들어가 베이처럼 누군가에게 희망을 주자고 결심한",event_claymore,303,event_claymore_06_s,,,S155,,확실,확정
D1558,person:클레이,클레이,신념,변화,,베이 없이는 쓸모없다며 포기하려던,남을 서포트하는 것이 자기가 할 수 있는 일이고 리와인드가 있어야 할 곳임을 안,,event_claymore,303,event_claymore_06_e,event_claymore_06_e,event_claymore,S154,,확실,확정
D2112,person:클레이,클레이,성격,변화,,"쉴 때도 공연 영상 복습 · 안무 연습 · 체력 단련으로 스스로 몰아붙이고, 쉬는 것조차 '열심히 해야지' 하고 힘이 들어가던",가장 좋아하는 응원 — 리와인드 공연 영상 보기 — 를 자기만의 휴식법으로 깨닫고 제 방식대로 쉬어 몸이 가벼워진,,char:551,304,ep:d_nikke_clay_05,ep:d_nikke_clay_05,char:551,S156,F1505,확실,확정
D2113,person:클레이,클레이,관계,변화,person:지휘관,또 포기하려 하면 따끔하게 혼내 달라며 기대는 '코치님',쉬는 법을 함께 찾아 준 코치님에게 다음에도 힘들어지면 찾아가 같이 쉬자는,,char:551,304,ep:d_nikke_clay_05,ep:d_nikke_clay_05,char:551,S156,,추정,확정
D301,person:키리,키리,성격,기준,,,,"시력이 나빠 허공에 인사하고 소리에 잘 놀라는 겁 많은 신참이지만, 사람들이 모여 행복해하는 분위기를 좋아하는 밝고 성실한 경찰",event_freezeacpu,239,event_freezeacpu_02_s,,,,,확실,확정
D302,person:키리,키리,관계,기준,person:지휘관,,,흐릿한 세상에서 유일하게 선명한 지휘관이 곁에 있는 것만으로 든든하다며 의지하는 순찰 짝,event_freezeacpu,239,event_freezeacpu_03_e,,,,,확실,확정
D303,person:키리,키리,신념,변화,,사탕을 다 나눠 준 실수에 '경찰로서의 자격이 없다'며 무너짐,흐릿한 눈에 선명한 것을 좇아 수사를 이끌고 '앞으로도 열심히 하는 경찰이 되겠다',,event_freezeacpu,239,event_freezeacpu_06_e,event_freezeacpu_06_s,event_freezeacpu,S96,,확실,확정
D2076,person:키리,키리,신념,기준,,,,"이상한 곳을 보고 말한다고 늘 혼나기만 해, 볼트 · 자판기 실수를 'A.C.P.U.의 이미지를 실추시키는' 일로 여겨 자책하는",char:33,240,ep:d_nikke_quiry_05,,,,F1094,확실,확정
D2075,person:키리,키리,관계,변화,person:지휘관,"소문으로만 듣던 지휘관을 처음 만나 나무 · 가로등을 보며 말을 걸고, 손에 이끌려 다니던","다른 건 다 흐린데 지휘관만은 멀리서도 바로 찾아 달려오고, '요즘 반짝반짝 지휘관 얼굴이 엄청 선명하게 보인다'는",,char:33,240,ep:d_nikke_quiry_05,ep:d_nikke_quiry_05,char:33,S97,F1091,확실,확정
D838,person:키리,키리,성격,변화,,행정만 맡아 와 큰일은 다른 이가 맡아야 한다며 물러서려는,'마음이 중요하다'는 말에 런처를 고쳐 잡고 앞장서는,,fl:reborn_evil,407,fl:reborn_evil_24,fl:reborn_evil_24,fl:reborn_evil,,,확실,확정
D448,person:킬로,킬로,관계,기준,person:마리안,,,헬레틱 모더니아로 알아본 마리안의 경고에 질려 방주 연락을 취소하고 숨을 몰아쉬는,event_lastkingdom1,295,event_lastkingdom1_01_e,,,,,확실,확정
D444,person:킬로,킬로,관계,기준,person:T.A.L.O.S.,,,"왕국의 칭찬이 다 탈로스 몫이라 여겨 '네가 그렇겠지, 내가 아니라'며 속으로 질투하는 파일럿",event_lastkingdom1,295,event_lastkingdom1_02_e,,,,,확실,확정
D443,person:킬로,킬로,성격,기준,,,,"양산형보다 못한 스펙으로 서른두 번 스쿼드를 옮겨 다녀, 자기를 탈로스를 움직이는 '부품'이라 부르며 어디에도 소속될 수 없다고 우는 겁 많은 니케",event_lastkingdom1,295,event_lastkingdom1_03_s,,,,,확실,확정
D449,person:킬로,킬로,관계,변화,person:마리안,마리안의 경고에 질려 숨을 몰아쉬던,두통에 시달리는 마리안의 손을 잡고 받은 '힘내요'를 돌려주는,,event_lastkingdom1,295,event_lastkingdom2_02_e,event_lastkingdom1_03_e,event_lastkingdom1,,,확실,확정
D445,person:킬로,킬로,관계,변화,person:T.A.L.O.S.,파일럿을 차임으로 바꾸고 탈로스만 두고 떠나려던 질투,심한 말을 사과하고 서로 포기하지 않기로 한 '나만의 장소',,event_lastkingdom1,295,event_lastkingdom2_intermission,event_lastkingdom2_intermission,event_lastkingdom1,,F1439,확실,확정
D447,person:킬로,킬로,소속,변화,,방주로 돌아가려던 헤비그램의 시험 파일럿,탈로스와 함께 크라운 왕국에 남은 백성,,event_lastkingdom1,295,event_lastkingdom2_04_s,event_lastkingdom2_intermission,event_lastkingdom1,,F1439,확실,확정
D446,person:킬로,킬로,성격,변화,,포기부터 하고 탈로스 뒤에 숨는 겁쟁이,'이젠 내가 너를 지킬게'라며 케이블을 제 가슴에 꽂는,,event_lastkingdom1,295,event_lastkingdom2_05_e,event_lastkingdom2_intermission,event_lastkingdom1,,F1444,확실,확정
D2105,person:킬로,킬로,관계,기준,person:지휘관,,,"소문으로만 듣던 '주가가 높은' 카운터스의 지휘관에게 구조된 뒤 전초기지 구경이 일생의 소원이라며 따라와 재능 찾기를 부탁하고, 실전에서 상황 판단력을 인정받자 연신 고마워하면서도 민폐가 될까 더는 도움을 사양하는",char:361,297,ep:d_nikke_kilo_02,,,S146,,확실,확정
D936,person:킬로,킬로,관계,기준,person:크라운,,,'저에게 있어야 할 곳을 알려준 정말 소중한 분'이라며 나유타에게 살려 달라 청하는,event_goddessfall1,418,event_goddessfall2_intermission_01,,,,,확실,확정
D1693,person:타키나,타키나,성격,기준,,,,"낯선 곳에서 '함정일 수 있다'며 경계를 늦추지 않고, 큰 총을 든 상대에게 곧바로 권총을 겨누는 원칙파",fl:lie_cause_recoil,438,fl:lie_cause_recoil_02,,,,,확실,확정
D1694,person:타키나,타키나,관계,기준,person:치사토,,,'영화를 너무 많이 봤다'며 핀잔하면서도 '치사토치곤 괜찮은 아이디어'라며 따르는 파트너,fl:lie_cause_recoil,438,fl:lie_cause_recoil_03,,,,,확실,확정
D1492,person:토브,토브,성격,기준,,,,"생존 영상 · 책을 통째로 외워 '생존 전문가'를 자처하고 선배들의 칭찬을 기대하지만, 막상 불 피우기 · 벌레 먹기 · 지네 앞에선 허둥대는 엉뚱한 신입",event_alonesurvivor,256,event_alonesurvivor_prologue,,,,,확실,확정
D1493,person:토브,토브,소속,기준,,,,"미실리스에서 생산되어, 오지 생존에 관심이 많다는 이유로 롤아웃되자마자 북부 언리미티드에 배정된 신입",event_alonesurvivor,256,event_alonesurvivor_01_s,,,,,확실,확정
D1494,person:토브,토브,관계,기준,person:지휘관,,,"지휘관을 '생존가님'이라 부르며, 이 분야의 문외한이라도 생존 전문가인 자기가 반드시 살려 주겠다고 큰소리치는",event_alonesurvivor,256,event_alonesurvivor_01_e,,,,,확실,확정
D1496,person:토브,토브,신념,기준,,,,"오지를 개척하며 길 잃은 사람을 구하고 살리는 언리미티드의 일에 프라이드를 갖고, 그 마음만은 선배들에게 지지 않는다는",event_alonesurvivor,256,event_alonesurvivor_04_e,,,,,확실,확정
D1495,person:토브,토브,관계,변화,person:지휘관,문외한을 살려 주겠다고 큰소리치던,"그동안 생각보다 많이 의지했다고 털어놓고, 앓는 지휘관을 업고 '꼭 살려서 보내 드리겠다'는",,event_alonesurvivor,256,event_alonesurvivor_05_s,,,,,확실,확정
D1497,person:토브,토브,신념,변화,,프라이드는 있지만 실전마다 허둥대던,왼팔이 타들어 가도 '살리겠다는 말을 포기하려고 내뱉은 게 아니다'며 홰를 놓지 않는,,event_alonesurvivor,256,event_alonesurvivor_06_s,event_alonesurvivor_05_e,event_alonesurvivor,S111,F1206,확실,확정
D1498,person:토브,토브,소속,변화,,롤아웃되자마자 배정된 신입,구해 낸 양산형의 '고마워요'에 울며 어엿한 언리미티드의 일원이 된,,event_alonesurvivor,256,event_alonesurvivor_epilogue,event_alonesurvivor_06_e,event_alonesurvivor,S111,F1208,확실,확정
D2079,person:토브,토브,신념,변화,,속도 · 안정성으로 선배들보다 앞서는 '스마트함'을 증명하려던,"활약하고 싶은 후배가 아니라 사람들을 살리는 구조자로서, 가진 자원을 다 동원해 맨몸으로 못 하는 일을 해내는 것이 서바이벌의 본질이라는",,char:192,257,ep:d_nikke_tove_04,ep:d_nikke_tove_04,char:192,S112,F1211,확실,확정
D2078,person:토브,토브,관계,변화,person:루드밀라,선배들의 감 · 스펙에 기대는 방식을 '야만적'이라 여겨 제 방식으로 바꾸려 들던,"서로 다른 방식을 가진 이들이 한 스쿼드에 모인 이유를 깨달아, 선배 방식을 바꿀 필요도 제 것을 버릴 필요도 없다는",,char:192,257,ep:d_nikke_tove_05,ep:d_nikke_tove_05,char:192,S112,,확실,확정
D2080,person:토브,토브,관계,변화,person:지휘관,생각보다 많이 의지했다고 털어놓던,고민을 들어 준 '생존가님'을 멘토라 부르며 앞으로도 고민이 생기면 바로 달려가겠다는,,char:192,257,ep:d_nikke_tove_05,ep:d_nikke_tove_04,char:192,S112,,확실,확정
D65,person:토커티브,토커티브,성격,기준,,,,"니케를 ""유사인간""이라 깔보며 제 몸을 뜯어 고통을 되돌려 주는 것을 ""유쾌하다""고 웃는, 말하고 생각하는 잔혹한 랩쳐",ch04,15,d_main_04_04_e,,,,,확실,확정
D105,person:토커티브,토커티브,신체,변화,,출력이 지금껏 최고로 오른 헬레틱,머리만 남아 마리안 위로 떨어져 다시 침식시키고 죽음,,ch13,64,d_main_13_08_e,d_main_13_08_e,ch13,S31,F338 F341,확실,확정
D299,person:토커티브,토커티브,관계,기준,person:퀸,,,"갈 곳을 잃고 죽어 가던 자기를 다시 태어나게 해 준 퀸만을 모신다며, 퀸이 자기를 몰라도 상관없다는 충신",ch24,219,d_main_24af_03,,,,,확실,확정
D463,person:토커티브,토커티브,신체,변화,,머리만 남아 죽었던 몸,"화룡을 먹고 강해져, 격분하자 양팔에 화룡의 머리를 단 모습",,event_lastkingdom1,295,event_lastkingdom2_05_e,event_lastkingdom2_05_e,event_lastkingdom1,,F1443 F1430,확실,확정
D464,person:토커티브,토커티브,신체,변화,,양팔에 화룡의 머리를 단 몸,머리가 뽑혀 몸이 소멸했지만 랩쳐 무리 속에서 포식으로 신체를 재구축한,,event_lastkingdom1,295,event_lastkingdom2_epilogue,event_lastkingdom2_05_e,event_lastkingdom1,,F1444 F1453,확실,확정
D465,person:토커티브,토커티브,관계,변화,person:마리안,'네가 누구인지 기억해라'며 데려가려 하고 인디빌리아에게 '건들지 마라'던,"의지와 상관없이 무릎 꿇고 '분부대로 하겠습니다, 여왕님'",,event_lastkingdom1,295,event_lastkingdom2_epilogue,event_lastkingdom2_epilogue,event_lastkingdom1,,F1452,확실,확정
D905,person:토커티브,토커티브,관계,변화,person:마리안,의지와 상관없이 무릎 꿇고 '여왕님'이라 섬기는,퀸의 다음 몸이 될 그릇이라 온전해야 한다며 지키는 — 뒤에는 뼈를 부러뜨리며 '그릇으로만 있으라' 하는,,event_goddessfall1,418,event_goddessfall1_intermission_01,,,S273,F2275 F2307,확실,확정
D941,person:토커티브,토커티브,신체,변화,,마리안을 그릇으로 붙잡던,파이오니아 셋에게 머리가 뽑혀 짓밟힌,,event_goddessfall1,418,event_goddessfall2_04_e,,,S273,F2306,확실,확정
D46,person:트레저_헌터,트레저 헌터,관계,기준,person:지휘관,,,'솔깃 솔깃' 하며 애교 섞인 말투로 보물찾기를 맡기고 몫을 흥정하는 메신저 의뢰인,sub:트레저_헌터_00,12,sub:트레저_헌터_00,,,,,확실,확정
D47,person:트레저_헌터,트레저 헌터,관계,변화,person:지휘관,애교 섞인 메신저 의뢰인,'사기꾼! 다신 연락하지 말자' — 진실을 전한 지휘관을 끊어 냄,,sub:트레저_헌터_03,83,sub:트레저_헌터_03,sub:트레저_헌터_03,sub:트레저_헌터_03,,,확실,확정
D396,person:트로니,트로니,관계,기준,person:일레그,,,"'잘 부탁해'를 더듬으며 연구를 시작하고, '최고'라는 일레그의 칭찬에 '헤헤' 하고 웃는 수줍은 연구 짝",event_boomsday,280,event_boomsday_01_s,,,,,확실,확정
D394,person:트로니,트로니,신념,기준,,,,"하늘이 가짜라 말하던 꿈을 광고 사건의 패닉을 보고 접고, '진실은 가려져 있는 편이 낫다'고 믿게 된다",event_boomsday,280,event_boomsday_intermission_01,,,,,확실,확정
D393,person:트로니,트로니,성격,기준,,,,"칭찬 한마디에 무릎에 얼굴을 파묻고 떨며, 사람 앞에 설 생각만 해도 울렁거려 슈엔을 만날 때마다 유언장을 고치는 소심한 천재",event_boomsday,280,event_boomsday_04_s,,,,,확실,확정
D395,person:트로니,트로니,성격,변화,,몇 년째 방에 틀어박혀 '난 괜찮아'로 문을 닫던,'도망쳐서 해결되는 건 없다'며 스스로 문을 열고 대정전 속으로 달려 나간,,event_boomsday,280,event_boomsday_05_s,event_boomsday_04_e,event_boomsday,,,확실,확정
D397,person:트로니,트로니,관계,변화,person:일레그,문 너머 일레그의 부름을 게임 소리로 밀어내던,"변전소로 달려와 '다시 한번 잘 부탁해' 하고, 혼자 떠안던 동력원을 일레그에게도 보여 주려는",,event_boomsday,280,event_boomsday_05_e,event_boomsday_04_e,event_boomsday,,,확실,확정
D398,person:트로니,트로니,신념,변화,,진실은 가려져 있는 편이 낫다,언젠가 모든 사람이 진짜 하늘을 볼 수 있게 만들겠다 — 제어할 수 없는 방주는 없어져야 한다,,event_boomsday,280,event_boomsday_epilogue,event_boomsday_04_e,event_boomsday,,,확실,확정
D473,person:트로니,트로니,관계,기준,person:지휘관,,,"내일 시간 있냐 묻고는 '당연히 나한테 내줄 시간은 없겠지' 움츠러들다, 있다는 말에 '다행이다 헤헤' 하는",event_darkhero,298,event_darkhero_01_s,,,,,확실,확정
D471,person:트로니,트로니,관계,기준,person:메이든,,,고맙다며 울고 머리를 쓰다듬는 메이든의 손길을 그만하라고 못 하고 눈을 질끈 감은 채 받아들이는,event_darkhero,298,event_darkhero_01_e,,,,,확실,확정
D469,person:트로니,트로니,신념,변화,,사람들이 바라는 블랙 같은 대단한 히어로가 아니라며 [방주의 히어로]라는 말에 짓눌리던,"[방주의 히어로]로 남기를 거절하고, 남의 기대가 아닌 제 진심으로 친구에게 손 내미는 히어로가 되겠다는",,event_darkhero,298,event_darkhero_06_s,event_darkhero_03_e,event_darkhero,S147,,확실,확정
D472,person:트로니,트로니,관계,변화,person:메이든,쓰다듬는 손길도 거절 못 하고 받기만 하던,"체포하겠다며 막아선 메이든 앞에 나서 제 진심을 말하고, 우는 메이든의 머리를 까치발로 쓰다듬는",,event_darkhero,298,event_darkhero_06_s,event_darkhero_06_s,event_darkhero,S147,,확실,확정
D470,person:트로니,트로니,관계,변화,person:일레그,받기만 해 와 무언가 해 주고 싶지만 일레그가 좋아하는 것도 모르던,폐기 · 도망자 신세를 무릅쓰고 갇힌 일레그에게 달려가 '내 손을 잡아' 하는,,event_darkhero,298,event_darkhero_06_e,event_darkhero_04_s,event_darkhero,S147,,확실,확정
D2107,person:트로니,트로니,성격,변화,,불편하고 즐겁지 않아도 상관없다며 책 메모대로 다른 누군가를 연기해 낯가림을 고치려던,'트로니는 트로니면 된다'를 받아들이고 다른 길은 혼자 고민하겠다는,,char:501,299,ep:d_nikke_trony_05,ep:d_nikke_trony_05,char:501,S148,,확실,확정
D2106,person:트로니,트로니,관계,변화,person:일레그,일레그에게 다 떠맡길 수 없다며 낯가림을 고쳐 회의에 대신 나가려 남을 연기하던,"제 방식(게임 공략집 · 연구실 일)으로 일레그 몫을 맡고, '믿고 맡길 수 있다'는 말에 꾸밈없이 웃는",,char:501,299,ep:d_nikke_trony_05,ep:d_nikke_trony_05,char:501,S148,F1480,확실,확정
D1627,person:트로니,트로니,성격,변화,,남과 마주하기를 겁내 숨던,대화에 조금 익숙해져 더 어려운 메이드 일에 스스로 나선,,event_romanticvalentine,355,event_romanticvalentine_02_s,,,,,확실,확정
D1630,person:트리나,트리나,성격,기준,,,,"수목원 나무를 '아이들'이라 부르고 새들과 이야기하며, 답답하면 아무 데서나 옷을 벗는 느긋한 니케",fl:for_rest,365,fl:for_rest_00,,,,,확실,확정
D1631,person:트리나,트리나,신념,변화,,식물 연구가 지상탈환에 도움이 안 돼 의미를 모르던,꽃과 나무에 걱정을 잊는 사람들을 보고 식물의 가치를 지키기로 린네와 약속한,,fl:for_rest,365,fl:for_rest_08,fl:for_rest_08,fl:for_rest,S212,F1826,확실,확정
D1633,person:트리나,트리나,관계,변화,person:리타,벚꽃길을 함께 만든 옛 의뢰 상대로 잔소리를 듣던,가장 소중한 수목원 열쇠를 맡기고 리타의 회중시계를 받은 벗,,fl:for_rest,365,fl:for_rest_14,fl:for_rest_13,fl:for_rest,,F1831,확실,확정
D1632,person:트리나,트리나,신념,변화,,영원의 벚꽃은 허상이고 린네와의 약속을 망쳤다며 수목원을 닫고 언덕을 피하던,영원의 벚꽃이 린네의 바람을 이뤘음을 보고 사람들이 걱정을 잊도록 수목원을 열기로 한,,fl:for_rest,365,fl:for_rest_14,fl:for_rest_13,fl:for_rest,S211,F1827,확실,확정
D2154,person:트리나,트리나,관계,기준,person:지휘관,,,멀리서만 보던 지휘관을 '햇님'이라 부르며 그 빛을 느끼려 바짝 다가와 품에 재워 버리는,char:412,366,ep:d_nikke_trina_02,,,,,확실,확정
D2155,person:트리나,트리나,관계,변화,person:지휘관,옷을 벗지 말라며 교정하러 온 햇님,교정을 그만두고 함께 알몸이 되어 자연을 처음으로 같이 느껴 준 이 — '앞으로도 잘 부탁드려요',,char:412,366,ep:d_nikke_trina_05,ep:d_nikke_trina_04,char:412,,F1833,확실,확정
D1463,person:트리세라,트리세라,성격,기준,,,,"실기시험마다 긴장해 떨어서 필기시험을 보험 삼아 버텨 온, 겁 많고 지친 3학년 — 그래도 친구들이 휘말리지 않게 불을 질러 대피시키려 한다",event_schooloflock,234,event_schooloflock_05_s,,,,,확실,확정
D1464,person:트리세라,트리세라,신념,변화,,평생 실험체가 될 바에 엘리베이터와 함께 죽겠다며 시험을 포기한,'실수해도 된다'는 말에 총을 받아 시험에 나서고 새 학기에 돌아와 파르페 약속을 지키는,,event_schooloflock,234,event_schooloflock_06_s,event_schooloflock_05_e,event_schooloflock,S94,,확실,확정
D1470,person:티아,티아,성격,기준,,,,"보기만 하면 해맑게 웃으며 달라붙고, 디저트만 보면 어쩔 줄 모르는 '디저트에 진심'인 아이",event_dazzlingcupid,236,event_dazzlingcupid_prologue,,,,,확실,확정
D1472,person:티아,티아,관계,기준,person:지휘관,,,"'선생니임~' 하며 시도 때도 없이 안기고, 아침부터 만나 너무 좋다는",event_dazzlingcupid,236,event_dazzlingcupid_prologue,,,,,확실,확정
D1476,person:티아,티아,성격,변화,,나가가 다 챙겨 주던,나가의 도움 없이 스스로 챙겨 인정받고 정정당당하게 겨루겠다는,,event_dazzlingcupid,236,event_dazzlingcupid_03_s,,,,,확실,확정
D1477,person:티아,티아,관계,변화,person:나가,멋있다며 따르던 단짝,"자신만만한 나가가 '재수 없다', 진심이 아니면 포기하라고 맞서는",,event_dazzlingcupid,236,event_dazzlingcupid_06_s,,,,,확실,확정
D1479,person:티아,티아,관계,변화,person:나가,나가에게 포기하라고 맞서던,'스타킹값'으로 나가의 실수를 덮어 주고 사과해 화해하는,,event_dazzlingcupid,236,event_dazzlingcupid_epilogue,,,,F1083,확실,확정
D1481,person:티아,티아,관계,변화,person:지휘관,반기며 안기던 선생님,'선생님을 좋아하는 마음은 양보 못 해' — 자기들을 어린아이로 보는 게 아쉬운,,event_dazzlingcupid,236,event_dazzlingcupid_epilogue,,,,,확실,확정
D2072,person:티아,티아,관계,기준,person:나가,,,"친구들을 위해 늘 애쓰는 나가가 '반짝반짝 빛나 보여' 같은 조가 된 것을 기뻐하고, 자책하는 나가에게 졸업 뒤까지 평생 단짝을 청하는",char:450,237,ep:d_nikke_naga_05,,,S95,F1087,확실,확정
D2073,person:티아,티아,신념,기준,,,,"졸업반이 되도록 진로 희망이 '딱히 없어' 나가의 것을 커닝하려 하다, 하고 싶은 것을 찾으러 선생님에게 가는",char:451,238,ep:d_nikke_tia_01,,,,,확실,확정
D2074,person:티아,티아,신념,변화,,하고 싶은 것을 찾아보려고 체험 학습에 나선,"'어차피 우리가 정하는 게 아니다, 우리는 학생이니까'라며 [없음]을 썼다가, 나가가 고쳐 준 [미정]을 '너무 마음에 든다'며 내는",,char:451,238,ep:d_nikke_tia_05,ep:d_nikke_tia_04,char:451,,F1089 F1090,확실,확정
D1747,person:티아,티아,관계,변화,person:마르차나,선생님이 다 걱정해서라는 걸 알고 따르던,'보호가 너무 버거워요'라 처음으로 맞서는,,fl:wave_to_you,464,fl:wave_to_you_17,fl:wave_to_you_16,fl:wave_to_you,S336,,확실,확정
D2063,person:파스칼,파스칼,성격,기준,,,,"랩쳐로 알고 총을 쏜 상대에게도 '싸우고 싶지 않다'며 다친 다리부터 걱정하고, 낯선 세계의 지상도 '충분히 아름답다'고 보는 다정하고 긍정적인 기계생명체",char:812,232,ep:d_nikke_ce_02_03_01,,,,,확실,확정
D2007,person:파워,파워,성격,기준,,,,"마인이 되기 전 유명한 악마였다고 으스대며 리더 자리를 탐내다가 책임은 질색이라 내주고, 몰리면 '드레이크가 시켰다'며 남 탓을 하는",char:801,179,ep:d_nikke_c_2_01,,,,F821,확실,확정
D163,person:파피용,파피용,관계,기준,person:버닝엄,,,"'버닝엄 님~ 당신의 니케가 왔어요' 하고, 지상에 가라는 명에 잠깐 망설이다 '전 당신만의 니케니까요'라 따르는",ch18,146,d_main_18af_06,,,,F707,확실,확정
D180,person:파피용,파피용,성격,기준,,,,"카운터스를 '꿀벌'이라 놀리며 정보를 꿀처럼 흥정하고, 필요하면 상관의 기밀도 흘리겠다는 능청스러운 거래꾼",ch19,159,d_main_19_01,,,,,확실,확정
D181,person:파피용,파피용,관계,기준,person:지휘관,,,지휘관을 '허니'라 부르며 '품에 날아든 나비'를 케어해 주면 부사령관의 기밀을 주겠다고 꾀는,ch19,159,d_main_19_01,,,,,확실,확정
D198,person:파피용,파피용,관계,기준,person:도로시,,,"통신을 쥔 도로시의 위협에 방주 상층부 커넥션을 미끼로 버티다 조건을 받아들이는, 서로 쥔 것을 거래하는 사이",ch20,164,d_main_20af_02,,,,,확실,확정
D218,person:파피용,파피용,소속,변화,,버닝엄의 니케로 카운터스와 지상에 동행,'임무 수행 중'이라며 에덴에 남아 도로시와 방주행 거래를 하는,,ch21,189,d_main_21af_01,,,,F871,확실,확정
D842,person:파피용,파피용,관계,변화,person:도로시,통신을 쥔 도로시와 서로 쥔 것을 거래하는,방주에서의 미래를 약속받고 에덴의 기술을 빼돌려 주는 협력자,,side:eden_spear,411,side:eden_spear_05,side:eden_spear_05,side:eden_spear,,F2165,확실,확정
D912,person:파피용,파피용,성격,변화,,"'지하로 도망가자', '도망가야 하는 거 아냐?'를 외치는 겁 많은 인질",도망칠 루트를 알면서도 '고속 승진' 핑계로 남아 보급을 뛰는,,event_goddessfall1,418,event_goddessfall1_04_e,,,S273,,확실,확정
D926,person:파피용,파피용,신념,기준,,,,'사는 것보다 중요한 게 어딨어?' — 자폭 대신 방주에 지원을 청하러 가겠다는,event_goddessfall1,418,event_goddessfall2_02_s,,,,,확실,확정
D937,person:파피용,파피용,신념,변화,,사는 것보다 중요한 건 없다며 웃으며 달아나던,전파탑에서 도로시에게 도우러 오라 하고 '미쳤나 봐 나'라며 에덴으로 되돌아 달리는,,event_goddessfall1,418,event_goddessfall2_04_s,event_goddessfall2_03_s,event_goddessfall1,S273,F2304,확실,확정
D938,person:파피용,파피용,관계,변화,person:도로시,통신을 쥔 도로시와 서로 쥔 것을 거래하는,'닥치고! 빨리! 오라고!' 다그쳐 에덴을 도우러 오게 하는,,event_goddessfall1,418,event_goddessfall2_04_s,,,S273,,확실,확정
D1035,person:파피용,파피용,소속,변화,,출세하려 에덴에 머무는 방주의 스파이,'여기 애들 다 좋은 애들'이라며 보고를 미루고 에덴에 남는,,ch44,436,d_main_44_06,,,S297,F2425,확실,확정
D1335,person:파피용,파피용,신념,변화,,전파탑에서 '미쳤나 봐 나'라며 에덴으로 돌아간,스파이 짓부터 에덴에 남은 것까지 '단 하나도 후회 안 해 — 그때의 나는 늘 최선이었다'는,,ch48,472,d_main_48_03,,,S342,,확실,확정
D1586,person:팬텀,팬텀,관계,기준,person:지휘관,,,"아는 사람과 닮았다는 지휘관 앞에서 시치미를 떼고, 지휘관실을 괴도단의 기지로 삼아 지휘관을 '그대'라 부르며 자동으로 끌어들이는",event_phantomthiefvsdetective,328,event_phantomthiefvsdetective_01_s,,,,,확실,확정
D1583,person:팬텀,팬텀,신념,기준,,,,악한 자들에게 고통받는 이들을 돕고 빼앗긴 것을 돌려주는 정의의 괴도 — 괴도는 들켜선 안 되고 들키면 도망쳐야 한다,event_phantomthiefvsdetective,328,event_phantomthiefvsdetective_01_s,,,,,확실,확정
D1582,person:팬텀,팬텀,성격,기준,,,,"'그대' · '~하오'라는 고풍스러운 말투로 정의의 괴도를 자처하지만, 옆집을 털고 맞춤법이 틀린 예고장을 날리며 길을 잘못 드는 허당",event_phantomthiefvsdetective,328,event_phantomthiefvsdetective_02_s,,,,,확실,확정
D1585,person:팬텀,팬텀,관계,변화,person:퀀시 person:미란다,'악한 자를 따르지 않소' — 탈옥범과 괴도 경찰을 이번 임무로만 마지못해 받은,진귀한 경험을 하게 해 준 동료들에게 진심으로 감사하고 다시 괴도단을 소집하는,,event_phantomthiefvsdetective,328,event_phantomthiefvsdetective_06_e,event_phantomthiefvsdetective_prologue,event_phantomthiefvsdetective,,,확실,확정
D1584,person:팬텀,팬텀,신념,변화,,들키면 최선을 다해 도망쳐야 하는 혼자의 괴도,팀으로 앞에서 정의를 보여 주는 게 이리도 기분 좋은 줄 몰랐다는,,event_phantomthiefvsdetective,328,event_phantomthiefvsdetective_06_e,event_phantomthiefvsdetective_06_e,event_phantomthiefvsdetective,,,확실,확정
D2133,person:팬텀,팬텀,관계,변화,person:지휘관,책을 빌리러 온 낯선 손님 — 괴도 이야기에 시치미를 떼는,"'믿을 만한 자'라 기밀을 옮기는 일과 기억 소거를 털어놓고, 괴도 토론을 나누며 자기 일을 응원해 달라 청하는",,char:580,330,ep:d_nikke_phantom_05,ep:d_nikke_phantom_04,char:580,S173,F1610,확실,확정
D707,person:팬텀,팬텀,관계,기준,person:아르카나,,,자기를 잊은 동료를 사장님 부탁으로 맡아 애쓰다 역부족이라 지휘관에게 도와 달라 고개 숙이는,event_arcanearchive,383,event_arcanearchive_01_s,,,,,확실,확정
D1646,person:팬텀,팬텀,관계,기준,person:델타,,,"괴도가 되고 싶다는 델타를 수습으로 들이고, 혼자 가겠다는 그에게 실패를 안겨 주기 싫어 몰래 괴도단을 이끌고 뒤를 받치는",fl:go_ninja_thief,412,fl:go_ninja_thief_08,,,,,확실,확정
D1005,person:팬텀,팬텀,기억,변화,,레이블과 사진을 찍고 그의 일을 들은,에닉의 판결로 그 기억을 지운,,fl:sin_editor,430,fl:sin_editor_00,,,S290,F2383,확실,확정
D1008,person:팬텀,팬텀,관계,기준,person:레이블,,,"한날한시에 처음 만났는데 줄곧 피해 다니는, 같이 보낸 시간이 너무 적은 동료",fl:sin_editor,430,fl:sin_editor_08,,,,,확실,확정
D1009,person:팬텀,팬텀,관계,변화,person:레이블,피해 다니는 까닭을 모르던 동료,'고맙소 · 어서오시오' — 손을 내밀어 다시 맞아들인,,fl:sin_editor,430,fl:sin_editor_13,fl:sin_editor_13,fl:sin_editor,,,확실,확정
D1392,person:페퍼,페퍼,기억,기준,,,,"인간 시절을 다 기억한다고 믿지만, 그때 메어리를 계단에서 민 일은 모르는 니케",char:130,100,ep:d_nikke_mary_01,,,,,확실,확정
D1393,person:페퍼,페퍼,관계,기준,person:메어리,,,요즘 이상한 선배가 걱정돼 지휘관에게 '무슨 일이 있어도 불러 드리겠다'며 이야기를 부탁하는 후배,char:130,100,ep:d_nikke_mary_02,,,,,확실,확정
D1921,person:페퍼,페퍼,관계,기준,person:지휘관,,,"입원한 지휘관에게 환자를 검사받게 하려고 가짜 남자친구를 부탁하고, 대신 병원에선 '지휘관의 팔'이 되겠다며 살갑게 구는",char:131,130,ep:d_nikke_pepper_01,,,,F646,확실,확정
D1922,person:페퍼,페퍼,신념,기준,,,,"살 가능성이 1%라도 있으면 매달려야 한다며, 정이 들면 괴롭다는 꾸중에도 '헤어지지 않게 만들면 된다'고 환자 곁에 붙어 지내는 의사",char:131,130,ep:d_nikke_pepper_01,,,,,확실,확정
D1923,person:페퍼,페퍼,관계,변화,person:지휘관,병원에 있을 때까지만의 가짜 남자친구,병원 밖에서 먼저 고백해 시작한 진짜 연인,,char:131,130,ep:d_nikke_pepper_05,ep:d_nikke_pepper_04,char:131,,F646,확실,확정
D264,person:페퍼,페퍼,성격,기준,,,,"들뜨면 앞뒤 없이 신나 하고, 남을 해치기는 생리적으로 불가능하다고 여길 만큼 여리고 다정한 의사 니케",event_bluewaterisland,209,event_bluewaterisland2_01_e,,,,,확실,확정
D1823,person:폴리,폴리,관계,기준,person:미란다,,,실수한 미란다 대신 서장실에 가 책임지겠다며 '경찰관이기 전에 한 스쿼드'라 협동 작전으로 폭탄 찾기를 맡기는,char:32,102,ep:d_nikke_miranda_03,,,,,확실,확정
D1924,person:폴리,폴리,관계,기준,person:지휘관,,,"'수상한 냄새가 안 난다'며 지휘관의 말을 믿고, 머리를 쓰다듬어 주면 '하루 피로가 싹 풀린다'며 노곤해지는",char:30,131,ep:d_nikke_poli_01,,,,,확실,확정
D1925,person:폴리,폴리,기억,기준,,,,"인간 시절은 기억해 형사로 돌아왔지만 죽을 때의 기억만 없고, 남보다 유난히 빨랐던 복귀를 '누가 죽음을 예상한 것 마냥' 수상히 여기는",char:30,131,ep:d_nikke_poli_02,,,,F647,확실,확정
D1926,person:폴리,폴리,관계,기준,person:잉그리드,,,"원칙주의지만 가장 인간다움을 추구하는 사장이라 존경하고, 까닭은 모르지만 '이상하게 지켜 드리고 싶은' 사장님",char:30,131,ep:d_nikke_poli_02,,,,,확실,확정
D1927,person:폴리,폴리,신념,기준,,,,"개 키메라 의심 속에서도 자기 '형사의 촉'을 믿고, 강아지가 아니라 형사였고 앞으로도 형사라며 증거로 진실을 밝히려는",char:30,131,ep:d_nikke_poli_03,,,,,확실,확정
D1929,person:폴리,폴리,기억,변화,,죽을 때를 모르고 빠른 복귀를 수상히 여김,잉그리드를 구하다 죽어 그 손으로 니케가 된 것을 앎,,char:30,131,ep:d_nikke_poli_05,ep:d_nikke_poli_05,char:30,,F648,확실,확정
D1930,person:폴리,폴리,관계,변화,person:잉그리드,까닭 모르게 지키고 싶던 존경하는 사장님,다시 태어나게 해 준 은인 — 강아지 폴리의 몫까지 지키겠다고 경례하는,,char:30,131,ep:d_nikke_poli_05,ep:d_nikke_poli_05,char:30,,,확실,확정
D1932,person:폴리,폴리,관계,변화,person:지휘관,쓰다듬기를 좋아하는 믿음직한 지휘관,의심 속에서 자기를 믿어 준 데 고마워하며 목을 끌어안고 매일 칭찬을 조르는,,char:30,131,ep:d_nikke_poli_05,ep:d_nikke_poli_03,char:30,,,추정,확정
D225,person:폴리,폴리,성격,기준,,,,"겁먹은 미란다에게 촙을 먹이고 '경찰은 시민을 보호하고 방주를 지킨다'고 일깨우며, 지상에 갈 일이 없어도 주적인 랩쳐를 공부해 두는 성실한 경찰",ch22,195,d_main_22_01_e,,,,,확실,확정
D2077,person:폴리,폴리,관계,기준,person:키리,,,"행정에 뛰어난 키리를 반쯤 강제로 현장에서 빼 두었다가 불러들이고, 실수에 자책하는 키리에게 '시력 탓의 일상'이라며 친절하고 냉정한 유능한 동료로 인정하는",char:33,240,ep:d_nikke_quiry_05,,,,,확실,확정
D1933,person:폴크방,폴크방,성격,기준,,,,"말끝마다 '땀나 · 더워'를 달고, 영양제를 하루 30알씩 먹으면서 '별거 아니다', '그 정도도 모를까 봐요?' 하며 앞뒤 없이 낙관하는 덤벙이",char:242,132,ep:d_nikke_folkwang_01,,,,F650,확실,확정
D1934,person:폴크방,폴크방,관계,기준,person:지휘관,,,"지휘관을 '감독님'이라 부르며 자기 변화를 알아봐 주길 바라고, 혼날까 봐 영양제 문의에도 함께 가 달라고 기대는",char:242,132,ep:d_nikke_folkwang_01,,,,,확실,확정
D1935,person:폴크방,폴크방,신념,기준,,,,"지난 대회에서 땀에 미끄러져 넘어진 흑역사 탓에, 선수로서 실수할 요소를 줄이려면 땀나는 체질을 무슨 수를 써서든 없애야 한다고 믿는",char:242,132,ep:d_nikke_folkwang_03,,,,F650,확실,확정
D1936,person:폴크방,폴크방,신념,변화,,땀을 없애야 이긴다,땀을 이용해 미끄러지는 추진력으로 달린다 — 땀이 줄자 오히려 아쉬워함,,char:242,132,ep:d_nikke_folkwang_04,ep:d_nikke_folkwang_03,char:242,,F650,확실,확정
D1937,person:폴크방,폴크방,관계,변화,person:지휘관,변화를 알아봐 주길 바라며 기대는 감독님,몸을 던져 함께해 준 사람 — 끌어안고 '진짜 좋아해요' 하는,,char:242,132,ep:d_nikke_folkwang_05,ep:d_nikke_folkwang_04,char:242,,,확실,확정
D425,person:프레자일,프레자일,성격,기준,,,,"말끝을 늘이며 더듬지만 할 말은 다 하는, 길 찾기와 운반 이론에 밝은 니케",ch29,291,d_main_28_af_02,,,,,확실,확정
D426,person:프레자일,프레자일,관계,기준,person:리버린,,,"리버린이 왜 사진을 찍었는지 짐작하면서도 까닭은 숨기고, 리버린은 자기가 해결하게 해 달라는 친구",ch29,291,d_main_29_09_e,,,,,확실,확정
D431,person:프레자일,프레자일,관계,변화,person:리버린,리버린 일은 자기가 해결하겠다던 친구,약속대로 같이 죽자며 리버린에게 총을 난사하는,,ch30,293,d_main_30_01_e,d_main_30_01_e,ch30,,,확실,확정
D432,person:프레자일,프레자일,관계,변화,person:리버린,협박에 끌려다니는 건 이해한다며 다시 믿겠다던,식스오를 무서워하며 살 바엔 죽는 게 낫다며 다리를 쏘고 유리병을 밟아 부수는,,ch30,293,d_main_30_09_s,d_main_30_09_s,ch30,,,확실,확정
D1062,person:프레자일,프레자일,관계,변화,person:리버린,식스오를 무서워하며 살 바엔 죽자며 다리를 쏘던,숨은 곳을 알려 주고 '그냥 벌을 받아' — 또 도망치면 자기가 죽을 것 같다는,,ch44,436,d_main_44_af_06,,,S297,,확실,확정
D1145,person:프레자일,프레자일,관계,변화,person:리버린,또 도망치면 자기가 죽을 것 같다며 벌을 받으라던,벌 전에 또 죄를 쥔 리버린을 말없이 쏘아 상자에 가두고 소리 없이 오열하는,,ch45,450,d_main_45_10,d_main_45_10,ch45,S314,F2604,확실,확정
D1020,person:프리_랫,프리 랫,관계,기준,person:프린세스,,,"'거지 공주'라 부르며 가랑이 사이로 기라 하고, 경호원이 없자 무리로 린치하는 골목 아이들의 우두머리",ch43,434,d_main_43_03,,,S295,,확실,확정
D1024,person:프리_랫,프리 랫,관계,기준,person:스톨_3세,,,'셋째한테 잘해라 — 저런 몸으로 저 나이에 집까지 산 애'라며 아끼는,ch43,434,d_main_43_05,,,S295,,확실,확정
D1021,person:프리_랫,프리 랫,관계,변화,person:프린세스,린치하던 원수,'진짜 대박' — 해킹 실력을 자랑하고 잔소리하며 같이 일하는 동료,,ch43,434,d_main_43_08,d_main_43_06,ch43,S295,,확실,확정
D1022,person:프리_랫,프리 랫,관계,변화,person:프린세스,잔소리하는 동료,'도망가--!!' 양산형 니케에게 달려들며 '나는 배신 안 했',,ch43,434,d_main_43_12,,,S295,,확실,확정
D1023,person:프리_랫,프리 랫,신체,변화,,수류탄을 재킷에 달고 다니던,총에 맞아 쓰러진 채 손가락의 안전핀으로 자폭한,,ch43,434,d_main_43_12,,,S295,F2405,확실,확정
D81,person:프리바티,프리바티,관계,기준,person:라피,,,"기억 소거된 라피에게 21 대 0 전적을 거꾸로 말하며 '숙명의 라이벌'이니 자격을 갖추라는, 자존심 센 트라이앵글 리더",ch09,43,d_main_09af_01,,,,,확실,확정
D115,person:프리바티,프리바티,신념,기준,,,,억지투성이 명령이라도 중앙 정부의 명령이면 의문 없이 따르는 것이 '긍지 넘치는 트라이앵글'이라 여긴다,ch14,69,d_main_14_08,,,,,확실,확정
D116,person:프리바티,프리바티,관계,변화,person:마리안,수단과 방법을 가리지 않고 확보할 목표,놓친 것을 캐묻지 않고 '잘 지내라고 전해 달라'는,,ch14,69,d_main_14af_01,d_main_14_14,ch14,S33,,확실,확정
D1938,person:프리바티,프리바티,성격,기준,,,,"전초기지를 '아우터 림이 따로 없다'고 깎아내리며 라피에게 유치한 대결을 걸고, 동정은 거부하면서도 '제법 나쁘지 않다'고 마지못해 인정하는 자존심 센 성격",char:170,133,ep:d_nikke_privaty_01,,,,,확실,확정
D1939,person:프리바티,프리바티,관계,기준,person:지휘관,,,"라피와의 대결을 핑계로 전초기지에 찾아와 깎아내리다가, 지휘관의 안내로 둘러보고 '조만간 다시 찾아오겠다'는",char:170,133,ep:d_nikke_privaty_01,,,,,확실,확정
D1940,person:프리바티,프리바티,관계,변화,person:지휘관,물자를 가져다주고 자판기 커피를 대가로 받는 손님,아무것도 가져오지 않아도 커피 · 맥주를 같이 먹으러 오겠다는,,char:170,133,ep:d_nikke_privaty_02,ep:d_nikke_privaty_02,char:170,,,확실,확정
D1941,person:프리바티,프리바티,신념,변화,,니케임을 숨긴 채 '괴물'이라 말하는 인간 동료 곁에서 숨이 막혀 '더는 못하겠다'며 뛰쳐나간,쌓은 유대는 사라지지 않는다며 언젠가 니케임을 말할 날을 바라고 동료들이 기다리는 '집'으로 돌아가는,,char:170,133,ep:d_nikke_privaty_04,ep:d_nikke_privaty_04,char:170,,F651 F652,확실,확정
D1942,person:프리바티,프리바티,관계,변화,person:지휘관,같이 먹으러 오겠다는 손님,"근신이 풀리자 교관 명목으로 찾아와 고맙다 하고, 끌어안긴 채 전초기지를 '니케 프리바티의 집'으로 받아들인",,char:170,133,ep:d_nikke_privaty_05,ep:d_nikke_privaty_03,char:170,,,확실,확정
D1532,person:프리바티,프리바티,관계,기준,person:에이드,,,유탄 사고가 미안해 '당신은 괜찮지 않고 이 빚은 꼭 갚겠다'며 임시 메이드를 맡는,event_perfectmaid,267,event_perfectmaid_02_s,,,,,확실,확정
D1533,person:프리바티,프리바티,관계,변화,person:에이드,빚을 갚으려 임시 메이드를 맡은,니케라서 완벽함에 감동이 없다는 말에 분노해 에이드의 완벽함이 틀리지 않았음을 대신 증명하겠다는,,event_perfectmaid,267,event_perfectmaid_04_s,event_perfectmaid_intermission_01,event_perfectmaid,S124,F1278,확실,확정
D2091,person:프리바티,프리바티,관계,변화,person:지휘관,마음은 욕심이라며 선을 넘기 전에 멈추던,"전속 메이드 일을 핑계로 다가갔다가 지휘관의 모든 게 궁금하고 설레서 집중할 수 없었다고 털어놓고, '좋아해'라는 말에 졸업 기념 식사를 데이트로 받아들이는",,char:313,268,ep:d_nikke_privaty_unkindmaid_05,ep:d_nikke_privaty_unkindmaid_02,char:313,S125,F1279 F1280,확실,확정
D1577,person:프리바티,프리바티,관계,기준,person:츠바이,,,"실기 수업을 맡은 임시 교사로 츠바이의 사격 자세를 봐주고, 너덜너덜한 팔을 보고 모의전을 금하며 '시험이 인생의 전부도 아닌데'라고 걱정하는",event_colorless,319,event_colorless_03_s,,,,,확실,확정
D1578,person:프리바티,프리바티,관계,변화,person:츠바이,학교 사정을 모르고 시험이 인생의 전부가 아니라 하던,"시험의 의미를 모르고 한 말을 사과하고, 흑백 사진으로 순간순간의 가치를 일러 주는",,event_colorless,319,event_colorless_06_s,event_colorless_05_s,event_colorless,S167,,확실,확정
D1637,person:프리바티,프리바티,성격,변화,,메이드복 · '주인님'에 얼굴이 터질 듯 부끄러워 더듬던,메이드 카페를 서로 존중하며 치유받는 곳이라 여겨 그곳을 깎아내리는 말에 정색하고 맞서는,,event_foolburstday,369,event_foolburstday_04,,,,,확실,확정
D739,person:프리바티,프리바티,신념,변화,,중앙 정부는 방주의 법이자 규칙이니 무조건 믿고 따르던,"반역죄 · 기억 소거를 각오하고 명령을 거슬러, 믿는 중앙 정부가 해야 할 일을 하게 하려는",,event_ce006,387,event_ce006_2_intermission_01,event_ce006_2_03_s,event_ce006,S234,F1988,확실,확정
D1703,person:프리바티,프리바티,관계,변화,person:지휘관,메이드 일을 보러 오지 말라면서도 지휘관이 좋아하면 짧은 메이드복을 입는,"학창 시절이 없는 그에게 평범한 추억을 만들어 주려 반 아이들과 놀러 가고, 핑계를 대며 손을 잡고 걷는",,fl:2x2_love_1ch,444,fl:2x2_love_1ch_07,fl:2x2_love_1ch_05,fl:2x2_love_1ch,S307,,확실,확정
D1704,person:프리바티,프리바티,관계,변화,person:지휘관,학창 시절이 없는 그에게 추억을 만들어 주려 반 아이들과 어울리게 하던,"그 곁의 학생들을 질투해 잠 못 들다, 다르게 느낀다는 말에 손을 맞잡는",,fl:2x2_love_1ch,444,fl:2x2_love_1ch_18,fl:2x2_love_1ch_17,fl:2x2_love_1ch,S307,,확실,확정
D1705,person:프리바티,프리바티,관계,변화,person:지휘관,학생들을 질투하며 흔들리던,특별한 감정은 넣어 두고 모두가 즐길 축제를 함께 만들 전우로 주먹을 맞댄,,fl:2x2_love_1ch,444,fl:2x2_love_1ch_23,,,S307,,확실,확정
D1706,person:프리바티,프리바티,관계,변화,person:지휘관,학창 시절을 만들어 주려던 담임,그 학창 시절의 한가운데에 서고 싶다며 옥상에서 '둘만의 보충 수업'으로 입을 맞춘,,fl:2x2_love_1ch,444,fl:2x2_love_1ch_24,,,S307,,확실,확정
D1707,person:프리바티,프리바티,관계,변화,person:지휘관,호흡이 잘 맞는 담임 · 부담임 동료,"썸을 기대해 얼굴만 봐도 설레, 처음이라 술의 힘을 빌리는",,fl:2x2_love_1ch,444,fl:2x2_love_1ch_42,fl:2x2_love_1ch_34,fl:2x2_love_1ch,S307,,확실,확정
D1708,person:프리바티,프리바티,관계,변화,person:지휘관,술을 같이 마시자는 말에 용기를 못 내던,서로 취했다 인정하고 그 뒤로 서로의 방을 드나드는,,fl:2x2_love_1ch,444,fl:2x2_love_1ch_49,,,S307,,확실,확정
D1718,person:프리바티,프리바티,관계,변화,person:지휘관,방과 후 옥상 보충 수업으로 그의 학교 시간을 다 차지한,다채로운 추억 사이 한 자리만 남기려 바쁘다며 일부러 거리를 두는,,fl:2x2_love_2ch,445,fl:2x2_love_2ch_03,fl:2x2_love_2ch_03,fl:2x2_love_2ch,S307,F2525,확실,확정
D1719,person:프리바티,프리바티,관계,변화,person:지휘관,선생과 학생이라 소문을 걱정해 감정을 숨긴,관계가 무엇이든 '그저 당신을 사랑한다' 고백하고 비즈 반지를 약지에 받은,,fl:2x2_love_2ch,445,fl:2x2_love_2ch_15,fl:2x2_love_2ch_14,fl:2x2_love_2ch,S308,,확실,확정
D1720,person:프리바티,프리바티,관계,변화,person:지휘관,다채로운 추억을 위해 거리를 둔,임무가 끝나면 '변하는 건 아무것도 없다'며 선을 넘지 않기로 하는,,fl:2x2_love_2ch,445,fl:2x2_love_2ch_16,,,S308,,확실,확정
D1721,person:프리바티,프리바티,신념,변화,,기준 모를 평가에 축제가 사라지지 않게 완벽한 축제를 밀어붙인,당장 즐겁지 않으면 의미 없다며 '다음 축제가 없으면 어떤가'라는,,fl:2x2_love_2ch,445,fl:2x2_love_2ch_23,fl:2x2_love_2ch_23,fl:2x2_love_2ch,S308,F2529,확실,확정
D1722,person:프리바티,프리바티,관계,변화,person:지휘관,취해서만 선을 넘는 술친구,맨정신에 '사랑한다'고 말하고 연인이 된,,fl:2x2_love_2ch,445,fl:2x2_love_2ch_29,fl:2x2_love_2ch_28,fl:2x2_love_2ch,S308,,확실,확정
D1723,person:프리바티,프리바티,관계,변화,person:지휘관,술친구 다음으로 넘어가길 바라던,마음은 욕심이라며 술 취해 선을 넘는 데서 멈춘,,fl:2x2_love_2ch,445,fl:2x2_love_2ch_30,,,S308,,확실,확정
D353,person:프리시아,프리시아,신념,기준,,,,"부모를 병으로 잃고도 작별 인사를 잘 해서 괜찮다며, 갓데스를 보면 힘이 나니 갓데스 같은 니케가 되겠다는 소녀",event_redash,251,event_redash2_03_e,,,,F1165,확실,확정
D981,person:프리시아,프리시아,관계,기준,person:오스왈드,,,가족이 없어 얼굴만 아는 아저씨에게 보호자가 되어 달라며 떨리는 손으로 동의서를 내미는 고아,fl:ark_guardian,428,fl:ark_guardian_06,,,,,확실,확정
D663,person:프리카,프리카,신념,기준,,,,"아이돌은 춤과 노래면 충분하고 캐릭터성은 실력 없는 애들이나 챙긴다며, 사업이 잘돼도 언제든 돌아가려 연습만 하는",ch38,375,d_main_38_06,,,,,확실,확정
D664,person:프리카,프리카,관계,기준,person:아니스,,,"일부러 '옛정에 해 주는 것'이라 차갑게 자극하면서, 속으로는 새 노래 · 새 옷 · 넓은 무대에서 아니스와 함께하고 싶은",ch38,375,d_main_38_07_s,,,,,확실,확정
D801,person:프리카,프리카,관계,변화,person:아니스,'옛정에 해 주는 것'이라 차갑게 굴던,"'파이널 스테이지 해 보자'고 받고, 몰래 울고 나와 '좋은 날'이라는",,ch40,398,d_main_40_af_07,,,S251,,확실,확정
D866,person:프리카,프리카,관계,기준,person:아비스타,,,"아비스타의 옛 작업물을 보여 홍보 영상을 맡기고, 원망한 적 없으니 다시는 그런 짓 하지 말라는",ch41,414,d_main_41_af_07,,,S269,,확실,확정
D1178,person:프리카,프리카,신체,변화,,사람으로 데뷔할 예정이던,교통사고로 죽어 니케가 된,,event_staranis1,454,event_staranis1_01_e,,,,F2672,확실,확정
D1180,person:프리카,프리카,관계,변화,person:아니스 person:민트,한슨의 이력만 믿고 왔다 사기당했다며 그만두려던,둘의 연습을 봐주다 정이 들어 못 나가는,,event_staranis1,454,event_staranis1_01_e,,,S322,F2672,확실,확정
D1209,person:프리카,프리카,관계,변화,person:아니스 person:민트,둘의 연습을 봐주다 정이 들어 못 나가는,판을 부수려는 아니스 대신 바닥의 아이스크림을 제 얼굴에 밀어 넣고 웃어 셋을 지키는,,event_staranis1,454,event_staranis2_02_s,,,S323,,확실,확정
D1213,person:프리카,프리카,신념,변화,,아이돌은 춤과 노래면 충분하다는,하기 싫어도 포기하지 못하는 친구들을 위해 같이 웃겠다는,,event_staranis1,454,event_staranis2_02_e,,,S323,,확실,확정
D1223,person:프리카,프리카,신념,변화,,친구들을 위해 하기 싫어도 웃겠다는,평범해도 조금씩 특별해지고 있음을 보여 주고 빛나는 별이 되자는,,event_staranis1,454,event_staranis2_04_s,,,S323,F2697,확실,확정
D1235,person:프리카,프리카,관계,변화,person:아니스,아이스크림을 뒤집어쓰고 웃어 셋을 지킨,한 명이라도 빠지면 실패로 끝난다며 셋이서가 아니면 다시 시작하지 않겠다는,,event_staranis1,454,event_staranis2_06_s,,,S323,F2705,확실,확정
D1739,person:프리카,프리카,관계,기준,person:지휘관,,,'아니스의 지휘관'이 먹을 것을 들고 찾아오자 밥은 잘 먹는다며 음식도 도로 가져가고 작업에 방해되니 돌아가라는,fl:bitter_spice,460,fl:bitter_spice_02,,,,,확실,확정
D1740,person:프리카,프리카,관계,변화,person:지휘관,작업에 방해된다며 돌려보내던 '아니스의 지휘관',가라 해도 곁을 지켜 준 다정함에서 곡을 얻고 특별한 호칭 '뮤즈'로 부르는,,fl:bitter_spice,460,fl:bitter_spice_06,fl:bitter_spice_05,fl:bitter_spice,S329,F2723,확실,확정
D1741,person:프리카,프리카,신념,변화,,평범해도 특별해지는 별이 되려 절박하게 '살기 위한 음악'을 쓰던,"이미 빛나고 있음을 깨닫고 아니스의 빈자리 대신 둘만의, 하고 싶은 음악을 만들겠다는",,fl:bitter_spice,460,fl:bitter_spice_09,fl:bitter_spice_09,fl:bitter_spice,S329,F2724,확실,확정
D1742,person:프리카,프리카,관계,변화,person:민트,말이 안 통해 언성만 높아진다며 대화를 피하고 따로 다니던,"다투면서도 들려주고 고쳐 함께 곡을 마무리하고, 기대 잠든 민트를 '민트가 지키고 싶던 순간'이라 그대로 두는",,fl:bitter_spice,460,fl:bitter_spice_12,fl:bitter_spice_07,fl:bitter_spice,S329,F2724,확실,확정
D2218,person:프리카,프리카,성격,변화,,사랑스럽거나 애교 있는 쪽과는 거리가 멀다며 좁은 작업실 세계에 머물던,"파프리카도 달콤하다는 걸 처음 알고, 자기 안의 달콤함으로 사랑 노래 가사를 단숨에 써 내는",,char:601,461,ep:d_nikke_prika_03,ep:d_nikke_prika_02,char:601,S330,F2725,추정,확정
D2219,person:프리카,프리카,관계,변화,person:지휘관,곡의 영감을 준 '뮤즈',"절대 남에게 안 맡기던 작사 크레딧을 'Muse'로 올리고, 온전히 자기 마음을 담은 후속곡 [After Sweetness]를 긴장하며 들려주는",,char:601,461,ep:d_nikke_prika_05,ep:d_nikke_prika_04,char:601,S330,F2725,확실,확정
D776,person:프리티,프리티,신체,변화,,방주의 별이던 니케 아이돌,그 바디로 만든 확장 무장 [STAR],,ch39,396,d_main_39_af_07,,,,F2064 F1748,확실,확정
D1088,person:프리티,프리티,신념,변화,,갓데스 같은 니케가 되겠다는 소녀,니케 언니들이 다시 우상이 되게 하겠다며 위원회 팀장이 된,,side:pretty_star,447,side:pretty_star_00,,,S310,F2540,확실,확정
D1089,person:프리티,프리티,관계,변화,person:오스왈드,보호자 동의서를 내미는 고아,'아저씨'의 반대에 맞서 집을 나가는 양녀,,side:pretty_star,447,side:pretty_star_00,,,S310,,확실,확정
D1090,person:프리티,프리티,신체,변화,,니케포비아에게 목이 부러져 전신 마비,테트라 라인에서 기억이 온전한 니케,,side:pretty_star,447,side:pretty_star_01,side:pretty_star_01,side:pretty_star,S310,F2541,확실,확정
D1096,person:프리티,프리티,소속,변화,,니케 인권 위원회 팀장,테트라 라인의 데뷔 준비생(반년 뒤 데뷔),,side:pretty_star,447,side:pretty_star_03,,,S310,F2544,확실,확정
D1101,person:프리티,프리티,관계,기준,person:한슨,,,운전하는 매니저에게 다리를 얹고 놀리며 미세스 미스 · 스태프와 함께 고마워하는,side:pretty_star,447,side:pretty_star_05,,,,,확실,확정
D1102,person:프리티,프리티,성격,변화,,실수 하나에 SNS를 보며 미안해하던,악플을 무던히 넘기고 울음 · 초췌한 메이크업까지 연출하는 '가면'을 쓴 연예인,,side:pretty_star,447,side:pretty_star_07,side:pretty_star_06,side:pretty_star,,,확실,확정
D1104,person:프리티,프리티,관계,변화,person:오스왈드,반대에 맞서 집을 나가는 양녀,'좋은 아빠'가 되려 애쓴 그에게 자랑스러운 좋은 딸이고 싶어 멈추지 못하는,,side:pretty_star,447,side:pretty_star_07,,,,,확실,확정
D1105,person:프리티,프리티,관계,변화,person:오스왈드,자랑스러운 좋은 딸이고 싶은,갓데스를 버린 걸 인정하자 '만지지 마 · 최악'이라 손을 쳐내는,,side:pretty_star,447,side:pretty_star_08,side:pretty_star_08,side:pretty_star,,F2550,확실,확정
D1107,person:프리티,프리티,신념,변화,,핍박받는 니케들의 희망이 되려 춤추고 노래하던,우상이던 아저씨가 가장 쓰레기였다며 힘낼 이유가 없다는,,side:pretty_star,447,side:pretty_star_09,side:pretty_star_08,side:pretty_star,,,확실,확정
D1108,person:프리티,프리티,관계,변화,person:한슨,다리를 얹고 놀리던 매니저,'너도 머스탱의 꼭두각시'라며 키스를 시험하고 돌아서는,,side:pretty_star,447,side:pretty_star_09,,,,,확실,확정
D1110,person:프리티,프리티,관계,변화,person:오스왈드,'만지지 마'라 손을 쳐낸,망가진 그를 '아빠'라 부르며 끌어안고 다시 오겠다는,,side:pretty_star,447,side:pretty_star_11,side:pretty_star_11,side:pretty_star,,F2553,확실,확정
D1113,person:프리티,프리티,신체,변화,,경량화 바디로 갈아 끼운 방주의 별,복귀 콘서트에서 총격으로 죽은,,side:pretty_star,447,side:pretty_star_13,,,S310,F1748-2,확실,확정
D1112,person:프리티,프리티,신념,변화,,힘낼 이유가 없다며 무너진,"최정점의 콘서트에서 죽어 퇴색하지 않는 영원한 우상이 되고, 다음 별을 맡기겠다는",,side:pretty_star,447,side:pretty_star_13,side:pretty_star_11,side:pretty_star,,F2554,확실,확정
D1010,person:프린세스,프린세스,성격,기준,,,,"청소 시늉만 하며 몸종을 '우인 · 우매한 것'이라 부르는, 2년째 아무것도 하지 않는 오만한 공주님",ch43,434,d_main_43_02,,,S295,,확실,확정
D1012,person:프린세스,프린세스,신념,기준,,,,아우터 림은 잠시 머물 곳일 뿐 — 사제가 곧 데리러 와 방주로 돌아간다는,ch43,434,d_main_43_02,,,S295,,확실,확정
D1014,person:프린세스,프린세스,관계,기준,person:스톨_3세,,,'네까짓 게 없어도 아무 문제 없다'며 몸종을 우인 취급하는,ch43,434,d_main_43_02,,,S295,,확실,확정
D1011,person:프린세스,프린세스,성격,변화,,남이 해 주는 것을 당연히 여기던,'오늘은 내가 내겠다' — 남이 대가 없이 음식을 주는 게 얼마나 대단한지 조금 알게 된,,ch43,434,d_main_43_06,d_main_43_05,ch43,S295,,확실,확정
D1013,person:프린세스,프린세스,신념,변화,,희망은 방주에서 가져야 하니 아우터 림에선 희망을 갖지 않겠다던,콜록거리는 불쌍한 아이를 위해 이곳에서 희망을 가지고 싶어진,,ch43,434,d_main_43_09,d_main_43_09,ch43,S295,,확실,확정
D1015,person:프린세스,프린세스,관계,변화,person:스톨_3세,몸종 우인,발전기 살 돈으로 공기 좋은 집을 사 '너도 살아도 된다' — 함께 웃는 사이,,ch43,434,d_main_43_10,d_main_43_08,ch43,S295,,확실,확정
D1016,person:프린세스,프린세스,관계,변화,person:스톨_3세,'총알받이'로 데려가겠다던,자기 안경을 씌우며 '빛을 보고 행복하게 살아 — 잘해줘서 고마웠다',,ch43,434,d_main_43_13,d_main_43_13,ch43,S295,F2407,확실,확정
D1017,person:프린세스,프린세스,신체,변화,,뇌를 옮겨 200년 가까이 살아온,여사제의 총에 맞아 아우터 림 격벽 앞에서 숨을 거둔,,ch43,434,d_main_43_13,,,S295,F2406 F2407,확실,확정
D1944,person:프림,프림,성격,기준,,,,"'졸림' · '해결' · '후룩'처럼 단어를 끊어 말하고 일어나 의뢰 · 프림 커피 · 소파에서 3초 만에 잠드는 일상만 되풀이하며, 다른 것은 다 '귀찮'다는 나무늘보 같은 리더",char:142,134,ep:d_nikke_frima_01,,,,,확실,확정
D1945,person:프림,프림,관계,기준,person:지휘관,,,"지휘관을 '여'라 부르며 프림 커피를 권하고, 받으면 '굿' 거절하면 '칫' 하는 데면데면한 단골 사이",char:142,134,ep:d_nikke_frima_01,,,,,확실,확정
D1946,person:프림,프림,관계,변화,person:지휘관,커피를 권하는 데면데면한 단골,"불면증을 풀어 준 지휘관의 불만을 다 들어주겠다 하고, 처음으로 끊지 않은 말로 '고마워. 잘 가.' 하는",,char:142,134,ep:d_nikke_frima_05,ep:d_nikke_frima_04,char:142,,,확실,확정
D755,person:프림,프림,신념,기준,,,,"너무 열심히 살아 꼬인 일로 많은 이를 상처 입혀, 친구 말대로 아무것도 하지 않고 잠만 자며 누구도 상처 주지도 받지도 않기로 한",fl:boom_the_ghost,393,fl:boom_the_ghost_19,,,,,확실,확정
D1696,person:프림,프림,관계,기준,person:치사토 person:타키나 person:쿠루미,,,크레디트가 없는 셋을 '손님 아님 · 돈 없음'이라 계산대를 내리치는,fl:lie_cause_recoil,438,fl:lie_cause_recoil_00,,,,,확실,확정
D1698,person:프림,프림,신념,변화,,아무것도 하지 않고 잠만 자려던,카페 스위티의 첫 실패를 되풀이하지 않겠다며 센터 조사 · 저격 발견 · 자백 유도에 앞장서는,,fl:lie_cause_recoil,438,fl:lie_cause_recoil_13,fl:lie_cause_recoil_12,fl:lie_cause_recoil,S299,,추정,확정
D1697,person:프림,프림,관계,변화,person:치사토 person:타키나 person:쿠루미,돈 없는 '손님 아님',카페 스위티의 일에 함께하겠다는 셋에게 '도움 감사 · 잘 부탁함'이라 하는 동료,,fl:lie_cause_recoil,438,fl:lie_cause_recoil_13,fl:lie_cause_recoil_13,fl:lie_cause_recoil,S299,,확실,확정
D1600,person:플로라,플로라,성격,기준,,,,"꽃에게 말을 걸고 대답을 상상하며 사람을 꽃 이름으로 부르는 느긋한 정원사지만, 처분 서류를 지워 버리고 '반드시 찾아오겠다'고 나서는 대담한",event_secretgarden,345,event_secretgarden_prologue,,,,,확실,확정
D1601,person:플로라,플로라,신념,기준,,,,"정원은 지상 탈환 뒤 모두가 기댈 원초적 농업을 준비하는 곳이고, 아직 하찮아 보여도 모든 꽃에는 각자의 가치가 있다고 믿는",event_secretgarden,345,event_secretgarden_prologue,,,,F1722,확실,확정
D1603,person:플로라,플로라,관계,기준,person:지휘관,,,"지휘관을 '꽃님'이라 부르며 정원 일로 가장 먼저 찾아와 부탁하고, 농담으로 놀리며 '귀여운 구석이 있다'는",event_secretgarden,345,event_secretgarden_01_s,,,,,확실,확정
D1602,person:플로라,플로라,신념,변화,,정원은 자기와 꽃들만의 비밀 안식처라 누구에게도 보여 주지 않던,"다른 꽃의 가치도 알리려 정원을 열고, 가치를 알아봐 주는 시민들을 보며 잘했다고 여기는",,event_secretgarden,345,event_secretgarden_05_e,event_secretgarden_04_s,event_secretgarden,S366,,확실,확정
D1604,person:플로라,플로라,관계,변화,person:지휘관,정원 일로 부탁하러 찾아오던,감사의 뜻으로 라일락 조화를 직접 만들어 주고 꽃말은 직접 찾아보라며 산책을 청하는,,event_secretgarden,345,event_secretgarden_epilogue,event_secretgarden_06_e,event_secretgarden,S366,,추정,확정
D2137,person:플로라,플로라,관계,변화,person:지휘관,꽃향기를 쫓아 며칠 몰래 따라다니며 매일 다른 꽃 이름으로 부르던 낯선 정원사,"그가 아직 모르는 꽃이라며 '꽃님'이라 부르고, 언젠가 함께 이름을 짓기로 하며 정원을 언제나 열어 두는",,char:411,346,ep:d_nikke_flora_05,ep:d_nikke_flora_05,char:411,S190,F1726,확실,확정
D1636,person:플로라,플로라,관계,기준,person:트리나,,,"트리나를 늘 따라다니며 챙기고, 수목원 개방을 거부하자 자기 화원만 열겠다며 대신 떠안는",fl:for_rest,365,fl:for_rest_01,,,,,확실,확정
D244,person:피나,피나,성격,기준,,,,"'굶어 죽으나 랩쳐한테 죽으나' 같은 농담을 하다 사과하고, 스스로 '잡일 담당'이라 낮추면서도 동료라 말하는 넉살 좋은 양산형",event_overzone,200,event_overzone1_02_e,,,,,확실,확정
D245,person:피나,피나,관계,기준,person:도로시,,,"갓데스를 '우상 중의 우상'으로 따르며, 남을 믿지 않는 도로시에게 '도와줘요'라는 마법의 단어를 가르쳐 주는 동료",event_overzone,200,event_overzone1_intermission_01,,,,,확실,확정
D246,person:피나,피나,신체,변화,,도로시의 뒤를 지키던 양산형,침식 유발 랩쳐를 혼자 잡다 침식되어 도로시의 손에 죽은,,event_overzone,200,event_overzone1_06_e,,,S71,F924,확실,확정
D782,person:피노키오,피노키오,성격,기준,,,,"랩칠리언의 '~란다' 말투 그대로 '친구가 되어 주겠니'를 되풀이하고, 주위가 온통 랩쳐라 자기를 랩쳐라 여기는 천진한 아이",ch40,398,d_main_40_04,,,,,확실,확정
D783,person:피노키오,피노키오,관계,기준,person:랩칠리언,,,"'아저씨'를 아프게 한 레비아탄 · 지즈가 싫어 화내고, 아저씨를 따라 나서려는",ch40,398,d_main_40_05,,,,,확실,확정
D802,person:피노키오,피노키오,관계,기준,person:나유타,,,"처음 본 하얀 머리의 아저씨 친구에게 손을 흔들고, 첫 친구가 생겼다고 기뻐하는",relic:어떤소녀의그림일기,399,relic:어떤소녀의그림일기_03,,,,,추정,확정
D1406,person:하란,하란,성격,기준,,,,"쓰러진 지휘관을 구해 놓고 '까마귀밥으로 쓸 걸' 농담하며, 대가로 장난삼아 종자로 삼아 부리는 오만하고 변덕스러운 '포식자'",char:230,135,ep:d_nikke_harran_01,,,,,확실,확정
D1407,person:하란,하란,신념,기준,,,,"모든 생명은 태어난 순간부터 스스로 살아남아야 하고, 못 하면 포식자의 먹이가 되거나 목숨값을 내야 한다는 자연의 법칙을 따르는",char:230,135,ep:d_nikke_harran_01,,,,,확실,확정
D1408,person:하란,하란,관계,기준,person:지휘관,,,"조난된 그를 구해 준 대가로 '종자'로 삼아 잡일을 시키고, 예쁜 짓을 하면 집에 데려다줄지도 모른다며 놀리는",char:230,135,ep:d_nikke_harran_01,,,,,확실,확정
D1409,person:하란,하란,관계,변화,person:지휘관,장난삼아 삼은 종자,"'제법 즐거워졌다', 남들보다 특별히 예뻐해 줄 만큼 마음에 든",,char:230,135,ep:d_nikke_harran_03,ep:d_nikke_harran_02,char:230,,,확실,확정
D1410,person:하란,하란,관계,변화,person:지휘관,마음에 들어 곁에 두려던 종자,목숨 걸고 돌아가려는 그를 '매정한 것'이라 부르며 구해 주고 '내가 졌다'며 보내 주는,,char:230,135,ep:d_nikke_harran_04,ep:d_nikke_harran_03,char:230,,,확실,확정
D190,person:하란,하란,관계,기준,person:도로시,,,평소엔 도로시를 따르지만 어디까지나 긍지를 저버리지 않는 선 안에서라고 못 박는,ch20,164,d_main_20_09,,,,,확실,확정
D216,person:하란,하란,관계,변화,person:지휘관,'가련한 피식자' · '인간아'라 부르며 시련을 지켜보는,'낙원의 손님'이자 '함께 싸운 전우'라 하고 '종자야'라 부르는,,ch21,189,d_main_21_02_e,d_main_20_09,ch20,,F764,확실,확정
D222,person:하란,하란,관계,변화,person:지휘관,'함께 싸운 전우'라 하는 종자,'제법 근성이 있다' 하고 '우리가 보내는 신뢰는 아무나 누릴 수 없다'며 실망시키지 말라는,,sub:에덴_Notice_02,192,sub:에덴_Notice_02,,,,,확실,확정
D845,person:하란,하란,관계,변화,person:도로시,긍지를 저버리지 않는 선 안에서 따르는,"버린 부모에게 복수하려 떼쓰는 여린 어린아이로 보고, 눈을 떼지 못한 채 두고 보는",,side:eden_spear,411,side:eden_spear_09,,,,F2166,확실,확정
D917,person:하란,하란,관계,기준,person:스노우_화이트,,,"에덴을 싫어한다는 스노우 화이트에게 왜 복수하지 않는지, 아직 인류를 사랑하는지 묻고 '미쳤구나' 하는",event_goddessfall1,418,event_goddessfall1_01_e,,,,,확실,확정
D918,person:하란,하란,관계,변화,person:스노우_화이트,'왜 복수하지 않니' 캐묻던,대신 스테이션에 가며 '너희는 끝까지 살아남아야 한다 · 미친 너희는 나의 이상'이라 하는,,event_goddessfall1,418,event_goddessfall2_03_s,,,S273,F2297,확실,확정
D919,person:하란,하란,신념,변화,,생존은 강자의 특권이고 인간은 하찮은 피식자라는,개인 감정을 대의로 희생하지 못한 자신보다 방주를 용서한 파이오니아의 '미침'이 이상이라며 동료를 위해 죽으러 가는,,event_goddessfall1,418,event_goddessfall2_03_s,,,S273,F2297,확실,확정
D934,person:하란,하란,신체,변화,,낫으로 녹슬게 하는 가루를 뿌리던,인디빌리아를 녹슬게 하며 자기도 녹슬어 바스러진,,event_goddessfall1,418,event_goddessfall2_intermission_01,,,S273,F2302,확실,확정
D933,person:하란,하란,관계,변화,person:지휘관,'제법 근성이 있다' · 신뢰를 실망시키지 말라던,녹슬어 바스러지며 '종자야… 뒤는 부탁',,event_goddessfall1,418,event_goddessfall2_intermission_01,,,S273,,확실,확정
D958,person:하란,하란,신념,변화,,승리의 여신을 동경해 지상 탈환에 오른 평범한 니케,모두 공평하게 버려진 희생양이고 모든 원인은 방주에 있다는,,erelic:goddess_fall_mini,419,erelic:goddess_fall_mini_02,erelic:goddess_fall_mini_02,erelic:goddess_fall_mini,S277,F2325,확실,확정
D959,person:하란,하란,관계,기준,person:이사벨,,,"살아남은 건 다시 사랑하고 싶다는 뜻이라며 사랑할 존재를 찾아보라 하고, 못 찾아 죽고 싶어지면 고통 없이 끝내 주겠다고 약속하는",erelic:goddess_fall_mini,419,erelic:goddess_fall_mini_03,,,,,확실,확정
D965,person:하란,하란,관계,기준,person:노아,,,"'널 통과시킨 건 나'라며 내 눈을 믿으라 하고, 나약한 너 앞에 오만한 너를 방패로 세우라 가르치는",erelic:goddess_fall_mini,419,erelic:goddess_fall_mini_05,,,,,확실,확정
D970,person:하란,하란,관계,기준,person:요한,,,"먼 존재였던 방주의 샛별을 지휘관으로 삼은 걸 신기해하며, 그 역시 방주가 버린 '영웅이라는 이름의 사냥개'라 원망 없이 동료로 여기는",erelic:goddess_fall_mini,419,erelic:goddess_fall_mini_10,,,,,확실,확정
D1092,person:한슨,한슨,관계,기준,person:머스탱,,,정강이를 차여도 '예'라며 머스탱의 뒷수습을 떠안는 이사,side:pretty_star,447,side:pretty_star_01,,,,,확실,확정
D1094,person:한슨,한슨,신념,기준,,,,어릴 때 TV 속 니케를 보고 자라 니케는 핍박받는 존재가 아닌 승리의 여신이어야 한다고 믿는,side:pretty_star,447,side:pretty_star_03,,,,,확실,확정
D1095,person:한슨,한슨,관계,기준,person:프리티,,,오스왈드의 조건대로 테트라 이사이면서 매니저로 붙어 프리시아와 악수하는,side:pretty_star,447,side:pretty_star_03,,,,,확실,확정
D1100,person:한슨,한슨,관계,변화,person:프리티,조건으로 붙은 매니저,반말로 투닥이다 '맞으니까'라 마음을 들키는,,side:pretty_star,447,side:pretty_star_05,side:pretty_star_03,side:pretty_star,,,확실,확정
D1106,person:한슨,한슨,관계,변화,person:머스탱,차여도 '예'라며 떠안던,'부녀 사이를 갈라놓을 것까진 없다'며 처음 대들었다 맞고 다시 '예',,side:pretty_star,447,side:pretty_star_08,side:pretty_star_08,side:pretty_star,,,확실,확정
D1115,person:한슨,한슨,성격,변화,,위로도 반항도 못 하고 멀리서 지켜보기만 하던,니케를 탓하는 시민에게 나서서 외치는,,side:pretty_star,447,side:pretty_star_13,side:pretty_star_13,side:pretty_star,,,확실,확정
D1181,person:한슨,한슨,관계,기준,person:아니스 person:민트 person:프리카,,,"스폰서 로비가 오가는 판에서 '그래서 아낀다'며 영업을 혼자 뛰고, 연습하는 셋을 넋 놓고 바라보는 사장",event_staranis1,454,event_staranis1_01_e,,,S322,,확실,확정
D1183,person:한슨,한슨,소속,변화,,테트라 이사 · 프리티 매니저,스톡까지 다 내놓고 나와 열 명도 안 되는 사무실의 사장 겸 매니저 · 프로듀서,,event_staranis1,454,event_staranis1_03_e,,,S322,F2669 F2675,확실,확정
D1196,person:한슨,한슨,관계,변화,person:머스탱,정강이를 차여도 '예'라며 뒷수습하던 이사,"'내 아이돌한테 손대지 마라, 역병 같은 놈'이라 맞서 경고하는 아들",,event_staranis1,454,event_staranis1_05_s,,,S322,F2680,확실,확정
D1200,person:한슨,한슨,관계,변화,person:아니스 person:민트 person:프리카,로비에서 지키며 아끼는 사장,"'너는 이미 특별해, 무슨 수를 쓰든 빛나게 해 주겠다'는",,event_staranis1,454,event_staranis1_05_e,event_staranis1_05_e,event_staranis1,S322,,확실,확정
D1201,person:한슨,한슨,성격,변화,,'변하지 않으면 같은 일을 겪는다'며 정도로 버티던,'타인의 괴로움은 나의 즐거움'이라며 뒷공작으로 요요를 무너뜨리는,,event_staranis1,454,event_staranis1_06_s,,,S322,F2684,확실,확정
D1208,person:한슨,한슨,소속,변화,,열 명도 안 되는 사무실의 사장 겸 매니저,위약금 200억에 묶여 테트라로 돌아가되 T.T.STAR 관리만은 지킨,,event_staranis1,454,event_staranis2_01_e,,,S323,F2688,확실,확정
D1216,person:한슨,한슨,신념,변화,,니케는 핍박받는 존재가 아닌 승리의 여신이어야 한다는,프리티는 구하지 못했으니 이번엔 T.T.STAR를 구하겠다는,,event_staranis1,454,event_staranis2_03_s,,,S323,,확실,확정
D1228,person:한슨,한슨,신념,변화,,이번엔 T.T.STAR를 구하겠다는,누군가의 불행 없이 모두에게 즐거움을 주는 진정한 엔터테인먼트를 만들겠다는 — 방주엔 좋은 사람이 훨씬 많다,,event_staranis1,454,event_staranis2_05_s,,,S323,,확실,확정
D1229,person:한슨,한슨,소속,변화,,위약금에 묶여 돌아온 테트라 이사,한슨은 죽은 것으로 하고 테트라 CEO 머스탱으로 사는,,event_staranis1,454,event_staranis2_05_s,,,S323,F2701,확실,확정
D1231,person:한슨,한슨,관계,변화,person:아니스,"'너는 이미 특별해, 무슨 수를 쓰든 빛나게 해 주겠다'는","'죽을 생각이군, 또 늦었구나' 하며 지상행을 받아들이는",,event_staranis1,454,event_staranis2_05_e,,,S323,F2705,확실,확정
D1236,person:한슨,한슨,관계,변화,person:아니스,'또 늦었구나' 하며 보내 준,STAR를 보여 주며 방주를 다시 사랑할 날까지 '이번엔 늦지 않게' 변함없이 기다리겠다는,,event_staranis1,454,event_staranis2_06_s,,,S323,F2706,확실,확정
D54,person:할아범,할아범,관계,기준,person:지휘관,,,"죽기 전 마지막 부탁을 맡기고, 아무것도 없었다는 확인과 무사한 귀환에 고마워하며 '자네라면 지상 탈환에 성공할지도'라 응원하는 노인",sub:할아범_00,42,sub:할아범_00,,,,,확실,확정
D378,person:해머링,해머링,성격,기준,,,,"'~슴다' 말투로 우직하게 시키는 대로 몸부터 던지는, 어디서나 곯아떨어지는 착한 광부",ch27,270,d_main_27_01_s,,,,,확실,확정
D379,person:해머링,해머링,관계,기준,person:센티,,,센티를 '선배'라 부르며 우상으로 모시는 후배 — 말투까지 닮았다,ch27,270,d_main_27_01_e,,,,,확실,확정
D387,person:해머링,해머링,신념,기준,,,,"잘 먹고 잘 살려고 자원했지 목숨까지 걸 생각은 없다 — 살아 있어야 의미가 있다며, 위험을 숨기는 동료와는 일할 수 없다고 한다",ch28,275,d_main_28_04_s,,,,,확실,확정
D427,person:해머링,해머링,관계,기준,person:지휘관,,,마이티 툴즈 선배들이 칭찬한 사람이라 지휘관이 구하러 올 거라 믿는,ch29,291,d_main_29_05_s,,,,,확실,확정
D435,person:해머링,해머링,신념,변화,,살아 있어야 의미가 있다며 목숨까지 걸 생각은 없는,제게 창피한 게 싫어 만난 지 얼마 안 된 동료를 위해 목숨을 거는,,ch30,293,d_main_30_05,d_main_29_07_e,ch29,,,확실,확정
D436,person:해머링,해머링,신체,변화,,팔에 수정이 박힌,"몸이 수정에 먹혀 라피가 머리를 떼어 내, 목 끝에 수정이 남은 머리만 남은",,ch30,293,d_main_30_09_s,d_main_30_09_s,ch30,,F1414 F1415,확실,확정
D729,person:헤르민,헤르민,신념,기준,,,,"예술을 보존해 후대에 넘기려 랩쳐와 싸우고, 벙커의 예술 데이터를 100년 넘게 지켜 온 예술가",event_ce006,387,event_ce006_2_02_e,,,,,확실,확정
D730,person:헤르민,헤르민,관계,기준,place:방주,,,대항의 상징으로 써먹고 구하러 오지 않은 방주를 '거짓말쟁이'라며 믿지 못하는,event_ce006,387,event_ce006_2_intermission_01,,,,,확실,확정
D731,person:헤르민,헤르민,신념,변화,,고향이 된 벙커에서 떠나게(죽게) 해 달라던,지켜 온 예술이 이어진다면 그것과 함께 방주로 가겠다는,,event_ce006,387,event_ce006_2_intermission_01,event_ce006_2_intermission_01,event_ce006,S234,F1988,확실,확정
D732,person:헤르민,헤르민,신념,변화,,생존이 아니라 예술을 지키려 버티자던,아이가 태어나자 실물 예술을 포기하고 생존을 목적으로 삼은,,event_ce006,387,event_ce006_2_05_s,event_ce006_2_05_s,event_ce006,S235,F1989,확실,확정
D733,person:헤르민,헤르민,관계,변화,place:방주,방주가 반드시 구하러 오리라 믿던,"30년쯤 지나 '그들은 오지 않겠구나', '외롭구나'라는",,event_ce006,387,event_ce006_2_05_s,event_ce006_2_05_s,event_ce006,S235,F1993,확실,확정
D734,person:헤르민,헤르민,신체,변화,,노쇠한 몸으로 방주에 온,1주일 뒤 소중한 액자를 끌어안고 숨진,,event_ce006,387,event_ce006_2_06_e,,,S234,F2000,확실,확정
D568,person:헨젤,헨젤,성격,기준,,,,'헨젤과 그레텔은 …라고 생각해'처럼 둘을 3인칭으로 묶어 말하고 '몸도 마음도 하나'라며 에이브를 놀리는 오만한 쌍둥이,event_oldtales1,338,event_oldtales1_prologue,,,,,확실,확정
D569,person:헨젤,헨젤,관계,기준,person:신데렐라,,,먼저 나서는 신데렐라를 '건방지다'며 코를 납작하게 만들겠다고 받아치는 경쟁심 섞인 동료,event_oldtales1,338,event_oldtales1_03_s,,,,,확실,확정
D570,person:헨젤,헨젤,관계,변화,person:신데렐라,건방지다고 받아치던 동료,레드 슈즈를 죽인 신데렐라를 '저 헬레틱을 죽이자'며 겨누는,,event_oldtales1,338,event_oldtales2_intermission_01,event_oldtales2_intermission_01,event_oldtales1,,,확실,확정
D571,person:헨젤,헨젤,관계,변화,person:신데렐라,헬레틱이라며 죽이려던,'가족을 또 잃고 싶지 않다'며 사과하고 끌어안고 지켜 주겠다는,,event_oldtales1,338,event_oldtales2_05_e,event_oldtales2_05_e,event_oldtales1,,,확실,확정
D1639,person:헨젤,헨젤,관계,변화,person:세이렌,공격받는 것과 몸을 조종당하는 건 다르다며 언령을 경계한,'일단 믿어 볼게 · 우린 세이렌의 친구니까' — 세이렌의 말을 알아듣는,,char:513,380,ep:d_nikke_littlemermaid_05,ep:d_nikke_littlemermaid_05,char:513,S225,,확실,확정
D1955,person:헬름,헬름,관계,기준,person:지휘관,,,"'귀관'이라 부르며 파티에 온 지휘관을 로비 · 추파로 의심해 날을 세우다 사과하고, 뒷정리를 도와 달라 하는 사이",char:352,139,ep:d_nikke_helm_01,,,,,확실,확정
D1954,person:헬름,헬름,성격,기준,,,,'우리는 긍지 높은 해군'이라며 검 끝으로 바닥을 찍어 남은 음식을 버리게 하고 '권리를 부르짖기 전에 책임부터' 다하라는 엄격한 리더 — 연설 뒤엔 예민해져 어깨가 처진다,char:352,139,ep:d_nikke_helm_01,,,,,확실,확정
D1957,person:헬름,헬름,관계,기준,person:마스트 person:앵커,,,'나는 상관이고 너희는 부하'라며 불평하는 둘에게 금주 · 근신을 내리는 깐깐한 상관,char:352,139,ep:d_nikke_helm_02,,,,,확실,확정
D1956,person:헬름,헬름,신념,기준,,,,"스쿼드원에게 한 약속(배로 바다를 가로지르고 해양 생물을 보게 해 주기)을 지키려 '구걸'이라는 말을 참고, 돈이 아니라 시민의 인정을 받는 기부를 고집한다",char:352,139,ep:d_nikke_helm_03,,,,F672,확실,확정
D1958,person:헬름,헬름,관계,변화,person:지휘관,로비를 의심하며 뒷정리를 부탁하는 사이,"영상을 확인하지 않고 '그를 믿는다' 하고, 바다로 나가는 날 '귀관이 내 옆에서 지켜봐 줬으면' 하는",,char:352,139,ep:d_nikke_helm_05,ep:d_nikke_helm_04,char:352,,,확실,확정
D1454,person:헬름,헬름,성격,변화,,다친 몸으로도 혼자 나서며 '괜히 공감해 줄 필요 없다'고 불안을 혼자 짊어지던,'불침번을 맡겨도 괜찮을까' 동료에게 기대고 '다 같이 머리를 맞대자'는,,event_seayouagain1,226,event_seayouagain1_06_s,event_seayouagain1_06_s,event_seayouagain1,S88,,확실,확정
D1455,person:헬름,헬름,관계,변화,person:아니스,진동을 못 들은 아니스는 자기 불안을 모를 거라며 밀어내던,놓지 않은 아니스를 거꾸로 업어 들고 '나도 안 놓을 거야' 하는,,event_seayouagain1,226,event_seayouagain2_04_e,event_seayouagain2_04_s,event_seayouagain1,S88,,확실,확정
D1457,person:헬름,헬름,관계,변화,person:마스트 person:앵커,둘의 몫까지 혼자 잘 해내야 한다며 창피할까 걱정하던,늦게 와 '집합 완료'를 외친 둘에게 '너희와 함께 있을 수 있어서 다행'이라 우는,,event_seayouagain1,226,event_seayouagain2_06_e,event_seayouagain2_06_s,event_seayouagain1,S88,,확실,확정
D1456,person:헬름,헬름,신념,변화,,빈손으로 돌아가면 어드마이어 호와 이지스가 끝날까 쓸모 증명에 조급하던,다시 함께 있는 것만으로 충분하다며 언젠가 다시 바다로 나가리라 믿는,,event_seayouagain1,226,event_seayouagain2_epilogue,event_seayouagain2_06_e,event_seayouagain1,S88,,확실,확정
D2057,person:헬름,헬름,신념,변화,,방주 유일의 해군이라 아무도 '처음이라 괜찮다' 해 주지 않으니 처음부터 완벽해야 하고 실패해선 안 된다는,엉망이어도 받아들여 주는 사람이 있으니 가끔은 괜찮다 — 동료가 바라는 건 재촉보다 말없이 믿어 주는 리더라는,,char:353,229,ep:d_nikke_helm_aquamarine_03,ep:d_nikke_helm_aquamarine_03,char:353,S90,F1063,확실,확정
D2058,person:헬름,헬름,관계,변화,person:지휘관,바다로 나가는 날 옆에서 지켜봐 줬으면 하는 믿는 상관,"처음 본 때부터 뛰던 마음을 털어놓고, 입맞춤에 '하나부터 열까지 가르쳐 달라' 답하는 연인",,char:353,229,ep:d_nikke_helm_aquamarine_05,ep:d_nikke_helm_aquamarine_01,char:353,S90,F1064,확실,확정
D658,person:헬름,헬름,관계,기준,person:맥스웰,,,"맥스웰을 '누구보다 이성적이고 합리적인 니케'라 믿어, 무리한 공적 대신 메티스다운 공적을 세우라 타이르는",ch38,375,d_main_38_01_s,,,,,확실,확정
D1413,person:홍련,홍련,관계,기준,person:지휘관,,,"'도령, 한잔하세' 하며 전초기지에 술을 얻어 마시러 드나드는 술친구",char:222,136,ep:d_nikke_hongryeon_01,,,,,확실,확정
D1411,person:홍련,홍련,성격,기준,,,,'친구끼리 술잔을 나누는 게 좋지 않나' 하며 사흘이 멀다 하고 와서 술을 축내는 넉살 좋은 술꾼 — 술에 약해도 지독한 추억 때문에 마신다,char:222,136,ep:d_nikke_hongryeon_01,,,,,확실,확정
D1414,person:홍련,홍련,기억,기준,,,,"사고 전환을 몇 번이나 겪어, 동료들과 목숨 걸고 탈환한 곳들도 라푼젤에게 들어서야 아는",char:222,136,ep:d_nikke_hongryeon_03,,,,,확실,확정
D1412,person:홍련,홍련,신념,기준,,,,"인간 없는 지상이 더 아름답다며 인간이 세상에 도움이 되는지 묻지만, 랩쳐를 모두 죽이고 지상을 인간에게 돌려준다는 '강철 같은 의지'는 변하지 않는다는",char:222,136,ep:d_nikke_hongryeon_03,,,,,확실,확정
D1415,person:홍련,홍련,관계,변화,person:지휘관,술을 얻어 마시러 드나드는 술친구,"'외로운 거야?'에 '아니라곤 말 못 하겠군' 하고, 지상에서의 시간이 그의 기억에 크게 자리 잡길 바라는",,char:222,136,ep:d_nikke_hongryeon_05,ep:d_nikke_hongryeon_03,char:222,,,확실,확정
D251,person:홍련,홍련,신념,변화,,싸우기 위해 태어났으니 검만 휘두르다 떠나도 나쁘지 않다는,죽이는 것 말고 살리는 일 — 농사(끝은 술)를 해 보고 싶다는,,event_overzone,200,event_overzone2_03_e,event_overzone1_05_e,event_overzone,S71,F917,확실,확정
D354,person:홍련,홍련,관계,기준,person:도로시,,,청결과 전략에 집착하는 도로시의 콧대를 언젠가 정면에서 꺾어 주겠다며 매일 한 판 붙자고 덤비는 앙숙,erelic:red_ash_lost,252,erelic:red_ash_lost_04,,,,,확실,확정
D361,person:홍련,홍련,관계,기준,person:장화,,,"985번 대련에 한 번도 못 이기고 '그 여유, 언젠간 꼭 꺾어 보이겠다'며 언니를 좇는 동생",event_newyearnewsword,261,event_newyearnewsword_02_s,,,,,확실,확정
D364,person:홍련,홍련,관계,변화,person:지휘관,'도령'을 시험하는,100년 동안 못 연 언니의 술을 함께 열어 준 '참 좋은 도령',,event_newyearnewsword,261,event_newyearnewsword_epilogue,event_newyearnewsword_06_e,event_newyearnewsword,S117,,확실,확정
D362,person:홍련,홍련,관계,변화,person:장화,언니를 꺾겠다던 동생,언니를 제 검으로 베고 화무십일홍을 쥔 채 100년 동안 그리워하는,,event_newyearnewsword,261,event_newyearnewsword_epilogue,event_newyearnewsword_06_e,event_newyearnewsword,S117,,확실,확정
D1512,person:홍련,홍련,관계,기준,person:릴리바이스,,,"단숨에 진 것이 납득되지 않는다며 재대결을 청하고, 터무니없이 강하다고 인정하며 한 걸음 더 다가가려는 상대",char:225,262,ep:d_nikke_hongryeon_blackshadow_01,,,,,확실,확정
D1511,person:홍련,홍련,소속,변화,,근접 전투 스쿼드가 궤멸한 뒤 혼자 남은,릴리바이스의 주먹에 지고 갓데스 스쿼드에 합류한,,char:225,262,ep:d_nikke_hongryeon_blackshadow_01,ep:d_nikke_hongryeon_blackshadow_01,char:225,S119,F1242 F1181,확실,확정
D1516,person:홍련,홍련,신념,변화,,'난 강해야 하니까' 갓데스 안에서 자기 위치를 증명하려던,결이 다른 새 동료들과 함께 옛 전우들이 바라던 인류의 승리를 손에 넣겠다는,,char:225,262,ep:d_nikke_hongryeon_blackshadow_05,ep:d_nikke_hongryeon_blackshadow_05,char:225,S119,F1245,확실,확정
D411,person:홍련,홍련,관계,기준,person:마리안,,,"슬퍼하는 마리안을 낚시에 데려가 '좋은 일만 생각하라'는 비결을 일러 주고, 손맛을 가르치며 제자로 두고 싶어 하는 스승",side:second_affection,288,side:second_affection_04,,,,,확실,확정
D928,person:홍련,홍련,관계,변화,person:이사벨,'잠시 동안의 동맹'이라던,돌아오면 함께 마시자며 맛 좋은 술을 남겨 두고 기다리겠다는,,event_goddessfall1,418,event_goddessfall2_03_s,,,S273,,확실,확정
D952,person:홍련,홍련,신체,변화,,랩쳐 무리 한가운데서 검을 휘두르던,대파되어 뇌도 꺼내지 못한 채 처음부터 새로 만들어야 하는,,event_goddessfall1,418,event_goddessfall2_06_e,,,S273,F2315 F2321,확실,확정
D976,person:홍련,홍련,관계,변화,person:스노우_화이트,실의에 빠진 아이로 보고 악역을 자처해 등을 떠밀려던,슬픔을 묻고 동료의 장비를 만드는 모습에 '아이 취급하지 마시게' 감싸는,,fl:ark_guardian,428,fl:ark_guardian_02,,,S288,,확실,확정
D990,person:홍련,홍련,성격,변화,,일도양단 · 정면 승부만 고집하는 불같은,가벼운 사고 전환으로 마음이 사그라들고 약점을 정확히 노리는,,fl:ark_guardian,428,fl:ark_guardian_25,,,S288,F2372,확실,확정
D1332,person:홍련,홍련,관계,변화,person:장화,언니를 제 검으로 베고 100년 동안 그리워하는,'상처를 줬다 말하지 말게' 하고 언니와 등을 맞대 함께 베어 내는,,ch48,472,d_main_48_04,,,S342,,확실,확정
D1333,person:홍련,홍련,신념,변화,,죽이는 것 말고 살리는 일 — 농사를 해 보고 싶다는,언니의 마지막 주박대로 '반드시 행복하게 살겠다'는,,ch48,472,d_main_48_04,,,S342,,확실,확정
D1334,person:홍련,홍련,신체,변화,,대파되어 뇌도 꺼내지 못한 채 처음부터 새로 만들어야 하는,장화의 바디로 되살아난,,ch48,472,d_main_48_06_e,d_main_48_04,ch48,S342,,확실,확정
D2008,person:히메노,히메노,성격,기준,,,,"인식 칩도 없이 취해 늘어지는 느긋한 술꾼처럼 굴지만, 실은 일부러 술을 마시러 다니며 방주를 살폈고 위기에는 '고스트'로 조용히 돕는",char:802,180,ep:d_nikke_c_3_05,,,,F822,확실,확정
