type,record,act,point,from_scene,to_scene,from_unit,to_unit,from_order,to_order,confidence,status
setup_payoff,E1,암시,Q225,d_main_01_03_s,d_main_40_02,ch00,ch40,1,398,추정,확정
setup_payoff,E1,암시,Q225,d_main_01_03_s,fl:good_world_12,ch00,fl:good_world,1,448,추정,확정
setup_payoff,E2,암시,F2837,d_main_01_01_s,d_main_48_05,ch00,ch48,1,472,추정,확정
setup_payoff,E3,암시,F15,d_main_01_04_e,d_main_01_07_s,ch01,ch01,2,2,확실,확정
setup_payoff,E3,암시,F22,d_main_01_04_e,d_main_01af_01,ch01,ch01,2,2,확실,확정
setup_payoff,E4,암시,F14,d_main_01_05,d_main_01_07_s,ch01,ch01,2,2,확실,확정
setup_payoff,E5,암시,F2837,d_main_01_06_e,d_main_48_05,ch01,ch48,2,472,추정,확정
setup_payoff,E6,암시,F84,d_main_01af_02,d_main_04af_04,ch01,ch04,2,15,확실,확정
setup_payoff,E6,암시,F376,d_main_01af_02,d_main_14af_03,ch01,ch14,2,69,확실,확정
setup_payoff,E6,암시,Q1,d_main_01af_02,d_main_04af_04,ch01,ch04,2,15,확실,확정
setup_payoff,E6,암시,Q1,d_main_01af_02,d_main_14af_03,ch01,ch14,2,69,확실,확정
setup_payoff,E7,암시,Q6,d_main_01af_04,d_main_06_07,ch01,ch06,2,26,확실,확정
setup_payoff,E7,암시,Q6,d_main_01af_04,ep:d_nikke_maxwell_03,ch01,char:102,2,99,확실,확정
setup_payoff,E7,암시,F529,d_main_01af_04,ep:d_nikke_maxwell_02,ch01,char:102,2,99,확실,확정
setup_payoff,E10,암시,Q240,d_main_02_08_s,d_main_42_02,ch02,ch42,4,416,확실,확정
setup_payoff,E10,암시,F2214,d_main_02_08_s,d_main_42_02,ch02,ch42,4,416,확실,확정
setup_payoff,E11,암시,F1765,d_main_02_05,event_footstepwalkrun2_epilogue,ch02,event_footstepwalkrun1,4,350,추정,확정
setup_payoff,E11,암시,Q16,d_main_02_05,d_main_10_06,ch02,ch10,4,48,추정,확정
setup_payoff,E11,암시,Q16,d_main_02_05,d_main_32_af_02,ch02,ch32,4,310,추정,확정
setup_payoff,E12,암시,F138,sub:콜렉터_00,sub:콜렉터_01,sub:콜렉터_00,sub:콜렉터_01,7,41,확실,확정
setup_payoff,E14,암시,F53,sub:테트라_커넥트_00,sub:테트라_커넥트_00,sub:테트라_커넥트_00,sub:테트라_커넥트_00,6,6,추정,확정
setup_payoff,E14,암시,F709,sub:테트라_커넥트_00,sub:테트라_커넥트_01,sub:테트라_커넥트_00,sub:테트라_커넥트_01,6,147,추정,확정
callback,E16,재언급,F2880,d_main_01_06_e,d_main_03_02,ch01,ch03,2,10,확실,확정
setup_payoff,E17,암시,Q246,d_main_03_02,ep:d_nikke_mihara_bondingchain_04,ch03,char:162,10,382,확실,확정
setup_payoff,E18,암시,F1763,d_main_03_06,event_footstepwalkrun2_06_e,ch03,event_footstepwalkrun1,10,350,추정,확정
setup_payoff,E18,암시,Q65,d_main_03_06,d_main_24_14_e,ch03,ch24,10,219,추정,확정
setup_payoff,E18,암시,Q65,d_main_03_06,event_footstepwalkrun2_intermission_01,ch03,event_footstepwalkrun1,10,350,추정,확정
setup_payoff,E20,암시,F624,d_main_03_04,ep:d_nikke_yuni_01,ch03,char:160,10,124,확실,확정
setup_payoff,E21,암시,F349,sub:세르반_00,sub:세르반_03,sub:세르반_00,sub:세르반_03,11,65,확실,확정
setup_payoff,E22,암시,Q246,d_main_04_07,ep:d_nikke_mihara_bondingchain_04,ch04,char:162,15,382,확실,확정
setup_payoff,E23,암시,Q246,d_main_04af_03,ep:d_nikke_mihara_bondingchain_04,ch04,char:162,15,382,확실,확정
setup_payoff,E24,암시,F1618,d_main_04_01,side:wordless_00,ch04,side:wordless,15,331,추정,확정
setup_payoff,E25,암시,F376,d_main_04af_01,d_main_14af_03,ch04,ch14,15,69,추정,확정
setup_payoff,E26,암시,F2373,d_main_04af_03,fl:ark_guardian_25,ch04,fl:ark_guardian,15,428,추정,확정
setup_payoff,E27,암시,F2654,d_main_04af_07,d_main_46_af_07,ch04,ch46,15,452,추정,확정
setup_payoff,E28,암시,F1798,d_main_04af_08,d_main_35_04,ch04,ch35,15,358,확실,확정
setup_payoff,E29,암시,F1559,d_main_04_09_e,d_main_32_af_02,ch04,ch32,15,310,추정,확정
setup_payoff,E30,암시,F150,sub:트레저_헌터_00,sub:트레저_헌터_03,sub:트레저_헌터_00,sub:트레저_헌터_03,12,83,추정,확정
setup_payoff,E31,암시,F150,sub:트레저_헌터_01,sub:트레저_헌터_03,sub:트레저_헌터_01,sub:트레저_헌터_03,16,83,확실,확정
setup_payoff,E32,암시,F148,sub:트레저_헌터_01,sub:트레저_헌터_03,sub:트레저_헌터_01,sub:트레저_헌터_03,16,83,추정,확정
setup_payoff,E33,암시,F148,sub:트레저_헌터_02,sub:트레저_헌터_03,sub:트레저_헌터_02,sub:트레저_헌터_03,46,83,추정,확정
callback,E34,재언급,F81,d_main_04af_03,sub:트레저_헌터_03,ch04,sub:트레저_헌터_03,15,83,추정,확정
callback,E35,재언급,Q6,d_main_02af_01,sub:이례의_기록자_00,ch02,sub:이례의_기록자_00,4,17,확실,확정
callback,E36,재언급,Q8,d_main_02af_07,sub:랩칠리언_05,ch02,sub:랩칠리언_05,4,84,추정,확정
setup_payoff,E37,암시,F1284,sub:랩칠리언_06,d_main_26af_01,sub:랩칠리언_06,ch27,143,270,확실,확정
setup_payoff,E38,암시,F1142,relic:갓데스스쿼드리포트_02,event_redash1_01_e,relic:갓데스스쿼드리포트,event_redash,19,251,확실,확정
setup_payoff,E39,암시,F1148,relic:갓데스스쿼드리포트_03,event_redash1_04_s,relic:갓데스스쿼드리포트,event_redash,19,251,확실,확정
setup_payoff,E40,암시,Q63,d_main_05_04_e,d_main_48_05,ch05,ch48,20,472,추정,확정
setup_payoff,E40,암시,Q86,d_main_05_04_e,event_wisdomspring_04_e,ch05,event_wisdomspring,20,353,추정,확정
setup_payoff,E41,암시,F604,d_main_05_06,ep:d_nikke_alice_04,ch05,char:191,20,118,확실,확정
setup_payoff,E42,암시,Q25,d_main_05_07,ep:d_nikke_ludmilla_04,ch05,char:190,20,96,확실,확정
setup_payoff,E43,암시,F336,d_main_05_09,d_main_13_08_e,ch05,ch13,20,64,추정,확정
setup_payoff,E44,암시,F711,sub:중앙_정부_공식__00,sub:중앙_정부_공식__02,sub:중앙_정부_공식__00,sub:중앙_정부_공식__02,21,148,추정,확정
setup_payoff,E45,암시,F711,relic:니케실험대상자모집_01,sub:중앙_정부_공식__02,relic:니케실험대상자모집,sub:중앙_정부_공식__02,24,148,추정,확정
setup_payoff,E46,암시,F604,relic:니케실험대상자모집_02,ep:d_nikke_alice_04,relic:니케실험대상자모집,char:191,24,118,추정,확정
setup_payoff,E46,암시,Q63,relic:니케실험대상자모집_02,d_main_48_05,relic:니케실험대상자모집,ch48,24,472,추정,확정
setup_payoff,E47,암시,F202,relic:통화기록028594_02,relic:니케실험반대피켓_02,relic:통화기록028594,relic:니케실험반대피켓,25,29,추정,확정
setup_payoff,E49,암시,F494,d_main_06_08_s,ep:d_nikke_rapunzel_04,ch06,char:221,26,94,추정,확정
setup_payoff,E50,암시,F209,d_main_06_08_e,d_main_07_06_e,ch06,ch07,26,31,확실,확정
setup_payoff,E51,암시,F349,sub:세르반_01,sub:세르반_03,sub:세르반_01,sub:세르반_03,28,65,확실,확정
callback,E52,재언급,Q35,relic:통화기록028594_02,relic:니케실험반대피켓_01,relic:통화기록028594,relic:니케실험반대피켓,25,29,추정,확정
callback,E53,재언급,F2880,d_main_01_06_e,d_main_07_06_e,ch01,ch07,2,31,확실,확정
setup_payoff,E54,암시,F334,d_main_07_06_e,d_main_13_08_e,ch07,ch13,31,64,추정,확정
setup_payoff,E55,암시,Q68,d_main_07_06_e,event_goddessfall1_06_e,ch07,event_goddessfall1,31,418,추정,확정
callback,E56,재언급,Q13,d_main_04_04_s,d_main_07_02,ch04,ch07,15,31,확실,확정
setup_payoff,E57,암시,F494,d_main_07_02,ep:d_nikke_rapunzel_04,ch07,char:221,31,94,추정,확정
setup_payoff,E58,암시,F2649,d_main_07_06_e,d_main_46_af_06,ch07,ch46,31,452,추정,확정
callback,E59,재언급,F195,sub:세르반_01,sub:세르반_02,sub:세르반_01,sub:세르반_02,28,33,확실,확정
setup_payoff,E60,암시,F351,sub:세르반_02,sub:세르반_03,sub:세르반_02,sub:세르반_03,33,65,추정,확정
setup_payoff,E61,암시,F2690,sub:러블리_드림_00,event_staranis2_02_s,sub:러블리_드림_00,event_staranis1,61,454,추정,확정
setup_payoff,E62,암시,F233,d_ex_elevator_01,d_ex_elevator_01,d_ex_elevator_01,d_ex_elevator_01,35,35,확실,확정
setup_payoff,E63,암시,F248,d_main_08_01,d_main_09_06_s,ch08,ch09,37,43,확실,확정
setup_payoff,E64,암시,F248,d_main_08_06,d_main_09_06_s,ch08,ch09,37,43,추정,확정
setup_payoff,E65,암시,F380,sub:칠리페퍼_01,sub:칠리페퍼_02,sub:칠리페퍼_01,sub:칠리페퍼_02,38,70,추정,확정
setup_payoff,E66,암시,F248,d_main_09_01,d_main_09_06_s,ch09,ch09,43,43,확실,확정
setup_payoff,E67,암시,F254,d_main_09_02_e,d_main_09af_02,ch09,ch09,43,43,추정,확정
setup_payoff,E68,암시,F251,d_main_09_04,d_main_09_06_s,ch09,ch09,43,43,확실,확정
callback,E69,재언급,F2880,d_main_01_06_e,d_main_09_05_s,ch01,ch09,2,43,확실,확정
setup_payoff,E70,암시,F291,d_main_09af_06,d_main_11_04,ch09,ch11,43,53,확실,확정
callback,E71,재언급,F259,d_main_09af_06,d_main_10_01,ch09,ch10,43,48,확실,확정
setup_payoff,E72,암시,F312,d_main_10_06,d_main_12af_01,ch10,ch12,48,59,추정,확정
setup_payoff,E73,암시,F1997,sub:롬_01,event_ce006_2_04_e,sub:롬_01,event_ce006,73,387,추정,확정
setup_payoff,E74,암시,F1997,sub:롬_02,event_ce006_2_04_e,sub:롬_02,event_ce006,163,387,추정,확정
setup_payoff,E75,암시,F312,d_main_11_06_s,d_main_12af_01,ch11,ch12,53,59,확실,확정
setup_payoff,E76,암시,F1798,sub:음악_애호가_00,d_main_35_04,sub:음악_애호가_00,ch35,54,358,추정,확정
callback,E77,재언급,F132,relic:방주추첨권_00,relic:구시대의플레이리스트_02,relic:방주추첨권,relic:구시대의플레이리스트,14,56,추정,확정
setup_payoff,E78,암시,F304,d_main_12_02_e,d_main_12_07_s,ch12,ch12,59,59,확실,확정
setup_payoff,E79,암시,F320,d_main_12_04,d_main_12af_03,ch12,ch12,59,59,확실,확정
setup_payoff,E80,암시,F304,d_main_12_05,d_main_12_07_s,ch12,ch12,59,59,확실,확정
callback,E81,재언급,F20,d_main_01af_01,d_main_12_07_s,ch01,ch12,2,59,확실,확정
setup_payoff,E82,암시,F997,d_main_12_07_e,d_main_23_09_e,ch12,ch23,59,214,확실,확정
setup_payoff,E82,암시,Q77,d_main_12_07_e,d_main_23_10_e,ch12,ch23,59,214,확실,확정
setup_payoff,E83,암시,Q58,d_main_12af_01,fl:project_matis_21,ch12,fl:project_matis,59,467,추정,확정
setup_payoff,E84,암시,F314,d_main_12af_01,d_main_12af_02,ch12,ch12,59,59,확실,확정
callback,E85,재언급,F248,d_main_09_06_s,d_main_13_02,ch09,ch13,43,64,확실,확정
setup_payoff,E86,암시,Q59,d_main_13_03,d_main_33_07,ch13,ch33,64,334,추정,확정
callback,E87,재언급,F210,d_main_07_06_e,d_main_13_08_s,ch07,ch13,31,64,확실,확정
callback,E88,재언급,F2880,d_main_01_06_e,d_main_13_08_e,ch01,ch13,2,64,확실,확정
callback,E89,재언급,F19,d_main_01_07_e,d_main_13_08_e,ch01,ch13,2,64,확실,확정
setup_payoff,E90,암시,Q68,d_main_13_08_e,event_goddessfall1_06_e,ch13,event_goddessfall1,64,418,추정,확정
setup_payoff,E91,암시,F2837,d_main_13af_06,d_main_48_05,ch13,ch48,64,472,추정,확정
setup_payoff,E92,암시,F1034,d_main_13af_07,d_main_24_14_e,ch13,ch24,64,219,추정,확정
setup_payoff,E93,암시,F2355,sub:철도로GO_00,fl:terminus_ticket_21,sub:철도로GO_00,fl:terminus_ticket,66,425,추정,확정
callback,E95,재언급,F2880,d_main_01_06_e,d_main_14_07,ch01,ch14,2,69,확실,확정
setup_payoff,E96,암시,F683,d_main_14_09,d_main_17_08,ch14,ch17,69,140,추정,확정
callback,E97,재언급,F2880,d_main_01_06_e,d_main_14_14,ch01,ch14,2,69,확실,확정
callback,E98,재언급,F338,d_main_13_08_e,d_main_14_14,ch13,ch14,64,69,확실,확정
setup_payoff,E99,암시,F1559,d_main_14af_03,d_main_32_af_02,ch14,ch32,69,310,추정,확정
callback,E100,재언급,Q58,d_main_12af_02,d_main_15_04,ch12,ch15,59,75,확실,확정
callback,E101,재언급,F249,d_main_09_02_e,d_main_15af_05,ch09,ch15,43,75,확실,확정
setup_payoff,E102,암시,F622,d_main_15af_06,ep:d_nikke_emma_03,ch15,char:90,75,123,확실,확정
setup_payoff,E103,암시,F2410,relic:종말의서_00,d_main_43_15,relic:종말의서,ch43,76,434,추정,확정
setup_payoff,E104,암시,F2881,d_main_16_07,d_main_16af_02,ch16,ch16,80,80,추정,확정
setup_payoff,E104,암시,F1010,d_main_16_07,d_main_24_04,ch16,ch24,80,219,추정,확정
setup_payoff,E105,암시,F416,d_main_16_09_s,d_main_16af_02,ch16,ch16,80,80,확실,확정
setup_payoff,E106,암시,F412,d_main_16_09_e,d_main_16_13_e,ch16,ch16,80,80,확실,확정
setup_payoff,E107,암시,F417,d_main_16_09_e,d_main_16af_03,ch16,ch16,80,80,확실,확정
setup_payoff,E108,암시,F416,d_main_16_10,d_main_16af_02,ch16,ch16,80,80,확실,확정
setup_payoff,E108,암시,F706,d_main_16_10,d_main_18af_04,ch16,ch18,80,146,확실,확정
setup_payoff,E109,암시,F689,d_main_16_10,d_main_17af_01,ch16,ch17,80,140,확실,확정
setup_payoff,E110,암시,F2499,d_main_16_11,fl:enter_heaven_09,ch16,fl:enter_heaven,80,442,추정,확정
setup_payoff,E111,암시,F412,d_main_16_13_s,d_main_16_13_e,ch16,ch16,80,80,확실,확정
setup_payoff,E112,암시,F704,d_main_16af_01,d_main_18af_02,ch16,ch18,80,146,확실,확정
callback,E113,재언급,F88,d_main_04af_04,d_main_16af_02,ch04,ch16,15,80,추정,확정
setup_payoff,E114,암시,F1014,d_main_16af_03,d_main_24_06_s,ch16,ch24,80,219,확실,확정
setup_payoff,E115,암시,F676,d_main_17_02,d_main_17_10,ch17,ch17,140,140,확실,확정
setup_payoff,E116,암시,F686,d_main_17_04,d_main_17_11,ch17,ch17,140,140,확실,확정
setup_payoff,E116,암시,F676,d_main_17_04,d_main_17_10,ch17,ch17,140,140,확실,확정
setup_payoff,E117,암시,F684,d_main_17_05_e,d_main_17_08,ch17,ch17,140,140,확실,확정
setup_payoff,E118,암시,F686,d_main_17_07,d_main_17_11,ch17,ch17,140,140,확실,확정
setup_payoff,E119,암시,F2364,d_main_17_08,fl:ark_guardian_16,ch17,fl:ark_guardian,140,428,확실,확정
setup_payoff,E120,암시,F2373,d_main_17_08,fl:ark_guardian_25,ch17,fl:ark_guardian,140,428,확실,확정
setup_payoff,E121,암시,F689,d_main_17_08,d_main_17af_01,ch17,ch17,140,140,확실,확정
callback,E122,재언급,F19,d_main_01_07_e,d_main_17_07,ch01,ch17,2,140,확실,확정
callback,E122,재언급,F2880,d_main_01_06_e,d_main_17_07,ch01,ch17,2,140,확실,확정
setup_payoff,E123,암시,F2375,d_main_17_11,fl:ark_guardian_26,ch17,fl:ark_guardian,140,428,확실,확정
callback,E124,재언급,F5,d_main_01_03_s,d_main_17_12,ch00,ch17,1,140,확실,확정
setup_payoff,E125,암시,F762,d_main_17af_02,d_main_20af_01,ch17,ch20,140,164,확실,확정
setup_payoff,E126,암시,F2479,sub:제니퍼f_00,fl:lie_cause_recoil_22,sub:제니퍼f_00,fl:lie_cause_recoil,79,438,추정,확정
callback,E127,재언급,F304,d_main_12_07_s,d_main_18_05,ch12,ch18,59,146,확실,확정
setup_payoff,E128,암시,F2791,d_main_18_07_e,fl:project_matis_21,ch18,fl:project_matis,146,467,확실,확정
callback,E129,재언급,F308,d_main_12_07_e,d_main_18_09,ch12,ch18,59,146,확실,확정
callback,E130,재언급,F476,ep:d_nikke_drake_01,d_main_18_11,char:101,ch18,92,146,추정,확정
setup_payoff,E131,암시,F886,d_main_18af_01,d_main_22_06,ch18,ch22,146,195,추정,확정
setup_payoff,E132,암시,F993,d_main_18af_04,d_main_23_08_s,ch18,ch23,146,214,확실,확정
setup_payoff,E133,암시,F995,sub:테트라_커넥트_01,d_main_23_08_e,sub:테트라_커넥트_01,ch23,147,214,추정,확정
callback,E134,재언급,F700,d_main_18_10,relic:XX중학교가정통신문_01,ch18,relic:XX중학교가정통신문,146,149,추정,확정
callback,E135,재언급,F2880,d_main_01_06_e,event_brandnewyear_06_e,ch01,event_brandnewyear,2,157,확실,확정
setup_payoff,E136,암시,F743,event_brandnewyear_05_e,d_main_19_01,event_brandnewyear,ch19,157,159,추정,확정
callback,E137,재언급,F626,ep:d_nikke_julia_04,event_brandnewyear_03_e,char:150,event_brandnewyear,125,157,추정,확정
setup_payoff,E138,암시,F1056,event_brandnewyear_06_e,event_seayouagain2_06_s,event_brandnewyear,event_seayouagain1,157,226,추정,확정
setup_payoff,E139,암시,F748,d_main_19_05,d_main_19_07,ch19,ch19,159,159,확실,확정
setup_payoff,E140,암시,F763,d_main_19af_01,d_main_20_06_s,ch19,ch20,159,164,확실,확정
setup_payoff,E141,암시,F767,d_main_19af_02,d_main_20_10_e,ch19,ch20,159,164,확실,확정
callback,E142,재언급,F365,d_main_14_08,d_main_19_01,ch14,ch19,69,159,확실,확정
callback,E143,재언급,F402,relic:종말의서_00,sub:데이파라_00,relic:종말의서,sub:데이파라_00,76,168,추정,확정
setup_payoff,E144,암시,F861,relic:데일리아크기사스크랩_03,d_main_21_02_e,relic:데일리아크기사스크랩,ch21,160,189,확실,확정
callback,E145,재언급,Q6,d_main_02af_01,d_main_20_05,ch02,ch20,4,164,추정,확정
callback,E146,재언급,F749,d_main_19_08_e,d_main_20_10_e,ch19,ch20,159,164,확실,확정
setup_payoff,E147,암시,Q283,d_main_20_10_e,event_goddessfall1_02_e,ch20,event_goddessfall1,164,418,추정,확정
setup_payoff,E148,암시,F2166,d_main_20af_02,side:eden_spear_09,ch20,side:eden_spear,164,411,확실,확정
setup_payoff,E149,암시,F1136,sub:로망티스트_00,sub:로망티스트_01,sub:로망티스트_00,sub:로망티스트_01,165,247,확실,확정
callback,E150,재언급,F750,d_main_19af_01,relic:jonathan_report_03,ch19,relic:jonathan_report,159,166,추정,확정
setup_payoff,E151,암시,F781,event_doutsiders_04_s,event_doutsiders_04_e,event_doutsiders,event_doutsiders,169,169,확실,확정
setup_payoff,E152,암시,F781,event_doutsiders_01_e,event_doutsiders_04_e,event_doutsiders,event_doutsiders,169,169,확실,확정
setup_payoff,E153,암시,F834,event_cherryblossom_01_e,event_cherryblossom_03_s,event_cherryblossom,event_cherryblossom,183,183,확실,확정
setup_payoff,E154,암시,F834,event_cherryblossom_02_e,event_cherryblossom_03_s,event_cherryblossom,event_cherryblossom,183,183,추정,확정
callback,E156,재언급,F457,ep:d_nikke_noise_04,event_cherryblossom_02_s,char:430,event_cherryblossom,89,183,추정,확정
setup_payoff,E157,암시,F871,d_main_21_01_s,d_main_21af_01,ch21,ch21,189,189,확실,확정
setup_payoff,E158,암시,F2334,d_main_21_02_e,erelic:goddess_fall_mini_09,ch21,erelic:goddess_fall_mini,189,419,추정,확정
setup_payoff,E160,암시,F2330,d_main_21_07_s,erelic:goddess_fall_mini_05,ch21,erelic:goddess_fall_mini,189,419,추정,확정
setup_payoff,E161,암시,F2330,d_main_21_09_s,erelic:goddess_fall_mini_05,ch21,erelic:goddess_fall_mini,189,419,추정,확정
setup_payoff,E163,암시,F993,d_main_21af_03,d_main_23_08_s,ch21,ch23,189,214,확실,확정
callback,E164,재언급,Q79,ep:d_nikke_noah_02,sub:에덴_Notice_00,char:232,sub:에덴_Notice_00,88,190,확실,확정
callback,E165,재언급,F860,d_main_21_01_e,relic:특이랩쳐보고서-전_04,ch21,relic:특이랩쳐보고서-전,189,193,확실,확정
setup_payoff,E166,암시,F882,d_main_22_01_e,d_main_22_03,ch22,ch22,195,195,추정,확정
callback,E167,재언급,F376,d_main_14af_03,d_main_22_03,ch14,ch22,69,195,확실,확정
setup_payoff,E168,암시,F884,d_main_22_04_e,d_main_22_05_e,ch22,ch22,195,195,확실,확정
setup_payoff,E169,암시,F884,d_main_22_05_s,d_main_22_05_e,ch22,ch22,195,195,확실,확정
setup_payoff,E170,암시,F889,d_main_22_06,d_main_22_09,ch22,ch22,195,195,확실,확정
setup_payoff,E171,암시,F890,d_main_22_07,d_main_22_09,ch22,ch22,195,195,확실,확정
setup_payoff,E172,암시,F894,d_main_22_07,d_main_22_11,ch22,ch22,195,195,추정,확정
callback,E173,재언급,F690,d_main_17af_02,d_main_22_09,ch17,ch22,140,195,확실,확정
callback,E174,재언급,F706,d_main_18af_04,d_main_22_11,ch18,ch22,146,195,확실,확정
callback,E175,재언급,F690,d_main_17af_02,d_main_22_11,ch17,ch22,140,195,확실,확정
callback,E176,재언급,F863,d_main_21_04_s,d_main_22_12_s,ch21,ch22,189,195,확실,확정
setup_payoff,E177,암시,F2643,d_main_22_12_e,d_main_46_af_04,ch22,ch46,195,452,추정,확정
callback,E178,재언급,F176,sub:할아범_00,sub:할아범_01,sub:할아범_00,sub:할아범_01,42,198,확실,확정
setup_payoff,E179,암시,F1395,sub:문구점_00,d_main_30_01_s,sub:문구점_00,ch30,196,293,추정,확정
callback,E180,재언급,F360,d_main_14_03,sub:중앙정부_트라이앵글_00,ch14,sub:중앙정부_트라이앵글_00,69,218,확실,확정
callback,E181,재언급,F402,relic:종말의서_00,sub:2호_쉘터_관리계정_00,relic:종말의서,sub:2호_쉘터_관리계정_00,76,197,확실,확정
setup_payoff,E182,암시,F2134,sub:2호_쉘터_관리계정_00,fl:reborn_evil_17,sub:2호_쉘터_관리계정_00,fl:reborn_evil,197,407,확실,확정
callback,E183,재언급,F756,sub:데이파라_00,sub:2호_쉘터_관리계정_00,sub:데이파라_00,sub:2호_쉘터_관리계정_00,168,197,확실,확정
setup_payoff,E184,암시,F1100,relic:에닉탄핵포스터_04,d_main_24af_06,relic:에닉탄핵포스터,ch25,199,241,추정,확정
setup_payoff,E185,암시,F915,event_overzone1_01_s,event_overzone1_05_e,event_overzone,event_overzone,200,200,확실,확정
setup_payoff,E186,암시,F920,event_overzone1_01_s,event_overzone2_04_e,event_overzone,event_overzone,200,200,추정,확정
setup_payoff,E187,암시,F926,event_overzone1_03_s,event_overzone2_06_e,event_overzone,event_overzone,200,200,추정,확정
setup_payoff,E188,암시,F920,event_overzone1_03_e,event_overzone2_04_e,event_overzone,event_overzone,200,200,확실,확정
setup_payoff,E189,암시,F918,event_overzone1_intermission_01,event_overzone2_02_e,event_overzone,event_overzone,200,200,추정,확정
callback,E190,재언급,Q111,d_main_20_10_e,event_overzone1_intermission_01,ch20,event_overzone,164,200,추정,확정
setup_payoff,E191,암시,Q130,event_overzone1_05_s,d_main_48_03,event_overzone,ch48,200,472,추정,확정
setup_payoff,E192,암시,F1172,event_overzone1_05_s,event_redash2_06_e,event_overzone,event_redash,200,251,추정,확정
setup_payoff,E193,암시,F2651,event_overzone1_06_s,d_main_46_af_06,event_overzone,ch46,200,452,추정,확정
setup_payoff,E194,암시,F1163,event_overzone2_01_s,event_redash2_02_e,event_overzone,event_redash,200,251,추정,확정
setup_payoff,E195,암시,F925,event_overzone2_01_s,event_overzone2_intermission_01,event_overzone,event_overzone,200,200,확실,확정
setup_payoff,E196,암시,F925,event_overzone2_01_e,event_overzone2_intermission_01,event_overzone,event_overzone,200,200,확실,확정
setup_payoff,E197,암시,F925,event_overzone2_02_s,event_overzone2_intermission_01,event_overzone,event_overzone,200,200,확실,확정
setup_payoff,E198,암시,F2375,event_overzone2_03_s,fl:ark_guardian_26,event_overzone,fl:ark_guardian,200,428,추정,확정
callback,E199,재언급,F661,ep:d_nikke_hongryeon_03,event_overzone2_03_e,char:222,event_overzone,136,200,확실,확정
setup_payoff,E200,암시,Q247,event_overzone2_04_e,side:pretty_star_14,event_overzone,side:pretty_star,200,447,추정,확정
setup_payoff,E201,암시,F2649,event_overzone2_04_e,d_main_46_af_06,event_overzone,ch46,200,452,확실,확정
setup_payoff,E202,암시,F1435,event_overzone2_05_e,event_lastkingdom1_b03_e,event_overzone,event_lastkingdom1,200,295,추정,확정
setup_payoff,E203,암시,Q306,event_overzone2_06_e,d_main_46_af_06,event_overzone,ch46,200,452,확실,확정
setup_payoff,E204,암시,F2643,event_overzone2_06_e,d_main_46_af_04,event_overzone,ch46,200,452,확실,확정
setup_payoff,E205,암시,F2558,erelic:white_memory_12,side:pretty_star_14,erelic:white_memory,side:pretty_star,201,447,추정,확정
setup_payoff,E206,암시,F1161,erelic:white_memory_12,event_redash2_01_e,erelic:white_memory,event_redash,201,251,추정,확정
callback,E207,재언급,F203,d_main_07_02,event_overzone2_epilogue,ch07,event_overzone,31,200,확실,확정
callback,E208,재언급,F735,event_brandnewyear_01_s,event_bluewaterisland1_01_s,event_brandnewyear,event_bluewaterisland,157,209,확실,확정
setup_payoff,E209,암시,F978,event_bluewaterisland1_01_s,ep:d_nikke_neon_blueocean_01,event_bluewaterisland,char:14,209,211,추정,확정
setup_payoff,E210,암시,F1051,event_bluewaterisland1_02_e,event_seayouagain1_05_s,event_bluewaterisland,event_seayouagain1,209,226,확실,확정
setup_payoff,E211,암시,F971,event_bluewaterisland1_03_s,event_bluewaterisland2_05_e,event_bluewaterisland,event_bluewaterisland,209,209,추정,확정
setup_payoff,E212,암시,F1496,event_bluewaterisland1_04_e,event_claymore_01_s,event_bluewaterisland,event_claymore,209,303,추정,확정
setup_payoff,E213,암시,F972,event_bluewaterisland1_05_e,event_bluewaterisland2_03_s,event_bluewaterisland,event_bluewaterisland,209,209,추정,확정
setup_payoff,E214,암시,F537-2,event_bluewaterisland2_01_s,event_bluewaterisland2_05_e,event_bluewaterisland,event_bluewaterisland,209,209,확실,확정
setup_payoff,E215,암시,F972,event_bluewaterisland2_02_s,event_bluewaterisland2_03_s,event_bluewaterisland,event_bluewaterisland,209,209,추정,확정
setup_payoff,E216,암시,F971,event_bluewaterisland2_03_s,event_bluewaterisland2_05_e,event_bluewaterisland,event_bluewaterisland,209,209,추정,확정
callback,E217,재언급,F646,ep:d_nikke_pepper_01,event_bluewaterisland2_03_e,char:131,event_bluewaterisland,130,209,확실,확정
callback,E218,재언급,F540,ep:d_nikke_mary_04,event_bluewaterisland2_05_e,char:130,event_bluewaterisland,100,209,확실,확정
setup_payoff,E219,암시,F1031,d_main_23_01_e,d_main_24_11,ch23,ch24,214,219,확실,확정
setup_payoff,E220,암시,F996,d_main_23_01_e,d_main_23af_02,ch23,ch23,214,214,추정,확정
setup_payoff,E221,암시,F995,d_main_23_01_e,d_main_23_08_e,ch23,ch23,214,214,추정,확정
setup_payoff,E222,암시,F1009,d_main_23_02_e,d_main_24_04,ch23,ch24,214,219,확실,확정
callback,E223,재언급,F412,d_main_16_13_e,d_main_23_05_s,ch16,ch23,80,214,확실,확정
setup_payoff,E224,암시,F1015,d_main_23_05_e,d_main_24_07_s,ch23,ch24,214,219,추정,확정
setup_payoff,E225,암시,F1015,d_main_23_06_s,d_main_24_07_s,ch23,ch24,214,219,추정,확정
setup_payoff,E226,암시,F2449,d_main_23_07_s,d_main_44_af_05,ch23,ch44,214,436,추정,확정
setup_payoff,E227,암시,F995,d_main_23_08_s,d_main_23_08_e,ch23,ch23,214,214,확실,확정
setup_payoff,E228,암시,F998,d_main_23_08_s,d_main_23_11_e,ch23,ch23,214,214,확실,확정
setup_payoff,E229,암시,F1019,d_main_23_08_s,d_main_24_09,ch23,ch24,214,219,추정,확정
setup_payoff,E230,암시,F1014,d_main_23_09_e,d_main_24_06_s,ch23,ch24,214,219,추정,확정
setup_payoff,E231,암시,F1015,d_main_23_11_e,d_main_24_07_s,ch23,ch24,214,219,추정,확정
callback,E232,재언급,F141,sub:콜렉터_01,sub:콜렉터_02,sub:콜렉터_01,sub:콜렉터_02,41,216,확실,확정
setup_payoff,E233,암시,F1041,sub:콜렉터_02,relic:긴급뉴스대본_FB_3_final_2.pdf_00,sub:콜렉터_02,relic:긴급뉴스대본_FB_3_final_2.pdf,216,221,확실,확정
callback,E235,재언급,F892,d_main_22_10,d_main_24_04,ch22,ch24,195,219,추정,확정
callback,E236,재언급,Q97,d_main_18af_06,d_main_24_04,ch18,ch24,146,219,확실,확정
callback,E237,재언급,F412,d_main_16_13_e,d_main_24_06_s,ch16,ch24,80,219,확실,확정
setup_payoff,E238,암시,F1772,d_main_24_06_s,event_wisdomspring_01_s,ch24,event_wisdomspring,219,353,확실,확정
setup_payoff,E240,암시,F2490,d_main_24_10,fl:enter_heaven_06,ch24,fl:enter_heaven,219,442,확실,확정
setup_payoff,E241,암시,F1100,d_main_24_10,d_main_24af_06,ch24,ch25,219,241,추정,확정
setup_payoff,E242,암시,F2643,d_main_24_11,d_main_46_af_04,ch24,ch46,219,452,추정,확정
setup_payoff,E242,암시,Q150,d_main_24_11,d_main_26_07_e,ch24,ch26,219,246,추정,확정
setup_payoff,E242,암시,Q150,d_main_24_11,d_main_37_03,ch24,ch37,219,373,추정,확정
setup_payoff,E242,암시,Q150,d_main_24_11,d_main_44_af_02,ch24,ch44,219,436,추정,확정
setup_payoff,E242,암시,Q150,d_main_24_11,event_goddessfall2_epilogue,ch24,event_goddessfall1,219,418,추정,확정
setup_payoff,E242,암시,Q150,d_main_24_11,fl:boom_the_ghost_27,ch24,fl:boom_the_ghost,219,393,추정,확정
setup_payoff,E243,암시,F1109,d_main_24_14_e,d_main_25_08_e,ch24,ch25,219,241,추정,확정
setup_payoff,E243,암시,Q151,d_main_24_14_e,d_main_26_02_s,ch24,ch26,219,246,추정,확정
callback,E245,재언급,F1004,d_main_24_01,relic:긴급뉴스대본_FB_3_final_2.pdf_03,ch24,relic:긴급뉴스대본_FB_3_final_2.pdf,219,221,확실,확정
callback,E247,재언급,F476,ep:d_nikke_drake_01,event_freezeacpu_02_e,char:101,event_freezeacpu,92,239,확실,확정
callback,E248,재언급,F340,d_main_13af_01,d_main_24af_04,ch13,ch25,64,241,확실,확정
setup_payoff,E249,암시,Q268,d_main_24af_04,event_goddessfall2_epilogue,ch25,event_goddessfall1,241,418,추정,확정
callback,E250,재언급,F1097,d_main_24af_05,d_main_24af_06,ch25,ch25,241,241,추정,확정
setup_payoff,E251,암시,F1116,d_main_24af_06,d_main_26_02_s,ch25,ch26,241,246,추정,확정
setup_payoff,E252,암시,F2643,d_main_25_03_e,d_main_46_af_04,ch25,ch46,241,452,추정,확정
setup_payoff,E252,암시,Q320,d_main_25_03_e,d_main_46_af_04,ch25,ch46,241,452,추정,확정
setup_payoff,E253,암시,F2037,d_main_25_03_e,fl:boom_the_ghost_27,ch25,fl:boom_the_ghost,241,393,추정,확정
setup_payoff,E253,암시,Q261,d_main_25_03_e,d_main_46_af_04,ch25,ch46,241,452,추정,확정
setup_payoff,E254,암시,F1108,d_main_25_03_s,d_main_25_07_e,ch25,ch25,241,241,추정,확정
setup_payoff,E255,암시,Q261,d_main_25_04,d_main_46_af_04,ch25,ch46,241,452,추정,확정
setup_payoff,E256,암시,Q323,d_main_25_04,d_main_45_06,ch25,ch45,241,450,확실,확정
setup_payoff,E256,암시,Q323,d_main_25_04,d_main_46_af_02,ch25,ch46,241,452,확실,확정
setup_payoff,E257,암시,F2373,d_main_25_04,fl:ark_guardian_25,ch25,fl:ark_guardian,241,428,확실,확정
callback,E258,재언급,Q144,d_main_24af_01,d_main_25_04,ch24,ch25,219,241,추정,확정
setup_payoff,E259,암시,F1128,d_main_25_05_e,d_main_26_07_e,ch25,ch26,241,246,추정,확정
setup_payoff,E260,암시,F1128,d_main_25_06,d_main_26_07_e,ch25,ch26,241,246,추정,확정
callback,E261,재언급,Q105,d_main_19af_01,d_main_25_07_s,ch19,ch25,159,241,확실,확정
setup_payoff,E262,암시,F1109,d_main_25_08_s,d_main_25_08_e,ch25,ch25,241,241,확실,확정
setup_payoff,E263,암시,F1285,relic:마더웨일아종목격보고.wav_02,d_main_26af_01,relic:마더웨일아종목격보고.wav,ch27,242,270,확실,확정
setup_payoff,E264,암시,F1143,d_main_26_01_s,event_redash_prologue,ch26,event_redash,246,251,확실,확정
callback,E265,재언급,F686,d_main_17_11,d_main_26_01_e,ch17,ch26,140,246,확실,확정
callback,E266,재언급,F677,d_main_17_05_s,d_main_26_03_s,ch17,ch26,140,246,확실,확정
setup_payoff,E267,암시,Q150,d_main_26_03_e,d_main_26_07_e,ch26,ch26,246,246,추정,확정
setup_payoff,E267,암시,Q150,d_main_26_03_e,d_main_37_03,ch26,ch37,246,373,추정,확정
setup_payoff,E267,암시,Q150,d_main_26_03_e,d_main_44_af_02,ch26,ch44,246,436,추정,확정
setup_payoff,E267,암시,Q150,d_main_26_03_e,event_goddessfall2_epilogue,ch26,event_goddessfall1,246,418,추정,확정
setup_payoff,E267,암시,Q150,d_main_26_03_e,fl:boom_the_ghost_27,ch26,fl:boom_the_ghost,246,393,추정,확정
callback,E268,재언급,Q65,d_main_13af_07,d_main_26_04,ch13,ch26,64,246,확실,확정
setup_payoff,E269,암시,F1143,d_main_26_07_s,event_redash_prologue,ch26,event_redash,246,251,확실,확정
setup_payoff,E270,암시,F1541,d_main_26_07_e,d_main_32_01,ch26,ch32,246,310,확실,확정
setup_payoff,E271,암시,F1786,d_main_26_08,d_main_35bf_01,ch26,ch35,246,358,확실,확정
setup_payoff,E271,암시,Q168,d_main_26_08,d_main_34_09_e,ch26,ch34,246,336,확실,확정
setup_payoff,E272,암시,F2643,d_main_26_09,d_main_46_af_04,ch26,ch46,246,452,추정,확정
setup_payoff,E273,암시,F2373,d_main_26_10,fl:ark_guardian_25,ch26,fl:ark_guardian,246,428,추정,확정
setup_payoff,E274,암시,F1142,d_main_26_12_s,event_redash1_01_e,ch26,event_redash,246,251,추정,확정
setup_payoff,E275,암시,F1859,d_main_26_09,d_main_37_03,ch26,ch37,246,373,확실,확정
callback,E276,재언급,F774,sub:로망티스트_00,sub:로망티스트_01,sub:로망티스트_00,sub:로망티스트_01,165,247,확실,확정
setup_payoff,E277,암시,F1798,sub:코인_러시_00,d_main_35_04,sub:코인_러시_00,ch35,223,358,추정,확정
setup_payoff,E278,암시,F1297,relic:저주받은보석_01,d_main_27_05,relic:저주받은보석,ch27,248,270,추정,확정
setup_payoff,E279,암시,F1297,relic:저주받은보석_02,d_main_27_05,relic:저주받은보석,ch27,248,270,확실,확정
setup_payoff,E280,암시,F1307,event_redash_prologue,relic:잘지내라친구_01,event_redash,relic:잘지내라친구,251,274,추정,확정
setup_payoff,E281,암시,F1142,event_redash_prologue,event_redash1_01_e,event_redash,event_redash,251,251,추정,확정
setup_payoff,E282,암시,F1238,event_redash1_01_s,event_newyearnewsword_06_s,event_redash,event_newyearnewsword,251,261,추정,확정
setup_payoff,E283,암시,F1152,event_redash1_02_s,event_redash1_06_e,event_redash,event_redash,251,251,추정,확정
setup_payoff,E284,암시,F1181,event_redash1_02_s,erelic:red_ash_lost_10,event_redash,erelic:red_ash_lost,251,252,추정,확정
callback,E285,재언급,F1109,d_main_25_08_e,event_redash1_02_e,ch25,event_redash,241,251,추정,확정
setup_payoff,E286,암시,F1168,event_redash1_02_e,event_redash2_04_e,event_redash,event_redash,251,251,추정,확정
setup_payoff,E287,암시,Q157,event_redash1_02_e,event_footstepwalkrun2_intermission_01,event_redash,event_footstepwalkrun1,251,350,추정,확정
setup_payoff,E288,암시,F1169,event_redash1_03_s,event_redash2_04_e,event_redash,event_redash,251,251,추정,확정
setup_payoff,E289,암시,Q90,event_redash1_04_s,erelic:red_ash_lost_10,event_redash,erelic:red_ash_lost,251,252,추정,확정
setup_payoff,E289,암시,Q90,event_redash1_04_s,event_newyearnewsword_06_s,event_redash,event_newyearnewsword,251,261,추정,확정
setup_payoff,E290,암시,F1154,event_redash1_05_s,event_redash1_06_e,event_redash,event_redash,251,251,확실,확정
setup_payoff,E293,암시,F2358,event_redash2_02_s,fl:ark_guardian_03,event_redash,fl:ark_guardian,251,428,확실,확정
setup_payoff,E294,암시,Q247,event_redash2_02_e,side:pretty_star_14,event_redash,side:pretty_star,251,447,추정,확정
setup_payoff,E294,암시,F2558,event_redash2_02_e,side:pretty_star_14,event_redash,side:pretty_star,251,447,추정,확정
setup_payoff,E295,암시,F2543,event_redash2_03_e,side:pretty_star_01,event_redash,side:pretty_star,251,447,확실,확정
setup_payoff,E296,암시,F2430,event_redash2_intermission_01,d_main_44_07,event_redash,ch44,251,436,추정,확정
setup_payoff,E297,암시,F2358,event_redash2_intermission_01,fl:ark_guardian_03,event_redash,fl:ark_guardian,251,428,추정,확정
setup_payoff,E299,암시,Q157,event_redash2_06_e,event_footstepwalkrun2_intermission_01,event_redash,event_footstepwalkrun1,251,350,추정,확정
setup_payoff,E300,암시,F2430,event_redash2_06_e,d_main_44_07,event_redash,ch44,251,436,추정,확정
setup_payoff,E301,암시,F1763,event_redash2_epilogue,event_footstepwalkrun2_06_e,event_redash,event_footstepwalkrun1,251,350,확실,확정
callback,E302,재언급,F1125,d_main_26_05_e,erelic:red_ash_lost_06,ch26,erelic:red_ash_lost,246,252,추정,확정
setup_payoff,E303,암시,F1182,erelic:red_ash_lost_09,erelic:red_ash_lost_15,erelic:red_ash_lost,erelic:red_ash_lost,252,252,추정,확정
setup_payoff,E304,암시,Q363,erelic:red_ash_lost_10,d_main_47_04,erelic:red_ash_lost,ch47,252,470,추정,확정
callback,E305,재언급,F932,erelic:white_memory_19,erelic:red_ash_lost_16,erelic:white_memory,erelic:red_ash_lost,201,252,추정,확정
callback,E306,재언급,F932,erelic:white_memory_19,erelic:red_ash_mini_01,erelic:white_memory,erelic:red_ash_mini,201,253,추정,확정
setup_payoff,E307,암시,F1238,erelic:red_ash_mini_02,event_newyearnewsword_06_s,erelic:red_ash_mini,event_newyearnewsword,253,261,추정,확정
callback,E308,재언급,F1118,d_main_26_02_e,erelic:red_ash_mini_05,ch26,erelic:red_ash_mini,246,253,확실,확정
callback,E308,재언급,F1126,d_main_26_07_s,erelic:red_ash_mini_05,ch26,erelic:red_ash_mini,246,253,확실,확정
setup_payoff,E309,암시,F1669,erelic:red_ash_mini_06,event_oldtales1_intermission_01,erelic:red_ash_mini,event_oldtales1,253,338,확실,확정
setup_payoff,E310,암시,F2882,event_newyearnewsword_01_s,event_newyearnewsword_03_e,event_newyearnewsword,event_newyearnewsword,261,261,확실,확정
setup_payoff,E311,암시,F1238,event_newyearnewsword_02_s,event_newyearnewsword_06_s,event_newyearnewsword,event_newyearnewsword,261,261,확실,확정
callback,E312,재언급,F1181,erelic:red_ash_lost_10,event_newyearnewsword_03_e,erelic:red_ash_lost,event_newyearnewsword,252,261,추정,확정
setup_payoff,E313,암시,F1240,event_newyearnewsword_03_e,event_newyearnewsword_03_e,event_newyearnewsword,event_newyearnewsword,261,261,확실,확정
setup_payoff,E314,암시,F1239,event_newyearnewsword_03_e,event_newyearnewsword_06_e,event_newyearnewsword,event_newyearnewsword,261,261,확실,확정
setup_payoff,E315,암시,F2619,event_newyearnewsword_epilogue,d_main_46_06,event_newyearnewsword,ch46,261,452,추정,확정
setup_payoff,E316,암시,F1263,event_dirtybackyard_03_e,event_dirtybackyard_05_e,event_dirtybackyard,event_dirtybackyard,265,265,확실,확정
setup_payoff,E317,암시,F1267,event_dirtybackyard_05_e,event_dirtybackyard_epilogue,event_dirtybackyard,event_dirtybackyard,265,265,추정,확정
setup_payoff,E318,암시,F1965,event_dirtybackyard_06_s,event_lordforjustice_05_s,event_dirtybackyard,event_lordforjustice,265,385,확실,확정
setup_payoff,E319,암시,F2450,event_dirtybackyard_epilogue,d_main_44_af_05,event_dirtybackyard,ch44,265,436,추정,확정
setup_payoff,E320,암시,Q161,event_dirtybackyard_epilogue,d_main_30_02,event_dirtybackyard,ch30,265,293,확실,확정
setup_payoff,E320,암시,Q161,event_dirtybackyard_epilogue,d_main_41_af_06,event_dirtybackyard,ch41,265,414,확실,확정
setup_payoff,E320,암시,Q161,event_dirtybackyard_epilogue,d_main_44_af_03,event_dirtybackyard,ch44,265,436,확실,확정
setup_payoff,E320,암시,Q161,event_dirtybackyard_epilogue,d_main_45_09,event_dirtybackyard,ch45,265,450,확실,확정
setup_payoff,E320,암시,Q161,event_dirtybackyard_epilogue,event_lordforjustice_04_s,event_dirtybackyard,event_lordforjustice,265,385,확실,확정
setup_payoff,E321,암시,F1301,d_main_26af_01,d_main_27_08,ch27,ch27,270,270,추정,확정
setup_payoff,E322,암시,F2044,d_main_26af_01,d_main_39_04,ch27,ch39,270,396,추정,확정
setup_payoff,E323,암시,F1859,d_main_26af_02,d_main_37_03,ch27,ch37,270,373,추정,확정
callback,E324,재언급,F1192,ep:d_nikke_RedHood_02,d_main_26af_02,char:470,ch27,254,270,추정,확정
setup_payoff,E325,암시,Q164,d_main_27_03_s,d_main_30_02,ch27,ch30,270,293,추정,확정
setup_payoff,E326,암시,Q164,d_main_27_03_e,d_main_30_02,ch27,ch30,270,293,추정,확정
setup_payoff,E327,암시,Q171,d_main_27_03_e,event_boomsday_04_s,ch27,event_boomsday,270,280,추정,확정
setup_payoff,E327,암시,Q171,d_main_27_03_e,event_darkhero_06_e,ch27,event_darkhero,270,298,추정,확정
setup_payoff,E327,암시,Q171,d_main_27_03_e,event_footstepwalkrun2_intermission_01,ch27,event_footstepwalkrun1,270,350,추정,확정
setup_payoff,E328,암시,F1298,d_main_27_04_e,d_main_27_07,ch27,ch27,270,270,확실,확정
setup_payoff,E329,암시,F1414,d_main_27_08,d_main_30_09_s,ch27,ch30,270,293,추정,확정
callback,E330,재언급,F1097,d_main_24af_05,d_main_27_08,ch25,ch27,241,270,확실,확정
setup_payoff,E331,암시,F1311,d_main_27_08,d_main_28_03,ch27,ch28,270,275,추정,확정
callback,E332,재언급,F1154,event_redash1_06_e,sub:피라_02,event_redash,sub:피라_02,251,272,추정,확정
callback,E333,재언급,F1126,d_main_26_07_s,relic:잘지내라친구_03,ch26,relic:잘지내라친구,246,274,확실,확정
setup_payoff,E334,암시,F1322,d_main_28_01_e,d_main_28_11_s,ch28,ch28,275,275,추정,확정
setup_payoff,E335,암시,F1321,d_main_28_01_e,d_main_28_11_s,ch28,ch28,275,275,추정,확정
setup_payoff,E336,암시,F1316,d_main_28_05_s,d_main_28_08_s,ch28,ch28,275,275,추정,확정
setup_payoff,E337,암시,F2205,d_main_28_05_e,d_main_41_af_04,ch28,ch41,275,414,추정,확정
setup_payoff,E338,암시,F1399,d_main_28_08_s,d_main_30_02,ch28,ch30,275,293,확실,확정
setup_payoff,E339,암시,F1772,d_main_28_09_e,event_wisdomspring_01_s,ch28,event_wisdomspring,275,353,추정,확정
setup_payoff,E340,암시,Q163,d_main_28_11_s,d_main_31_08,ch28,ch31,275,308,추정,확정
callback,E341,재언급,F1297,d_main_27_05,relic:조난일지_03,ch27,relic:조난일지,270,279,확실,확정
callback,E342,재언급,F1328,sub:핸섬_커맨더_00,relic:조난일지_03,sub:핸섬_커맨더_00,relic:조난일지,276,279,추정,확정
setup_payoff,E343,암시,F1340,event_boomsday_prologue,event_boomsday_04_e,event_boomsday,event_boomsday,280,280,확실,확정
setup_payoff,E344,암시,F1474,event_boomsday_prologue,event_darkhero_02_s,event_boomsday,event_darkhero,280,298,추정,확정
setup_payoff,E345,암시,F1475,event_boomsday_03_s,event_darkhero_03_s,event_boomsday,event_darkhero,280,298,확실,확정
setup_payoff,E346,암시,F1474,event_boomsday_03_e,event_darkhero_02_s,event_boomsday,event_darkhero,280,298,추정,확정
setup_payoff,E347,암시,F1476,event_boomsday_03_e,event_darkhero_03_e,event_boomsday,event_darkhero,280,298,추정,확정
setup_payoff,E348,암시,F1474,event_boomsday_04_s,event_darkhero_02_s,event_boomsday,event_darkhero,280,298,확실,확정
setup_payoff,E348,암시,F2581,event_boomsday_04_s,d_main_45_04,event_boomsday,ch45,280,450,확실,확정
callback,E349,재언급,F589,ep:d_nikke_anis_01,event_boomsday_05_e,char:12,event_boomsday,115,280,확실,확정
callback,E350,재언급,Q171,d_main_28_10,event_boomsday_06_s,ch28,event_boomsday,275,280,확실,확정
callback,E351,재언급,F1294,d_main_27_03_s,event_boomsday_epilogue,ch27,event_boomsday,270,280,확실,확정
setup_payoff,E352,암시,F2657,event_boomsday_epilogue,d_main_46_af_08,event_boomsday,ch46,280,452,추정,확정
setup_payoff,E353,암시,F1349,event_killthelord_prologue,event_killthelord_06_s,event_killthelord,event_killthelord,282,282,확실,확정
setup_payoff,E355,암시,F1351,event_killthelord_02_s,event_killthelord_epilogue,event_killthelord,event_killthelord,282,282,확실,확정
setup_payoff,E356,암시,F1349,event_killthelord_03_s,event_killthelord_06_s,event_killthelord,event_killthelord,282,282,추정,확정
callback,E357,재언급,Q161,event_dirtybackyard_04_e,event_killthelord_03_e,event_dirtybackyard,event_killthelord,265,282,확실,확정
callback,E358,재언급,F850,event_ltk_01_s,event_killthelord_intermission_01,event_ltk,event_killthelord,187,282,확실,확정
setup_payoff,E359,암시,F1349,event_killthelord_05_e,event_killthelord_06_s,event_killthelord,event_killthelord,282,282,확실,확정
callback,E360,재언급,F852,event_ltk_04_e,event_killthelord_06_e,event_ltk,event_killthelord,187,282,확실,확정
setup_payoff,E361,암시,F2290,side:second_affection_04,event_goddessfall1_06_e,side:second_affection,event_goddessfall1,288,418,추정,확정
callback,E362,재언급,F1120,d_main_26_03_s,side:second_affection_07,ch26,side:second_affection,246,288,확실,확정
setup_payoff,E363,암시,Q178,side:second_affection_09,event_lastkingdom2_epilogue,side:second_affection,event_lastkingdom1,288,295,추정,확정
setup_payoff,E364,암시,F1438,side:second_affection_12,event_lastkingdom2_04_s,side:second_affection,event_lastkingdom1,288,295,확실,확정
setup_payoff,E365,암시,F1436,side:second_affection_13,event_lastkingdom2_03_s,side:second_affection,event_lastkingdom1,288,295,추정,확정
setup_payoff,E366,암시,F2277,side:second_affection_15,event_goddessfall1_04_s,side:second_affection,event_goddessfall1,288,418,추정,확정
callback,E367,재언급,F1120,d_main_26_03_s,side:second_affection_16,ch26,side:second_affection,246,288,확실,확정
setup_payoff,E368,암시,F1398,d_main_29_01_e,d_main_30_02,ch29,ch30,291,293,추정,확정
setup_payoff,E369,암시,F1398,d_main_29_02_e,d_main_30_02,ch29,ch30,291,293,추정,확정
callback,E370,재언급,Q163,d_main_27_06,d_main_29_02_e,ch27,ch29,270,291,확실,확정
setup_payoff,E371,암시,F1388,d_main_29_02_e,d_main_29_07_e,ch29,ch29,291,291,확실,확정
setup_payoff,E372,암시,F1397,d_main_29_04_s,d_main_30_01_e,ch29,ch30,291,293,추정,확정
callback,E373,재언급,F1319,d_main_28_08_e,d_main_29_05_e,ch28,ch29,275,291,확실,확정
setup_payoff,E374,암시,F1408,d_main_29_07_e,d_main_30_06_e,ch29,ch30,291,293,확실,확정
setup_payoff,E375,암시,F1398,d_main_29_06_e,d_main_30_02,ch29,ch30,291,293,추정,확정
setup_payoff,E376,암시,F1625,d_main_29_08_s,d_main_33_01,ch29,ch33,291,334,추정,확정
setup_payoff,E377,암시,F2451,d_main_29_08_e,d_main_44_af_06,ch29,ch44,291,436,추정,확정
setup_payoff,E378,암시,F1401,d_main_29_09_e,d_main_30_02,ch29,ch30,291,293,추정,확정
callback,E379,재언급,F1265,event_dirtybackyard_06_e,d_main_30_02,event_dirtybackyard,ch30,265,293,확실,확정
callback,E379,재언급,F1264,event_dirtybackyard_06_e,d_main_30_02,event_dirtybackyard,ch30,265,293,확실,확정
setup_payoff,E380,암시,F2443,d_main_30_02,d_main_44_af_03,ch30,ch44,293,436,추정,확정
setup_payoff,E381,암시,F2209,d_main_30_02,d_main_41_af_06,ch30,ch41,293,414,추정,확정
setup_payoff,E382,암시,F1413,d_main_30_02,d_main_30_09_s,ch30,ch30,293,293,추정,확정
setup_payoff,E383,암시,F2604,d_main_30_03_s,d_main_45_10,ch30,ch45,293,450,추정,확정
setup_payoff,E384,암시,F1474,d_main_30_04,event_darkhero_02_s,ch30,event_darkhero,293,298,추정,확정
callback,E385,재언급,Q183,d_main_29_07_e,d_main_30_06_s,ch29,ch30,291,293,확실,확정
setup_payoff,E386,암시,F1719,d_main_30_06_e,ep:d_nikke_grave_02,ch30,char:514,293,344,확실,확정
callback,E387,재언급,F375,d_main_14af_02,d_main_30_07_s,ch14,ch30,69,293,추정,확정
setup_payoff,E388,암시,F1563,d_main_30_07_s,sub:관짝이_00,ch30,sub:관짝이_00,293,311,확실,확정
setup_payoff,E389,암시,F1413,d_main_30_08_s,d_main_30_09_s,ch30,ch30,293,293,확실,확정
setup_payoff,E390,암시,F1413,d_main_30_08_e,d_main_30_09_s,ch30,ch30,293,293,추정,확정
callback,E391,재언급,F1342,event_boomsday_06_s,d_main_30_af_02,event_boomsday,ch30,280,293,확실,확정
setup_payoff,E392,암시,F1439,event_lastkingdom1_prologue,event_lastkingdom2_intermission,event_lastkingdom1,event_lastkingdom1,295,295,추정,확정
setup_payoff,E393,암시,F1439,event_lastkingdom1_02_e,event_lastkingdom2_intermission,event_lastkingdom1,event_lastkingdom1,295,295,확실,확정
setup_payoff,E394,암시,F1448,event_lastkingdom1_03_e,event_lastkingdom2_06_s,event_lastkingdom1,event_lastkingdom1,295,295,추정,확정
setup_payoff,E394,암시,Q189,event_lastkingdom1_03_e,d_main_40_02,event_lastkingdom1,ch40,295,398,추정,확정
setup_payoff,E396,암시,F1452,event_lastkingdom1_04_e,event_lastkingdom2_epilogue,event_lastkingdom1,event_lastkingdom1,295,295,추정,확정
setup_payoff,E398,암시,F2307,event_lastkingdom1_05_e,event_goddessfall2_04_e,event_lastkingdom1,event_goddessfall1,295,418,추정,확정
callback,E399,재언급,F842,ep:d_nikke_nihilister_04,event_lastkingdom1_05_e,char:261,event_lastkingdom1,184,295,추정,확정
setup_payoff,E400,암시,F1438,event_lastkingdom1_06_e,event_lastkingdom2_04_s,event_lastkingdom1,event_lastkingdom1,295,295,추정,확정
callback,E401,재언급,F13,d_main_01_06_s,event_lastkingdom2_01_s,ch01,event_lastkingdom1,2,295,확실,확정
callback,E402,재언급,F1367,side:second_affection_13,event_lastkingdom2_01_s,side:second_affection,event_lastkingdom1,288,295,확실,확정
setup_payoff,E403,암시,F1445,event_lastkingdom2_01_s,event_lastkingdom2_06_e,event_lastkingdom1,event_lastkingdom1,295,295,확실,확정
callback,E404,재언급,F1230,event_newyearnewsword_03_e,event_lastkingdom2_02_s,event_newyearnewsword,event_lastkingdom1,261,295,추정,확정
setup_payoff,E405,암시,F1445,event_lastkingdom2_03_s,event_lastkingdom2_06_e,event_lastkingdom1,event_lastkingdom1,295,295,추정,확정
setup_payoff,E406,암시,F1445,event_lastkingdom2_04_s,event_lastkingdom2_06_e,event_lastkingdom1,event_lastkingdom1,295,295,추정,확정
setup_payoff,E408,암시,F1446,event_lastkingdom2_04_s,event_lastkingdom2_04_s,event_lastkingdom1,event_lastkingdom1,295,295,확실,확정
callback,E409,재언급,F210,d_main_07_06_e,event_lastkingdom2_04_e,ch07,event_lastkingdom1,31,295,확실,확정
callback,E410,재언급,Q69,d_main_14_11,event_lastkingdom1_01_e,ch14,event_lastkingdom1,69,295,확실,확정
setup_payoff,E411,암시,F1452,event_lastkingdom2_06_s,event_lastkingdom2_epilogue,event_lastkingdom1,event_lastkingdom1,295,295,확실,확정
setup_payoff,E412,암시,F2271,event_lastkingdom2_epilogue,event_goddessfall1_03_s,event_lastkingdom1,event_goddessfall1,295,418,추정,확정
setup_payoff,E413,암시,F2300,event_lastkingdom2_epilogue,event_goddessfall2_03_e,event_lastkingdom1,event_goddessfall1,295,418,추정,확정
setup_payoff,E414,암시,F1478,event_darkhero_prologue,event_darkhero_epilogue,event_darkhero,event_darkhero,298,298,확실,확정
setup_payoff,E415,암시,F1475,event_darkhero_01_s,event_darkhero_03_s,event_darkhero,event_darkhero,298,298,확실,확정
callback,E416,재언급,F541,ep:d_nikke_maiden_01,event_darkhero_01_e,char:181,event_darkhero,101,298,확실,확정
callback,E417,재언급,F1342,event_boomsday_06_s,event_darkhero_02_s,event_boomsday,event_darkhero,280,298,확실,확정
callback,E418,재언급,Q59,d_main_12af_03,event_darkhero_02_e,ch12,event_darkhero,59,298,확실,확정
setup_payoff,E419,암시,F2581,event_darkhero_02_e,d_main_45_04,event_darkhero,ch45,298,450,확실,확정
callback,E420,재언급,F545,ep:d_nikke_maiden_02,event_darkhero_intermission_01,char:181,event_darkhero,101,298,확실,확정
callback,E421,재언급,F615,ep:d_nikke_ether_01,event_darkhero_04_e,char:291,event_darkhero,120,298,확실,확정
callback,E422,재언급,F1342,event_boomsday_06_s,event_darkhero_06_s,event_boomsday,event_darkhero,280,298,확실,확정
callback,E423,재언급,F1294,d_main_27_03_s,event_darkhero_epilogue,ch27,event_darkhero,270,298,확실,확정
callback,E424,재언급,Q176,event_boomsday_05_e,event_darkhero_epilogue,event_boomsday,event_darkhero,280,298,확실,확정
setup_payoff,E425,암시,F2606,event_beautyfullshot1_03_e,d_main_45_11,event_beautyfullshot1,ch45,305,450,추정,확정
setup_payoff,E425,암시,F2657,event_beautyfullshot1_03_e,d_main_46_af_08,event_beautyfullshot1,ch46,305,452,추정,확정
callback,E426,재언급,F972,event_bluewaterisland2_03_s,event_beautyfullshot1_05_e,event_bluewaterisland,event_beautyfullshot1,209,305,추정,확정
setup_payoff,E427,암시,F1513,event_beautyfullshot1_06_e,event_beautyfullshot2_02_e,event_beautyfullshot1,event_beautyfullshot1,305,305,추정,확정
callback,E428,재언급,F950,event_queensorder_intermission_01,event_beautyfullshot2_intermission,event_queensorder,event_beautyfullshot1,207,305,추정,확정
callback,E429,재언급,F1016,d_main_24_08_s,event_beautyfullshot2_03_e,ch24,event_beautyfullshot1,219,305,확실,확정
callback,E430,재언급,F1015,d_main_24_07_s,event_beautyfullshot2_05_s,ch24,event_beautyfullshot1,219,305,추정,확정
callback,E431,재언급,F541,ep:d_nikke_maiden_01,event_beautyfullshot2_05_e,char:181,event_beautyfullshot1,101,305,확실,확정
callback,E432,재언급,F1056,event_seayouagain2_06_s,event_beautyfullshot2_06_s,event_seayouagain1,event_beautyfullshot1,226,305,확실,확정
callback,E433,재언급,F1171,event_redash2_05_e,d_main_31_01_s,event_redash,ch31,251,308,확실,확정
setup_payoff,E434,암시,F1786,d_main_31_02_e,d_main_35bf_01,ch31,ch35,308,358,추정,확정
setup_payoff,E435,암시,F1538,d_main_31_03,relic:말뚝프로젝트보고서_00,ch31,relic:말뚝프로젝트보고서,308,309,확실,확정
callback,E436,재언급,F1396,d_main_30_01_s,d_main_31_03,ch30,ch31,293,308,확실,확정
setup_payoff,E437,암시,F1559,d_main_31_05,d_main_32_af_02,ch31,ch32,308,310,확실,확정
setup_payoff,E438,암시,F1542,d_main_31_06,d_main_32_03,ch31,ch32,308,310,확실,확정
setup_payoff,E439,암시,Q199,d_main_31_06,relic:주의용광로사용법_03,ch31,relic:주의용광로사용법,308,417,추정,확정
setup_payoff,E440,암시,F2181,d_main_31_06,d_main_41_01,ch31,ch41,308,414,추정,확정
setup_payoff,E440,암시,F1821,d_main_31_06,relic:할일목록_00,ch31,relic:할일목록,308,361,추정,확정
setup_payoff,E441,암시,F1548,d_main_31_07,d_main_32_06_e,ch31,ch32,308,310,확실,확정
setup_payoff,E442,암시,F1545,d_main_31_07,d_main_32_05,ch31,ch32,308,310,확실,확정
setup_payoff,E443,암시,F1543,d_main_31_07,d_main_32_03,ch31,ch32,308,310,추정,확정
setup_payoff,E444,암시,F1555,d_main_31_08,d_main_32_09_e,ch31,ch32,308,310,확실,확정
setup_payoff,E445,암시,F1558,d_main_31_08,d_main_32_af_01,ch31,ch32,308,310,추정,확정
setup_payoff,E446,암시,F1540,d_main_31_08,d_main_32_01,ch31,ch32,308,310,추정,확정
setup_payoff,E447,암시,F1542,d_main_31_09_e,d_main_32_03,ch31,ch32,308,310,확실,확정
callback,E448,재언급,F1389,d_main_29_08_s,d_main_32_01,ch29,ch32,291,310,확실,확정
callback,E449,재언급,F1129,d_main_26_07_e,d_main_32_01,ch26,ch32,246,310,확실,확정
callback,E450,재언급,F1408,d_main_30_06_e,d_main_32_03,ch30,ch32,293,310,확실,확정
callback,E451,재언급,F1171,event_redash2_05_e,d_main_32_05,event_redash,ch32,251,310,확실,확정
setup_payoff,E452,암시,Q199,d_main_32_05,relic:주의용광로사용법_03,ch32,relic:주의용광로사용법,310,417,확실,확정
setup_payoff,E453,암시,F2180,d_main_32_05,d_main_41_01,ch32,ch41,310,414,추정,확정
callback,E454,재언급,F1414,d_main_30_09_s,d_main_32_06_s,ch30,ch32,293,310,확실,확정
setup_payoff,E455,암시,F1675,d_main_32_06_e,event_oldtales1_06_e,ch32,event_oldtales1,310,338,추정,확정
setup_payoff,E456,암시,F1873,d_main_32_07,d_main_38_04,ch32,ch38,310,375,추정,확정
callback,E457,재언급,F771,d_main_20af_01,d_main_32_09_e,ch20,ch32,164,310,확실,확정
callback,E459,재언급,F279,d_main_10_06,d_main_32_af_02,ch10,ch32,48,310,확실,확정
setup_payoff,E460,암시,F1651,sub:관짝이_00,d_main_34_af_01,sub:관짝이_00,ch34,311,336,추정,확정
callback,E461,재언급,F1317,d_main_28_08_s,sub:관짝이_01,ch28,sub:관짝이_01,275,313,확실,확정
setup_payoff,E462,암시,F1632,sub:관짝이_01,d_main_33_03,sub:관짝이_01,ch33,313,334,추정,확정
callback,E463,재언급,F1408,d_main_30_06_e,sub:관짝이_01,ch30,sub:관짝이_01,293,313,추정,확정
setup_payoff,E464,암시,F2429,sub:관짝이_02,d_main_44_07,sub:관짝이_02,ch44,314,436,추정,확정
setup_payoff,E465,암시,F1632,sub:거울_공주_00,d_main_33_03,sub:거울_공주_00,ch33,312,334,추정,확정
setup_payoff,E466,암시,F1703,sub:거울_공주_00,erelic:old_tales_lost_14,sub:거울_공주_00,erelic:old_tales_lost,312,340,추정,확정
callback,E467,재언급,F1569,sub:관짝이_01,sub:거울_공주_01,sub:관짝이_01,sub:거울_공주_01,313,315,확실,확정
callback,E468,재언급,F1552,d_main_32_08_s,relic:수정지역깊은곳어딘가_02,ch32,relic:수정지역깊은곳어딘가,310,316,확실,확정
callback,E468,재언급,F1553,d_main_32_09_s,relic:수정지역깊은곳어딘가_02,ch32,relic:수정지역깊은곳어딘가,310,316,확실,확정
callback,E469,재언급,F995,d_main_23_08_e,side:wordless_00,ch23,side:wordless,214,331,확실,확정
callback,E470,재언급,F1013,d_main_24_06_s,side:wordless_09,ch24,side:wordless,219,331,확실,확정
callback,E471,재언급,F1618,side:wordless_00,side:wordless_09,side:wordless,side:wordless,331,331,확실,확정
callback,E472,재언급,F1618,side:wordless_00,side:wordless_12,side:wordless,side:wordless,331,331,추정,확정
callback,E473,재언급,F54,d_main_03_01,side:wordless_13,ch03,side:wordless,10,331,추정,확정
setup_payoff,E474,암시,Q237,side:wordless_13,event_unbreakablesphere1_prologue,side:wordless,event_unbreakablesphere1,331,377,확실,확정
callback,E475,재언급,F1545,d_main_32_05,d_main_33_01,ch32,ch33,310,334,확실,확정
setup_payoff,E476,암시,F1657,d_main_33_01,d_main_34_af_01,ch33,ch34,334,336,확실,확정
setup_payoff,E476,암시,F1648,d_main_33_01,d_main_34_05,ch33,ch34,334,336,확실,확정
callback,E477,재언급,F255,d_main_09af_04,d_main_33_02_s,ch09,ch33,43,334,확실,확정
setup_payoff,E478,암시,F1646,d_main_33_03,d_main_34_02,ch33,ch34,334,336,추정,확정
setup_payoff,E479,암시,F2546,d_main_33_04,side:pretty_star_02,ch33,side:pretty_star,334,447,추정,확정
setup_payoff,E479,암시,F2556,d_main_33_04,side:pretty_star_13,ch33,side:pretty_star,334,447,추정,확정
setup_payoff,E480,암시,F2552,d_main_33_04,side:pretty_star_09,ch33,side:pretty_star,334,447,확실,확정
setup_payoff,E481,암시,F1646,d_main_33_05_s,d_main_34_02,ch33,ch34,334,336,추정,확정
setup_payoff,E481,암시,F2242,d_main_33_05_s,d_main_42_af_06,ch33,ch42,334,416,추정,확정
setup_payoff,E482,암시,F1653,d_main_33_05_s,d_main_34_07_e,ch33,ch34,334,336,확실,확정
callback,E483,재언급,F1317,d_main_28_08_s,d_main_33_05_e,ch28,ch33,275,334,확실,확정
setup_payoff,E484,암시,F1646,d_main_33_06,d_main_34_02,ch33,ch34,334,336,확실,확정
setup_payoff,E485,암시,F1813,d_main_33_07,d_main_36_05,ch33,ch36,334,360,확실,확정
callback,E486,재언급,F1034,d_main_24_14_e,d_main_33_08,ch24,ch33,219,334,확실,확정
setup_payoff,E487,암시,F1646,d_main_33_10_e,d_main_34_02,ch33,ch34,334,336,추정,확정
callback,E488,재언급,F838,ep:d_nikke_nihilister_02,relic:소녀의일기-절망편-_00,char:261,relic:소녀의일기-절망편-,184,335,확실,확정
callback,E489,재언급,F1636,d_main_33_07,relic:소녀의일기-절망편-_03,ch33,relic:소녀의일기-절망편-,334,335,확실,확정
setup_payoff,E490,암시,F1873,relic:소녀의일기-절망편-_03,d_main_38_04,relic:소녀의일기-절망편-,ch38,335,375,추정,확정
callback,E491,재언급,F1546,d_main_32_05,d_main_34_01_s,ch32,ch34,310,336,확실,확정
setup_payoff,E492,암시,F1654,d_main_34_01_s,d_main_34_07_e,ch34,ch34,336,336,확실,확정
setup_payoff,E493,암시,F1849,d_main_34_01_s,side:mudfish_12,ch34,side:mudfish,336,370,추정,확정
callback,E495,재언급,F1409,d_main_30_07_s,d_main_34_02,ch30,ch34,293,336,확실,확정
callback,E496,재언급,F1559,d_main_32_af_02,d_main_34_02,ch32,ch34,310,336,확실,확정
setup_payoff,E497,암시,F1765,d_main_34_03,event_footstepwalkrun2_epilogue,ch34,event_footstepwalkrun1,336,350,추정,확정
callback,E498,재언급,F1559,d_main_32_af_02,d_main_34_03,ch32,ch34,310,336,확실,확정
callback,E499,재언급,F1544,d_main_32_04,d_main_34_04,ch32,ch34,310,336,확실,확정
setup_payoff,E500,암시,F1697,d_main_34_04,erelic:old_tales_dialog_13,ch34,erelic:old_tales_dialog,336,339,추정,확정
setup_payoff,E501,암시,F1652,d_main_34_04,d_main_34_08,ch34,ch34,336,336,확실,확정
setup_payoff,E502,암시,F1663,d_main_34_05,event_oldtales1_01_e,ch34,event_oldtales1,336,338,추정,확정
setup_payoff,E503,암시,F2556,d_main_34_05,side:pretty_star_13,ch34,side:pretty_star,336,447,추정,확정
setup_payoff,E503,암시,F2705,d_main_34_05,event_staranis2_05_e,ch34,event_staranis1,336,454,추정,확정
callback,E504,재언급,F1316,d_main_28_08_s,d_main_34_06_e,ch28,ch34,275,336,확실,확정
callback,E505,재언급,F1635,d_main_33_07,d_main_34_07_s,ch33,ch34,334,336,확실,확정
callback,E505,재언급,F1555,d_main_32_09_e,d_main_34_07_s,ch32,ch34,310,336,확실,확정
callback,E506,재언급,F1563,sub:관짝이_00,d_main_34_08,sub:관짝이_00,ch34,311,336,확실,확정
setup_payoff,E507,암시,F1663,d_main_34_08,event_oldtales1_01_e,ch34,event_oldtales1,336,338,확실,확정
callback,E508,재언급,F1636,d_main_33_07,d_main_34_08,ch33,ch34,334,336,확실,확정
setup_payoff,E509,암시,F2184,d_main_34_09_e,d_main_41_01,ch34,ch41,336,414,확실,확정
setup_payoff,E509,암시,Q199,d_main_34_09_e,relic:주의용광로사용법_03,ch34,relic:주의용광로사용법,336,417,확실,확정
setup_payoff,E510,암시,F2218,d_main_34_09_e,d_main_42_03,ch34,ch42,336,416,추정,확정
setup_payoff,E511,암시,F2249,d_main_34_09_e,d_main_42_af_08,ch34,ch42,336,416,추정,확정
setup_payoff,E512,암시,F1847,d_main_34_09_e,side:mudfish_06,ch34,side:mudfish,336,370,추정,확정
callback,E513,재언급,F312,d_main_12af_01,d_main_34_09_e,ch12,ch34,59,336,확실,확정
callback,E514,재언급,F1168,event_redash2_04_e,d_main_34_09_e,event_redash,ch34,251,336,확실,확정
callback,E515,재언급,F1524,d_main_31_01_s,d_main_34_af_01,ch31,ch34,308,336,추정,확정
setup_payoff,E516,암시,F1798,d_main_34_af_01,d_main_35_04,ch34,ch35,336,358,추정,확정
setup_payoff,E517,암시,F1786,d_main_34_af_02,d_main_35bf_01,ch34,ch35,336,358,확실,확정
setup_payoff,E518,암시,F1858,d_main_34_af_02,d_main_37_05,ch34,ch37,336,373,추정,확정
callback,E519,재언급,F1635,d_main_33_07,relic:충격다크매터란무엇인가_03,ch33,relic:충격다크매터란무엇인가,334,337,확실,확정
setup_payoff,E520,암시,F1694,event_oldtales1_01_s,event_oldtales2_epilogue,event_oldtales1,event_oldtales1,338,338,확실,확정
setup_payoff,E521,암시,F1682,event_oldtales1_01_s,event_oldtales2_intermission_01,event_oldtales1,event_oldtales1,338,338,추정,확정
setup_payoff,E522,암시,F1682,event_oldtales1_02_e,event_oldtales2_intermission_01,event_oldtales1,event_oldtales1,338,338,확실,확정
setup_payoff,E523,암시,F1681,event_oldtales1_03_s,event_oldtales2_03_e,event_oldtales1,event_oldtales1,338,338,확실,확정
setup_payoff,E524,암시,F1684,event_oldtales1_03_s,event_oldtales2_04_s,event_oldtales1,event_oldtales1,338,338,확실,확정
setup_payoff,E525,암시,F1716,event_oldtales1_01_e,ep:d_nikke_cinderella_02,event_oldtales1,char:511,338,343,추정,확정
setup_payoff,E526,암시,F1849,event_oldtales1_02_s,side:mudfish_12,event_oldtales1,side:mudfish,338,370,추정,확정
callback,E527,재언급,F920,event_overzone2_04_e,event_oldtales1_04_s,event_overzone,event_oldtales1,200,338,추정,확정
setup_payoff,E528,암시,F1700,event_oldtales1_04_e,erelic:old_tales_lost_05,event_oldtales1,erelic:old_tales_lost,338,340,추정,확정
setup_payoff,E529,암시,F1680,event_oldtales1_04_e,event_oldtales2_03_e,event_oldtales1,event_oldtales1,338,338,추정,확정
setup_payoff,E530,암시,F1665,event_oldtales1_05_e,event_oldtales2_05_e,event_oldtales1,event_oldtales1,338,338,확실,확정
setup_payoff,E531,암시,F1693,event_oldtales1_05_e,event_oldtales2_epilogue,event_oldtales1,event_oldtales1,338,338,추정,확정
setup_payoff,E532,암시,F1689,event_oldtales1_06_e,event_oldtales2_06_s,event_oldtales1,event_oldtales1,338,338,추정,확정
callback,E533,재언급,F1171,event_redash2_05_e,event_oldtales2_01_s,event_redash,event_oldtales1,251,338,확실,확정
callback,E534,재언급,F1158,event_redash2_02_s,event_oldtales2_02_e,event_redash,event_oldtales1,251,338,확실,확정
callback,E535,재언급,F682,d_main_17_08,event_oldtales2_02_e,ch17,event_oldtales1,140,338,추정,확정
setup_payoff,E536,암시,F1716,event_oldtales2_02_s,ep:d_nikke_cinderella_02,event_oldtales1,char:511,338,343,추정,확정
setup_payoff,E537,암시,F1687,event_oldtales2_03_s,event_oldtales2_05_e,event_oldtales1,event_oldtales1,338,338,확실,확정
setup_payoff,E538,암시,F1710,event_oldtales2_03_s,erelic:old_tales_mini_memory_30,event_oldtales1,erelic:old_tales_mini_memory,338,341,확실,확정
setup_payoff,E539,암시,F1703,event_oldtales2_03_e,erelic:old_tales_lost_14,event_oldtales1,erelic:old_tales_lost,338,340,확실,확정
setup_payoff,E540,암시,F2828,event_oldtales2_intermission_01,d_main_48_03,event_oldtales1,ch48,338,472,추정,확정
setup_payoff,E541,암시,F1689,event_oldtales2_intermission_01,event_oldtales2_06_s,event_oldtales1,event_oldtales1,338,338,확실,확정
setup_payoff,E542,암시,F2828,event_oldtales2_intermission_01,d_main_48_03,event_oldtales1,ch48,338,472,확실,확정
callback,E543,재언급,F1407,d_main_30_06_e,event_oldtales2_04_e,ch30,event_oldtales1,293,338,확실,확정
callback,E544,재언급,F1409,d_main_30_07_s,event_oldtales2_04_e,ch30,event_oldtales1,293,338,추정,확정
callback,E544,재언급,F2883,event_oldtales2_02_e,event_oldtales2_04_e,event_oldtales1,event_oldtales1,338,338,추정,확정
setup_payoff,E545,암시,F1689,event_oldtales2_04_e,event_oldtales2_06_s,event_oldtales1,event_oldtales1,338,338,확실,확정
setup_payoff,E546,암시,F1692,event_oldtales2_05_s,event_oldtales2_epilogue,event_oldtales1,event_oldtales1,338,338,추정,확정
setup_payoff,E547,암시,F2828,event_oldtales2_06_s,d_main_48_03,event_oldtales1,ch48,338,472,추정,확정
setup_payoff,E548,암시,F1692,event_oldtales2_06_e,event_oldtales2_epilogue,event_oldtales1,event_oldtales1,338,338,확실,확정
callback,E549,재언급,F1410,d_main_30_07_s,event_oldtales2_epilogue,ch30,event_oldtales1,293,338,확실,확정
setup_payoff,E550,암시,F1708,erelic:old_tales_dialog_09,erelic:old_tales_mini_memory_20,erelic:old_tales_dialog,erelic:old_tales_mini_memory,339,341,추정,확정
callback,E551,재언급,F1686,event_oldtales2_05_e,erelic:old_tales_lost_06,event_oldtales1,erelic:old_tales_lost,338,340,확실,확정
setup_payoff,E552,암시,F1911,erelic:old_tales_lost_03,ep:d_nikke_littlemermaid_02,erelic:old_tales_lost,char:513,340,380,추정,확정
callback,E553,재언급,F1680,event_oldtales2_03_e,erelic:old_tales_mini_memory_12,event_oldtales1,erelic:old_tales_mini_memory,338,341,확실,확정
callback,E554,재언급,F1558,d_main_32_af_01,erelic:old_tales_mini_memory_39,ch32,erelic:old_tales_mini_memory,310,341,추정,확정
setup_payoff,E555,암시,F1758,event_footstepwalkrun1_01_s,event_footstepwalkrun2_03_e,event_footstepwalkrun1,event_footstepwalkrun1,350,350,확실,확정
callback,E556,재언급,F1740,event_footstepwalkrun1_01_e,event_footstepwalkrun1_02_e,event_footstepwalkrun1,event_footstepwalkrun1,350,350,추정,확정
setup_payoff,E557,암시,F1762,event_footstepwalkrun1_03_s,event_footstepwalkrun2_06_s,event_footstepwalkrun1,event_footstepwalkrun1,350,350,확실,확정
setup_payoff,E558,암시,F1765,event_footstepwalkrun1_03_s,event_footstepwalkrun2_epilogue,event_footstepwalkrun1,event_footstepwalkrun1,350,350,추정,확정
setup_payoff,E559,암시,F1763,event_footstepwalkrun1_intermission_01,event_footstepwalkrun2_06_e,event_footstepwalkrun1,event_footstepwalkrun1,350,350,추정,확정
setup_payoff,E560,암시,F1758,event_footstepwalkrun1_04_s,event_footstepwalkrun2_03_e,event_footstepwalkrun1,event_footstepwalkrun1,350,350,추정,확정
setup_payoff,E561,암시,F1758,event_footstepwalkrun1_04_s,event_footstepwalkrun2_03_e,event_footstepwalkrun1,event_footstepwalkrun1,350,350,확실,확정
setup_payoff,E562,암시,F1758,event_footstepwalkrun1_05_s,event_footstepwalkrun2_03_e,event_footstepwalkrun1,event_footstepwalkrun1,350,350,추정,확정
setup_payoff,E562,암시,F1764,event_footstepwalkrun1_05_s,event_footstepwalkrun2_06_e,event_footstepwalkrun1,event_footstepwalkrun1,350,350,추정,확정
callback,E563,재언급,F916,event_overzone2_03_e,event_footstepwalkrun1_06_s,event_overzone,event_footstepwalkrun1,200,350,추정,확정
callback,E564,재언급,F759,relic:데일리아크기사스크랩_03,event_footstepwalkrun1_06_s,relic:데일리아크기사스크랩,event_footstepwalkrun1,160,350,추정,확정
callback,E565,재언급,F1173,event_redash2_epilogue,event_footstepwalkrun2_01_e,event_redash,event_footstepwalkrun1,251,350,확실,확정
setup_payoff,E566,암시,F1764,event_footstepwalkrun2_02_e,event_footstepwalkrun2_06_e,event_footstepwalkrun1,event_footstepwalkrun1,350,350,확실,확정
setup_payoff,E567,암시,F1755,event_footstepwalkrun2_03_s,event_footstepwalkrun2_intermission_01,event_footstepwalkrun1,event_footstepwalkrun1,350,350,추정,확정
setup_payoff,E568,암시,F2204,event_footstepwalkrun2_intermission_01,d_main_41_af_03,event_footstepwalkrun1,ch41,350,414,추정,확정
setup_payoff,E569,암시,F2051,event_footstepwalkrun2_intermission_01,d_main_39_07,event_footstepwalkrun1,ch39,350,396,추정,확정
setup_payoff,E569,암시,Q262,event_footstepwalkrun2_intermission_01,d_main_40_03,event_footstepwalkrun1,ch40,350,398,추정,확정
setup_payoff,E570,암시,F1764,event_footstepwalkrun2_04_s,event_footstepwalkrun2_06_e,event_footstepwalkrun1,event_footstepwalkrun1,350,350,확실,확정
callback,E571,재언급,F1143,event_redash_prologue,event_footstepwalkrun2_04_e,event_redash,event_footstepwalkrun1,251,350,확실,확정
callback,E572,재언급,F1745,event_footstepwalkrun1_04_e,event_footstepwalkrun2_05_s,event_footstepwalkrun1,event_footstepwalkrun1,350,350,확실,확정
setup_payoff,E573,암시,Q240,event_footstepwalkrun2_06_s,d_main_42_02,event_footstepwalkrun1,ch42,350,416,추정,확정
callback,E574,재언급,F1646,d_main_34_02,event_footstepwalkrun2_06_e,ch34,event_footstepwalkrun1,336,350,확실,확정
callback,E575,재언급,F1126,d_main_26_07_s,event_footstepwalkrun2_06_e,ch26,event_footstepwalkrun1,246,350,확실,확정
setup_payoff,E576,암시,F2705,event_footstepwalkrun2_epilogue,event_staranis2_05_e,event_footstepwalkrun1,event_staranis1,350,454,확실,확정
callback,E577,재언급,F614,ep:d_nikke_ether_04,event_wisdomspring_02_s,char:291,event_wisdomspring,120,353,확실,확정
setup_payoff,E578,암시,F1776,event_wisdomspring_02_s,event_wisdomspring_epilogue,event_wisdomspring,event_wisdomspring,353,353,추정,확정
setup_payoff,E579,암시,F1771,event_wisdomspring_02_e,event_wisdomspring_03_e,event_wisdomspring,event_wisdomspring,353,353,확실,확정
setup_payoff,E580,암시,F1773,event_wisdomspring_03_s,event_wisdomspring_04_s,event_wisdomspring,event_wisdomspring,353,353,확실,확정
setup_payoff,E581,암시,F2204,event_wisdomspring_04_s,d_main_41_af_03,event_wisdomspring,ch41,353,414,추정,확정
setup_payoff,E581,암시,F2412,event_wisdomspring_04_s,d_main_43_15,event_wisdomspring,ch43,353,434,추정,확정
setup_payoff,E582,암시,Q225,event_wisdomspring_06_s,d_main_40_02,event_wisdomspring,ch40,353,398,추정,확정
setup_payoff,E582,암시,Q225,event_wisdomspring_06_s,fl:good_world_12,event_wisdomspring,fl:good_world,353,448,추정,확정
setup_payoff,E583,암시,F2581,event_wisdomspring_06_s,d_main_45_04,event_wisdomspring,ch45,353,450,추정,확정
callback,E584,재언급,Q213,side:wordless_03,event_wisdomspring_06_s,side:wordless,event_wisdomspring,331,353,추정,확정
callback,E585,재언급,F1764,event_footstepwalkrun2_06_e,d_main_35bf_01,event_footstepwalkrun1,ch35,350,358,추정,확정
setup_payoff,E586,암시,F2430,d_main_35bf_01,d_main_44_07,ch35,ch44,358,436,확실,확정
setup_payoff,E587,암시,F1798,d_main_35bf_02,d_main_35_04,ch35,ch35,358,358,추정,확정
setup_payoff,E588,암시,F2373,d_main_35bf_03,fl:ark_guardian_25,ch35,fl:ark_guardian,358,428,추정,확정
callback,E589,재언급,F1652,d_main_34_08,d_main_35bf_03,ch34,ch35,336,358,확실,확정
callback,E590,재언급,F312,d_main_12af_01,d_main_35bf_03,ch12,ch35,59,358,확실,확정
callback,E591,재언급,F395,d_main_15af_04,d_main_35bf_03,ch15,ch35,75,358,확실,확정
callback,E592,재언급,F1694,event_oldtales2_epilogue,d_main_35bf_03,event_oldtales1,ch35,338,358,확실,확정
callback,E593,재언급,F1693,event_oldtales2_epilogue,d_main_35bf_03,event_oldtales1,ch35,338,358,확실,확정
callback,E594,재언급,F869,d_main_21_10_e,d_main_35bf_06,ch21,ch35,189,358,확실,확정
callback,E595,재언급,F29,d_main_01af_05,d_main_35bf_06,ch01,ch35,2,358,확실,확정
callback,E596,재언급,F1099,d_main_24af_06,d_main_35bf_07,ch25,ch35,241,358,확실,확정
setup_payoff,E597,암시,F1798,d_main_35bf_07,d_main_35_04,ch35,ch35,358,358,확실,확정
callback,E598,재언급,F393,d_main_15af_02,d_main_35_02,ch15,ch35,75,358,확실,확정
callback,E598,재언급,F395,d_main_15af_04,d_main_35_02,ch15,ch35,75,358,확실,확정
callback,E599,재언급,F1410,d_main_30_07_s,d_main_35_02,ch30,ch35,293,358,추정,확정
callback,E600,재언급,F1563,sub:관짝이_00,d_main_35_03,sub:관짝이_00,ch35,311,358,확실,확정
callback,E601,재언급,F335,d_main_13_08_e,d_main_35_05_s,ch13,ch35,64,358,확실,확정
setup_payoff,E602,암시,F2489,d_main_35_05_s,fl:enter_heaven_05,ch35,fl:enter_heaven,358,442,추정,확정
setup_payoff,E603,암시,F1815,d_main_35_05_s,d_main_36_07_s,ch35,ch36,358,360,추정,확정
callback,E604,재언급,F1636,d_main_33_07,d_main_35_06,ch33,ch35,334,358,확실,확정
callback,E605,재언급,F1652,d_main_34_08,d_main_35_06,ch34,ch35,336,358,확실,확정
callback,E606,재언급,F1013,d_main_24_06_s,d_main_35_07,ch24,ch35,219,358,확실,확정
callback,E607,재언급,F1037,d_main_24af_02,d_main_35_07,ch24,ch35,219,358,확실,확정
callback,E608,재언급,F1619,side:wordless_12,d_main_35_07,side:wordless,ch35,331,358,확실,확정
callback,E609,재언급,F1635,d_main_33_07,d_main_35_08_e,ch33,ch35,334,358,확실,확정
callback,E610,재언급,F1703,erelic:old_tales_lost_14,d_main_35_08_e,erelic:old_tales_lost,ch35,340,358,추정,확정
setup_payoff,E611,암시,F1862,d_main_35_08_e,d_main_37_06_s,ch35,ch37,358,373,추정,확정
setup_payoff,E612,암시,F1820,d_main_35_09_s,d_main_36_09_e,ch35,ch36,358,360,확실,확정
setup_payoff,E613,암시,F2791,d_main_35_09_s,fl:project_matis_21,ch35,fl:project_matis,358,467,추정,확정
callback,E614,재언급,F1546,d_main_32_05,d_main_35_09_e,ch32,ch35,310,358,추정,확정
callback,E615,재언급,F1633,d_main_33_04,d_main_35bf_05,ch33,ch35,334,358,확실,확정
setup_payoff,E616,암시,F1872,relic:알관련전달사항_02,d_main_38_02,relic:알관련전달사항,ch38,359,375,추정,확정
setup_payoff,E617,암시,F1862,relic:알관련전달사항_03,d_main_37_06_s,relic:알관련전달사항,ch37,359,373,확실,확정
setup_payoff,E618,암시,F2249,d_main_36_01,d_main_42_af_08,ch36,ch42,360,416,확실,확정
callback,E619,재언급,Q218,d_main_34_09_e,d_main_36_02,ch34,ch36,336,360,확실,확정
callback,E620,재언급,F1693,event_oldtales2_epilogue,d_main_36_02,event_oldtales1,ch36,338,360,추정,확정
setup_payoff,E621,암시,F2624,d_main_36_03_s,d_main_46_08,ch36,ch46,360,452,추정,확정
callback,E622,재언급,F318,d_main_12af_03,d_main_36_03_e,ch12,ch36,59,360,확실,확정
callback,E623,재언급,F1546,d_main_32_05,d_main_36_05,ch32,ch36,310,360,확실,확정
callback,E624,재언급,F2883,event_oldtales2_02_e,d_main_36_07_s,event_oldtales1,ch36,338,360,확실,확정
setup_payoff,E625,암시,F1849,d_main_36_07_e,side:mudfish_12,ch36,side:mudfish,360,370,추정,확정
setup_payoff,E626,암시,F1859,d_main_36_08_e,d_main_37_03,ch36,ch37,360,373,확실,확정
callback,E627,재언급,F1533,d_main_31_08,d_main_36_09_s,ch31,ch36,308,360,확실,확정
callback,E628,재언급,F1646,d_main_34_02,d_main_36_09_e,ch34,ch36,336,360,추정,확정
callback,E629,재언급,F1037,d_main_24af_02,d_main_36_04,ch24,ch36,219,360,확실,확정
setup_payoff,E630,암시,F2698,d_main_36_04,event_staranis2_04_s,ch36,event_staranis1,360,454,확실,확정
callback,E631,재언급,F1546,d_main_32_05,relic:할일목록_00,ch32,relic:할일목록,310,361,추정,확정
setup_payoff,E632,암시,F1872,relic:할일목록_01,d_main_38_02,relic:할일목록,ch38,361,375,추정,확정
setup_payoff,E633,암시,F1862,relic:할일목록_03,d_main_37_06_s,relic:할일목록,ch37,361,373,확실,확정
setup_payoff,E634,암시,F1839,event_newflavor_04_s,event_newflavor_06_e,event_newflavor,event_newflavor,367,367,확실,확정
setup_payoff,E635,암시,F1839,event_newflavor_06_s,event_newflavor_06_e,event_newflavor,event_newflavor,367,367,확실,확정
setup_payoff,E636,암시,F1839,event_newflavor_05_s,event_newflavor_06_e,event_newflavor,event_newflavor,367,367,확실,확정
setup_payoff,E637,암시,F1838,event_newflavor_04_s,event_newflavor_05_e,event_newflavor,event_newflavor,367,367,확실,확정
setup_payoff,E639,암시,F1851,event_newflavor_epilogue,event_trueflavor_01_e,event_newflavor,event_trueflavor,367,371,확실,확정
callback,E640,재언급,F1803,d_main_35_05_s,side:mudfish_00,ch35,side:mudfish,358,370,확실,확정
callback,E641,재언급,F1664,event_oldtales1_01_s,side:mudfish_10,event_oldtales1,side:mudfish,338,370,확실,확정
setup_payoff,E642,암시,F1849,side:mudfish_08,side:mudfish_12,side:mudfish,side:mudfish,370,370,추정,확정
setup_payoff,E643,암시,F1866,side:mudfish_12,d_main_37_08_s,side:mudfish,ch37,370,373,추정,확정
setup_payoff,E644,암시,F1878,side:mudfish_12,d_main_38_09_s,side:mudfish,ch38,370,375,추정,확정
setup_payoff,E645,암시,F1884,side:mudfish_00,event_unbreakablesphere1_01_s,side:mudfish,event_unbreakablesphere1,370,377,추정,확정
callback,E646,재언급,F1819,d_main_36_09_s,d_main_37_02_s,ch36,ch37,360,373,확실,확정
callback,E647,재언급,F1635,d_main_33_07,d_main_37_02_e,ch33,ch37,334,373,확실,확정
setup_payoff,E648,암시,F2037,d_main_37_03,fl:boom_the_ghost_27,ch37,fl:boom_the_ghost,373,393,추정,확정
setup_payoff,E649,암시,F2705,d_main_37_04,event_staranis2_05_e,ch37,event_staranis1,373,454,추정,확정
setup_payoff,E650,암시,F2609,d_main_37_04,d_main_45_06,ch37,ch45,373,450,확실,확정
callback,E651,재언급,F1636,d_main_33_07,d_main_37_06_e,ch33,ch37,334,373,확실,확정
setup_payoff,E652,암시,F1872,d_main_37_08_s,d_main_38_02,ch37,ch38,373,375,확실,확정
callback,E653,재언급,F1652,d_main_34_08,d_main_37_08_s,ch34,ch37,336,373,확실,확정
setup_payoff,E654,암시,F2071,d_main_37_08_e,d_main_40_01,ch37,ch40,373,398,확실,확정
callback,E655,재언급,F1103,d_main_25_03_e,relic:주워갈것들메모_00,ch25,relic:주워갈것들메모,241,374,추정,확정
setup_payoff,E656,암시,F1872,relic:주워갈것들메모_03,d_main_38_02,relic:주워갈것들메모,ch38,374,375,확실,확정
setup_payoff,E656,암시,F2214,relic:주워갈것들메모_03,d_main_42_02,relic:주워갈것들메모,ch42,374,416,확실,확정
setup_payoff,E657,암시,F2071,d_main_38_01_s,d_main_40_01,ch38,ch40,375,398,확실,확정
callback,E658,재언급,F670,ep:d_nikke_helm_01,d_main_38_01_s,char:352,ch38,139,375,추정,확정
setup_payoff,E659,암시,F1878,d_main_38_01_e,d_main_38_09_s,ch38,ch38,375,375,확실,확정
callback,E660,재언급,F1866,d_main_37_08_s,d_main_38_02,ch37,ch38,373,375,확실,확정
callback,E661,재언급,F1809,d_main_36_03_s,d_main_38_04,ch36,ch38,360,375,확실,확정
setup_payoff,E662,암시,F2624,d_main_38_04,d_main_46_08,ch38,ch46,375,452,추정,확정
callback,E663,재언급,F1859,d_main_37_03,d_main_38_05_s,ch37,ch38,373,375,확실,확정
setup_payoff,E664,암시,F2705,d_main_38_05_s,event_staranis2_05_e,ch38,event_staranis1,375,454,추정,확정
setup_payoff,E665,암시,F2705,d_main_38_06,event_staranis2_05_e,ch38,event_staranis1,375,454,추정,확정
setup_payoff,E666,암시,F2708,d_main_38_07_s,event_staranis2_epilogue,ch38,event_staranis1,375,454,추정,확정
setup_payoff,E667,암시,F2061,d_main_38_07_e,d_main_39_af_01,ch38,ch39,375,396,확실,확정
setup_payoff,E668,암시,F1879,d_main_38_08,d_main_38_09_s,ch38,ch38,375,375,추정,확정
callback,E669,재언급,F1819,d_main_36_09_s,d_main_38_08,ch36,ch38,360,375,확실,확정
callback,E670,재언급,F1546,d_main_32_05,d_main_38_08,ch32,ch38,310,375,추정,확정
setup_payoff,E671,암시,F2184,d_main_38_08,d_main_41_01,ch38,ch41,375,414,추정,확정
callback,E672,재언급,F1849,side:mudfish_12,d_main_38_09_s,side:mudfish,ch38,370,375,확실,확정
callback,E673,재언급,F1849,side:mudfish_12,d_main_38_09_s,side:mudfish,ch38,370,375,확실,확정
callback,E674,재언급,F1848,side:mudfish_12,d_main_38_09_e,side:mudfish,ch38,370,375,확실,확정
callback,E675,재언급,F1284,d_main_26af_01,d_main_38_09_e,ch27,ch38,270,375,추정,확정
callback,E676,재언급,F1878,d_main_38_09_s,relic:은색액체_01,ch38,relic:은색액체,375,376,확실,확정
callback,E677,재언급,F1636,d_main_33_07,relic:은색액체_03,ch33,relic:은색액체,334,376,확실,확정
setup_payoff,E678,암시,F1892,event_unbreakablesphere1_prologue,event_unbreakablesphere1_intermission_01,event_unbreakablesphere1,event_unbreakablesphere1,377,377,확실,확정
setup_payoff,E679,암시,F1892,event_unbreakablesphere1_01_s,event_unbreakablesphere1_intermission_01,event_unbreakablesphere1,event_unbreakablesphere1,377,377,확실,확정
setup_payoff,E680,암시,F1890,event_unbreakablesphere1_02_s,event_unbreakablesphere1_04_s,event_unbreakablesphere1,event_unbreakablesphere1,377,377,확실,확정
setup_payoff,E681,암시,F1892,event_unbreakablesphere1_02_s,event_unbreakablesphere1_intermission_01,event_unbreakablesphere1,event_unbreakablesphere1,377,377,확실,확정
setup_payoff,E682,암시,F1892,event_unbreakablesphere1_02_e,event_unbreakablesphere1_intermission_01,event_unbreakablesphere1,event_unbreakablesphere1,377,377,확실,확정
setup_payoff,E683,암시,F1884-2,event_unbreakablesphere1_02_e,event_unbreakablesphere1_intermission_01,event_unbreakablesphere1,event_unbreakablesphere1,377,377,확실,확정
setup_payoff,E684,암시,F1884-2,event_unbreakablesphere1_02_e,event_unbreakablesphere1_intermission_01,event_unbreakablesphere1,event_unbreakablesphere1,377,377,추정,확정
setup_payoff,E685,암시,F1890,event_unbreakablesphere1_03_s,event_unbreakablesphere1_04_s,event_unbreakablesphere1,event_unbreakablesphere1,377,377,확실,확정
setup_payoff,E686,암시,F1905,event_unbreakablesphere1_03_s,erelic:unbreakable_sphere_dialog_11,event_unbreakablesphere1,erelic:unbreakable_sphere_dialog,377,378,추정,확정
setup_payoff,E687,암시,F1902,event_unbreakablesphere1_03_e,event_unbreakablesphere2_06_e,event_unbreakablesphere1,event_unbreakablesphere1,377,377,확실,확정
callback,E688,재언급,F1710-2,side:mudfish_08,event_unbreakablesphere1_04_e,side:mudfish,event_unbreakablesphere1,370,377,확실,확정
setup_payoff,E689,암시,F1901,event_unbreakablesphere1_05_s,event_unbreakablesphere2_04_s,event_unbreakablesphere1,event_unbreakablesphere1,377,377,확실,확정
callback,E690,재언급,F1814,d_main_36_06,event_unbreakablesphere1_05_e,ch36,event_unbreakablesphere1,360,377,확실,확정
callback,E691,재언급,F1684,event_oldtales2_04_s,event_unbreakablesphere1_05_e,event_oldtales1,event_unbreakablesphere1,338,377,확실,확정
callback,E692,재언급,F1895,event_unbreakablesphere1_05_s,event_unbreakablesphere1_05_e,event_unbreakablesphere1,event_unbreakablesphere1,377,377,확실,확정
callback,E693,재언급,F1846,side:mudfish_00,event_unbreakablesphere1_06_s,side:mudfish,event_unbreakablesphere1,370,377,확실,확정
callback,E694,재언급,F1816,d_main_36_07_e,event_unbreakablesphere1_06_e,ch36,event_unbreakablesphere1,360,377,확실,확정
callback,E695,재언급,F1689,event_oldtales2_06_s,event_unbreakablesphere2_01_s,event_oldtales1,event_unbreakablesphere1,338,377,확실,확정
setup_payoff,E696,암시,F1900,event_unbreakablesphere2_02_e,event_unbreakablesphere2_04_s,event_unbreakablesphere1,event_unbreakablesphere1,377,377,확실,확정
setup_payoff,E697,암시,F1900,event_unbreakablesphere2_02_e,event_unbreakablesphere2_04_s,event_unbreakablesphere1,event_unbreakablesphere1,377,377,추정,확정
callback,E698,재언급,F1617,side:wordless_08,event_unbreakablesphere2_03_s,side:wordless,event_unbreakablesphere1,331,377,확실,확정
callback,E699,재언급,F310,d_main_12af_01,event_unbreakablesphere2_03_s,ch12,event_unbreakablesphere1,59,377,확실,확정
callback,E700,재언급,F1013,d_main_24_06_s,event_unbreakablesphere2_03_s,ch24,event_unbreakablesphere1,219,377,확실,확정
callback,E701,재언급,F1013,d_main_24_06_s,event_unbreakablesphere2_03_e,ch24,event_unbreakablesphere1,219,377,확실,확정
setup_payoff,E702,암시,F1899,event_unbreakablesphere2_03_e,event_unbreakablesphere2_04_s,event_unbreakablesphere1,event_unbreakablesphere1,377,377,추정,확정
callback,E703,재언급,F1618,side:wordless_00,event_unbreakablesphere2_04_s,side:wordless,event_unbreakablesphere1,331,377,확실,확정
callback,E704,재언급,F1617,side:wordless_08,event_unbreakablesphere2_04_s,side:wordless,event_unbreakablesphere1,331,377,확실,확정
callback,E705,재언급,F708,d_main_18af_06,event_unbreakablesphere2_04_s,ch18,event_unbreakablesphere1,146,377,추정,확정
callback,E706,재언급,F1689,event_oldtales2_06_s,event_unbreakablesphere2_05_e,event_oldtales1,event_unbreakablesphere1,338,377,확실,확정
callback,E707,재언급,F1710-2,side:mudfish_08,event_unbreakablesphere2_05_e,side:mudfish,event_unbreakablesphere1,370,377,추정,확정
setup_payoff,E708,암시,F1909,event_unbreakablesphere2_06_e,erelic:unbreakable_sphere_lost_03,event_unbreakablesphere1,erelic:unbreakable_sphere_lost,377,379,확실,확정
callback,E709,재언급,F1716,ep:d_nikke_cinderella_02,event_unbreakablesphere2_epilogue,char:511,event_unbreakablesphere1,343,377,확실,확정
callback,E710,재언급,F1815,d_main_36_07_s,erelic:unbreakable_sphere_dialog_04,ch36,erelic:unbreakable_sphere_dialog,360,378,추정,확정
callback,E711,재언급,F1849,side:mudfish_12,erelic:unbreakable_sphere_dialog_12,side:mudfish,erelic:unbreakable_sphere_dialog,370,378,확실,확정
callback,E712,재언급,F1690,event_oldtales2_06_e,erelic:unbreakable_sphere_lost_00,event_oldtales1,erelic:unbreakable_sphere_lost,338,379,확실,확정
setup_payoff,E713,암시,F1929,event_arcanearchive_02_s,event_arcanearchive_intermission_01,event_arcanearchive,event_arcanearchive,383,383,확실,확정
setup_payoff,E714,암시,F1929,event_arcanearchive_02_s,event_arcanearchive_intermission_01,event_arcanearchive,event_arcanearchive,383,383,추정,확정
setup_payoff,E715,암시,F1929,event_arcanearchive_02_e,event_arcanearchive_intermission_01,event_arcanearchive,event_arcanearchive,383,383,확실,확정
setup_payoff,E716,암시,F1929,event_arcanearchive_03_e,event_arcanearchive_intermission_01,event_arcanearchive,event_arcanearchive,383,383,확실,확정
setup_payoff,E717,암시,F1933,event_arcanearchive_03_s,event_arcanearchive_05_s,event_arcanearchive,event_arcanearchive,383,383,추정,확정
setup_payoff,E718,암시,F1966,event_arcanearchive_03_s,event_lordforjustice_05_e,event_arcanearchive,event_lordforjustice,383,385,추정,확정
callback,E719,재언급,F1346,event_killthelord_02_e,event_arcanearchive_04_s,event_killthelord,event_arcanearchive,282,383,확실,확정
callback,E720,재언급,F852,event_ltk_04_e,event_arcanearchive_04_s,event_ltk,event_arcanearchive,187,383,확실,확정
callback,E720,재언급,F850,event_ltk_01_s,event_arcanearchive_04_s,event_ltk,event_arcanearchive,187,383,확실,확정
setup_payoff,E721,암시,F1958,event_arcanearchive_04_s,event_lordforjustice_intermission_01,event_arcanearchive,event_lordforjustice,383,385,추정,확정
setup_payoff,E722,암시,F2383,event_arcanearchive_04_e,fl:sin_editor_00,event_arcanearchive,fl:sin_editor,383,430,추정,확정
setup_payoff,E723,암시,F1969,event_arcanearchive_05_s,event_lordforjustice_06_s,event_arcanearchive,event_lordforjustice,383,385,추정,확정
setup_payoff,E724,암시,F2558,event_arcanearchive_05_s,side:pretty_star_14,event_arcanearchive,side:pretty_star,383,447,추정,확정
setup_payoff,E725,암시,F2649,event_arcanearchive_05_e,d_main_46_af_06,event_arcanearchive,ch46,383,452,추정,확정
callback,E726,재언급,F16,d_main_01_07_s,event_arcanearchive_06_s,ch01,event_arcanearchive,2,383,확실,확정
callback,E726,재언급,F126,d_main_06_08_e,event_arcanearchive_06_s,ch06,event_arcanearchive,26,383,확실,확정
setup_payoff,E727,암시,F1971,event_arcanearchive_06_e,event_lordforjustice_epilogue,event_arcanearchive,event_lordforjustice,383,385,추정,확정
callback,E728,재언급,F1608,event_phantomthiefvsdetective_prologue,event_arcanearchive_epilogue,event_phantomthiefvsdetective,event_arcanearchive,328,383,확실,확정
setup_payoff,E729,암시,F2176,event_arcanearchive_epilogue,fl:go_ninja_thief_01,event_arcanearchive,fl:go_ninja_thief,383,412,확실,확정
setup_payoff,E730,암시,F1960,event_lordforjustice_prologue,event_lordforjustice_04_s,event_lordforjustice,event_lordforjustice,385,385,추정,확정
setup_payoff,E731,암시,F1966,event_lordforjustice_prologue,event_lordforjustice_05_e,event_lordforjustice,event_lordforjustice,385,385,추정,확정
setup_payoff,E732,암시,F1953,event_lordforjustice_01_s,event_lordforjustice_02_e,event_lordforjustice,event_lordforjustice,385,385,확실,확정
setup_payoff,E733,암시,F1966,event_lordforjustice_01_e,event_lordforjustice_05_e,event_lordforjustice,event_lordforjustice,385,385,확실,확정
callback,E734,재언급,F1927,event_arcanearchive_01_s,event_lordforjustice_01_e,event_arcanearchive,event_lordforjustice,383,385,확실,확정
callback,E735,재언급,F1345,event_killthelord_01_s,event_lordforjustice_01_e,event_killthelord,event_lordforjustice,282,385,확실,확정
callback,E736,재언급,F1263,event_dirtybackyard_05_e,event_lordforjustice_02_e,event_dirtybackyard,event_lordforjustice,265,385,추정,확정
setup_payoff,E737,암시,F1960,event_lordforjustice_02_e,event_lordforjustice_04_s,event_lordforjustice,event_lordforjustice,385,385,추정,확정
setup_payoff,E738,암시,F2596,event_lordforjustice_04_s,d_main_45_09,event_lordforjustice,ch45,385,450,추정,확정
callback,E739,재언급,F1929,event_arcanearchive_intermission_01,event_lordforjustice_epilogue,event_arcanearchive,event_lordforjustice,383,385,확실,확정
callback,E740,재언급,F852,event_ltk_04_e,event_lordforjustice_epilogue,event_ltk,event_lordforjustice,187,385,확실,확정
setup_payoff,E741,암시,F2142,event_lordforjustice_epilogue,fl:reborn_evil_13,event_lordforjustice,fl:reborn_evil,385,407,추정,확정
setup_payoff,E742,암시,F1987,event_ce006_1_01_s,event_ce006_2_03_s,event_ce006,event_ce006,387,387,확실,확정
setup_payoff,E743,암시,F1997,event_ce006_1_01_e,event_ce006_2_04_e,event_ce006,event_ce006,387,387,확실,확정
callback,E744,재언급,F286,sub:롬_02,event_ce006_1_01_e,sub:롬_02,event_ce006,163,387,확실,확정
callback,E745,재언급,Q54,sub:롬_00,event_ce006_1_02_e,sub:롬_00,event_ce006,49,387,확실,확정
setup_payoff,E746,암시,F1982,event_ce006_1_03_s,event_ce006_1_05_s,event_ce006,event_ce006,387,387,확실,확정
setup_payoff,E746,암시,F1995,event_ce006_1_03_s,event_ce006_3_03_e,event_ce006,event_ce006,387,387,확실,확정
setup_payoff,E747,암시,F1995,event_ce006_1_03_s,event_ce006_3_03_e,event_ce006,event_ce006,387,387,확실,확정
setup_payoff,E748,암시,F1997,event_ce006_1_03_e,event_ce006_2_04_e,event_ce006,event_ce006,387,387,확실,확정
callback,E749,재언급,F285,sub:롬_01,event_ce006_1_03_e,sub:롬_01,event_ce006,73,387,확실,확정
setup_payoff,E750,암시,F1996,event_ce006_1_03_e,event_ce006_3_03_s,event_ce006,event_ce006,387,387,확실,확정
setup_payoff,E751,암시,F1992,event_ce006_1_03_e,event_ce006_2_05_s,event_ce006,event_ce006,387,387,확실,확정
setup_payoff,E752,암시,F1985,event_ce006_1_04_e,event_ce006_1_06_e,event_ce006,event_ce006,387,387,확실,확정
setup_payoff,E753,암시,F1988,event_ce006_1_04_e,event_ce006_2_intermission_01,event_ce006,event_ce006,387,387,추정,확정
setup_payoff,E754,암시,F2001,event_ce006_1_05_e,event_ce006_3_epilogue,event_ce006,event_ce006,387,387,추정,확정
setup_payoff,E755,암시,F1997,event_ce006_1_05_e,event_ce006_2_04_e,event_ce006,event_ce006,387,387,확실,확정
setup_payoff,E756,암시,F1984,event_ce006_1_06_s,event_ce006_1_06_e,event_ce006,event_ce006,387,387,확실,확정
setup_payoff,E756,암시,F1995,event_ce006_1_06_s,event_ce006_3_03_e,event_ce006,event_ce006,387,387,확실,확정
setup_payoff,E757,암시,F1987,event_ce006_2_01_s,event_ce006_2_03_s,event_ce006,event_ce006,387,387,확실,확정
setup_payoff,E758,암시,F1986,event_ce006_2_01_e,event_ce006_2_02_e,event_ce006,event_ce006,387,387,확실,확정
setup_payoff,E758,암시,F2000,event_ce006_2_01_e,event_ce006_2_06_e,event_ce006,event_ce006,387,387,확실,확정
setup_payoff,E759,암시,F1992,event_ce006_2_02_s,event_ce006_2_05_s,event_ce006,event_ce006,387,387,확실,확정
callback,E760,재언급,Q107,d_main_19_01,event_ce006_2_03_e,ch19,event_ce006,159,387,확실,확정
setup_payoff,E761,암시,F2000,event_ce006_2_03_e,event_ce006_2_06_e,event_ce006,event_ce006,387,387,확실,확정
setup_payoff,E762,암시,F1990,event_ce006_2_03_e,event_ce006_2_05_s,event_ce006,event_ce006,387,387,확실,확정
setup_payoff,E763,암시,F1992,event_ce006_3_02_s,event_ce006_2_05_s,event_ce006,event_ce006,387,387,확실,확정
setup_payoff,E764,암시,F2000,event_ce006_2_05_s,event_ce006_2_06_e,event_ce006,event_ce006,387,387,추정,확정
setup_payoff,E764,암시,F2002,event_ce006_2_05_s,event_ce006_3_epilogue,event_ce006,event_ce006,387,387,추정,확정
setup_payoff,E765,암시,F1996,event_ce006_2_04_e,event_ce006_3_03_s,event_ce006,event_ce006,387,387,추정,확정
setup_payoff,E765,암시,F2001,event_ce006_2_04_e,event_ce006_3_epilogue,event_ce006,event_ce006,387,387,추정,확정
setup_payoff,E766,암시,F2000,event_ce006_2_06_s,event_ce006_2_06_e,event_ce006,event_ce006,387,387,확실,확정
callback,E768,재언급,F1995,event_ce006_3_03_e,event_ce006_3_epilogue,event_ce006,event_ce006,387,387,확실,확정
callback,E769,재언급,Q86,ep:d_nikke_anis_01,event_overthehorizon_01_s,char:12,event_overthehorizon,115,391,확실,확정
callback,E770,재언급,F1,d_main_01_01_s,event_overthehorizon_02_e,ch00,event_overthehorizon,1,391,확실,확정
setup_payoff,E771,암시,F2018,event_overthehorizon_01_s,ep:d_nikke_sora_01,event_overthehorizon,char:532,391,392,확실,확정
setup_payoff,E772,암시,F2016,event_overthehorizon_03_s,event_overthehorizon_06_e,event_overthehorizon,event_overthehorizon,391,391,추정,확정
setup_payoff,E773,암시,F2018,event_overthehorizon_04_e,ep:d_nikke_sora_01,event_overthehorizon,char:532,391,392,확실,확정
setup_payoff,E774,암시,F2016,event_overthehorizon_05_s,event_overthehorizon_06_e,event_overthehorizon,event_overthehorizon,391,391,확실,확정
setup_payoff,E775,암시,F2018,event_overthehorizon_06_e,ep:d_nikke_sora_01,event_overthehorizon,char:532,391,392,확실,확정
setup_payoff,E776,암시,F2742,event_overthehorizon_06_e,fl:ark_ranger_22,event_overthehorizon,fl:ark_ranger,391,462,확실,확정
setup_payoff,E777,암시,F2017-2,event_overthehorizon_06_e,fl:ark_ranger_25,event_overthehorizon,fl:ark_ranger,391,462,확실,확정
setup_payoff,E778,암시,F2821,event_overthehorizon_01_e,relic:승리를_부르는_그림자_00,event_overthehorizon,relic:승리를_부르는_그림자,391,471,확실,확정
setup_payoff,E778,암시,F2369,event_overthehorizon_01_e,fl:ark_guardian_07,event_overthehorizon,fl:ark_guardian,391,428,확실,확정
callback,E779,재언급,F1133,d_main_26_10,event_overthehorizon_epilogue,ch26,event_overthehorizon,246,391,확실,확정
callback,E780,재언급,F889,d_main_22_09,event_overthehorizon_06_e,ch22,event_overthehorizon,195,391,추정,확정
setup_payoff,E782,암시,Q261,fl:boom_the_ghost_02,d_main_46_af_04,fl:boom_the_ghost,ch46,393,452,추정,확정
callback,E783,재언급,F983,d_main_23_01_e,fl:boom_the_ghost_03,ch23,fl:boom_the_ghost,214,393,확실,확정
setup_payoff,E784,암시,Q261,fl:boom_the_ghost_03,d_main_46_af_04,fl:boom_the_ghost,ch46,393,452,추정,확정
setup_payoff,E785,암시,F2028,fl:boom_the_ghost_15,fl:boom_the_ghost_20,fl:boom_the_ghost,fl:boom_the_ghost,393,393,확실,확정
setup_payoff,E786,암시,F2028,fl:boom_the_ghost_16,fl:boom_the_ghost_20,fl:boom_the_ghost,fl:boom_the_ghost,393,393,확실,확정
setup_payoff,E787,암시,F2028,fl:boom_the_ghost_17,fl:boom_the_ghost_20,fl:boom_the_ghost,fl:boom_the_ghost,393,393,확실,확정
setup_payoff,E788,암시,F2028,fl:boom_the_ghost_18,fl:boom_the_ghost_20,fl:boom_the_ghost,fl:boom_the_ghost,393,393,확실,확정
setup_payoff,E789,암시,F2027,fl:boom_the_ghost_19,fl:boom_the_ghost_20,fl:boom_the_ghost,fl:boom_the_ghost,393,393,확실,확정
callback,E790,재언급,F925,event_overzone2_intermission_01,fl:boom_the_ghost_21,event_overzone,fl:boom_the_ghost,200,393,확실,확정
callback,E791,재언급,F926,event_overzone2_06_e,fl:boom_the_ghost_25,event_overzone,fl:boom_the_ghost,200,393,확실,확정
callback,E792,재언급,F1339,event_boomsday_04_s,fl:boom_the_ghost_26,event_boomsday,fl:boom_the_ghost,280,393,추정,확정
setup_payoff,E793,암시,F2606,fl:boom_the_ghost_26,d_main_45_11,fl:boom_the_ghost,ch45,393,450,추정,확정
setup_payoff,E794,암시,F2642,fl:boom_the_ghost_27,d_main_46_af_03,fl:boom_the_ghost,ch46,393,452,확실,확정
setup_payoff,E795,암시,F2642,fl:boom_the_ghost_24,d_main_46_af_03,fl:boom_the_ghost,ch46,393,452,추정,확정
callback,E796,재언급,Q240,d_main_38_02,d_main_39_01,ch38,ch39,375,396,확실,확정
setup_payoff,E797,암시,F2184,d_main_39_01,d_main_41_01,ch39,ch41,396,414,확실,확정
setup_payoff,E798,암시,F2071,d_main_39_03,d_main_40_01,ch39,ch40,396,398,추정,확정
callback,E799,재언급,F917,event_overzone1_02_e,d_main_39_06,event_overzone,ch39,200,396,확실,확정
setup_payoff,E800,암시,Q262,d_main_39_06,d_main_40_03,ch39,ch40,396,398,확실,확정
setup_payoff,E801,암시,F2054,d_main_39_07,d_main_39_11,ch39,ch39,396,396,추정,확정
callback,E803,재언급,F120,d_main_06_07,d_main_39_11,ch06,ch39,26,396,확실,확정
callback,E804,재언급,F1024,d_main_24_10,d_main_39_af_02,ch24,ch39,219,396,확실,확정
setup_payoff,E805,암시,F2399,d_main_39_af_04,d_main_43_10,ch39,ch43,396,434,추정,확정
setup_payoff,E806,암시,F2064,d_main_39_af_05,d_main_39_af_07,ch39,ch39,396,396,추정,확정
setup_payoff,E807,암시,F2240,d_main_39_af_06,d_main_42_af_05,ch39,ch42,396,416,확실,확정
callback,E808,재언급,F1748,event_footstepwalkrun1_06_s,d_main_39_af_07,event_footstepwalkrun1,ch39,350,396,확실,확정
setup_payoff,E809,암시,F2240,d_main_39_af_07,d_main_42_af_05,ch39,ch42,396,416,확실,확정
setup_payoff,E810,암시,F2705,d_main_39_af_07,event_staranis2_05_e,ch39,event_staranis1,396,454,확실,확정
callback,E811,재언급,F1860,d_main_37_04,d_main_39_af_08,ch37,ch39,373,396,확실,확정
callback,E812,재언급,F173,sub:랩칠리언_06,relic:정갈하게쓴기록_00,sub:랩칠리언_06,relic:정갈하게쓴기록,143,397,확실,확정
setup_payoff,E813,암시,F2246,relic:정갈하게쓴기록_01,d_main_42_af_07,relic:정갈하게쓴기록,ch42,397,416,추정,확정
callback,E814,재언급,F156,sub:랩칠리언_01,relic:정갈하게쓴기록_02,sub:랩칠리언_01,relic:정갈하게쓴기록,18,397,확실,확정
setup_payoff,E815,암시,F2260,d_main_40_01,event_goddessfall1_01_s,ch40,event_goddessfall1,398,418,추정,확정
setup_payoff,E816,암시,F2096,d_main_40_04,relic:어떤소녀의그림일기_00,ch40,relic:어떤소녀의그림일기,398,399,추정,확정
setup_payoff,E817,암시,F2083,d_main_40_05,d_main_40_10,ch40,ch40,398,398,확실,확정
setup_payoff,E818,암시,F2079,d_main_40_07,d_main_40_11,ch40,ch40,398,398,확실,확정
callback,E819,재언급,Q265,d_main_39_10,d_main_40_09,ch39,ch40,396,398,확실,확정
setup_payoff,E820,암시,F2185,d_main_40_09,d_main_41_02,ch40,ch41,398,414,확실,확정
callback,E821,재언급,F2080,d_main_40_07,d_main_40_11,ch40,ch40,398,398,확실,확정
setup_payoff,E822,암시,F2087,d_main_40_af_01,d_main_40_af_01,ch40,ch40,398,398,확실,확정
callback,E823,재언급,F1264,event_dirtybackyard_06_e,d_main_40_af_02,event_dirtybackyard,ch40,265,398,확실,확정
callback,E824,재언급,F1748,event_footstepwalkrun1_06_s,d_main_40_af_03,event_footstepwalkrun1,ch40,350,398,확실,확정
setup_payoff,E825,암시,F2399,d_main_40_af_04,d_main_43_10,ch40,ch43,398,434,추정,확정
setup_payoff,E826,암시,F2205,d_main_40_af_04,d_main_41_af_04,ch40,ch41,398,414,확실,확정
setup_payoff,E827,암시,F2240,d_main_40_af_05,d_main_42_af_05,ch40,ch42,398,416,확실,확정
callback,E828,재언급,F1286,d_main_26af_01,relic:어떤소녀의그림일기_01,ch27,relic:어떤소녀의그림일기,270,399,추정,확정
callback,E829,재언급,F2076,d_main_40_04,relic:어떤소녀의그림일기_03,ch40,relic:어떤소녀의그림일기,398,399,추정,확정
callback,E830,재언급,F1030,d_main_24_12,fl:absolute_00,ch24,fl:absolute,219,400,확실,확정
callback,E830,재언급,F276,d_main_10_02,fl:absolute_00,ch10,fl:absolute,48,400,확실,확정
callback,E831,재언급,F1557,d_main_32_af_01,fl:absolute_00,ch32,fl:absolute,310,400,확실,확정
setup_payoff,E832,암시,F2108,fl:absolute_00,fl:absolute_04,fl:absolute,fl:absolute,400,400,확실,확정
setup_payoff,E833,암시,F2105,fl:absolute_00,fl:absolute_14,fl:absolute,fl:absolute,400,400,확실,확정
setup_payoff,E834,암시,F2108,fl:absolute_01,fl:absolute_04,fl:absolute,fl:absolute,400,400,확실,확정
setup_payoff,E835,암시,F2098,fl:absolute_02,fl:absolute_15,fl:absolute,fl:absolute,400,400,확실,확정
setup_payoff,E835,암시,F2103,fl:absolute_02,fl:absolute_27,fl:absolute,fl:absolute,400,400,확실,확정
setup_payoff,E836,암시,F2109,fl:absolute_03,fl:absolute_22,fl:absolute,fl:absolute,400,400,확실,확정
callback,E837,재언급,F1640,d_main_33_10_e,fl:absolute_04,ch33,fl:absolute,334,400,확실,확정
callback,E838,재언급,F1559,d_main_32_af_02,fl:absolute_05,ch32,fl:absolute,310,400,확실,확정
callback,E839,재언급,F1544,d_main_32_04,fl:absolute_05,ch32,fl:absolute,310,400,확실,확정
callback,E840,재언급,F1030,d_main_24_12,fl:absolute_09,ch24,fl:absolute,219,400,확실,확정
callback,E841,재언급,F1557,d_main_32_af_01,fl:absolute_13,ch32,fl:absolute,310,400,확실,확정
callback,E842,재언급,F1546,d_main_32_05,fl:absolute_14,ch32,fl:absolute,310,400,확실,확정
setup_payoff,E843,암시,F2102,fl:absolute_15,fl:absolute_24,fl:absolute,fl:absolute,400,400,확실,확정
callback,E844,재언급,F1644,d_main_34_01_e,fl:absolute_17,ch34,fl:absolute,336,400,확실,확정
callback,E845,재언급,F1286,d_main_26af_01,fl:absolute_18,ch27,fl:absolute,270,400,확실,확정
callback,E846,재언급,F2107,fl:absolute_07,fl:absolute_20,fl:absolute,fl:absolute,400,400,확실,확정
callback,E847,재언급,F2105,fl:absolute_14,fl:absolute_22,fl:absolute,fl:absolute,400,400,확실,확정
callback,E848,재언급,F587,ep:d_nikke_signal_01,fl:absolute_23,char:22,fl:absolute,114,400,추정,확정
callback,E849,재언급,F1546,d_main_32_05,fl:absolute_25,ch32,fl:absolute,310,400,확실,확정
callback,E850,재언급,F1640,d_main_33_10_e,fl:absolute_26,ch33,fl:absolute,334,400,확실,확정
callback,E851,재언급,F2110,fl:absolute_01,fl:absolute_26,fl:absolute,fl:absolute,400,400,확실,확정
callback,E852,재언급,F1935,event_arcanearchive_05_e,fl:absolute_04,event_arcanearchive,fl:absolute,383,400,추정,확정
setup_payoff,E853,암시,Q279,fl:coins_in_rush_00,event_staranis2_05_s,fl:coins_in_rush,event_staranis1,404,454,확실,확정
setup_payoff,E853,암시,Q279,fl:coins_in_rush_00,side:pretty_star_05,fl:coins_in_rush,side:pretty_star,404,447,확실,확정
callback,E854,재언급,F1788,d_main_35bf_02,fl:coins_in_rush_00,ch35,fl:coins_in_rush,358,404,확실,확정
callback,E855,재언급,F1377,ep:d_nikke_bay_01,fl:coins_in_rush_04,char:550,fl:coins_in_rush,290,404,확실,확정
callback,E856,재언급,F1602,event_jinxplayer_01_e,fl:coins_in_rush_06,event_jinxplayer,fl:coins_in_rush,325,404,확실,확정
setup_payoff,E857,암시,F2124,fl:coins_in_rush_07,ep:d_nikke_milk_bloomingbunny_01,fl:coins_in_rush,char:143,404,406,추정,확정
setup_payoff,E858,암시,F2119,fl:coins_in_rush_09,fl:coins_in_rush_13,fl:coins_in_rush,fl:coins_in_rush,404,404,확실,확정
setup_payoff,E859,암시,F2118,fl:coins_in_rush_09,fl:coins_in_rush_16,fl:coins_in_rush,fl:coins_in_rush,404,404,확실,확정
setup_payoff,E860,암시,F2118,fl:coins_in_rush_10,fl:coins_in_rush_16,fl:coins_in_rush,fl:coins_in_rush,404,404,확실,확정
setup_payoff,E861,암시,F2118,fl:coins_in_rush_13,fl:coins_in_rush_16,fl:coins_in_rush,fl:coins_in_rush,404,404,추정,확정
setup_payoff,E862,암시,F2389,fl:coins_in_rush_17,fl:fatal_maid_04,fl:coins_in_rush,fl:fatal_maid,404,432,확실,확정
setup_payoff,E863,암시,F2120,fl:coins_in_rush_17,fl:coins_in_rush_20,fl:coins_in_rush,fl:coins_in_rush,404,404,확실,확정
setup_payoff,E864,암시,F2122,fl:coins_in_rush_21,fl:coins_in_rush_27,fl:coins_in_rush,fl:coins_in_rush,404,404,추정,확정
callback,E865,재언급,F557,ep:d_nikke_milk_04,fl:coins_in_rush_23,char:141,fl:coins_in_rush,105,404,확실,확정
callback,E866,재언급,F1273,event_perfectmaid_prologue,fl:coins_in_rush_24,event_perfectmaid,fl:coins_in_rush,267,404,추정,확정
setup_payoff,E867,암시,F2389,fl:coins_in_rush_24,fl:fatal_maid_04,fl:coins_in_rush,fl:fatal_maid,404,432,추정,확정
setup_payoff,E868,암시,F2122,fl:coins_in_rush_25,fl:coins_in_rush_27,fl:coins_in_rush,fl:coins_in_rush,404,404,확실,확정
callback,E869,재언급,F1486,event_goldencoinrush1_05_e,fl:coins_in_rush_26,event_goldencoinrush1,fl:coins_in_rush,300,404,확실,확정
setup_payoff,E870,암시,F2138,fl:reborn_evil_00,fl:reborn_evil_25,fl:reborn_evil,fl:reborn_evil,407,407,확실,확정
callback,E871,재언급,F757,sub:데이파라_00,fl:reborn_evil_01,sub:데이파라_00,fl:reborn_evil,168,407,확실,확정
callback,E872,재언급,F756,sub:데이파라_00,fl:reborn_evil_02,sub:데이파라_00,fl:reborn_evil,168,407,확실,확정
setup_payoff,E873,암시,F2142,fl:reborn_evil_02,fl:reborn_evil_13,fl:reborn_evil,fl:reborn_evil,407,407,확실,확정
setup_payoff,E874,암시,F2138,fl:reborn_evil_03,fl:reborn_evil_25,fl:reborn_evil,fl:reborn_evil,407,407,확실,확정
setup_payoff,E876,암시,F2134,fl:reborn_evil_11,fl:reborn_evil_17,fl:reborn_evil,fl:reborn_evil,407,407,확실,확정
setup_payoff,E877,암시,F2130,fl:reborn_evil_13,fl:reborn_evil_16,fl:reborn_evil,fl:reborn_evil,407,407,추정,확정
setup_payoff,E878,암시,F2134,fl:reborn_evil_14,fl:reborn_evil_17,fl:reborn_evil,fl:reborn_evil,407,407,추정,확정
setup_payoff,E879,암시,F2133,fl:reborn_evil_14,fl:reborn_evil_17,fl:reborn_evil,fl:reborn_evil,407,407,확실,확정
callback,E880,재언급,F2142,fl:reborn_evil_13,fl:reborn_evil_17,fl:reborn_evil,fl:reborn_evil,407,407,추정,확정
callback,E881,재언급,F1970,event_lordforjustice_06_e,fl:reborn_evil_23,event_lordforjustice,fl:reborn_evil,385,407,추정,확정
setup_payoff,E882,암시,F2148,fl:reborn_evil_24,ep:d_nikke_ce007_03_04,fl:reborn_evil,char:842,407,409,확실,확정
callback,E883,재언급,F1346,event_killthelord_02_e,fl:reborn_evil_03,event_killthelord,fl:reborn_evil,282,407,확실,확정
callback,E884,재언급,F881,d_main_22_01_e,side:eden_spear_00,ch22,side:eden_spear,195,411,확실,확정
callback,E884,재언급,F897,d_main_22_12_s,side:eden_spear_00,ch22,side:eden_spear,195,411,확실,확정
callback,E885,재언급,F871,d_main_21af_01,side:eden_spear_00,ch21,side:eden_spear,189,411,확실,확정
setup_payoff,E886,암시,F2335,side:eden_spear_01,erelic:goddess_fall_mini_09,side:eden_spear,erelic:goddess_fall_mini,411,419,확실,확정
callback,E887,재언급,F1032,d_main_24_13,side:eden_spear_01,ch24,side:eden_spear,219,411,확실,확정
callback,E887,재언급,F1034,d_main_24_14_e,side:eden_spear_01,ch24,side:eden_spear,219,411,확실,확정
callback,E888,재언급,F928,event_overzone2_epilogue,side:eden_spear_05,event_overzone,side:eden_spear,200,411,추정,확정
setup_payoff,E889,암시,F2173,side:eden_spear_06,side:eden_spear_12,side:eden_spear,side:eden_spear,411,411,확실,확정
callback,E890,재언급,F768,d_main_20_10_e,side:eden_spear_07,ch20,side:eden_spear,164,411,확실,확정
setup_payoff,E891,암시,F2435,side:eden_spear_12,d_main_44_08_e,side:eden_spear,ch44,411,436,추정,확정
callback,E892,재언급,F1866,d_main_37_08_s,d_main_41_01,ch37,ch41,373,414,확실,확정
callback,E892,재언급,F1652,d_main_34_08,d_main_41_01,ch34,ch41,336,414,확실,확정
callback,E893,재언급,F2079,d_main_40_11,d_main_41_03,ch40,ch41,398,414,추정,확정
setup_payoff,E894,암시,F2194,d_main_41_03,d_main_41_04,ch41,ch41,414,414,추정,확정
setup_payoff,E894,암시,F2197,d_main_41_03,d_main_41_09,ch41,ch41,414,414,추정,확정
callback,E895,재언급,F2075,d_main_40_03,d_main_41_04,ch40,ch41,398,414,추정,확정
callback,E895,재언급,F2052,d_main_39_07,d_main_41_04,ch39,ch41,396,414,추정,확정
callback,E896,재언급,F2083,d_main_40_10,d_main_41_05,ch40,ch41,398,414,확실,확정
callback,E897,재언급,F2083,d_main_40_10,d_main_41_07,ch40,ch41,398,414,확실,확정
setup_payoff,E898,암시,F2701,d_main_41_af_01,event_staranis2_05_s,ch41,event_staranis1,414,454,추정,확정
setup_payoff,E899,암시,F2705,d_main_41_af_01,event_staranis2_05_e,ch41,event_staranis1,414,454,추정,확정
setup_payoff,E900,암시,F2698,d_main_41_af_02,event_staranis2_04_s,ch41,event_staranis1,414,454,추정,확정
setup_payoff,E901,암시,F2690,d_main_41_af_02,event_staranis2_02_s,ch41,event_staranis1,414,454,추정,확정
callback,E903,재언급,F1322,d_main_28_11_s,d_main_41_af_05,ch28,ch41,275,414,확실,확정
callback,E904,재언급,F985,d_main_23_02_s,d_main_41_af_06,ch23,ch41,214,414,확실,확정
callback,E905,재언급,F2066,d_main_39_af_08,d_main_41_af_07,ch39,ch41,396,414,확실,확정
callback,E906,재언급,F2182,d_main_41_01,relic:거꾸로적힌기록_00,ch41,relic:거꾸로적힌기록,414,415,추정,확정
callback,E907,재언급,F2181,d_main_41_01,relic:거꾸로적힌기록_02,ch41,relic:거꾸로적힌기록,414,415,확실,확정
setup_payoff,E908,암시,F2246,d_main_42_01,d_main_42_af_07,ch42,ch42,416,416,확실,확정
setup_payoff,E909,암시,F2246,d_main_42_07,d_main_42_af_07,ch42,ch42,416,416,확실,확정
callback,E910,재언급,F1849,side:mudfish_12,d_main_42_03,side:mudfish,ch42,370,416,확실,확정
callback,E911,재언급,F2083,d_main_40_10,d_main_42_03,ch40,ch42,398,416,확실,확정
callback,E912,재언급,F1866,d_main_37_08_s,d_main_42_05,ch37,ch42,373,416,확실,확정
setup_payoff,E913,암시,F2228,d_main_42_06,d_main_42_07,ch42,ch42,416,416,추정,확정
setup_payoff,E914,암시,F2231,d_main_42_06,d_main_42_08,ch42,ch42,416,416,확실,확정
setup_payoff,E915,암시,F2251,d_main_42_06,d_main_42_af_08,ch42,ch42,416,416,추정,확정
setup_payoff,E916,암시,F2251,d_main_42_02,d_main_42_af_08,ch42,ch42,416,416,추정,확정
callback,E917,재언급,F1819,d_main_36_09_s,d_main_42_07,ch36,ch42,360,416,확실,확정
callback,E918,재언급,F2063,d_main_39_af_05,d_main_42_af_05,ch39,ch42,396,416,확실,확정
callback,E919,재언급,F1748,event_footstepwalkrun1_06_s,d_main_42_af_06,event_footstepwalkrun1,ch42,350,416,확실,확정
callback,E920,재언급,F2064,d_main_39_af_07,d_main_42_af_06,ch39,ch42,396,416,확실,확정
setup_payoff,E921,암시,F2253,d_main_42_af_06,d_main_42_af_09,ch42,ch42,416,416,추정,확정
callback,E922,재언급,F985,d_main_23_02_s,d_main_42_af_03,ch23,ch42,214,416,확실,확정
callback,E923,재언급,F2207,d_main_41_af_05,d_main_42_af_03,ch41,ch42,414,416,확실,확정
callback,E924,재언급,F2209,d_main_41_af_06,d_main_42_af_04,ch41,ch42,414,416,확실,확정
setup_payoff,E925,암시,F2576,d_main_42_af_04,d_main_45_03,ch42,ch45,416,450,추정,확정
setup_payoff,E926,암시,F2872,d_main_42_af_08,fl:great_villain_union_01,ch42,fl:great_villain_union,416,478,확실,확정
callback,E927,재언급,Q243,event_unbreakablesphere2_epilogue,d_main_42_af_08,event_unbreakablesphere1,ch42,377,416,확실,확정
callback,E928,재언급,F2184,d_main_41_01,d_main_42_af_08,ch41,ch42,414,416,확실,확정
setup_payoff,E929,암시,F2435,d_main_42_af_08,d_main_44_08_e,ch42,ch44,416,436,추정,확정
setup_payoff,E930,암시,F2663,d_main_42_af_09,d_main_46_af_10,ch42,ch46,416,452,확실,확정
callback,E931,재언급,F2226,d_main_42_06,relic:주의용광로사용법_02,ch42,relic:주의용광로사용법,416,417,확실,확정
callback,E932,재언급,F2225,d_main_42_06,relic:주의용광로사용법_01,ch42,relic:주의용광로사용법,416,417,확실,확정
setup_payoff,E933,암시,F2164-2,event_goddessfall1_01_e,event_goddessfall2_06_s,event_goddessfall1,event_goddessfall1,418,418,확실,확정
setup_payoff,E933,암시,F2312,event_goddessfall1_01_e,event_goddessfall2_06_s,event_goddessfall1,event_goddessfall1,418,418,확실,확정
setup_payoff,E934,암시,F2283,event_goddessfall1_01_e,event_goddessfall1_05_s,event_goddessfall1,event_goddessfall1,418,418,확실,확정
setup_payoff,E935,암시,F2297,event_goddessfall1_01_e,event_goddessfall2_03_s,event_goddessfall1,event_goddessfall1,418,418,확실,확정
setup_payoff,E936,암시,F2310,event_goddessfall1_02_s,event_goddessfall2_05_s,event_goddessfall1,event_goddessfall1,418,418,확실,확정
callback,E937,재언급,F1443,event_lastkingdom2_05_s,event_goddessfall1_intermission_01,event_lastkingdom1,event_goddessfall1,295,418,확실,확정
setup_payoff,E938,암시,F2305,event_goddessfall1_04_s,event_goddessfall2_04_s,event_goddessfall1,event_goddessfall1,418,418,추정,확정
callback,E939,재언급,F2183,d_main_41_01,event_goddessfall1_04_s,ch41,event_goddessfall1,414,418,확실,확정
callback,E939,재언급,F2081,d_main_40_08,event_goddessfall1_04_s,ch40,event_goddessfall1,398,418,확실,확정
callback,E940,재언급,F1792,d_main_35bf_03,event_goddessfall1_04_e,ch35,event_goddessfall1,358,418,확실,확정
setup_payoff,E941,암시,F2287,event_goddessfall1_05_s,event_goddessfall1_06_s,event_goddessfall1,event_goddessfall1,418,418,확실,확정
setup_payoff,E942,암시,F2330,event_goddessfall1_05_s,erelic:goddess_fall_mini_05,event_goddessfall1,erelic:goddess_fall_mini,418,419,추정,확정
callback,E943,재언급,F1430,event_lastkingdom1_intermission,event_goddessfall1_05_e,event_lastkingdom1,event_goddessfall1,295,418,확실,확정
callback,E943,재언급,F1103,d_main_25_03_e,event_goddessfall1_05_e,ch25,event_goddessfall1,241,418,확실,확정
callback,E944,재언급,F897,d_main_22_12_s,event_goddessfall1_05_e,ch22,event_goddessfall1,195,418,확실,확정
setup_payoff,E945,암시,F2288,event_goddessfall1_05_e,event_goddessfall1_06_e,event_goddessfall1,event_goddessfall1,418,418,확실,확정
setup_payoff,E946,암시,F2292,event_goddessfall1_05_e,event_goddessfall2_01_e,event_goddessfall1,event_goddessfall1,418,418,추정,확정
setup_payoff,E946,암시,F2293,event_goddessfall1_05_e,event_goddessfall2_01_e,event_goddessfall1,event_goddessfall1,418,418,추정,확정
setup_payoff,E947,암시,F2318,event_goddessfall1_06_s,event_goddessfall2_epilogue,event_goddessfall1,event_goddessfall1,418,418,확실,확정
setup_payoff,E947,암시,F2305,event_goddessfall1_06_s,event_goddessfall2_04_s,event_goddessfall1,event_goddessfall1,418,418,확실,확정
setup_payoff,E948,암시,F2309,event_goddessfall2_01_e,event_goddessfall2_05_s,event_goddessfall1,event_goddessfall1,418,418,확실,확정
setup_payoff,E949,암시,F2296,event_goddessfall2_01_e,event_goddessfall2_02_e,event_goddessfall1,event_goddessfall1,418,418,확실,확정
setup_payoff,E950,암시,F2304,event_goddessfall2_01_e,event_goddessfall2_04_s,event_goddessfall1,event_goddessfall1,418,418,확실,확정
callback,E951,재언급,F868,d_main_21_08_s,event_goddessfall2_02_s,ch21,event_goddessfall1,189,418,확실,확정
setup_payoff,E952,암시,F2312,event_goddessfall2_01_s,event_goddessfall2_06_s,event_goddessfall1,event_goddessfall1,418,418,추정,확정
setup_payoff,E953,암시,F2302,event_goddessfall2_03_s,event_goddessfall2_intermission_01,event_goddessfall1,event_goddessfall1,418,418,확실,확정
callback,E954,재언급,F1446,event_lastkingdom2_04_s,event_goddessfall2_03_e,event_lastkingdom1,event_goddessfall1,295,418,확실,확정
callback,E955,재언급,F1446,event_lastkingdom2_04_s,event_goddessfall2_05_s,event_lastkingdom1,event_goddessfall1,295,418,확실,확정
callback,E956,재언급,F1103,d_main_25_03_e,event_goddessfall2_05_s,ch25,event_goddessfall1,241,418,확실,확정
callback,E957,재언급,F1109,d_main_25_08_e,event_goddessfall2_06_e,ch25,event_goddessfall1,241,418,추정,확정
setup_payoff,E958,암시,F2843,event_goddessfall2_epilogue,d_main_48_07,event_goddessfall1,ch48,418,472,추정,확정
callback,E959,재언급,F2302,event_goddessfall2_intermission_01,erelic:goddess_fall_mini_02,event_goddessfall1,erelic:goddess_fall_mini,418,419,추정,확정
callback,E960,재언급,F2297,event_goddessfall2_03_s,erelic:goddess_fall_mini_02,event_goddessfall1,erelic:goddess_fall_mini,418,419,추정,확정
setup_payoff,E961,암시,F2333,erelic:goddess_fall_mini_03,erelic:goddess_fall_mini_07,erelic:goddess_fall_mini,erelic:goddess_fall_mini,419,419,추정,확정
callback,E962,재언급,F447,ep:d_nikke_noah_01,erelic:goddess_fall_mini_05,char:232,erelic:goddess_fall_mini,88,419,확실,확정
callback,E963,재언급,F937,ep:d_nikke_dorothy_02,erelic:goddess_fall_mini_06,char:233,erelic:goddess_fall_mini,202,419,추정,확정
callback,E964,재언급,F909,event_overzone1_01_e,erelic:goddess_fall_mini_11,event_overzone,erelic:goddess_fall_mini,200,419,확실,확정
callback,E965,재언급,F2302,event_goddessfall2_intermission_01,erelic:goddess_fall_mini_11,event_goddessfall1,erelic:goddess_fall_mini,418,419,추정,확정
callback,E966,재언급,F2299,event_goddessfall2_03_e,erelic:goddess_fall_mini_12,event_goddessfall1,erelic:goddess_fall_mini,418,419,추정,확정
callback,E967,재언급,F2283,event_goddessfall1_05_s,erelic:goddess_fall_mini_12,event_goddessfall1,erelic:goddess_fall_mini,418,419,추정,확정
callback,E968,재언급,F2315,event_goddessfall2_06_e,erelic:goddess_fall_mini_12,event_goddessfall1,erelic:goddess_fall_mini,418,419,확실,확정
callback,E969,재언급,F839,ep:d_nikke_nihilister_02,fl:ark_guardian_00,char:261,fl:ark_guardian,184,428,확실,확정
callback,E970,재언급,F2302,event_goddessfall2_intermission_01,fl:ark_guardian_00,event_goddessfall1,fl:ark_guardian,418,428,확실,확정
setup_payoff,E971,암시,F2362,fl:ark_guardian_01,fl:ark_guardian_13,fl:ark_guardian,fl:ark_guardian,428,428,확실,확정
setup_payoff,E971,암시,F2377,fl:ark_guardian_01,fl:ark_guardian_26,fl:ark_guardian,fl:ark_guardian,428,428,확실,확정
callback,E972,재언급,F1172,event_redash2_06_e,fl:ark_guardian_02,event_redash,fl:ark_guardian,251,428,확실,확정
callback,E973,재언급,F1168,event_redash2_04_e,fl:ark_guardian_02,event_redash,fl:ark_guardian,251,428,확실,확정
setup_payoff,E974,암시,F2364,fl:ark_guardian_04,fl:ark_guardian_16,fl:ark_guardian,fl:ark_guardian,428,428,확실,확정
setup_payoff,E975,암시,F2375,fl:ark_guardian_09,fl:ark_guardian_26,fl:ark_guardian,fl:ark_guardian,428,428,추정,확정
setup_payoff,E976,암시,F2372,fl:ark_guardian_11,fl:ark_guardian_25,fl:ark_guardian,fl:ark_guardian,428,428,확실,확정
callback,E977,재언급,F1673,event_oldtales1_05_e,fl:ark_guardian_12,event_oldtales1,fl:ark_guardian,338,428,확실,확정
callback,E978,재언급,F2358,fl:ark_guardian_03,fl:ark_guardian_13,fl:ark_guardian,fl:ark_guardian,428,428,확실,확정
setup_payoff,E979,암시,F2363,fl:ark_guardian_13,fl:ark_guardian_16,fl:ark_guardian,fl:ark_guardian,428,428,확실,확정
setup_payoff,E980,암시,F2377,fl:ark_guardian_14,fl:ark_guardian_26,fl:ark_guardian,fl:ark_guardian,428,428,확실,확정
setup_payoff,E981,암시,F2371,fl:ark_guardian_14,fl:ark_guardian_24,fl:ark_guardian,fl:ark_guardian,428,428,추정,확정
setup_payoff,E982,암시,F2377,fl:ark_guardian_15,fl:ark_guardian_26,fl:ark_guardian,fl:ark_guardian,428,428,확실,확정
callback,E983,재언급,F1672,event_oldtales1_05_s,fl:ark_guardian_16,event_oldtales1,fl:ark_guardian,338,428,확실,확정
setup_payoff,E984,암시,F2410,fl:ark_guardian_16,d_main_43_15,fl:ark_guardian,ch43,428,434,확실,확정
setup_payoff,E985,암시,F2654,fl:ark_guardian_16,d_main_46_af_07,fl:ark_guardian,ch46,428,452,확실,확정
setup_payoff,E986,암시,F2403,fl:ark_guardian_17,d_main_43_12,fl:ark_guardian,ch43,428,434,추정,확정
callback,E987,재언급,F1166,event_redash2_03_e,fl:ark_guardian_17,event_redash,fl:ark_guardian,251,428,추정,확정
setup_payoff,E988,암시,F2654,fl:ark_guardian_18,d_main_46_af_07,fl:ark_guardian,ch46,428,452,확실,확정
setup_payoff,E989,암시,F2375,fl:ark_guardian_18,fl:ark_guardian_26,fl:ark_guardian,fl:ark_guardian,428,428,추정,확정
setup_payoff,E990,암시,F2558,fl:ark_guardian_18,side:pretty_star_14,fl:ark_guardian,side:pretty_star,428,447,추정,확정
callback,E991,재언급,F1672,event_oldtales1_05_s,fl:ark_guardian_19,event_oldtales1,fl:ark_guardian,338,428,확실,확정
setup_payoff,E992,암시,F2374,fl:ark_guardian_20,fl:ark_guardian_25,fl:ark_guardian,fl:ark_guardian,428,428,추정,확정
setup_payoff,E993,암시,F2373,fl:ark_guardian_22,fl:ark_guardian_25,fl:ark_guardian,fl:ark_guardian,428,428,추정,확정
callback,E994,재언급,F1672,event_oldtales1_05_s,fl:ark_guardian_26,event_oldtales1,fl:ark_guardian,338,428,확실,확정
callback,E994,재언급,F1686,event_oldtales2_05_e,fl:ark_guardian_26,event_oldtales1,fl:ark_guardian,338,428,확실,확정
callback,E995,재언급,F1166,event_redash2_03_e,fl:ark_guardian_26,event_redash,fl:ark_guardian,251,428,확실,확정
callback,E996,재언급,F1608,event_phantomthiefvsdetective_prologue,fl:sin_editor_01,event_phantomthiefvsdetective,fl:sin_editor,328,430,확실,확정
callback,E997,재언급,F641,ep:d_nikke_crow_05,fl:sin_editor_00,char:110,fl:sin_editor,129,430,확실,확정
callback,E998,재언급,F58,d_main_03_03,fl:sin_editor_07,ch03,fl:sin_editor,10,430,확실,확정
callback,E999,재언급,F1341,event_boomsday_04_e,fl:sin_editor_12,event_boomsday,fl:sin_editor,280,430,추정,확정
callback,E999,재언급,Q234,event_newflavor_06_s,fl:sin_editor_12,event_newflavor,fl:sin_editor,367,430,추정,확정
callback,E1000,재언급,F2383,fl:sin_editor_00,fl:sin_editor_13,fl:sin_editor,fl:sin_editor,430,430,확실,확정
callback,E1001,재언급,F2383,fl:sin_editor_00,fl:sin_editor_13,fl:sin_editor,fl:sin_editor,430,430,확실,확정
setup_payoff,E1002,암시,F2403,d_main_43_02,d_main_43_12,ch43,ch43,434,434,확실,확정
setup_payoff,E1003,암시,F2403,d_main_43_03,d_main_43_12,ch43,ch43,434,434,확실,확정
setup_payoff,E1004,암시,F2415,d_main_43_02,d_main_43_15,ch43,ch43,434,434,확실,확정
setup_payoff,E1005,암시,F2399,d_main_43_03,d_main_43_10,ch43,ch43,434,434,확실,확정
setup_payoff,E1006,암시,F2405,d_main_43_05,d_main_43_12,ch43,ch43,434,434,확실,확정
setup_payoff,E1007,암시,F2399,d_main_43_05,d_main_43_10,ch43,ch43,434,434,확실,확정
callback,E1008,재언급,F443,ep:d_nikke_neon_05,d_main_43_08,char:11,ch43,86,434,확실,확정
setup_payoff,E1009,암시,F2415,d_main_43_10,d_main_43_15,ch43,ch43,434,434,확실,확정
setup_payoff,E1009,암시,F2461,d_main_43_10,d_main_44_af_09,ch43,ch44,434,436,확실,확정
setup_payoff,E1010,암시,F2406,d_main_43_11,d_main_43_13,ch43,ch43,434,434,확실,확정
callback,E1011,재언급,F2364,fl:ark_guardian_16,d_main_43_11,fl:ark_guardian,ch43,428,434,확실,확정
setup_payoff,E1013,암시,F2405,d_main_43_11,d_main_43_12,ch43,ch43,434,434,추정,확정
setup_payoff,E1014,암시,F2406,d_main_43_12,d_main_43_13,ch43,ch43,434,434,추정,확정
setup_payoff,E1015,암시,F2415,d_main_43_12,d_main_43_15,ch43,ch43,434,434,확실,확정
setup_payoff,E1016,암시,F2409,d_main_43_12,d_main_43_14,ch43,ch43,434,434,추정,확정
setup_payoff,E1017,암시,F2415,d_main_43_13,d_main_43_15,ch43,ch43,434,434,확실,확정
setup_payoff,E1017,암시,F2461,d_main_43_13,d_main_44_af_09,ch43,ch44,434,436,확실,확정
setup_payoff,E1018,암시,F2663,d_main_44_02,d_main_46_af_10,ch44,ch46,436,452,확실,확정
callback,E1019,재언급,F1792,d_main_35bf_03,d_main_44_03,ch35,ch44,358,436,추정,확정
callback,E1020,재언급,F2312,event_goddessfall2_06_s,d_main_44_04,event_goddessfall1,ch44,418,436,확실,확정
callback,E1020,재언급,F2317,event_goddessfall2_epilogue,d_main_44_04,event_goddessfall1,ch44,418,436,확실,확정
callback,E1021,재언급,F1541,d_main_32_01,d_main_44_07,ch32,ch44,310,436,확실,확정
setup_payoff,E1022,암시,F2435,d_main_44_08_s,d_main_44_08_e,ch44,ch44,436,436,확실,확정
callback,E1023,재언급,F2246,d_main_42_af_07,d_main_44_08_e,ch42,ch44,416,436,추정,확정
setup_payoff,E1024,암시,F2825,d_main_44_08_e,d_main_48_02,ch44,ch48,436,472,확실,확정
callback,E1025,재언급,F196,sub:세르반_01,d_main_44_af_02,sub:세르반_01,ch44,28,436,확실,확정
callback,E1026,재언급,F2064,d_main_39_af_07,d_main_44_af_03,ch39,ch44,396,436,확실,확정
callback,E1027,재언급,F2332,erelic:goddess_fall_mini_07,d_main_44_af_03,erelic:goddess_fall_mini,ch44,419,436,확실,확정
callback,E1028,재언급,F1263,event_dirtybackyard_05_e,d_main_44_af_04,event_dirtybackyard,ch44,265,436,확실,확정
callback,E1029,재언급,F1264,event_dirtybackyard_06_e,d_main_44_af_04,event_dirtybackyard,ch44,265,436,확실,확정
callback,E1030,재언급,F1264,event_dirtybackyard_06_e,d_main_44_af_05,event_dirtybackyard,ch44,265,436,확실,확정
callback,E1031,재언급,F1953,event_lordforjustice_02_e,d_main_44_af_05,event_lordforjustice,ch44,385,436,확실,확정
setup_payoff,E1032,암시,F2460,d_main_44_af_05,d_main_44_af_09,ch44,ch44,436,436,추정,확정
callback,E1033,재언급,F2207,d_main_41_af_05,d_main_44_af_06,ch41,ch44,414,436,확실,확정
setup_payoff,E1034,암시,F2646,d_main_44_af_07,d_main_46_af_05,ch44,ch46,436,452,추정,확정
callback,E1035,재언급,F1017,d_main_24_08_e,d_main_44_af_09,ch24,ch44,219,436,확실,확정
callback,E1036,재언급,F312,d_main_12af_01,d_main_44_af_09,ch12,ch44,59,436,확실,확정
callback,E1037,재언급,F898,d_main_22_12_e,d_main_44_af_10,ch22,ch44,195,436,확실,확정
callback,E1038,재언급,F1860,d_main_37_04,d_main_44_af_10,ch37,ch44,373,436,확실,확정
callback,E1039,재언급,F706,d_main_18af_04,fl:enter_heaven_09,ch18,fl:enter_heaven,146,442,확실,확정
callback,E1040,재언급,F1627,d_main_33_02_s,fl:enter_heaven_05,ch33,fl:enter_heaven,334,442,확실,확정
callback,E1041,재언급,F893,d_main_22_10,fl:enter_heaven_12,ch22,fl:enter_heaven,195,442,확실,확정
callback,E1042,재언급,F1015,d_main_24_07_s,fl:enter_heaven_12,ch24,fl:enter_heaven,219,442,확실,확정
setup_payoff,E1043,암시,F2490,fl:enter_heaven_01,fl:enter_heaven_06,fl:enter_heaven,fl:enter_heaven,442,442,확실,확정
setup_payoff,E1044,암시,F2500,fl:enter_heaven_10,fl:enter_heaven_10,fl:enter_heaven,fl:enter_heaven,442,442,확실,확정
callback,E1045,재언급,F891,d_main_22_10,fl:enter_heaven_11,ch22,fl:enter_heaven,195,442,추정,확정
callback,E1046,재언급,F2493,fl:enter_heaven_06,fl:enter_heaven_13,fl:enter_heaven,fl:enter_heaven,442,442,확실,확정
callback,E1047,재언급,F2500,fl:enter_heaven_10,fl:enter_heaven_13,fl:enter_heaven,fl:enter_heaven,442,442,추정,확정
setup_payoff,E1048,암시,F2550,side:pretty_star_00,side:pretty_star_08,side:pretty_star,side:pretty_star,447,447,확실,확정
setup_payoff,E1049,암시,F2701,side:pretty_star_01,event_staranis2_05_s,side:pretty_star,event_staranis1,447,454,추정,확정
setup_payoff,E1050,암시,F2694,side:pretty_star_01,event_staranis2_03_s,side:pretty_star,event_staranis1,447,454,확실,확정
setup_payoff,E1051,암시,F2599,side:pretty_star_01,d_main_45_09,side:pretty_star,ch45,447,450,확실,확정
setup_payoff,E1052,암시,F2705,side:pretty_star_02,event_staranis2_05_e,side:pretty_star,event_staranis1,447,454,추정,확정
setup_payoff,E1053,암시,F2548,side:pretty_star_03,side:pretty_star_05,side:pretty_star,side:pretty_star,447,447,확실,확정
setup_payoff,E1054,암시,F2674,side:pretty_star_04,event_staranis1_03_s,side:pretty_star,event_staranis1,447,454,추정,확정
setup_payoff,E1055,암시,F2547,side:pretty_star_04,side:pretty_star_05,side:pretty_star,side:pretty_star,447,447,확실,확정
callback,E1056,재언급,F2361,fl:ark_guardian_06,side:pretty_star_05,fl:ark_guardian,side:pretty_star,428,447,확실,확정
callback,E1057,재언급,F909-2,fl:ark_guardian_26,side:pretty_star_08,fl:ark_guardian,side:pretty_star,428,447,확실,확정
callback,E1057,재언급,F2376,fl:ark_guardian_26,side:pretty_star_08,fl:ark_guardian,side:pretty_star,428,447,확실,확정
setup_payoff,E1058,암시,F2700,side:pretty_star_09,event_staranis2_04_e,side:pretty_star,event_staranis1,447,454,추정,확정
setup_payoff,E1059,암시,F2554,side:pretty_star_10,side:pretty_star_13,side:pretty_star,side:pretty_star,447,447,확실,확정
callback,E1060,재언급,F2091,d_main_40_af_03,side:pretty_star_11,ch40,side:pretty_star,398,447,확실,확정
callback,E1061,재언급,F2376,fl:ark_guardian_26,side:pretty_star_11,fl:ark_guardian,side:pretty_star,428,447,확실,확정
setup_payoff,E1062,암시,F2679,side:pretty_star_12,event_staranis1_04_s,side:pretty_star,event_staranis1,447,454,확실,확정
callback,E1063,재언급,F2361,fl:ark_guardian_06,side:pretty_star_13,fl:ark_guardian,side:pretty_star,428,447,확실,확정
callback,E1064,재언급,F2092,d_main_40_af_03,side:pretty_star_13,ch40,side:pretty_star,398,447,확실,확정
callback,E1065,재언급,F1934,event_arcanearchive_05_s,side:pretty_star_14,event_arcanearchive,side:pretty_star,383,447,확실,확정
setup_payoff,E1066,암시,F2651,side:pretty_star_14,d_main_46_af_06,side:pretty_star,ch46,447,452,확실,확정
callback,E1067,재언급,F1133,d_main_26_10,fl:good_world_00,ch26,fl:good_world,246,448,확실,확정
setup_payoff,E1068,암시,F2566,fl:good_world_03,fl:good_world_04,fl:good_world,fl:good_world,448,448,확실,확정
callback,E1069,재언급,F1773,event_wisdomspring_04_s,fl:good_world_04,event_wisdomspring,fl:good_world,353,448,확실,확정
setup_payoff,E1070,암시,F2568,fl:good_world_06,fl:good_world_12,fl:good_world,fl:good_world,448,448,확실,확정
callback,E1071,재언급,F2547,side:pretty_star_05,fl:good_world_06,side:pretty_star,fl:good_world,447,448,확실,확정
callback,E1071,재언급,F2540,side:pretty_star_00,fl:good_world_06,side:pretty_star,fl:good_world,447,448,확실,확정
setup_payoff,E1072,암시,F2569,fl:good_world_07,fl:good_world_13,fl:good_world,fl:good_world,448,448,확실,확정
callback,E1074,재언급,F1773,event_wisdomspring_04_s,fl:good_world_11,event_wisdomspring,fl:good_world,353,448,확실,확정
callback,E1075,재언급,F1776,event_wisdomspring_epilogue,fl:good_world_11,event_wisdomspring,fl:good_world,353,448,확실,확정
setup_payoff,E1077,암시,F2660,fl:good_world_13,d_main_46_af_08,fl:good_world,ch46,448,452,추정,확정
callback,E1078,재언급,F2440,d_main_44_af_02,d_main_45_01,ch44,ch45,436,450,확실,확정
setup_payoff,E1079,암시,F2593,d_main_45_01,d_main_45_08,ch45,ch45,450,450,확실,확정
setup_payoff,E1080,암시,F2600,d_main_45_02,d_main_45_09,ch45,ch45,450,450,확실,확정
callback,E1081,재언급,F2233,d_main_42_af_01,d_main_45_03,ch42,ch45,416,450,확실,확정
callback,E1082,재언급,F2082,d_main_40_08,d_main_45_03,ch40,ch45,398,450,확실,확정
callback,E1083,재언급,F1342,event_boomsday_06_s,d_main_45_03,event_boomsday,ch45,280,450,확실,확정
setup_payoff,E1084,암시,F2657,d_main_45_04,d_main_46_af_08,ch45,ch46,450,452,추정,확정
callback,E1085,재언급,F2235,d_main_42_af_03,d_main_45_05,ch42,ch45,416,450,확실,확정
callback,E1086,재언급,F2363,fl:ark_guardian_16,d_main_45_05,fl:ark_guardian,ch45,428,450,확실,확정
callback,E1087,재언급,F2200,d_main_41_af_01,d_main_45_07,ch41,ch45,414,450,확실,확정
setup_payoff,E1088,암시,F2643,d_main_45_09,d_main_46_af_04,ch45,ch46,450,452,확실,확정
callback,E1089,재언급,F2357,fl:ark_guardian_00,d_main_45_09,fl:ark_guardian,ch45,428,450,확실,확정
callback,E1090,재언급,F2037,fl:boom_the_ghost_27,d_main_45_09,fl:boom_the_ghost,ch45,393,450,확실,확정
callback,E1091,재언급,F2207,d_main_41_af_05,d_main_45_10,ch41,ch45,414,450,추정,확정
callback,E1092,재언급,F2459,d_main_44_af_09,d_main_45_10,ch44,ch45,436,450,확실,확정
callback,E1093,재언급,F1755,event_footstepwalkrun2_intermission_01,d_main_45_11,event_footstepwalkrun1,ch45,350,450,확실,확정
callback,E1094,재언급,F2567,fl:good_world_12,relic:신에게닿기위한탑_01,fl:good_world,relic:신에게닿기위한탑,448,451,추정,확정
callback,E1095,재언급,F2315,event_goddessfall2_06_e,d_main_46_03,event_goddessfall1,ch46,418,452,확실,확정
callback,E1096,재언급,Q302,event_goddessfall2_06_e,d_main_46_03,event_goddessfall1,ch46,418,452,확실,확정
callback,E1097,재언급,F1238,event_newyearnewsword_06_s,d_main_46_06,event_newyearnewsword,ch46,261,452,확실,확정
callback,E1099,재언급,F1453,event_lastkingdom2_epilogue,d_main_46_07,event_lastkingdom1,ch46,295,452,확실,확정
setup_payoff,E1100,암시,F2840,d_main_46_07,d_main_48_06_e,ch46,ch48,452,472,확실,확정
setup_payoff,E1101,암시,F2825,d_main_46_07,d_main_48_02,ch46,ch48,452,472,확실,확정
callback,E1102,재언급,F2167,side:eden_spear_09,d_main_46_08,side:eden_spear,ch46,411,452,확실,확정
setup_payoff,E1103,암시,F2634,d_main_46_08,d_main_46_af_01,ch46,ch46,452,452,확실,확정
setup_payoff,E1104,암시,F2834,d_main_46_09,d_main_48_05,ch46,ch48,452,472,확실,확정
callback,E1105,재언급,Q302,event_goddessfall2_06_e,d_main_46_10,event_goddessfall1,ch46,418,452,확실,확정
setup_payoff,E1106,암시,F2633,d_main_46_10,d_main_46_11,ch46,ch46,452,452,추정,확정
setup_payoff,E1107,암시,F2642,d_main_46_10,d_main_46_af_03,ch46,ch46,452,452,추정,확정
callback,E1108,재언급,F2320,event_goddessfall2_epilogue,d_main_46_11,event_goddessfall1,ch46,418,452,확실,확정
callback,E1109,재언급,F2293,event_goddessfall2_01_e,d_main_46_11,event_goddessfall1,ch46,418,452,확실,확정
setup_payoff,E1110,암시,F2840,d_main_46_11,d_main_48_06_e,ch46,ch48,452,472,추정,확정
callback,E1111,재언급,F2609,d_main_45_06,d_main_46_af_02,ch45,ch46,450,452,확실,확정
setup_payoff,E1112,암시,F2648,d_main_46_af_02,d_main_46_af_06,ch46,ch46,452,452,추정,확정
callback,E1113,재언급,F2031,fl:boom_the_ghost_13,d_main_46_af_03,fl:boom_the_ghost,ch46,393,452,확실,확정
callback,E1114,재언급,F924,event_overzone1_06_e,d_main_46_af_04,event_overzone,ch46,200,452,확실,확정
callback,E1115,재언급,F2376,fl:ark_guardian_26,d_main_46_af_06,fl:ark_guardian,ch46,428,452,확실,확정
callback,E1116,재언급,F1176,erelic:red_ash_lost_03,d_main_46_af_07,erelic:red_ash_lost,ch46,252,452,확실,확정
callback,E1117,재언급,F2410,d_main_43_15,relic:궤도엘리베이터음모론_01,ch43,relic:궤도엘리베이터음모론,434,453,확실,확정
callback,E1118,재언급,F2615,d_main_46_05,relic:궤도엘리베이터음모론_00,ch46,relic:궤도엘리베이터음모론,452,453,추정,확정
callback,E1119,재언급,F2556,side:pretty_star_13,event_staranis1_01_e,side:pretty_star,event_staranis1,447,454,확실,확정
callback,E1120,재언급,F2557,side:pretty_star_13,event_staranis1_03_s,side:pretty_star,event_staranis1,447,454,확실,확정
setup_payoff,E1121,암시,F2684,event_staranis1_03_s,event_staranis1_06_s,event_staranis1,event_staranis1,454,454,추정,확정
setup_payoff,E1122,암시,F2690,event_staranis1_03_s,event_staranis2_02_s,event_staranis1,event_staranis1,454,454,추정,확정
setup_payoff,E1122,암시,F2695,event_staranis1_03_s,event_staranis2_03_e,event_staranis1,event_staranis1,454,454,추정,확정
setup_payoff,E1123,암시,F2694,event_staranis1_03_s,event_staranis2_03_s,event_staranis1,event_staranis1,454,454,추정,확정
callback,E1124,재언급,F2546,side:pretty_star_02,event_staranis1_03_e,side:pretty_star,event_staranis1,447,454,확실,확정
setup_payoff,E1125,암시,F2685,event_staranis1_intermission_01,event_staranis1_06_e,event_staranis1,event_staranis1,454,454,확실,확정
setup_payoff,E1126,암시,F2690,event_staranis1_04_s,event_staranis2_02_s,event_staranis1,event_staranis1,454,454,추정,확정
setup_payoff,E1127,암시,F2680,event_staranis1_04_e,event_staranis1_05_s,event_staranis1,event_staranis1,454,454,추정,확정
setup_payoff,E1128,암시,F2690,event_staranis1_05_s,event_staranis2_02_s,event_staranis1,event_staranis1,454,454,추정,확정
setup_payoff,E1129,암시,F2697,event_staranis1_05_s,event_staranis2_intermission_01,event_staranis1,event_staranis1,454,454,추정,확정
callback,E1130,재언급,F2547,side:pretty_star_05,event_staranis1_05_e,side:pretty_star,event_staranis1,447,454,추정,확정
callback,E1131,재언급,F2546,side:pretty_star_02,event_staranis1_05_e,side:pretty_star,event_staranis1,447,454,추정,확정
setup_payoff,E1132,암시,F2698,event_staranis1_05_e,event_staranis2_04_s,event_staranis1,event_staranis1,454,454,추정,확정
callback,E1133,재언급,F2556,side:pretty_star_13,event_staranis1_05_e,side:pretty_star,event_staranis1,447,454,확실,확정
setup_payoff,E1134,암시,F2684,event_staranis1_05_e,event_staranis1_06_s,event_staranis1,event_staranis1,454,454,추정,확정
callback,E1135,재언급,F2895,event_staranis1_05_e,event_staranis1_06_s,event_staranis1,event_staranis1,454,454,확실,확정
callback,E1136,재언급,F2547,side:pretty_star_05,event_staranis1_06_s,side:pretty_star,event_staranis1,447,454,확실,확정
setup_payoff,E1137,암시,F2701,event_staranis1_06_e,event_staranis2_05_s,event_staranis1,event_staranis1,454,454,추정,확정
callback,E1138,재언급,F2895,event_staranis1_05_e,event_staranis1_06_e,event_staranis1,event_staranis1,454,454,추정,확정
setup_payoff,E1139,암시,F2699,event_staranis1_06_s,event_staranis2_05_s,event_staranis1,event_staranis1,454,454,추정,확정
setup_payoff,E1140,암시,F2690,event_staranis2_01_s,event_staranis2_02_s,event_staranis1,event_staranis1,454,454,추정,확정
setup_payoff,E1141,암시,F2692,event_staranis2_01_s,event_staranis2_02_e,event_staranis1,event_staranis1,454,454,확실,확정
callback,E1142,재언급,F1748-2,side:pretty_star_13,event_staranis2_01_e,side:pretty_star,event_staranis1,447,454,확실,확정
setup_payoff,E1143,암시,F2701,event_staranis2_01_e,event_staranis2_05_s,event_staranis1,event_staranis1,454,454,추정,확정
setup_payoff,E1144,암시,F2707,event_staranis2_01_e,event_staranis2_05_e,event_staranis1,event_staranis1,454,454,추정,확정
setup_payoff,E1145,암시,F2700,event_staranis2_01_e,event_staranis2_04_e,event_staranis1,event_staranis1,454,454,추정,확정
setup_payoff,E1146,암시,F2695,event_staranis2_01_e,event_staranis2_03_e,event_staranis1,event_staranis1,454,454,추정,확정
callback,E1147,재언급,F2673,event_staranis1_02_s,event_staranis2_02_s,event_staranis1,event_staranis1,454,454,확실,확정
setup_payoff,E1148,암시,F2694,event_staranis2_02_s,event_staranis2_03_s,event_staranis1,event_staranis1,454,454,추정,확정
setup_payoff,E1149,암시,F2693,event_staranis2_02_s,event_staranis2_03_s,event_staranis1,event_staranis1,454,454,확실,확정
setup_payoff,E1149,암시,F2700,event_staranis2_02_s,event_staranis2_04_e,event_staranis1,event_staranis1,454,454,확실,확정
callback,E1150,재언급,F2684,event_staranis1_06_s,event_staranis2_02_e,event_staranis1,event_staranis1,454,454,확실,확정
setup_payoff,E1151,암시,F2699,event_staranis2_02_e,event_staranis2_05_s,event_staranis1,event_staranis1,454,454,추정,확정
callback,E1152,재언급,F2675,event_staranis1_03_s,event_staranis2_03_s,event_staranis1,event_staranis1,454,454,확실,확정
setup_payoff,E1153,암시,F2700,event_staranis2_03_s,event_staranis2_04_e,event_staranis1,event_staranis1,454,454,확실,확정
setup_payoff,E1154,암시,F2701,event_staranis2_03_s,event_staranis2_05_s,event_staranis1,event_staranis1,454,454,추정,확정
setup_payoff,E1155,암시,F2698,event_staranis2_03_s,event_staranis2_04_s,event_staranis1,event_staranis1,454,454,추정,확정
setup_payoff,E1156,암시,F2705,event_staranis2_03_e,event_staranis2_05_e,event_staranis1,event_staranis1,454,454,확실,확정
setup_payoff,E1157,암시,F2705,event_staranis2_03_e,event_staranis2_05_e,event_staranis1,event_staranis1,454,454,추정,확정
setup_payoff,E1158,암시,F2707,event_staranis2_04_s,event_staranis2_05_e,event_staranis1,event_staranis1,454,454,추정,확정
setup_payoff,E1159,암시,F2708,event_staranis2_04_s,event_staranis2_epilogue,event_staranis1,event_staranis1,454,454,추정,확정
callback,E1160,재언급,F2546,side:pretty_star_02,event_staranis2_04_e,side:pretty_star,event_staranis1,447,454,확실,확정
callback,E1160,재언급,F2895,event_staranis1_05_e,event_staranis2_04_e,event_staranis1,event_staranis1,454,454,확실,확정
callback,E1161,재언급,F171,d_main_14_07,event_staranis2_05_s,ch14,event_staranis1,69,454,확실,확정
callback,E1162,재언급,F2689,event_staranis2_01_e,event_staranis2_05_s,event_staranis1,event_staranis1,454,454,확실,확정
callback,E1163,재언급,F2092,d_main_40_af_03,event_staranis2_05_e,ch40,event_staranis1,398,454,확실,확정
callback,E1164,재언급,F2690,event_staranis2_02_s,event_staranis2_05_e,event_staranis1,event_staranis1,454,454,확실,확정
callback,E1165,재언급,F2556,side:pretty_star_13,event_staranis2_06_s,side:pretty_star,event_staranis1,447,454,추정,확정
setup_payoff,E1166,암시,F2741,fl:ark_ranger_00,fl:ark_ranger_20,fl:ark_ranger,fl:ark_ranger,462,462,확실,확정
setup_payoff,E1167,암시,F2729,fl:ark_ranger_01,fl:ark_ranger_06,fl:ark_ranger,fl:ark_ranger,462,462,확실,확정
setup_payoff,E1168,암시,F2739,fl:ark_ranger_01,fl:ark_ranger_20,fl:ark_ranger,fl:ark_ranger,462,462,확실,확정
setup_payoff,E1169,암시,F2743,fl:ark_ranger_04,fl:ark_ranger_23,fl:ark_ranger,fl:ark_ranger,462,462,추정,확정
callback,E1170,재언급,F993,d_main_23_08_s,fl:ark_ranger_07,ch23,fl:ark_ranger,214,462,확실,확정
setup_payoff,E1171,암시,F2741,fl:ark_ranger_08,fl:ark_ranger_20,fl:ark_ranger,fl:ark_ranger,462,462,추정,확정
setup_payoff,E1172,암시,F2743,fl:ark_ranger_12,fl:ark_ranger_23,fl:ark_ranger,fl:ark_ranger,462,462,추정,확정
callback,E1173,재언급,F2576,d_main_45_03,fl:ark_ranger_13,ch45,fl:ark_ranger,450,462,확실,확정
callback,E1174,재언급,F1297,d_main_27_05,fl:ark_ranger_13,ch27,fl:ark_ranger,270,462,확실,확정
callback,E1175,재언급,F1264,event_dirtybackyard_06_e,fl:ark_ranger_14,event_dirtybackyard,fl:ark_ranger,265,462,확실,확정
setup_payoff,E1176,암시,F2741,fl:ark_ranger_15,fl:ark_ranger_20,fl:ark_ranger,fl:ark_ranger,462,462,확실,확정
callback,E1177,재언급,F656,ep:d_nikke_harran_01,fl:ark_ranger_16,char:230,fl:ark_ranger,135,462,확실,확정
callback,E1178,재언급,F2606,d_main_45_11,fl:ark_ranger_17,ch45,fl:ark_ranger,450,462,확실,확정
callback,E1179,재언급,F2243,d_main_42_af_06,fl:ark_ranger_17,ch42,fl:ark_ranger,416,462,확실,확정
callback,E1180,재언급,F1465,event_darkhero_01_s,fl:ark_ranger_21,event_darkhero,fl:ark_ranger,298,462,확실,확정
callback,E1181,재언급,F2593,d_main_45_08,fl:ark_ranger_25,ch45,fl:ark_ranger,450,462,확실,확정
callback,E1182,재언급,F2016,event_overthehorizon_06_e,fl:ark_ranger_25,event_overthehorizon,fl:ark_ranger,391,462,확실,확정
setup_payoff,E1183,암시,F2815,fl:ark_ranger_26,d_main_47_06,fl:ark_ranger,ch47,462,470,추정,확정
setup_payoff,E1184,암시,F2796,fl:project_matis_00,fl:project_matis_27,fl:project_matis,fl:project_matis,467,467,추정,확정
callback,E1185,재언급,F2334,erelic:goddess_fall_mini_09,fl:project_matis_01,erelic:goddess_fall_mini,fl:project_matis,419,467,확실,확정
setup_payoff,E1186,암시,F2791,fl:project_matis_02,fl:project_matis_21,fl:project_matis,fl:project_matis,467,467,확실,확정
setup_payoff,E1187,암시,F2779,fl:project_matis_02,fl:project_matis_08,fl:project_matis,fl:project_matis,467,467,확실,확정
setup_payoff,E1188,암시,F2794,fl:project_matis_05,fl:project_matis_25,fl:project_matis,fl:project_matis,467,467,확실,확정
callback,E1189,재언급,F1792,d_main_35bf_03,fl:project_matis_08,ch35,fl:project_matis,358,467,추정,확정
callback,E1190,재언급,F699,d_main_18_07_e,fl:project_matis_08,ch18,fl:project_matis,146,467,추정,확정
setup_payoff,E1191,암시,F2794,fl:project_matis_08,fl:project_matis_25,fl:project_matis,fl:project_matis,467,467,확실,확정
setup_payoff,E1192,암시,F2790,fl:project_matis_09,fl:project_matis_21,fl:project_matis,fl:project_matis,467,467,추정,확정
callback,E1193,재언급,F171,d_main_14_07,fl:project_matis_14,ch14,fl:project_matis,69,467,추정,확정
setup_payoff,E1194,암시,F2792,fl:project_matis_16,fl:project_matis_22,fl:project_matis,fl:project_matis,467,467,확실,확정
setup_payoff,E1195,암시,F2790,fl:project_matis_18,fl:project_matis_21,fl:project_matis,fl:project_matis,467,467,추정,확정
setup_payoff,E1196,암시,F2789,fl:project_matis_19,fl:project_matis_20,fl:project_matis,fl:project_matis,467,467,확실,확정
callback,E1197,재언급,F691,d_main_17af_04,fl:project_matis_20,ch17,fl:project_matis,140,467,추정,확정
callback,E1198,재언급,F393,d_main_15af_02,fl:project_matis_21,ch15,fl:project_matis,75,467,추정,확정
setup_payoff,E1199,암시,F2794,fl:project_matis_22,fl:project_matis_25,fl:project_matis,fl:project_matis,467,467,확실,확정
callback,E1200,재언급,F700,d_main_18_10,fl:project_matis_24,ch18,fl:project_matis,146,467,추정,확정
callback,E1201,재언급,F1796,d_main_35_07,fl:project_matis_25,ch35,fl:project_matis,358,467,추정,확정
callback,E1202,재언급,F303,d_main_12_01,fl:project_matis_25,ch12,fl:project_matis,59,467,추정,확정
callback,E1203,재언급,F717,event_hightechtoy_06_e,fl:project_matis_26,event_hightechtoy,fl:project_matis,151,467,확실,확정
callback,E1204,재언급,F699,d_main_18_07_e,fl:project_matis_26,ch18,fl:project_matis,146,467,추정,확정
callback,E1205,재언급,F293,d_main_11_04,fl:project_matis_26,ch11,fl:project_matis,53,467,확실,확정
setup_payoff,E1206,암시,F2811,d_main_47_01,d_main_47_05,ch47,ch47,470,470,확실,확정
setup_payoff,E1207,암시,F2838,d_main_47_01,d_main_48_05,ch47,ch48,470,472,추정,확정
callback,E1208,재언급,F2651,d_main_46_af_06,d_main_47_03,ch46,ch47,452,470,확실,확정
callback,E1209,재언급,F2617,d_main_46_05,d_main_47_03,ch46,ch47,452,470,확실,확정
callback,E1210,재언급,F2280,event_goddessfall1_04_e,d_main_47_03,event_goddessfall1,ch47,418,470,추정,확정
setup_payoff,E1211,암시,F2848,d_main_47_03,d_main_48_07,ch47,ch48,470,472,추정,확정
setup_payoff,E1212,암시,F2834,d_main_47_03,d_main_48_05,ch47,ch48,470,472,추정,확정
setup_payoff,E1213,암시,F2828,d_main_47_04,d_main_48_03,ch47,ch48,470,472,추정,확정
setup_payoff,E1214,암시,F2840,d_main_47_04,d_main_48_06_e,ch47,ch48,470,472,확실,확정
setup_payoff,E1215,암시,F2831,d_main_47_04,d_main_48_03,ch47,ch48,470,472,확실,확정
setup_payoff,E1216,암시,F2832,d_main_47_04,d_main_48_04,ch47,ch48,470,472,확실,확정
callback,E1217,재언급,F1237,event_newyearnewsword_06_s,d_main_47_04,event_newyearnewsword,ch47,261,470,추정,확정
callback,E1217,재언급,F1239,event_newyearnewsword_06_e,d_main_47_04,event_newyearnewsword,ch47,261,470,추정,확정
callback,E1218,재언급,F763,d_main_20_06_s,d_main_47_04,ch20,ch47,164,470,추정,확정
setup_payoff,E1219,암시,F2835,d_main_47_05,d_main_48_05,ch47,ch48,470,472,추정,확정
callback,E1220,재언급,F2273,event_goddessfall1_03_e,d_main_47_05,event_goddessfall1,ch47,418,470,확실,확정
setup_payoff,E1221,암시,F2838,d_main_47_05,d_main_48_05,ch47,ch48,470,472,확실,확정
callback,E1222,재언급,F2194,d_main_41_04,d_main_47_05,ch41,ch47,414,470,확실,확정
callback,E1223,재언급,F2657,d_main_46_af_08,d_main_47_06,ch46,ch47,452,470,확실,확정
callback,E1224,재언급,F2009,event_overthehorizon_01_e,d_main_47_06,event_overthehorizon,ch47,391,470,확실,확정
setup_payoff,E1225,암시,F2824,d_main_47_07,d_main_48_02,ch47,ch48,470,472,추정,확정
setup_payoff,E1225,암시,F2843,d_main_47_07,d_main_48_07,ch47,ch48,470,472,추정,확정
callback,E1226,재언급,F2815,d_main_47_06,relic:승리를_부르는_그림자_02,ch47,relic:승리를_부르는_그림자,470,471,확실,확정
callback,E1227,재언급,F2737,fl:ark_ranger_19,d_main_48_01,fl:ark_ranger,ch48,462,472,확실,확정
setup_payoff,E1228,암시,F2848,d_main_48_01,d_main_48_07,ch48,ch48,472,472,추정,확정
callback,E1229,재언급,F2304,event_goddessfall2_04_s,d_main_48_03,event_goddessfall1,ch48,418,472,확실,확정
callback,E1230,재언급,F1238,event_newyearnewsword_06_s,d_main_48_04,event_newyearnewsword,ch48,261,472,확실,확정
callback,E1231,재언급,F1,d_main_01_01_s,d_main_48_05,ch00,ch48,1,472,확실,확정
callback,E1231,재언급,F2880,d_main_01_06_e,d_main_48_05,ch01,ch48,2,472,확실,확정
callback,E1231,재언급,F334,d_main_13_08_e,d_main_48_05,ch13,ch48,64,472,확실,확정
callback,E1232,재언급,F2280,event_goddessfall1_04_e,d_main_48_06_e,event_goddessfall1,ch48,418,472,확실,확정
setup_payoff,E1233,암시,F2848,d_main_48_06_e,d_main_48_07,ch48,ch48,472,472,추정,확정
callback,E1234,재언급,F2617,d_main_46_05,d_main_48_06_e,ch46,ch48,452,472,확실,확정
callback,E1235,재언급,F2630,d_main_46_11,d_main_48_06_e,ch46,ch48,452,472,확실,확정
callback,E1236,재언급,F1129,d_main_26_07_e,d_main_48_06_e,ch26,ch48,246,472,확실,확정
callback,E1237,재언급,F2651,d_main_46_af_06,d_main_48_07,ch46,ch48,452,472,확실,확정
callback,E1238,재언급,F2373,fl:ark_guardian_25,d_main_48_07,fl:ark_guardian,ch48,428,472,확실,확정
callback,E1239,재언급,F2437,d_main_44_af_01,d_main_48_07,ch44,ch48,436,472,확실,확정
callback,E1240,재언급,Q225,event_wisdomspring_05_e,d_main_48_07,event_wisdomspring,ch48,353,472,확실,확정
callback,E1241,재언급,Q63,d_main_13_08_e,d_main_48_07,ch13,ch48,64,472,추정,확정
callback,E1242,재언급,F7,d_main_01_03_e,d_main_48_07,ch00,ch48,1,472,추정,확정
callback,E1244,재언급,F2803,d_main_47_03,relic:불길한_소리.wav_01,ch47,relic:불길한_소리.wav,470,473,추정,확정
callback,E1245,재언급,F2632,d_main_46_11,relic:불길한_소리.wav_01,ch46,relic:불길한_소리.wav,452,473,추정,확정
callback,E1246,재언급,F2822,d_main_48_01,relic:불길한_소리.wav_03,ch48,relic:불길한_소리.wav,472,473,확실,확정
callback,E1247,재언급,F2843,d_main_48_07,relic:불길한_소리.wav_03,ch48,relic:불길한_소리.wav,472,473,추정,확정
setup_payoff,E1248,암시,F1681,ep:d_nikke_guillotine_04,event_oldtales2_03_e,char:180,event_oldtales1,85,338,추정,확정
setup_payoff,E1249,암시,F529,ep:d_nikke_noah_01,ep:d_nikke_maxwell_02,char:232,char:102,88,99,확실,확정
setup_payoff,E1250,암시,F2330,ep:d_nikke_noah_01,erelic:goddess_fall_mini_05,char:232,erelic:goddess_fall_mini,88,419,확실,확정
setup_payoff,E1251,암시,Q80,ep:d_nikke_noah_03,erelic:goddess_fall_mini_05,char:232,erelic:goddess_fall_mini,88,419,확실,확정
setup_payoff,E1252,암시,F483,ep:d_nikke_dolla_04,ep:d_nikke_diesel_01,char:202,char:72,91,93,확실,확정
setup_payoff,E1253,암시,F484,ep:d_nikke_diesel_01,ep:d_nikke_diesel_02,char:72,char:72,93,93,확실,확정
setup_payoff,E1254,암시,F486,ep:d_nikke_diesel_01,ep:d_nikke_diesel_02,char:72,char:72,93,93,확실,확정
setup_payoff,E1255,암시,F574,ep:d_nikke_diesel_02,ep:d_nikke_soline_04,char:72,char:71,93,111,추정,확정
setup_payoff,E1256,암시,F2373,ep:d_nikke_diesel_03,fl:ark_guardian_25,char:72,fl:ark_guardian,93,428,추정,확정
setup_payoff,E1257,암시,F2373,ep:d_nikke_rapunzel_04,fl:ark_guardian_25,char:221,fl:ark_guardian,94,428,추정,확정
setup_payoff,E1258,암시,F2830,ep:d_nikke_rapunzel_05,d_main_48_03,char:221,ch48,94,472,확실,확정
setup_payoff,E1259,암시,F1007,ep:d_nikke_rapunzel_04,d_main_24_02,char:221,ch24,94,219,추정,확정
setup_payoff,E1260,암시,Q86,ep:d_nikke_rapi_01,event_wisdomspring_04_e,char:10,event_wisdomspring,95,353,추정,확정
setup_payoff,E1261,암시,F1559,ep:d_nikke_rapi_05,d_main_32_af_02,char:10,ch32,95,310,추정,확정
callback,E1262,재언급,F208,d_main_07_06_s,ep:d_nikke_maxwell_01,ch07,char:102,31,99,확실,확정
setup_payoff,E1263,암시,F2071,ep:d_nikke_maxwell_03,d_main_40_01,char:102,ch40,99,398,추정,확정
setup_payoff,E1264,암시,F2776,ep:d_nikke_maxwell_03,fl:project_matis_04,char:102,fl:project_matis,99,467,추정,확정
setup_payoff,E1265,암시,F2794,ep:d_nikke_maxwell_05,fl:project_matis_25,char:102,fl:project_matis,99,467,추정,확정
setup_payoff,E1266,암시,F535,ep:d_nikke_mary_01,ep:d_nikke_mary_03,char:130,char:130,100,100,추정,확정
setup_payoff,E1267,암시,F537,ep:d_nikke_mary_01,ep:d_nikke_mary_04,char:130,char:130,100,100,추정,확정
setup_payoff,E1268,암시,F971,ep:d_nikke_mary_04,event_bluewaterisland2_05_e,char:130,event_bluewaterisland,100,209,추정,확정
callback,E1269,재언급,F536,ep:d_nikke_mary_04,ep:d_nikke_mary_05,char:130,char:130,100,100,추정,확정
setup_payoff,E1271,암시,Q225,ep:d_nikke_sugar_03,d_main_40_02,char:140,ch40,112,398,추정,확정
setup_payoff,E1271,암시,Q225,ep:d_nikke_sugar_03,fl:good_world_12,char:140,fl:good_world,112,448,추정,확정
setup_payoff,E1272,암시,F684,ep:d_nikke_snowwhite_03,d_main_17_08,char:220,ch17,113,140,추정,확정
setup_payoff,E1272,암시,F914,ep:d_nikke_snowwhite_03,event_overzone1_01_s,char:220,event_overzone,113,200,추정,확정
setup_payoff,E1273,암시,F751,ep:d_nikke_snowwhite_04,d_main_19af_01,char:220,ch19,113,159,추정,확정
setup_payoff,E1274,암시,F1798,ep:d_nikke_anis_01,d_main_35_04,char:12,ch35,115,358,추정,확정
setup_payoff,E1275,암시,F1798,ep:d_nikke_anis_03,d_main_35_04,char:12,ch35,115,358,확실,확정
setup_payoff,E1275,암시,F1874,ep:d_nikke_anis_03,d_main_38_05_s,char:12,ch38,115,375,확실,확정
setup_payoff,E1276,암시,F2556,ep:d_nikke_anis_05,side:pretty_star_13,char:12,side:pretty_star,115,447,추정,확정
setup_payoff,E1277,암시,F2327,ep:d_nikke_isabel_04,erelic:goddess_fall_mini_03,char:231,erelic:goddess_fall_mini,128,419,추정,확정
callback,E1278,재언급,F403,d_main_16_01,ep:d_nikke_crow_01,ch16,char:110,80,129,확실,확정
setup_payoff,E1279,암시,F778,ep:d_nikke_crow_03,event_doutsiders_01_s,char:110,event_doutsiders,129,169,확실,확정
setup_payoff,E1280,암시,F1018,ep:d_nikke_crow_05,d_main_24_09,char:110,ch24,129,219,추정,확정
setup_payoff,E1281,암시,F2325,ep:d_nikke_harran_01,erelic:goddess_fall_mini_02,char:230,erelic:goddess_fall_mini,135,419,추정,확정
setup_payoff,E1282,암시,F2325,ep:d_nikke_harran_04,erelic:goddess_fall_mini_02,char:230,erelic:goddess_fall_mini,135,419,추정,확정
setup_payoff,E1283,암시,F2734,ep:d_nikke_harran_05,fl:ark_ranger_16,char:230,fl:ark_ranger,135,462,확실,확정
setup_payoff,E1284,암시,F1238,ep:d_nikke_hongryeon_01,event_newyearnewsword_06_s,char:222,event_newyearnewsword,136,261,추정,확정
setup_payoff,E1285,암시,Q363,ep:d_nikke_hongryeon_01,d_main_47_04,char:222,ch47,136,470,추정,확정
setup_payoff,E1286,암시,F2297,ep:d_nikke_hongryeon_05,event_goddessfall2_03_s,char:222,event_goddessfall1,136,418,추정,확정
setup_payoff,E1288,암시,F2785,event_hightechtoy_epilogue,fl:project_matis_12,event_hightechtoy,fl:project_matis,151,467,확실,확정
setup_payoff,E1289,암시,F2776,event_hightechtoy_epilogue,fl:project_matis_04,event_hightechtoy,fl:project_matis,151,467,확실,확정
setup_payoff,E1289,암시,F2794,event_hightechtoy_epilogue,fl:project_matis_25,event_hightechtoy,fl:project_matis,151,467,확실,확정
setup_payoff,E1290,암시,F729,event_miraclesnow2_01_s,event_miraclesnow2_intermission_01,event_miraclesnow1,event_miraclesnow1,153,153,확실,확정
callback,E1291,재언급,Q62,sub:숲속요정_00,event_miraclesnow2_01_e,sub:숲속요정_00,event_miraclesnow1,144,153,확실,확정
setup_payoff,E1292,암시,F728,event_miraclesnow2_02_e,event_miraclesnow2_04_e,event_miraclesnow1,event_miraclesnow1,153,153,확실,확정
setup_payoff,E1293,암시,F730,event_miraclesnow2_06_s,event_miraclesnow2_06_e,event_miraclesnow1,event_miraclesnow1,153,153,확실,확정
setup_payoff,E1294,암시,F730,event_miraclesnow2_06_e,event_miraclesnow2_06_e,event_miraclesnow1,event_miraclesnow1,153,153,추정,확정
setup_payoff,E1295,암시,F725,event_miraclesnow1_06_s,event_miraclesnow2_01_s,event_miraclesnow1,event_miraclesnow1,153,153,추정,확정
callback,E1296,재언급,F19,d_main_01_07_e,ep:d_nikke_marian_p_01,ch01,char:260,2,158,확실,확정
setup_payoff,E1297,암시,F1452,ep:d_nikke_marian_p_03,event_lastkingdom2_epilogue,char:260,event_lastkingdom1,158,295,추정,확정
callback,E1298,재언급,F587,ep:d_nikke_signal_01,event_maidinvalentine_02_s,char:22,event_maidinvalentine,114,175,확실,확정
setup_payoff,E1299,암시,F1780,event_maidinvalentine_05_e,event_romanticvalentine_prologue,event_maidinvalentine,event_romanticvalentine,175,355,추정,확정
callback,E1300,재언급,F768,d_main_20_10_e,ep:d_nikke_nihilister_01,ch20,char:261,164,184,확실,확정
setup_payoff,E1301,암시,F2268,ep:d_nikke_nihilister_02,event_goddessfall1_02_e,char:261,event_goddessfall1,184,418,확실,확정
setup_payoff,E1302,암시,F2163,ep:d_nikke_nihilister_02,side:eden_spear_08,char:261,side:eden_spear,184,411,확실,확정
callback,E1303,재언급,Q110,d_main_20_07,ep:d_nikke_nihilister_03,ch20,char:261,164,184,확실,확정
callback,E1304,재언급,Q110,d_main_20_07,ep:d_nikke_nihilister_05,ch20,char:261,164,184,확실,확정
setup_payoff,E1305,암시,F1970,event_ltk_02_e,event_lordforjustice_06_e,event_ltk,event_lordforjustice,187,385,확실,확정
setup_payoff,E1306,암시,F1970,event_ltk_06_e,event_lordforjustice_06_e,event_ltk,event_lordforjustice,187,385,확실,확정
setup_payoff,E1307,암시,F1349,event_ltk_epilogue,event_killthelord_06_s,event_ltk,event_killthelord,187,282,추정,확정
setup_payoff,E1308,암시,F2373,ep:d_nikke_dorothy_05,fl:ark_guardian_25,char:233,fl:ark_guardian,202,428,확실,확정
setup_payoff,E1309,암시,F2368,ep:d_nikke_dorothy_03,fl:ark_guardian_20,char:233,fl:ark_guardian,202,428,추정,확정
callback,E1310,재언급,F920,event_overzone2_04_e,ep:d_nikke_dorothy_04,event_overzone,char:233,200,202,추정,확정
callback,E1311,재언급,F925,event_overzone2_intermission_01,ep:d_nikke_dorothy_05,event_overzone,char:233,200,202,확실,확정
callback,E1312,재언급,F928,event_overzone2_epilogue,ep:d_nikke_dorothy_05,event_overzone,char:233,200,202,확실,확정
setup_payoff,E1313,암시,F954,event_queensorder_prologue,event_queensorder_05_s,event_queensorder,event_queensorder,207,207,확실,확정
setup_payoff,E1314,암시,F957,event_queensorder_06_s,event_queensorder_epilogue,event_queensorder,event_queensorder,207,207,추정,확정
setup_payoff,E1317,암시,F1050,event_seayouagain1_01_s,event_seayouagain1_intermission_01,event_seayouagain1,event_seayouagain1,226,226,추정,확정
setup_payoff,E1318,암시,F1051,event_seayouagain1_02_s,event_seayouagain1_05_s,event_seayouagain1,event_seayouagain1,226,226,확실,확정
callback,E1319,재언급,F670,ep:d_nikke_helm_01,event_seayouagain1_02_s,char:352,event_seayouagain1,139,226,확실,확정
callback,E1320,재언급,F735,event_brandnewyear_01_s,event_seayouagain1_03_s,event_brandnewyear,event_seayouagain1,157,226,확실,확정
setup_payoff,E1321,암시,F1055,event_seayouagain1_06_s,event_seayouagain2_04_s,event_seayouagain1,event_seayouagain1,226,226,확실,확정
callback,E1322,재언급,Q147,event_seayouagain2_05_e,event_seayouagain2_06_s,event_seayouagain1,event_seayouagain1,226,226,확실,확정
callback,E1323,재언급,Q147,event_seayouagain2_05_e,event_seayouagain2_epilogue,event_seayouagain1,event_seayouagain1,226,226,추정,확정
callback,E1324,재언급,F943,ep:d_nikke_rei_01,event_schooloflock_01_s,char:392,event_schooloflock,203,234,확실,확정
setup_payoff,E1325,암시,F1073,event_schooloflock_prologue,event_schooloflock_05_s,event_schooloflock,event_schooloflock,234,234,추정,확정
setup_payoff,E1326,암시,F1074,event_schooloflock_03_s,event_schooloflock_05_s,event_schooloflock,event_schooloflock,234,234,확실,확정
setup_payoff,E1327,암시,F1078,event_schooloflock_03_s,event_schooloflock_epilogue,event_schooloflock,event_schooloflock,234,234,확실,확정
setup_payoff,E1328,암시,F1078,event_schooloflock_intermission_01,event_schooloflock_epilogue,event_schooloflock,event_schooloflock,234,234,확실,확정
setup_payoff,E1329,암시,F2748,event_schooloflock_epilogue,fl:wave_to_you_00,event_schooloflock,fl:wave_to_you,234,464,추정,확정
callback,E1330,재언급,F947,ep:d_nikke_blanc_03,event_dazzlingcupid_01_e,char:270,event_dazzlingcupid,205,236,확실,확정
setup_payoff,E1331,암시,F1086,event_dazzlingcupid_03_e,ep:d_nikke_naga_03,event_dazzlingcupid,char:450,236,237,추정,확정
setup_payoff,E1332,암시,F1087,event_dazzlingcupid_04_e,ep:d_nikke_naga_04,event_dazzlingcupid,char:450,236,237,추정,확정
setup_payoff,E1333,암시,F1090,event_dazzlingcupid_06_e,ep:d_nikke_tia_05,event_dazzlingcupid,char:451,236,238,추정,확정
setup_payoff,E1334,암시,F2763,event_dazzlingcupid_06_e,fl:wave_to_you_26,event_dazzlingcupid,fl:wave_to_you,236,464,추정,확정
setup_payoff,E1335,암시,F2765,event_dazzlingcupid_epilogue,fl:wave_to_you_27,event_dazzlingcupid,fl:wave_to_you,236,464,추정,확정
callback,E1336,재언급,F1172,event_redash2_06_e,ep:d_nikke_RedHood_03,event_redash,char:470,251,254,확실,확정
callback,E1337,재언급,F1129,d_main_26_07_e,ep:d_nikke_RedHood_05,ch26,char:470,246,254,확실,확정
callback,E1338,재언급,Q46,relic:UFO챈.zip_00,ep:d_nikke_snowwhite_young_02,relic:UFO챈.zip,char:224,40,255,추정,확정
callback,E1339,재언급,F1193,ep:d_nikke_RedHood_02,ep:d_nikke_snowwhite_young_03,char:470,char:224,254,255,확실,확정
callback,E1340,재언급,F732,ep:d_nikke_neve_04,event_alonesurvivor_01_s,char:193,event_alonesurvivor,154,256,확실,확정
callback,E1341,재언급,F1052,event_seayouagain1_05_e,event_neverland1_01_s,event_seayouagain1,event_neverland1,226,258,추정,확정
setup_payoff,E1342,암시,F1220,event_neverland1_02_s,event_neverland2_04_s,event_neverland1,event_neverland1,258,258,추정,확정
setup_payoff,E1343,암시,F1220,event_neverland1_02_e,event_neverland2_04_s,event_neverland1,event_neverland1,258,258,확실,확정
setup_payoff,E1344,암시,F1221,event_neverland1_03_s,event_neverland2_epilogue,event_neverland1,event_neverland1,258,258,확실,확정
setup_payoff,E1345,암시,F1218,event_neverland1_04_s,event_neverland2_04_s,event_neverland1,event_neverland1,258,258,확실,확정
setup_payoff,E1346,암시,F1216,event_neverland1_05_s,event_neverland2_01_e,event_neverland1,event_neverland1,258,258,추정,확정
setup_payoff,E1347,암시,F1219,event_neverland2_03_e,event_neverland2_05_s,event_neverland1,event_neverland1,258,258,확실,확정
callback,E1348,재언급,F551,ep:d_nikke_mica_04,event_neverland2_02_s,char:61,event_neverland1,103,258,확실,확정
callback,E1349,재언급,F1181,erelic:red_ash_lost_10,ep:d_nikke_hongryeon_blackshadow_05,erelic:red_ash_lost,char:225,252,262,확실,확정
setup_payoff,E1350,암시,F1252,event_lionheart_01_s,event_lionheart_epilogue,event_lionheart,event_lionheart,263,263,확실,확정
setup_payoff,E1351,암시,F1252,event_lionheart_03_s,event_lionheart_epilogue,event_lionheart,event_lionheart,263,263,확실,확정
setup_payoff,E1352,암시,F1252,event_lionheart_intermission_01,event_lionheart_epilogue,event_lionheart,event_lionheart,263,263,확실,확정
setup_payoff,E1353,암시,F1251,event_lionheart_02_s,event_lionheart_06_s,event_lionheart,event_lionheart,263,263,추정,확정
setup_payoff,E1354,암시,F1251,event_lionheart_03_e,event_lionheart_06_s,event_lionheart,event_lionheart,263,263,확실,확정
setup_payoff,E1355,암시,F1251,event_lionheart_04_s,event_lionheart_06_s,event_lionheart,event_lionheart,263,263,추정,확정
callback,E1356,재언급,F807,event_maidinvalentine_prologue,event_perfectmaid_01_s,event_maidinvalentine,event_perfectmaid,175,267,확실,확정
setup_payoff,E1357,암시,F1276,event_perfectmaid_01_s,event_perfectmaid_intermission_01,event_perfectmaid,event_perfectmaid,267,267,확실,확정
setup_payoff,E1358,암시,F1375,event_onemoretime_03_e,event_onemoretime_04_s,event_onemoretime,event_onemoretime,289,289,확실,확정
setup_payoff,E1359,암시,F1375,event_onemoretime_intermission_01,event_onemoretime_04_s,event_onemoretime,event_onemoretime,289,289,확실,확정
setup_payoff,E1360,암시,F1504,event_onemoretime_04_e,ep:d_nikke_clay_01,event_onemoretime,char:551,289,304,추정,확정
setup_payoff,E1361,암시,F1504,event_onemoretime_05_s,ep:d_nikke_clay_01,event_onemoretime,char:551,289,304,추정,확정
callback,E1362,재언급,F1093,ep:d_nikke_quiry_01,event_onemoretime_03_s,char:33,event_onemoretime,240,289,확실,확정
setup_payoff,E1363,암시,F1459,ep:d_nikke_crown_01,ep:d_nikke_crown_05,char:330,char:330,296,296,확실,확정
callback,E1364,재언급,F1445,event_lastkingdom2_06_e,ep:d_nikke_crown_03,event_lastkingdom1,char:330,295,296,추정,확정
callback,E1365,재언급,F1275,event_perfectmaid_02_s,event_goldencoinrush1_01_s,event_perfectmaid,event_goldencoinrush1,267,300,추정,확정
callback,E1366,재언급,F948,ep:d_nikke_blanc_02,event_goldencoinrush1_02_s,char:270,event_goldencoinrush1,205,300,추정,확정
callback,E1366,재언급,F949,ep:d_nikke_noir_01,event_goldencoinrush1_02_s,char:271,event_goldencoinrush1,206,300,추정,확정
callback,E1367,재언급,F946,event_BunnyX777_01_s,event_goldencoinrush1_02_e,event_BunnyX777,event_goldencoinrush1,204,300,확실,확정
callback,E1368,재언급,F650,ep:d_nikke_folkwang_01,event_goldencoinrush2_b01_s,char:242,event_goldencoinrush1,132,300,확실,확정
callback,E1369,재언급,F650,ep:d_nikke_folkwang_01,event_goldencoinrush2_b01_e,char:242,event_goldencoinrush1,132,300,확실,확정
setup_payoff,E1370,암시,F1487,event_goldencoinrush1_06_e,event_goldencoinrush2_02_s,event_goldencoinrush1,event_goldencoinrush1,300,300,확실,확정
callback,E1371,재언급,F1372,event_onemoretime_prologue,event_claymore_01_e,event_onemoretime,event_claymore,289,303,확실,확정
setup_payoff,E1372,암시,F1498,event_claymore_01_s,event_claymore_02_e,event_claymore,event_claymore,303,303,확실,확정
callback,E1373,재언급,F557,ep:d_nikke_milk_04,event_claymore_02_s,char:141,event_claymore,105,303,추정,확정
callback,E1374,재언급,F1498,event_claymore_02_e,event_claymore_03_e,event_claymore,event_claymore,303,303,추정,확정
callback,E1375,재언급,F557,ep:d_nikke_milk_04,event_claymore_04_s,char:141,event_claymore,105,303,확실,확정
setup_payoff,E1376,암시,F1500,event_claymore_05_e,event_claymore_epilogue,event_claymore,event_claymore,303,303,확실,확정
callback,E1377,재언급,F1499,event_claymore_06_s,event_claymore_06_e,event_claymore,event_claymore,303,303,확실,확정
callback,E1378,재언급,F1073,event_schooloflock_05_s,event_juveniledays_01_s,event_schooloflock,event_juveniledays,234,317,추정,확정
setup_payoff,E1379,암시,F1579,event_juveniledays_01_s,event_juveniledays_06_e,event_juveniledays,event_juveniledays,317,317,확실,확정
callback,E1380,재언급,F1086,ep:d_nikke_naga_03,event_juveniledays_01_e,char:450,event_juveniledays,237,317,추정,확정
setup_payoff,E1381,암시,F1581,event_juveniledays_02_e,ep:d_nikke_ein_03,event_juveniledays,char:391,317,318,추정,확정
setup_payoff,E1382,암시,F1583,event_juveniledays_epilogue,event_colorless_01_s,event_juveniledays,event_colorless,317,319,추정,확정
setup_payoff,E1382,암시,F1588,event_juveniledays_epilogue,event_colorless_04_e,event_juveniledays,event_colorless,317,319,추정,확정
setup_payoff,E1383,암시,F1588,event_colorless_prologue,event_colorless_04_e,event_colorless,event_colorless,319,319,확실,확정
callback,E1384,재언급,F1077,event_schooloflock_05_s,event_colorless_01_s,event_schooloflock,event_colorless,234,319,확실,확정
setup_payoff,E1386,암시,F1588,event_colorless_04_s,event_colorless_04_e,event_colorless,event_colorless,319,319,추정,확정
setup_payoff,E1386,암시,F1589,event_colorless_04_s,event_colorless_05_e,event_colorless,event_colorless,319,319,추정,확정
callback,E1387,재언급,F1078,event_schooloflock_epilogue,event_colorless_epilogue,event_schooloflock,event_colorless,234,319,확실,확정
callback,E1387,재언급,Q209,event_colorless_epilogue,event_colorless_epilogue,event_colorless,event_colorless,319,319,확실,확정
callback,E1388,재언급,F800,ep:d_nikke_quency_04,event_phantomthiefvsdetective_prologue,char:402,event_phantomthiefvsdetective,173,328,확실,확정
callback,E1389,재언급,F796,ep:d_nikke_quency_01,event_phantomthiefvsdetective_01_s,char:402,event_phantomthiefvsdetective,173,328,확실,확정
callback,E1390,재언급,F1091,event_freezeacpu_01_e,event_phantomthiefvsdetective_intermission_01,event_freezeacpu,event_phantomthiefvsdetective,239,328,확실,확정
callback,E1391,재언급,F800,ep:d_nikke_quency_04,event_phantomthiefvsdetective_epilogue,char:402,event_phantomthiefvsdetective,173,328,추정,확정
setup_payoff,E1392,암시,F2176,event_phantomthiefvsdetective_epilogue,fl:go_ninja_thief_01,event_phantomthiefvsdetective,fl:go_ninja_thief,328,412,추정,확정
callback,E1393,재언급,F650,ep:d_nikke_folkwang_01,event_lifeagain_intermission_01,char:242,event_lifeagain,132,332,확실,확정
callback,E1394,재언급,F1681,event_oldtales2_03_e,ep:d_nikke_rapunzel_puregrace_04,event_oldtales1,char:226,338,342,추정,확정
callback,E1395,재언급,F1701,erelic:old_tales_lost_09,ep:d_nikke_rapunzel_puregrace_05,erelic:old_tales_lost,char:226,340,342,확실,확정
setup_payoff,E1396,암시,F2828,ep:d_nikke_rapunzel_puregrace_05,d_main_48_03,char:226,ch48,342,472,추정,확정
callback,E1397,재언급,F1158,event_redash2_02_s,ep:d_nikke_grave_01,event_redash,char:514,251,344,확실,확정
setup_payoff,E1398,암시,F1903,ep:d_nikke_grave_04,event_unbreakablesphere2_06_e,char:514,event_unbreakablesphere1,344,377,추정,확정
callback,E1399,재언급,F947,ep:d_nikke_blanc_03,event_secretgarden_03_e,char:270,event_secretgarden,205,345,확실,확정
callback,E1400,재언급,F825,event_bowwowparadise_03_e,event_secretgarden_02_s,event_bowwowparadise,event_secretgarden,181,345,추정,확정
setup_payoff,E1401,암시,F1723,event_secretgarden_intermission_01,event_secretgarden_04_s,event_secretgarden,event_secretgarden,345,345,추정,확정
setup_payoff,E1402,암시,F1731,event_icedragonsaga1_02_s,event_icedragonsaga2_04_e,event_icedragonsaga1,event_icedragonsaga1,347,347,확실,확정
setup_payoff,E1403,암시,F1731,event_icedragonsaga2_01_s,event_icedragonsaga2_04_e,event_icedragonsaga1,event_icedragonsaga1,347,347,확실,확정
setup_payoff,E1404,암시,F1732,event_icedragonsaga2_01_s,event_icedragonsaga2_05_s,event_icedragonsaga1,event_icedragonsaga1,347,347,확실,확정
setup_payoff,E1405,암시,F1735,event_icedragonsaga1_04_e,event_icedragonsaga2_06_e,event_icedragonsaga1,event_icedragonsaga1,347,347,확실,확정
setup_payoff,E1406,암시,F1735,event_icedragonsaga2_02_s,event_icedragonsaga2_06_e,event_icedragonsaga1,event_icedragonsaga1,347,347,확실,확정
setup_payoff,E1407,암시,F1733,event_icedragonsaga1_06_s,event_icedragonsaga2_05_s,event_icedragonsaga1,event_icedragonsaga1,347,347,추정,확정
setup_payoff,E1408,암시,F1733,event_icedragonsaga2_02_e,event_icedragonsaga2_05_s,event_icedragonsaga1,event_icedragonsaga1,347,347,확실,확정
callback,E1409,재언급,F1473,event_darkhero_05_s,event_icedragonsaga2_03_s,event_darkhero,event_icedragonsaga1,298,347,확실,확정
setup_payoff,E1410,암시,F1732,event_icedragonsaga2_03_e,event_icedragonsaga2_05_s,event_icedragonsaga1,event_icedragonsaga1,347,347,확실,확정
setup_payoff,E1411,암시,F1736,event_icedragonsaga2_03_s,event_icedragonsaga2_epilogue,event_icedragonsaga1,event_icedragonsaga1,347,347,확실,확정
callback,E1412,재언급,F1513,event_beautyfullshot2_02_e,event_icedragonsaga2_01_s,event_beautyfullshot1,event_icedragonsaga1,305,347,확실,확정
callback,E1413,재언급,F1478,event_darkhero_epilogue,event_icedragonsaga2_epilogue,event_darkhero,event_icedragonsaga1,298,347,추정,확정
callback,E1413,재언급,F1464,event_darkhero_01_s,event_icedragonsaga2_epilogue,event_darkhero,event_icedragonsaga1,298,347,추정,확정
setup_payoff,E1414,암시,F1733,event_icedragonsaga1_02_e,event_icedragonsaga2_05_s,event_icedragonsaga1,event_icedragonsaga1,347,347,추정,확정
callback,E1415,재언급,F1468,event_darkhero_02_e,event_icedragonsaga2_05_s,event_darkhero,event_icedragonsaga1,298,347,확실,확정
callback,E1416,재언급,F808,event_maidinvalentine_02_e,event_romanticvalentine_02_e,event_maidinvalentine,event_romanticvalentine,175,355,확실,확정
callback,E1417,재언급,F789,ep:d_nikke_sin_01,event_romanticvalentine_01_e,char:401,event_romanticvalentine,171,355,확실,확정
callback,E1417,재언급,F791,ep:d_nikke_sin_04,event_romanticvalentine_01_e,char:401,event_romanticvalentine,171,355,확실,확정
callback,E1418,재언급,F810,event_maidinvalentine_epilogue,event_romanticvalentine_epilogue,event_maidinvalentine,event_romanticvalentine,175,355,확실,확정
setup_payoff,E1419,암시,F1827,fl:for_rest_00,fl:for_rest_12,fl:for_rest,fl:for_rest,365,365,확실,확정
callback,E1420,재언급,F836,event_cherryblossom_06_e,fl:for_rest_00,event_cherryblossom,fl:for_rest,183,365,확실,확정
setup_payoff,E1422,암시,F1827,fl:for_rest_01,fl:for_rest_12,fl:for_rest,fl:for_rest,365,365,확실,확정
setup_payoff,E1423,암시,F1831,fl:for_rest_02,fl:for_rest_07,fl:for_rest,fl:for_rest,365,365,확실,확정
callback,E1424,재언급,F1722,event_secretgarden_prologue,fl:for_rest_03,event_secretgarden,fl:for_rest,345,365,확실,확정
callback,E1424,재언급,F1723,event_secretgarden_04_s,fl:for_rest_03,event_secretgarden,fl:for_rest,345,365,확실,확정
setup_payoff,E1425,암시,F523-2,fl:for_rest_06,fl:for_rest_13,fl:for_rest,fl:for_rest,365,365,추정,확정
callback,E1426,재언급,F523,ep:d_nikke_liter_05,fl:for_rest_07,char:82,fl:for_rest,98,365,확실,확정
setup_payoff,E1427,암시,F1827,fl:for_rest_09,fl:for_rest_12,fl:for_rest,fl:for_rest,365,365,확실,확정
callback,E1428,재언급,F571,ep:d_nikke_centi_03,fl:for_rest_10,char:80,fl:for_rest,110,365,확실,확정
callback,E1429,재언급,F1091,event_freezeacpu_01_e,event_foolburstday_03,event_freezeacpu,event_foolburstday,239,369,확실,확정
callback,E1430,재언급,F1906,erelic:unbreakable_sphere_dialog_13,ep:d_nikke_littlemermaid_03,erelic:unbreakable_sphere_dialog,char:513,378,380,확실,확정
callback,E1431,재언급,F1663,event_oldtales1_01_e,ep:d_nikke_littlemermaid_03,event_oldtales1,char:513,338,380,확실,확정
callback,E1432,재언급,F554,ep:d_nikke_mihara_05,ep:d_nikke_mihara_bondingchain_04,char:161,char:162,104,382,확실,확정
callback,E1433,재언급,F1619,side:wordless_12,ep:d_nikke_mihara_bondingchain_01,side:wordless,char:162,331,382,확실,확정
callback,E1434,재언급,F1898,event_unbreakablesphere2_02_e,ep:d_nikke_mihara_bondingchain_01,event_unbreakablesphere1,char:162,377,382,추정,확정
callback,E1435,재언급,F79,d_main_04af_01,ep:d_nikke_mihara_bondingchain_03,ch04,char:162,15,382,확실,확정
callback,E1436,재언급,F1669,event_oldtales1_intermission_01,ep:d_nikke_mihara_bondingchain_02,event_oldtales1,char:162,338,382,확실,확정
callback,E1437,재언급,F1141,event_redash1_01_e,ep:d_nikke_ce006_03_04,event_redash,char:852,251,388,확실,확정
callback,E1438,재언급,F2128,fl:reborn_evil_09,ep:d_nikke_ce007_01_01,fl:reborn_evil,char:840,407,408,확실,확정
callback,E1439,재언급,F2132,fl:reborn_evil_10,ep:d_nikke_ce007_01_01,fl:reborn_evil,char:840,407,408,확실,확정
callback,E1440,재언급,F2133,fl:reborn_evil_17,ep:d_nikke_ce007_01_05,fl:reborn_evil,char:840,407,408,확실,확정
callback,E1441,재언급,F796,ep:d_nikke_quency_01,fl:go_ninja_thief_02,char:402,fl:go_ninja_thief,173,412,확실,확정
callback,E1442,재언급,F1612,ep:d_nikke_phantom_03,fl:go_ninja_thief_14,char:580,fl:go_ninja_thief,330,412,확실,확정
setup_payoff,E1443,암시,F2354,fl:blank_ticket_05,fl:terminus_ticket_18,fl:blank_ticket,fl:terminus_ticket,423,425,확실,확정
setup_payoff,E1444,암시,Q308,fl:blank_ticket_05,fl:terminus_ticket_26,fl:blank_ticket,fl:terminus_ticket,423,425,확실,확정
setup_payoff,E1447,암시,F2353,fl:blank_ticket_02,fl:terminus_ticket_08,fl:blank_ticket,fl:terminus_ticket,423,425,추정,확정
setup_payoff,E1448,암시,F2356,fl:blank_ticket_11,fl:terminus_ticket_26,fl:blank_ticket,fl:terminus_ticket,423,425,확실,확정
callback,E1449,재언급,F2348,fl:blank_ticket_13,fl:terminus_ticket_00,fl:blank_ticket,fl:terminus_ticket,423,425,확실,확정
setup_payoff,E1450,암시,F2354,fl:terminus_ticket_04,fl:terminus_ticket_18,fl:terminus_ticket,fl:terminus_ticket,425,425,추정,확정
setup_payoff,E1451,암시,F2356,fl:terminus_ticket_07,fl:terminus_ticket_26,fl:terminus_ticket,fl:terminus_ticket,425,425,추정,확정
callback,E1452,재언급,F2899,fl:blank_ticket_13,fl:terminus_ticket_08,fl:blank_ticket,fl:terminus_ticket,423,425,확실,확정
callback,E1453,재언급,F2901,fl:blank_ticket_00,fl:terminus_ticket_09,fl:blank_ticket,fl:terminus_ticket,423,425,확실,확정
setup_payoff,E1454,암시,F2902,fl:terminus_ticket_09,fl:terminus_ticket_18,fl:terminus_ticket,fl:terminus_ticket,425,425,확실,확정
callback,E1455,재언급,F484,ep:d_nikke_diesel_02,fl:terminus_ticket_15,char:72,fl:terminus_ticket,93,425,확실,확정
setup_payoff,E1456,암시,F2354,fl:terminus_ticket_16,fl:terminus_ticket_18,fl:terminus_ticket,fl:terminus_ticket,425,425,확실,확정
callback,E1457,재언급,F2347,fl:blank_ticket_10,fl:terminus_ticket_17,fl:blank_ticket,fl:terminus_ticket,423,425,확실,확정
callback,E1458,재언급,F2900,fl:blank_ticket_12,fl:terminus_ticket_21,fl:blank_ticket,fl:terminus_ticket,423,425,확실,확정
callback,E1459,재언급,F2901,fl:blank_ticket_00,fl:terminus_ticket_22,fl:blank_ticket,fl:terminus_ticket,423,425,확실,확정
callback,E1460,재언급,F486,ep:d_nikke_diesel_02,fl:terminus_ticket_24,char:72,fl:terminus_ticket,93,425,확실,확정
callback,E1461,재언급,F590,ep:d_nikke_anis_02,fl:terminus_ticket_25,char:12,fl:terminus_ticket,115,425,확실,확정
callback,E1462,재언급,F2899,fl:blank_ticket_13,fl:terminus_ticket_26,fl:blank_ticket,fl:terminus_ticket,423,425,확실,확정
callback,E1463,재언급,F2900,fl:blank_ticket_12,fl:terminus_ticket_27,fl:blank_ticket,fl:terminus_ticket,423,425,확실,확정
setup_payoff,E1464,암시,F2392,fl:fatal_maid_00,fl:fatal_maid_12,fl:fatal_maid,fl:fatal_maid,432,432,확실,확정
setup_payoff,E1465,암시,F2388,fl:fatal_maid_03,fl:fatal_maid_04,fl:fatal_maid,fl:fatal_maid,432,432,확실,확정
callback,E1466,재언급,Q279,fl:coins_in_rush_16,fl:fatal_maid_04,fl:coins_in_rush,fl:fatal_maid,404,432,확실,확정
callback,E1466,재언급,F2118,fl:coins_in_rush_16,fl:fatal_maid_04,fl:coins_in_rush,fl:fatal_maid,404,432,확실,확정
setup_payoff,E1467,암시,F2390,fl:fatal_maid_08,fl:fatal_maid_09,fl:fatal_maid,fl:fatal_maid,432,432,확실,확정
callback,E1468,재언급,F2119,fl:coins_in_rush_13,fl:fatal_maid_10,fl:coins_in_rush,fl:fatal_maid,404,432,확실,확정
callback,E1469,재언급,F2116,fl:coins_in_rush_02,fl:fatal_maid_10,fl:coins_in_rush,fl:fatal_maid,404,432,확실,확정
callback,E1470,재언급,F2388,fl:fatal_maid_04,fl:fatal_maid_13,fl:fatal_maid,fl:fatal_maid,432,432,추정,확정
callback,E1471,재언급,F1782,event_romanticvalentine_02_s,fl:lie_cause_recoil_04,event_romanticvalentine,fl:lie_cause_recoil,355,438,확실,확정
setup_payoff,E1472,암시,F2477,fl:lie_cause_recoil_06,fl:lie_cause_recoil_17,fl:lie_cause_recoil,fl:lie_cause_recoil,438,438,추정,확정
setup_payoff,E1473,암시,F2477,fl:lie_cause_recoil_06,fl:lie_cause_recoil_17,fl:lie_cause_recoil,fl:lie_cause_recoil,438,438,확실,확정
setup_payoff,E1474,암시,F2478,fl:lie_cause_recoil_08,fl:lie_cause_recoil_19,fl:lie_cause_recoil,fl:lie_cause_recoil,438,438,추정,확정
setup_payoff,E1475,암시,F2477,fl:lie_cause_recoil_11,fl:lie_cause_recoil_17,fl:lie_cause_recoil,fl:lie_cause_recoil,438,438,확실,확정
callback,E1476,재언급,F693,sub:제니퍼f_00,fl:lie_cause_recoil_12,sub:제니퍼f_00,fl:lie_cause_recoil,79,438,확실,확정
setup_payoff,E1477,암시,F2477,fl:lie_cause_recoil_12,fl:lie_cause_recoil_17,fl:lie_cause_recoil,fl:lie_cause_recoil,438,438,확실,확정
setup_payoff,E1478,암시,F2477,fl:lie_cause_recoil_15,fl:lie_cause_recoil_17,fl:lie_cause_recoil,fl:lie_cause_recoil,438,438,추정,확정
setup_payoff,E1479,암시,F2481,fl:lie_cause_recoil_17,fl:lie_cause_recoil_25,fl:lie_cause_recoil,fl:lie_cause_recoil,438,438,확실,확정
setup_payoff,E1480,암시,F2480,fl:lie_cause_recoil_19,fl:lie_cause_recoil_22,fl:lie_cause_recoil,fl:lie_cause_recoil,438,438,확실,확정
callback,E1481,재언급,F2472,fl:lie_cause_recoil_06,fl:lie_cause_recoil_20,fl:lie_cause_recoil,fl:lie_cause_recoil,438,438,확실,확정
callback,E1482,재언급,F1584,event_colorless_02_s,fl:2x2_love_1ch_01,event_colorless,fl:2x2_love_1ch,319,444,확실,확정
setup_payoff,E1483,암시,F2514,fl:2x2_love_1ch_01,fl:2x2_love_1ch_15,fl:2x2_love_1ch,fl:2x2_love_1ch,444,444,확실,확정
callback,E1484,재언급,F1946,ep:d_nikke_arcana_04,fl:2x2_love_1ch_01,char:581,fl:2x2_love_1ch,384,444,확실,확정
callback,E1485,재언급,F943,ep:d_nikke_rei_01,fl:2x2_love_1ch_04,char:392,fl:2x2_love_1ch,203,444,추정,확정
callback,E1486,재언급,Q225,event_wisdomspring_05_e,fl:2x2_love_1ch_05,event_wisdomspring,fl:2x2_love_1ch,353,444,추정,확정
callback,E1487,재언급,F1935,event_arcanearchive_05_e,fl:2x2_love_1ch_06,event_arcanearchive,fl:2x2_love_1ch,383,444,확실,확정
callback,E1487,재언급,Q225,event_wisdomspring_05_e,fl:2x2_love_1ch_06,event_wisdomspring,fl:2x2_love_1ch,353,444,확실,확정
callback,E1488,재언급,F1279,ep:d_nikke_privaty_unkindmaid_01,fl:2x2_love_1ch_07,char:313,fl:2x2_love_1ch,268,444,확실,확정
callback,E1489,재언급,F1946,ep:d_nikke_arcana_04,fl:2x2_love_1ch_11,char:581,fl:2x2_love_1ch,384,444,추정,확정
callback,E1490,재언급,F1927,event_arcanearchive_01_s,fl:2x2_love_1ch_11,event_arcanearchive,fl:2x2_love_1ch,383,444,확실,확정
setup_payoff,E1491,암시,F2534,fl:2x2_love_1ch_11,fl:2x2_love_2ch_47,fl:2x2_love_1ch,fl:2x2_love_2ch,444,445,추정,확정
setup_payoff,E1492,암시,F2512,fl:2x2_love_1ch_13,fl:2x2_love_1ch_16,fl:2x2_love_1ch,fl:2x2_love_1ch,444,444,확실,확정
setup_payoff,E1493,암시,F2525,fl:2x2_love_1ch_13,fl:2x2_love_2ch_03,fl:2x2_love_1ch,fl:2x2_love_2ch,444,445,추정,확정
setup_payoff,E1494,암시,F2520,fl:2x2_love_1ch_19,fl:2x2_love_1ch_39,fl:2x2_love_1ch,fl:2x2_love_1ch,444,444,확실,확정
setup_payoff,E1495,암시,F2519,fl:2x2_love_1ch_19,fl:2x2_love_1ch_26,fl:2x2_love_1ch,fl:2x2_love_1ch,444,444,추정,확정
callback,E1496,재언급,F2514,fl:2x2_love_1ch_15,fl:2x2_love_1ch_20,fl:2x2_love_1ch,fl:2x2_love_1ch,444,444,확실,확정
callback,E1497,재언급,F1946,ep:d_nikke_arcana_04,fl:2x2_love_1ch_20,char:581,fl:2x2_love_1ch,384,444,확실,확정
callback,E1498,재언급,F1275,event_perfectmaid_02_s,fl:2x2_love_1ch_21,event_perfectmaid,fl:2x2_love_1ch,267,444,확실,확정
callback,E1499,재언급,F2513,fl:2x2_love_1ch_06,fl:2x2_love_1ch_26,fl:2x2_love_1ch,fl:2x2_love_1ch,444,444,확실,확정
callback,E1500,재언급,Q225,event_wisdomspring_05_e,fl:2x2_love_1ch_27,event_wisdomspring,fl:2x2_love_1ch,353,444,추정,확정
setup_payoff,E1501,암시,F2520,fl:2x2_love_1ch_28,fl:2x2_love_1ch_39,fl:2x2_love_1ch,fl:2x2_love_1ch,444,444,추정,확정
callback,E1502,재언급,F2514,fl:2x2_love_1ch_15,fl:2x2_love_1ch_33,fl:2x2_love_1ch,fl:2x2_love_1ch,444,444,확실,확정
setup_payoff,E1503,암시,F2522,fl:2x2_love_1ch_39,fl:2x2_love_1ch_53,fl:2x2_love_1ch,fl:2x2_love_1ch,444,444,확실,확정
callback,E1504,재언급,F1926,event_arcanearchive_prologue,fl:2x2_love_1ch_39,event_arcanearchive,fl:2x2_love_1ch,383,444,추정,확정
callback,E1505,재언급,Q324,d_main_44_01,fl:2x2_love_1ch_44,ch44,fl:2x2_love_1ch,436,444,확실,확정
callback,E1506,재언급,Q329,fl:2x2_love_1ch_25,fl:2x2_love_1ch_51,fl:2x2_love_1ch,fl:2x2_love_1ch,444,444,확실,확정
callback,E1507,재언급,F1279,ep:d_nikke_privaty_unkindmaid_01,fl:2x2_love_2ch_17,char:313,fl:2x2_love_2ch,268,445,확실,확정
callback,E1508,재언급,F1834,event_newflavor_01_s,fl:2x2_love_2ch_18,event_newflavor,fl:2x2_love_2ch,367,445,확실,확정
callback,E1509,재언급,F1927,event_arcanearchive_01_s,fl:2x2_love_2ch_31,event_arcanearchive,fl:2x2_love_2ch,383,445,확실,확정
callback,E1510,재언급,F2018,ep:d_nikke_sora_01,fl:2x2_love_2ch_14,char:532,fl:2x2_love_2ch,392,445,확실,확정
callback,E1511,재언급,Q225,event_wisdomspring_05_e,fl:2x2_love_2ch_15,event_wisdomspring,fl:2x2_love_2ch,353,445,추정,확정
callback,E1512,재언급,F2525,fl:2x2_love_2ch_03,fl:2x2_love_2ch_15,fl:2x2_love_2ch,fl:2x2_love_2ch,445,445,확실,확정
callback,E1513,재언급,F1277,event_perfectmaid_04_e,fl:2x2_love_2ch_23,event_perfectmaid,fl:2x2_love_2ch,267,445,추정,확정
callback,E1514,재언급,F1946,ep:d_nikke_arcana_04,fl:2x2_love_2ch_34,char:581,fl:2x2_love_2ch,384,445,확실,확정
callback,E1515,재언급,F1930,event_arcanearchive_04_s,fl:2x2_love_2ch_36,event_arcanearchive,fl:2x2_love_2ch,383,445,확실,확정
callback,E1516,재언급,F1279,ep:d_nikke_privaty_unkindmaid_01,fl:2x2_love_2ch_38,char:313,fl:2x2_love_2ch,268,445,추정,확정
callback,E1517,재언급,F2515,fl:2x2_love_1ch_21,fl:2x2_love_2ch_43,fl:2x2_love_1ch,fl:2x2_love_2ch,444,445,확실,확정
callback,E1518,재언급,F1946,ep:d_nikke_arcana_04,fl:2x2_love_2ch_44,char:581,fl:2x2_love_2ch,384,445,추정,확정
callback,E1519,재언급,F1933,event_arcanearchive_05_s,fl:2x2_love_2ch_47,event_arcanearchive,fl:2x2_love_2ch,383,445,추정,확정
callback,E1519,재언급,F1927,event_arcanearchive_01_s,fl:2x2_love_2ch_47,event_arcanearchive,fl:2x2_love_2ch,383,445,추정,확정
callback,E1520,재언급,F943,ep:d_nikke_rei_01,fl:2x2_love_2ch_49,char:392,fl:2x2_love_2ch,203,445,확실,확정
callback,E1521,재언급,F1943,ep:d_nikke_arcana_02,fl:2x2_love_2ch_62,char:581,fl:2x2_love_2ch,384,445,확실,확정
callback,E1522,재언급,F2396,d_main_43_03,ep:d_nikke_neon_visioneye_02,ch43,char:18,434,457,확실,확정
callback,E1523,재언급,F2406,d_main_43_13,ep:d_nikke_neon_visioneye_04,ch43,char:18,434,457,확실,확정
callback,E1523,재언급,F2407,d_main_43_13,ep:d_nikke_neon_visioneye_04,ch43,char:18,434,457,확실,확정
callback,E1524,재언급,F2893,d_main_43_08,ep:d_nikke_neon_visioneye_05,ch43,char:18,434,457,확실,확정
callback,E1524,재언급,F2407,d_main_43_13,ep:d_nikke_neon_visioneye_05,ch43,char:18,434,457,확실,확정
setup_payoff,E1525,암시,F2718,fl:b-side_idol_01,fl:b-side_idol_12,fl:b-side_idol,fl:b-side_idol,458,458,확실,확정
setup_payoff,E1526,암시,F2717,fl:b-side_idol_01,fl:b-side_idol_11,fl:b-side_idol,fl:b-side_idol,458,458,추정,확정
setup_payoff,E1527,암시,F2717,fl:b-side_idol_04,fl:b-side_idol_11,fl:b-side_idol,fl:b-side_idol,458,458,확실,확정
setup_payoff,E1528,암시,F2717,fl:b-side_idol_10,fl:b-side_idol_11,fl:b-side_idol,fl:b-side_idol,458,458,확실,확정
callback,E1529,재언급,F1874,d_main_38_05_s,fl:b-side_idol_09,ch38,fl:b-side_idol,375,458,추정,확정
setup_payoff,E1530,암시,F2721,fl:b-side_idol_12,fl:bitter_spice_01,fl:b-side_idol,fl:bitter_spice,458,460,확실,확정
callback,E1531,재언급,F2708,event_staranis2_epilogue,fl:b-side_idol_14,event_staranis1,fl:b-side_idol,454,458,확실,확정
setup_payoff,E1532,암시,F2723,fl:b-side_idol_14,fl:bitter_spice_06,fl:b-side_idol,fl:bitter_spice,458,460,추정,확정
setup_payoff,E1533,암시,F2724,fl:bitter_spice_01,fl:bitter_spice_07,fl:bitter_spice,fl:bitter_spice,460,460,확실,확정
callback,E1534,재언급,F1818,d_main_36_08_s,fl:bitter_spice_01,ch36,fl:bitter_spice,360,460,추정,확정
setup_payoff,E1535,암시,F2725,fl:bitter_spice_04,ep:d_nikke_prika_01,fl:bitter_spice,char:601,460,461,추정,확정
callback,E1536,재언급,F2697,event_staranis2_intermission_01,fl:bitter_spice_05,event_staranis1,fl:bitter_spice,454,460,확실,확정
callback,E1537,재언급,F2717,fl:b-side_idol_11,fl:bitter_spice_07,fl:b-side_idol,fl:bitter_spice,458,460,확실,확정
callback,E1538,재언급,F2669,event_staranis1_01_s,fl:bitter_spice_09,event_staranis1,fl:bitter_spice,454,460,추정,확정
callback,E1539,재언급,F1874,d_main_38_05_s,fl:bitter_spice_13,ch38,fl:bitter_spice,375,460,추정,확정
callback,E1540,재언급,F1587,event_colorless_05_s,fl:wave_to_you_00,event_colorless,fl:wave_to_you,319,464,확실,확정
callback,E1541,재언급,F1078,event_schooloflock_epilogue,fl:wave_to_you_00,event_schooloflock,fl:wave_to_you,234,464,확실,확정
setup_payoff,E1542,암시,F2759,fl:wave_to_you_00,fl:wave_to_you_19,fl:wave_to_you,fl:wave_to_you,464,464,확실,확정
setup_payoff,E1543,암시,F2753,fl:wave_to_you_00,fl:wave_to_you_07,fl:wave_to_you,fl:wave_to_you,464,464,확실,확정
setup_payoff,E1544,암시,F2762,fl:wave_to_you_04,fl:wave_to_you_24,fl:wave_to_you,fl:wave_to_you,464,464,확실,확정
setup_payoff,E1545,암시,F2755,fl:wave_to_you_04,fl:wave_to_you_13,fl:wave_to_you,fl:wave_to_you,464,464,확실,확정
callback,E1546,재언급,F1075,event_schooloflock_intermission_01,fl:wave_to_you_06,event_schooloflock,fl:wave_to_you,234,464,확실,확정
setup_payoff,E1547,암시,F2757,fl:wave_to_you_06,fl:wave_to_you_15,fl:wave_to_you,fl:wave_to_you,464,464,확실,확정
callback,E1548,재언급,F944,ep:d_nikke_rei_02,fl:wave_to_you_07,char:392,fl:wave_to_you,203,464,확실,확정
callback,E1549,재언급,F1085,ep:d_nikke_naga_03,fl:wave_to_you_09,char:450,fl:wave_to_you,237,464,확실,확정
setup_payoff,E1550,암시,F2757,fl:wave_to_you_09,fl:wave_to_you_15,fl:wave_to_you,fl:wave_to_you,464,464,확실,확정
callback,E1551,재언급,F1089,ep:d_nikke_tia_01,fl:wave_to_you_09,char:451,fl:wave_to_you,238,464,확실,확정
setup_payoff,E1552,암시,F2903,fl:wave_to_you_10,fl:wave_to_you_25,fl:wave_to_you,fl:wave_to_you,464,464,확실,확정
callback,E1553,재언급,F1692,event_oldtales2_epilogue,fl:wave_to_you_12,event_oldtales1,fl:wave_to_you,338,464,확실,확정
callback,E1554,재언급,F1086,ep:d_nikke_naga_03,fl:wave_to_you_17,char:450,fl:wave_to_you,237,464,추정,확정
callback,E1555,재언급,F1903,event_unbreakablesphere2_06_e,fl:wave_to_you_19,event_unbreakablesphere1,fl:wave_to_you,377,464,확실,확정
setup_payoff,E1556,암시,F2903,fl:wave_to_you_23,fl:wave_to_you_25,fl:wave_to_you,fl:wave_to_you,464,464,확실,확정
callback,E1557,재언급,F1086,ep:d_nikke_naga_03,fl:wave_to_you_26,char:450,fl:wave_to_you,237,464,확실,확정
callback,E1558,재언급,F1904,erelic:unbreakable_sphere_dialog_01,fl:wave_to_you_05,erelic:unbreakable_sphere_dialog,fl:wave_to_you,378,464,확실,확정
callback,E1559,재언급,F1608,event_phantomthiefvsdetective_prologue,fl:persona_on_frontline_01,event_phantomthiefvsdetective,fl:persona_on_frontline,328,474,확실,확정
setup_payoff,E1560,암시,F2857,fl:persona_on_frontline_02,fl:persona_on_frontline_09,fl:persona_on_frontline,fl:persona_on_frontline,474,474,확실,확정
callback,E1561,재언급,F2681,event_staranis1_05_e,fl:persona_on_frontline_05,event_staranis1,fl:persona_on_frontline,454,474,추정,확정
callback,E1562,재언급,F2116,fl:coins_in_rush_02,fl:persona_on_frontline_07,fl:coins_in_rush,fl:persona_on_frontline,404,474,확실,확정
callback,E1562,재언급,F2390,fl:fatal_maid_09,fl:persona_on_frontline_07,fl:fatal_maid,fl:persona_on_frontline,432,474,확실,확정
setup_payoff,E1563,암시,F2864,fl:persona_on_frontline_07,fl:persona_on_frontline_25,fl:persona_on_frontline,fl:persona_on_frontline,474,474,추정,확정
callback,E1564,재언급,F2855,fl:persona_on_frontline_07,fl:persona_on_frontline_11,fl:persona_on_frontline,fl:persona_on_frontline,474,474,추정,확정
callback,E1565,재언급,F2115,fl:coins_in_rush_00,fl:persona_on_frontline_11,fl:coins_in_rush,fl:persona_on_frontline,404,474,확실,확정
callback,E1565,재언급,F2123,ep:d_nikke_ade_agentbunny_01,fl:persona_on_frontline_11,char:315,fl:persona_on_frontline,405,474,확실,확정
callback,E1566,재언급,F2116,fl:coins_in_rush_02,fl:persona_on_frontline_13,fl:coins_in_rush,fl:persona_on_frontline,404,474,확실,확정
callback,E1566,재언급,F2390,fl:fatal_maid_09,fl:persona_on_frontline_13,fl:fatal_maid,fl:persona_on_frontline,432,474,확실,확정
setup_payoff,E1567,암시,F2905,fl:persona_on_frontline_13,fl:persona_on_frontline_22,fl:persona_on_frontline,fl:persona_on_frontline,474,474,확실,확정
setup_payoff,E1568,암시,F2866,fl:persona_on_frontline_13,fl:persona_on_frontline_26,fl:persona_on_frontline,fl:persona_on_frontline,474,474,추정,확정
callback,E1569,재언급,F136,sub:콜렉터_00,fl:persona_on_frontline_14,sub:콜렉터_00,fl:persona_on_frontline,7,474,확실,확정
callback,E1569,재언급,F596,ep:d_nikke_anis_04,fl:persona_on_frontline_14,char:12,fl:persona_on_frontline,115,474,확실,확정
setup_payoff,E1570,암시,F2904,fl:persona_on_frontline_16,fl:persona_on_frontline_24,fl:persona_on_frontline,fl:persona_on_frontline,474,474,확실,확정
setup_payoff,E1571,암시,F2866,fl:persona_on_frontline_16,fl:persona_on_frontline_26,fl:persona_on_frontline,fl:persona_on_frontline,474,474,확실,확정
setup_payoff,E1572,암시,F2866,fl:persona_on_frontline_18,fl:persona_on_frontline_26,fl:persona_on_frontline,fl:persona_on_frontline,474,474,추정,확정
callback,E1573,재언급,F2391,fl:fatal_maid_11,fl:persona_on_frontline_19,fl:fatal_maid,fl:persona_on_frontline,432,474,확실,확정
callback,E1574,재언급,F546,ep:d_nikke_miranda_01,fl:persona_on_frontline_19,char:32,fl:persona_on_frontline,102,474,확실,확정
callback,E1575,재언급,F2123,ep:d_nikke_ade_agentbunny_01,fl:persona_on_frontline_19,char:315,fl:persona_on_frontline,405,474,확실,확정
setup_payoff,E1576,암시,F2904,fl:persona_on_frontline_19,fl:persona_on_frontline_24,fl:persona_on_frontline,fl:persona_on_frontline,474,474,확실,확정
setup_payoff,E1577,암시,F2904,fl:persona_on_frontline_21,fl:persona_on_frontline_24,fl:persona_on_frontline,fl:persona_on_frontline,474,474,확실,확정
callback,E1578,재언급,F2681,event_staranis1_05_e,fl:persona_on_frontline_23,event_staranis1,fl:persona_on_frontline,454,474,추정,확정
setup_payoff,E1579,암시,F2866,fl:persona_on_frontline_25,fl:persona_on_frontline_26,fl:persona_on_frontline,fl:persona_on_frontline,474,474,확실,확정
callback,E1580,재언급,F2390,fl:fatal_maid_09,fl:persona_on_frontline_25,fl:fatal_maid,fl:persona_on_frontline,432,474,확실,확정
setup_payoff,E1581,암시,F2869,fl:persona_on_frontline_27,ep:d_nikke_ce009_03_01,fl:persona_on_frontline,char:872,474,475,확실,확정
setup_payoff,E1582,암시,F2871,fl:persona_on_frontline_27,ep:d_nikke_ce009_02_01,fl:persona_on_frontline,char:871,474,477,확실,확정
setup_payoff,E1583,암시,F2870,fl:persona_on_frontline_27,ep:d_nikke_ce009_01_01,fl:persona_on_frontline,char:870,474,476,확실,확정
setup_payoff,E1584,암시,F2906,fl:great_villain_union_00,fl:great_villain_union_14,fl:great_villain_union,fl:great_villain_union,478,478,확실,확정
callback,E1585,재언급,F476,ep:d_nikke_drake_01,fl:great_villain_union_01,char:101,fl:great_villain_union,92,478,확실,확정
callback,E1586,재언급,F481,ep:d_nikke_drake_05,fl:great_villain_union_02,char:101,fl:great_villain_union,92,478,추정,확정
callback,E1587,재언급,F2213,d_main_42_01,fl:great_villain_union_02,ch42,fl:great_villain_union,416,478,확실,확정
callback,E1588,재언급,F2248,d_main_42_af_08,fl:great_villain_union_04,ch42,fl:great_villain_union,416,478,확실,확정
callback,E1589,재언급,F2227,d_main_42_07,fl:great_villain_union_06,ch42,fl:great_villain_union,416,478,추정,확정
callback,E1589,재언급,F2197,d_main_41_09,fl:great_villain_union_06,ch41,fl:great_villain_union,414,478,추정,확정
callback,E1590,재언급,F2873,fl:great_villain_union_08,fl:great_villain_union_12,fl:great_villain_union,fl:great_villain_union,478,478,확실,확정
callback,E1590,재언급,F2876,fl:great_villain_union_08,fl:great_villain_union_12,fl:great_villain_union,fl:great_villain_union,478,478,확실,확정
callback,E1591,재언급,F1878,d_main_38_09_s,fl:great_villain_union_13,ch38,fl:great_villain_union,375,478,확실,확정
callback,E1591,재언급,F2220,d_main_42_03,fl:great_villain_union_13,ch42,fl:great_villain_union,416,478,확실,확정
setup_payoff,E1592,암시,F2409,ep:d_nikke_neon_03,d_main_43_14,char:11,ch43,86,434,추정,확정
setup_payoff,E1593,암시,F2893,ep:d_nikke_neon_05,d_main_43_08,char:11,ch43,86,434,추정,확정
setup_payoff,E1594,암시,F1776,ep:d_nikke_ether_01,event_wisdomspring_epilogue,char:291,event_wisdomspring,120,353,확실,확정
setup_payoff,E1595,암시,F623,ep:d_nikke_emma_01,ep:d_nikke_emma_02,char:90,char:90,123,123,추정,확정
setup_payoff,E1596,암시,F730,ep:d_nikke_n102_04,event_miraclesnow2_06_e,char:120,event_miraclesnow1,137,153,추정,확정
setup_payoff,E1597,암시,F730,ep:d_nikke_n102_05,event_miraclesnow2_06_e,char:120,event_miraclesnow1,137,153,추정,확정
setup_payoff,E1598,암시,F1056,ep:d_nikke_helm_04,event_seayouagain2_06_s,char:352,event_seayouagain1,139,226,추정,확정
setup_payoff,E1599,암시,F1056,ep:d_nikke_helm_05,event_seayouagain2_06_s,char:352,event_seayouagain1,139,226,추정,확정
setup_payoff,E1600,암시,F2786,ep:d_nikke_laplace_05,fl:project_matis_14,char:100,fl:project_matis,152,467,추정,확정
setup_payoff,E1601,암시,F1015,ep:d_nikke_viper_05,d_main_24_07_s,char:112,ch24,174,219,추정,확정
setup_payoff,E1602,암시,F2558,ep:d_nikke_c_1_05,side:pretty_star_14,char:800,side:pretty_star,178,447,추정,확정
setup_payoff,E1603,암시,Q78,ep:d_nikke_c_1_05,event_newflavor_06_s,char:800,event_newflavor,178,367,추정,확정
setup_payoff,E1604,암시,F947,event_BunnyX777_intermission_01,ep:d_nikke_blanc_03,event_BunnyX777,char:270,204,205,추정,확정
setup_payoff,E1605,암시,F982,event_nyanyaparadise_05_e,ep:d_nikke_nero_04,event_nyanyaparadise,char:380,212,213,추정,확정
setup_payoff,E1606,암시,F982,event_nyanyaparadise_06_s,ep:d_nikke_nero_04,event_nyanyaparadise,char:380,212,213,추정,확정
setup_payoff,E1607,암시,F1065,event_firstaffection_07,event_firstaffection_08,event_firstaffection,event_firstaffection,230,230,확실,확정
callback,E1608,재언급,Q24,d_main_06_02,ep:d_nikke_tove_03,ch06,char:192,26,257,확실,확정
callback,E1609,재언급,Q24,d_main_06_02,ep:d_nikke_tove_05,ch06,char:192,26,257,확실,확정
callback,E1610,재언급,F1216,event_neverland2_01_e,ep:d_nikke_ludmilla_winterowner_04,event_neverland1,char:194,258,259,추정,확정
callback,E1611,재언급,F1218,event_neverland2_04_s,ep:d_nikke_ludmilla_winterowner_04,event_neverland1,char:194,258,259,확실,확정
setup_payoff,E1612,암시,F1596,ep:d_nikke_ein_01,ep:d_nikke_ce004_04_02,char:391,char:833,318,321,추정,확정
callback,E1613,재언급,Q133,ep:d_nikke_blanc_05,event_jinxplayer_05_e,char:270,event_jinxplayer,205,325,추정,확정
setup_payoff,E1614,암시,F1612,ep:d_nikke_phantom_01,ep:d_nikke_phantom_03,char:580,char:580,330,330,확실,확정
setup_payoff,E1615,암시,F1612,ep:d_nikke_phantom_02,ep:d_nikke_phantom_03,char:580,char:580,330,330,확실,확정
setup_payoff,E1616,암시,F1903,ep:d_nikke_cinderella_04,event_unbreakablesphere2_06_e,char:511,event_unbreakablesphere1,343,377,추정,확정
callback,E1617,재언급,F1903,event_unbreakablesphere2_06_e,ep:d_nikke_mori_05,event_unbreakablesphere1,char:590,377,381,추정,확정
setup_payoff,E1618,암시,F2642,ep:d_nikke_dorothy_serendipity_04,d_main_46_af_03,char:234,ch46,394,452,추정,확정
callback,E1619,재언급,F589-2,event_boomsday_intermission_01,ep:d_nikke_eleggboomandshock_05,event_boomsday,char:502,280,395,추정,확정
callback,E1620,재언급,F872,d_main_21af_02,ep:d_nikke_ce007_02_02,ch21,char:841,189,410,확실,확정
callback,E1621,재언급,F2318,event_goddessfall2_epilogue,ep:d_nikke_nayuta_02,event_goddessfall1,char:223,418,420,추정,확정
callback,E1622,재언급,F2157,side:eden_spear_03,ep:d_nikke_nayuta_03,side:eden_spear,char:223,411,420,추정,확정
callback,E1623,재언급,F2313,event_goddessfall2_06_e,ep:d_nikke_nayuta_03,event_goddessfall1,char:223,418,420,추정,확정
setup_payoff,E1624,암시,F2633,ep:d_nikke_nayuta_05,d_main_46_11,char:223,ch46,420,452,추정,확정
callback,E1625,재언급,Q193,ep:d_nikke_crown_03,ep:d_nikke_chime_02,char:330,char:331,296,421,추정,확정
callback,E1626,재언급,F1437,event_lastkingdom1_05_s,ep:d_nikke_chime_04,event_lastkingdom1,char:331,295,421,확실,확정
callback,E1627,재언급,F2169,side:eden_spear_10,ep:d_nikke_liberalio_05,side:eden_spear,char:262,411,422,추정,확정
callback,E1628,재언급,F933,erelic:white_memory_20,ep:d_nikke_snowwhite_heavyarms_02,erelic:white_memory,char:471,201,429,확실,확정
callback,E1629,재언급,F908,event_overzone_prologue,ep:d_nikke_snowwhite_heavyarms_05,event_overzone,char:471,200,429,확실,확정
callback,E1630,재언급,F2488,fl:enter_heaven_04,ep:d_nikke_eh_01,fl:enter_heaven,char:113,442,443,확실,확정
callback,E1631,재언급,F597,ep:d_nikke_anis_05,ep:d_nikke_anis_star_02,char:12,char:17,115,455,확실,확정
callback,E1631,재언급,F589,ep:d_nikke_anis_01,ep:d_nikke_anis_star_02,char:12,char:17,115,455,확실,확정
callback,E1632,재언급,F594,ep:d_nikke_anis_03,ep:d_nikke_anis_star_04,char:12,char:17,115,455,확실,확정
callback,E1633,재언급,F530,ep:d_nikke_maxwell_03,ep:d_nikke_maxwell_mechanic_01,char:102,char:105,99,469,확실,확정
callback,E1634,재언급,F1931,event_arcanearchive_04_e,ep:d_nikke_ce009_01_05,event_arcanearchive,char:870,383,476,추정,확정
